  
 set  T_H_TD  :=  		 
(	1	,	1	,	1	)
(	2	,	2	,	1	)
(	3	,	3	,	1	)
(	4	,	4	,	1	)
(	5	,	5	,	1	)
(	6	,	6	,	1	)
(	7	,	7	,	1	)
(	8	,	8	,	1	)
(	9	,	9	,	1	)
(	10	,	10	,	1	)
(	11	,	11	,	1	)
(	12	,	12	,	1	)
(	13	,	13	,	1	)
(	14	,	14	,	1	)
(	15	,	15	,	1	)
(	16	,	16	,	1	)
(	17	,	17	,	1	)
(	18	,	18	,	1	)
(	19	,	19	,	1	)
(	20	,	20	,	1	)
(	21	,	21	,	1	)
(	22	,	22	,	1	)
(	23	,	23	,	1	)
(	24	,	24	,	1	)
(	25	,	1	,	1	)
(	26	,	2	,	1	)
(	27	,	3	,	1	)
(	28	,	4	,	1	)
(	29	,	5	,	1	)
(	30	,	6	,	1	)
(	31	,	7	,	1	)
(	32	,	8	,	1	)
(	33	,	9	,	1	)
(	34	,	10	,	1	)
(	35	,	11	,	1	)
(	36	,	12	,	1	)
(	37	,	13	,	1	)
(	38	,	14	,	1	)
(	39	,	15	,	1	)
(	40	,	16	,	1	)
(	41	,	17	,	1	)
(	42	,	18	,	1	)
(	43	,	19	,	1	)
(	44	,	20	,	1	)
(	45	,	21	,	1	)
(	46	,	22	,	1	)
(	47	,	23	,	1	)
(	48	,	24	,	1	)
(	49	,	1	,	1	)
(	50	,	2	,	1	)
(	51	,	3	,	1	)
(	52	,	4	,	1	)
(	53	,	5	,	1	)
(	54	,	6	,	1	)
(	55	,	7	,	1	)
(	56	,	8	,	1	)
(	57	,	9	,	1	)
(	58	,	10	,	1	)
(	59	,	11	,	1	)
(	60	,	12	,	1	)
(	61	,	13	,	1	)
(	62	,	14	,	1	)
(	63	,	15	,	1	)
(	64	,	16	,	1	)
(	65	,	17	,	1	)
(	66	,	18	,	1	)
(	67	,	19	,	1	)
(	68	,	20	,	1	)
(	69	,	21	,	1	)
(	70	,	22	,	1	)
(	71	,	23	,	1	)
(	72	,	24	,	1	)
(	73	,	1	,	1	)
(	74	,	2	,	1	)
(	75	,	3	,	1	)
(	76	,	4	,	1	)
(	77	,	5	,	1	)
(	78	,	6	,	1	)
(	79	,	7	,	1	)
(	80	,	8	,	1	)
(	81	,	9	,	1	)
(	82	,	10	,	1	)
(	83	,	11	,	1	)
(	84	,	12	,	1	)
(	85	,	13	,	1	)
(	86	,	14	,	1	)
(	87	,	15	,	1	)
(	88	,	16	,	1	)
(	89	,	17	,	1	)
(	90	,	18	,	1	)
(	91	,	19	,	1	)
(	92	,	20	,	1	)
(	93	,	21	,	1	)
(	94	,	22	,	1	)
(	95	,	23	,	1	)
(	96	,	24	,	1	)
(	97	,	1	,	2	)
(	98	,	2	,	2	)
(	99	,	3	,	2	)
(	100	,	4	,	2	)
(	101	,	5	,	2	)
(	102	,	6	,	2	)
(	103	,	7	,	2	)
(	104	,	8	,	2	)
(	105	,	9	,	2	)
(	106	,	10	,	2	)
(	107	,	11	,	2	)
(	108	,	12	,	2	)
(	109	,	13	,	2	)
(	110	,	14	,	2	)
(	111	,	15	,	2	)
(	112	,	16	,	2	)
(	113	,	17	,	2	)
(	114	,	18	,	2	)
(	115	,	19	,	2	)
(	116	,	20	,	2	)
(	117	,	21	,	2	)
(	118	,	22	,	2	)
(	119	,	23	,	2	)
(	120	,	24	,	2	)
(	121	,	1	,	1	)
(	122	,	2	,	1	)
(	123	,	3	,	1	)
(	124	,	4	,	1	)
(	125	,	5	,	1	)
(	126	,	6	,	1	)
(	127	,	7	,	1	)
(	128	,	8	,	1	)
(	129	,	9	,	1	)
(	130	,	10	,	1	)
(	131	,	11	,	1	)
(	132	,	12	,	1	)
(	133	,	13	,	1	)
(	134	,	14	,	1	)
(	135	,	15	,	1	)
(	136	,	16	,	1	)
(	137	,	17	,	1	)
(	138	,	18	,	1	)
(	139	,	19	,	1	)
(	140	,	20	,	1	)
(	141	,	21	,	1	)
(	142	,	22	,	1	)
(	143	,	23	,	1	)
(	144	,	24	,	1	)
(	145	,	1	,	1	)
(	146	,	2	,	1	)
(	147	,	3	,	1	)
(	148	,	4	,	1	)
(	149	,	5	,	1	)
(	150	,	6	,	1	)
(	151	,	7	,	1	)
(	152	,	8	,	1	)
(	153	,	9	,	1	)
(	154	,	10	,	1	)
(	155	,	11	,	1	)
(	156	,	12	,	1	)
(	157	,	13	,	1	)
(	158	,	14	,	1	)
(	159	,	15	,	1	)
(	160	,	16	,	1	)
(	161	,	17	,	1	)
(	162	,	18	,	1	)
(	163	,	19	,	1	)
(	164	,	20	,	1	)
(	165	,	21	,	1	)
(	166	,	22	,	1	)
(	167	,	23	,	1	)
(	168	,	24	,	1	)
(	169	,	1	,	2	)
(	170	,	2	,	2	)
(	171	,	3	,	2	)
(	172	,	4	,	2	)
(	173	,	5	,	2	)
(	174	,	6	,	2	)
(	175	,	7	,	2	)
(	176	,	8	,	2	)
(	177	,	9	,	2	)
(	178	,	10	,	2	)
(	179	,	11	,	2	)
(	180	,	12	,	2	)
(	181	,	13	,	2	)
(	182	,	14	,	2	)
(	183	,	15	,	2	)
(	184	,	16	,	2	)
(	185	,	17	,	2	)
(	186	,	18	,	2	)
(	187	,	19	,	2	)
(	188	,	20	,	2	)
(	189	,	21	,	2	)
(	190	,	22	,	2	)
(	191	,	23	,	2	)
(	192	,	24	,	2	)
(	193	,	1	,	1	)
(	194	,	2	,	1	)
(	195	,	3	,	1	)
(	196	,	4	,	1	)
(	197	,	5	,	1	)
(	198	,	6	,	1	)
(	199	,	7	,	1	)
(	200	,	8	,	1	)
(	201	,	9	,	1	)
(	202	,	10	,	1	)
(	203	,	11	,	1	)
(	204	,	12	,	1	)
(	205	,	13	,	1	)
(	206	,	14	,	1	)
(	207	,	15	,	1	)
(	208	,	16	,	1	)
(	209	,	17	,	1	)
(	210	,	18	,	1	)
(	211	,	19	,	1	)
(	212	,	20	,	1	)
(	213	,	21	,	1	)
(	214	,	22	,	1	)
(	215	,	23	,	1	)
(	216	,	24	,	1	)
(	217	,	1	,	1	)
(	218	,	2	,	1	)
(	219	,	3	,	1	)
(	220	,	4	,	1	)
(	221	,	5	,	1	)
(	222	,	6	,	1	)
(	223	,	7	,	1	)
(	224	,	8	,	1	)
(	225	,	9	,	1	)
(	226	,	10	,	1	)
(	227	,	11	,	1	)
(	228	,	12	,	1	)
(	229	,	13	,	1	)
(	230	,	14	,	1	)
(	231	,	15	,	1	)
(	232	,	16	,	1	)
(	233	,	17	,	1	)
(	234	,	18	,	1	)
(	235	,	19	,	1	)
(	236	,	20	,	1	)
(	237	,	21	,	1	)
(	238	,	22	,	1	)
(	239	,	23	,	1	)
(	240	,	24	,	1	)
(	241	,	1	,	1	)
(	242	,	2	,	1	)
(	243	,	3	,	1	)
(	244	,	4	,	1	)
(	245	,	5	,	1	)
(	246	,	6	,	1	)
(	247	,	7	,	1	)
(	248	,	8	,	1	)
(	249	,	9	,	1	)
(	250	,	10	,	1	)
(	251	,	11	,	1	)
(	252	,	12	,	1	)
(	253	,	13	,	1	)
(	254	,	14	,	1	)
(	255	,	15	,	1	)
(	256	,	16	,	1	)
(	257	,	17	,	1	)
(	258	,	18	,	1	)
(	259	,	19	,	1	)
(	260	,	20	,	1	)
(	261	,	21	,	1	)
(	262	,	22	,	1	)
(	263	,	23	,	1	)
(	264	,	24	,	1	)
(	265	,	1	,	1	)
(	266	,	2	,	1	)
(	267	,	3	,	1	)
(	268	,	4	,	1	)
(	269	,	5	,	1	)
(	270	,	6	,	1	)
(	271	,	7	,	1	)
(	272	,	8	,	1	)
(	273	,	9	,	1	)
(	274	,	10	,	1	)
(	275	,	11	,	1	)
(	276	,	12	,	1	)
(	277	,	13	,	1	)
(	278	,	14	,	1	)
(	279	,	15	,	1	)
(	280	,	16	,	1	)
(	281	,	17	,	1	)
(	282	,	18	,	1	)
(	283	,	19	,	1	)
(	284	,	20	,	1	)
(	285	,	21	,	1	)
(	286	,	22	,	1	)
(	287	,	23	,	1	)
(	288	,	24	,	1	)
(	289	,	1	,	1	)
(	290	,	2	,	1	)
(	291	,	3	,	1	)
(	292	,	4	,	1	)
(	293	,	5	,	1	)
(	294	,	6	,	1	)
(	295	,	7	,	1	)
(	296	,	8	,	1	)
(	297	,	9	,	1	)
(	298	,	10	,	1	)
(	299	,	11	,	1	)
(	300	,	12	,	1	)
(	301	,	13	,	1	)
(	302	,	14	,	1	)
(	303	,	15	,	1	)
(	304	,	16	,	1	)
(	305	,	17	,	1	)
(	306	,	18	,	1	)
(	307	,	19	,	1	)
(	308	,	20	,	1	)
(	309	,	21	,	1	)
(	310	,	22	,	1	)
(	311	,	23	,	1	)
(	312	,	24	,	1	)
(	313	,	1	,	1	)
(	314	,	2	,	1	)
(	315	,	3	,	1	)
(	316	,	4	,	1	)
(	317	,	5	,	1	)
(	318	,	6	,	1	)
(	319	,	7	,	1	)
(	320	,	8	,	1	)
(	321	,	9	,	1	)
(	322	,	10	,	1	)
(	323	,	11	,	1	)
(	324	,	12	,	1	)
(	325	,	13	,	1	)
(	326	,	14	,	1	)
(	327	,	15	,	1	)
(	328	,	16	,	1	)
(	329	,	17	,	1	)
(	330	,	18	,	1	)
(	331	,	19	,	1	)
(	332	,	20	,	1	)
(	333	,	21	,	1	)
(	334	,	22	,	1	)
(	335	,	23	,	1	)
(	336	,	24	,	1	)
(	337	,	1	,	1	)
(	338	,	2	,	1	)
(	339	,	3	,	1	)
(	340	,	4	,	1	)
(	341	,	5	,	1	)
(	342	,	6	,	1	)
(	343	,	7	,	1	)
(	344	,	8	,	1	)
(	345	,	9	,	1	)
(	346	,	10	,	1	)
(	347	,	11	,	1	)
(	348	,	12	,	1	)
(	349	,	13	,	1	)
(	350	,	14	,	1	)
(	351	,	15	,	1	)
(	352	,	16	,	1	)
(	353	,	17	,	1	)
(	354	,	18	,	1	)
(	355	,	19	,	1	)
(	356	,	20	,	1	)
(	357	,	21	,	1	)
(	358	,	22	,	1	)
(	359	,	23	,	1	)
(	360	,	24	,	1	)
(	361	,	1	,	2	)
(	362	,	2	,	2	)
(	363	,	3	,	2	)
(	364	,	4	,	2	)
(	365	,	5	,	2	)
(	366	,	6	,	2	)
(	367	,	7	,	2	)
(	368	,	8	,	2	)
(	369	,	9	,	2	)
(	370	,	10	,	2	)
(	371	,	11	,	2	)
(	372	,	12	,	2	)
(	373	,	13	,	2	)
(	374	,	14	,	2	)
(	375	,	15	,	2	)
(	376	,	16	,	2	)
(	377	,	17	,	2	)
(	378	,	18	,	2	)
(	379	,	19	,	2	)
(	380	,	20	,	2	)
(	381	,	21	,	2	)
(	382	,	22	,	2	)
(	383	,	23	,	2	)
(	384	,	24	,	2	)
(	385	,	1	,	2	)
(	386	,	2	,	2	)
(	387	,	3	,	2	)
(	388	,	4	,	2	)
(	389	,	5	,	2	)
(	390	,	6	,	2	)
(	391	,	7	,	2	)
(	392	,	8	,	2	)
(	393	,	9	,	2	)
(	394	,	10	,	2	)
(	395	,	11	,	2	)
(	396	,	12	,	2	)
(	397	,	13	,	2	)
(	398	,	14	,	2	)
(	399	,	15	,	2	)
(	400	,	16	,	2	)
(	401	,	17	,	2	)
(	402	,	18	,	2	)
(	403	,	19	,	2	)
(	404	,	20	,	2	)
(	405	,	21	,	2	)
(	406	,	22	,	2	)
(	407	,	23	,	2	)
(	408	,	24	,	2	)
(	409	,	1	,	1	)
(	410	,	2	,	1	)
(	411	,	3	,	1	)
(	412	,	4	,	1	)
(	413	,	5	,	1	)
(	414	,	6	,	1	)
(	415	,	7	,	1	)
(	416	,	8	,	1	)
(	417	,	9	,	1	)
(	418	,	10	,	1	)
(	419	,	11	,	1	)
(	420	,	12	,	1	)
(	421	,	13	,	1	)
(	422	,	14	,	1	)
(	423	,	15	,	1	)
(	424	,	16	,	1	)
(	425	,	17	,	1	)
(	426	,	18	,	1	)
(	427	,	19	,	1	)
(	428	,	20	,	1	)
(	429	,	21	,	1	)
(	430	,	22	,	1	)
(	431	,	23	,	1	)
(	432	,	24	,	1	)
(	433	,	1	,	1	)
(	434	,	2	,	1	)
(	435	,	3	,	1	)
(	436	,	4	,	1	)
(	437	,	5	,	1	)
(	438	,	6	,	1	)
(	439	,	7	,	1	)
(	440	,	8	,	1	)
(	441	,	9	,	1	)
(	442	,	10	,	1	)
(	443	,	11	,	1	)
(	444	,	12	,	1	)
(	445	,	13	,	1	)
(	446	,	14	,	1	)
(	447	,	15	,	1	)
(	448	,	16	,	1	)
(	449	,	17	,	1	)
(	450	,	18	,	1	)
(	451	,	19	,	1	)
(	452	,	20	,	1	)
(	453	,	21	,	1	)
(	454	,	22	,	1	)
(	455	,	23	,	1	)
(	456	,	24	,	1	)
(	457	,	1	,	1	)
(	458	,	2	,	1	)
(	459	,	3	,	1	)
(	460	,	4	,	1	)
(	461	,	5	,	1	)
(	462	,	6	,	1	)
(	463	,	7	,	1	)
(	464	,	8	,	1	)
(	465	,	9	,	1	)
(	466	,	10	,	1	)
(	467	,	11	,	1	)
(	468	,	12	,	1	)
(	469	,	13	,	1	)
(	470	,	14	,	1	)
(	471	,	15	,	1	)
(	472	,	16	,	1	)
(	473	,	17	,	1	)
(	474	,	18	,	1	)
(	475	,	19	,	1	)
(	476	,	20	,	1	)
(	477	,	21	,	1	)
(	478	,	22	,	1	)
(	479	,	23	,	1	)
(	480	,	24	,	1	)
(	481	,	1	,	1	)
(	482	,	2	,	1	)
(	483	,	3	,	1	)
(	484	,	4	,	1	)
(	485	,	5	,	1	)
(	486	,	6	,	1	)
(	487	,	7	,	1	)
(	488	,	8	,	1	)
(	489	,	9	,	1	)
(	490	,	10	,	1	)
(	491	,	11	,	1	)
(	492	,	12	,	1	)
(	493	,	13	,	1	)
(	494	,	14	,	1	)
(	495	,	15	,	1	)
(	496	,	16	,	1	)
(	497	,	17	,	1	)
(	498	,	18	,	1	)
(	499	,	19	,	1	)
(	500	,	20	,	1	)
(	501	,	21	,	1	)
(	502	,	22	,	1	)
(	503	,	23	,	1	)
(	504	,	24	,	1	)
(	505	,	1	,	1	)
(	506	,	2	,	1	)
(	507	,	3	,	1	)
(	508	,	4	,	1	)
(	509	,	5	,	1	)
(	510	,	6	,	1	)
(	511	,	7	,	1	)
(	512	,	8	,	1	)
(	513	,	9	,	1	)
(	514	,	10	,	1	)
(	515	,	11	,	1	)
(	516	,	12	,	1	)
(	517	,	13	,	1	)
(	518	,	14	,	1	)
(	519	,	15	,	1	)
(	520	,	16	,	1	)
(	521	,	17	,	1	)
(	522	,	18	,	1	)
(	523	,	19	,	1	)
(	524	,	20	,	1	)
(	525	,	21	,	1	)
(	526	,	22	,	1	)
(	527	,	23	,	1	)
(	528	,	24	,	1	)
(	529	,	1	,	1	)
(	530	,	2	,	1	)
(	531	,	3	,	1	)
(	532	,	4	,	1	)
(	533	,	5	,	1	)
(	534	,	6	,	1	)
(	535	,	7	,	1	)
(	536	,	8	,	1	)
(	537	,	9	,	1	)
(	538	,	10	,	1	)
(	539	,	11	,	1	)
(	540	,	12	,	1	)
(	541	,	13	,	1	)
(	542	,	14	,	1	)
(	543	,	15	,	1	)
(	544	,	16	,	1	)
(	545	,	17	,	1	)
(	546	,	18	,	1	)
(	547	,	19	,	1	)
(	548	,	20	,	1	)
(	549	,	21	,	1	)
(	550	,	22	,	1	)
(	551	,	23	,	1	)
(	552	,	24	,	1	)
(	553	,	1	,	2	)
(	554	,	2	,	2	)
(	555	,	3	,	2	)
(	556	,	4	,	2	)
(	557	,	5	,	2	)
(	558	,	6	,	2	)
(	559	,	7	,	2	)
(	560	,	8	,	2	)
(	561	,	9	,	2	)
(	562	,	10	,	2	)
(	563	,	11	,	2	)
(	564	,	12	,	2	)
(	565	,	13	,	2	)
(	566	,	14	,	2	)
(	567	,	15	,	2	)
(	568	,	16	,	2	)
(	569	,	17	,	2	)
(	570	,	18	,	2	)
(	571	,	19	,	2	)
(	572	,	20	,	2	)
(	573	,	21	,	2	)
(	574	,	22	,	2	)
(	575	,	23	,	2	)
(	576	,	24	,	2	)
(	577	,	1	,	1	)
(	578	,	2	,	1	)
(	579	,	3	,	1	)
(	580	,	4	,	1	)
(	581	,	5	,	1	)
(	582	,	6	,	1	)
(	583	,	7	,	1	)
(	584	,	8	,	1	)
(	585	,	9	,	1	)
(	586	,	10	,	1	)
(	587	,	11	,	1	)
(	588	,	12	,	1	)
(	589	,	13	,	1	)
(	590	,	14	,	1	)
(	591	,	15	,	1	)
(	592	,	16	,	1	)
(	593	,	17	,	1	)
(	594	,	18	,	1	)
(	595	,	19	,	1	)
(	596	,	20	,	1	)
(	597	,	21	,	1	)
(	598	,	22	,	1	)
(	599	,	23	,	1	)
(	600	,	24	,	1	)
(	601	,	1	,	1	)
(	602	,	2	,	1	)
(	603	,	3	,	1	)
(	604	,	4	,	1	)
(	605	,	5	,	1	)
(	606	,	6	,	1	)
(	607	,	7	,	1	)
(	608	,	8	,	1	)
(	609	,	9	,	1	)
(	610	,	10	,	1	)
(	611	,	11	,	1	)
(	612	,	12	,	1	)
(	613	,	13	,	1	)
(	614	,	14	,	1	)
(	615	,	15	,	1	)
(	616	,	16	,	1	)
(	617	,	17	,	1	)
(	618	,	18	,	1	)
(	619	,	19	,	1	)
(	620	,	20	,	1	)
(	621	,	21	,	1	)
(	622	,	22	,	1	)
(	623	,	23	,	1	)
(	624	,	24	,	1	)
(	625	,	1	,	1	)
(	626	,	2	,	1	)
(	627	,	3	,	1	)
(	628	,	4	,	1	)
(	629	,	5	,	1	)
(	630	,	6	,	1	)
(	631	,	7	,	1	)
(	632	,	8	,	1	)
(	633	,	9	,	1	)
(	634	,	10	,	1	)
(	635	,	11	,	1	)
(	636	,	12	,	1	)
(	637	,	13	,	1	)
(	638	,	14	,	1	)
(	639	,	15	,	1	)
(	640	,	16	,	1	)
(	641	,	17	,	1	)
(	642	,	18	,	1	)
(	643	,	19	,	1	)
(	644	,	20	,	1	)
(	645	,	21	,	1	)
(	646	,	22	,	1	)
(	647	,	23	,	1	)
(	648	,	24	,	1	)
(	649	,	1	,	1	)
(	650	,	2	,	1	)
(	651	,	3	,	1	)
(	652	,	4	,	1	)
(	653	,	5	,	1	)
(	654	,	6	,	1	)
(	655	,	7	,	1	)
(	656	,	8	,	1	)
(	657	,	9	,	1	)
(	658	,	10	,	1	)
(	659	,	11	,	1	)
(	660	,	12	,	1	)
(	661	,	13	,	1	)
(	662	,	14	,	1	)
(	663	,	15	,	1	)
(	664	,	16	,	1	)
(	665	,	17	,	1	)
(	666	,	18	,	1	)
(	667	,	19	,	1	)
(	668	,	20	,	1	)
(	669	,	21	,	1	)
(	670	,	22	,	1	)
(	671	,	23	,	1	)
(	672	,	24	,	1	)
(	673	,	1	,	2	)
(	674	,	2	,	2	)
(	675	,	3	,	2	)
(	676	,	4	,	2	)
(	677	,	5	,	2	)
(	678	,	6	,	2	)
(	679	,	7	,	2	)
(	680	,	8	,	2	)
(	681	,	9	,	2	)
(	682	,	10	,	2	)
(	683	,	11	,	2	)
(	684	,	12	,	2	)
(	685	,	13	,	2	)
(	686	,	14	,	2	)
(	687	,	15	,	2	)
(	688	,	16	,	2	)
(	689	,	17	,	2	)
(	690	,	18	,	2	)
(	691	,	19	,	2	)
(	692	,	20	,	2	)
(	693	,	21	,	2	)
(	694	,	22	,	2	)
(	695	,	23	,	2	)
(	696	,	24	,	2	)
(	697	,	1	,	2	)
(	698	,	2	,	2	)
(	699	,	3	,	2	)
(	700	,	4	,	2	)
(	701	,	5	,	2	)
(	702	,	6	,	2	)
(	703	,	7	,	2	)
(	704	,	8	,	2	)
(	705	,	9	,	2	)
(	706	,	10	,	2	)
(	707	,	11	,	2	)
(	708	,	12	,	2	)
(	709	,	13	,	2	)
(	710	,	14	,	2	)
(	711	,	15	,	2	)
(	712	,	16	,	2	)
(	713	,	17	,	2	)
(	714	,	18	,	2	)
(	715	,	19	,	2	)
(	716	,	20	,	2	)
(	717	,	21	,	2	)
(	718	,	22	,	2	)
(	719	,	23	,	2	)
(	720	,	24	,	2	)
(	721	,	1	,	2	)
(	722	,	2	,	2	)
(	723	,	3	,	2	)
(	724	,	4	,	2	)
(	725	,	5	,	2	)
(	726	,	6	,	2	)
(	727	,	7	,	2	)
(	728	,	8	,	2	)
(	729	,	9	,	2	)
(	730	,	10	,	2	)
(	731	,	11	,	2	)
(	732	,	12	,	2	)
(	733	,	13	,	2	)
(	734	,	14	,	2	)
(	735	,	15	,	2	)
(	736	,	16	,	2	)
(	737	,	17	,	2	)
(	738	,	18	,	2	)
(	739	,	19	,	2	)
(	740	,	20	,	2	)
(	741	,	21	,	2	)
(	742	,	22	,	2	)
(	743	,	23	,	2	)
(	744	,	24	,	2	)
(	745	,	1	,	2	)
(	746	,	2	,	2	)
(	747	,	3	,	2	)
(	748	,	4	,	2	)
(	749	,	5	,	2	)
(	750	,	6	,	2	)
(	751	,	7	,	2	)
(	752	,	8	,	2	)
(	753	,	9	,	2	)
(	754	,	10	,	2	)
(	755	,	11	,	2	)
(	756	,	12	,	2	)
(	757	,	13	,	2	)
(	758	,	14	,	2	)
(	759	,	15	,	2	)
(	760	,	16	,	2	)
(	761	,	17	,	2	)
(	762	,	18	,	2	)
(	763	,	19	,	2	)
(	764	,	20	,	2	)
(	765	,	21	,	2	)
(	766	,	22	,	2	)
(	767	,	23	,	2	)
(	768	,	24	,	2	)
(	769	,	1	,	4	)
(	770	,	2	,	4	)
(	771	,	3	,	4	)
(	772	,	4	,	4	)
(	773	,	5	,	4	)
(	774	,	6	,	4	)
(	775	,	7	,	4	)
(	776	,	8	,	4	)
(	777	,	9	,	4	)
(	778	,	10	,	4	)
(	779	,	11	,	4	)
(	780	,	12	,	4	)
(	781	,	13	,	4	)
(	782	,	14	,	4	)
(	783	,	15	,	4	)
(	784	,	16	,	4	)
(	785	,	17	,	4	)
(	786	,	18	,	4	)
(	787	,	19	,	4	)
(	788	,	20	,	4	)
(	789	,	21	,	4	)
(	790	,	22	,	4	)
(	791	,	23	,	4	)
(	792	,	24	,	4	)
(	793	,	1	,	4	)
(	794	,	2	,	4	)
(	795	,	3	,	4	)
(	796	,	4	,	4	)
(	797	,	5	,	4	)
(	798	,	6	,	4	)
(	799	,	7	,	4	)
(	800	,	8	,	4	)
(	801	,	9	,	4	)
(	802	,	10	,	4	)
(	803	,	11	,	4	)
(	804	,	12	,	4	)
(	805	,	13	,	4	)
(	806	,	14	,	4	)
(	807	,	15	,	4	)
(	808	,	16	,	4	)
(	809	,	17	,	4	)
(	810	,	18	,	4	)
(	811	,	19	,	4	)
(	812	,	20	,	4	)
(	813	,	21	,	4	)
(	814	,	22	,	4	)
(	815	,	23	,	4	)
(	816	,	24	,	4	)
(	817	,	1	,	2	)
(	818	,	2	,	2	)
(	819	,	3	,	2	)
(	820	,	4	,	2	)
(	821	,	5	,	2	)
(	822	,	6	,	2	)
(	823	,	7	,	2	)
(	824	,	8	,	2	)
(	825	,	9	,	2	)
(	826	,	10	,	2	)
(	827	,	11	,	2	)
(	828	,	12	,	2	)
(	829	,	13	,	2	)
(	830	,	14	,	2	)
(	831	,	15	,	2	)
(	832	,	16	,	2	)
(	833	,	17	,	2	)
(	834	,	18	,	2	)
(	835	,	19	,	2	)
(	836	,	20	,	2	)
(	837	,	21	,	2	)
(	838	,	22	,	2	)
(	839	,	23	,	2	)
(	840	,	24	,	2	)
(	841	,	1	,	2	)
(	842	,	2	,	2	)
(	843	,	3	,	2	)
(	844	,	4	,	2	)
(	845	,	5	,	2	)
(	846	,	6	,	2	)
(	847	,	7	,	2	)
(	848	,	8	,	2	)
(	849	,	9	,	2	)
(	850	,	10	,	2	)
(	851	,	11	,	2	)
(	852	,	12	,	2	)
(	853	,	13	,	2	)
(	854	,	14	,	2	)
(	855	,	15	,	2	)
(	856	,	16	,	2	)
(	857	,	17	,	2	)
(	858	,	18	,	2	)
(	859	,	19	,	2	)
(	860	,	20	,	2	)
(	861	,	21	,	2	)
(	862	,	22	,	2	)
(	863	,	23	,	2	)
(	864	,	24	,	2	)
(	865	,	1	,	3	)
(	866	,	2	,	3	)
(	867	,	3	,	3	)
(	868	,	4	,	3	)
(	869	,	5	,	3	)
(	870	,	6	,	3	)
(	871	,	7	,	3	)
(	872	,	8	,	3	)
(	873	,	9	,	3	)
(	874	,	10	,	3	)
(	875	,	11	,	3	)
(	876	,	12	,	3	)
(	877	,	13	,	3	)
(	878	,	14	,	3	)
(	879	,	15	,	3	)
(	880	,	16	,	3	)
(	881	,	17	,	3	)
(	882	,	18	,	3	)
(	883	,	19	,	3	)
(	884	,	20	,	3	)
(	885	,	21	,	3	)
(	886	,	22	,	3	)
(	887	,	23	,	3	)
(	888	,	24	,	3	)
(	889	,	1	,	3	)
(	890	,	2	,	3	)
(	891	,	3	,	3	)
(	892	,	4	,	3	)
(	893	,	5	,	3	)
(	894	,	6	,	3	)
(	895	,	7	,	3	)
(	896	,	8	,	3	)
(	897	,	9	,	3	)
(	898	,	10	,	3	)
(	899	,	11	,	3	)
(	900	,	12	,	3	)
(	901	,	13	,	3	)
(	902	,	14	,	3	)
(	903	,	15	,	3	)
(	904	,	16	,	3	)
(	905	,	17	,	3	)
(	906	,	18	,	3	)
(	907	,	19	,	3	)
(	908	,	20	,	3	)
(	909	,	21	,	3	)
(	910	,	22	,	3	)
(	911	,	23	,	3	)
(	912	,	24	,	3	)
(	913	,	1	,	3	)
(	914	,	2	,	3	)
(	915	,	3	,	3	)
(	916	,	4	,	3	)
(	917	,	5	,	3	)
(	918	,	6	,	3	)
(	919	,	7	,	3	)
(	920	,	8	,	3	)
(	921	,	9	,	3	)
(	922	,	10	,	3	)
(	923	,	11	,	3	)
(	924	,	12	,	3	)
(	925	,	13	,	3	)
(	926	,	14	,	3	)
(	927	,	15	,	3	)
(	928	,	16	,	3	)
(	929	,	17	,	3	)
(	930	,	18	,	3	)
(	931	,	19	,	3	)
(	932	,	20	,	3	)
(	933	,	21	,	3	)
(	934	,	22	,	3	)
(	935	,	23	,	3	)
(	936	,	24	,	3	)
(	937	,	1	,	4	)
(	938	,	2	,	4	)
(	939	,	3	,	4	)
(	940	,	4	,	4	)
(	941	,	5	,	4	)
(	942	,	6	,	4	)
(	943	,	7	,	4	)
(	944	,	8	,	4	)
(	945	,	9	,	4	)
(	946	,	10	,	4	)
(	947	,	11	,	4	)
(	948	,	12	,	4	)
(	949	,	13	,	4	)
(	950	,	14	,	4	)
(	951	,	15	,	4	)
(	952	,	16	,	4	)
(	953	,	17	,	4	)
(	954	,	18	,	4	)
(	955	,	19	,	4	)
(	956	,	20	,	4	)
(	957	,	21	,	4	)
(	958	,	22	,	4	)
(	959	,	23	,	4	)
(	960	,	24	,	4	)
(	961	,	1	,	4	)
(	962	,	2	,	4	)
(	963	,	3	,	4	)
(	964	,	4	,	4	)
(	965	,	5	,	4	)
(	966	,	6	,	4	)
(	967	,	7	,	4	)
(	968	,	8	,	4	)
(	969	,	9	,	4	)
(	970	,	10	,	4	)
(	971	,	11	,	4	)
(	972	,	12	,	4	)
(	973	,	13	,	4	)
(	974	,	14	,	4	)
(	975	,	15	,	4	)
(	976	,	16	,	4	)
(	977	,	17	,	4	)
(	978	,	18	,	4	)
(	979	,	19	,	4	)
(	980	,	20	,	4	)
(	981	,	21	,	4	)
(	982	,	22	,	4	)
(	983	,	23	,	4	)
(	984	,	24	,	4	)
(	985	,	1	,	2	)
(	986	,	2	,	2	)
(	987	,	3	,	2	)
(	988	,	4	,	2	)
(	989	,	5	,	2	)
(	990	,	6	,	2	)
(	991	,	7	,	2	)
(	992	,	8	,	2	)
(	993	,	9	,	2	)
(	994	,	10	,	2	)
(	995	,	11	,	2	)
(	996	,	12	,	2	)
(	997	,	13	,	2	)
(	998	,	14	,	2	)
(	999	,	15	,	2	)
(	1000	,	16	,	2	)
(	1001	,	17	,	2	)
(	1002	,	18	,	2	)
(	1003	,	19	,	2	)
(	1004	,	20	,	2	)
(	1005	,	21	,	2	)
(	1006	,	22	,	2	)
(	1007	,	23	,	2	)
(	1008	,	24	,	2	)
(	1009	,	1	,	4	)
(	1010	,	2	,	4	)
(	1011	,	3	,	4	)
(	1012	,	4	,	4	)
(	1013	,	5	,	4	)
(	1014	,	6	,	4	)
(	1015	,	7	,	4	)
(	1016	,	8	,	4	)
(	1017	,	9	,	4	)
(	1018	,	10	,	4	)
(	1019	,	11	,	4	)
(	1020	,	12	,	4	)
(	1021	,	13	,	4	)
(	1022	,	14	,	4	)
(	1023	,	15	,	4	)
(	1024	,	16	,	4	)
(	1025	,	17	,	4	)
(	1026	,	18	,	4	)
(	1027	,	19	,	4	)
(	1028	,	20	,	4	)
(	1029	,	21	,	4	)
(	1030	,	22	,	4	)
(	1031	,	23	,	4	)
(	1032	,	24	,	4	)
(	1033	,	1	,	2	)
(	1034	,	2	,	2	)
(	1035	,	3	,	2	)
(	1036	,	4	,	2	)
(	1037	,	5	,	2	)
(	1038	,	6	,	2	)
(	1039	,	7	,	2	)
(	1040	,	8	,	2	)
(	1041	,	9	,	2	)
(	1042	,	10	,	2	)
(	1043	,	11	,	2	)
(	1044	,	12	,	2	)
(	1045	,	13	,	2	)
(	1046	,	14	,	2	)
(	1047	,	15	,	2	)
(	1048	,	16	,	2	)
(	1049	,	17	,	2	)
(	1050	,	18	,	2	)
(	1051	,	19	,	2	)
(	1052	,	20	,	2	)
(	1053	,	21	,	2	)
(	1054	,	22	,	2	)
(	1055	,	23	,	2	)
(	1056	,	24	,	2	)
(	1057	,	1	,	2	)
(	1058	,	2	,	2	)
(	1059	,	3	,	2	)
(	1060	,	4	,	2	)
(	1061	,	5	,	2	)
(	1062	,	6	,	2	)
(	1063	,	7	,	2	)
(	1064	,	8	,	2	)
(	1065	,	9	,	2	)
(	1066	,	10	,	2	)
(	1067	,	11	,	2	)
(	1068	,	12	,	2	)
(	1069	,	13	,	2	)
(	1070	,	14	,	2	)
(	1071	,	15	,	2	)
(	1072	,	16	,	2	)
(	1073	,	17	,	2	)
(	1074	,	18	,	2	)
(	1075	,	19	,	2	)
(	1076	,	20	,	2	)
(	1077	,	21	,	2	)
(	1078	,	22	,	2	)
(	1079	,	23	,	2	)
(	1080	,	24	,	2	)
(	1081	,	1	,	2	)
(	1082	,	2	,	2	)
(	1083	,	3	,	2	)
(	1084	,	4	,	2	)
(	1085	,	5	,	2	)
(	1086	,	6	,	2	)
(	1087	,	7	,	2	)
(	1088	,	8	,	2	)
(	1089	,	9	,	2	)
(	1090	,	10	,	2	)
(	1091	,	11	,	2	)
(	1092	,	12	,	2	)
(	1093	,	13	,	2	)
(	1094	,	14	,	2	)
(	1095	,	15	,	2	)
(	1096	,	16	,	2	)
(	1097	,	17	,	2	)
(	1098	,	18	,	2	)
(	1099	,	19	,	2	)
(	1100	,	20	,	2	)
(	1101	,	21	,	2	)
(	1102	,	22	,	2	)
(	1103	,	23	,	2	)
(	1104	,	24	,	2	)
(	1105	,	1	,	2	)
(	1106	,	2	,	2	)
(	1107	,	3	,	2	)
(	1108	,	4	,	2	)
(	1109	,	5	,	2	)
(	1110	,	6	,	2	)
(	1111	,	7	,	2	)
(	1112	,	8	,	2	)
(	1113	,	9	,	2	)
(	1114	,	10	,	2	)
(	1115	,	11	,	2	)
(	1116	,	12	,	2	)
(	1117	,	13	,	2	)
(	1118	,	14	,	2	)
(	1119	,	15	,	2	)
(	1120	,	16	,	2	)
(	1121	,	17	,	2	)
(	1122	,	18	,	2	)
(	1123	,	19	,	2	)
(	1124	,	20	,	2	)
(	1125	,	21	,	2	)
(	1126	,	22	,	2	)
(	1127	,	23	,	2	)
(	1128	,	24	,	2	)
(	1129	,	1	,	1	)
(	1130	,	2	,	1	)
(	1131	,	3	,	1	)
(	1132	,	4	,	1	)
(	1133	,	5	,	1	)
(	1134	,	6	,	1	)
(	1135	,	7	,	1	)
(	1136	,	8	,	1	)
(	1137	,	9	,	1	)
(	1138	,	10	,	1	)
(	1139	,	11	,	1	)
(	1140	,	12	,	1	)
(	1141	,	13	,	1	)
(	1142	,	14	,	1	)
(	1143	,	15	,	1	)
(	1144	,	16	,	1	)
(	1145	,	17	,	1	)
(	1146	,	18	,	1	)
(	1147	,	19	,	1	)
(	1148	,	20	,	1	)
(	1149	,	21	,	1	)
(	1150	,	22	,	1	)
(	1151	,	23	,	1	)
(	1152	,	24	,	1	)
(	1153	,	1	,	1	)
(	1154	,	2	,	1	)
(	1155	,	3	,	1	)
(	1156	,	4	,	1	)
(	1157	,	5	,	1	)
(	1158	,	6	,	1	)
(	1159	,	7	,	1	)
(	1160	,	8	,	1	)
(	1161	,	9	,	1	)
(	1162	,	10	,	1	)
(	1163	,	11	,	1	)
(	1164	,	12	,	1	)
(	1165	,	13	,	1	)
(	1166	,	14	,	1	)
(	1167	,	15	,	1	)
(	1168	,	16	,	1	)
(	1169	,	17	,	1	)
(	1170	,	18	,	1	)
(	1171	,	19	,	1	)
(	1172	,	20	,	1	)
(	1173	,	21	,	1	)
(	1174	,	22	,	1	)
(	1175	,	23	,	1	)
(	1176	,	24	,	1	)
(	1177	,	1	,	1	)
(	1178	,	2	,	1	)
(	1179	,	3	,	1	)
(	1180	,	4	,	1	)
(	1181	,	5	,	1	)
(	1182	,	6	,	1	)
(	1183	,	7	,	1	)
(	1184	,	8	,	1	)
(	1185	,	9	,	1	)
(	1186	,	10	,	1	)
(	1187	,	11	,	1	)
(	1188	,	12	,	1	)
(	1189	,	13	,	1	)
(	1190	,	14	,	1	)
(	1191	,	15	,	1	)
(	1192	,	16	,	1	)
(	1193	,	17	,	1	)
(	1194	,	18	,	1	)
(	1195	,	19	,	1	)
(	1196	,	20	,	1	)
(	1197	,	21	,	1	)
(	1198	,	22	,	1	)
(	1199	,	23	,	1	)
(	1200	,	24	,	1	)
(	1201	,	1	,	1	)
(	1202	,	2	,	1	)
(	1203	,	3	,	1	)
(	1204	,	4	,	1	)
(	1205	,	5	,	1	)
(	1206	,	6	,	1	)
(	1207	,	7	,	1	)
(	1208	,	8	,	1	)
(	1209	,	9	,	1	)
(	1210	,	10	,	1	)
(	1211	,	11	,	1	)
(	1212	,	12	,	1	)
(	1213	,	13	,	1	)
(	1214	,	14	,	1	)
(	1215	,	15	,	1	)
(	1216	,	16	,	1	)
(	1217	,	17	,	1	)
(	1218	,	18	,	1	)
(	1219	,	19	,	1	)
(	1220	,	20	,	1	)
(	1221	,	21	,	1	)
(	1222	,	22	,	1	)
(	1223	,	23	,	1	)
(	1224	,	24	,	1	)
(	1225	,	1	,	1	)
(	1226	,	2	,	1	)
(	1227	,	3	,	1	)
(	1228	,	4	,	1	)
(	1229	,	5	,	1	)
(	1230	,	6	,	1	)
(	1231	,	7	,	1	)
(	1232	,	8	,	1	)
(	1233	,	9	,	1	)
(	1234	,	10	,	1	)
(	1235	,	11	,	1	)
(	1236	,	12	,	1	)
(	1237	,	13	,	1	)
(	1238	,	14	,	1	)
(	1239	,	15	,	1	)
(	1240	,	16	,	1	)
(	1241	,	17	,	1	)
(	1242	,	18	,	1	)
(	1243	,	19	,	1	)
(	1244	,	20	,	1	)
(	1245	,	21	,	1	)
(	1246	,	22	,	1	)
(	1247	,	23	,	1	)
(	1248	,	24	,	1	)
(	1249	,	1	,	1	)
(	1250	,	2	,	1	)
(	1251	,	3	,	1	)
(	1252	,	4	,	1	)
(	1253	,	5	,	1	)
(	1254	,	6	,	1	)
(	1255	,	7	,	1	)
(	1256	,	8	,	1	)
(	1257	,	9	,	1	)
(	1258	,	10	,	1	)
(	1259	,	11	,	1	)
(	1260	,	12	,	1	)
(	1261	,	13	,	1	)
(	1262	,	14	,	1	)
(	1263	,	15	,	1	)
(	1264	,	16	,	1	)
(	1265	,	17	,	1	)
(	1266	,	18	,	1	)
(	1267	,	19	,	1	)
(	1268	,	20	,	1	)
(	1269	,	21	,	1	)
(	1270	,	22	,	1	)
(	1271	,	23	,	1	)
(	1272	,	24	,	1	)
(	1273	,	1	,	4	)
(	1274	,	2	,	4	)
(	1275	,	3	,	4	)
(	1276	,	4	,	4	)
(	1277	,	5	,	4	)
(	1278	,	6	,	4	)
(	1279	,	7	,	4	)
(	1280	,	8	,	4	)
(	1281	,	9	,	4	)
(	1282	,	10	,	4	)
(	1283	,	11	,	4	)
(	1284	,	12	,	4	)
(	1285	,	13	,	4	)
(	1286	,	14	,	4	)
(	1287	,	15	,	4	)
(	1288	,	16	,	4	)
(	1289	,	17	,	4	)
(	1290	,	18	,	4	)
(	1291	,	19	,	4	)
(	1292	,	20	,	4	)
(	1293	,	21	,	4	)
(	1294	,	22	,	4	)
(	1295	,	23	,	4	)
(	1296	,	24	,	4	)
(	1297	,	1	,	4	)
(	1298	,	2	,	4	)
(	1299	,	3	,	4	)
(	1300	,	4	,	4	)
(	1301	,	5	,	4	)
(	1302	,	6	,	4	)
(	1303	,	7	,	4	)
(	1304	,	8	,	4	)
(	1305	,	9	,	4	)
(	1306	,	10	,	4	)
(	1307	,	11	,	4	)
(	1308	,	12	,	4	)
(	1309	,	13	,	4	)
(	1310	,	14	,	4	)
(	1311	,	15	,	4	)
(	1312	,	16	,	4	)
(	1313	,	17	,	4	)
(	1314	,	18	,	4	)
(	1315	,	19	,	4	)
(	1316	,	20	,	4	)
(	1317	,	21	,	4	)
(	1318	,	22	,	4	)
(	1319	,	23	,	4	)
(	1320	,	24	,	4	)
(	1321	,	1	,	4	)
(	1322	,	2	,	4	)
(	1323	,	3	,	4	)
(	1324	,	4	,	4	)
(	1325	,	5	,	4	)
(	1326	,	6	,	4	)
(	1327	,	7	,	4	)
(	1328	,	8	,	4	)
(	1329	,	9	,	4	)
(	1330	,	10	,	4	)
(	1331	,	11	,	4	)
(	1332	,	12	,	4	)
(	1333	,	13	,	4	)
(	1334	,	14	,	4	)
(	1335	,	15	,	4	)
(	1336	,	16	,	4	)
(	1337	,	17	,	4	)
(	1338	,	18	,	4	)
(	1339	,	19	,	4	)
(	1340	,	20	,	4	)
(	1341	,	21	,	4	)
(	1342	,	22	,	4	)
(	1343	,	23	,	4	)
(	1344	,	24	,	4	)
(	1345	,	1	,	4	)
(	1346	,	2	,	4	)
(	1347	,	3	,	4	)
(	1348	,	4	,	4	)
(	1349	,	5	,	4	)
(	1350	,	6	,	4	)
(	1351	,	7	,	4	)
(	1352	,	8	,	4	)
(	1353	,	9	,	4	)
(	1354	,	10	,	4	)
(	1355	,	11	,	4	)
(	1356	,	12	,	4	)
(	1357	,	13	,	4	)
(	1358	,	14	,	4	)
(	1359	,	15	,	4	)
(	1360	,	16	,	4	)
(	1361	,	17	,	4	)
(	1362	,	18	,	4	)
(	1363	,	19	,	4	)
(	1364	,	20	,	4	)
(	1365	,	21	,	4	)
(	1366	,	22	,	4	)
(	1367	,	23	,	4	)
(	1368	,	24	,	4	)
(	1369	,	1	,	3	)
(	1370	,	2	,	3	)
(	1371	,	3	,	3	)
(	1372	,	4	,	3	)
(	1373	,	5	,	3	)
(	1374	,	6	,	3	)
(	1375	,	7	,	3	)
(	1376	,	8	,	3	)
(	1377	,	9	,	3	)
(	1378	,	10	,	3	)
(	1379	,	11	,	3	)
(	1380	,	12	,	3	)
(	1381	,	13	,	3	)
(	1382	,	14	,	3	)
(	1383	,	15	,	3	)
(	1384	,	16	,	3	)
(	1385	,	17	,	3	)
(	1386	,	18	,	3	)
(	1387	,	19	,	3	)
(	1388	,	20	,	3	)
(	1389	,	21	,	3	)
(	1390	,	22	,	3	)
(	1391	,	23	,	3	)
(	1392	,	24	,	3	)
(	1393	,	1	,	3	)
(	1394	,	2	,	3	)
(	1395	,	3	,	3	)
(	1396	,	4	,	3	)
(	1397	,	5	,	3	)
(	1398	,	6	,	3	)
(	1399	,	7	,	3	)
(	1400	,	8	,	3	)
(	1401	,	9	,	3	)
(	1402	,	10	,	3	)
(	1403	,	11	,	3	)
(	1404	,	12	,	3	)
(	1405	,	13	,	3	)
(	1406	,	14	,	3	)
(	1407	,	15	,	3	)
(	1408	,	16	,	3	)
(	1409	,	17	,	3	)
(	1410	,	18	,	3	)
(	1411	,	19	,	3	)
(	1412	,	20	,	3	)
(	1413	,	21	,	3	)
(	1414	,	22	,	3	)
(	1415	,	23	,	3	)
(	1416	,	24	,	3	)
(	1417	,	1	,	3	)
(	1418	,	2	,	3	)
(	1419	,	3	,	3	)
(	1420	,	4	,	3	)
(	1421	,	5	,	3	)
(	1422	,	6	,	3	)
(	1423	,	7	,	3	)
(	1424	,	8	,	3	)
(	1425	,	9	,	3	)
(	1426	,	10	,	3	)
(	1427	,	11	,	3	)
(	1428	,	12	,	3	)
(	1429	,	13	,	3	)
(	1430	,	14	,	3	)
(	1431	,	15	,	3	)
(	1432	,	16	,	3	)
(	1433	,	17	,	3	)
(	1434	,	18	,	3	)
(	1435	,	19	,	3	)
(	1436	,	20	,	3	)
(	1437	,	21	,	3	)
(	1438	,	22	,	3	)
(	1439	,	23	,	3	)
(	1440	,	24	,	3	)
(	1441	,	1	,	3	)
(	1442	,	2	,	3	)
(	1443	,	3	,	3	)
(	1444	,	4	,	3	)
(	1445	,	5	,	3	)
(	1446	,	6	,	3	)
(	1447	,	7	,	3	)
(	1448	,	8	,	3	)
(	1449	,	9	,	3	)
(	1450	,	10	,	3	)
(	1451	,	11	,	3	)
(	1452	,	12	,	3	)
(	1453	,	13	,	3	)
(	1454	,	14	,	3	)
(	1455	,	15	,	3	)
(	1456	,	16	,	3	)
(	1457	,	17	,	3	)
(	1458	,	18	,	3	)
(	1459	,	19	,	3	)
(	1460	,	20	,	3	)
(	1461	,	21	,	3	)
(	1462	,	22	,	3	)
(	1463	,	23	,	3	)
(	1464	,	24	,	3	)
(	1465	,	1	,	3	)
(	1466	,	2	,	3	)
(	1467	,	3	,	3	)
(	1468	,	4	,	3	)
(	1469	,	5	,	3	)
(	1470	,	6	,	3	)
(	1471	,	7	,	3	)
(	1472	,	8	,	3	)
(	1473	,	9	,	3	)
(	1474	,	10	,	3	)
(	1475	,	11	,	3	)
(	1476	,	12	,	3	)
(	1477	,	13	,	3	)
(	1478	,	14	,	3	)
(	1479	,	15	,	3	)
(	1480	,	16	,	3	)
(	1481	,	17	,	3	)
(	1482	,	18	,	3	)
(	1483	,	19	,	3	)
(	1484	,	20	,	3	)
(	1485	,	21	,	3	)
(	1486	,	22	,	3	)
(	1487	,	23	,	3	)
(	1488	,	24	,	3	)
(	1489	,	1	,	3	)
(	1490	,	2	,	3	)
(	1491	,	3	,	3	)
(	1492	,	4	,	3	)
(	1493	,	5	,	3	)
(	1494	,	6	,	3	)
(	1495	,	7	,	3	)
(	1496	,	8	,	3	)
(	1497	,	9	,	3	)
(	1498	,	10	,	3	)
(	1499	,	11	,	3	)
(	1500	,	12	,	3	)
(	1501	,	13	,	3	)
(	1502	,	14	,	3	)
(	1503	,	15	,	3	)
(	1504	,	16	,	3	)
(	1505	,	17	,	3	)
(	1506	,	18	,	3	)
(	1507	,	19	,	3	)
(	1508	,	20	,	3	)
(	1509	,	21	,	3	)
(	1510	,	22	,	3	)
(	1511	,	23	,	3	)
(	1512	,	24	,	3	)
(	1513	,	1	,	3	)
(	1514	,	2	,	3	)
(	1515	,	3	,	3	)
(	1516	,	4	,	3	)
(	1517	,	5	,	3	)
(	1518	,	6	,	3	)
(	1519	,	7	,	3	)
(	1520	,	8	,	3	)
(	1521	,	9	,	3	)
(	1522	,	10	,	3	)
(	1523	,	11	,	3	)
(	1524	,	12	,	3	)
(	1525	,	13	,	3	)
(	1526	,	14	,	3	)
(	1527	,	15	,	3	)
(	1528	,	16	,	3	)
(	1529	,	17	,	3	)
(	1530	,	18	,	3	)
(	1531	,	19	,	3	)
(	1532	,	20	,	3	)
(	1533	,	21	,	3	)
(	1534	,	22	,	3	)
(	1535	,	23	,	3	)
(	1536	,	24	,	3	)
(	1537	,	1	,	3	)
(	1538	,	2	,	3	)
(	1539	,	3	,	3	)
(	1540	,	4	,	3	)
(	1541	,	5	,	3	)
(	1542	,	6	,	3	)
(	1543	,	7	,	3	)
(	1544	,	8	,	3	)
(	1545	,	9	,	3	)
(	1546	,	10	,	3	)
(	1547	,	11	,	3	)
(	1548	,	12	,	3	)
(	1549	,	13	,	3	)
(	1550	,	14	,	3	)
(	1551	,	15	,	3	)
(	1552	,	16	,	3	)
(	1553	,	17	,	3	)
(	1554	,	18	,	3	)
(	1555	,	19	,	3	)
(	1556	,	20	,	3	)
(	1557	,	21	,	3	)
(	1558	,	22	,	3	)
(	1559	,	23	,	3	)
(	1560	,	24	,	3	)
(	1561	,	1	,	3	)
(	1562	,	2	,	3	)
(	1563	,	3	,	3	)
(	1564	,	4	,	3	)
(	1565	,	5	,	3	)
(	1566	,	6	,	3	)
(	1567	,	7	,	3	)
(	1568	,	8	,	3	)
(	1569	,	9	,	3	)
(	1570	,	10	,	3	)
(	1571	,	11	,	3	)
(	1572	,	12	,	3	)
(	1573	,	13	,	3	)
(	1574	,	14	,	3	)
(	1575	,	15	,	3	)
(	1576	,	16	,	3	)
(	1577	,	17	,	3	)
(	1578	,	18	,	3	)
(	1579	,	19	,	3	)
(	1580	,	20	,	3	)
(	1581	,	21	,	3	)
(	1582	,	22	,	3	)
(	1583	,	23	,	3	)
(	1584	,	24	,	3	)
(	1585	,	1	,	3	)
(	1586	,	2	,	3	)
(	1587	,	3	,	3	)
(	1588	,	4	,	3	)
(	1589	,	5	,	3	)
(	1590	,	6	,	3	)
(	1591	,	7	,	3	)
(	1592	,	8	,	3	)
(	1593	,	9	,	3	)
(	1594	,	10	,	3	)
(	1595	,	11	,	3	)
(	1596	,	12	,	3	)
(	1597	,	13	,	3	)
(	1598	,	14	,	3	)
(	1599	,	15	,	3	)
(	1600	,	16	,	3	)
(	1601	,	17	,	3	)
(	1602	,	18	,	3	)
(	1603	,	19	,	3	)
(	1604	,	20	,	3	)
(	1605	,	21	,	3	)
(	1606	,	22	,	3	)
(	1607	,	23	,	3	)
(	1608	,	24	,	3	)
(	1609	,	1	,	3	)
(	1610	,	2	,	3	)
(	1611	,	3	,	3	)
(	1612	,	4	,	3	)
(	1613	,	5	,	3	)
(	1614	,	6	,	3	)
(	1615	,	7	,	3	)
(	1616	,	8	,	3	)
(	1617	,	9	,	3	)
(	1618	,	10	,	3	)
(	1619	,	11	,	3	)
(	1620	,	12	,	3	)
(	1621	,	13	,	3	)
(	1622	,	14	,	3	)
(	1623	,	15	,	3	)
(	1624	,	16	,	3	)
(	1625	,	17	,	3	)
(	1626	,	18	,	3	)
(	1627	,	19	,	3	)
(	1628	,	20	,	3	)
(	1629	,	21	,	3	)
(	1630	,	22	,	3	)
(	1631	,	23	,	3	)
(	1632	,	24	,	3	)
(	1633	,	1	,	3	)
(	1634	,	2	,	3	)
(	1635	,	3	,	3	)
(	1636	,	4	,	3	)
(	1637	,	5	,	3	)
(	1638	,	6	,	3	)
(	1639	,	7	,	3	)
(	1640	,	8	,	3	)
(	1641	,	9	,	3	)
(	1642	,	10	,	3	)
(	1643	,	11	,	3	)
(	1644	,	12	,	3	)
(	1645	,	13	,	3	)
(	1646	,	14	,	3	)
(	1647	,	15	,	3	)
(	1648	,	16	,	3	)
(	1649	,	17	,	3	)
(	1650	,	18	,	3	)
(	1651	,	19	,	3	)
(	1652	,	20	,	3	)
(	1653	,	21	,	3	)
(	1654	,	22	,	3	)
(	1655	,	23	,	3	)
(	1656	,	24	,	3	)
(	1657	,	1	,	4	)
(	1658	,	2	,	4	)
(	1659	,	3	,	4	)
(	1660	,	4	,	4	)
(	1661	,	5	,	4	)
(	1662	,	6	,	4	)
(	1663	,	7	,	4	)
(	1664	,	8	,	4	)
(	1665	,	9	,	4	)
(	1666	,	10	,	4	)
(	1667	,	11	,	4	)
(	1668	,	12	,	4	)
(	1669	,	13	,	4	)
(	1670	,	14	,	4	)
(	1671	,	15	,	4	)
(	1672	,	16	,	4	)
(	1673	,	17	,	4	)
(	1674	,	18	,	4	)
(	1675	,	19	,	4	)
(	1676	,	20	,	4	)
(	1677	,	21	,	4	)
(	1678	,	22	,	4	)
(	1679	,	23	,	4	)
(	1680	,	24	,	4	)
(	1681	,	1	,	4	)
(	1682	,	2	,	4	)
(	1683	,	3	,	4	)
(	1684	,	4	,	4	)
(	1685	,	5	,	4	)
(	1686	,	6	,	4	)
(	1687	,	7	,	4	)
(	1688	,	8	,	4	)
(	1689	,	9	,	4	)
(	1690	,	10	,	4	)
(	1691	,	11	,	4	)
(	1692	,	12	,	4	)
(	1693	,	13	,	4	)
(	1694	,	14	,	4	)
(	1695	,	15	,	4	)
(	1696	,	16	,	4	)
(	1697	,	17	,	4	)
(	1698	,	18	,	4	)
(	1699	,	19	,	4	)
(	1700	,	20	,	4	)
(	1701	,	21	,	4	)
(	1702	,	22	,	4	)
(	1703	,	23	,	4	)
(	1704	,	24	,	4	)
(	1705	,	1	,	3	)
(	1706	,	2	,	3	)
(	1707	,	3	,	3	)
(	1708	,	4	,	3	)
(	1709	,	5	,	3	)
(	1710	,	6	,	3	)
(	1711	,	7	,	3	)
(	1712	,	8	,	3	)
(	1713	,	9	,	3	)
(	1714	,	10	,	3	)
(	1715	,	11	,	3	)
(	1716	,	12	,	3	)
(	1717	,	13	,	3	)
(	1718	,	14	,	3	)
(	1719	,	15	,	3	)
(	1720	,	16	,	3	)
(	1721	,	17	,	3	)
(	1722	,	18	,	3	)
(	1723	,	19	,	3	)
(	1724	,	20	,	3	)
(	1725	,	21	,	3	)
(	1726	,	22	,	3	)
(	1727	,	23	,	3	)
(	1728	,	24	,	3	)
(	1729	,	1	,	3	)
(	1730	,	2	,	3	)
(	1731	,	3	,	3	)
(	1732	,	4	,	3	)
(	1733	,	5	,	3	)
(	1734	,	6	,	3	)
(	1735	,	7	,	3	)
(	1736	,	8	,	3	)
(	1737	,	9	,	3	)
(	1738	,	10	,	3	)
(	1739	,	11	,	3	)
(	1740	,	12	,	3	)
(	1741	,	13	,	3	)
(	1742	,	14	,	3	)
(	1743	,	15	,	3	)
(	1744	,	16	,	3	)
(	1745	,	17	,	3	)
(	1746	,	18	,	3	)
(	1747	,	19	,	3	)
(	1748	,	20	,	3	)
(	1749	,	21	,	3	)
(	1750	,	22	,	3	)
(	1751	,	23	,	3	)
(	1752	,	24	,	3	)
(	1753	,	1	,	3	)
(	1754	,	2	,	3	)
(	1755	,	3	,	3	)
(	1756	,	4	,	3	)
(	1757	,	5	,	3	)
(	1758	,	6	,	3	)
(	1759	,	7	,	3	)
(	1760	,	8	,	3	)
(	1761	,	9	,	3	)
(	1762	,	10	,	3	)
(	1763	,	11	,	3	)
(	1764	,	12	,	3	)
(	1765	,	13	,	3	)
(	1766	,	14	,	3	)
(	1767	,	15	,	3	)
(	1768	,	16	,	3	)
(	1769	,	17	,	3	)
(	1770	,	18	,	3	)
(	1771	,	19	,	3	)
(	1772	,	20	,	3	)
(	1773	,	21	,	3	)
(	1774	,	22	,	3	)
(	1775	,	23	,	3	)
(	1776	,	24	,	3	)
(	1777	,	1	,	4	)
(	1778	,	2	,	4	)
(	1779	,	3	,	4	)
(	1780	,	4	,	4	)
(	1781	,	5	,	4	)
(	1782	,	6	,	4	)
(	1783	,	7	,	4	)
(	1784	,	8	,	4	)
(	1785	,	9	,	4	)
(	1786	,	10	,	4	)
(	1787	,	11	,	4	)
(	1788	,	12	,	4	)
(	1789	,	13	,	4	)
(	1790	,	14	,	4	)
(	1791	,	15	,	4	)
(	1792	,	16	,	4	)
(	1793	,	17	,	4	)
(	1794	,	18	,	4	)
(	1795	,	19	,	4	)
(	1796	,	20	,	4	)
(	1797	,	21	,	4	)
(	1798	,	22	,	4	)
(	1799	,	23	,	4	)
(	1800	,	24	,	4	)
(	1801	,	1	,	3	)
(	1802	,	2	,	3	)
(	1803	,	3	,	3	)
(	1804	,	4	,	3	)
(	1805	,	5	,	3	)
(	1806	,	6	,	3	)
(	1807	,	7	,	3	)
(	1808	,	8	,	3	)
(	1809	,	9	,	3	)
(	1810	,	10	,	3	)
(	1811	,	11	,	3	)
(	1812	,	12	,	3	)
(	1813	,	13	,	3	)
(	1814	,	14	,	3	)
(	1815	,	15	,	3	)
(	1816	,	16	,	3	)
(	1817	,	17	,	3	)
(	1818	,	18	,	3	)
(	1819	,	19	,	3	)
(	1820	,	20	,	3	)
(	1821	,	21	,	3	)
(	1822	,	22	,	3	)
(	1823	,	23	,	3	)
(	1824	,	24	,	3	)
(	1825	,	1	,	3	)
(	1826	,	2	,	3	)
(	1827	,	3	,	3	)
(	1828	,	4	,	3	)
(	1829	,	5	,	3	)
(	1830	,	6	,	3	)
(	1831	,	7	,	3	)
(	1832	,	8	,	3	)
(	1833	,	9	,	3	)
(	1834	,	10	,	3	)
(	1835	,	11	,	3	)
(	1836	,	12	,	3	)
(	1837	,	13	,	3	)
(	1838	,	14	,	3	)
(	1839	,	15	,	3	)
(	1840	,	16	,	3	)
(	1841	,	17	,	3	)
(	1842	,	18	,	3	)
(	1843	,	19	,	3	)
(	1844	,	20	,	3	)
(	1845	,	21	,	3	)
(	1846	,	22	,	3	)
(	1847	,	23	,	3	)
(	1848	,	24	,	3	)
(	1849	,	1	,	3	)
(	1850	,	2	,	3	)
(	1851	,	3	,	3	)
(	1852	,	4	,	3	)
(	1853	,	5	,	3	)
(	1854	,	6	,	3	)
(	1855	,	7	,	3	)
(	1856	,	8	,	3	)
(	1857	,	9	,	3	)
(	1858	,	10	,	3	)
(	1859	,	11	,	3	)
(	1860	,	12	,	3	)
(	1861	,	13	,	3	)
(	1862	,	14	,	3	)
(	1863	,	15	,	3	)
(	1864	,	16	,	3	)
(	1865	,	17	,	3	)
(	1866	,	18	,	3	)
(	1867	,	19	,	3	)
(	1868	,	20	,	3	)
(	1869	,	21	,	3	)
(	1870	,	22	,	3	)
(	1871	,	23	,	3	)
(	1872	,	24	,	3	)
(	1873	,	1	,	3	)
(	1874	,	2	,	3	)
(	1875	,	3	,	3	)
(	1876	,	4	,	3	)
(	1877	,	5	,	3	)
(	1878	,	6	,	3	)
(	1879	,	7	,	3	)
(	1880	,	8	,	3	)
(	1881	,	9	,	3	)
(	1882	,	10	,	3	)
(	1883	,	11	,	3	)
(	1884	,	12	,	3	)
(	1885	,	13	,	3	)
(	1886	,	14	,	3	)
(	1887	,	15	,	3	)
(	1888	,	16	,	3	)
(	1889	,	17	,	3	)
(	1890	,	18	,	3	)
(	1891	,	19	,	3	)
(	1892	,	20	,	3	)
(	1893	,	21	,	3	)
(	1894	,	22	,	3	)
(	1895	,	23	,	3	)
(	1896	,	24	,	3	)
(	1897	,	1	,	3	)
(	1898	,	2	,	3	)
(	1899	,	3	,	3	)
(	1900	,	4	,	3	)
(	1901	,	5	,	3	)
(	1902	,	6	,	3	)
(	1903	,	7	,	3	)
(	1904	,	8	,	3	)
(	1905	,	9	,	3	)
(	1906	,	10	,	3	)
(	1907	,	11	,	3	)
(	1908	,	12	,	3	)
(	1909	,	13	,	3	)
(	1910	,	14	,	3	)
(	1911	,	15	,	3	)
(	1912	,	16	,	3	)
(	1913	,	17	,	3	)
(	1914	,	18	,	3	)
(	1915	,	19	,	3	)
(	1916	,	20	,	3	)
(	1917	,	21	,	3	)
(	1918	,	22	,	3	)
(	1919	,	23	,	3	)
(	1920	,	24	,	3	)
(	1921	,	1	,	3	)
(	1922	,	2	,	3	)
(	1923	,	3	,	3	)
(	1924	,	4	,	3	)
(	1925	,	5	,	3	)
(	1926	,	6	,	3	)
(	1927	,	7	,	3	)
(	1928	,	8	,	3	)
(	1929	,	9	,	3	)
(	1930	,	10	,	3	)
(	1931	,	11	,	3	)
(	1932	,	12	,	3	)
(	1933	,	13	,	3	)
(	1934	,	14	,	3	)
(	1935	,	15	,	3	)
(	1936	,	16	,	3	)
(	1937	,	17	,	3	)
(	1938	,	18	,	3	)
(	1939	,	19	,	3	)
(	1940	,	20	,	3	)
(	1941	,	21	,	3	)
(	1942	,	22	,	3	)
(	1943	,	23	,	3	)
(	1944	,	24	,	3	)
(	1945	,	1	,	4	)
(	1946	,	2	,	4	)
(	1947	,	3	,	4	)
(	1948	,	4	,	4	)
(	1949	,	5	,	4	)
(	1950	,	6	,	4	)
(	1951	,	7	,	4	)
(	1952	,	8	,	4	)
(	1953	,	9	,	4	)
(	1954	,	10	,	4	)
(	1955	,	11	,	4	)
(	1956	,	12	,	4	)
(	1957	,	13	,	4	)
(	1958	,	14	,	4	)
(	1959	,	15	,	4	)
(	1960	,	16	,	4	)
(	1961	,	17	,	4	)
(	1962	,	18	,	4	)
(	1963	,	19	,	4	)
(	1964	,	20	,	4	)
(	1965	,	21	,	4	)
(	1966	,	22	,	4	)
(	1967	,	23	,	4	)
(	1968	,	24	,	4	)
(	1969	,	1	,	4	)
(	1970	,	2	,	4	)
(	1971	,	3	,	4	)
(	1972	,	4	,	4	)
(	1973	,	5	,	4	)
(	1974	,	6	,	4	)
(	1975	,	7	,	4	)
(	1976	,	8	,	4	)
(	1977	,	9	,	4	)
(	1978	,	10	,	4	)
(	1979	,	11	,	4	)
(	1980	,	12	,	4	)
(	1981	,	13	,	4	)
(	1982	,	14	,	4	)
(	1983	,	15	,	4	)
(	1984	,	16	,	4	)
(	1985	,	17	,	4	)
(	1986	,	18	,	4	)
(	1987	,	19	,	4	)
(	1988	,	20	,	4	)
(	1989	,	21	,	4	)
(	1990	,	22	,	4	)
(	1991	,	23	,	4	)
(	1992	,	24	,	4	)
(	1993	,	1	,	4	)
(	1994	,	2	,	4	)
(	1995	,	3	,	4	)
(	1996	,	4	,	4	)
(	1997	,	5	,	4	)
(	1998	,	6	,	4	)
(	1999	,	7	,	4	)
(	2000	,	8	,	4	)
(	2001	,	9	,	4	)
(	2002	,	10	,	4	)
(	2003	,	11	,	4	)
(	2004	,	12	,	4	)
(	2005	,	13	,	4	)
(	2006	,	14	,	4	)
(	2007	,	15	,	4	)
(	2008	,	16	,	4	)
(	2009	,	17	,	4	)
(	2010	,	18	,	4	)
(	2011	,	19	,	4	)
(	2012	,	20	,	4	)
(	2013	,	21	,	4	)
(	2014	,	22	,	4	)
(	2015	,	23	,	4	)
(	2016	,	24	,	4	)
(	2017	,	1	,	4	)
(	2018	,	2	,	4	)
(	2019	,	3	,	4	)
(	2020	,	4	,	4	)
(	2021	,	5	,	4	)
(	2022	,	6	,	4	)
(	2023	,	7	,	4	)
(	2024	,	8	,	4	)
(	2025	,	9	,	4	)
(	2026	,	10	,	4	)
(	2027	,	11	,	4	)
(	2028	,	12	,	4	)
(	2029	,	13	,	4	)
(	2030	,	14	,	4	)
(	2031	,	15	,	4	)
(	2032	,	16	,	4	)
(	2033	,	17	,	4	)
(	2034	,	18	,	4	)
(	2035	,	19	,	4	)
(	2036	,	20	,	4	)
(	2037	,	21	,	4	)
(	2038	,	22	,	4	)
(	2039	,	23	,	4	)
(	2040	,	24	,	4	)
(	2041	,	1	,	4	)
(	2042	,	2	,	4	)
(	2043	,	3	,	4	)
(	2044	,	4	,	4	)
(	2045	,	5	,	4	)
(	2046	,	6	,	4	)
(	2047	,	7	,	4	)
(	2048	,	8	,	4	)
(	2049	,	9	,	4	)
(	2050	,	10	,	4	)
(	2051	,	11	,	4	)
(	2052	,	12	,	4	)
(	2053	,	13	,	4	)
(	2054	,	14	,	4	)
(	2055	,	15	,	4	)
(	2056	,	16	,	4	)
(	2057	,	17	,	4	)
(	2058	,	18	,	4	)
(	2059	,	19	,	4	)
(	2060	,	20	,	4	)
(	2061	,	21	,	4	)
(	2062	,	22	,	4	)
(	2063	,	23	,	4	)
(	2064	,	24	,	4	)
(	2065	,	1	,	2	)
(	2066	,	2	,	2	)
(	2067	,	3	,	2	)
(	2068	,	4	,	2	)
(	2069	,	5	,	2	)
(	2070	,	6	,	2	)
(	2071	,	7	,	2	)
(	2072	,	8	,	2	)
(	2073	,	9	,	2	)
(	2074	,	10	,	2	)
(	2075	,	11	,	2	)
(	2076	,	12	,	2	)
(	2077	,	13	,	2	)
(	2078	,	14	,	2	)
(	2079	,	15	,	2	)
(	2080	,	16	,	2	)
(	2081	,	17	,	2	)
(	2082	,	18	,	2	)
(	2083	,	19	,	2	)
(	2084	,	20	,	2	)
(	2085	,	21	,	2	)
(	2086	,	22	,	2	)
(	2087	,	23	,	2	)
(	2088	,	24	,	2	)
(	2089	,	1	,	4	)
(	2090	,	2	,	4	)
(	2091	,	3	,	4	)
(	2092	,	4	,	4	)
(	2093	,	5	,	4	)
(	2094	,	6	,	4	)
(	2095	,	7	,	4	)
(	2096	,	8	,	4	)
(	2097	,	9	,	4	)
(	2098	,	10	,	4	)
(	2099	,	11	,	4	)
(	2100	,	12	,	4	)
(	2101	,	13	,	4	)
(	2102	,	14	,	4	)
(	2103	,	15	,	4	)
(	2104	,	16	,	4	)
(	2105	,	17	,	4	)
(	2106	,	18	,	4	)
(	2107	,	19	,	4	)
(	2108	,	20	,	4	)
(	2109	,	21	,	4	)
(	2110	,	22	,	4	)
(	2111	,	23	,	4	)
(	2112	,	24	,	4	)
(	2113	,	1	,	4	)
(	2114	,	2	,	4	)
(	2115	,	3	,	4	)
(	2116	,	4	,	4	)
(	2117	,	5	,	4	)
(	2118	,	6	,	4	)
(	2119	,	7	,	4	)
(	2120	,	8	,	4	)
(	2121	,	9	,	4	)
(	2122	,	10	,	4	)
(	2123	,	11	,	4	)
(	2124	,	12	,	4	)
(	2125	,	13	,	4	)
(	2126	,	14	,	4	)
(	2127	,	15	,	4	)
(	2128	,	16	,	4	)
(	2129	,	17	,	4	)
(	2130	,	18	,	4	)
(	2131	,	19	,	4	)
(	2132	,	20	,	4	)
(	2133	,	21	,	4	)
(	2134	,	22	,	4	)
(	2135	,	23	,	4	)
(	2136	,	24	,	4	)
(	2137	,	1	,	4	)
(	2138	,	2	,	4	)
(	2139	,	3	,	4	)
(	2140	,	4	,	4	)
(	2141	,	5	,	4	)
(	2142	,	6	,	4	)
(	2143	,	7	,	4	)
(	2144	,	8	,	4	)
(	2145	,	9	,	4	)
(	2146	,	10	,	4	)
(	2147	,	11	,	4	)
(	2148	,	12	,	4	)
(	2149	,	13	,	4	)
(	2150	,	14	,	4	)
(	2151	,	15	,	4	)
(	2152	,	16	,	4	)
(	2153	,	17	,	4	)
(	2154	,	18	,	4	)
(	2155	,	19	,	4	)
(	2156	,	20	,	4	)
(	2157	,	21	,	4	)
(	2158	,	22	,	4	)
(	2159	,	23	,	4	)
(	2160	,	24	,	4	)
(	2161	,	1	,	4	)
(	2162	,	2	,	4	)
(	2163	,	3	,	4	)
(	2164	,	4	,	4	)
(	2165	,	5	,	4	)
(	2166	,	6	,	4	)
(	2167	,	7	,	4	)
(	2168	,	8	,	4	)
(	2169	,	9	,	4	)
(	2170	,	10	,	4	)
(	2171	,	11	,	4	)
(	2172	,	12	,	4	)
(	2173	,	13	,	4	)
(	2174	,	14	,	4	)
(	2175	,	15	,	4	)
(	2176	,	16	,	4	)
(	2177	,	17	,	4	)
(	2178	,	18	,	4	)
(	2179	,	19	,	4	)
(	2180	,	20	,	4	)
(	2181	,	21	,	4	)
(	2182	,	22	,	4	)
(	2183	,	23	,	4	)
(	2184	,	24	,	4	)
(	2185	,	1	,	4	)
(	2186	,	2	,	4	)
(	2187	,	3	,	4	)
(	2188	,	4	,	4	)
(	2189	,	5	,	4	)
(	2190	,	6	,	4	)
(	2191	,	7	,	4	)
(	2192	,	8	,	4	)
(	2193	,	9	,	4	)
(	2194	,	10	,	4	)
(	2195	,	11	,	4	)
(	2196	,	12	,	4	)
(	2197	,	13	,	4	)
(	2198	,	14	,	4	)
(	2199	,	15	,	4	)
(	2200	,	16	,	4	)
(	2201	,	17	,	4	)
(	2202	,	18	,	4	)
(	2203	,	19	,	4	)
(	2204	,	20	,	4	)
(	2205	,	21	,	4	)
(	2206	,	22	,	4	)
(	2207	,	23	,	4	)
(	2208	,	24	,	4	)
(	2209	,	1	,	4	)
(	2210	,	2	,	4	)
(	2211	,	3	,	4	)
(	2212	,	4	,	4	)
(	2213	,	5	,	4	)
(	2214	,	6	,	4	)
(	2215	,	7	,	4	)
(	2216	,	8	,	4	)
(	2217	,	9	,	4	)
(	2218	,	10	,	4	)
(	2219	,	11	,	4	)
(	2220	,	12	,	4	)
(	2221	,	13	,	4	)
(	2222	,	14	,	4	)
(	2223	,	15	,	4	)
(	2224	,	16	,	4	)
(	2225	,	17	,	4	)
(	2226	,	18	,	4	)
(	2227	,	19	,	4	)
(	2228	,	20	,	4	)
(	2229	,	21	,	4	)
(	2230	,	22	,	4	)
(	2231	,	23	,	4	)
(	2232	,	24	,	4	)
(	2233	,	1	,	4	)
(	2234	,	2	,	4	)
(	2235	,	3	,	4	)
(	2236	,	4	,	4	)
(	2237	,	5	,	4	)
(	2238	,	6	,	4	)
(	2239	,	7	,	4	)
(	2240	,	8	,	4	)
(	2241	,	9	,	4	)
(	2242	,	10	,	4	)
(	2243	,	11	,	4	)
(	2244	,	12	,	4	)
(	2245	,	13	,	4	)
(	2246	,	14	,	4	)
(	2247	,	15	,	4	)
(	2248	,	16	,	4	)
(	2249	,	17	,	4	)
(	2250	,	18	,	4	)
(	2251	,	19	,	4	)
(	2252	,	20	,	4	)
(	2253	,	21	,	4	)
(	2254	,	22	,	4	)
(	2255	,	23	,	4	)
(	2256	,	24	,	4	)
(	2257	,	1	,	4	)
(	2258	,	2	,	4	)
(	2259	,	3	,	4	)
(	2260	,	4	,	4	)
(	2261	,	5	,	4	)
(	2262	,	6	,	4	)
(	2263	,	7	,	4	)
(	2264	,	8	,	4	)
(	2265	,	9	,	4	)
(	2266	,	10	,	4	)
(	2267	,	11	,	4	)
(	2268	,	12	,	4	)
(	2269	,	13	,	4	)
(	2270	,	14	,	4	)
(	2271	,	15	,	4	)
(	2272	,	16	,	4	)
(	2273	,	17	,	4	)
(	2274	,	18	,	4	)
(	2275	,	19	,	4	)
(	2276	,	20	,	4	)
(	2277	,	21	,	4	)
(	2278	,	22	,	4	)
(	2279	,	23	,	4	)
(	2280	,	24	,	4	)
(	2281	,	1	,	4	)
(	2282	,	2	,	4	)
(	2283	,	3	,	4	)
(	2284	,	4	,	4	)
(	2285	,	5	,	4	)
(	2286	,	6	,	4	)
(	2287	,	7	,	4	)
(	2288	,	8	,	4	)
(	2289	,	9	,	4	)
(	2290	,	10	,	4	)
(	2291	,	11	,	4	)
(	2292	,	12	,	4	)
(	2293	,	13	,	4	)
(	2294	,	14	,	4	)
(	2295	,	15	,	4	)
(	2296	,	16	,	4	)
(	2297	,	17	,	4	)
(	2298	,	18	,	4	)
(	2299	,	19	,	4	)
(	2300	,	20	,	4	)
(	2301	,	21	,	4	)
(	2302	,	22	,	4	)
(	2303	,	23	,	4	)
(	2304	,	24	,	4	)
(	2305	,	1	,	3	)
(	2306	,	2	,	3	)
(	2307	,	3	,	3	)
(	2308	,	4	,	3	)
(	2309	,	5	,	3	)
(	2310	,	6	,	3	)
(	2311	,	7	,	3	)
(	2312	,	8	,	3	)
(	2313	,	9	,	3	)
(	2314	,	10	,	3	)
(	2315	,	11	,	3	)
(	2316	,	12	,	3	)
(	2317	,	13	,	3	)
(	2318	,	14	,	3	)
(	2319	,	15	,	3	)
(	2320	,	16	,	3	)
(	2321	,	17	,	3	)
(	2322	,	18	,	3	)
(	2323	,	19	,	3	)
(	2324	,	20	,	3	)
(	2325	,	21	,	3	)
(	2326	,	22	,	3	)
(	2327	,	23	,	3	)
(	2328	,	24	,	3	)
(	2329	,	1	,	3	)
(	2330	,	2	,	3	)
(	2331	,	3	,	3	)
(	2332	,	4	,	3	)
(	2333	,	5	,	3	)
(	2334	,	6	,	3	)
(	2335	,	7	,	3	)
(	2336	,	8	,	3	)
(	2337	,	9	,	3	)
(	2338	,	10	,	3	)
(	2339	,	11	,	3	)
(	2340	,	12	,	3	)
(	2341	,	13	,	3	)
(	2342	,	14	,	3	)
(	2343	,	15	,	3	)
(	2344	,	16	,	3	)
(	2345	,	17	,	3	)
(	2346	,	18	,	3	)
(	2347	,	19	,	3	)
(	2348	,	20	,	3	)
(	2349	,	21	,	3	)
(	2350	,	22	,	3	)
(	2351	,	23	,	3	)
(	2352	,	24	,	3	)
(	2353	,	1	,	4	)
(	2354	,	2	,	4	)
(	2355	,	3	,	4	)
(	2356	,	4	,	4	)
(	2357	,	5	,	4	)
(	2358	,	6	,	4	)
(	2359	,	7	,	4	)
(	2360	,	8	,	4	)
(	2361	,	9	,	4	)
(	2362	,	10	,	4	)
(	2363	,	11	,	4	)
(	2364	,	12	,	4	)
(	2365	,	13	,	4	)
(	2366	,	14	,	4	)
(	2367	,	15	,	4	)
(	2368	,	16	,	4	)
(	2369	,	17	,	4	)
(	2370	,	18	,	4	)
(	2371	,	19	,	4	)
(	2372	,	20	,	4	)
(	2373	,	21	,	4	)
(	2374	,	22	,	4	)
(	2375	,	23	,	4	)
(	2376	,	24	,	4	)
(	2377	,	1	,	3	)
(	2378	,	2	,	3	)
(	2379	,	3	,	3	)
(	2380	,	4	,	3	)
(	2381	,	5	,	3	)
(	2382	,	6	,	3	)
(	2383	,	7	,	3	)
(	2384	,	8	,	3	)
(	2385	,	9	,	3	)
(	2386	,	10	,	3	)
(	2387	,	11	,	3	)
(	2388	,	12	,	3	)
(	2389	,	13	,	3	)
(	2390	,	14	,	3	)
(	2391	,	15	,	3	)
(	2392	,	16	,	3	)
(	2393	,	17	,	3	)
(	2394	,	18	,	3	)
(	2395	,	19	,	3	)
(	2396	,	20	,	3	)
(	2397	,	21	,	3	)
(	2398	,	22	,	3	)
(	2399	,	23	,	3	)
(	2400	,	24	,	3	)
(	2401	,	1	,	4	)
(	2402	,	2	,	4	)
(	2403	,	3	,	4	)
(	2404	,	4	,	4	)
(	2405	,	5	,	4	)
(	2406	,	6	,	4	)
(	2407	,	7	,	4	)
(	2408	,	8	,	4	)
(	2409	,	9	,	4	)
(	2410	,	10	,	4	)
(	2411	,	11	,	4	)
(	2412	,	12	,	4	)
(	2413	,	13	,	4	)
(	2414	,	14	,	4	)
(	2415	,	15	,	4	)
(	2416	,	16	,	4	)
(	2417	,	17	,	4	)
(	2418	,	18	,	4	)
(	2419	,	19	,	4	)
(	2420	,	20	,	4	)
(	2421	,	21	,	4	)
(	2422	,	22	,	4	)
(	2423	,	23	,	4	)
(	2424	,	24	,	4	)
(	2425	,	1	,	5	)
(	2426	,	2	,	5	)
(	2427	,	3	,	5	)
(	2428	,	4	,	5	)
(	2429	,	5	,	5	)
(	2430	,	6	,	5	)
(	2431	,	7	,	5	)
(	2432	,	8	,	5	)
(	2433	,	9	,	5	)
(	2434	,	10	,	5	)
(	2435	,	11	,	5	)
(	2436	,	12	,	5	)
(	2437	,	13	,	5	)
(	2438	,	14	,	5	)
(	2439	,	15	,	5	)
(	2440	,	16	,	5	)
(	2441	,	17	,	5	)
(	2442	,	18	,	5	)
(	2443	,	19	,	5	)
(	2444	,	20	,	5	)
(	2445	,	21	,	5	)
(	2446	,	22	,	5	)
(	2447	,	23	,	5	)
(	2448	,	24	,	5	)
(	2449	,	1	,	3	)
(	2450	,	2	,	3	)
(	2451	,	3	,	3	)
(	2452	,	4	,	3	)
(	2453	,	5	,	3	)
(	2454	,	6	,	3	)
(	2455	,	7	,	3	)
(	2456	,	8	,	3	)
(	2457	,	9	,	3	)
(	2458	,	10	,	3	)
(	2459	,	11	,	3	)
(	2460	,	12	,	3	)
(	2461	,	13	,	3	)
(	2462	,	14	,	3	)
(	2463	,	15	,	3	)
(	2464	,	16	,	3	)
(	2465	,	17	,	3	)
(	2466	,	18	,	3	)
(	2467	,	19	,	3	)
(	2468	,	20	,	3	)
(	2469	,	21	,	3	)
(	2470	,	22	,	3	)
(	2471	,	23	,	3	)
(	2472	,	24	,	3	)
(	2473	,	1	,	5	)
(	2474	,	2	,	5	)
(	2475	,	3	,	5	)
(	2476	,	4	,	5	)
(	2477	,	5	,	5	)
(	2478	,	6	,	5	)
(	2479	,	7	,	5	)
(	2480	,	8	,	5	)
(	2481	,	9	,	5	)
(	2482	,	10	,	5	)
(	2483	,	11	,	5	)
(	2484	,	12	,	5	)
(	2485	,	13	,	5	)
(	2486	,	14	,	5	)
(	2487	,	15	,	5	)
(	2488	,	16	,	5	)
(	2489	,	17	,	5	)
(	2490	,	18	,	5	)
(	2491	,	19	,	5	)
(	2492	,	20	,	5	)
(	2493	,	21	,	5	)
(	2494	,	22	,	5	)
(	2495	,	23	,	5	)
(	2496	,	24	,	5	)
(	2497	,	1	,	5	)
(	2498	,	2	,	5	)
(	2499	,	3	,	5	)
(	2500	,	4	,	5	)
(	2501	,	5	,	5	)
(	2502	,	6	,	5	)
(	2503	,	7	,	5	)
(	2504	,	8	,	5	)
(	2505	,	9	,	5	)
(	2506	,	10	,	5	)
(	2507	,	11	,	5	)
(	2508	,	12	,	5	)
(	2509	,	13	,	5	)
(	2510	,	14	,	5	)
(	2511	,	15	,	5	)
(	2512	,	16	,	5	)
(	2513	,	17	,	5	)
(	2514	,	18	,	5	)
(	2515	,	19	,	5	)
(	2516	,	20	,	5	)
(	2517	,	21	,	5	)
(	2518	,	22	,	5	)
(	2519	,	23	,	5	)
(	2520	,	24	,	5	)
(	2521	,	1	,	5	)
(	2522	,	2	,	5	)
(	2523	,	3	,	5	)
(	2524	,	4	,	5	)
(	2525	,	5	,	5	)
(	2526	,	6	,	5	)
(	2527	,	7	,	5	)
(	2528	,	8	,	5	)
(	2529	,	9	,	5	)
(	2530	,	10	,	5	)
(	2531	,	11	,	5	)
(	2532	,	12	,	5	)
(	2533	,	13	,	5	)
(	2534	,	14	,	5	)
(	2535	,	15	,	5	)
(	2536	,	16	,	5	)
(	2537	,	17	,	5	)
(	2538	,	18	,	5	)
(	2539	,	19	,	5	)
(	2540	,	20	,	5	)
(	2541	,	21	,	5	)
(	2542	,	22	,	5	)
(	2543	,	23	,	5	)
(	2544	,	24	,	5	)
(	2545	,	1	,	5	)
(	2546	,	2	,	5	)
(	2547	,	3	,	5	)
(	2548	,	4	,	5	)
(	2549	,	5	,	5	)
(	2550	,	6	,	5	)
(	2551	,	7	,	5	)
(	2552	,	8	,	5	)
(	2553	,	9	,	5	)
(	2554	,	10	,	5	)
(	2555	,	11	,	5	)
(	2556	,	12	,	5	)
(	2557	,	13	,	5	)
(	2558	,	14	,	5	)
(	2559	,	15	,	5	)
(	2560	,	16	,	5	)
(	2561	,	17	,	5	)
(	2562	,	18	,	5	)
(	2563	,	19	,	5	)
(	2564	,	20	,	5	)
(	2565	,	21	,	5	)
(	2566	,	22	,	5	)
(	2567	,	23	,	5	)
(	2568	,	24	,	5	)
(	2569	,	1	,	5	)
(	2570	,	2	,	5	)
(	2571	,	3	,	5	)
(	2572	,	4	,	5	)
(	2573	,	5	,	5	)
(	2574	,	6	,	5	)
(	2575	,	7	,	5	)
(	2576	,	8	,	5	)
(	2577	,	9	,	5	)
(	2578	,	10	,	5	)
(	2579	,	11	,	5	)
(	2580	,	12	,	5	)
(	2581	,	13	,	5	)
(	2582	,	14	,	5	)
(	2583	,	15	,	5	)
(	2584	,	16	,	5	)
(	2585	,	17	,	5	)
(	2586	,	18	,	5	)
(	2587	,	19	,	5	)
(	2588	,	20	,	5	)
(	2589	,	21	,	5	)
(	2590	,	22	,	5	)
(	2591	,	23	,	5	)
(	2592	,	24	,	5	)
(	2593	,	1	,	5	)
(	2594	,	2	,	5	)
(	2595	,	3	,	5	)
(	2596	,	4	,	5	)
(	2597	,	5	,	5	)
(	2598	,	6	,	5	)
(	2599	,	7	,	5	)
(	2600	,	8	,	5	)
(	2601	,	9	,	5	)
(	2602	,	10	,	5	)
(	2603	,	11	,	5	)
(	2604	,	12	,	5	)
(	2605	,	13	,	5	)
(	2606	,	14	,	5	)
(	2607	,	15	,	5	)
(	2608	,	16	,	5	)
(	2609	,	17	,	5	)
(	2610	,	18	,	5	)
(	2611	,	19	,	5	)
(	2612	,	20	,	5	)
(	2613	,	21	,	5	)
(	2614	,	22	,	5	)
(	2615	,	23	,	5	)
(	2616	,	24	,	5	)
(	2617	,	1	,	5	)
(	2618	,	2	,	5	)
(	2619	,	3	,	5	)
(	2620	,	4	,	5	)
(	2621	,	5	,	5	)
(	2622	,	6	,	5	)
(	2623	,	7	,	5	)
(	2624	,	8	,	5	)
(	2625	,	9	,	5	)
(	2626	,	10	,	5	)
(	2627	,	11	,	5	)
(	2628	,	12	,	5	)
(	2629	,	13	,	5	)
(	2630	,	14	,	5	)
(	2631	,	15	,	5	)
(	2632	,	16	,	5	)
(	2633	,	17	,	5	)
(	2634	,	18	,	5	)
(	2635	,	19	,	5	)
(	2636	,	20	,	5	)
(	2637	,	21	,	5	)
(	2638	,	22	,	5	)
(	2639	,	23	,	5	)
(	2640	,	24	,	5	)
(	2641	,	1	,	5	)
(	2642	,	2	,	5	)
(	2643	,	3	,	5	)
(	2644	,	4	,	5	)
(	2645	,	5	,	5	)
(	2646	,	6	,	5	)
(	2647	,	7	,	5	)
(	2648	,	8	,	5	)
(	2649	,	9	,	5	)
(	2650	,	10	,	5	)
(	2651	,	11	,	5	)
(	2652	,	12	,	5	)
(	2653	,	13	,	5	)
(	2654	,	14	,	5	)
(	2655	,	15	,	5	)
(	2656	,	16	,	5	)
(	2657	,	17	,	5	)
(	2658	,	18	,	5	)
(	2659	,	19	,	5	)
(	2660	,	20	,	5	)
(	2661	,	21	,	5	)
(	2662	,	22	,	5	)
(	2663	,	23	,	5	)
(	2664	,	24	,	5	)
(	2665	,	1	,	5	)
(	2666	,	2	,	5	)
(	2667	,	3	,	5	)
(	2668	,	4	,	5	)
(	2669	,	5	,	5	)
(	2670	,	6	,	5	)
(	2671	,	7	,	5	)
(	2672	,	8	,	5	)
(	2673	,	9	,	5	)
(	2674	,	10	,	5	)
(	2675	,	11	,	5	)
(	2676	,	12	,	5	)
(	2677	,	13	,	5	)
(	2678	,	14	,	5	)
(	2679	,	15	,	5	)
(	2680	,	16	,	5	)
(	2681	,	17	,	5	)
(	2682	,	18	,	5	)
(	2683	,	19	,	5	)
(	2684	,	20	,	5	)
(	2685	,	21	,	5	)
(	2686	,	22	,	5	)
(	2687	,	23	,	5	)
(	2688	,	24	,	5	)
(	2689	,	1	,	6	)
(	2690	,	2	,	6	)
(	2691	,	3	,	6	)
(	2692	,	4	,	6	)
(	2693	,	5	,	6	)
(	2694	,	6	,	6	)
(	2695	,	7	,	6	)
(	2696	,	8	,	6	)
(	2697	,	9	,	6	)
(	2698	,	10	,	6	)
(	2699	,	11	,	6	)
(	2700	,	12	,	6	)
(	2701	,	13	,	6	)
(	2702	,	14	,	6	)
(	2703	,	15	,	6	)
(	2704	,	16	,	6	)
(	2705	,	17	,	6	)
(	2706	,	18	,	6	)
(	2707	,	19	,	6	)
(	2708	,	20	,	6	)
(	2709	,	21	,	6	)
(	2710	,	22	,	6	)
(	2711	,	23	,	6	)
(	2712	,	24	,	6	)
(	2713	,	1	,	6	)
(	2714	,	2	,	6	)
(	2715	,	3	,	6	)
(	2716	,	4	,	6	)
(	2717	,	5	,	6	)
(	2718	,	6	,	6	)
(	2719	,	7	,	6	)
(	2720	,	8	,	6	)
(	2721	,	9	,	6	)
(	2722	,	10	,	6	)
(	2723	,	11	,	6	)
(	2724	,	12	,	6	)
(	2725	,	13	,	6	)
(	2726	,	14	,	6	)
(	2727	,	15	,	6	)
(	2728	,	16	,	6	)
(	2729	,	17	,	6	)
(	2730	,	18	,	6	)
(	2731	,	19	,	6	)
(	2732	,	20	,	6	)
(	2733	,	21	,	6	)
(	2734	,	22	,	6	)
(	2735	,	23	,	6	)
(	2736	,	24	,	6	)
(	2737	,	1	,	6	)
(	2738	,	2	,	6	)
(	2739	,	3	,	6	)
(	2740	,	4	,	6	)
(	2741	,	5	,	6	)
(	2742	,	6	,	6	)
(	2743	,	7	,	6	)
(	2744	,	8	,	6	)
(	2745	,	9	,	6	)
(	2746	,	10	,	6	)
(	2747	,	11	,	6	)
(	2748	,	12	,	6	)
(	2749	,	13	,	6	)
(	2750	,	14	,	6	)
(	2751	,	15	,	6	)
(	2752	,	16	,	6	)
(	2753	,	17	,	6	)
(	2754	,	18	,	6	)
(	2755	,	19	,	6	)
(	2756	,	20	,	6	)
(	2757	,	21	,	6	)
(	2758	,	22	,	6	)
(	2759	,	23	,	6	)
(	2760	,	24	,	6	)
(	2761	,	1	,	6	)
(	2762	,	2	,	6	)
(	2763	,	3	,	6	)
(	2764	,	4	,	6	)
(	2765	,	5	,	6	)
(	2766	,	6	,	6	)
(	2767	,	7	,	6	)
(	2768	,	8	,	6	)
(	2769	,	9	,	6	)
(	2770	,	10	,	6	)
(	2771	,	11	,	6	)
(	2772	,	12	,	6	)
(	2773	,	13	,	6	)
(	2774	,	14	,	6	)
(	2775	,	15	,	6	)
(	2776	,	16	,	6	)
(	2777	,	17	,	6	)
(	2778	,	18	,	6	)
(	2779	,	19	,	6	)
(	2780	,	20	,	6	)
(	2781	,	21	,	6	)
(	2782	,	22	,	6	)
(	2783	,	23	,	6	)
(	2784	,	24	,	6	)
(	2785	,	1	,	6	)
(	2786	,	2	,	6	)
(	2787	,	3	,	6	)
(	2788	,	4	,	6	)
(	2789	,	5	,	6	)
(	2790	,	6	,	6	)
(	2791	,	7	,	6	)
(	2792	,	8	,	6	)
(	2793	,	9	,	6	)
(	2794	,	10	,	6	)
(	2795	,	11	,	6	)
(	2796	,	12	,	6	)
(	2797	,	13	,	6	)
(	2798	,	14	,	6	)
(	2799	,	15	,	6	)
(	2800	,	16	,	6	)
(	2801	,	17	,	6	)
(	2802	,	18	,	6	)
(	2803	,	19	,	6	)
(	2804	,	20	,	6	)
(	2805	,	21	,	6	)
(	2806	,	22	,	6	)
(	2807	,	23	,	6	)
(	2808	,	24	,	6	)
(	2809	,	1	,	6	)
(	2810	,	2	,	6	)
(	2811	,	3	,	6	)
(	2812	,	4	,	6	)
(	2813	,	5	,	6	)
(	2814	,	6	,	6	)
(	2815	,	7	,	6	)
(	2816	,	8	,	6	)
(	2817	,	9	,	6	)
(	2818	,	10	,	6	)
(	2819	,	11	,	6	)
(	2820	,	12	,	6	)
(	2821	,	13	,	6	)
(	2822	,	14	,	6	)
(	2823	,	15	,	6	)
(	2824	,	16	,	6	)
(	2825	,	17	,	6	)
(	2826	,	18	,	6	)
(	2827	,	19	,	6	)
(	2828	,	20	,	6	)
(	2829	,	21	,	6	)
(	2830	,	22	,	6	)
(	2831	,	23	,	6	)
(	2832	,	24	,	6	)
(	2833	,	1	,	6	)
(	2834	,	2	,	6	)
(	2835	,	3	,	6	)
(	2836	,	4	,	6	)
(	2837	,	5	,	6	)
(	2838	,	6	,	6	)
(	2839	,	7	,	6	)
(	2840	,	8	,	6	)
(	2841	,	9	,	6	)
(	2842	,	10	,	6	)
(	2843	,	11	,	6	)
(	2844	,	12	,	6	)
(	2845	,	13	,	6	)
(	2846	,	14	,	6	)
(	2847	,	15	,	6	)
(	2848	,	16	,	6	)
(	2849	,	17	,	6	)
(	2850	,	18	,	6	)
(	2851	,	19	,	6	)
(	2852	,	20	,	6	)
(	2853	,	21	,	6	)
(	2854	,	22	,	6	)
(	2855	,	23	,	6	)
(	2856	,	24	,	6	)
(	2857	,	1	,	6	)
(	2858	,	2	,	6	)
(	2859	,	3	,	6	)
(	2860	,	4	,	6	)
(	2861	,	5	,	6	)
(	2862	,	6	,	6	)
(	2863	,	7	,	6	)
(	2864	,	8	,	6	)
(	2865	,	9	,	6	)
(	2866	,	10	,	6	)
(	2867	,	11	,	6	)
(	2868	,	12	,	6	)
(	2869	,	13	,	6	)
(	2870	,	14	,	6	)
(	2871	,	15	,	6	)
(	2872	,	16	,	6	)
(	2873	,	17	,	6	)
(	2874	,	18	,	6	)
(	2875	,	19	,	6	)
(	2876	,	20	,	6	)
(	2877	,	21	,	6	)
(	2878	,	22	,	6	)
(	2879	,	23	,	6	)
(	2880	,	24	,	6	)
(	2881	,	1	,	6	)
(	2882	,	2	,	6	)
(	2883	,	3	,	6	)
(	2884	,	4	,	6	)
(	2885	,	5	,	6	)
(	2886	,	6	,	6	)
(	2887	,	7	,	6	)
(	2888	,	8	,	6	)
(	2889	,	9	,	6	)
(	2890	,	10	,	6	)
(	2891	,	11	,	6	)
(	2892	,	12	,	6	)
(	2893	,	13	,	6	)
(	2894	,	14	,	6	)
(	2895	,	15	,	6	)
(	2896	,	16	,	6	)
(	2897	,	17	,	6	)
(	2898	,	18	,	6	)
(	2899	,	19	,	6	)
(	2900	,	20	,	6	)
(	2901	,	21	,	6	)
(	2902	,	22	,	6	)
(	2903	,	23	,	6	)
(	2904	,	24	,	6	)
(	2905	,	1	,	6	)
(	2906	,	2	,	6	)
(	2907	,	3	,	6	)
(	2908	,	4	,	6	)
(	2909	,	5	,	6	)
(	2910	,	6	,	6	)
(	2911	,	7	,	6	)
(	2912	,	8	,	6	)
(	2913	,	9	,	6	)
(	2914	,	10	,	6	)
(	2915	,	11	,	6	)
(	2916	,	12	,	6	)
(	2917	,	13	,	6	)
(	2918	,	14	,	6	)
(	2919	,	15	,	6	)
(	2920	,	16	,	6	)
(	2921	,	17	,	6	)
(	2922	,	18	,	6	)
(	2923	,	19	,	6	)
(	2924	,	20	,	6	)
(	2925	,	21	,	6	)
(	2926	,	22	,	6	)
(	2927	,	23	,	6	)
(	2928	,	24	,	6	)
(	2929	,	1	,	6	)
(	2930	,	2	,	6	)
(	2931	,	3	,	6	)
(	2932	,	4	,	6	)
(	2933	,	5	,	6	)
(	2934	,	6	,	6	)
(	2935	,	7	,	6	)
(	2936	,	8	,	6	)
(	2937	,	9	,	6	)
(	2938	,	10	,	6	)
(	2939	,	11	,	6	)
(	2940	,	12	,	6	)
(	2941	,	13	,	6	)
(	2942	,	14	,	6	)
(	2943	,	15	,	6	)
(	2944	,	16	,	6	)
(	2945	,	17	,	6	)
(	2946	,	18	,	6	)
(	2947	,	19	,	6	)
(	2948	,	20	,	6	)
(	2949	,	21	,	6	)
(	2950	,	22	,	6	)
(	2951	,	23	,	6	)
(	2952	,	24	,	6	)
(	2953	,	1	,	14	)
(	2954	,	2	,	14	)
(	2955	,	3	,	14	)
(	2956	,	4	,	14	)
(	2957	,	5	,	14	)
(	2958	,	6	,	14	)
(	2959	,	7	,	14	)
(	2960	,	8	,	14	)
(	2961	,	9	,	14	)
(	2962	,	10	,	14	)
(	2963	,	11	,	14	)
(	2964	,	12	,	14	)
(	2965	,	13	,	14	)
(	2966	,	14	,	14	)
(	2967	,	15	,	14	)
(	2968	,	16	,	14	)
(	2969	,	17	,	14	)
(	2970	,	18	,	14	)
(	2971	,	19	,	14	)
(	2972	,	20	,	14	)
(	2973	,	21	,	14	)
(	2974	,	22	,	14	)
(	2975	,	23	,	14	)
(	2976	,	24	,	14	)
(	2977	,	1	,	6	)
(	2978	,	2	,	6	)
(	2979	,	3	,	6	)
(	2980	,	4	,	6	)
(	2981	,	5	,	6	)
(	2982	,	6	,	6	)
(	2983	,	7	,	6	)
(	2984	,	8	,	6	)
(	2985	,	9	,	6	)
(	2986	,	10	,	6	)
(	2987	,	11	,	6	)
(	2988	,	12	,	6	)
(	2989	,	13	,	6	)
(	2990	,	14	,	6	)
(	2991	,	15	,	6	)
(	2992	,	16	,	6	)
(	2993	,	17	,	6	)
(	2994	,	18	,	6	)
(	2995	,	19	,	6	)
(	2996	,	20	,	6	)
(	2997	,	21	,	6	)
(	2998	,	22	,	6	)
(	2999	,	23	,	6	)
(	3000	,	24	,	6	)
(	3001	,	1	,	6	)
(	3002	,	2	,	6	)
(	3003	,	3	,	6	)
(	3004	,	4	,	6	)
(	3005	,	5	,	6	)
(	3006	,	6	,	6	)
(	3007	,	7	,	6	)
(	3008	,	8	,	6	)
(	3009	,	9	,	6	)
(	3010	,	10	,	6	)
(	3011	,	11	,	6	)
(	3012	,	12	,	6	)
(	3013	,	13	,	6	)
(	3014	,	14	,	6	)
(	3015	,	15	,	6	)
(	3016	,	16	,	6	)
(	3017	,	17	,	6	)
(	3018	,	18	,	6	)
(	3019	,	19	,	6	)
(	3020	,	20	,	6	)
(	3021	,	21	,	6	)
(	3022	,	22	,	6	)
(	3023	,	23	,	6	)
(	3024	,	24	,	6	)
(	3025	,	1	,	7	)
(	3026	,	2	,	7	)
(	3027	,	3	,	7	)
(	3028	,	4	,	7	)
(	3029	,	5	,	7	)
(	3030	,	6	,	7	)
(	3031	,	7	,	7	)
(	3032	,	8	,	7	)
(	3033	,	9	,	7	)
(	3034	,	10	,	7	)
(	3035	,	11	,	7	)
(	3036	,	12	,	7	)
(	3037	,	13	,	7	)
(	3038	,	14	,	7	)
(	3039	,	15	,	7	)
(	3040	,	16	,	7	)
(	3041	,	17	,	7	)
(	3042	,	18	,	7	)
(	3043	,	19	,	7	)
(	3044	,	20	,	7	)
(	3045	,	21	,	7	)
(	3046	,	22	,	7	)
(	3047	,	23	,	7	)
(	3048	,	24	,	7	)
(	3049	,	1	,	7	)
(	3050	,	2	,	7	)
(	3051	,	3	,	7	)
(	3052	,	4	,	7	)
(	3053	,	5	,	7	)
(	3054	,	6	,	7	)
(	3055	,	7	,	7	)
(	3056	,	8	,	7	)
(	3057	,	9	,	7	)
(	3058	,	10	,	7	)
(	3059	,	11	,	7	)
(	3060	,	12	,	7	)
(	3061	,	13	,	7	)
(	3062	,	14	,	7	)
(	3063	,	15	,	7	)
(	3064	,	16	,	7	)
(	3065	,	17	,	7	)
(	3066	,	18	,	7	)
(	3067	,	19	,	7	)
(	3068	,	20	,	7	)
(	3069	,	21	,	7	)
(	3070	,	22	,	7	)
(	3071	,	23	,	7	)
(	3072	,	24	,	7	)
(	3073	,	1	,	7	)
(	3074	,	2	,	7	)
(	3075	,	3	,	7	)
(	3076	,	4	,	7	)
(	3077	,	5	,	7	)
(	3078	,	6	,	7	)
(	3079	,	7	,	7	)
(	3080	,	8	,	7	)
(	3081	,	9	,	7	)
(	3082	,	10	,	7	)
(	3083	,	11	,	7	)
(	3084	,	12	,	7	)
(	3085	,	13	,	7	)
(	3086	,	14	,	7	)
(	3087	,	15	,	7	)
(	3088	,	16	,	7	)
(	3089	,	17	,	7	)
(	3090	,	18	,	7	)
(	3091	,	19	,	7	)
(	3092	,	20	,	7	)
(	3093	,	21	,	7	)
(	3094	,	22	,	7	)
(	3095	,	23	,	7	)
(	3096	,	24	,	7	)
(	3097	,	1	,	7	)
(	3098	,	2	,	7	)
(	3099	,	3	,	7	)
(	3100	,	4	,	7	)
(	3101	,	5	,	7	)
(	3102	,	6	,	7	)
(	3103	,	7	,	7	)
(	3104	,	8	,	7	)
(	3105	,	9	,	7	)
(	3106	,	10	,	7	)
(	3107	,	11	,	7	)
(	3108	,	12	,	7	)
(	3109	,	13	,	7	)
(	3110	,	14	,	7	)
(	3111	,	15	,	7	)
(	3112	,	16	,	7	)
(	3113	,	17	,	7	)
(	3114	,	18	,	7	)
(	3115	,	19	,	7	)
(	3116	,	20	,	7	)
(	3117	,	21	,	7	)
(	3118	,	22	,	7	)
(	3119	,	23	,	7	)
(	3120	,	24	,	7	)
(	3121	,	1	,	7	)
(	3122	,	2	,	7	)
(	3123	,	3	,	7	)
(	3124	,	4	,	7	)
(	3125	,	5	,	7	)
(	3126	,	6	,	7	)
(	3127	,	7	,	7	)
(	3128	,	8	,	7	)
(	3129	,	9	,	7	)
(	3130	,	10	,	7	)
(	3131	,	11	,	7	)
(	3132	,	12	,	7	)
(	3133	,	13	,	7	)
(	3134	,	14	,	7	)
(	3135	,	15	,	7	)
(	3136	,	16	,	7	)
(	3137	,	17	,	7	)
(	3138	,	18	,	7	)
(	3139	,	19	,	7	)
(	3140	,	20	,	7	)
(	3141	,	21	,	7	)
(	3142	,	22	,	7	)
(	3143	,	23	,	7	)
(	3144	,	24	,	7	)
(	3145	,	1	,	7	)
(	3146	,	2	,	7	)
(	3147	,	3	,	7	)
(	3148	,	4	,	7	)
(	3149	,	5	,	7	)
(	3150	,	6	,	7	)
(	3151	,	7	,	7	)
(	3152	,	8	,	7	)
(	3153	,	9	,	7	)
(	3154	,	10	,	7	)
(	3155	,	11	,	7	)
(	3156	,	12	,	7	)
(	3157	,	13	,	7	)
(	3158	,	14	,	7	)
(	3159	,	15	,	7	)
(	3160	,	16	,	7	)
(	3161	,	17	,	7	)
(	3162	,	18	,	7	)
(	3163	,	19	,	7	)
(	3164	,	20	,	7	)
(	3165	,	21	,	7	)
(	3166	,	22	,	7	)
(	3167	,	23	,	7	)
(	3168	,	24	,	7	)
(	3169	,	1	,	7	)
(	3170	,	2	,	7	)
(	3171	,	3	,	7	)
(	3172	,	4	,	7	)
(	3173	,	5	,	7	)
(	3174	,	6	,	7	)
(	3175	,	7	,	7	)
(	3176	,	8	,	7	)
(	3177	,	9	,	7	)
(	3178	,	10	,	7	)
(	3179	,	11	,	7	)
(	3180	,	12	,	7	)
(	3181	,	13	,	7	)
(	3182	,	14	,	7	)
(	3183	,	15	,	7	)
(	3184	,	16	,	7	)
(	3185	,	17	,	7	)
(	3186	,	18	,	7	)
(	3187	,	19	,	7	)
(	3188	,	20	,	7	)
(	3189	,	21	,	7	)
(	3190	,	22	,	7	)
(	3191	,	23	,	7	)
(	3192	,	24	,	7	)
(	3193	,	1	,	7	)
(	3194	,	2	,	7	)
(	3195	,	3	,	7	)
(	3196	,	4	,	7	)
(	3197	,	5	,	7	)
(	3198	,	6	,	7	)
(	3199	,	7	,	7	)
(	3200	,	8	,	7	)
(	3201	,	9	,	7	)
(	3202	,	10	,	7	)
(	3203	,	11	,	7	)
(	3204	,	12	,	7	)
(	3205	,	13	,	7	)
(	3206	,	14	,	7	)
(	3207	,	15	,	7	)
(	3208	,	16	,	7	)
(	3209	,	17	,	7	)
(	3210	,	18	,	7	)
(	3211	,	19	,	7	)
(	3212	,	20	,	7	)
(	3213	,	21	,	7	)
(	3214	,	22	,	7	)
(	3215	,	23	,	7	)
(	3216	,	24	,	7	)
(	3217	,	1	,	7	)
(	3218	,	2	,	7	)
(	3219	,	3	,	7	)
(	3220	,	4	,	7	)
(	3221	,	5	,	7	)
(	3222	,	6	,	7	)
(	3223	,	7	,	7	)
(	3224	,	8	,	7	)
(	3225	,	9	,	7	)
(	3226	,	10	,	7	)
(	3227	,	11	,	7	)
(	3228	,	12	,	7	)
(	3229	,	13	,	7	)
(	3230	,	14	,	7	)
(	3231	,	15	,	7	)
(	3232	,	16	,	7	)
(	3233	,	17	,	7	)
(	3234	,	18	,	7	)
(	3235	,	19	,	7	)
(	3236	,	20	,	7	)
(	3237	,	21	,	7	)
(	3238	,	22	,	7	)
(	3239	,	23	,	7	)
(	3240	,	24	,	7	)
(	3241	,	1	,	7	)
(	3242	,	2	,	7	)
(	3243	,	3	,	7	)
(	3244	,	4	,	7	)
(	3245	,	5	,	7	)
(	3246	,	6	,	7	)
(	3247	,	7	,	7	)
(	3248	,	8	,	7	)
(	3249	,	9	,	7	)
(	3250	,	10	,	7	)
(	3251	,	11	,	7	)
(	3252	,	12	,	7	)
(	3253	,	13	,	7	)
(	3254	,	14	,	7	)
(	3255	,	15	,	7	)
(	3256	,	16	,	7	)
(	3257	,	17	,	7	)
(	3258	,	18	,	7	)
(	3259	,	19	,	7	)
(	3260	,	20	,	7	)
(	3261	,	21	,	7	)
(	3262	,	22	,	7	)
(	3263	,	23	,	7	)
(	3264	,	24	,	7	)
(	3265	,	1	,	7	)
(	3266	,	2	,	7	)
(	3267	,	3	,	7	)
(	3268	,	4	,	7	)
(	3269	,	5	,	7	)
(	3270	,	6	,	7	)
(	3271	,	7	,	7	)
(	3272	,	8	,	7	)
(	3273	,	9	,	7	)
(	3274	,	10	,	7	)
(	3275	,	11	,	7	)
(	3276	,	12	,	7	)
(	3277	,	13	,	7	)
(	3278	,	14	,	7	)
(	3279	,	15	,	7	)
(	3280	,	16	,	7	)
(	3281	,	17	,	7	)
(	3282	,	18	,	7	)
(	3283	,	19	,	7	)
(	3284	,	20	,	7	)
(	3285	,	21	,	7	)
(	3286	,	22	,	7	)
(	3287	,	23	,	7	)
(	3288	,	24	,	7	)
(	3289	,	1	,	7	)
(	3290	,	2	,	7	)
(	3291	,	3	,	7	)
(	3292	,	4	,	7	)
(	3293	,	5	,	7	)
(	3294	,	6	,	7	)
(	3295	,	7	,	7	)
(	3296	,	8	,	7	)
(	3297	,	9	,	7	)
(	3298	,	10	,	7	)
(	3299	,	11	,	7	)
(	3300	,	12	,	7	)
(	3301	,	13	,	7	)
(	3302	,	14	,	7	)
(	3303	,	15	,	7	)
(	3304	,	16	,	7	)
(	3305	,	17	,	7	)
(	3306	,	18	,	7	)
(	3307	,	19	,	7	)
(	3308	,	20	,	7	)
(	3309	,	21	,	7	)
(	3310	,	22	,	7	)
(	3311	,	23	,	7	)
(	3312	,	24	,	7	)
(	3313	,	1	,	14	)
(	3314	,	2	,	14	)
(	3315	,	3	,	14	)
(	3316	,	4	,	14	)
(	3317	,	5	,	14	)
(	3318	,	6	,	14	)
(	3319	,	7	,	14	)
(	3320	,	8	,	14	)
(	3321	,	9	,	14	)
(	3322	,	10	,	14	)
(	3323	,	11	,	14	)
(	3324	,	12	,	14	)
(	3325	,	13	,	14	)
(	3326	,	14	,	14	)
(	3327	,	15	,	14	)
(	3328	,	16	,	14	)
(	3329	,	17	,	14	)
(	3330	,	18	,	14	)
(	3331	,	19	,	14	)
(	3332	,	20	,	14	)
(	3333	,	21	,	14	)
(	3334	,	22	,	14	)
(	3335	,	23	,	14	)
(	3336	,	24	,	14	)
(	3337	,	1	,	14	)
(	3338	,	2	,	14	)
(	3339	,	3	,	14	)
(	3340	,	4	,	14	)
(	3341	,	5	,	14	)
(	3342	,	6	,	14	)
(	3343	,	7	,	14	)
(	3344	,	8	,	14	)
(	3345	,	9	,	14	)
(	3346	,	10	,	14	)
(	3347	,	11	,	14	)
(	3348	,	12	,	14	)
(	3349	,	13	,	14	)
(	3350	,	14	,	14	)
(	3351	,	15	,	14	)
(	3352	,	16	,	14	)
(	3353	,	17	,	14	)
(	3354	,	18	,	14	)
(	3355	,	19	,	14	)
(	3356	,	20	,	14	)
(	3357	,	21	,	14	)
(	3358	,	22	,	14	)
(	3359	,	23	,	14	)
(	3360	,	24	,	14	)
(	3361	,	1	,	14	)
(	3362	,	2	,	14	)
(	3363	,	3	,	14	)
(	3364	,	4	,	14	)
(	3365	,	5	,	14	)
(	3366	,	6	,	14	)
(	3367	,	7	,	14	)
(	3368	,	8	,	14	)
(	3369	,	9	,	14	)
(	3370	,	10	,	14	)
(	3371	,	11	,	14	)
(	3372	,	12	,	14	)
(	3373	,	13	,	14	)
(	3374	,	14	,	14	)
(	3375	,	15	,	14	)
(	3376	,	16	,	14	)
(	3377	,	17	,	14	)
(	3378	,	18	,	14	)
(	3379	,	19	,	14	)
(	3380	,	20	,	14	)
(	3381	,	21	,	14	)
(	3382	,	22	,	14	)
(	3383	,	23	,	14	)
(	3384	,	24	,	14	)
(	3385	,	1	,	7	)
(	3386	,	2	,	7	)
(	3387	,	3	,	7	)
(	3388	,	4	,	7	)
(	3389	,	5	,	7	)
(	3390	,	6	,	7	)
(	3391	,	7	,	7	)
(	3392	,	8	,	7	)
(	3393	,	9	,	7	)
(	3394	,	10	,	7	)
(	3395	,	11	,	7	)
(	3396	,	12	,	7	)
(	3397	,	13	,	7	)
(	3398	,	14	,	7	)
(	3399	,	15	,	7	)
(	3400	,	16	,	7	)
(	3401	,	17	,	7	)
(	3402	,	18	,	7	)
(	3403	,	19	,	7	)
(	3404	,	20	,	7	)
(	3405	,	21	,	7	)
(	3406	,	22	,	7	)
(	3407	,	23	,	7	)
(	3408	,	24	,	7	)
(	3409	,	1	,	9	)
(	3410	,	2	,	9	)
(	3411	,	3	,	9	)
(	3412	,	4	,	9	)
(	3413	,	5	,	9	)
(	3414	,	6	,	9	)
(	3415	,	7	,	9	)
(	3416	,	8	,	9	)
(	3417	,	9	,	9	)
(	3418	,	10	,	9	)
(	3419	,	11	,	9	)
(	3420	,	12	,	9	)
(	3421	,	13	,	9	)
(	3422	,	14	,	9	)
(	3423	,	15	,	9	)
(	3424	,	16	,	9	)
(	3425	,	17	,	9	)
(	3426	,	18	,	9	)
(	3427	,	19	,	9	)
(	3428	,	20	,	9	)
(	3429	,	21	,	9	)
(	3430	,	22	,	9	)
(	3431	,	23	,	9	)
(	3432	,	24	,	9	)
(	3433	,	1	,	7	)
(	3434	,	2	,	7	)
(	3435	,	3	,	7	)
(	3436	,	4	,	7	)
(	3437	,	5	,	7	)
(	3438	,	6	,	7	)
(	3439	,	7	,	7	)
(	3440	,	8	,	7	)
(	3441	,	9	,	7	)
(	3442	,	10	,	7	)
(	3443	,	11	,	7	)
(	3444	,	12	,	7	)
(	3445	,	13	,	7	)
(	3446	,	14	,	7	)
(	3447	,	15	,	7	)
(	3448	,	16	,	7	)
(	3449	,	17	,	7	)
(	3450	,	18	,	7	)
(	3451	,	19	,	7	)
(	3452	,	20	,	7	)
(	3453	,	21	,	7	)
(	3454	,	22	,	7	)
(	3455	,	23	,	7	)
(	3456	,	24	,	7	)
(	3457	,	1	,	7	)
(	3458	,	2	,	7	)
(	3459	,	3	,	7	)
(	3460	,	4	,	7	)
(	3461	,	5	,	7	)
(	3462	,	6	,	7	)
(	3463	,	7	,	7	)
(	3464	,	8	,	7	)
(	3465	,	9	,	7	)
(	3466	,	10	,	7	)
(	3467	,	11	,	7	)
(	3468	,	12	,	7	)
(	3469	,	13	,	7	)
(	3470	,	14	,	7	)
(	3471	,	15	,	7	)
(	3472	,	16	,	7	)
(	3473	,	17	,	7	)
(	3474	,	18	,	7	)
(	3475	,	19	,	7	)
(	3476	,	20	,	7	)
(	3477	,	21	,	7	)
(	3478	,	22	,	7	)
(	3479	,	23	,	7	)
(	3480	,	24	,	7	)
(	3481	,	1	,	8	)
(	3482	,	2	,	8	)
(	3483	,	3	,	8	)
(	3484	,	4	,	8	)
(	3485	,	5	,	8	)
(	3486	,	6	,	8	)
(	3487	,	7	,	8	)
(	3488	,	8	,	8	)
(	3489	,	9	,	8	)
(	3490	,	10	,	8	)
(	3491	,	11	,	8	)
(	3492	,	12	,	8	)
(	3493	,	13	,	8	)
(	3494	,	14	,	8	)
(	3495	,	15	,	8	)
(	3496	,	16	,	8	)
(	3497	,	17	,	8	)
(	3498	,	18	,	8	)
(	3499	,	19	,	8	)
(	3500	,	20	,	8	)
(	3501	,	21	,	8	)
(	3502	,	22	,	8	)
(	3503	,	23	,	8	)
(	3504	,	24	,	8	)
(	3505	,	1	,	8	)
(	3506	,	2	,	8	)
(	3507	,	3	,	8	)
(	3508	,	4	,	8	)
(	3509	,	5	,	8	)
(	3510	,	6	,	8	)
(	3511	,	7	,	8	)
(	3512	,	8	,	8	)
(	3513	,	9	,	8	)
(	3514	,	10	,	8	)
(	3515	,	11	,	8	)
(	3516	,	12	,	8	)
(	3517	,	13	,	8	)
(	3518	,	14	,	8	)
(	3519	,	15	,	8	)
(	3520	,	16	,	8	)
(	3521	,	17	,	8	)
(	3522	,	18	,	8	)
(	3523	,	19	,	8	)
(	3524	,	20	,	8	)
(	3525	,	21	,	8	)
(	3526	,	22	,	8	)
(	3527	,	23	,	8	)
(	3528	,	24	,	8	)
(	3529	,	1	,	10	)
(	3530	,	2	,	10	)
(	3531	,	3	,	10	)
(	3532	,	4	,	10	)
(	3533	,	5	,	10	)
(	3534	,	6	,	10	)
(	3535	,	7	,	10	)
(	3536	,	8	,	10	)
(	3537	,	9	,	10	)
(	3538	,	10	,	10	)
(	3539	,	11	,	10	)
(	3540	,	12	,	10	)
(	3541	,	13	,	10	)
(	3542	,	14	,	10	)
(	3543	,	15	,	10	)
(	3544	,	16	,	10	)
(	3545	,	17	,	10	)
(	3546	,	18	,	10	)
(	3547	,	19	,	10	)
(	3548	,	20	,	10	)
(	3549	,	21	,	10	)
(	3550	,	22	,	10	)
(	3551	,	23	,	10	)
(	3552	,	24	,	10	)
(	3553	,	1	,	8	)
(	3554	,	2	,	8	)
(	3555	,	3	,	8	)
(	3556	,	4	,	8	)
(	3557	,	5	,	8	)
(	3558	,	6	,	8	)
(	3559	,	7	,	8	)
(	3560	,	8	,	8	)
(	3561	,	9	,	8	)
(	3562	,	10	,	8	)
(	3563	,	11	,	8	)
(	3564	,	12	,	8	)
(	3565	,	13	,	8	)
(	3566	,	14	,	8	)
(	3567	,	15	,	8	)
(	3568	,	16	,	8	)
(	3569	,	17	,	8	)
(	3570	,	18	,	8	)
(	3571	,	19	,	8	)
(	3572	,	20	,	8	)
(	3573	,	21	,	8	)
(	3574	,	22	,	8	)
(	3575	,	23	,	8	)
(	3576	,	24	,	8	)
(	3577	,	1	,	9	)
(	3578	,	2	,	9	)
(	3579	,	3	,	9	)
(	3580	,	4	,	9	)
(	3581	,	5	,	9	)
(	3582	,	6	,	9	)
(	3583	,	7	,	9	)
(	3584	,	8	,	9	)
(	3585	,	9	,	9	)
(	3586	,	10	,	9	)
(	3587	,	11	,	9	)
(	3588	,	12	,	9	)
(	3589	,	13	,	9	)
(	3590	,	14	,	9	)
(	3591	,	15	,	9	)
(	3592	,	16	,	9	)
(	3593	,	17	,	9	)
(	3594	,	18	,	9	)
(	3595	,	19	,	9	)
(	3596	,	20	,	9	)
(	3597	,	21	,	9	)
(	3598	,	22	,	9	)
(	3599	,	23	,	9	)
(	3600	,	24	,	9	)
(	3601	,	1	,	8	)
(	3602	,	2	,	8	)
(	3603	,	3	,	8	)
(	3604	,	4	,	8	)
(	3605	,	5	,	8	)
(	3606	,	6	,	8	)
(	3607	,	7	,	8	)
(	3608	,	8	,	8	)
(	3609	,	9	,	8	)
(	3610	,	10	,	8	)
(	3611	,	11	,	8	)
(	3612	,	12	,	8	)
(	3613	,	13	,	8	)
(	3614	,	14	,	8	)
(	3615	,	15	,	8	)
(	3616	,	16	,	8	)
(	3617	,	17	,	8	)
(	3618	,	18	,	8	)
(	3619	,	19	,	8	)
(	3620	,	20	,	8	)
(	3621	,	21	,	8	)
(	3622	,	22	,	8	)
(	3623	,	23	,	8	)
(	3624	,	24	,	8	)
(	3625	,	1	,	8	)
(	3626	,	2	,	8	)
(	3627	,	3	,	8	)
(	3628	,	4	,	8	)
(	3629	,	5	,	8	)
(	3630	,	6	,	8	)
(	3631	,	7	,	8	)
(	3632	,	8	,	8	)
(	3633	,	9	,	8	)
(	3634	,	10	,	8	)
(	3635	,	11	,	8	)
(	3636	,	12	,	8	)
(	3637	,	13	,	8	)
(	3638	,	14	,	8	)
(	3639	,	15	,	8	)
(	3640	,	16	,	8	)
(	3641	,	17	,	8	)
(	3642	,	18	,	8	)
(	3643	,	19	,	8	)
(	3644	,	20	,	8	)
(	3645	,	21	,	8	)
(	3646	,	22	,	8	)
(	3647	,	23	,	8	)
(	3648	,	24	,	8	)
(	3649	,	1	,	8	)
(	3650	,	2	,	8	)
(	3651	,	3	,	8	)
(	3652	,	4	,	8	)
(	3653	,	5	,	8	)
(	3654	,	6	,	8	)
(	3655	,	7	,	8	)
(	3656	,	8	,	8	)
(	3657	,	9	,	8	)
(	3658	,	10	,	8	)
(	3659	,	11	,	8	)
(	3660	,	12	,	8	)
(	3661	,	13	,	8	)
(	3662	,	14	,	8	)
(	3663	,	15	,	8	)
(	3664	,	16	,	8	)
(	3665	,	17	,	8	)
(	3666	,	18	,	8	)
(	3667	,	19	,	8	)
(	3668	,	20	,	8	)
(	3669	,	21	,	8	)
(	3670	,	22	,	8	)
(	3671	,	23	,	8	)
(	3672	,	24	,	8	)
(	3673	,	1	,	8	)
(	3674	,	2	,	8	)
(	3675	,	3	,	8	)
(	3676	,	4	,	8	)
(	3677	,	5	,	8	)
(	3678	,	6	,	8	)
(	3679	,	7	,	8	)
(	3680	,	8	,	8	)
(	3681	,	9	,	8	)
(	3682	,	10	,	8	)
(	3683	,	11	,	8	)
(	3684	,	12	,	8	)
(	3685	,	13	,	8	)
(	3686	,	14	,	8	)
(	3687	,	15	,	8	)
(	3688	,	16	,	8	)
(	3689	,	17	,	8	)
(	3690	,	18	,	8	)
(	3691	,	19	,	8	)
(	3692	,	20	,	8	)
(	3693	,	21	,	8	)
(	3694	,	22	,	8	)
(	3695	,	23	,	8	)
(	3696	,	24	,	8	)
(	3697	,	1	,	10	)
(	3698	,	2	,	10	)
(	3699	,	3	,	10	)
(	3700	,	4	,	10	)
(	3701	,	5	,	10	)
(	3702	,	6	,	10	)
(	3703	,	7	,	10	)
(	3704	,	8	,	10	)
(	3705	,	9	,	10	)
(	3706	,	10	,	10	)
(	3707	,	11	,	10	)
(	3708	,	12	,	10	)
(	3709	,	13	,	10	)
(	3710	,	14	,	10	)
(	3711	,	15	,	10	)
(	3712	,	16	,	10	)
(	3713	,	17	,	10	)
(	3714	,	18	,	10	)
(	3715	,	19	,	10	)
(	3716	,	20	,	10	)
(	3717	,	21	,	10	)
(	3718	,	22	,	10	)
(	3719	,	23	,	10	)
(	3720	,	24	,	10	)
(	3721	,	1	,	8	)
(	3722	,	2	,	8	)
(	3723	,	3	,	8	)
(	3724	,	4	,	8	)
(	3725	,	5	,	8	)
(	3726	,	6	,	8	)
(	3727	,	7	,	8	)
(	3728	,	8	,	8	)
(	3729	,	9	,	8	)
(	3730	,	10	,	8	)
(	3731	,	11	,	8	)
(	3732	,	12	,	8	)
(	3733	,	13	,	8	)
(	3734	,	14	,	8	)
(	3735	,	15	,	8	)
(	3736	,	16	,	8	)
(	3737	,	17	,	8	)
(	3738	,	18	,	8	)
(	3739	,	19	,	8	)
(	3740	,	20	,	8	)
(	3741	,	21	,	8	)
(	3742	,	22	,	8	)
(	3743	,	23	,	8	)
(	3744	,	24	,	8	)
(	3745	,	1	,	8	)
(	3746	,	2	,	8	)
(	3747	,	3	,	8	)
(	3748	,	4	,	8	)
(	3749	,	5	,	8	)
(	3750	,	6	,	8	)
(	3751	,	7	,	8	)
(	3752	,	8	,	8	)
(	3753	,	9	,	8	)
(	3754	,	10	,	8	)
(	3755	,	11	,	8	)
(	3756	,	12	,	8	)
(	3757	,	13	,	8	)
(	3758	,	14	,	8	)
(	3759	,	15	,	8	)
(	3760	,	16	,	8	)
(	3761	,	17	,	8	)
(	3762	,	18	,	8	)
(	3763	,	19	,	8	)
(	3764	,	20	,	8	)
(	3765	,	21	,	8	)
(	3766	,	22	,	8	)
(	3767	,	23	,	8	)
(	3768	,	24	,	8	)
(	3769	,	1	,	8	)
(	3770	,	2	,	8	)
(	3771	,	3	,	8	)
(	3772	,	4	,	8	)
(	3773	,	5	,	8	)
(	3774	,	6	,	8	)
(	3775	,	7	,	8	)
(	3776	,	8	,	8	)
(	3777	,	9	,	8	)
(	3778	,	10	,	8	)
(	3779	,	11	,	8	)
(	3780	,	12	,	8	)
(	3781	,	13	,	8	)
(	3782	,	14	,	8	)
(	3783	,	15	,	8	)
(	3784	,	16	,	8	)
(	3785	,	17	,	8	)
(	3786	,	18	,	8	)
(	3787	,	19	,	8	)
(	3788	,	20	,	8	)
(	3789	,	21	,	8	)
(	3790	,	22	,	8	)
(	3791	,	23	,	8	)
(	3792	,	24	,	8	)
(	3793	,	1	,	8	)
(	3794	,	2	,	8	)
(	3795	,	3	,	8	)
(	3796	,	4	,	8	)
(	3797	,	5	,	8	)
(	3798	,	6	,	8	)
(	3799	,	7	,	8	)
(	3800	,	8	,	8	)
(	3801	,	9	,	8	)
(	3802	,	10	,	8	)
(	3803	,	11	,	8	)
(	3804	,	12	,	8	)
(	3805	,	13	,	8	)
(	3806	,	14	,	8	)
(	3807	,	15	,	8	)
(	3808	,	16	,	8	)
(	3809	,	17	,	8	)
(	3810	,	18	,	8	)
(	3811	,	19	,	8	)
(	3812	,	20	,	8	)
(	3813	,	21	,	8	)
(	3814	,	22	,	8	)
(	3815	,	23	,	8	)
(	3816	,	24	,	8	)
(	3817	,	1	,	8	)
(	3818	,	2	,	8	)
(	3819	,	3	,	8	)
(	3820	,	4	,	8	)
(	3821	,	5	,	8	)
(	3822	,	6	,	8	)
(	3823	,	7	,	8	)
(	3824	,	8	,	8	)
(	3825	,	9	,	8	)
(	3826	,	10	,	8	)
(	3827	,	11	,	8	)
(	3828	,	12	,	8	)
(	3829	,	13	,	8	)
(	3830	,	14	,	8	)
(	3831	,	15	,	8	)
(	3832	,	16	,	8	)
(	3833	,	17	,	8	)
(	3834	,	18	,	8	)
(	3835	,	19	,	8	)
(	3836	,	20	,	8	)
(	3837	,	21	,	8	)
(	3838	,	22	,	8	)
(	3839	,	23	,	8	)
(	3840	,	24	,	8	)
(	3841	,	1	,	8	)
(	3842	,	2	,	8	)
(	3843	,	3	,	8	)
(	3844	,	4	,	8	)
(	3845	,	5	,	8	)
(	3846	,	6	,	8	)
(	3847	,	7	,	8	)
(	3848	,	8	,	8	)
(	3849	,	9	,	8	)
(	3850	,	10	,	8	)
(	3851	,	11	,	8	)
(	3852	,	12	,	8	)
(	3853	,	13	,	8	)
(	3854	,	14	,	8	)
(	3855	,	15	,	8	)
(	3856	,	16	,	8	)
(	3857	,	17	,	8	)
(	3858	,	18	,	8	)
(	3859	,	19	,	8	)
(	3860	,	20	,	8	)
(	3861	,	21	,	8	)
(	3862	,	22	,	8	)
(	3863	,	23	,	8	)
(	3864	,	24	,	8	)
(	3865	,	1	,	9	)
(	3866	,	2	,	9	)
(	3867	,	3	,	9	)
(	3868	,	4	,	9	)
(	3869	,	5	,	9	)
(	3870	,	6	,	9	)
(	3871	,	7	,	9	)
(	3872	,	8	,	9	)
(	3873	,	9	,	9	)
(	3874	,	10	,	9	)
(	3875	,	11	,	9	)
(	3876	,	12	,	9	)
(	3877	,	13	,	9	)
(	3878	,	14	,	9	)
(	3879	,	15	,	9	)
(	3880	,	16	,	9	)
(	3881	,	17	,	9	)
(	3882	,	18	,	9	)
(	3883	,	19	,	9	)
(	3884	,	20	,	9	)
(	3885	,	21	,	9	)
(	3886	,	22	,	9	)
(	3887	,	23	,	9	)
(	3888	,	24	,	9	)
(	3889	,	1	,	9	)
(	3890	,	2	,	9	)
(	3891	,	3	,	9	)
(	3892	,	4	,	9	)
(	3893	,	5	,	9	)
(	3894	,	6	,	9	)
(	3895	,	7	,	9	)
(	3896	,	8	,	9	)
(	3897	,	9	,	9	)
(	3898	,	10	,	9	)
(	3899	,	11	,	9	)
(	3900	,	12	,	9	)
(	3901	,	13	,	9	)
(	3902	,	14	,	9	)
(	3903	,	15	,	9	)
(	3904	,	16	,	9	)
(	3905	,	17	,	9	)
(	3906	,	18	,	9	)
(	3907	,	19	,	9	)
(	3908	,	20	,	9	)
(	3909	,	21	,	9	)
(	3910	,	22	,	9	)
(	3911	,	23	,	9	)
(	3912	,	24	,	9	)
(	3913	,	1	,	11	)
(	3914	,	2	,	11	)
(	3915	,	3	,	11	)
(	3916	,	4	,	11	)
(	3917	,	5	,	11	)
(	3918	,	6	,	11	)
(	3919	,	7	,	11	)
(	3920	,	8	,	11	)
(	3921	,	9	,	11	)
(	3922	,	10	,	11	)
(	3923	,	11	,	11	)
(	3924	,	12	,	11	)
(	3925	,	13	,	11	)
(	3926	,	14	,	11	)
(	3927	,	15	,	11	)
(	3928	,	16	,	11	)
(	3929	,	17	,	11	)
(	3930	,	18	,	11	)
(	3931	,	19	,	11	)
(	3932	,	20	,	11	)
(	3933	,	21	,	11	)
(	3934	,	22	,	11	)
(	3935	,	23	,	11	)
(	3936	,	24	,	11	)
(	3937	,	1	,	9	)
(	3938	,	2	,	9	)
(	3939	,	3	,	9	)
(	3940	,	4	,	9	)
(	3941	,	5	,	9	)
(	3942	,	6	,	9	)
(	3943	,	7	,	9	)
(	3944	,	8	,	9	)
(	3945	,	9	,	9	)
(	3946	,	10	,	9	)
(	3947	,	11	,	9	)
(	3948	,	12	,	9	)
(	3949	,	13	,	9	)
(	3950	,	14	,	9	)
(	3951	,	15	,	9	)
(	3952	,	16	,	9	)
(	3953	,	17	,	9	)
(	3954	,	18	,	9	)
(	3955	,	19	,	9	)
(	3956	,	20	,	9	)
(	3957	,	21	,	9	)
(	3958	,	22	,	9	)
(	3959	,	23	,	9	)
(	3960	,	24	,	9	)
(	3961	,	1	,	9	)
(	3962	,	2	,	9	)
(	3963	,	3	,	9	)
(	3964	,	4	,	9	)
(	3965	,	5	,	9	)
(	3966	,	6	,	9	)
(	3967	,	7	,	9	)
(	3968	,	8	,	9	)
(	3969	,	9	,	9	)
(	3970	,	10	,	9	)
(	3971	,	11	,	9	)
(	3972	,	12	,	9	)
(	3973	,	13	,	9	)
(	3974	,	14	,	9	)
(	3975	,	15	,	9	)
(	3976	,	16	,	9	)
(	3977	,	17	,	9	)
(	3978	,	18	,	9	)
(	3979	,	19	,	9	)
(	3980	,	20	,	9	)
(	3981	,	21	,	9	)
(	3982	,	22	,	9	)
(	3983	,	23	,	9	)
(	3984	,	24	,	9	)
(	3985	,	1	,	9	)
(	3986	,	2	,	9	)
(	3987	,	3	,	9	)
(	3988	,	4	,	9	)
(	3989	,	5	,	9	)
(	3990	,	6	,	9	)
(	3991	,	7	,	9	)
(	3992	,	8	,	9	)
(	3993	,	9	,	9	)
(	3994	,	10	,	9	)
(	3995	,	11	,	9	)
(	3996	,	12	,	9	)
(	3997	,	13	,	9	)
(	3998	,	14	,	9	)
(	3999	,	15	,	9	)
(	4000	,	16	,	9	)
(	4001	,	17	,	9	)
(	4002	,	18	,	9	)
(	4003	,	19	,	9	)
(	4004	,	20	,	9	)
(	4005	,	21	,	9	)
(	4006	,	22	,	9	)
(	4007	,	23	,	9	)
(	4008	,	24	,	9	)
(	4009	,	1	,	9	)
(	4010	,	2	,	9	)
(	4011	,	3	,	9	)
(	4012	,	4	,	9	)
(	4013	,	5	,	9	)
(	4014	,	6	,	9	)
(	4015	,	7	,	9	)
(	4016	,	8	,	9	)
(	4017	,	9	,	9	)
(	4018	,	10	,	9	)
(	4019	,	11	,	9	)
(	4020	,	12	,	9	)
(	4021	,	13	,	9	)
(	4022	,	14	,	9	)
(	4023	,	15	,	9	)
(	4024	,	16	,	9	)
(	4025	,	17	,	9	)
(	4026	,	18	,	9	)
(	4027	,	19	,	9	)
(	4028	,	20	,	9	)
(	4029	,	21	,	9	)
(	4030	,	22	,	9	)
(	4031	,	23	,	9	)
(	4032	,	24	,	9	)
(	4033	,	1	,	11	)
(	4034	,	2	,	11	)
(	4035	,	3	,	11	)
(	4036	,	4	,	11	)
(	4037	,	5	,	11	)
(	4038	,	6	,	11	)
(	4039	,	7	,	11	)
(	4040	,	8	,	11	)
(	4041	,	9	,	11	)
(	4042	,	10	,	11	)
(	4043	,	11	,	11	)
(	4044	,	12	,	11	)
(	4045	,	13	,	11	)
(	4046	,	14	,	11	)
(	4047	,	15	,	11	)
(	4048	,	16	,	11	)
(	4049	,	17	,	11	)
(	4050	,	18	,	11	)
(	4051	,	19	,	11	)
(	4052	,	20	,	11	)
(	4053	,	21	,	11	)
(	4054	,	22	,	11	)
(	4055	,	23	,	11	)
(	4056	,	24	,	11	)
(	4057	,	1	,	11	)
(	4058	,	2	,	11	)
(	4059	,	3	,	11	)
(	4060	,	4	,	11	)
(	4061	,	5	,	11	)
(	4062	,	6	,	11	)
(	4063	,	7	,	11	)
(	4064	,	8	,	11	)
(	4065	,	9	,	11	)
(	4066	,	10	,	11	)
(	4067	,	11	,	11	)
(	4068	,	12	,	11	)
(	4069	,	13	,	11	)
(	4070	,	14	,	11	)
(	4071	,	15	,	11	)
(	4072	,	16	,	11	)
(	4073	,	17	,	11	)
(	4074	,	18	,	11	)
(	4075	,	19	,	11	)
(	4076	,	20	,	11	)
(	4077	,	21	,	11	)
(	4078	,	22	,	11	)
(	4079	,	23	,	11	)
(	4080	,	24	,	11	)
(	4081	,	1	,	11	)
(	4082	,	2	,	11	)
(	4083	,	3	,	11	)
(	4084	,	4	,	11	)
(	4085	,	5	,	11	)
(	4086	,	6	,	11	)
(	4087	,	7	,	11	)
(	4088	,	8	,	11	)
(	4089	,	9	,	11	)
(	4090	,	10	,	11	)
(	4091	,	11	,	11	)
(	4092	,	12	,	11	)
(	4093	,	13	,	11	)
(	4094	,	14	,	11	)
(	4095	,	15	,	11	)
(	4096	,	16	,	11	)
(	4097	,	17	,	11	)
(	4098	,	18	,	11	)
(	4099	,	19	,	11	)
(	4100	,	20	,	11	)
(	4101	,	21	,	11	)
(	4102	,	22	,	11	)
(	4103	,	23	,	11	)
(	4104	,	24	,	11	)
(	4105	,	1	,	9	)
(	4106	,	2	,	9	)
(	4107	,	3	,	9	)
(	4108	,	4	,	9	)
(	4109	,	5	,	9	)
(	4110	,	6	,	9	)
(	4111	,	7	,	9	)
(	4112	,	8	,	9	)
(	4113	,	9	,	9	)
(	4114	,	10	,	9	)
(	4115	,	11	,	9	)
(	4116	,	12	,	9	)
(	4117	,	13	,	9	)
(	4118	,	14	,	9	)
(	4119	,	15	,	9	)
(	4120	,	16	,	9	)
(	4121	,	17	,	9	)
(	4122	,	18	,	9	)
(	4123	,	19	,	9	)
(	4124	,	20	,	9	)
(	4125	,	21	,	9	)
(	4126	,	22	,	9	)
(	4127	,	23	,	9	)
(	4128	,	24	,	9	)
(	4129	,	1	,	9	)
(	4130	,	2	,	9	)
(	4131	,	3	,	9	)
(	4132	,	4	,	9	)
(	4133	,	5	,	9	)
(	4134	,	6	,	9	)
(	4135	,	7	,	9	)
(	4136	,	8	,	9	)
(	4137	,	9	,	9	)
(	4138	,	10	,	9	)
(	4139	,	11	,	9	)
(	4140	,	12	,	9	)
(	4141	,	13	,	9	)
(	4142	,	14	,	9	)
(	4143	,	15	,	9	)
(	4144	,	16	,	9	)
(	4145	,	17	,	9	)
(	4146	,	18	,	9	)
(	4147	,	19	,	9	)
(	4148	,	20	,	9	)
(	4149	,	21	,	9	)
(	4150	,	22	,	9	)
(	4151	,	23	,	9	)
(	4152	,	24	,	9	)
(	4153	,	1	,	10	)
(	4154	,	2	,	10	)
(	4155	,	3	,	10	)
(	4156	,	4	,	10	)
(	4157	,	5	,	10	)
(	4158	,	6	,	10	)
(	4159	,	7	,	10	)
(	4160	,	8	,	10	)
(	4161	,	9	,	10	)
(	4162	,	10	,	10	)
(	4163	,	11	,	10	)
(	4164	,	12	,	10	)
(	4165	,	13	,	10	)
(	4166	,	14	,	10	)
(	4167	,	15	,	10	)
(	4168	,	16	,	10	)
(	4169	,	17	,	10	)
(	4170	,	18	,	10	)
(	4171	,	19	,	10	)
(	4172	,	20	,	10	)
(	4173	,	21	,	10	)
(	4174	,	22	,	10	)
(	4175	,	23	,	10	)
(	4176	,	24	,	10	)
(	4177	,	1	,	9	)
(	4178	,	2	,	9	)
(	4179	,	3	,	9	)
(	4180	,	4	,	9	)
(	4181	,	5	,	9	)
(	4182	,	6	,	9	)
(	4183	,	7	,	9	)
(	4184	,	8	,	9	)
(	4185	,	9	,	9	)
(	4186	,	10	,	9	)
(	4187	,	11	,	9	)
(	4188	,	12	,	9	)
(	4189	,	13	,	9	)
(	4190	,	14	,	9	)
(	4191	,	15	,	9	)
(	4192	,	16	,	9	)
(	4193	,	17	,	9	)
(	4194	,	18	,	9	)
(	4195	,	19	,	9	)
(	4196	,	20	,	9	)
(	4197	,	21	,	9	)
(	4198	,	22	,	9	)
(	4199	,	23	,	9	)
(	4200	,	24	,	9	)
(	4201	,	1	,	10	)
(	4202	,	2	,	10	)
(	4203	,	3	,	10	)
(	4204	,	4	,	10	)
(	4205	,	5	,	10	)
(	4206	,	6	,	10	)
(	4207	,	7	,	10	)
(	4208	,	8	,	10	)
(	4209	,	9	,	10	)
(	4210	,	10	,	10	)
(	4211	,	11	,	10	)
(	4212	,	12	,	10	)
(	4213	,	13	,	10	)
(	4214	,	14	,	10	)
(	4215	,	15	,	10	)
(	4216	,	16	,	10	)
(	4217	,	17	,	10	)
(	4218	,	18	,	10	)
(	4219	,	19	,	10	)
(	4220	,	20	,	10	)
(	4221	,	21	,	10	)
(	4222	,	22	,	10	)
(	4223	,	23	,	10	)
(	4224	,	24	,	10	)
(	4225	,	1	,	9	)
(	4226	,	2	,	9	)
(	4227	,	3	,	9	)
(	4228	,	4	,	9	)
(	4229	,	5	,	9	)
(	4230	,	6	,	9	)
(	4231	,	7	,	9	)
(	4232	,	8	,	9	)
(	4233	,	9	,	9	)
(	4234	,	10	,	9	)
(	4235	,	11	,	9	)
(	4236	,	12	,	9	)
(	4237	,	13	,	9	)
(	4238	,	14	,	9	)
(	4239	,	15	,	9	)
(	4240	,	16	,	9	)
(	4241	,	17	,	9	)
(	4242	,	18	,	9	)
(	4243	,	19	,	9	)
(	4244	,	20	,	9	)
(	4245	,	21	,	9	)
(	4246	,	22	,	9	)
(	4247	,	23	,	9	)
(	4248	,	24	,	9	)
(	4249	,	1	,	9	)
(	4250	,	2	,	9	)
(	4251	,	3	,	9	)
(	4252	,	4	,	9	)
(	4253	,	5	,	9	)
(	4254	,	6	,	9	)
(	4255	,	7	,	9	)
(	4256	,	8	,	9	)
(	4257	,	9	,	9	)
(	4258	,	10	,	9	)
(	4259	,	11	,	9	)
(	4260	,	12	,	9	)
(	4261	,	13	,	9	)
(	4262	,	14	,	9	)
(	4263	,	15	,	9	)
(	4264	,	16	,	9	)
(	4265	,	17	,	9	)
(	4266	,	18	,	9	)
(	4267	,	19	,	9	)
(	4268	,	20	,	9	)
(	4269	,	21	,	9	)
(	4270	,	22	,	9	)
(	4271	,	23	,	9	)
(	4272	,	24	,	9	)
(	4273	,	1	,	9	)
(	4274	,	2	,	9	)
(	4275	,	3	,	9	)
(	4276	,	4	,	9	)
(	4277	,	5	,	9	)
(	4278	,	6	,	9	)
(	4279	,	7	,	9	)
(	4280	,	8	,	9	)
(	4281	,	9	,	9	)
(	4282	,	10	,	9	)
(	4283	,	11	,	9	)
(	4284	,	12	,	9	)
(	4285	,	13	,	9	)
(	4286	,	14	,	9	)
(	4287	,	15	,	9	)
(	4288	,	16	,	9	)
(	4289	,	17	,	9	)
(	4290	,	18	,	9	)
(	4291	,	19	,	9	)
(	4292	,	20	,	9	)
(	4293	,	21	,	9	)
(	4294	,	22	,	9	)
(	4295	,	23	,	9	)
(	4296	,	24	,	9	)
(	4297	,	1	,	9	)
(	4298	,	2	,	9	)
(	4299	,	3	,	9	)
(	4300	,	4	,	9	)
(	4301	,	5	,	9	)
(	4302	,	6	,	9	)
(	4303	,	7	,	9	)
(	4304	,	8	,	9	)
(	4305	,	9	,	9	)
(	4306	,	10	,	9	)
(	4307	,	11	,	9	)
(	4308	,	12	,	9	)
(	4309	,	13	,	9	)
(	4310	,	14	,	9	)
(	4311	,	15	,	9	)
(	4312	,	16	,	9	)
(	4313	,	17	,	9	)
(	4314	,	18	,	9	)
(	4315	,	19	,	9	)
(	4316	,	20	,	9	)
(	4317	,	21	,	9	)
(	4318	,	22	,	9	)
(	4319	,	23	,	9	)
(	4320	,	24	,	9	)
(	4321	,	1	,	11	)
(	4322	,	2	,	11	)
(	4323	,	3	,	11	)
(	4324	,	4	,	11	)
(	4325	,	5	,	11	)
(	4326	,	6	,	11	)
(	4327	,	7	,	11	)
(	4328	,	8	,	11	)
(	4329	,	9	,	11	)
(	4330	,	10	,	11	)
(	4331	,	11	,	11	)
(	4332	,	12	,	11	)
(	4333	,	13	,	11	)
(	4334	,	14	,	11	)
(	4335	,	15	,	11	)
(	4336	,	16	,	11	)
(	4337	,	17	,	11	)
(	4338	,	18	,	11	)
(	4339	,	19	,	11	)
(	4340	,	20	,	11	)
(	4341	,	21	,	11	)
(	4342	,	22	,	11	)
(	4343	,	23	,	11	)
(	4344	,	24	,	11	)
(	4345	,	1	,	11	)
(	4346	,	2	,	11	)
(	4347	,	3	,	11	)
(	4348	,	4	,	11	)
(	4349	,	5	,	11	)
(	4350	,	6	,	11	)
(	4351	,	7	,	11	)
(	4352	,	8	,	11	)
(	4353	,	9	,	11	)
(	4354	,	10	,	11	)
(	4355	,	11	,	11	)
(	4356	,	12	,	11	)
(	4357	,	13	,	11	)
(	4358	,	14	,	11	)
(	4359	,	15	,	11	)
(	4360	,	16	,	11	)
(	4361	,	17	,	11	)
(	4362	,	18	,	11	)
(	4363	,	19	,	11	)
(	4364	,	20	,	11	)
(	4365	,	21	,	11	)
(	4366	,	22	,	11	)
(	4367	,	23	,	11	)
(	4368	,	24	,	11	)
(	4369	,	1	,	11	)
(	4370	,	2	,	11	)
(	4371	,	3	,	11	)
(	4372	,	4	,	11	)
(	4373	,	5	,	11	)
(	4374	,	6	,	11	)
(	4375	,	7	,	11	)
(	4376	,	8	,	11	)
(	4377	,	9	,	11	)
(	4378	,	10	,	11	)
(	4379	,	11	,	11	)
(	4380	,	12	,	11	)
(	4381	,	13	,	11	)
(	4382	,	14	,	11	)
(	4383	,	15	,	11	)
(	4384	,	16	,	11	)
(	4385	,	17	,	11	)
(	4386	,	18	,	11	)
(	4387	,	19	,	11	)
(	4388	,	20	,	11	)
(	4389	,	21	,	11	)
(	4390	,	22	,	11	)
(	4391	,	23	,	11	)
(	4392	,	24	,	11	)
(	4393	,	1	,	11	)
(	4394	,	2	,	11	)
(	4395	,	3	,	11	)
(	4396	,	4	,	11	)
(	4397	,	5	,	11	)
(	4398	,	6	,	11	)
(	4399	,	7	,	11	)
(	4400	,	8	,	11	)
(	4401	,	9	,	11	)
(	4402	,	10	,	11	)
(	4403	,	11	,	11	)
(	4404	,	12	,	11	)
(	4405	,	13	,	11	)
(	4406	,	14	,	11	)
(	4407	,	15	,	11	)
(	4408	,	16	,	11	)
(	4409	,	17	,	11	)
(	4410	,	18	,	11	)
(	4411	,	19	,	11	)
(	4412	,	20	,	11	)
(	4413	,	21	,	11	)
(	4414	,	22	,	11	)
(	4415	,	23	,	11	)
(	4416	,	24	,	11	)
(	4417	,	1	,	11	)
(	4418	,	2	,	11	)
(	4419	,	3	,	11	)
(	4420	,	4	,	11	)
(	4421	,	5	,	11	)
(	4422	,	6	,	11	)
(	4423	,	7	,	11	)
(	4424	,	8	,	11	)
(	4425	,	9	,	11	)
(	4426	,	10	,	11	)
(	4427	,	11	,	11	)
(	4428	,	12	,	11	)
(	4429	,	13	,	11	)
(	4430	,	14	,	11	)
(	4431	,	15	,	11	)
(	4432	,	16	,	11	)
(	4433	,	17	,	11	)
(	4434	,	18	,	11	)
(	4435	,	19	,	11	)
(	4436	,	20	,	11	)
(	4437	,	21	,	11	)
(	4438	,	22	,	11	)
(	4439	,	23	,	11	)
(	4440	,	24	,	11	)
(	4441	,	1	,	11	)
(	4442	,	2	,	11	)
(	4443	,	3	,	11	)
(	4444	,	4	,	11	)
(	4445	,	5	,	11	)
(	4446	,	6	,	11	)
(	4447	,	7	,	11	)
(	4448	,	8	,	11	)
(	4449	,	9	,	11	)
(	4450	,	10	,	11	)
(	4451	,	11	,	11	)
(	4452	,	12	,	11	)
(	4453	,	13	,	11	)
(	4454	,	14	,	11	)
(	4455	,	15	,	11	)
(	4456	,	16	,	11	)
(	4457	,	17	,	11	)
(	4458	,	18	,	11	)
(	4459	,	19	,	11	)
(	4460	,	20	,	11	)
(	4461	,	21	,	11	)
(	4462	,	22	,	11	)
(	4463	,	23	,	11	)
(	4464	,	24	,	11	)
(	4465	,	1	,	10	)
(	4466	,	2	,	10	)
(	4467	,	3	,	10	)
(	4468	,	4	,	10	)
(	4469	,	5	,	10	)
(	4470	,	6	,	10	)
(	4471	,	7	,	10	)
(	4472	,	8	,	10	)
(	4473	,	9	,	10	)
(	4474	,	10	,	10	)
(	4475	,	11	,	10	)
(	4476	,	12	,	10	)
(	4477	,	13	,	10	)
(	4478	,	14	,	10	)
(	4479	,	15	,	10	)
(	4480	,	16	,	10	)
(	4481	,	17	,	10	)
(	4482	,	18	,	10	)
(	4483	,	19	,	10	)
(	4484	,	20	,	10	)
(	4485	,	21	,	10	)
(	4486	,	22	,	10	)
(	4487	,	23	,	10	)
(	4488	,	24	,	10	)
(	4489	,	1	,	10	)
(	4490	,	2	,	10	)
(	4491	,	3	,	10	)
(	4492	,	4	,	10	)
(	4493	,	5	,	10	)
(	4494	,	6	,	10	)
(	4495	,	7	,	10	)
(	4496	,	8	,	10	)
(	4497	,	9	,	10	)
(	4498	,	10	,	10	)
(	4499	,	11	,	10	)
(	4500	,	12	,	10	)
(	4501	,	13	,	10	)
(	4502	,	14	,	10	)
(	4503	,	15	,	10	)
(	4504	,	16	,	10	)
(	4505	,	17	,	10	)
(	4506	,	18	,	10	)
(	4507	,	19	,	10	)
(	4508	,	20	,	10	)
(	4509	,	21	,	10	)
(	4510	,	22	,	10	)
(	4511	,	23	,	10	)
(	4512	,	24	,	10	)
(	4513	,	1	,	11	)
(	4514	,	2	,	11	)
(	4515	,	3	,	11	)
(	4516	,	4	,	11	)
(	4517	,	5	,	11	)
(	4518	,	6	,	11	)
(	4519	,	7	,	11	)
(	4520	,	8	,	11	)
(	4521	,	9	,	11	)
(	4522	,	10	,	11	)
(	4523	,	11	,	11	)
(	4524	,	12	,	11	)
(	4525	,	13	,	11	)
(	4526	,	14	,	11	)
(	4527	,	15	,	11	)
(	4528	,	16	,	11	)
(	4529	,	17	,	11	)
(	4530	,	18	,	11	)
(	4531	,	19	,	11	)
(	4532	,	20	,	11	)
(	4533	,	21	,	11	)
(	4534	,	22	,	11	)
(	4535	,	23	,	11	)
(	4536	,	24	,	11	)
(	4537	,	1	,	10	)
(	4538	,	2	,	10	)
(	4539	,	3	,	10	)
(	4540	,	4	,	10	)
(	4541	,	5	,	10	)
(	4542	,	6	,	10	)
(	4543	,	7	,	10	)
(	4544	,	8	,	10	)
(	4545	,	9	,	10	)
(	4546	,	10	,	10	)
(	4547	,	11	,	10	)
(	4548	,	12	,	10	)
(	4549	,	13	,	10	)
(	4550	,	14	,	10	)
(	4551	,	15	,	10	)
(	4552	,	16	,	10	)
(	4553	,	17	,	10	)
(	4554	,	18	,	10	)
(	4555	,	19	,	10	)
(	4556	,	20	,	10	)
(	4557	,	21	,	10	)
(	4558	,	22	,	10	)
(	4559	,	23	,	10	)
(	4560	,	24	,	10	)
(	4561	,	1	,	10	)
(	4562	,	2	,	10	)
(	4563	,	3	,	10	)
(	4564	,	4	,	10	)
(	4565	,	5	,	10	)
(	4566	,	6	,	10	)
(	4567	,	7	,	10	)
(	4568	,	8	,	10	)
(	4569	,	9	,	10	)
(	4570	,	10	,	10	)
(	4571	,	11	,	10	)
(	4572	,	12	,	10	)
(	4573	,	13	,	10	)
(	4574	,	14	,	10	)
(	4575	,	15	,	10	)
(	4576	,	16	,	10	)
(	4577	,	17	,	10	)
(	4578	,	18	,	10	)
(	4579	,	19	,	10	)
(	4580	,	20	,	10	)
(	4581	,	21	,	10	)
(	4582	,	22	,	10	)
(	4583	,	23	,	10	)
(	4584	,	24	,	10	)
(	4585	,	1	,	11	)
(	4586	,	2	,	11	)
(	4587	,	3	,	11	)
(	4588	,	4	,	11	)
(	4589	,	5	,	11	)
(	4590	,	6	,	11	)
(	4591	,	7	,	11	)
(	4592	,	8	,	11	)
(	4593	,	9	,	11	)
(	4594	,	10	,	11	)
(	4595	,	11	,	11	)
(	4596	,	12	,	11	)
(	4597	,	13	,	11	)
(	4598	,	14	,	11	)
(	4599	,	15	,	11	)
(	4600	,	16	,	11	)
(	4601	,	17	,	11	)
(	4602	,	18	,	11	)
(	4603	,	19	,	11	)
(	4604	,	20	,	11	)
(	4605	,	21	,	11	)
(	4606	,	22	,	11	)
(	4607	,	23	,	11	)
(	4608	,	24	,	11	)
(	4609	,	1	,	10	)
(	4610	,	2	,	10	)
(	4611	,	3	,	10	)
(	4612	,	4	,	10	)
(	4613	,	5	,	10	)
(	4614	,	6	,	10	)
(	4615	,	7	,	10	)
(	4616	,	8	,	10	)
(	4617	,	9	,	10	)
(	4618	,	10	,	10	)
(	4619	,	11	,	10	)
(	4620	,	12	,	10	)
(	4621	,	13	,	10	)
(	4622	,	14	,	10	)
(	4623	,	15	,	10	)
(	4624	,	16	,	10	)
(	4625	,	17	,	10	)
(	4626	,	18	,	10	)
(	4627	,	19	,	10	)
(	4628	,	20	,	10	)
(	4629	,	21	,	10	)
(	4630	,	22	,	10	)
(	4631	,	23	,	10	)
(	4632	,	24	,	10	)
(	4633	,	1	,	10	)
(	4634	,	2	,	10	)
(	4635	,	3	,	10	)
(	4636	,	4	,	10	)
(	4637	,	5	,	10	)
(	4638	,	6	,	10	)
(	4639	,	7	,	10	)
(	4640	,	8	,	10	)
(	4641	,	9	,	10	)
(	4642	,	10	,	10	)
(	4643	,	11	,	10	)
(	4644	,	12	,	10	)
(	4645	,	13	,	10	)
(	4646	,	14	,	10	)
(	4647	,	15	,	10	)
(	4648	,	16	,	10	)
(	4649	,	17	,	10	)
(	4650	,	18	,	10	)
(	4651	,	19	,	10	)
(	4652	,	20	,	10	)
(	4653	,	21	,	10	)
(	4654	,	22	,	10	)
(	4655	,	23	,	10	)
(	4656	,	24	,	10	)
(	4657	,	1	,	10	)
(	4658	,	2	,	10	)
(	4659	,	3	,	10	)
(	4660	,	4	,	10	)
(	4661	,	5	,	10	)
(	4662	,	6	,	10	)
(	4663	,	7	,	10	)
(	4664	,	8	,	10	)
(	4665	,	9	,	10	)
(	4666	,	10	,	10	)
(	4667	,	11	,	10	)
(	4668	,	12	,	10	)
(	4669	,	13	,	10	)
(	4670	,	14	,	10	)
(	4671	,	15	,	10	)
(	4672	,	16	,	10	)
(	4673	,	17	,	10	)
(	4674	,	18	,	10	)
(	4675	,	19	,	10	)
(	4676	,	20	,	10	)
(	4677	,	21	,	10	)
(	4678	,	22	,	10	)
(	4679	,	23	,	10	)
(	4680	,	24	,	10	)
(	4681	,	1	,	10	)
(	4682	,	2	,	10	)
(	4683	,	3	,	10	)
(	4684	,	4	,	10	)
(	4685	,	5	,	10	)
(	4686	,	6	,	10	)
(	4687	,	7	,	10	)
(	4688	,	8	,	10	)
(	4689	,	9	,	10	)
(	4690	,	10	,	10	)
(	4691	,	11	,	10	)
(	4692	,	12	,	10	)
(	4693	,	13	,	10	)
(	4694	,	14	,	10	)
(	4695	,	15	,	10	)
(	4696	,	16	,	10	)
(	4697	,	17	,	10	)
(	4698	,	18	,	10	)
(	4699	,	19	,	10	)
(	4700	,	20	,	10	)
(	4701	,	21	,	10	)
(	4702	,	22	,	10	)
(	4703	,	23	,	10	)
(	4704	,	24	,	10	)
(	4705	,	1	,	11	)
(	4706	,	2	,	11	)
(	4707	,	3	,	11	)
(	4708	,	4	,	11	)
(	4709	,	5	,	11	)
(	4710	,	6	,	11	)
(	4711	,	7	,	11	)
(	4712	,	8	,	11	)
(	4713	,	9	,	11	)
(	4714	,	10	,	11	)
(	4715	,	11	,	11	)
(	4716	,	12	,	11	)
(	4717	,	13	,	11	)
(	4718	,	14	,	11	)
(	4719	,	15	,	11	)
(	4720	,	16	,	11	)
(	4721	,	17	,	11	)
(	4722	,	18	,	11	)
(	4723	,	19	,	11	)
(	4724	,	20	,	11	)
(	4725	,	21	,	11	)
(	4726	,	22	,	11	)
(	4727	,	23	,	11	)
(	4728	,	24	,	11	)
(	4729	,	1	,	11	)
(	4730	,	2	,	11	)
(	4731	,	3	,	11	)
(	4732	,	4	,	11	)
(	4733	,	5	,	11	)
(	4734	,	6	,	11	)
(	4735	,	7	,	11	)
(	4736	,	8	,	11	)
(	4737	,	9	,	11	)
(	4738	,	10	,	11	)
(	4739	,	11	,	11	)
(	4740	,	12	,	11	)
(	4741	,	13	,	11	)
(	4742	,	14	,	11	)
(	4743	,	15	,	11	)
(	4744	,	16	,	11	)
(	4745	,	17	,	11	)
(	4746	,	18	,	11	)
(	4747	,	19	,	11	)
(	4748	,	20	,	11	)
(	4749	,	21	,	11	)
(	4750	,	22	,	11	)
(	4751	,	23	,	11	)
(	4752	,	24	,	11	)
(	4753	,	1	,	9	)
(	4754	,	2	,	9	)
(	4755	,	3	,	9	)
(	4756	,	4	,	9	)
(	4757	,	5	,	9	)
(	4758	,	6	,	9	)
(	4759	,	7	,	9	)
(	4760	,	8	,	9	)
(	4761	,	9	,	9	)
(	4762	,	10	,	9	)
(	4763	,	11	,	9	)
(	4764	,	12	,	9	)
(	4765	,	13	,	9	)
(	4766	,	14	,	9	)
(	4767	,	15	,	9	)
(	4768	,	16	,	9	)
(	4769	,	17	,	9	)
(	4770	,	18	,	9	)
(	4771	,	19	,	9	)
(	4772	,	20	,	9	)
(	4773	,	21	,	9	)
(	4774	,	22	,	9	)
(	4775	,	23	,	9	)
(	4776	,	24	,	9	)
(	4777	,	1	,	11	)
(	4778	,	2	,	11	)
(	4779	,	3	,	11	)
(	4780	,	4	,	11	)
(	4781	,	5	,	11	)
(	4782	,	6	,	11	)
(	4783	,	7	,	11	)
(	4784	,	8	,	11	)
(	4785	,	9	,	11	)
(	4786	,	10	,	11	)
(	4787	,	11	,	11	)
(	4788	,	12	,	11	)
(	4789	,	13	,	11	)
(	4790	,	14	,	11	)
(	4791	,	15	,	11	)
(	4792	,	16	,	11	)
(	4793	,	17	,	11	)
(	4794	,	18	,	11	)
(	4795	,	19	,	11	)
(	4796	,	20	,	11	)
(	4797	,	21	,	11	)
(	4798	,	22	,	11	)
(	4799	,	23	,	11	)
(	4800	,	24	,	11	)
(	4801	,	1	,	11	)
(	4802	,	2	,	11	)
(	4803	,	3	,	11	)
(	4804	,	4	,	11	)
(	4805	,	5	,	11	)
(	4806	,	6	,	11	)
(	4807	,	7	,	11	)
(	4808	,	8	,	11	)
(	4809	,	9	,	11	)
(	4810	,	10	,	11	)
(	4811	,	11	,	11	)
(	4812	,	12	,	11	)
(	4813	,	13	,	11	)
(	4814	,	14	,	11	)
(	4815	,	15	,	11	)
(	4816	,	16	,	11	)
(	4817	,	17	,	11	)
(	4818	,	18	,	11	)
(	4819	,	19	,	11	)
(	4820	,	20	,	11	)
(	4821	,	21	,	11	)
(	4822	,	22	,	11	)
(	4823	,	23	,	11	)
(	4824	,	24	,	11	)
(	4825	,	1	,	11	)
(	4826	,	2	,	11	)
(	4827	,	3	,	11	)
(	4828	,	4	,	11	)
(	4829	,	5	,	11	)
(	4830	,	6	,	11	)
(	4831	,	7	,	11	)
(	4832	,	8	,	11	)
(	4833	,	9	,	11	)
(	4834	,	10	,	11	)
(	4835	,	11	,	11	)
(	4836	,	12	,	11	)
(	4837	,	13	,	11	)
(	4838	,	14	,	11	)
(	4839	,	15	,	11	)
(	4840	,	16	,	11	)
(	4841	,	17	,	11	)
(	4842	,	18	,	11	)
(	4843	,	19	,	11	)
(	4844	,	20	,	11	)
(	4845	,	21	,	11	)
(	4846	,	22	,	11	)
(	4847	,	23	,	11	)
(	4848	,	24	,	11	)
(	4849	,	1	,	11	)
(	4850	,	2	,	11	)
(	4851	,	3	,	11	)
(	4852	,	4	,	11	)
(	4853	,	5	,	11	)
(	4854	,	6	,	11	)
(	4855	,	7	,	11	)
(	4856	,	8	,	11	)
(	4857	,	9	,	11	)
(	4858	,	10	,	11	)
(	4859	,	11	,	11	)
(	4860	,	12	,	11	)
(	4861	,	13	,	11	)
(	4862	,	14	,	11	)
(	4863	,	15	,	11	)
(	4864	,	16	,	11	)
(	4865	,	17	,	11	)
(	4866	,	18	,	11	)
(	4867	,	19	,	11	)
(	4868	,	20	,	11	)
(	4869	,	21	,	11	)
(	4870	,	22	,	11	)
(	4871	,	23	,	11	)
(	4872	,	24	,	11	)
(	4873	,	1	,	10	)
(	4874	,	2	,	10	)
(	4875	,	3	,	10	)
(	4876	,	4	,	10	)
(	4877	,	5	,	10	)
(	4878	,	6	,	10	)
(	4879	,	7	,	10	)
(	4880	,	8	,	10	)
(	4881	,	9	,	10	)
(	4882	,	10	,	10	)
(	4883	,	11	,	10	)
(	4884	,	12	,	10	)
(	4885	,	13	,	10	)
(	4886	,	14	,	10	)
(	4887	,	15	,	10	)
(	4888	,	16	,	10	)
(	4889	,	17	,	10	)
(	4890	,	18	,	10	)
(	4891	,	19	,	10	)
(	4892	,	20	,	10	)
(	4893	,	21	,	10	)
(	4894	,	22	,	10	)
(	4895	,	23	,	10	)
(	4896	,	24	,	10	)
(	4897	,	1	,	10	)
(	4898	,	2	,	10	)
(	4899	,	3	,	10	)
(	4900	,	4	,	10	)
(	4901	,	5	,	10	)
(	4902	,	6	,	10	)
(	4903	,	7	,	10	)
(	4904	,	8	,	10	)
(	4905	,	9	,	10	)
(	4906	,	10	,	10	)
(	4907	,	11	,	10	)
(	4908	,	12	,	10	)
(	4909	,	13	,	10	)
(	4910	,	14	,	10	)
(	4911	,	15	,	10	)
(	4912	,	16	,	10	)
(	4913	,	17	,	10	)
(	4914	,	18	,	10	)
(	4915	,	19	,	10	)
(	4916	,	20	,	10	)
(	4917	,	21	,	10	)
(	4918	,	22	,	10	)
(	4919	,	23	,	10	)
(	4920	,	24	,	10	)
(	4921	,	1	,	10	)
(	4922	,	2	,	10	)
(	4923	,	3	,	10	)
(	4924	,	4	,	10	)
(	4925	,	5	,	10	)
(	4926	,	6	,	10	)
(	4927	,	7	,	10	)
(	4928	,	8	,	10	)
(	4929	,	9	,	10	)
(	4930	,	10	,	10	)
(	4931	,	11	,	10	)
(	4932	,	12	,	10	)
(	4933	,	13	,	10	)
(	4934	,	14	,	10	)
(	4935	,	15	,	10	)
(	4936	,	16	,	10	)
(	4937	,	17	,	10	)
(	4938	,	18	,	10	)
(	4939	,	19	,	10	)
(	4940	,	20	,	10	)
(	4941	,	21	,	10	)
(	4942	,	22	,	10	)
(	4943	,	23	,	10	)
(	4944	,	24	,	10	)
(	4945	,	1	,	10	)
(	4946	,	2	,	10	)
(	4947	,	3	,	10	)
(	4948	,	4	,	10	)
(	4949	,	5	,	10	)
(	4950	,	6	,	10	)
(	4951	,	7	,	10	)
(	4952	,	8	,	10	)
(	4953	,	9	,	10	)
(	4954	,	10	,	10	)
(	4955	,	11	,	10	)
(	4956	,	12	,	10	)
(	4957	,	13	,	10	)
(	4958	,	14	,	10	)
(	4959	,	15	,	10	)
(	4960	,	16	,	10	)
(	4961	,	17	,	10	)
(	4962	,	18	,	10	)
(	4963	,	19	,	10	)
(	4964	,	20	,	10	)
(	4965	,	21	,	10	)
(	4966	,	22	,	10	)
(	4967	,	23	,	10	)
(	4968	,	24	,	10	)
(	4969	,	1	,	9	)
(	4970	,	2	,	9	)
(	4971	,	3	,	9	)
(	4972	,	4	,	9	)
(	4973	,	5	,	9	)
(	4974	,	6	,	9	)
(	4975	,	7	,	9	)
(	4976	,	8	,	9	)
(	4977	,	9	,	9	)
(	4978	,	10	,	9	)
(	4979	,	11	,	9	)
(	4980	,	12	,	9	)
(	4981	,	13	,	9	)
(	4982	,	14	,	9	)
(	4983	,	15	,	9	)
(	4984	,	16	,	9	)
(	4985	,	17	,	9	)
(	4986	,	18	,	9	)
(	4987	,	19	,	9	)
(	4988	,	20	,	9	)
(	4989	,	21	,	9	)
(	4990	,	22	,	9	)
(	4991	,	23	,	9	)
(	4992	,	24	,	9	)
(	4993	,	1	,	9	)
(	4994	,	2	,	9	)
(	4995	,	3	,	9	)
(	4996	,	4	,	9	)
(	4997	,	5	,	9	)
(	4998	,	6	,	9	)
(	4999	,	7	,	9	)
(	5000	,	8	,	9	)
(	5001	,	9	,	9	)
(	5002	,	10	,	9	)
(	5003	,	11	,	9	)
(	5004	,	12	,	9	)
(	5005	,	13	,	9	)
(	5006	,	14	,	9	)
(	5007	,	15	,	9	)
(	5008	,	16	,	9	)
(	5009	,	17	,	9	)
(	5010	,	18	,	9	)
(	5011	,	19	,	9	)
(	5012	,	20	,	9	)
(	5013	,	21	,	9	)
(	5014	,	22	,	9	)
(	5015	,	23	,	9	)
(	5016	,	24	,	9	)
(	5017	,	1	,	11	)
(	5018	,	2	,	11	)
(	5019	,	3	,	11	)
(	5020	,	4	,	11	)
(	5021	,	5	,	11	)
(	5022	,	6	,	11	)
(	5023	,	7	,	11	)
(	5024	,	8	,	11	)
(	5025	,	9	,	11	)
(	5026	,	10	,	11	)
(	5027	,	11	,	11	)
(	5028	,	12	,	11	)
(	5029	,	13	,	11	)
(	5030	,	14	,	11	)
(	5031	,	15	,	11	)
(	5032	,	16	,	11	)
(	5033	,	17	,	11	)
(	5034	,	18	,	11	)
(	5035	,	19	,	11	)
(	5036	,	20	,	11	)
(	5037	,	21	,	11	)
(	5038	,	22	,	11	)
(	5039	,	23	,	11	)
(	5040	,	24	,	11	)
(	5041	,	1	,	11	)
(	5042	,	2	,	11	)
(	5043	,	3	,	11	)
(	5044	,	4	,	11	)
(	5045	,	5	,	11	)
(	5046	,	6	,	11	)
(	5047	,	7	,	11	)
(	5048	,	8	,	11	)
(	5049	,	9	,	11	)
(	5050	,	10	,	11	)
(	5051	,	11	,	11	)
(	5052	,	12	,	11	)
(	5053	,	13	,	11	)
(	5054	,	14	,	11	)
(	5055	,	15	,	11	)
(	5056	,	16	,	11	)
(	5057	,	17	,	11	)
(	5058	,	18	,	11	)
(	5059	,	19	,	11	)
(	5060	,	20	,	11	)
(	5061	,	21	,	11	)
(	5062	,	22	,	11	)
(	5063	,	23	,	11	)
(	5064	,	24	,	11	)
(	5065	,	1	,	11	)
(	5066	,	2	,	11	)
(	5067	,	3	,	11	)
(	5068	,	4	,	11	)
(	5069	,	5	,	11	)
(	5070	,	6	,	11	)
(	5071	,	7	,	11	)
(	5072	,	8	,	11	)
(	5073	,	9	,	11	)
(	5074	,	10	,	11	)
(	5075	,	11	,	11	)
(	5076	,	12	,	11	)
(	5077	,	13	,	11	)
(	5078	,	14	,	11	)
(	5079	,	15	,	11	)
(	5080	,	16	,	11	)
(	5081	,	17	,	11	)
(	5082	,	18	,	11	)
(	5083	,	19	,	11	)
(	5084	,	20	,	11	)
(	5085	,	21	,	11	)
(	5086	,	22	,	11	)
(	5087	,	23	,	11	)
(	5088	,	24	,	11	)
(	5089	,	1	,	9	)
(	5090	,	2	,	9	)
(	5091	,	3	,	9	)
(	5092	,	4	,	9	)
(	5093	,	5	,	9	)
(	5094	,	6	,	9	)
(	5095	,	7	,	9	)
(	5096	,	8	,	9	)
(	5097	,	9	,	9	)
(	5098	,	10	,	9	)
(	5099	,	11	,	9	)
(	5100	,	12	,	9	)
(	5101	,	13	,	9	)
(	5102	,	14	,	9	)
(	5103	,	15	,	9	)
(	5104	,	16	,	9	)
(	5105	,	17	,	9	)
(	5106	,	18	,	9	)
(	5107	,	19	,	9	)
(	5108	,	20	,	9	)
(	5109	,	21	,	9	)
(	5110	,	22	,	9	)
(	5111	,	23	,	9	)
(	5112	,	24	,	9	)
(	5113	,	1	,	11	)
(	5114	,	2	,	11	)
(	5115	,	3	,	11	)
(	5116	,	4	,	11	)
(	5117	,	5	,	11	)
(	5118	,	6	,	11	)
(	5119	,	7	,	11	)
(	5120	,	8	,	11	)
(	5121	,	9	,	11	)
(	5122	,	10	,	11	)
(	5123	,	11	,	11	)
(	5124	,	12	,	11	)
(	5125	,	13	,	11	)
(	5126	,	14	,	11	)
(	5127	,	15	,	11	)
(	5128	,	16	,	11	)
(	5129	,	17	,	11	)
(	5130	,	18	,	11	)
(	5131	,	19	,	11	)
(	5132	,	20	,	11	)
(	5133	,	21	,	11	)
(	5134	,	22	,	11	)
(	5135	,	23	,	11	)
(	5136	,	24	,	11	)
(	5137	,	1	,	11	)
(	5138	,	2	,	11	)
(	5139	,	3	,	11	)
(	5140	,	4	,	11	)
(	5141	,	5	,	11	)
(	5142	,	6	,	11	)
(	5143	,	7	,	11	)
(	5144	,	8	,	11	)
(	5145	,	9	,	11	)
(	5146	,	10	,	11	)
(	5147	,	11	,	11	)
(	5148	,	12	,	11	)
(	5149	,	13	,	11	)
(	5150	,	14	,	11	)
(	5151	,	15	,	11	)
(	5152	,	16	,	11	)
(	5153	,	17	,	11	)
(	5154	,	18	,	11	)
(	5155	,	19	,	11	)
(	5156	,	20	,	11	)
(	5157	,	21	,	11	)
(	5158	,	22	,	11	)
(	5159	,	23	,	11	)
(	5160	,	24	,	11	)
(	5161	,	1	,	11	)
(	5162	,	2	,	11	)
(	5163	,	3	,	11	)
(	5164	,	4	,	11	)
(	5165	,	5	,	11	)
(	5166	,	6	,	11	)
(	5167	,	7	,	11	)
(	5168	,	8	,	11	)
(	5169	,	9	,	11	)
(	5170	,	10	,	11	)
(	5171	,	11	,	11	)
(	5172	,	12	,	11	)
(	5173	,	13	,	11	)
(	5174	,	14	,	11	)
(	5175	,	15	,	11	)
(	5176	,	16	,	11	)
(	5177	,	17	,	11	)
(	5178	,	18	,	11	)
(	5179	,	19	,	11	)
(	5180	,	20	,	11	)
(	5181	,	21	,	11	)
(	5182	,	22	,	11	)
(	5183	,	23	,	11	)
(	5184	,	24	,	11	)
(	5185	,	1	,	11	)
(	5186	,	2	,	11	)
(	5187	,	3	,	11	)
(	5188	,	4	,	11	)
(	5189	,	5	,	11	)
(	5190	,	6	,	11	)
(	5191	,	7	,	11	)
(	5192	,	8	,	11	)
(	5193	,	9	,	11	)
(	5194	,	10	,	11	)
(	5195	,	11	,	11	)
(	5196	,	12	,	11	)
(	5197	,	13	,	11	)
(	5198	,	14	,	11	)
(	5199	,	15	,	11	)
(	5200	,	16	,	11	)
(	5201	,	17	,	11	)
(	5202	,	18	,	11	)
(	5203	,	19	,	11	)
(	5204	,	20	,	11	)
(	5205	,	21	,	11	)
(	5206	,	22	,	11	)
(	5207	,	23	,	11	)
(	5208	,	24	,	11	)
(	5209	,	1	,	11	)
(	5210	,	2	,	11	)
(	5211	,	3	,	11	)
(	5212	,	4	,	11	)
(	5213	,	5	,	11	)
(	5214	,	6	,	11	)
(	5215	,	7	,	11	)
(	5216	,	8	,	11	)
(	5217	,	9	,	11	)
(	5218	,	10	,	11	)
(	5219	,	11	,	11	)
(	5220	,	12	,	11	)
(	5221	,	13	,	11	)
(	5222	,	14	,	11	)
(	5223	,	15	,	11	)
(	5224	,	16	,	11	)
(	5225	,	17	,	11	)
(	5226	,	18	,	11	)
(	5227	,	19	,	11	)
(	5228	,	20	,	11	)
(	5229	,	21	,	11	)
(	5230	,	22	,	11	)
(	5231	,	23	,	11	)
(	5232	,	24	,	11	)
(	5233	,	1	,	10	)
(	5234	,	2	,	10	)
(	5235	,	3	,	10	)
(	5236	,	4	,	10	)
(	5237	,	5	,	10	)
(	5238	,	6	,	10	)
(	5239	,	7	,	10	)
(	5240	,	8	,	10	)
(	5241	,	9	,	10	)
(	5242	,	10	,	10	)
(	5243	,	11	,	10	)
(	5244	,	12	,	10	)
(	5245	,	13	,	10	)
(	5246	,	14	,	10	)
(	5247	,	15	,	10	)
(	5248	,	16	,	10	)
(	5249	,	17	,	10	)
(	5250	,	18	,	10	)
(	5251	,	19	,	10	)
(	5252	,	20	,	10	)
(	5253	,	21	,	10	)
(	5254	,	22	,	10	)
(	5255	,	23	,	10	)
(	5256	,	24	,	10	)
(	5257	,	1	,	10	)
(	5258	,	2	,	10	)
(	5259	,	3	,	10	)
(	5260	,	4	,	10	)
(	5261	,	5	,	10	)
(	5262	,	6	,	10	)
(	5263	,	7	,	10	)
(	5264	,	8	,	10	)
(	5265	,	9	,	10	)
(	5266	,	10	,	10	)
(	5267	,	11	,	10	)
(	5268	,	12	,	10	)
(	5269	,	13	,	10	)
(	5270	,	14	,	10	)
(	5271	,	15	,	10	)
(	5272	,	16	,	10	)
(	5273	,	17	,	10	)
(	5274	,	18	,	10	)
(	5275	,	19	,	10	)
(	5276	,	20	,	10	)
(	5277	,	21	,	10	)
(	5278	,	22	,	10	)
(	5279	,	23	,	10	)
(	5280	,	24	,	10	)
(	5281	,	1	,	10	)
(	5282	,	2	,	10	)
(	5283	,	3	,	10	)
(	5284	,	4	,	10	)
(	5285	,	5	,	10	)
(	5286	,	6	,	10	)
(	5287	,	7	,	10	)
(	5288	,	8	,	10	)
(	5289	,	9	,	10	)
(	5290	,	10	,	10	)
(	5291	,	11	,	10	)
(	5292	,	12	,	10	)
(	5293	,	13	,	10	)
(	5294	,	14	,	10	)
(	5295	,	15	,	10	)
(	5296	,	16	,	10	)
(	5297	,	17	,	10	)
(	5298	,	18	,	10	)
(	5299	,	19	,	10	)
(	5300	,	20	,	10	)
(	5301	,	21	,	10	)
(	5302	,	22	,	10	)
(	5303	,	23	,	10	)
(	5304	,	24	,	10	)
(	5305	,	1	,	9	)
(	5306	,	2	,	9	)
(	5307	,	3	,	9	)
(	5308	,	4	,	9	)
(	5309	,	5	,	9	)
(	5310	,	6	,	9	)
(	5311	,	7	,	9	)
(	5312	,	8	,	9	)
(	5313	,	9	,	9	)
(	5314	,	10	,	9	)
(	5315	,	11	,	9	)
(	5316	,	12	,	9	)
(	5317	,	13	,	9	)
(	5318	,	14	,	9	)
(	5319	,	15	,	9	)
(	5320	,	16	,	9	)
(	5321	,	17	,	9	)
(	5322	,	18	,	9	)
(	5323	,	19	,	9	)
(	5324	,	20	,	9	)
(	5325	,	21	,	9	)
(	5326	,	22	,	9	)
(	5327	,	23	,	9	)
(	5328	,	24	,	9	)
(	5329	,	1	,	9	)
(	5330	,	2	,	9	)
(	5331	,	3	,	9	)
(	5332	,	4	,	9	)
(	5333	,	5	,	9	)
(	5334	,	6	,	9	)
(	5335	,	7	,	9	)
(	5336	,	8	,	9	)
(	5337	,	9	,	9	)
(	5338	,	10	,	9	)
(	5339	,	11	,	9	)
(	5340	,	12	,	9	)
(	5341	,	13	,	9	)
(	5342	,	14	,	9	)
(	5343	,	15	,	9	)
(	5344	,	16	,	9	)
(	5345	,	17	,	9	)
(	5346	,	18	,	9	)
(	5347	,	19	,	9	)
(	5348	,	20	,	9	)
(	5349	,	21	,	9	)
(	5350	,	22	,	9	)
(	5351	,	23	,	9	)
(	5352	,	24	,	9	)
(	5353	,	1	,	11	)
(	5354	,	2	,	11	)
(	5355	,	3	,	11	)
(	5356	,	4	,	11	)
(	5357	,	5	,	11	)
(	5358	,	6	,	11	)
(	5359	,	7	,	11	)
(	5360	,	8	,	11	)
(	5361	,	9	,	11	)
(	5362	,	10	,	11	)
(	5363	,	11	,	11	)
(	5364	,	12	,	11	)
(	5365	,	13	,	11	)
(	5366	,	14	,	11	)
(	5367	,	15	,	11	)
(	5368	,	16	,	11	)
(	5369	,	17	,	11	)
(	5370	,	18	,	11	)
(	5371	,	19	,	11	)
(	5372	,	20	,	11	)
(	5373	,	21	,	11	)
(	5374	,	22	,	11	)
(	5375	,	23	,	11	)
(	5376	,	24	,	11	)
(	5377	,	1	,	11	)
(	5378	,	2	,	11	)
(	5379	,	3	,	11	)
(	5380	,	4	,	11	)
(	5381	,	5	,	11	)
(	5382	,	6	,	11	)
(	5383	,	7	,	11	)
(	5384	,	8	,	11	)
(	5385	,	9	,	11	)
(	5386	,	10	,	11	)
(	5387	,	11	,	11	)
(	5388	,	12	,	11	)
(	5389	,	13	,	11	)
(	5390	,	14	,	11	)
(	5391	,	15	,	11	)
(	5392	,	16	,	11	)
(	5393	,	17	,	11	)
(	5394	,	18	,	11	)
(	5395	,	19	,	11	)
(	5396	,	20	,	11	)
(	5397	,	21	,	11	)
(	5398	,	22	,	11	)
(	5399	,	23	,	11	)
(	5400	,	24	,	11	)
(	5401	,	1	,	11	)
(	5402	,	2	,	11	)
(	5403	,	3	,	11	)
(	5404	,	4	,	11	)
(	5405	,	5	,	11	)
(	5406	,	6	,	11	)
(	5407	,	7	,	11	)
(	5408	,	8	,	11	)
(	5409	,	9	,	11	)
(	5410	,	10	,	11	)
(	5411	,	11	,	11	)
(	5412	,	12	,	11	)
(	5413	,	13	,	11	)
(	5414	,	14	,	11	)
(	5415	,	15	,	11	)
(	5416	,	16	,	11	)
(	5417	,	17	,	11	)
(	5418	,	18	,	11	)
(	5419	,	19	,	11	)
(	5420	,	20	,	11	)
(	5421	,	21	,	11	)
(	5422	,	22	,	11	)
(	5423	,	23	,	11	)
(	5424	,	24	,	11	)
(	5425	,	1	,	11	)
(	5426	,	2	,	11	)
(	5427	,	3	,	11	)
(	5428	,	4	,	11	)
(	5429	,	5	,	11	)
(	5430	,	6	,	11	)
(	5431	,	7	,	11	)
(	5432	,	8	,	11	)
(	5433	,	9	,	11	)
(	5434	,	10	,	11	)
(	5435	,	11	,	11	)
(	5436	,	12	,	11	)
(	5437	,	13	,	11	)
(	5438	,	14	,	11	)
(	5439	,	15	,	11	)
(	5440	,	16	,	11	)
(	5441	,	17	,	11	)
(	5442	,	18	,	11	)
(	5443	,	19	,	11	)
(	5444	,	20	,	11	)
(	5445	,	21	,	11	)
(	5446	,	22	,	11	)
(	5447	,	23	,	11	)
(	5448	,	24	,	11	)
(	5449	,	1	,	10	)
(	5450	,	2	,	10	)
(	5451	,	3	,	10	)
(	5452	,	4	,	10	)
(	5453	,	5	,	10	)
(	5454	,	6	,	10	)
(	5455	,	7	,	10	)
(	5456	,	8	,	10	)
(	5457	,	9	,	10	)
(	5458	,	10	,	10	)
(	5459	,	11	,	10	)
(	5460	,	12	,	10	)
(	5461	,	13	,	10	)
(	5462	,	14	,	10	)
(	5463	,	15	,	10	)
(	5464	,	16	,	10	)
(	5465	,	17	,	10	)
(	5466	,	18	,	10	)
(	5467	,	19	,	10	)
(	5468	,	20	,	10	)
(	5469	,	21	,	10	)
(	5470	,	22	,	10	)
(	5471	,	23	,	10	)
(	5472	,	24	,	10	)
(	5473	,	1	,	10	)
(	5474	,	2	,	10	)
(	5475	,	3	,	10	)
(	5476	,	4	,	10	)
(	5477	,	5	,	10	)
(	5478	,	6	,	10	)
(	5479	,	7	,	10	)
(	5480	,	8	,	10	)
(	5481	,	9	,	10	)
(	5482	,	10	,	10	)
(	5483	,	11	,	10	)
(	5484	,	12	,	10	)
(	5485	,	13	,	10	)
(	5486	,	14	,	10	)
(	5487	,	15	,	10	)
(	5488	,	16	,	10	)
(	5489	,	17	,	10	)
(	5490	,	18	,	10	)
(	5491	,	19	,	10	)
(	5492	,	20	,	10	)
(	5493	,	21	,	10	)
(	5494	,	22	,	10	)
(	5495	,	23	,	10	)
(	5496	,	24	,	10	)
(	5497	,	1	,	10	)
(	5498	,	2	,	10	)
(	5499	,	3	,	10	)
(	5500	,	4	,	10	)
(	5501	,	5	,	10	)
(	5502	,	6	,	10	)
(	5503	,	7	,	10	)
(	5504	,	8	,	10	)
(	5505	,	9	,	10	)
(	5506	,	10	,	10	)
(	5507	,	11	,	10	)
(	5508	,	12	,	10	)
(	5509	,	13	,	10	)
(	5510	,	14	,	10	)
(	5511	,	15	,	10	)
(	5512	,	16	,	10	)
(	5513	,	17	,	10	)
(	5514	,	18	,	10	)
(	5515	,	19	,	10	)
(	5516	,	20	,	10	)
(	5517	,	21	,	10	)
(	5518	,	22	,	10	)
(	5519	,	23	,	10	)
(	5520	,	24	,	10	)
(	5521	,	1	,	10	)
(	5522	,	2	,	10	)
(	5523	,	3	,	10	)
(	5524	,	4	,	10	)
(	5525	,	5	,	10	)
(	5526	,	6	,	10	)
(	5527	,	7	,	10	)
(	5528	,	8	,	10	)
(	5529	,	9	,	10	)
(	5530	,	10	,	10	)
(	5531	,	11	,	10	)
(	5532	,	12	,	10	)
(	5533	,	13	,	10	)
(	5534	,	14	,	10	)
(	5535	,	15	,	10	)
(	5536	,	16	,	10	)
(	5537	,	17	,	10	)
(	5538	,	18	,	10	)
(	5539	,	19	,	10	)
(	5540	,	20	,	10	)
(	5541	,	21	,	10	)
(	5542	,	22	,	10	)
(	5543	,	23	,	10	)
(	5544	,	24	,	10	)
(	5545	,	1	,	12	)
(	5546	,	2	,	12	)
(	5547	,	3	,	12	)
(	5548	,	4	,	12	)
(	5549	,	5	,	12	)
(	5550	,	6	,	12	)
(	5551	,	7	,	12	)
(	5552	,	8	,	12	)
(	5553	,	9	,	12	)
(	5554	,	10	,	12	)
(	5555	,	11	,	12	)
(	5556	,	12	,	12	)
(	5557	,	13	,	12	)
(	5558	,	14	,	12	)
(	5559	,	15	,	12	)
(	5560	,	16	,	12	)
(	5561	,	17	,	12	)
(	5562	,	18	,	12	)
(	5563	,	19	,	12	)
(	5564	,	20	,	12	)
(	5565	,	21	,	12	)
(	5566	,	22	,	12	)
(	5567	,	23	,	12	)
(	5568	,	24	,	12	)
(	5569	,	1	,	10	)
(	5570	,	2	,	10	)
(	5571	,	3	,	10	)
(	5572	,	4	,	10	)
(	5573	,	5	,	10	)
(	5574	,	6	,	10	)
(	5575	,	7	,	10	)
(	5576	,	8	,	10	)
(	5577	,	9	,	10	)
(	5578	,	10	,	10	)
(	5579	,	11	,	10	)
(	5580	,	12	,	10	)
(	5581	,	13	,	10	)
(	5582	,	14	,	10	)
(	5583	,	15	,	10	)
(	5584	,	16	,	10	)
(	5585	,	17	,	10	)
(	5586	,	18	,	10	)
(	5587	,	19	,	10	)
(	5588	,	20	,	10	)
(	5589	,	21	,	10	)
(	5590	,	22	,	10	)
(	5591	,	23	,	10	)
(	5592	,	24	,	10	)
(	5593	,	1	,	10	)
(	5594	,	2	,	10	)
(	5595	,	3	,	10	)
(	5596	,	4	,	10	)
(	5597	,	5	,	10	)
(	5598	,	6	,	10	)
(	5599	,	7	,	10	)
(	5600	,	8	,	10	)
(	5601	,	9	,	10	)
(	5602	,	10	,	10	)
(	5603	,	11	,	10	)
(	5604	,	12	,	10	)
(	5605	,	13	,	10	)
(	5606	,	14	,	10	)
(	5607	,	15	,	10	)
(	5608	,	16	,	10	)
(	5609	,	17	,	10	)
(	5610	,	18	,	10	)
(	5611	,	19	,	10	)
(	5612	,	20	,	10	)
(	5613	,	21	,	10	)
(	5614	,	22	,	10	)
(	5615	,	23	,	10	)
(	5616	,	24	,	10	)
(	5617	,	1	,	10	)
(	5618	,	2	,	10	)
(	5619	,	3	,	10	)
(	5620	,	4	,	10	)
(	5621	,	5	,	10	)
(	5622	,	6	,	10	)
(	5623	,	7	,	10	)
(	5624	,	8	,	10	)
(	5625	,	9	,	10	)
(	5626	,	10	,	10	)
(	5627	,	11	,	10	)
(	5628	,	12	,	10	)
(	5629	,	13	,	10	)
(	5630	,	14	,	10	)
(	5631	,	15	,	10	)
(	5632	,	16	,	10	)
(	5633	,	17	,	10	)
(	5634	,	18	,	10	)
(	5635	,	19	,	10	)
(	5636	,	20	,	10	)
(	5637	,	21	,	10	)
(	5638	,	22	,	10	)
(	5639	,	23	,	10	)
(	5640	,	24	,	10	)
(	5641	,	1	,	10	)
(	5642	,	2	,	10	)
(	5643	,	3	,	10	)
(	5644	,	4	,	10	)
(	5645	,	5	,	10	)
(	5646	,	6	,	10	)
(	5647	,	7	,	10	)
(	5648	,	8	,	10	)
(	5649	,	9	,	10	)
(	5650	,	10	,	10	)
(	5651	,	11	,	10	)
(	5652	,	12	,	10	)
(	5653	,	13	,	10	)
(	5654	,	14	,	10	)
(	5655	,	15	,	10	)
(	5656	,	16	,	10	)
(	5657	,	17	,	10	)
(	5658	,	18	,	10	)
(	5659	,	19	,	10	)
(	5660	,	20	,	10	)
(	5661	,	21	,	10	)
(	5662	,	22	,	10	)
(	5663	,	23	,	10	)
(	5664	,	24	,	10	)
(	5665	,	1	,	11	)
(	5666	,	2	,	11	)
(	5667	,	3	,	11	)
(	5668	,	4	,	11	)
(	5669	,	5	,	11	)
(	5670	,	6	,	11	)
(	5671	,	7	,	11	)
(	5672	,	8	,	11	)
(	5673	,	9	,	11	)
(	5674	,	10	,	11	)
(	5675	,	11	,	11	)
(	5676	,	12	,	11	)
(	5677	,	13	,	11	)
(	5678	,	14	,	11	)
(	5679	,	15	,	11	)
(	5680	,	16	,	11	)
(	5681	,	17	,	11	)
(	5682	,	18	,	11	)
(	5683	,	19	,	11	)
(	5684	,	20	,	11	)
(	5685	,	21	,	11	)
(	5686	,	22	,	11	)
(	5687	,	23	,	11	)
(	5688	,	24	,	11	)
(	5689	,	1	,	9	)
(	5690	,	2	,	9	)
(	5691	,	3	,	9	)
(	5692	,	4	,	9	)
(	5693	,	5	,	9	)
(	5694	,	6	,	9	)
(	5695	,	7	,	9	)
(	5696	,	8	,	9	)
(	5697	,	9	,	9	)
(	5698	,	10	,	9	)
(	5699	,	11	,	9	)
(	5700	,	12	,	9	)
(	5701	,	13	,	9	)
(	5702	,	14	,	9	)
(	5703	,	15	,	9	)
(	5704	,	16	,	9	)
(	5705	,	17	,	9	)
(	5706	,	18	,	9	)
(	5707	,	19	,	9	)
(	5708	,	20	,	9	)
(	5709	,	21	,	9	)
(	5710	,	22	,	9	)
(	5711	,	23	,	9	)
(	5712	,	24	,	9	)
(	5713	,	1	,	11	)
(	5714	,	2	,	11	)
(	5715	,	3	,	11	)
(	5716	,	4	,	11	)
(	5717	,	5	,	11	)
(	5718	,	6	,	11	)
(	5719	,	7	,	11	)
(	5720	,	8	,	11	)
(	5721	,	9	,	11	)
(	5722	,	10	,	11	)
(	5723	,	11	,	11	)
(	5724	,	12	,	11	)
(	5725	,	13	,	11	)
(	5726	,	14	,	11	)
(	5727	,	15	,	11	)
(	5728	,	16	,	11	)
(	5729	,	17	,	11	)
(	5730	,	18	,	11	)
(	5731	,	19	,	11	)
(	5732	,	20	,	11	)
(	5733	,	21	,	11	)
(	5734	,	22	,	11	)
(	5735	,	23	,	11	)
(	5736	,	24	,	11	)
(	5737	,	1	,	11	)
(	5738	,	2	,	11	)
(	5739	,	3	,	11	)
(	5740	,	4	,	11	)
(	5741	,	5	,	11	)
(	5742	,	6	,	11	)
(	5743	,	7	,	11	)
(	5744	,	8	,	11	)
(	5745	,	9	,	11	)
(	5746	,	10	,	11	)
(	5747	,	11	,	11	)
(	5748	,	12	,	11	)
(	5749	,	13	,	11	)
(	5750	,	14	,	11	)
(	5751	,	15	,	11	)
(	5752	,	16	,	11	)
(	5753	,	17	,	11	)
(	5754	,	18	,	11	)
(	5755	,	19	,	11	)
(	5756	,	20	,	11	)
(	5757	,	21	,	11	)
(	5758	,	22	,	11	)
(	5759	,	23	,	11	)
(	5760	,	24	,	11	)
(	5761	,	1	,	11	)
(	5762	,	2	,	11	)
(	5763	,	3	,	11	)
(	5764	,	4	,	11	)
(	5765	,	5	,	11	)
(	5766	,	6	,	11	)
(	5767	,	7	,	11	)
(	5768	,	8	,	11	)
(	5769	,	9	,	11	)
(	5770	,	10	,	11	)
(	5771	,	11	,	11	)
(	5772	,	12	,	11	)
(	5773	,	13	,	11	)
(	5774	,	14	,	11	)
(	5775	,	15	,	11	)
(	5776	,	16	,	11	)
(	5777	,	17	,	11	)
(	5778	,	18	,	11	)
(	5779	,	19	,	11	)
(	5780	,	20	,	11	)
(	5781	,	21	,	11	)
(	5782	,	22	,	11	)
(	5783	,	23	,	11	)
(	5784	,	24	,	11	)
(	5785	,	1	,	11	)
(	5786	,	2	,	11	)
(	5787	,	3	,	11	)
(	5788	,	4	,	11	)
(	5789	,	5	,	11	)
(	5790	,	6	,	11	)
(	5791	,	7	,	11	)
(	5792	,	8	,	11	)
(	5793	,	9	,	11	)
(	5794	,	10	,	11	)
(	5795	,	11	,	11	)
(	5796	,	12	,	11	)
(	5797	,	13	,	11	)
(	5798	,	14	,	11	)
(	5799	,	15	,	11	)
(	5800	,	16	,	11	)
(	5801	,	17	,	11	)
(	5802	,	18	,	11	)
(	5803	,	19	,	11	)
(	5804	,	20	,	11	)
(	5805	,	21	,	11	)
(	5806	,	22	,	11	)
(	5807	,	23	,	11	)
(	5808	,	24	,	11	)
(	5809	,	1	,	12	)
(	5810	,	2	,	12	)
(	5811	,	3	,	12	)
(	5812	,	4	,	12	)
(	5813	,	5	,	12	)
(	5814	,	6	,	12	)
(	5815	,	7	,	12	)
(	5816	,	8	,	12	)
(	5817	,	9	,	12	)
(	5818	,	10	,	12	)
(	5819	,	11	,	12	)
(	5820	,	12	,	12	)
(	5821	,	13	,	12	)
(	5822	,	14	,	12	)
(	5823	,	15	,	12	)
(	5824	,	16	,	12	)
(	5825	,	17	,	12	)
(	5826	,	18	,	12	)
(	5827	,	19	,	12	)
(	5828	,	20	,	12	)
(	5829	,	21	,	12	)
(	5830	,	22	,	12	)
(	5831	,	23	,	12	)
(	5832	,	24	,	12	)
(	5833	,	1	,	10	)
(	5834	,	2	,	10	)
(	5835	,	3	,	10	)
(	5836	,	4	,	10	)
(	5837	,	5	,	10	)
(	5838	,	6	,	10	)
(	5839	,	7	,	10	)
(	5840	,	8	,	10	)
(	5841	,	9	,	10	)
(	5842	,	10	,	10	)
(	5843	,	11	,	10	)
(	5844	,	12	,	10	)
(	5845	,	13	,	10	)
(	5846	,	14	,	10	)
(	5847	,	15	,	10	)
(	5848	,	16	,	10	)
(	5849	,	17	,	10	)
(	5850	,	18	,	10	)
(	5851	,	19	,	10	)
(	5852	,	20	,	10	)
(	5853	,	21	,	10	)
(	5854	,	22	,	10	)
(	5855	,	23	,	10	)
(	5856	,	24	,	10	)
(	5857	,	1	,	10	)
(	5858	,	2	,	10	)
(	5859	,	3	,	10	)
(	5860	,	4	,	10	)
(	5861	,	5	,	10	)
(	5862	,	6	,	10	)
(	5863	,	7	,	10	)
(	5864	,	8	,	10	)
(	5865	,	9	,	10	)
(	5866	,	10	,	10	)
(	5867	,	11	,	10	)
(	5868	,	12	,	10	)
(	5869	,	13	,	10	)
(	5870	,	14	,	10	)
(	5871	,	15	,	10	)
(	5872	,	16	,	10	)
(	5873	,	17	,	10	)
(	5874	,	18	,	10	)
(	5875	,	19	,	10	)
(	5876	,	20	,	10	)
(	5877	,	21	,	10	)
(	5878	,	22	,	10	)
(	5879	,	23	,	10	)
(	5880	,	24	,	10	)
(	5881	,	1	,	12	)
(	5882	,	2	,	12	)
(	5883	,	3	,	12	)
(	5884	,	4	,	12	)
(	5885	,	5	,	12	)
(	5886	,	6	,	12	)
(	5887	,	7	,	12	)
(	5888	,	8	,	12	)
(	5889	,	9	,	12	)
(	5890	,	10	,	12	)
(	5891	,	11	,	12	)
(	5892	,	12	,	12	)
(	5893	,	13	,	12	)
(	5894	,	14	,	12	)
(	5895	,	15	,	12	)
(	5896	,	16	,	12	)
(	5897	,	17	,	12	)
(	5898	,	18	,	12	)
(	5899	,	19	,	12	)
(	5900	,	20	,	12	)
(	5901	,	21	,	12	)
(	5902	,	22	,	12	)
(	5903	,	23	,	12	)
(	5904	,	24	,	12	)
(	5905	,	1	,	12	)
(	5906	,	2	,	12	)
(	5907	,	3	,	12	)
(	5908	,	4	,	12	)
(	5909	,	5	,	12	)
(	5910	,	6	,	12	)
(	5911	,	7	,	12	)
(	5912	,	8	,	12	)
(	5913	,	9	,	12	)
(	5914	,	10	,	12	)
(	5915	,	11	,	12	)
(	5916	,	12	,	12	)
(	5917	,	13	,	12	)
(	5918	,	14	,	12	)
(	5919	,	15	,	12	)
(	5920	,	16	,	12	)
(	5921	,	17	,	12	)
(	5922	,	18	,	12	)
(	5923	,	19	,	12	)
(	5924	,	20	,	12	)
(	5925	,	21	,	12	)
(	5926	,	22	,	12	)
(	5927	,	23	,	12	)
(	5928	,	24	,	12	)
(	5929	,	1	,	11	)
(	5930	,	2	,	11	)
(	5931	,	3	,	11	)
(	5932	,	4	,	11	)
(	5933	,	5	,	11	)
(	5934	,	6	,	11	)
(	5935	,	7	,	11	)
(	5936	,	8	,	11	)
(	5937	,	9	,	11	)
(	5938	,	10	,	11	)
(	5939	,	11	,	11	)
(	5940	,	12	,	11	)
(	5941	,	13	,	11	)
(	5942	,	14	,	11	)
(	5943	,	15	,	11	)
(	5944	,	16	,	11	)
(	5945	,	17	,	11	)
(	5946	,	18	,	11	)
(	5947	,	19	,	11	)
(	5948	,	20	,	11	)
(	5949	,	21	,	11	)
(	5950	,	22	,	11	)
(	5951	,	23	,	11	)
(	5952	,	24	,	11	)
(	5953	,	1	,	10	)
(	5954	,	2	,	10	)
(	5955	,	3	,	10	)
(	5956	,	4	,	10	)
(	5957	,	5	,	10	)
(	5958	,	6	,	10	)
(	5959	,	7	,	10	)
(	5960	,	8	,	10	)
(	5961	,	9	,	10	)
(	5962	,	10	,	10	)
(	5963	,	11	,	10	)
(	5964	,	12	,	10	)
(	5965	,	13	,	10	)
(	5966	,	14	,	10	)
(	5967	,	15	,	10	)
(	5968	,	16	,	10	)
(	5969	,	17	,	10	)
(	5970	,	18	,	10	)
(	5971	,	19	,	10	)
(	5972	,	20	,	10	)
(	5973	,	21	,	10	)
(	5974	,	22	,	10	)
(	5975	,	23	,	10	)
(	5976	,	24	,	10	)
(	5977	,	1	,	10	)
(	5978	,	2	,	10	)
(	5979	,	3	,	10	)
(	5980	,	4	,	10	)
(	5981	,	5	,	10	)
(	5982	,	6	,	10	)
(	5983	,	7	,	10	)
(	5984	,	8	,	10	)
(	5985	,	9	,	10	)
(	5986	,	10	,	10	)
(	5987	,	11	,	10	)
(	5988	,	12	,	10	)
(	5989	,	13	,	10	)
(	5990	,	14	,	10	)
(	5991	,	15	,	10	)
(	5992	,	16	,	10	)
(	5993	,	17	,	10	)
(	5994	,	18	,	10	)
(	5995	,	19	,	10	)
(	5996	,	20	,	10	)
(	5997	,	21	,	10	)
(	5998	,	22	,	10	)
(	5999	,	23	,	10	)
(	6000	,	24	,	10	)
(	6001	,	1	,	10	)
(	6002	,	2	,	10	)
(	6003	,	3	,	10	)
(	6004	,	4	,	10	)
(	6005	,	5	,	10	)
(	6006	,	6	,	10	)
(	6007	,	7	,	10	)
(	6008	,	8	,	10	)
(	6009	,	9	,	10	)
(	6010	,	10	,	10	)
(	6011	,	11	,	10	)
(	6012	,	12	,	10	)
(	6013	,	13	,	10	)
(	6014	,	14	,	10	)
(	6015	,	15	,	10	)
(	6016	,	16	,	10	)
(	6017	,	17	,	10	)
(	6018	,	18	,	10	)
(	6019	,	19	,	10	)
(	6020	,	20	,	10	)
(	6021	,	21	,	10	)
(	6022	,	22	,	10	)
(	6023	,	23	,	10	)
(	6024	,	24	,	10	)
(	6025	,	1	,	9	)
(	6026	,	2	,	9	)
(	6027	,	3	,	9	)
(	6028	,	4	,	9	)
(	6029	,	5	,	9	)
(	6030	,	6	,	9	)
(	6031	,	7	,	9	)
(	6032	,	8	,	9	)
(	6033	,	9	,	9	)
(	6034	,	10	,	9	)
(	6035	,	11	,	9	)
(	6036	,	12	,	9	)
(	6037	,	13	,	9	)
(	6038	,	14	,	9	)
(	6039	,	15	,	9	)
(	6040	,	16	,	9	)
(	6041	,	17	,	9	)
(	6042	,	18	,	9	)
(	6043	,	19	,	9	)
(	6044	,	20	,	9	)
(	6045	,	21	,	9	)
(	6046	,	22	,	9	)
(	6047	,	23	,	9	)
(	6048	,	24	,	9	)
(	6049	,	1	,	11	)
(	6050	,	2	,	11	)
(	6051	,	3	,	11	)
(	6052	,	4	,	11	)
(	6053	,	5	,	11	)
(	6054	,	6	,	11	)
(	6055	,	7	,	11	)
(	6056	,	8	,	11	)
(	6057	,	9	,	11	)
(	6058	,	10	,	11	)
(	6059	,	11	,	11	)
(	6060	,	12	,	11	)
(	6061	,	13	,	11	)
(	6062	,	14	,	11	)
(	6063	,	15	,	11	)
(	6064	,	16	,	11	)
(	6065	,	17	,	11	)
(	6066	,	18	,	11	)
(	6067	,	19	,	11	)
(	6068	,	20	,	11	)
(	6069	,	21	,	11	)
(	6070	,	22	,	11	)
(	6071	,	23	,	11	)
(	6072	,	24	,	11	)
(	6073	,	1	,	10	)
(	6074	,	2	,	10	)
(	6075	,	3	,	10	)
(	6076	,	4	,	10	)
(	6077	,	5	,	10	)
(	6078	,	6	,	10	)
(	6079	,	7	,	10	)
(	6080	,	8	,	10	)
(	6081	,	9	,	10	)
(	6082	,	10	,	10	)
(	6083	,	11	,	10	)
(	6084	,	12	,	10	)
(	6085	,	13	,	10	)
(	6086	,	14	,	10	)
(	6087	,	15	,	10	)
(	6088	,	16	,	10	)
(	6089	,	17	,	10	)
(	6090	,	18	,	10	)
(	6091	,	19	,	10	)
(	6092	,	20	,	10	)
(	6093	,	21	,	10	)
(	6094	,	22	,	10	)
(	6095	,	23	,	10	)
(	6096	,	24	,	10	)
(	6097	,	1	,	12	)
(	6098	,	2	,	12	)
(	6099	,	3	,	12	)
(	6100	,	4	,	12	)
(	6101	,	5	,	12	)
(	6102	,	6	,	12	)
(	6103	,	7	,	12	)
(	6104	,	8	,	12	)
(	6105	,	9	,	12	)
(	6106	,	10	,	12	)
(	6107	,	11	,	12	)
(	6108	,	12	,	12	)
(	6109	,	13	,	12	)
(	6110	,	14	,	12	)
(	6111	,	15	,	12	)
(	6112	,	16	,	12	)
(	6113	,	17	,	12	)
(	6114	,	18	,	12	)
(	6115	,	19	,	12	)
(	6116	,	20	,	12	)
(	6117	,	21	,	12	)
(	6118	,	22	,	12	)
(	6119	,	23	,	12	)
(	6120	,	24	,	12	)
(	6121	,	1	,	12	)
(	6122	,	2	,	12	)
(	6123	,	3	,	12	)
(	6124	,	4	,	12	)
(	6125	,	5	,	12	)
(	6126	,	6	,	12	)
(	6127	,	7	,	12	)
(	6128	,	8	,	12	)
(	6129	,	9	,	12	)
(	6130	,	10	,	12	)
(	6131	,	11	,	12	)
(	6132	,	12	,	12	)
(	6133	,	13	,	12	)
(	6134	,	14	,	12	)
(	6135	,	15	,	12	)
(	6136	,	16	,	12	)
(	6137	,	17	,	12	)
(	6138	,	18	,	12	)
(	6139	,	19	,	12	)
(	6140	,	20	,	12	)
(	6141	,	21	,	12	)
(	6142	,	22	,	12	)
(	6143	,	23	,	12	)
(	6144	,	24	,	12	)
(	6145	,	1	,	12	)
(	6146	,	2	,	12	)
(	6147	,	3	,	12	)
(	6148	,	4	,	12	)
(	6149	,	5	,	12	)
(	6150	,	6	,	12	)
(	6151	,	7	,	12	)
(	6152	,	8	,	12	)
(	6153	,	9	,	12	)
(	6154	,	10	,	12	)
(	6155	,	11	,	12	)
(	6156	,	12	,	12	)
(	6157	,	13	,	12	)
(	6158	,	14	,	12	)
(	6159	,	15	,	12	)
(	6160	,	16	,	12	)
(	6161	,	17	,	12	)
(	6162	,	18	,	12	)
(	6163	,	19	,	12	)
(	6164	,	20	,	12	)
(	6165	,	21	,	12	)
(	6166	,	22	,	12	)
(	6167	,	23	,	12	)
(	6168	,	24	,	12	)
(	6169	,	1	,	9	)
(	6170	,	2	,	9	)
(	6171	,	3	,	9	)
(	6172	,	4	,	9	)
(	6173	,	5	,	9	)
(	6174	,	6	,	9	)
(	6175	,	7	,	9	)
(	6176	,	8	,	9	)
(	6177	,	9	,	9	)
(	6178	,	10	,	9	)
(	6179	,	11	,	9	)
(	6180	,	12	,	9	)
(	6181	,	13	,	9	)
(	6182	,	14	,	9	)
(	6183	,	15	,	9	)
(	6184	,	16	,	9	)
(	6185	,	17	,	9	)
(	6186	,	18	,	9	)
(	6187	,	19	,	9	)
(	6188	,	20	,	9	)
(	6189	,	21	,	9	)
(	6190	,	22	,	9	)
(	6191	,	23	,	9	)
(	6192	,	24	,	9	)
(	6193	,	1	,	12	)
(	6194	,	2	,	12	)
(	6195	,	3	,	12	)
(	6196	,	4	,	12	)
(	6197	,	5	,	12	)
(	6198	,	6	,	12	)
(	6199	,	7	,	12	)
(	6200	,	8	,	12	)
(	6201	,	9	,	12	)
(	6202	,	10	,	12	)
(	6203	,	11	,	12	)
(	6204	,	12	,	12	)
(	6205	,	13	,	12	)
(	6206	,	14	,	12	)
(	6207	,	15	,	12	)
(	6208	,	16	,	12	)
(	6209	,	17	,	12	)
(	6210	,	18	,	12	)
(	6211	,	19	,	12	)
(	6212	,	20	,	12	)
(	6213	,	21	,	12	)
(	6214	,	22	,	12	)
(	6215	,	23	,	12	)
(	6216	,	24	,	12	)
(	6217	,	1	,	12	)
(	6218	,	2	,	12	)
(	6219	,	3	,	12	)
(	6220	,	4	,	12	)
(	6221	,	5	,	12	)
(	6222	,	6	,	12	)
(	6223	,	7	,	12	)
(	6224	,	8	,	12	)
(	6225	,	9	,	12	)
(	6226	,	10	,	12	)
(	6227	,	11	,	12	)
(	6228	,	12	,	12	)
(	6229	,	13	,	12	)
(	6230	,	14	,	12	)
(	6231	,	15	,	12	)
(	6232	,	16	,	12	)
(	6233	,	17	,	12	)
(	6234	,	18	,	12	)
(	6235	,	19	,	12	)
(	6236	,	20	,	12	)
(	6237	,	21	,	12	)
(	6238	,	22	,	12	)
(	6239	,	23	,	12	)
(	6240	,	24	,	12	)
(	6241	,	1	,	12	)
(	6242	,	2	,	12	)
(	6243	,	3	,	12	)
(	6244	,	4	,	12	)
(	6245	,	5	,	12	)
(	6246	,	6	,	12	)
(	6247	,	7	,	12	)
(	6248	,	8	,	12	)
(	6249	,	9	,	12	)
(	6250	,	10	,	12	)
(	6251	,	11	,	12	)
(	6252	,	12	,	12	)
(	6253	,	13	,	12	)
(	6254	,	14	,	12	)
(	6255	,	15	,	12	)
(	6256	,	16	,	12	)
(	6257	,	17	,	12	)
(	6258	,	18	,	12	)
(	6259	,	19	,	12	)
(	6260	,	20	,	12	)
(	6261	,	21	,	12	)
(	6262	,	22	,	12	)
(	6263	,	23	,	12	)
(	6264	,	24	,	12	)
(	6265	,	1	,	12	)
(	6266	,	2	,	12	)
(	6267	,	3	,	12	)
(	6268	,	4	,	12	)
(	6269	,	5	,	12	)
(	6270	,	6	,	12	)
(	6271	,	7	,	12	)
(	6272	,	8	,	12	)
(	6273	,	9	,	12	)
(	6274	,	10	,	12	)
(	6275	,	11	,	12	)
(	6276	,	12	,	12	)
(	6277	,	13	,	12	)
(	6278	,	14	,	12	)
(	6279	,	15	,	12	)
(	6280	,	16	,	12	)
(	6281	,	17	,	12	)
(	6282	,	18	,	12	)
(	6283	,	19	,	12	)
(	6284	,	20	,	12	)
(	6285	,	21	,	12	)
(	6286	,	22	,	12	)
(	6287	,	23	,	12	)
(	6288	,	24	,	12	)
(	6289	,	1	,	12	)
(	6290	,	2	,	12	)
(	6291	,	3	,	12	)
(	6292	,	4	,	12	)
(	6293	,	5	,	12	)
(	6294	,	6	,	12	)
(	6295	,	7	,	12	)
(	6296	,	8	,	12	)
(	6297	,	9	,	12	)
(	6298	,	10	,	12	)
(	6299	,	11	,	12	)
(	6300	,	12	,	12	)
(	6301	,	13	,	12	)
(	6302	,	14	,	12	)
(	6303	,	15	,	12	)
(	6304	,	16	,	12	)
(	6305	,	17	,	12	)
(	6306	,	18	,	12	)
(	6307	,	19	,	12	)
(	6308	,	20	,	12	)
(	6309	,	21	,	12	)
(	6310	,	22	,	12	)
(	6311	,	23	,	12	)
(	6312	,	24	,	12	)
(	6313	,	1	,	12	)
(	6314	,	2	,	12	)
(	6315	,	3	,	12	)
(	6316	,	4	,	12	)
(	6317	,	5	,	12	)
(	6318	,	6	,	12	)
(	6319	,	7	,	12	)
(	6320	,	8	,	12	)
(	6321	,	9	,	12	)
(	6322	,	10	,	12	)
(	6323	,	11	,	12	)
(	6324	,	12	,	12	)
(	6325	,	13	,	12	)
(	6326	,	14	,	12	)
(	6327	,	15	,	12	)
(	6328	,	16	,	12	)
(	6329	,	17	,	12	)
(	6330	,	18	,	12	)
(	6331	,	19	,	12	)
(	6332	,	20	,	12	)
(	6333	,	21	,	12	)
(	6334	,	22	,	12	)
(	6335	,	23	,	12	)
(	6336	,	24	,	12	)
(	6337	,	1	,	12	)
(	6338	,	2	,	12	)
(	6339	,	3	,	12	)
(	6340	,	4	,	12	)
(	6341	,	5	,	12	)
(	6342	,	6	,	12	)
(	6343	,	7	,	12	)
(	6344	,	8	,	12	)
(	6345	,	9	,	12	)
(	6346	,	10	,	12	)
(	6347	,	11	,	12	)
(	6348	,	12	,	12	)
(	6349	,	13	,	12	)
(	6350	,	14	,	12	)
(	6351	,	15	,	12	)
(	6352	,	16	,	12	)
(	6353	,	17	,	12	)
(	6354	,	18	,	12	)
(	6355	,	19	,	12	)
(	6356	,	20	,	12	)
(	6357	,	21	,	12	)
(	6358	,	22	,	12	)
(	6359	,	23	,	12	)
(	6360	,	24	,	12	)
(	6361	,	1	,	12	)
(	6362	,	2	,	12	)
(	6363	,	3	,	12	)
(	6364	,	4	,	12	)
(	6365	,	5	,	12	)
(	6366	,	6	,	12	)
(	6367	,	7	,	12	)
(	6368	,	8	,	12	)
(	6369	,	9	,	12	)
(	6370	,	10	,	12	)
(	6371	,	11	,	12	)
(	6372	,	12	,	12	)
(	6373	,	13	,	12	)
(	6374	,	14	,	12	)
(	6375	,	15	,	12	)
(	6376	,	16	,	12	)
(	6377	,	17	,	12	)
(	6378	,	18	,	12	)
(	6379	,	19	,	12	)
(	6380	,	20	,	12	)
(	6381	,	21	,	12	)
(	6382	,	22	,	12	)
(	6383	,	23	,	12	)
(	6384	,	24	,	12	)
(	6385	,	1	,	12	)
(	6386	,	2	,	12	)
(	6387	,	3	,	12	)
(	6388	,	4	,	12	)
(	6389	,	5	,	12	)
(	6390	,	6	,	12	)
(	6391	,	7	,	12	)
(	6392	,	8	,	12	)
(	6393	,	9	,	12	)
(	6394	,	10	,	12	)
(	6395	,	11	,	12	)
(	6396	,	12	,	12	)
(	6397	,	13	,	12	)
(	6398	,	14	,	12	)
(	6399	,	15	,	12	)
(	6400	,	16	,	12	)
(	6401	,	17	,	12	)
(	6402	,	18	,	12	)
(	6403	,	19	,	12	)
(	6404	,	20	,	12	)
(	6405	,	21	,	12	)
(	6406	,	22	,	12	)
(	6407	,	23	,	12	)
(	6408	,	24	,	12	)
(	6409	,	1	,	12	)
(	6410	,	2	,	12	)
(	6411	,	3	,	12	)
(	6412	,	4	,	12	)
(	6413	,	5	,	12	)
(	6414	,	6	,	12	)
(	6415	,	7	,	12	)
(	6416	,	8	,	12	)
(	6417	,	9	,	12	)
(	6418	,	10	,	12	)
(	6419	,	11	,	12	)
(	6420	,	12	,	12	)
(	6421	,	13	,	12	)
(	6422	,	14	,	12	)
(	6423	,	15	,	12	)
(	6424	,	16	,	12	)
(	6425	,	17	,	12	)
(	6426	,	18	,	12	)
(	6427	,	19	,	12	)
(	6428	,	20	,	12	)
(	6429	,	21	,	12	)
(	6430	,	22	,	12	)
(	6431	,	23	,	12	)
(	6432	,	24	,	12	)
(	6433	,	1	,	12	)
(	6434	,	2	,	12	)
(	6435	,	3	,	12	)
(	6436	,	4	,	12	)
(	6437	,	5	,	12	)
(	6438	,	6	,	12	)
(	6439	,	7	,	12	)
(	6440	,	8	,	12	)
(	6441	,	9	,	12	)
(	6442	,	10	,	12	)
(	6443	,	11	,	12	)
(	6444	,	12	,	12	)
(	6445	,	13	,	12	)
(	6446	,	14	,	12	)
(	6447	,	15	,	12	)
(	6448	,	16	,	12	)
(	6449	,	17	,	12	)
(	6450	,	18	,	12	)
(	6451	,	19	,	12	)
(	6452	,	20	,	12	)
(	6453	,	21	,	12	)
(	6454	,	22	,	12	)
(	6455	,	23	,	12	)
(	6456	,	24	,	12	)
(	6457	,	1	,	12	)
(	6458	,	2	,	12	)
(	6459	,	3	,	12	)
(	6460	,	4	,	12	)
(	6461	,	5	,	12	)
(	6462	,	6	,	12	)
(	6463	,	7	,	12	)
(	6464	,	8	,	12	)
(	6465	,	9	,	12	)
(	6466	,	10	,	12	)
(	6467	,	11	,	12	)
(	6468	,	12	,	12	)
(	6469	,	13	,	12	)
(	6470	,	14	,	12	)
(	6471	,	15	,	12	)
(	6472	,	16	,	12	)
(	6473	,	17	,	12	)
(	6474	,	18	,	12	)
(	6475	,	19	,	12	)
(	6476	,	20	,	12	)
(	6477	,	21	,	12	)
(	6478	,	22	,	12	)
(	6479	,	23	,	12	)
(	6480	,	24	,	12	)
(	6481	,	1	,	12	)
(	6482	,	2	,	12	)
(	6483	,	3	,	12	)
(	6484	,	4	,	12	)
(	6485	,	5	,	12	)
(	6486	,	6	,	12	)
(	6487	,	7	,	12	)
(	6488	,	8	,	12	)
(	6489	,	9	,	12	)
(	6490	,	10	,	12	)
(	6491	,	11	,	12	)
(	6492	,	12	,	12	)
(	6493	,	13	,	12	)
(	6494	,	14	,	12	)
(	6495	,	15	,	12	)
(	6496	,	16	,	12	)
(	6497	,	17	,	12	)
(	6498	,	18	,	12	)
(	6499	,	19	,	12	)
(	6500	,	20	,	12	)
(	6501	,	21	,	12	)
(	6502	,	22	,	12	)
(	6503	,	23	,	12	)
(	6504	,	24	,	12	)
(	6505	,	1	,	12	)
(	6506	,	2	,	12	)
(	6507	,	3	,	12	)
(	6508	,	4	,	12	)
(	6509	,	5	,	12	)
(	6510	,	6	,	12	)
(	6511	,	7	,	12	)
(	6512	,	8	,	12	)
(	6513	,	9	,	12	)
(	6514	,	10	,	12	)
(	6515	,	11	,	12	)
(	6516	,	12	,	12	)
(	6517	,	13	,	12	)
(	6518	,	14	,	12	)
(	6519	,	15	,	12	)
(	6520	,	16	,	12	)
(	6521	,	17	,	12	)
(	6522	,	18	,	12	)
(	6523	,	19	,	12	)
(	6524	,	20	,	12	)
(	6525	,	21	,	12	)
(	6526	,	22	,	12	)
(	6527	,	23	,	12	)
(	6528	,	24	,	12	)
(	6529	,	1	,	12	)
(	6530	,	2	,	12	)
(	6531	,	3	,	12	)
(	6532	,	4	,	12	)
(	6533	,	5	,	12	)
(	6534	,	6	,	12	)
(	6535	,	7	,	12	)
(	6536	,	8	,	12	)
(	6537	,	9	,	12	)
(	6538	,	10	,	12	)
(	6539	,	11	,	12	)
(	6540	,	12	,	12	)
(	6541	,	13	,	12	)
(	6542	,	14	,	12	)
(	6543	,	15	,	12	)
(	6544	,	16	,	12	)
(	6545	,	17	,	12	)
(	6546	,	18	,	12	)
(	6547	,	19	,	12	)
(	6548	,	20	,	12	)
(	6549	,	21	,	12	)
(	6550	,	22	,	12	)
(	6551	,	23	,	12	)
(	6552	,	24	,	12	)
(	6553	,	1	,	12	)
(	6554	,	2	,	12	)
(	6555	,	3	,	12	)
(	6556	,	4	,	12	)
(	6557	,	5	,	12	)
(	6558	,	6	,	12	)
(	6559	,	7	,	12	)
(	6560	,	8	,	12	)
(	6561	,	9	,	12	)
(	6562	,	10	,	12	)
(	6563	,	11	,	12	)
(	6564	,	12	,	12	)
(	6565	,	13	,	12	)
(	6566	,	14	,	12	)
(	6567	,	15	,	12	)
(	6568	,	16	,	12	)
(	6569	,	17	,	12	)
(	6570	,	18	,	12	)
(	6571	,	19	,	12	)
(	6572	,	20	,	12	)
(	6573	,	21	,	12	)
(	6574	,	22	,	12	)
(	6575	,	23	,	12	)
(	6576	,	24	,	12	)
(	6577	,	1	,	12	)
(	6578	,	2	,	12	)
(	6579	,	3	,	12	)
(	6580	,	4	,	12	)
(	6581	,	5	,	12	)
(	6582	,	6	,	12	)
(	6583	,	7	,	12	)
(	6584	,	8	,	12	)
(	6585	,	9	,	12	)
(	6586	,	10	,	12	)
(	6587	,	11	,	12	)
(	6588	,	12	,	12	)
(	6589	,	13	,	12	)
(	6590	,	14	,	12	)
(	6591	,	15	,	12	)
(	6592	,	16	,	12	)
(	6593	,	17	,	12	)
(	6594	,	18	,	12	)
(	6595	,	19	,	12	)
(	6596	,	20	,	12	)
(	6597	,	21	,	12	)
(	6598	,	22	,	12	)
(	6599	,	23	,	12	)
(	6600	,	24	,	12	)
(	6601	,	1	,	12	)
(	6602	,	2	,	12	)
(	6603	,	3	,	12	)
(	6604	,	4	,	12	)
(	6605	,	5	,	12	)
(	6606	,	6	,	12	)
(	6607	,	7	,	12	)
(	6608	,	8	,	12	)
(	6609	,	9	,	12	)
(	6610	,	10	,	12	)
(	6611	,	11	,	12	)
(	6612	,	12	,	12	)
(	6613	,	13	,	12	)
(	6614	,	14	,	12	)
(	6615	,	15	,	12	)
(	6616	,	16	,	12	)
(	6617	,	17	,	12	)
(	6618	,	18	,	12	)
(	6619	,	19	,	12	)
(	6620	,	20	,	12	)
(	6621	,	21	,	12	)
(	6622	,	22	,	12	)
(	6623	,	23	,	12	)
(	6624	,	24	,	12	)
(	6625	,	1	,	9	)
(	6626	,	2	,	9	)
(	6627	,	3	,	9	)
(	6628	,	4	,	9	)
(	6629	,	5	,	9	)
(	6630	,	6	,	9	)
(	6631	,	7	,	9	)
(	6632	,	8	,	9	)
(	6633	,	9	,	9	)
(	6634	,	10	,	9	)
(	6635	,	11	,	9	)
(	6636	,	12	,	9	)
(	6637	,	13	,	9	)
(	6638	,	14	,	9	)
(	6639	,	15	,	9	)
(	6640	,	16	,	9	)
(	6641	,	17	,	9	)
(	6642	,	18	,	9	)
(	6643	,	19	,	9	)
(	6644	,	20	,	9	)
(	6645	,	21	,	9	)
(	6646	,	22	,	9	)
(	6647	,	23	,	9	)
(	6648	,	24	,	9	)
(	6649	,	1	,	8	)
(	6650	,	2	,	8	)
(	6651	,	3	,	8	)
(	6652	,	4	,	8	)
(	6653	,	5	,	8	)
(	6654	,	6	,	8	)
(	6655	,	7	,	8	)
(	6656	,	8	,	8	)
(	6657	,	9	,	8	)
(	6658	,	10	,	8	)
(	6659	,	11	,	8	)
(	6660	,	12	,	8	)
(	6661	,	13	,	8	)
(	6662	,	14	,	8	)
(	6663	,	15	,	8	)
(	6664	,	16	,	8	)
(	6665	,	17	,	8	)
(	6666	,	18	,	8	)
(	6667	,	19	,	8	)
(	6668	,	20	,	8	)
(	6669	,	21	,	8	)
(	6670	,	22	,	8	)
(	6671	,	23	,	8	)
(	6672	,	24	,	8	)
(	6673	,	1	,	12	)
(	6674	,	2	,	12	)
(	6675	,	3	,	12	)
(	6676	,	4	,	12	)
(	6677	,	5	,	12	)
(	6678	,	6	,	12	)
(	6679	,	7	,	12	)
(	6680	,	8	,	12	)
(	6681	,	9	,	12	)
(	6682	,	10	,	12	)
(	6683	,	11	,	12	)
(	6684	,	12	,	12	)
(	6685	,	13	,	12	)
(	6686	,	14	,	12	)
(	6687	,	15	,	12	)
(	6688	,	16	,	12	)
(	6689	,	17	,	12	)
(	6690	,	18	,	12	)
(	6691	,	19	,	12	)
(	6692	,	20	,	12	)
(	6693	,	21	,	12	)
(	6694	,	22	,	12	)
(	6695	,	23	,	12	)
(	6696	,	24	,	12	)
(	6697	,	1	,	8	)
(	6698	,	2	,	8	)
(	6699	,	3	,	8	)
(	6700	,	4	,	8	)
(	6701	,	5	,	8	)
(	6702	,	6	,	8	)
(	6703	,	7	,	8	)
(	6704	,	8	,	8	)
(	6705	,	9	,	8	)
(	6706	,	10	,	8	)
(	6707	,	11	,	8	)
(	6708	,	12	,	8	)
(	6709	,	13	,	8	)
(	6710	,	14	,	8	)
(	6711	,	15	,	8	)
(	6712	,	16	,	8	)
(	6713	,	17	,	8	)
(	6714	,	18	,	8	)
(	6715	,	19	,	8	)
(	6716	,	20	,	8	)
(	6717	,	21	,	8	)
(	6718	,	22	,	8	)
(	6719	,	23	,	8	)
(	6720	,	24	,	8	)
(	6721	,	1	,	12	)
(	6722	,	2	,	12	)
(	6723	,	3	,	12	)
(	6724	,	4	,	12	)
(	6725	,	5	,	12	)
(	6726	,	6	,	12	)
(	6727	,	7	,	12	)
(	6728	,	8	,	12	)
(	6729	,	9	,	12	)
(	6730	,	10	,	12	)
(	6731	,	11	,	12	)
(	6732	,	12	,	12	)
(	6733	,	13	,	12	)
(	6734	,	14	,	12	)
(	6735	,	15	,	12	)
(	6736	,	16	,	12	)
(	6737	,	17	,	12	)
(	6738	,	18	,	12	)
(	6739	,	19	,	12	)
(	6740	,	20	,	12	)
(	6741	,	21	,	12	)
(	6742	,	22	,	12	)
(	6743	,	23	,	12	)
(	6744	,	24	,	12	)
(	6745	,	1	,	12	)
(	6746	,	2	,	12	)
(	6747	,	3	,	12	)
(	6748	,	4	,	12	)
(	6749	,	5	,	12	)
(	6750	,	6	,	12	)
(	6751	,	7	,	12	)
(	6752	,	8	,	12	)
(	6753	,	9	,	12	)
(	6754	,	10	,	12	)
(	6755	,	11	,	12	)
(	6756	,	12	,	12	)
(	6757	,	13	,	12	)
(	6758	,	14	,	12	)
(	6759	,	15	,	12	)
(	6760	,	16	,	12	)
(	6761	,	17	,	12	)
(	6762	,	18	,	12	)
(	6763	,	19	,	12	)
(	6764	,	20	,	12	)
(	6765	,	21	,	12	)
(	6766	,	22	,	12	)
(	6767	,	23	,	12	)
(	6768	,	24	,	12	)
(	6769	,	1	,	12	)
(	6770	,	2	,	12	)
(	6771	,	3	,	12	)
(	6772	,	4	,	12	)
(	6773	,	5	,	12	)
(	6774	,	6	,	12	)
(	6775	,	7	,	12	)
(	6776	,	8	,	12	)
(	6777	,	9	,	12	)
(	6778	,	10	,	12	)
(	6779	,	11	,	12	)
(	6780	,	12	,	12	)
(	6781	,	13	,	12	)
(	6782	,	14	,	12	)
(	6783	,	15	,	12	)
(	6784	,	16	,	12	)
(	6785	,	17	,	12	)
(	6786	,	18	,	12	)
(	6787	,	19	,	12	)
(	6788	,	20	,	12	)
(	6789	,	21	,	12	)
(	6790	,	22	,	12	)
(	6791	,	23	,	12	)
(	6792	,	24	,	12	)
(	6793	,	1	,	13	)
(	6794	,	2	,	13	)
(	6795	,	3	,	13	)
(	6796	,	4	,	13	)
(	6797	,	5	,	13	)
(	6798	,	6	,	13	)
(	6799	,	7	,	13	)
(	6800	,	8	,	13	)
(	6801	,	9	,	13	)
(	6802	,	10	,	13	)
(	6803	,	11	,	13	)
(	6804	,	12	,	13	)
(	6805	,	13	,	13	)
(	6806	,	14	,	13	)
(	6807	,	15	,	13	)
(	6808	,	16	,	13	)
(	6809	,	17	,	13	)
(	6810	,	18	,	13	)
(	6811	,	19	,	13	)
(	6812	,	20	,	13	)
(	6813	,	21	,	13	)
(	6814	,	22	,	13	)
(	6815	,	23	,	13	)
(	6816	,	24	,	13	)
(	6817	,	1	,	13	)
(	6818	,	2	,	13	)
(	6819	,	3	,	13	)
(	6820	,	4	,	13	)
(	6821	,	5	,	13	)
(	6822	,	6	,	13	)
(	6823	,	7	,	13	)
(	6824	,	8	,	13	)
(	6825	,	9	,	13	)
(	6826	,	10	,	13	)
(	6827	,	11	,	13	)
(	6828	,	12	,	13	)
(	6829	,	13	,	13	)
(	6830	,	14	,	13	)
(	6831	,	15	,	13	)
(	6832	,	16	,	13	)
(	6833	,	17	,	13	)
(	6834	,	18	,	13	)
(	6835	,	19	,	13	)
(	6836	,	20	,	13	)
(	6837	,	21	,	13	)
(	6838	,	22	,	13	)
(	6839	,	23	,	13	)
(	6840	,	24	,	13	)
(	6841	,	1	,	12	)
(	6842	,	2	,	12	)
(	6843	,	3	,	12	)
(	6844	,	4	,	12	)
(	6845	,	5	,	12	)
(	6846	,	6	,	12	)
(	6847	,	7	,	12	)
(	6848	,	8	,	12	)
(	6849	,	9	,	12	)
(	6850	,	10	,	12	)
(	6851	,	11	,	12	)
(	6852	,	12	,	12	)
(	6853	,	13	,	12	)
(	6854	,	14	,	12	)
(	6855	,	15	,	12	)
(	6856	,	16	,	12	)
(	6857	,	17	,	12	)
(	6858	,	18	,	12	)
(	6859	,	19	,	12	)
(	6860	,	20	,	12	)
(	6861	,	21	,	12	)
(	6862	,	22	,	12	)
(	6863	,	23	,	12	)
(	6864	,	24	,	12	)
(	6865	,	1	,	12	)
(	6866	,	2	,	12	)
(	6867	,	3	,	12	)
(	6868	,	4	,	12	)
(	6869	,	5	,	12	)
(	6870	,	6	,	12	)
(	6871	,	7	,	12	)
(	6872	,	8	,	12	)
(	6873	,	9	,	12	)
(	6874	,	10	,	12	)
(	6875	,	11	,	12	)
(	6876	,	12	,	12	)
(	6877	,	13	,	12	)
(	6878	,	14	,	12	)
(	6879	,	15	,	12	)
(	6880	,	16	,	12	)
(	6881	,	17	,	12	)
(	6882	,	18	,	12	)
(	6883	,	19	,	12	)
(	6884	,	20	,	12	)
(	6885	,	21	,	12	)
(	6886	,	22	,	12	)
(	6887	,	23	,	12	)
(	6888	,	24	,	12	)
(	6889	,	1	,	12	)
(	6890	,	2	,	12	)
(	6891	,	3	,	12	)
(	6892	,	4	,	12	)
(	6893	,	5	,	12	)
(	6894	,	6	,	12	)
(	6895	,	7	,	12	)
(	6896	,	8	,	12	)
(	6897	,	9	,	12	)
(	6898	,	10	,	12	)
(	6899	,	11	,	12	)
(	6900	,	12	,	12	)
(	6901	,	13	,	12	)
(	6902	,	14	,	12	)
(	6903	,	15	,	12	)
(	6904	,	16	,	12	)
(	6905	,	17	,	12	)
(	6906	,	18	,	12	)
(	6907	,	19	,	12	)
(	6908	,	20	,	12	)
(	6909	,	21	,	12	)
(	6910	,	22	,	12	)
(	6911	,	23	,	12	)
(	6912	,	24	,	12	)
(	6913	,	1	,	9	)
(	6914	,	2	,	9	)
(	6915	,	3	,	9	)
(	6916	,	4	,	9	)
(	6917	,	5	,	9	)
(	6918	,	6	,	9	)
(	6919	,	7	,	9	)
(	6920	,	8	,	9	)
(	6921	,	9	,	9	)
(	6922	,	10	,	9	)
(	6923	,	11	,	9	)
(	6924	,	12	,	9	)
(	6925	,	13	,	9	)
(	6926	,	14	,	9	)
(	6927	,	15	,	9	)
(	6928	,	16	,	9	)
(	6929	,	17	,	9	)
(	6930	,	18	,	9	)
(	6931	,	19	,	9	)
(	6932	,	20	,	9	)
(	6933	,	21	,	9	)
(	6934	,	22	,	9	)
(	6935	,	23	,	9	)
(	6936	,	24	,	9	)
(	6937	,	1	,	8	)
(	6938	,	2	,	8	)
(	6939	,	3	,	8	)
(	6940	,	4	,	8	)
(	6941	,	5	,	8	)
(	6942	,	6	,	8	)
(	6943	,	7	,	8	)
(	6944	,	8	,	8	)
(	6945	,	9	,	8	)
(	6946	,	10	,	8	)
(	6947	,	11	,	8	)
(	6948	,	12	,	8	)
(	6949	,	13	,	8	)
(	6950	,	14	,	8	)
(	6951	,	15	,	8	)
(	6952	,	16	,	8	)
(	6953	,	17	,	8	)
(	6954	,	18	,	8	)
(	6955	,	19	,	8	)
(	6956	,	20	,	8	)
(	6957	,	21	,	8	)
(	6958	,	22	,	8	)
(	6959	,	23	,	8	)
(	6960	,	24	,	8	)
(	6961	,	1	,	8	)
(	6962	,	2	,	8	)
(	6963	,	3	,	8	)
(	6964	,	4	,	8	)
(	6965	,	5	,	8	)
(	6966	,	6	,	8	)
(	6967	,	7	,	8	)
(	6968	,	8	,	8	)
(	6969	,	9	,	8	)
(	6970	,	10	,	8	)
(	6971	,	11	,	8	)
(	6972	,	12	,	8	)
(	6973	,	13	,	8	)
(	6974	,	14	,	8	)
(	6975	,	15	,	8	)
(	6976	,	16	,	8	)
(	6977	,	17	,	8	)
(	6978	,	18	,	8	)
(	6979	,	19	,	8	)
(	6980	,	20	,	8	)
(	6981	,	21	,	8	)
(	6982	,	22	,	8	)
(	6983	,	23	,	8	)
(	6984	,	24	,	8	)
(	6985	,	1	,	14	)
(	6986	,	2	,	14	)
(	6987	,	3	,	14	)
(	6988	,	4	,	14	)
(	6989	,	5	,	14	)
(	6990	,	6	,	14	)
(	6991	,	7	,	14	)
(	6992	,	8	,	14	)
(	6993	,	9	,	14	)
(	6994	,	10	,	14	)
(	6995	,	11	,	14	)
(	6996	,	12	,	14	)
(	6997	,	13	,	14	)
(	6998	,	14	,	14	)
(	6999	,	15	,	14	)
(	7000	,	16	,	14	)
(	7001	,	17	,	14	)
(	7002	,	18	,	14	)
(	7003	,	19	,	14	)
(	7004	,	20	,	14	)
(	7005	,	21	,	14	)
(	7006	,	22	,	14	)
(	7007	,	23	,	14	)
(	7008	,	24	,	14	)
(	7009	,	1	,	13	)
(	7010	,	2	,	13	)
(	7011	,	3	,	13	)
(	7012	,	4	,	13	)
(	7013	,	5	,	13	)
(	7014	,	6	,	13	)
(	7015	,	7	,	13	)
(	7016	,	8	,	13	)
(	7017	,	9	,	13	)
(	7018	,	10	,	13	)
(	7019	,	11	,	13	)
(	7020	,	12	,	13	)
(	7021	,	13	,	13	)
(	7022	,	14	,	13	)
(	7023	,	15	,	13	)
(	7024	,	16	,	13	)
(	7025	,	17	,	13	)
(	7026	,	18	,	13	)
(	7027	,	19	,	13	)
(	7028	,	20	,	13	)
(	7029	,	21	,	13	)
(	7030	,	22	,	13	)
(	7031	,	23	,	13	)
(	7032	,	24	,	13	)
(	7033	,	1	,	13	)
(	7034	,	2	,	13	)
(	7035	,	3	,	13	)
(	7036	,	4	,	13	)
(	7037	,	5	,	13	)
(	7038	,	6	,	13	)
(	7039	,	7	,	13	)
(	7040	,	8	,	13	)
(	7041	,	9	,	13	)
(	7042	,	10	,	13	)
(	7043	,	11	,	13	)
(	7044	,	12	,	13	)
(	7045	,	13	,	13	)
(	7046	,	14	,	13	)
(	7047	,	15	,	13	)
(	7048	,	16	,	13	)
(	7049	,	17	,	13	)
(	7050	,	18	,	13	)
(	7051	,	19	,	13	)
(	7052	,	20	,	13	)
(	7053	,	21	,	13	)
(	7054	,	22	,	13	)
(	7055	,	23	,	13	)
(	7056	,	24	,	13	)
(	7057	,	1	,	13	)
(	7058	,	2	,	13	)
(	7059	,	3	,	13	)
(	7060	,	4	,	13	)
(	7061	,	5	,	13	)
(	7062	,	6	,	13	)
(	7063	,	7	,	13	)
(	7064	,	8	,	13	)
(	7065	,	9	,	13	)
(	7066	,	10	,	13	)
(	7067	,	11	,	13	)
(	7068	,	12	,	13	)
(	7069	,	13	,	13	)
(	7070	,	14	,	13	)
(	7071	,	15	,	13	)
(	7072	,	16	,	13	)
(	7073	,	17	,	13	)
(	7074	,	18	,	13	)
(	7075	,	19	,	13	)
(	7076	,	20	,	13	)
(	7077	,	21	,	13	)
(	7078	,	22	,	13	)
(	7079	,	23	,	13	)
(	7080	,	24	,	13	)
(	7081	,	1	,	12	)
(	7082	,	2	,	12	)
(	7083	,	3	,	12	)
(	7084	,	4	,	12	)
(	7085	,	5	,	12	)
(	7086	,	6	,	12	)
(	7087	,	7	,	12	)
(	7088	,	8	,	12	)
(	7089	,	9	,	12	)
(	7090	,	10	,	12	)
(	7091	,	11	,	12	)
(	7092	,	12	,	12	)
(	7093	,	13	,	12	)
(	7094	,	14	,	12	)
(	7095	,	15	,	12	)
(	7096	,	16	,	12	)
(	7097	,	17	,	12	)
(	7098	,	18	,	12	)
(	7099	,	19	,	12	)
(	7100	,	20	,	12	)
(	7101	,	21	,	12	)
(	7102	,	22	,	12	)
(	7103	,	23	,	12	)
(	7104	,	24	,	12	)
(	7105	,	1	,	9	)
(	7106	,	2	,	9	)
(	7107	,	3	,	9	)
(	7108	,	4	,	9	)
(	7109	,	5	,	9	)
(	7110	,	6	,	9	)
(	7111	,	7	,	9	)
(	7112	,	8	,	9	)
(	7113	,	9	,	9	)
(	7114	,	10	,	9	)
(	7115	,	11	,	9	)
(	7116	,	12	,	9	)
(	7117	,	13	,	9	)
(	7118	,	14	,	9	)
(	7119	,	15	,	9	)
(	7120	,	16	,	9	)
(	7121	,	17	,	9	)
(	7122	,	18	,	9	)
(	7123	,	19	,	9	)
(	7124	,	20	,	9	)
(	7125	,	21	,	9	)
(	7126	,	22	,	9	)
(	7127	,	23	,	9	)
(	7128	,	24	,	9	)
(	7129	,	1	,	8	)
(	7130	,	2	,	8	)
(	7131	,	3	,	8	)
(	7132	,	4	,	8	)
(	7133	,	5	,	8	)
(	7134	,	6	,	8	)
(	7135	,	7	,	8	)
(	7136	,	8	,	8	)
(	7137	,	9	,	8	)
(	7138	,	10	,	8	)
(	7139	,	11	,	8	)
(	7140	,	12	,	8	)
(	7141	,	13	,	8	)
(	7142	,	14	,	8	)
(	7143	,	15	,	8	)
(	7144	,	16	,	8	)
(	7145	,	17	,	8	)
(	7146	,	18	,	8	)
(	7147	,	19	,	8	)
(	7148	,	20	,	8	)
(	7149	,	21	,	8	)
(	7150	,	22	,	8	)
(	7151	,	23	,	8	)
(	7152	,	24	,	8	)
(	7153	,	1	,	13	)
(	7154	,	2	,	13	)
(	7155	,	3	,	13	)
(	7156	,	4	,	13	)
(	7157	,	5	,	13	)
(	7158	,	6	,	13	)
(	7159	,	7	,	13	)
(	7160	,	8	,	13	)
(	7161	,	9	,	13	)
(	7162	,	10	,	13	)
(	7163	,	11	,	13	)
(	7164	,	12	,	13	)
(	7165	,	13	,	13	)
(	7166	,	14	,	13	)
(	7167	,	15	,	13	)
(	7168	,	16	,	13	)
(	7169	,	17	,	13	)
(	7170	,	18	,	13	)
(	7171	,	19	,	13	)
(	7172	,	20	,	13	)
(	7173	,	21	,	13	)
(	7174	,	22	,	13	)
(	7175	,	23	,	13	)
(	7176	,	24	,	13	)
(	7177	,	1	,	13	)
(	7178	,	2	,	13	)
(	7179	,	3	,	13	)
(	7180	,	4	,	13	)
(	7181	,	5	,	13	)
(	7182	,	6	,	13	)
(	7183	,	7	,	13	)
(	7184	,	8	,	13	)
(	7185	,	9	,	13	)
(	7186	,	10	,	13	)
(	7187	,	11	,	13	)
(	7188	,	12	,	13	)
(	7189	,	13	,	13	)
(	7190	,	14	,	13	)
(	7191	,	15	,	13	)
(	7192	,	16	,	13	)
(	7193	,	17	,	13	)
(	7194	,	18	,	13	)
(	7195	,	19	,	13	)
(	7196	,	20	,	13	)
(	7197	,	21	,	13	)
(	7198	,	22	,	13	)
(	7199	,	23	,	13	)
(	7200	,	24	,	13	)
(	7201	,	1	,	13	)
(	7202	,	2	,	13	)
(	7203	,	3	,	13	)
(	7204	,	4	,	13	)
(	7205	,	5	,	13	)
(	7206	,	6	,	13	)
(	7207	,	7	,	13	)
(	7208	,	8	,	13	)
(	7209	,	9	,	13	)
(	7210	,	10	,	13	)
(	7211	,	11	,	13	)
(	7212	,	12	,	13	)
(	7213	,	13	,	13	)
(	7214	,	14	,	13	)
(	7215	,	15	,	13	)
(	7216	,	16	,	13	)
(	7217	,	17	,	13	)
(	7218	,	18	,	13	)
(	7219	,	19	,	13	)
(	7220	,	20	,	13	)
(	7221	,	21	,	13	)
(	7222	,	22	,	13	)
(	7223	,	23	,	13	)
(	7224	,	24	,	13	)
(	7225	,	1	,	13	)
(	7226	,	2	,	13	)
(	7227	,	3	,	13	)
(	7228	,	4	,	13	)
(	7229	,	5	,	13	)
(	7230	,	6	,	13	)
(	7231	,	7	,	13	)
(	7232	,	8	,	13	)
(	7233	,	9	,	13	)
(	7234	,	10	,	13	)
(	7235	,	11	,	13	)
(	7236	,	12	,	13	)
(	7237	,	13	,	13	)
(	7238	,	14	,	13	)
(	7239	,	15	,	13	)
(	7240	,	16	,	13	)
(	7241	,	17	,	13	)
(	7242	,	18	,	13	)
(	7243	,	19	,	13	)
(	7244	,	20	,	13	)
(	7245	,	21	,	13	)
(	7246	,	22	,	13	)
(	7247	,	23	,	13	)
(	7248	,	24	,	13	)
(	7249	,	1	,	13	)
(	7250	,	2	,	13	)
(	7251	,	3	,	13	)
(	7252	,	4	,	13	)
(	7253	,	5	,	13	)
(	7254	,	6	,	13	)
(	7255	,	7	,	13	)
(	7256	,	8	,	13	)
(	7257	,	9	,	13	)
(	7258	,	10	,	13	)
(	7259	,	11	,	13	)
(	7260	,	12	,	13	)
(	7261	,	13	,	13	)
(	7262	,	14	,	13	)
(	7263	,	15	,	13	)
(	7264	,	16	,	13	)
(	7265	,	17	,	13	)
(	7266	,	18	,	13	)
(	7267	,	19	,	13	)
(	7268	,	20	,	13	)
(	7269	,	21	,	13	)
(	7270	,	22	,	13	)
(	7271	,	23	,	13	)
(	7272	,	24	,	13	)
(	7273	,	1	,	13	)
(	7274	,	2	,	13	)
(	7275	,	3	,	13	)
(	7276	,	4	,	13	)
(	7277	,	5	,	13	)
(	7278	,	6	,	13	)
(	7279	,	7	,	13	)
(	7280	,	8	,	13	)
(	7281	,	9	,	13	)
(	7282	,	10	,	13	)
(	7283	,	11	,	13	)
(	7284	,	12	,	13	)
(	7285	,	13	,	13	)
(	7286	,	14	,	13	)
(	7287	,	15	,	13	)
(	7288	,	16	,	13	)
(	7289	,	17	,	13	)
(	7290	,	18	,	13	)
(	7291	,	19	,	13	)
(	7292	,	20	,	13	)
(	7293	,	21	,	13	)
(	7294	,	22	,	13	)
(	7295	,	23	,	13	)
(	7296	,	24	,	13	)
(	7297	,	1	,	13	)
(	7298	,	2	,	13	)
(	7299	,	3	,	13	)
(	7300	,	4	,	13	)
(	7301	,	5	,	13	)
(	7302	,	6	,	13	)
(	7303	,	7	,	13	)
(	7304	,	8	,	13	)
(	7305	,	9	,	13	)
(	7306	,	10	,	13	)
(	7307	,	11	,	13	)
(	7308	,	12	,	13	)
(	7309	,	13	,	13	)
(	7310	,	14	,	13	)
(	7311	,	15	,	13	)
(	7312	,	16	,	13	)
(	7313	,	17	,	13	)
(	7314	,	18	,	13	)
(	7315	,	19	,	13	)
(	7316	,	20	,	13	)
(	7317	,	21	,	13	)
(	7318	,	22	,	13	)
(	7319	,	23	,	13	)
(	7320	,	24	,	13	)
(	7321	,	1	,	8	)
(	7322	,	2	,	8	)
(	7323	,	3	,	8	)
(	7324	,	4	,	8	)
(	7325	,	5	,	8	)
(	7326	,	6	,	8	)
(	7327	,	7	,	8	)
(	7328	,	8	,	8	)
(	7329	,	9	,	8	)
(	7330	,	10	,	8	)
(	7331	,	11	,	8	)
(	7332	,	12	,	8	)
(	7333	,	13	,	8	)
(	7334	,	14	,	8	)
(	7335	,	15	,	8	)
(	7336	,	16	,	8	)
(	7337	,	17	,	8	)
(	7338	,	18	,	8	)
(	7339	,	19	,	8	)
(	7340	,	20	,	8	)
(	7341	,	21	,	8	)
(	7342	,	22	,	8	)
(	7343	,	23	,	8	)
(	7344	,	24	,	8	)
(	7345	,	1	,	13	)
(	7346	,	2	,	13	)
(	7347	,	3	,	13	)
(	7348	,	4	,	13	)
(	7349	,	5	,	13	)
(	7350	,	6	,	13	)
(	7351	,	7	,	13	)
(	7352	,	8	,	13	)
(	7353	,	9	,	13	)
(	7354	,	10	,	13	)
(	7355	,	11	,	13	)
(	7356	,	12	,	13	)
(	7357	,	13	,	13	)
(	7358	,	14	,	13	)
(	7359	,	15	,	13	)
(	7360	,	16	,	13	)
(	7361	,	17	,	13	)
(	7362	,	18	,	13	)
(	7363	,	19	,	13	)
(	7364	,	20	,	13	)
(	7365	,	21	,	13	)
(	7366	,	22	,	13	)
(	7367	,	23	,	13	)
(	7368	,	24	,	13	)
(	7369	,	1	,	12	)
(	7370	,	2	,	12	)
(	7371	,	3	,	12	)
(	7372	,	4	,	12	)
(	7373	,	5	,	12	)
(	7374	,	6	,	12	)
(	7375	,	7	,	12	)
(	7376	,	8	,	12	)
(	7377	,	9	,	12	)
(	7378	,	10	,	12	)
(	7379	,	11	,	12	)
(	7380	,	12	,	12	)
(	7381	,	13	,	12	)
(	7382	,	14	,	12	)
(	7383	,	15	,	12	)
(	7384	,	16	,	12	)
(	7385	,	17	,	12	)
(	7386	,	18	,	12	)
(	7387	,	19	,	12	)
(	7388	,	20	,	12	)
(	7389	,	21	,	12	)
(	7390	,	22	,	12	)
(	7391	,	23	,	12	)
(	7392	,	24	,	12	)
(	7393	,	1	,	12	)
(	7394	,	2	,	12	)
(	7395	,	3	,	12	)
(	7396	,	4	,	12	)
(	7397	,	5	,	12	)
(	7398	,	6	,	12	)
(	7399	,	7	,	12	)
(	7400	,	8	,	12	)
(	7401	,	9	,	12	)
(	7402	,	10	,	12	)
(	7403	,	11	,	12	)
(	7404	,	12	,	12	)
(	7405	,	13	,	12	)
(	7406	,	14	,	12	)
(	7407	,	15	,	12	)
(	7408	,	16	,	12	)
(	7409	,	17	,	12	)
(	7410	,	18	,	12	)
(	7411	,	19	,	12	)
(	7412	,	20	,	12	)
(	7413	,	21	,	12	)
(	7414	,	22	,	12	)
(	7415	,	23	,	12	)
(	7416	,	24	,	12	)
(	7417	,	1	,	9	)
(	7418	,	2	,	9	)
(	7419	,	3	,	9	)
(	7420	,	4	,	9	)
(	7421	,	5	,	9	)
(	7422	,	6	,	9	)
(	7423	,	7	,	9	)
(	7424	,	8	,	9	)
(	7425	,	9	,	9	)
(	7426	,	10	,	9	)
(	7427	,	11	,	9	)
(	7428	,	12	,	9	)
(	7429	,	13	,	9	)
(	7430	,	14	,	9	)
(	7431	,	15	,	9	)
(	7432	,	16	,	9	)
(	7433	,	17	,	9	)
(	7434	,	18	,	9	)
(	7435	,	19	,	9	)
(	7436	,	20	,	9	)
(	7437	,	21	,	9	)
(	7438	,	22	,	9	)
(	7439	,	23	,	9	)
(	7440	,	24	,	9	)
(	7441	,	1	,	8	)
(	7442	,	2	,	8	)
(	7443	,	3	,	8	)
(	7444	,	4	,	8	)
(	7445	,	5	,	8	)
(	7446	,	6	,	8	)
(	7447	,	7	,	8	)
(	7448	,	8	,	8	)
(	7449	,	9	,	8	)
(	7450	,	10	,	8	)
(	7451	,	11	,	8	)
(	7452	,	12	,	8	)
(	7453	,	13	,	8	)
(	7454	,	14	,	8	)
(	7455	,	15	,	8	)
(	7456	,	16	,	8	)
(	7457	,	17	,	8	)
(	7458	,	18	,	8	)
(	7459	,	19	,	8	)
(	7460	,	20	,	8	)
(	7461	,	21	,	8	)
(	7462	,	22	,	8	)
(	7463	,	23	,	8	)
(	7464	,	24	,	8	)
(	7465	,	1	,	13	)
(	7466	,	2	,	13	)
(	7467	,	3	,	13	)
(	7468	,	4	,	13	)
(	7469	,	5	,	13	)
(	7470	,	6	,	13	)
(	7471	,	7	,	13	)
(	7472	,	8	,	13	)
(	7473	,	9	,	13	)
(	7474	,	10	,	13	)
(	7475	,	11	,	13	)
(	7476	,	12	,	13	)
(	7477	,	13	,	13	)
(	7478	,	14	,	13	)
(	7479	,	15	,	13	)
(	7480	,	16	,	13	)
(	7481	,	17	,	13	)
(	7482	,	18	,	13	)
(	7483	,	19	,	13	)
(	7484	,	20	,	13	)
(	7485	,	21	,	13	)
(	7486	,	22	,	13	)
(	7487	,	23	,	13	)
(	7488	,	24	,	13	)
(	7489	,	1	,	13	)
(	7490	,	2	,	13	)
(	7491	,	3	,	13	)
(	7492	,	4	,	13	)
(	7493	,	5	,	13	)
(	7494	,	6	,	13	)
(	7495	,	7	,	13	)
(	7496	,	8	,	13	)
(	7497	,	9	,	13	)
(	7498	,	10	,	13	)
(	7499	,	11	,	13	)
(	7500	,	12	,	13	)
(	7501	,	13	,	13	)
(	7502	,	14	,	13	)
(	7503	,	15	,	13	)
(	7504	,	16	,	13	)
(	7505	,	17	,	13	)
(	7506	,	18	,	13	)
(	7507	,	19	,	13	)
(	7508	,	20	,	13	)
(	7509	,	21	,	13	)
(	7510	,	22	,	13	)
(	7511	,	23	,	13	)
(	7512	,	24	,	13	)
(	7513	,	1	,	13	)
(	7514	,	2	,	13	)
(	7515	,	3	,	13	)
(	7516	,	4	,	13	)
(	7517	,	5	,	13	)
(	7518	,	6	,	13	)
(	7519	,	7	,	13	)
(	7520	,	8	,	13	)
(	7521	,	9	,	13	)
(	7522	,	10	,	13	)
(	7523	,	11	,	13	)
(	7524	,	12	,	13	)
(	7525	,	13	,	13	)
(	7526	,	14	,	13	)
(	7527	,	15	,	13	)
(	7528	,	16	,	13	)
(	7529	,	17	,	13	)
(	7530	,	18	,	13	)
(	7531	,	19	,	13	)
(	7532	,	20	,	13	)
(	7533	,	21	,	13	)
(	7534	,	22	,	13	)
(	7535	,	23	,	13	)
(	7536	,	24	,	13	)
(	7537	,	1	,	12	)
(	7538	,	2	,	12	)
(	7539	,	3	,	12	)
(	7540	,	4	,	12	)
(	7541	,	5	,	12	)
(	7542	,	6	,	12	)
(	7543	,	7	,	12	)
(	7544	,	8	,	12	)
(	7545	,	9	,	12	)
(	7546	,	10	,	12	)
(	7547	,	11	,	12	)
(	7548	,	12	,	12	)
(	7549	,	13	,	12	)
(	7550	,	14	,	12	)
(	7551	,	15	,	12	)
(	7552	,	16	,	12	)
(	7553	,	17	,	12	)
(	7554	,	18	,	12	)
(	7555	,	19	,	12	)
(	7556	,	20	,	12	)
(	7557	,	21	,	12	)
(	7558	,	22	,	12	)
(	7559	,	23	,	12	)
(	7560	,	24	,	12	)
(	7561	,	1	,	13	)
(	7562	,	2	,	13	)
(	7563	,	3	,	13	)
(	7564	,	4	,	13	)
(	7565	,	5	,	13	)
(	7566	,	6	,	13	)
(	7567	,	7	,	13	)
(	7568	,	8	,	13	)
(	7569	,	9	,	13	)
(	7570	,	10	,	13	)
(	7571	,	11	,	13	)
(	7572	,	12	,	13	)
(	7573	,	13	,	13	)
(	7574	,	14	,	13	)
(	7575	,	15	,	13	)
(	7576	,	16	,	13	)
(	7577	,	17	,	13	)
(	7578	,	18	,	13	)
(	7579	,	19	,	13	)
(	7580	,	20	,	13	)
(	7581	,	21	,	13	)
(	7582	,	22	,	13	)
(	7583	,	23	,	13	)
(	7584	,	24	,	13	)
(	7585	,	1	,	13	)
(	7586	,	2	,	13	)
(	7587	,	3	,	13	)
(	7588	,	4	,	13	)
(	7589	,	5	,	13	)
(	7590	,	6	,	13	)
(	7591	,	7	,	13	)
(	7592	,	8	,	13	)
(	7593	,	9	,	13	)
(	7594	,	10	,	13	)
(	7595	,	11	,	13	)
(	7596	,	12	,	13	)
(	7597	,	13	,	13	)
(	7598	,	14	,	13	)
(	7599	,	15	,	13	)
(	7600	,	16	,	13	)
(	7601	,	17	,	13	)
(	7602	,	18	,	13	)
(	7603	,	19	,	13	)
(	7604	,	20	,	13	)
(	7605	,	21	,	13	)
(	7606	,	22	,	13	)
(	7607	,	23	,	13	)
(	7608	,	24	,	13	)
(	7609	,	1	,	8	)
(	7610	,	2	,	8	)
(	7611	,	3	,	8	)
(	7612	,	4	,	8	)
(	7613	,	5	,	8	)
(	7614	,	6	,	8	)
(	7615	,	7	,	8	)
(	7616	,	8	,	8	)
(	7617	,	9	,	8	)
(	7618	,	10	,	8	)
(	7619	,	11	,	8	)
(	7620	,	12	,	8	)
(	7621	,	13	,	8	)
(	7622	,	14	,	8	)
(	7623	,	15	,	8	)
(	7624	,	16	,	8	)
(	7625	,	17	,	8	)
(	7626	,	18	,	8	)
(	7627	,	19	,	8	)
(	7628	,	20	,	8	)
(	7629	,	21	,	8	)
(	7630	,	22	,	8	)
(	7631	,	23	,	8	)
(	7632	,	24	,	8	)
(	7633	,	1	,	7	)
(	7634	,	2	,	7	)
(	7635	,	3	,	7	)
(	7636	,	4	,	7	)
(	7637	,	5	,	7	)
(	7638	,	6	,	7	)
(	7639	,	7	,	7	)
(	7640	,	8	,	7	)
(	7641	,	9	,	7	)
(	7642	,	10	,	7	)
(	7643	,	11	,	7	)
(	7644	,	12	,	7	)
(	7645	,	13	,	7	)
(	7646	,	14	,	7	)
(	7647	,	15	,	7	)
(	7648	,	16	,	7	)
(	7649	,	17	,	7	)
(	7650	,	18	,	7	)
(	7651	,	19	,	7	)
(	7652	,	20	,	7	)
(	7653	,	21	,	7	)
(	7654	,	22	,	7	)
(	7655	,	23	,	7	)
(	7656	,	24	,	7	)
(	7657	,	1	,	8	)
(	7658	,	2	,	8	)
(	7659	,	3	,	8	)
(	7660	,	4	,	8	)
(	7661	,	5	,	8	)
(	7662	,	6	,	8	)
(	7663	,	7	,	8	)
(	7664	,	8	,	8	)
(	7665	,	9	,	8	)
(	7666	,	10	,	8	)
(	7667	,	11	,	8	)
(	7668	,	12	,	8	)
(	7669	,	13	,	8	)
(	7670	,	14	,	8	)
(	7671	,	15	,	8	)
(	7672	,	16	,	8	)
(	7673	,	17	,	8	)
(	7674	,	18	,	8	)
(	7675	,	19	,	8	)
(	7676	,	20	,	8	)
(	7677	,	21	,	8	)
(	7678	,	22	,	8	)
(	7679	,	23	,	8	)
(	7680	,	24	,	8	)
(	7681	,	1	,	14	)
(	7682	,	2	,	14	)
(	7683	,	3	,	14	)
(	7684	,	4	,	14	)
(	7685	,	5	,	14	)
(	7686	,	6	,	14	)
(	7687	,	7	,	14	)
(	7688	,	8	,	14	)
(	7689	,	9	,	14	)
(	7690	,	10	,	14	)
(	7691	,	11	,	14	)
(	7692	,	12	,	14	)
(	7693	,	13	,	14	)
(	7694	,	14	,	14	)
(	7695	,	15	,	14	)
(	7696	,	16	,	14	)
(	7697	,	17	,	14	)
(	7698	,	18	,	14	)
(	7699	,	19	,	14	)
(	7700	,	20	,	14	)
(	7701	,	21	,	14	)
(	7702	,	22	,	14	)
(	7703	,	23	,	14	)
(	7704	,	24	,	14	)
(	7705	,	1	,	14	)
(	7706	,	2	,	14	)
(	7707	,	3	,	14	)
(	7708	,	4	,	14	)
(	7709	,	5	,	14	)
(	7710	,	6	,	14	)
(	7711	,	7	,	14	)
(	7712	,	8	,	14	)
(	7713	,	9	,	14	)
(	7714	,	10	,	14	)
(	7715	,	11	,	14	)
(	7716	,	12	,	14	)
(	7717	,	13	,	14	)
(	7718	,	14	,	14	)
(	7719	,	15	,	14	)
(	7720	,	16	,	14	)
(	7721	,	17	,	14	)
(	7722	,	18	,	14	)
(	7723	,	19	,	14	)
(	7724	,	20	,	14	)
(	7725	,	21	,	14	)
(	7726	,	22	,	14	)
(	7727	,	23	,	14	)
(	7728	,	24	,	14	)
(	7729	,	1	,	14	)
(	7730	,	2	,	14	)
(	7731	,	3	,	14	)
(	7732	,	4	,	14	)
(	7733	,	5	,	14	)
(	7734	,	6	,	14	)
(	7735	,	7	,	14	)
(	7736	,	8	,	14	)
(	7737	,	9	,	14	)
(	7738	,	10	,	14	)
(	7739	,	11	,	14	)
(	7740	,	12	,	14	)
(	7741	,	13	,	14	)
(	7742	,	14	,	14	)
(	7743	,	15	,	14	)
(	7744	,	16	,	14	)
(	7745	,	17	,	14	)
(	7746	,	18	,	14	)
(	7747	,	19	,	14	)
(	7748	,	20	,	14	)
(	7749	,	21	,	14	)
(	7750	,	22	,	14	)
(	7751	,	23	,	14	)
(	7752	,	24	,	14	)
(	7753	,	1	,	14	)
(	7754	,	2	,	14	)
(	7755	,	3	,	14	)
(	7756	,	4	,	14	)
(	7757	,	5	,	14	)
(	7758	,	6	,	14	)
(	7759	,	7	,	14	)
(	7760	,	8	,	14	)
(	7761	,	9	,	14	)
(	7762	,	10	,	14	)
(	7763	,	11	,	14	)
(	7764	,	12	,	14	)
(	7765	,	13	,	14	)
(	7766	,	14	,	14	)
(	7767	,	15	,	14	)
(	7768	,	16	,	14	)
(	7769	,	17	,	14	)
(	7770	,	18	,	14	)
(	7771	,	19	,	14	)
(	7772	,	20	,	14	)
(	7773	,	21	,	14	)
(	7774	,	22	,	14	)
(	7775	,	23	,	14	)
(	7776	,	24	,	14	)
(	7777	,	1	,	14	)
(	7778	,	2	,	14	)
(	7779	,	3	,	14	)
(	7780	,	4	,	14	)
(	7781	,	5	,	14	)
(	7782	,	6	,	14	)
(	7783	,	7	,	14	)
(	7784	,	8	,	14	)
(	7785	,	9	,	14	)
(	7786	,	10	,	14	)
(	7787	,	11	,	14	)
(	7788	,	12	,	14	)
(	7789	,	13	,	14	)
(	7790	,	14	,	14	)
(	7791	,	15	,	14	)
(	7792	,	16	,	14	)
(	7793	,	17	,	14	)
(	7794	,	18	,	14	)
(	7795	,	19	,	14	)
(	7796	,	20	,	14	)
(	7797	,	21	,	14	)
(	7798	,	22	,	14	)
(	7799	,	23	,	14	)
(	7800	,	24	,	14	)
(	7801	,	1	,	13	)
(	7802	,	2	,	13	)
(	7803	,	3	,	13	)
(	7804	,	4	,	13	)
(	7805	,	5	,	13	)
(	7806	,	6	,	13	)
(	7807	,	7	,	13	)
(	7808	,	8	,	13	)
(	7809	,	9	,	13	)
(	7810	,	10	,	13	)
(	7811	,	11	,	13	)
(	7812	,	12	,	13	)
(	7813	,	13	,	13	)
(	7814	,	14	,	13	)
(	7815	,	15	,	13	)
(	7816	,	16	,	13	)
(	7817	,	17	,	13	)
(	7818	,	18	,	13	)
(	7819	,	19	,	13	)
(	7820	,	20	,	13	)
(	7821	,	21	,	13	)
(	7822	,	22	,	13	)
(	7823	,	23	,	13	)
(	7824	,	24	,	13	)
(	7825	,	1	,	14	)
(	7826	,	2	,	14	)
(	7827	,	3	,	14	)
(	7828	,	4	,	14	)
(	7829	,	5	,	14	)
(	7830	,	6	,	14	)
(	7831	,	7	,	14	)
(	7832	,	8	,	14	)
(	7833	,	9	,	14	)
(	7834	,	10	,	14	)
(	7835	,	11	,	14	)
(	7836	,	12	,	14	)
(	7837	,	13	,	14	)
(	7838	,	14	,	14	)
(	7839	,	15	,	14	)
(	7840	,	16	,	14	)
(	7841	,	17	,	14	)
(	7842	,	18	,	14	)
(	7843	,	19	,	14	)
(	7844	,	20	,	14	)
(	7845	,	21	,	14	)
(	7846	,	22	,	14	)
(	7847	,	23	,	14	)
(	7848	,	24	,	14	)
(	7849	,	1	,	14	)
(	7850	,	2	,	14	)
(	7851	,	3	,	14	)
(	7852	,	4	,	14	)
(	7853	,	5	,	14	)
(	7854	,	6	,	14	)
(	7855	,	7	,	14	)
(	7856	,	8	,	14	)
(	7857	,	9	,	14	)
(	7858	,	10	,	14	)
(	7859	,	11	,	14	)
(	7860	,	12	,	14	)
(	7861	,	13	,	14	)
(	7862	,	14	,	14	)
(	7863	,	15	,	14	)
(	7864	,	16	,	14	)
(	7865	,	17	,	14	)
(	7866	,	18	,	14	)
(	7867	,	19	,	14	)
(	7868	,	20	,	14	)
(	7869	,	21	,	14	)
(	7870	,	22	,	14	)
(	7871	,	23	,	14	)
(	7872	,	24	,	14	)
(	7873	,	1	,	14	)
(	7874	,	2	,	14	)
(	7875	,	3	,	14	)
(	7876	,	4	,	14	)
(	7877	,	5	,	14	)
(	7878	,	6	,	14	)
(	7879	,	7	,	14	)
(	7880	,	8	,	14	)
(	7881	,	9	,	14	)
(	7882	,	10	,	14	)
(	7883	,	11	,	14	)
(	7884	,	12	,	14	)
(	7885	,	13	,	14	)
(	7886	,	14	,	14	)
(	7887	,	15	,	14	)
(	7888	,	16	,	14	)
(	7889	,	17	,	14	)
(	7890	,	18	,	14	)
(	7891	,	19	,	14	)
(	7892	,	20	,	14	)
(	7893	,	21	,	14	)
(	7894	,	22	,	14	)
(	7895	,	23	,	14	)
(	7896	,	24	,	14	)
(	7897	,	1	,	14	)
(	7898	,	2	,	14	)
(	7899	,	3	,	14	)
(	7900	,	4	,	14	)
(	7901	,	5	,	14	)
(	7902	,	6	,	14	)
(	7903	,	7	,	14	)
(	7904	,	8	,	14	)
(	7905	,	9	,	14	)
(	7906	,	10	,	14	)
(	7907	,	11	,	14	)
(	7908	,	12	,	14	)
(	7909	,	13	,	14	)
(	7910	,	14	,	14	)
(	7911	,	15	,	14	)
(	7912	,	16	,	14	)
(	7913	,	17	,	14	)
(	7914	,	18	,	14	)
(	7915	,	19	,	14	)
(	7916	,	20	,	14	)
(	7917	,	21	,	14	)
(	7918	,	22	,	14	)
(	7919	,	23	,	14	)
(	7920	,	24	,	14	)
(	7921	,	1	,	14	)
(	7922	,	2	,	14	)
(	7923	,	3	,	14	)
(	7924	,	4	,	14	)
(	7925	,	5	,	14	)
(	7926	,	6	,	14	)
(	7927	,	7	,	14	)
(	7928	,	8	,	14	)
(	7929	,	9	,	14	)
(	7930	,	10	,	14	)
(	7931	,	11	,	14	)
(	7932	,	12	,	14	)
(	7933	,	13	,	14	)
(	7934	,	14	,	14	)
(	7935	,	15	,	14	)
(	7936	,	16	,	14	)
(	7937	,	17	,	14	)
(	7938	,	18	,	14	)
(	7939	,	19	,	14	)
(	7940	,	20	,	14	)
(	7941	,	21	,	14	)
(	7942	,	22	,	14	)
(	7943	,	23	,	14	)
(	7944	,	24	,	14	)
(	7945	,	1	,	14	)
(	7946	,	2	,	14	)
(	7947	,	3	,	14	)
(	7948	,	4	,	14	)
(	7949	,	5	,	14	)
(	7950	,	6	,	14	)
(	7951	,	7	,	14	)
(	7952	,	8	,	14	)
(	7953	,	9	,	14	)
(	7954	,	10	,	14	)
(	7955	,	11	,	14	)
(	7956	,	12	,	14	)
(	7957	,	13	,	14	)
(	7958	,	14	,	14	)
(	7959	,	15	,	14	)
(	7960	,	16	,	14	)
(	7961	,	17	,	14	)
(	7962	,	18	,	14	)
(	7963	,	19	,	14	)
(	7964	,	20	,	14	)
(	7965	,	21	,	14	)
(	7966	,	22	,	14	)
(	7967	,	23	,	14	)
(	7968	,	24	,	14	)
(	7969	,	1	,	7	)
(	7970	,	2	,	7	)
(	7971	,	3	,	7	)
(	7972	,	4	,	7	)
(	7973	,	5	,	7	)
(	7974	,	6	,	7	)
(	7975	,	7	,	7	)
(	7976	,	8	,	7	)
(	7977	,	9	,	7	)
(	7978	,	10	,	7	)
(	7979	,	11	,	7	)
(	7980	,	12	,	7	)
(	7981	,	13	,	7	)
(	7982	,	14	,	7	)
(	7983	,	15	,	7	)
(	7984	,	16	,	7	)
(	7985	,	17	,	7	)
(	7986	,	18	,	7	)
(	7987	,	19	,	7	)
(	7988	,	20	,	7	)
(	7989	,	21	,	7	)
(	7990	,	22	,	7	)
(	7991	,	23	,	7	)
(	7992	,	24	,	7	)
(	7993	,	1	,	14	)
(	7994	,	2	,	14	)
(	7995	,	3	,	14	)
(	7996	,	4	,	14	)
(	7997	,	5	,	14	)
(	7998	,	6	,	14	)
(	7999	,	7	,	14	)
(	8000	,	8	,	14	)
(	8001	,	9	,	14	)
(	8002	,	10	,	14	)
(	8003	,	11	,	14	)
(	8004	,	12	,	14	)
(	8005	,	13	,	14	)
(	8006	,	14	,	14	)
(	8007	,	15	,	14	)
(	8008	,	16	,	14	)
(	8009	,	17	,	14	)
(	8010	,	18	,	14	)
(	8011	,	19	,	14	)
(	8012	,	20	,	14	)
(	8013	,	21	,	14	)
(	8014	,	22	,	14	)
(	8015	,	23	,	14	)
(	8016	,	24	,	14	)
(	8017	,	1	,	14	)
(	8018	,	2	,	14	)
(	8019	,	3	,	14	)
(	8020	,	4	,	14	)
(	8021	,	5	,	14	)
(	8022	,	6	,	14	)
(	8023	,	7	,	14	)
(	8024	,	8	,	14	)
(	8025	,	9	,	14	)
(	8026	,	10	,	14	)
(	8027	,	11	,	14	)
(	8028	,	12	,	14	)
(	8029	,	13	,	14	)
(	8030	,	14	,	14	)
(	8031	,	15	,	14	)
(	8032	,	16	,	14	)
(	8033	,	17	,	14	)
(	8034	,	18	,	14	)
(	8035	,	19	,	14	)
(	8036	,	20	,	14	)
(	8037	,	21	,	14	)
(	8038	,	22	,	14	)
(	8039	,	23	,	14	)
(	8040	,	24	,	14	)
(	8041	,	1	,	14	)
(	8042	,	2	,	14	)
(	8043	,	3	,	14	)
(	8044	,	4	,	14	)
(	8045	,	5	,	14	)
(	8046	,	6	,	14	)
(	8047	,	7	,	14	)
(	8048	,	8	,	14	)
(	8049	,	9	,	14	)
(	8050	,	10	,	14	)
(	8051	,	11	,	14	)
(	8052	,	12	,	14	)
(	8053	,	13	,	14	)
(	8054	,	14	,	14	)
(	8055	,	15	,	14	)
(	8056	,	16	,	14	)
(	8057	,	17	,	14	)
(	8058	,	18	,	14	)
(	8059	,	19	,	14	)
(	8060	,	20	,	14	)
(	8061	,	21	,	14	)
(	8062	,	22	,	14	)
(	8063	,	23	,	14	)
(	8064	,	24	,	14	)
(	8065	,	1	,	15	)
(	8066	,	2	,	15	)
(	8067	,	3	,	15	)
(	8068	,	4	,	15	)
(	8069	,	5	,	15	)
(	8070	,	6	,	15	)
(	8071	,	7	,	15	)
(	8072	,	8	,	15	)
(	8073	,	9	,	15	)
(	8074	,	10	,	15	)
(	8075	,	11	,	15	)
(	8076	,	12	,	15	)
(	8077	,	13	,	15	)
(	8078	,	14	,	15	)
(	8079	,	15	,	15	)
(	8080	,	16	,	15	)
(	8081	,	17	,	15	)
(	8082	,	18	,	15	)
(	8083	,	19	,	15	)
(	8084	,	20	,	15	)
(	8085	,	21	,	15	)
(	8086	,	22	,	15	)
(	8087	,	23	,	15	)
(	8088	,	24	,	15	)
(	8089	,	1	,	3	)
(	8090	,	2	,	3	)
(	8091	,	3	,	3	)
(	8092	,	4	,	3	)
(	8093	,	5	,	3	)
(	8094	,	6	,	3	)
(	8095	,	7	,	3	)
(	8096	,	8	,	3	)
(	8097	,	9	,	3	)
(	8098	,	10	,	3	)
(	8099	,	11	,	3	)
(	8100	,	12	,	3	)
(	8101	,	13	,	3	)
(	8102	,	14	,	3	)
(	8103	,	15	,	3	)
(	8104	,	16	,	3	)
(	8105	,	17	,	3	)
(	8106	,	18	,	3	)
(	8107	,	19	,	3	)
(	8108	,	20	,	3	)
(	8109	,	21	,	3	)
(	8110	,	22	,	3	)
(	8111	,	23	,	3	)
(	8112	,	24	,	3	)
(	8113	,	1	,	3	)
(	8114	,	2	,	3	)
(	8115	,	3	,	3	)
(	8116	,	4	,	3	)
(	8117	,	5	,	3	)
(	8118	,	6	,	3	)
(	8119	,	7	,	3	)
(	8120	,	8	,	3	)
(	8121	,	9	,	3	)
(	8122	,	10	,	3	)
(	8123	,	11	,	3	)
(	8124	,	12	,	3	)
(	8125	,	13	,	3	)
(	8126	,	14	,	3	)
(	8127	,	15	,	3	)
(	8128	,	16	,	3	)
(	8129	,	17	,	3	)
(	8130	,	18	,	3	)
(	8131	,	19	,	3	)
(	8132	,	20	,	3	)
(	8133	,	21	,	3	)
(	8134	,	22	,	3	)
(	8135	,	23	,	3	)
(	8136	,	24	,	3	)
(	8137	,	1	,	15	)
(	8138	,	2	,	15	)
(	8139	,	3	,	15	)
(	8140	,	4	,	15	)
(	8141	,	5	,	15	)
(	8142	,	6	,	15	)
(	8143	,	7	,	15	)
(	8144	,	8	,	15	)
(	8145	,	9	,	15	)
(	8146	,	10	,	15	)
(	8147	,	11	,	15	)
(	8148	,	12	,	15	)
(	8149	,	13	,	15	)
(	8150	,	14	,	15	)
(	8151	,	15	,	15	)
(	8152	,	16	,	15	)
(	8153	,	17	,	15	)
(	8154	,	18	,	15	)
(	8155	,	19	,	15	)
(	8156	,	20	,	15	)
(	8157	,	21	,	15	)
(	8158	,	22	,	15	)
(	8159	,	23	,	15	)
(	8160	,	24	,	15	)
(	8161	,	1	,	15	)
(	8162	,	2	,	15	)
(	8163	,	3	,	15	)
(	8164	,	4	,	15	)
(	8165	,	5	,	15	)
(	8166	,	6	,	15	)
(	8167	,	7	,	15	)
(	8168	,	8	,	15	)
(	8169	,	9	,	15	)
(	8170	,	10	,	15	)
(	8171	,	11	,	15	)
(	8172	,	12	,	15	)
(	8173	,	13	,	15	)
(	8174	,	14	,	15	)
(	8175	,	15	,	15	)
(	8176	,	16	,	15	)
(	8177	,	17	,	15	)
(	8178	,	18	,	15	)
(	8179	,	19	,	15	)
(	8180	,	20	,	15	)
(	8181	,	21	,	15	)
(	8182	,	22	,	15	)
(	8183	,	23	,	15	)
(	8184	,	24	,	15	)
(	8185	,	1	,	15	)
(	8186	,	2	,	15	)
(	8187	,	3	,	15	)
(	8188	,	4	,	15	)
(	8189	,	5	,	15	)
(	8190	,	6	,	15	)
(	8191	,	7	,	15	)
(	8192	,	8	,	15	)
(	8193	,	9	,	15	)
(	8194	,	10	,	15	)
(	8195	,	11	,	15	)
(	8196	,	12	,	15	)
(	8197	,	13	,	15	)
(	8198	,	14	,	15	)
(	8199	,	15	,	15	)
(	8200	,	16	,	15	)
(	8201	,	17	,	15	)
(	8202	,	18	,	15	)
(	8203	,	19	,	15	)
(	8204	,	20	,	15	)
(	8205	,	21	,	15	)
(	8206	,	22	,	15	)
(	8207	,	23	,	15	)
(	8208	,	24	,	15	)
(	8209	,	1	,	15	)
(	8210	,	2	,	15	)
(	8211	,	3	,	15	)
(	8212	,	4	,	15	)
(	8213	,	5	,	15	)
(	8214	,	6	,	15	)
(	8215	,	7	,	15	)
(	8216	,	8	,	15	)
(	8217	,	9	,	15	)
(	8218	,	10	,	15	)
(	8219	,	11	,	15	)
(	8220	,	12	,	15	)
(	8221	,	13	,	15	)
(	8222	,	14	,	15	)
(	8223	,	15	,	15	)
(	8224	,	16	,	15	)
(	8225	,	17	,	15	)
(	8226	,	18	,	15	)
(	8227	,	19	,	15	)
(	8228	,	20	,	15	)
(	8229	,	21	,	15	)
(	8230	,	22	,	15	)
(	8231	,	23	,	15	)
(	8232	,	24	,	15	)
(	8233	,	1	,	15	)
(	8234	,	2	,	15	)
(	8235	,	3	,	15	)
(	8236	,	4	,	15	)
(	8237	,	5	,	15	)
(	8238	,	6	,	15	)
(	8239	,	7	,	15	)
(	8240	,	8	,	15	)
(	8241	,	9	,	15	)
(	8242	,	10	,	15	)
(	8243	,	11	,	15	)
(	8244	,	12	,	15	)
(	8245	,	13	,	15	)
(	8246	,	14	,	15	)
(	8247	,	15	,	15	)
(	8248	,	16	,	15	)
(	8249	,	17	,	15	)
(	8250	,	18	,	15	)
(	8251	,	19	,	15	)
(	8252	,	20	,	15	)
(	8253	,	21	,	15	)
(	8254	,	22	,	15	)
(	8255	,	23	,	15	)
(	8256	,	24	,	15	)
(	8257	,	1	,	15	)
(	8258	,	2	,	15	)
(	8259	,	3	,	15	)
(	8260	,	4	,	15	)
(	8261	,	5	,	15	)
(	8262	,	6	,	15	)
(	8263	,	7	,	15	)
(	8264	,	8	,	15	)
(	8265	,	9	,	15	)
(	8266	,	10	,	15	)
(	8267	,	11	,	15	)
(	8268	,	12	,	15	)
(	8269	,	13	,	15	)
(	8270	,	14	,	15	)
(	8271	,	15	,	15	)
(	8272	,	16	,	15	)
(	8273	,	17	,	15	)
(	8274	,	18	,	15	)
(	8275	,	19	,	15	)
(	8276	,	20	,	15	)
(	8277	,	21	,	15	)
(	8278	,	22	,	15	)
(	8279	,	23	,	15	)
(	8280	,	24	,	15	)
(	8281	,	1	,	2	)
(	8282	,	2	,	2	)
(	8283	,	3	,	2	)
(	8284	,	4	,	2	)
(	8285	,	5	,	2	)
(	8286	,	6	,	2	)
(	8287	,	7	,	2	)
(	8288	,	8	,	2	)
(	8289	,	9	,	2	)
(	8290	,	10	,	2	)
(	8291	,	11	,	2	)
(	8292	,	12	,	2	)
(	8293	,	13	,	2	)
(	8294	,	14	,	2	)
(	8295	,	15	,	2	)
(	8296	,	16	,	2	)
(	8297	,	17	,	2	)
(	8298	,	18	,	2	)
(	8299	,	19	,	2	)
(	8300	,	20	,	2	)
(	8301	,	21	,	2	)
(	8302	,	22	,	2	)
(	8303	,	23	,	2	)
(	8304	,	24	,	2	)
(	8305	,	1	,	15	)
(	8306	,	2	,	15	)
(	8307	,	3	,	15	)
(	8308	,	4	,	15	)
(	8309	,	5	,	15	)
(	8310	,	6	,	15	)
(	8311	,	7	,	15	)
(	8312	,	8	,	15	)
(	8313	,	9	,	15	)
(	8314	,	10	,	15	)
(	8315	,	11	,	15	)
(	8316	,	12	,	15	)
(	8317	,	13	,	15	)
(	8318	,	14	,	15	)
(	8319	,	15	,	15	)
(	8320	,	16	,	15	)
(	8321	,	17	,	15	)
(	8322	,	18	,	15	)
(	8323	,	19	,	15	)
(	8324	,	20	,	15	)
(	8325	,	21	,	15	)
(	8326	,	22	,	15	)
(	8327	,	23	,	15	)
(	8328	,	24	,	15	)
(	8329	,	1	,	15	)
(	8330	,	2	,	15	)
(	8331	,	3	,	15	)
(	8332	,	4	,	15	)
(	8333	,	5	,	15	)
(	8334	,	6	,	15	)
(	8335	,	7	,	15	)
(	8336	,	8	,	15	)
(	8337	,	9	,	15	)
(	8338	,	10	,	15	)
(	8339	,	11	,	15	)
(	8340	,	12	,	15	)
(	8341	,	13	,	15	)
(	8342	,	14	,	15	)
(	8343	,	15	,	15	)
(	8344	,	16	,	15	)
(	8345	,	17	,	15	)
(	8346	,	18	,	15	)
(	8347	,	19	,	15	)
(	8348	,	20	,	15	)
(	8349	,	21	,	15	)
(	8350	,	22	,	15	)
(	8351	,	23	,	15	)
(	8352	,	24	,	15	)
(	8353	,	1	,	15	)
(	8354	,	2	,	15	)
(	8355	,	3	,	15	)
(	8356	,	4	,	15	)
(	8357	,	5	,	15	)
(	8358	,	6	,	15	)
(	8359	,	7	,	15	)
(	8360	,	8	,	15	)
(	8361	,	9	,	15	)
(	8362	,	10	,	15	)
(	8363	,	11	,	15	)
(	8364	,	12	,	15	)
(	8365	,	13	,	15	)
(	8366	,	14	,	15	)
(	8367	,	15	,	15	)
(	8368	,	16	,	15	)
(	8369	,	17	,	15	)
(	8370	,	18	,	15	)
(	8371	,	19	,	15	)
(	8372	,	20	,	15	)
(	8373	,	21	,	15	)
(	8374	,	22	,	15	)
(	8375	,	23	,	15	)
(	8376	,	24	,	15	)
(	8377	,	1	,	15	)
(	8378	,	2	,	15	)
(	8379	,	3	,	15	)
(	8380	,	4	,	15	)
(	8381	,	5	,	15	)
(	8382	,	6	,	15	)
(	8383	,	7	,	15	)
(	8384	,	8	,	15	)
(	8385	,	9	,	15	)
(	8386	,	10	,	15	)
(	8387	,	11	,	15	)
(	8388	,	12	,	15	)
(	8389	,	13	,	15	)
(	8390	,	14	,	15	)
(	8391	,	15	,	15	)
(	8392	,	16	,	15	)
(	8393	,	17	,	15	)
(	8394	,	18	,	15	)
(	8395	,	19	,	15	)
(	8396	,	20	,	15	)
(	8397	,	21	,	15	)
(	8398	,	22	,	15	)
(	8399	,	23	,	15	)
(	8400	,	24	,	15	)
(	8401	,	1	,	15	)
(	8402	,	2	,	15	)
(	8403	,	3	,	15	)
(	8404	,	4	,	15	)
(	8405	,	5	,	15	)
(	8406	,	6	,	15	)
(	8407	,	7	,	15	)
(	8408	,	8	,	15	)
(	8409	,	9	,	15	)
(	8410	,	10	,	15	)
(	8411	,	11	,	15	)
(	8412	,	12	,	15	)
(	8413	,	13	,	15	)
(	8414	,	14	,	15	)
(	8415	,	15	,	15	)
(	8416	,	16	,	15	)
(	8417	,	17	,	15	)
(	8418	,	18	,	15	)
(	8419	,	19	,	15	)
(	8420	,	20	,	15	)
(	8421	,	21	,	15	)
(	8422	,	22	,	15	)
(	8423	,	23	,	15	)
(	8424	,	24	,	15	)
(	8425	,	1	,	15	)
(	8426	,	2	,	15	)
(	8427	,	3	,	15	)
(	8428	,	4	,	15	)
(	8429	,	5	,	15	)
(	8430	,	6	,	15	)
(	8431	,	7	,	15	)
(	8432	,	8	,	15	)
(	8433	,	9	,	15	)
(	8434	,	10	,	15	)
(	8435	,	11	,	15	)
(	8436	,	12	,	15	)
(	8437	,	13	,	15	)
(	8438	,	14	,	15	)
(	8439	,	15	,	15	)
(	8440	,	16	,	15	)
(	8441	,	17	,	15	)
(	8442	,	18	,	15	)
(	8443	,	19	,	15	)
(	8444	,	20	,	15	)
(	8445	,	21	,	15	)
(	8446	,	22	,	15	)
(	8447	,	23	,	15	)
(	8448	,	24	,	15	)
(	8449	,	1	,	15	)
(	8450	,	2	,	15	)
(	8451	,	3	,	15	)
(	8452	,	4	,	15	)
(	8453	,	5	,	15	)
(	8454	,	6	,	15	)
(	8455	,	7	,	15	)
(	8456	,	8	,	15	)
(	8457	,	9	,	15	)
(	8458	,	10	,	15	)
(	8459	,	11	,	15	)
(	8460	,	12	,	15	)
(	8461	,	13	,	15	)
(	8462	,	14	,	15	)
(	8463	,	15	,	15	)
(	8464	,	16	,	15	)
(	8465	,	17	,	15	)
(	8466	,	18	,	15	)
(	8467	,	19	,	15	)
(	8468	,	20	,	15	)
(	8469	,	21	,	15	)
(	8470	,	22	,	15	)
(	8471	,	23	,	15	)
(	8472	,	24	,	15	)
(	8473	,	1	,	15	)
(	8474	,	2	,	15	)
(	8475	,	3	,	15	)
(	8476	,	4	,	15	)
(	8477	,	5	,	15	)
(	8478	,	6	,	15	)
(	8479	,	7	,	15	)
(	8480	,	8	,	15	)
(	8481	,	9	,	15	)
(	8482	,	10	,	15	)
(	8483	,	11	,	15	)
(	8484	,	12	,	15	)
(	8485	,	13	,	15	)
(	8486	,	14	,	15	)
(	8487	,	15	,	15	)
(	8488	,	16	,	15	)
(	8489	,	17	,	15	)
(	8490	,	18	,	15	)
(	8491	,	19	,	15	)
(	8492	,	20	,	15	)
(	8493	,	21	,	15	)
(	8494	,	22	,	15	)
(	8495	,	23	,	15	)
(	8496	,	24	,	15	)
(	8497	,	1	,	15	)
(	8498	,	2	,	15	)
(	8499	,	3	,	15	)
(	8500	,	4	,	15	)
(	8501	,	5	,	15	)
(	8502	,	6	,	15	)
(	8503	,	7	,	15	)
(	8504	,	8	,	15	)
(	8505	,	9	,	15	)
(	8506	,	10	,	15	)
(	8507	,	11	,	15	)
(	8508	,	12	,	15	)
(	8509	,	13	,	15	)
(	8510	,	14	,	15	)
(	8511	,	15	,	15	)
(	8512	,	16	,	15	)
(	8513	,	17	,	15	)
(	8514	,	18	,	15	)
(	8515	,	19	,	15	)
(	8516	,	20	,	15	)
(	8517	,	21	,	15	)
(	8518	,	22	,	15	)
(	8519	,	23	,	15	)
(	8520	,	24	,	15	)
(	8521	,	1	,	15	)
(	8522	,	2	,	15	)
(	8523	,	3	,	15	)
(	8524	,	4	,	15	)
(	8525	,	5	,	15	)
(	8526	,	6	,	15	)
(	8527	,	7	,	15	)
(	8528	,	8	,	15	)
(	8529	,	9	,	15	)
(	8530	,	10	,	15	)
(	8531	,	11	,	15	)
(	8532	,	12	,	15	)
(	8533	,	13	,	15	)
(	8534	,	14	,	15	)
(	8535	,	15	,	15	)
(	8536	,	16	,	15	)
(	8537	,	17	,	15	)
(	8538	,	18	,	15	)
(	8539	,	19	,	15	)
(	8540	,	20	,	15	)
(	8541	,	21	,	15	)
(	8542	,	22	,	15	)
(	8543	,	23	,	15	)
(	8544	,	24	,	15	)
(	8545	,	1	,	16	)
(	8546	,	2	,	16	)
(	8547	,	3	,	16	)
(	8548	,	4	,	16	)
(	8549	,	5	,	16	)
(	8550	,	6	,	16	)
(	8551	,	7	,	16	)
(	8552	,	8	,	16	)
(	8553	,	9	,	16	)
(	8554	,	10	,	16	)
(	8555	,	11	,	16	)
(	8556	,	12	,	16	)
(	8557	,	13	,	16	)
(	8558	,	14	,	16	)
(	8559	,	15	,	16	)
(	8560	,	16	,	16	)
(	8561	,	17	,	16	)
(	8562	,	18	,	16	)
(	8563	,	19	,	16	)
(	8564	,	20	,	16	)
(	8565	,	21	,	16	)
(	8566	,	22	,	16	)
(	8567	,	23	,	16	)
(	8568	,	24	,	16	)
(	8569	,	1	,	16	)
(	8570	,	2	,	16	)
(	8571	,	3	,	16	)
(	8572	,	4	,	16	)
(	8573	,	5	,	16	)
(	8574	,	6	,	16	)
(	8575	,	7	,	16	)
(	8576	,	8	,	16	)
(	8577	,	9	,	16	)
(	8578	,	10	,	16	)
(	8579	,	11	,	16	)
(	8580	,	12	,	16	)
(	8581	,	13	,	16	)
(	8582	,	14	,	16	)
(	8583	,	15	,	16	)
(	8584	,	16	,	16	)
(	8585	,	17	,	16	)
(	8586	,	18	,	16	)
(	8587	,	19	,	16	)
(	8588	,	20	,	16	)
(	8589	,	21	,	16	)
(	8590	,	22	,	16	)
(	8591	,	23	,	16	)
(	8592	,	24	,	16	)
(	8593	,	1	,	16	)
(	8594	,	2	,	16	)
(	8595	,	3	,	16	)
(	8596	,	4	,	16	)
(	8597	,	5	,	16	)
(	8598	,	6	,	16	)
(	8599	,	7	,	16	)
(	8600	,	8	,	16	)
(	8601	,	9	,	16	)
(	8602	,	10	,	16	)
(	8603	,	11	,	16	)
(	8604	,	12	,	16	)
(	8605	,	13	,	16	)
(	8606	,	14	,	16	)
(	8607	,	15	,	16	)
(	8608	,	16	,	16	)
(	8609	,	17	,	16	)
(	8610	,	18	,	16	)
(	8611	,	19	,	16	)
(	8612	,	20	,	16	)
(	8613	,	21	,	16	)
(	8614	,	22	,	16	)
(	8615	,	23	,	16	)
(	8616	,	24	,	16	)
(	8617	,	1	,	16	)
(	8618	,	2	,	16	)
(	8619	,	3	,	16	)
(	8620	,	4	,	16	)
(	8621	,	5	,	16	)
(	8622	,	6	,	16	)
(	8623	,	7	,	16	)
(	8624	,	8	,	16	)
(	8625	,	9	,	16	)
(	8626	,	10	,	16	)
(	8627	,	11	,	16	)
(	8628	,	12	,	16	)
(	8629	,	13	,	16	)
(	8630	,	14	,	16	)
(	8631	,	15	,	16	)
(	8632	,	16	,	16	)
(	8633	,	17	,	16	)
(	8634	,	18	,	16	)
(	8635	,	19	,	16	)
(	8636	,	20	,	16	)
(	8637	,	21	,	16	)
(	8638	,	22	,	16	)
(	8639	,	23	,	16	)
(	8640	,	24	,	16	)
(	8641	,	1	,	16	)
(	8642	,	2	,	16	)
(	8643	,	3	,	16	)
(	8644	,	4	,	16	)
(	8645	,	5	,	16	)
(	8646	,	6	,	16	)
(	8647	,	7	,	16	)
(	8648	,	8	,	16	)
(	8649	,	9	,	16	)
(	8650	,	10	,	16	)
(	8651	,	11	,	16	)
(	8652	,	12	,	16	)
(	8653	,	13	,	16	)
(	8654	,	14	,	16	)
(	8655	,	15	,	16	)
(	8656	,	16	,	16	)
(	8657	,	17	,	16	)
(	8658	,	18	,	16	)
(	8659	,	19	,	16	)
(	8660	,	20	,	16	)
(	8661	,	21	,	16	)
(	8662	,	22	,	16	)
(	8663	,	23	,	16	)
(	8664	,	24	,	16	)
(	8665	,	1	,	16	)
(	8666	,	2	,	16	)
(	8667	,	3	,	16	)
(	8668	,	4	,	16	)
(	8669	,	5	,	16	)
(	8670	,	6	,	16	)
(	8671	,	7	,	16	)
(	8672	,	8	,	16	)
(	8673	,	9	,	16	)
(	8674	,	10	,	16	)
(	8675	,	11	,	16	)
(	8676	,	12	,	16	)
(	8677	,	13	,	16	)
(	8678	,	14	,	16	)
(	8679	,	15	,	16	)
(	8680	,	16	,	16	)
(	8681	,	17	,	16	)
(	8682	,	18	,	16	)
(	8683	,	19	,	16	)
(	8684	,	20	,	16	)
(	8685	,	21	,	16	)
(	8686	,	22	,	16	)
(	8687	,	23	,	16	)
(	8688	,	24	,	16	)
(	8689	,	1	,	16	)
(	8690	,	2	,	16	)
(	8691	,	3	,	16	)
(	8692	,	4	,	16	)
(	8693	,	5	,	16	)
(	8694	,	6	,	16	)
(	8695	,	7	,	16	)
(	8696	,	8	,	16	)
(	8697	,	9	,	16	)
(	8698	,	10	,	16	)
(	8699	,	11	,	16	)
(	8700	,	12	,	16	)
(	8701	,	13	,	16	)
(	8702	,	14	,	16	)
(	8703	,	15	,	16	)
(	8704	,	16	,	16	)
(	8705	,	17	,	16	)
(	8706	,	18	,	16	)
(	8707	,	19	,	16	)
(	8708	,	20	,	16	)
(	8709	,	21	,	16	)
(	8710	,	22	,	16	)
(	8711	,	23	,	16	)
(	8712	,	24	,	16	)
(	8713	,	1	,	16	)
(	8714	,	2	,	16	)
(	8715	,	3	,	16	)
(	8716	,	4	,	16	)
(	8717	,	5	,	16	)
(	8718	,	6	,	16	)
(	8719	,	7	,	16	)
(	8720	,	8	,	16	)
(	8721	,	9	,	16	)
(	8722	,	10	,	16	)
(	8723	,	11	,	16	)
(	8724	,	12	,	16	)
(	8725	,	13	,	16	)
(	8726	,	14	,	16	)
(	8727	,	15	,	16	)
(	8728	,	16	,	16	)
(	8729	,	17	,	16	)
(	8730	,	18	,	16	)
(	8731	,	19	,	16	)
(	8732	,	20	,	16	)
(	8733	,	21	,	16	)
(	8734	,	22	,	16	)
(	8735	,	23	,	16	)
(	8736	,	24	,	16	)
(	8737	,	1	,	16	)
(	8738	,	2	,	16	)
(	8739	,	3	,	16	)
(	8740	,	4	,	16	)
(	8741	,	5	,	16	)
(	8742	,	6	,	16	)
(	8743	,	7	,	16	)
(	8744	,	8	,	16	)
(	8745	,	9	,	16	)
(	8746	,	10	,	16	)
(	8747	,	11	,	16	)
(	8748	,	12	,	16	)
(	8749	,	13	,	16	)
(	8750	,	14	,	16	)
(	8751	,	15	,	16	)
(	8752	,	16	,	16	)
(	8753	,	17	,	16	)
(	8754	,	18	,	16	)
(	8755	,	19	,	16	)
(	8756	,	20	,	16	)
(	8757	,	21	,	16	)
(	8758	,	22	,	16	)
(	8759	,	23	,	16	)
(	8760	,	24	,	16	)
;
  
 #  ----------------------------- 
 #  PARAMETERS  DEPENDING  ON  NUMBER  OF  TYPICAL  DAYS  :   
 #  ----------------------------- 
  
 param  nbr_tds  :=  16; 
param 	peak_sh_factor := 
SA-BN	1.880433587385643
SA-PA	1.880433587385643
SA-SC	1.880433587385643
SA-TJ	1.880433587385643
SIN	1.880433587385643
;
param 	peak_sc_factor := 
SA-BN	1.223118097849354
SA-PA	1.223118097849354
SA-SC	1.223118097849354
SA-TJ	1.223118097849354
SIN	1.223118097849354
;
  
 param  electricity_time_series  := 
["SA-BN",*,*] : 	1	2	3	4	5	6	7	8	9	10	11	12	13	14	15	16 := 
1	6.038888892242196e-05	6.173086423180912e-05	5.5330674294731915e-05	5.4711301075014764e-05	4.23238366806718e-05	3.344615386472601e-05	0.00011251946824861528	0.0001259392213424868	0.00010942260215002953	0.00011768091174625819	0.00011251946824861528	0.00015484330492928706	0.00015277872753022991	0.0001259392213424868	0.0001424558405349441	0.00015690788232834425
2	5.78081671736005e-05	5.698233621397764e-05	5.109829062666473e-05	5.130474836657045e-05	4.0568945891473215e-05	3.231063629524457e-05	0.00010632573605144379	0.000115616334347201	0.00010426115865238663	0.00011148717954908668	0.00010735802475097236	0.00014555270663352987	0.00014348812923447267	0.00011768091174625819	0.00013522981963824405	0.00014658499533305844
3	5.615650525435478e-05	5.440161446515619e-05	4.8724026617749e-05	4.9446628707419005e-05	3.860759736236891e-05	3.117511872576313e-05	0.00010322886995285805	0.00011148717954908668	0.0001006481482040366	0.00010839031345050096	0.0001052934473519152	0.00013935897443635836	0.00013626210833777262	0.00011355175694814385	0.00012903608744107257	0.0001383266857368298
4	5.4504843335109054e-05	5.244026593605189e-05	4.665944921869184e-05	4.831111113793756e-05	3.7678537532793187e-05	3.0968660985857417e-05	0.00010199012351342375	0.00010942260215002953	9.848034193502658e-05	0.0001052934473519152	0.00010209335238337662	0.00013419753093871545	0.00013110066484012971	0.00011148717954908668	0.0001269715100420154	0.00013419753093871545
5	5.367901237548618e-05	5.120151949661759e-05	4.55239316492104e-05	4.7898195658126136e-05	3.674947770321746e-05	3.1071889855810275e-05	0.0001013707502937066	0.00011045489084955811	9.827388419512086e-05	0.0001052934473519152	0.00010322886995285805	0.00013419753093871545	0.00012800379874154398	0.00011251946824861528	0.0001259392213424868	0.00013006837614060114
6	5.336932576562761e-05	4.996277305718329e-05	4.4285185209776105e-05	4.8207882267984704e-05	3.6336562223406034e-05	3.055574550604598e-05	9.424795826695939e-05	0.00011458404564767244	0.00010085460594394231	0.00010942260215002953	0.00010632573605144379	0.00013316524223918688	0.0001218100665443725	0.0001052934473519152	0.00012490693264295824	0.0001228423552439011
7	4.810465339803185e-05	4.3562583120106096e-05	3.9330199452038914e-05	4.6452991478786125e-05	3.2620322905103144e-05	2.8387939237035963e-05	8.402830014162645e-05	0.0001094246667274286	0.00010095783481389518	0.00010839031345050096	0.00010632573605144379	0.00012300339228102754	0.00012077777784484391	0.00010735802475097236	0.00011773768762473225	0.00011458404564767244
8	4.841434000789043e-05	4.490455842949325e-05	4.118831911119036e-05	4.614330486892755e-05	3.4168755954396014e-05	2.75621082774131e-05	9.042849007870365e-05	0.00010869690319426095	0.0001073115717594936	0.00012095946065596095	0.00011694179303739571	0.00013278845686385895	0.00014094663445623335	0.00012357528022056638	0.0001343472128001471	0.00013110066484012971
9	5.3782241245439045e-05	4.851756887784328e-05	4.841434000789043e-05	5.233703706609903e-05	4.160123459100179e-05	2.900731245675311e-05	0.00010219658125332947	0.00011799782437701345	0.00011811963444355783	0.00013169732770845722	0.0001253064283696758	0.00014749340938864357	0.00015885477881565514	0.00013725723464411819	0.0001470422992269496	0.00015277872753022991
10	5.9150142482987656e-05	5.233703706609903e-05	5.4608072205061906e-05	5.78081671736005e-05	4.604007599897469e-05	3.138157646566885e-05	0.00013213295353965829	0.0001275062355883712	0.00012693434764883237	0.00014804774842029045	0.0001400278975136529	0.0001675146487160004	0.00017593193077195644	0.0001494155309471658	0.00015979003237742804	0.00016826305802315864
11	5.9666286832751955e-05	5.491775881492048e-05	5.945982909284623e-05	6.162763536185625e-05	4.8207882267984704e-05	3.2620322905103144e-05	0.0001335162203970266	0.00013190585002576202	0.00013124724983546278	0.000153485845289407	0.0001405481710182153	0.00017969049392694	0.00018668734673234474	0.00015623895925104972	0.0001642928756847717	0.00017794076458123905
12	5.935660022289338e-05	5.8324311523364795e-05	6.34857550210077e-05	6.29696106712434e-05	4.996277305718329e-05	3.385906934453744e-05	0.00012194632865271027	0.00013997628307867648	0.00013129886427043922	0.00016075935146628537	0.00014124083673559896	0.00018582125651344023	0.00019406511406787547	0.0001620930684660763	0.00016872655564924695	0.0001843141150121285
13	5.615650525435478e-05	5.8221082653411944e-05	6.307283954119626e-05	6.15244064919034e-05	4.913694209756043e-05	3.1794491945480284e-05	8.960265911908078e-05	0.00013072800861959992	0.00010343223082666518	0.00013561176645706963	0.00011574640272334163	0.00016507225365291578	0.00016836319002701288	0.00013336034480339779	0.00014496430207479855	0.00017002620712195345
14	5.7498480563741935e-05	5.987274457265767e-05	6.513741694025344e-05	6.27631529313377e-05	5.0995061756711875e-05	3.1794491945480284e-05	0.00010002877498431945	0.0001369805812726445	0.00011912405134819912	0.0001571917617207146	0.0001326501301781221	0.00017560263067680683	0.00019526050438192958	0.00015494034006704275	0.00016786046543034247	0.0001823919934536063
15	6.183409310176197e-05	6.193732197171483e-05	6.895688512850918e-05	6.978271608813205e-05	5.3782241245439045e-05	3.385906934453744e-05	0.00011045489084955811	0.00014401149960513367	0.00012861491365166492	0.0001692808946808938	0.00014666138469682355	0.00018485090513588337	0.00021370543886510624	0.00016316768100228555	0.00018005385954917408	0.00019240209697293494
16	6.255669519143198e-05	6.0285660052469105e-05	6.988594495808491e-05	6.978271608813205e-05	5.274995254591047e-05	3.4788129174113164e-05	0.00011148717954908668	0.00014714656038560198	0.00012890911593103053	0.00017032763542221578	0.00014834195069965607	0.00018175094217119905	0.0002160786705853225	0.00016380769999599327	0.00018223611785997748	0.00019303798681184455
17	6.29696106712434e-05	5.729202282383622e-05	6.823428303883916e-05	6.875042738860346e-05	4.975631531727758e-05	3.509781578397174e-05	0.00013419753093871545	0.00014508611214134292	0.00012977520614993504	0.00016619848062410147	0.0001423319658910007	0.00017593193077195644	0.00020975693458940943	0.0001610019393106746	0.00017532597730533317	0.0001832405347646188
18	6.162763536185625e-05	5.553713203463763e-05	6.307283954119626e-05	6.66858499895463e-05	4.851756887784328e-05	3.71623931830289e-05	0.00014142355183541553	0.0001494155309471658	0.00013687632011399214	0.00016095032487569816	0.00014191595354509065	0.00017077048727431356	0.00019264468481732417	0.0001494330798550578	0.00016676933627494074	0.00017463227929924996
19	6.142117762195055e-05	6.0595346662327674e-05	6.410512824072485e-05	7.742165246464353e-05	5.564036090459049e-05	4.614330486892755e-05	0.00017239221282127295	0.000185180205231033	0.00015274053284834737	0.0001825478690472351	0.0001626133419706387	0.00020075021568602256	0.00019737359934986462	0.0001620930684660763	0.0001574518984729958	0.00016534993931308897
20	7.762811020454924e-05	7.628613489516209e-05	7.494415958577495e-05	8.516381771110789e-05	5.801462491350622e-05	4.810465339803185e-05	0.00017652136761938728	0.0001881934559449569	0.00015196115488020327	0.00018921542175749022	0.0001724159554613621	0.00021382724893165064	0.00022243447210831995	0.00018888715395104012	0.00019517379213116918	0.00020702033724695918
21	7.814425455431354e-05	7.607967715525639e-05	7.515061732568066e-05	8.382184240172074e-05	5.7395251693789076e-05	4.7382051308361844e-05	0.00017032763542221578	0.00018176849107909103	0.00014690397254121275	0.0001863580466371951	0.00016826305802315864	0.00021055386146544552	0.00022260789660984075	0.00018408907607563127	0.00019571058225492403	0.0002105868947038304
22	7.556353280549209e-05	7.246666670690635e-05	7.318926879657635e-05	8.082820517308786e-05	5.440161446515619e-05	4.325289651024753e-05	0.00016103703712645856	0.00017135992412174435	0.00013522981963824405	0.0001774215233653762	0.00015636076931759409	0.00020336087380713034	0.00021678062690100192	0.00017650278642279574	0.00019065339991593353	0.00020542545120618753
23	7.091823365761348e-05	6.761490981912203e-05	6.802782529893346e-05	7.494415958577495e-05	5.0169230797089014e-05	4.025925928161464e-05	0.00014555270663352987	0.00015794017102787282	0.00011871320044578676	0.00015890639325063158	0.00013935897443635836	0.00019200569811231598	0.00020232858510760176	0.0001631016145255157	0.00017755365631891585	0.0001899411207132588
24	6.524064581020629e-05	6.0492117792374815e-05	5.9150142482987656e-05	6.658262111959344e-05	4.5730389389116116e-05	3.654301996331175e-05	0.00013110066484012971	0.00014142355183541553	0.00010942260215002953	0.00013935897443635836	0.0001228423552439011	0.000179618233717973	0.00018168281111703016	0.000147617284032587	0.0001631016145255157	0.00017239221282127295
["SA-PA",*,*] : 	1	2	3	4	5	6	7	8	9	10	11	12	13	14	15	16 := 
1	6.038888892242196e-05	6.173086423180912e-05	5.5330674294731915e-05	5.4711301075014764e-05	4.23238366806718e-05	3.344615386472601e-05	0.00011251946824861528	0.0001259392213424868	0.00010942260215002953	0.00011768091174625819	0.00011251946824861528	0.00015484330492928706	0.00015277872753022991	0.0001259392213424868	0.0001424558405349441	0.00015690788232834425
2	5.78081671736005e-05	5.698233621397764e-05	5.109829062666473e-05	5.130474836657045e-05	4.0568945891473215e-05	3.231063629524457e-05	0.00010632573605144379	0.000115616334347201	0.00010426115865238663	0.00011148717954908668	0.00010735802475097236	0.00014555270663352987	0.00014348812923447267	0.00011768091174625819	0.00013522981963824405	0.00014658499533305844
3	5.615650525435478e-05	5.440161446515619e-05	4.8724026617749e-05	4.9446628707419005e-05	3.860759736236891e-05	3.117511872576313e-05	0.00010322886995285805	0.00011148717954908668	0.0001006481482040366	0.00010839031345050096	0.0001052934473519152	0.00013935897443635836	0.00013626210833777262	0.00011355175694814385	0.00012903608744107257	0.0001383266857368298
4	5.4504843335109054e-05	5.244026593605189e-05	4.665944921869184e-05	4.831111113793756e-05	3.7678537532793187e-05	3.0968660985857417e-05	0.00010199012351342375	0.00010942260215002953	9.848034193502658e-05	0.0001052934473519152	0.00010209335238337662	0.00013419753093871545	0.00013110066484012971	0.00011148717954908668	0.0001269715100420154	0.00013419753093871545
5	5.367901237548618e-05	5.120151949661759e-05	4.55239316492104e-05	4.7898195658126136e-05	3.674947770321746e-05	3.1071889855810275e-05	0.0001013707502937066	0.00011045489084955811	9.827388419512086e-05	0.0001052934473519152	0.00010322886995285805	0.00013419753093871545	0.00012800379874154398	0.00011251946824861528	0.0001259392213424868	0.00013006837614060114
6	5.336932576562761e-05	4.996277305718329e-05	4.4285185209776105e-05	4.8207882267984704e-05	3.6336562223406034e-05	3.055574550604598e-05	9.424795826695939e-05	0.00011458404564767244	0.00010085460594394231	0.00010942260215002953	0.00010632573605144379	0.00013316524223918688	0.0001218100665443725	0.0001052934473519152	0.00012490693264295824	0.0001228423552439011
7	4.810465339803185e-05	4.3562583120106096e-05	3.9330199452038914e-05	4.6452991478786125e-05	3.2620322905103144e-05	2.8387939237035963e-05	8.402830014162645e-05	0.0001094246667274286	0.00010095783481389518	0.00010839031345050096	0.00010632573605144379	0.00012300339228102754	0.00012077777784484391	0.00010735802475097236	0.00011773768762473225	0.00011458404564767244
8	4.841434000789043e-05	4.490455842949325e-05	4.118831911119036e-05	4.614330486892755e-05	3.4168755954396014e-05	2.75621082774131e-05	9.042849007870365e-05	0.00010869690319426095	0.0001073115717594936	0.00012095946065596095	0.00011694179303739571	0.00013278845686385895	0.00014094663445623335	0.00012357528022056638	0.0001343472128001471	0.00013110066484012971
9	5.3782241245439045e-05	4.851756887784328e-05	4.841434000789043e-05	5.233703706609903e-05	4.160123459100179e-05	2.900731245675311e-05	0.00010219658125332947	0.00011799782437701345	0.00011811963444355783	0.00013169732770845722	0.0001253064283696758	0.00014749340938864357	0.00015885477881565514	0.00013725723464411819	0.0001470422992269496	0.00015277872753022991
10	5.9150142482987656e-05	5.233703706609903e-05	5.4608072205061906e-05	5.78081671736005e-05	4.604007599897469e-05	3.138157646566885e-05	0.00013213295353965829	0.0001275062355883712	0.00012693434764883237	0.00014804774842029045	0.0001400278975136529	0.0001675146487160004	0.00017593193077195644	0.0001494155309471658	0.00015979003237742804	0.00016826305802315864
11	5.9666286832751955e-05	5.491775881492048e-05	5.945982909284623e-05	6.162763536185625e-05	4.8207882267984704e-05	3.2620322905103144e-05	0.0001335162203970266	0.00013190585002576202	0.00013124724983546278	0.000153485845289407	0.0001405481710182153	0.00017969049392694	0.00018668734673234474	0.00015623895925104972	0.0001642928756847717	0.00017794076458123905
12	5.935660022289338e-05	5.8324311523364795e-05	6.34857550210077e-05	6.29696106712434e-05	4.996277305718329e-05	3.385906934453744e-05	0.00012194632865271027	0.00013997628307867648	0.00013129886427043922	0.00016075935146628537	0.00014124083673559896	0.00018582125651344023	0.00019406511406787547	0.0001620930684660763	0.00016872655564924695	0.0001843141150121285
13	5.615650525435478e-05	5.8221082653411944e-05	6.307283954119626e-05	6.15244064919034e-05	4.913694209756043e-05	3.1794491945480284e-05	8.960265911908078e-05	0.00013072800861959992	0.00010343223082666518	0.00013561176645706963	0.00011574640272334163	0.00016507225365291578	0.00016836319002701288	0.00013336034480339779	0.00014496430207479855	0.00017002620712195345
14	5.7498480563741935e-05	5.987274457265767e-05	6.513741694025344e-05	6.27631529313377e-05	5.0995061756711875e-05	3.1794491945480284e-05	0.00010002877498431945	0.0001369805812726445	0.00011912405134819912	0.0001571917617207146	0.0001326501301781221	0.00017560263067680683	0.00019526050438192958	0.00015494034006704275	0.00016786046543034247	0.0001823919934536063
15	6.183409310176197e-05	6.193732197171483e-05	6.895688512850918e-05	6.978271608813205e-05	5.3782241245439045e-05	3.385906934453744e-05	0.00011045489084955811	0.00014401149960513367	0.00012861491365166492	0.0001692808946808938	0.00014666138469682355	0.00018485090513588337	0.00021370543886510624	0.00016316768100228555	0.00018005385954917408	0.00019240209697293494
16	6.255669519143198e-05	6.0285660052469105e-05	6.988594495808491e-05	6.978271608813205e-05	5.274995254591047e-05	3.4788129174113164e-05	0.00011148717954908668	0.00014714656038560198	0.00012890911593103053	0.00017032763542221578	0.00014834195069965607	0.00018175094217119905	0.0002160786705853225	0.00016380769999599327	0.00018223611785997748	0.00019303798681184455
17	6.29696106712434e-05	5.729202282383622e-05	6.823428303883916e-05	6.875042738860346e-05	4.975631531727758e-05	3.509781578397174e-05	0.00013419753093871545	0.00014508611214134292	0.00012977520614993504	0.00016619848062410147	0.0001423319658910007	0.00017593193077195644	0.00020975693458940943	0.0001610019393106746	0.00017532597730533317	0.0001832405347646188
18	6.162763536185625e-05	5.553713203463763e-05	6.307283954119626e-05	6.66858499895463e-05	4.851756887784328e-05	3.71623931830289e-05	0.00014142355183541553	0.0001494155309471658	0.00013687632011399214	0.00016095032487569816	0.00014191595354509065	0.00017077048727431356	0.00019264468481732417	0.0001494330798550578	0.00016676933627494074	0.00017463227929924996
19	6.142117762195055e-05	6.0595346662327674e-05	6.410512824072485e-05	7.742165246464353e-05	5.564036090459049e-05	4.614330486892755e-05	0.00017239221282127295	0.000185180205231033	0.00015274053284834737	0.0001825478690472351	0.0001626133419706387	0.00020075021568602256	0.00019737359934986462	0.0001620930684660763	0.0001574518984729958	0.00016534993931308897
20	7.762811020454924e-05	7.628613489516209e-05	7.494415958577495e-05	8.516381771110789e-05	5.801462491350622e-05	4.810465339803185e-05	0.00017652136761938728	0.0001881934559449569	0.00015196115488020327	0.00018921542175749022	0.0001724159554613621	0.00021382724893165064	0.00022243447210831995	0.00018888715395104012	0.00019517379213116918	0.00020702033724695918
21	7.814425455431354e-05	7.607967715525639e-05	7.515061732568066e-05	8.382184240172074e-05	5.7395251693789076e-05	4.7382051308361844e-05	0.00017032763542221578	0.00018176849107909103	0.00014690397254121275	0.0001863580466371951	0.00016826305802315864	0.00021055386146544552	0.00022260789660984075	0.00018408907607563127	0.00019571058225492403	0.0002105868947038304
22	7.556353280549209e-05	7.246666670690635e-05	7.318926879657635e-05	8.082820517308786e-05	5.440161446515619e-05	4.325289651024753e-05	0.00016103703712645856	0.00017135992412174435	0.00013522981963824405	0.0001774215233653762	0.00015636076931759409	0.00020336087380713034	0.00021678062690100192	0.00017650278642279574	0.00019065339991593353	0.00020542545120618753
23	7.091823365761348e-05	6.761490981912203e-05	6.802782529893346e-05	7.494415958577495e-05	5.0169230797089014e-05	4.025925928161464e-05	0.00014555270663352987	0.00015794017102787282	0.00011871320044578676	0.00015890639325063158	0.00013935897443635836	0.00019200569811231598	0.00020232858510760176	0.0001631016145255157	0.00017755365631891585	0.0001899411207132588
24	6.524064581020629e-05	6.0492117792374815e-05	5.9150142482987656e-05	6.658262111959344e-05	4.5730389389116116e-05	3.654301996331175e-05	0.00013110066484012971	0.00014142355183541553	0.00010942260215002953	0.00013935897443635836	0.0001228423552439011	0.000179618233717973	0.00018168281111703016	0.000147617284032587	0.0001631016145255157	0.00017239221282127295
["SA-SC",*,*] : 	1	2	3	4	5	6	7	8	9	10	11	12	13	14	15	16 := 
1	6.038888892242196e-05	6.173086423180912e-05	5.5330674294731915e-05	5.4711301075014764e-05	4.23238366806718e-05	3.344615386472601e-05	0.00011251946824861528	0.0001259392213424868	0.00010942260215002953	0.00011768091174625819	0.00011251946824861528	0.00015484330492928706	0.00015277872753022991	0.0001259392213424868	0.0001424558405349441	0.00015690788232834425
2	5.78081671736005e-05	5.698233621397764e-05	5.109829062666473e-05	5.130474836657045e-05	4.0568945891473215e-05	3.231063629524457e-05	0.00010632573605144379	0.000115616334347201	0.00010426115865238663	0.00011148717954908668	0.00010735802475097236	0.00014555270663352987	0.00014348812923447267	0.00011768091174625819	0.00013522981963824405	0.00014658499533305844
3	5.615650525435478e-05	5.440161446515619e-05	4.8724026617749e-05	4.9446628707419005e-05	3.860759736236891e-05	3.117511872576313e-05	0.00010322886995285805	0.00011148717954908668	0.0001006481482040366	0.00010839031345050096	0.0001052934473519152	0.00013935897443635836	0.00013626210833777262	0.00011355175694814385	0.00012903608744107257	0.0001383266857368298
4	5.4504843335109054e-05	5.244026593605189e-05	4.665944921869184e-05	4.831111113793756e-05	3.7678537532793187e-05	3.0968660985857417e-05	0.00010199012351342375	0.00010942260215002953	9.848034193502658e-05	0.0001052934473519152	0.00010209335238337662	0.00013419753093871545	0.00013110066484012971	0.00011148717954908668	0.0001269715100420154	0.00013419753093871545
5	5.367901237548618e-05	5.120151949661759e-05	4.55239316492104e-05	4.7898195658126136e-05	3.674947770321746e-05	3.1071889855810275e-05	0.0001013707502937066	0.00011045489084955811	9.827388419512086e-05	0.0001052934473519152	0.00010322886995285805	0.00013419753093871545	0.00012800379874154398	0.00011251946824861528	0.0001259392213424868	0.00013006837614060114
6	5.336932576562761e-05	4.996277305718329e-05	4.4285185209776105e-05	4.8207882267984704e-05	3.6336562223406034e-05	3.055574550604598e-05	9.424795826695939e-05	0.00011458404564767244	0.00010085460594394231	0.00010942260215002953	0.00010632573605144379	0.00013316524223918688	0.0001218100665443725	0.0001052934473519152	0.00012490693264295824	0.0001228423552439011
7	4.810465339803185e-05	4.3562583120106096e-05	3.9330199452038914e-05	4.6452991478786125e-05	3.2620322905103144e-05	2.8387939237035963e-05	8.402830014162645e-05	0.0001094246667274286	0.00010095783481389518	0.00010839031345050096	0.00010632573605144379	0.00012300339228102754	0.00012077777784484391	0.00010735802475097236	0.00011773768762473225	0.00011458404564767244
8	4.841434000789043e-05	4.490455842949325e-05	4.118831911119036e-05	4.614330486892755e-05	3.4168755954396014e-05	2.75621082774131e-05	9.042849007870365e-05	0.00010869690319426095	0.0001073115717594936	0.00012095946065596095	0.00011694179303739571	0.00013278845686385895	0.00014094663445623335	0.00012357528022056638	0.0001343472128001471	0.00013110066484012971
9	5.3782241245439045e-05	4.851756887784328e-05	4.841434000789043e-05	5.233703706609903e-05	4.160123459100179e-05	2.900731245675311e-05	0.00010219658125332947	0.00011799782437701345	0.00011811963444355783	0.00013169732770845722	0.0001253064283696758	0.00014749340938864357	0.00015885477881565514	0.00013725723464411819	0.0001470422992269496	0.00015277872753022991
10	5.9150142482987656e-05	5.233703706609903e-05	5.4608072205061906e-05	5.78081671736005e-05	4.604007599897469e-05	3.138157646566885e-05	0.00013213295353965829	0.0001275062355883712	0.00012693434764883237	0.00014804774842029045	0.0001400278975136529	0.0001675146487160004	0.00017593193077195644	0.0001494155309471658	0.00015979003237742804	0.00016826305802315864
11	5.9666286832751955e-05	5.491775881492048e-05	5.945982909284623e-05	6.162763536185625e-05	4.8207882267984704e-05	3.2620322905103144e-05	0.0001335162203970266	0.00013190585002576202	0.00013124724983546278	0.000153485845289407	0.0001405481710182153	0.00017969049392694	0.00018668734673234474	0.00015623895925104972	0.0001642928756847717	0.00017794076458123905
12	5.935660022289338e-05	5.8324311523364795e-05	6.34857550210077e-05	6.29696106712434e-05	4.996277305718329e-05	3.385906934453744e-05	0.00012194632865271027	0.00013997628307867648	0.00013129886427043922	0.00016075935146628537	0.00014124083673559896	0.00018582125651344023	0.00019406511406787547	0.0001620930684660763	0.00016872655564924695	0.0001843141150121285
13	5.615650525435478e-05	5.8221082653411944e-05	6.307283954119626e-05	6.15244064919034e-05	4.913694209756043e-05	3.1794491945480284e-05	8.960265911908078e-05	0.00013072800861959992	0.00010343223082666518	0.00013561176645706963	0.00011574640272334163	0.00016507225365291578	0.00016836319002701288	0.00013336034480339779	0.00014496430207479855	0.00017002620712195345
14	5.7498480563741935e-05	5.987274457265767e-05	6.513741694025344e-05	6.27631529313377e-05	5.0995061756711875e-05	3.1794491945480284e-05	0.00010002877498431945	0.0001369805812726445	0.00011912405134819912	0.0001571917617207146	0.0001326501301781221	0.00017560263067680683	0.00019526050438192958	0.00015494034006704275	0.00016786046543034247	0.0001823919934536063
15	6.183409310176197e-05	6.193732197171483e-05	6.895688512850918e-05	6.978271608813205e-05	5.3782241245439045e-05	3.385906934453744e-05	0.00011045489084955811	0.00014401149960513367	0.00012861491365166492	0.0001692808946808938	0.00014666138469682355	0.00018485090513588337	0.00021370543886510624	0.00016316768100228555	0.00018005385954917408	0.00019240209697293494
16	6.255669519143198e-05	6.0285660052469105e-05	6.988594495808491e-05	6.978271608813205e-05	5.274995254591047e-05	3.4788129174113164e-05	0.00011148717954908668	0.00014714656038560198	0.00012890911593103053	0.00017032763542221578	0.00014834195069965607	0.00018175094217119905	0.0002160786705853225	0.00016380769999599327	0.00018223611785997748	0.00019303798681184455
17	6.29696106712434e-05	5.729202282383622e-05	6.823428303883916e-05	6.875042738860346e-05	4.975631531727758e-05	3.509781578397174e-05	0.00013419753093871545	0.00014508611214134292	0.00012977520614993504	0.00016619848062410147	0.0001423319658910007	0.00017593193077195644	0.00020975693458940943	0.0001610019393106746	0.00017532597730533317	0.0001832405347646188
18	6.162763536185625e-05	5.553713203463763e-05	6.307283954119626e-05	6.66858499895463e-05	4.851756887784328e-05	3.71623931830289e-05	0.00014142355183541553	0.0001494155309471658	0.00013687632011399214	0.00016095032487569816	0.00014191595354509065	0.00017077048727431356	0.00019264468481732417	0.0001494330798550578	0.00016676933627494074	0.00017463227929924996
19	6.142117762195055e-05	6.0595346662327674e-05	6.410512824072485e-05	7.742165246464353e-05	5.564036090459049e-05	4.614330486892755e-05	0.00017239221282127295	0.000185180205231033	0.00015274053284834737	0.0001825478690472351	0.0001626133419706387	0.00020075021568602256	0.00019737359934986462	0.0001620930684660763	0.0001574518984729958	0.00016534993931308897
20	7.762811020454924e-05	7.628613489516209e-05	7.494415958577495e-05	8.516381771110789e-05	5.801462491350622e-05	4.810465339803185e-05	0.00017652136761938728	0.0001881934559449569	0.00015196115488020327	0.00018921542175749022	0.0001724159554613621	0.00021382724893165064	0.00022243447210831995	0.00018888715395104012	0.00019517379213116918	0.00020702033724695918
21	7.814425455431354e-05	7.607967715525639e-05	7.515061732568066e-05	8.382184240172074e-05	5.7395251693789076e-05	4.7382051308361844e-05	0.00017032763542221578	0.00018176849107909103	0.00014690397254121275	0.0001863580466371951	0.00016826305802315864	0.00021055386146544552	0.00022260789660984075	0.00018408907607563127	0.00019571058225492403	0.0002105868947038304
22	7.556353280549209e-05	7.246666670690635e-05	7.318926879657635e-05	8.082820517308786e-05	5.440161446515619e-05	4.325289651024753e-05	0.00016103703712645856	0.00017135992412174435	0.00013522981963824405	0.0001774215233653762	0.00015636076931759409	0.00020336087380713034	0.00021678062690100192	0.00017650278642279574	0.00019065339991593353	0.00020542545120618753
23	7.091823365761348e-05	6.761490981912203e-05	6.802782529893346e-05	7.494415958577495e-05	5.0169230797089014e-05	4.025925928161464e-05	0.00014555270663352987	0.00015794017102787282	0.00011871320044578676	0.00015890639325063158	0.00013935897443635836	0.00019200569811231598	0.00020232858510760176	0.0001631016145255157	0.00017755365631891585	0.0001899411207132588
24	6.524064581020629e-05	6.0492117792374815e-05	5.9150142482987656e-05	6.658262111959344e-05	4.5730389389116116e-05	3.654301996331175e-05	0.00013110066484012971	0.00014142355183541553	0.00010942260215002953	0.00013935897443635836	0.0001228423552439011	0.000179618233717973	0.00018168281111703016	0.000147617284032587	0.0001631016145255157	0.00017239221282127295
["SA-TJ",*,*] : 	1	2	3	4	5	6	7	8	9	10	11	12	13	14	15	16 := 
1	6.038888892242196e-05	6.173086423180912e-05	5.5330674294731915e-05	5.4711301075014764e-05	4.23238366806718e-05	3.344615386472601e-05	0.00011251946824861528	0.0001259392213424868	0.00010942260215002953	0.00011768091174625819	0.00011251946824861528	0.00015484330492928706	0.00015277872753022991	0.0001259392213424868	0.0001424558405349441	0.00015690788232834425
2	5.78081671736005e-05	5.698233621397764e-05	5.109829062666473e-05	5.130474836657045e-05	4.0568945891473215e-05	3.231063629524457e-05	0.00010632573605144379	0.000115616334347201	0.00010426115865238663	0.00011148717954908668	0.00010735802475097236	0.00014555270663352987	0.00014348812923447267	0.00011768091174625819	0.00013522981963824405	0.00014658499533305844
3	5.615650525435478e-05	5.440161446515619e-05	4.8724026617749e-05	4.9446628707419005e-05	3.860759736236891e-05	3.117511872576313e-05	0.00010322886995285805	0.00011148717954908668	0.0001006481482040366	0.00010839031345050096	0.0001052934473519152	0.00013935897443635836	0.00013626210833777262	0.00011355175694814385	0.00012903608744107257	0.0001383266857368298
4	5.4504843335109054e-05	5.244026593605189e-05	4.665944921869184e-05	4.831111113793756e-05	3.7678537532793187e-05	3.0968660985857417e-05	0.00010199012351342375	0.00010942260215002953	9.848034193502658e-05	0.0001052934473519152	0.00010209335238337662	0.00013419753093871545	0.00013110066484012971	0.00011148717954908668	0.0001269715100420154	0.00013419753093871545
5	5.367901237548618e-05	5.120151949661759e-05	4.55239316492104e-05	4.7898195658126136e-05	3.674947770321746e-05	3.1071889855810275e-05	0.0001013707502937066	0.00011045489084955811	9.827388419512086e-05	0.0001052934473519152	0.00010322886995285805	0.00013419753093871545	0.00012800379874154398	0.00011251946824861528	0.0001259392213424868	0.00013006837614060114
6	5.336932576562761e-05	4.996277305718329e-05	4.4285185209776105e-05	4.8207882267984704e-05	3.6336562223406034e-05	3.055574550604598e-05	9.424795826695939e-05	0.00011458404564767244	0.00010085460594394231	0.00010942260215002953	0.00010632573605144379	0.00013316524223918688	0.0001218100665443725	0.0001052934473519152	0.00012490693264295824	0.0001228423552439011
7	4.810465339803185e-05	4.3562583120106096e-05	3.9330199452038914e-05	4.6452991478786125e-05	3.2620322905103144e-05	2.8387939237035963e-05	8.402830014162645e-05	0.0001094246667274286	0.00010095783481389518	0.00010839031345050096	0.00010632573605144379	0.00012300339228102754	0.00012077777784484391	0.00010735802475097236	0.00011773768762473225	0.00011458404564767244
8	4.841434000789043e-05	4.490455842949325e-05	4.118831911119036e-05	4.614330486892755e-05	3.4168755954396014e-05	2.75621082774131e-05	9.042849007870365e-05	0.00010869690319426095	0.0001073115717594936	0.00012095946065596095	0.00011694179303739571	0.00013278845686385895	0.00014094663445623335	0.00012357528022056638	0.0001343472128001471	0.00013110066484012971
9	5.3782241245439045e-05	4.851756887784328e-05	4.841434000789043e-05	5.233703706609903e-05	4.160123459100179e-05	2.900731245675311e-05	0.00010219658125332947	0.00011799782437701345	0.00011811963444355783	0.00013169732770845722	0.0001253064283696758	0.00014749340938864357	0.00015885477881565514	0.00013725723464411819	0.0001470422992269496	0.00015277872753022991
10	5.9150142482987656e-05	5.233703706609903e-05	5.4608072205061906e-05	5.78081671736005e-05	4.604007599897469e-05	3.138157646566885e-05	0.00013213295353965829	0.0001275062355883712	0.00012693434764883237	0.00014804774842029045	0.0001400278975136529	0.0001675146487160004	0.00017593193077195644	0.0001494155309471658	0.00015979003237742804	0.00016826305802315864
11	5.9666286832751955e-05	5.491775881492048e-05	5.945982909284623e-05	6.162763536185625e-05	4.8207882267984704e-05	3.2620322905103144e-05	0.0001335162203970266	0.00013190585002576202	0.00013124724983546278	0.000153485845289407	0.0001405481710182153	0.00017969049392694	0.00018668734673234474	0.00015623895925104972	0.0001642928756847717	0.00017794076458123905
12	5.935660022289338e-05	5.8324311523364795e-05	6.34857550210077e-05	6.29696106712434e-05	4.996277305718329e-05	3.385906934453744e-05	0.00012194632865271027	0.00013997628307867648	0.00013129886427043922	0.00016075935146628537	0.00014124083673559896	0.00018582125651344023	0.00019406511406787547	0.0001620930684660763	0.00016872655564924695	0.0001843141150121285
13	5.615650525435478e-05	5.8221082653411944e-05	6.307283954119626e-05	6.15244064919034e-05	4.913694209756043e-05	3.1794491945480284e-05	8.960265911908078e-05	0.00013072800861959992	0.00010343223082666518	0.00013561176645706963	0.00011574640272334163	0.00016507225365291578	0.00016836319002701288	0.00013336034480339779	0.00014496430207479855	0.00017002620712195345
14	5.7498480563741935e-05	5.987274457265767e-05	6.513741694025344e-05	6.27631529313377e-05	5.0995061756711875e-05	3.1794491945480284e-05	0.00010002877498431945	0.0001369805812726445	0.00011912405134819912	0.0001571917617207146	0.0001326501301781221	0.00017560263067680683	0.00019526050438192958	0.00015494034006704275	0.00016786046543034247	0.0001823919934536063
15	6.183409310176197e-05	6.193732197171483e-05	6.895688512850918e-05	6.978271608813205e-05	5.3782241245439045e-05	3.385906934453744e-05	0.00011045489084955811	0.00014401149960513367	0.00012861491365166492	0.0001692808946808938	0.00014666138469682355	0.00018485090513588337	0.00021370543886510624	0.00016316768100228555	0.00018005385954917408	0.00019240209697293494
16	6.255669519143198e-05	6.0285660052469105e-05	6.988594495808491e-05	6.978271608813205e-05	5.274995254591047e-05	3.4788129174113164e-05	0.00011148717954908668	0.00014714656038560198	0.00012890911593103053	0.00017032763542221578	0.00014834195069965607	0.00018175094217119905	0.0002160786705853225	0.00016380769999599327	0.00018223611785997748	0.00019303798681184455
17	6.29696106712434e-05	5.729202282383622e-05	6.823428303883916e-05	6.875042738860346e-05	4.975631531727758e-05	3.509781578397174e-05	0.00013419753093871545	0.00014508611214134292	0.00012977520614993504	0.00016619848062410147	0.0001423319658910007	0.00017593193077195644	0.00020975693458940943	0.0001610019393106746	0.00017532597730533317	0.0001832405347646188
18	6.162763536185625e-05	5.553713203463763e-05	6.307283954119626e-05	6.66858499895463e-05	4.851756887784328e-05	3.71623931830289e-05	0.00014142355183541553	0.0001494155309471658	0.00013687632011399214	0.00016095032487569816	0.00014191595354509065	0.00017077048727431356	0.00019264468481732417	0.0001494330798550578	0.00016676933627494074	0.00017463227929924996
19	6.142117762195055e-05	6.0595346662327674e-05	6.410512824072485e-05	7.742165246464353e-05	5.564036090459049e-05	4.614330486892755e-05	0.00017239221282127295	0.000185180205231033	0.00015274053284834737	0.0001825478690472351	0.0001626133419706387	0.00020075021568602256	0.00019737359934986462	0.0001620930684660763	0.0001574518984729958	0.00016534993931308897
20	7.762811020454924e-05	7.628613489516209e-05	7.494415958577495e-05	8.516381771110789e-05	5.801462491350622e-05	4.810465339803185e-05	0.00017652136761938728	0.0001881934559449569	0.00015196115488020327	0.00018921542175749022	0.0001724159554613621	0.00021382724893165064	0.00022243447210831995	0.00018888715395104012	0.00019517379213116918	0.00020702033724695918
21	7.814425455431354e-05	7.607967715525639e-05	7.515061732568066e-05	8.382184240172074e-05	5.7395251693789076e-05	4.7382051308361844e-05	0.00017032763542221578	0.00018176849107909103	0.00014690397254121275	0.0001863580466371951	0.00016826305802315864	0.00021055386146544552	0.00022260789660984075	0.00018408907607563127	0.00019571058225492403	0.0002105868947038304
22	7.556353280549209e-05	7.246666670690635e-05	7.318926879657635e-05	8.082820517308786e-05	5.440161446515619e-05	4.325289651024753e-05	0.00016103703712645856	0.00017135992412174435	0.00013522981963824405	0.0001774215233653762	0.00015636076931759409	0.00020336087380713034	0.00021678062690100192	0.00017650278642279574	0.00019065339991593353	0.00020542545120618753
23	7.091823365761348e-05	6.761490981912203e-05	6.802782529893346e-05	7.494415958577495e-05	5.0169230797089014e-05	4.025925928161464e-05	0.00014555270663352987	0.00015794017102787282	0.00011871320044578676	0.00015890639325063158	0.00013935897443635836	0.00019200569811231598	0.00020232858510760176	0.0001631016145255157	0.00017755365631891585	0.0001899411207132588
24	6.524064581020629e-05	6.0492117792374815e-05	5.9150142482987656e-05	6.658262111959344e-05	4.5730389389116116e-05	3.654301996331175e-05	0.00013110066484012971	0.00014142355183541553	0.00010942260215002953	0.00013935897443635836	0.0001228423552439011	0.000179618233717973	0.00018168281111703016	0.000147617284032587	0.0001631016145255157	0.00017239221282127295
["SIN",*,*] : 	1	2	3	4	5	6	7	8	9	10	11	12	13	14	15	16 := 
1	9.57488995165308e-05	9.099119022378393e-05	9.188326071617398e-05	9.802863521930536e-05	0.0001030837013428489	9.495594796773965e-05	9.406387747534962e-05	0.0001001101330348821	9.455947219334409e-05	9.892070571169539e-05	9.44603532497452e-05	0.00010704845908680462	0.00010506608021482676	0.00010209251190685996	0.00010506608021482676	0.00011200440626674928
2	9.257709332136621e-05	8.732378931062488e-05	8.920704923900387e-05	9.465859113694299e-05	9.852422993729981e-05	9.148678494177839e-05	9.089207128018504e-05	9.535242374213523e-05	9.178414177257509e-05	9.525330479853635e-05	9.148678494177839e-05	0.00010110132247087103	0.00010110132247087103	9.773127838850866e-05	0.00010110132247087103	0.00010605726965081569
3	9.089207128018504e-05	8.504405360785034e-05	8.752202719782268e-05	9.277533120856401e-05	9.664097000892084e-05	9.029735761859169e-05	8.910793029540496e-05	9.277533120856401e-05	9.00991197313939e-05	9.317180698295957e-05	9.01982386749928e-05	9.88215867680965e-05	9.88215867680965e-05	9.604625634732747e-05	9.911894359889318e-05	0.00010209251190685996
4	9.01982386749928e-05	8.365638839746584e-05	8.653083776183373e-05	9.128854705458061e-05	9.515418585493744e-05	8.960352501339943e-05	8.871145452100938e-05	9.198237965977287e-05	8.920704923900387e-05	9.218061754697065e-05	8.970264395699832e-05	9.783039733210757e-05	9.812775416290424e-05	9.505506691133855e-05	9.783039733210757e-05	0.0001001101330348821
5	9.128854705458061e-05	8.405286417186142e-05	8.772026508502046e-05	9.218061754697065e-05	9.604625634732747e-05	9.158590388537728e-05	8.940528712620164e-05	9.267621226496512e-05	9.059471444938836e-05	9.337004487015736e-05	9.099119022378393e-05	9.822687310650313e-05	9.892070571169539e-05	9.674008895251973e-05	9.911894359889318e-05	0.0001001101330348821
6	9.188326071617398e-05	8.42511020590592e-05	9.198237965977287e-05	9.634361317812417e-05	0.00010110132247087103	9.624449423452528e-05	9.44603532497452e-05	9.416299641894851e-05	9.475771008054188e-05	9.763215944490977e-05	9.525330479853635e-05	9.911894359889318e-05	9.664097000892084e-05	9.386563958815183e-05	9.842511099370092e-05	9.674008895251973e-05
7	9.555066162933302e-05	8.038546325870236e-05	9.485682902414076e-05	9.852422993729981e-05	0.0001030837013428489	9.892070571169539e-05	9.683920789611863e-05	9.148678494177839e-05	9.822687310650313e-05	0.0001001101330348821	9.783039733210757e-05	9.911894359889318e-05	0.00010704845908680462	0.00010605726965081569	0.00010506608021482676	0.00010407489077883784
8	0.00010407489077883784	8.55396483258448e-05	0.0001030837013428489	0.00010803964852279356	0.00011299559570273822	0.00010605726965081569	0.00010407489077883784	9.911894359889318e-05	0.00010506608021482676	0.00010803964852279356	0.00010605726965081569	0.00010879592606245311	0.00011631013317668519	0.0001141424018801774	0.000115522137575074	0.00011431586003147547
9	0.00011265165296845006	9.148678494177839e-05	0.00011200440626674928	0.00011795154288268288	0.0001219163006266386	0.00011327808469199506	0.00011166046353246112	0.00010880187319906905	0.00011399570584365105	0.00011795154288268288	0.00011398678513872715	0.00011846993495770508	0.00012620715969503468	0.0001223623358728336	0.00012772467072153375	0.00012564912004257292
10	0.00011602070586137643	9.505506691133855e-05	0.00011531200541464434	0.00012181024335698779	0.00012488986893460538	0.00011566189528554844	0.00011466079395519963	0.00011480848118116198	0.00011662830498563765	0.0001219163006266386	0.00011674823890739231	0.0001235646486586882	0.00013106101436307247	0.00012640737996110445	0.0001312205958622667	0.00013132268837417357
11	0.00011949383364508165	9.72356836705142e-05	0.00011702279838116125	0.00012447059580318208	0.00012588105837059432	0.00011694152084741014	0.00011674130058134039	0.00011874548562091001	0.00011832224773174274	0.00012488986893460538	0.0001173588115999615	0.00012668491300318134	0.0001342308381793651	0.0001261863447168789	0.0001352319395097139	0.00013500099237112847
12	0.00011905671910381054	9.901982465529428e-05	0.00011604647678671216	0.00012555793061446192	0.00012687224780658326	0.00011608909793245967	0.00011646475872869947	0.00011907555170309432	0.00011752830499351561	0.00012389867949861647	0.00011614658691974702	0.00012754923019136369	0.00013503469281195212	0.00012853546368017267	0.00013227918617990286	0.000134957380035945
13	0.00011641420806746404	9.901982465529428e-05	0.00011324934019835138	0.00012359636672063984	0.00012588105837059432	0.00011252478072064347	0.00011374394372690985	0.0001169375560896662	0.00011403237985278263	0.00011993392175466074	0.0001123701551686292	0.0001251237896414988	0.00013606255625707263	0.00012501178523523205	0.0001307012125978085	0.0001351952655005823
14	0.00011927775434803607	0.0001001101330348821	0.00011596024330578112	0.00012853050773299274	0.00012984581611455006	0.00011510682920139465	0.0001172051772373832	0.00011762048561106258	0.0001166421816377415	0.00012389867949861647	0.00011493535342896856	0.00012608623458384405	0.00014150517745008785	0.0001298606839560899	0.00013432301879691207	0.00014050110255143107
15	0.0001209320495167016	0.00010110132247087103	0.00011894273231867181	0.000130837005550539	0.00012984581611455006	0.00011717246798599557	0.000120179736734786	0.00011815969266424056	0.00011899030941159927	0.00012488986893460538	0.00011655892172511842	0.00012732323899995824	0.00014523898805545815	0.00013135242405725323	0.00013683271044883605	0.00014234075014462653
16	0.00012129284247140156	0.0001001101330348821	0.00011894273231867181	0.000130837005550539	0.00012984581611455006	0.00011650440630613904	0.00011964746800765994	0.00011815374552762463	0.00011816068385367653	0.00012488986893460538	0.00011580066180658689	0.00012646784251669978	0.00014267577217399078	0.0001322514328756952	0.0001332822698891237	0.00014135848141356148
17	0.00011911024333335393	0.0001001101330348821	0.00011696035344669394	0.00012588105837059432	0.00012488986893460538	0.00011503248999369547	0.00011729834904436616	0.00011646277634982751	0.0001170892080733725	0.00012290749006262753	0.00011431883359978345	0.00012461927421858043	0.000137015089305058	0.0001278009923081049	0.00013275396591974157	0.00013772775450953404
18	0.00011638348119494839	0.0001001101330348821	0.00011894273231867181	0.00012786343724257218	0.00012389867949861647	0.00011979911999136624	0.00012293524336683524	0.00011386685121697249	0.00012417423016182139	0.00012488986893460538	0.00011820925213604	0.00012140187330936035	0.00013167257824507766	0.0001248710363353216	0.00012671365749682503	0.00013179845930344825
19	0.00012216806274337977	0.00011145528731921141	0.00013760286464059942	0.00014570484709037297	0.00014273127878240618	0.0001372906399682629	0.0001384671818287818	0.00012826982491132764	0.0001374432831414052	0.00014174008934641724	0.00013535980294695647	0.0001442051774737217	0.0001495169616611864	0.00013876751222788644	0.0001349633271725609	0.0001345609042615494
20	0.00013732830516683048	0.00012163182925850976	0.00013684460472206792	0.0001437224682183951	0.00014174008934641724	0.00013618744612600725	0.00013590099237900644	0.00013632125669986575	0.00013648975890398387	0.00014074889991042832	0.0001348017632944947	0.00014423689553567335	0.00015071134493155306	0.00014214746820460868	0.00014385033165563766	0.00015018006739386298
21	0.0001349375562472252	0.00011908546359745421	0.00013195903199207846	0.00013975771047443938	0.0001377753316024615	0.00013117400995877522	0.00013154372361839909	0.00013325154301660803	0.00013199867956951801	0.00013678414216647256	0.00012984581611455006	0.00014039504528178025	0.00014731156516611103	0.0001385117853534013	0.00014136641092904942	0.00014819570614301315
22	0.00012668590419261734	0.00011200440626674928	0.00012301354733227835	0.00012984581611455006	0.00012885462667856112	0.00012281332706620858	0.00012290749006262753	0.00012687224780658326	0.00012290749006262753	0.00012786343724257218	0.00012092511119064966	0.0001329313888287836	0.00013975771047443938	0.00013094108044131784	0.00013404845932314313	0.0001420235695251101
23	0.00011497797457471607	0.00010209251190685996	0.00011002202739477143	0.00011894273231867181	0.00011894273231867181	0.00011200440626674928	0.00011200440626674928	0.00011596916401070501	0.00011002202739477143	0.00011596916401070501	0.00011101321683076035	0.00012400374557883128	0.00012687224780658326	0.00011993392175466074	0.00012290749006262753	0.000130837005550539
24	0.00010407489077883784	9.42621153625474e-05	0.0001001101330348821	0.00010803964852279356	0.0001090308379587825	0.00010209251190685996	0.0001030837013428489	0.00010605726965081569	0.00010110132247087103	0.00010506608021482676	0.0001001101330348821	0.00011497797457471607	0.00011696035344669394	0.00011200440626674928	0.00011497797457471607	0.00011993392175466074
;
  
 param  heating_time_series  := 
["SA-BN",*,*] : 	1	2	3	4	5	6	7	8	9	10	11	12	13	14	15	16 := 
1	0.0	0.0	0.0	0.0	0.0	0.00017734481995661738	0.0	8.538809122656844e-05	0.0003825643861162498	9.934574653501818e-05	0.0005930797064471296	0.0	0.0	0.0	4.678895325626529e-05	0.0
2	0.0	0.0	0.0	0.0	0.0	0.0001765237402686823	0.0	8.392637355383909e-05	0.00038326377256253186	0.00010345114497469346	0.0005916809335545656	0.0	0.0	0.0	5.091533328932905e-05	0.0
3	0.0	0.0	0.0	0.0	0.0	0.00017570266058074724	0.0	8.32269871075571e-05	0.00038326377256253186	0.00010770551272742684	0.0005916809335545656	0.0	0.0	0.0	5.50417133223928e-05	0.0
4	0.0	0.0	0.0	0.0	0.0	0.0001748815808928122	0.0	8.32269871075571e-05	0.00038396315900881384	0.0001105030585125548	0.0005911493998553913	0.0	0.0	0.0	5.832882961991816e-05	0.0
5	0.0	0.0	0.0	0.0	0.0	0.0001748815808928122	0.0	8.32269871075571e-05	0.00038396315900881384	0.00011330060429768278	0.0005911493998553913	0.0	0.0	0.0	6.077668218190514e-05	0.0
6	0.0	0.0	0.0	0.0	0.0	0.0001748815808928122	0.0	8.392637355383909e-05	0.0003853619319013778	0.00011469937719024676	0.0005903283201674562	0.0	0.0	0.0	6.406379847943051e-05	0.0
7	0.0	0.0	0.0	0.0	0.0	0.00017570266058074724	0.0	8.532514644640307e-05	0.0003853619319013778	0.00011679753652909273	0.0005895072404795211	0.0	0.0	0.0	6.567238730587909e-05	0.0
8	0.0	0.0	0.0	0.0	0.0	0.0001765237402686823	0.0	8.882207867781304e-05	0.0003860613183476598	0.00011679753652909273	0.000588686160791586	0.0	0.0	0.0	6.812023986786605e-05	0.0
9	0.0	0.0	0.0	0.0	0.0	0.00017816589964455242	0.0	9.161962446294101e-05	0.0003860613183476598	0.00011609815008281073	0.000587865081103651	0.0	0.0	0.0	6.979876733894285e-05	0.0
10	0.0	0.0	0.0	0.0	0.0	0.00017980805902042255	0.0	9.581594314063296e-05	0.0003860613183476598	0.00011399999074396476	0.000587044001415716	0.0	0.0	0.0	7.060935623018367e-05	0.0
11	0.0	0.0	0.0	0.0	0.0	0.00018145021839629266	0.0	0.00010001226181832492	0.0003860613183476598	0.00011260121785140079	0.0005854018420398459	0.0	0.0	0.0	7.143043591811874e-05	0.0
12	0.0	0.0	0.0	0.0	0.0	0.00018473453714803293	0.0	0.00010560735338858087	0.0003853619319013778	0.00010910428561999081	0.0005845814617383571	0.0	0.0	0.0	7.22515156060538e-05	0.0
13	0.0	0.0	0.0	0.0	0.0	0.0001871970768253918	0.0	0.0001119018314051188	0.0003853619319013778	0.00010560735338858087	0.000583760382050422	0.0	0.0	0.0	7.22515156060538e-05	0.0
14	0.0	0.0	0.0	0.0	0.0	0.00019048139557713205	0.0	0.00011819630942165672	0.0003853619319013778	0.00010211042115717089	0.0005821182226745519	0.0	0.0	0.0	7.22515156060538e-05	0.0
15	0.0	0.0	0.0	0.0	0.0	0.00019376571432887227	0.0	0.00012449078743819464	0.00038396315900881384	9.721471603319694e-05	0.0005812971429866168	0.0	0.0	0.0	7.143043591811874e-05	0.0
16	0.0	0.0	0.0	0.0	0.0	0.00019705003308061251	0.0	0.00013148465190101458	0.00038396315900881384	9.161962446294101e-05	0.0005796549836107466	0.0	0.0	0.0	7.060935623018367e-05	0.0
17	0.0	0.0	0.0	0.0	0.0	0.00020033365244590646	0.0	0.0001384785163638345	0.00038326377256253186	8.672391933896706e-05	0.0005788339039228117	0.0	0.0	0.0	6.979876733894285e-05	0.0
18	0.0	0.0	0.0	0.0	0.0	0.00020443905088558174	0.0	0.00014617176727293644	0.00038326377256253186	8.112882776871112e-05	0.0005780128242348766	0.0	0.0	0.0	6.812023986786605e-05	0.0
19	0.0	0.0	0.0	0.0	0.0	0.00020772336963732202	0.0	0.00015386501818203833	0.0003825643861162498	7.623312264473718e-05	0.0005763706648590065	0.0	0.0	0.0	6.651165104141747e-05	0.0
20	0.0	0.0	0.0	0.0	0.0	0.00021182876807699733	0.0	0.00016015949619857628	0.0003818649996699679	7.063803107448124e-05	0.0005755495851710714	0.0	0.0	0.0	6.48331235703407e-05	0.0
21	0.0	0.0	0.0	0.0	0.0	0.00021511238744229127	0.0	0.0001671533606613962	0.0003818649996699679	6.48331235703407e-05	0.0005747285054831363	0.0	0.0	0.0	6.238527100835372e-05	0.0
22	0.0	0.0	0.0	0.0	0.0	0.0002183967061940315	0.0	0.0001741472251242161	0.0003811656132236859	5.909815471082836e-05	0.0005739074257952013	0.0	0.0	0.0	5.993741844636675e-05	0.0
23	0.0	0.0	0.0	0.0	0.0	0.00022250210463370677	0.0	0.00017974231669447207	0.00038046622677740386	5.3363185851316023e-05	0.0005730863461072662	0.0	0.0	0.0	5.748956588437978e-05	0.0
24	0.0	0.0	0.0	0.0	0.0	0.00022496534369751195	0.0	0.00018603679471101	0.00038046622677740386	4.762821699180369e-05	0.0005722652664193312	0.0	0.0	0.0	5.420244958685441e-05	0.0
["SA-PA",*,*] : 	1	2	3	4	5	6	7	8	9	10	11	12	13	14	15	16 := 
1	0.0	0.0	0.0	0.0	0.0	0.00017734481995661738	0.0	8.538809122656844e-05	0.0003825643861162498	9.934574653501818e-05	0.0005930797064471296	0.0	0.0	0.0	4.678895325626529e-05	0.0
2	0.0	0.0	0.0	0.0	0.0	0.0001765237402686823	0.0	8.392637355383909e-05	0.00038326377256253186	0.00010345114497469346	0.0005916809335545656	0.0	0.0	0.0	5.091533328932905e-05	0.0
3	0.0	0.0	0.0	0.0	0.0	0.00017570266058074724	0.0	8.32269871075571e-05	0.00038326377256253186	0.00010770551272742684	0.0005916809335545656	0.0	0.0	0.0	5.50417133223928e-05	0.0
4	0.0	0.0	0.0	0.0	0.0	0.0001748815808928122	0.0	8.32269871075571e-05	0.00038396315900881384	0.0001105030585125548	0.0005911493998553913	0.0	0.0	0.0	5.832882961991816e-05	0.0
5	0.0	0.0	0.0	0.0	0.0	0.0001748815808928122	0.0	8.32269871075571e-05	0.00038396315900881384	0.00011330060429768278	0.0005911493998553913	0.0	0.0	0.0	6.077668218190514e-05	0.0
6	0.0	0.0	0.0	0.0	0.0	0.0001748815808928122	0.0	8.392637355383909e-05	0.0003853619319013778	0.00011469937719024676	0.0005903283201674562	0.0	0.0	0.0	6.406379847943051e-05	0.0
7	0.0	0.0	0.0	0.0	0.0	0.00017570266058074724	0.0	8.532514644640307e-05	0.0003853619319013778	0.00011679753652909273	0.0005895072404795211	0.0	0.0	0.0	6.567238730587909e-05	0.0
8	0.0	0.0	0.0	0.0	0.0	0.0001765237402686823	0.0	8.882207867781304e-05	0.0003860613183476598	0.00011679753652909273	0.000588686160791586	0.0	0.0	0.0	6.812023986786605e-05	0.0
9	0.0	0.0	0.0	0.0	0.0	0.00017816589964455242	0.0	9.161962446294101e-05	0.0003860613183476598	0.00011609815008281073	0.000587865081103651	0.0	0.0	0.0	6.979876733894285e-05	0.0
10	0.0	0.0	0.0	0.0	0.0	0.00017980805902042255	0.0	9.581594314063296e-05	0.0003860613183476598	0.00011399999074396476	0.000587044001415716	0.0	0.0	0.0	7.060935623018367e-05	0.0
11	0.0	0.0	0.0	0.0	0.0	0.00018145021839629266	0.0	0.00010001226181832492	0.0003860613183476598	0.00011260121785140079	0.0005854018420398459	0.0	0.0	0.0	7.143043591811874e-05	0.0
12	0.0	0.0	0.0	0.0	0.0	0.00018473453714803293	0.0	0.00010560735338858087	0.0003853619319013778	0.00010910428561999081	0.0005845814617383571	0.0	0.0	0.0	7.22515156060538e-05	0.0
13	0.0	0.0	0.0	0.0	0.0	0.0001871970768253918	0.0	0.0001119018314051188	0.0003853619319013778	0.00010560735338858087	0.000583760382050422	0.0	0.0	0.0	7.22515156060538e-05	0.0
14	0.0	0.0	0.0	0.0	0.0	0.00019048139557713205	0.0	0.00011819630942165672	0.0003853619319013778	0.00010211042115717089	0.0005821182226745519	0.0	0.0	0.0	7.22515156060538e-05	0.0
15	0.0	0.0	0.0	0.0	0.0	0.00019376571432887227	0.0	0.00012449078743819464	0.00038396315900881384	9.721471603319694e-05	0.0005812971429866168	0.0	0.0	0.0	7.143043591811874e-05	0.0
16	0.0	0.0	0.0	0.0	0.0	0.00019705003308061251	0.0	0.00013148465190101458	0.00038396315900881384	9.161962446294101e-05	0.0005796549836107466	0.0	0.0	0.0	7.060935623018367e-05	0.0
17	0.0	0.0	0.0	0.0	0.0	0.00020033365244590646	0.0	0.0001384785163638345	0.00038326377256253186	8.672391933896706e-05	0.0005788339039228117	0.0	0.0	0.0	6.979876733894285e-05	0.0
18	0.0	0.0	0.0	0.0	0.0	0.00020443905088558174	0.0	0.00014617176727293644	0.00038326377256253186	8.112882776871112e-05	0.0005780128242348766	0.0	0.0	0.0	6.812023986786605e-05	0.0
19	0.0	0.0	0.0	0.0	0.0	0.00020772336963732202	0.0	0.00015386501818203833	0.0003825643861162498	7.623312264473718e-05	0.0005763706648590065	0.0	0.0	0.0	6.651165104141747e-05	0.0
20	0.0	0.0	0.0	0.0	0.0	0.00021182876807699733	0.0	0.00016015949619857628	0.0003818649996699679	7.063803107448124e-05	0.0005755495851710714	0.0	0.0	0.0	6.48331235703407e-05	0.0
21	0.0	0.0	0.0	0.0	0.0	0.00021511238744229127	0.0	0.0001671533606613962	0.0003818649996699679	6.48331235703407e-05	0.0005747285054831363	0.0	0.0	0.0	6.238527100835372e-05	0.0
22	0.0	0.0	0.0	0.0	0.0	0.0002183967061940315	0.0	0.0001741472251242161	0.0003811656132236859	5.909815471082836e-05	0.0005739074257952013	0.0	0.0	0.0	5.993741844636675e-05	0.0
23	0.0	0.0	0.0	0.0	0.0	0.00022250210463370677	0.0	0.00017974231669447207	0.00038046622677740386	5.3363185851316023e-05	0.0005730863461072662	0.0	0.0	0.0	5.748956588437978e-05	0.0
24	0.0	0.0	0.0	0.0	0.0	0.00022496534369751195	0.0	0.00018603679471101	0.00038046622677740386	4.762821699180369e-05	0.0005722652664193312	0.0	0.0	0.0	5.420244958685441e-05	0.0
["SA-SC",*,*] : 	1	2	3	4	5	6	7	8	9	10	11	12	13	14	15	16 := 
1	0.0	0.0	0.0	0.0	0.0	0.00017734481995661738	0.0	8.538809122656844e-05	0.0003825643861162498	9.934574653501818e-05	0.0005930797064471296	0.0	0.0	0.0	4.678895325626529e-05	0.0
2	0.0	0.0	0.0	0.0	0.0	0.0001765237402686823	0.0	8.392637355383909e-05	0.00038326377256253186	0.00010345114497469346	0.0005916809335545656	0.0	0.0	0.0	5.091533328932905e-05	0.0
3	0.0	0.0	0.0	0.0	0.0	0.00017570266058074724	0.0	8.32269871075571e-05	0.00038326377256253186	0.00010770551272742684	0.0005916809335545656	0.0	0.0	0.0	5.50417133223928e-05	0.0
4	0.0	0.0	0.0	0.0	0.0	0.0001748815808928122	0.0	8.32269871075571e-05	0.00038396315900881384	0.0001105030585125548	0.0005911493998553913	0.0	0.0	0.0	5.832882961991816e-05	0.0
5	0.0	0.0	0.0	0.0	0.0	0.0001748815808928122	0.0	8.32269871075571e-05	0.00038396315900881384	0.00011330060429768278	0.0005911493998553913	0.0	0.0	0.0	6.077668218190514e-05	0.0
6	0.0	0.0	0.0	0.0	0.0	0.0001748815808928122	0.0	8.392637355383909e-05	0.0003853619319013778	0.00011469937719024676	0.0005903283201674562	0.0	0.0	0.0	6.406379847943051e-05	0.0
7	0.0	0.0	0.0	0.0	0.0	0.00017570266058074724	0.0	8.532514644640307e-05	0.0003853619319013778	0.00011679753652909273	0.0005895072404795211	0.0	0.0	0.0	6.567238730587909e-05	0.0
8	0.0	0.0	0.0	0.0	0.0	0.0001765237402686823	0.0	8.882207867781304e-05	0.0003860613183476598	0.00011679753652909273	0.000588686160791586	0.0	0.0	0.0	6.812023986786605e-05	0.0
9	0.0	0.0	0.0	0.0	0.0	0.00017816589964455242	0.0	9.161962446294101e-05	0.0003860613183476598	0.00011609815008281073	0.000587865081103651	0.0	0.0	0.0	6.979876733894285e-05	0.0
10	0.0	0.0	0.0	0.0	0.0	0.00017980805902042255	0.0	9.581594314063296e-05	0.0003860613183476598	0.00011399999074396476	0.000587044001415716	0.0	0.0	0.0	7.060935623018367e-05	0.0
11	0.0	0.0	0.0	0.0	0.0	0.00018145021839629266	0.0	0.00010001226181832492	0.0003860613183476598	0.00011260121785140079	0.0005854018420398459	0.0	0.0	0.0	7.143043591811874e-05	0.0
12	0.0	0.0	0.0	0.0	0.0	0.00018473453714803293	0.0	0.00010560735338858087	0.0003853619319013778	0.00010910428561999081	0.0005845814617383571	0.0	0.0	0.0	7.22515156060538e-05	0.0
13	0.0	0.0	0.0	0.0	0.0	0.0001871970768253918	0.0	0.0001119018314051188	0.0003853619319013778	0.00010560735338858087	0.000583760382050422	0.0	0.0	0.0	7.22515156060538e-05	0.0
14	0.0	0.0	0.0	0.0	0.0	0.00019048139557713205	0.0	0.00011819630942165672	0.0003853619319013778	0.00010211042115717089	0.0005821182226745519	0.0	0.0	0.0	7.22515156060538e-05	0.0
15	0.0	0.0	0.0	0.0	0.0	0.00019376571432887227	0.0	0.00012449078743819464	0.00038396315900881384	9.721471603319694e-05	0.0005812971429866168	0.0	0.0	0.0	7.143043591811874e-05	0.0
16	0.0	0.0	0.0	0.0	0.0	0.00019705003308061251	0.0	0.00013148465190101458	0.00038396315900881384	9.161962446294101e-05	0.0005796549836107466	0.0	0.0	0.0	7.060935623018367e-05	0.0
17	0.0	0.0	0.0	0.0	0.0	0.00020033365244590646	0.0	0.0001384785163638345	0.00038326377256253186	8.672391933896706e-05	0.0005788339039228117	0.0	0.0	0.0	6.979876733894285e-05	0.0
18	0.0	0.0	0.0	0.0	0.0	0.00020443905088558174	0.0	0.00014617176727293644	0.00038326377256253186	8.112882776871112e-05	0.0005780128242348766	0.0	0.0	0.0	6.812023986786605e-05	0.0
19	0.0	0.0	0.0	0.0	0.0	0.00020772336963732202	0.0	0.00015386501818203833	0.0003825643861162498	7.623312264473718e-05	0.0005763706648590065	0.0	0.0	0.0	6.651165104141747e-05	0.0
20	0.0	0.0	0.0	0.0	0.0	0.00021182876807699733	0.0	0.00016015949619857628	0.0003818649996699679	7.063803107448124e-05	0.0005755495851710714	0.0	0.0	0.0	6.48331235703407e-05	0.0
21	0.0	0.0	0.0	0.0	0.0	0.00021511238744229127	0.0	0.0001671533606613962	0.0003818649996699679	6.48331235703407e-05	0.0005747285054831363	0.0	0.0	0.0	6.238527100835372e-05	0.0
22	0.0	0.0	0.0	0.0	0.0	0.0002183967061940315	0.0	0.0001741472251242161	0.0003811656132236859	5.909815471082836e-05	0.0005739074257952013	0.0	0.0	0.0	5.993741844636675e-05	0.0
23	0.0	0.0	0.0	0.0	0.0	0.00022250210463370677	0.0	0.00017974231669447207	0.00038046622677740386	5.3363185851316023e-05	0.0005730863461072662	0.0	0.0	0.0	5.748956588437978e-05	0.0
24	0.0	0.0	0.0	0.0	0.0	0.00022496534369751195	0.0	0.00018603679471101	0.00038046622677740386	4.762821699180369e-05	0.0005722652664193312	0.0	0.0	0.0	5.420244958685441e-05	0.0
["SA-TJ",*,*] : 	1	2	3	4	5	6	7	8	9	10	11	12	13	14	15	16 := 
1	0.0	0.0	0.0	0.0	0.0	0.00017734481995661738	0.0	8.538809122656844e-05	0.0003825643861162498	9.934574653501818e-05	0.0005930797064471296	0.0	0.0	0.0	4.678895325626529e-05	0.0
2	0.0	0.0	0.0	0.0	0.0	0.0001765237402686823	0.0	8.392637355383909e-05	0.00038326377256253186	0.00010345114497469346	0.0005916809335545656	0.0	0.0	0.0	5.091533328932905e-05	0.0
3	0.0	0.0	0.0	0.0	0.0	0.00017570266058074724	0.0	8.32269871075571e-05	0.00038326377256253186	0.00010770551272742684	0.0005916809335545656	0.0	0.0	0.0	5.50417133223928e-05	0.0
4	0.0	0.0	0.0	0.0	0.0	0.0001748815808928122	0.0	8.32269871075571e-05	0.00038396315900881384	0.0001105030585125548	0.0005911493998553913	0.0	0.0	0.0	5.832882961991816e-05	0.0
5	0.0	0.0	0.0	0.0	0.0	0.0001748815808928122	0.0	8.32269871075571e-05	0.00038396315900881384	0.00011330060429768278	0.0005911493998553913	0.0	0.0	0.0	6.077668218190514e-05	0.0
6	0.0	0.0	0.0	0.0	0.0	0.0001748815808928122	0.0	8.392637355383909e-05	0.0003853619319013778	0.00011469937719024676	0.0005903283201674562	0.0	0.0	0.0	6.406379847943051e-05	0.0
7	0.0	0.0	0.0	0.0	0.0	0.00017570266058074724	0.0	8.532514644640307e-05	0.0003853619319013778	0.00011679753652909273	0.0005895072404795211	0.0	0.0	0.0	6.567238730587909e-05	0.0
8	0.0	0.0	0.0	0.0	0.0	0.0001765237402686823	0.0	8.882207867781304e-05	0.0003860613183476598	0.00011679753652909273	0.000588686160791586	0.0	0.0	0.0	6.812023986786605e-05	0.0
9	0.0	0.0	0.0	0.0	0.0	0.00017816589964455242	0.0	9.161962446294101e-05	0.0003860613183476598	0.00011609815008281073	0.000587865081103651	0.0	0.0	0.0	6.979876733894285e-05	0.0
10	0.0	0.0	0.0	0.0	0.0	0.00017980805902042255	0.0	9.581594314063296e-05	0.0003860613183476598	0.00011399999074396476	0.000587044001415716	0.0	0.0	0.0	7.060935623018367e-05	0.0
11	0.0	0.0	0.0	0.0	0.0	0.00018145021839629266	0.0	0.00010001226181832492	0.0003860613183476598	0.00011260121785140079	0.0005854018420398459	0.0	0.0	0.0	7.143043591811874e-05	0.0
12	0.0	0.0	0.0	0.0	0.0	0.00018473453714803293	0.0	0.00010560735338858087	0.0003853619319013778	0.00010910428561999081	0.0005845814617383571	0.0	0.0	0.0	7.22515156060538e-05	0.0
13	0.0	0.0	0.0	0.0	0.0	0.0001871970768253918	0.0	0.0001119018314051188	0.0003853619319013778	0.00010560735338858087	0.000583760382050422	0.0	0.0	0.0	7.22515156060538e-05	0.0
14	0.0	0.0	0.0	0.0	0.0	0.00019048139557713205	0.0	0.00011819630942165672	0.0003853619319013778	0.00010211042115717089	0.0005821182226745519	0.0	0.0	0.0	7.22515156060538e-05	0.0
15	0.0	0.0	0.0	0.0	0.0	0.00019376571432887227	0.0	0.00012449078743819464	0.00038396315900881384	9.721471603319694e-05	0.0005812971429866168	0.0	0.0	0.0	7.143043591811874e-05	0.0
16	0.0	0.0	0.0	0.0	0.0	0.00019705003308061251	0.0	0.00013148465190101458	0.00038396315900881384	9.161962446294101e-05	0.0005796549836107466	0.0	0.0	0.0	7.060935623018367e-05	0.0
17	0.0	0.0	0.0	0.0	0.0	0.00020033365244590646	0.0	0.0001384785163638345	0.00038326377256253186	8.672391933896706e-05	0.0005788339039228117	0.0	0.0	0.0	6.979876733894285e-05	0.0
18	0.0	0.0	0.0	0.0	0.0	0.00020443905088558174	0.0	0.00014617176727293644	0.00038326377256253186	8.112882776871112e-05	0.0005780128242348766	0.0	0.0	0.0	6.812023986786605e-05	0.0
19	0.0	0.0	0.0	0.0	0.0	0.00020772336963732202	0.0	0.00015386501818203833	0.0003825643861162498	7.623312264473718e-05	0.0005763706648590065	0.0	0.0	0.0	6.651165104141747e-05	0.0
20	0.0	0.0	0.0	0.0	0.0	0.00021182876807699733	0.0	0.00016015949619857628	0.0003818649996699679	7.063803107448124e-05	0.0005755495851710714	0.0	0.0	0.0	6.48331235703407e-05	0.0
21	0.0	0.0	0.0	0.0	0.0	0.00021511238744229127	0.0	0.0001671533606613962	0.0003818649996699679	6.48331235703407e-05	0.0005747285054831363	0.0	0.0	0.0	6.238527100835372e-05	0.0
22	0.0	0.0	0.0	0.0	0.0	0.0002183967061940315	0.0	0.0001741472251242161	0.0003811656132236859	5.909815471082836e-05	0.0005739074257952013	0.0	0.0	0.0	5.993741844636675e-05	0.0
23	0.0	0.0	0.0	0.0	0.0	0.00022250210463370677	0.0	0.00017974231669447207	0.00038046622677740386	5.3363185851316023e-05	0.0005730863461072662	0.0	0.0	0.0	5.748956588437978e-05	0.0
24	0.0	0.0	0.0	0.0	0.0	0.00022496534369751195	0.0	0.00018603679471101	0.00038046622677740386	4.762821699180369e-05	0.0005722652664193312	0.0	0.0	0.0	5.420244958685441e-05	0.0
["SIN",*,*] : 	1	2	3	4	5	6	7	8	9	10	11	12	13	14	15	16 := 
1	0.0	0.0	0.0	0.0	0.0	0.00017734481995661738	0.0	8.538809122656844e-05	0.0003825643861162498	9.934574653501818e-05	0.0005930797064471296	0.0	0.0	0.0	4.678895325626529e-05	0.0
2	0.0	0.0	0.0	0.0	0.0	0.0001765237402686823	0.0	8.392637355383909e-05	0.00038326377256253186	0.00010345114497469346	0.0005916809335545656	0.0	0.0	0.0	5.091533328932905e-05	0.0
3	0.0	0.0	0.0	0.0	0.0	0.00017570266058074724	0.0	8.32269871075571e-05	0.00038326377256253186	0.00010770551272742684	0.0005916809335545656	0.0	0.0	0.0	5.50417133223928e-05	0.0
4	0.0	0.0	0.0	0.0	0.0	0.0001748815808928122	0.0	8.32269871075571e-05	0.00038396315900881384	0.0001105030585125548	0.0005911493998553913	0.0	0.0	0.0	5.832882961991816e-05	0.0
5	0.0	0.0	0.0	0.0	0.0	0.0001748815808928122	0.0	8.32269871075571e-05	0.00038396315900881384	0.00011330060429768278	0.0005911493998553913	0.0	0.0	0.0	6.077668218190514e-05	0.0
6	0.0	0.0	0.0	0.0	0.0	0.0001748815808928122	0.0	8.392637355383909e-05	0.0003853619319013778	0.00011469937719024676	0.0005903283201674562	0.0	0.0	0.0	6.406379847943051e-05	0.0
7	0.0	0.0	0.0	0.0	0.0	0.00017570266058074724	0.0	8.532514644640307e-05	0.0003853619319013778	0.00011679753652909273	0.0005895072404795211	0.0	0.0	0.0	6.567238730587909e-05	0.0
8	0.0	0.0	0.0	0.0	0.0	0.0001765237402686823	0.0	8.882207867781304e-05	0.0003860613183476598	0.00011679753652909273	0.000588686160791586	0.0	0.0	0.0	6.812023986786605e-05	0.0
9	0.0	0.0	0.0	0.0	0.0	0.00017816589964455242	0.0	9.161962446294101e-05	0.0003860613183476598	0.00011609815008281073	0.000587865081103651	0.0	0.0	0.0	6.979876733894285e-05	0.0
10	0.0	0.0	0.0	0.0	0.0	0.00017980805902042255	0.0	9.581594314063296e-05	0.0003860613183476598	0.00011399999074396476	0.000587044001415716	0.0	0.0	0.0	7.060935623018367e-05	0.0
11	0.0	0.0	0.0	0.0	0.0	0.00018145021839629266	0.0	0.00010001226181832492	0.0003860613183476598	0.00011260121785140079	0.0005854018420398459	0.0	0.0	0.0	7.143043591811874e-05	0.0
12	0.0	0.0	0.0	0.0	0.0	0.00018473453714803293	0.0	0.00010560735338858087	0.0003853619319013778	0.00010910428561999081	0.0005845814617383571	0.0	0.0	0.0	7.22515156060538e-05	0.0
13	0.0	0.0	0.0	0.0	0.0	0.0001871970768253918	0.0	0.0001119018314051188	0.0003853619319013778	0.00010560735338858087	0.000583760382050422	0.0	0.0	0.0	7.22515156060538e-05	0.0
14	0.0	0.0	0.0	0.0	0.0	0.00019048139557713205	0.0	0.00011819630942165672	0.0003853619319013778	0.00010211042115717089	0.0005821182226745519	0.0	0.0	0.0	7.22515156060538e-05	0.0
15	0.0	0.0	0.0	0.0	0.0	0.00019376571432887227	0.0	0.00012449078743819464	0.00038396315900881384	9.721471603319694e-05	0.0005812971429866168	0.0	0.0	0.0	7.143043591811874e-05	0.0
16	0.0	0.0	0.0	0.0	0.0	0.00019705003308061251	0.0	0.00013148465190101458	0.00038396315900881384	9.161962446294101e-05	0.0005796549836107466	0.0	0.0	0.0	7.060935623018367e-05	0.0
17	0.0	0.0	0.0	0.0	0.0	0.00020033365244590646	0.0	0.0001384785163638345	0.00038326377256253186	8.672391933896706e-05	0.0005788339039228117	0.0	0.0	0.0	6.979876733894285e-05	0.0
18	0.0	0.0	0.0	0.0	0.0	0.00020443905088558174	0.0	0.00014617176727293644	0.00038326377256253186	8.112882776871112e-05	0.0005780128242348766	0.0	0.0	0.0	6.812023986786605e-05	0.0
19	0.0	0.0	0.0	0.0	0.0	0.00020772336963732202	0.0	0.00015386501818203833	0.0003825643861162498	7.623312264473718e-05	0.0005763706648590065	0.0	0.0	0.0	6.651165104141747e-05	0.0
20	0.0	0.0	0.0	0.0	0.0	0.00021182876807699733	0.0	0.00016015949619857628	0.0003818649996699679	7.063803107448124e-05	0.0005755495851710714	0.0	0.0	0.0	6.48331235703407e-05	0.0
21	0.0	0.0	0.0	0.0	0.0	0.00021511238744229127	0.0	0.0001671533606613962	0.0003818649996699679	6.48331235703407e-05	0.0005747285054831363	0.0	0.0	0.0	6.238527100835372e-05	0.0
22	0.0	0.0	0.0	0.0	0.0	0.0002183967061940315	0.0	0.0001741472251242161	0.0003811656132236859	5.909815471082836e-05	0.0005739074257952013	0.0	0.0	0.0	5.993741844636675e-05	0.0
23	0.0	0.0	0.0	0.0	0.0	0.00022250210463370677	0.0	0.00017974231669447207	0.00038046622677740386	5.3363185851316023e-05	0.0005730863461072662	0.0	0.0	0.0	5.748956588437978e-05	0.0
24	0.0	0.0	0.0	0.0	0.0	0.00022496534369751195	0.0	0.00018603679471101	0.00038046622677740386	4.762821699180369e-05	0.0005722652664193312	0.0	0.0	0.0	5.420244958685441e-05	0.0
;
  
 param  cooling_time_series  := 
["SA-BN",*,*] : 	1	2	3	4	5	6	7	8	9	10	11	12	13	14	15	16 := 
1	0.0001342262172864928	0.000159575313630905	0.00014752367038393832	0.00010804560163150156	0.00015458815658795058	0.0	0.0	0.00013630354644755062	0.0	0.00011552535778567343	0.0	0.00022149363025611717	0.0001807687722429418	9.265221057806184e-05	0.00010014959611691029	0.00019614453391170495
2	0.0001329794280257542	0.0001591590642704856	0.00014669313048361912	0.00010846087158166117	0.0001554196758985296	0.0	0.0	0.00013671881639771023	0.0	0.00011718839640683145	0.0	0.00022149363025611717	0.00018533967992547684	9.470897212366365e-05	0.0001013963853776489	0.00019572926396154534
3	0.00013173263876501556	0.0001583285243701664	0.00014627688112319972	0.00010846087158166117	0.0001562502157988488	0.0	0.0	0.00013755033570828925	0.0	0.00011885045561772968	0.0	0.00022149363025611717	0.0001894953176578523	9.725543879917063e-05	0.00010264317463838752	0.00019531301460112594
4	0.00013048584950427696	0.00015791325442000682	0.00014544634122288052	0.00010887712094208058	0.00015666646515926822	0.0	0.0	0.00013796560565844883	0.0	0.00012051251482862788	0.0	0.00022107836030595758	0.00019365095539022772	9.931905621659109e-05	0.00010388996389912613	0.00019489774465096632
5	0.00012965433019369795	0.0001570817351094278	0.0001450300918624611	0.00010929239089224018	0.0001574970050595874	0.0	0.0	0.00013838185501886826	0.0	0.00012217457403952608	0.0	0.00022107836030595758	0.00019780659312260317	0.0001013963853776489	0.00010513675315986475	0.00019448247470080674
6	0.00012882379029337875	0.0001562502157988488	0.0001441995519621419	0.00011012293079255938	0.0001583285243701664	0.0	0.0	0.00013921239491918743	0.0	0.00012425288261084372	0.0	0.00022107836030595758	0.00020154696090481902	0.00010347469394896653	0.00010638354242060335	0.00019406622534038734
7	0.00012799227098279976	0.0001554196758985296	0.0001437833026017225	0.00011053918015297879	0.0001591590642704856	0.0	0.0	0.00013962864427960686	0.0	0.00012591494182174193	0.0	0.00022107836030595758	0.00020528634927677504	0.00010555202311002433	0.00010763033168134196	0.00019323568544006814
8	0.00012757700103264015	0.00015458815658795058	0.00014336803265156288	0.00011136972005329799	0.000159575313630905	0.0	0.0	0.00013962864427960686	0.0	0.00012757700103264015	0.0	0.00022149363025611717	0.00020861144710883128	0.00010804560163150156	0.00010887712094208058	0.0001928194360796487
9	0.00012716173108248054	0.00015375761668763138	0.00014336803265156288	0.000112201239363877	0.00016040585353122423	0.0	0.0	0.00014004391422976645	0.0	0.00012965433019369795	0.0	0.00022190890020627678	0.00021193556553062768	0.00011012293079255938	0.00011012293079255938	0.00019198889617932954
10	0.00012716173108248054	0.00015251082742689275	0.00014295276270140326	0.00011303275867445602	0.00016123737284180325	0.0	0.0	0.00014045918417992604	0.0	0.000131317368814856	0.0	0.00022190890020627678	0.00021525968395242414	0.000112201239363877	0.0001117859694137174	0.00019115737686875052
11	0.00012716173108248054	0.00015167930811631376	0.00014295276270140326	0.00011427856852493482	0.00016206889215238226	0.0	8.315193105790117e-07	0.00014045918417992604	0.0	0.0001329794280257542	0.0	0.0002227404195168558	0.00021816951183432077	0.00011427856852493482	0.00011303275867445602	0.0001903268369684313
12	0.00012716173108248054	0.00015043251885557513	0.00014295276270140326	0.00011511008783551382	0.00016289943205270146	0.0	5.406344634153291e-06	0.00014087445413008565	0.0	0.00013505675718681202	0.0	0.00022315568946701538	0.00022107836030595758	0.00011635687709625243	0.00011469481788535423	0.0001894953176578523
13	0.00012757700103264015	0.00014918572959483653	0.00014295276270140326	0.00011635687709625243	0.00016331470200286108	0.0	9.989984650065865e-06	0.00014087445413008565	0.0	0.00013671881639771023	0.0	0.0002239872087775944	0.000223570959417175	0.00011843420625731025	0.00011635687709625243	0.0001886637983472733
14	0.00012799227098279976	0.0001479389403340979	0.00014295276270140326	0.00011718839640683145	0.00016414622131344006	0.0	1.4593212871174646e-05	0.00014129070349050505	0.0	0.00013838185501886826	0.0	0.000224402478727754	0.00022606453793865222	0.00012051251482862788	0.00011760366635699105	0.00018783325844695407
15	0.00012840852034321916	0.00014710840043377873	0.00014336803265156288	0.00011843420625731025	0.00016497774062401908	0.0	1.909850006630239e-05	0.00014129070349050505	0.0	0.00014004391422976645	0.0	0.00022523399803833302	0.00022814284650996984	0.0001225898439896857	0.00011926572556788926	0.00018658646918621547
16	0.00012882379029337875	0.00014544634122288052	0.0001437833026017225	0.00011968099551804886	0.0001653930105741787	0.0	2.3309964183487015e-05	0.00014129070349050505	0.0	0.00014170597344066466	0.0	0.00022606453793865222	0.00023063544562118725	0.0001246681525610033	0.00012092778477878749	0.00018575494987563645
17	0.00012965433019369795	0.0001441995519621419	0.0001441995519621419	0.00012092778477878749	0.00016622355047449786	0.0	2.7423487274690607e-05	0.00014129070349050505	0.0	0.00014295276270140326	0.0	0.00022731132719939085	0.00023229848424234528	0.00012674548172206113	0.0001225898439896857	0.00018492440997531725
18	0.00013048584950427696	0.00014295276270140326	0.0001446148219123015	0.0001225898439896857	0.0001666397998349173	0.0	3.15370103658942e-05	0.00014087445413008565	0.0	0.00014495271845193608	0.0	0.00022814284650996984	0.0002339605434532435	0.00012882379029337875	0.00012425288261084372	0.00018367762071457865
19	0.000131317368814856	0.00014129070349050505	0.0001450300918624611	0.0001238366332504243	0.00016705506978507688	0.0	3.535671037915468e-05	0.00014087445413008565	0.0	0.00014593212871174643	0.0	0.00022897338641028904	0.0002356226026641417	0.00013090111945443655	0.00012591494182174193	0.00018284610140399964
20	0.0001325631786653348	0.00014004391422976645	0.0001458616111730401	0.00012508342251116292	0.0001674703397352365	0.0	3.947023347035827e-05	0.00014087445413008565	0.0	0.00014691153897155681	0.0	0.00023022017567102764	0.00023728466187503992	0.0001325631786653348	0.00012757700103264015	0.00018159931214326103
21	0.00013339469797591378	0.00013838185501886826	0.00014669313048361912	0.00012633021177190152	0.0001678865890956559	0.0	4.319199245763771e-05	0.00014045918417992604	0.0	0.00014789094923136722	0.0	0.00023105169498160665	0.00023853145113577852	0.0001346414872366524	0.00012923906024353836	0.0001807687722429418
22	0.0001346414872366524	0.00013713506575812963	0.00014752367038393832	0.00012757700103264015	0.0001683018590458155	0.0	4.6521987340993e-05	0.00014045918417992604	0.0	0.0001488703594911776	0.0	0.00023229848424234528	0.00023936297044635754	0.00013671881639771023	0.000131317368814856	0.0001795219829822032
23	0.00013547300654723142	0.00013547300654723142	0.00014835518969451734	0.00012923906024353836	0.0001687171289959751	0.0	5.024374632827244e-05	0.00014004391422976645	0.0	0.00014984976975098796	0.0	0.00023312902414266448	0.00024060975970709614	0.00013879712496902785	0.0001329794280257542	0.0001786904636716242
24	0.00013671881639771023	0.0001338099679260734	0.00014918572959483653	0.00013048584950427696	0.0001687171289959751	0.0	5.357374121162772e-05	0.00013962864427960686	0.0	0.00015082918001079834	0.0	0.0002339605434532435	0.00024144029960741537	0.00014087445413008565	0.0001346414872366524	0.0001774436744108856
["SA-PA",*,*] : 	1	2	3	4	5	6	7	8	9	10	11	12	13	14	15	16 := 
1	0.0001342262172864928	0.000159575313630905	0.00014752367038393832	0.00010804560163150156	0.00015458815658795058	0.0	0.0	0.00013630354644755062	0.0	0.00011552535778567343	0.0	0.00022149363025611717	0.0001807687722429418	9.265221057806184e-05	0.00010014959611691029	0.00019614453391170495
2	0.0001329794280257542	0.0001591590642704856	0.00014669313048361912	0.00010846087158166117	0.0001554196758985296	0.0	0.0	0.00013671881639771023	0.0	0.00011718839640683145	0.0	0.00022149363025611717	0.00018533967992547684	9.470897212366365e-05	0.0001013963853776489	0.00019572926396154534
3	0.00013173263876501556	0.0001583285243701664	0.00014627688112319972	0.00010846087158166117	0.0001562502157988488	0.0	0.0	0.00013755033570828925	0.0	0.00011885045561772968	0.0	0.00022149363025611717	0.0001894953176578523	9.725543879917063e-05	0.00010264317463838752	0.00019531301460112594
4	0.00013048584950427696	0.00015791325442000682	0.00014544634122288052	0.00010887712094208058	0.00015666646515926822	0.0	0.0	0.00013796560565844883	0.0	0.00012051251482862788	0.0	0.00022107836030595758	0.00019365095539022772	9.931905621659109e-05	0.00010388996389912613	0.00019489774465096632
5	0.00012965433019369795	0.0001570817351094278	0.0001450300918624611	0.00010929239089224018	0.0001574970050595874	0.0	0.0	0.00013838185501886826	0.0	0.00012217457403952608	0.0	0.00022107836030595758	0.00019780659312260317	0.0001013963853776489	0.00010513675315986475	0.00019448247470080674
6	0.00012882379029337875	0.0001562502157988488	0.0001441995519621419	0.00011012293079255938	0.0001583285243701664	0.0	0.0	0.00013921239491918743	0.0	0.00012425288261084372	0.0	0.00022107836030595758	0.00020154696090481902	0.00010347469394896653	0.00010638354242060335	0.00019406622534038734
7	0.00012799227098279976	0.0001554196758985296	0.0001437833026017225	0.00011053918015297879	0.0001591590642704856	0.0	0.0	0.00013962864427960686	0.0	0.00012591494182174193	0.0	0.00022107836030595758	0.00020528634927677504	0.00010555202311002433	0.00010763033168134196	0.00019323568544006814
8	0.00012757700103264015	0.00015458815658795058	0.00014336803265156288	0.00011136972005329799	0.000159575313630905	0.0	0.0	0.00013962864427960686	0.0	0.00012757700103264015	0.0	0.00022149363025611717	0.00020861144710883128	0.00010804560163150156	0.00010887712094208058	0.0001928194360796487
9	0.00012716173108248054	0.00015375761668763138	0.00014336803265156288	0.000112201239363877	0.00016040585353122423	0.0	0.0	0.00014004391422976645	0.0	0.00012965433019369795	0.0	0.00022190890020627678	0.00021193556553062768	0.00011012293079255938	0.00011012293079255938	0.00019198889617932954
10	0.00012716173108248054	0.00015251082742689275	0.00014295276270140326	0.00011303275867445602	0.00016123737284180325	0.0	0.0	0.00014045918417992604	0.0	0.000131317368814856	0.0	0.00022190890020627678	0.00021525968395242414	0.000112201239363877	0.0001117859694137174	0.00019115737686875052
11	0.00012716173108248054	0.00015167930811631376	0.00014295276270140326	0.00011427856852493482	0.00016206889215238226	0.0	8.315193105790117e-07	0.00014045918417992604	0.0	0.0001329794280257542	0.0	0.0002227404195168558	0.00021816951183432077	0.00011427856852493482	0.00011303275867445602	0.0001903268369684313
12	0.00012716173108248054	0.00015043251885557513	0.00014295276270140326	0.00011511008783551382	0.00016289943205270146	0.0	5.406344634153291e-06	0.00014087445413008565	0.0	0.00013505675718681202	0.0	0.00022315568946701538	0.00022107836030595758	0.00011635687709625243	0.00011469481788535423	0.0001894953176578523
13	0.00012757700103264015	0.00014918572959483653	0.00014295276270140326	0.00011635687709625243	0.00016331470200286108	0.0	9.989984650065865e-06	0.00014087445413008565	0.0	0.00013671881639771023	0.0	0.0002239872087775944	0.000223570959417175	0.00011843420625731025	0.00011635687709625243	0.0001886637983472733
14	0.00012799227098279976	0.0001479389403340979	0.00014295276270140326	0.00011718839640683145	0.00016414622131344006	0.0	1.4593212871174646e-05	0.00014129070349050505	0.0	0.00013838185501886826	0.0	0.000224402478727754	0.00022606453793865222	0.00012051251482862788	0.00011760366635699105	0.00018783325844695407
15	0.00012840852034321916	0.00014710840043377873	0.00014336803265156288	0.00011843420625731025	0.00016497774062401908	0.0	1.909850006630239e-05	0.00014129070349050505	0.0	0.00014004391422976645	0.0	0.00022523399803833302	0.00022814284650996984	0.0001225898439896857	0.00011926572556788926	0.00018658646918621547
16	0.00012882379029337875	0.00014544634122288052	0.0001437833026017225	0.00011968099551804886	0.0001653930105741787	0.0	2.3309964183487015e-05	0.00014129070349050505	0.0	0.00014170597344066466	0.0	0.00022606453793865222	0.00023063544562118725	0.0001246681525610033	0.00012092778477878749	0.00018575494987563645
17	0.00012965433019369795	0.0001441995519621419	0.0001441995519621419	0.00012092778477878749	0.00016622355047449786	0.0	2.7423487274690607e-05	0.00014129070349050505	0.0	0.00014295276270140326	0.0	0.00022731132719939085	0.00023229848424234528	0.00012674548172206113	0.0001225898439896857	0.00018492440997531725
18	0.00013048584950427696	0.00014295276270140326	0.0001446148219123015	0.0001225898439896857	0.0001666397998349173	0.0	3.15370103658942e-05	0.00014087445413008565	0.0	0.00014495271845193608	0.0	0.00022814284650996984	0.0002339605434532435	0.00012882379029337875	0.00012425288261084372	0.00018367762071457865
19	0.000131317368814856	0.00014129070349050505	0.0001450300918624611	0.0001238366332504243	0.00016705506978507688	0.0	3.535671037915468e-05	0.00014087445413008565	0.0	0.00014593212871174643	0.0	0.00022897338641028904	0.0002356226026641417	0.00013090111945443655	0.00012591494182174193	0.00018284610140399964
20	0.0001325631786653348	0.00014004391422976645	0.0001458616111730401	0.00012508342251116292	0.0001674703397352365	0.0	3.947023347035827e-05	0.00014087445413008565	0.0	0.00014691153897155681	0.0	0.00023022017567102764	0.00023728466187503992	0.0001325631786653348	0.00012757700103264015	0.00018159931214326103
21	0.00013339469797591378	0.00013838185501886826	0.00014669313048361912	0.00012633021177190152	0.0001678865890956559	0.0	4.319199245763771e-05	0.00014045918417992604	0.0	0.00014789094923136722	0.0	0.00023105169498160665	0.00023853145113577852	0.0001346414872366524	0.00012923906024353836	0.0001807687722429418
22	0.0001346414872366524	0.00013713506575812963	0.00014752367038393832	0.00012757700103264015	0.0001683018590458155	0.0	4.6521987340993e-05	0.00014045918417992604	0.0	0.0001488703594911776	0.0	0.00023229848424234528	0.00023936297044635754	0.00013671881639771023	0.000131317368814856	0.0001795219829822032
23	0.00013547300654723142	0.00013547300654723142	0.00014835518969451734	0.00012923906024353836	0.0001687171289959751	0.0	5.024374632827244e-05	0.00014004391422976645	0.0	0.00014984976975098796	0.0	0.00023312902414266448	0.00024060975970709614	0.00013879712496902785	0.0001329794280257542	0.0001786904636716242
24	0.00013671881639771023	0.0001338099679260734	0.00014918572959483653	0.00013048584950427696	0.0001687171289959751	0.0	5.357374121162772e-05	0.00013962864427960686	0.0	0.00015082918001079834	0.0	0.0002339605434532435	0.00024144029960741537	0.00014087445413008565	0.0001346414872366524	0.0001774436744108856
["SA-SC",*,*] : 	1	2	3	4	5	6	7	8	9	10	11	12	13	14	15	16 := 
1	0.0001342262172864928	0.000159575313630905	0.00014752367038393832	0.00010804560163150156	0.00015458815658795058	0.0	0.0	0.00013630354644755062	0.0	0.00011552535778567343	0.0	0.00022149363025611717	0.0001807687722429418	9.265221057806184e-05	0.00010014959611691029	0.00019614453391170495
2	0.0001329794280257542	0.0001591590642704856	0.00014669313048361912	0.00010846087158166117	0.0001554196758985296	0.0	0.0	0.00013671881639771023	0.0	0.00011718839640683145	0.0	0.00022149363025611717	0.00018533967992547684	9.470897212366365e-05	0.0001013963853776489	0.00019572926396154534
3	0.00013173263876501556	0.0001583285243701664	0.00014627688112319972	0.00010846087158166117	0.0001562502157988488	0.0	0.0	0.00013755033570828925	0.0	0.00011885045561772968	0.0	0.00022149363025611717	0.0001894953176578523	9.725543879917063e-05	0.00010264317463838752	0.00019531301460112594
4	0.00013048584950427696	0.00015791325442000682	0.00014544634122288052	0.00010887712094208058	0.00015666646515926822	0.0	0.0	0.00013796560565844883	0.0	0.00012051251482862788	0.0	0.00022107836030595758	0.00019365095539022772	9.931905621659109e-05	0.00010388996389912613	0.00019489774465096632
5	0.00012965433019369795	0.0001570817351094278	0.0001450300918624611	0.00010929239089224018	0.0001574970050595874	0.0	0.0	0.00013838185501886826	0.0	0.00012217457403952608	0.0	0.00022107836030595758	0.00019780659312260317	0.0001013963853776489	0.00010513675315986475	0.00019448247470080674
6	0.00012882379029337875	0.0001562502157988488	0.0001441995519621419	0.00011012293079255938	0.0001583285243701664	0.0	0.0	0.00013921239491918743	0.0	0.00012425288261084372	0.0	0.00022107836030595758	0.00020154696090481902	0.00010347469394896653	0.00010638354242060335	0.00019406622534038734
7	0.00012799227098279976	0.0001554196758985296	0.0001437833026017225	0.00011053918015297879	0.0001591590642704856	0.0	0.0	0.00013962864427960686	0.0	0.00012591494182174193	0.0	0.00022107836030595758	0.00020528634927677504	0.00010555202311002433	0.00010763033168134196	0.00019323568544006814
8	0.00012757700103264015	0.00015458815658795058	0.00014336803265156288	0.00011136972005329799	0.000159575313630905	0.0	0.0	0.00013962864427960686	0.0	0.00012757700103264015	0.0	0.00022149363025611717	0.00020861144710883128	0.00010804560163150156	0.00010887712094208058	0.0001928194360796487
9	0.00012716173108248054	0.00015375761668763138	0.00014336803265156288	0.000112201239363877	0.00016040585353122423	0.0	0.0	0.00014004391422976645	0.0	0.00012965433019369795	0.0	0.00022190890020627678	0.00021193556553062768	0.00011012293079255938	0.00011012293079255938	0.00019198889617932954
10	0.00012716173108248054	0.00015251082742689275	0.00014295276270140326	0.00011303275867445602	0.00016123737284180325	0.0	0.0	0.00014045918417992604	0.0	0.000131317368814856	0.0	0.00022190890020627678	0.00021525968395242414	0.000112201239363877	0.0001117859694137174	0.00019115737686875052
11	0.00012716173108248054	0.00015167930811631376	0.00014295276270140326	0.00011427856852493482	0.00016206889215238226	0.0	8.315193105790117e-07	0.00014045918417992604	0.0	0.0001329794280257542	0.0	0.0002227404195168558	0.00021816951183432077	0.00011427856852493482	0.00011303275867445602	0.0001903268369684313
12	0.00012716173108248054	0.00015043251885557513	0.00014295276270140326	0.00011511008783551382	0.00016289943205270146	0.0	5.406344634153291e-06	0.00014087445413008565	0.0	0.00013505675718681202	0.0	0.00022315568946701538	0.00022107836030595758	0.00011635687709625243	0.00011469481788535423	0.0001894953176578523
13	0.00012757700103264015	0.00014918572959483653	0.00014295276270140326	0.00011635687709625243	0.00016331470200286108	0.0	9.989984650065865e-06	0.00014087445413008565	0.0	0.00013671881639771023	0.0	0.0002239872087775944	0.000223570959417175	0.00011843420625731025	0.00011635687709625243	0.0001886637983472733
14	0.00012799227098279976	0.0001479389403340979	0.00014295276270140326	0.00011718839640683145	0.00016414622131344006	0.0	1.4593212871174646e-05	0.00014129070349050505	0.0	0.00013838185501886826	0.0	0.000224402478727754	0.00022606453793865222	0.00012051251482862788	0.00011760366635699105	0.00018783325844695407
15	0.00012840852034321916	0.00014710840043377873	0.00014336803265156288	0.00011843420625731025	0.00016497774062401908	0.0	1.909850006630239e-05	0.00014129070349050505	0.0	0.00014004391422976645	0.0	0.00022523399803833302	0.00022814284650996984	0.0001225898439896857	0.00011926572556788926	0.00018658646918621547
16	0.00012882379029337875	0.00014544634122288052	0.0001437833026017225	0.00011968099551804886	0.0001653930105741787	0.0	2.3309964183487015e-05	0.00014129070349050505	0.0	0.00014170597344066466	0.0	0.00022606453793865222	0.00023063544562118725	0.0001246681525610033	0.00012092778477878749	0.00018575494987563645
17	0.00012965433019369795	0.0001441995519621419	0.0001441995519621419	0.00012092778477878749	0.00016622355047449786	0.0	2.7423487274690607e-05	0.00014129070349050505	0.0	0.00014295276270140326	0.0	0.00022731132719939085	0.00023229848424234528	0.00012674548172206113	0.0001225898439896857	0.00018492440997531725
18	0.00013048584950427696	0.00014295276270140326	0.0001446148219123015	0.0001225898439896857	0.0001666397998349173	0.0	3.15370103658942e-05	0.00014087445413008565	0.0	0.00014495271845193608	0.0	0.00022814284650996984	0.0002339605434532435	0.00012882379029337875	0.00012425288261084372	0.00018367762071457865
19	0.000131317368814856	0.00014129070349050505	0.0001450300918624611	0.0001238366332504243	0.00016705506978507688	0.0	3.535671037915468e-05	0.00014087445413008565	0.0	0.00014593212871174643	0.0	0.00022897338641028904	0.0002356226026641417	0.00013090111945443655	0.00012591494182174193	0.00018284610140399964
20	0.0001325631786653348	0.00014004391422976645	0.0001458616111730401	0.00012508342251116292	0.0001674703397352365	0.0	3.947023347035827e-05	0.00014087445413008565	0.0	0.00014691153897155681	0.0	0.00023022017567102764	0.00023728466187503992	0.0001325631786653348	0.00012757700103264015	0.00018159931214326103
21	0.00013339469797591378	0.00013838185501886826	0.00014669313048361912	0.00012633021177190152	0.0001678865890956559	0.0	4.319199245763771e-05	0.00014045918417992604	0.0	0.00014789094923136722	0.0	0.00023105169498160665	0.00023853145113577852	0.0001346414872366524	0.00012923906024353836	0.0001807687722429418
22	0.0001346414872366524	0.00013713506575812963	0.00014752367038393832	0.00012757700103264015	0.0001683018590458155	0.0	4.6521987340993e-05	0.00014045918417992604	0.0	0.0001488703594911776	0.0	0.00023229848424234528	0.00023936297044635754	0.00013671881639771023	0.000131317368814856	0.0001795219829822032
23	0.00013547300654723142	0.00013547300654723142	0.00014835518969451734	0.00012923906024353836	0.0001687171289959751	0.0	5.024374632827244e-05	0.00014004391422976645	0.0	0.00014984976975098796	0.0	0.00023312902414266448	0.00024060975970709614	0.00013879712496902785	0.0001329794280257542	0.0001786904636716242
24	0.00013671881639771023	0.0001338099679260734	0.00014918572959483653	0.00013048584950427696	0.0001687171289959751	0.0	5.357374121162772e-05	0.00013962864427960686	0.0	0.00015082918001079834	0.0	0.0002339605434532435	0.00024144029960741537	0.00014087445413008565	0.0001346414872366524	0.0001774436744108856
["SA-TJ",*,*] : 	1	2	3	4	5	6	7	8	9	10	11	12	13	14	15	16 := 
1	0.0001342262172864928	0.000159575313630905	0.00014752367038393832	0.00010804560163150156	0.00015458815658795058	0.0	0.0	0.00013630354644755062	0.0	0.00011552535778567343	0.0	0.00022149363025611717	0.0001807687722429418	9.265221057806184e-05	0.00010014959611691029	0.00019614453391170495
2	0.0001329794280257542	0.0001591590642704856	0.00014669313048361912	0.00010846087158166117	0.0001554196758985296	0.0	0.0	0.00013671881639771023	0.0	0.00011718839640683145	0.0	0.00022149363025611717	0.00018533967992547684	9.470897212366365e-05	0.0001013963853776489	0.00019572926396154534
3	0.00013173263876501556	0.0001583285243701664	0.00014627688112319972	0.00010846087158166117	0.0001562502157988488	0.0	0.0	0.00013755033570828925	0.0	0.00011885045561772968	0.0	0.00022149363025611717	0.0001894953176578523	9.725543879917063e-05	0.00010264317463838752	0.00019531301460112594
4	0.00013048584950427696	0.00015791325442000682	0.00014544634122288052	0.00010887712094208058	0.00015666646515926822	0.0	0.0	0.00013796560565844883	0.0	0.00012051251482862788	0.0	0.00022107836030595758	0.00019365095539022772	9.931905621659109e-05	0.00010388996389912613	0.00019489774465096632
5	0.00012965433019369795	0.0001570817351094278	0.0001450300918624611	0.00010929239089224018	0.0001574970050595874	0.0	0.0	0.00013838185501886826	0.0	0.00012217457403952608	0.0	0.00022107836030595758	0.00019780659312260317	0.0001013963853776489	0.00010513675315986475	0.00019448247470080674
6	0.00012882379029337875	0.0001562502157988488	0.0001441995519621419	0.00011012293079255938	0.0001583285243701664	0.0	0.0	0.00013921239491918743	0.0	0.00012425288261084372	0.0	0.00022107836030595758	0.00020154696090481902	0.00010347469394896653	0.00010638354242060335	0.00019406622534038734
7	0.00012799227098279976	0.0001554196758985296	0.0001437833026017225	0.00011053918015297879	0.0001591590642704856	0.0	0.0	0.00013962864427960686	0.0	0.00012591494182174193	0.0	0.00022107836030595758	0.00020528634927677504	0.00010555202311002433	0.00010763033168134196	0.00019323568544006814
8	0.00012757700103264015	0.00015458815658795058	0.00014336803265156288	0.00011136972005329799	0.000159575313630905	0.0	0.0	0.00013962864427960686	0.0	0.00012757700103264015	0.0	0.00022149363025611717	0.00020861144710883128	0.00010804560163150156	0.00010887712094208058	0.0001928194360796487
9	0.00012716173108248054	0.00015375761668763138	0.00014336803265156288	0.000112201239363877	0.00016040585353122423	0.0	0.0	0.00014004391422976645	0.0	0.00012965433019369795	0.0	0.00022190890020627678	0.00021193556553062768	0.00011012293079255938	0.00011012293079255938	0.00019198889617932954
10	0.00012716173108248054	0.00015251082742689275	0.00014295276270140326	0.00011303275867445602	0.00016123737284180325	0.0	0.0	0.00014045918417992604	0.0	0.000131317368814856	0.0	0.00022190890020627678	0.00021525968395242414	0.000112201239363877	0.0001117859694137174	0.00019115737686875052
11	0.00012716173108248054	0.00015167930811631376	0.00014295276270140326	0.00011427856852493482	0.00016206889215238226	0.0	8.315193105790117e-07	0.00014045918417992604	0.0	0.0001329794280257542	0.0	0.0002227404195168558	0.00021816951183432077	0.00011427856852493482	0.00011303275867445602	0.0001903268369684313
12	0.00012716173108248054	0.00015043251885557513	0.00014295276270140326	0.00011511008783551382	0.00016289943205270146	0.0	5.406344634153291e-06	0.00014087445413008565	0.0	0.00013505675718681202	0.0	0.00022315568946701538	0.00022107836030595758	0.00011635687709625243	0.00011469481788535423	0.0001894953176578523
13	0.00012757700103264015	0.00014918572959483653	0.00014295276270140326	0.00011635687709625243	0.00016331470200286108	0.0	9.989984650065865e-06	0.00014087445413008565	0.0	0.00013671881639771023	0.0	0.0002239872087775944	0.000223570959417175	0.00011843420625731025	0.00011635687709625243	0.0001886637983472733
14	0.00012799227098279976	0.0001479389403340979	0.00014295276270140326	0.00011718839640683145	0.00016414622131344006	0.0	1.4593212871174646e-05	0.00014129070349050505	0.0	0.00013838185501886826	0.0	0.000224402478727754	0.00022606453793865222	0.00012051251482862788	0.00011760366635699105	0.00018783325844695407
15	0.00012840852034321916	0.00014710840043377873	0.00014336803265156288	0.00011843420625731025	0.00016497774062401908	0.0	1.909850006630239e-05	0.00014129070349050505	0.0	0.00014004391422976645	0.0	0.00022523399803833302	0.00022814284650996984	0.0001225898439896857	0.00011926572556788926	0.00018658646918621547
16	0.00012882379029337875	0.00014544634122288052	0.0001437833026017225	0.00011968099551804886	0.0001653930105741787	0.0	2.3309964183487015e-05	0.00014129070349050505	0.0	0.00014170597344066466	0.0	0.00022606453793865222	0.00023063544562118725	0.0001246681525610033	0.00012092778477878749	0.00018575494987563645
17	0.00012965433019369795	0.0001441995519621419	0.0001441995519621419	0.00012092778477878749	0.00016622355047449786	0.0	2.7423487274690607e-05	0.00014129070349050505	0.0	0.00014295276270140326	0.0	0.00022731132719939085	0.00023229848424234528	0.00012674548172206113	0.0001225898439896857	0.00018492440997531725
18	0.00013048584950427696	0.00014295276270140326	0.0001446148219123015	0.0001225898439896857	0.0001666397998349173	0.0	3.15370103658942e-05	0.00014087445413008565	0.0	0.00014495271845193608	0.0	0.00022814284650996984	0.0002339605434532435	0.00012882379029337875	0.00012425288261084372	0.00018367762071457865
19	0.000131317368814856	0.00014129070349050505	0.0001450300918624611	0.0001238366332504243	0.00016705506978507688	0.0	3.535671037915468e-05	0.00014087445413008565	0.0	0.00014593212871174643	0.0	0.00022897338641028904	0.0002356226026641417	0.00013090111945443655	0.00012591494182174193	0.00018284610140399964
20	0.0001325631786653348	0.00014004391422976645	0.0001458616111730401	0.00012508342251116292	0.0001674703397352365	0.0	3.947023347035827e-05	0.00014087445413008565	0.0	0.00014691153897155681	0.0	0.00023022017567102764	0.00023728466187503992	0.0001325631786653348	0.00012757700103264015	0.00018159931214326103
21	0.00013339469797591378	0.00013838185501886826	0.00014669313048361912	0.00012633021177190152	0.0001678865890956559	0.0	4.319199245763771e-05	0.00014045918417992604	0.0	0.00014789094923136722	0.0	0.00023105169498160665	0.00023853145113577852	0.0001346414872366524	0.00012923906024353836	0.0001807687722429418
22	0.0001346414872366524	0.00013713506575812963	0.00014752367038393832	0.00012757700103264015	0.0001683018590458155	0.0	4.6521987340993e-05	0.00014045918417992604	0.0	0.0001488703594911776	0.0	0.00023229848424234528	0.00023936297044635754	0.00013671881639771023	0.000131317368814856	0.0001795219829822032
23	0.00013547300654723142	0.00013547300654723142	0.00014835518969451734	0.00012923906024353836	0.0001687171289959751	0.0	5.024374632827244e-05	0.00014004391422976645	0.0	0.00014984976975098796	0.0	0.00023312902414266448	0.00024060975970709614	0.00013879712496902785	0.0001329794280257542	0.0001786904636716242
24	0.00013671881639771023	0.0001338099679260734	0.00014918572959483653	0.00013048584950427696	0.0001687171289959751	0.0	5.357374121162772e-05	0.00013962864427960686	0.0	0.00015082918001079834	0.0	0.0002339605434532435	0.00024144029960741537	0.00014087445413008565	0.0001346414872366524	0.0001774436744108856
["SIN",*,*] : 	1	2	3	4	5	6	7	8	9	10	11	12	13	14	15	16 := 
1	0.0001342262172864928	0.000159575313630905	0.00014752367038393832	0.00010804560163150156	0.00015458815658795058	0.0	0.0	0.00013630354644755062	0.0	0.00011552535778567343	0.0	0.00022149363025611717	0.0001807687722429418	9.265221057806184e-05	0.00010014959611691029	0.00019614453391170495
2	0.0001329794280257542	0.0001591590642704856	0.00014669313048361912	0.00010846087158166117	0.0001554196758985296	0.0	0.0	0.00013671881639771023	0.0	0.00011718839640683145	0.0	0.00022149363025611717	0.00018533967992547684	9.470897212366365e-05	0.0001013963853776489	0.00019572926396154534
3	0.00013173263876501556	0.0001583285243701664	0.00014627688112319972	0.00010846087158166117	0.0001562502157988488	0.0	0.0	0.00013755033570828925	0.0	0.00011885045561772968	0.0	0.00022149363025611717	0.0001894953176578523	9.725543879917063e-05	0.00010264317463838752	0.00019531301460112594
4	0.00013048584950427696	0.00015791325442000682	0.00014544634122288052	0.00010887712094208058	0.00015666646515926822	0.0	0.0	0.00013796560565844883	0.0	0.00012051251482862788	0.0	0.00022107836030595758	0.00019365095539022772	9.931905621659109e-05	0.00010388996389912613	0.00019489774465096632
5	0.00012965433019369795	0.0001570817351094278	0.0001450300918624611	0.00010929239089224018	0.0001574970050595874	0.0	0.0	0.00013838185501886826	0.0	0.00012217457403952608	0.0	0.00022107836030595758	0.00019780659312260317	0.0001013963853776489	0.00010513675315986475	0.00019448247470080674
6	0.00012882379029337875	0.0001562502157988488	0.0001441995519621419	0.00011012293079255938	0.0001583285243701664	0.0	0.0	0.00013921239491918743	0.0	0.00012425288261084372	0.0	0.00022107836030595758	0.00020154696090481902	0.00010347469394896653	0.00010638354242060335	0.00019406622534038734
7	0.00012799227098279976	0.0001554196758985296	0.0001437833026017225	0.00011053918015297879	0.0001591590642704856	0.0	0.0	0.00013962864427960686	0.0	0.00012591494182174193	0.0	0.00022107836030595758	0.00020528634927677504	0.00010555202311002433	0.00010763033168134196	0.00019323568544006814
8	0.00012757700103264015	0.00015458815658795058	0.00014336803265156288	0.00011136972005329799	0.000159575313630905	0.0	0.0	0.00013962864427960686	0.0	0.00012757700103264015	0.0	0.00022149363025611717	0.00020861144710883128	0.00010804560163150156	0.00010887712094208058	0.0001928194360796487
9	0.00012716173108248054	0.00015375761668763138	0.00014336803265156288	0.000112201239363877	0.00016040585353122423	0.0	0.0	0.00014004391422976645	0.0	0.00012965433019369795	0.0	0.00022190890020627678	0.00021193556553062768	0.00011012293079255938	0.00011012293079255938	0.00019198889617932954
10	0.00012716173108248054	0.00015251082742689275	0.00014295276270140326	0.00011303275867445602	0.00016123737284180325	0.0	0.0	0.00014045918417992604	0.0	0.000131317368814856	0.0	0.00022190890020627678	0.00021525968395242414	0.000112201239363877	0.0001117859694137174	0.00019115737686875052
11	0.00012716173108248054	0.00015167930811631376	0.00014295276270140326	0.00011427856852493482	0.00016206889215238226	0.0	8.315193105790117e-07	0.00014045918417992604	0.0	0.0001329794280257542	0.0	0.0002227404195168558	0.00021816951183432077	0.00011427856852493482	0.00011303275867445602	0.0001903268369684313
12	0.00012716173108248054	0.00015043251885557513	0.00014295276270140326	0.00011511008783551382	0.00016289943205270146	0.0	5.406344634153291e-06	0.00014087445413008565	0.0	0.00013505675718681202	0.0	0.00022315568946701538	0.00022107836030595758	0.00011635687709625243	0.00011469481788535423	0.0001894953176578523
13	0.00012757700103264015	0.00014918572959483653	0.00014295276270140326	0.00011635687709625243	0.00016331470200286108	0.0	9.989984650065865e-06	0.00014087445413008565	0.0	0.00013671881639771023	0.0	0.0002239872087775944	0.000223570959417175	0.00011843420625731025	0.00011635687709625243	0.0001886637983472733
14	0.00012799227098279976	0.0001479389403340979	0.00014295276270140326	0.00011718839640683145	0.00016414622131344006	0.0	1.4593212871174646e-05	0.00014129070349050505	0.0	0.00013838185501886826	0.0	0.000224402478727754	0.00022606453793865222	0.00012051251482862788	0.00011760366635699105	0.00018783325844695407
15	0.00012840852034321916	0.00014710840043377873	0.00014336803265156288	0.00011843420625731025	0.00016497774062401908	0.0	1.909850006630239e-05	0.00014129070349050505	0.0	0.00014004391422976645	0.0	0.00022523399803833302	0.00022814284650996984	0.0001225898439896857	0.00011926572556788926	0.00018658646918621547
16	0.00012882379029337875	0.00014544634122288052	0.0001437833026017225	0.00011968099551804886	0.0001653930105741787	0.0	2.3309964183487015e-05	0.00014129070349050505	0.0	0.00014170597344066466	0.0	0.00022606453793865222	0.00023063544562118725	0.0001246681525610033	0.00012092778477878749	0.00018575494987563645
17	0.00012965433019369795	0.0001441995519621419	0.0001441995519621419	0.00012092778477878749	0.00016622355047449786	0.0	2.7423487274690607e-05	0.00014129070349050505	0.0	0.00014295276270140326	0.0	0.00022731132719939085	0.00023229848424234528	0.00012674548172206113	0.0001225898439896857	0.00018492440997531725
18	0.00013048584950427696	0.00014295276270140326	0.0001446148219123015	0.0001225898439896857	0.0001666397998349173	0.0	3.15370103658942e-05	0.00014087445413008565	0.0	0.00014495271845193608	0.0	0.00022814284650996984	0.0002339605434532435	0.00012882379029337875	0.00012425288261084372	0.00018367762071457865
19	0.000131317368814856	0.00014129070349050505	0.0001450300918624611	0.0001238366332504243	0.00016705506978507688	0.0	3.535671037915468e-05	0.00014087445413008565	0.0	0.00014593212871174643	0.0	0.00022897338641028904	0.0002356226026641417	0.00013090111945443655	0.00012591494182174193	0.00018284610140399964
20	0.0001325631786653348	0.00014004391422976645	0.0001458616111730401	0.00012508342251116292	0.0001674703397352365	0.0	3.947023347035827e-05	0.00014087445413008565	0.0	0.00014691153897155681	0.0	0.00023022017567102764	0.00023728466187503992	0.0001325631786653348	0.00012757700103264015	0.00018159931214326103
21	0.00013339469797591378	0.00013838185501886826	0.00014669313048361912	0.00012633021177190152	0.0001678865890956559	0.0	4.319199245763771e-05	0.00014045918417992604	0.0	0.00014789094923136722	0.0	0.00023105169498160665	0.00023853145113577852	0.0001346414872366524	0.00012923906024353836	0.0001807687722429418
22	0.0001346414872366524	0.00013713506575812963	0.00014752367038393832	0.00012757700103264015	0.0001683018590458155	0.0	4.6521987340993e-05	0.00014045918417992604	0.0	0.0001488703594911776	0.0	0.00023229848424234528	0.00023936297044635754	0.00013671881639771023	0.000131317368814856	0.0001795219829822032
23	0.00013547300654723142	0.00013547300654723142	0.00014835518969451734	0.00012923906024353836	0.0001687171289959751	0.0	5.024374632827244e-05	0.00014004391422976645	0.0	0.00014984976975098796	0.0	0.00023312902414266448	0.00024060975970709614	0.00013879712496902785	0.0001329794280257542	0.0001786904636716242
24	0.00013671881639771023	0.0001338099679260734	0.00014918572959483653	0.00013048584950427696	0.0001687171289959751	0.0	5.357374121162772e-05	0.00013962864427960686	0.0	0.00015082918001079834	0.0	0.0002339605434532435	0.00024144029960741537	0.00014087445413008565	0.0001346414872366524	0.0001774436744108856
;
  
 param  mob_pass_time_series  := 
["SA-BN",*,*] : 	1	2	3	4	5	6	7	8	9	10	11	12	13	14	15	16 := 
1	6.770000000000002e-06	6.770000000000002e-06	6.770000000000002e-06	6.770000000000002e-06	6.770000000000002e-06	6.770000000000002e-06	6.770000000000002e-06	6.770000000000002e-06	6.770000000000002e-06	6.770000000000002e-06	6.770000000000002e-06	6.770000000000002e-06	6.770000000000002e-06	6.770000000000002e-06	6.770000000000002e-06	6.770000000000002e-06
2	3.750000000000001e-06	3.750000000000001e-06	3.750000000000001e-06	3.750000000000001e-06	3.750000000000001e-06	3.750000000000001e-06	3.750000000000001e-06	3.750000000000001e-06	3.750000000000001e-06	3.750000000000001e-06	3.750000000000001e-06	3.750000000000001e-06	3.750000000000001e-06	3.750000000000001e-06	3.750000000000001e-06	3.750000000000001e-06
3	2.3800000000000005e-06	2.3800000000000005e-06	2.3800000000000005e-06	2.3800000000000005e-06	2.3800000000000005e-06	2.3800000000000005e-06	2.3800000000000005e-06	2.3800000000000005e-06	2.3800000000000005e-06	2.3800000000000005e-06	2.3800000000000005e-06	2.3800000000000005e-06	2.3800000000000005e-06	2.3800000000000005e-06	2.3800000000000005e-06	2.3800000000000005e-06
4	8.300000000000002e-06	8.300000000000002e-06	8.300000000000002e-06	8.300000000000002e-06	8.300000000000002e-06	8.300000000000002e-06	8.300000000000002e-06	8.300000000000002e-06	8.300000000000002e-06	8.300000000000002e-06	8.300000000000002e-06	8.300000000000002e-06	8.300000000000002e-06	8.300000000000002e-06	8.300000000000002e-06	8.300000000000002e-06
5	2.4900000000000006e-05	2.4900000000000006e-05	2.4900000000000006e-05	2.4900000000000006e-05	2.4900000000000006e-05	2.4900000000000006e-05	2.4900000000000006e-05	2.4900000000000006e-05	2.4900000000000006e-05	2.4900000000000006e-05	2.4900000000000006e-05	2.4900000000000006e-05	2.4900000000000006e-05	2.4900000000000006e-05	2.4900000000000006e-05	2.4900000000000006e-05
6	6.930000000000002e-05	6.930000000000002e-05	6.930000000000002e-05	6.930000000000002e-05	6.930000000000002e-05	6.930000000000002e-05	6.930000000000002e-05	6.930000000000002e-05	6.930000000000002e-05	6.930000000000002e-05	6.930000000000002e-05	6.930000000000002e-05	6.930000000000002e-05	6.930000000000002e-05	6.930000000000002e-05	6.930000000000002e-05
7	0.00014300000000000003	0.00014300000000000003	0.00014300000000000003	0.00014300000000000003	0.00014300000000000003	0.00014300000000000003	0.00014300000000000003	0.00014300000000000003	0.00014300000000000003	0.00014300000000000003	0.00014300000000000003	0.00014300000000000003	0.00014300000000000003	0.00014300000000000003	0.00014300000000000003	0.00014300000000000003
8	0.00019000000000000006	0.00019000000000000006	0.00019000000000000006	0.00019000000000000006	0.00019000000000000006	0.00019000000000000006	0.00019000000000000006	0.00019000000000000006	0.00019000000000000006	0.00019000000000000006	0.00019000000000000006	0.00019000000000000006	0.00019000000000000006	0.00019000000000000006	0.00019000000000000006	0.00019000000000000006
9	0.00016800000000000002	0.00016800000000000002	0.00016800000000000002	0.00016800000000000002	0.00016800000000000002	0.00016800000000000002	0.00016800000000000002	0.00016800000000000002	0.00016800000000000002	0.00016800000000000002	0.00016800000000000002	0.00016800000000000002	0.00016800000000000002	0.00016800000000000002	0.00016800000000000002	0.00016800000000000002
10	0.00016500000000000003	0.00016500000000000003	0.00016500000000000003	0.00016500000000000003	0.00016500000000000003	0.00016500000000000003	0.00016500000000000003	0.00016500000000000003	0.00016500000000000003	0.00016500000000000003	0.00016500000000000003	0.00016500000000000003	0.00016500000000000003	0.00016500000000000003	0.00016500000000000003	0.00016500000000000003
11	0.00017900000000000001	0.00017900000000000001	0.00017900000000000001	0.00017900000000000001	0.00017900000000000001	0.00017900000000000001	0.00017900000000000001	0.00017900000000000001	0.00017900000000000001	0.00017900000000000001	0.00017900000000000001	0.00017900000000000001	0.00017900000000000001	0.00017900000000000001	0.00017900000000000001	0.00017900000000000001
12	0.00019600000000000005	0.00019600000000000005	0.00019600000000000005	0.00019600000000000005	0.00019600000000000005	0.00019600000000000005	0.00019600000000000005	0.00019600000000000005	0.00019600000000000005	0.00019600000000000005	0.00019600000000000005	0.00019600000000000005	0.00019600000000000005	0.00019600000000000005	0.00019600000000000005	0.00019600000000000005
13	0.00019500000000000005	0.00019500000000000005	0.00019500000000000005	0.00019500000000000005	0.00019500000000000005	0.00019500000000000005	0.00019500000000000005	0.00019500000000000005	0.00019500000000000005	0.00019500000000000005	0.00019500000000000005	0.00019500000000000005	0.00019500000000000005	0.00019500000000000005	0.00019500000000000005	0.00019500000000000005
14	0.00018500000000000005	0.00018500000000000005	0.00018500000000000005	0.00018500000000000005	0.00018500000000000005	0.00018500000000000005	0.00018500000000000005	0.00018500000000000005	0.00018500000000000005	0.00018500000000000005	0.00018500000000000005	0.00018500000000000005	0.00018500000000000005	0.00018500000000000005	0.00018500000000000005	0.00018500000000000005
15	0.00019900000000000007	0.00019900000000000007	0.00019900000000000007	0.00019900000000000007	0.00019900000000000007	0.00019900000000000007	0.00019900000000000007	0.00019900000000000007	0.00019900000000000007	0.00019900000000000007	0.00019900000000000007	0.00019900000000000007	0.00019900000000000007	0.00019900000000000007	0.00019900000000000007	0.00019900000000000007
16	0.00021600000000000005	0.00021600000000000005	0.00021600000000000005	0.00021600000000000005	0.00021600000000000005	0.00021600000000000005	0.00021600000000000005	0.00021600000000000005	0.00021600000000000005	0.00021600000000000005	0.00021600000000000005	0.00021600000000000005	0.00021600000000000005	0.00021600000000000005	0.00021600000000000005	0.00021600000000000005
17	0.00022400000000000005	0.00022400000000000005	0.00022400000000000005	0.00022400000000000005	0.00022400000000000005	0.00022400000000000005	0.00022400000000000005	0.00022400000000000005	0.00022400000000000005	0.00022400000000000005	0.00022400000000000005	0.00022400000000000005	0.00022400000000000005	0.00022400000000000005	0.00022400000000000005	0.00022400000000000005
18	0.00019800000000000004	0.00019800000000000004	0.00019800000000000004	0.00019800000000000004	0.00019800000000000004	0.00019800000000000004	0.00019800000000000004	0.00019800000000000004	0.00019800000000000004	0.00019800000000000004	0.00019800000000000004	0.00019800000000000004	0.00019800000000000004	0.00019800000000000004	0.00019800000000000004	0.00019800000000000004
19	0.00013700000000000002	0.00013700000000000002	0.00013700000000000002	0.00013700000000000002	0.00013700000000000002	0.00013700000000000002	0.00013700000000000002	0.00013700000000000002	0.00013700000000000002	0.00013700000000000002	0.00013700000000000002	0.00013700000000000002	0.00013700000000000002	0.00013700000000000002	0.00013700000000000002	0.00013700000000000002
20	9.070000000000001e-05	9.070000000000001e-05	9.070000000000001e-05	9.070000000000001e-05	9.070000000000001e-05	9.070000000000001e-05	9.070000000000001e-05	9.070000000000001e-05	9.070000000000001e-05	9.070000000000001e-05	9.070000000000001e-05	9.070000000000001e-05	9.070000000000001e-05	9.070000000000001e-05	9.070000000000001e-05	9.070000000000001e-05
21	6.330000000000001e-05	6.330000000000001e-05	6.330000000000001e-05	6.330000000000001e-05	6.330000000000001e-05	6.330000000000001e-05	6.330000000000001e-05	6.330000000000001e-05	6.330000000000001e-05	6.330000000000001e-05	6.330000000000001e-05	6.330000000000001e-05	6.330000000000001e-05	6.330000000000001e-05	6.330000000000001e-05	6.330000000000001e-05
22	4.110000000000001e-05	4.110000000000001e-05	4.110000000000001e-05	4.110000000000001e-05	4.110000000000001e-05	4.110000000000001e-05	4.110000000000001e-05	4.110000000000001e-05	4.110000000000001e-05	4.110000000000001e-05	4.110000000000001e-05	4.110000000000001e-05	4.110000000000001e-05	4.110000000000001e-05	4.110000000000001e-05	4.110000000000001e-05
23	2.460000000000001e-05	2.460000000000001e-05	2.460000000000001e-05	2.460000000000001e-05	2.460000000000001e-05	2.460000000000001e-05	2.460000000000001e-05	2.460000000000001e-05	2.460000000000001e-05	2.460000000000001e-05	2.460000000000001e-05	2.460000000000001e-05	2.460000000000001e-05	2.460000000000001e-05	2.460000000000001e-05	2.460000000000001e-05
24	8.080000000000002e-06	8.080000000000002e-06	8.080000000000002e-06	8.080000000000002e-06	8.080000000000002e-06	8.080000000000002e-06	8.080000000000002e-06	8.080000000000002e-06	8.080000000000002e-06	8.080000000000002e-06	8.080000000000002e-06	8.080000000000002e-06	8.080000000000002e-06	8.080000000000002e-06	8.080000000000002e-06	8.080000000000002e-06
["SA-PA",*,*] : 	1	2	3	4	5	6	7	8	9	10	11	12	13	14	15	16 := 
1	6.770000000000002e-06	6.770000000000002e-06	6.770000000000002e-06	6.770000000000002e-06	6.770000000000002e-06	6.770000000000002e-06	6.770000000000002e-06	6.770000000000002e-06	6.770000000000002e-06	6.770000000000002e-06	6.770000000000002e-06	6.770000000000002e-06	6.770000000000002e-06	6.770000000000002e-06	6.770000000000002e-06	6.770000000000002e-06
2	3.750000000000001e-06	3.750000000000001e-06	3.750000000000001e-06	3.750000000000001e-06	3.750000000000001e-06	3.750000000000001e-06	3.750000000000001e-06	3.750000000000001e-06	3.750000000000001e-06	3.750000000000001e-06	3.750000000000001e-06	3.750000000000001e-06	3.750000000000001e-06	3.750000000000001e-06	3.750000000000001e-06	3.750000000000001e-06
3	2.3800000000000005e-06	2.3800000000000005e-06	2.3800000000000005e-06	2.3800000000000005e-06	2.3800000000000005e-06	2.3800000000000005e-06	2.3800000000000005e-06	2.3800000000000005e-06	2.3800000000000005e-06	2.3800000000000005e-06	2.3800000000000005e-06	2.3800000000000005e-06	2.3800000000000005e-06	2.3800000000000005e-06	2.3800000000000005e-06	2.3800000000000005e-06
4	8.300000000000002e-06	8.300000000000002e-06	8.300000000000002e-06	8.300000000000002e-06	8.300000000000002e-06	8.300000000000002e-06	8.300000000000002e-06	8.300000000000002e-06	8.300000000000002e-06	8.300000000000002e-06	8.300000000000002e-06	8.300000000000002e-06	8.300000000000002e-06	8.300000000000002e-06	8.300000000000002e-06	8.300000000000002e-06
5	2.4900000000000006e-05	2.4900000000000006e-05	2.4900000000000006e-05	2.4900000000000006e-05	2.4900000000000006e-05	2.4900000000000006e-05	2.4900000000000006e-05	2.4900000000000006e-05	2.4900000000000006e-05	2.4900000000000006e-05	2.4900000000000006e-05	2.4900000000000006e-05	2.4900000000000006e-05	2.4900000000000006e-05	2.4900000000000006e-05	2.4900000000000006e-05
6	6.930000000000002e-05	6.930000000000002e-05	6.930000000000002e-05	6.930000000000002e-05	6.930000000000002e-05	6.930000000000002e-05	6.930000000000002e-05	6.930000000000002e-05	6.930000000000002e-05	6.930000000000002e-05	6.930000000000002e-05	6.930000000000002e-05	6.930000000000002e-05	6.930000000000002e-05	6.930000000000002e-05	6.930000000000002e-05
7	0.00014300000000000003	0.00014300000000000003	0.00014300000000000003	0.00014300000000000003	0.00014300000000000003	0.00014300000000000003	0.00014300000000000003	0.00014300000000000003	0.00014300000000000003	0.00014300000000000003	0.00014300000000000003	0.00014300000000000003	0.00014300000000000003	0.00014300000000000003	0.00014300000000000003	0.00014300000000000003
8	0.00019000000000000006	0.00019000000000000006	0.00019000000000000006	0.00019000000000000006	0.00019000000000000006	0.00019000000000000006	0.00019000000000000006	0.00019000000000000006	0.00019000000000000006	0.00019000000000000006	0.00019000000000000006	0.00019000000000000006	0.00019000000000000006	0.00019000000000000006	0.00019000000000000006	0.00019000000000000006
9	0.00016800000000000002	0.00016800000000000002	0.00016800000000000002	0.00016800000000000002	0.00016800000000000002	0.00016800000000000002	0.00016800000000000002	0.00016800000000000002	0.00016800000000000002	0.00016800000000000002	0.00016800000000000002	0.00016800000000000002	0.00016800000000000002	0.00016800000000000002	0.00016800000000000002	0.00016800000000000002
10	0.00016500000000000003	0.00016500000000000003	0.00016500000000000003	0.00016500000000000003	0.00016500000000000003	0.00016500000000000003	0.00016500000000000003	0.00016500000000000003	0.00016500000000000003	0.00016500000000000003	0.00016500000000000003	0.00016500000000000003	0.00016500000000000003	0.00016500000000000003	0.00016500000000000003	0.00016500000000000003
11	0.00017900000000000001	0.00017900000000000001	0.00017900000000000001	0.00017900000000000001	0.00017900000000000001	0.00017900000000000001	0.00017900000000000001	0.00017900000000000001	0.00017900000000000001	0.00017900000000000001	0.00017900000000000001	0.00017900000000000001	0.00017900000000000001	0.00017900000000000001	0.00017900000000000001	0.00017900000000000001
12	0.00019600000000000005	0.00019600000000000005	0.00019600000000000005	0.00019600000000000005	0.00019600000000000005	0.00019600000000000005	0.00019600000000000005	0.00019600000000000005	0.00019600000000000005	0.00019600000000000005	0.00019600000000000005	0.00019600000000000005	0.00019600000000000005	0.00019600000000000005	0.00019600000000000005	0.00019600000000000005
13	0.00019500000000000005	0.00019500000000000005	0.00019500000000000005	0.00019500000000000005	0.00019500000000000005	0.00019500000000000005	0.00019500000000000005	0.00019500000000000005	0.00019500000000000005	0.00019500000000000005	0.00019500000000000005	0.00019500000000000005	0.00019500000000000005	0.00019500000000000005	0.00019500000000000005	0.00019500000000000005
14	0.00018500000000000005	0.00018500000000000005	0.00018500000000000005	0.00018500000000000005	0.00018500000000000005	0.00018500000000000005	0.00018500000000000005	0.00018500000000000005	0.00018500000000000005	0.00018500000000000005	0.00018500000000000005	0.00018500000000000005	0.00018500000000000005	0.00018500000000000005	0.00018500000000000005	0.00018500000000000005
15	0.00019900000000000007	0.00019900000000000007	0.00019900000000000007	0.00019900000000000007	0.00019900000000000007	0.00019900000000000007	0.00019900000000000007	0.00019900000000000007	0.00019900000000000007	0.00019900000000000007	0.00019900000000000007	0.00019900000000000007	0.00019900000000000007	0.00019900000000000007	0.00019900000000000007	0.00019900000000000007
16	0.00021600000000000005	0.00021600000000000005	0.00021600000000000005	0.00021600000000000005	0.00021600000000000005	0.00021600000000000005	0.00021600000000000005	0.00021600000000000005	0.00021600000000000005	0.00021600000000000005	0.00021600000000000005	0.00021600000000000005	0.00021600000000000005	0.00021600000000000005	0.00021600000000000005	0.00021600000000000005
17	0.00022400000000000005	0.00022400000000000005	0.00022400000000000005	0.00022400000000000005	0.00022400000000000005	0.00022400000000000005	0.00022400000000000005	0.00022400000000000005	0.00022400000000000005	0.00022400000000000005	0.00022400000000000005	0.00022400000000000005	0.00022400000000000005	0.00022400000000000005	0.00022400000000000005	0.00022400000000000005
18	0.00019800000000000004	0.00019800000000000004	0.00019800000000000004	0.00019800000000000004	0.00019800000000000004	0.00019800000000000004	0.00019800000000000004	0.00019800000000000004	0.00019800000000000004	0.00019800000000000004	0.00019800000000000004	0.00019800000000000004	0.00019800000000000004	0.00019800000000000004	0.00019800000000000004	0.00019800000000000004
19	0.00013700000000000002	0.00013700000000000002	0.00013700000000000002	0.00013700000000000002	0.00013700000000000002	0.00013700000000000002	0.00013700000000000002	0.00013700000000000002	0.00013700000000000002	0.00013700000000000002	0.00013700000000000002	0.00013700000000000002	0.00013700000000000002	0.00013700000000000002	0.00013700000000000002	0.00013700000000000002
20	9.070000000000001e-05	9.070000000000001e-05	9.070000000000001e-05	9.070000000000001e-05	9.070000000000001e-05	9.070000000000001e-05	9.070000000000001e-05	9.070000000000001e-05	9.070000000000001e-05	9.070000000000001e-05	9.070000000000001e-05	9.070000000000001e-05	9.070000000000001e-05	9.070000000000001e-05	9.070000000000001e-05	9.070000000000001e-05
21	6.330000000000001e-05	6.330000000000001e-05	6.330000000000001e-05	6.330000000000001e-05	6.330000000000001e-05	6.330000000000001e-05	6.330000000000001e-05	6.330000000000001e-05	6.330000000000001e-05	6.330000000000001e-05	6.330000000000001e-05	6.330000000000001e-05	6.330000000000001e-05	6.330000000000001e-05	6.330000000000001e-05	6.330000000000001e-05
22	4.110000000000001e-05	4.110000000000001e-05	4.110000000000001e-05	4.110000000000001e-05	4.110000000000001e-05	4.110000000000001e-05	4.110000000000001e-05	4.110000000000001e-05	4.110000000000001e-05	4.110000000000001e-05	4.110000000000001e-05	4.110000000000001e-05	4.110000000000001e-05	4.110000000000001e-05	4.110000000000001e-05	4.110000000000001e-05
23	2.460000000000001e-05	2.460000000000001e-05	2.460000000000001e-05	2.460000000000001e-05	2.460000000000001e-05	2.460000000000001e-05	2.460000000000001e-05	2.460000000000001e-05	2.460000000000001e-05	2.460000000000001e-05	2.460000000000001e-05	2.460000000000001e-05	2.460000000000001e-05	2.460000000000001e-05	2.460000000000001e-05	2.460000000000001e-05
24	8.080000000000002e-06	8.080000000000002e-06	8.080000000000002e-06	8.080000000000002e-06	8.080000000000002e-06	8.080000000000002e-06	8.080000000000002e-06	8.080000000000002e-06	8.080000000000002e-06	8.080000000000002e-06	8.080000000000002e-06	8.080000000000002e-06	8.080000000000002e-06	8.080000000000002e-06	8.080000000000002e-06	8.080000000000002e-06
["SA-SC",*,*] : 	1	2	3	4	5	6	7	8	9	10	11	12	13	14	15	16 := 
1	6.770000000000002e-06	6.770000000000002e-06	6.770000000000002e-06	6.770000000000002e-06	6.770000000000002e-06	6.770000000000002e-06	6.770000000000002e-06	6.770000000000002e-06	6.770000000000002e-06	6.770000000000002e-06	6.770000000000002e-06	6.770000000000002e-06	6.770000000000002e-06	6.770000000000002e-06	6.770000000000002e-06	6.770000000000002e-06
2	3.750000000000001e-06	3.750000000000001e-06	3.750000000000001e-06	3.750000000000001e-06	3.750000000000001e-06	3.750000000000001e-06	3.750000000000001e-06	3.750000000000001e-06	3.750000000000001e-06	3.750000000000001e-06	3.750000000000001e-06	3.750000000000001e-06	3.750000000000001e-06	3.750000000000001e-06	3.750000000000001e-06	3.750000000000001e-06
3	2.3800000000000005e-06	2.3800000000000005e-06	2.3800000000000005e-06	2.3800000000000005e-06	2.3800000000000005e-06	2.3800000000000005e-06	2.3800000000000005e-06	2.3800000000000005e-06	2.3800000000000005e-06	2.3800000000000005e-06	2.3800000000000005e-06	2.3800000000000005e-06	2.3800000000000005e-06	2.3800000000000005e-06	2.3800000000000005e-06	2.3800000000000005e-06
4	8.300000000000002e-06	8.300000000000002e-06	8.300000000000002e-06	8.300000000000002e-06	8.300000000000002e-06	8.300000000000002e-06	8.300000000000002e-06	8.300000000000002e-06	8.300000000000002e-06	8.300000000000002e-06	8.300000000000002e-06	8.300000000000002e-06	8.300000000000002e-06	8.300000000000002e-06	8.300000000000002e-06	8.300000000000002e-06
5	2.4900000000000006e-05	2.4900000000000006e-05	2.4900000000000006e-05	2.4900000000000006e-05	2.4900000000000006e-05	2.4900000000000006e-05	2.4900000000000006e-05	2.4900000000000006e-05	2.4900000000000006e-05	2.4900000000000006e-05	2.4900000000000006e-05	2.4900000000000006e-05	2.4900000000000006e-05	2.4900000000000006e-05	2.4900000000000006e-05	2.4900000000000006e-05
6	6.930000000000002e-05	6.930000000000002e-05	6.930000000000002e-05	6.930000000000002e-05	6.930000000000002e-05	6.930000000000002e-05	6.930000000000002e-05	6.930000000000002e-05	6.930000000000002e-05	6.930000000000002e-05	6.930000000000002e-05	6.930000000000002e-05	6.930000000000002e-05	6.930000000000002e-05	6.930000000000002e-05	6.930000000000002e-05
7	0.00014300000000000003	0.00014300000000000003	0.00014300000000000003	0.00014300000000000003	0.00014300000000000003	0.00014300000000000003	0.00014300000000000003	0.00014300000000000003	0.00014300000000000003	0.00014300000000000003	0.00014300000000000003	0.00014300000000000003	0.00014300000000000003	0.00014300000000000003	0.00014300000000000003	0.00014300000000000003
8	0.00019000000000000006	0.00019000000000000006	0.00019000000000000006	0.00019000000000000006	0.00019000000000000006	0.00019000000000000006	0.00019000000000000006	0.00019000000000000006	0.00019000000000000006	0.00019000000000000006	0.00019000000000000006	0.00019000000000000006	0.00019000000000000006	0.00019000000000000006	0.00019000000000000006	0.00019000000000000006
9	0.00016800000000000002	0.00016800000000000002	0.00016800000000000002	0.00016800000000000002	0.00016800000000000002	0.00016800000000000002	0.00016800000000000002	0.00016800000000000002	0.00016800000000000002	0.00016800000000000002	0.00016800000000000002	0.00016800000000000002	0.00016800000000000002	0.00016800000000000002	0.00016800000000000002	0.00016800000000000002
10	0.00016500000000000003	0.00016500000000000003	0.00016500000000000003	0.00016500000000000003	0.00016500000000000003	0.00016500000000000003	0.00016500000000000003	0.00016500000000000003	0.00016500000000000003	0.00016500000000000003	0.00016500000000000003	0.00016500000000000003	0.00016500000000000003	0.00016500000000000003	0.00016500000000000003	0.00016500000000000003
11	0.00017900000000000001	0.00017900000000000001	0.00017900000000000001	0.00017900000000000001	0.00017900000000000001	0.00017900000000000001	0.00017900000000000001	0.00017900000000000001	0.00017900000000000001	0.00017900000000000001	0.00017900000000000001	0.00017900000000000001	0.00017900000000000001	0.00017900000000000001	0.00017900000000000001	0.00017900000000000001
12	0.00019600000000000005	0.00019600000000000005	0.00019600000000000005	0.00019600000000000005	0.00019600000000000005	0.00019600000000000005	0.00019600000000000005	0.00019600000000000005	0.00019600000000000005	0.00019600000000000005	0.00019600000000000005	0.00019600000000000005	0.00019600000000000005	0.00019600000000000005	0.00019600000000000005	0.00019600000000000005
13	0.00019500000000000005	0.00019500000000000005	0.00019500000000000005	0.00019500000000000005	0.00019500000000000005	0.00019500000000000005	0.00019500000000000005	0.00019500000000000005	0.00019500000000000005	0.00019500000000000005	0.00019500000000000005	0.00019500000000000005	0.00019500000000000005	0.00019500000000000005	0.00019500000000000005	0.00019500000000000005
14	0.00018500000000000005	0.00018500000000000005	0.00018500000000000005	0.00018500000000000005	0.00018500000000000005	0.00018500000000000005	0.00018500000000000005	0.00018500000000000005	0.00018500000000000005	0.00018500000000000005	0.00018500000000000005	0.00018500000000000005	0.00018500000000000005	0.00018500000000000005	0.00018500000000000005	0.00018500000000000005
15	0.00019900000000000007	0.00019900000000000007	0.00019900000000000007	0.00019900000000000007	0.00019900000000000007	0.00019900000000000007	0.00019900000000000007	0.00019900000000000007	0.00019900000000000007	0.00019900000000000007	0.00019900000000000007	0.00019900000000000007	0.00019900000000000007	0.00019900000000000007	0.00019900000000000007	0.00019900000000000007
16	0.00021600000000000005	0.00021600000000000005	0.00021600000000000005	0.00021600000000000005	0.00021600000000000005	0.00021600000000000005	0.00021600000000000005	0.00021600000000000005	0.00021600000000000005	0.00021600000000000005	0.00021600000000000005	0.00021600000000000005	0.00021600000000000005	0.00021600000000000005	0.00021600000000000005	0.00021600000000000005
17	0.00022400000000000005	0.00022400000000000005	0.00022400000000000005	0.00022400000000000005	0.00022400000000000005	0.00022400000000000005	0.00022400000000000005	0.00022400000000000005	0.00022400000000000005	0.00022400000000000005	0.00022400000000000005	0.00022400000000000005	0.00022400000000000005	0.00022400000000000005	0.00022400000000000005	0.00022400000000000005
18	0.00019800000000000004	0.00019800000000000004	0.00019800000000000004	0.00019800000000000004	0.00019800000000000004	0.00019800000000000004	0.00019800000000000004	0.00019800000000000004	0.00019800000000000004	0.00019800000000000004	0.00019800000000000004	0.00019800000000000004	0.00019800000000000004	0.00019800000000000004	0.00019800000000000004	0.00019800000000000004
19	0.00013700000000000002	0.00013700000000000002	0.00013700000000000002	0.00013700000000000002	0.00013700000000000002	0.00013700000000000002	0.00013700000000000002	0.00013700000000000002	0.00013700000000000002	0.00013700000000000002	0.00013700000000000002	0.00013700000000000002	0.00013700000000000002	0.00013700000000000002	0.00013700000000000002	0.00013700000000000002
20	9.070000000000001e-05	9.070000000000001e-05	9.070000000000001e-05	9.070000000000001e-05	9.070000000000001e-05	9.070000000000001e-05	9.070000000000001e-05	9.070000000000001e-05	9.070000000000001e-05	9.070000000000001e-05	9.070000000000001e-05	9.070000000000001e-05	9.070000000000001e-05	9.070000000000001e-05	9.070000000000001e-05	9.070000000000001e-05
21	6.330000000000001e-05	6.330000000000001e-05	6.330000000000001e-05	6.330000000000001e-05	6.330000000000001e-05	6.330000000000001e-05	6.330000000000001e-05	6.330000000000001e-05	6.330000000000001e-05	6.330000000000001e-05	6.330000000000001e-05	6.330000000000001e-05	6.330000000000001e-05	6.330000000000001e-05	6.330000000000001e-05	6.330000000000001e-05
22	4.110000000000001e-05	4.110000000000001e-05	4.110000000000001e-05	4.110000000000001e-05	4.110000000000001e-05	4.110000000000001e-05	4.110000000000001e-05	4.110000000000001e-05	4.110000000000001e-05	4.110000000000001e-05	4.110000000000001e-05	4.110000000000001e-05	4.110000000000001e-05	4.110000000000001e-05	4.110000000000001e-05	4.110000000000001e-05
23	2.460000000000001e-05	2.460000000000001e-05	2.460000000000001e-05	2.460000000000001e-05	2.460000000000001e-05	2.460000000000001e-05	2.460000000000001e-05	2.460000000000001e-05	2.460000000000001e-05	2.460000000000001e-05	2.460000000000001e-05	2.460000000000001e-05	2.460000000000001e-05	2.460000000000001e-05	2.460000000000001e-05	2.460000000000001e-05
24	8.080000000000002e-06	8.080000000000002e-06	8.080000000000002e-06	8.080000000000002e-06	8.080000000000002e-06	8.080000000000002e-06	8.080000000000002e-06	8.080000000000002e-06	8.080000000000002e-06	8.080000000000002e-06	8.080000000000002e-06	8.080000000000002e-06	8.080000000000002e-06	8.080000000000002e-06	8.080000000000002e-06	8.080000000000002e-06
["SA-TJ",*,*] : 	1	2	3	4	5	6	7	8	9	10	11	12	13	14	15	16 := 
1	6.770000000000002e-06	6.770000000000002e-06	6.770000000000002e-06	6.770000000000002e-06	6.770000000000002e-06	6.770000000000002e-06	6.770000000000002e-06	6.770000000000002e-06	6.770000000000002e-06	6.770000000000002e-06	6.770000000000002e-06	6.770000000000002e-06	6.770000000000002e-06	6.770000000000002e-06	6.770000000000002e-06	6.770000000000002e-06
2	3.750000000000001e-06	3.750000000000001e-06	3.750000000000001e-06	3.750000000000001e-06	3.750000000000001e-06	3.750000000000001e-06	3.750000000000001e-06	3.750000000000001e-06	3.750000000000001e-06	3.750000000000001e-06	3.750000000000001e-06	3.750000000000001e-06	3.750000000000001e-06	3.750000000000001e-06	3.750000000000001e-06	3.750000000000001e-06
3	2.3800000000000005e-06	2.3800000000000005e-06	2.3800000000000005e-06	2.3800000000000005e-06	2.3800000000000005e-06	2.3800000000000005e-06	2.3800000000000005e-06	2.3800000000000005e-06	2.3800000000000005e-06	2.3800000000000005e-06	2.3800000000000005e-06	2.3800000000000005e-06	2.3800000000000005e-06	2.3800000000000005e-06	2.3800000000000005e-06	2.3800000000000005e-06
4	8.300000000000002e-06	8.300000000000002e-06	8.300000000000002e-06	8.300000000000002e-06	8.300000000000002e-06	8.300000000000002e-06	8.300000000000002e-06	8.300000000000002e-06	8.300000000000002e-06	8.300000000000002e-06	8.300000000000002e-06	8.300000000000002e-06	8.300000000000002e-06	8.300000000000002e-06	8.300000000000002e-06	8.300000000000002e-06
5	2.4900000000000006e-05	2.4900000000000006e-05	2.4900000000000006e-05	2.4900000000000006e-05	2.4900000000000006e-05	2.4900000000000006e-05	2.4900000000000006e-05	2.4900000000000006e-05	2.4900000000000006e-05	2.4900000000000006e-05	2.4900000000000006e-05	2.4900000000000006e-05	2.4900000000000006e-05	2.4900000000000006e-05	2.4900000000000006e-05	2.4900000000000006e-05
6	6.930000000000002e-05	6.930000000000002e-05	6.930000000000002e-05	6.930000000000002e-05	6.930000000000002e-05	6.930000000000002e-05	6.930000000000002e-05	6.930000000000002e-05	6.930000000000002e-05	6.930000000000002e-05	6.930000000000002e-05	6.930000000000002e-05	6.930000000000002e-05	6.930000000000002e-05	6.930000000000002e-05	6.930000000000002e-05
7	0.00014300000000000003	0.00014300000000000003	0.00014300000000000003	0.00014300000000000003	0.00014300000000000003	0.00014300000000000003	0.00014300000000000003	0.00014300000000000003	0.00014300000000000003	0.00014300000000000003	0.00014300000000000003	0.00014300000000000003	0.00014300000000000003	0.00014300000000000003	0.00014300000000000003	0.00014300000000000003
8	0.00019000000000000006	0.00019000000000000006	0.00019000000000000006	0.00019000000000000006	0.00019000000000000006	0.00019000000000000006	0.00019000000000000006	0.00019000000000000006	0.00019000000000000006	0.00019000000000000006	0.00019000000000000006	0.00019000000000000006	0.00019000000000000006	0.00019000000000000006	0.00019000000000000006	0.00019000000000000006
9	0.00016800000000000002	0.00016800000000000002	0.00016800000000000002	0.00016800000000000002	0.00016800000000000002	0.00016800000000000002	0.00016800000000000002	0.00016800000000000002	0.00016800000000000002	0.00016800000000000002	0.00016800000000000002	0.00016800000000000002	0.00016800000000000002	0.00016800000000000002	0.00016800000000000002	0.00016800000000000002
10	0.00016500000000000003	0.00016500000000000003	0.00016500000000000003	0.00016500000000000003	0.00016500000000000003	0.00016500000000000003	0.00016500000000000003	0.00016500000000000003	0.00016500000000000003	0.00016500000000000003	0.00016500000000000003	0.00016500000000000003	0.00016500000000000003	0.00016500000000000003	0.00016500000000000003	0.00016500000000000003
11	0.00017900000000000001	0.00017900000000000001	0.00017900000000000001	0.00017900000000000001	0.00017900000000000001	0.00017900000000000001	0.00017900000000000001	0.00017900000000000001	0.00017900000000000001	0.00017900000000000001	0.00017900000000000001	0.00017900000000000001	0.00017900000000000001	0.00017900000000000001	0.00017900000000000001	0.00017900000000000001
12	0.00019600000000000005	0.00019600000000000005	0.00019600000000000005	0.00019600000000000005	0.00019600000000000005	0.00019600000000000005	0.00019600000000000005	0.00019600000000000005	0.00019600000000000005	0.00019600000000000005	0.00019600000000000005	0.00019600000000000005	0.00019600000000000005	0.00019600000000000005	0.00019600000000000005	0.00019600000000000005
13	0.00019500000000000005	0.00019500000000000005	0.00019500000000000005	0.00019500000000000005	0.00019500000000000005	0.00019500000000000005	0.00019500000000000005	0.00019500000000000005	0.00019500000000000005	0.00019500000000000005	0.00019500000000000005	0.00019500000000000005	0.00019500000000000005	0.00019500000000000005	0.00019500000000000005	0.00019500000000000005
14	0.00018500000000000005	0.00018500000000000005	0.00018500000000000005	0.00018500000000000005	0.00018500000000000005	0.00018500000000000005	0.00018500000000000005	0.00018500000000000005	0.00018500000000000005	0.00018500000000000005	0.00018500000000000005	0.00018500000000000005	0.00018500000000000005	0.00018500000000000005	0.00018500000000000005	0.00018500000000000005
15	0.00019900000000000007	0.00019900000000000007	0.00019900000000000007	0.00019900000000000007	0.00019900000000000007	0.00019900000000000007	0.00019900000000000007	0.00019900000000000007	0.00019900000000000007	0.00019900000000000007	0.00019900000000000007	0.00019900000000000007	0.00019900000000000007	0.00019900000000000007	0.00019900000000000007	0.00019900000000000007
16	0.00021600000000000005	0.00021600000000000005	0.00021600000000000005	0.00021600000000000005	0.00021600000000000005	0.00021600000000000005	0.00021600000000000005	0.00021600000000000005	0.00021600000000000005	0.00021600000000000005	0.00021600000000000005	0.00021600000000000005	0.00021600000000000005	0.00021600000000000005	0.00021600000000000005	0.00021600000000000005
17	0.00022400000000000005	0.00022400000000000005	0.00022400000000000005	0.00022400000000000005	0.00022400000000000005	0.00022400000000000005	0.00022400000000000005	0.00022400000000000005	0.00022400000000000005	0.00022400000000000005	0.00022400000000000005	0.00022400000000000005	0.00022400000000000005	0.00022400000000000005	0.00022400000000000005	0.00022400000000000005
18	0.00019800000000000004	0.00019800000000000004	0.00019800000000000004	0.00019800000000000004	0.00019800000000000004	0.00019800000000000004	0.00019800000000000004	0.00019800000000000004	0.00019800000000000004	0.00019800000000000004	0.00019800000000000004	0.00019800000000000004	0.00019800000000000004	0.00019800000000000004	0.00019800000000000004	0.00019800000000000004
19	0.00013700000000000002	0.00013700000000000002	0.00013700000000000002	0.00013700000000000002	0.00013700000000000002	0.00013700000000000002	0.00013700000000000002	0.00013700000000000002	0.00013700000000000002	0.00013700000000000002	0.00013700000000000002	0.00013700000000000002	0.00013700000000000002	0.00013700000000000002	0.00013700000000000002	0.00013700000000000002
20	9.070000000000001e-05	9.070000000000001e-05	9.070000000000001e-05	9.070000000000001e-05	9.070000000000001e-05	9.070000000000001e-05	9.070000000000001e-05	9.070000000000001e-05	9.070000000000001e-05	9.070000000000001e-05	9.070000000000001e-05	9.070000000000001e-05	9.070000000000001e-05	9.070000000000001e-05	9.070000000000001e-05	9.070000000000001e-05
21	6.330000000000001e-05	6.330000000000001e-05	6.330000000000001e-05	6.330000000000001e-05	6.330000000000001e-05	6.330000000000001e-05	6.330000000000001e-05	6.330000000000001e-05	6.330000000000001e-05	6.330000000000001e-05	6.330000000000001e-05	6.330000000000001e-05	6.330000000000001e-05	6.330000000000001e-05	6.330000000000001e-05	6.330000000000001e-05
22	4.110000000000001e-05	4.110000000000001e-05	4.110000000000001e-05	4.110000000000001e-05	4.110000000000001e-05	4.110000000000001e-05	4.110000000000001e-05	4.110000000000001e-05	4.110000000000001e-05	4.110000000000001e-05	4.110000000000001e-05	4.110000000000001e-05	4.110000000000001e-05	4.110000000000001e-05	4.110000000000001e-05	4.110000000000001e-05
23	2.460000000000001e-05	2.460000000000001e-05	2.460000000000001e-05	2.460000000000001e-05	2.460000000000001e-05	2.460000000000001e-05	2.460000000000001e-05	2.460000000000001e-05	2.460000000000001e-05	2.460000000000001e-05	2.460000000000001e-05	2.460000000000001e-05	2.460000000000001e-05	2.460000000000001e-05	2.460000000000001e-05	2.460000000000001e-05
24	8.080000000000002e-06	8.080000000000002e-06	8.080000000000002e-06	8.080000000000002e-06	8.080000000000002e-06	8.080000000000002e-06	8.080000000000002e-06	8.080000000000002e-06	8.080000000000002e-06	8.080000000000002e-06	8.080000000000002e-06	8.080000000000002e-06	8.080000000000002e-06	8.080000000000002e-06	8.080000000000002e-06	8.080000000000002e-06
["SIN",*,*] : 	1	2	3	4	5	6	7	8	9	10	11	12	13	14	15	16 := 
1	6.770000000000002e-06	6.770000000000002e-06	6.770000000000002e-06	6.770000000000002e-06	6.770000000000002e-06	6.770000000000002e-06	6.770000000000002e-06	6.770000000000002e-06	6.770000000000002e-06	6.770000000000002e-06	6.770000000000002e-06	6.770000000000002e-06	6.770000000000002e-06	6.770000000000002e-06	6.770000000000002e-06	6.770000000000002e-06
2	3.750000000000001e-06	3.750000000000001e-06	3.750000000000001e-06	3.750000000000001e-06	3.750000000000001e-06	3.750000000000001e-06	3.750000000000001e-06	3.750000000000001e-06	3.750000000000001e-06	3.750000000000001e-06	3.750000000000001e-06	3.750000000000001e-06	3.750000000000001e-06	3.750000000000001e-06	3.750000000000001e-06	3.750000000000001e-06
3	2.3800000000000005e-06	2.3800000000000005e-06	2.3800000000000005e-06	2.3800000000000005e-06	2.3800000000000005e-06	2.3800000000000005e-06	2.3800000000000005e-06	2.3800000000000005e-06	2.3800000000000005e-06	2.3800000000000005e-06	2.3800000000000005e-06	2.3800000000000005e-06	2.3800000000000005e-06	2.3800000000000005e-06	2.3800000000000005e-06	2.3800000000000005e-06
4	8.300000000000002e-06	8.300000000000002e-06	8.300000000000002e-06	8.300000000000002e-06	8.300000000000002e-06	8.300000000000002e-06	8.300000000000002e-06	8.300000000000002e-06	8.300000000000002e-06	8.300000000000002e-06	8.300000000000002e-06	8.300000000000002e-06	8.300000000000002e-06	8.300000000000002e-06	8.300000000000002e-06	8.300000000000002e-06
5	2.4900000000000006e-05	2.4900000000000006e-05	2.4900000000000006e-05	2.4900000000000006e-05	2.4900000000000006e-05	2.4900000000000006e-05	2.4900000000000006e-05	2.4900000000000006e-05	2.4900000000000006e-05	2.4900000000000006e-05	2.4900000000000006e-05	2.4900000000000006e-05	2.4900000000000006e-05	2.4900000000000006e-05	2.4900000000000006e-05	2.4900000000000006e-05
6	6.930000000000002e-05	6.930000000000002e-05	6.930000000000002e-05	6.930000000000002e-05	6.930000000000002e-05	6.930000000000002e-05	6.930000000000002e-05	6.930000000000002e-05	6.930000000000002e-05	6.930000000000002e-05	6.930000000000002e-05	6.930000000000002e-05	6.930000000000002e-05	6.930000000000002e-05	6.930000000000002e-05	6.930000000000002e-05
7	0.00014300000000000003	0.00014300000000000003	0.00014300000000000003	0.00014300000000000003	0.00014300000000000003	0.00014300000000000003	0.00014300000000000003	0.00014300000000000003	0.00014300000000000003	0.00014300000000000003	0.00014300000000000003	0.00014300000000000003	0.00014300000000000003	0.00014300000000000003	0.00014300000000000003	0.00014300000000000003
8	0.00019000000000000006	0.00019000000000000006	0.00019000000000000006	0.00019000000000000006	0.00019000000000000006	0.00019000000000000006	0.00019000000000000006	0.00019000000000000006	0.00019000000000000006	0.00019000000000000006	0.00019000000000000006	0.00019000000000000006	0.00019000000000000006	0.00019000000000000006	0.00019000000000000006	0.00019000000000000006
9	0.00016800000000000002	0.00016800000000000002	0.00016800000000000002	0.00016800000000000002	0.00016800000000000002	0.00016800000000000002	0.00016800000000000002	0.00016800000000000002	0.00016800000000000002	0.00016800000000000002	0.00016800000000000002	0.00016800000000000002	0.00016800000000000002	0.00016800000000000002	0.00016800000000000002	0.00016800000000000002
10	0.00016500000000000003	0.00016500000000000003	0.00016500000000000003	0.00016500000000000003	0.00016500000000000003	0.00016500000000000003	0.00016500000000000003	0.00016500000000000003	0.00016500000000000003	0.00016500000000000003	0.00016500000000000003	0.00016500000000000003	0.00016500000000000003	0.00016500000000000003	0.00016500000000000003	0.00016500000000000003
11	0.00017900000000000001	0.00017900000000000001	0.00017900000000000001	0.00017900000000000001	0.00017900000000000001	0.00017900000000000001	0.00017900000000000001	0.00017900000000000001	0.00017900000000000001	0.00017900000000000001	0.00017900000000000001	0.00017900000000000001	0.00017900000000000001	0.00017900000000000001	0.00017900000000000001	0.00017900000000000001
12	0.00019600000000000005	0.00019600000000000005	0.00019600000000000005	0.00019600000000000005	0.00019600000000000005	0.00019600000000000005	0.00019600000000000005	0.00019600000000000005	0.00019600000000000005	0.00019600000000000005	0.00019600000000000005	0.00019600000000000005	0.00019600000000000005	0.00019600000000000005	0.00019600000000000005	0.00019600000000000005
13	0.00019500000000000005	0.00019500000000000005	0.00019500000000000005	0.00019500000000000005	0.00019500000000000005	0.00019500000000000005	0.00019500000000000005	0.00019500000000000005	0.00019500000000000005	0.00019500000000000005	0.00019500000000000005	0.00019500000000000005	0.00019500000000000005	0.00019500000000000005	0.00019500000000000005	0.00019500000000000005
14	0.00018500000000000005	0.00018500000000000005	0.00018500000000000005	0.00018500000000000005	0.00018500000000000005	0.00018500000000000005	0.00018500000000000005	0.00018500000000000005	0.00018500000000000005	0.00018500000000000005	0.00018500000000000005	0.00018500000000000005	0.00018500000000000005	0.00018500000000000005	0.00018500000000000005	0.00018500000000000005
15	0.00019900000000000007	0.00019900000000000007	0.00019900000000000007	0.00019900000000000007	0.00019900000000000007	0.00019900000000000007	0.00019900000000000007	0.00019900000000000007	0.00019900000000000007	0.00019900000000000007	0.00019900000000000007	0.00019900000000000007	0.00019900000000000007	0.00019900000000000007	0.00019900000000000007	0.00019900000000000007
16	0.00021600000000000005	0.00021600000000000005	0.00021600000000000005	0.00021600000000000005	0.00021600000000000005	0.00021600000000000005	0.00021600000000000005	0.00021600000000000005	0.00021600000000000005	0.00021600000000000005	0.00021600000000000005	0.00021600000000000005	0.00021600000000000005	0.00021600000000000005	0.00021600000000000005	0.00021600000000000005
17	0.00022400000000000005	0.00022400000000000005	0.00022400000000000005	0.00022400000000000005	0.00022400000000000005	0.00022400000000000005	0.00022400000000000005	0.00022400000000000005	0.00022400000000000005	0.00022400000000000005	0.00022400000000000005	0.00022400000000000005	0.00022400000000000005	0.00022400000000000005	0.00022400000000000005	0.00022400000000000005
18	0.00019800000000000004	0.00019800000000000004	0.00019800000000000004	0.00019800000000000004	0.00019800000000000004	0.00019800000000000004	0.00019800000000000004	0.00019800000000000004	0.00019800000000000004	0.00019800000000000004	0.00019800000000000004	0.00019800000000000004	0.00019800000000000004	0.00019800000000000004	0.00019800000000000004	0.00019800000000000004
19	0.00013700000000000002	0.00013700000000000002	0.00013700000000000002	0.00013700000000000002	0.00013700000000000002	0.00013700000000000002	0.00013700000000000002	0.00013700000000000002	0.00013700000000000002	0.00013700000000000002	0.00013700000000000002	0.00013700000000000002	0.00013700000000000002	0.00013700000000000002	0.00013700000000000002	0.00013700000000000002
20	9.070000000000001e-05	9.070000000000001e-05	9.070000000000001e-05	9.070000000000001e-05	9.070000000000001e-05	9.070000000000001e-05	9.070000000000001e-05	9.070000000000001e-05	9.070000000000001e-05	9.070000000000001e-05	9.070000000000001e-05	9.070000000000001e-05	9.070000000000001e-05	9.070000000000001e-05	9.070000000000001e-05	9.070000000000001e-05
21	6.330000000000001e-05	6.330000000000001e-05	6.330000000000001e-05	6.330000000000001e-05	6.330000000000001e-05	6.330000000000001e-05	6.330000000000001e-05	6.330000000000001e-05	6.330000000000001e-05	6.330000000000001e-05	6.330000000000001e-05	6.330000000000001e-05	6.330000000000001e-05	6.330000000000001e-05	6.330000000000001e-05	6.330000000000001e-05
22	4.110000000000001e-05	4.110000000000001e-05	4.110000000000001e-05	4.110000000000001e-05	4.110000000000001e-05	4.110000000000001e-05	4.110000000000001e-05	4.110000000000001e-05	4.110000000000001e-05	4.110000000000001e-05	4.110000000000001e-05	4.110000000000001e-05	4.110000000000001e-05	4.110000000000001e-05	4.110000000000001e-05	4.110000000000001e-05
23	2.460000000000001e-05	2.460000000000001e-05	2.460000000000001e-05	2.460000000000001e-05	2.460000000000001e-05	2.460000000000001e-05	2.460000000000001e-05	2.460000000000001e-05	2.460000000000001e-05	2.460000000000001e-05	2.460000000000001e-05	2.460000000000001e-05	2.460000000000001e-05	2.460000000000001e-05	2.460000000000001e-05	2.460000000000001e-05
24	8.080000000000002e-06	8.080000000000002e-06	8.080000000000002e-06	8.080000000000002e-06	8.080000000000002e-06	8.080000000000002e-06	8.080000000000002e-06	8.080000000000002e-06	8.080000000000002e-06	8.080000000000002e-06	8.080000000000002e-06	8.080000000000002e-06	8.080000000000002e-06	8.080000000000002e-06	8.080000000000002e-06	8.080000000000002e-06
;
  
 param  mob_freight_time_series  := 
["SA-BN",*,*] : 	1	2	3	4	5	6	7	8	9	10	11	12	13	14	15	16 := 
1	0.00011415499999999997	0.00011415499999999997	0.00011415499999999997	0.00011415499999999997	0.00011415499999999997	0.00011415499999999997	0.00011415499999999997	0.00011415499999999997	0.00011415499999999997	0.00011415499999999997	0.00011415499999999997	0.00011415499999999997	0.00011415499999999997	0.00011415499999999997	0.00011415499999999997	0.00011415499999999997
2	0.00011415499999999997	0.00011415499999999997	0.00011415499999999997	0.00011415499999999997	0.00011415499999999997	0.00011415499999999997	0.00011415499999999997	0.00011415499999999997	0.00011415499999999997	0.00011415499999999997	0.00011415499999999997	0.00011415499999999997	0.00011415499999999997	0.00011415499999999997	0.00011415499999999997	0.00011415499999999997
3	0.00011415499999999997	0.00011415499999999997	0.00011415499999999997	0.00011415499999999997	0.00011415499999999997	0.00011415499999999997	0.00011415499999999997	0.00011415499999999997	0.00011415499999999997	0.00011415499999999997	0.00011415499999999997	0.00011415499999999997	0.00011415499999999997	0.00011415499999999997	0.00011415499999999997	0.00011415499999999997
4	0.00011415499999999997	0.00011415499999999997	0.00011415499999999997	0.00011415499999999997	0.00011415499999999997	0.00011415499999999997	0.00011415499999999997	0.00011415499999999997	0.00011415499999999997	0.00011415499999999997	0.00011415499999999997	0.00011415499999999997	0.00011415499999999997	0.00011415499999999997	0.00011415499999999997	0.00011415499999999997
5	0.00011415499999999997	0.00011415499999999997	0.00011415499999999997	0.00011415499999999997	0.00011415499999999997	0.00011415499999999997	0.00011415499999999997	0.00011415499999999997	0.00011415499999999997	0.00011415499999999997	0.00011415499999999997	0.00011415499999999997	0.00011415499999999997	0.00011415499999999997	0.00011415499999999997	0.00011415499999999997
6	0.00011415499999999997	0.00011415499999999997	0.00011415499999999997	0.00011415499999999997	0.00011415499999999997	0.00011415499999999997	0.00011415499999999997	0.00011415499999999997	0.00011415499999999997	0.00011415499999999997	0.00011415499999999997	0.00011415499999999997	0.00011415499999999997	0.00011415499999999997	0.00011415499999999997	0.00011415499999999997
7	0.00011415499999999997	0.00011415499999999997	0.00011415499999999997	0.00011415499999999997	0.00011415499999999997	0.00011415499999999997	0.00011415499999999997	0.00011415499999999997	0.00011415499999999997	0.00011415499999999997	0.00011415499999999997	0.00011415499999999997	0.00011415499999999997	0.00011415499999999997	0.00011415499999999997	0.00011415499999999997
8	0.00011415499999999997	0.00011415499999999997	0.00011415499999999997	0.00011415499999999997	0.00011415499999999997	0.00011415499999999997	0.00011415499999999997	0.00011415499999999997	0.00011415499999999997	0.00011415499999999997	0.00011415499999999997	0.00011415499999999997	0.00011415499999999997	0.00011415499999999997	0.00011415499999999997	0.00011415499999999997
9	0.00011415499999999997	0.00011415499999999997	0.00011415499999999997	0.00011415499999999997	0.00011415499999999997	0.00011415499999999997	0.00011415499999999997	0.00011415499999999997	0.00011415499999999997	0.00011415499999999997	0.00011415499999999997	0.00011415499999999997	0.00011415499999999997	0.00011415499999999997	0.00011415499999999997	0.00011415499999999997
10	0.00011415499999999997	0.00011415499999999997	0.00011415499999999997	0.00011415499999999997	0.00011415499999999997	0.00011415499999999997	0.00011415499999999997	0.00011415499999999997	0.00011415499999999997	0.00011415499999999997	0.00011415499999999997	0.00011415499999999997	0.00011415499999999997	0.00011415499999999997	0.00011415499999999997	0.00011415499999999997
11	0.00011415499999999997	0.00011415499999999997	0.00011415499999999997	0.00011415499999999997	0.00011415499999999997	0.00011415499999999997	0.00011415499999999997	0.00011415499999999997	0.00011415499999999997	0.00011415499999999997	0.00011415499999999997	0.00011415499999999997	0.00011415499999999997	0.00011415499999999997	0.00011415499999999997	0.00011415499999999997
12	0.00011415499999999997	0.00011415499999999997	0.00011415499999999997	0.00011415499999999997	0.00011415499999999997	0.00011415499999999997	0.00011415499999999997	0.00011415499999999997	0.00011415499999999997	0.00011415499999999997	0.00011415499999999997	0.00011415499999999997	0.00011415499999999997	0.00011415499999999997	0.00011415499999999997	0.00011415499999999997
13	0.00011415499999999997	0.00011415499999999997	0.00011415499999999997	0.00011415499999999997	0.00011415499999999997	0.00011415499999999997	0.00011415499999999997	0.00011415499999999997	0.00011415499999999997	0.00011415499999999997	0.00011415499999999997	0.00011415499999999997	0.00011415499999999997	0.00011415499999999997	0.00011415499999999997	0.00011415499999999997
14	0.00011415499999999997	0.00011415499999999997	0.00011415499999999997	0.00011415499999999997	0.00011415499999999997	0.00011415499999999997	0.00011415499999999997	0.00011415499999999997	0.00011415499999999997	0.00011415499999999997	0.00011415499999999997	0.00011415499999999997	0.00011415499999999997	0.00011415499999999997	0.00011415499999999997	0.00011415499999999997
15	0.00011415499999999997	0.00011415499999999997	0.00011415499999999997	0.00011415499999999997	0.00011415499999999997	0.00011415499999999997	0.00011415499999999997	0.00011415499999999997	0.00011415499999999997	0.00011415499999999997	0.00011415499999999997	0.00011415499999999997	0.00011415499999999997	0.00011415499999999997	0.00011415499999999997	0.00011415499999999997
16	0.00011415499999999997	0.00011415499999999997	0.00011415499999999997	0.00011415499999999997	0.00011415499999999997	0.00011415499999999997	0.00011415499999999997	0.00011415499999999997	0.00011415499999999997	0.00011415499999999997	0.00011415499999999997	0.00011415499999999997	0.00011415499999999997	0.00011415499999999997	0.00011415499999999997	0.00011415499999999997
17	0.00011415499999999997	0.00011415499999999997	0.00011415499999999997	0.00011415499999999997	0.00011415499999999997	0.00011415499999999997	0.00011415499999999997	0.00011415499999999997	0.00011415499999999997	0.00011415499999999997	0.00011415499999999997	0.00011415499999999997	0.00011415499999999997	0.00011415499999999997	0.00011415499999999997	0.00011415499999999997
18	0.00011415499999999997	0.00011415499999999997	0.00011415499999999997	0.00011415499999999997	0.00011415499999999997	0.00011415499999999997	0.00011415499999999997	0.00011415499999999997	0.00011415499999999997	0.00011415499999999997	0.00011415499999999997	0.00011415499999999997	0.00011415499999999997	0.00011415499999999997	0.00011415499999999997	0.00011415499999999997
19	0.00011415499999999997	0.00011415499999999997	0.00011415499999999997	0.00011415499999999997	0.00011415499999999997	0.00011415499999999997	0.00011415499999999997	0.00011415499999999997	0.00011415499999999997	0.00011415499999999997	0.00011415499999999997	0.00011415499999999997	0.00011415499999999997	0.00011415499999999997	0.00011415499999999997	0.00011415499999999997
20	0.00011415499999999997	0.00011415499999999997	0.00011415499999999997	0.00011415499999999997	0.00011415499999999997	0.00011415499999999997	0.00011415499999999997	0.00011415499999999997	0.00011415499999999997	0.00011415499999999997	0.00011415499999999997	0.00011415499999999997	0.00011415499999999997	0.00011415499999999997	0.00011415499999999997	0.00011415499999999997
21	0.00011415499999999997	0.00011415499999999997	0.00011415499999999997	0.00011415499999999997	0.00011415499999999997	0.00011415499999999997	0.00011415499999999997	0.00011415499999999997	0.00011415499999999997	0.00011415499999999997	0.00011415499999999997	0.00011415499999999997	0.00011415499999999997	0.00011415499999999997	0.00011415499999999997	0.00011415499999999997
22	0.00011415499999999997	0.00011415499999999997	0.00011415499999999997	0.00011415499999999997	0.00011415499999999997	0.00011415499999999997	0.00011415499999999997	0.00011415499999999997	0.00011415499999999997	0.00011415499999999997	0.00011415499999999997	0.00011415499999999997	0.00011415499999999997	0.00011415499999999997	0.00011415499999999997	0.00011415499999999997
23	0.00011415499999999997	0.00011415499999999997	0.00011415499999999997	0.00011415499999999997	0.00011415499999999997	0.00011415499999999997	0.00011415499999999997	0.00011415499999999997	0.00011415499999999997	0.00011415499999999997	0.00011415499999999997	0.00011415499999999997	0.00011415499999999997	0.00011415499999999997	0.00011415499999999997	0.00011415499999999997
24	0.00011415499999999997	0.00011415499999999997	0.00011415499999999997	0.00011415499999999997	0.00011415499999999997	0.00011415499999999997	0.00011415499999999997	0.00011415499999999997	0.00011415499999999997	0.00011415499999999997	0.00011415499999999997	0.00011415499999999997	0.00011415499999999997	0.00011415499999999997	0.00011415499999999997	0.00011415499999999997
["SA-PA",*,*] : 	1	2	3	4	5	6	7	8	9	10	11	12	13	14	15	16 := 
1	0.00011415499999999997	0.00011415499999999997	0.00011415499999999997	0.00011415499999999997	0.00011415499999999997	0.00011415499999999997	0.00011415499999999997	0.00011415499999999997	0.00011415499999999997	0.00011415499999999997	0.00011415499999999997	0.00011415499999999997	0.00011415499999999997	0.00011415499999999997	0.00011415499999999997	0.00011415499999999997
2	0.00011415499999999997	0.00011415499999999997	0.00011415499999999997	0.00011415499999999997	0.00011415499999999997	0.00011415499999999997	0.00011415499999999997	0.00011415499999999997	0.00011415499999999997	0.00011415499999999997	0.00011415499999999997	0.00011415499999999997	0.00011415499999999997	0.00011415499999999997	0.00011415499999999997	0.00011415499999999997
3	0.00011415499999999997	0.00011415499999999997	0.00011415499999999997	0.00011415499999999997	0.00011415499999999997	0.00011415499999999997	0.00011415499999999997	0.00011415499999999997	0.00011415499999999997	0.00011415499999999997	0.00011415499999999997	0.00011415499999999997	0.00011415499999999997	0.00011415499999999997	0.00011415499999999997	0.00011415499999999997
4	0.00011415499999999997	0.00011415499999999997	0.00011415499999999997	0.00011415499999999997	0.00011415499999999997	0.00011415499999999997	0.00011415499999999997	0.00011415499999999997	0.00011415499999999997	0.00011415499999999997	0.00011415499999999997	0.00011415499999999997	0.00011415499999999997	0.00011415499999999997	0.00011415499999999997	0.00011415499999999997
5	0.00011415499999999997	0.00011415499999999997	0.00011415499999999997	0.00011415499999999997	0.00011415499999999997	0.00011415499999999997	0.00011415499999999997	0.00011415499999999997	0.00011415499999999997	0.00011415499999999997	0.00011415499999999997	0.00011415499999999997	0.00011415499999999997	0.00011415499999999997	0.00011415499999999997	0.00011415499999999997
6	0.00011415499999999997	0.00011415499999999997	0.00011415499999999997	0.00011415499999999997	0.00011415499999999997	0.00011415499999999997	0.00011415499999999997	0.00011415499999999997	0.00011415499999999997	0.00011415499999999997	0.00011415499999999997	0.00011415499999999997	0.00011415499999999997	0.00011415499999999997	0.00011415499999999997	0.00011415499999999997
7	0.00011415499999999997	0.00011415499999999997	0.00011415499999999997	0.00011415499999999997	0.00011415499999999997	0.00011415499999999997	0.00011415499999999997	0.00011415499999999997	0.00011415499999999997	0.00011415499999999997	0.00011415499999999997	0.00011415499999999997	0.00011415499999999997	0.00011415499999999997	0.00011415499999999997	0.00011415499999999997
8	0.00011415499999999997	0.00011415499999999997	0.00011415499999999997	0.00011415499999999997	0.00011415499999999997	0.00011415499999999997	0.00011415499999999997	0.00011415499999999997	0.00011415499999999997	0.00011415499999999997	0.00011415499999999997	0.00011415499999999997	0.00011415499999999997	0.00011415499999999997	0.00011415499999999997	0.00011415499999999997
9	0.00011415499999999997	0.00011415499999999997	0.00011415499999999997	0.00011415499999999997	0.00011415499999999997	0.00011415499999999997	0.00011415499999999997	0.00011415499999999997	0.00011415499999999997	0.00011415499999999997	0.00011415499999999997	0.00011415499999999997	0.00011415499999999997	0.00011415499999999997	0.00011415499999999997	0.00011415499999999997
10	0.00011415499999999997	0.00011415499999999997	0.00011415499999999997	0.00011415499999999997	0.00011415499999999997	0.00011415499999999997	0.00011415499999999997	0.00011415499999999997	0.00011415499999999997	0.00011415499999999997	0.00011415499999999997	0.00011415499999999997	0.00011415499999999997	0.00011415499999999997	0.00011415499999999997	0.00011415499999999997
11	0.00011415499999999997	0.00011415499999999997	0.00011415499999999997	0.00011415499999999997	0.00011415499999999997	0.00011415499999999997	0.00011415499999999997	0.00011415499999999997	0.00011415499999999997	0.00011415499999999997	0.00011415499999999997	0.00011415499999999997	0.00011415499999999997	0.00011415499999999997	0.00011415499999999997	0.00011415499999999997
12	0.00011415499999999997	0.00011415499999999997	0.00011415499999999997	0.00011415499999999997	0.00011415499999999997	0.00011415499999999997	0.00011415499999999997	0.00011415499999999997	0.00011415499999999997	0.00011415499999999997	0.00011415499999999997	0.00011415499999999997	0.00011415499999999997	0.00011415499999999997	0.00011415499999999997	0.00011415499999999997
13	0.00011415499999999997	0.00011415499999999997	0.00011415499999999997	0.00011415499999999997	0.00011415499999999997	0.00011415499999999997	0.00011415499999999997	0.00011415499999999997	0.00011415499999999997	0.00011415499999999997	0.00011415499999999997	0.00011415499999999997	0.00011415499999999997	0.00011415499999999997	0.00011415499999999997	0.00011415499999999997
14	0.00011415499999999997	0.00011415499999999997	0.00011415499999999997	0.00011415499999999997	0.00011415499999999997	0.00011415499999999997	0.00011415499999999997	0.00011415499999999997	0.00011415499999999997	0.00011415499999999997	0.00011415499999999997	0.00011415499999999997	0.00011415499999999997	0.00011415499999999997	0.00011415499999999997	0.00011415499999999997
15	0.00011415499999999997	0.00011415499999999997	0.00011415499999999997	0.00011415499999999997	0.00011415499999999997	0.00011415499999999997	0.00011415499999999997	0.00011415499999999997	0.00011415499999999997	0.00011415499999999997	0.00011415499999999997	0.00011415499999999997	0.00011415499999999997	0.00011415499999999997	0.00011415499999999997	0.00011415499999999997
16	0.00011415499999999997	0.00011415499999999997	0.00011415499999999997	0.00011415499999999997	0.00011415499999999997	0.00011415499999999997	0.00011415499999999997	0.00011415499999999997	0.00011415499999999997	0.00011415499999999997	0.00011415499999999997	0.00011415499999999997	0.00011415499999999997	0.00011415499999999997	0.00011415499999999997	0.00011415499999999997
17	0.00011415499999999997	0.00011415499999999997	0.00011415499999999997	0.00011415499999999997	0.00011415499999999997	0.00011415499999999997	0.00011415499999999997	0.00011415499999999997	0.00011415499999999997	0.00011415499999999997	0.00011415499999999997	0.00011415499999999997	0.00011415499999999997	0.00011415499999999997	0.00011415499999999997	0.00011415499999999997
18	0.00011415499999999997	0.00011415499999999997	0.00011415499999999997	0.00011415499999999997	0.00011415499999999997	0.00011415499999999997	0.00011415499999999997	0.00011415499999999997	0.00011415499999999997	0.00011415499999999997	0.00011415499999999997	0.00011415499999999997	0.00011415499999999997	0.00011415499999999997	0.00011415499999999997	0.00011415499999999997
19	0.00011415499999999997	0.00011415499999999997	0.00011415499999999997	0.00011415499999999997	0.00011415499999999997	0.00011415499999999997	0.00011415499999999997	0.00011415499999999997	0.00011415499999999997	0.00011415499999999997	0.00011415499999999997	0.00011415499999999997	0.00011415499999999997	0.00011415499999999997	0.00011415499999999997	0.00011415499999999997
20	0.00011415499999999997	0.00011415499999999997	0.00011415499999999997	0.00011415499999999997	0.00011415499999999997	0.00011415499999999997	0.00011415499999999997	0.00011415499999999997	0.00011415499999999997	0.00011415499999999997	0.00011415499999999997	0.00011415499999999997	0.00011415499999999997	0.00011415499999999997	0.00011415499999999997	0.00011415499999999997
21	0.00011415499999999997	0.00011415499999999997	0.00011415499999999997	0.00011415499999999997	0.00011415499999999997	0.00011415499999999997	0.00011415499999999997	0.00011415499999999997	0.00011415499999999997	0.00011415499999999997	0.00011415499999999997	0.00011415499999999997	0.00011415499999999997	0.00011415499999999997	0.00011415499999999997	0.00011415499999999997
22	0.00011415499999999997	0.00011415499999999997	0.00011415499999999997	0.00011415499999999997	0.00011415499999999997	0.00011415499999999997	0.00011415499999999997	0.00011415499999999997	0.00011415499999999997	0.00011415499999999997	0.00011415499999999997	0.00011415499999999997	0.00011415499999999997	0.00011415499999999997	0.00011415499999999997	0.00011415499999999997
23	0.00011415499999999997	0.00011415499999999997	0.00011415499999999997	0.00011415499999999997	0.00011415499999999997	0.00011415499999999997	0.00011415499999999997	0.00011415499999999997	0.00011415499999999997	0.00011415499999999997	0.00011415499999999997	0.00011415499999999997	0.00011415499999999997	0.00011415499999999997	0.00011415499999999997	0.00011415499999999997
24	0.00011415499999999997	0.00011415499999999997	0.00011415499999999997	0.00011415499999999997	0.00011415499999999997	0.00011415499999999997	0.00011415499999999997	0.00011415499999999997	0.00011415499999999997	0.00011415499999999997	0.00011415499999999997	0.00011415499999999997	0.00011415499999999997	0.00011415499999999997	0.00011415499999999997	0.00011415499999999997
["SA-SC",*,*] : 	1	2	3	4	5	6	7	8	9	10	11	12	13	14	15	16 := 
1	0.00011415499999999997	0.00011415499999999997	0.00011415499999999997	0.00011415499999999997	0.00011415499999999997	0.00011415499999999997	0.00011415499999999997	0.00011415499999999997	0.00011415499999999997	0.00011415499999999997	0.00011415499999999997	0.00011415499999999997	0.00011415499999999997	0.00011415499999999997	0.00011415499999999997	0.00011415499999999997
2	0.00011415499999999997	0.00011415499999999997	0.00011415499999999997	0.00011415499999999997	0.00011415499999999997	0.00011415499999999997	0.00011415499999999997	0.00011415499999999997	0.00011415499999999997	0.00011415499999999997	0.00011415499999999997	0.00011415499999999997	0.00011415499999999997	0.00011415499999999997	0.00011415499999999997	0.00011415499999999997
3	0.00011415499999999997	0.00011415499999999997	0.00011415499999999997	0.00011415499999999997	0.00011415499999999997	0.00011415499999999997	0.00011415499999999997	0.00011415499999999997	0.00011415499999999997	0.00011415499999999997	0.00011415499999999997	0.00011415499999999997	0.00011415499999999997	0.00011415499999999997	0.00011415499999999997	0.00011415499999999997
4	0.00011415499999999997	0.00011415499999999997	0.00011415499999999997	0.00011415499999999997	0.00011415499999999997	0.00011415499999999997	0.00011415499999999997	0.00011415499999999997	0.00011415499999999997	0.00011415499999999997	0.00011415499999999997	0.00011415499999999997	0.00011415499999999997	0.00011415499999999997	0.00011415499999999997	0.00011415499999999997
5	0.00011415499999999997	0.00011415499999999997	0.00011415499999999997	0.00011415499999999997	0.00011415499999999997	0.00011415499999999997	0.00011415499999999997	0.00011415499999999997	0.00011415499999999997	0.00011415499999999997	0.00011415499999999997	0.00011415499999999997	0.00011415499999999997	0.00011415499999999997	0.00011415499999999997	0.00011415499999999997
6	0.00011415499999999997	0.00011415499999999997	0.00011415499999999997	0.00011415499999999997	0.00011415499999999997	0.00011415499999999997	0.00011415499999999997	0.00011415499999999997	0.00011415499999999997	0.00011415499999999997	0.00011415499999999997	0.00011415499999999997	0.00011415499999999997	0.00011415499999999997	0.00011415499999999997	0.00011415499999999997
7	0.00011415499999999997	0.00011415499999999997	0.00011415499999999997	0.00011415499999999997	0.00011415499999999997	0.00011415499999999997	0.00011415499999999997	0.00011415499999999997	0.00011415499999999997	0.00011415499999999997	0.00011415499999999997	0.00011415499999999997	0.00011415499999999997	0.00011415499999999997	0.00011415499999999997	0.00011415499999999997
8	0.00011415499999999997	0.00011415499999999997	0.00011415499999999997	0.00011415499999999997	0.00011415499999999997	0.00011415499999999997	0.00011415499999999997	0.00011415499999999997	0.00011415499999999997	0.00011415499999999997	0.00011415499999999997	0.00011415499999999997	0.00011415499999999997	0.00011415499999999997	0.00011415499999999997	0.00011415499999999997
9	0.00011415499999999997	0.00011415499999999997	0.00011415499999999997	0.00011415499999999997	0.00011415499999999997	0.00011415499999999997	0.00011415499999999997	0.00011415499999999997	0.00011415499999999997	0.00011415499999999997	0.00011415499999999997	0.00011415499999999997	0.00011415499999999997	0.00011415499999999997	0.00011415499999999997	0.00011415499999999997
10	0.00011415499999999997	0.00011415499999999997	0.00011415499999999997	0.00011415499999999997	0.00011415499999999997	0.00011415499999999997	0.00011415499999999997	0.00011415499999999997	0.00011415499999999997	0.00011415499999999997	0.00011415499999999997	0.00011415499999999997	0.00011415499999999997	0.00011415499999999997	0.00011415499999999997	0.00011415499999999997
11	0.00011415499999999997	0.00011415499999999997	0.00011415499999999997	0.00011415499999999997	0.00011415499999999997	0.00011415499999999997	0.00011415499999999997	0.00011415499999999997	0.00011415499999999997	0.00011415499999999997	0.00011415499999999997	0.00011415499999999997	0.00011415499999999997	0.00011415499999999997	0.00011415499999999997	0.00011415499999999997
12	0.00011415499999999997	0.00011415499999999997	0.00011415499999999997	0.00011415499999999997	0.00011415499999999997	0.00011415499999999997	0.00011415499999999997	0.00011415499999999997	0.00011415499999999997	0.00011415499999999997	0.00011415499999999997	0.00011415499999999997	0.00011415499999999997	0.00011415499999999997	0.00011415499999999997	0.00011415499999999997
13	0.00011415499999999997	0.00011415499999999997	0.00011415499999999997	0.00011415499999999997	0.00011415499999999997	0.00011415499999999997	0.00011415499999999997	0.00011415499999999997	0.00011415499999999997	0.00011415499999999997	0.00011415499999999997	0.00011415499999999997	0.00011415499999999997	0.00011415499999999997	0.00011415499999999997	0.00011415499999999997
14	0.00011415499999999997	0.00011415499999999997	0.00011415499999999997	0.00011415499999999997	0.00011415499999999997	0.00011415499999999997	0.00011415499999999997	0.00011415499999999997	0.00011415499999999997	0.00011415499999999997	0.00011415499999999997	0.00011415499999999997	0.00011415499999999997	0.00011415499999999997	0.00011415499999999997	0.00011415499999999997
15	0.00011415499999999997	0.00011415499999999997	0.00011415499999999997	0.00011415499999999997	0.00011415499999999997	0.00011415499999999997	0.00011415499999999997	0.00011415499999999997	0.00011415499999999997	0.00011415499999999997	0.00011415499999999997	0.00011415499999999997	0.00011415499999999997	0.00011415499999999997	0.00011415499999999997	0.00011415499999999997
16	0.00011415499999999997	0.00011415499999999997	0.00011415499999999997	0.00011415499999999997	0.00011415499999999997	0.00011415499999999997	0.00011415499999999997	0.00011415499999999997	0.00011415499999999997	0.00011415499999999997	0.00011415499999999997	0.00011415499999999997	0.00011415499999999997	0.00011415499999999997	0.00011415499999999997	0.00011415499999999997
17	0.00011415499999999997	0.00011415499999999997	0.00011415499999999997	0.00011415499999999997	0.00011415499999999997	0.00011415499999999997	0.00011415499999999997	0.00011415499999999997	0.00011415499999999997	0.00011415499999999997	0.00011415499999999997	0.00011415499999999997	0.00011415499999999997	0.00011415499999999997	0.00011415499999999997	0.00011415499999999997
18	0.00011415499999999997	0.00011415499999999997	0.00011415499999999997	0.00011415499999999997	0.00011415499999999997	0.00011415499999999997	0.00011415499999999997	0.00011415499999999997	0.00011415499999999997	0.00011415499999999997	0.00011415499999999997	0.00011415499999999997	0.00011415499999999997	0.00011415499999999997	0.00011415499999999997	0.00011415499999999997
19	0.00011415499999999997	0.00011415499999999997	0.00011415499999999997	0.00011415499999999997	0.00011415499999999997	0.00011415499999999997	0.00011415499999999997	0.00011415499999999997	0.00011415499999999997	0.00011415499999999997	0.00011415499999999997	0.00011415499999999997	0.00011415499999999997	0.00011415499999999997	0.00011415499999999997	0.00011415499999999997
20	0.00011415499999999997	0.00011415499999999997	0.00011415499999999997	0.00011415499999999997	0.00011415499999999997	0.00011415499999999997	0.00011415499999999997	0.00011415499999999997	0.00011415499999999997	0.00011415499999999997	0.00011415499999999997	0.00011415499999999997	0.00011415499999999997	0.00011415499999999997	0.00011415499999999997	0.00011415499999999997
21	0.00011415499999999997	0.00011415499999999997	0.00011415499999999997	0.00011415499999999997	0.00011415499999999997	0.00011415499999999997	0.00011415499999999997	0.00011415499999999997	0.00011415499999999997	0.00011415499999999997	0.00011415499999999997	0.00011415499999999997	0.00011415499999999997	0.00011415499999999997	0.00011415499999999997	0.00011415499999999997
22	0.00011415499999999997	0.00011415499999999997	0.00011415499999999997	0.00011415499999999997	0.00011415499999999997	0.00011415499999999997	0.00011415499999999997	0.00011415499999999997	0.00011415499999999997	0.00011415499999999997	0.00011415499999999997	0.00011415499999999997	0.00011415499999999997	0.00011415499999999997	0.00011415499999999997	0.00011415499999999997
23	0.00011415499999999997	0.00011415499999999997	0.00011415499999999997	0.00011415499999999997	0.00011415499999999997	0.00011415499999999997	0.00011415499999999997	0.00011415499999999997	0.00011415499999999997	0.00011415499999999997	0.00011415499999999997	0.00011415499999999997	0.00011415499999999997	0.00011415499999999997	0.00011415499999999997	0.00011415499999999997
24	0.00011415499999999997	0.00011415499999999997	0.00011415499999999997	0.00011415499999999997	0.00011415499999999997	0.00011415499999999997	0.00011415499999999997	0.00011415499999999997	0.00011415499999999997	0.00011415499999999997	0.00011415499999999997	0.00011415499999999997	0.00011415499999999997	0.00011415499999999997	0.00011415499999999997	0.00011415499999999997
["SA-TJ",*,*] : 	1	2	3	4	5	6	7	8	9	10	11	12	13	14	15	16 := 
1	0.00011415499999999997	0.00011415499999999997	0.00011415499999999997	0.00011415499999999997	0.00011415499999999997	0.00011415499999999997	0.00011415499999999997	0.00011415499999999997	0.00011415499999999997	0.00011415499999999997	0.00011415499999999997	0.00011415499999999997	0.00011415499999999997	0.00011415499999999997	0.00011415499999999997	0.00011415499999999997
2	0.00011415499999999997	0.00011415499999999997	0.00011415499999999997	0.00011415499999999997	0.00011415499999999997	0.00011415499999999997	0.00011415499999999997	0.00011415499999999997	0.00011415499999999997	0.00011415499999999997	0.00011415499999999997	0.00011415499999999997	0.00011415499999999997	0.00011415499999999997	0.00011415499999999997	0.00011415499999999997
3	0.00011415499999999997	0.00011415499999999997	0.00011415499999999997	0.00011415499999999997	0.00011415499999999997	0.00011415499999999997	0.00011415499999999997	0.00011415499999999997	0.00011415499999999997	0.00011415499999999997	0.00011415499999999997	0.00011415499999999997	0.00011415499999999997	0.00011415499999999997	0.00011415499999999997	0.00011415499999999997
4	0.00011415499999999997	0.00011415499999999997	0.00011415499999999997	0.00011415499999999997	0.00011415499999999997	0.00011415499999999997	0.00011415499999999997	0.00011415499999999997	0.00011415499999999997	0.00011415499999999997	0.00011415499999999997	0.00011415499999999997	0.00011415499999999997	0.00011415499999999997	0.00011415499999999997	0.00011415499999999997
5	0.00011415499999999997	0.00011415499999999997	0.00011415499999999997	0.00011415499999999997	0.00011415499999999997	0.00011415499999999997	0.00011415499999999997	0.00011415499999999997	0.00011415499999999997	0.00011415499999999997	0.00011415499999999997	0.00011415499999999997	0.00011415499999999997	0.00011415499999999997	0.00011415499999999997	0.00011415499999999997
6	0.00011415499999999997	0.00011415499999999997	0.00011415499999999997	0.00011415499999999997	0.00011415499999999997	0.00011415499999999997	0.00011415499999999997	0.00011415499999999997	0.00011415499999999997	0.00011415499999999997	0.00011415499999999997	0.00011415499999999997	0.00011415499999999997	0.00011415499999999997	0.00011415499999999997	0.00011415499999999997
7	0.00011415499999999997	0.00011415499999999997	0.00011415499999999997	0.00011415499999999997	0.00011415499999999997	0.00011415499999999997	0.00011415499999999997	0.00011415499999999997	0.00011415499999999997	0.00011415499999999997	0.00011415499999999997	0.00011415499999999997	0.00011415499999999997	0.00011415499999999997	0.00011415499999999997	0.00011415499999999997
8	0.00011415499999999997	0.00011415499999999997	0.00011415499999999997	0.00011415499999999997	0.00011415499999999997	0.00011415499999999997	0.00011415499999999997	0.00011415499999999997	0.00011415499999999997	0.00011415499999999997	0.00011415499999999997	0.00011415499999999997	0.00011415499999999997	0.00011415499999999997	0.00011415499999999997	0.00011415499999999997
9	0.00011415499999999997	0.00011415499999999997	0.00011415499999999997	0.00011415499999999997	0.00011415499999999997	0.00011415499999999997	0.00011415499999999997	0.00011415499999999997	0.00011415499999999997	0.00011415499999999997	0.00011415499999999997	0.00011415499999999997	0.00011415499999999997	0.00011415499999999997	0.00011415499999999997	0.00011415499999999997
10	0.00011415499999999997	0.00011415499999999997	0.00011415499999999997	0.00011415499999999997	0.00011415499999999997	0.00011415499999999997	0.00011415499999999997	0.00011415499999999997	0.00011415499999999997	0.00011415499999999997	0.00011415499999999997	0.00011415499999999997	0.00011415499999999997	0.00011415499999999997	0.00011415499999999997	0.00011415499999999997
11	0.00011415499999999997	0.00011415499999999997	0.00011415499999999997	0.00011415499999999997	0.00011415499999999997	0.00011415499999999997	0.00011415499999999997	0.00011415499999999997	0.00011415499999999997	0.00011415499999999997	0.00011415499999999997	0.00011415499999999997	0.00011415499999999997	0.00011415499999999997	0.00011415499999999997	0.00011415499999999997
12	0.00011415499999999997	0.00011415499999999997	0.00011415499999999997	0.00011415499999999997	0.00011415499999999997	0.00011415499999999997	0.00011415499999999997	0.00011415499999999997	0.00011415499999999997	0.00011415499999999997	0.00011415499999999997	0.00011415499999999997	0.00011415499999999997	0.00011415499999999997	0.00011415499999999997	0.00011415499999999997
13	0.00011415499999999997	0.00011415499999999997	0.00011415499999999997	0.00011415499999999997	0.00011415499999999997	0.00011415499999999997	0.00011415499999999997	0.00011415499999999997	0.00011415499999999997	0.00011415499999999997	0.00011415499999999997	0.00011415499999999997	0.00011415499999999997	0.00011415499999999997	0.00011415499999999997	0.00011415499999999997
14	0.00011415499999999997	0.00011415499999999997	0.00011415499999999997	0.00011415499999999997	0.00011415499999999997	0.00011415499999999997	0.00011415499999999997	0.00011415499999999997	0.00011415499999999997	0.00011415499999999997	0.00011415499999999997	0.00011415499999999997	0.00011415499999999997	0.00011415499999999997	0.00011415499999999997	0.00011415499999999997
15	0.00011415499999999997	0.00011415499999999997	0.00011415499999999997	0.00011415499999999997	0.00011415499999999997	0.00011415499999999997	0.00011415499999999997	0.00011415499999999997	0.00011415499999999997	0.00011415499999999997	0.00011415499999999997	0.00011415499999999997	0.00011415499999999997	0.00011415499999999997	0.00011415499999999997	0.00011415499999999997
16	0.00011415499999999997	0.00011415499999999997	0.00011415499999999997	0.00011415499999999997	0.00011415499999999997	0.00011415499999999997	0.00011415499999999997	0.00011415499999999997	0.00011415499999999997	0.00011415499999999997	0.00011415499999999997	0.00011415499999999997	0.00011415499999999997	0.00011415499999999997	0.00011415499999999997	0.00011415499999999997
17	0.00011415499999999997	0.00011415499999999997	0.00011415499999999997	0.00011415499999999997	0.00011415499999999997	0.00011415499999999997	0.00011415499999999997	0.00011415499999999997	0.00011415499999999997	0.00011415499999999997	0.00011415499999999997	0.00011415499999999997	0.00011415499999999997	0.00011415499999999997	0.00011415499999999997	0.00011415499999999997
18	0.00011415499999999997	0.00011415499999999997	0.00011415499999999997	0.00011415499999999997	0.00011415499999999997	0.00011415499999999997	0.00011415499999999997	0.00011415499999999997	0.00011415499999999997	0.00011415499999999997	0.00011415499999999997	0.00011415499999999997	0.00011415499999999997	0.00011415499999999997	0.00011415499999999997	0.00011415499999999997
19	0.00011415499999999997	0.00011415499999999997	0.00011415499999999997	0.00011415499999999997	0.00011415499999999997	0.00011415499999999997	0.00011415499999999997	0.00011415499999999997	0.00011415499999999997	0.00011415499999999997	0.00011415499999999997	0.00011415499999999997	0.00011415499999999997	0.00011415499999999997	0.00011415499999999997	0.00011415499999999997
20	0.00011415499999999997	0.00011415499999999997	0.00011415499999999997	0.00011415499999999997	0.00011415499999999997	0.00011415499999999997	0.00011415499999999997	0.00011415499999999997	0.00011415499999999997	0.00011415499999999997	0.00011415499999999997	0.00011415499999999997	0.00011415499999999997	0.00011415499999999997	0.00011415499999999997	0.00011415499999999997
21	0.00011415499999999997	0.00011415499999999997	0.00011415499999999997	0.00011415499999999997	0.00011415499999999997	0.00011415499999999997	0.00011415499999999997	0.00011415499999999997	0.00011415499999999997	0.00011415499999999997	0.00011415499999999997	0.00011415499999999997	0.00011415499999999997	0.00011415499999999997	0.00011415499999999997	0.00011415499999999997
22	0.00011415499999999997	0.00011415499999999997	0.00011415499999999997	0.00011415499999999997	0.00011415499999999997	0.00011415499999999997	0.00011415499999999997	0.00011415499999999997	0.00011415499999999997	0.00011415499999999997	0.00011415499999999997	0.00011415499999999997	0.00011415499999999997	0.00011415499999999997	0.00011415499999999997	0.00011415499999999997
23	0.00011415499999999997	0.00011415499999999997	0.00011415499999999997	0.00011415499999999997	0.00011415499999999997	0.00011415499999999997	0.00011415499999999997	0.00011415499999999997	0.00011415499999999997	0.00011415499999999997	0.00011415499999999997	0.00011415499999999997	0.00011415499999999997	0.00011415499999999997	0.00011415499999999997	0.00011415499999999997
24	0.00011415499999999997	0.00011415499999999997	0.00011415499999999997	0.00011415499999999997	0.00011415499999999997	0.00011415499999999997	0.00011415499999999997	0.00011415499999999997	0.00011415499999999997	0.00011415499999999997	0.00011415499999999997	0.00011415499999999997	0.00011415499999999997	0.00011415499999999997	0.00011415499999999997	0.00011415499999999997
["SIN",*,*] : 	1	2	3	4	5	6	7	8	9	10	11	12	13	14	15	16 := 
1	0.00011415499999999997	0.00011415499999999997	0.00011415499999999997	0.00011415499999999997	0.00011415499999999997	0.00011415499999999997	0.00011415499999999997	0.00011415499999999997	0.00011415499999999997	0.00011415499999999997	0.00011415499999999997	0.00011415499999999997	0.00011415499999999997	0.00011415499999999997	0.00011415499999999997	0.00011415499999999997
2	0.00011415499999999997	0.00011415499999999997	0.00011415499999999997	0.00011415499999999997	0.00011415499999999997	0.00011415499999999997	0.00011415499999999997	0.00011415499999999997	0.00011415499999999997	0.00011415499999999997	0.00011415499999999997	0.00011415499999999997	0.00011415499999999997	0.00011415499999999997	0.00011415499999999997	0.00011415499999999997
3	0.00011415499999999997	0.00011415499999999997	0.00011415499999999997	0.00011415499999999997	0.00011415499999999997	0.00011415499999999997	0.00011415499999999997	0.00011415499999999997	0.00011415499999999997	0.00011415499999999997	0.00011415499999999997	0.00011415499999999997	0.00011415499999999997	0.00011415499999999997	0.00011415499999999997	0.00011415499999999997
4	0.00011415499999999997	0.00011415499999999997	0.00011415499999999997	0.00011415499999999997	0.00011415499999999997	0.00011415499999999997	0.00011415499999999997	0.00011415499999999997	0.00011415499999999997	0.00011415499999999997	0.00011415499999999997	0.00011415499999999997	0.00011415499999999997	0.00011415499999999997	0.00011415499999999997	0.00011415499999999997
5	0.00011415499999999997	0.00011415499999999997	0.00011415499999999997	0.00011415499999999997	0.00011415499999999997	0.00011415499999999997	0.00011415499999999997	0.00011415499999999997	0.00011415499999999997	0.00011415499999999997	0.00011415499999999997	0.00011415499999999997	0.00011415499999999997	0.00011415499999999997	0.00011415499999999997	0.00011415499999999997
6	0.00011415499999999997	0.00011415499999999997	0.00011415499999999997	0.00011415499999999997	0.00011415499999999997	0.00011415499999999997	0.00011415499999999997	0.00011415499999999997	0.00011415499999999997	0.00011415499999999997	0.00011415499999999997	0.00011415499999999997	0.00011415499999999997	0.00011415499999999997	0.00011415499999999997	0.00011415499999999997
7	0.00011415499999999997	0.00011415499999999997	0.00011415499999999997	0.00011415499999999997	0.00011415499999999997	0.00011415499999999997	0.00011415499999999997	0.00011415499999999997	0.00011415499999999997	0.00011415499999999997	0.00011415499999999997	0.00011415499999999997	0.00011415499999999997	0.00011415499999999997	0.00011415499999999997	0.00011415499999999997
8	0.00011415499999999997	0.00011415499999999997	0.00011415499999999997	0.00011415499999999997	0.00011415499999999997	0.00011415499999999997	0.00011415499999999997	0.00011415499999999997	0.00011415499999999997	0.00011415499999999997	0.00011415499999999997	0.00011415499999999997	0.00011415499999999997	0.00011415499999999997	0.00011415499999999997	0.00011415499999999997
9	0.00011415499999999997	0.00011415499999999997	0.00011415499999999997	0.00011415499999999997	0.00011415499999999997	0.00011415499999999997	0.00011415499999999997	0.00011415499999999997	0.00011415499999999997	0.00011415499999999997	0.00011415499999999997	0.00011415499999999997	0.00011415499999999997	0.00011415499999999997	0.00011415499999999997	0.00011415499999999997
10	0.00011415499999999997	0.00011415499999999997	0.00011415499999999997	0.00011415499999999997	0.00011415499999999997	0.00011415499999999997	0.00011415499999999997	0.00011415499999999997	0.00011415499999999997	0.00011415499999999997	0.00011415499999999997	0.00011415499999999997	0.00011415499999999997	0.00011415499999999997	0.00011415499999999997	0.00011415499999999997
11	0.00011415499999999997	0.00011415499999999997	0.00011415499999999997	0.00011415499999999997	0.00011415499999999997	0.00011415499999999997	0.00011415499999999997	0.00011415499999999997	0.00011415499999999997	0.00011415499999999997	0.00011415499999999997	0.00011415499999999997	0.00011415499999999997	0.00011415499999999997	0.00011415499999999997	0.00011415499999999997
12	0.00011415499999999997	0.00011415499999999997	0.00011415499999999997	0.00011415499999999997	0.00011415499999999997	0.00011415499999999997	0.00011415499999999997	0.00011415499999999997	0.00011415499999999997	0.00011415499999999997	0.00011415499999999997	0.00011415499999999997	0.00011415499999999997	0.00011415499999999997	0.00011415499999999997	0.00011415499999999997
13	0.00011415499999999997	0.00011415499999999997	0.00011415499999999997	0.00011415499999999997	0.00011415499999999997	0.00011415499999999997	0.00011415499999999997	0.00011415499999999997	0.00011415499999999997	0.00011415499999999997	0.00011415499999999997	0.00011415499999999997	0.00011415499999999997	0.00011415499999999997	0.00011415499999999997	0.00011415499999999997
14	0.00011415499999999997	0.00011415499999999997	0.00011415499999999997	0.00011415499999999997	0.00011415499999999997	0.00011415499999999997	0.00011415499999999997	0.00011415499999999997	0.00011415499999999997	0.00011415499999999997	0.00011415499999999997	0.00011415499999999997	0.00011415499999999997	0.00011415499999999997	0.00011415499999999997	0.00011415499999999997
15	0.00011415499999999997	0.00011415499999999997	0.00011415499999999997	0.00011415499999999997	0.00011415499999999997	0.00011415499999999997	0.00011415499999999997	0.00011415499999999997	0.00011415499999999997	0.00011415499999999997	0.00011415499999999997	0.00011415499999999997	0.00011415499999999997	0.00011415499999999997	0.00011415499999999997	0.00011415499999999997
16	0.00011415499999999997	0.00011415499999999997	0.00011415499999999997	0.00011415499999999997	0.00011415499999999997	0.00011415499999999997	0.00011415499999999997	0.00011415499999999997	0.00011415499999999997	0.00011415499999999997	0.00011415499999999997	0.00011415499999999997	0.00011415499999999997	0.00011415499999999997	0.00011415499999999997	0.00011415499999999997
17	0.00011415499999999997	0.00011415499999999997	0.00011415499999999997	0.00011415499999999997	0.00011415499999999997	0.00011415499999999997	0.00011415499999999997	0.00011415499999999997	0.00011415499999999997	0.00011415499999999997	0.00011415499999999997	0.00011415499999999997	0.00011415499999999997	0.00011415499999999997	0.00011415499999999997	0.00011415499999999997
18	0.00011415499999999997	0.00011415499999999997	0.00011415499999999997	0.00011415499999999997	0.00011415499999999997	0.00011415499999999997	0.00011415499999999997	0.00011415499999999997	0.00011415499999999997	0.00011415499999999997	0.00011415499999999997	0.00011415499999999997	0.00011415499999999997	0.00011415499999999997	0.00011415499999999997	0.00011415499999999997
19	0.00011415499999999997	0.00011415499999999997	0.00011415499999999997	0.00011415499999999997	0.00011415499999999997	0.00011415499999999997	0.00011415499999999997	0.00011415499999999997	0.00011415499999999997	0.00011415499999999997	0.00011415499999999997	0.00011415499999999997	0.00011415499999999997	0.00011415499999999997	0.00011415499999999997	0.00011415499999999997
20	0.00011415499999999997	0.00011415499999999997	0.00011415499999999997	0.00011415499999999997	0.00011415499999999997	0.00011415499999999997	0.00011415499999999997	0.00011415499999999997	0.00011415499999999997	0.00011415499999999997	0.00011415499999999997	0.00011415499999999997	0.00011415499999999997	0.00011415499999999997	0.00011415499999999997	0.00011415499999999997
21	0.00011415499999999997	0.00011415499999999997	0.00011415499999999997	0.00011415499999999997	0.00011415499999999997	0.00011415499999999997	0.00011415499999999997	0.00011415499999999997	0.00011415499999999997	0.00011415499999999997	0.00011415499999999997	0.00011415499999999997	0.00011415499999999997	0.00011415499999999997	0.00011415499999999997	0.00011415499999999997
22	0.00011415499999999997	0.00011415499999999997	0.00011415499999999997	0.00011415499999999997	0.00011415499999999997	0.00011415499999999997	0.00011415499999999997	0.00011415499999999997	0.00011415499999999997	0.00011415499999999997	0.00011415499999999997	0.00011415499999999997	0.00011415499999999997	0.00011415499999999997	0.00011415499999999997	0.00011415499999999997
23	0.00011415499999999997	0.00011415499999999997	0.00011415499999999997	0.00011415499999999997	0.00011415499999999997	0.00011415499999999997	0.00011415499999999997	0.00011415499999999997	0.00011415499999999997	0.00011415499999999997	0.00011415499999999997	0.00011415499999999997	0.00011415499999999997	0.00011415499999999997	0.00011415499999999997	0.00011415499999999997
24	0.00011415499999999997	0.00011415499999999997	0.00011415499999999997	0.00011415499999999997	0.00011415499999999997	0.00011415499999999997	0.00011415499999999997	0.00011415499999999997	0.00011415499999999997	0.00011415499999999997	0.00011415499999999997	0.00011415499999999997	0.00011415499999999997	0.00011415499999999997	0.00011415499999999997	0.00011415499999999997
;
  
 param  c_p_t:= 
["WIND_OFFSHORE","SA-BN",*,*] :	1	2	3	4	5	6	7	8	9	10	11	12	13	14	15	16 := 
1	0.008716086850634146	0.2764244686915401	0.3075533503009477	0.031128881609407667	0.18179266859894075	0.19424422124270382	0.2988372634503136	0.17432173701268294	0.3598498714047526	0.2042054633577143	0.5291909873599303	0.01494186317251568	0.03984496846004181	0.18303782386331707	0.02241279475877352	0.01120639737938676
2	0.021167639494397213	0.2776696239559164	0.3337016108528502	0.02988372634503136	0.17307658174830665	0.23159887917399302	0.27268900289841114	0.1680959606908014	0.4843653978423833	0.22039248179460627	0.5229652110380487	0.028638571080655054	0.028638571080655054	0.19424422124270382	0.01120639737938676	0.009961242115010453
3	0.036109502666912895	0.2789147792202927	0.3349467661172265	0.061012607954439024	0.17058627121955403	0.23408918970274564	0.26023745025464806	0.18179266859894075	0.4968169504861464	0.2540116739327665	0.5590747137049616	0.05105136583942858	0.019922484230020906	0.17930235807018816	0.0024903105287526132	0.00373546579312892
4	0.06350291848319163	0.2751793134271638	0.3374370766459791	0.10334788694323345	0.186773289656446	0.2988372634503136	0.25027620813963763	0.1905087554495749	0.5130039689230383	0.27019869236965854	0.4856105531067596	0.06972869480507317	0.012451552643763067	0.12327037117325436	0.0012451552643763066	0.00373546579312892
5	0.10085757641448084	0.2677083818409059	0.32374036873783973	0.1120639737938676	0.19548937650708015	0.3013275739790662	0.19922484230020907	0.1506637869895331	0.5578295584405853	0.2540116739327665	0.3785272003703972	0.06972869480507317	0.00747093158625784	0.09587695535697562	0.0012451552643763066	0.0
6	0.12576068170200697	0.27144384763403484	0.28638571080655056	0.09712211062135191	0.19548937650708015	0.32125005820908714	0.15813471857579095	0.1519089422539094	0.4756493109917491	0.2042054633577143	0.34117254243910805	0.048561055310675956	0.00747093158625784	0.13945738961014634	0.021167639494397213	0.0
7	0.10957366326511497	0.21790217126585365	0.2278634133808641	0.09089633429947037	0.1481734764607805	0.2764244686915401	0.1319864580238885	0.16560565016204878	0.35611440561162366	0.1332316132882648	0.3349467661172265	0.027393415816278743	0.00747093158625784	0.16062502910454357	0.0373546579312892	0.0012451552643763066
8	0.034864347402536584	0.12451552643763067	0.1319864580238885	0.02614826055190244	0.043580434253170736	0.19299906597832753	0.05976745269006272	0.05852229742568641	0.2066957738864669	0.03984496846004181	0.33992738717473175	0.013696707908139372	0.006225776321881533	0.08591571324196516	0.008716086850634146	0.0
9	0.012451552643763067	0.33245645558847386	0.21541186073710103	0.017432173701268292	0.049806210575052266	0.18428297912769337	0.0759544711269547	0.036109502666912895	0.43331403200295465	0.0049806210575052265	0.7396222270395261	0.05354167636818118	0.0012451552643763066	0.09089633429947037	0.0024903105287526132	0.0
10	0.006225776321881533	0.556584403176209	0.18303782386331707	0.02614826055190244	0.09587695535697562	0.2764244686915401	0.15937987384016725	0.23657950023149826	0.608880924280014	0.04109012372441812	0.6449904269469269	0.10957366326511497	0.0	0.12949614749513588	0.006225776321881533	0.0012451552643763066
11	0.0024903105287526132	0.6250679427169059	0.10832850800073866	0.008716086850634146	0.09836726588572822	0.31128881609407666	0.1755668922770592	0.29510179765718464	0.5665456452912195	0.093386644828223	0.41712701356606274	0.0759544711269547	0.0	0.15564440804703833	0.009961242115010453	0.0
12	0.0012451552643763066	0.5864681295212404	0.06723838427632056	0.0012451552643763066	0.09089633429947037	0.28763086607092686	0.17930235807018816	0.3274758345309687	0.43206887673857836	0.1319864580238885	0.23782465549587456	0.04607074478192334	0.0	0.15439925278266203	0.013696707908139372	0.0
13	0.0	0.49308148469301744	0.04731590004629965	0.0	0.08591571324196516	0.2540116739327665	0.1531540975182857	0.32374036873783973	0.2975921081859373	0.1519089422539094	0.11828975011574913	0.02988372634503136	0.0	0.13945738961014634	0.02241279475877352	0.0
14	0.0	0.3822626661635261	0.036109502666912895	0.0024903105287526132	0.07346416059820209	0.2228827923233589	0.11455428432262021	0.3075533503009477	0.2054506186220906	0.15688956331141463	0.049806210575052266	0.024903105287526133	0.0012451552643763066	0.12451552643763067	0.028638571080655054	0.0
15	0.0	0.2440504318177561	0.027393415816278743	0.006225776321881533	0.06599322901194425	0.19424422124270382	0.07844478165570731	0.29136633186405575	0.1481734764607805	0.1506637869895331	0.0186773289656446	0.0186773289656446	0.0012451552643763066	0.11828975011574913	0.027393415816278743	0.0
16	0.0	0.12700583696638326	0.0186773289656446	0.0049806210575052265	0.05976745269006272	0.15564440804703833	0.05852229742568641	0.2789147792202927	0.12949614749513588	0.14070254487452266	0.008716086850634146	0.017432173701268292	0.00373546579312892	0.1282509922307596	0.02241279475877352	0.0012451552643763066
17	0.0	0.062257763218815335	0.008716086850634146	0.0024903105287526132	0.05478683163255749	0.1519089422539094	0.05478683163255749	0.2764244686915401	0.14194770013889896	0.13696707908139374	0.0049806210575052265	0.01494186317251568	0.00747093158625784	0.1282509922307596	0.013696707908139372	0.01120639737938676
18	0.0	0.0373546579312892	0.00747093158625784	0.00373546579312892	0.08467055797758885	0.19175391071395123	0.07221900533382579	0.296346952921561	0.17930235807018816	0.17930235807018816	0.009961242115010453	0.024903105287526133	0.019922484230020906	0.1319864580238885	0.013696707908139372	0.034864347402536584
19	0.0	0.0373546579312892	0.0049806210575052265	0.0049806210575052265	0.18179266859894075	0.3038178845078188	0.09089633429947037	0.33121130032409757	0.26895353710528225	0.3772820451060209	0.027393415816278743	0.06350291848319163	0.06972869480507317	0.1531540975182857	0.019922484230020906	0.09089633429947037
20	0.0012451552643763066	0.061012607954439024	0.006225776321881533	0.008716086850634146	0.27019869236965854	0.3635853371978815	0.10334788694323345	0.2789147792202927	0.3000824187146899	0.511758813658662	0.07844478165570731	0.13447676855264112	0.15937987384016725	0.17681204754143554	0.027393415816278743	0.19299906597832753
21	0.0049806210575052265	0.093386644828223	0.017432173701268292	0.01494186317251568	0.2975921081859373	0.2851405555421742	0.10708335273636237	0.19424422124270382	0.29136633186405575	0.45074620570422297	0.18179266859894075	0.23533434496712197	0.2838954002777979	0.14568316593202787	0.03859981319566551	0.29136633186405575
22	0.006225776321881533	0.10832850800073866	0.03237403687378397	0.023657950023149826	0.25152136340401393	0.19922484230020907	0.10334788694323345	0.12700583696638326	0.27268900289841114	0.36981111351976304	0.33992738717473175	0.3523789398184947	0.389733597749784	0.10085757641448084	0.042335278988794425	0.33121130032409757
23	0.01120639737938676	0.11953490538012544	0.036109502666912895	0.042335278988794425	0.1755668922770592	0.18179266859894075	0.07719962639133102	0.07346416059820209	0.31377912662282925	0.29261148712843205	0.5005524162792753	0.4544816714973519	0.39844968460041813	0.0560319868969338	0.05852229742568641	0.32996614505972127
24	0.024903105287526133	0.13945738961014634	0.03237403687378397	0.05976745269006272	0.12327037117325436	0.17930235807018816	0.05105136583942858	0.028638571080655054	0.3772820451060209	0.2266182581164878	0.5715262663487247	0.5092685031299093	0.3262306792665923	0.023657950023149826	0.049806210575052266	0.3075533503009477
["WIND_OFFSHORE","SA-PA",*,*] :	1	2	3	4	5	6	7	8	9	10	11	12	13	14	15	16 := 
1	0.34302466053952263	0.30566553909462413	0.22075844490167298	0.2094374990092795	0.2750989851851617	0.22189053949091234	0.17434256674285967	0.172078377564381	0.19358817475992862	0.2071733098308008	0.12679459399480705	0.42453547096475575	0.08943547254990854	0.09509594549610528	0.17887094509981707	0.269438512238965
2	0.3317037146471291	0.2841557418990765	0.25698547175733216	0.2332114853833058	0.27623107977440103	0.2615138501142895	0.15736114790426947	0.16415371543970553	0.20264493147384338	0.20264493147384338	0.12226621563784965	0.29208040402375196	0.09962432385306266	0.057736824051206774	0.11207736433469552	0.3724591198597457
3	0.32604324170093235	0.28981621484527326	0.27623107977440103	0.2886841202560339	0.2637780392927682	0.23207939079406645	0.17660675592133837	0.149436485779594	0.24000405291874188	0.18113513427829578	0.10981317515621682	0.149436485779594	0.11320945892393486	0.03622702685565916	0.06905776994360026	0.3203827687547356
4	0.2966087823807093	0.28755202566679455	0.2513249988111354	0.3464209443072407	0.2615138501142895	0.21509797195547622	0.27396689059592233	0.20377702606308273	0.3045334445053848	0.18000303968905643	0.09056756713914789	0.1211341210486103	0.11094526974545617	0.07585033747903636	0.040755405212616544	0.34755303889648
5	0.1856635126352532	0.2705706068282043	0.22755101243710907	0.4018935791799687	0.2705706068282043	0.20038074229536468	0.43925270062486726	0.15396486413655142	0.36679864691354896	0.21849425572319428	0.08717128337142983	0.14377601283339728	0.09962432385306266	0.12453040481632835	0.02377398637402632	0.3747233090382244
6	0.07245405371131831	0.3679307415027883	0.18226722886753513	0.4834043896052018	0.2671743230604863	0.2683064176497256	0.5445374974241266	0.19924864770612533	0.47434763289128706	0.25245709340037475	0.09622804008534463	0.14377601283339728	0.09396385090686593	0.1211341210486103	0.022641891784786972	0.34302466053952263
7	0.03056655390946241	0.3679307415027883	0.269438512238965	0.523027700228579	0.2490608096326567	0.22868310702634842	0.5626510108519562	0.29774087696994866	0.5400091190671692	0.272834796006683	0.09962432385306266	0.14151182365491857	0.09849222926382332	0.17660675592133837	0.016981418838590227	0.3045334445053848
8	0.01811351342782958	0.12226621563784965	0.17094628297514164	0.20377702606308273	0.16188952626122682	0.2683064176497256	0.2671743230604863	0.15622905331503012	0.38491216034137854	0.19132398558144992	0.062265202408164175	0.07132195912207896	0.004528378356957395	0.08943547254990854	0.00792466212467544	0.17547466133209902
9	0.0033962837677180458	0.12226621563784965	0.010188851303154136	0.03169864849870176	0.00905675671391479	0.24566452586493864	0.3566097956103948	0.16302162085046618	0.24340033668645994	0.00792466212467544	0.31472229580853894	0.2490608096326567	0.0011320945892393487	0.026038175552505018	0.011320945892393486	0.07698243206827571
10	0.024906080963265666	0.33736418759332587	0.021509797195547624	0.11320945892393486	0.041887499801855896	0.3317037146471291	0.24113614750798124	0.14151182365491857	0.3837800657521392	0.03169864849870176	0.6656716184727369	0.3543456064319161	0.005660472946196743	0.020377702606308272	0.03056655390946241	0.12679459399480705
11	0.055472634872728084	0.44717736274954273	0.045283783569573945	0.18905979640297121	0.07132195912207896	0.41774290342931963	0.13019087776252508	0.05434054028348873	0.3203827687547356	0.11773783728089225	0.6486901996341466	0.26491013388200757	0.027170270141744366	0.010188851303154136	0.03169864849870176	0.16302162085046618
12	0.062265202408164175	0.42453547096475575	0.07245405371131831	0.19019189099221057	0.06452939158664286	0.36906283609202767	0.123398310227089	0.062265202408164175	0.2252868232586304	0.11886993187013159	0.39283682246605395	0.18339932345677448	0.045283783569573945	0.004528378356957395	0.013585135070872183	0.16188952626122682
13	0.07018986453283961	0.34302466053952263	0.08717128337142983	0.1358513507087218	0.05434054028348873	0.33057162005788976	0.1166057426916529	0.0860391887821905	0.15962533708274815	0.08830337796066919	0.21849425572319428	0.14151182365491857	0.057736824051206774	0.0067925675354360915	0.0011320945892393487	0.1166057426916529
14	0.08490709419295114	0.24113614750798124	0.09056756713914789	0.09509594549610528	0.0464158781588133	0.3113260120408209	0.10528479679925942	0.10302060762078072	0.11320945892393486	0.07245405371131831	0.13132297235176443	0.12453040481632835	0.074718242889797	0.028302364730983715	0.0	0.04754797274805264
15	0.058868918640446126	0.10641689138849876	0.07698243206827571	0.07018986453283961	0.041887499801855896	0.2886841202560339	0.10641689138849876	0.14264391824415792	0.08830337796066919	0.07018986453283961	0.08377499960371179	0.1211341210486103	0.09396385090686593	0.048680067337291986	0.0011320945892393487	0.011320945892393486
16	0.024906080963265666	0.02377398637402632	0.04981216192653133	0.05660472946196743	0.026038175552505018	0.2422682420972206	0.10188851303154137	0.18000303968905643	0.08717128337142983	0.074718242889797	0.06113310781892482	0.12679459399480705	0.12000202645937094	0.02377398637402632	0.0033962837677180458	0.0022641891784786973
17	0.005660472946196743	0.0033962837677180458	0.028302364730983715	0.026038175552505018	0.01584932424935088	0.16188952626122682	0.08717128337142983	0.17321047215362034	0.09736013467458397	0.08377499960371179	0.058868918640446126	0.12679459399480705	0.16188952626122682	0.0022641891784786973	0.0022641891784786973	0.004528378356957395
18	0.00905675671391479	0.0033962837677180458	0.057736824051206774	0.0033962837677180458	0.03283074308794111	0.041887499801855896	0.04301959439109525	0.19924864770612533	0.12679459399480705	0.07018986453283961	0.0928317563176266	0.10302060762078072	0.2354756745617845	0.0	0.0033962837677180458	0.010188851303154136
19	0.08943547254990854	0.04981216192653133	0.22981520161558777	0.00792466212467544	0.17434256674285967	0.07698243206827571	0.09056756713914789	0.3611381739673522	0.28075945813135844	0.09056756713914789	0.49698952467607405	0.29434459320223066	0.2705706068282043	0.0	0.024906080963265666	0.0464158781588133
20	0.29434459320223066	0.26264594470352887	0.3362320930040865	0.03396283767718045	0.42453547096475575	0.3339679038256078	0.2332114853833058	0.3815158765736605	0.47208344371280836	0.30566553909462413	0.8728449283035378	0.6192557403139237	0.5739719567443498	0.0	0.12226621563784965	0.15056858036883336
21	0.34528884971800133	0.43246013308943115	0.2513249988111354	0.08717128337142983	0.4845364841944412	0.2354756745617845	0.3543456064319161	0.28075945813135844	0.4041577683584474	0.597745943118376	0.717747969577747	0.7052949290961141	0.691709794025242	0.00792466212467544	0.20604121524156144	0.21849425572319428
22	0.35774189019963415	0.3815158765736605	0.34302466053952263	0.15736114790426947	0.4211391871970377	0.16754999920742358	0.31245810663006024	0.246796620454178	0.28755202566679455	0.6328408753847959	0.3543456064319161	0.6735962805974124	0.649822294223386	0.05660472946196743	0.28755202566679455	0.21736216113395493
23	0.3758554036274637	0.36679864691354896	0.36227026855659156	0.17660675592133837	0.38264797116289984	0.18000303968905643	0.25019290422189605	0.21396587736623687	0.2230226340801517	0.5445374974241266	0.24000405291874188	0.6430297266879499	0.5320844569424938	0.13924763447643987	0.3271753362901717	0.21396587736623687
24	0.3634023631458309	0.35094932266419804	0.30792972827310283	0.12905878317328573	0.3860442549306179	0.18226722886753513	0.17094628297514164	0.17547466133209902	0.17434256674285967	0.36679864691354896	0.20830540442004014	0.5569905379057595	0.3634023631458309	0.19698445852764665	0.31472229580853894	0.2230226340801517
["WIND_OFFSHORE","SA-SC",*,*] :	1	2	3	4	5	6	7	8	9	10	11	12	13	14	15	16 := 
1	0.034506453354169984	0.3105580801875299	0.0011502151118056663	0.037957098689586986	0.15182839475834795	0.46238647494587787	0.23924474325557857	0.17713312721807262	0.4773392713993515	0.37727055667225856	0.42097873092087384	0.43938217270976454	0.2967554988458619	0.2323434525847446	0.12537344718681762	0.27030055127433156
2	0.04025752891319832	0.27375119660974856	0.003450645335416999	0.017253226677084992	0.10927043562153829	0.36576840555420187	0.17598291210626693	0.14952796453473663	0.48884142251740814	0.3749701264486472	0.5624551896729708	0.36346797533059055	0.21969108635488227	0.23924474325557857	0.18518463300071228	0.19553656900696328
3	0.034506453354169984	0.2449958188146069	0.00920172089444533	0.008051505782639664	0.08856656360903631	0.3749701264486472	0.14722753431112529	0.12882409252223462	0.5164465852007442	0.36691862066600756	0.5313993816542179	0.33126195220003185	0.1702318365472386	0.24269538859099557	0.16793140632362727	0.10812022050973263
4	0.026454947571530323	0.22429194680210493	0.013802581341667996	0.006901290670833998	0.08971677872084197	0.42442937625629085	0.12882409252223462	0.10466957517431563	0.5509530385549142	0.32781130686461485	0.4152276553618455	0.2726009814979429	0.14722753431112529	0.2656996908271089	0.14952796453473663	0.10697000539792696
5	0.034506453354169984	0.21163958057224258	0.016103011565279327	0.00920172089444533	0.08626613338542496	0.4612362598340722	0.1161717262923723	0.07936484271459097	0.5463521781076914	0.29905592906947326	0.3830216322312869	0.23924474325557857	0.13457516808126296	0.32551087664100353	0.14262667386390263	0.19323613878335194
6	0.06326183114931165	0.19553656900696328	0.01840344178889066	0.03105580801875299	0.09661806939167597	0.39107313801392657	0.08971677872084197	0.05636054047847765	0.5452019629958857	0.2553477548208579	0.3013563592930846	0.24729624903821826	0.11732194140417795	0.42097873092087384	0.13917602852848562	0.2933048535104449
7	0.048309034695837985	0.1874850632243236	0.016103011565279327	0.05521032536667198	0.10697000539792696	0.30940786507572426	0.08971677872084197	0.032206023130558654	0.5129959398653272	0.21394001079585392	0.24614603392641257	0.20588850501321426	0.06441204626111731	0.37727055667225856	0.08396570316181363	0.13572538319306862
8	0.05636054047847765	0.4911418527410195	0.0011502151118056663	0.02070387201250199	0.09431763916806464	0.17943355744168393	0.03910731380139266	0.00920172089444533	0.5498028234431085	0.10927043562153829	0.18288420277710093	0.10581979028612129	0.025304732459724658	0.4117770100264285	0.04945924980764364	0.08856656360903631
9	0.09086699383264764	0.723485305325764	0.0	0.023004302236113324	0.36231776021878487	0.2564979699326636	0.05175968003125498	0.016103011565279327	0.5647556198965822	0.05866097070208898	0.42327916114448516	0.3002061441812789	0.10812022050973263	0.6257170208222825	0.04945924980764364	0.15297860987015363
10	0.11157086584514964	0.7625926191271568	0.005751075559028331	0.05866097070208898	0.43133066692712485	0.2564979699326636	0.1161717262923723	0.15297860987015363	0.42557959136809653	0.6452706777229789	0.27835205705697125	0.34851517887711686	0.04025752891319832	0.7223350902139584	0.03910731380139266	0.14377688897570828
11	0.11502151118056664	0.7556913284563228	0.00920172089444533	0.10121892983889863	0.4474336784924042	0.20473828990140858	0.14032624364029128	0.22774259213752193	0.24269538859099557	0.7372878866674321	0.15872968542918195	0.35656668465975655	0.011502151118056662	0.723485305325764	0.037957098689586986	0.1334249529694573
12	0.10236914495070429	0.7361376715556264	0.006901290670833998	0.14952796453473663	0.43593152737434754	0.1506781796465423	0.16908162143543293	0.2587984001562749	0.13802581341667994	0.7441891773382661	0.09661806939167597	0.3715194811132302	0.006901290670833998	0.6740260555181204	0.04600860447222665	0.12882409252223462
13	0.08051505782639665	0.7177342297667357	0.008051505782639664	0.19783699923057457	0.41982851580906816	0.09891849961528729	0.18863527833612928	0.27490141172155425	0.08971677872084197	0.7085325088722905	0.05636054047847765	0.3887727077903152	0.013802581341667996	0.5877599221326955	0.05751075559028332	0.12422323207501196
14	0.05981118581389464	0.7073822937604848	0.012652366229862329	0.2380945281437729	0.42097873092087384	0.06211161603750598	0.1909357085597406	0.2864035628396109	0.06786269159653431	0.668274979959092	0.026454947571530323	0.3795709868958699	0.02990559290694732	0.49919335852365915	0.06211161603750598	0.1161717262923723
15	0.04945924980764364	0.6153650848160315	0.02070387201250199	0.2553477548208579	0.4117770100264285	0.04370817424861532	0.18518463300071228	0.2795022721687769	0.06326183114931165	0.6372191719403392	0.016103011565279327	0.35426625443614523	0.05751075559028332	0.41867830069726253	0.060961400925700314	0.10697000539792696
16	0.04255795913680965	0.5118457247535215	0.02875537779514166	0.24384560370280126	0.3818714171194812	0.037957098689586986	0.18288420277710093	0.27490141172155425	0.06901290670833997	0.6107642243688088	0.01955365690069633	0.32551087664100353	0.10581979028612129	0.33241216731183754	0.05406011025486632	0.10236914495070429
17	0.03910731380139266	0.3899229229021209	0.033356238242364326	0.21509022590765958	0.32896152197642053	0.033356238242364326	0.1909357085597406	0.2795022721687769	0.09086699383264764	0.5716569105674162	0.04715881958403232	0.30250657440489026	0.18978549344793494	0.24039495836738425	0.04255795913680965	0.08856656360903631
18	0.04255795913680965	0.30595721974030726	0.05751075559028332	0.21048936546043692	0.2864035628396109	0.060961400925700314	0.21509022590765958	0.3404636730944772	0.17253226677084993	0.5463521781076914	0.14952796453473663	0.31975980108197527	0.32896152197642053	0.14262667386390263	0.05175968003125498	0.0816652729382023
19	0.06441204626111731	0.42097873092087384	0.10006871472709296	0.2633992606034976	0.30595721974030726	0.15182839475834795	0.28870399306322225	0.47503884117574013	0.28410313261599957	0.5601547594493594	0.34391431842989423	0.4508843238278212	0.5682062652319991	0.20703872012501992	0.08396570316181363	0.15527904009376495
20	0.0920172089444533	0.49574271318824215	0.14722753431112529	0.2656996908271089	0.27720184194516556	0.33241216731183754	0.27835205705697125	0.47503884117574013	0.3013563592930846	0.5313993816542179	0.48884142251740814	0.5590045443375538	0.5992620732507521	0.30250657440489026	0.12537344718681762	0.27490141172155425
21	0.11732194140417795	0.42442937625629085	0.1943863538951576	0.25764818504446924	0.2323434525847446	0.44513324826879286	0.21739065613127093	0.4842405620701855	0.3140087255229469	0.4738886260639345	0.48539077718199114	0.4945924980764365	0.5900603523563068	0.3220602313055866	0.17368248188265561	0.3186095859701696
22	0.15297860987015363	0.35656668465975655	0.21854087124307658	0.22084130146668793	0.19898721434238026	0.5187470154243555	0.16448076098821027	0.43248088203893054	0.3335623824236432	0.42097873092087384	0.43593152737434754	0.4842405620701855	0.5279487363188008	0.27375119660974856	0.23119323747293893	0.23349366769655028
23	0.1805837725534896	0.3013563592930846	0.21969108635488227	0.13917602852848562	0.16908162143543293	0.4911418527410195	0.13917602852848562	0.37381991133684156	0.3404636730944772	0.38072120200767556	0.4876912074056025	0.4474336784924042	0.4474336784924042	0.23579409792016157	0.2553477548208579	0.17138205165904427
24	0.1805837725534896	0.29100442328683357	0.20243785967779726	0.08396570316181363	0.14262667386390263	0.4807899167347685	0.13917602852848562	0.30940786507572426	0.36001732999517355	0.35311603932433955	0.5198972305361612	0.3749701264486472	0.35886711488336787	0.20473828990140858	0.23349366769655028	0.14492710408751394
["WIND_OFFSHORE","SA-TJ",*,*] :	1	2	3	4	5	6	7	8	9	10	11	12	13	14	15	16 := 
1	0.10295879767351411	0.49162825889102985	0.06821020345870309	0.0012869849709189263	0.043757489011243496	0.14800327165567653	0.09137593293524375	0.14028136183016296	0.22908332482356886	0.22908332482356886	0.11840261732454122	0.28699764851492054	0.0025739699418378527	0.39124343115935356	0.15958613639394686	0.13384643697556833
2	0.11068070749902766	0.3268941826134073	0.06177527860410846	0.005147939883675705	0.03860954912756779	0.04761844392400027	0.028313669360216377	0.06692321848778417	0.2355182496781635	0.18146488089956858	0.11454166241178443	0.21363950517254177	0.005147939883675705	0.19562171557967678	0.08494100808064914	0.2213614149980553
3	0.1467162866847576	0.21106553523070393	0.06434924854594631	0.06563623351686523	0.048905428894919195	0.009008894796432484	0.005147939883675705	0.007721909825513558	0.24066618956183922	0.2007696554633525	0.1467162866847576	0.12483754217913585	0.014156834680108189	0.08236703813881129	0.027026684389297454	0.23423126470724456
4	0.20463061037610927	0.1660210612485415	0.05920130866227061	0.09266291790616268	0.039896534098486716	0.007721909825513558	0.0	0.0012869849709189263	0.2303703097944878	0.26125794909654204	0.13513342194648725	0.10424578264443303	0.09394990287708162	0.03217462427297316	0.02059175953470282	0.14285533177200083
5	0.25611000921286636	0.1866128207832443	0.03088763930205423	0.09781085778983839	0.028313669360216377	0.006434924854594632	0.0	0.007721909825513558	0.19304774563783894	0.244527144474596	0.1325594520046494	0.15443819651027116	0.41312217566497533	0.012869849709189264	0.011582864738270335	0.04633145895308134
6	0.2844236785730827	0.2638319190383799	0.02059175953470282	0.11711563235362228	0.04247050404032457	0.005147939883675705	0.005147939883675705	0.04118351906940564	0.19948267049243357	0.26254493406746093	0.10424578264443303	0.21750046008529855	0.662797260023247	0.003860954912756779	0.02059175953470282	0.01029587976735141
7	0.14929025662659545	0.26769287395113667	0.029600654331135304	0.15829915142302792	0.036035579185729937	0.01029587976735141	0.021878744505621748	0.07593211328421665	0.18403885084140645	0.3384770473516776	0.05405336877859491	0.31531131787513694	0.4787584091818406	0.0025739699418378527	0.02059175953470282	0.009008894796432484
8	0.08494100808064914	0.060488293633189534	0.01673080462194604	0.20720458031794714	0.015443819651027115	0.028313669360216377	0.029600654331135304	0.06821020345870309	0.22908332482356886	0.24581412944551492	0.02316572947654067	0.2651189040092988	0.14542930171383867	0.018017789592864968	0.018017789592864968	0.06821020345870309
9	0.15829915142302792	0.08108005316789235	0.0	0.06434924854594631	0.043757489011243496	0.02059175953470282	0.009008894796432484	0.025739699418378528	0.28571066354400165	0.10295879767351411	0.03088763930205423	0.04504447398216242	0.01673080462194604	0.05920130866227061	0.03860954912756779	0.36292976179913716
10	0.19304774563783894	0.09394990287708162	0.025739699418378528	0.029600654331135304	0.11325467744086551	0.07207115837145987	0.07593211328421665	0.03732256415664886	0.30244146816594764	0.018017789592864968	0.16859503119037936	0.04633145895308134	0.19304774563783894	0.12998548206281157	0.13899437685924404	0.5328117779604354
11	0.22779633985264994	0.11840261732454122	0.13513342194648725	0.05534035374951383	0.1711690011322172	0.157012166452109	0.19819568552151465	0.2393792045909203	0.28957161845675844	0.05791432369135168	0.38352152133384	0.25096206932919063	0.5044981086002192	0.26897985892205556	0.20334362540519035	0.6409185155176252
12	0.2664058889802177	0.16344709130670365	0.27541478377665024	0.12355055720821692	0.21621347511437963	0.2651189040092988	0.3127373479332991	0.37966056642108326	0.3526338820317858	0.15572518148119008	0.626761680837517	0.4826193640945974	0.7979306819697343	0.4478707698797863	0.23809221962000135	0.6782410796742742
13	0.3243202126715694	0.19819568552151465	0.3526338820317858	0.16859503119037936	0.27155382886389345	0.33976403232259655	0.35392086700270475	0.45945363461805666	0.5276638380767598	0.3474859421481101	0.8082265617370857	0.628048665808436	0.9497949085381676	0.6048829363318953	0.2741277988057313	0.6718061548196795
14	0.41183519069405644	0.2651189040092988	0.3564948369445426	0.2007696554633525	0.33590307740983977	0.401539310926705	0.365503731740975	0.5456816276696247	0.5495425825823815	0.6126048461574088	0.8751497802248699	0.7052677640635716	1.0012743073749246	0.7129896738890852	0.30244146816594764	0.6331966056921117
15	0.4967761987747056	0.46717554444357023	0.332042122497083	0.22522236991081207	0.5006371536874623	0.42727901034508353	0.3732256415664886	0.5920130866227061	0.5135070033966516	0.7271465085691933	0.8777237501667078	0.7284334935401122	1.0579016460953574	0.7515992230166529	0.31531131787513694	0.5817172068553547
16	0.5636994172624897	0.7400163582783825	0.27541478377665024	0.22779633985264994	0.6795280646451931	0.37579961150832647	0.3963913710430293	0.6023089663900575	0.5044981086002192	0.6589363051104903	0.8301053062427075	0.7606081178130853	1.0900762703683304	0.7515992230166529	0.2985805132531909	0.5340987629313544
17	0.6023089663900575	0.8532710357192481	0.1827518658704875	0.16988201616129828	0.5894391166808682	0.2934325733695152	0.41312217566497533	0.5598384623497329	0.4543056947343809	0.5135070033966516	0.6396315305467064	0.7824868623187071	1.0669105408917898	0.6808150496161121	0.24581412944551492	0.5250898681349219
18	0.5572644924078951	0.6769540947033552	0.06177527860410846	0.1261245271500548	0.19047377569600107	0.16859503119037936	0.27541478377665024	0.40926122075221855	0.3063024230787044	0.28184970863124487	0.4298529802869214	0.6113178611864899	0.9974133524621679	0.5340987629313544	0.18918679072508215	0.5546905224660572
19	0.3680777016828129	0.682102034587031	0.011582864738270335	0.1763169410158929	0.07721909825513558	0.08494100808064914	0.22779633985264994	0.19304774563783894	0.20205664043427143	0.07979306819697343	0.25611000921286636	0.6447794704303821	0.92276822414887	0.35005991208994797	0.11325467744086551	0.4723234843272459
20	0.37966056642108326	0.7438773131911394	0.20463061037610927	0.11068070749902766	0.08751497802248699	0.025739699418378528	0.043757489011243496	0.015443819651027115	0.17374297107405506	0.03474859421481101	0.09008894796432484	0.6730931397905985	0.9446469686544918	0.25353603927102847	0.07721909825513558	0.541820672756868
21	0.37708659647924536	0.7683300276385989	0.8313922912136263	0.043757489011243496	0.1621601063357847	0.012869849709189264	0.0012869849709189263	0.05405336877859491	0.1531512115393522	0.018017789592864968	0.012869849709189264	0.28571066354400165	0.6023089663900575	0.13513342194648725	0.03346160924389208	0.5611254473206518
22	0.3037284531368666	0.7554601779294097	0.8854456599922212	0.014156834680108189	0.24195317453275814	0.11454166241178443	0.007721909825513558	0.12097658726637907	0.13642040691740617	0.02316572947654067	0.04633145895308134	0.060488293633189534	0.051479398836757055	0.021878744505621748	0.011582864738270335	0.4658885594726513
23	0.25096206932919063	0.5340987629313544	0.7657560576967611	0.011582864738270335	0.26897985892205556	0.27670176874756913	0.07593211328421665	0.07721909825513558	0.12483754217913585	0.029600654331135304	0.17245598610313614	0.02316572947654067	0.01029587976735141	0.036035579185729937	0.0025739699418378527	0.3063024230787044
24	0.2586839791547042	0.4723234843272459	0.5250898681349219	0.014156834680108189	0.2483880993873528	0.30115448319502874	0.19176076066692	0.03732256415664886	0.12097658726637907	0.036035579185729937	0.17760392598681185	0.03346160924389208	0.19948267049243357	0.0733581433423788	0.0	0.19948267049243357
["WIND_OFFSHORE","SIN",*,*] :	1	2	3	4	5	6	7	8	9	10	11	12	13	14	15	16 := 
1	0.3836760769254474	0.7864168031047459	0.09294016748845611	0.06672627476441084	0.14179333238941555	0.439678485296601	0.25975585321151723	0.23592504045623736	1.0092348971989606	0.42895462009130975	0.5064047600610119	0.5624071684321654	0.020256189832216796	0.4015491856009328	0.06553473299807916	0.2049449854187293
2	0.4015491856009328	0.7709267755859918	0.09174862691009042	0.11915406140046736	0.1525171975947068	0.4921062719326575	0.2120942288889235	0.1930295784471064	1.0342572505326062	0.34912139896487626	0.46946700094370936	0.5064047600610119	0.013106946362022634	0.4420615664533324	0.10008941095865027	0.12272868313556444
3	0.39678302328747	0.7351805570470551	0.08579092401826194	0.1310694671841243	0.13226100776249	0.5230863281581315	0.17873109150671806	0.12034560197883305	1.0294910870311773	0.2871612877018942	0.4730416226788064	0.42537999835621265	0.009532324626925551	0.43133770124804116	0.08817400517499334	0.1108132773519075
4	0.3991661044442014	0.6994343385081182	0.08102476170479916	0.08817400517499334	0.12392022371393013	0.5659817901672625	0.1525171975947068	0.06315165184134777	1.0211503029826174	0.2847782053571968	0.5028301371379488	0.34078061491631634	0.02144773041058249	0.4754247038355378	0.07268397765623931	0.08579092401826194
5	0.34912139896487626	0.6624965793908156	0.0750670588129707	0.034554677960571115	0.12749484544902723	0.7173074471836036	0.11438789908700459	0.059577030106250685	1.0318741681879087	0.27047971841680846	0.5064047600610119	0.26452201552498	0.04408700258749667	0.46708391978697794	0.10485557327211303	0.029788515647108337
6	0.26690509668171136	0.5731310336374567	0.05123624605769083	0.01549002751875402	0.14298487296778123	0.7852252625263801	0.0941317080668218	0.08340784286153055	1.0366403316893376	0.2502235285845917	0.5338101933634227	0.1930295784471064	0.05242778663605652	0.39082532039564155	0.14298487296778123	0.013106946362022634
7	0.2526066097413231	0.7363720976254207	0.014298486940388329	0.009532324626925551	0.16443260456632972	0.6172180362249534	0.056002408371153604	0.06434319241971347	1.0604711432566514	0.17039030745815817	0.37295221053219013	0.06553473299807916	0.008340784048559858	0.7959491277316714	0.08817400517499334	0.001191540578365694
8	0.3586537235918018	1.0008941131504006	0.020256189832216796	0.010723865205291245	0.45874313455045207	0.6779866069095698	0.059577030106250685	0.16204952340959833	1.0747696301970397	0.40988996964949265	0.3610368047485332	0.21805193178075194	0.03217159680383973	0.8733992677013734	0.08102476170479916	0.001191540578365694
9	0.350312939543242	1.0688119273052112	0.010723865205291245	0.01787310867548541	0.5350017339417885	0.762585990349466	0.029788515647108337	0.30265131522064814	1.065237305570114	0.7530536657225404	0.2835866647788311	0.5957703058143707	0.038129299695668195	0.9043793239268475	0.10485557327211303	0.001191540578365694
10	0.29192745001535697	1.0795357936984684	0.008340784048559858	0.04408700258749667	0.5504917626485085	0.6839443109893641	0.007149243470194164	0.3586537235918018	1.0211503029826174	0.8710161865446421	0.19541265960383777	0.7518621251441747	0.03574621853893681	0.9305932166508928	0.10128095153701597	0.0
11	0.25737277205478587	1.0628542244133827	0.01191540578365694	0.07268397765623931	0.5552579249619712	0.5862379799994792	0.001191540578365694	0.39678302328747	0.9317847572292585	0.9639563540330981	0.10485557327211303	0.8233545622220484	0.034554677960571115	0.9520409482494412	0.08817400517499334	0.0
12	0.2502235285845917	1.027108005874446	0.016681568097119716	0.1120048179302732	0.5612156278537997	0.4909147313542918	0.00595770289182847	0.424188457777847	0.8030983712018656	1.0080433566205949	0.04408700258749667	0.8352699680057053	0.038129299695668195	0.941317081856184	0.0750670588129707	0.0
13	0.2609473937898829	0.9758717598167551	0.020256189832216796	0.1656241451446954	0.5826633582643822	0.41942229546438414	0.02144773041058249	0.4265715389345784	0.6481980924504274	1.0175756812475203	0.010723865205291245	0.797140668310037	0.04289546200913097	0.8841231329066648	0.073875518234605	0.0
14	0.25737277205478587	0.9258270543374301	0.02383081275527987	0.22162655351584903	0.5695564119023596	0.36937758879709304	0.046470083744228056	0.44682772876679516	0.48257394730573194	1.0163841406691547	0.001191540578365694	0.7363720976254207	0.04527854316586236	0.7899914248398429	0.07983322112643347	0.001191540578365694
15	0.22400963467258042	0.8733992677013734	0.02383081275527987	0.2502235285845917	0.5266609498932286	0.3515044801216077	0.06791781534277654	0.43133770124804116	0.34078061491631634	1.0068518160422293	0.002383081156731388	0.6708373634393756	0.046470083744228056	0.676795066331204	0.073875518234605	0.004766162313462776
16	0.17634801034998668	0.836461508584071	0.034554677960571115	0.2609473937898829	0.4611262157071835	0.34435523665141343	0.08579092401826194	0.3824845363470816	0.2526066097413231	0.984212543865315	0.001191540578365694	0.6029195492845649	0.04527854316586236	0.575514114794188	0.08221630228316486	0.013106946362022634
17	0.1656241451446954	0.7828421813696488	0.059577030106250685	0.26452201552498	0.4015491856009328	0.3205244238961336	0.06910935592114223	0.3550791018567047	0.2132857694672892	0.9329762978076241	0.0	0.52904403104996	0.038129299695668195	0.47065854152207504	0.11915406140046736	0.026213893912011257
18	0.16204952340959833	0.7280313135768609	0.07864168054806778	0.30622593695574524	0.4361038635615039	0.34316369607304775	0.03574621853893681	0.38010145519035027	0.21447731004565487	0.9246355137590643	0.02383081275527987	0.5612156278537997	0.009532324626925551	0.37890991461198453	0.1346440889192214	0.03932084027403389
19	0.2025619042619979	0.6481980924504274	0.12034560197883305	0.34078061491631634	0.4265715389345784	0.38010145519035027	0.016681568097119716	0.38963377981727587	0.24784044742786027	0.8936554575335903	0.14298487296778123	0.6136434144898563	0.001191540578365694	0.3133751804259395	0.1656241451446954	0.06434319241971347
20	0.24545736627112888	0.5695564119023596	0.15847490167450126	0.30265131522064814	0.39082532039564155	0.35269602069997336	0.004766162313462776	0.4003576450225671	0.30145977464228246	0.8388445897408023	0.2823951242004654	0.6910935544595584	0.002383081156731388	0.2788205024653683	0.1656241451446954	0.10366403269374735
21	0.23830812161296874	0.4909147313542918	0.1525171975947068	0.22996733756440887	0.3610368047485332	0.3753352928768875	0.0	0.3705691293754588	0.34435523665141343	0.7756929378994546	0.33958907433795066	0.750670584565809	0.013106946362022634	0.307417477534111	0.14655949470287832	0.1489425758596097
22	0.1894549567120093	0.5111709223744746	0.10128095153701597	0.16204952340959833	0.30145977464228246	0.4909147313542918	0.001191540578365694	0.3086090181124767	0.3372059931812193	0.676795066331204	0.3205244238961336	0.7256482312321634	0.034554677960571115	0.3300567497110251	0.13226100776249	0.1882634161336436
23	0.12034560197883305	0.5647902495888968	0.06553473299807916	0.12034560197883305	0.32648212678796207	0.6291334420086103	0.00595770289182847	0.24784044742786027	0.39082532039564155	0.47780778499226917	0.2263927158293118	0.6529642547638901	0.07625859939133639	0.3133751804259395	0.13702717007595278	0.20017882310526652
24	0.07030089649950792	0.6160264956465876	0.06553473299807916	0.08221630228316486	0.37176066995382445	0.6648796605475471	0.009532324626925551	0.20732806657546068	0.4909147313542918	0.3550791018567047	0.1870718755552779	0.6672627417042785	0.11677098024373597	0.32648212678796207	0.18588033497691223	0.2025619042619979
["WIND_ONSHORE","SA-BN",*,*] :	1	2	3	4	5	6	7	8	9	10	11	12	13	14	15	16 := 
1	0.008716086850634146	0.2764244686915401	0.3075533503009477	0.031128881609407667	0.18179266859894075	0.19424422124270382	0.2988372634503136	0.17432173701268294	0.3598498714047526	0.2042054633577143	0.5291909873599303	0.01494186317251568	0.03984496846004181	0.18303782386331707	0.02241279475877352	0.01120639737938676
2	0.021167639494397213	0.2776696239559164	0.3337016108528502	0.02988372634503136	0.17307658174830665	0.23159887917399302	0.27268900289841114	0.1680959606908014	0.4843653978423833	0.22039248179460627	0.5229652110380487	0.028638571080655054	0.028638571080655054	0.19424422124270382	0.01120639737938676	0.009961242115010453
3	0.036109502666912895	0.2789147792202927	0.3349467661172265	0.061012607954439024	0.17058627121955403	0.23408918970274564	0.26023745025464806	0.18179266859894075	0.4968169504861464	0.2540116739327665	0.5590747137049616	0.05105136583942858	0.019922484230020906	0.17930235807018816	0.0024903105287526132	0.00373546579312892
4	0.06350291848319163	0.2751793134271638	0.3374370766459791	0.10334788694323345	0.186773289656446	0.2988372634503136	0.25027620813963763	0.1905087554495749	0.5130039689230383	0.27019869236965854	0.4856105531067596	0.06972869480507317	0.012451552643763067	0.12327037117325436	0.0012451552643763066	0.00373546579312892
5	0.10085757641448084	0.2677083818409059	0.32374036873783973	0.1120639737938676	0.19548937650708015	0.3013275739790662	0.19922484230020907	0.1506637869895331	0.5578295584405853	0.2540116739327665	0.3785272003703972	0.06972869480507317	0.00747093158625784	0.09587695535697562	0.0012451552643763066	0.0
6	0.12576068170200697	0.27144384763403484	0.28638571080655056	0.09712211062135191	0.19548937650708015	0.32125005820908714	0.15813471857579095	0.1519089422539094	0.4756493109917491	0.2042054633577143	0.34117254243910805	0.048561055310675956	0.00747093158625784	0.13945738961014634	0.021167639494397213	0.0
7	0.10957366326511497	0.21790217126585365	0.2278634133808641	0.09089633429947037	0.1481734764607805	0.2764244686915401	0.1319864580238885	0.16560565016204878	0.35611440561162366	0.1332316132882648	0.3349467661172265	0.027393415816278743	0.00747093158625784	0.16062502910454357	0.0373546579312892	0.0012451552643763066
8	0.034864347402536584	0.12451552643763067	0.1319864580238885	0.02614826055190244	0.043580434253170736	0.19299906597832753	0.05976745269006272	0.05852229742568641	0.2066957738864669	0.03984496846004181	0.33992738717473175	0.013696707908139372	0.006225776321881533	0.08591571324196516	0.008716086850634146	0.0
9	0.012451552643763067	0.33245645558847386	0.21541186073710103	0.017432173701268292	0.049806210575052266	0.18428297912769337	0.0759544711269547	0.036109502666912895	0.43331403200295465	0.0049806210575052265	0.7396222270395261	0.05354167636818118	0.0012451552643763066	0.09089633429947037	0.0024903105287526132	0.0
10	0.006225776321881533	0.556584403176209	0.18303782386331707	0.02614826055190244	0.09587695535697562	0.2764244686915401	0.15937987384016725	0.23657950023149826	0.608880924280014	0.04109012372441812	0.6449904269469269	0.10957366326511497	0.0	0.12949614749513588	0.006225776321881533	0.0012451552643763066
11	0.0024903105287526132	0.6250679427169059	0.10832850800073866	0.008716086850634146	0.09836726588572822	0.31128881609407666	0.1755668922770592	0.29510179765718464	0.5665456452912195	0.093386644828223	0.41712701356606274	0.0759544711269547	0.0	0.15564440804703833	0.009961242115010453	0.0
12	0.0012451552643763066	0.5864681295212404	0.06723838427632056	0.0012451552643763066	0.09089633429947037	0.28763086607092686	0.17930235807018816	0.3274758345309687	0.43206887673857836	0.1319864580238885	0.23782465549587456	0.04607074478192334	0.0	0.15439925278266203	0.013696707908139372	0.0
13	0.0	0.49308148469301744	0.04731590004629965	0.0	0.08591571324196516	0.2540116739327665	0.1531540975182857	0.32374036873783973	0.2975921081859373	0.1519089422539094	0.11828975011574913	0.02988372634503136	0.0	0.13945738961014634	0.02241279475877352	0.0
14	0.0	0.3822626661635261	0.036109502666912895	0.0024903105287526132	0.07346416059820209	0.2228827923233589	0.11455428432262021	0.3075533503009477	0.2054506186220906	0.15688956331141463	0.049806210575052266	0.024903105287526133	0.0012451552643763066	0.12451552643763067	0.028638571080655054	0.0
15	0.0	0.2440504318177561	0.027393415816278743	0.006225776321881533	0.06599322901194425	0.19424422124270382	0.07844478165570731	0.29136633186405575	0.1481734764607805	0.1506637869895331	0.0186773289656446	0.0186773289656446	0.0012451552643763066	0.11828975011574913	0.027393415816278743	0.0
16	0.0	0.12700583696638326	0.0186773289656446	0.0049806210575052265	0.05976745269006272	0.15564440804703833	0.05852229742568641	0.2789147792202927	0.12949614749513588	0.14070254487452266	0.008716086850634146	0.017432173701268292	0.00373546579312892	0.1282509922307596	0.02241279475877352	0.0012451552643763066
17	0.0	0.062257763218815335	0.008716086850634146	0.0024903105287526132	0.05478683163255749	0.1519089422539094	0.05478683163255749	0.2764244686915401	0.14194770013889896	0.13696707908139374	0.0049806210575052265	0.01494186317251568	0.00747093158625784	0.1282509922307596	0.013696707908139372	0.01120639737938676
18	0.0	0.0373546579312892	0.00747093158625784	0.00373546579312892	0.08467055797758885	0.19175391071395123	0.07221900533382579	0.296346952921561	0.17930235807018816	0.17930235807018816	0.009961242115010453	0.024903105287526133	0.019922484230020906	0.1319864580238885	0.013696707908139372	0.034864347402536584
19	0.0	0.0373546579312892	0.0049806210575052265	0.0049806210575052265	0.18179266859894075	0.3038178845078188	0.09089633429947037	0.33121130032409757	0.26895353710528225	0.3772820451060209	0.027393415816278743	0.06350291848319163	0.06972869480507317	0.1531540975182857	0.019922484230020906	0.09089633429947037
20	0.0012451552643763066	0.061012607954439024	0.006225776321881533	0.008716086850634146	0.27019869236965854	0.3635853371978815	0.10334788694323345	0.2789147792202927	0.3000824187146899	0.511758813658662	0.07844478165570731	0.13447676855264112	0.15937987384016725	0.17681204754143554	0.027393415816278743	0.19299906597832753
21	0.0049806210575052265	0.093386644828223	0.017432173701268292	0.01494186317251568	0.2975921081859373	0.2851405555421742	0.10708335273636237	0.19424422124270382	0.29136633186405575	0.45074620570422297	0.18179266859894075	0.23533434496712197	0.2838954002777979	0.14568316593202787	0.03859981319566551	0.29136633186405575
22	0.006225776321881533	0.10832850800073866	0.03237403687378397	0.023657950023149826	0.25152136340401393	0.19922484230020907	0.10334788694323345	0.12700583696638326	0.27268900289841114	0.36981111351976304	0.33992738717473175	0.3523789398184947	0.389733597749784	0.10085757641448084	0.042335278988794425	0.33121130032409757
23	0.01120639737938676	0.11953490538012544	0.036109502666912895	0.042335278988794425	0.1755668922770592	0.18179266859894075	0.07719962639133102	0.07346416059820209	0.31377912662282925	0.29261148712843205	0.5005524162792753	0.4544816714973519	0.39844968460041813	0.0560319868969338	0.05852229742568641	0.32996614505972127
24	0.024903105287526133	0.13945738961014634	0.03237403687378397	0.05976745269006272	0.12327037117325436	0.17930235807018816	0.05105136583942858	0.028638571080655054	0.3772820451060209	0.2266182581164878	0.5715262663487247	0.5092685031299093	0.3262306792665923	0.023657950023149826	0.049806210575052266	0.3075533503009477
["WIND_ONSHORE","SA-PA",*,*] :	1	2	3	4	5	6	7	8	9	10	11	12	13	14	15	16 := 
1	0.34302466053952263	0.30566553909462413	0.22075844490167298	0.2094374990092795	0.2750989851851617	0.22189053949091234	0.17434256674285967	0.172078377564381	0.19358817475992862	0.2071733098308008	0.12679459399480705	0.42453547096475575	0.08943547254990854	0.09509594549610528	0.17887094509981707	0.269438512238965
2	0.3317037146471291	0.2841557418990765	0.25698547175733216	0.2332114853833058	0.27623107977440103	0.2615138501142895	0.15736114790426947	0.16415371543970553	0.20264493147384338	0.20264493147384338	0.12226621563784965	0.29208040402375196	0.09962432385306266	0.057736824051206774	0.11207736433469552	0.3724591198597457
3	0.32604324170093235	0.28981621484527326	0.27623107977440103	0.2886841202560339	0.2637780392927682	0.23207939079406645	0.17660675592133837	0.149436485779594	0.24000405291874188	0.18113513427829578	0.10981317515621682	0.149436485779594	0.11320945892393486	0.03622702685565916	0.06905776994360026	0.3203827687547356
4	0.2966087823807093	0.28755202566679455	0.2513249988111354	0.3464209443072407	0.2615138501142895	0.21509797195547622	0.27396689059592233	0.20377702606308273	0.3045334445053848	0.18000303968905643	0.09056756713914789	0.1211341210486103	0.11094526974545617	0.07585033747903636	0.040755405212616544	0.34755303889648
5	0.1856635126352532	0.2705706068282043	0.22755101243710907	0.4018935791799687	0.2705706068282043	0.20038074229536468	0.43925270062486726	0.15396486413655142	0.36679864691354896	0.21849425572319428	0.08717128337142983	0.14377601283339728	0.09962432385306266	0.12453040481632835	0.02377398637402632	0.3747233090382244
6	0.07245405371131831	0.3679307415027883	0.18226722886753513	0.4834043896052018	0.2671743230604863	0.2683064176497256	0.5445374974241266	0.19924864770612533	0.47434763289128706	0.25245709340037475	0.09622804008534463	0.14377601283339728	0.09396385090686593	0.1211341210486103	0.022641891784786972	0.34302466053952263
7	0.03056655390946241	0.3679307415027883	0.269438512238965	0.523027700228579	0.2490608096326567	0.22868310702634842	0.5626510108519562	0.29774087696994866	0.5400091190671692	0.272834796006683	0.09962432385306266	0.14151182365491857	0.09849222926382332	0.17660675592133837	0.016981418838590227	0.3045334445053848
8	0.01811351342782958	0.12226621563784965	0.17094628297514164	0.20377702606308273	0.16188952626122682	0.2683064176497256	0.2671743230604863	0.15622905331503012	0.38491216034137854	0.19132398558144992	0.062265202408164175	0.07132195912207896	0.004528378356957395	0.08943547254990854	0.00792466212467544	0.17547466133209902
9	0.0033962837677180458	0.12226621563784965	0.010188851303154136	0.03169864849870176	0.00905675671391479	0.24566452586493864	0.3566097956103948	0.16302162085046618	0.24340033668645994	0.00792466212467544	0.31472229580853894	0.2490608096326567	0.0011320945892393487	0.026038175552505018	0.011320945892393486	0.07698243206827571
10	0.024906080963265666	0.33736418759332587	0.021509797195547624	0.11320945892393486	0.041887499801855896	0.3317037146471291	0.24113614750798124	0.14151182365491857	0.3837800657521392	0.03169864849870176	0.6656716184727369	0.3543456064319161	0.005660472946196743	0.020377702606308272	0.03056655390946241	0.12679459399480705
11	0.055472634872728084	0.44717736274954273	0.045283783569573945	0.18905979640297121	0.07132195912207896	0.41774290342931963	0.13019087776252508	0.05434054028348873	0.3203827687547356	0.11773783728089225	0.6486901996341466	0.26491013388200757	0.027170270141744366	0.010188851303154136	0.03169864849870176	0.16302162085046618
12	0.062265202408164175	0.42453547096475575	0.07245405371131831	0.19019189099221057	0.06452939158664286	0.36906283609202767	0.123398310227089	0.062265202408164175	0.2252868232586304	0.11886993187013159	0.39283682246605395	0.18339932345677448	0.045283783569573945	0.004528378356957395	0.013585135070872183	0.16188952626122682
13	0.07018986453283961	0.34302466053952263	0.08717128337142983	0.1358513507087218	0.05434054028348873	0.33057162005788976	0.1166057426916529	0.0860391887821905	0.15962533708274815	0.08830337796066919	0.21849425572319428	0.14151182365491857	0.057736824051206774	0.0067925675354360915	0.0011320945892393487	0.1166057426916529
14	0.08490709419295114	0.24113614750798124	0.09056756713914789	0.09509594549610528	0.0464158781588133	0.3113260120408209	0.10528479679925942	0.10302060762078072	0.11320945892393486	0.07245405371131831	0.13132297235176443	0.12453040481632835	0.074718242889797	0.028302364730983715	0.0	0.04754797274805264
15	0.058868918640446126	0.10641689138849876	0.07698243206827571	0.07018986453283961	0.041887499801855896	0.2886841202560339	0.10641689138849876	0.14264391824415792	0.08830337796066919	0.07018986453283961	0.08377499960371179	0.1211341210486103	0.09396385090686593	0.048680067337291986	0.0011320945892393487	0.011320945892393486
16	0.024906080963265666	0.02377398637402632	0.04981216192653133	0.05660472946196743	0.026038175552505018	0.2422682420972206	0.10188851303154137	0.18000303968905643	0.08717128337142983	0.074718242889797	0.06113310781892482	0.12679459399480705	0.12000202645937094	0.02377398637402632	0.0033962837677180458	0.0022641891784786973
17	0.005660472946196743	0.0033962837677180458	0.028302364730983715	0.026038175552505018	0.01584932424935088	0.16188952626122682	0.08717128337142983	0.17321047215362034	0.09736013467458397	0.08377499960371179	0.058868918640446126	0.12679459399480705	0.16188952626122682	0.0022641891784786973	0.0022641891784786973	0.004528378356957395
18	0.00905675671391479	0.0033962837677180458	0.057736824051206774	0.0033962837677180458	0.03283074308794111	0.041887499801855896	0.04301959439109525	0.19924864770612533	0.12679459399480705	0.07018986453283961	0.0928317563176266	0.10302060762078072	0.2354756745617845	0.0	0.0033962837677180458	0.010188851303154136
19	0.08943547254990854	0.04981216192653133	0.22981520161558777	0.00792466212467544	0.17434256674285967	0.07698243206827571	0.09056756713914789	0.3611381739673522	0.28075945813135844	0.09056756713914789	0.49698952467607405	0.29434459320223066	0.2705706068282043	0.0	0.024906080963265666	0.0464158781588133
20	0.29434459320223066	0.26264594470352887	0.3362320930040865	0.03396283767718045	0.42453547096475575	0.3339679038256078	0.2332114853833058	0.3815158765736605	0.47208344371280836	0.30566553909462413	0.8728449283035378	0.6192557403139237	0.5739719567443498	0.0	0.12226621563784965	0.15056858036883336
21	0.34528884971800133	0.43246013308943115	0.2513249988111354	0.08717128337142983	0.4845364841944412	0.2354756745617845	0.3543456064319161	0.28075945813135844	0.4041577683584474	0.597745943118376	0.717747969577747	0.7052949290961141	0.691709794025242	0.00792466212467544	0.20604121524156144	0.21849425572319428
22	0.35774189019963415	0.3815158765736605	0.34302466053952263	0.15736114790426947	0.4211391871970377	0.16754999920742358	0.31245810663006024	0.246796620454178	0.28755202566679455	0.6328408753847959	0.3543456064319161	0.6735962805974124	0.649822294223386	0.05660472946196743	0.28755202566679455	0.21736216113395493
23	0.3758554036274637	0.36679864691354896	0.36227026855659156	0.17660675592133837	0.38264797116289984	0.18000303968905643	0.25019290422189605	0.21396587736623687	0.2230226340801517	0.5445374974241266	0.24000405291874188	0.6430297266879499	0.5320844569424938	0.13924763447643987	0.3271753362901717	0.21396587736623687
24	0.3634023631458309	0.35094932266419804	0.30792972827310283	0.12905878317328573	0.3860442549306179	0.18226722886753513	0.17094628297514164	0.17547466133209902	0.17434256674285967	0.36679864691354896	0.20830540442004014	0.5569905379057595	0.3634023631458309	0.19698445852764665	0.31472229580853894	0.2230226340801517
["WIND_ONSHORE","SA-SC",*,*] :	1	2	3	4	5	6	7	8	9	10	11	12	13	14	15	16 := 
1	0.003842995345457794	0.18702577347894597	0.28950564935782047	0.025619968969718628	0.39326652368518095	0.2843816555638768	0.0653309208727825	0.31000162453359537	0.3279356028123984	0.45475444921250563	0.2446707036608129	0.27669566487296116	0.35227457333363116	0.09991787898190264	0.0	0.03842995345457794
2	0.0025619968969718626	0.1959927626183475	0.19343076572137563	0.007685990690915588	0.27669566487296116	0.18190177968500224	0.039710951903063875	0.2292987222789817	0.37789454230334973	0.44706845852159	0.24338970521232697	0.24595170210929881	0.3023156338426798	0.18702577347894597	0.003842995345457794	0.15500081226679768
3	0.0025619968969718626	0.21648873779412242	0.16140580450922734	0.0025619968969718626	0.18958777037591784	0.11144686501827603	0.024338970521232694	0.17037279364862887	0.45987844300644937	0.43682047093370263	0.20880274710320681	0.23826571141838324	0.2971916400487361	0.26772867573355963	0.04227294880003574	0.39839051747912463
4	0.01024798758788745	0.24979469745475663	0.17805878433954447	0.005123993793943725	0.1473148215758821	0.09735588208493078	0.01665297983031711	0.1421908277819384	0.5879782878550425	0.44066346627916037	0.18190177968500224	0.2408277083153551	0.22033173313958018	0.21392674089715055	0.07814090535764182	0.31384461987905315
5	0.04227294880003574	0.26644767728507374	0.18318277813348818	0.006404992242429657	0.15500081226679768	0.09607488363644485	0.01665297983031711	0.12938084329707908	0.6763671808005718	0.4624404399034212	0.17037279364862887	0.2651666788365878	0.20624075020623495	0.17037279364862887	0.07942190380612775	0.1421908277819384
6	0.05892592863035284	0.2574806881456722	0.15628181071528363	0.003842995345457794	0.1473148215758821	0.09863688053341671	0.023057972072746763	0.1345048370910228	0.7481030939157839	0.45731644610947747	0.1421908277819384	0.3304975997093703	0.25619968969718626	0.14347182623042432	0.07173591311521216	0.04739694259397946
7	0.039710951903063875	0.18958777037591784	0.10247987587887451	0.005123993793943725	0.12169485260616349	0.10760386967281824	0.02946296431517642	0.11657085881221975	0.7314501140854668	0.4316964771397589	0.2946296431517642	0.3625225609215185	0.16012480606074142	0.12169485260616349	0.04867794104246539	0.014090982933345245
8	0.051239937939437256	0.5546723281944083	0.006404992242429657	0.0025619968969718626	0.07557890846066995	0.12169485260616349	0.01024798758788745	0.03842995345457794	0.7609130784006432	0.27541466642447526	0.1883067719274319	0.11144686501827603	0.0819839007030996	0.3689275531639482	0.014090982933345245	0.005123993793943725
9	0.09223188829098705	0.9082278999765253	0.0	0.0025619968969718626	0.3381835904002859	0.22673672538200984	0.03202496121214828	0.055082933284895046	0.7801280551279322	0.19855475951531937	0.27285266952750337	0.15243881536982581	0.09479388518795892	0.5828542940610988	0.012809984484859314	0.02946296431517642
10	0.12041385415767755	0.9850878068856812	0.0	0.007685990690915588	0.411200501963984	0.28310065711539084	0.03714895500609201	0.15628181071528363	0.6930201606308889	0.5559533266428942	0.2190507346910943	0.3586795655760608	0.021776973624260836	0.709673140461206	0.015371981381831176	0.007685990690915588
11	0.12169485260616349	0.9978977913705406	0.0025619968969718626	0.01793397827880304	0.41760549420641363	0.31640661677602505	0.014090982933345245	0.17421578899408668	0.5521103312974364	0.8108720178915946	0.1421908277819384	0.4585974445579634	0.0025619968969718626	0.7506650908127558	0.015371981381831176	0.003842995345457794
12	0.09991787898190264	0.9761208177462797	0.005123993793943725	0.034586958109120144	0.38301853609729347	0.32921660126088437	0.003842995345457794	0.20239775486077716	0.4201674911033855	0.8864509263522644	0.05380193483640912	0.4931844026670836	0.0	0.7224831249460653	0.015371981381831176	0.0025619968969718626
13	0.07301691156369809	0.96971582550385	0.006404992242429657	0.06404992242429657	0.3445885826427156	0.2741336679759893	0.006404992242429657	0.23186071917595358	0.298472638497222	0.8979799123886378	0.006404992242429657	0.4726884274913087	0.0	0.6392182257944797	0.01793397827880304	0.0012809984484859313
14	0.051239937939437256	0.9453768549826174	0.00896698913940152	0.1063228712243323	0.3215306105699688	0.21776973624260834	0.01793397827880304	0.24210870676384103	0.20367875330926308	0.9082278999765253	0.0	0.4214484895518714	0.0	0.5290523592246896	0.01921497672728897	0.0012809984484859313
15	0.03842995345457794	0.8723599434189193	0.015371981381831176	0.12809984484859313	0.3061586291881376	0.18190177968500224	0.03202496121214828	0.24723270055778476	0.14475282467891024	0.9235998813583565	0.0	0.3766135438548638	0.0	0.4252914848973292	0.021776973624260836	0.0025619968969718626
16	0.03586795655760608	0.7583510815036714	0.02946296431517642	0.10760386967281824	0.2843816555638768	0.17165379209711482	0.04227294880003574	0.23954670986686916	0.11913285570919162	0.9095088984250113	0.0	0.3317785981578562	0.0	0.33305959660634216	0.01793397827880304	0.0025619968969718626
17	0.03714895500609201	0.6392182257944797	0.06404992242429657	0.07045491466672622	0.26132368349113	0.16012480606074142	0.04739694259397946	0.1883067719274319	0.130661841745565	0.8300869946188836	0.0	0.27669566487296116	0.0	0.2408277083153551	0.014090982933345245	0.0025619968969718626
18	0.0409919503515498	0.4252914848973292	0.07942190380612775	0.07429791001218403	0.21776973624260834	0.2126457424486646	0.021776973624260836	0.17421578899408668	0.17805878433954447	0.7468220954672979	0.005123993793943725	0.23954670986686916	0.0	0.18190177968500224	0.01793397827880304	0.005123993793943725
19	0.0653309208727825	0.3087206260851095	0.15371981381831176	0.12297585105464941	0.2690096741820456	0.34843157798817337	0.003842995345457794	0.28053866021841894	0.20239775486077716	0.6725241854551139	0.06661191932126843	0.3266546043639125	0.003842995345457794	0.21136474400017868	0.04355394724852167	0.00896698913940152
20	0.12938084329707908	0.23954670986686916	0.3112826229820813	0.21776973624260834	0.3304975997093703	0.33305959660634216	0.0	0.33562159350331405	0.1793397827880304	0.5956642785459582	0.11400886191524788	0.4688454321458509	0.03586795655760608	0.2702906726305315	0.0819839007030996	0.011528986036373381
21	0.18318277813348818	0.19727376106683342	0.45987844300644937	0.2907866478063064	0.3215306105699688	0.2126457424486646	0.0	0.4009525143760965	0.16524879985468516	0.5367383499156052	0.19727376106683342	0.5636393173338098	0.11657085881221975	0.3253736059154266	0.13322383864253687	0.023057972072746763
22	0.1626868029577133	0.18958777037591784	0.5021513918064852	0.2741336679759893	0.3087206260851095	0.16140580450922734	0.0025619968969718626	0.5085563840489148	0.1473148215758821	0.4560354476609915	0.2882246509093346	0.616160253721733	0.26132368349113	0.32024961212148284	0.1883067719274319	0.04227294880003574
23	0.11528986036373381	0.20880274710320681	0.3881425298912372	0.23954670986686916	0.25491869124870037	0.1473148215758821	0.01024798758788745	0.5316143561216615	0.17037279364862887	0.43297747558824484	0.31384461987905315	0.6430612211399376	0.4316964771397589	0.22801772383049576	0.21776973624260834	0.06404992242429657
24	0.0653309208727825	0.2446707036608129	0.21648873779412242	0.21008374555169276	0.22545572693352392	0.1345048370910228	0.015371981381831176	0.4457874600731041	0.28053866021841894	0.37148955006092005	0.27925766176993305	0.5918212832005003	0.48677941042465395	0.1588438076122555	0.15500081226679768	0.08070290225461367
["WIND_ONSHORE","SA-TJ",*,*] :	1	2	3	4	5	6	7	8	9	10	11	12	13	14	15	16 := 
1	0.10295879767351411	0.49162825889102985	0.06821020345870309	0.0012869849709189263	0.043757489011243496	0.14800327165567653	0.09137593293524375	0.14028136183016296	0.22908332482356886	0.22908332482356886	0.11840261732454122	0.28699764851492054	0.0025739699418378527	0.39124343115935356	0.15958613639394686	0.13384643697556833
2	0.11068070749902766	0.3268941826134073	0.06177527860410846	0.005147939883675705	0.03860954912756779	0.04761844392400027	0.028313669360216377	0.06692321848778417	0.2355182496781635	0.18146488089956858	0.11454166241178443	0.21363950517254177	0.005147939883675705	0.19562171557967678	0.08494100808064914	0.2213614149980553
3	0.1467162866847576	0.21106553523070393	0.06434924854594631	0.06563623351686523	0.048905428894919195	0.009008894796432484	0.005147939883675705	0.007721909825513558	0.24066618956183922	0.2007696554633525	0.1467162866847576	0.12483754217913585	0.014156834680108189	0.08236703813881129	0.027026684389297454	0.23423126470724456
4	0.20463061037610927	0.1660210612485415	0.05920130866227061	0.09266291790616268	0.039896534098486716	0.007721909825513558	0.0	0.0012869849709189263	0.2303703097944878	0.26125794909654204	0.13513342194648725	0.10424578264443303	0.09394990287708162	0.03217462427297316	0.02059175953470282	0.14285533177200083
5	0.25611000921286636	0.1866128207832443	0.03088763930205423	0.09781085778983839	0.028313669360216377	0.006434924854594632	0.0	0.007721909825513558	0.19304774563783894	0.244527144474596	0.1325594520046494	0.15443819651027116	0.41312217566497533	0.012869849709189264	0.011582864738270335	0.04633145895308134
6	0.2844236785730827	0.2638319190383799	0.02059175953470282	0.11711563235362228	0.04247050404032457	0.005147939883675705	0.005147939883675705	0.04118351906940564	0.19948267049243357	0.26254493406746093	0.10424578264443303	0.21750046008529855	0.662797260023247	0.003860954912756779	0.02059175953470282	0.01029587976735141
7	0.14929025662659545	0.26769287395113667	0.029600654331135304	0.15829915142302792	0.036035579185729937	0.01029587976735141	0.021878744505621748	0.07593211328421665	0.18403885084140645	0.3384770473516776	0.05405336877859491	0.31531131787513694	0.4787584091818406	0.0025739699418378527	0.02059175953470282	0.009008894796432484
8	0.08494100808064914	0.060488293633189534	0.01673080462194604	0.20720458031794714	0.015443819651027115	0.028313669360216377	0.029600654331135304	0.06821020345870309	0.22908332482356886	0.24581412944551492	0.02316572947654067	0.2651189040092988	0.14542930171383867	0.018017789592864968	0.018017789592864968	0.06821020345870309
9	0.15829915142302792	0.08108005316789235	0.0	0.06434924854594631	0.043757489011243496	0.02059175953470282	0.009008894796432484	0.025739699418378528	0.28571066354400165	0.10295879767351411	0.03088763930205423	0.04504447398216242	0.01673080462194604	0.05920130866227061	0.03860954912756779	0.36292976179913716
10	0.19304774563783894	0.09394990287708162	0.025739699418378528	0.029600654331135304	0.11325467744086551	0.07207115837145987	0.07593211328421665	0.03732256415664886	0.30244146816594764	0.018017789592864968	0.16859503119037936	0.04633145895308134	0.19304774563783894	0.12998548206281157	0.13899437685924404	0.5328117779604354
11	0.22779633985264994	0.11840261732454122	0.13513342194648725	0.05534035374951383	0.1711690011322172	0.157012166452109	0.19819568552151465	0.2393792045909203	0.28957161845675844	0.05791432369135168	0.38352152133384	0.25096206932919063	0.5044981086002192	0.26897985892205556	0.20334362540519035	0.6409185155176252
12	0.2664058889802177	0.16344709130670365	0.27541478377665024	0.12355055720821692	0.21621347511437963	0.2651189040092988	0.3127373479332991	0.37966056642108326	0.3526338820317858	0.15572518148119008	0.626761680837517	0.4826193640945974	0.7979306819697343	0.4478707698797863	0.23809221962000135	0.6782410796742742
13	0.3243202126715694	0.19819568552151465	0.3526338820317858	0.16859503119037936	0.27155382886389345	0.33976403232259655	0.35392086700270475	0.45945363461805666	0.5276638380767598	0.3474859421481101	0.8082265617370857	0.628048665808436	0.9497949085381676	0.6048829363318953	0.2741277988057313	0.6718061548196795
14	0.41183519069405644	0.2651189040092988	0.3564948369445426	0.2007696554633525	0.33590307740983977	0.401539310926705	0.365503731740975	0.5456816276696247	0.5495425825823815	0.6126048461574088	0.8751497802248699	0.7052677640635716	1.0012743073749246	0.7129896738890852	0.30244146816594764	0.6331966056921117
15	0.4967761987747056	0.46717554444357023	0.332042122497083	0.22522236991081207	0.5006371536874623	0.42727901034508353	0.3732256415664886	0.5920130866227061	0.5135070033966516	0.7271465085691933	0.8777237501667078	0.7284334935401122	1.0579016460953574	0.7515992230166529	0.31531131787513694	0.5817172068553547
16	0.5636994172624897	0.7400163582783825	0.27541478377665024	0.22779633985264994	0.6795280646451931	0.37579961150832647	0.3963913710430293	0.6023089663900575	0.5044981086002192	0.6589363051104903	0.8301053062427075	0.7606081178130853	1.0900762703683304	0.7515992230166529	0.2985805132531909	0.5340987629313544
17	0.6023089663900575	0.8532710357192481	0.1827518658704875	0.16988201616129828	0.5894391166808682	0.2934325733695152	0.41312217566497533	0.5598384623497329	0.4543056947343809	0.5135070033966516	0.6396315305467064	0.7824868623187071	1.0669105408917898	0.6808150496161121	0.24581412944551492	0.5250898681349219
18	0.5572644924078951	0.6769540947033552	0.06177527860410846	0.1261245271500548	0.19047377569600107	0.16859503119037936	0.27541478377665024	0.40926122075221855	0.3063024230787044	0.28184970863124487	0.4298529802869214	0.6113178611864899	0.9974133524621679	0.5340987629313544	0.18918679072508215	0.5546905224660572
19	0.3680777016828129	0.682102034587031	0.011582864738270335	0.1763169410158929	0.07721909825513558	0.08494100808064914	0.22779633985264994	0.19304774563783894	0.20205664043427143	0.07979306819697343	0.25611000921286636	0.6447794704303821	0.92276822414887	0.35005991208994797	0.11325467744086551	0.4723234843272459
20	0.37966056642108326	0.7438773131911394	0.20463061037610927	0.11068070749902766	0.08751497802248699	0.025739699418378528	0.043757489011243496	0.015443819651027115	0.17374297107405506	0.03474859421481101	0.09008894796432484	0.6730931397905985	0.9446469686544918	0.25353603927102847	0.07721909825513558	0.541820672756868
21	0.37708659647924536	0.7683300276385989	0.8313922912136263	0.043757489011243496	0.1621601063357847	0.012869849709189264	0.0012869849709189263	0.05405336877859491	0.1531512115393522	0.018017789592864968	0.012869849709189264	0.28571066354400165	0.6023089663900575	0.13513342194648725	0.03346160924389208	0.5611254473206518
22	0.3037284531368666	0.7554601779294097	0.8854456599922212	0.014156834680108189	0.24195317453275814	0.11454166241178443	0.007721909825513558	0.12097658726637907	0.13642040691740617	0.02316572947654067	0.04633145895308134	0.060488293633189534	0.051479398836757055	0.021878744505621748	0.011582864738270335	0.4658885594726513
23	0.25096206932919063	0.5340987629313544	0.7657560576967611	0.011582864738270335	0.26897985892205556	0.27670176874756913	0.07593211328421665	0.07721909825513558	0.12483754217913585	0.029600654331135304	0.17245598610313614	0.02316572947654067	0.01029587976735141	0.036035579185729937	0.0025739699418378527	0.3063024230787044
24	0.2586839791547042	0.4723234843272459	0.5250898681349219	0.014156834680108189	0.2483880993873528	0.30115448319502874	0.19176076066692	0.03732256415664886	0.12097658726637907	0.036035579185729937	0.17760392598681185	0.03346160924389208	0.19948267049243357	0.0733581433423788	0.0	0.19948267049243357
["WIND_ONSHORE","SIN",*,*] :	1	2	3	4	5	6	7	8	9	10	11	12	13	14	15	16 := 
1	0.3836760775369013	0.7864168043580365	0.09294016763657229	0.06672627487075065	0.14179333261538765	0.4396784859973044	0.2597558536254829	0.23592504083222454	1.0092348988073503	0.42895462077492286	0.5064047608680551	0.5624071693284581	0.020256189864498526	0.4015491862408706	0.06553473310252005	0.20494498574534445
2	0.4015491862408706	0.7709267768145964	0.09174862705630767	0.11915406159035989	0.15251719783776924	0.4921062727169136	0.2120942292269322	0.19302957875473226	1.0342572521808733	0.34912139952126137	0.4694670016918859	0.5064047608680551	0.01310694638291081	0.4420615671578336	0.10008941111815998	0.12272868333115373
3	0.39678302391981213	0.7351805582186919	0.08579092415498456	0.1310694673930061	0.1322610079732707	0.5230863289917597	0.17873109179155686	0.1203456021706245	1.0294910886718487	0.2871612881595352	0.47304162343267975	0.425379999034129	0.009532324642116953	0.43133770193545207	0.08817400531551381	0.11081327752850756
4	0.39916610508034134	0.6994343396227873	0.08102476183392608	0.08817400531551381	0.12392022391141835	0.565981791069252	0.15251719783776924	0.06315165194199081	1.0211503046099963	0.2847782058110399	0.5028301379392952	0.34078061545940896	0.021447730444763145	0.47542470459320896	0.07268397777207375	0.08579092415498456
5	0.34912139952126137	0.6624965804466181	0.07506705893260299	0.034554678015639946	0.12749484565221222	0.7173074483267566	0.11438789926930142	0.05957703020119695	1.031874169832378	0.2704797188478645	0.5064047608680551	0.2645220159465414	0.044087002657756905	0.46708392053135667	0.10485557343921846	0.02978851569458147
6	0.26690509710707067	0.5731310345508397	0.05123624613934461	0.015490027543440048	0.14298487319565226	0.7852252637777718	0.0941317082168369	0.08340784299445532	1.0366403333414025	0.250223528983366	0.5338101942141413	0.19302957875473226	0.05242778671960923	0.39082532101848905	0.14298487319565226	0.01310694638291081
7	0.25260661014389524	0.7363720987989565	0.014298486963175431	0.009532324642116953	0.1644326048283814	0.6172180372085967	0.056002408460403094	0.06434319252225543	1.0604711449466948	0.17039030772970448	0.37295221112655375	0.06553473310252005	0.008340784061852334	0.7959491290001535	0.08817400531551381	0.0011915405802646192
8	0.3586537241633783	1.000894114745498	0.020256189864498526	0.010723865222381572	0.4587431352815383	0.6779866079900582	0.05957703020119695	0.16204952366785216	1.0747696319098703	0.4098899703027229	0.36103680532390753	0.21805193212825527	0.03217159685511071	0.8733992690932857	0.08102476183392608	0.0011915405802646192
9	0.35031294010152597	1.0688119290085472	0.010723865222381572	0.017873108703969288	0.5350017347944059	0.7625859915647781	0.02978851569458147	0.30265131570297515	1.0652373072677532	0.7530536669226612	0.2835866652307753	0.5957703067638334	0.0381292997564338	0.9043793253681318	0.10485557343921846	0.0011915405802646192
10	0.29192745048059365	1.0795357954188947	0.008340784061852334	0.044087002657756905	0.550491763525812	0.6839443120793471	0.0071492434815877155	0.3586537241633783	1.0211503046099963	0.8710161879327564	0.1954126599152615	0.7518621263423966	0.035746218595904565	0.9305932181339533	0.1012809516984246	0.0
11	0.2573727724649537	1.062854226107224	0.011915405802646191	0.07268397777207375	0.5552579258468704	0.5862379809337505	0.0011915405802646192	0.39678302391981213	0.931784758714218	0.9639563555693287	0.10485557343921846	0.8233545635342058	0.034554678015639946	0.9520409497666825	0.08817400531551381	0.0
12	0.250223528983366	1.0271080075113195	0.01668156812370467	0.11200481810877218	0.5612156287481935	0.490914732136649	0.005957702901323096	0.4241884584538644	0.8030983724817412	1.0080433582270856	0.044087002657756905	0.8352699693368519	0.0381292997564338	0.9413170833563349	0.07506705893260299	0.0
13	0.26094739420574753	0.9758717613719748	0.020256189864498526	0.165624145408646	0.5826633591929566	0.41942229613280585	0.021447730444763145	0.4265715396143936	0.6481980934834427	1.0175756828692024	0.010723865222381572	0.7971406695804181	0.04289546207749228	0.8841231343156672	0.07387551835233837	0.0
14	0.2573727724649537	0.9258270558128949	0.023830812793258375	0.22162655386904911	0.5695564128100459	0.3693775893857599	0.04647008381828614	0.4468277294788921	0.4825739480747967	1.016384142288938	0.0011915405802646192	0.7363720987989565	0.045278543238021524	0.7899914260988303	0.07983322125366146	0.0011915405802646192
15	0.22400963502957835	0.8733992690932857	0.023830812793258375	0.250223528983366	0.5266609507325536	0.35150448068179063	0.06791781545101527	0.43133770193545207	0.34078061545940896	1.006851817646821	0.0023830811605292383	0.6708373645084705	0.04647008381828614	0.6767950674097936	0.07387551835233837	0.004766162321058477
16	0.17634801063102762	0.8364615099171164	0.034554678015639946	0.26094739420574753	0.4611262164420675	0.34435523720020284	0.08579092415498456	0.38248453695663664	0.25260661014389524	0.9842125454338272	0.0011915405802646192	0.6029195502454211	0.045278543238021524	0.5755141157113689	0.0822163024141907	0.01310694638291081
17	0.165624145408646	0.7828421826172426	0.05957703020119695	0.2645220159465414	0.4015491862408706	0.3205244244069445	0.06910935603127989	0.35507910242258445	0.2132857698071968	0.9329762992944827	0.0	0.5290440318930828	0.0381292997564338	0.4706585422721505	0.11915406159035989	0.026213893953787613
18	0.16204952366785216	0.7280313147371043	0.07864168067339684	0.306225937443769	0.43610386425651054	0.34316369661993823	0.035746218595904565	0.3801014557961074	0.21447731038746143	0.9246355152326302	0.023830812793258375	0.5612156287481935	0.009532324642116953	0.3789099152158428	0.13464408913379994	0.03932084033669842
19	0.2025619045848152	0.6481980934834427	0.1203456021706245	0.34078061545940896	0.4265715396143936	0.3801014557961074	0.01668156812370467	0.3896337804382244	0.2478404478228367	0.8936554589577842	0.14298487319565226	0.6136434154678028	0.0011915405802646192	0.3133751809253568	0.165624145408646	0.06434319252225543
20	0.24545736666230747	0.5695564128100459	0.15847490192705832	0.30265131570297515	0.39082532101848905	0.35269602126205524	0.004766162321058477	0.400357645660606	0.30145977512271055	0.8388445910776456	0.2823951246505107	0.691093555560935	0.0023830811605292383	0.2788205029097168	0.165624145408646	0.10366403285895384
21	0.23830812199275378	0.490914732136649	0.15251719783776924	0.22996733793090146	0.36103680532390753	0.3753352934750489	0.0	0.3705691299660245	0.34435523720020284	0.775692939135655	0.33958907487914436	0.7506705857621319	0.01310694638291081	0.3074174780240337	0.14655949493644613	0.14894257609697537
22	0.1894549570139384	0.5111709231891135	0.1012809516984246	0.16204952366785216	0.30145977512271055	0.490914732136649	0.0011915405802646192	0.30860901860429835	0.33720599371861515	0.6767950674097936	0.3205244244069445	0.7256482323886089	0.034554678015639946	0.3300567502370274	0.1322610079732707	0.1882634164336738
23	0.1203456021706245	0.5647902504889873	0.06553473310252005	0.1203456021706245	0.3264821273082676	0.6291334430112429	0.005957702901323096	0.2478404478228367	0.39082532101848905	0.4778077857537382	0.2263927161901076	0.6529642558045011	0.0762585995128676	0.3133751809253568	0.13702717029432918	0.20017882342428597
24	0.07030089661154451	0.616026496628332	0.06553473310252005	0.0822163024141907	0.37176067054628914	0.6648796616071474	0.009532324642116953	0.2073280669058737	0.490914732136649	0.35507910242258445	0.18707187585340918	0.6672627427676766	0.11677098042983065	0.3264821273082676	0.18588033527314457	0.2025619045848152
["HYDRO_DAM","SA-BN",*,*] :	1	2	3	4	5	6	7	8	9	10	11	12	13	14	15	16 := 
1	0.7080760963337239	0.6760934612047602	0.29049601351624754	0.5401072970321892	0.6569913474651623	0.5271844503807549	0.2794495184294331	0.6759523813346071	0.36375840008021537	0.2635075781689935	0.3192620458200366	0.2671474186030543	0.28586861799426155	0.35118825060219755	0.6015331466407327	0.6981441271171073
2	0.6698436566834861	0.684628746812446	0.2503590051264156	0.4731511493394441	0.6771797698999835	0.5143321441647906	0.23620876790803205	0.6444917374218276	0.3796298009059717	0.22966269756093097	0.292598091472011	0.2564677307783231	0.2396228839525221	0.29451676829869905	0.526888184554928	0.6467772205098126
3	0.6493730745083588	0.677334956856444	0.24148512743004785	0.4697088181215527	0.6647083760308369	0.4885428802079385	0.22877389908266346	0.6549457008569881	0.36945799621033076	0.2301987978649957	0.32184379373306193	0.2569332896461316	0.2292112447786435	0.26311255673429534	0.48933292407812135	0.5833339404672826
4	0.6448021123355351	0.6873092503343426	0.25004862921192167	0.3900555471661577	0.6706619147262839	0.4762831046428416	0.23055149703998498	0.6756420084224727	0.3623193932107892	0.22389256099534585	0.32587865660260734	0.27250842564684735	0.2061448086049698	0.2442220622995337	0.457082236295159	0.5545961243376816
5	0.6552560757706956	0.6846992862471294	0.24824281708198517	0.38765720238378076	0.6736527911603148	0.5143603593381919	0.26751422586513757	0.6843889123342084	0.36918994655869164	0.22836476856008486	0.3425824225574689	0.2686992901692321	0.2013199018652415	0.2573565292565906	0.4613428265566347	0.5498699722060378
6	0.6552983990311909	0.6853905745084411	0.2852619772547271	0.442466440208967	0.6811017700743504	0.5725272798587059	0.2560444921686505	0.6850378763342383	0.39859083477541657	0.28394994216835995	0.35563224299353513	0.2610669101261212	0.1850958038660689	0.2970279767770411	0.4533436412530135	0.5179719835980648
7	0.668559835769734	0.6154717635534935	0.3197699309506999	0.42909213877367236	0.6753316335087652	0.5644575531188285	0.2762188075171644	0.6360693155101069	0.41707219868759965	0.28124122247227556	0.3812381028189523	0.2584146217776261	0.27545697882038295	0.3404380223419966	0.4994341883382925	0.6020128155972081
8	0.7313682598993279	0.6432502427709303	0.36144470181882915	0.5037229937731695	0.6853764674221335	0.599191233205945	0.3527260120797084	0.7095856436386199	0.4584789199040898	0.34238491334129956	0.3938787917316534	0.2659200320392509	0.2692353894725103	0.3511741425151036	0.6392294869876922	0.6825266688566827
9	0.688212156899704	0.6794652519871819	0.3822820882536803	0.5459620811195515	0.6920071852910118	0.609631087553225	0.3967709125568132	0.7244977065514253	0.5018184250335755	0.35479987486207043	0.3788538661236693	0.32558238977599385	0.3460388618624543	0.36326462303664603	0.6842337263785344	0.7186005992035677
10	0.6909349846828824	0.6739490579869284	0.40546138712253255	0.545806894163091	0.6844030204213024	0.5411936077289854	0.39640410829708944	0.7061715295957028	0.5156582873382516	0.3737891239049168	0.37215260681853474	0.33593759760228314	0.3577625371234865	0.37666713964534215	0.6383265804223308	0.7159765270292604
11	0.7172603479430126	0.6295937835969027	0.4445544120792095	0.564020208423635	0.7007399831172265	0.5637944820324912	0.42989629073094915	0.7097267225079864	0.5151504012068018	0.38894102229674643	0.3886165402967316	0.3415384391243139	0.39355430973163846	0.3441060789502453	0.6688702106834414	0.7126188443339327
12	0.6792677407694396	0.6250087123361985	0.41082239316553915	0.5501098076850621	0.6969308466388249	0.5686617120327149	0.429924506905137	0.7131549456387839	0.4904333398596522	0.38607711564420155	0.37212439264591984	0.3547716606894555	0.41608464460046096	0.3627285217317949	0.7386056185077405	0.7084711177684222
13	0.635279271639924	0.61293233990175	0.3865426775143695	0.4887121762522794	0.6990893569429641	0.49551218816392567	0.34716749481895953	0.7227342166811979	0.4311518954705134	0.2975640770811058	0.36092271060264486	0.31572095899327396	0.371179162820063	0.36553599603596393	0.6574145860748348	0.7214503977690186
14	0.6956047034653637	0.6855175452907136	0.3945418628179907	0.5133163729026775	0.6990893569429641	0.5794260493807963	0.3669467877319887	0.7146644909421069	0.49538521738165303	0.40447383403618037	0.41928714033932823	0.34701230786249904	0.4246622554702152	0.39234102925335607	0.6979607239864589	0.7126470605081205
15	0.7092893778127929	0.6626909445960641	0.3879675772974882	0.5220209555554908	0.6944901775951661	0.5840816590753971	0.3602596375147346	0.713592291334764	0.4952582465993805	0.46643578294800214	0.4116829774711917	0.37778166351396686	0.49575202264216334	0.49397442668641484	0.7050287885521036	0.6976221349001365
16	0.7092893778127929	0.6972553286388398	0.4194987596441645	0.5590260076411387	0.6975939187259487	0.5888078112070408	0.3625733347753344	0.677659438856459	0.4769743929041533	0.47652293912107935	0.41601410616656415	0.3714472114709156	0.47825821281711894	0.5369330174675098	0.6776312236830575	0.6954918397693987
17	0.718769894247122	0.6749366120740671	0.416507882209347	0.5213014521207776	0.6926843654652296	0.6094476844225767	0.3764414122534119	0.7042387446819208	0.4769320696436579	0.4693702280344438	0.4350174632965045	0.3427517196025963	0.43346559173032667	0.5400508666853863	0.7285466775080649	0.6642851384219508
18	0.7289699141161644	0.6903001287699465	0.4679594373392055	0.614724044945379	0.6736669002481953	0.6353498110746073	0.4870897652514184	0.6749930444224429	0.5452990100332142	0.5038640736433226	0.4733627676434939	0.38637338347160155	0.4164373437754503	0.5302881915115375	0.6856163019003712	0.6750635828563396
19	0.7598239182901959	0.7423159993772712	0.7110669747693279	0.7834969942026175	0.8807710457653295	0.8670017248969096	0.7000769110301027	0.7704894990286197	0.6923739905515222	0.7222122244642271	0.6767706403781915	0.6230477122490151	0.6187871229883258	0.7026163346818463	0.7595135433764885	0.783214835463098
20	0.885370226113914	0.8195286012890073	0.7149043264211311	0.7711948953770253	0.8245792334190928	0.8445278203748899	0.7009939246817717	0.7560288898988882	0.6792254165081577	0.7055931040295699	0.659135750682994	0.5935057451629236	0.6717482244222938	0.7382952445948197	0.8176381406365072	0.8736042265916
21	0.8312240603758516	0.7544064788980271	0.6401041773788658	0.7114196719427442	0.7737625352029567	0.773550914897334	0.579510695901787	0.7537434068109033	0.5554849218151626	0.5943381112928153	0.5836584224672976	0.5537919733811912	0.5987821036841529	0.6498950687269025	0.75997910424587	0.7833276991590632
22	0.7326944030727889	0.721930066725494	0.5453554413808035	0.6064003766409564	0.7282504106814514	0.6991175731171521	0.4798382995566982	0.7037590757254455	0.5101844175992799	0.48912130577407154	0.4731793645128455	0.4950184111203563	0.5095213455121562	0.5985845924664106	0.695237897204067	0.7170064063784676
23	0.7412296896812614	0.6769822596830276	0.42631288064369116	0.5431263906411946	0.715666154117126	0.6295514593356207	0.40859334342671655	0.7156520460300321	0.44149299420892224	0.3983227831222045	0.49235201668634027	0.35729697625410506	0.44727723786081486	0.5414334422072231	0.7043516083778859	0.6910760625514625
24	0.7374910926375429	0.7001333423776921	0.3472380342536428	0.5149528909898459	0.7074976727691639	0.582177092337376	0.344628071167216	0.6792113094218503	0.394598296167153	0.3827335410359678	0.4172979250787434	0.2887748479073018	0.4063784007742015	0.4508183246875775	0.6583174916394098	0.6741042449433888
["HYDRO_DAM","SA-PA",*,*] :	1	2	3	4	5	6	7	8	9	10	11	12	13	14	15	16 := 
1	0.7080760963337239	0.6760934612047602	0.29049601351624754	0.5401072970321892	0.6569913474651623	0.5271844503807549	0.2794495184294331	0.6759523813346071	0.36375840008021537	0.2635075781689935	0.3192620458200366	0.2671474186030543	0.28586861799426155	0.35118825060219755	0.6015331466407327	0.6981441271171073
2	0.6698436566834861	0.684628746812446	0.2503590051264156	0.4731511493394441	0.6771797698999835	0.5143321441647906	0.23620876790803205	0.6444917374218276	0.3796298009059717	0.22966269756093097	0.292598091472011	0.2564677307783231	0.2396228839525221	0.29451676829869905	0.526888184554928	0.6467772205098126
3	0.6493730745083588	0.677334956856444	0.24148512743004785	0.4697088181215527	0.6647083760308369	0.4885428802079385	0.22877389908266346	0.6549457008569881	0.36945799621033076	0.2301987978649957	0.32184379373306193	0.2569332896461316	0.2292112447786435	0.26311255673429534	0.48933292407812135	0.5833339404672826
4	0.6448021123355351	0.6873092503343426	0.25004862921192167	0.3900555471661577	0.6706619147262839	0.4762831046428416	0.23055149703998498	0.6756420084224727	0.3623193932107892	0.22389256099534585	0.32587865660260734	0.27250842564684735	0.2061448086049698	0.2442220622995337	0.457082236295159	0.5545961243376816
5	0.6552560757706956	0.6846992862471294	0.24824281708198517	0.38765720238378076	0.6736527911603148	0.5143603593381919	0.26751422586513757	0.6843889123342084	0.36918994655869164	0.22836476856008486	0.3425824225574689	0.2686992901692321	0.2013199018652415	0.2573565292565906	0.4613428265566347	0.5498699722060378
6	0.6552983990311909	0.6853905745084411	0.2852619772547271	0.442466440208967	0.6811017700743504	0.5725272798587059	0.2560444921686505	0.6850378763342383	0.39859083477541657	0.28394994216835995	0.35563224299353513	0.2610669101261212	0.1850958038660689	0.2970279767770411	0.4533436412530135	0.5179719835980648
7	0.668559835769734	0.6154717635534935	0.3197699309506999	0.42909213877367236	0.6753316335087652	0.5644575531188285	0.2762188075171644	0.6360693155101069	0.41707219868759965	0.28124122247227556	0.3812381028189523	0.2584146217776261	0.27545697882038295	0.3404380223419966	0.4994341883382925	0.6020128155972081
8	0.7313682598993279	0.6432502427709303	0.36144470181882915	0.5037229937731695	0.6853764674221335	0.599191233205945	0.3527260120797084	0.7095856436386199	0.4584789199040898	0.34238491334129956	0.3938787917316534	0.2659200320392509	0.2692353894725103	0.3511741425151036	0.6392294869876922	0.6825266688566827
9	0.688212156899704	0.6794652519871819	0.3822820882536803	0.5459620811195515	0.6920071852910118	0.609631087553225	0.3967709125568132	0.7244977065514253	0.5018184250335755	0.35479987486207043	0.3788538661236693	0.32558238977599385	0.3460388618624543	0.36326462303664603	0.6842337263785344	0.7186005992035677
10	0.6909349846828824	0.6739490579869284	0.40546138712253255	0.545806894163091	0.6844030204213024	0.5411936077289854	0.39640410829708944	0.7061715295957028	0.5156582873382516	0.3737891239049168	0.37215260681853474	0.33593759760228314	0.3577625371234865	0.37666713964534215	0.6383265804223308	0.7159765270292604
11	0.7172603479430126	0.6295937835969027	0.4445544120792095	0.564020208423635	0.7007399831172265	0.5637944820324912	0.42989629073094915	0.7097267225079864	0.5151504012068018	0.38894102229674643	0.3886165402967316	0.3415384391243139	0.39355430973163846	0.3441060789502453	0.6688702106834414	0.7126188443339327
12	0.6792677407694396	0.6250087123361985	0.41082239316553915	0.5501098076850621	0.6969308466388249	0.5686617120327149	0.429924506905137	0.7131549456387839	0.4904333398596522	0.38607711564420155	0.37212439264591984	0.3547716606894555	0.41608464460046096	0.3627285217317949	0.7386056185077405	0.7084711177684222
13	0.635279271639924	0.61293233990175	0.3865426775143695	0.4887121762522794	0.6990893569429641	0.49551218816392567	0.34716749481895953	0.7227342166811979	0.4311518954705134	0.2975640770811058	0.36092271060264486	0.31572095899327396	0.371179162820063	0.36553599603596393	0.6574145860748348	0.7214503977690186
14	0.6956047034653637	0.6855175452907136	0.3945418628179907	0.5133163729026775	0.6990893569429641	0.5794260493807963	0.3669467877319887	0.7146644909421069	0.49538521738165303	0.40447383403618037	0.41928714033932823	0.34701230786249904	0.4246622554702152	0.39234102925335607	0.6979607239864589	0.7126470605081205
15	0.7092893778127929	0.6626909445960641	0.3879675772974882	0.5220209555554908	0.6944901775951661	0.5840816590753971	0.3602596375147346	0.713592291334764	0.4952582465993805	0.46643578294800214	0.4116829774711917	0.37778166351396686	0.49575202264216334	0.49397442668641484	0.7050287885521036	0.6976221349001365
16	0.7092893778127929	0.6972553286388398	0.4194987596441645	0.5590260076411387	0.6975939187259487	0.5888078112070408	0.3625733347753344	0.677659438856459	0.4769743929041533	0.47652293912107935	0.41601410616656415	0.3714472114709156	0.47825821281711894	0.5369330174675098	0.6776312236830575	0.6954918397693987
17	0.718769894247122	0.6749366120740671	0.416507882209347	0.5213014521207776	0.6926843654652296	0.6094476844225767	0.3764414122534119	0.7042387446819208	0.4769320696436579	0.4693702280344438	0.4350174632965045	0.3427517196025963	0.43346559173032667	0.5400508666853863	0.7285466775080649	0.6642851384219508
18	0.7289699141161644	0.6903001287699465	0.4679594373392055	0.614724044945379	0.6736669002481953	0.6353498110746073	0.4870897652514184	0.6749930444224429	0.5452990100332142	0.5038640736433226	0.4733627676434939	0.38637338347160155	0.4164373437754503	0.5302881915115375	0.6856163019003712	0.6750635828563396
19	0.7598239182901959	0.7423159993772712	0.7110669747693279	0.7834969942026175	0.8807710457653295	0.8670017248969096	0.7000769110301027	0.7704894990286197	0.6923739905515222	0.7222122244642271	0.6767706403781915	0.6230477122490151	0.6187871229883258	0.7026163346818463	0.7595135433764885	0.783214835463098
20	0.885370226113914	0.8195286012890073	0.7149043264211311	0.7711948953770253	0.8245792334190928	0.8445278203748899	0.7009939246817717	0.7560288898988882	0.6792254165081577	0.7055931040295699	0.659135750682994	0.5935057451629236	0.6717482244222938	0.7382952445948197	0.8176381406365072	0.8736042265916
21	0.8312240603758516	0.7544064788980271	0.6401041773788658	0.7114196719427442	0.7737625352029567	0.773550914897334	0.579510695901787	0.7537434068109033	0.5554849218151626	0.5943381112928153	0.5836584224672976	0.5537919733811912	0.5987821036841529	0.6498950687269025	0.75997910424587	0.7833276991590632
22	0.7326944030727889	0.721930066725494	0.5453554413808035	0.6064003766409564	0.7282504106814514	0.6991175731171521	0.4798382995566982	0.7037590757254455	0.5101844175992799	0.48912130577407154	0.4731793645128455	0.4950184111203563	0.5095213455121562	0.5985845924664106	0.695237897204067	0.7170064063784676
23	0.7412296896812614	0.6769822596830276	0.42631288064369116	0.5431263906411946	0.715666154117126	0.6295514593356207	0.40859334342671655	0.7156520460300321	0.44149299420892224	0.3983227831222045	0.49235201668634027	0.35729697625410506	0.44727723786081486	0.5414334422072231	0.7043516083778859	0.6910760625514625
24	0.7374910926375429	0.7001333423776921	0.3472380342536428	0.5149528909898459	0.7074976727691639	0.582177092337376	0.344628071167216	0.6792113094218503	0.394598296167153	0.3827335410359678	0.4172979250787434	0.2887748479073018	0.4063784007742015	0.4508183246875775	0.6583174916394098	0.6741042449433888
["HYDRO_DAM","SA-SC",*,*] :	1	2	3	4	5	6	7	8	9	10	11	12	13	14	15	16 := 
1	0.7080760963337239	0.6760934612047602	0.29049601351624754	0.5401072970321892	0.6569913474651623	0.5271844503807549	0.2794495184294331	0.6759523813346071	0.36375840008021537	0.2635075781689935	0.3192620458200366	0.2671474186030543	0.28586861799426155	0.35118825060219755	0.6015331466407327	0.6981441271171073
2	0.6698436566834861	0.684628746812446	0.2503590051264156	0.4731511493394441	0.6771797698999835	0.5143321441647906	0.23620876790803205	0.6444917374218276	0.3796298009059717	0.22966269756093097	0.292598091472011	0.2564677307783231	0.2396228839525221	0.29451676829869905	0.526888184554928	0.6467772205098126
3	0.6493730745083588	0.677334956856444	0.24148512743004785	0.4697088181215527	0.6647083760308369	0.4885428802079385	0.22877389908266346	0.6549457008569881	0.36945799621033076	0.2301987978649957	0.32184379373306193	0.2569332896461316	0.2292112447786435	0.26311255673429534	0.48933292407812135	0.5833339404672826
4	0.6448021123355351	0.6873092503343426	0.25004862921192167	0.3900555471661577	0.6706619147262839	0.4762831046428416	0.23055149703998498	0.6756420084224727	0.3623193932107892	0.22389256099534585	0.32587865660260734	0.27250842564684735	0.2061448086049698	0.2442220622995337	0.457082236295159	0.5545961243376816
5	0.6552560757706956	0.6846992862471294	0.24824281708198517	0.38765720238378076	0.6736527911603148	0.5143603593381919	0.26751422586513757	0.6843889123342084	0.36918994655869164	0.22836476856008486	0.3425824225574689	0.2686992901692321	0.2013199018652415	0.2573565292565906	0.4613428265566347	0.5498699722060378
6	0.6552983990311909	0.6853905745084411	0.2852619772547271	0.442466440208967	0.6811017700743504	0.5725272798587059	0.2560444921686505	0.6850378763342383	0.39859083477541657	0.28394994216835995	0.35563224299353513	0.2610669101261212	0.1850958038660689	0.2970279767770411	0.4533436412530135	0.5179719835980648
7	0.668559835769734	0.6154717635534935	0.3197699309506999	0.42909213877367236	0.6753316335087652	0.5644575531188285	0.2762188075171644	0.6360693155101069	0.41707219868759965	0.28124122247227556	0.3812381028189523	0.2584146217776261	0.27545697882038295	0.3404380223419966	0.4994341883382925	0.6020128155972081
8	0.7313682598993279	0.6432502427709303	0.36144470181882915	0.5037229937731695	0.6853764674221335	0.599191233205945	0.3527260120797084	0.7095856436386199	0.4584789199040898	0.34238491334129956	0.3938787917316534	0.2659200320392509	0.2692353894725103	0.3511741425151036	0.6392294869876922	0.6825266688566827
9	0.688212156899704	0.6794652519871819	0.3822820882536803	0.5459620811195515	0.6920071852910118	0.609631087553225	0.3967709125568132	0.7244977065514253	0.5018184250335755	0.35479987486207043	0.3788538661236693	0.32558238977599385	0.3460388618624543	0.36326462303664603	0.6842337263785344	0.7186005992035677
10	0.6909349846828824	0.6739490579869284	0.40546138712253255	0.545806894163091	0.6844030204213024	0.5411936077289854	0.39640410829708944	0.7061715295957028	0.5156582873382516	0.3737891239049168	0.37215260681853474	0.33593759760228314	0.3577625371234865	0.37666713964534215	0.6383265804223308	0.7159765270292604
11	0.7172603479430126	0.6295937835969027	0.4445544120792095	0.564020208423635	0.7007399831172265	0.5637944820324912	0.42989629073094915	0.7097267225079864	0.5151504012068018	0.38894102229674643	0.3886165402967316	0.3415384391243139	0.39355430973163846	0.3441060789502453	0.6688702106834414	0.7126188443339327
12	0.6792677407694396	0.6250087123361985	0.41082239316553915	0.5501098076850621	0.6969308466388249	0.5686617120327149	0.429924506905137	0.7131549456387839	0.4904333398596522	0.38607711564420155	0.37212439264591984	0.3547716606894555	0.41608464460046096	0.3627285217317949	0.7386056185077405	0.7084711177684222
13	0.635279271639924	0.61293233990175	0.3865426775143695	0.4887121762522794	0.6990893569429641	0.49551218816392567	0.34716749481895953	0.7227342166811979	0.4311518954705134	0.2975640770811058	0.36092271060264486	0.31572095899327396	0.371179162820063	0.36553599603596393	0.6574145860748348	0.7214503977690186
14	0.6956047034653637	0.6855175452907136	0.3945418628179907	0.5133163729026775	0.6990893569429641	0.5794260493807963	0.3669467877319887	0.7146644909421069	0.49538521738165303	0.40447383403618037	0.41928714033932823	0.34701230786249904	0.4246622554702152	0.39234102925335607	0.6979607239864589	0.7126470605081205
15	0.7092893778127929	0.6626909445960641	0.3879675772974882	0.5220209555554908	0.6944901775951661	0.5840816590753971	0.3602596375147346	0.713592291334764	0.4952582465993805	0.46643578294800214	0.4116829774711917	0.37778166351396686	0.49575202264216334	0.49397442668641484	0.7050287885521036	0.6976221349001365
16	0.7092893778127929	0.6972553286388398	0.4194987596441645	0.5590260076411387	0.6975939187259487	0.5888078112070408	0.3625733347753344	0.677659438856459	0.4769743929041533	0.47652293912107935	0.41601410616656415	0.3714472114709156	0.47825821281711894	0.5369330174675098	0.6776312236830575	0.6954918397693987
17	0.718769894247122	0.6749366120740671	0.416507882209347	0.5213014521207776	0.6926843654652296	0.6094476844225767	0.3764414122534119	0.7042387446819208	0.4769320696436579	0.4693702280344438	0.4350174632965045	0.3427517196025963	0.43346559173032667	0.5400508666853863	0.7285466775080649	0.6642851384219508
18	0.7289699141161644	0.6903001287699465	0.4679594373392055	0.614724044945379	0.6736669002481953	0.6353498110746073	0.4870897652514184	0.6749930444224429	0.5452990100332142	0.5038640736433226	0.4733627676434939	0.38637338347160155	0.4164373437754503	0.5302881915115375	0.6856163019003712	0.6750635828563396
19	0.7598239182901959	0.7423159993772712	0.7110669747693279	0.7834969942026175	0.8807710457653295	0.8670017248969096	0.7000769110301027	0.7704894990286197	0.6923739905515222	0.7222122244642271	0.6767706403781915	0.6230477122490151	0.6187871229883258	0.7026163346818463	0.7595135433764885	0.783214835463098
20	0.885370226113914	0.8195286012890073	0.7149043264211311	0.7711948953770253	0.8245792334190928	0.8445278203748899	0.7009939246817717	0.7560288898988882	0.6792254165081577	0.7055931040295699	0.659135750682994	0.5935057451629236	0.6717482244222938	0.7382952445948197	0.8176381406365072	0.8736042265916
21	0.8312240603758516	0.7544064788980271	0.6401041773788658	0.7114196719427442	0.7737625352029567	0.773550914897334	0.579510695901787	0.7537434068109033	0.5554849218151626	0.5943381112928153	0.5836584224672976	0.5537919733811912	0.5987821036841529	0.6498950687269025	0.75997910424587	0.7833276991590632
22	0.7326944030727889	0.721930066725494	0.5453554413808035	0.6064003766409564	0.7282504106814514	0.6991175731171521	0.4798382995566982	0.7037590757254455	0.5101844175992799	0.48912130577407154	0.4731793645128455	0.4950184111203563	0.5095213455121562	0.5985845924664106	0.695237897204067	0.7170064063784676
23	0.7412296896812614	0.6769822596830276	0.42631288064369116	0.5431263906411946	0.715666154117126	0.6295514593356207	0.40859334342671655	0.7156520460300321	0.44149299420892224	0.3983227831222045	0.49235201668634027	0.35729697625410506	0.44727723786081486	0.5414334422072231	0.7043516083778859	0.6910760625514625
24	0.7374910926375429	0.7001333423776921	0.3472380342536428	0.5149528909898459	0.7074976727691639	0.582177092337376	0.344628071167216	0.6792113094218503	0.394598296167153	0.3827335410359678	0.4172979250787434	0.2887748479073018	0.4063784007742015	0.4508183246875775	0.6583174916394098	0.6741042449433888
["HYDRO_DAM","SA-TJ",*,*] :	1	2	3	4	5	6	7	8	9	10	11	12	13	14	15	16 := 
1	0.7080760963337239	0.6760934612047602	0.29049601351624754	0.5401072970321892	0.6569913474651623	0.5271844503807549	0.2794495184294331	0.6759523813346071	0.36375840008021537	0.2635075781689935	0.3192620458200366	0.2671474186030543	0.28586861799426155	0.35118825060219755	0.6015331466407327	0.6981441271171073
2	0.6698436566834861	0.684628746812446	0.2503590051264156	0.4731511493394441	0.6771797698999835	0.5143321441647906	0.23620876790803205	0.6444917374218276	0.3796298009059717	0.22966269756093097	0.292598091472011	0.2564677307783231	0.2396228839525221	0.29451676829869905	0.526888184554928	0.6467772205098126
3	0.6493730745083588	0.677334956856444	0.24148512743004785	0.4697088181215527	0.6647083760308369	0.4885428802079385	0.22877389908266346	0.6549457008569881	0.36945799621033076	0.2301987978649957	0.32184379373306193	0.2569332896461316	0.2292112447786435	0.26311255673429534	0.48933292407812135	0.5833339404672826
4	0.6448021123355351	0.6873092503343426	0.25004862921192167	0.3900555471661577	0.6706619147262839	0.4762831046428416	0.23055149703998498	0.6756420084224727	0.3623193932107892	0.22389256099534585	0.32587865660260734	0.27250842564684735	0.2061448086049698	0.2442220622995337	0.457082236295159	0.5545961243376816
5	0.6552560757706956	0.6846992862471294	0.24824281708198517	0.38765720238378076	0.6736527911603148	0.5143603593381919	0.26751422586513757	0.6843889123342084	0.36918994655869164	0.22836476856008486	0.3425824225574689	0.2686992901692321	0.2013199018652415	0.2573565292565906	0.4613428265566347	0.5498699722060378
6	0.6552983990311909	0.6853905745084411	0.2852619772547271	0.442466440208967	0.6811017700743504	0.5725272798587059	0.2560444921686505	0.6850378763342383	0.39859083477541657	0.28394994216835995	0.35563224299353513	0.2610669101261212	0.1850958038660689	0.2970279767770411	0.4533436412530135	0.5179719835980648
7	0.668559835769734	0.6154717635534935	0.3197699309506999	0.42909213877367236	0.6753316335087652	0.5644575531188285	0.2762188075171644	0.6360693155101069	0.41707219868759965	0.28124122247227556	0.3812381028189523	0.2584146217776261	0.27545697882038295	0.3404380223419966	0.4994341883382925	0.6020128155972081
8	0.7313682598993279	0.6432502427709303	0.36144470181882915	0.5037229937731695	0.6853764674221335	0.599191233205945	0.3527260120797084	0.7095856436386199	0.4584789199040898	0.34238491334129956	0.3938787917316534	0.2659200320392509	0.2692353894725103	0.3511741425151036	0.6392294869876922	0.6825266688566827
9	0.688212156899704	0.6794652519871819	0.3822820882536803	0.5459620811195515	0.6920071852910118	0.609631087553225	0.3967709125568132	0.7244977065514253	0.5018184250335755	0.35479987486207043	0.3788538661236693	0.32558238977599385	0.3460388618624543	0.36326462303664603	0.6842337263785344	0.7186005992035677
10	0.6909349846828824	0.6739490579869284	0.40546138712253255	0.545806894163091	0.6844030204213024	0.5411936077289854	0.39640410829708944	0.7061715295957028	0.5156582873382516	0.3737891239049168	0.37215260681853474	0.33593759760228314	0.3577625371234865	0.37666713964534215	0.6383265804223308	0.7159765270292604
11	0.7172603479430126	0.6295937835969027	0.4445544120792095	0.564020208423635	0.7007399831172265	0.5637944820324912	0.42989629073094915	0.7097267225079864	0.5151504012068018	0.38894102229674643	0.3886165402967316	0.3415384391243139	0.39355430973163846	0.3441060789502453	0.6688702106834414	0.7126188443339327
12	0.6792677407694396	0.6250087123361985	0.41082239316553915	0.5501098076850621	0.6969308466388249	0.5686617120327149	0.429924506905137	0.7131549456387839	0.4904333398596522	0.38607711564420155	0.37212439264591984	0.3547716606894555	0.41608464460046096	0.3627285217317949	0.7386056185077405	0.7084711177684222
13	0.635279271639924	0.61293233990175	0.3865426775143695	0.4887121762522794	0.6990893569429641	0.49551218816392567	0.34716749481895953	0.7227342166811979	0.4311518954705134	0.2975640770811058	0.36092271060264486	0.31572095899327396	0.371179162820063	0.36553599603596393	0.6574145860748348	0.7214503977690186
14	0.6956047034653637	0.6855175452907136	0.3945418628179907	0.5133163729026775	0.6990893569429641	0.5794260493807963	0.3669467877319887	0.7146644909421069	0.49538521738165303	0.40447383403618037	0.41928714033932823	0.34701230786249904	0.4246622554702152	0.39234102925335607	0.6979607239864589	0.7126470605081205
15	0.7092893778127929	0.6626909445960641	0.3879675772974882	0.5220209555554908	0.6944901775951661	0.5840816590753971	0.3602596375147346	0.713592291334764	0.4952582465993805	0.46643578294800214	0.4116829774711917	0.37778166351396686	0.49575202264216334	0.49397442668641484	0.7050287885521036	0.6976221349001365
16	0.7092893778127929	0.6972553286388398	0.4194987596441645	0.5590260076411387	0.6975939187259487	0.5888078112070408	0.3625733347753344	0.677659438856459	0.4769743929041533	0.47652293912107935	0.41601410616656415	0.3714472114709156	0.47825821281711894	0.5369330174675098	0.6776312236830575	0.6954918397693987
17	0.718769894247122	0.6749366120740671	0.416507882209347	0.5213014521207776	0.6926843654652296	0.6094476844225767	0.3764414122534119	0.7042387446819208	0.4769320696436579	0.4693702280344438	0.4350174632965045	0.3427517196025963	0.43346559173032667	0.5400508666853863	0.7285466775080649	0.6642851384219508
18	0.7289699141161644	0.6903001287699465	0.4679594373392055	0.614724044945379	0.6736669002481953	0.6353498110746073	0.4870897652514184	0.6749930444224429	0.5452990100332142	0.5038640736433226	0.4733627676434939	0.38637338347160155	0.4164373437754503	0.5302881915115375	0.6856163019003712	0.6750635828563396
19	0.7598239182901959	0.7423159993772712	0.7110669747693279	0.7834969942026175	0.8807710457653295	0.8670017248969096	0.7000769110301027	0.7704894990286197	0.6923739905515222	0.7222122244642271	0.6767706403781915	0.6230477122490151	0.6187871229883258	0.7026163346818463	0.7595135433764885	0.783214835463098
20	0.885370226113914	0.8195286012890073	0.7149043264211311	0.7711948953770253	0.8245792334190928	0.8445278203748899	0.7009939246817717	0.7560288898988882	0.6792254165081577	0.7055931040295699	0.659135750682994	0.5935057451629236	0.6717482244222938	0.7382952445948197	0.8176381406365072	0.8736042265916
21	0.8312240603758516	0.7544064788980271	0.6401041773788658	0.7114196719427442	0.7737625352029567	0.773550914897334	0.579510695901787	0.7537434068109033	0.5554849218151626	0.5943381112928153	0.5836584224672976	0.5537919733811912	0.5987821036841529	0.6498950687269025	0.75997910424587	0.7833276991590632
22	0.7326944030727889	0.721930066725494	0.5453554413808035	0.6064003766409564	0.7282504106814514	0.6991175731171521	0.4798382995566982	0.7037590757254455	0.5101844175992799	0.48912130577407154	0.4731793645128455	0.4950184111203563	0.5095213455121562	0.5985845924664106	0.695237897204067	0.7170064063784676
23	0.7412296896812614	0.6769822596830276	0.42631288064369116	0.5431263906411946	0.715666154117126	0.6295514593356207	0.40859334342671655	0.7156520460300321	0.44149299420892224	0.3983227831222045	0.49235201668634027	0.35729697625410506	0.44727723786081486	0.5414334422072231	0.7043516083778859	0.6910760625514625
24	0.7374910926375429	0.7001333423776921	0.3472380342536428	0.5149528909898459	0.7074976727691639	0.582177092337376	0.344628071167216	0.6792113094218503	0.394598296167153	0.3827335410359678	0.4172979250787434	0.2887748479073018	0.4063784007742015	0.4508183246875775	0.6583174916394098	0.6741042449433888
["HYDRO_DAM","SIN",*,*] :	1	2	3	4	5	6	7	8	9	10	11	12	13	14	15	16 := 
1	0.8567091365241006	0.7744368830390155	0.6366580785957178	0.6832869545864187	0.5078640528987854	0.330690333586255	0.2692894177994384	0.21111135062527348	0.1906590441396261	0.1785738140724142	0.17615645626605275	0.19349405990454124	0.2388265067598402	0.31710783798395853	0.7635896515520127	0.9401645768798989
2	0.8565515385545694	0.7748538282706774	0.6365606749294762	0.6829411465254362	0.5069993495454028	0.3304130968791417	0.2691494914414594	0.2110092309154583	0.19063998923559958	0.17858917785421413	0.17606432175960665	0.19357141386062984	0.23883453648154013	0.3176066996276569	0.762623106552687	0.939675098135154
3	0.8563939395811976	0.77527077450618	0.6364632722670756	0.6825953374606132	0.5061346461920203	0.33013586017202856	0.26900956508348034	0.21090711120564312	0.1906209333277324	0.17860454163601402	0.1759721872531605	0.19364876882055918	0.23884256620324004	0.31810556227519593	0.7616565605495202	0.9391856183865686
4	0.8562363416116664	0.775687719737842	0.6363658686008341	0.68224952839579	0.5052699428386377	0.32985862346491535	0.26886963872550135	0.21080499249966864	0.19060187842370588	0.17861990541781392	0.1758800527467144	0.19372612277664777	0.23885059592493998	0.31860442492273494	0.7606900145463537	0.938696138637983
5	0.8560787436421352	0.776104664969504	0.6362684659384332	0.6819037203348075	0.5044052394852551	0.32958138675780213	0.26872971236752224	0.21070287278985345	0.1905828225158387	0.1786352691996138	0.17578791824026826	0.19380347673273637	0.2388586266504806	0.319103287570274	0.7597234685431871	0.9382066598932383
6	0.8559211446687635	0.7765216102011658	0.6361710622721919	0.6815579112699843	0.5035405361318727	0.32930415005068897	0.2685897860095432	0.21060075308003826	0.19056376761181218	0.1786506329814137	0.1756957837338221	0.1938808316926657	0.23886665637218052	0.31960214921397234	0.7587569225400205	0.9377171801446527
7	0.8557635466992323	0.7769385554328279	0.636073659609791	0.6812121022051612	0.50267583277849	0.3290269133435757	0.2684498596515642	0.21049863337022304	0.190544711703945	0.1786659967632136	0.175603649227376	0.1939581856487543	0.23887468609388043	0.32010101186151135	0.7577903775406946	0.9372277013999079
8	0.8556059487297011	0.7773555006644899	0.6359762559435496	0.6808662941441788	0.5018111304289481	0.3287496766364625	0.26830993329358516	0.21039651366040785	0.1905256557960778	0.1786813605450135	0.17551151572477056	0.1940355406086836	0.23888271581558038	0.32059987450905036	0.756823831537528	0.9367382216513224
9	0.8554483497563292	0.7777724458961518	0.6358788532811488	0.6805204850793555	0.5009464270755656	0.3284724399293493	0.26817000693560616	0.21029439395059268	0.1905066008920513	0.17869672432681338	0.17541938121832445	0.19411289456477226	0.2388907455372803	0.32109873715658943	0.7558572855343614	0.9362487419027369
10	0.855290751786798	0.7781893911278137	0.6357814496149073	0.6801746760145323	0.500081723722183	0.3281952032222361	0.26803008057762706	0.21019227524461817	0.1904875449841841	0.1787120881086133	0.17532724671187833	0.19419024952470154	0.2388987752589802	0.32159759880028777	0.7548907395311947	0.9357592631579921
11	0.8551331528134262	0.7786063363594757	0.6356840469525067	0.6798288679535499	0.49921702036880045	0.32791796651512284	0.26789015421964807	0.210090155534803	0.1904684900801576	0.17872745189041317	0.17523511220543223	0.19426760348079017	0.23890680598452083	0.3220964614478268	0.7539241935280281	0.9352697834094065
12	0.8549755548438951	0.7790232815911377	0.6355866432862651	0.6794830588887267	0.4983523170154178	0.3276407298080096	0.267750227861669	0.2099880358249878	0.1904494341722904	0.17874281567221306	0.17514297769898607	0.1943449584407195	0.23891483570622077	0.3225953240953658	0.7529576485287022	0.934780303660821
13	0.8548179568743639	0.7794402268227996	0.6354892406238644	0.6791372498239036	0.49748761366203526	0.32736349310089646	0.26761030150369003	0.2098859161151726	0.1904303792682639	0.17875817945401296	0.17505084319253997	0.1944223123968081	0.23892286542792068	0.3230941857390642	0.7519911025255356	0.9342908249160763
14	0.8546603579009919	0.7798571720544616	0.6353918369576228	0.678791441762921	0.4966229103086527	0.32708625639378325	0.267470375145711	0.2097837964053574	0.1904113233603967	0.17877354323581288	0.17495870968993452	0.1944996663528967	0.23893089514962063	0.3235930483866032	0.751024556522369	0.9338013451674907
15	0.8545027599314609	0.7802741172861235	0.6352944342952221	0.6784456326980979	0.4957582069552702	0.32680901968667	0.26733044878773193	0.20968167669554222	0.19039226745252952	0.17878890701761277	0.1748665751834884	0.19457702131282603	0.23893892487132054	0.3240919110341422	0.7500580105192024	0.9333118664227459
16	0.8543451619619297	0.7806910625177855	0.6351970306289807	0.6780998236332748	0.4948935046057283	0.3265317829795568	0.2671905224297529	0.20957955798956773	0.190373212548503	0.17880427079941266	0.1747744406770423	0.19465437526891463	0.23894695459302046	0.32459077368168127	0.7490914645160357	0.9328223866741603
17	0.8541875629885578	0.7811080077494474	0.6350996279665799	0.6777540155722923	0.4940288012523457	0.3262545462724436	0.26705059607177384	0.20947743827975254	0.19035415664063582	0.17881963458121253	0.17468230617059613	0.19473173022884394	0.23895498531856108	0.3250896353253796	0.7481249195167099	0.9323329069255749
18	0.8540299650190267	0.7815249529811094	0.6350022243003385	0.6773411519568864	0.49316409789896315	0.3259773095653304	0.26691066971379485	0.20937531856993735	0.1903351017366093	0.17883499836301245	0.17459017166415003	0.19480908418493256	0.23896301504026102	0.3255884979729186	0.7471583735135432	0.9318434281808301
19	0.8538723660456549	0.7819418982127714	0.6349048216379376	0.6768237292987823	0.4922993945455805	0.3257000718543765	0.26677074335581574	0.20927319886012216	0.19031604582874212	0.17885036214481234	0.1744980371577039	0.19488643914486187	0.23897104476196093	0.3260873606204576	0.7461918275103766	0.9313539484322445
20	0.8537147680761237	0.7823588434444333	0.6348074179716963	0.6763063056368375	0.49143469119219796	0.3254228351472633	0.26663081699783675	0.20917107915030697	0.1902969909247156	0.17886572592661223	0.1744059026512578	0.1949637931009505	0.23897907448366085	0.32658622226415596	0.74522528150721	0.9308644696874997
21	0.8535571701065926	0.7827757886760952	0.6347100153092954	0.6757888829787334	0.4905699878388154	0.32514559844015006	0.2664908906398577	0.20906896044433249	0.19027793501684842	0.17888108970841213	0.17431376914865235	0.1950411480608798	0.2389871042053608	0.327085084911695	0.7441950910002932	0.9303749899389142
22	0.8533995711332206	0.7831927339077572	0.6346126116430539	0.6752714603206293	0.4897052844854329	0.32486836173303685	0.2663509642818787	0.2089668407345173	0.19025887910898123	0.17889645349021202	0.17422163464220625	0.19511850201696843	0.23899513392706073	0.32758394755923403	0.7428506531837687	0.9298855101903287
23	0.8532419731636894	0.7836096791394193	0.6345152089806533	0.6747540376625253	0.48884058113205026	0.32459112502592363	0.26621103792389966	0.20886472102470208	0.19023982420495472	0.1789118172720119	0.1741295001357601	0.19519585697689773	0.23900316465260132	0.32808281020677305	0.7415062153672443	0.9293960314455839
24	0.8530843751941583	0.7840266243710811	0.6344178053144117	0.6742366140005804	0.4879758777786677	0.3243138883188105	0.2660711115659206	0.2087626013148869	0.19022076829708753	0.1789271810538118	0.174037365629314	0.19527321093298636	0.23901119437430124	0.3285816718504714	0.7401617775507197	0.9289065516969983
["HYDRO_RIVER","SA-BN",*,*] :	1	2	3	4	5	6	7	8	9	10	11	12	13	14	15	16 := 
1	0.41395968710454856	0.21927567683623797	0.17863111960221043	0.2121031073785629	0.24284268731016326	0.23054685553926518	0.14652533524387878	0.19536711298603146	0.19775796846321272	0.1834128315652834	0.18033887236167087	0.1629197772688394	0.14618378388501838	0.14515913081714754	0.20117347801697527	0.5092523861029623
2	0.41293503302796736	0.22474048949961098	0.1813635254295417	0.21688481934163586	0.24181803525100282	0.22337428709030052	0.14276827433125586	0.194684011277021	0.194684011277021	0.17624026210760832	0.17624026210760832	0.15677186188774558	0.14515913081714754	0.14618378388501838	0.22439893814075054	0.5150587521426165
3	0.41293503302796736	0.23430391544317775	0.18477903498330425	0.21688481934163586	0.2384025256972403	0.22508204186718178	0.14550068217600792	0.1967333164040523	0.199124172889944	0.17931422131122082	0.17863111960221043	0.1554056574610143	0.16121202350066854	0.14823308901204965	0.2486490523411071	0.5191573634053894
4	0.41020262720063605	0.2510399098357092	0.1943424599181606	0.21278620807886292	0.2414764838921424	0.21073690396054204	0.14481758046699753	0.19331780685028976	0.19570866333618145	0.18033887236167087	0.1758987117574583	0.15438100439314348	0.173507856280277	0.1755571603985979	0.24762439927323626	0.5177911589786581
5	0.4098610758417756	0.2496737044002675	0.19536711298603146	0.21961722617767757	0.25240611325373	0.2121031073785629	0.14618378388501838	0.19605021469504186	0.21073690396054204	0.21893412547737756	0.19605021469504186	0.16394443033671025	0.17487405969829786	0.17180010049468536	0.2486490523411071	0.5188158120465289
6	0.41361813675439857	0.2489906036999675	0.22200808367227967	0.21073690396054204	0.25752937657566344	0.24215958560115283	0.13457105382313073	0.194684011277021	0.21381086215544415	0.2172263696917859	0.1967333164040523	0.1864867897601855	0.1738494056217166	0.1758987117574583	0.24796595164080706	0.5270130335633645
7	0.41737519564960074	0.2510399098357092	0.21688481934163586	0.21415241250559416	0.2612864354708656	0.23976872911526115	0.1338879511054099	0.1967333164040523	0.2045889875707378	0.21825102275965672	0.21039535260168163	0.1840959332742938	0.1758987117574583	0.17760646653433956	0.22678979462664225	0.5253052797951936
8	0.4084948724237548	0.2496737044002675	0.2595786817026947	0.25377231667175093	0.2910013633433055	0.25616317315764253	0.17658181447517912	0.1994657242488044	0.2547969687309113	0.25582162079007176	0.25616317315764253	0.24489199344590493	0.17214165185354577	0.22303273573144008	0.22166653130470884	0.5457983330829272
9	0.4163505425817299	0.24830750098224666	0.2554800704399217	0.25035680812669875	0.30329719612291395	0.2554800704399217	0.21381086215544415	0.2773393281543866	0.25616317315764253	0.2534307653128905	0.2547969687309113	0.24455044208704455	0.17487405969829786	0.22474048949961098	0.22303273573144008	0.7278449612301897
10	0.4904670875921099	0.25035680812669875	0.25377231667175093	0.2541138670219009	0.3036387474817744	0.2554800704399217	0.21586016627376503	0.3121775203574703	0.24933215505882791	0.2565047235077926	0.2565047235077926	0.2462581968639258	0.10485612494198039	0.2257651425674818	0.21995877753653797	0.7230632482584063
11	0.5352102540714896	0.2278144487032235	0.25377231667175093	0.25240611325373	0.3063711543178161	0.24933215505882791	0.21415241250559416	0.30534650225865567	0.22132498095455883	0.22371583744045054	0.2257651425674818	0.1840959332742938	0.15130704720695176	0.19980727359024403	0.18443748362444384	0.7647324575515944
12	0.5294038900492563	0.30876201080370774	0.1909269523818189	0.2544554183807613	0.2920260164111763	0.2541138670219009	0.18307128121513339	0.3377938369671373	0.20868759782480037	0.22200808367227967	0.22610669392634222	0.17248320220369578	0.14720843594417882	0.1485746403709101	0.1840959332742938	0.7910318768789821
13	0.5440905783060459	0.3388184900350081	0.1909269523818189	0.2578709269258134	0.29509997460607845	0.2855365496712221	0.18956074694637723	0.3507727714557562	0.21039535260168163	0.22371583744045054	0.19195160444097933	0.1649690834045811	0.15643031153759557	0.157113413246606	0.18272972985627295	0.7640493568512944
14	0.5249637284363332	0.3425755499389207	0.2284975504122339	0.2698252083465615	0.29578307631508893	0.2578709269258134	0.21005380124282122	0.3412093455121894	0.19775796846321272	0.22747289734436307	0.23362081373416732	0.1622366765685394	0.15574720881987472	0.14994084278022052	0.4320618849151009	0.784883960489178
15	0.5290623386903958	0.5700484472832837	0.23054685553926518	0.2722160648324532	0.29714927973310973	0.2647019450246281	0.24045183082427157	0.34496640541610196	0.23464546579332773	0.23498701715218814	0.22986375282154436	0.16360287998656026	0.1523317002748226	0.1516485985658122	0.4487978782989219	0.7859086135570488
16	0.5198404651143997	0.5717562010514546	0.2554800704399217	0.4901255372419599	0.293733772196768	0.2462581968639258	0.24045183082427157	0.3429171002890707	0.24830750098224666	0.23498701715218814	0.23225461031614647	0.1622366765685394	0.15335635233398306	0.1516485985658122	0.4453823697538698	0.7893241221021009
17	0.5130094460068747	0.5338440516621792	0.47304799048185764	0.47099868636353676	0.5099354888206831	0.3135437227667808	0.44777322523105106	0.5498969443457001	0.4703155846545264	0.4525549382028345	0.4498225323755031	0.3804876983194857	0.3886849198363212	0.3893680215453317	0.44709012251333025	0.8139157876613179
18	0.7534612768311464	0.7541443795488671	0.7561936846758984	0.7493626665770837	0.7538028291987172	0.7616584993566923	0.7374083871737566	0.776003637263332	0.7599507455885214	0.7705388225825383	0.7520950744218359	0.7298942673659314	0.7083765600016166	0.7165737815184521	0.7602922969473818	0.8685639304344143
19	0.9061345294735398	0.850803282974012	0.8941802480527917	0.8835921690413542	0.8911062888491792	0.8870076785951166	0.8852999248269459	0.9068176311825502	0.8958880018209626	0.8979373069479939	0.8938386966939313	0.8798351101461519	0.8794935587872916	0.8736871937563477	0.9047683260555189	0.9088669363095815
20	0.9133070979225044	0.8750533971743686	0.8931555949849208	0.8839337204002146	0.8907647374903187	0.896229553179823	0.8876907792954166	0.8979373069479939	0.8897400864398688	0.8948633487530918	0.8969126548888334	0.8818844152731832	0.8771027023013999	0.8678808287254038	0.8965711035299729	0.9054514267558189
21	0.9071591825414106	0.866514625307383	0.8521694874007433	0.8812013135641728	0.8917893915669001	0.8928140436260605	0.8897400864398688	0.9027190209284877	0.8948633487530918	0.8682223780668434	0.8600251575587184	0.8446553675929183	0.8736871937563477	0.8777858040104103	0.9013528165017564	0.907842284250421
22	0.8648068695217914	0.8730040920473372	0.8525110377508933	0.8682223780668434	0.8890569847308583	0.8883738830218479	0.8559265473046559	0.8975957576065543	0.8583174037905476	0.8538772411689141	0.8569511993638164	0.8545603438866349	0.8405567573388557	0.8408983076890056	0.9092084866597315	0.9030605712786376
23	0.581661176336461	0.5673160384298213	0.5775625660823984	0.3490650156701645	0.3579453399047209	0.5905415005710174	0.32993816580045177	0.6147916137626634	0.33164592057733305	0.3268642086142601	0.31286062105777035	0.28792740615711376	0.27665622644537613	0.26845900492854063	0.5714146496925943	0.6509960083750577
24	0.4399175540643656	0.16565218511359153	0.20561363962989826	0.2069798430479191	0.24352578901917368	0.23464546579332773	0.20629674133890866	0.22200808367227967	0.19844107017222318	0.2073213933980691	0.20083192766682528	0.15779651495561642	0.14174362227209542	0.15062394650665176	0.4501640817169428	0.43137878219738
["HYDRO_RIVER","SA-PA",*,*] :	1	2	3	4	5	6	7	8	9	10	11	12	13	14	15	16 := 
1	0.41395968710454856	0.21927567683623797	0.17863111960221043	0.2121031073785629	0.24284268731016326	0.23054685553926518	0.14652533524387878	0.19536711298603146	0.19775796846321272	0.1834128315652834	0.18033887236167087	0.1629197772688394	0.14618378388501838	0.14515913081714754	0.20117347801697527	0.5092523861029623
2	0.41293503302796736	0.22474048949961098	0.1813635254295417	0.21688481934163586	0.24181803525100282	0.22337428709030052	0.14276827433125586	0.194684011277021	0.194684011277021	0.17624026210760832	0.17624026210760832	0.15677186188774558	0.14515913081714754	0.14618378388501838	0.22439893814075054	0.5150587521426165
3	0.41293503302796736	0.23430391544317775	0.18477903498330425	0.21688481934163586	0.2384025256972403	0.22508204186718178	0.14550068217600792	0.1967333164040523	0.199124172889944	0.17931422131122082	0.17863111960221043	0.1554056574610143	0.16121202350066854	0.14823308901204965	0.2486490523411071	0.5191573634053894
4	0.41020262720063605	0.2510399098357092	0.1943424599181606	0.21278620807886292	0.2414764838921424	0.21073690396054204	0.14481758046699753	0.19331780685028976	0.19570866333618145	0.18033887236167087	0.1758987117574583	0.15438100439314348	0.173507856280277	0.1755571603985979	0.24762439927323626	0.5177911589786581
5	0.4098610758417756	0.2496737044002675	0.19536711298603146	0.21961722617767757	0.25240611325373	0.2121031073785629	0.14618378388501838	0.19605021469504186	0.21073690396054204	0.21893412547737756	0.19605021469504186	0.16394443033671025	0.17487405969829786	0.17180010049468536	0.2486490523411071	0.5188158120465289
6	0.41361813675439857	0.2489906036999675	0.22200808367227967	0.21073690396054204	0.25752937657566344	0.24215958560115283	0.13457105382313073	0.194684011277021	0.21381086215544415	0.2172263696917859	0.1967333164040523	0.1864867897601855	0.1738494056217166	0.1758987117574583	0.24796595164080706	0.5270130335633645
7	0.41737519564960074	0.2510399098357092	0.21688481934163586	0.21415241250559416	0.2612864354708656	0.23976872911526115	0.1338879511054099	0.1967333164040523	0.2045889875707378	0.21825102275965672	0.21039535260168163	0.1840959332742938	0.1758987117574583	0.17760646653433956	0.22678979462664225	0.5253052797951936
8	0.4084948724237548	0.2496737044002675	0.2595786817026947	0.25377231667175093	0.2910013633433055	0.25616317315764253	0.17658181447517912	0.1994657242488044	0.2547969687309113	0.25582162079007176	0.25616317315764253	0.24489199344590493	0.17214165185354577	0.22303273573144008	0.22166653130470884	0.5457983330829272
9	0.4163505425817299	0.24830750098224666	0.2554800704399217	0.25035680812669875	0.30329719612291395	0.2554800704399217	0.21381086215544415	0.2773393281543866	0.25616317315764253	0.2534307653128905	0.2547969687309113	0.24455044208704455	0.17487405969829786	0.22474048949961098	0.22303273573144008	0.7278449612301897
10	0.4904670875921099	0.25035680812669875	0.25377231667175093	0.2541138670219009	0.3036387474817744	0.2554800704399217	0.21586016627376503	0.3121775203574703	0.24933215505882791	0.2565047235077926	0.2565047235077926	0.2462581968639258	0.10485612494198039	0.2257651425674818	0.21995877753653797	0.7230632482584063
11	0.5352102540714896	0.2278144487032235	0.25377231667175093	0.25240611325373	0.3063711543178161	0.24933215505882791	0.21415241250559416	0.30534650225865567	0.22132498095455883	0.22371583744045054	0.2257651425674818	0.1840959332742938	0.15130704720695176	0.19980727359024403	0.18443748362444384	0.7647324575515944
12	0.5294038900492563	0.30876201080370774	0.1909269523818189	0.2544554183807613	0.2920260164111763	0.2541138670219009	0.18307128121513339	0.3377938369671373	0.20868759782480037	0.22200808367227967	0.22610669392634222	0.17248320220369578	0.14720843594417882	0.1485746403709101	0.1840959332742938	0.7910318768789821
13	0.5440905783060459	0.3388184900350081	0.1909269523818189	0.2578709269258134	0.29509997460607845	0.2855365496712221	0.18956074694637723	0.3507727714557562	0.21039535260168163	0.22371583744045054	0.19195160444097933	0.1649690834045811	0.15643031153759557	0.157113413246606	0.18272972985627295	0.7640493568512944
14	0.5249637284363332	0.3425755499389207	0.2284975504122339	0.2698252083465615	0.29578307631508893	0.2578709269258134	0.21005380124282122	0.3412093455121894	0.19775796846321272	0.22747289734436307	0.23362081373416732	0.1622366765685394	0.15574720881987472	0.14994084278022052	0.4320618849151009	0.784883960489178
15	0.5290623386903958	0.5700484472832837	0.23054685553926518	0.2722160648324532	0.29714927973310973	0.2647019450246281	0.24045183082427157	0.34496640541610196	0.23464546579332773	0.23498701715218814	0.22986375282154436	0.16360287998656026	0.1523317002748226	0.1516485985658122	0.4487978782989219	0.7859086135570488
16	0.5198404651143997	0.5717562010514546	0.2554800704399217	0.4901255372419599	0.293733772196768	0.2462581968639258	0.24045183082427157	0.3429171002890707	0.24830750098224666	0.23498701715218814	0.23225461031614647	0.1622366765685394	0.15335635233398306	0.1516485985658122	0.4453823697538698	0.7893241221021009
17	0.5130094460068747	0.5338440516621792	0.47304799048185764	0.47099868636353676	0.5099354888206831	0.3135437227667808	0.44777322523105106	0.5498969443457001	0.4703155846545264	0.4525549382028345	0.4498225323755031	0.3804876983194857	0.3886849198363212	0.3893680215453317	0.44709012251333025	0.8139157876613179
18	0.7534612768311464	0.7541443795488671	0.7561936846758984	0.7493626665770837	0.7538028291987172	0.7616584993566923	0.7374083871737566	0.776003637263332	0.7599507455885214	0.7705388225825383	0.7520950744218359	0.7298942673659314	0.7083765600016166	0.7165737815184521	0.7602922969473818	0.8685639304344143
19	0.9061345294735398	0.850803282974012	0.8941802480527917	0.8835921690413542	0.8911062888491792	0.8870076785951166	0.8852999248269459	0.9068176311825502	0.8958880018209626	0.8979373069479939	0.8938386966939313	0.8798351101461519	0.8794935587872916	0.8736871937563477	0.9047683260555189	0.9088669363095815
20	0.9133070979225044	0.8750533971743686	0.8931555949849208	0.8839337204002146	0.8907647374903187	0.896229553179823	0.8876907792954166	0.8979373069479939	0.8897400864398688	0.8948633487530918	0.8969126548888334	0.8818844152731832	0.8771027023013999	0.8678808287254038	0.8965711035299729	0.9054514267558189
21	0.9071591825414106	0.866514625307383	0.8521694874007433	0.8812013135641728	0.8917893915669001	0.8928140436260605	0.8897400864398688	0.9027190209284877	0.8948633487530918	0.8682223780668434	0.8600251575587184	0.8446553675929183	0.8736871937563477	0.8777858040104103	0.9013528165017564	0.907842284250421
22	0.8648068695217914	0.8730040920473372	0.8525110377508933	0.8682223780668434	0.8890569847308583	0.8883738830218479	0.8559265473046559	0.8975957576065543	0.8583174037905476	0.8538772411689141	0.8569511993638164	0.8545603438866349	0.8405567573388557	0.8408983076890056	0.9092084866597315	0.9030605712786376
23	0.581661176336461	0.5673160384298213	0.5775625660823984	0.3490650156701645	0.3579453399047209	0.5905415005710174	0.32993816580045177	0.6147916137626634	0.33164592057733305	0.3268642086142601	0.31286062105777035	0.28792740615711376	0.27665622644537613	0.26845900492854063	0.5714146496925943	0.6509960083750577
24	0.4399175540643656	0.16565218511359153	0.20561363962989826	0.2069798430479191	0.24352578901917368	0.23464546579332773	0.20629674133890866	0.22200808367227967	0.19844107017222318	0.2073213933980691	0.20083192766682528	0.15779651495561642	0.14174362227209542	0.15062394650665176	0.4501640817169428	0.43137878219738
["HYDRO_RIVER","SA-SC",*,*] :	1	2	3	4	5	6	7	8	9	10	11	12	13	14	15	16 := 
1	0.41395968710454856	0.21927567683623797	0.17863111960221043	0.2121031073785629	0.24284268731016326	0.23054685553926518	0.14652533524387878	0.19536711298603146	0.19775796846321272	0.1834128315652834	0.18033887236167087	0.1629197772688394	0.14618378388501838	0.14515913081714754	0.20117347801697527	0.5092523861029623
2	0.41293503302796736	0.22474048949961098	0.1813635254295417	0.21688481934163586	0.24181803525100282	0.22337428709030052	0.14276827433125586	0.194684011277021	0.194684011277021	0.17624026210760832	0.17624026210760832	0.15677186188774558	0.14515913081714754	0.14618378388501838	0.22439893814075054	0.5150587521426165
3	0.41293503302796736	0.23430391544317775	0.18477903498330425	0.21688481934163586	0.2384025256972403	0.22508204186718178	0.14550068217600792	0.1967333164040523	0.199124172889944	0.17931422131122082	0.17863111960221043	0.1554056574610143	0.16121202350066854	0.14823308901204965	0.2486490523411071	0.5191573634053894
4	0.41020262720063605	0.2510399098357092	0.1943424599181606	0.21278620807886292	0.2414764838921424	0.21073690396054204	0.14481758046699753	0.19331780685028976	0.19570866333618145	0.18033887236167087	0.1758987117574583	0.15438100439314348	0.173507856280277	0.1755571603985979	0.24762439927323626	0.5177911589786581
5	0.4098610758417756	0.2496737044002675	0.19536711298603146	0.21961722617767757	0.25240611325373	0.2121031073785629	0.14618378388501838	0.19605021469504186	0.21073690396054204	0.21893412547737756	0.19605021469504186	0.16394443033671025	0.17487405969829786	0.17180010049468536	0.2486490523411071	0.5188158120465289
6	0.41361813675439857	0.2489906036999675	0.22200808367227967	0.21073690396054204	0.25752937657566344	0.24215958560115283	0.13457105382313073	0.194684011277021	0.21381086215544415	0.2172263696917859	0.1967333164040523	0.1864867897601855	0.1738494056217166	0.1758987117574583	0.24796595164080706	0.5270130335633645
7	0.41737519564960074	0.2510399098357092	0.21688481934163586	0.21415241250559416	0.2612864354708656	0.23976872911526115	0.1338879511054099	0.1967333164040523	0.2045889875707378	0.21825102275965672	0.21039535260168163	0.1840959332742938	0.1758987117574583	0.17760646653433956	0.22678979462664225	0.5253052797951936
8	0.4084948724237548	0.2496737044002675	0.2595786817026947	0.25377231667175093	0.2910013633433055	0.25616317315764253	0.17658181447517912	0.1994657242488044	0.2547969687309113	0.25582162079007176	0.25616317315764253	0.24489199344590493	0.17214165185354577	0.22303273573144008	0.22166653130470884	0.5457983330829272
9	0.4163505425817299	0.24830750098224666	0.2554800704399217	0.25035680812669875	0.30329719612291395	0.2554800704399217	0.21381086215544415	0.2773393281543866	0.25616317315764253	0.2534307653128905	0.2547969687309113	0.24455044208704455	0.17487405969829786	0.22474048949961098	0.22303273573144008	0.7278449612301897
10	0.4904670875921099	0.25035680812669875	0.25377231667175093	0.2541138670219009	0.3036387474817744	0.2554800704399217	0.21586016627376503	0.3121775203574703	0.24933215505882791	0.2565047235077926	0.2565047235077926	0.2462581968639258	0.10485612494198039	0.2257651425674818	0.21995877753653797	0.7230632482584063
11	0.5352102540714896	0.2278144487032235	0.25377231667175093	0.25240611325373	0.3063711543178161	0.24933215505882791	0.21415241250559416	0.30534650225865567	0.22132498095455883	0.22371583744045054	0.2257651425674818	0.1840959332742938	0.15130704720695176	0.19980727359024403	0.18443748362444384	0.7647324575515944
12	0.5294038900492563	0.30876201080370774	0.1909269523818189	0.2544554183807613	0.2920260164111763	0.2541138670219009	0.18307128121513339	0.3377938369671373	0.20868759782480037	0.22200808367227967	0.22610669392634222	0.17248320220369578	0.14720843594417882	0.1485746403709101	0.1840959332742938	0.7910318768789821
13	0.5440905783060459	0.3388184900350081	0.1909269523818189	0.2578709269258134	0.29509997460607845	0.2855365496712221	0.18956074694637723	0.3507727714557562	0.21039535260168163	0.22371583744045054	0.19195160444097933	0.1649690834045811	0.15643031153759557	0.157113413246606	0.18272972985627295	0.7640493568512944
14	0.5249637284363332	0.3425755499389207	0.2284975504122339	0.2698252083465615	0.29578307631508893	0.2578709269258134	0.21005380124282122	0.3412093455121894	0.19775796846321272	0.22747289734436307	0.23362081373416732	0.1622366765685394	0.15574720881987472	0.14994084278022052	0.4320618849151009	0.784883960489178
15	0.5290623386903958	0.5700484472832837	0.23054685553926518	0.2722160648324532	0.29714927973310973	0.2647019450246281	0.24045183082427157	0.34496640541610196	0.23464546579332773	0.23498701715218814	0.22986375282154436	0.16360287998656026	0.1523317002748226	0.1516485985658122	0.4487978782989219	0.7859086135570488
16	0.5198404651143997	0.5717562010514546	0.2554800704399217	0.4901255372419599	0.293733772196768	0.2462581968639258	0.24045183082427157	0.3429171002890707	0.24830750098224666	0.23498701715218814	0.23225461031614647	0.1622366765685394	0.15335635233398306	0.1516485985658122	0.4453823697538698	0.7893241221021009
17	0.5130094460068747	0.5338440516621792	0.47304799048185764	0.47099868636353676	0.5099354888206831	0.3135437227667808	0.44777322523105106	0.5498969443457001	0.4703155846545264	0.4525549382028345	0.4498225323755031	0.3804876983194857	0.3886849198363212	0.3893680215453317	0.44709012251333025	0.8139157876613179
18	0.7534612768311464	0.7541443795488671	0.7561936846758984	0.7493626665770837	0.7538028291987172	0.7616584993566923	0.7374083871737566	0.776003637263332	0.7599507455885214	0.7705388225825383	0.7520950744218359	0.7298942673659314	0.7083765600016166	0.7165737815184521	0.7602922969473818	0.8685639304344143
19	0.9061345294735398	0.850803282974012	0.8941802480527917	0.8835921690413542	0.8911062888491792	0.8870076785951166	0.8852999248269459	0.9068176311825502	0.8958880018209626	0.8979373069479939	0.8938386966939313	0.8798351101461519	0.8794935587872916	0.8736871937563477	0.9047683260555189	0.9088669363095815
20	0.9133070979225044	0.8750533971743686	0.8931555949849208	0.8839337204002146	0.8907647374903187	0.896229553179823	0.8876907792954166	0.8979373069479939	0.8897400864398688	0.8948633487530918	0.8969126548888334	0.8818844152731832	0.8771027023013999	0.8678808287254038	0.8965711035299729	0.9054514267558189
21	0.9071591825414106	0.866514625307383	0.8521694874007433	0.8812013135641728	0.8917893915669001	0.8928140436260605	0.8897400864398688	0.9027190209284877	0.8948633487530918	0.8682223780668434	0.8600251575587184	0.8446553675929183	0.8736871937563477	0.8777858040104103	0.9013528165017564	0.907842284250421
22	0.8648068695217914	0.8730040920473372	0.8525110377508933	0.8682223780668434	0.8890569847308583	0.8883738830218479	0.8559265473046559	0.8975957576065543	0.8583174037905476	0.8538772411689141	0.8569511993638164	0.8545603438866349	0.8405567573388557	0.8408983076890056	0.9092084866597315	0.9030605712786376
23	0.581661176336461	0.5673160384298213	0.5775625660823984	0.3490650156701645	0.3579453399047209	0.5905415005710174	0.32993816580045177	0.6147916137626634	0.33164592057733305	0.3268642086142601	0.31286062105777035	0.28792740615711376	0.27665622644537613	0.26845900492854063	0.5714146496925943	0.6509960083750577
24	0.4399175540643656	0.16565218511359153	0.20561363962989826	0.2069798430479191	0.24352578901917368	0.23464546579332773	0.20629674133890866	0.22200808367227967	0.19844107017222318	0.2073213933980691	0.20083192766682528	0.15779651495561642	0.14174362227209542	0.15062394650665176	0.4501640817169428	0.43137878219738
["HYDRO_RIVER","SA-TJ",*,*] :	1	2	3	4	5	6	7	8	9	10	11	12	13	14	15	16 := 
1	0.41395968710454856	0.21927567683623797	0.17863111960221043	0.2121031073785629	0.24284268731016326	0.23054685553926518	0.14652533524387878	0.19536711298603146	0.19775796846321272	0.1834128315652834	0.18033887236167087	0.1629197772688394	0.14618378388501838	0.14515913081714754	0.20117347801697527	0.5092523861029623
2	0.41293503302796736	0.22474048949961098	0.1813635254295417	0.21688481934163586	0.24181803525100282	0.22337428709030052	0.14276827433125586	0.194684011277021	0.194684011277021	0.17624026210760832	0.17624026210760832	0.15677186188774558	0.14515913081714754	0.14618378388501838	0.22439893814075054	0.5150587521426165
3	0.41293503302796736	0.23430391544317775	0.18477903498330425	0.21688481934163586	0.2384025256972403	0.22508204186718178	0.14550068217600792	0.1967333164040523	0.199124172889944	0.17931422131122082	0.17863111960221043	0.1554056574610143	0.16121202350066854	0.14823308901204965	0.2486490523411071	0.5191573634053894
4	0.41020262720063605	0.2510399098357092	0.1943424599181606	0.21278620807886292	0.2414764838921424	0.21073690396054204	0.14481758046699753	0.19331780685028976	0.19570866333618145	0.18033887236167087	0.1758987117574583	0.15438100439314348	0.173507856280277	0.1755571603985979	0.24762439927323626	0.5177911589786581
5	0.4098610758417756	0.2496737044002675	0.19536711298603146	0.21961722617767757	0.25240611325373	0.2121031073785629	0.14618378388501838	0.19605021469504186	0.21073690396054204	0.21893412547737756	0.19605021469504186	0.16394443033671025	0.17487405969829786	0.17180010049468536	0.2486490523411071	0.5188158120465289
6	0.41361813675439857	0.2489906036999675	0.22200808367227967	0.21073690396054204	0.25752937657566344	0.24215958560115283	0.13457105382313073	0.194684011277021	0.21381086215544415	0.2172263696917859	0.1967333164040523	0.1864867897601855	0.1738494056217166	0.1758987117574583	0.24796595164080706	0.5270130335633645
7	0.41737519564960074	0.2510399098357092	0.21688481934163586	0.21415241250559416	0.2612864354708656	0.23976872911526115	0.1338879511054099	0.1967333164040523	0.2045889875707378	0.21825102275965672	0.21039535260168163	0.1840959332742938	0.1758987117574583	0.17760646653433956	0.22678979462664225	0.5253052797951936
8	0.4084948724237548	0.2496737044002675	0.2595786817026947	0.25377231667175093	0.2910013633433055	0.25616317315764253	0.17658181447517912	0.1994657242488044	0.2547969687309113	0.25582162079007176	0.25616317315764253	0.24489199344590493	0.17214165185354577	0.22303273573144008	0.22166653130470884	0.5457983330829272
9	0.4163505425817299	0.24830750098224666	0.2554800704399217	0.25035680812669875	0.30329719612291395	0.2554800704399217	0.21381086215544415	0.2773393281543866	0.25616317315764253	0.2534307653128905	0.2547969687309113	0.24455044208704455	0.17487405969829786	0.22474048949961098	0.22303273573144008	0.7278449612301897
10	0.4904670875921099	0.25035680812669875	0.25377231667175093	0.2541138670219009	0.3036387474817744	0.2554800704399217	0.21586016627376503	0.3121775203574703	0.24933215505882791	0.2565047235077926	0.2565047235077926	0.2462581968639258	0.10485612494198039	0.2257651425674818	0.21995877753653797	0.7230632482584063
11	0.5352102540714896	0.2278144487032235	0.25377231667175093	0.25240611325373	0.3063711543178161	0.24933215505882791	0.21415241250559416	0.30534650225865567	0.22132498095455883	0.22371583744045054	0.2257651425674818	0.1840959332742938	0.15130704720695176	0.19980727359024403	0.18443748362444384	0.7647324575515944
12	0.5294038900492563	0.30876201080370774	0.1909269523818189	0.2544554183807613	0.2920260164111763	0.2541138670219009	0.18307128121513339	0.3377938369671373	0.20868759782480037	0.22200808367227967	0.22610669392634222	0.17248320220369578	0.14720843594417882	0.1485746403709101	0.1840959332742938	0.7910318768789821
13	0.5440905783060459	0.3388184900350081	0.1909269523818189	0.2578709269258134	0.29509997460607845	0.2855365496712221	0.18956074694637723	0.3507727714557562	0.21039535260168163	0.22371583744045054	0.19195160444097933	0.1649690834045811	0.15643031153759557	0.157113413246606	0.18272972985627295	0.7640493568512944
14	0.5249637284363332	0.3425755499389207	0.2284975504122339	0.2698252083465615	0.29578307631508893	0.2578709269258134	0.21005380124282122	0.3412093455121894	0.19775796846321272	0.22747289734436307	0.23362081373416732	0.1622366765685394	0.15574720881987472	0.14994084278022052	0.4320618849151009	0.784883960489178
15	0.5290623386903958	0.5700484472832837	0.23054685553926518	0.2722160648324532	0.29714927973310973	0.2647019450246281	0.24045183082427157	0.34496640541610196	0.23464546579332773	0.23498701715218814	0.22986375282154436	0.16360287998656026	0.1523317002748226	0.1516485985658122	0.4487978782989219	0.7859086135570488
16	0.5198404651143997	0.5717562010514546	0.2554800704399217	0.4901255372419599	0.293733772196768	0.2462581968639258	0.24045183082427157	0.3429171002890707	0.24830750098224666	0.23498701715218814	0.23225461031614647	0.1622366765685394	0.15335635233398306	0.1516485985658122	0.4453823697538698	0.7893241221021009
17	0.5130094460068747	0.5338440516621792	0.47304799048185764	0.47099868636353676	0.5099354888206831	0.3135437227667808	0.44777322523105106	0.5498969443457001	0.4703155846545264	0.4525549382028345	0.4498225323755031	0.3804876983194857	0.3886849198363212	0.3893680215453317	0.44709012251333025	0.8139157876613179
18	0.7534612768311464	0.7541443795488671	0.7561936846758984	0.7493626665770837	0.7538028291987172	0.7616584993566923	0.7374083871737566	0.776003637263332	0.7599507455885214	0.7705388225825383	0.7520950744218359	0.7298942673659314	0.7083765600016166	0.7165737815184521	0.7602922969473818	0.8685639304344143
19	0.9061345294735398	0.850803282974012	0.8941802480527917	0.8835921690413542	0.8911062888491792	0.8870076785951166	0.8852999248269459	0.9068176311825502	0.8958880018209626	0.8979373069479939	0.8938386966939313	0.8798351101461519	0.8794935587872916	0.8736871937563477	0.9047683260555189	0.9088669363095815
20	0.9133070979225044	0.8750533971743686	0.8931555949849208	0.8839337204002146	0.8907647374903187	0.896229553179823	0.8876907792954166	0.8979373069479939	0.8897400864398688	0.8948633487530918	0.8969126548888334	0.8818844152731832	0.8771027023013999	0.8678808287254038	0.8965711035299729	0.9054514267558189
21	0.9071591825414106	0.866514625307383	0.8521694874007433	0.8812013135641728	0.8917893915669001	0.8928140436260605	0.8897400864398688	0.9027190209284877	0.8948633487530918	0.8682223780668434	0.8600251575587184	0.8446553675929183	0.8736871937563477	0.8777858040104103	0.9013528165017564	0.907842284250421
22	0.8648068695217914	0.8730040920473372	0.8525110377508933	0.8682223780668434	0.8890569847308583	0.8883738830218479	0.8559265473046559	0.8975957576065543	0.8583174037905476	0.8538772411689141	0.8569511993638164	0.8545603438866349	0.8405567573388557	0.8408983076890056	0.9092084866597315	0.9030605712786376
23	0.581661176336461	0.5673160384298213	0.5775625660823984	0.3490650156701645	0.3579453399047209	0.5905415005710174	0.32993816580045177	0.6147916137626634	0.33164592057733305	0.3268642086142601	0.31286062105777035	0.28792740615711376	0.27665622644537613	0.26845900492854063	0.5714146496925943	0.6509960083750577
24	0.4399175540643656	0.16565218511359153	0.20561363962989826	0.2069798430479191	0.24352578901917368	0.23464546579332773	0.20629674133890866	0.22200808367227967	0.19844107017222318	0.2073213933980691	0.20083192766682528	0.15779651495561642	0.14174362227209542	0.15062394650665176	0.4501640817169428	0.43137878219738
["HYDRO_RIVER","SIN",*,*] :	1	2	3	4	5	6	7	8	9	10	11	12	13	14	15	16 := 
1	0.8776694589026798	0.9089919296812421	0.8083419157456715	0.8309398281503694	0.7940748021867776	0.6735813039622283	0.5809734646922763	0.46111692674452276	0.41164515118930156	0.3585149525842605	0.34597181167722224	0.39614958975810854	0.44828210615685415	0.49117859350923226	0.7873794418623387	0.924091624897226
2	0.8776238666146265	0.9088255225035571	0.8084626833956582	0.8309793426057942	0.7937201761816856	0.6733568995667231	0.5806711510660186	0.4609575823963202	0.411514351647887	0.3584916001180312	0.3459468259253932	0.39642337164386293	0.44818182543633095	0.4916484048454061	0.7870644720316065	0.9242466191776899
3	0.8775782743265733	0.9086591153258722	0.808583450040546	0.8310188580663179	0.7933655491714946	0.6731324961763168	0.5803688364346622	0.4607982390532164	0.41138355311157127	0.35846824765180185	0.34592184017356414	0.39669715252451854	0.44808154371070885	0.4921182151764812	0.7867495032059731	0.9244016134581539
4	0.8775326820385199	0.9084927081481871	0.8087042176905327	0.8310583725217429	0.7930109221613035	0.6729080917808116	0.5800665218033056	0.46063889470501374	0.41125275457525556	0.3584448941804736	0.34589685442173507	0.3969709334051741	0.4479812629901856	0.49258802651265504	0.7864345333752409	0.9245566077386178
5	0.8774870907555654	0.908326300970502	0.8088249843354205	0.8310978879822666	0.7926562961562115	0.6726836873853064	0.579764208177048	0.46047955136190993	0.41112195603893986	0.3584215417142443	0.34587186866990605	0.3972447152909285	0.44788098126456355	0.49305783684373006	0.7861195645496076	0.9247116030241807
6	0.8774414984675122	0.9081598937928169	0.8089457519854072	0.8311374034427902	0.7923016691460204	0.6724592839949	0.5794618935456916	0.4603202070137073	0.4109911564975253	0.35839818924801486	0.3458468839231758	0.3975184961715841	0.4477807005440403	0.49352764817990397	0.7858045957239742	0.9248665973046446
7	0.8773959061794588	0.907993486615132	0.809066518630295	0.8311769178982151	0.7919470431409283	0.6722348795993949	0.5791595789143349	0.46016086266550466	0.41086035796120957	0.35837483577668666	0.3458218981713468	0.39779227705223963	0.4476804188184182	0.4939974585109789	0.7854896258932421	0.9250215915851085
8	0.8773503138914056	0.907827079437447	0.8091872862802817	0.8312164333587388	0.7915924161307373	0.6720104762089886	0.5788572652880772	0.46000151932240085	0.41072955942489386	0.3583514833104573	0.34579691241951777	0.398066058937994	0.44758013809789493	0.4944672698471528	0.7851746570676088	0.9251765868706713
9	0.877304722608451	0.9076606722597619	0.8093080539302684	0.8312559478141637	0.7912377891205463	0.6717860718134834	0.5785549506567208	0.4598421749741982	0.41059875988347927	0.35832813084422793	0.34577192666768874	0.3983398398186496	0.4474798563722729	0.4949370811833267	0.7848596882419755	0.9253315811511352
10	0.8772591303203977	0.907494265082077	0.8094288205751562	0.8312954632746875	0.7908831631154541	0.6715616674179782	0.5782526360253643	0.4596828316310944	0.4104679613471635	0.35830477737289973	0.34574694091585967	0.39861362069930517	0.4473795746466508	0.4954068915144017	0.7845447184112433	0.9254865754315991
11	0.8772135380323445	0.907327857904392	0.8095495882251429	0.8313349787352112	0.7905285361052632	0.6713372640275719	0.5779503223991066	0.45952348728289183	0.41033716281084787	0.35828142490667036	0.3457219561691295	0.39888740258505956	0.4472792939261276	0.49587670285057556	0.78422974958561	0.9256415707171619
12	0.8771679457442911	0.9071614507267068	0.8096703548700308	0.831374493190636	0.790173910100171	0.6711128596320667	0.5776480077677502	0.4593641429346892	0.41020636326943327	0.35825807244044094	0.34569697041730046	0.39916118346571516	0.44717901220050554	0.49634651318165063	0.7839147807599766	0.9257965649976259
13	0.8771223544613366	0.9069950435490219	0.8097911225200174	0.8314140086511598	0.7898192830899801	0.6708884562416603	0.5773456931363935	0.4592047995915854	0.41007556473311757	0.3582347189691128	0.34567198466547133	0.3994349643463707	0.4470787314799823	0.4968163245178245	0.7835998109292444	0.9259515592780898
14	0.8770767621732833	0.9068286363713368	0.8099118891649052	0.8314535231065846	0.789464656079789	0.6706640518461551	0.5770433795101358	0.45904545524338275	0.4099447661968018	0.3582113665028834	0.3456469989136423	0.3997087462321251	0.4469784497543602	0.49728613484889955	0.783284842103611	0.9261065535585538
15	0.87703116988523	0.9066622291936518	0.810032656814892	0.8314930385671083	0.7891100300746968	0.6704396484557488	0.5767410648787794	0.45888611190027895	0.4098139666553873	0.358188014036654	0.3456220131618133	0.3999825271127807	0.4468781690338369	0.4977559461850734	0.7829698732779777	0.9262615488441165
16	0.8769855775971768	0.9064958220159669	0.8101534234597798	0.8315325530225333	0.788755403064506	0.6702152440602436	0.5764387502474229	0.4587267675520763	0.4096831681190716	0.3581646605653258	0.34559702841508305	0.40025630799343626	0.4467778873082148	0.4982257565161484	0.7826549034472455	0.9264165431245805
17	0.8769399863142223	0.9063294148382818	0.8102741911097664	0.831572068483057	0.7884007770594137	0.6699908396647384	0.5761364366211652	0.45856742320387367	0.4095523695827558	0.35814130809909644	0.34557204266325403	0.40053008987919064	0.4466776065876916	0.49869556785232233	0.7823399346216122	0.9265715374050445
18	0.8768943940261689	0.9061630076605968	0.8103949577546543	0.8316115839435806	0.7880461500492227	0.6697664362743321	0.5758341219898087	0.45840807986076987	0.4094215700413413	0.3581179556328671	0.345547056911425	0.40080387075984625	0.4465773248620696	0.4991653781833973	0.7820249647908801	0.9267265326906072
19	0.8768488017381156	0.9059966004829118	0.810515725404641	0.8316510983990055	0.7876915230390318	0.6695420318788269	0.5755318073584521	0.4582487355125673	0.4092907715050256	0.3580946021615389	0.345522071159596	0.4010776516405018	0.4464770441415463	0.4996351895195712	0.7817099959652467	0.9268815269710711
20	0.8768032094500623	0.9058301933052267	0.8106364930546276	0.8316906138595292	0.7873368970339396	0.6693176284884206	0.5752294937321945	0.4580893921694634	0.4091599729687098	0.3580712496953095	0.34549708540776686	0.4013514335262562	0.4463767624159242	0.500105000855745	0.7813950271396134	0.927036521251535
21	0.8767576181671078	0.9056637861275417	0.8107572596995155	0.8317301283149541	0.7869822700237485	0.6690932240929154	0.5749271791008379	0.45793004782126084	0.4090291734272953	0.3580478972290801	0.34547210066103673	0.4016252144069118	0.44627648169540096	0.5005748111868201	0.7810800573088812	0.9271915165370979
22	0.8767120258790545	0.9054973789498567	0.8108780273495022	0.8317696437754778	0.7866276440186565	0.6688688196974102	0.5746248644694815	0.45777070347305815	0.4088983748909796	0.3580245437577519	0.3454471149092076	0.40189899528756734	0.4461761999697789	0.501044622522994	0.7807650884832479	0.9273465108175618
23	0.8766664335910012	0.9053309717721717	0.81099879399439	0.8318091592360015	0.7862730170084654	0.6686444163070038	0.5743225508432238	0.4576113601299544	0.4087675763546639	0.3580011912915225	0.3454221291573786	0.40217277616822295	0.4460759182441568	0.5015144328540689	0.7804501196576145	0.9275015050980258
24	0.8766208413029479	0.9051645645944867	0.8111195616443766	0.8318486736914263	0.7859183899982745	0.6684200119114987	0.5740202362118673	0.4574520157817517	0.4086367768132493	0.35797783882529316	0.34539714340554956	0.40244655805397733	0.44597563752363356	0.5019842441902428	0.7801351498268824	0.9276564993784897
["PV_ROOFTOP","SA-BN",*,*] :	1	2	3	4	5	6	7	8	9	10	11	12	13	14	15	16 := 
1	0.0	0.0	0.0	0.0	0.0	0.0	0.0	0.0	0.0	0.0	0.0	0.0	0.0	0.0	0.0	0.0
2	0.0	0.0	0.0	0.0	0.0	0.0	0.0	0.0	0.0	0.0	0.0	0.0	0.0	0.0	0.0	0.0
3	0.0	0.0	0.0	0.0	0.0	0.0	0.0	0.0	0.0	0.0	0.0	0.0	0.0	0.0	0.0	0.0
4	0.0	0.0	0.0	0.0	0.0	0.0	0.0	0.0	0.0	0.0	0.0	0.0	0.0	0.0	0.0	0.0
5	0.0	0.0	0.0	0.0	0.0	0.0	0.0	0.0	0.0	0.0	0.0	0.0	0.0	0.0	0.0	0.0
6	0.0	0.0	0.0	0.0	0.0	0.0	0.0	0.0	0.0	0.0	0.0	0.0	0.0	0.0	0.0	0.0
7	0.029813058081707693	0.023644839168250928	0.013364474312489653	0.015420547283641908	0.0020560729711522545	0.0010280364855761272	0.003084109456728382	0.0	0.0010280364855761272	0.0020560729711522545	0.004112145942304509	0.010280364855761273	0.008224291884609018	0.019532693225946418	0.025700912139403183	0.019532693225946418
8	0.11822419584125464	0.15626154580757134	0.11514008638452626	0.19841104171619256	0.06271022562014376	0.07093451750475278	0.16448583769218036	0.08224291884609018	0.16448583769218036	0.16448583769218036	0.18607460388927902	0.1428970714950817	0.056542006706687	0.09560739315857983	0.13672885258162493	0.09355132018742758
9	0.1850465674037029	0.3135511281007188	0.25906519436518405	0.3988781564035374	0.16756994714890874	0.24570072005269442	0.37214920777855803	0.226168026826748	0.36906509832182965	0.3464482956391549	0.3916819010045045	0.3320557848410891	0.12953259718259202	0.17887834849024614	0.2929903983891962	0.17271012957678938
10	0.26317734030748857	0.4595323090525289	0.4060744118025703	0.557195775182261	0.28065396056228276	0.39785011991796126	0.53355093601401	0.33308382132666525	0.5181303887303681	0.4883173306486604	0.5417752278986191	0.49345751307654107	0.2117755160286822	0.22513999034117188	0.45336409013907214	0.25186893896615115
11	0.33822400375454587	0.5397191549274668	0.5212144981870965	0.6497190588841124	0.37626135372086256	0.48009303876405146	0.6456069129418079	0.4667285644515618	0.6168218913456763	0.605513490004339	0.6435508399706557	0.6034574170331867	0.24672875653827053	0.26831752273536924	0.5623359576101417	0.34130811321127424
12	0.4235510320573644	0.557195775182261	0.5664481035524461	0.6990648101917666	0.43177532394197343	0.5530836292399565	0.703176956134071	0.5469154103264997	0.6291583291725898	0.6394386940283512	0.6928965912783098	0.654859241311993	0.25186893896615115	0.30635487270168593	0.6199060008024048	0.3916819010045045
13	0.43383139691312567	0.5469154103264997	0.5798125778649357	0.7083171385619517	0.4667285644515618	0.557195775182261	0.7124292845042561	0.5726163224659029	0.6312144021437421	0.6476629859129602	0.703176956134071	0.6610274602254499	0.20046711468734482	0.3443922226680027	0.6281302926870137	0.43897157934100633
14	0.3814015361487432	0.39373797397565674	0.5695322130091746	0.6692517521100588	0.4451397982544631	0.5181303887303681	0.6713078250812111	0.5181303887303681	0.5746723954370552	0.606541526489915	0.6682237156244828	0.6168218913456763	0.17579423903351776	0.37214920777855803	0.5911209792062732	0.43897157934100633
15	0.3094389821584143	0.28065396056228276	0.5047659144178784	0.5870088332639686	0.38654171857662384	0.47598089282174694	0.5757004319226313	0.40504637531699417	0.4811210752496276	0.53355093601401	0.5880368697495447	0.5386911184418907	0.16037369174987584	0.3659809888651013	0.5016818049611501	0.3999061928891135
16	0.21691569845656283	0.19841104171619256	0.4029903023458419	0.4399996158265825	0.2868221794757395	0.4071024482881464	0.44102765231215857	0.2672894862497931	0.28785021596131566	0.3947660104612329	0.4564481995958005	0.4060744118025703	0.13158867015374429	0.32897167538436073	0.4071024482881464	0.29710254433150074
17	0.1398129620383533	0.11719615935567851	0.23130820925462864	0.26626144976421695	0.16345780120660425	0.274485741648826	0.24570072005269442	0.13364474312489655	0.13775688906720107	0.226168026826748	0.27551377813440214	0.2333642822257809	0.07093451750475278	0.23439231871135702	0.2847661065045873	0.18813067686043128
18	0.050373787793230235	0.04112145942304509	0.08738310127397082	0.07504666344705728	0.04009342293746896	0.0791588093893618	0.053457897249958614	0.019532693225946418	0.022616802682674797	0.034953240509588326	0.0678504080480244	0.05551397022111087	0.021588766197098673	0.1017756120720366	0.12233634178355914	0.07093451750475278
19	0.0010280364855761272	0.0	0.0	0.0	0.0	0.0	0.0	0.0	0.0	0.0	0.0	0.0	0.0	0.005140182427880636	0.008224291884609018	0.003084109456728382
20	0.0	0.0	0.0	0.0	0.0	0.0	0.0	0.0	0.0	0.0	0.0	0.0	0.0	0.0	0.0	0.0
21	0.0	0.0	0.0	0.0	0.0	0.0	0.0	0.0	0.0	0.0	0.0	0.0	0.0	0.0	0.0	0.0
22	0.0	0.0	0.0	0.0	0.0	0.0	0.0	0.0	0.0	0.0	0.0	0.0	0.0	0.0	0.0	0.0
23	0.0	0.0	0.0	0.0	0.0	0.0	0.0	0.0	0.0	0.0	0.0	0.0	0.0	0.0	0.0	0.0
24	0.0	0.0	0.0	0.0	0.0	0.0	0.0	0.0	0.0	0.0	0.0	0.0	0.0	0.0	0.0	0.0
["PV_ROOFTOP","SA-PA",*,*] :	1	2	3	4	5	6	7	8	9	10	11	12	13	14	15	16 := 
1	0.0	0.0	0.0	0.0	0.0	0.0	0.0	0.0	0.0	0.0	0.0	0.0	0.0	0.0	0.0	0.0
2	0.0	0.0	0.0	0.0	0.0	0.0	0.0	0.0	0.0	0.0	0.0	0.0	0.0	0.0	0.0	0.0
3	0.0	0.0	0.0	0.0	0.0	0.0	0.0	0.0	0.0	0.0	0.0	0.0	0.0	0.0	0.0	0.0
4	0.0	0.0	0.0	0.0	0.0	0.0	0.0	0.0	0.0	0.0	0.0	0.0	0.0	0.0	0.0	0.0
5	0.0	0.0	0.0	0.0	0.0	0.0	0.0	0.0	0.0	0.0	0.0	0.0	0.0	0.0	0.0	0.0
6	0.0	0.0	0.0	0.0	0.0	0.0	0.0	0.0	0.0	0.0	0.0	0.0	0.0	0.0	0.0	0.0
7	0.0060293903824561275	0.004019593588304085	0.0	0.0	0.0	0.0	0.0	0.0	0.0	0.0	0.0	0.0	0.00803918717660817	0.005024491985380106	0.010048983970760213	0.0030146951912280637
8	0.08943595733976589	0.09345555092806998	0.054264513442105144	0.09044085573684191	0.08139677016315772	0.037181240691812785	0.09747514451637407	0.06029390382456127	0.08843105894268986	0.10048983970760213	0.11656821406081846	0.07235268458947353	0.1607837435321634	0.08441146535438579	0.10953392528128632	0.04019593588304085
9	0.19595518742982415	0.24218051369532112	0.1607837435321634	0.24519520888654917	0.2642882784309936	0.12561229963450266	0.3024744175198824	0.237156021709941	0.29343033194619816	0.30649401110818647	0.3346311662263151	0.2029894762093563	0.36377321974151966	0.20198457781228027	0.2512245992690053	0.09546534772222202
10	0.29242543354912215	0.3708075085210518	0.26529317682806963	0.37181240691812784	0.44316019311052535	0.22308744415087672	0.4793365354052621	0.38588098447719216	0.46526795784619784	0.47632184021403406	0.5114932841116948	0.33764586141754316	0.5305863536561393	0.3205625886672508	0.4009544604333325	0.16178864192923942
11	0.329606674240935	0.4873757225818703	0.32759687744678295	0.4501944818900575	0.5737969847304081	0.3205625886672508	0.5768116799216362	0.43713080272806926	0.5858557654953204	0.5928900542748525	0.6310761933637413	0.4522042786842096	0.6481594661140337	0.4009544604333325	0.5064687921263147	0.22409234254795274
12	0.3808564924918121	0.5637480007596479	0.38688588287426817	0.518527572891227	0.6551937548935659	0.39492507005087635	0.661223145276022	0.5104883857146189	0.6561986532906419	0.6531839580994139	0.7004141827619867	0.5255618616707591	0.7215170491005832	0.4883806209789463	0.5587235087742679	0.2733323640046778
13	0.4049740540216366	0.5577186103771918	0.40698385081578864	0.5828410703040923	0.6883554019970746	0.48235123059649015	0.6863456052029225	0.6039439366426888	0.6692623324526302	0.6692623324526302	0.7215170491005832	0.5466647280093556	0.7375954234537996	0.518527572891227	0.5446549312152036	0.284386246372514
14	0.3808564924918121	0.4964198081555545	0.42507202196315697	0.5959047494660805	0.660218246878946	0.5054638937292387	0.65921334848187	0.613992920613449	0.6421300757315775	0.6371055837461975	0.6953896907766066	0.5054638937292387	0.7054386747473669	0.4984296049497065	0.49541490975847846	0.27634705919590585
15	0.3105136046964906	0.3738222037122799	0.4160279363894728	0.5506843215976597	0.5577186103771918	0.4783316370081861	0.5898753590836244	0.5547039151859637	0.571787187936256	0.5657577975538	0.6260517013783612	0.4220573267719289	0.6350957869520454	0.44316019311052535	0.44316019311052535	0.23012173293040888
16	0.237156021709941	0.26730297362222166	0.3225723854614028	0.45521897387543764	0.41200834280116866	0.3818613908888881	0.4220573267719289	0.44215529471344933	0.46828265303742594	0.4622532626549698	0.5064687921263147	0.30146951912280634	0.5215422680824551	0.32659197904970694	0.3567389309619875	0.1698278291058476
17	0.1316416900169588	0.15274455635555523	0.2271070377391808	0.2884058399608181	0.25423929446023336	0.25624909125438544	0.29142053515204613	0.24318541209239714	0.26629807522514565	0.29544012874035025	0.33764586141754316	0.17686211788537973	0.3677928133298238	0.22409234254795274	0.25323439606315734	0.11254862047251438
18	0.045220427868420954	0.05928900542748525	0.09948494131052611	0.1185780108549705	0.07335758298654954	0.10953392528128632	0.1045094332959062	0.08742616054561385	0.10551433169298223	0.11053882367836233	0.13264658841403482	0.06833309100116945	0.1517396579584792	0.10852902688421029	0.13063679161988276	0.05727920863333321
19	0.0010048983970760213	0.0030146951912280637	0.0060293903824561275	0.0030146951912280637	0.0	0.0010048983970760213	0.0	0.0	0.0	0.0	0.0	0.0020097967941520426	0.013063679161988275	0.012058780764912255	0.015073475956140317	0.00803918717660817
20	0.0	0.0	0.0	0.0	0.0	0.0	0.0	0.0	0.0	0.0	0.0	0.0	0.0	0.0	0.0	0.0
21	0.0	0.0	0.0	0.0	0.0	0.0	0.0	0.0	0.0	0.0	0.0	0.0	0.0	0.0	0.0	0.0
22	0.0	0.0	0.0	0.0	0.0	0.0	0.0	0.0	0.0	0.0	0.0	0.0	0.0	0.0	0.0	0.0
23	0.0	0.0	0.0	0.0	0.0	0.0	0.0	0.0	0.0	0.0	0.0	0.0	0.0	0.0	0.0	0.0
24	0.0	0.0	0.0	0.0	0.0	0.0	0.0	0.0	0.0	0.0	0.0	0.0	0.0	0.0	0.0	0.0
["PV_ROOFTOP","SA-SC",*,*] :	1	2	3	4	5	6	7	8	9	10	11	12	13	14	15	16 := 
1	0.0	0.0	0.0	0.0	0.0	0.0	0.0	0.0	0.0	0.0	0.0	0.0	0.0	0.0	0.0	0.0
2	0.0	0.0	0.0	0.0	0.0	0.0	0.0	0.0	0.0	0.0	0.0	0.0	0.0	0.0	0.0	0.0
3	0.0	0.0	0.0	0.0	0.0	0.0	0.0	0.0	0.0	0.0	0.0	0.0	0.0	0.0	0.0	0.0
4	0.0	0.0	0.0	0.0	0.0	0.0	0.0	0.0	0.0	0.0	0.0	0.0	0.0	0.0	0.0	0.0
5	0.0	0.0	0.0	0.0	0.0	0.0	0.0	0.0	0.0	0.0	0.0	0.0	0.0	0.0	0.0	0.0
6	0.0	0.0	0.0	0.0	0.0	0.0	0.0	0.0	0.0	0.0	0.0	0.0	0.0	0.0	0.0	0.0
7	0.027317650390762383	0.04755294697651229	0.0232705910736124	0.025294120732187394	0.005058824146437478	0.004047059317149983	0.003035294487862487	0.0010117648292874957	0.0010117648292874957	0.0010117648292874957	0.004047059317149983	0.01618823726859993	0.025294120732187394	0.03844706351292483	0.054635300781524766	0.026305885561474885
8	0.09105883463587461	0.22562355693111155	0.15480001888098682	0.2357412052239865	0.10421177741661204	0.09814118844088708	0.1598588430274243	0.11028236639233703	0.1618823726859993	0.1689647264910118	0.19830590654034916	0.15682354853956182	0.12647060366093696	0.15884707819813682	0.1871764934181867	0.08397648083086215
9	0.1639059023445743	0.38649416478782334	0.3328706288355861	0.4401177007400606	0.2529412073218739	0.24080002937042397	0.39054122410497333	0.28531768185907375	0.3743529868363734	0.3692941626899359	0.4107765206907233	0.3399529826405986	0.21044708449179908	0.31061180259126114	0.3460235716163235	0.17200002097887426
10	0.22562355693111155	0.5048706498144604	0.5058824146437478	0.5898588954746099	0.42595299313003565	0.3763765164949484	0.5534353616202602	0.5038588849851728	0.5251059464002102	0.5190353574244853	0.5595059505959852	0.49475300152158536	0.2559765018097364	0.43607064142291063	0.48463535322871043	0.30858827293268615
11	0.2357412052239865	0.5595059505959852	0.6525883148904347	0.688000083915497	0.5706353637181475	0.5048706498144604	0.6404471369389848	0.5979530141089099	0.6212236051825223	0.6171765458653723	0.6556236093782972	0.6030118382553474	0.2569882666390239	0.5332000650345102	0.5848000713281725	0.43708240625219813
12	0.2569882666390239	0.5939059547917599	0.7021647915255219	0.7345412660627219	0.6404471369389848	0.6060471327432099	0.6849647894276346	0.6374118424511223	0.6596706686954472	0.6657412576711722	0.6960942025497969	0.6343765479632598	0.31465886190841114	0.6192000755239473	0.6515765500611472	0.5686118340595726
13	0.3045412136155362	0.5888471306453225	0.6303294886461098	0.7355530308920093	0.6414589017682722	0.6283059589875348	0.6586589038661597	0.6262824293289598	0.6434824314268472	0.6586589038661597	0.6991294970376595	0.6495530204025722	0.34905886610418596	0.6799059652811972	0.6799059652811972	0.6111059568896474
14	0.31465886190841114	0.5524235967909726	0.5392706540102352	0.6829412597690596	0.5858118361574599	0.6202118403532348	0.6202118403532348	0.571647128547435	0.6090824272310724	0.6212236051825223	0.6566353742075847	0.6131294865482224	0.36322357371421093	0.6799059652811972	0.6606824335247347	0.6121177217189349
15	0.30858827293268615	0.42696475795932315	0.463388291813673	0.5989647789381974	0.4623765269843855	0.5686118340595726	0.5504000671323976	0.471482410447973	0.5281412408880728	0.5342118298637978	0.57367065820601	0.5352235946930852	0.3389412178113111	0.6192000755239473	0.5817647768403099	0.5200471222537728
16	0.2600235611268864	0.2660941501026114	0.3298353343477236	0.4512471138622231	0.2984706246398112	0.48058829391156044	0.4006588723978483	0.35614121990919845	0.36120004405563594	0.4057176965442858	0.43607064142291063	0.4077412262028608	0.2539529721511614	0.49171770703372286	0.4512471138622231	0.3703059275192234
17	0.17705884512531173	0.15783531336884932	0.19021178790604917	0.2610353259561739	0.14367060575882437	0.2964470949812362	0.20943531966251158	0.15176472439312436	0.1871764934181867	0.22056473278467406	0.24889414800472393	0.23776473488256147	0.1416470761002494	0.31567062673769863	0.28835297634693624	0.17705884512531173
18	0.07183530287941219	0.04856471180579979	0.05868236009867475	0.05261177112294977	0.027317650390762383	0.04957647663508729	0.03338823936648736	0.00910588346358746	0.010117648292874957	0.025294120732187394	0.045529417317937304	0.06070588975724974	0.04755294697651229	0.11534119053877451	0.12343530917307446	0.06374118424511223
19	0.003035294487862487	0.0	0.0	0.0	0.0	0.0	0.0	0.0	0.0	0.0	0.0	0.0	0.0	0.005058824146437478	0.008094118634299966	0.003035294487862487
20	0.0	0.0	0.0	0.0	0.0	0.0	0.0	0.0	0.0	0.0	0.0	0.0	0.0	0.0	0.0	0.0
21	0.0	0.0	0.0	0.0	0.0	0.0	0.0	0.0	0.0	0.0	0.0	0.0	0.0	0.0	0.0	0.0
22	0.0	0.0	0.0	0.0	0.0	0.0	0.0	0.0	0.0	0.0	0.0	0.0	0.0	0.0	0.0	0.0
23	0.0	0.0	0.0	0.0	0.0	0.0	0.0	0.0	0.0	0.0	0.0	0.0	0.0	0.0	0.0	0.0
24	0.0	0.0	0.0	0.0	0.0	0.0	0.0	0.0	0.0	0.0	0.0	0.0	0.0	0.0	0.0	0.0
["PV_ROOFTOP","SA-TJ",*,*] :	1	2	3	4	5	6	7	8	9	10	11	12	13	14	15	16 := 
1	0.0	0.0	0.0	0.0	0.0	0.0	0.0	0.0	0.0	0.0	0.0	0.0	0.0	0.0	0.0	0.0
2	0.0	0.0	0.0	0.0	0.0	0.0	0.0	0.0	0.0	0.0	0.0	0.0	0.0	0.0	0.0	0.0
3	0.0	0.0	0.0	0.0	0.0	0.0	0.0	0.0	0.0	0.0	0.0	0.0	0.0	0.0	0.0	0.0
4	0.0	0.0	0.0	0.0	0.0	0.0	0.0	0.0	0.0	0.0	0.0	0.0	0.0	0.0	0.0	0.0
5	0.0	0.0	0.0	0.0	0.0	0.0	0.0	0.0	0.0	0.0	0.0	0.0	0.0	0.0	0.0	0.0
6	0.0	0.0	0.0	0.0	0.0	0.0	0.0	0.0	0.0	0.0	0.0	0.0	0.0	0.0	0.0	0.0
7	0.052931023404705194	0.03695184652781306	0.02596616242494972	0.007989588438446068	0.003994794219223034	0.0009986985548057585	0.0	0.0	0.0	0.0	0.0	0.014980478322086375	0.05492842051431671	0.06691280317198582	0.06191931039795702	0.04494143496625913
8	0.20772929939959775	0.20273580662556898	0.21671758639284958	0.18875402685828835	0.19075142396789987	0.20673060084479197	0.05792451617873399	0.0359531479730073	0.0768997887200434	0.10785944391902191	0.15979176876892134	0.20473320373518047	0.2576642271398857	0.22670457194090718	0.2137214907284323	0.15180218033047527
9	0.3745119580521594	0.3066004563253678	0.39748202481269185	0.3984807233674976	0.40547161325113795	0.44841565110778553	0.20073840951595745	0.13782040056319467	0.297612169332116	0.2596616242494972	0.3914898334838573	0.4204520915732243	0.46539352653948346	0.417455995908807	0.43143777567608765	0.26565381557833173
10	0.529310234047052	0.4064703118059437	0.5382985210403038	0.558272492136419	0.5642646834652535	0.628181390972822	0.35853278117526727	0.2237084762764899	0.4524104453270086	0.3075991548801736	0.5622672863556419	0.5832399560065629	0.6291800895276278	0.5902308458902032	0.5942256401094262	0.3675210681685191
11	0.6791150172679158	0.5363011239306923	0.6521501562881603	0.6661319360554409	0.6681293331650524	0.7450291218850957	0.5792451617873399	0.3155887433186197	0.5213206456086059	0.4264442829020588	0.6731228259390812	0.6910993999255848	0.7370395334466497	0.715068165240923	0.6950941941448078	0.4633961294298719
12	0.7520200117687361	0.5982204343286492	0.7120720695765057	0.7190629594601461	0.7220590551245634	0.8059497337282471	0.6311774866372394	0.34854579562720966	0.5482855065883614	0.5692581762392822	0.7280512464533979	0.7470265189947073	0.7929666525157723	0.7809822698581032	0.748025217549513	0.49435578462885044
13	0.7650030929812109	0.5992191328834551	0.7330447392274266	0.7250551507889806	0.7300486435630094	0.8149380207214988	0.6811124143775273	0.3695184652781306	0.5662620805748649	0.6132009126507356	0.7340434377822325	0.7500226146591246	0.7999575423994125	0.7879731597417434	0.7540174088783476	0.5712555733488938
14	0.7270525478985921	0.5662620805748649	0.6871046057063618	0.6901007013707791	0.6930967970351963	0.7749900785292686	0.6221891996439874	0.3745119580521594	0.5822412574517571	0.6161970083151529	0.6910993999255848	0.7070785768024769	0.7630056958715995	0.748025217549513	0.7100746724668942	0.6581423476169949
15	0.6451592664045199	0.4524104453270086	0.5492842051431672	0.6092061184315126	0.6092061184315126	0.6821111129323331	0.4923583875192389	0.33056922164070607	0.43143777567608765	0.5552763964720018	0.6042126256574838	0.6261839938632106	0.6771176201583042	0.6641345389458294	0.5902308458902032	0.6132009126507356
16	0.5173258513893829	0.3285718245310945	0.3924885320386631	0.47637921064234673	0.4773779091971525	0.5363011239306923	0.32058223609264846	0.22670457194090718	0.2856277866744469	0.41046510602516667	0.46040003376545463	0.4893622918548216	0.537299822485498	0.5303089326018577	0.4803740048615698	0.49835057884807343
17	0.35054319273682116	0.2037345051803747	0.2496746387014396	0.2946160736676987	0.29661347077731026	0.33456401585992906	0.14081649622761191	0.10086855403538161	0.13382560634397164	0.2237084762764899	0.26066032280430296	0.3046030592157563	0.35553668551085	0.3365614129695406	0.2956147722225045	0.3155887433186197
18	0.1657839600977559	0.08788547282290674	0.0818932814940722	0.09188026704212977	0.08289198004887795	0.08389067860368371	0.015979176876892136	0.007989588438446068	0.007989588438446068	0.020972669650920928	0.041945339301841855	0.09687375981615858	0.13682170200838892	0.13881909911800044	0.1438125918920292	0.14780738611125224
19	0.01897527254130941	0.004993492774028792	0.0	0.0	0.0	0.0	0.0	0.0	0.0	0.0	0.0	0.0	0.005992191328834551	0.015979176876892136	0.023968765315338203	0.027963559534561238
20	0.0	0.0	0.0	0.0	0.0	0.0	0.0	0.0	0.0	0.0	0.0	0.0	0.0	0.0	0.0	0.0
21	0.0	0.0	0.0	0.0	0.0	0.0	0.0	0.0	0.0	0.0	0.0	0.0	0.0	0.0	0.0	0.0
22	0.0	0.0	0.0	0.0	0.0	0.0	0.0	0.0	0.0	0.0	0.0	0.0	0.0	0.0	0.0	0.0
23	0.0	0.0	0.0	0.0	0.0	0.0	0.0	0.0	0.0	0.0	0.0	0.0	0.0	0.0	0.0	0.0
24	0.0	0.0	0.0	0.0	0.0	0.0	0.0	0.0	0.0	0.0	0.0	0.0	0.0	0.0	0.0	0.0
["PV_ROOFTOP","SIN",*,*] :	1	2	3	4	5	6	7	8	9	10	11	12	13	14	15	16 := 
1	0.0	0.0	0.0	0.0	0.0	0.0	0.0	0.0	0.0	0.0	0.0	0.0	0.0	0.0	0.0	0.0
2	0.0	0.0	0.0	0.0	0.0	0.0	0.0	0.0	0.0	0.0	0.0	0.0	0.0	0.0	0.0	0.0
3	0.0	0.0	0.0	0.0	0.0	0.0	0.0	0.0	0.0	0.0	0.0	0.0	0.0	0.0	0.0	0.0
4	0.0	0.0	0.0	0.0	0.0	0.0	0.0	0.0	0.0	0.0	0.0	0.0	0.0	0.0	0.0	0.0
5	0.0	0.0	0.0	0.0	0.0	0.0	0.0	0.0	0.0	0.0	0.0	0.0	0.0	0.0	0.0	0.0
6	0.0	0.0	0.0	0.0	0.0	0.0	0.0	0.0	0.0	0.0	0.0	0.0	0.0	0.017291611256100008	0.0065872803842534425	0.0
7	0.0016468205909328027	0.08398782539410084	0.06257916365040771	0.04117050289645346	0.03623004211339394	0.02881935143367409	0.005763870088787041	0.0	0.0	0.0	0.0	0.09222192636928708	0.18279703214764137	0.20914615368465514	0.19020772183762233	0.058462114152553465
8	0.07493031511318707	0.31124900063032235	0.28572328839903616	0.24619960609351546	0.24208255560592234	0.2363186855171353	0.13174560867480775	0.170445880684862	0.15480109001969478	0.14986062923663526	0.10539648713779397	0.3227767408078965	0.404294336305337	0.43064345784235075	0.40923479609865765	0.21079297328584906
9	0.5031035430588776	0.5368633552756111	0.5088674131476646	0.4561691690838981	0.4536989391872378	0.44793506909845077	0.40923479609865765	0.36230042311341715	0.345008812847056	0.34583222215278353	0.350772682935843	0.5442740449655921	0.609323439502399	0.6340257414382189	0.6126170796945257	0.3968836456256172
10	0.6101468497978654	0.7303647173053601	0.6990751349852868	0.6340257414382189	0.630732101246092	0.6233214105663722	0.5772104478765981	0.5245122038128318	0.5072205925567318	0.5138078729409853	0.5195717440195111	0.7254242575120395	0.7740054500984739	0.7987077520342939	0.7805927304827275	0.5813274973744524
11	0.8686976063644214	0.8728146568520144	0.8382314343398145	0.7633011192266274	0.7558904285469075	0.7460095079705273	0.6941346751919663	0.6389662012315395	0.6241448208618386	0.6364959713348792	0.6439066620145991	0.8497591755071274	0.8843423970295885	0.9106915185666022	0.8975169577980954	0.6686089629606801
12	0.942804511182142	0.9543322523494551	0.9164553896451283	0.831644153955561	0.8192930034825205	0.8061184427140137	0.7509499687535869	0.697428315384093	0.6842537546155861	0.701545365871686	0.7122496957537938	0.9073978783744756	0.9321001803102955	0.960096122438242	0.9551556616551825	0.8481123549161946
13	0.7838863706748542	0.9683302224236894	0.9271597205169749	0.8341143838522214	0.8168227725961213	0.8003545716354877	0.7443626883693334	0.6941346751919663	0.6842537546155861	0.7048390060638128	0.7188369761380472	0.8942233176059687	0.9131617494530014	0.942804511182142	0.9493917915663955	0.7838863706748542
14	0.739422227586274	0.913985159748468	0.3417151716651904	0.7707118099063471	0.6381427909360731	0.7295413070098937	0.6751962433449334	0.630732101246092	0.6241448208618386	0.6472003022067258	0.6636685031673594	0.8127057230982672	0.8291739240589007	0.6142639002854585	0.8810487568374619	0.6826069340246533
15	0.6447300713203266	0.7353051780884197	0.7509499687535869	0.6472003022067258	0.5014567224679448	0.6002659292214853	0.550037916044118	0.5129844636352577	0.509690823443131	0.5343931243892119	0.5525081459407784	0.6710791938470793	0.09880920675354053	0.5154546935319181	0.75506701924118	0.5138078729409853
16	0.350772682935843	0.6249682301675662	0.5780338571823257	0.327717201590956	0.2618443967586827	0.4232327671626309	0.3795920343695171	0.3515960932313094	0.3515960932313094	0.375474983881924	0.39359000543349043	0.4825182916106508	0.3417151716651904	0.5385101748768051	0.5821509076699188	0.3713579343840698
17	0.3046617202460689	0.4158220764829111	0.36724088389647663	0.1860906723397681	0.111160357226581	0.2173802536701025	0.1844438517488353	0.16468201059607496	0.16797565078820167	0.1885609022364284	0.20585251349252842	0.264314626655343	0.19679500321161467	0.3252469707045568	0.3474790427437163	0.2824296482069094
18	0.08975169548288789	0.15397767972422838	0.14327334885238183	0.05022801317736723	0.0	0.0	0.0	0.0	0.0	0.0	0.0	0.06916644403466116	0.06504939453680691	0.08728146558622756	0.16468201059607496	0.12845196848268103
19	0.0	0.0	0.0	0.0	0.0	0.0	0.0	0.0	0.0	0.0	0.0	0.0	0.0	0.0	0.0	0.0
20	0.0	0.0	0.0	0.0	0.0	0.0	0.0	0.0	0.0	0.0	0.0	0.0	0.0	0.0	0.0	0.0
21	0.0	0.0	0.0	0.0	0.0	0.0	0.0	0.0	0.0	0.0	0.0	0.0	0.0	0.0	0.0	0.0
22	0.0	0.0	0.0	0.0	0.0	0.0	0.0	0.0	0.0	0.0	0.0	0.0	0.0	0.0	0.0	0.0
23	0.0	0.0	0.0	0.0	0.0	0.0	0.0	0.0	0.0	0.0	0.0	0.0	0.0	0.0	0.0	0.0
24	0.0	0.0	0.0	0.0	0.0	0.0	0.0	0.0	0.0	0.0	0.0	0.0	0.0	0.0	0.0	0.0
["PV_UTILITY","SA-BN",*,*] :	1	2	3	4	5	6	7	8	9	10	11	12	13	14	15	16 := 
1	0.0	0.0	0.0	0.0	0.0	0.0	0.0	0.0	0.0	0.0	0.0	0.0	0.0	0.0	0.0	0.0
2	0.0	0.0	0.0	0.0	0.0	0.0	0.0	0.0	0.0	0.0	0.0	0.0	0.0	0.0	0.0	0.0
3	0.0	0.0	0.0	0.0	0.0	0.0	0.0	0.0	0.0	0.0	0.0	0.0	0.0	0.0	0.0	0.0
4	0.0	0.0	0.0	0.0	0.0	0.0	0.0	0.0	0.0	0.0	0.0	0.0	0.0	0.0	0.0	0.0
5	0.0	0.0	0.0	0.0	0.0	0.0	0.0	0.0	0.0	0.0	0.0	0.0	0.0	0.0	0.0	0.0
6	0.0	0.0	0.0	0.0	0.0	0.0	0.0	0.0	0.0	0.0	0.0	0.0	0.0	0.0	0.0	0.0
7	0.029813058081707693	0.023644839168250928	0.013364474312489653	0.015420547283641908	0.0020560729711522545	0.0010280364855761272	0.003084109456728382	0.0	0.0010280364855761272	0.0020560729711522545	0.004112145942304509	0.010280364855761273	0.008224291884609018	0.019532693225946418	0.025700912139403183	0.019532693225946418
8	0.11822419584125464	0.15626154580757134	0.11514008638452626	0.19841104171619256	0.06271022562014376	0.07093451750475278	0.16448583769218036	0.08224291884609018	0.16448583769218036	0.16448583769218036	0.18607460388927902	0.1428970714950817	0.056542006706687	0.09560739315857983	0.13672885258162493	0.09355132018742758
9	0.1850465674037029	0.3135511281007188	0.25906519436518405	0.3988781564035374	0.16756994714890874	0.24570072005269442	0.37214920777855803	0.226168026826748	0.36906509832182965	0.3464482956391549	0.3916819010045045	0.3320557848410891	0.12953259718259202	0.17887834849024614	0.2929903983891962	0.17271012957678938
10	0.26317734030748857	0.4595323090525289	0.4060744118025703	0.557195775182261	0.28065396056228276	0.39785011991796126	0.53355093601401	0.33308382132666525	0.5181303887303681	0.4883173306486604	0.5417752278986191	0.49345751307654107	0.2117755160286822	0.22513999034117188	0.45336409013907214	0.25186893896615115
11	0.33822400375454587	0.5397191549274668	0.5212144981870965	0.6497190588841124	0.37626135372086256	0.48009303876405146	0.6456069129418079	0.4667285644515618	0.6168218913456763	0.605513490004339	0.6435508399706557	0.6034574170331867	0.24672875653827053	0.26831752273536924	0.5623359576101417	0.34130811321127424
12	0.4235510320573644	0.557195775182261	0.5664481035524461	0.6990648101917666	0.43177532394197343	0.5530836292399565	0.703176956134071	0.5469154103264997	0.6291583291725898	0.6394386940283512	0.6928965912783098	0.654859241311993	0.25186893896615115	0.30635487270168593	0.6199060008024048	0.3916819010045045
13	0.43383139691312567	0.5469154103264997	0.5798125778649357	0.7083171385619517	0.4667285644515618	0.557195775182261	0.7124292845042561	0.5726163224659029	0.6312144021437421	0.6476629859129602	0.703176956134071	0.6610274602254499	0.20046711468734482	0.3443922226680027	0.6281302926870137	0.43897157934100633
14	0.3814015361487432	0.39373797397565674	0.5695322130091746	0.6692517521100588	0.4451397982544631	0.5181303887303681	0.6713078250812111	0.5181303887303681	0.5746723954370552	0.606541526489915	0.6682237156244828	0.6168218913456763	0.17579423903351776	0.37214920777855803	0.5911209792062732	0.43897157934100633
15	0.3094389821584143	0.28065396056228276	0.5047659144178784	0.5870088332639686	0.38654171857662384	0.47598089282174694	0.5757004319226313	0.40504637531699417	0.4811210752496276	0.53355093601401	0.5880368697495447	0.5386911184418907	0.16037369174987584	0.3659809888651013	0.5016818049611501	0.3999061928891135
16	0.21691569845656283	0.19841104171619256	0.4029903023458419	0.4399996158265825	0.2868221794757395	0.4071024482881464	0.44102765231215857	0.2672894862497931	0.28785021596131566	0.3947660104612329	0.4564481995958005	0.4060744118025703	0.13158867015374429	0.32897167538436073	0.4071024482881464	0.29710254433150074
17	0.1398129620383533	0.11719615935567851	0.23130820925462864	0.26626144976421695	0.16345780120660425	0.274485741648826	0.24570072005269442	0.13364474312489655	0.13775688906720107	0.226168026826748	0.27551377813440214	0.2333642822257809	0.07093451750475278	0.23439231871135702	0.2847661065045873	0.18813067686043128
18	0.050373787793230235	0.04112145942304509	0.08738310127397082	0.07504666344705728	0.04009342293746896	0.0791588093893618	0.053457897249958614	0.019532693225946418	0.022616802682674797	0.034953240509588326	0.0678504080480244	0.05551397022111087	0.021588766197098673	0.1017756120720366	0.12233634178355914	0.07093451750475278
19	0.0010280364855761272	0.0	0.0	0.0	0.0	0.0	0.0	0.0	0.0	0.0	0.0	0.0	0.0	0.005140182427880636	0.008224291884609018	0.003084109456728382
20	0.0	0.0	0.0	0.0	0.0	0.0	0.0	0.0	0.0	0.0	0.0	0.0	0.0	0.0	0.0	0.0
21	0.0	0.0	0.0	0.0	0.0	0.0	0.0	0.0	0.0	0.0	0.0	0.0	0.0	0.0	0.0	0.0
22	0.0	0.0	0.0	0.0	0.0	0.0	0.0	0.0	0.0	0.0	0.0	0.0	0.0	0.0	0.0	0.0
23	0.0	0.0	0.0	0.0	0.0	0.0	0.0	0.0	0.0	0.0	0.0	0.0	0.0	0.0	0.0	0.0
24	0.0	0.0	0.0	0.0	0.0	0.0	0.0	0.0	0.0	0.0	0.0	0.0	0.0	0.0	0.0	0.0
["PV_UTILITY","SA-PA",*,*] :	1	2	3	4	5	6	7	8	9	10	11	12	13	14	15	16 := 
1	0.0	0.0	0.0	0.0	0.0	0.0	0.0	0.0	0.0	0.0	0.0	0.0	0.0	0.0	0.0	0.0
2	0.0	0.0	0.0	0.0	0.0	0.0	0.0	0.0	0.0	0.0	0.0	0.0	0.0	0.0	0.0	0.0
3	0.0	0.0	0.0	0.0	0.0	0.0	0.0	0.0	0.0	0.0	0.0	0.0	0.0	0.0	0.0	0.0
4	0.0	0.0	0.0	0.0	0.0	0.0	0.0	0.0	0.0	0.0	0.0	0.0	0.0	0.0	0.0	0.0
5	0.0	0.0	0.0	0.0	0.0	0.0	0.0	0.0	0.0	0.0	0.0	0.0	0.0	0.0	0.0	0.0
6	0.0	0.0	0.0	0.0	0.0	0.0	0.0	0.0	0.0	0.0	0.0	0.0	0.0	0.0	0.0	0.0
7	0.0060293903824561275	0.004019593588304085	0.0	0.0	0.0	0.0	0.0	0.0	0.0	0.0	0.0	0.0	0.00803918717660817	0.005024491985380106	0.010048983970760213	0.0030146951912280637
8	0.08943595733976589	0.09345555092806998	0.054264513442105144	0.09044085573684191	0.08139677016315772	0.037181240691812785	0.09747514451637407	0.06029390382456127	0.08843105894268986	0.10048983970760213	0.11656821406081846	0.07235268458947353	0.1607837435321634	0.08441146535438579	0.10953392528128632	0.04019593588304085
9	0.19595518742982415	0.24218051369532112	0.1607837435321634	0.24519520888654917	0.2642882784309936	0.12561229963450266	0.3024744175198824	0.237156021709941	0.29343033194619816	0.30649401110818647	0.3346311662263151	0.2029894762093563	0.36377321974151966	0.20198457781228027	0.2512245992690053	0.09546534772222202
10	0.29242543354912215	0.3708075085210518	0.26529317682806963	0.37181240691812784	0.44316019311052535	0.22308744415087672	0.4793365354052621	0.38588098447719216	0.46526795784619784	0.47632184021403406	0.5114932841116948	0.33764586141754316	0.5305863536561393	0.3205625886672508	0.4009544604333325	0.16178864192923942
11	0.329606674240935	0.4873757225818703	0.32759687744678295	0.4501944818900575	0.5737969847304081	0.3205625886672508	0.5768116799216362	0.43713080272806926	0.5858557654953204	0.5928900542748525	0.6310761933637413	0.4522042786842096	0.6481594661140337	0.4009544604333325	0.5064687921263147	0.22409234254795274
12	0.3808564924918121	0.5637480007596479	0.38688588287426817	0.518527572891227	0.6551937548935659	0.39492507005087635	0.661223145276022	0.5104883857146189	0.6561986532906419	0.6531839580994139	0.7004141827619867	0.5255618616707591	0.7215170491005832	0.4883806209789463	0.5587235087742679	0.2733323640046778
13	0.4049740540216366	0.5577186103771918	0.40698385081578864	0.5828410703040923	0.6883554019970746	0.48235123059649015	0.6863456052029225	0.6039439366426888	0.6692623324526302	0.6692623324526302	0.7215170491005832	0.5466647280093556	0.7375954234537996	0.518527572891227	0.5446549312152036	0.284386246372514
14	0.3808564924918121	0.4964198081555545	0.42507202196315697	0.5959047494660805	0.660218246878946	0.5054638937292387	0.65921334848187	0.613992920613449	0.6421300757315775	0.6371055837461975	0.6953896907766066	0.5054638937292387	0.7054386747473669	0.4984296049497065	0.49541490975847846	0.27634705919590585
15	0.3105136046964906	0.3738222037122799	0.4160279363894728	0.5506843215976597	0.5577186103771918	0.4783316370081861	0.5898753590836244	0.5547039151859637	0.571787187936256	0.5657577975538	0.6260517013783612	0.4220573267719289	0.6350957869520454	0.44316019311052535	0.44316019311052535	0.23012173293040888
16	0.237156021709941	0.26730297362222166	0.3225723854614028	0.45521897387543764	0.41200834280116866	0.3818613908888881	0.4220573267719289	0.44215529471344933	0.46828265303742594	0.4622532626549698	0.5064687921263147	0.30146951912280634	0.5215422680824551	0.32659197904970694	0.3567389309619875	0.1698278291058476
17	0.1316416900169588	0.15274455635555523	0.2271070377391808	0.2884058399608181	0.25423929446023336	0.25624909125438544	0.29142053515204613	0.24318541209239714	0.26629807522514565	0.29544012874035025	0.33764586141754316	0.17686211788537973	0.3677928133298238	0.22409234254795274	0.25323439606315734	0.11254862047251438
18	0.045220427868420954	0.05928900542748525	0.09948494131052611	0.1185780108549705	0.07335758298654954	0.10953392528128632	0.1045094332959062	0.08742616054561385	0.10551433169298223	0.11053882367836233	0.13264658841403482	0.06833309100116945	0.1517396579584792	0.10852902688421029	0.13063679161988276	0.05727920863333321
19	0.0010048983970760213	0.0030146951912280637	0.0060293903824561275	0.0030146951912280637	0.0	0.0010048983970760213	0.0	0.0	0.0	0.0	0.0	0.0020097967941520426	0.013063679161988275	0.012058780764912255	0.015073475956140317	0.00803918717660817
20	0.0	0.0	0.0	0.0	0.0	0.0	0.0	0.0	0.0	0.0	0.0	0.0	0.0	0.0	0.0	0.0
21	0.0	0.0	0.0	0.0	0.0	0.0	0.0	0.0	0.0	0.0	0.0	0.0	0.0	0.0	0.0	0.0
22	0.0	0.0	0.0	0.0	0.0	0.0	0.0	0.0	0.0	0.0	0.0	0.0	0.0	0.0	0.0	0.0
23	0.0	0.0	0.0	0.0	0.0	0.0	0.0	0.0	0.0	0.0	0.0	0.0	0.0	0.0	0.0	0.0
24	0.0	0.0	0.0	0.0	0.0	0.0	0.0	0.0	0.0	0.0	0.0	0.0	0.0	0.0	0.0	0.0
["PV_UTILITY","SA-SC",*,*] :	1	2	3	4	5	6	7	8	9	10	11	12	13	14	15	16 := 
1	0.0	0.0	0.0	0.0	0.0	0.0	0.0	0.0	0.0	0.0	0.0	0.0	0.0	0.0	0.0	0.0
2	0.0	0.0	0.0	0.0	0.0	0.0	0.0	0.0	0.0	0.0	0.0	0.0	0.0	0.0	0.0	0.0
3	0.0	0.0	0.0	0.0	0.0	0.0	0.0	0.0	0.0	0.0	0.0	0.0	0.0	0.0	0.0	0.0
4	0.0	0.0	0.0	0.0	0.0	0.0	0.0	0.0	0.0	0.0	0.0	0.0	0.0	0.0	0.0	0.0
5	0.0	0.0	0.0	0.0	0.0	0.0	0.0	0.0	0.0	0.0	0.0	0.0	0.0	0.0	0.0	0.0
6	0.0	0.0	0.0	0.0	0.0	0.0	0.0	0.0	0.0	0.0	0.0	0.0	0.0	0.0	0.0	0.0
7	0.027317650390762383	0.04755294697651229	0.0232705910736124	0.025294120732187394	0.005058824146437478	0.004047059317149983	0.003035294487862487	0.0010117648292874957	0.0010117648292874957	0.0010117648292874957	0.004047059317149983	0.01618823726859993	0.025294120732187394	0.03844706351292483	0.054635300781524766	0.026305885561474885
8	0.09105883463587461	0.22562355693111155	0.15480001888098682	0.2357412052239865	0.10421177741661204	0.09814118844088708	0.1598588430274243	0.11028236639233703	0.1618823726859993	0.1689647264910118	0.19830590654034916	0.15682354853956182	0.12647060366093696	0.15884707819813682	0.1871764934181867	0.08397648083086215
9	0.1639059023445743	0.38649416478782334	0.3328706288355861	0.4401177007400606	0.2529412073218739	0.24080002937042397	0.39054122410497333	0.28531768185907375	0.3743529868363734	0.3692941626899359	0.4107765206907233	0.3399529826405986	0.21044708449179908	0.31061180259126114	0.3460235716163235	0.17200002097887426
10	0.22562355693111155	0.5048706498144604	0.5058824146437478	0.5898588954746099	0.42595299313003565	0.3763765164949484	0.5534353616202602	0.5038588849851728	0.5251059464002102	0.5190353574244853	0.5595059505959852	0.49475300152158536	0.2559765018097364	0.43607064142291063	0.48463535322871043	0.30858827293268615
11	0.2357412052239865	0.5595059505959852	0.6525883148904347	0.688000083915497	0.5706353637181475	0.5048706498144604	0.6404471369389848	0.5979530141089099	0.6212236051825223	0.6171765458653723	0.6556236093782972	0.6030118382553474	0.2569882666390239	0.5332000650345102	0.5848000713281725	0.43708240625219813
12	0.2569882666390239	0.5939059547917599	0.7021647915255219	0.7345412660627219	0.6404471369389848	0.6060471327432099	0.6849647894276346	0.6374118424511223	0.6596706686954472	0.6657412576711722	0.6960942025497969	0.6343765479632598	0.31465886190841114	0.6192000755239473	0.6515765500611472	0.5686118340595726
13	0.3045412136155362	0.5888471306453225	0.6303294886461098	0.7355530308920093	0.6414589017682722	0.6283059589875348	0.6586589038661597	0.6262824293289598	0.6434824314268472	0.6586589038661597	0.6991294970376595	0.6495530204025722	0.34905886610418596	0.6799059652811972	0.6799059652811972	0.6111059568896474
14	0.31465886190841114	0.5524235967909726	0.5392706540102352	0.6829412597690596	0.5858118361574599	0.6202118403532348	0.6202118403532348	0.571647128547435	0.6090824272310724	0.6212236051825223	0.6566353742075847	0.6131294865482224	0.36322357371421093	0.6799059652811972	0.6606824335247347	0.6121177217189349
15	0.30858827293268615	0.42696475795932315	0.463388291813673	0.5989647789381974	0.4623765269843855	0.5686118340595726	0.5504000671323976	0.471482410447973	0.5281412408880728	0.5342118298637978	0.57367065820601	0.5352235946930852	0.3389412178113111	0.6192000755239473	0.5817647768403099	0.5200471222537728
16	0.2600235611268864	0.2660941501026114	0.3298353343477236	0.4512471138622231	0.2984706246398112	0.48058829391156044	0.4006588723978483	0.35614121990919845	0.36120004405563594	0.4057176965442858	0.43607064142291063	0.4077412262028608	0.2539529721511614	0.49171770703372286	0.4512471138622231	0.3703059275192234
17	0.17705884512531173	0.15783531336884932	0.19021178790604917	0.2610353259561739	0.14367060575882437	0.2964470949812362	0.20943531966251158	0.15176472439312436	0.1871764934181867	0.22056473278467406	0.24889414800472393	0.23776473488256147	0.1416470761002494	0.31567062673769863	0.28835297634693624	0.17705884512531173
18	0.07183530287941219	0.04856471180579979	0.05868236009867475	0.05261177112294977	0.027317650390762383	0.04957647663508729	0.03338823936648736	0.00910588346358746	0.010117648292874957	0.025294120732187394	0.045529417317937304	0.06070588975724974	0.04755294697651229	0.11534119053877451	0.12343530917307446	0.06374118424511223
19	0.003035294487862487	0.0	0.0	0.0	0.0	0.0	0.0	0.0	0.0	0.0	0.0	0.0	0.0	0.005058824146437478	0.008094118634299966	0.003035294487862487
20	0.0	0.0	0.0	0.0	0.0	0.0	0.0	0.0	0.0	0.0	0.0	0.0	0.0	0.0	0.0	0.0
21	0.0	0.0	0.0	0.0	0.0	0.0	0.0	0.0	0.0	0.0	0.0	0.0	0.0	0.0	0.0	0.0
22	0.0	0.0	0.0	0.0	0.0	0.0	0.0	0.0	0.0	0.0	0.0	0.0	0.0	0.0	0.0	0.0
23	0.0	0.0	0.0	0.0	0.0	0.0	0.0	0.0	0.0	0.0	0.0	0.0	0.0	0.0	0.0	0.0
24	0.0	0.0	0.0	0.0	0.0	0.0	0.0	0.0	0.0	0.0	0.0	0.0	0.0	0.0	0.0	0.0
["PV_UTILITY","SA-TJ",*,*] :	1	2	3	4	5	6	7	8	9	10	11	12	13	14	15	16 := 
1	0.0	0.0	0.0	0.0	0.0	0.0	0.0	0.0	0.0	0.0	0.0	0.0	0.0	0.0	0.0	0.0
2	0.0	0.0	0.0	0.0	0.0	0.0	0.0	0.0	0.0	0.0	0.0	0.0	0.0	0.0	0.0	0.0
3	0.0	0.0	0.0	0.0	0.0	0.0	0.0	0.0	0.0	0.0	0.0	0.0	0.0	0.0	0.0	0.0
4	0.0	0.0	0.0	0.0	0.0	0.0	0.0	0.0	0.0	0.0	0.0	0.0	0.0	0.0	0.0	0.0
5	0.0	0.0	0.0	0.0	0.0	0.0	0.0	0.0	0.0	0.0	0.0	0.0	0.0	0.0	0.0	0.0
6	0.0	0.0	0.0	0.0	0.0	0.0	0.0	0.0	0.0	0.0	0.0	0.0	0.0	0.0	0.0	0.0
7	0.052931023404705194	0.03695184652781306	0.02596616242494972	0.007989588438446068	0.003994794219223034	0.0009986985548057585	0.0	0.0	0.0	0.0	0.0	0.014980478322086375	0.05492842051431671	0.06691280317198582	0.06191931039795702	0.04494143496625913
8	0.20772929939959775	0.20273580662556898	0.21671758639284958	0.18875402685828835	0.19075142396789987	0.20673060084479197	0.05792451617873399	0.0359531479730073	0.0768997887200434	0.10785944391902191	0.15979176876892134	0.20473320373518047	0.2576642271398857	0.22670457194090718	0.2137214907284323	0.15180218033047527
9	0.3745119580521594	0.3066004563253678	0.39748202481269185	0.3984807233674976	0.40547161325113795	0.44841565110778553	0.20073840951595745	0.13782040056319467	0.297612169332116	0.2596616242494972	0.3914898334838573	0.4204520915732243	0.46539352653948346	0.417455995908807	0.43143777567608765	0.26565381557833173
10	0.529310234047052	0.4064703118059437	0.5382985210403038	0.558272492136419	0.5642646834652535	0.628181390972822	0.35853278117526727	0.2237084762764899	0.4524104453270086	0.3075991548801736	0.5622672863556419	0.5832399560065629	0.6291800895276278	0.5902308458902032	0.5942256401094262	0.3675210681685191
11	0.6791150172679158	0.5363011239306923	0.6521501562881603	0.6661319360554409	0.6681293331650524	0.7450291218850957	0.5792451617873399	0.3155887433186197	0.5213206456086059	0.4264442829020588	0.6731228259390812	0.6910993999255848	0.7370395334466497	0.715068165240923	0.6950941941448078	0.4633961294298719
12	0.7520200117687361	0.5982204343286492	0.7120720695765057	0.7190629594601461	0.7220590551245634	0.8059497337282471	0.6311774866372394	0.34854579562720966	0.5482855065883614	0.5692581762392822	0.7280512464533979	0.7470265189947073	0.7929666525157723	0.7809822698581032	0.748025217549513	0.49435578462885044
13	0.7650030929812109	0.5992191328834551	0.7330447392274266	0.7250551507889806	0.7300486435630094	0.8149380207214988	0.6811124143775273	0.3695184652781306	0.5662620805748649	0.6132009126507356	0.7340434377822325	0.7500226146591246	0.7999575423994125	0.7879731597417434	0.7540174088783476	0.5712555733488938
14	0.7270525478985921	0.5662620805748649	0.6871046057063618	0.6901007013707791	0.6930967970351963	0.7749900785292686	0.6221891996439874	0.3745119580521594	0.5822412574517571	0.6161970083151529	0.6910993999255848	0.7070785768024769	0.7630056958715995	0.748025217549513	0.7100746724668942	0.6581423476169949
15	0.6451592664045199	0.4524104453270086	0.5492842051431672	0.6092061184315126	0.6092061184315126	0.6821111129323331	0.4923583875192389	0.33056922164070607	0.43143777567608765	0.5552763964720018	0.6042126256574838	0.6261839938632106	0.6771176201583042	0.6641345389458294	0.5902308458902032	0.6132009126507356
16	0.5173258513893829	0.3285718245310945	0.3924885320386631	0.47637921064234673	0.4773779091971525	0.5363011239306923	0.32058223609264846	0.22670457194090718	0.2856277866744469	0.41046510602516667	0.46040003376545463	0.4893622918548216	0.537299822485498	0.5303089326018577	0.4803740048615698	0.49835057884807343
17	0.35054319273682116	0.2037345051803747	0.2496746387014396	0.2946160736676987	0.29661347077731026	0.33456401585992906	0.14081649622761191	0.10086855403538161	0.13382560634397164	0.2237084762764899	0.26066032280430296	0.3046030592157563	0.35553668551085	0.3365614129695406	0.2956147722225045	0.3155887433186197
18	0.1657839600977559	0.08788547282290674	0.0818932814940722	0.09188026704212977	0.08289198004887795	0.08389067860368371	0.015979176876892136	0.007989588438446068	0.007989588438446068	0.020972669650920928	0.041945339301841855	0.09687375981615858	0.13682170200838892	0.13881909911800044	0.1438125918920292	0.14780738611125224
19	0.01897527254130941	0.004993492774028792	0.0	0.0	0.0	0.0	0.0	0.0	0.0	0.0	0.0	0.0	0.005992191328834551	0.015979176876892136	0.023968765315338203	0.027963559534561238
20	0.0	0.0	0.0	0.0	0.0	0.0	0.0	0.0	0.0	0.0	0.0	0.0	0.0	0.0	0.0	0.0
21	0.0	0.0	0.0	0.0	0.0	0.0	0.0	0.0	0.0	0.0	0.0	0.0	0.0	0.0	0.0	0.0
22	0.0	0.0	0.0	0.0	0.0	0.0	0.0	0.0	0.0	0.0	0.0	0.0	0.0	0.0	0.0	0.0
23	0.0	0.0	0.0	0.0	0.0	0.0	0.0	0.0	0.0	0.0	0.0	0.0	0.0	0.0	0.0	0.0
24	0.0	0.0	0.0	0.0	0.0	0.0	0.0	0.0	0.0	0.0	0.0	0.0	0.0	0.0	0.0	0.0
["PV_UTILITY","SIN",*,*] :	1	2	3	4	5	6	7	8	9	10	11	12	13	14	15	16 := 
1	0.0	0.0	0.0	0.0	0.0	0.0	0.0	0.0	0.0	0.0	0.0	0.0	0.0	0.0	0.0	0.0
2	0.0	0.0	0.0	0.0	0.0	0.0	0.0	0.0	0.0	0.0	0.0	0.0	0.0	0.0	0.0	0.0
3	0.0	0.0	0.0	0.0	0.0	0.0	0.0	0.0	0.0	0.0	0.0	0.0	0.0	0.0	0.0	0.0
4	0.0	0.0	0.0	0.0	0.0	0.0	0.0	0.0	0.0	0.0	0.0	0.0	0.0	0.0	0.0	0.0
5	0.0	0.0	0.0	0.0	0.0	0.0	0.0	0.0	0.0	0.0	0.0	0.0	0.0	0.0	0.0	0.0
6	0.0	0.0	0.0	0.0	0.0	0.0	0.0	0.0	0.0	0.0	0.0	0.0	0.0	0.017291611256100008	0.0065872803842534425	0.0
7	0.0016468205909328027	0.08398782539410084	0.06257916365040771	0.04117050289645346	0.03623004211339394	0.02881935143367409	0.005763870088787041	0.0	0.0	0.0	0.0	0.09222192636928708	0.18279703214764137	0.20914615368465514	0.19020772183762233	0.058462114152553465
8	0.07493031511318707	0.31124900063032235	0.28572328839903616	0.24619960609351546	0.24208255560592234	0.2363186855171353	0.13174560867480775	0.170445880684862	0.15480109001969478	0.14986062923663526	0.10539648713779397	0.3227767408078965	0.404294336305337	0.43064345784235075	0.40923479609865765	0.21079297328584906
9	0.5031035430588776	0.5368633552756111	0.5088674131476646	0.4561691690838981	0.4536989391872378	0.44793506909845077	0.40923479609865765	0.36230042311341715	0.345008812847056	0.34583222215278353	0.350772682935843	0.5442740449655921	0.609323439502399	0.6340257414382189	0.6126170796945257	0.3968836456256172
10	0.6101468497978654	0.7303647173053601	0.6990751349852868	0.6340257414382189	0.630732101246092	0.6233214105663722	0.5772104478765981	0.5245122038128318	0.5072205925567318	0.5138078729409853	0.5195717440195111	0.7254242575120395	0.7740054500984739	0.7987077520342939	0.7805927304827275	0.5813274973744524
11	0.8686976063644214	0.8728146568520144	0.8382314343398145	0.7633011192266274	0.7558904285469075	0.7460095079705273	0.6941346751919663	0.6389662012315395	0.6241448208618386	0.6364959713348792	0.6439066620145991	0.8497591755071274	0.8843423970295885	0.9106915185666022	0.8975169577980954	0.6686089629606801
12	0.942804511182142	0.9543322523494551	0.9164553896451283	0.831644153955561	0.8192930034825205	0.8061184427140137	0.7509499687535869	0.697428315384093	0.6842537546155861	0.701545365871686	0.7122496957537938	0.9073978783744756	0.9321001803102955	0.960096122438242	0.9551556616551825	0.8481123549161946
13	0.7838863706748542	0.9683302224236894	0.9271597205169749	0.8341143838522214	0.8168227725961213	0.8003545716354877	0.7443626883693334	0.6941346751919663	0.6842537546155861	0.7048390060638128	0.7188369761380472	0.8942233176059687	0.9131617494530014	0.942804511182142	0.9493917915663955	0.7838863706748542
14	0.739422227586274	0.913985159748468	0.3417151716651904	0.7707118099063471	0.6381427909360731	0.7295413070098937	0.6751962433449334	0.630732101246092	0.6241448208618386	0.6472003022067258	0.6636685031673594	0.8127057230982672	0.8291739240589007	0.6142639002854585	0.8810487568374619	0.6826069340246533
15	0.6447300713203266	0.7353051780884197	0.7509499687535869	0.6472003022067258	0.5014567224679448	0.6002659292214853	0.550037916044118	0.5129844636352577	0.509690823443131	0.5343931243892119	0.5525081459407784	0.6710791938470793	0.09880920675354053	0.5154546935319181	0.75506701924118	0.5138078729409853
16	0.350772682935843	0.6249682301675662	0.5780338571823257	0.327717201590956	0.2618443967586827	0.4232327671626309	0.3795920343695171	0.3515960932313094	0.3515960932313094	0.375474983881924	0.39359000543349043	0.4825182916106508	0.3417151716651904	0.5385101748768051	0.5821509076699188	0.3713579343840698
17	0.3046617202460689	0.4158220764829111	0.36724088389647663	0.1860906723397681	0.111160357226581	0.2173802536701025	0.1844438517488353	0.16468201059607496	0.16797565078820167	0.1885609022364284	0.20585251349252842	0.264314626655343	0.19679500321161467	0.3252469707045568	0.3474790427437163	0.2824296482069094
18	0.08975169548288789	0.15397767972422838	0.14327334885238183	0.05022801317736723	0.0	0.0	0.0	0.0	0.0	0.0	0.0	0.06916644403466116	0.06504939453680691	0.08728146558622756	0.16468201059607496	0.12845196848268103
19	0.0	0.0	0.0	0.0	0.0	0.0	0.0	0.0	0.0	0.0	0.0	0.0	0.0	0.0	0.0	0.0
20	0.0	0.0	0.0	0.0	0.0	0.0	0.0	0.0	0.0	0.0	0.0	0.0	0.0	0.0	0.0	0.0
21	0.0	0.0	0.0	0.0	0.0	0.0	0.0	0.0	0.0	0.0	0.0	0.0	0.0	0.0	0.0	0.0
22	0.0	0.0	0.0	0.0	0.0	0.0	0.0	0.0	0.0	0.0	0.0	0.0	0.0	0.0	0.0	0.0
23	0.0	0.0	0.0	0.0	0.0	0.0	0.0	0.0	0.0	0.0	0.0	0.0	0.0	0.0	0.0	0.0
24	0.0	0.0	0.0	0.0	0.0	0.0	0.0	0.0	0.0	0.0	0.0	0.0	0.0	0.0	0.0	0.0
["TIDAL_STREAM","SA-BN",*,*] :	1	2	3	4	5	6	7	8	9	10	11	12	13	14	15	16 := 
1	0.00010000000000000003	0.00010000000000000003	0.00010000000000000003	0.00010000000000000003	0.00010000000000000003	0.00010000000000000003	0.00010000000000000003	0.00010000000000000003	0.00010000000000000003	0.00010000000000000003	0.00010000000000000003	0.00010000000000000003	0.00010000000000000003	0.00010000000000000003	0.00010000000000000003	0.00010000000000000003
2	0.00010000000000000003	0.00010000000000000003	0.00010000000000000003	0.00010000000000000003	0.00010000000000000003	0.00010000000000000003	0.00010000000000000003	0.00010000000000000003	0.00010000000000000003	0.00010000000000000003	0.00010000000000000003	0.00010000000000000003	0.00010000000000000003	0.00010000000000000003	0.00010000000000000003	0.00010000000000000003
3	0.00010000000000000003	0.00010000000000000003	0.00010000000000000003	0.00010000000000000003	0.00010000000000000003	0.00010000000000000003	0.00010000000000000003	0.00010000000000000003	0.00010000000000000003	0.00010000000000000003	0.00010000000000000003	0.00010000000000000003	0.00010000000000000003	0.00010000000000000003	0.00010000000000000003	0.00010000000000000003
4	0.00010000000000000003	0.00010000000000000003	0.00010000000000000003	0.00010000000000000003	0.00010000000000000003	0.00010000000000000003	0.00010000000000000003	0.00010000000000000003	0.00010000000000000003	0.00010000000000000003	0.00010000000000000003	0.00010000000000000003	0.00010000000000000003	0.00010000000000000003	0.00010000000000000003	0.00010000000000000003
5	0.00010000000000000003	0.00010000000000000003	0.00010000000000000003	0.00010000000000000003	0.00010000000000000003	0.00010000000000000003	0.00010000000000000003	0.00010000000000000003	0.00010000000000000003	0.00010000000000000003	0.00010000000000000003	0.00010000000000000003	0.00010000000000000003	0.00010000000000000003	0.00010000000000000003	0.00010000000000000003
6	0.00010000000000000003	0.00010000000000000003	0.00010000000000000003	0.00010000000000000003	0.00010000000000000003	0.00010000000000000003	0.00010000000000000003	0.00010000000000000003	0.00010000000000000003	0.00010000000000000003	0.00010000000000000003	0.00010000000000000003	0.00010000000000000003	0.00010000000000000003	0.00010000000000000003	0.00010000000000000003
7	0.00010000000000000003	0.00010000000000000003	0.00010000000000000003	0.00010000000000000003	0.00010000000000000003	0.00010000000000000003	0.00010000000000000003	0.00010000000000000003	0.00010000000000000003	0.00010000000000000003	0.00010000000000000003	0.00010000000000000003	0.00010000000000000003	0.00010000000000000003	0.00010000000000000003	0.00010000000000000003
8	0.00010000000000000003	0.00010000000000000003	0.00010000000000000003	0.00010000000000000003	0.00010000000000000003	0.00010000000000000003	0.00010000000000000003	0.00010000000000000003	0.00010000000000000003	0.00010000000000000003	0.00010000000000000003	0.00010000000000000003	0.00010000000000000003	0.00010000000000000003	0.00010000000000000003	0.00010000000000000003
9	0.00010000000000000003	0.00010000000000000003	0.00010000000000000003	0.00010000000000000003	0.00010000000000000003	0.00010000000000000003	0.00010000000000000003	0.00010000000000000003	0.00010000000000000003	0.00010000000000000003	0.00010000000000000003	0.00010000000000000003	0.00010000000000000003	0.00010000000000000003	0.00010000000000000003	0.00010000000000000003
10	0.00010000000000000003	0.00010000000000000003	0.00010000000000000003	0.00010000000000000003	0.00010000000000000003	0.00010000000000000003	0.00010000000000000003	0.00010000000000000003	0.00010000000000000003	0.00010000000000000003	0.00010000000000000003	0.00010000000000000003	0.00010000000000000003	0.00010000000000000003	0.00010000000000000003	0.00010000000000000003
11	0.00010000000000000003	0.00010000000000000003	0.00010000000000000003	0.00010000000000000003	0.00010000000000000003	0.00010000000000000003	0.00010000000000000003	0.00010000000000000003	0.00010000000000000003	0.00010000000000000003	0.00010000000000000003	0.00010000000000000003	0.00010000000000000003	0.00010000000000000003	0.00010000000000000003	0.00010000000000000003
12	0.00010000000000000003	0.00010000000000000003	0.00010000000000000003	0.00010000000000000003	0.00010000000000000003	0.00010000000000000003	0.00010000000000000003	0.00010000000000000003	0.00010000000000000003	0.00010000000000000003	0.00010000000000000003	0.00010000000000000003	0.00010000000000000003	0.00010000000000000003	0.00010000000000000003	0.00010000000000000003
13	0.00010000000000000003	0.00010000000000000003	0.00010000000000000003	0.00010000000000000003	0.00010000000000000003	0.00010000000000000003	0.00010000000000000003	0.00010000000000000003	0.00010000000000000003	0.00010000000000000003	0.00010000000000000003	0.00010000000000000003	0.00010000000000000003	0.00010000000000000003	0.00010000000000000003	0.00010000000000000003
14	0.00010000000000000003	0.00010000000000000003	0.00010000000000000003	0.00010000000000000003	0.00010000000000000003	0.00010000000000000003	0.00010000000000000003	0.00010000000000000003	0.00010000000000000003	0.00010000000000000003	0.00010000000000000003	0.00010000000000000003	0.00010000000000000003	0.00010000000000000003	0.00010000000000000003	0.00010000000000000003
15	0.00010000000000000003	0.00010000000000000003	0.00010000000000000003	0.00010000000000000003	0.00010000000000000003	0.00010000000000000003	0.00010000000000000003	0.00010000000000000003	0.00010000000000000003	0.00010000000000000003	0.00010000000000000003	0.00010000000000000003	0.00010000000000000003	0.00010000000000000003	0.00010000000000000003	0.00010000000000000003
16	0.00010000000000000003	0.00010000000000000003	0.00010000000000000003	0.00010000000000000003	0.00010000000000000003	0.00010000000000000003	0.00010000000000000003	0.00010000000000000003	0.00010000000000000003	0.00010000000000000003	0.00010000000000000003	0.00010000000000000003	0.00010000000000000003	0.00010000000000000003	0.00010000000000000003	0.00010000000000000003
17	0.00010000000000000003	0.00010000000000000003	0.00010000000000000003	0.00010000000000000003	0.00010000000000000003	0.00010000000000000003	0.00010000000000000003	0.00010000000000000003	0.00010000000000000003	0.00010000000000000003	0.00010000000000000003	0.00010000000000000003	0.00010000000000000003	0.00010000000000000003	0.00010000000000000003	0.00010000000000000003
18	0.00010000000000000003	0.00010000000000000003	0.00010000000000000003	0.00010000000000000003	0.00010000000000000003	0.00010000000000000003	0.00010000000000000003	0.00010000000000000003	0.00010000000000000003	0.00010000000000000003	0.00010000000000000003	0.00010000000000000003	0.00010000000000000003	0.00010000000000000003	0.00010000000000000003	0.00010000000000000003
19	0.00010000000000000003	0.00010000000000000003	0.00010000000000000003	0.00010000000000000003	0.00010000000000000003	0.00010000000000000003	0.00010000000000000003	0.00010000000000000003	0.00010000000000000003	0.00010000000000000003	0.00010000000000000003	0.00010000000000000003	0.00010000000000000003	0.00010000000000000003	0.00010000000000000003	0.00010000000000000003
20	0.00010000000000000003	0.00010000000000000003	0.00010000000000000003	0.00010000000000000003	0.00010000000000000003	0.00010000000000000003	0.00010000000000000003	0.00010000000000000003	0.00010000000000000003	0.00010000000000000003	0.00010000000000000003	0.00010000000000000003	0.00010000000000000003	0.00010000000000000003	0.00010000000000000003	0.00010000000000000003
21	0.00010000000000000003	0.00010000000000000003	0.00010000000000000003	0.00010000000000000003	0.00010000000000000003	0.00010000000000000003	0.00010000000000000003	0.00010000000000000003	0.00010000000000000003	0.00010000000000000003	0.00010000000000000003	0.00010000000000000003	0.00010000000000000003	0.00010000000000000003	0.00010000000000000003	0.00010000000000000003
22	0.00010000000000000003	0.00010000000000000003	0.00010000000000000003	0.00010000000000000003	0.00010000000000000003	0.00010000000000000003	0.00010000000000000003	0.00010000000000000003	0.00010000000000000003	0.00010000000000000003	0.00010000000000000003	0.00010000000000000003	0.00010000000000000003	0.00010000000000000003	0.00010000000000000003	0.00010000000000000003
23	0.00010000000000000003	0.00010000000000000003	0.00010000000000000003	0.00010000000000000003	0.00010000000000000003	0.00010000000000000003	0.00010000000000000003	0.00010000000000000003	0.00010000000000000003	0.00010000000000000003	0.00010000000000000003	0.00010000000000000003	0.00010000000000000003	0.00010000000000000003	0.00010000000000000003	0.00010000000000000003
24	0.00010000000000000003	0.00010000000000000003	0.00010000000000000003	0.00010000000000000003	0.00010000000000000003	0.00010000000000000003	0.00010000000000000003	0.00010000000000000003	0.00010000000000000003	0.00010000000000000003	0.00010000000000000003	0.00010000000000000003	0.00010000000000000003	0.00010000000000000003	0.00010000000000000003	0.00010000000000000003
["TIDAL_STREAM","SA-PA",*,*] :	1	2	3	4	5	6	7	8	9	10	11	12	13	14	15	16 := 
1	0.00010000000000000003	0.00010000000000000003	0.00010000000000000003	0.00010000000000000003	0.00010000000000000003	0.00010000000000000003	0.00010000000000000003	0.00010000000000000003	0.00010000000000000003	0.00010000000000000003	0.00010000000000000003	0.00010000000000000003	0.00010000000000000003	0.00010000000000000003	0.00010000000000000003	0.00010000000000000003
2	0.00010000000000000003	0.00010000000000000003	0.00010000000000000003	0.00010000000000000003	0.00010000000000000003	0.00010000000000000003	0.00010000000000000003	0.00010000000000000003	0.00010000000000000003	0.00010000000000000003	0.00010000000000000003	0.00010000000000000003	0.00010000000000000003	0.00010000000000000003	0.00010000000000000003	0.00010000000000000003
3	0.00010000000000000003	0.00010000000000000003	0.00010000000000000003	0.00010000000000000003	0.00010000000000000003	0.00010000000000000003	0.00010000000000000003	0.00010000000000000003	0.00010000000000000003	0.00010000000000000003	0.00010000000000000003	0.00010000000000000003	0.00010000000000000003	0.00010000000000000003	0.00010000000000000003	0.00010000000000000003
4	0.00010000000000000003	0.00010000000000000003	0.00010000000000000003	0.00010000000000000003	0.00010000000000000003	0.00010000000000000003	0.00010000000000000003	0.00010000000000000003	0.00010000000000000003	0.00010000000000000003	0.00010000000000000003	0.00010000000000000003	0.00010000000000000003	0.00010000000000000003	0.00010000000000000003	0.00010000000000000003
5	0.00010000000000000003	0.00010000000000000003	0.00010000000000000003	0.00010000000000000003	0.00010000000000000003	0.00010000000000000003	0.00010000000000000003	0.00010000000000000003	0.00010000000000000003	0.00010000000000000003	0.00010000000000000003	0.00010000000000000003	0.00010000000000000003	0.00010000000000000003	0.00010000000000000003	0.00010000000000000003
6	0.00010000000000000003	0.00010000000000000003	0.00010000000000000003	0.00010000000000000003	0.00010000000000000003	0.00010000000000000003	0.00010000000000000003	0.00010000000000000003	0.00010000000000000003	0.00010000000000000003	0.00010000000000000003	0.00010000000000000003	0.00010000000000000003	0.00010000000000000003	0.00010000000000000003	0.00010000000000000003
7	0.00010000000000000003	0.00010000000000000003	0.00010000000000000003	0.00010000000000000003	0.00010000000000000003	0.00010000000000000003	0.00010000000000000003	0.00010000000000000003	0.00010000000000000003	0.00010000000000000003	0.00010000000000000003	0.00010000000000000003	0.00010000000000000003	0.00010000000000000003	0.00010000000000000003	0.00010000000000000003
8	0.00010000000000000003	0.00010000000000000003	0.00010000000000000003	0.00010000000000000003	0.00010000000000000003	0.00010000000000000003	0.00010000000000000003	0.00010000000000000003	0.00010000000000000003	0.00010000000000000003	0.00010000000000000003	0.00010000000000000003	0.00010000000000000003	0.00010000000000000003	0.00010000000000000003	0.00010000000000000003
9	0.00010000000000000003	0.00010000000000000003	0.00010000000000000003	0.00010000000000000003	0.00010000000000000003	0.00010000000000000003	0.00010000000000000003	0.00010000000000000003	0.00010000000000000003	0.00010000000000000003	0.00010000000000000003	0.00010000000000000003	0.00010000000000000003	0.00010000000000000003	0.00010000000000000003	0.00010000000000000003
10	0.00010000000000000003	0.00010000000000000003	0.00010000000000000003	0.00010000000000000003	0.00010000000000000003	0.00010000000000000003	0.00010000000000000003	0.00010000000000000003	0.00010000000000000003	0.00010000000000000003	0.00010000000000000003	0.00010000000000000003	0.00010000000000000003	0.00010000000000000003	0.00010000000000000003	0.00010000000000000003
11	0.00010000000000000003	0.00010000000000000003	0.00010000000000000003	0.00010000000000000003	0.00010000000000000003	0.00010000000000000003	0.00010000000000000003	0.00010000000000000003	0.00010000000000000003	0.00010000000000000003	0.00010000000000000003	0.00010000000000000003	0.00010000000000000003	0.00010000000000000003	0.00010000000000000003	0.00010000000000000003
12	0.00010000000000000003	0.00010000000000000003	0.00010000000000000003	0.00010000000000000003	0.00010000000000000003	0.00010000000000000003	0.00010000000000000003	0.00010000000000000003	0.00010000000000000003	0.00010000000000000003	0.00010000000000000003	0.00010000000000000003	0.00010000000000000003	0.00010000000000000003	0.00010000000000000003	0.00010000000000000003
13	0.00010000000000000003	0.00010000000000000003	0.00010000000000000003	0.00010000000000000003	0.00010000000000000003	0.00010000000000000003	0.00010000000000000003	0.00010000000000000003	0.00010000000000000003	0.00010000000000000003	0.00010000000000000003	0.00010000000000000003	0.00010000000000000003	0.00010000000000000003	0.00010000000000000003	0.00010000000000000003
14	0.00010000000000000003	0.00010000000000000003	0.00010000000000000003	0.00010000000000000003	0.00010000000000000003	0.00010000000000000003	0.00010000000000000003	0.00010000000000000003	0.00010000000000000003	0.00010000000000000003	0.00010000000000000003	0.00010000000000000003	0.00010000000000000003	0.00010000000000000003	0.00010000000000000003	0.00010000000000000003
15	0.00010000000000000003	0.00010000000000000003	0.00010000000000000003	0.00010000000000000003	0.00010000000000000003	0.00010000000000000003	0.00010000000000000003	0.00010000000000000003	0.00010000000000000003	0.00010000000000000003	0.00010000000000000003	0.00010000000000000003	0.00010000000000000003	0.00010000000000000003	0.00010000000000000003	0.00010000000000000003
16	0.00010000000000000003	0.00010000000000000003	0.00010000000000000003	0.00010000000000000003	0.00010000000000000003	0.00010000000000000003	0.00010000000000000003	0.00010000000000000003	0.00010000000000000003	0.00010000000000000003	0.00010000000000000003	0.00010000000000000003	0.00010000000000000003	0.00010000000000000003	0.00010000000000000003	0.00010000000000000003
17	0.00010000000000000003	0.00010000000000000003	0.00010000000000000003	0.00010000000000000003	0.00010000000000000003	0.00010000000000000003	0.00010000000000000003	0.00010000000000000003	0.00010000000000000003	0.00010000000000000003	0.00010000000000000003	0.00010000000000000003	0.00010000000000000003	0.00010000000000000003	0.00010000000000000003	0.00010000000000000003
18	0.00010000000000000003	0.00010000000000000003	0.00010000000000000003	0.00010000000000000003	0.00010000000000000003	0.00010000000000000003	0.00010000000000000003	0.00010000000000000003	0.00010000000000000003	0.00010000000000000003	0.00010000000000000003	0.00010000000000000003	0.00010000000000000003	0.00010000000000000003	0.00010000000000000003	0.00010000000000000003
19	0.00010000000000000003	0.00010000000000000003	0.00010000000000000003	0.00010000000000000003	0.00010000000000000003	0.00010000000000000003	0.00010000000000000003	0.00010000000000000003	0.00010000000000000003	0.00010000000000000003	0.00010000000000000003	0.00010000000000000003	0.00010000000000000003	0.00010000000000000003	0.00010000000000000003	0.00010000000000000003
20	0.00010000000000000003	0.00010000000000000003	0.00010000000000000003	0.00010000000000000003	0.00010000000000000003	0.00010000000000000003	0.00010000000000000003	0.00010000000000000003	0.00010000000000000003	0.00010000000000000003	0.00010000000000000003	0.00010000000000000003	0.00010000000000000003	0.00010000000000000003	0.00010000000000000003	0.00010000000000000003
21	0.00010000000000000003	0.00010000000000000003	0.00010000000000000003	0.00010000000000000003	0.00010000000000000003	0.00010000000000000003	0.00010000000000000003	0.00010000000000000003	0.00010000000000000003	0.00010000000000000003	0.00010000000000000003	0.00010000000000000003	0.00010000000000000003	0.00010000000000000003	0.00010000000000000003	0.00010000000000000003
22	0.00010000000000000003	0.00010000000000000003	0.00010000000000000003	0.00010000000000000003	0.00010000000000000003	0.00010000000000000003	0.00010000000000000003	0.00010000000000000003	0.00010000000000000003	0.00010000000000000003	0.00010000000000000003	0.00010000000000000003	0.00010000000000000003	0.00010000000000000003	0.00010000000000000003	0.00010000000000000003
23	0.00010000000000000003	0.00010000000000000003	0.00010000000000000003	0.00010000000000000003	0.00010000000000000003	0.00010000000000000003	0.00010000000000000003	0.00010000000000000003	0.00010000000000000003	0.00010000000000000003	0.00010000000000000003	0.00010000000000000003	0.00010000000000000003	0.00010000000000000003	0.00010000000000000003	0.00010000000000000003
24	0.00010000000000000003	0.00010000000000000003	0.00010000000000000003	0.00010000000000000003	0.00010000000000000003	0.00010000000000000003	0.00010000000000000003	0.00010000000000000003	0.00010000000000000003	0.00010000000000000003	0.00010000000000000003	0.00010000000000000003	0.00010000000000000003	0.00010000000000000003	0.00010000000000000003	0.00010000000000000003
["TIDAL_STREAM","SA-SC",*,*] :	1	2	3	4	5	6	7	8	9	10	11	12	13	14	15	16 := 
1	0.00010000000000000003	0.00010000000000000003	0.00010000000000000003	0.00010000000000000003	0.00010000000000000003	0.00010000000000000003	0.00010000000000000003	0.00010000000000000003	0.00010000000000000003	0.00010000000000000003	0.00010000000000000003	0.00010000000000000003	0.00010000000000000003	0.00010000000000000003	0.00010000000000000003	0.00010000000000000003
2	0.00010000000000000003	0.00010000000000000003	0.00010000000000000003	0.00010000000000000003	0.00010000000000000003	0.00010000000000000003	0.00010000000000000003	0.00010000000000000003	0.00010000000000000003	0.00010000000000000003	0.00010000000000000003	0.00010000000000000003	0.00010000000000000003	0.00010000000000000003	0.00010000000000000003	0.00010000000000000003
3	0.00010000000000000003	0.00010000000000000003	0.00010000000000000003	0.00010000000000000003	0.00010000000000000003	0.00010000000000000003	0.00010000000000000003	0.00010000000000000003	0.00010000000000000003	0.00010000000000000003	0.00010000000000000003	0.00010000000000000003	0.00010000000000000003	0.00010000000000000003	0.00010000000000000003	0.00010000000000000003
4	0.00010000000000000003	0.00010000000000000003	0.00010000000000000003	0.00010000000000000003	0.00010000000000000003	0.00010000000000000003	0.00010000000000000003	0.00010000000000000003	0.00010000000000000003	0.00010000000000000003	0.00010000000000000003	0.00010000000000000003	0.00010000000000000003	0.00010000000000000003	0.00010000000000000003	0.00010000000000000003
5	0.00010000000000000003	0.00010000000000000003	0.00010000000000000003	0.00010000000000000003	0.00010000000000000003	0.00010000000000000003	0.00010000000000000003	0.00010000000000000003	0.00010000000000000003	0.00010000000000000003	0.00010000000000000003	0.00010000000000000003	0.00010000000000000003	0.00010000000000000003	0.00010000000000000003	0.00010000000000000003
6	0.00010000000000000003	0.00010000000000000003	0.00010000000000000003	0.00010000000000000003	0.00010000000000000003	0.00010000000000000003	0.00010000000000000003	0.00010000000000000003	0.00010000000000000003	0.00010000000000000003	0.00010000000000000003	0.00010000000000000003	0.00010000000000000003	0.00010000000000000003	0.00010000000000000003	0.00010000000000000003
7	0.00010000000000000003	0.00010000000000000003	0.00010000000000000003	0.00010000000000000003	0.00010000000000000003	0.00010000000000000003	0.00010000000000000003	0.00010000000000000003	0.00010000000000000003	0.00010000000000000003	0.00010000000000000003	0.00010000000000000003	0.00010000000000000003	0.00010000000000000003	0.00010000000000000003	0.00010000000000000003
8	0.00010000000000000003	0.00010000000000000003	0.00010000000000000003	0.00010000000000000003	0.00010000000000000003	0.00010000000000000003	0.00010000000000000003	0.00010000000000000003	0.00010000000000000003	0.00010000000000000003	0.00010000000000000003	0.00010000000000000003	0.00010000000000000003	0.00010000000000000003	0.00010000000000000003	0.00010000000000000003
9	0.00010000000000000003	0.00010000000000000003	0.00010000000000000003	0.00010000000000000003	0.00010000000000000003	0.00010000000000000003	0.00010000000000000003	0.00010000000000000003	0.00010000000000000003	0.00010000000000000003	0.00010000000000000003	0.00010000000000000003	0.00010000000000000003	0.00010000000000000003	0.00010000000000000003	0.00010000000000000003
10	0.00010000000000000003	0.00010000000000000003	0.00010000000000000003	0.00010000000000000003	0.00010000000000000003	0.00010000000000000003	0.00010000000000000003	0.00010000000000000003	0.00010000000000000003	0.00010000000000000003	0.00010000000000000003	0.00010000000000000003	0.00010000000000000003	0.00010000000000000003	0.00010000000000000003	0.00010000000000000003
11	0.00010000000000000003	0.00010000000000000003	0.00010000000000000003	0.00010000000000000003	0.00010000000000000003	0.00010000000000000003	0.00010000000000000003	0.00010000000000000003	0.00010000000000000003	0.00010000000000000003	0.00010000000000000003	0.00010000000000000003	0.00010000000000000003	0.00010000000000000003	0.00010000000000000003	0.00010000000000000003
12	0.00010000000000000003	0.00010000000000000003	0.00010000000000000003	0.00010000000000000003	0.00010000000000000003	0.00010000000000000003	0.00010000000000000003	0.00010000000000000003	0.00010000000000000003	0.00010000000000000003	0.00010000000000000003	0.00010000000000000003	0.00010000000000000003	0.00010000000000000003	0.00010000000000000003	0.00010000000000000003
13	0.00010000000000000003	0.00010000000000000003	0.00010000000000000003	0.00010000000000000003	0.00010000000000000003	0.00010000000000000003	0.00010000000000000003	0.00010000000000000003	0.00010000000000000003	0.00010000000000000003	0.00010000000000000003	0.00010000000000000003	0.00010000000000000003	0.00010000000000000003	0.00010000000000000003	0.00010000000000000003
14	0.00010000000000000003	0.00010000000000000003	0.00010000000000000003	0.00010000000000000003	0.00010000000000000003	0.00010000000000000003	0.00010000000000000003	0.00010000000000000003	0.00010000000000000003	0.00010000000000000003	0.00010000000000000003	0.00010000000000000003	0.00010000000000000003	0.00010000000000000003	0.00010000000000000003	0.00010000000000000003
15	0.00010000000000000003	0.00010000000000000003	0.00010000000000000003	0.00010000000000000003	0.00010000000000000003	0.00010000000000000003	0.00010000000000000003	0.00010000000000000003	0.00010000000000000003	0.00010000000000000003	0.00010000000000000003	0.00010000000000000003	0.00010000000000000003	0.00010000000000000003	0.00010000000000000003	0.00010000000000000003
16	0.00010000000000000003	0.00010000000000000003	0.00010000000000000003	0.00010000000000000003	0.00010000000000000003	0.00010000000000000003	0.00010000000000000003	0.00010000000000000003	0.00010000000000000003	0.00010000000000000003	0.00010000000000000003	0.00010000000000000003	0.00010000000000000003	0.00010000000000000003	0.00010000000000000003	0.00010000000000000003
17	0.00010000000000000003	0.00010000000000000003	0.00010000000000000003	0.00010000000000000003	0.00010000000000000003	0.00010000000000000003	0.00010000000000000003	0.00010000000000000003	0.00010000000000000003	0.00010000000000000003	0.00010000000000000003	0.00010000000000000003	0.00010000000000000003	0.00010000000000000003	0.00010000000000000003	0.00010000000000000003
18	0.00010000000000000003	0.00010000000000000003	0.00010000000000000003	0.00010000000000000003	0.00010000000000000003	0.00010000000000000003	0.00010000000000000003	0.00010000000000000003	0.00010000000000000003	0.00010000000000000003	0.00010000000000000003	0.00010000000000000003	0.00010000000000000003	0.00010000000000000003	0.00010000000000000003	0.00010000000000000003
19	0.00010000000000000003	0.00010000000000000003	0.00010000000000000003	0.00010000000000000003	0.00010000000000000003	0.00010000000000000003	0.00010000000000000003	0.00010000000000000003	0.00010000000000000003	0.00010000000000000003	0.00010000000000000003	0.00010000000000000003	0.00010000000000000003	0.00010000000000000003	0.00010000000000000003	0.00010000000000000003
20	0.00010000000000000003	0.00010000000000000003	0.00010000000000000003	0.00010000000000000003	0.00010000000000000003	0.00010000000000000003	0.00010000000000000003	0.00010000000000000003	0.00010000000000000003	0.00010000000000000003	0.00010000000000000003	0.00010000000000000003	0.00010000000000000003	0.00010000000000000003	0.00010000000000000003	0.00010000000000000003
21	0.00010000000000000003	0.00010000000000000003	0.00010000000000000003	0.00010000000000000003	0.00010000000000000003	0.00010000000000000003	0.00010000000000000003	0.00010000000000000003	0.00010000000000000003	0.00010000000000000003	0.00010000000000000003	0.00010000000000000003	0.00010000000000000003	0.00010000000000000003	0.00010000000000000003	0.00010000000000000003
22	0.00010000000000000003	0.00010000000000000003	0.00010000000000000003	0.00010000000000000003	0.00010000000000000003	0.00010000000000000003	0.00010000000000000003	0.00010000000000000003	0.00010000000000000003	0.00010000000000000003	0.00010000000000000003	0.00010000000000000003	0.00010000000000000003	0.00010000000000000003	0.00010000000000000003	0.00010000000000000003
23	0.00010000000000000003	0.00010000000000000003	0.00010000000000000003	0.00010000000000000003	0.00010000000000000003	0.00010000000000000003	0.00010000000000000003	0.00010000000000000003	0.00010000000000000003	0.00010000000000000003	0.00010000000000000003	0.00010000000000000003	0.00010000000000000003	0.00010000000000000003	0.00010000000000000003	0.00010000000000000003
24	0.00010000000000000003	0.00010000000000000003	0.00010000000000000003	0.00010000000000000003	0.00010000000000000003	0.00010000000000000003	0.00010000000000000003	0.00010000000000000003	0.00010000000000000003	0.00010000000000000003	0.00010000000000000003	0.00010000000000000003	0.00010000000000000003	0.00010000000000000003	0.00010000000000000003	0.00010000000000000003
["TIDAL_STREAM","SA-TJ",*,*] :	1	2	3	4	5	6	7	8	9	10	11	12	13	14	15	16 := 
1	0.00010000000000000003	0.00010000000000000003	0.00010000000000000003	0.00010000000000000003	0.00010000000000000003	0.00010000000000000003	0.00010000000000000003	0.00010000000000000003	0.00010000000000000003	0.00010000000000000003	0.00010000000000000003	0.00010000000000000003	0.00010000000000000003	0.00010000000000000003	0.00010000000000000003	0.00010000000000000003
2	0.00010000000000000003	0.00010000000000000003	0.00010000000000000003	0.00010000000000000003	0.00010000000000000003	0.00010000000000000003	0.00010000000000000003	0.00010000000000000003	0.00010000000000000003	0.00010000000000000003	0.00010000000000000003	0.00010000000000000003	0.00010000000000000003	0.00010000000000000003	0.00010000000000000003	0.00010000000000000003
3	0.00010000000000000003	0.00010000000000000003	0.00010000000000000003	0.00010000000000000003	0.00010000000000000003	0.00010000000000000003	0.00010000000000000003	0.00010000000000000003	0.00010000000000000003	0.00010000000000000003	0.00010000000000000003	0.00010000000000000003	0.00010000000000000003	0.00010000000000000003	0.00010000000000000003	0.00010000000000000003
4	0.00010000000000000003	0.00010000000000000003	0.00010000000000000003	0.00010000000000000003	0.00010000000000000003	0.00010000000000000003	0.00010000000000000003	0.00010000000000000003	0.00010000000000000003	0.00010000000000000003	0.00010000000000000003	0.00010000000000000003	0.00010000000000000003	0.00010000000000000003	0.00010000000000000003	0.00010000000000000003
5	0.00010000000000000003	0.00010000000000000003	0.00010000000000000003	0.00010000000000000003	0.00010000000000000003	0.00010000000000000003	0.00010000000000000003	0.00010000000000000003	0.00010000000000000003	0.00010000000000000003	0.00010000000000000003	0.00010000000000000003	0.00010000000000000003	0.00010000000000000003	0.00010000000000000003	0.00010000000000000003
6	0.00010000000000000003	0.00010000000000000003	0.00010000000000000003	0.00010000000000000003	0.00010000000000000003	0.00010000000000000003	0.00010000000000000003	0.00010000000000000003	0.00010000000000000003	0.00010000000000000003	0.00010000000000000003	0.00010000000000000003	0.00010000000000000003	0.00010000000000000003	0.00010000000000000003	0.00010000000000000003
7	0.00010000000000000003	0.00010000000000000003	0.00010000000000000003	0.00010000000000000003	0.00010000000000000003	0.00010000000000000003	0.00010000000000000003	0.00010000000000000003	0.00010000000000000003	0.00010000000000000003	0.00010000000000000003	0.00010000000000000003	0.00010000000000000003	0.00010000000000000003	0.00010000000000000003	0.00010000000000000003
8	0.00010000000000000003	0.00010000000000000003	0.00010000000000000003	0.00010000000000000003	0.00010000000000000003	0.00010000000000000003	0.00010000000000000003	0.00010000000000000003	0.00010000000000000003	0.00010000000000000003	0.00010000000000000003	0.00010000000000000003	0.00010000000000000003	0.00010000000000000003	0.00010000000000000003	0.00010000000000000003
9	0.00010000000000000003	0.00010000000000000003	0.00010000000000000003	0.00010000000000000003	0.00010000000000000003	0.00010000000000000003	0.00010000000000000003	0.00010000000000000003	0.00010000000000000003	0.00010000000000000003	0.00010000000000000003	0.00010000000000000003	0.00010000000000000003	0.00010000000000000003	0.00010000000000000003	0.00010000000000000003
10	0.00010000000000000003	0.00010000000000000003	0.00010000000000000003	0.00010000000000000003	0.00010000000000000003	0.00010000000000000003	0.00010000000000000003	0.00010000000000000003	0.00010000000000000003	0.00010000000000000003	0.00010000000000000003	0.00010000000000000003	0.00010000000000000003	0.00010000000000000003	0.00010000000000000003	0.00010000000000000003
11	0.00010000000000000003	0.00010000000000000003	0.00010000000000000003	0.00010000000000000003	0.00010000000000000003	0.00010000000000000003	0.00010000000000000003	0.00010000000000000003	0.00010000000000000003	0.00010000000000000003	0.00010000000000000003	0.00010000000000000003	0.00010000000000000003	0.00010000000000000003	0.00010000000000000003	0.00010000000000000003
12	0.00010000000000000003	0.00010000000000000003	0.00010000000000000003	0.00010000000000000003	0.00010000000000000003	0.00010000000000000003	0.00010000000000000003	0.00010000000000000003	0.00010000000000000003	0.00010000000000000003	0.00010000000000000003	0.00010000000000000003	0.00010000000000000003	0.00010000000000000003	0.00010000000000000003	0.00010000000000000003
13	0.00010000000000000003	0.00010000000000000003	0.00010000000000000003	0.00010000000000000003	0.00010000000000000003	0.00010000000000000003	0.00010000000000000003	0.00010000000000000003	0.00010000000000000003	0.00010000000000000003	0.00010000000000000003	0.00010000000000000003	0.00010000000000000003	0.00010000000000000003	0.00010000000000000003	0.00010000000000000003
14	0.00010000000000000003	0.00010000000000000003	0.00010000000000000003	0.00010000000000000003	0.00010000000000000003	0.00010000000000000003	0.00010000000000000003	0.00010000000000000003	0.00010000000000000003	0.00010000000000000003	0.00010000000000000003	0.00010000000000000003	0.00010000000000000003	0.00010000000000000003	0.00010000000000000003	0.00010000000000000003
15	0.00010000000000000003	0.00010000000000000003	0.00010000000000000003	0.00010000000000000003	0.00010000000000000003	0.00010000000000000003	0.00010000000000000003	0.00010000000000000003	0.00010000000000000003	0.00010000000000000003	0.00010000000000000003	0.00010000000000000003	0.00010000000000000003	0.00010000000000000003	0.00010000000000000003	0.00010000000000000003
16	0.00010000000000000003	0.00010000000000000003	0.00010000000000000003	0.00010000000000000003	0.00010000000000000003	0.00010000000000000003	0.00010000000000000003	0.00010000000000000003	0.00010000000000000003	0.00010000000000000003	0.00010000000000000003	0.00010000000000000003	0.00010000000000000003	0.00010000000000000003	0.00010000000000000003	0.00010000000000000003
17	0.00010000000000000003	0.00010000000000000003	0.00010000000000000003	0.00010000000000000003	0.00010000000000000003	0.00010000000000000003	0.00010000000000000003	0.00010000000000000003	0.00010000000000000003	0.00010000000000000003	0.00010000000000000003	0.00010000000000000003	0.00010000000000000003	0.00010000000000000003	0.00010000000000000003	0.00010000000000000003
18	0.00010000000000000003	0.00010000000000000003	0.00010000000000000003	0.00010000000000000003	0.00010000000000000003	0.00010000000000000003	0.00010000000000000003	0.00010000000000000003	0.00010000000000000003	0.00010000000000000003	0.00010000000000000003	0.00010000000000000003	0.00010000000000000003	0.00010000000000000003	0.00010000000000000003	0.00010000000000000003
19	0.00010000000000000003	0.00010000000000000003	0.00010000000000000003	0.00010000000000000003	0.00010000000000000003	0.00010000000000000003	0.00010000000000000003	0.00010000000000000003	0.00010000000000000003	0.00010000000000000003	0.00010000000000000003	0.00010000000000000003	0.00010000000000000003	0.00010000000000000003	0.00010000000000000003	0.00010000000000000003
20	0.00010000000000000003	0.00010000000000000003	0.00010000000000000003	0.00010000000000000003	0.00010000000000000003	0.00010000000000000003	0.00010000000000000003	0.00010000000000000003	0.00010000000000000003	0.00010000000000000003	0.00010000000000000003	0.00010000000000000003	0.00010000000000000003	0.00010000000000000003	0.00010000000000000003	0.00010000000000000003
21	0.00010000000000000003	0.00010000000000000003	0.00010000000000000003	0.00010000000000000003	0.00010000000000000003	0.00010000000000000003	0.00010000000000000003	0.00010000000000000003	0.00010000000000000003	0.00010000000000000003	0.00010000000000000003	0.00010000000000000003	0.00010000000000000003	0.00010000000000000003	0.00010000000000000003	0.00010000000000000003
22	0.00010000000000000003	0.00010000000000000003	0.00010000000000000003	0.00010000000000000003	0.00010000000000000003	0.00010000000000000003	0.00010000000000000003	0.00010000000000000003	0.00010000000000000003	0.00010000000000000003	0.00010000000000000003	0.00010000000000000003	0.00010000000000000003	0.00010000000000000003	0.00010000000000000003	0.00010000000000000003
23	0.00010000000000000003	0.00010000000000000003	0.00010000000000000003	0.00010000000000000003	0.00010000000000000003	0.00010000000000000003	0.00010000000000000003	0.00010000000000000003	0.00010000000000000003	0.00010000000000000003	0.00010000000000000003	0.00010000000000000003	0.00010000000000000003	0.00010000000000000003	0.00010000000000000003	0.00010000000000000003
24	0.00010000000000000003	0.00010000000000000003	0.00010000000000000003	0.00010000000000000003	0.00010000000000000003	0.00010000000000000003	0.00010000000000000003	0.00010000000000000003	0.00010000000000000003	0.00010000000000000003	0.00010000000000000003	0.00010000000000000003	0.00010000000000000003	0.00010000000000000003	0.00010000000000000003	0.00010000000000000003
["TIDAL_STREAM","SIN",*,*] :	1	2	3	4	5	6	7	8	9	10	11	12	13	14	15	16 := 
1	0.00010000000000000003	0.00010000000000000003	0.00010000000000000003	0.00010000000000000003	0.00010000000000000003	0.00010000000000000003	0.00010000000000000003	0.00010000000000000003	0.00010000000000000003	0.00010000000000000003	0.00010000000000000003	0.00010000000000000003	0.00010000000000000003	0.00010000000000000003	0.00010000000000000003	0.00010000000000000003
2	0.00010000000000000003	0.00010000000000000003	0.00010000000000000003	0.00010000000000000003	0.00010000000000000003	0.00010000000000000003	0.00010000000000000003	0.00010000000000000003	0.00010000000000000003	0.00010000000000000003	0.00010000000000000003	0.00010000000000000003	0.00010000000000000003	0.00010000000000000003	0.00010000000000000003	0.00010000000000000003
3	0.00010000000000000003	0.00010000000000000003	0.00010000000000000003	0.00010000000000000003	0.00010000000000000003	0.00010000000000000003	0.00010000000000000003	0.00010000000000000003	0.00010000000000000003	0.00010000000000000003	0.00010000000000000003	0.00010000000000000003	0.00010000000000000003	0.00010000000000000003	0.00010000000000000003	0.00010000000000000003
4	0.00010000000000000003	0.00010000000000000003	0.00010000000000000003	0.00010000000000000003	0.00010000000000000003	0.00010000000000000003	0.00010000000000000003	0.00010000000000000003	0.00010000000000000003	0.00010000000000000003	0.00010000000000000003	0.00010000000000000003	0.00010000000000000003	0.00010000000000000003	0.00010000000000000003	0.00010000000000000003
5	0.00010000000000000003	0.00010000000000000003	0.00010000000000000003	0.00010000000000000003	0.00010000000000000003	0.00010000000000000003	0.00010000000000000003	0.00010000000000000003	0.00010000000000000003	0.00010000000000000003	0.00010000000000000003	0.00010000000000000003	0.00010000000000000003	0.00010000000000000003	0.00010000000000000003	0.00010000000000000003
6	0.00010000000000000003	0.00010000000000000003	0.00010000000000000003	0.00010000000000000003	0.00010000000000000003	0.00010000000000000003	0.00010000000000000003	0.00010000000000000003	0.00010000000000000003	0.00010000000000000003	0.00010000000000000003	0.00010000000000000003	0.00010000000000000003	0.00010000000000000003	0.00010000000000000003	0.00010000000000000003
7	0.00010000000000000003	0.00010000000000000003	0.00010000000000000003	0.00010000000000000003	0.00010000000000000003	0.00010000000000000003	0.00010000000000000003	0.00010000000000000003	0.00010000000000000003	0.00010000000000000003	0.00010000000000000003	0.00010000000000000003	0.00010000000000000003	0.00010000000000000003	0.00010000000000000003	0.00010000000000000003
8	0.00010000000000000003	0.00010000000000000003	0.00010000000000000003	0.00010000000000000003	0.00010000000000000003	0.00010000000000000003	0.00010000000000000003	0.00010000000000000003	0.00010000000000000003	0.00010000000000000003	0.00010000000000000003	0.00010000000000000003	0.00010000000000000003	0.00010000000000000003	0.00010000000000000003	0.00010000000000000003
9	0.00010000000000000003	0.00010000000000000003	0.00010000000000000003	0.00010000000000000003	0.00010000000000000003	0.00010000000000000003	0.00010000000000000003	0.00010000000000000003	0.00010000000000000003	0.00010000000000000003	0.00010000000000000003	0.00010000000000000003	0.00010000000000000003	0.00010000000000000003	0.00010000000000000003	0.00010000000000000003
10	0.00010000000000000003	0.00010000000000000003	0.00010000000000000003	0.00010000000000000003	0.00010000000000000003	0.00010000000000000003	0.00010000000000000003	0.00010000000000000003	0.00010000000000000003	0.00010000000000000003	0.00010000000000000003	0.00010000000000000003	0.00010000000000000003	0.00010000000000000003	0.00010000000000000003	0.00010000000000000003
11	0.00010000000000000003	0.00010000000000000003	0.00010000000000000003	0.00010000000000000003	0.00010000000000000003	0.00010000000000000003	0.00010000000000000003	0.00010000000000000003	0.00010000000000000003	0.00010000000000000003	0.00010000000000000003	0.00010000000000000003	0.00010000000000000003	0.00010000000000000003	0.00010000000000000003	0.00010000000000000003
12	0.00010000000000000003	0.00010000000000000003	0.00010000000000000003	0.00010000000000000003	0.00010000000000000003	0.00010000000000000003	0.00010000000000000003	0.00010000000000000003	0.00010000000000000003	0.00010000000000000003	0.00010000000000000003	0.00010000000000000003	0.00010000000000000003	0.00010000000000000003	0.00010000000000000003	0.00010000000000000003
13	0.00010000000000000003	0.00010000000000000003	0.00010000000000000003	0.00010000000000000003	0.00010000000000000003	0.00010000000000000003	0.00010000000000000003	0.00010000000000000003	0.00010000000000000003	0.00010000000000000003	0.00010000000000000003	0.00010000000000000003	0.00010000000000000003	0.00010000000000000003	0.00010000000000000003	0.00010000000000000003
14	0.00010000000000000003	0.00010000000000000003	0.00010000000000000003	0.00010000000000000003	0.00010000000000000003	0.00010000000000000003	0.00010000000000000003	0.00010000000000000003	0.00010000000000000003	0.00010000000000000003	0.00010000000000000003	0.00010000000000000003	0.00010000000000000003	0.00010000000000000003	0.00010000000000000003	0.00010000000000000003
15	0.00010000000000000003	0.00010000000000000003	0.00010000000000000003	0.00010000000000000003	0.00010000000000000003	0.00010000000000000003	0.00010000000000000003	0.00010000000000000003	0.00010000000000000003	0.00010000000000000003	0.00010000000000000003	0.00010000000000000003	0.00010000000000000003	0.00010000000000000003	0.00010000000000000003	0.00010000000000000003
16	0.00010000000000000003	0.00010000000000000003	0.00010000000000000003	0.00010000000000000003	0.00010000000000000003	0.00010000000000000003	0.00010000000000000003	0.00010000000000000003	0.00010000000000000003	0.00010000000000000003	0.00010000000000000003	0.00010000000000000003	0.00010000000000000003	0.00010000000000000003	0.00010000000000000003	0.00010000000000000003
17	0.00010000000000000003	0.00010000000000000003	0.00010000000000000003	0.00010000000000000003	0.00010000000000000003	0.00010000000000000003	0.00010000000000000003	0.00010000000000000003	0.00010000000000000003	0.00010000000000000003	0.00010000000000000003	0.00010000000000000003	0.00010000000000000003	0.00010000000000000003	0.00010000000000000003	0.00010000000000000003
18	0.00010000000000000003	0.00010000000000000003	0.00010000000000000003	0.00010000000000000003	0.00010000000000000003	0.00010000000000000003	0.00010000000000000003	0.00010000000000000003	0.00010000000000000003	0.00010000000000000003	0.00010000000000000003	0.00010000000000000003	0.00010000000000000003	0.00010000000000000003	0.00010000000000000003	0.00010000000000000003
19	0.00010000000000000003	0.00010000000000000003	0.00010000000000000003	0.00010000000000000003	0.00010000000000000003	0.00010000000000000003	0.00010000000000000003	0.00010000000000000003	0.00010000000000000003	0.00010000000000000003	0.00010000000000000003	0.00010000000000000003	0.00010000000000000003	0.00010000000000000003	0.00010000000000000003	0.00010000000000000003
20	0.00010000000000000003	0.00010000000000000003	0.00010000000000000003	0.00010000000000000003	0.00010000000000000003	0.00010000000000000003	0.00010000000000000003	0.00010000000000000003	0.00010000000000000003	0.00010000000000000003	0.00010000000000000003	0.00010000000000000003	0.00010000000000000003	0.00010000000000000003	0.00010000000000000003	0.00010000000000000003
21	0.00010000000000000003	0.00010000000000000003	0.00010000000000000003	0.00010000000000000003	0.00010000000000000003	0.00010000000000000003	0.00010000000000000003	0.00010000000000000003	0.00010000000000000003	0.00010000000000000003	0.00010000000000000003	0.00010000000000000003	0.00010000000000000003	0.00010000000000000003	0.00010000000000000003	0.00010000000000000003
22	0.00010000000000000003	0.00010000000000000003	0.00010000000000000003	0.00010000000000000003	0.00010000000000000003	0.00010000000000000003	0.00010000000000000003	0.00010000000000000003	0.00010000000000000003	0.00010000000000000003	0.00010000000000000003	0.00010000000000000003	0.00010000000000000003	0.00010000000000000003	0.00010000000000000003	0.00010000000000000003
23	0.00010000000000000003	0.00010000000000000003	0.00010000000000000003	0.00010000000000000003	0.00010000000000000003	0.00010000000000000003	0.00010000000000000003	0.00010000000000000003	0.00010000000000000003	0.00010000000000000003	0.00010000000000000003	0.00010000000000000003	0.00010000000000000003	0.00010000000000000003	0.00010000000000000003	0.00010000000000000003
24	0.00010000000000000003	0.00010000000000000003	0.00010000000000000003	0.00010000000000000003	0.00010000000000000003	0.00010000000000000003	0.00010000000000000003	0.00010000000000000003	0.00010000000000000003	0.00010000000000000003	0.00010000000000000003	0.00010000000000000003	0.00010000000000000003	0.00010000000000000003	0.00010000000000000003	0.00010000000000000003
["TIDAL_RANGE","SA-BN",*,*] :	1	2	3	4	5	6	7	8	9	10	11	12	13	14	15	16 := 
1	0.00010000000000000003	0.00010000000000000003	0.00010000000000000003	0.00010000000000000003	0.00010000000000000003	0.00010000000000000003	0.00010000000000000003	0.00010000000000000003	0.00010000000000000003	0.00010000000000000003	0.00010000000000000003	0.00010000000000000003	0.00010000000000000003	0.00010000000000000003	0.00010000000000000003	0.00010000000000000003
2	0.00010000000000000003	0.00010000000000000003	0.00010000000000000003	0.00010000000000000003	0.00010000000000000003	0.00010000000000000003	0.00010000000000000003	0.00010000000000000003	0.00010000000000000003	0.00010000000000000003	0.00010000000000000003	0.00010000000000000003	0.00010000000000000003	0.00010000000000000003	0.00010000000000000003	0.00010000000000000003
3	0.00010000000000000003	0.00010000000000000003	0.00010000000000000003	0.00010000000000000003	0.00010000000000000003	0.00010000000000000003	0.00010000000000000003	0.00010000000000000003	0.00010000000000000003	0.00010000000000000003	0.00010000000000000003	0.00010000000000000003	0.00010000000000000003	0.00010000000000000003	0.00010000000000000003	0.00010000000000000003
4	0.00010000000000000003	0.00010000000000000003	0.00010000000000000003	0.00010000000000000003	0.00010000000000000003	0.00010000000000000003	0.00010000000000000003	0.00010000000000000003	0.00010000000000000003	0.00010000000000000003	0.00010000000000000003	0.00010000000000000003	0.00010000000000000003	0.00010000000000000003	0.00010000000000000003	0.00010000000000000003
5	0.00010000000000000003	0.00010000000000000003	0.00010000000000000003	0.00010000000000000003	0.00010000000000000003	0.00010000000000000003	0.00010000000000000003	0.00010000000000000003	0.00010000000000000003	0.00010000000000000003	0.00010000000000000003	0.00010000000000000003	0.00010000000000000003	0.00010000000000000003	0.00010000000000000003	0.00010000000000000003
6	0.00010000000000000003	0.00010000000000000003	0.00010000000000000003	0.00010000000000000003	0.00010000000000000003	0.00010000000000000003	0.00010000000000000003	0.00010000000000000003	0.00010000000000000003	0.00010000000000000003	0.00010000000000000003	0.00010000000000000003	0.00010000000000000003	0.00010000000000000003	0.00010000000000000003	0.00010000000000000003
7	0.00010000000000000003	0.00010000000000000003	0.00010000000000000003	0.00010000000000000003	0.00010000000000000003	0.00010000000000000003	0.00010000000000000003	0.00010000000000000003	0.00010000000000000003	0.00010000000000000003	0.00010000000000000003	0.00010000000000000003	0.00010000000000000003	0.00010000000000000003	0.00010000000000000003	0.00010000000000000003
8	0.00010000000000000003	0.00010000000000000003	0.00010000000000000003	0.00010000000000000003	0.00010000000000000003	0.00010000000000000003	0.00010000000000000003	0.00010000000000000003	0.00010000000000000003	0.00010000000000000003	0.00010000000000000003	0.00010000000000000003	0.00010000000000000003	0.00010000000000000003	0.00010000000000000003	0.00010000000000000003
9	0.00010000000000000003	0.00010000000000000003	0.00010000000000000003	0.00010000000000000003	0.00010000000000000003	0.00010000000000000003	0.00010000000000000003	0.00010000000000000003	0.00010000000000000003	0.00010000000000000003	0.00010000000000000003	0.00010000000000000003	0.00010000000000000003	0.00010000000000000003	0.00010000000000000003	0.00010000000000000003
10	0.00010000000000000003	0.00010000000000000003	0.00010000000000000003	0.00010000000000000003	0.00010000000000000003	0.00010000000000000003	0.00010000000000000003	0.00010000000000000003	0.00010000000000000003	0.00010000000000000003	0.00010000000000000003	0.00010000000000000003	0.00010000000000000003	0.00010000000000000003	0.00010000000000000003	0.00010000000000000003
11	0.00010000000000000003	0.00010000000000000003	0.00010000000000000003	0.00010000000000000003	0.00010000000000000003	0.00010000000000000003	0.00010000000000000003	0.00010000000000000003	0.00010000000000000003	0.00010000000000000003	0.00010000000000000003	0.00010000000000000003	0.00010000000000000003	0.00010000000000000003	0.00010000000000000003	0.00010000000000000003
12	0.00010000000000000003	0.00010000000000000003	0.00010000000000000003	0.00010000000000000003	0.00010000000000000003	0.00010000000000000003	0.00010000000000000003	0.00010000000000000003	0.00010000000000000003	0.00010000000000000003	0.00010000000000000003	0.00010000000000000003	0.00010000000000000003	0.00010000000000000003	0.00010000000000000003	0.00010000000000000003
13	0.00010000000000000003	0.00010000000000000003	0.00010000000000000003	0.00010000000000000003	0.00010000000000000003	0.00010000000000000003	0.00010000000000000003	0.00010000000000000003	0.00010000000000000003	0.00010000000000000003	0.00010000000000000003	0.00010000000000000003	0.00010000000000000003	0.00010000000000000003	0.00010000000000000003	0.00010000000000000003
14	0.00010000000000000003	0.00010000000000000003	0.00010000000000000003	0.00010000000000000003	0.00010000000000000003	0.00010000000000000003	0.00010000000000000003	0.00010000000000000003	0.00010000000000000003	0.00010000000000000003	0.00010000000000000003	0.00010000000000000003	0.00010000000000000003	0.00010000000000000003	0.00010000000000000003	0.00010000000000000003
15	0.00010000000000000003	0.00010000000000000003	0.00010000000000000003	0.00010000000000000003	0.00010000000000000003	0.00010000000000000003	0.00010000000000000003	0.00010000000000000003	0.00010000000000000003	0.00010000000000000003	0.00010000000000000003	0.00010000000000000003	0.00010000000000000003	0.00010000000000000003	0.00010000000000000003	0.00010000000000000003
16	0.00010000000000000003	0.00010000000000000003	0.00010000000000000003	0.00010000000000000003	0.00010000000000000003	0.00010000000000000003	0.00010000000000000003	0.00010000000000000003	0.00010000000000000003	0.00010000000000000003	0.00010000000000000003	0.00010000000000000003	0.00010000000000000003	0.00010000000000000003	0.00010000000000000003	0.00010000000000000003
17	0.00010000000000000003	0.00010000000000000003	0.00010000000000000003	0.00010000000000000003	0.00010000000000000003	0.00010000000000000003	0.00010000000000000003	0.00010000000000000003	0.00010000000000000003	0.00010000000000000003	0.00010000000000000003	0.00010000000000000003	0.00010000000000000003	0.00010000000000000003	0.00010000000000000003	0.00010000000000000003
18	0.00010000000000000003	0.00010000000000000003	0.00010000000000000003	0.00010000000000000003	0.00010000000000000003	0.00010000000000000003	0.00010000000000000003	0.00010000000000000003	0.00010000000000000003	0.00010000000000000003	0.00010000000000000003	0.00010000000000000003	0.00010000000000000003	0.00010000000000000003	0.00010000000000000003	0.00010000000000000003
19	0.00010000000000000003	0.00010000000000000003	0.00010000000000000003	0.00010000000000000003	0.00010000000000000003	0.00010000000000000003	0.00010000000000000003	0.00010000000000000003	0.00010000000000000003	0.00010000000000000003	0.00010000000000000003	0.00010000000000000003	0.00010000000000000003	0.00010000000000000003	0.00010000000000000003	0.00010000000000000003
20	0.00010000000000000003	0.00010000000000000003	0.00010000000000000003	0.00010000000000000003	0.00010000000000000003	0.00010000000000000003	0.00010000000000000003	0.00010000000000000003	0.00010000000000000003	0.00010000000000000003	0.00010000000000000003	0.00010000000000000003	0.00010000000000000003	0.00010000000000000003	0.00010000000000000003	0.00010000000000000003
21	0.00010000000000000003	0.00010000000000000003	0.00010000000000000003	0.00010000000000000003	0.00010000000000000003	0.00010000000000000003	0.00010000000000000003	0.00010000000000000003	0.00010000000000000003	0.00010000000000000003	0.00010000000000000003	0.00010000000000000003	0.00010000000000000003	0.00010000000000000003	0.00010000000000000003	0.00010000000000000003
22	0.00010000000000000003	0.00010000000000000003	0.00010000000000000003	0.00010000000000000003	0.00010000000000000003	0.00010000000000000003	0.00010000000000000003	0.00010000000000000003	0.00010000000000000003	0.00010000000000000003	0.00010000000000000003	0.00010000000000000003	0.00010000000000000003	0.00010000000000000003	0.00010000000000000003	0.00010000000000000003
23	0.00010000000000000003	0.00010000000000000003	0.00010000000000000003	0.00010000000000000003	0.00010000000000000003	0.00010000000000000003	0.00010000000000000003	0.00010000000000000003	0.00010000000000000003	0.00010000000000000003	0.00010000000000000003	0.00010000000000000003	0.00010000000000000003	0.00010000000000000003	0.00010000000000000003	0.00010000000000000003
24	0.00010000000000000003	0.00010000000000000003	0.00010000000000000003	0.00010000000000000003	0.00010000000000000003	0.00010000000000000003	0.00010000000000000003	0.00010000000000000003	0.00010000000000000003	0.00010000000000000003	0.00010000000000000003	0.00010000000000000003	0.00010000000000000003	0.00010000000000000003	0.00010000000000000003	0.00010000000000000003
["TIDAL_RANGE","SA-PA",*,*] :	1	2	3	4	5	6	7	8	9	10	11	12	13	14	15	16 := 
1	0.00010000000000000003	0.00010000000000000003	0.00010000000000000003	0.00010000000000000003	0.00010000000000000003	0.00010000000000000003	0.00010000000000000003	0.00010000000000000003	0.00010000000000000003	0.00010000000000000003	0.00010000000000000003	0.00010000000000000003	0.00010000000000000003	0.00010000000000000003	0.00010000000000000003	0.00010000000000000003
2	0.00010000000000000003	0.00010000000000000003	0.00010000000000000003	0.00010000000000000003	0.00010000000000000003	0.00010000000000000003	0.00010000000000000003	0.00010000000000000003	0.00010000000000000003	0.00010000000000000003	0.00010000000000000003	0.00010000000000000003	0.00010000000000000003	0.00010000000000000003	0.00010000000000000003	0.00010000000000000003
3	0.00010000000000000003	0.00010000000000000003	0.00010000000000000003	0.00010000000000000003	0.00010000000000000003	0.00010000000000000003	0.00010000000000000003	0.00010000000000000003	0.00010000000000000003	0.00010000000000000003	0.00010000000000000003	0.00010000000000000003	0.00010000000000000003	0.00010000000000000003	0.00010000000000000003	0.00010000000000000003
4	0.00010000000000000003	0.00010000000000000003	0.00010000000000000003	0.00010000000000000003	0.00010000000000000003	0.00010000000000000003	0.00010000000000000003	0.00010000000000000003	0.00010000000000000003	0.00010000000000000003	0.00010000000000000003	0.00010000000000000003	0.00010000000000000003	0.00010000000000000003	0.00010000000000000003	0.00010000000000000003
5	0.00010000000000000003	0.00010000000000000003	0.00010000000000000003	0.00010000000000000003	0.00010000000000000003	0.00010000000000000003	0.00010000000000000003	0.00010000000000000003	0.00010000000000000003	0.00010000000000000003	0.00010000000000000003	0.00010000000000000003	0.00010000000000000003	0.00010000000000000003	0.00010000000000000003	0.00010000000000000003
6	0.00010000000000000003	0.00010000000000000003	0.00010000000000000003	0.00010000000000000003	0.00010000000000000003	0.00010000000000000003	0.00010000000000000003	0.00010000000000000003	0.00010000000000000003	0.00010000000000000003	0.00010000000000000003	0.00010000000000000003	0.00010000000000000003	0.00010000000000000003	0.00010000000000000003	0.00010000000000000003
7	0.00010000000000000003	0.00010000000000000003	0.00010000000000000003	0.00010000000000000003	0.00010000000000000003	0.00010000000000000003	0.00010000000000000003	0.00010000000000000003	0.00010000000000000003	0.00010000000000000003	0.00010000000000000003	0.00010000000000000003	0.00010000000000000003	0.00010000000000000003	0.00010000000000000003	0.00010000000000000003
8	0.00010000000000000003	0.00010000000000000003	0.00010000000000000003	0.00010000000000000003	0.00010000000000000003	0.00010000000000000003	0.00010000000000000003	0.00010000000000000003	0.00010000000000000003	0.00010000000000000003	0.00010000000000000003	0.00010000000000000003	0.00010000000000000003	0.00010000000000000003	0.00010000000000000003	0.00010000000000000003
9	0.00010000000000000003	0.00010000000000000003	0.00010000000000000003	0.00010000000000000003	0.00010000000000000003	0.00010000000000000003	0.00010000000000000003	0.00010000000000000003	0.00010000000000000003	0.00010000000000000003	0.00010000000000000003	0.00010000000000000003	0.00010000000000000003	0.00010000000000000003	0.00010000000000000003	0.00010000000000000003
10	0.00010000000000000003	0.00010000000000000003	0.00010000000000000003	0.00010000000000000003	0.00010000000000000003	0.00010000000000000003	0.00010000000000000003	0.00010000000000000003	0.00010000000000000003	0.00010000000000000003	0.00010000000000000003	0.00010000000000000003	0.00010000000000000003	0.00010000000000000003	0.00010000000000000003	0.00010000000000000003
11	0.00010000000000000003	0.00010000000000000003	0.00010000000000000003	0.00010000000000000003	0.00010000000000000003	0.00010000000000000003	0.00010000000000000003	0.00010000000000000003	0.00010000000000000003	0.00010000000000000003	0.00010000000000000003	0.00010000000000000003	0.00010000000000000003	0.00010000000000000003	0.00010000000000000003	0.00010000000000000003
12	0.00010000000000000003	0.00010000000000000003	0.00010000000000000003	0.00010000000000000003	0.00010000000000000003	0.00010000000000000003	0.00010000000000000003	0.00010000000000000003	0.00010000000000000003	0.00010000000000000003	0.00010000000000000003	0.00010000000000000003	0.00010000000000000003	0.00010000000000000003	0.00010000000000000003	0.00010000000000000003
13	0.00010000000000000003	0.00010000000000000003	0.00010000000000000003	0.00010000000000000003	0.00010000000000000003	0.00010000000000000003	0.00010000000000000003	0.00010000000000000003	0.00010000000000000003	0.00010000000000000003	0.00010000000000000003	0.00010000000000000003	0.00010000000000000003	0.00010000000000000003	0.00010000000000000003	0.00010000000000000003
14	0.00010000000000000003	0.00010000000000000003	0.00010000000000000003	0.00010000000000000003	0.00010000000000000003	0.00010000000000000003	0.00010000000000000003	0.00010000000000000003	0.00010000000000000003	0.00010000000000000003	0.00010000000000000003	0.00010000000000000003	0.00010000000000000003	0.00010000000000000003	0.00010000000000000003	0.00010000000000000003
15	0.00010000000000000003	0.00010000000000000003	0.00010000000000000003	0.00010000000000000003	0.00010000000000000003	0.00010000000000000003	0.00010000000000000003	0.00010000000000000003	0.00010000000000000003	0.00010000000000000003	0.00010000000000000003	0.00010000000000000003	0.00010000000000000003	0.00010000000000000003	0.00010000000000000003	0.00010000000000000003
16	0.00010000000000000003	0.00010000000000000003	0.00010000000000000003	0.00010000000000000003	0.00010000000000000003	0.00010000000000000003	0.00010000000000000003	0.00010000000000000003	0.00010000000000000003	0.00010000000000000003	0.00010000000000000003	0.00010000000000000003	0.00010000000000000003	0.00010000000000000003	0.00010000000000000003	0.00010000000000000003
17	0.00010000000000000003	0.00010000000000000003	0.00010000000000000003	0.00010000000000000003	0.00010000000000000003	0.00010000000000000003	0.00010000000000000003	0.00010000000000000003	0.00010000000000000003	0.00010000000000000003	0.00010000000000000003	0.00010000000000000003	0.00010000000000000003	0.00010000000000000003	0.00010000000000000003	0.00010000000000000003
18	0.00010000000000000003	0.00010000000000000003	0.00010000000000000003	0.00010000000000000003	0.00010000000000000003	0.00010000000000000003	0.00010000000000000003	0.00010000000000000003	0.00010000000000000003	0.00010000000000000003	0.00010000000000000003	0.00010000000000000003	0.00010000000000000003	0.00010000000000000003	0.00010000000000000003	0.00010000000000000003
19	0.00010000000000000003	0.00010000000000000003	0.00010000000000000003	0.00010000000000000003	0.00010000000000000003	0.00010000000000000003	0.00010000000000000003	0.00010000000000000003	0.00010000000000000003	0.00010000000000000003	0.00010000000000000003	0.00010000000000000003	0.00010000000000000003	0.00010000000000000003	0.00010000000000000003	0.00010000000000000003
20	0.00010000000000000003	0.00010000000000000003	0.00010000000000000003	0.00010000000000000003	0.00010000000000000003	0.00010000000000000003	0.00010000000000000003	0.00010000000000000003	0.00010000000000000003	0.00010000000000000003	0.00010000000000000003	0.00010000000000000003	0.00010000000000000003	0.00010000000000000003	0.00010000000000000003	0.00010000000000000003
21	0.00010000000000000003	0.00010000000000000003	0.00010000000000000003	0.00010000000000000003	0.00010000000000000003	0.00010000000000000003	0.00010000000000000003	0.00010000000000000003	0.00010000000000000003	0.00010000000000000003	0.00010000000000000003	0.00010000000000000003	0.00010000000000000003	0.00010000000000000003	0.00010000000000000003	0.00010000000000000003
22	0.00010000000000000003	0.00010000000000000003	0.00010000000000000003	0.00010000000000000003	0.00010000000000000003	0.00010000000000000003	0.00010000000000000003	0.00010000000000000003	0.00010000000000000003	0.00010000000000000003	0.00010000000000000003	0.00010000000000000003	0.00010000000000000003	0.00010000000000000003	0.00010000000000000003	0.00010000000000000003
23	0.00010000000000000003	0.00010000000000000003	0.00010000000000000003	0.00010000000000000003	0.00010000000000000003	0.00010000000000000003	0.00010000000000000003	0.00010000000000000003	0.00010000000000000003	0.00010000000000000003	0.00010000000000000003	0.00010000000000000003	0.00010000000000000003	0.00010000000000000003	0.00010000000000000003	0.00010000000000000003
24	0.00010000000000000003	0.00010000000000000003	0.00010000000000000003	0.00010000000000000003	0.00010000000000000003	0.00010000000000000003	0.00010000000000000003	0.00010000000000000003	0.00010000000000000003	0.00010000000000000003	0.00010000000000000003	0.00010000000000000003	0.00010000000000000003	0.00010000000000000003	0.00010000000000000003	0.00010000000000000003
["TIDAL_RANGE","SA-SC",*,*] :	1	2	3	4	5	6	7	8	9	10	11	12	13	14	15	16 := 
1	0.00010000000000000003	0.00010000000000000003	0.00010000000000000003	0.00010000000000000003	0.00010000000000000003	0.00010000000000000003	0.00010000000000000003	0.00010000000000000003	0.00010000000000000003	0.00010000000000000003	0.00010000000000000003	0.00010000000000000003	0.00010000000000000003	0.00010000000000000003	0.00010000000000000003	0.00010000000000000003
2	0.00010000000000000003	0.00010000000000000003	0.00010000000000000003	0.00010000000000000003	0.00010000000000000003	0.00010000000000000003	0.00010000000000000003	0.00010000000000000003	0.00010000000000000003	0.00010000000000000003	0.00010000000000000003	0.00010000000000000003	0.00010000000000000003	0.00010000000000000003	0.00010000000000000003	0.00010000000000000003
3	0.00010000000000000003	0.00010000000000000003	0.00010000000000000003	0.00010000000000000003	0.00010000000000000003	0.00010000000000000003	0.00010000000000000003	0.00010000000000000003	0.00010000000000000003	0.00010000000000000003	0.00010000000000000003	0.00010000000000000003	0.00010000000000000003	0.00010000000000000003	0.00010000000000000003	0.00010000000000000003
4	0.00010000000000000003	0.00010000000000000003	0.00010000000000000003	0.00010000000000000003	0.00010000000000000003	0.00010000000000000003	0.00010000000000000003	0.00010000000000000003	0.00010000000000000003	0.00010000000000000003	0.00010000000000000003	0.00010000000000000003	0.00010000000000000003	0.00010000000000000003	0.00010000000000000003	0.00010000000000000003
5	0.00010000000000000003	0.00010000000000000003	0.00010000000000000003	0.00010000000000000003	0.00010000000000000003	0.00010000000000000003	0.00010000000000000003	0.00010000000000000003	0.00010000000000000003	0.00010000000000000003	0.00010000000000000003	0.00010000000000000003	0.00010000000000000003	0.00010000000000000003	0.00010000000000000003	0.00010000000000000003
6	0.00010000000000000003	0.00010000000000000003	0.00010000000000000003	0.00010000000000000003	0.00010000000000000003	0.00010000000000000003	0.00010000000000000003	0.00010000000000000003	0.00010000000000000003	0.00010000000000000003	0.00010000000000000003	0.00010000000000000003	0.00010000000000000003	0.00010000000000000003	0.00010000000000000003	0.00010000000000000003
7	0.00010000000000000003	0.00010000000000000003	0.00010000000000000003	0.00010000000000000003	0.00010000000000000003	0.00010000000000000003	0.00010000000000000003	0.00010000000000000003	0.00010000000000000003	0.00010000000000000003	0.00010000000000000003	0.00010000000000000003	0.00010000000000000003	0.00010000000000000003	0.00010000000000000003	0.00010000000000000003
8	0.00010000000000000003	0.00010000000000000003	0.00010000000000000003	0.00010000000000000003	0.00010000000000000003	0.00010000000000000003	0.00010000000000000003	0.00010000000000000003	0.00010000000000000003	0.00010000000000000003	0.00010000000000000003	0.00010000000000000003	0.00010000000000000003	0.00010000000000000003	0.00010000000000000003	0.00010000000000000003
9	0.00010000000000000003	0.00010000000000000003	0.00010000000000000003	0.00010000000000000003	0.00010000000000000003	0.00010000000000000003	0.00010000000000000003	0.00010000000000000003	0.00010000000000000003	0.00010000000000000003	0.00010000000000000003	0.00010000000000000003	0.00010000000000000003	0.00010000000000000003	0.00010000000000000003	0.00010000000000000003
10	0.00010000000000000003	0.00010000000000000003	0.00010000000000000003	0.00010000000000000003	0.00010000000000000003	0.00010000000000000003	0.00010000000000000003	0.00010000000000000003	0.00010000000000000003	0.00010000000000000003	0.00010000000000000003	0.00010000000000000003	0.00010000000000000003	0.00010000000000000003	0.00010000000000000003	0.00010000000000000003
11	0.00010000000000000003	0.00010000000000000003	0.00010000000000000003	0.00010000000000000003	0.00010000000000000003	0.00010000000000000003	0.00010000000000000003	0.00010000000000000003	0.00010000000000000003	0.00010000000000000003	0.00010000000000000003	0.00010000000000000003	0.00010000000000000003	0.00010000000000000003	0.00010000000000000003	0.00010000000000000003
12	0.00010000000000000003	0.00010000000000000003	0.00010000000000000003	0.00010000000000000003	0.00010000000000000003	0.00010000000000000003	0.00010000000000000003	0.00010000000000000003	0.00010000000000000003	0.00010000000000000003	0.00010000000000000003	0.00010000000000000003	0.00010000000000000003	0.00010000000000000003	0.00010000000000000003	0.00010000000000000003
13	0.00010000000000000003	0.00010000000000000003	0.00010000000000000003	0.00010000000000000003	0.00010000000000000003	0.00010000000000000003	0.00010000000000000003	0.00010000000000000003	0.00010000000000000003	0.00010000000000000003	0.00010000000000000003	0.00010000000000000003	0.00010000000000000003	0.00010000000000000003	0.00010000000000000003	0.00010000000000000003
14	0.00010000000000000003	0.00010000000000000003	0.00010000000000000003	0.00010000000000000003	0.00010000000000000003	0.00010000000000000003	0.00010000000000000003	0.00010000000000000003	0.00010000000000000003	0.00010000000000000003	0.00010000000000000003	0.00010000000000000003	0.00010000000000000003	0.00010000000000000003	0.00010000000000000003	0.00010000000000000003
15	0.00010000000000000003	0.00010000000000000003	0.00010000000000000003	0.00010000000000000003	0.00010000000000000003	0.00010000000000000003	0.00010000000000000003	0.00010000000000000003	0.00010000000000000003	0.00010000000000000003	0.00010000000000000003	0.00010000000000000003	0.00010000000000000003	0.00010000000000000003	0.00010000000000000003	0.00010000000000000003
16	0.00010000000000000003	0.00010000000000000003	0.00010000000000000003	0.00010000000000000003	0.00010000000000000003	0.00010000000000000003	0.00010000000000000003	0.00010000000000000003	0.00010000000000000003	0.00010000000000000003	0.00010000000000000003	0.00010000000000000003	0.00010000000000000003	0.00010000000000000003	0.00010000000000000003	0.00010000000000000003
17	0.00010000000000000003	0.00010000000000000003	0.00010000000000000003	0.00010000000000000003	0.00010000000000000003	0.00010000000000000003	0.00010000000000000003	0.00010000000000000003	0.00010000000000000003	0.00010000000000000003	0.00010000000000000003	0.00010000000000000003	0.00010000000000000003	0.00010000000000000003	0.00010000000000000003	0.00010000000000000003
18	0.00010000000000000003	0.00010000000000000003	0.00010000000000000003	0.00010000000000000003	0.00010000000000000003	0.00010000000000000003	0.00010000000000000003	0.00010000000000000003	0.00010000000000000003	0.00010000000000000003	0.00010000000000000003	0.00010000000000000003	0.00010000000000000003	0.00010000000000000003	0.00010000000000000003	0.00010000000000000003
19	0.00010000000000000003	0.00010000000000000003	0.00010000000000000003	0.00010000000000000003	0.00010000000000000003	0.00010000000000000003	0.00010000000000000003	0.00010000000000000003	0.00010000000000000003	0.00010000000000000003	0.00010000000000000003	0.00010000000000000003	0.00010000000000000003	0.00010000000000000003	0.00010000000000000003	0.00010000000000000003
20	0.00010000000000000003	0.00010000000000000003	0.00010000000000000003	0.00010000000000000003	0.00010000000000000003	0.00010000000000000003	0.00010000000000000003	0.00010000000000000003	0.00010000000000000003	0.00010000000000000003	0.00010000000000000003	0.00010000000000000003	0.00010000000000000003	0.00010000000000000003	0.00010000000000000003	0.00010000000000000003
21	0.00010000000000000003	0.00010000000000000003	0.00010000000000000003	0.00010000000000000003	0.00010000000000000003	0.00010000000000000003	0.00010000000000000003	0.00010000000000000003	0.00010000000000000003	0.00010000000000000003	0.00010000000000000003	0.00010000000000000003	0.00010000000000000003	0.00010000000000000003	0.00010000000000000003	0.00010000000000000003
22	0.00010000000000000003	0.00010000000000000003	0.00010000000000000003	0.00010000000000000003	0.00010000000000000003	0.00010000000000000003	0.00010000000000000003	0.00010000000000000003	0.00010000000000000003	0.00010000000000000003	0.00010000000000000003	0.00010000000000000003	0.00010000000000000003	0.00010000000000000003	0.00010000000000000003	0.00010000000000000003
23	0.00010000000000000003	0.00010000000000000003	0.00010000000000000003	0.00010000000000000003	0.00010000000000000003	0.00010000000000000003	0.00010000000000000003	0.00010000000000000003	0.00010000000000000003	0.00010000000000000003	0.00010000000000000003	0.00010000000000000003	0.00010000000000000003	0.00010000000000000003	0.00010000000000000003	0.00010000000000000003
24	0.00010000000000000003	0.00010000000000000003	0.00010000000000000003	0.00010000000000000003	0.00010000000000000003	0.00010000000000000003	0.00010000000000000003	0.00010000000000000003	0.00010000000000000003	0.00010000000000000003	0.00010000000000000003	0.00010000000000000003	0.00010000000000000003	0.00010000000000000003	0.00010000000000000003	0.00010000000000000003
["TIDAL_RANGE","SA-TJ",*,*] :	1	2	3	4	5	6	7	8	9	10	11	12	13	14	15	16 := 
1	0.00010000000000000003	0.00010000000000000003	0.00010000000000000003	0.00010000000000000003	0.00010000000000000003	0.00010000000000000003	0.00010000000000000003	0.00010000000000000003	0.00010000000000000003	0.00010000000000000003	0.00010000000000000003	0.00010000000000000003	0.00010000000000000003	0.00010000000000000003	0.00010000000000000003	0.00010000000000000003
2	0.00010000000000000003	0.00010000000000000003	0.00010000000000000003	0.00010000000000000003	0.00010000000000000003	0.00010000000000000003	0.00010000000000000003	0.00010000000000000003	0.00010000000000000003	0.00010000000000000003	0.00010000000000000003	0.00010000000000000003	0.00010000000000000003	0.00010000000000000003	0.00010000000000000003	0.00010000000000000003
3	0.00010000000000000003	0.00010000000000000003	0.00010000000000000003	0.00010000000000000003	0.00010000000000000003	0.00010000000000000003	0.00010000000000000003	0.00010000000000000003	0.00010000000000000003	0.00010000000000000003	0.00010000000000000003	0.00010000000000000003	0.00010000000000000003	0.00010000000000000003	0.00010000000000000003	0.00010000000000000003
4	0.00010000000000000003	0.00010000000000000003	0.00010000000000000003	0.00010000000000000003	0.00010000000000000003	0.00010000000000000003	0.00010000000000000003	0.00010000000000000003	0.00010000000000000003	0.00010000000000000003	0.00010000000000000003	0.00010000000000000003	0.00010000000000000003	0.00010000000000000003	0.00010000000000000003	0.00010000000000000003
5	0.00010000000000000003	0.00010000000000000003	0.00010000000000000003	0.00010000000000000003	0.00010000000000000003	0.00010000000000000003	0.00010000000000000003	0.00010000000000000003	0.00010000000000000003	0.00010000000000000003	0.00010000000000000003	0.00010000000000000003	0.00010000000000000003	0.00010000000000000003	0.00010000000000000003	0.00010000000000000003
6	0.00010000000000000003	0.00010000000000000003	0.00010000000000000003	0.00010000000000000003	0.00010000000000000003	0.00010000000000000003	0.00010000000000000003	0.00010000000000000003	0.00010000000000000003	0.00010000000000000003	0.00010000000000000003	0.00010000000000000003	0.00010000000000000003	0.00010000000000000003	0.00010000000000000003	0.00010000000000000003
7	0.00010000000000000003	0.00010000000000000003	0.00010000000000000003	0.00010000000000000003	0.00010000000000000003	0.00010000000000000003	0.00010000000000000003	0.00010000000000000003	0.00010000000000000003	0.00010000000000000003	0.00010000000000000003	0.00010000000000000003	0.00010000000000000003	0.00010000000000000003	0.00010000000000000003	0.00010000000000000003
8	0.00010000000000000003	0.00010000000000000003	0.00010000000000000003	0.00010000000000000003	0.00010000000000000003	0.00010000000000000003	0.00010000000000000003	0.00010000000000000003	0.00010000000000000003	0.00010000000000000003	0.00010000000000000003	0.00010000000000000003	0.00010000000000000003	0.00010000000000000003	0.00010000000000000003	0.00010000000000000003
9	0.00010000000000000003	0.00010000000000000003	0.00010000000000000003	0.00010000000000000003	0.00010000000000000003	0.00010000000000000003	0.00010000000000000003	0.00010000000000000003	0.00010000000000000003	0.00010000000000000003	0.00010000000000000003	0.00010000000000000003	0.00010000000000000003	0.00010000000000000003	0.00010000000000000003	0.00010000000000000003
10	0.00010000000000000003	0.00010000000000000003	0.00010000000000000003	0.00010000000000000003	0.00010000000000000003	0.00010000000000000003	0.00010000000000000003	0.00010000000000000003	0.00010000000000000003	0.00010000000000000003	0.00010000000000000003	0.00010000000000000003	0.00010000000000000003	0.00010000000000000003	0.00010000000000000003	0.00010000000000000003
11	0.00010000000000000003	0.00010000000000000003	0.00010000000000000003	0.00010000000000000003	0.00010000000000000003	0.00010000000000000003	0.00010000000000000003	0.00010000000000000003	0.00010000000000000003	0.00010000000000000003	0.00010000000000000003	0.00010000000000000003	0.00010000000000000003	0.00010000000000000003	0.00010000000000000003	0.00010000000000000003
12	0.00010000000000000003	0.00010000000000000003	0.00010000000000000003	0.00010000000000000003	0.00010000000000000003	0.00010000000000000003	0.00010000000000000003	0.00010000000000000003	0.00010000000000000003	0.00010000000000000003	0.00010000000000000003	0.00010000000000000003	0.00010000000000000003	0.00010000000000000003	0.00010000000000000003	0.00010000000000000003
13	0.00010000000000000003	0.00010000000000000003	0.00010000000000000003	0.00010000000000000003	0.00010000000000000003	0.00010000000000000003	0.00010000000000000003	0.00010000000000000003	0.00010000000000000003	0.00010000000000000003	0.00010000000000000003	0.00010000000000000003	0.00010000000000000003	0.00010000000000000003	0.00010000000000000003	0.00010000000000000003
14	0.00010000000000000003	0.00010000000000000003	0.00010000000000000003	0.00010000000000000003	0.00010000000000000003	0.00010000000000000003	0.00010000000000000003	0.00010000000000000003	0.00010000000000000003	0.00010000000000000003	0.00010000000000000003	0.00010000000000000003	0.00010000000000000003	0.00010000000000000003	0.00010000000000000003	0.00010000000000000003
15	0.00010000000000000003	0.00010000000000000003	0.00010000000000000003	0.00010000000000000003	0.00010000000000000003	0.00010000000000000003	0.00010000000000000003	0.00010000000000000003	0.00010000000000000003	0.00010000000000000003	0.00010000000000000003	0.00010000000000000003	0.00010000000000000003	0.00010000000000000003	0.00010000000000000003	0.00010000000000000003
16	0.00010000000000000003	0.00010000000000000003	0.00010000000000000003	0.00010000000000000003	0.00010000000000000003	0.00010000000000000003	0.00010000000000000003	0.00010000000000000003	0.00010000000000000003	0.00010000000000000003	0.00010000000000000003	0.00010000000000000003	0.00010000000000000003	0.00010000000000000003	0.00010000000000000003	0.00010000000000000003
17	0.00010000000000000003	0.00010000000000000003	0.00010000000000000003	0.00010000000000000003	0.00010000000000000003	0.00010000000000000003	0.00010000000000000003	0.00010000000000000003	0.00010000000000000003	0.00010000000000000003	0.00010000000000000003	0.00010000000000000003	0.00010000000000000003	0.00010000000000000003	0.00010000000000000003	0.00010000000000000003
18	0.00010000000000000003	0.00010000000000000003	0.00010000000000000003	0.00010000000000000003	0.00010000000000000003	0.00010000000000000003	0.00010000000000000003	0.00010000000000000003	0.00010000000000000003	0.00010000000000000003	0.00010000000000000003	0.00010000000000000003	0.00010000000000000003	0.00010000000000000003	0.00010000000000000003	0.00010000000000000003
19	0.00010000000000000003	0.00010000000000000003	0.00010000000000000003	0.00010000000000000003	0.00010000000000000003	0.00010000000000000003	0.00010000000000000003	0.00010000000000000003	0.00010000000000000003	0.00010000000000000003	0.00010000000000000003	0.00010000000000000003	0.00010000000000000003	0.00010000000000000003	0.00010000000000000003	0.00010000000000000003
20	0.00010000000000000003	0.00010000000000000003	0.00010000000000000003	0.00010000000000000003	0.00010000000000000003	0.00010000000000000003	0.00010000000000000003	0.00010000000000000003	0.00010000000000000003	0.00010000000000000003	0.00010000000000000003	0.00010000000000000003	0.00010000000000000003	0.00010000000000000003	0.00010000000000000003	0.00010000000000000003
21	0.00010000000000000003	0.00010000000000000003	0.00010000000000000003	0.00010000000000000003	0.00010000000000000003	0.00010000000000000003	0.00010000000000000003	0.00010000000000000003	0.00010000000000000003	0.00010000000000000003	0.00010000000000000003	0.00010000000000000003	0.00010000000000000003	0.00010000000000000003	0.00010000000000000003	0.00010000000000000003
22	0.00010000000000000003	0.00010000000000000003	0.00010000000000000003	0.00010000000000000003	0.00010000000000000003	0.00010000000000000003	0.00010000000000000003	0.00010000000000000003	0.00010000000000000003	0.00010000000000000003	0.00010000000000000003	0.00010000000000000003	0.00010000000000000003	0.00010000000000000003	0.00010000000000000003	0.00010000000000000003
23	0.00010000000000000003	0.00010000000000000003	0.00010000000000000003	0.00010000000000000003	0.00010000000000000003	0.00010000000000000003	0.00010000000000000003	0.00010000000000000003	0.00010000000000000003	0.00010000000000000003	0.00010000000000000003	0.00010000000000000003	0.00010000000000000003	0.00010000000000000003	0.00010000000000000003	0.00010000000000000003
24	0.00010000000000000003	0.00010000000000000003	0.00010000000000000003	0.00010000000000000003	0.00010000000000000003	0.00010000000000000003	0.00010000000000000003	0.00010000000000000003	0.00010000000000000003	0.00010000000000000003	0.00010000000000000003	0.00010000000000000003	0.00010000000000000003	0.00010000000000000003	0.00010000000000000003	0.00010000000000000003
["TIDAL_RANGE","SIN",*,*] :	1	2	3	4	5	6	7	8	9	10	11	12	13	14	15	16 := 
1	0.00010000000000000003	0.00010000000000000003	0.00010000000000000003	0.00010000000000000003	0.00010000000000000003	0.00010000000000000003	0.00010000000000000003	0.00010000000000000003	0.00010000000000000003	0.00010000000000000003	0.00010000000000000003	0.00010000000000000003	0.00010000000000000003	0.00010000000000000003	0.00010000000000000003	0.00010000000000000003
2	0.00010000000000000003	0.00010000000000000003	0.00010000000000000003	0.00010000000000000003	0.00010000000000000003	0.00010000000000000003	0.00010000000000000003	0.00010000000000000003	0.00010000000000000003	0.00010000000000000003	0.00010000000000000003	0.00010000000000000003	0.00010000000000000003	0.00010000000000000003	0.00010000000000000003	0.00010000000000000003
3	0.00010000000000000003	0.00010000000000000003	0.00010000000000000003	0.00010000000000000003	0.00010000000000000003	0.00010000000000000003	0.00010000000000000003	0.00010000000000000003	0.00010000000000000003	0.00010000000000000003	0.00010000000000000003	0.00010000000000000003	0.00010000000000000003	0.00010000000000000003	0.00010000000000000003	0.00010000000000000003
4	0.00010000000000000003	0.00010000000000000003	0.00010000000000000003	0.00010000000000000003	0.00010000000000000003	0.00010000000000000003	0.00010000000000000003	0.00010000000000000003	0.00010000000000000003	0.00010000000000000003	0.00010000000000000003	0.00010000000000000003	0.00010000000000000003	0.00010000000000000003	0.00010000000000000003	0.00010000000000000003
5	0.00010000000000000003	0.00010000000000000003	0.00010000000000000003	0.00010000000000000003	0.00010000000000000003	0.00010000000000000003	0.00010000000000000003	0.00010000000000000003	0.00010000000000000003	0.00010000000000000003	0.00010000000000000003	0.00010000000000000003	0.00010000000000000003	0.00010000000000000003	0.00010000000000000003	0.00010000000000000003
6	0.00010000000000000003	0.00010000000000000003	0.00010000000000000003	0.00010000000000000003	0.00010000000000000003	0.00010000000000000003	0.00010000000000000003	0.00010000000000000003	0.00010000000000000003	0.00010000000000000003	0.00010000000000000003	0.00010000000000000003	0.00010000000000000003	0.00010000000000000003	0.00010000000000000003	0.00010000000000000003
7	0.00010000000000000003	0.00010000000000000003	0.00010000000000000003	0.00010000000000000003	0.00010000000000000003	0.00010000000000000003	0.00010000000000000003	0.00010000000000000003	0.00010000000000000003	0.00010000000000000003	0.00010000000000000003	0.00010000000000000003	0.00010000000000000003	0.00010000000000000003	0.00010000000000000003	0.00010000000000000003
8	0.00010000000000000003	0.00010000000000000003	0.00010000000000000003	0.00010000000000000003	0.00010000000000000003	0.00010000000000000003	0.00010000000000000003	0.00010000000000000003	0.00010000000000000003	0.00010000000000000003	0.00010000000000000003	0.00010000000000000003	0.00010000000000000003	0.00010000000000000003	0.00010000000000000003	0.00010000000000000003
9	0.00010000000000000003	0.00010000000000000003	0.00010000000000000003	0.00010000000000000003	0.00010000000000000003	0.00010000000000000003	0.00010000000000000003	0.00010000000000000003	0.00010000000000000003	0.00010000000000000003	0.00010000000000000003	0.00010000000000000003	0.00010000000000000003	0.00010000000000000003	0.00010000000000000003	0.00010000000000000003
10	0.00010000000000000003	0.00010000000000000003	0.00010000000000000003	0.00010000000000000003	0.00010000000000000003	0.00010000000000000003	0.00010000000000000003	0.00010000000000000003	0.00010000000000000003	0.00010000000000000003	0.00010000000000000003	0.00010000000000000003	0.00010000000000000003	0.00010000000000000003	0.00010000000000000003	0.00010000000000000003
11	0.00010000000000000003	0.00010000000000000003	0.00010000000000000003	0.00010000000000000003	0.00010000000000000003	0.00010000000000000003	0.00010000000000000003	0.00010000000000000003	0.00010000000000000003	0.00010000000000000003	0.00010000000000000003	0.00010000000000000003	0.00010000000000000003	0.00010000000000000003	0.00010000000000000003	0.00010000000000000003
12	0.00010000000000000003	0.00010000000000000003	0.00010000000000000003	0.00010000000000000003	0.00010000000000000003	0.00010000000000000003	0.00010000000000000003	0.00010000000000000003	0.00010000000000000003	0.00010000000000000003	0.00010000000000000003	0.00010000000000000003	0.00010000000000000003	0.00010000000000000003	0.00010000000000000003	0.00010000000000000003
13	0.00010000000000000003	0.00010000000000000003	0.00010000000000000003	0.00010000000000000003	0.00010000000000000003	0.00010000000000000003	0.00010000000000000003	0.00010000000000000003	0.00010000000000000003	0.00010000000000000003	0.00010000000000000003	0.00010000000000000003	0.00010000000000000003	0.00010000000000000003	0.00010000000000000003	0.00010000000000000003
14	0.00010000000000000003	0.00010000000000000003	0.00010000000000000003	0.00010000000000000003	0.00010000000000000003	0.00010000000000000003	0.00010000000000000003	0.00010000000000000003	0.00010000000000000003	0.00010000000000000003	0.00010000000000000003	0.00010000000000000003	0.00010000000000000003	0.00010000000000000003	0.00010000000000000003	0.00010000000000000003
15	0.00010000000000000003	0.00010000000000000003	0.00010000000000000003	0.00010000000000000003	0.00010000000000000003	0.00010000000000000003	0.00010000000000000003	0.00010000000000000003	0.00010000000000000003	0.00010000000000000003	0.00010000000000000003	0.00010000000000000003	0.00010000000000000003	0.00010000000000000003	0.00010000000000000003	0.00010000000000000003
16	0.00010000000000000003	0.00010000000000000003	0.00010000000000000003	0.00010000000000000003	0.00010000000000000003	0.00010000000000000003	0.00010000000000000003	0.00010000000000000003	0.00010000000000000003	0.00010000000000000003	0.00010000000000000003	0.00010000000000000003	0.00010000000000000003	0.00010000000000000003	0.00010000000000000003	0.00010000000000000003
17	0.00010000000000000003	0.00010000000000000003	0.00010000000000000003	0.00010000000000000003	0.00010000000000000003	0.00010000000000000003	0.00010000000000000003	0.00010000000000000003	0.00010000000000000003	0.00010000000000000003	0.00010000000000000003	0.00010000000000000003	0.00010000000000000003	0.00010000000000000003	0.00010000000000000003	0.00010000000000000003
18	0.00010000000000000003	0.00010000000000000003	0.00010000000000000003	0.00010000000000000003	0.00010000000000000003	0.00010000000000000003	0.00010000000000000003	0.00010000000000000003	0.00010000000000000003	0.00010000000000000003	0.00010000000000000003	0.00010000000000000003	0.00010000000000000003	0.00010000000000000003	0.00010000000000000003	0.00010000000000000003
19	0.00010000000000000003	0.00010000000000000003	0.00010000000000000003	0.00010000000000000003	0.00010000000000000003	0.00010000000000000003	0.00010000000000000003	0.00010000000000000003	0.00010000000000000003	0.00010000000000000003	0.00010000000000000003	0.00010000000000000003	0.00010000000000000003	0.00010000000000000003	0.00010000000000000003	0.00010000000000000003
20	0.00010000000000000003	0.00010000000000000003	0.00010000000000000003	0.00010000000000000003	0.00010000000000000003	0.00010000000000000003	0.00010000000000000003	0.00010000000000000003	0.00010000000000000003	0.00010000000000000003	0.00010000000000000003	0.00010000000000000003	0.00010000000000000003	0.00010000000000000003	0.00010000000000000003	0.00010000000000000003
21	0.00010000000000000003	0.00010000000000000003	0.00010000000000000003	0.00010000000000000003	0.00010000000000000003	0.00010000000000000003	0.00010000000000000003	0.00010000000000000003	0.00010000000000000003	0.00010000000000000003	0.00010000000000000003	0.00010000000000000003	0.00010000000000000003	0.00010000000000000003	0.00010000000000000003	0.00010000000000000003
22	0.00010000000000000003	0.00010000000000000003	0.00010000000000000003	0.00010000000000000003	0.00010000000000000003	0.00010000000000000003	0.00010000000000000003	0.00010000000000000003	0.00010000000000000003	0.00010000000000000003	0.00010000000000000003	0.00010000000000000003	0.00010000000000000003	0.00010000000000000003	0.00010000000000000003	0.00010000000000000003
23	0.00010000000000000003	0.00010000000000000003	0.00010000000000000003	0.00010000000000000003	0.00010000000000000003	0.00010000000000000003	0.00010000000000000003	0.00010000000000000003	0.00010000000000000003	0.00010000000000000003	0.00010000000000000003	0.00010000000000000003	0.00010000000000000003	0.00010000000000000003	0.00010000000000000003	0.00010000000000000003
24	0.00010000000000000003	0.00010000000000000003	0.00010000000000000003	0.00010000000000000003	0.00010000000000000003	0.00010000000000000003	0.00010000000000000003	0.00010000000000000003	0.00010000000000000003	0.00010000000000000003	0.00010000000000000003	0.00010000000000000003	0.00010000000000000003	0.00010000000000000003	0.00010000000000000003	0.00010000000000000003
["DHN_SOLAR","SA-BN",*,*] :	1	2	3	4	5	6	7	8	9	10	11	12	13	14	15	16 := 
1	0.0	0.0	0.0	0.0	0.0	0.0	0.0	0.0	0.0	0.0	0.0	0.0	0.0	0.0	0.0	0.0
2	0.0	0.0	0.0	0.0	0.0	0.0	0.0	0.0	0.0	0.0	0.0	0.0	0.0	0.0	0.0	0.0
3	0.0	0.0	0.0	0.0	0.0	0.0	0.0	0.0	0.0	0.0	0.0	0.0	0.0	0.0	0.0	0.0
4	0.0	0.0	0.0	0.0	0.0	0.0	0.0	0.0	0.0	0.0	0.0	0.0	0.0	0.0	0.0	0.0
5	0.0	0.0	0.0	0.0	0.0	0.0	0.0	0.0	0.0	0.0	0.0	0.0	0.0	0.0	0.0	0.0
6	0.0	0.0	0.0	0.0	0.0	0.0	0.0	0.0	0.0	0.0	0.0	0.0	0.0	0.0	0.0	0.0
7	0.0010288453034658668	0.0010288453034658668	0.0010288453034658668	0.009259607731192802	0.0	0.0	0.004115381213863467	0.0010288453034658668	0.0030865359103976007	0.0030865359103976007	0.005144226517329335	0.0030865359103976007	0.0	0.0010288453034658668	0.0010288453034658668	0.0
8	0.009259607731192802	0.03292304971090774	0.018519215462385604	0.15124025960948242	0.006173071820795201	0.011317298338124535	0.1337498894505627	0.028807668497044272	0.1430094971817555	0.14403834248522138	0.1677017844649363	0.05658649169062268	0.0020576906069317336	0.005144226517329335	0.01954806076585147	0.005144226517329335
9	0.014403834248522136	0.11625951929164297	0.07099032593914482	0.37141315455117796	0.02263459667624907	0.08436531488420108	0.36215354681998513	0.10494222095351842	0.3683266186407803	0.3364324142333385	0.402278513655154	0.22531712145902486	0.005144226517329335	0.012346143641590403	0.09362492261539389	0.011317298338124535
10	0.024692287283180805	0.24074980101101287	0.17078832037533392	0.5751245246374197	0.054528801083690945	0.19445176235504885	0.572037988727022	0.17284601098226565	0.5679226075131586	0.5195668782502628	0.6142206461691225	0.43314387275912997	0.011317298338124535	0.015432679551988003	0.25618248056300086	0.021605751372783207
11	0.04012496683516881	0.2983651380051014	0.286018994363511	0.6934417345359943	0.09568261322232562	0.2500094087422057	0.7366532372815606	0.33128818771600915	0.7140186406053116	0.7006436516602554	0.773691668206332	0.6008456572240662	0.012346143641590403	0.018519215462385604	0.40639389486901745	0.04115381213863468
12	0.07407686184954242	0.27470169602538647	0.3251151158952139	0.7582589886543439	0.1275768176297675	0.32614396119867983	0.8323358505038864	0.45577846943537903	0.7057878781775847	0.7438551544058217	0.8559992924836012	0.6821244361978698	0.011317298338124535	0.02263459667624907	0.49590343627054784	0.057615336994088544
13	0.07819224306340589	0.2335478838867518	0.3456920219645313	0.7716339775994001	0.16255755794760696	0.3271728065021457	0.8487973753593402	0.5072207346086723	0.7006436516602554	0.7582589886543439	0.8796627344633162	0.6934417345359943	0.006173071820795201	0.031894204407441874	0.5092784252156041	0.08539416018766696
14	0.054528801083690945	0.07407686184954242	0.3600958562130534	0.709903259391448	0.15741333143027764	0.2901343755773744	0.7839801212409906	0.4187400385106078	0.6008456572240662	0.6924128892325284	0.827191623986557	0.6193648726864518	0.005144226517329335	0.047326883959429876	0.45577846943537903	0.09876914913272322
15	0.03395189501437361	0.029836513800510143	0.3117401269501577	0.5926148947963393	0.1306633535401651	0.2901343755773744	0.633768706934974	0.25926901647339845	0.45577846943537903	0.5905572041894076	0.7057878781775847	0.5092784252156041	0.005144226517329335	0.06070187290448614	0.3302593424125433	0.09156723200846215
16	0.01646152485545387	0.015432679551988003	0.2294325026728883	0.386845834103166	0.08333646958073522	0.2839613037565793	0.448576552311118	0.12346143641590403	0.18107677340999256	0.3950765965308929	0.5144226517329334	0.3271728065021457	0.004115381213863467	0.07099032593914482	0.25309594465260327	0.05041341986982748
17	0.009259607731192802	0.007201917124261068	0.08745185079459869	0.19445176235504885	0.03703843092477121	0.19753829826544644	0.20679790599663925	0.04526919335249814	0.06070187290448614	0.19650945296198058	0.2808747678461817	0.13272104414709684	0.0020576906069317336	0.051442265173293346	0.16358640325107285	0.02263459667624907
18	0.0020576906069317336	0.0020576906069317336	0.023663441979714938	0.03703843092477121	0.007201917124261068	0.04938457456636161	0.04012496683516881	0.007201917124261068	0.011317298338124535	0.024692287283180805	0.06584609942181548	0.013374988945056268	0.0	0.013374988945056268	0.04115381213863468	0.004115381213863467
19	0.0	0.0	0.0	0.0	0.0	0.0	0.0	0.0	0.0	0.0	0.0	0.0	0.0	0.0	0.0	0.0
20	0.0	0.0	0.0	0.0	0.0	0.0	0.0	0.0	0.0	0.0	0.0	0.0	0.0	0.0	0.0	0.0
21	0.0	0.0	0.0	0.0	0.0	0.0	0.0	0.0	0.0	0.0	0.0	0.0	0.0	0.0	0.0	0.0
22	0.0	0.0	0.0	0.0	0.0	0.0	0.0	0.0	0.0	0.0	0.0	0.0	0.0	0.0	0.0	0.0
23	0.0	0.0	0.0	0.0	0.0	0.0	0.0	0.0	0.0	0.0	0.0	0.0	0.0	0.0	0.0	0.0
24	0.0	0.0	0.0	0.0	0.0	0.0	0.0	0.0	0.0	0.0	0.0	0.0	0.0	0.0	0.0	0.0
["DHN_SOLAR","SA-PA",*,*] :	1	2	3	4	5	6	7	8	9	10	11	12	13	14	15	16 := 
1	0.0	0.0	0.0	0.0	0.0	0.0	0.0	0.0	0.0	0.0	0.0	0.0	0.0	0.0	0.0	0.0
2	0.0	0.0	0.0	0.0	0.0	0.0	0.0	0.0	0.0	0.0	0.0	0.0	0.0	0.0	0.0	0.0
3	0.0	0.0	0.0	0.0	0.0	0.0	0.0	0.0	0.0	0.0	0.0	0.0	0.0	0.0	0.0	0.0
4	0.0	0.0	0.0	0.0	0.0	0.0	0.0	0.0	0.0	0.0	0.0	0.0	0.0	0.0	0.0	0.0
5	0.0	0.0	0.0	0.0	0.0	0.0	0.0	0.0	0.0	0.0	0.0	0.0	0.0	0.0	0.0	0.0
6	0.0	0.0	0.0	0.0	0.0	0.0	0.0	0.0	0.0	0.0	0.0	0.0	0.0	0.0	0.0	0.0
7	0.0	0.0	0.0	0.0	0.0	0.0	0.0	0.0	0.0	0.0	0.0	0.0	0.004074794802301633	0.0	0.0	0.0
8	0.007130890904027858	0.013243083107480307	0.004074794802301633	0.030560961017262245	0.02954226231668684	0.004074794802301633	0.06825281293855236	0.027504864915536022	0.06621541553740154	0.07945849864488184	0.09066418435121133	0.012224384406904898	0.11511295316502114	0.008149589604603266	0.019355275310932757	0.0010186987005754082
9	0.024448768813809797	0.06519671683682612	0.01731787790978194	0.11001945966214409	0.1589169972897637	0.015280480508631122	0.2709738543530586	0.1599356959903391	0.271992553053634	0.2893104309634159	0.31477789847780113	0.05297233242992123	0.3433014620939126	0.03259835841841306	0.07945849864488184	0.0030560961017262246
10	0.04380404412474255	0.13243083107480308	0.038710550621865514	0.18947795830702593	0.3606193400036945	0.035654454520139295	0.48693797887504514	0.30153481537032084	0.4859192801744697	0.4981436645813746	0.5348168178020893	0.12733733757192603	0.5694525736216532	0.07232760774085398	0.19559015051047837	0.006112192203452449
11	0.04278534542416715	0.22818850892889145	0.04991623632819501	0.22716981022831603	0.5409290100055418	0.06825281293855236	0.6020509320400662	0.30459091147204703	0.6540045657694121	0.6590980592722891	0.7090142956004841	0.22513241282716523	0.7497622436235004	0.10594466485984246	0.2974600205680192	0.01120568570632949
12	0.055009729831072045	0.3086657062743487	0.06825281293855236	0.29134782836456674	0.6682663475774678	0.10900076096156867	0.7324443657137185	0.394236397122683	0.7619866280304054	0.7568931345275283	0.8200524539632037	0.30560961017262245	0.8781182798960019	0.17317877909781942	0.3382079685910355	0.015280480508631122
13	0.0621406207350999	0.26893645695190777	0.07538370384258021	0.4034046854278617	0.7273508722108415	0.20373974011508167	0.7731923137367348	0.5857517528308597	0.7772671085390365	0.7874540955447906	0.8618191006867953	0.32700228288470606	0.9056231448115379	0.20577713751623247	0.27912344395766187	0.01629917920920653
14	0.05297233242992123	0.17623487519954562	0.09575767785408837	0.4614705113606599	0.6743785397809203	0.26384296344903074	0.7283695709114169	0.6377053865602056	0.731425667013143	0.731425667013143	0.8282020435678068	0.2628242647484553	0.8445012227770133	0.19151535570817674	0.20475843881565706	0.015280480508631122
15	0.03259835841841306	0.07538370384258021	0.11307555576387031	0.4329469477445485	0.4889753762761959	0.27402995045478484	0.621406207350999	0.56130298401705	0.6254810021533006	0.6234436047521499	0.726332173510266	0.16910398429551776	0.7273508722108415	0.1517861063857358	0.16401049079264074	0.01120568570632949
16	0.019355275310932757	0.035654454520139295	0.07232760774085398	0.33922666729161094	0.27912344395766187	0.20272104141450625	0.35654454520139284	0.4084981789307387	0.4859192801744697	0.4838818827733189	0.5551907918135975	0.07945849864488184	0.5572281892147484	0.0743650051420048	0.1120568570632949	0.007130890904027858
17	0.006112192203452449	0.012224384406904898	0.04584144152589337	0.1619730933914899	0.12224384406904898	0.12122514536847358	0.22615111152774062	0.15484220248746206	0.2118893297196849	0.26893645695190777	0.33515187248930933	0.02954226231668684	0.3504323529979404	0.03972924932244092	0.06621541553740154	0.004074794802301633
18	0.0010186987005754082	0.0030560961017262246	0.014261781808055716	0.04482274282531796	0.015280480508631122	0.04380404412474255	0.05806582593279827	0.04278534542416715	0.0743650051420048	0.08047719734545725	0.10696336356041786	0.008149589604603266	0.08047719734545725	0.012224384406904898	0.023430070113234388	0.0020373974011508164
19	0.0	0.0	0.0010186987005754082	0.0010186987005754082	0.0	0.0010186987005754082	0.0010186987005754082	0.0	0.0010186987005754082	0.0010186987005754082	0.0010186987005754082	0.0	0.0010186987005754082	0.0	0.0	0.0
20	0.0	0.0	0.0	0.0	0.0	0.0	0.0	0.0	0.0	0.0	0.0	0.0	0.0	0.0	0.0	0.0
21	0.0	0.0	0.0	0.0	0.0	0.0	0.0	0.0	0.0	0.0	0.0	0.0	0.0	0.0	0.0	0.0
22	0.0	0.0	0.0	0.0	0.0	0.0	0.0	0.0	0.0	0.0	0.0	0.0	0.0	0.0	0.0	0.0
23	0.0	0.0	0.0	0.0	0.0	0.0	0.0	0.0	0.0	0.0	0.0	0.0	0.0	0.0	0.0	0.0
24	0.0	0.0	0.0	0.0	0.0	0.0	0.0	0.0	0.0	0.0	0.0	0.0	0.0	0.0	0.0	0.0
["DHN_SOLAR","SA-SC",*,*] :	1	2	3	4	5	6	7	8	9	10	11	12	13	14	15	16 := 
1	0.0	0.0	0.0	0.0	0.0	0.0	0.0	0.0	0.0	0.0	0.0	0.0	0.0	0.0	0.0	0.0
2	0.0	0.0	0.0	0.0	0.0	0.0	0.0	0.0	0.0	0.0	0.0	0.0	0.0	0.0	0.0	0.0
3	0.0	0.0	0.0	0.0	0.0	0.0	0.0	0.0	0.0	0.0	0.0	0.0	0.0	0.0	0.0	0.0
4	0.0	0.0	0.0	0.0	0.0	0.0	0.0	0.0	0.0	0.0	0.0	0.0	0.0	0.0	0.0	0.0
5	0.0	0.0	0.0	0.0	0.0	0.0	0.0	0.0	0.0	0.0	0.0	0.0	0.0	0.0	0.0	0.0
6	0.0	0.0	0.0	0.0	0.0	0.0	0.0	0.0	0.0	0.0	0.0	0.0	0.0	0.0	0.0	0.0
7	0.0	0.00895150299107337	0.00298383433035779	0.020886840312504533	0.0009946114434525968	0.0019892228869051935	0.003978445773810387	0.0019892228869051935	0.00298383433035779	0.00298383433035779	0.00596766866071558	0.004973057217262983	0.0009946114434525968	0.00298383433035779	0.00596766866071558	0.0009946114434525968
8	0.003978445773810387	0.12830487620538497	0.04276829206846165	0.2148360717857609	0.024865286086314917	0.02685450897322011	0.1203479846577642	0.06564435526787138	0.13825099063991095	0.1481971050744369	0.17704083693456218	0.06564435526787138	0.012929948764883755	0.0298383433035779	0.054703629389892816	0.003978445773810387
9	0.00895150299107337	0.26953970117565373	0.17007855683039405	0.4555320411012893	0.09647731001490188	0.08852041846728109	0.3739739027381763	0.21384146034230828	0.37198467985127115	0.37099006840781856	0.416742194806638	0.22776602055064465	0.02387067464286232	0.10940725877978563	0.18002467126492	0.01193533732143116
10	0.012929948764883755	0.38093618284234454	0.3839200171727023	0.663405832782882	0.26158280962803293	0.1780354483780148	0.5858261401935794	0.5171979505953502	0.5699123570983379	0.56692852276798	0.6246159864882307	0.4256936977977114	0.02387067464286232	0.2098630145684979	0.3391625022173355	0.04376290351191425
11	0.01193533732143116	0.40381224604175425	0.6345621009227567	0.8175706065180344	0.47442965852688856	0.3142972161310206	0.7031902905209858	0.6494812725745457	0.7121417935120592	0.710152570625154	0.7748023144495728	0.5888099745239372	0.01790300598214674	0.31628643901792575	0.48338116151796195	0.1193533732143116
12	0.013924560208336354	0.4296721435715218	0.710152570625154	0.8971395219942422	0.5957722546281053	0.468461989866173	0.7688346457888573	0.7021956790775332	0.7658508114584994	0.7897214861013618	0.8404466697174442	0.6216321521578729	0.02685450897322011	0.4724404356399834	0.6146698720537047	0.2953995987054212
13	0.020886840312504533	0.4127637490328276	0.5181925620388029	0.9011179677680526	0.5967668660715579	0.5181925620388029	0.7141310163989644	0.6753411701043132	0.7310394109376586	0.7757969258930254	0.8513873955954228	0.6564435526787138	0.03680062340774608	0.6435136039138301	0.6992118447471755	0.4077906918155646
14	0.02685450897322011	0.3620385654167452	0.3431409479911458	0.8116029378573189	0.5042680018304665	0.5490255167858334	0.663405832782882	0.5848315287501268	0.685287284538839	0.7210932965031326	0.7877322632144566	0.6106914262798944	0.04873596072917724	0.7091579591817014	0.7031902905209858	0.468461989866173
15	0.031827566190483096	0.18400311703873037	0.26158280962803293	0.6823034502084814	0.31628643901792575	0.5271440650298762	0.5808530829763164	0.4426020923364055	0.5738908028721482	0.5967668660715579	0.6653950556697872	0.5092410590477295	0.05171979505953502	0.6604219984525243	0.5957722546281053	0.3401571136607881
16	0.028843731860125305	0.05768746372025061	0.13626176775300575	0.46348893264891006	0.13427254486610055	0.4664727669792678	0.37994157139889195	0.31230799324411535	0.3381678907738829	0.42867753212806914	0.47442965852688856	0.3461247823215036	0.031827566190483096	0.49730572172629833	0.411769137589375	0.14919171651788948
17	0.01790300598214674	0.022876063199409723	0.05370901794644022	0.22179835188992905	0.03878984629465127	0.26556125540184333	0.16411088816967845	0.08951502991073369	0.1481971050744369	0.2068791802381401	0.24566902653279138	0.15913783095241546	0.01193533732143116	0.2824696499405374	0.21781990611611868	0.022876063199409723
18	0.003978445773810387	0.003978445773810387	0.009946114434525966	0.024865286086314917	0.00596766866071558	0.034811400520840884	0.02585989752976751	0.004973057217262983	0.006962280104168177	0.02387067464286232	0.044757514955366846	0.02387067464286232	0.0019892228869051935	0.06862818959822918	0.06663896671132398	0.00298383433035779
19	0.0	0.0	0.0	0.0	0.0	0.0	0.0	0.0	0.0	0.0	0.0	0.0	0.0	0.0	0.0	0.0
20	0.0	0.0	0.0	0.0	0.0	0.0	0.0	0.0	0.0	0.0	0.0	0.0	0.0	0.0	0.0	0.0
21	0.0	0.0	0.0	0.0	0.0	0.0	0.0	0.0	0.0	0.0	0.0	0.0	0.0	0.0	0.0	0.0
22	0.0	0.0	0.0	0.0	0.0	0.0	0.0	0.0	0.0	0.0	0.0	0.0	0.0	0.0	0.0	0.0
23	0.0	0.0	0.0	0.0	0.0	0.0	0.0	0.0	0.0	0.0	0.0	0.0	0.0	0.0	0.0	0.0
24	0.0	0.0	0.0	0.0	0.0	0.0	0.0	0.0	0.0	0.0	0.0	0.0	0.0	0.0	0.0	0.0
["DHN_SOLAR","SA-TJ",*,*] :	1	2	3	4	5	6	7	8	9	10	11	12	13	14	15	16 := 
1	0.0	0.0	0.0	0.0	0.0	0.0	0.0	0.0	0.0	0.0	0.0	0.0	0.0	0.0	0.0	0.0
2	0.0	0.0	0.0	0.0	0.0	0.0	0.0	0.0	0.0	0.0	0.0	0.0	0.0	0.0	0.0	0.0
3	0.0	0.0	0.0	0.0	0.0	0.0	0.0	0.0	0.0	0.0	0.0	0.0	0.0	0.0	0.0	0.0
4	0.0	0.0	0.0	0.0	0.0	0.0	0.0	0.0	0.0	0.0	0.0	0.0	0.0	0.0	0.0	0.0
5	0.0	0.0	0.0	0.0	0.0	0.0	0.0	0.0	0.0	0.0	0.0	0.0	0.0	0.0	0.0	0.0
6	0.0	0.0	0.0	0.0	0.0	0.0	0.0	0.0	0.0	0.0	0.0	0.0	0.0	0.0	0.0	0.0
7	0.0019744149738909486	0.0009872074869454743	0.010859282356400216	0.006910452408618321	0.005923244921672846	0.003948829947781897	0.0	0.0	0.0	0.0	0.0009872074869454743	0.011846489843345692	0.03159063958225518	0.021718564712800432	0.006910452408618321	0.0009872074869454743
8	0.09872074869454744	0.10464399361622027	0.16486365031989422	0.16387644283294875	0.17572293267629444	0.19151825246742202	0.02270577219974591	0.010859282356400216	0.05429641178200109	0.08687425885120173	0.1421578781201483	0.18164617759796728	0.23495538189302287	0.1421578781201483	0.10563120110316575	0.01875694225196401
9	0.26950764393611454	0.13722184068542095	0.3445354129439705	0.4077166921084809	0.4215375969257175	0.45312823650797274	0.09378471125982006	0.03751388450392802	0.24680187173636858	0.18954383749353107	0.38303650493484404	0.43733291671684515	0.480770046142446	0.3573691102742617	0.3988318247259717	0.05330920429505561
10	0.48274446111633695	0.1925054599543675	0.5054502333160829	0.6288511691842672	0.6397104515406674	0.6772243360445954	0.22409609953662268	0.06219407167756488	0.4067294846215354	0.17572293267629444	0.5982477370889574	0.672288298609868	0.7038789381921232	0.5972605296020119	0.6357616215928855	0.09872074869454744
11	0.7443544451568876	0.3534202803264798	0.6693266761490316	0.7986508569388888	0.8045741018605616	0.845049608825326	0.5350664579244471	0.10563120110316575	0.46102589640353653	0.28925179367502396	0.7601497649480152	0.8499856462600534	0.8717042109728539	0.7956892344780524	0.792727612017216	0.16782527278073064
12	0.8786146633814722	0.4422689541515725	0.768047424843579	0.8944099831725998	0.9013204355812181	0.9437703575198734	0.612068641906194	0.11649048345956596	0.46991076378604574	0.5044630258291374	0.8539344762078352	0.9546296398762737	0.9694377521804558	0.9111925104506728	0.886512323277036	0.1885566300065856
13	0.9042820580420545	0.4353585017429542	0.8114845542691799	0.9111925104506728	0.9220517928070731	0.9654889222326739	0.7167126355224144	0.13228580325069356	0.49459095095968264	0.5903500771933936	0.8736786259467448	0.9674633372065649	0.9881946944324197	0.9299494527026367	0.9042820580420545	0.3307145081267339
14	0.843075193851435	0.3879725423695714	0.730533540339651	0.8559088911817262	0.865780966051181	0.9092180954767819	0.6258895467234308	0.15499157545043948	0.5479001552547383	0.6258895467234308	0.8164205917039072	0.8963843981464907	0.9299494527026367	0.8707170034859084	0.8282670815472529	0.5992349445759029
15	0.7157254280354689	0.22508330702356816	0.47978283865550053	0.7295463328527055	0.7344823702874329	0.7759450847391428	0.42844804933433583	0.14511950058098472	0.3317017156136794	0.5656698900197568	0.6949940708096138	0.7660730098696881	0.7956892344780524	0.7463288601307786	0.6071326044714667	0.5923244921672846
16	0.5301304204897197	0.11254165351178408	0.25963556906665974	0.5311176279766652	0.5419769103330655	0.5794907948369934	0.2161984396410589	0.08687425885120173	0.18164617759796728	0.3889597498565169	0.49853978090746454	0.555797815150302	0.5923244921672846	0.557772230124193	0.46003868891659105	0.44424336912546347
17	0.31886801828338823	0.04837316686032824	0.13129859576374808	0.2912262086489149	0.306034320953097	0.3346633380745158	0.0651556941384013	0.03257784706920065	0.07206614654701962	0.19151825246742202	0.25568673911887785	0.306034320953097	0.36033073273509814	0.30109828351836965	0.19941591236298584	0.1954670824152039
18	0.11649048345956596	0.012833697330291166	0.02270577219974591	0.07404056152091057	0.0730533540339651	0.08292542890341985	0.007897659895563795	0.004936037434727372	0.005923244921672846	0.019744149738909488	0.04244992193865539	0.07206614654701962	0.1115544460248386	0.0809510139295289	0.06219407167756488	0.04541154439949182
19	0.0	0.0	0.0	0.0	0.0	0.0	0.0	0.0	0.0	0.0	0.0	0.0	0.0	0.0	0.0	0.0
20	0.0	0.0	0.0	0.0	0.0	0.0	0.0	0.0	0.0	0.0	0.0	0.0	0.0	0.0	0.0	0.0
21	0.0	0.0	0.0	0.0	0.0	0.0	0.0	0.0	0.0	0.0	0.0	0.0	0.0	0.0	0.0	0.0
22	0.0	0.0	0.0	0.0	0.0	0.0	0.0	0.0	0.0	0.0	0.0	0.0	0.0	0.0	0.0	0.0
23	0.0	0.0	0.0	0.0	0.0	0.0	0.0	0.0	0.0	0.0	0.0	0.0	0.0	0.0	0.0	0.0
24	0.0	0.0	0.0	0.0	0.0	0.0	0.0	0.0	0.0	0.0	0.0	0.0	0.0	0.0	0.0	0.0
["DHN_SOLAR","SIN",*,*] :	1	2	3	4	5	6	7	8	9	10	11	12	13	14	15	16 := 
1	0.0	0.0	0.0	0.0	0.0	0.0	0.0	0.0	0.0	0.0	0.0	0.0	0.0	0.0	0.0	0.0
2	0.0	0.0	0.0	0.0	0.0	0.0	0.0	0.0	0.0	0.0	0.0	0.0	0.0	0.0	0.0	0.0
3	0.0	0.0	0.0	0.0	0.0	0.0	0.0	0.0	0.0	0.0	0.0	0.0	0.0	0.0	0.0	0.0
4	0.0	0.0	0.0	0.0	0.0	0.0	0.0	0.0	0.0	0.0	0.0	0.0	0.0	0.0	0.0	0.0
5	0.0	0.0	0.0	0.0	0.0	0.0	0.0	0.0	0.0	0.0	0.0	0.0	0.0	0.0	0.0	0.0
6	0.0	0.0	0.0	0.0	0.0	0.0	0.0	0.0	0.0	0.0	0.0	0.0	0.0	0.011038017663422746	0.0	0.0
7	0.11273156774563829	0.0	0.02977304277795596	0.030720367231720943	0.022109868159025277	0.016036843866367875	0.0	0.0	0.0	0.0	0.0	0.06136461007576427	0.1557417736147112	0.1973479097344997	0.06261643104969351	0.14434850915230832
8	0.32170111407502755	0.0	0.0	0.2258945056473881	0.20350551610760653	0.06011278910183503	0.17375784743851233	0.14311360459446898	0.01568159706738773	0.1354335125289022	0.14850151042857404	0.2576636968599596	0.3693718157641553	0.4203581514956412	0.2612077030348044	0.2723810530574925
9	0.2969353551927885	0.005074950590622745	0.17814767957058272	0.43481330272850766	0.40136937910921344	0.11065083826111953	0.3646690283886026	0.3246276684862257	0.3051567746343242	0.3253719949163658	0.3444199752743813	0.4582426575258217	0.5701537744536423	0.6262488946384771	0.2808562197709228	0.268168843809639
10	0.7031851445617717	0.12853158075620147	0.24643959758900186	0.6126057355001102	0.571532470094065	0.5447874802238467	0.5263231187972979	0.4803271505454391	0.46082242386135785	0.49035863578350913	0.5144900254554654	0.6259613145344026	0.7312327046541889	0.7915738658885106	0.7423468456747432	0.31357273440671307
11	0.8313953113511727	0.1631258268528856	0.22361077813924443	0.7406974873768821	0.6920202532624016	0.35361409430908997	0.6391900189022015	0.5923143918609374	0.5719722989734947	0.6091124785735351	0.6383019024200244	0.7439539134476525	0.8400142691471865	0.9012012553081876	0.8587492942617196	0.3057403945963373
12	0.28692078637080837	0.18928719676109101	0.25649645796647985	0.8064350131686269	0.7560576704774694	0.20163624233948452	0.6956319261321521	0.6495852086320236	0.6317552164157576	0.6731329793725132	0.7040225117956792	0.802112846700916	0.8872366832335665	0.9467235618484371	0.4072478630710178	0.23875950552343506
13	0.9115118639881064	0.13097601473247222	0.8757842118301222	0.22981067606784913	0.755220304274108	0.28396885682020223	0.6889076172436684	0.6470561915447572	0.6325925826191189	0.6748330879491901	0.7073973538096251	0.02780227051329459	0.8695251059299298	0.9264660510414439	0.3886312528691138	0.9177794275810706
14	0.8566939399166088	0.18000003692261485	0.23456421372221775	0.016831919544777623	0.6903370611018146	0.30992722870478273	0.4470608498103618	0.5855816242491355	0.5753217658480326	0.6158959954336066	0.6476059776440443	0.022744236338761735	0.7868964536523658	0.8412745488444338	0.8384748670386366	0.8562118194816815
15	0.23885254632720257	0.023666185653118777	0.7012735802686979	0.04964993267710723	0.5673287195695298	0.22914247402538668	0.5002547896928601	0.4702195409196914	0.46334298325585244	0.50138819575416	0.5313896106646027	0.01684883596086751	0.6469039437999482	0.6978733631153442	0.7136310845704095	0.736426070157441
16	0.29932903992078963	0.008458251327886647	0.530975156924581	0.10513605879106717	0.3971656275541319	0.1692918909187643	0.3344138651757192	0.312836866699891	0.3093436087427698	0.0993590733258022	0.3697439789792254	0.4186242100867845	0.4621842020551445	0.511411222268912	0.5414887625975785	0.5685297902646431
17	0.094351788399539	0.002545933503356318	0.32522820383378237	0.22174996309444048	0.199310223275843	0.09511303124576898	0.14607399286839318	0.13134817794754228	0.13290449647218197	0.05302477469105308	0.1813279822842217	0.21553314874974588	0.10693766586428341	0.29611490437497084	0.28776661129748776	0.3667666742892113
18	0.1361270897107726	0.0	0.11095533478128378	0.0	0.020460508830618052	0.0	0.0	0.0	0.0	0.0	0.012399795857209388	0.0	0.05246652986844803	0.08708615110454009	0.13243929245334443	0.15536115167632314
19	0.0	0.0	0.0	0.0	0.0	0.0	0.0	0.0	0.0	0.0	0.0	0.0	0.0	0.0	0.0	0.0
20	0.0	0.0	0.0	0.0	0.0	0.0	0.0	0.0	0.0	0.0	0.0	0.0	0.0	0.0	0.0	0.0
21	0.0	0.0	0.0	0.0	0.0	0.0	0.0	0.0	0.0	0.0	0.0	0.0	0.0	0.0	0.0	0.0
22	0.0	0.0	0.0	0.0	0.0	0.0	0.0	0.0	0.0	0.0	0.0	0.0	0.0	0.0	0.0	0.0
23	0.0	0.0	0.0	0.0	0.0	0.0	0.0	0.0	0.0	0.0	0.0	0.0	0.0	0.0	0.0	0.0
24	0.0	0.0	0.0	0.0	0.0	0.0	0.0	0.0	0.0	0.0	0.0	0.0	0.0	0.0	0.0	0.0
["DEC_SOLAR","SA-BN",*,*] :	1	2	3	4	5	6	7	8	9	10	11	12	13	14	15	16 := 
1	0.0	0.0	0.0	0.0	0.0	0.0	0.0	0.0	0.0	0.0	0.0	0.0	0.0	0.0	0.0	0.0
2	0.0	0.0	0.0	0.0	0.0	0.0	0.0	0.0	0.0	0.0	0.0	0.0	0.0	0.0	0.0	0.0
3	0.0	0.0	0.0	0.0	0.0	0.0	0.0	0.0	0.0	0.0	0.0	0.0	0.0	0.0	0.0	0.0
4	0.0	0.0	0.0	0.0	0.0	0.0	0.0	0.0	0.0	0.0	0.0	0.0	0.0	0.0	0.0	0.0
5	0.0	0.0	0.0	0.0	0.0	0.0	0.0	0.0	0.0	0.0	0.0	0.0	0.0	0.0	0.0	0.0
6	0.0	0.0	0.0	0.0	0.0	0.0	0.0	0.0	0.0	0.0	0.0	0.0	0.0	0.0	0.0	0.0
7	0.0010288453034658668	0.0010288453034658668	0.0010288453034658668	0.009259607731192802	0.0	0.0	0.004115381213863467	0.0010288453034658668	0.0030865359103976007	0.0030865359103976007	0.005144226517329335	0.0030865359103976007	0.0	0.0010288453034658668	0.0010288453034658668	0.0
8	0.009259607731192802	0.03292304971090774	0.018519215462385604	0.15124025960948242	0.006173071820795201	0.011317298338124535	0.1337498894505627	0.028807668497044272	0.1430094971817555	0.14403834248522138	0.1677017844649363	0.05658649169062268	0.0020576906069317336	0.005144226517329335	0.01954806076585147	0.005144226517329335
9	0.014403834248522136	0.11625951929164297	0.07099032593914482	0.37141315455117796	0.02263459667624907	0.08436531488420108	0.36215354681998513	0.10494222095351842	0.3683266186407803	0.3364324142333385	0.402278513655154	0.22531712145902486	0.005144226517329335	0.012346143641590403	0.09362492261539389	0.011317298338124535
10	0.024692287283180805	0.24074980101101287	0.17078832037533392	0.5751245246374197	0.054528801083690945	0.19445176235504885	0.572037988727022	0.17284601098226565	0.5679226075131586	0.5195668782502628	0.6142206461691225	0.43314387275912997	0.011317298338124535	0.015432679551988003	0.25618248056300086	0.021605751372783207
11	0.04012496683516881	0.2983651380051014	0.286018994363511	0.6934417345359943	0.09568261322232562	0.2500094087422057	0.7366532372815606	0.33128818771600915	0.7140186406053116	0.7006436516602554	0.773691668206332	0.6008456572240662	0.012346143641590403	0.018519215462385604	0.40639389486901745	0.04115381213863468
12	0.07407686184954242	0.27470169602538647	0.3251151158952139	0.7582589886543439	0.1275768176297675	0.32614396119867983	0.8323358505038864	0.45577846943537903	0.7057878781775847	0.7438551544058217	0.8559992924836012	0.6821244361978698	0.011317298338124535	0.02263459667624907	0.49590343627054784	0.057615336994088544
13	0.07819224306340589	0.2335478838867518	0.3456920219645313	0.7716339775994001	0.16255755794760696	0.3271728065021457	0.8487973753593402	0.5072207346086723	0.7006436516602554	0.7582589886543439	0.8796627344633162	0.6934417345359943	0.006173071820795201	0.031894204407441874	0.5092784252156041	0.08539416018766696
14	0.054528801083690945	0.07407686184954242	0.3600958562130534	0.709903259391448	0.15741333143027764	0.2901343755773744	0.7839801212409906	0.4187400385106078	0.6008456572240662	0.6924128892325284	0.827191623986557	0.6193648726864518	0.005144226517329335	0.047326883959429876	0.45577846943537903	0.09876914913272322
15	0.03395189501437361	0.029836513800510143	0.3117401269501577	0.5926148947963393	0.1306633535401651	0.2901343755773744	0.633768706934974	0.25926901647339845	0.45577846943537903	0.5905572041894076	0.7057878781775847	0.5092784252156041	0.005144226517329335	0.06070187290448614	0.3302593424125433	0.09156723200846215
16	0.01646152485545387	0.015432679551988003	0.2294325026728883	0.386845834103166	0.08333646958073522	0.2839613037565793	0.448576552311118	0.12346143641590403	0.18107677340999256	0.3950765965308929	0.5144226517329334	0.3271728065021457	0.004115381213863467	0.07099032593914482	0.25309594465260327	0.05041341986982748
17	0.009259607731192802	0.007201917124261068	0.08745185079459869	0.19445176235504885	0.03703843092477121	0.19753829826544644	0.20679790599663925	0.04526919335249814	0.06070187290448614	0.19650945296198058	0.2808747678461817	0.13272104414709684	0.0020576906069317336	0.051442265173293346	0.16358640325107285	0.02263459667624907
18	0.0020576906069317336	0.0020576906069317336	0.023663441979714938	0.03703843092477121	0.007201917124261068	0.04938457456636161	0.04012496683516881	0.007201917124261068	0.011317298338124535	0.024692287283180805	0.06584609942181548	0.013374988945056268	0.0	0.013374988945056268	0.04115381213863468	0.004115381213863467
19	0.0	0.0	0.0	0.0	0.0	0.0	0.0	0.0	0.0	0.0	0.0	0.0	0.0	0.0	0.0	0.0
20	0.0	0.0	0.0	0.0	0.0	0.0	0.0	0.0	0.0	0.0	0.0	0.0	0.0	0.0	0.0	0.0
21	0.0	0.0	0.0	0.0	0.0	0.0	0.0	0.0	0.0	0.0	0.0	0.0	0.0	0.0	0.0	0.0
22	0.0	0.0	0.0	0.0	0.0	0.0	0.0	0.0	0.0	0.0	0.0	0.0	0.0	0.0	0.0	0.0
23	0.0	0.0	0.0	0.0	0.0	0.0	0.0	0.0	0.0	0.0	0.0	0.0	0.0	0.0	0.0	0.0
24	0.0	0.0	0.0	0.0	0.0	0.0	0.0	0.0	0.0	0.0	0.0	0.0	0.0	0.0	0.0	0.0
["DEC_SOLAR","SA-PA",*,*] :	1	2	3	4	5	6	7	8	9	10	11	12	13	14	15	16 := 
1	0.0	0.0	0.0	0.0	0.0	0.0	0.0	0.0	0.0	0.0	0.0	0.0	0.0	0.0	0.0	0.0
2	0.0	0.0	0.0	0.0	0.0	0.0	0.0	0.0	0.0	0.0	0.0	0.0	0.0	0.0	0.0	0.0
3	0.0	0.0	0.0	0.0	0.0	0.0	0.0	0.0	0.0	0.0	0.0	0.0	0.0	0.0	0.0	0.0
4	0.0	0.0	0.0	0.0	0.0	0.0	0.0	0.0	0.0	0.0	0.0	0.0	0.0	0.0	0.0	0.0
5	0.0	0.0	0.0	0.0	0.0	0.0	0.0	0.0	0.0	0.0	0.0	0.0	0.0	0.0	0.0	0.0
6	0.0	0.0	0.0	0.0	0.0	0.0	0.0	0.0	0.0	0.0	0.0	0.0	0.0	0.0	0.0	0.0
7	0.0	0.0	0.0	0.0	0.0	0.0	0.0	0.0	0.0	0.0	0.0	0.0	0.004074794802301633	0.0	0.0	0.0
8	0.007130890904027858	0.013243083107480307	0.004074794802301633	0.030560961017262245	0.02954226231668684	0.004074794802301633	0.06825281293855236	0.027504864915536022	0.06621541553740154	0.07945849864488184	0.09066418435121133	0.012224384406904898	0.11511295316502114	0.008149589604603266	0.019355275310932757	0.0010186987005754082
9	0.024448768813809797	0.06519671683682612	0.01731787790978194	0.11001945966214409	0.1589169972897637	0.015280480508631122	0.2709738543530586	0.1599356959903391	0.271992553053634	0.2893104309634159	0.31477789847780113	0.05297233242992123	0.3433014620939126	0.03259835841841306	0.07945849864488184	0.0030560961017262246
10	0.04380404412474255	0.13243083107480308	0.038710550621865514	0.18947795830702593	0.3606193400036945	0.035654454520139295	0.48693797887504514	0.30153481537032084	0.4859192801744697	0.4981436645813746	0.5348168178020893	0.12733733757192603	0.5694525736216532	0.07232760774085398	0.19559015051047837	0.006112192203452449
11	0.04278534542416715	0.22818850892889145	0.04991623632819501	0.22716981022831603	0.5409290100055418	0.06825281293855236	0.6020509320400662	0.30459091147204703	0.6540045657694121	0.6590980592722891	0.7090142956004841	0.22513241282716523	0.7497622436235004	0.10594466485984246	0.2974600205680192	0.01120568570632949
12	0.055009729831072045	0.3086657062743487	0.06825281293855236	0.29134782836456674	0.6682663475774678	0.10900076096156867	0.7324443657137185	0.394236397122683	0.7619866280304054	0.7568931345275283	0.8200524539632037	0.30560961017262245	0.8781182798960019	0.17317877909781942	0.3382079685910355	0.015280480508631122
13	0.0621406207350999	0.26893645695190777	0.07538370384258021	0.4034046854278617	0.7273508722108415	0.20373974011508167	0.7731923137367348	0.5857517528308597	0.7772671085390365	0.7874540955447906	0.8618191006867953	0.32700228288470606	0.9056231448115379	0.20577713751623247	0.27912344395766187	0.01629917920920653
14	0.05297233242992123	0.17623487519954562	0.09575767785408837	0.4614705113606599	0.6743785397809203	0.26384296344903074	0.7283695709114169	0.6377053865602056	0.731425667013143	0.731425667013143	0.8282020435678068	0.2628242647484553	0.8445012227770133	0.19151535570817674	0.20475843881565706	0.015280480508631122
15	0.03259835841841306	0.07538370384258021	0.11307555576387031	0.4329469477445485	0.4889753762761959	0.27402995045478484	0.621406207350999	0.56130298401705	0.6254810021533006	0.6234436047521499	0.726332173510266	0.16910398429551776	0.7273508722108415	0.1517861063857358	0.16401049079264074	0.01120568570632949
16	0.019355275310932757	0.035654454520139295	0.07232760774085398	0.33922666729161094	0.27912344395766187	0.20272104141450625	0.35654454520139284	0.4084981789307387	0.4859192801744697	0.4838818827733189	0.5551907918135975	0.07945849864488184	0.5572281892147484	0.0743650051420048	0.1120568570632949	0.007130890904027858
17	0.006112192203452449	0.012224384406904898	0.04584144152589337	0.1619730933914899	0.12224384406904898	0.12122514536847358	0.22615111152774062	0.15484220248746206	0.2118893297196849	0.26893645695190777	0.33515187248930933	0.02954226231668684	0.3504323529979404	0.03972924932244092	0.06621541553740154	0.004074794802301633
18	0.0010186987005754082	0.0030560961017262246	0.014261781808055716	0.04482274282531796	0.015280480508631122	0.04380404412474255	0.05806582593279827	0.04278534542416715	0.0743650051420048	0.08047719734545725	0.10696336356041786	0.008149589604603266	0.08047719734545725	0.012224384406904898	0.023430070113234388	0.0020373974011508164
19	0.0	0.0	0.0010186987005754082	0.0010186987005754082	0.0	0.0010186987005754082	0.0010186987005754082	0.0	0.0010186987005754082	0.0010186987005754082	0.0010186987005754082	0.0	0.0010186987005754082	0.0	0.0	0.0
20	0.0	0.0	0.0	0.0	0.0	0.0	0.0	0.0	0.0	0.0	0.0	0.0	0.0	0.0	0.0	0.0
21	0.0	0.0	0.0	0.0	0.0	0.0	0.0	0.0	0.0	0.0	0.0	0.0	0.0	0.0	0.0	0.0
22	0.0	0.0	0.0	0.0	0.0	0.0	0.0	0.0	0.0	0.0	0.0	0.0	0.0	0.0	0.0	0.0
23	0.0	0.0	0.0	0.0	0.0	0.0	0.0	0.0	0.0	0.0	0.0	0.0	0.0	0.0	0.0	0.0
24	0.0	0.0	0.0	0.0	0.0	0.0	0.0	0.0	0.0	0.0	0.0	0.0	0.0	0.0	0.0	0.0
["DEC_SOLAR","SA-SC",*,*] :	1	2	3	4	5	6	7	8	9	10	11	12	13	14	15	16 := 
1	0.0	0.0	0.0	0.0	0.0	0.0	0.0	0.0	0.0	0.0	0.0	0.0	0.0	0.0	0.0	0.0
2	0.0	0.0	0.0	0.0	0.0	0.0	0.0	0.0	0.0	0.0	0.0	0.0	0.0	0.0	0.0	0.0
3	0.0	0.0	0.0	0.0	0.0	0.0	0.0	0.0	0.0	0.0	0.0	0.0	0.0	0.0	0.0	0.0
4	0.0	0.0	0.0	0.0	0.0	0.0	0.0	0.0	0.0	0.0	0.0	0.0	0.0	0.0	0.0	0.0
5	0.0	0.0	0.0	0.0	0.0	0.0	0.0	0.0	0.0	0.0	0.0	0.0	0.0	0.0	0.0	0.0
6	0.0	0.0	0.0	0.0	0.0	0.0	0.0	0.0	0.0	0.0	0.0	0.0	0.0	0.0	0.0	0.0
7	0.0	0.00895150299107337	0.00298383433035779	0.020886840312504533	0.0009946114434525968	0.0019892228869051935	0.003978445773810387	0.0019892228869051935	0.00298383433035779	0.00298383433035779	0.00596766866071558	0.004973057217262983	0.0009946114434525968	0.00298383433035779	0.00596766866071558	0.0009946114434525968
8	0.003978445773810387	0.12830487620538497	0.04276829206846165	0.2148360717857609	0.024865286086314917	0.02685450897322011	0.1203479846577642	0.06564435526787138	0.13825099063991095	0.1481971050744369	0.17704083693456218	0.06564435526787138	0.012929948764883755	0.0298383433035779	0.054703629389892816	0.003978445773810387
9	0.00895150299107337	0.26953970117565373	0.17007855683039405	0.4555320411012893	0.09647731001490188	0.08852041846728109	0.3739739027381763	0.21384146034230828	0.37198467985127115	0.37099006840781856	0.416742194806638	0.22776602055064465	0.02387067464286232	0.10940725877978563	0.18002467126492	0.01193533732143116
10	0.012929948764883755	0.38093618284234454	0.3839200171727023	0.663405832782882	0.26158280962803293	0.1780354483780148	0.5858261401935794	0.5171979505953502	0.5699123570983379	0.56692852276798	0.6246159864882307	0.4256936977977114	0.02387067464286232	0.2098630145684979	0.3391625022173355	0.04376290351191425
11	0.01193533732143116	0.40381224604175425	0.6345621009227567	0.8175706065180344	0.47442965852688856	0.3142972161310206	0.7031902905209858	0.6494812725745457	0.7121417935120592	0.710152570625154	0.7748023144495728	0.5888099745239372	0.01790300598214674	0.31628643901792575	0.48338116151796195	0.1193533732143116
12	0.013924560208336354	0.4296721435715218	0.710152570625154	0.8971395219942422	0.5957722546281053	0.468461989866173	0.7688346457888573	0.7021956790775332	0.7658508114584994	0.7897214861013618	0.8404466697174442	0.6216321521578729	0.02685450897322011	0.4724404356399834	0.6146698720537047	0.2953995987054212
13	0.020886840312504533	0.4127637490328276	0.5181925620388029	0.9011179677680526	0.5967668660715579	0.5181925620388029	0.7141310163989644	0.6753411701043132	0.7310394109376586	0.7757969258930254	0.8513873955954228	0.6564435526787138	0.03680062340774608	0.6435136039138301	0.6992118447471755	0.4077906918155646
14	0.02685450897322011	0.3620385654167452	0.3431409479911458	0.8116029378573189	0.5042680018304665	0.5490255167858334	0.663405832782882	0.5848315287501268	0.685287284538839	0.7210932965031326	0.7877322632144566	0.6106914262798944	0.04873596072917724	0.7091579591817014	0.7031902905209858	0.468461989866173
15	0.031827566190483096	0.18400311703873037	0.26158280962803293	0.6823034502084814	0.31628643901792575	0.5271440650298762	0.5808530829763164	0.4426020923364055	0.5738908028721482	0.5967668660715579	0.6653950556697872	0.5092410590477295	0.05171979505953502	0.6604219984525243	0.5957722546281053	0.3401571136607881
16	0.028843731860125305	0.05768746372025061	0.13626176775300575	0.46348893264891006	0.13427254486610055	0.4664727669792678	0.37994157139889195	0.31230799324411535	0.3381678907738829	0.42867753212806914	0.47442965852688856	0.3461247823215036	0.031827566190483096	0.49730572172629833	0.411769137589375	0.14919171651788948
17	0.01790300598214674	0.022876063199409723	0.05370901794644022	0.22179835188992905	0.03878984629465127	0.26556125540184333	0.16411088816967845	0.08951502991073369	0.1481971050744369	0.2068791802381401	0.24566902653279138	0.15913783095241546	0.01193533732143116	0.2824696499405374	0.21781990611611868	0.022876063199409723
18	0.003978445773810387	0.003978445773810387	0.009946114434525966	0.024865286086314917	0.00596766866071558	0.034811400520840884	0.02585989752976751	0.004973057217262983	0.006962280104168177	0.02387067464286232	0.044757514955366846	0.02387067464286232	0.0019892228869051935	0.06862818959822918	0.06663896671132398	0.00298383433035779
19	0.0	0.0	0.0	0.0	0.0	0.0	0.0	0.0	0.0	0.0	0.0	0.0	0.0	0.0	0.0	0.0
20	0.0	0.0	0.0	0.0	0.0	0.0	0.0	0.0	0.0	0.0	0.0	0.0	0.0	0.0	0.0	0.0
21	0.0	0.0	0.0	0.0	0.0	0.0	0.0	0.0	0.0	0.0	0.0	0.0	0.0	0.0	0.0	0.0
22	0.0	0.0	0.0	0.0	0.0	0.0	0.0	0.0	0.0	0.0	0.0	0.0	0.0	0.0	0.0	0.0
23	0.0	0.0	0.0	0.0	0.0	0.0	0.0	0.0	0.0	0.0	0.0	0.0	0.0	0.0	0.0	0.0
24	0.0	0.0	0.0	0.0	0.0	0.0	0.0	0.0	0.0	0.0	0.0	0.0	0.0	0.0	0.0	0.0
["DEC_SOLAR","SA-TJ",*,*] :	1	2	3	4	5	6	7	8	9	10	11	12	13	14	15	16 := 
1	0.0	0.0	0.0	0.0	0.0	0.0	0.0	0.0	0.0	0.0	0.0	0.0	0.0	0.0	0.0	0.0
2	0.0	0.0	0.0	0.0	0.0	0.0	0.0	0.0	0.0	0.0	0.0	0.0	0.0	0.0	0.0	0.0
3	0.0	0.0	0.0	0.0	0.0	0.0	0.0	0.0	0.0	0.0	0.0	0.0	0.0	0.0	0.0	0.0
4	0.0	0.0	0.0	0.0	0.0	0.0	0.0	0.0	0.0	0.0	0.0	0.0	0.0	0.0	0.0	0.0
5	0.0	0.0	0.0	0.0	0.0	0.0	0.0	0.0	0.0	0.0	0.0	0.0	0.0	0.0	0.0	0.0
6	0.0	0.0	0.0	0.0	0.0	0.0	0.0	0.0	0.0	0.0	0.0	0.0	0.0	0.0	0.0	0.0
7	0.0019744149738909486	0.0009872074869454743	0.010859282356400216	0.006910452408618321	0.005923244921672846	0.003948829947781897	0.0	0.0	0.0	0.0	0.0009872074869454743	0.011846489843345692	0.03159063958225518	0.021718564712800432	0.006910452408618321	0.0009872074869454743
8	0.09872074869454744	0.10464399361622027	0.16486365031989422	0.16387644283294875	0.17572293267629444	0.19151825246742202	0.02270577219974591	0.010859282356400216	0.05429641178200109	0.08687425885120173	0.1421578781201483	0.18164617759796728	0.23495538189302287	0.1421578781201483	0.10563120110316575	0.01875694225196401
9	0.26950764393611454	0.13722184068542095	0.3445354129439705	0.4077166921084809	0.4215375969257175	0.45312823650797274	0.09378471125982006	0.03751388450392802	0.24680187173636858	0.18954383749353107	0.38303650493484404	0.43733291671684515	0.480770046142446	0.3573691102742617	0.3988318247259717	0.05330920429505561
10	0.48274446111633695	0.1925054599543675	0.5054502333160829	0.6288511691842672	0.6397104515406674	0.6772243360445954	0.22409609953662268	0.06219407167756488	0.4067294846215354	0.17572293267629444	0.5982477370889574	0.672288298609868	0.7038789381921232	0.5972605296020119	0.6357616215928855	0.09872074869454744
11	0.7443544451568876	0.3534202803264798	0.6693266761490316	0.7986508569388888	0.8045741018605616	0.845049608825326	0.5350664579244471	0.10563120110316575	0.46102589640353653	0.28925179367502396	0.7601497649480152	0.8499856462600534	0.8717042109728539	0.7956892344780524	0.792727612017216	0.16782527278073064
12	0.8786146633814722	0.4422689541515725	0.768047424843579	0.8944099831725998	0.9013204355812181	0.9437703575198734	0.612068641906194	0.11649048345956596	0.46991076378604574	0.5044630258291374	0.8539344762078352	0.9546296398762737	0.9694377521804558	0.9111925104506728	0.886512323277036	0.1885566300065856
13	0.9042820580420545	0.4353585017429542	0.8114845542691799	0.9111925104506728	0.9220517928070731	0.9654889222326739	0.7167126355224144	0.13228580325069356	0.49459095095968264	0.5903500771933936	0.8736786259467448	0.9674633372065649	0.9881946944324197	0.9299494527026367	0.9042820580420545	0.3307145081267339
14	0.843075193851435	0.3879725423695714	0.730533540339651	0.8559088911817262	0.865780966051181	0.9092180954767819	0.6258895467234308	0.15499157545043948	0.5479001552547383	0.6258895467234308	0.8164205917039072	0.8963843981464907	0.9299494527026367	0.8707170034859084	0.8282670815472529	0.5992349445759029
15	0.7157254280354689	0.22508330702356816	0.47978283865550053	0.7295463328527055	0.7344823702874329	0.7759450847391428	0.42844804933433583	0.14511950058098472	0.3317017156136794	0.5656698900197568	0.6949940708096138	0.7660730098696881	0.7956892344780524	0.7463288601307786	0.6071326044714667	0.5923244921672846
16	0.5301304204897197	0.11254165351178408	0.25963556906665974	0.5311176279766652	0.5419769103330655	0.5794907948369934	0.2161984396410589	0.08687425885120173	0.18164617759796728	0.3889597498565169	0.49853978090746454	0.555797815150302	0.5923244921672846	0.557772230124193	0.46003868891659105	0.44424336912546347
17	0.31886801828338823	0.04837316686032824	0.13129859576374808	0.2912262086489149	0.306034320953097	0.3346633380745158	0.0651556941384013	0.03257784706920065	0.07206614654701962	0.19151825246742202	0.25568673911887785	0.306034320953097	0.36033073273509814	0.30109828351836965	0.19941591236298584	0.1954670824152039
18	0.11649048345956596	0.012833697330291166	0.02270577219974591	0.07404056152091057	0.0730533540339651	0.08292542890341985	0.007897659895563795	0.004936037434727372	0.005923244921672846	0.019744149738909488	0.04244992193865539	0.07206614654701962	0.1115544460248386	0.0809510139295289	0.06219407167756488	0.04541154439949182
19	0.0	0.0	0.0	0.0	0.0	0.0	0.0	0.0	0.0	0.0	0.0	0.0	0.0	0.0	0.0	0.0
20	0.0	0.0	0.0	0.0	0.0	0.0	0.0	0.0	0.0	0.0	0.0	0.0	0.0	0.0	0.0	0.0
21	0.0	0.0	0.0	0.0	0.0	0.0	0.0	0.0	0.0	0.0	0.0	0.0	0.0	0.0	0.0	0.0
22	0.0	0.0	0.0	0.0	0.0	0.0	0.0	0.0	0.0	0.0	0.0	0.0	0.0	0.0	0.0	0.0
23	0.0	0.0	0.0	0.0	0.0	0.0	0.0	0.0	0.0	0.0	0.0	0.0	0.0	0.0	0.0	0.0
24	0.0	0.0	0.0	0.0	0.0	0.0	0.0	0.0	0.0	0.0	0.0	0.0	0.0	0.0	0.0	0.0
["DEC_SOLAR","SIN",*,*] :	1	2	3	4	5	6	7	8	9	10	11	12	13	14	15	16 := 
1	0.0	0.0	0.0	0.0	0.0	0.0	0.0	0.0	0.0	0.0	0.0	0.0	0.0	0.0	0.0	0.0
2	0.0	0.0	0.0	0.0	0.0	0.0	0.0	0.0	0.0	0.0	0.0	0.0	0.0	0.0	0.0	0.0
3	0.0	0.0	0.0	0.0	0.0	0.0	0.0	0.0	0.0	0.0	0.0	0.0	0.0	0.0	0.0	0.0
4	0.0	0.0	0.0	0.0	0.0	0.0	0.0	0.0	0.0	0.0	0.0	0.0	0.0	0.0	0.0	0.0
5	0.0	0.0	0.0	0.0	0.0	0.0	0.0	0.0	0.0	0.0	0.0	0.0	0.0	0.0	0.0	0.0
6	0.0	0.0	0.0	0.0	0.0	0.0	0.0	0.0	0.0	0.0	0.0	0.0	0.0	0.011038017663422746	0.0	0.0
7	0.11273156774563829	0.0	0.02977304277795596	0.030720367231720943	0.022109868159025277	0.016036843866367875	0.0	0.0	0.0	0.0	0.0	0.06136461007576427	0.1557417736147112	0.1973479097344997	0.06261643104969351	0.14434850915230832
8	0.32170111407502755	0.0	0.0	0.2258945056473881	0.20350551610760653	0.06011278910183503	0.17375784743851233	0.14311360459446898	0.01568159706738773	0.1354335125289022	0.14850151042857404	0.2576636968599596	0.3693718157641553	0.4203581514956412	0.2612077030348044	0.2723810530574925
9	0.2969353551927885	0.005074950590622745	0.17814767957058272	0.43481330272850766	0.40136937910921344	0.11065083826111953	0.3646690283886026	0.3246276684862257	0.3051567746343242	0.3253719949163658	0.3444199752743813	0.4582426575258217	0.5701537744536423	0.6262488946384771	0.2808562197709228	0.268168843809639
10	0.7031851445617717	0.12853158075620147	0.24643959758900186	0.6126057355001102	0.571532470094065	0.5447874802238467	0.5263231187972979	0.4803271505454391	0.46082242386135785	0.49035863578350913	0.5144900254554654	0.6259613145344026	0.7312327046541889	0.7915738658885106	0.7423468456747432	0.31357273440671307
11	0.8313953113511727	0.1631258268528856	0.22361077813924443	0.7406974873768821	0.6920202532624016	0.35361409430908997	0.6391900189022015	0.5923143918609374	0.5719722989734947	0.6091124785735351	0.6383019024200244	0.7439539134476525	0.8400142691471865	0.9012012553081876	0.8587492942617196	0.3057403945963373
12	0.28692078637080837	0.18928719676109101	0.25649645796647985	0.8064350131686269	0.7560576704774694	0.20163624233948452	0.6956319261321521	0.6495852086320236	0.6317552164157576	0.6731329793725132	0.7040225117956792	0.802112846700916	0.8872366832335665	0.9467235618484371	0.4072478630710178	0.23875950552343506
13	0.9115118639881064	0.13097601473247222	0.8757842118301222	0.22981067606784913	0.755220304274108	0.28396885682020223	0.6889076172436684	0.6470561915447572	0.6325925826191189	0.6748330879491901	0.7073973538096251	0.02780227051329459	0.8695251059299298	0.9264660510414439	0.3886312528691138	0.9177794275810706
14	0.8566939399166088	0.18000003692261485	0.23456421372221775	0.016831919544777623	0.6903370611018146	0.30992722870478273	0.4470608498103618	0.5855816242491355	0.5753217658480326	0.6158959954336066	0.6476059776440443	0.022744236338761735	0.7868964536523658	0.8412745488444338	0.8384748670386366	0.8562118194816815
15	0.23885254632720257	0.023666185653118777	0.7012735802686979	0.04964993267710723	0.5673287195695298	0.22914247402538668	0.5002547896928601	0.4702195409196914	0.46334298325585244	0.50138819575416	0.5313896106646027	0.01684883596086751	0.6469039437999482	0.6978733631153442	0.7136310845704095	0.736426070157441
16	0.29932903992078963	0.008458251327886647	0.530975156924581	0.10513605879106717	0.3971656275541319	0.1692918909187643	0.3344138651757192	0.312836866699891	0.3093436087427698	0.0993590733258022	0.3697439789792254	0.4186242100867845	0.4621842020551445	0.511411222268912	0.5414887625975785	0.5685297902646431
17	0.094351788399539	0.002545933503356318	0.32522820383378237	0.22174996309444048	0.199310223275843	0.09511303124576898	0.14607399286839318	0.13134817794754228	0.13290449647218197	0.05302477469105308	0.1813279822842217	0.21553314874974588	0.10693766586428341	0.29611490437497084	0.28776661129748776	0.3667666742892113
18	0.1361270897107726	0.0	0.11095533478128378	0.0	0.020460508830618052	0.0	0.0	0.0	0.0	0.0	0.012399795857209388	0.0	0.05246652986844803	0.08708615110454009	0.13243929245334443	0.15536115167632314
19	0.0	0.0	0.0	0.0	0.0	0.0	0.0	0.0	0.0	0.0	0.0	0.0	0.0	0.0	0.0	0.0
20	0.0	0.0	0.0	0.0	0.0	0.0	0.0	0.0	0.0	0.0	0.0	0.0	0.0	0.0	0.0	0.0
21	0.0	0.0	0.0	0.0	0.0	0.0	0.0	0.0	0.0	0.0	0.0	0.0	0.0	0.0	0.0	0.0
22	0.0	0.0	0.0	0.0	0.0	0.0	0.0	0.0	0.0	0.0	0.0	0.0	0.0	0.0	0.0	0.0
23	0.0	0.0	0.0	0.0	0.0	0.0	0.0	0.0	0.0	0.0	0.0	0.0	0.0	0.0	0.0	0.0
24	0.0	0.0	0.0	0.0	0.0	0.0	0.0	0.0	0.0	0.0	0.0	0.0	0.0	0.0	0.0	0.0
["PT_COLLECTOR","SA-BN",*,*] :	1	2	3	4	5	6	7	8	9	10	11	12	13	14	15	16 := 
1	0.00010000000000000003	0.00010000000000000003	0.00010000000000000003	0.00010000000000000003	0.00010000000000000003	0.00010000000000000003	0.00010000000000000003	0.00010000000000000003	0.00010000000000000003	0.00010000000000000003	0.00010000000000000003	0.00010000000000000003	0.00010000000000000003	0.00010000000000000003	0.00010000000000000003	0.00010000000000000003
2	0.00010000000000000003	0.00010000000000000003	0.00010000000000000003	0.00010000000000000003	0.00010000000000000003	0.00010000000000000003	0.00010000000000000003	0.00010000000000000003	0.00010000000000000003	0.00010000000000000003	0.00010000000000000003	0.00010000000000000003	0.00010000000000000003	0.00010000000000000003	0.00010000000000000003	0.00010000000000000003
3	0.00010000000000000003	0.00010000000000000003	0.00010000000000000003	0.00010000000000000003	0.00010000000000000003	0.00010000000000000003	0.00010000000000000003	0.00010000000000000003	0.00010000000000000003	0.00010000000000000003	0.00010000000000000003	0.00010000000000000003	0.00010000000000000003	0.00010000000000000003	0.00010000000000000003	0.00010000000000000003
4	0.00010000000000000003	0.00010000000000000003	0.00010000000000000003	0.00010000000000000003	0.00010000000000000003	0.00010000000000000003	0.00010000000000000003	0.00010000000000000003	0.00010000000000000003	0.00010000000000000003	0.00010000000000000003	0.00010000000000000003	0.00010000000000000003	0.00010000000000000003	0.00010000000000000003	0.00010000000000000003
5	0.00010000000000000003	0.00010000000000000003	0.00010000000000000003	0.00010000000000000003	0.00010000000000000003	0.00010000000000000003	0.00010000000000000003	0.00010000000000000003	0.00010000000000000003	0.00010000000000000003	0.00010000000000000003	0.00010000000000000003	0.00010000000000000003	0.00010000000000000003	0.00010000000000000003	0.00010000000000000003
6	0.00010000000000000003	0.00010000000000000003	0.00010000000000000003	0.00010000000000000003	0.00010000000000000003	0.00010000000000000003	0.00010000000000000003	0.00010000000000000003	0.00010000000000000003	0.00010000000000000003	0.00010000000000000003	0.00010000000000000003	0.00010000000000000003	0.00010000000000000003	0.00010000000000000003	0.00010000000000000003
7	0.00010000000000000003	0.00010000000000000003	0.00010000000000000003	0.00010000000000000003	0.00010000000000000003	0.00010000000000000003	0.00010000000000000003	0.00010000000000000003	0.00010000000000000003	0.00010000000000000003	0.00010000000000000003	0.00010000000000000003	0.00010000000000000003	0.00010000000000000003	0.00010000000000000003	0.00010000000000000003
8	0.00010000000000000003	0.00010000000000000003	0.00010000000000000003	0.00010000000000000003	0.00010000000000000003	0.00010000000000000003	0.00010000000000000003	0.00010000000000000003	0.00010000000000000003	0.00010000000000000003	0.00010000000000000003	0.00010000000000000003	0.00010000000000000003	0.00010000000000000003	0.00010000000000000003	0.00010000000000000003
9	0.00010000000000000003	0.00010000000000000003	0.00010000000000000003	0.00010000000000000003	0.00010000000000000003	0.00010000000000000003	0.00010000000000000003	0.00010000000000000003	0.00010000000000000003	0.00010000000000000003	0.00010000000000000003	0.00010000000000000003	0.00010000000000000003	0.00010000000000000003	0.00010000000000000003	0.00010000000000000003
10	0.00010000000000000003	0.00010000000000000003	0.00010000000000000003	0.00010000000000000003	0.00010000000000000003	0.00010000000000000003	0.00010000000000000003	0.00010000000000000003	0.00010000000000000003	0.00010000000000000003	0.00010000000000000003	0.00010000000000000003	0.00010000000000000003	0.00010000000000000003	0.00010000000000000003	0.00010000000000000003
11	0.00010000000000000003	0.00010000000000000003	0.00010000000000000003	0.00010000000000000003	0.00010000000000000003	0.00010000000000000003	0.00010000000000000003	0.00010000000000000003	0.00010000000000000003	0.00010000000000000003	0.00010000000000000003	0.00010000000000000003	0.00010000000000000003	0.00010000000000000003	0.00010000000000000003	0.00010000000000000003
12	0.00010000000000000003	0.00010000000000000003	0.00010000000000000003	0.00010000000000000003	0.00010000000000000003	0.00010000000000000003	0.00010000000000000003	0.00010000000000000003	0.00010000000000000003	0.00010000000000000003	0.00010000000000000003	0.00010000000000000003	0.00010000000000000003	0.00010000000000000003	0.00010000000000000003	0.00010000000000000003
13	0.00010000000000000003	0.00010000000000000003	0.00010000000000000003	0.00010000000000000003	0.00010000000000000003	0.00010000000000000003	0.00010000000000000003	0.00010000000000000003	0.00010000000000000003	0.00010000000000000003	0.00010000000000000003	0.00010000000000000003	0.00010000000000000003	0.00010000000000000003	0.00010000000000000003	0.00010000000000000003
14	0.00010000000000000003	0.00010000000000000003	0.00010000000000000003	0.00010000000000000003	0.00010000000000000003	0.00010000000000000003	0.00010000000000000003	0.00010000000000000003	0.00010000000000000003	0.00010000000000000003	0.00010000000000000003	0.00010000000000000003	0.00010000000000000003	0.00010000000000000003	0.00010000000000000003	0.00010000000000000003
15	0.00010000000000000003	0.00010000000000000003	0.00010000000000000003	0.00010000000000000003	0.00010000000000000003	0.00010000000000000003	0.00010000000000000003	0.00010000000000000003	0.00010000000000000003	0.00010000000000000003	0.00010000000000000003	0.00010000000000000003	0.00010000000000000003	0.00010000000000000003	0.00010000000000000003	0.00010000000000000003
16	0.00010000000000000003	0.00010000000000000003	0.00010000000000000003	0.00010000000000000003	0.00010000000000000003	0.00010000000000000003	0.00010000000000000003	0.00010000000000000003	0.00010000000000000003	0.00010000000000000003	0.00010000000000000003	0.00010000000000000003	0.00010000000000000003	0.00010000000000000003	0.00010000000000000003	0.00010000000000000003
17	0.00010000000000000003	0.00010000000000000003	0.00010000000000000003	0.00010000000000000003	0.00010000000000000003	0.00010000000000000003	0.00010000000000000003	0.00010000000000000003	0.00010000000000000003	0.00010000000000000003	0.00010000000000000003	0.00010000000000000003	0.00010000000000000003	0.00010000000000000003	0.00010000000000000003	0.00010000000000000003
18	0.00010000000000000003	0.00010000000000000003	0.00010000000000000003	0.00010000000000000003	0.00010000000000000003	0.00010000000000000003	0.00010000000000000003	0.00010000000000000003	0.00010000000000000003	0.00010000000000000003	0.00010000000000000003	0.00010000000000000003	0.00010000000000000003	0.00010000000000000003	0.00010000000000000003	0.00010000000000000003
19	0.00010000000000000003	0.00010000000000000003	0.00010000000000000003	0.00010000000000000003	0.00010000000000000003	0.00010000000000000003	0.00010000000000000003	0.00010000000000000003	0.00010000000000000003	0.00010000000000000003	0.00010000000000000003	0.00010000000000000003	0.00010000000000000003	0.00010000000000000003	0.00010000000000000003	0.00010000000000000003
20	0.00010000000000000003	0.00010000000000000003	0.00010000000000000003	0.00010000000000000003	0.00010000000000000003	0.00010000000000000003	0.00010000000000000003	0.00010000000000000003	0.00010000000000000003	0.00010000000000000003	0.00010000000000000003	0.00010000000000000003	0.00010000000000000003	0.00010000000000000003	0.00010000000000000003	0.00010000000000000003
21	0.00010000000000000003	0.00010000000000000003	0.00010000000000000003	0.00010000000000000003	0.00010000000000000003	0.00010000000000000003	0.00010000000000000003	0.00010000000000000003	0.00010000000000000003	0.00010000000000000003	0.00010000000000000003	0.00010000000000000003	0.00010000000000000003	0.00010000000000000003	0.00010000000000000003	0.00010000000000000003
22	0.00010000000000000003	0.00010000000000000003	0.00010000000000000003	0.00010000000000000003	0.00010000000000000003	0.00010000000000000003	0.00010000000000000003	0.00010000000000000003	0.00010000000000000003	0.00010000000000000003	0.00010000000000000003	0.00010000000000000003	0.00010000000000000003	0.00010000000000000003	0.00010000000000000003	0.00010000000000000003
23	0.00010000000000000003	0.00010000000000000003	0.00010000000000000003	0.00010000000000000003	0.00010000000000000003	0.00010000000000000003	0.00010000000000000003	0.00010000000000000003	0.00010000000000000003	0.00010000000000000003	0.00010000000000000003	0.00010000000000000003	0.00010000000000000003	0.00010000000000000003	0.00010000000000000003	0.00010000000000000003
24	0.00010000000000000003	0.00010000000000000003	0.00010000000000000003	0.00010000000000000003	0.00010000000000000003	0.00010000000000000003	0.00010000000000000003	0.00010000000000000003	0.00010000000000000003	0.00010000000000000003	0.00010000000000000003	0.00010000000000000003	0.00010000000000000003	0.00010000000000000003	0.00010000000000000003	0.00010000000000000003
["PT_COLLECTOR","SA-PA",*,*] :	1	2	3	4	5	6	7	8	9	10	11	12	13	14	15	16 := 
1	0.00010000000000000003	0.00010000000000000003	0.00010000000000000003	0.00010000000000000003	0.00010000000000000003	0.00010000000000000003	0.00010000000000000003	0.00010000000000000003	0.00010000000000000003	0.00010000000000000003	0.00010000000000000003	0.00010000000000000003	0.00010000000000000003	0.00010000000000000003	0.00010000000000000003	0.00010000000000000003
2	0.00010000000000000003	0.00010000000000000003	0.00010000000000000003	0.00010000000000000003	0.00010000000000000003	0.00010000000000000003	0.00010000000000000003	0.00010000000000000003	0.00010000000000000003	0.00010000000000000003	0.00010000000000000003	0.00010000000000000003	0.00010000000000000003	0.00010000000000000003	0.00010000000000000003	0.00010000000000000003
3	0.00010000000000000003	0.00010000000000000003	0.00010000000000000003	0.00010000000000000003	0.00010000000000000003	0.00010000000000000003	0.00010000000000000003	0.00010000000000000003	0.00010000000000000003	0.00010000000000000003	0.00010000000000000003	0.00010000000000000003	0.00010000000000000003	0.00010000000000000003	0.00010000000000000003	0.00010000000000000003
4	0.00010000000000000003	0.00010000000000000003	0.00010000000000000003	0.00010000000000000003	0.00010000000000000003	0.00010000000000000003	0.00010000000000000003	0.00010000000000000003	0.00010000000000000003	0.00010000000000000003	0.00010000000000000003	0.00010000000000000003	0.00010000000000000003	0.00010000000000000003	0.00010000000000000003	0.00010000000000000003
5	0.00010000000000000003	0.00010000000000000003	0.00010000000000000003	0.00010000000000000003	0.00010000000000000003	0.00010000000000000003	0.00010000000000000003	0.00010000000000000003	0.00010000000000000003	0.00010000000000000003	0.00010000000000000003	0.00010000000000000003	0.00010000000000000003	0.00010000000000000003	0.00010000000000000003	0.00010000000000000003
6	0.00010000000000000003	0.00010000000000000003	0.00010000000000000003	0.00010000000000000003	0.00010000000000000003	0.00010000000000000003	0.00010000000000000003	0.00010000000000000003	0.00010000000000000003	0.00010000000000000003	0.00010000000000000003	0.00010000000000000003	0.00010000000000000003	0.00010000000000000003	0.00010000000000000003	0.00010000000000000003
7	0.00010000000000000003	0.00010000000000000003	0.00010000000000000003	0.00010000000000000003	0.00010000000000000003	0.00010000000000000003	0.00010000000000000003	0.00010000000000000003	0.00010000000000000003	0.00010000000000000003	0.00010000000000000003	0.00010000000000000003	0.00010000000000000003	0.00010000000000000003	0.00010000000000000003	0.00010000000000000003
8	0.00010000000000000003	0.00010000000000000003	0.00010000000000000003	0.00010000000000000003	0.00010000000000000003	0.00010000000000000003	0.00010000000000000003	0.00010000000000000003	0.00010000000000000003	0.00010000000000000003	0.00010000000000000003	0.00010000000000000003	0.00010000000000000003	0.00010000000000000003	0.00010000000000000003	0.00010000000000000003
9	0.00010000000000000003	0.00010000000000000003	0.00010000000000000003	0.00010000000000000003	0.00010000000000000003	0.00010000000000000003	0.00010000000000000003	0.00010000000000000003	0.00010000000000000003	0.00010000000000000003	0.00010000000000000003	0.00010000000000000003	0.00010000000000000003	0.00010000000000000003	0.00010000000000000003	0.00010000000000000003
10	0.00010000000000000003	0.00010000000000000003	0.00010000000000000003	0.00010000000000000003	0.00010000000000000003	0.00010000000000000003	0.00010000000000000003	0.00010000000000000003	0.00010000000000000003	0.00010000000000000003	0.00010000000000000003	0.00010000000000000003	0.00010000000000000003	0.00010000000000000003	0.00010000000000000003	0.00010000000000000003
11	0.00010000000000000003	0.00010000000000000003	0.00010000000000000003	0.00010000000000000003	0.00010000000000000003	0.00010000000000000003	0.00010000000000000003	0.00010000000000000003	0.00010000000000000003	0.00010000000000000003	0.00010000000000000003	0.00010000000000000003	0.00010000000000000003	0.00010000000000000003	0.00010000000000000003	0.00010000000000000003
12	0.00010000000000000003	0.00010000000000000003	0.00010000000000000003	0.00010000000000000003	0.00010000000000000003	0.00010000000000000003	0.00010000000000000003	0.00010000000000000003	0.00010000000000000003	0.00010000000000000003	0.00010000000000000003	0.00010000000000000003	0.00010000000000000003	0.00010000000000000003	0.00010000000000000003	0.00010000000000000003
13	0.00010000000000000003	0.00010000000000000003	0.00010000000000000003	0.00010000000000000003	0.00010000000000000003	0.00010000000000000003	0.00010000000000000003	0.00010000000000000003	0.00010000000000000003	0.00010000000000000003	0.00010000000000000003	0.00010000000000000003	0.00010000000000000003	0.00010000000000000003	0.00010000000000000003	0.00010000000000000003
14	0.00010000000000000003	0.00010000000000000003	0.00010000000000000003	0.00010000000000000003	0.00010000000000000003	0.00010000000000000003	0.00010000000000000003	0.00010000000000000003	0.00010000000000000003	0.00010000000000000003	0.00010000000000000003	0.00010000000000000003	0.00010000000000000003	0.00010000000000000003	0.00010000000000000003	0.00010000000000000003
15	0.00010000000000000003	0.00010000000000000003	0.00010000000000000003	0.00010000000000000003	0.00010000000000000003	0.00010000000000000003	0.00010000000000000003	0.00010000000000000003	0.00010000000000000003	0.00010000000000000003	0.00010000000000000003	0.00010000000000000003	0.00010000000000000003	0.00010000000000000003	0.00010000000000000003	0.00010000000000000003
16	0.00010000000000000003	0.00010000000000000003	0.00010000000000000003	0.00010000000000000003	0.00010000000000000003	0.00010000000000000003	0.00010000000000000003	0.00010000000000000003	0.00010000000000000003	0.00010000000000000003	0.00010000000000000003	0.00010000000000000003	0.00010000000000000003	0.00010000000000000003	0.00010000000000000003	0.00010000000000000003
17	0.00010000000000000003	0.00010000000000000003	0.00010000000000000003	0.00010000000000000003	0.00010000000000000003	0.00010000000000000003	0.00010000000000000003	0.00010000000000000003	0.00010000000000000003	0.00010000000000000003	0.00010000000000000003	0.00010000000000000003	0.00010000000000000003	0.00010000000000000003	0.00010000000000000003	0.00010000000000000003
18	0.00010000000000000003	0.00010000000000000003	0.00010000000000000003	0.00010000000000000003	0.00010000000000000003	0.00010000000000000003	0.00010000000000000003	0.00010000000000000003	0.00010000000000000003	0.00010000000000000003	0.00010000000000000003	0.00010000000000000003	0.00010000000000000003	0.00010000000000000003	0.00010000000000000003	0.00010000000000000003
19	0.00010000000000000003	0.00010000000000000003	0.00010000000000000003	0.00010000000000000003	0.00010000000000000003	0.00010000000000000003	0.00010000000000000003	0.00010000000000000003	0.00010000000000000003	0.00010000000000000003	0.00010000000000000003	0.00010000000000000003	0.00010000000000000003	0.00010000000000000003	0.00010000000000000003	0.00010000000000000003
20	0.00010000000000000003	0.00010000000000000003	0.00010000000000000003	0.00010000000000000003	0.00010000000000000003	0.00010000000000000003	0.00010000000000000003	0.00010000000000000003	0.00010000000000000003	0.00010000000000000003	0.00010000000000000003	0.00010000000000000003	0.00010000000000000003	0.00010000000000000003	0.00010000000000000003	0.00010000000000000003
21	0.00010000000000000003	0.00010000000000000003	0.00010000000000000003	0.00010000000000000003	0.00010000000000000003	0.00010000000000000003	0.00010000000000000003	0.00010000000000000003	0.00010000000000000003	0.00010000000000000003	0.00010000000000000003	0.00010000000000000003	0.00010000000000000003	0.00010000000000000003	0.00010000000000000003	0.00010000000000000003
22	0.00010000000000000003	0.00010000000000000003	0.00010000000000000003	0.00010000000000000003	0.00010000000000000003	0.00010000000000000003	0.00010000000000000003	0.00010000000000000003	0.00010000000000000003	0.00010000000000000003	0.00010000000000000003	0.00010000000000000003	0.00010000000000000003	0.00010000000000000003	0.00010000000000000003	0.00010000000000000003
23	0.00010000000000000003	0.00010000000000000003	0.00010000000000000003	0.00010000000000000003	0.00010000000000000003	0.00010000000000000003	0.00010000000000000003	0.00010000000000000003	0.00010000000000000003	0.00010000000000000003	0.00010000000000000003	0.00010000000000000003	0.00010000000000000003	0.00010000000000000003	0.00010000000000000003	0.00010000000000000003
24	0.00010000000000000003	0.00010000000000000003	0.00010000000000000003	0.00010000000000000003	0.00010000000000000003	0.00010000000000000003	0.00010000000000000003	0.00010000000000000003	0.00010000000000000003	0.00010000000000000003	0.00010000000000000003	0.00010000000000000003	0.00010000000000000003	0.00010000000000000003	0.00010000000000000003	0.00010000000000000003
["PT_COLLECTOR","SA-SC",*,*] :	1	2	3	4	5	6	7	8	9	10	11	12	13	14	15	16 := 
1	0.00010000000000000003	0.00010000000000000003	0.00010000000000000003	0.00010000000000000003	0.00010000000000000003	0.00010000000000000003	0.00010000000000000003	0.00010000000000000003	0.00010000000000000003	0.00010000000000000003	0.00010000000000000003	0.00010000000000000003	0.00010000000000000003	0.00010000000000000003	0.00010000000000000003	0.00010000000000000003
2	0.00010000000000000003	0.00010000000000000003	0.00010000000000000003	0.00010000000000000003	0.00010000000000000003	0.00010000000000000003	0.00010000000000000003	0.00010000000000000003	0.00010000000000000003	0.00010000000000000003	0.00010000000000000003	0.00010000000000000003	0.00010000000000000003	0.00010000000000000003	0.00010000000000000003	0.00010000000000000003
3	0.00010000000000000003	0.00010000000000000003	0.00010000000000000003	0.00010000000000000003	0.00010000000000000003	0.00010000000000000003	0.00010000000000000003	0.00010000000000000003	0.00010000000000000003	0.00010000000000000003	0.00010000000000000003	0.00010000000000000003	0.00010000000000000003	0.00010000000000000003	0.00010000000000000003	0.00010000000000000003
4	0.00010000000000000003	0.00010000000000000003	0.00010000000000000003	0.00010000000000000003	0.00010000000000000003	0.00010000000000000003	0.00010000000000000003	0.00010000000000000003	0.00010000000000000003	0.00010000000000000003	0.00010000000000000003	0.00010000000000000003	0.00010000000000000003	0.00010000000000000003	0.00010000000000000003	0.00010000000000000003
5	0.00010000000000000003	0.00010000000000000003	0.00010000000000000003	0.00010000000000000003	0.00010000000000000003	0.00010000000000000003	0.00010000000000000003	0.00010000000000000003	0.00010000000000000003	0.00010000000000000003	0.00010000000000000003	0.00010000000000000003	0.00010000000000000003	0.00010000000000000003	0.00010000000000000003	0.00010000000000000003
6	0.00010000000000000003	0.00010000000000000003	0.00010000000000000003	0.00010000000000000003	0.00010000000000000003	0.00010000000000000003	0.00010000000000000003	0.00010000000000000003	0.00010000000000000003	0.00010000000000000003	0.00010000000000000003	0.00010000000000000003	0.00010000000000000003	0.00010000000000000003	0.00010000000000000003	0.00010000000000000003
7	0.00010000000000000003	0.00010000000000000003	0.00010000000000000003	0.00010000000000000003	0.00010000000000000003	0.00010000000000000003	0.00010000000000000003	0.00010000000000000003	0.00010000000000000003	0.00010000000000000003	0.00010000000000000003	0.00010000000000000003	0.00010000000000000003	0.00010000000000000003	0.00010000000000000003	0.00010000000000000003
8	0.00010000000000000003	0.00010000000000000003	0.00010000000000000003	0.00010000000000000003	0.00010000000000000003	0.00010000000000000003	0.00010000000000000003	0.00010000000000000003	0.00010000000000000003	0.00010000000000000003	0.00010000000000000003	0.00010000000000000003	0.00010000000000000003	0.00010000000000000003	0.00010000000000000003	0.00010000000000000003
9	0.00010000000000000003	0.00010000000000000003	0.00010000000000000003	0.00010000000000000003	0.00010000000000000003	0.00010000000000000003	0.00010000000000000003	0.00010000000000000003	0.00010000000000000003	0.00010000000000000003	0.00010000000000000003	0.00010000000000000003	0.00010000000000000003	0.00010000000000000003	0.00010000000000000003	0.00010000000000000003
10	0.00010000000000000003	0.00010000000000000003	0.00010000000000000003	0.00010000000000000003	0.00010000000000000003	0.00010000000000000003	0.00010000000000000003	0.00010000000000000003	0.00010000000000000003	0.00010000000000000003	0.00010000000000000003	0.00010000000000000003	0.00010000000000000003	0.00010000000000000003	0.00010000000000000003	0.00010000000000000003
11	0.00010000000000000003	0.00010000000000000003	0.00010000000000000003	0.00010000000000000003	0.00010000000000000003	0.00010000000000000003	0.00010000000000000003	0.00010000000000000003	0.00010000000000000003	0.00010000000000000003	0.00010000000000000003	0.00010000000000000003	0.00010000000000000003	0.00010000000000000003	0.00010000000000000003	0.00010000000000000003
12	0.00010000000000000003	0.00010000000000000003	0.00010000000000000003	0.00010000000000000003	0.00010000000000000003	0.00010000000000000003	0.00010000000000000003	0.00010000000000000003	0.00010000000000000003	0.00010000000000000003	0.00010000000000000003	0.00010000000000000003	0.00010000000000000003	0.00010000000000000003	0.00010000000000000003	0.00010000000000000003
13	0.00010000000000000003	0.00010000000000000003	0.00010000000000000003	0.00010000000000000003	0.00010000000000000003	0.00010000000000000003	0.00010000000000000003	0.00010000000000000003	0.00010000000000000003	0.00010000000000000003	0.00010000000000000003	0.00010000000000000003	0.00010000000000000003	0.00010000000000000003	0.00010000000000000003	0.00010000000000000003
14	0.00010000000000000003	0.00010000000000000003	0.00010000000000000003	0.00010000000000000003	0.00010000000000000003	0.00010000000000000003	0.00010000000000000003	0.00010000000000000003	0.00010000000000000003	0.00010000000000000003	0.00010000000000000003	0.00010000000000000003	0.00010000000000000003	0.00010000000000000003	0.00010000000000000003	0.00010000000000000003
15	0.00010000000000000003	0.00010000000000000003	0.00010000000000000003	0.00010000000000000003	0.00010000000000000003	0.00010000000000000003	0.00010000000000000003	0.00010000000000000003	0.00010000000000000003	0.00010000000000000003	0.00010000000000000003	0.00010000000000000003	0.00010000000000000003	0.00010000000000000003	0.00010000000000000003	0.00010000000000000003
16	0.00010000000000000003	0.00010000000000000003	0.00010000000000000003	0.00010000000000000003	0.00010000000000000003	0.00010000000000000003	0.00010000000000000003	0.00010000000000000003	0.00010000000000000003	0.00010000000000000003	0.00010000000000000003	0.00010000000000000003	0.00010000000000000003	0.00010000000000000003	0.00010000000000000003	0.00010000000000000003
17	0.00010000000000000003	0.00010000000000000003	0.00010000000000000003	0.00010000000000000003	0.00010000000000000003	0.00010000000000000003	0.00010000000000000003	0.00010000000000000003	0.00010000000000000003	0.00010000000000000003	0.00010000000000000003	0.00010000000000000003	0.00010000000000000003	0.00010000000000000003	0.00010000000000000003	0.00010000000000000003
18	0.00010000000000000003	0.00010000000000000003	0.00010000000000000003	0.00010000000000000003	0.00010000000000000003	0.00010000000000000003	0.00010000000000000003	0.00010000000000000003	0.00010000000000000003	0.00010000000000000003	0.00010000000000000003	0.00010000000000000003	0.00010000000000000003	0.00010000000000000003	0.00010000000000000003	0.00010000000000000003
19	0.00010000000000000003	0.00010000000000000003	0.00010000000000000003	0.00010000000000000003	0.00010000000000000003	0.00010000000000000003	0.00010000000000000003	0.00010000000000000003	0.00010000000000000003	0.00010000000000000003	0.00010000000000000003	0.00010000000000000003	0.00010000000000000003	0.00010000000000000003	0.00010000000000000003	0.00010000000000000003
20	0.00010000000000000003	0.00010000000000000003	0.00010000000000000003	0.00010000000000000003	0.00010000000000000003	0.00010000000000000003	0.00010000000000000003	0.00010000000000000003	0.00010000000000000003	0.00010000000000000003	0.00010000000000000003	0.00010000000000000003	0.00010000000000000003	0.00010000000000000003	0.00010000000000000003	0.00010000000000000003
21	0.00010000000000000003	0.00010000000000000003	0.00010000000000000003	0.00010000000000000003	0.00010000000000000003	0.00010000000000000003	0.00010000000000000003	0.00010000000000000003	0.00010000000000000003	0.00010000000000000003	0.00010000000000000003	0.00010000000000000003	0.00010000000000000003	0.00010000000000000003	0.00010000000000000003	0.00010000000000000003
22	0.00010000000000000003	0.00010000000000000003	0.00010000000000000003	0.00010000000000000003	0.00010000000000000003	0.00010000000000000003	0.00010000000000000003	0.00010000000000000003	0.00010000000000000003	0.00010000000000000003	0.00010000000000000003	0.00010000000000000003	0.00010000000000000003	0.00010000000000000003	0.00010000000000000003	0.00010000000000000003
23	0.00010000000000000003	0.00010000000000000003	0.00010000000000000003	0.00010000000000000003	0.00010000000000000003	0.00010000000000000003	0.00010000000000000003	0.00010000000000000003	0.00010000000000000003	0.00010000000000000003	0.00010000000000000003	0.00010000000000000003	0.00010000000000000003	0.00010000000000000003	0.00010000000000000003	0.00010000000000000003
24	0.00010000000000000003	0.00010000000000000003	0.00010000000000000003	0.00010000000000000003	0.00010000000000000003	0.00010000000000000003	0.00010000000000000003	0.00010000000000000003	0.00010000000000000003	0.00010000000000000003	0.00010000000000000003	0.00010000000000000003	0.00010000000000000003	0.00010000000000000003	0.00010000000000000003	0.00010000000000000003
["PT_COLLECTOR","SA-TJ",*,*] :	1	2	3	4	5	6	7	8	9	10	11	12	13	14	15	16 := 
1	0.00010000000000000003	0.00010000000000000003	0.00010000000000000003	0.00010000000000000003	0.00010000000000000003	0.00010000000000000003	0.00010000000000000003	0.00010000000000000003	0.00010000000000000003	0.00010000000000000003	0.00010000000000000003	0.00010000000000000003	0.00010000000000000003	0.00010000000000000003	0.00010000000000000003	0.00010000000000000003
2	0.00010000000000000003	0.00010000000000000003	0.00010000000000000003	0.00010000000000000003	0.00010000000000000003	0.00010000000000000003	0.00010000000000000003	0.00010000000000000003	0.00010000000000000003	0.00010000000000000003	0.00010000000000000003	0.00010000000000000003	0.00010000000000000003	0.00010000000000000003	0.00010000000000000003	0.00010000000000000003
3	0.00010000000000000003	0.00010000000000000003	0.00010000000000000003	0.00010000000000000003	0.00010000000000000003	0.00010000000000000003	0.00010000000000000003	0.00010000000000000003	0.00010000000000000003	0.00010000000000000003	0.00010000000000000003	0.00010000000000000003	0.00010000000000000003	0.00010000000000000003	0.00010000000000000003	0.00010000000000000003
4	0.00010000000000000003	0.00010000000000000003	0.00010000000000000003	0.00010000000000000003	0.00010000000000000003	0.00010000000000000003	0.00010000000000000003	0.00010000000000000003	0.00010000000000000003	0.00010000000000000003	0.00010000000000000003	0.00010000000000000003	0.00010000000000000003	0.00010000000000000003	0.00010000000000000003	0.00010000000000000003
5	0.00010000000000000003	0.00010000000000000003	0.00010000000000000003	0.00010000000000000003	0.00010000000000000003	0.00010000000000000003	0.00010000000000000003	0.00010000000000000003	0.00010000000000000003	0.00010000000000000003	0.00010000000000000003	0.00010000000000000003	0.00010000000000000003	0.00010000000000000003	0.00010000000000000003	0.00010000000000000003
6	0.00010000000000000003	0.00010000000000000003	0.00010000000000000003	0.00010000000000000003	0.00010000000000000003	0.00010000000000000003	0.00010000000000000003	0.00010000000000000003	0.00010000000000000003	0.00010000000000000003	0.00010000000000000003	0.00010000000000000003	0.00010000000000000003	0.00010000000000000003	0.00010000000000000003	0.00010000000000000003
7	0.00010000000000000003	0.00010000000000000003	0.00010000000000000003	0.00010000000000000003	0.00010000000000000003	0.00010000000000000003	0.00010000000000000003	0.00010000000000000003	0.00010000000000000003	0.00010000000000000003	0.00010000000000000003	0.00010000000000000003	0.00010000000000000003	0.00010000000000000003	0.00010000000000000003	0.00010000000000000003
8	0.00010000000000000003	0.00010000000000000003	0.00010000000000000003	0.00010000000000000003	0.00010000000000000003	0.00010000000000000003	0.00010000000000000003	0.00010000000000000003	0.00010000000000000003	0.00010000000000000003	0.00010000000000000003	0.00010000000000000003	0.00010000000000000003	0.00010000000000000003	0.00010000000000000003	0.00010000000000000003
9	0.00010000000000000003	0.00010000000000000003	0.00010000000000000003	0.00010000000000000003	0.00010000000000000003	0.00010000000000000003	0.00010000000000000003	0.00010000000000000003	0.00010000000000000003	0.00010000000000000003	0.00010000000000000003	0.00010000000000000003	0.00010000000000000003	0.00010000000000000003	0.00010000000000000003	0.00010000000000000003
10	0.00010000000000000003	0.00010000000000000003	0.00010000000000000003	0.00010000000000000003	0.00010000000000000003	0.00010000000000000003	0.00010000000000000003	0.00010000000000000003	0.00010000000000000003	0.00010000000000000003	0.00010000000000000003	0.00010000000000000003	0.00010000000000000003	0.00010000000000000003	0.00010000000000000003	0.00010000000000000003
11	0.00010000000000000003	0.00010000000000000003	0.00010000000000000003	0.00010000000000000003	0.00010000000000000003	0.00010000000000000003	0.00010000000000000003	0.00010000000000000003	0.00010000000000000003	0.00010000000000000003	0.00010000000000000003	0.00010000000000000003	0.00010000000000000003	0.00010000000000000003	0.00010000000000000003	0.00010000000000000003
12	0.00010000000000000003	0.00010000000000000003	0.00010000000000000003	0.00010000000000000003	0.00010000000000000003	0.00010000000000000003	0.00010000000000000003	0.00010000000000000003	0.00010000000000000003	0.00010000000000000003	0.00010000000000000003	0.00010000000000000003	0.00010000000000000003	0.00010000000000000003	0.00010000000000000003	0.00010000000000000003
13	0.00010000000000000003	0.00010000000000000003	0.00010000000000000003	0.00010000000000000003	0.00010000000000000003	0.00010000000000000003	0.00010000000000000003	0.00010000000000000003	0.00010000000000000003	0.00010000000000000003	0.00010000000000000003	0.00010000000000000003	0.00010000000000000003	0.00010000000000000003	0.00010000000000000003	0.00010000000000000003
14	0.00010000000000000003	0.00010000000000000003	0.00010000000000000003	0.00010000000000000003	0.00010000000000000003	0.00010000000000000003	0.00010000000000000003	0.00010000000000000003	0.00010000000000000003	0.00010000000000000003	0.00010000000000000003	0.00010000000000000003	0.00010000000000000003	0.00010000000000000003	0.00010000000000000003	0.00010000000000000003
15	0.00010000000000000003	0.00010000000000000003	0.00010000000000000003	0.00010000000000000003	0.00010000000000000003	0.00010000000000000003	0.00010000000000000003	0.00010000000000000003	0.00010000000000000003	0.00010000000000000003	0.00010000000000000003	0.00010000000000000003	0.00010000000000000003	0.00010000000000000003	0.00010000000000000003	0.00010000000000000003
16	0.00010000000000000003	0.00010000000000000003	0.00010000000000000003	0.00010000000000000003	0.00010000000000000003	0.00010000000000000003	0.00010000000000000003	0.00010000000000000003	0.00010000000000000003	0.00010000000000000003	0.00010000000000000003	0.00010000000000000003	0.00010000000000000003	0.00010000000000000003	0.00010000000000000003	0.00010000000000000003
17	0.00010000000000000003	0.00010000000000000003	0.00010000000000000003	0.00010000000000000003	0.00010000000000000003	0.00010000000000000003	0.00010000000000000003	0.00010000000000000003	0.00010000000000000003	0.00010000000000000003	0.00010000000000000003	0.00010000000000000003	0.00010000000000000003	0.00010000000000000003	0.00010000000000000003	0.00010000000000000003
18	0.00010000000000000003	0.00010000000000000003	0.00010000000000000003	0.00010000000000000003	0.00010000000000000003	0.00010000000000000003	0.00010000000000000003	0.00010000000000000003	0.00010000000000000003	0.00010000000000000003	0.00010000000000000003	0.00010000000000000003	0.00010000000000000003	0.00010000000000000003	0.00010000000000000003	0.00010000000000000003
19	0.00010000000000000003	0.00010000000000000003	0.00010000000000000003	0.00010000000000000003	0.00010000000000000003	0.00010000000000000003	0.00010000000000000003	0.00010000000000000003	0.00010000000000000003	0.00010000000000000003	0.00010000000000000003	0.00010000000000000003	0.00010000000000000003	0.00010000000000000003	0.00010000000000000003	0.00010000000000000003
20	0.00010000000000000003	0.00010000000000000003	0.00010000000000000003	0.00010000000000000003	0.00010000000000000003	0.00010000000000000003	0.00010000000000000003	0.00010000000000000003	0.00010000000000000003	0.00010000000000000003	0.00010000000000000003	0.00010000000000000003	0.00010000000000000003	0.00010000000000000003	0.00010000000000000003	0.00010000000000000003
21	0.00010000000000000003	0.00010000000000000003	0.00010000000000000003	0.00010000000000000003	0.00010000000000000003	0.00010000000000000003	0.00010000000000000003	0.00010000000000000003	0.00010000000000000003	0.00010000000000000003	0.00010000000000000003	0.00010000000000000003	0.00010000000000000003	0.00010000000000000003	0.00010000000000000003	0.00010000000000000003
22	0.00010000000000000003	0.00010000000000000003	0.00010000000000000003	0.00010000000000000003	0.00010000000000000003	0.00010000000000000003	0.00010000000000000003	0.00010000000000000003	0.00010000000000000003	0.00010000000000000003	0.00010000000000000003	0.00010000000000000003	0.00010000000000000003	0.00010000000000000003	0.00010000000000000003	0.00010000000000000003
23	0.00010000000000000003	0.00010000000000000003	0.00010000000000000003	0.00010000000000000003	0.00010000000000000003	0.00010000000000000003	0.00010000000000000003	0.00010000000000000003	0.00010000000000000003	0.00010000000000000003	0.00010000000000000003	0.00010000000000000003	0.00010000000000000003	0.00010000000000000003	0.00010000000000000003	0.00010000000000000003
24	0.00010000000000000003	0.00010000000000000003	0.00010000000000000003	0.00010000000000000003	0.00010000000000000003	0.00010000000000000003	0.00010000000000000003	0.00010000000000000003	0.00010000000000000003	0.00010000000000000003	0.00010000000000000003	0.00010000000000000003	0.00010000000000000003	0.00010000000000000003	0.00010000000000000003	0.00010000000000000003
["PT_COLLECTOR","SIN",*,*] :	1	2	3	4	5	6	7	8	9	10	11	12	13	14	15	16 := 
1	0.00010000000000000003	0.00010000000000000003	0.00010000000000000003	0.00010000000000000003	0.00010000000000000003	0.00010000000000000003	0.00010000000000000003	0.00010000000000000003	0.00010000000000000003	0.00010000000000000003	0.00010000000000000003	0.00010000000000000003	0.00010000000000000003	0.00010000000000000003	0.00010000000000000003	0.00010000000000000003
2	0.00010000000000000003	0.00010000000000000003	0.00010000000000000003	0.00010000000000000003	0.00010000000000000003	0.00010000000000000003	0.00010000000000000003	0.00010000000000000003	0.00010000000000000003	0.00010000000000000003	0.00010000000000000003	0.00010000000000000003	0.00010000000000000003	0.00010000000000000003	0.00010000000000000003	0.00010000000000000003
3	0.00010000000000000003	0.00010000000000000003	0.00010000000000000003	0.00010000000000000003	0.00010000000000000003	0.00010000000000000003	0.00010000000000000003	0.00010000000000000003	0.00010000000000000003	0.00010000000000000003	0.00010000000000000003	0.00010000000000000003	0.00010000000000000003	0.00010000000000000003	0.00010000000000000003	0.00010000000000000003
4	0.00010000000000000003	0.00010000000000000003	0.00010000000000000003	0.00010000000000000003	0.00010000000000000003	0.00010000000000000003	0.00010000000000000003	0.00010000000000000003	0.00010000000000000003	0.00010000000000000003	0.00010000000000000003	0.00010000000000000003	0.00010000000000000003	0.00010000000000000003	0.00010000000000000003	0.00010000000000000003
5	0.00010000000000000003	0.00010000000000000003	0.00010000000000000003	0.00010000000000000003	0.00010000000000000003	0.00010000000000000003	0.00010000000000000003	0.00010000000000000003	0.00010000000000000003	0.00010000000000000003	0.00010000000000000003	0.00010000000000000003	0.00010000000000000003	0.00010000000000000003	0.00010000000000000003	0.00010000000000000003
6	0.00010000000000000003	0.00010000000000000003	0.00010000000000000003	0.00010000000000000003	0.00010000000000000003	0.00010000000000000003	0.00010000000000000003	0.00010000000000000003	0.00010000000000000003	0.00010000000000000003	0.00010000000000000003	0.00010000000000000003	0.00010000000000000003	0.00010000000000000003	0.00010000000000000003	0.00010000000000000003
7	0.00010000000000000003	0.00010000000000000003	0.00010000000000000003	0.00010000000000000003	0.00010000000000000003	0.00010000000000000003	0.00010000000000000003	0.00010000000000000003	0.00010000000000000003	0.00010000000000000003	0.00010000000000000003	0.00010000000000000003	0.00010000000000000003	0.00010000000000000003	0.00010000000000000003	0.00010000000000000003
8	0.00010000000000000003	0.00010000000000000003	0.00010000000000000003	0.00010000000000000003	0.00010000000000000003	0.00010000000000000003	0.00010000000000000003	0.00010000000000000003	0.00010000000000000003	0.00010000000000000003	0.00010000000000000003	0.00010000000000000003	0.00010000000000000003	0.00010000000000000003	0.00010000000000000003	0.00010000000000000003
9	0.00010000000000000003	0.00010000000000000003	0.00010000000000000003	0.00010000000000000003	0.00010000000000000003	0.00010000000000000003	0.00010000000000000003	0.00010000000000000003	0.00010000000000000003	0.00010000000000000003	0.00010000000000000003	0.00010000000000000003	0.00010000000000000003	0.00010000000000000003	0.00010000000000000003	0.00010000000000000003
10	0.00010000000000000003	0.00010000000000000003	0.00010000000000000003	0.00010000000000000003	0.00010000000000000003	0.00010000000000000003	0.00010000000000000003	0.00010000000000000003	0.00010000000000000003	0.00010000000000000003	0.00010000000000000003	0.00010000000000000003	0.00010000000000000003	0.00010000000000000003	0.00010000000000000003	0.00010000000000000003
11	0.00010000000000000003	0.00010000000000000003	0.00010000000000000003	0.00010000000000000003	0.00010000000000000003	0.00010000000000000003	0.00010000000000000003	0.00010000000000000003	0.00010000000000000003	0.00010000000000000003	0.00010000000000000003	0.00010000000000000003	0.00010000000000000003	0.00010000000000000003	0.00010000000000000003	0.00010000000000000003
12	0.00010000000000000003	0.00010000000000000003	0.00010000000000000003	0.00010000000000000003	0.00010000000000000003	0.00010000000000000003	0.00010000000000000003	0.00010000000000000003	0.00010000000000000003	0.00010000000000000003	0.00010000000000000003	0.00010000000000000003	0.00010000000000000003	0.00010000000000000003	0.00010000000000000003	0.00010000000000000003
13	0.00010000000000000003	0.00010000000000000003	0.00010000000000000003	0.00010000000000000003	0.00010000000000000003	0.00010000000000000003	0.00010000000000000003	0.00010000000000000003	0.00010000000000000003	0.00010000000000000003	0.00010000000000000003	0.00010000000000000003	0.00010000000000000003	0.00010000000000000003	0.00010000000000000003	0.00010000000000000003
14	0.00010000000000000003	0.00010000000000000003	0.00010000000000000003	0.00010000000000000003	0.00010000000000000003	0.00010000000000000003	0.00010000000000000003	0.00010000000000000003	0.00010000000000000003	0.00010000000000000003	0.00010000000000000003	0.00010000000000000003	0.00010000000000000003	0.00010000000000000003	0.00010000000000000003	0.00010000000000000003
15	0.00010000000000000003	0.00010000000000000003	0.00010000000000000003	0.00010000000000000003	0.00010000000000000003	0.00010000000000000003	0.00010000000000000003	0.00010000000000000003	0.00010000000000000003	0.00010000000000000003	0.00010000000000000003	0.00010000000000000003	0.00010000000000000003	0.00010000000000000003	0.00010000000000000003	0.00010000000000000003
16	0.00010000000000000003	0.00010000000000000003	0.00010000000000000003	0.00010000000000000003	0.00010000000000000003	0.00010000000000000003	0.00010000000000000003	0.00010000000000000003	0.00010000000000000003	0.00010000000000000003	0.00010000000000000003	0.00010000000000000003	0.00010000000000000003	0.00010000000000000003	0.00010000000000000003	0.00010000000000000003
17	0.00010000000000000003	0.00010000000000000003	0.00010000000000000003	0.00010000000000000003	0.00010000000000000003	0.00010000000000000003	0.00010000000000000003	0.00010000000000000003	0.00010000000000000003	0.00010000000000000003	0.00010000000000000003	0.00010000000000000003	0.00010000000000000003	0.00010000000000000003	0.00010000000000000003	0.00010000000000000003
18	0.00010000000000000003	0.00010000000000000003	0.00010000000000000003	0.00010000000000000003	0.00010000000000000003	0.00010000000000000003	0.00010000000000000003	0.00010000000000000003	0.00010000000000000003	0.00010000000000000003	0.00010000000000000003	0.00010000000000000003	0.00010000000000000003	0.00010000000000000003	0.00010000000000000003	0.00010000000000000003
19	0.00010000000000000003	0.00010000000000000003	0.00010000000000000003	0.00010000000000000003	0.00010000000000000003	0.00010000000000000003	0.00010000000000000003	0.00010000000000000003	0.00010000000000000003	0.00010000000000000003	0.00010000000000000003	0.00010000000000000003	0.00010000000000000003	0.00010000000000000003	0.00010000000000000003	0.00010000000000000003
20	0.00010000000000000003	0.00010000000000000003	0.00010000000000000003	0.00010000000000000003	0.00010000000000000003	0.00010000000000000003	0.00010000000000000003	0.00010000000000000003	0.00010000000000000003	0.00010000000000000003	0.00010000000000000003	0.00010000000000000003	0.00010000000000000003	0.00010000000000000003	0.00010000000000000003	0.00010000000000000003
21	0.00010000000000000003	0.00010000000000000003	0.00010000000000000003	0.00010000000000000003	0.00010000000000000003	0.00010000000000000003	0.00010000000000000003	0.00010000000000000003	0.00010000000000000003	0.00010000000000000003	0.00010000000000000003	0.00010000000000000003	0.00010000000000000003	0.00010000000000000003	0.00010000000000000003	0.00010000000000000003
22	0.00010000000000000003	0.00010000000000000003	0.00010000000000000003	0.00010000000000000003	0.00010000000000000003	0.00010000000000000003	0.00010000000000000003	0.00010000000000000003	0.00010000000000000003	0.00010000000000000003	0.00010000000000000003	0.00010000000000000003	0.00010000000000000003	0.00010000000000000003	0.00010000000000000003	0.00010000000000000003
23	0.00010000000000000003	0.00010000000000000003	0.00010000000000000003	0.00010000000000000003	0.00010000000000000003	0.00010000000000000003	0.00010000000000000003	0.00010000000000000003	0.00010000000000000003	0.00010000000000000003	0.00010000000000000003	0.00010000000000000003	0.00010000000000000003	0.00010000000000000003	0.00010000000000000003	0.00010000000000000003
24	0.00010000000000000003	0.00010000000000000003	0.00010000000000000003	0.00010000000000000003	0.00010000000000000003	0.00010000000000000003	0.00010000000000000003	0.00010000000000000003	0.00010000000000000003	0.00010000000000000003	0.00010000000000000003	0.00010000000000000003	0.00010000000000000003	0.00010000000000000003	0.00010000000000000003	0.00010000000000000003
["ST_COLLECTOR","SA-BN",*,*] :	1	2	3	4	5	6	7	8	9	10	11	12	13	14	15	16 := 
1	0.00010000000000000003	0.00010000000000000003	0.00010000000000000003	0.00010000000000000003	0.00010000000000000003	0.00010000000000000003	0.00010000000000000003	0.00010000000000000003	0.00010000000000000003	0.00010000000000000003	0.00010000000000000003	0.00010000000000000003	0.00010000000000000003	0.00010000000000000003	0.00010000000000000003	0.00010000000000000003
2	0.00010000000000000003	0.00010000000000000003	0.00010000000000000003	0.00010000000000000003	0.00010000000000000003	0.00010000000000000003	0.00010000000000000003	0.00010000000000000003	0.00010000000000000003	0.00010000000000000003	0.00010000000000000003	0.00010000000000000003	0.00010000000000000003	0.00010000000000000003	0.00010000000000000003	0.00010000000000000003
3	0.00010000000000000003	0.00010000000000000003	0.00010000000000000003	0.00010000000000000003	0.00010000000000000003	0.00010000000000000003	0.00010000000000000003	0.00010000000000000003	0.00010000000000000003	0.00010000000000000003	0.00010000000000000003	0.00010000000000000003	0.00010000000000000003	0.00010000000000000003	0.00010000000000000003	0.00010000000000000003
4	0.00010000000000000003	0.00010000000000000003	0.00010000000000000003	0.00010000000000000003	0.00010000000000000003	0.00010000000000000003	0.00010000000000000003	0.00010000000000000003	0.00010000000000000003	0.00010000000000000003	0.00010000000000000003	0.00010000000000000003	0.00010000000000000003	0.00010000000000000003	0.00010000000000000003	0.00010000000000000003
5	0.00010000000000000003	0.00010000000000000003	0.00010000000000000003	0.00010000000000000003	0.00010000000000000003	0.00010000000000000003	0.00010000000000000003	0.00010000000000000003	0.00010000000000000003	0.00010000000000000003	0.00010000000000000003	0.00010000000000000003	0.00010000000000000003	0.00010000000000000003	0.00010000000000000003	0.00010000000000000003
6	0.00010000000000000003	0.00010000000000000003	0.00010000000000000003	0.00010000000000000003	0.00010000000000000003	0.00010000000000000003	0.00010000000000000003	0.00010000000000000003	0.00010000000000000003	0.00010000000000000003	0.00010000000000000003	0.00010000000000000003	0.00010000000000000003	0.00010000000000000003	0.00010000000000000003	0.00010000000000000003
7	0.00010000000000000003	0.00010000000000000003	0.00010000000000000003	0.00010000000000000003	0.00010000000000000003	0.00010000000000000003	0.00010000000000000003	0.00010000000000000003	0.00010000000000000003	0.00010000000000000003	0.00010000000000000003	0.00010000000000000003	0.00010000000000000003	0.00010000000000000003	0.00010000000000000003	0.00010000000000000003
8	0.00010000000000000003	0.00010000000000000003	0.00010000000000000003	0.00010000000000000003	0.00010000000000000003	0.00010000000000000003	0.00010000000000000003	0.00010000000000000003	0.00010000000000000003	0.00010000000000000003	0.00010000000000000003	0.00010000000000000003	0.00010000000000000003	0.00010000000000000003	0.00010000000000000003	0.00010000000000000003
9	0.00010000000000000003	0.00010000000000000003	0.00010000000000000003	0.00010000000000000003	0.00010000000000000003	0.00010000000000000003	0.00010000000000000003	0.00010000000000000003	0.00010000000000000003	0.00010000000000000003	0.00010000000000000003	0.00010000000000000003	0.00010000000000000003	0.00010000000000000003	0.00010000000000000003	0.00010000000000000003
10	0.00010000000000000003	0.00010000000000000003	0.00010000000000000003	0.00010000000000000003	0.00010000000000000003	0.00010000000000000003	0.00010000000000000003	0.00010000000000000003	0.00010000000000000003	0.00010000000000000003	0.00010000000000000003	0.00010000000000000003	0.00010000000000000003	0.00010000000000000003	0.00010000000000000003	0.00010000000000000003
11	0.00010000000000000003	0.00010000000000000003	0.00010000000000000003	0.00010000000000000003	0.00010000000000000003	0.00010000000000000003	0.00010000000000000003	0.00010000000000000003	0.00010000000000000003	0.00010000000000000003	0.00010000000000000003	0.00010000000000000003	0.00010000000000000003	0.00010000000000000003	0.00010000000000000003	0.00010000000000000003
12	0.00010000000000000003	0.00010000000000000003	0.00010000000000000003	0.00010000000000000003	0.00010000000000000003	0.00010000000000000003	0.00010000000000000003	0.00010000000000000003	0.00010000000000000003	0.00010000000000000003	0.00010000000000000003	0.00010000000000000003	0.00010000000000000003	0.00010000000000000003	0.00010000000000000003	0.00010000000000000003
13	0.00010000000000000003	0.00010000000000000003	0.00010000000000000003	0.00010000000000000003	0.00010000000000000003	0.00010000000000000003	0.00010000000000000003	0.00010000000000000003	0.00010000000000000003	0.00010000000000000003	0.00010000000000000003	0.00010000000000000003	0.00010000000000000003	0.00010000000000000003	0.00010000000000000003	0.00010000000000000003
14	0.00010000000000000003	0.00010000000000000003	0.00010000000000000003	0.00010000000000000003	0.00010000000000000003	0.00010000000000000003	0.00010000000000000003	0.00010000000000000003	0.00010000000000000003	0.00010000000000000003	0.00010000000000000003	0.00010000000000000003	0.00010000000000000003	0.00010000000000000003	0.00010000000000000003	0.00010000000000000003
15	0.00010000000000000003	0.00010000000000000003	0.00010000000000000003	0.00010000000000000003	0.00010000000000000003	0.00010000000000000003	0.00010000000000000003	0.00010000000000000003	0.00010000000000000003	0.00010000000000000003	0.00010000000000000003	0.00010000000000000003	0.00010000000000000003	0.00010000000000000003	0.00010000000000000003	0.00010000000000000003
16	0.00010000000000000003	0.00010000000000000003	0.00010000000000000003	0.00010000000000000003	0.00010000000000000003	0.00010000000000000003	0.00010000000000000003	0.00010000000000000003	0.00010000000000000003	0.00010000000000000003	0.00010000000000000003	0.00010000000000000003	0.00010000000000000003	0.00010000000000000003	0.00010000000000000003	0.00010000000000000003
17	0.00010000000000000003	0.00010000000000000003	0.00010000000000000003	0.00010000000000000003	0.00010000000000000003	0.00010000000000000003	0.00010000000000000003	0.00010000000000000003	0.00010000000000000003	0.00010000000000000003	0.00010000000000000003	0.00010000000000000003	0.00010000000000000003	0.00010000000000000003	0.00010000000000000003	0.00010000000000000003
18	0.00010000000000000003	0.00010000000000000003	0.00010000000000000003	0.00010000000000000003	0.00010000000000000003	0.00010000000000000003	0.00010000000000000003	0.00010000000000000003	0.00010000000000000003	0.00010000000000000003	0.00010000000000000003	0.00010000000000000003	0.00010000000000000003	0.00010000000000000003	0.00010000000000000003	0.00010000000000000003
19	0.00010000000000000003	0.00010000000000000003	0.00010000000000000003	0.00010000000000000003	0.00010000000000000003	0.00010000000000000003	0.00010000000000000003	0.00010000000000000003	0.00010000000000000003	0.00010000000000000003	0.00010000000000000003	0.00010000000000000003	0.00010000000000000003	0.00010000000000000003	0.00010000000000000003	0.00010000000000000003
20	0.00010000000000000003	0.00010000000000000003	0.00010000000000000003	0.00010000000000000003	0.00010000000000000003	0.00010000000000000003	0.00010000000000000003	0.00010000000000000003	0.00010000000000000003	0.00010000000000000003	0.00010000000000000003	0.00010000000000000003	0.00010000000000000003	0.00010000000000000003	0.00010000000000000003	0.00010000000000000003
21	0.00010000000000000003	0.00010000000000000003	0.00010000000000000003	0.00010000000000000003	0.00010000000000000003	0.00010000000000000003	0.00010000000000000003	0.00010000000000000003	0.00010000000000000003	0.00010000000000000003	0.00010000000000000003	0.00010000000000000003	0.00010000000000000003	0.00010000000000000003	0.00010000000000000003	0.00010000000000000003
22	0.00010000000000000003	0.00010000000000000003	0.00010000000000000003	0.00010000000000000003	0.00010000000000000003	0.00010000000000000003	0.00010000000000000003	0.00010000000000000003	0.00010000000000000003	0.00010000000000000003	0.00010000000000000003	0.00010000000000000003	0.00010000000000000003	0.00010000000000000003	0.00010000000000000003	0.00010000000000000003
23	0.00010000000000000003	0.00010000000000000003	0.00010000000000000003	0.00010000000000000003	0.00010000000000000003	0.00010000000000000003	0.00010000000000000003	0.00010000000000000003	0.00010000000000000003	0.00010000000000000003	0.00010000000000000003	0.00010000000000000003	0.00010000000000000003	0.00010000000000000003	0.00010000000000000003	0.00010000000000000003
24	0.00010000000000000003	0.00010000000000000003	0.00010000000000000003	0.00010000000000000003	0.00010000000000000003	0.00010000000000000003	0.00010000000000000003	0.00010000000000000003	0.00010000000000000003	0.00010000000000000003	0.00010000000000000003	0.00010000000000000003	0.00010000000000000003	0.00010000000000000003	0.00010000000000000003	0.00010000000000000003
["ST_COLLECTOR","SA-PA",*,*] :	1	2	3	4	5	6	7	8	9	10	11	12	13	14	15	16 := 
1	0.00010000000000000003	0.00010000000000000003	0.00010000000000000003	0.00010000000000000003	0.00010000000000000003	0.00010000000000000003	0.00010000000000000003	0.00010000000000000003	0.00010000000000000003	0.00010000000000000003	0.00010000000000000003	0.00010000000000000003	0.00010000000000000003	0.00010000000000000003	0.00010000000000000003	0.00010000000000000003
2	0.00010000000000000003	0.00010000000000000003	0.00010000000000000003	0.00010000000000000003	0.00010000000000000003	0.00010000000000000003	0.00010000000000000003	0.00010000000000000003	0.00010000000000000003	0.00010000000000000003	0.00010000000000000003	0.00010000000000000003	0.00010000000000000003	0.00010000000000000003	0.00010000000000000003	0.00010000000000000003
3	0.00010000000000000003	0.00010000000000000003	0.00010000000000000003	0.00010000000000000003	0.00010000000000000003	0.00010000000000000003	0.00010000000000000003	0.00010000000000000003	0.00010000000000000003	0.00010000000000000003	0.00010000000000000003	0.00010000000000000003	0.00010000000000000003	0.00010000000000000003	0.00010000000000000003	0.00010000000000000003
4	0.00010000000000000003	0.00010000000000000003	0.00010000000000000003	0.00010000000000000003	0.00010000000000000003	0.00010000000000000003	0.00010000000000000003	0.00010000000000000003	0.00010000000000000003	0.00010000000000000003	0.00010000000000000003	0.00010000000000000003	0.00010000000000000003	0.00010000000000000003	0.00010000000000000003	0.00010000000000000003
5	0.00010000000000000003	0.00010000000000000003	0.00010000000000000003	0.00010000000000000003	0.00010000000000000003	0.00010000000000000003	0.00010000000000000003	0.00010000000000000003	0.00010000000000000003	0.00010000000000000003	0.00010000000000000003	0.00010000000000000003	0.00010000000000000003	0.00010000000000000003	0.00010000000000000003	0.00010000000000000003
6	0.00010000000000000003	0.00010000000000000003	0.00010000000000000003	0.00010000000000000003	0.00010000000000000003	0.00010000000000000003	0.00010000000000000003	0.00010000000000000003	0.00010000000000000003	0.00010000000000000003	0.00010000000000000003	0.00010000000000000003	0.00010000000000000003	0.00010000000000000003	0.00010000000000000003	0.00010000000000000003
7	0.00010000000000000003	0.00010000000000000003	0.00010000000000000003	0.00010000000000000003	0.00010000000000000003	0.00010000000000000003	0.00010000000000000003	0.00010000000000000003	0.00010000000000000003	0.00010000000000000003	0.00010000000000000003	0.00010000000000000003	0.00010000000000000003	0.00010000000000000003	0.00010000000000000003	0.00010000000000000003
8	0.00010000000000000003	0.00010000000000000003	0.00010000000000000003	0.00010000000000000003	0.00010000000000000003	0.00010000000000000003	0.00010000000000000003	0.00010000000000000003	0.00010000000000000003	0.00010000000000000003	0.00010000000000000003	0.00010000000000000003	0.00010000000000000003	0.00010000000000000003	0.00010000000000000003	0.00010000000000000003
9	0.00010000000000000003	0.00010000000000000003	0.00010000000000000003	0.00010000000000000003	0.00010000000000000003	0.00010000000000000003	0.00010000000000000003	0.00010000000000000003	0.00010000000000000003	0.00010000000000000003	0.00010000000000000003	0.00010000000000000003	0.00010000000000000003	0.00010000000000000003	0.00010000000000000003	0.00010000000000000003
10	0.00010000000000000003	0.00010000000000000003	0.00010000000000000003	0.00010000000000000003	0.00010000000000000003	0.00010000000000000003	0.00010000000000000003	0.00010000000000000003	0.00010000000000000003	0.00010000000000000003	0.00010000000000000003	0.00010000000000000003	0.00010000000000000003	0.00010000000000000003	0.00010000000000000003	0.00010000000000000003
11	0.00010000000000000003	0.00010000000000000003	0.00010000000000000003	0.00010000000000000003	0.00010000000000000003	0.00010000000000000003	0.00010000000000000003	0.00010000000000000003	0.00010000000000000003	0.00010000000000000003	0.00010000000000000003	0.00010000000000000003	0.00010000000000000003	0.00010000000000000003	0.00010000000000000003	0.00010000000000000003
12	0.00010000000000000003	0.00010000000000000003	0.00010000000000000003	0.00010000000000000003	0.00010000000000000003	0.00010000000000000003	0.00010000000000000003	0.00010000000000000003	0.00010000000000000003	0.00010000000000000003	0.00010000000000000003	0.00010000000000000003	0.00010000000000000003	0.00010000000000000003	0.00010000000000000003	0.00010000000000000003
13	0.00010000000000000003	0.00010000000000000003	0.00010000000000000003	0.00010000000000000003	0.00010000000000000003	0.00010000000000000003	0.00010000000000000003	0.00010000000000000003	0.00010000000000000003	0.00010000000000000003	0.00010000000000000003	0.00010000000000000003	0.00010000000000000003	0.00010000000000000003	0.00010000000000000003	0.00010000000000000003
14	0.00010000000000000003	0.00010000000000000003	0.00010000000000000003	0.00010000000000000003	0.00010000000000000003	0.00010000000000000003	0.00010000000000000003	0.00010000000000000003	0.00010000000000000003	0.00010000000000000003	0.00010000000000000003	0.00010000000000000003	0.00010000000000000003	0.00010000000000000003	0.00010000000000000003	0.00010000000000000003
15	0.00010000000000000003	0.00010000000000000003	0.00010000000000000003	0.00010000000000000003	0.00010000000000000003	0.00010000000000000003	0.00010000000000000003	0.00010000000000000003	0.00010000000000000003	0.00010000000000000003	0.00010000000000000003	0.00010000000000000003	0.00010000000000000003	0.00010000000000000003	0.00010000000000000003	0.00010000000000000003
16	0.00010000000000000003	0.00010000000000000003	0.00010000000000000003	0.00010000000000000003	0.00010000000000000003	0.00010000000000000003	0.00010000000000000003	0.00010000000000000003	0.00010000000000000003	0.00010000000000000003	0.00010000000000000003	0.00010000000000000003	0.00010000000000000003	0.00010000000000000003	0.00010000000000000003	0.00010000000000000003
17	0.00010000000000000003	0.00010000000000000003	0.00010000000000000003	0.00010000000000000003	0.00010000000000000003	0.00010000000000000003	0.00010000000000000003	0.00010000000000000003	0.00010000000000000003	0.00010000000000000003	0.00010000000000000003	0.00010000000000000003	0.00010000000000000003	0.00010000000000000003	0.00010000000000000003	0.00010000000000000003
18	0.00010000000000000003	0.00010000000000000003	0.00010000000000000003	0.00010000000000000003	0.00010000000000000003	0.00010000000000000003	0.00010000000000000003	0.00010000000000000003	0.00010000000000000003	0.00010000000000000003	0.00010000000000000003	0.00010000000000000003	0.00010000000000000003	0.00010000000000000003	0.00010000000000000003	0.00010000000000000003
19	0.00010000000000000003	0.00010000000000000003	0.00010000000000000003	0.00010000000000000003	0.00010000000000000003	0.00010000000000000003	0.00010000000000000003	0.00010000000000000003	0.00010000000000000003	0.00010000000000000003	0.00010000000000000003	0.00010000000000000003	0.00010000000000000003	0.00010000000000000003	0.00010000000000000003	0.00010000000000000003
20	0.00010000000000000003	0.00010000000000000003	0.00010000000000000003	0.00010000000000000003	0.00010000000000000003	0.00010000000000000003	0.00010000000000000003	0.00010000000000000003	0.00010000000000000003	0.00010000000000000003	0.00010000000000000003	0.00010000000000000003	0.00010000000000000003	0.00010000000000000003	0.00010000000000000003	0.00010000000000000003
21	0.00010000000000000003	0.00010000000000000003	0.00010000000000000003	0.00010000000000000003	0.00010000000000000003	0.00010000000000000003	0.00010000000000000003	0.00010000000000000003	0.00010000000000000003	0.00010000000000000003	0.00010000000000000003	0.00010000000000000003	0.00010000000000000003	0.00010000000000000003	0.00010000000000000003	0.00010000000000000003
22	0.00010000000000000003	0.00010000000000000003	0.00010000000000000003	0.00010000000000000003	0.00010000000000000003	0.00010000000000000003	0.00010000000000000003	0.00010000000000000003	0.00010000000000000003	0.00010000000000000003	0.00010000000000000003	0.00010000000000000003	0.00010000000000000003	0.00010000000000000003	0.00010000000000000003	0.00010000000000000003
23	0.00010000000000000003	0.00010000000000000003	0.00010000000000000003	0.00010000000000000003	0.00010000000000000003	0.00010000000000000003	0.00010000000000000003	0.00010000000000000003	0.00010000000000000003	0.00010000000000000003	0.00010000000000000003	0.00010000000000000003	0.00010000000000000003	0.00010000000000000003	0.00010000000000000003	0.00010000000000000003
24	0.00010000000000000003	0.00010000000000000003	0.00010000000000000003	0.00010000000000000003	0.00010000000000000003	0.00010000000000000003	0.00010000000000000003	0.00010000000000000003	0.00010000000000000003	0.00010000000000000003	0.00010000000000000003	0.00010000000000000003	0.00010000000000000003	0.00010000000000000003	0.00010000000000000003	0.00010000000000000003
["ST_COLLECTOR","SA-SC",*,*] :	1	2	3	4	5	6	7	8	9	10	11	12	13	14	15	16 := 
1	0.00010000000000000003	0.00010000000000000003	0.00010000000000000003	0.00010000000000000003	0.00010000000000000003	0.00010000000000000003	0.00010000000000000003	0.00010000000000000003	0.00010000000000000003	0.00010000000000000003	0.00010000000000000003	0.00010000000000000003	0.00010000000000000003	0.00010000000000000003	0.00010000000000000003	0.00010000000000000003
2	0.00010000000000000003	0.00010000000000000003	0.00010000000000000003	0.00010000000000000003	0.00010000000000000003	0.00010000000000000003	0.00010000000000000003	0.00010000000000000003	0.00010000000000000003	0.00010000000000000003	0.00010000000000000003	0.00010000000000000003	0.00010000000000000003	0.00010000000000000003	0.00010000000000000003	0.00010000000000000003
3	0.00010000000000000003	0.00010000000000000003	0.00010000000000000003	0.00010000000000000003	0.00010000000000000003	0.00010000000000000003	0.00010000000000000003	0.00010000000000000003	0.00010000000000000003	0.00010000000000000003	0.00010000000000000003	0.00010000000000000003	0.00010000000000000003	0.00010000000000000003	0.00010000000000000003	0.00010000000000000003
4	0.00010000000000000003	0.00010000000000000003	0.00010000000000000003	0.00010000000000000003	0.00010000000000000003	0.00010000000000000003	0.00010000000000000003	0.00010000000000000003	0.00010000000000000003	0.00010000000000000003	0.00010000000000000003	0.00010000000000000003	0.00010000000000000003	0.00010000000000000003	0.00010000000000000003	0.00010000000000000003
5	0.00010000000000000003	0.00010000000000000003	0.00010000000000000003	0.00010000000000000003	0.00010000000000000003	0.00010000000000000003	0.00010000000000000003	0.00010000000000000003	0.00010000000000000003	0.00010000000000000003	0.00010000000000000003	0.00010000000000000003	0.00010000000000000003	0.00010000000000000003	0.00010000000000000003	0.00010000000000000003
6	0.00010000000000000003	0.00010000000000000003	0.00010000000000000003	0.00010000000000000003	0.00010000000000000003	0.00010000000000000003	0.00010000000000000003	0.00010000000000000003	0.00010000000000000003	0.00010000000000000003	0.00010000000000000003	0.00010000000000000003	0.00010000000000000003	0.00010000000000000003	0.00010000000000000003	0.00010000000000000003
7	0.00010000000000000003	0.00010000000000000003	0.00010000000000000003	0.00010000000000000003	0.00010000000000000003	0.00010000000000000003	0.00010000000000000003	0.00010000000000000003	0.00010000000000000003	0.00010000000000000003	0.00010000000000000003	0.00010000000000000003	0.00010000000000000003	0.00010000000000000003	0.00010000000000000003	0.00010000000000000003
8	0.00010000000000000003	0.00010000000000000003	0.00010000000000000003	0.00010000000000000003	0.00010000000000000003	0.00010000000000000003	0.00010000000000000003	0.00010000000000000003	0.00010000000000000003	0.00010000000000000003	0.00010000000000000003	0.00010000000000000003	0.00010000000000000003	0.00010000000000000003	0.00010000000000000003	0.00010000000000000003
9	0.00010000000000000003	0.00010000000000000003	0.00010000000000000003	0.00010000000000000003	0.00010000000000000003	0.00010000000000000003	0.00010000000000000003	0.00010000000000000003	0.00010000000000000003	0.00010000000000000003	0.00010000000000000003	0.00010000000000000003	0.00010000000000000003	0.00010000000000000003	0.00010000000000000003	0.00010000000000000003
10	0.00010000000000000003	0.00010000000000000003	0.00010000000000000003	0.00010000000000000003	0.00010000000000000003	0.00010000000000000003	0.00010000000000000003	0.00010000000000000003	0.00010000000000000003	0.00010000000000000003	0.00010000000000000003	0.00010000000000000003	0.00010000000000000003	0.00010000000000000003	0.00010000000000000003	0.00010000000000000003
11	0.00010000000000000003	0.00010000000000000003	0.00010000000000000003	0.00010000000000000003	0.00010000000000000003	0.00010000000000000003	0.00010000000000000003	0.00010000000000000003	0.00010000000000000003	0.00010000000000000003	0.00010000000000000003	0.00010000000000000003	0.00010000000000000003	0.00010000000000000003	0.00010000000000000003	0.00010000000000000003
12	0.00010000000000000003	0.00010000000000000003	0.00010000000000000003	0.00010000000000000003	0.00010000000000000003	0.00010000000000000003	0.00010000000000000003	0.00010000000000000003	0.00010000000000000003	0.00010000000000000003	0.00010000000000000003	0.00010000000000000003	0.00010000000000000003	0.00010000000000000003	0.00010000000000000003	0.00010000000000000003
13	0.00010000000000000003	0.00010000000000000003	0.00010000000000000003	0.00010000000000000003	0.00010000000000000003	0.00010000000000000003	0.00010000000000000003	0.00010000000000000003	0.00010000000000000003	0.00010000000000000003	0.00010000000000000003	0.00010000000000000003	0.00010000000000000003	0.00010000000000000003	0.00010000000000000003	0.00010000000000000003
14	0.00010000000000000003	0.00010000000000000003	0.00010000000000000003	0.00010000000000000003	0.00010000000000000003	0.00010000000000000003	0.00010000000000000003	0.00010000000000000003	0.00010000000000000003	0.00010000000000000003	0.00010000000000000003	0.00010000000000000003	0.00010000000000000003	0.00010000000000000003	0.00010000000000000003	0.00010000000000000003
15	0.00010000000000000003	0.00010000000000000003	0.00010000000000000003	0.00010000000000000003	0.00010000000000000003	0.00010000000000000003	0.00010000000000000003	0.00010000000000000003	0.00010000000000000003	0.00010000000000000003	0.00010000000000000003	0.00010000000000000003	0.00010000000000000003	0.00010000000000000003	0.00010000000000000003	0.00010000000000000003
16	0.00010000000000000003	0.00010000000000000003	0.00010000000000000003	0.00010000000000000003	0.00010000000000000003	0.00010000000000000003	0.00010000000000000003	0.00010000000000000003	0.00010000000000000003	0.00010000000000000003	0.00010000000000000003	0.00010000000000000003	0.00010000000000000003	0.00010000000000000003	0.00010000000000000003	0.00010000000000000003
17	0.00010000000000000003	0.00010000000000000003	0.00010000000000000003	0.00010000000000000003	0.00010000000000000003	0.00010000000000000003	0.00010000000000000003	0.00010000000000000003	0.00010000000000000003	0.00010000000000000003	0.00010000000000000003	0.00010000000000000003	0.00010000000000000003	0.00010000000000000003	0.00010000000000000003	0.00010000000000000003
18	0.00010000000000000003	0.00010000000000000003	0.00010000000000000003	0.00010000000000000003	0.00010000000000000003	0.00010000000000000003	0.00010000000000000003	0.00010000000000000003	0.00010000000000000003	0.00010000000000000003	0.00010000000000000003	0.00010000000000000003	0.00010000000000000003	0.00010000000000000003	0.00010000000000000003	0.00010000000000000003
19	0.00010000000000000003	0.00010000000000000003	0.00010000000000000003	0.00010000000000000003	0.00010000000000000003	0.00010000000000000003	0.00010000000000000003	0.00010000000000000003	0.00010000000000000003	0.00010000000000000003	0.00010000000000000003	0.00010000000000000003	0.00010000000000000003	0.00010000000000000003	0.00010000000000000003	0.00010000000000000003
20	0.00010000000000000003	0.00010000000000000003	0.00010000000000000003	0.00010000000000000003	0.00010000000000000003	0.00010000000000000003	0.00010000000000000003	0.00010000000000000003	0.00010000000000000003	0.00010000000000000003	0.00010000000000000003	0.00010000000000000003	0.00010000000000000003	0.00010000000000000003	0.00010000000000000003	0.00010000000000000003
21	0.00010000000000000003	0.00010000000000000003	0.00010000000000000003	0.00010000000000000003	0.00010000000000000003	0.00010000000000000003	0.00010000000000000003	0.00010000000000000003	0.00010000000000000003	0.00010000000000000003	0.00010000000000000003	0.00010000000000000003	0.00010000000000000003	0.00010000000000000003	0.00010000000000000003	0.00010000000000000003
22	0.00010000000000000003	0.00010000000000000003	0.00010000000000000003	0.00010000000000000003	0.00010000000000000003	0.00010000000000000003	0.00010000000000000003	0.00010000000000000003	0.00010000000000000003	0.00010000000000000003	0.00010000000000000003	0.00010000000000000003	0.00010000000000000003	0.00010000000000000003	0.00010000000000000003	0.00010000000000000003
23	0.00010000000000000003	0.00010000000000000003	0.00010000000000000003	0.00010000000000000003	0.00010000000000000003	0.00010000000000000003	0.00010000000000000003	0.00010000000000000003	0.00010000000000000003	0.00010000000000000003	0.00010000000000000003	0.00010000000000000003	0.00010000000000000003	0.00010000000000000003	0.00010000000000000003	0.00010000000000000003
24	0.00010000000000000003	0.00010000000000000003	0.00010000000000000003	0.00010000000000000003	0.00010000000000000003	0.00010000000000000003	0.00010000000000000003	0.00010000000000000003	0.00010000000000000003	0.00010000000000000003	0.00010000000000000003	0.00010000000000000003	0.00010000000000000003	0.00010000000000000003	0.00010000000000000003	0.00010000000000000003
["ST_COLLECTOR","SA-TJ",*,*] :	1	2	3	4	5	6	7	8	9	10	11	12	13	14	15	16 := 
1	0.00010000000000000003	0.00010000000000000003	0.00010000000000000003	0.00010000000000000003	0.00010000000000000003	0.00010000000000000003	0.00010000000000000003	0.00010000000000000003	0.00010000000000000003	0.00010000000000000003	0.00010000000000000003	0.00010000000000000003	0.00010000000000000003	0.00010000000000000003	0.00010000000000000003	0.00010000000000000003
2	0.00010000000000000003	0.00010000000000000003	0.00010000000000000003	0.00010000000000000003	0.00010000000000000003	0.00010000000000000003	0.00010000000000000003	0.00010000000000000003	0.00010000000000000003	0.00010000000000000003	0.00010000000000000003	0.00010000000000000003	0.00010000000000000003	0.00010000000000000003	0.00010000000000000003	0.00010000000000000003
3	0.00010000000000000003	0.00010000000000000003	0.00010000000000000003	0.00010000000000000003	0.00010000000000000003	0.00010000000000000003	0.00010000000000000003	0.00010000000000000003	0.00010000000000000003	0.00010000000000000003	0.00010000000000000003	0.00010000000000000003	0.00010000000000000003	0.00010000000000000003	0.00010000000000000003	0.00010000000000000003
4	0.00010000000000000003	0.00010000000000000003	0.00010000000000000003	0.00010000000000000003	0.00010000000000000003	0.00010000000000000003	0.00010000000000000003	0.00010000000000000003	0.00010000000000000003	0.00010000000000000003	0.00010000000000000003	0.00010000000000000003	0.00010000000000000003	0.00010000000000000003	0.00010000000000000003	0.00010000000000000003
5	0.00010000000000000003	0.00010000000000000003	0.00010000000000000003	0.00010000000000000003	0.00010000000000000003	0.00010000000000000003	0.00010000000000000003	0.00010000000000000003	0.00010000000000000003	0.00010000000000000003	0.00010000000000000003	0.00010000000000000003	0.00010000000000000003	0.00010000000000000003	0.00010000000000000003	0.00010000000000000003
6	0.00010000000000000003	0.00010000000000000003	0.00010000000000000003	0.00010000000000000003	0.00010000000000000003	0.00010000000000000003	0.00010000000000000003	0.00010000000000000003	0.00010000000000000003	0.00010000000000000003	0.00010000000000000003	0.00010000000000000003	0.00010000000000000003	0.00010000000000000003	0.00010000000000000003	0.00010000000000000003
7	0.00010000000000000003	0.00010000000000000003	0.00010000000000000003	0.00010000000000000003	0.00010000000000000003	0.00010000000000000003	0.00010000000000000003	0.00010000000000000003	0.00010000000000000003	0.00010000000000000003	0.00010000000000000003	0.00010000000000000003	0.00010000000000000003	0.00010000000000000003	0.00010000000000000003	0.00010000000000000003
8	0.00010000000000000003	0.00010000000000000003	0.00010000000000000003	0.00010000000000000003	0.00010000000000000003	0.00010000000000000003	0.00010000000000000003	0.00010000000000000003	0.00010000000000000003	0.00010000000000000003	0.00010000000000000003	0.00010000000000000003	0.00010000000000000003	0.00010000000000000003	0.00010000000000000003	0.00010000000000000003
9	0.00010000000000000003	0.00010000000000000003	0.00010000000000000003	0.00010000000000000003	0.00010000000000000003	0.00010000000000000003	0.00010000000000000003	0.00010000000000000003	0.00010000000000000003	0.00010000000000000003	0.00010000000000000003	0.00010000000000000003	0.00010000000000000003	0.00010000000000000003	0.00010000000000000003	0.00010000000000000003
10	0.00010000000000000003	0.00010000000000000003	0.00010000000000000003	0.00010000000000000003	0.00010000000000000003	0.00010000000000000003	0.00010000000000000003	0.00010000000000000003	0.00010000000000000003	0.00010000000000000003	0.00010000000000000003	0.00010000000000000003	0.00010000000000000003	0.00010000000000000003	0.00010000000000000003	0.00010000000000000003
11	0.00010000000000000003	0.00010000000000000003	0.00010000000000000003	0.00010000000000000003	0.00010000000000000003	0.00010000000000000003	0.00010000000000000003	0.00010000000000000003	0.00010000000000000003	0.00010000000000000003	0.00010000000000000003	0.00010000000000000003	0.00010000000000000003	0.00010000000000000003	0.00010000000000000003	0.00010000000000000003
12	0.00010000000000000003	0.00010000000000000003	0.00010000000000000003	0.00010000000000000003	0.00010000000000000003	0.00010000000000000003	0.00010000000000000003	0.00010000000000000003	0.00010000000000000003	0.00010000000000000003	0.00010000000000000003	0.00010000000000000003	0.00010000000000000003	0.00010000000000000003	0.00010000000000000003	0.00010000000000000003
13	0.00010000000000000003	0.00010000000000000003	0.00010000000000000003	0.00010000000000000003	0.00010000000000000003	0.00010000000000000003	0.00010000000000000003	0.00010000000000000003	0.00010000000000000003	0.00010000000000000003	0.00010000000000000003	0.00010000000000000003	0.00010000000000000003	0.00010000000000000003	0.00010000000000000003	0.00010000000000000003
14	0.00010000000000000003	0.00010000000000000003	0.00010000000000000003	0.00010000000000000003	0.00010000000000000003	0.00010000000000000003	0.00010000000000000003	0.00010000000000000003	0.00010000000000000003	0.00010000000000000003	0.00010000000000000003	0.00010000000000000003	0.00010000000000000003	0.00010000000000000003	0.00010000000000000003	0.00010000000000000003
15	0.00010000000000000003	0.00010000000000000003	0.00010000000000000003	0.00010000000000000003	0.00010000000000000003	0.00010000000000000003	0.00010000000000000003	0.00010000000000000003	0.00010000000000000003	0.00010000000000000003	0.00010000000000000003	0.00010000000000000003	0.00010000000000000003	0.00010000000000000003	0.00010000000000000003	0.00010000000000000003
16	0.00010000000000000003	0.00010000000000000003	0.00010000000000000003	0.00010000000000000003	0.00010000000000000003	0.00010000000000000003	0.00010000000000000003	0.00010000000000000003	0.00010000000000000003	0.00010000000000000003	0.00010000000000000003	0.00010000000000000003	0.00010000000000000003	0.00010000000000000003	0.00010000000000000003	0.00010000000000000003
17	0.00010000000000000003	0.00010000000000000003	0.00010000000000000003	0.00010000000000000003	0.00010000000000000003	0.00010000000000000003	0.00010000000000000003	0.00010000000000000003	0.00010000000000000003	0.00010000000000000003	0.00010000000000000003	0.00010000000000000003	0.00010000000000000003	0.00010000000000000003	0.00010000000000000003	0.00010000000000000003
18	0.00010000000000000003	0.00010000000000000003	0.00010000000000000003	0.00010000000000000003	0.00010000000000000003	0.00010000000000000003	0.00010000000000000003	0.00010000000000000003	0.00010000000000000003	0.00010000000000000003	0.00010000000000000003	0.00010000000000000003	0.00010000000000000003	0.00010000000000000003	0.00010000000000000003	0.00010000000000000003
19	0.00010000000000000003	0.00010000000000000003	0.00010000000000000003	0.00010000000000000003	0.00010000000000000003	0.00010000000000000003	0.00010000000000000003	0.00010000000000000003	0.00010000000000000003	0.00010000000000000003	0.00010000000000000003	0.00010000000000000003	0.00010000000000000003	0.00010000000000000003	0.00010000000000000003	0.00010000000000000003
20	0.00010000000000000003	0.00010000000000000003	0.00010000000000000003	0.00010000000000000003	0.00010000000000000003	0.00010000000000000003	0.00010000000000000003	0.00010000000000000003	0.00010000000000000003	0.00010000000000000003	0.00010000000000000003	0.00010000000000000003	0.00010000000000000003	0.00010000000000000003	0.00010000000000000003	0.00010000000000000003
21	0.00010000000000000003	0.00010000000000000003	0.00010000000000000003	0.00010000000000000003	0.00010000000000000003	0.00010000000000000003	0.00010000000000000003	0.00010000000000000003	0.00010000000000000003	0.00010000000000000003	0.00010000000000000003	0.00010000000000000003	0.00010000000000000003	0.00010000000000000003	0.00010000000000000003	0.00010000000000000003
22	0.00010000000000000003	0.00010000000000000003	0.00010000000000000003	0.00010000000000000003	0.00010000000000000003	0.00010000000000000003	0.00010000000000000003	0.00010000000000000003	0.00010000000000000003	0.00010000000000000003	0.00010000000000000003	0.00010000000000000003	0.00010000000000000003	0.00010000000000000003	0.00010000000000000003	0.00010000000000000003
23	0.00010000000000000003	0.00010000000000000003	0.00010000000000000003	0.00010000000000000003	0.00010000000000000003	0.00010000000000000003	0.00010000000000000003	0.00010000000000000003	0.00010000000000000003	0.00010000000000000003	0.00010000000000000003	0.00010000000000000003	0.00010000000000000003	0.00010000000000000003	0.00010000000000000003	0.00010000000000000003
24	0.00010000000000000003	0.00010000000000000003	0.00010000000000000003	0.00010000000000000003	0.00010000000000000003	0.00010000000000000003	0.00010000000000000003	0.00010000000000000003	0.00010000000000000003	0.00010000000000000003	0.00010000000000000003	0.00010000000000000003	0.00010000000000000003	0.00010000000000000003	0.00010000000000000003	0.00010000000000000003
["ST_COLLECTOR","SIN",*,*] :	1	2	3	4	5	6	7	8	9	10	11	12	13	14	15	16 := 
1	0.00010000000000000003	0.00010000000000000003	0.00010000000000000003	0.00010000000000000003	0.00010000000000000003	0.00010000000000000003	0.00010000000000000003	0.00010000000000000003	0.00010000000000000003	0.00010000000000000003	0.00010000000000000003	0.00010000000000000003	0.00010000000000000003	0.00010000000000000003	0.00010000000000000003	0.00010000000000000003
2	0.00010000000000000003	0.00010000000000000003	0.00010000000000000003	0.00010000000000000003	0.00010000000000000003	0.00010000000000000003	0.00010000000000000003	0.00010000000000000003	0.00010000000000000003	0.00010000000000000003	0.00010000000000000003	0.00010000000000000003	0.00010000000000000003	0.00010000000000000003	0.00010000000000000003	0.00010000000000000003
3	0.00010000000000000003	0.00010000000000000003	0.00010000000000000003	0.00010000000000000003	0.00010000000000000003	0.00010000000000000003	0.00010000000000000003	0.00010000000000000003	0.00010000000000000003	0.00010000000000000003	0.00010000000000000003	0.00010000000000000003	0.00010000000000000003	0.00010000000000000003	0.00010000000000000003	0.00010000000000000003
4	0.00010000000000000003	0.00010000000000000003	0.00010000000000000003	0.00010000000000000003	0.00010000000000000003	0.00010000000000000003	0.00010000000000000003	0.00010000000000000003	0.00010000000000000003	0.00010000000000000003	0.00010000000000000003	0.00010000000000000003	0.00010000000000000003	0.00010000000000000003	0.00010000000000000003	0.00010000000000000003
5	0.00010000000000000003	0.00010000000000000003	0.00010000000000000003	0.00010000000000000003	0.00010000000000000003	0.00010000000000000003	0.00010000000000000003	0.00010000000000000003	0.00010000000000000003	0.00010000000000000003	0.00010000000000000003	0.00010000000000000003	0.00010000000000000003	0.00010000000000000003	0.00010000000000000003	0.00010000000000000003
6	0.00010000000000000003	0.00010000000000000003	0.00010000000000000003	0.00010000000000000003	0.00010000000000000003	0.00010000000000000003	0.00010000000000000003	0.00010000000000000003	0.00010000000000000003	0.00010000000000000003	0.00010000000000000003	0.00010000000000000003	0.00010000000000000003	0.00010000000000000003	0.00010000000000000003	0.00010000000000000003
7	0.00010000000000000003	0.00010000000000000003	0.00010000000000000003	0.00010000000000000003	0.00010000000000000003	0.00010000000000000003	0.00010000000000000003	0.00010000000000000003	0.00010000000000000003	0.00010000000000000003	0.00010000000000000003	0.00010000000000000003	0.00010000000000000003	0.00010000000000000003	0.00010000000000000003	0.00010000000000000003
8	0.00010000000000000003	0.00010000000000000003	0.00010000000000000003	0.00010000000000000003	0.00010000000000000003	0.00010000000000000003	0.00010000000000000003	0.00010000000000000003	0.00010000000000000003	0.00010000000000000003	0.00010000000000000003	0.00010000000000000003	0.00010000000000000003	0.00010000000000000003	0.00010000000000000003	0.00010000000000000003
9	0.00010000000000000003	0.00010000000000000003	0.00010000000000000003	0.00010000000000000003	0.00010000000000000003	0.00010000000000000003	0.00010000000000000003	0.00010000000000000003	0.00010000000000000003	0.00010000000000000003	0.00010000000000000003	0.00010000000000000003	0.00010000000000000003	0.00010000000000000003	0.00010000000000000003	0.00010000000000000003
10	0.00010000000000000003	0.00010000000000000003	0.00010000000000000003	0.00010000000000000003	0.00010000000000000003	0.00010000000000000003	0.00010000000000000003	0.00010000000000000003	0.00010000000000000003	0.00010000000000000003	0.00010000000000000003	0.00010000000000000003	0.00010000000000000003	0.00010000000000000003	0.00010000000000000003	0.00010000000000000003
11	0.00010000000000000003	0.00010000000000000003	0.00010000000000000003	0.00010000000000000003	0.00010000000000000003	0.00010000000000000003	0.00010000000000000003	0.00010000000000000003	0.00010000000000000003	0.00010000000000000003	0.00010000000000000003	0.00010000000000000003	0.00010000000000000003	0.00010000000000000003	0.00010000000000000003	0.00010000000000000003
12	0.00010000000000000003	0.00010000000000000003	0.00010000000000000003	0.00010000000000000003	0.00010000000000000003	0.00010000000000000003	0.00010000000000000003	0.00010000000000000003	0.00010000000000000003	0.00010000000000000003	0.00010000000000000003	0.00010000000000000003	0.00010000000000000003	0.00010000000000000003	0.00010000000000000003	0.00010000000000000003
13	0.00010000000000000003	0.00010000000000000003	0.00010000000000000003	0.00010000000000000003	0.00010000000000000003	0.00010000000000000003	0.00010000000000000003	0.00010000000000000003	0.00010000000000000003	0.00010000000000000003	0.00010000000000000003	0.00010000000000000003	0.00010000000000000003	0.00010000000000000003	0.00010000000000000003	0.00010000000000000003
14	0.00010000000000000003	0.00010000000000000003	0.00010000000000000003	0.00010000000000000003	0.00010000000000000003	0.00010000000000000003	0.00010000000000000003	0.00010000000000000003	0.00010000000000000003	0.00010000000000000003	0.00010000000000000003	0.00010000000000000003	0.00010000000000000003	0.00010000000000000003	0.00010000000000000003	0.00010000000000000003
15	0.00010000000000000003	0.00010000000000000003	0.00010000000000000003	0.00010000000000000003	0.00010000000000000003	0.00010000000000000003	0.00010000000000000003	0.00010000000000000003	0.00010000000000000003	0.00010000000000000003	0.00010000000000000003	0.00010000000000000003	0.00010000000000000003	0.00010000000000000003	0.00010000000000000003	0.00010000000000000003
16	0.00010000000000000003	0.00010000000000000003	0.00010000000000000003	0.00010000000000000003	0.00010000000000000003	0.00010000000000000003	0.00010000000000000003	0.00010000000000000003	0.00010000000000000003	0.00010000000000000003	0.00010000000000000003	0.00010000000000000003	0.00010000000000000003	0.00010000000000000003	0.00010000000000000003	0.00010000000000000003
17	0.00010000000000000003	0.00010000000000000003	0.00010000000000000003	0.00010000000000000003	0.00010000000000000003	0.00010000000000000003	0.00010000000000000003	0.00010000000000000003	0.00010000000000000003	0.00010000000000000003	0.00010000000000000003	0.00010000000000000003	0.00010000000000000003	0.00010000000000000003	0.00010000000000000003	0.00010000000000000003
18	0.00010000000000000003	0.00010000000000000003	0.00010000000000000003	0.00010000000000000003	0.00010000000000000003	0.00010000000000000003	0.00010000000000000003	0.00010000000000000003	0.00010000000000000003	0.00010000000000000003	0.00010000000000000003	0.00010000000000000003	0.00010000000000000003	0.00010000000000000003	0.00010000000000000003	0.00010000000000000003
19	0.00010000000000000003	0.00010000000000000003	0.00010000000000000003	0.00010000000000000003	0.00010000000000000003	0.00010000000000000003	0.00010000000000000003	0.00010000000000000003	0.00010000000000000003	0.00010000000000000003	0.00010000000000000003	0.00010000000000000003	0.00010000000000000003	0.00010000000000000003	0.00010000000000000003	0.00010000000000000003
20	0.00010000000000000003	0.00010000000000000003	0.00010000000000000003	0.00010000000000000003	0.00010000000000000003	0.00010000000000000003	0.00010000000000000003	0.00010000000000000003	0.00010000000000000003	0.00010000000000000003	0.00010000000000000003	0.00010000000000000003	0.00010000000000000003	0.00010000000000000003	0.00010000000000000003	0.00010000000000000003
21	0.00010000000000000003	0.00010000000000000003	0.00010000000000000003	0.00010000000000000003	0.00010000000000000003	0.00010000000000000003	0.00010000000000000003	0.00010000000000000003	0.00010000000000000003	0.00010000000000000003	0.00010000000000000003	0.00010000000000000003	0.00010000000000000003	0.00010000000000000003	0.00010000000000000003	0.00010000000000000003
22	0.00010000000000000003	0.00010000000000000003	0.00010000000000000003	0.00010000000000000003	0.00010000000000000003	0.00010000000000000003	0.00010000000000000003	0.00010000000000000003	0.00010000000000000003	0.00010000000000000003	0.00010000000000000003	0.00010000000000000003	0.00010000000000000003	0.00010000000000000003	0.00010000000000000003	0.00010000000000000003
23	0.00010000000000000003	0.00010000000000000003	0.00010000000000000003	0.00010000000000000003	0.00010000000000000003	0.00010000000000000003	0.00010000000000000003	0.00010000000000000003	0.00010000000000000003	0.00010000000000000003	0.00010000000000000003	0.00010000000000000003	0.00010000000000000003	0.00010000000000000003	0.00010000000000000003	0.00010000000000000003
24	0.00010000000000000003	0.00010000000000000003	0.00010000000000000003	0.00010000000000000003	0.00010000000000000003	0.00010000000000000003	0.00010000000000000003	0.00010000000000000003	0.00010000000000000003	0.00010000000000000003	0.00010000000000000003	0.00010000000000000003	0.00010000000000000003	0.00010000000000000003	0.00010000000000000003	0.00010000000000000003
;
