  
 set  T_H_TD  :=  		 
(	1	,	1	,	2	)
(	2	,	2	,	2	)
(	3	,	3	,	2	)
(	4	,	4	,	2	)
(	5	,	5	,	2	)
(	6	,	6	,	2	)
(	7	,	7	,	2	)
(	8	,	8	,	2	)
(	9	,	9	,	2	)
(	10	,	10	,	2	)
(	11	,	11	,	2	)
(	12	,	12	,	2	)
(	13	,	13	,	2	)
(	14	,	14	,	2	)
(	15	,	15	,	2	)
(	16	,	16	,	2	)
(	17	,	17	,	2	)
(	18	,	18	,	2	)
(	19	,	19	,	2	)
(	20	,	20	,	2	)
(	21	,	21	,	2	)
(	22	,	22	,	2	)
(	23	,	23	,	2	)
(	24	,	24	,	2	)
(	25	,	1	,	1	)
(	26	,	2	,	1	)
(	27	,	3	,	1	)
(	28	,	4	,	1	)
(	29	,	5	,	1	)
(	30	,	6	,	1	)
(	31	,	7	,	1	)
(	32	,	8	,	1	)
(	33	,	9	,	1	)
(	34	,	10	,	1	)
(	35	,	11	,	1	)
(	36	,	12	,	1	)
(	37	,	13	,	1	)
(	38	,	14	,	1	)
(	39	,	15	,	1	)
(	40	,	16	,	1	)
(	41	,	17	,	1	)
(	42	,	18	,	1	)
(	43	,	19	,	1	)
(	44	,	20	,	1	)
(	45	,	21	,	1	)
(	46	,	22	,	1	)
(	47	,	23	,	1	)
(	48	,	24	,	1	)
(	49	,	1	,	2	)
(	50	,	2	,	2	)
(	51	,	3	,	2	)
(	52	,	4	,	2	)
(	53	,	5	,	2	)
(	54	,	6	,	2	)
(	55	,	7	,	2	)
(	56	,	8	,	2	)
(	57	,	9	,	2	)
(	58	,	10	,	2	)
(	59	,	11	,	2	)
(	60	,	12	,	2	)
(	61	,	13	,	2	)
(	62	,	14	,	2	)
(	63	,	15	,	2	)
(	64	,	16	,	2	)
(	65	,	17	,	2	)
(	66	,	18	,	2	)
(	67	,	19	,	2	)
(	68	,	20	,	2	)
(	69	,	21	,	2	)
(	70	,	22	,	2	)
(	71	,	23	,	2	)
(	72	,	24	,	2	)
(	73	,	1	,	16	)
(	74	,	2	,	16	)
(	75	,	3	,	16	)
(	76	,	4	,	16	)
(	77	,	5	,	16	)
(	78	,	6	,	16	)
(	79	,	7	,	16	)
(	80	,	8	,	16	)
(	81	,	9	,	16	)
(	82	,	10	,	16	)
(	83	,	11	,	16	)
(	84	,	12	,	16	)
(	85	,	13	,	16	)
(	86	,	14	,	16	)
(	87	,	15	,	16	)
(	88	,	16	,	16	)
(	89	,	17	,	16	)
(	90	,	18	,	16	)
(	91	,	19	,	16	)
(	92	,	20	,	16	)
(	93	,	21	,	16	)
(	94	,	22	,	16	)
(	95	,	23	,	16	)
(	96	,	24	,	16	)
(	97	,	1	,	16	)
(	98	,	2	,	16	)
(	99	,	3	,	16	)
(	100	,	4	,	16	)
(	101	,	5	,	16	)
(	102	,	6	,	16	)
(	103	,	7	,	16	)
(	104	,	8	,	16	)
(	105	,	9	,	16	)
(	106	,	10	,	16	)
(	107	,	11	,	16	)
(	108	,	12	,	16	)
(	109	,	13	,	16	)
(	110	,	14	,	16	)
(	111	,	15	,	16	)
(	112	,	16	,	16	)
(	113	,	17	,	16	)
(	114	,	18	,	16	)
(	115	,	19	,	16	)
(	116	,	20	,	16	)
(	117	,	21	,	16	)
(	118	,	22	,	16	)
(	119	,	23	,	16	)
(	120	,	24	,	16	)
(	121	,	1	,	2	)
(	122	,	2	,	2	)
(	123	,	3	,	2	)
(	124	,	4	,	2	)
(	125	,	5	,	2	)
(	126	,	6	,	2	)
(	127	,	7	,	2	)
(	128	,	8	,	2	)
(	129	,	9	,	2	)
(	130	,	10	,	2	)
(	131	,	11	,	2	)
(	132	,	12	,	2	)
(	133	,	13	,	2	)
(	134	,	14	,	2	)
(	135	,	15	,	2	)
(	136	,	16	,	2	)
(	137	,	17	,	2	)
(	138	,	18	,	2	)
(	139	,	19	,	2	)
(	140	,	20	,	2	)
(	141	,	21	,	2	)
(	142	,	22	,	2	)
(	143	,	23	,	2	)
(	144	,	24	,	2	)
(	145	,	1	,	3	)
(	146	,	2	,	3	)
(	147	,	3	,	3	)
(	148	,	4	,	3	)
(	149	,	5	,	3	)
(	150	,	6	,	3	)
(	151	,	7	,	3	)
(	152	,	8	,	3	)
(	153	,	9	,	3	)
(	154	,	10	,	3	)
(	155	,	11	,	3	)
(	156	,	12	,	3	)
(	157	,	13	,	3	)
(	158	,	14	,	3	)
(	159	,	15	,	3	)
(	160	,	16	,	3	)
(	161	,	17	,	3	)
(	162	,	18	,	3	)
(	163	,	19	,	3	)
(	164	,	20	,	3	)
(	165	,	21	,	3	)
(	166	,	22	,	3	)
(	167	,	23	,	3	)
(	168	,	24	,	3	)
(	169	,	1	,	2	)
(	170	,	2	,	2	)
(	171	,	3	,	2	)
(	172	,	4	,	2	)
(	173	,	5	,	2	)
(	174	,	6	,	2	)
(	175	,	7	,	2	)
(	176	,	8	,	2	)
(	177	,	9	,	2	)
(	178	,	10	,	2	)
(	179	,	11	,	2	)
(	180	,	12	,	2	)
(	181	,	13	,	2	)
(	182	,	14	,	2	)
(	183	,	15	,	2	)
(	184	,	16	,	2	)
(	185	,	17	,	2	)
(	186	,	18	,	2	)
(	187	,	19	,	2	)
(	188	,	20	,	2	)
(	189	,	21	,	2	)
(	190	,	22	,	2	)
(	191	,	23	,	2	)
(	192	,	24	,	2	)
(	193	,	1	,	1	)
(	194	,	2	,	1	)
(	195	,	3	,	1	)
(	196	,	4	,	1	)
(	197	,	5	,	1	)
(	198	,	6	,	1	)
(	199	,	7	,	1	)
(	200	,	8	,	1	)
(	201	,	9	,	1	)
(	202	,	10	,	1	)
(	203	,	11	,	1	)
(	204	,	12	,	1	)
(	205	,	13	,	1	)
(	206	,	14	,	1	)
(	207	,	15	,	1	)
(	208	,	16	,	1	)
(	209	,	17	,	1	)
(	210	,	18	,	1	)
(	211	,	19	,	1	)
(	212	,	20	,	1	)
(	213	,	21	,	1	)
(	214	,	22	,	1	)
(	215	,	23	,	1	)
(	216	,	24	,	1	)
(	217	,	1	,	2	)
(	218	,	2	,	2	)
(	219	,	3	,	2	)
(	220	,	4	,	2	)
(	221	,	5	,	2	)
(	222	,	6	,	2	)
(	223	,	7	,	2	)
(	224	,	8	,	2	)
(	225	,	9	,	2	)
(	226	,	10	,	2	)
(	227	,	11	,	2	)
(	228	,	12	,	2	)
(	229	,	13	,	2	)
(	230	,	14	,	2	)
(	231	,	15	,	2	)
(	232	,	16	,	2	)
(	233	,	17	,	2	)
(	234	,	18	,	2	)
(	235	,	19	,	2	)
(	236	,	20	,	2	)
(	237	,	21	,	2	)
(	238	,	22	,	2	)
(	239	,	23	,	2	)
(	240	,	24	,	2	)
(	241	,	1	,	11	)
(	242	,	2	,	11	)
(	243	,	3	,	11	)
(	244	,	4	,	11	)
(	245	,	5	,	11	)
(	246	,	6	,	11	)
(	247	,	7	,	11	)
(	248	,	8	,	11	)
(	249	,	9	,	11	)
(	250	,	10	,	11	)
(	251	,	11	,	11	)
(	252	,	12	,	11	)
(	253	,	13	,	11	)
(	254	,	14	,	11	)
(	255	,	15	,	11	)
(	256	,	16	,	11	)
(	257	,	17	,	11	)
(	258	,	18	,	11	)
(	259	,	19	,	11	)
(	260	,	20	,	11	)
(	261	,	21	,	11	)
(	262	,	22	,	11	)
(	263	,	23	,	11	)
(	264	,	24	,	11	)
(	265	,	1	,	16	)
(	266	,	2	,	16	)
(	267	,	3	,	16	)
(	268	,	4	,	16	)
(	269	,	5	,	16	)
(	270	,	6	,	16	)
(	271	,	7	,	16	)
(	272	,	8	,	16	)
(	273	,	9	,	16	)
(	274	,	10	,	16	)
(	275	,	11	,	16	)
(	276	,	12	,	16	)
(	277	,	13	,	16	)
(	278	,	14	,	16	)
(	279	,	15	,	16	)
(	280	,	16	,	16	)
(	281	,	17	,	16	)
(	282	,	18	,	16	)
(	283	,	19	,	16	)
(	284	,	20	,	16	)
(	285	,	21	,	16	)
(	286	,	22	,	16	)
(	287	,	23	,	16	)
(	288	,	24	,	16	)
(	289	,	1	,	2	)
(	290	,	2	,	2	)
(	291	,	3	,	2	)
(	292	,	4	,	2	)
(	293	,	5	,	2	)
(	294	,	6	,	2	)
(	295	,	7	,	2	)
(	296	,	8	,	2	)
(	297	,	9	,	2	)
(	298	,	10	,	2	)
(	299	,	11	,	2	)
(	300	,	12	,	2	)
(	301	,	13	,	2	)
(	302	,	14	,	2	)
(	303	,	15	,	2	)
(	304	,	16	,	2	)
(	305	,	17	,	2	)
(	306	,	18	,	2	)
(	307	,	19	,	2	)
(	308	,	20	,	2	)
(	309	,	21	,	2	)
(	310	,	22	,	2	)
(	311	,	23	,	2	)
(	312	,	24	,	2	)
(	313	,	1	,	1	)
(	314	,	2	,	1	)
(	315	,	3	,	1	)
(	316	,	4	,	1	)
(	317	,	5	,	1	)
(	318	,	6	,	1	)
(	319	,	7	,	1	)
(	320	,	8	,	1	)
(	321	,	9	,	1	)
(	322	,	10	,	1	)
(	323	,	11	,	1	)
(	324	,	12	,	1	)
(	325	,	13	,	1	)
(	326	,	14	,	1	)
(	327	,	15	,	1	)
(	328	,	16	,	1	)
(	329	,	17	,	1	)
(	330	,	18	,	1	)
(	331	,	19	,	1	)
(	332	,	20	,	1	)
(	333	,	21	,	1	)
(	334	,	22	,	1	)
(	335	,	23	,	1	)
(	336	,	24	,	1	)
(	337	,	1	,	2	)
(	338	,	2	,	2	)
(	339	,	3	,	2	)
(	340	,	4	,	2	)
(	341	,	5	,	2	)
(	342	,	6	,	2	)
(	343	,	7	,	2	)
(	344	,	8	,	2	)
(	345	,	9	,	2	)
(	346	,	10	,	2	)
(	347	,	11	,	2	)
(	348	,	12	,	2	)
(	349	,	13	,	2	)
(	350	,	14	,	2	)
(	351	,	15	,	2	)
(	352	,	16	,	2	)
(	353	,	17	,	2	)
(	354	,	18	,	2	)
(	355	,	19	,	2	)
(	356	,	20	,	2	)
(	357	,	21	,	2	)
(	358	,	22	,	2	)
(	359	,	23	,	2	)
(	360	,	24	,	2	)
(	361	,	1	,	1	)
(	362	,	2	,	1	)
(	363	,	3	,	1	)
(	364	,	4	,	1	)
(	365	,	5	,	1	)
(	366	,	6	,	1	)
(	367	,	7	,	1	)
(	368	,	8	,	1	)
(	369	,	9	,	1	)
(	370	,	10	,	1	)
(	371	,	11	,	1	)
(	372	,	12	,	1	)
(	373	,	13	,	1	)
(	374	,	14	,	1	)
(	375	,	15	,	1	)
(	376	,	16	,	1	)
(	377	,	17	,	1	)
(	378	,	18	,	1	)
(	379	,	19	,	1	)
(	380	,	20	,	1	)
(	381	,	21	,	1	)
(	382	,	22	,	1	)
(	383	,	23	,	1	)
(	384	,	24	,	1	)
(	385	,	1	,	2	)
(	386	,	2	,	2	)
(	387	,	3	,	2	)
(	388	,	4	,	2	)
(	389	,	5	,	2	)
(	390	,	6	,	2	)
(	391	,	7	,	2	)
(	392	,	8	,	2	)
(	393	,	9	,	2	)
(	394	,	10	,	2	)
(	395	,	11	,	2	)
(	396	,	12	,	2	)
(	397	,	13	,	2	)
(	398	,	14	,	2	)
(	399	,	15	,	2	)
(	400	,	16	,	2	)
(	401	,	17	,	2	)
(	402	,	18	,	2	)
(	403	,	19	,	2	)
(	404	,	20	,	2	)
(	405	,	21	,	2	)
(	406	,	22	,	2	)
(	407	,	23	,	2	)
(	408	,	24	,	2	)
(	409	,	1	,	16	)
(	410	,	2	,	16	)
(	411	,	3	,	16	)
(	412	,	4	,	16	)
(	413	,	5	,	16	)
(	414	,	6	,	16	)
(	415	,	7	,	16	)
(	416	,	8	,	16	)
(	417	,	9	,	16	)
(	418	,	10	,	16	)
(	419	,	11	,	16	)
(	420	,	12	,	16	)
(	421	,	13	,	16	)
(	422	,	14	,	16	)
(	423	,	15	,	16	)
(	424	,	16	,	16	)
(	425	,	17	,	16	)
(	426	,	18	,	16	)
(	427	,	19	,	16	)
(	428	,	20	,	16	)
(	429	,	21	,	16	)
(	430	,	22	,	16	)
(	431	,	23	,	16	)
(	432	,	24	,	16	)
(	433	,	1	,	16	)
(	434	,	2	,	16	)
(	435	,	3	,	16	)
(	436	,	4	,	16	)
(	437	,	5	,	16	)
(	438	,	6	,	16	)
(	439	,	7	,	16	)
(	440	,	8	,	16	)
(	441	,	9	,	16	)
(	442	,	10	,	16	)
(	443	,	11	,	16	)
(	444	,	12	,	16	)
(	445	,	13	,	16	)
(	446	,	14	,	16	)
(	447	,	15	,	16	)
(	448	,	16	,	16	)
(	449	,	17	,	16	)
(	450	,	18	,	16	)
(	451	,	19	,	16	)
(	452	,	20	,	16	)
(	453	,	21	,	16	)
(	454	,	22	,	16	)
(	455	,	23	,	16	)
(	456	,	24	,	16	)
(	457	,	1	,	3	)
(	458	,	2	,	3	)
(	459	,	3	,	3	)
(	460	,	4	,	3	)
(	461	,	5	,	3	)
(	462	,	6	,	3	)
(	463	,	7	,	3	)
(	464	,	8	,	3	)
(	465	,	9	,	3	)
(	466	,	10	,	3	)
(	467	,	11	,	3	)
(	468	,	12	,	3	)
(	469	,	13	,	3	)
(	470	,	14	,	3	)
(	471	,	15	,	3	)
(	472	,	16	,	3	)
(	473	,	17	,	3	)
(	474	,	18	,	3	)
(	475	,	19	,	3	)
(	476	,	20	,	3	)
(	477	,	21	,	3	)
(	478	,	22	,	3	)
(	479	,	23	,	3	)
(	480	,	24	,	3	)
(	481	,	1	,	1	)
(	482	,	2	,	1	)
(	483	,	3	,	1	)
(	484	,	4	,	1	)
(	485	,	5	,	1	)
(	486	,	6	,	1	)
(	487	,	7	,	1	)
(	488	,	8	,	1	)
(	489	,	9	,	1	)
(	490	,	10	,	1	)
(	491	,	11	,	1	)
(	492	,	12	,	1	)
(	493	,	13	,	1	)
(	494	,	14	,	1	)
(	495	,	15	,	1	)
(	496	,	16	,	1	)
(	497	,	17	,	1	)
(	498	,	18	,	1	)
(	499	,	19	,	1	)
(	500	,	20	,	1	)
(	501	,	21	,	1	)
(	502	,	22	,	1	)
(	503	,	23	,	1	)
(	504	,	24	,	1	)
(	505	,	1	,	3	)
(	506	,	2	,	3	)
(	507	,	3	,	3	)
(	508	,	4	,	3	)
(	509	,	5	,	3	)
(	510	,	6	,	3	)
(	511	,	7	,	3	)
(	512	,	8	,	3	)
(	513	,	9	,	3	)
(	514	,	10	,	3	)
(	515	,	11	,	3	)
(	516	,	12	,	3	)
(	517	,	13	,	3	)
(	518	,	14	,	3	)
(	519	,	15	,	3	)
(	520	,	16	,	3	)
(	521	,	17	,	3	)
(	522	,	18	,	3	)
(	523	,	19	,	3	)
(	524	,	20	,	3	)
(	525	,	21	,	3	)
(	526	,	22	,	3	)
(	527	,	23	,	3	)
(	528	,	24	,	3	)
(	529	,	1	,	1	)
(	530	,	2	,	1	)
(	531	,	3	,	1	)
(	532	,	4	,	1	)
(	533	,	5	,	1	)
(	534	,	6	,	1	)
(	535	,	7	,	1	)
(	536	,	8	,	1	)
(	537	,	9	,	1	)
(	538	,	10	,	1	)
(	539	,	11	,	1	)
(	540	,	12	,	1	)
(	541	,	13	,	1	)
(	542	,	14	,	1	)
(	543	,	15	,	1	)
(	544	,	16	,	1	)
(	545	,	17	,	1	)
(	546	,	18	,	1	)
(	547	,	19	,	1	)
(	548	,	20	,	1	)
(	549	,	21	,	1	)
(	550	,	22	,	1	)
(	551	,	23	,	1	)
(	552	,	24	,	1	)
(	553	,	1	,	1	)
(	554	,	2	,	1	)
(	555	,	3	,	1	)
(	556	,	4	,	1	)
(	557	,	5	,	1	)
(	558	,	6	,	1	)
(	559	,	7	,	1	)
(	560	,	8	,	1	)
(	561	,	9	,	1	)
(	562	,	10	,	1	)
(	563	,	11	,	1	)
(	564	,	12	,	1	)
(	565	,	13	,	1	)
(	566	,	14	,	1	)
(	567	,	15	,	1	)
(	568	,	16	,	1	)
(	569	,	17	,	1	)
(	570	,	18	,	1	)
(	571	,	19	,	1	)
(	572	,	20	,	1	)
(	573	,	21	,	1	)
(	574	,	22	,	1	)
(	575	,	23	,	1	)
(	576	,	24	,	1	)
(	577	,	1	,	4	)
(	578	,	2	,	4	)
(	579	,	3	,	4	)
(	580	,	4	,	4	)
(	581	,	5	,	4	)
(	582	,	6	,	4	)
(	583	,	7	,	4	)
(	584	,	8	,	4	)
(	585	,	9	,	4	)
(	586	,	10	,	4	)
(	587	,	11	,	4	)
(	588	,	12	,	4	)
(	589	,	13	,	4	)
(	590	,	14	,	4	)
(	591	,	15	,	4	)
(	592	,	16	,	4	)
(	593	,	17	,	4	)
(	594	,	18	,	4	)
(	595	,	19	,	4	)
(	596	,	20	,	4	)
(	597	,	21	,	4	)
(	598	,	22	,	4	)
(	599	,	23	,	4	)
(	600	,	24	,	4	)
(	601	,	1	,	11	)
(	602	,	2	,	11	)
(	603	,	3	,	11	)
(	604	,	4	,	11	)
(	605	,	5	,	11	)
(	606	,	6	,	11	)
(	607	,	7	,	11	)
(	608	,	8	,	11	)
(	609	,	9	,	11	)
(	610	,	10	,	11	)
(	611	,	11	,	11	)
(	612	,	12	,	11	)
(	613	,	13	,	11	)
(	614	,	14	,	11	)
(	615	,	15	,	11	)
(	616	,	16	,	11	)
(	617	,	17	,	11	)
(	618	,	18	,	11	)
(	619	,	19	,	11	)
(	620	,	20	,	11	)
(	621	,	21	,	11	)
(	622	,	22	,	11	)
(	623	,	23	,	11	)
(	624	,	24	,	11	)
(	625	,	1	,	1	)
(	626	,	2	,	1	)
(	627	,	3	,	1	)
(	628	,	4	,	1	)
(	629	,	5	,	1	)
(	630	,	6	,	1	)
(	631	,	7	,	1	)
(	632	,	8	,	1	)
(	633	,	9	,	1	)
(	634	,	10	,	1	)
(	635	,	11	,	1	)
(	636	,	12	,	1	)
(	637	,	13	,	1	)
(	638	,	14	,	1	)
(	639	,	15	,	1	)
(	640	,	16	,	1	)
(	641	,	17	,	1	)
(	642	,	18	,	1	)
(	643	,	19	,	1	)
(	644	,	20	,	1	)
(	645	,	21	,	1	)
(	646	,	22	,	1	)
(	647	,	23	,	1	)
(	648	,	24	,	1	)
(	649	,	1	,	1	)
(	650	,	2	,	1	)
(	651	,	3	,	1	)
(	652	,	4	,	1	)
(	653	,	5	,	1	)
(	654	,	6	,	1	)
(	655	,	7	,	1	)
(	656	,	8	,	1	)
(	657	,	9	,	1	)
(	658	,	10	,	1	)
(	659	,	11	,	1	)
(	660	,	12	,	1	)
(	661	,	13	,	1	)
(	662	,	14	,	1	)
(	663	,	15	,	1	)
(	664	,	16	,	1	)
(	665	,	17	,	1	)
(	666	,	18	,	1	)
(	667	,	19	,	1	)
(	668	,	20	,	1	)
(	669	,	21	,	1	)
(	670	,	22	,	1	)
(	671	,	23	,	1	)
(	672	,	24	,	1	)
(	673	,	1	,	1	)
(	674	,	2	,	1	)
(	675	,	3	,	1	)
(	676	,	4	,	1	)
(	677	,	5	,	1	)
(	678	,	6	,	1	)
(	679	,	7	,	1	)
(	680	,	8	,	1	)
(	681	,	9	,	1	)
(	682	,	10	,	1	)
(	683	,	11	,	1	)
(	684	,	12	,	1	)
(	685	,	13	,	1	)
(	686	,	14	,	1	)
(	687	,	15	,	1	)
(	688	,	16	,	1	)
(	689	,	17	,	1	)
(	690	,	18	,	1	)
(	691	,	19	,	1	)
(	692	,	20	,	1	)
(	693	,	21	,	1	)
(	694	,	22	,	1	)
(	695	,	23	,	1	)
(	696	,	24	,	1	)
(	697	,	1	,	3	)
(	698	,	2	,	3	)
(	699	,	3	,	3	)
(	700	,	4	,	3	)
(	701	,	5	,	3	)
(	702	,	6	,	3	)
(	703	,	7	,	3	)
(	704	,	8	,	3	)
(	705	,	9	,	3	)
(	706	,	10	,	3	)
(	707	,	11	,	3	)
(	708	,	12	,	3	)
(	709	,	13	,	3	)
(	710	,	14	,	3	)
(	711	,	15	,	3	)
(	712	,	16	,	3	)
(	713	,	17	,	3	)
(	714	,	18	,	3	)
(	715	,	19	,	3	)
(	716	,	20	,	3	)
(	717	,	21	,	3	)
(	718	,	22	,	3	)
(	719	,	23	,	3	)
(	720	,	24	,	3	)
(	721	,	1	,	1	)
(	722	,	2	,	1	)
(	723	,	3	,	1	)
(	724	,	4	,	1	)
(	725	,	5	,	1	)
(	726	,	6	,	1	)
(	727	,	7	,	1	)
(	728	,	8	,	1	)
(	729	,	9	,	1	)
(	730	,	10	,	1	)
(	731	,	11	,	1	)
(	732	,	12	,	1	)
(	733	,	13	,	1	)
(	734	,	14	,	1	)
(	735	,	15	,	1	)
(	736	,	16	,	1	)
(	737	,	17	,	1	)
(	738	,	18	,	1	)
(	739	,	19	,	1	)
(	740	,	20	,	1	)
(	741	,	21	,	1	)
(	742	,	22	,	1	)
(	743	,	23	,	1	)
(	744	,	24	,	1	)
(	745	,	1	,	11	)
(	746	,	2	,	11	)
(	747	,	3	,	11	)
(	748	,	4	,	11	)
(	749	,	5	,	11	)
(	750	,	6	,	11	)
(	751	,	7	,	11	)
(	752	,	8	,	11	)
(	753	,	9	,	11	)
(	754	,	10	,	11	)
(	755	,	11	,	11	)
(	756	,	12	,	11	)
(	757	,	13	,	11	)
(	758	,	14	,	11	)
(	759	,	15	,	11	)
(	760	,	16	,	11	)
(	761	,	17	,	11	)
(	762	,	18	,	11	)
(	763	,	19	,	11	)
(	764	,	20	,	11	)
(	765	,	21	,	11	)
(	766	,	22	,	11	)
(	767	,	23	,	11	)
(	768	,	24	,	11	)
(	769	,	1	,	11	)
(	770	,	2	,	11	)
(	771	,	3	,	11	)
(	772	,	4	,	11	)
(	773	,	5	,	11	)
(	774	,	6	,	11	)
(	775	,	7	,	11	)
(	776	,	8	,	11	)
(	777	,	9	,	11	)
(	778	,	10	,	11	)
(	779	,	11	,	11	)
(	780	,	12	,	11	)
(	781	,	13	,	11	)
(	782	,	14	,	11	)
(	783	,	15	,	11	)
(	784	,	16	,	11	)
(	785	,	17	,	11	)
(	786	,	18	,	11	)
(	787	,	19	,	11	)
(	788	,	20	,	11	)
(	789	,	21	,	11	)
(	790	,	22	,	11	)
(	791	,	23	,	11	)
(	792	,	24	,	11	)
(	793	,	1	,	1	)
(	794	,	2	,	1	)
(	795	,	3	,	1	)
(	796	,	4	,	1	)
(	797	,	5	,	1	)
(	798	,	6	,	1	)
(	799	,	7	,	1	)
(	800	,	8	,	1	)
(	801	,	9	,	1	)
(	802	,	10	,	1	)
(	803	,	11	,	1	)
(	804	,	12	,	1	)
(	805	,	13	,	1	)
(	806	,	14	,	1	)
(	807	,	15	,	1	)
(	808	,	16	,	1	)
(	809	,	17	,	1	)
(	810	,	18	,	1	)
(	811	,	19	,	1	)
(	812	,	20	,	1	)
(	813	,	21	,	1	)
(	814	,	22	,	1	)
(	815	,	23	,	1	)
(	816	,	24	,	1	)
(	817	,	1	,	2	)
(	818	,	2	,	2	)
(	819	,	3	,	2	)
(	820	,	4	,	2	)
(	821	,	5	,	2	)
(	822	,	6	,	2	)
(	823	,	7	,	2	)
(	824	,	8	,	2	)
(	825	,	9	,	2	)
(	826	,	10	,	2	)
(	827	,	11	,	2	)
(	828	,	12	,	2	)
(	829	,	13	,	2	)
(	830	,	14	,	2	)
(	831	,	15	,	2	)
(	832	,	16	,	2	)
(	833	,	17	,	2	)
(	834	,	18	,	2	)
(	835	,	19	,	2	)
(	836	,	20	,	2	)
(	837	,	21	,	2	)
(	838	,	22	,	2	)
(	839	,	23	,	2	)
(	840	,	24	,	2	)
(	841	,	1	,	1	)
(	842	,	2	,	1	)
(	843	,	3	,	1	)
(	844	,	4	,	1	)
(	845	,	5	,	1	)
(	846	,	6	,	1	)
(	847	,	7	,	1	)
(	848	,	8	,	1	)
(	849	,	9	,	1	)
(	850	,	10	,	1	)
(	851	,	11	,	1	)
(	852	,	12	,	1	)
(	853	,	13	,	1	)
(	854	,	14	,	1	)
(	855	,	15	,	1	)
(	856	,	16	,	1	)
(	857	,	17	,	1	)
(	858	,	18	,	1	)
(	859	,	19	,	1	)
(	860	,	20	,	1	)
(	861	,	21	,	1	)
(	862	,	22	,	1	)
(	863	,	23	,	1	)
(	864	,	24	,	1	)
(	865	,	1	,	1	)
(	866	,	2	,	1	)
(	867	,	3	,	1	)
(	868	,	4	,	1	)
(	869	,	5	,	1	)
(	870	,	6	,	1	)
(	871	,	7	,	1	)
(	872	,	8	,	1	)
(	873	,	9	,	1	)
(	874	,	10	,	1	)
(	875	,	11	,	1	)
(	876	,	12	,	1	)
(	877	,	13	,	1	)
(	878	,	14	,	1	)
(	879	,	15	,	1	)
(	880	,	16	,	1	)
(	881	,	17	,	1	)
(	882	,	18	,	1	)
(	883	,	19	,	1	)
(	884	,	20	,	1	)
(	885	,	21	,	1	)
(	886	,	22	,	1	)
(	887	,	23	,	1	)
(	888	,	24	,	1	)
(	889	,	1	,	1	)
(	890	,	2	,	1	)
(	891	,	3	,	1	)
(	892	,	4	,	1	)
(	893	,	5	,	1	)
(	894	,	6	,	1	)
(	895	,	7	,	1	)
(	896	,	8	,	1	)
(	897	,	9	,	1	)
(	898	,	10	,	1	)
(	899	,	11	,	1	)
(	900	,	12	,	1	)
(	901	,	13	,	1	)
(	902	,	14	,	1	)
(	903	,	15	,	1	)
(	904	,	16	,	1	)
(	905	,	17	,	1	)
(	906	,	18	,	1	)
(	907	,	19	,	1	)
(	908	,	20	,	1	)
(	909	,	21	,	1	)
(	910	,	22	,	1	)
(	911	,	23	,	1	)
(	912	,	24	,	1	)
(	913	,	1	,	16	)
(	914	,	2	,	16	)
(	915	,	3	,	16	)
(	916	,	4	,	16	)
(	917	,	5	,	16	)
(	918	,	6	,	16	)
(	919	,	7	,	16	)
(	920	,	8	,	16	)
(	921	,	9	,	16	)
(	922	,	10	,	16	)
(	923	,	11	,	16	)
(	924	,	12	,	16	)
(	925	,	13	,	16	)
(	926	,	14	,	16	)
(	927	,	15	,	16	)
(	928	,	16	,	16	)
(	929	,	17	,	16	)
(	930	,	18	,	16	)
(	931	,	19	,	16	)
(	932	,	20	,	16	)
(	933	,	21	,	16	)
(	934	,	22	,	16	)
(	935	,	23	,	16	)
(	936	,	24	,	16	)
(	937	,	1	,	16	)
(	938	,	2	,	16	)
(	939	,	3	,	16	)
(	940	,	4	,	16	)
(	941	,	5	,	16	)
(	942	,	6	,	16	)
(	943	,	7	,	16	)
(	944	,	8	,	16	)
(	945	,	9	,	16	)
(	946	,	10	,	16	)
(	947	,	11	,	16	)
(	948	,	12	,	16	)
(	949	,	13	,	16	)
(	950	,	14	,	16	)
(	951	,	15	,	16	)
(	952	,	16	,	16	)
(	953	,	17	,	16	)
(	954	,	18	,	16	)
(	955	,	19	,	16	)
(	956	,	20	,	16	)
(	957	,	21	,	16	)
(	958	,	22	,	16	)
(	959	,	23	,	16	)
(	960	,	24	,	16	)
(	961	,	1	,	2	)
(	962	,	2	,	2	)
(	963	,	3	,	2	)
(	964	,	4	,	2	)
(	965	,	5	,	2	)
(	966	,	6	,	2	)
(	967	,	7	,	2	)
(	968	,	8	,	2	)
(	969	,	9	,	2	)
(	970	,	10	,	2	)
(	971	,	11	,	2	)
(	972	,	12	,	2	)
(	973	,	13	,	2	)
(	974	,	14	,	2	)
(	975	,	15	,	2	)
(	976	,	16	,	2	)
(	977	,	17	,	2	)
(	978	,	18	,	2	)
(	979	,	19	,	2	)
(	980	,	20	,	2	)
(	981	,	21	,	2	)
(	982	,	22	,	2	)
(	983	,	23	,	2	)
(	984	,	24	,	2	)
(	985	,	1	,	2	)
(	986	,	2	,	2	)
(	987	,	3	,	2	)
(	988	,	4	,	2	)
(	989	,	5	,	2	)
(	990	,	6	,	2	)
(	991	,	7	,	2	)
(	992	,	8	,	2	)
(	993	,	9	,	2	)
(	994	,	10	,	2	)
(	995	,	11	,	2	)
(	996	,	12	,	2	)
(	997	,	13	,	2	)
(	998	,	14	,	2	)
(	999	,	15	,	2	)
(	1000	,	16	,	2	)
(	1001	,	17	,	2	)
(	1002	,	18	,	2	)
(	1003	,	19	,	2	)
(	1004	,	20	,	2	)
(	1005	,	21	,	2	)
(	1006	,	22	,	2	)
(	1007	,	23	,	2	)
(	1008	,	24	,	2	)
(	1009	,	1	,	3	)
(	1010	,	2	,	3	)
(	1011	,	3	,	3	)
(	1012	,	4	,	3	)
(	1013	,	5	,	3	)
(	1014	,	6	,	3	)
(	1015	,	7	,	3	)
(	1016	,	8	,	3	)
(	1017	,	9	,	3	)
(	1018	,	10	,	3	)
(	1019	,	11	,	3	)
(	1020	,	12	,	3	)
(	1021	,	13	,	3	)
(	1022	,	14	,	3	)
(	1023	,	15	,	3	)
(	1024	,	16	,	3	)
(	1025	,	17	,	3	)
(	1026	,	18	,	3	)
(	1027	,	19	,	3	)
(	1028	,	20	,	3	)
(	1029	,	21	,	3	)
(	1030	,	22	,	3	)
(	1031	,	23	,	3	)
(	1032	,	24	,	3	)
(	1033	,	1	,	1	)
(	1034	,	2	,	1	)
(	1035	,	3	,	1	)
(	1036	,	4	,	1	)
(	1037	,	5	,	1	)
(	1038	,	6	,	1	)
(	1039	,	7	,	1	)
(	1040	,	8	,	1	)
(	1041	,	9	,	1	)
(	1042	,	10	,	1	)
(	1043	,	11	,	1	)
(	1044	,	12	,	1	)
(	1045	,	13	,	1	)
(	1046	,	14	,	1	)
(	1047	,	15	,	1	)
(	1048	,	16	,	1	)
(	1049	,	17	,	1	)
(	1050	,	18	,	1	)
(	1051	,	19	,	1	)
(	1052	,	20	,	1	)
(	1053	,	21	,	1	)
(	1054	,	22	,	1	)
(	1055	,	23	,	1	)
(	1056	,	24	,	1	)
(	1057	,	1	,	1	)
(	1058	,	2	,	1	)
(	1059	,	3	,	1	)
(	1060	,	4	,	1	)
(	1061	,	5	,	1	)
(	1062	,	6	,	1	)
(	1063	,	7	,	1	)
(	1064	,	8	,	1	)
(	1065	,	9	,	1	)
(	1066	,	10	,	1	)
(	1067	,	11	,	1	)
(	1068	,	12	,	1	)
(	1069	,	13	,	1	)
(	1070	,	14	,	1	)
(	1071	,	15	,	1	)
(	1072	,	16	,	1	)
(	1073	,	17	,	1	)
(	1074	,	18	,	1	)
(	1075	,	19	,	1	)
(	1076	,	20	,	1	)
(	1077	,	21	,	1	)
(	1078	,	22	,	1	)
(	1079	,	23	,	1	)
(	1080	,	24	,	1	)
(	1081	,	1	,	4	)
(	1082	,	2	,	4	)
(	1083	,	3	,	4	)
(	1084	,	4	,	4	)
(	1085	,	5	,	4	)
(	1086	,	6	,	4	)
(	1087	,	7	,	4	)
(	1088	,	8	,	4	)
(	1089	,	9	,	4	)
(	1090	,	10	,	4	)
(	1091	,	11	,	4	)
(	1092	,	12	,	4	)
(	1093	,	13	,	4	)
(	1094	,	14	,	4	)
(	1095	,	15	,	4	)
(	1096	,	16	,	4	)
(	1097	,	17	,	4	)
(	1098	,	18	,	4	)
(	1099	,	19	,	4	)
(	1100	,	20	,	4	)
(	1101	,	21	,	4	)
(	1102	,	22	,	4	)
(	1103	,	23	,	4	)
(	1104	,	24	,	4	)
(	1105	,	1	,	16	)
(	1106	,	2	,	16	)
(	1107	,	3	,	16	)
(	1108	,	4	,	16	)
(	1109	,	5	,	16	)
(	1110	,	6	,	16	)
(	1111	,	7	,	16	)
(	1112	,	8	,	16	)
(	1113	,	9	,	16	)
(	1114	,	10	,	16	)
(	1115	,	11	,	16	)
(	1116	,	12	,	16	)
(	1117	,	13	,	16	)
(	1118	,	14	,	16	)
(	1119	,	15	,	16	)
(	1120	,	16	,	16	)
(	1121	,	17	,	16	)
(	1122	,	18	,	16	)
(	1123	,	19	,	16	)
(	1124	,	20	,	16	)
(	1125	,	21	,	16	)
(	1126	,	22	,	16	)
(	1127	,	23	,	16	)
(	1128	,	24	,	16	)
(	1129	,	1	,	3	)
(	1130	,	2	,	3	)
(	1131	,	3	,	3	)
(	1132	,	4	,	3	)
(	1133	,	5	,	3	)
(	1134	,	6	,	3	)
(	1135	,	7	,	3	)
(	1136	,	8	,	3	)
(	1137	,	9	,	3	)
(	1138	,	10	,	3	)
(	1139	,	11	,	3	)
(	1140	,	12	,	3	)
(	1141	,	13	,	3	)
(	1142	,	14	,	3	)
(	1143	,	15	,	3	)
(	1144	,	16	,	3	)
(	1145	,	17	,	3	)
(	1146	,	18	,	3	)
(	1147	,	19	,	3	)
(	1148	,	20	,	3	)
(	1149	,	21	,	3	)
(	1150	,	22	,	3	)
(	1151	,	23	,	3	)
(	1152	,	24	,	3	)
(	1153	,	1	,	1	)
(	1154	,	2	,	1	)
(	1155	,	3	,	1	)
(	1156	,	4	,	1	)
(	1157	,	5	,	1	)
(	1158	,	6	,	1	)
(	1159	,	7	,	1	)
(	1160	,	8	,	1	)
(	1161	,	9	,	1	)
(	1162	,	10	,	1	)
(	1163	,	11	,	1	)
(	1164	,	12	,	1	)
(	1165	,	13	,	1	)
(	1166	,	14	,	1	)
(	1167	,	15	,	1	)
(	1168	,	16	,	1	)
(	1169	,	17	,	1	)
(	1170	,	18	,	1	)
(	1171	,	19	,	1	)
(	1172	,	20	,	1	)
(	1173	,	21	,	1	)
(	1174	,	22	,	1	)
(	1175	,	23	,	1	)
(	1176	,	24	,	1	)
(	1177	,	1	,	3	)
(	1178	,	2	,	3	)
(	1179	,	3	,	3	)
(	1180	,	4	,	3	)
(	1181	,	5	,	3	)
(	1182	,	6	,	3	)
(	1183	,	7	,	3	)
(	1184	,	8	,	3	)
(	1185	,	9	,	3	)
(	1186	,	10	,	3	)
(	1187	,	11	,	3	)
(	1188	,	12	,	3	)
(	1189	,	13	,	3	)
(	1190	,	14	,	3	)
(	1191	,	15	,	3	)
(	1192	,	16	,	3	)
(	1193	,	17	,	3	)
(	1194	,	18	,	3	)
(	1195	,	19	,	3	)
(	1196	,	20	,	3	)
(	1197	,	21	,	3	)
(	1198	,	22	,	3	)
(	1199	,	23	,	3	)
(	1200	,	24	,	3	)
(	1201	,	1	,	1	)
(	1202	,	2	,	1	)
(	1203	,	3	,	1	)
(	1204	,	4	,	1	)
(	1205	,	5	,	1	)
(	1206	,	6	,	1	)
(	1207	,	7	,	1	)
(	1208	,	8	,	1	)
(	1209	,	9	,	1	)
(	1210	,	10	,	1	)
(	1211	,	11	,	1	)
(	1212	,	12	,	1	)
(	1213	,	13	,	1	)
(	1214	,	14	,	1	)
(	1215	,	15	,	1	)
(	1216	,	16	,	1	)
(	1217	,	17	,	1	)
(	1218	,	18	,	1	)
(	1219	,	19	,	1	)
(	1220	,	20	,	1	)
(	1221	,	21	,	1	)
(	1222	,	22	,	1	)
(	1223	,	23	,	1	)
(	1224	,	24	,	1	)
(	1225	,	1	,	1	)
(	1226	,	2	,	1	)
(	1227	,	3	,	1	)
(	1228	,	4	,	1	)
(	1229	,	5	,	1	)
(	1230	,	6	,	1	)
(	1231	,	7	,	1	)
(	1232	,	8	,	1	)
(	1233	,	9	,	1	)
(	1234	,	10	,	1	)
(	1235	,	11	,	1	)
(	1236	,	12	,	1	)
(	1237	,	13	,	1	)
(	1238	,	14	,	1	)
(	1239	,	15	,	1	)
(	1240	,	16	,	1	)
(	1241	,	17	,	1	)
(	1242	,	18	,	1	)
(	1243	,	19	,	1	)
(	1244	,	20	,	1	)
(	1245	,	21	,	1	)
(	1246	,	22	,	1	)
(	1247	,	23	,	1	)
(	1248	,	24	,	1	)
(	1249	,	1	,	16	)
(	1250	,	2	,	16	)
(	1251	,	3	,	16	)
(	1252	,	4	,	16	)
(	1253	,	5	,	16	)
(	1254	,	6	,	16	)
(	1255	,	7	,	16	)
(	1256	,	8	,	16	)
(	1257	,	9	,	16	)
(	1258	,	10	,	16	)
(	1259	,	11	,	16	)
(	1260	,	12	,	16	)
(	1261	,	13	,	16	)
(	1262	,	14	,	16	)
(	1263	,	15	,	16	)
(	1264	,	16	,	16	)
(	1265	,	17	,	16	)
(	1266	,	18	,	16	)
(	1267	,	19	,	16	)
(	1268	,	20	,	16	)
(	1269	,	21	,	16	)
(	1270	,	22	,	16	)
(	1271	,	23	,	16	)
(	1272	,	24	,	16	)
(	1273	,	1	,	16	)
(	1274	,	2	,	16	)
(	1275	,	3	,	16	)
(	1276	,	4	,	16	)
(	1277	,	5	,	16	)
(	1278	,	6	,	16	)
(	1279	,	7	,	16	)
(	1280	,	8	,	16	)
(	1281	,	9	,	16	)
(	1282	,	10	,	16	)
(	1283	,	11	,	16	)
(	1284	,	12	,	16	)
(	1285	,	13	,	16	)
(	1286	,	14	,	16	)
(	1287	,	15	,	16	)
(	1288	,	16	,	16	)
(	1289	,	17	,	16	)
(	1290	,	18	,	16	)
(	1291	,	19	,	16	)
(	1292	,	20	,	16	)
(	1293	,	21	,	16	)
(	1294	,	22	,	16	)
(	1295	,	23	,	16	)
(	1296	,	24	,	16	)
(	1297	,	1	,	1	)
(	1298	,	2	,	1	)
(	1299	,	3	,	1	)
(	1300	,	4	,	1	)
(	1301	,	5	,	1	)
(	1302	,	6	,	1	)
(	1303	,	7	,	1	)
(	1304	,	8	,	1	)
(	1305	,	9	,	1	)
(	1306	,	10	,	1	)
(	1307	,	11	,	1	)
(	1308	,	12	,	1	)
(	1309	,	13	,	1	)
(	1310	,	14	,	1	)
(	1311	,	15	,	1	)
(	1312	,	16	,	1	)
(	1313	,	17	,	1	)
(	1314	,	18	,	1	)
(	1315	,	19	,	1	)
(	1316	,	20	,	1	)
(	1317	,	21	,	1	)
(	1318	,	22	,	1	)
(	1319	,	23	,	1	)
(	1320	,	24	,	1	)
(	1321	,	1	,	1	)
(	1322	,	2	,	1	)
(	1323	,	3	,	1	)
(	1324	,	4	,	1	)
(	1325	,	5	,	1	)
(	1326	,	6	,	1	)
(	1327	,	7	,	1	)
(	1328	,	8	,	1	)
(	1329	,	9	,	1	)
(	1330	,	10	,	1	)
(	1331	,	11	,	1	)
(	1332	,	12	,	1	)
(	1333	,	13	,	1	)
(	1334	,	14	,	1	)
(	1335	,	15	,	1	)
(	1336	,	16	,	1	)
(	1337	,	17	,	1	)
(	1338	,	18	,	1	)
(	1339	,	19	,	1	)
(	1340	,	20	,	1	)
(	1341	,	21	,	1	)
(	1342	,	22	,	1	)
(	1343	,	23	,	1	)
(	1344	,	24	,	1	)
(	1345	,	1	,	2	)
(	1346	,	2	,	2	)
(	1347	,	3	,	2	)
(	1348	,	4	,	2	)
(	1349	,	5	,	2	)
(	1350	,	6	,	2	)
(	1351	,	7	,	2	)
(	1352	,	8	,	2	)
(	1353	,	9	,	2	)
(	1354	,	10	,	2	)
(	1355	,	11	,	2	)
(	1356	,	12	,	2	)
(	1357	,	13	,	2	)
(	1358	,	14	,	2	)
(	1359	,	15	,	2	)
(	1360	,	16	,	2	)
(	1361	,	17	,	2	)
(	1362	,	18	,	2	)
(	1363	,	19	,	2	)
(	1364	,	20	,	2	)
(	1365	,	21	,	2	)
(	1366	,	22	,	2	)
(	1367	,	23	,	2	)
(	1368	,	24	,	2	)
(	1369	,	1	,	2	)
(	1370	,	2	,	2	)
(	1371	,	3	,	2	)
(	1372	,	4	,	2	)
(	1373	,	5	,	2	)
(	1374	,	6	,	2	)
(	1375	,	7	,	2	)
(	1376	,	8	,	2	)
(	1377	,	9	,	2	)
(	1378	,	10	,	2	)
(	1379	,	11	,	2	)
(	1380	,	12	,	2	)
(	1381	,	13	,	2	)
(	1382	,	14	,	2	)
(	1383	,	15	,	2	)
(	1384	,	16	,	2	)
(	1385	,	17	,	2	)
(	1386	,	18	,	2	)
(	1387	,	19	,	2	)
(	1388	,	20	,	2	)
(	1389	,	21	,	2	)
(	1390	,	22	,	2	)
(	1391	,	23	,	2	)
(	1392	,	24	,	2	)
(	1393	,	1	,	2	)
(	1394	,	2	,	2	)
(	1395	,	3	,	2	)
(	1396	,	4	,	2	)
(	1397	,	5	,	2	)
(	1398	,	6	,	2	)
(	1399	,	7	,	2	)
(	1400	,	8	,	2	)
(	1401	,	9	,	2	)
(	1402	,	10	,	2	)
(	1403	,	11	,	2	)
(	1404	,	12	,	2	)
(	1405	,	13	,	2	)
(	1406	,	14	,	2	)
(	1407	,	15	,	2	)
(	1408	,	16	,	2	)
(	1409	,	17	,	2	)
(	1410	,	18	,	2	)
(	1411	,	19	,	2	)
(	1412	,	20	,	2	)
(	1413	,	21	,	2	)
(	1414	,	22	,	2	)
(	1415	,	23	,	2	)
(	1416	,	24	,	2	)
(	1417	,	1	,	16	)
(	1418	,	2	,	16	)
(	1419	,	3	,	16	)
(	1420	,	4	,	16	)
(	1421	,	5	,	16	)
(	1422	,	6	,	16	)
(	1423	,	7	,	16	)
(	1424	,	8	,	16	)
(	1425	,	9	,	16	)
(	1426	,	10	,	16	)
(	1427	,	11	,	16	)
(	1428	,	12	,	16	)
(	1429	,	13	,	16	)
(	1430	,	14	,	16	)
(	1431	,	15	,	16	)
(	1432	,	16	,	16	)
(	1433	,	17	,	16	)
(	1434	,	18	,	16	)
(	1435	,	19	,	16	)
(	1436	,	20	,	16	)
(	1437	,	21	,	16	)
(	1438	,	22	,	16	)
(	1439	,	23	,	16	)
(	1440	,	24	,	16	)
(	1441	,	1	,	4	)
(	1442	,	2	,	4	)
(	1443	,	3	,	4	)
(	1444	,	4	,	4	)
(	1445	,	5	,	4	)
(	1446	,	6	,	4	)
(	1447	,	7	,	4	)
(	1448	,	8	,	4	)
(	1449	,	9	,	4	)
(	1450	,	10	,	4	)
(	1451	,	11	,	4	)
(	1452	,	12	,	4	)
(	1453	,	13	,	4	)
(	1454	,	14	,	4	)
(	1455	,	15	,	4	)
(	1456	,	16	,	4	)
(	1457	,	17	,	4	)
(	1458	,	18	,	4	)
(	1459	,	19	,	4	)
(	1460	,	20	,	4	)
(	1461	,	21	,	4	)
(	1462	,	22	,	4	)
(	1463	,	23	,	4	)
(	1464	,	24	,	4	)
(	1465	,	1	,	2	)
(	1466	,	2	,	2	)
(	1467	,	3	,	2	)
(	1468	,	4	,	2	)
(	1469	,	5	,	2	)
(	1470	,	6	,	2	)
(	1471	,	7	,	2	)
(	1472	,	8	,	2	)
(	1473	,	9	,	2	)
(	1474	,	10	,	2	)
(	1475	,	11	,	2	)
(	1476	,	12	,	2	)
(	1477	,	13	,	2	)
(	1478	,	14	,	2	)
(	1479	,	15	,	2	)
(	1480	,	16	,	2	)
(	1481	,	17	,	2	)
(	1482	,	18	,	2	)
(	1483	,	19	,	2	)
(	1484	,	20	,	2	)
(	1485	,	21	,	2	)
(	1486	,	22	,	2	)
(	1487	,	23	,	2	)
(	1488	,	24	,	2	)
(	1489	,	1	,	3	)
(	1490	,	2	,	3	)
(	1491	,	3	,	3	)
(	1492	,	4	,	3	)
(	1493	,	5	,	3	)
(	1494	,	6	,	3	)
(	1495	,	7	,	3	)
(	1496	,	8	,	3	)
(	1497	,	9	,	3	)
(	1498	,	10	,	3	)
(	1499	,	11	,	3	)
(	1500	,	12	,	3	)
(	1501	,	13	,	3	)
(	1502	,	14	,	3	)
(	1503	,	15	,	3	)
(	1504	,	16	,	3	)
(	1505	,	17	,	3	)
(	1506	,	18	,	3	)
(	1507	,	19	,	3	)
(	1508	,	20	,	3	)
(	1509	,	21	,	3	)
(	1510	,	22	,	3	)
(	1511	,	23	,	3	)
(	1512	,	24	,	3	)
(	1513	,	1	,	2	)
(	1514	,	2	,	2	)
(	1515	,	3	,	2	)
(	1516	,	4	,	2	)
(	1517	,	5	,	2	)
(	1518	,	6	,	2	)
(	1519	,	7	,	2	)
(	1520	,	8	,	2	)
(	1521	,	9	,	2	)
(	1522	,	10	,	2	)
(	1523	,	11	,	2	)
(	1524	,	12	,	2	)
(	1525	,	13	,	2	)
(	1526	,	14	,	2	)
(	1527	,	15	,	2	)
(	1528	,	16	,	2	)
(	1529	,	17	,	2	)
(	1530	,	18	,	2	)
(	1531	,	19	,	2	)
(	1532	,	20	,	2	)
(	1533	,	21	,	2	)
(	1534	,	22	,	2	)
(	1535	,	23	,	2	)
(	1536	,	24	,	2	)
(	1537	,	1	,	1	)
(	1538	,	2	,	1	)
(	1539	,	3	,	1	)
(	1540	,	4	,	1	)
(	1541	,	5	,	1	)
(	1542	,	6	,	1	)
(	1543	,	7	,	1	)
(	1544	,	8	,	1	)
(	1545	,	9	,	1	)
(	1546	,	10	,	1	)
(	1547	,	11	,	1	)
(	1548	,	12	,	1	)
(	1549	,	13	,	1	)
(	1550	,	14	,	1	)
(	1551	,	15	,	1	)
(	1552	,	16	,	1	)
(	1553	,	17	,	1	)
(	1554	,	18	,	1	)
(	1555	,	19	,	1	)
(	1556	,	20	,	1	)
(	1557	,	21	,	1	)
(	1558	,	22	,	1	)
(	1559	,	23	,	1	)
(	1560	,	24	,	1	)
(	1561	,	1	,	3	)
(	1562	,	2	,	3	)
(	1563	,	3	,	3	)
(	1564	,	4	,	3	)
(	1565	,	5	,	3	)
(	1566	,	6	,	3	)
(	1567	,	7	,	3	)
(	1568	,	8	,	3	)
(	1569	,	9	,	3	)
(	1570	,	10	,	3	)
(	1571	,	11	,	3	)
(	1572	,	12	,	3	)
(	1573	,	13	,	3	)
(	1574	,	14	,	3	)
(	1575	,	15	,	3	)
(	1576	,	16	,	3	)
(	1577	,	17	,	3	)
(	1578	,	18	,	3	)
(	1579	,	19	,	3	)
(	1580	,	20	,	3	)
(	1581	,	21	,	3	)
(	1582	,	22	,	3	)
(	1583	,	23	,	3	)
(	1584	,	24	,	3	)
(	1585	,	1	,	16	)
(	1586	,	2	,	16	)
(	1587	,	3	,	16	)
(	1588	,	4	,	16	)
(	1589	,	5	,	16	)
(	1590	,	6	,	16	)
(	1591	,	7	,	16	)
(	1592	,	8	,	16	)
(	1593	,	9	,	16	)
(	1594	,	10	,	16	)
(	1595	,	11	,	16	)
(	1596	,	12	,	16	)
(	1597	,	13	,	16	)
(	1598	,	14	,	16	)
(	1599	,	15	,	16	)
(	1600	,	16	,	16	)
(	1601	,	17	,	16	)
(	1602	,	18	,	16	)
(	1603	,	19	,	16	)
(	1604	,	20	,	16	)
(	1605	,	21	,	16	)
(	1606	,	22	,	16	)
(	1607	,	23	,	16	)
(	1608	,	24	,	16	)
(	1609	,	1	,	16	)
(	1610	,	2	,	16	)
(	1611	,	3	,	16	)
(	1612	,	4	,	16	)
(	1613	,	5	,	16	)
(	1614	,	6	,	16	)
(	1615	,	7	,	16	)
(	1616	,	8	,	16	)
(	1617	,	9	,	16	)
(	1618	,	10	,	16	)
(	1619	,	11	,	16	)
(	1620	,	12	,	16	)
(	1621	,	13	,	16	)
(	1622	,	14	,	16	)
(	1623	,	15	,	16	)
(	1624	,	16	,	16	)
(	1625	,	17	,	16	)
(	1626	,	18	,	16	)
(	1627	,	19	,	16	)
(	1628	,	20	,	16	)
(	1629	,	21	,	16	)
(	1630	,	22	,	16	)
(	1631	,	23	,	16	)
(	1632	,	24	,	16	)
(	1633	,	1	,	3	)
(	1634	,	2	,	3	)
(	1635	,	3	,	3	)
(	1636	,	4	,	3	)
(	1637	,	5	,	3	)
(	1638	,	6	,	3	)
(	1639	,	7	,	3	)
(	1640	,	8	,	3	)
(	1641	,	9	,	3	)
(	1642	,	10	,	3	)
(	1643	,	11	,	3	)
(	1644	,	12	,	3	)
(	1645	,	13	,	3	)
(	1646	,	14	,	3	)
(	1647	,	15	,	3	)
(	1648	,	16	,	3	)
(	1649	,	17	,	3	)
(	1650	,	18	,	3	)
(	1651	,	19	,	3	)
(	1652	,	20	,	3	)
(	1653	,	21	,	3	)
(	1654	,	22	,	3	)
(	1655	,	23	,	3	)
(	1656	,	24	,	3	)
(	1657	,	1	,	2	)
(	1658	,	2	,	2	)
(	1659	,	3	,	2	)
(	1660	,	4	,	2	)
(	1661	,	5	,	2	)
(	1662	,	6	,	2	)
(	1663	,	7	,	2	)
(	1664	,	8	,	2	)
(	1665	,	9	,	2	)
(	1666	,	10	,	2	)
(	1667	,	11	,	2	)
(	1668	,	12	,	2	)
(	1669	,	13	,	2	)
(	1670	,	14	,	2	)
(	1671	,	15	,	2	)
(	1672	,	16	,	2	)
(	1673	,	17	,	2	)
(	1674	,	18	,	2	)
(	1675	,	19	,	2	)
(	1676	,	20	,	2	)
(	1677	,	21	,	2	)
(	1678	,	22	,	2	)
(	1679	,	23	,	2	)
(	1680	,	24	,	2	)
(	1681	,	1	,	1	)
(	1682	,	2	,	1	)
(	1683	,	3	,	1	)
(	1684	,	4	,	1	)
(	1685	,	5	,	1	)
(	1686	,	6	,	1	)
(	1687	,	7	,	1	)
(	1688	,	8	,	1	)
(	1689	,	9	,	1	)
(	1690	,	10	,	1	)
(	1691	,	11	,	1	)
(	1692	,	12	,	1	)
(	1693	,	13	,	1	)
(	1694	,	14	,	1	)
(	1695	,	15	,	1	)
(	1696	,	16	,	1	)
(	1697	,	17	,	1	)
(	1698	,	18	,	1	)
(	1699	,	19	,	1	)
(	1700	,	20	,	1	)
(	1701	,	21	,	1	)
(	1702	,	22	,	1	)
(	1703	,	23	,	1	)
(	1704	,	24	,	1	)
(	1705	,	1	,	3	)
(	1706	,	2	,	3	)
(	1707	,	3	,	3	)
(	1708	,	4	,	3	)
(	1709	,	5	,	3	)
(	1710	,	6	,	3	)
(	1711	,	7	,	3	)
(	1712	,	8	,	3	)
(	1713	,	9	,	3	)
(	1714	,	10	,	3	)
(	1715	,	11	,	3	)
(	1716	,	12	,	3	)
(	1717	,	13	,	3	)
(	1718	,	14	,	3	)
(	1719	,	15	,	3	)
(	1720	,	16	,	3	)
(	1721	,	17	,	3	)
(	1722	,	18	,	3	)
(	1723	,	19	,	3	)
(	1724	,	20	,	3	)
(	1725	,	21	,	3	)
(	1726	,	22	,	3	)
(	1727	,	23	,	3	)
(	1728	,	24	,	3	)
(	1729	,	1	,	1	)
(	1730	,	2	,	1	)
(	1731	,	3	,	1	)
(	1732	,	4	,	1	)
(	1733	,	5	,	1	)
(	1734	,	6	,	1	)
(	1735	,	7	,	1	)
(	1736	,	8	,	1	)
(	1737	,	9	,	1	)
(	1738	,	10	,	1	)
(	1739	,	11	,	1	)
(	1740	,	12	,	1	)
(	1741	,	13	,	1	)
(	1742	,	14	,	1	)
(	1743	,	15	,	1	)
(	1744	,	16	,	1	)
(	1745	,	17	,	1	)
(	1746	,	18	,	1	)
(	1747	,	19	,	1	)
(	1748	,	20	,	1	)
(	1749	,	21	,	1	)
(	1750	,	22	,	1	)
(	1751	,	23	,	1	)
(	1752	,	24	,	1	)
(	1753	,	1	,	4	)
(	1754	,	2	,	4	)
(	1755	,	3	,	4	)
(	1756	,	4	,	4	)
(	1757	,	5	,	4	)
(	1758	,	6	,	4	)
(	1759	,	7	,	4	)
(	1760	,	8	,	4	)
(	1761	,	9	,	4	)
(	1762	,	10	,	4	)
(	1763	,	11	,	4	)
(	1764	,	12	,	4	)
(	1765	,	13	,	4	)
(	1766	,	14	,	4	)
(	1767	,	15	,	4	)
(	1768	,	16	,	4	)
(	1769	,	17	,	4	)
(	1770	,	18	,	4	)
(	1771	,	19	,	4	)
(	1772	,	20	,	4	)
(	1773	,	21	,	4	)
(	1774	,	22	,	4	)
(	1775	,	23	,	4	)
(	1776	,	24	,	4	)
(	1777	,	1	,	11	)
(	1778	,	2	,	11	)
(	1779	,	3	,	11	)
(	1780	,	4	,	11	)
(	1781	,	5	,	11	)
(	1782	,	6	,	11	)
(	1783	,	7	,	11	)
(	1784	,	8	,	11	)
(	1785	,	9	,	11	)
(	1786	,	10	,	11	)
(	1787	,	11	,	11	)
(	1788	,	12	,	11	)
(	1789	,	13	,	11	)
(	1790	,	14	,	11	)
(	1791	,	15	,	11	)
(	1792	,	16	,	11	)
(	1793	,	17	,	11	)
(	1794	,	18	,	11	)
(	1795	,	19	,	11	)
(	1796	,	20	,	11	)
(	1797	,	21	,	11	)
(	1798	,	22	,	11	)
(	1799	,	23	,	11	)
(	1800	,	24	,	11	)
(	1801	,	1	,	3	)
(	1802	,	2	,	3	)
(	1803	,	3	,	3	)
(	1804	,	4	,	3	)
(	1805	,	5	,	3	)
(	1806	,	6	,	3	)
(	1807	,	7	,	3	)
(	1808	,	8	,	3	)
(	1809	,	9	,	3	)
(	1810	,	10	,	3	)
(	1811	,	11	,	3	)
(	1812	,	12	,	3	)
(	1813	,	13	,	3	)
(	1814	,	14	,	3	)
(	1815	,	15	,	3	)
(	1816	,	16	,	3	)
(	1817	,	17	,	3	)
(	1818	,	18	,	3	)
(	1819	,	19	,	3	)
(	1820	,	20	,	3	)
(	1821	,	21	,	3	)
(	1822	,	22	,	3	)
(	1823	,	23	,	3	)
(	1824	,	24	,	3	)
(	1825	,	1	,	2	)
(	1826	,	2	,	2	)
(	1827	,	3	,	2	)
(	1828	,	4	,	2	)
(	1829	,	5	,	2	)
(	1830	,	6	,	2	)
(	1831	,	7	,	2	)
(	1832	,	8	,	2	)
(	1833	,	9	,	2	)
(	1834	,	10	,	2	)
(	1835	,	11	,	2	)
(	1836	,	12	,	2	)
(	1837	,	13	,	2	)
(	1838	,	14	,	2	)
(	1839	,	15	,	2	)
(	1840	,	16	,	2	)
(	1841	,	17	,	2	)
(	1842	,	18	,	2	)
(	1843	,	19	,	2	)
(	1844	,	20	,	2	)
(	1845	,	21	,	2	)
(	1846	,	22	,	2	)
(	1847	,	23	,	2	)
(	1848	,	24	,	2	)
(	1849	,	1	,	1	)
(	1850	,	2	,	1	)
(	1851	,	3	,	1	)
(	1852	,	4	,	1	)
(	1853	,	5	,	1	)
(	1854	,	6	,	1	)
(	1855	,	7	,	1	)
(	1856	,	8	,	1	)
(	1857	,	9	,	1	)
(	1858	,	10	,	1	)
(	1859	,	11	,	1	)
(	1860	,	12	,	1	)
(	1861	,	13	,	1	)
(	1862	,	14	,	1	)
(	1863	,	15	,	1	)
(	1864	,	16	,	1	)
(	1865	,	17	,	1	)
(	1866	,	18	,	1	)
(	1867	,	19	,	1	)
(	1868	,	20	,	1	)
(	1869	,	21	,	1	)
(	1870	,	22	,	1	)
(	1871	,	23	,	1	)
(	1872	,	24	,	1	)
(	1873	,	1	,	2	)
(	1874	,	2	,	2	)
(	1875	,	3	,	2	)
(	1876	,	4	,	2	)
(	1877	,	5	,	2	)
(	1878	,	6	,	2	)
(	1879	,	7	,	2	)
(	1880	,	8	,	2	)
(	1881	,	9	,	2	)
(	1882	,	10	,	2	)
(	1883	,	11	,	2	)
(	1884	,	12	,	2	)
(	1885	,	13	,	2	)
(	1886	,	14	,	2	)
(	1887	,	15	,	2	)
(	1888	,	16	,	2	)
(	1889	,	17	,	2	)
(	1890	,	18	,	2	)
(	1891	,	19	,	2	)
(	1892	,	20	,	2	)
(	1893	,	21	,	2	)
(	1894	,	22	,	2	)
(	1895	,	23	,	2	)
(	1896	,	24	,	2	)
(	1897	,	1	,	1	)
(	1898	,	2	,	1	)
(	1899	,	3	,	1	)
(	1900	,	4	,	1	)
(	1901	,	5	,	1	)
(	1902	,	6	,	1	)
(	1903	,	7	,	1	)
(	1904	,	8	,	1	)
(	1905	,	9	,	1	)
(	1906	,	10	,	1	)
(	1907	,	11	,	1	)
(	1908	,	12	,	1	)
(	1909	,	13	,	1	)
(	1910	,	14	,	1	)
(	1911	,	15	,	1	)
(	1912	,	16	,	1	)
(	1913	,	17	,	1	)
(	1914	,	18	,	1	)
(	1915	,	19	,	1	)
(	1916	,	20	,	1	)
(	1917	,	21	,	1	)
(	1918	,	22	,	1	)
(	1919	,	23	,	1	)
(	1920	,	24	,	1	)
(	1921	,	1	,	16	)
(	1922	,	2	,	16	)
(	1923	,	3	,	16	)
(	1924	,	4	,	16	)
(	1925	,	5	,	16	)
(	1926	,	6	,	16	)
(	1927	,	7	,	16	)
(	1928	,	8	,	16	)
(	1929	,	9	,	16	)
(	1930	,	10	,	16	)
(	1931	,	11	,	16	)
(	1932	,	12	,	16	)
(	1933	,	13	,	16	)
(	1934	,	14	,	16	)
(	1935	,	15	,	16	)
(	1936	,	16	,	16	)
(	1937	,	17	,	16	)
(	1938	,	18	,	16	)
(	1939	,	19	,	16	)
(	1940	,	20	,	16	)
(	1941	,	21	,	16	)
(	1942	,	22	,	16	)
(	1943	,	23	,	16	)
(	1944	,	24	,	16	)
(	1945	,	1	,	9	)
(	1946	,	2	,	9	)
(	1947	,	3	,	9	)
(	1948	,	4	,	9	)
(	1949	,	5	,	9	)
(	1950	,	6	,	9	)
(	1951	,	7	,	9	)
(	1952	,	8	,	9	)
(	1953	,	9	,	9	)
(	1954	,	10	,	9	)
(	1955	,	11	,	9	)
(	1956	,	12	,	9	)
(	1957	,	13	,	9	)
(	1958	,	14	,	9	)
(	1959	,	15	,	9	)
(	1960	,	16	,	9	)
(	1961	,	17	,	9	)
(	1962	,	18	,	9	)
(	1963	,	19	,	9	)
(	1964	,	20	,	9	)
(	1965	,	21	,	9	)
(	1966	,	22	,	9	)
(	1967	,	23	,	9	)
(	1968	,	24	,	9	)
(	1969	,	1	,	1	)
(	1970	,	2	,	1	)
(	1971	,	3	,	1	)
(	1972	,	4	,	1	)
(	1973	,	5	,	1	)
(	1974	,	6	,	1	)
(	1975	,	7	,	1	)
(	1976	,	8	,	1	)
(	1977	,	9	,	1	)
(	1978	,	10	,	1	)
(	1979	,	11	,	1	)
(	1980	,	12	,	1	)
(	1981	,	13	,	1	)
(	1982	,	14	,	1	)
(	1983	,	15	,	1	)
(	1984	,	16	,	1	)
(	1985	,	17	,	1	)
(	1986	,	18	,	1	)
(	1987	,	19	,	1	)
(	1988	,	20	,	1	)
(	1989	,	21	,	1	)
(	1990	,	22	,	1	)
(	1991	,	23	,	1	)
(	1992	,	24	,	1	)
(	1993	,	1	,	2	)
(	1994	,	2	,	2	)
(	1995	,	3	,	2	)
(	1996	,	4	,	2	)
(	1997	,	5	,	2	)
(	1998	,	6	,	2	)
(	1999	,	7	,	2	)
(	2000	,	8	,	2	)
(	2001	,	9	,	2	)
(	2002	,	10	,	2	)
(	2003	,	11	,	2	)
(	2004	,	12	,	2	)
(	2005	,	13	,	2	)
(	2006	,	14	,	2	)
(	2007	,	15	,	2	)
(	2008	,	16	,	2	)
(	2009	,	17	,	2	)
(	2010	,	18	,	2	)
(	2011	,	19	,	2	)
(	2012	,	20	,	2	)
(	2013	,	21	,	2	)
(	2014	,	22	,	2	)
(	2015	,	23	,	2	)
(	2016	,	24	,	2	)
(	2017	,	1	,	2	)
(	2018	,	2	,	2	)
(	2019	,	3	,	2	)
(	2020	,	4	,	2	)
(	2021	,	5	,	2	)
(	2022	,	6	,	2	)
(	2023	,	7	,	2	)
(	2024	,	8	,	2	)
(	2025	,	9	,	2	)
(	2026	,	10	,	2	)
(	2027	,	11	,	2	)
(	2028	,	12	,	2	)
(	2029	,	13	,	2	)
(	2030	,	14	,	2	)
(	2031	,	15	,	2	)
(	2032	,	16	,	2	)
(	2033	,	17	,	2	)
(	2034	,	18	,	2	)
(	2035	,	19	,	2	)
(	2036	,	20	,	2	)
(	2037	,	21	,	2	)
(	2038	,	22	,	2	)
(	2039	,	23	,	2	)
(	2040	,	24	,	2	)
(	2041	,	1	,	2	)
(	2042	,	2	,	2	)
(	2043	,	3	,	2	)
(	2044	,	4	,	2	)
(	2045	,	5	,	2	)
(	2046	,	6	,	2	)
(	2047	,	7	,	2	)
(	2048	,	8	,	2	)
(	2049	,	9	,	2	)
(	2050	,	10	,	2	)
(	2051	,	11	,	2	)
(	2052	,	12	,	2	)
(	2053	,	13	,	2	)
(	2054	,	14	,	2	)
(	2055	,	15	,	2	)
(	2056	,	16	,	2	)
(	2057	,	17	,	2	)
(	2058	,	18	,	2	)
(	2059	,	19	,	2	)
(	2060	,	20	,	2	)
(	2061	,	21	,	2	)
(	2062	,	22	,	2	)
(	2063	,	23	,	2	)
(	2064	,	24	,	2	)
(	2065	,	1	,	5	)
(	2066	,	2	,	5	)
(	2067	,	3	,	5	)
(	2068	,	4	,	5	)
(	2069	,	5	,	5	)
(	2070	,	6	,	5	)
(	2071	,	7	,	5	)
(	2072	,	8	,	5	)
(	2073	,	9	,	5	)
(	2074	,	10	,	5	)
(	2075	,	11	,	5	)
(	2076	,	12	,	5	)
(	2077	,	13	,	5	)
(	2078	,	14	,	5	)
(	2079	,	15	,	5	)
(	2080	,	16	,	5	)
(	2081	,	17	,	5	)
(	2082	,	18	,	5	)
(	2083	,	19	,	5	)
(	2084	,	20	,	5	)
(	2085	,	21	,	5	)
(	2086	,	22	,	5	)
(	2087	,	23	,	5	)
(	2088	,	24	,	5	)
(	2089	,	1	,	4	)
(	2090	,	2	,	4	)
(	2091	,	3	,	4	)
(	2092	,	4	,	4	)
(	2093	,	5	,	4	)
(	2094	,	6	,	4	)
(	2095	,	7	,	4	)
(	2096	,	8	,	4	)
(	2097	,	9	,	4	)
(	2098	,	10	,	4	)
(	2099	,	11	,	4	)
(	2100	,	12	,	4	)
(	2101	,	13	,	4	)
(	2102	,	14	,	4	)
(	2103	,	15	,	4	)
(	2104	,	16	,	4	)
(	2105	,	17	,	4	)
(	2106	,	18	,	4	)
(	2107	,	19	,	4	)
(	2108	,	20	,	4	)
(	2109	,	21	,	4	)
(	2110	,	22	,	4	)
(	2111	,	23	,	4	)
(	2112	,	24	,	4	)
(	2113	,	1	,	16	)
(	2114	,	2	,	16	)
(	2115	,	3	,	16	)
(	2116	,	4	,	16	)
(	2117	,	5	,	16	)
(	2118	,	6	,	16	)
(	2119	,	7	,	16	)
(	2120	,	8	,	16	)
(	2121	,	9	,	16	)
(	2122	,	10	,	16	)
(	2123	,	11	,	16	)
(	2124	,	12	,	16	)
(	2125	,	13	,	16	)
(	2126	,	14	,	16	)
(	2127	,	15	,	16	)
(	2128	,	16	,	16	)
(	2129	,	17	,	16	)
(	2130	,	18	,	16	)
(	2131	,	19	,	16	)
(	2132	,	20	,	16	)
(	2133	,	21	,	16	)
(	2134	,	22	,	16	)
(	2135	,	23	,	16	)
(	2136	,	24	,	16	)
(	2137	,	1	,	1	)
(	2138	,	2	,	1	)
(	2139	,	3	,	1	)
(	2140	,	4	,	1	)
(	2141	,	5	,	1	)
(	2142	,	6	,	1	)
(	2143	,	7	,	1	)
(	2144	,	8	,	1	)
(	2145	,	9	,	1	)
(	2146	,	10	,	1	)
(	2147	,	11	,	1	)
(	2148	,	12	,	1	)
(	2149	,	13	,	1	)
(	2150	,	14	,	1	)
(	2151	,	15	,	1	)
(	2152	,	16	,	1	)
(	2153	,	17	,	1	)
(	2154	,	18	,	1	)
(	2155	,	19	,	1	)
(	2156	,	20	,	1	)
(	2157	,	21	,	1	)
(	2158	,	22	,	1	)
(	2159	,	23	,	1	)
(	2160	,	24	,	1	)
(	2161	,	1	,	14	)
(	2162	,	2	,	14	)
(	2163	,	3	,	14	)
(	2164	,	4	,	14	)
(	2165	,	5	,	14	)
(	2166	,	6	,	14	)
(	2167	,	7	,	14	)
(	2168	,	8	,	14	)
(	2169	,	9	,	14	)
(	2170	,	10	,	14	)
(	2171	,	11	,	14	)
(	2172	,	12	,	14	)
(	2173	,	13	,	14	)
(	2174	,	14	,	14	)
(	2175	,	15	,	14	)
(	2176	,	16	,	14	)
(	2177	,	17	,	14	)
(	2178	,	18	,	14	)
(	2179	,	19	,	14	)
(	2180	,	20	,	14	)
(	2181	,	21	,	14	)
(	2182	,	22	,	14	)
(	2183	,	23	,	14	)
(	2184	,	24	,	14	)
(	2185	,	1	,	15	)
(	2186	,	2	,	15	)
(	2187	,	3	,	15	)
(	2188	,	4	,	15	)
(	2189	,	5	,	15	)
(	2190	,	6	,	15	)
(	2191	,	7	,	15	)
(	2192	,	8	,	15	)
(	2193	,	9	,	15	)
(	2194	,	10	,	15	)
(	2195	,	11	,	15	)
(	2196	,	12	,	15	)
(	2197	,	13	,	15	)
(	2198	,	14	,	15	)
(	2199	,	15	,	15	)
(	2200	,	16	,	15	)
(	2201	,	17	,	15	)
(	2202	,	18	,	15	)
(	2203	,	19	,	15	)
(	2204	,	20	,	15	)
(	2205	,	21	,	15	)
(	2206	,	22	,	15	)
(	2207	,	23	,	15	)
(	2208	,	24	,	15	)
(	2209	,	1	,	5	)
(	2210	,	2	,	5	)
(	2211	,	3	,	5	)
(	2212	,	4	,	5	)
(	2213	,	5	,	5	)
(	2214	,	6	,	5	)
(	2215	,	7	,	5	)
(	2216	,	8	,	5	)
(	2217	,	9	,	5	)
(	2218	,	10	,	5	)
(	2219	,	11	,	5	)
(	2220	,	12	,	5	)
(	2221	,	13	,	5	)
(	2222	,	14	,	5	)
(	2223	,	15	,	5	)
(	2224	,	16	,	5	)
(	2225	,	17	,	5	)
(	2226	,	18	,	5	)
(	2227	,	19	,	5	)
(	2228	,	20	,	5	)
(	2229	,	21	,	5	)
(	2230	,	22	,	5	)
(	2231	,	23	,	5	)
(	2232	,	24	,	5	)
(	2233	,	1	,	14	)
(	2234	,	2	,	14	)
(	2235	,	3	,	14	)
(	2236	,	4	,	14	)
(	2237	,	5	,	14	)
(	2238	,	6	,	14	)
(	2239	,	7	,	14	)
(	2240	,	8	,	14	)
(	2241	,	9	,	14	)
(	2242	,	10	,	14	)
(	2243	,	11	,	14	)
(	2244	,	12	,	14	)
(	2245	,	13	,	14	)
(	2246	,	14	,	14	)
(	2247	,	15	,	14	)
(	2248	,	16	,	14	)
(	2249	,	17	,	14	)
(	2250	,	18	,	14	)
(	2251	,	19	,	14	)
(	2252	,	20	,	14	)
(	2253	,	21	,	14	)
(	2254	,	22	,	14	)
(	2255	,	23	,	14	)
(	2256	,	24	,	14	)
(	2257	,	1	,	13	)
(	2258	,	2	,	13	)
(	2259	,	3	,	13	)
(	2260	,	4	,	13	)
(	2261	,	5	,	13	)
(	2262	,	6	,	13	)
(	2263	,	7	,	13	)
(	2264	,	8	,	13	)
(	2265	,	9	,	13	)
(	2266	,	10	,	13	)
(	2267	,	11	,	13	)
(	2268	,	12	,	13	)
(	2269	,	13	,	13	)
(	2270	,	14	,	13	)
(	2271	,	15	,	13	)
(	2272	,	16	,	13	)
(	2273	,	17	,	13	)
(	2274	,	18	,	13	)
(	2275	,	19	,	13	)
(	2276	,	20	,	13	)
(	2277	,	21	,	13	)
(	2278	,	22	,	13	)
(	2279	,	23	,	13	)
(	2280	,	24	,	13	)
(	2281	,	1	,	4	)
(	2282	,	2	,	4	)
(	2283	,	3	,	4	)
(	2284	,	4	,	4	)
(	2285	,	5	,	4	)
(	2286	,	6	,	4	)
(	2287	,	7	,	4	)
(	2288	,	8	,	4	)
(	2289	,	9	,	4	)
(	2290	,	10	,	4	)
(	2291	,	11	,	4	)
(	2292	,	12	,	4	)
(	2293	,	13	,	4	)
(	2294	,	14	,	4	)
(	2295	,	15	,	4	)
(	2296	,	16	,	4	)
(	2297	,	17	,	4	)
(	2298	,	18	,	4	)
(	2299	,	19	,	4	)
(	2300	,	20	,	4	)
(	2301	,	21	,	4	)
(	2302	,	22	,	4	)
(	2303	,	23	,	4	)
(	2304	,	24	,	4	)
(	2305	,	1	,	9	)
(	2306	,	2	,	9	)
(	2307	,	3	,	9	)
(	2308	,	4	,	9	)
(	2309	,	5	,	9	)
(	2310	,	6	,	9	)
(	2311	,	7	,	9	)
(	2312	,	8	,	9	)
(	2313	,	9	,	9	)
(	2314	,	10	,	9	)
(	2315	,	11	,	9	)
(	2316	,	12	,	9	)
(	2317	,	13	,	9	)
(	2318	,	14	,	9	)
(	2319	,	15	,	9	)
(	2320	,	16	,	9	)
(	2321	,	17	,	9	)
(	2322	,	18	,	9	)
(	2323	,	19	,	9	)
(	2324	,	20	,	9	)
(	2325	,	21	,	9	)
(	2326	,	22	,	9	)
(	2327	,	23	,	9	)
(	2328	,	24	,	9	)
(	2329	,	1	,	13	)
(	2330	,	2	,	13	)
(	2331	,	3	,	13	)
(	2332	,	4	,	13	)
(	2333	,	5	,	13	)
(	2334	,	6	,	13	)
(	2335	,	7	,	13	)
(	2336	,	8	,	13	)
(	2337	,	9	,	13	)
(	2338	,	10	,	13	)
(	2339	,	11	,	13	)
(	2340	,	12	,	13	)
(	2341	,	13	,	13	)
(	2342	,	14	,	13	)
(	2343	,	15	,	13	)
(	2344	,	16	,	13	)
(	2345	,	17	,	13	)
(	2346	,	18	,	13	)
(	2347	,	19	,	13	)
(	2348	,	20	,	13	)
(	2349	,	21	,	13	)
(	2350	,	22	,	13	)
(	2351	,	23	,	13	)
(	2352	,	24	,	13	)
(	2353	,	1	,	5	)
(	2354	,	2	,	5	)
(	2355	,	3	,	5	)
(	2356	,	4	,	5	)
(	2357	,	5	,	5	)
(	2358	,	6	,	5	)
(	2359	,	7	,	5	)
(	2360	,	8	,	5	)
(	2361	,	9	,	5	)
(	2362	,	10	,	5	)
(	2363	,	11	,	5	)
(	2364	,	12	,	5	)
(	2365	,	13	,	5	)
(	2366	,	14	,	5	)
(	2367	,	15	,	5	)
(	2368	,	16	,	5	)
(	2369	,	17	,	5	)
(	2370	,	18	,	5	)
(	2371	,	19	,	5	)
(	2372	,	20	,	5	)
(	2373	,	21	,	5	)
(	2374	,	22	,	5	)
(	2375	,	23	,	5	)
(	2376	,	24	,	5	)
(	2377	,	1	,	5	)
(	2378	,	2	,	5	)
(	2379	,	3	,	5	)
(	2380	,	4	,	5	)
(	2381	,	5	,	5	)
(	2382	,	6	,	5	)
(	2383	,	7	,	5	)
(	2384	,	8	,	5	)
(	2385	,	9	,	5	)
(	2386	,	10	,	5	)
(	2387	,	11	,	5	)
(	2388	,	12	,	5	)
(	2389	,	13	,	5	)
(	2390	,	14	,	5	)
(	2391	,	15	,	5	)
(	2392	,	16	,	5	)
(	2393	,	17	,	5	)
(	2394	,	18	,	5	)
(	2395	,	19	,	5	)
(	2396	,	20	,	5	)
(	2397	,	21	,	5	)
(	2398	,	22	,	5	)
(	2399	,	23	,	5	)
(	2400	,	24	,	5	)
(	2401	,	1	,	14	)
(	2402	,	2	,	14	)
(	2403	,	3	,	14	)
(	2404	,	4	,	14	)
(	2405	,	5	,	14	)
(	2406	,	6	,	14	)
(	2407	,	7	,	14	)
(	2408	,	8	,	14	)
(	2409	,	9	,	14	)
(	2410	,	10	,	14	)
(	2411	,	11	,	14	)
(	2412	,	12	,	14	)
(	2413	,	13	,	14	)
(	2414	,	14	,	14	)
(	2415	,	15	,	14	)
(	2416	,	16	,	14	)
(	2417	,	17	,	14	)
(	2418	,	18	,	14	)
(	2419	,	19	,	14	)
(	2420	,	20	,	14	)
(	2421	,	21	,	14	)
(	2422	,	22	,	14	)
(	2423	,	23	,	14	)
(	2424	,	24	,	14	)
(	2425	,	1	,	14	)
(	2426	,	2	,	14	)
(	2427	,	3	,	14	)
(	2428	,	4	,	14	)
(	2429	,	5	,	14	)
(	2430	,	6	,	14	)
(	2431	,	7	,	14	)
(	2432	,	8	,	14	)
(	2433	,	9	,	14	)
(	2434	,	10	,	14	)
(	2435	,	11	,	14	)
(	2436	,	12	,	14	)
(	2437	,	13	,	14	)
(	2438	,	14	,	14	)
(	2439	,	15	,	14	)
(	2440	,	16	,	14	)
(	2441	,	17	,	14	)
(	2442	,	18	,	14	)
(	2443	,	19	,	14	)
(	2444	,	20	,	14	)
(	2445	,	21	,	14	)
(	2446	,	22	,	14	)
(	2447	,	23	,	14	)
(	2448	,	24	,	14	)
(	2449	,	1	,	9	)
(	2450	,	2	,	9	)
(	2451	,	3	,	9	)
(	2452	,	4	,	9	)
(	2453	,	5	,	9	)
(	2454	,	6	,	9	)
(	2455	,	7	,	9	)
(	2456	,	8	,	9	)
(	2457	,	9	,	9	)
(	2458	,	10	,	9	)
(	2459	,	11	,	9	)
(	2460	,	12	,	9	)
(	2461	,	13	,	9	)
(	2462	,	14	,	9	)
(	2463	,	15	,	9	)
(	2464	,	16	,	9	)
(	2465	,	17	,	9	)
(	2466	,	18	,	9	)
(	2467	,	19	,	9	)
(	2468	,	20	,	9	)
(	2469	,	21	,	9	)
(	2470	,	22	,	9	)
(	2471	,	23	,	9	)
(	2472	,	24	,	9	)
(	2473	,	1	,	9	)
(	2474	,	2	,	9	)
(	2475	,	3	,	9	)
(	2476	,	4	,	9	)
(	2477	,	5	,	9	)
(	2478	,	6	,	9	)
(	2479	,	7	,	9	)
(	2480	,	8	,	9	)
(	2481	,	9	,	9	)
(	2482	,	10	,	9	)
(	2483	,	11	,	9	)
(	2484	,	12	,	9	)
(	2485	,	13	,	9	)
(	2486	,	14	,	9	)
(	2487	,	15	,	9	)
(	2488	,	16	,	9	)
(	2489	,	17	,	9	)
(	2490	,	18	,	9	)
(	2491	,	19	,	9	)
(	2492	,	20	,	9	)
(	2493	,	21	,	9	)
(	2494	,	22	,	9	)
(	2495	,	23	,	9	)
(	2496	,	24	,	9	)
(	2497	,	1	,	15	)
(	2498	,	2	,	15	)
(	2499	,	3	,	15	)
(	2500	,	4	,	15	)
(	2501	,	5	,	15	)
(	2502	,	6	,	15	)
(	2503	,	7	,	15	)
(	2504	,	8	,	15	)
(	2505	,	9	,	15	)
(	2506	,	10	,	15	)
(	2507	,	11	,	15	)
(	2508	,	12	,	15	)
(	2509	,	13	,	15	)
(	2510	,	14	,	15	)
(	2511	,	15	,	15	)
(	2512	,	16	,	15	)
(	2513	,	17	,	15	)
(	2514	,	18	,	15	)
(	2515	,	19	,	15	)
(	2516	,	20	,	15	)
(	2517	,	21	,	15	)
(	2518	,	22	,	15	)
(	2519	,	23	,	15	)
(	2520	,	24	,	15	)
(	2521	,	1	,	8	)
(	2522	,	2	,	8	)
(	2523	,	3	,	8	)
(	2524	,	4	,	8	)
(	2525	,	5	,	8	)
(	2526	,	6	,	8	)
(	2527	,	7	,	8	)
(	2528	,	8	,	8	)
(	2529	,	9	,	8	)
(	2530	,	10	,	8	)
(	2531	,	11	,	8	)
(	2532	,	12	,	8	)
(	2533	,	13	,	8	)
(	2534	,	14	,	8	)
(	2535	,	15	,	8	)
(	2536	,	16	,	8	)
(	2537	,	17	,	8	)
(	2538	,	18	,	8	)
(	2539	,	19	,	8	)
(	2540	,	20	,	8	)
(	2541	,	21	,	8	)
(	2542	,	22	,	8	)
(	2543	,	23	,	8	)
(	2544	,	24	,	8	)
(	2545	,	1	,	10	)
(	2546	,	2	,	10	)
(	2547	,	3	,	10	)
(	2548	,	4	,	10	)
(	2549	,	5	,	10	)
(	2550	,	6	,	10	)
(	2551	,	7	,	10	)
(	2552	,	8	,	10	)
(	2553	,	9	,	10	)
(	2554	,	10	,	10	)
(	2555	,	11	,	10	)
(	2556	,	12	,	10	)
(	2557	,	13	,	10	)
(	2558	,	14	,	10	)
(	2559	,	15	,	10	)
(	2560	,	16	,	10	)
(	2561	,	17	,	10	)
(	2562	,	18	,	10	)
(	2563	,	19	,	10	)
(	2564	,	20	,	10	)
(	2565	,	21	,	10	)
(	2566	,	22	,	10	)
(	2567	,	23	,	10	)
(	2568	,	24	,	10	)
(	2569	,	1	,	5	)
(	2570	,	2	,	5	)
(	2571	,	3	,	5	)
(	2572	,	4	,	5	)
(	2573	,	5	,	5	)
(	2574	,	6	,	5	)
(	2575	,	7	,	5	)
(	2576	,	8	,	5	)
(	2577	,	9	,	5	)
(	2578	,	10	,	5	)
(	2579	,	11	,	5	)
(	2580	,	12	,	5	)
(	2581	,	13	,	5	)
(	2582	,	14	,	5	)
(	2583	,	15	,	5	)
(	2584	,	16	,	5	)
(	2585	,	17	,	5	)
(	2586	,	18	,	5	)
(	2587	,	19	,	5	)
(	2588	,	20	,	5	)
(	2589	,	21	,	5	)
(	2590	,	22	,	5	)
(	2591	,	23	,	5	)
(	2592	,	24	,	5	)
(	2593	,	1	,	15	)
(	2594	,	2	,	15	)
(	2595	,	3	,	15	)
(	2596	,	4	,	15	)
(	2597	,	5	,	15	)
(	2598	,	6	,	15	)
(	2599	,	7	,	15	)
(	2600	,	8	,	15	)
(	2601	,	9	,	15	)
(	2602	,	10	,	15	)
(	2603	,	11	,	15	)
(	2604	,	12	,	15	)
(	2605	,	13	,	15	)
(	2606	,	14	,	15	)
(	2607	,	15	,	15	)
(	2608	,	16	,	15	)
(	2609	,	17	,	15	)
(	2610	,	18	,	15	)
(	2611	,	19	,	15	)
(	2612	,	20	,	15	)
(	2613	,	21	,	15	)
(	2614	,	22	,	15	)
(	2615	,	23	,	15	)
(	2616	,	24	,	15	)
(	2617	,	1	,	16	)
(	2618	,	2	,	16	)
(	2619	,	3	,	16	)
(	2620	,	4	,	16	)
(	2621	,	5	,	16	)
(	2622	,	6	,	16	)
(	2623	,	7	,	16	)
(	2624	,	8	,	16	)
(	2625	,	9	,	16	)
(	2626	,	10	,	16	)
(	2627	,	11	,	16	)
(	2628	,	12	,	16	)
(	2629	,	13	,	16	)
(	2630	,	14	,	16	)
(	2631	,	15	,	16	)
(	2632	,	16	,	16	)
(	2633	,	17	,	16	)
(	2634	,	18	,	16	)
(	2635	,	19	,	16	)
(	2636	,	20	,	16	)
(	2637	,	21	,	16	)
(	2638	,	22	,	16	)
(	2639	,	23	,	16	)
(	2640	,	24	,	16	)
(	2641	,	1	,	16	)
(	2642	,	2	,	16	)
(	2643	,	3	,	16	)
(	2644	,	4	,	16	)
(	2645	,	5	,	16	)
(	2646	,	6	,	16	)
(	2647	,	7	,	16	)
(	2648	,	8	,	16	)
(	2649	,	9	,	16	)
(	2650	,	10	,	16	)
(	2651	,	11	,	16	)
(	2652	,	12	,	16	)
(	2653	,	13	,	16	)
(	2654	,	14	,	16	)
(	2655	,	15	,	16	)
(	2656	,	16	,	16	)
(	2657	,	17	,	16	)
(	2658	,	18	,	16	)
(	2659	,	19	,	16	)
(	2660	,	20	,	16	)
(	2661	,	21	,	16	)
(	2662	,	22	,	16	)
(	2663	,	23	,	16	)
(	2664	,	24	,	16	)
(	2665	,	1	,	15	)
(	2666	,	2	,	15	)
(	2667	,	3	,	15	)
(	2668	,	4	,	15	)
(	2669	,	5	,	15	)
(	2670	,	6	,	15	)
(	2671	,	7	,	15	)
(	2672	,	8	,	15	)
(	2673	,	9	,	15	)
(	2674	,	10	,	15	)
(	2675	,	11	,	15	)
(	2676	,	12	,	15	)
(	2677	,	13	,	15	)
(	2678	,	14	,	15	)
(	2679	,	15	,	15	)
(	2680	,	16	,	15	)
(	2681	,	17	,	15	)
(	2682	,	18	,	15	)
(	2683	,	19	,	15	)
(	2684	,	20	,	15	)
(	2685	,	21	,	15	)
(	2686	,	22	,	15	)
(	2687	,	23	,	15	)
(	2688	,	24	,	15	)
(	2689	,	1	,	1	)
(	2690	,	2	,	1	)
(	2691	,	3	,	1	)
(	2692	,	4	,	1	)
(	2693	,	5	,	1	)
(	2694	,	6	,	1	)
(	2695	,	7	,	1	)
(	2696	,	8	,	1	)
(	2697	,	9	,	1	)
(	2698	,	10	,	1	)
(	2699	,	11	,	1	)
(	2700	,	12	,	1	)
(	2701	,	13	,	1	)
(	2702	,	14	,	1	)
(	2703	,	15	,	1	)
(	2704	,	16	,	1	)
(	2705	,	17	,	1	)
(	2706	,	18	,	1	)
(	2707	,	19	,	1	)
(	2708	,	20	,	1	)
(	2709	,	21	,	1	)
(	2710	,	22	,	1	)
(	2711	,	23	,	1	)
(	2712	,	24	,	1	)
(	2713	,	1	,	14	)
(	2714	,	2	,	14	)
(	2715	,	3	,	14	)
(	2716	,	4	,	14	)
(	2717	,	5	,	14	)
(	2718	,	6	,	14	)
(	2719	,	7	,	14	)
(	2720	,	8	,	14	)
(	2721	,	9	,	14	)
(	2722	,	10	,	14	)
(	2723	,	11	,	14	)
(	2724	,	12	,	14	)
(	2725	,	13	,	14	)
(	2726	,	14	,	14	)
(	2727	,	15	,	14	)
(	2728	,	16	,	14	)
(	2729	,	17	,	14	)
(	2730	,	18	,	14	)
(	2731	,	19	,	14	)
(	2732	,	20	,	14	)
(	2733	,	21	,	14	)
(	2734	,	22	,	14	)
(	2735	,	23	,	14	)
(	2736	,	24	,	14	)
(	2737	,	1	,	1	)
(	2738	,	2	,	1	)
(	2739	,	3	,	1	)
(	2740	,	4	,	1	)
(	2741	,	5	,	1	)
(	2742	,	6	,	1	)
(	2743	,	7	,	1	)
(	2744	,	8	,	1	)
(	2745	,	9	,	1	)
(	2746	,	10	,	1	)
(	2747	,	11	,	1	)
(	2748	,	12	,	1	)
(	2749	,	13	,	1	)
(	2750	,	14	,	1	)
(	2751	,	15	,	1	)
(	2752	,	16	,	1	)
(	2753	,	17	,	1	)
(	2754	,	18	,	1	)
(	2755	,	19	,	1	)
(	2756	,	20	,	1	)
(	2757	,	21	,	1	)
(	2758	,	22	,	1	)
(	2759	,	23	,	1	)
(	2760	,	24	,	1	)
(	2761	,	1	,	13	)
(	2762	,	2	,	13	)
(	2763	,	3	,	13	)
(	2764	,	4	,	13	)
(	2765	,	5	,	13	)
(	2766	,	6	,	13	)
(	2767	,	7	,	13	)
(	2768	,	8	,	13	)
(	2769	,	9	,	13	)
(	2770	,	10	,	13	)
(	2771	,	11	,	13	)
(	2772	,	12	,	13	)
(	2773	,	13	,	13	)
(	2774	,	14	,	13	)
(	2775	,	15	,	13	)
(	2776	,	16	,	13	)
(	2777	,	17	,	13	)
(	2778	,	18	,	13	)
(	2779	,	19	,	13	)
(	2780	,	20	,	13	)
(	2781	,	21	,	13	)
(	2782	,	22	,	13	)
(	2783	,	23	,	13	)
(	2784	,	24	,	13	)
(	2785	,	1	,	4	)
(	2786	,	2	,	4	)
(	2787	,	3	,	4	)
(	2788	,	4	,	4	)
(	2789	,	5	,	4	)
(	2790	,	6	,	4	)
(	2791	,	7	,	4	)
(	2792	,	8	,	4	)
(	2793	,	9	,	4	)
(	2794	,	10	,	4	)
(	2795	,	11	,	4	)
(	2796	,	12	,	4	)
(	2797	,	13	,	4	)
(	2798	,	14	,	4	)
(	2799	,	15	,	4	)
(	2800	,	16	,	4	)
(	2801	,	17	,	4	)
(	2802	,	18	,	4	)
(	2803	,	19	,	4	)
(	2804	,	20	,	4	)
(	2805	,	21	,	4	)
(	2806	,	22	,	4	)
(	2807	,	23	,	4	)
(	2808	,	24	,	4	)
(	2809	,	1	,	4	)
(	2810	,	2	,	4	)
(	2811	,	3	,	4	)
(	2812	,	4	,	4	)
(	2813	,	5	,	4	)
(	2814	,	6	,	4	)
(	2815	,	7	,	4	)
(	2816	,	8	,	4	)
(	2817	,	9	,	4	)
(	2818	,	10	,	4	)
(	2819	,	11	,	4	)
(	2820	,	12	,	4	)
(	2821	,	13	,	4	)
(	2822	,	14	,	4	)
(	2823	,	15	,	4	)
(	2824	,	16	,	4	)
(	2825	,	17	,	4	)
(	2826	,	18	,	4	)
(	2827	,	19	,	4	)
(	2828	,	20	,	4	)
(	2829	,	21	,	4	)
(	2830	,	22	,	4	)
(	2831	,	23	,	4	)
(	2832	,	24	,	4	)
(	2833	,	1	,	15	)
(	2834	,	2	,	15	)
(	2835	,	3	,	15	)
(	2836	,	4	,	15	)
(	2837	,	5	,	15	)
(	2838	,	6	,	15	)
(	2839	,	7	,	15	)
(	2840	,	8	,	15	)
(	2841	,	9	,	15	)
(	2842	,	10	,	15	)
(	2843	,	11	,	15	)
(	2844	,	12	,	15	)
(	2845	,	13	,	15	)
(	2846	,	14	,	15	)
(	2847	,	15	,	15	)
(	2848	,	16	,	15	)
(	2849	,	17	,	15	)
(	2850	,	18	,	15	)
(	2851	,	19	,	15	)
(	2852	,	20	,	15	)
(	2853	,	21	,	15	)
(	2854	,	22	,	15	)
(	2855	,	23	,	15	)
(	2856	,	24	,	15	)
(	2857	,	1	,	10	)
(	2858	,	2	,	10	)
(	2859	,	3	,	10	)
(	2860	,	4	,	10	)
(	2861	,	5	,	10	)
(	2862	,	6	,	10	)
(	2863	,	7	,	10	)
(	2864	,	8	,	10	)
(	2865	,	9	,	10	)
(	2866	,	10	,	10	)
(	2867	,	11	,	10	)
(	2868	,	12	,	10	)
(	2869	,	13	,	10	)
(	2870	,	14	,	10	)
(	2871	,	15	,	10	)
(	2872	,	16	,	10	)
(	2873	,	17	,	10	)
(	2874	,	18	,	10	)
(	2875	,	19	,	10	)
(	2876	,	20	,	10	)
(	2877	,	21	,	10	)
(	2878	,	22	,	10	)
(	2879	,	23	,	10	)
(	2880	,	24	,	10	)
(	2881	,	1	,	15	)
(	2882	,	2	,	15	)
(	2883	,	3	,	15	)
(	2884	,	4	,	15	)
(	2885	,	5	,	15	)
(	2886	,	6	,	15	)
(	2887	,	7	,	15	)
(	2888	,	8	,	15	)
(	2889	,	9	,	15	)
(	2890	,	10	,	15	)
(	2891	,	11	,	15	)
(	2892	,	12	,	15	)
(	2893	,	13	,	15	)
(	2894	,	14	,	15	)
(	2895	,	15	,	15	)
(	2896	,	16	,	15	)
(	2897	,	17	,	15	)
(	2898	,	18	,	15	)
(	2899	,	19	,	15	)
(	2900	,	20	,	15	)
(	2901	,	21	,	15	)
(	2902	,	22	,	15	)
(	2903	,	23	,	15	)
(	2904	,	24	,	15	)
(	2905	,	1	,	10	)
(	2906	,	2	,	10	)
(	2907	,	3	,	10	)
(	2908	,	4	,	10	)
(	2909	,	5	,	10	)
(	2910	,	6	,	10	)
(	2911	,	7	,	10	)
(	2912	,	8	,	10	)
(	2913	,	9	,	10	)
(	2914	,	10	,	10	)
(	2915	,	11	,	10	)
(	2916	,	12	,	10	)
(	2917	,	13	,	10	)
(	2918	,	14	,	10	)
(	2919	,	15	,	10	)
(	2920	,	16	,	10	)
(	2921	,	17	,	10	)
(	2922	,	18	,	10	)
(	2923	,	19	,	10	)
(	2924	,	20	,	10	)
(	2925	,	21	,	10	)
(	2926	,	22	,	10	)
(	2927	,	23	,	10	)
(	2928	,	24	,	10	)
(	2929	,	1	,	14	)
(	2930	,	2	,	14	)
(	2931	,	3	,	14	)
(	2932	,	4	,	14	)
(	2933	,	5	,	14	)
(	2934	,	6	,	14	)
(	2935	,	7	,	14	)
(	2936	,	8	,	14	)
(	2937	,	9	,	14	)
(	2938	,	10	,	14	)
(	2939	,	11	,	14	)
(	2940	,	12	,	14	)
(	2941	,	13	,	14	)
(	2942	,	14	,	14	)
(	2943	,	15	,	14	)
(	2944	,	16	,	14	)
(	2945	,	17	,	14	)
(	2946	,	18	,	14	)
(	2947	,	19	,	14	)
(	2948	,	20	,	14	)
(	2949	,	21	,	14	)
(	2950	,	22	,	14	)
(	2951	,	23	,	14	)
(	2952	,	24	,	14	)
(	2953	,	1	,	16	)
(	2954	,	2	,	16	)
(	2955	,	3	,	16	)
(	2956	,	4	,	16	)
(	2957	,	5	,	16	)
(	2958	,	6	,	16	)
(	2959	,	7	,	16	)
(	2960	,	8	,	16	)
(	2961	,	9	,	16	)
(	2962	,	10	,	16	)
(	2963	,	11	,	16	)
(	2964	,	12	,	16	)
(	2965	,	13	,	16	)
(	2966	,	14	,	16	)
(	2967	,	15	,	16	)
(	2968	,	16	,	16	)
(	2969	,	17	,	16	)
(	2970	,	18	,	16	)
(	2971	,	19	,	16	)
(	2972	,	20	,	16	)
(	2973	,	21	,	16	)
(	2974	,	22	,	16	)
(	2975	,	23	,	16	)
(	2976	,	24	,	16	)
(	2977	,	1	,	4	)
(	2978	,	2	,	4	)
(	2979	,	3	,	4	)
(	2980	,	4	,	4	)
(	2981	,	5	,	4	)
(	2982	,	6	,	4	)
(	2983	,	7	,	4	)
(	2984	,	8	,	4	)
(	2985	,	9	,	4	)
(	2986	,	10	,	4	)
(	2987	,	11	,	4	)
(	2988	,	12	,	4	)
(	2989	,	13	,	4	)
(	2990	,	14	,	4	)
(	2991	,	15	,	4	)
(	2992	,	16	,	4	)
(	2993	,	17	,	4	)
(	2994	,	18	,	4	)
(	2995	,	19	,	4	)
(	2996	,	20	,	4	)
(	2997	,	21	,	4	)
(	2998	,	22	,	4	)
(	2999	,	23	,	4	)
(	3000	,	24	,	4	)
(	3001	,	1	,	15	)
(	3002	,	2	,	15	)
(	3003	,	3	,	15	)
(	3004	,	4	,	15	)
(	3005	,	5	,	15	)
(	3006	,	6	,	15	)
(	3007	,	7	,	15	)
(	3008	,	8	,	15	)
(	3009	,	9	,	15	)
(	3010	,	10	,	15	)
(	3011	,	11	,	15	)
(	3012	,	12	,	15	)
(	3013	,	13	,	15	)
(	3014	,	14	,	15	)
(	3015	,	15	,	15	)
(	3016	,	16	,	15	)
(	3017	,	17	,	15	)
(	3018	,	18	,	15	)
(	3019	,	19	,	15	)
(	3020	,	20	,	15	)
(	3021	,	21	,	15	)
(	3022	,	22	,	15	)
(	3023	,	23	,	15	)
(	3024	,	24	,	15	)
(	3025	,	1	,	5	)
(	3026	,	2	,	5	)
(	3027	,	3	,	5	)
(	3028	,	4	,	5	)
(	3029	,	5	,	5	)
(	3030	,	6	,	5	)
(	3031	,	7	,	5	)
(	3032	,	8	,	5	)
(	3033	,	9	,	5	)
(	3034	,	10	,	5	)
(	3035	,	11	,	5	)
(	3036	,	12	,	5	)
(	3037	,	13	,	5	)
(	3038	,	14	,	5	)
(	3039	,	15	,	5	)
(	3040	,	16	,	5	)
(	3041	,	17	,	5	)
(	3042	,	18	,	5	)
(	3043	,	19	,	5	)
(	3044	,	20	,	5	)
(	3045	,	21	,	5	)
(	3046	,	22	,	5	)
(	3047	,	23	,	5	)
(	3048	,	24	,	5	)
(	3049	,	1	,	13	)
(	3050	,	2	,	13	)
(	3051	,	3	,	13	)
(	3052	,	4	,	13	)
(	3053	,	5	,	13	)
(	3054	,	6	,	13	)
(	3055	,	7	,	13	)
(	3056	,	8	,	13	)
(	3057	,	9	,	13	)
(	3058	,	10	,	13	)
(	3059	,	11	,	13	)
(	3060	,	12	,	13	)
(	3061	,	13	,	13	)
(	3062	,	14	,	13	)
(	3063	,	15	,	13	)
(	3064	,	16	,	13	)
(	3065	,	17	,	13	)
(	3066	,	18	,	13	)
(	3067	,	19	,	13	)
(	3068	,	20	,	13	)
(	3069	,	21	,	13	)
(	3070	,	22	,	13	)
(	3071	,	23	,	13	)
(	3072	,	24	,	13	)
(	3073	,	1	,	8	)
(	3074	,	2	,	8	)
(	3075	,	3	,	8	)
(	3076	,	4	,	8	)
(	3077	,	5	,	8	)
(	3078	,	6	,	8	)
(	3079	,	7	,	8	)
(	3080	,	8	,	8	)
(	3081	,	9	,	8	)
(	3082	,	10	,	8	)
(	3083	,	11	,	8	)
(	3084	,	12	,	8	)
(	3085	,	13	,	8	)
(	3086	,	14	,	8	)
(	3087	,	15	,	8	)
(	3088	,	16	,	8	)
(	3089	,	17	,	8	)
(	3090	,	18	,	8	)
(	3091	,	19	,	8	)
(	3092	,	20	,	8	)
(	3093	,	21	,	8	)
(	3094	,	22	,	8	)
(	3095	,	23	,	8	)
(	3096	,	24	,	8	)
(	3097	,	1	,	12	)
(	3098	,	2	,	12	)
(	3099	,	3	,	12	)
(	3100	,	4	,	12	)
(	3101	,	5	,	12	)
(	3102	,	6	,	12	)
(	3103	,	7	,	12	)
(	3104	,	8	,	12	)
(	3105	,	9	,	12	)
(	3106	,	10	,	12	)
(	3107	,	11	,	12	)
(	3108	,	12	,	12	)
(	3109	,	13	,	12	)
(	3110	,	14	,	12	)
(	3111	,	15	,	12	)
(	3112	,	16	,	12	)
(	3113	,	17	,	12	)
(	3114	,	18	,	12	)
(	3115	,	19	,	12	)
(	3116	,	20	,	12	)
(	3117	,	21	,	12	)
(	3118	,	22	,	12	)
(	3119	,	23	,	12	)
(	3120	,	24	,	12	)
(	3121	,	1	,	4	)
(	3122	,	2	,	4	)
(	3123	,	3	,	4	)
(	3124	,	4	,	4	)
(	3125	,	5	,	4	)
(	3126	,	6	,	4	)
(	3127	,	7	,	4	)
(	3128	,	8	,	4	)
(	3129	,	9	,	4	)
(	3130	,	10	,	4	)
(	3131	,	11	,	4	)
(	3132	,	12	,	4	)
(	3133	,	13	,	4	)
(	3134	,	14	,	4	)
(	3135	,	15	,	4	)
(	3136	,	16	,	4	)
(	3137	,	17	,	4	)
(	3138	,	18	,	4	)
(	3139	,	19	,	4	)
(	3140	,	20	,	4	)
(	3141	,	21	,	4	)
(	3142	,	22	,	4	)
(	3143	,	23	,	4	)
(	3144	,	24	,	4	)
(	3145	,	1	,	4	)
(	3146	,	2	,	4	)
(	3147	,	3	,	4	)
(	3148	,	4	,	4	)
(	3149	,	5	,	4	)
(	3150	,	6	,	4	)
(	3151	,	7	,	4	)
(	3152	,	8	,	4	)
(	3153	,	9	,	4	)
(	3154	,	10	,	4	)
(	3155	,	11	,	4	)
(	3156	,	12	,	4	)
(	3157	,	13	,	4	)
(	3158	,	14	,	4	)
(	3159	,	15	,	4	)
(	3160	,	16	,	4	)
(	3161	,	17	,	4	)
(	3162	,	18	,	4	)
(	3163	,	19	,	4	)
(	3164	,	20	,	4	)
(	3165	,	21	,	4	)
(	3166	,	22	,	4	)
(	3167	,	23	,	4	)
(	3168	,	24	,	4	)
(	3169	,	1	,	15	)
(	3170	,	2	,	15	)
(	3171	,	3	,	15	)
(	3172	,	4	,	15	)
(	3173	,	5	,	15	)
(	3174	,	6	,	15	)
(	3175	,	7	,	15	)
(	3176	,	8	,	15	)
(	3177	,	9	,	15	)
(	3178	,	10	,	15	)
(	3179	,	11	,	15	)
(	3180	,	12	,	15	)
(	3181	,	13	,	15	)
(	3182	,	14	,	15	)
(	3183	,	15	,	15	)
(	3184	,	16	,	15	)
(	3185	,	17	,	15	)
(	3186	,	18	,	15	)
(	3187	,	19	,	15	)
(	3188	,	20	,	15	)
(	3189	,	21	,	15	)
(	3190	,	22	,	15	)
(	3191	,	23	,	15	)
(	3192	,	24	,	15	)
(	3193	,	1	,	5	)
(	3194	,	2	,	5	)
(	3195	,	3	,	5	)
(	3196	,	4	,	5	)
(	3197	,	5	,	5	)
(	3198	,	6	,	5	)
(	3199	,	7	,	5	)
(	3200	,	8	,	5	)
(	3201	,	9	,	5	)
(	3202	,	10	,	5	)
(	3203	,	11	,	5	)
(	3204	,	12	,	5	)
(	3205	,	13	,	5	)
(	3206	,	14	,	5	)
(	3207	,	15	,	5	)
(	3208	,	16	,	5	)
(	3209	,	17	,	5	)
(	3210	,	18	,	5	)
(	3211	,	19	,	5	)
(	3212	,	20	,	5	)
(	3213	,	21	,	5	)
(	3214	,	22	,	5	)
(	3215	,	23	,	5	)
(	3216	,	24	,	5	)
(	3217	,	1	,	5	)
(	3218	,	2	,	5	)
(	3219	,	3	,	5	)
(	3220	,	4	,	5	)
(	3221	,	5	,	5	)
(	3222	,	6	,	5	)
(	3223	,	7	,	5	)
(	3224	,	8	,	5	)
(	3225	,	9	,	5	)
(	3226	,	10	,	5	)
(	3227	,	11	,	5	)
(	3228	,	12	,	5	)
(	3229	,	13	,	5	)
(	3230	,	14	,	5	)
(	3231	,	15	,	5	)
(	3232	,	16	,	5	)
(	3233	,	17	,	5	)
(	3234	,	18	,	5	)
(	3235	,	19	,	5	)
(	3236	,	20	,	5	)
(	3237	,	21	,	5	)
(	3238	,	22	,	5	)
(	3239	,	23	,	5	)
(	3240	,	24	,	5	)
(	3241	,	1	,	5	)
(	3242	,	2	,	5	)
(	3243	,	3	,	5	)
(	3244	,	4	,	5	)
(	3245	,	5	,	5	)
(	3246	,	6	,	5	)
(	3247	,	7	,	5	)
(	3248	,	8	,	5	)
(	3249	,	9	,	5	)
(	3250	,	10	,	5	)
(	3251	,	11	,	5	)
(	3252	,	12	,	5	)
(	3253	,	13	,	5	)
(	3254	,	14	,	5	)
(	3255	,	15	,	5	)
(	3256	,	16	,	5	)
(	3257	,	17	,	5	)
(	3258	,	18	,	5	)
(	3259	,	19	,	5	)
(	3260	,	20	,	5	)
(	3261	,	21	,	5	)
(	3262	,	22	,	5	)
(	3263	,	23	,	5	)
(	3264	,	24	,	5	)
(	3265	,	1	,	7	)
(	3266	,	2	,	7	)
(	3267	,	3	,	7	)
(	3268	,	4	,	7	)
(	3269	,	5	,	7	)
(	3270	,	6	,	7	)
(	3271	,	7	,	7	)
(	3272	,	8	,	7	)
(	3273	,	9	,	7	)
(	3274	,	10	,	7	)
(	3275	,	11	,	7	)
(	3276	,	12	,	7	)
(	3277	,	13	,	7	)
(	3278	,	14	,	7	)
(	3279	,	15	,	7	)
(	3280	,	16	,	7	)
(	3281	,	17	,	7	)
(	3282	,	18	,	7	)
(	3283	,	19	,	7	)
(	3284	,	20	,	7	)
(	3285	,	21	,	7	)
(	3286	,	22	,	7	)
(	3287	,	23	,	7	)
(	3288	,	24	,	7	)
(	3289	,	1	,	9	)
(	3290	,	2	,	9	)
(	3291	,	3	,	9	)
(	3292	,	4	,	9	)
(	3293	,	5	,	9	)
(	3294	,	6	,	9	)
(	3295	,	7	,	9	)
(	3296	,	8	,	9	)
(	3297	,	9	,	9	)
(	3298	,	10	,	9	)
(	3299	,	11	,	9	)
(	3300	,	12	,	9	)
(	3301	,	13	,	9	)
(	3302	,	14	,	9	)
(	3303	,	15	,	9	)
(	3304	,	16	,	9	)
(	3305	,	17	,	9	)
(	3306	,	18	,	9	)
(	3307	,	19	,	9	)
(	3308	,	20	,	9	)
(	3309	,	21	,	9	)
(	3310	,	22	,	9	)
(	3311	,	23	,	9	)
(	3312	,	24	,	9	)
(	3313	,	1	,	9	)
(	3314	,	2	,	9	)
(	3315	,	3	,	9	)
(	3316	,	4	,	9	)
(	3317	,	5	,	9	)
(	3318	,	6	,	9	)
(	3319	,	7	,	9	)
(	3320	,	8	,	9	)
(	3321	,	9	,	9	)
(	3322	,	10	,	9	)
(	3323	,	11	,	9	)
(	3324	,	12	,	9	)
(	3325	,	13	,	9	)
(	3326	,	14	,	9	)
(	3327	,	15	,	9	)
(	3328	,	16	,	9	)
(	3329	,	17	,	9	)
(	3330	,	18	,	9	)
(	3331	,	19	,	9	)
(	3332	,	20	,	9	)
(	3333	,	21	,	9	)
(	3334	,	22	,	9	)
(	3335	,	23	,	9	)
(	3336	,	24	,	9	)
(	3337	,	1	,	12	)
(	3338	,	2	,	12	)
(	3339	,	3	,	12	)
(	3340	,	4	,	12	)
(	3341	,	5	,	12	)
(	3342	,	6	,	12	)
(	3343	,	7	,	12	)
(	3344	,	8	,	12	)
(	3345	,	9	,	12	)
(	3346	,	10	,	12	)
(	3347	,	11	,	12	)
(	3348	,	12	,	12	)
(	3349	,	13	,	12	)
(	3350	,	14	,	12	)
(	3351	,	15	,	12	)
(	3352	,	16	,	12	)
(	3353	,	17	,	12	)
(	3354	,	18	,	12	)
(	3355	,	19	,	12	)
(	3356	,	20	,	12	)
(	3357	,	21	,	12	)
(	3358	,	22	,	12	)
(	3359	,	23	,	12	)
(	3360	,	24	,	12	)
(	3361	,	1	,	10	)
(	3362	,	2	,	10	)
(	3363	,	3	,	10	)
(	3364	,	4	,	10	)
(	3365	,	5	,	10	)
(	3366	,	6	,	10	)
(	3367	,	7	,	10	)
(	3368	,	8	,	10	)
(	3369	,	9	,	10	)
(	3370	,	10	,	10	)
(	3371	,	11	,	10	)
(	3372	,	12	,	10	)
(	3373	,	13	,	10	)
(	3374	,	14	,	10	)
(	3375	,	15	,	10	)
(	3376	,	16	,	10	)
(	3377	,	17	,	10	)
(	3378	,	18	,	10	)
(	3379	,	19	,	10	)
(	3380	,	20	,	10	)
(	3381	,	21	,	10	)
(	3382	,	22	,	10	)
(	3383	,	23	,	10	)
(	3384	,	24	,	10	)
(	3385	,	1	,	8	)
(	3386	,	2	,	8	)
(	3387	,	3	,	8	)
(	3388	,	4	,	8	)
(	3389	,	5	,	8	)
(	3390	,	6	,	8	)
(	3391	,	7	,	8	)
(	3392	,	8	,	8	)
(	3393	,	9	,	8	)
(	3394	,	10	,	8	)
(	3395	,	11	,	8	)
(	3396	,	12	,	8	)
(	3397	,	13	,	8	)
(	3398	,	14	,	8	)
(	3399	,	15	,	8	)
(	3400	,	16	,	8	)
(	3401	,	17	,	8	)
(	3402	,	18	,	8	)
(	3403	,	19	,	8	)
(	3404	,	20	,	8	)
(	3405	,	21	,	8	)
(	3406	,	22	,	8	)
(	3407	,	23	,	8	)
(	3408	,	24	,	8	)
(	3409	,	1	,	5	)
(	3410	,	2	,	5	)
(	3411	,	3	,	5	)
(	3412	,	4	,	5	)
(	3413	,	5	,	5	)
(	3414	,	6	,	5	)
(	3415	,	7	,	5	)
(	3416	,	8	,	5	)
(	3417	,	9	,	5	)
(	3418	,	10	,	5	)
(	3419	,	11	,	5	)
(	3420	,	12	,	5	)
(	3421	,	13	,	5	)
(	3422	,	14	,	5	)
(	3423	,	15	,	5	)
(	3424	,	16	,	5	)
(	3425	,	17	,	5	)
(	3426	,	18	,	5	)
(	3427	,	19	,	5	)
(	3428	,	20	,	5	)
(	3429	,	21	,	5	)
(	3430	,	22	,	5	)
(	3431	,	23	,	5	)
(	3432	,	24	,	5	)
(	3433	,	1	,	5	)
(	3434	,	2	,	5	)
(	3435	,	3	,	5	)
(	3436	,	4	,	5	)
(	3437	,	5	,	5	)
(	3438	,	6	,	5	)
(	3439	,	7	,	5	)
(	3440	,	8	,	5	)
(	3441	,	9	,	5	)
(	3442	,	10	,	5	)
(	3443	,	11	,	5	)
(	3444	,	12	,	5	)
(	3445	,	13	,	5	)
(	3446	,	14	,	5	)
(	3447	,	15	,	5	)
(	3448	,	16	,	5	)
(	3449	,	17	,	5	)
(	3450	,	18	,	5	)
(	3451	,	19	,	5	)
(	3452	,	20	,	5	)
(	3453	,	21	,	5	)
(	3454	,	22	,	5	)
(	3455	,	23	,	5	)
(	3456	,	24	,	5	)
(	3457	,	1	,	9	)
(	3458	,	2	,	9	)
(	3459	,	3	,	9	)
(	3460	,	4	,	9	)
(	3461	,	5	,	9	)
(	3462	,	6	,	9	)
(	3463	,	7	,	9	)
(	3464	,	8	,	9	)
(	3465	,	9	,	9	)
(	3466	,	10	,	9	)
(	3467	,	11	,	9	)
(	3468	,	12	,	9	)
(	3469	,	13	,	9	)
(	3470	,	14	,	9	)
(	3471	,	15	,	9	)
(	3472	,	16	,	9	)
(	3473	,	17	,	9	)
(	3474	,	18	,	9	)
(	3475	,	19	,	9	)
(	3476	,	20	,	9	)
(	3477	,	21	,	9	)
(	3478	,	22	,	9	)
(	3479	,	23	,	9	)
(	3480	,	24	,	9	)
(	3481	,	1	,	11	)
(	3482	,	2	,	11	)
(	3483	,	3	,	11	)
(	3484	,	4	,	11	)
(	3485	,	5	,	11	)
(	3486	,	6	,	11	)
(	3487	,	7	,	11	)
(	3488	,	8	,	11	)
(	3489	,	9	,	11	)
(	3490	,	10	,	11	)
(	3491	,	11	,	11	)
(	3492	,	12	,	11	)
(	3493	,	13	,	11	)
(	3494	,	14	,	11	)
(	3495	,	15	,	11	)
(	3496	,	16	,	11	)
(	3497	,	17	,	11	)
(	3498	,	18	,	11	)
(	3499	,	19	,	11	)
(	3500	,	20	,	11	)
(	3501	,	21	,	11	)
(	3502	,	22	,	11	)
(	3503	,	23	,	11	)
(	3504	,	24	,	11	)
(	3505	,	1	,	5	)
(	3506	,	2	,	5	)
(	3507	,	3	,	5	)
(	3508	,	4	,	5	)
(	3509	,	5	,	5	)
(	3510	,	6	,	5	)
(	3511	,	7	,	5	)
(	3512	,	8	,	5	)
(	3513	,	9	,	5	)
(	3514	,	10	,	5	)
(	3515	,	11	,	5	)
(	3516	,	12	,	5	)
(	3517	,	13	,	5	)
(	3518	,	14	,	5	)
(	3519	,	15	,	5	)
(	3520	,	16	,	5	)
(	3521	,	17	,	5	)
(	3522	,	18	,	5	)
(	3523	,	19	,	5	)
(	3524	,	20	,	5	)
(	3525	,	21	,	5	)
(	3526	,	22	,	5	)
(	3527	,	23	,	5	)
(	3528	,	24	,	5	)
(	3529	,	1	,	5	)
(	3530	,	2	,	5	)
(	3531	,	3	,	5	)
(	3532	,	4	,	5	)
(	3533	,	5	,	5	)
(	3534	,	6	,	5	)
(	3535	,	7	,	5	)
(	3536	,	8	,	5	)
(	3537	,	9	,	5	)
(	3538	,	10	,	5	)
(	3539	,	11	,	5	)
(	3540	,	12	,	5	)
(	3541	,	13	,	5	)
(	3542	,	14	,	5	)
(	3543	,	15	,	5	)
(	3544	,	16	,	5	)
(	3545	,	17	,	5	)
(	3546	,	18	,	5	)
(	3547	,	19	,	5	)
(	3548	,	20	,	5	)
(	3549	,	21	,	5	)
(	3550	,	22	,	5	)
(	3551	,	23	,	5	)
(	3552	,	24	,	5	)
(	3553	,	1	,	10	)
(	3554	,	2	,	10	)
(	3555	,	3	,	10	)
(	3556	,	4	,	10	)
(	3557	,	5	,	10	)
(	3558	,	6	,	10	)
(	3559	,	7	,	10	)
(	3560	,	8	,	10	)
(	3561	,	9	,	10	)
(	3562	,	10	,	10	)
(	3563	,	11	,	10	)
(	3564	,	12	,	10	)
(	3565	,	13	,	10	)
(	3566	,	14	,	10	)
(	3567	,	15	,	10	)
(	3568	,	16	,	10	)
(	3569	,	17	,	10	)
(	3570	,	18	,	10	)
(	3571	,	19	,	10	)
(	3572	,	20	,	10	)
(	3573	,	21	,	10	)
(	3574	,	22	,	10	)
(	3575	,	23	,	10	)
(	3576	,	24	,	10	)
(	3577	,	1	,	8	)
(	3578	,	2	,	8	)
(	3579	,	3	,	8	)
(	3580	,	4	,	8	)
(	3581	,	5	,	8	)
(	3582	,	6	,	8	)
(	3583	,	7	,	8	)
(	3584	,	8	,	8	)
(	3585	,	9	,	8	)
(	3586	,	10	,	8	)
(	3587	,	11	,	8	)
(	3588	,	12	,	8	)
(	3589	,	13	,	8	)
(	3590	,	14	,	8	)
(	3591	,	15	,	8	)
(	3592	,	16	,	8	)
(	3593	,	17	,	8	)
(	3594	,	18	,	8	)
(	3595	,	19	,	8	)
(	3596	,	20	,	8	)
(	3597	,	21	,	8	)
(	3598	,	22	,	8	)
(	3599	,	23	,	8	)
(	3600	,	24	,	8	)
(	3601	,	1	,	7	)
(	3602	,	2	,	7	)
(	3603	,	3	,	7	)
(	3604	,	4	,	7	)
(	3605	,	5	,	7	)
(	3606	,	6	,	7	)
(	3607	,	7	,	7	)
(	3608	,	8	,	7	)
(	3609	,	9	,	7	)
(	3610	,	10	,	7	)
(	3611	,	11	,	7	)
(	3612	,	12	,	7	)
(	3613	,	13	,	7	)
(	3614	,	14	,	7	)
(	3615	,	15	,	7	)
(	3616	,	16	,	7	)
(	3617	,	17	,	7	)
(	3618	,	18	,	7	)
(	3619	,	19	,	7	)
(	3620	,	20	,	7	)
(	3621	,	21	,	7	)
(	3622	,	22	,	7	)
(	3623	,	23	,	7	)
(	3624	,	24	,	7	)
(	3625	,	1	,	6	)
(	3626	,	2	,	6	)
(	3627	,	3	,	6	)
(	3628	,	4	,	6	)
(	3629	,	5	,	6	)
(	3630	,	6	,	6	)
(	3631	,	7	,	6	)
(	3632	,	8	,	6	)
(	3633	,	9	,	6	)
(	3634	,	10	,	6	)
(	3635	,	11	,	6	)
(	3636	,	12	,	6	)
(	3637	,	13	,	6	)
(	3638	,	14	,	6	)
(	3639	,	15	,	6	)
(	3640	,	16	,	6	)
(	3641	,	17	,	6	)
(	3642	,	18	,	6	)
(	3643	,	19	,	6	)
(	3644	,	20	,	6	)
(	3645	,	21	,	6	)
(	3646	,	22	,	6	)
(	3647	,	23	,	6	)
(	3648	,	24	,	6	)
(	3649	,	1	,	9	)
(	3650	,	2	,	9	)
(	3651	,	3	,	9	)
(	3652	,	4	,	9	)
(	3653	,	5	,	9	)
(	3654	,	6	,	9	)
(	3655	,	7	,	9	)
(	3656	,	8	,	9	)
(	3657	,	9	,	9	)
(	3658	,	10	,	9	)
(	3659	,	11	,	9	)
(	3660	,	12	,	9	)
(	3661	,	13	,	9	)
(	3662	,	14	,	9	)
(	3663	,	15	,	9	)
(	3664	,	16	,	9	)
(	3665	,	17	,	9	)
(	3666	,	18	,	9	)
(	3667	,	19	,	9	)
(	3668	,	20	,	9	)
(	3669	,	21	,	9	)
(	3670	,	22	,	9	)
(	3671	,	23	,	9	)
(	3672	,	24	,	9	)
(	3673	,	1	,	8	)
(	3674	,	2	,	8	)
(	3675	,	3	,	8	)
(	3676	,	4	,	8	)
(	3677	,	5	,	8	)
(	3678	,	6	,	8	)
(	3679	,	7	,	8	)
(	3680	,	8	,	8	)
(	3681	,	9	,	8	)
(	3682	,	10	,	8	)
(	3683	,	11	,	8	)
(	3684	,	12	,	8	)
(	3685	,	13	,	8	)
(	3686	,	14	,	8	)
(	3687	,	15	,	8	)
(	3688	,	16	,	8	)
(	3689	,	17	,	8	)
(	3690	,	18	,	8	)
(	3691	,	19	,	8	)
(	3692	,	20	,	8	)
(	3693	,	21	,	8	)
(	3694	,	22	,	8	)
(	3695	,	23	,	8	)
(	3696	,	24	,	8	)
(	3697	,	1	,	7	)
(	3698	,	2	,	7	)
(	3699	,	3	,	7	)
(	3700	,	4	,	7	)
(	3701	,	5	,	7	)
(	3702	,	6	,	7	)
(	3703	,	7	,	7	)
(	3704	,	8	,	7	)
(	3705	,	9	,	7	)
(	3706	,	10	,	7	)
(	3707	,	11	,	7	)
(	3708	,	12	,	7	)
(	3709	,	13	,	7	)
(	3710	,	14	,	7	)
(	3711	,	15	,	7	)
(	3712	,	16	,	7	)
(	3713	,	17	,	7	)
(	3714	,	18	,	7	)
(	3715	,	19	,	7	)
(	3716	,	20	,	7	)
(	3717	,	21	,	7	)
(	3718	,	22	,	7	)
(	3719	,	23	,	7	)
(	3720	,	24	,	7	)
(	3721	,	1	,	5	)
(	3722	,	2	,	5	)
(	3723	,	3	,	5	)
(	3724	,	4	,	5	)
(	3725	,	5	,	5	)
(	3726	,	6	,	5	)
(	3727	,	7	,	5	)
(	3728	,	8	,	5	)
(	3729	,	9	,	5	)
(	3730	,	10	,	5	)
(	3731	,	11	,	5	)
(	3732	,	12	,	5	)
(	3733	,	13	,	5	)
(	3734	,	14	,	5	)
(	3735	,	15	,	5	)
(	3736	,	16	,	5	)
(	3737	,	17	,	5	)
(	3738	,	18	,	5	)
(	3739	,	19	,	5	)
(	3740	,	20	,	5	)
(	3741	,	21	,	5	)
(	3742	,	22	,	5	)
(	3743	,	23	,	5	)
(	3744	,	24	,	5	)
(	3745	,	1	,	5	)
(	3746	,	2	,	5	)
(	3747	,	3	,	5	)
(	3748	,	4	,	5	)
(	3749	,	5	,	5	)
(	3750	,	6	,	5	)
(	3751	,	7	,	5	)
(	3752	,	8	,	5	)
(	3753	,	9	,	5	)
(	3754	,	10	,	5	)
(	3755	,	11	,	5	)
(	3756	,	12	,	5	)
(	3757	,	13	,	5	)
(	3758	,	14	,	5	)
(	3759	,	15	,	5	)
(	3760	,	16	,	5	)
(	3761	,	17	,	5	)
(	3762	,	18	,	5	)
(	3763	,	19	,	5	)
(	3764	,	20	,	5	)
(	3765	,	21	,	5	)
(	3766	,	22	,	5	)
(	3767	,	23	,	5	)
(	3768	,	24	,	5	)
(	3769	,	1	,	5	)
(	3770	,	2	,	5	)
(	3771	,	3	,	5	)
(	3772	,	4	,	5	)
(	3773	,	5	,	5	)
(	3774	,	6	,	5	)
(	3775	,	7	,	5	)
(	3776	,	8	,	5	)
(	3777	,	9	,	5	)
(	3778	,	10	,	5	)
(	3779	,	11	,	5	)
(	3780	,	12	,	5	)
(	3781	,	13	,	5	)
(	3782	,	14	,	5	)
(	3783	,	15	,	5	)
(	3784	,	16	,	5	)
(	3785	,	17	,	5	)
(	3786	,	18	,	5	)
(	3787	,	19	,	5	)
(	3788	,	20	,	5	)
(	3789	,	21	,	5	)
(	3790	,	22	,	5	)
(	3791	,	23	,	5	)
(	3792	,	24	,	5	)
(	3793	,	1	,	9	)
(	3794	,	2	,	9	)
(	3795	,	3	,	9	)
(	3796	,	4	,	9	)
(	3797	,	5	,	9	)
(	3798	,	6	,	9	)
(	3799	,	7	,	9	)
(	3800	,	8	,	9	)
(	3801	,	9	,	9	)
(	3802	,	10	,	9	)
(	3803	,	11	,	9	)
(	3804	,	12	,	9	)
(	3805	,	13	,	9	)
(	3806	,	14	,	9	)
(	3807	,	15	,	9	)
(	3808	,	16	,	9	)
(	3809	,	17	,	9	)
(	3810	,	18	,	9	)
(	3811	,	19	,	9	)
(	3812	,	20	,	9	)
(	3813	,	21	,	9	)
(	3814	,	22	,	9	)
(	3815	,	23	,	9	)
(	3816	,	24	,	9	)
(	3817	,	1	,	9	)
(	3818	,	2	,	9	)
(	3819	,	3	,	9	)
(	3820	,	4	,	9	)
(	3821	,	5	,	9	)
(	3822	,	6	,	9	)
(	3823	,	7	,	9	)
(	3824	,	8	,	9	)
(	3825	,	9	,	9	)
(	3826	,	10	,	9	)
(	3827	,	11	,	9	)
(	3828	,	12	,	9	)
(	3829	,	13	,	9	)
(	3830	,	14	,	9	)
(	3831	,	15	,	9	)
(	3832	,	16	,	9	)
(	3833	,	17	,	9	)
(	3834	,	18	,	9	)
(	3835	,	19	,	9	)
(	3836	,	20	,	9	)
(	3837	,	21	,	9	)
(	3838	,	22	,	9	)
(	3839	,	23	,	9	)
(	3840	,	24	,	9	)
(	3841	,	1	,	12	)
(	3842	,	2	,	12	)
(	3843	,	3	,	12	)
(	3844	,	4	,	12	)
(	3845	,	5	,	12	)
(	3846	,	6	,	12	)
(	3847	,	7	,	12	)
(	3848	,	8	,	12	)
(	3849	,	9	,	12	)
(	3850	,	10	,	12	)
(	3851	,	11	,	12	)
(	3852	,	12	,	12	)
(	3853	,	13	,	12	)
(	3854	,	14	,	12	)
(	3855	,	15	,	12	)
(	3856	,	16	,	12	)
(	3857	,	17	,	12	)
(	3858	,	18	,	12	)
(	3859	,	19	,	12	)
(	3860	,	20	,	12	)
(	3861	,	21	,	12	)
(	3862	,	22	,	12	)
(	3863	,	23	,	12	)
(	3864	,	24	,	12	)
(	3865	,	1	,	12	)
(	3866	,	2	,	12	)
(	3867	,	3	,	12	)
(	3868	,	4	,	12	)
(	3869	,	5	,	12	)
(	3870	,	6	,	12	)
(	3871	,	7	,	12	)
(	3872	,	8	,	12	)
(	3873	,	9	,	12	)
(	3874	,	10	,	12	)
(	3875	,	11	,	12	)
(	3876	,	12	,	12	)
(	3877	,	13	,	12	)
(	3878	,	14	,	12	)
(	3879	,	15	,	12	)
(	3880	,	16	,	12	)
(	3881	,	17	,	12	)
(	3882	,	18	,	12	)
(	3883	,	19	,	12	)
(	3884	,	20	,	12	)
(	3885	,	21	,	12	)
(	3886	,	22	,	12	)
(	3887	,	23	,	12	)
(	3888	,	24	,	12	)
(	3889	,	1	,	8	)
(	3890	,	2	,	8	)
(	3891	,	3	,	8	)
(	3892	,	4	,	8	)
(	3893	,	5	,	8	)
(	3894	,	6	,	8	)
(	3895	,	7	,	8	)
(	3896	,	8	,	8	)
(	3897	,	9	,	8	)
(	3898	,	10	,	8	)
(	3899	,	11	,	8	)
(	3900	,	12	,	8	)
(	3901	,	13	,	8	)
(	3902	,	14	,	8	)
(	3903	,	15	,	8	)
(	3904	,	16	,	8	)
(	3905	,	17	,	8	)
(	3906	,	18	,	8	)
(	3907	,	19	,	8	)
(	3908	,	20	,	8	)
(	3909	,	21	,	8	)
(	3910	,	22	,	8	)
(	3911	,	23	,	8	)
(	3912	,	24	,	8	)
(	3913	,	1	,	5	)
(	3914	,	2	,	5	)
(	3915	,	3	,	5	)
(	3916	,	4	,	5	)
(	3917	,	5	,	5	)
(	3918	,	6	,	5	)
(	3919	,	7	,	5	)
(	3920	,	8	,	5	)
(	3921	,	9	,	5	)
(	3922	,	10	,	5	)
(	3923	,	11	,	5	)
(	3924	,	12	,	5	)
(	3925	,	13	,	5	)
(	3926	,	14	,	5	)
(	3927	,	15	,	5	)
(	3928	,	16	,	5	)
(	3929	,	17	,	5	)
(	3930	,	18	,	5	)
(	3931	,	19	,	5	)
(	3932	,	20	,	5	)
(	3933	,	21	,	5	)
(	3934	,	22	,	5	)
(	3935	,	23	,	5	)
(	3936	,	24	,	5	)
(	3937	,	1	,	5	)
(	3938	,	2	,	5	)
(	3939	,	3	,	5	)
(	3940	,	4	,	5	)
(	3941	,	5	,	5	)
(	3942	,	6	,	5	)
(	3943	,	7	,	5	)
(	3944	,	8	,	5	)
(	3945	,	9	,	5	)
(	3946	,	10	,	5	)
(	3947	,	11	,	5	)
(	3948	,	12	,	5	)
(	3949	,	13	,	5	)
(	3950	,	14	,	5	)
(	3951	,	15	,	5	)
(	3952	,	16	,	5	)
(	3953	,	17	,	5	)
(	3954	,	18	,	5	)
(	3955	,	19	,	5	)
(	3956	,	20	,	5	)
(	3957	,	21	,	5	)
(	3958	,	22	,	5	)
(	3959	,	23	,	5	)
(	3960	,	24	,	5	)
(	3961	,	1	,	9	)
(	3962	,	2	,	9	)
(	3963	,	3	,	9	)
(	3964	,	4	,	9	)
(	3965	,	5	,	9	)
(	3966	,	6	,	9	)
(	3967	,	7	,	9	)
(	3968	,	8	,	9	)
(	3969	,	9	,	9	)
(	3970	,	10	,	9	)
(	3971	,	11	,	9	)
(	3972	,	12	,	9	)
(	3973	,	13	,	9	)
(	3974	,	14	,	9	)
(	3975	,	15	,	9	)
(	3976	,	16	,	9	)
(	3977	,	17	,	9	)
(	3978	,	18	,	9	)
(	3979	,	19	,	9	)
(	3980	,	20	,	9	)
(	3981	,	21	,	9	)
(	3982	,	22	,	9	)
(	3983	,	23	,	9	)
(	3984	,	24	,	9	)
(	3985	,	1	,	11	)
(	3986	,	2	,	11	)
(	3987	,	3	,	11	)
(	3988	,	4	,	11	)
(	3989	,	5	,	11	)
(	3990	,	6	,	11	)
(	3991	,	7	,	11	)
(	3992	,	8	,	11	)
(	3993	,	9	,	11	)
(	3994	,	10	,	11	)
(	3995	,	11	,	11	)
(	3996	,	12	,	11	)
(	3997	,	13	,	11	)
(	3998	,	14	,	11	)
(	3999	,	15	,	11	)
(	4000	,	16	,	11	)
(	4001	,	17	,	11	)
(	4002	,	18	,	11	)
(	4003	,	19	,	11	)
(	4004	,	20	,	11	)
(	4005	,	21	,	11	)
(	4006	,	22	,	11	)
(	4007	,	23	,	11	)
(	4008	,	24	,	11	)
(	4009	,	1	,	12	)
(	4010	,	2	,	12	)
(	4011	,	3	,	12	)
(	4012	,	4	,	12	)
(	4013	,	5	,	12	)
(	4014	,	6	,	12	)
(	4015	,	7	,	12	)
(	4016	,	8	,	12	)
(	4017	,	9	,	12	)
(	4018	,	10	,	12	)
(	4019	,	11	,	12	)
(	4020	,	12	,	12	)
(	4021	,	13	,	12	)
(	4022	,	14	,	12	)
(	4023	,	15	,	12	)
(	4024	,	16	,	12	)
(	4025	,	17	,	12	)
(	4026	,	18	,	12	)
(	4027	,	19	,	12	)
(	4028	,	20	,	12	)
(	4029	,	21	,	12	)
(	4030	,	22	,	12	)
(	4031	,	23	,	12	)
(	4032	,	24	,	12	)
(	4033	,	1	,	5	)
(	4034	,	2	,	5	)
(	4035	,	3	,	5	)
(	4036	,	4	,	5	)
(	4037	,	5	,	5	)
(	4038	,	6	,	5	)
(	4039	,	7	,	5	)
(	4040	,	8	,	5	)
(	4041	,	9	,	5	)
(	4042	,	10	,	5	)
(	4043	,	11	,	5	)
(	4044	,	12	,	5	)
(	4045	,	13	,	5	)
(	4046	,	14	,	5	)
(	4047	,	15	,	5	)
(	4048	,	16	,	5	)
(	4049	,	17	,	5	)
(	4050	,	18	,	5	)
(	4051	,	19	,	5	)
(	4052	,	20	,	5	)
(	4053	,	21	,	5	)
(	4054	,	22	,	5	)
(	4055	,	23	,	5	)
(	4056	,	24	,	5	)
(	4057	,	1	,	5	)
(	4058	,	2	,	5	)
(	4059	,	3	,	5	)
(	4060	,	4	,	5	)
(	4061	,	5	,	5	)
(	4062	,	6	,	5	)
(	4063	,	7	,	5	)
(	4064	,	8	,	5	)
(	4065	,	9	,	5	)
(	4066	,	10	,	5	)
(	4067	,	11	,	5	)
(	4068	,	12	,	5	)
(	4069	,	13	,	5	)
(	4070	,	14	,	5	)
(	4071	,	15	,	5	)
(	4072	,	16	,	5	)
(	4073	,	17	,	5	)
(	4074	,	18	,	5	)
(	4075	,	19	,	5	)
(	4076	,	20	,	5	)
(	4077	,	21	,	5	)
(	4078	,	22	,	5	)
(	4079	,	23	,	5	)
(	4080	,	24	,	5	)
(	4081	,	1	,	5	)
(	4082	,	2	,	5	)
(	4083	,	3	,	5	)
(	4084	,	4	,	5	)
(	4085	,	5	,	5	)
(	4086	,	6	,	5	)
(	4087	,	7	,	5	)
(	4088	,	8	,	5	)
(	4089	,	9	,	5	)
(	4090	,	10	,	5	)
(	4091	,	11	,	5	)
(	4092	,	12	,	5	)
(	4093	,	13	,	5	)
(	4094	,	14	,	5	)
(	4095	,	15	,	5	)
(	4096	,	16	,	5	)
(	4097	,	17	,	5	)
(	4098	,	18	,	5	)
(	4099	,	19	,	5	)
(	4100	,	20	,	5	)
(	4101	,	21	,	5	)
(	4102	,	22	,	5	)
(	4103	,	23	,	5	)
(	4104	,	24	,	5	)
(	4105	,	1	,	7	)
(	4106	,	2	,	7	)
(	4107	,	3	,	7	)
(	4108	,	4	,	7	)
(	4109	,	5	,	7	)
(	4110	,	6	,	7	)
(	4111	,	7	,	7	)
(	4112	,	8	,	7	)
(	4113	,	9	,	7	)
(	4114	,	10	,	7	)
(	4115	,	11	,	7	)
(	4116	,	12	,	7	)
(	4117	,	13	,	7	)
(	4118	,	14	,	7	)
(	4119	,	15	,	7	)
(	4120	,	16	,	7	)
(	4121	,	17	,	7	)
(	4122	,	18	,	7	)
(	4123	,	19	,	7	)
(	4124	,	20	,	7	)
(	4125	,	21	,	7	)
(	4126	,	22	,	7	)
(	4127	,	23	,	7	)
(	4128	,	24	,	7	)
(	4129	,	1	,	6	)
(	4130	,	2	,	6	)
(	4131	,	3	,	6	)
(	4132	,	4	,	6	)
(	4133	,	5	,	6	)
(	4134	,	6	,	6	)
(	4135	,	7	,	6	)
(	4136	,	8	,	6	)
(	4137	,	9	,	6	)
(	4138	,	10	,	6	)
(	4139	,	11	,	6	)
(	4140	,	12	,	6	)
(	4141	,	13	,	6	)
(	4142	,	14	,	6	)
(	4143	,	15	,	6	)
(	4144	,	16	,	6	)
(	4145	,	17	,	6	)
(	4146	,	18	,	6	)
(	4147	,	19	,	6	)
(	4148	,	20	,	6	)
(	4149	,	21	,	6	)
(	4150	,	22	,	6	)
(	4151	,	23	,	6	)
(	4152	,	24	,	6	)
(	4153	,	1	,	6	)
(	4154	,	2	,	6	)
(	4155	,	3	,	6	)
(	4156	,	4	,	6	)
(	4157	,	5	,	6	)
(	4158	,	6	,	6	)
(	4159	,	7	,	6	)
(	4160	,	8	,	6	)
(	4161	,	9	,	6	)
(	4162	,	10	,	6	)
(	4163	,	11	,	6	)
(	4164	,	12	,	6	)
(	4165	,	13	,	6	)
(	4166	,	14	,	6	)
(	4167	,	15	,	6	)
(	4168	,	16	,	6	)
(	4169	,	17	,	6	)
(	4170	,	18	,	6	)
(	4171	,	19	,	6	)
(	4172	,	20	,	6	)
(	4173	,	21	,	6	)
(	4174	,	22	,	6	)
(	4175	,	23	,	6	)
(	4176	,	24	,	6	)
(	4177	,	1	,	12	)
(	4178	,	2	,	12	)
(	4179	,	3	,	12	)
(	4180	,	4	,	12	)
(	4181	,	5	,	12	)
(	4182	,	6	,	12	)
(	4183	,	7	,	12	)
(	4184	,	8	,	12	)
(	4185	,	9	,	12	)
(	4186	,	10	,	12	)
(	4187	,	11	,	12	)
(	4188	,	12	,	12	)
(	4189	,	13	,	12	)
(	4190	,	14	,	12	)
(	4191	,	15	,	12	)
(	4192	,	16	,	12	)
(	4193	,	17	,	12	)
(	4194	,	18	,	12	)
(	4195	,	19	,	12	)
(	4196	,	20	,	12	)
(	4197	,	21	,	12	)
(	4198	,	22	,	12	)
(	4199	,	23	,	12	)
(	4200	,	24	,	12	)
(	4201	,	1	,	5	)
(	4202	,	2	,	5	)
(	4203	,	3	,	5	)
(	4204	,	4	,	5	)
(	4205	,	5	,	5	)
(	4206	,	6	,	5	)
(	4207	,	7	,	5	)
(	4208	,	8	,	5	)
(	4209	,	9	,	5	)
(	4210	,	10	,	5	)
(	4211	,	11	,	5	)
(	4212	,	12	,	5	)
(	4213	,	13	,	5	)
(	4214	,	14	,	5	)
(	4215	,	15	,	5	)
(	4216	,	16	,	5	)
(	4217	,	17	,	5	)
(	4218	,	18	,	5	)
(	4219	,	19	,	5	)
(	4220	,	20	,	5	)
(	4221	,	21	,	5	)
(	4222	,	22	,	5	)
(	4223	,	23	,	5	)
(	4224	,	24	,	5	)
(	4225	,	1	,	5	)
(	4226	,	2	,	5	)
(	4227	,	3	,	5	)
(	4228	,	4	,	5	)
(	4229	,	5	,	5	)
(	4230	,	6	,	5	)
(	4231	,	7	,	5	)
(	4232	,	8	,	5	)
(	4233	,	9	,	5	)
(	4234	,	10	,	5	)
(	4235	,	11	,	5	)
(	4236	,	12	,	5	)
(	4237	,	13	,	5	)
(	4238	,	14	,	5	)
(	4239	,	15	,	5	)
(	4240	,	16	,	5	)
(	4241	,	17	,	5	)
(	4242	,	18	,	5	)
(	4243	,	19	,	5	)
(	4244	,	20	,	5	)
(	4245	,	21	,	5	)
(	4246	,	22	,	5	)
(	4247	,	23	,	5	)
(	4248	,	24	,	5	)
(	4249	,	1	,	5	)
(	4250	,	2	,	5	)
(	4251	,	3	,	5	)
(	4252	,	4	,	5	)
(	4253	,	5	,	5	)
(	4254	,	6	,	5	)
(	4255	,	7	,	5	)
(	4256	,	8	,	5	)
(	4257	,	9	,	5	)
(	4258	,	10	,	5	)
(	4259	,	11	,	5	)
(	4260	,	12	,	5	)
(	4261	,	13	,	5	)
(	4262	,	14	,	5	)
(	4263	,	15	,	5	)
(	4264	,	16	,	5	)
(	4265	,	17	,	5	)
(	4266	,	18	,	5	)
(	4267	,	19	,	5	)
(	4268	,	20	,	5	)
(	4269	,	21	,	5	)
(	4270	,	22	,	5	)
(	4271	,	23	,	5	)
(	4272	,	24	,	5	)
(	4273	,	1	,	5	)
(	4274	,	2	,	5	)
(	4275	,	3	,	5	)
(	4276	,	4	,	5	)
(	4277	,	5	,	5	)
(	4278	,	6	,	5	)
(	4279	,	7	,	5	)
(	4280	,	8	,	5	)
(	4281	,	9	,	5	)
(	4282	,	10	,	5	)
(	4283	,	11	,	5	)
(	4284	,	12	,	5	)
(	4285	,	13	,	5	)
(	4286	,	14	,	5	)
(	4287	,	15	,	5	)
(	4288	,	16	,	5	)
(	4289	,	17	,	5	)
(	4290	,	18	,	5	)
(	4291	,	19	,	5	)
(	4292	,	20	,	5	)
(	4293	,	21	,	5	)
(	4294	,	22	,	5	)
(	4295	,	23	,	5	)
(	4296	,	24	,	5	)
(	4297	,	1	,	9	)
(	4298	,	2	,	9	)
(	4299	,	3	,	9	)
(	4300	,	4	,	9	)
(	4301	,	5	,	9	)
(	4302	,	6	,	9	)
(	4303	,	7	,	9	)
(	4304	,	8	,	9	)
(	4305	,	9	,	9	)
(	4306	,	10	,	9	)
(	4307	,	11	,	9	)
(	4308	,	12	,	9	)
(	4309	,	13	,	9	)
(	4310	,	14	,	9	)
(	4311	,	15	,	9	)
(	4312	,	16	,	9	)
(	4313	,	17	,	9	)
(	4314	,	18	,	9	)
(	4315	,	19	,	9	)
(	4316	,	20	,	9	)
(	4317	,	21	,	9	)
(	4318	,	22	,	9	)
(	4319	,	23	,	9	)
(	4320	,	24	,	9	)
(	4321	,	1	,	6	)
(	4322	,	2	,	6	)
(	4323	,	3	,	6	)
(	4324	,	4	,	6	)
(	4325	,	5	,	6	)
(	4326	,	6	,	6	)
(	4327	,	7	,	6	)
(	4328	,	8	,	6	)
(	4329	,	9	,	6	)
(	4330	,	10	,	6	)
(	4331	,	11	,	6	)
(	4332	,	12	,	6	)
(	4333	,	13	,	6	)
(	4334	,	14	,	6	)
(	4335	,	15	,	6	)
(	4336	,	16	,	6	)
(	4337	,	17	,	6	)
(	4338	,	18	,	6	)
(	4339	,	19	,	6	)
(	4340	,	20	,	6	)
(	4341	,	21	,	6	)
(	4342	,	22	,	6	)
(	4343	,	23	,	6	)
(	4344	,	24	,	6	)
(	4345	,	1	,	7	)
(	4346	,	2	,	7	)
(	4347	,	3	,	7	)
(	4348	,	4	,	7	)
(	4349	,	5	,	7	)
(	4350	,	6	,	7	)
(	4351	,	7	,	7	)
(	4352	,	8	,	7	)
(	4353	,	9	,	7	)
(	4354	,	10	,	7	)
(	4355	,	11	,	7	)
(	4356	,	12	,	7	)
(	4357	,	13	,	7	)
(	4358	,	14	,	7	)
(	4359	,	15	,	7	)
(	4360	,	16	,	7	)
(	4361	,	17	,	7	)
(	4362	,	18	,	7	)
(	4363	,	19	,	7	)
(	4364	,	20	,	7	)
(	4365	,	21	,	7	)
(	4366	,	22	,	7	)
(	4367	,	23	,	7	)
(	4368	,	24	,	7	)
(	4369	,	1	,	7	)
(	4370	,	2	,	7	)
(	4371	,	3	,	7	)
(	4372	,	4	,	7	)
(	4373	,	5	,	7	)
(	4374	,	6	,	7	)
(	4375	,	7	,	7	)
(	4376	,	8	,	7	)
(	4377	,	9	,	7	)
(	4378	,	10	,	7	)
(	4379	,	11	,	7	)
(	4380	,	12	,	7	)
(	4381	,	13	,	7	)
(	4382	,	14	,	7	)
(	4383	,	15	,	7	)
(	4384	,	16	,	7	)
(	4385	,	17	,	7	)
(	4386	,	18	,	7	)
(	4387	,	19	,	7	)
(	4388	,	20	,	7	)
(	4389	,	21	,	7	)
(	4390	,	22	,	7	)
(	4391	,	23	,	7	)
(	4392	,	24	,	7	)
(	4393	,	1	,	7	)
(	4394	,	2	,	7	)
(	4395	,	3	,	7	)
(	4396	,	4	,	7	)
(	4397	,	5	,	7	)
(	4398	,	6	,	7	)
(	4399	,	7	,	7	)
(	4400	,	8	,	7	)
(	4401	,	9	,	7	)
(	4402	,	10	,	7	)
(	4403	,	11	,	7	)
(	4404	,	12	,	7	)
(	4405	,	13	,	7	)
(	4406	,	14	,	7	)
(	4407	,	15	,	7	)
(	4408	,	16	,	7	)
(	4409	,	17	,	7	)
(	4410	,	18	,	7	)
(	4411	,	19	,	7	)
(	4412	,	20	,	7	)
(	4413	,	21	,	7	)
(	4414	,	22	,	7	)
(	4415	,	23	,	7	)
(	4416	,	24	,	7	)
(	4417	,	1	,	7	)
(	4418	,	2	,	7	)
(	4419	,	3	,	7	)
(	4420	,	4	,	7	)
(	4421	,	5	,	7	)
(	4422	,	6	,	7	)
(	4423	,	7	,	7	)
(	4424	,	8	,	7	)
(	4425	,	9	,	7	)
(	4426	,	10	,	7	)
(	4427	,	11	,	7	)
(	4428	,	12	,	7	)
(	4429	,	13	,	7	)
(	4430	,	14	,	7	)
(	4431	,	15	,	7	)
(	4432	,	16	,	7	)
(	4433	,	17	,	7	)
(	4434	,	18	,	7	)
(	4435	,	19	,	7	)
(	4436	,	20	,	7	)
(	4437	,	21	,	7	)
(	4438	,	22	,	7	)
(	4439	,	23	,	7	)
(	4440	,	24	,	7	)
(	4441	,	1	,	5	)
(	4442	,	2	,	5	)
(	4443	,	3	,	5	)
(	4444	,	4	,	5	)
(	4445	,	5	,	5	)
(	4446	,	6	,	5	)
(	4447	,	7	,	5	)
(	4448	,	8	,	5	)
(	4449	,	9	,	5	)
(	4450	,	10	,	5	)
(	4451	,	11	,	5	)
(	4452	,	12	,	5	)
(	4453	,	13	,	5	)
(	4454	,	14	,	5	)
(	4455	,	15	,	5	)
(	4456	,	16	,	5	)
(	4457	,	17	,	5	)
(	4458	,	18	,	5	)
(	4459	,	19	,	5	)
(	4460	,	20	,	5	)
(	4461	,	21	,	5	)
(	4462	,	22	,	5	)
(	4463	,	23	,	5	)
(	4464	,	24	,	5	)
(	4465	,	1	,	6	)
(	4466	,	2	,	6	)
(	4467	,	3	,	6	)
(	4468	,	4	,	6	)
(	4469	,	5	,	6	)
(	4470	,	6	,	6	)
(	4471	,	7	,	6	)
(	4472	,	8	,	6	)
(	4473	,	9	,	6	)
(	4474	,	10	,	6	)
(	4475	,	11	,	6	)
(	4476	,	12	,	6	)
(	4477	,	13	,	6	)
(	4478	,	14	,	6	)
(	4479	,	15	,	6	)
(	4480	,	16	,	6	)
(	4481	,	17	,	6	)
(	4482	,	18	,	6	)
(	4483	,	19	,	6	)
(	4484	,	20	,	6	)
(	4485	,	21	,	6	)
(	4486	,	22	,	6	)
(	4487	,	23	,	6	)
(	4488	,	24	,	6	)
(	4489	,	1	,	6	)
(	4490	,	2	,	6	)
(	4491	,	3	,	6	)
(	4492	,	4	,	6	)
(	4493	,	5	,	6	)
(	4494	,	6	,	6	)
(	4495	,	7	,	6	)
(	4496	,	8	,	6	)
(	4497	,	9	,	6	)
(	4498	,	10	,	6	)
(	4499	,	11	,	6	)
(	4500	,	12	,	6	)
(	4501	,	13	,	6	)
(	4502	,	14	,	6	)
(	4503	,	15	,	6	)
(	4504	,	16	,	6	)
(	4505	,	17	,	6	)
(	4506	,	18	,	6	)
(	4507	,	19	,	6	)
(	4508	,	20	,	6	)
(	4509	,	21	,	6	)
(	4510	,	22	,	6	)
(	4511	,	23	,	6	)
(	4512	,	24	,	6	)
(	4513	,	1	,	8	)
(	4514	,	2	,	8	)
(	4515	,	3	,	8	)
(	4516	,	4	,	8	)
(	4517	,	5	,	8	)
(	4518	,	6	,	8	)
(	4519	,	7	,	8	)
(	4520	,	8	,	8	)
(	4521	,	9	,	8	)
(	4522	,	10	,	8	)
(	4523	,	11	,	8	)
(	4524	,	12	,	8	)
(	4525	,	13	,	8	)
(	4526	,	14	,	8	)
(	4527	,	15	,	8	)
(	4528	,	16	,	8	)
(	4529	,	17	,	8	)
(	4530	,	18	,	8	)
(	4531	,	19	,	8	)
(	4532	,	20	,	8	)
(	4533	,	21	,	8	)
(	4534	,	22	,	8	)
(	4535	,	23	,	8	)
(	4536	,	24	,	8	)
(	4537	,	1	,	7	)
(	4538	,	2	,	7	)
(	4539	,	3	,	7	)
(	4540	,	4	,	7	)
(	4541	,	5	,	7	)
(	4542	,	6	,	7	)
(	4543	,	7	,	7	)
(	4544	,	8	,	7	)
(	4545	,	9	,	7	)
(	4546	,	10	,	7	)
(	4547	,	11	,	7	)
(	4548	,	12	,	7	)
(	4549	,	13	,	7	)
(	4550	,	14	,	7	)
(	4551	,	15	,	7	)
(	4552	,	16	,	7	)
(	4553	,	17	,	7	)
(	4554	,	18	,	7	)
(	4555	,	19	,	7	)
(	4556	,	20	,	7	)
(	4557	,	21	,	7	)
(	4558	,	22	,	7	)
(	4559	,	23	,	7	)
(	4560	,	24	,	7	)
(	4561	,	1	,	7	)
(	4562	,	2	,	7	)
(	4563	,	3	,	7	)
(	4564	,	4	,	7	)
(	4565	,	5	,	7	)
(	4566	,	6	,	7	)
(	4567	,	7	,	7	)
(	4568	,	8	,	7	)
(	4569	,	9	,	7	)
(	4570	,	10	,	7	)
(	4571	,	11	,	7	)
(	4572	,	12	,	7	)
(	4573	,	13	,	7	)
(	4574	,	14	,	7	)
(	4575	,	15	,	7	)
(	4576	,	16	,	7	)
(	4577	,	17	,	7	)
(	4578	,	18	,	7	)
(	4579	,	19	,	7	)
(	4580	,	20	,	7	)
(	4581	,	21	,	7	)
(	4582	,	22	,	7	)
(	4583	,	23	,	7	)
(	4584	,	24	,	7	)
(	4585	,	1	,	8	)
(	4586	,	2	,	8	)
(	4587	,	3	,	8	)
(	4588	,	4	,	8	)
(	4589	,	5	,	8	)
(	4590	,	6	,	8	)
(	4591	,	7	,	8	)
(	4592	,	8	,	8	)
(	4593	,	9	,	8	)
(	4594	,	10	,	8	)
(	4595	,	11	,	8	)
(	4596	,	12	,	8	)
(	4597	,	13	,	8	)
(	4598	,	14	,	8	)
(	4599	,	15	,	8	)
(	4600	,	16	,	8	)
(	4601	,	17	,	8	)
(	4602	,	18	,	8	)
(	4603	,	19	,	8	)
(	4604	,	20	,	8	)
(	4605	,	21	,	8	)
(	4606	,	22	,	8	)
(	4607	,	23	,	8	)
(	4608	,	24	,	8	)
(	4609	,	1	,	7	)
(	4610	,	2	,	7	)
(	4611	,	3	,	7	)
(	4612	,	4	,	7	)
(	4613	,	5	,	7	)
(	4614	,	6	,	7	)
(	4615	,	7	,	7	)
(	4616	,	8	,	7	)
(	4617	,	9	,	7	)
(	4618	,	10	,	7	)
(	4619	,	11	,	7	)
(	4620	,	12	,	7	)
(	4621	,	13	,	7	)
(	4622	,	14	,	7	)
(	4623	,	15	,	7	)
(	4624	,	16	,	7	)
(	4625	,	17	,	7	)
(	4626	,	18	,	7	)
(	4627	,	19	,	7	)
(	4628	,	20	,	7	)
(	4629	,	21	,	7	)
(	4630	,	22	,	7	)
(	4631	,	23	,	7	)
(	4632	,	24	,	7	)
(	4633	,	1	,	6	)
(	4634	,	2	,	6	)
(	4635	,	3	,	6	)
(	4636	,	4	,	6	)
(	4637	,	5	,	6	)
(	4638	,	6	,	6	)
(	4639	,	7	,	6	)
(	4640	,	8	,	6	)
(	4641	,	9	,	6	)
(	4642	,	10	,	6	)
(	4643	,	11	,	6	)
(	4644	,	12	,	6	)
(	4645	,	13	,	6	)
(	4646	,	14	,	6	)
(	4647	,	15	,	6	)
(	4648	,	16	,	6	)
(	4649	,	17	,	6	)
(	4650	,	18	,	6	)
(	4651	,	19	,	6	)
(	4652	,	20	,	6	)
(	4653	,	21	,	6	)
(	4654	,	22	,	6	)
(	4655	,	23	,	6	)
(	4656	,	24	,	6	)
(	4657	,	1	,	6	)
(	4658	,	2	,	6	)
(	4659	,	3	,	6	)
(	4660	,	4	,	6	)
(	4661	,	5	,	6	)
(	4662	,	6	,	6	)
(	4663	,	7	,	6	)
(	4664	,	8	,	6	)
(	4665	,	9	,	6	)
(	4666	,	10	,	6	)
(	4667	,	11	,	6	)
(	4668	,	12	,	6	)
(	4669	,	13	,	6	)
(	4670	,	14	,	6	)
(	4671	,	15	,	6	)
(	4672	,	16	,	6	)
(	4673	,	17	,	6	)
(	4674	,	18	,	6	)
(	4675	,	19	,	6	)
(	4676	,	20	,	6	)
(	4677	,	21	,	6	)
(	4678	,	22	,	6	)
(	4679	,	23	,	6	)
(	4680	,	24	,	6	)
(	4681	,	1	,	7	)
(	4682	,	2	,	7	)
(	4683	,	3	,	7	)
(	4684	,	4	,	7	)
(	4685	,	5	,	7	)
(	4686	,	6	,	7	)
(	4687	,	7	,	7	)
(	4688	,	8	,	7	)
(	4689	,	9	,	7	)
(	4690	,	10	,	7	)
(	4691	,	11	,	7	)
(	4692	,	12	,	7	)
(	4693	,	13	,	7	)
(	4694	,	14	,	7	)
(	4695	,	15	,	7	)
(	4696	,	16	,	7	)
(	4697	,	17	,	7	)
(	4698	,	18	,	7	)
(	4699	,	19	,	7	)
(	4700	,	20	,	7	)
(	4701	,	21	,	7	)
(	4702	,	22	,	7	)
(	4703	,	23	,	7	)
(	4704	,	24	,	7	)
(	4705	,	1	,	7	)
(	4706	,	2	,	7	)
(	4707	,	3	,	7	)
(	4708	,	4	,	7	)
(	4709	,	5	,	7	)
(	4710	,	6	,	7	)
(	4711	,	7	,	7	)
(	4712	,	8	,	7	)
(	4713	,	9	,	7	)
(	4714	,	10	,	7	)
(	4715	,	11	,	7	)
(	4716	,	12	,	7	)
(	4717	,	13	,	7	)
(	4718	,	14	,	7	)
(	4719	,	15	,	7	)
(	4720	,	16	,	7	)
(	4721	,	17	,	7	)
(	4722	,	18	,	7	)
(	4723	,	19	,	7	)
(	4724	,	20	,	7	)
(	4725	,	21	,	7	)
(	4726	,	22	,	7	)
(	4727	,	23	,	7	)
(	4728	,	24	,	7	)
(	4729	,	1	,	8	)
(	4730	,	2	,	8	)
(	4731	,	3	,	8	)
(	4732	,	4	,	8	)
(	4733	,	5	,	8	)
(	4734	,	6	,	8	)
(	4735	,	7	,	8	)
(	4736	,	8	,	8	)
(	4737	,	9	,	8	)
(	4738	,	10	,	8	)
(	4739	,	11	,	8	)
(	4740	,	12	,	8	)
(	4741	,	13	,	8	)
(	4742	,	14	,	8	)
(	4743	,	15	,	8	)
(	4744	,	16	,	8	)
(	4745	,	17	,	8	)
(	4746	,	18	,	8	)
(	4747	,	19	,	8	)
(	4748	,	20	,	8	)
(	4749	,	21	,	8	)
(	4750	,	22	,	8	)
(	4751	,	23	,	8	)
(	4752	,	24	,	8	)
(	4753	,	1	,	8	)
(	4754	,	2	,	8	)
(	4755	,	3	,	8	)
(	4756	,	4	,	8	)
(	4757	,	5	,	8	)
(	4758	,	6	,	8	)
(	4759	,	7	,	8	)
(	4760	,	8	,	8	)
(	4761	,	9	,	8	)
(	4762	,	10	,	8	)
(	4763	,	11	,	8	)
(	4764	,	12	,	8	)
(	4765	,	13	,	8	)
(	4766	,	14	,	8	)
(	4767	,	15	,	8	)
(	4768	,	16	,	8	)
(	4769	,	17	,	8	)
(	4770	,	18	,	8	)
(	4771	,	19	,	8	)
(	4772	,	20	,	8	)
(	4773	,	21	,	8	)
(	4774	,	22	,	8	)
(	4775	,	23	,	8	)
(	4776	,	24	,	8	)
(	4777	,	1	,	7	)
(	4778	,	2	,	7	)
(	4779	,	3	,	7	)
(	4780	,	4	,	7	)
(	4781	,	5	,	7	)
(	4782	,	6	,	7	)
(	4783	,	7	,	7	)
(	4784	,	8	,	7	)
(	4785	,	9	,	7	)
(	4786	,	10	,	7	)
(	4787	,	11	,	7	)
(	4788	,	12	,	7	)
(	4789	,	13	,	7	)
(	4790	,	14	,	7	)
(	4791	,	15	,	7	)
(	4792	,	16	,	7	)
(	4793	,	17	,	7	)
(	4794	,	18	,	7	)
(	4795	,	19	,	7	)
(	4796	,	20	,	7	)
(	4797	,	21	,	7	)
(	4798	,	22	,	7	)
(	4799	,	23	,	7	)
(	4800	,	24	,	7	)
(	4801	,	1	,	6	)
(	4802	,	2	,	6	)
(	4803	,	3	,	6	)
(	4804	,	4	,	6	)
(	4805	,	5	,	6	)
(	4806	,	6	,	6	)
(	4807	,	7	,	6	)
(	4808	,	8	,	6	)
(	4809	,	9	,	6	)
(	4810	,	10	,	6	)
(	4811	,	11	,	6	)
(	4812	,	12	,	6	)
(	4813	,	13	,	6	)
(	4814	,	14	,	6	)
(	4815	,	15	,	6	)
(	4816	,	16	,	6	)
(	4817	,	17	,	6	)
(	4818	,	18	,	6	)
(	4819	,	19	,	6	)
(	4820	,	20	,	6	)
(	4821	,	21	,	6	)
(	4822	,	22	,	6	)
(	4823	,	23	,	6	)
(	4824	,	24	,	6	)
(	4825	,	1	,	6	)
(	4826	,	2	,	6	)
(	4827	,	3	,	6	)
(	4828	,	4	,	6	)
(	4829	,	5	,	6	)
(	4830	,	6	,	6	)
(	4831	,	7	,	6	)
(	4832	,	8	,	6	)
(	4833	,	9	,	6	)
(	4834	,	10	,	6	)
(	4835	,	11	,	6	)
(	4836	,	12	,	6	)
(	4837	,	13	,	6	)
(	4838	,	14	,	6	)
(	4839	,	15	,	6	)
(	4840	,	16	,	6	)
(	4841	,	17	,	6	)
(	4842	,	18	,	6	)
(	4843	,	19	,	6	)
(	4844	,	20	,	6	)
(	4845	,	21	,	6	)
(	4846	,	22	,	6	)
(	4847	,	23	,	6	)
(	4848	,	24	,	6	)
(	4849	,	1	,	7	)
(	4850	,	2	,	7	)
(	4851	,	3	,	7	)
(	4852	,	4	,	7	)
(	4853	,	5	,	7	)
(	4854	,	6	,	7	)
(	4855	,	7	,	7	)
(	4856	,	8	,	7	)
(	4857	,	9	,	7	)
(	4858	,	10	,	7	)
(	4859	,	11	,	7	)
(	4860	,	12	,	7	)
(	4861	,	13	,	7	)
(	4862	,	14	,	7	)
(	4863	,	15	,	7	)
(	4864	,	16	,	7	)
(	4865	,	17	,	7	)
(	4866	,	18	,	7	)
(	4867	,	19	,	7	)
(	4868	,	20	,	7	)
(	4869	,	21	,	7	)
(	4870	,	22	,	7	)
(	4871	,	23	,	7	)
(	4872	,	24	,	7	)
(	4873	,	1	,	7	)
(	4874	,	2	,	7	)
(	4875	,	3	,	7	)
(	4876	,	4	,	7	)
(	4877	,	5	,	7	)
(	4878	,	6	,	7	)
(	4879	,	7	,	7	)
(	4880	,	8	,	7	)
(	4881	,	9	,	7	)
(	4882	,	10	,	7	)
(	4883	,	11	,	7	)
(	4884	,	12	,	7	)
(	4885	,	13	,	7	)
(	4886	,	14	,	7	)
(	4887	,	15	,	7	)
(	4888	,	16	,	7	)
(	4889	,	17	,	7	)
(	4890	,	18	,	7	)
(	4891	,	19	,	7	)
(	4892	,	20	,	7	)
(	4893	,	21	,	7	)
(	4894	,	22	,	7	)
(	4895	,	23	,	7	)
(	4896	,	24	,	7	)
(	4897	,	1	,	7	)
(	4898	,	2	,	7	)
(	4899	,	3	,	7	)
(	4900	,	4	,	7	)
(	4901	,	5	,	7	)
(	4902	,	6	,	7	)
(	4903	,	7	,	7	)
(	4904	,	8	,	7	)
(	4905	,	9	,	7	)
(	4906	,	10	,	7	)
(	4907	,	11	,	7	)
(	4908	,	12	,	7	)
(	4909	,	13	,	7	)
(	4910	,	14	,	7	)
(	4911	,	15	,	7	)
(	4912	,	16	,	7	)
(	4913	,	17	,	7	)
(	4914	,	18	,	7	)
(	4915	,	19	,	7	)
(	4916	,	20	,	7	)
(	4917	,	21	,	7	)
(	4918	,	22	,	7	)
(	4919	,	23	,	7	)
(	4920	,	24	,	7	)
(	4921	,	1	,	7	)
(	4922	,	2	,	7	)
(	4923	,	3	,	7	)
(	4924	,	4	,	7	)
(	4925	,	5	,	7	)
(	4926	,	6	,	7	)
(	4927	,	7	,	7	)
(	4928	,	8	,	7	)
(	4929	,	9	,	7	)
(	4930	,	10	,	7	)
(	4931	,	11	,	7	)
(	4932	,	12	,	7	)
(	4933	,	13	,	7	)
(	4934	,	14	,	7	)
(	4935	,	15	,	7	)
(	4936	,	16	,	7	)
(	4937	,	17	,	7	)
(	4938	,	18	,	7	)
(	4939	,	19	,	7	)
(	4940	,	20	,	7	)
(	4941	,	21	,	7	)
(	4942	,	22	,	7	)
(	4943	,	23	,	7	)
(	4944	,	24	,	7	)
(	4945	,	1	,	7	)
(	4946	,	2	,	7	)
(	4947	,	3	,	7	)
(	4948	,	4	,	7	)
(	4949	,	5	,	7	)
(	4950	,	6	,	7	)
(	4951	,	7	,	7	)
(	4952	,	8	,	7	)
(	4953	,	9	,	7	)
(	4954	,	10	,	7	)
(	4955	,	11	,	7	)
(	4956	,	12	,	7	)
(	4957	,	13	,	7	)
(	4958	,	14	,	7	)
(	4959	,	15	,	7	)
(	4960	,	16	,	7	)
(	4961	,	17	,	7	)
(	4962	,	18	,	7	)
(	4963	,	19	,	7	)
(	4964	,	20	,	7	)
(	4965	,	21	,	7	)
(	4966	,	22	,	7	)
(	4967	,	23	,	7	)
(	4968	,	24	,	7	)
(	4969	,	1	,	9	)
(	4970	,	2	,	9	)
(	4971	,	3	,	9	)
(	4972	,	4	,	9	)
(	4973	,	5	,	9	)
(	4974	,	6	,	9	)
(	4975	,	7	,	9	)
(	4976	,	8	,	9	)
(	4977	,	9	,	9	)
(	4978	,	10	,	9	)
(	4979	,	11	,	9	)
(	4980	,	12	,	9	)
(	4981	,	13	,	9	)
(	4982	,	14	,	9	)
(	4983	,	15	,	9	)
(	4984	,	16	,	9	)
(	4985	,	17	,	9	)
(	4986	,	18	,	9	)
(	4987	,	19	,	9	)
(	4988	,	20	,	9	)
(	4989	,	21	,	9	)
(	4990	,	22	,	9	)
(	4991	,	23	,	9	)
(	4992	,	24	,	9	)
(	4993	,	1	,	11	)
(	4994	,	2	,	11	)
(	4995	,	3	,	11	)
(	4996	,	4	,	11	)
(	4997	,	5	,	11	)
(	4998	,	6	,	11	)
(	4999	,	7	,	11	)
(	5000	,	8	,	11	)
(	5001	,	9	,	11	)
(	5002	,	10	,	11	)
(	5003	,	11	,	11	)
(	5004	,	12	,	11	)
(	5005	,	13	,	11	)
(	5006	,	14	,	11	)
(	5007	,	15	,	11	)
(	5008	,	16	,	11	)
(	5009	,	17	,	11	)
(	5010	,	18	,	11	)
(	5011	,	19	,	11	)
(	5012	,	20	,	11	)
(	5013	,	21	,	11	)
(	5014	,	22	,	11	)
(	5015	,	23	,	11	)
(	5016	,	24	,	11	)
(	5017	,	1	,	12	)
(	5018	,	2	,	12	)
(	5019	,	3	,	12	)
(	5020	,	4	,	12	)
(	5021	,	5	,	12	)
(	5022	,	6	,	12	)
(	5023	,	7	,	12	)
(	5024	,	8	,	12	)
(	5025	,	9	,	12	)
(	5026	,	10	,	12	)
(	5027	,	11	,	12	)
(	5028	,	12	,	12	)
(	5029	,	13	,	12	)
(	5030	,	14	,	12	)
(	5031	,	15	,	12	)
(	5032	,	16	,	12	)
(	5033	,	17	,	12	)
(	5034	,	18	,	12	)
(	5035	,	19	,	12	)
(	5036	,	20	,	12	)
(	5037	,	21	,	12	)
(	5038	,	22	,	12	)
(	5039	,	23	,	12	)
(	5040	,	24	,	12	)
(	5041	,	1	,	8	)
(	5042	,	2	,	8	)
(	5043	,	3	,	8	)
(	5044	,	4	,	8	)
(	5045	,	5	,	8	)
(	5046	,	6	,	8	)
(	5047	,	7	,	8	)
(	5048	,	8	,	8	)
(	5049	,	9	,	8	)
(	5050	,	10	,	8	)
(	5051	,	11	,	8	)
(	5052	,	12	,	8	)
(	5053	,	13	,	8	)
(	5054	,	14	,	8	)
(	5055	,	15	,	8	)
(	5056	,	16	,	8	)
(	5057	,	17	,	8	)
(	5058	,	18	,	8	)
(	5059	,	19	,	8	)
(	5060	,	20	,	8	)
(	5061	,	21	,	8	)
(	5062	,	22	,	8	)
(	5063	,	23	,	8	)
(	5064	,	24	,	8	)
(	5065	,	1	,	7	)
(	5066	,	2	,	7	)
(	5067	,	3	,	7	)
(	5068	,	4	,	7	)
(	5069	,	5	,	7	)
(	5070	,	6	,	7	)
(	5071	,	7	,	7	)
(	5072	,	8	,	7	)
(	5073	,	9	,	7	)
(	5074	,	10	,	7	)
(	5075	,	11	,	7	)
(	5076	,	12	,	7	)
(	5077	,	13	,	7	)
(	5078	,	14	,	7	)
(	5079	,	15	,	7	)
(	5080	,	16	,	7	)
(	5081	,	17	,	7	)
(	5082	,	18	,	7	)
(	5083	,	19	,	7	)
(	5084	,	20	,	7	)
(	5085	,	21	,	7	)
(	5086	,	22	,	7	)
(	5087	,	23	,	7	)
(	5088	,	24	,	7	)
(	5089	,	1	,	7	)
(	5090	,	2	,	7	)
(	5091	,	3	,	7	)
(	5092	,	4	,	7	)
(	5093	,	5	,	7	)
(	5094	,	6	,	7	)
(	5095	,	7	,	7	)
(	5096	,	8	,	7	)
(	5097	,	9	,	7	)
(	5098	,	10	,	7	)
(	5099	,	11	,	7	)
(	5100	,	12	,	7	)
(	5101	,	13	,	7	)
(	5102	,	14	,	7	)
(	5103	,	15	,	7	)
(	5104	,	16	,	7	)
(	5105	,	17	,	7	)
(	5106	,	18	,	7	)
(	5107	,	19	,	7	)
(	5108	,	20	,	7	)
(	5109	,	21	,	7	)
(	5110	,	22	,	7	)
(	5111	,	23	,	7	)
(	5112	,	24	,	7	)
(	5113	,	1	,	13	)
(	5114	,	2	,	13	)
(	5115	,	3	,	13	)
(	5116	,	4	,	13	)
(	5117	,	5	,	13	)
(	5118	,	6	,	13	)
(	5119	,	7	,	13	)
(	5120	,	8	,	13	)
(	5121	,	9	,	13	)
(	5122	,	10	,	13	)
(	5123	,	11	,	13	)
(	5124	,	12	,	13	)
(	5125	,	13	,	13	)
(	5126	,	14	,	13	)
(	5127	,	15	,	13	)
(	5128	,	16	,	13	)
(	5129	,	17	,	13	)
(	5130	,	18	,	13	)
(	5131	,	19	,	13	)
(	5132	,	20	,	13	)
(	5133	,	21	,	13	)
(	5134	,	22	,	13	)
(	5135	,	23	,	13	)
(	5136	,	24	,	13	)
(	5137	,	1	,	9	)
(	5138	,	2	,	9	)
(	5139	,	3	,	9	)
(	5140	,	4	,	9	)
(	5141	,	5	,	9	)
(	5142	,	6	,	9	)
(	5143	,	7	,	9	)
(	5144	,	8	,	9	)
(	5145	,	9	,	9	)
(	5146	,	10	,	9	)
(	5147	,	11	,	9	)
(	5148	,	12	,	9	)
(	5149	,	13	,	9	)
(	5150	,	14	,	9	)
(	5151	,	15	,	9	)
(	5152	,	16	,	9	)
(	5153	,	17	,	9	)
(	5154	,	18	,	9	)
(	5155	,	19	,	9	)
(	5156	,	20	,	9	)
(	5157	,	21	,	9	)
(	5158	,	22	,	9	)
(	5159	,	23	,	9	)
(	5160	,	24	,	9	)
(	5161	,	1	,	6	)
(	5162	,	2	,	6	)
(	5163	,	3	,	6	)
(	5164	,	4	,	6	)
(	5165	,	5	,	6	)
(	5166	,	6	,	6	)
(	5167	,	7	,	6	)
(	5168	,	8	,	6	)
(	5169	,	9	,	6	)
(	5170	,	10	,	6	)
(	5171	,	11	,	6	)
(	5172	,	12	,	6	)
(	5173	,	13	,	6	)
(	5174	,	14	,	6	)
(	5175	,	15	,	6	)
(	5176	,	16	,	6	)
(	5177	,	17	,	6	)
(	5178	,	18	,	6	)
(	5179	,	19	,	6	)
(	5180	,	20	,	6	)
(	5181	,	21	,	6	)
(	5182	,	22	,	6	)
(	5183	,	23	,	6	)
(	5184	,	24	,	6	)
(	5185	,	1	,	10	)
(	5186	,	2	,	10	)
(	5187	,	3	,	10	)
(	5188	,	4	,	10	)
(	5189	,	5	,	10	)
(	5190	,	6	,	10	)
(	5191	,	7	,	10	)
(	5192	,	8	,	10	)
(	5193	,	9	,	10	)
(	5194	,	10	,	10	)
(	5195	,	11	,	10	)
(	5196	,	12	,	10	)
(	5197	,	13	,	10	)
(	5198	,	14	,	10	)
(	5199	,	15	,	10	)
(	5200	,	16	,	10	)
(	5201	,	17	,	10	)
(	5202	,	18	,	10	)
(	5203	,	19	,	10	)
(	5204	,	20	,	10	)
(	5205	,	21	,	10	)
(	5206	,	22	,	10	)
(	5207	,	23	,	10	)
(	5208	,	24	,	10	)
(	5209	,	1	,	7	)
(	5210	,	2	,	7	)
(	5211	,	3	,	7	)
(	5212	,	4	,	7	)
(	5213	,	5	,	7	)
(	5214	,	6	,	7	)
(	5215	,	7	,	7	)
(	5216	,	8	,	7	)
(	5217	,	9	,	7	)
(	5218	,	10	,	7	)
(	5219	,	11	,	7	)
(	5220	,	12	,	7	)
(	5221	,	13	,	7	)
(	5222	,	14	,	7	)
(	5223	,	15	,	7	)
(	5224	,	16	,	7	)
(	5225	,	17	,	7	)
(	5226	,	18	,	7	)
(	5227	,	19	,	7	)
(	5228	,	20	,	7	)
(	5229	,	21	,	7	)
(	5230	,	22	,	7	)
(	5231	,	23	,	7	)
(	5232	,	24	,	7	)
(	5233	,	1	,	7	)
(	5234	,	2	,	7	)
(	5235	,	3	,	7	)
(	5236	,	4	,	7	)
(	5237	,	5	,	7	)
(	5238	,	6	,	7	)
(	5239	,	7	,	7	)
(	5240	,	8	,	7	)
(	5241	,	9	,	7	)
(	5242	,	10	,	7	)
(	5243	,	11	,	7	)
(	5244	,	12	,	7	)
(	5245	,	13	,	7	)
(	5246	,	14	,	7	)
(	5247	,	15	,	7	)
(	5248	,	16	,	7	)
(	5249	,	17	,	7	)
(	5250	,	18	,	7	)
(	5251	,	19	,	7	)
(	5252	,	20	,	7	)
(	5253	,	21	,	7	)
(	5254	,	22	,	7	)
(	5255	,	23	,	7	)
(	5256	,	24	,	7	)
(	5257	,	1	,	10	)
(	5258	,	2	,	10	)
(	5259	,	3	,	10	)
(	5260	,	4	,	10	)
(	5261	,	5	,	10	)
(	5262	,	6	,	10	)
(	5263	,	7	,	10	)
(	5264	,	8	,	10	)
(	5265	,	9	,	10	)
(	5266	,	10	,	10	)
(	5267	,	11	,	10	)
(	5268	,	12	,	10	)
(	5269	,	13	,	10	)
(	5270	,	14	,	10	)
(	5271	,	15	,	10	)
(	5272	,	16	,	10	)
(	5273	,	17	,	10	)
(	5274	,	18	,	10	)
(	5275	,	19	,	10	)
(	5276	,	20	,	10	)
(	5277	,	21	,	10	)
(	5278	,	22	,	10	)
(	5279	,	23	,	10	)
(	5280	,	24	,	10	)
(	5281	,	1	,	8	)
(	5282	,	2	,	8	)
(	5283	,	3	,	8	)
(	5284	,	4	,	8	)
(	5285	,	5	,	8	)
(	5286	,	6	,	8	)
(	5287	,	7	,	8	)
(	5288	,	8	,	8	)
(	5289	,	9	,	8	)
(	5290	,	10	,	8	)
(	5291	,	11	,	8	)
(	5292	,	12	,	8	)
(	5293	,	13	,	8	)
(	5294	,	14	,	8	)
(	5295	,	15	,	8	)
(	5296	,	16	,	8	)
(	5297	,	17	,	8	)
(	5298	,	18	,	8	)
(	5299	,	19	,	8	)
(	5300	,	20	,	8	)
(	5301	,	21	,	8	)
(	5302	,	22	,	8	)
(	5303	,	23	,	8	)
(	5304	,	24	,	8	)
(	5305	,	1	,	6	)
(	5306	,	2	,	6	)
(	5307	,	3	,	6	)
(	5308	,	4	,	6	)
(	5309	,	5	,	6	)
(	5310	,	6	,	6	)
(	5311	,	7	,	6	)
(	5312	,	8	,	6	)
(	5313	,	9	,	6	)
(	5314	,	10	,	6	)
(	5315	,	11	,	6	)
(	5316	,	12	,	6	)
(	5317	,	13	,	6	)
(	5318	,	14	,	6	)
(	5319	,	15	,	6	)
(	5320	,	16	,	6	)
(	5321	,	17	,	6	)
(	5322	,	18	,	6	)
(	5323	,	19	,	6	)
(	5324	,	20	,	6	)
(	5325	,	21	,	6	)
(	5326	,	22	,	6	)
(	5327	,	23	,	6	)
(	5328	,	24	,	6	)
(	5329	,	1	,	6	)
(	5330	,	2	,	6	)
(	5331	,	3	,	6	)
(	5332	,	4	,	6	)
(	5333	,	5	,	6	)
(	5334	,	6	,	6	)
(	5335	,	7	,	6	)
(	5336	,	8	,	6	)
(	5337	,	9	,	6	)
(	5338	,	10	,	6	)
(	5339	,	11	,	6	)
(	5340	,	12	,	6	)
(	5341	,	13	,	6	)
(	5342	,	14	,	6	)
(	5343	,	15	,	6	)
(	5344	,	16	,	6	)
(	5345	,	17	,	6	)
(	5346	,	18	,	6	)
(	5347	,	19	,	6	)
(	5348	,	20	,	6	)
(	5349	,	21	,	6	)
(	5350	,	22	,	6	)
(	5351	,	23	,	6	)
(	5352	,	24	,	6	)
(	5353	,	1	,	7	)
(	5354	,	2	,	7	)
(	5355	,	3	,	7	)
(	5356	,	4	,	7	)
(	5357	,	5	,	7	)
(	5358	,	6	,	7	)
(	5359	,	7	,	7	)
(	5360	,	8	,	7	)
(	5361	,	9	,	7	)
(	5362	,	10	,	7	)
(	5363	,	11	,	7	)
(	5364	,	12	,	7	)
(	5365	,	13	,	7	)
(	5366	,	14	,	7	)
(	5367	,	15	,	7	)
(	5368	,	16	,	7	)
(	5369	,	17	,	7	)
(	5370	,	18	,	7	)
(	5371	,	19	,	7	)
(	5372	,	20	,	7	)
(	5373	,	21	,	7	)
(	5374	,	22	,	7	)
(	5375	,	23	,	7	)
(	5376	,	24	,	7	)
(	5377	,	1	,	5	)
(	5378	,	2	,	5	)
(	5379	,	3	,	5	)
(	5380	,	4	,	5	)
(	5381	,	5	,	5	)
(	5382	,	6	,	5	)
(	5383	,	7	,	5	)
(	5384	,	8	,	5	)
(	5385	,	9	,	5	)
(	5386	,	10	,	5	)
(	5387	,	11	,	5	)
(	5388	,	12	,	5	)
(	5389	,	13	,	5	)
(	5390	,	14	,	5	)
(	5391	,	15	,	5	)
(	5392	,	16	,	5	)
(	5393	,	17	,	5	)
(	5394	,	18	,	5	)
(	5395	,	19	,	5	)
(	5396	,	20	,	5	)
(	5397	,	21	,	5	)
(	5398	,	22	,	5	)
(	5399	,	23	,	5	)
(	5400	,	24	,	5	)
(	5401	,	1	,	8	)
(	5402	,	2	,	8	)
(	5403	,	3	,	8	)
(	5404	,	4	,	8	)
(	5405	,	5	,	8	)
(	5406	,	6	,	8	)
(	5407	,	7	,	8	)
(	5408	,	8	,	8	)
(	5409	,	9	,	8	)
(	5410	,	10	,	8	)
(	5411	,	11	,	8	)
(	5412	,	12	,	8	)
(	5413	,	13	,	8	)
(	5414	,	14	,	8	)
(	5415	,	15	,	8	)
(	5416	,	16	,	8	)
(	5417	,	17	,	8	)
(	5418	,	18	,	8	)
(	5419	,	19	,	8	)
(	5420	,	20	,	8	)
(	5421	,	21	,	8	)
(	5422	,	22	,	8	)
(	5423	,	23	,	8	)
(	5424	,	24	,	8	)
(	5425	,	1	,	7	)
(	5426	,	2	,	7	)
(	5427	,	3	,	7	)
(	5428	,	4	,	7	)
(	5429	,	5	,	7	)
(	5430	,	6	,	7	)
(	5431	,	7	,	7	)
(	5432	,	8	,	7	)
(	5433	,	9	,	7	)
(	5434	,	10	,	7	)
(	5435	,	11	,	7	)
(	5436	,	12	,	7	)
(	5437	,	13	,	7	)
(	5438	,	14	,	7	)
(	5439	,	15	,	7	)
(	5440	,	16	,	7	)
(	5441	,	17	,	7	)
(	5442	,	18	,	7	)
(	5443	,	19	,	7	)
(	5444	,	20	,	7	)
(	5445	,	21	,	7	)
(	5446	,	22	,	7	)
(	5447	,	23	,	7	)
(	5448	,	24	,	7	)
(	5449	,	1	,	8	)
(	5450	,	2	,	8	)
(	5451	,	3	,	8	)
(	5452	,	4	,	8	)
(	5453	,	5	,	8	)
(	5454	,	6	,	8	)
(	5455	,	7	,	8	)
(	5456	,	8	,	8	)
(	5457	,	9	,	8	)
(	5458	,	10	,	8	)
(	5459	,	11	,	8	)
(	5460	,	12	,	8	)
(	5461	,	13	,	8	)
(	5462	,	14	,	8	)
(	5463	,	15	,	8	)
(	5464	,	16	,	8	)
(	5465	,	17	,	8	)
(	5466	,	18	,	8	)
(	5467	,	19	,	8	)
(	5468	,	20	,	8	)
(	5469	,	21	,	8	)
(	5470	,	22	,	8	)
(	5471	,	23	,	8	)
(	5472	,	24	,	8	)
(	5473	,	1	,	9	)
(	5474	,	2	,	9	)
(	5475	,	3	,	9	)
(	5476	,	4	,	9	)
(	5477	,	5	,	9	)
(	5478	,	6	,	9	)
(	5479	,	7	,	9	)
(	5480	,	8	,	9	)
(	5481	,	9	,	9	)
(	5482	,	10	,	9	)
(	5483	,	11	,	9	)
(	5484	,	12	,	9	)
(	5485	,	13	,	9	)
(	5486	,	14	,	9	)
(	5487	,	15	,	9	)
(	5488	,	16	,	9	)
(	5489	,	17	,	9	)
(	5490	,	18	,	9	)
(	5491	,	19	,	9	)
(	5492	,	20	,	9	)
(	5493	,	21	,	9	)
(	5494	,	22	,	9	)
(	5495	,	23	,	9	)
(	5496	,	24	,	9	)
(	5497	,	1	,	4	)
(	5498	,	2	,	4	)
(	5499	,	3	,	4	)
(	5500	,	4	,	4	)
(	5501	,	5	,	4	)
(	5502	,	6	,	4	)
(	5503	,	7	,	4	)
(	5504	,	8	,	4	)
(	5505	,	9	,	4	)
(	5506	,	10	,	4	)
(	5507	,	11	,	4	)
(	5508	,	12	,	4	)
(	5509	,	13	,	4	)
(	5510	,	14	,	4	)
(	5511	,	15	,	4	)
(	5512	,	16	,	4	)
(	5513	,	17	,	4	)
(	5514	,	18	,	4	)
(	5515	,	19	,	4	)
(	5516	,	20	,	4	)
(	5517	,	21	,	4	)
(	5518	,	22	,	4	)
(	5519	,	23	,	4	)
(	5520	,	24	,	4	)
(	5521	,	1	,	8	)
(	5522	,	2	,	8	)
(	5523	,	3	,	8	)
(	5524	,	4	,	8	)
(	5525	,	5	,	8	)
(	5526	,	6	,	8	)
(	5527	,	7	,	8	)
(	5528	,	8	,	8	)
(	5529	,	9	,	8	)
(	5530	,	10	,	8	)
(	5531	,	11	,	8	)
(	5532	,	12	,	8	)
(	5533	,	13	,	8	)
(	5534	,	14	,	8	)
(	5535	,	15	,	8	)
(	5536	,	16	,	8	)
(	5537	,	17	,	8	)
(	5538	,	18	,	8	)
(	5539	,	19	,	8	)
(	5540	,	20	,	8	)
(	5541	,	21	,	8	)
(	5542	,	22	,	8	)
(	5543	,	23	,	8	)
(	5544	,	24	,	8	)
(	5545	,	1	,	8	)
(	5546	,	2	,	8	)
(	5547	,	3	,	8	)
(	5548	,	4	,	8	)
(	5549	,	5	,	8	)
(	5550	,	6	,	8	)
(	5551	,	7	,	8	)
(	5552	,	8	,	8	)
(	5553	,	9	,	8	)
(	5554	,	10	,	8	)
(	5555	,	11	,	8	)
(	5556	,	12	,	8	)
(	5557	,	13	,	8	)
(	5558	,	14	,	8	)
(	5559	,	15	,	8	)
(	5560	,	16	,	8	)
(	5561	,	17	,	8	)
(	5562	,	18	,	8	)
(	5563	,	19	,	8	)
(	5564	,	20	,	8	)
(	5565	,	21	,	8	)
(	5566	,	22	,	8	)
(	5567	,	23	,	8	)
(	5568	,	24	,	8	)
(	5569	,	1	,	8	)
(	5570	,	2	,	8	)
(	5571	,	3	,	8	)
(	5572	,	4	,	8	)
(	5573	,	5	,	8	)
(	5574	,	6	,	8	)
(	5575	,	7	,	8	)
(	5576	,	8	,	8	)
(	5577	,	9	,	8	)
(	5578	,	10	,	8	)
(	5579	,	11	,	8	)
(	5580	,	12	,	8	)
(	5581	,	13	,	8	)
(	5582	,	14	,	8	)
(	5583	,	15	,	8	)
(	5584	,	16	,	8	)
(	5585	,	17	,	8	)
(	5586	,	18	,	8	)
(	5587	,	19	,	8	)
(	5588	,	20	,	8	)
(	5589	,	21	,	8	)
(	5590	,	22	,	8	)
(	5591	,	23	,	8	)
(	5592	,	24	,	8	)
(	5593	,	1	,	8	)
(	5594	,	2	,	8	)
(	5595	,	3	,	8	)
(	5596	,	4	,	8	)
(	5597	,	5	,	8	)
(	5598	,	6	,	8	)
(	5599	,	7	,	8	)
(	5600	,	8	,	8	)
(	5601	,	9	,	8	)
(	5602	,	10	,	8	)
(	5603	,	11	,	8	)
(	5604	,	12	,	8	)
(	5605	,	13	,	8	)
(	5606	,	14	,	8	)
(	5607	,	15	,	8	)
(	5608	,	16	,	8	)
(	5609	,	17	,	8	)
(	5610	,	18	,	8	)
(	5611	,	19	,	8	)
(	5612	,	20	,	8	)
(	5613	,	21	,	8	)
(	5614	,	22	,	8	)
(	5615	,	23	,	8	)
(	5616	,	24	,	8	)
(	5617	,	1	,	10	)
(	5618	,	2	,	10	)
(	5619	,	3	,	10	)
(	5620	,	4	,	10	)
(	5621	,	5	,	10	)
(	5622	,	6	,	10	)
(	5623	,	7	,	10	)
(	5624	,	8	,	10	)
(	5625	,	9	,	10	)
(	5626	,	10	,	10	)
(	5627	,	11	,	10	)
(	5628	,	12	,	10	)
(	5629	,	13	,	10	)
(	5630	,	14	,	10	)
(	5631	,	15	,	10	)
(	5632	,	16	,	10	)
(	5633	,	17	,	10	)
(	5634	,	18	,	10	)
(	5635	,	19	,	10	)
(	5636	,	20	,	10	)
(	5637	,	21	,	10	)
(	5638	,	22	,	10	)
(	5639	,	23	,	10	)
(	5640	,	24	,	10	)
(	5641	,	1	,	9	)
(	5642	,	2	,	9	)
(	5643	,	3	,	9	)
(	5644	,	4	,	9	)
(	5645	,	5	,	9	)
(	5646	,	6	,	9	)
(	5647	,	7	,	9	)
(	5648	,	8	,	9	)
(	5649	,	9	,	9	)
(	5650	,	10	,	9	)
(	5651	,	11	,	9	)
(	5652	,	12	,	9	)
(	5653	,	13	,	9	)
(	5654	,	14	,	9	)
(	5655	,	15	,	9	)
(	5656	,	16	,	9	)
(	5657	,	17	,	9	)
(	5658	,	18	,	9	)
(	5659	,	19	,	9	)
(	5660	,	20	,	9	)
(	5661	,	21	,	9	)
(	5662	,	22	,	9	)
(	5663	,	23	,	9	)
(	5664	,	24	,	9	)
(	5665	,	1	,	6	)
(	5666	,	2	,	6	)
(	5667	,	3	,	6	)
(	5668	,	4	,	6	)
(	5669	,	5	,	6	)
(	5670	,	6	,	6	)
(	5671	,	7	,	6	)
(	5672	,	8	,	6	)
(	5673	,	9	,	6	)
(	5674	,	10	,	6	)
(	5675	,	11	,	6	)
(	5676	,	12	,	6	)
(	5677	,	13	,	6	)
(	5678	,	14	,	6	)
(	5679	,	15	,	6	)
(	5680	,	16	,	6	)
(	5681	,	17	,	6	)
(	5682	,	18	,	6	)
(	5683	,	19	,	6	)
(	5684	,	20	,	6	)
(	5685	,	21	,	6	)
(	5686	,	22	,	6	)
(	5687	,	23	,	6	)
(	5688	,	24	,	6	)
(	5689	,	1	,	8	)
(	5690	,	2	,	8	)
(	5691	,	3	,	8	)
(	5692	,	4	,	8	)
(	5693	,	5	,	8	)
(	5694	,	6	,	8	)
(	5695	,	7	,	8	)
(	5696	,	8	,	8	)
(	5697	,	9	,	8	)
(	5698	,	10	,	8	)
(	5699	,	11	,	8	)
(	5700	,	12	,	8	)
(	5701	,	13	,	8	)
(	5702	,	14	,	8	)
(	5703	,	15	,	8	)
(	5704	,	16	,	8	)
(	5705	,	17	,	8	)
(	5706	,	18	,	8	)
(	5707	,	19	,	8	)
(	5708	,	20	,	8	)
(	5709	,	21	,	8	)
(	5710	,	22	,	8	)
(	5711	,	23	,	8	)
(	5712	,	24	,	8	)
(	5713	,	1	,	7	)
(	5714	,	2	,	7	)
(	5715	,	3	,	7	)
(	5716	,	4	,	7	)
(	5717	,	5	,	7	)
(	5718	,	6	,	7	)
(	5719	,	7	,	7	)
(	5720	,	8	,	7	)
(	5721	,	9	,	7	)
(	5722	,	10	,	7	)
(	5723	,	11	,	7	)
(	5724	,	12	,	7	)
(	5725	,	13	,	7	)
(	5726	,	14	,	7	)
(	5727	,	15	,	7	)
(	5728	,	16	,	7	)
(	5729	,	17	,	7	)
(	5730	,	18	,	7	)
(	5731	,	19	,	7	)
(	5732	,	20	,	7	)
(	5733	,	21	,	7	)
(	5734	,	22	,	7	)
(	5735	,	23	,	7	)
(	5736	,	24	,	7	)
(	5737	,	1	,	8	)
(	5738	,	2	,	8	)
(	5739	,	3	,	8	)
(	5740	,	4	,	8	)
(	5741	,	5	,	8	)
(	5742	,	6	,	8	)
(	5743	,	7	,	8	)
(	5744	,	8	,	8	)
(	5745	,	9	,	8	)
(	5746	,	10	,	8	)
(	5747	,	11	,	8	)
(	5748	,	12	,	8	)
(	5749	,	13	,	8	)
(	5750	,	14	,	8	)
(	5751	,	15	,	8	)
(	5752	,	16	,	8	)
(	5753	,	17	,	8	)
(	5754	,	18	,	8	)
(	5755	,	19	,	8	)
(	5756	,	20	,	8	)
(	5757	,	21	,	8	)
(	5758	,	22	,	8	)
(	5759	,	23	,	8	)
(	5760	,	24	,	8	)
(	5761	,	1	,	8	)
(	5762	,	2	,	8	)
(	5763	,	3	,	8	)
(	5764	,	4	,	8	)
(	5765	,	5	,	8	)
(	5766	,	6	,	8	)
(	5767	,	7	,	8	)
(	5768	,	8	,	8	)
(	5769	,	9	,	8	)
(	5770	,	10	,	8	)
(	5771	,	11	,	8	)
(	5772	,	12	,	8	)
(	5773	,	13	,	8	)
(	5774	,	14	,	8	)
(	5775	,	15	,	8	)
(	5776	,	16	,	8	)
(	5777	,	17	,	8	)
(	5778	,	18	,	8	)
(	5779	,	19	,	8	)
(	5780	,	20	,	8	)
(	5781	,	21	,	8	)
(	5782	,	22	,	8	)
(	5783	,	23	,	8	)
(	5784	,	24	,	8	)
(	5785	,	1	,	8	)
(	5786	,	2	,	8	)
(	5787	,	3	,	8	)
(	5788	,	4	,	8	)
(	5789	,	5	,	8	)
(	5790	,	6	,	8	)
(	5791	,	7	,	8	)
(	5792	,	8	,	8	)
(	5793	,	9	,	8	)
(	5794	,	10	,	8	)
(	5795	,	11	,	8	)
(	5796	,	12	,	8	)
(	5797	,	13	,	8	)
(	5798	,	14	,	8	)
(	5799	,	15	,	8	)
(	5800	,	16	,	8	)
(	5801	,	17	,	8	)
(	5802	,	18	,	8	)
(	5803	,	19	,	8	)
(	5804	,	20	,	8	)
(	5805	,	21	,	8	)
(	5806	,	22	,	8	)
(	5807	,	23	,	8	)
(	5808	,	24	,	8	)
(	5809	,	1	,	9	)
(	5810	,	2	,	9	)
(	5811	,	3	,	9	)
(	5812	,	4	,	9	)
(	5813	,	5	,	9	)
(	5814	,	6	,	9	)
(	5815	,	7	,	9	)
(	5816	,	8	,	9	)
(	5817	,	9	,	9	)
(	5818	,	10	,	9	)
(	5819	,	11	,	9	)
(	5820	,	12	,	9	)
(	5821	,	13	,	9	)
(	5822	,	14	,	9	)
(	5823	,	15	,	9	)
(	5824	,	16	,	9	)
(	5825	,	17	,	9	)
(	5826	,	18	,	9	)
(	5827	,	19	,	9	)
(	5828	,	20	,	9	)
(	5829	,	21	,	9	)
(	5830	,	22	,	9	)
(	5831	,	23	,	9	)
(	5832	,	24	,	9	)
(	5833	,	1	,	9	)
(	5834	,	2	,	9	)
(	5835	,	3	,	9	)
(	5836	,	4	,	9	)
(	5837	,	5	,	9	)
(	5838	,	6	,	9	)
(	5839	,	7	,	9	)
(	5840	,	8	,	9	)
(	5841	,	9	,	9	)
(	5842	,	10	,	9	)
(	5843	,	11	,	9	)
(	5844	,	12	,	9	)
(	5845	,	13	,	9	)
(	5846	,	14	,	9	)
(	5847	,	15	,	9	)
(	5848	,	16	,	9	)
(	5849	,	17	,	9	)
(	5850	,	18	,	9	)
(	5851	,	19	,	9	)
(	5852	,	20	,	9	)
(	5853	,	21	,	9	)
(	5854	,	22	,	9	)
(	5855	,	23	,	9	)
(	5856	,	24	,	9	)
(	5857	,	1	,	10	)
(	5858	,	2	,	10	)
(	5859	,	3	,	10	)
(	5860	,	4	,	10	)
(	5861	,	5	,	10	)
(	5862	,	6	,	10	)
(	5863	,	7	,	10	)
(	5864	,	8	,	10	)
(	5865	,	9	,	10	)
(	5866	,	10	,	10	)
(	5867	,	11	,	10	)
(	5868	,	12	,	10	)
(	5869	,	13	,	10	)
(	5870	,	14	,	10	)
(	5871	,	15	,	10	)
(	5872	,	16	,	10	)
(	5873	,	17	,	10	)
(	5874	,	18	,	10	)
(	5875	,	19	,	10	)
(	5876	,	20	,	10	)
(	5877	,	21	,	10	)
(	5878	,	22	,	10	)
(	5879	,	23	,	10	)
(	5880	,	24	,	10	)
(	5881	,	1	,	10	)
(	5882	,	2	,	10	)
(	5883	,	3	,	10	)
(	5884	,	4	,	10	)
(	5885	,	5	,	10	)
(	5886	,	6	,	10	)
(	5887	,	7	,	10	)
(	5888	,	8	,	10	)
(	5889	,	9	,	10	)
(	5890	,	10	,	10	)
(	5891	,	11	,	10	)
(	5892	,	12	,	10	)
(	5893	,	13	,	10	)
(	5894	,	14	,	10	)
(	5895	,	15	,	10	)
(	5896	,	16	,	10	)
(	5897	,	17	,	10	)
(	5898	,	18	,	10	)
(	5899	,	19	,	10	)
(	5900	,	20	,	10	)
(	5901	,	21	,	10	)
(	5902	,	22	,	10	)
(	5903	,	23	,	10	)
(	5904	,	24	,	10	)
(	5905	,	1	,	10	)
(	5906	,	2	,	10	)
(	5907	,	3	,	10	)
(	5908	,	4	,	10	)
(	5909	,	5	,	10	)
(	5910	,	6	,	10	)
(	5911	,	7	,	10	)
(	5912	,	8	,	10	)
(	5913	,	9	,	10	)
(	5914	,	10	,	10	)
(	5915	,	11	,	10	)
(	5916	,	12	,	10	)
(	5917	,	13	,	10	)
(	5918	,	14	,	10	)
(	5919	,	15	,	10	)
(	5920	,	16	,	10	)
(	5921	,	17	,	10	)
(	5922	,	18	,	10	)
(	5923	,	19	,	10	)
(	5924	,	20	,	10	)
(	5925	,	21	,	10	)
(	5926	,	22	,	10	)
(	5927	,	23	,	10	)
(	5928	,	24	,	10	)
(	5929	,	1	,	10	)
(	5930	,	2	,	10	)
(	5931	,	3	,	10	)
(	5932	,	4	,	10	)
(	5933	,	5	,	10	)
(	5934	,	6	,	10	)
(	5935	,	7	,	10	)
(	5936	,	8	,	10	)
(	5937	,	9	,	10	)
(	5938	,	10	,	10	)
(	5939	,	11	,	10	)
(	5940	,	12	,	10	)
(	5941	,	13	,	10	)
(	5942	,	14	,	10	)
(	5943	,	15	,	10	)
(	5944	,	16	,	10	)
(	5945	,	17	,	10	)
(	5946	,	18	,	10	)
(	5947	,	19	,	10	)
(	5948	,	20	,	10	)
(	5949	,	21	,	10	)
(	5950	,	22	,	10	)
(	5951	,	23	,	10	)
(	5952	,	24	,	10	)
(	5953	,	1	,	10	)
(	5954	,	2	,	10	)
(	5955	,	3	,	10	)
(	5956	,	4	,	10	)
(	5957	,	5	,	10	)
(	5958	,	6	,	10	)
(	5959	,	7	,	10	)
(	5960	,	8	,	10	)
(	5961	,	9	,	10	)
(	5962	,	10	,	10	)
(	5963	,	11	,	10	)
(	5964	,	12	,	10	)
(	5965	,	13	,	10	)
(	5966	,	14	,	10	)
(	5967	,	15	,	10	)
(	5968	,	16	,	10	)
(	5969	,	17	,	10	)
(	5970	,	18	,	10	)
(	5971	,	19	,	10	)
(	5972	,	20	,	10	)
(	5973	,	21	,	10	)
(	5974	,	22	,	10	)
(	5975	,	23	,	10	)
(	5976	,	24	,	10	)
(	5977	,	1	,	9	)
(	5978	,	2	,	9	)
(	5979	,	3	,	9	)
(	5980	,	4	,	9	)
(	5981	,	5	,	9	)
(	5982	,	6	,	9	)
(	5983	,	7	,	9	)
(	5984	,	8	,	9	)
(	5985	,	9	,	9	)
(	5986	,	10	,	9	)
(	5987	,	11	,	9	)
(	5988	,	12	,	9	)
(	5989	,	13	,	9	)
(	5990	,	14	,	9	)
(	5991	,	15	,	9	)
(	5992	,	16	,	9	)
(	5993	,	17	,	9	)
(	5994	,	18	,	9	)
(	5995	,	19	,	9	)
(	5996	,	20	,	9	)
(	5997	,	21	,	9	)
(	5998	,	22	,	9	)
(	5999	,	23	,	9	)
(	6000	,	24	,	9	)
(	6001	,	1	,	6	)
(	6002	,	2	,	6	)
(	6003	,	3	,	6	)
(	6004	,	4	,	6	)
(	6005	,	5	,	6	)
(	6006	,	6	,	6	)
(	6007	,	7	,	6	)
(	6008	,	8	,	6	)
(	6009	,	9	,	6	)
(	6010	,	10	,	6	)
(	6011	,	11	,	6	)
(	6012	,	12	,	6	)
(	6013	,	13	,	6	)
(	6014	,	14	,	6	)
(	6015	,	15	,	6	)
(	6016	,	16	,	6	)
(	6017	,	17	,	6	)
(	6018	,	18	,	6	)
(	6019	,	19	,	6	)
(	6020	,	20	,	6	)
(	6021	,	21	,	6	)
(	6022	,	22	,	6	)
(	6023	,	23	,	6	)
(	6024	,	24	,	6	)
(	6025	,	1	,	8	)
(	6026	,	2	,	8	)
(	6027	,	3	,	8	)
(	6028	,	4	,	8	)
(	6029	,	5	,	8	)
(	6030	,	6	,	8	)
(	6031	,	7	,	8	)
(	6032	,	8	,	8	)
(	6033	,	9	,	8	)
(	6034	,	10	,	8	)
(	6035	,	11	,	8	)
(	6036	,	12	,	8	)
(	6037	,	13	,	8	)
(	6038	,	14	,	8	)
(	6039	,	15	,	8	)
(	6040	,	16	,	8	)
(	6041	,	17	,	8	)
(	6042	,	18	,	8	)
(	6043	,	19	,	8	)
(	6044	,	20	,	8	)
(	6045	,	21	,	8	)
(	6046	,	22	,	8	)
(	6047	,	23	,	8	)
(	6048	,	24	,	8	)
(	6049	,	1	,	8	)
(	6050	,	2	,	8	)
(	6051	,	3	,	8	)
(	6052	,	4	,	8	)
(	6053	,	5	,	8	)
(	6054	,	6	,	8	)
(	6055	,	7	,	8	)
(	6056	,	8	,	8	)
(	6057	,	9	,	8	)
(	6058	,	10	,	8	)
(	6059	,	11	,	8	)
(	6060	,	12	,	8	)
(	6061	,	13	,	8	)
(	6062	,	14	,	8	)
(	6063	,	15	,	8	)
(	6064	,	16	,	8	)
(	6065	,	17	,	8	)
(	6066	,	18	,	8	)
(	6067	,	19	,	8	)
(	6068	,	20	,	8	)
(	6069	,	21	,	8	)
(	6070	,	22	,	8	)
(	6071	,	23	,	8	)
(	6072	,	24	,	8	)
(	6073	,	1	,	8	)
(	6074	,	2	,	8	)
(	6075	,	3	,	8	)
(	6076	,	4	,	8	)
(	6077	,	5	,	8	)
(	6078	,	6	,	8	)
(	6079	,	7	,	8	)
(	6080	,	8	,	8	)
(	6081	,	9	,	8	)
(	6082	,	10	,	8	)
(	6083	,	11	,	8	)
(	6084	,	12	,	8	)
(	6085	,	13	,	8	)
(	6086	,	14	,	8	)
(	6087	,	15	,	8	)
(	6088	,	16	,	8	)
(	6089	,	17	,	8	)
(	6090	,	18	,	8	)
(	6091	,	19	,	8	)
(	6092	,	20	,	8	)
(	6093	,	21	,	8	)
(	6094	,	22	,	8	)
(	6095	,	23	,	8	)
(	6096	,	24	,	8	)
(	6097	,	1	,	10	)
(	6098	,	2	,	10	)
(	6099	,	3	,	10	)
(	6100	,	4	,	10	)
(	6101	,	5	,	10	)
(	6102	,	6	,	10	)
(	6103	,	7	,	10	)
(	6104	,	8	,	10	)
(	6105	,	9	,	10	)
(	6106	,	10	,	10	)
(	6107	,	11	,	10	)
(	6108	,	12	,	10	)
(	6109	,	13	,	10	)
(	6110	,	14	,	10	)
(	6111	,	15	,	10	)
(	6112	,	16	,	10	)
(	6113	,	17	,	10	)
(	6114	,	18	,	10	)
(	6115	,	19	,	10	)
(	6116	,	20	,	10	)
(	6117	,	21	,	10	)
(	6118	,	22	,	10	)
(	6119	,	23	,	10	)
(	6120	,	24	,	10	)
(	6121	,	1	,	10	)
(	6122	,	2	,	10	)
(	6123	,	3	,	10	)
(	6124	,	4	,	10	)
(	6125	,	5	,	10	)
(	6126	,	6	,	10	)
(	6127	,	7	,	10	)
(	6128	,	8	,	10	)
(	6129	,	9	,	10	)
(	6130	,	10	,	10	)
(	6131	,	11	,	10	)
(	6132	,	12	,	10	)
(	6133	,	13	,	10	)
(	6134	,	14	,	10	)
(	6135	,	15	,	10	)
(	6136	,	16	,	10	)
(	6137	,	17	,	10	)
(	6138	,	18	,	10	)
(	6139	,	19	,	10	)
(	6140	,	20	,	10	)
(	6141	,	21	,	10	)
(	6142	,	22	,	10	)
(	6143	,	23	,	10	)
(	6144	,	24	,	10	)
(	6145	,	1	,	9	)
(	6146	,	2	,	9	)
(	6147	,	3	,	9	)
(	6148	,	4	,	9	)
(	6149	,	5	,	9	)
(	6150	,	6	,	9	)
(	6151	,	7	,	9	)
(	6152	,	8	,	9	)
(	6153	,	9	,	9	)
(	6154	,	10	,	9	)
(	6155	,	11	,	9	)
(	6156	,	12	,	9	)
(	6157	,	13	,	9	)
(	6158	,	14	,	9	)
(	6159	,	15	,	9	)
(	6160	,	16	,	9	)
(	6161	,	17	,	9	)
(	6162	,	18	,	9	)
(	6163	,	19	,	9	)
(	6164	,	20	,	9	)
(	6165	,	21	,	9	)
(	6166	,	22	,	9	)
(	6167	,	23	,	9	)
(	6168	,	24	,	9	)
(	6169	,	1	,	9	)
(	6170	,	2	,	9	)
(	6171	,	3	,	9	)
(	6172	,	4	,	9	)
(	6173	,	5	,	9	)
(	6174	,	6	,	9	)
(	6175	,	7	,	9	)
(	6176	,	8	,	9	)
(	6177	,	9	,	9	)
(	6178	,	10	,	9	)
(	6179	,	11	,	9	)
(	6180	,	12	,	9	)
(	6181	,	13	,	9	)
(	6182	,	14	,	9	)
(	6183	,	15	,	9	)
(	6184	,	16	,	9	)
(	6185	,	17	,	9	)
(	6186	,	18	,	9	)
(	6187	,	19	,	9	)
(	6188	,	20	,	9	)
(	6189	,	21	,	9	)
(	6190	,	22	,	9	)
(	6191	,	23	,	9	)
(	6192	,	24	,	9	)
(	6193	,	1	,	10	)
(	6194	,	2	,	10	)
(	6195	,	3	,	10	)
(	6196	,	4	,	10	)
(	6197	,	5	,	10	)
(	6198	,	6	,	10	)
(	6199	,	7	,	10	)
(	6200	,	8	,	10	)
(	6201	,	9	,	10	)
(	6202	,	10	,	10	)
(	6203	,	11	,	10	)
(	6204	,	12	,	10	)
(	6205	,	13	,	10	)
(	6206	,	14	,	10	)
(	6207	,	15	,	10	)
(	6208	,	16	,	10	)
(	6209	,	17	,	10	)
(	6210	,	18	,	10	)
(	6211	,	19	,	10	)
(	6212	,	20	,	10	)
(	6213	,	21	,	10	)
(	6214	,	22	,	10	)
(	6215	,	23	,	10	)
(	6216	,	24	,	10	)
(	6217	,	1	,	13	)
(	6218	,	2	,	13	)
(	6219	,	3	,	13	)
(	6220	,	4	,	13	)
(	6221	,	5	,	13	)
(	6222	,	6	,	13	)
(	6223	,	7	,	13	)
(	6224	,	8	,	13	)
(	6225	,	9	,	13	)
(	6226	,	10	,	13	)
(	6227	,	11	,	13	)
(	6228	,	12	,	13	)
(	6229	,	13	,	13	)
(	6230	,	14	,	13	)
(	6231	,	15	,	13	)
(	6232	,	16	,	13	)
(	6233	,	17	,	13	)
(	6234	,	18	,	13	)
(	6235	,	19	,	13	)
(	6236	,	20	,	13	)
(	6237	,	21	,	13	)
(	6238	,	22	,	13	)
(	6239	,	23	,	13	)
(	6240	,	24	,	13	)
(	6241	,	1	,	8	)
(	6242	,	2	,	8	)
(	6243	,	3	,	8	)
(	6244	,	4	,	8	)
(	6245	,	5	,	8	)
(	6246	,	6	,	8	)
(	6247	,	7	,	8	)
(	6248	,	8	,	8	)
(	6249	,	9	,	8	)
(	6250	,	10	,	8	)
(	6251	,	11	,	8	)
(	6252	,	12	,	8	)
(	6253	,	13	,	8	)
(	6254	,	14	,	8	)
(	6255	,	15	,	8	)
(	6256	,	16	,	8	)
(	6257	,	17	,	8	)
(	6258	,	18	,	8	)
(	6259	,	19	,	8	)
(	6260	,	20	,	8	)
(	6261	,	21	,	8	)
(	6262	,	22	,	8	)
(	6263	,	23	,	8	)
(	6264	,	24	,	8	)
(	6265	,	1	,	10	)
(	6266	,	2	,	10	)
(	6267	,	3	,	10	)
(	6268	,	4	,	10	)
(	6269	,	5	,	10	)
(	6270	,	6	,	10	)
(	6271	,	7	,	10	)
(	6272	,	8	,	10	)
(	6273	,	9	,	10	)
(	6274	,	10	,	10	)
(	6275	,	11	,	10	)
(	6276	,	12	,	10	)
(	6277	,	13	,	10	)
(	6278	,	14	,	10	)
(	6279	,	15	,	10	)
(	6280	,	16	,	10	)
(	6281	,	17	,	10	)
(	6282	,	18	,	10	)
(	6283	,	19	,	10	)
(	6284	,	20	,	10	)
(	6285	,	21	,	10	)
(	6286	,	22	,	10	)
(	6287	,	23	,	10	)
(	6288	,	24	,	10	)
(	6289	,	1	,	8	)
(	6290	,	2	,	8	)
(	6291	,	3	,	8	)
(	6292	,	4	,	8	)
(	6293	,	5	,	8	)
(	6294	,	6	,	8	)
(	6295	,	7	,	8	)
(	6296	,	8	,	8	)
(	6297	,	9	,	8	)
(	6298	,	10	,	8	)
(	6299	,	11	,	8	)
(	6300	,	12	,	8	)
(	6301	,	13	,	8	)
(	6302	,	14	,	8	)
(	6303	,	15	,	8	)
(	6304	,	16	,	8	)
(	6305	,	17	,	8	)
(	6306	,	18	,	8	)
(	6307	,	19	,	8	)
(	6308	,	20	,	8	)
(	6309	,	21	,	8	)
(	6310	,	22	,	8	)
(	6311	,	23	,	8	)
(	6312	,	24	,	8	)
(	6313	,	1	,	4	)
(	6314	,	2	,	4	)
(	6315	,	3	,	4	)
(	6316	,	4	,	4	)
(	6317	,	5	,	4	)
(	6318	,	6	,	4	)
(	6319	,	7	,	4	)
(	6320	,	8	,	4	)
(	6321	,	9	,	4	)
(	6322	,	10	,	4	)
(	6323	,	11	,	4	)
(	6324	,	12	,	4	)
(	6325	,	13	,	4	)
(	6326	,	14	,	4	)
(	6327	,	15	,	4	)
(	6328	,	16	,	4	)
(	6329	,	17	,	4	)
(	6330	,	18	,	4	)
(	6331	,	19	,	4	)
(	6332	,	20	,	4	)
(	6333	,	21	,	4	)
(	6334	,	22	,	4	)
(	6335	,	23	,	4	)
(	6336	,	24	,	4	)
(	6337	,	1	,	9	)
(	6338	,	2	,	9	)
(	6339	,	3	,	9	)
(	6340	,	4	,	9	)
(	6341	,	5	,	9	)
(	6342	,	6	,	9	)
(	6343	,	7	,	9	)
(	6344	,	8	,	9	)
(	6345	,	9	,	9	)
(	6346	,	10	,	9	)
(	6347	,	11	,	9	)
(	6348	,	12	,	9	)
(	6349	,	13	,	9	)
(	6350	,	14	,	9	)
(	6351	,	15	,	9	)
(	6352	,	16	,	9	)
(	6353	,	17	,	9	)
(	6354	,	18	,	9	)
(	6355	,	19	,	9	)
(	6356	,	20	,	9	)
(	6357	,	21	,	9	)
(	6358	,	22	,	9	)
(	6359	,	23	,	9	)
(	6360	,	24	,	9	)
(	6361	,	1	,	12	)
(	6362	,	2	,	12	)
(	6363	,	3	,	12	)
(	6364	,	4	,	12	)
(	6365	,	5	,	12	)
(	6366	,	6	,	12	)
(	6367	,	7	,	12	)
(	6368	,	8	,	12	)
(	6369	,	9	,	12	)
(	6370	,	10	,	12	)
(	6371	,	11	,	12	)
(	6372	,	12	,	12	)
(	6373	,	13	,	12	)
(	6374	,	14	,	12	)
(	6375	,	15	,	12	)
(	6376	,	16	,	12	)
(	6377	,	17	,	12	)
(	6378	,	18	,	12	)
(	6379	,	19	,	12	)
(	6380	,	20	,	12	)
(	6381	,	21	,	12	)
(	6382	,	22	,	12	)
(	6383	,	23	,	12	)
(	6384	,	24	,	12	)
(	6385	,	1	,	8	)
(	6386	,	2	,	8	)
(	6387	,	3	,	8	)
(	6388	,	4	,	8	)
(	6389	,	5	,	8	)
(	6390	,	6	,	8	)
(	6391	,	7	,	8	)
(	6392	,	8	,	8	)
(	6393	,	9	,	8	)
(	6394	,	10	,	8	)
(	6395	,	11	,	8	)
(	6396	,	12	,	8	)
(	6397	,	13	,	8	)
(	6398	,	14	,	8	)
(	6399	,	15	,	8	)
(	6400	,	16	,	8	)
(	6401	,	17	,	8	)
(	6402	,	18	,	8	)
(	6403	,	19	,	8	)
(	6404	,	20	,	8	)
(	6405	,	21	,	8	)
(	6406	,	22	,	8	)
(	6407	,	23	,	8	)
(	6408	,	24	,	8	)
(	6409	,	1	,	15	)
(	6410	,	2	,	15	)
(	6411	,	3	,	15	)
(	6412	,	4	,	15	)
(	6413	,	5	,	15	)
(	6414	,	6	,	15	)
(	6415	,	7	,	15	)
(	6416	,	8	,	15	)
(	6417	,	9	,	15	)
(	6418	,	10	,	15	)
(	6419	,	11	,	15	)
(	6420	,	12	,	15	)
(	6421	,	13	,	15	)
(	6422	,	14	,	15	)
(	6423	,	15	,	15	)
(	6424	,	16	,	15	)
(	6425	,	17	,	15	)
(	6426	,	18	,	15	)
(	6427	,	19	,	15	)
(	6428	,	20	,	15	)
(	6429	,	21	,	15	)
(	6430	,	22	,	15	)
(	6431	,	23	,	15	)
(	6432	,	24	,	15	)
(	6433	,	1	,	10	)
(	6434	,	2	,	10	)
(	6435	,	3	,	10	)
(	6436	,	4	,	10	)
(	6437	,	5	,	10	)
(	6438	,	6	,	10	)
(	6439	,	7	,	10	)
(	6440	,	8	,	10	)
(	6441	,	9	,	10	)
(	6442	,	10	,	10	)
(	6443	,	11	,	10	)
(	6444	,	12	,	10	)
(	6445	,	13	,	10	)
(	6446	,	14	,	10	)
(	6447	,	15	,	10	)
(	6448	,	16	,	10	)
(	6449	,	17	,	10	)
(	6450	,	18	,	10	)
(	6451	,	19	,	10	)
(	6452	,	20	,	10	)
(	6453	,	21	,	10	)
(	6454	,	22	,	10	)
(	6455	,	23	,	10	)
(	6456	,	24	,	10	)
(	6457	,	1	,	8	)
(	6458	,	2	,	8	)
(	6459	,	3	,	8	)
(	6460	,	4	,	8	)
(	6461	,	5	,	8	)
(	6462	,	6	,	8	)
(	6463	,	7	,	8	)
(	6464	,	8	,	8	)
(	6465	,	9	,	8	)
(	6466	,	10	,	8	)
(	6467	,	11	,	8	)
(	6468	,	12	,	8	)
(	6469	,	13	,	8	)
(	6470	,	14	,	8	)
(	6471	,	15	,	8	)
(	6472	,	16	,	8	)
(	6473	,	17	,	8	)
(	6474	,	18	,	8	)
(	6475	,	19	,	8	)
(	6476	,	20	,	8	)
(	6477	,	21	,	8	)
(	6478	,	22	,	8	)
(	6479	,	23	,	8	)
(	6480	,	24	,	8	)
(	6481	,	1	,	9	)
(	6482	,	2	,	9	)
(	6483	,	3	,	9	)
(	6484	,	4	,	9	)
(	6485	,	5	,	9	)
(	6486	,	6	,	9	)
(	6487	,	7	,	9	)
(	6488	,	8	,	9	)
(	6489	,	9	,	9	)
(	6490	,	10	,	9	)
(	6491	,	11	,	9	)
(	6492	,	12	,	9	)
(	6493	,	13	,	9	)
(	6494	,	14	,	9	)
(	6495	,	15	,	9	)
(	6496	,	16	,	9	)
(	6497	,	17	,	9	)
(	6498	,	18	,	9	)
(	6499	,	19	,	9	)
(	6500	,	20	,	9	)
(	6501	,	21	,	9	)
(	6502	,	22	,	9	)
(	6503	,	23	,	9	)
(	6504	,	24	,	9	)
(	6505	,	1	,	4	)
(	6506	,	2	,	4	)
(	6507	,	3	,	4	)
(	6508	,	4	,	4	)
(	6509	,	5	,	4	)
(	6510	,	6	,	4	)
(	6511	,	7	,	4	)
(	6512	,	8	,	4	)
(	6513	,	9	,	4	)
(	6514	,	10	,	4	)
(	6515	,	11	,	4	)
(	6516	,	12	,	4	)
(	6517	,	13	,	4	)
(	6518	,	14	,	4	)
(	6519	,	15	,	4	)
(	6520	,	16	,	4	)
(	6521	,	17	,	4	)
(	6522	,	18	,	4	)
(	6523	,	19	,	4	)
(	6524	,	20	,	4	)
(	6525	,	21	,	4	)
(	6526	,	22	,	4	)
(	6527	,	23	,	4	)
(	6528	,	24	,	4	)
(	6529	,	1	,	10	)
(	6530	,	2	,	10	)
(	6531	,	3	,	10	)
(	6532	,	4	,	10	)
(	6533	,	5	,	10	)
(	6534	,	6	,	10	)
(	6535	,	7	,	10	)
(	6536	,	8	,	10	)
(	6537	,	9	,	10	)
(	6538	,	10	,	10	)
(	6539	,	11	,	10	)
(	6540	,	12	,	10	)
(	6541	,	13	,	10	)
(	6542	,	14	,	10	)
(	6543	,	15	,	10	)
(	6544	,	16	,	10	)
(	6545	,	17	,	10	)
(	6546	,	18	,	10	)
(	6547	,	19	,	10	)
(	6548	,	20	,	10	)
(	6549	,	21	,	10	)
(	6550	,	22	,	10	)
(	6551	,	23	,	10	)
(	6552	,	24	,	10	)
(	6553	,	1	,	10	)
(	6554	,	2	,	10	)
(	6555	,	3	,	10	)
(	6556	,	4	,	10	)
(	6557	,	5	,	10	)
(	6558	,	6	,	10	)
(	6559	,	7	,	10	)
(	6560	,	8	,	10	)
(	6561	,	9	,	10	)
(	6562	,	10	,	10	)
(	6563	,	11	,	10	)
(	6564	,	12	,	10	)
(	6565	,	13	,	10	)
(	6566	,	14	,	10	)
(	6567	,	15	,	10	)
(	6568	,	16	,	10	)
(	6569	,	17	,	10	)
(	6570	,	18	,	10	)
(	6571	,	19	,	10	)
(	6572	,	20	,	10	)
(	6573	,	21	,	10	)
(	6574	,	22	,	10	)
(	6575	,	23	,	10	)
(	6576	,	24	,	10	)
(	6577	,	1	,	10	)
(	6578	,	2	,	10	)
(	6579	,	3	,	10	)
(	6580	,	4	,	10	)
(	6581	,	5	,	10	)
(	6582	,	6	,	10	)
(	6583	,	7	,	10	)
(	6584	,	8	,	10	)
(	6585	,	9	,	10	)
(	6586	,	10	,	10	)
(	6587	,	11	,	10	)
(	6588	,	12	,	10	)
(	6589	,	13	,	10	)
(	6590	,	14	,	10	)
(	6591	,	15	,	10	)
(	6592	,	16	,	10	)
(	6593	,	17	,	10	)
(	6594	,	18	,	10	)
(	6595	,	19	,	10	)
(	6596	,	20	,	10	)
(	6597	,	21	,	10	)
(	6598	,	22	,	10	)
(	6599	,	23	,	10	)
(	6600	,	24	,	10	)
(	6601	,	1	,	10	)
(	6602	,	2	,	10	)
(	6603	,	3	,	10	)
(	6604	,	4	,	10	)
(	6605	,	5	,	10	)
(	6606	,	6	,	10	)
(	6607	,	7	,	10	)
(	6608	,	8	,	10	)
(	6609	,	9	,	10	)
(	6610	,	10	,	10	)
(	6611	,	11	,	10	)
(	6612	,	12	,	10	)
(	6613	,	13	,	10	)
(	6614	,	14	,	10	)
(	6615	,	15	,	10	)
(	6616	,	16	,	10	)
(	6617	,	17	,	10	)
(	6618	,	18	,	10	)
(	6619	,	19	,	10	)
(	6620	,	20	,	10	)
(	6621	,	21	,	10	)
(	6622	,	22	,	10	)
(	6623	,	23	,	10	)
(	6624	,	24	,	10	)
(	6625	,	1	,	10	)
(	6626	,	2	,	10	)
(	6627	,	3	,	10	)
(	6628	,	4	,	10	)
(	6629	,	5	,	10	)
(	6630	,	6	,	10	)
(	6631	,	7	,	10	)
(	6632	,	8	,	10	)
(	6633	,	9	,	10	)
(	6634	,	10	,	10	)
(	6635	,	11	,	10	)
(	6636	,	12	,	10	)
(	6637	,	13	,	10	)
(	6638	,	14	,	10	)
(	6639	,	15	,	10	)
(	6640	,	16	,	10	)
(	6641	,	17	,	10	)
(	6642	,	18	,	10	)
(	6643	,	19	,	10	)
(	6644	,	20	,	10	)
(	6645	,	21	,	10	)
(	6646	,	22	,	10	)
(	6647	,	23	,	10	)
(	6648	,	24	,	10	)
(	6649	,	1	,	9	)
(	6650	,	2	,	9	)
(	6651	,	3	,	9	)
(	6652	,	4	,	9	)
(	6653	,	5	,	9	)
(	6654	,	6	,	9	)
(	6655	,	7	,	9	)
(	6656	,	8	,	9	)
(	6657	,	9	,	9	)
(	6658	,	10	,	9	)
(	6659	,	11	,	9	)
(	6660	,	12	,	9	)
(	6661	,	13	,	9	)
(	6662	,	14	,	9	)
(	6663	,	15	,	9	)
(	6664	,	16	,	9	)
(	6665	,	17	,	9	)
(	6666	,	18	,	9	)
(	6667	,	19	,	9	)
(	6668	,	20	,	9	)
(	6669	,	21	,	9	)
(	6670	,	22	,	9	)
(	6671	,	23	,	9	)
(	6672	,	24	,	9	)
(	6673	,	1	,	9	)
(	6674	,	2	,	9	)
(	6675	,	3	,	9	)
(	6676	,	4	,	9	)
(	6677	,	5	,	9	)
(	6678	,	6	,	9	)
(	6679	,	7	,	9	)
(	6680	,	8	,	9	)
(	6681	,	9	,	9	)
(	6682	,	10	,	9	)
(	6683	,	11	,	9	)
(	6684	,	12	,	9	)
(	6685	,	13	,	9	)
(	6686	,	14	,	9	)
(	6687	,	15	,	9	)
(	6688	,	16	,	9	)
(	6689	,	17	,	9	)
(	6690	,	18	,	9	)
(	6691	,	19	,	9	)
(	6692	,	20	,	9	)
(	6693	,	21	,	9	)
(	6694	,	22	,	9	)
(	6695	,	23	,	9	)
(	6696	,	24	,	9	)
(	6697	,	1	,	13	)
(	6698	,	2	,	13	)
(	6699	,	3	,	13	)
(	6700	,	4	,	13	)
(	6701	,	5	,	13	)
(	6702	,	6	,	13	)
(	6703	,	7	,	13	)
(	6704	,	8	,	13	)
(	6705	,	9	,	13	)
(	6706	,	10	,	13	)
(	6707	,	11	,	13	)
(	6708	,	12	,	13	)
(	6709	,	13	,	13	)
(	6710	,	14	,	13	)
(	6711	,	15	,	13	)
(	6712	,	16	,	13	)
(	6713	,	17	,	13	)
(	6714	,	18	,	13	)
(	6715	,	19	,	13	)
(	6716	,	20	,	13	)
(	6717	,	21	,	13	)
(	6718	,	22	,	13	)
(	6719	,	23	,	13	)
(	6720	,	24	,	13	)
(	6721	,	1	,	10	)
(	6722	,	2	,	10	)
(	6723	,	3	,	10	)
(	6724	,	4	,	10	)
(	6725	,	5	,	10	)
(	6726	,	6	,	10	)
(	6727	,	7	,	10	)
(	6728	,	8	,	10	)
(	6729	,	9	,	10	)
(	6730	,	10	,	10	)
(	6731	,	11	,	10	)
(	6732	,	12	,	10	)
(	6733	,	13	,	10	)
(	6734	,	14	,	10	)
(	6735	,	15	,	10	)
(	6736	,	16	,	10	)
(	6737	,	17	,	10	)
(	6738	,	18	,	10	)
(	6739	,	19	,	10	)
(	6740	,	20	,	10	)
(	6741	,	21	,	10	)
(	6742	,	22	,	10	)
(	6743	,	23	,	10	)
(	6744	,	24	,	10	)
(	6745	,	1	,	10	)
(	6746	,	2	,	10	)
(	6747	,	3	,	10	)
(	6748	,	4	,	10	)
(	6749	,	5	,	10	)
(	6750	,	6	,	10	)
(	6751	,	7	,	10	)
(	6752	,	8	,	10	)
(	6753	,	9	,	10	)
(	6754	,	10	,	10	)
(	6755	,	11	,	10	)
(	6756	,	12	,	10	)
(	6757	,	13	,	10	)
(	6758	,	14	,	10	)
(	6759	,	15	,	10	)
(	6760	,	16	,	10	)
(	6761	,	17	,	10	)
(	6762	,	18	,	10	)
(	6763	,	19	,	10	)
(	6764	,	20	,	10	)
(	6765	,	21	,	10	)
(	6766	,	22	,	10	)
(	6767	,	23	,	10	)
(	6768	,	24	,	10	)
(	6769	,	1	,	10	)
(	6770	,	2	,	10	)
(	6771	,	3	,	10	)
(	6772	,	4	,	10	)
(	6773	,	5	,	10	)
(	6774	,	6	,	10	)
(	6775	,	7	,	10	)
(	6776	,	8	,	10	)
(	6777	,	9	,	10	)
(	6778	,	10	,	10	)
(	6779	,	11	,	10	)
(	6780	,	12	,	10	)
(	6781	,	13	,	10	)
(	6782	,	14	,	10	)
(	6783	,	15	,	10	)
(	6784	,	16	,	10	)
(	6785	,	17	,	10	)
(	6786	,	18	,	10	)
(	6787	,	19	,	10	)
(	6788	,	20	,	10	)
(	6789	,	21	,	10	)
(	6790	,	22	,	10	)
(	6791	,	23	,	10	)
(	6792	,	24	,	10	)
(	6793	,	1	,	10	)
(	6794	,	2	,	10	)
(	6795	,	3	,	10	)
(	6796	,	4	,	10	)
(	6797	,	5	,	10	)
(	6798	,	6	,	10	)
(	6799	,	7	,	10	)
(	6800	,	8	,	10	)
(	6801	,	9	,	10	)
(	6802	,	10	,	10	)
(	6803	,	11	,	10	)
(	6804	,	12	,	10	)
(	6805	,	13	,	10	)
(	6806	,	14	,	10	)
(	6807	,	15	,	10	)
(	6808	,	16	,	10	)
(	6809	,	17	,	10	)
(	6810	,	18	,	10	)
(	6811	,	19	,	10	)
(	6812	,	20	,	10	)
(	6813	,	21	,	10	)
(	6814	,	22	,	10	)
(	6815	,	23	,	10	)
(	6816	,	24	,	10	)
(	6817	,	1	,	11	)
(	6818	,	2	,	11	)
(	6819	,	3	,	11	)
(	6820	,	4	,	11	)
(	6821	,	5	,	11	)
(	6822	,	6	,	11	)
(	6823	,	7	,	11	)
(	6824	,	8	,	11	)
(	6825	,	9	,	11	)
(	6826	,	10	,	11	)
(	6827	,	11	,	11	)
(	6828	,	12	,	11	)
(	6829	,	13	,	11	)
(	6830	,	14	,	11	)
(	6831	,	15	,	11	)
(	6832	,	16	,	11	)
(	6833	,	17	,	11	)
(	6834	,	18	,	11	)
(	6835	,	19	,	11	)
(	6836	,	20	,	11	)
(	6837	,	21	,	11	)
(	6838	,	22	,	11	)
(	6839	,	23	,	11	)
(	6840	,	24	,	11	)
(	6841	,	1	,	4	)
(	6842	,	2	,	4	)
(	6843	,	3	,	4	)
(	6844	,	4	,	4	)
(	6845	,	5	,	4	)
(	6846	,	6	,	4	)
(	6847	,	7	,	4	)
(	6848	,	8	,	4	)
(	6849	,	9	,	4	)
(	6850	,	10	,	4	)
(	6851	,	11	,	4	)
(	6852	,	12	,	4	)
(	6853	,	13	,	4	)
(	6854	,	14	,	4	)
(	6855	,	15	,	4	)
(	6856	,	16	,	4	)
(	6857	,	17	,	4	)
(	6858	,	18	,	4	)
(	6859	,	19	,	4	)
(	6860	,	20	,	4	)
(	6861	,	21	,	4	)
(	6862	,	22	,	4	)
(	6863	,	23	,	4	)
(	6864	,	24	,	4	)
(	6865	,	1	,	12	)
(	6866	,	2	,	12	)
(	6867	,	3	,	12	)
(	6868	,	4	,	12	)
(	6869	,	5	,	12	)
(	6870	,	6	,	12	)
(	6871	,	7	,	12	)
(	6872	,	8	,	12	)
(	6873	,	9	,	12	)
(	6874	,	10	,	12	)
(	6875	,	11	,	12	)
(	6876	,	12	,	12	)
(	6877	,	13	,	12	)
(	6878	,	14	,	12	)
(	6879	,	15	,	12	)
(	6880	,	16	,	12	)
(	6881	,	17	,	12	)
(	6882	,	18	,	12	)
(	6883	,	19	,	12	)
(	6884	,	20	,	12	)
(	6885	,	21	,	12	)
(	6886	,	22	,	12	)
(	6887	,	23	,	12	)
(	6888	,	24	,	12	)
(	6889	,	1	,	10	)
(	6890	,	2	,	10	)
(	6891	,	3	,	10	)
(	6892	,	4	,	10	)
(	6893	,	5	,	10	)
(	6894	,	6	,	10	)
(	6895	,	7	,	10	)
(	6896	,	8	,	10	)
(	6897	,	9	,	10	)
(	6898	,	10	,	10	)
(	6899	,	11	,	10	)
(	6900	,	12	,	10	)
(	6901	,	13	,	10	)
(	6902	,	14	,	10	)
(	6903	,	15	,	10	)
(	6904	,	16	,	10	)
(	6905	,	17	,	10	)
(	6906	,	18	,	10	)
(	6907	,	19	,	10	)
(	6908	,	20	,	10	)
(	6909	,	21	,	10	)
(	6910	,	22	,	10	)
(	6911	,	23	,	10	)
(	6912	,	24	,	10	)
(	6913	,	1	,	15	)
(	6914	,	2	,	15	)
(	6915	,	3	,	15	)
(	6916	,	4	,	15	)
(	6917	,	5	,	15	)
(	6918	,	6	,	15	)
(	6919	,	7	,	15	)
(	6920	,	8	,	15	)
(	6921	,	9	,	15	)
(	6922	,	10	,	15	)
(	6923	,	11	,	15	)
(	6924	,	12	,	15	)
(	6925	,	13	,	15	)
(	6926	,	14	,	15	)
(	6927	,	15	,	15	)
(	6928	,	16	,	15	)
(	6929	,	17	,	15	)
(	6930	,	18	,	15	)
(	6931	,	19	,	15	)
(	6932	,	20	,	15	)
(	6933	,	21	,	15	)
(	6934	,	22	,	15	)
(	6935	,	23	,	15	)
(	6936	,	24	,	15	)
(	6937	,	1	,	10	)
(	6938	,	2	,	10	)
(	6939	,	3	,	10	)
(	6940	,	4	,	10	)
(	6941	,	5	,	10	)
(	6942	,	6	,	10	)
(	6943	,	7	,	10	)
(	6944	,	8	,	10	)
(	6945	,	9	,	10	)
(	6946	,	10	,	10	)
(	6947	,	11	,	10	)
(	6948	,	12	,	10	)
(	6949	,	13	,	10	)
(	6950	,	14	,	10	)
(	6951	,	15	,	10	)
(	6952	,	16	,	10	)
(	6953	,	17	,	10	)
(	6954	,	18	,	10	)
(	6955	,	19	,	10	)
(	6956	,	20	,	10	)
(	6957	,	21	,	10	)
(	6958	,	22	,	10	)
(	6959	,	23	,	10	)
(	6960	,	24	,	10	)
(	6961	,	1	,	10	)
(	6962	,	2	,	10	)
(	6963	,	3	,	10	)
(	6964	,	4	,	10	)
(	6965	,	5	,	10	)
(	6966	,	6	,	10	)
(	6967	,	7	,	10	)
(	6968	,	8	,	10	)
(	6969	,	9	,	10	)
(	6970	,	10	,	10	)
(	6971	,	11	,	10	)
(	6972	,	12	,	10	)
(	6973	,	13	,	10	)
(	6974	,	14	,	10	)
(	6975	,	15	,	10	)
(	6976	,	16	,	10	)
(	6977	,	17	,	10	)
(	6978	,	18	,	10	)
(	6979	,	19	,	10	)
(	6980	,	20	,	10	)
(	6981	,	21	,	10	)
(	6982	,	22	,	10	)
(	6983	,	23	,	10	)
(	6984	,	24	,	10	)
(	6985	,	1	,	11	)
(	6986	,	2	,	11	)
(	6987	,	3	,	11	)
(	6988	,	4	,	11	)
(	6989	,	5	,	11	)
(	6990	,	6	,	11	)
(	6991	,	7	,	11	)
(	6992	,	8	,	11	)
(	6993	,	9	,	11	)
(	6994	,	10	,	11	)
(	6995	,	11	,	11	)
(	6996	,	12	,	11	)
(	6997	,	13	,	11	)
(	6998	,	14	,	11	)
(	6999	,	15	,	11	)
(	7000	,	16	,	11	)
(	7001	,	17	,	11	)
(	7002	,	18	,	11	)
(	7003	,	19	,	11	)
(	7004	,	20	,	11	)
(	7005	,	21	,	11	)
(	7006	,	22	,	11	)
(	7007	,	23	,	11	)
(	7008	,	24	,	11	)
(	7009	,	1	,	9	)
(	7010	,	2	,	9	)
(	7011	,	3	,	9	)
(	7012	,	4	,	9	)
(	7013	,	5	,	9	)
(	7014	,	6	,	9	)
(	7015	,	7	,	9	)
(	7016	,	8	,	9	)
(	7017	,	9	,	9	)
(	7018	,	10	,	9	)
(	7019	,	11	,	9	)
(	7020	,	12	,	9	)
(	7021	,	13	,	9	)
(	7022	,	14	,	9	)
(	7023	,	15	,	9	)
(	7024	,	16	,	9	)
(	7025	,	17	,	9	)
(	7026	,	18	,	9	)
(	7027	,	19	,	9	)
(	7028	,	20	,	9	)
(	7029	,	21	,	9	)
(	7030	,	22	,	9	)
(	7031	,	23	,	9	)
(	7032	,	24	,	9	)
(	7033	,	1	,	10	)
(	7034	,	2	,	10	)
(	7035	,	3	,	10	)
(	7036	,	4	,	10	)
(	7037	,	5	,	10	)
(	7038	,	6	,	10	)
(	7039	,	7	,	10	)
(	7040	,	8	,	10	)
(	7041	,	9	,	10	)
(	7042	,	10	,	10	)
(	7043	,	11	,	10	)
(	7044	,	12	,	10	)
(	7045	,	13	,	10	)
(	7046	,	14	,	10	)
(	7047	,	15	,	10	)
(	7048	,	16	,	10	)
(	7049	,	17	,	10	)
(	7050	,	18	,	10	)
(	7051	,	19	,	10	)
(	7052	,	20	,	10	)
(	7053	,	21	,	10	)
(	7054	,	22	,	10	)
(	7055	,	23	,	10	)
(	7056	,	24	,	10	)
(	7057	,	1	,	10	)
(	7058	,	2	,	10	)
(	7059	,	3	,	10	)
(	7060	,	4	,	10	)
(	7061	,	5	,	10	)
(	7062	,	6	,	10	)
(	7063	,	7	,	10	)
(	7064	,	8	,	10	)
(	7065	,	9	,	10	)
(	7066	,	10	,	10	)
(	7067	,	11	,	10	)
(	7068	,	12	,	10	)
(	7069	,	13	,	10	)
(	7070	,	14	,	10	)
(	7071	,	15	,	10	)
(	7072	,	16	,	10	)
(	7073	,	17	,	10	)
(	7074	,	18	,	10	)
(	7075	,	19	,	10	)
(	7076	,	20	,	10	)
(	7077	,	21	,	10	)
(	7078	,	22	,	10	)
(	7079	,	23	,	10	)
(	7080	,	24	,	10	)
(	7081	,	1	,	10	)
(	7082	,	2	,	10	)
(	7083	,	3	,	10	)
(	7084	,	4	,	10	)
(	7085	,	5	,	10	)
(	7086	,	6	,	10	)
(	7087	,	7	,	10	)
(	7088	,	8	,	10	)
(	7089	,	9	,	10	)
(	7090	,	10	,	10	)
(	7091	,	11	,	10	)
(	7092	,	12	,	10	)
(	7093	,	13	,	10	)
(	7094	,	14	,	10	)
(	7095	,	15	,	10	)
(	7096	,	16	,	10	)
(	7097	,	17	,	10	)
(	7098	,	18	,	10	)
(	7099	,	19	,	10	)
(	7100	,	20	,	10	)
(	7101	,	21	,	10	)
(	7102	,	22	,	10	)
(	7103	,	23	,	10	)
(	7104	,	24	,	10	)
(	7105	,	1	,	13	)
(	7106	,	2	,	13	)
(	7107	,	3	,	13	)
(	7108	,	4	,	13	)
(	7109	,	5	,	13	)
(	7110	,	6	,	13	)
(	7111	,	7	,	13	)
(	7112	,	8	,	13	)
(	7113	,	9	,	13	)
(	7114	,	10	,	13	)
(	7115	,	11	,	13	)
(	7116	,	12	,	13	)
(	7117	,	13	,	13	)
(	7118	,	14	,	13	)
(	7119	,	15	,	13	)
(	7120	,	16	,	13	)
(	7121	,	17	,	13	)
(	7122	,	18	,	13	)
(	7123	,	19	,	13	)
(	7124	,	20	,	13	)
(	7125	,	21	,	13	)
(	7126	,	22	,	13	)
(	7127	,	23	,	13	)
(	7128	,	24	,	13	)
(	7129	,	1	,	10	)
(	7130	,	2	,	10	)
(	7131	,	3	,	10	)
(	7132	,	4	,	10	)
(	7133	,	5	,	10	)
(	7134	,	6	,	10	)
(	7135	,	7	,	10	)
(	7136	,	8	,	10	)
(	7137	,	9	,	10	)
(	7138	,	10	,	10	)
(	7139	,	11	,	10	)
(	7140	,	12	,	10	)
(	7141	,	13	,	10	)
(	7142	,	14	,	10	)
(	7143	,	15	,	10	)
(	7144	,	16	,	10	)
(	7145	,	17	,	10	)
(	7146	,	18	,	10	)
(	7147	,	19	,	10	)
(	7148	,	20	,	10	)
(	7149	,	21	,	10	)
(	7150	,	22	,	10	)
(	7151	,	23	,	10	)
(	7152	,	24	,	10	)
(	7153	,	1	,	11	)
(	7154	,	2	,	11	)
(	7155	,	3	,	11	)
(	7156	,	4	,	11	)
(	7157	,	5	,	11	)
(	7158	,	6	,	11	)
(	7159	,	7	,	11	)
(	7160	,	8	,	11	)
(	7161	,	9	,	11	)
(	7162	,	10	,	11	)
(	7163	,	11	,	11	)
(	7164	,	12	,	11	)
(	7165	,	13	,	11	)
(	7166	,	14	,	11	)
(	7167	,	15	,	11	)
(	7168	,	16	,	11	)
(	7169	,	17	,	11	)
(	7170	,	18	,	11	)
(	7171	,	19	,	11	)
(	7172	,	20	,	11	)
(	7173	,	21	,	11	)
(	7174	,	22	,	11	)
(	7175	,	23	,	11	)
(	7176	,	24	,	11	)
(	7177	,	1	,	16	)
(	7178	,	2	,	16	)
(	7179	,	3	,	16	)
(	7180	,	4	,	16	)
(	7181	,	5	,	16	)
(	7182	,	6	,	16	)
(	7183	,	7	,	16	)
(	7184	,	8	,	16	)
(	7185	,	9	,	16	)
(	7186	,	10	,	16	)
(	7187	,	11	,	16	)
(	7188	,	12	,	16	)
(	7189	,	13	,	16	)
(	7190	,	14	,	16	)
(	7191	,	15	,	16	)
(	7192	,	16	,	16	)
(	7193	,	17	,	16	)
(	7194	,	18	,	16	)
(	7195	,	19	,	16	)
(	7196	,	20	,	16	)
(	7197	,	21	,	16	)
(	7198	,	22	,	16	)
(	7199	,	23	,	16	)
(	7200	,	24	,	16	)
(	7201	,	1	,	15	)
(	7202	,	2	,	15	)
(	7203	,	3	,	15	)
(	7204	,	4	,	15	)
(	7205	,	5	,	15	)
(	7206	,	6	,	15	)
(	7207	,	7	,	15	)
(	7208	,	8	,	15	)
(	7209	,	9	,	15	)
(	7210	,	10	,	15	)
(	7211	,	11	,	15	)
(	7212	,	12	,	15	)
(	7213	,	13	,	15	)
(	7214	,	14	,	15	)
(	7215	,	15	,	15	)
(	7216	,	16	,	15	)
(	7217	,	17	,	15	)
(	7218	,	18	,	15	)
(	7219	,	19	,	15	)
(	7220	,	20	,	15	)
(	7221	,	21	,	15	)
(	7222	,	22	,	15	)
(	7223	,	23	,	15	)
(	7224	,	24	,	15	)
(	7225	,	1	,	12	)
(	7226	,	2	,	12	)
(	7227	,	3	,	12	)
(	7228	,	4	,	12	)
(	7229	,	5	,	12	)
(	7230	,	6	,	12	)
(	7231	,	7	,	12	)
(	7232	,	8	,	12	)
(	7233	,	9	,	12	)
(	7234	,	10	,	12	)
(	7235	,	11	,	12	)
(	7236	,	12	,	12	)
(	7237	,	13	,	12	)
(	7238	,	14	,	12	)
(	7239	,	15	,	12	)
(	7240	,	16	,	12	)
(	7241	,	17	,	12	)
(	7242	,	18	,	12	)
(	7243	,	19	,	12	)
(	7244	,	20	,	12	)
(	7245	,	21	,	12	)
(	7246	,	22	,	12	)
(	7247	,	23	,	12	)
(	7248	,	24	,	12	)
(	7249	,	1	,	12	)
(	7250	,	2	,	12	)
(	7251	,	3	,	12	)
(	7252	,	4	,	12	)
(	7253	,	5	,	12	)
(	7254	,	6	,	12	)
(	7255	,	7	,	12	)
(	7256	,	8	,	12	)
(	7257	,	9	,	12	)
(	7258	,	10	,	12	)
(	7259	,	11	,	12	)
(	7260	,	12	,	12	)
(	7261	,	13	,	12	)
(	7262	,	14	,	12	)
(	7263	,	15	,	12	)
(	7264	,	16	,	12	)
(	7265	,	17	,	12	)
(	7266	,	18	,	12	)
(	7267	,	19	,	12	)
(	7268	,	20	,	12	)
(	7269	,	21	,	12	)
(	7270	,	22	,	12	)
(	7271	,	23	,	12	)
(	7272	,	24	,	12	)
(	7273	,	1	,	12	)
(	7274	,	2	,	12	)
(	7275	,	3	,	12	)
(	7276	,	4	,	12	)
(	7277	,	5	,	12	)
(	7278	,	6	,	12	)
(	7279	,	7	,	12	)
(	7280	,	8	,	12	)
(	7281	,	9	,	12	)
(	7282	,	10	,	12	)
(	7283	,	11	,	12	)
(	7284	,	12	,	12	)
(	7285	,	13	,	12	)
(	7286	,	14	,	12	)
(	7287	,	15	,	12	)
(	7288	,	16	,	12	)
(	7289	,	17	,	12	)
(	7290	,	18	,	12	)
(	7291	,	19	,	12	)
(	7292	,	20	,	12	)
(	7293	,	21	,	12	)
(	7294	,	22	,	12	)
(	7295	,	23	,	12	)
(	7296	,	24	,	12	)
(	7297	,	1	,	10	)
(	7298	,	2	,	10	)
(	7299	,	3	,	10	)
(	7300	,	4	,	10	)
(	7301	,	5	,	10	)
(	7302	,	6	,	10	)
(	7303	,	7	,	10	)
(	7304	,	8	,	10	)
(	7305	,	9	,	10	)
(	7306	,	10	,	10	)
(	7307	,	11	,	10	)
(	7308	,	12	,	10	)
(	7309	,	13	,	10	)
(	7310	,	14	,	10	)
(	7311	,	15	,	10	)
(	7312	,	16	,	10	)
(	7313	,	17	,	10	)
(	7314	,	18	,	10	)
(	7315	,	19	,	10	)
(	7316	,	20	,	10	)
(	7317	,	21	,	10	)
(	7318	,	22	,	10	)
(	7319	,	23	,	10	)
(	7320	,	24	,	10	)
(	7321	,	1	,	11	)
(	7322	,	2	,	11	)
(	7323	,	3	,	11	)
(	7324	,	4	,	11	)
(	7325	,	5	,	11	)
(	7326	,	6	,	11	)
(	7327	,	7	,	11	)
(	7328	,	8	,	11	)
(	7329	,	9	,	11	)
(	7330	,	10	,	11	)
(	7331	,	11	,	11	)
(	7332	,	12	,	11	)
(	7333	,	13	,	11	)
(	7334	,	14	,	11	)
(	7335	,	15	,	11	)
(	7336	,	16	,	11	)
(	7337	,	17	,	11	)
(	7338	,	18	,	11	)
(	7339	,	19	,	11	)
(	7340	,	20	,	11	)
(	7341	,	21	,	11	)
(	7342	,	22	,	11	)
(	7343	,	23	,	11	)
(	7344	,	24	,	11	)
(	7345	,	1	,	11	)
(	7346	,	2	,	11	)
(	7347	,	3	,	11	)
(	7348	,	4	,	11	)
(	7349	,	5	,	11	)
(	7350	,	6	,	11	)
(	7351	,	7	,	11	)
(	7352	,	8	,	11	)
(	7353	,	9	,	11	)
(	7354	,	10	,	11	)
(	7355	,	11	,	11	)
(	7356	,	12	,	11	)
(	7357	,	13	,	11	)
(	7358	,	14	,	11	)
(	7359	,	15	,	11	)
(	7360	,	16	,	11	)
(	7361	,	17	,	11	)
(	7362	,	18	,	11	)
(	7363	,	19	,	11	)
(	7364	,	20	,	11	)
(	7365	,	21	,	11	)
(	7366	,	22	,	11	)
(	7367	,	23	,	11	)
(	7368	,	24	,	11	)
(	7369	,	1	,	10	)
(	7370	,	2	,	10	)
(	7371	,	3	,	10	)
(	7372	,	4	,	10	)
(	7373	,	5	,	10	)
(	7374	,	6	,	10	)
(	7375	,	7	,	10	)
(	7376	,	8	,	10	)
(	7377	,	9	,	10	)
(	7378	,	10	,	10	)
(	7379	,	11	,	10	)
(	7380	,	12	,	10	)
(	7381	,	13	,	10	)
(	7382	,	14	,	10	)
(	7383	,	15	,	10	)
(	7384	,	16	,	10	)
(	7385	,	17	,	10	)
(	7386	,	18	,	10	)
(	7387	,	19	,	10	)
(	7388	,	20	,	10	)
(	7389	,	21	,	10	)
(	7390	,	22	,	10	)
(	7391	,	23	,	10	)
(	7392	,	24	,	10	)
(	7393	,	1	,	13	)
(	7394	,	2	,	13	)
(	7395	,	3	,	13	)
(	7396	,	4	,	13	)
(	7397	,	5	,	13	)
(	7398	,	6	,	13	)
(	7399	,	7	,	13	)
(	7400	,	8	,	13	)
(	7401	,	9	,	13	)
(	7402	,	10	,	13	)
(	7403	,	11	,	13	)
(	7404	,	12	,	13	)
(	7405	,	13	,	13	)
(	7406	,	14	,	13	)
(	7407	,	15	,	13	)
(	7408	,	16	,	13	)
(	7409	,	17	,	13	)
(	7410	,	18	,	13	)
(	7411	,	19	,	13	)
(	7412	,	20	,	13	)
(	7413	,	21	,	13	)
(	7414	,	22	,	13	)
(	7415	,	23	,	13	)
(	7416	,	24	,	13	)
(	7417	,	1	,	13	)
(	7418	,	2	,	13	)
(	7419	,	3	,	13	)
(	7420	,	4	,	13	)
(	7421	,	5	,	13	)
(	7422	,	6	,	13	)
(	7423	,	7	,	13	)
(	7424	,	8	,	13	)
(	7425	,	9	,	13	)
(	7426	,	10	,	13	)
(	7427	,	11	,	13	)
(	7428	,	12	,	13	)
(	7429	,	13	,	13	)
(	7430	,	14	,	13	)
(	7431	,	15	,	13	)
(	7432	,	16	,	13	)
(	7433	,	17	,	13	)
(	7434	,	18	,	13	)
(	7435	,	19	,	13	)
(	7436	,	20	,	13	)
(	7437	,	21	,	13	)
(	7438	,	22	,	13	)
(	7439	,	23	,	13	)
(	7440	,	24	,	13	)
(	7441	,	1	,	10	)
(	7442	,	2	,	10	)
(	7443	,	3	,	10	)
(	7444	,	4	,	10	)
(	7445	,	5	,	10	)
(	7446	,	6	,	10	)
(	7447	,	7	,	10	)
(	7448	,	8	,	10	)
(	7449	,	9	,	10	)
(	7450	,	10	,	10	)
(	7451	,	11	,	10	)
(	7452	,	12	,	10	)
(	7453	,	13	,	10	)
(	7454	,	14	,	10	)
(	7455	,	15	,	10	)
(	7456	,	16	,	10	)
(	7457	,	17	,	10	)
(	7458	,	18	,	10	)
(	7459	,	19	,	10	)
(	7460	,	20	,	10	)
(	7461	,	21	,	10	)
(	7462	,	22	,	10	)
(	7463	,	23	,	10	)
(	7464	,	24	,	10	)
(	7465	,	1	,	10	)
(	7466	,	2	,	10	)
(	7467	,	3	,	10	)
(	7468	,	4	,	10	)
(	7469	,	5	,	10	)
(	7470	,	6	,	10	)
(	7471	,	7	,	10	)
(	7472	,	8	,	10	)
(	7473	,	9	,	10	)
(	7474	,	10	,	10	)
(	7475	,	11	,	10	)
(	7476	,	12	,	10	)
(	7477	,	13	,	10	)
(	7478	,	14	,	10	)
(	7479	,	15	,	10	)
(	7480	,	16	,	10	)
(	7481	,	17	,	10	)
(	7482	,	18	,	10	)
(	7483	,	19	,	10	)
(	7484	,	20	,	10	)
(	7485	,	21	,	10	)
(	7486	,	22	,	10	)
(	7487	,	23	,	10	)
(	7488	,	24	,	10	)
(	7489	,	1	,	11	)
(	7490	,	2	,	11	)
(	7491	,	3	,	11	)
(	7492	,	4	,	11	)
(	7493	,	5	,	11	)
(	7494	,	6	,	11	)
(	7495	,	7	,	11	)
(	7496	,	8	,	11	)
(	7497	,	9	,	11	)
(	7498	,	10	,	11	)
(	7499	,	11	,	11	)
(	7500	,	12	,	11	)
(	7501	,	13	,	11	)
(	7502	,	14	,	11	)
(	7503	,	15	,	11	)
(	7504	,	16	,	11	)
(	7505	,	17	,	11	)
(	7506	,	18	,	11	)
(	7507	,	19	,	11	)
(	7508	,	20	,	11	)
(	7509	,	21	,	11	)
(	7510	,	22	,	11	)
(	7511	,	23	,	11	)
(	7512	,	24	,	11	)
(	7513	,	1	,	11	)
(	7514	,	2	,	11	)
(	7515	,	3	,	11	)
(	7516	,	4	,	11	)
(	7517	,	5	,	11	)
(	7518	,	6	,	11	)
(	7519	,	7	,	11	)
(	7520	,	8	,	11	)
(	7521	,	9	,	11	)
(	7522	,	10	,	11	)
(	7523	,	11	,	11	)
(	7524	,	12	,	11	)
(	7525	,	13	,	11	)
(	7526	,	14	,	11	)
(	7527	,	15	,	11	)
(	7528	,	16	,	11	)
(	7529	,	17	,	11	)
(	7530	,	18	,	11	)
(	7531	,	19	,	11	)
(	7532	,	20	,	11	)
(	7533	,	21	,	11	)
(	7534	,	22	,	11	)
(	7535	,	23	,	11	)
(	7536	,	24	,	11	)
(	7537	,	1	,	12	)
(	7538	,	2	,	12	)
(	7539	,	3	,	12	)
(	7540	,	4	,	12	)
(	7541	,	5	,	12	)
(	7542	,	6	,	12	)
(	7543	,	7	,	12	)
(	7544	,	8	,	12	)
(	7545	,	9	,	12	)
(	7546	,	10	,	12	)
(	7547	,	11	,	12	)
(	7548	,	12	,	12	)
(	7549	,	13	,	12	)
(	7550	,	14	,	12	)
(	7551	,	15	,	12	)
(	7552	,	16	,	12	)
(	7553	,	17	,	12	)
(	7554	,	18	,	12	)
(	7555	,	19	,	12	)
(	7556	,	20	,	12	)
(	7557	,	21	,	12	)
(	7558	,	22	,	12	)
(	7559	,	23	,	12	)
(	7560	,	24	,	12	)
(	7561	,	1	,	12	)
(	7562	,	2	,	12	)
(	7563	,	3	,	12	)
(	7564	,	4	,	12	)
(	7565	,	5	,	12	)
(	7566	,	6	,	12	)
(	7567	,	7	,	12	)
(	7568	,	8	,	12	)
(	7569	,	9	,	12	)
(	7570	,	10	,	12	)
(	7571	,	11	,	12	)
(	7572	,	12	,	12	)
(	7573	,	13	,	12	)
(	7574	,	14	,	12	)
(	7575	,	15	,	12	)
(	7576	,	16	,	12	)
(	7577	,	17	,	12	)
(	7578	,	18	,	12	)
(	7579	,	19	,	12	)
(	7580	,	20	,	12	)
(	7581	,	21	,	12	)
(	7582	,	22	,	12	)
(	7583	,	23	,	12	)
(	7584	,	24	,	12	)
(	7585	,	1	,	13	)
(	7586	,	2	,	13	)
(	7587	,	3	,	13	)
(	7588	,	4	,	13	)
(	7589	,	5	,	13	)
(	7590	,	6	,	13	)
(	7591	,	7	,	13	)
(	7592	,	8	,	13	)
(	7593	,	9	,	13	)
(	7594	,	10	,	13	)
(	7595	,	11	,	13	)
(	7596	,	12	,	13	)
(	7597	,	13	,	13	)
(	7598	,	14	,	13	)
(	7599	,	15	,	13	)
(	7600	,	16	,	13	)
(	7601	,	17	,	13	)
(	7602	,	18	,	13	)
(	7603	,	19	,	13	)
(	7604	,	20	,	13	)
(	7605	,	21	,	13	)
(	7606	,	22	,	13	)
(	7607	,	23	,	13	)
(	7608	,	24	,	13	)
(	7609	,	1	,	14	)
(	7610	,	2	,	14	)
(	7611	,	3	,	14	)
(	7612	,	4	,	14	)
(	7613	,	5	,	14	)
(	7614	,	6	,	14	)
(	7615	,	7	,	14	)
(	7616	,	8	,	14	)
(	7617	,	9	,	14	)
(	7618	,	10	,	14	)
(	7619	,	11	,	14	)
(	7620	,	12	,	14	)
(	7621	,	13	,	14	)
(	7622	,	14	,	14	)
(	7623	,	15	,	14	)
(	7624	,	16	,	14	)
(	7625	,	17	,	14	)
(	7626	,	18	,	14	)
(	7627	,	19	,	14	)
(	7628	,	20	,	14	)
(	7629	,	21	,	14	)
(	7630	,	22	,	14	)
(	7631	,	23	,	14	)
(	7632	,	24	,	14	)
(	7633	,	1	,	14	)
(	7634	,	2	,	14	)
(	7635	,	3	,	14	)
(	7636	,	4	,	14	)
(	7637	,	5	,	14	)
(	7638	,	6	,	14	)
(	7639	,	7	,	14	)
(	7640	,	8	,	14	)
(	7641	,	9	,	14	)
(	7642	,	10	,	14	)
(	7643	,	11	,	14	)
(	7644	,	12	,	14	)
(	7645	,	13	,	14	)
(	7646	,	14	,	14	)
(	7647	,	15	,	14	)
(	7648	,	16	,	14	)
(	7649	,	17	,	14	)
(	7650	,	18	,	14	)
(	7651	,	19	,	14	)
(	7652	,	20	,	14	)
(	7653	,	21	,	14	)
(	7654	,	22	,	14	)
(	7655	,	23	,	14	)
(	7656	,	24	,	14	)
(	7657	,	1	,	16	)
(	7658	,	2	,	16	)
(	7659	,	3	,	16	)
(	7660	,	4	,	16	)
(	7661	,	5	,	16	)
(	7662	,	6	,	16	)
(	7663	,	7	,	16	)
(	7664	,	8	,	16	)
(	7665	,	9	,	16	)
(	7666	,	10	,	16	)
(	7667	,	11	,	16	)
(	7668	,	12	,	16	)
(	7669	,	13	,	16	)
(	7670	,	14	,	16	)
(	7671	,	15	,	16	)
(	7672	,	16	,	16	)
(	7673	,	17	,	16	)
(	7674	,	18	,	16	)
(	7675	,	19	,	16	)
(	7676	,	20	,	16	)
(	7677	,	21	,	16	)
(	7678	,	22	,	16	)
(	7679	,	23	,	16	)
(	7680	,	24	,	16	)
(	7681	,	1	,	11	)
(	7682	,	2	,	11	)
(	7683	,	3	,	11	)
(	7684	,	4	,	11	)
(	7685	,	5	,	11	)
(	7686	,	6	,	11	)
(	7687	,	7	,	11	)
(	7688	,	8	,	11	)
(	7689	,	9	,	11	)
(	7690	,	10	,	11	)
(	7691	,	11	,	11	)
(	7692	,	12	,	11	)
(	7693	,	13	,	11	)
(	7694	,	14	,	11	)
(	7695	,	15	,	11	)
(	7696	,	16	,	11	)
(	7697	,	17	,	11	)
(	7698	,	18	,	11	)
(	7699	,	19	,	11	)
(	7700	,	20	,	11	)
(	7701	,	21	,	11	)
(	7702	,	22	,	11	)
(	7703	,	23	,	11	)
(	7704	,	24	,	11	)
(	7705	,	1	,	12	)
(	7706	,	2	,	12	)
(	7707	,	3	,	12	)
(	7708	,	4	,	12	)
(	7709	,	5	,	12	)
(	7710	,	6	,	12	)
(	7711	,	7	,	12	)
(	7712	,	8	,	12	)
(	7713	,	9	,	12	)
(	7714	,	10	,	12	)
(	7715	,	11	,	12	)
(	7716	,	12	,	12	)
(	7717	,	13	,	12	)
(	7718	,	14	,	12	)
(	7719	,	15	,	12	)
(	7720	,	16	,	12	)
(	7721	,	17	,	12	)
(	7722	,	18	,	12	)
(	7723	,	19	,	12	)
(	7724	,	20	,	12	)
(	7725	,	21	,	12	)
(	7726	,	22	,	12	)
(	7727	,	23	,	12	)
(	7728	,	24	,	12	)
(	7729	,	1	,	13	)
(	7730	,	2	,	13	)
(	7731	,	3	,	13	)
(	7732	,	4	,	13	)
(	7733	,	5	,	13	)
(	7734	,	6	,	13	)
(	7735	,	7	,	13	)
(	7736	,	8	,	13	)
(	7737	,	9	,	13	)
(	7738	,	10	,	13	)
(	7739	,	11	,	13	)
(	7740	,	12	,	13	)
(	7741	,	13	,	13	)
(	7742	,	14	,	13	)
(	7743	,	15	,	13	)
(	7744	,	16	,	13	)
(	7745	,	17	,	13	)
(	7746	,	18	,	13	)
(	7747	,	19	,	13	)
(	7748	,	20	,	13	)
(	7749	,	21	,	13	)
(	7750	,	22	,	13	)
(	7751	,	23	,	13	)
(	7752	,	24	,	13	)
(	7753	,	1	,	13	)
(	7754	,	2	,	13	)
(	7755	,	3	,	13	)
(	7756	,	4	,	13	)
(	7757	,	5	,	13	)
(	7758	,	6	,	13	)
(	7759	,	7	,	13	)
(	7760	,	8	,	13	)
(	7761	,	9	,	13	)
(	7762	,	10	,	13	)
(	7763	,	11	,	13	)
(	7764	,	12	,	13	)
(	7765	,	13	,	13	)
(	7766	,	14	,	13	)
(	7767	,	15	,	13	)
(	7768	,	16	,	13	)
(	7769	,	17	,	13	)
(	7770	,	18	,	13	)
(	7771	,	19	,	13	)
(	7772	,	20	,	13	)
(	7773	,	21	,	13	)
(	7774	,	22	,	13	)
(	7775	,	23	,	13	)
(	7776	,	24	,	13	)
(	7777	,	1	,	13	)
(	7778	,	2	,	13	)
(	7779	,	3	,	13	)
(	7780	,	4	,	13	)
(	7781	,	5	,	13	)
(	7782	,	6	,	13	)
(	7783	,	7	,	13	)
(	7784	,	8	,	13	)
(	7785	,	9	,	13	)
(	7786	,	10	,	13	)
(	7787	,	11	,	13	)
(	7788	,	12	,	13	)
(	7789	,	13	,	13	)
(	7790	,	14	,	13	)
(	7791	,	15	,	13	)
(	7792	,	16	,	13	)
(	7793	,	17	,	13	)
(	7794	,	18	,	13	)
(	7795	,	19	,	13	)
(	7796	,	20	,	13	)
(	7797	,	21	,	13	)
(	7798	,	22	,	13	)
(	7799	,	23	,	13	)
(	7800	,	24	,	13	)
(	7801	,	1	,	13	)
(	7802	,	2	,	13	)
(	7803	,	3	,	13	)
(	7804	,	4	,	13	)
(	7805	,	5	,	13	)
(	7806	,	6	,	13	)
(	7807	,	7	,	13	)
(	7808	,	8	,	13	)
(	7809	,	9	,	13	)
(	7810	,	10	,	13	)
(	7811	,	11	,	13	)
(	7812	,	12	,	13	)
(	7813	,	13	,	13	)
(	7814	,	14	,	13	)
(	7815	,	15	,	13	)
(	7816	,	16	,	13	)
(	7817	,	17	,	13	)
(	7818	,	18	,	13	)
(	7819	,	19	,	13	)
(	7820	,	20	,	13	)
(	7821	,	21	,	13	)
(	7822	,	22	,	13	)
(	7823	,	23	,	13	)
(	7824	,	24	,	13	)
(	7825	,	1	,	16	)
(	7826	,	2	,	16	)
(	7827	,	3	,	16	)
(	7828	,	4	,	16	)
(	7829	,	5	,	16	)
(	7830	,	6	,	16	)
(	7831	,	7	,	16	)
(	7832	,	8	,	16	)
(	7833	,	9	,	16	)
(	7834	,	10	,	16	)
(	7835	,	11	,	16	)
(	7836	,	12	,	16	)
(	7837	,	13	,	16	)
(	7838	,	14	,	16	)
(	7839	,	15	,	16	)
(	7840	,	16	,	16	)
(	7841	,	17	,	16	)
(	7842	,	18	,	16	)
(	7843	,	19	,	16	)
(	7844	,	20	,	16	)
(	7845	,	21	,	16	)
(	7846	,	22	,	16	)
(	7847	,	23	,	16	)
(	7848	,	24	,	16	)
(	7849	,	1	,	16	)
(	7850	,	2	,	16	)
(	7851	,	3	,	16	)
(	7852	,	4	,	16	)
(	7853	,	5	,	16	)
(	7854	,	6	,	16	)
(	7855	,	7	,	16	)
(	7856	,	8	,	16	)
(	7857	,	9	,	16	)
(	7858	,	10	,	16	)
(	7859	,	11	,	16	)
(	7860	,	12	,	16	)
(	7861	,	13	,	16	)
(	7862	,	14	,	16	)
(	7863	,	15	,	16	)
(	7864	,	16	,	16	)
(	7865	,	17	,	16	)
(	7866	,	18	,	16	)
(	7867	,	19	,	16	)
(	7868	,	20	,	16	)
(	7869	,	21	,	16	)
(	7870	,	22	,	16	)
(	7871	,	23	,	16	)
(	7872	,	24	,	16	)
(	7873	,	1	,	12	)
(	7874	,	2	,	12	)
(	7875	,	3	,	12	)
(	7876	,	4	,	12	)
(	7877	,	5	,	12	)
(	7878	,	6	,	12	)
(	7879	,	7	,	12	)
(	7880	,	8	,	12	)
(	7881	,	9	,	12	)
(	7882	,	10	,	12	)
(	7883	,	11	,	12	)
(	7884	,	12	,	12	)
(	7885	,	13	,	12	)
(	7886	,	14	,	12	)
(	7887	,	15	,	12	)
(	7888	,	16	,	12	)
(	7889	,	17	,	12	)
(	7890	,	18	,	12	)
(	7891	,	19	,	12	)
(	7892	,	20	,	12	)
(	7893	,	21	,	12	)
(	7894	,	22	,	12	)
(	7895	,	23	,	12	)
(	7896	,	24	,	12	)
(	7897	,	1	,	14	)
(	7898	,	2	,	14	)
(	7899	,	3	,	14	)
(	7900	,	4	,	14	)
(	7901	,	5	,	14	)
(	7902	,	6	,	14	)
(	7903	,	7	,	14	)
(	7904	,	8	,	14	)
(	7905	,	9	,	14	)
(	7906	,	10	,	14	)
(	7907	,	11	,	14	)
(	7908	,	12	,	14	)
(	7909	,	13	,	14	)
(	7910	,	14	,	14	)
(	7911	,	15	,	14	)
(	7912	,	16	,	14	)
(	7913	,	17	,	14	)
(	7914	,	18	,	14	)
(	7915	,	19	,	14	)
(	7916	,	20	,	14	)
(	7917	,	21	,	14	)
(	7918	,	22	,	14	)
(	7919	,	23	,	14	)
(	7920	,	24	,	14	)
(	7921	,	1	,	13	)
(	7922	,	2	,	13	)
(	7923	,	3	,	13	)
(	7924	,	4	,	13	)
(	7925	,	5	,	13	)
(	7926	,	6	,	13	)
(	7927	,	7	,	13	)
(	7928	,	8	,	13	)
(	7929	,	9	,	13	)
(	7930	,	10	,	13	)
(	7931	,	11	,	13	)
(	7932	,	12	,	13	)
(	7933	,	13	,	13	)
(	7934	,	14	,	13	)
(	7935	,	15	,	13	)
(	7936	,	16	,	13	)
(	7937	,	17	,	13	)
(	7938	,	18	,	13	)
(	7939	,	19	,	13	)
(	7940	,	20	,	13	)
(	7941	,	21	,	13	)
(	7942	,	22	,	13	)
(	7943	,	23	,	13	)
(	7944	,	24	,	13	)
(	7945	,	1	,	15	)
(	7946	,	2	,	15	)
(	7947	,	3	,	15	)
(	7948	,	4	,	15	)
(	7949	,	5	,	15	)
(	7950	,	6	,	15	)
(	7951	,	7	,	15	)
(	7952	,	8	,	15	)
(	7953	,	9	,	15	)
(	7954	,	10	,	15	)
(	7955	,	11	,	15	)
(	7956	,	12	,	15	)
(	7957	,	13	,	15	)
(	7958	,	14	,	15	)
(	7959	,	15	,	15	)
(	7960	,	16	,	15	)
(	7961	,	17	,	15	)
(	7962	,	18	,	15	)
(	7963	,	19	,	15	)
(	7964	,	20	,	15	)
(	7965	,	21	,	15	)
(	7966	,	22	,	15	)
(	7967	,	23	,	15	)
(	7968	,	24	,	15	)
(	7969	,	1	,	13	)
(	7970	,	2	,	13	)
(	7971	,	3	,	13	)
(	7972	,	4	,	13	)
(	7973	,	5	,	13	)
(	7974	,	6	,	13	)
(	7975	,	7	,	13	)
(	7976	,	8	,	13	)
(	7977	,	9	,	13	)
(	7978	,	10	,	13	)
(	7979	,	11	,	13	)
(	7980	,	12	,	13	)
(	7981	,	13	,	13	)
(	7982	,	14	,	13	)
(	7983	,	15	,	13	)
(	7984	,	16	,	13	)
(	7985	,	17	,	13	)
(	7986	,	18	,	13	)
(	7987	,	19	,	13	)
(	7988	,	20	,	13	)
(	7989	,	21	,	13	)
(	7990	,	22	,	13	)
(	7991	,	23	,	13	)
(	7992	,	24	,	13	)
(	7993	,	1	,	11	)
(	7994	,	2	,	11	)
(	7995	,	3	,	11	)
(	7996	,	4	,	11	)
(	7997	,	5	,	11	)
(	7998	,	6	,	11	)
(	7999	,	7	,	11	)
(	8000	,	8	,	11	)
(	8001	,	9	,	11	)
(	8002	,	10	,	11	)
(	8003	,	11	,	11	)
(	8004	,	12	,	11	)
(	8005	,	13	,	11	)
(	8006	,	14	,	11	)
(	8007	,	15	,	11	)
(	8008	,	16	,	11	)
(	8009	,	17	,	11	)
(	8010	,	18	,	11	)
(	8011	,	19	,	11	)
(	8012	,	20	,	11	)
(	8013	,	21	,	11	)
(	8014	,	22	,	11	)
(	8015	,	23	,	11	)
(	8016	,	24	,	11	)
(	8017	,	1	,	16	)
(	8018	,	2	,	16	)
(	8019	,	3	,	16	)
(	8020	,	4	,	16	)
(	8021	,	5	,	16	)
(	8022	,	6	,	16	)
(	8023	,	7	,	16	)
(	8024	,	8	,	16	)
(	8025	,	9	,	16	)
(	8026	,	10	,	16	)
(	8027	,	11	,	16	)
(	8028	,	12	,	16	)
(	8029	,	13	,	16	)
(	8030	,	14	,	16	)
(	8031	,	15	,	16	)
(	8032	,	16	,	16	)
(	8033	,	17	,	16	)
(	8034	,	18	,	16	)
(	8035	,	19	,	16	)
(	8036	,	20	,	16	)
(	8037	,	21	,	16	)
(	8038	,	22	,	16	)
(	8039	,	23	,	16	)
(	8040	,	24	,	16	)
(	8041	,	1	,	14	)
(	8042	,	2	,	14	)
(	8043	,	3	,	14	)
(	8044	,	4	,	14	)
(	8045	,	5	,	14	)
(	8046	,	6	,	14	)
(	8047	,	7	,	14	)
(	8048	,	8	,	14	)
(	8049	,	9	,	14	)
(	8050	,	10	,	14	)
(	8051	,	11	,	14	)
(	8052	,	12	,	14	)
(	8053	,	13	,	14	)
(	8054	,	14	,	14	)
(	8055	,	15	,	14	)
(	8056	,	16	,	14	)
(	8057	,	17	,	14	)
(	8058	,	18	,	14	)
(	8059	,	19	,	14	)
(	8060	,	20	,	14	)
(	8061	,	21	,	14	)
(	8062	,	22	,	14	)
(	8063	,	23	,	14	)
(	8064	,	24	,	14	)
(	8065	,	1	,	14	)
(	8066	,	2	,	14	)
(	8067	,	3	,	14	)
(	8068	,	4	,	14	)
(	8069	,	5	,	14	)
(	8070	,	6	,	14	)
(	8071	,	7	,	14	)
(	8072	,	8	,	14	)
(	8073	,	9	,	14	)
(	8074	,	10	,	14	)
(	8075	,	11	,	14	)
(	8076	,	12	,	14	)
(	8077	,	13	,	14	)
(	8078	,	14	,	14	)
(	8079	,	15	,	14	)
(	8080	,	16	,	14	)
(	8081	,	17	,	14	)
(	8082	,	18	,	14	)
(	8083	,	19	,	14	)
(	8084	,	20	,	14	)
(	8085	,	21	,	14	)
(	8086	,	22	,	14	)
(	8087	,	23	,	14	)
(	8088	,	24	,	14	)
(	8089	,	1	,	14	)
(	8090	,	2	,	14	)
(	8091	,	3	,	14	)
(	8092	,	4	,	14	)
(	8093	,	5	,	14	)
(	8094	,	6	,	14	)
(	8095	,	7	,	14	)
(	8096	,	8	,	14	)
(	8097	,	9	,	14	)
(	8098	,	10	,	14	)
(	8099	,	11	,	14	)
(	8100	,	12	,	14	)
(	8101	,	13	,	14	)
(	8102	,	14	,	14	)
(	8103	,	15	,	14	)
(	8104	,	16	,	14	)
(	8105	,	17	,	14	)
(	8106	,	18	,	14	)
(	8107	,	19	,	14	)
(	8108	,	20	,	14	)
(	8109	,	21	,	14	)
(	8110	,	22	,	14	)
(	8111	,	23	,	14	)
(	8112	,	24	,	14	)
(	8113	,	1	,	15	)
(	8114	,	2	,	15	)
(	8115	,	3	,	15	)
(	8116	,	4	,	15	)
(	8117	,	5	,	15	)
(	8118	,	6	,	15	)
(	8119	,	7	,	15	)
(	8120	,	8	,	15	)
(	8121	,	9	,	15	)
(	8122	,	10	,	15	)
(	8123	,	11	,	15	)
(	8124	,	12	,	15	)
(	8125	,	13	,	15	)
(	8126	,	14	,	15	)
(	8127	,	15	,	15	)
(	8128	,	16	,	15	)
(	8129	,	17	,	15	)
(	8130	,	18	,	15	)
(	8131	,	19	,	15	)
(	8132	,	20	,	15	)
(	8133	,	21	,	15	)
(	8134	,	22	,	15	)
(	8135	,	23	,	15	)
(	8136	,	24	,	15	)
(	8137	,	1	,	13	)
(	8138	,	2	,	13	)
(	8139	,	3	,	13	)
(	8140	,	4	,	13	)
(	8141	,	5	,	13	)
(	8142	,	6	,	13	)
(	8143	,	7	,	13	)
(	8144	,	8	,	13	)
(	8145	,	9	,	13	)
(	8146	,	10	,	13	)
(	8147	,	11	,	13	)
(	8148	,	12	,	13	)
(	8149	,	13	,	13	)
(	8150	,	14	,	13	)
(	8151	,	15	,	13	)
(	8152	,	16	,	13	)
(	8153	,	17	,	13	)
(	8154	,	18	,	13	)
(	8155	,	19	,	13	)
(	8156	,	20	,	13	)
(	8157	,	21	,	13	)
(	8158	,	22	,	13	)
(	8159	,	23	,	13	)
(	8160	,	24	,	13	)
(	8161	,	1	,	16	)
(	8162	,	2	,	16	)
(	8163	,	3	,	16	)
(	8164	,	4	,	16	)
(	8165	,	5	,	16	)
(	8166	,	6	,	16	)
(	8167	,	7	,	16	)
(	8168	,	8	,	16	)
(	8169	,	9	,	16	)
(	8170	,	10	,	16	)
(	8171	,	11	,	16	)
(	8172	,	12	,	16	)
(	8173	,	13	,	16	)
(	8174	,	14	,	16	)
(	8175	,	15	,	16	)
(	8176	,	16	,	16	)
(	8177	,	17	,	16	)
(	8178	,	18	,	16	)
(	8179	,	19	,	16	)
(	8180	,	20	,	16	)
(	8181	,	21	,	16	)
(	8182	,	22	,	16	)
(	8183	,	23	,	16	)
(	8184	,	24	,	16	)
(	8185	,	1	,	11	)
(	8186	,	2	,	11	)
(	8187	,	3	,	11	)
(	8188	,	4	,	11	)
(	8189	,	5	,	11	)
(	8190	,	6	,	11	)
(	8191	,	7	,	11	)
(	8192	,	8	,	11	)
(	8193	,	9	,	11	)
(	8194	,	10	,	11	)
(	8195	,	11	,	11	)
(	8196	,	12	,	11	)
(	8197	,	13	,	11	)
(	8198	,	14	,	11	)
(	8199	,	15	,	11	)
(	8200	,	16	,	11	)
(	8201	,	17	,	11	)
(	8202	,	18	,	11	)
(	8203	,	19	,	11	)
(	8204	,	20	,	11	)
(	8205	,	21	,	11	)
(	8206	,	22	,	11	)
(	8207	,	23	,	11	)
(	8208	,	24	,	11	)
(	8209	,	1	,	15	)
(	8210	,	2	,	15	)
(	8211	,	3	,	15	)
(	8212	,	4	,	15	)
(	8213	,	5	,	15	)
(	8214	,	6	,	15	)
(	8215	,	7	,	15	)
(	8216	,	8	,	15	)
(	8217	,	9	,	15	)
(	8218	,	10	,	15	)
(	8219	,	11	,	15	)
(	8220	,	12	,	15	)
(	8221	,	13	,	15	)
(	8222	,	14	,	15	)
(	8223	,	15	,	15	)
(	8224	,	16	,	15	)
(	8225	,	17	,	15	)
(	8226	,	18	,	15	)
(	8227	,	19	,	15	)
(	8228	,	20	,	15	)
(	8229	,	21	,	15	)
(	8230	,	22	,	15	)
(	8231	,	23	,	15	)
(	8232	,	24	,	15	)
(	8233	,	1	,	13	)
(	8234	,	2	,	13	)
(	8235	,	3	,	13	)
(	8236	,	4	,	13	)
(	8237	,	5	,	13	)
(	8238	,	6	,	13	)
(	8239	,	7	,	13	)
(	8240	,	8	,	13	)
(	8241	,	9	,	13	)
(	8242	,	10	,	13	)
(	8243	,	11	,	13	)
(	8244	,	12	,	13	)
(	8245	,	13	,	13	)
(	8246	,	14	,	13	)
(	8247	,	15	,	13	)
(	8248	,	16	,	13	)
(	8249	,	17	,	13	)
(	8250	,	18	,	13	)
(	8251	,	19	,	13	)
(	8252	,	20	,	13	)
(	8253	,	21	,	13	)
(	8254	,	22	,	13	)
(	8255	,	23	,	13	)
(	8256	,	24	,	13	)
(	8257	,	1	,	15	)
(	8258	,	2	,	15	)
(	8259	,	3	,	15	)
(	8260	,	4	,	15	)
(	8261	,	5	,	15	)
(	8262	,	6	,	15	)
(	8263	,	7	,	15	)
(	8264	,	8	,	15	)
(	8265	,	9	,	15	)
(	8266	,	10	,	15	)
(	8267	,	11	,	15	)
(	8268	,	12	,	15	)
(	8269	,	13	,	15	)
(	8270	,	14	,	15	)
(	8271	,	15	,	15	)
(	8272	,	16	,	15	)
(	8273	,	17	,	15	)
(	8274	,	18	,	15	)
(	8275	,	19	,	15	)
(	8276	,	20	,	15	)
(	8277	,	21	,	15	)
(	8278	,	22	,	15	)
(	8279	,	23	,	15	)
(	8280	,	24	,	15	)
(	8281	,	1	,	14	)
(	8282	,	2	,	14	)
(	8283	,	3	,	14	)
(	8284	,	4	,	14	)
(	8285	,	5	,	14	)
(	8286	,	6	,	14	)
(	8287	,	7	,	14	)
(	8288	,	8	,	14	)
(	8289	,	9	,	14	)
(	8290	,	10	,	14	)
(	8291	,	11	,	14	)
(	8292	,	12	,	14	)
(	8293	,	13	,	14	)
(	8294	,	14	,	14	)
(	8295	,	15	,	14	)
(	8296	,	16	,	14	)
(	8297	,	17	,	14	)
(	8298	,	18	,	14	)
(	8299	,	19	,	14	)
(	8300	,	20	,	14	)
(	8301	,	21	,	14	)
(	8302	,	22	,	14	)
(	8303	,	23	,	14	)
(	8304	,	24	,	14	)
(	8305	,	1	,	15	)
(	8306	,	2	,	15	)
(	8307	,	3	,	15	)
(	8308	,	4	,	15	)
(	8309	,	5	,	15	)
(	8310	,	6	,	15	)
(	8311	,	7	,	15	)
(	8312	,	8	,	15	)
(	8313	,	9	,	15	)
(	8314	,	10	,	15	)
(	8315	,	11	,	15	)
(	8316	,	12	,	15	)
(	8317	,	13	,	15	)
(	8318	,	14	,	15	)
(	8319	,	15	,	15	)
(	8320	,	16	,	15	)
(	8321	,	17	,	15	)
(	8322	,	18	,	15	)
(	8323	,	19	,	15	)
(	8324	,	20	,	15	)
(	8325	,	21	,	15	)
(	8326	,	22	,	15	)
(	8327	,	23	,	15	)
(	8328	,	24	,	15	)
(	8329	,	1	,	11	)
(	8330	,	2	,	11	)
(	8331	,	3	,	11	)
(	8332	,	4	,	11	)
(	8333	,	5	,	11	)
(	8334	,	6	,	11	)
(	8335	,	7	,	11	)
(	8336	,	8	,	11	)
(	8337	,	9	,	11	)
(	8338	,	10	,	11	)
(	8339	,	11	,	11	)
(	8340	,	12	,	11	)
(	8341	,	13	,	11	)
(	8342	,	14	,	11	)
(	8343	,	15	,	11	)
(	8344	,	16	,	11	)
(	8345	,	17	,	11	)
(	8346	,	18	,	11	)
(	8347	,	19	,	11	)
(	8348	,	20	,	11	)
(	8349	,	21	,	11	)
(	8350	,	22	,	11	)
(	8351	,	23	,	11	)
(	8352	,	24	,	11	)
(	8353	,	1	,	16	)
(	8354	,	2	,	16	)
(	8355	,	3	,	16	)
(	8356	,	4	,	16	)
(	8357	,	5	,	16	)
(	8358	,	6	,	16	)
(	8359	,	7	,	16	)
(	8360	,	8	,	16	)
(	8361	,	9	,	16	)
(	8362	,	10	,	16	)
(	8363	,	11	,	16	)
(	8364	,	12	,	16	)
(	8365	,	13	,	16	)
(	8366	,	14	,	16	)
(	8367	,	15	,	16	)
(	8368	,	16	,	16	)
(	8369	,	17	,	16	)
(	8370	,	18	,	16	)
(	8371	,	19	,	16	)
(	8372	,	20	,	16	)
(	8373	,	21	,	16	)
(	8374	,	22	,	16	)
(	8375	,	23	,	16	)
(	8376	,	24	,	16	)
(	8377	,	1	,	15	)
(	8378	,	2	,	15	)
(	8379	,	3	,	15	)
(	8380	,	4	,	15	)
(	8381	,	5	,	15	)
(	8382	,	6	,	15	)
(	8383	,	7	,	15	)
(	8384	,	8	,	15	)
(	8385	,	9	,	15	)
(	8386	,	10	,	15	)
(	8387	,	11	,	15	)
(	8388	,	12	,	15	)
(	8389	,	13	,	15	)
(	8390	,	14	,	15	)
(	8391	,	15	,	15	)
(	8392	,	16	,	15	)
(	8393	,	17	,	15	)
(	8394	,	18	,	15	)
(	8395	,	19	,	15	)
(	8396	,	20	,	15	)
(	8397	,	21	,	15	)
(	8398	,	22	,	15	)
(	8399	,	23	,	15	)
(	8400	,	24	,	15	)
(	8401	,	1	,	15	)
(	8402	,	2	,	15	)
(	8403	,	3	,	15	)
(	8404	,	4	,	15	)
(	8405	,	5	,	15	)
(	8406	,	6	,	15	)
(	8407	,	7	,	15	)
(	8408	,	8	,	15	)
(	8409	,	9	,	15	)
(	8410	,	10	,	15	)
(	8411	,	11	,	15	)
(	8412	,	12	,	15	)
(	8413	,	13	,	15	)
(	8414	,	14	,	15	)
(	8415	,	15	,	15	)
(	8416	,	16	,	15	)
(	8417	,	17	,	15	)
(	8418	,	18	,	15	)
(	8419	,	19	,	15	)
(	8420	,	20	,	15	)
(	8421	,	21	,	15	)
(	8422	,	22	,	15	)
(	8423	,	23	,	15	)
(	8424	,	24	,	15	)
(	8425	,	1	,	13	)
(	8426	,	2	,	13	)
(	8427	,	3	,	13	)
(	8428	,	4	,	13	)
(	8429	,	5	,	13	)
(	8430	,	6	,	13	)
(	8431	,	7	,	13	)
(	8432	,	8	,	13	)
(	8433	,	9	,	13	)
(	8434	,	10	,	13	)
(	8435	,	11	,	13	)
(	8436	,	12	,	13	)
(	8437	,	13	,	13	)
(	8438	,	14	,	13	)
(	8439	,	15	,	13	)
(	8440	,	16	,	13	)
(	8441	,	17	,	13	)
(	8442	,	18	,	13	)
(	8443	,	19	,	13	)
(	8444	,	20	,	13	)
(	8445	,	21	,	13	)
(	8446	,	22	,	13	)
(	8447	,	23	,	13	)
(	8448	,	24	,	13	)
(	8449	,	1	,	15	)
(	8450	,	2	,	15	)
(	8451	,	3	,	15	)
(	8452	,	4	,	15	)
(	8453	,	5	,	15	)
(	8454	,	6	,	15	)
(	8455	,	7	,	15	)
(	8456	,	8	,	15	)
(	8457	,	9	,	15	)
(	8458	,	10	,	15	)
(	8459	,	11	,	15	)
(	8460	,	12	,	15	)
(	8461	,	13	,	15	)
(	8462	,	14	,	15	)
(	8463	,	15	,	15	)
(	8464	,	16	,	15	)
(	8465	,	17	,	15	)
(	8466	,	18	,	15	)
(	8467	,	19	,	15	)
(	8468	,	20	,	15	)
(	8469	,	21	,	15	)
(	8470	,	22	,	15	)
(	8471	,	23	,	15	)
(	8472	,	24	,	15	)
(	8473	,	1	,	13	)
(	8474	,	2	,	13	)
(	8475	,	3	,	13	)
(	8476	,	4	,	13	)
(	8477	,	5	,	13	)
(	8478	,	6	,	13	)
(	8479	,	7	,	13	)
(	8480	,	8	,	13	)
(	8481	,	9	,	13	)
(	8482	,	10	,	13	)
(	8483	,	11	,	13	)
(	8484	,	12	,	13	)
(	8485	,	13	,	13	)
(	8486	,	14	,	13	)
(	8487	,	15	,	13	)
(	8488	,	16	,	13	)
(	8489	,	17	,	13	)
(	8490	,	18	,	13	)
(	8491	,	19	,	13	)
(	8492	,	20	,	13	)
(	8493	,	21	,	13	)
(	8494	,	22	,	13	)
(	8495	,	23	,	13	)
(	8496	,	24	,	13	)
(	8497	,	1	,	11	)
(	8498	,	2	,	11	)
(	8499	,	3	,	11	)
(	8500	,	4	,	11	)
(	8501	,	5	,	11	)
(	8502	,	6	,	11	)
(	8503	,	7	,	11	)
(	8504	,	8	,	11	)
(	8505	,	9	,	11	)
(	8506	,	10	,	11	)
(	8507	,	11	,	11	)
(	8508	,	12	,	11	)
(	8509	,	13	,	11	)
(	8510	,	14	,	11	)
(	8511	,	15	,	11	)
(	8512	,	16	,	11	)
(	8513	,	17	,	11	)
(	8514	,	18	,	11	)
(	8515	,	19	,	11	)
(	8516	,	20	,	11	)
(	8517	,	21	,	11	)
(	8518	,	22	,	11	)
(	8519	,	23	,	11	)
(	8520	,	24	,	11	)
(	8521	,	1	,	16	)
(	8522	,	2	,	16	)
(	8523	,	3	,	16	)
(	8524	,	4	,	16	)
(	8525	,	5	,	16	)
(	8526	,	6	,	16	)
(	8527	,	7	,	16	)
(	8528	,	8	,	16	)
(	8529	,	9	,	16	)
(	8530	,	10	,	16	)
(	8531	,	11	,	16	)
(	8532	,	12	,	16	)
(	8533	,	13	,	16	)
(	8534	,	14	,	16	)
(	8535	,	15	,	16	)
(	8536	,	16	,	16	)
(	8537	,	17	,	16	)
(	8538	,	18	,	16	)
(	8539	,	19	,	16	)
(	8540	,	20	,	16	)
(	8541	,	21	,	16	)
(	8542	,	22	,	16	)
(	8543	,	23	,	16	)
(	8544	,	24	,	16	)
(	8545	,	1	,	14	)
(	8546	,	2	,	14	)
(	8547	,	3	,	14	)
(	8548	,	4	,	14	)
(	8549	,	5	,	14	)
(	8550	,	6	,	14	)
(	8551	,	7	,	14	)
(	8552	,	8	,	14	)
(	8553	,	9	,	14	)
(	8554	,	10	,	14	)
(	8555	,	11	,	14	)
(	8556	,	12	,	14	)
(	8557	,	13	,	14	)
(	8558	,	14	,	14	)
(	8559	,	15	,	14	)
(	8560	,	16	,	14	)
(	8561	,	17	,	14	)
(	8562	,	18	,	14	)
(	8563	,	19	,	14	)
(	8564	,	20	,	14	)
(	8565	,	21	,	14	)
(	8566	,	22	,	14	)
(	8567	,	23	,	14	)
(	8568	,	24	,	14	)
(	8569	,	1	,	14	)
(	8570	,	2	,	14	)
(	8571	,	3	,	14	)
(	8572	,	4	,	14	)
(	8573	,	5	,	14	)
(	8574	,	6	,	14	)
(	8575	,	7	,	14	)
(	8576	,	8	,	14	)
(	8577	,	9	,	14	)
(	8578	,	10	,	14	)
(	8579	,	11	,	14	)
(	8580	,	12	,	14	)
(	8581	,	13	,	14	)
(	8582	,	14	,	14	)
(	8583	,	15	,	14	)
(	8584	,	16	,	14	)
(	8585	,	17	,	14	)
(	8586	,	18	,	14	)
(	8587	,	19	,	14	)
(	8588	,	20	,	14	)
(	8589	,	21	,	14	)
(	8590	,	22	,	14	)
(	8591	,	23	,	14	)
(	8592	,	24	,	14	)
(	8593	,	1	,	14	)
(	8594	,	2	,	14	)
(	8595	,	3	,	14	)
(	8596	,	4	,	14	)
(	8597	,	5	,	14	)
(	8598	,	6	,	14	)
(	8599	,	7	,	14	)
(	8600	,	8	,	14	)
(	8601	,	9	,	14	)
(	8602	,	10	,	14	)
(	8603	,	11	,	14	)
(	8604	,	12	,	14	)
(	8605	,	13	,	14	)
(	8606	,	14	,	14	)
(	8607	,	15	,	14	)
(	8608	,	16	,	14	)
(	8609	,	17	,	14	)
(	8610	,	18	,	14	)
(	8611	,	19	,	14	)
(	8612	,	20	,	14	)
(	8613	,	21	,	14	)
(	8614	,	22	,	14	)
(	8615	,	23	,	14	)
(	8616	,	24	,	14	)
(	8617	,	1	,	14	)
(	8618	,	2	,	14	)
(	8619	,	3	,	14	)
(	8620	,	4	,	14	)
(	8621	,	5	,	14	)
(	8622	,	6	,	14	)
(	8623	,	7	,	14	)
(	8624	,	8	,	14	)
(	8625	,	9	,	14	)
(	8626	,	10	,	14	)
(	8627	,	11	,	14	)
(	8628	,	12	,	14	)
(	8629	,	13	,	14	)
(	8630	,	14	,	14	)
(	8631	,	15	,	14	)
(	8632	,	16	,	14	)
(	8633	,	17	,	14	)
(	8634	,	18	,	14	)
(	8635	,	19	,	14	)
(	8636	,	20	,	14	)
(	8637	,	21	,	14	)
(	8638	,	22	,	14	)
(	8639	,	23	,	14	)
(	8640	,	24	,	14	)
(	8641	,	1	,	13	)
(	8642	,	2	,	13	)
(	8643	,	3	,	13	)
(	8644	,	4	,	13	)
(	8645	,	5	,	13	)
(	8646	,	6	,	13	)
(	8647	,	7	,	13	)
(	8648	,	8	,	13	)
(	8649	,	9	,	13	)
(	8650	,	10	,	13	)
(	8651	,	11	,	13	)
(	8652	,	12	,	13	)
(	8653	,	13	,	13	)
(	8654	,	14	,	13	)
(	8655	,	15	,	13	)
(	8656	,	16	,	13	)
(	8657	,	17	,	13	)
(	8658	,	18	,	13	)
(	8659	,	19	,	13	)
(	8660	,	20	,	13	)
(	8661	,	21	,	13	)
(	8662	,	22	,	13	)
(	8663	,	23	,	13	)
(	8664	,	24	,	13	)
(	8665	,	1	,	16	)
(	8666	,	2	,	16	)
(	8667	,	3	,	16	)
(	8668	,	4	,	16	)
(	8669	,	5	,	16	)
(	8670	,	6	,	16	)
(	8671	,	7	,	16	)
(	8672	,	8	,	16	)
(	8673	,	9	,	16	)
(	8674	,	10	,	16	)
(	8675	,	11	,	16	)
(	8676	,	12	,	16	)
(	8677	,	13	,	16	)
(	8678	,	14	,	16	)
(	8679	,	15	,	16	)
(	8680	,	16	,	16	)
(	8681	,	17	,	16	)
(	8682	,	18	,	16	)
(	8683	,	19	,	16	)
(	8684	,	20	,	16	)
(	8685	,	21	,	16	)
(	8686	,	22	,	16	)
(	8687	,	23	,	16	)
(	8688	,	24	,	16	)
(	8689	,	1	,	11	)
(	8690	,	2	,	11	)
(	8691	,	3	,	11	)
(	8692	,	4	,	11	)
(	8693	,	5	,	11	)
(	8694	,	6	,	11	)
(	8695	,	7	,	11	)
(	8696	,	8	,	11	)
(	8697	,	9	,	11	)
(	8698	,	10	,	11	)
(	8699	,	11	,	11	)
(	8700	,	12	,	11	)
(	8701	,	13	,	11	)
(	8702	,	14	,	11	)
(	8703	,	15	,	11	)
(	8704	,	16	,	11	)
(	8705	,	17	,	11	)
(	8706	,	18	,	11	)
(	8707	,	19	,	11	)
(	8708	,	20	,	11	)
(	8709	,	21	,	11	)
(	8710	,	22	,	11	)
(	8711	,	23	,	11	)
(	8712	,	24	,	11	)
(	8713	,	1	,	13	)
(	8714	,	2	,	13	)
(	8715	,	3	,	13	)
(	8716	,	4	,	13	)
(	8717	,	5	,	13	)
(	8718	,	6	,	13	)
(	8719	,	7	,	13	)
(	8720	,	8	,	13	)
(	8721	,	9	,	13	)
(	8722	,	10	,	13	)
(	8723	,	11	,	13	)
(	8724	,	12	,	13	)
(	8725	,	13	,	13	)
(	8726	,	14	,	13	)
(	8727	,	15	,	13	)
(	8728	,	16	,	13	)
(	8729	,	17	,	13	)
(	8730	,	18	,	13	)
(	8731	,	19	,	13	)
(	8732	,	20	,	13	)
(	8733	,	21	,	13	)
(	8734	,	22	,	13	)
(	8735	,	23	,	13	)
(	8736	,	24	,	13	)
(	8737	,	1	,	13	)
(	8738	,	2	,	13	)
(	8739	,	3	,	13	)
(	8740	,	4	,	13	)
(	8741	,	5	,	13	)
(	8742	,	6	,	13	)
(	8743	,	7	,	13	)
(	8744	,	8	,	13	)
(	8745	,	9	,	13	)
(	8746	,	10	,	13	)
(	8747	,	11	,	13	)
(	8748	,	12	,	13	)
(	8749	,	13	,	13	)
(	8750	,	14	,	13	)
(	8751	,	15	,	13	)
(	8752	,	16	,	13	)
(	8753	,	17	,	13	)
(	8754	,	18	,	13	)
(	8755	,	19	,	13	)
(	8756	,	20	,	13	)
(	8757	,	21	,	13	)
(	8758	,	22	,	13	)
(	8759	,	23	,	13	)
(	8760	,	24	,	13	)
;
  
 #  ----------------------------- 
 #  PARAMETERS  DEPENDING  ON  NUMBER  OF  TYPICAL  DAYS  :   
 #  ----------------------------- 
  
 param  nbr_tds  :=  16; 
param 	peak_sh_factor := 
C1	1.0
C2	1.0
C3	1.0
C4	1.0
C5	1.0
;
param 	peak_sc_factor := 
C1	1.0803931525128831
C2	1.1869091925105608
C3	1.05204830275006
C4	1.087393515999701
C5	1.0954243005878521
;
  
 param  electricity_time_series  := 
["C1",*,*] : 	1	2	3	4	5	6	7	8	9	10	11	12	13	14	15	16 := 
1	4.550803189423507e-05	4.749338323691355e-05	4.443716090868061e-05	4.2952850495563493e-05	4.302205433899706e-05	4.484842607255797e-05	4.36068664023363e-05	4.26248656139948e-05	4.273857123092543e-05	4.7700946381928865e-05	4.119151211760174e-05	4.340534224457853e-05	5.012918119265119e-05	4.6368984668080926e-05	4.4496482772965494e-05	4.4385645116564656e-05
2	5.50310742136342e-05	6.319521711686602e-05	5.5293946056773124e-05	4.9785303780638216e-05	6.41871471577121e-05	5.2388611221623465e-05	5.532800717195247e-05	6.0538194356387066e-05	4.992852039909896e-05	6.112897674533685e-05	4.868122057267448e-05	5.302413032823414e-05	6.76580204261119e-05	5.969989824179985e-05	5.847749755846486e-05	5.103806991792092e-05
3	6.159302611856202e-05	7.162801677460223e-05	7.205401799683018e-05	5.545355526326958e-05	7.041486417248617e-05	5.7326016899996146e-05	6.452106905606185e-05	7.183597769604632e-05	5.456449559322901e-05	6.932453468221035e-05	5.387757597542907e-05	6.683586297083545e-05	7.218069575946948e-05	6.884175737465297e-05	6.618745367426147e-05	5.64240891477671e-05
4	6.764124190042626e-05	7.892473589941385e-05	7.764385058565612e-05	6.0173821172942885e-05	7.906144506490513e-05	6.211772634075818e-05	7.839497665959667e-05	6.988752846478643e-05	5.872044341228477e-05	7.946097490842618e-05	5.832023560245137e-05	8.089885703206597e-05	6.922738082275379e-05	7.28819455813504e-05	7.025658897071051e-05	6.0420952182255556e-05
5	8.059078173885607e-05	7.790816064420324e-05	8.76521839745391e-05	6.625989113951318e-05	9.135570960558158e-05	7.122706362860994e-05	7.56807865944732e-05	8.336523310152975e-05	6.791259395570084e-05	8.486947462211195e-05	6.717092968237099e-05	8.316750109759202e-05	8.749504009562799e-05	8.651237859223337e-05	8.888304431566578e-05	6.992513326659702e-05
6	0.00010251287490600968	0.00010396438038991246	0.00010015369229111392	7.938954700975819e-05	0.00010642264910337151	9.060363374762031e-05	9.54046676984029e-05	0.00010179981940147546	8.777407095619889e-05	0.00010098997826609677	8.419482828597448e-05	0.00010790793206234379	0.00010261268048837652	0.00010345778586302141	0.00010527293837508715	8.919275788983545e-05
7	0.0001200849789567565	0.00011367275032204869	0.00011190984085308889	9.021362673001761e-05	0.00011570225424328528	0.00010532196869409151	0.00011213344551072161	0.0001182164742520414	0.00010051517301889252	0.00011659606299692107	9.720975352015544e-05	0.00012211322252223987	0.00011902539050733446	0.00012310005869960132	0.00011833745025267923	0.00010106036222649302
8	0.00014007537504277088	0.0001383446461872894	0.00013576132510680774	9.28092006195303e-05	0.00011842705124929383	0.00010391901185107136	0.0001239580381903502	0.00013019586825296567	0.00010087406337607157	0.00012338358955527276	9.819353359192904e-05	0.0001254279522395318	0.00012237605018254542	0.00012760112559622906	0.00011538796396728796	0.00010134705608006552
9	0.0001395144036637199	0.0001438207849815981	0.00015624256201690913	8.620707815180906e-05	0.00011989380750042465	9.311065710330102e-05	0.00011835093285585147	0.00011706783962611926	8.9220250984591e-05	0.00011984105772818521	8.81912715997782e-05	0.00012090706555925187	0.0001095791135771707	0.00013243313695458027	0.00011792889401070768	9.25955213553239e-05
10	0.00015282463557758912	0.00015501588585018747	0.00014835225816279301	8.533643234507102e-05	0.0001298918405303834	8.876625059251512e-05	0.00010913047616821843	0.00011843286870091473	8.568575065708261e-05	0.00011493605483660054	8.638703877512384e-05	0.00010978040561960817	0.00012157381197964422	0.00010685522966152083	0.00011814320380441064	9.079372413049254e-05
11	0.00016644448234909743	0.00015872215111201833	0.00016248542719078597	8.783905309763307e-05	0.00014226097290345998	9.151283080440116e-05	0.00011965744461271555	0.0001115422959561312	8.81407144380634e-05	0.00012240961135468026	8.817840453140784e-05	0.00012289473004230034	0.00011970976742032348	0.00011526760207868982	0.00012487855985669977	9.21805244088579e-05
12	0.00016504175654215395	0.0001713842278542107	0.00017546515529386937	8.880129586341854e-05	0.00013713070074670332	9.29647265756028e-05	0.0001165589980696362	0.00011245900648408738	8.959146822495873e-05	0.00011904018979850372	9.031732131856916e-05	0.00010669132471165254	0.00012547207072442264	0.0001146905293390514	0.0001225965518374484	9.355017485884219e-05
13	0.0001621741312918813	0.00016584523366352591	0.0001742667476455415	9.421028422106641e-05	0.00012664254586960893	9.709177111165909e-05	0.00011612282853002613	0.00011948694503778521	9.310830795599715e-05	0.0001222685479385683	9.528495023837615e-05	0.00012200566491072465	0.00012145819758849452	0.00012449962369981388	0.00012649726111132217	9.892019119924063e-05
14	0.00015924053750416195	0.00016350872368375242	0.00017784689925276075	9.168274718861895e-05	0.0001316632295409973	9.423176606139454e-05	0.00012446556336949402	0.00012067449479265081	9.132999788730194e-05	0.00012137493668324218	9.252578699070085e-05	0.00012680562138547486	0.0001163052761962413	0.00013855910542095356	0.000118460597214067	9.711925297265632e-05
15	0.00016318771239886767	0.0001697770111634283	0.00017097007621945365	9.347959009707383e-05	0.0001312379264306035	9.786952891108207e-05	0.00011409730582328281	0.00012299722955198282	9.340413871419276e-05	0.00012926734945886264	9.489094931715563e-05	0.0001360556006844022	0.00011680036007801042	0.0001373308287789114	0.00012038737852024923	9.89257782689136e-05
16	0.0001763473518570091	0.00016037799576679778	0.000170207093428625	9.964081894365755e-05	0.00013702916318697158	0.00010456495155221385	0.00012340389727979963	0.0001174007888968799	9.956726933632526e-05	0.00013084301683407784	0.00010121355486393778	0.00012895048792754856	0.00012288164073526284	0.00013149995747516118	0.00012983063749386637	0.00010599179421073568
17	0.00016200730160754743	0.00016685033766532126	0.00017033117380565278	0.00010855755331308	0.00015226447049457382	0.00011506363385085866	0.00013471740073537204	0.00013272138903022384	0.00011039720141954506	0.00012976444387253794	0.0001119988820585656	0.00013953928318452408	0.00015084311883824527	0.00014513733321035795	0.0001481414588777784	0.00011558838391361889
18	0.00014738650636008142	0.00017047019591537896	0.00016741022703881377	0.00011767241303154125	0.00015470984022074535	0.00012990592965828068	0.0001414914821691715	0.00013916587330091516	0.00012672383568361898	0.00015406672030742572	0.00012495370393814757	0.00015563261045380925	0.0001532755100905527	0.00015693844887197352	0.00016209299243858855	0.00012848434551058398
19	0.00016648494861974927	0.0001659702906908143	0.0001656513477419367	0.0001354196522585908	0.00016472907892369268	0.0001475059288808446	0.00015429344122927256	0.0001527419557862938	0.00014425433345805966	0.00016613612786347802	0.0001413384887306208	0.000173474571668794	0.0001760713395416799	0.00016199480654502198	0.00016310632825067563	0.00014380383531691865
20	0.00016943543318897783	0.00016689084380185794	0.00017594257159681058	0.0001541519215624725	0.00018070789882586568	0.00016416522501462637	0.00016981130197387417	0.00018194701215301442	0.00016083232195417843	0.00017989793671907247	0.00016051438494181765	0.00018633252141595714	0.0001928641439883183	0.00017967978177508924	0.00018178291878017492	0.0001655044551335754
21	0.00016919635799444923	0.0001630743428626058	0.00017181631371824635	0.00015590804817959344	0.00016980406834912295	0.00016744788153407855	0.00018034340534149056	0.00018359821059406054	0.00016466186298131935	0.00017869206100874787	0.00016090357132280713	0.0001755364424190436	0.00018143529004502584	0.00017419742124464131	0.00018107149171275546	0.00016653077120204154
22	0.00015064826638837016	0.00015307433645223717	0.00014759569046936583	0.00013628442660336626	0.00015665713840876133	0.00014715481192473153	0.00016377968293353727	0.00015569972812134718	0.00014454637677173686	0.00015657475226490554	0.00014249298131183017	0.00015848626036913923	0.0001524180086150978	0.00016356899124408923	0.00016314691202610863	0.00014659448248878474
23	0.00012655047985614965	0.00010706041669500222	0.00011539562933130007	0.00010135105583762452	0.00012868834832271866	0.00011145234808661062	0.00012495204480858363	0.00011398696451263818	0.00010863768446380689	0.00011826010656200679	0.00010684419001659523	0.00012387935688115066	0.0001147801115308414	0.00011394824794480724	0.00012093249093929552	0.0001087840070938903
24	7.211140245476654e-05	6.272154106677721e-05	6.757878285785606e-05	6.217927927524472e-05	7.168540677583422e-05	6.771543130872594e-05	8.05325789008037e-05	6.790680968205977e-05	6.649321432268607e-05	7.359166909095718e-05	6.501214933746216e-05	7.325978208901067e-05	7.074304669952463e-05	7.10254468046095e-05	7.776568512675821e-05	6.708852419424924e-05
["C2",*,*] : 	1	2	3	4	5	6	7	8	9	10	11	12	13	14	15	16 := 
1	3.6970633184540444e-05	4.8852134357374e-05	3.887373621494614e-05	3.737860402706144e-05	4.539180808458024e-05	3.760655658812063e-05	3.35130807953786e-05	3.9708641774575045e-05	3.5998029028632996e-05	6.067528331554232e-05	3.966264687456973e-05	3.967113963081495e-05	6.493438156855452e-05	4.248815740380011e-05	3.1772688092943884e-05	3.389388570517144e-05
2	6.582145059183451e-05	6.410500804396443e-05	4.1255361738055326e-05	4.139376438620733e-05	6.097361308007698e-05	4.669250918457742e-05	4.23356547838199e-05	4.8498996862383326e-05	4.330252489178198e-05	7.108076778917541e-05	5.0790335146359944e-05	4.682086590213178e-05	3.999230200504811e-05	9.592163805116598e-05	3.956526147828551e-05	4.378585768630068e-05
3	6.836079890992784e-05	6.726815189086086e-05	4.477165533158667e-05	4.367867487288415e-05	0.00013667845602143778	5.3144649944581897e-05	5.236818806928028e-05	6.23935936822643e-05	4.653764436405602e-05	7.831816891493954e-05	5.456250739251371e-05	6.193781121581143e-05	5.646820610081708e-05	0.00010697064431449548	4.4780712638029013e-05	5.210600399657707e-05
4	5.342409895079794e-05	6.685701873189661e-05	6.0617607725774224e-05	5.17294069696838e-05	8.474166811520252e-05	5.993753802823492e-05	6.0027403003311305e-05	7.958012029181379e-05	5.125464684554428e-05	7.34860453899141e-05	5.890626826617177e-05	6.35126984054891e-05	6.321637443002713e-05	7.314826017970426e-05	8.088744563308812e-05	5.47902668509531e-05
5	6.742635305686284e-05	6.94438329826421e-05	5.9037780199784665e-05	5.606726742363678e-05	0.00010372591607265422	6.83846922614147e-05	7.019011947587871e-05	7.997014261476332e-05	5.974540008616658e-05	0.00010211894238362152	6.392916534561287e-05	0.00010978276393590398	7.655509452078752e-05	8.345098551882671e-05	6.0346652728812537e-05	5.972918113677976e-05
6	8.133898179102998e-05	9.157168480668986e-05	7.354953048661814e-05	6.717406204765089e-05	0.00011483502778886442	8.679463353625721e-05	9.315262514395583e-05	0.000141049290244399	7.934491893406828e-05	0.00013825698542999356	8.612538148367872e-05	0.00012361242202928288	0.00011365425511054305	0.00010211378402368508	0.00011066303886552947	7.555968128390745e-05
7	0.0001229776319027676	0.00012198831608648091	0.00010050023134101047	8.070565949505353e-05	0.00011280758713704308	0.00010512334515681126	0.0001218912471446081	0.00016490423672487313	9.507332793974223e-05	0.00012376676740792386	0.0001011551207075261	0.00012805368218381819	0.00010677388959097645	0.00011466988676248085	0.00011312963093354423	9.337124195211296e-05
8	0.00013385989287063366	0.00015631370136002268	0.00013459867676326003	8.17335029734295e-05	0.00011873256540220879	9.964394958589078e-05	9.232563372882883e-05	0.00013966086054979478	9.77819495688625e-05	0.00013743126261699326	0.00010210168552499394	0.00015777546076513395	0.00015705637682038323	0.0001199449075048131	0.0001110975814360328	9.61493006102374e-05
9	0.000132466980048792	0.00010794393010741998	0.00010446305072687565	7.171621017649644e-05	0.00010122831662451338	8.308491613490641e-05	8.750772962916277e-05	0.00013204162259159157	8.286616274876083e-05	0.00010641958415228026	8.590809300435776e-05	0.00010348011592884551	9.53540121344535e-05	0.00012253378323394596	0.00011680041943147549	8.030121100024812e-05
10	0.00013628112795950644	0.0001424682348865023	0.00014789908902537694	7.193809441463535e-05	9.075706699534071e-05	8.242519405163569e-05	0.00010029006148465597	0.00011707094784852456	7.861891308872663e-05	9.358107057233103e-05	8.456004194465896e-05	0.00011554183878822414	0.00012013415642566978	0.00016328370603458463	7.839895876300019e-05	7.706536520038387e-05
11	0.00017999315668081476	0.00016073921620265793	0.00013612515909878058	7.345883462730596e-05	0.0001472074459792343	8.210294963445998e-05	8.615584018501648e-05	0.00010147880998338128	8.230176764632065e-05	0.00010297737304923197	8.731886579979124e-05	0.00011873141249471352	0.00010749656452048209	0.00010942955780384477	9.26742413175892e-05	7.63400331954748e-05
12	0.00015119187921462234	0.00019063766084845434	0.0001464702584201256	7.597368968101492e-05	0.00010710981798090262	8.151614000968063e-05	0.00010946530183662737	0.00016046219135132598	8.273673804981013e-05	0.00010535054117881399	8.867285667936916e-05	0.00017469822492826182	0.00010202383105951408	0.00012161745394292951	0.00012195690676890364	7.846501614809928e-05
13	0.0001324880342209806	0.00020214168204069617	0.00015173075080081677	8.076161971540632e-05	0.00011654780974028102	8.930516751858074e-05	0.00013834079697906757	0.00013194226314914285	9.146756267675878e-05	0.00010921376165828364	8.95472446939798e-05	0.00012154184904636297	9.61916722256854e-05	0.00017111161970535417	0.00013512342902548095	8.574100577648617e-05
14	0.00012487202721625626	0.00017198083404558424	0.00014641511878146332	7.467416696643536e-05	0.00011755544287859146	8.746873264558357e-05	0.00011667981104363352	0.00010732660163681549	8.377645003008606e-05	0.00011842976977417912	8.742824945402551e-05	0.0001082099337693945	0.00010575111439504451	0.00010762781123385555	0.00010875659740123634	8.166740952951389e-05
15	0.00017731324288169426	0.00017434909246794573	0.00012974684967062886	8.094199607901533e-05	0.00013365160753992677	8.932566270947294e-05	0.00011082620250433829	0.00012367315008833023	8.556368953946965e-05	0.00011424998323620771	9.222166279532532e-05	0.00013525731262688665	0.00013538021416062518	0.00013088655455898592	0.0001257071734928491	8.200995742719431e-05
16	0.0001686719818114931	0.0001488091379565457	0.00014721037008467213	8.531529441389911e-05	0.00013691789895416376	0.00010032954755944166	0.00013586488433346472	0.0001238714249904081	9.852722154242298e-05	0.00013948539055196586	9.933397950632992e-05	0.00013059186506422877	0.00012335819498189148	0.00011834839268252187	0.00010361014443888662	9.231067586345814e-05
17	0.0002107887240769932	0.00013479074008158933	0.0002085956286652457	9.046430295786646e-05	0.00014002057578553612	0.00010976756688497345	0.00012113893562688882	0.00015040912528462152	0.0001093563723285263	0.00016079405929580713	0.0001128683629497137	0.00015369716364585815	0.00012832508937787778	0.00012111029601630835	0.0001221598240695763	9.720734578386891e-05
18	0.00014846972634058187	0.0001528224879960446	0.00015608844499604996	0.00010338775440275162	0.0001989702480073111	0.0001260376143992485	0.00014710809196639735	0.00017024174057433047	0.00012403675355041234	0.00015990150014363872	0.00012758658086880958	0.00013345156352822642	0.00013575747040945566	0.00013393704133510612	0.00012353820323923728	0.00011320305336680335
19	0.0001360139887928731	0.00017211735968608276	0.00016605223862161853	0.0001228670020614484	0.00017293141740243743	0.00015098299745159763	0.0001636328128778563	0.00018629887901521372	0.00014669696047819164	0.00018398245381894614	0.0001485603809898446	0.0001581229093205461	0.00014882004902031464	0.0001680442615798548	0.00013998408161786395	0.00013332315056451165
20	0.00017123659636140791	0.00021366450714003878	0.00018647714350163375	0.00015481205630943142	0.0002022039350118413	0.0001728842719615886	0.0001723501811619425	0.00019213556176871959	0.00017369199599548323	0.00020246187361137974	0.00016879432561698078	0.00017598654546335454	0.00021240692709406	0.00018022239677827306	0.0001653593876747733	0.00016182110836640033
21	0.0001858915323104454	0.00022378567954002795	0.00022049358630223367	0.00016181497238101683	0.00021020621686775772	0.00018299163634093833	0.00018121786083161748	0.0001969463248305049	0.0001878520970836833	0.00019385776384243705	0.00017887550600501995	0.00019245676785904664	0.000233742167148229	0.00019367220238800237	0.0001696278078975512	0.0001751649584155114
22	0.00016320850516390073	0.00016018433185666214	0.00015842015230848756	0.00014257855774070833	0.0001832967801079701	0.00016546604965402223	0.00016258135922800134	0.00017926881441379154	0.000164022098431452	0.00019230213317457834	0.00016438384590869982	0.0001709020983508552	0.00016790639508041354	0.00017898465423277517	0.0001521969910201007	0.00015716944794107995
23	0.00011468359384636377	0.00011275515622555792	0.00010610848692149718	0.0001025643404677876	0.0001544366346050309	0.00012034525016733867	0.00012377346627282226	0.00014249043834644505	0.00011808873885277044	0.00017047882534387403	0.00012163611723448111	0.0001270194930498999	0.0001244383994816115	0.0001329569206562009	0.00011594782152305039	0.00011836449886104632
24	6.210857894898785e-05	7.023121538887144e-05	5.685108153848456e-05	5.612821448086034e-05	7.174237982779167e-05	7.100636954037493e-05	0.00010178874094120784	8.555644143889952e-05	7.08123770056615e-05	7.887597597414237e-05	6.77837989539251e-05	7.264535315595899e-05	7.269202440241504e-05	7.14001141355982e-05	7.367283186947282e-05	6.735802020729482e-05
["C3",*,*] : 	1	2	3	4	5	6	7	8	9	10	11	12	13	14	15	16 := 
1	5.251899452756135e-05	4.4925961334419595e-05	4.82295445765448e-05	4.3969073360043035e-05	4.755987218478607e-05	4.3979420878894236e-05	4.957070989067755e-05	4.902720845004986e-05	4.317972569985187e-05	5.36815129702642e-05	4.500163189224045e-05	4.731323888016636e-05	4.761331554183104e-05	5.473802944361017e-05	4.715312745338748e-05	4.424413707275078e-05
2	6.43803303619026e-05	5.966371929844531e-05	5.7786756640939464e-05	5.117395978122137e-05	6.29982540320331e-05	5.0912657914461175e-05	5.819278580469859e-05	5.5137353881024125e-05	5.09419183589766e-05	5.863297037408868e-05	5.0652407640175e-05	5.916256433702203e-05	6.03995623931333e-05	6.079938172351678e-05	5.953777364921152e-05	5.018687604861307e-05
3	7.07027277446748e-05	6.931212480430223e-05	6.444522508331501e-05	5.577388882566472e-05	6.520698973181705e-05	5.565820147163873e-05	7.317702602742661e-05	6.642228643847549e-05	5.596936141276189e-05	6.925692516270167e-05	5.693786306645288e-05	6.757643639908343e-05	7.264932030371929e-05	6.927799823227768e-05	6.42938280159971e-05	5.632780376247881e-05
4	7.340026581818664e-05	7.485568572996301e-05	7.536535148432688e-05	6.0966457945697665e-05	7.70278698443988e-05	6.224348068318701e-05	7.061111383935047e-05	7.311999266603923e-05	6.028018366071527e-05	8.072214325957692e-05	6.13042347051344e-05	7.707354271764334e-05	7.12579065755551e-05	7.18601462275047e-05	7.295504972152218e-05	6.055278970194812e-05
5	8.205423442372326e-05	8.498674060922505e-05	8.306181061906227e-05	6.989096719654151e-05	8.625711529603346e-05	7.078847124105344e-05	8.26923438532537e-05	8.201288586745257e-05	7.048847920728267e-05	8.435374423430583e-05	6.995634993303797e-05	8.916718740907663e-05	8.524692681057904e-05	8.532892994920806e-05	7.94078626392933e-05	6.99609791433652e-05
6	9.913301475360828e-05	0.00010055302971951247	0.00011511283440829734	8.24647152633772e-05	9.605552368879178e-05	8.938005183892779e-05	0.0001044835136257279	0.00010411933614263517	8.669284230319222e-05	9.945761770268847e-05	8.637994882017786e-05	9.924984275062414e-05	0.00010566254368342819	0.00010976757321112319	9.845040014893748e-05	8.530070370571748e-05
7	0.00012013836245101833	0.00011463016243386126	0.0001332860862632254	9.276176239749445e-05	0.00011220959842539712	0.00010080455368851273	0.00011908163364462116	0.00011177349121441973	0.0001000189915251918	0.00011636477223868081	9.80711683125706e-05	0.00011744060109016653	0.00011187917678522336	0.00011769741160336305	0.00011393412200801778	9.796625923447765e-05
8	0.0001338191269122883	0.00012573274252922415	0.0001408989401999184	9.643610107247283e-05	0.0001257723192667071	0.0001017550038834948	0.00012606401513850796	0.0001241035274253369	0.00010152241575590775	0.0001245644589706519	0.00010123195850154966	0.00012465828536739647	0.00012066581252828399	0.00011834335791898616	0.00012124303957748788	0.0001018203034085995
9	0.00013538244998574886	0.00014225296975656974	0.00015484092468590673	9.28977470680251e-05	0.00011874958588031893	9.508030734605212e-05	0.00011524775543032747	0.00011514349183469784	9.305312115845271e-05	0.00012279585908127753	9.482861693849737e-05	0.00011203370532076237	0.00011083450138644379	0.00013113629943950188	0.00010834146088173238	9.472684685174177e-05
10	0.00015471442458780187	0.00015550046902160095	0.0001675051299456271	9.160209179280726e-05	0.00013206797615513343	9.241385696816772e-05	0.00011129523703003501	0.0001172584459777842	9.113964168275852e-05	0.00012560518086028792	9.278580868090966e-05	0.00010761182034911924	0.00011259148863529177	0.00011910009650155552	0.00011083914962505894	9.456520219164639e-05
11	0.00016065521817665206	0.0001696159694449815	0.00016524712272764785	9.509229501235105e-05	0.0001339945672412291	9.418653800903619e-05	0.00010751845623437334	0.00011589505486369014	9.321624772741562e-05	0.0001158443840814223	9.57311745289601e-05	0.00013372472080590874	0.00011444726469874205	0.00012306297006981924	0.0001127554555023953	9.604166355361272e-05
12	0.00015304936570685834	0.00016737899862499296	0.00016859701061690125	9.811853843387626e-05	0.00014292933757304254	9.700652916677199e-05	0.00012428281335773907	0.0001228837844726046	9.62775523421715e-05	0.00011640077527731375	9.82087600159704e-05	0.00012308812306320192	0.00011387625790199371	0.00011983528666935787	0.0001131590361074892	9.841387314770131e-05
13	0.00017494913143447952	0.0001830644388994402	0.00017366209367745153	0.00010167276710140013	0.00013988365982863516	0.00010284009466537078	0.00012671657258140308	0.00011746264661716673	9.96161348450813e-05	0.00012559789085266884	0.0001033321476033008	0.000126255208437479	0.0001183604074098193	0.00012497512027221703	0.0001326502608896874	0.00010287697004647444
14	0.00017352649750514756	0.00016554807747650178	0.00015506005910310668	9.913836079068431e-05	0.00014038343061959085	0.0001001932437898627	0.00011856591599636974	0.00011470349745376296	9.911236787684227e-05	0.00012675570419223473	0.0001015888544130499	0.00012654503429566412	0.00012240094047240435	0.00012206882433850749	0.0001242403005029018	0.00010146459184695751
15	0.00016639009100942296	0.00015655496748868795	0.00016669548758158428	0.00010139848938775545	0.00013784974854858198	0.00010236941550389767	0.0001349756510025021	0.00012575724542871836	0.00010125747917072585	0.00013129455819682357	0.00010249163832846282	0.00011813960579013545	0.00012307894593376853	0.00013403130862158681	0.00012938896139158448	0.00010360435974789897
16	0.00016378145468794205	0.00016920989015299312	0.00016470852451105894	0.00010661465624914371	0.0001490192681591431	0.00010841266854185774	0.00013029964111941548	0.00013264775962154574	0.00010664113829551053	0.00012866950176612394	0.00010965663022867426	0.00012545320038457897	0.00013456620888092948	0.0001378353907189272	0.00013780787475481035	0.00010733070316869557
17	0.0001746509674545172	0.00015675762652170506	0.00016384712763347202	0.00011424421480665816	0.00014356046922260013	0.00011781344632996174	0.00014800043207849	0.00013934135081186393	0.00011609594497376354	0.00013957278022821577	0.00011826397459364455	0.000139208489865943	0.00013862249146676567	0.0001455129714275466	0.00013901234648826025	0.00011659056426004762
18	0.00016583056672427564	0.0001598942006994263	0.00016191827679222105	0.0001226610551720902	0.00015235220018808897	0.00013085505532503685	0.00016450173676379917	0.0001516994559877321	0.00012776487051687936	0.0001532153823097339	0.000129063821385108	0.00014638695538628254	0.00014688002727422	0.00015480058639182604	0.00014911280988698846	0.00012824177916956827
19	0.0001660404339384433	0.00016604134866579322	0.0001738438807835974	0.00013727224778465352	0.00016138190296556435	0.00014508213168525752	0.0001678351682971285	0.0001592523707587995	0.00014372338643317735	0.0001666335028982	0.00014394874568278857	0.00015558533469826403	0.00015727576280899627	0.00016629826568385057	0.00016200663073729038	0.00014239943887410305
20	0.0001772748707455672	0.00016730023936157527	0.0001720554731981789	0.00014999437634443186	0.00017335186072424188	0.00015970434444867468	0.00017830570539956474	0.00017431489759108114	0.00015676051343937065	0.00018858240378260101	0.00015826688933741117	0.00017088611604412193	0.00017046058895674228	0.00017383406061133075	0.0001751678270992471	0.0001569583266479333
21	0.00016811356885448674	0.00016513349085406362	0.00017165248686127108	0.00015087418289739643	0.00016019795509388934	0.00015842058928448004	0.0001752584407365732	0.00016821507134896492	0.00015615143343923743	0.00017159000157172572	0.00015613014624235127	0.0001650566133139208	0.0001744895661645335	0.00016714707160856817	0.00016538873624697784	0.0001559253751948922
22	0.0001470215120023469	0.00014375406935655387	0.00014735826129706896	0.00013024157922300652	0.0001506509452628295	0.00013828657552946596	0.00014980816480637092	0.00014536627282157996	0.00013736874212411397	0.00014291918858423368	0.000134508787493456	0.00014821200245865304	0.00014770033893822749	0.000146954356502738	0.00015175369477146735	0.00013398272750452005
23	0.00011091987059680805	0.00010576365505139546	0.00011227684939694367	9.760776757488713e-05	0.00011020466665103063	0.00010464383708646389	0.00011904190792300022	0.0001200148876623845	0.00010243120028794058	0.00011211765889857181	0.00010174119362473563	0.00011292499369274196	0.00012336790565055538	0.00011152024127384295	0.00010677984076962126	0.00010251911474084272
24	7.420524824963283e-05	6.408976483989807e-05	7.000423514028126e-05	6.02334179119458e-05	7.092133778998623e-05	6.465748254371685e-05	7.59576128827495e-05	7.223665656175053e-05	6.42348494564201e-05	7.456753030083504e-05	6.310968858650223e-05	6.841133018741421e-05	6.801493366737704e-05	7.314633414859393e-05	6.593042647483634e-05	6.308422057965106e-05
["C4",*,*] : 	1	2	3	4	5	6	7	8	9	10	11	12	13	14	15	16 := 
1	5.126039018381881e-05	4.755870937285156e-05	4.4806785326410385e-05	4.068459438461569e-05	4.2229867028866046e-05	4.276924576673003e-05	4.840540033364803e-05	4.9973503201736326e-05	4.114197565903116e-05	5.154932149199218e-05	4.284451659085736e-05	4.2532138107889e-05	4.6298039479191986e-05	5.2659268448411346e-05	4.718063345741546e-05	4.1878630155239866e-05
2	6.471946841016348e-05	5.908596139951627e-05	6.084004398457145e-05	4.779842612817281e-05	5.622290108173372e-05	4.991989943828254e-05	6.171154192619163e-05	6.705460132629461e-05	4.7430734887626445e-05	6.540908355563128e-05	5.016814010318613e-05	6.0963137080162846e-05	5.957216825808114e-05	6.371000481366326e-05	5.814071619139604e-05	4.989340857946097e-05
3	7.074850839577233e-05	6.964335273903593e-05	7.211513262098885e-05	5.34883298756019e-05	6.910453239019495e-05	5.4813479497059474e-05	7.419148077808661e-05	6.394391042055666e-05	5.2269626013791224e-05	6.978257744661531e-05	5.688948225543132e-05	6.908797881804148e-05	6.719682261649888e-05	7.141144722281568e-05	6.43279858784743e-05	5.492722568514096e-05
4	7.895293373402299e-05	8.451650958128283e-05	7.735049531892072e-05	5.7707947877461e-05	7.134067352545214e-05	5.963151899329208e-05	7.465585553044835e-05	7.344363951991105e-05	5.555823429061238e-05	6.885078923718935e-05	6.0223899828213625e-05	6.69523346751913e-05	7.700677783690445e-05	8.116021447607433e-05	7.214763421710635e-05	5.88883418483065e-05
5	8.485550155770085e-05	8.751600360887212e-05	8.503905387152677e-05	6.435359694503656e-05	7.612467745872665e-05	6.919117347188953e-05	8.648274641063788e-05	8.424577360118317e-05	6.451468615330776e-05	8.63093085827194e-05	6.957933899971876e-05	7.622270664730553e-05	8.88813121025871e-05	9.100188596885937e-05	8.59275586308707e-05	6.66082296954774e-05
6	0.00010230849912159263	0.00010219945167095675	9.493085726808321e-05	7.668033471596736e-05	0.00010183245826359406	8.790863865190031e-05	0.0001071718289550393	0.00010344485806486475	8.292988149046187e-05	0.00010305792550317975	8.584073238995014e-05	0.0001015100437392701	0.00010376660624927613	0.0001013926322835032	0.0001056923730506701	8.395288649155301e-05
7	0.00013074738509567915	0.00012289293570677767	0.00011060788810622455	8.747814453735656e-05	0.00013280831650308732	0.00010202921367682062	0.0001197527786401886	0.00011260295845660613	9.786532027236656e-05	0.00012278207056026463	9.924223231248961e-05	0.00012099737461733182	0.00012789989435015142	0.00011390273492152005	0.00011679606909052074	9.879242627667345e-05
8	0.00013801833012082185	0.00014613814672725874	0.00012973656048014093	9.090849575423823e-05	0.00012987921360831594	0.0001020251628869433	0.00012333422805738202	0.00012583205225335405	9.849838182656862e-05	0.00012059158483558274	0.00010141291846554227	0.00011779525762657839	0.00013072995430765149	0.00012335745485953423	0.00012315872330169846	9.905936385278898e-05
9	0.00014244228949567025	0.00014123769670318188	0.0001539714607340562	8.520448538539817e-05	0.00012352721869734345	9.12924732315359e-05	0.0001157036700576387	0.00010396394480952899	8.720442088196102e-05	0.0001090777678570412	9.208303140593649e-05	0.00012338035704676672	0.00010740139212923481	0.000122761515032617	0.00011554039087095539	8.962766800876098e-05
10	0.00015308368548610002	0.0001591874418463576	0.000150538112830545	8.402839246454703e-05	0.000125708813209264	8.793211393503725e-05	0.0001175605077643131	0.00011044720107952237	8.548676830242144e-05	0.000110153174270769	8.983613655971564e-05	0.00011125984785877565	0.00011063358032076259	0.00011864647331415667	0.00011343662345950907	8.726395996501386e-05
11	0.00017769301426008143	0.00016749163044878817	0.0001591711752727433	8.697386562075862e-05	0.00012560577252168756	9.103063383627367e-05	0.000118186985658515	0.00010899600690565945	8.771024322727056e-05	0.00011770401369695355	9.229644794931632e-05	0.00011727699314041967	0.0001166506524143685	0.00011877711720222871	0.00012156537497188517	9.047408576525362e-05
12	0.00016265895036509512	0.00016652470435111954	0.00016629119060889002	8.871427439279405e-05	0.00012888992513521665	9.398770150448173e-05	0.00011689935605245493	0.00011938763528859441	9.05987729261628e-05	0.00012117422757989719	9.493619038985006e-05	0.0001221340823788899	0.00012885788844160435	0.0001298841161860509	0.00012504744438271556	9.278470914296657e-05
13	0.00017724428308819575	0.00017088752837096356	0.00017311349703601979	9.429393730384354e-05	0.0001283174397960979	9.933661424440787e-05	0.0001313356346051489	0.00011619095922016987	9.530865449156141e-05	0.00012735613133484037	0.00010037109687621074	0.00013025670355777368	0.00011883545622202625	0.00013270967905133654	0.00013101186725273444	9.839971146048396e-05
14	0.00017069588697765338	0.00017329589966896716	0.00016585806711092325	9.175423587209588e-05	0.00012768564833919255	9.536419633270423e-05	0.0001256612622242594	0.00011701833966921085	9.320982629227541e-05	0.00012093507793610683	9.828921596229493e-05	0.00011277947534372637	0.00012159194856138685	0.00012807688552073722	0.0001288905284421393	9.558670107824993e-05
15	0.0001651750137210131	0.0001745831634506451	0.0001654947871008846	9.305070831867699e-05	0.00012708776775421904	9.887500331726628e-05	0.0001269058361353291	0.00011851755937715135	9.528589532995589e-05	0.000126150147705023	9.984378119205596e-05	0.00012208293471614672	0.00011773799058251428	0.00012421010603657357	0.00012026857536871487	9.734747371441463e-05
16	0.00016410645896103166	0.0001658168668320789	0.00018023026879893033	9.817048098830058e-05	0.00014557230575878272	0.0001051246141413119	0.0001307185073730629	0.00012386253424585898	0.00010157465140455732	0.00012170073035193063	0.00010546104565913881	0.0001282403615004836	0.000135986983869797	0.00012245012478943388	0.00013241677884070466	0.00010385561770876248
17	0.00015265477584795132	0.00015737847859586114	0.00016217604490235493	0.00010469857671817772	0.00014301420615208885	0.00011399446437565122	0.00014135408569920238	0.00013368798178384867	0.00011174051746646156	0.00013564983204822353	0.00011420052783217742	0.00014322185221352166	0.0001395234408197601	0.00013052872696463116	0.00014086426700540318	0.00011232265789975841
18	0.0001561796300601403	0.0001600476969826272	0.00015777132005553957	0.00011527733222295107	0.00014173219422866304	0.00012500434695837805	0.00014573812991134453	0.0001433829720486195	0.00012361243990911288	0.00014123104469589877	0.00012505965262235864	0.0001431181650339982	0.00013709437387981108	0.0001463885697454559	0.00016124899159102206	0.00012331288084035046
19	0.00016517760292321612	0.00017197348832911352	0.0001588169250647018	0.00013241274053959145	0.0001566623826657418	0.0001447649153664438	0.00016346595566272496	0.0001617781275127136	0.00014107385465650732	0.00015579493338820202	0.0001432399532925858	0.00016108503045655424	0.00015899223909267746	0.00016120632242315607	0.00016045623723431985	0.00014134792141157242
20	0.00017551006384708542	0.00018193977557398654	0.00017236457975854387	0.00015080514430908007	0.0001778007117710201	0.00016525475356352225	0.00018232057631190987	0.00018724447542851477	0.00015989030816307998	0.00017948715789858105	0.00016252421885624578	0.00017516009172172112	0.00017877946608543162	0.00018066102910507822	0.00018284180897187166	0.00016099851697719869
21	0.00017724506486517774	0.00018105129670481818	0.00017589725139402986	0.00015534570231993017	0.0001766678035802111	0.00016909849995398082	0.00018071526138397154	0.00018431146189275605	0.00016471851642095624	0.00017884932937520243	0.00016739270430028662	0.00017378166672954275	0.00018113696594030965	0.00018457573096706024	0.00018175463400090555	0.0001656695469220169
22	0.00015397163740181507	0.0001538811100674591	0.0001491509821430355	0.00013680187783769184	0.00015545498721851442	0.00014906087046097957	0.00015668961373395402	0.0001589982134612534	0.00014611428426982323	0.00015733478483095602	0.00014690041336437863	0.00015601161813579516	0.00016043864215168951	0.0001611231422374091	0.00015918264498971329	0.00014627471226779612
23	0.00011567384084510593	0.00011368135072031795	0.00011344482625465337	0.00010030567864405898	0.000116214197563763	0.00011135454120069399	0.00011773527903444007	0.00011673225224820975	0.00010806681212687597	0.00011652525026419279	0.00011056780766700026	0.0001145420897636859	0.00012214135810716906	0.00011612482970720439	0.00012111005129049014	0.00010886965479052897
24	7.342855886877864e-05	6.874273586060728e-05	6.527129266231687e-05	6.074453502713518e-05	6.633236070236204e-05	6.788120162726563e-05	7.79930059665287e-05	7.914894797888878e-05	6.521079966323895e-05	7.377562614194403e-05	6.761037460987258e-05	7.130943412443805e-05	7.374489196324933e-05	6.928440685513283e-05	7.084069301322167e-05	6.585548176980034e-05
["C5",*,*] : 	1	2	3	4	5	6	7	8	9	10	11	12	13	14	15	16 := 
1	5.148174304244068e-05	4.866901623642536e-05	5.227608774283331e-05	4.8791701337652776e-05	4.9727054747521986e-05	5.6755627709454545e-05	5.9839444207792675e-05	5.368715537795466e-05	5.0037670359694094e-05	5.189395194238893e-05	5.1291750451293976e-05	5.43660525187257e-05	5.37857351511525e-05	5.182927549356582e-05	7.418401472698148e-05	4.9031185073659284e-05
2	6.242896919746287e-05	5.85948490925453e-05	5.947766568696941e-05	5.764832883386874e-05	6.182383262107508e-05	6.222624195609245e-05	7.110343613812174e-05	6.318547394621262e-05	5.888118587367967e-05	6.0181908209916824e-05	5.775911420818801e-05	6.386816941727847e-05	6.447591873459588e-05	5.84293761103427e-05	6.183013789990776e-05	5.630458359023095e-05
3	6.503577381444911e-05	7.970889654910727e-05	6.785765131377357e-05	6.348274246258523e-05	7.498304488003111e-05	6.779273103701633e-05	6.969440025721206e-05	8.948324907898706e-05	6.289429851388365e-05	6.70436480515496e-05	6.548968147402848e-05	7.27405895215582e-05	7.620822151420429e-05	6.943163992929232e-05	6.61723884480562e-05	6.276102964201446e-05
4	6.797679576848076e-05	7.468414730025582e-05	7.622011287532199e-05	6.850979639956174e-05	7.397305136491406e-05	7.384368347855994e-05	7.52255538950087e-05	7.115589190997187e-05	6.859297867400724e-05	7.756741418990617e-05	6.933292795917667e-05	8.134049992773004e-05	8.349189165286167e-05	7.424520987411038e-05	7.381376636619051e-05	6.834397257702217e-05
5	8.888744767901656e-05	8.458434075152261e-05	9.143161283001037e-05	7.578293705807157e-05	9.555228156227672e-05	8.544543243387447e-05	8.288196426714338e-05	8.313582897121902e-05	8.06618964610612e-05	0.00011063089128425131	7.874374384508416e-05	9.073213305613796e-05	8.13621147773717e-05	8.227936627243862e-05	8.596085575492925e-05	7.762403063534992e-05
6	9.554115898244376e-05	0.00010047378039968174	9.327818390858514e-05	8.53015753470373e-05	9.911140663217377e-05	0.00010207986646163865	9.910296337101947e-05	0.00010330046299984115	9.318173026617246e-05	0.00010943580360971101	9.528217345603321e-05	0.00010228853463421867	0.00011665196164510668	9.69168159694675e-05	9.774953280777669e-05	9.265631296270254e-05
7	0.00010860831826616473	0.0001222584480059434	0.00010435177881404219	9.346199975778371e-05	0.00010749418120433979	0.00011167597214444402	0.00010986566005741536	0.00011431552604246559	0.00010367945544165864	0.00010965962135734228	0.00010711043925923522	0.00011514540984068206	0.00012831002648743635	0.00010920367488489781	0.00010964785103873917	0.00010246519764546417
8	0.00012988274245707862	0.00012297351708170505	0.00011661764421409881	9.94781841485086e-05	0.00013171640686384284	0.00011783652201814528	0.00011701939962314463	0.0001299848256664644	0.00010667682718162942	0.00014139579128911886	0.00011086584843046105	0.00012071257698635012	0.00011889210961407052	0.00012954160765702726	0.0001131321231986003	0.00010629071397062345
9	0.00015219161441437464	0.00015068898485850508	0.00011855567795680635	9.775708955657432e-05	0.0001067119333498141	0.00011684790719331486	0.00011623697172987304	0.00011248859182698001	0.00010259016434181944	0.00012823627489886536	0.00010920895709725791	0.00011838553067635265	0.00011672369298247787	0.00013808237061761644	0.00011389600030016717	0.00010621993520050889
10	0.00014644344206362616	0.00014081881544489059	0.00012834608696569896	0.00010112482878254463	0.00011465357255869028	0.0001150538782459962	0.00011742573077104756	0.00012811375371484855	0.00010557004696100151	0.00011545252994681388	0.00010966539967853269	0.00011742983236127973	0.00012737930763830313	0.00011320830191214276	0.00015122000114151611	0.00010549229216744205
11	0.00016625997598745528	0.0001609590333041492	0.00013354954387729336	0.00010083473070725668	0.00013301036833422865	0.00011587993748363347	0.00013273442413058923	0.00013214332047053296	0.00010791455502862728	0.00012452513853645206	0.00011218871030820072	0.00014122491740487436	0.0001254397436531027	0.00011727263907161876	0.00012683205518605446	0.00010866489845985595
12	0.00016200433019345758	0.0001416920256717831	0.00013902842971206533	0.0001053238625754914	0.0001441011200816887	0.00011879365062193817	0.00014578723155226475	0.0001565986171391715	0.00010949179052937284	0.00012514760850777725	0.00011172505467271673	0.00012546644525194382	0.00012742017243326994	0.00012757847070438467	0.00015334281192787167	0.00010863688735342434
13	0.00014268383187137105	0.00014890666906347902	0.00015249215473911568	0.00010607943628143266	0.00012771226130529127	0.00011970156014334318	0.0001277677163873405	0.0001459597892261476	0.00011412609526649247	0.00014521732898377675	0.00011525126332010622	0.00013200781165824703	0.0001303637804621871	0.00013016793992212273	0.00013152676110440707	0.00011549386200591808
14	0.00014236916320802524	0.00017380615068746035	0.00017370554726435289	0.0001067683576434665	0.00012939517939680064	0.00012158459360680235	0.00013957662183435455	0.00013237185878976166	0.00011344804394193726	0.00013583345521314384	0.00011504622685914018	0.00013863999996147883	0.00013033761148542228	0.00013977986496614334	0.00013187712398130395	0.00011253595074101787
15	0.0001509670240826576	0.00013392499532398838	0.0001511692741254249	0.00010840245838479298	0.00012921482227906724	0.00012213743362278118	0.00013964522759038852	0.00013071566260157373	0.00011480057282980974	0.00013347436208709868	0.00011606164341077717	0.00013110846190905607	0.00013016867402027406	0.0001336089561524153	0.0001377466837772179	0.00011366088638255774
16	0.0001425794944299833	0.00014236934150394987	0.00016253715488156274	0.00011316580395814382	0.0001418545660958636	0.00012913283282690256	0.00013447586197204404	0.00012853416196087703	0.00012251052068796282	0.0001340304070722194	0.00011998908992105307	0.00013174750424979192	0.00015223096134108882	0.000144844766349043	0.00013131952295915866	0.00011885762634867368
17	0.00016420253444192088	0.00015129416997388943	0.00014962496960008257	0.00012231388984209284	0.00013251361545317249	0.00013631819673631375	0.00013413698820118685	0.00013930751814579732	0.00012801506152627817	0.0001355546276875945	0.00012418469957848474	0.000140325775580466	0.000139576848582085	0.00013724349952044923	0.00014444608519375898	0.00012423021418425456
18	0.00015328218582872632	0.0001471107350687434	0.00014585088833324582	0.00012882075215574218	0.00014043682386710927	0.0001426637869145399	0.00014539471511307092	0.00014463021693863378	0.0001344304936804475	0.00014943896217526042	0.00013445732094039738	0.00015641314407914745	0.0001528036991282651	0.000156189917949721	0.00014891548669371444	0.00013281806974784342
19	0.0001395104479961751	0.00016637512961156073	0.00016747325760046273	0.0001388873998267374	0.00015687112980013114	0.000151678734990716	0.00016192457893882126	0.00015283777447423725	0.00014404289984447778	0.00015215003399581925	0.00014401111698657487	0.00020786188895832372	0.00016706983164767834	0.0001715763941631509	0.00017046051814978585	0.00014088474031364638
20	0.00015229116618781347	0.00014938437277830263	0.00017810601430256137	0.00013940655289595302	0.0001652214542554893	0.0001555684200657686	0.0001565188297198734	0.00016709061488547175	0.00015047617466102428	0.0001531220238163236	0.00014848010315994095	0.00017049061286084787	0.00017127964511009686	0.00016729191532384834	0.00015657502046860313	0.00014669951394211516
21	0.0001455542821086229	0.0001402604026795111	0.00015867770194314776	0.00013381828138823534	0.00015118845078288288	0.00014927364884026936	0.00015081499579716517	0.0001680405961412799	0.0001426051796724567	0.0001517860674721539	0.00014148310913985145	0.00016078520647014864	0.00014944470964754826	0.0001466582941239279	0.00015371880340380774	0.00013495331349309018
22	0.0001189353456748392	0.00011831379236749717	0.00012795144012569433	0.00011301634484168987	0.00012570991851144477	0.00012541852957712255	0.00012403126714728867	0.00012620361744321952	0.00011932082508995136	0.00013087462333868447	0.00012203780864855824	0.00012846433166220487	0.00012793411265648368	0.00012292543818687605	0.00012384601621650366	0.00011972117199619048
23	0.00010389062385279841	9.38819197379347e-05	9.623334971281288e-05	8.847890648103101e-05	0.0001022787785539873	9.800157690670586e-05	9.576878229332853e-05	0.00010083709822592804	8.957452682427773e-05	9.847683144920155e-05	9.652173280114854e-05	9.867976748675862e-05	0.00010248757630919821	9.55278661771386e-05	9.548754289288713e-05	9.011709486960455e-05
24	7.266394249803906e-05	6.023548726342204e-05	8.482764172799605e-05	5.9001282372768654e-05	6.522680158502026e-05	6.538706904125962e-05	7.837006446448529e-05	6.97613151649858e-05	6.165147136901786e-05	6.51614672016358e-05	6.356761941960224e-05	6.530885970637416e-05	6.90384449895926e-05	6.928565854168665e-05	6.836475912626573e-05	5.8535842296768054e-05
;
  
 param  cooling_time_series  := 
["C1",*,*] : 	1	2	3	4	5	6	7	8	9	10	11	12	13	14	15	16 := 
1	0.0	0.0	0.0	0.0	0.0	0.0	0.0	0.0	0.0	0.0	0.0	0.0	0.0	0.0	0.0	0.0
2	0.0	0.0	0.0	0.0	0.0	0.0	0.0	0.0	0.0	0.0	0.0	0.0	0.0	0.0	0.0	0.0
3	0.0	0.0	0.0	0.0	0.0	0.0	0.0	0.0	0.0	0.0	0.0	0.0	0.0	0.0	0.0	0.0
4	2.3972448138685353e-07	6.900505650621618e-07	1.4391210626344428e-07	4.2176978264284724e-07	4.984583914572406e-07	3.854806810847524e-08	9.602476205342526e-08	6.51720632702861e-07	8.337873323412772e-07	5.559532899961922e-07	9.48764673644337e-07	1.3320112997283953e-06	6.229810082150176e-07	1.264942381638935e-06	1.753578596185332e-06	3.259887066459666e-07
5	5.146299155632662e-06	1.0358744543879877e-05	7.589592969095923e-06	7.465002963402455e-06	8.65320946815836e-06	6.698557937439502e-06	6.947532907609787e-06	9.927474837577891e-06	6.2674702770775325e-06	1.1287926503819051e-05	9.908191701226654e-06	1.3606806608709699e-05	1.2744210985429523e-05	1.1019616019167423e-05	1.714195895348721e-05	1.0732250754036672e-05
6	1.6855526274575473e-05	2.5450374688775017e-05	2.273842258710105e-05	1.8762369986416004e-05	2.2709754184095e-05	2.1081085930581796e-05	2.3859269858400013e-05	2.292064610175095e-05	2.2585236677398703e-05	3.463808253445185e-05	2.9799507767620316e-05	4.035849262539227e-05	3.746477851149528e-05	2.8324185113230522e-05	3.7196465152434075e-05	3.753167240997925e-05
7	3.6344820710271664e-05	4.5504854059899134e-05	4.227557594229031e-05	3.815570417458487e-05	3.905610594892326e-05	4.5935651404893615e-05	3.938168010183216e-05	4.1039697993421665e-05	4.21222744174471e-05	5.808395448779773e-05	6.0402570466385964e-05	6.929446036649622e-05	6.42835015083831e-05	5.5574135019655484e-05	6.329648067889199e-05	5.8908080610164586e-05
8	6.398742710160634e-05	7.017728672315222e-05	6.663190882598629e-05	5.752026711976053e-05	5.9714281595016955e-05	6.516618733834859e-05	6.465775762006122e-05	6.581759657668035e-05	6.302948316066035e-05	8.866793238447309e-05	9.09002454929623e-05	9.949503673834828e-05	9.732991295368681e-05	9.202177431871033e-05	9.155231488736075e-05	8.591839067059588e-05
9	9.224302592786844e-05	8.852625816575642e-05	9.042297501327075e-05	8.487540955790224e-05	8.316994730055673e-05	9.293335499128099e-05	8.640800929446066e-05	8.515331546048681e-05	8.813302647955206e-05	0.00012079434433096853	0.00012642805296705375	0.0001335185807248368	0.00012821089560773565	0.00012536516944237344	0.00012953274235641125	0.00012838293860241242
10	0.00010931746148714797	0.00011962768184534383	0.00012005840030377397	0.00011386894437713556	0.00011841062776607053	0.00012397733487299722	0.00011359059932859942	0.00011317943867236958	0.00011739492831345407	0.0001558527556107078	0.0001575390142570319	0.00016464856773193036	0.00015906312586216805	0.00016323093160336785	0.00016700538716883857	0.00016388188381058835
11	0.00013573370614158086	0.00014249857159798082	0.00014240275219651373	0.00014972260865440945	0.00014799821585497348	0.00015784751824960498	0.00013238028003855	0.00014517179709872422	0.0001407932636005617	0.0001890522338375286	0.0001913803462265469	0.0001978098297251858	0.00020432518716806487	0.00020780337574136752	0.00019738813212219632	0.00019632459195464746
12	0.00015884464518377525	0.0001702369328762396	0.0001756982714736389	0.00017395459809282235	0.00018027810722032357	0.00019009865785414617	0.00015218556822004886	0.000167870512591944	0.00017272828043023673	0.00021936770387337342	0.00023091308996568894	0.00024366612155605002	0.00024935750969160253	0.00025605505775306447	0.00023680587201157052	0.00023726586824784023
13	0.00020224808451180885	0.0001969499513770695	0.0001963944490500719	0.00020654093090226406	0.00020763300022362072	0.0002132763342992368	0.0001923315004927076	0.0001959056400514791	0.00020067741705286868	0.00025227015913823	0.00026625872566450365	0.0002791075999709552	0.0002917454488593024	0.0002959805301567277	0.00026925805197396054	0.0002759457832879909
14	0.0002097023253663982	0.0002103540281138831	0.00021879514032861942	0.00021909228689010837	0.00021308476033018712	0.00022447677718933734	0.00019973788434405433	0.0002190727990319681	0.00021119760089449285	0.0002714516870271482	0.0002757729495113086	0.00028970442259830596	0.00030297463105455704	0.00030163355290888273	0.00027493025821625247	0.00028468391622910245
15	0.00021483776596076083	0.0002118295091801501	0.00022453418681374926	0.00022118095489311076	0.00021926453492605096	0.0002216216255156296	0.0002006193405655223	0.00021826799117758016	0.00020915683812104617	0.0002651569398807118	0.00027714303907287616	0.0002849809669769629	0.0003018823918236902	0.0003020455378819973	0.0002804489406460154	0.00028385036523709517
16	0.00020978855477935137	0.00020749887644008037	0.0002179999135201046	0.0002188623417888683	0.00021379375772565372	0.0002122034574105628	0.00020816920472285872	0.00021364034601515841	0.0002008021661092268	0.0002682132935180403	0.0002737226056918938	0.00028886129056042556	0.0003007805715469503	0.00030758338240350643	0.00027754588374284694	0.00028941695289622365
17	0.00019740959917103435	0.00019085643749335412	0.0002112546409975656	0.0002059469296914446	0.00019619315095337135	0.00020018862657836505	0.00020019761294085765	0.00020624364093964104	0.00019625091796272891	0.00025616010209307424	0.00026360481619615777	0.00028104301339777115	0.0002838698262674081	0.00029249299751672557	0.0002659430564076629	0.00027426916796647916
18	0.00017172164494919854	0.00016897226132784257	0.00017816998649084154	0.00016803360020387217	0.00015850966340774108	0.00017759533580536768	0.00016937453111585206	0.00017428035876306425	0.00018357400712563582	0.00021743234889293637	0.0002259692166334191	0.0002488304205838186	0.00024808342061924187	0.00025933175053426024	0.00023627897389233115	0.0002393450427146697
19	0.000140553398592497	0.00014318839125210354	0.00014567934597013813	0.00014070707123559688	0.00013717143567063269	0.0001494449390921873	0.00013045498772726403	0.00014871672946242868	0.00015320076560916055	0.00018203860100725756	0.00018835277724619403	0.00021278537396484713	0.0002174322977923218	0.00022036433928355613	0.00019637251985992388	0.00020367349208570064
20	0.00011895656150303987	0.00011476969714884302	0.00012066184139511146	0.00011089901369634503	0.00011991495704567756	0.00011193369798543318	0.00010615607500749081	0.00012295196015775546	0.00012371855816617854	0.0001456677793460617	0.0001506214572894646	0.00017153756296906945	0.00018055351015096234	0.00018363899305491588	0.0001634795731420302	0.0001682893584612279
21	9.61429034808277e-05	9.243510323793458e-05	9.102605744210572e-05	8.722275206644578e-05	8.687849297375694e-05	8.729938127079551e-05	8.826691232582454e-05	8.872712318466374e-05	9.274170501010558e-05	0.00011535218315546186	0.00011577400978760282	0.00013501328552307682	0.00014302325418615638	0.00014607993965802817	0.00012431092894796137	0.000132732714590878
22	6.676568033463328e-05	7.049328813402599e-05	6.542420711732797e-05	6.929522080751934e-05	6.756159987579982e-05	6.657429192472963e-05	6.689991462322252e-05	6.375747816781938e-05	6.782979921661439e-05	8.70869004434e-05	8.607140539323883e-05	9.906386987197316e-05	0.0001060774790682646	0.00011127067740998776	9.149449869370661e-05	9.579660483490189e-05
23	4.5025122766229e-05	5.1262672036481644e-05	3.653602835175065e-05	4.017710843833949e-05	4.6711810977097604e-05	3.893139777305821e-05	4.520735394597111e-05	4.698935342655985e-05	4.376089483505991e-05	5.311129809546349e-05	6.240508442976512e-05	6.184971560305003e-05	6.825001298553839e-05	7.864576874653841e-05	6.271167853684397e-05	6.0086677324939666e-05
24	2.010363209430667e-05	2.4146942685355722e-05	1.7276972845830083e-05	1.811062348402694e-05	2.4079864824658685e-05	1.987350846029307e-05	2.473160366195555e-05	2.1234182414208356e-05	2.12534649118019e-05	2.882221457890278e-05	2.5804131788849916e-05	2.9282418092028624e-05	2.5459511478690647e-05	4.030101337641659e-05	3.1361236132096285e-05	3.0269073232745485e-05
["C2",*,*] : 	1	2	3	4	5	6	7	8	9	10	11	12	13	14	15	16 := 
1	0.0	0.0	0.0	0.0	0.0	0.0	0.0	0.0	0.0	0.0	0.0	0.0	0.0	0.0	0.0	0.0
2	0.0	0.0	0.0	0.0	0.0	0.0	0.0	0.0	0.0	0.0	0.0	0.0	0.0	0.0	0.0	0.0
3	0.0	0.0	0.0	0.0	0.0	0.0	0.0	0.0	0.0	0.0	0.0	0.0	0.0	0.0	0.0	0.0
4	1.848488001102372e-10	1.5368017448008307e-06	1.1135469886158864e-10	1.4031671977910154e-06	2.071576004801679e-06	1.6036880582190324e-06	9.356979448760886e-07	1.1358179283882045e-10	2.004551611556888e-06	1.2695838739426762e-06	5.345916382947148e-07	1.558965784062241e-11	2.005854461533569e-07	3.696976002204744e-10	1.0021922897542982e-10	8.018317800926412e-07
5	2.8073655400934895e-06	1.10916941269424e-05	4.878059615680183e-06	1.2828357512353982e-05	1.5168022181758916e-05	8.886913404268507e-06	1.4699989474067752e-05	8.953826442814437e-06	1.0891202218736085e-05	5.34586515978567e-06	8.218892111609886e-06	4.34373300156876e-06	1.00230164006858e-05	1.3831596536277585e-05	8.151756363666232e-06	1.6503381049225157e-05
6	1.7105805515878398e-05	2.211646407986898e-05	1.7706630929055982e-05	1.4165246393382586e-05	2.3720878170724595e-05	3.2873027332211515e-05	2.7862531346081268e-05	2.746112660890695e-05	2.5524218522720526e-05	1.3764857211061877e-05	2.692677549676178e-05	2.184944887456276e-05	2.9265878938484442e-05	4.556814449318965e-05	1.563532440262555e-05	3.327414032007483e-05
7	4.690461468055053e-05	4.062364843707466e-05	2.746146067300353e-05	3.93546903765396e-05	3.7685078109500526e-05	6.460911873485825e-05	4.2695551824690994e-05	5.59906080154438e-05	3.721736164915412e-05	4.1024837146133196e-05	4.583525769063088e-05	5.077982946794107e-05	5.93316520853013e-05	7.730449646583168e-05	3.7149535502077536e-05	6.83511087605308e-05
8	6.554585227843374e-05	5.365268493352906e-05	5.4386948909446445e-05	7.8306786747721e-05	5.011252307244914e-05	8.017662812587713e-05	7.182544885911361e-05	7.04227404426819e-05	8.178177938483913e-05	7.369642828229206e-05	7.810624138925922e-05	9.11348614191399e-05	8.766073512157886e-05	8.999927733561929e-05	6.481028545253963e-05	9.460868705895758e-05
9	8.986615502022419e-05	5.5992117985160353e-05	8.27158849575215e-05	0.00010536596298134613	6.56135804333753e-05	9.688010688760949e-05	0.00010870592468355321	9.561178800307211e-05	0.0001219367047150152	0.00011478637897498562	0.0001231379591186433	0.00013316050782964949	0.00011966447867831687	0.00012026599894483386	9.741443572884045e-05	0.0001230042354878572
10	0.00013149048577725046	9.167062896305454e-05	0.0001162557821747955	0.00013903965509640947	7.817519444588828e-05	0.00012213525459733586	0.00012520936363723628	0.00014658967516549488	0.00017745762751908902	0.00013663461853755874	0.0001653633535880105	0.00017585357867163403	0.00015948486331388603	0.00017792507004683647	0.0001389052633375179	0.00014939529020973786
11	0.0001849404917963547	0.00012768257822408987	0.00014284785439894044	0.00016389405728878788	0.00010616977687515819	0.00012340549991818222	0.00017885989051666187	0.00018240177614850373	0.00021707755587991215	0.00018240109911198457	0.0001838704978574935	0.00021019531212315029	0.0002116656774275865	0.00020204493433072823	0.0001545398817512781	0.00016977325132457835
12	0.00022335733508226387	0.00015220272701685301	0.00018367027988191832	0.00017398376624572646	0.00013937589283674002	0.00016837059858546154	0.00020338041123414168	0.00024119608390740465	0.00024179842819860707	0.00021146451070991134	0.00019890380312464803	0.00021854744013198813	0.00026010465295790524	0.00024126427752499014	0.00019576341576790695	0.000180864462172065
13	0.000224894818317903	0.0001982362584300439	0.00019542995298666132	0.00021326978863365464	0.00017572243178862342	0.00020799041559158477	0.0002240260155948074	0.00025736503338954624	0.00029317647292561856	0.00023464881512865713	0.0002125337051218952	0.00027132905961497556	0.0003030652267388119	0.00025830150636304346	0.00022302312622462275	0.0002100615016357547
14	0.00023591875756475732	0.00021787869503377512	0.0002095272373802874	0.00021206737614114715	0.00018828307256106677	0.00021761131903922975	0.00023992712584687073	0.00024440397002829063	0.0002758725607192159	0.0002372547021579105	0.00021473859719934804	0.0002731331928123658	0.0002977873703478117	0.00027901279217928287	0.00021427105667933284	0.0002122663380357635
15	0.00021607601167454045	0.00021473859719934804	0.00020084186039128426	0.00024173127908814462	0.00020238010752005202	0.00021974925799037913	0.00023859091400234357	0.0002667187078308122	0.00026571735070127987	0.0002480112075058131	0.0002359843655262478	0.0002826202969080852	0.00030727447444343697	0.000278478307441472	0.00020665464916595148	0.00020638700592012622
16	0.00023331314446804698	0.00021701015733490304	0.00021680959193260758	0.0002324446067691749	0.00018688005012438384	0.00021440441061255276	0.00024480429907913613	0.0002709945857331109	0.00029932307858942077	0.00025569442561144436	0.0002295705486727997	0.0002940449081782044	0.00030814301214230906	0.0002717304376269627	0.0002096611258159729	0.00022088490443251672
17	0.0002415307938611955	0.00019349269301965782	0.00019409372109843875	0.00021246793458256158	0.00018834946445956955	0.00020538482699296486	0.00024193131444208722	0.00025856766413724684	0.0002738678420755523	0.00025141844748991567	0.00022141941812253076	0.0002844907418287261	0.00029491433894173234	0.00028649538252400553	0.00020912648518167624	0.00019743406808779465
18	0.00018921701332876264	0.00017378283782703386	0.0001662993276925085	0.0002003743198713632	0.00014819539656050538	0.0001855409430577523	0.00020738949886759794	0.00021607479122704793	0.0002308406915473598	0.00022716540298630536	0.0001877455857005643	0.0002655825536112617	0.00024660910040472605	0.0002489466248368114	0.00018888192922310467	0.00016409425299342308
19	0.0001379052959145844	0.00015220209674927018	0.00011786010718184992	0.0001599529695157204	0.00011011221649420762	0.00016235683907737226	0.00017845904478008394	0.00017612092348682576	0.00019937186255745198	0.000186743943503019	0.0001487940973260575	0.00020551852612566047	0.00022295685458913943	0.00021072979017969798	0.00015019708635633048	0.0001268127621732248
20	0.00012594539147155166	0.00012794890303024895	0.00010135674840360726	0.00014632233925862266	9.728346033199245e-05	0.00011826041618881176	0.00015554207626811628	0.00013830463613565677	0.0001757200131644842	0.0001522683862014867	0.00011311614534875088	0.0001580813531436738	0.00017511896058780107	0.00016910575562606103	0.0001453855745357551	0.00010890642550017919
21	0.0001137178526911073	9.841774156562171e-05	7.857350797662224e-05	0.0001085062701627409	9.607993874669237e-05	9.006512359615016e-05	0.0001348966278041246	0.00010750383734682602	0.00013543201006079817	0.00011077785702344275	9.066658595820522e-05	0.00010950844908990228	0.00014097724244624963	0.00015634404835517245	9.981957918827845e-05	8.178048098905045e-05
22	6.327405829798496e-05	5.498950700173831e-05	5.184822435326256e-05	6.17373255930974e-05	7.176000792968663e-05	6.855134232583576e-05	0.00011030919182105228	8.532184102669008e-05	0.00010763746966670166	8.498768561925223e-05	6.013363976197238e-05	9.213655483984327e-05	0.00010456453653241379	9.621322809414868e-05	7.7370398403712e-05	6.39411776175828e-05
23	3.7149724805065616e-05	4.008973383534902e-05	3.8686081131070966e-05	3.454417183990692e-05	5.158176369435666e-05	4.2894907914968934e-05	7.469827759957386e-05	5.9397999441977055e-05	6.688194608691247e-05	4.015592084125839e-05	3.534562055983548e-05	6.06003139423374e-05	6.688186813862326e-05	8.164774173381944e-05	5.3518331035164577e-05	4.837345665263614e-05
24	1.5168244891156639e-05	1.8776099273674507e-05	1.1693595226510985e-05	8.019242044926967e-06	3.0468498550719714e-05	1.8440979534544527e-05	1.6704757113740427e-05	2.3118667505093172e-05	3.507863876093891e-05	2.3318388838783352e-05	2.331863604621483e-05	1.3096501854306665e-05	3.3875930064944544e-05	3.82856785861864e-05	2.2250100853972782e-05	1.3697723690212202e-05
["C3",*,*] : 	1	2	3	4	5	6	7	8	9	10	11	12	13	14	15	16 := 
1	0.0	0.0	0.0	0.0	0.0	0.0	0.0	0.0	0.0	0.0	0.0	0.0	0.0	0.0	0.0	0.0
2	0.0	0.0	0.0	0.0	0.0	0.0	0.0	0.0	0.0	0.0	0.0	0.0	0.0	0.0	0.0	0.0
3	0.0	0.0	0.0	0.0	0.0	0.0	0.0	0.0	0.0	0.0	0.0	0.0	0.0	0.0	0.0	0.0
4	1.9918610453440368e-07	4.645907108814964e-07	2.589589000258997e-07	4.911697665734422e-07	4.6460376021316955e-07	7.764847777772789e-07	9.092028949714124e-07	2.5891466500327914e-07	5.774470817437684e-07	1.9260548139421728e-07	5.973271856100175e-07	2.7882175223332656e-07	3.333308012080585e-08	5.044575250185103e-07	4.712498511868345e-07	5.641922783905527e-07
5	7.16694067101621e-06	6.058675529573733e-06	8.839122506658307e-06	1.0086437124082637e-05	7.565024246562411e-06	1.1061954732040933e-05	8.387683310352209e-06	6.755548325389189e-06	1.32647091230062e-05	1.0962296986053149e-05	1.0046679791626602e-05	6.078679933853546e-06	7.518712389629544e-06	8.308288522351458e-06	8.135700273393608e-06	1.0942487879398208e-05
6	2.404081802357185e-05	2.042460735724606e-05	2.6861039363596166e-05	2.4658007619039057e-05	2.0086433263411243e-05	2.9926553414582807e-05	2.4564898425800068e-05	2.6356642661733766e-05	3.208934079908482e-05	3.0463769849128493e-05	3.137288913990717e-05	2.189763537992027e-05	2.9475198928345013e-05	2.494322332261712e-05	2.618405551865148e-05	2.8460154010048314e-05
7	4.383415511412521e-05	4.245408035623529e-05	5.1803372677558286e-05	4.81073250941806e-05	4.250718184679022e-05	5.933419418345519e-05	4.837924485583441e-05	5.303720645066381e-05	5.156415299285156e-05	5.107319820848805e-05	5.495482188581528e-05	4.60900388637097e-05	5.514734929239456e-05	4.7317499033580926e-05	4.707205127886431e-05	5.102696951339776e-05
8	6.915451871965373e-05	6.515351157270145e-05	7.50801074331198e-05	7.33614390122055e-05	6.467585626906401e-05	8.539768847500443e-05	7.615473604218631e-05	8.109141322519473e-05	7.947221477259714e-05	7.654611712710501e-05	8.155575688347484e-05	6.676587748370504e-05	8.49796261514915e-05	7.886165025646781e-05	7.480751507794707e-05	7.949233706321224e-05
9	9.179427202475191e-05	9.694298293226468e-05	0.00010464044263415156	0.00010675014201981466	9.321433170428931e-05	0.00011395587879621335	0.00010743341652729302	0.00011712078584663321	0.00010697541263246525	0.0001082958789279975	0.00011246940266311799	0.00010054598789601915	0.0001142877049431911	0.00010418198931152478	9.844248804885916e-05	0.00011353118033467113
10	0.00012443309120659514	0.00012201782336230765	0.00013838729406011557	0.00013501653159084977	0.00012862681508607425	0.00014200974429756473	0.00013477744350535626	0.00014303165073140215	0.00013897062063989788	0.0001380352330445059	0.00013851293214075947	0.00013334388307576558	0.00014638927119657366	0.00013743131705220345	0.00012437323126816458	0.00014346953388380887
11	0.00015754315006566528	0.0001521553446585165	0.00016852456653430715	0.0001698848651406212	0.0001541728100408627	0.00017576983150579775	0.00017064762224268103	0.0001804012600493709	0.00016570412048035814	0.00016901531098121328	0.00016725038356417733	0.00016646710937399977	0.00018634655502307713	0.00016396581591176832	0.00015668037448103795	0.00017770091739000853
12	0.00019576221580295354	0.00018762085919714924	0.00020071219998656965	0.00020501179884449558	0.00018233301786356275	0.00020158110212189527	0.00020025427505124762	0.000216715930209234	0.00019736096816451665	0.00020132241770018424	0.00020018113863427944	0.00019975624089395655	0.0002230526812461995	0.00019690341657285307	0.00019939804381708195	0.00021438043890115068
13	0.00022544841601034084	0.00022607852532889486	0.0002328865301982237	0.00023502298535841215	0.00021051291557968444	0.0002279496758539369	0.00023467777723248706	0.0002447100556489979	0.00021653714308533573	0.00023489000581228205	0.00023745777168524565	0.00023335703822803563	0.0002510534401698999	0.00023227568545316476	0.00023359601218722012	0.0002443452684384576
14	0.0002332978183703836	0.00023836016216560442	0.00024479658134381166	0.0002391633991791915	0.0002249508814875859	0.00023738485224109225	0.00023621062405502677	0.00025189595965299544	0.0002317382142249544	0.0002424541097491356	0.00024522091818402863	0.0002421950515415306	0.0002602763503775236	0.00024067581495065439	0.00024307099522882252	0.00025176340498416383
15	0.00024054990858462434	0.0002364492728867884	0.00024559278520996865	0.00024310460831666365	0.0002304513231962617	0.00023980663900067346	0.00024488261116402366	0.0002490163556703666	0.0002375438674156292	0.0002441924881902957	0.00024640858895111074	0.0002382803825328682	0.00026034933573194664	0.00024314404693575082	0.0002395278880244779	0.0002546297389023878
16	0.00023550728409889806	0.00023372227464520812	0.00024310464812816676	0.00024751026970938584	0.0002315660086089207	0.00023437918264632268	0.00024313759769066116	0.00025181633926636996	0.00023589174439339516	0.00024373467096724808	0.0002491687623538013	0.0002330254370161733	0.00025543941189056353	0.00024294499596928516	0.00024048333266378776	0.0002500913768652244
17	0.0002276446222909494	0.00022621121181806957	0.000232680853709926	0.00023793571672834756	0.00022097631958535813	0.0002265496610537498	0.00023522185319196337	0.00023271391408112864	0.00022634374459050088	0.00023551366677031566	0.00023725208015711217	0.00021976851038191903	0.0002476099436011617	0.00022796950464513868	0.00022919036472849948	0.00024214244968554744
18	0.00020299444294385663	0.0001953771565662802	0.00019831692504546132	0.00020019465199133435	0.00019225223709165158	0.0002017470336634531	0.00020815665238966703	0.00020264301670072695	0.00019649177098163596	0.0001969961667988079	0.0002041885817558967	0.00018965117817123614	0.0002187200642616055	0.00020200565416559228	0.00019602746160556168	0.00021320603598680505
19	0.00016695195043579203	0.00016156407204093656	0.00016586387924577803	0.0001661160575803627	0.00015876412449650193	0.00017296324317862656	0.00017982404453801933	0.00017615486198970244	0.00016131170128403768	0.00016683210183492358	0.00016991740995268644	0.00016782753692538987	0.000182697216305994	0.0001689952873346658	0.0001687497712367862	0.00017235954614973857
20	0.0001358326609017484	0.00013139339283531782	0.0001377567673841319	0.0001341871151850127	0.00012656325327137076	0.0001330191316571539	0.00015023080799053597	0.0001458382545408409	0.00013176488364233235	0.0001356066166185433	0.00013681422654320175	0.00013445892789788522	0.00014479654452980277	0.00014804094191583976	0.0001444181528380349	0.00014022494606605733
21	0.00010649140031373323	0.00010604654682763407	0.00010802411111366174	0.00010262307611711177	9.799833944785092e-05	0.00010592058583133384	0.00011577400767490923	0.00010704866649344127	0.0001063052219599453	0.00010621237375335142	0.00010681618623564759	0.00010749966333950736	0.00011323923206061053	0.00011655658693296932	0.0001136173063659912	0.00010822970554592166
22	8.220618600199e-05	7.89282701911108e-05	7.89880412172014e-05	7.092622758679181e-05	6.978507392720585e-05	8.6691288408348e-05	8.535130252440866e-05	8.271686451941481e-05	8.040100006973253e-05	8.198673627594323e-05	7.257157468831121e-05	8.1893980520535e-05	8.304198706982534e-05	8.187406989450316e-05	8.451487929098013e-05	7.584285214934573e-05
23	6.281761905300225e-05	5.042975180946869e-05	4.969978524500482e-05	5.2738588862282316e-05	4.916238324453923e-05	5.8265765112808984e-05	5.9732137091629495e-05	5.3919756417455504e-05	5.361411696158315e-05	5.267869884398088e-05	4.742365114441477e-05	5.47821553408674e-05	5.359449209379745e-05	5.374053203040407e-05	5.508077934332717e-05	5.230059069877466e-05
24	3.151903877936989e-05	2.705994346986137e-05	2.339731168609684e-05	2.2707318542174485e-05	2.243531097400077e-05	3.1200289832193686e-05	2.9846782186539563e-05	2.7524501668001255e-05	2.2083366075273873e-05	2.5739346902212263e-05	2.06967252918012e-05	2.790917053058746e-05	2.8114935931211373e-05	2.093568288399888e-05	2.6057969116048673e-05	2.4186939573795203e-05
["C4",*,*] : 	1	2	3	4	5	6	7	8	9	10	11	12	13	14	15	16 := 
1	0.0	0.0	0.0	0.0	0.0	0.0	0.0	0.0	0.0	0.0	0.0	0.0	0.0	0.0	0.0	0.0
2	0.0	0.0	0.0	0.0	0.0	0.0	0.0	0.0	0.0	0.0	0.0	0.0	0.0	0.0	0.0	0.0
3	0.0	0.0	0.0	0.0	0.0	0.0	0.0	0.0	0.0	0.0	0.0	0.0	0.0	0.0	0.0	0.0
4	4.1271886504117694e-07	2.8693646242933064e-07	4.278376082887535e-07	3.7244095787752973e-07	2.969852687031396e-07	2.8191566510271177e-07	4.42915765206603e-07	4.0768330904920255e-07	9.058107382137688e-07	4.781217228512064e-07	6.139995557024159e-07	3.4730711848951244e-07	6.391426192562804e-07	8.605407124936821e-07	7.649562163199002e-07	7.347225872031919e-07
5	9.142810046005618e-06	6.652443419810265e-06	6.652395789572073e-06	5.8926212064887424e-06	7.588225988542791e-06	7.2459755577706474e-06	8.579456863015284e-06	8.111402394769579e-06	1.0018377092376301e-05	1.1014605955328954e-05	1.1004454509246081e-05	8.19190521207128e-06	1.0400584261628504e-05	1.0088766031106939e-05	1.0818385306627208e-05	8.176780766612092e-06
6	2.3276610113687574e-05	2.2597435285503386e-05	1.9009958281015887e-05	2.2521931295242373e-05	2.1827688540578838e-05	2.321606000567363e-05	2.5309277655641373e-05	2.6778295331888753e-05	2.830283124982446e-05	3.1155644366345975e-05	2.7286507290005778e-05	2.775430918381937e-05	2.8509015339337898e-05	3.046650123369901e-05	3.333424777159063e-05	2.397584196808964e-05
7	4.044408487189686e-05	4.2864182976653904e-05	3.69774335387192e-05	4.737726376671772e-05	4.1118453071114183e-05	4.82726409670858e-05	5.1864852652046573e-05	4.9137820093303725e-05	5.1336715154002984e-05	5.5759291447593204e-05	4.61042339547685e-05	5.242850000207134e-05	4.774937466717004e-05	5.6071447953433176e-05	5.750525983974809e-05	5.325864608182627e-05
8	5.8139837838606884e-05	6.467569367203378e-05	6.520357574453945e-05	7.191059000034945e-05	6.447433331812207e-05	7.606104618983022e-05	7.445081676490252e-05	7.235771047577337e-05	8.370866088005074e-05	7.823473831375366e-05	7.808362601630155e-05	8.152002762000029e-05	6.757319954920547e-05	8.352784861340416e-05	8.522833583029713e-05	8.297412126675554e-05
9	8.42980518706821e-05	8.854476592044347e-05	9.1331685621244e-05	9.923117001724515e-05	9.186546713480122e-05	0.00010291380049777941	0.00010286814741765394	9.950208074938495e-05	0.00010924818528735769	0.00011045070725264428	0.0001082668175618516	0.00011675469019779941	9.873247303772358e-05	0.00011472735791341507	0.00011504922310536737	0.00011490318728569877
10	0.00011264995920468108	0.00012092666385052253	0.0001203226867702807	0.00012444356843921588	0.00011874330698108473	0.00013606042638805596	0.00013296078063115802	0.0001246339860813861	0.00014522241246864753	0.00014551923891395789	0.00014519197372761625	0.0001438638727943905	0.00013359982933164235	0.00014224890717966346	0.00014003018301349382	0.00014772788844621143
11	0.00014664686954134816	0.00014945474369586702	0.00015135630649146947	0.00016022664155453865	0.0001554723191426121	0.00017140073534995993	0.00016559922525459481	0.00015229167447586913	0.00017919931240297743	0.00018162927784952037	0.00017660786418089247	0.0001743590417293492	0.00016549870515888675	0.0001769803683662962	0.0001711492983413794	0.00018156385184744781
12	0.00017943636742763454	0.00018556475596518538	0.0001784704292159339	0.00018853331492106926	0.00018972081222963058	0.0002053723647636981	0.00020177982805264993	0.00019496756656766514	0.0002127333425252927	0.0002145746180178129	0.00020751068959089315	0.00021000131902202434	0.00019869055763748234	0.00021087660481511371	0.00021074604630717526	0.0002172916556058186
13	0.00021612994353044243	0.0002225904917645661	0.00020223870330194916	0.00022772734905521434	0.0002264092840145384	0.00023760828507023542	0.00022950275511483324	0.00023979172495716209	0.00024525098831139173	0.00024080817973241007	0.00024276029749769086	0.0002447227867473753	0.00023197309372901978	0.0002380309041485768	0.0002428460587603519	0.0002518570167349116
14	0.00021878661717101083	0.00023924900237582043	0.0002131917667967275	0.0002380213504285112	0.00023766926737232356	0.0002457589668142633	0.00024098918218458154	0.00025192714203028287	0.00025317028001035625	0.0002484054460743399	0.0002550315808314745	0.0002541312685346758	0.00024317780253081396	0.0002494971752420276	0.0002548103893595613	0.0002570896316007378
15	0.0002199136049578852	0.00023646172008148864	0.0002130307685413771	0.00023942002277116886	0.00023208464039267644	0.00024629730473038635	0.00024489338987490063	0.0002451400593315297	0.00025427211181982005	0.0002453364168332413	0.00025230970407829446	0.00025715501701649326	0.00024233256169070642	0.00025315988554941747	0.00024976410029594085	0.00025901154827299506
16	0.00022235373476429848	0.00023157139807758212	0.00021540549280663865	0.00023674845797271347	0.0002302080044796039	0.00024286602941484572	0.00024382677643373446	0.0002392585918185923	0.00025250113101192974	0.0002437113406941779	0.00024981926231706003	0.00025745185754968714	0.00024047101936406091	0.0002504832895555185	0.0002485012702311266	0.0002599674754137284
17	0.00021269868397992575	0.00022882924040258613	0.0002047542789025328	0.00021804725298354472	0.00021555698145004268	0.0002362196298362508	0.00023056435882766457	0.0002329946340384839	0.00023877079679692907	0.0002346147475763774	0.00023886618959820198	0.0002480181684650564	0.00023619432979411347	0.00023980687170836333	0.00024500944866510135	0.0002455780143402992
18	0.00018495561720951458	0.00019526003719418726	0.00018464873893901277	0.00018693322905977044	0.00018741134625432348	0.00020112094940811766	0.000195470631609004	0.00020500518694708508	0.00021336217370113248	0.00020824027817511703	0.00020799378498402243	0.00021554573987528984	0.0002022478459597078	0.0002036365456373362	0.00021906760706524948	0.00021203898891296067
19	0.0001540729989280171	0.00016017122192763303	0.00015771068088693956	0.0001606541112025132	0.00015913986744108162	0.00016991637973070867	0.00016172023710453852	0.00017867080895714844	0.0001784947634039657	0.00016995673008953117	0.00018170992154496813	0.0001818406539704444	0.00017745819994720275	0.00016938305707748402	0.00018252993546558766	0.00017738795272516594
20	0.00012742680941598122	0.00013629202741497927	0.00012700425172030593	0.0001248962582983094	0.00012634041953096944	0.00013845518872808668	0.00013271931779693672	0.00014795930381580652	0.00014372301877564364	0.00014071429612464622	0.00014854812726866758	0.0001497405642019601	0.000148945468778361	0.00013664896154384575	0.00015100335837635407	0.000143853967549733
21	0.00010235022627027816	0.00010502207450209746	0.0001021391686346645	9.698197239362234e-05	9.934174076414631e-05	0.00010710975178261753	0.00010421159535024199	0.00011487295633996064	0.00011663383215807817	0.00011295109350323738	0.00011462649484643515	0.0001177510309247794	0.00011760507426517656	0.00010295899069253606	0.00012116221349135021	0.00011011859132905193
22	7.366621039193461e-05	7.530170933534434e-05	7.266530420604909e-05	6.722121208896514e-05	7.008923937692273e-05	8.320548833530415e-05	8.05034588005064e-05	8.77386429227965e-05	8.526317802038316e-05	8.49514481741416e-05	8.382937586137042e-05	9.343410060312183e-05	8.44080547443475e-05	7.457185006379996e-05	9.385182802250582e-05	8.227481511589034e-05
23	4.874553476815909e-05	5.038611773635954e-05	4.879108688564199e-05	4.1329481860242615e-05	4.949036486087331e-05	6.214896655805401e-05	5.345458732215891e-05	5.587987578118205e-05	5.892893017499439e-05	5.544228202424499e-05	5.616171765295798e-05	6.0156564512567976e-05	5.672026353613304e-05	4.9153161558228474e-05	5.78824894813971e-05	5.750007116260304e-05
24	2.1832612568020106e-05	2.481642024399339e-05	2.091212584651942e-05	2.1364667448067722e-05	2.318612473639405e-05	3.0038840897106622e-05	2.4322851733014665e-05	2.6315378891731986e-05	2.7035050323666442e-05	2.7689072025570382e-05	2.8801003290409294e-05	3.086882412840631e-05	2.9414787000630897e-05	2.6058944733213673e-05	2.803630836955103e-05	2.9993264461368314e-05
["C5",*,*] : 	1	2	3	4	5	6	7	8	9	10	11	12	13	14	15	16 := 
1	0.0	0.0	0.0	0.0	0.0	0.0	0.0	0.0	0.0	0.0	0.0	0.0	0.0	0.0	0.0	0.0
2	0.0	0.0	0.0	0.0	0.0	0.0	0.0	0.0	0.0	0.0	0.0	0.0	0.0	0.0	0.0	0.0
3	0.0	0.0	0.0	0.0	0.0	0.0	0.0	0.0	0.0	0.0	0.0	0.0	0.0	0.0	0.0	0.0
4	2.0511149557443562e-10	1.6098437146771593e-07	1.9840850552298347e-10	2.1583627965675903e-10	9.653632866121275e-07	2.817454402346777e-07	3.2197544592548326e-07	4.023349124563224e-07	4.0360043697803645e-08	8.04616200992233e-07	1.6108491631848767e-07	1.6099777744781878e-07	1.1261023286439604e-10	3.219043942309378e-07	1.0456664480265345e-10	6.300810648365015e-11
5	7.039171814492672e-06	5.953122532602163e-06	7.4416153153878325e-06	3.057248509045436e-06	4.50550994554229e-06	1.3956687040747515e-05	1.4278421179031145e-05	5.67177256878052e-06	9.854045565669645e-06	1.2830620908249828e-05	1.2307972686761982e-05	1.2307546376594709e-05	7.240539019824371e-06	1.214693469137386e-05	2.815840322342387e-06	4.062684951381167e-06
6	2.059316600311512e-05	1.958761426935051e-05	2.7390201686185155e-05	7.88404885492995e-06	1.826068901816703e-05	3.193480346970752e-05	4.564923908760348e-05	2.859631090408325e-05	2.8193891533952277e-05	3.853033118465475e-05	4.910751408544722e-05	2.839561399775668e-05	2.2886103390347693e-05	3.3744838685261336e-05	1.8863598842530965e-05	2.200050032295581e-05
7	4.04210073923216e-05	3.837003319936831e-05	4.858549862622021e-05	1.88642932723003e-05	2.795375423416299e-05	6.515548844191541e-05	8.164474208303892e-05	5.28480855093078e-05	5.047479535853447e-05	5.815713917743409e-05	6.768880443657916e-05	5.8478985925950606e-05	5.4296237016767815e-05	6.994132949679155e-05	4.19490344104307e-05	5.232520268316818e-05
8	6.0851789439646247e-05	4.9953238383826975e-05	6.350722721005736e-05	4.7861614578005675e-05	4.496663473332181e-05	0.00012117891842018349	0.0001058964831733028	7.138928929873605e-05	7.16297041023135e-05	8.06792889763601e-05	8.836120380389646e-05	8.550573272317389e-05	7.681857584001327e-05	0.00011321564290397873	7.464637002839141e-05	7.766303595446933e-05
9	6.913744928410693e-05	7.971477428828846e-05	7.850887956607201e-05	7.557219103609199e-05	7.291884191738087e-05	0.0001599083190251739	0.0001404435048740863	0.00010557495146527217	9.049232296769896e-05	0.00012323006286905672	0.000122586494047594	0.00012869937028276603	0.00010979774403704785	0.0001338881669469073	0.00010746411011604325	0.00012089688609197286
10	8.341578868665944e-05	0.00010131226135611296	9.290742905152212e-05	9.411337873825796e-05	9.475797713896475e-05	0.00016348820771208198	0.00017696094155231554	0.00014362106132983205	0.00013537568243380516	0.0001609945010262726	0.0001431383227111338	0.00014884891899822106	0.00015291125673475776	0.00017442835350236377	0.00014828534500072784	0.00014945201114397545
11	0.00013034988103800574	0.00012813778841383908	0.00012319175796211273	0.00012870067870638868	0.00013678541106163156	0.00019236474247761844	0.00020157437062334402	0.0001815865422676155	0.00017410556029162798	0.00019268637607114148	0.0001770014410182474	0.00017929382876023702	0.0001864931631596672	0.0002287218543585774	0.00018580867258392243	0.00019365116692237532
12	0.00015427979682936318	0.00015769818769578533	0.0001725791714843378	0.00016099616336776043	0.00017587693131998117	0.00022795725768942835	0.0002292040205419524	0.00021508795516615543	0.00020829089937415406	0.00022654990728238473	0.00018713672795925488	0.0002166158521462707	0.00021778258263822109	0.00025570804136299777	0.00022650920806743588	0.00022140174012205127
13	0.00018070306270744573	0.0001990822699739771	0.00022232799548353596	0.000190918373965555	0.0002103836090643369	0.00024975580630626427	0.0002462972149272933	0.00024609575790194015	0.000246940350735622	0.0002522492006327805	0.00020768828314076158	0.0002541792864001791	0.0002621425029300267	0.0002973331685257594	0.00025341492299505434	0.0002461759524749267
14	0.00021931133357925737	0.00021770266959083228	0.00022554538914965207	0.00019063697842137048	0.0002187890003983409	0.00025976995681118424	0.00025590916323892695	0.00025188710108842567	0.0002633892094775054	0.00026495781773791646	0.00022256863684819676	0.0002489110727098299	0.00025936762994227476	0.00029427684502934077	0.00025828129913476613	0.0002557074367533231
15	0.0002006106147137925	0.00020414967548834623	0.0002223682777725728	0.00021496802124641587	0.00020423059130306596	0.0002607753718038804	0.0002565928454340122	0.0002538979310740034	0.0002546219907405237	0.0002684968785124702	0.00024026394072087278	0.0002490719391087281	0.0002664859680910604	0.00028715850688055514	0.0002645148720899829	0.0002563509023487302
16	0.00018725870360979005	0.00018295552744079465	0.00022269001057027634	0.00021641581883594284	0.00018721896962538254	0.0002655209305697993	0.0002451311145164603	0.00024726219212172667	0.0002736846590033703	0.0002635100201483895	0.00023531729895647028	0.0002500773541014242	0.00026881853087424895	0.00027292183058298376	0.00025421942256402525	0.00025076079498892055
17	0.00020069079319955696	0.0001842823213133292	0.0002049945659347551	0.00020591917102000625	0.00018090480393961574	0.0002556274928721461	0.00023785178395259007	0.00023584044051804627	0.0002545816655523517	0.00024143093665119882	0.00022526294123609267	0.0002462967537615902	0.0002540187256576654	0.00026467721716838847	0.00023825329975971373	0.00024098804328662104
18	0.0001502177835175594	0.00016903885456942446	0.00017326284429520255	0.00016976358721619732	0.0001622835061221411	0.00022027607750957373	0.00022771620878298337	0.00020571732388065427	0.00021532900809438272	0.00021283570358791919	0.0001986386030842176	0.00019180205729661678	0.00023041068476741997	0.00025076143311360255	0.00020837125347824152	0.0001997648636034611
19	0.00012242702991433898	0.00012186362617273052	0.00014905167908494405	0.00014430524088675416	0.00014466754554265696	0.00017438739018960247	0.0001893888696084341	0.0001755942313739563	0.0001716925589466448	0.00017354291666910558	0.00016811310193221482	0.0001529514813780933	0.0002078882990233042	0.00020599898084143218	0.00017016421018495434	0.00016763058183097472
20	0.00010613831632952779	0.00011164769287716131	0.0001277754086844497	0.00011470460355546943	0.00012202460920359445	0.0001376684039847483	0.0001442242164836333	0.0001530719716460269	0.0001406845846143194	0.00014852709101811928	0.00013163580409905078	0.00013702450001376888	0.00014571232853654846	0.00016964163703701206	0.0001416091602064383	0.00011104423072641244
21	9.069423445582281e-05	8.56668243424824e-05	9.077445450016054e-05	9.093581289847313e-05	8.381779515260323e-05	0.00010203512654985003	0.0001266082089832316	0.00013207787835837074	0.00012286767241488357	0.00011317543836964753	0.00010416699778911707	0.00010770545931643437	0.00011691592667642218	0.00013107268456425918	0.00010573494513480806	9.757066571538858e-05
22	7.356118543221754e-05	7.444544924219716e-05	6.515501789201382e-05	6.350684111783039e-05	4.7822611219494245e-05	6.861372456241685e-05	0.00010316097148374476	0.00010231656499316975	8.590715066659119e-05	8.4338994187642e-05	8.574710203253463e-05	8.393640858335774e-05	8.309280511103022e-05	9.568081397554607e-05	7.846701805260271e-05	6.535578585003491e-05
23	4.67355229741458e-05	5.6789671561223434e-05	3.941558569656397e-05	4.629285348935387e-05	3.422794462783766e-05	5.904111073704748e-05	5.8719829720891316e-05	6.350637324912482e-05	4.894668522334869e-05	5.1681731725404886e-05	7.08657763915316e-05	5.98460004200338e-05	5.373342313829365e-05	6.559767799261966e-05	5.904156519977295e-05	3.712239225511142e-05
24	2.0714417730753842e-05	1.5244338132621525e-05	1.7617000883526085e-05	2.574136265658465e-05	1.7174611583718302e-05	2.7470356041220428e-05	2.9119174961850753e-05	3.5876213903283764e-05	2.4453814790757455e-05	3.173347246052209e-05	4.395987109895591e-05	2.658524363270029e-05	2.9521519258493145e-05	2.7389898711034826e-05	4.001811345049498e-05	7.964082556144289e-06
;
  
 param  mob_pass_time_series  := 
["C1",*,*] : 	1	2	3	4	5	6	7	8	9	10	11	12	13	14	15	16 := 
1	6.773822468018703e-06	6.773822468018703e-06	6.773822468018703e-06	6.773822468018703e-06	6.773822468018703e-06	6.773822468018703e-06	6.773822468018703e-06	6.773822468018703e-06	6.773822468018703e-06	6.773822468018703e-06	6.773822468018703e-06	6.773822468018703e-06	6.773822468018703e-06	6.773822468018703e-06	6.773822468018703e-06	6.773822468018703e-06
2	3.752117319803565e-06	3.752117319803565e-06	3.752117319803565e-06	3.752117319803565e-06	3.752117319803565e-06	3.752117319803565e-06	3.752117319803565e-06	3.752117319803565e-06	3.752117319803565e-06	3.752117319803565e-06	3.752117319803565e-06	3.752117319803565e-06	3.752117319803565e-06	3.752117319803565e-06	3.752117319803565e-06	3.752117319803565e-06
3	2.381343792301996e-06	2.381343792301996e-06	2.381343792301996e-06	2.381343792301996e-06	2.381343792301996e-06	2.381343792301996e-06	2.381343792301996e-06	2.381343792301996e-06	2.381343792301996e-06	2.381343792301996e-06	2.381343792301996e-06	2.381343792301996e-06	2.381343792301996e-06	2.381343792301996e-06	2.381343792301996e-06	2.381343792301996e-06
4	8.304686334498558e-06	8.304686334498558e-06	8.304686334498558e-06	8.304686334498558e-06	8.304686334498558e-06	8.304686334498558e-06	8.304686334498558e-06	8.304686334498558e-06	8.304686334498558e-06	8.304686334498558e-06	8.304686334498558e-06	8.304686334498558e-06	8.304686334498558e-06	8.304686334498558e-06	8.304686334498558e-06	8.304686334498558e-06
5	2.491405900349567e-05	2.491405900349567e-05	2.491405900349567e-05	2.491405900349567e-05	2.491405900349567e-05	2.491405900349567e-05	2.491405900349567e-05	2.491405900349567e-05	2.491405900349567e-05	2.491405900349567e-05	2.491405900349567e-05	2.491405900349567e-05	2.491405900349567e-05	2.491405900349567e-05	2.491405900349567e-05	2.491405900349567e-05
6	6.933912806996988e-05	6.933912806996988e-05	6.933912806996988e-05	6.933912806996988e-05	6.933912806996988e-05	6.933912806996988e-05	6.933912806996988e-05	6.933912806996988e-05	6.933912806996988e-05	6.933912806996988e-05	6.933912806996988e-05	6.933912806996988e-05	6.933912806996988e-05	6.933912806996988e-05	6.933912806996988e-05	6.933912806996988e-05
7	0.0001430807404618	0.0001430807404618	0.0001430807404618	0.0001430807404618	0.0001430807404618	0.0001430807404618	0.0001430807404618	0.0001430807404618	0.0001430807404618	0.0001430807404618	0.0001430807404618	0.0001430807404618	0.0001430807404618	0.0001430807404618	0.0001430807404618	0.0001430807404618
8	0.0001901072775367	0.0001901072775367	0.0001901072775367	0.0001901072775367	0.0001901072775367	0.0001901072775367	0.0001901072775367	0.0001901072775367	0.0001901072775367	0.0001901072775367	0.0001901072775367	0.0001901072775367	0.0001901072775367	0.0001901072775367	0.0001901072775367	0.0001901072775367
9	0.0001680948559271	0.0001680948559271	0.0001680948559271	0.0001680948559271	0.0001680948559271	0.0001680948559271	0.0001680948559271	0.0001680948559271	0.0001680948559271	0.0001680948559271	0.0001680948559271	0.0001680948559271	0.0001680948559271	0.0001680948559271	0.0001680948559271	0.0001680948559271
10	0.0001650931620713	0.0001650931620713	0.0001650931620713	0.0001650931620713	0.0001650931620713	0.0001650931620713	0.0001650931620713	0.0001650931620713	0.0001650931620713	0.0001650931620713	0.0001650931620713	0.0001650931620713	0.0001650931620713	0.0001650931620713	0.0001650931620713	0.0001650931620713
11	0.0001791010667319	0.0001791010667319	0.0001791010667319	0.0001791010667319	0.0001791010667319	0.0001791010667319	0.0001791010667319	0.0001791010667319	0.0001791010667319	0.0001791010667319	0.0001791010667319	0.0001791010667319	0.0001791010667319	0.0001791010667319	0.0001791010667319	0.0001791010667319
12	0.0001961106652483	0.0001961106652483	0.0001961106652483	0.0001961106652483	0.0001961106652483	0.0001961106652483	0.0001961106652483	0.0001961106652483	0.0001961106652483	0.0001961106652483	0.0001961106652483	0.0001961106652483	0.0001961106652483	0.0001961106652483	0.0001961106652483	0.0001961106652483
13	0.0001951101006297	0.0001951101006297	0.0001951101006297	0.0001951101006297	0.0001951101006297	0.0001951101006297	0.0001951101006297	0.0001951101006297	0.0001951101006297	0.0001951101006297	0.0001951101006297	0.0001951101006297	0.0001951101006297	0.0001951101006297	0.0001951101006297	0.0001951101006297
14	0.0001851044544436	0.0001851044544436	0.0001851044544436	0.0001851044544436	0.0001851044544436	0.0001851044544436	0.0001851044544436	0.0001851044544436	0.0001851044544436	0.0001851044544436	0.0001851044544436	0.0001851044544436	0.0001851044544436	0.0001851044544436	0.0001851044544436	0.0001851044544436
15	0.0001991123591042	0.0001991123591042	0.0001991123591042	0.0001991123591042	0.0001991123591042	0.0001991123591042	0.0001991123591042	0.0001991123591042	0.0001991123591042	0.0001991123591042	0.0001991123591042	0.0001991123591042	0.0001991123591042	0.0001991123591042	0.0001991123591042	0.0001991123591042
16	0.0002161219576206	0.0002161219576206	0.0002161219576206	0.0002161219576206	0.0002161219576206	0.0002161219576206	0.0002161219576206	0.0002161219576206	0.0002161219576206	0.0002161219576206	0.0002161219576206	0.0002161219576206	0.0002161219576206	0.0002161219576206	0.0002161219576206	0.0002161219576206
17	0.0002241264745695	0.0002241264745695	0.0002241264745695	0.0002241264745695	0.0002241264745695	0.0002241264745695	0.0002241264745695	0.0002241264745695	0.0002241264745695	0.0002241264745695	0.0002241264745695	0.0002241264745695	0.0002241264745695	0.0002241264745695	0.0002241264745695	0.0002241264745695
18	0.0001981117944856	0.0001981117944856	0.0001981117944856	0.0001981117944856	0.0001981117944856	0.0001981117944856	0.0001981117944856	0.0001981117944856	0.0001981117944856	0.0001981117944856	0.0001981117944856	0.0001981117944856	0.0001981117944856	0.0001981117944856	0.0001981117944856	0.0001981117944856
19	0.0001370773527501	0.0001370773527501	0.0001370773527501	0.0001370773527501	0.0001370773527501	0.0001370773527501	0.0001370773527501	0.0001370773527501	0.0001370773527501	0.0001370773527501	0.0001370773527501	0.0001370773527501	0.0001370773527501	0.0001370773527501	0.0001370773527501	0.0001370773527501
20	9.075121090831556e-05	9.075121090831556e-05	9.075121090831556e-05	9.075121090831556e-05	9.075121090831556e-05	9.075121090831556e-05	9.075121090831556e-05	9.075121090831556e-05	9.075121090831556e-05	9.075121090831556e-05	9.075121090831556e-05	9.075121090831556e-05	9.075121090831556e-05	9.075121090831556e-05	9.075121090831556e-05	9.075121090831556e-05
21	6.333574035828418e-05	6.333574035828418e-05	6.333574035828418e-05	6.333574035828418e-05	6.333574035828418e-05	6.333574035828418e-05	6.333574035828418e-05	6.333574035828418e-05	6.333574035828418e-05	6.333574035828418e-05	6.333574035828418e-05	6.333574035828418e-05	6.333574035828418e-05	6.333574035828418e-05	6.333574035828418e-05	6.333574035828418e-05
22	4.112320582504708e-05	4.112320582504708e-05	4.112320582504708e-05	4.112320582504708e-05	4.112320582504708e-05	4.112320582504708e-05	4.112320582504708e-05	4.112320582504708e-05	4.112320582504708e-05	4.112320582504708e-05	4.112320582504708e-05	4.112320582504708e-05	4.112320582504708e-05	4.112320582504708e-05	4.112320582504708e-05	4.112320582504708e-05
23	2.4613889617911387e-05	2.4613889617911387e-05	2.4613889617911387e-05	2.4613889617911387e-05	2.4613889617911387e-05	2.4613889617911387e-05	2.4613889617911387e-05	2.4613889617911387e-05	2.4613889617911387e-05	2.4613889617911387e-05	2.4613889617911387e-05	2.4613889617911387e-05	2.4613889617911387e-05	2.4613889617911387e-05	2.4613889617911387e-05	2.4613889617911387e-05
24	8.084562118403415e-06	8.084562118403415e-06	8.084562118403415e-06	8.084562118403415e-06	8.084562118403415e-06	8.084562118403415e-06	8.084562118403415e-06	8.084562118403415e-06	8.084562118403415e-06	8.084562118403415e-06	8.084562118403415e-06	8.084562118403415e-06	8.084562118403415e-06	8.084562118403415e-06	8.084562118403415e-06	8.084562118403415e-06
["C2",*,*] : 	1	2	3	4	5	6	7	8	9	10	11	12	13	14	15	16 := 
1	6.773822468018703e-06	6.773822468018703e-06	6.773822468018703e-06	6.773822468018703e-06	6.773822468018703e-06	6.773822468018703e-06	6.773822468018703e-06	6.773822468018703e-06	6.773822468018703e-06	6.773822468018703e-06	6.773822468018703e-06	6.773822468018703e-06	6.773822468018703e-06	6.773822468018703e-06	6.773822468018703e-06	6.773822468018703e-06
2	3.752117319803565e-06	3.752117319803565e-06	3.752117319803565e-06	3.752117319803565e-06	3.752117319803565e-06	3.752117319803565e-06	3.752117319803565e-06	3.752117319803565e-06	3.752117319803565e-06	3.752117319803565e-06	3.752117319803565e-06	3.752117319803565e-06	3.752117319803565e-06	3.752117319803565e-06	3.752117319803565e-06	3.752117319803565e-06
3	2.381343792301996e-06	2.381343792301996e-06	2.381343792301996e-06	2.381343792301996e-06	2.381343792301996e-06	2.381343792301996e-06	2.381343792301996e-06	2.381343792301996e-06	2.381343792301996e-06	2.381343792301996e-06	2.381343792301996e-06	2.381343792301996e-06	2.381343792301996e-06	2.381343792301996e-06	2.381343792301996e-06	2.381343792301996e-06
4	8.304686334498558e-06	8.304686334498558e-06	8.304686334498558e-06	8.304686334498558e-06	8.304686334498558e-06	8.304686334498558e-06	8.304686334498558e-06	8.304686334498558e-06	8.304686334498558e-06	8.304686334498558e-06	8.304686334498558e-06	8.304686334498558e-06	8.304686334498558e-06	8.304686334498558e-06	8.304686334498558e-06	8.304686334498558e-06
5	2.491405900349567e-05	2.491405900349567e-05	2.491405900349567e-05	2.491405900349567e-05	2.491405900349567e-05	2.491405900349567e-05	2.491405900349567e-05	2.491405900349567e-05	2.491405900349567e-05	2.491405900349567e-05	2.491405900349567e-05	2.491405900349567e-05	2.491405900349567e-05	2.491405900349567e-05	2.491405900349567e-05	2.491405900349567e-05
6	6.933912806996988e-05	6.933912806996988e-05	6.933912806996988e-05	6.933912806996988e-05	6.933912806996988e-05	6.933912806996988e-05	6.933912806996988e-05	6.933912806996988e-05	6.933912806996988e-05	6.933912806996988e-05	6.933912806996988e-05	6.933912806996988e-05	6.933912806996988e-05	6.933912806996988e-05	6.933912806996988e-05	6.933912806996988e-05
7	0.0001430807404618	0.0001430807404618	0.0001430807404618	0.0001430807404618	0.0001430807404618	0.0001430807404618	0.0001430807404618	0.0001430807404618	0.0001430807404618	0.0001430807404618	0.0001430807404618	0.0001430807404618	0.0001430807404618	0.0001430807404618	0.0001430807404618	0.0001430807404618
8	0.0001901072775367	0.0001901072775367	0.0001901072775367	0.0001901072775367	0.0001901072775367	0.0001901072775367	0.0001901072775367	0.0001901072775367	0.0001901072775367	0.0001901072775367	0.0001901072775367	0.0001901072775367	0.0001901072775367	0.0001901072775367	0.0001901072775367	0.0001901072775367
9	0.0001680948559271	0.0001680948559271	0.0001680948559271	0.0001680948559271	0.0001680948559271	0.0001680948559271	0.0001680948559271	0.0001680948559271	0.0001680948559271	0.0001680948559271	0.0001680948559271	0.0001680948559271	0.0001680948559271	0.0001680948559271	0.0001680948559271	0.0001680948559271
10	0.0001650931620713	0.0001650931620713	0.0001650931620713	0.0001650931620713	0.0001650931620713	0.0001650931620713	0.0001650931620713	0.0001650931620713	0.0001650931620713	0.0001650931620713	0.0001650931620713	0.0001650931620713	0.0001650931620713	0.0001650931620713	0.0001650931620713	0.0001650931620713
11	0.0001791010667319	0.0001791010667319	0.0001791010667319	0.0001791010667319	0.0001791010667319	0.0001791010667319	0.0001791010667319	0.0001791010667319	0.0001791010667319	0.0001791010667319	0.0001791010667319	0.0001791010667319	0.0001791010667319	0.0001791010667319	0.0001791010667319	0.0001791010667319
12	0.0001961106652483	0.0001961106652483	0.0001961106652483	0.0001961106652483	0.0001961106652483	0.0001961106652483	0.0001961106652483	0.0001961106652483	0.0001961106652483	0.0001961106652483	0.0001961106652483	0.0001961106652483	0.0001961106652483	0.0001961106652483	0.0001961106652483	0.0001961106652483
13	0.0001951101006297	0.0001951101006297	0.0001951101006297	0.0001951101006297	0.0001951101006297	0.0001951101006297	0.0001951101006297	0.0001951101006297	0.0001951101006297	0.0001951101006297	0.0001951101006297	0.0001951101006297	0.0001951101006297	0.0001951101006297	0.0001951101006297	0.0001951101006297
14	0.0001851044544436	0.0001851044544436	0.0001851044544436	0.0001851044544436	0.0001851044544436	0.0001851044544436	0.0001851044544436	0.0001851044544436	0.0001851044544436	0.0001851044544436	0.0001851044544436	0.0001851044544436	0.0001851044544436	0.0001851044544436	0.0001851044544436	0.0001851044544436
15	0.0001991123591042	0.0001991123591042	0.0001991123591042	0.0001991123591042	0.0001991123591042	0.0001991123591042	0.0001991123591042	0.0001991123591042	0.0001991123591042	0.0001991123591042	0.0001991123591042	0.0001991123591042	0.0001991123591042	0.0001991123591042	0.0001991123591042	0.0001991123591042
16	0.0002161219576206	0.0002161219576206	0.0002161219576206	0.0002161219576206	0.0002161219576206	0.0002161219576206	0.0002161219576206	0.0002161219576206	0.0002161219576206	0.0002161219576206	0.0002161219576206	0.0002161219576206	0.0002161219576206	0.0002161219576206	0.0002161219576206	0.0002161219576206
17	0.0002241264745695	0.0002241264745695	0.0002241264745695	0.0002241264745695	0.0002241264745695	0.0002241264745695	0.0002241264745695	0.0002241264745695	0.0002241264745695	0.0002241264745695	0.0002241264745695	0.0002241264745695	0.0002241264745695	0.0002241264745695	0.0002241264745695	0.0002241264745695
18	0.0001981117944856	0.0001981117944856	0.0001981117944856	0.0001981117944856	0.0001981117944856	0.0001981117944856	0.0001981117944856	0.0001981117944856	0.0001981117944856	0.0001981117944856	0.0001981117944856	0.0001981117944856	0.0001981117944856	0.0001981117944856	0.0001981117944856	0.0001981117944856
19	0.0001370773527501	0.0001370773527501	0.0001370773527501	0.0001370773527501	0.0001370773527501	0.0001370773527501	0.0001370773527501	0.0001370773527501	0.0001370773527501	0.0001370773527501	0.0001370773527501	0.0001370773527501	0.0001370773527501	0.0001370773527501	0.0001370773527501	0.0001370773527501
20	9.075121090831556e-05	9.075121090831556e-05	9.075121090831556e-05	9.075121090831556e-05	9.075121090831556e-05	9.075121090831556e-05	9.075121090831556e-05	9.075121090831556e-05	9.075121090831556e-05	9.075121090831556e-05	9.075121090831556e-05	9.075121090831556e-05	9.075121090831556e-05	9.075121090831556e-05	9.075121090831556e-05	9.075121090831556e-05
21	6.333574035828418e-05	6.333574035828418e-05	6.333574035828418e-05	6.333574035828418e-05	6.333574035828418e-05	6.333574035828418e-05	6.333574035828418e-05	6.333574035828418e-05	6.333574035828418e-05	6.333574035828418e-05	6.333574035828418e-05	6.333574035828418e-05	6.333574035828418e-05	6.333574035828418e-05	6.333574035828418e-05	6.333574035828418e-05
22	4.112320582504708e-05	4.112320582504708e-05	4.112320582504708e-05	4.112320582504708e-05	4.112320582504708e-05	4.112320582504708e-05	4.112320582504708e-05	4.112320582504708e-05	4.112320582504708e-05	4.112320582504708e-05	4.112320582504708e-05	4.112320582504708e-05	4.112320582504708e-05	4.112320582504708e-05	4.112320582504708e-05	4.112320582504708e-05
23	2.4613889617911387e-05	2.4613889617911387e-05	2.4613889617911387e-05	2.4613889617911387e-05	2.4613889617911387e-05	2.4613889617911387e-05	2.4613889617911387e-05	2.4613889617911387e-05	2.4613889617911387e-05	2.4613889617911387e-05	2.4613889617911387e-05	2.4613889617911387e-05	2.4613889617911387e-05	2.4613889617911387e-05	2.4613889617911387e-05	2.4613889617911387e-05
24	8.084562118403415e-06	8.084562118403415e-06	8.084562118403415e-06	8.084562118403415e-06	8.084562118403415e-06	8.084562118403415e-06	8.084562118403415e-06	8.084562118403415e-06	8.084562118403415e-06	8.084562118403415e-06	8.084562118403415e-06	8.084562118403415e-06	8.084562118403415e-06	8.084562118403415e-06	8.084562118403415e-06	8.084562118403415e-06
["C3",*,*] : 	1	2	3	4	5	6	7	8	9	10	11	12	13	14	15	16 := 
1	6.773822468018703e-06	6.773822468018703e-06	6.773822468018703e-06	6.773822468018703e-06	6.773822468018703e-06	6.773822468018703e-06	6.773822468018703e-06	6.773822468018703e-06	6.773822468018703e-06	6.773822468018703e-06	6.773822468018703e-06	6.773822468018703e-06	6.773822468018703e-06	6.773822468018703e-06	6.773822468018703e-06	6.773822468018703e-06
2	3.752117319803565e-06	3.752117319803565e-06	3.752117319803565e-06	3.752117319803565e-06	3.752117319803565e-06	3.752117319803565e-06	3.752117319803565e-06	3.752117319803565e-06	3.752117319803565e-06	3.752117319803565e-06	3.752117319803565e-06	3.752117319803565e-06	3.752117319803565e-06	3.752117319803565e-06	3.752117319803565e-06	3.752117319803565e-06
3	2.381343792301996e-06	2.381343792301996e-06	2.381343792301996e-06	2.381343792301996e-06	2.381343792301996e-06	2.381343792301996e-06	2.381343792301996e-06	2.381343792301996e-06	2.381343792301996e-06	2.381343792301996e-06	2.381343792301996e-06	2.381343792301996e-06	2.381343792301996e-06	2.381343792301996e-06	2.381343792301996e-06	2.381343792301996e-06
4	8.304686334498558e-06	8.304686334498558e-06	8.304686334498558e-06	8.304686334498558e-06	8.304686334498558e-06	8.304686334498558e-06	8.304686334498558e-06	8.304686334498558e-06	8.304686334498558e-06	8.304686334498558e-06	8.304686334498558e-06	8.304686334498558e-06	8.304686334498558e-06	8.304686334498558e-06	8.304686334498558e-06	8.304686334498558e-06
5	2.491405900349567e-05	2.491405900349567e-05	2.491405900349567e-05	2.491405900349567e-05	2.491405900349567e-05	2.491405900349567e-05	2.491405900349567e-05	2.491405900349567e-05	2.491405900349567e-05	2.491405900349567e-05	2.491405900349567e-05	2.491405900349567e-05	2.491405900349567e-05	2.491405900349567e-05	2.491405900349567e-05	2.491405900349567e-05
6	6.933912806996988e-05	6.933912806996988e-05	6.933912806996988e-05	6.933912806996988e-05	6.933912806996988e-05	6.933912806996988e-05	6.933912806996988e-05	6.933912806996988e-05	6.933912806996988e-05	6.933912806996988e-05	6.933912806996988e-05	6.933912806996988e-05	6.933912806996988e-05	6.933912806996988e-05	6.933912806996988e-05	6.933912806996988e-05
7	0.0001430807404618	0.0001430807404618	0.0001430807404618	0.0001430807404618	0.0001430807404618	0.0001430807404618	0.0001430807404618	0.0001430807404618	0.0001430807404618	0.0001430807404618	0.0001430807404618	0.0001430807404618	0.0001430807404618	0.0001430807404618	0.0001430807404618	0.0001430807404618
8	0.0001901072775367	0.0001901072775367	0.0001901072775367	0.0001901072775367	0.0001901072775367	0.0001901072775367	0.0001901072775367	0.0001901072775367	0.0001901072775367	0.0001901072775367	0.0001901072775367	0.0001901072775367	0.0001901072775367	0.0001901072775367	0.0001901072775367	0.0001901072775367
9	0.0001680948559271	0.0001680948559271	0.0001680948559271	0.0001680948559271	0.0001680948559271	0.0001680948559271	0.0001680948559271	0.0001680948559271	0.0001680948559271	0.0001680948559271	0.0001680948559271	0.0001680948559271	0.0001680948559271	0.0001680948559271	0.0001680948559271	0.0001680948559271
10	0.0001650931620713	0.0001650931620713	0.0001650931620713	0.0001650931620713	0.0001650931620713	0.0001650931620713	0.0001650931620713	0.0001650931620713	0.0001650931620713	0.0001650931620713	0.0001650931620713	0.0001650931620713	0.0001650931620713	0.0001650931620713	0.0001650931620713	0.0001650931620713
11	0.0001791010667319	0.0001791010667319	0.0001791010667319	0.0001791010667319	0.0001791010667319	0.0001791010667319	0.0001791010667319	0.0001791010667319	0.0001791010667319	0.0001791010667319	0.0001791010667319	0.0001791010667319	0.0001791010667319	0.0001791010667319	0.0001791010667319	0.0001791010667319
12	0.0001961106652483	0.0001961106652483	0.0001961106652483	0.0001961106652483	0.0001961106652483	0.0001961106652483	0.0001961106652483	0.0001961106652483	0.0001961106652483	0.0001961106652483	0.0001961106652483	0.0001961106652483	0.0001961106652483	0.0001961106652483	0.0001961106652483	0.0001961106652483
13	0.0001951101006297	0.0001951101006297	0.0001951101006297	0.0001951101006297	0.0001951101006297	0.0001951101006297	0.0001951101006297	0.0001951101006297	0.0001951101006297	0.0001951101006297	0.0001951101006297	0.0001951101006297	0.0001951101006297	0.0001951101006297	0.0001951101006297	0.0001951101006297
14	0.0001851044544436	0.0001851044544436	0.0001851044544436	0.0001851044544436	0.0001851044544436	0.0001851044544436	0.0001851044544436	0.0001851044544436	0.0001851044544436	0.0001851044544436	0.0001851044544436	0.0001851044544436	0.0001851044544436	0.0001851044544436	0.0001851044544436	0.0001851044544436
15	0.0001991123591042	0.0001991123591042	0.0001991123591042	0.0001991123591042	0.0001991123591042	0.0001991123591042	0.0001991123591042	0.0001991123591042	0.0001991123591042	0.0001991123591042	0.0001991123591042	0.0001991123591042	0.0001991123591042	0.0001991123591042	0.0001991123591042	0.0001991123591042
16	0.0002161219576206	0.0002161219576206	0.0002161219576206	0.0002161219576206	0.0002161219576206	0.0002161219576206	0.0002161219576206	0.0002161219576206	0.0002161219576206	0.0002161219576206	0.0002161219576206	0.0002161219576206	0.0002161219576206	0.0002161219576206	0.0002161219576206	0.0002161219576206
17	0.0002241264745695	0.0002241264745695	0.0002241264745695	0.0002241264745695	0.0002241264745695	0.0002241264745695	0.0002241264745695	0.0002241264745695	0.0002241264745695	0.0002241264745695	0.0002241264745695	0.0002241264745695	0.0002241264745695	0.0002241264745695	0.0002241264745695	0.0002241264745695
18	0.0001981117944856	0.0001981117944856	0.0001981117944856	0.0001981117944856	0.0001981117944856	0.0001981117944856	0.0001981117944856	0.0001981117944856	0.0001981117944856	0.0001981117944856	0.0001981117944856	0.0001981117944856	0.0001981117944856	0.0001981117944856	0.0001981117944856	0.0001981117944856
19	0.0001370773527501	0.0001370773527501	0.0001370773527501	0.0001370773527501	0.0001370773527501	0.0001370773527501	0.0001370773527501	0.0001370773527501	0.0001370773527501	0.0001370773527501	0.0001370773527501	0.0001370773527501	0.0001370773527501	0.0001370773527501	0.0001370773527501	0.0001370773527501
20	9.075121090831556e-05	9.075121090831556e-05	9.075121090831556e-05	9.075121090831556e-05	9.075121090831556e-05	9.075121090831556e-05	9.075121090831556e-05	9.075121090831556e-05	9.075121090831556e-05	9.075121090831556e-05	9.075121090831556e-05	9.075121090831556e-05	9.075121090831556e-05	9.075121090831556e-05	9.075121090831556e-05	9.075121090831556e-05
21	6.333574035828418e-05	6.333574035828418e-05	6.333574035828418e-05	6.333574035828418e-05	6.333574035828418e-05	6.333574035828418e-05	6.333574035828418e-05	6.333574035828418e-05	6.333574035828418e-05	6.333574035828418e-05	6.333574035828418e-05	6.333574035828418e-05	6.333574035828418e-05	6.333574035828418e-05	6.333574035828418e-05	6.333574035828418e-05
22	4.112320582504708e-05	4.112320582504708e-05	4.112320582504708e-05	4.112320582504708e-05	4.112320582504708e-05	4.112320582504708e-05	4.112320582504708e-05	4.112320582504708e-05	4.112320582504708e-05	4.112320582504708e-05	4.112320582504708e-05	4.112320582504708e-05	4.112320582504708e-05	4.112320582504708e-05	4.112320582504708e-05	4.112320582504708e-05
23	2.4613889617911387e-05	2.4613889617911387e-05	2.4613889617911387e-05	2.4613889617911387e-05	2.4613889617911387e-05	2.4613889617911387e-05	2.4613889617911387e-05	2.4613889617911387e-05	2.4613889617911387e-05	2.4613889617911387e-05	2.4613889617911387e-05	2.4613889617911387e-05	2.4613889617911387e-05	2.4613889617911387e-05	2.4613889617911387e-05	2.4613889617911387e-05
24	8.084562118403415e-06	8.084562118403415e-06	8.084562118403415e-06	8.084562118403415e-06	8.084562118403415e-06	8.084562118403415e-06	8.084562118403415e-06	8.084562118403415e-06	8.084562118403415e-06	8.084562118403415e-06	8.084562118403415e-06	8.084562118403415e-06	8.084562118403415e-06	8.084562118403415e-06	8.084562118403415e-06	8.084562118403415e-06
["C4",*,*] : 	1	2	3	4	5	6	7	8	9	10	11	12	13	14	15	16 := 
1	6.773822468018703e-06	6.773822468018703e-06	6.773822468018703e-06	6.773822468018703e-06	6.773822468018703e-06	6.773822468018703e-06	6.773822468018703e-06	6.773822468018703e-06	6.773822468018703e-06	6.773822468018703e-06	6.773822468018703e-06	6.773822468018703e-06	6.773822468018703e-06	6.773822468018703e-06	6.773822468018703e-06	6.773822468018703e-06
2	3.752117319803565e-06	3.752117319803565e-06	3.752117319803565e-06	3.752117319803565e-06	3.752117319803565e-06	3.752117319803565e-06	3.752117319803565e-06	3.752117319803565e-06	3.752117319803565e-06	3.752117319803565e-06	3.752117319803565e-06	3.752117319803565e-06	3.752117319803565e-06	3.752117319803565e-06	3.752117319803565e-06	3.752117319803565e-06
3	2.381343792301996e-06	2.381343792301996e-06	2.381343792301996e-06	2.381343792301996e-06	2.381343792301996e-06	2.381343792301996e-06	2.381343792301996e-06	2.381343792301996e-06	2.381343792301996e-06	2.381343792301996e-06	2.381343792301996e-06	2.381343792301996e-06	2.381343792301996e-06	2.381343792301996e-06	2.381343792301996e-06	2.381343792301996e-06
4	8.304686334498558e-06	8.304686334498558e-06	8.304686334498558e-06	8.304686334498558e-06	8.304686334498558e-06	8.304686334498558e-06	8.304686334498558e-06	8.304686334498558e-06	8.304686334498558e-06	8.304686334498558e-06	8.304686334498558e-06	8.304686334498558e-06	8.304686334498558e-06	8.304686334498558e-06	8.304686334498558e-06	8.304686334498558e-06
5	2.491405900349567e-05	2.491405900349567e-05	2.491405900349567e-05	2.491405900349567e-05	2.491405900349567e-05	2.491405900349567e-05	2.491405900349567e-05	2.491405900349567e-05	2.491405900349567e-05	2.491405900349567e-05	2.491405900349567e-05	2.491405900349567e-05	2.491405900349567e-05	2.491405900349567e-05	2.491405900349567e-05	2.491405900349567e-05
6	6.933912806996988e-05	6.933912806996988e-05	6.933912806996988e-05	6.933912806996988e-05	6.933912806996988e-05	6.933912806996988e-05	6.933912806996988e-05	6.933912806996988e-05	6.933912806996988e-05	6.933912806996988e-05	6.933912806996988e-05	6.933912806996988e-05	6.933912806996988e-05	6.933912806996988e-05	6.933912806996988e-05	6.933912806996988e-05
7	0.0001430807404618	0.0001430807404618	0.0001430807404618	0.0001430807404618	0.0001430807404618	0.0001430807404618	0.0001430807404618	0.0001430807404618	0.0001430807404618	0.0001430807404618	0.0001430807404618	0.0001430807404618	0.0001430807404618	0.0001430807404618	0.0001430807404618	0.0001430807404618
8	0.0001901072775367	0.0001901072775367	0.0001901072775367	0.0001901072775367	0.0001901072775367	0.0001901072775367	0.0001901072775367	0.0001901072775367	0.0001901072775367	0.0001901072775367	0.0001901072775367	0.0001901072775367	0.0001901072775367	0.0001901072775367	0.0001901072775367	0.0001901072775367
9	0.0001680948559271	0.0001680948559271	0.0001680948559271	0.0001680948559271	0.0001680948559271	0.0001680948559271	0.0001680948559271	0.0001680948559271	0.0001680948559271	0.0001680948559271	0.0001680948559271	0.0001680948559271	0.0001680948559271	0.0001680948559271	0.0001680948559271	0.0001680948559271
10	0.0001650931620713	0.0001650931620713	0.0001650931620713	0.0001650931620713	0.0001650931620713	0.0001650931620713	0.0001650931620713	0.0001650931620713	0.0001650931620713	0.0001650931620713	0.0001650931620713	0.0001650931620713	0.0001650931620713	0.0001650931620713	0.0001650931620713	0.0001650931620713
11	0.0001791010667319	0.0001791010667319	0.0001791010667319	0.0001791010667319	0.0001791010667319	0.0001791010667319	0.0001791010667319	0.0001791010667319	0.0001791010667319	0.0001791010667319	0.0001791010667319	0.0001791010667319	0.0001791010667319	0.0001791010667319	0.0001791010667319	0.0001791010667319
12	0.0001961106652483	0.0001961106652483	0.0001961106652483	0.0001961106652483	0.0001961106652483	0.0001961106652483	0.0001961106652483	0.0001961106652483	0.0001961106652483	0.0001961106652483	0.0001961106652483	0.0001961106652483	0.0001961106652483	0.0001961106652483	0.0001961106652483	0.0001961106652483
13	0.0001951101006297	0.0001951101006297	0.0001951101006297	0.0001951101006297	0.0001951101006297	0.0001951101006297	0.0001951101006297	0.0001951101006297	0.0001951101006297	0.0001951101006297	0.0001951101006297	0.0001951101006297	0.0001951101006297	0.0001951101006297	0.0001951101006297	0.0001951101006297
14	0.0001851044544436	0.0001851044544436	0.0001851044544436	0.0001851044544436	0.0001851044544436	0.0001851044544436	0.0001851044544436	0.0001851044544436	0.0001851044544436	0.0001851044544436	0.0001851044544436	0.0001851044544436	0.0001851044544436	0.0001851044544436	0.0001851044544436	0.0001851044544436
15	0.0001991123591042	0.0001991123591042	0.0001991123591042	0.0001991123591042	0.0001991123591042	0.0001991123591042	0.0001991123591042	0.0001991123591042	0.0001991123591042	0.0001991123591042	0.0001991123591042	0.0001991123591042	0.0001991123591042	0.0001991123591042	0.0001991123591042	0.0001991123591042
16	0.0002161219576206	0.0002161219576206	0.0002161219576206	0.0002161219576206	0.0002161219576206	0.0002161219576206	0.0002161219576206	0.0002161219576206	0.0002161219576206	0.0002161219576206	0.0002161219576206	0.0002161219576206	0.0002161219576206	0.0002161219576206	0.0002161219576206	0.0002161219576206
17	0.0002241264745695	0.0002241264745695	0.0002241264745695	0.0002241264745695	0.0002241264745695	0.0002241264745695	0.0002241264745695	0.0002241264745695	0.0002241264745695	0.0002241264745695	0.0002241264745695	0.0002241264745695	0.0002241264745695	0.0002241264745695	0.0002241264745695	0.0002241264745695
18	0.0001981117944856	0.0001981117944856	0.0001981117944856	0.0001981117944856	0.0001981117944856	0.0001981117944856	0.0001981117944856	0.0001981117944856	0.0001981117944856	0.0001981117944856	0.0001981117944856	0.0001981117944856	0.0001981117944856	0.0001981117944856	0.0001981117944856	0.0001981117944856
19	0.0001370773527501	0.0001370773527501	0.0001370773527501	0.0001370773527501	0.0001370773527501	0.0001370773527501	0.0001370773527501	0.0001370773527501	0.0001370773527501	0.0001370773527501	0.0001370773527501	0.0001370773527501	0.0001370773527501	0.0001370773527501	0.0001370773527501	0.0001370773527501
20	9.075121090831556e-05	9.075121090831556e-05	9.075121090831556e-05	9.075121090831556e-05	9.075121090831556e-05	9.075121090831556e-05	9.075121090831556e-05	9.075121090831556e-05	9.075121090831556e-05	9.075121090831556e-05	9.075121090831556e-05	9.075121090831556e-05	9.075121090831556e-05	9.075121090831556e-05	9.075121090831556e-05	9.075121090831556e-05
21	6.333574035828418e-05	6.333574035828418e-05	6.333574035828418e-05	6.333574035828418e-05	6.333574035828418e-05	6.333574035828418e-05	6.333574035828418e-05	6.333574035828418e-05	6.333574035828418e-05	6.333574035828418e-05	6.333574035828418e-05	6.333574035828418e-05	6.333574035828418e-05	6.333574035828418e-05	6.333574035828418e-05	6.333574035828418e-05
22	4.112320582504708e-05	4.112320582504708e-05	4.112320582504708e-05	4.112320582504708e-05	4.112320582504708e-05	4.112320582504708e-05	4.112320582504708e-05	4.112320582504708e-05	4.112320582504708e-05	4.112320582504708e-05	4.112320582504708e-05	4.112320582504708e-05	4.112320582504708e-05	4.112320582504708e-05	4.112320582504708e-05	4.112320582504708e-05
23	2.4613889617911387e-05	2.4613889617911387e-05	2.4613889617911387e-05	2.4613889617911387e-05	2.4613889617911387e-05	2.4613889617911387e-05	2.4613889617911387e-05	2.4613889617911387e-05	2.4613889617911387e-05	2.4613889617911387e-05	2.4613889617911387e-05	2.4613889617911387e-05	2.4613889617911387e-05	2.4613889617911387e-05	2.4613889617911387e-05	2.4613889617911387e-05
24	8.084562118403415e-06	8.084562118403415e-06	8.084562118403415e-06	8.084562118403415e-06	8.084562118403415e-06	8.084562118403415e-06	8.084562118403415e-06	8.084562118403415e-06	8.084562118403415e-06	8.084562118403415e-06	8.084562118403415e-06	8.084562118403415e-06	8.084562118403415e-06	8.084562118403415e-06	8.084562118403415e-06	8.084562118403415e-06
["C5",*,*] : 	1	2	3	4	5	6	7	8	9	10	11	12	13	14	15	16 := 
1	6.773822468018703e-06	6.773822468018703e-06	6.773822468018703e-06	6.773822468018703e-06	6.773822468018703e-06	6.773822468018703e-06	6.773822468018703e-06	6.773822468018703e-06	6.773822468018703e-06	6.773822468018703e-06	6.773822468018703e-06	6.773822468018703e-06	6.773822468018703e-06	6.773822468018703e-06	6.773822468018703e-06	6.773822468018703e-06
2	3.752117319803565e-06	3.752117319803565e-06	3.752117319803565e-06	3.752117319803565e-06	3.752117319803565e-06	3.752117319803565e-06	3.752117319803565e-06	3.752117319803565e-06	3.752117319803565e-06	3.752117319803565e-06	3.752117319803565e-06	3.752117319803565e-06	3.752117319803565e-06	3.752117319803565e-06	3.752117319803565e-06	3.752117319803565e-06
3	2.381343792301996e-06	2.381343792301996e-06	2.381343792301996e-06	2.381343792301996e-06	2.381343792301996e-06	2.381343792301996e-06	2.381343792301996e-06	2.381343792301996e-06	2.381343792301996e-06	2.381343792301996e-06	2.381343792301996e-06	2.381343792301996e-06	2.381343792301996e-06	2.381343792301996e-06	2.381343792301996e-06	2.381343792301996e-06
4	8.304686334498558e-06	8.304686334498558e-06	8.304686334498558e-06	8.304686334498558e-06	8.304686334498558e-06	8.304686334498558e-06	8.304686334498558e-06	8.304686334498558e-06	8.304686334498558e-06	8.304686334498558e-06	8.304686334498558e-06	8.304686334498558e-06	8.304686334498558e-06	8.304686334498558e-06	8.304686334498558e-06	8.304686334498558e-06
5	2.491405900349567e-05	2.491405900349567e-05	2.491405900349567e-05	2.491405900349567e-05	2.491405900349567e-05	2.491405900349567e-05	2.491405900349567e-05	2.491405900349567e-05	2.491405900349567e-05	2.491405900349567e-05	2.491405900349567e-05	2.491405900349567e-05	2.491405900349567e-05	2.491405900349567e-05	2.491405900349567e-05	2.491405900349567e-05
6	6.933912806996988e-05	6.933912806996988e-05	6.933912806996988e-05	6.933912806996988e-05	6.933912806996988e-05	6.933912806996988e-05	6.933912806996988e-05	6.933912806996988e-05	6.933912806996988e-05	6.933912806996988e-05	6.933912806996988e-05	6.933912806996988e-05	6.933912806996988e-05	6.933912806996988e-05	6.933912806996988e-05	6.933912806996988e-05
7	0.0001430807404618	0.0001430807404618	0.0001430807404618	0.0001430807404618	0.0001430807404618	0.0001430807404618	0.0001430807404618	0.0001430807404618	0.0001430807404618	0.0001430807404618	0.0001430807404618	0.0001430807404618	0.0001430807404618	0.0001430807404618	0.0001430807404618	0.0001430807404618
8	0.0001901072775367	0.0001901072775367	0.0001901072775367	0.0001901072775367	0.0001901072775367	0.0001901072775367	0.0001901072775367	0.0001901072775367	0.0001901072775367	0.0001901072775367	0.0001901072775367	0.0001901072775367	0.0001901072775367	0.0001901072775367	0.0001901072775367	0.0001901072775367
9	0.0001680948559271	0.0001680948559271	0.0001680948559271	0.0001680948559271	0.0001680948559271	0.0001680948559271	0.0001680948559271	0.0001680948559271	0.0001680948559271	0.0001680948559271	0.0001680948559271	0.0001680948559271	0.0001680948559271	0.0001680948559271	0.0001680948559271	0.0001680948559271
10	0.0001650931620713	0.0001650931620713	0.0001650931620713	0.0001650931620713	0.0001650931620713	0.0001650931620713	0.0001650931620713	0.0001650931620713	0.0001650931620713	0.0001650931620713	0.0001650931620713	0.0001650931620713	0.0001650931620713	0.0001650931620713	0.0001650931620713	0.0001650931620713
11	0.0001791010667319	0.0001791010667319	0.0001791010667319	0.0001791010667319	0.0001791010667319	0.0001791010667319	0.0001791010667319	0.0001791010667319	0.0001791010667319	0.0001791010667319	0.0001791010667319	0.0001791010667319	0.0001791010667319	0.0001791010667319	0.0001791010667319	0.0001791010667319
12	0.0001961106652483	0.0001961106652483	0.0001961106652483	0.0001961106652483	0.0001961106652483	0.0001961106652483	0.0001961106652483	0.0001961106652483	0.0001961106652483	0.0001961106652483	0.0001961106652483	0.0001961106652483	0.0001961106652483	0.0001961106652483	0.0001961106652483	0.0001961106652483
13	0.0001951101006297	0.0001951101006297	0.0001951101006297	0.0001951101006297	0.0001951101006297	0.0001951101006297	0.0001951101006297	0.0001951101006297	0.0001951101006297	0.0001951101006297	0.0001951101006297	0.0001951101006297	0.0001951101006297	0.0001951101006297	0.0001951101006297	0.0001951101006297
14	0.0001851044544436	0.0001851044544436	0.0001851044544436	0.0001851044544436	0.0001851044544436	0.0001851044544436	0.0001851044544436	0.0001851044544436	0.0001851044544436	0.0001851044544436	0.0001851044544436	0.0001851044544436	0.0001851044544436	0.0001851044544436	0.0001851044544436	0.0001851044544436
15	0.0001991123591042	0.0001991123591042	0.0001991123591042	0.0001991123591042	0.0001991123591042	0.0001991123591042	0.0001991123591042	0.0001991123591042	0.0001991123591042	0.0001991123591042	0.0001991123591042	0.0001991123591042	0.0001991123591042	0.0001991123591042	0.0001991123591042	0.0001991123591042
16	0.0002161219576206	0.0002161219576206	0.0002161219576206	0.0002161219576206	0.0002161219576206	0.0002161219576206	0.0002161219576206	0.0002161219576206	0.0002161219576206	0.0002161219576206	0.0002161219576206	0.0002161219576206	0.0002161219576206	0.0002161219576206	0.0002161219576206	0.0002161219576206
17	0.0002241264745695	0.0002241264745695	0.0002241264745695	0.0002241264745695	0.0002241264745695	0.0002241264745695	0.0002241264745695	0.0002241264745695	0.0002241264745695	0.0002241264745695	0.0002241264745695	0.0002241264745695	0.0002241264745695	0.0002241264745695	0.0002241264745695	0.0002241264745695
18	0.0001981117944856	0.0001981117944856	0.0001981117944856	0.0001981117944856	0.0001981117944856	0.0001981117944856	0.0001981117944856	0.0001981117944856	0.0001981117944856	0.0001981117944856	0.0001981117944856	0.0001981117944856	0.0001981117944856	0.0001981117944856	0.0001981117944856	0.0001981117944856
19	0.0001370773527501	0.0001370773527501	0.0001370773527501	0.0001370773527501	0.0001370773527501	0.0001370773527501	0.0001370773527501	0.0001370773527501	0.0001370773527501	0.0001370773527501	0.0001370773527501	0.0001370773527501	0.0001370773527501	0.0001370773527501	0.0001370773527501	0.0001370773527501
20	9.075121090831556e-05	9.075121090831556e-05	9.075121090831556e-05	9.075121090831556e-05	9.075121090831556e-05	9.075121090831556e-05	9.075121090831556e-05	9.075121090831556e-05	9.075121090831556e-05	9.075121090831556e-05	9.075121090831556e-05	9.075121090831556e-05	9.075121090831556e-05	9.075121090831556e-05	9.075121090831556e-05	9.075121090831556e-05
21	6.333574035828418e-05	6.333574035828418e-05	6.333574035828418e-05	6.333574035828418e-05	6.333574035828418e-05	6.333574035828418e-05	6.333574035828418e-05	6.333574035828418e-05	6.333574035828418e-05	6.333574035828418e-05	6.333574035828418e-05	6.333574035828418e-05	6.333574035828418e-05	6.333574035828418e-05	6.333574035828418e-05	6.333574035828418e-05
22	4.112320582504708e-05	4.112320582504708e-05	4.112320582504708e-05	4.112320582504708e-05	4.112320582504708e-05	4.112320582504708e-05	4.112320582504708e-05	4.112320582504708e-05	4.112320582504708e-05	4.112320582504708e-05	4.112320582504708e-05	4.112320582504708e-05	4.112320582504708e-05	4.112320582504708e-05	4.112320582504708e-05	4.112320582504708e-05
23	2.4613889617911387e-05	2.4613889617911387e-05	2.4613889617911387e-05	2.4613889617911387e-05	2.4613889617911387e-05	2.4613889617911387e-05	2.4613889617911387e-05	2.4613889617911387e-05	2.4613889617911387e-05	2.4613889617911387e-05	2.4613889617911387e-05	2.4613889617911387e-05	2.4613889617911387e-05	2.4613889617911387e-05	2.4613889617911387e-05	2.4613889617911387e-05
24	8.084562118403415e-06	8.084562118403415e-06	8.084562118403415e-06	8.084562118403415e-06	8.084562118403415e-06	8.084562118403415e-06	8.084562118403415e-06	8.084562118403415e-06	8.084562118403415e-06	8.084562118403415e-06	8.084562118403415e-06	8.084562118403415e-06	8.084562118403415e-06	8.084562118403415e-06	8.084562118403415e-06	8.084562118403415e-06
;
  
 param  mob_freight_time_series  := 
["C1",*,*] : 	1	2	3	4	5	6	7	8	9	10	11	12	13	14	15	16 := 
1	0.00011415525114149999	0.00011415525114149999	0.00011415525114149999	0.00011415525114149999	0.00011415525114149999	0.00011415525114149999	0.00011415525114149999	0.00011415525114149999	0.00011415525114149999	0.00011415525114149999	0.00011415525114149999	0.00011415525114149999	0.00011415525114149999	0.00011415525114149999	0.00011415525114149999	0.00011415525114149999
2	0.00011415525114149999	0.00011415525114149999	0.00011415525114149999	0.00011415525114149999	0.00011415525114149999	0.00011415525114149999	0.00011415525114149999	0.00011415525114149999	0.00011415525114149999	0.00011415525114149999	0.00011415525114149999	0.00011415525114149999	0.00011415525114149999	0.00011415525114149999	0.00011415525114149999	0.00011415525114149999
3	0.00011415525114149999	0.00011415525114149999	0.00011415525114149999	0.00011415525114149999	0.00011415525114149999	0.00011415525114149999	0.00011415525114149999	0.00011415525114149999	0.00011415525114149999	0.00011415525114149999	0.00011415525114149999	0.00011415525114149999	0.00011415525114149999	0.00011415525114149999	0.00011415525114149999	0.00011415525114149999
4	0.00011415525114149999	0.00011415525114149999	0.00011415525114149999	0.00011415525114149999	0.00011415525114149999	0.00011415525114149999	0.00011415525114149999	0.00011415525114149999	0.00011415525114149999	0.00011415525114149999	0.00011415525114149999	0.00011415525114149999	0.00011415525114149999	0.00011415525114149999	0.00011415525114149999	0.00011415525114149999
5	0.00011415525114149999	0.00011415525114149999	0.00011415525114149999	0.00011415525114149999	0.00011415525114149999	0.00011415525114149999	0.00011415525114149999	0.00011415525114149999	0.00011415525114149999	0.00011415525114149999	0.00011415525114149999	0.00011415525114149999	0.00011415525114149999	0.00011415525114149999	0.00011415525114149999	0.00011415525114149999
6	0.00011415525114149999	0.00011415525114149999	0.00011415525114149999	0.00011415525114149999	0.00011415525114149999	0.00011415525114149999	0.00011415525114149999	0.00011415525114149999	0.00011415525114149999	0.00011415525114149999	0.00011415525114149999	0.00011415525114149999	0.00011415525114149999	0.00011415525114149999	0.00011415525114149999	0.00011415525114149999
7	0.00011415525114149999	0.00011415525114149999	0.00011415525114149999	0.00011415525114149999	0.00011415525114149999	0.00011415525114149999	0.00011415525114149999	0.00011415525114149999	0.00011415525114149999	0.00011415525114149999	0.00011415525114149999	0.00011415525114149999	0.00011415525114149999	0.00011415525114149999	0.00011415525114149999	0.00011415525114149999
8	0.00011415525114149999	0.00011415525114149999	0.00011415525114149999	0.00011415525114149999	0.00011415525114149999	0.00011415525114149999	0.00011415525114149999	0.00011415525114149999	0.00011415525114149999	0.00011415525114149999	0.00011415525114149999	0.00011415525114149999	0.00011415525114149999	0.00011415525114149999	0.00011415525114149999	0.00011415525114149999
9	0.00011415525114149999	0.00011415525114149999	0.00011415525114149999	0.00011415525114149999	0.00011415525114149999	0.00011415525114149999	0.00011415525114149999	0.00011415525114149999	0.00011415525114149999	0.00011415525114149999	0.00011415525114149999	0.00011415525114149999	0.00011415525114149999	0.00011415525114149999	0.00011415525114149999	0.00011415525114149999
10	0.00011415525114149999	0.00011415525114149999	0.00011415525114149999	0.00011415525114149999	0.00011415525114149999	0.00011415525114149999	0.00011415525114149999	0.00011415525114149999	0.00011415525114149999	0.00011415525114149999	0.00011415525114149999	0.00011415525114149999	0.00011415525114149999	0.00011415525114149999	0.00011415525114149999	0.00011415525114149999
11	0.00011415525114149999	0.00011415525114149999	0.00011415525114149999	0.00011415525114149999	0.00011415525114149999	0.00011415525114149999	0.00011415525114149999	0.00011415525114149999	0.00011415525114149999	0.00011415525114149999	0.00011415525114149999	0.00011415525114149999	0.00011415525114149999	0.00011415525114149999	0.00011415525114149999	0.00011415525114149999
12	0.00011415525114149999	0.00011415525114149999	0.00011415525114149999	0.00011415525114149999	0.00011415525114149999	0.00011415525114149999	0.00011415525114149999	0.00011415525114149999	0.00011415525114149999	0.00011415525114149999	0.00011415525114149999	0.00011415525114149999	0.00011415525114149999	0.00011415525114149999	0.00011415525114149999	0.00011415525114149999
13	0.00011415525114149999	0.00011415525114149999	0.00011415525114149999	0.00011415525114149999	0.00011415525114149999	0.00011415525114149999	0.00011415525114149999	0.00011415525114149999	0.00011415525114149999	0.00011415525114149999	0.00011415525114149999	0.00011415525114149999	0.00011415525114149999	0.00011415525114149999	0.00011415525114149999	0.00011415525114149999
14	0.00011415525114149999	0.00011415525114149999	0.00011415525114149999	0.00011415525114149999	0.00011415525114149999	0.00011415525114149999	0.00011415525114149999	0.00011415525114149999	0.00011415525114149999	0.00011415525114149999	0.00011415525114149999	0.00011415525114149999	0.00011415525114149999	0.00011415525114149999	0.00011415525114149999	0.00011415525114149999
15	0.00011415525114149999	0.00011415525114149999	0.00011415525114149999	0.00011415525114149999	0.00011415525114149999	0.00011415525114149999	0.00011415525114149999	0.00011415525114149999	0.00011415525114149999	0.00011415525114149999	0.00011415525114149999	0.00011415525114149999	0.00011415525114149999	0.00011415525114149999	0.00011415525114149999	0.00011415525114149999
16	0.00011415525114149999	0.00011415525114149999	0.00011415525114149999	0.00011415525114149999	0.00011415525114149999	0.00011415525114149999	0.00011415525114149999	0.00011415525114149999	0.00011415525114149999	0.00011415525114149999	0.00011415525114149999	0.00011415525114149999	0.00011415525114149999	0.00011415525114149999	0.00011415525114149999	0.00011415525114149999
17	0.00011415525114149999	0.00011415525114149999	0.00011415525114149999	0.00011415525114149999	0.00011415525114149999	0.00011415525114149999	0.00011415525114149999	0.00011415525114149999	0.00011415525114149999	0.00011415525114149999	0.00011415525114149999	0.00011415525114149999	0.00011415525114149999	0.00011415525114149999	0.00011415525114149999	0.00011415525114149999
18	0.00011415525114149999	0.00011415525114149999	0.00011415525114149999	0.00011415525114149999	0.00011415525114149999	0.00011415525114149999	0.00011415525114149999	0.00011415525114149999	0.00011415525114149999	0.00011415525114149999	0.00011415525114149999	0.00011415525114149999	0.00011415525114149999	0.00011415525114149999	0.00011415525114149999	0.00011415525114149999
19	0.00011415525114149999	0.00011415525114149999	0.00011415525114149999	0.00011415525114149999	0.00011415525114149999	0.00011415525114149999	0.00011415525114149999	0.00011415525114149999	0.00011415525114149999	0.00011415525114149999	0.00011415525114149999	0.00011415525114149999	0.00011415525114149999	0.00011415525114149999	0.00011415525114149999	0.00011415525114149999
20	0.00011415525114149999	0.00011415525114149999	0.00011415525114149999	0.00011415525114149999	0.00011415525114149999	0.00011415525114149999	0.00011415525114149999	0.00011415525114149999	0.00011415525114149999	0.00011415525114149999	0.00011415525114149999	0.00011415525114149999	0.00011415525114149999	0.00011415525114149999	0.00011415525114149999	0.00011415525114149999
21	0.00011415525114149999	0.00011415525114149999	0.00011415525114149999	0.00011415525114149999	0.00011415525114149999	0.00011415525114149999	0.00011415525114149999	0.00011415525114149999	0.00011415525114149999	0.00011415525114149999	0.00011415525114149999	0.00011415525114149999	0.00011415525114149999	0.00011415525114149999	0.00011415525114149999	0.00011415525114149999
22	0.00011415525114149999	0.00011415525114149999	0.00011415525114149999	0.00011415525114149999	0.00011415525114149999	0.00011415525114149999	0.00011415525114149999	0.00011415525114149999	0.00011415525114149999	0.00011415525114149999	0.00011415525114149999	0.00011415525114149999	0.00011415525114149999	0.00011415525114149999	0.00011415525114149999	0.00011415525114149999
23	0.00011415525114149999	0.00011415525114149999	0.00011415525114149999	0.00011415525114149999	0.00011415525114149999	0.00011415525114149999	0.00011415525114149999	0.00011415525114149999	0.00011415525114149999	0.00011415525114149999	0.00011415525114149999	0.00011415525114149999	0.00011415525114149999	0.00011415525114149999	0.00011415525114149999	0.00011415525114149999
24	0.00011415525114149999	0.00011415525114149999	0.00011415525114149999	0.00011415525114149999	0.00011415525114149999	0.00011415525114149999	0.00011415525114149999	0.00011415525114149999	0.00011415525114149999	0.00011415525114149999	0.00011415525114149999	0.00011415525114149999	0.00011415525114149999	0.00011415525114149999	0.00011415525114149999	0.00011415525114149999
["C2",*,*] : 	1	2	3	4	5	6	7	8	9	10	11	12	13	14	15	16 := 
1	0.00011415525114149999	0.00011415525114149999	0.00011415525114149999	0.00011415525114149999	0.00011415525114149999	0.00011415525114149999	0.00011415525114149999	0.00011415525114149999	0.00011415525114149999	0.00011415525114149999	0.00011415525114149999	0.00011415525114149999	0.00011415525114149999	0.00011415525114149999	0.00011415525114149999	0.00011415525114149999
2	0.00011415525114149999	0.00011415525114149999	0.00011415525114149999	0.00011415525114149999	0.00011415525114149999	0.00011415525114149999	0.00011415525114149999	0.00011415525114149999	0.00011415525114149999	0.00011415525114149999	0.00011415525114149999	0.00011415525114149999	0.00011415525114149999	0.00011415525114149999	0.00011415525114149999	0.00011415525114149999
3	0.00011415525114149999	0.00011415525114149999	0.00011415525114149999	0.00011415525114149999	0.00011415525114149999	0.00011415525114149999	0.00011415525114149999	0.00011415525114149999	0.00011415525114149999	0.00011415525114149999	0.00011415525114149999	0.00011415525114149999	0.00011415525114149999	0.00011415525114149999	0.00011415525114149999	0.00011415525114149999
4	0.00011415525114149999	0.00011415525114149999	0.00011415525114149999	0.00011415525114149999	0.00011415525114149999	0.00011415525114149999	0.00011415525114149999	0.00011415525114149999	0.00011415525114149999	0.00011415525114149999	0.00011415525114149999	0.00011415525114149999	0.00011415525114149999	0.00011415525114149999	0.00011415525114149999	0.00011415525114149999
5	0.00011415525114149999	0.00011415525114149999	0.00011415525114149999	0.00011415525114149999	0.00011415525114149999	0.00011415525114149999	0.00011415525114149999	0.00011415525114149999	0.00011415525114149999	0.00011415525114149999	0.00011415525114149999	0.00011415525114149999	0.00011415525114149999	0.00011415525114149999	0.00011415525114149999	0.00011415525114149999
6	0.00011415525114149999	0.00011415525114149999	0.00011415525114149999	0.00011415525114149999	0.00011415525114149999	0.00011415525114149999	0.00011415525114149999	0.00011415525114149999	0.00011415525114149999	0.00011415525114149999	0.00011415525114149999	0.00011415525114149999	0.00011415525114149999	0.00011415525114149999	0.00011415525114149999	0.00011415525114149999
7	0.00011415525114149999	0.00011415525114149999	0.00011415525114149999	0.00011415525114149999	0.00011415525114149999	0.00011415525114149999	0.00011415525114149999	0.00011415525114149999	0.00011415525114149999	0.00011415525114149999	0.00011415525114149999	0.00011415525114149999	0.00011415525114149999	0.00011415525114149999	0.00011415525114149999	0.00011415525114149999
8	0.00011415525114149999	0.00011415525114149999	0.00011415525114149999	0.00011415525114149999	0.00011415525114149999	0.00011415525114149999	0.00011415525114149999	0.00011415525114149999	0.00011415525114149999	0.00011415525114149999	0.00011415525114149999	0.00011415525114149999	0.00011415525114149999	0.00011415525114149999	0.00011415525114149999	0.00011415525114149999
9	0.00011415525114149999	0.00011415525114149999	0.00011415525114149999	0.00011415525114149999	0.00011415525114149999	0.00011415525114149999	0.00011415525114149999	0.00011415525114149999	0.00011415525114149999	0.00011415525114149999	0.00011415525114149999	0.00011415525114149999	0.00011415525114149999	0.00011415525114149999	0.00011415525114149999	0.00011415525114149999
10	0.00011415525114149999	0.00011415525114149999	0.00011415525114149999	0.00011415525114149999	0.00011415525114149999	0.00011415525114149999	0.00011415525114149999	0.00011415525114149999	0.00011415525114149999	0.00011415525114149999	0.00011415525114149999	0.00011415525114149999	0.00011415525114149999	0.00011415525114149999	0.00011415525114149999	0.00011415525114149999
11	0.00011415525114149999	0.00011415525114149999	0.00011415525114149999	0.00011415525114149999	0.00011415525114149999	0.00011415525114149999	0.00011415525114149999	0.00011415525114149999	0.00011415525114149999	0.00011415525114149999	0.00011415525114149999	0.00011415525114149999	0.00011415525114149999	0.00011415525114149999	0.00011415525114149999	0.00011415525114149999
12	0.00011415525114149999	0.00011415525114149999	0.00011415525114149999	0.00011415525114149999	0.00011415525114149999	0.00011415525114149999	0.00011415525114149999	0.00011415525114149999	0.00011415525114149999	0.00011415525114149999	0.00011415525114149999	0.00011415525114149999	0.00011415525114149999	0.00011415525114149999	0.00011415525114149999	0.00011415525114149999
13	0.00011415525114149999	0.00011415525114149999	0.00011415525114149999	0.00011415525114149999	0.00011415525114149999	0.00011415525114149999	0.00011415525114149999	0.00011415525114149999	0.00011415525114149999	0.00011415525114149999	0.00011415525114149999	0.00011415525114149999	0.00011415525114149999	0.00011415525114149999	0.00011415525114149999	0.00011415525114149999
14	0.00011415525114149999	0.00011415525114149999	0.00011415525114149999	0.00011415525114149999	0.00011415525114149999	0.00011415525114149999	0.00011415525114149999	0.00011415525114149999	0.00011415525114149999	0.00011415525114149999	0.00011415525114149999	0.00011415525114149999	0.00011415525114149999	0.00011415525114149999	0.00011415525114149999	0.00011415525114149999
15	0.00011415525114149999	0.00011415525114149999	0.00011415525114149999	0.00011415525114149999	0.00011415525114149999	0.00011415525114149999	0.00011415525114149999	0.00011415525114149999	0.00011415525114149999	0.00011415525114149999	0.00011415525114149999	0.00011415525114149999	0.00011415525114149999	0.00011415525114149999	0.00011415525114149999	0.00011415525114149999
16	0.00011415525114149999	0.00011415525114149999	0.00011415525114149999	0.00011415525114149999	0.00011415525114149999	0.00011415525114149999	0.00011415525114149999	0.00011415525114149999	0.00011415525114149999	0.00011415525114149999	0.00011415525114149999	0.00011415525114149999	0.00011415525114149999	0.00011415525114149999	0.00011415525114149999	0.00011415525114149999
17	0.00011415525114149999	0.00011415525114149999	0.00011415525114149999	0.00011415525114149999	0.00011415525114149999	0.00011415525114149999	0.00011415525114149999	0.00011415525114149999	0.00011415525114149999	0.00011415525114149999	0.00011415525114149999	0.00011415525114149999	0.00011415525114149999	0.00011415525114149999	0.00011415525114149999	0.00011415525114149999
18	0.00011415525114149999	0.00011415525114149999	0.00011415525114149999	0.00011415525114149999	0.00011415525114149999	0.00011415525114149999	0.00011415525114149999	0.00011415525114149999	0.00011415525114149999	0.00011415525114149999	0.00011415525114149999	0.00011415525114149999	0.00011415525114149999	0.00011415525114149999	0.00011415525114149999	0.00011415525114149999
19	0.00011415525114149999	0.00011415525114149999	0.00011415525114149999	0.00011415525114149999	0.00011415525114149999	0.00011415525114149999	0.00011415525114149999	0.00011415525114149999	0.00011415525114149999	0.00011415525114149999	0.00011415525114149999	0.00011415525114149999	0.00011415525114149999	0.00011415525114149999	0.00011415525114149999	0.00011415525114149999
20	0.00011415525114149999	0.00011415525114149999	0.00011415525114149999	0.00011415525114149999	0.00011415525114149999	0.00011415525114149999	0.00011415525114149999	0.00011415525114149999	0.00011415525114149999	0.00011415525114149999	0.00011415525114149999	0.00011415525114149999	0.00011415525114149999	0.00011415525114149999	0.00011415525114149999	0.00011415525114149999
21	0.00011415525114149999	0.00011415525114149999	0.00011415525114149999	0.00011415525114149999	0.00011415525114149999	0.00011415525114149999	0.00011415525114149999	0.00011415525114149999	0.00011415525114149999	0.00011415525114149999	0.00011415525114149999	0.00011415525114149999	0.00011415525114149999	0.00011415525114149999	0.00011415525114149999	0.00011415525114149999
22	0.00011415525114149999	0.00011415525114149999	0.00011415525114149999	0.00011415525114149999	0.00011415525114149999	0.00011415525114149999	0.00011415525114149999	0.00011415525114149999	0.00011415525114149999	0.00011415525114149999	0.00011415525114149999	0.00011415525114149999	0.00011415525114149999	0.00011415525114149999	0.00011415525114149999	0.00011415525114149999
23	0.00011415525114149999	0.00011415525114149999	0.00011415525114149999	0.00011415525114149999	0.00011415525114149999	0.00011415525114149999	0.00011415525114149999	0.00011415525114149999	0.00011415525114149999	0.00011415525114149999	0.00011415525114149999	0.00011415525114149999	0.00011415525114149999	0.00011415525114149999	0.00011415525114149999	0.00011415525114149999
24	0.00011415525114149999	0.00011415525114149999	0.00011415525114149999	0.00011415525114149999	0.00011415525114149999	0.00011415525114149999	0.00011415525114149999	0.00011415525114149999	0.00011415525114149999	0.00011415525114149999	0.00011415525114149999	0.00011415525114149999	0.00011415525114149999	0.00011415525114149999	0.00011415525114149999	0.00011415525114149999
["C3",*,*] : 	1	2	3	4	5	6	7	8	9	10	11	12	13	14	15	16 := 
1	0.00011415525114149999	0.00011415525114149999	0.00011415525114149999	0.00011415525114149999	0.00011415525114149999	0.00011415525114149999	0.00011415525114149999	0.00011415525114149999	0.00011415525114149999	0.00011415525114149999	0.00011415525114149999	0.00011415525114149999	0.00011415525114149999	0.00011415525114149999	0.00011415525114149999	0.00011415525114149999
2	0.00011415525114149999	0.00011415525114149999	0.00011415525114149999	0.00011415525114149999	0.00011415525114149999	0.00011415525114149999	0.00011415525114149999	0.00011415525114149999	0.00011415525114149999	0.00011415525114149999	0.00011415525114149999	0.00011415525114149999	0.00011415525114149999	0.00011415525114149999	0.00011415525114149999	0.00011415525114149999
3	0.00011415525114149999	0.00011415525114149999	0.00011415525114149999	0.00011415525114149999	0.00011415525114149999	0.00011415525114149999	0.00011415525114149999	0.00011415525114149999	0.00011415525114149999	0.00011415525114149999	0.00011415525114149999	0.00011415525114149999	0.00011415525114149999	0.00011415525114149999	0.00011415525114149999	0.00011415525114149999
4	0.00011415525114149999	0.00011415525114149999	0.00011415525114149999	0.00011415525114149999	0.00011415525114149999	0.00011415525114149999	0.00011415525114149999	0.00011415525114149999	0.00011415525114149999	0.00011415525114149999	0.00011415525114149999	0.00011415525114149999	0.00011415525114149999	0.00011415525114149999	0.00011415525114149999	0.00011415525114149999
5	0.00011415525114149999	0.00011415525114149999	0.00011415525114149999	0.00011415525114149999	0.00011415525114149999	0.00011415525114149999	0.00011415525114149999	0.00011415525114149999	0.00011415525114149999	0.00011415525114149999	0.00011415525114149999	0.00011415525114149999	0.00011415525114149999	0.00011415525114149999	0.00011415525114149999	0.00011415525114149999
6	0.00011415525114149999	0.00011415525114149999	0.00011415525114149999	0.00011415525114149999	0.00011415525114149999	0.00011415525114149999	0.00011415525114149999	0.00011415525114149999	0.00011415525114149999	0.00011415525114149999	0.00011415525114149999	0.00011415525114149999	0.00011415525114149999	0.00011415525114149999	0.00011415525114149999	0.00011415525114149999
7	0.00011415525114149999	0.00011415525114149999	0.00011415525114149999	0.00011415525114149999	0.00011415525114149999	0.00011415525114149999	0.00011415525114149999	0.00011415525114149999	0.00011415525114149999	0.00011415525114149999	0.00011415525114149999	0.00011415525114149999	0.00011415525114149999	0.00011415525114149999	0.00011415525114149999	0.00011415525114149999
8	0.00011415525114149999	0.00011415525114149999	0.00011415525114149999	0.00011415525114149999	0.00011415525114149999	0.00011415525114149999	0.00011415525114149999	0.00011415525114149999	0.00011415525114149999	0.00011415525114149999	0.00011415525114149999	0.00011415525114149999	0.00011415525114149999	0.00011415525114149999	0.00011415525114149999	0.00011415525114149999
9	0.00011415525114149999	0.00011415525114149999	0.00011415525114149999	0.00011415525114149999	0.00011415525114149999	0.00011415525114149999	0.00011415525114149999	0.00011415525114149999	0.00011415525114149999	0.00011415525114149999	0.00011415525114149999	0.00011415525114149999	0.00011415525114149999	0.00011415525114149999	0.00011415525114149999	0.00011415525114149999
10	0.00011415525114149999	0.00011415525114149999	0.00011415525114149999	0.00011415525114149999	0.00011415525114149999	0.00011415525114149999	0.00011415525114149999	0.00011415525114149999	0.00011415525114149999	0.00011415525114149999	0.00011415525114149999	0.00011415525114149999	0.00011415525114149999	0.00011415525114149999	0.00011415525114149999	0.00011415525114149999
11	0.00011415525114149999	0.00011415525114149999	0.00011415525114149999	0.00011415525114149999	0.00011415525114149999	0.00011415525114149999	0.00011415525114149999	0.00011415525114149999	0.00011415525114149999	0.00011415525114149999	0.00011415525114149999	0.00011415525114149999	0.00011415525114149999	0.00011415525114149999	0.00011415525114149999	0.00011415525114149999
12	0.00011415525114149999	0.00011415525114149999	0.00011415525114149999	0.00011415525114149999	0.00011415525114149999	0.00011415525114149999	0.00011415525114149999	0.00011415525114149999	0.00011415525114149999	0.00011415525114149999	0.00011415525114149999	0.00011415525114149999	0.00011415525114149999	0.00011415525114149999	0.00011415525114149999	0.00011415525114149999
13	0.00011415525114149999	0.00011415525114149999	0.00011415525114149999	0.00011415525114149999	0.00011415525114149999	0.00011415525114149999	0.00011415525114149999	0.00011415525114149999	0.00011415525114149999	0.00011415525114149999	0.00011415525114149999	0.00011415525114149999	0.00011415525114149999	0.00011415525114149999	0.00011415525114149999	0.00011415525114149999
14	0.00011415525114149999	0.00011415525114149999	0.00011415525114149999	0.00011415525114149999	0.00011415525114149999	0.00011415525114149999	0.00011415525114149999	0.00011415525114149999	0.00011415525114149999	0.00011415525114149999	0.00011415525114149999	0.00011415525114149999	0.00011415525114149999	0.00011415525114149999	0.00011415525114149999	0.00011415525114149999
15	0.00011415525114149999	0.00011415525114149999	0.00011415525114149999	0.00011415525114149999	0.00011415525114149999	0.00011415525114149999	0.00011415525114149999	0.00011415525114149999	0.00011415525114149999	0.00011415525114149999	0.00011415525114149999	0.00011415525114149999	0.00011415525114149999	0.00011415525114149999	0.00011415525114149999	0.00011415525114149999
16	0.00011415525114149999	0.00011415525114149999	0.00011415525114149999	0.00011415525114149999	0.00011415525114149999	0.00011415525114149999	0.00011415525114149999	0.00011415525114149999	0.00011415525114149999	0.00011415525114149999	0.00011415525114149999	0.00011415525114149999	0.00011415525114149999	0.00011415525114149999	0.00011415525114149999	0.00011415525114149999
17	0.00011415525114149999	0.00011415525114149999	0.00011415525114149999	0.00011415525114149999	0.00011415525114149999	0.00011415525114149999	0.00011415525114149999	0.00011415525114149999	0.00011415525114149999	0.00011415525114149999	0.00011415525114149999	0.00011415525114149999	0.00011415525114149999	0.00011415525114149999	0.00011415525114149999	0.00011415525114149999
18	0.00011415525114149999	0.00011415525114149999	0.00011415525114149999	0.00011415525114149999	0.00011415525114149999	0.00011415525114149999	0.00011415525114149999	0.00011415525114149999	0.00011415525114149999	0.00011415525114149999	0.00011415525114149999	0.00011415525114149999	0.00011415525114149999	0.00011415525114149999	0.00011415525114149999	0.00011415525114149999
19	0.00011415525114149999	0.00011415525114149999	0.00011415525114149999	0.00011415525114149999	0.00011415525114149999	0.00011415525114149999	0.00011415525114149999	0.00011415525114149999	0.00011415525114149999	0.00011415525114149999	0.00011415525114149999	0.00011415525114149999	0.00011415525114149999	0.00011415525114149999	0.00011415525114149999	0.00011415525114149999
20	0.00011415525114149999	0.00011415525114149999	0.00011415525114149999	0.00011415525114149999	0.00011415525114149999	0.00011415525114149999	0.00011415525114149999	0.00011415525114149999	0.00011415525114149999	0.00011415525114149999	0.00011415525114149999	0.00011415525114149999	0.00011415525114149999	0.00011415525114149999	0.00011415525114149999	0.00011415525114149999
21	0.00011415525114149999	0.00011415525114149999	0.00011415525114149999	0.00011415525114149999	0.00011415525114149999	0.00011415525114149999	0.00011415525114149999	0.00011415525114149999	0.00011415525114149999	0.00011415525114149999	0.00011415525114149999	0.00011415525114149999	0.00011415525114149999	0.00011415525114149999	0.00011415525114149999	0.00011415525114149999
22	0.00011415525114149999	0.00011415525114149999	0.00011415525114149999	0.00011415525114149999	0.00011415525114149999	0.00011415525114149999	0.00011415525114149999	0.00011415525114149999	0.00011415525114149999	0.00011415525114149999	0.00011415525114149999	0.00011415525114149999	0.00011415525114149999	0.00011415525114149999	0.00011415525114149999	0.00011415525114149999
23	0.00011415525114149999	0.00011415525114149999	0.00011415525114149999	0.00011415525114149999	0.00011415525114149999	0.00011415525114149999	0.00011415525114149999	0.00011415525114149999	0.00011415525114149999	0.00011415525114149999	0.00011415525114149999	0.00011415525114149999	0.00011415525114149999	0.00011415525114149999	0.00011415525114149999	0.00011415525114149999
24	0.00011415525114149999	0.00011415525114149999	0.00011415525114149999	0.00011415525114149999	0.00011415525114149999	0.00011415525114149999	0.00011415525114149999	0.00011415525114149999	0.00011415525114149999	0.00011415525114149999	0.00011415525114149999	0.00011415525114149999	0.00011415525114149999	0.00011415525114149999	0.00011415525114149999	0.00011415525114149999
["C4",*,*] : 	1	2	3	4	5	6	7	8	9	10	11	12	13	14	15	16 := 
1	0.00011415525114149999	0.00011415525114149999	0.00011415525114149999	0.00011415525114149999	0.00011415525114149999	0.00011415525114149999	0.00011415525114149999	0.00011415525114149999	0.00011415525114149999	0.00011415525114149999	0.00011415525114149999	0.00011415525114149999	0.00011415525114149999	0.00011415525114149999	0.00011415525114149999	0.00011415525114149999
2	0.00011415525114149999	0.00011415525114149999	0.00011415525114149999	0.00011415525114149999	0.00011415525114149999	0.00011415525114149999	0.00011415525114149999	0.00011415525114149999	0.00011415525114149999	0.00011415525114149999	0.00011415525114149999	0.00011415525114149999	0.00011415525114149999	0.00011415525114149999	0.00011415525114149999	0.00011415525114149999
3	0.00011415525114149999	0.00011415525114149999	0.00011415525114149999	0.00011415525114149999	0.00011415525114149999	0.00011415525114149999	0.00011415525114149999	0.00011415525114149999	0.00011415525114149999	0.00011415525114149999	0.00011415525114149999	0.00011415525114149999	0.00011415525114149999	0.00011415525114149999	0.00011415525114149999	0.00011415525114149999
4	0.00011415525114149999	0.00011415525114149999	0.00011415525114149999	0.00011415525114149999	0.00011415525114149999	0.00011415525114149999	0.00011415525114149999	0.00011415525114149999	0.00011415525114149999	0.00011415525114149999	0.00011415525114149999	0.00011415525114149999	0.00011415525114149999	0.00011415525114149999	0.00011415525114149999	0.00011415525114149999
5	0.00011415525114149999	0.00011415525114149999	0.00011415525114149999	0.00011415525114149999	0.00011415525114149999	0.00011415525114149999	0.00011415525114149999	0.00011415525114149999	0.00011415525114149999	0.00011415525114149999	0.00011415525114149999	0.00011415525114149999	0.00011415525114149999	0.00011415525114149999	0.00011415525114149999	0.00011415525114149999
6	0.00011415525114149999	0.00011415525114149999	0.00011415525114149999	0.00011415525114149999	0.00011415525114149999	0.00011415525114149999	0.00011415525114149999	0.00011415525114149999	0.00011415525114149999	0.00011415525114149999	0.00011415525114149999	0.00011415525114149999	0.00011415525114149999	0.00011415525114149999	0.00011415525114149999	0.00011415525114149999
7	0.00011415525114149999	0.00011415525114149999	0.00011415525114149999	0.00011415525114149999	0.00011415525114149999	0.00011415525114149999	0.00011415525114149999	0.00011415525114149999	0.00011415525114149999	0.00011415525114149999	0.00011415525114149999	0.00011415525114149999	0.00011415525114149999	0.00011415525114149999	0.00011415525114149999	0.00011415525114149999
8	0.00011415525114149999	0.00011415525114149999	0.00011415525114149999	0.00011415525114149999	0.00011415525114149999	0.00011415525114149999	0.00011415525114149999	0.00011415525114149999	0.00011415525114149999	0.00011415525114149999	0.00011415525114149999	0.00011415525114149999	0.00011415525114149999	0.00011415525114149999	0.00011415525114149999	0.00011415525114149999
9	0.00011415525114149999	0.00011415525114149999	0.00011415525114149999	0.00011415525114149999	0.00011415525114149999	0.00011415525114149999	0.00011415525114149999	0.00011415525114149999	0.00011415525114149999	0.00011415525114149999	0.00011415525114149999	0.00011415525114149999	0.00011415525114149999	0.00011415525114149999	0.00011415525114149999	0.00011415525114149999
10	0.00011415525114149999	0.00011415525114149999	0.00011415525114149999	0.00011415525114149999	0.00011415525114149999	0.00011415525114149999	0.00011415525114149999	0.00011415525114149999	0.00011415525114149999	0.00011415525114149999	0.00011415525114149999	0.00011415525114149999	0.00011415525114149999	0.00011415525114149999	0.00011415525114149999	0.00011415525114149999
11	0.00011415525114149999	0.00011415525114149999	0.00011415525114149999	0.00011415525114149999	0.00011415525114149999	0.00011415525114149999	0.00011415525114149999	0.00011415525114149999	0.00011415525114149999	0.00011415525114149999	0.00011415525114149999	0.00011415525114149999	0.00011415525114149999	0.00011415525114149999	0.00011415525114149999	0.00011415525114149999
12	0.00011415525114149999	0.00011415525114149999	0.00011415525114149999	0.00011415525114149999	0.00011415525114149999	0.00011415525114149999	0.00011415525114149999	0.00011415525114149999	0.00011415525114149999	0.00011415525114149999	0.00011415525114149999	0.00011415525114149999	0.00011415525114149999	0.00011415525114149999	0.00011415525114149999	0.00011415525114149999
13	0.00011415525114149999	0.00011415525114149999	0.00011415525114149999	0.00011415525114149999	0.00011415525114149999	0.00011415525114149999	0.00011415525114149999	0.00011415525114149999	0.00011415525114149999	0.00011415525114149999	0.00011415525114149999	0.00011415525114149999	0.00011415525114149999	0.00011415525114149999	0.00011415525114149999	0.00011415525114149999
14	0.00011415525114149999	0.00011415525114149999	0.00011415525114149999	0.00011415525114149999	0.00011415525114149999	0.00011415525114149999	0.00011415525114149999	0.00011415525114149999	0.00011415525114149999	0.00011415525114149999	0.00011415525114149999	0.00011415525114149999	0.00011415525114149999	0.00011415525114149999	0.00011415525114149999	0.00011415525114149999
15	0.00011415525114149999	0.00011415525114149999	0.00011415525114149999	0.00011415525114149999	0.00011415525114149999	0.00011415525114149999	0.00011415525114149999	0.00011415525114149999	0.00011415525114149999	0.00011415525114149999	0.00011415525114149999	0.00011415525114149999	0.00011415525114149999	0.00011415525114149999	0.00011415525114149999	0.00011415525114149999
16	0.00011415525114149999	0.00011415525114149999	0.00011415525114149999	0.00011415525114149999	0.00011415525114149999	0.00011415525114149999	0.00011415525114149999	0.00011415525114149999	0.00011415525114149999	0.00011415525114149999	0.00011415525114149999	0.00011415525114149999	0.00011415525114149999	0.00011415525114149999	0.00011415525114149999	0.00011415525114149999
17	0.00011415525114149999	0.00011415525114149999	0.00011415525114149999	0.00011415525114149999	0.00011415525114149999	0.00011415525114149999	0.00011415525114149999	0.00011415525114149999	0.00011415525114149999	0.00011415525114149999	0.00011415525114149999	0.00011415525114149999	0.00011415525114149999	0.00011415525114149999	0.00011415525114149999	0.00011415525114149999
18	0.00011415525114149999	0.00011415525114149999	0.00011415525114149999	0.00011415525114149999	0.00011415525114149999	0.00011415525114149999	0.00011415525114149999	0.00011415525114149999	0.00011415525114149999	0.00011415525114149999	0.00011415525114149999	0.00011415525114149999	0.00011415525114149999	0.00011415525114149999	0.00011415525114149999	0.00011415525114149999
19	0.00011415525114149999	0.00011415525114149999	0.00011415525114149999	0.00011415525114149999	0.00011415525114149999	0.00011415525114149999	0.00011415525114149999	0.00011415525114149999	0.00011415525114149999	0.00011415525114149999	0.00011415525114149999	0.00011415525114149999	0.00011415525114149999	0.00011415525114149999	0.00011415525114149999	0.00011415525114149999
20	0.00011415525114149999	0.00011415525114149999	0.00011415525114149999	0.00011415525114149999	0.00011415525114149999	0.00011415525114149999	0.00011415525114149999	0.00011415525114149999	0.00011415525114149999	0.00011415525114149999	0.00011415525114149999	0.00011415525114149999	0.00011415525114149999	0.00011415525114149999	0.00011415525114149999	0.00011415525114149999
21	0.00011415525114149999	0.00011415525114149999	0.00011415525114149999	0.00011415525114149999	0.00011415525114149999	0.00011415525114149999	0.00011415525114149999	0.00011415525114149999	0.00011415525114149999	0.00011415525114149999	0.00011415525114149999	0.00011415525114149999	0.00011415525114149999	0.00011415525114149999	0.00011415525114149999	0.00011415525114149999
22	0.00011415525114149999	0.00011415525114149999	0.00011415525114149999	0.00011415525114149999	0.00011415525114149999	0.00011415525114149999	0.00011415525114149999	0.00011415525114149999	0.00011415525114149999	0.00011415525114149999	0.00011415525114149999	0.00011415525114149999	0.00011415525114149999	0.00011415525114149999	0.00011415525114149999	0.00011415525114149999
23	0.00011415525114149999	0.00011415525114149999	0.00011415525114149999	0.00011415525114149999	0.00011415525114149999	0.00011415525114149999	0.00011415525114149999	0.00011415525114149999	0.00011415525114149999	0.00011415525114149999	0.00011415525114149999	0.00011415525114149999	0.00011415525114149999	0.00011415525114149999	0.00011415525114149999	0.00011415525114149999
24	0.00011415525114149999	0.00011415525114149999	0.00011415525114149999	0.00011415525114149999	0.00011415525114149999	0.00011415525114149999	0.00011415525114149999	0.00011415525114149999	0.00011415525114149999	0.00011415525114149999	0.00011415525114149999	0.00011415525114149999	0.00011415525114149999	0.00011415525114149999	0.00011415525114149999	0.00011415525114149999
["C5",*,*] : 	1	2	3	4	5	6	7	8	9	10	11	12	13	14	15	16 := 
1	0.00011415525114149999	0.00011415525114149999	0.00011415525114149999	0.00011415525114149999	0.00011415525114149999	0.00011415525114149999	0.00011415525114149999	0.00011415525114149999	0.00011415525114149999	0.00011415525114149999	0.00011415525114149999	0.00011415525114149999	0.00011415525114149999	0.00011415525114149999	0.00011415525114149999	0.00011415525114149999
2	0.00011415525114149999	0.00011415525114149999	0.00011415525114149999	0.00011415525114149999	0.00011415525114149999	0.00011415525114149999	0.00011415525114149999	0.00011415525114149999	0.00011415525114149999	0.00011415525114149999	0.00011415525114149999	0.00011415525114149999	0.00011415525114149999	0.00011415525114149999	0.00011415525114149999	0.00011415525114149999
3	0.00011415525114149999	0.00011415525114149999	0.00011415525114149999	0.00011415525114149999	0.00011415525114149999	0.00011415525114149999	0.00011415525114149999	0.00011415525114149999	0.00011415525114149999	0.00011415525114149999	0.00011415525114149999	0.00011415525114149999	0.00011415525114149999	0.00011415525114149999	0.00011415525114149999	0.00011415525114149999
4	0.00011415525114149999	0.00011415525114149999	0.00011415525114149999	0.00011415525114149999	0.00011415525114149999	0.00011415525114149999	0.00011415525114149999	0.00011415525114149999	0.00011415525114149999	0.00011415525114149999	0.00011415525114149999	0.00011415525114149999	0.00011415525114149999	0.00011415525114149999	0.00011415525114149999	0.00011415525114149999
5	0.00011415525114149999	0.00011415525114149999	0.00011415525114149999	0.00011415525114149999	0.00011415525114149999	0.00011415525114149999	0.00011415525114149999	0.00011415525114149999	0.00011415525114149999	0.00011415525114149999	0.00011415525114149999	0.00011415525114149999	0.00011415525114149999	0.00011415525114149999	0.00011415525114149999	0.00011415525114149999
6	0.00011415525114149999	0.00011415525114149999	0.00011415525114149999	0.00011415525114149999	0.00011415525114149999	0.00011415525114149999	0.00011415525114149999	0.00011415525114149999	0.00011415525114149999	0.00011415525114149999	0.00011415525114149999	0.00011415525114149999	0.00011415525114149999	0.00011415525114149999	0.00011415525114149999	0.00011415525114149999
7	0.00011415525114149999	0.00011415525114149999	0.00011415525114149999	0.00011415525114149999	0.00011415525114149999	0.00011415525114149999	0.00011415525114149999	0.00011415525114149999	0.00011415525114149999	0.00011415525114149999	0.00011415525114149999	0.00011415525114149999	0.00011415525114149999	0.00011415525114149999	0.00011415525114149999	0.00011415525114149999
8	0.00011415525114149999	0.00011415525114149999	0.00011415525114149999	0.00011415525114149999	0.00011415525114149999	0.00011415525114149999	0.00011415525114149999	0.00011415525114149999	0.00011415525114149999	0.00011415525114149999	0.00011415525114149999	0.00011415525114149999	0.00011415525114149999	0.00011415525114149999	0.00011415525114149999	0.00011415525114149999
9	0.00011415525114149999	0.00011415525114149999	0.00011415525114149999	0.00011415525114149999	0.00011415525114149999	0.00011415525114149999	0.00011415525114149999	0.00011415525114149999	0.00011415525114149999	0.00011415525114149999	0.00011415525114149999	0.00011415525114149999	0.00011415525114149999	0.00011415525114149999	0.00011415525114149999	0.00011415525114149999
10	0.00011415525114149999	0.00011415525114149999	0.00011415525114149999	0.00011415525114149999	0.00011415525114149999	0.00011415525114149999	0.00011415525114149999	0.00011415525114149999	0.00011415525114149999	0.00011415525114149999	0.00011415525114149999	0.00011415525114149999	0.00011415525114149999	0.00011415525114149999	0.00011415525114149999	0.00011415525114149999
11	0.00011415525114149999	0.00011415525114149999	0.00011415525114149999	0.00011415525114149999	0.00011415525114149999	0.00011415525114149999	0.00011415525114149999	0.00011415525114149999	0.00011415525114149999	0.00011415525114149999	0.00011415525114149999	0.00011415525114149999	0.00011415525114149999	0.00011415525114149999	0.00011415525114149999	0.00011415525114149999
12	0.00011415525114149999	0.00011415525114149999	0.00011415525114149999	0.00011415525114149999	0.00011415525114149999	0.00011415525114149999	0.00011415525114149999	0.00011415525114149999	0.00011415525114149999	0.00011415525114149999	0.00011415525114149999	0.00011415525114149999	0.00011415525114149999	0.00011415525114149999	0.00011415525114149999	0.00011415525114149999
13	0.00011415525114149999	0.00011415525114149999	0.00011415525114149999	0.00011415525114149999	0.00011415525114149999	0.00011415525114149999	0.00011415525114149999	0.00011415525114149999	0.00011415525114149999	0.00011415525114149999	0.00011415525114149999	0.00011415525114149999	0.00011415525114149999	0.00011415525114149999	0.00011415525114149999	0.00011415525114149999
14	0.00011415525114149999	0.00011415525114149999	0.00011415525114149999	0.00011415525114149999	0.00011415525114149999	0.00011415525114149999	0.00011415525114149999	0.00011415525114149999	0.00011415525114149999	0.00011415525114149999	0.00011415525114149999	0.00011415525114149999	0.00011415525114149999	0.00011415525114149999	0.00011415525114149999	0.00011415525114149999
15	0.00011415525114149999	0.00011415525114149999	0.00011415525114149999	0.00011415525114149999	0.00011415525114149999	0.00011415525114149999	0.00011415525114149999	0.00011415525114149999	0.00011415525114149999	0.00011415525114149999	0.00011415525114149999	0.00011415525114149999	0.00011415525114149999	0.00011415525114149999	0.00011415525114149999	0.00011415525114149999
16	0.00011415525114149999	0.00011415525114149999	0.00011415525114149999	0.00011415525114149999	0.00011415525114149999	0.00011415525114149999	0.00011415525114149999	0.00011415525114149999	0.00011415525114149999	0.00011415525114149999	0.00011415525114149999	0.00011415525114149999	0.00011415525114149999	0.00011415525114149999	0.00011415525114149999	0.00011415525114149999
17	0.00011415525114149999	0.00011415525114149999	0.00011415525114149999	0.00011415525114149999	0.00011415525114149999	0.00011415525114149999	0.00011415525114149999	0.00011415525114149999	0.00011415525114149999	0.00011415525114149999	0.00011415525114149999	0.00011415525114149999	0.00011415525114149999	0.00011415525114149999	0.00011415525114149999	0.00011415525114149999
18	0.00011415525114149999	0.00011415525114149999	0.00011415525114149999	0.00011415525114149999	0.00011415525114149999	0.00011415525114149999	0.00011415525114149999	0.00011415525114149999	0.00011415525114149999	0.00011415525114149999	0.00011415525114149999	0.00011415525114149999	0.00011415525114149999	0.00011415525114149999	0.00011415525114149999	0.00011415525114149999
19	0.00011415525114149999	0.00011415525114149999	0.00011415525114149999	0.00011415525114149999	0.00011415525114149999	0.00011415525114149999	0.00011415525114149999	0.00011415525114149999	0.00011415525114149999	0.00011415525114149999	0.00011415525114149999	0.00011415525114149999	0.00011415525114149999	0.00011415525114149999	0.00011415525114149999	0.00011415525114149999
20	0.00011415525114149999	0.00011415525114149999	0.00011415525114149999	0.00011415525114149999	0.00011415525114149999	0.00011415525114149999	0.00011415525114149999	0.00011415525114149999	0.00011415525114149999	0.00011415525114149999	0.00011415525114149999	0.00011415525114149999	0.00011415525114149999	0.00011415525114149999	0.00011415525114149999	0.00011415525114149999
21	0.00011415525114149999	0.00011415525114149999	0.00011415525114149999	0.00011415525114149999	0.00011415525114149999	0.00011415525114149999	0.00011415525114149999	0.00011415525114149999	0.00011415525114149999	0.00011415525114149999	0.00011415525114149999	0.00011415525114149999	0.00011415525114149999	0.00011415525114149999	0.00011415525114149999	0.00011415525114149999
22	0.00011415525114149999	0.00011415525114149999	0.00011415525114149999	0.00011415525114149999	0.00011415525114149999	0.00011415525114149999	0.00011415525114149999	0.00011415525114149999	0.00011415525114149999	0.00011415525114149999	0.00011415525114149999	0.00011415525114149999	0.00011415525114149999	0.00011415525114149999	0.00011415525114149999	0.00011415525114149999
23	0.00011415525114149999	0.00011415525114149999	0.00011415525114149999	0.00011415525114149999	0.00011415525114149999	0.00011415525114149999	0.00011415525114149999	0.00011415525114149999	0.00011415525114149999	0.00011415525114149999	0.00011415525114149999	0.00011415525114149999	0.00011415525114149999	0.00011415525114149999	0.00011415525114149999	0.00011415525114149999
24	0.00011415525114149999	0.00011415525114149999	0.00011415525114149999	0.00011415525114149999	0.00011415525114149999	0.00011415525114149999	0.00011415525114149999	0.00011415525114149999	0.00011415525114149999	0.00011415525114149999	0.00011415525114149999	0.00011415525114149999	0.00011415525114149999	0.00011415525114149999	0.00011415525114149999	0.00011415525114149999
;
  
 param  c_p_t:= 
["WIND_OFFSHORE","C1",*,*] :	1	2	3	4	5	6	7	8	9	10	11	12	13	14	15	16 := 
1	0.146656579395401	0.1507066884194019	0.023447999612636793	0.0900616348758095	0.09752236202528484	0.15891348828382482	0.09688287112675838	0.11265697995707767	0.10135930741644358	0.17351519713351224	0.20900694200173067	0.004156690840421976	0.08569178040254537	0.0580870899494866	0.09549730751328439	0.008846290762949335
2	0.10317119829560188	0.1220361798021324	0.019504472405056966	0.0508395264328534	0.10860687093307676	0.11905188894234225	0.11937163439160549	0.11905188894234225	0.0868641803831772	0.16370967002277323	0.17212963352003827	0.006714654434527808	0.09475123479833686	0.060751635360013496	0.08558519858612429	0.01247007252126593
3	0.08078901684717585	0.08984847124296734	0.019824217854320196	0.03836945391158748	0.07482043512759558	0.08217458046064985	0.11819923441097364	0.12097036163792163	0.07482043512759558	0.1287508342366602	0.09986716198654852	0.011404254357055166	0.10029348925223282	0.052011926413485246	0.081002180480018	0.011617417989897318
4	0.05830025358232875	0.06927818067369962	0.025259890491795087	0.04220639930274622	0.04742890830737896	0.06501490801685655	0.09773552565812699	0.12661919790823867	0.07897712596801755	0.08526545313686107	0.08004294413222832	0.01918472695579374	0.08451938042191352	0.045297271978957436	0.06703996252885701	0.009485781661475793
5	0.04348538109979914	0.05744759905096014	0.029523163148638145	0.044551199264009904	0.03463909033684981	0.058833162664434134	0.081002180480018	0.11873214349307903	0.08430621678907138	0.060858217176434574	0.06522807164969871	0.02376774506190002	0.0913406166728624	0.05062636280001125	0.04838814465516865	0.008952872579370412
6	0.029842908597901372	0.046256508326747124	0.04337879928337806	0.04806839920590542	0.028031017718743074	0.06139112625853996	0.06767945342738346	0.1111648345271826	0.08324039862486061	0.04519069016253636	0.054569890007591076	0.02089003601853096	0.11510836173476244	0.06895843522443638	0.03964843570864039	0.010658181642107634
7	0.02035712693642558	0.037729963013061016	0.05691468996885476	0.05254483549559063	0.026219126839584776	0.06224378078990857	0.05925948993011844	0.09997374380296958	0.07545992602612203	0.03208112674274397	0.04209981748632515	0.023447999612636793	0.12065061618865838	0.08185483501138661	0.036131235766744874	0.011191090724213013
8	0.014175381584003152	0.03090872676211213	0.05755418086738122	0.05648836270317045	0.02547305412463724	0.06426883530190902	0.04998687190148479	0.09198010757138886	0.06725312616169916	0.023554581429057867	0.04252614475200946	0.031121890394954284	0.08398647133980815	0.07887054415159647	0.03005607223074352	0.00959236347789687
9	0.011404254357055166	0.02994949041432245	0.05670152633601261	0.06043188991075027	0.028990254066532762	0.06426883530190902	0.03847603572800855	0.09166036212212564	0.0580870899494866	0.01907814513937266	0.05904632629727629	0.026538872288848003	0.07364803514696373	0.07545992602612203	0.023554581429057867	0.008739708946528259
10	0.012576654337687005	0.030375817680006748	0.060645053543592425	0.061710871707803185	0.039541853892219314	0.06917159885727854	0.03090872676211213	0.1016790528657068	0.05563570817180184	0.01481487248252961	0.054569890007591076	0.018118908791582976	0.03922210844295609	0.07386119877980589	0.026005963206742623	0.007034399883791038
11	0.010231854376423327	0.024194072327584325	0.0625635262391718	0.055315962722538616	0.05030661735074802	0.08292065317559738	0.024513817776847555	0.11596101626613105	0.053717235476222466	0.010551599825686556	0.037836544829482094	0.007354145333054267	0.027178363187374464	0.06608072618106732	0.022062435999162796	0.007354145333054267
12	0.008633127130107183	0.012363490704844854	0.027284945003795538	0.05957923537938167	0.02632570865600585	0.04742890830737896	0.016413599728845752	0.06725312616169916	0.01993079967074127	0.005968581719580274	0.06533465346611979	0.006927818067369961	0.04423145381474667	0.016733345178108983	0.0055422544538959685	0.003304036309053366
13	0.03890236299369286	0.04135374477137761	0.008313381680843952	0.14697632484466425	0.027391526820216616	0.005968581719580274	0.00021316363284215264	0.10828712548381354	0.007887054415159647	0.094964398431179	0.16189777914361492	0.00841996349726503	0.22307574176931275	0.0423129811191673	0.01993079967074127	0.0
14	0.03794312664590317	0.09123403485644133	0.031761381293480745	0.16402941547203645	0.01652018154526683	0.07034399883791037	0.0012789817970529159	0.20740821475541452	0.11084508907791937	0.10370410737770726	0.12352832523202746	0.004796181738948435	0.25355814126574056	0.08494570768759784	0.027178363187374464	0.0004263272656843053
15	0.027284945003795538	0.11766632532886827	0.055315962722538616	0.1720230517036172	0.0037303635747376715	0.07396778059622697	0.006927818067369961	0.1881169059831997	0.07727181690528033	0.09283276210275748	0.07151639881854222	0.004689599922527358	0.2224362508707863	0.10274487102991757	0.039435272075798236	0.002344799961263679
16	0.02632570865600585	0.10658181642107632	0.07290196243201622	0.17692581525898668	0.00031974544926322896	0.03293378127411258	0.009059454395791488	0.14324596126992659	0.03623781758316595	0.09432490753265255	0.04646967195958927	0.007780472598738571	0.19333941498783244	0.1156412708168678	0.040501090240009	0.0034106181254744423
17	0.029203417699374914	0.08782341673096689	0.0791902896008597	0.17031774264087998	0.0	0.01012527256000225	0.007140981700212114	0.11361621630486736	0.015560945197477142	0.09592363477896869	0.03378643580548119	0.014708290666108534	0.18694450600256787	0.11574785263328889	0.03218770855916505	0.002344799961263679
18	0.030269235863585674	0.06917159885727854	0.07343487151412158	0.14878821572382253	0.0	0.003943527207579824	0.0043698544732641295	0.09976058017012744	0.007140981700212114	0.096349962044653	0.025046726858952935	0.024300654144005403	0.18449312422488312	0.09176694393854672	0.024300654144005403	0.0013855636134739921
19	0.02994949041432245	0.04572359924464174	0.06490832620043548	0.1004000710686539	0.0	0.002984290859790137	0.002344799961263679	0.09517756206402116	0.0036237817583165952	0.09251301665349425	0.018971563322951586	0.03293378127411258	0.1679729426796163	0.04753549012380004	0.017585999709477593	0.0008526545313686106
20	0.0305889813128489	0.02877709043369061	0.054676471824012154	0.052225090046327395	0.0	0.0037303635747376715	0.0018118908791582976	0.09571047114612653	0.00202505451200045	0.08611810766822968	0.013642472501897769	0.036877308481692406	0.13919585224592568	0.01939789058863589	0.010231854376423327	0.0006394908985264579
21	0.03378643580548119	0.015987272463161447	0.0423129811191673	0.014921454298950686	0.00021316363284215264	0.007887054415159647	0.00202505451200045	0.10146588923286465	0.002344799961263679	0.08697076219959828	0.014388545216845305	0.031121890394954284	0.10402385282697049	0.007993636231580723	0.006927818067369961	0.0
22	0.036877308481692406	0.010551599825686556	0.02291509053053141	0.0036237817583165952	0.0027711272269479842	0.023661163245478945	0.0015987272463161449	0.08963530761012518	0.0024513817776847554	0.08526545313686107	0.02089003601853096	0.018758399690109433	0.056275199070328304	0.009379199845054717	0.006181745352422427	0.0
23	0.039435272075798236	0.02120978146779419	0.019717636037899118	0.004902763555369511	0.039435272075798236	0.09901450745517991	0.018438654240846203	0.09379199845054717	0.011723999806318396	0.08398647133980815	0.044657781080430975	0.017905745158740823	0.03538516305179734	0.04401829018190452	0.016093854279582525	0.004263272656843053
24	0.11372279812128842	0.07119665336927898	0.05915290811369736	0.03975501752506147	0.1115911617928669	0.17575341527835486	0.05425014455832785	0.16488207000340507	0.05478305364043323	0.17628632436046024	0.17053090627372214	0.030802144945691053	0.0611779626256978	0.09368541663412609	0.05744759905096014	0.053077744577696005
["WIND_OFFSHORE","C2",*,*] :	1	2	3	4	5	6	7	8	9	10	11	12	13	14	15	16 := 
1	0.11198735419720367	0.16197072693876408	0.03985990573120809	0.1391936379495023	0.07307649384054817	0.2779118041663538	0.043181564542142094	0.126064544237942	0.17762997561888152	0.16117922309638724	0.20973902777611875	0.04444664202642068	0.12986072573615232	0.07687267533875845	0.07592362996420589	0.0011075359521028534
2	0.064219053359849	0.12843715767432345	0.037961814982102944	0.07877076608786361	0.09300644670615221	0.24580275200911655	0.07450006190237703	0.10265539102922822	0.17051213530973722	0.14441338750954144	0.14947464649203032	0.05457010903677298	0.1328663524373603	0.07782172071331103	0.06073890397136471	0.0017396001715548673
3	0.050299404851286394	0.10676760463716453	0.03985990573120809	0.04602870066579982	0.07022935771689044	0.19154867508206957	0.09506302803280764	0.09664413762681223	0.1501076597568569	0.11609956780513997	0.07608212054175617	0.043181564542142094	0.11689107164751682	0.07212744846599559	0.051248450225838973	0.0018980907491051471
4	0.035747692123271786	0.08367448353817675	0.04302307396459182	0.041124983215486674	0.04840131410218125	0.13856062468467573	0.10075730028012307	0.09838468684374163	0.1333408751246366	0.08952629731766792	0.05820779995743299	0.037012769607550365	0.11135434093237712	0.06026438128408842	0.04476362318152124	0.0015820586393791402
5	0.022302566301985478	0.06089739454891499	0.046503223353076106	0.044130609916694666	0.03685427903000009	0.10312991371650451	0.08652161966183447	0.1081911726989934	0.12305986658210856	0.07117840309144301	0.050299404851286394	0.032267542734787505	0.11499298089841167	0.048242823524630975	0.038752369779105234	0.0015820586393791402
6	0.01328663524373603	0.04159950590276295	0.0544116184592227	0.05298805039739384	0.03210905215723722	0.08478107044490504	0.06611714410895415	0.08794518772366333	0.10898172749599568	0.054886141146498986	0.04207402859003924	0.026098747800195773	0.10613459137233795	0.0540955863494967	0.031793020047511215	0.0030056267012080005
7	0.008382917793422883	0.030210961408132075	0.057417245160430695	0.06026438128408842	0.022935579566812046	0.06975483502961415	0.05868232264470928	0.0716529257787193	0.09189891075404935	0.03669673749782436	0.03258357484451351	0.018347894226224903	0.11309489014930653	0.07718870744848447	0.027206283752298627	0.006168794934591728
8	0.004429194763036861	0.024200657051090625	0.0577332772701567	0.06390207220474844	0.021669553037158912	0.06406056278229871	0.050299404851286394	0.06611714410895415	0.08367448353817675	0.02657327048747206	0.020878998240156616	0.022935579566812046	0.10597704984016224	0.09522056956498337	0.02182804361470919	0.006327285512142008
9	0.0037961814982102942	0.021037488817706895	0.05694272247315441	0.0686472990775113	0.02657327048747206	0.05694272247315441	0.03922689246638152	0.05994834917436241	0.07766323013576075	0.023410102254088332	0.021353520927432902	0.01629226194494403	0.05947382648708613	0.09142438806677307	0.018190352694049176	0.0034801493884842874
10	0.005852762824865721	0.02056296613043061	0.056152167676152116	0.07418402979265101	0.037487292294826655	0.059315335909535846	0.031160006782684647	0.07592362996420589	0.07386704863755046	0.02040447555288033	0.012970603134010023	0.011388544494630884	0.046977746040352396	0.07608212054175617	0.021512011504983185	0.0015820586393791402
11	0.006801808199418295	0.018031862116498897	0.0506154369610124	0.06485111757930101	0.037012769607550365	0.07718870744848447	0.023410102254088332	0.08019433414969247	0.05994834917436241	0.011388544494630884	0.012970603134010023	0.004586736295212587	0.026889302597198066	0.06769825370295872	0.019929952865604044	0.0025311040139317136
12	0.0036376909206600142	0.0075923629964205885	0.021195030349882623	0.053937095771946414	0.01913939806860175	0.03859482824692951	0.012337589869183456	0.051722972913115256	0.013602667353462036	0.0069593497315940216	0.048559804679731526	0.01186306718190717	0.06089739454891499	0.01344512582128631	0.0031631682333837278	0.000316032109726007
13	0.020088443443154323	0.030053419875956347	0.0034801493884842874	0.1178401170220694	0.05014091427373612	0.006327285512142008	0.0	0.14551997441626977	0.01186306718190717	0.08335750238307618	0.11372695436875854	0.013761157931012317	0.20673340107491076	0.02467517973836691	0.009015931058249448	0.0
14	0.021353520927432902	0.06279548529802013	0.009490453745525736	0.122742885427008	0.035747692123271786	0.09158287864432335	0.0017396001715548673	0.16086319098666121	0.08114337952424504	0.08399051564790275	0.08066885683696876	0.005219749560039154	0.21227013179005047	0.05567764498887583	0.01170457660435689	0.0006330132648265665
15	0.018506384803775183	0.07402553921510073	0.026098747800195773	0.12748811229977086	0.013602667353462036	0.10233840987412766	0.006327285512142008	0.11720710375724283	0.04840131410218125	0.08430654775762876	0.046344732775525824	0.004903717450313147	0.17952806636798668	0.08035282472724276	0.02040447555288033	0.0014235680618288604
16	0.019929952865604044	0.06643317621868015	0.038752369779105234	0.13460595260891514	0.00427070418548658	0.04919186889918354	0.008699898948523441	0.08240845700852362	0.026889302597198066	0.09379700150315451	0.033058097531789794	0.0075923629964205885	0.1621282684709398	0.10028277759284679	0.02198653419225947	0.0015820586393791402
17	0.022618598411711485	0.05520312230159955	0.04666171393062638	0.1344484110767394	0.0014235680618288604	0.01597528078984347	0.007908395106146595	0.06595865353140387	0.01755733942922261	0.09980825490557049	0.026098747800195773	0.011547035072181163	0.16117922309638724	0.10265539102922822	0.018190352694049176	0.0007905547970022938
18	0.025624225112919487	0.043181564542142094	0.043181564542142094	0.12464097617611315	0.000316032109726007	0.004429194763036861	0.005378240137589434	0.06026438128408842	0.012812112556459743	0.09885920953101793	0.019613920755878037	0.01597528078984347	0.15406138278724293	0.08509805160000561	0.015184725992841177	0.000316032109726007
19	0.030053419875956347	0.028629851814127485	0.03922689246638152	0.09601207340736022	0.00015849057755027977	0.0015820586393791402	0.003954672075760573	0.06168794934591728	0.010281008542528029	0.08984327847276848	0.01471020330556489	0.018980907491051472	0.13096826168825515	0.049034327367007816	0.011388544494630884	0.00015849057755027977
20	0.03590523365544751	0.021037488817706895	0.03448166559361865	0.05725875458288042	0.0	0.0007905547970022938	0.003954672075760573	0.06896428023261186	0.008382917793422883	0.08256694758607389	0.01328663524373603	0.0221440757244352	0.10202237776440165	0.01486869388311517	0.00854140837097316	0.0
21	0.04381457780696866	0.012812112556459743	0.02704779317474835	0.022935579566812046	0.000316032109726007	0.0012650774842785804	0.005219749560039154	0.08256694758607389	0.00917442163579973	0.08462352891272933	0.017241307319496604	0.0221440757244352	0.07450006190237703	0.0033216588109340073	0.006010304357041449	0.0
22	0.04761075930517896	0.006643317621868015	0.012812112556459743	0.006801808199418295	0.0025311040139317136	0.004112213607936301	0.0037961814982102942	0.08335750238307618	0.008225376261247154	0.09047534269222049	0.02467517973836691	0.015659248680117463	0.03764578287237694	0.006010304357041449	0.003954672075760573	0.0
23	0.0506154369610124	0.015184725992841177	0.009648944323076015	0.009964976432802022	0.031318497360234926	0.059156845331985564	0.007117840309144302	0.10123182296739935	0.025149702425643197	0.09490453745525736	0.0506154369610124	0.019613920755878037	0.027206283752298627	0.04365608722941838	0.014077190040738324	0.0037961814982102942
24	0.1361880112482943	0.05314654097494412	0.038910860356655516	0.056152167676152116	0.10977323133837252	0.15564344142662206	0.021195030349882623	0.22413319897195763	0.08762820656856277	0.18806947473895985	0.1752573621825001	0.03764578287237694	0.06089739454891499	0.0968026282043625	0.055993677098601834	0.04935035947673382
["WIND_OFFSHORE","C3",*,*] :	1	2	3	4	5	6	7	8	9	10	11	12	13	14	15	16 := 
1	0.0883392691465542	0.020448904895035695	0.008179561958014277	0.07198014523052564	0.03435416022365997	0.13414481611143417	0.07934175099273849	0.24456890254462688	0.1914017498175341	0.11696773599960415	0.18404014405532124	0.008997518153815704	0.12023956078280987	0.07279810142632706	0.16604510774768985	0.0016359123916028556
2	0.11942160458700844	0.05971080229350422	0.013905255328624274	0.0736160576221285	0.05153124033548995	0.11451386741219989	0.09161109392975991	0.2641998512438612	0.24947663971943546	0.09570087490876705	0.2821948875514926	0.01799503630763141	0.2363893405866126	0.0646185394683128	0.15704758959387413	0.0016359123916028556
3	0.12432934176181702	0.11942160458700844	0.024538685874042832	0.05480306511869566	0.045805546964879956	0.07770583860113564	0.09488291871296563	0.22820977862859837	0.2552023330900455	0.058074889901901364	0.2036710927545555	0.024538685874042832	0.18404014405532124	0.044987590769078524	0.1480500714400584	0.0024538685874042833
4	0.0646185394683128	0.152957808614867	0.03680802881106425	0.05234919653129138	0.015541167720227128	0.03353620402785854	0.07034423283892279	0.17586058209730696	0.24702277113203117	0.03353620402785854	0.16113737057288127	0.027810510657248547	0.16604510774768985	0.023720729678241407	0.10388043686678132	0.0032718247832057112
5	0.03353620402785854	0.11205999882479561	0.0441696345732771	0.055621021314497095	0.0065436495664114224	0.02699255446144712	0.07034423283892279	0.14641415904845556	0.2363893405866126	0.020448904895035695	0.07688788240533422	0.027810510657248547	0.1742246697057041	0.029446423048851398	0.0646185394683128	0.004089780979007139
6	0.016359123916028555	0.08343153197174563	0.055621021314497095	0.04989532794388709	0.004907737174808567	0.02617459826564569	0.07606992620953278	0.13414481611143417	0.24047912156561974	0.014723211524425699	0.02126686109083712	0.03353620402785854	0.16931693253089553	0.04825941555228423	0.04253372218167424	0.0024538685874042833
7	0.012269342937021416	0.047441459356482814	0.05643897751029852	0.05071328413968852	0.008179561958014277	0.024538685874042832	0.06870832044731993	0.1267832103492213	0.22411999764959123	0.01063343054541856	0.020448904895035695	0.037625985006865675	0.09897269969197275	0.058074889901901364	0.03926189739846853	0.0016359123916028556
8	0.015541167720227128	0.02535664206984426	0.049077371748085664	0.049077371748085664	0.009815474349617133	0.027810510657248547	0.058892846097702796	0.11778569219540559	0.2028531365587541	0.009815474349617133	0.029446423048851398	0.04089780979007139	0.09570087490876705	0.0646185394683128	0.03517211641946139	0.0032718247832057112
9	0.018812992503432838	0.024538685874042832	0.047441459356482814	0.047441459356482814	0.01799503630763141	0.03599007261526282	0.03926189739846853	0.11205999882479561	0.17913240688051268	0.008997518153815704	0.060528758489305654	0.045805546964879956	0.164409195356087	0.0646185394683128	0.030264379244652827	0.008997518153815704
10	0.027810510657248547	0.043351678377475666	0.058074889901901364	0.047441459356482814	0.027810510657248547	0.047441459356482814	0.018812992503432838	0.11778569219540559	0.15950145818127842	0.004089780979007139	0.10633430545418561	0.049077371748085664	0.05234919653129138	0.05234919653129138	0.031082335440454256	0.015541167720227128
11	0.03271824783205711	0.055621021314497095	0.06380058327251137	0.045805546964879956	0.024538685874042832	0.05971080229350422	0.009815474349617133	0.13905255328624272	0.14068846567784557	0.0024538685874042833	0.07034423283892279	0.043351678377475666	0.04007985359426996	0.055621021314497095	0.020448904895035695	0.018812992503432838
12	0.0073616057622128495	0.018812992503432838	0.015541167720227128	0.041715765985872816	0.0073616057622128495	0.04825941555228423	0.009815474349617133	0.1087881740415899	0.07279810142632706	0.0024538685874042833	0.049077371748085664	0.004907737174808567	0.020448904895035695	0.014723211524425699	0.016359123916028555	0.017177080111829984
13	0.024538685874042832	0.03353620402785854	0.0057256933706099945	0.19876335557974695	0.0024538685874042833	0.02535664206984426	0.0	0.044987590769078524	0.0008179561958014278	0.05153124033548995	0.11778569219540559	0.0	0.17013488872669696	0.047441459356482814	0.06134671468510708	0.0
14	0.03353620402785854	0.06216467088090851	0.04989532794388709	0.27156145700607404	0.0016359123916028556	0.06952627664312136	0.0024538685874042833	0.1562296333980727	0.10060861208357562	0.060528758489305654	0.10388043686678132	0.0016359123916028556	0.2036710927545555	0.09651883110456846	0.08752131295075277	0.0008179561958014278
15	0.02699255446144712	0.07770583860113564	0.09651883110456846	0.2789230627682869	0.0	0.06298262707670993	0.009815474349617133	0.15704758959387413	0.1267832103492213	0.05398510892289424	0.07525197001373135	0.004907737174808567	0.19221970601333552	0.11287795502059704	0.11778569219540559	0.0024538685874042833
16	0.020448904895035695	0.07279810142632706	0.12269342937021416	0.26011007026485405	0.0	0.017177080111829984	0.009815474349617133	0.11369591121639847	0.058074889901901364	0.05480306511869566	0.0646185394683128	0.013905255328624274	0.1799503630763141	0.13169094752402988	0.12841912274082415	0.0032718247832057112
17	0.017177080111829984	0.058892846097702796	0.12269342937021416	0.2363893405866126	0.0	0.0016359123916028556	0.008179561958014277	0.08588540055914991	0.022902773482439978	0.05398510892289424	0.05643897751029852	0.02126686109083712	0.15868350198547698	0.1382345970904413	0.11042408643319275	0.0032718247832057112
18	0.015541167720227128	0.044987590769078524	0.10388043686678132	0.20939678612516552	0.0	0.0008179561958014278	0.0065436495664114224	0.07279810142632706	0.008997518153815704	0.047441459356482814	0.04989532794388709	0.02208481728663855	0.13087299132822844	0.1153318236080013	0.09161109392975991	0.0024538685874042833
19	0.013905255328624274	0.03517211641946139	0.07116218903472421	0.15704758959387413	0.0	0.0008179561958014278	0.004907737174808567	0.06870832044731993	0.0057256933706099945	0.041715765985872816	0.05234919653129138	0.016359123916028555	0.10060861208357562	0.07606992620953278	0.06380058327251137	0.0032718247832057112
20	0.012269342937021416	0.02535664206984426	0.04007985359426996	0.10469839306258276	0.0	0.0016359123916028556	0.0057256933706099945	0.0736160576221285	0.0057256933706099945	0.03680802881106425	0.06216467088090851	0.008179561958014277	0.06870832044731993	0.04089780979007139	0.03435416022365997	0.0024538685874042833
21	0.009815474349617133	0.015541167720227128	0.016359123916028555	0.04662350316068138	0.0	0.0032718247832057112	0.0065436495664114224	0.0883392691465542	0.008179561958014277	0.03599007261526282	0.07443401381792993	0.0032718247832057112	0.03599007261526282	0.022902773482439978	0.016359123916028555	0.0008179561958014278
22	0.0073616057622128495	0.01063343054541856	0.004907737174808567	0.01063343054541856	0.0	0.016359123916028555	0.0032718247832057112	0.09651883110456846	0.0065436495664114224	0.03353620402785854	0.0826135757759442	0.0008179561958014278	0.017177080111829984	0.014723211524425699	0.004089780979007139	0.0
23	0.004907737174808567	0.0065436495664114224	0.009815474349617133	0.01063343054541856	0.0024538685874042833	0.08506744436334848	0.0024538685874042833	0.12269342937021416	0.015541167720227128	0.028628466853049973	0.06298262707670993	0.0	0.004089780979007139	0.014723211524425699	0.0016359123916028556	0.008179561958014277
24	0.0065436495664114224	0.022902773482439978	0.041715765985872816	0.06789036425151851	0.04089780979007139	0.14641415904845556	0.020448904895035695	0.2363893405866126	0.05480306511869566	0.0736160576221285	0.13578072850303702	0.0008179561958014278	0.0008179561958014278	0.05643897751029852	0.008997518153815704	0.058074889901901364
["WIND_OFFSHORE","C4",*,*] :	1	2	3	4	5	6	7	8	9	10	11	12	13	14	15	16 := 
1	0.07972024878259591	0.1248001513679924	0.06500996478104547	0.08541455226706704	0.14330663769252358	0.2420078980900233	0.047927054327632064	0.07592404645961515	0.15279714349997547	0.11863132259314867	0.12669825252948277	0.016608385163040813	0.0536213578121032	0.037487497939434976	0.0811438246537137	0.0
2	0.0707042682655166	0.12195299962575683	0.06643354065216325	0.07355142000775217	0.13096898014283614	0.2216033106040017	0.07829667291147813	0.06643354065216325	0.16323669988817255	0.125274676658365	0.07734762233073293	0.02847151742235568	0.10344651330122563	0.05077420606986763	0.054095883102475796	0.0
3	0.06168828774843731	0.10202293743010785	0.0711787935558892	0.06548449007141807	0.07687309704036034	0.16276217459779999	0.09253243162265597	0.06880616710402622	0.1689310033726437	0.09015980517079299	0.06690806594253584	0.041758225552788325	0.13334160659469912	0.06880616710402622	0.05457040839284839	0.0023726264518629733
4	0.05219778194098541	0.08636360284781222	0.07829667291147813	0.06168828774843731	0.05931566129657433	0.13191803072358133	0.09490505807451893	0.06643354065216325	0.15564429524221104	0.06643354065216325	0.0982267351071271	0.048401579618004655	0.11341154439905012	0.08921075459004779	0.06026471187731952	0.012812182840060056
5	0.044605377295023896	0.06548449007141807	0.07639857174998774	0.051248731360240225	0.05219778194098541	0.11008986736644197	0.09680315923600931	0.07497499587886995	0.11958037317389386	0.051723256650612816	0.08826170400930261	0.0531468325217306	0.0972776845263819	0.07829667291147813	0.05979018658694693	0.01518480929192303
6	0.0355893967779446	0.05931566129657433	0.07212784413663438	0.051248731360240225	0.05029968077949503	0.10249746272048045	0.09537958336489154	0.0806692993633411	0.0801947740729685	0.037487497939434976	0.051723256650612816	0.055044933683220984	0.08161834994408627	0.06738259123290843	0.058366610715829145	0.004745252903725947
7	0.029420568003100868	0.055044933683220984	0.07972024878259591	0.05741756013508395	0.0536213578121032	0.09490505807451893	0.0811438246537137	0.0811438246537137	0.061213762458064716	0.027522466841610492	0.03179319445496384	0.058841136006201736	0.07544952116924256	0.08541455226706704	0.05931566129657433	0.0004745252903725947
8	0.0265734162608653	0.05551945897359358	0.07924572349222331	0.06311186361955509	0.051248731360240225	0.08161834994408627	0.070229742975144	0.09015980517079299	0.06026471187731952	0.024200789809002327	0.026098890970492707	0.0536213578121032	0.08304192581520406	0.10107388684936267	0.054095883102475796	0.0
9	0.03131866916459125	0.05077420606986763	0.06928069239439881	0.06738259123290843	0.058366610715829145	0.06168828774843731	0.062162813038809904	0.08351645110557665	0.05267230723135801	0.02467531509937492	0.02135363806676676	0.0355893967779446	0.08446550168632184	0.09537958336489154	0.04365632671427871	0.0
10	0.04745252903725947	0.05267230723135801	0.06880616710402622	0.06595901536179066	0.06975521768477141	0.04602895316614168	0.0536213578121032	0.06975521768477141	0.05267230723135801	0.030844143874218653	0.02135363806676676	0.03131866916459125	0.055993984263966165	0.09300695691302856	0.044130852004651305	0.0
11	0.04318180142390611	0.044130852004651305	0.05789208542545655	0.06026471187731952	0.07212784413663438	0.04555442787576909	0.04080917497204314	0.05931566129657433	0.0626373383291825	0.02325173922825714	0.019930062195648978	0.01945553690527638	0.03891107381055276	0.07877119820185072	0.047927054327632064	0.0
12	0.0033216770326081626	0.011388606968942273	0.020879112776394163	0.029420568003100868	0.032742245035709036	0.018031961034158595	0.018506486324531193	0.03226771974533644	0.035114871487572	0.006643354065216325	0.013761233420805246	0.00711787935558892	0.055044933683220984	0.01233765754968746	0.0037962023229807574	0.0004745252903725947
13	0.00711787935558892	0.03938559910092536	0.04555442787576909	0.03606392206831719	0.034165820906826815	0.0018981011614903787	0.01613385987266822	0.0711787935558892	0.001423575871117784	0.06358638890992768	0.07497499587886995	0.007592404645961515	0.10249746272048045	0.006643354065216325	0.008541455226706704	0.0
14	0.009965031097824489	0.046978003746886876	0.06833164181365363	0.04080917497204314	0.0355893967779446	0.048401579618004655	0.03796202322980757	0.0801947740729685	0.03179319445496384	0.08399097639594925	0.07497499587886995	0.0018981011614903787	0.09632863394563672	0.034165820906826815	0.032742245035709036	0.0004745252903725947
15	0.00806692993633411	0.05029968077949503	0.10012483626861747	0.04555442787576909	0.04033464968167055	0.07450047058849736	0.03796202322980757	0.0531468325217306	0.02040458748602157	0.07639857174998774	0.044605377295023896	0.0018981011614903787	0.08351645110557665	0.051723256650612816	0.04935063019874984	0.0009490505807451894
16	0.00806692993633411	0.051723256650612816	0.13144350543320873	0.04982515548912244	0.041758225552788325	0.0536213578121032	0.037012972649062385	0.0355893967779446	0.010914081678569677	0.06880616710402622	0.027522466841610492	0.004270727613353352	0.07734762233073293	0.05789208542545655	0.051723256650612816	0.0009490505807451894
17	0.007592404645961515	0.04935063019874984	0.1423575871117784	0.051248731360240225	0.03843654852018017	0.03321677032608163	0.03131866916459125	0.02847151742235568	0.006643354065216325	0.06453543949067288	0.018981011614903787	0.00711787935558892	0.07592404645961515	0.0536213578121032	0.048401579618004655	0.0004745252903725947
18	0.006643354065216325	0.04507990258539649	0.12195299962575683	0.04982515548912244	0.035114871487572	0.017557435743786	0.026098890970492707	0.027047941551237898	0.005219778194098541	0.06358638890992768	0.015659334582295625	0.009490505807451893	0.07260236942700699	0.04033464968167055	0.04365632671427871	0.0
19	0.004745252903725947	0.03036961858384606	0.09490505807451893	0.041758225552788325	0.029420568003100868	0.007592404645961515	0.019930062195648978	0.027996992131983083	0.005219778194098541	0.05741756013508395	0.015659334582295625	0.009965031097824489	0.06073923716769212	0.018506486324531193	0.037012972649062385	0.0
20	0.004745252903725947	0.015659334582295625	0.06643354065216325	0.027996992131983083	0.017557435743786	0.0033216770326081626	0.01518480929192303	0.035114871487572	0.004270727613353352	0.048401579618004655	0.016608385163040813	0.010439556388197081	0.04602895316614168	0.004745252903725947	0.027522466841610492	0.0
21	0.006643354065216325	0.005219778194098541	0.051248731360240225	0.009965031097824489	0.005694303484471136	0.0018981011614903787	0.013761233420805246	0.048876104908377245	0.005694303484471136	0.04602895316614168	0.021828163357139354	0.011863132259314867	0.03036961858384606	0.0009490505807451894	0.012812182840060056	0.0
22	0.017082910453413407	0.0023726264518629733	0.041758225552788325	0.005219778194098541	0.004270727613353352	0.0018981011614903787	0.009490505807451893	0.054095883102475796	0.00616882877484373	0.047927054327632064	0.025624365680120113	0.01613385987266822	0.012812182840060056	0.0009490505807451894	0.001423575871117784	0.0
23	0.026098890970492707	0.004270727613353352	0.04365632671427871	0.008541455226706704	0.04080917497204314	0.01233765754968746	0.026098890970492707	0.0801947740729685	0.025149840389747515	0.055044933683220984	0.051723256650612816	0.015659334582295625	0.008541455226706704	0.02040458748602157	0.002847151742235568	0.0009490505807451894
24	0.0896852798804204	0.034165820906826815	0.05979018658694693	0.048401579618004655	0.13049445485246355	0.06643354065216325	0.05694303484471136	0.14473021356364138	0.08826170400930261	0.12337657549687461	0.16608385163040812	0.0265734162608653	0.008541455226706704	0.06073923716769212	0.02467531509937492	0.011863132259314867
["WIND_OFFSHORE","C5",*,*] :	1	2	3	4	5	6	7	8	9	10	11	12	13	14	15	16 := 
1	0.13886007904046835	0.1355734499507531	0.0	0.07148418270130617	0.05751600907001647	0.11256704632274653	0.08709567087745351	0.24814049627349963	0.13064350631618027	0.12489190540917862	0.2185608344660626	0.010681544541574486	0.05587269452515886	0.06573258179430454	0.20459266083477287	0.009038229996716874
2	0.0961339008741704	0.0994205299638856	0.0	0.037796234531725106	0.11338870359517533	0.07641412633587902	0.16926139812033417	0.21691751992120498	0.20130603174505765	0.1569365390339021	0.23088569355249472	0.017254802721004943	0.09695555814659919	0.05751600907001647	0.16843974084790536	0.011503201814003295
3	0.0731274972461638	0.06408926724944693	0.0	0.033687948169581074	0.1347517926783243	0.039439549076582724	0.20130603174505765	0.17419134175490703	0.22349077810063545	0.12489190540917862	0.10188550178117203	0.008216572724288067	0.10763710268817368	0.02547137544529301	0.1462549944923276	0.018076459993433748
4	0.05012109361815721	0.0492994363457284	0.0	0.04026120634901153	0.07641412633587902	0.016433145448576134	0.13721676449561074	0.15118493812690043	0.21280923355906095	0.059159323614874075	0.07887909815316545	0.005751600907001647	0.11256704632274653	0.014789830903718519	0.08380904178773828	0.02793634726257943
5	0.033687948169581074	0.04519114998358437	0.009859887269145681	0.04765612180087079	0.028758004535008236	0.019719774538291362	0.10599378814331607	0.12982184904375146	0.17090471266519178	0.033687948169581074	0.04436949271115556	0.004108286362144034	0.18405122902405271	0.03204463362472346	0.059159323614874075	0.043547835438726756
6	0.02054143181072017	0.04026120634901153	0.04519114998358437	0.0369745772592963	0.014789830903718519	0.018898117265862553	0.08298738451530949	0.11092373177788892	0.15611488176147328	0.02547137544529301	0.02054143181072017	0.0032866290897152267	0.2555354117253589	0.059159323614874075	0.048477779073299594	0.05998098088730289
7	0.013146516358860907	0.02218474635557778	0.06244595270458931	0.03286629089715227	0.011503201814003295	0.017254802721004943	0.06984086815644858	0.097777215419028	0.14379002267504115	0.014789830903718519	0.02218474635557778	0.0024649718172864202	0.16761808357547656	0.05012109361815721	0.037796234531725106	0.048477779073299594
8	0.008216572724288067	0.016433145448576134	0.07066252542887737	0.033687948169581074	0.004108286362144034	0.021363089083148972	0.06326760997701812	0.09449058632931277	0.12900019177132266	0.009038229996716874	0.030401319079865846	0.0016433145448576133	0.07970075542559425	0.04601280725601318	0.02547137544529301	0.02218474635557778
9	0.007394915451859259	0.013968173631289715	0.06326760997701812	0.039439549076582724	0.0049299436345728405	0.03286629089715227	0.05505103725273005	0.097777215419028	0.10435047359845845	0.005751600907001647	0.05833766634244527	0.0008216572724288067	0.08545235633259589	0.05833766634244527	0.017254802721004943	0.009859887269145681
10	0.009038229996716874	0.019719774538291362	0.06244595270458931	0.04436949271115556	0.0123248590864321	0.05258606543544363	0.037796234531725106	0.10845875996060249	0.08545235633259589	0.0008216572724288067	0.10517213087088725	0.0008216572724288067	0.03861789180415392	0.05587269452515886	0.016433145448576134	0.006573258179430453
11	0.008216572724288067	0.0246497181728642	0.06655423906673334	0.04436949271115556	0.016433145448576134	0.08134406997045186	0.019719774538291362	0.13064350631618027	0.08463069906016708	0.0	0.07559246906345021	0.0	0.034509605442009886	0.054229379980301244	0.006573258179430453	0.006573258179430453
12	0.0016433145448576133	0.0016433145448576133	0.02218474635557778	0.05998098088730289	0.009859887269145681	0.05833766634244527	0.013968173631289715	0.08380904178773828	0.04765612180087079	0.0049299436345728405	0.10188550178117203	0.0008216572724288067	0.014789830903718519	0.02054143181072017	0.0049299436345728405	0.005751600907001647
13	0.0246497181728642	0.028758004535008236	0.0049299436345728405	0.20130603174505765	0.008216572724288067	0.018898117265862553	0.0	0.059159323614874075	0.0016433145448576133	0.05505103725273005	0.1569365390339021	0.0024649718172864202	0.18076459993433747	0.07805744088073664	0.03861789180415392	0.0
14	0.04436949271115556	0.11996196177460577	0.04190452089386914	0.2366372944594963	0.0032866290897152267	0.08052241269802306	0.0032866290897152267	0.22513409264549306	0.1832295717516239	0.05340772270787244	0.11585367541246173	0.0049299436345728405	0.23910226627678274	0.1101020745054601	0.06655423906673334	0.0
15	0.03861789180415392	0.13639510722318193	0.0739491545185926	0.2563570689977877	0.0008216572724288067	0.0731274972461638	0.011503201814003295	0.1971977453829136	0.11914030450217697	0.054229379980301244	0.07230583997373499	0.006573258179430453	0.21198757628663215	0.13064350631618027	0.0961339008741704	0.0024649718172864202
16	0.037796234531725106	0.10106384450874323	0.09366892905688397	0.2563570689977877	0.0	0.02218474635557778	0.0123248590864321	0.13310847813346668	0.05340772270787244	0.05998098088730289	0.05505103725273005	0.011503201814003295	0.18733785811376794	0.14954162358204282	0.09695555814659919	0.0032866290897152267
17	0.043547835438726756	0.07559246906345021	0.09449058632931277	0.24238889536649796	0.0	0.004108286362144034	0.009859887269145681	0.097777215419028	0.021363089083148972	0.06244595270458931	0.043547835438726756	0.02054143181072017	0.18076459993433747	0.1577581963063309	0.07970075542559425	0.0024649718172864202
18	0.05176440816301482	0.0616242954321605	0.07887909815316545	0.21691751992120498	0.0	0.0008216572724288067	0.009038229996716874	0.08380904178773828	0.009859887269145681	0.059159323614874075	0.04108286362144034	0.033687948169581074	0.16926139812033417	0.11831864722974815	0.06326760997701812	0.0008216572724288067
19	0.06080263815973169	0.046834464528441984	0.05751600907001647	0.15447156721661567	0.0	0.0008216572724288067	0.008216572724288067	0.08380904178773828	0.004108286362144034	0.056694351797587667	0.04190452089386914	0.04436949271115556	0.15200659539932923	0.05751600907001647	0.0492994363457284	0.0008216572724288067
20	0.06901921088401977	0.029579661807437038	0.02793634726257943	0.097777215419028	0.0	0.0008216572724288067	0.008216572724288067	0.08873898542231112	0.0024649718172864202	0.05094275089058602	0.0369745772592963	0.04108286362144034	0.11831864722974815	0.02054143181072017	0.03204463362472346	0.0008216572724288067
21	0.07066252542887737	0.021363089083148972	0.008216572724288067	0.029579661807437038	0.0	0.0008216572724288067	0.009859887269145681	0.10024218723631442	0.0032866290897152267	0.05094275089058602	0.036152919986867496	0.02547137544529301	0.08216572724288068	0.005751600907001647	0.016433145448576134	0.0
22	0.06080263815973169	0.019719774538291362	0.0008216572724288067	0.0024649718172864202	0.0	0.008216572724288067	0.005751600907001647	0.10352881632602964	0.0016433145448576133	0.05094275089058602	0.04436949271115556	0.006573258179430453	0.04765612180087079	0.009038229996716874	0.014789830903718519	0.0
23	0.04436949271115556	0.015611488176147327	0.0016433145448576133	0.0016433145448576133	0.0008216572724288067	0.12735687722646505	0.0049299436345728405	0.11174538905031772	0.0024649718172864202	0.042726178166297944	0.04436949271115556	0.006573258179430453	0.019719774538291362	0.028758004535008236	0.02300640362800659	0.0049299436345728405
24	0.11174538905031772	0.06901921088401977	0.031222976352294655	0.03204463362472346	0.035331262714438684	0.1980194026553424	0.006573258179430453	0.18733785811376794	0.010681544541574486	0.11503201814003294	0.11914030450217697	0.017254802721004943	0.014789830903718519	0.08216572724288068	0.06573258179430454	0.06901921088401977
["WIND_ONSHORE","C1",*,*] :	1	2	3	4	5	6	7	8	9	10	11	12	13	14	15	16 := 
1	0.146656579395401	0.1507066884194019	0.023447999612636793	0.0900616348758095	0.09752236202528484	0.15891348828382482	0.09688287112675838	0.11265697995707767	0.10135930741644358	0.17351519713351224	0.20900694200173067	0.004156690840421976	0.08569178040254537	0.0580870899494866	0.09549730751328439	0.008846290762949335
2	0.10317119829560188	0.1220361798021324	0.019504472405056966	0.0508395264328534	0.10860687093307676	0.11905188894234225	0.11937163439160549	0.11905188894234225	0.0868641803831772	0.16370967002277323	0.17212963352003827	0.006714654434527808	0.09475123479833686	0.060751635360013496	0.08558519858612429	0.01247007252126593
3	0.08078901684717585	0.08984847124296734	0.019824217854320196	0.03836945391158748	0.07482043512759558	0.08217458046064985	0.11819923441097364	0.12097036163792163	0.07482043512759558	0.1287508342366602	0.09986716198654852	0.011404254357055166	0.10029348925223282	0.052011926413485246	0.081002180480018	0.011617417989897318
4	0.05830025358232875	0.06927818067369962	0.025259890491795087	0.04220639930274622	0.04742890830737896	0.06501490801685655	0.09773552565812699	0.12661919790823867	0.07897712596801755	0.08526545313686107	0.08004294413222832	0.01918472695579374	0.08451938042191352	0.045297271978957436	0.06703996252885701	0.009485781661475793
5	0.04348538109979914	0.05744759905096014	0.029523163148638145	0.044551199264009904	0.03463909033684981	0.058833162664434134	0.081002180480018	0.11873214349307903	0.08430621678907138	0.060858217176434574	0.06522807164969871	0.02376774506190002	0.0913406166728624	0.05062636280001125	0.04838814465516865	0.008952872579370412
6	0.029842908597901372	0.046256508326747124	0.04337879928337806	0.04806839920590542	0.028031017718743074	0.06139112625853996	0.06767945342738346	0.1111648345271826	0.08324039862486061	0.04519069016253636	0.054569890007591076	0.02089003601853096	0.11510836173476244	0.06895843522443638	0.03964843570864039	0.010658181642107634
7	0.02035712693642558	0.037729963013061016	0.05691468996885476	0.05254483549559063	0.026219126839584776	0.06224378078990857	0.05925948993011844	0.09997374380296958	0.07545992602612203	0.03208112674274397	0.04209981748632515	0.023447999612636793	0.12065061618865838	0.08185483501138661	0.036131235766744874	0.011191090724213013
8	0.014175381584003152	0.03090872676211213	0.05755418086738122	0.05648836270317045	0.02547305412463724	0.06426883530190902	0.04998687190148479	0.09198010757138886	0.06725312616169916	0.023554581429057867	0.04252614475200946	0.031121890394954284	0.08398647133980815	0.07887054415159647	0.03005607223074352	0.00959236347789687
9	0.011404254357055166	0.02994949041432245	0.05670152633601261	0.06043188991075027	0.028990254066532762	0.06426883530190902	0.03847603572800855	0.09166036212212564	0.0580870899494866	0.01907814513937266	0.05904632629727629	0.026538872288848003	0.07364803514696373	0.07545992602612203	0.023554581429057867	0.008739708946528259
10	0.012576654337687005	0.030375817680006748	0.060645053543592425	0.061710871707803185	0.039541853892219314	0.06917159885727854	0.03090872676211213	0.1016790528657068	0.05563570817180184	0.01481487248252961	0.054569890007591076	0.018118908791582976	0.03922210844295609	0.07386119877980589	0.026005963206742623	0.007034399883791038
11	0.010231854376423327	0.024194072327584325	0.0625635262391718	0.055315962722538616	0.05030661735074802	0.08292065317559738	0.024513817776847555	0.11596101626613105	0.053717235476222466	0.010551599825686556	0.037836544829482094	0.007354145333054267	0.027178363187374464	0.06608072618106732	0.022062435999162796	0.007354145333054267
12	0.008633127130107183	0.012363490704844854	0.027284945003795538	0.05957923537938167	0.02632570865600585	0.04742890830737896	0.016413599728845752	0.06725312616169916	0.01993079967074127	0.005968581719580274	0.06533465346611979	0.006927818067369961	0.04423145381474667	0.016733345178108983	0.0055422544538959685	0.003304036309053366
13	0.03890236299369286	0.04135374477137761	0.008313381680843952	0.14697632484466425	0.027391526820216616	0.005968581719580274	0.00021316363284215264	0.10828712548381354	0.007887054415159647	0.094964398431179	0.16189777914361492	0.00841996349726503	0.22307574176931275	0.0423129811191673	0.01993079967074127	0.0
14	0.03794312664590317	0.09123403485644133	0.031761381293480745	0.16402941547203645	0.01652018154526683	0.07034399883791037	0.0012789817970529159	0.20740821475541452	0.11084508907791937	0.10370410737770726	0.12352832523202746	0.004796181738948435	0.25355814126574056	0.08494570768759784	0.027178363187374464	0.0004263272656843053
15	0.027284945003795538	0.11766632532886827	0.055315962722538616	0.1720230517036172	0.0037303635747376715	0.07396778059622697	0.006927818067369961	0.1881169059831997	0.07727181690528033	0.09283276210275748	0.07151639881854222	0.004689599922527358	0.2224362508707863	0.10274487102991757	0.039435272075798236	0.002344799961263679
16	0.02632570865600585	0.10658181642107632	0.07290196243201622	0.17692581525898668	0.00031974544926322896	0.03293378127411258	0.009059454395791488	0.14324596126992659	0.03623781758316595	0.09432490753265255	0.04646967195958927	0.007780472598738571	0.19333941498783244	0.1156412708168678	0.040501090240009	0.0034106181254744423
17	0.029203417699374914	0.08782341673096689	0.0791902896008597	0.17031774264087998	0.0	0.01012527256000225	0.007140981700212114	0.11361621630486736	0.015560945197477142	0.09592363477896869	0.03378643580548119	0.014708290666108534	0.18694450600256787	0.11574785263328889	0.03218770855916505	0.002344799961263679
18	0.030269235863585674	0.06917159885727854	0.07343487151412158	0.14878821572382253	0.0	0.003943527207579824	0.0043698544732641295	0.09976058017012744	0.007140981700212114	0.096349962044653	0.025046726858952935	0.024300654144005403	0.18449312422488312	0.09176694393854672	0.024300654144005403	0.0013855636134739921
19	0.02994949041432245	0.04572359924464174	0.06490832620043548	0.1004000710686539	0.0	0.002984290859790137	0.002344799961263679	0.09517756206402116	0.0036237817583165952	0.09251301665349425	0.018971563322951586	0.03293378127411258	0.1679729426796163	0.04753549012380004	0.017585999709477593	0.0008526545313686106
20	0.0305889813128489	0.02877709043369061	0.054676471824012154	0.052225090046327395	0.0	0.0037303635747376715	0.0018118908791582976	0.09571047114612653	0.00202505451200045	0.08611810766822968	0.013642472501897769	0.036877308481692406	0.13919585224592568	0.01939789058863589	0.010231854376423327	0.0006394908985264579
21	0.03378643580548119	0.015987272463161447	0.0423129811191673	0.014921454298950686	0.00021316363284215264	0.007887054415159647	0.00202505451200045	0.10146588923286465	0.002344799961263679	0.08697076219959828	0.014388545216845305	0.031121890394954284	0.10402385282697049	0.007993636231580723	0.006927818067369961	0.0
22	0.036877308481692406	0.010551599825686556	0.02291509053053141	0.0036237817583165952	0.0027711272269479842	0.023661163245478945	0.0015987272463161449	0.08963530761012518	0.0024513817776847554	0.08526545313686107	0.02089003601853096	0.018758399690109433	0.056275199070328304	0.009379199845054717	0.006181745352422427	0.0
23	0.039435272075798236	0.02120978146779419	0.019717636037899118	0.004902763555369511	0.039435272075798236	0.09901450745517991	0.018438654240846203	0.09379199845054717	0.011723999806318396	0.08398647133980815	0.044657781080430975	0.017905745158740823	0.03538516305179734	0.04401829018190452	0.016093854279582525	0.004263272656843053
24	0.11372279812128842	0.07119665336927898	0.05915290811369736	0.03975501752506147	0.1115911617928669	0.17575341527835486	0.05425014455832785	0.16488207000340507	0.05478305364043323	0.17628632436046024	0.17053090627372214	0.030802144945691053	0.0611779626256978	0.09368541663412609	0.05744759905096014	0.053077744577696005
["WIND_ONSHORE","C2",*,*] :	1	2	3	4	5	6	7	8	9	10	11	12	13	14	15	16 := 
1	0.11198735419720367	0.16197072693876408	0.03985990573120809	0.1391936379495023	0.07307649384054817	0.2779118041663538	0.043181564542142094	0.126064544237942	0.17762997561888152	0.16117922309638724	0.20973902777611875	0.04444664202642068	0.12986072573615232	0.07687267533875845	0.07592362996420589	0.0011075359521028534
2	0.064219053359849	0.12843715767432345	0.037961814982102944	0.07877076608786361	0.09300644670615221	0.24580275200911655	0.07450006190237703	0.10265539102922822	0.17051213530973722	0.14441338750954144	0.14947464649203032	0.05457010903677298	0.1328663524373603	0.07782172071331103	0.06073890397136471	0.0017396001715548673
3	0.050299404851286394	0.10676760463716453	0.03985990573120809	0.04602870066579982	0.07022935771689044	0.19154867508206957	0.09506302803280764	0.09664413762681223	0.1501076597568569	0.11609956780513997	0.07608212054175617	0.043181564542142094	0.11689107164751682	0.07212744846599559	0.051248450225838973	0.0018980907491051471
4	0.035747692123271786	0.08367448353817675	0.04302307396459182	0.041124983215486674	0.04840131410218125	0.13856062468467573	0.10075730028012307	0.09838468684374163	0.1333408751246366	0.08952629731766792	0.05820779995743299	0.037012769607550365	0.11135434093237712	0.06026438128408842	0.04476362318152124	0.0015820586393791402
5	0.022302566301985478	0.06089739454891499	0.046503223353076106	0.044130609916694666	0.03685427903000009	0.10312991371650451	0.08652161966183447	0.1081911726989934	0.12305986658210856	0.07117840309144301	0.050299404851286394	0.032267542734787505	0.11499298089841167	0.048242823524630975	0.038752369779105234	0.0015820586393791402
6	0.01328663524373603	0.04159950590276295	0.0544116184592227	0.05298805039739384	0.03210905215723722	0.08478107044490504	0.06611714410895415	0.08794518772366333	0.10898172749599568	0.054886141146498986	0.04207402859003924	0.026098747800195773	0.10613459137233795	0.0540955863494967	0.031793020047511215	0.0030056267012080005
7	0.008382917793422883	0.030210961408132075	0.057417245160430695	0.06026438128408842	0.022935579566812046	0.06975483502961415	0.05868232264470928	0.0716529257787193	0.09189891075404935	0.03669673749782436	0.03258357484451351	0.018347894226224903	0.11309489014930653	0.07718870744848447	0.027206283752298627	0.006168794934591728
8	0.004429194763036861	0.024200657051090625	0.0577332772701567	0.06390207220474844	0.021669553037158912	0.06406056278229871	0.050299404851286394	0.06611714410895415	0.08367448353817675	0.02657327048747206	0.020878998240156616	0.022935579566812046	0.10597704984016224	0.09522056956498337	0.02182804361470919	0.006327285512142008
9	0.0037961814982102942	0.021037488817706895	0.05694272247315441	0.0686472990775113	0.02657327048747206	0.05694272247315441	0.03922689246638152	0.05994834917436241	0.07766323013576075	0.023410102254088332	0.021353520927432902	0.01629226194494403	0.05947382648708613	0.09142438806677307	0.018190352694049176	0.0034801493884842874
10	0.005852762824865721	0.02056296613043061	0.056152167676152116	0.07418402979265101	0.037487292294826655	0.059315335909535846	0.031160006782684647	0.07592362996420589	0.07386704863755046	0.02040447555288033	0.012970603134010023	0.011388544494630884	0.046977746040352396	0.07608212054175617	0.021512011504983185	0.0015820586393791402
11	0.006801808199418295	0.018031862116498897	0.0506154369610124	0.06485111757930101	0.037012769607550365	0.07718870744848447	0.023410102254088332	0.08019433414969247	0.05994834917436241	0.011388544494630884	0.012970603134010023	0.004586736295212587	0.026889302597198066	0.06769825370295872	0.019929952865604044	0.0025311040139317136
12	0.0036376909206600142	0.0075923629964205885	0.021195030349882623	0.053937095771946414	0.01913939806860175	0.03859482824692951	0.012337589869183456	0.051722972913115256	0.013602667353462036	0.0069593497315940216	0.048559804679731526	0.01186306718190717	0.06089739454891499	0.01344512582128631	0.0031631682333837278	0.000316032109726007
13	0.020088443443154323	0.030053419875956347	0.0034801493884842874	0.1178401170220694	0.05014091427373612	0.006327285512142008	0.0	0.14551997441626977	0.01186306718190717	0.08335750238307618	0.11372695436875854	0.013761157931012317	0.20673340107491076	0.02467517973836691	0.009015931058249448	0.0
14	0.021353520927432902	0.06279548529802013	0.009490453745525736	0.122742885427008	0.035747692123271786	0.09158287864432335	0.0017396001715548673	0.16086319098666121	0.08114337952424504	0.08399051564790275	0.08066885683696876	0.005219749560039154	0.21227013179005047	0.05567764498887583	0.01170457660435689	0.0006330132648265665
15	0.018506384803775183	0.07402553921510073	0.026098747800195773	0.12748811229977086	0.013602667353462036	0.10233840987412766	0.006327285512142008	0.11720710375724283	0.04840131410218125	0.08430654775762876	0.046344732775525824	0.004903717450313147	0.17952806636798668	0.08035282472724276	0.02040447555288033	0.0014235680618288604
16	0.019929952865604044	0.06643317621868015	0.038752369779105234	0.13460595260891514	0.00427070418548658	0.04919186889918354	0.008699898948523441	0.08240845700852362	0.026889302597198066	0.09379700150315451	0.033058097531789794	0.0075923629964205885	0.1621282684709398	0.10028277759284679	0.02198653419225947	0.0015820586393791402
17	0.022618598411711485	0.05520312230159955	0.04666171393062638	0.1344484110767394	0.0014235680618288604	0.01597528078984347	0.007908395106146595	0.06595865353140387	0.01755733942922261	0.09980825490557049	0.026098747800195773	0.011547035072181163	0.16117922309638724	0.10265539102922822	0.018190352694049176	0.0007905547970022938
18	0.025624225112919487	0.043181564542142094	0.043181564542142094	0.12464097617611315	0.000316032109726007	0.004429194763036861	0.005378240137589434	0.06026438128408842	0.012812112556459743	0.09885920953101793	0.019613920755878037	0.01597528078984347	0.15406138278724293	0.08509805160000561	0.015184725992841177	0.000316032109726007
19	0.030053419875956347	0.028629851814127485	0.03922689246638152	0.09601207340736022	0.00015849057755027977	0.0015820586393791402	0.003954672075760573	0.06168794934591728	0.010281008542528029	0.08984327847276848	0.01471020330556489	0.018980907491051472	0.13096826168825515	0.049034327367007816	0.011388544494630884	0.00015849057755027977
20	0.03590523365544751	0.021037488817706895	0.03448166559361865	0.05725875458288042	0.0	0.0007905547970022938	0.003954672075760573	0.06896428023261186	0.008382917793422883	0.08256694758607389	0.01328663524373603	0.0221440757244352	0.10202237776440165	0.01486869388311517	0.00854140837097316	0.0
21	0.04381457780696866	0.012812112556459743	0.02704779317474835	0.022935579566812046	0.000316032109726007	0.0012650774842785804	0.005219749560039154	0.08256694758607389	0.00917442163579973	0.08462352891272933	0.017241307319496604	0.0221440757244352	0.07450006190237703	0.0033216588109340073	0.006010304357041449	0.0
22	0.04761075930517896	0.006643317621868015	0.012812112556459743	0.006801808199418295	0.0025311040139317136	0.004112213607936301	0.0037961814982102942	0.08335750238307618	0.008225376261247154	0.09047534269222049	0.02467517973836691	0.015659248680117463	0.03764578287237694	0.006010304357041449	0.003954672075760573	0.0
23	0.0506154369610124	0.015184725992841177	0.009648944323076015	0.009964976432802022	0.031318497360234926	0.059156845331985564	0.007117840309144302	0.10123182296739935	0.025149702425643197	0.09490453745525736	0.0506154369610124	0.019613920755878037	0.027206283752298627	0.04365608722941838	0.014077190040738324	0.0037961814982102942
24	0.1361880112482943	0.05314654097494412	0.038910860356655516	0.056152167676152116	0.10977323133837252	0.15564344142662206	0.021195030349882623	0.22413319897195763	0.08762820656856277	0.18806947473895985	0.1752573621825001	0.03764578287237694	0.06089739454891499	0.0968026282043625	0.055993677098601834	0.04935035947673382
["WIND_ONSHORE","C3",*,*] :	1	2	3	4	5	6	7	8	9	10	11	12	13	14	15	16 := 
1	0.0883392691465542	0.020448904895035695	0.008179561958014277	0.07198014523052564	0.03435416022365997	0.13414481611143417	0.07934175099273849	0.24456890254462688	0.1914017498175341	0.11696773599960415	0.18404014405532124	0.008997518153815704	0.12023956078280987	0.07279810142632706	0.16604510774768985	0.0016359123916028556
2	0.11942160458700844	0.05971080229350422	0.013905255328624274	0.0736160576221285	0.05153124033548995	0.11451386741219989	0.09161109392975991	0.2641998512438612	0.24947663971943546	0.09570087490876705	0.2821948875514926	0.01799503630763141	0.2363893405866126	0.0646185394683128	0.15704758959387413	0.0016359123916028556
3	0.12432934176181702	0.11942160458700844	0.024538685874042832	0.05480306511869566	0.045805546964879956	0.07770583860113564	0.09488291871296563	0.22820977862859837	0.2552023330900455	0.058074889901901364	0.2036710927545555	0.024538685874042832	0.18404014405532124	0.044987590769078524	0.1480500714400584	0.0024538685874042833
4	0.0646185394683128	0.152957808614867	0.03680802881106425	0.05234919653129138	0.015541167720227128	0.03353620402785854	0.07034423283892279	0.17586058209730696	0.24702277113203117	0.03353620402785854	0.16113737057288127	0.027810510657248547	0.16604510774768985	0.023720729678241407	0.10388043686678132	0.0032718247832057112
5	0.03353620402785854	0.11205999882479561	0.0441696345732771	0.055621021314497095	0.0065436495664114224	0.02699255446144712	0.07034423283892279	0.14641415904845556	0.2363893405866126	0.020448904895035695	0.07688788240533422	0.027810510657248547	0.1742246697057041	0.029446423048851398	0.0646185394683128	0.004089780979007139
6	0.016359123916028555	0.08343153197174563	0.055621021314497095	0.04989532794388709	0.004907737174808567	0.02617459826564569	0.07606992620953278	0.13414481611143417	0.24047912156561974	0.014723211524425699	0.02126686109083712	0.03353620402785854	0.16931693253089553	0.04825941555228423	0.04253372218167424	0.0024538685874042833
7	0.012269342937021416	0.047441459356482814	0.05643897751029852	0.05071328413968852	0.008179561958014277	0.024538685874042832	0.06870832044731993	0.1267832103492213	0.22411999764959123	0.01063343054541856	0.020448904895035695	0.037625985006865675	0.09897269969197275	0.058074889901901364	0.03926189739846853	0.0016359123916028556
8	0.015541167720227128	0.02535664206984426	0.049077371748085664	0.049077371748085664	0.009815474349617133	0.027810510657248547	0.058892846097702796	0.11778569219540559	0.2028531365587541	0.009815474349617133	0.029446423048851398	0.04089780979007139	0.09570087490876705	0.0646185394683128	0.03517211641946139	0.0032718247832057112
9	0.018812992503432838	0.024538685874042832	0.047441459356482814	0.047441459356482814	0.01799503630763141	0.03599007261526282	0.03926189739846853	0.11205999882479561	0.17913240688051268	0.008997518153815704	0.060528758489305654	0.045805546964879956	0.164409195356087	0.0646185394683128	0.030264379244652827	0.008997518153815704
10	0.027810510657248547	0.043351678377475666	0.058074889901901364	0.047441459356482814	0.027810510657248547	0.047441459356482814	0.018812992503432838	0.11778569219540559	0.15950145818127842	0.004089780979007139	0.10633430545418561	0.049077371748085664	0.05234919653129138	0.05234919653129138	0.031082335440454256	0.015541167720227128
11	0.03271824783205711	0.055621021314497095	0.06380058327251137	0.045805546964879956	0.024538685874042832	0.05971080229350422	0.009815474349617133	0.13905255328624272	0.14068846567784557	0.0024538685874042833	0.07034423283892279	0.043351678377475666	0.04007985359426996	0.055621021314497095	0.020448904895035695	0.018812992503432838
12	0.0073616057622128495	0.018812992503432838	0.015541167720227128	0.041715765985872816	0.0073616057622128495	0.04825941555228423	0.009815474349617133	0.1087881740415899	0.07279810142632706	0.0024538685874042833	0.049077371748085664	0.004907737174808567	0.020448904895035695	0.014723211524425699	0.016359123916028555	0.017177080111829984
13	0.024538685874042832	0.03353620402785854	0.0057256933706099945	0.19876335557974695	0.0024538685874042833	0.02535664206984426	0.0	0.044987590769078524	0.0008179561958014278	0.05153124033548995	0.11778569219540559	0.0	0.17013488872669696	0.047441459356482814	0.06134671468510708	0.0
14	0.03353620402785854	0.06216467088090851	0.04989532794388709	0.27156145700607404	0.0016359123916028556	0.06952627664312136	0.0024538685874042833	0.1562296333980727	0.10060861208357562	0.060528758489305654	0.10388043686678132	0.0016359123916028556	0.2036710927545555	0.09651883110456846	0.08752131295075277	0.0008179561958014278
15	0.02699255446144712	0.07770583860113564	0.09651883110456846	0.2789230627682869	0.0	0.06298262707670993	0.009815474349617133	0.15704758959387413	0.1267832103492213	0.05398510892289424	0.07525197001373135	0.004907737174808567	0.19221970601333552	0.11287795502059704	0.11778569219540559	0.0024538685874042833
16	0.020448904895035695	0.07279810142632706	0.12269342937021416	0.26011007026485405	0.0	0.017177080111829984	0.009815474349617133	0.11369591121639847	0.058074889901901364	0.05480306511869566	0.0646185394683128	0.013905255328624274	0.1799503630763141	0.13169094752402988	0.12841912274082415	0.0032718247832057112
17	0.017177080111829984	0.058892846097702796	0.12269342937021416	0.2363893405866126	0.0	0.0016359123916028556	0.008179561958014277	0.08588540055914991	0.022902773482439978	0.05398510892289424	0.05643897751029852	0.02126686109083712	0.15868350198547698	0.1382345970904413	0.11042408643319275	0.0032718247832057112
18	0.015541167720227128	0.044987590769078524	0.10388043686678132	0.20939678612516552	0.0	0.0008179561958014278	0.0065436495664114224	0.07279810142632706	0.008997518153815704	0.047441459356482814	0.04989532794388709	0.02208481728663855	0.13087299132822844	0.1153318236080013	0.09161109392975991	0.0024538685874042833
19	0.013905255328624274	0.03517211641946139	0.07116218903472421	0.15704758959387413	0.0	0.0008179561958014278	0.004907737174808567	0.06870832044731993	0.0057256933706099945	0.041715765985872816	0.05234919653129138	0.016359123916028555	0.10060861208357562	0.07606992620953278	0.06380058327251137	0.0032718247832057112
20	0.012269342937021416	0.02535664206984426	0.04007985359426996	0.10469839306258276	0.0	0.0016359123916028556	0.0057256933706099945	0.0736160576221285	0.0057256933706099945	0.03680802881106425	0.06216467088090851	0.008179561958014277	0.06870832044731993	0.04089780979007139	0.03435416022365997	0.0024538685874042833
21	0.009815474349617133	0.015541167720227128	0.016359123916028555	0.04662350316068138	0.0	0.0032718247832057112	0.0065436495664114224	0.0883392691465542	0.008179561958014277	0.03599007261526282	0.07443401381792993	0.0032718247832057112	0.03599007261526282	0.022902773482439978	0.016359123916028555	0.0008179561958014278
22	0.0073616057622128495	0.01063343054541856	0.004907737174808567	0.01063343054541856	0.0	0.016359123916028555	0.0032718247832057112	0.09651883110456846	0.0065436495664114224	0.03353620402785854	0.0826135757759442	0.0008179561958014278	0.017177080111829984	0.014723211524425699	0.004089780979007139	0.0
23	0.004907737174808567	0.0065436495664114224	0.009815474349617133	0.01063343054541856	0.0024538685874042833	0.08506744436334848	0.0024538685874042833	0.12269342937021416	0.015541167720227128	0.028628466853049973	0.06298262707670993	0.0	0.004089780979007139	0.014723211524425699	0.0016359123916028556	0.008179561958014277
24	0.0065436495664114224	0.022902773482439978	0.041715765985872816	0.06789036425151851	0.04089780979007139	0.14641415904845556	0.020448904895035695	0.2363893405866126	0.05480306511869566	0.0736160576221285	0.13578072850303702	0.0008179561958014278	0.0008179561958014278	0.05643897751029852	0.008997518153815704	0.058074889901901364
["WIND_ONSHORE","C4",*,*] :	1	2	3	4	5	6	7	8	9	10	11	12	13	14	15	16 := 
1	0.07972024878259591	0.1248001513679924	0.06500996478104547	0.08541455226706704	0.14330663769252358	0.2420078980900233	0.047927054327632064	0.07592404645961515	0.15279714349997547	0.11863132259314867	0.12669825252948277	0.016608385163040813	0.0536213578121032	0.037487497939434976	0.0811438246537137	0.0
2	0.0707042682655166	0.12195299962575683	0.06643354065216325	0.07355142000775217	0.13096898014283614	0.2216033106040017	0.07829667291147813	0.06643354065216325	0.16323669988817255	0.125274676658365	0.07734762233073293	0.02847151742235568	0.10344651330122563	0.05077420606986763	0.054095883102475796	0.0
3	0.06168828774843731	0.10202293743010785	0.0711787935558892	0.06548449007141807	0.07687309704036034	0.16276217459779999	0.09253243162265597	0.06880616710402622	0.1689310033726437	0.09015980517079299	0.06690806594253584	0.041758225552788325	0.13334160659469912	0.06880616710402622	0.05457040839284839	0.0023726264518629733
4	0.05219778194098541	0.08636360284781222	0.07829667291147813	0.06168828774843731	0.05931566129657433	0.13191803072358133	0.09490505807451893	0.06643354065216325	0.15564429524221104	0.06643354065216325	0.0982267351071271	0.048401579618004655	0.11341154439905012	0.08921075459004779	0.06026471187731952	0.012812182840060056
5	0.044605377295023896	0.06548449007141807	0.07639857174998774	0.051248731360240225	0.05219778194098541	0.11008986736644197	0.09680315923600931	0.07497499587886995	0.11958037317389386	0.051723256650612816	0.08826170400930261	0.0531468325217306	0.0972776845263819	0.07829667291147813	0.05979018658694693	0.01518480929192303
6	0.0355893967779446	0.05931566129657433	0.07212784413663438	0.051248731360240225	0.05029968077949503	0.10249746272048045	0.09537958336489154	0.0806692993633411	0.0801947740729685	0.037487497939434976	0.051723256650612816	0.055044933683220984	0.08161834994408627	0.06738259123290843	0.058366610715829145	0.004745252903725947
7	0.029420568003100868	0.055044933683220984	0.07972024878259591	0.05741756013508395	0.0536213578121032	0.09490505807451893	0.0811438246537137	0.0811438246537137	0.061213762458064716	0.027522466841610492	0.03179319445496384	0.058841136006201736	0.07544952116924256	0.08541455226706704	0.05931566129657433	0.0004745252903725947
8	0.0265734162608653	0.05551945897359358	0.07924572349222331	0.06311186361955509	0.051248731360240225	0.08161834994408627	0.070229742975144	0.09015980517079299	0.06026471187731952	0.024200789809002327	0.026098890970492707	0.0536213578121032	0.08304192581520406	0.10107388684936267	0.054095883102475796	0.0
9	0.03131866916459125	0.05077420606986763	0.06928069239439881	0.06738259123290843	0.058366610715829145	0.06168828774843731	0.062162813038809904	0.08351645110557665	0.05267230723135801	0.02467531509937492	0.02135363806676676	0.0355893967779446	0.08446550168632184	0.09537958336489154	0.04365632671427871	0.0
10	0.04745252903725947	0.05267230723135801	0.06880616710402622	0.06595901536179066	0.06975521768477141	0.04602895316614168	0.0536213578121032	0.06975521768477141	0.05267230723135801	0.030844143874218653	0.02135363806676676	0.03131866916459125	0.055993984263966165	0.09300695691302856	0.044130852004651305	0.0
11	0.04318180142390611	0.044130852004651305	0.05789208542545655	0.06026471187731952	0.07212784413663438	0.04555442787576909	0.04080917497204314	0.05931566129657433	0.0626373383291825	0.02325173922825714	0.019930062195648978	0.01945553690527638	0.03891107381055276	0.07877119820185072	0.047927054327632064	0.0
12	0.0033216770326081626	0.011388606968942273	0.020879112776394163	0.029420568003100868	0.032742245035709036	0.018031961034158595	0.018506486324531193	0.03226771974533644	0.035114871487572	0.006643354065216325	0.013761233420805246	0.00711787935558892	0.055044933683220984	0.01233765754968746	0.0037962023229807574	0.0004745252903725947
13	0.00711787935558892	0.03938559910092536	0.04555442787576909	0.03606392206831719	0.034165820906826815	0.0018981011614903787	0.01613385987266822	0.0711787935558892	0.001423575871117784	0.06358638890992768	0.07497499587886995	0.007592404645961515	0.10249746272048045	0.006643354065216325	0.008541455226706704	0.0
14	0.009965031097824489	0.046978003746886876	0.06833164181365363	0.04080917497204314	0.0355893967779446	0.048401579618004655	0.03796202322980757	0.0801947740729685	0.03179319445496384	0.08399097639594925	0.07497499587886995	0.0018981011614903787	0.09632863394563672	0.034165820906826815	0.032742245035709036	0.0004745252903725947
15	0.00806692993633411	0.05029968077949503	0.10012483626861747	0.04555442787576909	0.04033464968167055	0.07450047058849736	0.03796202322980757	0.0531468325217306	0.02040458748602157	0.07639857174998774	0.044605377295023896	0.0018981011614903787	0.08351645110557665	0.051723256650612816	0.04935063019874984	0.0009490505807451894
16	0.00806692993633411	0.051723256650612816	0.13144350543320873	0.04982515548912244	0.041758225552788325	0.0536213578121032	0.037012972649062385	0.0355893967779446	0.010914081678569677	0.06880616710402622	0.027522466841610492	0.004270727613353352	0.07734762233073293	0.05789208542545655	0.051723256650612816	0.0009490505807451894
17	0.007592404645961515	0.04935063019874984	0.1423575871117784	0.051248731360240225	0.03843654852018017	0.03321677032608163	0.03131866916459125	0.02847151742235568	0.006643354065216325	0.06453543949067288	0.018981011614903787	0.00711787935558892	0.07592404645961515	0.0536213578121032	0.048401579618004655	0.0004745252903725947
18	0.006643354065216325	0.04507990258539649	0.12195299962575683	0.04982515548912244	0.035114871487572	0.017557435743786	0.026098890970492707	0.027047941551237898	0.005219778194098541	0.06358638890992768	0.015659334582295625	0.009490505807451893	0.07260236942700699	0.04033464968167055	0.04365632671427871	0.0
19	0.004745252903725947	0.03036961858384606	0.09490505807451893	0.041758225552788325	0.029420568003100868	0.007592404645961515	0.019930062195648978	0.027996992131983083	0.005219778194098541	0.05741756013508395	0.015659334582295625	0.009965031097824489	0.06073923716769212	0.018506486324531193	0.037012972649062385	0.0
20	0.004745252903725947	0.015659334582295625	0.06643354065216325	0.027996992131983083	0.017557435743786	0.0033216770326081626	0.01518480929192303	0.035114871487572	0.004270727613353352	0.048401579618004655	0.016608385163040813	0.010439556388197081	0.04602895316614168	0.004745252903725947	0.027522466841610492	0.0
21	0.006643354065216325	0.005219778194098541	0.051248731360240225	0.009965031097824489	0.005694303484471136	0.0018981011614903787	0.013761233420805246	0.048876104908377245	0.005694303484471136	0.04602895316614168	0.021828163357139354	0.011863132259314867	0.03036961858384606	0.0009490505807451894	0.012812182840060056	0.0
22	0.017082910453413407	0.0023726264518629733	0.041758225552788325	0.005219778194098541	0.004270727613353352	0.0018981011614903787	0.009490505807451893	0.054095883102475796	0.00616882877484373	0.047927054327632064	0.025624365680120113	0.01613385987266822	0.012812182840060056	0.0009490505807451894	0.001423575871117784	0.0
23	0.026098890970492707	0.004270727613353352	0.04365632671427871	0.008541455226706704	0.04080917497204314	0.01233765754968746	0.026098890970492707	0.0801947740729685	0.025149840389747515	0.055044933683220984	0.051723256650612816	0.015659334582295625	0.008541455226706704	0.02040458748602157	0.002847151742235568	0.0009490505807451894
24	0.0896852798804204	0.034165820906826815	0.05979018658694693	0.048401579618004655	0.13049445485246355	0.06643354065216325	0.05694303484471136	0.14473021356364138	0.08826170400930261	0.12337657549687461	0.16608385163040812	0.0265734162608653	0.008541455226706704	0.06073923716769212	0.02467531509937492	0.011863132259314867
["WIND_ONSHORE","C5",*,*] :	1	2	3	4	5	6	7	8	9	10	11	12	13	14	15	16 := 
1	0.13886007904046835	0.1355734499507531	0.0	0.07148418270130617	0.05751600907001647	0.11256704632274653	0.08709567087745351	0.24814049627349963	0.13064350631618027	0.12489190540917862	0.2185608344660626	0.010681544541574486	0.05587269452515886	0.06573258179430454	0.20459266083477287	0.009038229996716874
2	0.0961339008741704	0.0994205299638856	0.0	0.037796234531725106	0.11338870359517533	0.07641412633587902	0.16926139812033417	0.21691751992120498	0.20130603174505765	0.1569365390339021	0.23088569355249472	0.017254802721004943	0.09695555814659919	0.05751600907001647	0.16843974084790536	0.011503201814003295
3	0.0731274972461638	0.06408926724944693	0.0	0.033687948169581074	0.1347517926783243	0.039439549076582724	0.20130603174505765	0.17419134175490703	0.22349077810063545	0.12489190540917862	0.10188550178117203	0.008216572724288067	0.10763710268817368	0.02547137544529301	0.1462549944923276	0.018076459993433748
4	0.05012109361815721	0.0492994363457284	0.0	0.04026120634901153	0.07641412633587902	0.016433145448576134	0.13721676449561074	0.15118493812690043	0.21280923355906095	0.059159323614874075	0.07887909815316545	0.005751600907001647	0.11256704632274653	0.014789830903718519	0.08380904178773828	0.02793634726257943
5	0.033687948169581074	0.04519114998358437	0.009859887269145681	0.04765612180087079	0.028758004535008236	0.019719774538291362	0.10599378814331607	0.12982184904375146	0.17090471266519178	0.033687948169581074	0.04436949271115556	0.004108286362144034	0.18405122902405271	0.03204463362472346	0.059159323614874075	0.043547835438726756
6	0.02054143181072017	0.04026120634901153	0.04519114998358437	0.0369745772592963	0.014789830903718519	0.018898117265862553	0.08298738451530949	0.11092373177788892	0.15611488176147328	0.02547137544529301	0.02054143181072017	0.0032866290897152267	0.2555354117253589	0.059159323614874075	0.048477779073299594	0.05998098088730289
7	0.013146516358860907	0.02218474635557778	0.06244595270458931	0.03286629089715227	0.011503201814003295	0.017254802721004943	0.06984086815644858	0.097777215419028	0.14379002267504115	0.014789830903718519	0.02218474635557778	0.0024649718172864202	0.16761808357547656	0.05012109361815721	0.037796234531725106	0.048477779073299594
8	0.008216572724288067	0.016433145448576134	0.07066252542887737	0.033687948169581074	0.004108286362144034	0.021363089083148972	0.06326760997701812	0.09449058632931277	0.12900019177132266	0.009038229996716874	0.030401319079865846	0.0016433145448576133	0.07970075542559425	0.04601280725601318	0.02547137544529301	0.02218474635557778
9	0.007394915451859259	0.013968173631289715	0.06326760997701812	0.039439549076582724	0.0049299436345728405	0.03286629089715227	0.05505103725273005	0.097777215419028	0.10435047359845845	0.005751600907001647	0.05833766634244527	0.0008216572724288067	0.08545235633259589	0.05833766634244527	0.017254802721004943	0.009859887269145681
10	0.009038229996716874	0.019719774538291362	0.06244595270458931	0.04436949271115556	0.0123248590864321	0.05258606543544363	0.037796234531725106	0.10845875996060249	0.08545235633259589	0.0008216572724288067	0.10517213087088725	0.0008216572724288067	0.03861789180415392	0.05587269452515886	0.016433145448576134	0.006573258179430453
11	0.008216572724288067	0.0246497181728642	0.06655423906673334	0.04436949271115556	0.016433145448576134	0.08134406997045186	0.019719774538291362	0.13064350631618027	0.08463069906016708	0.0	0.07559246906345021	0.0	0.034509605442009886	0.054229379980301244	0.006573258179430453	0.006573258179430453
12	0.0016433145448576133	0.0016433145448576133	0.02218474635557778	0.05998098088730289	0.009859887269145681	0.05833766634244527	0.013968173631289715	0.08380904178773828	0.04765612180087079	0.0049299436345728405	0.10188550178117203	0.0008216572724288067	0.014789830903718519	0.02054143181072017	0.0049299436345728405	0.005751600907001647
13	0.0246497181728642	0.028758004535008236	0.0049299436345728405	0.20130603174505765	0.008216572724288067	0.018898117265862553	0.0	0.059159323614874075	0.0016433145448576133	0.05505103725273005	0.1569365390339021	0.0024649718172864202	0.18076459993433747	0.07805744088073664	0.03861789180415392	0.0
14	0.04436949271115556	0.11996196177460577	0.04190452089386914	0.2366372944594963	0.0032866290897152267	0.08052241269802306	0.0032866290897152267	0.22513409264549306	0.1832295717516239	0.05340772270787244	0.11585367541246173	0.0049299436345728405	0.23910226627678274	0.1101020745054601	0.06655423906673334	0.0
15	0.03861789180415392	0.13639510722318193	0.0739491545185926	0.2563570689977877	0.0008216572724288067	0.0731274972461638	0.011503201814003295	0.1971977453829136	0.11914030450217697	0.054229379980301244	0.07230583997373499	0.006573258179430453	0.21198757628663215	0.13064350631618027	0.0961339008741704	0.0024649718172864202
16	0.037796234531725106	0.10106384450874323	0.09366892905688397	0.2563570689977877	0.0	0.02218474635557778	0.0123248590864321	0.13310847813346668	0.05340772270787244	0.05998098088730289	0.05505103725273005	0.011503201814003295	0.18733785811376794	0.14954162358204282	0.09695555814659919	0.0032866290897152267
17	0.043547835438726756	0.07559246906345021	0.09449058632931277	0.24238889536649796	0.0	0.004108286362144034	0.009859887269145681	0.097777215419028	0.021363089083148972	0.06244595270458931	0.043547835438726756	0.02054143181072017	0.18076459993433747	0.1577581963063309	0.07970075542559425	0.0024649718172864202
18	0.05176440816301482	0.0616242954321605	0.07887909815316545	0.21691751992120498	0.0	0.0008216572724288067	0.009038229996716874	0.08380904178773828	0.009859887269145681	0.059159323614874075	0.04108286362144034	0.033687948169581074	0.16926139812033417	0.11831864722974815	0.06326760997701812	0.0008216572724288067
19	0.06080263815973169	0.046834464528441984	0.05751600907001647	0.15447156721661567	0.0	0.0008216572724288067	0.008216572724288067	0.08380904178773828	0.004108286362144034	0.056694351797587667	0.04190452089386914	0.04436949271115556	0.15200659539932923	0.05751600907001647	0.0492994363457284	0.0008216572724288067
20	0.06901921088401977	0.029579661807437038	0.02793634726257943	0.097777215419028	0.0	0.0008216572724288067	0.008216572724288067	0.08873898542231112	0.0024649718172864202	0.05094275089058602	0.0369745772592963	0.04108286362144034	0.11831864722974815	0.02054143181072017	0.03204463362472346	0.0008216572724288067
21	0.07066252542887737	0.021363089083148972	0.008216572724288067	0.029579661807437038	0.0	0.0008216572724288067	0.009859887269145681	0.10024218723631442	0.0032866290897152267	0.05094275089058602	0.036152919986867496	0.02547137544529301	0.08216572724288068	0.005751600907001647	0.016433145448576134	0.0
22	0.06080263815973169	0.019719774538291362	0.0008216572724288067	0.0024649718172864202	0.0	0.008216572724288067	0.005751600907001647	0.10352881632602964	0.0016433145448576133	0.05094275089058602	0.04436949271115556	0.006573258179430453	0.04765612180087079	0.009038229996716874	0.014789830903718519	0.0
23	0.04436949271115556	0.015611488176147327	0.0016433145448576133	0.0016433145448576133	0.0008216572724288067	0.12735687722646505	0.0049299436345728405	0.11174538905031772	0.0024649718172864202	0.042726178166297944	0.04436949271115556	0.006573258179430453	0.019719774538291362	0.028758004535008236	0.02300640362800659	0.0049299436345728405
24	0.11174538905031772	0.06901921088401977	0.031222976352294655	0.03204463362472346	0.035331262714438684	0.1980194026553424	0.006573258179430453	0.18733785811376794	0.010681544541574486	0.11503201814003294	0.11914030450217697	0.017254802721004943	0.014789830903718519	0.08216572724288068	0.06573258179430454	0.06901921088401977
["HYDRO_DAM","C1",*,*] :	1	2	3	4	5	6	7	8	9	10	11	12	13	14	15	16 := 
1	0.00010000000000000003	0.00010000000000000003	0.00010000000000000003	0.00010000000000000003	0.00010000000000000003	0.00010000000000000003	0.00010000000000000003	0.00010000000000000003	0.00010000000000000003	0.00010000000000000003	0.00010000000000000003	0.00010000000000000003	0.00010000000000000003	0.00010000000000000003	0.00010000000000000003	0.00010000000000000003
2	0.00010000000000000003	0.00010000000000000003	0.00010000000000000003	0.00010000000000000003	0.00010000000000000003	0.00010000000000000003	0.00010000000000000003	0.00010000000000000003	0.00010000000000000003	0.00010000000000000003	0.00010000000000000003	0.00010000000000000003	0.00010000000000000003	0.00010000000000000003	0.00010000000000000003	0.00010000000000000003
3	0.00010000000000000003	0.00010000000000000003	0.00010000000000000003	0.00010000000000000003	0.00010000000000000003	0.00010000000000000003	0.00010000000000000003	0.00010000000000000003	0.00010000000000000003	0.00010000000000000003	0.00010000000000000003	0.00010000000000000003	0.00010000000000000003	0.00010000000000000003	0.00010000000000000003	0.00010000000000000003
4	0.00010000000000000003	0.00010000000000000003	0.00010000000000000003	0.00010000000000000003	0.00010000000000000003	0.00010000000000000003	0.00010000000000000003	0.00010000000000000003	0.00010000000000000003	0.00010000000000000003	0.00010000000000000003	0.00010000000000000003	0.00010000000000000003	0.00010000000000000003	0.00010000000000000003	0.00010000000000000003
5	0.00010000000000000003	0.00010000000000000003	0.00010000000000000003	0.00010000000000000003	0.00010000000000000003	0.00010000000000000003	0.00010000000000000003	0.00010000000000000003	0.00010000000000000003	0.00010000000000000003	0.00010000000000000003	0.00010000000000000003	0.00010000000000000003	0.00010000000000000003	0.00010000000000000003	0.00010000000000000003
6	0.00010000000000000003	0.00010000000000000003	0.00010000000000000003	0.00010000000000000003	0.00010000000000000003	0.00010000000000000003	0.00010000000000000003	0.00010000000000000003	0.00010000000000000003	0.00010000000000000003	0.00010000000000000003	0.00010000000000000003	0.00010000000000000003	0.00010000000000000003	0.00010000000000000003	0.00010000000000000003
7	0.00010000000000000003	0.00010000000000000003	0.00010000000000000003	0.00010000000000000003	0.00010000000000000003	0.00010000000000000003	0.00010000000000000003	0.00010000000000000003	0.00010000000000000003	0.00010000000000000003	0.00010000000000000003	0.00010000000000000003	0.00010000000000000003	0.00010000000000000003	0.00010000000000000003	0.00010000000000000003
8	0.00010000000000000003	0.00010000000000000003	0.00010000000000000003	0.00010000000000000003	0.00010000000000000003	0.00010000000000000003	0.00010000000000000003	0.00010000000000000003	0.00010000000000000003	0.00010000000000000003	0.00010000000000000003	0.00010000000000000003	0.00010000000000000003	0.00010000000000000003	0.00010000000000000003	0.00010000000000000003
9	0.00010000000000000003	0.00010000000000000003	0.00010000000000000003	0.00010000000000000003	0.00010000000000000003	0.00010000000000000003	0.00010000000000000003	0.00010000000000000003	0.00010000000000000003	0.00010000000000000003	0.00010000000000000003	0.00010000000000000003	0.00010000000000000003	0.00010000000000000003	0.00010000000000000003	0.00010000000000000003
10	0.00010000000000000003	0.00010000000000000003	0.00010000000000000003	0.00010000000000000003	0.00010000000000000003	0.00010000000000000003	0.00010000000000000003	0.00010000000000000003	0.00010000000000000003	0.00010000000000000003	0.00010000000000000003	0.00010000000000000003	0.00010000000000000003	0.00010000000000000003	0.00010000000000000003	0.00010000000000000003
11	0.00010000000000000003	0.00010000000000000003	0.00010000000000000003	0.00010000000000000003	0.00010000000000000003	0.00010000000000000003	0.00010000000000000003	0.00010000000000000003	0.00010000000000000003	0.00010000000000000003	0.00010000000000000003	0.00010000000000000003	0.00010000000000000003	0.00010000000000000003	0.00010000000000000003	0.00010000000000000003
12	0.00010000000000000003	0.00010000000000000003	0.00010000000000000003	0.00010000000000000003	0.00010000000000000003	0.00010000000000000003	0.00010000000000000003	0.00010000000000000003	0.00010000000000000003	0.00010000000000000003	0.00010000000000000003	0.00010000000000000003	0.00010000000000000003	0.00010000000000000003	0.00010000000000000003	0.00010000000000000003
13	0.00010000000000000003	0.00010000000000000003	0.00010000000000000003	0.00010000000000000003	0.00010000000000000003	0.00010000000000000003	0.00010000000000000003	0.00010000000000000003	0.00010000000000000003	0.00010000000000000003	0.00010000000000000003	0.00010000000000000003	0.00010000000000000003	0.00010000000000000003	0.00010000000000000003	0.00010000000000000003
14	0.00010000000000000003	0.00010000000000000003	0.00010000000000000003	0.00010000000000000003	0.00010000000000000003	0.00010000000000000003	0.00010000000000000003	0.00010000000000000003	0.00010000000000000003	0.00010000000000000003	0.00010000000000000003	0.00010000000000000003	0.00010000000000000003	0.00010000000000000003	0.00010000000000000003	0.00010000000000000003
15	0.00010000000000000003	0.00010000000000000003	0.00010000000000000003	0.00010000000000000003	0.00010000000000000003	0.00010000000000000003	0.00010000000000000003	0.00010000000000000003	0.00010000000000000003	0.00010000000000000003	0.00010000000000000003	0.00010000000000000003	0.00010000000000000003	0.00010000000000000003	0.00010000000000000003	0.00010000000000000003
16	0.00010000000000000003	0.00010000000000000003	0.00010000000000000003	0.00010000000000000003	0.00010000000000000003	0.00010000000000000003	0.00010000000000000003	0.00010000000000000003	0.00010000000000000003	0.00010000000000000003	0.00010000000000000003	0.00010000000000000003	0.00010000000000000003	0.00010000000000000003	0.00010000000000000003	0.00010000000000000003
17	0.00010000000000000003	0.00010000000000000003	0.00010000000000000003	0.00010000000000000003	0.00010000000000000003	0.00010000000000000003	0.00010000000000000003	0.00010000000000000003	0.00010000000000000003	0.00010000000000000003	0.00010000000000000003	0.00010000000000000003	0.00010000000000000003	0.00010000000000000003	0.00010000000000000003	0.00010000000000000003
18	0.00010000000000000003	0.00010000000000000003	0.00010000000000000003	0.00010000000000000003	0.00010000000000000003	0.00010000000000000003	0.00010000000000000003	0.00010000000000000003	0.00010000000000000003	0.00010000000000000003	0.00010000000000000003	0.00010000000000000003	0.00010000000000000003	0.00010000000000000003	0.00010000000000000003	0.00010000000000000003
19	0.00010000000000000003	0.00010000000000000003	0.00010000000000000003	0.00010000000000000003	0.00010000000000000003	0.00010000000000000003	0.00010000000000000003	0.00010000000000000003	0.00010000000000000003	0.00010000000000000003	0.00010000000000000003	0.00010000000000000003	0.00010000000000000003	0.00010000000000000003	0.00010000000000000003	0.00010000000000000003
20	0.00010000000000000003	0.00010000000000000003	0.00010000000000000003	0.00010000000000000003	0.00010000000000000003	0.00010000000000000003	0.00010000000000000003	0.00010000000000000003	0.00010000000000000003	0.00010000000000000003	0.00010000000000000003	0.00010000000000000003	0.00010000000000000003	0.00010000000000000003	0.00010000000000000003	0.00010000000000000003
21	0.00010000000000000003	0.00010000000000000003	0.00010000000000000003	0.00010000000000000003	0.00010000000000000003	0.00010000000000000003	0.00010000000000000003	0.00010000000000000003	0.00010000000000000003	0.00010000000000000003	0.00010000000000000003	0.00010000000000000003	0.00010000000000000003	0.00010000000000000003	0.00010000000000000003	0.00010000000000000003
22	0.00010000000000000003	0.00010000000000000003	0.00010000000000000003	0.00010000000000000003	0.00010000000000000003	0.00010000000000000003	0.00010000000000000003	0.00010000000000000003	0.00010000000000000003	0.00010000000000000003	0.00010000000000000003	0.00010000000000000003	0.00010000000000000003	0.00010000000000000003	0.00010000000000000003	0.00010000000000000003
23	0.00010000000000000003	0.00010000000000000003	0.00010000000000000003	0.00010000000000000003	0.00010000000000000003	0.00010000000000000003	0.00010000000000000003	0.00010000000000000003	0.00010000000000000003	0.00010000000000000003	0.00010000000000000003	0.00010000000000000003	0.00010000000000000003	0.00010000000000000003	0.00010000000000000003	0.00010000000000000003
24	0.00010000000000000003	0.00010000000000000003	0.00010000000000000003	0.00010000000000000003	0.00010000000000000003	0.00010000000000000003	0.00010000000000000003	0.00010000000000000003	0.00010000000000000003	0.00010000000000000003	0.00010000000000000003	0.00010000000000000003	0.00010000000000000003	0.00010000000000000003	0.00010000000000000003	0.00010000000000000003
["HYDRO_DAM","C2",*,*] :	1	2	3	4	5	6	7	8	9	10	11	12	13	14	15	16 := 
1	0.00010000000000000003	0.00010000000000000003	0.00010000000000000003	0.00010000000000000003	0.00010000000000000003	0.00010000000000000003	0.00010000000000000003	0.00010000000000000003	0.00010000000000000003	0.00010000000000000003	0.00010000000000000003	0.00010000000000000003	0.00010000000000000003	0.00010000000000000003	0.00010000000000000003	0.00010000000000000003
2	0.00010000000000000003	0.00010000000000000003	0.00010000000000000003	0.00010000000000000003	0.00010000000000000003	0.00010000000000000003	0.00010000000000000003	0.00010000000000000003	0.00010000000000000003	0.00010000000000000003	0.00010000000000000003	0.00010000000000000003	0.00010000000000000003	0.00010000000000000003	0.00010000000000000003	0.00010000000000000003
3	0.00010000000000000003	0.00010000000000000003	0.00010000000000000003	0.00010000000000000003	0.00010000000000000003	0.00010000000000000003	0.00010000000000000003	0.00010000000000000003	0.00010000000000000003	0.00010000000000000003	0.00010000000000000003	0.00010000000000000003	0.00010000000000000003	0.00010000000000000003	0.00010000000000000003	0.00010000000000000003
4	0.00010000000000000003	0.00010000000000000003	0.00010000000000000003	0.00010000000000000003	0.00010000000000000003	0.00010000000000000003	0.00010000000000000003	0.00010000000000000003	0.00010000000000000003	0.00010000000000000003	0.00010000000000000003	0.00010000000000000003	0.00010000000000000003	0.00010000000000000003	0.00010000000000000003	0.00010000000000000003
5	0.00010000000000000003	0.00010000000000000003	0.00010000000000000003	0.00010000000000000003	0.00010000000000000003	0.00010000000000000003	0.00010000000000000003	0.00010000000000000003	0.00010000000000000003	0.00010000000000000003	0.00010000000000000003	0.00010000000000000003	0.00010000000000000003	0.00010000000000000003	0.00010000000000000003	0.00010000000000000003
6	0.00010000000000000003	0.00010000000000000003	0.00010000000000000003	0.00010000000000000003	0.00010000000000000003	0.00010000000000000003	0.00010000000000000003	0.00010000000000000003	0.00010000000000000003	0.00010000000000000003	0.00010000000000000003	0.00010000000000000003	0.00010000000000000003	0.00010000000000000003	0.00010000000000000003	0.00010000000000000003
7	0.00010000000000000003	0.00010000000000000003	0.00010000000000000003	0.00010000000000000003	0.00010000000000000003	0.00010000000000000003	0.00010000000000000003	0.00010000000000000003	0.00010000000000000003	0.00010000000000000003	0.00010000000000000003	0.00010000000000000003	0.00010000000000000003	0.00010000000000000003	0.00010000000000000003	0.00010000000000000003
8	0.00010000000000000003	0.00010000000000000003	0.00010000000000000003	0.00010000000000000003	0.00010000000000000003	0.00010000000000000003	0.00010000000000000003	0.00010000000000000003	0.00010000000000000003	0.00010000000000000003	0.00010000000000000003	0.00010000000000000003	0.00010000000000000003	0.00010000000000000003	0.00010000000000000003	0.00010000000000000003
9	0.00010000000000000003	0.00010000000000000003	0.00010000000000000003	0.00010000000000000003	0.00010000000000000003	0.00010000000000000003	0.00010000000000000003	0.00010000000000000003	0.00010000000000000003	0.00010000000000000003	0.00010000000000000003	0.00010000000000000003	0.00010000000000000003	0.00010000000000000003	0.00010000000000000003	0.00010000000000000003
10	0.00010000000000000003	0.00010000000000000003	0.00010000000000000003	0.00010000000000000003	0.00010000000000000003	0.00010000000000000003	0.00010000000000000003	0.00010000000000000003	0.00010000000000000003	0.00010000000000000003	0.00010000000000000003	0.00010000000000000003	0.00010000000000000003	0.00010000000000000003	0.00010000000000000003	0.00010000000000000003
11	0.00010000000000000003	0.00010000000000000003	0.00010000000000000003	0.00010000000000000003	0.00010000000000000003	0.00010000000000000003	0.00010000000000000003	0.00010000000000000003	0.00010000000000000003	0.00010000000000000003	0.00010000000000000003	0.00010000000000000003	0.00010000000000000003	0.00010000000000000003	0.00010000000000000003	0.00010000000000000003
12	0.00010000000000000003	0.00010000000000000003	0.00010000000000000003	0.00010000000000000003	0.00010000000000000003	0.00010000000000000003	0.00010000000000000003	0.00010000000000000003	0.00010000000000000003	0.00010000000000000003	0.00010000000000000003	0.00010000000000000003	0.00010000000000000003	0.00010000000000000003	0.00010000000000000003	0.00010000000000000003
13	0.00010000000000000003	0.00010000000000000003	0.00010000000000000003	0.00010000000000000003	0.00010000000000000003	0.00010000000000000003	0.00010000000000000003	0.00010000000000000003	0.00010000000000000003	0.00010000000000000003	0.00010000000000000003	0.00010000000000000003	0.00010000000000000003	0.00010000000000000003	0.00010000000000000003	0.00010000000000000003
14	0.00010000000000000003	0.00010000000000000003	0.00010000000000000003	0.00010000000000000003	0.00010000000000000003	0.00010000000000000003	0.00010000000000000003	0.00010000000000000003	0.00010000000000000003	0.00010000000000000003	0.00010000000000000003	0.00010000000000000003	0.00010000000000000003	0.00010000000000000003	0.00010000000000000003	0.00010000000000000003
15	0.00010000000000000003	0.00010000000000000003	0.00010000000000000003	0.00010000000000000003	0.00010000000000000003	0.00010000000000000003	0.00010000000000000003	0.00010000000000000003	0.00010000000000000003	0.00010000000000000003	0.00010000000000000003	0.00010000000000000003	0.00010000000000000003	0.00010000000000000003	0.00010000000000000003	0.00010000000000000003
16	0.00010000000000000003	0.00010000000000000003	0.00010000000000000003	0.00010000000000000003	0.00010000000000000003	0.00010000000000000003	0.00010000000000000003	0.00010000000000000003	0.00010000000000000003	0.00010000000000000003	0.00010000000000000003	0.00010000000000000003	0.00010000000000000003	0.00010000000000000003	0.00010000000000000003	0.00010000000000000003
17	0.00010000000000000003	0.00010000000000000003	0.00010000000000000003	0.00010000000000000003	0.00010000000000000003	0.00010000000000000003	0.00010000000000000003	0.00010000000000000003	0.00010000000000000003	0.00010000000000000003	0.00010000000000000003	0.00010000000000000003	0.00010000000000000003	0.00010000000000000003	0.00010000000000000003	0.00010000000000000003
18	0.00010000000000000003	0.00010000000000000003	0.00010000000000000003	0.00010000000000000003	0.00010000000000000003	0.00010000000000000003	0.00010000000000000003	0.00010000000000000003	0.00010000000000000003	0.00010000000000000003	0.00010000000000000003	0.00010000000000000003	0.00010000000000000003	0.00010000000000000003	0.00010000000000000003	0.00010000000000000003
19	0.00010000000000000003	0.00010000000000000003	0.00010000000000000003	0.00010000000000000003	0.00010000000000000003	0.00010000000000000003	0.00010000000000000003	0.00010000000000000003	0.00010000000000000003	0.00010000000000000003	0.00010000000000000003	0.00010000000000000003	0.00010000000000000003	0.00010000000000000003	0.00010000000000000003	0.00010000000000000003
20	0.00010000000000000003	0.00010000000000000003	0.00010000000000000003	0.00010000000000000003	0.00010000000000000003	0.00010000000000000003	0.00010000000000000003	0.00010000000000000003	0.00010000000000000003	0.00010000000000000003	0.00010000000000000003	0.00010000000000000003	0.00010000000000000003	0.00010000000000000003	0.00010000000000000003	0.00010000000000000003
21	0.00010000000000000003	0.00010000000000000003	0.00010000000000000003	0.00010000000000000003	0.00010000000000000003	0.00010000000000000003	0.00010000000000000003	0.00010000000000000003	0.00010000000000000003	0.00010000000000000003	0.00010000000000000003	0.00010000000000000003	0.00010000000000000003	0.00010000000000000003	0.00010000000000000003	0.00010000000000000003
22	0.00010000000000000003	0.00010000000000000003	0.00010000000000000003	0.00010000000000000003	0.00010000000000000003	0.00010000000000000003	0.00010000000000000003	0.00010000000000000003	0.00010000000000000003	0.00010000000000000003	0.00010000000000000003	0.00010000000000000003	0.00010000000000000003	0.00010000000000000003	0.00010000000000000003	0.00010000000000000003
23	0.00010000000000000003	0.00010000000000000003	0.00010000000000000003	0.00010000000000000003	0.00010000000000000003	0.00010000000000000003	0.00010000000000000003	0.00010000000000000003	0.00010000000000000003	0.00010000000000000003	0.00010000000000000003	0.00010000000000000003	0.00010000000000000003	0.00010000000000000003	0.00010000000000000003	0.00010000000000000003
24	0.00010000000000000003	0.00010000000000000003	0.00010000000000000003	0.00010000000000000003	0.00010000000000000003	0.00010000000000000003	0.00010000000000000003	0.00010000000000000003	0.00010000000000000003	0.00010000000000000003	0.00010000000000000003	0.00010000000000000003	0.00010000000000000003	0.00010000000000000003	0.00010000000000000003	0.00010000000000000003
["HYDRO_DAM","C3",*,*] :	1	2	3	4	5	6	7	8	9	10	11	12	13	14	15	16 := 
1	0.00010000000000000003	0.00010000000000000003	0.00010000000000000003	0.00010000000000000003	0.00010000000000000003	0.00010000000000000003	0.00010000000000000003	0.00010000000000000003	0.00010000000000000003	0.00010000000000000003	0.00010000000000000003	0.00010000000000000003	0.00010000000000000003	0.00010000000000000003	0.00010000000000000003	0.00010000000000000003
2	0.00010000000000000003	0.00010000000000000003	0.00010000000000000003	0.00010000000000000003	0.00010000000000000003	0.00010000000000000003	0.00010000000000000003	0.00010000000000000003	0.00010000000000000003	0.00010000000000000003	0.00010000000000000003	0.00010000000000000003	0.00010000000000000003	0.00010000000000000003	0.00010000000000000003	0.00010000000000000003
3	0.00010000000000000003	0.00010000000000000003	0.00010000000000000003	0.00010000000000000003	0.00010000000000000003	0.00010000000000000003	0.00010000000000000003	0.00010000000000000003	0.00010000000000000003	0.00010000000000000003	0.00010000000000000003	0.00010000000000000003	0.00010000000000000003	0.00010000000000000003	0.00010000000000000003	0.00010000000000000003
4	0.00010000000000000003	0.00010000000000000003	0.00010000000000000003	0.00010000000000000003	0.00010000000000000003	0.00010000000000000003	0.00010000000000000003	0.00010000000000000003	0.00010000000000000003	0.00010000000000000003	0.00010000000000000003	0.00010000000000000003	0.00010000000000000003	0.00010000000000000003	0.00010000000000000003	0.00010000000000000003
5	0.00010000000000000003	0.00010000000000000003	0.00010000000000000003	0.00010000000000000003	0.00010000000000000003	0.00010000000000000003	0.00010000000000000003	0.00010000000000000003	0.00010000000000000003	0.00010000000000000003	0.00010000000000000003	0.00010000000000000003	0.00010000000000000003	0.00010000000000000003	0.00010000000000000003	0.00010000000000000003
6	0.00010000000000000003	0.00010000000000000003	0.00010000000000000003	0.00010000000000000003	0.00010000000000000003	0.00010000000000000003	0.00010000000000000003	0.00010000000000000003	0.00010000000000000003	0.00010000000000000003	0.00010000000000000003	0.00010000000000000003	0.00010000000000000003	0.00010000000000000003	0.00010000000000000003	0.00010000000000000003
7	0.00010000000000000003	0.00010000000000000003	0.00010000000000000003	0.00010000000000000003	0.00010000000000000003	0.00010000000000000003	0.00010000000000000003	0.00010000000000000003	0.00010000000000000003	0.00010000000000000003	0.00010000000000000003	0.00010000000000000003	0.00010000000000000003	0.00010000000000000003	0.00010000000000000003	0.00010000000000000003
8	0.00010000000000000003	0.00010000000000000003	0.00010000000000000003	0.00010000000000000003	0.00010000000000000003	0.00010000000000000003	0.00010000000000000003	0.00010000000000000003	0.00010000000000000003	0.00010000000000000003	0.00010000000000000003	0.00010000000000000003	0.00010000000000000003	0.00010000000000000003	0.00010000000000000003	0.00010000000000000003
9	0.00010000000000000003	0.00010000000000000003	0.00010000000000000003	0.00010000000000000003	0.00010000000000000003	0.00010000000000000003	0.00010000000000000003	0.00010000000000000003	0.00010000000000000003	0.00010000000000000003	0.00010000000000000003	0.00010000000000000003	0.00010000000000000003	0.00010000000000000003	0.00010000000000000003	0.00010000000000000003
10	0.00010000000000000003	0.00010000000000000003	0.00010000000000000003	0.00010000000000000003	0.00010000000000000003	0.00010000000000000003	0.00010000000000000003	0.00010000000000000003	0.00010000000000000003	0.00010000000000000003	0.00010000000000000003	0.00010000000000000003	0.00010000000000000003	0.00010000000000000003	0.00010000000000000003	0.00010000000000000003
11	0.00010000000000000003	0.00010000000000000003	0.00010000000000000003	0.00010000000000000003	0.00010000000000000003	0.00010000000000000003	0.00010000000000000003	0.00010000000000000003	0.00010000000000000003	0.00010000000000000003	0.00010000000000000003	0.00010000000000000003	0.00010000000000000003	0.00010000000000000003	0.00010000000000000003	0.00010000000000000003
12	0.00010000000000000003	0.00010000000000000003	0.00010000000000000003	0.00010000000000000003	0.00010000000000000003	0.00010000000000000003	0.00010000000000000003	0.00010000000000000003	0.00010000000000000003	0.00010000000000000003	0.00010000000000000003	0.00010000000000000003	0.00010000000000000003	0.00010000000000000003	0.00010000000000000003	0.00010000000000000003
13	0.00010000000000000003	0.00010000000000000003	0.00010000000000000003	0.00010000000000000003	0.00010000000000000003	0.00010000000000000003	0.00010000000000000003	0.00010000000000000003	0.00010000000000000003	0.00010000000000000003	0.00010000000000000003	0.00010000000000000003	0.00010000000000000003	0.00010000000000000003	0.00010000000000000003	0.00010000000000000003
14	0.00010000000000000003	0.00010000000000000003	0.00010000000000000003	0.00010000000000000003	0.00010000000000000003	0.00010000000000000003	0.00010000000000000003	0.00010000000000000003	0.00010000000000000003	0.00010000000000000003	0.00010000000000000003	0.00010000000000000003	0.00010000000000000003	0.00010000000000000003	0.00010000000000000003	0.00010000000000000003
15	0.00010000000000000003	0.00010000000000000003	0.00010000000000000003	0.00010000000000000003	0.00010000000000000003	0.00010000000000000003	0.00010000000000000003	0.00010000000000000003	0.00010000000000000003	0.00010000000000000003	0.00010000000000000003	0.00010000000000000003	0.00010000000000000003	0.00010000000000000003	0.00010000000000000003	0.00010000000000000003
16	0.00010000000000000003	0.00010000000000000003	0.00010000000000000003	0.00010000000000000003	0.00010000000000000003	0.00010000000000000003	0.00010000000000000003	0.00010000000000000003	0.00010000000000000003	0.00010000000000000003	0.00010000000000000003	0.00010000000000000003	0.00010000000000000003	0.00010000000000000003	0.00010000000000000003	0.00010000000000000003
17	0.00010000000000000003	0.00010000000000000003	0.00010000000000000003	0.00010000000000000003	0.00010000000000000003	0.00010000000000000003	0.00010000000000000003	0.00010000000000000003	0.00010000000000000003	0.00010000000000000003	0.00010000000000000003	0.00010000000000000003	0.00010000000000000003	0.00010000000000000003	0.00010000000000000003	0.00010000000000000003
18	0.00010000000000000003	0.00010000000000000003	0.00010000000000000003	0.00010000000000000003	0.00010000000000000003	0.00010000000000000003	0.00010000000000000003	0.00010000000000000003	0.00010000000000000003	0.00010000000000000003	0.00010000000000000003	0.00010000000000000003	0.00010000000000000003	0.00010000000000000003	0.00010000000000000003	0.00010000000000000003
19	0.00010000000000000003	0.00010000000000000003	0.00010000000000000003	0.00010000000000000003	0.00010000000000000003	0.00010000000000000003	0.00010000000000000003	0.00010000000000000003	0.00010000000000000003	0.00010000000000000003	0.00010000000000000003	0.00010000000000000003	0.00010000000000000003	0.00010000000000000003	0.00010000000000000003	0.00010000000000000003
20	0.00010000000000000003	0.00010000000000000003	0.00010000000000000003	0.00010000000000000003	0.00010000000000000003	0.00010000000000000003	0.00010000000000000003	0.00010000000000000003	0.00010000000000000003	0.00010000000000000003	0.00010000000000000003	0.00010000000000000003	0.00010000000000000003	0.00010000000000000003	0.00010000000000000003	0.00010000000000000003
21	0.00010000000000000003	0.00010000000000000003	0.00010000000000000003	0.00010000000000000003	0.00010000000000000003	0.00010000000000000003	0.00010000000000000003	0.00010000000000000003	0.00010000000000000003	0.00010000000000000003	0.00010000000000000003	0.00010000000000000003	0.00010000000000000003	0.00010000000000000003	0.00010000000000000003	0.00010000000000000003
22	0.00010000000000000003	0.00010000000000000003	0.00010000000000000003	0.00010000000000000003	0.00010000000000000003	0.00010000000000000003	0.00010000000000000003	0.00010000000000000003	0.00010000000000000003	0.00010000000000000003	0.00010000000000000003	0.00010000000000000003	0.00010000000000000003	0.00010000000000000003	0.00010000000000000003	0.00010000000000000003
23	0.00010000000000000003	0.00010000000000000003	0.00010000000000000003	0.00010000000000000003	0.00010000000000000003	0.00010000000000000003	0.00010000000000000003	0.00010000000000000003	0.00010000000000000003	0.00010000000000000003	0.00010000000000000003	0.00010000000000000003	0.00010000000000000003	0.00010000000000000003	0.00010000000000000003	0.00010000000000000003
24	0.00010000000000000003	0.00010000000000000003	0.00010000000000000003	0.00010000000000000003	0.00010000000000000003	0.00010000000000000003	0.00010000000000000003	0.00010000000000000003	0.00010000000000000003	0.00010000000000000003	0.00010000000000000003	0.00010000000000000003	0.00010000000000000003	0.00010000000000000003	0.00010000000000000003	0.00010000000000000003
["HYDRO_DAM","C4",*,*] :	1	2	3	4	5	6	7	8	9	10	11	12	13	14	15	16 := 
1	0.00010000000000000003	0.00010000000000000003	0.00010000000000000003	0.00010000000000000003	0.00010000000000000003	0.00010000000000000003	0.00010000000000000003	0.00010000000000000003	0.00010000000000000003	0.00010000000000000003	0.00010000000000000003	0.00010000000000000003	0.00010000000000000003	0.00010000000000000003	0.00010000000000000003	0.00010000000000000003
2	0.00010000000000000003	0.00010000000000000003	0.00010000000000000003	0.00010000000000000003	0.00010000000000000003	0.00010000000000000003	0.00010000000000000003	0.00010000000000000003	0.00010000000000000003	0.00010000000000000003	0.00010000000000000003	0.00010000000000000003	0.00010000000000000003	0.00010000000000000003	0.00010000000000000003	0.00010000000000000003
3	0.00010000000000000003	0.00010000000000000003	0.00010000000000000003	0.00010000000000000003	0.00010000000000000003	0.00010000000000000003	0.00010000000000000003	0.00010000000000000003	0.00010000000000000003	0.00010000000000000003	0.00010000000000000003	0.00010000000000000003	0.00010000000000000003	0.00010000000000000003	0.00010000000000000003	0.00010000000000000003
4	0.00010000000000000003	0.00010000000000000003	0.00010000000000000003	0.00010000000000000003	0.00010000000000000003	0.00010000000000000003	0.00010000000000000003	0.00010000000000000003	0.00010000000000000003	0.00010000000000000003	0.00010000000000000003	0.00010000000000000003	0.00010000000000000003	0.00010000000000000003	0.00010000000000000003	0.00010000000000000003
5	0.00010000000000000003	0.00010000000000000003	0.00010000000000000003	0.00010000000000000003	0.00010000000000000003	0.00010000000000000003	0.00010000000000000003	0.00010000000000000003	0.00010000000000000003	0.00010000000000000003	0.00010000000000000003	0.00010000000000000003	0.00010000000000000003	0.00010000000000000003	0.00010000000000000003	0.00010000000000000003
6	0.00010000000000000003	0.00010000000000000003	0.00010000000000000003	0.00010000000000000003	0.00010000000000000003	0.00010000000000000003	0.00010000000000000003	0.00010000000000000003	0.00010000000000000003	0.00010000000000000003	0.00010000000000000003	0.00010000000000000003	0.00010000000000000003	0.00010000000000000003	0.00010000000000000003	0.00010000000000000003
7	0.00010000000000000003	0.00010000000000000003	0.00010000000000000003	0.00010000000000000003	0.00010000000000000003	0.00010000000000000003	0.00010000000000000003	0.00010000000000000003	0.00010000000000000003	0.00010000000000000003	0.00010000000000000003	0.00010000000000000003	0.00010000000000000003	0.00010000000000000003	0.00010000000000000003	0.00010000000000000003
8	0.00010000000000000003	0.00010000000000000003	0.00010000000000000003	0.00010000000000000003	0.00010000000000000003	0.00010000000000000003	0.00010000000000000003	0.00010000000000000003	0.00010000000000000003	0.00010000000000000003	0.00010000000000000003	0.00010000000000000003	0.00010000000000000003	0.00010000000000000003	0.00010000000000000003	0.00010000000000000003
9	0.00010000000000000003	0.00010000000000000003	0.00010000000000000003	0.00010000000000000003	0.00010000000000000003	0.00010000000000000003	0.00010000000000000003	0.00010000000000000003	0.00010000000000000003	0.00010000000000000003	0.00010000000000000003	0.00010000000000000003	0.00010000000000000003	0.00010000000000000003	0.00010000000000000003	0.00010000000000000003
10	0.00010000000000000003	0.00010000000000000003	0.00010000000000000003	0.00010000000000000003	0.00010000000000000003	0.00010000000000000003	0.00010000000000000003	0.00010000000000000003	0.00010000000000000003	0.00010000000000000003	0.00010000000000000003	0.00010000000000000003	0.00010000000000000003	0.00010000000000000003	0.00010000000000000003	0.00010000000000000003
11	0.00010000000000000003	0.00010000000000000003	0.00010000000000000003	0.00010000000000000003	0.00010000000000000003	0.00010000000000000003	0.00010000000000000003	0.00010000000000000003	0.00010000000000000003	0.00010000000000000003	0.00010000000000000003	0.00010000000000000003	0.00010000000000000003	0.00010000000000000003	0.00010000000000000003	0.00010000000000000003
12	0.00010000000000000003	0.00010000000000000003	0.00010000000000000003	0.00010000000000000003	0.00010000000000000003	0.00010000000000000003	0.00010000000000000003	0.00010000000000000003	0.00010000000000000003	0.00010000000000000003	0.00010000000000000003	0.00010000000000000003	0.00010000000000000003	0.00010000000000000003	0.00010000000000000003	0.00010000000000000003
13	0.00010000000000000003	0.00010000000000000003	0.00010000000000000003	0.00010000000000000003	0.00010000000000000003	0.00010000000000000003	0.00010000000000000003	0.00010000000000000003	0.00010000000000000003	0.00010000000000000003	0.00010000000000000003	0.00010000000000000003	0.00010000000000000003	0.00010000000000000003	0.00010000000000000003	0.00010000000000000003
14	0.00010000000000000003	0.00010000000000000003	0.00010000000000000003	0.00010000000000000003	0.00010000000000000003	0.00010000000000000003	0.00010000000000000003	0.00010000000000000003	0.00010000000000000003	0.00010000000000000003	0.00010000000000000003	0.00010000000000000003	0.00010000000000000003	0.00010000000000000003	0.00010000000000000003	0.00010000000000000003
15	0.00010000000000000003	0.00010000000000000003	0.00010000000000000003	0.00010000000000000003	0.00010000000000000003	0.00010000000000000003	0.00010000000000000003	0.00010000000000000003	0.00010000000000000003	0.00010000000000000003	0.00010000000000000003	0.00010000000000000003	0.00010000000000000003	0.00010000000000000003	0.00010000000000000003	0.00010000000000000003
16	0.00010000000000000003	0.00010000000000000003	0.00010000000000000003	0.00010000000000000003	0.00010000000000000003	0.00010000000000000003	0.00010000000000000003	0.00010000000000000003	0.00010000000000000003	0.00010000000000000003	0.00010000000000000003	0.00010000000000000003	0.00010000000000000003	0.00010000000000000003	0.00010000000000000003	0.00010000000000000003
17	0.00010000000000000003	0.00010000000000000003	0.00010000000000000003	0.00010000000000000003	0.00010000000000000003	0.00010000000000000003	0.00010000000000000003	0.00010000000000000003	0.00010000000000000003	0.00010000000000000003	0.00010000000000000003	0.00010000000000000003	0.00010000000000000003	0.00010000000000000003	0.00010000000000000003	0.00010000000000000003
18	0.00010000000000000003	0.00010000000000000003	0.00010000000000000003	0.00010000000000000003	0.00010000000000000003	0.00010000000000000003	0.00010000000000000003	0.00010000000000000003	0.00010000000000000003	0.00010000000000000003	0.00010000000000000003	0.00010000000000000003	0.00010000000000000003	0.00010000000000000003	0.00010000000000000003	0.00010000000000000003
19	0.00010000000000000003	0.00010000000000000003	0.00010000000000000003	0.00010000000000000003	0.00010000000000000003	0.00010000000000000003	0.00010000000000000003	0.00010000000000000003	0.00010000000000000003	0.00010000000000000003	0.00010000000000000003	0.00010000000000000003	0.00010000000000000003	0.00010000000000000003	0.00010000000000000003	0.00010000000000000003
20	0.00010000000000000003	0.00010000000000000003	0.00010000000000000003	0.00010000000000000003	0.00010000000000000003	0.00010000000000000003	0.00010000000000000003	0.00010000000000000003	0.00010000000000000003	0.00010000000000000003	0.00010000000000000003	0.00010000000000000003	0.00010000000000000003	0.00010000000000000003	0.00010000000000000003	0.00010000000000000003
21	0.00010000000000000003	0.00010000000000000003	0.00010000000000000003	0.00010000000000000003	0.00010000000000000003	0.00010000000000000003	0.00010000000000000003	0.00010000000000000003	0.00010000000000000003	0.00010000000000000003	0.00010000000000000003	0.00010000000000000003	0.00010000000000000003	0.00010000000000000003	0.00010000000000000003	0.00010000000000000003
22	0.00010000000000000003	0.00010000000000000003	0.00010000000000000003	0.00010000000000000003	0.00010000000000000003	0.00010000000000000003	0.00010000000000000003	0.00010000000000000003	0.00010000000000000003	0.00010000000000000003	0.00010000000000000003	0.00010000000000000003	0.00010000000000000003	0.00010000000000000003	0.00010000000000000003	0.00010000000000000003
23	0.00010000000000000003	0.00010000000000000003	0.00010000000000000003	0.00010000000000000003	0.00010000000000000003	0.00010000000000000003	0.00010000000000000003	0.00010000000000000003	0.00010000000000000003	0.00010000000000000003	0.00010000000000000003	0.00010000000000000003	0.00010000000000000003	0.00010000000000000003	0.00010000000000000003	0.00010000000000000003
24	0.00010000000000000003	0.00010000000000000003	0.00010000000000000003	0.00010000000000000003	0.00010000000000000003	0.00010000000000000003	0.00010000000000000003	0.00010000000000000003	0.00010000000000000003	0.00010000000000000003	0.00010000000000000003	0.00010000000000000003	0.00010000000000000003	0.00010000000000000003	0.00010000000000000003	0.00010000000000000003
["HYDRO_DAM","C5",*,*] :	1	2	3	4	5	6	7	8	9	10	11	12	13	14	15	16 := 
1	0.00010000000000000003	0.00010000000000000003	0.00010000000000000003	0.00010000000000000003	0.00010000000000000003	0.00010000000000000003	0.00010000000000000003	0.00010000000000000003	0.00010000000000000003	0.00010000000000000003	0.00010000000000000003	0.00010000000000000003	0.00010000000000000003	0.00010000000000000003	0.00010000000000000003	0.00010000000000000003
2	0.00010000000000000003	0.00010000000000000003	0.00010000000000000003	0.00010000000000000003	0.00010000000000000003	0.00010000000000000003	0.00010000000000000003	0.00010000000000000003	0.00010000000000000003	0.00010000000000000003	0.00010000000000000003	0.00010000000000000003	0.00010000000000000003	0.00010000000000000003	0.00010000000000000003	0.00010000000000000003
3	0.00010000000000000003	0.00010000000000000003	0.00010000000000000003	0.00010000000000000003	0.00010000000000000003	0.00010000000000000003	0.00010000000000000003	0.00010000000000000003	0.00010000000000000003	0.00010000000000000003	0.00010000000000000003	0.00010000000000000003	0.00010000000000000003	0.00010000000000000003	0.00010000000000000003	0.00010000000000000003
4	0.00010000000000000003	0.00010000000000000003	0.00010000000000000003	0.00010000000000000003	0.00010000000000000003	0.00010000000000000003	0.00010000000000000003	0.00010000000000000003	0.00010000000000000003	0.00010000000000000003	0.00010000000000000003	0.00010000000000000003	0.00010000000000000003	0.00010000000000000003	0.00010000000000000003	0.00010000000000000003
5	0.00010000000000000003	0.00010000000000000003	0.00010000000000000003	0.00010000000000000003	0.00010000000000000003	0.00010000000000000003	0.00010000000000000003	0.00010000000000000003	0.00010000000000000003	0.00010000000000000003	0.00010000000000000003	0.00010000000000000003	0.00010000000000000003	0.00010000000000000003	0.00010000000000000003	0.00010000000000000003
6	0.00010000000000000003	0.00010000000000000003	0.00010000000000000003	0.00010000000000000003	0.00010000000000000003	0.00010000000000000003	0.00010000000000000003	0.00010000000000000003	0.00010000000000000003	0.00010000000000000003	0.00010000000000000003	0.00010000000000000003	0.00010000000000000003	0.00010000000000000003	0.00010000000000000003	0.00010000000000000003
7	0.00010000000000000003	0.00010000000000000003	0.00010000000000000003	0.00010000000000000003	0.00010000000000000003	0.00010000000000000003	0.00010000000000000003	0.00010000000000000003	0.00010000000000000003	0.00010000000000000003	0.00010000000000000003	0.00010000000000000003	0.00010000000000000003	0.00010000000000000003	0.00010000000000000003	0.00010000000000000003
8	0.00010000000000000003	0.00010000000000000003	0.00010000000000000003	0.00010000000000000003	0.00010000000000000003	0.00010000000000000003	0.00010000000000000003	0.00010000000000000003	0.00010000000000000003	0.00010000000000000003	0.00010000000000000003	0.00010000000000000003	0.00010000000000000003	0.00010000000000000003	0.00010000000000000003	0.00010000000000000003
9	0.00010000000000000003	0.00010000000000000003	0.00010000000000000003	0.00010000000000000003	0.00010000000000000003	0.00010000000000000003	0.00010000000000000003	0.00010000000000000003	0.00010000000000000003	0.00010000000000000003	0.00010000000000000003	0.00010000000000000003	0.00010000000000000003	0.00010000000000000003	0.00010000000000000003	0.00010000000000000003
10	0.00010000000000000003	0.00010000000000000003	0.00010000000000000003	0.00010000000000000003	0.00010000000000000003	0.00010000000000000003	0.00010000000000000003	0.00010000000000000003	0.00010000000000000003	0.00010000000000000003	0.00010000000000000003	0.00010000000000000003	0.00010000000000000003	0.00010000000000000003	0.00010000000000000003	0.00010000000000000003
11	0.00010000000000000003	0.00010000000000000003	0.00010000000000000003	0.00010000000000000003	0.00010000000000000003	0.00010000000000000003	0.00010000000000000003	0.00010000000000000003	0.00010000000000000003	0.00010000000000000003	0.00010000000000000003	0.00010000000000000003	0.00010000000000000003	0.00010000000000000003	0.00010000000000000003	0.00010000000000000003
12	0.00010000000000000003	0.00010000000000000003	0.00010000000000000003	0.00010000000000000003	0.00010000000000000003	0.00010000000000000003	0.00010000000000000003	0.00010000000000000003	0.00010000000000000003	0.00010000000000000003	0.00010000000000000003	0.00010000000000000003	0.00010000000000000003	0.00010000000000000003	0.00010000000000000003	0.00010000000000000003
13	0.00010000000000000003	0.00010000000000000003	0.00010000000000000003	0.00010000000000000003	0.00010000000000000003	0.00010000000000000003	0.00010000000000000003	0.00010000000000000003	0.00010000000000000003	0.00010000000000000003	0.00010000000000000003	0.00010000000000000003	0.00010000000000000003	0.00010000000000000003	0.00010000000000000003	0.00010000000000000003
14	0.00010000000000000003	0.00010000000000000003	0.00010000000000000003	0.00010000000000000003	0.00010000000000000003	0.00010000000000000003	0.00010000000000000003	0.00010000000000000003	0.00010000000000000003	0.00010000000000000003	0.00010000000000000003	0.00010000000000000003	0.00010000000000000003	0.00010000000000000003	0.00010000000000000003	0.00010000000000000003
15	0.00010000000000000003	0.00010000000000000003	0.00010000000000000003	0.00010000000000000003	0.00010000000000000003	0.00010000000000000003	0.00010000000000000003	0.00010000000000000003	0.00010000000000000003	0.00010000000000000003	0.00010000000000000003	0.00010000000000000003	0.00010000000000000003	0.00010000000000000003	0.00010000000000000003	0.00010000000000000003
16	0.00010000000000000003	0.00010000000000000003	0.00010000000000000003	0.00010000000000000003	0.00010000000000000003	0.00010000000000000003	0.00010000000000000003	0.00010000000000000003	0.00010000000000000003	0.00010000000000000003	0.00010000000000000003	0.00010000000000000003	0.00010000000000000003	0.00010000000000000003	0.00010000000000000003	0.00010000000000000003
17	0.00010000000000000003	0.00010000000000000003	0.00010000000000000003	0.00010000000000000003	0.00010000000000000003	0.00010000000000000003	0.00010000000000000003	0.00010000000000000003	0.00010000000000000003	0.00010000000000000003	0.00010000000000000003	0.00010000000000000003	0.00010000000000000003	0.00010000000000000003	0.00010000000000000003	0.00010000000000000003
18	0.00010000000000000003	0.00010000000000000003	0.00010000000000000003	0.00010000000000000003	0.00010000000000000003	0.00010000000000000003	0.00010000000000000003	0.00010000000000000003	0.00010000000000000003	0.00010000000000000003	0.00010000000000000003	0.00010000000000000003	0.00010000000000000003	0.00010000000000000003	0.00010000000000000003	0.00010000000000000003
19	0.00010000000000000003	0.00010000000000000003	0.00010000000000000003	0.00010000000000000003	0.00010000000000000003	0.00010000000000000003	0.00010000000000000003	0.00010000000000000003	0.00010000000000000003	0.00010000000000000003	0.00010000000000000003	0.00010000000000000003	0.00010000000000000003	0.00010000000000000003	0.00010000000000000003	0.00010000000000000003
20	0.00010000000000000003	0.00010000000000000003	0.00010000000000000003	0.00010000000000000003	0.00010000000000000003	0.00010000000000000003	0.00010000000000000003	0.00010000000000000003	0.00010000000000000003	0.00010000000000000003	0.00010000000000000003	0.00010000000000000003	0.00010000000000000003	0.00010000000000000003	0.00010000000000000003	0.00010000000000000003
21	0.00010000000000000003	0.00010000000000000003	0.00010000000000000003	0.00010000000000000003	0.00010000000000000003	0.00010000000000000003	0.00010000000000000003	0.00010000000000000003	0.00010000000000000003	0.00010000000000000003	0.00010000000000000003	0.00010000000000000003	0.00010000000000000003	0.00010000000000000003	0.00010000000000000003	0.00010000000000000003
22	0.00010000000000000003	0.00010000000000000003	0.00010000000000000003	0.00010000000000000003	0.00010000000000000003	0.00010000000000000003	0.00010000000000000003	0.00010000000000000003	0.00010000000000000003	0.00010000000000000003	0.00010000000000000003	0.00010000000000000003	0.00010000000000000003	0.00010000000000000003	0.00010000000000000003	0.00010000000000000003
23	0.00010000000000000003	0.00010000000000000003	0.00010000000000000003	0.00010000000000000003	0.00010000000000000003	0.00010000000000000003	0.00010000000000000003	0.00010000000000000003	0.00010000000000000003	0.00010000000000000003	0.00010000000000000003	0.00010000000000000003	0.00010000000000000003	0.00010000000000000003	0.00010000000000000003	0.00010000000000000003
24	0.00010000000000000003	0.00010000000000000003	0.00010000000000000003	0.00010000000000000003	0.00010000000000000003	0.00010000000000000003	0.00010000000000000003	0.00010000000000000003	0.00010000000000000003	0.00010000000000000003	0.00010000000000000003	0.00010000000000000003	0.00010000000000000003	0.00010000000000000003	0.00010000000000000003	0.00010000000000000003
["HYDRO_RIVER","C1",*,*] :	1	2	3	4	5	6	7	8	9	10	11	12	13	14	15	16 := 
1	0.00010000000000000003	0.00010000000000000003	0.00010000000000000003	0.00010000000000000003	0.00010000000000000003	0.00010000000000000003	0.00010000000000000003	0.00010000000000000003	0.00010000000000000003	0.00010000000000000003	0.00010000000000000003	0.00010000000000000003	0.00010000000000000003	0.00010000000000000003	0.00010000000000000003	0.00010000000000000003
2	0.00010000000000000003	0.00010000000000000003	0.00010000000000000003	0.00010000000000000003	0.00010000000000000003	0.00010000000000000003	0.00010000000000000003	0.00010000000000000003	0.00010000000000000003	0.00010000000000000003	0.00010000000000000003	0.00010000000000000003	0.00010000000000000003	0.00010000000000000003	0.00010000000000000003	0.00010000000000000003
3	0.00010000000000000003	0.00010000000000000003	0.00010000000000000003	0.00010000000000000003	0.00010000000000000003	0.00010000000000000003	0.00010000000000000003	0.00010000000000000003	0.00010000000000000003	0.00010000000000000003	0.00010000000000000003	0.00010000000000000003	0.00010000000000000003	0.00010000000000000003	0.00010000000000000003	0.00010000000000000003
4	0.00010000000000000003	0.00010000000000000003	0.00010000000000000003	0.00010000000000000003	0.00010000000000000003	0.00010000000000000003	0.00010000000000000003	0.00010000000000000003	0.00010000000000000003	0.00010000000000000003	0.00010000000000000003	0.00010000000000000003	0.00010000000000000003	0.00010000000000000003	0.00010000000000000003	0.00010000000000000003
5	0.00010000000000000003	0.00010000000000000003	0.00010000000000000003	0.00010000000000000003	0.00010000000000000003	0.00010000000000000003	0.00010000000000000003	0.00010000000000000003	0.00010000000000000003	0.00010000000000000003	0.00010000000000000003	0.00010000000000000003	0.00010000000000000003	0.00010000000000000003	0.00010000000000000003	0.00010000000000000003
6	0.00010000000000000003	0.00010000000000000003	0.00010000000000000003	0.00010000000000000003	0.00010000000000000003	0.00010000000000000003	0.00010000000000000003	0.00010000000000000003	0.00010000000000000003	0.00010000000000000003	0.00010000000000000003	0.00010000000000000003	0.00010000000000000003	0.00010000000000000003	0.00010000000000000003	0.00010000000000000003
7	0.00010000000000000003	0.00010000000000000003	0.00010000000000000003	0.00010000000000000003	0.00010000000000000003	0.00010000000000000003	0.00010000000000000003	0.00010000000000000003	0.00010000000000000003	0.00010000000000000003	0.00010000000000000003	0.00010000000000000003	0.00010000000000000003	0.00010000000000000003	0.00010000000000000003	0.00010000000000000003
8	0.00010000000000000003	0.00010000000000000003	0.00010000000000000003	0.00010000000000000003	0.00010000000000000003	0.00010000000000000003	0.00010000000000000003	0.00010000000000000003	0.00010000000000000003	0.00010000000000000003	0.00010000000000000003	0.00010000000000000003	0.00010000000000000003	0.00010000000000000003	0.00010000000000000003	0.00010000000000000003
9	0.00010000000000000003	0.00010000000000000003	0.00010000000000000003	0.00010000000000000003	0.00010000000000000003	0.00010000000000000003	0.00010000000000000003	0.00010000000000000003	0.00010000000000000003	0.00010000000000000003	0.00010000000000000003	0.00010000000000000003	0.00010000000000000003	0.00010000000000000003	0.00010000000000000003	0.00010000000000000003
10	0.00010000000000000003	0.00010000000000000003	0.00010000000000000003	0.00010000000000000003	0.00010000000000000003	0.00010000000000000003	0.00010000000000000003	0.00010000000000000003	0.00010000000000000003	0.00010000000000000003	0.00010000000000000003	0.00010000000000000003	0.00010000000000000003	0.00010000000000000003	0.00010000000000000003	0.00010000000000000003
11	0.00010000000000000003	0.00010000000000000003	0.00010000000000000003	0.00010000000000000003	0.00010000000000000003	0.00010000000000000003	0.00010000000000000003	0.00010000000000000003	0.00010000000000000003	0.00010000000000000003	0.00010000000000000003	0.00010000000000000003	0.00010000000000000003	0.00010000000000000003	0.00010000000000000003	0.00010000000000000003
12	0.00010000000000000003	0.00010000000000000003	0.00010000000000000003	0.00010000000000000003	0.00010000000000000003	0.00010000000000000003	0.00010000000000000003	0.00010000000000000003	0.00010000000000000003	0.00010000000000000003	0.00010000000000000003	0.00010000000000000003	0.00010000000000000003	0.00010000000000000003	0.00010000000000000003	0.00010000000000000003
13	0.00010000000000000003	0.00010000000000000003	0.00010000000000000003	0.00010000000000000003	0.00010000000000000003	0.00010000000000000003	0.00010000000000000003	0.00010000000000000003	0.00010000000000000003	0.00010000000000000003	0.00010000000000000003	0.00010000000000000003	0.00010000000000000003	0.00010000000000000003	0.00010000000000000003	0.00010000000000000003
14	0.00010000000000000003	0.00010000000000000003	0.00010000000000000003	0.00010000000000000003	0.00010000000000000003	0.00010000000000000003	0.00010000000000000003	0.00010000000000000003	0.00010000000000000003	0.00010000000000000003	0.00010000000000000003	0.00010000000000000003	0.00010000000000000003	0.00010000000000000003	0.00010000000000000003	0.00010000000000000003
15	0.00010000000000000003	0.00010000000000000003	0.00010000000000000003	0.00010000000000000003	0.00010000000000000003	0.00010000000000000003	0.00010000000000000003	0.00010000000000000003	0.00010000000000000003	0.00010000000000000003	0.00010000000000000003	0.00010000000000000003	0.00010000000000000003	0.00010000000000000003	0.00010000000000000003	0.00010000000000000003
16	0.00010000000000000003	0.00010000000000000003	0.00010000000000000003	0.00010000000000000003	0.00010000000000000003	0.00010000000000000003	0.00010000000000000003	0.00010000000000000003	0.00010000000000000003	0.00010000000000000003	0.00010000000000000003	0.00010000000000000003	0.00010000000000000003	0.00010000000000000003	0.00010000000000000003	0.00010000000000000003
17	0.00010000000000000003	0.00010000000000000003	0.00010000000000000003	0.00010000000000000003	0.00010000000000000003	0.00010000000000000003	0.00010000000000000003	0.00010000000000000003	0.00010000000000000003	0.00010000000000000003	0.00010000000000000003	0.00010000000000000003	0.00010000000000000003	0.00010000000000000003	0.00010000000000000003	0.00010000000000000003
18	0.00010000000000000003	0.00010000000000000003	0.00010000000000000003	0.00010000000000000003	0.00010000000000000003	0.00010000000000000003	0.00010000000000000003	0.00010000000000000003	0.00010000000000000003	0.00010000000000000003	0.00010000000000000003	0.00010000000000000003	0.00010000000000000003	0.00010000000000000003	0.00010000000000000003	0.00010000000000000003
19	0.00010000000000000003	0.00010000000000000003	0.00010000000000000003	0.00010000000000000003	0.00010000000000000003	0.00010000000000000003	0.00010000000000000003	0.00010000000000000003	0.00010000000000000003	0.00010000000000000003	0.00010000000000000003	0.00010000000000000003	0.00010000000000000003	0.00010000000000000003	0.00010000000000000003	0.00010000000000000003
20	0.00010000000000000003	0.00010000000000000003	0.00010000000000000003	0.00010000000000000003	0.00010000000000000003	0.00010000000000000003	0.00010000000000000003	0.00010000000000000003	0.00010000000000000003	0.00010000000000000003	0.00010000000000000003	0.00010000000000000003	0.00010000000000000003	0.00010000000000000003	0.00010000000000000003	0.00010000000000000003
21	0.00010000000000000003	0.00010000000000000003	0.00010000000000000003	0.00010000000000000003	0.00010000000000000003	0.00010000000000000003	0.00010000000000000003	0.00010000000000000003	0.00010000000000000003	0.00010000000000000003	0.00010000000000000003	0.00010000000000000003	0.00010000000000000003	0.00010000000000000003	0.00010000000000000003	0.00010000000000000003
22	0.00010000000000000003	0.00010000000000000003	0.00010000000000000003	0.00010000000000000003	0.00010000000000000003	0.00010000000000000003	0.00010000000000000003	0.00010000000000000003	0.00010000000000000003	0.00010000000000000003	0.00010000000000000003	0.00010000000000000003	0.00010000000000000003	0.00010000000000000003	0.00010000000000000003	0.00010000000000000003
23	0.00010000000000000003	0.00010000000000000003	0.00010000000000000003	0.00010000000000000003	0.00010000000000000003	0.00010000000000000003	0.00010000000000000003	0.00010000000000000003	0.00010000000000000003	0.00010000000000000003	0.00010000000000000003	0.00010000000000000003	0.00010000000000000003	0.00010000000000000003	0.00010000000000000003	0.00010000000000000003
24	0.00010000000000000003	0.00010000000000000003	0.00010000000000000003	0.00010000000000000003	0.00010000000000000003	0.00010000000000000003	0.00010000000000000003	0.00010000000000000003	0.00010000000000000003	0.00010000000000000003	0.00010000000000000003	0.00010000000000000003	0.00010000000000000003	0.00010000000000000003	0.00010000000000000003	0.00010000000000000003
["HYDRO_RIVER","C2",*,*] :	1	2	3	4	5	6	7	8	9	10	11	12	13	14	15	16 := 
1	0.00010000000000000003	0.00010000000000000003	0.00010000000000000003	0.00010000000000000003	0.00010000000000000003	0.00010000000000000003	0.00010000000000000003	0.00010000000000000003	0.00010000000000000003	0.00010000000000000003	0.00010000000000000003	0.00010000000000000003	0.00010000000000000003	0.00010000000000000003	0.00010000000000000003	0.00010000000000000003
2	0.00010000000000000003	0.00010000000000000003	0.00010000000000000003	0.00010000000000000003	0.00010000000000000003	0.00010000000000000003	0.00010000000000000003	0.00010000000000000003	0.00010000000000000003	0.00010000000000000003	0.00010000000000000003	0.00010000000000000003	0.00010000000000000003	0.00010000000000000003	0.00010000000000000003	0.00010000000000000003
3	0.00010000000000000003	0.00010000000000000003	0.00010000000000000003	0.00010000000000000003	0.00010000000000000003	0.00010000000000000003	0.00010000000000000003	0.00010000000000000003	0.00010000000000000003	0.00010000000000000003	0.00010000000000000003	0.00010000000000000003	0.00010000000000000003	0.00010000000000000003	0.00010000000000000003	0.00010000000000000003
4	0.00010000000000000003	0.00010000000000000003	0.00010000000000000003	0.00010000000000000003	0.00010000000000000003	0.00010000000000000003	0.00010000000000000003	0.00010000000000000003	0.00010000000000000003	0.00010000000000000003	0.00010000000000000003	0.00010000000000000003	0.00010000000000000003	0.00010000000000000003	0.00010000000000000003	0.00010000000000000003
5	0.00010000000000000003	0.00010000000000000003	0.00010000000000000003	0.00010000000000000003	0.00010000000000000003	0.00010000000000000003	0.00010000000000000003	0.00010000000000000003	0.00010000000000000003	0.00010000000000000003	0.00010000000000000003	0.00010000000000000003	0.00010000000000000003	0.00010000000000000003	0.00010000000000000003	0.00010000000000000003
6	0.00010000000000000003	0.00010000000000000003	0.00010000000000000003	0.00010000000000000003	0.00010000000000000003	0.00010000000000000003	0.00010000000000000003	0.00010000000000000003	0.00010000000000000003	0.00010000000000000003	0.00010000000000000003	0.00010000000000000003	0.00010000000000000003	0.00010000000000000003	0.00010000000000000003	0.00010000000000000003
7	0.00010000000000000003	0.00010000000000000003	0.00010000000000000003	0.00010000000000000003	0.00010000000000000003	0.00010000000000000003	0.00010000000000000003	0.00010000000000000003	0.00010000000000000003	0.00010000000000000003	0.00010000000000000003	0.00010000000000000003	0.00010000000000000003	0.00010000000000000003	0.00010000000000000003	0.00010000000000000003
8	0.00010000000000000003	0.00010000000000000003	0.00010000000000000003	0.00010000000000000003	0.00010000000000000003	0.00010000000000000003	0.00010000000000000003	0.00010000000000000003	0.00010000000000000003	0.00010000000000000003	0.00010000000000000003	0.00010000000000000003	0.00010000000000000003	0.00010000000000000003	0.00010000000000000003	0.00010000000000000003
9	0.00010000000000000003	0.00010000000000000003	0.00010000000000000003	0.00010000000000000003	0.00010000000000000003	0.00010000000000000003	0.00010000000000000003	0.00010000000000000003	0.00010000000000000003	0.00010000000000000003	0.00010000000000000003	0.00010000000000000003	0.00010000000000000003	0.00010000000000000003	0.00010000000000000003	0.00010000000000000003
10	0.00010000000000000003	0.00010000000000000003	0.00010000000000000003	0.00010000000000000003	0.00010000000000000003	0.00010000000000000003	0.00010000000000000003	0.00010000000000000003	0.00010000000000000003	0.00010000000000000003	0.00010000000000000003	0.00010000000000000003	0.00010000000000000003	0.00010000000000000003	0.00010000000000000003	0.00010000000000000003
11	0.00010000000000000003	0.00010000000000000003	0.00010000000000000003	0.00010000000000000003	0.00010000000000000003	0.00010000000000000003	0.00010000000000000003	0.00010000000000000003	0.00010000000000000003	0.00010000000000000003	0.00010000000000000003	0.00010000000000000003	0.00010000000000000003	0.00010000000000000003	0.00010000000000000003	0.00010000000000000003
12	0.00010000000000000003	0.00010000000000000003	0.00010000000000000003	0.00010000000000000003	0.00010000000000000003	0.00010000000000000003	0.00010000000000000003	0.00010000000000000003	0.00010000000000000003	0.00010000000000000003	0.00010000000000000003	0.00010000000000000003	0.00010000000000000003	0.00010000000000000003	0.00010000000000000003	0.00010000000000000003
13	0.00010000000000000003	0.00010000000000000003	0.00010000000000000003	0.00010000000000000003	0.00010000000000000003	0.00010000000000000003	0.00010000000000000003	0.00010000000000000003	0.00010000000000000003	0.00010000000000000003	0.00010000000000000003	0.00010000000000000003	0.00010000000000000003	0.00010000000000000003	0.00010000000000000003	0.00010000000000000003
14	0.00010000000000000003	0.00010000000000000003	0.00010000000000000003	0.00010000000000000003	0.00010000000000000003	0.00010000000000000003	0.00010000000000000003	0.00010000000000000003	0.00010000000000000003	0.00010000000000000003	0.00010000000000000003	0.00010000000000000003	0.00010000000000000003	0.00010000000000000003	0.00010000000000000003	0.00010000000000000003
15	0.00010000000000000003	0.00010000000000000003	0.00010000000000000003	0.00010000000000000003	0.00010000000000000003	0.00010000000000000003	0.00010000000000000003	0.00010000000000000003	0.00010000000000000003	0.00010000000000000003	0.00010000000000000003	0.00010000000000000003	0.00010000000000000003	0.00010000000000000003	0.00010000000000000003	0.00010000000000000003
16	0.00010000000000000003	0.00010000000000000003	0.00010000000000000003	0.00010000000000000003	0.00010000000000000003	0.00010000000000000003	0.00010000000000000003	0.00010000000000000003	0.00010000000000000003	0.00010000000000000003	0.00010000000000000003	0.00010000000000000003	0.00010000000000000003	0.00010000000000000003	0.00010000000000000003	0.00010000000000000003
17	0.00010000000000000003	0.00010000000000000003	0.00010000000000000003	0.00010000000000000003	0.00010000000000000003	0.00010000000000000003	0.00010000000000000003	0.00010000000000000003	0.00010000000000000003	0.00010000000000000003	0.00010000000000000003	0.00010000000000000003	0.00010000000000000003	0.00010000000000000003	0.00010000000000000003	0.00010000000000000003
18	0.00010000000000000003	0.00010000000000000003	0.00010000000000000003	0.00010000000000000003	0.00010000000000000003	0.00010000000000000003	0.00010000000000000003	0.00010000000000000003	0.00010000000000000003	0.00010000000000000003	0.00010000000000000003	0.00010000000000000003	0.00010000000000000003	0.00010000000000000003	0.00010000000000000003	0.00010000000000000003
19	0.00010000000000000003	0.00010000000000000003	0.00010000000000000003	0.00010000000000000003	0.00010000000000000003	0.00010000000000000003	0.00010000000000000003	0.00010000000000000003	0.00010000000000000003	0.00010000000000000003	0.00010000000000000003	0.00010000000000000003	0.00010000000000000003	0.00010000000000000003	0.00010000000000000003	0.00010000000000000003
20	0.00010000000000000003	0.00010000000000000003	0.00010000000000000003	0.00010000000000000003	0.00010000000000000003	0.00010000000000000003	0.00010000000000000003	0.00010000000000000003	0.00010000000000000003	0.00010000000000000003	0.00010000000000000003	0.00010000000000000003	0.00010000000000000003	0.00010000000000000003	0.00010000000000000003	0.00010000000000000003
21	0.00010000000000000003	0.00010000000000000003	0.00010000000000000003	0.00010000000000000003	0.00010000000000000003	0.00010000000000000003	0.00010000000000000003	0.00010000000000000003	0.00010000000000000003	0.00010000000000000003	0.00010000000000000003	0.00010000000000000003	0.00010000000000000003	0.00010000000000000003	0.00010000000000000003	0.00010000000000000003
22	0.00010000000000000003	0.00010000000000000003	0.00010000000000000003	0.00010000000000000003	0.00010000000000000003	0.00010000000000000003	0.00010000000000000003	0.00010000000000000003	0.00010000000000000003	0.00010000000000000003	0.00010000000000000003	0.00010000000000000003	0.00010000000000000003	0.00010000000000000003	0.00010000000000000003	0.00010000000000000003
23	0.00010000000000000003	0.00010000000000000003	0.00010000000000000003	0.00010000000000000003	0.00010000000000000003	0.00010000000000000003	0.00010000000000000003	0.00010000000000000003	0.00010000000000000003	0.00010000000000000003	0.00010000000000000003	0.00010000000000000003	0.00010000000000000003	0.00010000000000000003	0.00010000000000000003	0.00010000000000000003
24	0.00010000000000000003	0.00010000000000000003	0.00010000000000000003	0.00010000000000000003	0.00010000000000000003	0.00010000000000000003	0.00010000000000000003	0.00010000000000000003	0.00010000000000000003	0.00010000000000000003	0.00010000000000000003	0.00010000000000000003	0.00010000000000000003	0.00010000000000000003	0.00010000000000000003	0.00010000000000000003
["HYDRO_RIVER","C3",*,*] :	1	2	3	4	5	6	7	8	9	10	11	12	13	14	15	16 := 
1	0.00010000000000000003	0.00010000000000000003	0.00010000000000000003	0.00010000000000000003	0.00010000000000000003	0.00010000000000000003	0.00010000000000000003	0.00010000000000000003	0.00010000000000000003	0.00010000000000000003	0.00010000000000000003	0.00010000000000000003	0.00010000000000000003	0.00010000000000000003	0.00010000000000000003	0.00010000000000000003
2	0.00010000000000000003	0.00010000000000000003	0.00010000000000000003	0.00010000000000000003	0.00010000000000000003	0.00010000000000000003	0.00010000000000000003	0.00010000000000000003	0.00010000000000000003	0.00010000000000000003	0.00010000000000000003	0.00010000000000000003	0.00010000000000000003	0.00010000000000000003	0.00010000000000000003	0.00010000000000000003
3	0.00010000000000000003	0.00010000000000000003	0.00010000000000000003	0.00010000000000000003	0.00010000000000000003	0.00010000000000000003	0.00010000000000000003	0.00010000000000000003	0.00010000000000000003	0.00010000000000000003	0.00010000000000000003	0.00010000000000000003	0.00010000000000000003	0.00010000000000000003	0.00010000000000000003	0.00010000000000000003
4	0.00010000000000000003	0.00010000000000000003	0.00010000000000000003	0.00010000000000000003	0.00010000000000000003	0.00010000000000000003	0.00010000000000000003	0.00010000000000000003	0.00010000000000000003	0.00010000000000000003	0.00010000000000000003	0.00010000000000000003	0.00010000000000000003	0.00010000000000000003	0.00010000000000000003	0.00010000000000000003
5	0.00010000000000000003	0.00010000000000000003	0.00010000000000000003	0.00010000000000000003	0.00010000000000000003	0.00010000000000000003	0.00010000000000000003	0.00010000000000000003	0.00010000000000000003	0.00010000000000000003	0.00010000000000000003	0.00010000000000000003	0.00010000000000000003	0.00010000000000000003	0.00010000000000000003	0.00010000000000000003
6	0.00010000000000000003	0.00010000000000000003	0.00010000000000000003	0.00010000000000000003	0.00010000000000000003	0.00010000000000000003	0.00010000000000000003	0.00010000000000000003	0.00010000000000000003	0.00010000000000000003	0.00010000000000000003	0.00010000000000000003	0.00010000000000000003	0.00010000000000000003	0.00010000000000000003	0.00010000000000000003
7	0.00010000000000000003	0.00010000000000000003	0.00010000000000000003	0.00010000000000000003	0.00010000000000000003	0.00010000000000000003	0.00010000000000000003	0.00010000000000000003	0.00010000000000000003	0.00010000000000000003	0.00010000000000000003	0.00010000000000000003	0.00010000000000000003	0.00010000000000000003	0.00010000000000000003	0.00010000000000000003
8	0.00010000000000000003	0.00010000000000000003	0.00010000000000000003	0.00010000000000000003	0.00010000000000000003	0.00010000000000000003	0.00010000000000000003	0.00010000000000000003	0.00010000000000000003	0.00010000000000000003	0.00010000000000000003	0.00010000000000000003	0.00010000000000000003	0.00010000000000000003	0.00010000000000000003	0.00010000000000000003
9	0.00010000000000000003	0.00010000000000000003	0.00010000000000000003	0.00010000000000000003	0.00010000000000000003	0.00010000000000000003	0.00010000000000000003	0.00010000000000000003	0.00010000000000000003	0.00010000000000000003	0.00010000000000000003	0.00010000000000000003	0.00010000000000000003	0.00010000000000000003	0.00010000000000000003	0.00010000000000000003
10	0.00010000000000000003	0.00010000000000000003	0.00010000000000000003	0.00010000000000000003	0.00010000000000000003	0.00010000000000000003	0.00010000000000000003	0.00010000000000000003	0.00010000000000000003	0.00010000000000000003	0.00010000000000000003	0.00010000000000000003	0.00010000000000000003	0.00010000000000000003	0.00010000000000000003	0.00010000000000000003
11	0.00010000000000000003	0.00010000000000000003	0.00010000000000000003	0.00010000000000000003	0.00010000000000000003	0.00010000000000000003	0.00010000000000000003	0.00010000000000000003	0.00010000000000000003	0.00010000000000000003	0.00010000000000000003	0.00010000000000000003	0.00010000000000000003	0.00010000000000000003	0.00010000000000000003	0.00010000000000000003
12	0.00010000000000000003	0.00010000000000000003	0.00010000000000000003	0.00010000000000000003	0.00010000000000000003	0.00010000000000000003	0.00010000000000000003	0.00010000000000000003	0.00010000000000000003	0.00010000000000000003	0.00010000000000000003	0.00010000000000000003	0.00010000000000000003	0.00010000000000000003	0.00010000000000000003	0.00010000000000000003
13	0.00010000000000000003	0.00010000000000000003	0.00010000000000000003	0.00010000000000000003	0.00010000000000000003	0.00010000000000000003	0.00010000000000000003	0.00010000000000000003	0.00010000000000000003	0.00010000000000000003	0.00010000000000000003	0.00010000000000000003	0.00010000000000000003	0.00010000000000000003	0.00010000000000000003	0.00010000000000000003
14	0.00010000000000000003	0.00010000000000000003	0.00010000000000000003	0.00010000000000000003	0.00010000000000000003	0.00010000000000000003	0.00010000000000000003	0.00010000000000000003	0.00010000000000000003	0.00010000000000000003	0.00010000000000000003	0.00010000000000000003	0.00010000000000000003	0.00010000000000000003	0.00010000000000000003	0.00010000000000000003
15	0.00010000000000000003	0.00010000000000000003	0.00010000000000000003	0.00010000000000000003	0.00010000000000000003	0.00010000000000000003	0.00010000000000000003	0.00010000000000000003	0.00010000000000000003	0.00010000000000000003	0.00010000000000000003	0.00010000000000000003	0.00010000000000000003	0.00010000000000000003	0.00010000000000000003	0.00010000000000000003
16	0.00010000000000000003	0.00010000000000000003	0.00010000000000000003	0.00010000000000000003	0.00010000000000000003	0.00010000000000000003	0.00010000000000000003	0.00010000000000000003	0.00010000000000000003	0.00010000000000000003	0.00010000000000000003	0.00010000000000000003	0.00010000000000000003	0.00010000000000000003	0.00010000000000000003	0.00010000000000000003
17	0.00010000000000000003	0.00010000000000000003	0.00010000000000000003	0.00010000000000000003	0.00010000000000000003	0.00010000000000000003	0.00010000000000000003	0.00010000000000000003	0.00010000000000000003	0.00010000000000000003	0.00010000000000000003	0.00010000000000000003	0.00010000000000000003	0.00010000000000000003	0.00010000000000000003	0.00010000000000000003
18	0.00010000000000000003	0.00010000000000000003	0.00010000000000000003	0.00010000000000000003	0.00010000000000000003	0.00010000000000000003	0.00010000000000000003	0.00010000000000000003	0.00010000000000000003	0.00010000000000000003	0.00010000000000000003	0.00010000000000000003	0.00010000000000000003	0.00010000000000000003	0.00010000000000000003	0.00010000000000000003
19	0.00010000000000000003	0.00010000000000000003	0.00010000000000000003	0.00010000000000000003	0.00010000000000000003	0.00010000000000000003	0.00010000000000000003	0.00010000000000000003	0.00010000000000000003	0.00010000000000000003	0.00010000000000000003	0.00010000000000000003	0.00010000000000000003	0.00010000000000000003	0.00010000000000000003	0.00010000000000000003
20	0.00010000000000000003	0.00010000000000000003	0.00010000000000000003	0.00010000000000000003	0.00010000000000000003	0.00010000000000000003	0.00010000000000000003	0.00010000000000000003	0.00010000000000000003	0.00010000000000000003	0.00010000000000000003	0.00010000000000000003	0.00010000000000000003	0.00010000000000000003	0.00010000000000000003	0.00010000000000000003
21	0.00010000000000000003	0.00010000000000000003	0.00010000000000000003	0.00010000000000000003	0.00010000000000000003	0.00010000000000000003	0.00010000000000000003	0.00010000000000000003	0.00010000000000000003	0.00010000000000000003	0.00010000000000000003	0.00010000000000000003	0.00010000000000000003	0.00010000000000000003	0.00010000000000000003	0.00010000000000000003
22	0.00010000000000000003	0.00010000000000000003	0.00010000000000000003	0.00010000000000000003	0.00010000000000000003	0.00010000000000000003	0.00010000000000000003	0.00010000000000000003	0.00010000000000000003	0.00010000000000000003	0.00010000000000000003	0.00010000000000000003	0.00010000000000000003	0.00010000000000000003	0.00010000000000000003	0.00010000000000000003
23	0.00010000000000000003	0.00010000000000000003	0.00010000000000000003	0.00010000000000000003	0.00010000000000000003	0.00010000000000000003	0.00010000000000000003	0.00010000000000000003	0.00010000000000000003	0.00010000000000000003	0.00010000000000000003	0.00010000000000000003	0.00010000000000000003	0.00010000000000000003	0.00010000000000000003	0.00010000000000000003
24	0.00010000000000000003	0.00010000000000000003	0.00010000000000000003	0.00010000000000000003	0.00010000000000000003	0.00010000000000000003	0.00010000000000000003	0.00010000000000000003	0.00010000000000000003	0.00010000000000000003	0.00010000000000000003	0.00010000000000000003	0.00010000000000000003	0.00010000000000000003	0.00010000000000000003	0.00010000000000000003
["HYDRO_RIVER","C4",*,*] :	1	2	3	4	5	6	7	8	9	10	11	12	13	14	15	16 := 
1	0.00010000000000000003	0.00010000000000000003	0.00010000000000000003	0.00010000000000000003	0.00010000000000000003	0.00010000000000000003	0.00010000000000000003	0.00010000000000000003	0.00010000000000000003	0.00010000000000000003	0.00010000000000000003	0.00010000000000000003	0.00010000000000000003	0.00010000000000000003	0.00010000000000000003	0.00010000000000000003
2	0.00010000000000000003	0.00010000000000000003	0.00010000000000000003	0.00010000000000000003	0.00010000000000000003	0.00010000000000000003	0.00010000000000000003	0.00010000000000000003	0.00010000000000000003	0.00010000000000000003	0.00010000000000000003	0.00010000000000000003	0.00010000000000000003	0.00010000000000000003	0.00010000000000000003	0.00010000000000000003
3	0.00010000000000000003	0.00010000000000000003	0.00010000000000000003	0.00010000000000000003	0.00010000000000000003	0.00010000000000000003	0.00010000000000000003	0.00010000000000000003	0.00010000000000000003	0.00010000000000000003	0.00010000000000000003	0.00010000000000000003	0.00010000000000000003	0.00010000000000000003	0.00010000000000000003	0.00010000000000000003
4	0.00010000000000000003	0.00010000000000000003	0.00010000000000000003	0.00010000000000000003	0.00010000000000000003	0.00010000000000000003	0.00010000000000000003	0.00010000000000000003	0.00010000000000000003	0.00010000000000000003	0.00010000000000000003	0.00010000000000000003	0.00010000000000000003	0.00010000000000000003	0.00010000000000000003	0.00010000000000000003
5	0.00010000000000000003	0.00010000000000000003	0.00010000000000000003	0.00010000000000000003	0.00010000000000000003	0.00010000000000000003	0.00010000000000000003	0.00010000000000000003	0.00010000000000000003	0.00010000000000000003	0.00010000000000000003	0.00010000000000000003	0.00010000000000000003	0.00010000000000000003	0.00010000000000000003	0.00010000000000000003
6	0.00010000000000000003	0.00010000000000000003	0.00010000000000000003	0.00010000000000000003	0.00010000000000000003	0.00010000000000000003	0.00010000000000000003	0.00010000000000000003	0.00010000000000000003	0.00010000000000000003	0.00010000000000000003	0.00010000000000000003	0.00010000000000000003	0.00010000000000000003	0.00010000000000000003	0.00010000000000000003
7	0.00010000000000000003	0.00010000000000000003	0.00010000000000000003	0.00010000000000000003	0.00010000000000000003	0.00010000000000000003	0.00010000000000000003	0.00010000000000000003	0.00010000000000000003	0.00010000000000000003	0.00010000000000000003	0.00010000000000000003	0.00010000000000000003	0.00010000000000000003	0.00010000000000000003	0.00010000000000000003
8	0.00010000000000000003	0.00010000000000000003	0.00010000000000000003	0.00010000000000000003	0.00010000000000000003	0.00010000000000000003	0.00010000000000000003	0.00010000000000000003	0.00010000000000000003	0.00010000000000000003	0.00010000000000000003	0.00010000000000000003	0.00010000000000000003	0.00010000000000000003	0.00010000000000000003	0.00010000000000000003
9	0.00010000000000000003	0.00010000000000000003	0.00010000000000000003	0.00010000000000000003	0.00010000000000000003	0.00010000000000000003	0.00010000000000000003	0.00010000000000000003	0.00010000000000000003	0.00010000000000000003	0.00010000000000000003	0.00010000000000000003	0.00010000000000000003	0.00010000000000000003	0.00010000000000000003	0.00010000000000000003
10	0.00010000000000000003	0.00010000000000000003	0.00010000000000000003	0.00010000000000000003	0.00010000000000000003	0.00010000000000000003	0.00010000000000000003	0.00010000000000000003	0.00010000000000000003	0.00010000000000000003	0.00010000000000000003	0.00010000000000000003	0.00010000000000000003	0.00010000000000000003	0.00010000000000000003	0.00010000000000000003
11	0.00010000000000000003	0.00010000000000000003	0.00010000000000000003	0.00010000000000000003	0.00010000000000000003	0.00010000000000000003	0.00010000000000000003	0.00010000000000000003	0.00010000000000000003	0.00010000000000000003	0.00010000000000000003	0.00010000000000000003	0.00010000000000000003	0.00010000000000000003	0.00010000000000000003	0.00010000000000000003
12	0.00010000000000000003	0.00010000000000000003	0.00010000000000000003	0.00010000000000000003	0.00010000000000000003	0.00010000000000000003	0.00010000000000000003	0.00010000000000000003	0.00010000000000000003	0.00010000000000000003	0.00010000000000000003	0.00010000000000000003	0.00010000000000000003	0.00010000000000000003	0.00010000000000000003	0.00010000000000000003
13	0.00010000000000000003	0.00010000000000000003	0.00010000000000000003	0.00010000000000000003	0.00010000000000000003	0.00010000000000000003	0.00010000000000000003	0.00010000000000000003	0.00010000000000000003	0.00010000000000000003	0.00010000000000000003	0.00010000000000000003	0.00010000000000000003	0.00010000000000000003	0.00010000000000000003	0.00010000000000000003
14	0.00010000000000000003	0.00010000000000000003	0.00010000000000000003	0.00010000000000000003	0.00010000000000000003	0.00010000000000000003	0.00010000000000000003	0.00010000000000000003	0.00010000000000000003	0.00010000000000000003	0.00010000000000000003	0.00010000000000000003	0.00010000000000000003	0.00010000000000000003	0.00010000000000000003	0.00010000000000000003
15	0.00010000000000000003	0.00010000000000000003	0.00010000000000000003	0.00010000000000000003	0.00010000000000000003	0.00010000000000000003	0.00010000000000000003	0.00010000000000000003	0.00010000000000000003	0.00010000000000000003	0.00010000000000000003	0.00010000000000000003	0.00010000000000000003	0.00010000000000000003	0.00010000000000000003	0.00010000000000000003
16	0.00010000000000000003	0.00010000000000000003	0.00010000000000000003	0.00010000000000000003	0.00010000000000000003	0.00010000000000000003	0.00010000000000000003	0.00010000000000000003	0.00010000000000000003	0.00010000000000000003	0.00010000000000000003	0.00010000000000000003	0.00010000000000000003	0.00010000000000000003	0.00010000000000000003	0.00010000000000000003
17	0.00010000000000000003	0.00010000000000000003	0.00010000000000000003	0.00010000000000000003	0.00010000000000000003	0.00010000000000000003	0.00010000000000000003	0.00010000000000000003	0.00010000000000000003	0.00010000000000000003	0.00010000000000000003	0.00010000000000000003	0.00010000000000000003	0.00010000000000000003	0.00010000000000000003	0.00010000000000000003
18	0.00010000000000000003	0.00010000000000000003	0.00010000000000000003	0.00010000000000000003	0.00010000000000000003	0.00010000000000000003	0.00010000000000000003	0.00010000000000000003	0.00010000000000000003	0.00010000000000000003	0.00010000000000000003	0.00010000000000000003	0.00010000000000000003	0.00010000000000000003	0.00010000000000000003	0.00010000000000000003
19	0.00010000000000000003	0.00010000000000000003	0.00010000000000000003	0.00010000000000000003	0.00010000000000000003	0.00010000000000000003	0.00010000000000000003	0.00010000000000000003	0.00010000000000000003	0.00010000000000000003	0.00010000000000000003	0.00010000000000000003	0.00010000000000000003	0.00010000000000000003	0.00010000000000000003	0.00010000000000000003
20	0.00010000000000000003	0.00010000000000000003	0.00010000000000000003	0.00010000000000000003	0.00010000000000000003	0.00010000000000000003	0.00010000000000000003	0.00010000000000000003	0.00010000000000000003	0.00010000000000000003	0.00010000000000000003	0.00010000000000000003	0.00010000000000000003	0.00010000000000000003	0.00010000000000000003	0.00010000000000000003
21	0.00010000000000000003	0.00010000000000000003	0.00010000000000000003	0.00010000000000000003	0.00010000000000000003	0.00010000000000000003	0.00010000000000000003	0.00010000000000000003	0.00010000000000000003	0.00010000000000000003	0.00010000000000000003	0.00010000000000000003	0.00010000000000000003	0.00010000000000000003	0.00010000000000000003	0.00010000000000000003
22	0.00010000000000000003	0.00010000000000000003	0.00010000000000000003	0.00010000000000000003	0.00010000000000000003	0.00010000000000000003	0.00010000000000000003	0.00010000000000000003	0.00010000000000000003	0.00010000000000000003	0.00010000000000000003	0.00010000000000000003	0.00010000000000000003	0.00010000000000000003	0.00010000000000000003	0.00010000000000000003
23	0.00010000000000000003	0.00010000000000000003	0.00010000000000000003	0.00010000000000000003	0.00010000000000000003	0.00010000000000000003	0.00010000000000000003	0.00010000000000000003	0.00010000000000000003	0.00010000000000000003	0.00010000000000000003	0.00010000000000000003	0.00010000000000000003	0.00010000000000000003	0.00010000000000000003	0.00010000000000000003
24	0.00010000000000000003	0.00010000000000000003	0.00010000000000000003	0.00010000000000000003	0.00010000000000000003	0.00010000000000000003	0.00010000000000000003	0.00010000000000000003	0.00010000000000000003	0.00010000000000000003	0.00010000000000000003	0.00010000000000000003	0.00010000000000000003	0.00010000000000000003	0.00010000000000000003	0.00010000000000000003
["HYDRO_RIVER","C5",*,*] :	1	2	3	4	5	6	7	8	9	10	11	12	13	14	15	16 := 
1	0.00010000000000000003	0.00010000000000000003	0.00010000000000000003	0.00010000000000000003	0.00010000000000000003	0.00010000000000000003	0.00010000000000000003	0.00010000000000000003	0.00010000000000000003	0.00010000000000000003	0.00010000000000000003	0.00010000000000000003	0.00010000000000000003	0.00010000000000000003	0.00010000000000000003	0.00010000000000000003
2	0.00010000000000000003	0.00010000000000000003	0.00010000000000000003	0.00010000000000000003	0.00010000000000000003	0.00010000000000000003	0.00010000000000000003	0.00010000000000000003	0.00010000000000000003	0.00010000000000000003	0.00010000000000000003	0.00010000000000000003	0.00010000000000000003	0.00010000000000000003	0.00010000000000000003	0.00010000000000000003
3	0.00010000000000000003	0.00010000000000000003	0.00010000000000000003	0.00010000000000000003	0.00010000000000000003	0.00010000000000000003	0.00010000000000000003	0.00010000000000000003	0.00010000000000000003	0.00010000000000000003	0.00010000000000000003	0.00010000000000000003	0.00010000000000000003	0.00010000000000000003	0.00010000000000000003	0.00010000000000000003
4	0.00010000000000000003	0.00010000000000000003	0.00010000000000000003	0.00010000000000000003	0.00010000000000000003	0.00010000000000000003	0.00010000000000000003	0.00010000000000000003	0.00010000000000000003	0.00010000000000000003	0.00010000000000000003	0.00010000000000000003	0.00010000000000000003	0.00010000000000000003	0.00010000000000000003	0.00010000000000000003
5	0.00010000000000000003	0.00010000000000000003	0.00010000000000000003	0.00010000000000000003	0.00010000000000000003	0.00010000000000000003	0.00010000000000000003	0.00010000000000000003	0.00010000000000000003	0.00010000000000000003	0.00010000000000000003	0.00010000000000000003	0.00010000000000000003	0.00010000000000000003	0.00010000000000000003	0.00010000000000000003
6	0.00010000000000000003	0.00010000000000000003	0.00010000000000000003	0.00010000000000000003	0.00010000000000000003	0.00010000000000000003	0.00010000000000000003	0.00010000000000000003	0.00010000000000000003	0.00010000000000000003	0.00010000000000000003	0.00010000000000000003	0.00010000000000000003	0.00010000000000000003	0.00010000000000000003	0.00010000000000000003
7	0.00010000000000000003	0.00010000000000000003	0.00010000000000000003	0.00010000000000000003	0.00010000000000000003	0.00010000000000000003	0.00010000000000000003	0.00010000000000000003	0.00010000000000000003	0.00010000000000000003	0.00010000000000000003	0.00010000000000000003	0.00010000000000000003	0.00010000000000000003	0.00010000000000000003	0.00010000000000000003
8	0.00010000000000000003	0.00010000000000000003	0.00010000000000000003	0.00010000000000000003	0.00010000000000000003	0.00010000000000000003	0.00010000000000000003	0.00010000000000000003	0.00010000000000000003	0.00010000000000000003	0.00010000000000000003	0.00010000000000000003	0.00010000000000000003	0.00010000000000000003	0.00010000000000000003	0.00010000000000000003
9	0.00010000000000000003	0.00010000000000000003	0.00010000000000000003	0.00010000000000000003	0.00010000000000000003	0.00010000000000000003	0.00010000000000000003	0.00010000000000000003	0.00010000000000000003	0.00010000000000000003	0.00010000000000000003	0.00010000000000000003	0.00010000000000000003	0.00010000000000000003	0.00010000000000000003	0.00010000000000000003
10	0.00010000000000000003	0.00010000000000000003	0.00010000000000000003	0.00010000000000000003	0.00010000000000000003	0.00010000000000000003	0.00010000000000000003	0.00010000000000000003	0.00010000000000000003	0.00010000000000000003	0.00010000000000000003	0.00010000000000000003	0.00010000000000000003	0.00010000000000000003	0.00010000000000000003	0.00010000000000000003
11	0.00010000000000000003	0.00010000000000000003	0.00010000000000000003	0.00010000000000000003	0.00010000000000000003	0.00010000000000000003	0.00010000000000000003	0.00010000000000000003	0.00010000000000000003	0.00010000000000000003	0.00010000000000000003	0.00010000000000000003	0.00010000000000000003	0.00010000000000000003	0.00010000000000000003	0.00010000000000000003
12	0.00010000000000000003	0.00010000000000000003	0.00010000000000000003	0.00010000000000000003	0.00010000000000000003	0.00010000000000000003	0.00010000000000000003	0.00010000000000000003	0.00010000000000000003	0.00010000000000000003	0.00010000000000000003	0.00010000000000000003	0.00010000000000000003	0.00010000000000000003	0.00010000000000000003	0.00010000000000000003
13	0.00010000000000000003	0.00010000000000000003	0.00010000000000000003	0.00010000000000000003	0.00010000000000000003	0.00010000000000000003	0.00010000000000000003	0.00010000000000000003	0.00010000000000000003	0.00010000000000000003	0.00010000000000000003	0.00010000000000000003	0.00010000000000000003	0.00010000000000000003	0.00010000000000000003	0.00010000000000000003
14	0.00010000000000000003	0.00010000000000000003	0.00010000000000000003	0.00010000000000000003	0.00010000000000000003	0.00010000000000000003	0.00010000000000000003	0.00010000000000000003	0.00010000000000000003	0.00010000000000000003	0.00010000000000000003	0.00010000000000000003	0.00010000000000000003	0.00010000000000000003	0.00010000000000000003	0.00010000000000000003
15	0.00010000000000000003	0.00010000000000000003	0.00010000000000000003	0.00010000000000000003	0.00010000000000000003	0.00010000000000000003	0.00010000000000000003	0.00010000000000000003	0.00010000000000000003	0.00010000000000000003	0.00010000000000000003	0.00010000000000000003	0.00010000000000000003	0.00010000000000000003	0.00010000000000000003	0.00010000000000000003
16	0.00010000000000000003	0.00010000000000000003	0.00010000000000000003	0.00010000000000000003	0.00010000000000000003	0.00010000000000000003	0.00010000000000000003	0.00010000000000000003	0.00010000000000000003	0.00010000000000000003	0.00010000000000000003	0.00010000000000000003	0.00010000000000000003	0.00010000000000000003	0.00010000000000000003	0.00010000000000000003
17	0.00010000000000000003	0.00010000000000000003	0.00010000000000000003	0.00010000000000000003	0.00010000000000000003	0.00010000000000000003	0.00010000000000000003	0.00010000000000000003	0.00010000000000000003	0.00010000000000000003	0.00010000000000000003	0.00010000000000000003	0.00010000000000000003	0.00010000000000000003	0.00010000000000000003	0.00010000000000000003
18	0.00010000000000000003	0.00010000000000000003	0.00010000000000000003	0.00010000000000000003	0.00010000000000000003	0.00010000000000000003	0.00010000000000000003	0.00010000000000000003	0.00010000000000000003	0.00010000000000000003	0.00010000000000000003	0.00010000000000000003	0.00010000000000000003	0.00010000000000000003	0.00010000000000000003	0.00010000000000000003
19	0.00010000000000000003	0.00010000000000000003	0.00010000000000000003	0.00010000000000000003	0.00010000000000000003	0.00010000000000000003	0.00010000000000000003	0.00010000000000000003	0.00010000000000000003	0.00010000000000000003	0.00010000000000000003	0.00010000000000000003	0.00010000000000000003	0.00010000000000000003	0.00010000000000000003	0.00010000000000000003
20	0.00010000000000000003	0.00010000000000000003	0.00010000000000000003	0.00010000000000000003	0.00010000000000000003	0.00010000000000000003	0.00010000000000000003	0.00010000000000000003	0.00010000000000000003	0.00010000000000000003	0.00010000000000000003	0.00010000000000000003	0.00010000000000000003	0.00010000000000000003	0.00010000000000000003	0.00010000000000000003
21	0.00010000000000000003	0.00010000000000000003	0.00010000000000000003	0.00010000000000000003	0.00010000000000000003	0.00010000000000000003	0.00010000000000000003	0.00010000000000000003	0.00010000000000000003	0.00010000000000000003	0.00010000000000000003	0.00010000000000000003	0.00010000000000000003	0.00010000000000000003	0.00010000000000000003	0.00010000000000000003
22	0.00010000000000000003	0.00010000000000000003	0.00010000000000000003	0.00010000000000000003	0.00010000000000000003	0.00010000000000000003	0.00010000000000000003	0.00010000000000000003	0.00010000000000000003	0.00010000000000000003	0.00010000000000000003	0.00010000000000000003	0.00010000000000000003	0.00010000000000000003	0.00010000000000000003	0.00010000000000000003
23	0.00010000000000000003	0.00010000000000000003	0.00010000000000000003	0.00010000000000000003	0.00010000000000000003	0.00010000000000000003	0.00010000000000000003	0.00010000000000000003	0.00010000000000000003	0.00010000000000000003	0.00010000000000000003	0.00010000000000000003	0.00010000000000000003	0.00010000000000000003	0.00010000000000000003	0.00010000000000000003
24	0.00010000000000000003	0.00010000000000000003	0.00010000000000000003	0.00010000000000000003	0.00010000000000000003	0.00010000000000000003	0.00010000000000000003	0.00010000000000000003	0.00010000000000000003	0.00010000000000000003	0.00010000000000000003	0.00010000000000000003	0.00010000000000000003	0.00010000000000000003	0.00010000000000000003	0.00010000000000000003
["PV_ROOFTOP","C1",*,*] :	1	2	3	4	5	6	7	8	9	10	11	12	13	14	15	16 := 
1	0.0	0.0	0.0	0.0	0.0	0.0	0.0	0.0	0.0	0.0	0.0	0.0	0.0	0.0	0.0	0.0
2	0.0	0.0	0.0	0.0	0.0	0.0	0.0	0.0	0.0	0.0	0.0	0.0	0.0	0.0	0.0	0.0
3	0.0	0.0	0.0	0.0	0.0	0.0	0.0	0.0	0.0	0.0	0.0	0.0	0.0	0.0	0.0	0.0
4	0.0	0.0	0.0	0.0	0.0	0.0	0.0	0.0	0.0	0.0	0.0	0.0	0.0	0.0	0.0	0.0
5	0.0	0.0	0.0	0.0	0.0	0.0	0.0	0.0	0.0	0.0	0.0	0.0	0.0	0.0	0.0	0.0
6	0.0	0.0	0.0	0.0	0.0	0.0	0.0	0.0	0.0	0.0	0.0	0.0	0.0	0.0	0.0	0.0
7	0.0	0.0	0.0	0.0	0.0	0.0	0.0	0.0	0.0	0.0	0.0	0.0	0.0	0.0	0.0	0.0
8	0.0	0.0	0.0	0.0	0.0	0.0	0.0	0.0	0.0	0.0	0.0	0.0	0.0	0.0	0.0	0.0
9	0.0	0.0	0.0	0.0	0.0	0.0	0.0	0.0	0.0	0.0	0.0	0.0	0.0	0.0	0.0	0.0
10	0.0	0.0	0.0	0.0	0.0	0.0	0.0	0.0	0.0	0.0	0.0	0.0	0.0	0.0	0.0	0.0
11	0.009592216457953858	0.007501605178656222	0.0007378628044579891	0.003812291156366277	0.0	0.0	0.0	0.0	0.0	0.002582519815602962	0.0018446570111449725	0.005288016765282255	0.007501605178656222	0.006271833837892907	0.0019676341452213044	0.005902902435663913
12	0.09272475909355396	0.08903544507126401	0.05214230484836456	0.10994155786424037	0.14990912643904813	0.17622623313138305	0.18089936422628367	0.1462198124167582	0.11609041456805694	0.12002568285849956	0.10944964932793505	0.11154026060723268	0.113138963350225	0.08817460513272969	0.06530085819453203	0.09001926214387466
13	0.23623907456063284	0.20746242518677127	0.12740431090307944	0.28887328794530276	0.3664718595474679	0.3932808747761082	0.3937727833124135	0.35749452875989574	0.3115010806153477	0.2929315333698217	0.2565303016832275	0.25431671326985356	0.2737471004539139	0.1903686035501612	0.1646663825282079	0.21029089927052688
14	0.3736045333238951	0.3240447482911335	0.21004494500237422	0.4467759280993124	0.523021751226638	0.5467563381033699	0.5445427496899959	0.513429534768684	0.47284708052349467	0.4455461567585491	0.3833197269159253	0.3772938473461851	0.4157856903120768	0.27768236874435653	0.2872745852023104	0.31998650286661456
15	0.4769053259480136	0.4120963762897869	0.2790351172191962	0.5554877146227895	0.629151017934512	0.6468597252415037	0.6419406398784505	0.6183290301357948	0.5884455865552463	0.5510605377960415	0.47284708052349467	0.4580898244343349	0.5150282375116764	0.3356045988943087	0.38184400130700935	0.40397988544074903
16	0.534950533232042	0.4498503564512207	0.31875673152585127	0.6150086475157339	0.6853515682073956	0.70330622978254	0.6969114188105706	0.6767431688220523	0.652516673409015	0.6035717740466351	0.49670464453430296	0.49670464453430296	0.5578242801702397	0.36954628789937616	0.4304199692671603	0.4637467726018461
17	0.5533971033434918	0.4546464646801976	0.3485171979723235	0.6248468182418405	0.6987560758217157	0.718186463005776	0.7115456977656541	0.6917463791793648	0.6693645407774724	0.6113193334934439	0.5006399128247455	0.5104780835508521	0.5519213777345758	0.38049125283216967	0.4516950134623656	0.49018685642825743
18	0.5318761048801338	0.4194750043343668	0.3567566659554377	0.5920119234434599	0.6568208731016867	0.6935910361905097	0.6870732480844641	0.6639535468781138	0.6332092633590309	0.582419706985506	0.4724781491212657	0.48145547990883786	0.5161350317183634	0.3563877345532087	0.4429636369429461	0.47051051497604435
19	0.46251700126108286	0.357617505893972	0.3298246735927211	0.49953311861805866	0.5867239066781776	0.6266914752529854	0.6212804813536268	0.5928727633819942	0.5338437390253551	0.5117078548916154	0.4063164509881993	0.40939087934010765	0.4289442436582443	0.2887503108112264	0.39856889154139047	0.4085300394015733
20	0.3278570394474998	0.2540707590017009	0.2753458031969062	0.36192170558664366	0.47174028631680764	0.5153971689139053	0.5121997634279207	0.4783810515569296	0.3734815561898188	0.38418056685445967	0.29908039007363824	0.29379237330835595	0.3233068854866755	0.20020677427626768	0.3089185607997448	0.3204784114029199
21	0.2141031904268932	0.16023920570145994	0.19061455781831385	0.22652388096860265	0.26009663857144116	0.3508537635197738	0.3524524662627661	0.30522924677745483	0.22664685810267898	0.2469380852252737	0.20377311116448132	0.1767181416676884	0.21029089927052688	0.1073590380486374	0.20746242518677127	0.19590257458359608
22	0.09579918744546224	0.068252309412364	0.08878949080311135	0.08719078806011904	0.09051117068018	0.13146255632759837	0.12408392828301848	0.10662117524417943	0.07157269203242493	0.09555323317730958	0.09272475909355396	0.07477009751840956	0.0878056737305007	0.037753980161433776	0.09543025604323326	0.07538498318879122
23	0.008854353653495867	0.0018446570111449725	0.007255650910503559	0.00024595426815266305	0.0	0.0	0.0	0.0	0.0	0.00245954268152663	0.003074428351908288	0.0018446570111449725	0.006763742374198233	0.0	0.007501605178656222	0.002582519815602962
24	0.0	0.0	0.0	0.0	0.0	0.0	0.0	0.0	0.0	0.0	0.0	0.0	0.0	0.0	0.0	0.0
["PV_ROOFTOP","C2",*,*] :	1	2	3	4	5	6	7	8	9	10	11	12	13	14	15	16 := 
1	0.0	0.0	0.0	0.0	0.0	0.0	0.0	0.0	0.0	0.0	0.0	0.0	0.0	0.0	0.0	0.0
2	0.0	0.0	0.0	0.0	0.0	0.0	0.0	0.0	0.0	0.0	0.0	0.0	0.0	0.0	0.0	0.0
3	0.0	0.0	0.0	0.0	0.0	0.0	0.0	0.0	0.0	0.0	0.0	0.0	0.0	0.0	0.0	0.0
4	0.0	0.0	0.0	0.0	0.0	0.0	0.0	0.0	0.0	0.0	0.0	0.0	0.0	0.0	0.0	0.0
5	0.0	0.0	0.0	0.0	0.0	0.0	0.0	0.0	0.0	0.0	0.0	0.0	0.0	0.0	0.0	0.0
6	0.0	0.0	0.0	0.0	0.0	0.0	0.0	0.0	0.0	0.0	0.0	0.0	0.0	0.0	0.0	0.0
7	0.0	0.0	0.0	0.0	0.0	0.0	0.0	0.0	0.0	0.0	0.0	0.0	0.0	0.0	0.0	0.0
8	0.0	0.0	0.0	0.0	0.0	0.0	0.0	0.0	0.0	0.0	0.0	0.0	0.0	0.0	0.0	0.0
9	0.0	0.0	0.0	0.0	0.0	0.0	0.0	0.0	0.0	0.0	0.0	0.0	0.0	0.0	0.0	0.0
10	0.0	0.0	0.0	0.0	0.0	0.0	0.0	0.0	0.0	0.0	0.0	0.0	0.0	0.0	0.0	0.0
11	0.00875228571785411	0.006936035324915517	0.0024771554731841134	0.0037979747714858825	0.0	0.0	0.0	0.0	0.00016547398560869876	0.003963448757094581	0.0009908621892736453	0.0066060782158873935	0.007265992433943641	0.006110647121250571	0.0034680176624577587	0.005119784931976925
12	0.09396643399538761	0.08670044156144396	0.056644618774206484	0.10337962479348724	0.15804251918914644	0.18330950501562437	0.1895846352602944	0.12121514420041285	0.11675626434868144	0.12567402405214426	0.09495729618466126	0.11890346271283743	0.10337962479348724	0.0898385021148736	0.07662634568309881	0.08736134664168949
13	0.22888916572221207	0.19949325715303085	0.14169329306613127	0.27430335244319104	0.37421595043640976	0.40063828157558085	0.39816112610239673	0.3154241332980473	0.30402921812140044	0.2990749071750322	0.2467246851291377	0.2711662827519507	0.24573382293986404	0.20329222278670597	0.18776838486735578	0.20841101685649363
14	0.3606738368956069	0.3121215896211983	0.22905463970782078	0.42243724973960106	0.5269732107079707	0.552571144505666	0.5466259713700241	0.480568161797718	0.46487984075494837	0.44687884736241407	0.3943631513309109	0.4027854799397368	0.3747113815310466	0.30502008031067407	0.3023784417140705	0.31591956439268415
15	0.4590991507427259	0.4036108681434018	0.2994058551462496	0.5263132964899143	0.6253995154172789	0.6505010272581482	0.6435649919332326	0.5869203731590261	0.5822970101838754	0.5466259713700241	0.505009759420531	0.4951011375277945	0.46289811637640105	0.3638118974490366	0.39106060765406175	0.3978311689933686
16	0.5193772611649989	0.43878647586261615	0.35059974101726177	0.5804797689287475	0.6812177551256312	0.7049984476681986	0.6972370241396182	0.6422441726349309	0.6432350348242045	0.5953427017678521	0.5512493343451749	0.5363864015060702	0.4992290694083085	0.39188599585772677	0.43944738094286173	0.4462179422821685
17	0.5396899360451086	0.44555802806411227	0.37272965715249934	0.5968289950517626	0.687988316464938	0.7182096132377841	0.710282715723595	0.6617304684491864	0.6592533129760022	0.6057467547552254	0.5656168360896429	0.5492676099666276	0.4898158786102089	0.39667483281848626	0.4526585465124472	0.4607509180122451
18	0.5122757518544746	0.4252453531840026	0.36612357893661196	0.56132343022352	0.6574370625830637	0.6914563341273958	0.6789060736380558	0.6354726204334348	0.6300228783924298	0.5674340773447707	0.525982348518697	0.5177254938954796	0.46042096090321694	0.3662890529222207	0.4316859574142813	0.435153975076739
19	0.4493560028355982	0.363150992368791	0.33177335942106245	0.4823844121906566	0.586590416049998	0.6229223599440947	0.6118574018764761	0.5585163176413078	0.5486076957485714	0.46999863482473603	0.4463834162677772	0.44489712298386674	0.37983017560083426	0.29791956186233914	0.38049108068107984	0.37702306301862204
20	0.3299571090281239	0.26786274821291234	0.2675327911038843	0.35456318977435636	0.46372350458006606	0.5064960527044415	0.5005508795687996	0.4234281119288747	0.40542810939852963	0.34482004186722853	0.30832361484971244	0.3233510308122365	0.2949469752945182	0.2094018790457673	0.30436016609261785	0.28982719036254123
21	0.20692472357258318	0.1729054520282511	0.1793460562585298	0.22443028587048067	0.25299981537380767	0.338709394745978	0.33524137708352025	0.2650556356307001	0.2556424448326005	0.22261403547754208	0.20015416223327637	0.19784248074570096	0.18165773774610522	0.12385777365920567	0.1943744630832432	0.17125368475873193
22	0.0896730281292649	0.0744801381811321	0.08306694991337751	0.08818673484535443	0.07629638857407069	0.12484863584847931	0.125014109834088	0.0959481583739349	0.06969031035818331	0.08719587265608078	0.07959893225091975	0.07910350115628292	0.07200298270794799	0.047231427976106855	0.08290246678995809	0.06457151628839565
23	0.005119784931976925	0.0008253882036649465	0.004954310946368227	0.0004954310946368226	0.0	0.0	0.0	0.0	0.0	0.0009908621892736453	0.0003299571090281239	0.0021471983641559896	0.003138060553429635	0.0003299571090281239	0.0034680176624577587	0.0011563361748823443
24	0.0	0.0	0.0	0.0	0.0	0.0	0.0	0.0	0.0	0.0	0.0	0.0	0.0	0.0	0.0	0.0
["PV_ROOFTOP","C3",*,*] :	1	2	3	4	5	6	7	8	9	10	11	12	13	14	15	16 := 
1	0.0	0.0	0.0	0.0	0.0	0.0	0.0	0.0	0.0	0.0	0.0	0.0	0.0	0.0	0.0	0.0
2	0.0	0.0	0.0	0.0	0.0	0.0	0.0	0.0	0.0	0.0	0.0	0.0	0.0	0.0	0.0	0.0
3	0.0	0.0	0.0	0.0	0.0	0.0	0.0	0.0	0.0	0.0	0.0	0.0	0.0	0.0	0.0	0.0
4	0.0	0.0	0.0	0.0	0.0	0.0	0.0	0.0	0.0	0.0	0.0	0.0	0.0	0.0	0.0	0.0
5	0.0	0.0	0.0	0.0	0.0	0.0	0.0	0.0	0.0	0.0	0.0	0.0	0.0	0.0	0.0	0.0
6	0.0	0.0	0.0	0.0	0.0	0.0	0.0	0.0	0.0	0.0	0.0	0.0	0.0	0.0	0.0	0.0
7	0.0	0.0	0.0	0.0	0.0	0.0	0.0	0.0	0.0	0.0	0.0	0.0	0.0	0.0	0.0	0.0
8	0.0	0.0	0.0	0.0	0.0	0.0	0.0	0.0	0.0	0.0	0.0	0.0	0.0	0.0	0.0	0.0
9	0.0	0.0	0.0	0.0	0.0	0.0	0.0	0.0	0.0	0.0	0.0	0.0	0.0	0.0	0.0	0.0
10	0.0	0.0	0.0	0.0	0.0	0.0	0.0	0.0	0.0	0.0	0.0	0.0	0.0	0.0	0.0	0.0
11	0.0029661439297863166	0.0	0.0	0.0	0.0	0.0	0.0	0.0	0.0	0.0	0.0	0.0	0.001977429286524211	0.001977429286524211	0.0009887146432621056	0.0
12	0.0692100250283474	0.0692100250283474	0.07415359824465792	0.08107460074749266	0.09986017896947266	0.13347647684038427	0.15127334041910215	0.09491660575316213	0.11172475468861794	0.10480375218578318	0.09986017896947266	0.07316488360139581	0.09392789110990003	0.0899730325368516	0.08404074467727898	0.05240187609289159
13	0.22246079473397376	0.19181064079284849	0.18785578221980007	0.2313592265233327	0.3045241101247285	0.3569259862176201	0.3727454205098138	0.318366115130398	0.3173774004871359	0.2768401001133896	0.25805452189140954	0.19774292865242113	0.24322380224247797	0.20070907258220744	0.21059621901482847	0.15423948434888846
14	0.3717567058665517	0.30056925155168007	0.290682105119059	0.3786777083693864	0.477549172695597	0.5230300462856539	0.5348946220047991	0.4973234655608391	0.4834814605551696	0.42316986731618117	0.4083391476672496	0.32330968834670853	0.3707679912232896	0.2896933904757969	0.3440726958552127	0.26695295368076855
15	0.49040246305800433	0.3895535694452696	0.36483570336371696	0.496334750917577	0.5961949298870496	0.6327773716877476	0.6396983741905823	0.6139917934657676	0.600149788460098	0.5398381952211097	0.48842503377148017	0.40537300373746327	0.4548087359005686	0.34011783728216427	0.43602315767858857	0.34703883978499905
16	0.5645560613026622	0.4607410237601412	0.41031657695377377	0.571477063805497	0.6535403791962519	0.6980325381430464	0.7000099674295707	0.6812243892075907	0.6683710988451834	0.600149788460098	0.49831218020410123	0.45283130661404436	0.4943573216310528	0.3678018472935033	0.4785378873388591	0.40240685980767693
17	0.590262642027477	0.5012783241338875	0.4291021551757538	0.5991610738168359	0.6822131038508528	0.7178068310082886	0.7197842602948128	0.7009986820728328	0.6911115356402118	0.6159692227522917	0.5121541852097707	0.477549172695597	0.5062218973501981	0.34506141049847483	0.49139117770126645	0.4073504330239875
18	0.5536802002267792	0.49237989234452856	0.4014181451644149	0.5783980663083317	0.6673823842019213	0.6970438234997843	0.7009986820728328	0.6802356745643285	0.6703485281317076	0.5922400713140012	0.49930089484736334	0.4676620262629759	0.5022670387771496	0.3015579661949422	0.47359431412254854	0.3984520012346286
19	0.4716168848360243	0.4439328748246854	0.3430839812119506	0.49831218020410123	0.5932287859572634	0.6149805081090297	0.6416758034771065	0.6149805081090297	0.5952062152437876	0.5388494805778475	0.44689901875447174	0.40537300373746327	0.4666733116197138	0.2521222340318369	0.42811344053249173	0.34703883978499905
20	0.35791470086088223	0.35198241300130956	0.25805452189140954	0.39350842801831803	0.4815040312686454	0.5161090437828191	0.5398381952211097	0.5091880412799844	0.4597523091168791	0.4320682991055401	0.3539598422878338	0.30551282476799063	0.37670027908286224	0.18291220900348953	0.33616297870911593	0.2501448047453127
21	0.21850593616092534	0.22344950937723587	0.17401377721413058	0.2511335193885748	0.290682105119059	0.3490162690715232	0.3895535694452696	0.355937271574358	0.2629980951077201	0.2896933904757969	0.2333366558098569	0.17895735043044111	0.24520123152900217	0.11469089861840426	0.2303705118800706	0.14830719648931584
22	0.10579246682904529	0.10183760825599687	0.07613102753118213	0.1077698961155695	0.10084889361273476	0.11271346933188003	0.1809347797169653	0.1443523379162674	0.10579246682904529	0.11370218397514215	0.10381503754252108	0.0711874543148716	0.10974732540209371	0.047458302876581065	0.11370218397514215	0.05437930537941581
23	0.016808148935455795	0.010875861075883161	0.005932287859572633	0.004943573216310528	0.0	0.0	0.0	0.0	0.0	0.007909717146096845	0.009887146432621056	0.0029661439297863166	0.014830719648931583	0.001977429286524211	0.016808148935455795	0.0009887146432621056
24	0.0	0.0	0.0	0.0	0.0	0.0	0.0	0.0	0.0	0.0	0.0	0.0	0.0	0.0	0.0	0.0
["PV_ROOFTOP","C4",*,*] :	1	2	3	4	5	6	7	8	9	10	11	12	13	14	15	16 := 
1	0.0	0.0	0.0	0.0	0.0	0.0	0.0	0.0	0.0	0.0	0.0	0.0	0.0	0.0	0.0	0.0
2	0.0	0.0	0.0	0.0	0.0	0.0	0.0	0.0	0.0	0.0	0.0	0.0	0.0	0.0	0.0	0.0
3	0.0	0.0	0.0	0.0	0.0	0.0	0.0	0.0	0.0	0.0	0.0	0.0	0.0	0.0	0.0	0.0
4	0.0	0.0	0.0	0.0	0.0	0.0	0.0	0.0	0.0	0.0	0.0	0.0	0.0	0.0	0.0	0.0
5	0.0	0.0	0.0	0.0	0.0	0.0	0.0	0.0	0.0	0.0	0.0	0.0	0.0	0.0	0.0	0.0
6	0.0	0.0	0.0	0.0	0.0	0.0	0.0	0.0	0.0	0.0	0.0	0.0	0.0	0.0	0.0	0.0
7	0.0	0.0	0.0	0.0	0.0	0.0	0.0	0.0	0.0	0.0	0.0	0.0	0.0	0.0	0.0	0.0
8	0.0	0.0	0.0	0.0	0.0	0.0	0.0	0.0	0.0	0.0	0.0	0.0	0.0	0.0	0.0	0.0
9	0.0	0.0	0.0	0.0	0.0	0.0	0.0	0.0	0.0	0.0	0.0	0.0	0.0	0.0	0.0	0.0
10	0.0	0.0	0.0	0.0	0.0	0.0	0.0	0.0	0.0	0.0	0.0	0.0	0.0	0.0	0.0	0.0
11	0.01126677109774674	0.010776911484801229	0.0029391576776730626	0.003918876903564084	0.0	0.0	0.0	0.0	0.0	0.0034290172906185734	0.005878315355346125	0.012246490323637761	0.007347894194182657	0.006368174968291635	0.008817473033019187	0.006368174968291635
12	0.09993136104088413	0.09454290529848351	0.05976287277935227	0.09062402839491943	0.14597816465776212	0.19496412595231316	0.19006552982285807	0.1263837801399417	0.1263837801399417	0.10923869368684883	0.12001560517165005	0.13422153394706987	0.094053045685538	0.07984711691011821	0.0891544495560829	0.07788767845833616
13	0.22043682582547972	0.21455851047013358	0.14597816465776212	0.22680500079377136	0.3507394828689855	0.4051138999059371	0.3958065672599725	0.31938846764047285	0.31106085422039914	0.25080812182810136	0.26795320828119423	0.2880374524119601	0.2155382296960246	0.1827176356286754	0.2023120201464958	0.18026833756394783
14	0.3355538348676747	0.3321248175770561	0.24884868337631932	0.3507394828689855	0.4996568052044207	0.5506022049507538	0.5442340299824621	0.48447115720310985	0.46438691307234387	0.39041811151757183	0.39384712880819045	0.42127926713313896	0.3335943964158926	0.2762808217012679	0.3130202926721812	0.2748112428624314
15	0.4247082844237576	0.4168705306166294	0.3507394828689855	0.4369547747473953	0.5809735009533754	0.6446552506362918	0.6402465141197822	0.5971388681805773	0.5746053259850837	0.5109235763021673	0.4859407360419464	0.5138627339798404	0.42764744210143063	0.34143215022302076	0.3747426039033155	0.35857723667611363
16	0.48202185913838225	0.45507958042637925	0.4041341806800461	0.4903494725584559	0.6280000237961444	0.6960905099955703	0.6902121946402242	0.6436755314104008	0.6255507257314168	0.5701965894685741	0.5310078204329334	0.5520717837895903	0.4727145264924176	0.3874789538398988	0.4124617941001198	0.4134415133260108
17	0.5128830147539494	0.45263028236165165	0.4183401094554659	0.5148424532057314	0.6240811468925803	0.7068674214803716	0.6995195272861889	0.655432162121093	0.6392667948938912	0.5760749048239202	0.5295382415940968	0.5457036088212986	0.47761312262187267	0.3967862864858635	0.41980968829430243	0.445282388167469
18	0.51827147049635	0.42421842481081207	0.4046240402929916	0.4927987706231835	0.5907706932122856	0.678455563929532	0.6725772485741859	0.6240811468925803	0.6069360604394874	0.5486427664989717	0.4830015783642733	0.5065148397856578	0.4354851959085588	0.37278316545153345	0.40119502300237303	0.4364649151344498
19	0.4653666322982349	0.3620062539667322	0.35416850015960405	0.4374446343603408	0.539335433853007	0.6088954988912695	0.6035070431488688	0.5290483819811513	0.5138627339798404	0.47173480726652656	0.4051138999059371	0.4315663190049947	0.3389828521582932	0.32967551951232854	0.35318878093371303	0.3786614808068796
20	0.3571076578372771	0.25521685834461094	0.27873011976599543	0.3335943964158926	0.4325460382308857	0.49230891101023794	0.4869204552678374	0.4051138999059371	0.35318878093371303	0.3424118694489118	0.27873011976599543	0.30371296002621645	0.258156016022284	0.24737910453748277	0.2762808217012679	0.2836287158954505
21	0.21896724698664316	0.1592043742072909	0.17536974143449274	0.21406865085718807	0.22582528156788031	0.3213479060922549	0.31106085422039914	0.24541966608570073	0.20476131821122337	0.21455851047013358	0.1910452490487491	0.17585960104743825	0.15724493575550885	0.13128237626939682	0.1783088991121658	0.17145086453092864
22	0.08817473033019188	0.06221217084407983	0.0705397842641535	0.07837753807128167	0.05388455742400615	0.10140093987972065	0.09503276491142904	0.07396880155477208	0.05780343432757023	0.0754383803936086	0.07641809961949964	0.06711076697353494	0.057313574714624727	0.04604680361687798	0.07347894194182657	0.05780343432757023
23	0.0029391576776730626	0.0	0.0024492980647275522	0.0	0.0	0.0	0.0	0.0	0.0	0.0	0.0	0.0	0.000979719225891021	0.0	0.0004898596129455105	0.0
24	0.0	0.0	0.0	0.0	0.0	0.0	0.0	0.0	0.0	0.0	0.0	0.0	0.0	0.0	0.0	0.0
["PV_ROOFTOP","C5",*,*] :	1	2	3	4	5	6	7	8	9	10	11	12	13	14	15	16 := 
1	0.0	0.0	0.0	0.0	0.0	0.0	0.0	0.0	0.0	0.0	0.0	0.0	0.0	0.0	0.0	0.0
2	0.0	0.0	0.0	0.0	0.0	0.0	0.0	0.0	0.0	0.0	0.0	0.0	0.0	0.0	0.0	0.0
3	0.0	0.0	0.0	0.0	0.0	0.0	0.0	0.0	0.0	0.0	0.0	0.0	0.0	0.0	0.0	0.0
4	0.0	0.0	0.0	0.0	0.0	0.0	0.0	0.0	0.0	0.0	0.0	0.0	0.0	0.0	0.0	0.0
5	0.0	0.0	0.0	0.0	0.0	0.0	0.0	0.0	0.0	0.0	0.0	0.0	0.0	0.0	0.0	0.0
6	0.0	0.0	0.0	0.0	0.0	0.0	0.0	0.0	0.0	0.0	0.0	0.0	0.0	0.0	0.0	0.0
7	0.0	0.0	0.0	0.0	0.0	0.0	0.0	0.0	0.0	0.0	0.0	0.0	0.0	0.0	0.0	0.0
8	0.0	0.0	0.0	0.0	0.0	0.0	0.0	0.0	0.0	0.0	0.0	0.0	0.0	0.0	0.0	0.0
9	0.0	0.0	0.0	0.0	0.0	0.0	0.0	0.0	0.0	0.0	0.0	0.0	0.0	0.0	0.0	0.0
10	0.0	0.0	0.0	0.0	0.0	0.0	0.0	0.0	0.0	0.0	0.0	0.0	0.0	0.0	0.0	0.0
11	0.0029760983285567044	0.0019840655523711364	0.0	0.0	0.0	0.0	0.0	0.0	0.0	0.0	0.0	0.0	0.0029760983285567044	0.00496016388092784	0.0009920327761855682	0.0
12	0.08531481875195884	0.07837058931865988	0.06051399934731965	0.0962271792900001	0.12598816257556714	0.15674117863731976	0.16566947362298987	0.1210279986946393	0.11904393314226816	0.1150758020375259	0.10713953982804135	0.0744024582139176	0.09920327761855681	0.09821124484237125	0.07241839266154647	0.05952196657113408
13	0.2271755057464951	0.20039062078948477	0.15078898198020635	0.2638807184653611	0.3224106522603096	0.37697245495051585	0.3849087171600004	0.3333230127983509	0.32538675058886635	0.2896735706461859	0.26288868568917556	0.19047029302762908	0.26090462013680443	0.20733485022278372	0.19443842413237133	0.14682085087546407
14	0.37002822551721687	0.3194345539317529	0.23907989906072188	0.42062189710268083	0.49800045364515516	0.5356976991402068	0.5406578630211346	0.49800045364515516	0.48907215865948506	0.4315342576407221	0.3938370121456705	0.29364170175092813	0.40772547101226847	0.29364170175092813	0.3263787833650519	0.24900022682257758
15	0.4930402897642273	0.42459002820742314	0.2946337345271137	0.5327216008116501	0.626964714549279	0.640853173415877	0.6428372389682482	0.6140682884588666	0.6001798295922687	0.5426419285735058	0.4731996342405159	0.36209196330773236	0.5039526503022685	0.35812383220299004	0.42459002820742314	0.3541557010982478
16	0.5644666496495881	0.47716776534525823	0.3224106522603096	0.5892674690542274	0.6884707466727842	0.7013671727631966	0.7013671727631966	0.6795424516871141	0.6666460255967018	0.5962116984875264	0.509904846959382	0.4067334382360829	0.5515702235591758	0.3759804221743303	0.48708809310711393	0.4384784870740211
17	0.5882754362780418	0.4841119947785572	0.3263787833650519	0.6140682884588666	0.7053353038679389	0.7202157955107223	0.7202157955107223	0.6944229433298976	0.6904548122251554	0.6081160918017532	0.5634746168734026	0.4444306837311345	0.5436339613496913	0.3819326188314437	0.509904846959382	0.46923150313577366
18	0.5585144529924748	0.45335897871680464	0.30554609506515495	0.5892674690542274	0.6735902550300008	0.6983910744346399	0.6983910744346399	0.6616858617157739	0.6577177306110317	0.5843073051732995	0.546610059678248	0.42657409375979427	0.5059367158546397	0.3442353733363921	0.5009765519737118	0.46228727370247474
19	0.48907215865948506	0.38689278271237154	0.2648727512415467	0.516849076392681	0.5991877968160831	0.6358930095349491	0.6368850423111347	0.5962116984875264	0.5724029118590728	0.5218092402736089	0.4831199620023716	0.3601078977553612	0.4503828803882479	0.254952423479691	0.4483988148358768	0.40375733990752616
20	0.3472114716649488	0.2579285218082477	0.20535078467041257	0.39086091381711385	0.4573271098215469	0.5257773713783511	0.5327216008116501	0.48708809310711393	0.40078124157896955	0.415661733221753	0.3730043238457736	0.25991258736061884	0.3571317994268045	0.17558980138484553	0.35812383220299004	0.32836284891742307
21	0.23312770240360847	0.17955793248958782	0.14285271977072178	0.24404006294164973	0.26189665291298997	0.37002822551721687	0.37895652050288703	0.33431504557453645	0.254952423479691	0.27280901345103126	0.20733485022278372	0.1557491458611342	0.23907989906072188	0.10317140872329908	0.21824721076082498	0.204358751894227
22	0.10813157260422691	0.08333075319958773	0.06745822878061863	0.0962271792900001	0.11110767093278362	0.12202003147082487	0.16864557195154659	0.11606783481371147	0.09721921206618567	0.1021793759471135	0.10019531039474239	0.062498064899690786	0.09920327761855681	0.04067334382360829	0.10713953982804135	0.0773785565424743
23	0.01488049164278352	0.005952196657113409	0.00496016388092784	0.0019840655523711364	0.0	0.0	0.0	0.0	0.0	0.005952196657113409	0.006944229433298976	0.0009920327761855682	0.011904393314226817	0.0	0.011904393314226817	0.003968131104742273
24	0.0	0.0	0.0	0.0	0.0	0.0	0.0	0.0	0.0	0.0	0.0	0.0	0.0	0.0	0.0	0.0
["PV_UTILITY","C1",*,*] :	1	2	3	4	5	6	7	8	9	10	11	12	13	14	15	16 := 
1	0.0	0.0	0.0	0.0	0.0	0.0	0.0	0.0	0.0	0.0	0.0	0.0	0.0	0.0	0.0	0.0
2	0.0	0.0	0.0	0.0	0.0	0.0	0.0	0.0	0.0	0.0	0.0	0.0	0.0	0.0	0.0	0.0
3	0.0	0.0	0.0	0.0	0.0	0.0	0.0	0.0	0.0	0.0	0.0	0.0	0.0	0.0	0.0	0.0
4	0.0	0.0	0.0	0.0	0.0	0.0	0.0	0.0	0.0	0.0	0.0	0.0	0.0	0.0	0.0	0.0
5	0.0	0.0	0.0	0.0	0.0	0.0	0.0	0.0	0.0	0.0	0.0	0.0	0.0	0.0	0.0	0.0
6	0.0	0.0	0.0	0.0	0.0	0.0	0.0	0.0	0.0	0.0	0.0	0.0	0.0	0.0	0.0	0.0
7	0.0	0.0	0.0	0.0	0.0	0.0	0.0	0.0	0.0	0.0	0.0	0.0	0.0	0.0	0.0	0.0
8	0.0	0.0	0.0	0.0	0.0	0.0	0.0	0.0	0.0	0.0	0.0	0.0	0.0	0.0	0.0	0.0
9	0.0	0.0	0.0	0.0	0.0	0.0	0.0	0.0	0.0	0.0	0.0	0.0	0.0	0.0	0.0	0.0
10	0.0	0.0	0.0	0.0	0.0	0.0	0.0	0.0	0.0	0.0	0.0	0.0	0.0	0.0	0.0	0.0
11	0.009592216457953858	0.007501605178656222	0.0007378628044579891	0.003812291156366277	0.0	0.0	0.0	0.0	0.0	0.002582519815602962	0.0018446570111449725	0.005288016765282255	0.007501605178656222	0.006271833837892907	0.0019676341452213044	0.005902902435663913
12	0.09272475909355396	0.08903544507126401	0.05214230484836456	0.10994155786424037	0.14990912643904813	0.17622623313138305	0.18089936422628367	0.1462198124167582	0.11609041456805694	0.12002568285849956	0.10944964932793505	0.11154026060723268	0.113138963350225	0.08817460513272969	0.06530085819453203	0.09001926214387466
13	0.23623907456063284	0.20746242518677127	0.12740431090307944	0.28887328794530276	0.3664718595474679	0.3932808747761082	0.3937727833124135	0.35749452875989574	0.3115010806153477	0.2929315333698217	0.2565303016832275	0.25431671326985356	0.2737471004539139	0.1903686035501612	0.1646663825282079	0.21029089927052688
14	0.3736045333238951	0.3240447482911335	0.21004494500237422	0.4467759280993124	0.523021751226638	0.5467563381033699	0.5445427496899959	0.513429534768684	0.47284708052349467	0.4455461567585491	0.3833197269159253	0.3772938473461851	0.4157856903120768	0.27768236874435653	0.2872745852023104	0.31998650286661456
15	0.4769053259480136	0.4120963762897869	0.2790351172191962	0.5554877146227895	0.629151017934512	0.6468597252415037	0.6419406398784505	0.6183290301357948	0.5884455865552463	0.5510605377960415	0.47284708052349467	0.4580898244343349	0.5150282375116764	0.3356045988943087	0.38184400130700935	0.40397988544074903
16	0.534950533232042	0.4498503564512207	0.31875673152585127	0.6150086475157339	0.6853515682073956	0.70330622978254	0.6969114188105706	0.6767431688220523	0.652516673409015	0.6035717740466351	0.49670464453430296	0.49670464453430296	0.5578242801702397	0.36954628789937616	0.4304199692671603	0.4637467726018461
17	0.5533971033434918	0.4546464646801976	0.3485171979723235	0.6248468182418405	0.6987560758217157	0.718186463005776	0.7115456977656541	0.6917463791793648	0.6693645407774724	0.6113193334934439	0.5006399128247455	0.5104780835508521	0.5519213777345758	0.38049125283216967	0.4516950134623656	0.49018685642825743
18	0.5318761048801338	0.4194750043343668	0.3567566659554377	0.5920119234434599	0.6568208731016867	0.6935910361905097	0.6870732480844641	0.6639535468781138	0.6332092633590309	0.582419706985506	0.4724781491212657	0.48145547990883786	0.5161350317183634	0.3563877345532087	0.4429636369429461	0.47051051497604435
19	0.46251700126108286	0.357617505893972	0.3298246735927211	0.49953311861805866	0.5867239066781776	0.6266914752529854	0.6212804813536268	0.5928727633819942	0.5338437390253551	0.5117078548916154	0.4063164509881993	0.40939087934010765	0.4289442436582443	0.2887503108112264	0.39856889154139047	0.4085300394015733
20	0.3278570394474998	0.2540707590017009	0.2753458031969062	0.36192170558664366	0.47174028631680764	0.5153971689139053	0.5121997634279207	0.4783810515569296	0.3734815561898188	0.38418056685445967	0.29908039007363824	0.29379237330835595	0.3233068854866755	0.20020677427626768	0.3089185607997448	0.3204784114029199
21	0.2141031904268932	0.16023920570145994	0.19061455781831385	0.22652388096860265	0.26009663857144116	0.3508537635197738	0.3524524662627661	0.30522924677745483	0.22664685810267898	0.2469380852252737	0.20377311116448132	0.1767181416676884	0.21029089927052688	0.1073590380486374	0.20746242518677127	0.19590257458359608
22	0.09579918744546224	0.068252309412364	0.08878949080311135	0.08719078806011904	0.09051117068018	0.13146255632759837	0.12408392828301848	0.10662117524417943	0.07157269203242493	0.09555323317730958	0.09272475909355396	0.07477009751840956	0.0878056737305007	0.037753980161433776	0.09543025604323326	0.07538498318879122
23	0.008854353653495867	0.0018446570111449725	0.007255650910503559	0.00024595426815266305	0.0	0.0	0.0	0.0	0.0	0.00245954268152663	0.003074428351908288	0.0018446570111449725	0.006763742374198233	0.0	0.007501605178656222	0.002582519815602962
24	0.0	0.0	0.0	0.0	0.0	0.0	0.0	0.0	0.0	0.0	0.0	0.0	0.0	0.0	0.0	0.0
["PV_UTILITY","C2",*,*] :	1	2	3	4	5	6	7	8	9	10	11	12	13	14	15	16 := 
1	0.0	0.0	0.0	0.0	0.0	0.0	0.0	0.0	0.0	0.0	0.0	0.0	0.0	0.0	0.0	0.0
2	0.0	0.0	0.0	0.0	0.0	0.0	0.0	0.0	0.0	0.0	0.0	0.0	0.0	0.0	0.0	0.0
3	0.0	0.0	0.0	0.0	0.0	0.0	0.0	0.0	0.0	0.0	0.0	0.0	0.0	0.0	0.0	0.0
4	0.0	0.0	0.0	0.0	0.0	0.0	0.0	0.0	0.0	0.0	0.0	0.0	0.0	0.0	0.0	0.0
5	0.0	0.0	0.0	0.0	0.0	0.0	0.0	0.0	0.0	0.0	0.0	0.0	0.0	0.0	0.0	0.0
6	0.0	0.0	0.0	0.0	0.0	0.0	0.0	0.0	0.0	0.0	0.0	0.0	0.0	0.0	0.0	0.0
7	0.0	0.0	0.0	0.0	0.0	0.0	0.0	0.0	0.0	0.0	0.0	0.0	0.0	0.0	0.0	0.0
8	0.0	0.0	0.0	0.0	0.0	0.0	0.0	0.0	0.0	0.0	0.0	0.0	0.0	0.0	0.0	0.0
9	0.0	0.0	0.0	0.0	0.0	0.0	0.0	0.0	0.0	0.0	0.0	0.0	0.0	0.0	0.0	0.0
10	0.0	0.0	0.0	0.0	0.0	0.0	0.0	0.0	0.0	0.0	0.0	0.0	0.0	0.0	0.0	0.0
11	0.00875228571785411	0.006936035324915517	0.0024771554731841134	0.0037979747714858825	0.0	0.0	0.0	0.0	0.00016547398560869876	0.003963448757094581	0.0009908621892736453	0.0066060782158873935	0.007265992433943641	0.006110647121250571	0.0034680176624577587	0.005119784931976925
12	0.09396643399538761	0.08670044156144396	0.056644618774206484	0.10337962479348724	0.15804251918914644	0.18330950501562437	0.1895846352602944	0.12121514420041285	0.11675626434868144	0.12567402405214426	0.09495729618466126	0.11890346271283743	0.10337962479348724	0.0898385021148736	0.07662634568309881	0.08736134664168949
13	0.22888916572221207	0.19949325715303085	0.14169329306613127	0.27430335244319104	0.37421595043640976	0.40063828157558085	0.39816112610239673	0.3154241332980473	0.30402921812140044	0.2990749071750322	0.2467246851291377	0.2711662827519507	0.24573382293986404	0.20329222278670597	0.18776838486735578	0.20841101685649363
14	0.3606738368956069	0.3121215896211983	0.22905463970782078	0.42243724973960106	0.5269732107079707	0.552571144505666	0.5466259713700241	0.480568161797718	0.46487984075494837	0.44687884736241407	0.3943631513309109	0.4027854799397368	0.3747113815310466	0.30502008031067407	0.3023784417140705	0.31591956439268415
15	0.4590991507427259	0.4036108681434018	0.2994058551462496	0.5263132964899143	0.6253995154172789	0.6505010272581482	0.6435649919332326	0.5869203731590261	0.5822970101838754	0.5466259713700241	0.505009759420531	0.4951011375277945	0.46289811637640105	0.3638118974490366	0.39106060765406175	0.3978311689933686
16	0.5193772611649989	0.43878647586261615	0.35059974101726177	0.5804797689287475	0.6812177551256312	0.7049984476681986	0.6972370241396182	0.6422441726349309	0.6432350348242045	0.5953427017678521	0.5512493343451749	0.5363864015060702	0.4992290694083085	0.39188599585772677	0.43944738094286173	0.4462179422821685
17	0.5396899360451086	0.44555802806411227	0.37272965715249934	0.5968289950517626	0.687988316464938	0.7182096132377841	0.710282715723595	0.6617304684491864	0.6592533129760022	0.6057467547552254	0.5656168360896429	0.5492676099666276	0.4898158786102089	0.39667483281848626	0.4526585465124472	0.4607509180122451
18	0.5122757518544746	0.4252453531840026	0.36612357893661196	0.56132343022352	0.6574370625830637	0.6914563341273958	0.6789060736380558	0.6354726204334348	0.6300228783924298	0.5674340773447707	0.525982348518697	0.5177254938954796	0.46042096090321694	0.3662890529222207	0.4316859574142813	0.435153975076739
19	0.4493560028355982	0.363150992368791	0.33177335942106245	0.4823844121906566	0.586590416049998	0.6229223599440947	0.6118574018764761	0.5585163176413078	0.5486076957485714	0.46999863482473603	0.4463834162677772	0.44489712298386674	0.37983017560083426	0.29791956186233914	0.38049108068107984	0.37702306301862204
20	0.3299571090281239	0.26786274821291234	0.2675327911038843	0.35456318977435636	0.46372350458006606	0.5064960527044415	0.5005508795687996	0.4234281119288747	0.40542810939852963	0.34482004186722853	0.30832361484971244	0.3233510308122365	0.2949469752945182	0.2094018790457673	0.30436016609261785	0.28982719036254123
21	0.20692472357258318	0.1729054520282511	0.1793460562585298	0.22443028587048067	0.25299981537380767	0.338709394745978	0.33524137708352025	0.2650556356307001	0.2556424448326005	0.22261403547754208	0.20015416223327637	0.19784248074570096	0.18165773774610522	0.12385777365920567	0.1943744630832432	0.17125368475873193
22	0.0896730281292649	0.0744801381811321	0.08306694991337751	0.08818673484535443	0.07629638857407069	0.12484863584847931	0.125014109834088	0.0959481583739349	0.06969031035818331	0.08719587265608078	0.07959893225091975	0.07910350115628292	0.07200298270794799	0.047231427976106855	0.08290246678995809	0.06457151628839565
23	0.005119784931976925	0.0008253882036649465	0.004954310946368227	0.0004954310946368226	0.0	0.0	0.0	0.0	0.0	0.0009908621892736453	0.0003299571090281239	0.0021471983641559896	0.003138060553429635	0.0003299571090281239	0.0034680176624577587	0.0011563361748823443
24	0.0	0.0	0.0	0.0	0.0	0.0	0.0	0.0	0.0	0.0	0.0	0.0	0.0	0.0	0.0	0.0
["PV_UTILITY","C3",*,*] :	1	2	3	4	5	6	7	8	9	10	11	12	13	14	15	16 := 
1	0.0	0.0	0.0	0.0	0.0	0.0	0.0	0.0	0.0	0.0	0.0	0.0	0.0	0.0	0.0	0.0
2	0.0	0.0	0.0	0.0	0.0	0.0	0.0	0.0	0.0	0.0	0.0	0.0	0.0	0.0	0.0	0.0
3	0.0	0.0	0.0	0.0	0.0	0.0	0.0	0.0	0.0	0.0	0.0	0.0	0.0	0.0	0.0	0.0
4	0.0	0.0	0.0	0.0	0.0	0.0	0.0	0.0	0.0	0.0	0.0	0.0	0.0	0.0	0.0	0.0
5	0.0	0.0	0.0	0.0	0.0	0.0	0.0	0.0	0.0	0.0	0.0	0.0	0.0	0.0	0.0	0.0
6	0.0	0.0	0.0	0.0	0.0	0.0	0.0	0.0	0.0	0.0	0.0	0.0	0.0	0.0	0.0	0.0
7	0.0	0.0	0.0	0.0	0.0	0.0	0.0	0.0	0.0	0.0	0.0	0.0	0.0	0.0	0.0	0.0
8	0.0	0.0	0.0	0.0	0.0	0.0	0.0	0.0	0.0	0.0	0.0	0.0	0.0	0.0	0.0	0.0
9	0.0	0.0	0.0	0.0	0.0	0.0	0.0	0.0	0.0	0.0	0.0	0.0	0.0	0.0	0.0	0.0
10	0.0	0.0	0.0	0.0	0.0	0.0	0.0	0.0	0.0	0.0	0.0	0.0	0.0	0.0	0.0	0.0
11	0.0029661439297863166	0.0	0.0	0.0	0.0	0.0	0.0	0.0	0.0	0.0	0.0	0.0	0.001977429286524211	0.001977429286524211	0.0009887146432621056	0.0
12	0.0692100250283474	0.0692100250283474	0.07415359824465792	0.08107460074749266	0.09986017896947266	0.13347647684038427	0.15127334041910215	0.09491660575316213	0.11172475468861794	0.10480375218578318	0.09986017896947266	0.07316488360139581	0.09392789110990003	0.0899730325368516	0.08404074467727898	0.05240187609289159
13	0.22246079473397376	0.19181064079284849	0.18785578221980007	0.2313592265233327	0.3045241101247285	0.3569259862176201	0.3727454205098138	0.318366115130398	0.3173774004871359	0.2768401001133896	0.25805452189140954	0.19774292865242113	0.24322380224247797	0.20070907258220744	0.21059621901482847	0.15423948434888846
14	0.3717567058665517	0.30056925155168007	0.290682105119059	0.3786777083693864	0.477549172695597	0.5230300462856539	0.5348946220047991	0.4973234655608391	0.4834814605551696	0.42316986731618117	0.4083391476672496	0.32330968834670853	0.3707679912232896	0.2896933904757969	0.3440726958552127	0.26695295368076855
15	0.49040246305800433	0.3895535694452696	0.36483570336371696	0.496334750917577	0.5961949298870496	0.6327773716877476	0.6396983741905823	0.6139917934657676	0.600149788460098	0.5398381952211097	0.48842503377148017	0.40537300373746327	0.4548087359005686	0.34011783728216427	0.43602315767858857	0.34703883978499905
16	0.5645560613026622	0.4607410237601412	0.41031657695377377	0.571477063805497	0.6535403791962519	0.6980325381430464	0.7000099674295707	0.6812243892075907	0.6683710988451834	0.600149788460098	0.49831218020410123	0.45283130661404436	0.4943573216310528	0.3678018472935033	0.4785378873388591	0.40240685980767693
17	0.590262642027477	0.5012783241338875	0.4291021551757538	0.5991610738168359	0.6822131038508528	0.7178068310082886	0.7197842602948128	0.7009986820728328	0.6911115356402118	0.6159692227522917	0.5121541852097707	0.477549172695597	0.5062218973501981	0.34506141049847483	0.49139117770126645	0.4073504330239875
18	0.5536802002267792	0.49237989234452856	0.4014181451644149	0.5783980663083317	0.6673823842019213	0.6970438234997843	0.7009986820728328	0.6802356745643285	0.6703485281317076	0.5922400713140012	0.49930089484736334	0.4676620262629759	0.5022670387771496	0.3015579661949422	0.47359431412254854	0.3984520012346286
19	0.4716168848360243	0.4439328748246854	0.3430839812119506	0.49831218020410123	0.5932287859572634	0.6149805081090297	0.6416758034771065	0.6149805081090297	0.5952062152437876	0.5388494805778475	0.44689901875447174	0.40537300373746327	0.4666733116197138	0.2521222340318369	0.42811344053249173	0.34703883978499905
20	0.35791470086088223	0.35198241300130956	0.25805452189140954	0.39350842801831803	0.4815040312686454	0.5161090437828191	0.5398381952211097	0.5091880412799844	0.4597523091168791	0.4320682991055401	0.3539598422878338	0.30551282476799063	0.37670027908286224	0.18291220900348953	0.33616297870911593	0.2501448047453127
21	0.21850593616092534	0.22344950937723587	0.17401377721413058	0.2511335193885748	0.290682105119059	0.3490162690715232	0.3895535694452696	0.355937271574358	0.2629980951077201	0.2896933904757969	0.2333366558098569	0.17895735043044111	0.24520123152900217	0.11469089861840426	0.2303705118800706	0.14830719648931584
22	0.10579246682904529	0.10183760825599687	0.07613102753118213	0.1077698961155695	0.10084889361273476	0.11271346933188003	0.1809347797169653	0.1443523379162674	0.10579246682904529	0.11370218397514215	0.10381503754252108	0.0711874543148716	0.10974732540209371	0.047458302876581065	0.11370218397514215	0.05437930537941581
23	0.016808148935455795	0.010875861075883161	0.005932287859572633	0.004943573216310528	0.0	0.0	0.0	0.0	0.0	0.007909717146096845	0.009887146432621056	0.0029661439297863166	0.014830719648931583	0.001977429286524211	0.016808148935455795	0.0009887146432621056
24	0.0	0.0	0.0	0.0	0.0	0.0	0.0	0.0	0.0	0.0	0.0	0.0	0.0	0.0	0.0	0.0
["PV_UTILITY","C4",*,*] :	1	2	3	4	5	6	7	8	9	10	11	12	13	14	15	16 := 
1	0.0	0.0	0.0	0.0	0.0	0.0	0.0	0.0	0.0	0.0	0.0	0.0	0.0	0.0	0.0	0.0
2	0.0	0.0	0.0	0.0	0.0	0.0	0.0	0.0	0.0	0.0	0.0	0.0	0.0	0.0	0.0	0.0
3	0.0	0.0	0.0	0.0	0.0	0.0	0.0	0.0	0.0	0.0	0.0	0.0	0.0	0.0	0.0	0.0
4	0.0	0.0	0.0	0.0	0.0	0.0	0.0	0.0	0.0	0.0	0.0	0.0	0.0	0.0	0.0	0.0
5	0.0	0.0	0.0	0.0	0.0	0.0	0.0	0.0	0.0	0.0	0.0	0.0	0.0	0.0	0.0	0.0
6	0.0	0.0	0.0	0.0	0.0	0.0	0.0	0.0	0.0	0.0	0.0	0.0	0.0	0.0	0.0	0.0
7	0.0	0.0	0.0	0.0	0.0	0.0	0.0	0.0	0.0	0.0	0.0	0.0	0.0	0.0	0.0	0.0
8	0.0	0.0	0.0	0.0	0.0	0.0	0.0	0.0	0.0	0.0	0.0	0.0	0.0	0.0	0.0	0.0
9	0.0	0.0	0.0	0.0	0.0	0.0	0.0	0.0	0.0	0.0	0.0	0.0	0.0	0.0	0.0	0.0
10	0.0	0.0	0.0	0.0	0.0	0.0	0.0	0.0	0.0	0.0	0.0	0.0	0.0	0.0	0.0	0.0
11	0.01126677109774674	0.010776911484801229	0.0029391576776730626	0.003918876903564084	0.0	0.0	0.0	0.0	0.0	0.0034290172906185734	0.005878315355346125	0.012246490323637761	0.007347894194182657	0.006368174968291635	0.008817473033019187	0.006368174968291635
12	0.09993136104088413	0.09454290529848351	0.05976287277935227	0.09062402839491943	0.14597816465776212	0.19496412595231316	0.19006552982285807	0.1263837801399417	0.1263837801399417	0.10923869368684883	0.12001560517165005	0.13422153394706987	0.094053045685538	0.07984711691011821	0.0891544495560829	0.07788767845833616
13	0.22043682582547972	0.21455851047013358	0.14597816465776212	0.22680500079377136	0.3507394828689855	0.4051138999059371	0.3958065672599725	0.31938846764047285	0.31106085422039914	0.25080812182810136	0.26795320828119423	0.2880374524119601	0.2155382296960246	0.1827176356286754	0.2023120201464958	0.18026833756394783
14	0.3355538348676747	0.3321248175770561	0.24884868337631932	0.3507394828689855	0.4996568052044207	0.5506022049507538	0.5442340299824621	0.48447115720310985	0.46438691307234387	0.39041811151757183	0.39384712880819045	0.42127926713313896	0.3335943964158926	0.2762808217012679	0.3130202926721812	0.2748112428624314
15	0.4247082844237576	0.4168705306166294	0.3507394828689855	0.4369547747473953	0.5809735009533754	0.6446552506362918	0.6402465141197822	0.5971388681805773	0.5746053259850837	0.5109235763021673	0.4859407360419464	0.5138627339798404	0.42764744210143063	0.34143215022302076	0.3747426039033155	0.35857723667611363
16	0.48202185913838225	0.45507958042637925	0.4041341806800461	0.4903494725584559	0.6280000237961444	0.6960905099955703	0.6902121946402242	0.6436755314104008	0.6255507257314168	0.5701965894685741	0.5310078204329334	0.5520717837895903	0.4727145264924176	0.3874789538398988	0.4124617941001198	0.4134415133260108
17	0.5128830147539494	0.45263028236165165	0.4183401094554659	0.5148424532057314	0.6240811468925803	0.7068674214803716	0.6995195272861889	0.655432162121093	0.6392667948938912	0.5760749048239202	0.5295382415940968	0.5457036088212986	0.47761312262187267	0.3967862864858635	0.41980968829430243	0.445282388167469
18	0.51827147049635	0.42421842481081207	0.4046240402929916	0.4927987706231835	0.5907706932122856	0.678455563929532	0.6725772485741859	0.6240811468925803	0.6069360604394874	0.5486427664989717	0.4830015783642733	0.5065148397856578	0.4354851959085588	0.37278316545153345	0.40119502300237303	0.4364649151344498
19	0.4653666322982349	0.3620062539667322	0.35416850015960405	0.4374446343603408	0.539335433853007	0.6088954988912695	0.6035070431488688	0.5290483819811513	0.5138627339798404	0.47173480726652656	0.4051138999059371	0.4315663190049947	0.3389828521582932	0.32967551951232854	0.35318878093371303	0.3786614808068796
20	0.3571076578372771	0.25521685834461094	0.27873011976599543	0.3335943964158926	0.4325460382308857	0.49230891101023794	0.4869204552678374	0.4051138999059371	0.35318878093371303	0.3424118694489118	0.27873011976599543	0.30371296002621645	0.258156016022284	0.24737910453748277	0.2762808217012679	0.2836287158954505
21	0.21896724698664316	0.1592043742072909	0.17536974143449274	0.21406865085718807	0.22582528156788031	0.3213479060922549	0.31106085422039914	0.24541966608570073	0.20476131821122337	0.21455851047013358	0.1910452490487491	0.17585960104743825	0.15724493575550885	0.13128237626939682	0.1783088991121658	0.17145086453092864
22	0.08817473033019188	0.06221217084407983	0.0705397842641535	0.07837753807128167	0.05388455742400615	0.10140093987972065	0.09503276491142904	0.07396880155477208	0.05780343432757023	0.0754383803936086	0.07641809961949964	0.06711076697353494	0.057313574714624727	0.04604680361687798	0.07347894194182657	0.05780343432757023
23	0.0029391576776730626	0.0	0.0024492980647275522	0.0	0.0	0.0	0.0	0.0	0.0	0.0	0.0	0.0	0.000979719225891021	0.0	0.0004898596129455105	0.0
24	0.0	0.0	0.0	0.0	0.0	0.0	0.0	0.0	0.0	0.0	0.0	0.0	0.0	0.0	0.0	0.0
["PV_UTILITY","C5",*,*] :	1	2	3	4	5	6	7	8	9	10	11	12	13	14	15	16 := 
1	0.0	0.0	0.0	0.0	0.0	0.0	0.0	0.0	0.0	0.0	0.0	0.0	0.0	0.0	0.0	0.0
2	0.0	0.0	0.0	0.0	0.0	0.0	0.0	0.0	0.0	0.0	0.0	0.0	0.0	0.0	0.0	0.0
3	0.0	0.0	0.0	0.0	0.0	0.0	0.0	0.0	0.0	0.0	0.0	0.0	0.0	0.0	0.0	0.0
4	0.0	0.0	0.0	0.0	0.0	0.0	0.0	0.0	0.0	0.0	0.0	0.0	0.0	0.0	0.0	0.0
5	0.0	0.0	0.0	0.0	0.0	0.0	0.0	0.0	0.0	0.0	0.0	0.0	0.0	0.0	0.0	0.0
6	0.0	0.0	0.0	0.0	0.0	0.0	0.0	0.0	0.0	0.0	0.0	0.0	0.0	0.0	0.0	0.0
7	0.0	0.0	0.0	0.0	0.0	0.0	0.0	0.0	0.0	0.0	0.0	0.0	0.0	0.0	0.0	0.0
8	0.0	0.0	0.0	0.0	0.0	0.0	0.0	0.0	0.0	0.0	0.0	0.0	0.0	0.0	0.0	0.0
9	0.0	0.0	0.0	0.0	0.0	0.0	0.0	0.0	0.0	0.0	0.0	0.0	0.0	0.0	0.0	0.0
10	0.0	0.0	0.0	0.0	0.0	0.0	0.0	0.0	0.0	0.0	0.0	0.0	0.0	0.0	0.0	0.0
11	0.0029760983285567044	0.0019840655523711364	0.0	0.0	0.0	0.0	0.0	0.0	0.0	0.0	0.0	0.0	0.0029760983285567044	0.00496016388092784	0.0009920327761855682	0.0
12	0.08531481875195884	0.07837058931865988	0.06051399934731965	0.0962271792900001	0.12598816257556714	0.15674117863731976	0.16566947362298987	0.1210279986946393	0.11904393314226816	0.1150758020375259	0.10713953982804135	0.0744024582139176	0.09920327761855681	0.09821124484237125	0.07241839266154647	0.05952196657113408
13	0.2271755057464951	0.20039062078948477	0.15078898198020635	0.2638807184653611	0.3224106522603096	0.37697245495051585	0.3849087171600004	0.3333230127983509	0.32538675058886635	0.2896735706461859	0.26288868568917556	0.19047029302762908	0.26090462013680443	0.20733485022278372	0.19443842413237133	0.14682085087546407
14	0.37002822551721687	0.3194345539317529	0.23907989906072188	0.42062189710268083	0.49800045364515516	0.5356976991402068	0.5406578630211346	0.49800045364515516	0.48907215865948506	0.4315342576407221	0.3938370121456705	0.29364170175092813	0.40772547101226847	0.29364170175092813	0.3263787833650519	0.24900022682257758
15	0.4930402897642273	0.42459002820742314	0.2946337345271137	0.5327216008116501	0.626964714549279	0.640853173415877	0.6428372389682482	0.6140682884588666	0.6001798295922687	0.5426419285735058	0.4731996342405159	0.36209196330773236	0.5039526503022685	0.35812383220299004	0.42459002820742314	0.3541557010982478
16	0.5644666496495881	0.47716776534525823	0.3224106522603096	0.5892674690542274	0.6884707466727842	0.7013671727631966	0.7013671727631966	0.6795424516871141	0.6666460255967018	0.5962116984875264	0.509904846959382	0.4067334382360829	0.5515702235591758	0.3759804221743303	0.48708809310711393	0.4384784870740211
17	0.5882754362780418	0.4841119947785572	0.3263787833650519	0.6140682884588666	0.7053353038679389	0.7202157955107223	0.7202157955107223	0.6944229433298976	0.6904548122251554	0.6081160918017532	0.5634746168734026	0.4444306837311345	0.5436339613496913	0.3819326188314437	0.509904846959382	0.46923150313577366
18	0.5585144529924748	0.45335897871680464	0.30554609506515495	0.5892674690542274	0.6735902550300008	0.6983910744346399	0.6983910744346399	0.6616858617157739	0.6577177306110317	0.5843073051732995	0.546610059678248	0.42657409375979427	0.5059367158546397	0.3442353733363921	0.5009765519737118	0.46228727370247474
19	0.48907215865948506	0.38689278271237154	0.2648727512415467	0.516849076392681	0.5991877968160831	0.6358930095349491	0.6368850423111347	0.5962116984875264	0.5724029118590728	0.5218092402736089	0.4831199620023716	0.3601078977553612	0.4503828803882479	0.254952423479691	0.4483988148358768	0.40375733990752616
20	0.3472114716649488	0.2579285218082477	0.20535078467041257	0.39086091381711385	0.4573271098215469	0.5257773713783511	0.5327216008116501	0.48708809310711393	0.40078124157896955	0.415661733221753	0.3730043238457736	0.25991258736061884	0.3571317994268045	0.17558980138484553	0.35812383220299004	0.32836284891742307
21	0.23312770240360847	0.17955793248958782	0.14285271977072178	0.24404006294164973	0.26189665291298997	0.37002822551721687	0.37895652050288703	0.33431504557453645	0.254952423479691	0.27280901345103126	0.20733485022278372	0.1557491458611342	0.23907989906072188	0.10317140872329908	0.21824721076082498	0.204358751894227
22	0.10813157260422691	0.08333075319958773	0.06745822878061863	0.0962271792900001	0.11110767093278362	0.12202003147082487	0.16864557195154659	0.11606783481371147	0.09721921206618567	0.1021793759471135	0.10019531039474239	0.062498064899690786	0.09920327761855681	0.04067334382360829	0.10713953982804135	0.0773785565424743
23	0.01488049164278352	0.005952196657113409	0.00496016388092784	0.0019840655523711364	0.0	0.0	0.0	0.0	0.0	0.005952196657113409	0.006944229433298976	0.0009920327761855682	0.011904393314226817	0.0	0.011904393314226817	0.003968131104742273
24	0.0	0.0	0.0	0.0	0.0	0.0	0.0	0.0	0.0	0.0	0.0	0.0	0.0	0.0	0.0	0.0
["PV_HS","C1",*,*] :	1	2	3	4	5	6	7	8	9	10	11	12	13	14	15	16 := 
1	0.0	0.0	0.0	0.0	0.0	0.0	0.0	0.0	0.0	0.0	0.0	0.0	0.0	0.0	0.0	0.0
2	0.0	0.0	0.0	0.0	0.0	0.0	0.0	0.0	0.0	0.0	0.0	0.0	0.0	0.0	0.0	0.0
3	0.0	0.0	0.0	0.0	0.0	0.0	0.0	0.0	0.0	0.0	0.0	0.0	0.0	0.0	0.0	0.0
4	0.0	0.0	0.0	0.0	0.0	0.0	0.0	0.0	0.0	0.0	0.0	0.0	0.0	0.0	0.0	0.0
5	0.0	0.0	0.0	0.0	0.0	0.0	0.0	0.0	0.0	0.0	0.0	0.0	0.0	0.0	0.0	0.0
6	0.0	0.0	0.0	0.0	0.0	0.0	0.0	0.0	0.0	0.0	0.0	0.0	0.0	0.0	0.0	0.0
7	0.0	0.0	0.0	0.0	0.0	0.0	0.0	0.0	0.0	0.0	0.0	0.0	0.0	0.0	0.0	0.0
8	0.0	0.0	0.0	0.0	0.0	0.0	0.0	0.0	0.0	0.0	0.0	0.0	0.0	0.0	0.0	0.0
9	0.0	0.0	0.0	0.0	0.0	0.0	0.0	0.0	0.0	0.0	0.0	0.0	0.0	0.0	0.0	0.0
10	0.0	0.0	0.0	0.0	0.0	0.0	0.0	0.0	0.0	0.0	0.0	0.0	0.0	0.0	0.0	0.0
11	0.009592216457953858	0.007501605178656222	0.0007378628044579891	0.003812291156366277	0.0	0.0	0.0	0.0	0.0	0.002582519815602962	0.0018446570111449725	0.005288016765282255	0.007501605178656222	0.006271833837892907	0.0019676341452213044	0.005902902435663913
12	0.09272475909355396	0.08903544507126401	0.05214230484836456	0.10994155786424037	0.14990912643904813	0.17622623313138305	0.18089936422628367	0.1462198124167582	0.11609041456805694	0.12002568285849956	0.10944964932793505	0.11154026060723268	0.113138963350225	0.08817460513272969	0.06530085819453203	0.09001926214387466
13	0.23623907456063284	0.20746242518677127	0.12740431090307944	0.28887328794530276	0.3664718595474679	0.3932808747761082	0.3937727833124135	0.35749452875989574	0.3115010806153477	0.2929315333698217	0.2565303016832275	0.25431671326985356	0.2737471004539139	0.1903686035501612	0.1646663825282079	0.21029089927052688
14	0.3736045333238951	0.3240447482911335	0.21004494500237422	0.4467759280993124	0.523021751226638	0.5467563381033699	0.5445427496899959	0.513429534768684	0.47284708052349467	0.4455461567585491	0.3833197269159253	0.3772938473461851	0.4157856903120768	0.27768236874435653	0.2872745852023104	0.31998650286661456
15	0.4769053259480136	0.4120963762897869	0.2790351172191962	0.5554877146227895	0.629151017934512	0.6468597252415037	0.6419406398784505	0.6183290301357948	0.5884455865552463	0.5510605377960415	0.47284708052349467	0.4580898244343349	0.5150282375116764	0.3356045988943087	0.38184400130700935	0.40397988544074903
16	0.534950533232042	0.4498503564512207	0.31875673152585127	0.6150086475157339	0.6853515682073956	0.70330622978254	0.6969114188105706	0.6767431688220523	0.652516673409015	0.6035717740466351	0.49670464453430296	0.49670464453430296	0.5578242801702397	0.36954628789937616	0.4304199692671603	0.4637467726018461
17	0.5533971033434918	0.4546464646801976	0.3485171979723235	0.6248468182418405	0.6987560758217157	0.718186463005776	0.7115456977656541	0.6917463791793648	0.6693645407774724	0.6113193334934439	0.5006399128247455	0.5104780835508521	0.5519213777345758	0.38049125283216967	0.4516950134623656	0.49018685642825743
18	0.5318761048801338	0.4194750043343668	0.3567566659554377	0.5920119234434599	0.6568208731016867	0.6935910361905097	0.6870732480844641	0.6639535468781138	0.6332092633590309	0.582419706985506	0.4724781491212657	0.48145547990883786	0.5161350317183634	0.3563877345532087	0.4429636369429461	0.47051051497604435
19	0.46251700126108286	0.357617505893972	0.3298246735927211	0.49953311861805866	0.5867239066781776	0.6266914752529854	0.6212804813536268	0.5928727633819942	0.5338437390253551	0.5117078548916154	0.4063164509881993	0.40939087934010765	0.4289442436582443	0.2887503108112264	0.39856889154139047	0.4085300394015733
20	0.3278570394474998	0.2540707590017009	0.2753458031969062	0.36192170558664366	0.47174028631680764	0.5153971689139053	0.5121997634279207	0.4783810515569296	0.3734815561898188	0.38418056685445967	0.29908039007363824	0.29379237330835595	0.3233068854866755	0.20020677427626768	0.3089185607997448	0.3204784114029199
21	0.2141031904268932	0.16023920570145994	0.19061455781831385	0.22652388096860265	0.26009663857144116	0.3508537635197738	0.3524524662627661	0.30522924677745483	0.22664685810267898	0.2469380852252737	0.20377311116448132	0.1767181416676884	0.21029089927052688	0.1073590380486374	0.20746242518677127	0.19590257458359608
22	0.09579918744546224	0.068252309412364	0.08878949080311135	0.08719078806011904	0.09051117068018	0.13146255632759837	0.12408392828301848	0.10662117524417943	0.07157269203242493	0.09555323317730958	0.09272475909355396	0.07477009751840956	0.0878056737305007	0.037753980161433776	0.09543025604323326	0.07538498318879122
23	0.008854353653495867	0.0018446570111449725	0.007255650910503559	0.00024595426815266305	0.0	0.0	0.0	0.0	0.0	0.00245954268152663	0.003074428351908288	0.0018446570111449725	0.006763742374198233	0.0	0.007501605178656222	0.002582519815602962
24	0.0	0.0	0.0	0.0	0.0	0.0	0.0	0.0	0.0	0.0	0.0	0.0	0.0	0.0	0.0	0.0
["PV_HS","C2",*,*] :	1	2	3	4	5	6	7	8	9	10	11	12	13	14	15	16 := 
1	0.0	0.0	0.0	0.0	0.0	0.0	0.0	0.0	0.0	0.0	0.0	0.0	0.0	0.0	0.0	0.0
2	0.0	0.0	0.0	0.0	0.0	0.0	0.0	0.0	0.0	0.0	0.0	0.0	0.0	0.0	0.0	0.0
3	0.0	0.0	0.0	0.0	0.0	0.0	0.0	0.0	0.0	0.0	0.0	0.0	0.0	0.0	0.0	0.0
4	0.0	0.0	0.0	0.0	0.0	0.0	0.0	0.0	0.0	0.0	0.0	0.0	0.0	0.0	0.0	0.0
5	0.0	0.0	0.0	0.0	0.0	0.0	0.0	0.0	0.0	0.0	0.0	0.0	0.0	0.0	0.0	0.0
6	0.0	0.0	0.0	0.0	0.0	0.0	0.0	0.0	0.0	0.0	0.0	0.0	0.0	0.0	0.0	0.0
7	0.0	0.0	0.0	0.0	0.0	0.0	0.0	0.0	0.0	0.0	0.0	0.0	0.0	0.0	0.0	0.0
8	0.0	0.0	0.0	0.0	0.0	0.0	0.0	0.0	0.0	0.0	0.0	0.0	0.0	0.0	0.0	0.0
9	0.0	0.0	0.0	0.0	0.0	0.0	0.0	0.0	0.0	0.0	0.0	0.0	0.0	0.0	0.0	0.0
10	0.0	0.0	0.0	0.0	0.0	0.0	0.0	0.0	0.0	0.0	0.0	0.0	0.0	0.0	0.0	0.0
11	0.00875228571785411	0.006936035324915517	0.0024771554731841134	0.0037979747714858825	0.0	0.0	0.0	0.0	0.00016547398560869876	0.003963448757094581	0.0009908621892736453	0.0066060782158873935	0.007265992433943641	0.006110647121250571	0.0034680176624577587	0.005119784931976925
12	0.09396643399538761	0.08670044156144396	0.056644618774206484	0.10337962479348724	0.15804251918914644	0.18330950501562437	0.1895846352602944	0.12121514420041285	0.11675626434868144	0.12567402405214426	0.09495729618466126	0.11890346271283743	0.10337962479348724	0.0898385021148736	0.07662634568309881	0.08736134664168949
13	0.22888916572221207	0.19949325715303085	0.14169329306613127	0.27430335244319104	0.37421595043640976	0.40063828157558085	0.39816112610239673	0.3154241332980473	0.30402921812140044	0.2990749071750322	0.2467246851291377	0.2711662827519507	0.24573382293986404	0.20329222278670597	0.18776838486735578	0.20841101685649363
14	0.3606738368956069	0.3121215896211983	0.22905463970782078	0.42243724973960106	0.5269732107079707	0.552571144505666	0.5466259713700241	0.480568161797718	0.46487984075494837	0.44687884736241407	0.3943631513309109	0.4027854799397368	0.3747113815310466	0.30502008031067407	0.3023784417140705	0.31591956439268415
15	0.4590991507427259	0.4036108681434018	0.2994058551462496	0.5263132964899143	0.6253995154172789	0.6505010272581482	0.6435649919332326	0.5869203731590261	0.5822970101838754	0.5466259713700241	0.505009759420531	0.4951011375277945	0.46289811637640105	0.3638118974490366	0.39106060765406175	0.3978311689933686
16	0.5193772611649989	0.43878647586261615	0.35059974101726177	0.5804797689287475	0.6812177551256312	0.7049984476681986	0.6972370241396182	0.6422441726349309	0.6432350348242045	0.5953427017678521	0.5512493343451749	0.5363864015060702	0.4992290694083085	0.39188599585772677	0.43944738094286173	0.4462179422821685
17	0.5396899360451086	0.44555802806411227	0.37272965715249934	0.5968289950517626	0.687988316464938	0.7182096132377841	0.710282715723595	0.6617304684491864	0.6592533129760022	0.6057467547552254	0.5656168360896429	0.5492676099666276	0.4898158786102089	0.39667483281848626	0.4526585465124472	0.4607509180122451
18	0.5122757518544746	0.4252453531840026	0.36612357893661196	0.56132343022352	0.6574370625830637	0.6914563341273958	0.6789060736380558	0.6354726204334348	0.6300228783924298	0.5674340773447707	0.525982348518697	0.5177254938954796	0.46042096090321694	0.3662890529222207	0.4316859574142813	0.435153975076739
19	0.4493560028355982	0.363150992368791	0.33177335942106245	0.4823844121906566	0.586590416049998	0.6229223599440947	0.6118574018764761	0.5585163176413078	0.5486076957485714	0.46999863482473603	0.4463834162677772	0.44489712298386674	0.37983017560083426	0.29791956186233914	0.38049108068107984	0.37702306301862204
20	0.3299571090281239	0.26786274821291234	0.2675327911038843	0.35456318977435636	0.46372350458006606	0.5064960527044415	0.5005508795687996	0.4234281119288747	0.40542810939852963	0.34482004186722853	0.30832361484971244	0.3233510308122365	0.2949469752945182	0.2094018790457673	0.30436016609261785	0.28982719036254123
21	0.20692472357258318	0.1729054520282511	0.1793460562585298	0.22443028587048067	0.25299981537380767	0.338709394745978	0.33524137708352025	0.2650556356307001	0.2556424448326005	0.22261403547754208	0.20015416223327637	0.19784248074570096	0.18165773774610522	0.12385777365920567	0.1943744630832432	0.17125368475873193
22	0.0896730281292649	0.0744801381811321	0.08306694991337751	0.08818673484535443	0.07629638857407069	0.12484863584847931	0.125014109834088	0.0959481583739349	0.06969031035818331	0.08719587265608078	0.07959893225091975	0.07910350115628292	0.07200298270794799	0.047231427976106855	0.08290246678995809	0.06457151628839565
23	0.005119784931976925	0.0008253882036649465	0.004954310946368227	0.0004954310946368226	0.0	0.0	0.0	0.0	0.0	0.0009908621892736453	0.0003299571090281239	0.0021471983641559896	0.003138060553429635	0.0003299571090281239	0.0034680176624577587	0.0011563361748823443
24	0.0	0.0	0.0	0.0	0.0	0.0	0.0	0.0	0.0	0.0	0.0	0.0	0.0	0.0	0.0	0.0
["PV_HS","C3",*,*] :	1	2	3	4	5	6	7	8	9	10	11	12	13	14	15	16 := 
1	0.0	0.0	0.0	0.0	0.0	0.0	0.0	0.0	0.0	0.0	0.0	0.0	0.0	0.0	0.0	0.0
2	0.0	0.0	0.0	0.0	0.0	0.0	0.0	0.0	0.0	0.0	0.0	0.0	0.0	0.0	0.0	0.0
3	0.0	0.0	0.0	0.0	0.0	0.0	0.0	0.0	0.0	0.0	0.0	0.0	0.0	0.0	0.0	0.0
4	0.0	0.0	0.0	0.0	0.0	0.0	0.0	0.0	0.0	0.0	0.0	0.0	0.0	0.0	0.0	0.0
5	0.0	0.0	0.0	0.0	0.0	0.0	0.0	0.0	0.0	0.0	0.0	0.0	0.0	0.0	0.0	0.0
6	0.0	0.0	0.0	0.0	0.0	0.0	0.0	0.0	0.0	0.0	0.0	0.0	0.0	0.0	0.0	0.0
7	0.0	0.0	0.0	0.0	0.0	0.0	0.0	0.0	0.0	0.0	0.0	0.0	0.0	0.0	0.0	0.0
8	0.0	0.0	0.0	0.0	0.0	0.0	0.0	0.0	0.0	0.0	0.0	0.0	0.0	0.0	0.0	0.0
9	0.0	0.0	0.0	0.0	0.0	0.0	0.0	0.0	0.0	0.0	0.0	0.0	0.0	0.0	0.0	0.0
10	0.0	0.0	0.0	0.0	0.0	0.0	0.0	0.0	0.0	0.0	0.0	0.0	0.0	0.0	0.0	0.0
11	0.0029661439297863166	0.0	0.0	0.0	0.0	0.0	0.0	0.0	0.0	0.0	0.0	0.0	0.001977429286524211	0.001977429286524211	0.0009887146432621056	0.0
12	0.0692100250283474	0.0692100250283474	0.07415359824465792	0.08107460074749266	0.09986017896947266	0.13347647684038427	0.15127334041910215	0.09491660575316213	0.11172475468861794	0.10480375218578318	0.09986017896947266	0.07316488360139581	0.09392789110990003	0.0899730325368516	0.08404074467727898	0.05240187609289159
13	0.22246079473397376	0.19181064079284849	0.18785578221980007	0.2313592265233327	0.3045241101247285	0.3569259862176201	0.3727454205098138	0.318366115130398	0.3173774004871359	0.2768401001133896	0.25805452189140954	0.19774292865242113	0.24322380224247797	0.20070907258220744	0.21059621901482847	0.15423948434888846
14	0.3717567058665517	0.30056925155168007	0.290682105119059	0.3786777083693864	0.477549172695597	0.5230300462856539	0.5348946220047991	0.4973234655608391	0.4834814605551696	0.42316986731618117	0.4083391476672496	0.32330968834670853	0.3707679912232896	0.2896933904757969	0.3440726958552127	0.26695295368076855
15	0.49040246305800433	0.3895535694452696	0.36483570336371696	0.496334750917577	0.5961949298870496	0.6327773716877476	0.6396983741905823	0.6139917934657676	0.600149788460098	0.5398381952211097	0.48842503377148017	0.40537300373746327	0.4548087359005686	0.34011783728216427	0.43602315767858857	0.34703883978499905
16	0.5645560613026622	0.4607410237601412	0.41031657695377377	0.571477063805497	0.6535403791962519	0.6980325381430464	0.7000099674295707	0.6812243892075907	0.6683710988451834	0.600149788460098	0.49831218020410123	0.45283130661404436	0.4943573216310528	0.3678018472935033	0.4785378873388591	0.40240685980767693
17	0.590262642027477	0.5012783241338875	0.4291021551757538	0.5991610738168359	0.6822131038508528	0.7178068310082886	0.7197842602948128	0.7009986820728328	0.6911115356402118	0.6159692227522917	0.5121541852097707	0.477549172695597	0.5062218973501981	0.34506141049847483	0.49139117770126645	0.4073504330239875
18	0.5536802002267792	0.49237989234452856	0.4014181451644149	0.5783980663083317	0.6673823842019213	0.6970438234997843	0.7009986820728328	0.6802356745643285	0.6703485281317076	0.5922400713140012	0.49930089484736334	0.4676620262629759	0.5022670387771496	0.3015579661949422	0.47359431412254854	0.3984520012346286
19	0.4716168848360243	0.4439328748246854	0.3430839812119506	0.49831218020410123	0.5932287859572634	0.6149805081090297	0.6416758034771065	0.6149805081090297	0.5952062152437876	0.5388494805778475	0.44689901875447174	0.40537300373746327	0.4666733116197138	0.2521222340318369	0.42811344053249173	0.34703883978499905
20	0.35791470086088223	0.35198241300130956	0.25805452189140954	0.39350842801831803	0.4815040312686454	0.5161090437828191	0.5398381952211097	0.5091880412799844	0.4597523091168791	0.4320682991055401	0.3539598422878338	0.30551282476799063	0.37670027908286224	0.18291220900348953	0.33616297870911593	0.2501448047453127
21	0.21850593616092534	0.22344950937723587	0.17401377721413058	0.2511335193885748	0.290682105119059	0.3490162690715232	0.3895535694452696	0.355937271574358	0.2629980951077201	0.2896933904757969	0.2333366558098569	0.17895735043044111	0.24520123152900217	0.11469089861840426	0.2303705118800706	0.14830719648931584
22	0.10579246682904529	0.10183760825599687	0.07613102753118213	0.1077698961155695	0.10084889361273476	0.11271346933188003	0.1809347797169653	0.1443523379162674	0.10579246682904529	0.11370218397514215	0.10381503754252108	0.0711874543148716	0.10974732540209371	0.047458302876581065	0.11370218397514215	0.05437930537941581
23	0.016808148935455795	0.010875861075883161	0.005932287859572633	0.004943573216310528	0.0	0.0	0.0	0.0	0.0	0.007909717146096845	0.009887146432621056	0.0029661439297863166	0.014830719648931583	0.001977429286524211	0.016808148935455795	0.0009887146432621056
24	0.0	0.0	0.0	0.0	0.0	0.0	0.0	0.0	0.0	0.0	0.0	0.0	0.0	0.0	0.0	0.0
["PV_HS","C4",*,*] :	1	2	3	4	5	6	7	8	9	10	11	12	13	14	15	16 := 
1	0.0	0.0	0.0	0.0	0.0	0.0	0.0	0.0	0.0	0.0	0.0	0.0	0.0	0.0	0.0	0.0
2	0.0	0.0	0.0	0.0	0.0	0.0	0.0	0.0	0.0	0.0	0.0	0.0	0.0	0.0	0.0	0.0
3	0.0	0.0	0.0	0.0	0.0	0.0	0.0	0.0	0.0	0.0	0.0	0.0	0.0	0.0	0.0	0.0
4	0.0	0.0	0.0	0.0	0.0	0.0	0.0	0.0	0.0	0.0	0.0	0.0	0.0	0.0	0.0	0.0
5	0.0	0.0	0.0	0.0	0.0	0.0	0.0	0.0	0.0	0.0	0.0	0.0	0.0	0.0	0.0	0.0
6	0.0	0.0	0.0	0.0	0.0	0.0	0.0	0.0	0.0	0.0	0.0	0.0	0.0	0.0	0.0	0.0
7	0.0	0.0	0.0	0.0	0.0	0.0	0.0	0.0	0.0	0.0	0.0	0.0	0.0	0.0	0.0	0.0
8	0.0	0.0	0.0	0.0	0.0	0.0	0.0	0.0	0.0	0.0	0.0	0.0	0.0	0.0	0.0	0.0
9	0.0	0.0	0.0	0.0	0.0	0.0	0.0	0.0	0.0	0.0	0.0	0.0	0.0	0.0	0.0	0.0
10	0.0	0.0	0.0	0.0	0.0	0.0	0.0	0.0	0.0	0.0	0.0	0.0	0.0	0.0	0.0	0.0
11	0.01126677109774674	0.010776911484801229	0.0029391576776730626	0.003918876903564084	0.0	0.0	0.0	0.0	0.0	0.0034290172906185734	0.005878315355346125	0.012246490323637761	0.007347894194182657	0.006368174968291635	0.008817473033019187	0.006368174968291635
12	0.09993136104088413	0.09454290529848351	0.05976287277935227	0.09062402839491943	0.14597816465776212	0.19496412595231316	0.19006552982285807	0.1263837801399417	0.1263837801399417	0.10923869368684883	0.12001560517165005	0.13422153394706987	0.094053045685538	0.07984711691011821	0.0891544495560829	0.07788767845833616
13	0.22043682582547972	0.21455851047013358	0.14597816465776212	0.22680500079377136	0.3507394828689855	0.4051138999059371	0.3958065672599725	0.31938846764047285	0.31106085422039914	0.25080812182810136	0.26795320828119423	0.2880374524119601	0.2155382296960246	0.1827176356286754	0.2023120201464958	0.18026833756394783
14	0.3355538348676747	0.3321248175770561	0.24884868337631932	0.3507394828689855	0.4996568052044207	0.5506022049507538	0.5442340299824621	0.48447115720310985	0.46438691307234387	0.39041811151757183	0.39384712880819045	0.42127926713313896	0.3335943964158926	0.2762808217012679	0.3130202926721812	0.2748112428624314
15	0.4247082844237576	0.4168705306166294	0.3507394828689855	0.4369547747473953	0.5809735009533754	0.6446552506362918	0.6402465141197822	0.5971388681805773	0.5746053259850837	0.5109235763021673	0.4859407360419464	0.5138627339798404	0.42764744210143063	0.34143215022302076	0.3747426039033155	0.35857723667611363
16	0.48202185913838225	0.45507958042637925	0.4041341806800461	0.4903494725584559	0.6280000237961444	0.6960905099955703	0.6902121946402242	0.6436755314104008	0.6255507257314168	0.5701965894685741	0.5310078204329334	0.5520717837895903	0.4727145264924176	0.3874789538398988	0.4124617941001198	0.4134415133260108
17	0.5128830147539494	0.45263028236165165	0.4183401094554659	0.5148424532057314	0.6240811468925803	0.7068674214803716	0.6995195272861889	0.655432162121093	0.6392667948938912	0.5760749048239202	0.5295382415940968	0.5457036088212986	0.47761312262187267	0.3967862864858635	0.41980968829430243	0.445282388167469
18	0.51827147049635	0.42421842481081207	0.4046240402929916	0.4927987706231835	0.5907706932122856	0.678455563929532	0.6725772485741859	0.6240811468925803	0.6069360604394874	0.5486427664989717	0.4830015783642733	0.5065148397856578	0.4354851959085588	0.37278316545153345	0.40119502300237303	0.4364649151344498
19	0.4653666322982349	0.3620062539667322	0.35416850015960405	0.4374446343603408	0.539335433853007	0.6088954988912695	0.6035070431488688	0.5290483819811513	0.5138627339798404	0.47173480726652656	0.4051138999059371	0.4315663190049947	0.3389828521582932	0.32967551951232854	0.35318878093371303	0.3786614808068796
20	0.3571076578372771	0.25521685834461094	0.27873011976599543	0.3335943964158926	0.4325460382308857	0.49230891101023794	0.4869204552678374	0.4051138999059371	0.35318878093371303	0.3424118694489118	0.27873011976599543	0.30371296002621645	0.258156016022284	0.24737910453748277	0.2762808217012679	0.2836287158954505
21	0.21896724698664316	0.1592043742072909	0.17536974143449274	0.21406865085718807	0.22582528156788031	0.3213479060922549	0.31106085422039914	0.24541966608570073	0.20476131821122337	0.21455851047013358	0.1910452490487491	0.17585960104743825	0.15724493575550885	0.13128237626939682	0.1783088991121658	0.17145086453092864
22	0.08817473033019188	0.06221217084407983	0.0705397842641535	0.07837753807128167	0.05388455742400615	0.10140093987972065	0.09503276491142904	0.07396880155477208	0.05780343432757023	0.0754383803936086	0.07641809961949964	0.06711076697353494	0.057313574714624727	0.04604680361687798	0.07347894194182657	0.05780343432757023
23	0.0029391576776730626	0.0	0.0024492980647275522	0.0	0.0	0.0	0.0	0.0	0.0	0.0	0.0	0.0	0.000979719225891021	0.0	0.0004898596129455105	0.0
24	0.0	0.0	0.0	0.0	0.0	0.0	0.0	0.0	0.0	0.0	0.0	0.0	0.0	0.0	0.0	0.0
["PV_HS","C5",*,*] :	1	2	3	4	5	6	7	8	9	10	11	12	13	14	15	16 := 
1	0.0	0.0	0.0	0.0	0.0	0.0	0.0	0.0	0.0	0.0	0.0	0.0	0.0	0.0	0.0	0.0
2	0.0	0.0	0.0	0.0	0.0	0.0	0.0	0.0	0.0	0.0	0.0	0.0	0.0	0.0	0.0	0.0
3	0.0	0.0	0.0	0.0	0.0	0.0	0.0	0.0	0.0	0.0	0.0	0.0	0.0	0.0	0.0	0.0
4	0.0	0.0	0.0	0.0	0.0	0.0	0.0	0.0	0.0	0.0	0.0	0.0	0.0	0.0	0.0	0.0
5	0.0	0.0	0.0	0.0	0.0	0.0	0.0	0.0	0.0	0.0	0.0	0.0	0.0	0.0	0.0	0.0
6	0.0	0.0	0.0	0.0	0.0	0.0	0.0	0.0	0.0	0.0	0.0	0.0	0.0	0.0	0.0	0.0
7	0.0	0.0	0.0	0.0	0.0	0.0	0.0	0.0	0.0	0.0	0.0	0.0	0.0	0.0	0.0	0.0
8	0.0	0.0	0.0	0.0	0.0	0.0	0.0	0.0	0.0	0.0	0.0	0.0	0.0	0.0	0.0	0.0
9	0.0	0.0	0.0	0.0	0.0	0.0	0.0	0.0	0.0	0.0	0.0	0.0	0.0	0.0	0.0	0.0
10	0.0	0.0	0.0	0.0	0.0	0.0	0.0	0.0	0.0	0.0	0.0	0.0	0.0	0.0	0.0	0.0
11	0.0029760983285567044	0.0019840655523711364	0.0	0.0	0.0	0.0	0.0	0.0	0.0	0.0	0.0	0.0	0.0029760983285567044	0.00496016388092784	0.0009920327761855682	0.0
12	0.08531481875195884	0.07837058931865988	0.06051399934731965	0.0962271792900001	0.12598816257556714	0.15674117863731976	0.16566947362298987	0.1210279986946393	0.11904393314226816	0.1150758020375259	0.10713953982804135	0.0744024582139176	0.09920327761855681	0.09821124484237125	0.07241839266154647	0.05952196657113408
13	0.2271755057464951	0.20039062078948477	0.15078898198020635	0.2638807184653611	0.3224106522603096	0.37697245495051585	0.3849087171600004	0.3333230127983509	0.32538675058886635	0.2896735706461859	0.26288868568917556	0.19047029302762908	0.26090462013680443	0.20733485022278372	0.19443842413237133	0.14682085087546407
14	0.37002822551721687	0.3194345539317529	0.23907989906072188	0.42062189710268083	0.49800045364515516	0.5356976991402068	0.5406578630211346	0.49800045364515516	0.48907215865948506	0.4315342576407221	0.3938370121456705	0.29364170175092813	0.40772547101226847	0.29364170175092813	0.3263787833650519	0.24900022682257758
15	0.4930402897642273	0.42459002820742314	0.2946337345271137	0.5327216008116501	0.626964714549279	0.640853173415877	0.6428372389682482	0.6140682884588666	0.6001798295922687	0.5426419285735058	0.4731996342405159	0.36209196330773236	0.5039526503022685	0.35812383220299004	0.42459002820742314	0.3541557010982478
16	0.5644666496495881	0.47716776534525823	0.3224106522603096	0.5892674690542274	0.6884707466727842	0.7013671727631966	0.7013671727631966	0.6795424516871141	0.6666460255967018	0.5962116984875264	0.509904846959382	0.4067334382360829	0.5515702235591758	0.3759804221743303	0.48708809310711393	0.4384784870740211
17	0.5882754362780418	0.4841119947785572	0.3263787833650519	0.6140682884588666	0.7053353038679389	0.7202157955107223	0.7202157955107223	0.6944229433298976	0.6904548122251554	0.6081160918017532	0.5634746168734026	0.4444306837311345	0.5436339613496913	0.3819326188314437	0.509904846959382	0.46923150313577366
18	0.5585144529924748	0.45335897871680464	0.30554609506515495	0.5892674690542274	0.6735902550300008	0.6983910744346399	0.6983910744346399	0.6616858617157739	0.6577177306110317	0.5843073051732995	0.546610059678248	0.42657409375979427	0.5059367158546397	0.3442353733363921	0.5009765519737118	0.46228727370247474
19	0.48907215865948506	0.38689278271237154	0.2648727512415467	0.516849076392681	0.5991877968160831	0.6358930095349491	0.6368850423111347	0.5962116984875264	0.5724029118590728	0.5218092402736089	0.4831199620023716	0.3601078977553612	0.4503828803882479	0.254952423479691	0.4483988148358768	0.40375733990752616
20	0.3472114716649488	0.2579285218082477	0.20535078467041257	0.39086091381711385	0.4573271098215469	0.5257773713783511	0.5327216008116501	0.48708809310711393	0.40078124157896955	0.415661733221753	0.3730043238457736	0.25991258736061884	0.3571317994268045	0.17558980138484553	0.35812383220299004	0.32836284891742307
21	0.23312770240360847	0.17955793248958782	0.14285271977072178	0.24404006294164973	0.26189665291298997	0.37002822551721687	0.37895652050288703	0.33431504557453645	0.254952423479691	0.27280901345103126	0.20733485022278372	0.1557491458611342	0.23907989906072188	0.10317140872329908	0.21824721076082498	0.204358751894227
22	0.10813157260422691	0.08333075319958773	0.06745822878061863	0.0962271792900001	0.11110767093278362	0.12202003147082487	0.16864557195154659	0.11606783481371147	0.09721921206618567	0.1021793759471135	0.10019531039474239	0.062498064899690786	0.09920327761855681	0.04067334382360829	0.10713953982804135	0.0773785565424743
23	0.01488049164278352	0.005952196657113409	0.00496016388092784	0.0019840655523711364	0.0	0.0	0.0	0.0	0.0	0.005952196657113409	0.006944229433298976	0.0009920327761855682	0.011904393314226817	0.0	0.011904393314226817	0.003968131104742273
24	0.0	0.0	0.0	0.0	0.0	0.0	0.0	0.0	0.0	0.0	0.0	0.0	0.0	0.0	0.0	0.0
["TIDAL_STREAM","C1",*,*] :	1	2	3	4	5	6	7	8	9	10	11	12	13	14	15	16 := 
1	0.00010000000000000003	0.00010000000000000003	0.00010000000000000003	0.00010000000000000003	0.00010000000000000003	0.00010000000000000003	0.00010000000000000003	0.00010000000000000003	0.00010000000000000003	0.00010000000000000003	0.00010000000000000003	0.00010000000000000003	0.00010000000000000003	0.00010000000000000003	0.00010000000000000003	0.00010000000000000003
2	0.00010000000000000003	0.00010000000000000003	0.00010000000000000003	0.00010000000000000003	0.00010000000000000003	0.00010000000000000003	0.00010000000000000003	0.00010000000000000003	0.00010000000000000003	0.00010000000000000003	0.00010000000000000003	0.00010000000000000003	0.00010000000000000003	0.00010000000000000003	0.00010000000000000003	0.00010000000000000003
3	0.00010000000000000003	0.00010000000000000003	0.00010000000000000003	0.00010000000000000003	0.00010000000000000003	0.00010000000000000003	0.00010000000000000003	0.00010000000000000003	0.00010000000000000003	0.00010000000000000003	0.00010000000000000003	0.00010000000000000003	0.00010000000000000003	0.00010000000000000003	0.00010000000000000003	0.00010000000000000003
4	0.00010000000000000003	0.00010000000000000003	0.00010000000000000003	0.00010000000000000003	0.00010000000000000003	0.00010000000000000003	0.00010000000000000003	0.00010000000000000003	0.00010000000000000003	0.00010000000000000003	0.00010000000000000003	0.00010000000000000003	0.00010000000000000003	0.00010000000000000003	0.00010000000000000003	0.00010000000000000003
5	0.00010000000000000003	0.00010000000000000003	0.00010000000000000003	0.00010000000000000003	0.00010000000000000003	0.00010000000000000003	0.00010000000000000003	0.00010000000000000003	0.00010000000000000003	0.00010000000000000003	0.00010000000000000003	0.00010000000000000003	0.00010000000000000003	0.00010000000000000003	0.00010000000000000003	0.00010000000000000003
6	0.00010000000000000003	0.00010000000000000003	0.00010000000000000003	0.00010000000000000003	0.00010000000000000003	0.00010000000000000003	0.00010000000000000003	0.00010000000000000003	0.00010000000000000003	0.00010000000000000003	0.00010000000000000003	0.00010000000000000003	0.00010000000000000003	0.00010000000000000003	0.00010000000000000003	0.00010000000000000003
7	0.00010000000000000003	0.00010000000000000003	0.00010000000000000003	0.00010000000000000003	0.00010000000000000003	0.00010000000000000003	0.00010000000000000003	0.00010000000000000003	0.00010000000000000003	0.00010000000000000003	0.00010000000000000003	0.00010000000000000003	0.00010000000000000003	0.00010000000000000003	0.00010000000000000003	0.00010000000000000003
8	0.00010000000000000003	0.00010000000000000003	0.00010000000000000003	0.00010000000000000003	0.00010000000000000003	0.00010000000000000003	0.00010000000000000003	0.00010000000000000003	0.00010000000000000003	0.00010000000000000003	0.00010000000000000003	0.00010000000000000003	0.00010000000000000003	0.00010000000000000003	0.00010000000000000003	0.00010000000000000003
9	0.00010000000000000003	0.00010000000000000003	0.00010000000000000003	0.00010000000000000003	0.00010000000000000003	0.00010000000000000003	0.00010000000000000003	0.00010000000000000003	0.00010000000000000003	0.00010000000000000003	0.00010000000000000003	0.00010000000000000003	0.00010000000000000003	0.00010000000000000003	0.00010000000000000003	0.00010000000000000003
10	0.00010000000000000003	0.00010000000000000003	0.00010000000000000003	0.00010000000000000003	0.00010000000000000003	0.00010000000000000003	0.00010000000000000003	0.00010000000000000003	0.00010000000000000003	0.00010000000000000003	0.00010000000000000003	0.00010000000000000003	0.00010000000000000003	0.00010000000000000003	0.00010000000000000003	0.00010000000000000003
11	0.00010000000000000003	0.00010000000000000003	0.00010000000000000003	0.00010000000000000003	0.00010000000000000003	0.00010000000000000003	0.00010000000000000003	0.00010000000000000003	0.00010000000000000003	0.00010000000000000003	0.00010000000000000003	0.00010000000000000003	0.00010000000000000003	0.00010000000000000003	0.00010000000000000003	0.00010000000000000003
12	0.00010000000000000003	0.00010000000000000003	0.00010000000000000003	0.00010000000000000003	0.00010000000000000003	0.00010000000000000003	0.00010000000000000003	0.00010000000000000003	0.00010000000000000003	0.00010000000000000003	0.00010000000000000003	0.00010000000000000003	0.00010000000000000003	0.00010000000000000003	0.00010000000000000003	0.00010000000000000003
13	0.00010000000000000003	0.00010000000000000003	0.00010000000000000003	0.00010000000000000003	0.00010000000000000003	0.00010000000000000003	0.00010000000000000003	0.00010000000000000003	0.00010000000000000003	0.00010000000000000003	0.00010000000000000003	0.00010000000000000003	0.00010000000000000003	0.00010000000000000003	0.00010000000000000003	0.00010000000000000003
14	0.00010000000000000003	0.00010000000000000003	0.00010000000000000003	0.00010000000000000003	0.00010000000000000003	0.00010000000000000003	0.00010000000000000003	0.00010000000000000003	0.00010000000000000003	0.00010000000000000003	0.00010000000000000003	0.00010000000000000003	0.00010000000000000003	0.00010000000000000003	0.00010000000000000003	0.00010000000000000003
15	0.00010000000000000003	0.00010000000000000003	0.00010000000000000003	0.00010000000000000003	0.00010000000000000003	0.00010000000000000003	0.00010000000000000003	0.00010000000000000003	0.00010000000000000003	0.00010000000000000003	0.00010000000000000003	0.00010000000000000003	0.00010000000000000003	0.00010000000000000003	0.00010000000000000003	0.00010000000000000003
16	0.00010000000000000003	0.00010000000000000003	0.00010000000000000003	0.00010000000000000003	0.00010000000000000003	0.00010000000000000003	0.00010000000000000003	0.00010000000000000003	0.00010000000000000003	0.00010000000000000003	0.00010000000000000003	0.00010000000000000003	0.00010000000000000003	0.00010000000000000003	0.00010000000000000003	0.00010000000000000003
17	0.00010000000000000003	0.00010000000000000003	0.00010000000000000003	0.00010000000000000003	0.00010000000000000003	0.00010000000000000003	0.00010000000000000003	0.00010000000000000003	0.00010000000000000003	0.00010000000000000003	0.00010000000000000003	0.00010000000000000003	0.00010000000000000003	0.00010000000000000003	0.00010000000000000003	0.00010000000000000003
18	0.00010000000000000003	0.00010000000000000003	0.00010000000000000003	0.00010000000000000003	0.00010000000000000003	0.00010000000000000003	0.00010000000000000003	0.00010000000000000003	0.00010000000000000003	0.00010000000000000003	0.00010000000000000003	0.00010000000000000003	0.00010000000000000003	0.00010000000000000003	0.00010000000000000003	0.00010000000000000003
19	0.00010000000000000003	0.00010000000000000003	0.00010000000000000003	0.00010000000000000003	0.00010000000000000003	0.00010000000000000003	0.00010000000000000003	0.00010000000000000003	0.00010000000000000003	0.00010000000000000003	0.00010000000000000003	0.00010000000000000003	0.00010000000000000003	0.00010000000000000003	0.00010000000000000003	0.00010000000000000003
20	0.00010000000000000003	0.00010000000000000003	0.00010000000000000003	0.00010000000000000003	0.00010000000000000003	0.00010000000000000003	0.00010000000000000003	0.00010000000000000003	0.00010000000000000003	0.00010000000000000003	0.00010000000000000003	0.00010000000000000003	0.00010000000000000003	0.00010000000000000003	0.00010000000000000003	0.00010000000000000003
21	0.00010000000000000003	0.00010000000000000003	0.00010000000000000003	0.00010000000000000003	0.00010000000000000003	0.00010000000000000003	0.00010000000000000003	0.00010000000000000003	0.00010000000000000003	0.00010000000000000003	0.00010000000000000003	0.00010000000000000003	0.00010000000000000003	0.00010000000000000003	0.00010000000000000003	0.00010000000000000003
22	0.00010000000000000003	0.00010000000000000003	0.00010000000000000003	0.00010000000000000003	0.00010000000000000003	0.00010000000000000003	0.00010000000000000003	0.00010000000000000003	0.00010000000000000003	0.00010000000000000003	0.00010000000000000003	0.00010000000000000003	0.00010000000000000003	0.00010000000000000003	0.00010000000000000003	0.00010000000000000003
23	0.00010000000000000003	0.00010000000000000003	0.00010000000000000003	0.00010000000000000003	0.00010000000000000003	0.00010000000000000003	0.00010000000000000003	0.00010000000000000003	0.00010000000000000003	0.00010000000000000003	0.00010000000000000003	0.00010000000000000003	0.00010000000000000003	0.00010000000000000003	0.00010000000000000003	0.00010000000000000003
24	0.00010000000000000003	0.00010000000000000003	0.00010000000000000003	0.00010000000000000003	0.00010000000000000003	0.00010000000000000003	0.00010000000000000003	0.00010000000000000003	0.00010000000000000003	0.00010000000000000003	0.00010000000000000003	0.00010000000000000003	0.00010000000000000003	0.00010000000000000003	0.00010000000000000003	0.00010000000000000003
["TIDAL_STREAM","C2",*,*] :	1	2	3	4	5	6	7	8	9	10	11	12	13	14	15	16 := 
1	0.00010000000000000003	0.00010000000000000003	0.00010000000000000003	0.00010000000000000003	0.00010000000000000003	0.00010000000000000003	0.00010000000000000003	0.00010000000000000003	0.00010000000000000003	0.00010000000000000003	0.00010000000000000003	0.00010000000000000003	0.00010000000000000003	0.00010000000000000003	0.00010000000000000003	0.00010000000000000003
2	0.00010000000000000003	0.00010000000000000003	0.00010000000000000003	0.00010000000000000003	0.00010000000000000003	0.00010000000000000003	0.00010000000000000003	0.00010000000000000003	0.00010000000000000003	0.00010000000000000003	0.00010000000000000003	0.00010000000000000003	0.00010000000000000003	0.00010000000000000003	0.00010000000000000003	0.00010000000000000003
3	0.00010000000000000003	0.00010000000000000003	0.00010000000000000003	0.00010000000000000003	0.00010000000000000003	0.00010000000000000003	0.00010000000000000003	0.00010000000000000003	0.00010000000000000003	0.00010000000000000003	0.00010000000000000003	0.00010000000000000003	0.00010000000000000003	0.00010000000000000003	0.00010000000000000003	0.00010000000000000003
4	0.00010000000000000003	0.00010000000000000003	0.00010000000000000003	0.00010000000000000003	0.00010000000000000003	0.00010000000000000003	0.00010000000000000003	0.00010000000000000003	0.00010000000000000003	0.00010000000000000003	0.00010000000000000003	0.00010000000000000003	0.00010000000000000003	0.00010000000000000003	0.00010000000000000003	0.00010000000000000003
5	0.00010000000000000003	0.00010000000000000003	0.00010000000000000003	0.00010000000000000003	0.00010000000000000003	0.00010000000000000003	0.00010000000000000003	0.00010000000000000003	0.00010000000000000003	0.00010000000000000003	0.00010000000000000003	0.00010000000000000003	0.00010000000000000003	0.00010000000000000003	0.00010000000000000003	0.00010000000000000003
6	0.00010000000000000003	0.00010000000000000003	0.00010000000000000003	0.00010000000000000003	0.00010000000000000003	0.00010000000000000003	0.00010000000000000003	0.00010000000000000003	0.00010000000000000003	0.00010000000000000003	0.00010000000000000003	0.00010000000000000003	0.00010000000000000003	0.00010000000000000003	0.00010000000000000003	0.00010000000000000003
7	0.00010000000000000003	0.00010000000000000003	0.00010000000000000003	0.00010000000000000003	0.00010000000000000003	0.00010000000000000003	0.00010000000000000003	0.00010000000000000003	0.00010000000000000003	0.00010000000000000003	0.00010000000000000003	0.00010000000000000003	0.00010000000000000003	0.00010000000000000003	0.00010000000000000003	0.00010000000000000003
8	0.00010000000000000003	0.00010000000000000003	0.00010000000000000003	0.00010000000000000003	0.00010000000000000003	0.00010000000000000003	0.00010000000000000003	0.00010000000000000003	0.00010000000000000003	0.00010000000000000003	0.00010000000000000003	0.00010000000000000003	0.00010000000000000003	0.00010000000000000003	0.00010000000000000003	0.00010000000000000003
9	0.00010000000000000003	0.00010000000000000003	0.00010000000000000003	0.00010000000000000003	0.00010000000000000003	0.00010000000000000003	0.00010000000000000003	0.00010000000000000003	0.00010000000000000003	0.00010000000000000003	0.00010000000000000003	0.00010000000000000003	0.00010000000000000003	0.00010000000000000003	0.00010000000000000003	0.00010000000000000003
10	0.00010000000000000003	0.00010000000000000003	0.00010000000000000003	0.00010000000000000003	0.00010000000000000003	0.00010000000000000003	0.00010000000000000003	0.00010000000000000003	0.00010000000000000003	0.00010000000000000003	0.00010000000000000003	0.00010000000000000003	0.00010000000000000003	0.00010000000000000003	0.00010000000000000003	0.00010000000000000003
11	0.00010000000000000003	0.00010000000000000003	0.00010000000000000003	0.00010000000000000003	0.00010000000000000003	0.00010000000000000003	0.00010000000000000003	0.00010000000000000003	0.00010000000000000003	0.00010000000000000003	0.00010000000000000003	0.00010000000000000003	0.00010000000000000003	0.00010000000000000003	0.00010000000000000003	0.00010000000000000003
12	0.00010000000000000003	0.00010000000000000003	0.00010000000000000003	0.00010000000000000003	0.00010000000000000003	0.00010000000000000003	0.00010000000000000003	0.00010000000000000003	0.00010000000000000003	0.00010000000000000003	0.00010000000000000003	0.00010000000000000003	0.00010000000000000003	0.00010000000000000003	0.00010000000000000003	0.00010000000000000003
13	0.00010000000000000003	0.00010000000000000003	0.00010000000000000003	0.00010000000000000003	0.00010000000000000003	0.00010000000000000003	0.00010000000000000003	0.00010000000000000003	0.00010000000000000003	0.00010000000000000003	0.00010000000000000003	0.00010000000000000003	0.00010000000000000003	0.00010000000000000003	0.00010000000000000003	0.00010000000000000003
14	0.00010000000000000003	0.00010000000000000003	0.00010000000000000003	0.00010000000000000003	0.00010000000000000003	0.00010000000000000003	0.00010000000000000003	0.00010000000000000003	0.00010000000000000003	0.00010000000000000003	0.00010000000000000003	0.00010000000000000003	0.00010000000000000003	0.00010000000000000003	0.00010000000000000003	0.00010000000000000003
15	0.00010000000000000003	0.00010000000000000003	0.00010000000000000003	0.00010000000000000003	0.00010000000000000003	0.00010000000000000003	0.00010000000000000003	0.00010000000000000003	0.00010000000000000003	0.00010000000000000003	0.00010000000000000003	0.00010000000000000003	0.00010000000000000003	0.00010000000000000003	0.00010000000000000003	0.00010000000000000003
16	0.00010000000000000003	0.00010000000000000003	0.00010000000000000003	0.00010000000000000003	0.00010000000000000003	0.00010000000000000003	0.00010000000000000003	0.00010000000000000003	0.00010000000000000003	0.00010000000000000003	0.00010000000000000003	0.00010000000000000003	0.00010000000000000003	0.00010000000000000003	0.00010000000000000003	0.00010000000000000003
17	0.00010000000000000003	0.00010000000000000003	0.00010000000000000003	0.00010000000000000003	0.00010000000000000003	0.00010000000000000003	0.00010000000000000003	0.00010000000000000003	0.00010000000000000003	0.00010000000000000003	0.00010000000000000003	0.00010000000000000003	0.00010000000000000003	0.00010000000000000003	0.00010000000000000003	0.00010000000000000003
18	0.00010000000000000003	0.00010000000000000003	0.00010000000000000003	0.00010000000000000003	0.00010000000000000003	0.00010000000000000003	0.00010000000000000003	0.00010000000000000003	0.00010000000000000003	0.00010000000000000003	0.00010000000000000003	0.00010000000000000003	0.00010000000000000003	0.00010000000000000003	0.00010000000000000003	0.00010000000000000003
19	0.00010000000000000003	0.00010000000000000003	0.00010000000000000003	0.00010000000000000003	0.00010000000000000003	0.00010000000000000003	0.00010000000000000003	0.00010000000000000003	0.00010000000000000003	0.00010000000000000003	0.00010000000000000003	0.00010000000000000003	0.00010000000000000003	0.00010000000000000003	0.00010000000000000003	0.00010000000000000003
20	0.00010000000000000003	0.00010000000000000003	0.00010000000000000003	0.00010000000000000003	0.00010000000000000003	0.00010000000000000003	0.00010000000000000003	0.00010000000000000003	0.00010000000000000003	0.00010000000000000003	0.00010000000000000003	0.00010000000000000003	0.00010000000000000003	0.00010000000000000003	0.00010000000000000003	0.00010000000000000003
21	0.00010000000000000003	0.00010000000000000003	0.00010000000000000003	0.00010000000000000003	0.00010000000000000003	0.00010000000000000003	0.00010000000000000003	0.00010000000000000003	0.00010000000000000003	0.00010000000000000003	0.00010000000000000003	0.00010000000000000003	0.00010000000000000003	0.00010000000000000003	0.00010000000000000003	0.00010000000000000003
22	0.00010000000000000003	0.00010000000000000003	0.00010000000000000003	0.00010000000000000003	0.00010000000000000003	0.00010000000000000003	0.00010000000000000003	0.00010000000000000003	0.00010000000000000003	0.00010000000000000003	0.00010000000000000003	0.00010000000000000003	0.00010000000000000003	0.00010000000000000003	0.00010000000000000003	0.00010000000000000003
23	0.00010000000000000003	0.00010000000000000003	0.00010000000000000003	0.00010000000000000003	0.00010000000000000003	0.00010000000000000003	0.00010000000000000003	0.00010000000000000003	0.00010000000000000003	0.00010000000000000003	0.00010000000000000003	0.00010000000000000003	0.00010000000000000003	0.00010000000000000003	0.00010000000000000003	0.00010000000000000003
24	0.00010000000000000003	0.00010000000000000003	0.00010000000000000003	0.00010000000000000003	0.00010000000000000003	0.00010000000000000003	0.00010000000000000003	0.00010000000000000003	0.00010000000000000003	0.00010000000000000003	0.00010000000000000003	0.00010000000000000003	0.00010000000000000003	0.00010000000000000003	0.00010000000000000003	0.00010000000000000003
["TIDAL_STREAM","C3",*,*] :	1	2	3	4	5	6	7	8	9	10	11	12	13	14	15	16 := 
1	0.00010000000000000003	0.00010000000000000003	0.00010000000000000003	0.00010000000000000003	0.00010000000000000003	0.00010000000000000003	0.00010000000000000003	0.00010000000000000003	0.00010000000000000003	0.00010000000000000003	0.00010000000000000003	0.00010000000000000003	0.00010000000000000003	0.00010000000000000003	0.00010000000000000003	0.00010000000000000003
2	0.00010000000000000003	0.00010000000000000003	0.00010000000000000003	0.00010000000000000003	0.00010000000000000003	0.00010000000000000003	0.00010000000000000003	0.00010000000000000003	0.00010000000000000003	0.00010000000000000003	0.00010000000000000003	0.00010000000000000003	0.00010000000000000003	0.00010000000000000003	0.00010000000000000003	0.00010000000000000003
3	0.00010000000000000003	0.00010000000000000003	0.00010000000000000003	0.00010000000000000003	0.00010000000000000003	0.00010000000000000003	0.00010000000000000003	0.00010000000000000003	0.00010000000000000003	0.00010000000000000003	0.00010000000000000003	0.00010000000000000003	0.00010000000000000003	0.00010000000000000003	0.00010000000000000003	0.00010000000000000003
4	0.00010000000000000003	0.00010000000000000003	0.00010000000000000003	0.00010000000000000003	0.00010000000000000003	0.00010000000000000003	0.00010000000000000003	0.00010000000000000003	0.00010000000000000003	0.00010000000000000003	0.00010000000000000003	0.00010000000000000003	0.00010000000000000003	0.00010000000000000003	0.00010000000000000003	0.00010000000000000003
5	0.00010000000000000003	0.00010000000000000003	0.00010000000000000003	0.00010000000000000003	0.00010000000000000003	0.00010000000000000003	0.00010000000000000003	0.00010000000000000003	0.00010000000000000003	0.00010000000000000003	0.00010000000000000003	0.00010000000000000003	0.00010000000000000003	0.00010000000000000003	0.00010000000000000003	0.00010000000000000003
6	0.00010000000000000003	0.00010000000000000003	0.00010000000000000003	0.00010000000000000003	0.00010000000000000003	0.00010000000000000003	0.00010000000000000003	0.00010000000000000003	0.00010000000000000003	0.00010000000000000003	0.00010000000000000003	0.00010000000000000003	0.00010000000000000003	0.00010000000000000003	0.00010000000000000003	0.00010000000000000003
7	0.00010000000000000003	0.00010000000000000003	0.00010000000000000003	0.00010000000000000003	0.00010000000000000003	0.00010000000000000003	0.00010000000000000003	0.00010000000000000003	0.00010000000000000003	0.00010000000000000003	0.00010000000000000003	0.00010000000000000003	0.00010000000000000003	0.00010000000000000003	0.00010000000000000003	0.00010000000000000003
8	0.00010000000000000003	0.00010000000000000003	0.00010000000000000003	0.00010000000000000003	0.00010000000000000003	0.00010000000000000003	0.00010000000000000003	0.00010000000000000003	0.00010000000000000003	0.00010000000000000003	0.00010000000000000003	0.00010000000000000003	0.00010000000000000003	0.00010000000000000003	0.00010000000000000003	0.00010000000000000003
9	0.00010000000000000003	0.00010000000000000003	0.00010000000000000003	0.00010000000000000003	0.00010000000000000003	0.00010000000000000003	0.00010000000000000003	0.00010000000000000003	0.00010000000000000003	0.00010000000000000003	0.00010000000000000003	0.00010000000000000003	0.00010000000000000003	0.00010000000000000003	0.00010000000000000003	0.00010000000000000003
10	0.00010000000000000003	0.00010000000000000003	0.00010000000000000003	0.00010000000000000003	0.00010000000000000003	0.00010000000000000003	0.00010000000000000003	0.00010000000000000003	0.00010000000000000003	0.00010000000000000003	0.00010000000000000003	0.00010000000000000003	0.00010000000000000003	0.00010000000000000003	0.00010000000000000003	0.00010000000000000003
11	0.00010000000000000003	0.00010000000000000003	0.00010000000000000003	0.00010000000000000003	0.00010000000000000003	0.00010000000000000003	0.00010000000000000003	0.00010000000000000003	0.00010000000000000003	0.00010000000000000003	0.00010000000000000003	0.00010000000000000003	0.00010000000000000003	0.00010000000000000003	0.00010000000000000003	0.00010000000000000003
12	0.00010000000000000003	0.00010000000000000003	0.00010000000000000003	0.00010000000000000003	0.00010000000000000003	0.00010000000000000003	0.00010000000000000003	0.00010000000000000003	0.00010000000000000003	0.00010000000000000003	0.00010000000000000003	0.00010000000000000003	0.00010000000000000003	0.00010000000000000003	0.00010000000000000003	0.00010000000000000003
13	0.00010000000000000003	0.00010000000000000003	0.00010000000000000003	0.00010000000000000003	0.00010000000000000003	0.00010000000000000003	0.00010000000000000003	0.00010000000000000003	0.00010000000000000003	0.00010000000000000003	0.00010000000000000003	0.00010000000000000003	0.00010000000000000003	0.00010000000000000003	0.00010000000000000003	0.00010000000000000003
14	0.00010000000000000003	0.00010000000000000003	0.00010000000000000003	0.00010000000000000003	0.00010000000000000003	0.00010000000000000003	0.00010000000000000003	0.00010000000000000003	0.00010000000000000003	0.00010000000000000003	0.00010000000000000003	0.00010000000000000003	0.00010000000000000003	0.00010000000000000003	0.00010000000000000003	0.00010000000000000003
15	0.00010000000000000003	0.00010000000000000003	0.00010000000000000003	0.00010000000000000003	0.00010000000000000003	0.00010000000000000003	0.00010000000000000003	0.00010000000000000003	0.00010000000000000003	0.00010000000000000003	0.00010000000000000003	0.00010000000000000003	0.00010000000000000003	0.00010000000000000003	0.00010000000000000003	0.00010000000000000003
16	0.00010000000000000003	0.00010000000000000003	0.00010000000000000003	0.00010000000000000003	0.00010000000000000003	0.00010000000000000003	0.00010000000000000003	0.00010000000000000003	0.00010000000000000003	0.00010000000000000003	0.00010000000000000003	0.00010000000000000003	0.00010000000000000003	0.00010000000000000003	0.00010000000000000003	0.00010000000000000003
17	0.00010000000000000003	0.00010000000000000003	0.00010000000000000003	0.00010000000000000003	0.00010000000000000003	0.00010000000000000003	0.00010000000000000003	0.00010000000000000003	0.00010000000000000003	0.00010000000000000003	0.00010000000000000003	0.00010000000000000003	0.00010000000000000003	0.00010000000000000003	0.00010000000000000003	0.00010000000000000003
18	0.00010000000000000003	0.00010000000000000003	0.00010000000000000003	0.00010000000000000003	0.00010000000000000003	0.00010000000000000003	0.00010000000000000003	0.00010000000000000003	0.00010000000000000003	0.00010000000000000003	0.00010000000000000003	0.00010000000000000003	0.00010000000000000003	0.00010000000000000003	0.00010000000000000003	0.00010000000000000003
19	0.00010000000000000003	0.00010000000000000003	0.00010000000000000003	0.00010000000000000003	0.00010000000000000003	0.00010000000000000003	0.00010000000000000003	0.00010000000000000003	0.00010000000000000003	0.00010000000000000003	0.00010000000000000003	0.00010000000000000003	0.00010000000000000003	0.00010000000000000003	0.00010000000000000003	0.00010000000000000003
20	0.00010000000000000003	0.00010000000000000003	0.00010000000000000003	0.00010000000000000003	0.00010000000000000003	0.00010000000000000003	0.00010000000000000003	0.00010000000000000003	0.00010000000000000003	0.00010000000000000003	0.00010000000000000003	0.00010000000000000003	0.00010000000000000003	0.00010000000000000003	0.00010000000000000003	0.00010000000000000003
21	0.00010000000000000003	0.00010000000000000003	0.00010000000000000003	0.00010000000000000003	0.00010000000000000003	0.00010000000000000003	0.00010000000000000003	0.00010000000000000003	0.00010000000000000003	0.00010000000000000003	0.00010000000000000003	0.00010000000000000003	0.00010000000000000003	0.00010000000000000003	0.00010000000000000003	0.00010000000000000003
22	0.00010000000000000003	0.00010000000000000003	0.00010000000000000003	0.00010000000000000003	0.00010000000000000003	0.00010000000000000003	0.00010000000000000003	0.00010000000000000003	0.00010000000000000003	0.00010000000000000003	0.00010000000000000003	0.00010000000000000003	0.00010000000000000003	0.00010000000000000003	0.00010000000000000003	0.00010000000000000003
23	0.00010000000000000003	0.00010000000000000003	0.00010000000000000003	0.00010000000000000003	0.00010000000000000003	0.00010000000000000003	0.00010000000000000003	0.00010000000000000003	0.00010000000000000003	0.00010000000000000003	0.00010000000000000003	0.00010000000000000003	0.00010000000000000003	0.00010000000000000003	0.00010000000000000003	0.00010000000000000003
24	0.00010000000000000003	0.00010000000000000003	0.00010000000000000003	0.00010000000000000003	0.00010000000000000003	0.00010000000000000003	0.00010000000000000003	0.00010000000000000003	0.00010000000000000003	0.00010000000000000003	0.00010000000000000003	0.00010000000000000003	0.00010000000000000003	0.00010000000000000003	0.00010000000000000003	0.00010000000000000003
["TIDAL_STREAM","C4",*,*] :	1	2	3	4	5	6	7	8	9	10	11	12	13	14	15	16 := 
1	0.00010000000000000003	0.00010000000000000003	0.00010000000000000003	0.00010000000000000003	0.00010000000000000003	0.00010000000000000003	0.00010000000000000003	0.00010000000000000003	0.00010000000000000003	0.00010000000000000003	0.00010000000000000003	0.00010000000000000003	0.00010000000000000003	0.00010000000000000003	0.00010000000000000003	0.00010000000000000003
2	0.00010000000000000003	0.00010000000000000003	0.00010000000000000003	0.00010000000000000003	0.00010000000000000003	0.00010000000000000003	0.00010000000000000003	0.00010000000000000003	0.00010000000000000003	0.00010000000000000003	0.00010000000000000003	0.00010000000000000003	0.00010000000000000003	0.00010000000000000003	0.00010000000000000003	0.00010000000000000003
3	0.00010000000000000003	0.00010000000000000003	0.00010000000000000003	0.00010000000000000003	0.00010000000000000003	0.00010000000000000003	0.00010000000000000003	0.00010000000000000003	0.00010000000000000003	0.00010000000000000003	0.00010000000000000003	0.00010000000000000003	0.00010000000000000003	0.00010000000000000003	0.00010000000000000003	0.00010000000000000003
4	0.00010000000000000003	0.00010000000000000003	0.00010000000000000003	0.00010000000000000003	0.00010000000000000003	0.00010000000000000003	0.00010000000000000003	0.00010000000000000003	0.00010000000000000003	0.00010000000000000003	0.00010000000000000003	0.00010000000000000003	0.00010000000000000003	0.00010000000000000003	0.00010000000000000003	0.00010000000000000003
5	0.00010000000000000003	0.00010000000000000003	0.00010000000000000003	0.00010000000000000003	0.00010000000000000003	0.00010000000000000003	0.00010000000000000003	0.00010000000000000003	0.00010000000000000003	0.00010000000000000003	0.00010000000000000003	0.00010000000000000003	0.00010000000000000003	0.00010000000000000003	0.00010000000000000003	0.00010000000000000003
6	0.00010000000000000003	0.00010000000000000003	0.00010000000000000003	0.00010000000000000003	0.00010000000000000003	0.00010000000000000003	0.00010000000000000003	0.00010000000000000003	0.00010000000000000003	0.00010000000000000003	0.00010000000000000003	0.00010000000000000003	0.00010000000000000003	0.00010000000000000003	0.00010000000000000003	0.00010000000000000003
7	0.00010000000000000003	0.00010000000000000003	0.00010000000000000003	0.00010000000000000003	0.00010000000000000003	0.00010000000000000003	0.00010000000000000003	0.00010000000000000003	0.00010000000000000003	0.00010000000000000003	0.00010000000000000003	0.00010000000000000003	0.00010000000000000003	0.00010000000000000003	0.00010000000000000003	0.00010000000000000003
8	0.00010000000000000003	0.00010000000000000003	0.00010000000000000003	0.00010000000000000003	0.00010000000000000003	0.00010000000000000003	0.00010000000000000003	0.00010000000000000003	0.00010000000000000003	0.00010000000000000003	0.00010000000000000003	0.00010000000000000003	0.00010000000000000003	0.00010000000000000003	0.00010000000000000003	0.00010000000000000003
9	0.00010000000000000003	0.00010000000000000003	0.00010000000000000003	0.00010000000000000003	0.00010000000000000003	0.00010000000000000003	0.00010000000000000003	0.00010000000000000003	0.00010000000000000003	0.00010000000000000003	0.00010000000000000003	0.00010000000000000003	0.00010000000000000003	0.00010000000000000003	0.00010000000000000003	0.00010000000000000003
10	0.00010000000000000003	0.00010000000000000003	0.00010000000000000003	0.00010000000000000003	0.00010000000000000003	0.00010000000000000003	0.00010000000000000003	0.00010000000000000003	0.00010000000000000003	0.00010000000000000003	0.00010000000000000003	0.00010000000000000003	0.00010000000000000003	0.00010000000000000003	0.00010000000000000003	0.00010000000000000003
11	0.00010000000000000003	0.00010000000000000003	0.00010000000000000003	0.00010000000000000003	0.00010000000000000003	0.00010000000000000003	0.00010000000000000003	0.00010000000000000003	0.00010000000000000003	0.00010000000000000003	0.00010000000000000003	0.00010000000000000003	0.00010000000000000003	0.00010000000000000003	0.00010000000000000003	0.00010000000000000003
12	0.00010000000000000003	0.00010000000000000003	0.00010000000000000003	0.00010000000000000003	0.00010000000000000003	0.00010000000000000003	0.00010000000000000003	0.00010000000000000003	0.00010000000000000003	0.00010000000000000003	0.00010000000000000003	0.00010000000000000003	0.00010000000000000003	0.00010000000000000003	0.00010000000000000003	0.00010000000000000003
13	0.00010000000000000003	0.00010000000000000003	0.00010000000000000003	0.00010000000000000003	0.00010000000000000003	0.00010000000000000003	0.00010000000000000003	0.00010000000000000003	0.00010000000000000003	0.00010000000000000003	0.00010000000000000003	0.00010000000000000003	0.00010000000000000003	0.00010000000000000003	0.00010000000000000003	0.00010000000000000003
14	0.00010000000000000003	0.00010000000000000003	0.00010000000000000003	0.00010000000000000003	0.00010000000000000003	0.00010000000000000003	0.00010000000000000003	0.00010000000000000003	0.00010000000000000003	0.00010000000000000003	0.00010000000000000003	0.00010000000000000003	0.00010000000000000003	0.00010000000000000003	0.00010000000000000003	0.00010000000000000003
15	0.00010000000000000003	0.00010000000000000003	0.00010000000000000003	0.00010000000000000003	0.00010000000000000003	0.00010000000000000003	0.00010000000000000003	0.00010000000000000003	0.00010000000000000003	0.00010000000000000003	0.00010000000000000003	0.00010000000000000003	0.00010000000000000003	0.00010000000000000003	0.00010000000000000003	0.00010000000000000003
16	0.00010000000000000003	0.00010000000000000003	0.00010000000000000003	0.00010000000000000003	0.00010000000000000003	0.00010000000000000003	0.00010000000000000003	0.00010000000000000003	0.00010000000000000003	0.00010000000000000003	0.00010000000000000003	0.00010000000000000003	0.00010000000000000003	0.00010000000000000003	0.00010000000000000003	0.00010000000000000003
17	0.00010000000000000003	0.00010000000000000003	0.00010000000000000003	0.00010000000000000003	0.00010000000000000003	0.00010000000000000003	0.00010000000000000003	0.00010000000000000003	0.00010000000000000003	0.00010000000000000003	0.00010000000000000003	0.00010000000000000003	0.00010000000000000003	0.00010000000000000003	0.00010000000000000003	0.00010000000000000003
18	0.00010000000000000003	0.00010000000000000003	0.00010000000000000003	0.00010000000000000003	0.00010000000000000003	0.00010000000000000003	0.00010000000000000003	0.00010000000000000003	0.00010000000000000003	0.00010000000000000003	0.00010000000000000003	0.00010000000000000003	0.00010000000000000003	0.00010000000000000003	0.00010000000000000003	0.00010000000000000003
19	0.00010000000000000003	0.00010000000000000003	0.00010000000000000003	0.00010000000000000003	0.00010000000000000003	0.00010000000000000003	0.00010000000000000003	0.00010000000000000003	0.00010000000000000003	0.00010000000000000003	0.00010000000000000003	0.00010000000000000003	0.00010000000000000003	0.00010000000000000003	0.00010000000000000003	0.00010000000000000003
20	0.00010000000000000003	0.00010000000000000003	0.00010000000000000003	0.00010000000000000003	0.00010000000000000003	0.00010000000000000003	0.00010000000000000003	0.00010000000000000003	0.00010000000000000003	0.00010000000000000003	0.00010000000000000003	0.00010000000000000003	0.00010000000000000003	0.00010000000000000003	0.00010000000000000003	0.00010000000000000003
21	0.00010000000000000003	0.00010000000000000003	0.00010000000000000003	0.00010000000000000003	0.00010000000000000003	0.00010000000000000003	0.00010000000000000003	0.00010000000000000003	0.00010000000000000003	0.00010000000000000003	0.00010000000000000003	0.00010000000000000003	0.00010000000000000003	0.00010000000000000003	0.00010000000000000003	0.00010000000000000003
22	0.00010000000000000003	0.00010000000000000003	0.00010000000000000003	0.00010000000000000003	0.00010000000000000003	0.00010000000000000003	0.00010000000000000003	0.00010000000000000003	0.00010000000000000003	0.00010000000000000003	0.00010000000000000003	0.00010000000000000003	0.00010000000000000003	0.00010000000000000003	0.00010000000000000003	0.00010000000000000003
23	0.00010000000000000003	0.00010000000000000003	0.00010000000000000003	0.00010000000000000003	0.00010000000000000003	0.00010000000000000003	0.00010000000000000003	0.00010000000000000003	0.00010000000000000003	0.00010000000000000003	0.00010000000000000003	0.00010000000000000003	0.00010000000000000003	0.00010000000000000003	0.00010000000000000003	0.00010000000000000003
24	0.00010000000000000003	0.00010000000000000003	0.00010000000000000003	0.00010000000000000003	0.00010000000000000003	0.00010000000000000003	0.00010000000000000003	0.00010000000000000003	0.00010000000000000003	0.00010000000000000003	0.00010000000000000003	0.00010000000000000003	0.00010000000000000003	0.00010000000000000003	0.00010000000000000003	0.00010000000000000003
["TIDAL_STREAM","C5",*,*] :	1	2	3	4	5	6	7	8	9	10	11	12	13	14	15	16 := 
1	0.00010000000000000003	0.00010000000000000003	0.00010000000000000003	0.00010000000000000003	0.00010000000000000003	0.00010000000000000003	0.00010000000000000003	0.00010000000000000003	0.00010000000000000003	0.00010000000000000003	0.00010000000000000003	0.00010000000000000003	0.00010000000000000003	0.00010000000000000003	0.00010000000000000003	0.00010000000000000003
2	0.00010000000000000003	0.00010000000000000003	0.00010000000000000003	0.00010000000000000003	0.00010000000000000003	0.00010000000000000003	0.00010000000000000003	0.00010000000000000003	0.00010000000000000003	0.00010000000000000003	0.00010000000000000003	0.00010000000000000003	0.00010000000000000003	0.00010000000000000003	0.00010000000000000003	0.00010000000000000003
3	0.00010000000000000003	0.00010000000000000003	0.00010000000000000003	0.00010000000000000003	0.00010000000000000003	0.00010000000000000003	0.00010000000000000003	0.00010000000000000003	0.00010000000000000003	0.00010000000000000003	0.00010000000000000003	0.00010000000000000003	0.00010000000000000003	0.00010000000000000003	0.00010000000000000003	0.00010000000000000003
4	0.00010000000000000003	0.00010000000000000003	0.00010000000000000003	0.00010000000000000003	0.00010000000000000003	0.00010000000000000003	0.00010000000000000003	0.00010000000000000003	0.00010000000000000003	0.00010000000000000003	0.00010000000000000003	0.00010000000000000003	0.00010000000000000003	0.00010000000000000003	0.00010000000000000003	0.00010000000000000003
5	0.00010000000000000003	0.00010000000000000003	0.00010000000000000003	0.00010000000000000003	0.00010000000000000003	0.00010000000000000003	0.00010000000000000003	0.00010000000000000003	0.00010000000000000003	0.00010000000000000003	0.00010000000000000003	0.00010000000000000003	0.00010000000000000003	0.00010000000000000003	0.00010000000000000003	0.00010000000000000003
6	0.00010000000000000003	0.00010000000000000003	0.00010000000000000003	0.00010000000000000003	0.00010000000000000003	0.00010000000000000003	0.00010000000000000003	0.00010000000000000003	0.00010000000000000003	0.00010000000000000003	0.00010000000000000003	0.00010000000000000003	0.00010000000000000003	0.00010000000000000003	0.00010000000000000003	0.00010000000000000003
7	0.00010000000000000003	0.00010000000000000003	0.00010000000000000003	0.00010000000000000003	0.00010000000000000003	0.00010000000000000003	0.00010000000000000003	0.00010000000000000003	0.00010000000000000003	0.00010000000000000003	0.00010000000000000003	0.00010000000000000003	0.00010000000000000003	0.00010000000000000003	0.00010000000000000003	0.00010000000000000003
8	0.00010000000000000003	0.00010000000000000003	0.00010000000000000003	0.00010000000000000003	0.00010000000000000003	0.00010000000000000003	0.00010000000000000003	0.00010000000000000003	0.00010000000000000003	0.00010000000000000003	0.00010000000000000003	0.00010000000000000003	0.00010000000000000003	0.00010000000000000003	0.00010000000000000003	0.00010000000000000003
9	0.00010000000000000003	0.00010000000000000003	0.00010000000000000003	0.00010000000000000003	0.00010000000000000003	0.00010000000000000003	0.00010000000000000003	0.00010000000000000003	0.00010000000000000003	0.00010000000000000003	0.00010000000000000003	0.00010000000000000003	0.00010000000000000003	0.00010000000000000003	0.00010000000000000003	0.00010000000000000003
10	0.00010000000000000003	0.00010000000000000003	0.00010000000000000003	0.00010000000000000003	0.00010000000000000003	0.00010000000000000003	0.00010000000000000003	0.00010000000000000003	0.00010000000000000003	0.00010000000000000003	0.00010000000000000003	0.00010000000000000003	0.00010000000000000003	0.00010000000000000003	0.00010000000000000003	0.00010000000000000003
11	0.00010000000000000003	0.00010000000000000003	0.00010000000000000003	0.00010000000000000003	0.00010000000000000003	0.00010000000000000003	0.00010000000000000003	0.00010000000000000003	0.00010000000000000003	0.00010000000000000003	0.00010000000000000003	0.00010000000000000003	0.00010000000000000003	0.00010000000000000003	0.00010000000000000003	0.00010000000000000003
12	0.00010000000000000003	0.00010000000000000003	0.00010000000000000003	0.00010000000000000003	0.00010000000000000003	0.00010000000000000003	0.00010000000000000003	0.00010000000000000003	0.00010000000000000003	0.00010000000000000003	0.00010000000000000003	0.00010000000000000003	0.00010000000000000003	0.00010000000000000003	0.00010000000000000003	0.00010000000000000003
13	0.00010000000000000003	0.00010000000000000003	0.00010000000000000003	0.00010000000000000003	0.00010000000000000003	0.00010000000000000003	0.00010000000000000003	0.00010000000000000003	0.00010000000000000003	0.00010000000000000003	0.00010000000000000003	0.00010000000000000003	0.00010000000000000003	0.00010000000000000003	0.00010000000000000003	0.00010000000000000003
14	0.00010000000000000003	0.00010000000000000003	0.00010000000000000003	0.00010000000000000003	0.00010000000000000003	0.00010000000000000003	0.00010000000000000003	0.00010000000000000003	0.00010000000000000003	0.00010000000000000003	0.00010000000000000003	0.00010000000000000003	0.00010000000000000003	0.00010000000000000003	0.00010000000000000003	0.00010000000000000003
15	0.00010000000000000003	0.00010000000000000003	0.00010000000000000003	0.00010000000000000003	0.00010000000000000003	0.00010000000000000003	0.00010000000000000003	0.00010000000000000003	0.00010000000000000003	0.00010000000000000003	0.00010000000000000003	0.00010000000000000003	0.00010000000000000003	0.00010000000000000003	0.00010000000000000003	0.00010000000000000003
16	0.00010000000000000003	0.00010000000000000003	0.00010000000000000003	0.00010000000000000003	0.00010000000000000003	0.00010000000000000003	0.00010000000000000003	0.00010000000000000003	0.00010000000000000003	0.00010000000000000003	0.00010000000000000003	0.00010000000000000003	0.00010000000000000003	0.00010000000000000003	0.00010000000000000003	0.00010000000000000003
17	0.00010000000000000003	0.00010000000000000003	0.00010000000000000003	0.00010000000000000003	0.00010000000000000003	0.00010000000000000003	0.00010000000000000003	0.00010000000000000003	0.00010000000000000003	0.00010000000000000003	0.00010000000000000003	0.00010000000000000003	0.00010000000000000003	0.00010000000000000003	0.00010000000000000003	0.00010000000000000003
18	0.00010000000000000003	0.00010000000000000003	0.00010000000000000003	0.00010000000000000003	0.00010000000000000003	0.00010000000000000003	0.00010000000000000003	0.00010000000000000003	0.00010000000000000003	0.00010000000000000003	0.00010000000000000003	0.00010000000000000003	0.00010000000000000003	0.00010000000000000003	0.00010000000000000003	0.00010000000000000003
19	0.00010000000000000003	0.00010000000000000003	0.00010000000000000003	0.00010000000000000003	0.00010000000000000003	0.00010000000000000003	0.00010000000000000003	0.00010000000000000003	0.00010000000000000003	0.00010000000000000003	0.00010000000000000003	0.00010000000000000003	0.00010000000000000003	0.00010000000000000003	0.00010000000000000003	0.00010000000000000003
20	0.00010000000000000003	0.00010000000000000003	0.00010000000000000003	0.00010000000000000003	0.00010000000000000003	0.00010000000000000003	0.00010000000000000003	0.00010000000000000003	0.00010000000000000003	0.00010000000000000003	0.00010000000000000003	0.00010000000000000003	0.00010000000000000003	0.00010000000000000003	0.00010000000000000003	0.00010000000000000003
21	0.00010000000000000003	0.00010000000000000003	0.00010000000000000003	0.00010000000000000003	0.00010000000000000003	0.00010000000000000003	0.00010000000000000003	0.00010000000000000003	0.00010000000000000003	0.00010000000000000003	0.00010000000000000003	0.00010000000000000003	0.00010000000000000003	0.00010000000000000003	0.00010000000000000003	0.00010000000000000003
22	0.00010000000000000003	0.00010000000000000003	0.00010000000000000003	0.00010000000000000003	0.00010000000000000003	0.00010000000000000003	0.00010000000000000003	0.00010000000000000003	0.00010000000000000003	0.00010000000000000003	0.00010000000000000003	0.00010000000000000003	0.00010000000000000003	0.00010000000000000003	0.00010000000000000003	0.00010000000000000003
23	0.00010000000000000003	0.00010000000000000003	0.00010000000000000003	0.00010000000000000003	0.00010000000000000003	0.00010000000000000003	0.00010000000000000003	0.00010000000000000003	0.00010000000000000003	0.00010000000000000003	0.00010000000000000003	0.00010000000000000003	0.00010000000000000003	0.00010000000000000003	0.00010000000000000003	0.00010000000000000003
24	0.00010000000000000003	0.00010000000000000003	0.00010000000000000003	0.00010000000000000003	0.00010000000000000003	0.00010000000000000003	0.00010000000000000003	0.00010000000000000003	0.00010000000000000003	0.00010000000000000003	0.00010000000000000003	0.00010000000000000003	0.00010000000000000003	0.00010000000000000003	0.00010000000000000003	0.00010000000000000003
["TIDAL_RANGE","C1",*,*] :	1	2	3	4	5	6	7	8	9	10	11	12	13	14	15	16 := 
1	0.00010000000000000003	0.00010000000000000003	0.00010000000000000003	0.00010000000000000003	0.00010000000000000003	0.00010000000000000003	0.00010000000000000003	0.00010000000000000003	0.00010000000000000003	0.00010000000000000003	0.00010000000000000003	0.00010000000000000003	0.00010000000000000003	0.00010000000000000003	0.00010000000000000003	0.00010000000000000003
2	0.00010000000000000003	0.00010000000000000003	0.00010000000000000003	0.00010000000000000003	0.00010000000000000003	0.00010000000000000003	0.00010000000000000003	0.00010000000000000003	0.00010000000000000003	0.00010000000000000003	0.00010000000000000003	0.00010000000000000003	0.00010000000000000003	0.00010000000000000003	0.00010000000000000003	0.00010000000000000003
3	0.00010000000000000003	0.00010000000000000003	0.00010000000000000003	0.00010000000000000003	0.00010000000000000003	0.00010000000000000003	0.00010000000000000003	0.00010000000000000003	0.00010000000000000003	0.00010000000000000003	0.00010000000000000003	0.00010000000000000003	0.00010000000000000003	0.00010000000000000003	0.00010000000000000003	0.00010000000000000003
4	0.00010000000000000003	0.00010000000000000003	0.00010000000000000003	0.00010000000000000003	0.00010000000000000003	0.00010000000000000003	0.00010000000000000003	0.00010000000000000003	0.00010000000000000003	0.00010000000000000003	0.00010000000000000003	0.00010000000000000003	0.00010000000000000003	0.00010000000000000003	0.00010000000000000003	0.00010000000000000003
5	0.00010000000000000003	0.00010000000000000003	0.00010000000000000003	0.00010000000000000003	0.00010000000000000003	0.00010000000000000003	0.00010000000000000003	0.00010000000000000003	0.00010000000000000003	0.00010000000000000003	0.00010000000000000003	0.00010000000000000003	0.00010000000000000003	0.00010000000000000003	0.00010000000000000003	0.00010000000000000003
6	0.00010000000000000003	0.00010000000000000003	0.00010000000000000003	0.00010000000000000003	0.00010000000000000003	0.00010000000000000003	0.00010000000000000003	0.00010000000000000003	0.00010000000000000003	0.00010000000000000003	0.00010000000000000003	0.00010000000000000003	0.00010000000000000003	0.00010000000000000003	0.00010000000000000003	0.00010000000000000003
7	0.00010000000000000003	0.00010000000000000003	0.00010000000000000003	0.00010000000000000003	0.00010000000000000003	0.00010000000000000003	0.00010000000000000003	0.00010000000000000003	0.00010000000000000003	0.00010000000000000003	0.00010000000000000003	0.00010000000000000003	0.00010000000000000003	0.00010000000000000003	0.00010000000000000003	0.00010000000000000003
8	0.00010000000000000003	0.00010000000000000003	0.00010000000000000003	0.00010000000000000003	0.00010000000000000003	0.00010000000000000003	0.00010000000000000003	0.00010000000000000003	0.00010000000000000003	0.00010000000000000003	0.00010000000000000003	0.00010000000000000003	0.00010000000000000003	0.00010000000000000003	0.00010000000000000003	0.00010000000000000003
9	0.00010000000000000003	0.00010000000000000003	0.00010000000000000003	0.00010000000000000003	0.00010000000000000003	0.00010000000000000003	0.00010000000000000003	0.00010000000000000003	0.00010000000000000003	0.00010000000000000003	0.00010000000000000003	0.00010000000000000003	0.00010000000000000003	0.00010000000000000003	0.00010000000000000003	0.00010000000000000003
10	0.00010000000000000003	0.00010000000000000003	0.00010000000000000003	0.00010000000000000003	0.00010000000000000003	0.00010000000000000003	0.00010000000000000003	0.00010000000000000003	0.00010000000000000003	0.00010000000000000003	0.00010000000000000003	0.00010000000000000003	0.00010000000000000003	0.00010000000000000003	0.00010000000000000003	0.00010000000000000003
11	0.00010000000000000003	0.00010000000000000003	0.00010000000000000003	0.00010000000000000003	0.00010000000000000003	0.00010000000000000003	0.00010000000000000003	0.00010000000000000003	0.00010000000000000003	0.00010000000000000003	0.00010000000000000003	0.00010000000000000003	0.00010000000000000003	0.00010000000000000003	0.00010000000000000003	0.00010000000000000003
12	0.00010000000000000003	0.00010000000000000003	0.00010000000000000003	0.00010000000000000003	0.00010000000000000003	0.00010000000000000003	0.00010000000000000003	0.00010000000000000003	0.00010000000000000003	0.00010000000000000003	0.00010000000000000003	0.00010000000000000003	0.00010000000000000003	0.00010000000000000003	0.00010000000000000003	0.00010000000000000003
13	0.00010000000000000003	0.00010000000000000003	0.00010000000000000003	0.00010000000000000003	0.00010000000000000003	0.00010000000000000003	0.00010000000000000003	0.00010000000000000003	0.00010000000000000003	0.00010000000000000003	0.00010000000000000003	0.00010000000000000003	0.00010000000000000003	0.00010000000000000003	0.00010000000000000003	0.00010000000000000003
14	0.00010000000000000003	0.00010000000000000003	0.00010000000000000003	0.00010000000000000003	0.00010000000000000003	0.00010000000000000003	0.00010000000000000003	0.00010000000000000003	0.00010000000000000003	0.00010000000000000003	0.00010000000000000003	0.00010000000000000003	0.00010000000000000003	0.00010000000000000003	0.00010000000000000003	0.00010000000000000003
15	0.00010000000000000003	0.00010000000000000003	0.00010000000000000003	0.00010000000000000003	0.00010000000000000003	0.00010000000000000003	0.00010000000000000003	0.00010000000000000003	0.00010000000000000003	0.00010000000000000003	0.00010000000000000003	0.00010000000000000003	0.00010000000000000003	0.00010000000000000003	0.00010000000000000003	0.00010000000000000003
16	0.00010000000000000003	0.00010000000000000003	0.00010000000000000003	0.00010000000000000003	0.00010000000000000003	0.00010000000000000003	0.00010000000000000003	0.00010000000000000003	0.00010000000000000003	0.00010000000000000003	0.00010000000000000003	0.00010000000000000003	0.00010000000000000003	0.00010000000000000003	0.00010000000000000003	0.00010000000000000003
17	0.00010000000000000003	0.00010000000000000003	0.00010000000000000003	0.00010000000000000003	0.00010000000000000003	0.00010000000000000003	0.00010000000000000003	0.00010000000000000003	0.00010000000000000003	0.00010000000000000003	0.00010000000000000003	0.00010000000000000003	0.00010000000000000003	0.00010000000000000003	0.00010000000000000003	0.00010000000000000003
18	0.00010000000000000003	0.00010000000000000003	0.00010000000000000003	0.00010000000000000003	0.00010000000000000003	0.00010000000000000003	0.00010000000000000003	0.00010000000000000003	0.00010000000000000003	0.00010000000000000003	0.00010000000000000003	0.00010000000000000003	0.00010000000000000003	0.00010000000000000003	0.00010000000000000003	0.00010000000000000003
19	0.00010000000000000003	0.00010000000000000003	0.00010000000000000003	0.00010000000000000003	0.00010000000000000003	0.00010000000000000003	0.00010000000000000003	0.00010000000000000003	0.00010000000000000003	0.00010000000000000003	0.00010000000000000003	0.00010000000000000003	0.00010000000000000003	0.00010000000000000003	0.00010000000000000003	0.00010000000000000003
20	0.00010000000000000003	0.00010000000000000003	0.00010000000000000003	0.00010000000000000003	0.00010000000000000003	0.00010000000000000003	0.00010000000000000003	0.00010000000000000003	0.00010000000000000003	0.00010000000000000003	0.00010000000000000003	0.00010000000000000003	0.00010000000000000003	0.00010000000000000003	0.00010000000000000003	0.00010000000000000003
21	0.00010000000000000003	0.00010000000000000003	0.00010000000000000003	0.00010000000000000003	0.00010000000000000003	0.00010000000000000003	0.00010000000000000003	0.00010000000000000003	0.00010000000000000003	0.00010000000000000003	0.00010000000000000003	0.00010000000000000003	0.00010000000000000003	0.00010000000000000003	0.00010000000000000003	0.00010000000000000003
22	0.00010000000000000003	0.00010000000000000003	0.00010000000000000003	0.00010000000000000003	0.00010000000000000003	0.00010000000000000003	0.00010000000000000003	0.00010000000000000003	0.00010000000000000003	0.00010000000000000003	0.00010000000000000003	0.00010000000000000003	0.00010000000000000003	0.00010000000000000003	0.00010000000000000003	0.00010000000000000003
23	0.00010000000000000003	0.00010000000000000003	0.00010000000000000003	0.00010000000000000003	0.00010000000000000003	0.00010000000000000003	0.00010000000000000003	0.00010000000000000003	0.00010000000000000003	0.00010000000000000003	0.00010000000000000003	0.00010000000000000003	0.00010000000000000003	0.00010000000000000003	0.00010000000000000003	0.00010000000000000003
24	0.00010000000000000003	0.00010000000000000003	0.00010000000000000003	0.00010000000000000003	0.00010000000000000003	0.00010000000000000003	0.00010000000000000003	0.00010000000000000003	0.00010000000000000003	0.00010000000000000003	0.00010000000000000003	0.00010000000000000003	0.00010000000000000003	0.00010000000000000003	0.00010000000000000003	0.00010000000000000003
["TIDAL_RANGE","C2",*,*] :	1	2	3	4	5	6	7	8	9	10	11	12	13	14	15	16 := 
1	0.00010000000000000003	0.00010000000000000003	0.00010000000000000003	0.00010000000000000003	0.00010000000000000003	0.00010000000000000003	0.00010000000000000003	0.00010000000000000003	0.00010000000000000003	0.00010000000000000003	0.00010000000000000003	0.00010000000000000003	0.00010000000000000003	0.00010000000000000003	0.00010000000000000003	0.00010000000000000003
2	0.00010000000000000003	0.00010000000000000003	0.00010000000000000003	0.00010000000000000003	0.00010000000000000003	0.00010000000000000003	0.00010000000000000003	0.00010000000000000003	0.00010000000000000003	0.00010000000000000003	0.00010000000000000003	0.00010000000000000003	0.00010000000000000003	0.00010000000000000003	0.00010000000000000003	0.00010000000000000003
3	0.00010000000000000003	0.00010000000000000003	0.00010000000000000003	0.00010000000000000003	0.00010000000000000003	0.00010000000000000003	0.00010000000000000003	0.00010000000000000003	0.00010000000000000003	0.00010000000000000003	0.00010000000000000003	0.00010000000000000003	0.00010000000000000003	0.00010000000000000003	0.00010000000000000003	0.00010000000000000003
4	0.00010000000000000003	0.00010000000000000003	0.00010000000000000003	0.00010000000000000003	0.00010000000000000003	0.00010000000000000003	0.00010000000000000003	0.00010000000000000003	0.00010000000000000003	0.00010000000000000003	0.00010000000000000003	0.00010000000000000003	0.00010000000000000003	0.00010000000000000003	0.00010000000000000003	0.00010000000000000003
5	0.00010000000000000003	0.00010000000000000003	0.00010000000000000003	0.00010000000000000003	0.00010000000000000003	0.00010000000000000003	0.00010000000000000003	0.00010000000000000003	0.00010000000000000003	0.00010000000000000003	0.00010000000000000003	0.00010000000000000003	0.00010000000000000003	0.00010000000000000003	0.00010000000000000003	0.00010000000000000003
6	0.00010000000000000003	0.00010000000000000003	0.00010000000000000003	0.00010000000000000003	0.00010000000000000003	0.00010000000000000003	0.00010000000000000003	0.00010000000000000003	0.00010000000000000003	0.00010000000000000003	0.00010000000000000003	0.00010000000000000003	0.00010000000000000003	0.00010000000000000003	0.00010000000000000003	0.00010000000000000003
7	0.00010000000000000003	0.00010000000000000003	0.00010000000000000003	0.00010000000000000003	0.00010000000000000003	0.00010000000000000003	0.00010000000000000003	0.00010000000000000003	0.00010000000000000003	0.00010000000000000003	0.00010000000000000003	0.00010000000000000003	0.00010000000000000003	0.00010000000000000003	0.00010000000000000003	0.00010000000000000003
8	0.00010000000000000003	0.00010000000000000003	0.00010000000000000003	0.00010000000000000003	0.00010000000000000003	0.00010000000000000003	0.00010000000000000003	0.00010000000000000003	0.00010000000000000003	0.00010000000000000003	0.00010000000000000003	0.00010000000000000003	0.00010000000000000003	0.00010000000000000003	0.00010000000000000003	0.00010000000000000003
9	0.00010000000000000003	0.00010000000000000003	0.00010000000000000003	0.00010000000000000003	0.00010000000000000003	0.00010000000000000003	0.00010000000000000003	0.00010000000000000003	0.00010000000000000003	0.00010000000000000003	0.00010000000000000003	0.00010000000000000003	0.00010000000000000003	0.00010000000000000003	0.00010000000000000003	0.00010000000000000003
10	0.00010000000000000003	0.00010000000000000003	0.00010000000000000003	0.00010000000000000003	0.00010000000000000003	0.00010000000000000003	0.00010000000000000003	0.00010000000000000003	0.00010000000000000003	0.00010000000000000003	0.00010000000000000003	0.00010000000000000003	0.00010000000000000003	0.00010000000000000003	0.00010000000000000003	0.00010000000000000003
11	0.00010000000000000003	0.00010000000000000003	0.00010000000000000003	0.00010000000000000003	0.00010000000000000003	0.00010000000000000003	0.00010000000000000003	0.00010000000000000003	0.00010000000000000003	0.00010000000000000003	0.00010000000000000003	0.00010000000000000003	0.00010000000000000003	0.00010000000000000003	0.00010000000000000003	0.00010000000000000003
12	0.00010000000000000003	0.00010000000000000003	0.00010000000000000003	0.00010000000000000003	0.00010000000000000003	0.00010000000000000003	0.00010000000000000003	0.00010000000000000003	0.00010000000000000003	0.00010000000000000003	0.00010000000000000003	0.00010000000000000003	0.00010000000000000003	0.00010000000000000003	0.00010000000000000003	0.00010000000000000003
13	0.00010000000000000003	0.00010000000000000003	0.00010000000000000003	0.00010000000000000003	0.00010000000000000003	0.00010000000000000003	0.00010000000000000003	0.00010000000000000003	0.00010000000000000003	0.00010000000000000003	0.00010000000000000003	0.00010000000000000003	0.00010000000000000003	0.00010000000000000003	0.00010000000000000003	0.00010000000000000003
14	0.00010000000000000003	0.00010000000000000003	0.00010000000000000003	0.00010000000000000003	0.00010000000000000003	0.00010000000000000003	0.00010000000000000003	0.00010000000000000003	0.00010000000000000003	0.00010000000000000003	0.00010000000000000003	0.00010000000000000003	0.00010000000000000003	0.00010000000000000003	0.00010000000000000003	0.00010000000000000003
15	0.00010000000000000003	0.00010000000000000003	0.00010000000000000003	0.00010000000000000003	0.00010000000000000003	0.00010000000000000003	0.00010000000000000003	0.00010000000000000003	0.00010000000000000003	0.00010000000000000003	0.00010000000000000003	0.00010000000000000003	0.00010000000000000003	0.00010000000000000003	0.00010000000000000003	0.00010000000000000003
16	0.00010000000000000003	0.00010000000000000003	0.00010000000000000003	0.00010000000000000003	0.00010000000000000003	0.00010000000000000003	0.00010000000000000003	0.00010000000000000003	0.00010000000000000003	0.00010000000000000003	0.00010000000000000003	0.00010000000000000003	0.00010000000000000003	0.00010000000000000003	0.00010000000000000003	0.00010000000000000003
17	0.00010000000000000003	0.00010000000000000003	0.00010000000000000003	0.00010000000000000003	0.00010000000000000003	0.00010000000000000003	0.00010000000000000003	0.00010000000000000003	0.00010000000000000003	0.00010000000000000003	0.00010000000000000003	0.00010000000000000003	0.00010000000000000003	0.00010000000000000003	0.00010000000000000003	0.00010000000000000003
18	0.00010000000000000003	0.00010000000000000003	0.00010000000000000003	0.00010000000000000003	0.00010000000000000003	0.00010000000000000003	0.00010000000000000003	0.00010000000000000003	0.00010000000000000003	0.00010000000000000003	0.00010000000000000003	0.00010000000000000003	0.00010000000000000003	0.00010000000000000003	0.00010000000000000003	0.00010000000000000003
19	0.00010000000000000003	0.00010000000000000003	0.00010000000000000003	0.00010000000000000003	0.00010000000000000003	0.00010000000000000003	0.00010000000000000003	0.00010000000000000003	0.00010000000000000003	0.00010000000000000003	0.00010000000000000003	0.00010000000000000003	0.00010000000000000003	0.00010000000000000003	0.00010000000000000003	0.00010000000000000003
20	0.00010000000000000003	0.00010000000000000003	0.00010000000000000003	0.00010000000000000003	0.00010000000000000003	0.00010000000000000003	0.00010000000000000003	0.00010000000000000003	0.00010000000000000003	0.00010000000000000003	0.00010000000000000003	0.00010000000000000003	0.00010000000000000003	0.00010000000000000003	0.00010000000000000003	0.00010000000000000003
21	0.00010000000000000003	0.00010000000000000003	0.00010000000000000003	0.00010000000000000003	0.00010000000000000003	0.00010000000000000003	0.00010000000000000003	0.00010000000000000003	0.00010000000000000003	0.00010000000000000003	0.00010000000000000003	0.00010000000000000003	0.00010000000000000003	0.00010000000000000003	0.00010000000000000003	0.00010000000000000003
22	0.00010000000000000003	0.00010000000000000003	0.00010000000000000003	0.00010000000000000003	0.00010000000000000003	0.00010000000000000003	0.00010000000000000003	0.00010000000000000003	0.00010000000000000003	0.00010000000000000003	0.00010000000000000003	0.00010000000000000003	0.00010000000000000003	0.00010000000000000003	0.00010000000000000003	0.00010000000000000003
23	0.00010000000000000003	0.00010000000000000003	0.00010000000000000003	0.00010000000000000003	0.00010000000000000003	0.00010000000000000003	0.00010000000000000003	0.00010000000000000003	0.00010000000000000003	0.00010000000000000003	0.00010000000000000003	0.00010000000000000003	0.00010000000000000003	0.00010000000000000003	0.00010000000000000003	0.00010000000000000003
24	0.00010000000000000003	0.00010000000000000003	0.00010000000000000003	0.00010000000000000003	0.00010000000000000003	0.00010000000000000003	0.00010000000000000003	0.00010000000000000003	0.00010000000000000003	0.00010000000000000003	0.00010000000000000003	0.00010000000000000003	0.00010000000000000003	0.00010000000000000003	0.00010000000000000003	0.00010000000000000003
["TIDAL_RANGE","C3",*,*] :	1	2	3	4	5	6	7	8	9	10	11	12	13	14	15	16 := 
1	0.00010000000000000003	0.00010000000000000003	0.00010000000000000003	0.00010000000000000003	0.00010000000000000003	0.00010000000000000003	0.00010000000000000003	0.00010000000000000003	0.00010000000000000003	0.00010000000000000003	0.00010000000000000003	0.00010000000000000003	0.00010000000000000003	0.00010000000000000003	0.00010000000000000003	0.00010000000000000003
2	0.00010000000000000003	0.00010000000000000003	0.00010000000000000003	0.00010000000000000003	0.00010000000000000003	0.00010000000000000003	0.00010000000000000003	0.00010000000000000003	0.00010000000000000003	0.00010000000000000003	0.00010000000000000003	0.00010000000000000003	0.00010000000000000003	0.00010000000000000003	0.00010000000000000003	0.00010000000000000003
3	0.00010000000000000003	0.00010000000000000003	0.00010000000000000003	0.00010000000000000003	0.00010000000000000003	0.00010000000000000003	0.00010000000000000003	0.00010000000000000003	0.00010000000000000003	0.00010000000000000003	0.00010000000000000003	0.00010000000000000003	0.00010000000000000003	0.00010000000000000003	0.00010000000000000003	0.00010000000000000003
4	0.00010000000000000003	0.00010000000000000003	0.00010000000000000003	0.00010000000000000003	0.00010000000000000003	0.00010000000000000003	0.00010000000000000003	0.00010000000000000003	0.00010000000000000003	0.00010000000000000003	0.00010000000000000003	0.00010000000000000003	0.00010000000000000003	0.00010000000000000003	0.00010000000000000003	0.00010000000000000003
5	0.00010000000000000003	0.00010000000000000003	0.00010000000000000003	0.00010000000000000003	0.00010000000000000003	0.00010000000000000003	0.00010000000000000003	0.00010000000000000003	0.00010000000000000003	0.00010000000000000003	0.00010000000000000003	0.00010000000000000003	0.00010000000000000003	0.00010000000000000003	0.00010000000000000003	0.00010000000000000003
6	0.00010000000000000003	0.00010000000000000003	0.00010000000000000003	0.00010000000000000003	0.00010000000000000003	0.00010000000000000003	0.00010000000000000003	0.00010000000000000003	0.00010000000000000003	0.00010000000000000003	0.00010000000000000003	0.00010000000000000003	0.00010000000000000003	0.00010000000000000003	0.00010000000000000003	0.00010000000000000003
7	0.00010000000000000003	0.00010000000000000003	0.00010000000000000003	0.00010000000000000003	0.00010000000000000003	0.00010000000000000003	0.00010000000000000003	0.00010000000000000003	0.00010000000000000003	0.00010000000000000003	0.00010000000000000003	0.00010000000000000003	0.00010000000000000003	0.00010000000000000003	0.00010000000000000003	0.00010000000000000003
8	0.00010000000000000003	0.00010000000000000003	0.00010000000000000003	0.00010000000000000003	0.00010000000000000003	0.00010000000000000003	0.00010000000000000003	0.00010000000000000003	0.00010000000000000003	0.00010000000000000003	0.00010000000000000003	0.00010000000000000003	0.00010000000000000003	0.00010000000000000003	0.00010000000000000003	0.00010000000000000003
9	0.00010000000000000003	0.00010000000000000003	0.00010000000000000003	0.00010000000000000003	0.00010000000000000003	0.00010000000000000003	0.00010000000000000003	0.00010000000000000003	0.00010000000000000003	0.00010000000000000003	0.00010000000000000003	0.00010000000000000003	0.00010000000000000003	0.00010000000000000003	0.00010000000000000003	0.00010000000000000003
10	0.00010000000000000003	0.00010000000000000003	0.00010000000000000003	0.00010000000000000003	0.00010000000000000003	0.00010000000000000003	0.00010000000000000003	0.00010000000000000003	0.00010000000000000003	0.00010000000000000003	0.00010000000000000003	0.00010000000000000003	0.00010000000000000003	0.00010000000000000003	0.00010000000000000003	0.00010000000000000003
11	0.00010000000000000003	0.00010000000000000003	0.00010000000000000003	0.00010000000000000003	0.00010000000000000003	0.00010000000000000003	0.00010000000000000003	0.00010000000000000003	0.00010000000000000003	0.00010000000000000003	0.00010000000000000003	0.00010000000000000003	0.00010000000000000003	0.00010000000000000003	0.00010000000000000003	0.00010000000000000003
12	0.00010000000000000003	0.00010000000000000003	0.00010000000000000003	0.00010000000000000003	0.00010000000000000003	0.00010000000000000003	0.00010000000000000003	0.00010000000000000003	0.00010000000000000003	0.00010000000000000003	0.00010000000000000003	0.00010000000000000003	0.00010000000000000003	0.00010000000000000003	0.00010000000000000003	0.00010000000000000003
13	0.00010000000000000003	0.00010000000000000003	0.00010000000000000003	0.00010000000000000003	0.00010000000000000003	0.00010000000000000003	0.00010000000000000003	0.00010000000000000003	0.00010000000000000003	0.00010000000000000003	0.00010000000000000003	0.00010000000000000003	0.00010000000000000003	0.00010000000000000003	0.00010000000000000003	0.00010000000000000003
14	0.00010000000000000003	0.00010000000000000003	0.00010000000000000003	0.00010000000000000003	0.00010000000000000003	0.00010000000000000003	0.00010000000000000003	0.00010000000000000003	0.00010000000000000003	0.00010000000000000003	0.00010000000000000003	0.00010000000000000003	0.00010000000000000003	0.00010000000000000003	0.00010000000000000003	0.00010000000000000003
15	0.00010000000000000003	0.00010000000000000003	0.00010000000000000003	0.00010000000000000003	0.00010000000000000003	0.00010000000000000003	0.00010000000000000003	0.00010000000000000003	0.00010000000000000003	0.00010000000000000003	0.00010000000000000003	0.00010000000000000003	0.00010000000000000003	0.00010000000000000003	0.00010000000000000003	0.00010000000000000003
16	0.00010000000000000003	0.00010000000000000003	0.00010000000000000003	0.00010000000000000003	0.00010000000000000003	0.00010000000000000003	0.00010000000000000003	0.00010000000000000003	0.00010000000000000003	0.00010000000000000003	0.00010000000000000003	0.00010000000000000003	0.00010000000000000003	0.00010000000000000003	0.00010000000000000003	0.00010000000000000003
17	0.00010000000000000003	0.00010000000000000003	0.00010000000000000003	0.00010000000000000003	0.00010000000000000003	0.00010000000000000003	0.00010000000000000003	0.00010000000000000003	0.00010000000000000003	0.00010000000000000003	0.00010000000000000003	0.00010000000000000003	0.00010000000000000003	0.00010000000000000003	0.00010000000000000003	0.00010000000000000003
18	0.00010000000000000003	0.00010000000000000003	0.00010000000000000003	0.00010000000000000003	0.00010000000000000003	0.00010000000000000003	0.00010000000000000003	0.00010000000000000003	0.00010000000000000003	0.00010000000000000003	0.00010000000000000003	0.00010000000000000003	0.00010000000000000003	0.00010000000000000003	0.00010000000000000003	0.00010000000000000003
19	0.00010000000000000003	0.00010000000000000003	0.00010000000000000003	0.00010000000000000003	0.00010000000000000003	0.00010000000000000003	0.00010000000000000003	0.00010000000000000003	0.00010000000000000003	0.00010000000000000003	0.00010000000000000003	0.00010000000000000003	0.00010000000000000003	0.00010000000000000003	0.00010000000000000003	0.00010000000000000003
20	0.00010000000000000003	0.00010000000000000003	0.00010000000000000003	0.00010000000000000003	0.00010000000000000003	0.00010000000000000003	0.00010000000000000003	0.00010000000000000003	0.00010000000000000003	0.00010000000000000003	0.00010000000000000003	0.00010000000000000003	0.00010000000000000003	0.00010000000000000003	0.00010000000000000003	0.00010000000000000003
21	0.00010000000000000003	0.00010000000000000003	0.00010000000000000003	0.00010000000000000003	0.00010000000000000003	0.00010000000000000003	0.00010000000000000003	0.00010000000000000003	0.00010000000000000003	0.00010000000000000003	0.00010000000000000003	0.00010000000000000003	0.00010000000000000003	0.00010000000000000003	0.00010000000000000003	0.00010000000000000003
22	0.00010000000000000003	0.00010000000000000003	0.00010000000000000003	0.00010000000000000003	0.00010000000000000003	0.00010000000000000003	0.00010000000000000003	0.00010000000000000003	0.00010000000000000003	0.00010000000000000003	0.00010000000000000003	0.00010000000000000003	0.00010000000000000003	0.00010000000000000003	0.00010000000000000003	0.00010000000000000003
23	0.00010000000000000003	0.00010000000000000003	0.00010000000000000003	0.00010000000000000003	0.00010000000000000003	0.00010000000000000003	0.00010000000000000003	0.00010000000000000003	0.00010000000000000003	0.00010000000000000003	0.00010000000000000003	0.00010000000000000003	0.00010000000000000003	0.00010000000000000003	0.00010000000000000003	0.00010000000000000003
24	0.00010000000000000003	0.00010000000000000003	0.00010000000000000003	0.00010000000000000003	0.00010000000000000003	0.00010000000000000003	0.00010000000000000003	0.00010000000000000003	0.00010000000000000003	0.00010000000000000003	0.00010000000000000003	0.00010000000000000003	0.00010000000000000003	0.00010000000000000003	0.00010000000000000003	0.00010000000000000003
["TIDAL_RANGE","C4",*,*] :	1	2	3	4	5	6	7	8	9	10	11	12	13	14	15	16 := 
1	0.00010000000000000003	0.00010000000000000003	0.00010000000000000003	0.00010000000000000003	0.00010000000000000003	0.00010000000000000003	0.00010000000000000003	0.00010000000000000003	0.00010000000000000003	0.00010000000000000003	0.00010000000000000003	0.00010000000000000003	0.00010000000000000003	0.00010000000000000003	0.00010000000000000003	0.00010000000000000003
2	0.00010000000000000003	0.00010000000000000003	0.00010000000000000003	0.00010000000000000003	0.00010000000000000003	0.00010000000000000003	0.00010000000000000003	0.00010000000000000003	0.00010000000000000003	0.00010000000000000003	0.00010000000000000003	0.00010000000000000003	0.00010000000000000003	0.00010000000000000003	0.00010000000000000003	0.00010000000000000003
3	0.00010000000000000003	0.00010000000000000003	0.00010000000000000003	0.00010000000000000003	0.00010000000000000003	0.00010000000000000003	0.00010000000000000003	0.00010000000000000003	0.00010000000000000003	0.00010000000000000003	0.00010000000000000003	0.00010000000000000003	0.00010000000000000003	0.00010000000000000003	0.00010000000000000003	0.00010000000000000003
4	0.00010000000000000003	0.00010000000000000003	0.00010000000000000003	0.00010000000000000003	0.00010000000000000003	0.00010000000000000003	0.00010000000000000003	0.00010000000000000003	0.00010000000000000003	0.00010000000000000003	0.00010000000000000003	0.00010000000000000003	0.00010000000000000003	0.00010000000000000003	0.00010000000000000003	0.00010000000000000003
5	0.00010000000000000003	0.00010000000000000003	0.00010000000000000003	0.00010000000000000003	0.00010000000000000003	0.00010000000000000003	0.00010000000000000003	0.00010000000000000003	0.00010000000000000003	0.00010000000000000003	0.00010000000000000003	0.00010000000000000003	0.00010000000000000003	0.00010000000000000003	0.00010000000000000003	0.00010000000000000003
6	0.00010000000000000003	0.00010000000000000003	0.00010000000000000003	0.00010000000000000003	0.00010000000000000003	0.00010000000000000003	0.00010000000000000003	0.00010000000000000003	0.00010000000000000003	0.00010000000000000003	0.00010000000000000003	0.00010000000000000003	0.00010000000000000003	0.00010000000000000003	0.00010000000000000003	0.00010000000000000003
7	0.00010000000000000003	0.00010000000000000003	0.00010000000000000003	0.00010000000000000003	0.00010000000000000003	0.00010000000000000003	0.00010000000000000003	0.00010000000000000003	0.00010000000000000003	0.00010000000000000003	0.00010000000000000003	0.00010000000000000003	0.00010000000000000003	0.00010000000000000003	0.00010000000000000003	0.00010000000000000003
8	0.00010000000000000003	0.00010000000000000003	0.00010000000000000003	0.00010000000000000003	0.00010000000000000003	0.00010000000000000003	0.00010000000000000003	0.00010000000000000003	0.00010000000000000003	0.00010000000000000003	0.00010000000000000003	0.00010000000000000003	0.00010000000000000003	0.00010000000000000003	0.00010000000000000003	0.00010000000000000003
9	0.00010000000000000003	0.00010000000000000003	0.00010000000000000003	0.00010000000000000003	0.00010000000000000003	0.00010000000000000003	0.00010000000000000003	0.00010000000000000003	0.00010000000000000003	0.00010000000000000003	0.00010000000000000003	0.00010000000000000003	0.00010000000000000003	0.00010000000000000003	0.00010000000000000003	0.00010000000000000003
10	0.00010000000000000003	0.00010000000000000003	0.00010000000000000003	0.00010000000000000003	0.00010000000000000003	0.00010000000000000003	0.00010000000000000003	0.00010000000000000003	0.00010000000000000003	0.00010000000000000003	0.00010000000000000003	0.00010000000000000003	0.00010000000000000003	0.00010000000000000003	0.00010000000000000003	0.00010000000000000003
11	0.00010000000000000003	0.00010000000000000003	0.00010000000000000003	0.00010000000000000003	0.00010000000000000003	0.00010000000000000003	0.00010000000000000003	0.00010000000000000003	0.00010000000000000003	0.00010000000000000003	0.00010000000000000003	0.00010000000000000003	0.00010000000000000003	0.00010000000000000003	0.00010000000000000003	0.00010000000000000003
12	0.00010000000000000003	0.00010000000000000003	0.00010000000000000003	0.00010000000000000003	0.00010000000000000003	0.00010000000000000003	0.00010000000000000003	0.00010000000000000003	0.00010000000000000003	0.00010000000000000003	0.00010000000000000003	0.00010000000000000003	0.00010000000000000003	0.00010000000000000003	0.00010000000000000003	0.00010000000000000003
13	0.00010000000000000003	0.00010000000000000003	0.00010000000000000003	0.00010000000000000003	0.00010000000000000003	0.00010000000000000003	0.00010000000000000003	0.00010000000000000003	0.00010000000000000003	0.00010000000000000003	0.00010000000000000003	0.00010000000000000003	0.00010000000000000003	0.00010000000000000003	0.00010000000000000003	0.00010000000000000003
14	0.00010000000000000003	0.00010000000000000003	0.00010000000000000003	0.00010000000000000003	0.00010000000000000003	0.00010000000000000003	0.00010000000000000003	0.00010000000000000003	0.00010000000000000003	0.00010000000000000003	0.00010000000000000003	0.00010000000000000003	0.00010000000000000003	0.00010000000000000003	0.00010000000000000003	0.00010000000000000003
15	0.00010000000000000003	0.00010000000000000003	0.00010000000000000003	0.00010000000000000003	0.00010000000000000003	0.00010000000000000003	0.00010000000000000003	0.00010000000000000003	0.00010000000000000003	0.00010000000000000003	0.00010000000000000003	0.00010000000000000003	0.00010000000000000003	0.00010000000000000003	0.00010000000000000003	0.00010000000000000003
16	0.00010000000000000003	0.00010000000000000003	0.00010000000000000003	0.00010000000000000003	0.00010000000000000003	0.00010000000000000003	0.00010000000000000003	0.00010000000000000003	0.00010000000000000003	0.00010000000000000003	0.00010000000000000003	0.00010000000000000003	0.00010000000000000003	0.00010000000000000003	0.00010000000000000003	0.00010000000000000003
17	0.00010000000000000003	0.00010000000000000003	0.00010000000000000003	0.00010000000000000003	0.00010000000000000003	0.00010000000000000003	0.00010000000000000003	0.00010000000000000003	0.00010000000000000003	0.00010000000000000003	0.00010000000000000003	0.00010000000000000003	0.00010000000000000003	0.00010000000000000003	0.00010000000000000003	0.00010000000000000003
18	0.00010000000000000003	0.00010000000000000003	0.00010000000000000003	0.00010000000000000003	0.00010000000000000003	0.00010000000000000003	0.00010000000000000003	0.00010000000000000003	0.00010000000000000003	0.00010000000000000003	0.00010000000000000003	0.00010000000000000003	0.00010000000000000003	0.00010000000000000003	0.00010000000000000003	0.00010000000000000003
19	0.00010000000000000003	0.00010000000000000003	0.00010000000000000003	0.00010000000000000003	0.00010000000000000003	0.00010000000000000003	0.00010000000000000003	0.00010000000000000003	0.00010000000000000003	0.00010000000000000003	0.00010000000000000003	0.00010000000000000003	0.00010000000000000003	0.00010000000000000003	0.00010000000000000003	0.00010000000000000003
20	0.00010000000000000003	0.00010000000000000003	0.00010000000000000003	0.00010000000000000003	0.00010000000000000003	0.00010000000000000003	0.00010000000000000003	0.00010000000000000003	0.00010000000000000003	0.00010000000000000003	0.00010000000000000003	0.00010000000000000003	0.00010000000000000003	0.00010000000000000003	0.00010000000000000003	0.00010000000000000003
21	0.00010000000000000003	0.00010000000000000003	0.00010000000000000003	0.00010000000000000003	0.00010000000000000003	0.00010000000000000003	0.00010000000000000003	0.00010000000000000003	0.00010000000000000003	0.00010000000000000003	0.00010000000000000003	0.00010000000000000003	0.00010000000000000003	0.00010000000000000003	0.00010000000000000003	0.00010000000000000003
22	0.00010000000000000003	0.00010000000000000003	0.00010000000000000003	0.00010000000000000003	0.00010000000000000003	0.00010000000000000003	0.00010000000000000003	0.00010000000000000003	0.00010000000000000003	0.00010000000000000003	0.00010000000000000003	0.00010000000000000003	0.00010000000000000003	0.00010000000000000003	0.00010000000000000003	0.00010000000000000003
23	0.00010000000000000003	0.00010000000000000003	0.00010000000000000003	0.00010000000000000003	0.00010000000000000003	0.00010000000000000003	0.00010000000000000003	0.00010000000000000003	0.00010000000000000003	0.00010000000000000003	0.00010000000000000003	0.00010000000000000003	0.00010000000000000003	0.00010000000000000003	0.00010000000000000003	0.00010000000000000003
24	0.00010000000000000003	0.00010000000000000003	0.00010000000000000003	0.00010000000000000003	0.00010000000000000003	0.00010000000000000003	0.00010000000000000003	0.00010000000000000003	0.00010000000000000003	0.00010000000000000003	0.00010000000000000003	0.00010000000000000003	0.00010000000000000003	0.00010000000000000003	0.00010000000000000003	0.00010000000000000003
["TIDAL_RANGE","C5",*,*] :	1	2	3	4	5	6	7	8	9	10	11	12	13	14	15	16 := 
1	0.00010000000000000003	0.00010000000000000003	0.00010000000000000003	0.00010000000000000003	0.00010000000000000003	0.00010000000000000003	0.00010000000000000003	0.00010000000000000003	0.00010000000000000003	0.00010000000000000003	0.00010000000000000003	0.00010000000000000003	0.00010000000000000003	0.00010000000000000003	0.00010000000000000003	0.00010000000000000003
2	0.00010000000000000003	0.00010000000000000003	0.00010000000000000003	0.00010000000000000003	0.00010000000000000003	0.00010000000000000003	0.00010000000000000003	0.00010000000000000003	0.00010000000000000003	0.00010000000000000003	0.00010000000000000003	0.00010000000000000003	0.00010000000000000003	0.00010000000000000003	0.00010000000000000003	0.00010000000000000003
3	0.00010000000000000003	0.00010000000000000003	0.00010000000000000003	0.00010000000000000003	0.00010000000000000003	0.00010000000000000003	0.00010000000000000003	0.00010000000000000003	0.00010000000000000003	0.00010000000000000003	0.00010000000000000003	0.00010000000000000003	0.00010000000000000003	0.00010000000000000003	0.00010000000000000003	0.00010000000000000003
4	0.00010000000000000003	0.00010000000000000003	0.00010000000000000003	0.00010000000000000003	0.00010000000000000003	0.00010000000000000003	0.00010000000000000003	0.00010000000000000003	0.00010000000000000003	0.00010000000000000003	0.00010000000000000003	0.00010000000000000003	0.00010000000000000003	0.00010000000000000003	0.00010000000000000003	0.00010000000000000003
5	0.00010000000000000003	0.00010000000000000003	0.00010000000000000003	0.00010000000000000003	0.00010000000000000003	0.00010000000000000003	0.00010000000000000003	0.00010000000000000003	0.00010000000000000003	0.00010000000000000003	0.00010000000000000003	0.00010000000000000003	0.00010000000000000003	0.00010000000000000003	0.00010000000000000003	0.00010000000000000003
6	0.00010000000000000003	0.00010000000000000003	0.00010000000000000003	0.00010000000000000003	0.00010000000000000003	0.00010000000000000003	0.00010000000000000003	0.00010000000000000003	0.00010000000000000003	0.00010000000000000003	0.00010000000000000003	0.00010000000000000003	0.00010000000000000003	0.00010000000000000003	0.00010000000000000003	0.00010000000000000003
7	0.00010000000000000003	0.00010000000000000003	0.00010000000000000003	0.00010000000000000003	0.00010000000000000003	0.00010000000000000003	0.00010000000000000003	0.00010000000000000003	0.00010000000000000003	0.00010000000000000003	0.00010000000000000003	0.00010000000000000003	0.00010000000000000003	0.00010000000000000003	0.00010000000000000003	0.00010000000000000003
8	0.00010000000000000003	0.00010000000000000003	0.00010000000000000003	0.00010000000000000003	0.00010000000000000003	0.00010000000000000003	0.00010000000000000003	0.00010000000000000003	0.00010000000000000003	0.00010000000000000003	0.00010000000000000003	0.00010000000000000003	0.00010000000000000003	0.00010000000000000003	0.00010000000000000003	0.00010000000000000003
9	0.00010000000000000003	0.00010000000000000003	0.00010000000000000003	0.00010000000000000003	0.00010000000000000003	0.00010000000000000003	0.00010000000000000003	0.00010000000000000003	0.00010000000000000003	0.00010000000000000003	0.00010000000000000003	0.00010000000000000003	0.00010000000000000003	0.00010000000000000003	0.00010000000000000003	0.00010000000000000003
10	0.00010000000000000003	0.00010000000000000003	0.00010000000000000003	0.00010000000000000003	0.00010000000000000003	0.00010000000000000003	0.00010000000000000003	0.00010000000000000003	0.00010000000000000003	0.00010000000000000003	0.00010000000000000003	0.00010000000000000003	0.00010000000000000003	0.00010000000000000003	0.00010000000000000003	0.00010000000000000003
11	0.00010000000000000003	0.00010000000000000003	0.00010000000000000003	0.00010000000000000003	0.00010000000000000003	0.00010000000000000003	0.00010000000000000003	0.00010000000000000003	0.00010000000000000003	0.00010000000000000003	0.00010000000000000003	0.00010000000000000003	0.00010000000000000003	0.00010000000000000003	0.00010000000000000003	0.00010000000000000003
12	0.00010000000000000003	0.00010000000000000003	0.00010000000000000003	0.00010000000000000003	0.00010000000000000003	0.00010000000000000003	0.00010000000000000003	0.00010000000000000003	0.00010000000000000003	0.00010000000000000003	0.00010000000000000003	0.00010000000000000003	0.00010000000000000003	0.00010000000000000003	0.00010000000000000003	0.00010000000000000003
13	0.00010000000000000003	0.00010000000000000003	0.00010000000000000003	0.00010000000000000003	0.00010000000000000003	0.00010000000000000003	0.00010000000000000003	0.00010000000000000003	0.00010000000000000003	0.00010000000000000003	0.00010000000000000003	0.00010000000000000003	0.00010000000000000003	0.00010000000000000003	0.00010000000000000003	0.00010000000000000003
14	0.00010000000000000003	0.00010000000000000003	0.00010000000000000003	0.00010000000000000003	0.00010000000000000003	0.00010000000000000003	0.00010000000000000003	0.00010000000000000003	0.00010000000000000003	0.00010000000000000003	0.00010000000000000003	0.00010000000000000003	0.00010000000000000003	0.00010000000000000003	0.00010000000000000003	0.00010000000000000003
15	0.00010000000000000003	0.00010000000000000003	0.00010000000000000003	0.00010000000000000003	0.00010000000000000003	0.00010000000000000003	0.00010000000000000003	0.00010000000000000003	0.00010000000000000003	0.00010000000000000003	0.00010000000000000003	0.00010000000000000003	0.00010000000000000003	0.00010000000000000003	0.00010000000000000003	0.00010000000000000003
16	0.00010000000000000003	0.00010000000000000003	0.00010000000000000003	0.00010000000000000003	0.00010000000000000003	0.00010000000000000003	0.00010000000000000003	0.00010000000000000003	0.00010000000000000003	0.00010000000000000003	0.00010000000000000003	0.00010000000000000003	0.00010000000000000003	0.00010000000000000003	0.00010000000000000003	0.00010000000000000003
17	0.00010000000000000003	0.00010000000000000003	0.00010000000000000003	0.00010000000000000003	0.00010000000000000003	0.00010000000000000003	0.00010000000000000003	0.00010000000000000003	0.00010000000000000003	0.00010000000000000003	0.00010000000000000003	0.00010000000000000003	0.00010000000000000003	0.00010000000000000003	0.00010000000000000003	0.00010000000000000003
18	0.00010000000000000003	0.00010000000000000003	0.00010000000000000003	0.00010000000000000003	0.00010000000000000003	0.00010000000000000003	0.00010000000000000003	0.00010000000000000003	0.00010000000000000003	0.00010000000000000003	0.00010000000000000003	0.00010000000000000003	0.00010000000000000003	0.00010000000000000003	0.00010000000000000003	0.00010000000000000003
19	0.00010000000000000003	0.00010000000000000003	0.00010000000000000003	0.00010000000000000003	0.00010000000000000003	0.00010000000000000003	0.00010000000000000003	0.00010000000000000003	0.00010000000000000003	0.00010000000000000003	0.00010000000000000003	0.00010000000000000003	0.00010000000000000003	0.00010000000000000003	0.00010000000000000003	0.00010000000000000003
20	0.00010000000000000003	0.00010000000000000003	0.00010000000000000003	0.00010000000000000003	0.00010000000000000003	0.00010000000000000003	0.00010000000000000003	0.00010000000000000003	0.00010000000000000003	0.00010000000000000003	0.00010000000000000003	0.00010000000000000003	0.00010000000000000003	0.00010000000000000003	0.00010000000000000003	0.00010000000000000003
21	0.00010000000000000003	0.00010000000000000003	0.00010000000000000003	0.00010000000000000003	0.00010000000000000003	0.00010000000000000003	0.00010000000000000003	0.00010000000000000003	0.00010000000000000003	0.00010000000000000003	0.00010000000000000003	0.00010000000000000003	0.00010000000000000003	0.00010000000000000003	0.00010000000000000003	0.00010000000000000003
22	0.00010000000000000003	0.00010000000000000003	0.00010000000000000003	0.00010000000000000003	0.00010000000000000003	0.00010000000000000003	0.00010000000000000003	0.00010000000000000003	0.00010000000000000003	0.00010000000000000003	0.00010000000000000003	0.00010000000000000003	0.00010000000000000003	0.00010000000000000003	0.00010000000000000003	0.00010000000000000003
23	0.00010000000000000003	0.00010000000000000003	0.00010000000000000003	0.00010000000000000003	0.00010000000000000003	0.00010000000000000003	0.00010000000000000003	0.00010000000000000003	0.00010000000000000003	0.00010000000000000003	0.00010000000000000003	0.00010000000000000003	0.00010000000000000003	0.00010000000000000003	0.00010000000000000003	0.00010000000000000003
24	0.00010000000000000003	0.00010000000000000003	0.00010000000000000003	0.00010000000000000003	0.00010000000000000003	0.00010000000000000003	0.00010000000000000003	0.00010000000000000003	0.00010000000000000003	0.00010000000000000003	0.00010000000000000003	0.00010000000000000003	0.00010000000000000003	0.00010000000000000003	0.00010000000000000003	0.00010000000000000003
["DHN_SOLAR","C1",*,*] :	1	2	3	4	5	6	7	8	9	10	11	12	13	14	15	16 := 
1	0.0	0.0	0.0	0.0	0.0	0.0	0.0	0.0	0.0	0.0	0.0	0.0	0.0	0.0	0.0	0.0
2	0.0	0.0	0.0	0.0	0.0	0.0	0.0	0.0	0.0	0.0	0.0	0.0	0.0	0.0	0.0	0.0
3	0.0	0.0	0.0	0.0	0.0	0.0	0.0	0.0	0.0	0.0	0.0	0.0	0.0	0.0	0.0	0.0
4	0.0	0.0	0.0	0.0	0.0	0.0	0.0	0.0	0.0	0.0	0.0	0.0	0.0	0.0	0.0	0.0
5	0.0	0.0	0.0	0.0	0.0	0.0	0.0	0.0	0.0	0.0	0.0	0.0	0.0	0.0	0.0	0.0
6	0.0	0.0	0.0	0.0	0.0	0.0	0.0	0.0	0.0	0.0	0.0	0.0	0.0	0.0	0.0	0.0
7	0.0	0.0	0.0	0.0	0.0	0.0	0.0	0.0	0.0	0.0	0.0	0.0	0.0	0.0	0.0	0.0
8	0.0	0.0	0.0	0.0	0.0	0.0	0.0	0.0	0.0	0.0	0.0	0.0	0.0	0.0	0.0	0.0
9	0.0	0.0	0.0	0.0	0.0	0.0	0.0	0.0	0.0	0.0	0.0	0.0	0.0	0.0	0.0	0.0
10	0.0	0.0	0.0	0.0	0.0	0.0	0.0	0.0	0.0	0.0	0.0	0.0	0.0	0.0	0.0	0.0
11	0.02715367301696942	0.024706108377816286	0.013868560541756834	0.01992864112626311	0.0016317097594354204	0.0023308750258442803	0.003380109132179691	0.006176770197815131	0.006875935464223991	0.018296931366827692	0.017015290447318823	0.021676068085563143	0.024939487604433985	0.023424467458307414	0.017247697260492283	0.022608612578589704
12	0.11968659154399905	0.11607407559864591	0.07563431769301968	0.13751773687103558	0.17725832951025297	0.20394621648743122	0.2093061593920844	0.17667488144370871	0.14509283760166844	0.15022037369314817	0.13891606740385332	0.14066446677659758	0.14194610769610644	0.11432664863934587	0.09043542272780306	0.11595738598533706
13	0.27596801823509776	0.24438500197961321	0.15628045427765444	0.3338878802143897	0.4184966015843042	0.44856459769366214	0.450428714266271	0.4170982710514865	0.3645383519768477	0.34565894495691996	0.30323838086537597	0.29904241685347865	0.321301933005586	0.22399057481355894	0.19683690179658953	0.24496845004615744
14	0.4402893592831762	0.37817353329198683	0.24601671173904865	0.5253638666928818	0.6195294673927911	0.6522764625410314	0.6546073375668757	0.6244236242576532	0.5745446490487852	0.5385332619682298	0.45777043577028614	0.4483312184670445	0.49576262903675933	0.3223511671119214	0.33318871494798086	0.36873431598874506
15	0.5781571649941383	0.4881875283061264	0.3236328080314303	0.6720884140539857	0.7753431632172102	0.8068094898593859	0.8085578892321301	0.7843175668941049	0.7457419255610876	0.6885212288482044	0.5776913789543472	0.5565968141084398	0.6312995597218772	0.3904103840743082	0.4453011781747913	0.47070645181901644
16	0.6636974584436351	0.5398149028877387	0.370598432561354	0.7592613896763621	0.8686929090374018	0.904004158438104	0.9048200133178218	0.8839588276985321	0.8508617637103653	0.7714972680452393	0.6149834345409673	0.6125368423152583	0.6962130191921463	0.4325985413526788	0.5077670730059072	0.5473900036183715
17	0.6945813094327108	0.5479734516849157	0.40835724660120937	0.7756932320571368	0.8959632716676801	0.9353537954669708	0.935819581506762	0.9160076299938078	0.8843088965384587	0.7892117237589671	0.6253561687506798	0.6332803659077949	0.6910845106872223	0.4465828190943002	0.5374850002753386	0.5834013906989269
18	0.6660283334694794	0.5039211778339364	0.4201283113437396	0.7295434624069308	0.8337307560631818	0.899809166839651	0.9000415736528244	0.8748687068217728	0.8298848608912109	0.7481894902002407	0.5900439469365332	0.5951724554414571	0.6428372452377897	0.41803081554451305	0.5280448105586526	0.5586952823211107
19	0.5711645399166055	0.4270042468079636	0.3887786743148728	0.6021641081055458	0.7308251033264396	0.7967868244895998	0.7983018446357265	0.7652047806475596	0.6803626800510274	0.6472656160628606	0.5017069924214009	0.4994928070088655	0.5251314598797083	0.33773377538636057	0.471638996312043	0.48049671037562897
20	0.3970529403119145	0.3034717600919937	0.325031138564248	0.42712093642127247	0.571514608756532	0.6346796688540568	0.6384088744127189	0.5989016610001192	0.4609171656758482	0.47385318172457846	0.3651208276299477	0.3545156866070617	0.3908761701140994	0.2380925145819335	0.3624408561776211	0.37432763812001596
21	0.26151698204024093	0.19648683295666297	0.22876901447855635	0.26839291750446487	0.3095318406765	0.4201283113437396	0.4265384607681725	0.37327937642712483	0.2796972237937597	0.3034717600919937	0.25161100628376376	0.21769711500243497	0.2568552319885523	0.1368185716046267	0.2461334013523575	0.23284731646370066
22	0.12772845072786732	0.09567964843259162	0.11747240613146362	0.1157249791721636	0.1200366603839256	0.16525388554110504	0.15919380495659874	0.1412469424296976	0.10208979785702446	0.1290100916473762	0.12516419647540533	0.10348812838984218	0.1186383298511079	0.06060080584506281	0.12388255555589647	0.10232220467019792
23	0.027270362630278266	0.017481076487109982	0.024822797991125137	0.014801105034783393	0.0010492341063354105	0.0023308750258442803	0.0027966610656354404	0.005594294544715122	0.005943390971197431	0.018762717406618855	0.019578572286336565	0.017481076487109982	0.024590391177951677	0.011537685515912553	0.025056177217742837	0.017831145327036533
24	0.0	0.0	0.0	0.0	0.0	0.0	0.0	0.0	0.0	0.0	0.0	0.0	0.0	0.0	0.0	0.0
["DHN_SOLAR","C2",*,*] :	1	2	3	4	5	6	7	8	9	10	11	12	13	14	15	16 := 
1	0.0	0.0	0.0	0.0	0.0	0.0	0.0	0.0	0.0	0.0	0.0	0.0	0.0	0.0	0.0	0.0
2	0.0	0.0	0.0	0.0	0.0	0.0	0.0	0.0	0.0	0.0	0.0	0.0	0.0	0.0	0.0	0.0
3	0.0	0.0	0.0	0.0	0.0	0.0	0.0	0.0	0.0	0.0	0.0	0.0	0.0	0.0	0.0	0.0
4	0.0	0.0	0.0	0.0	0.0	0.0	0.0	0.0	0.0	0.0	0.0	0.0	0.0	0.0	0.0	0.0
5	0.0	0.0	0.0	0.0	0.0	0.0	0.0	0.0	0.0	0.0	0.0	0.0	0.0	0.0	0.0	0.0
6	0.0	0.0	0.0	0.0	0.0	0.0	0.0	0.0	0.0	0.0	0.0	0.0	0.0	0.0	0.0	0.0
7	0.0	0.0	0.0	0.0	0.0	0.0	0.0	0.0	0.0	0.0	0.0	0.0	0.0	0.0	0.0	0.0
8	0.0	0.0	0.0	0.0	0.0	0.0	0.0	0.0	0.0	0.0	0.0	0.0	0.0	0.0	0.0	0.0
9	0.0	0.0	0.0	0.0	0.0	0.0	0.0	0.0	0.0	0.0	0.0	0.0	0.0	0.0	0.0	0.0
10	0.0	0.0	0.0	0.0	0.0	0.0	0.0	0.0	0.0	0.0	0.0	0.0	0.0	0.0	0.0	0.0
11	0.02580114368586861	0.02265111822749342	0.015150169201144268	0.018600664668953003	0.003450495467808734	0.004050453558540418	0.005549857821301925	0.006900009007482064	0.008550630203095747	0.019650345845699593	0.014850681119846127	0.02295060630879156	0.023100841313508327	0.02205017820862633	0.01845042966423623	0.020701008950581596
12	0.11580369464883979	0.10875345063664096	0.07725221412475364	0.12495330101453182	0.17925490883049391	0.20325617824416745	0.21045567533294765	0.14445439378365005	0.14025370522039285	0.14955452851893705	0.11850301509306467	0.14220381449730468	0.1261532171959952	0.1116030060855826	0.09840294616135016	0.10875345063664096
13	0.2563568879505308	0.22560682646222732	0.16485493272479812	0.30540910795462445	0.41251193739565173	0.4402622084302968	0.4399627203489987	0.35371015293513436	0.3414095391829317	0.3375093206291081	0.2800576873547708	0.304658914859176	0.27810757807785896	0.2289061049971839	0.21270625461929304	0.23355651664645602
14	0.40486173529272124	0.34845978319513055	0.2565071229552476	0.47761377277291955	0.6025670737874514	0.6367686126716989	0.6337678402899052	0.556816096174585	0.5406152638685587	0.5161652532970058	0.4516633760104696	0.45976330119941505	0.42751187159207926	0.33870923681057147	0.3358596813616298	0.3513103205722076
15	0.5277146920256245	0.4552631245548597	0.3340598070894348	0.6118678970859956	0.7428217609359796	0.7839223268995739	0.7794221502550186	0.7068203477795371	0.705020473507342	0.6511685887773948	0.5958172997846861	0.57871702130663	0.5413654569640072	0.4060616514741846	0.4381628460768036	0.44716319936591425
16	0.6099177878090838	0.5005643790817111	0.3933113146359671	0.6883699181153008	0.8317736487940688	0.87437460094856	0.8686745081225412	0.7947225544608796	0.8014733103917803	0.7248210543577583	0.6636194375343142	0.6378182938484456	0.592966762407609	0.4410124015257453	0.4981645467187844	0.507164900007895
17	0.6406688312255227	0.5109148835570019	0.420762097589314	0.7125204406055557	0.8476740110906615	0.9018253839019069	0.8952258449038584	0.8298235395171569	0.8319238837987856	0.7441709301940244	0.6886694061965989	0.6583690677943104	0.5829167279417518	0.44791241053322733	0.5163145063735871	0.5268152458535946
18	0.6058673342505433	0.4873643191574787	0.4132621304911002	0.6643686487016272	0.804322865840722	0.8643245664827027	0.8508240365490367	0.7941225963701479	0.7912730409212063	0.6927198597551394	0.6364681426622655	0.6172675199025807	0.5461661036179961	0.41356161857239837	0.49126453771130235	0.495913967432439
19	0.5248651365766829	0.41356161857239837	0.3736609687902675	0.5598158866282436	0.7048702385026252	0.7635217879584258	0.7515216442156567	0.6834200183847305	0.6739689600814696	0.5619162309098721	0.5310149524887164	0.5224653042137561	0.44476238507485216	0.3348100001848832	0.43051264397387307	0.4261617204058991
20	0.3792108266115694	0.3045086798544593	0.30150888940080084	0.4032111140971076	0.5409157338779923	0.601816880692003	0.5965674928801346	0.5037144045400863	0.48196371441275815	0.4041115421972728	0.3612101200333481	0.37411069187628243	0.3435098834645603	0.23835716330044487	0.3426094553643951	0.32610913497707067
21	0.2407569956633716	0.20145532204383704	0.206555456779124	0.2563568879505308	0.2910081499207933	0.39166167536848884	0.38911160800084527	0.31200864695267305	0.3016591244055176	0.262357450785983	0.2376069702049964	0.2320571123836945	0.21525632198693653	0.14820437733275693	0.22245680100385215	0.19770533849473013
22	0.1152037365581081	0.09810247615191661	0.10605314826428068	0.11220296417631428	0.10065254351956011	0.15285478898202903	0.15360400014934206	0.124053854842502	0.09585287879370664	0.11430330845794287	0.10605314826428068	0.10485323208281731	0.09690255997045324	0.0687015839216579	0.10620338326899745	0.08700276050931277
23	0.02130096704131328	0.015450639210577809	0.02040053894114805	0.012750336838217533	0.0009004281001652273	0.0016496392674782792	0.0019501092769118227	0.004050453558540418	0.0039002185538236454	0.014700446115129355	0.01365076493838276	0.016950043473339317	0.017850471573504546	0.012000143742769077	0.01875089967366977	0.014100488024397671
24	0.0	0.0	0.0	0.0	0.0	0.0	0.0	0.0	0.0	0.0	0.0	0.0	0.0	0.0	0.0	0.0
["DHN_SOLAR","C3",*,*] :	1	2	3	4	5	6	7	8	9	10	11	12	13	14	15	16 := 
1	0.0	0.0	0.0	0.0	0.0	0.0	0.0	0.0	0.0	0.0	0.0	0.0	0.0	0.0	0.0	0.0
2	0.0	0.0	0.0	0.0	0.0	0.0	0.0	0.0	0.0	0.0	0.0	0.0	0.0	0.0	0.0	0.0
3	0.0	0.0	0.0	0.0	0.0	0.0	0.0	0.0	0.0	0.0	0.0	0.0	0.0	0.0	0.0	0.0
4	0.0	0.0	0.0	0.0	0.0	0.0	0.0	0.0	0.0	0.0	0.0	0.0	0.0	0.0	0.0	0.0
5	0.0	0.0	0.0	0.0	0.0	0.0	0.0	0.0	0.0	0.0	0.0	0.0	0.0	0.0	0.0	0.0
6	0.0	0.0	0.0	0.0	0.0	0.0	0.0	0.0	0.0	0.0	0.0	0.0	0.0	0.0	0.0	0.0
7	0.0	0.0	0.0	0.0	0.0	0.0	0.0	0.0	0.0	0.0	0.0	0.0	0.0	0.0	0.0	0.0
8	0.0	0.0	0.0	0.0	0.0	0.0	0.0	0.0	0.0	0.0	0.0	0.0	0.0	0.0	0.0	0.0
9	0.0	0.0	0.0	0.0	0.0	0.0	0.0	0.0	0.0	0.0	0.0	0.0	0.0	0.0	0.0	0.0
10	0.0	0.0	0.0	0.0	0.0	0.0	0.0	0.0	0.0	0.0	0.0	0.0	0.0	0.0	0.0	0.0
11	0.019134786822486	0.012437464477572054	0.013394644689827895	0.010524083766686019	0.0	0.0	0.0009571802122558406	0.0009571802122558406	0.002870560923141876	0.01148126397894186	0.01148126397894186	0.01148126397894186	0.017221406111599967	0.018178586323855803	0.017221406111599967	0.010524083766686019
12	0.09567491382605565	0.0966320940383115	0.10141603567233941	0.1100267387281394	0.12820434533836955	0.16264813727519511	0.18178292409768113	0.12437758391659749	0.14159899002819742	0.13681504839416953	0.13203208647376727	0.10045885546008357	0.12342138341796728	0.11768026157168353	0.11194011943902542	0.07654012700356966
13	0.2640631932339089	0.22962038101070895	0.22483643937668105	0.2745872770005949	0.3539979649273064	0.4133166858192761	0.433408652854018	0.3769604928851901	0.37313275174979244	0.33199261718167855	0.31094444964830653	0.23536052314336706	0.28989530240130884	0.24014446477739498	0.25258192925496703	0.18752306623033924
14	0.4410621756975621	0.3520845842164204	0.3415605004497344	0.44871667825473194	0.5711808814604433	0.6324129830632991	0.6505905896735292	0.6104076353176712	0.5922290489938153	0.5176023027011317	0.49751033566638997	0.37983007409470637	0.443932736620704	0.3415605004497344	0.40661936347436217	0.31285783035919257
15	0.5970129906278433	0.46306752344319	0.4295818914322459	0.6017969322618711	0.7433959222900687	0.8008012624711522	0.8170654883704963	0.7883628182799546	0.7711414121683545	0.6821638206872129	0.6094504551054153	0.4812461097670458	0.5549156758474735	0.4018354218403343	0.5233434245474154	0.40853274418524815
16	0.7051263486450966	0.5577862367706153	0.48794343211195973	0.7070397293559827	0.8362012549066081	0.9127413819101777	0.9242216661754938	0.902216318429866	0.8888226534536638	0.7778387345132686	0.6276290414292711	0.5453487722930435	0.6084942546067852	0.43723541427579005	0.5807477850148735	0.4774193483452737
17	0.7453093030009547	0.6161477774503292	0.5137755412793598	0.7491360644227267	0.889778853952294	0.9538815164782916	0.9663189809558637	0.9443136332102358	0.9328323692312939	0.8084547853146964	0.6505905896735292	0.5826621454393852	0.6276290414292711	0.41044612489613425	0.5998835515509852	0.4860300514010737
18	0.6946012851647849	0.6065808738958991	0.48028892955478997	0.7204343740458106	0.870644067129808	0.9242216661754938	0.9395296915762078	0.9156109631196939	0.902216318429866	0.7768825340146384	0.6352835439864409	0.5721370819590734	0.6238022800074992	0.35878190656133435	0.5778782038053573	0.4755059676343877
19	0.5817049652271293	0.5415210311576456	0.40853274418524815	0.6094504551054153	0.7587039476907826	0.7979307015480104	0.8457681584610381	0.8122825264500941	0.7835798563595523	0.6984290263001828	0.5635263789032735	0.4908139930351016	0.5759648230944713	0.3004203658816205	0.5185594829133876	0.41140330510839007
20	0.435322033564904	0.42479794979821794	0.3080738887251646	0.4726354067112458	0.5998835515509852	0.6515477698857851	0.6907745237430128	0.6534611505966711	0.5836183459380153	0.5472621530039294	0.4401059751989319	0.36834978982939015	0.4592407620214179	0.22196587845353918	0.4027926020525901	0.2975498049584786
21	0.2669337541570508	0.2726738962897089	0.21239897489910897	0.3004203658816205	0.35304176442867624	0.4276675310077342	0.48411667069018766	0.4448899168329598	0.3281658557599065	0.36260866798310637	0.29085248261356467	0.22100967795490897	0.2985069851707345	0.1473401118744812	0.27745783792373674	0.18369630480856716
22	0.13968560931731142	0.1339454671846533	0.10428561688185563	0.14064278952956724	0.13490166768328352	0.1482963123731114	0.22674982008756708	0.18752306623033924	0.14255617024045328	0.15308025400713932	0.14064278952956724	0.10045885546008357	0.14446955095133932	0.07366956608042777	0.14638293166222535	0.08132406863759756
23	0.038269573644972	0.03061605080142786	0.023918728456513914	0.02296252795788372	0.005740142132658106	0.006697322344913948	0.010524083766686019	0.014350845188458089	0.014350845188458089	0.027745489878285987	0.02965887058917202	0.02009196703474184	0.035399992435455774	0.017221406111599967	0.038269573644972	0.017221406111599967
24	0.0	0.0	0.0	0.0	0.0	0.0	0.0	0.0	0.0	0.0	0.0	0.0	0.0	0.0	0.0	0.0
["DHN_SOLAR","C4",*,*] :	1	2	3	4	5	6	7	8	9	10	11	12	13	14	15	16 := 
1	0.0	0.0	0.0	0.0	0.0	0.0	0.0	0.0	0.0	0.0	0.0	0.0	0.0	0.0	0.0	0.0
2	0.0	0.0	0.0	0.0	0.0	0.0	0.0	0.0	0.0	0.0	0.0	0.0	0.0	0.0	0.0	0.0
3	0.0	0.0	0.0	0.0	0.0	0.0	0.0	0.0	0.0	0.0	0.0	0.0	0.0	0.0	0.0	0.0
4	0.0	0.0	0.0	0.0	0.0	0.0	0.0	0.0	0.0	0.0	0.0	0.0	0.0	0.0	0.0	0.0
5	0.0	0.0	0.0	0.0	0.0	0.0	0.0	0.0	0.0	0.0	0.0	0.0	0.0	0.0	0.0	0.0
6	0.0	0.0	0.0	0.0	0.0	0.0	0.0	0.0	0.0	0.0	0.0	0.0	0.0	0.0	0.0	0.0
7	0.0	0.0	0.0	0.0	0.0	0.0	0.0	0.0	0.0	0.0	0.0	0.0	0.0	0.0	0.0	0.0
8	0.0	0.0	0.0	0.0	0.0	0.0	0.0	0.0	0.0	0.0	0.0	0.0	0.0	0.0	0.0	0.0
9	0.0	0.0	0.0	0.0	0.0	0.0	0.0	0.0	0.0	0.0	0.0	0.0	0.0	0.0	0.0	0.0
10	0.0	0.0	0.0	0.0	0.0	0.0	0.0	0.0	0.0	0.0	0.0	0.0	0.0	0.0	0.0	0.0
11	0.02933602867167415	0.02887736473669683	0.018334896451593224	0.01970991651090022	0.005042388047875622	0.006875100296534983	0.007792428166489615	0.009167448225796612	0.011917488344410606	0.01970991651090022	0.022459956629514215	0.03025238479600383	0.024752304558775844	0.022918620564491527	0.025668660683105523	0.022459956629514215
12	0.12513557110756127	0.12009318305968564	0.08296472622152187	0.11459310282245765	0.17188916836087398	0.22185146966777805	0.21772640948985705	0.15447062803361045	0.15355427190928075	0.13613573158201722	0.14759552773707546	0.16180439226512275	0.12009318305968564	0.1045083267267064	0.11413443888748033	0.10221695054306973
13	0.2539375384580662	0.24935381434516787	0.17418054454451065	0.2621876588139082	0.39740703427159574	0.45928779566853534	0.4510367035670684	0.36898833346987625	0.3602795491790569	0.292440043609912	0.3098585839371755	0.33185987663171246	0.2525625183987592	0.21268402144198145	0.23468531413651833	0.21176766531765176
14	0.3850308819922078	0.38182314968424147	0.28464858718904734	0.40703314643236965	0.5839637310954943	0.6540946128482759	0.6495108887353775	0.5793800069825961	0.5573787142880591	0.46112050791719467	0.46157917185217195	0.4964152807610741	0.39007327004008346	0.31627599204435813	0.3575295090604429	0.31627599204435813
15	0.49549892463674444	0.4849564563516408	0.40107440226016433	0.5165838612069517	0.699931853977259	0.7984814365317601	0.795731396413146	0.7439354111119577	0.7187254143638295	0.6192585039393738	0.5844223950304717	0.6220085440579878	0.5078750769161324	0.3928233101586974	0.43132678705616817	0.4143669106638819
16	0.5720462427510836	0.5349187576585449	0.465704232030093	0.5894647830783473	0.7746464598429389	0.8860298868661803	0.8814461627532819	0.8232337410905359	0.8012314766503741	0.7072656182087712	0.6499695526703549	0.6793055813420291	0.5683798465081401	0.44874435563780674	0.4780803843094809	0.4822054444874019
17	0.6160497998857825	0.5330850736642606	0.48633147641094787	0.6220085440579878	0.7741877959079616	0.9098658353006264	0.902532071069114	0.8475273817143344	0.8282751573927866	0.7201004344231364	0.6522609288539916	0.6728881732348464	0.5770886307989593	0.4620378357871493	0.4881641886596072	0.522542605379157
18	0.6256759120465564	0.49870762869033575	0.4716629762022983	0.5908398031376543	0.7274341986546488	0.8676959621602119	0.8631122380473136	0.8016901405853514	0.7806052040151441	0.68343064151995	0.5903811392026769	0.6210921879336581	0.5230012693141343	0.4345354911097595	0.4661628959650703	0.5120001370940533
19	0.5573787142880591	0.4226180027653489	0.41161687054526797	0.517041553396304	0.6540946128482759	0.763645327622858	0.7590616035099597	0.6632620610740725	0.6440108084981496	0.576629966863982	0.48862285259458454	0.5207089213848727	0.4001570743902097	0.3831981697435485	0.40886683042665395	0.4409528992169421
20	0.4212429827060419	0.2983987877821173	0.32360975627587046	0.3882395860457991	0.5133751571533605	0.5981735673691665	0.5931311793212909	0.4941239045774375	0.42995176699686116	0.40978318655098367	0.3332358684366444	0.3611959053033866	0.30573352375925456	0.28923231130194565	0.3194846960979495	0.32956850044807573
21	0.2598962826302715	0.19159908487177424	0.20855896126406046	0.2516451905288046	0.2663136907374541	0.3804471578793095	0.36944699740485354	0.29794109559276494	0.2511874983394522	0.25897895476031685	0.23147758182855196	0.21497539762561813	0.19205774880675155	0.16180439226512275	0.21085033744769713	0.20443292934051452
22	0.11642581507111702	0.08754845033442017	0.09625820637086444	0.1045083267267064	0.07883966604360088	0.13201067140409622	0.12467690717258394	0.10267464273242209	0.08479841021580618	0.10404966279172909	0.1045083267267064	0.0939658584416028	0.08342339015649919	0.06921355388282695	0.09900824648947842	0.0825070340321695
23	0.01879356038657054	0.012376152279387922	0.01558485633297923	0.009626112160773928	0.0	0.0	0.00045866393497731616	0.0018336839942843129	0.002291376183636677	0.011458824409433289	0.011917488344410606	0.011917488344410606	0.012834816214365236	0.010083804350126293	0.015126192398001915	0.011458824409433289
24	0.0	0.0	0.0	0.0	0.0	0.0	0.0	0.0	0.0	0.0	0.0	0.0	0.0	0.0	0.0	0.0
["DHN_SOLAR","C5",*,*] :	1	2	3	4	5	6	7	8	9	10	11	12	13	14	15	16 := 
1	0.0	0.0	0.0	0.0	0.0	0.0	0.0	0.0	0.0	0.0	0.0	0.0	0.0	0.0	0.0	0.0
2	0.0	0.0	0.0	0.0	0.0	0.0	0.0	0.0	0.0	0.0	0.0	0.0	0.0	0.0	0.0	0.0
3	0.0	0.0	0.0	0.0	0.0	0.0	0.0	0.0	0.0	0.0	0.0	0.0	0.0	0.0	0.0	0.0
4	0.0	0.0	0.0	0.0	0.0	0.0	0.0	0.0	0.0	0.0	0.0	0.0	0.0	0.0	0.0	0.0
5	0.0	0.0	0.0	0.0	0.0	0.0	0.0	0.0	0.0	0.0	0.0	0.0	0.0	0.0	0.0	0.0
6	0.0	0.0	0.0	0.0	0.0	0.0	0.0	0.0	0.0	0.0	0.0	0.0	0.0	0.0	0.0	0.0
7	0.0	0.0	0.0	0.0	0.0	0.0	0.0	0.0	0.0	0.0	0.0	0.0	0.0	0.0	0.0	0.0
8	0.0	0.0	0.0	0.0	0.0	0.0	0.0	0.0	0.0	0.0	0.0	0.0	0.0	0.0	0.0	0.0
9	0.0	0.0	0.0	0.0	0.0	0.0	0.0	0.0	0.0	0.0	0.0	0.0	0.0	0.0	0.0	0.0
10	0.0	0.0	0.0	0.0	0.0	0.0	0.0	0.0	0.0	0.0	0.0	0.0	0.0	0.0	0.0	0.0
11	0.019127448712812693	0.018170781615848557	0.013389410539851217	0.014346077636815351	0.0	0.0	0.0009566670969641348	0.0028690190864807366	0.004782353280409006	0.013389410539851217	0.013389410539851217	0.012432743442887082	0.020084115809776825	0.02199646779929343	0.016258429626331953	0.01530176252936782
12	0.11285332249177121	0.1061586172218456	0.08703116850903292	0.1252860659346583	0.15493390610084146	0.18649409825654123	0.19701448970991173	0.15206488701436074	0.15015155282043247	0.14728253373395173	0.1386754764745095	0.10233293103840073	0.12815508502113904	0.12624273303162242	0.10042057904888413	0.08607450141206878
13	0.2696995805821293	0.23909507331898197	0.18362507917006052	0.3108244792986471	0.3739458458144582	0.43802289722282195	0.44662995448226417	0.39402897941982346	0.38446525506341706	0.34716702473475586	0.3156058503746444	0.22953134896257563	0.3098678122016829	0.24770311278283585	0.2333570351460205	0.17979939298661562
14	0.4418485834062668	0.37777054979349145	0.2811766391324639	0.4992319117491165	0.5967824895071083	0.6503401316665132	0.6589471889259554	0.6111285671439236	0.6025205276800698	0.5269664177213715	0.4781911288423756	0.34812270962730835	0.49158053938222684	0.3462103576377917	0.38542192216038124	0.2916960483814227
15	0.6073028809604788	0.5126203400845561	0.3462103576377917	0.649383464569549	0.7880589410440585	0.8119687430372802	0.8224881522862391	0.7861456068501302	0.7718005114177267	0.6866826771026219	0.5872187651507019	0.43324152614682465	0.6226046434898466	0.42559015377993487	0.5097513209980754	0.41411309522960027
16	0.7144171830748769	0.5833930789672571	0.37968388398741976	0.7325889468951371	0.8923042240719758	0.9181263780547141	0.926734417518568	0.897086577352385	0.8827404997155696	0.7718005114177267	0.6426887592996234	0.492537206479191	0.6943330672651	0.4485432886761925	0.5939134704206276	0.5202717124514459
17	0.7536287475974665	0.5967824895071083	0.38542192216038124	0.7708438443207625	0.9276910846155322	0.9563822576847512	0.9649893149441935	0.9315157885945654	0.9305601037020129	0.7957103134109483	0.7249375745282473	0.5441815144446676	0.6857260100056578	0.45619466104308215	0.6273869967702557	0.5613966111679636
18	0.7125048310853602	0.558527592081483	0.3615121201671595	0.7364146330785819	0.8817838326186054	0.9257777504216039	0.9343857898854578	0.8808281477260529	0.8798714806290887	0.7631924719538727	0.7038967916215063	0.5231407315379265	0.6340817020401812	0.41028839125056704	0.6187789573064018	0.5556575907905905
19	0.6139975862304043	0.47245309066941416	0.3156058503746444	0.6350373869327336	0.7689314923312458	0.8291828575561646	0.8358775628260902	0.7804075686771688	0.7469340423275408	0.6723365994658066	0.6139975862304043	0.43802289722282195	0.5594832769740354	0.3041297740287215	0.5489628855206649	0.4801034808318922
20	0.42559015377993487	0.31369349838512783	0.24770311278283585	0.4695840715829334	0.566177982243961	0.665641894195881	0.6780746376387681	0.6197356244033658	0.5030566157281499	0.5240973986348907	0.466714070292041	0.3156058503746444	0.43802289722282195	0.2142295864332078	0.43228485904986047	0.388290941246862
21	0.28595801020846123	0.22283664369265	0.177887040997099	0.29360938257535096	0.31943153655808926	0.455237993946118	0.46862740448596923	0.4150697623265644	0.3175191845685727	0.3404723194648302	0.26109252332268706	0.1951021377203951	0.29360938257535096	0.1338931231941005	0.26491820950613193	0.24578977858890758
22	0.14345684755050683	0.11572234157825194	0.09563822576847512	0.12815508502113904	0.14632684884139924	0.15971625938125047	0.2123172344436912	0.15397723900387733	0.1338931231941005	0.13963214357147366	0.13580645738802877	0.09085587248806612	0.1338931231941005	0.06503371850532781	0.14058782846402612	0.10520195012488145
23	0.035385878339144645	0.023909801993221697	0.02199646779929343	0.018170781615848557	0.0028690190864807366	0.004782353280409006	0.006694705269925608	0.01052039145337048	0.01052039145337048	0.023909801993221697	0.0258221539827383	0.01721509672329609	0.032516859252663906	0.014346077636815351	0.03156019215569977	0.020084115809776825
24	0.0	0.0	0.0	0.0	0.0	0.0	0.0	0.0	0.0	0.0	0.0	0.0	0.0	0.0	0.0	0.0
["DEC_SOLAR","C1",*,*] :	1	2	3	4	5	6	7	8	9	10	11	12	13	14	15	16 := 
1	0.0	0.0	0.0	0.0	0.0	0.0	0.0	0.0	0.0	0.0	0.0	0.0	0.0	0.0	0.0	0.0
2	0.0	0.0	0.0	0.0	0.0	0.0	0.0	0.0	0.0	0.0	0.0	0.0	0.0	0.0	0.0	0.0
3	0.0	0.0	0.0	0.0	0.0	0.0	0.0	0.0	0.0	0.0	0.0	0.0	0.0	0.0	0.0	0.0
4	0.0	0.0	0.0	0.0	0.0	0.0	0.0	0.0	0.0	0.0	0.0	0.0	0.0	0.0	0.0	0.0
5	0.0	0.0	0.0	0.0	0.0	0.0	0.0	0.0	0.0	0.0	0.0	0.0	0.0	0.0	0.0	0.0
6	0.0	0.0	0.0	0.0	0.0	0.0	0.0	0.0	0.0	0.0	0.0	0.0	0.0	0.0	0.0	0.0
7	0.0	0.0	0.0	0.0	0.0	0.0	0.0	0.0	0.0	0.0	0.0	0.0	0.0	0.0	0.0	0.0
8	0.0	0.0	0.0	0.0	0.0	0.0	0.0	0.0	0.0	0.0	0.0	0.0	0.0	0.0	0.0	0.0
9	0.0	0.0	0.0	0.0	0.0	0.0	0.0	0.0	0.0	0.0	0.0	0.0	0.0	0.0	0.0	0.0
10	0.0	0.0	0.0	0.0	0.0	0.0	0.0	0.0	0.0	0.0	0.0	0.0	0.0	0.0	0.0	0.0
11	0.02715367301696942	0.024706108377816286	0.013868560541756834	0.01992864112626311	0.0016317097594354204	0.0023308750258442803	0.003380109132179691	0.006176770197815131	0.006875935464223991	0.018296931366827692	0.017015290447318823	0.021676068085563143	0.024939487604433985	0.023424467458307414	0.017247697260492283	0.022608612578589704
12	0.11968659154399905	0.11607407559864591	0.07563431769301968	0.13751773687103558	0.17725832951025297	0.20394621648743122	0.2093061593920844	0.17667488144370871	0.14509283760166844	0.15022037369314817	0.13891606740385332	0.14066446677659758	0.14194610769610644	0.11432664863934587	0.09043542272780306	0.11595738598533706
13	0.27596801823509776	0.24438500197961321	0.15628045427765444	0.3338878802143897	0.4184966015843042	0.44856459769366214	0.450428714266271	0.4170982710514865	0.3645383519768477	0.34565894495691996	0.30323838086537597	0.29904241685347865	0.321301933005586	0.22399057481355894	0.19683690179658953	0.24496845004615744
14	0.4402893592831762	0.37817353329198683	0.24601671173904865	0.5253638666928818	0.6195294673927911	0.6522764625410314	0.6546073375668757	0.6244236242576532	0.5745446490487852	0.5385332619682298	0.45777043577028614	0.4483312184670445	0.49576262903675933	0.3223511671119214	0.33318871494798086	0.36873431598874506
15	0.5781571649941383	0.4881875283061264	0.3236328080314303	0.6720884140539857	0.7753431632172102	0.8068094898593859	0.8085578892321301	0.7843175668941049	0.7457419255610876	0.6885212288482044	0.5776913789543472	0.5565968141084398	0.6312995597218772	0.3904103840743082	0.4453011781747913	0.47070645181901644
16	0.6636974584436351	0.5398149028877387	0.370598432561354	0.7592613896763621	0.8686929090374018	0.904004158438104	0.9048200133178218	0.8839588276985321	0.8508617637103653	0.7714972680452393	0.6149834345409673	0.6125368423152583	0.6962130191921463	0.4325985413526788	0.5077670730059072	0.5473900036183715
17	0.6945813094327108	0.5479734516849157	0.40835724660120937	0.7756932320571368	0.8959632716676801	0.9353537954669708	0.935819581506762	0.9160076299938078	0.8843088965384587	0.7892117237589671	0.6253561687506798	0.6332803659077949	0.6910845106872223	0.4465828190943002	0.5374850002753386	0.5834013906989269
18	0.6660283334694794	0.5039211778339364	0.4201283113437396	0.7295434624069308	0.8337307560631818	0.899809166839651	0.9000415736528244	0.8748687068217728	0.8298848608912109	0.7481894902002407	0.5900439469365332	0.5951724554414571	0.6428372452377897	0.41803081554451305	0.5280448105586526	0.5586952823211107
19	0.5711645399166055	0.4270042468079636	0.3887786743148728	0.6021641081055458	0.7308251033264396	0.7967868244895998	0.7983018446357265	0.7652047806475596	0.6803626800510274	0.6472656160628606	0.5017069924214009	0.4994928070088655	0.5251314598797083	0.33773377538636057	0.471638996312043	0.48049671037562897
20	0.3970529403119145	0.3034717600919937	0.325031138564248	0.42712093642127247	0.571514608756532	0.6346796688540568	0.6384088744127189	0.5989016610001192	0.4609171656758482	0.47385318172457846	0.3651208276299477	0.3545156866070617	0.3908761701140994	0.2380925145819335	0.3624408561776211	0.37432763812001596
21	0.26151698204024093	0.19648683295666297	0.22876901447855635	0.26839291750446487	0.3095318406765	0.4201283113437396	0.4265384607681725	0.37327937642712483	0.2796972237937597	0.3034717600919937	0.25161100628376376	0.21769711500243497	0.2568552319885523	0.1368185716046267	0.2461334013523575	0.23284731646370066
22	0.12772845072786732	0.09567964843259162	0.11747240613146362	0.1157249791721636	0.1200366603839256	0.16525388554110504	0.15919380495659874	0.1412469424296976	0.10208979785702446	0.1290100916473762	0.12516419647540533	0.10348812838984218	0.1186383298511079	0.06060080584506281	0.12388255555589647	0.10232220467019792
23	0.027270362630278266	0.017481076487109982	0.024822797991125137	0.014801105034783393	0.0010492341063354105	0.0023308750258442803	0.0027966610656354404	0.005594294544715122	0.005943390971197431	0.018762717406618855	0.019578572286336565	0.017481076487109982	0.024590391177951677	0.011537685515912553	0.025056177217742837	0.017831145327036533
24	0.0	0.0	0.0	0.0	0.0	0.0	0.0	0.0	0.0	0.0	0.0	0.0	0.0	0.0	0.0	0.0
["DEC_SOLAR","C2",*,*] :	1	2	3	4	5	6	7	8	9	10	11	12	13	14	15	16 := 
1	0.0	0.0	0.0	0.0	0.0	0.0	0.0	0.0	0.0	0.0	0.0	0.0	0.0	0.0	0.0	0.0
2	0.0	0.0	0.0	0.0	0.0	0.0	0.0	0.0	0.0	0.0	0.0	0.0	0.0	0.0	0.0	0.0
3	0.0	0.0	0.0	0.0	0.0	0.0	0.0	0.0	0.0	0.0	0.0	0.0	0.0	0.0	0.0	0.0
4	0.0	0.0	0.0	0.0	0.0	0.0	0.0	0.0	0.0	0.0	0.0	0.0	0.0	0.0	0.0	0.0
5	0.0	0.0	0.0	0.0	0.0	0.0	0.0	0.0	0.0	0.0	0.0	0.0	0.0	0.0	0.0	0.0
6	0.0	0.0	0.0	0.0	0.0	0.0	0.0	0.0	0.0	0.0	0.0	0.0	0.0	0.0	0.0	0.0
7	0.0	0.0	0.0	0.0	0.0	0.0	0.0	0.0	0.0	0.0	0.0	0.0	0.0	0.0	0.0	0.0
8	0.0	0.0	0.0	0.0	0.0	0.0	0.0	0.0	0.0	0.0	0.0	0.0	0.0	0.0	0.0	0.0
9	0.0	0.0	0.0	0.0	0.0	0.0	0.0	0.0	0.0	0.0	0.0	0.0	0.0	0.0	0.0	0.0
10	0.0	0.0	0.0	0.0	0.0	0.0	0.0	0.0	0.0	0.0	0.0	0.0	0.0	0.0	0.0	0.0
11	0.02580114368586861	0.02265111822749342	0.015150169201144268	0.018600664668953003	0.003450495467808734	0.004050453558540418	0.005549857821301925	0.006900009007482064	0.008550630203095747	0.019650345845699593	0.014850681119846127	0.02295060630879156	0.023100841313508327	0.02205017820862633	0.01845042966423623	0.020701008950581596
12	0.11580369464883979	0.10875345063664096	0.07725221412475364	0.12495330101453182	0.17925490883049391	0.20325617824416745	0.21045567533294765	0.14445439378365005	0.14025370522039285	0.14955452851893705	0.11850301509306467	0.14220381449730468	0.1261532171959952	0.1116030060855826	0.09840294616135016	0.10875345063664096
13	0.2563568879505308	0.22560682646222732	0.16485493272479812	0.30540910795462445	0.41251193739565173	0.4402622084302968	0.4399627203489987	0.35371015293513436	0.3414095391829317	0.3375093206291081	0.2800576873547708	0.304658914859176	0.27810757807785896	0.2289061049971839	0.21270625461929304	0.23355651664645602
14	0.40486173529272124	0.34845978319513055	0.2565071229552476	0.47761377277291955	0.6025670737874514	0.6367686126716989	0.6337678402899052	0.556816096174585	0.5406152638685587	0.5161652532970058	0.4516633760104696	0.45976330119941505	0.42751187159207926	0.33870923681057147	0.3358596813616298	0.3513103205722076
15	0.5277146920256245	0.4552631245548597	0.3340598070894348	0.6118678970859956	0.7428217609359796	0.7839223268995739	0.7794221502550186	0.7068203477795371	0.705020473507342	0.6511685887773948	0.5958172997846861	0.57871702130663	0.5413654569640072	0.4060616514741846	0.4381628460768036	0.44716319936591425
16	0.6099177878090838	0.5005643790817111	0.3933113146359671	0.6883699181153008	0.8317736487940688	0.87437460094856	0.8686745081225412	0.7947225544608796	0.8014733103917803	0.7248210543577583	0.6636194375343142	0.6378182938484456	0.592966762407609	0.4410124015257453	0.4981645467187844	0.507164900007895
17	0.6406688312255227	0.5109148835570019	0.420762097589314	0.7125204406055557	0.8476740110906615	0.9018253839019069	0.8952258449038584	0.8298235395171569	0.8319238837987856	0.7441709301940244	0.6886694061965989	0.6583690677943104	0.5829167279417518	0.44791241053322733	0.5163145063735871	0.5268152458535946
18	0.6058673342505433	0.4873643191574787	0.4132621304911002	0.6643686487016272	0.804322865840722	0.8643245664827027	0.8508240365490367	0.7941225963701479	0.7912730409212063	0.6927198597551394	0.6364681426622655	0.6172675199025807	0.5461661036179961	0.41356161857239837	0.49126453771130235	0.495913967432439
19	0.5248651365766829	0.41356161857239837	0.3736609687902675	0.5598158866282436	0.7048702385026252	0.7635217879584258	0.7515216442156567	0.6834200183847305	0.6739689600814696	0.5619162309098721	0.5310149524887164	0.5224653042137561	0.44476238507485216	0.3348100001848832	0.43051264397387307	0.4261617204058991
20	0.3792108266115694	0.3045086798544593	0.30150888940080084	0.4032111140971076	0.5409157338779923	0.601816880692003	0.5965674928801346	0.5037144045400863	0.48196371441275815	0.4041115421972728	0.3612101200333481	0.37411069187628243	0.3435098834645603	0.23835716330044487	0.3426094553643951	0.32610913497707067
21	0.2407569956633716	0.20145532204383704	0.206555456779124	0.2563568879505308	0.2910081499207933	0.39166167536848884	0.38911160800084527	0.31200864695267305	0.3016591244055176	0.262357450785983	0.2376069702049964	0.2320571123836945	0.21525632198693653	0.14820437733275693	0.22245680100385215	0.19770533849473013
22	0.1152037365581081	0.09810247615191661	0.10605314826428068	0.11220296417631428	0.10065254351956011	0.15285478898202903	0.15360400014934206	0.124053854842502	0.09585287879370664	0.11430330845794287	0.10605314826428068	0.10485323208281731	0.09690255997045324	0.0687015839216579	0.10620338326899745	0.08700276050931277
23	0.02130096704131328	0.015450639210577809	0.02040053894114805	0.012750336838217533	0.0009004281001652273	0.0016496392674782792	0.0019501092769118227	0.004050453558540418	0.0039002185538236454	0.014700446115129355	0.01365076493838276	0.016950043473339317	0.017850471573504546	0.012000143742769077	0.01875089967366977	0.014100488024397671
24	0.0	0.0	0.0	0.0	0.0	0.0	0.0	0.0	0.0	0.0	0.0	0.0	0.0	0.0	0.0	0.0
["DEC_SOLAR","C3",*,*] :	1	2	3	4	5	6	7	8	9	10	11	12	13	14	15	16 := 
1	0.0	0.0	0.0	0.0	0.0	0.0	0.0	0.0	0.0	0.0	0.0	0.0	0.0	0.0	0.0	0.0
2	0.0	0.0	0.0	0.0	0.0	0.0	0.0	0.0	0.0	0.0	0.0	0.0	0.0	0.0	0.0	0.0
3	0.0	0.0	0.0	0.0	0.0	0.0	0.0	0.0	0.0	0.0	0.0	0.0	0.0	0.0	0.0	0.0
4	0.0	0.0	0.0	0.0	0.0	0.0	0.0	0.0	0.0	0.0	0.0	0.0	0.0	0.0	0.0	0.0
5	0.0	0.0	0.0	0.0	0.0	0.0	0.0	0.0	0.0	0.0	0.0	0.0	0.0	0.0	0.0	0.0
6	0.0	0.0	0.0	0.0	0.0	0.0	0.0	0.0	0.0	0.0	0.0	0.0	0.0	0.0	0.0	0.0
7	0.0	0.0	0.0	0.0	0.0	0.0	0.0	0.0	0.0	0.0	0.0	0.0	0.0	0.0	0.0	0.0
8	0.0	0.0	0.0	0.0	0.0	0.0	0.0	0.0	0.0	0.0	0.0	0.0	0.0	0.0	0.0	0.0
9	0.0	0.0	0.0	0.0	0.0	0.0	0.0	0.0	0.0	0.0	0.0	0.0	0.0	0.0	0.0	0.0
10	0.0	0.0	0.0	0.0	0.0	0.0	0.0	0.0	0.0	0.0	0.0	0.0	0.0	0.0	0.0	0.0
11	0.019134786822486	0.012437464477572054	0.013394644689827895	0.010524083766686019	0.0	0.0	0.0009571802122558406	0.0009571802122558406	0.002870560923141876	0.01148126397894186	0.01148126397894186	0.01148126397894186	0.017221406111599967	0.018178586323855803	0.017221406111599967	0.010524083766686019
12	0.09567491382605565	0.0966320940383115	0.10141603567233941	0.1100267387281394	0.12820434533836955	0.16264813727519511	0.18178292409768113	0.12437758391659749	0.14159899002819742	0.13681504839416953	0.13203208647376727	0.10045885546008357	0.12342138341796728	0.11768026157168353	0.11194011943902542	0.07654012700356966
13	0.2640631932339089	0.22962038101070895	0.22483643937668105	0.2745872770005949	0.3539979649273064	0.4133166858192761	0.433408652854018	0.3769604928851901	0.37313275174979244	0.33199261718167855	0.31094444964830653	0.23536052314336706	0.28989530240130884	0.24014446477739498	0.25258192925496703	0.18752306623033924
14	0.4410621756975621	0.3520845842164204	0.3415605004497344	0.44871667825473194	0.5711808814604433	0.6324129830632991	0.6505905896735292	0.6104076353176712	0.5922290489938153	0.5176023027011317	0.49751033566638997	0.37983007409470637	0.443932736620704	0.3415605004497344	0.40661936347436217	0.31285783035919257
15	0.5970129906278433	0.46306752344319	0.4295818914322459	0.6017969322618711	0.7433959222900687	0.8008012624711522	0.8170654883704963	0.7883628182799546	0.7711414121683545	0.6821638206872129	0.6094504551054153	0.4812461097670458	0.5549156758474735	0.4018354218403343	0.5233434245474154	0.40853274418524815
16	0.7051263486450966	0.5577862367706153	0.48794343211195973	0.7070397293559827	0.8362012549066081	0.9127413819101777	0.9242216661754938	0.902216318429866	0.8888226534536638	0.7778387345132686	0.6276290414292711	0.5453487722930435	0.6084942546067852	0.43723541427579005	0.5807477850148735	0.4774193483452737
17	0.7453093030009547	0.6161477774503292	0.5137755412793598	0.7491360644227267	0.889778853952294	0.9538815164782916	0.9663189809558637	0.9443136332102358	0.9328323692312939	0.8084547853146964	0.6505905896735292	0.5826621454393852	0.6276290414292711	0.41044612489613425	0.5998835515509852	0.4860300514010737
18	0.6946012851647849	0.6065808738958991	0.48028892955478997	0.7204343740458106	0.870644067129808	0.9242216661754938	0.9395296915762078	0.9156109631196939	0.902216318429866	0.7768825340146384	0.6352835439864409	0.5721370819590734	0.6238022800074992	0.35878190656133435	0.5778782038053573	0.4755059676343877
19	0.5817049652271293	0.5415210311576456	0.40853274418524815	0.6094504551054153	0.7587039476907826	0.7979307015480104	0.8457681584610381	0.8122825264500941	0.7835798563595523	0.6984290263001828	0.5635263789032735	0.4908139930351016	0.5759648230944713	0.3004203658816205	0.5185594829133876	0.41140330510839007
20	0.435322033564904	0.42479794979821794	0.3080738887251646	0.4726354067112458	0.5998835515509852	0.6515477698857851	0.6907745237430128	0.6534611505966711	0.5836183459380153	0.5472621530039294	0.4401059751989319	0.36834978982939015	0.4592407620214179	0.22196587845353918	0.4027926020525901	0.2975498049584786
21	0.2669337541570508	0.2726738962897089	0.21239897489910897	0.3004203658816205	0.35304176442867624	0.4276675310077342	0.48411667069018766	0.4448899168329598	0.3281658557599065	0.36260866798310637	0.29085248261356467	0.22100967795490897	0.2985069851707345	0.1473401118744812	0.27745783792373674	0.18369630480856716
22	0.13968560931731142	0.1339454671846533	0.10428561688185563	0.14064278952956724	0.13490166768328352	0.1482963123731114	0.22674982008756708	0.18752306623033924	0.14255617024045328	0.15308025400713932	0.14064278952956724	0.10045885546008357	0.14446955095133932	0.07366956608042777	0.14638293166222535	0.08132406863759756
23	0.038269573644972	0.03061605080142786	0.023918728456513914	0.02296252795788372	0.005740142132658106	0.006697322344913948	0.010524083766686019	0.014350845188458089	0.014350845188458089	0.027745489878285987	0.02965887058917202	0.02009196703474184	0.035399992435455774	0.017221406111599967	0.038269573644972	0.017221406111599967
24	0.0	0.0	0.0	0.0	0.0	0.0	0.0	0.0	0.0	0.0	0.0	0.0	0.0	0.0	0.0	0.0
["DEC_SOLAR","C4",*,*] :	1	2	3	4	5	6	7	8	9	10	11	12	13	14	15	16 := 
1	0.0	0.0	0.0	0.0	0.0	0.0	0.0	0.0	0.0	0.0	0.0	0.0	0.0	0.0	0.0	0.0
2	0.0	0.0	0.0	0.0	0.0	0.0	0.0	0.0	0.0	0.0	0.0	0.0	0.0	0.0	0.0	0.0
3	0.0	0.0	0.0	0.0	0.0	0.0	0.0	0.0	0.0	0.0	0.0	0.0	0.0	0.0	0.0	0.0
4	0.0	0.0	0.0	0.0	0.0	0.0	0.0	0.0	0.0	0.0	0.0	0.0	0.0	0.0	0.0	0.0
5	0.0	0.0	0.0	0.0	0.0	0.0	0.0	0.0	0.0	0.0	0.0	0.0	0.0	0.0	0.0	0.0
6	0.0	0.0	0.0	0.0	0.0	0.0	0.0	0.0	0.0	0.0	0.0	0.0	0.0	0.0	0.0	0.0
7	0.0	0.0	0.0	0.0	0.0	0.0	0.0	0.0	0.0	0.0	0.0	0.0	0.0	0.0	0.0	0.0
8	0.0	0.0	0.0	0.0	0.0	0.0	0.0	0.0	0.0	0.0	0.0	0.0	0.0	0.0	0.0	0.0
9	0.0	0.0	0.0	0.0	0.0	0.0	0.0	0.0	0.0	0.0	0.0	0.0	0.0	0.0	0.0	0.0
10	0.0	0.0	0.0	0.0	0.0	0.0	0.0	0.0	0.0	0.0	0.0	0.0	0.0	0.0	0.0	0.0
11	0.02933602867167415	0.02887736473669683	0.018334896451593224	0.01970991651090022	0.005042388047875622	0.006875100296534983	0.007792428166489615	0.009167448225796612	0.011917488344410606	0.01970991651090022	0.022459956629514215	0.03025238479600383	0.024752304558775844	0.022918620564491527	0.025668660683105523	0.022459956629514215
12	0.12513557110756127	0.12009318305968564	0.08296472622152187	0.11459310282245765	0.17188916836087398	0.22185146966777805	0.21772640948985705	0.15447062803361045	0.15355427190928075	0.13613573158201722	0.14759552773707546	0.16180439226512275	0.12009318305968564	0.1045083267267064	0.11413443888748033	0.10221695054306973
13	0.2539375384580662	0.24935381434516787	0.17418054454451065	0.2621876588139082	0.39740703427159574	0.45928779566853534	0.4510367035670684	0.36898833346987625	0.3602795491790569	0.292440043609912	0.3098585839371755	0.33185987663171246	0.2525625183987592	0.21268402144198145	0.23468531413651833	0.21176766531765176
14	0.3850308819922078	0.38182314968424147	0.28464858718904734	0.40703314643236965	0.5839637310954943	0.6540946128482759	0.6495108887353775	0.5793800069825961	0.5573787142880591	0.46112050791719467	0.46157917185217195	0.4964152807610741	0.39007327004008346	0.31627599204435813	0.3575295090604429	0.31627599204435813
15	0.49549892463674444	0.4849564563516408	0.40107440226016433	0.5165838612069517	0.699931853977259	0.7984814365317601	0.795731396413146	0.7439354111119577	0.7187254143638295	0.6192585039393738	0.5844223950304717	0.6220085440579878	0.5078750769161324	0.3928233101586974	0.43132678705616817	0.4143669106638819
16	0.5720462427510836	0.5349187576585449	0.465704232030093	0.5894647830783473	0.7746464598429389	0.8860298868661803	0.8814461627532819	0.8232337410905359	0.8012314766503741	0.7072656182087712	0.6499695526703549	0.6793055813420291	0.5683798465081401	0.44874435563780674	0.4780803843094809	0.4822054444874019
17	0.6160497998857825	0.5330850736642606	0.48633147641094787	0.6220085440579878	0.7741877959079616	0.9098658353006264	0.902532071069114	0.8475273817143344	0.8282751573927866	0.7201004344231364	0.6522609288539916	0.6728881732348464	0.5770886307989593	0.4620378357871493	0.4881641886596072	0.522542605379157
18	0.6256759120465564	0.49870762869033575	0.4716629762022983	0.5908398031376543	0.7274341986546488	0.8676959621602119	0.8631122380473136	0.8016901405853514	0.7806052040151441	0.68343064151995	0.5903811392026769	0.6210921879336581	0.5230012693141343	0.4345354911097595	0.4661628959650703	0.5120001370940533
19	0.5573787142880591	0.4226180027653489	0.41161687054526797	0.517041553396304	0.6540946128482759	0.763645327622858	0.7590616035099597	0.6632620610740725	0.6440108084981496	0.576629966863982	0.48862285259458454	0.5207089213848727	0.4001570743902097	0.3831981697435485	0.40886683042665395	0.4409528992169421
20	0.4212429827060419	0.2983987877821173	0.32360975627587046	0.3882395860457991	0.5133751571533605	0.5981735673691665	0.5931311793212909	0.4941239045774375	0.42995176699686116	0.40978318655098367	0.3332358684366444	0.3611959053033866	0.30573352375925456	0.28923231130194565	0.3194846960979495	0.32956850044807573
21	0.2598962826302715	0.19159908487177424	0.20855896126406046	0.2516451905288046	0.2663136907374541	0.3804471578793095	0.36944699740485354	0.29794109559276494	0.2511874983394522	0.25897895476031685	0.23147758182855196	0.21497539762561813	0.19205774880675155	0.16180439226512275	0.21085033744769713	0.20443292934051452
22	0.11642581507111702	0.08754845033442017	0.09625820637086444	0.1045083267267064	0.07883966604360088	0.13201067140409622	0.12467690717258394	0.10267464273242209	0.08479841021580618	0.10404966279172909	0.1045083267267064	0.0939658584416028	0.08342339015649919	0.06921355388282695	0.09900824648947842	0.0825070340321695
23	0.01879356038657054	0.012376152279387922	0.01558485633297923	0.009626112160773928	0.0	0.0	0.00045866393497731616	0.0018336839942843129	0.002291376183636677	0.011458824409433289	0.011917488344410606	0.011917488344410606	0.012834816214365236	0.010083804350126293	0.015126192398001915	0.011458824409433289
24	0.0	0.0	0.0	0.0	0.0	0.0	0.0	0.0	0.0	0.0	0.0	0.0	0.0	0.0	0.0	0.0
["DEC_SOLAR","C5",*,*] :	1	2	3	4	5	6	7	8	9	10	11	12	13	14	15	16 := 
1	0.0	0.0	0.0	0.0	0.0	0.0	0.0	0.0	0.0	0.0	0.0	0.0	0.0	0.0	0.0	0.0
2	0.0	0.0	0.0	0.0	0.0	0.0	0.0	0.0	0.0	0.0	0.0	0.0	0.0	0.0	0.0	0.0
3	0.0	0.0	0.0	0.0	0.0	0.0	0.0	0.0	0.0	0.0	0.0	0.0	0.0	0.0	0.0	0.0
4	0.0	0.0	0.0	0.0	0.0	0.0	0.0	0.0	0.0	0.0	0.0	0.0	0.0	0.0	0.0	0.0
5	0.0	0.0	0.0	0.0	0.0	0.0	0.0	0.0	0.0	0.0	0.0	0.0	0.0	0.0	0.0	0.0
6	0.0	0.0	0.0	0.0	0.0	0.0	0.0	0.0	0.0	0.0	0.0	0.0	0.0	0.0	0.0	0.0
7	0.0	0.0	0.0	0.0	0.0	0.0	0.0	0.0	0.0	0.0	0.0	0.0	0.0	0.0	0.0	0.0
8	0.0	0.0	0.0	0.0	0.0	0.0	0.0	0.0	0.0	0.0	0.0	0.0	0.0	0.0	0.0	0.0
9	0.0	0.0	0.0	0.0	0.0	0.0	0.0	0.0	0.0	0.0	0.0	0.0	0.0	0.0	0.0	0.0
10	0.0	0.0	0.0	0.0	0.0	0.0	0.0	0.0	0.0	0.0	0.0	0.0	0.0	0.0	0.0	0.0
11	0.019127448712812693	0.018170781615848557	0.013389410539851217	0.014346077636815351	0.0	0.0	0.0009566670969641348	0.0028690190864807366	0.004782353280409006	0.013389410539851217	0.013389410539851217	0.012432743442887082	0.020084115809776825	0.02199646779929343	0.016258429626331953	0.01530176252936782
12	0.11285332249177121	0.1061586172218456	0.08703116850903292	0.1252860659346583	0.15493390610084146	0.18649409825654123	0.19701448970991173	0.15206488701436074	0.15015155282043247	0.14728253373395173	0.1386754764745095	0.10233293103840073	0.12815508502113904	0.12624273303162242	0.10042057904888413	0.08607450141206878
13	0.2696995805821293	0.23909507331898197	0.18362507917006052	0.3108244792986471	0.3739458458144582	0.43802289722282195	0.44662995448226417	0.39402897941982346	0.38446525506341706	0.34716702473475586	0.3156058503746444	0.22953134896257563	0.3098678122016829	0.24770311278283585	0.2333570351460205	0.17979939298661562
14	0.4418485834062668	0.37777054979349145	0.2811766391324639	0.4992319117491165	0.5967824895071083	0.6503401316665132	0.6589471889259554	0.6111285671439236	0.6025205276800698	0.5269664177213715	0.4781911288423756	0.34812270962730835	0.49158053938222684	0.3462103576377917	0.38542192216038124	0.2916960483814227
15	0.6073028809604788	0.5126203400845561	0.3462103576377917	0.649383464569549	0.7880589410440585	0.8119687430372802	0.8224881522862391	0.7861456068501302	0.7718005114177267	0.6866826771026219	0.5872187651507019	0.43324152614682465	0.6226046434898466	0.42559015377993487	0.5097513209980754	0.41411309522960027
16	0.7144171830748769	0.5833930789672571	0.37968388398741976	0.7325889468951371	0.8923042240719758	0.9181263780547141	0.926734417518568	0.897086577352385	0.8827404997155696	0.7718005114177267	0.6426887592996234	0.492537206479191	0.6943330672651	0.4485432886761925	0.5939134704206276	0.5202717124514459
17	0.7536287475974665	0.5967824895071083	0.38542192216038124	0.7708438443207625	0.9276910846155322	0.9563822576847512	0.9649893149441935	0.9315157885945654	0.9305601037020129	0.7957103134109483	0.7249375745282473	0.5441815144446676	0.6857260100056578	0.45619466104308215	0.6273869967702557	0.5613966111679636
18	0.7125048310853602	0.558527592081483	0.3615121201671595	0.7364146330785819	0.8817838326186054	0.9257777504216039	0.9343857898854578	0.8808281477260529	0.8798714806290887	0.7631924719538727	0.7038967916215063	0.5231407315379265	0.6340817020401812	0.41028839125056704	0.6187789573064018	0.5556575907905905
19	0.6139975862304043	0.47245309066941416	0.3156058503746444	0.6350373869327336	0.7689314923312458	0.8291828575561646	0.8358775628260902	0.7804075686771688	0.7469340423275408	0.6723365994658066	0.6139975862304043	0.43802289722282195	0.5594832769740354	0.3041297740287215	0.5489628855206649	0.4801034808318922
20	0.42559015377993487	0.31369349838512783	0.24770311278283585	0.4695840715829334	0.566177982243961	0.665641894195881	0.6780746376387681	0.6197356244033658	0.5030566157281499	0.5240973986348907	0.466714070292041	0.3156058503746444	0.43802289722282195	0.2142295864332078	0.43228485904986047	0.388290941246862
21	0.28595801020846123	0.22283664369265	0.177887040997099	0.29360938257535096	0.31943153655808926	0.455237993946118	0.46862740448596923	0.4150697623265644	0.3175191845685727	0.3404723194648302	0.26109252332268706	0.1951021377203951	0.29360938257535096	0.1338931231941005	0.26491820950613193	0.24578977858890758
22	0.14345684755050683	0.11572234157825194	0.09563822576847512	0.12815508502113904	0.14632684884139924	0.15971625938125047	0.2123172344436912	0.15397723900387733	0.1338931231941005	0.13963214357147366	0.13580645738802877	0.09085587248806612	0.1338931231941005	0.06503371850532781	0.14058782846402612	0.10520195012488145
23	0.035385878339144645	0.023909801993221697	0.02199646779929343	0.018170781615848557	0.0028690190864807366	0.004782353280409006	0.006694705269925608	0.01052039145337048	0.01052039145337048	0.023909801993221697	0.0258221539827383	0.01721509672329609	0.032516859252663906	0.014346077636815351	0.03156019215569977	0.020084115809776825
24	0.0	0.0	0.0	0.0	0.0	0.0	0.0	0.0	0.0	0.0	0.0	0.0	0.0	0.0	0.0	0.0
["PT_COLLECTOR","C1",*,*] :	1	2	3	4	5	6	7	8	9	10	11	12	13	14	15	16 := 
1	0.00010000000000000003	0.00010000000000000003	0.00010000000000000003	0.00010000000000000003	0.00010000000000000003	0.00010000000000000003	0.00010000000000000003	0.00010000000000000003	0.00010000000000000003	0.00010000000000000003	0.00010000000000000003	0.00010000000000000003	0.00010000000000000003	0.00010000000000000003	0.00010000000000000003	0.00010000000000000003
2	0.00010000000000000003	0.00010000000000000003	0.00010000000000000003	0.00010000000000000003	0.00010000000000000003	0.00010000000000000003	0.00010000000000000003	0.00010000000000000003	0.00010000000000000003	0.00010000000000000003	0.00010000000000000003	0.00010000000000000003	0.00010000000000000003	0.00010000000000000003	0.00010000000000000003	0.00010000000000000003
3	0.00010000000000000003	0.00010000000000000003	0.00010000000000000003	0.00010000000000000003	0.00010000000000000003	0.00010000000000000003	0.00010000000000000003	0.00010000000000000003	0.00010000000000000003	0.00010000000000000003	0.00010000000000000003	0.00010000000000000003	0.00010000000000000003	0.00010000000000000003	0.00010000000000000003	0.00010000000000000003
4	0.00010000000000000003	0.00010000000000000003	0.00010000000000000003	0.00010000000000000003	0.00010000000000000003	0.00010000000000000003	0.00010000000000000003	0.00010000000000000003	0.00010000000000000003	0.00010000000000000003	0.00010000000000000003	0.00010000000000000003	0.00010000000000000003	0.00010000000000000003	0.00010000000000000003	0.00010000000000000003
5	0.00010000000000000003	0.00010000000000000003	0.00010000000000000003	0.00010000000000000003	0.00010000000000000003	0.00010000000000000003	0.00010000000000000003	0.00010000000000000003	0.00010000000000000003	0.00010000000000000003	0.00010000000000000003	0.00010000000000000003	0.00010000000000000003	0.00010000000000000003	0.00010000000000000003	0.00010000000000000003
6	0.00010000000000000003	0.00010000000000000003	0.00010000000000000003	0.00010000000000000003	0.00010000000000000003	0.00010000000000000003	0.00010000000000000003	0.00010000000000000003	0.00010000000000000003	0.00010000000000000003	0.00010000000000000003	0.00010000000000000003	0.00010000000000000003	0.00010000000000000003	0.00010000000000000003	0.00010000000000000003
7	0.00010000000000000003	0.00010000000000000003	0.00010000000000000003	0.00010000000000000003	0.00010000000000000003	0.00010000000000000003	0.00010000000000000003	0.00010000000000000003	0.00010000000000000003	0.00010000000000000003	0.00010000000000000003	0.00010000000000000003	0.00010000000000000003	0.00010000000000000003	0.00010000000000000003	0.00010000000000000003
8	0.00010000000000000003	0.00010000000000000003	0.00010000000000000003	0.00010000000000000003	0.00010000000000000003	0.00010000000000000003	0.00010000000000000003	0.00010000000000000003	0.00010000000000000003	0.00010000000000000003	0.00010000000000000003	0.00010000000000000003	0.00010000000000000003	0.00010000000000000003	0.00010000000000000003	0.00010000000000000003
9	0.00010000000000000003	0.00010000000000000003	0.00010000000000000003	0.00010000000000000003	0.00010000000000000003	0.00010000000000000003	0.00010000000000000003	0.00010000000000000003	0.00010000000000000003	0.00010000000000000003	0.00010000000000000003	0.00010000000000000003	0.00010000000000000003	0.00010000000000000003	0.00010000000000000003	0.00010000000000000003
10	0.00010000000000000003	0.00010000000000000003	0.00010000000000000003	0.00010000000000000003	0.00010000000000000003	0.00010000000000000003	0.00010000000000000003	0.00010000000000000003	0.00010000000000000003	0.00010000000000000003	0.00010000000000000003	0.00010000000000000003	0.00010000000000000003	0.00010000000000000003	0.00010000000000000003	0.00010000000000000003
11	0.00010000000000000003	0.00010000000000000003	0.00010000000000000003	0.00010000000000000003	0.00010000000000000003	0.00010000000000000003	0.00010000000000000003	0.00010000000000000003	0.00010000000000000003	0.00010000000000000003	0.00010000000000000003	0.00010000000000000003	0.00010000000000000003	0.00010000000000000003	0.00010000000000000003	0.00010000000000000003
12	0.00010000000000000003	0.00010000000000000003	0.00010000000000000003	0.00010000000000000003	0.00010000000000000003	0.00010000000000000003	0.00010000000000000003	0.00010000000000000003	0.00010000000000000003	0.00010000000000000003	0.00010000000000000003	0.00010000000000000003	0.00010000000000000003	0.00010000000000000003	0.00010000000000000003	0.00010000000000000003
13	0.00010000000000000003	0.00010000000000000003	0.00010000000000000003	0.00010000000000000003	0.00010000000000000003	0.00010000000000000003	0.00010000000000000003	0.00010000000000000003	0.00010000000000000003	0.00010000000000000003	0.00010000000000000003	0.00010000000000000003	0.00010000000000000003	0.00010000000000000003	0.00010000000000000003	0.00010000000000000003
14	0.00010000000000000003	0.00010000000000000003	0.00010000000000000003	0.00010000000000000003	0.00010000000000000003	0.00010000000000000003	0.00010000000000000003	0.00010000000000000003	0.00010000000000000003	0.00010000000000000003	0.00010000000000000003	0.00010000000000000003	0.00010000000000000003	0.00010000000000000003	0.00010000000000000003	0.00010000000000000003
15	0.00010000000000000003	0.00010000000000000003	0.00010000000000000003	0.00010000000000000003	0.00010000000000000003	0.00010000000000000003	0.00010000000000000003	0.00010000000000000003	0.00010000000000000003	0.00010000000000000003	0.00010000000000000003	0.00010000000000000003	0.00010000000000000003	0.00010000000000000003	0.00010000000000000003	0.00010000000000000003
16	0.00010000000000000003	0.00010000000000000003	0.00010000000000000003	0.00010000000000000003	0.00010000000000000003	0.00010000000000000003	0.00010000000000000003	0.00010000000000000003	0.00010000000000000003	0.00010000000000000003	0.00010000000000000003	0.00010000000000000003	0.00010000000000000003	0.00010000000000000003	0.00010000000000000003	0.00010000000000000003
17	0.00010000000000000003	0.00010000000000000003	0.00010000000000000003	0.00010000000000000003	0.00010000000000000003	0.00010000000000000003	0.00010000000000000003	0.00010000000000000003	0.00010000000000000003	0.00010000000000000003	0.00010000000000000003	0.00010000000000000003	0.00010000000000000003	0.00010000000000000003	0.00010000000000000003	0.00010000000000000003
18	0.00010000000000000003	0.00010000000000000003	0.00010000000000000003	0.00010000000000000003	0.00010000000000000003	0.00010000000000000003	0.00010000000000000003	0.00010000000000000003	0.00010000000000000003	0.00010000000000000003	0.00010000000000000003	0.00010000000000000003	0.00010000000000000003	0.00010000000000000003	0.00010000000000000003	0.00010000000000000003
19	0.00010000000000000003	0.00010000000000000003	0.00010000000000000003	0.00010000000000000003	0.00010000000000000003	0.00010000000000000003	0.00010000000000000003	0.00010000000000000003	0.00010000000000000003	0.00010000000000000003	0.00010000000000000003	0.00010000000000000003	0.00010000000000000003	0.00010000000000000003	0.00010000000000000003	0.00010000000000000003
20	0.00010000000000000003	0.00010000000000000003	0.00010000000000000003	0.00010000000000000003	0.00010000000000000003	0.00010000000000000003	0.00010000000000000003	0.00010000000000000003	0.00010000000000000003	0.00010000000000000003	0.00010000000000000003	0.00010000000000000003	0.00010000000000000003	0.00010000000000000003	0.00010000000000000003	0.00010000000000000003
21	0.00010000000000000003	0.00010000000000000003	0.00010000000000000003	0.00010000000000000003	0.00010000000000000003	0.00010000000000000003	0.00010000000000000003	0.00010000000000000003	0.00010000000000000003	0.00010000000000000003	0.00010000000000000003	0.00010000000000000003	0.00010000000000000003	0.00010000000000000003	0.00010000000000000003	0.00010000000000000003
22	0.00010000000000000003	0.00010000000000000003	0.00010000000000000003	0.00010000000000000003	0.00010000000000000003	0.00010000000000000003	0.00010000000000000003	0.00010000000000000003	0.00010000000000000003	0.00010000000000000003	0.00010000000000000003	0.00010000000000000003	0.00010000000000000003	0.00010000000000000003	0.00010000000000000003	0.00010000000000000003
23	0.00010000000000000003	0.00010000000000000003	0.00010000000000000003	0.00010000000000000003	0.00010000000000000003	0.00010000000000000003	0.00010000000000000003	0.00010000000000000003	0.00010000000000000003	0.00010000000000000003	0.00010000000000000003	0.00010000000000000003	0.00010000000000000003	0.00010000000000000003	0.00010000000000000003	0.00010000000000000003
24	0.00010000000000000003	0.00010000000000000003	0.00010000000000000003	0.00010000000000000003	0.00010000000000000003	0.00010000000000000003	0.00010000000000000003	0.00010000000000000003	0.00010000000000000003	0.00010000000000000003	0.00010000000000000003	0.00010000000000000003	0.00010000000000000003	0.00010000000000000003	0.00010000000000000003	0.00010000000000000003
["PT_COLLECTOR","C2",*,*] :	1	2	3	4	5	6	7	8	9	10	11	12	13	14	15	16 := 
1	0.00010000000000000003	0.00010000000000000003	0.00010000000000000003	0.00010000000000000003	0.00010000000000000003	0.00010000000000000003	0.00010000000000000003	0.00010000000000000003	0.00010000000000000003	0.00010000000000000003	0.00010000000000000003	0.00010000000000000003	0.00010000000000000003	0.00010000000000000003	0.00010000000000000003	0.00010000000000000003
2	0.00010000000000000003	0.00010000000000000003	0.00010000000000000003	0.00010000000000000003	0.00010000000000000003	0.00010000000000000003	0.00010000000000000003	0.00010000000000000003	0.00010000000000000003	0.00010000000000000003	0.00010000000000000003	0.00010000000000000003	0.00010000000000000003	0.00010000000000000003	0.00010000000000000003	0.00010000000000000003
3	0.00010000000000000003	0.00010000000000000003	0.00010000000000000003	0.00010000000000000003	0.00010000000000000003	0.00010000000000000003	0.00010000000000000003	0.00010000000000000003	0.00010000000000000003	0.00010000000000000003	0.00010000000000000003	0.00010000000000000003	0.00010000000000000003	0.00010000000000000003	0.00010000000000000003	0.00010000000000000003
4	0.00010000000000000003	0.00010000000000000003	0.00010000000000000003	0.00010000000000000003	0.00010000000000000003	0.00010000000000000003	0.00010000000000000003	0.00010000000000000003	0.00010000000000000003	0.00010000000000000003	0.00010000000000000003	0.00010000000000000003	0.00010000000000000003	0.00010000000000000003	0.00010000000000000003	0.00010000000000000003
5	0.00010000000000000003	0.00010000000000000003	0.00010000000000000003	0.00010000000000000003	0.00010000000000000003	0.00010000000000000003	0.00010000000000000003	0.00010000000000000003	0.00010000000000000003	0.00010000000000000003	0.00010000000000000003	0.00010000000000000003	0.00010000000000000003	0.00010000000000000003	0.00010000000000000003	0.00010000000000000003
6	0.00010000000000000003	0.00010000000000000003	0.00010000000000000003	0.00010000000000000003	0.00010000000000000003	0.00010000000000000003	0.00010000000000000003	0.00010000000000000003	0.00010000000000000003	0.00010000000000000003	0.00010000000000000003	0.00010000000000000003	0.00010000000000000003	0.00010000000000000003	0.00010000000000000003	0.00010000000000000003
7	0.00010000000000000003	0.00010000000000000003	0.00010000000000000003	0.00010000000000000003	0.00010000000000000003	0.00010000000000000003	0.00010000000000000003	0.00010000000000000003	0.00010000000000000003	0.00010000000000000003	0.00010000000000000003	0.00010000000000000003	0.00010000000000000003	0.00010000000000000003	0.00010000000000000003	0.00010000000000000003
8	0.00010000000000000003	0.00010000000000000003	0.00010000000000000003	0.00010000000000000003	0.00010000000000000003	0.00010000000000000003	0.00010000000000000003	0.00010000000000000003	0.00010000000000000003	0.00010000000000000003	0.00010000000000000003	0.00010000000000000003	0.00010000000000000003	0.00010000000000000003	0.00010000000000000003	0.00010000000000000003
9	0.00010000000000000003	0.00010000000000000003	0.00010000000000000003	0.00010000000000000003	0.00010000000000000003	0.00010000000000000003	0.00010000000000000003	0.00010000000000000003	0.00010000000000000003	0.00010000000000000003	0.00010000000000000003	0.00010000000000000003	0.00010000000000000003	0.00010000000000000003	0.00010000000000000003	0.00010000000000000003
10	0.00010000000000000003	0.00010000000000000003	0.00010000000000000003	0.00010000000000000003	0.00010000000000000003	0.00010000000000000003	0.00010000000000000003	0.00010000000000000003	0.00010000000000000003	0.00010000000000000003	0.00010000000000000003	0.00010000000000000003	0.00010000000000000003	0.00010000000000000003	0.00010000000000000003	0.00010000000000000003
11	0.00010000000000000003	0.00010000000000000003	0.00010000000000000003	0.00010000000000000003	0.00010000000000000003	0.00010000000000000003	0.00010000000000000003	0.00010000000000000003	0.00010000000000000003	0.00010000000000000003	0.00010000000000000003	0.00010000000000000003	0.00010000000000000003	0.00010000000000000003	0.00010000000000000003	0.00010000000000000003
12	0.00010000000000000003	0.00010000000000000003	0.00010000000000000003	0.00010000000000000003	0.00010000000000000003	0.00010000000000000003	0.00010000000000000003	0.00010000000000000003	0.00010000000000000003	0.00010000000000000003	0.00010000000000000003	0.00010000000000000003	0.00010000000000000003	0.00010000000000000003	0.00010000000000000003	0.00010000000000000003
13	0.00010000000000000003	0.00010000000000000003	0.00010000000000000003	0.00010000000000000003	0.00010000000000000003	0.00010000000000000003	0.00010000000000000003	0.00010000000000000003	0.00010000000000000003	0.00010000000000000003	0.00010000000000000003	0.00010000000000000003	0.00010000000000000003	0.00010000000000000003	0.00010000000000000003	0.00010000000000000003
14	0.00010000000000000003	0.00010000000000000003	0.00010000000000000003	0.00010000000000000003	0.00010000000000000003	0.00010000000000000003	0.00010000000000000003	0.00010000000000000003	0.00010000000000000003	0.00010000000000000003	0.00010000000000000003	0.00010000000000000003	0.00010000000000000003	0.00010000000000000003	0.00010000000000000003	0.00010000000000000003
15	0.00010000000000000003	0.00010000000000000003	0.00010000000000000003	0.00010000000000000003	0.00010000000000000003	0.00010000000000000003	0.00010000000000000003	0.00010000000000000003	0.00010000000000000003	0.00010000000000000003	0.00010000000000000003	0.00010000000000000003	0.00010000000000000003	0.00010000000000000003	0.00010000000000000003	0.00010000000000000003
16	0.00010000000000000003	0.00010000000000000003	0.00010000000000000003	0.00010000000000000003	0.00010000000000000003	0.00010000000000000003	0.00010000000000000003	0.00010000000000000003	0.00010000000000000003	0.00010000000000000003	0.00010000000000000003	0.00010000000000000003	0.00010000000000000003	0.00010000000000000003	0.00010000000000000003	0.00010000000000000003
17	0.00010000000000000003	0.00010000000000000003	0.00010000000000000003	0.00010000000000000003	0.00010000000000000003	0.00010000000000000003	0.00010000000000000003	0.00010000000000000003	0.00010000000000000003	0.00010000000000000003	0.00010000000000000003	0.00010000000000000003	0.00010000000000000003	0.00010000000000000003	0.00010000000000000003	0.00010000000000000003
18	0.00010000000000000003	0.00010000000000000003	0.00010000000000000003	0.00010000000000000003	0.00010000000000000003	0.00010000000000000003	0.00010000000000000003	0.00010000000000000003	0.00010000000000000003	0.00010000000000000003	0.00010000000000000003	0.00010000000000000003	0.00010000000000000003	0.00010000000000000003	0.00010000000000000003	0.00010000000000000003
19	0.00010000000000000003	0.00010000000000000003	0.00010000000000000003	0.00010000000000000003	0.00010000000000000003	0.00010000000000000003	0.00010000000000000003	0.00010000000000000003	0.00010000000000000003	0.00010000000000000003	0.00010000000000000003	0.00010000000000000003	0.00010000000000000003	0.00010000000000000003	0.00010000000000000003	0.00010000000000000003
20	0.00010000000000000003	0.00010000000000000003	0.00010000000000000003	0.00010000000000000003	0.00010000000000000003	0.00010000000000000003	0.00010000000000000003	0.00010000000000000003	0.00010000000000000003	0.00010000000000000003	0.00010000000000000003	0.00010000000000000003	0.00010000000000000003	0.00010000000000000003	0.00010000000000000003	0.00010000000000000003
21	0.00010000000000000003	0.00010000000000000003	0.00010000000000000003	0.00010000000000000003	0.00010000000000000003	0.00010000000000000003	0.00010000000000000003	0.00010000000000000003	0.00010000000000000003	0.00010000000000000003	0.00010000000000000003	0.00010000000000000003	0.00010000000000000003	0.00010000000000000003	0.00010000000000000003	0.00010000000000000003
22	0.00010000000000000003	0.00010000000000000003	0.00010000000000000003	0.00010000000000000003	0.00010000000000000003	0.00010000000000000003	0.00010000000000000003	0.00010000000000000003	0.00010000000000000003	0.00010000000000000003	0.00010000000000000003	0.00010000000000000003	0.00010000000000000003	0.00010000000000000003	0.00010000000000000003	0.00010000000000000003
23	0.00010000000000000003	0.00010000000000000003	0.00010000000000000003	0.00010000000000000003	0.00010000000000000003	0.00010000000000000003	0.00010000000000000003	0.00010000000000000003	0.00010000000000000003	0.00010000000000000003	0.00010000000000000003	0.00010000000000000003	0.00010000000000000003	0.00010000000000000003	0.00010000000000000003	0.00010000000000000003
24	0.00010000000000000003	0.00010000000000000003	0.00010000000000000003	0.00010000000000000003	0.00010000000000000003	0.00010000000000000003	0.00010000000000000003	0.00010000000000000003	0.00010000000000000003	0.00010000000000000003	0.00010000000000000003	0.00010000000000000003	0.00010000000000000003	0.00010000000000000003	0.00010000000000000003	0.00010000000000000003
["PT_COLLECTOR","C3",*,*] :	1	2	3	4	5	6	7	8	9	10	11	12	13	14	15	16 := 
1	0.00010000000000000003	0.00010000000000000003	0.00010000000000000003	0.00010000000000000003	0.00010000000000000003	0.00010000000000000003	0.00010000000000000003	0.00010000000000000003	0.00010000000000000003	0.00010000000000000003	0.00010000000000000003	0.00010000000000000003	0.00010000000000000003	0.00010000000000000003	0.00010000000000000003	0.00010000000000000003
2	0.00010000000000000003	0.00010000000000000003	0.00010000000000000003	0.00010000000000000003	0.00010000000000000003	0.00010000000000000003	0.00010000000000000003	0.00010000000000000003	0.00010000000000000003	0.00010000000000000003	0.00010000000000000003	0.00010000000000000003	0.00010000000000000003	0.00010000000000000003	0.00010000000000000003	0.00010000000000000003
3	0.00010000000000000003	0.00010000000000000003	0.00010000000000000003	0.00010000000000000003	0.00010000000000000003	0.00010000000000000003	0.00010000000000000003	0.00010000000000000003	0.00010000000000000003	0.00010000000000000003	0.00010000000000000003	0.00010000000000000003	0.00010000000000000003	0.00010000000000000003	0.00010000000000000003	0.00010000000000000003
4	0.00010000000000000003	0.00010000000000000003	0.00010000000000000003	0.00010000000000000003	0.00010000000000000003	0.00010000000000000003	0.00010000000000000003	0.00010000000000000003	0.00010000000000000003	0.00010000000000000003	0.00010000000000000003	0.00010000000000000003	0.00010000000000000003	0.00010000000000000003	0.00010000000000000003	0.00010000000000000003
5	0.00010000000000000003	0.00010000000000000003	0.00010000000000000003	0.00010000000000000003	0.00010000000000000003	0.00010000000000000003	0.00010000000000000003	0.00010000000000000003	0.00010000000000000003	0.00010000000000000003	0.00010000000000000003	0.00010000000000000003	0.00010000000000000003	0.00010000000000000003	0.00010000000000000003	0.00010000000000000003
6	0.00010000000000000003	0.00010000000000000003	0.00010000000000000003	0.00010000000000000003	0.00010000000000000003	0.00010000000000000003	0.00010000000000000003	0.00010000000000000003	0.00010000000000000003	0.00010000000000000003	0.00010000000000000003	0.00010000000000000003	0.00010000000000000003	0.00010000000000000003	0.00010000000000000003	0.00010000000000000003
7	0.00010000000000000003	0.00010000000000000003	0.00010000000000000003	0.00010000000000000003	0.00010000000000000003	0.00010000000000000003	0.00010000000000000003	0.00010000000000000003	0.00010000000000000003	0.00010000000000000003	0.00010000000000000003	0.00010000000000000003	0.00010000000000000003	0.00010000000000000003	0.00010000000000000003	0.00010000000000000003
8	0.00010000000000000003	0.00010000000000000003	0.00010000000000000003	0.00010000000000000003	0.00010000000000000003	0.00010000000000000003	0.00010000000000000003	0.00010000000000000003	0.00010000000000000003	0.00010000000000000003	0.00010000000000000003	0.00010000000000000003	0.00010000000000000003	0.00010000000000000003	0.00010000000000000003	0.00010000000000000003
9	0.00010000000000000003	0.00010000000000000003	0.00010000000000000003	0.00010000000000000003	0.00010000000000000003	0.00010000000000000003	0.00010000000000000003	0.00010000000000000003	0.00010000000000000003	0.00010000000000000003	0.00010000000000000003	0.00010000000000000003	0.00010000000000000003	0.00010000000000000003	0.00010000000000000003	0.00010000000000000003
10	0.00010000000000000003	0.00010000000000000003	0.00010000000000000003	0.00010000000000000003	0.00010000000000000003	0.00010000000000000003	0.00010000000000000003	0.00010000000000000003	0.00010000000000000003	0.00010000000000000003	0.00010000000000000003	0.00010000000000000003	0.00010000000000000003	0.00010000000000000003	0.00010000000000000003	0.00010000000000000003
11	0.00010000000000000003	0.00010000000000000003	0.00010000000000000003	0.00010000000000000003	0.00010000000000000003	0.00010000000000000003	0.00010000000000000003	0.00010000000000000003	0.00010000000000000003	0.00010000000000000003	0.00010000000000000003	0.00010000000000000003	0.00010000000000000003	0.00010000000000000003	0.00010000000000000003	0.00010000000000000003
12	0.00010000000000000003	0.00010000000000000003	0.00010000000000000003	0.00010000000000000003	0.00010000000000000003	0.00010000000000000003	0.00010000000000000003	0.00010000000000000003	0.00010000000000000003	0.00010000000000000003	0.00010000000000000003	0.00010000000000000003	0.00010000000000000003	0.00010000000000000003	0.00010000000000000003	0.00010000000000000003
13	0.00010000000000000003	0.00010000000000000003	0.00010000000000000003	0.00010000000000000003	0.00010000000000000003	0.00010000000000000003	0.00010000000000000003	0.00010000000000000003	0.00010000000000000003	0.00010000000000000003	0.00010000000000000003	0.00010000000000000003	0.00010000000000000003	0.00010000000000000003	0.00010000000000000003	0.00010000000000000003
14	0.00010000000000000003	0.00010000000000000003	0.00010000000000000003	0.00010000000000000003	0.00010000000000000003	0.00010000000000000003	0.00010000000000000003	0.00010000000000000003	0.00010000000000000003	0.00010000000000000003	0.00010000000000000003	0.00010000000000000003	0.00010000000000000003	0.00010000000000000003	0.00010000000000000003	0.00010000000000000003
15	0.00010000000000000003	0.00010000000000000003	0.00010000000000000003	0.00010000000000000003	0.00010000000000000003	0.00010000000000000003	0.00010000000000000003	0.00010000000000000003	0.00010000000000000003	0.00010000000000000003	0.00010000000000000003	0.00010000000000000003	0.00010000000000000003	0.00010000000000000003	0.00010000000000000003	0.00010000000000000003
16	0.00010000000000000003	0.00010000000000000003	0.00010000000000000003	0.00010000000000000003	0.00010000000000000003	0.00010000000000000003	0.00010000000000000003	0.00010000000000000003	0.00010000000000000003	0.00010000000000000003	0.00010000000000000003	0.00010000000000000003	0.00010000000000000003	0.00010000000000000003	0.00010000000000000003	0.00010000000000000003
17	0.00010000000000000003	0.00010000000000000003	0.00010000000000000003	0.00010000000000000003	0.00010000000000000003	0.00010000000000000003	0.00010000000000000003	0.00010000000000000003	0.00010000000000000003	0.00010000000000000003	0.00010000000000000003	0.00010000000000000003	0.00010000000000000003	0.00010000000000000003	0.00010000000000000003	0.00010000000000000003
18	0.00010000000000000003	0.00010000000000000003	0.00010000000000000003	0.00010000000000000003	0.00010000000000000003	0.00010000000000000003	0.00010000000000000003	0.00010000000000000003	0.00010000000000000003	0.00010000000000000003	0.00010000000000000003	0.00010000000000000003	0.00010000000000000003	0.00010000000000000003	0.00010000000000000003	0.00010000000000000003
19	0.00010000000000000003	0.00010000000000000003	0.00010000000000000003	0.00010000000000000003	0.00010000000000000003	0.00010000000000000003	0.00010000000000000003	0.00010000000000000003	0.00010000000000000003	0.00010000000000000003	0.00010000000000000003	0.00010000000000000003	0.00010000000000000003	0.00010000000000000003	0.00010000000000000003	0.00010000000000000003
20	0.00010000000000000003	0.00010000000000000003	0.00010000000000000003	0.00010000000000000003	0.00010000000000000003	0.00010000000000000003	0.00010000000000000003	0.00010000000000000003	0.00010000000000000003	0.00010000000000000003	0.00010000000000000003	0.00010000000000000003	0.00010000000000000003	0.00010000000000000003	0.00010000000000000003	0.00010000000000000003
21	0.00010000000000000003	0.00010000000000000003	0.00010000000000000003	0.00010000000000000003	0.00010000000000000003	0.00010000000000000003	0.00010000000000000003	0.00010000000000000003	0.00010000000000000003	0.00010000000000000003	0.00010000000000000003	0.00010000000000000003	0.00010000000000000003	0.00010000000000000003	0.00010000000000000003	0.00010000000000000003
22	0.00010000000000000003	0.00010000000000000003	0.00010000000000000003	0.00010000000000000003	0.00010000000000000003	0.00010000000000000003	0.00010000000000000003	0.00010000000000000003	0.00010000000000000003	0.00010000000000000003	0.00010000000000000003	0.00010000000000000003	0.00010000000000000003	0.00010000000000000003	0.00010000000000000003	0.00010000000000000003
23	0.00010000000000000003	0.00010000000000000003	0.00010000000000000003	0.00010000000000000003	0.00010000000000000003	0.00010000000000000003	0.00010000000000000003	0.00010000000000000003	0.00010000000000000003	0.00010000000000000003	0.00010000000000000003	0.00010000000000000003	0.00010000000000000003	0.00010000000000000003	0.00010000000000000003	0.00010000000000000003
24	0.00010000000000000003	0.00010000000000000003	0.00010000000000000003	0.00010000000000000003	0.00010000000000000003	0.00010000000000000003	0.00010000000000000003	0.00010000000000000003	0.00010000000000000003	0.00010000000000000003	0.00010000000000000003	0.00010000000000000003	0.00010000000000000003	0.00010000000000000003	0.00010000000000000003	0.00010000000000000003
["PT_COLLECTOR","C4",*,*] :	1	2	3	4	5	6	7	8	9	10	11	12	13	14	15	16 := 
1	0.00010000000000000003	0.00010000000000000003	0.00010000000000000003	0.00010000000000000003	0.00010000000000000003	0.00010000000000000003	0.00010000000000000003	0.00010000000000000003	0.00010000000000000003	0.00010000000000000003	0.00010000000000000003	0.00010000000000000003	0.00010000000000000003	0.00010000000000000003	0.00010000000000000003	0.00010000000000000003
2	0.00010000000000000003	0.00010000000000000003	0.00010000000000000003	0.00010000000000000003	0.00010000000000000003	0.00010000000000000003	0.00010000000000000003	0.00010000000000000003	0.00010000000000000003	0.00010000000000000003	0.00010000000000000003	0.00010000000000000003	0.00010000000000000003	0.00010000000000000003	0.00010000000000000003	0.00010000000000000003
3	0.00010000000000000003	0.00010000000000000003	0.00010000000000000003	0.00010000000000000003	0.00010000000000000003	0.00010000000000000003	0.00010000000000000003	0.00010000000000000003	0.00010000000000000003	0.00010000000000000003	0.00010000000000000003	0.00010000000000000003	0.00010000000000000003	0.00010000000000000003	0.00010000000000000003	0.00010000000000000003
4	0.00010000000000000003	0.00010000000000000003	0.00010000000000000003	0.00010000000000000003	0.00010000000000000003	0.00010000000000000003	0.00010000000000000003	0.00010000000000000003	0.00010000000000000003	0.00010000000000000003	0.00010000000000000003	0.00010000000000000003	0.00010000000000000003	0.00010000000000000003	0.00010000000000000003	0.00010000000000000003
5	0.00010000000000000003	0.00010000000000000003	0.00010000000000000003	0.00010000000000000003	0.00010000000000000003	0.00010000000000000003	0.00010000000000000003	0.00010000000000000003	0.00010000000000000003	0.00010000000000000003	0.00010000000000000003	0.00010000000000000003	0.00010000000000000003	0.00010000000000000003	0.00010000000000000003	0.00010000000000000003
6	0.00010000000000000003	0.00010000000000000003	0.00010000000000000003	0.00010000000000000003	0.00010000000000000003	0.00010000000000000003	0.00010000000000000003	0.00010000000000000003	0.00010000000000000003	0.00010000000000000003	0.00010000000000000003	0.00010000000000000003	0.00010000000000000003	0.00010000000000000003	0.00010000000000000003	0.00010000000000000003
7	0.00010000000000000003	0.00010000000000000003	0.00010000000000000003	0.00010000000000000003	0.00010000000000000003	0.00010000000000000003	0.00010000000000000003	0.00010000000000000003	0.00010000000000000003	0.00010000000000000003	0.00010000000000000003	0.00010000000000000003	0.00010000000000000003	0.00010000000000000003	0.00010000000000000003	0.00010000000000000003
8	0.00010000000000000003	0.00010000000000000003	0.00010000000000000003	0.00010000000000000003	0.00010000000000000003	0.00010000000000000003	0.00010000000000000003	0.00010000000000000003	0.00010000000000000003	0.00010000000000000003	0.00010000000000000003	0.00010000000000000003	0.00010000000000000003	0.00010000000000000003	0.00010000000000000003	0.00010000000000000003
9	0.00010000000000000003	0.00010000000000000003	0.00010000000000000003	0.00010000000000000003	0.00010000000000000003	0.00010000000000000003	0.00010000000000000003	0.00010000000000000003	0.00010000000000000003	0.00010000000000000003	0.00010000000000000003	0.00010000000000000003	0.00010000000000000003	0.00010000000000000003	0.00010000000000000003	0.00010000000000000003
10	0.00010000000000000003	0.00010000000000000003	0.00010000000000000003	0.00010000000000000003	0.00010000000000000003	0.00010000000000000003	0.00010000000000000003	0.00010000000000000003	0.00010000000000000003	0.00010000000000000003	0.00010000000000000003	0.00010000000000000003	0.00010000000000000003	0.00010000000000000003	0.00010000000000000003	0.00010000000000000003
11	0.00010000000000000003	0.00010000000000000003	0.00010000000000000003	0.00010000000000000003	0.00010000000000000003	0.00010000000000000003	0.00010000000000000003	0.00010000000000000003	0.00010000000000000003	0.00010000000000000003	0.00010000000000000003	0.00010000000000000003	0.00010000000000000003	0.00010000000000000003	0.00010000000000000003	0.00010000000000000003
12	0.00010000000000000003	0.00010000000000000003	0.00010000000000000003	0.00010000000000000003	0.00010000000000000003	0.00010000000000000003	0.00010000000000000003	0.00010000000000000003	0.00010000000000000003	0.00010000000000000003	0.00010000000000000003	0.00010000000000000003	0.00010000000000000003	0.00010000000000000003	0.00010000000000000003	0.00010000000000000003
13	0.00010000000000000003	0.00010000000000000003	0.00010000000000000003	0.00010000000000000003	0.00010000000000000003	0.00010000000000000003	0.00010000000000000003	0.00010000000000000003	0.00010000000000000003	0.00010000000000000003	0.00010000000000000003	0.00010000000000000003	0.00010000000000000003	0.00010000000000000003	0.00010000000000000003	0.00010000000000000003
14	0.00010000000000000003	0.00010000000000000003	0.00010000000000000003	0.00010000000000000003	0.00010000000000000003	0.00010000000000000003	0.00010000000000000003	0.00010000000000000003	0.00010000000000000003	0.00010000000000000003	0.00010000000000000003	0.00010000000000000003	0.00010000000000000003	0.00010000000000000003	0.00010000000000000003	0.00010000000000000003
15	0.00010000000000000003	0.00010000000000000003	0.00010000000000000003	0.00010000000000000003	0.00010000000000000003	0.00010000000000000003	0.00010000000000000003	0.00010000000000000003	0.00010000000000000003	0.00010000000000000003	0.00010000000000000003	0.00010000000000000003	0.00010000000000000003	0.00010000000000000003	0.00010000000000000003	0.00010000000000000003
16	0.00010000000000000003	0.00010000000000000003	0.00010000000000000003	0.00010000000000000003	0.00010000000000000003	0.00010000000000000003	0.00010000000000000003	0.00010000000000000003	0.00010000000000000003	0.00010000000000000003	0.00010000000000000003	0.00010000000000000003	0.00010000000000000003	0.00010000000000000003	0.00010000000000000003	0.00010000000000000003
17	0.00010000000000000003	0.00010000000000000003	0.00010000000000000003	0.00010000000000000003	0.00010000000000000003	0.00010000000000000003	0.00010000000000000003	0.00010000000000000003	0.00010000000000000003	0.00010000000000000003	0.00010000000000000003	0.00010000000000000003	0.00010000000000000003	0.00010000000000000003	0.00010000000000000003	0.00010000000000000003
18	0.00010000000000000003	0.00010000000000000003	0.00010000000000000003	0.00010000000000000003	0.00010000000000000003	0.00010000000000000003	0.00010000000000000003	0.00010000000000000003	0.00010000000000000003	0.00010000000000000003	0.00010000000000000003	0.00010000000000000003	0.00010000000000000003	0.00010000000000000003	0.00010000000000000003	0.00010000000000000003
19	0.00010000000000000003	0.00010000000000000003	0.00010000000000000003	0.00010000000000000003	0.00010000000000000003	0.00010000000000000003	0.00010000000000000003	0.00010000000000000003	0.00010000000000000003	0.00010000000000000003	0.00010000000000000003	0.00010000000000000003	0.00010000000000000003	0.00010000000000000003	0.00010000000000000003	0.00010000000000000003
20	0.00010000000000000003	0.00010000000000000003	0.00010000000000000003	0.00010000000000000003	0.00010000000000000003	0.00010000000000000003	0.00010000000000000003	0.00010000000000000003	0.00010000000000000003	0.00010000000000000003	0.00010000000000000003	0.00010000000000000003	0.00010000000000000003	0.00010000000000000003	0.00010000000000000003	0.00010000000000000003
21	0.00010000000000000003	0.00010000000000000003	0.00010000000000000003	0.00010000000000000003	0.00010000000000000003	0.00010000000000000003	0.00010000000000000003	0.00010000000000000003	0.00010000000000000003	0.00010000000000000003	0.00010000000000000003	0.00010000000000000003	0.00010000000000000003	0.00010000000000000003	0.00010000000000000003	0.00010000000000000003
22	0.00010000000000000003	0.00010000000000000003	0.00010000000000000003	0.00010000000000000003	0.00010000000000000003	0.00010000000000000003	0.00010000000000000003	0.00010000000000000003	0.00010000000000000003	0.00010000000000000003	0.00010000000000000003	0.00010000000000000003	0.00010000000000000003	0.00010000000000000003	0.00010000000000000003	0.00010000000000000003
23	0.00010000000000000003	0.00010000000000000003	0.00010000000000000003	0.00010000000000000003	0.00010000000000000003	0.00010000000000000003	0.00010000000000000003	0.00010000000000000003	0.00010000000000000003	0.00010000000000000003	0.00010000000000000003	0.00010000000000000003	0.00010000000000000003	0.00010000000000000003	0.00010000000000000003	0.00010000000000000003
24	0.00010000000000000003	0.00010000000000000003	0.00010000000000000003	0.00010000000000000003	0.00010000000000000003	0.00010000000000000003	0.00010000000000000003	0.00010000000000000003	0.00010000000000000003	0.00010000000000000003	0.00010000000000000003	0.00010000000000000003	0.00010000000000000003	0.00010000000000000003	0.00010000000000000003	0.00010000000000000003
["PT_COLLECTOR","C5",*,*] :	1	2	3	4	5	6	7	8	9	10	11	12	13	14	15	16 := 
1	0.00010000000000000003	0.00010000000000000003	0.00010000000000000003	0.00010000000000000003	0.00010000000000000003	0.00010000000000000003	0.00010000000000000003	0.00010000000000000003	0.00010000000000000003	0.00010000000000000003	0.00010000000000000003	0.00010000000000000003	0.00010000000000000003	0.00010000000000000003	0.00010000000000000003	0.00010000000000000003
2	0.00010000000000000003	0.00010000000000000003	0.00010000000000000003	0.00010000000000000003	0.00010000000000000003	0.00010000000000000003	0.00010000000000000003	0.00010000000000000003	0.00010000000000000003	0.00010000000000000003	0.00010000000000000003	0.00010000000000000003	0.00010000000000000003	0.00010000000000000003	0.00010000000000000003	0.00010000000000000003
3	0.00010000000000000003	0.00010000000000000003	0.00010000000000000003	0.00010000000000000003	0.00010000000000000003	0.00010000000000000003	0.00010000000000000003	0.00010000000000000003	0.00010000000000000003	0.00010000000000000003	0.00010000000000000003	0.00010000000000000003	0.00010000000000000003	0.00010000000000000003	0.00010000000000000003	0.00010000000000000003
4	0.00010000000000000003	0.00010000000000000003	0.00010000000000000003	0.00010000000000000003	0.00010000000000000003	0.00010000000000000003	0.00010000000000000003	0.00010000000000000003	0.00010000000000000003	0.00010000000000000003	0.00010000000000000003	0.00010000000000000003	0.00010000000000000003	0.00010000000000000003	0.00010000000000000003	0.00010000000000000003
5	0.00010000000000000003	0.00010000000000000003	0.00010000000000000003	0.00010000000000000003	0.00010000000000000003	0.00010000000000000003	0.00010000000000000003	0.00010000000000000003	0.00010000000000000003	0.00010000000000000003	0.00010000000000000003	0.00010000000000000003	0.00010000000000000003	0.00010000000000000003	0.00010000000000000003	0.00010000000000000003
6	0.00010000000000000003	0.00010000000000000003	0.00010000000000000003	0.00010000000000000003	0.00010000000000000003	0.00010000000000000003	0.00010000000000000003	0.00010000000000000003	0.00010000000000000003	0.00010000000000000003	0.00010000000000000003	0.00010000000000000003	0.00010000000000000003	0.00010000000000000003	0.00010000000000000003	0.00010000000000000003
7	0.00010000000000000003	0.00010000000000000003	0.00010000000000000003	0.00010000000000000003	0.00010000000000000003	0.00010000000000000003	0.00010000000000000003	0.00010000000000000003	0.00010000000000000003	0.00010000000000000003	0.00010000000000000003	0.00010000000000000003	0.00010000000000000003	0.00010000000000000003	0.00010000000000000003	0.00010000000000000003
8	0.00010000000000000003	0.00010000000000000003	0.00010000000000000003	0.00010000000000000003	0.00010000000000000003	0.00010000000000000003	0.00010000000000000003	0.00010000000000000003	0.00010000000000000003	0.00010000000000000003	0.00010000000000000003	0.00010000000000000003	0.00010000000000000003	0.00010000000000000003	0.00010000000000000003	0.00010000000000000003
9	0.00010000000000000003	0.00010000000000000003	0.00010000000000000003	0.00010000000000000003	0.00010000000000000003	0.00010000000000000003	0.00010000000000000003	0.00010000000000000003	0.00010000000000000003	0.00010000000000000003	0.00010000000000000003	0.00010000000000000003	0.00010000000000000003	0.00010000000000000003	0.00010000000000000003	0.00010000000000000003
10	0.00010000000000000003	0.00010000000000000003	0.00010000000000000003	0.00010000000000000003	0.00010000000000000003	0.00010000000000000003	0.00010000000000000003	0.00010000000000000003	0.00010000000000000003	0.00010000000000000003	0.00010000000000000003	0.00010000000000000003	0.00010000000000000003	0.00010000000000000003	0.00010000000000000003	0.00010000000000000003
11	0.00010000000000000003	0.00010000000000000003	0.00010000000000000003	0.00010000000000000003	0.00010000000000000003	0.00010000000000000003	0.00010000000000000003	0.00010000000000000003	0.00010000000000000003	0.00010000000000000003	0.00010000000000000003	0.00010000000000000003	0.00010000000000000003	0.00010000000000000003	0.00010000000000000003	0.00010000000000000003
12	0.00010000000000000003	0.00010000000000000003	0.00010000000000000003	0.00010000000000000003	0.00010000000000000003	0.00010000000000000003	0.00010000000000000003	0.00010000000000000003	0.00010000000000000003	0.00010000000000000003	0.00010000000000000003	0.00010000000000000003	0.00010000000000000003	0.00010000000000000003	0.00010000000000000003	0.00010000000000000003
13	0.00010000000000000003	0.00010000000000000003	0.00010000000000000003	0.00010000000000000003	0.00010000000000000003	0.00010000000000000003	0.00010000000000000003	0.00010000000000000003	0.00010000000000000003	0.00010000000000000003	0.00010000000000000003	0.00010000000000000003	0.00010000000000000003	0.00010000000000000003	0.00010000000000000003	0.00010000000000000003
14	0.00010000000000000003	0.00010000000000000003	0.00010000000000000003	0.00010000000000000003	0.00010000000000000003	0.00010000000000000003	0.00010000000000000003	0.00010000000000000003	0.00010000000000000003	0.00010000000000000003	0.00010000000000000003	0.00010000000000000003	0.00010000000000000003	0.00010000000000000003	0.00010000000000000003	0.00010000000000000003
15	0.00010000000000000003	0.00010000000000000003	0.00010000000000000003	0.00010000000000000003	0.00010000000000000003	0.00010000000000000003	0.00010000000000000003	0.00010000000000000003	0.00010000000000000003	0.00010000000000000003	0.00010000000000000003	0.00010000000000000003	0.00010000000000000003	0.00010000000000000003	0.00010000000000000003	0.00010000000000000003
16	0.00010000000000000003	0.00010000000000000003	0.00010000000000000003	0.00010000000000000003	0.00010000000000000003	0.00010000000000000003	0.00010000000000000003	0.00010000000000000003	0.00010000000000000003	0.00010000000000000003	0.00010000000000000003	0.00010000000000000003	0.00010000000000000003	0.00010000000000000003	0.00010000000000000003	0.00010000000000000003
17	0.00010000000000000003	0.00010000000000000003	0.00010000000000000003	0.00010000000000000003	0.00010000000000000003	0.00010000000000000003	0.00010000000000000003	0.00010000000000000003	0.00010000000000000003	0.00010000000000000003	0.00010000000000000003	0.00010000000000000003	0.00010000000000000003	0.00010000000000000003	0.00010000000000000003	0.00010000000000000003
18	0.00010000000000000003	0.00010000000000000003	0.00010000000000000003	0.00010000000000000003	0.00010000000000000003	0.00010000000000000003	0.00010000000000000003	0.00010000000000000003	0.00010000000000000003	0.00010000000000000003	0.00010000000000000003	0.00010000000000000003	0.00010000000000000003	0.00010000000000000003	0.00010000000000000003	0.00010000000000000003
19	0.00010000000000000003	0.00010000000000000003	0.00010000000000000003	0.00010000000000000003	0.00010000000000000003	0.00010000000000000003	0.00010000000000000003	0.00010000000000000003	0.00010000000000000003	0.00010000000000000003	0.00010000000000000003	0.00010000000000000003	0.00010000000000000003	0.00010000000000000003	0.00010000000000000003	0.00010000000000000003
20	0.00010000000000000003	0.00010000000000000003	0.00010000000000000003	0.00010000000000000003	0.00010000000000000003	0.00010000000000000003	0.00010000000000000003	0.00010000000000000003	0.00010000000000000003	0.00010000000000000003	0.00010000000000000003	0.00010000000000000003	0.00010000000000000003	0.00010000000000000003	0.00010000000000000003	0.00010000000000000003
21	0.00010000000000000003	0.00010000000000000003	0.00010000000000000003	0.00010000000000000003	0.00010000000000000003	0.00010000000000000003	0.00010000000000000003	0.00010000000000000003	0.00010000000000000003	0.00010000000000000003	0.00010000000000000003	0.00010000000000000003	0.00010000000000000003	0.00010000000000000003	0.00010000000000000003	0.00010000000000000003
22	0.00010000000000000003	0.00010000000000000003	0.00010000000000000003	0.00010000000000000003	0.00010000000000000003	0.00010000000000000003	0.00010000000000000003	0.00010000000000000003	0.00010000000000000003	0.00010000000000000003	0.00010000000000000003	0.00010000000000000003	0.00010000000000000003	0.00010000000000000003	0.00010000000000000003	0.00010000000000000003
23	0.00010000000000000003	0.00010000000000000003	0.00010000000000000003	0.00010000000000000003	0.00010000000000000003	0.00010000000000000003	0.00010000000000000003	0.00010000000000000003	0.00010000000000000003	0.00010000000000000003	0.00010000000000000003	0.00010000000000000003	0.00010000000000000003	0.00010000000000000003	0.00010000000000000003	0.00010000000000000003
24	0.00010000000000000003	0.00010000000000000003	0.00010000000000000003	0.00010000000000000003	0.00010000000000000003	0.00010000000000000003	0.00010000000000000003	0.00010000000000000003	0.00010000000000000003	0.00010000000000000003	0.00010000000000000003	0.00010000000000000003	0.00010000000000000003	0.00010000000000000003	0.00010000000000000003	0.00010000000000000003
["ST_COLLECTOR","C1",*,*] :	1	2	3	4	5	6	7	8	9	10	11	12	13	14	15	16 := 
1	0.00010000000000000003	0.00010000000000000003	0.00010000000000000003	0.00010000000000000003	0.00010000000000000003	0.00010000000000000003	0.00010000000000000003	0.00010000000000000003	0.00010000000000000003	0.00010000000000000003	0.00010000000000000003	0.00010000000000000003	0.00010000000000000003	0.00010000000000000003	0.00010000000000000003	0.00010000000000000003
2	0.00010000000000000003	0.00010000000000000003	0.00010000000000000003	0.00010000000000000003	0.00010000000000000003	0.00010000000000000003	0.00010000000000000003	0.00010000000000000003	0.00010000000000000003	0.00010000000000000003	0.00010000000000000003	0.00010000000000000003	0.00010000000000000003	0.00010000000000000003	0.00010000000000000003	0.00010000000000000003
3	0.00010000000000000003	0.00010000000000000003	0.00010000000000000003	0.00010000000000000003	0.00010000000000000003	0.00010000000000000003	0.00010000000000000003	0.00010000000000000003	0.00010000000000000003	0.00010000000000000003	0.00010000000000000003	0.00010000000000000003	0.00010000000000000003	0.00010000000000000003	0.00010000000000000003	0.00010000000000000003
4	0.00010000000000000003	0.00010000000000000003	0.00010000000000000003	0.00010000000000000003	0.00010000000000000003	0.00010000000000000003	0.00010000000000000003	0.00010000000000000003	0.00010000000000000003	0.00010000000000000003	0.00010000000000000003	0.00010000000000000003	0.00010000000000000003	0.00010000000000000003	0.00010000000000000003	0.00010000000000000003
5	0.00010000000000000003	0.00010000000000000003	0.00010000000000000003	0.00010000000000000003	0.00010000000000000003	0.00010000000000000003	0.00010000000000000003	0.00010000000000000003	0.00010000000000000003	0.00010000000000000003	0.00010000000000000003	0.00010000000000000003	0.00010000000000000003	0.00010000000000000003	0.00010000000000000003	0.00010000000000000003
6	0.00010000000000000003	0.00010000000000000003	0.00010000000000000003	0.00010000000000000003	0.00010000000000000003	0.00010000000000000003	0.00010000000000000003	0.00010000000000000003	0.00010000000000000003	0.00010000000000000003	0.00010000000000000003	0.00010000000000000003	0.00010000000000000003	0.00010000000000000003	0.00010000000000000003	0.00010000000000000003
7	0.00010000000000000003	0.00010000000000000003	0.00010000000000000003	0.00010000000000000003	0.00010000000000000003	0.00010000000000000003	0.00010000000000000003	0.00010000000000000003	0.00010000000000000003	0.00010000000000000003	0.00010000000000000003	0.00010000000000000003	0.00010000000000000003	0.00010000000000000003	0.00010000000000000003	0.00010000000000000003
8	0.00010000000000000003	0.00010000000000000003	0.00010000000000000003	0.00010000000000000003	0.00010000000000000003	0.00010000000000000003	0.00010000000000000003	0.00010000000000000003	0.00010000000000000003	0.00010000000000000003	0.00010000000000000003	0.00010000000000000003	0.00010000000000000003	0.00010000000000000003	0.00010000000000000003	0.00010000000000000003
9	0.00010000000000000003	0.00010000000000000003	0.00010000000000000003	0.00010000000000000003	0.00010000000000000003	0.00010000000000000003	0.00010000000000000003	0.00010000000000000003	0.00010000000000000003	0.00010000000000000003	0.00010000000000000003	0.00010000000000000003	0.00010000000000000003	0.00010000000000000003	0.00010000000000000003	0.00010000000000000003
10	0.00010000000000000003	0.00010000000000000003	0.00010000000000000003	0.00010000000000000003	0.00010000000000000003	0.00010000000000000003	0.00010000000000000003	0.00010000000000000003	0.00010000000000000003	0.00010000000000000003	0.00010000000000000003	0.00010000000000000003	0.00010000000000000003	0.00010000000000000003	0.00010000000000000003	0.00010000000000000003
11	0.00010000000000000003	0.00010000000000000003	0.00010000000000000003	0.00010000000000000003	0.00010000000000000003	0.00010000000000000003	0.00010000000000000003	0.00010000000000000003	0.00010000000000000003	0.00010000000000000003	0.00010000000000000003	0.00010000000000000003	0.00010000000000000003	0.00010000000000000003	0.00010000000000000003	0.00010000000000000003
12	0.00010000000000000003	0.00010000000000000003	0.00010000000000000003	0.00010000000000000003	0.00010000000000000003	0.00010000000000000003	0.00010000000000000003	0.00010000000000000003	0.00010000000000000003	0.00010000000000000003	0.00010000000000000003	0.00010000000000000003	0.00010000000000000003	0.00010000000000000003	0.00010000000000000003	0.00010000000000000003
13	0.00010000000000000003	0.00010000000000000003	0.00010000000000000003	0.00010000000000000003	0.00010000000000000003	0.00010000000000000003	0.00010000000000000003	0.00010000000000000003	0.00010000000000000003	0.00010000000000000003	0.00010000000000000003	0.00010000000000000003	0.00010000000000000003	0.00010000000000000003	0.00010000000000000003	0.00010000000000000003
14	0.00010000000000000003	0.00010000000000000003	0.00010000000000000003	0.00010000000000000003	0.00010000000000000003	0.00010000000000000003	0.00010000000000000003	0.00010000000000000003	0.00010000000000000003	0.00010000000000000003	0.00010000000000000003	0.00010000000000000003	0.00010000000000000003	0.00010000000000000003	0.00010000000000000003	0.00010000000000000003
15	0.00010000000000000003	0.00010000000000000003	0.00010000000000000003	0.00010000000000000003	0.00010000000000000003	0.00010000000000000003	0.00010000000000000003	0.00010000000000000003	0.00010000000000000003	0.00010000000000000003	0.00010000000000000003	0.00010000000000000003	0.00010000000000000003	0.00010000000000000003	0.00010000000000000003	0.00010000000000000003
16	0.00010000000000000003	0.00010000000000000003	0.00010000000000000003	0.00010000000000000003	0.00010000000000000003	0.00010000000000000003	0.00010000000000000003	0.00010000000000000003	0.00010000000000000003	0.00010000000000000003	0.00010000000000000003	0.00010000000000000003	0.00010000000000000003	0.00010000000000000003	0.00010000000000000003	0.00010000000000000003
17	0.00010000000000000003	0.00010000000000000003	0.00010000000000000003	0.00010000000000000003	0.00010000000000000003	0.00010000000000000003	0.00010000000000000003	0.00010000000000000003	0.00010000000000000003	0.00010000000000000003	0.00010000000000000003	0.00010000000000000003	0.00010000000000000003	0.00010000000000000003	0.00010000000000000003	0.00010000000000000003
18	0.00010000000000000003	0.00010000000000000003	0.00010000000000000003	0.00010000000000000003	0.00010000000000000003	0.00010000000000000003	0.00010000000000000003	0.00010000000000000003	0.00010000000000000003	0.00010000000000000003	0.00010000000000000003	0.00010000000000000003	0.00010000000000000003	0.00010000000000000003	0.00010000000000000003	0.00010000000000000003
19	0.00010000000000000003	0.00010000000000000003	0.00010000000000000003	0.00010000000000000003	0.00010000000000000003	0.00010000000000000003	0.00010000000000000003	0.00010000000000000003	0.00010000000000000003	0.00010000000000000003	0.00010000000000000003	0.00010000000000000003	0.00010000000000000003	0.00010000000000000003	0.00010000000000000003	0.00010000000000000003
20	0.00010000000000000003	0.00010000000000000003	0.00010000000000000003	0.00010000000000000003	0.00010000000000000003	0.00010000000000000003	0.00010000000000000003	0.00010000000000000003	0.00010000000000000003	0.00010000000000000003	0.00010000000000000003	0.00010000000000000003	0.00010000000000000003	0.00010000000000000003	0.00010000000000000003	0.00010000000000000003
21	0.00010000000000000003	0.00010000000000000003	0.00010000000000000003	0.00010000000000000003	0.00010000000000000003	0.00010000000000000003	0.00010000000000000003	0.00010000000000000003	0.00010000000000000003	0.00010000000000000003	0.00010000000000000003	0.00010000000000000003	0.00010000000000000003	0.00010000000000000003	0.00010000000000000003	0.00010000000000000003
22	0.00010000000000000003	0.00010000000000000003	0.00010000000000000003	0.00010000000000000003	0.00010000000000000003	0.00010000000000000003	0.00010000000000000003	0.00010000000000000003	0.00010000000000000003	0.00010000000000000003	0.00010000000000000003	0.00010000000000000003	0.00010000000000000003	0.00010000000000000003	0.00010000000000000003	0.00010000000000000003
23	0.00010000000000000003	0.00010000000000000003	0.00010000000000000003	0.00010000000000000003	0.00010000000000000003	0.00010000000000000003	0.00010000000000000003	0.00010000000000000003	0.00010000000000000003	0.00010000000000000003	0.00010000000000000003	0.00010000000000000003	0.00010000000000000003	0.00010000000000000003	0.00010000000000000003	0.00010000000000000003
24	0.00010000000000000003	0.00010000000000000003	0.00010000000000000003	0.00010000000000000003	0.00010000000000000003	0.00010000000000000003	0.00010000000000000003	0.00010000000000000003	0.00010000000000000003	0.00010000000000000003	0.00010000000000000003	0.00010000000000000003	0.00010000000000000003	0.00010000000000000003	0.00010000000000000003	0.00010000000000000003
["ST_COLLECTOR","C2",*,*] :	1	2	3	4	5	6	7	8	9	10	11	12	13	14	15	16 := 
1	0.00010000000000000003	0.00010000000000000003	0.00010000000000000003	0.00010000000000000003	0.00010000000000000003	0.00010000000000000003	0.00010000000000000003	0.00010000000000000003	0.00010000000000000003	0.00010000000000000003	0.00010000000000000003	0.00010000000000000003	0.00010000000000000003	0.00010000000000000003	0.00010000000000000003	0.00010000000000000003
2	0.00010000000000000003	0.00010000000000000003	0.00010000000000000003	0.00010000000000000003	0.00010000000000000003	0.00010000000000000003	0.00010000000000000003	0.00010000000000000003	0.00010000000000000003	0.00010000000000000003	0.00010000000000000003	0.00010000000000000003	0.00010000000000000003	0.00010000000000000003	0.00010000000000000003	0.00010000000000000003
3	0.00010000000000000003	0.00010000000000000003	0.00010000000000000003	0.00010000000000000003	0.00010000000000000003	0.00010000000000000003	0.00010000000000000003	0.00010000000000000003	0.00010000000000000003	0.00010000000000000003	0.00010000000000000003	0.00010000000000000003	0.00010000000000000003	0.00010000000000000003	0.00010000000000000003	0.00010000000000000003
4	0.00010000000000000003	0.00010000000000000003	0.00010000000000000003	0.00010000000000000003	0.00010000000000000003	0.00010000000000000003	0.00010000000000000003	0.00010000000000000003	0.00010000000000000003	0.00010000000000000003	0.00010000000000000003	0.00010000000000000003	0.00010000000000000003	0.00010000000000000003	0.00010000000000000003	0.00010000000000000003
5	0.00010000000000000003	0.00010000000000000003	0.00010000000000000003	0.00010000000000000003	0.00010000000000000003	0.00010000000000000003	0.00010000000000000003	0.00010000000000000003	0.00010000000000000003	0.00010000000000000003	0.00010000000000000003	0.00010000000000000003	0.00010000000000000003	0.00010000000000000003	0.00010000000000000003	0.00010000000000000003
6	0.00010000000000000003	0.00010000000000000003	0.00010000000000000003	0.00010000000000000003	0.00010000000000000003	0.00010000000000000003	0.00010000000000000003	0.00010000000000000003	0.00010000000000000003	0.00010000000000000003	0.00010000000000000003	0.00010000000000000003	0.00010000000000000003	0.00010000000000000003	0.00010000000000000003	0.00010000000000000003
7	0.00010000000000000003	0.00010000000000000003	0.00010000000000000003	0.00010000000000000003	0.00010000000000000003	0.00010000000000000003	0.00010000000000000003	0.00010000000000000003	0.00010000000000000003	0.00010000000000000003	0.00010000000000000003	0.00010000000000000003	0.00010000000000000003	0.00010000000000000003	0.00010000000000000003	0.00010000000000000003
8	0.00010000000000000003	0.00010000000000000003	0.00010000000000000003	0.00010000000000000003	0.00010000000000000003	0.00010000000000000003	0.00010000000000000003	0.00010000000000000003	0.00010000000000000003	0.00010000000000000003	0.00010000000000000003	0.00010000000000000003	0.00010000000000000003	0.00010000000000000003	0.00010000000000000003	0.00010000000000000003
9	0.00010000000000000003	0.00010000000000000003	0.00010000000000000003	0.00010000000000000003	0.00010000000000000003	0.00010000000000000003	0.00010000000000000003	0.00010000000000000003	0.00010000000000000003	0.00010000000000000003	0.00010000000000000003	0.00010000000000000003	0.00010000000000000003	0.00010000000000000003	0.00010000000000000003	0.00010000000000000003
10	0.00010000000000000003	0.00010000000000000003	0.00010000000000000003	0.00010000000000000003	0.00010000000000000003	0.00010000000000000003	0.00010000000000000003	0.00010000000000000003	0.00010000000000000003	0.00010000000000000003	0.00010000000000000003	0.00010000000000000003	0.00010000000000000003	0.00010000000000000003	0.00010000000000000003	0.00010000000000000003
11	0.00010000000000000003	0.00010000000000000003	0.00010000000000000003	0.00010000000000000003	0.00010000000000000003	0.00010000000000000003	0.00010000000000000003	0.00010000000000000003	0.00010000000000000003	0.00010000000000000003	0.00010000000000000003	0.00010000000000000003	0.00010000000000000003	0.00010000000000000003	0.00010000000000000003	0.00010000000000000003
12	0.00010000000000000003	0.00010000000000000003	0.00010000000000000003	0.00010000000000000003	0.00010000000000000003	0.00010000000000000003	0.00010000000000000003	0.00010000000000000003	0.00010000000000000003	0.00010000000000000003	0.00010000000000000003	0.00010000000000000003	0.00010000000000000003	0.00010000000000000003	0.00010000000000000003	0.00010000000000000003
13	0.00010000000000000003	0.00010000000000000003	0.00010000000000000003	0.00010000000000000003	0.00010000000000000003	0.00010000000000000003	0.00010000000000000003	0.00010000000000000003	0.00010000000000000003	0.00010000000000000003	0.00010000000000000003	0.00010000000000000003	0.00010000000000000003	0.00010000000000000003	0.00010000000000000003	0.00010000000000000003
14	0.00010000000000000003	0.00010000000000000003	0.00010000000000000003	0.00010000000000000003	0.00010000000000000003	0.00010000000000000003	0.00010000000000000003	0.00010000000000000003	0.00010000000000000003	0.00010000000000000003	0.00010000000000000003	0.00010000000000000003	0.00010000000000000003	0.00010000000000000003	0.00010000000000000003	0.00010000000000000003
15	0.00010000000000000003	0.00010000000000000003	0.00010000000000000003	0.00010000000000000003	0.00010000000000000003	0.00010000000000000003	0.00010000000000000003	0.00010000000000000003	0.00010000000000000003	0.00010000000000000003	0.00010000000000000003	0.00010000000000000003	0.00010000000000000003	0.00010000000000000003	0.00010000000000000003	0.00010000000000000003
16	0.00010000000000000003	0.00010000000000000003	0.00010000000000000003	0.00010000000000000003	0.00010000000000000003	0.00010000000000000003	0.00010000000000000003	0.00010000000000000003	0.00010000000000000003	0.00010000000000000003	0.00010000000000000003	0.00010000000000000003	0.00010000000000000003	0.00010000000000000003	0.00010000000000000003	0.00010000000000000003
17	0.00010000000000000003	0.00010000000000000003	0.00010000000000000003	0.00010000000000000003	0.00010000000000000003	0.00010000000000000003	0.00010000000000000003	0.00010000000000000003	0.00010000000000000003	0.00010000000000000003	0.00010000000000000003	0.00010000000000000003	0.00010000000000000003	0.00010000000000000003	0.00010000000000000003	0.00010000000000000003
18	0.00010000000000000003	0.00010000000000000003	0.00010000000000000003	0.00010000000000000003	0.00010000000000000003	0.00010000000000000003	0.00010000000000000003	0.00010000000000000003	0.00010000000000000003	0.00010000000000000003	0.00010000000000000003	0.00010000000000000003	0.00010000000000000003	0.00010000000000000003	0.00010000000000000003	0.00010000000000000003
19	0.00010000000000000003	0.00010000000000000003	0.00010000000000000003	0.00010000000000000003	0.00010000000000000003	0.00010000000000000003	0.00010000000000000003	0.00010000000000000003	0.00010000000000000003	0.00010000000000000003	0.00010000000000000003	0.00010000000000000003	0.00010000000000000003	0.00010000000000000003	0.00010000000000000003	0.00010000000000000003
20	0.00010000000000000003	0.00010000000000000003	0.00010000000000000003	0.00010000000000000003	0.00010000000000000003	0.00010000000000000003	0.00010000000000000003	0.00010000000000000003	0.00010000000000000003	0.00010000000000000003	0.00010000000000000003	0.00010000000000000003	0.00010000000000000003	0.00010000000000000003	0.00010000000000000003	0.00010000000000000003
21	0.00010000000000000003	0.00010000000000000003	0.00010000000000000003	0.00010000000000000003	0.00010000000000000003	0.00010000000000000003	0.00010000000000000003	0.00010000000000000003	0.00010000000000000003	0.00010000000000000003	0.00010000000000000003	0.00010000000000000003	0.00010000000000000003	0.00010000000000000003	0.00010000000000000003	0.00010000000000000003
22	0.00010000000000000003	0.00010000000000000003	0.00010000000000000003	0.00010000000000000003	0.00010000000000000003	0.00010000000000000003	0.00010000000000000003	0.00010000000000000003	0.00010000000000000003	0.00010000000000000003	0.00010000000000000003	0.00010000000000000003	0.00010000000000000003	0.00010000000000000003	0.00010000000000000003	0.00010000000000000003
23	0.00010000000000000003	0.00010000000000000003	0.00010000000000000003	0.00010000000000000003	0.00010000000000000003	0.00010000000000000003	0.00010000000000000003	0.00010000000000000003	0.00010000000000000003	0.00010000000000000003	0.00010000000000000003	0.00010000000000000003	0.00010000000000000003	0.00010000000000000003	0.00010000000000000003	0.00010000000000000003
24	0.00010000000000000003	0.00010000000000000003	0.00010000000000000003	0.00010000000000000003	0.00010000000000000003	0.00010000000000000003	0.00010000000000000003	0.00010000000000000003	0.00010000000000000003	0.00010000000000000003	0.00010000000000000003	0.00010000000000000003	0.00010000000000000003	0.00010000000000000003	0.00010000000000000003	0.00010000000000000003
["ST_COLLECTOR","C3",*,*] :	1	2	3	4	5	6	7	8	9	10	11	12	13	14	15	16 := 
1	0.00010000000000000003	0.00010000000000000003	0.00010000000000000003	0.00010000000000000003	0.00010000000000000003	0.00010000000000000003	0.00010000000000000003	0.00010000000000000003	0.00010000000000000003	0.00010000000000000003	0.00010000000000000003	0.00010000000000000003	0.00010000000000000003	0.00010000000000000003	0.00010000000000000003	0.00010000000000000003
2	0.00010000000000000003	0.00010000000000000003	0.00010000000000000003	0.00010000000000000003	0.00010000000000000003	0.00010000000000000003	0.00010000000000000003	0.00010000000000000003	0.00010000000000000003	0.00010000000000000003	0.00010000000000000003	0.00010000000000000003	0.00010000000000000003	0.00010000000000000003	0.00010000000000000003	0.00010000000000000003
3	0.00010000000000000003	0.00010000000000000003	0.00010000000000000003	0.00010000000000000003	0.00010000000000000003	0.00010000000000000003	0.00010000000000000003	0.00010000000000000003	0.00010000000000000003	0.00010000000000000003	0.00010000000000000003	0.00010000000000000003	0.00010000000000000003	0.00010000000000000003	0.00010000000000000003	0.00010000000000000003
4	0.00010000000000000003	0.00010000000000000003	0.00010000000000000003	0.00010000000000000003	0.00010000000000000003	0.00010000000000000003	0.00010000000000000003	0.00010000000000000003	0.00010000000000000003	0.00010000000000000003	0.00010000000000000003	0.00010000000000000003	0.00010000000000000003	0.00010000000000000003	0.00010000000000000003	0.00010000000000000003
5	0.00010000000000000003	0.00010000000000000003	0.00010000000000000003	0.00010000000000000003	0.00010000000000000003	0.00010000000000000003	0.00010000000000000003	0.00010000000000000003	0.00010000000000000003	0.00010000000000000003	0.00010000000000000003	0.00010000000000000003	0.00010000000000000003	0.00010000000000000003	0.00010000000000000003	0.00010000000000000003
6	0.00010000000000000003	0.00010000000000000003	0.00010000000000000003	0.00010000000000000003	0.00010000000000000003	0.00010000000000000003	0.00010000000000000003	0.00010000000000000003	0.00010000000000000003	0.00010000000000000003	0.00010000000000000003	0.00010000000000000003	0.00010000000000000003	0.00010000000000000003	0.00010000000000000003	0.00010000000000000003
7	0.00010000000000000003	0.00010000000000000003	0.00010000000000000003	0.00010000000000000003	0.00010000000000000003	0.00010000000000000003	0.00010000000000000003	0.00010000000000000003	0.00010000000000000003	0.00010000000000000003	0.00010000000000000003	0.00010000000000000003	0.00010000000000000003	0.00010000000000000003	0.00010000000000000003	0.00010000000000000003
8	0.00010000000000000003	0.00010000000000000003	0.00010000000000000003	0.00010000000000000003	0.00010000000000000003	0.00010000000000000003	0.00010000000000000003	0.00010000000000000003	0.00010000000000000003	0.00010000000000000003	0.00010000000000000003	0.00010000000000000003	0.00010000000000000003	0.00010000000000000003	0.00010000000000000003	0.00010000000000000003
9	0.00010000000000000003	0.00010000000000000003	0.00010000000000000003	0.00010000000000000003	0.00010000000000000003	0.00010000000000000003	0.00010000000000000003	0.00010000000000000003	0.00010000000000000003	0.00010000000000000003	0.00010000000000000003	0.00010000000000000003	0.00010000000000000003	0.00010000000000000003	0.00010000000000000003	0.00010000000000000003
10	0.00010000000000000003	0.00010000000000000003	0.00010000000000000003	0.00010000000000000003	0.00010000000000000003	0.00010000000000000003	0.00010000000000000003	0.00010000000000000003	0.00010000000000000003	0.00010000000000000003	0.00010000000000000003	0.00010000000000000003	0.00010000000000000003	0.00010000000000000003	0.00010000000000000003	0.00010000000000000003
11	0.00010000000000000003	0.00010000000000000003	0.00010000000000000003	0.00010000000000000003	0.00010000000000000003	0.00010000000000000003	0.00010000000000000003	0.00010000000000000003	0.00010000000000000003	0.00010000000000000003	0.00010000000000000003	0.00010000000000000003	0.00010000000000000003	0.00010000000000000003	0.00010000000000000003	0.00010000000000000003
12	0.00010000000000000003	0.00010000000000000003	0.00010000000000000003	0.00010000000000000003	0.00010000000000000003	0.00010000000000000003	0.00010000000000000003	0.00010000000000000003	0.00010000000000000003	0.00010000000000000003	0.00010000000000000003	0.00010000000000000003	0.00010000000000000003	0.00010000000000000003	0.00010000000000000003	0.00010000000000000003
13	0.00010000000000000003	0.00010000000000000003	0.00010000000000000003	0.00010000000000000003	0.00010000000000000003	0.00010000000000000003	0.00010000000000000003	0.00010000000000000003	0.00010000000000000003	0.00010000000000000003	0.00010000000000000003	0.00010000000000000003	0.00010000000000000003	0.00010000000000000003	0.00010000000000000003	0.00010000000000000003
14	0.00010000000000000003	0.00010000000000000003	0.00010000000000000003	0.00010000000000000003	0.00010000000000000003	0.00010000000000000003	0.00010000000000000003	0.00010000000000000003	0.00010000000000000003	0.00010000000000000003	0.00010000000000000003	0.00010000000000000003	0.00010000000000000003	0.00010000000000000003	0.00010000000000000003	0.00010000000000000003
15	0.00010000000000000003	0.00010000000000000003	0.00010000000000000003	0.00010000000000000003	0.00010000000000000003	0.00010000000000000003	0.00010000000000000003	0.00010000000000000003	0.00010000000000000003	0.00010000000000000003	0.00010000000000000003	0.00010000000000000003	0.00010000000000000003	0.00010000000000000003	0.00010000000000000003	0.00010000000000000003
16	0.00010000000000000003	0.00010000000000000003	0.00010000000000000003	0.00010000000000000003	0.00010000000000000003	0.00010000000000000003	0.00010000000000000003	0.00010000000000000003	0.00010000000000000003	0.00010000000000000003	0.00010000000000000003	0.00010000000000000003	0.00010000000000000003	0.00010000000000000003	0.00010000000000000003	0.00010000000000000003
17	0.00010000000000000003	0.00010000000000000003	0.00010000000000000003	0.00010000000000000003	0.00010000000000000003	0.00010000000000000003	0.00010000000000000003	0.00010000000000000003	0.00010000000000000003	0.00010000000000000003	0.00010000000000000003	0.00010000000000000003	0.00010000000000000003	0.00010000000000000003	0.00010000000000000003	0.00010000000000000003
18	0.00010000000000000003	0.00010000000000000003	0.00010000000000000003	0.00010000000000000003	0.00010000000000000003	0.00010000000000000003	0.00010000000000000003	0.00010000000000000003	0.00010000000000000003	0.00010000000000000003	0.00010000000000000003	0.00010000000000000003	0.00010000000000000003	0.00010000000000000003	0.00010000000000000003	0.00010000000000000003
19	0.00010000000000000003	0.00010000000000000003	0.00010000000000000003	0.00010000000000000003	0.00010000000000000003	0.00010000000000000003	0.00010000000000000003	0.00010000000000000003	0.00010000000000000003	0.00010000000000000003	0.00010000000000000003	0.00010000000000000003	0.00010000000000000003	0.00010000000000000003	0.00010000000000000003	0.00010000000000000003
20	0.00010000000000000003	0.00010000000000000003	0.00010000000000000003	0.00010000000000000003	0.00010000000000000003	0.00010000000000000003	0.00010000000000000003	0.00010000000000000003	0.00010000000000000003	0.00010000000000000003	0.00010000000000000003	0.00010000000000000003	0.00010000000000000003	0.00010000000000000003	0.00010000000000000003	0.00010000000000000003
21	0.00010000000000000003	0.00010000000000000003	0.00010000000000000003	0.00010000000000000003	0.00010000000000000003	0.00010000000000000003	0.00010000000000000003	0.00010000000000000003	0.00010000000000000003	0.00010000000000000003	0.00010000000000000003	0.00010000000000000003	0.00010000000000000003	0.00010000000000000003	0.00010000000000000003	0.00010000000000000003
22	0.00010000000000000003	0.00010000000000000003	0.00010000000000000003	0.00010000000000000003	0.00010000000000000003	0.00010000000000000003	0.00010000000000000003	0.00010000000000000003	0.00010000000000000003	0.00010000000000000003	0.00010000000000000003	0.00010000000000000003	0.00010000000000000003	0.00010000000000000003	0.00010000000000000003	0.00010000000000000003
23	0.00010000000000000003	0.00010000000000000003	0.00010000000000000003	0.00010000000000000003	0.00010000000000000003	0.00010000000000000003	0.00010000000000000003	0.00010000000000000003	0.00010000000000000003	0.00010000000000000003	0.00010000000000000003	0.00010000000000000003	0.00010000000000000003	0.00010000000000000003	0.00010000000000000003	0.00010000000000000003
24	0.00010000000000000003	0.00010000000000000003	0.00010000000000000003	0.00010000000000000003	0.00010000000000000003	0.00010000000000000003	0.00010000000000000003	0.00010000000000000003	0.00010000000000000003	0.00010000000000000003	0.00010000000000000003	0.00010000000000000003	0.00010000000000000003	0.00010000000000000003	0.00010000000000000003	0.00010000000000000003
["ST_COLLECTOR","C4",*,*] :	1	2	3	4	5	6	7	8	9	10	11	12	13	14	15	16 := 
1	0.00010000000000000003	0.00010000000000000003	0.00010000000000000003	0.00010000000000000003	0.00010000000000000003	0.00010000000000000003	0.00010000000000000003	0.00010000000000000003	0.00010000000000000003	0.00010000000000000003	0.00010000000000000003	0.00010000000000000003	0.00010000000000000003	0.00010000000000000003	0.00010000000000000003	0.00010000000000000003
2	0.00010000000000000003	0.00010000000000000003	0.00010000000000000003	0.00010000000000000003	0.00010000000000000003	0.00010000000000000003	0.00010000000000000003	0.00010000000000000003	0.00010000000000000003	0.00010000000000000003	0.00010000000000000003	0.00010000000000000003	0.00010000000000000003	0.00010000000000000003	0.00010000000000000003	0.00010000000000000003
3	0.00010000000000000003	0.00010000000000000003	0.00010000000000000003	0.00010000000000000003	0.00010000000000000003	0.00010000000000000003	0.00010000000000000003	0.00010000000000000003	0.00010000000000000003	0.00010000000000000003	0.00010000000000000003	0.00010000000000000003	0.00010000000000000003	0.00010000000000000003	0.00010000000000000003	0.00010000000000000003
4	0.00010000000000000003	0.00010000000000000003	0.00010000000000000003	0.00010000000000000003	0.00010000000000000003	0.00010000000000000003	0.00010000000000000003	0.00010000000000000003	0.00010000000000000003	0.00010000000000000003	0.00010000000000000003	0.00010000000000000003	0.00010000000000000003	0.00010000000000000003	0.00010000000000000003	0.00010000000000000003
5	0.00010000000000000003	0.00010000000000000003	0.00010000000000000003	0.00010000000000000003	0.00010000000000000003	0.00010000000000000003	0.00010000000000000003	0.00010000000000000003	0.00010000000000000003	0.00010000000000000003	0.00010000000000000003	0.00010000000000000003	0.00010000000000000003	0.00010000000000000003	0.00010000000000000003	0.00010000000000000003
6	0.00010000000000000003	0.00010000000000000003	0.00010000000000000003	0.00010000000000000003	0.00010000000000000003	0.00010000000000000003	0.00010000000000000003	0.00010000000000000003	0.00010000000000000003	0.00010000000000000003	0.00010000000000000003	0.00010000000000000003	0.00010000000000000003	0.00010000000000000003	0.00010000000000000003	0.00010000000000000003
7	0.00010000000000000003	0.00010000000000000003	0.00010000000000000003	0.00010000000000000003	0.00010000000000000003	0.00010000000000000003	0.00010000000000000003	0.00010000000000000003	0.00010000000000000003	0.00010000000000000003	0.00010000000000000003	0.00010000000000000003	0.00010000000000000003	0.00010000000000000003	0.00010000000000000003	0.00010000000000000003
8	0.00010000000000000003	0.00010000000000000003	0.00010000000000000003	0.00010000000000000003	0.00010000000000000003	0.00010000000000000003	0.00010000000000000003	0.00010000000000000003	0.00010000000000000003	0.00010000000000000003	0.00010000000000000003	0.00010000000000000003	0.00010000000000000003	0.00010000000000000003	0.00010000000000000003	0.00010000000000000003
9	0.00010000000000000003	0.00010000000000000003	0.00010000000000000003	0.00010000000000000003	0.00010000000000000003	0.00010000000000000003	0.00010000000000000003	0.00010000000000000003	0.00010000000000000003	0.00010000000000000003	0.00010000000000000003	0.00010000000000000003	0.00010000000000000003	0.00010000000000000003	0.00010000000000000003	0.00010000000000000003
10	0.00010000000000000003	0.00010000000000000003	0.00010000000000000003	0.00010000000000000003	0.00010000000000000003	0.00010000000000000003	0.00010000000000000003	0.00010000000000000003	0.00010000000000000003	0.00010000000000000003	0.00010000000000000003	0.00010000000000000003	0.00010000000000000003	0.00010000000000000003	0.00010000000000000003	0.00010000000000000003
11	0.00010000000000000003	0.00010000000000000003	0.00010000000000000003	0.00010000000000000003	0.00010000000000000003	0.00010000000000000003	0.00010000000000000003	0.00010000000000000003	0.00010000000000000003	0.00010000000000000003	0.00010000000000000003	0.00010000000000000003	0.00010000000000000003	0.00010000000000000003	0.00010000000000000003	0.00010000000000000003
12	0.00010000000000000003	0.00010000000000000003	0.00010000000000000003	0.00010000000000000003	0.00010000000000000003	0.00010000000000000003	0.00010000000000000003	0.00010000000000000003	0.00010000000000000003	0.00010000000000000003	0.00010000000000000003	0.00010000000000000003	0.00010000000000000003	0.00010000000000000003	0.00010000000000000003	0.00010000000000000003
13	0.00010000000000000003	0.00010000000000000003	0.00010000000000000003	0.00010000000000000003	0.00010000000000000003	0.00010000000000000003	0.00010000000000000003	0.00010000000000000003	0.00010000000000000003	0.00010000000000000003	0.00010000000000000003	0.00010000000000000003	0.00010000000000000003	0.00010000000000000003	0.00010000000000000003	0.00010000000000000003
14	0.00010000000000000003	0.00010000000000000003	0.00010000000000000003	0.00010000000000000003	0.00010000000000000003	0.00010000000000000003	0.00010000000000000003	0.00010000000000000003	0.00010000000000000003	0.00010000000000000003	0.00010000000000000003	0.00010000000000000003	0.00010000000000000003	0.00010000000000000003	0.00010000000000000003	0.00010000000000000003
15	0.00010000000000000003	0.00010000000000000003	0.00010000000000000003	0.00010000000000000003	0.00010000000000000003	0.00010000000000000003	0.00010000000000000003	0.00010000000000000003	0.00010000000000000003	0.00010000000000000003	0.00010000000000000003	0.00010000000000000003	0.00010000000000000003	0.00010000000000000003	0.00010000000000000003	0.00010000000000000003
16	0.00010000000000000003	0.00010000000000000003	0.00010000000000000003	0.00010000000000000003	0.00010000000000000003	0.00010000000000000003	0.00010000000000000003	0.00010000000000000003	0.00010000000000000003	0.00010000000000000003	0.00010000000000000003	0.00010000000000000003	0.00010000000000000003	0.00010000000000000003	0.00010000000000000003	0.00010000000000000003
17	0.00010000000000000003	0.00010000000000000003	0.00010000000000000003	0.00010000000000000003	0.00010000000000000003	0.00010000000000000003	0.00010000000000000003	0.00010000000000000003	0.00010000000000000003	0.00010000000000000003	0.00010000000000000003	0.00010000000000000003	0.00010000000000000003	0.00010000000000000003	0.00010000000000000003	0.00010000000000000003
18	0.00010000000000000003	0.00010000000000000003	0.00010000000000000003	0.00010000000000000003	0.00010000000000000003	0.00010000000000000003	0.00010000000000000003	0.00010000000000000003	0.00010000000000000003	0.00010000000000000003	0.00010000000000000003	0.00010000000000000003	0.00010000000000000003	0.00010000000000000003	0.00010000000000000003	0.00010000000000000003
19	0.00010000000000000003	0.00010000000000000003	0.00010000000000000003	0.00010000000000000003	0.00010000000000000003	0.00010000000000000003	0.00010000000000000003	0.00010000000000000003	0.00010000000000000003	0.00010000000000000003	0.00010000000000000003	0.00010000000000000003	0.00010000000000000003	0.00010000000000000003	0.00010000000000000003	0.00010000000000000003
20	0.00010000000000000003	0.00010000000000000003	0.00010000000000000003	0.00010000000000000003	0.00010000000000000003	0.00010000000000000003	0.00010000000000000003	0.00010000000000000003	0.00010000000000000003	0.00010000000000000003	0.00010000000000000003	0.00010000000000000003	0.00010000000000000003	0.00010000000000000003	0.00010000000000000003	0.00010000000000000003
21	0.00010000000000000003	0.00010000000000000003	0.00010000000000000003	0.00010000000000000003	0.00010000000000000003	0.00010000000000000003	0.00010000000000000003	0.00010000000000000003	0.00010000000000000003	0.00010000000000000003	0.00010000000000000003	0.00010000000000000003	0.00010000000000000003	0.00010000000000000003	0.00010000000000000003	0.00010000000000000003
22	0.00010000000000000003	0.00010000000000000003	0.00010000000000000003	0.00010000000000000003	0.00010000000000000003	0.00010000000000000003	0.00010000000000000003	0.00010000000000000003	0.00010000000000000003	0.00010000000000000003	0.00010000000000000003	0.00010000000000000003	0.00010000000000000003	0.00010000000000000003	0.00010000000000000003	0.00010000000000000003
23	0.00010000000000000003	0.00010000000000000003	0.00010000000000000003	0.00010000000000000003	0.00010000000000000003	0.00010000000000000003	0.00010000000000000003	0.00010000000000000003	0.00010000000000000003	0.00010000000000000003	0.00010000000000000003	0.00010000000000000003	0.00010000000000000003	0.00010000000000000003	0.00010000000000000003	0.00010000000000000003
24	0.00010000000000000003	0.00010000000000000003	0.00010000000000000003	0.00010000000000000003	0.00010000000000000003	0.00010000000000000003	0.00010000000000000003	0.00010000000000000003	0.00010000000000000003	0.00010000000000000003	0.00010000000000000003	0.00010000000000000003	0.00010000000000000003	0.00010000000000000003	0.00010000000000000003	0.00010000000000000003
["ST_COLLECTOR","C5",*,*] :	1	2	3	4	5	6	7	8	9	10	11	12	13	14	15	16 := 
1	0.00010000000000000003	0.00010000000000000003	0.00010000000000000003	0.00010000000000000003	0.00010000000000000003	0.00010000000000000003	0.00010000000000000003	0.00010000000000000003	0.00010000000000000003	0.00010000000000000003	0.00010000000000000003	0.00010000000000000003	0.00010000000000000003	0.00010000000000000003	0.00010000000000000003	0.00010000000000000003
2	0.00010000000000000003	0.00010000000000000003	0.00010000000000000003	0.00010000000000000003	0.00010000000000000003	0.00010000000000000003	0.00010000000000000003	0.00010000000000000003	0.00010000000000000003	0.00010000000000000003	0.00010000000000000003	0.00010000000000000003	0.00010000000000000003	0.00010000000000000003	0.00010000000000000003	0.00010000000000000003
3	0.00010000000000000003	0.00010000000000000003	0.00010000000000000003	0.00010000000000000003	0.00010000000000000003	0.00010000000000000003	0.00010000000000000003	0.00010000000000000003	0.00010000000000000003	0.00010000000000000003	0.00010000000000000003	0.00010000000000000003	0.00010000000000000003	0.00010000000000000003	0.00010000000000000003	0.00010000000000000003
4	0.00010000000000000003	0.00010000000000000003	0.00010000000000000003	0.00010000000000000003	0.00010000000000000003	0.00010000000000000003	0.00010000000000000003	0.00010000000000000003	0.00010000000000000003	0.00010000000000000003	0.00010000000000000003	0.00010000000000000003	0.00010000000000000003	0.00010000000000000003	0.00010000000000000003	0.00010000000000000003
5	0.00010000000000000003	0.00010000000000000003	0.00010000000000000003	0.00010000000000000003	0.00010000000000000003	0.00010000000000000003	0.00010000000000000003	0.00010000000000000003	0.00010000000000000003	0.00010000000000000003	0.00010000000000000003	0.00010000000000000003	0.00010000000000000003	0.00010000000000000003	0.00010000000000000003	0.00010000000000000003
6	0.00010000000000000003	0.00010000000000000003	0.00010000000000000003	0.00010000000000000003	0.00010000000000000003	0.00010000000000000003	0.00010000000000000003	0.00010000000000000003	0.00010000000000000003	0.00010000000000000003	0.00010000000000000003	0.00010000000000000003	0.00010000000000000003	0.00010000000000000003	0.00010000000000000003	0.00010000000000000003
7	0.00010000000000000003	0.00010000000000000003	0.00010000000000000003	0.00010000000000000003	0.00010000000000000003	0.00010000000000000003	0.00010000000000000003	0.00010000000000000003	0.00010000000000000003	0.00010000000000000003	0.00010000000000000003	0.00010000000000000003	0.00010000000000000003	0.00010000000000000003	0.00010000000000000003	0.00010000000000000003
8	0.00010000000000000003	0.00010000000000000003	0.00010000000000000003	0.00010000000000000003	0.00010000000000000003	0.00010000000000000003	0.00010000000000000003	0.00010000000000000003	0.00010000000000000003	0.00010000000000000003	0.00010000000000000003	0.00010000000000000003	0.00010000000000000003	0.00010000000000000003	0.00010000000000000003	0.00010000000000000003
9	0.00010000000000000003	0.00010000000000000003	0.00010000000000000003	0.00010000000000000003	0.00010000000000000003	0.00010000000000000003	0.00010000000000000003	0.00010000000000000003	0.00010000000000000003	0.00010000000000000003	0.00010000000000000003	0.00010000000000000003	0.00010000000000000003	0.00010000000000000003	0.00010000000000000003	0.00010000000000000003
10	0.00010000000000000003	0.00010000000000000003	0.00010000000000000003	0.00010000000000000003	0.00010000000000000003	0.00010000000000000003	0.00010000000000000003	0.00010000000000000003	0.00010000000000000003	0.00010000000000000003	0.00010000000000000003	0.00010000000000000003	0.00010000000000000003	0.00010000000000000003	0.00010000000000000003	0.00010000000000000003
11	0.00010000000000000003	0.00010000000000000003	0.00010000000000000003	0.00010000000000000003	0.00010000000000000003	0.00010000000000000003	0.00010000000000000003	0.00010000000000000003	0.00010000000000000003	0.00010000000000000003	0.00010000000000000003	0.00010000000000000003	0.00010000000000000003	0.00010000000000000003	0.00010000000000000003	0.00010000000000000003
12	0.00010000000000000003	0.00010000000000000003	0.00010000000000000003	0.00010000000000000003	0.00010000000000000003	0.00010000000000000003	0.00010000000000000003	0.00010000000000000003	0.00010000000000000003	0.00010000000000000003	0.00010000000000000003	0.00010000000000000003	0.00010000000000000003	0.00010000000000000003	0.00010000000000000003	0.00010000000000000003
13	0.00010000000000000003	0.00010000000000000003	0.00010000000000000003	0.00010000000000000003	0.00010000000000000003	0.00010000000000000003	0.00010000000000000003	0.00010000000000000003	0.00010000000000000003	0.00010000000000000003	0.00010000000000000003	0.00010000000000000003	0.00010000000000000003	0.00010000000000000003	0.00010000000000000003	0.00010000000000000003
14	0.00010000000000000003	0.00010000000000000003	0.00010000000000000003	0.00010000000000000003	0.00010000000000000003	0.00010000000000000003	0.00010000000000000003	0.00010000000000000003	0.00010000000000000003	0.00010000000000000003	0.00010000000000000003	0.00010000000000000003	0.00010000000000000003	0.00010000000000000003	0.00010000000000000003	0.00010000000000000003
15	0.00010000000000000003	0.00010000000000000003	0.00010000000000000003	0.00010000000000000003	0.00010000000000000003	0.00010000000000000003	0.00010000000000000003	0.00010000000000000003	0.00010000000000000003	0.00010000000000000003	0.00010000000000000003	0.00010000000000000003	0.00010000000000000003	0.00010000000000000003	0.00010000000000000003	0.00010000000000000003
16	0.00010000000000000003	0.00010000000000000003	0.00010000000000000003	0.00010000000000000003	0.00010000000000000003	0.00010000000000000003	0.00010000000000000003	0.00010000000000000003	0.00010000000000000003	0.00010000000000000003	0.00010000000000000003	0.00010000000000000003	0.00010000000000000003	0.00010000000000000003	0.00010000000000000003	0.00010000000000000003
17	0.00010000000000000003	0.00010000000000000003	0.00010000000000000003	0.00010000000000000003	0.00010000000000000003	0.00010000000000000003	0.00010000000000000003	0.00010000000000000003	0.00010000000000000003	0.00010000000000000003	0.00010000000000000003	0.00010000000000000003	0.00010000000000000003	0.00010000000000000003	0.00010000000000000003	0.00010000000000000003
18	0.00010000000000000003	0.00010000000000000003	0.00010000000000000003	0.00010000000000000003	0.00010000000000000003	0.00010000000000000003	0.00010000000000000003	0.00010000000000000003	0.00010000000000000003	0.00010000000000000003	0.00010000000000000003	0.00010000000000000003	0.00010000000000000003	0.00010000000000000003	0.00010000000000000003	0.00010000000000000003
19	0.00010000000000000003	0.00010000000000000003	0.00010000000000000003	0.00010000000000000003	0.00010000000000000003	0.00010000000000000003	0.00010000000000000003	0.00010000000000000003	0.00010000000000000003	0.00010000000000000003	0.00010000000000000003	0.00010000000000000003	0.00010000000000000003	0.00010000000000000003	0.00010000000000000003	0.00010000000000000003
20	0.00010000000000000003	0.00010000000000000003	0.00010000000000000003	0.00010000000000000003	0.00010000000000000003	0.00010000000000000003	0.00010000000000000003	0.00010000000000000003	0.00010000000000000003	0.00010000000000000003	0.00010000000000000003	0.00010000000000000003	0.00010000000000000003	0.00010000000000000003	0.00010000000000000003	0.00010000000000000003
21	0.00010000000000000003	0.00010000000000000003	0.00010000000000000003	0.00010000000000000003	0.00010000000000000003	0.00010000000000000003	0.00010000000000000003	0.00010000000000000003	0.00010000000000000003	0.00010000000000000003	0.00010000000000000003	0.00010000000000000003	0.00010000000000000003	0.00010000000000000003	0.00010000000000000003	0.00010000000000000003
22	0.00010000000000000003	0.00010000000000000003	0.00010000000000000003	0.00010000000000000003	0.00010000000000000003	0.00010000000000000003	0.00010000000000000003	0.00010000000000000003	0.00010000000000000003	0.00010000000000000003	0.00010000000000000003	0.00010000000000000003	0.00010000000000000003	0.00010000000000000003	0.00010000000000000003	0.00010000000000000003
23	0.00010000000000000003	0.00010000000000000003	0.00010000000000000003	0.00010000000000000003	0.00010000000000000003	0.00010000000000000003	0.00010000000000000003	0.00010000000000000003	0.00010000000000000003	0.00010000000000000003	0.00010000000000000003	0.00010000000000000003	0.00010000000000000003	0.00010000000000000003	0.00010000000000000003	0.00010000000000000003
24	0.00010000000000000003	0.00010000000000000003	0.00010000000000000003	0.00010000000000000003	0.00010000000000000003	0.00010000000000000003	0.00010000000000000003	0.00010000000000000003	0.00010000000000000003	0.00010000000000000003	0.00010000000000000003	0.00010000000000000003	0.00010000000000000003	0.00010000000000000003	0.00010000000000000003	0.00010000000000000003
;
