  
 set  T_H_TD  :=  		 
(	1	,	1	,	1	)
(	2	,	2	,	1	)
(	3	,	3	,	1	)
(	4	,	4	,	1	)
(	5	,	5	,	1	)
(	6	,	6	,	1	)
(	7	,	7	,	1	)
(	8	,	8	,	1	)
(	9	,	9	,	1	)
(	10	,	10	,	1	)
(	11	,	11	,	1	)
(	12	,	12	,	1	)
(	13	,	13	,	1	)
(	14	,	14	,	1	)
(	15	,	15	,	1	)
(	16	,	16	,	1	)
(	17	,	17	,	1	)
(	18	,	18	,	1	)
(	19	,	19	,	1	)
(	20	,	20	,	1	)
(	21	,	21	,	1	)
(	22	,	22	,	1	)
(	23	,	23	,	1	)
(	24	,	24	,	1	)
(	25	,	1	,	2	)
(	26	,	2	,	2	)
(	27	,	3	,	2	)
(	28	,	4	,	2	)
(	29	,	5	,	2	)
(	30	,	6	,	2	)
(	31	,	7	,	2	)
(	32	,	8	,	2	)
(	33	,	9	,	2	)
(	34	,	10	,	2	)
(	35	,	11	,	2	)
(	36	,	12	,	2	)
(	37	,	13	,	2	)
(	38	,	14	,	2	)
(	39	,	15	,	2	)
(	40	,	16	,	2	)
(	41	,	17	,	2	)
(	42	,	18	,	2	)
(	43	,	19	,	2	)
(	44	,	20	,	2	)
(	45	,	21	,	2	)
(	46	,	22	,	2	)
(	47	,	23	,	2	)
(	48	,	24	,	2	)
(	49	,	1	,	1	)
(	50	,	2	,	1	)
(	51	,	3	,	1	)
(	52	,	4	,	1	)
(	53	,	5	,	1	)
(	54	,	6	,	1	)
(	55	,	7	,	1	)
(	56	,	8	,	1	)
(	57	,	9	,	1	)
(	58	,	10	,	1	)
(	59	,	11	,	1	)
(	60	,	12	,	1	)
(	61	,	13	,	1	)
(	62	,	14	,	1	)
(	63	,	15	,	1	)
(	64	,	16	,	1	)
(	65	,	17	,	1	)
(	66	,	18	,	1	)
(	67	,	19	,	1	)
(	68	,	20	,	1	)
(	69	,	21	,	1	)
(	70	,	22	,	1	)
(	71	,	23	,	1	)
(	72	,	24	,	1	)
(	73	,	1	,	3	)
(	74	,	2	,	3	)
(	75	,	3	,	3	)
(	76	,	4	,	3	)
(	77	,	5	,	3	)
(	78	,	6	,	3	)
(	79	,	7	,	3	)
(	80	,	8	,	3	)
(	81	,	9	,	3	)
(	82	,	10	,	3	)
(	83	,	11	,	3	)
(	84	,	12	,	3	)
(	85	,	13	,	3	)
(	86	,	14	,	3	)
(	87	,	15	,	3	)
(	88	,	16	,	3	)
(	89	,	17	,	3	)
(	90	,	18	,	3	)
(	91	,	19	,	3	)
(	92	,	20	,	3	)
(	93	,	21	,	3	)
(	94	,	22	,	3	)
(	95	,	23	,	3	)
(	96	,	24	,	3	)
(	97	,	1	,	3	)
(	98	,	2	,	3	)
(	99	,	3	,	3	)
(	100	,	4	,	3	)
(	101	,	5	,	3	)
(	102	,	6	,	3	)
(	103	,	7	,	3	)
(	104	,	8	,	3	)
(	105	,	9	,	3	)
(	106	,	10	,	3	)
(	107	,	11	,	3	)
(	108	,	12	,	3	)
(	109	,	13	,	3	)
(	110	,	14	,	3	)
(	111	,	15	,	3	)
(	112	,	16	,	3	)
(	113	,	17	,	3	)
(	114	,	18	,	3	)
(	115	,	19	,	3	)
(	116	,	20	,	3	)
(	117	,	21	,	3	)
(	118	,	22	,	3	)
(	119	,	23	,	3	)
(	120	,	24	,	3	)
(	121	,	1	,	1	)
(	122	,	2	,	1	)
(	123	,	3	,	1	)
(	124	,	4	,	1	)
(	125	,	5	,	1	)
(	126	,	6	,	1	)
(	127	,	7	,	1	)
(	128	,	8	,	1	)
(	129	,	9	,	1	)
(	130	,	10	,	1	)
(	131	,	11	,	1	)
(	132	,	12	,	1	)
(	133	,	13	,	1	)
(	134	,	14	,	1	)
(	135	,	15	,	1	)
(	136	,	16	,	1	)
(	137	,	17	,	1	)
(	138	,	18	,	1	)
(	139	,	19	,	1	)
(	140	,	20	,	1	)
(	141	,	21	,	1	)
(	142	,	22	,	1	)
(	143	,	23	,	1	)
(	144	,	24	,	1	)
(	145	,	1	,	4	)
(	146	,	2	,	4	)
(	147	,	3	,	4	)
(	148	,	4	,	4	)
(	149	,	5	,	4	)
(	150	,	6	,	4	)
(	151	,	7	,	4	)
(	152	,	8	,	4	)
(	153	,	9	,	4	)
(	154	,	10	,	4	)
(	155	,	11	,	4	)
(	156	,	12	,	4	)
(	157	,	13	,	4	)
(	158	,	14	,	4	)
(	159	,	15	,	4	)
(	160	,	16	,	4	)
(	161	,	17	,	4	)
(	162	,	18	,	4	)
(	163	,	19	,	4	)
(	164	,	20	,	4	)
(	165	,	21	,	4	)
(	166	,	22	,	4	)
(	167	,	23	,	4	)
(	168	,	24	,	4	)
(	169	,	1	,	1	)
(	170	,	2	,	1	)
(	171	,	3	,	1	)
(	172	,	4	,	1	)
(	173	,	5	,	1	)
(	174	,	6	,	1	)
(	175	,	7	,	1	)
(	176	,	8	,	1	)
(	177	,	9	,	1	)
(	178	,	10	,	1	)
(	179	,	11	,	1	)
(	180	,	12	,	1	)
(	181	,	13	,	1	)
(	182	,	14	,	1	)
(	183	,	15	,	1	)
(	184	,	16	,	1	)
(	185	,	17	,	1	)
(	186	,	18	,	1	)
(	187	,	19	,	1	)
(	188	,	20	,	1	)
(	189	,	21	,	1	)
(	190	,	22	,	1	)
(	191	,	23	,	1	)
(	192	,	24	,	1	)
(	193	,	1	,	1	)
(	194	,	2	,	1	)
(	195	,	3	,	1	)
(	196	,	4	,	1	)
(	197	,	5	,	1	)
(	198	,	6	,	1	)
(	199	,	7	,	1	)
(	200	,	8	,	1	)
(	201	,	9	,	1	)
(	202	,	10	,	1	)
(	203	,	11	,	1	)
(	204	,	12	,	1	)
(	205	,	13	,	1	)
(	206	,	14	,	1	)
(	207	,	15	,	1	)
(	208	,	16	,	1	)
(	209	,	17	,	1	)
(	210	,	18	,	1	)
(	211	,	19	,	1	)
(	212	,	20	,	1	)
(	213	,	21	,	1	)
(	214	,	22	,	1	)
(	215	,	23	,	1	)
(	216	,	24	,	1	)
(	217	,	1	,	1	)
(	218	,	2	,	1	)
(	219	,	3	,	1	)
(	220	,	4	,	1	)
(	221	,	5	,	1	)
(	222	,	6	,	1	)
(	223	,	7	,	1	)
(	224	,	8	,	1	)
(	225	,	9	,	1	)
(	226	,	10	,	1	)
(	227	,	11	,	1	)
(	228	,	12	,	1	)
(	229	,	13	,	1	)
(	230	,	14	,	1	)
(	231	,	15	,	1	)
(	232	,	16	,	1	)
(	233	,	17	,	1	)
(	234	,	18	,	1	)
(	235	,	19	,	1	)
(	236	,	20	,	1	)
(	237	,	21	,	1	)
(	238	,	22	,	1	)
(	239	,	23	,	1	)
(	240	,	24	,	1	)
(	241	,	1	,	3	)
(	242	,	2	,	3	)
(	243	,	3	,	3	)
(	244	,	4	,	3	)
(	245	,	5	,	3	)
(	246	,	6	,	3	)
(	247	,	7	,	3	)
(	248	,	8	,	3	)
(	249	,	9	,	3	)
(	250	,	10	,	3	)
(	251	,	11	,	3	)
(	252	,	12	,	3	)
(	253	,	13	,	3	)
(	254	,	14	,	3	)
(	255	,	15	,	3	)
(	256	,	16	,	3	)
(	257	,	17	,	3	)
(	258	,	18	,	3	)
(	259	,	19	,	3	)
(	260	,	20	,	3	)
(	261	,	21	,	3	)
(	262	,	22	,	3	)
(	263	,	23	,	3	)
(	264	,	24	,	3	)
(	265	,	1	,	3	)
(	266	,	2	,	3	)
(	267	,	3	,	3	)
(	268	,	4	,	3	)
(	269	,	5	,	3	)
(	270	,	6	,	3	)
(	271	,	7	,	3	)
(	272	,	8	,	3	)
(	273	,	9	,	3	)
(	274	,	10	,	3	)
(	275	,	11	,	3	)
(	276	,	12	,	3	)
(	277	,	13	,	3	)
(	278	,	14	,	3	)
(	279	,	15	,	3	)
(	280	,	16	,	3	)
(	281	,	17	,	3	)
(	282	,	18	,	3	)
(	283	,	19	,	3	)
(	284	,	20	,	3	)
(	285	,	21	,	3	)
(	286	,	22	,	3	)
(	287	,	23	,	3	)
(	288	,	24	,	3	)
(	289	,	1	,	1	)
(	290	,	2	,	1	)
(	291	,	3	,	1	)
(	292	,	4	,	1	)
(	293	,	5	,	1	)
(	294	,	6	,	1	)
(	295	,	7	,	1	)
(	296	,	8	,	1	)
(	297	,	9	,	1	)
(	298	,	10	,	1	)
(	299	,	11	,	1	)
(	300	,	12	,	1	)
(	301	,	13	,	1	)
(	302	,	14	,	1	)
(	303	,	15	,	1	)
(	304	,	16	,	1	)
(	305	,	17	,	1	)
(	306	,	18	,	1	)
(	307	,	19	,	1	)
(	308	,	20	,	1	)
(	309	,	21	,	1	)
(	310	,	22	,	1	)
(	311	,	23	,	1	)
(	312	,	24	,	1	)
(	313	,	1	,	2	)
(	314	,	2	,	2	)
(	315	,	3	,	2	)
(	316	,	4	,	2	)
(	317	,	5	,	2	)
(	318	,	6	,	2	)
(	319	,	7	,	2	)
(	320	,	8	,	2	)
(	321	,	9	,	2	)
(	322	,	10	,	2	)
(	323	,	11	,	2	)
(	324	,	12	,	2	)
(	325	,	13	,	2	)
(	326	,	14	,	2	)
(	327	,	15	,	2	)
(	328	,	16	,	2	)
(	329	,	17	,	2	)
(	330	,	18	,	2	)
(	331	,	19	,	2	)
(	332	,	20	,	2	)
(	333	,	21	,	2	)
(	334	,	22	,	2	)
(	335	,	23	,	2	)
(	336	,	24	,	2	)
(	337	,	1	,	1	)
(	338	,	2	,	1	)
(	339	,	3	,	1	)
(	340	,	4	,	1	)
(	341	,	5	,	1	)
(	342	,	6	,	1	)
(	343	,	7	,	1	)
(	344	,	8	,	1	)
(	345	,	9	,	1	)
(	346	,	10	,	1	)
(	347	,	11	,	1	)
(	348	,	12	,	1	)
(	349	,	13	,	1	)
(	350	,	14	,	1	)
(	351	,	15	,	1	)
(	352	,	16	,	1	)
(	353	,	17	,	1	)
(	354	,	18	,	1	)
(	355	,	19	,	1	)
(	356	,	20	,	1	)
(	357	,	21	,	1	)
(	358	,	22	,	1	)
(	359	,	23	,	1	)
(	360	,	24	,	1	)
(	361	,	1	,	2	)
(	362	,	2	,	2	)
(	363	,	3	,	2	)
(	364	,	4	,	2	)
(	365	,	5	,	2	)
(	366	,	6	,	2	)
(	367	,	7	,	2	)
(	368	,	8	,	2	)
(	369	,	9	,	2	)
(	370	,	10	,	2	)
(	371	,	11	,	2	)
(	372	,	12	,	2	)
(	373	,	13	,	2	)
(	374	,	14	,	2	)
(	375	,	15	,	2	)
(	376	,	16	,	2	)
(	377	,	17	,	2	)
(	378	,	18	,	2	)
(	379	,	19	,	2	)
(	380	,	20	,	2	)
(	381	,	21	,	2	)
(	382	,	22	,	2	)
(	383	,	23	,	2	)
(	384	,	24	,	2	)
(	385	,	1	,	1	)
(	386	,	2	,	1	)
(	387	,	3	,	1	)
(	388	,	4	,	1	)
(	389	,	5	,	1	)
(	390	,	6	,	1	)
(	391	,	7	,	1	)
(	392	,	8	,	1	)
(	393	,	9	,	1	)
(	394	,	10	,	1	)
(	395	,	11	,	1	)
(	396	,	12	,	1	)
(	397	,	13	,	1	)
(	398	,	14	,	1	)
(	399	,	15	,	1	)
(	400	,	16	,	1	)
(	401	,	17	,	1	)
(	402	,	18	,	1	)
(	403	,	19	,	1	)
(	404	,	20	,	1	)
(	405	,	21	,	1	)
(	406	,	22	,	1	)
(	407	,	23	,	1	)
(	408	,	24	,	1	)
(	409	,	1	,	4	)
(	410	,	2	,	4	)
(	411	,	3	,	4	)
(	412	,	4	,	4	)
(	413	,	5	,	4	)
(	414	,	6	,	4	)
(	415	,	7	,	4	)
(	416	,	8	,	4	)
(	417	,	9	,	4	)
(	418	,	10	,	4	)
(	419	,	11	,	4	)
(	420	,	12	,	4	)
(	421	,	13	,	4	)
(	422	,	14	,	4	)
(	423	,	15	,	4	)
(	424	,	16	,	4	)
(	425	,	17	,	4	)
(	426	,	18	,	4	)
(	427	,	19	,	4	)
(	428	,	20	,	4	)
(	429	,	21	,	4	)
(	430	,	22	,	4	)
(	431	,	23	,	4	)
(	432	,	24	,	4	)
(	433	,	1	,	3	)
(	434	,	2	,	3	)
(	435	,	3	,	3	)
(	436	,	4	,	3	)
(	437	,	5	,	3	)
(	438	,	6	,	3	)
(	439	,	7	,	3	)
(	440	,	8	,	3	)
(	441	,	9	,	3	)
(	442	,	10	,	3	)
(	443	,	11	,	3	)
(	444	,	12	,	3	)
(	445	,	13	,	3	)
(	446	,	14	,	3	)
(	447	,	15	,	3	)
(	448	,	16	,	3	)
(	449	,	17	,	3	)
(	450	,	18	,	3	)
(	451	,	19	,	3	)
(	452	,	20	,	3	)
(	453	,	21	,	3	)
(	454	,	22	,	3	)
(	455	,	23	,	3	)
(	456	,	24	,	3	)
(	457	,	1	,	4	)
(	458	,	2	,	4	)
(	459	,	3	,	4	)
(	460	,	4	,	4	)
(	461	,	5	,	4	)
(	462	,	6	,	4	)
(	463	,	7	,	4	)
(	464	,	8	,	4	)
(	465	,	9	,	4	)
(	466	,	10	,	4	)
(	467	,	11	,	4	)
(	468	,	12	,	4	)
(	469	,	13	,	4	)
(	470	,	14	,	4	)
(	471	,	15	,	4	)
(	472	,	16	,	4	)
(	473	,	17	,	4	)
(	474	,	18	,	4	)
(	475	,	19	,	4	)
(	476	,	20	,	4	)
(	477	,	21	,	4	)
(	478	,	22	,	4	)
(	479	,	23	,	4	)
(	480	,	24	,	4	)
(	481	,	1	,	2	)
(	482	,	2	,	2	)
(	483	,	3	,	2	)
(	484	,	4	,	2	)
(	485	,	5	,	2	)
(	486	,	6	,	2	)
(	487	,	7	,	2	)
(	488	,	8	,	2	)
(	489	,	9	,	2	)
(	490	,	10	,	2	)
(	491	,	11	,	2	)
(	492	,	12	,	2	)
(	493	,	13	,	2	)
(	494	,	14	,	2	)
(	495	,	15	,	2	)
(	496	,	16	,	2	)
(	497	,	17	,	2	)
(	498	,	18	,	2	)
(	499	,	19	,	2	)
(	500	,	20	,	2	)
(	501	,	21	,	2	)
(	502	,	22	,	2	)
(	503	,	23	,	2	)
(	504	,	24	,	2	)
(	505	,	1	,	1	)
(	506	,	2	,	1	)
(	507	,	3	,	1	)
(	508	,	4	,	1	)
(	509	,	5	,	1	)
(	510	,	6	,	1	)
(	511	,	7	,	1	)
(	512	,	8	,	1	)
(	513	,	9	,	1	)
(	514	,	10	,	1	)
(	515	,	11	,	1	)
(	516	,	12	,	1	)
(	517	,	13	,	1	)
(	518	,	14	,	1	)
(	519	,	15	,	1	)
(	520	,	16	,	1	)
(	521	,	17	,	1	)
(	522	,	18	,	1	)
(	523	,	19	,	1	)
(	524	,	20	,	1	)
(	525	,	21	,	1	)
(	526	,	22	,	1	)
(	527	,	23	,	1	)
(	528	,	24	,	1	)
(	529	,	1	,	2	)
(	530	,	2	,	2	)
(	531	,	3	,	2	)
(	532	,	4	,	2	)
(	533	,	5	,	2	)
(	534	,	6	,	2	)
(	535	,	7	,	2	)
(	536	,	8	,	2	)
(	537	,	9	,	2	)
(	538	,	10	,	2	)
(	539	,	11	,	2	)
(	540	,	12	,	2	)
(	541	,	13	,	2	)
(	542	,	14	,	2	)
(	543	,	15	,	2	)
(	544	,	16	,	2	)
(	545	,	17	,	2	)
(	546	,	18	,	2	)
(	547	,	19	,	2	)
(	548	,	20	,	2	)
(	549	,	21	,	2	)
(	550	,	22	,	2	)
(	551	,	23	,	2	)
(	552	,	24	,	2	)
(	553	,	1	,	2	)
(	554	,	2	,	2	)
(	555	,	3	,	2	)
(	556	,	4	,	2	)
(	557	,	5	,	2	)
(	558	,	6	,	2	)
(	559	,	7	,	2	)
(	560	,	8	,	2	)
(	561	,	9	,	2	)
(	562	,	10	,	2	)
(	563	,	11	,	2	)
(	564	,	12	,	2	)
(	565	,	13	,	2	)
(	566	,	14	,	2	)
(	567	,	15	,	2	)
(	568	,	16	,	2	)
(	569	,	17	,	2	)
(	570	,	18	,	2	)
(	571	,	19	,	2	)
(	572	,	20	,	2	)
(	573	,	21	,	2	)
(	574	,	22	,	2	)
(	575	,	23	,	2	)
(	576	,	24	,	2	)
(	577	,	1	,	3	)
(	578	,	2	,	3	)
(	579	,	3	,	3	)
(	580	,	4	,	3	)
(	581	,	5	,	3	)
(	582	,	6	,	3	)
(	583	,	7	,	3	)
(	584	,	8	,	3	)
(	585	,	9	,	3	)
(	586	,	10	,	3	)
(	587	,	11	,	3	)
(	588	,	12	,	3	)
(	589	,	13	,	3	)
(	590	,	14	,	3	)
(	591	,	15	,	3	)
(	592	,	16	,	3	)
(	593	,	17	,	3	)
(	594	,	18	,	3	)
(	595	,	19	,	3	)
(	596	,	20	,	3	)
(	597	,	21	,	3	)
(	598	,	22	,	3	)
(	599	,	23	,	3	)
(	600	,	24	,	3	)
(	601	,	1	,	3	)
(	602	,	2	,	3	)
(	603	,	3	,	3	)
(	604	,	4	,	3	)
(	605	,	5	,	3	)
(	606	,	6	,	3	)
(	607	,	7	,	3	)
(	608	,	8	,	3	)
(	609	,	9	,	3	)
(	610	,	10	,	3	)
(	611	,	11	,	3	)
(	612	,	12	,	3	)
(	613	,	13	,	3	)
(	614	,	14	,	3	)
(	615	,	15	,	3	)
(	616	,	16	,	3	)
(	617	,	17	,	3	)
(	618	,	18	,	3	)
(	619	,	19	,	3	)
(	620	,	20	,	3	)
(	621	,	21	,	3	)
(	622	,	22	,	3	)
(	623	,	23	,	3	)
(	624	,	24	,	3	)
(	625	,	1	,	2	)
(	626	,	2	,	2	)
(	627	,	3	,	2	)
(	628	,	4	,	2	)
(	629	,	5	,	2	)
(	630	,	6	,	2	)
(	631	,	7	,	2	)
(	632	,	8	,	2	)
(	633	,	9	,	2	)
(	634	,	10	,	2	)
(	635	,	11	,	2	)
(	636	,	12	,	2	)
(	637	,	13	,	2	)
(	638	,	14	,	2	)
(	639	,	15	,	2	)
(	640	,	16	,	2	)
(	641	,	17	,	2	)
(	642	,	18	,	2	)
(	643	,	19	,	2	)
(	644	,	20	,	2	)
(	645	,	21	,	2	)
(	646	,	22	,	2	)
(	647	,	23	,	2	)
(	648	,	24	,	2	)
(	649	,	1	,	2	)
(	650	,	2	,	2	)
(	651	,	3	,	2	)
(	652	,	4	,	2	)
(	653	,	5	,	2	)
(	654	,	6	,	2	)
(	655	,	7	,	2	)
(	656	,	8	,	2	)
(	657	,	9	,	2	)
(	658	,	10	,	2	)
(	659	,	11	,	2	)
(	660	,	12	,	2	)
(	661	,	13	,	2	)
(	662	,	14	,	2	)
(	663	,	15	,	2	)
(	664	,	16	,	2	)
(	665	,	17	,	2	)
(	666	,	18	,	2	)
(	667	,	19	,	2	)
(	668	,	20	,	2	)
(	669	,	21	,	2	)
(	670	,	22	,	2	)
(	671	,	23	,	2	)
(	672	,	24	,	2	)
(	673	,	1	,	2	)
(	674	,	2	,	2	)
(	675	,	3	,	2	)
(	676	,	4	,	2	)
(	677	,	5	,	2	)
(	678	,	6	,	2	)
(	679	,	7	,	2	)
(	680	,	8	,	2	)
(	681	,	9	,	2	)
(	682	,	10	,	2	)
(	683	,	11	,	2	)
(	684	,	12	,	2	)
(	685	,	13	,	2	)
(	686	,	14	,	2	)
(	687	,	15	,	2	)
(	688	,	16	,	2	)
(	689	,	17	,	2	)
(	690	,	18	,	2	)
(	691	,	19	,	2	)
(	692	,	20	,	2	)
(	693	,	21	,	2	)
(	694	,	22	,	2	)
(	695	,	23	,	2	)
(	696	,	24	,	2	)
(	697	,	1	,	4	)
(	698	,	2	,	4	)
(	699	,	3	,	4	)
(	700	,	4	,	4	)
(	701	,	5	,	4	)
(	702	,	6	,	4	)
(	703	,	7	,	4	)
(	704	,	8	,	4	)
(	705	,	9	,	4	)
(	706	,	10	,	4	)
(	707	,	11	,	4	)
(	708	,	12	,	4	)
(	709	,	13	,	4	)
(	710	,	14	,	4	)
(	711	,	15	,	4	)
(	712	,	16	,	4	)
(	713	,	17	,	4	)
(	714	,	18	,	4	)
(	715	,	19	,	4	)
(	716	,	20	,	4	)
(	717	,	21	,	4	)
(	718	,	22	,	4	)
(	719	,	23	,	4	)
(	720	,	24	,	4	)
(	721	,	1	,	1	)
(	722	,	2	,	1	)
(	723	,	3	,	1	)
(	724	,	4	,	1	)
(	725	,	5	,	1	)
(	726	,	6	,	1	)
(	727	,	7	,	1	)
(	728	,	8	,	1	)
(	729	,	9	,	1	)
(	730	,	10	,	1	)
(	731	,	11	,	1	)
(	732	,	12	,	1	)
(	733	,	13	,	1	)
(	734	,	14	,	1	)
(	735	,	15	,	1	)
(	736	,	16	,	1	)
(	737	,	17	,	1	)
(	738	,	18	,	1	)
(	739	,	19	,	1	)
(	740	,	20	,	1	)
(	741	,	21	,	1	)
(	742	,	22	,	1	)
(	743	,	23	,	1	)
(	744	,	24	,	1	)
(	745	,	1	,	3	)
(	746	,	2	,	3	)
(	747	,	3	,	3	)
(	748	,	4	,	3	)
(	749	,	5	,	3	)
(	750	,	6	,	3	)
(	751	,	7	,	3	)
(	752	,	8	,	3	)
(	753	,	9	,	3	)
(	754	,	10	,	3	)
(	755	,	11	,	3	)
(	756	,	12	,	3	)
(	757	,	13	,	3	)
(	758	,	14	,	3	)
(	759	,	15	,	3	)
(	760	,	16	,	3	)
(	761	,	17	,	3	)
(	762	,	18	,	3	)
(	763	,	19	,	3	)
(	764	,	20	,	3	)
(	765	,	21	,	3	)
(	766	,	22	,	3	)
(	767	,	23	,	3	)
(	768	,	24	,	3	)
(	769	,	1	,	3	)
(	770	,	2	,	3	)
(	771	,	3	,	3	)
(	772	,	4	,	3	)
(	773	,	5	,	3	)
(	774	,	6	,	3	)
(	775	,	7	,	3	)
(	776	,	8	,	3	)
(	777	,	9	,	3	)
(	778	,	10	,	3	)
(	779	,	11	,	3	)
(	780	,	12	,	3	)
(	781	,	13	,	3	)
(	782	,	14	,	3	)
(	783	,	15	,	3	)
(	784	,	16	,	3	)
(	785	,	17	,	3	)
(	786	,	18	,	3	)
(	787	,	19	,	3	)
(	788	,	20	,	3	)
(	789	,	21	,	3	)
(	790	,	22	,	3	)
(	791	,	23	,	3	)
(	792	,	24	,	3	)
(	793	,	1	,	2	)
(	794	,	2	,	2	)
(	795	,	3	,	2	)
(	796	,	4	,	2	)
(	797	,	5	,	2	)
(	798	,	6	,	2	)
(	799	,	7	,	2	)
(	800	,	8	,	2	)
(	801	,	9	,	2	)
(	802	,	10	,	2	)
(	803	,	11	,	2	)
(	804	,	12	,	2	)
(	805	,	13	,	2	)
(	806	,	14	,	2	)
(	807	,	15	,	2	)
(	808	,	16	,	2	)
(	809	,	17	,	2	)
(	810	,	18	,	2	)
(	811	,	19	,	2	)
(	812	,	20	,	2	)
(	813	,	21	,	2	)
(	814	,	22	,	2	)
(	815	,	23	,	2	)
(	816	,	24	,	2	)
(	817	,	1	,	13	)
(	818	,	2	,	13	)
(	819	,	3	,	13	)
(	820	,	4	,	13	)
(	821	,	5	,	13	)
(	822	,	6	,	13	)
(	823	,	7	,	13	)
(	824	,	8	,	13	)
(	825	,	9	,	13	)
(	826	,	10	,	13	)
(	827	,	11	,	13	)
(	828	,	12	,	13	)
(	829	,	13	,	13	)
(	830	,	14	,	13	)
(	831	,	15	,	13	)
(	832	,	16	,	13	)
(	833	,	17	,	13	)
(	834	,	18	,	13	)
(	835	,	19	,	13	)
(	836	,	20	,	13	)
(	837	,	21	,	13	)
(	838	,	22	,	13	)
(	839	,	23	,	13	)
(	840	,	24	,	13	)
(	841	,	1	,	2	)
(	842	,	2	,	2	)
(	843	,	3	,	2	)
(	844	,	4	,	2	)
(	845	,	5	,	2	)
(	846	,	6	,	2	)
(	847	,	7	,	2	)
(	848	,	8	,	2	)
(	849	,	9	,	2	)
(	850	,	10	,	2	)
(	851	,	11	,	2	)
(	852	,	12	,	2	)
(	853	,	13	,	2	)
(	854	,	14	,	2	)
(	855	,	15	,	2	)
(	856	,	16	,	2	)
(	857	,	17	,	2	)
(	858	,	18	,	2	)
(	859	,	19	,	2	)
(	860	,	20	,	2	)
(	861	,	21	,	2	)
(	862	,	22	,	2	)
(	863	,	23	,	2	)
(	864	,	24	,	2	)
(	865	,	1	,	2	)
(	866	,	2	,	2	)
(	867	,	3	,	2	)
(	868	,	4	,	2	)
(	869	,	5	,	2	)
(	870	,	6	,	2	)
(	871	,	7	,	2	)
(	872	,	8	,	2	)
(	873	,	9	,	2	)
(	874	,	10	,	2	)
(	875	,	11	,	2	)
(	876	,	12	,	2	)
(	877	,	13	,	2	)
(	878	,	14	,	2	)
(	879	,	15	,	2	)
(	880	,	16	,	2	)
(	881	,	17	,	2	)
(	882	,	18	,	2	)
(	883	,	19	,	2	)
(	884	,	20	,	2	)
(	885	,	21	,	2	)
(	886	,	22	,	2	)
(	887	,	23	,	2	)
(	888	,	24	,	2	)
(	889	,	1	,	2	)
(	890	,	2	,	2	)
(	891	,	3	,	2	)
(	892	,	4	,	2	)
(	893	,	5	,	2	)
(	894	,	6	,	2	)
(	895	,	7	,	2	)
(	896	,	8	,	2	)
(	897	,	9	,	2	)
(	898	,	10	,	2	)
(	899	,	11	,	2	)
(	900	,	12	,	2	)
(	901	,	13	,	2	)
(	902	,	14	,	2	)
(	903	,	15	,	2	)
(	904	,	16	,	2	)
(	905	,	17	,	2	)
(	906	,	18	,	2	)
(	907	,	19	,	2	)
(	908	,	20	,	2	)
(	909	,	21	,	2	)
(	910	,	22	,	2	)
(	911	,	23	,	2	)
(	912	,	24	,	2	)
(	913	,	1	,	4	)
(	914	,	2	,	4	)
(	915	,	3	,	4	)
(	916	,	4	,	4	)
(	917	,	5	,	4	)
(	918	,	6	,	4	)
(	919	,	7	,	4	)
(	920	,	8	,	4	)
(	921	,	9	,	4	)
(	922	,	10	,	4	)
(	923	,	11	,	4	)
(	924	,	12	,	4	)
(	925	,	13	,	4	)
(	926	,	14	,	4	)
(	927	,	15	,	4	)
(	928	,	16	,	4	)
(	929	,	17	,	4	)
(	930	,	18	,	4	)
(	931	,	19	,	4	)
(	932	,	20	,	4	)
(	933	,	21	,	4	)
(	934	,	22	,	4	)
(	935	,	23	,	4	)
(	936	,	24	,	4	)
(	937	,	1	,	14	)
(	938	,	2	,	14	)
(	939	,	3	,	14	)
(	940	,	4	,	14	)
(	941	,	5	,	14	)
(	942	,	6	,	14	)
(	943	,	7	,	14	)
(	944	,	8	,	14	)
(	945	,	9	,	14	)
(	946	,	10	,	14	)
(	947	,	11	,	14	)
(	948	,	12	,	14	)
(	949	,	13	,	14	)
(	950	,	14	,	14	)
(	951	,	15	,	14	)
(	952	,	16	,	14	)
(	953	,	17	,	14	)
(	954	,	18	,	14	)
(	955	,	19	,	14	)
(	956	,	20	,	14	)
(	957	,	21	,	14	)
(	958	,	22	,	14	)
(	959	,	23	,	14	)
(	960	,	24	,	14	)
(	961	,	1	,	1	)
(	962	,	2	,	1	)
(	963	,	3	,	1	)
(	964	,	4	,	1	)
(	965	,	5	,	1	)
(	966	,	6	,	1	)
(	967	,	7	,	1	)
(	968	,	8	,	1	)
(	969	,	9	,	1	)
(	970	,	10	,	1	)
(	971	,	11	,	1	)
(	972	,	12	,	1	)
(	973	,	13	,	1	)
(	974	,	14	,	1	)
(	975	,	15	,	1	)
(	976	,	16	,	1	)
(	977	,	17	,	1	)
(	978	,	18	,	1	)
(	979	,	19	,	1	)
(	980	,	20	,	1	)
(	981	,	21	,	1	)
(	982	,	22	,	1	)
(	983	,	23	,	1	)
(	984	,	24	,	1	)
(	985	,	1	,	1	)
(	986	,	2	,	1	)
(	987	,	3	,	1	)
(	988	,	4	,	1	)
(	989	,	5	,	1	)
(	990	,	6	,	1	)
(	991	,	7	,	1	)
(	992	,	8	,	1	)
(	993	,	9	,	1	)
(	994	,	10	,	1	)
(	995	,	11	,	1	)
(	996	,	12	,	1	)
(	997	,	13	,	1	)
(	998	,	14	,	1	)
(	999	,	15	,	1	)
(	1000	,	16	,	1	)
(	1001	,	17	,	1	)
(	1002	,	18	,	1	)
(	1003	,	19	,	1	)
(	1004	,	20	,	1	)
(	1005	,	21	,	1	)
(	1006	,	22	,	1	)
(	1007	,	23	,	1	)
(	1008	,	24	,	1	)
(	1009	,	1	,	4	)
(	1010	,	2	,	4	)
(	1011	,	3	,	4	)
(	1012	,	4	,	4	)
(	1013	,	5	,	4	)
(	1014	,	6	,	4	)
(	1015	,	7	,	4	)
(	1016	,	8	,	4	)
(	1017	,	9	,	4	)
(	1018	,	10	,	4	)
(	1019	,	11	,	4	)
(	1020	,	12	,	4	)
(	1021	,	13	,	4	)
(	1022	,	14	,	4	)
(	1023	,	15	,	4	)
(	1024	,	16	,	4	)
(	1025	,	17	,	4	)
(	1026	,	18	,	4	)
(	1027	,	19	,	4	)
(	1028	,	20	,	4	)
(	1029	,	21	,	4	)
(	1030	,	22	,	4	)
(	1031	,	23	,	4	)
(	1032	,	24	,	4	)
(	1033	,	1	,	2	)
(	1034	,	2	,	2	)
(	1035	,	3	,	2	)
(	1036	,	4	,	2	)
(	1037	,	5	,	2	)
(	1038	,	6	,	2	)
(	1039	,	7	,	2	)
(	1040	,	8	,	2	)
(	1041	,	9	,	2	)
(	1042	,	10	,	2	)
(	1043	,	11	,	2	)
(	1044	,	12	,	2	)
(	1045	,	13	,	2	)
(	1046	,	14	,	2	)
(	1047	,	15	,	2	)
(	1048	,	16	,	2	)
(	1049	,	17	,	2	)
(	1050	,	18	,	2	)
(	1051	,	19	,	2	)
(	1052	,	20	,	2	)
(	1053	,	21	,	2	)
(	1054	,	22	,	2	)
(	1055	,	23	,	2	)
(	1056	,	24	,	2	)
(	1057	,	1	,	2	)
(	1058	,	2	,	2	)
(	1059	,	3	,	2	)
(	1060	,	4	,	2	)
(	1061	,	5	,	2	)
(	1062	,	6	,	2	)
(	1063	,	7	,	2	)
(	1064	,	8	,	2	)
(	1065	,	9	,	2	)
(	1066	,	10	,	2	)
(	1067	,	11	,	2	)
(	1068	,	12	,	2	)
(	1069	,	13	,	2	)
(	1070	,	14	,	2	)
(	1071	,	15	,	2	)
(	1072	,	16	,	2	)
(	1073	,	17	,	2	)
(	1074	,	18	,	2	)
(	1075	,	19	,	2	)
(	1076	,	20	,	2	)
(	1077	,	21	,	2	)
(	1078	,	22	,	2	)
(	1079	,	23	,	2	)
(	1080	,	24	,	2	)
(	1081	,	1	,	6	)
(	1082	,	2	,	6	)
(	1083	,	3	,	6	)
(	1084	,	4	,	6	)
(	1085	,	5	,	6	)
(	1086	,	6	,	6	)
(	1087	,	7	,	6	)
(	1088	,	8	,	6	)
(	1089	,	9	,	6	)
(	1090	,	10	,	6	)
(	1091	,	11	,	6	)
(	1092	,	12	,	6	)
(	1093	,	13	,	6	)
(	1094	,	14	,	6	)
(	1095	,	15	,	6	)
(	1096	,	16	,	6	)
(	1097	,	17	,	6	)
(	1098	,	18	,	6	)
(	1099	,	19	,	6	)
(	1100	,	20	,	6	)
(	1101	,	21	,	6	)
(	1102	,	22	,	6	)
(	1103	,	23	,	6	)
(	1104	,	24	,	6	)
(	1105	,	1	,	3	)
(	1106	,	2	,	3	)
(	1107	,	3	,	3	)
(	1108	,	4	,	3	)
(	1109	,	5	,	3	)
(	1110	,	6	,	3	)
(	1111	,	7	,	3	)
(	1112	,	8	,	3	)
(	1113	,	9	,	3	)
(	1114	,	10	,	3	)
(	1115	,	11	,	3	)
(	1116	,	12	,	3	)
(	1117	,	13	,	3	)
(	1118	,	14	,	3	)
(	1119	,	15	,	3	)
(	1120	,	16	,	3	)
(	1121	,	17	,	3	)
(	1122	,	18	,	3	)
(	1123	,	19	,	3	)
(	1124	,	20	,	3	)
(	1125	,	21	,	3	)
(	1126	,	22	,	3	)
(	1127	,	23	,	3	)
(	1128	,	24	,	3	)
(	1129	,	1	,	4	)
(	1130	,	2	,	4	)
(	1131	,	3	,	4	)
(	1132	,	4	,	4	)
(	1133	,	5	,	4	)
(	1134	,	6	,	4	)
(	1135	,	7	,	4	)
(	1136	,	8	,	4	)
(	1137	,	9	,	4	)
(	1138	,	10	,	4	)
(	1139	,	11	,	4	)
(	1140	,	12	,	4	)
(	1141	,	13	,	4	)
(	1142	,	14	,	4	)
(	1143	,	15	,	4	)
(	1144	,	16	,	4	)
(	1145	,	17	,	4	)
(	1146	,	18	,	4	)
(	1147	,	19	,	4	)
(	1148	,	20	,	4	)
(	1149	,	21	,	4	)
(	1150	,	22	,	4	)
(	1151	,	23	,	4	)
(	1152	,	24	,	4	)
(	1153	,	1	,	2	)
(	1154	,	2	,	2	)
(	1155	,	3	,	2	)
(	1156	,	4	,	2	)
(	1157	,	5	,	2	)
(	1158	,	6	,	2	)
(	1159	,	7	,	2	)
(	1160	,	8	,	2	)
(	1161	,	9	,	2	)
(	1162	,	10	,	2	)
(	1163	,	11	,	2	)
(	1164	,	12	,	2	)
(	1165	,	13	,	2	)
(	1166	,	14	,	2	)
(	1167	,	15	,	2	)
(	1168	,	16	,	2	)
(	1169	,	17	,	2	)
(	1170	,	18	,	2	)
(	1171	,	19	,	2	)
(	1172	,	20	,	2	)
(	1173	,	21	,	2	)
(	1174	,	22	,	2	)
(	1175	,	23	,	2	)
(	1176	,	24	,	2	)
(	1177	,	1	,	4	)
(	1178	,	2	,	4	)
(	1179	,	3	,	4	)
(	1180	,	4	,	4	)
(	1181	,	5	,	4	)
(	1182	,	6	,	4	)
(	1183	,	7	,	4	)
(	1184	,	8	,	4	)
(	1185	,	9	,	4	)
(	1186	,	10	,	4	)
(	1187	,	11	,	4	)
(	1188	,	12	,	4	)
(	1189	,	13	,	4	)
(	1190	,	14	,	4	)
(	1191	,	15	,	4	)
(	1192	,	16	,	4	)
(	1193	,	17	,	4	)
(	1194	,	18	,	4	)
(	1195	,	19	,	4	)
(	1196	,	20	,	4	)
(	1197	,	21	,	4	)
(	1198	,	22	,	4	)
(	1199	,	23	,	4	)
(	1200	,	24	,	4	)
(	1201	,	1	,	2	)
(	1202	,	2	,	2	)
(	1203	,	3	,	2	)
(	1204	,	4	,	2	)
(	1205	,	5	,	2	)
(	1206	,	6	,	2	)
(	1207	,	7	,	2	)
(	1208	,	8	,	2	)
(	1209	,	9	,	2	)
(	1210	,	10	,	2	)
(	1211	,	11	,	2	)
(	1212	,	12	,	2	)
(	1213	,	13	,	2	)
(	1214	,	14	,	2	)
(	1215	,	15	,	2	)
(	1216	,	16	,	2	)
(	1217	,	17	,	2	)
(	1218	,	18	,	2	)
(	1219	,	19	,	2	)
(	1220	,	20	,	2	)
(	1221	,	21	,	2	)
(	1222	,	22	,	2	)
(	1223	,	23	,	2	)
(	1224	,	24	,	2	)
(	1225	,	1	,	2	)
(	1226	,	2	,	2	)
(	1227	,	3	,	2	)
(	1228	,	4	,	2	)
(	1229	,	5	,	2	)
(	1230	,	6	,	2	)
(	1231	,	7	,	2	)
(	1232	,	8	,	2	)
(	1233	,	9	,	2	)
(	1234	,	10	,	2	)
(	1235	,	11	,	2	)
(	1236	,	12	,	2	)
(	1237	,	13	,	2	)
(	1238	,	14	,	2	)
(	1239	,	15	,	2	)
(	1240	,	16	,	2	)
(	1241	,	17	,	2	)
(	1242	,	18	,	2	)
(	1243	,	19	,	2	)
(	1244	,	20	,	2	)
(	1245	,	21	,	2	)
(	1246	,	22	,	2	)
(	1247	,	23	,	2	)
(	1248	,	24	,	2	)
(	1249	,	1	,	4	)
(	1250	,	2	,	4	)
(	1251	,	3	,	4	)
(	1252	,	4	,	4	)
(	1253	,	5	,	4	)
(	1254	,	6	,	4	)
(	1255	,	7	,	4	)
(	1256	,	8	,	4	)
(	1257	,	9	,	4	)
(	1258	,	10	,	4	)
(	1259	,	11	,	4	)
(	1260	,	12	,	4	)
(	1261	,	13	,	4	)
(	1262	,	14	,	4	)
(	1263	,	15	,	4	)
(	1264	,	16	,	4	)
(	1265	,	17	,	4	)
(	1266	,	18	,	4	)
(	1267	,	19	,	4	)
(	1268	,	20	,	4	)
(	1269	,	21	,	4	)
(	1270	,	22	,	4	)
(	1271	,	23	,	4	)
(	1272	,	24	,	4	)
(	1273	,	1	,	3	)
(	1274	,	2	,	3	)
(	1275	,	3	,	3	)
(	1276	,	4	,	3	)
(	1277	,	5	,	3	)
(	1278	,	6	,	3	)
(	1279	,	7	,	3	)
(	1280	,	8	,	3	)
(	1281	,	9	,	3	)
(	1282	,	10	,	3	)
(	1283	,	11	,	3	)
(	1284	,	12	,	3	)
(	1285	,	13	,	3	)
(	1286	,	14	,	3	)
(	1287	,	15	,	3	)
(	1288	,	16	,	3	)
(	1289	,	17	,	3	)
(	1290	,	18	,	3	)
(	1291	,	19	,	3	)
(	1292	,	20	,	3	)
(	1293	,	21	,	3	)
(	1294	,	22	,	3	)
(	1295	,	23	,	3	)
(	1296	,	24	,	3	)
(	1297	,	1	,	2	)
(	1298	,	2	,	2	)
(	1299	,	3	,	2	)
(	1300	,	4	,	2	)
(	1301	,	5	,	2	)
(	1302	,	6	,	2	)
(	1303	,	7	,	2	)
(	1304	,	8	,	2	)
(	1305	,	9	,	2	)
(	1306	,	10	,	2	)
(	1307	,	11	,	2	)
(	1308	,	12	,	2	)
(	1309	,	13	,	2	)
(	1310	,	14	,	2	)
(	1311	,	15	,	2	)
(	1312	,	16	,	2	)
(	1313	,	17	,	2	)
(	1314	,	18	,	2	)
(	1315	,	19	,	2	)
(	1316	,	20	,	2	)
(	1317	,	21	,	2	)
(	1318	,	22	,	2	)
(	1319	,	23	,	2	)
(	1320	,	24	,	2	)
(	1321	,	1	,	2	)
(	1322	,	2	,	2	)
(	1323	,	3	,	2	)
(	1324	,	4	,	2	)
(	1325	,	5	,	2	)
(	1326	,	6	,	2	)
(	1327	,	7	,	2	)
(	1328	,	8	,	2	)
(	1329	,	9	,	2	)
(	1330	,	10	,	2	)
(	1331	,	11	,	2	)
(	1332	,	12	,	2	)
(	1333	,	13	,	2	)
(	1334	,	14	,	2	)
(	1335	,	15	,	2	)
(	1336	,	16	,	2	)
(	1337	,	17	,	2	)
(	1338	,	18	,	2	)
(	1339	,	19	,	2	)
(	1340	,	20	,	2	)
(	1341	,	21	,	2	)
(	1342	,	22	,	2	)
(	1343	,	23	,	2	)
(	1344	,	24	,	2	)
(	1345	,	1	,	1	)
(	1346	,	2	,	1	)
(	1347	,	3	,	1	)
(	1348	,	4	,	1	)
(	1349	,	5	,	1	)
(	1350	,	6	,	1	)
(	1351	,	7	,	1	)
(	1352	,	8	,	1	)
(	1353	,	9	,	1	)
(	1354	,	10	,	1	)
(	1355	,	11	,	1	)
(	1356	,	12	,	1	)
(	1357	,	13	,	1	)
(	1358	,	14	,	1	)
(	1359	,	15	,	1	)
(	1360	,	16	,	1	)
(	1361	,	17	,	1	)
(	1362	,	18	,	1	)
(	1363	,	19	,	1	)
(	1364	,	20	,	1	)
(	1365	,	21	,	1	)
(	1366	,	22	,	1	)
(	1367	,	23	,	1	)
(	1368	,	24	,	1	)
(	1369	,	1	,	1	)
(	1370	,	2	,	1	)
(	1371	,	3	,	1	)
(	1372	,	4	,	1	)
(	1373	,	5	,	1	)
(	1374	,	6	,	1	)
(	1375	,	7	,	1	)
(	1376	,	8	,	1	)
(	1377	,	9	,	1	)
(	1378	,	10	,	1	)
(	1379	,	11	,	1	)
(	1380	,	12	,	1	)
(	1381	,	13	,	1	)
(	1382	,	14	,	1	)
(	1383	,	15	,	1	)
(	1384	,	16	,	1	)
(	1385	,	17	,	1	)
(	1386	,	18	,	1	)
(	1387	,	19	,	1	)
(	1388	,	20	,	1	)
(	1389	,	21	,	1	)
(	1390	,	22	,	1	)
(	1391	,	23	,	1	)
(	1392	,	24	,	1	)
(	1393	,	1	,	1	)
(	1394	,	2	,	1	)
(	1395	,	3	,	1	)
(	1396	,	4	,	1	)
(	1397	,	5	,	1	)
(	1398	,	6	,	1	)
(	1399	,	7	,	1	)
(	1400	,	8	,	1	)
(	1401	,	9	,	1	)
(	1402	,	10	,	1	)
(	1403	,	11	,	1	)
(	1404	,	12	,	1	)
(	1405	,	13	,	1	)
(	1406	,	14	,	1	)
(	1407	,	15	,	1	)
(	1408	,	16	,	1	)
(	1409	,	17	,	1	)
(	1410	,	18	,	1	)
(	1411	,	19	,	1	)
(	1412	,	20	,	1	)
(	1413	,	21	,	1	)
(	1414	,	22	,	1	)
(	1415	,	23	,	1	)
(	1416	,	24	,	1	)
(	1417	,	1	,	3	)
(	1418	,	2	,	3	)
(	1419	,	3	,	3	)
(	1420	,	4	,	3	)
(	1421	,	5	,	3	)
(	1422	,	6	,	3	)
(	1423	,	7	,	3	)
(	1424	,	8	,	3	)
(	1425	,	9	,	3	)
(	1426	,	10	,	3	)
(	1427	,	11	,	3	)
(	1428	,	12	,	3	)
(	1429	,	13	,	3	)
(	1430	,	14	,	3	)
(	1431	,	15	,	3	)
(	1432	,	16	,	3	)
(	1433	,	17	,	3	)
(	1434	,	18	,	3	)
(	1435	,	19	,	3	)
(	1436	,	20	,	3	)
(	1437	,	21	,	3	)
(	1438	,	22	,	3	)
(	1439	,	23	,	3	)
(	1440	,	24	,	3	)
(	1441	,	1	,	6	)
(	1442	,	2	,	6	)
(	1443	,	3	,	6	)
(	1444	,	4	,	6	)
(	1445	,	5	,	6	)
(	1446	,	6	,	6	)
(	1447	,	7	,	6	)
(	1448	,	8	,	6	)
(	1449	,	9	,	6	)
(	1450	,	10	,	6	)
(	1451	,	11	,	6	)
(	1452	,	12	,	6	)
(	1453	,	13	,	6	)
(	1454	,	14	,	6	)
(	1455	,	15	,	6	)
(	1456	,	16	,	6	)
(	1457	,	17	,	6	)
(	1458	,	18	,	6	)
(	1459	,	19	,	6	)
(	1460	,	20	,	6	)
(	1461	,	21	,	6	)
(	1462	,	22	,	6	)
(	1463	,	23	,	6	)
(	1464	,	24	,	6	)
(	1465	,	1	,	13	)
(	1466	,	2	,	13	)
(	1467	,	3	,	13	)
(	1468	,	4	,	13	)
(	1469	,	5	,	13	)
(	1470	,	6	,	13	)
(	1471	,	7	,	13	)
(	1472	,	8	,	13	)
(	1473	,	9	,	13	)
(	1474	,	10	,	13	)
(	1475	,	11	,	13	)
(	1476	,	12	,	13	)
(	1477	,	13	,	13	)
(	1478	,	14	,	13	)
(	1479	,	15	,	13	)
(	1480	,	16	,	13	)
(	1481	,	17	,	13	)
(	1482	,	18	,	13	)
(	1483	,	19	,	13	)
(	1484	,	20	,	13	)
(	1485	,	21	,	13	)
(	1486	,	22	,	13	)
(	1487	,	23	,	13	)
(	1488	,	24	,	13	)
(	1489	,	1	,	4	)
(	1490	,	2	,	4	)
(	1491	,	3	,	4	)
(	1492	,	4	,	4	)
(	1493	,	5	,	4	)
(	1494	,	6	,	4	)
(	1495	,	7	,	4	)
(	1496	,	8	,	4	)
(	1497	,	9	,	4	)
(	1498	,	10	,	4	)
(	1499	,	11	,	4	)
(	1500	,	12	,	4	)
(	1501	,	13	,	4	)
(	1502	,	14	,	4	)
(	1503	,	15	,	4	)
(	1504	,	16	,	4	)
(	1505	,	17	,	4	)
(	1506	,	18	,	4	)
(	1507	,	19	,	4	)
(	1508	,	20	,	4	)
(	1509	,	21	,	4	)
(	1510	,	22	,	4	)
(	1511	,	23	,	4	)
(	1512	,	24	,	4	)
(	1513	,	1	,	1	)
(	1514	,	2	,	1	)
(	1515	,	3	,	1	)
(	1516	,	4	,	1	)
(	1517	,	5	,	1	)
(	1518	,	6	,	1	)
(	1519	,	7	,	1	)
(	1520	,	8	,	1	)
(	1521	,	9	,	1	)
(	1522	,	10	,	1	)
(	1523	,	11	,	1	)
(	1524	,	12	,	1	)
(	1525	,	13	,	1	)
(	1526	,	14	,	1	)
(	1527	,	15	,	1	)
(	1528	,	16	,	1	)
(	1529	,	17	,	1	)
(	1530	,	18	,	1	)
(	1531	,	19	,	1	)
(	1532	,	20	,	1	)
(	1533	,	21	,	1	)
(	1534	,	22	,	1	)
(	1535	,	23	,	1	)
(	1536	,	24	,	1	)
(	1537	,	1	,	1	)
(	1538	,	2	,	1	)
(	1539	,	3	,	1	)
(	1540	,	4	,	1	)
(	1541	,	5	,	1	)
(	1542	,	6	,	1	)
(	1543	,	7	,	1	)
(	1544	,	8	,	1	)
(	1545	,	9	,	1	)
(	1546	,	10	,	1	)
(	1547	,	11	,	1	)
(	1548	,	12	,	1	)
(	1549	,	13	,	1	)
(	1550	,	14	,	1	)
(	1551	,	15	,	1	)
(	1552	,	16	,	1	)
(	1553	,	17	,	1	)
(	1554	,	18	,	1	)
(	1555	,	19	,	1	)
(	1556	,	20	,	1	)
(	1557	,	21	,	1	)
(	1558	,	22	,	1	)
(	1559	,	23	,	1	)
(	1560	,	24	,	1	)
(	1561	,	1	,	14	)
(	1562	,	2	,	14	)
(	1563	,	3	,	14	)
(	1564	,	4	,	14	)
(	1565	,	5	,	14	)
(	1566	,	6	,	14	)
(	1567	,	7	,	14	)
(	1568	,	8	,	14	)
(	1569	,	9	,	14	)
(	1570	,	10	,	14	)
(	1571	,	11	,	14	)
(	1572	,	12	,	14	)
(	1573	,	13	,	14	)
(	1574	,	14	,	14	)
(	1575	,	15	,	14	)
(	1576	,	16	,	14	)
(	1577	,	17	,	14	)
(	1578	,	18	,	14	)
(	1579	,	19	,	14	)
(	1580	,	20	,	14	)
(	1581	,	21	,	14	)
(	1582	,	22	,	14	)
(	1583	,	23	,	14	)
(	1584	,	24	,	14	)
(	1585	,	1	,	3	)
(	1586	,	2	,	3	)
(	1587	,	3	,	3	)
(	1588	,	4	,	3	)
(	1589	,	5	,	3	)
(	1590	,	6	,	3	)
(	1591	,	7	,	3	)
(	1592	,	8	,	3	)
(	1593	,	9	,	3	)
(	1594	,	10	,	3	)
(	1595	,	11	,	3	)
(	1596	,	12	,	3	)
(	1597	,	13	,	3	)
(	1598	,	14	,	3	)
(	1599	,	15	,	3	)
(	1600	,	16	,	3	)
(	1601	,	17	,	3	)
(	1602	,	18	,	3	)
(	1603	,	19	,	3	)
(	1604	,	20	,	3	)
(	1605	,	21	,	3	)
(	1606	,	22	,	3	)
(	1607	,	23	,	3	)
(	1608	,	24	,	3	)
(	1609	,	1	,	3	)
(	1610	,	2	,	3	)
(	1611	,	3	,	3	)
(	1612	,	4	,	3	)
(	1613	,	5	,	3	)
(	1614	,	6	,	3	)
(	1615	,	7	,	3	)
(	1616	,	8	,	3	)
(	1617	,	9	,	3	)
(	1618	,	10	,	3	)
(	1619	,	11	,	3	)
(	1620	,	12	,	3	)
(	1621	,	13	,	3	)
(	1622	,	14	,	3	)
(	1623	,	15	,	3	)
(	1624	,	16	,	3	)
(	1625	,	17	,	3	)
(	1626	,	18	,	3	)
(	1627	,	19	,	3	)
(	1628	,	20	,	3	)
(	1629	,	21	,	3	)
(	1630	,	22	,	3	)
(	1631	,	23	,	3	)
(	1632	,	24	,	3	)
(	1633	,	1	,	4	)
(	1634	,	2	,	4	)
(	1635	,	3	,	4	)
(	1636	,	4	,	4	)
(	1637	,	5	,	4	)
(	1638	,	6	,	4	)
(	1639	,	7	,	4	)
(	1640	,	8	,	4	)
(	1641	,	9	,	4	)
(	1642	,	10	,	4	)
(	1643	,	11	,	4	)
(	1644	,	12	,	4	)
(	1645	,	13	,	4	)
(	1646	,	14	,	4	)
(	1647	,	15	,	4	)
(	1648	,	16	,	4	)
(	1649	,	17	,	4	)
(	1650	,	18	,	4	)
(	1651	,	19	,	4	)
(	1652	,	20	,	4	)
(	1653	,	21	,	4	)
(	1654	,	22	,	4	)
(	1655	,	23	,	4	)
(	1656	,	24	,	4	)
(	1657	,	1	,	1	)
(	1658	,	2	,	1	)
(	1659	,	3	,	1	)
(	1660	,	4	,	1	)
(	1661	,	5	,	1	)
(	1662	,	6	,	1	)
(	1663	,	7	,	1	)
(	1664	,	8	,	1	)
(	1665	,	9	,	1	)
(	1666	,	10	,	1	)
(	1667	,	11	,	1	)
(	1668	,	12	,	1	)
(	1669	,	13	,	1	)
(	1670	,	14	,	1	)
(	1671	,	15	,	1	)
(	1672	,	16	,	1	)
(	1673	,	17	,	1	)
(	1674	,	18	,	1	)
(	1675	,	19	,	1	)
(	1676	,	20	,	1	)
(	1677	,	21	,	1	)
(	1678	,	22	,	1	)
(	1679	,	23	,	1	)
(	1680	,	24	,	1	)
(	1681	,	1	,	2	)
(	1682	,	2	,	2	)
(	1683	,	3	,	2	)
(	1684	,	4	,	2	)
(	1685	,	5	,	2	)
(	1686	,	6	,	2	)
(	1687	,	7	,	2	)
(	1688	,	8	,	2	)
(	1689	,	9	,	2	)
(	1690	,	10	,	2	)
(	1691	,	11	,	2	)
(	1692	,	12	,	2	)
(	1693	,	13	,	2	)
(	1694	,	14	,	2	)
(	1695	,	15	,	2	)
(	1696	,	16	,	2	)
(	1697	,	17	,	2	)
(	1698	,	18	,	2	)
(	1699	,	19	,	2	)
(	1700	,	20	,	2	)
(	1701	,	21	,	2	)
(	1702	,	22	,	2	)
(	1703	,	23	,	2	)
(	1704	,	24	,	2	)
(	1705	,	1	,	4	)
(	1706	,	2	,	4	)
(	1707	,	3	,	4	)
(	1708	,	4	,	4	)
(	1709	,	5	,	4	)
(	1710	,	6	,	4	)
(	1711	,	7	,	4	)
(	1712	,	8	,	4	)
(	1713	,	9	,	4	)
(	1714	,	10	,	4	)
(	1715	,	11	,	4	)
(	1716	,	12	,	4	)
(	1717	,	13	,	4	)
(	1718	,	14	,	4	)
(	1719	,	15	,	4	)
(	1720	,	16	,	4	)
(	1721	,	17	,	4	)
(	1722	,	18	,	4	)
(	1723	,	19	,	4	)
(	1724	,	20	,	4	)
(	1725	,	21	,	4	)
(	1726	,	22	,	4	)
(	1727	,	23	,	4	)
(	1728	,	24	,	4	)
(	1729	,	1	,	2	)
(	1730	,	2	,	2	)
(	1731	,	3	,	2	)
(	1732	,	4	,	2	)
(	1733	,	5	,	2	)
(	1734	,	6	,	2	)
(	1735	,	7	,	2	)
(	1736	,	8	,	2	)
(	1737	,	9	,	2	)
(	1738	,	10	,	2	)
(	1739	,	11	,	2	)
(	1740	,	12	,	2	)
(	1741	,	13	,	2	)
(	1742	,	14	,	2	)
(	1743	,	15	,	2	)
(	1744	,	16	,	2	)
(	1745	,	17	,	2	)
(	1746	,	18	,	2	)
(	1747	,	19	,	2	)
(	1748	,	20	,	2	)
(	1749	,	21	,	2	)
(	1750	,	22	,	2	)
(	1751	,	23	,	2	)
(	1752	,	24	,	2	)
(	1753	,	1	,	6	)
(	1754	,	2	,	6	)
(	1755	,	3	,	6	)
(	1756	,	4	,	6	)
(	1757	,	5	,	6	)
(	1758	,	6	,	6	)
(	1759	,	7	,	6	)
(	1760	,	8	,	6	)
(	1761	,	9	,	6	)
(	1762	,	10	,	6	)
(	1763	,	11	,	6	)
(	1764	,	12	,	6	)
(	1765	,	13	,	6	)
(	1766	,	14	,	6	)
(	1767	,	15	,	6	)
(	1768	,	16	,	6	)
(	1769	,	17	,	6	)
(	1770	,	18	,	6	)
(	1771	,	19	,	6	)
(	1772	,	20	,	6	)
(	1773	,	21	,	6	)
(	1774	,	22	,	6	)
(	1775	,	23	,	6	)
(	1776	,	24	,	6	)
(	1777	,	1	,	3	)
(	1778	,	2	,	3	)
(	1779	,	3	,	3	)
(	1780	,	4	,	3	)
(	1781	,	5	,	3	)
(	1782	,	6	,	3	)
(	1783	,	7	,	3	)
(	1784	,	8	,	3	)
(	1785	,	9	,	3	)
(	1786	,	10	,	3	)
(	1787	,	11	,	3	)
(	1788	,	12	,	3	)
(	1789	,	13	,	3	)
(	1790	,	14	,	3	)
(	1791	,	15	,	3	)
(	1792	,	16	,	3	)
(	1793	,	17	,	3	)
(	1794	,	18	,	3	)
(	1795	,	19	,	3	)
(	1796	,	20	,	3	)
(	1797	,	21	,	3	)
(	1798	,	22	,	3	)
(	1799	,	23	,	3	)
(	1800	,	24	,	3	)
(	1801	,	1	,	4	)
(	1802	,	2	,	4	)
(	1803	,	3	,	4	)
(	1804	,	4	,	4	)
(	1805	,	5	,	4	)
(	1806	,	6	,	4	)
(	1807	,	7	,	4	)
(	1808	,	8	,	4	)
(	1809	,	9	,	4	)
(	1810	,	10	,	4	)
(	1811	,	11	,	4	)
(	1812	,	12	,	4	)
(	1813	,	13	,	4	)
(	1814	,	14	,	4	)
(	1815	,	15	,	4	)
(	1816	,	16	,	4	)
(	1817	,	17	,	4	)
(	1818	,	18	,	4	)
(	1819	,	19	,	4	)
(	1820	,	20	,	4	)
(	1821	,	21	,	4	)
(	1822	,	22	,	4	)
(	1823	,	23	,	4	)
(	1824	,	24	,	4	)
(	1825	,	1	,	13	)
(	1826	,	2	,	13	)
(	1827	,	3	,	13	)
(	1828	,	4	,	13	)
(	1829	,	5	,	13	)
(	1830	,	6	,	13	)
(	1831	,	7	,	13	)
(	1832	,	8	,	13	)
(	1833	,	9	,	13	)
(	1834	,	10	,	13	)
(	1835	,	11	,	13	)
(	1836	,	12	,	13	)
(	1837	,	13	,	13	)
(	1838	,	14	,	13	)
(	1839	,	15	,	13	)
(	1840	,	16	,	13	)
(	1841	,	17	,	13	)
(	1842	,	18	,	13	)
(	1843	,	19	,	13	)
(	1844	,	20	,	13	)
(	1845	,	21	,	13	)
(	1846	,	22	,	13	)
(	1847	,	23	,	13	)
(	1848	,	24	,	13	)
(	1849	,	1	,	1	)
(	1850	,	2	,	1	)
(	1851	,	3	,	1	)
(	1852	,	4	,	1	)
(	1853	,	5	,	1	)
(	1854	,	6	,	1	)
(	1855	,	7	,	1	)
(	1856	,	8	,	1	)
(	1857	,	9	,	1	)
(	1858	,	10	,	1	)
(	1859	,	11	,	1	)
(	1860	,	12	,	1	)
(	1861	,	13	,	1	)
(	1862	,	14	,	1	)
(	1863	,	15	,	1	)
(	1864	,	16	,	1	)
(	1865	,	17	,	1	)
(	1866	,	18	,	1	)
(	1867	,	19	,	1	)
(	1868	,	20	,	1	)
(	1869	,	21	,	1	)
(	1870	,	22	,	1	)
(	1871	,	23	,	1	)
(	1872	,	24	,	1	)
(	1873	,	1	,	1	)
(	1874	,	2	,	1	)
(	1875	,	3	,	1	)
(	1876	,	4	,	1	)
(	1877	,	5	,	1	)
(	1878	,	6	,	1	)
(	1879	,	7	,	1	)
(	1880	,	8	,	1	)
(	1881	,	9	,	1	)
(	1882	,	10	,	1	)
(	1883	,	11	,	1	)
(	1884	,	12	,	1	)
(	1885	,	13	,	1	)
(	1886	,	14	,	1	)
(	1887	,	15	,	1	)
(	1888	,	16	,	1	)
(	1889	,	17	,	1	)
(	1890	,	18	,	1	)
(	1891	,	19	,	1	)
(	1892	,	20	,	1	)
(	1893	,	21	,	1	)
(	1894	,	22	,	1	)
(	1895	,	23	,	1	)
(	1896	,	24	,	1	)
(	1897	,	1	,	2	)
(	1898	,	2	,	2	)
(	1899	,	3	,	2	)
(	1900	,	4	,	2	)
(	1901	,	5	,	2	)
(	1902	,	6	,	2	)
(	1903	,	7	,	2	)
(	1904	,	8	,	2	)
(	1905	,	9	,	2	)
(	1906	,	10	,	2	)
(	1907	,	11	,	2	)
(	1908	,	12	,	2	)
(	1909	,	13	,	2	)
(	1910	,	14	,	2	)
(	1911	,	15	,	2	)
(	1912	,	16	,	2	)
(	1913	,	17	,	2	)
(	1914	,	18	,	2	)
(	1915	,	19	,	2	)
(	1916	,	20	,	2	)
(	1917	,	21	,	2	)
(	1918	,	22	,	2	)
(	1919	,	23	,	2	)
(	1920	,	24	,	2	)
(	1921	,	1	,	13	)
(	1922	,	2	,	13	)
(	1923	,	3	,	13	)
(	1924	,	4	,	13	)
(	1925	,	5	,	13	)
(	1926	,	6	,	13	)
(	1927	,	7	,	13	)
(	1928	,	8	,	13	)
(	1929	,	9	,	13	)
(	1930	,	10	,	13	)
(	1931	,	11	,	13	)
(	1932	,	12	,	13	)
(	1933	,	13	,	13	)
(	1934	,	14	,	13	)
(	1935	,	15	,	13	)
(	1936	,	16	,	13	)
(	1937	,	17	,	13	)
(	1938	,	18	,	13	)
(	1939	,	19	,	13	)
(	1940	,	20	,	13	)
(	1941	,	21	,	13	)
(	1942	,	22	,	13	)
(	1943	,	23	,	13	)
(	1944	,	24	,	13	)
(	1945	,	1	,	7	)
(	1946	,	2	,	7	)
(	1947	,	3	,	7	)
(	1948	,	4	,	7	)
(	1949	,	5	,	7	)
(	1950	,	6	,	7	)
(	1951	,	7	,	7	)
(	1952	,	8	,	7	)
(	1953	,	9	,	7	)
(	1954	,	10	,	7	)
(	1955	,	11	,	7	)
(	1956	,	12	,	7	)
(	1957	,	13	,	7	)
(	1958	,	14	,	7	)
(	1959	,	15	,	7	)
(	1960	,	16	,	7	)
(	1961	,	17	,	7	)
(	1962	,	18	,	7	)
(	1963	,	19	,	7	)
(	1964	,	20	,	7	)
(	1965	,	21	,	7	)
(	1966	,	22	,	7	)
(	1967	,	23	,	7	)
(	1968	,	24	,	7	)
(	1969	,	1	,	1	)
(	1970	,	2	,	1	)
(	1971	,	3	,	1	)
(	1972	,	4	,	1	)
(	1973	,	5	,	1	)
(	1974	,	6	,	1	)
(	1975	,	7	,	1	)
(	1976	,	8	,	1	)
(	1977	,	9	,	1	)
(	1978	,	10	,	1	)
(	1979	,	11	,	1	)
(	1980	,	12	,	1	)
(	1981	,	13	,	1	)
(	1982	,	14	,	1	)
(	1983	,	15	,	1	)
(	1984	,	16	,	1	)
(	1985	,	17	,	1	)
(	1986	,	18	,	1	)
(	1987	,	19	,	1	)
(	1988	,	20	,	1	)
(	1989	,	21	,	1	)
(	1990	,	22	,	1	)
(	1991	,	23	,	1	)
(	1992	,	24	,	1	)
(	1993	,	1	,	13	)
(	1994	,	2	,	13	)
(	1995	,	3	,	13	)
(	1996	,	4	,	13	)
(	1997	,	5	,	13	)
(	1998	,	6	,	13	)
(	1999	,	7	,	13	)
(	2000	,	8	,	13	)
(	2001	,	9	,	13	)
(	2002	,	10	,	13	)
(	2003	,	11	,	13	)
(	2004	,	12	,	13	)
(	2005	,	13	,	13	)
(	2006	,	14	,	13	)
(	2007	,	15	,	13	)
(	2008	,	16	,	13	)
(	2009	,	17	,	13	)
(	2010	,	18	,	13	)
(	2011	,	19	,	13	)
(	2012	,	20	,	13	)
(	2013	,	21	,	13	)
(	2014	,	22	,	13	)
(	2015	,	23	,	13	)
(	2016	,	24	,	13	)
(	2017	,	1	,	1	)
(	2018	,	2	,	1	)
(	2019	,	3	,	1	)
(	2020	,	4	,	1	)
(	2021	,	5	,	1	)
(	2022	,	6	,	1	)
(	2023	,	7	,	1	)
(	2024	,	8	,	1	)
(	2025	,	9	,	1	)
(	2026	,	10	,	1	)
(	2027	,	11	,	1	)
(	2028	,	12	,	1	)
(	2029	,	13	,	1	)
(	2030	,	14	,	1	)
(	2031	,	15	,	1	)
(	2032	,	16	,	1	)
(	2033	,	17	,	1	)
(	2034	,	18	,	1	)
(	2035	,	19	,	1	)
(	2036	,	20	,	1	)
(	2037	,	21	,	1	)
(	2038	,	22	,	1	)
(	2039	,	23	,	1	)
(	2040	,	24	,	1	)
(	2041	,	1	,	1	)
(	2042	,	2	,	1	)
(	2043	,	3	,	1	)
(	2044	,	4	,	1	)
(	2045	,	5	,	1	)
(	2046	,	6	,	1	)
(	2047	,	7	,	1	)
(	2048	,	8	,	1	)
(	2049	,	9	,	1	)
(	2050	,	10	,	1	)
(	2051	,	11	,	1	)
(	2052	,	12	,	1	)
(	2053	,	13	,	1	)
(	2054	,	14	,	1	)
(	2055	,	15	,	1	)
(	2056	,	16	,	1	)
(	2057	,	17	,	1	)
(	2058	,	18	,	1	)
(	2059	,	19	,	1	)
(	2060	,	20	,	1	)
(	2061	,	21	,	1	)
(	2062	,	22	,	1	)
(	2063	,	23	,	1	)
(	2064	,	24	,	1	)
(	2065	,	1	,	5	)
(	2066	,	2	,	5	)
(	2067	,	3	,	5	)
(	2068	,	4	,	5	)
(	2069	,	5	,	5	)
(	2070	,	6	,	5	)
(	2071	,	7	,	5	)
(	2072	,	8	,	5	)
(	2073	,	9	,	5	)
(	2074	,	10	,	5	)
(	2075	,	11	,	5	)
(	2076	,	12	,	5	)
(	2077	,	13	,	5	)
(	2078	,	14	,	5	)
(	2079	,	15	,	5	)
(	2080	,	16	,	5	)
(	2081	,	17	,	5	)
(	2082	,	18	,	5	)
(	2083	,	19	,	5	)
(	2084	,	20	,	5	)
(	2085	,	21	,	5	)
(	2086	,	22	,	5	)
(	2087	,	23	,	5	)
(	2088	,	24	,	5	)
(	2089	,	1	,	6	)
(	2090	,	2	,	6	)
(	2091	,	3	,	6	)
(	2092	,	4	,	6	)
(	2093	,	5	,	6	)
(	2094	,	6	,	6	)
(	2095	,	7	,	6	)
(	2096	,	8	,	6	)
(	2097	,	9	,	6	)
(	2098	,	10	,	6	)
(	2099	,	11	,	6	)
(	2100	,	12	,	6	)
(	2101	,	13	,	6	)
(	2102	,	14	,	6	)
(	2103	,	15	,	6	)
(	2104	,	16	,	6	)
(	2105	,	17	,	6	)
(	2106	,	18	,	6	)
(	2107	,	19	,	6	)
(	2108	,	20	,	6	)
(	2109	,	21	,	6	)
(	2110	,	22	,	6	)
(	2111	,	23	,	6	)
(	2112	,	24	,	6	)
(	2113	,	1	,	3	)
(	2114	,	2	,	3	)
(	2115	,	3	,	3	)
(	2116	,	4	,	3	)
(	2117	,	5	,	3	)
(	2118	,	6	,	3	)
(	2119	,	7	,	3	)
(	2120	,	8	,	3	)
(	2121	,	9	,	3	)
(	2122	,	10	,	3	)
(	2123	,	11	,	3	)
(	2124	,	12	,	3	)
(	2125	,	13	,	3	)
(	2126	,	14	,	3	)
(	2127	,	15	,	3	)
(	2128	,	16	,	3	)
(	2129	,	17	,	3	)
(	2130	,	18	,	3	)
(	2131	,	19	,	3	)
(	2132	,	20	,	3	)
(	2133	,	21	,	3	)
(	2134	,	22	,	3	)
(	2135	,	23	,	3	)
(	2136	,	24	,	3	)
(	2137	,	1	,	2	)
(	2138	,	2	,	2	)
(	2139	,	3	,	2	)
(	2140	,	4	,	2	)
(	2141	,	5	,	2	)
(	2142	,	6	,	2	)
(	2143	,	7	,	2	)
(	2144	,	8	,	2	)
(	2145	,	9	,	2	)
(	2146	,	10	,	2	)
(	2147	,	11	,	2	)
(	2148	,	12	,	2	)
(	2149	,	13	,	2	)
(	2150	,	14	,	2	)
(	2151	,	15	,	2	)
(	2152	,	16	,	2	)
(	2153	,	17	,	2	)
(	2154	,	18	,	2	)
(	2155	,	19	,	2	)
(	2156	,	20	,	2	)
(	2157	,	21	,	2	)
(	2158	,	22	,	2	)
(	2159	,	23	,	2	)
(	2160	,	24	,	2	)
(	2161	,	1	,	14	)
(	2162	,	2	,	14	)
(	2163	,	3	,	14	)
(	2164	,	4	,	14	)
(	2165	,	5	,	14	)
(	2166	,	6	,	14	)
(	2167	,	7	,	14	)
(	2168	,	8	,	14	)
(	2169	,	9	,	14	)
(	2170	,	10	,	14	)
(	2171	,	11	,	14	)
(	2172	,	12	,	14	)
(	2173	,	13	,	14	)
(	2174	,	14	,	14	)
(	2175	,	15	,	14	)
(	2176	,	16	,	14	)
(	2177	,	17	,	14	)
(	2178	,	18	,	14	)
(	2179	,	19	,	14	)
(	2180	,	20	,	14	)
(	2181	,	21	,	14	)
(	2182	,	22	,	14	)
(	2183	,	23	,	14	)
(	2184	,	24	,	14	)
(	2185	,	1	,	1	)
(	2186	,	2	,	1	)
(	2187	,	3	,	1	)
(	2188	,	4	,	1	)
(	2189	,	5	,	1	)
(	2190	,	6	,	1	)
(	2191	,	7	,	1	)
(	2192	,	8	,	1	)
(	2193	,	9	,	1	)
(	2194	,	10	,	1	)
(	2195	,	11	,	1	)
(	2196	,	12	,	1	)
(	2197	,	13	,	1	)
(	2198	,	14	,	1	)
(	2199	,	15	,	1	)
(	2200	,	16	,	1	)
(	2201	,	17	,	1	)
(	2202	,	18	,	1	)
(	2203	,	19	,	1	)
(	2204	,	20	,	1	)
(	2205	,	21	,	1	)
(	2206	,	22	,	1	)
(	2207	,	23	,	1	)
(	2208	,	24	,	1	)
(	2209	,	1	,	5	)
(	2210	,	2	,	5	)
(	2211	,	3	,	5	)
(	2212	,	4	,	5	)
(	2213	,	5	,	5	)
(	2214	,	6	,	5	)
(	2215	,	7	,	5	)
(	2216	,	8	,	5	)
(	2217	,	9	,	5	)
(	2218	,	10	,	5	)
(	2219	,	11	,	5	)
(	2220	,	12	,	5	)
(	2221	,	13	,	5	)
(	2222	,	14	,	5	)
(	2223	,	15	,	5	)
(	2224	,	16	,	5	)
(	2225	,	17	,	5	)
(	2226	,	18	,	5	)
(	2227	,	19	,	5	)
(	2228	,	20	,	5	)
(	2229	,	21	,	5	)
(	2230	,	22	,	5	)
(	2231	,	23	,	5	)
(	2232	,	24	,	5	)
(	2233	,	1	,	14	)
(	2234	,	2	,	14	)
(	2235	,	3	,	14	)
(	2236	,	4	,	14	)
(	2237	,	5	,	14	)
(	2238	,	6	,	14	)
(	2239	,	7	,	14	)
(	2240	,	8	,	14	)
(	2241	,	9	,	14	)
(	2242	,	10	,	14	)
(	2243	,	11	,	14	)
(	2244	,	12	,	14	)
(	2245	,	13	,	14	)
(	2246	,	14	,	14	)
(	2247	,	15	,	14	)
(	2248	,	16	,	14	)
(	2249	,	17	,	14	)
(	2250	,	18	,	14	)
(	2251	,	19	,	14	)
(	2252	,	20	,	14	)
(	2253	,	21	,	14	)
(	2254	,	22	,	14	)
(	2255	,	23	,	14	)
(	2256	,	24	,	14	)
(	2257	,	1	,	16	)
(	2258	,	2	,	16	)
(	2259	,	3	,	16	)
(	2260	,	4	,	16	)
(	2261	,	5	,	16	)
(	2262	,	6	,	16	)
(	2263	,	7	,	16	)
(	2264	,	8	,	16	)
(	2265	,	9	,	16	)
(	2266	,	10	,	16	)
(	2267	,	11	,	16	)
(	2268	,	12	,	16	)
(	2269	,	13	,	16	)
(	2270	,	14	,	16	)
(	2271	,	15	,	16	)
(	2272	,	16	,	16	)
(	2273	,	17	,	16	)
(	2274	,	18	,	16	)
(	2275	,	19	,	16	)
(	2276	,	20	,	16	)
(	2277	,	21	,	16	)
(	2278	,	22	,	16	)
(	2279	,	23	,	16	)
(	2280	,	24	,	16	)
(	2281	,	1	,	6	)
(	2282	,	2	,	6	)
(	2283	,	3	,	6	)
(	2284	,	4	,	6	)
(	2285	,	5	,	6	)
(	2286	,	6	,	6	)
(	2287	,	7	,	6	)
(	2288	,	8	,	6	)
(	2289	,	9	,	6	)
(	2290	,	10	,	6	)
(	2291	,	11	,	6	)
(	2292	,	12	,	6	)
(	2293	,	13	,	6	)
(	2294	,	14	,	6	)
(	2295	,	15	,	6	)
(	2296	,	16	,	6	)
(	2297	,	17	,	6	)
(	2298	,	18	,	6	)
(	2299	,	19	,	6	)
(	2300	,	20	,	6	)
(	2301	,	21	,	6	)
(	2302	,	22	,	6	)
(	2303	,	23	,	6	)
(	2304	,	24	,	6	)
(	2305	,	1	,	7	)
(	2306	,	2	,	7	)
(	2307	,	3	,	7	)
(	2308	,	4	,	7	)
(	2309	,	5	,	7	)
(	2310	,	6	,	7	)
(	2311	,	7	,	7	)
(	2312	,	8	,	7	)
(	2313	,	9	,	7	)
(	2314	,	10	,	7	)
(	2315	,	11	,	7	)
(	2316	,	12	,	7	)
(	2317	,	13	,	7	)
(	2318	,	14	,	7	)
(	2319	,	15	,	7	)
(	2320	,	16	,	7	)
(	2321	,	17	,	7	)
(	2322	,	18	,	7	)
(	2323	,	19	,	7	)
(	2324	,	20	,	7	)
(	2325	,	21	,	7	)
(	2326	,	22	,	7	)
(	2327	,	23	,	7	)
(	2328	,	24	,	7	)
(	2329	,	1	,	16	)
(	2330	,	2	,	16	)
(	2331	,	3	,	16	)
(	2332	,	4	,	16	)
(	2333	,	5	,	16	)
(	2334	,	6	,	16	)
(	2335	,	7	,	16	)
(	2336	,	8	,	16	)
(	2337	,	9	,	16	)
(	2338	,	10	,	16	)
(	2339	,	11	,	16	)
(	2340	,	12	,	16	)
(	2341	,	13	,	16	)
(	2342	,	14	,	16	)
(	2343	,	15	,	16	)
(	2344	,	16	,	16	)
(	2345	,	17	,	16	)
(	2346	,	18	,	16	)
(	2347	,	19	,	16	)
(	2348	,	20	,	16	)
(	2349	,	21	,	16	)
(	2350	,	22	,	16	)
(	2351	,	23	,	16	)
(	2352	,	24	,	16	)
(	2353	,	1	,	8	)
(	2354	,	2	,	8	)
(	2355	,	3	,	8	)
(	2356	,	4	,	8	)
(	2357	,	5	,	8	)
(	2358	,	6	,	8	)
(	2359	,	7	,	8	)
(	2360	,	8	,	8	)
(	2361	,	9	,	8	)
(	2362	,	10	,	8	)
(	2363	,	11	,	8	)
(	2364	,	12	,	8	)
(	2365	,	13	,	8	)
(	2366	,	14	,	8	)
(	2367	,	15	,	8	)
(	2368	,	16	,	8	)
(	2369	,	17	,	8	)
(	2370	,	18	,	8	)
(	2371	,	19	,	8	)
(	2372	,	20	,	8	)
(	2373	,	21	,	8	)
(	2374	,	22	,	8	)
(	2375	,	23	,	8	)
(	2376	,	24	,	8	)
(	2377	,	1	,	8	)
(	2378	,	2	,	8	)
(	2379	,	3	,	8	)
(	2380	,	4	,	8	)
(	2381	,	5	,	8	)
(	2382	,	6	,	8	)
(	2383	,	7	,	8	)
(	2384	,	8	,	8	)
(	2385	,	9	,	8	)
(	2386	,	10	,	8	)
(	2387	,	11	,	8	)
(	2388	,	12	,	8	)
(	2389	,	13	,	8	)
(	2390	,	14	,	8	)
(	2391	,	15	,	8	)
(	2392	,	16	,	8	)
(	2393	,	17	,	8	)
(	2394	,	18	,	8	)
(	2395	,	19	,	8	)
(	2396	,	20	,	8	)
(	2397	,	21	,	8	)
(	2398	,	22	,	8	)
(	2399	,	23	,	8	)
(	2400	,	24	,	8	)
(	2401	,	1	,	1	)
(	2402	,	2	,	1	)
(	2403	,	3	,	1	)
(	2404	,	4	,	1	)
(	2405	,	5	,	1	)
(	2406	,	6	,	1	)
(	2407	,	7	,	1	)
(	2408	,	8	,	1	)
(	2409	,	9	,	1	)
(	2410	,	10	,	1	)
(	2411	,	11	,	1	)
(	2412	,	12	,	1	)
(	2413	,	13	,	1	)
(	2414	,	14	,	1	)
(	2415	,	15	,	1	)
(	2416	,	16	,	1	)
(	2417	,	17	,	1	)
(	2418	,	18	,	1	)
(	2419	,	19	,	1	)
(	2420	,	20	,	1	)
(	2421	,	21	,	1	)
(	2422	,	22	,	1	)
(	2423	,	23	,	1	)
(	2424	,	24	,	1	)
(	2425	,	1	,	1	)
(	2426	,	2	,	1	)
(	2427	,	3	,	1	)
(	2428	,	4	,	1	)
(	2429	,	5	,	1	)
(	2430	,	6	,	1	)
(	2431	,	7	,	1	)
(	2432	,	8	,	1	)
(	2433	,	9	,	1	)
(	2434	,	10	,	1	)
(	2435	,	11	,	1	)
(	2436	,	12	,	1	)
(	2437	,	13	,	1	)
(	2438	,	14	,	1	)
(	2439	,	15	,	1	)
(	2440	,	16	,	1	)
(	2441	,	17	,	1	)
(	2442	,	18	,	1	)
(	2443	,	19	,	1	)
(	2444	,	20	,	1	)
(	2445	,	21	,	1	)
(	2446	,	22	,	1	)
(	2447	,	23	,	1	)
(	2448	,	24	,	1	)
(	2449	,	1	,	7	)
(	2450	,	2	,	7	)
(	2451	,	3	,	7	)
(	2452	,	4	,	7	)
(	2453	,	5	,	7	)
(	2454	,	6	,	7	)
(	2455	,	7	,	7	)
(	2456	,	8	,	7	)
(	2457	,	9	,	7	)
(	2458	,	10	,	7	)
(	2459	,	11	,	7	)
(	2460	,	12	,	7	)
(	2461	,	13	,	7	)
(	2462	,	14	,	7	)
(	2463	,	15	,	7	)
(	2464	,	16	,	7	)
(	2465	,	17	,	7	)
(	2466	,	18	,	7	)
(	2467	,	19	,	7	)
(	2468	,	20	,	7	)
(	2469	,	21	,	7	)
(	2470	,	22	,	7	)
(	2471	,	23	,	7	)
(	2472	,	24	,	7	)
(	2473	,	1	,	6	)
(	2474	,	2	,	6	)
(	2475	,	3	,	6	)
(	2476	,	4	,	6	)
(	2477	,	5	,	6	)
(	2478	,	6	,	6	)
(	2479	,	7	,	6	)
(	2480	,	8	,	6	)
(	2481	,	9	,	6	)
(	2482	,	10	,	6	)
(	2483	,	11	,	6	)
(	2484	,	12	,	6	)
(	2485	,	13	,	6	)
(	2486	,	14	,	6	)
(	2487	,	15	,	6	)
(	2488	,	16	,	6	)
(	2489	,	17	,	6	)
(	2490	,	18	,	6	)
(	2491	,	19	,	6	)
(	2492	,	20	,	6	)
(	2493	,	21	,	6	)
(	2494	,	22	,	6	)
(	2495	,	23	,	6	)
(	2496	,	24	,	6	)
(	2497	,	1	,	1	)
(	2498	,	2	,	1	)
(	2499	,	3	,	1	)
(	2500	,	4	,	1	)
(	2501	,	5	,	1	)
(	2502	,	6	,	1	)
(	2503	,	7	,	1	)
(	2504	,	8	,	1	)
(	2505	,	9	,	1	)
(	2506	,	10	,	1	)
(	2507	,	11	,	1	)
(	2508	,	12	,	1	)
(	2509	,	13	,	1	)
(	2510	,	14	,	1	)
(	2511	,	15	,	1	)
(	2512	,	16	,	1	)
(	2513	,	17	,	1	)
(	2514	,	18	,	1	)
(	2515	,	19	,	1	)
(	2516	,	20	,	1	)
(	2517	,	21	,	1	)
(	2518	,	22	,	1	)
(	2519	,	23	,	1	)
(	2520	,	24	,	1	)
(	2521	,	1	,	5	)
(	2522	,	2	,	5	)
(	2523	,	3	,	5	)
(	2524	,	4	,	5	)
(	2525	,	5	,	5	)
(	2526	,	6	,	5	)
(	2527	,	7	,	5	)
(	2528	,	8	,	5	)
(	2529	,	9	,	5	)
(	2530	,	10	,	5	)
(	2531	,	11	,	5	)
(	2532	,	12	,	5	)
(	2533	,	13	,	5	)
(	2534	,	14	,	5	)
(	2535	,	15	,	5	)
(	2536	,	16	,	5	)
(	2537	,	17	,	5	)
(	2538	,	18	,	5	)
(	2539	,	19	,	5	)
(	2540	,	20	,	5	)
(	2541	,	21	,	5	)
(	2542	,	22	,	5	)
(	2543	,	23	,	5	)
(	2544	,	24	,	5	)
(	2545	,	1	,	5	)
(	2546	,	2	,	5	)
(	2547	,	3	,	5	)
(	2548	,	4	,	5	)
(	2549	,	5	,	5	)
(	2550	,	6	,	5	)
(	2551	,	7	,	5	)
(	2552	,	8	,	5	)
(	2553	,	9	,	5	)
(	2554	,	10	,	5	)
(	2555	,	11	,	5	)
(	2556	,	12	,	5	)
(	2557	,	13	,	5	)
(	2558	,	14	,	5	)
(	2559	,	15	,	5	)
(	2560	,	16	,	5	)
(	2561	,	17	,	5	)
(	2562	,	18	,	5	)
(	2563	,	19	,	5	)
(	2564	,	20	,	5	)
(	2565	,	21	,	5	)
(	2566	,	22	,	5	)
(	2567	,	23	,	5	)
(	2568	,	24	,	5	)
(	2569	,	1	,	5	)
(	2570	,	2	,	5	)
(	2571	,	3	,	5	)
(	2572	,	4	,	5	)
(	2573	,	5	,	5	)
(	2574	,	6	,	5	)
(	2575	,	7	,	5	)
(	2576	,	8	,	5	)
(	2577	,	9	,	5	)
(	2578	,	10	,	5	)
(	2579	,	11	,	5	)
(	2580	,	12	,	5	)
(	2581	,	13	,	5	)
(	2582	,	14	,	5	)
(	2583	,	15	,	5	)
(	2584	,	16	,	5	)
(	2585	,	17	,	5	)
(	2586	,	18	,	5	)
(	2587	,	19	,	5	)
(	2588	,	20	,	5	)
(	2589	,	21	,	5	)
(	2590	,	22	,	5	)
(	2591	,	23	,	5	)
(	2592	,	24	,	5	)
(	2593	,	1	,	1	)
(	2594	,	2	,	1	)
(	2595	,	3	,	1	)
(	2596	,	4	,	1	)
(	2597	,	5	,	1	)
(	2598	,	6	,	1	)
(	2599	,	7	,	1	)
(	2600	,	8	,	1	)
(	2601	,	9	,	1	)
(	2602	,	10	,	1	)
(	2603	,	11	,	1	)
(	2604	,	12	,	1	)
(	2605	,	13	,	1	)
(	2606	,	14	,	1	)
(	2607	,	15	,	1	)
(	2608	,	16	,	1	)
(	2609	,	17	,	1	)
(	2610	,	18	,	1	)
(	2611	,	19	,	1	)
(	2612	,	20	,	1	)
(	2613	,	21	,	1	)
(	2614	,	22	,	1	)
(	2615	,	23	,	1	)
(	2616	,	24	,	1	)
(	2617	,	1	,	3	)
(	2618	,	2	,	3	)
(	2619	,	3	,	3	)
(	2620	,	4	,	3	)
(	2621	,	5	,	3	)
(	2622	,	6	,	3	)
(	2623	,	7	,	3	)
(	2624	,	8	,	3	)
(	2625	,	9	,	3	)
(	2626	,	10	,	3	)
(	2627	,	11	,	3	)
(	2628	,	12	,	3	)
(	2629	,	13	,	3	)
(	2630	,	14	,	3	)
(	2631	,	15	,	3	)
(	2632	,	16	,	3	)
(	2633	,	17	,	3	)
(	2634	,	18	,	3	)
(	2635	,	19	,	3	)
(	2636	,	20	,	3	)
(	2637	,	21	,	3	)
(	2638	,	22	,	3	)
(	2639	,	23	,	3	)
(	2640	,	24	,	3	)
(	2641	,	1	,	3	)
(	2642	,	2	,	3	)
(	2643	,	3	,	3	)
(	2644	,	4	,	3	)
(	2645	,	5	,	3	)
(	2646	,	6	,	3	)
(	2647	,	7	,	3	)
(	2648	,	8	,	3	)
(	2649	,	9	,	3	)
(	2650	,	10	,	3	)
(	2651	,	11	,	3	)
(	2652	,	12	,	3	)
(	2653	,	13	,	3	)
(	2654	,	14	,	3	)
(	2655	,	15	,	3	)
(	2656	,	16	,	3	)
(	2657	,	17	,	3	)
(	2658	,	18	,	3	)
(	2659	,	19	,	3	)
(	2660	,	20	,	3	)
(	2661	,	21	,	3	)
(	2662	,	22	,	3	)
(	2663	,	23	,	3	)
(	2664	,	24	,	3	)
(	2665	,	1	,	16	)
(	2666	,	2	,	16	)
(	2667	,	3	,	16	)
(	2668	,	4	,	16	)
(	2669	,	5	,	16	)
(	2670	,	6	,	16	)
(	2671	,	7	,	16	)
(	2672	,	8	,	16	)
(	2673	,	9	,	16	)
(	2674	,	10	,	16	)
(	2675	,	11	,	16	)
(	2676	,	12	,	16	)
(	2677	,	13	,	16	)
(	2678	,	14	,	16	)
(	2679	,	15	,	16	)
(	2680	,	16	,	16	)
(	2681	,	17	,	16	)
(	2682	,	18	,	16	)
(	2683	,	19	,	16	)
(	2684	,	20	,	16	)
(	2685	,	21	,	16	)
(	2686	,	22	,	16	)
(	2687	,	23	,	16	)
(	2688	,	24	,	16	)
(	2689	,	1	,	16	)
(	2690	,	2	,	16	)
(	2691	,	3	,	16	)
(	2692	,	4	,	16	)
(	2693	,	5	,	16	)
(	2694	,	6	,	16	)
(	2695	,	7	,	16	)
(	2696	,	8	,	16	)
(	2697	,	9	,	16	)
(	2698	,	10	,	16	)
(	2699	,	11	,	16	)
(	2700	,	12	,	16	)
(	2701	,	13	,	16	)
(	2702	,	14	,	16	)
(	2703	,	15	,	16	)
(	2704	,	16	,	16	)
(	2705	,	17	,	16	)
(	2706	,	18	,	16	)
(	2707	,	19	,	16	)
(	2708	,	20	,	16	)
(	2709	,	21	,	16	)
(	2710	,	22	,	16	)
(	2711	,	23	,	16	)
(	2712	,	24	,	16	)
(	2713	,	1	,	1	)
(	2714	,	2	,	1	)
(	2715	,	3	,	1	)
(	2716	,	4	,	1	)
(	2717	,	5	,	1	)
(	2718	,	6	,	1	)
(	2719	,	7	,	1	)
(	2720	,	8	,	1	)
(	2721	,	9	,	1	)
(	2722	,	10	,	1	)
(	2723	,	11	,	1	)
(	2724	,	12	,	1	)
(	2725	,	13	,	1	)
(	2726	,	14	,	1	)
(	2727	,	15	,	1	)
(	2728	,	16	,	1	)
(	2729	,	17	,	1	)
(	2730	,	18	,	1	)
(	2731	,	19	,	1	)
(	2732	,	20	,	1	)
(	2733	,	21	,	1	)
(	2734	,	22	,	1	)
(	2735	,	23	,	1	)
(	2736	,	24	,	1	)
(	2737	,	1	,	2	)
(	2738	,	2	,	2	)
(	2739	,	3	,	2	)
(	2740	,	4	,	2	)
(	2741	,	5	,	2	)
(	2742	,	6	,	2	)
(	2743	,	7	,	2	)
(	2744	,	8	,	2	)
(	2745	,	9	,	2	)
(	2746	,	10	,	2	)
(	2747	,	11	,	2	)
(	2748	,	12	,	2	)
(	2749	,	13	,	2	)
(	2750	,	14	,	2	)
(	2751	,	15	,	2	)
(	2752	,	16	,	2	)
(	2753	,	17	,	2	)
(	2754	,	18	,	2	)
(	2755	,	19	,	2	)
(	2756	,	20	,	2	)
(	2757	,	21	,	2	)
(	2758	,	22	,	2	)
(	2759	,	23	,	2	)
(	2760	,	24	,	2	)
(	2761	,	1	,	5	)
(	2762	,	2	,	5	)
(	2763	,	3	,	5	)
(	2764	,	4	,	5	)
(	2765	,	5	,	5	)
(	2766	,	6	,	5	)
(	2767	,	7	,	5	)
(	2768	,	8	,	5	)
(	2769	,	9	,	5	)
(	2770	,	10	,	5	)
(	2771	,	11	,	5	)
(	2772	,	12	,	5	)
(	2773	,	13	,	5	)
(	2774	,	14	,	5	)
(	2775	,	15	,	5	)
(	2776	,	16	,	5	)
(	2777	,	17	,	5	)
(	2778	,	18	,	5	)
(	2779	,	19	,	5	)
(	2780	,	20	,	5	)
(	2781	,	21	,	5	)
(	2782	,	22	,	5	)
(	2783	,	23	,	5	)
(	2784	,	24	,	5	)
(	2785	,	1	,	6	)
(	2786	,	2	,	6	)
(	2787	,	3	,	6	)
(	2788	,	4	,	6	)
(	2789	,	5	,	6	)
(	2790	,	6	,	6	)
(	2791	,	7	,	6	)
(	2792	,	8	,	6	)
(	2793	,	9	,	6	)
(	2794	,	10	,	6	)
(	2795	,	11	,	6	)
(	2796	,	12	,	6	)
(	2797	,	13	,	6	)
(	2798	,	14	,	6	)
(	2799	,	15	,	6	)
(	2800	,	16	,	6	)
(	2801	,	17	,	6	)
(	2802	,	18	,	6	)
(	2803	,	19	,	6	)
(	2804	,	20	,	6	)
(	2805	,	21	,	6	)
(	2806	,	22	,	6	)
(	2807	,	23	,	6	)
(	2808	,	24	,	6	)
(	2809	,	1	,	6	)
(	2810	,	2	,	6	)
(	2811	,	3	,	6	)
(	2812	,	4	,	6	)
(	2813	,	5	,	6	)
(	2814	,	6	,	6	)
(	2815	,	7	,	6	)
(	2816	,	8	,	6	)
(	2817	,	9	,	6	)
(	2818	,	10	,	6	)
(	2819	,	11	,	6	)
(	2820	,	12	,	6	)
(	2821	,	13	,	6	)
(	2822	,	14	,	6	)
(	2823	,	15	,	6	)
(	2824	,	16	,	6	)
(	2825	,	17	,	6	)
(	2826	,	18	,	6	)
(	2827	,	19	,	6	)
(	2828	,	20	,	6	)
(	2829	,	21	,	6	)
(	2830	,	22	,	6	)
(	2831	,	23	,	6	)
(	2832	,	24	,	6	)
(	2833	,	1	,	4	)
(	2834	,	2	,	4	)
(	2835	,	3	,	4	)
(	2836	,	4	,	4	)
(	2837	,	5	,	4	)
(	2838	,	6	,	4	)
(	2839	,	7	,	4	)
(	2840	,	8	,	4	)
(	2841	,	9	,	4	)
(	2842	,	10	,	4	)
(	2843	,	11	,	4	)
(	2844	,	12	,	4	)
(	2845	,	13	,	4	)
(	2846	,	14	,	4	)
(	2847	,	15	,	4	)
(	2848	,	16	,	4	)
(	2849	,	17	,	4	)
(	2850	,	18	,	4	)
(	2851	,	19	,	4	)
(	2852	,	20	,	4	)
(	2853	,	21	,	4	)
(	2854	,	22	,	4	)
(	2855	,	23	,	4	)
(	2856	,	24	,	4	)
(	2857	,	1	,	5	)
(	2858	,	2	,	5	)
(	2859	,	3	,	5	)
(	2860	,	4	,	5	)
(	2861	,	5	,	5	)
(	2862	,	6	,	5	)
(	2863	,	7	,	5	)
(	2864	,	8	,	5	)
(	2865	,	9	,	5	)
(	2866	,	10	,	5	)
(	2867	,	11	,	5	)
(	2868	,	12	,	5	)
(	2869	,	13	,	5	)
(	2870	,	14	,	5	)
(	2871	,	15	,	5	)
(	2872	,	16	,	5	)
(	2873	,	17	,	5	)
(	2874	,	18	,	5	)
(	2875	,	19	,	5	)
(	2876	,	20	,	5	)
(	2877	,	21	,	5	)
(	2878	,	22	,	5	)
(	2879	,	23	,	5	)
(	2880	,	24	,	5	)
(	2881	,	1	,	1	)
(	2882	,	2	,	1	)
(	2883	,	3	,	1	)
(	2884	,	4	,	1	)
(	2885	,	5	,	1	)
(	2886	,	6	,	1	)
(	2887	,	7	,	1	)
(	2888	,	8	,	1	)
(	2889	,	9	,	1	)
(	2890	,	10	,	1	)
(	2891	,	11	,	1	)
(	2892	,	12	,	1	)
(	2893	,	13	,	1	)
(	2894	,	14	,	1	)
(	2895	,	15	,	1	)
(	2896	,	16	,	1	)
(	2897	,	17	,	1	)
(	2898	,	18	,	1	)
(	2899	,	19	,	1	)
(	2900	,	20	,	1	)
(	2901	,	21	,	1	)
(	2902	,	22	,	1	)
(	2903	,	23	,	1	)
(	2904	,	24	,	1	)
(	2905	,	1	,	2	)
(	2906	,	2	,	2	)
(	2907	,	3	,	2	)
(	2908	,	4	,	2	)
(	2909	,	5	,	2	)
(	2910	,	6	,	2	)
(	2911	,	7	,	2	)
(	2912	,	8	,	2	)
(	2913	,	9	,	2	)
(	2914	,	10	,	2	)
(	2915	,	11	,	2	)
(	2916	,	12	,	2	)
(	2917	,	13	,	2	)
(	2918	,	14	,	2	)
(	2919	,	15	,	2	)
(	2920	,	16	,	2	)
(	2921	,	17	,	2	)
(	2922	,	18	,	2	)
(	2923	,	19	,	2	)
(	2924	,	20	,	2	)
(	2925	,	21	,	2	)
(	2926	,	22	,	2	)
(	2927	,	23	,	2	)
(	2928	,	24	,	2	)
(	2929	,	1	,	14	)
(	2930	,	2	,	14	)
(	2931	,	3	,	14	)
(	2932	,	4	,	14	)
(	2933	,	5	,	14	)
(	2934	,	6	,	14	)
(	2935	,	7	,	14	)
(	2936	,	8	,	14	)
(	2937	,	9	,	14	)
(	2938	,	10	,	14	)
(	2939	,	11	,	14	)
(	2940	,	12	,	14	)
(	2941	,	13	,	14	)
(	2942	,	14	,	14	)
(	2943	,	15	,	14	)
(	2944	,	16	,	14	)
(	2945	,	17	,	14	)
(	2946	,	18	,	14	)
(	2947	,	19	,	14	)
(	2948	,	20	,	14	)
(	2949	,	21	,	14	)
(	2950	,	22	,	14	)
(	2951	,	23	,	14	)
(	2952	,	24	,	14	)
(	2953	,	1	,	3	)
(	2954	,	2	,	3	)
(	2955	,	3	,	3	)
(	2956	,	4	,	3	)
(	2957	,	5	,	3	)
(	2958	,	6	,	3	)
(	2959	,	7	,	3	)
(	2960	,	8	,	3	)
(	2961	,	9	,	3	)
(	2962	,	10	,	3	)
(	2963	,	11	,	3	)
(	2964	,	12	,	3	)
(	2965	,	13	,	3	)
(	2966	,	14	,	3	)
(	2967	,	15	,	3	)
(	2968	,	16	,	3	)
(	2969	,	17	,	3	)
(	2970	,	18	,	3	)
(	2971	,	19	,	3	)
(	2972	,	20	,	3	)
(	2973	,	21	,	3	)
(	2974	,	22	,	3	)
(	2975	,	23	,	3	)
(	2976	,	24	,	3	)
(	2977	,	1	,	6	)
(	2978	,	2	,	6	)
(	2979	,	3	,	6	)
(	2980	,	4	,	6	)
(	2981	,	5	,	6	)
(	2982	,	6	,	6	)
(	2983	,	7	,	6	)
(	2984	,	8	,	6	)
(	2985	,	9	,	6	)
(	2986	,	10	,	6	)
(	2987	,	11	,	6	)
(	2988	,	12	,	6	)
(	2989	,	13	,	6	)
(	2990	,	14	,	6	)
(	2991	,	15	,	6	)
(	2992	,	16	,	6	)
(	2993	,	17	,	6	)
(	2994	,	18	,	6	)
(	2995	,	19	,	6	)
(	2996	,	20	,	6	)
(	2997	,	21	,	6	)
(	2998	,	22	,	6	)
(	2999	,	23	,	6	)
(	3000	,	24	,	6	)
(	3001	,	1	,	1	)
(	3002	,	2	,	1	)
(	3003	,	3	,	1	)
(	3004	,	4	,	1	)
(	3005	,	5	,	1	)
(	3006	,	6	,	1	)
(	3007	,	7	,	1	)
(	3008	,	8	,	1	)
(	3009	,	9	,	1	)
(	3010	,	10	,	1	)
(	3011	,	11	,	1	)
(	3012	,	12	,	1	)
(	3013	,	13	,	1	)
(	3014	,	14	,	1	)
(	3015	,	15	,	1	)
(	3016	,	16	,	1	)
(	3017	,	17	,	1	)
(	3018	,	18	,	1	)
(	3019	,	19	,	1	)
(	3020	,	20	,	1	)
(	3021	,	21	,	1	)
(	3022	,	22	,	1	)
(	3023	,	23	,	1	)
(	3024	,	24	,	1	)
(	3025	,	1	,	8	)
(	3026	,	2	,	8	)
(	3027	,	3	,	8	)
(	3028	,	4	,	8	)
(	3029	,	5	,	8	)
(	3030	,	6	,	8	)
(	3031	,	7	,	8	)
(	3032	,	8	,	8	)
(	3033	,	9	,	8	)
(	3034	,	10	,	8	)
(	3035	,	11	,	8	)
(	3036	,	12	,	8	)
(	3037	,	13	,	8	)
(	3038	,	14	,	8	)
(	3039	,	15	,	8	)
(	3040	,	16	,	8	)
(	3041	,	17	,	8	)
(	3042	,	18	,	8	)
(	3043	,	19	,	8	)
(	3044	,	20	,	8	)
(	3045	,	21	,	8	)
(	3046	,	22	,	8	)
(	3047	,	23	,	8	)
(	3048	,	24	,	8	)
(	3049	,	1	,	16	)
(	3050	,	2	,	16	)
(	3051	,	3	,	16	)
(	3052	,	4	,	16	)
(	3053	,	5	,	16	)
(	3054	,	6	,	16	)
(	3055	,	7	,	16	)
(	3056	,	8	,	16	)
(	3057	,	9	,	16	)
(	3058	,	10	,	16	)
(	3059	,	11	,	16	)
(	3060	,	12	,	16	)
(	3061	,	13	,	16	)
(	3062	,	14	,	16	)
(	3063	,	15	,	16	)
(	3064	,	16	,	16	)
(	3065	,	17	,	16	)
(	3066	,	18	,	16	)
(	3067	,	19	,	16	)
(	3068	,	20	,	16	)
(	3069	,	21	,	16	)
(	3070	,	22	,	16	)
(	3071	,	23	,	16	)
(	3072	,	24	,	16	)
(	3073	,	1	,	8	)
(	3074	,	2	,	8	)
(	3075	,	3	,	8	)
(	3076	,	4	,	8	)
(	3077	,	5	,	8	)
(	3078	,	6	,	8	)
(	3079	,	7	,	8	)
(	3080	,	8	,	8	)
(	3081	,	9	,	8	)
(	3082	,	10	,	8	)
(	3083	,	11	,	8	)
(	3084	,	12	,	8	)
(	3085	,	13	,	8	)
(	3086	,	14	,	8	)
(	3087	,	15	,	8	)
(	3088	,	16	,	8	)
(	3089	,	17	,	8	)
(	3090	,	18	,	8	)
(	3091	,	19	,	8	)
(	3092	,	20	,	8	)
(	3093	,	21	,	8	)
(	3094	,	22	,	8	)
(	3095	,	23	,	8	)
(	3096	,	24	,	8	)
(	3097	,	1	,	13	)
(	3098	,	2	,	13	)
(	3099	,	3	,	13	)
(	3100	,	4	,	13	)
(	3101	,	5	,	13	)
(	3102	,	6	,	13	)
(	3103	,	7	,	13	)
(	3104	,	8	,	13	)
(	3105	,	9	,	13	)
(	3106	,	10	,	13	)
(	3107	,	11	,	13	)
(	3108	,	12	,	13	)
(	3109	,	13	,	13	)
(	3110	,	14	,	13	)
(	3111	,	15	,	13	)
(	3112	,	16	,	13	)
(	3113	,	17	,	13	)
(	3114	,	18	,	13	)
(	3115	,	19	,	13	)
(	3116	,	20	,	13	)
(	3117	,	21	,	13	)
(	3118	,	22	,	13	)
(	3119	,	23	,	13	)
(	3120	,	24	,	13	)
(	3121	,	1	,	6	)
(	3122	,	2	,	6	)
(	3123	,	3	,	6	)
(	3124	,	4	,	6	)
(	3125	,	5	,	6	)
(	3126	,	6	,	6	)
(	3127	,	7	,	6	)
(	3128	,	8	,	6	)
(	3129	,	9	,	6	)
(	3130	,	10	,	6	)
(	3131	,	11	,	6	)
(	3132	,	12	,	6	)
(	3133	,	13	,	6	)
(	3134	,	14	,	6	)
(	3135	,	15	,	6	)
(	3136	,	16	,	6	)
(	3137	,	17	,	6	)
(	3138	,	18	,	6	)
(	3139	,	19	,	6	)
(	3140	,	20	,	6	)
(	3141	,	21	,	6	)
(	3142	,	22	,	6	)
(	3143	,	23	,	6	)
(	3144	,	24	,	6	)
(	3145	,	1	,	6	)
(	3146	,	2	,	6	)
(	3147	,	3	,	6	)
(	3148	,	4	,	6	)
(	3149	,	5	,	6	)
(	3150	,	6	,	6	)
(	3151	,	7	,	6	)
(	3152	,	8	,	6	)
(	3153	,	9	,	6	)
(	3154	,	10	,	6	)
(	3155	,	11	,	6	)
(	3156	,	12	,	6	)
(	3157	,	13	,	6	)
(	3158	,	14	,	6	)
(	3159	,	15	,	6	)
(	3160	,	16	,	6	)
(	3161	,	17	,	6	)
(	3162	,	18	,	6	)
(	3163	,	19	,	6	)
(	3164	,	20	,	6	)
(	3165	,	21	,	6	)
(	3166	,	22	,	6	)
(	3167	,	23	,	6	)
(	3168	,	24	,	6	)
(	3169	,	1	,	1	)
(	3170	,	2	,	1	)
(	3171	,	3	,	1	)
(	3172	,	4	,	1	)
(	3173	,	5	,	1	)
(	3174	,	6	,	1	)
(	3175	,	7	,	1	)
(	3176	,	8	,	1	)
(	3177	,	9	,	1	)
(	3178	,	10	,	1	)
(	3179	,	11	,	1	)
(	3180	,	12	,	1	)
(	3181	,	13	,	1	)
(	3182	,	14	,	1	)
(	3183	,	15	,	1	)
(	3184	,	16	,	1	)
(	3185	,	17	,	1	)
(	3186	,	18	,	1	)
(	3187	,	19	,	1	)
(	3188	,	20	,	1	)
(	3189	,	21	,	1	)
(	3190	,	22	,	1	)
(	3191	,	23	,	1	)
(	3192	,	24	,	1	)
(	3193	,	1	,	8	)
(	3194	,	2	,	8	)
(	3195	,	3	,	8	)
(	3196	,	4	,	8	)
(	3197	,	5	,	8	)
(	3198	,	6	,	8	)
(	3199	,	7	,	8	)
(	3200	,	8	,	8	)
(	3201	,	9	,	8	)
(	3202	,	10	,	8	)
(	3203	,	11	,	8	)
(	3204	,	12	,	8	)
(	3205	,	13	,	8	)
(	3206	,	14	,	8	)
(	3207	,	15	,	8	)
(	3208	,	16	,	8	)
(	3209	,	17	,	8	)
(	3210	,	18	,	8	)
(	3211	,	19	,	8	)
(	3212	,	20	,	8	)
(	3213	,	21	,	8	)
(	3214	,	22	,	8	)
(	3215	,	23	,	8	)
(	3216	,	24	,	8	)
(	3217	,	1	,	5	)
(	3218	,	2	,	5	)
(	3219	,	3	,	5	)
(	3220	,	4	,	5	)
(	3221	,	5	,	5	)
(	3222	,	6	,	5	)
(	3223	,	7	,	5	)
(	3224	,	8	,	5	)
(	3225	,	9	,	5	)
(	3226	,	10	,	5	)
(	3227	,	11	,	5	)
(	3228	,	12	,	5	)
(	3229	,	13	,	5	)
(	3230	,	14	,	5	)
(	3231	,	15	,	5	)
(	3232	,	16	,	5	)
(	3233	,	17	,	5	)
(	3234	,	18	,	5	)
(	3235	,	19	,	5	)
(	3236	,	20	,	5	)
(	3237	,	21	,	5	)
(	3238	,	22	,	5	)
(	3239	,	23	,	5	)
(	3240	,	24	,	5	)
(	3241	,	1	,	8	)
(	3242	,	2	,	8	)
(	3243	,	3	,	8	)
(	3244	,	4	,	8	)
(	3245	,	5	,	8	)
(	3246	,	6	,	8	)
(	3247	,	7	,	8	)
(	3248	,	8	,	8	)
(	3249	,	9	,	8	)
(	3250	,	10	,	8	)
(	3251	,	11	,	8	)
(	3252	,	12	,	8	)
(	3253	,	13	,	8	)
(	3254	,	14	,	8	)
(	3255	,	15	,	8	)
(	3256	,	16	,	8	)
(	3257	,	17	,	8	)
(	3258	,	18	,	8	)
(	3259	,	19	,	8	)
(	3260	,	20	,	8	)
(	3261	,	21	,	8	)
(	3262	,	22	,	8	)
(	3263	,	23	,	8	)
(	3264	,	24	,	8	)
(	3265	,	1	,	8	)
(	3266	,	2	,	8	)
(	3267	,	3	,	8	)
(	3268	,	4	,	8	)
(	3269	,	5	,	8	)
(	3270	,	6	,	8	)
(	3271	,	7	,	8	)
(	3272	,	8	,	8	)
(	3273	,	9	,	8	)
(	3274	,	10	,	8	)
(	3275	,	11	,	8	)
(	3276	,	12	,	8	)
(	3277	,	13	,	8	)
(	3278	,	14	,	8	)
(	3279	,	15	,	8	)
(	3280	,	16	,	8	)
(	3281	,	17	,	8	)
(	3282	,	18	,	8	)
(	3283	,	19	,	8	)
(	3284	,	20	,	8	)
(	3285	,	21	,	8	)
(	3286	,	22	,	8	)
(	3287	,	23	,	8	)
(	3288	,	24	,	8	)
(	3289	,	1	,	7	)
(	3290	,	2	,	7	)
(	3291	,	3	,	7	)
(	3292	,	4	,	7	)
(	3293	,	5	,	7	)
(	3294	,	6	,	7	)
(	3295	,	7	,	7	)
(	3296	,	8	,	7	)
(	3297	,	9	,	7	)
(	3298	,	10	,	7	)
(	3299	,	11	,	7	)
(	3300	,	12	,	7	)
(	3301	,	13	,	7	)
(	3302	,	14	,	7	)
(	3303	,	15	,	7	)
(	3304	,	16	,	7	)
(	3305	,	17	,	7	)
(	3306	,	18	,	7	)
(	3307	,	19	,	7	)
(	3308	,	20	,	7	)
(	3309	,	21	,	7	)
(	3310	,	22	,	7	)
(	3311	,	23	,	7	)
(	3312	,	24	,	7	)
(	3313	,	1	,	7	)
(	3314	,	2	,	7	)
(	3315	,	3	,	7	)
(	3316	,	4	,	7	)
(	3317	,	5	,	7	)
(	3318	,	6	,	7	)
(	3319	,	7	,	7	)
(	3320	,	8	,	7	)
(	3321	,	9	,	7	)
(	3322	,	10	,	7	)
(	3323	,	11	,	7	)
(	3324	,	12	,	7	)
(	3325	,	13	,	7	)
(	3326	,	14	,	7	)
(	3327	,	15	,	7	)
(	3328	,	16	,	7	)
(	3329	,	17	,	7	)
(	3330	,	18	,	7	)
(	3331	,	19	,	7	)
(	3332	,	20	,	7	)
(	3333	,	21	,	7	)
(	3334	,	22	,	7	)
(	3335	,	23	,	7	)
(	3336	,	24	,	7	)
(	3337	,	1	,	2	)
(	3338	,	2	,	2	)
(	3339	,	3	,	2	)
(	3340	,	4	,	2	)
(	3341	,	5	,	2	)
(	3342	,	6	,	2	)
(	3343	,	7	,	2	)
(	3344	,	8	,	2	)
(	3345	,	9	,	2	)
(	3346	,	10	,	2	)
(	3347	,	11	,	2	)
(	3348	,	12	,	2	)
(	3349	,	13	,	2	)
(	3350	,	14	,	2	)
(	3351	,	15	,	2	)
(	3352	,	16	,	2	)
(	3353	,	17	,	2	)
(	3354	,	18	,	2	)
(	3355	,	19	,	2	)
(	3356	,	20	,	2	)
(	3357	,	21	,	2	)
(	3358	,	22	,	2	)
(	3359	,	23	,	2	)
(	3360	,	24	,	2	)
(	3361	,	1	,	2	)
(	3362	,	2	,	2	)
(	3363	,	3	,	2	)
(	3364	,	4	,	2	)
(	3365	,	5	,	2	)
(	3366	,	6	,	2	)
(	3367	,	7	,	2	)
(	3368	,	8	,	2	)
(	3369	,	9	,	2	)
(	3370	,	10	,	2	)
(	3371	,	11	,	2	)
(	3372	,	12	,	2	)
(	3373	,	13	,	2	)
(	3374	,	14	,	2	)
(	3375	,	15	,	2	)
(	3376	,	16	,	2	)
(	3377	,	17	,	2	)
(	3378	,	18	,	2	)
(	3379	,	19	,	2	)
(	3380	,	20	,	2	)
(	3381	,	21	,	2	)
(	3382	,	22	,	2	)
(	3383	,	23	,	2	)
(	3384	,	24	,	2	)
(	3385	,	1	,	5	)
(	3386	,	2	,	5	)
(	3387	,	3	,	5	)
(	3388	,	4	,	5	)
(	3389	,	5	,	5	)
(	3390	,	6	,	5	)
(	3391	,	7	,	5	)
(	3392	,	8	,	5	)
(	3393	,	9	,	5	)
(	3394	,	10	,	5	)
(	3395	,	11	,	5	)
(	3396	,	12	,	5	)
(	3397	,	13	,	5	)
(	3398	,	14	,	5	)
(	3399	,	15	,	5	)
(	3400	,	16	,	5	)
(	3401	,	17	,	5	)
(	3402	,	18	,	5	)
(	3403	,	19	,	5	)
(	3404	,	20	,	5	)
(	3405	,	21	,	5	)
(	3406	,	22	,	5	)
(	3407	,	23	,	5	)
(	3408	,	24	,	5	)
(	3409	,	1	,	5	)
(	3410	,	2	,	5	)
(	3411	,	3	,	5	)
(	3412	,	4	,	5	)
(	3413	,	5	,	5	)
(	3414	,	6	,	5	)
(	3415	,	7	,	5	)
(	3416	,	8	,	5	)
(	3417	,	9	,	5	)
(	3418	,	10	,	5	)
(	3419	,	11	,	5	)
(	3420	,	12	,	5	)
(	3421	,	13	,	5	)
(	3422	,	14	,	5	)
(	3423	,	15	,	5	)
(	3424	,	16	,	5	)
(	3425	,	17	,	5	)
(	3426	,	18	,	5	)
(	3427	,	19	,	5	)
(	3428	,	20	,	5	)
(	3429	,	21	,	5	)
(	3430	,	22	,	5	)
(	3431	,	23	,	5	)
(	3432	,	24	,	5	)
(	3433	,	1	,	8	)
(	3434	,	2	,	8	)
(	3435	,	3	,	8	)
(	3436	,	4	,	8	)
(	3437	,	5	,	8	)
(	3438	,	6	,	8	)
(	3439	,	7	,	8	)
(	3440	,	8	,	8	)
(	3441	,	9	,	8	)
(	3442	,	10	,	8	)
(	3443	,	11	,	8	)
(	3444	,	12	,	8	)
(	3445	,	13	,	8	)
(	3446	,	14	,	8	)
(	3447	,	15	,	8	)
(	3448	,	16	,	8	)
(	3449	,	17	,	8	)
(	3450	,	18	,	8	)
(	3451	,	19	,	8	)
(	3452	,	20	,	8	)
(	3453	,	21	,	8	)
(	3454	,	22	,	8	)
(	3455	,	23	,	8	)
(	3456	,	24	,	8	)
(	3457	,	1	,	7	)
(	3458	,	2	,	7	)
(	3459	,	3	,	7	)
(	3460	,	4	,	7	)
(	3461	,	5	,	7	)
(	3462	,	6	,	7	)
(	3463	,	7	,	7	)
(	3464	,	8	,	7	)
(	3465	,	9	,	7	)
(	3466	,	10	,	7	)
(	3467	,	11	,	7	)
(	3468	,	12	,	7	)
(	3469	,	13	,	7	)
(	3470	,	14	,	7	)
(	3471	,	15	,	7	)
(	3472	,	16	,	7	)
(	3473	,	17	,	7	)
(	3474	,	18	,	7	)
(	3475	,	19	,	7	)
(	3476	,	20	,	7	)
(	3477	,	21	,	7	)
(	3478	,	22	,	7	)
(	3479	,	23	,	7	)
(	3480	,	24	,	7	)
(	3481	,	1	,	6	)
(	3482	,	2	,	6	)
(	3483	,	3	,	6	)
(	3484	,	4	,	6	)
(	3485	,	5	,	6	)
(	3486	,	6	,	6	)
(	3487	,	7	,	6	)
(	3488	,	8	,	6	)
(	3489	,	9	,	6	)
(	3490	,	10	,	6	)
(	3491	,	11	,	6	)
(	3492	,	12	,	6	)
(	3493	,	13	,	6	)
(	3494	,	14	,	6	)
(	3495	,	15	,	6	)
(	3496	,	16	,	6	)
(	3497	,	17	,	6	)
(	3498	,	18	,	6	)
(	3499	,	19	,	6	)
(	3500	,	20	,	6	)
(	3501	,	21	,	6	)
(	3502	,	22	,	6	)
(	3503	,	23	,	6	)
(	3504	,	24	,	6	)
(	3505	,	1	,	5	)
(	3506	,	2	,	5	)
(	3507	,	3	,	5	)
(	3508	,	4	,	5	)
(	3509	,	5	,	5	)
(	3510	,	6	,	5	)
(	3511	,	7	,	5	)
(	3512	,	8	,	5	)
(	3513	,	9	,	5	)
(	3514	,	10	,	5	)
(	3515	,	11	,	5	)
(	3516	,	12	,	5	)
(	3517	,	13	,	5	)
(	3518	,	14	,	5	)
(	3519	,	15	,	5	)
(	3520	,	16	,	5	)
(	3521	,	17	,	5	)
(	3522	,	18	,	5	)
(	3523	,	19	,	5	)
(	3524	,	20	,	5	)
(	3525	,	21	,	5	)
(	3526	,	22	,	5	)
(	3527	,	23	,	5	)
(	3528	,	24	,	5	)
(	3529	,	1	,	8	)
(	3530	,	2	,	8	)
(	3531	,	3	,	8	)
(	3532	,	4	,	8	)
(	3533	,	5	,	8	)
(	3534	,	6	,	8	)
(	3535	,	7	,	8	)
(	3536	,	8	,	8	)
(	3537	,	9	,	8	)
(	3538	,	10	,	8	)
(	3539	,	11	,	8	)
(	3540	,	12	,	8	)
(	3541	,	13	,	8	)
(	3542	,	14	,	8	)
(	3543	,	15	,	8	)
(	3544	,	16	,	8	)
(	3545	,	17	,	8	)
(	3546	,	18	,	8	)
(	3547	,	19	,	8	)
(	3548	,	20	,	8	)
(	3549	,	21	,	8	)
(	3550	,	22	,	8	)
(	3551	,	23	,	8	)
(	3552	,	24	,	8	)
(	3553	,	1	,	5	)
(	3554	,	2	,	5	)
(	3555	,	3	,	5	)
(	3556	,	4	,	5	)
(	3557	,	5	,	5	)
(	3558	,	6	,	5	)
(	3559	,	7	,	5	)
(	3560	,	8	,	5	)
(	3561	,	9	,	5	)
(	3562	,	10	,	5	)
(	3563	,	11	,	5	)
(	3564	,	12	,	5	)
(	3565	,	13	,	5	)
(	3566	,	14	,	5	)
(	3567	,	15	,	5	)
(	3568	,	16	,	5	)
(	3569	,	17	,	5	)
(	3570	,	18	,	5	)
(	3571	,	19	,	5	)
(	3572	,	20	,	5	)
(	3573	,	21	,	5	)
(	3574	,	22	,	5	)
(	3575	,	23	,	5	)
(	3576	,	24	,	5	)
(	3577	,	1	,	8	)
(	3578	,	2	,	8	)
(	3579	,	3	,	8	)
(	3580	,	4	,	8	)
(	3581	,	5	,	8	)
(	3582	,	6	,	8	)
(	3583	,	7	,	8	)
(	3584	,	8	,	8	)
(	3585	,	9	,	8	)
(	3586	,	10	,	8	)
(	3587	,	11	,	8	)
(	3588	,	12	,	8	)
(	3589	,	13	,	8	)
(	3590	,	14	,	8	)
(	3591	,	15	,	8	)
(	3592	,	16	,	8	)
(	3593	,	17	,	8	)
(	3594	,	18	,	8	)
(	3595	,	19	,	8	)
(	3596	,	20	,	8	)
(	3597	,	21	,	8	)
(	3598	,	22	,	8	)
(	3599	,	23	,	8	)
(	3600	,	24	,	8	)
(	3601	,	1	,	8	)
(	3602	,	2	,	8	)
(	3603	,	3	,	8	)
(	3604	,	4	,	8	)
(	3605	,	5	,	8	)
(	3606	,	6	,	8	)
(	3607	,	7	,	8	)
(	3608	,	8	,	8	)
(	3609	,	9	,	8	)
(	3610	,	10	,	8	)
(	3611	,	11	,	8	)
(	3612	,	12	,	8	)
(	3613	,	13	,	8	)
(	3614	,	14	,	8	)
(	3615	,	15	,	8	)
(	3616	,	16	,	8	)
(	3617	,	17	,	8	)
(	3618	,	18	,	8	)
(	3619	,	19	,	8	)
(	3620	,	20	,	8	)
(	3621	,	21	,	8	)
(	3622	,	22	,	8	)
(	3623	,	23	,	8	)
(	3624	,	24	,	8	)
(	3625	,	1	,	7	)
(	3626	,	2	,	7	)
(	3627	,	3	,	7	)
(	3628	,	4	,	7	)
(	3629	,	5	,	7	)
(	3630	,	6	,	7	)
(	3631	,	7	,	7	)
(	3632	,	8	,	7	)
(	3633	,	9	,	7	)
(	3634	,	10	,	7	)
(	3635	,	11	,	7	)
(	3636	,	12	,	7	)
(	3637	,	13	,	7	)
(	3638	,	14	,	7	)
(	3639	,	15	,	7	)
(	3640	,	16	,	7	)
(	3641	,	17	,	7	)
(	3642	,	18	,	7	)
(	3643	,	19	,	7	)
(	3644	,	20	,	7	)
(	3645	,	21	,	7	)
(	3646	,	22	,	7	)
(	3647	,	23	,	7	)
(	3648	,	24	,	7	)
(	3649	,	1	,	7	)
(	3650	,	2	,	7	)
(	3651	,	3	,	7	)
(	3652	,	4	,	7	)
(	3653	,	5	,	7	)
(	3654	,	6	,	7	)
(	3655	,	7	,	7	)
(	3656	,	8	,	7	)
(	3657	,	9	,	7	)
(	3658	,	10	,	7	)
(	3659	,	11	,	7	)
(	3660	,	12	,	7	)
(	3661	,	13	,	7	)
(	3662	,	14	,	7	)
(	3663	,	15	,	7	)
(	3664	,	16	,	7	)
(	3665	,	17	,	7	)
(	3666	,	18	,	7	)
(	3667	,	19	,	7	)
(	3668	,	20	,	7	)
(	3669	,	21	,	7	)
(	3670	,	22	,	7	)
(	3671	,	23	,	7	)
(	3672	,	24	,	7	)
(	3673	,	1	,	8	)
(	3674	,	2	,	8	)
(	3675	,	3	,	8	)
(	3676	,	4	,	8	)
(	3677	,	5	,	8	)
(	3678	,	6	,	8	)
(	3679	,	7	,	8	)
(	3680	,	8	,	8	)
(	3681	,	9	,	8	)
(	3682	,	10	,	8	)
(	3683	,	11	,	8	)
(	3684	,	12	,	8	)
(	3685	,	13	,	8	)
(	3686	,	14	,	8	)
(	3687	,	15	,	8	)
(	3688	,	16	,	8	)
(	3689	,	17	,	8	)
(	3690	,	18	,	8	)
(	3691	,	19	,	8	)
(	3692	,	20	,	8	)
(	3693	,	21	,	8	)
(	3694	,	22	,	8	)
(	3695	,	23	,	8	)
(	3696	,	24	,	8	)
(	3697	,	1	,	8	)
(	3698	,	2	,	8	)
(	3699	,	3	,	8	)
(	3700	,	4	,	8	)
(	3701	,	5	,	8	)
(	3702	,	6	,	8	)
(	3703	,	7	,	8	)
(	3704	,	8	,	8	)
(	3705	,	9	,	8	)
(	3706	,	10	,	8	)
(	3707	,	11	,	8	)
(	3708	,	12	,	8	)
(	3709	,	13	,	8	)
(	3710	,	14	,	8	)
(	3711	,	15	,	8	)
(	3712	,	16	,	8	)
(	3713	,	17	,	8	)
(	3714	,	18	,	8	)
(	3715	,	19	,	8	)
(	3716	,	20	,	8	)
(	3717	,	21	,	8	)
(	3718	,	22	,	8	)
(	3719	,	23	,	8	)
(	3720	,	24	,	8	)
(	3721	,	1	,	8	)
(	3722	,	2	,	8	)
(	3723	,	3	,	8	)
(	3724	,	4	,	8	)
(	3725	,	5	,	8	)
(	3726	,	6	,	8	)
(	3727	,	7	,	8	)
(	3728	,	8	,	8	)
(	3729	,	9	,	8	)
(	3730	,	10	,	8	)
(	3731	,	11	,	8	)
(	3732	,	12	,	8	)
(	3733	,	13	,	8	)
(	3734	,	14	,	8	)
(	3735	,	15	,	8	)
(	3736	,	16	,	8	)
(	3737	,	17	,	8	)
(	3738	,	18	,	8	)
(	3739	,	19	,	8	)
(	3740	,	20	,	8	)
(	3741	,	21	,	8	)
(	3742	,	22	,	8	)
(	3743	,	23	,	8	)
(	3744	,	24	,	8	)
(	3745	,	1	,	8	)
(	3746	,	2	,	8	)
(	3747	,	3	,	8	)
(	3748	,	4	,	8	)
(	3749	,	5	,	8	)
(	3750	,	6	,	8	)
(	3751	,	7	,	8	)
(	3752	,	8	,	8	)
(	3753	,	9	,	8	)
(	3754	,	10	,	8	)
(	3755	,	11	,	8	)
(	3756	,	12	,	8	)
(	3757	,	13	,	8	)
(	3758	,	14	,	8	)
(	3759	,	15	,	8	)
(	3760	,	16	,	8	)
(	3761	,	17	,	8	)
(	3762	,	18	,	8	)
(	3763	,	19	,	8	)
(	3764	,	20	,	8	)
(	3765	,	21	,	8	)
(	3766	,	22	,	8	)
(	3767	,	23	,	8	)
(	3768	,	24	,	8	)
(	3769	,	1	,	8	)
(	3770	,	2	,	8	)
(	3771	,	3	,	8	)
(	3772	,	4	,	8	)
(	3773	,	5	,	8	)
(	3774	,	6	,	8	)
(	3775	,	7	,	8	)
(	3776	,	8	,	8	)
(	3777	,	9	,	8	)
(	3778	,	10	,	8	)
(	3779	,	11	,	8	)
(	3780	,	12	,	8	)
(	3781	,	13	,	8	)
(	3782	,	14	,	8	)
(	3783	,	15	,	8	)
(	3784	,	16	,	8	)
(	3785	,	17	,	8	)
(	3786	,	18	,	8	)
(	3787	,	19	,	8	)
(	3788	,	20	,	8	)
(	3789	,	21	,	8	)
(	3790	,	22	,	8	)
(	3791	,	23	,	8	)
(	3792	,	24	,	8	)
(	3793	,	1	,	7	)
(	3794	,	2	,	7	)
(	3795	,	3	,	7	)
(	3796	,	4	,	7	)
(	3797	,	5	,	7	)
(	3798	,	6	,	7	)
(	3799	,	7	,	7	)
(	3800	,	8	,	7	)
(	3801	,	9	,	7	)
(	3802	,	10	,	7	)
(	3803	,	11	,	7	)
(	3804	,	12	,	7	)
(	3805	,	13	,	7	)
(	3806	,	14	,	7	)
(	3807	,	15	,	7	)
(	3808	,	16	,	7	)
(	3809	,	17	,	7	)
(	3810	,	18	,	7	)
(	3811	,	19	,	7	)
(	3812	,	20	,	7	)
(	3813	,	21	,	7	)
(	3814	,	22	,	7	)
(	3815	,	23	,	7	)
(	3816	,	24	,	7	)
(	3817	,	1	,	7	)
(	3818	,	2	,	7	)
(	3819	,	3	,	7	)
(	3820	,	4	,	7	)
(	3821	,	5	,	7	)
(	3822	,	6	,	7	)
(	3823	,	7	,	7	)
(	3824	,	8	,	7	)
(	3825	,	9	,	7	)
(	3826	,	10	,	7	)
(	3827	,	11	,	7	)
(	3828	,	12	,	7	)
(	3829	,	13	,	7	)
(	3830	,	14	,	7	)
(	3831	,	15	,	7	)
(	3832	,	16	,	7	)
(	3833	,	17	,	7	)
(	3834	,	18	,	7	)
(	3835	,	19	,	7	)
(	3836	,	20	,	7	)
(	3837	,	21	,	7	)
(	3838	,	22	,	7	)
(	3839	,	23	,	7	)
(	3840	,	24	,	7	)
(	3841	,	1	,	13	)
(	3842	,	2	,	13	)
(	3843	,	3	,	13	)
(	3844	,	4	,	13	)
(	3845	,	5	,	13	)
(	3846	,	6	,	13	)
(	3847	,	7	,	13	)
(	3848	,	8	,	13	)
(	3849	,	9	,	13	)
(	3850	,	10	,	13	)
(	3851	,	11	,	13	)
(	3852	,	12	,	13	)
(	3853	,	13	,	13	)
(	3854	,	14	,	13	)
(	3855	,	15	,	13	)
(	3856	,	16	,	13	)
(	3857	,	17	,	13	)
(	3858	,	18	,	13	)
(	3859	,	19	,	13	)
(	3860	,	20	,	13	)
(	3861	,	21	,	13	)
(	3862	,	22	,	13	)
(	3863	,	23	,	13	)
(	3864	,	24	,	13	)
(	3865	,	1	,	2	)
(	3866	,	2	,	2	)
(	3867	,	3	,	2	)
(	3868	,	4	,	2	)
(	3869	,	5	,	2	)
(	3870	,	6	,	2	)
(	3871	,	7	,	2	)
(	3872	,	8	,	2	)
(	3873	,	9	,	2	)
(	3874	,	10	,	2	)
(	3875	,	11	,	2	)
(	3876	,	12	,	2	)
(	3877	,	13	,	2	)
(	3878	,	14	,	2	)
(	3879	,	15	,	2	)
(	3880	,	16	,	2	)
(	3881	,	17	,	2	)
(	3882	,	18	,	2	)
(	3883	,	19	,	2	)
(	3884	,	20	,	2	)
(	3885	,	21	,	2	)
(	3886	,	22	,	2	)
(	3887	,	23	,	2	)
(	3888	,	24	,	2	)
(	3889	,	1	,	8	)
(	3890	,	2	,	8	)
(	3891	,	3	,	8	)
(	3892	,	4	,	8	)
(	3893	,	5	,	8	)
(	3894	,	6	,	8	)
(	3895	,	7	,	8	)
(	3896	,	8	,	8	)
(	3897	,	9	,	8	)
(	3898	,	10	,	8	)
(	3899	,	11	,	8	)
(	3900	,	12	,	8	)
(	3901	,	13	,	8	)
(	3902	,	14	,	8	)
(	3903	,	15	,	8	)
(	3904	,	16	,	8	)
(	3905	,	17	,	8	)
(	3906	,	18	,	8	)
(	3907	,	19	,	8	)
(	3908	,	20	,	8	)
(	3909	,	21	,	8	)
(	3910	,	22	,	8	)
(	3911	,	23	,	8	)
(	3912	,	24	,	8	)
(	3913	,	1	,	8	)
(	3914	,	2	,	8	)
(	3915	,	3	,	8	)
(	3916	,	4	,	8	)
(	3917	,	5	,	8	)
(	3918	,	6	,	8	)
(	3919	,	7	,	8	)
(	3920	,	8	,	8	)
(	3921	,	9	,	8	)
(	3922	,	10	,	8	)
(	3923	,	11	,	8	)
(	3924	,	12	,	8	)
(	3925	,	13	,	8	)
(	3926	,	14	,	8	)
(	3927	,	15	,	8	)
(	3928	,	16	,	8	)
(	3929	,	17	,	8	)
(	3930	,	18	,	8	)
(	3931	,	19	,	8	)
(	3932	,	20	,	8	)
(	3933	,	21	,	8	)
(	3934	,	22	,	8	)
(	3935	,	23	,	8	)
(	3936	,	24	,	8	)
(	3937	,	1	,	8	)
(	3938	,	2	,	8	)
(	3939	,	3	,	8	)
(	3940	,	4	,	8	)
(	3941	,	5	,	8	)
(	3942	,	6	,	8	)
(	3943	,	7	,	8	)
(	3944	,	8	,	8	)
(	3945	,	9	,	8	)
(	3946	,	10	,	8	)
(	3947	,	11	,	8	)
(	3948	,	12	,	8	)
(	3949	,	13	,	8	)
(	3950	,	14	,	8	)
(	3951	,	15	,	8	)
(	3952	,	16	,	8	)
(	3953	,	17	,	8	)
(	3954	,	18	,	8	)
(	3955	,	19	,	8	)
(	3956	,	20	,	8	)
(	3957	,	21	,	8	)
(	3958	,	22	,	8	)
(	3959	,	23	,	8	)
(	3960	,	24	,	8	)
(	3961	,	1	,	7	)
(	3962	,	2	,	7	)
(	3963	,	3	,	7	)
(	3964	,	4	,	7	)
(	3965	,	5	,	7	)
(	3966	,	6	,	7	)
(	3967	,	7	,	7	)
(	3968	,	8	,	7	)
(	3969	,	9	,	7	)
(	3970	,	10	,	7	)
(	3971	,	11	,	7	)
(	3972	,	12	,	7	)
(	3973	,	13	,	7	)
(	3974	,	14	,	7	)
(	3975	,	15	,	7	)
(	3976	,	16	,	7	)
(	3977	,	17	,	7	)
(	3978	,	18	,	7	)
(	3979	,	19	,	7	)
(	3980	,	20	,	7	)
(	3981	,	21	,	7	)
(	3982	,	22	,	7	)
(	3983	,	23	,	7	)
(	3984	,	24	,	7	)
(	3985	,	1	,	6	)
(	3986	,	2	,	6	)
(	3987	,	3	,	6	)
(	3988	,	4	,	6	)
(	3989	,	5	,	6	)
(	3990	,	6	,	6	)
(	3991	,	7	,	6	)
(	3992	,	8	,	6	)
(	3993	,	9	,	6	)
(	3994	,	10	,	6	)
(	3995	,	11	,	6	)
(	3996	,	12	,	6	)
(	3997	,	13	,	6	)
(	3998	,	14	,	6	)
(	3999	,	15	,	6	)
(	4000	,	16	,	6	)
(	4001	,	17	,	6	)
(	4002	,	18	,	6	)
(	4003	,	19	,	6	)
(	4004	,	20	,	6	)
(	4005	,	21	,	6	)
(	4006	,	22	,	6	)
(	4007	,	23	,	6	)
(	4008	,	24	,	6	)
(	4009	,	1	,	2	)
(	4010	,	2	,	2	)
(	4011	,	3	,	2	)
(	4012	,	4	,	2	)
(	4013	,	5	,	2	)
(	4014	,	6	,	2	)
(	4015	,	7	,	2	)
(	4016	,	8	,	2	)
(	4017	,	9	,	2	)
(	4018	,	10	,	2	)
(	4019	,	11	,	2	)
(	4020	,	12	,	2	)
(	4021	,	13	,	2	)
(	4022	,	14	,	2	)
(	4023	,	15	,	2	)
(	4024	,	16	,	2	)
(	4025	,	17	,	2	)
(	4026	,	18	,	2	)
(	4027	,	19	,	2	)
(	4028	,	20	,	2	)
(	4029	,	21	,	2	)
(	4030	,	22	,	2	)
(	4031	,	23	,	2	)
(	4032	,	24	,	2	)
(	4033	,	1	,	8	)
(	4034	,	2	,	8	)
(	4035	,	3	,	8	)
(	4036	,	4	,	8	)
(	4037	,	5	,	8	)
(	4038	,	6	,	8	)
(	4039	,	7	,	8	)
(	4040	,	8	,	8	)
(	4041	,	9	,	8	)
(	4042	,	10	,	8	)
(	4043	,	11	,	8	)
(	4044	,	12	,	8	)
(	4045	,	13	,	8	)
(	4046	,	14	,	8	)
(	4047	,	15	,	8	)
(	4048	,	16	,	8	)
(	4049	,	17	,	8	)
(	4050	,	18	,	8	)
(	4051	,	19	,	8	)
(	4052	,	20	,	8	)
(	4053	,	21	,	8	)
(	4054	,	22	,	8	)
(	4055	,	23	,	8	)
(	4056	,	24	,	8	)
(	4057	,	1	,	8	)
(	4058	,	2	,	8	)
(	4059	,	3	,	8	)
(	4060	,	4	,	8	)
(	4061	,	5	,	8	)
(	4062	,	6	,	8	)
(	4063	,	7	,	8	)
(	4064	,	8	,	8	)
(	4065	,	9	,	8	)
(	4066	,	10	,	8	)
(	4067	,	11	,	8	)
(	4068	,	12	,	8	)
(	4069	,	13	,	8	)
(	4070	,	14	,	8	)
(	4071	,	15	,	8	)
(	4072	,	16	,	8	)
(	4073	,	17	,	8	)
(	4074	,	18	,	8	)
(	4075	,	19	,	8	)
(	4076	,	20	,	8	)
(	4077	,	21	,	8	)
(	4078	,	22	,	8	)
(	4079	,	23	,	8	)
(	4080	,	24	,	8	)
(	4081	,	1	,	8	)
(	4082	,	2	,	8	)
(	4083	,	3	,	8	)
(	4084	,	4	,	8	)
(	4085	,	5	,	8	)
(	4086	,	6	,	8	)
(	4087	,	7	,	8	)
(	4088	,	8	,	8	)
(	4089	,	9	,	8	)
(	4090	,	10	,	8	)
(	4091	,	11	,	8	)
(	4092	,	12	,	8	)
(	4093	,	13	,	8	)
(	4094	,	14	,	8	)
(	4095	,	15	,	8	)
(	4096	,	16	,	8	)
(	4097	,	17	,	8	)
(	4098	,	18	,	8	)
(	4099	,	19	,	8	)
(	4100	,	20	,	8	)
(	4101	,	21	,	8	)
(	4102	,	22	,	8	)
(	4103	,	23	,	8	)
(	4104	,	24	,	8	)
(	4105	,	1	,	8	)
(	4106	,	2	,	8	)
(	4107	,	3	,	8	)
(	4108	,	4	,	8	)
(	4109	,	5	,	8	)
(	4110	,	6	,	8	)
(	4111	,	7	,	8	)
(	4112	,	8	,	8	)
(	4113	,	9	,	8	)
(	4114	,	10	,	8	)
(	4115	,	11	,	8	)
(	4116	,	12	,	8	)
(	4117	,	13	,	8	)
(	4118	,	14	,	8	)
(	4119	,	15	,	8	)
(	4120	,	16	,	8	)
(	4121	,	17	,	8	)
(	4122	,	18	,	8	)
(	4123	,	19	,	8	)
(	4124	,	20	,	8	)
(	4125	,	21	,	8	)
(	4126	,	22	,	8	)
(	4127	,	23	,	8	)
(	4128	,	24	,	8	)
(	4129	,	1	,	9	)
(	4130	,	2	,	9	)
(	4131	,	3	,	9	)
(	4132	,	4	,	9	)
(	4133	,	5	,	9	)
(	4134	,	6	,	9	)
(	4135	,	7	,	9	)
(	4136	,	8	,	9	)
(	4137	,	9	,	9	)
(	4138	,	10	,	9	)
(	4139	,	11	,	9	)
(	4140	,	12	,	9	)
(	4141	,	13	,	9	)
(	4142	,	14	,	9	)
(	4143	,	15	,	9	)
(	4144	,	16	,	9	)
(	4145	,	17	,	9	)
(	4146	,	18	,	9	)
(	4147	,	19	,	9	)
(	4148	,	20	,	9	)
(	4149	,	21	,	9	)
(	4150	,	22	,	9	)
(	4151	,	23	,	9	)
(	4152	,	24	,	9	)
(	4153	,	1	,	9	)
(	4154	,	2	,	9	)
(	4155	,	3	,	9	)
(	4156	,	4	,	9	)
(	4157	,	5	,	9	)
(	4158	,	6	,	9	)
(	4159	,	7	,	9	)
(	4160	,	8	,	9	)
(	4161	,	9	,	9	)
(	4162	,	10	,	9	)
(	4163	,	11	,	9	)
(	4164	,	12	,	9	)
(	4165	,	13	,	9	)
(	4166	,	14	,	9	)
(	4167	,	15	,	9	)
(	4168	,	16	,	9	)
(	4169	,	17	,	9	)
(	4170	,	18	,	9	)
(	4171	,	19	,	9	)
(	4172	,	20	,	9	)
(	4173	,	21	,	9	)
(	4174	,	22	,	9	)
(	4175	,	23	,	9	)
(	4176	,	24	,	9	)
(	4177	,	1	,	2	)
(	4178	,	2	,	2	)
(	4179	,	3	,	2	)
(	4180	,	4	,	2	)
(	4181	,	5	,	2	)
(	4182	,	6	,	2	)
(	4183	,	7	,	2	)
(	4184	,	8	,	2	)
(	4185	,	9	,	2	)
(	4186	,	10	,	2	)
(	4187	,	11	,	2	)
(	4188	,	12	,	2	)
(	4189	,	13	,	2	)
(	4190	,	14	,	2	)
(	4191	,	15	,	2	)
(	4192	,	16	,	2	)
(	4193	,	17	,	2	)
(	4194	,	18	,	2	)
(	4195	,	19	,	2	)
(	4196	,	20	,	2	)
(	4197	,	21	,	2	)
(	4198	,	22	,	2	)
(	4199	,	23	,	2	)
(	4200	,	24	,	2	)
(	4201	,	1	,	8	)
(	4202	,	2	,	8	)
(	4203	,	3	,	8	)
(	4204	,	4	,	8	)
(	4205	,	5	,	8	)
(	4206	,	6	,	8	)
(	4207	,	7	,	8	)
(	4208	,	8	,	8	)
(	4209	,	9	,	8	)
(	4210	,	10	,	8	)
(	4211	,	11	,	8	)
(	4212	,	12	,	8	)
(	4213	,	13	,	8	)
(	4214	,	14	,	8	)
(	4215	,	15	,	8	)
(	4216	,	16	,	8	)
(	4217	,	17	,	8	)
(	4218	,	18	,	8	)
(	4219	,	19	,	8	)
(	4220	,	20	,	8	)
(	4221	,	21	,	8	)
(	4222	,	22	,	8	)
(	4223	,	23	,	8	)
(	4224	,	24	,	8	)
(	4225	,	1	,	8	)
(	4226	,	2	,	8	)
(	4227	,	3	,	8	)
(	4228	,	4	,	8	)
(	4229	,	5	,	8	)
(	4230	,	6	,	8	)
(	4231	,	7	,	8	)
(	4232	,	8	,	8	)
(	4233	,	9	,	8	)
(	4234	,	10	,	8	)
(	4235	,	11	,	8	)
(	4236	,	12	,	8	)
(	4237	,	13	,	8	)
(	4238	,	14	,	8	)
(	4239	,	15	,	8	)
(	4240	,	16	,	8	)
(	4241	,	17	,	8	)
(	4242	,	18	,	8	)
(	4243	,	19	,	8	)
(	4244	,	20	,	8	)
(	4245	,	21	,	8	)
(	4246	,	22	,	8	)
(	4247	,	23	,	8	)
(	4248	,	24	,	8	)
(	4249	,	1	,	8	)
(	4250	,	2	,	8	)
(	4251	,	3	,	8	)
(	4252	,	4	,	8	)
(	4253	,	5	,	8	)
(	4254	,	6	,	8	)
(	4255	,	7	,	8	)
(	4256	,	8	,	8	)
(	4257	,	9	,	8	)
(	4258	,	10	,	8	)
(	4259	,	11	,	8	)
(	4260	,	12	,	8	)
(	4261	,	13	,	8	)
(	4262	,	14	,	8	)
(	4263	,	15	,	8	)
(	4264	,	16	,	8	)
(	4265	,	17	,	8	)
(	4266	,	18	,	8	)
(	4267	,	19	,	8	)
(	4268	,	20	,	8	)
(	4269	,	21	,	8	)
(	4270	,	22	,	8	)
(	4271	,	23	,	8	)
(	4272	,	24	,	8	)
(	4273	,	1	,	8	)
(	4274	,	2	,	8	)
(	4275	,	3	,	8	)
(	4276	,	4	,	8	)
(	4277	,	5	,	8	)
(	4278	,	6	,	8	)
(	4279	,	7	,	8	)
(	4280	,	8	,	8	)
(	4281	,	9	,	8	)
(	4282	,	10	,	8	)
(	4283	,	11	,	8	)
(	4284	,	12	,	8	)
(	4285	,	13	,	8	)
(	4286	,	14	,	8	)
(	4287	,	15	,	8	)
(	4288	,	16	,	8	)
(	4289	,	17	,	8	)
(	4290	,	18	,	8	)
(	4291	,	19	,	8	)
(	4292	,	20	,	8	)
(	4293	,	21	,	8	)
(	4294	,	22	,	8	)
(	4295	,	23	,	8	)
(	4296	,	24	,	8	)
(	4297	,	1	,	7	)
(	4298	,	2	,	7	)
(	4299	,	3	,	7	)
(	4300	,	4	,	7	)
(	4301	,	5	,	7	)
(	4302	,	6	,	7	)
(	4303	,	7	,	7	)
(	4304	,	8	,	7	)
(	4305	,	9	,	7	)
(	4306	,	10	,	7	)
(	4307	,	11	,	7	)
(	4308	,	12	,	7	)
(	4309	,	13	,	7	)
(	4310	,	14	,	7	)
(	4311	,	15	,	7	)
(	4312	,	16	,	7	)
(	4313	,	17	,	7	)
(	4314	,	18	,	7	)
(	4315	,	19	,	7	)
(	4316	,	20	,	7	)
(	4317	,	21	,	7	)
(	4318	,	22	,	7	)
(	4319	,	23	,	7	)
(	4320	,	24	,	7	)
(	4321	,	1	,	7	)
(	4322	,	2	,	7	)
(	4323	,	3	,	7	)
(	4324	,	4	,	7	)
(	4325	,	5	,	7	)
(	4326	,	6	,	7	)
(	4327	,	7	,	7	)
(	4328	,	8	,	7	)
(	4329	,	9	,	7	)
(	4330	,	10	,	7	)
(	4331	,	11	,	7	)
(	4332	,	12	,	7	)
(	4333	,	13	,	7	)
(	4334	,	14	,	7	)
(	4335	,	15	,	7	)
(	4336	,	16	,	7	)
(	4337	,	17	,	7	)
(	4338	,	18	,	7	)
(	4339	,	19	,	7	)
(	4340	,	20	,	7	)
(	4341	,	21	,	7	)
(	4342	,	22	,	7	)
(	4343	,	23	,	7	)
(	4344	,	24	,	7	)
(	4345	,	1	,	8	)
(	4346	,	2	,	8	)
(	4347	,	3	,	8	)
(	4348	,	4	,	8	)
(	4349	,	5	,	8	)
(	4350	,	6	,	8	)
(	4351	,	7	,	8	)
(	4352	,	8	,	8	)
(	4353	,	9	,	8	)
(	4354	,	10	,	8	)
(	4355	,	11	,	8	)
(	4356	,	12	,	8	)
(	4357	,	13	,	8	)
(	4358	,	14	,	8	)
(	4359	,	15	,	8	)
(	4360	,	16	,	8	)
(	4361	,	17	,	8	)
(	4362	,	18	,	8	)
(	4363	,	19	,	8	)
(	4364	,	20	,	8	)
(	4365	,	21	,	8	)
(	4366	,	22	,	8	)
(	4367	,	23	,	8	)
(	4368	,	24	,	8	)
(	4369	,	1	,	11	)
(	4370	,	2	,	11	)
(	4371	,	3	,	11	)
(	4372	,	4	,	11	)
(	4373	,	5	,	11	)
(	4374	,	6	,	11	)
(	4375	,	7	,	11	)
(	4376	,	8	,	11	)
(	4377	,	9	,	11	)
(	4378	,	10	,	11	)
(	4379	,	11	,	11	)
(	4380	,	12	,	11	)
(	4381	,	13	,	11	)
(	4382	,	14	,	11	)
(	4383	,	15	,	11	)
(	4384	,	16	,	11	)
(	4385	,	17	,	11	)
(	4386	,	18	,	11	)
(	4387	,	19	,	11	)
(	4388	,	20	,	11	)
(	4389	,	21	,	11	)
(	4390	,	22	,	11	)
(	4391	,	23	,	11	)
(	4392	,	24	,	11	)
(	4393	,	1	,	9	)
(	4394	,	2	,	9	)
(	4395	,	3	,	9	)
(	4396	,	4	,	9	)
(	4397	,	5	,	9	)
(	4398	,	6	,	9	)
(	4399	,	7	,	9	)
(	4400	,	8	,	9	)
(	4401	,	9	,	9	)
(	4402	,	10	,	9	)
(	4403	,	11	,	9	)
(	4404	,	12	,	9	)
(	4405	,	13	,	9	)
(	4406	,	14	,	9	)
(	4407	,	15	,	9	)
(	4408	,	16	,	9	)
(	4409	,	17	,	9	)
(	4410	,	18	,	9	)
(	4411	,	19	,	9	)
(	4412	,	20	,	9	)
(	4413	,	21	,	9	)
(	4414	,	22	,	9	)
(	4415	,	23	,	9	)
(	4416	,	24	,	9	)
(	4417	,	1	,	9	)
(	4418	,	2	,	9	)
(	4419	,	3	,	9	)
(	4420	,	4	,	9	)
(	4421	,	5	,	9	)
(	4422	,	6	,	9	)
(	4423	,	7	,	9	)
(	4424	,	8	,	9	)
(	4425	,	9	,	9	)
(	4426	,	10	,	9	)
(	4427	,	11	,	9	)
(	4428	,	12	,	9	)
(	4429	,	13	,	9	)
(	4430	,	14	,	9	)
(	4431	,	15	,	9	)
(	4432	,	16	,	9	)
(	4433	,	17	,	9	)
(	4434	,	18	,	9	)
(	4435	,	19	,	9	)
(	4436	,	20	,	9	)
(	4437	,	21	,	9	)
(	4438	,	22	,	9	)
(	4439	,	23	,	9	)
(	4440	,	24	,	9	)
(	4441	,	1	,	11	)
(	4442	,	2	,	11	)
(	4443	,	3	,	11	)
(	4444	,	4	,	11	)
(	4445	,	5	,	11	)
(	4446	,	6	,	11	)
(	4447	,	7	,	11	)
(	4448	,	8	,	11	)
(	4449	,	9	,	11	)
(	4450	,	10	,	11	)
(	4451	,	11	,	11	)
(	4452	,	12	,	11	)
(	4453	,	13	,	11	)
(	4454	,	14	,	11	)
(	4455	,	15	,	11	)
(	4456	,	16	,	11	)
(	4457	,	17	,	11	)
(	4458	,	18	,	11	)
(	4459	,	19	,	11	)
(	4460	,	20	,	11	)
(	4461	,	21	,	11	)
(	4462	,	22	,	11	)
(	4463	,	23	,	11	)
(	4464	,	24	,	11	)
(	4465	,	1	,	9	)
(	4466	,	2	,	9	)
(	4467	,	3	,	9	)
(	4468	,	4	,	9	)
(	4469	,	5	,	9	)
(	4470	,	6	,	9	)
(	4471	,	7	,	9	)
(	4472	,	8	,	9	)
(	4473	,	9	,	9	)
(	4474	,	10	,	9	)
(	4475	,	11	,	9	)
(	4476	,	12	,	9	)
(	4477	,	13	,	9	)
(	4478	,	14	,	9	)
(	4479	,	15	,	9	)
(	4480	,	16	,	9	)
(	4481	,	17	,	9	)
(	4482	,	18	,	9	)
(	4483	,	19	,	9	)
(	4484	,	20	,	9	)
(	4485	,	21	,	9	)
(	4486	,	22	,	9	)
(	4487	,	23	,	9	)
(	4488	,	24	,	9	)
(	4489	,	1	,	9	)
(	4490	,	2	,	9	)
(	4491	,	3	,	9	)
(	4492	,	4	,	9	)
(	4493	,	5	,	9	)
(	4494	,	6	,	9	)
(	4495	,	7	,	9	)
(	4496	,	8	,	9	)
(	4497	,	9	,	9	)
(	4498	,	10	,	9	)
(	4499	,	11	,	9	)
(	4500	,	12	,	9	)
(	4501	,	13	,	9	)
(	4502	,	14	,	9	)
(	4503	,	15	,	9	)
(	4504	,	16	,	9	)
(	4505	,	17	,	9	)
(	4506	,	18	,	9	)
(	4507	,	19	,	9	)
(	4508	,	20	,	9	)
(	4509	,	21	,	9	)
(	4510	,	22	,	9	)
(	4511	,	23	,	9	)
(	4512	,	24	,	9	)
(	4513	,	1	,	11	)
(	4514	,	2	,	11	)
(	4515	,	3	,	11	)
(	4516	,	4	,	11	)
(	4517	,	5	,	11	)
(	4518	,	6	,	11	)
(	4519	,	7	,	11	)
(	4520	,	8	,	11	)
(	4521	,	9	,	11	)
(	4522	,	10	,	11	)
(	4523	,	11	,	11	)
(	4524	,	12	,	11	)
(	4525	,	13	,	11	)
(	4526	,	14	,	11	)
(	4527	,	15	,	11	)
(	4528	,	16	,	11	)
(	4529	,	17	,	11	)
(	4530	,	18	,	11	)
(	4531	,	19	,	11	)
(	4532	,	20	,	11	)
(	4533	,	21	,	11	)
(	4534	,	22	,	11	)
(	4535	,	23	,	11	)
(	4536	,	24	,	11	)
(	4537	,	1	,	9	)
(	4538	,	2	,	9	)
(	4539	,	3	,	9	)
(	4540	,	4	,	9	)
(	4541	,	5	,	9	)
(	4542	,	6	,	9	)
(	4543	,	7	,	9	)
(	4544	,	8	,	9	)
(	4545	,	9	,	9	)
(	4546	,	10	,	9	)
(	4547	,	11	,	9	)
(	4548	,	12	,	9	)
(	4549	,	13	,	9	)
(	4550	,	14	,	9	)
(	4551	,	15	,	9	)
(	4552	,	16	,	9	)
(	4553	,	17	,	9	)
(	4554	,	18	,	9	)
(	4555	,	19	,	9	)
(	4556	,	20	,	9	)
(	4557	,	21	,	9	)
(	4558	,	22	,	9	)
(	4559	,	23	,	9	)
(	4560	,	24	,	9	)
(	4561	,	1	,	9	)
(	4562	,	2	,	9	)
(	4563	,	3	,	9	)
(	4564	,	4	,	9	)
(	4565	,	5	,	9	)
(	4566	,	6	,	9	)
(	4567	,	7	,	9	)
(	4568	,	8	,	9	)
(	4569	,	9	,	9	)
(	4570	,	10	,	9	)
(	4571	,	11	,	9	)
(	4572	,	12	,	9	)
(	4573	,	13	,	9	)
(	4574	,	14	,	9	)
(	4575	,	15	,	9	)
(	4576	,	16	,	9	)
(	4577	,	17	,	9	)
(	4578	,	18	,	9	)
(	4579	,	19	,	9	)
(	4580	,	20	,	9	)
(	4581	,	21	,	9	)
(	4582	,	22	,	9	)
(	4583	,	23	,	9	)
(	4584	,	24	,	9	)
(	4585	,	1	,	11	)
(	4586	,	2	,	11	)
(	4587	,	3	,	11	)
(	4588	,	4	,	11	)
(	4589	,	5	,	11	)
(	4590	,	6	,	11	)
(	4591	,	7	,	11	)
(	4592	,	8	,	11	)
(	4593	,	9	,	11	)
(	4594	,	10	,	11	)
(	4595	,	11	,	11	)
(	4596	,	12	,	11	)
(	4597	,	13	,	11	)
(	4598	,	14	,	11	)
(	4599	,	15	,	11	)
(	4600	,	16	,	11	)
(	4601	,	17	,	11	)
(	4602	,	18	,	11	)
(	4603	,	19	,	11	)
(	4604	,	20	,	11	)
(	4605	,	21	,	11	)
(	4606	,	22	,	11	)
(	4607	,	23	,	11	)
(	4608	,	24	,	11	)
(	4609	,	1	,	9	)
(	4610	,	2	,	9	)
(	4611	,	3	,	9	)
(	4612	,	4	,	9	)
(	4613	,	5	,	9	)
(	4614	,	6	,	9	)
(	4615	,	7	,	9	)
(	4616	,	8	,	9	)
(	4617	,	9	,	9	)
(	4618	,	10	,	9	)
(	4619	,	11	,	9	)
(	4620	,	12	,	9	)
(	4621	,	13	,	9	)
(	4622	,	14	,	9	)
(	4623	,	15	,	9	)
(	4624	,	16	,	9	)
(	4625	,	17	,	9	)
(	4626	,	18	,	9	)
(	4627	,	19	,	9	)
(	4628	,	20	,	9	)
(	4629	,	21	,	9	)
(	4630	,	22	,	9	)
(	4631	,	23	,	9	)
(	4632	,	24	,	9	)
(	4633	,	1	,	9	)
(	4634	,	2	,	9	)
(	4635	,	3	,	9	)
(	4636	,	4	,	9	)
(	4637	,	5	,	9	)
(	4638	,	6	,	9	)
(	4639	,	7	,	9	)
(	4640	,	8	,	9	)
(	4641	,	9	,	9	)
(	4642	,	10	,	9	)
(	4643	,	11	,	9	)
(	4644	,	12	,	9	)
(	4645	,	13	,	9	)
(	4646	,	14	,	9	)
(	4647	,	15	,	9	)
(	4648	,	16	,	9	)
(	4649	,	17	,	9	)
(	4650	,	18	,	9	)
(	4651	,	19	,	9	)
(	4652	,	20	,	9	)
(	4653	,	21	,	9	)
(	4654	,	22	,	9	)
(	4655	,	23	,	9	)
(	4656	,	24	,	9	)
(	4657	,	1	,	9	)
(	4658	,	2	,	9	)
(	4659	,	3	,	9	)
(	4660	,	4	,	9	)
(	4661	,	5	,	9	)
(	4662	,	6	,	9	)
(	4663	,	7	,	9	)
(	4664	,	8	,	9	)
(	4665	,	9	,	9	)
(	4666	,	10	,	9	)
(	4667	,	11	,	9	)
(	4668	,	12	,	9	)
(	4669	,	13	,	9	)
(	4670	,	14	,	9	)
(	4671	,	15	,	9	)
(	4672	,	16	,	9	)
(	4673	,	17	,	9	)
(	4674	,	18	,	9	)
(	4675	,	19	,	9	)
(	4676	,	20	,	9	)
(	4677	,	21	,	9	)
(	4678	,	22	,	9	)
(	4679	,	23	,	9	)
(	4680	,	24	,	9	)
(	4681	,	1	,	9	)
(	4682	,	2	,	9	)
(	4683	,	3	,	9	)
(	4684	,	4	,	9	)
(	4685	,	5	,	9	)
(	4686	,	6	,	9	)
(	4687	,	7	,	9	)
(	4688	,	8	,	9	)
(	4689	,	9	,	9	)
(	4690	,	10	,	9	)
(	4691	,	11	,	9	)
(	4692	,	12	,	9	)
(	4693	,	13	,	9	)
(	4694	,	14	,	9	)
(	4695	,	15	,	9	)
(	4696	,	16	,	9	)
(	4697	,	17	,	9	)
(	4698	,	18	,	9	)
(	4699	,	19	,	9	)
(	4700	,	20	,	9	)
(	4701	,	21	,	9	)
(	4702	,	22	,	9	)
(	4703	,	23	,	9	)
(	4704	,	24	,	9	)
(	4705	,	1	,	9	)
(	4706	,	2	,	9	)
(	4707	,	3	,	9	)
(	4708	,	4	,	9	)
(	4709	,	5	,	9	)
(	4710	,	6	,	9	)
(	4711	,	7	,	9	)
(	4712	,	8	,	9	)
(	4713	,	9	,	9	)
(	4714	,	10	,	9	)
(	4715	,	11	,	9	)
(	4716	,	12	,	9	)
(	4717	,	13	,	9	)
(	4718	,	14	,	9	)
(	4719	,	15	,	9	)
(	4720	,	16	,	9	)
(	4721	,	17	,	9	)
(	4722	,	18	,	9	)
(	4723	,	19	,	9	)
(	4724	,	20	,	9	)
(	4725	,	21	,	9	)
(	4726	,	22	,	9	)
(	4727	,	23	,	9	)
(	4728	,	24	,	9	)
(	4729	,	1	,	11	)
(	4730	,	2	,	11	)
(	4731	,	3	,	11	)
(	4732	,	4	,	11	)
(	4733	,	5	,	11	)
(	4734	,	6	,	11	)
(	4735	,	7	,	11	)
(	4736	,	8	,	11	)
(	4737	,	9	,	11	)
(	4738	,	10	,	11	)
(	4739	,	11	,	11	)
(	4740	,	12	,	11	)
(	4741	,	13	,	11	)
(	4742	,	14	,	11	)
(	4743	,	15	,	11	)
(	4744	,	16	,	11	)
(	4745	,	17	,	11	)
(	4746	,	18	,	11	)
(	4747	,	19	,	11	)
(	4748	,	20	,	11	)
(	4749	,	21	,	11	)
(	4750	,	22	,	11	)
(	4751	,	23	,	11	)
(	4752	,	24	,	11	)
(	4753	,	1	,	11	)
(	4754	,	2	,	11	)
(	4755	,	3	,	11	)
(	4756	,	4	,	11	)
(	4757	,	5	,	11	)
(	4758	,	6	,	11	)
(	4759	,	7	,	11	)
(	4760	,	8	,	11	)
(	4761	,	9	,	11	)
(	4762	,	10	,	11	)
(	4763	,	11	,	11	)
(	4764	,	12	,	11	)
(	4765	,	13	,	11	)
(	4766	,	14	,	11	)
(	4767	,	15	,	11	)
(	4768	,	16	,	11	)
(	4769	,	17	,	11	)
(	4770	,	18	,	11	)
(	4771	,	19	,	11	)
(	4772	,	20	,	11	)
(	4773	,	21	,	11	)
(	4774	,	22	,	11	)
(	4775	,	23	,	11	)
(	4776	,	24	,	11	)
(	4777	,	1	,	9	)
(	4778	,	2	,	9	)
(	4779	,	3	,	9	)
(	4780	,	4	,	9	)
(	4781	,	5	,	9	)
(	4782	,	6	,	9	)
(	4783	,	7	,	9	)
(	4784	,	8	,	9	)
(	4785	,	9	,	9	)
(	4786	,	10	,	9	)
(	4787	,	11	,	9	)
(	4788	,	12	,	9	)
(	4789	,	13	,	9	)
(	4790	,	14	,	9	)
(	4791	,	15	,	9	)
(	4792	,	16	,	9	)
(	4793	,	17	,	9	)
(	4794	,	18	,	9	)
(	4795	,	19	,	9	)
(	4796	,	20	,	9	)
(	4797	,	21	,	9	)
(	4798	,	22	,	9	)
(	4799	,	23	,	9	)
(	4800	,	24	,	9	)
(	4801	,	1	,	9	)
(	4802	,	2	,	9	)
(	4803	,	3	,	9	)
(	4804	,	4	,	9	)
(	4805	,	5	,	9	)
(	4806	,	6	,	9	)
(	4807	,	7	,	9	)
(	4808	,	8	,	9	)
(	4809	,	9	,	9	)
(	4810	,	10	,	9	)
(	4811	,	11	,	9	)
(	4812	,	12	,	9	)
(	4813	,	13	,	9	)
(	4814	,	14	,	9	)
(	4815	,	15	,	9	)
(	4816	,	16	,	9	)
(	4817	,	17	,	9	)
(	4818	,	18	,	9	)
(	4819	,	19	,	9	)
(	4820	,	20	,	9	)
(	4821	,	21	,	9	)
(	4822	,	22	,	9	)
(	4823	,	23	,	9	)
(	4824	,	24	,	9	)
(	4825	,	1	,	9	)
(	4826	,	2	,	9	)
(	4827	,	3	,	9	)
(	4828	,	4	,	9	)
(	4829	,	5	,	9	)
(	4830	,	6	,	9	)
(	4831	,	7	,	9	)
(	4832	,	8	,	9	)
(	4833	,	9	,	9	)
(	4834	,	10	,	9	)
(	4835	,	11	,	9	)
(	4836	,	12	,	9	)
(	4837	,	13	,	9	)
(	4838	,	14	,	9	)
(	4839	,	15	,	9	)
(	4840	,	16	,	9	)
(	4841	,	17	,	9	)
(	4842	,	18	,	9	)
(	4843	,	19	,	9	)
(	4844	,	20	,	9	)
(	4845	,	21	,	9	)
(	4846	,	22	,	9	)
(	4847	,	23	,	9	)
(	4848	,	24	,	9	)
(	4849	,	1	,	9	)
(	4850	,	2	,	9	)
(	4851	,	3	,	9	)
(	4852	,	4	,	9	)
(	4853	,	5	,	9	)
(	4854	,	6	,	9	)
(	4855	,	7	,	9	)
(	4856	,	8	,	9	)
(	4857	,	9	,	9	)
(	4858	,	10	,	9	)
(	4859	,	11	,	9	)
(	4860	,	12	,	9	)
(	4861	,	13	,	9	)
(	4862	,	14	,	9	)
(	4863	,	15	,	9	)
(	4864	,	16	,	9	)
(	4865	,	17	,	9	)
(	4866	,	18	,	9	)
(	4867	,	19	,	9	)
(	4868	,	20	,	9	)
(	4869	,	21	,	9	)
(	4870	,	22	,	9	)
(	4871	,	23	,	9	)
(	4872	,	24	,	9	)
(	4873	,	1	,	9	)
(	4874	,	2	,	9	)
(	4875	,	3	,	9	)
(	4876	,	4	,	9	)
(	4877	,	5	,	9	)
(	4878	,	6	,	9	)
(	4879	,	7	,	9	)
(	4880	,	8	,	9	)
(	4881	,	9	,	9	)
(	4882	,	10	,	9	)
(	4883	,	11	,	9	)
(	4884	,	12	,	9	)
(	4885	,	13	,	9	)
(	4886	,	14	,	9	)
(	4887	,	15	,	9	)
(	4888	,	16	,	9	)
(	4889	,	17	,	9	)
(	4890	,	18	,	9	)
(	4891	,	19	,	9	)
(	4892	,	20	,	9	)
(	4893	,	21	,	9	)
(	4894	,	22	,	9	)
(	4895	,	23	,	9	)
(	4896	,	24	,	9	)
(	4897	,	1	,	9	)
(	4898	,	2	,	9	)
(	4899	,	3	,	9	)
(	4900	,	4	,	9	)
(	4901	,	5	,	9	)
(	4902	,	6	,	9	)
(	4903	,	7	,	9	)
(	4904	,	8	,	9	)
(	4905	,	9	,	9	)
(	4906	,	10	,	9	)
(	4907	,	11	,	9	)
(	4908	,	12	,	9	)
(	4909	,	13	,	9	)
(	4910	,	14	,	9	)
(	4911	,	15	,	9	)
(	4912	,	16	,	9	)
(	4913	,	17	,	9	)
(	4914	,	18	,	9	)
(	4915	,	19	,	9	)
(	4916	,	20	,	9	)
(	4917	,	21	,	9	)
(	4918	,	22	,	9	)
(	4919	,	23	,	9	)
(	4920	,	24	,	9	)
(	4921	,	1	,	9	)
(	4922	,	2	,	9	)
(	4923	,	3	,	9	)
(	4924	,	4	,	9	)
(	4925	,	5	,	9	)
(	4926	,	6	,	9	)
(	4927	,	7	,	9	)
(	4928	,	8	,	9	)
(	4929	,	9	,	9	)
(	4930	,	10	,	9	)
(	4931	,	11	,	9	)
(	4932	,	12	,	9	)
(	4933	,	13	,	9	)
(	4934	,	14	,	9	)
(	4935	,	15	,	9	)
(	4936	,	16	,	9	)
(	4937	,	17	,	9	)
(	4938	,	18	,	9	)
(	4939	,	19	,	9	)
(	4940	,	20	,	9	)
(	4941	,	21	,	9	)
(	4942	,	22	,	9	)
(	4943	,	23	,	9	)
(	4944	,	24	,	9	)
(	4945	,	1	,	9	)
(	4946	,	2	,	9	)
(	4947	,	3	,	9	)
(	4948	,	4	,	9	)
(	4949	,	5	,	9	)
(	4950	,	6	,	9	)
(	4951	,	7	,	9	)
(	4952	,	8	,	9	)
(	4953	,	9	,	9	)
(	4954	,	10	,	9	)
(	4955	,	11	,	9	)
(	4956	,	12	,	9	)
(	4957	,	13	,	9	)
(	4958	,	14	,	9	)
(	4959	,	15	,	9	)
(	4960	,	16	,	9	)
(	4961	,	17	,	9	)
(	4962	,	18	,	9	)
(	4963	,	19	,	9	)
(	4964	,	20	,	9	)
(	4965	,	21	,	9	)
(	4966	,	22	,	9	)
(	4967	,	23	,	9	)
(	4968	,	24	,	9	)
(	4969	,	1	,	10	)
(	4970	,	2	,	10	)
(	4971	,	3	,	10	)
(	4972	,	4	,	10	)
(	4973	,	5	,	10	)
(	4974	,	6	,	10	)
(	4975	,	7	,	10	)
(	4976	,	8	,	10	)
(	4977	,	9	,	10	)
(	4978	,	10	,	10	)
(	4979	,	11	,	10	)
(	4980	,	12	,	10	)
(	4981	,	13	,	10	)
(	4982	,	14	,	10	)
(	4983	,	15	,	10	)
(	4984	,	16	,	10	)
(	4985	,	17	,	10	)
(	4986	,	18	,	10	)
(	4987	,	19	,	10	)
(	4988	,	20	,	10	)
(	4989	,	21	,	10	)
(	4990	,	22	,	10	)
(	4991	,	23	,	10	)
(	4992	,	24	,	10	)
(	4993	,	1	,	10	)
(	4994	,	2	,	10	)
(	4995	,	3	,	10	)
(	4996	,	4	,	10	)
(	4997	,	5	,	10	)
(	4998	,	6	,	10	)
(	4999	,	7	,	10	)
(	5000	,	8	,	10	)
(	5001	,	9	,	10	)
(	5002	,	10	,	10	)
(	5003	,	11	,	10	)
(	5004	,	12	,	10	)
(	5005	,	13	,	10	)
(	5006	,	14	,	10	)
(	5007	,	15	,	10	)
(	5008	,	16	,	10	)
(	5009	,	17	,	10	)
(	5010	,	18	,	10	)
(	5011	,	19	,	10	)
(	5012	,	20	,	10	)
(	5013	,	21	,	10	)
(	5014	,	22	,	10	)
(	5015	,	23	,	10	)
(	5016	,	24	,	10	)
(	5017	,	1	,	13	)
(	5018	,	2	,	13	)
(	5019	,	3	,	13	)
(	5020	,	4	,	13	)
(	5021	,	5	,	13	)
(	5022	,	6	,	13	)
(	5023	,	7	,	13	)
(	5024	,	8	,	13	)
(	5025	,	9	,	13	)
(	5026	,	10	,	13	)
(	5027	,	11	,	13	)
(	5028	,	12	,	13	)
(	5029	,	13	,	13	)
(	5030	,	14	,	13	)
(	5031	,	15	,	13	)
(	5032	,	16	,	13	)
(	5033	,	17	,	13	)
(	5034	,	18	,	13	)
(	5035	,	19	,	13	)
(	5036	,	20	,	13	)
(	5037	,	21	,	13	)
(	5038	,	22	,	13	)
(	5039	,	23	,	13	)
(	5040	,	24	,	13	)
(	5041	,	1	,	11	)
(	5042	,	2	,	11	)
(	5043	,	3	,	11	)
(	5044	,	4	,	11	)
(	5045	,	5	,	11	)
(	5046	,	6	,	11	)
(	5047	,	7	,	11	)
(	5048	,	8	,	11	)
(	5049	,	9	,	11	)
(	5050	,	10	,	11	)
(	5051	,	11	,	11	)
(	5052	,	12	,	11	)
(	5053	,	13	,	11	)
(	5054	,	14	,	11	)
(	5055	,	15	,	11	)
(	5056	,	16	,	11	)
(	5057	,	17	,	11	)
(	5058	,	18	,	11	)
(	5059	,	19	,	11	)
(	5060	,	20	,	11	)
(	5061	,	21	,	11	)
(	5062	,	22	,	11	)
(	5063	,	23	,	11	)
(	5064	,	24	,	11	)
(	5065	,	1	,	9	)
(	5066	,	2	,	9	)
(	5067	,	3	,	9	)
(	5068	,	4	,	9	)
(	5069	,	5	,	9	)
(	5070	,	6	,	9	)
(	5071	,	7	,	9	)
(	5072	,	8	,	9	)
(	5073	,	9	,	9	)
(	5074	,	10	,	9	)
(	5075	,	11	,	9	)
(	5076	,	12	,	9	)
(	5077	,	13	,	9	)
(	5078	,	14	,	9	)
(	5079	,	15	,	9	)
(	5080	,	16	,	9	)
(	5081	,	17	,	9	)
(	5082	,	18	,	9	)
(	5083	,	19	,	9	)
(	5084	,	20	,	9	)
(	5085	,	21	,	9	)
(	5086	,	22	,	9	)
(	5087	,	23	,	9	)
(	5088	,	24	,	9	)
(	5089	,	1	,	9	)
(	5090	,	2	,	9	)
(	5091	,	3	,	9	)
(	5092	,	4	,	9	)
(	5093	,	5	,	9	)
(	5094	,	6	,	9	)
(	5095	,	7	,	9	)
(	5096	,	8	,	9	)
(	5097	,	9	,	9	)
(	5098	,	10	,	9	)
(	5099	,	11	,	9	)
(	5100	,	12	,	9	)
(	5101	,	13	,	9	)
(	5102	,	14	,	9	)
(	5103	,	15	,	9	)
(	5104	,	16	,	9	)
(	5105	,	17	,	9	)
(	5106	,	18	,	9	)
(	5107	,	19	,	9	)
(	5108	,	20	,	9	)
(	5109	,	21	,	9	)
(	5110	,	22	,	9	)
(	5111	,	23	,	9	)
(	5112	,	24	,	9	)
(	5113	,	1	,	15	)
(	5114	,	2	,	15	)
(	5115	,	3	,	15	)
(	5116	,	4	,	15	)
(	5117	,	5	,	15	)
(	5118	,	6	,	15	)
(	5119	,	7	,	15	)
(	5120	,	8	,	15	)
(	5121	,	9	,	15	)
(	5122	,	10	,	15	)
(	5123	,	11	,	15	)
(	5124	,	12	,	15	)
(	5125	,	13	,	15	)
(	5126	,	14	,	15	)
(	5127	,	15	,	15	)
(	5128	,	16	,	15	)
(	5129	,	17	,	15	)
(	5130	,	18	,	15	)
(	5131	,	19	,	15	)
(	5132	,	20	,	15	)
(	5133	,	21	,	15	)
(	5134	,	22	,	15	)
(	5135	,	23	,	15	)
(	5136	,	24	,	15	)
(	5137	,	1	,	11	)
(	5138	,	2	,	11	)
(	5139	,	3	,	11	)
(	5140	,	4	,	11	)
(	5141	,	5	,	11	)
(	5142	,	6	,	11	)
(	5143	,	7	,	11	)
(	5144	,	8	,	11	)
(	5145	,	9	,	11	)
(	5146	,	10	,	11	)
(	5147	,	11	,	11	)
(	5148	,	12	,	11	)
(	5149	,	13	,	11	)
(	5150	,	14	,	11	)
(	5151	,	15	,	11	)
(	5152	,	16	,	11	)
(	5153	,	17	,	11	)
(	5154	,	18	,	11	)
(	5155	,	19	,	11	)
(	5156	,	20	,	11	)
(	5157	,	21	,	11	)
(	5158	,	22	,	11	)
(	5159	,	23	,	11	)
(	5160	,	24	,	11	)
(	5161	,	1	,	9	)
(	5162	,	2	,	9	)
(	5163	,	3	,	9	)
(	5164	,	4	,	9	)
(	5165	,	5	,	9	)
(	5166	,	6	,	9	)
(	5167	,	7	,	9	)
(	5168	,	8	,	9	)
(	5169	,	9	,	9	)
(	5170	,	10	,	9	)
(	5171	,	11	,	9	)
(	5172	,	12	,	9	)
(	5173	,	13	,	9	)
(	5174	,	14	,	9	)
(	5175	,	15	,	9	)
(	5176	,	16	,	9	)
(	5177	,	17	,	9	)
(	5178	,	18	,	9	)
(	5179	,	19	,	9	)
(	5180	,	20	,	9	)
(	5181	,	21	,	9	)
(	5182	,	22	,	9	)
(	5183	,	23	,	9	)
(	5184	,	24	,	9	)
(	5185	,	1	,	10	)
(	5186	,	2	,	10	)
(	5187	,	3	,	10	)
(	5188	,	4	,	10	)
(	5189	,	5	,	10	)
(	5190	,	6	,	10	)
(	5191	,	7	,	10	)
(	5192	,	8	,	10	)
(	5193	,	9	,	10	)
(	5194	,	10	,	10	)
(	5195	,	11	,	10	)
(	5196	,	12	,	10	)
(	5197	,	13	,	10	)
(	5198	,	14	,	10	)
(	5199	,	15	,	10	)
(	5200	,	16	,	10	)
(	5201	,	17	,	10	)
(	5202	,	18	,	10	)
(	5203	,	19	,	10	)
(	5204	,	20	,	10	)
(	5205	,	21	,	10	)
(	5206	,	22	,	10	)
(	5207	,	23	,	10	)
(	5208	,	24	,	10	)
(	5209	,	1	,	9	)
(	5210	,	2	,	9	)
(	5211	,	3	,	9	)
(	5212	,	4	,	9	)
(	5213	,	5	,	9	)
(	5214	,	6	,	9	)
(	5215	,	7	,	9	)
(	5216	,	8	,	9	)
(	5217	,	9	,	9	)
(	5218	,	10	,	9	)
(	5219	,	11	,	9	)
(	5220	,	12	,	9	)
(	5221	,	13	,	9	)
(	5222	,	14	,	9	)
(	5223	,	15	,	9	)
(	5224	,	16	,	9	)
(	5225	,	17	,	9	)
(	5226	,	18	,	9	)
(	5227	,	19	,	9	)
(	5228	,	20	,	9	)
(	5229	,	21	,	9	)
(	5230	,	22	,	9	)
(	5231	,	23	,	9	)
(	5232	,	24	,	9	)
(	5233	,	1	,	9	)
(	5234	,	2	,	9	)
(	5235	,	3	,	9	)
(	5236	,	4	,	9	)
(	5237	,	5	,	9	)
(	5238	,	6	,	9	)
(	5239	,	7	,	9	)
(	5240	,	8	,	9	)
(	5241	,	9	,	9	)
(	5242	,	10	,	9	)
(	5243	,	11	,	9	)
(	5244	,	12	,	9	)
(	5245	,	13	,	9	)
(	5246	,	14	,	9	)
(	5247	,	15	,	9	)
(	5248	,	16	,	9	)
(	5249	,	17	,	9	)
(	5250	,	18	,	9	)
(	5251	,	19	,	9	)
(	5252	,	20	,	9	)
(	5253	,	21	,	9	)
(	5254	,	22	,	9	)
(	5255	,	23	,	9	)
(	5256	,	24	,	9	)
(	5257	,	1	,	10	)
(	5258	,	2	,	10	)
(	5259	,	3	,	10	)
(	5260	,	4	,	10	)
(	5261	,	5	,	10	)
(	5262	,	6	,	10	)
(	5263	,	7	,	10	)
(	5264	,	8	,	10	)
(	5265	,	9	,	10	)
(	5266	,	10	,	10	)
(	5267	,	11	,	10	)
(	5268	,	12	,	10	)
(	5269	,	13	,	10	)
(	5270	,	14	,	10	)
(	5271	,	15	,	10	)
(	5272	,	16	,	10	)
(	5273	,	17	,	10	)
(	5274	,	18	,	10	)
(	5275	,	19	,	10	)
(	5276	,	20	,	10	)
(	5277	,	21	,	10	)
(	5278	,	22	,	10	)
(	5279	,	23	,	10	)
(	5280	,	24	,	10	)
(	5281	,	1	,	11	)
(	5282	,	2	,	11	)
(	5283	,	3	,	11	)
(	5284	,	4	,	11	)
(	5285	,	5	,	11	)
(	5286	,	6	,	11	)
(	5287	,	7	,	11	)
(	5288	,	8	,	11	)
(	5289	,	9	,	11	)
(	5290	,	10	,	11	)
(	5291	,	11	,	11	)
(	5292	,	12	,	11	)
(	5293	,	13	,	11	)
(	5294	,	14	,	11	)
(	5295	,	15	,	11	)
(	5296	,	16	,	11	)
(	5297	,	17	,	11	)
(	5298	,	18	,	11	)
(	5299	,	19	,	11	)
(	5300	,	20	,	11	)
(	5301	,	21	,	11	)
(	5302	,	22	,	11	)
(	5303	,	23	,	11	)
(	5304	,	24	,	11	)
(	5305	,	1	,	9	)
(	5306	,	2	,	9	)
(	5307	,	3	,	9	)
(	5308	,	4	,	9	)
(	5309	,	5	,	9	)
(	5310	,	6	,	9	)
(	5311	,	7	,	9	)
(	5312	,	8	,	9	)
(	5313	,	9	,	9	)
(	5314	,	10	,	9	)
(	5315	,	11	,	9	)
(	5316	,	12	,	9	)
(	5317	,	13	,	9	)
(	5318	,	14	,	9	)
(	5319	,	15	,	9	)
(	5320	,	16	,	9	)
(	5321	,	17	,	9	)
(	5322	,	18	,	9	)
(	5323	,	19	,	9	)
(	5324	,	20	,	9	)
(	5325	,	21	,	9	)
(	5326	,	22	,	9	)
(	5327	,	23	,	9	)
(	5328	,	24	,	9	)
(	5329	,	1	,	11	)
(	5330	,	2	,	11	)
(	5331	,	3	,	11	)
(	5332	,	4	,	11	)
(	5333	,	5	,	11	)
(	5334	,	6	,	11	)
(	5335	,	7	,	11	)
(	5336	,	8	,	11	)
(	5337	,	9	,	11	)
(	5338	,	10	,	11	)
(	5339	,	11	,	11	)
(	5340	,	12	,	11	)
(	5341	,	13	,	11	)
(	5342	,	14	,	11	)
(	5343	,	15	,	11	)
(	5344	,	16	,	11	)
(	5345	,	17	,	11	)
(	5346	,	18	,	11	)
(	5347	,	19	,	11	)
(	5348	,	20	,	11	)
(	5349	,	21	,	11	)
(	5350	,	22	,	11	)
(	5351	,	23	,	11	)
(	5352	,	24	,	11	)
(	5353	,	1	,	9	)
(	5354	,	2	,	9	)
(	5355	,	3	,	9	)
(	5356	,	4	,	9	)
(	5357	,	5	,	9	)
(	5358	,	6	,	9	)
(	5359	,	7	,	9	)
(	5360	,	8	,	9	)
(	5361	,	9	,	9	)
(	5362	,	10	,	9	)
(	5363	,	11	,	9	)
(	5364	,	12	,	9	)
(	5365	,	13	,	9	)
(	5366	,	14	,	9	)
(	5367	,	15	,	9	)
(	5368	,	16	,	9	)
(	5369	,	17	,	9	)
(	5370	,	18	,	9	)
(	5371	,	19	,	9	)
(	5372	,	20	,	9	)
(	5373	,	21	,	9	)
(	5374	,	22	,	9	)
(	5375	,	23	,	9	)
(	5376	,	24	,	9	)
(	5377	,	1	,	11	)
(	5378	,	2	,	11	)
(	5379	,	3	,	11	)
(	5380	,	4	,	11	)
(	5381	,	5	,	11	)
(	5382	,	6	,	11	)
(	5383	,	7	,	11	)
(	5384	,	8	,	11	)
(	5385	,	9	,	11	)
(	5386	,	10	,	11	)
(	5387	,	11	,	11	)
(	5388	,	12	,	11	)
(	5389	,	13	,	11	)
(	5390	,	14	,	11	)
(	5391	,	15	,	11	)
(	5392	,	16	,	11	)
(	5393	,	17	,	11	)
(	5394	,	18	,	11	)
(	5395	,	19	,	11	)
(	5396	,	20	,	11	)
(	5397	,	21	,	11	)
(	5398	,	22	,	11	)
(	5399	,	23	,	11	)
(	5400	,	24	,	11	)
(	5401	,	1	,	11	)
(	5402	,	2	,	11	)
(	5403	,	3	,	11	)
(	5404	,	4	,	11	)
(	5405	,	5	,	11	)
(	5406	,	6	,	11	)
(	5407	,	7	,	11	)
(	5408	,	8	,	11	)
(	5409	,	9	,	11	)
(	5410	,	10	,	11	)
(	5411	,	11	,	11	)
(	5412	,	12	,	11	)
(	5413	,	13	,	11	)
(	5414	,	14	,	11	)
(	5415	,	15	,	11	)
(	5416	,	16	,	11	)
(	5417	,	17	,	11	)
(	5418	,	18	,	11	)
(	5419	,	19	,	11	)
(	5420	,	20	,	11	)
(	5421	,	21	,	11	)
(	5422	,	22	,	11	)
(	5423	,	23	,	11	)
(	5424	,	24	,	11	)
(	5425	,	1	,	9	)
(	5426	,	2	,	9	)
(	5427	,	3	,	9	)
(	5428	,	4	,	9	)
(	5429	,	5	,	9	)
(	5430	,	6	,	9	)
(	5431	,	7	,	9	)
(	5432	,	8	,	9	)
(	5433	,	9	,	9	)
(	5434	,	10	,	9	)
(	5435	,	11	,	9	)
(	5436	,	12	,	9	)
(	5437	,	13	,	9	)
(	5438	,	14	,	9	)
(	5439	,	15	,	9	)
(	5440	,	16	,	9	)
(	5441	,	17	,	9	)
(	5442	,	18	,	9	)
(	5443	,	19	,	9	)
(	5444	,	20	,	9	)
(	5445	,	21	,	9	)
(	5446	,	22	,	9	)
(	5447	,	23	,	9	)
(	5448	,	24	,	9	)
(	5449	,	1	,	11	)
(	5450	,	2	,	11	)
(	5451	,	3	,	11	)
(	5452	,	4	,	11	)
(	5453	,	5	,	11	)
(	5454	,	6	,	11	)
(	5455	,	7	,	11	)
(	5456	,	8	,	11	)
(	5457	,	9	,	11	)
(	5458	,	10	,	11	)
(	5459	,	11	,	11	)
(	5460	,	12	,	11	)
(	5461	,	13	,	11	)
(	5462	,	14	,	11	)
(	5463	,	15	,	11	)
(	5464	,	16	,	11	)
(	5465	,	17	,	11	)
(	5466	,	18	,	11	)
(	5467	,	19	,	11	)
(	5468	,	20	,	11	)
(	5469	,	21	,	11	)
(	5470	,	22	,	11	)
(	5471	,	23	,	11	)
(	5472	,	24	,	11	)
(	5473	,	1	,	11	)
(	5474	,	2	,	11	)
(	5475	,	3	,	11	)
(	5476	,	4	,	11	)
(	5477	,	5	,	11	)
(	5478	,	6	,	11	)
(	5479	,	7	,	11	)
(	5480	,	8	,	11	)
(	5481	,	9	,	11	)
(	5482	,	10	,	11	)
(	5483	,	11	,	11	)
(	5484	,	12	,	11	)
(	5485	,	13	,	11	)
(	5486	,	14	,	11	)
(	5487	,	15	,	11	)
(	5488	,	16	,	11	)
(	5489	,	17	,	11	)
(	5490	,	18	,	11	)
(	5491	,	19	,	11	)
(	5492	,	20	,	11	)
(	5493	,	21	,	11	)
(	5494	,	22	,	11	)
(	5495	,	23	,	11	)
(	5496	,	24	,	11	)
(	5497	,	1	,	10	)
(	5498	,	2	,	10	)
(	5499	,	3	,	10	)
(	5500	,	4	,	10	)
(	5501	,	5	,	10	)
(	5502	,	6	,	10	)
(	5503	,	7	,	10	)
(	5504	,	8	,	10	)
(	5505	,	9	,	10	)
(	5506	,	10	,	10	)
(	5507	,	11	,	10	)
(	5508	,	12	,	10	)
(	5509	,	13	,	10	)
(	5510	,	14	,	10	)
(	5511	,	15	,	10	)
(	5512	,	16	,	10	)
(	5513	,	17	,	10	)
(	5514	,	18	,	10	)
(	5515	,	19	,	10	)
(	5516	,	20	,	10	)
(	5517	,	21	,	10	)
(	5518	,	22	,	10	)
(	5519	,	23	,	10	)
(	5520	,	24	,	10	)
(	5521	,	1	,	11	)
(	5522	,	2	,	11	)
(	5523	,	3	,	11	)
(	5524	,	4	,	11	)
(	5525	,	5	,	11	)
(	5526	,	6	,	11	)
(	5527	,	7	,	11	)
(	5528	,	8	,	11	)
(	5529	,	9	,	11	)
(	5530	,	10	,	11	)
(	5531	,	11	,	11	)
(	5532	,	12	,	11	)
(	5533	,	13	,	11	)
(	5534	,	14	,	11	)
(	5535	,	15	,	11	)
(	5536	,	16	,	11	)
(	5537	,	17	,	11	)
(	5538	,	18	,	11	)
(	5539	,	19	,	11	)
(	5540	,	20	,	11	)
(	5541	,	21	,	11	)
(	5542	,	22	,	11	)
(	5543	,	23	,	11	)
(	5544	,	24	,	11	)
(	5545	,	1	,	11	)
(	5546	,	2	,	11	)
(	5547	,	3	,	11	)
(	5548	,	4	,	11	)
(	5549	,	5	,	11	)
(	5550	,	6	,	11	)
(	5551	,	7	,	11	)
(	5552	,	8	,	11	)
(	5553	,	9	,	11	)
(	5554	,	10	,	11	)
(	5555	,	11	,	11	)
(	5556	,	12	,	11	)
(	5557	,	13	,	11	)
(	5558	,	14	,	11	)
(	5559	,	15	,	11	)
(	5560	,	16	,	11	)
(	5561	,	17	,	11	)
(	5562	,	18	,	11	)
(	5563	,	19	,	11	)
(	5564	,	20	,	11	)
(	5565	,	21	,	11	)
(	5566	,	22	,	11	)
(	5567	,	23	,	11	)
(	5568	,	24	,	11	)
(	5569	,	1	,	11	)
(	5570	,	2	,	11	)
(	5571	,	3	,	11	)
(	5572	,	4	,	11	)
(	5573	,	5	,	11	)
(	5574	,	6	,	11	)
(	5575	,	7	,	11	)
(	5576	,	8	,	11	)
(	5577	,	9	,	11	)
(	5578	,	10	,	11	)
(	5579	,	11	,	11	)
(	5580	,	12	,	11	)
(	5581	,	13	,	11	)
(	5582	,	14	,	11	)
(	5583	,	15	,	11	)
(	5584	,	16	,	11	)
(	5585	,	17	,	11	)
(	5586	,	18	,	11	)
(	5587	,	19	,	11	)
(	5588	,	20	,	11	)
(	5589	,	21	,	11	)
(	5590	,	22	,	11	)
(	5591	,	23	,	11	)
(	5592	,	24	,	11	)
(	5593	,	1	,	11	)
(	5594	,	2	,	11	)
(	5595	,	3	,	11	)
(	5596	,	4	,	11	)
(	5597	,	5	,	11	)
(	5598	,	6	,	11	)
(	5599	,	7	,	11	)
(	5600	,	8	,	11	)
(	5601	,	9	,	11	)
(	5602	,	10	,	11	)
(	5603	,	11	,	11	)
(	5604	,	12	,	11	)
(	5605	,	13	,	11	)
(	5606	,	14	,	11	)
(	5607	,	15	,	11	)
(	5608	,	16	,	11	)
(	5609	,	17	,	11	)
(	5610	,	18	,	11	)
(	5611	,	19	,	11	)
(	5612	,	20	,	11	)
(	5613	,	21	,	11	)
(	5614	,	22	,	11	)
(	5615	,	23	,	11	)
(	5616	,	24	,	11	)
(	5617	,	1	,	11	)
(	5618	,	2	,	11	)
(	5619	,	3	,	11	)
(	5620	,	4	,	11	)
(	5621	,	5	,	11	)
(	5622	,	6	,	11	)
(	5623	,	7	,	11	)
(	5624	,	8	,	11	)
(	5625	,	9	,	11	)
(	5626	,	10	,	11	)
(	5627	,	11	,	11	)
(	5628	,	12	,	11	)
(	5629	,	13	,	11	)
(	5630	,	14	,	11	)
(	5631	,	15	,	11	)
(	5632	,	16	,	11	)
(	5633	,	17	,	11	)
(	5634	,	18	,	11	)
(	5635	,	19	,	11	)
(	5636	,	20	,	11	)
(	5637	,	21	,	11	)
(	5638	,	22	,	11	)
(	5639	,	23	,	11	)
(	5640	,	24	,	11	)
(	5641	,	1	,	10	)
(	5642	,	2	,	10	)
(	5643	,	3	,	10	)
(	5644	,	4	,	10	)
(	5645	,	5	,	10	)
(	5646	,	6	,	10	)
(	5647	,	7	,	10	)
(	5648	,	8	,	10	)
(	5649	,	9	,	10	)
(	5650	,	10	,	10	)
(	5651	,	11	,	10	)
(	5652	,	12	,	10	)
(	5653	,	13	,	10	)
(	5654	,	14	,	10	)
(	5655	,	15	,	10	)
(	5656	,	16	,	10	)
(	5657	,	17	,	10	)
(	5658	,	18	,	10	)
(	5659	,	19	,	10	)
(	5660	,	20	,	10	)
(	5661	,	21	,	10	)
(	5662	,	22	,	10	)
(	5663	,	23	,	10	)
(	5664	,	24	,	10	)
(	5665	,	1	,	9	)
(	5666	,	2	,	9	)
(	5667	,	3	,	9	)
(	5668	,	4	,	9	)
(	5669	,	5	,	9	)
(	5670	,	6	,	9	)
(	5671	,	7	,	9	)
(	5672	,	8	,	9	)
(	5673	,	9	,	9	)
(	5674	,	10	,	9	)
(	5675	,	11	,	9	)
(	5676	,	12	,	9	)
(	5677	,	13	,	9	)
(	5678	,	14	,	9	)
(	5679	,	15	,	9	)
(	5680	,	16	,	9	)
(	5681	,	17	,	9	)
(	5682	,	18	,	9	)
(	5683	,	19	,	9	)
(	5684	,	20	,	9	)
(	5685	,	21	,	9	)
(	5686	,	22	,	9	)
(	5687	,	23	,	9	)
(	5688	,	24	,	9	)
(	5689	,	1	,	11	)
(	5690	,	2	,	11	)
(	5691	,	3	,	11	)
(	5692	,	4	,	11	)
(	5693	,	5	,	11	)
(	5694	,	6	,	11	)
(	5695	,	7	,	11	)
(	5696	,	8	,	11	)
(	5697	,	9	,	11	)
(	5698	,	10	,	11	)
(	5699	,	11	,	11	)
(	5700	,	12	,	11	)
(	5701	,	13	,	11	)
(	5702	,	14	,	11	)
(	5703	,	15	,	11	)
(	5704	,	16	,	11	)
(	5705	,	17	,	11	)
(	5706	,	18	,	11	)
(	5707	,	19	,	11	)
(	5708	,	20	,	11	)
(	5709	,	21	,	11	)
(	5710	,	22	,	11	)
(	5711	,	23	,	11	)
(	5712	,	24	,	11	)
(	5713	,	1	,	11	)
(	5714	,	2	,	11	)
(	5715	,	3	,	11	)
(	5716	,	4	,	11	)
(	5717	,	5	,	11	)
(	5718	,	6	,	11	)
(	5719	,	7	,	11	)
(	5720	,	8	,	11	)
(	5721	,	9	,	11	)
(	5722	,	10	,	11	)
(	5723	,	11	,	11	)
(	5724	,	12	,	11	)
(	5725	,	13	,	11	)
(	5726	,	14	,	11	)
(	5727	,	15	,	11	)
(	5728	,	16	,	11	)
(	5729	,	17	,	11	)
(	5730	,	18	,	11	)
(	5731	,	19	,	11	)
(	5732	,	20	,	11	)
(	5733	,	21	,	11	)
(	5734	,	22	,	11	)
(	5735	,	23	,	11	)
(	5736	,	24	,	11	)
(	5737	,	1	,	11	)
(	5738	,	2	,	11	)
(	5739	,	3	,	11	)
(	5740	,	4	,	11	)
(	5741	,	5	,	11	)
(	5742	,	6	,	11	)
(	5743	,	7	,	11	)
(	5744	,	8	,	11	)
(	5745	,	9	,	11	)
(	5746	,	10	,	11	)
(	5747	,	11	,	11	)
(	5748	,	12	,	11	)
(	5749	,	13	,	11	)
(	5750	,	14	,	11	)
(	5751	,	15	,	11	)
(	5752	,	16	,	11	)
(	5753	,	17	,	11	)
(	5754	,	18	,	11	)
(	5755	,	19	,	11	)
(	5756	,	20	,	11	)
(	5757	,	21	,	11	)
(	5758	,	22	,	11	)
(	5759	,	23	,	11	)
(	5760	,	24	,	11	)
(	5761	,	1	,	11	)
(	5762	,	2	,	11	)
(	5763	,	3	,	11	)
(	5764	,	4	,	11	)
(	5765	,	5	,	11	)
(	5766	,	6	,	11	)
(	5767	,	7	,	11	)
(	5768	,	8	,	11	)
(	5769	,	9	,	11	)
(	5770	,	10	,	11	)
(	5771	,	11	,	11	)
(	5772	,	12	,	11	)
(	5773	,	13	,	11	)
(	5774	,	14	,	11	)
(	5775	,	15	,	11	)
(	5776	,	16	,	11	)
(	5777	,	17	,	11	)
(	5778	,	18	,	11	)
(	5779	,	19	,	11	)
(	5780	,	20	,	11	)
(	5781	,	21	,	11	)
(	5782	,	22	,	11	)
(	5783	,	23	,	11	)
(	5784	,	24	,	11	)
(	5785	,	1	,	11	)
(	5786	,	2	,	11	)
(	5787	,	3	,	11	)
(	5788	,	4	,	11	)
(	5789	,	5	,	11	)
(	5790	,	6	,	11	)
(	5791	,	7	,	11	)
(	5792	,	8	,	11	)
(	5793	,	9	,	11	)
(	5794	,	10	,	11	)
(	5795	,	11	,	11	)
(	5796	,	12	,	11	)
(	5797	,	13	,	11	)
(	5798	,	14	,	11	)
(	5799	,	15	,	11	)
(	5800	,	16	,	11	)
(	5801	,	17	,	11	)
(	5802	,	18	,	11	)
(	5803	,	19	,	11	)
(	5804	,	20	,	11	)
(	5805	,	21	,	11	)
(	5806	,	22	,	11	)
(	5807	,	23	,	11	)
(	5808	,	24	,	11	)
(	5809	,	1	,	11	)
(	5810	,	2	,	11	)
(	5811	,	3	,	11	)
(	5812	,	4	,	11	)
(	5813	,	5	,	11	)
(	5814	,	6	,	11	)
(	5815	,	7	,	11	)
(	5816	,	8	,	11	)
(	5817	,	9	,	11	)
(	5818	,	10	,	11	)
(	5819	,	11	,	11	)
(	5820	,	12	,	11	)
(	5821	,	13	,	11	)
(	5822	,	14	,	11	)
(	5823	,	15	,	11	)
(	5824	,	16	,	11	)
(	5825	,	17	,	11	)
(	5826	,	18	,	11	)
(	5827	,	19	,	11	)
(	5828	,	20	,	11	)
(	5829	,	21	,	11	)
(	5830	,	22	,	11	)
(	5831	,	23	,	11	)
(	5832	,	24	,	11	)
(	5833	,	1	,	11	)
(	5834	,	2	,	11	)
(	5835	,	3	,	11	)
(	5836	,	4	,	11	)
(	5837	,	5	,	11	)
(	5838	,	6	,	11	)
(	5839	,	7	,	11	)
(	5840	,	8	,	11	)
(	5841	,	9	,	11	)
(	5842	,	10	,	11	)
(	5843	,	11	,	11	)
(	5844	,	12	,	11	)
(	5845	,	13	,	11	)
(	5846	,	14	,	11	)
(	5847	,	15	,	11	)
(	5848	,	16	,	11	)
(	5849	,	17	,	11	)
(	5850	,	18	,	11	)
(	5851	,	19	,	11	)
(	5852	,	20	,	11	)
(	5853	,	21	,	11	)
(	5854	,	22	,	11	)
(	5855	,	23	,	11	)
(	5856	,	24	,	11	)
(	5857	,	1	,	10	)
(	5858	,	2	,	10	)
(	5859	,	3	,	10	)
(	5860	,	4	,	10	)
(	5861	,	5	,	10	)
(	5862	,	6	,	10	)
(	5863	,	7	,	10	)
(	5864	,	8	,	10	)
(	5865	,	9	,	10	)
(	5866	,	10	,	10	)
(	5867	,	11	,	10	)
(	5868	,	12	,	10	)
(	5869	,	13	,	10	)
(	5870	,	14	,	10	)
(	5871	,	15	,	10	)
(	5872	,	16	,	10	)
(	5873	,	17	,	10	)
(	5874	,	18	,	10	)
(	5875	,	19	,	10	)
(	5876	,	20	,	10	)
(	5877	,	21	,	10	)
(	5878	,	22	,	10	)
(	5879	,	23	,	10	)
(	5880	,	24	,	10	)
(	5881	,	1	,	10	)
(	5882	,	2	,	10	)
(	5883	,	3	,	10	)
(	5884	,	4	,	10	)
(	5885	,	5	,	10	)
(	5886	,	6	,	10	)
(	5887	,	7	,	10	)
(	5888	,	8	,	10	)
(	5889	,	9	,	10	)
(	5890	,	10	,	10	)
(	5891	,	11	,	10	)
(	5892	,	12	,	10	)
(	5893	,	13	,	10	)
(	5894	,	14	,	10	)
(	5895	,	15	,	10	)
(	5896	,	16	,	10	)
(	5897	,	17	,	10	)
(	5898	,	18	,	10	)
(	5899	,	19	,	10	)
(	5900	,	20	,	10	)
(	5901	,	21	,	10	)
(	5902	,	22	,	10	)
(	5903	,	23	,	10	)
(	5904	,	24	,	10	)
(	5905	,	1	,	10	)
(	5906	,	2	,	10	)
(	5907	,	3	,	10	)
(	5908	,	4	,	10	)
(	5909	,	5	,	10	)
(	5910	,	6	,	10	)
(	5911	,	7	,	10	)
(	5912	,	8	,	10	)
(	5913	,	9	,	10	)
(	5914	,	10	,	10	)
(	5915	,	11	,	10	)
(	5916	,	12	,	10	)
(	5917	,	13	,	10	)
(	5918	,	14	,	10	)
(	5919	,	15	,	10	)
(	5920	,	16	,	10	)
(	5921	,	17	,	10	)
(	5922	,	18	,	10	)
(	5923	,	19	,	10	)
(	5924	,	20	,	10	)
(	5925	,	21	,	10	)
(	5926	,	22	,	10	)
(	5927	,	23	,	10	)
(	5928	,	24	,	10	)
(	5929	,	1	,	10	)
(	5930	,	2	,	10	)
(	5931	,	3	,	10	)
(	5932	,	4	,	10	)
(	5933	,	5	,	10	)
(	5934	,	6	,	10	)
(	5935	,	7	,	10	)
(	5936	,	8	,	10	)
(	5937	,	9	,	10	)
(	5938	,	10	,	10	)
(	5939	,	11	,	10	)
(	5940	,	12	,	10	)
(	5941	,	13	,	10	)
(	5942	,	14	,	10	)
(	5943	,	15	,	10	)
(	5944	,	16	,	10	)
(	5945	,	17	,	10	)
(	5946	,	18	,	10	)
(	5947	,	19	,	10	)
(	5948	,	20	,	10	)
(	5949	,	21	,	10	)
(	5950	,	22	,	10	)
(	5951	,	23	,	10	)
(	5952	,	24	,	10	)
(	5953	,	1	,	10	)
(	5954	,	2	,	10	)
(	5955	,	3	,	10	)
(	5956	,	4	,	10	)
(	5957	,	5	,	10	)
(	5958	,	6	,	10	)
(	5959	,	7	,	10	)
(	5960	,	8	,	10	)
(	5961	,	9	,	10	)
(	5962	,	10	,	10	)
(	5963	,	11	,	10	)
(	5964	,	12	,	10	)
(	5965	,	13	,	10	)
(	5966	,	14	,	10	)
(	5967	,	15	,	10	)
(	5968	,	16	,	10	)
(	5969	,	17	,	10	)
(	5970	,	18	,	10	)
(	5971	,	19	,	10	)
(	5972	,	20	,	10	)
(	5973	,	21	,	10	)
(	5974	,	22	,	10	)
(	5975	,	23	,	10	)
(	5976	,	24	,	10	)
(	5977	,	1	,	11	)
(	5978	,	2	,	11	)
(	5979	,	3	,	11	)
(	5980	,	4	,	11	)
(	5981	,	5	,	11	)
(	5982	,	6	,	11	)
(	5983	,	7	,	11	)
(	5984	,	8	,	11	)
(	5985	,	9	,	11	)
(	5986	,	10	,	11	)
(	5987	,	11	,	11	)
(	5988	,	12	,	11	)
(	5989	,	13	,	11	)
(	5990	,	14	,	11	)
(	5991	,	15	,	11	)
(	5992	,	16	,	11	)
(	5993	,	17	,	11	)
(	5994	,	18	,	11	)
(	5995	,	19	,	11	)
(	5996	,	20	,	11	)
(	5997	,	21	,	11	)
(	5998	,	22	,	11	)
(	5999	,	23	,	11	)
(	6000	,	24	,	11	)
(	6001	,	1	,	11	)
(	6002	,	2	,	11	)
(	6003	,	3	,	11	)
(	6004	,	4	,	11	)
(	6005	,	5	,	11	)
(	6006	,	6	,	11	)
(	6007	,	7	,	11	)
(	6008	,	8	,	11	)
(	6009	,	9	,	11	)
(	6010	,	10	,	11	)
(	6011	,	11	,	11	)
(	6012	,	12	,	11	)
(	6013	,	13	,	11	)
(	6014	,	14	,	11	)
(	6015	,	15	,	11	)
(	6016	,	16	,	11	)
(	6017	,	17	,	11	)
(	6018	,	18	,	11	)
(	6019	,	19	,	11	)
(	6020	,	20	,	11	)
(	6021	,	21	,	11	)
(	6022	,	22	,	11	)
(	6023	,	23	,	11	)
(	6024	,	24	,	11	)
(	6025	,	1	,	11	)
(	6026	,	2	,	11	)
(	6027	,	3	,	11	)
(	6028	,	4	,	11	)
(	6029	,	5	,	11	)
(	6030	,	6	,	11	)
(	6031	,	7	,	11	)
(	6032	,	8	,	11	)
(	6033	,	9	,	11	)
(	6034	,	10	,	11	)
(	6035	,	11	,	11	)
(	6036	,	12	,	11	)
(	6037	,	13	,	11	)
(	6038	,	14	,	11	)
(	6039	,	15	,	11	)
(	6040	,	16	,	11	)
(	6041	,	17	,	11	)
(	6042	,	18	,	11	)
(	6043	,	19	,	11	)
(	6044	,	20	,	11	)
(	6045	,	21	,	11	)
(	6046	,	22	,	11	)
(	6047	,	23	,	11	)
(	6048	,	24	,	11	)
(	6049	,	1	,	11	)
(	6050	,	2	,	11	)
(	6051	,	3	,	11	)
(	6052	,	4	,	11	)
(	6053	,	5	,	11	)
(	6054	,	6	,	11	)
(	6055	,	7	,	11	)
(	6056	,	8	,	11	)
(	6057	,	9	,	11	)
(	6058	,	10	,	11	)
(	6059	,	11	,	11	)
(	6060	,	12	,	11	)
(	6061	,	13	,	11	)
(	6062	,	14	,	11	)
(	6063	,	15	,	11	)
(	6064	,	16	,	11	)
(	6065	,	17	,	11	)
(	6066	,	18	,	11	)
(	6067	,	19	,	11	)
(	6068	,	20	,	11	)
(	6069	,	21	,	11	)
(	6070	,	22	,	11	)
(	6071	,	23	,	11	)
(	6072	,	24	,	11	)
(	6073	,	1	,	11	)
(	6074	,	2	,	11	)
(	6075	,	3	,	11	)
(	6076	,	4	,	11	)
(	6077	,	5	,	11	)
(	6078	,	6	,	11	)
(	6079	,	7	,	11	)
(	6080	,	8	,	11	)
(	6081	,	9	,	11	)
(	6082	,	10	,	11	)
(	6083	,	11	,	11	)
(	6084	,	12	,	11	)
(	6085	,	13	,	11	)
(	6086	,	14	,	11	)
(	6087	,	15	,	11	)
(	6088	,	16	,	11	)
(	6089	,	17	,	11	)
(	6090	,	18	,	11	)
(	6091	,	19	,	11	)
(	6092	,	20	,	11	)
(	6093	,	21	,	11	)
(	6094	,	22	,	11	)
(	6095	,	23	,	11	)
(	6096	,	24	,	11	)
(	6097	,	1	,	10	)
(	6098	,	2	,	10	)
(	6099	,	3	,	10	)
(	6100	,	4	,	10	)
(	6101	,	5	,	10	)
(	6102	,	6	,	10	)
(	6103	,	7	,	10	)
(	6104	,	8	,	10	)
(	6105	,	9	,	10	)
(	6106	,	10	,	10	)
(	6107	,	11	,	10	)
(	6108	,	12	,	10	)
(	6109	,	13	,	10	)
(	6110	,	14	,	10	)
(	6111	,	15	,	10	)
(	6112	,	16	,	10	)
(	6113	,	17	,	10	)
(	6114	,	18	,	10	)
(	6115	,	19	,	10	)
(	6116	,	20	,	10	)
(	6117	,	21	,	10	)
(	6118	,	22	,	10	)
(	6119	,	23	,	10	)
(	6120	,	24	,	10	)
(	6121	,	1	,	10	)
(	6122	,	2	,	10	)
(	6123	,	3	,	10	)
(	6124	,	4	,	10	)
(	6125	,	5	,	10	)
(	6126	,	6	,	10	)
(	6127	,	7	,	10	)
(	6128	,	8	,	10	)
(	6129	,	9	,	10	)
(	6130	,	10	,	10	)
(	6131	,	11	,	10	)
(	6132	,	12	,	10	)
(	6133	,	13	,	10	)
(	6134	,	14	,	10	)
(	6135	,	15	,	10	)
(	6136	,	16	,	10	)
(	6137	,	17	,	10	)
(	6138	,	18	,	10	)
(	6139	,	19	,	10	)
(	6140	,	20	,	10	)
(	6141	,	21	,	10	)
(	6142	,	22	,	10	)
(	6143	,	23	,	10	)
(	6144	,	24	,	10	)
(	6145	,	1	,	11	)
(	6146	,	2	,	11	)
(	6147	,	3	,	11	)
(	6148	,	4	,	11	)
(	6149	,	5	,	11	)
(	6150	,	6	,	11	)
(	6151	,	7	,	11	)
(	6152	,	8	,	11	)
(	6153	,	9	,	11	)
(	6154	,	10	,	11	)
(	6155	,	11	,	11	)
(	6156	,	12	,	11	)
(	6157	,	13	,	11	)
(	6158	,	14	,	11	)
(	6159	,	15	,	11	)
(	6160	,	16	,	11	)
(	6161	,	17	,	11	)
(	6162	,	18	,	11	)
(	6163	,	19	,	11	)
(	6164	,	20	,	11	)
(	6165	,	21	,	11	)
(	6166	,	22	,	11	)
(	6167	,	23	,	11	)
(	6168	,	24	,	11	)
(	6169	,	1	,	10	)
(	6170	,	2	,	10	)
(	6171	,	3	,	10	)
(	6172	,	4	,	10	)
(	6173	,	5	,	10	)
(	6174	,	6	,	10	)
(	6175	,	7	,	10	)
(	6176	,	8	,	10	)
(	6177	,	9	,	10	)
(	6178	,	10	,	10	)
(	6179	,	11	,	10	)
(	6180	,	12	,	10	)
(	6181	,	13	,	10	)
(	6182	,	14	,	10	)
(	6183	,	15	,	10	)
(	6184	,	16	,	10	)
(	6185	,	17	,	10	)
(	6186	,	18	,	10	)
(	6187	,	19	,	10	)
(	6188	,	20	,	10	)
(	6189	,	21	,	10	)
(	6190	,	22	,	10	)
(	6191	,	23	,	10	)
(	6192	,	24	,	10	)
(	6193	,	1	,	10	)
(	6194	,	2	,	10	)
(	6195	,	3	,	10	)
(	6196	,	4	,	10	)
(	6197	,	5	,	10	)
(	6198	,	6	,	10	)
(	6199	,	7	,	10	)
(	6200	,	8	,	10	)
(	6201	,	9	,	10	)
(	6202	,	10	,	10	)
(	6203	,	11	,	10	)
(	6204	,	12	,	10	)
(	6205	,	13	,	10	)
(	6206	,	14	,	10	)
(	6207	,	15	,	10	)
(	6208	,	16	,	10	)
(	6209	,	17	,	10	)
(	6210	,	18	,	10	)
(	6211	,	19	,	10	)
(	6212	,	20	,	10	)
(	6213	,	21	,	10	)
(	6214	,	22	,	10	)
(	6215	,	23	,	10	)
(	6216	,	24	,	10	)
(	6217	,	1	,	10	)
(	6218	,	2	,	10	)
(	6219	,	3	,	10	)
(	6220	,	4	,	10	)
(	6221	,	5	,	10	)
(	6222	,	6	,	10	)
(	6223	,	7	,	10	)
(	6224	,	8	,	10	)
(	6225	,	9	,	10	)
(	6226	,	10	,	10	)
(	6227	,	11	,	10	)
(	6228	,	12	,	10	)
(	6229	,	13	,	10	)
(	6230	,	14	,	10	)
(	6231	,	15	,	10	)
(	6232	,	16	,	10	)
(	6233	,	17	,	10	)
(	6234	,	18	,	10	)
(	6235	,	19	,	10	)
(	6236	,	20	,	10	)
(	6237	,	21	,	10	)
(	6238	,	22	,	10	)
(	6239	,	23	,	10	)
(	6240	,	24	,	10	)
(	6241	,	1	,	11	)
(	6242	,	2	,	11	)
(	6243	,	3	,	11	)
(	6244	,	4	,	11	)
(	6245	,	5	,	11	)
(	6246	,	6	,	11	)
(	6247	,	7	,	11	)
(	6248	,	8	,	11	)
(	6249	,	9	,	11	)
(	6250	,	10	,	11	)
(	6251	,	11	,	11	)
(	6252	,	12	,	11	)
(	6253	,	13	,	11	)
(	6254	,	14	,	11	)
(	6255	,	15	,	11	)
(	6256	,	16	,	11	)
(	6257	,	17	,	11	)
(	6258	,	18	,	11	)
(	6259	,	19	,	11	)
(	6260	,	20	,	11	)
(	6261	,	21	,	11	)
(	6262	,	22	,	11	)
(	6263	,	23	,	11	)
(	6264	,	24	,	11	)
(	6265	,	1	,	11	)
(	6266	,	2	,	11	)
(	6267	,	3	,	11	)
(	6268	,	4	,	11	)
(	6269	,	5	,	11	)
(	6270	,	6	,	11	)
(	6271	,	7	,	11	)
(	6272	,	8	,	11	)
(	6273	,	9	,	11	)
(	6274	,	10	,	11	)
(	6275	,	11	,	11	)
(	6276	,	12	,	11	)
(	6277	,	13	,	11	)
(	6278	,	14	,	11	)
(	6279	,	15	,	11	)
(	6280	,	16	,	11	)
(	6281	,	17	,	11	)
(	6282	,	18	,	11	)
(	6283	,	19	,	11	)
(	6284	,	20	,	11	)
(	6285	,	21	,	11	)
(	6286	,	22	,	11	)
(	6287	,	23	,	11	)
(	6288	,	24	,	11	)
(	6289	,	1	,	11	)
(	6290	,	2	,	11	)
(	6291	,	3	,	11	)
(	6292	,	4	,	11	)
(	6293	,	5	,	11	)
(	6294	,	6	,	11	)
(	6295	,	7	,	11	)
(	6296	,	8	,	11	)
(	6297	,	9	,	11	)
(	6298	,	10	,	11	)
(	6299	,	11	,	11	)
(	6300	,	12	,	11	)
(	6301	,	13	,	11	)
(	6302	,	14	,	11	)
(	6303	,	15	,	11	)
(	6304	,	16	,	11	)
(	6305	,	17	,	11	)
(	6306	,	18	,	11	)
(	6307	,	19	,	11	)
(	6308	,	20	,	11	)
(	6309	,	21	,	11	)
(	6310	,	22	,	11	)
(	6311	,	23	,	11	)
(	6312	,	24	,	11	)
(	6313	,	1	,	10	)
(	6314	,	2	,	10	)
(	6315	,	3	,	10	)
(	6316	,	4	,	10	)
(	6317	,	5	,	10	)
(	6318	,	6	,	10	)
(	6319	,	7	,	10	)
(	6320	,	8	,	10	)
(	6321	,	9	,	10	)
(	6322	,	10	,	10	)
(	6323	,	11	,	10	)
(	6324	,	12	,	10	)
(	6325	,	13	,	10	)
(	6326	,	14	,	10	)
(	6327	,	15	,	10	)
(	6328	,	16	,	10	)
(	6329	,	17	,	10	)
(	6330	,	18	,	10	)
(	6331	,	19	,	10	)
(	6332	,	20	,	10	)
(	6333	,	21	,	10	)
(	6334	,	22	,	10	)
(	6335	,	23	,	10	)
(	6336	,	24	,	10	)
(	6337	,	1	,	10	)
(	6338	,	2	,	10	)
(	6339	,	3	,	10	)
(	6340	,	4	,	10	)
(	6341	,	5	,	10	)
(	6342	,	6	,	10	)
(	6343	,	7	,	10	)
(	6344	,	8	,	10	)
(	6345	,	9	,	10	)
(	6346	,	10	,	10	)
(	6347	,	11	,	10	)
(	6348	,	12	,	10	)
(	6349	,	13	,	10	)
(	6350	,	14	,	10	)
(	6351	,	15	,	10	)
(	6352	,	16	,	10	)
(	6353	,	17	,	10	)
(	6354	,	18	,	10	)
(	6355	,	19	,	10	)
(	6356	,	20	,	10	)
(	6357	,	21	,	10	)
(	6358	,	22	,	10	)
(	6359	,	23	,	10	)
(	6360	,	24	,	10	)
(	6361	,	1	,	3	)
(	6362	,	2	,	3	)
(	6363	,	3	,	3	)
(	6364	,	4	,	3	)
(	6365	,	5	,	3	)
(	6366	,	6	,	3	)
(	6367	,	7	,	3	)
(	6368	,	8	,	3	)
(	6369	,	9	,	3	)
(	6370	,	10	,	3	)
(	6371	,	11	,	3	)
(	6372	,	12	,	3	)
(	6373	,	13	,	3	)
(	6374	,	14	,	3	)
(	6375	,	15	,	3	)
(	6376	,	16	,	3	)
(	6377	,	17	,	3	)
(	6378	,	18	,	3	)
(	6379	,	19	,	3	)
(	6380	,	20	,	3	)
(	6381	,	21	,	3	)
(	6382	,	22	,	3	)
(	6383	,	23	,	3	)
(	6384	,	24	,	3	)
(	6385	,	1	,	11	)
(	6386	,	2	,	11	)
(	6387	,	3	,	11	)
(	6388	,	4	,	11	)
(	6389	,	5	,	11	)
(	6390	,	6	,	11	)
(	6391	,	7	,	11	)
(	6392	,	8	,	11	)
(	6393	,	9	,	11	)
(	6394	,	10	,	11	)
(	6395	,	11	,	11	)
(	6396	,	12	,	11	)
(	6397	,	13	,	11	)
(	6398	,	14	,	11	)
(	6399	,	15	,	11	)
(	6400	,	16	,	11	)
(	6401	,	17	,	11	)
(	6402	,	18	,	11	)
(	6403	,	19	,	11	)
(	6404	,	20	,	11	)
(	6405	,	21	,	11	)
(	6406	,	22	,	11	)
(	6407	,	23	,	11	)
(	6408	,	24	,	11	)
(	6409	,	1	,	3	)
(	6410	,	2	,	3	)
(	6411	,	3	,	3	)
(	6412	,	4	,	3	)
(	6413	,	5	,	3	)
(	6414	,	6	,	3	)
(	6415	,	7	,	3	)
(	6416	,	8	,	3	)
(	6417	,	9	,	3	)
(	6418	,	10	,	3	)
(	6419	,	11	,	3	)
(	6420	,	12	,	3	)
(	6421	,	13	,	3	)
(	6422	,	14	,	3	)
(	6423	,	15	,	3	)
(	6424	,	16	,	3	)
(	6425	,	17	,	3	)
(	6426	,	18	,	3	)
(	6427	,	19	,	3	)
(	6428	,	20	,	3	)
(	6429	,	21	,	3	)
(	6430	,	22	,	3	)
(	6431	,	23	,	3	)
(	6432	,	24	,	3	)
(	6433	,	1	,	10	)
(	6434	,	2	,	10	)
(	6435	,	3	,	10	)
(	6436	,	4	,	10	)
(	6437	,	5	,	10	)
(	6438	,	6	,	10	)
(	6439	,	7	,	10	)
(	6440	,	8	,	10	)
(	6441	,	9	,	10	)
(	6442	,	10	,	10	)
(	6443	,	11	,	10	)
(	6444	,	12	,	10	)
(	6445	,	13	,	10	)
(	6446	,	14	,	10	)
(	6447	,	15	,	10	)
(	6448	,	16	,	10	)
(	6449	,	17	,	10	)
(	6450	,	18	,	10	)
(	6451	,	19	,	10	)
(	6452	,	20	,	10	)
(	6453	,	21	,	10	)
(	6454	,	22	,	10	)
(	6455	,	23	,	10	)
(	6456	,	24	,	10	)
(	6457	,	1	,	11	)
(	6458	,	2	,	11	)
(	6459	,	3	,	11	)
(	6460	,	4	,	11	)
(	6461	,	5	,	11	)
(	6462	,	6	,	11	)
(	6463	,	7	,	11	)
(	6464	,	8	,	11	)
(	6465	,	9	,	11	)
(	6466	,	10	,	11	)
(	6467	,	11	,	11	)
(	6468	,	12	,	11	)
(	6469	,	13	,	11	)
(	6470	,	14	,	11	)
(	6471	,	15	,	11	)
(	6472	,	16	,	11	)
(	6473	,	17	,	11	)
(	6474	,	18	,	11	)
(	6475	,	19	,	11	)
(	6476	,	20	,	11	)
(	6477	,	21	,	11	)
(	6478	,	22	,	11	)
(	6479	,	23	,	11	)
(	6480	,	24	,	11	)
(	6481	,	1	,	11	)
(	6482	,	2	,	11	)
(	6483	,	3	,	11	)
(	6484	,	4	,	11	)
(	6485	,	5	,	11	)
(	6486	,	6	,	11	)
(	6487	,	7	,	11	)
(	6488	,	8	,	11	)
(	6489	,	9	,	11	)
(	6490	,	10	,	11	)
(	6491	,	11	,	11	)
(	6492	,	12	,	11	)
(	6493	,	13	,	11	)
(	6494	,	14	,	11	)
(	6495	,	15	,	11	)
(	6496	,	16	,	11	)
(	6497	,	17	,	11	)
(	6498	,	18	,	11	)
(	6499	,	19	,	11	)
(	6500	,	20	,	11	)
(	6501	,	21	,	11	)
(	6502	,	22	,	11	)
(	6503	,	23	,	11	)
(	6504	,	24	,	11	)
(	6505	,	1	,	10	)
(	6506	,	2	,	10	)
(	6507	,	3	,	10	)
(	6508	,	4	,	10	)
(	6509	,	5	,	10	)
(	6510	,	6	,	10	)
(	6511	,	7	,	10	)
(	6512	,	8	,	10	)
(	6513	,	9	,	10	)
(	6514	,	10	,	10	)
(	6515	,	11	,	10	)
(	6516	,	12	,	10	)
(	6517	,	13	,	10	)
(	6518	,	14	,	10	)
(	6519	,	15	,	10	)
(	6520	,	16	,	10	)
(	6521	,	17	,	10	)
(	6522	,	18	,	10	)
(	6523	,	19	,	10	)
(	6524	,	20	,	10	)
(	6525	,	21	,	10	)
(	6526	,	22	,	10	)
(	6527	,	23	,	10	)
(	6528	,	24	,	10	)
(	6529	,	1	,	10	)
(	6530	,	2	,	10	)
(	6531	,	3	,	10	)
(	6532	,	4	,	10	)
(	6533	,	5	,	10	)
(	6534	,	6	,	10	)
(	6535	,	7	,	10	)
(	6536	,	8	,	10	)
(	6537	,	9	,	10	)
(	6538	,	10	,	10	)
(	6539	,	11	,	10	)
(	6540	,	12	,	10	)
(	6541	,	13	,	10	)
(	6542	,	14	,	10	)
(	6543	,	15	,	10	)
(	6544	,	16	,	10	)
(	6545	,	17	,	10	)
(	6546	,	18	,	10	)
(	6547	,	19	,	10	)
(	6548	,	20	,	10	)
(	6549	,	21	,	10	)
(	6550	,	22	,	10	)
(	6551	,	23	,	10	)
(	6552	,	24	,	10	)
(	6553	,	1	,	10	)
(	6554	,	2	,	10	)
(	6555	,	3	,	10	)
(	6556	,	4	,	10	)
(	6557	,	5	,	10	)
(	6558	,	6	,	10	)
(	6559	,	7	,	10	)
(	6560	,	8	,	10	)
(	6561	,	9	,	10	)
(	6562	,	10	,	10	)
(	6563	,	11	,	10	)
(	6564	,	12	,	10	)
(	6565	,	13	,	10	)
(	6566	,	14	,	10	)
(	6567	,	15	,	10	)
(	6568	,	16	,	10	)
(	6569	,	17	,	10	)
(	6570	,	18	,	10	)
(	6571	,	19	,	10	)
(	6572	,	20	,	10	)
(	6573	,	21	,	10	)
(	6574	,	22	,	10	)
(	6575	,	23	,	10	)
(	6576	,	24	,	10	)
(	6577	,	1	,	12	)
(	6578	,	2	,	12	)
(	6579	,	3	,	12	)
(	6580	,	4	,	12	)
(	6581	,	5	,	12	)
(	6582	,	6	,	12	)
(	6583	,	7	,	12	)
(	6584	,	8	,	12	)
(	6585	,	9	,	12	)
(	6586	,	10	,	12	)
(	6587	,	11	,	12	)
(	6588	,	12	,	12	)
(	6589	,	13	,	12	)
(	6590	,	14	,	12	)
(	6591	,	15	,	12	)
(	6592	,	16	,	12	)
(	6593	,	17	,	12	)
(	6594	,	18	,	12	)
(	6595	,	19	,	12	)
(	6596	,	20	,	12	)
(	6597	,	21	,	12	)
(	6598	,	22	,	12	)
(	6599	,	23	,	12	)
(	6600	,	24	,	12	)
(	6601	,	1	,	12	)
(	6602	,	2	,	12	)
(	6603	,	3	,	12	)
(	6604	,	4	,	12	)
(	6605	,	5	,	12	)
(	6606	,	6	,	12	)
(	6607	,	7	,	12	)
(	6608	,	8	,	12	)
(	6609	,	9	,	12	)
(	6610	,	10	,	12	)
(	6611	,	11	,	12	)
(	6612	,	12	,	12	)
(	6613	,	13	,	12	)
(	6614	,	14	,	12	)
(	6615	,	15	,	12	)
(	6616	,	16	,	12	)
(	6617	,	17	,	12	)
(	6618	,	18	,	12	)
(	6619	,	19	,	12	)
(	6620	,	20	,	12	)
(	6621	,	21	,	12	)
(	6622	,	22	,	12	)
(	6623	,	23	,	12	)
(	6624	,	24	,	12	)
(	6625	,	1	,	12	)
(	6626	,	2	,	12	)
(	6627	,	3	,	12	)
(	6628	,	4	,	12	)
(	6629	,	5	,	12	)
(	6630	,	6	,	12	)
(	6631	,	7	,	12	)
(	6632	,	8	,	12	)
(	6633	,	9	,	12	)
(	6634	,	10	,	12	)
(	6635	,	11	,	12	)
(	6636	,	12	,	12	)
(	6637	,	13	,	12	)
(	6638	,	14	,	12	)
(	6639	,	15	,	12	)
(	6640	,	16	,	12	)
(	6641	,	17	,	12	)
(	6642	,	18	,	12	)
(	6643	,	19	,	12	)
(	6644	,	20	,	12	)
(	6645	,	21	,	12	)
(	6646	,	22	,	12	)
(	6647	,	23	,	12	)
(	6648	,	24	,	12	)
(	6649	,	1	,	5	)
(	6650	,	2	,	5	)
(	6651	,	3	,	5	)
(	6652	,	4	,	5	)
(	6653	,	5	,	5	)
(	6654	,	6	,	5	)
(	6655	,	7	,	5	)
(	6656	,	8	,	5	)
(	6657	,	9	,	5	)
(	6658	,	10	,	5	)
(	6659	,	11	,	5	)
(	6660	,	12	,	5	)
(	6661	,	13	,	5	)
(	6662	,	14	,	5	)
(	6663	,	15	,	5	)
(	6664	,	16	,	5	)
(	6665	,	17	,	5	)
(	6666	,	18	,	5	)
(	6667	,	19	,	5	)
(	6668	,	20	,	5	)
(	6669	,	21	,	5	)
(	6670	,	22	,	5	)
(	6671	,	23	,	5	)
(	6672	,	24	,	5	)
(	6673	,	1	,	7	)
(	6674	,	2	,	7	)
(	6675	,	3	,	7	)
(	6676	,	4	,	7	)
(	6677	,	5	,	7	)
(	6678	,	6	,	7	)
(	6679	,	7	,	7	)
(	6680	,	8	,	7	)
(	6681	,	9	,	7	)
(	6682	,	10	,	7	)
(	6683	,	11	,	7	)
(	6684	,	12	,	7	)
(	6685	,	13	,	7	)
(	6686	,	14	,	7	)
(	6687	,	15	,	7	)
(	6688	,	16	,	7	)
(	6689	,	17	,	7	)
(	6690	,	18	,	7	)
(	6691	,	19	,	7	)
(	6692	,	20	,	7	)
(	6693	,	21	,	7	)
(	6694	,	22	,	7	)
(	6695	,	23	,	7	)
(	6696	,	24	,	7	)
(	6697	,	1	,	15	)
(	6698	,	2	,	15	)
(	6699	,	3	,	15	)
(	6700	,	4	,	15	)
(	6701	,	5	,	15	)
(	6702	,	6	,	15	)
(	6703	,	7	,	15	)
(	6704	,	8	,	15	)
(	6705	,	9	,	15	)
(	6706	,	10	,	15	)
(	6707	,	11	,	15	)
(	6708	,	12	,	15	)
(	6709	,	13	,	15	)
(	6710	,	14	,	15	)
(	6711	,	15	,	15	)
(	6712	,	16	,	15	)
(	6713	,	17	,	15	)
(	6714	,	18	,	15	)
(	6715	,	19	,	15	)
(	6716	,	20	,	15	)
(	6717	,	21	,	15	)
(	6718	,	22	,	15	)
(	6719	,	23	,	15	)
(	6720	,	24	,	15	)
(	6721	,	1	,	12	)
(	6722	,	2	,	12	)
(	6723	,	3	,	12	)
(	6724	,	4	,	12	)
(	6725	,	5	,	12	)
(	6726	,	6	,	12	)
(	6727	,	7	,	12	)
(	6728	,	8	,	12	)
(	6729	,	9	,	12	)
(	6730	,	10	,	12	)
(	6731	,	11	,	12	)
(	6732	,	12	,	12	)
(	6733	,	13	,	12	)
(	6734	,	14	,	12	)
(	6735	,	15	,	12	)
(	6736	,	16	,	12	)
(	6737	,	17	,	12	)
(	6738	,	18	,	12	)
(	6739	,	19	,	12	)
(	6740	,	20	,	12	)
(	6741	,	21	,	12	)
(	6742	,	22	,	12	)
(	6743	,	23	,	12	)
(	6744	,	24	,	12	)
(	6745	,	1	,	12	)
(	6746	,	2	,	12	)
(	6747	,	3	,	12	)
(	6748	,	4	,	12	)
(	6749	,	5	,	12	)
(	6750	,	6	,	12	)
(	6751	,	7	,	12	)
(	6752	,	8	,	12	)
(	6753	,	9	,	12	)
(	6754	,	10	,	12	)
(	6755	,	11	,	12	)
(	6756	,	12	,	12	)
(	6757	,	13	,	12	)
(	6758	,	14	,	12	)
(	6759	,	15	,	12	)
(	6760	,	16	,	12	)
(	6761	,	17	,	12	)
(	6762	,	18	,	12	)
(	6763	,	19	,	12	)
(	6764	,	20	,	12	)
(	6765	,	21	,	12	)
(	6766	,	22	,	12	)
(	6767	,	23	,	12	)
(	6768	,	24	,	12	)
(	6769	,	1	,	12	)
(	6770	,	2	,	12	)
(	6771	,	3	,	12	)
(	6772	,	4	,	12	)
(	6773	,	5	,	12	)
(	6774	,	6	,	12	)
(	6775	,	7	,	12	)
(	6776	,	8	,	12	)
(	6777	,	9	,	12	)
(	6778	,	10	,	12	)
(	6779	,	11	,	12	)
(	6780	,	12	,	12	)
(	6781	,	13	,	12	)
(	6782	,	14	,	12	)
(	6783	,	15	,	12	)
(	6784	,	16	,	12	)
(	6785	,	17	,	12	)
(	6786	,	18	,	12	)
(	6787	,	19	,	12	)
(	6788	,	20	,	12	)
(	6789	,	21	,	12	)
(	6790	,	22	,	12	)
(	6791	,	23	,	12	)
(	6792	,	24	,	12	)
(	6793	,	1	,	12	)
(	6794	,	2	,	12	)
(	6795	,	3	,	12	)
(	6796	,	4	,	12	)
(	6797	,	5	,	12	)
(	6798	,	6	,	12	)
(	6799	,	7	,	12	)
(	6800	,	8	,	12	)
(	6801	,	9	,	12	)
(	6802	,	10	,	12	)
(	6803	,	11	,	12	)
(	6804	,	12	,	12	)
(	6805	,	13	,	12	)
(	6806	,	14	,	12	)
(	6807	,	15	,	12	)
(	6808	,	16	,	12	)
(	6809	,	17	,	12	)
(	6810	,	18	,	12	)
(	6811	,	19	,	12	)
(	6812	,	20	,	12	)
(	6813	,	21	,	12	)
(	6814	,	22	,	12	)
(	6815	,	23	,	12	)
(	6816	,	24	,	12	)
(	6817	,	1	,	12	)
(	6818	,	2	,	12	)
(	6819	,	3	,	12	)
(	6820	,	4	,	12	)
(	6821	,	5	,	12	)
(	6822	,	6	,	12	)
(	6823	,	7	,	12	)
(	6824	,	8	,	12	)
(	6825	,	9	,	12	)
(	6826	,	10	,	12	)
(	6827	,	11	,	12	)
(	6828	,	12	,	12	)
(	6829	,	13	,	12	)
(	6830	,	14	,	12	)
(	6831	,	15	,	12	)
(	6832	,	16	,	12	)
(	6833	,	17	,	12	)
(	6834	,	18	,	12	)
(	6835	,	19	,	12	)
(	6836	,	20	,	12	)
(	6837	,	21	,	12	)
(	6838	,	22	,	12	)
(	6839	,	23	,	12	)
(	6840	,	24	,	12	)
(	6841	,	1	,	12	)
(	6842	,	2	,	12	)
(	6843	,	3	,	12	)
(	6844	,	4	,	12	)
(	6845	,	5	,	12	)
(	6846	,	6	,	12	)
(	6847	,	7	,	12	)
(	6848	,	8	,	12	)
(	6849	,	9	,	12	)
(	6850	,	10	,	12	)
(	6851	,	11	,	12	)
(	6852	,	12	,	12	)
(	6853	,	13	,	12	)
(	6854	,	14	,	12	)
(	6855	,	15	,	12	)
(	6856	,	16	,	12	)
(	6857	,	17	,	12	)
(	6858	,	18	,	12	)
(	6859	,	19	,	12	)
(	6860	,	20	,	12	)
(	6861	,	21	,	12	)
(	6862	,	22	,	12	)
(	6863	,	23	,	12	)
(	6864	,	24	,	12	)
(	6865	,	1	,	16	)
(	6866	,	2	,	16	)
(	6867	,	3	,	16	)
(	6868	,	4	,	16	)
(	6869	,	5	,	16	)
(	6870	,	6	,	16	)
(	6871	,	7	,	16	)
(	6872	,	8	,	16	)
(	6873	,	9	,	16	)
(	6874	,	10	,	16	)
(	6875	,	11	,	16	)
(	6876	,	12	,	16	)
(	6877	,	13	,	16	)
(	6878	,	14	,	16	)
(	6879	,	15	,	16	)
(	6880	,	16	,	16	)
(	6881	,	17	,	16	)
(	6882	,	18	,	16	)
(	6883	,	19	,	16	)
(	6884	,	20	,	16	)
(	6885	,	21	,	16	)
(	6886	,	22	,	16	)
(	6887	,	23	,	16	)
(	6888	,	24	,	16	)
(	6889	,	1	,	12	)
(	6890	,	2	,	12	)
(	6891	,	3	,	12	)
(	6892	,	4	,	12	)
(	6893	,	5	,	12	)
(	6894	,	6	,	12	)
(	6895	,	7	,	12	)
(	6896	,	8	,	12	)
(	6897	,	9	,	12	)
(	6898	,	10	,	12	)
(	6899	,	11	,	12	)
(	6900	,	12	,	12	)
(	6901	,	13	,	12	)
(	6902	,	14	,	12	)
(	6903	,	15	,	12	)
(	6904	,	16	,	12	)
(	6905	,	17	,	12	)
(	6906	,	18	,	12	)
(	6907	,	19	,	12	)
(	6908	,	20	,	12	)
(	6909	,	21	,	12	)
(	6910	,	22	,	12	)
(	6911	,	23	,	12	)
(	6912	,	24	,	12	)
(	6913	,	1	,	16	)
(	6914	,	2	,	16	)
(	6915	,	3	,	16	)
(	6916	,	4	,	16	)
(	6917	,	5	,	16	)
(	6918	,	6	,	16	)
(	6919	,	7	,	16	)
(	6920	,	8	,	16	)
(	6921	,	9	,	16	)
(	6922	,	10	,	16	)
(	6923	,	11	,	16	)
(	6924	,	12	,	16	)
(	6925	,	13	,	16	)
(	6926	,	14	,	16	)
(	6927	,	15	,	16	)
(	6928	,	16	,	16	)
(	6929	,	17	,	16	)
(	6930	,	18	,	16	)
(	6931	,	19	,	16	)
(	6932	,	20	,	16	)
(	6933	,	21	,	16	)
(	6934	,	22	,	16	)
(	6935	,	23	,	16	)
(	6936	,	24	,	16	)
(	6937	,	1	,	12	)
(	6938	,	2	,	12	)
(	6939	,	3	,	12	)
(	6940	,	4	,	12	)
(	6941	,	5	,	12	)
(	6942	,	6	,	12	)
(	6943	,	7	,	12	)
(	6944	,	8	,	12	)
(	6945	,	9	,	12	)
(	6946	,	10	,	12	)
(	6947	,	11	,	12	)
(	6948	,	12	,	12	)
(	6949	,	13	,	12	)
(	6950	,	14	,	12	)
(	6951	,	15	,	12	)
(	6952	,	16	,	12	)
(	6953	,	17	,	12	)
(	6954	,	18	,	12	)
(	6955	,	19	,	12	)
(	6956	,	20	,	12	)
(	6957	,	21	,	12	)
(	6958	,	22	,	12	)
(	6959	,	23	,	12	)
(	6960	,	24	,	12	)
(	6961	,	1	,	12	)
(	6962	,	2	,	12	)
(	6963	,	3	,	12	)
(	6964	,	4	,	12	)
(	6965	,	5	,	12	)
(	6966	,	6	,	12	)
(	6967	,	7	,	12	)
(	6968	,	8	,	12	)
(	6969	,	9	,	12	)
(	6970	,	10	,	12	)
(	6971	,	11	,	12	)
(	6972	,	12	,	12	)
(	6973	,	13	,	12	)
(	6974	,	14	,	12	)
(	6975	,	15	,	12	)
(	6976	,	16	,	12	)
(	6977	,	17	,	12	)
(	6978	,	18	,	12	)
(	6979	,	19	,	12	)
(	6980	,	20	,	12	)
(	6981	,	21	,	12	)
(	6982	,	22	,	12	)
(	6983	,	23	,	12	)
(	6984	,	24	,	12	)
(	6985	,	1	,	15	)
(	6986	,	2	,	15	)
(	6987	,	3	,	15	)
(	6988	,	4	,	15	)
(	6989	,	5	,	15	)
(	6990	,	6	,	15	)
(	6991	,	7	,	15	)
(	6992	,	8	,	15	)
(	6993	,	9	,	15	)
(	6994	,	10	,	15	)
(	6995	,	11	,	15	)
(	6996	,	12	,	15	)
(	6997	,	13	,	15	)
(	6998	,	14	,	15	)
(	6999	,	15	,	15	)
(	7000	,	16	,	15	)
(	7001	,	17	,	15	)
(	7002	,	18	,	15	)
(	7003	,	19	,	15	)
(	7004	,	20	,	15	)
(	7005	,	21	,	15	)
(	7006	,	22	,	15	)
(	7007	,	23	,	15	)
(	7008	,	24	,	15	)
(	7009	,	1	,	12	)
(	7010	,	2	,	12	)
(	7011	,	3	,	12	)
(	7012	,	4	,	12	)
(	7013	,	5	,	12	)
(	7014	,	6	,	12	)
(	7015	,	7	,	12	)
(	7016	,	8	,	12	)
(	7017	,	9	,	12	)
(	7018	,	10	,	12	)
(	7019	,	11	,	12	)
(	7020	,	12	,	12	)
(	7021	,	13	,	12	)
(	7022	,	14	,	12	)
(	7023	,	15	,	12	)
(	7024	,	16	,	12	)
(	7025	,	17	,	12	)
(	7026	,	18	,	12	)
(	7027	,	19	,	12	)
(	7028	,	20	,	12	)
(	7029	,	21	,	12	)
(	7030	,	22	,	12	)
(	7031	,	23	,	12	)
(	7032	,	24	,	12	)
(	7033	,	1	,	12	)
(	7034	,	2	,	12	)
(	7035	,	3	,	12	)
(	7036	,	4	,	12	)
(	7037	,	5	,	12	)
(	7038	,	6	,	12	)
(	7039	,	7	,	12	)
(	7040	,	8	,	12	)
(	7041	,	9	,	12	)
(	7042	,	10	,	12	)
(	7043	,	11	,	12	)
(	7044	,	12	,	12	)
(	7045	,	13	,	12	)
(	7046	,	14	,	12	)
(	7047	,	15	,	12	)
(	7048	,	16	,	12	)
(	7049	,	17	,	12	)
(	7050	,	18	,	12	)
(	7051	,	19	,	12	)
(	7052	,	20	,	12	)
(	7053	,	21	,	12	)
(	7054	,	22	,	12	)
(	7055	,	23	,	12	)
(	7056	,	24	,	12	)
(	7057	,	1	,	12	)
(	7058	,	2	,	12	)
(	7059	,	3	,	12	)
(	7060	,	4	,	12	)
(	7061	,	5	,	12	)
(	7062	,	6	,	12	)
(	7063	,	7	,	12	)
(	7064	,	8	,	12	)
(	7065	,	9	,	12	)
(	7066	,	10	,	12	)
(	7067	,	11	,	12	)
(	7068	,	12	,	12	)
(	7069	,	13	,	12	)
(	7070	,	14	,	12	)
(	7071	,	15	,	12	)
(	7072	,	16	,	12	)
(	7073	,	17	,	12	)
(	7074	,	18	,	12	)
(	7075	,	19	,	12	)
(	7076	,	20	,	12	)
(	7077	,	21	,	12	)
(	7078	,	22	,	12	)
(	7079	,	23	,	12	)
(	7080	,	24	,	12	)
(	7081	,	1	,	12	)
(	7082	,	2	,	12	)
(	7083	,	3	,	12	)
(	7084	,	4	,	12	)
(	7085	,	5	,	12	)
(	7086	,	6	,	12	)
(	7087	,	7	,	12	)
(	7088	,	8	,	12	)
(	7089	,	9	,	12	)
(	7090	,	10	,	12	)
(	7091	,	11	,	12	)
(	7092	,	12	,	12	)
(	7093	,	13	,	12	)
(	7094	,	14	,	12	)
(	7095	,	15	,	12	)
(	7096	,	16	,	12	)
(	7097	,	17	,	12	)
(	7098	,	18	,	12	)
(	7099	,	19	,	12	)
(	7100	,	20	,	12	)
(	7101	,	21	,	12	)
(	7102	,	22	,	12	)
(	7103	,	23	,	12	)
(	7104	,	24	,	12	)
(	7105	,	1	,	16	)
(	7106	,	2	,	16	)
(	7107	,	3	,	16	)
(	7108	,	4	,	16	)
(	7109	,	5	,	16	)
(	7110	,	6	,	16	)
(	7111	,	7	,	16	)
(	7112	,	8	,	16	)
(	7113	,	9	,	16	)
(	7114	,	10	,	16	)
(	7115	,	11	,	16	)
(	7116	,	12	,	16	)
(	7117	,	13	,	16	)
(	7118	,	14	,	16	)
(	7119	,	15	,	16	)
(	7120	,	16	,	16	)
(	7121	,	17	,	16	)
(	7122	,	18	,	16	)
(	7123	,	19	,	16	)
(	7124	,	20	,	16	)
(	7125	,	21	,	16	)
(	7126	,	22	,	16	)
(	7127	,	23	,	16	)
(	7128	,	24	,	16	)
(	7129	,	1	,	12	)
(	7130	,	2	,	12	)
(	7131	,	3	,	12	)
(	7132	,	4	,	12	)
(	7133	,	5	,	12	)
(	7134	,	6	,	12	)
(	7135	,	7	,	12	)
(	7136	,	8	,	12	)
(	7137	,	9	,	12	)
(	7138	,	10	,	12	)
(	7139	,	11	,	12	)
(	7140	,	12	,	12	)
(	7141	,	13	,	12	)
(	7142	,	14	,	12	)
(	7143	,	15	,	12	)
(	7144	,	16	,	12	)
(	7145	,	17	,	12	)
(	7146	,	18	,	12	)
(	7147	,	19	,	12	)
(	7148	,	20	,	12	)
(	7149	,	21	,	12	)
(	7150	,	22	,	12	)
(	7151	,	23	,	12	)
(	7152	,	24	,	12	)
(	7153	,	1	,	15	)
(	7154	,	2	,	15	)
(	7155	,	3	,	15	)
(	7156	,	4	,	15	)
(	7157	,	5	,	15	)
(	7158	,	6	,	15	)
(	7159	,	7	,	15	)
(	7160	,	8	,	15	)
(	7161	,	9	,	15	)
(	7162	,	10	,	15	)
(	7163	,	11	,	15	)
(	7164	,	12	,	15	)
(	7165	,	13	,	15	)
(	7166	,	14	,	15	)
(	7167	,	15	,	15	)
(	7168	,	16	,	15	)
(	7169	,	17	,	15	)
(	7170	,	18	,	15	)
(	7171	,	19	,	15	)
(	7172	,	20	,	15	)
(	7173	,	21	,	15	)
(	7174	,	22	,	15	)
(	7175	,	23	,	15	)
(	7176	,	24	,	15	)
(	7177	,	1	,	15	)
(	7178	,	2	,	15	)
(	7179	,	3	,	15	)
(	7180	,	4	,	15	)
(	7181	,	5	,	15	)
(	7182	,	6	,	15	)
(	7183	,	7	,	15	)
(	7184	,	8	,	15	)
(	7185	,	9	,	15	)
(	7186	,	10	,	15	)
(	7187	,	11	,	15	)
(	7188	,	12	,	15	)
(	7189	,	13	,	15	)
(	7190	,	14	,	15	)
(	7191	,	15	,	15	)
(	7192	,	16	,	15	)
(	7193	,	17	,	15	)
(	7194	,	18	,	15	)
(	7195	,	19	,	15	)
(	7196	,	20	,	15	)
(	7197	,	21	,	15	)
(	7198	,	22	,	15	)
(	7199	,	23	,	15	)
(	7200	,	24	,	15	)
(	7201	,	1	,	13	)
(	7202	,	2	,	13	)
(	7203	,	3	,	13	)
(	7204	,	4	,	13	)
(	7205	,	5	,	13	)
(	7206	,	6	,	13	)
(	7207	,	7	,	13	)
(	7208	,	8	,	13	)
(	7209	,	9	,	13	)
(	7210	,	10	,	13	)
(	7211	,	11	,	13	)
(	7212	,	12	,	13	)
(	7213	,	13	,	13	)
(	7214	,	14	,	13	)
(	7215	,	15	,	13	)
(	7216	,	16	,	13	)
(	7217	,	17	,	13	)
(	7218	,	18	,	13	)
(	7219	,	19	,	13	)
(	7220	,	20	,	13	)
(	7221	,	21	,	13	)
(	7222	,	22	,	13	)
(	7223	,	23	,	13	)
(	7224	,	24	,	13	)
(	7225	,	1	,	13	)
(	7226	,	2	,	13	)
(	7227	,	3	,	13	)
(	7228	,	4	,	13	)
(	7229	,	5	,	13	)
(	7230	,	6	,	13	)
(	7231	,	7	,	13	)
(	7232	,	8	,	13	)
(	7233	,	9	,	13	)
(	7234	,	10	,	13	)
(	7235	,	11	,	13	)
(	7236	,	12	,	13	)
(	7237	,	13	,	13	)
(	7238	,	14	,	13	)
(	7239	,	15	,	13	)
(	7240	,	16	,	13	)
(	7241	,	17	,	13	)
(	7242	,	18	,	13	)
(	7243	,	19	,	13	)
(	7244	,	20	,	13	)
(	7245	,	21	,	13	)
(	7246	,	22	,	13	)
(	7247	,	23	,	13	)
(	7248	,	24	,	13	)
(	7249	,	1	,	16	)
(	7250	,	2	,	16	)
(	7251	,	3	,	16	)
(	7252	,	4	,	16	)
(	7253	,	5	,	16	)
(	7254	,	6	,	16	)
(	7255	,	7	,	16	)
(	7256	,	8	,	16	)
(	7257	,	9	,	16	)
(	7258	,	10	,	16	)
(	7259	,	11	,	16	)
(	7260	,	12	,	16	)
(	7261	,	13	,	16	)
(	7262	,	14	,	16	)
(	7263	,	15	,	16	)
(	7264	,	16	,	16	)
(	7265	,	17	,	16	)
(	7266	,	18	,	16	)
(	7267	,	19	,	16	)
(	7268	,	20	,	16	)
(	7269	,	21	,	16	)
(	7270	,	22	,	16	)
(	7271	,	23	,	16	)
(	7272	,	24	,	16	)
(	7273	,	1	,	13	)
(	7274	,	2	,	13	)
(	7275	,	3	,	13	)
(	7276	,	4	,	13	)
(	7277	,	5	,	13	)
(	7278	,	6	,	13	)
(	7279	,	7	,	13	)
(	7280	,	8	,	13	)
(	7281	,	9	,	13	)
(	7282	,	10	,	13	)
(	7283	,	11	,	13	)
(	7284	,	12	,	13	)
(	7285	,	13	,	13	)
(	7286	,	14	,	13	)
(	7287	,	15	,	13	)
(	7288	,	16	,	13	)
(	7289	,	17	,	13	)
(	7290	,	18	,	13	)
(	7291	,	19	,	13	)
(	7292	,	20	,	13	)
(	7293	,	21	,	13	)
(	7294	,	22	,	13	)
(	7295	,	23	,	13	)
(	7296	,	24	,	13	)
(	7297	,	1	,	12	)
(	7298	,	2	,	12	)
(	7299	,	3	,	12	)
(	7300	,	4	,	12	)
(	7301	,	5	,	12	)
(	7302	,	6	,	12	)
(	7303	,	7	,	12	)
(	7304	,	8	,	12	)
(	7305	,	9	,	12	)
(	7306	,	10	,	12	)
(	7307	,	11	,	12	)
(	7308	,	12	,	12	)
(	7309	,	13	,	12	)
(	7310	,	14	,	12	)
(	7311	,	15	,	12	)
(	7312	,	16	,	12	)
(	7313	,	17	,	12	)
(	7314	,	18	,	12	)
(	7315	,	19	,	12	)
(	7316	,	20	,	12	)
(	7317	,	21	,	12	)
(	7318	,	22	,	12	)
(	7319	,	23	,	12	)
(	7320	,	24	,	12	)
(	7321	,	1	,	12	)
(	7322	,	2	,	12	)
(	7323	,	3	,	12	)
(	7324	,	4	,	12	)
(	7325	,	5	,	12	)
(	7326	,	6	,	12	)
(	7327	,	7	,	12	)
(	7328	,	8	,	12	)
(	7329	,	9	,	12	)
(	7330	,	10	,	12	)
(	7331	,	11	,	12	)
(	7332	,	12	,	12	)
(	7333	,	13	,	12	)
(	7334	,	14	,	12	)
(	7335	,	15	,	12	)
(	7336	,	16	,	12	)
(	7337	,	17	,	12	)
(	7338	,	18	,	12	)
(	7339	,	19	,	12	)
(	7340	,	20	,	12	)
(	7341	,	21	,	12	)
(	7342	,	22	,	12	)
(	7343	,	23	,	12	)
(	7344	,	24	,	12	)
(	7345	,	1	,	15	)
(	7346	,	2	,	15	)
(	7347	,	3	,	15	)
(	7348	,	4	,	15	)
(	7349	,	5	,	15	)
(	7350	,	6	,	15	)
(	7351	,	7	,	15	)
(	7352	,	8	,	15	)
(	7353	,	9	,	15	)
(	7354	,	10	,	15	)
(	7355	,	11	,	15	)
(	7356	,	12	,	15	)
(	7357	,	13	,	15	)
(	7358	,	14	,	15	)
(	7359	,	15	,	15	)
(	7360	,	16	,	15	)
(	7361	,	17	,	15	)
(	7362	,	18	,	15	)
(	7363	,	19	,	15	)
(	7364	,	20	,	15	)
(	7365	,	21	,	15	)
(	7366	,	22	,	15	)
(	7367	,	23	,	15	)
(	7368	,	24	,	15	)
(	7369	,	1	,	12	)
(	7370	,	2	,	12	)
(	7371	,	3	,	12	)
(	7372	,	4	,	12	)
(	7373	,	5	,	12	)
(	7374	,	6	,	12	)
(	7375	,	7	,	12	)
(	7376	,	8	,	12	)
(	7377	,	9	,	12	)
(	7378	,	10	,	12	)
(	7379	,	11	,	12	)
(	7380	,	12	,	12	)
(	7381	,	13	,	12	)
(	7382	,	14	,	12	)
(	7383	,	15	,	12	)
(	7384	,	16	,	12	)
(	7385	,	17	,	12	)
(	7386	,	18	,	12	)
(	7387	,	19	,	12	)
(	7388	,	20	,	12	)
(	7389	,	21	,	12	)
(	7390	,	22	,	12	)
(	7391	,	23	,	12	)
(	7392	,	24	,	12	)
(	7393	,	1	,	16	)
(	7394	,	2	,	16	)
(	7395	,	3	,	16	)
(	7396	,	4	,	16	)
(	7397	,	5	,	16	)
(	7398	,	6	,	16	)
(	7399	,	7	,	16	)
(	7400	,	8	,	16	)
(	7401	,	9	,	16	)
(	7402	,	10	,	16	)
(	7403	,	11	,	16	)
(	7404	,	12	,	16	)
(	7405	,	13	,	16	)
(	7406	,	14	,	16	)
(	7407	,	15	,	16	)
(	7408	,	16	,	16	)
(	7409	,	17	,	16	)
(	7410	,	18	,	16	)
(	7411	,	19	,	16	)
(	7412	,	20	,	16	)
(	7413	,	21	,	16	)
(	7414	,	22	,	16	)
(	7415	,	23	,	16	)
(	7416	,	24	,	16	)
(	7417	,	1	,	16	)
(	7418	,	2	,	16	)
(	7419	,	3	,	16	)
(	7420	,	4	,	16	)
(	7421	,	5	,	16	)
(	7422	,	6	,	16	)
(	7423	,	7	,	16	)
(	7424	,	8	,	16	)
(	7425	,	9	,	16	)
(	7426	,	10	,	16	)
(	7427	,	11	,	16	)
(	7428	,	12	,	16	)
(	7429	,	13	,	16	)
(	7430	,	14	,	16	)
(	7431	,	15	,	16	)
(	7432	,	16	,	16	)
(	7433	,	17	,	16	)
(	7434	,	18	,	16	)
(	7435	,	19	,	16	)
(	7436	,	20	,	16	)
(	7437	,	21	,	16	)
(	7438	,	22	,	16	)
(	7439	,	23	,	16	)
(	7440	,	24	,	16	)
(	7441	,	1	,	12	)
(	7442	,	2	,	12	)
(	7443	,	3	,	12	)
(	7444	,	4	,	12	)
(	7445	,	5	,	12	)
(	7446	,	6	,	12	)
(	7447	,	7	,	12	)
(	7448	,	8	,	12	)
(	7449	,	9	,	12	)
(	7450	,	10	,	12	)
(	7451	,	11	,	12	)
(	7452	,	12	,	12	)
(	7453	,	13	,	12	)
(	7454	,	14	,	12	)
(	7455	,	15	,	12	)
(	7456	,	16	,	12	)
(	7457	,	17	,	12	)
(	7458	,	18	,	12	)
(	7459	,	19	,	12	)
(	7460	,	20	,	12	)
(	7461	,	21	,	12	)
(	7462	,	22	,	12	)
(	7463	,	23	,	12	)
(	7464	,	24	,	12	)
(	7465	,	1	,	12	)
(	7466	,	2	,	12	)
(	7467	,	3	,	12	)
(	7468	,	4	,	12	)
(	7469	,	5	,	12	)
(	7470	,	6	,	12	)
(	7471	,	7	,	12	)
(	7472	,	8	,	12	)
(	7473	,	9	,	12	)
(	7474	,	10	,	12	)
(	7475	,	11	,	12	)
(	7476	,	12	,	12	)
(	7477	,	13	,	12	)
(	7478	,	14	,	12	)
(	7479	,	15	,	12	)
(	7480	,	16	,	12	)
(	7481	,	17	,	12	)
(	7482	,	18	,	12	)
(	7483	,	19	,	12	)
(	7484	,	20	,	12	)
(	7485	,	21	,	12	)
(	7486	,	22	,	12	)
(	7487	,	23	,	12	)
(	7488	,	24	,	12	)
(	7489	,	1	,	15	)
(	7490	,	2	,	15	)
(	7491	,	3	,	15	)
(	7492	,	4	,	15	)
(	7493	,	5	,	15	)
(	7494	,	6	,	15	)
(	7495	,	7	,	15	)
(	7496	,	8	,	15	)
(	7497	,	9	,	15	)
(	7498	,	10	,	15	)
(	7499	,	11	,	15	)
(	7500	,	12	,	15	)
(	7501	,	13	,	15	)
(	7502	,	14	,	15	)
(	7503	,	15	,	15	)
(	7504	,	16	,	15	)
(	7505	,	17	,	15	)
(	7506	,	18	,	15	)
(	7507	,	19	,	15	)
(	7508	,	20	,	15	)
(	7509	,	21	,	15	)
(	7510	,	22	,	15	)
(	7511	,	23	,	15	)
(	7512	,	24	,	15	)
(	7513	,	1	,	15	)
(	7514	,	2	,	15	)
(	7515	,	3	,	15	)
(	7516	,	4	,	15	)
(	7517	,	5	,	15	)
(	7518	,	6	,	15	)
(	7519	,	7	,	15	)
(	7520	,	8	,	15	)
(	7521	,	9	,	15	)
(	7522	,	10	,	15	)
(	7523	,	11	,	15	)
(	7524	,	12	,	15	)
(	7525	,	13	,	15	)
(	7526	,	14	,	15	)
(	7527	,	15	,	15	)
(	7528	,	16	,	15	)
(	7529	,	17	,	15	)
(	7530	,	18	,	15	)
(	7531	,	19	,	15	)
(	7532	,	20	,	15	)
(	7533	,	21	,	15	)
(	7534	,	22	,	15	)
(	7535	,	23	,	15	)
(	7536	,	24	,	15	)
(	7537	,	1	,	13	)
(	7538	,	2	,	13	)
(	7539	,	3	,	13	)
(	7540	,	4	,	13	)
(	7541	,	5	,	13	)
(	7542	,	6	,	13	)
(	7543	,	7	,	13	)
(	7544	,	8	,	13	)
(	7545	,	9	,	13	)
(	7546	,	10	,	13	)
(	7547	,	11	,	13	)
(	7548	,	12	,	13	)
(	7549	,	13	,	13	)
(	7550	,	14	,	13	)
(	7551	,	15	,	13	)
(	7552	,	16	,	13	)
(	7553	,	17	,	13	)
(	7554	,	18	,	13	)
(	7555	,	19	,	13	)
(	7556	,	20	,	13	)
(	7557	,	21	,	13	)
(	7558	,	22	,	13	)
(	7559	,	23	,	13	)
(	7560	,	24	,	13	)
(	7561	,	1	,	13	)
(	7562	,	2	,	13	)
(	7563	,	3	,	13	)
(	7564	,	4	,	13	)
(	7565	,	5	,	13	)
(	7566	,	6	,	13	)
(	7567	,	7	,	13	)
(	7568	,	8	,	13	)
(	7569	,	9	,	13	)
(	7570	,	10	,	13	)
(	7571	,	11	,	13	)
(	7572	,	12	,	13	)
(	7573	,	13	,	13	)
(	7574	,	14	,	13	)
(	7575	,	15	,	13	)
(	7576	,	16	,	13	)
(	7577	,	17	,	13	)
(	7578	,	18	,	13	)
(	7579	,	19	,	13	)
(	7580	,	20	,	13	)
(	7581	,	21	,	13	)
(	7582	,	22	,	13	)
(	7583	,	23	,	13	)
(	7584	,	24	,	13	)
(	7585	,	1	,	16	)
(	7586	,	2	,	16	)
(	7587	,	3	,	16	)
(	7588	,	4	,	16	)
(	7589	,	5	,	16	)
(	7590	,	6	,	16	)
(	7591	,	7	,	16	)
(	7592	,	8	,	16	)
(	7593	,	9	,	16	)
(	7594	,	10	,	16	)
(	7595	,	11	,	16	)
(	7596	,	12	,	16	)
(	7597	,	13	,	16	)
(	7598	,	14	,	16	)
(	7599	,	15	,	16	)
(	7600	,	16	,	16	)
(	7601	,	17	,	16	)
(	7602	,	18	,	16	)
(	7603	,	19	,	16	)
(	7604	,	20	,	16	)
(	7605	,	21	,	16	)
(	7606	,	22	,	16	)
(	7607	,	23	,	16	)
(	7608	,	24	,	16	)
(	7609	,	1	,	13	)
(	7610	,	2	,	13	)
(	7611	,	3	,	13	)
(	7612	,	4	,	13	)
(	7613	,	5	,	13	)
(	7614	,	6	,	13	)
(	7615	,	7	,	13	)
(	7616	,	8	,	13	)
(	7617	,	9	,	13	)
(	7618	,	10	,	13	)
(	7619	,	11	,	13	)
(	7620	,	12	,	13	)
(	7621	,	13	,	13	)
(	7622	,	14	,	13	)
(	7623	,	15	,	13	)
(	7624	,	16	,	13	)
(	7625	,	17	,	13	)
(	7626	,	18	,	13	)
(	7627	,	19	,	13	)
(	7628	,	20	,	13	)
(	7629	,	21	,	13	)
(	7630	,	22	,	13	)
(	7631	,	23	,	13	)
(	7632	,	24	,	13	)
(	7633	,	1	,	14	)
(	7634	,	2	,	14	)
(	7635	,	3	,	14	)
(	7636	,	4	,	14	)
(	7637	,	5	,	14	)
(	7638	,	6	,	14	)
(	7639	,	7	,	14	)
(	7640	,	8	,	14	)
(	7641	,	9	,	14	)
(	7642	,	10	,	14	)
(	7643	,	11	,	14	)
(	7644	,	12	,	14	)
(	7645	,	13	,	14	)
(	7646	,	14	,	14	)
(	7647	,	15	,	14	)
(	7648	,	16	,	14	)
(	7649	,	17	,	14	)
(	7650	,	18	,	14	)
(	7651	,	19	,	14	)
(	7652	,	20	,	14	)
(	7653	,	21	,	14	)
(	7654	,	22	,	14	)
(	7655	,	23	,	14	)
(	7656	,	24	,	14	)
(	7657	,	1	,	15	)
(	7658	,	2	,	15	)
(	7659	,	3	,	15	)
(	7660	,	4	,	15	)
(	7661	,	5	,	15	)
(	7662	,	6	,	15	)
(	7663	,	7	,	15	)
(	7664	,	8	,	15	)
(	7665	,	9	,	15	)
(	7666	,	10	,	15	)
(	7667	,	11	,	15	)
(	7668	,	12	,	15	)
(	7669	,	13	,	15	)
(	7670	,	14	,	15	)
(	7671	,	15	,	15	)
(	7672	,	16	,	15	)
(	7673	,	17	,	15	)
(	7674	,	18	,	15	)
(	7675	,	19	,	15	)
(	7676	,	20	,	15	)
(	7677	,	21	,	15	)
(	7678	,	22	,	15	)
(	7679	,	23	,	15	)
(	7680	,	24	,	15	)
(	7681	,	1	,	15	)
(	7682	,	2	,	15	)
(	7683	,	3	,	15	)
(	7684	,	4	,	15	)
(	7685	,	5	,	15	)
(	7686	,	6	,	15	)
(	7687	,	7	,	15	)
(	7688	,	8	,	15	)
(	7689	,	9	,	15	)
(	7690	,	10	,	15	)
(	7691	,	11	,	15	)
(	7692	,	12	,	15	)
(	7693	,	13	,	15	)
(	7694	,	14	,	15	)
(	7695	,	15	,	15	)
(	7696	,	16	,	15	)
(	7697	,	17	,	15	)
(	7698	,	18	,	15	)
(	7699	,	19	,	15	)
(	7700	,	20	,	15	)
(	7701	,	21	,	15	)
(	7702	,	22	,	15	)
(	7703	,	23	,	15	)
(	7704	,	24	,	15	)
(	7705	,	1	,	13	)
(	7706	,	2	,	13	)
(	7707	,	3	,	13	)
(	7708	,	4	,	13	)
(	7709	,	5	,	13	)
(	7710	,	6	,	13	)
(	7711	,	7	,	13	)
(	7712	,	8	,	13	)
(	7713	,	9	,	13	)
(	7714	,	10	,	13	)
(	7715	,	11	,	13	)
(	7716	,	12	,	13	)
(	7717	,	13	,	13	)
(	7718	,	14	,	13	)
(	7719	,	15	,	13	)
(	7720	,	16	,	13	)
(	7721	,	17	,	13	)
(	7722	,	18	,	13	)
(	7723	,	19	,	13	)
(	7724	,	20	,	13	)
(	7725	,	21	,	13	)
(	7726	,	22	,	13	)
(	7727	,	23	,	13	)
(	7728	,	24	,	13	)
(	7729	,	1	,	16	)
(	7730	,	2	,	16	)
(	7731	,	3	,	16	)
(	7732	,	4	,	16	)
(	7733	,	5	,	16	)
(	7734	,	6	,	16	)
(	7735	,	7	,	16	)
(	7736	,	8	,	16	)
(	7737	,	9	,	16	)
(	7738	,	10	,	16	)
(	7739	,	11	,	16	)
(	7740	,	12	,	16	)
(	7741	,	13	,	16	)
(	7742	,	14	,	16	)
(	7743	,	15	,	16	)
(	7744	,	16	,	16	)
(	7745	,	17	,	16	)
(	7746	,	18	,	16	)
(	7747	,	19	,	16	)
(	7748	,	20	,	16	)
(	7749	,	21	,	16	)
(	7750	,	22	,	16	)
(	7751	,	23	,	16	)
(	7752	,	24	,	16	)
(	7753	,	1	,	16	)
(	7754	,	2	,	16	)
(	7755	,	3	,	16	)
(	7756	,	4	,	16	)
(	7757	,	5	,	16	)
(	7758	,	6	,	16	)
(	7759	,	7	,	16	)
(	7760	,	8	,	16	)
(	7761	,	9	,	16	)
(	7762	,	10	,	16	)
(	7763	,	11	,	16	)
(	7764	,	12	,	16	)
(	7765	,	13	,	16	)
(	7766	,	14	,	16	)
(	7767	,	15	,	16	)
(	7768	,	16	,	16	)
(	7769	,	17	,	16	)
(	7770	,	18	,	16	)
(	7771	,	19	,	16	)
(	7772	,	20	,	16	)
(	7773	,	21	,	16	)
(	7774	,	22	,	16	)
(	7775	,	23	,	16	)
(	7776	,	24	,	16	)
(	7777	,	1	,	16	)
(	7778	,	2	,	16	)
(	7779	,	3	,	16	)
(	7780	,	4	,	16	)
(	7781	,	5	,	16	)
(	7782	,	6	,	16	)
(	7783	,	7	,	16	)
(	7784	,	8	,	16	)
(	7785	,	9	,	16	)
(	7786	,	10	,	16	)
(	7787	,	11	,	16	)
(	7788	,	12	,	16	)
(	7789	,	13	,	16	)
(	7790	,	14	,	16	)
(	7791	,	15	,	16	)
(	7792	,	16	,	16	)
(	7793	,	17	,	16	)
(	7794	,	18	,	16	)
(	7795	,	19	,	16	)
(	7796	,	20	,	16	)
(	7797	,	21	,	16	)
(	7798	,	22	,	16	)
(	7799	,	23	,	16	)
(	7800	,	24	,	16	)
(	7801	,	1	,	16	)
(	7802	,	2	,	16	)
(	7803	,	3	,	16	)
(	7804	,	4	,	16	)
(	7805	,	5	,	16	)
(	7806	,	6	,	16	)
(	7807	,	7	,	16	)
(	7808	,	8	,	16	)
(	7809	,	9	,	16	)
(	7810	,	10	,	16	)
(	7811	,	11	,	16	)
(	7812	,	12	,	16	)
(	7813	,	13	,	16	)
(	7814	,	14	,	16	)
(	7815	,	15	,	16	)
(	7816	,	16	,	16	)
(	7817	,	17	,	16	)
(	7818	,	18	,	16	)
(	7819	,	19	,	16	)
(	7820	,	20	,	16	)
(	7821	,	21	,	16	)
(	7822	,	22	,	16	)
(	7823	,	23	,	16	)
(	7824	,	24	,	16	)
(	7825	,	1	,	14	)
(	7826	,	2	,	14	)
(	7827	,	3	,	14	)
(	7828	,	4	,	14	)
(	7829	,	5	,	14	)
(	7830	,	6	,	14	)
(	7831	,	7	,	14	)
(	7832	,	8	,	14	)
(	7833	,	9	,	14	)
(	7834	,	10	,	14	)
(	7835	,	11	,	14	)
(	7836	,	12	,	14	)
(	7837	,	13	,	14	)
(	7838	,	14	,	14	)
(	7839	,	15	,	14	)
(	7840	,	16	,	14	)
(	7841	,	17	,	14	)
(	7842	,	18	,	14	)
(	7843	,	19	,	14	)
(	7844	,	20	,	14	)
(	7845	,	21	,	14	)
(	7846	,	22	,	14	)
(	7847	,	23	,	14	)
(	7848	,	24	,	14	)
(	7849	,	1	,	13	)
(	7850	,	2	,	13	)
(	7851	,	3	,	13	)
(	7852	,	4	,	13	)
(	7853	,	5	,	13	)
(	7854	,	6	,	13	)
(	7855	,	7	,	13	)
(	7856	,	8	,	13	)
(	7857	,	9	,	13	)
(	7858	,	10	,	13	)
(	7859	,	11	,	13	)
(	7860	,	12	,	13	)
(	7861	,	13	,	13	)
(	7862	,	14	,	13	)
(	7863	,	15	,	13	)
(	7864	,	16	,	13	)
(	7865	,	17	,	13	)
(	7866	,	18	,	13	)
(	7867	,	19	,	13	)
(	7868	,	20	,	13	)
(	7869	,	21	,	13	)
(	7870	,	22	,	13	)
(	7871	,	23	,	13	)
(	7872	,	24	,	13	)
(	7873	,	1	,	13	)
(	7874	,	2	,	13	)
(	7875	,	3	,	13	)
(	7876	,	4	,	13	)
(	7877	,	5	,	13	)
(	7878	,	6	,	13	)
(	7879	,	7	,	13	)
(	7880	,	8	,	13	)
(	7881	,	9	,	13	)
(	7882	,	10	,	13	)
(	7883	,	11	,	13	)
(	7884	,	12	,	13	)
(	7885	,	13	,	13	)
(	7886	,	14	,	13	)
(	7887	,	15	,	13	)
(	7888	,	16	,	13	)
(	7889	,	17	,	13	)
(	7890	,	18	,	13	)
(	7891	,	19	,	13	)
(	7892	,	20	,	13	)
(	7893	,	21	,	13	)
(	7894	,	22	,	13	)
(	7895	,	23	,	13	)
(	7896	,	24	,	13	)
(	7897	,	1	,	14	)
(	7898	,	2	,	14	)
(	7899	,	3	,	14	)
(	7900	,	4	,	14	)
(	7901	,	5	,	14	)
(	7902	,	6	,	14	)
(	7903	,	7	,	14	)
(	7904	,	8	,	14	)
(	7905	,	9	,	14	)
(	7906	,	10	,	14	)
(	7907	,	11	,	14	)
(	7908	,	12	,	14	)
(	7909	,	13	,	14	)
(	7910	,	14	,	14	)
(	7911	,	15	,	14	)
(	7912	,	16	,	14	)
(	7913	,	17	,	14	)
(	7914	,	18	,	14	)
(	7915	,	19	,	14	)
(	7916	,	20	,	14	)
(	7917	,	21	,	14	)
(	7918	,	22	,	14	)
(	7919	,	23	,	14	)
(	7920	,	24	,	14	)
(	7921	,	1	,	13	)
(	7922	,	2	,	13	)
(	7923	,	3	,	13	)
(	7924	,	4	,	13	)
(	7925	,	5	,	13	)
(	7926	,	6	,	13	)
(	7927	,	7	,	13	)
(	7928	,	8	,	13	)
(	7929	,	9	,	13	)
(	7930	,	10	,	13	)
(	7931	,	11	,	13	)
(	7932	,	12	,	13	)
(	7933	,	13	,	13	)
(	7934	,	14	,	13	)
(	7935	,	15	,	13	)
(	7936	,	16	,	13	)
(	7937	,	17	,	13	)
(	7938	,	18	,	13	)
(	7939	,	19	,	13	)
(	7940	,	20	,	13	)
(	7941	,	21	,	13	)
(	7942	,	22	,	13	)
(	7943	,	23	,	13	)
(	7944	,	24	,	13	)
(	7945	,	1	,	16	)
(	7946	,	2	,	16	)
(	7947	,	3	,	16	)
(	7948	,	4	,	16	)
(	7949	,	5	,	16	)
(	7950	,	6	,	16	)
(	7951	,	7	,	16	)
(	7952	,	8	,	16	)
(	7953	,	9	,	16	)
(	7954	,	10	,	16	)
(	7955	,	11	,	16	)
(	7956	,	12	,	16	)
(	7957	,	13	,	16	)
(	7958	,	14	,	16	)
(	7959	,	15	,	16	)
(	7960	,	16	,	16	)
(	7961	,	17	,	16	)
(	7962	,	18	,	16	)
(	7963	,	19	,	16	)
(	7964	,	20	,	16	)
(	7965	,	21	,	16	)
(	7966	,	22	,	16	)
(	7967	,	23	,	16	)
(	7968	,	24	,	16	)
(	7969	,	1	,	16	)
(	7970	,	2	,	16	)
(	7971	,	3	,	16	)
(	7972	,	4	,	16	)
(	7973	,	5	,	16	)
(	7974	,	6	,	16	)
(	7975	,	7	,	16	)
(	7976	,	8	,	16	)
(	7977	,	9	,	16	)
(	7978	,	10	,	16	)
(	7979	,	11	,	16	)
(	7980	,	12	,	16	)
(	7981	,	13	,	16	)
(	7982	,	14	,	16	)
(	7983	,	15	,	16	)
(	7984	,	16	,	16	)
(	7985	,	17	,	16	)
(	7986	,	18	,	16	)
(	7987	,	19	,	16	)
(	7988	,	20	,	16	)
(	7989	,	21	,	16	)
(	7990	,	22	,	16	)
(	7991	,	23	,	16	)
(	7992	,	24	,	16	)
(	7993	,	1	,	15	)
(	7994	,	2	,	15	)
(	7995	,	3	,	15	)
(	7996	,	4	,	15	)
(	7997	,	5	,	15	)
(	7998	,	6	,	15	)
(	7999	,	7	,	15	)
(	8000	,	8	,	15	)
(	8001	,	9	,	15	)
(	8002	,	10	,	15	)
(	8003	,	11	,	15	)
(	8004	,	12	,	15	)
(	8005	,	13	,	15	)
(	8006	,	14	,	15	)
(	8007	,	15	,	15	)
(	8008	,	16	,	15	)
(	8009	,	17	,	15	)
(	8010	,	18	,	15	)
(	8011	,	19	,	15	)
(	8012	,	20	,	15	)
(	8013	,	21	,	15	)
(	8014	,	22	,	15	)
(	8015	,	23	,	15	)
(	8016	,	24	,	15	)
(	8017	,	1	,	15	)
(	8018	,	2	,	15	)
(	8019	,	3	,	15	)
(	8020	,	4	,	15	)
(	8021	,	5	,	15	)
(	8022	,	6	,	15	)
(	8023	,	7	,	15	)
(	8024	,	8	,	15	)
(	8025	,	9	,	15	)
(	8026	,	10	,	15	)
(	8027	,	11	,	15	)
(	8028	,	12	,	15	)
(	8029	,	13	,	15	)
(	8030	,	14	,	15	)
(	8031	,	15	,	15	)
(	8032	,	16	,	15	)
(	8033	,	17	,	15	)
(	8034	,	18	,	15	)
(	8035	,	19	,	15	)
(	8036	,	20	,	15	)
(	8037	,	21	,	15	)
(	8038	,	22	,	15	)
(	8039	,	23	,	15	)
(	8040	,	24	,	15	)
(	8041	,	1	,	14	)
(	8042	,	2	,	14	)
(	8043	,	3	,	14	)
(	8044	,	4	,	14	)
(	8045	,	5	,	14	)
(	8046	,	6	,	14	)
(	8047	,	7	,	14	)
(	8048	,	8	,	14	)
(	8049	,	9	,	14	)
(	8050	,	10	,	14	)
(	8051	,	11	,	14	)
(	8052	,	12	,	14	)
(	8053	,	13	,	14	)
(	8054	,	14	,	14	)
(	8055	,	15	,	14	)
(	8056	,	16	,	14	)
(	8057	,	17	,	14	)
(	8058	,	18	,	14	)
(	8059	,	19	,	14	)
(	8060	,	20	,	14	)
(	8061	,	21	,	14	)
(	8062	,	22	,	14	)
(	8063	,	23	,	14	)
(	8064	,	24	,	14	)
(	8065	,	1	,	14	)
(	8066	,	2	,	14	)
(	8067	,	3	,	14	)
(	8068	,	4	,	14	)
(	8069	,	5	,	14	)
(	8070	,	6	,	14	)
(	8071	,	7	,	14	)
(	8072	,	8	,	14	)
(	8073	,	9	,	14	)
(	8074	,	10	,	14	)
(	8075	,	11	,	14	)
(	8076	,	12	,	14	)
(	8077	,	13	,	14	)
(	8078	,	14	,	14	)
(	8079	,	15	,	14	)
(	8080	,	16	,	14	)
(	8081	,	17	,	14	)
(	8082	,	18	,	14	)
(	8083	,	19	,	14	)
(	8084	,	20	,	14	)
(	8085	,	21	,	14	)
(	8086	,	22	,	14	)
(	8087	,	23	,	14	)
(	8088	,	24	,	14	)
(	8089	,	1	,	14	)
(	8090	,	2	,	14	)
(	8091	,	3	,	14	)
(	8092	,	4	,	14	)
(	8093	,	5	,	14	)
(	8094	,	6	,	14	)
(	8095	,	7	,	14	)
(	8096	,	8	,	14	)
(	8097	,	9	,	14	)
(	8098	,	10	,	14	)
(	8099	,	11	,	14	)
(	8100	,	12	,	14	)
(	8101	,	13	,	14	)
(	8102	,	14	,	14	)
(	8103	,	15	,	14	)
(	8104	,	16	,	14	)
(	8105	,	17	,	14	)
(	8106	,	18	,	14	)
(	8107	,	19	,	14	)
(	8108	,	20	,	14	)
(	8109	,	21	,	14	)
(	8110	,	22	,	14	)
(	8111	,	23	,	14	)
(	8112	,	24	,	14	)
(	8113	,	1	,	13	)
(	8114	,	2	,	13	)
(	8115	,	3	,	13	)
(	8116	,	4	,	13	)
(	8117	,	5	,	13	)
(	8118	,	6	,	13	)
(	8119	,	7	,	13	)
(	8120	,	8	,	13	)
(	8121	,	9	,	13	)
(	8122	,	10	,	13	)
(	8123	,	11	,	13	)
(	8124	,	12	,	13	)
(	8125	,	13	,	13	)
(	8126	,	14	,	13	)
(	8127	,	15	,	13	)
(	8128	,	16	,	13	)
(	8129	,	17	,	13	)
(	8130	,	18	,	13	)
(	8131	,	19	,	13	)
(	8132	,	20	,	13	)
(	8133	,	21	,	13	)
(	8134	,	22	,	13	)
(	8135	,	23	,	13	)
(	8136	,	24	,	13	)
(	8137	,	1	,	16	)
(	8138	,	2	,	16	)
(	8139	,	3	,	16	)
(	8140	,	4	,	16	)
(	8141	,	5	,	16	)
(	8142	,	6	,	16	)
(	8143	,	7	,	16	)
(	8144	,	8	,	16	)
(	8145	,	9	,	16	)
(	8146	,	10	,	16	)
(	8147	,	11	,	16	)
(	8148	,	12	,	16	)
(	8149	,	13	,	16	)
(	8150	,	14	,	16	)
(	8151	,	15	,	16	)
(	8152	,	16	,	16	)
(	8153	,	17	,	16	)
(	8154	,	18	,	16	)
(	8155	,	19	,	16	)
(	8156	,	20	,	16	)
(	8157	,	21	,	16	)
(	8158	,	22	,	16	)
(	8159	,	23	,	16	)
(	8160	,	24	,	16	)
(	8161	,	1	,	3	)
(	8162	,	2	,	3	)
(	8163	,	3	,	3	)
(	8164	,	4	,	3	)
(	8165	,	5	,	3	)
(	8166	,	6	,	3	)
(	8167	,	7	,	3	)
(	8168	,	8	,	3	)
(	8169	,	9	,	3	)
(	8170	,	10	,	3	)
(	8171	,	11	,	3	)
(	8172	,	12	,	3	)
(	8173	,	13	,	3	)
(	8174	,	14	,	3	)
(	8175	,	15	,	3	)
(	8176	,	16	,	3	)
(	8177	,	17	,	3	)
(	8178	,	18	,	3	)
(	8179	,	19	,	3	)
(	8180	,	20	,	3	)
(	8181	,	21	,	3	)
(	8182	,	22	,	3	)
(	8183	,	23	,	3	)
(	8184	,	24	,	3	)
(	8185	,	1	,	15	)
(	8186	,	2	,	15	)
(	8187	,	3	,	15	)
(	8188	,	4	,	15	)
(	8189	,	5	,	15	)
(	8190	,	6	,	15	)
(	8191	,	7	,	15	)
(	8192	,	8	,	15	)
(	8193	,	9	,	15	)
(	8194	,	10	,	15	)
(	8195	,	11	,	15	)
(	8196	,	12	,	15	)
(	8197	,	13	,	15	)
(	8198	,	14	,	15	)
(	8199	,	15	,	15	)
(	8200	,	16	,	15	)
(	8201	,	17	,	15	)
(	8202	,	18	,	15	)
(	8203	,	19	,	15	)
(	8204	,	20	,	15	)
(	8205	,	21	,	15	)
(	8206	,	22	,	15	)
(	8207	,	23	,	15	)
(	8208	,	24	,	15	)
(	8209	,	1	,	13	)
(	8210	,	2	,	13	)
(	8211	,	3	,	13	)
(	8212	,	4	,	13	)
(	8213	,	5	,	13	)
(	8214	,	6	,	13	)
(	8215	,	7	,	13	)
(	8216	,	8	,	13	)
(	8217	,	9	,	13	)
(	8218	,	10	,	13	)
(	8219	,	11	,	13	)
(	8220	,	12	,	13	)
(	8221	,	13	,	13	)
(	8222	,	14	,	13	)
(	8223	,	15	,	13	)
(	8224	,	16	,	13	)
(	8225	,	17	,	13	)
(	8226	,	18	,	13	)
(	8227	,	19	,	13	)
(	8228	,	20	,	13	)
(	8229	,	21	,	13	)
(	8230	,	22	,	13	)
(	8231	,	23	,	13	)
(	8232	,	24	,	13	)
(	8233	,	1	,	16	)
(	8234	,	2	,	16	)
(	8235	,	3	,	16	)
(	8236	,	4	,	16	)
(	8237	,	5	,	16	)
(	8238	,	6	,	16	)
(	8239	,	7	,	16	)
(	8240	,	8	,	16	)
(	8241	,	9	,	16	)
(	8242	,	10	,	16	)
(	8243	,	11	,	16	)
(	8244	,	12	,	16	)
(	8245	,	13	,	16	)
(	8246	,	14	,	16	)
(	8247	,	15	,	16	)
(	8248	,	16	,	16	)
(	8249	,	17	,	16	)
(	8250	,	18	,	16	)
(	8251	,	19	,	16	)
(	8252	,	20	,	16	)
(	8253	,	21	,	16	)
(	8254	,	22	,	16	)
(	8255	,	23	,	16	)
(	8256	,	24	,	16	)
(	8257	,	1	,	14	)
(	8258	,	2	,	14	)
(	8259	,	3	,	14	)
(	8260	,	4	,	14	)
(	8261	,	5	,	14	)
(	8262	,	6	,	14	)
(	8263	,	7	,	14	)
(	8264	,	8	,	14	)
(	8265	,	9	,	14	)
(	8266	,	10	,	14	)
(	8267	,	11	,	14	)
(	8268	,	12	,	14	)
(	8269	,	13	,	14	)
(	8270	,	14	,	14	)
(	8271	,	15	,	14	)
(	8272	,	16	,	14	)
(	8273	,	17	,	14	)
(	8274	,	18	,	14	)
(	8275	,	19	,	14	)
(	8276	,	20	,	14	)
(	8277	,	21	,	14	)
(	8278	,	22	,	14	)
(	8279	,	23	,	14	)
(	8280	,	24	,	14	)
(	8281	,	1	,	14	)
(	8282	,	2	,	14	)
(	8283	,	3	,	14	)
(	8284	,	4	,	14	)
(	8285	,	5	,	14	)
(	8286	,	6	,	14	)
(	8287	,	7	,	14	)
(	8288	,	8	,	14	)
(	8289	,	9	,	14	)
(	8290	,	10	,	14	)
(	8291	,	11	,	14	)
(	8292	,	12	,	14	)
(	8293	,	13	,	14	)
(	8294	,	14	,	14	)
(	8295	,	15	,	14	)
(	8296	,	16	,	14	)
(	8297	,	17	,	14	)
(	8298	,	18	,	14	)
(	8299	,	19	,	14	)
(	8300	,	20	,	14	)
(	8301	,	21	,	14	)
(	8302	,	22	,	14	)
(	8303	,	23	,	14	)
(	8304	,	24	,	14	)
(	8305	,	1	,	16	)
(	8306	,	2	,	16	)
(	8307	,	3	,	16	)
(	8308	,	4	,	16	)
(	8309	,	5	,	16	)
(	8310	,	6	,	16	)
(	8311	,	7	,	16	)
(	8312	,	8	,	16	)
(	8313	,	9	,	16	)
(	8314	,	10	,	16	)
(	8315	,	11	,	16	)
(	8316	,	12	,	16	)
(	8317	,	13	,	16	)
(	8318	,	14	,	16	)
(	8319	,	15	,	16	)
(	8320	,	16	,	16	)
(	8321	,	17	,	16	)
(	8322	,	18	,	16	)
(	8323	,	19	,	16	)
(	8324	,	20	,	16	)
(	8325	,	21	,	16	)
(	8326	,	22	,	16	)
(	8327	,	23	,	16	)
(	8328	,	24	,	16	)
(	8329	,	1	,	15	)
(	8330	,	2	,	15	)
(	8331	,	3	,	15	)
(	8332	,	4	,	15	)
(	8333	,	5	,	15	)
(	8334	,	6	,	15	)
(	8335	,	7	,	15	)
(	8336	,	8	,	15	)
(	8337	,	9	,	15	)
(	8338	,	10	,	15	)
(	8339	,	11	,	15	)
(	8340	,	12	,	15	)
(	8341	,	13	,	15	)
(	8342	,	14	,	15	)
(	8343	,	15	,	15	)
(	8344	,	16	,	15	)
(	8345	,	17	,	15	)
(	8346	,	18	,	15	)
(	8347	,	19	,	15	)
(	8348	,	20	,	15	)
(	8349	,	21	,	15	)
(	8350	,	22	,	15	)
(	8351	,	23	,	15	)
(	8352	,	24	,	15	)
(	8353	,	1	,	15	)
(	8354	,	2	,	15	)
(	8355	,	3	,	15	)
(	8356	,	4	,	15	)
(	8357	,	5	,	15	)
(	8358	,	6	,	15	)
(	8359	,	7	,	15	)
(	8360	,	8	,	15	)
(	8361	,	9	,	15	)
(	8362	,	10	,	15	)
(	8363	,	11	,	15	)
(	8364	,	12	,	15	)
(	8365	,	13	,	15	)
(	8366	,	14	,	15	)
(	8367	,	15	,	15	)
(	8368	,	16	,	15	)
(	8369	,	17	,	15	)
(	8370	,	18	,	15	)
(	8371	,	19	,	15	)
(	8372	,	20	,	15	)
(	8373	,	21	,	15	)
(	8374	,	22	,	15	)
(	8375	,	23	,	15	)
(	8376	,	24	,	15	)
(	8377	,	1	,	16	)
(	8378	,	2	,	16	)
(	8379	,	3	,	16	)
(	8380	,	4	,	16	)
(	8381	,	5	,	16	)
(	8382	,	6	,	16	)
(	8383	,	7	,	16	)
(	8384	,	8	,	16	)
(	8385	,	9	,	16	)
(	8386	,	10	,	16	)
(	8387	,	11	,	16	)
(	8388	,	12	,	16	)
(	8389	,	13	,	16	)
(	8390	,	14	,	16	)
(	8391	,	15	,	16	)
(	8392	,	16	,	16	)
(	8393	,	17	,	16	)
(	8394	,	18	,	16	)
(	8395	,	19	,	16	)
(	8396	,	20	,	16	)
(	8397	,	21	,	16	)
(	8398	,	22	,	16	)
(	8399	,	23	,	16	)
(	8400	,	24	,	16	)
(	8401	,	1	,	13	)
(	8402	,	2	,	13	)
(	8403	,	3	,	13	)
(	8404	,	4	,	13	)
(	8405	,	5	,	13	)
(	8406	,	6	,	13	)
(	8407	,	7	,	13	)
(	8408	,	8	,	13	)
(	8409	,	9	,	13	)
(	8410	,	10	,	13	)
(	8411	,	11	,	13	)
(	8412	,	12	,	13	)
(	8413	,	13	,	13	)
(	8414	,	14	,	13	)
(	8415	,	15	,	13	)
(	8416	,	16	,	13	)
(	8417	,	17	,	13	)
(	8418	,	18	,	13	)
(	8419	,	19	,	13	)
(	8420	,	20	,	13	)
(	8421	,	21	,	13	)
(	8422	,	22	,	13	)
(	8423	,	23	,	13	)
(	8424	,	24	,	13	)
(	8425	,	1	,	16	)
(	8426	,	2	,	16	)
(	8427	,	3	,	16	)
(	8428	,	4	,	16	)
(	8429	,	5	,	16	)
(	8430	,	6	,	16	)
(	8431	,	7	,	16	)
(	8432	,	8	,	16	)
(	8433	,	9	,	16	)
(	8434	,	10	,	16	)
(	8435	,	11	,	16	)
(	8436	,	12	,	16	)
(	8437	,	13	,	16	)
(	8438	,	14	,	16	)
(	8439	,	15	,	16	)
(	8440	,	16	,	16	)
(	8441	,	17	,	16	)
(	8442	,	18	,	16	)
(	8443	,	19	,	16	)
(	8444	,	20	,	16	)
(	8445	,	21	,	16	)
(	8446	,	22	,	16	)
(	8447	,	23	,	16	)
(	8448	,	24	,	16	)
(	8449	,	1	,	16	)
(	8450	,	2	,	16	)
(	8451	,	3	,	16	)
(	8452	,	4	,	16	)
(	8453	,	5	,	16	)
(	8454	,	6	,	16	)
(	8455	,	7	,	16	)
(	8456	,	8	,	16	)
(	8457	,	9	,	16	)
(	8458	,	10	,	16	)
(	8459	,	11	,	16	)
(	8460	,	12	,	16	)
(	8461	,	13	,	16	)
(	8462	,	14	,	16	)
(	8463	,	15	,	16	)
(	8464	,	16	,	16	)
(	8465	,	17	,	16	)
(	8466	,	18	,	16	)
(	8467	,	19	,	16	)
(	8468	,	20	,	16	)
(	8469	,	21	,	16	)
(	8470	,	22	,	16	)
(	8471	,	23	,	16	)
(	8472	,	24	,	16	)
(	8473	,	1	,	16	)
(	8474	,	2	,	16	)
(	8475	,	3	,	16	)
(	8476	,	4	,	16	)
(	8477	,	5	,	16	)
(	8478	,	6	,	16	)
(	8479	,	7	,	16	)
(	8480	,	8	,	16	)
(	8481	,	9	,	16	)
(	8482	,	10	,	16	)
(	8483	,	11	,	16	)
(	8484	,	12	,	16	)
(	8485	,	13	,	16	)
(	8486	,	14	,	16	)
(	8487	,	15	,	16	)
(	8488	,	16	,	16	)
(	8489	,	17	,	16	)
(	8490	,	18	,	16	)
(	8491	,	19	,	16	)
(	8492	,	20	,	16	)
(	8493	,	21	,	16	)
(	8494	,	22	,	16	)
(	8495	,	23	,	16	)
(	8496	,	24	,	16	)
(	8497	,	1	,	15	)
(	8498	,	2	,	15	)
(	8499	,	3	,	15	)
(	8500	,	4	,	15	)
(	8501	,	5	,	15	)
(	8502	,	6	,	15	)
(	8503	,	7	,	15	)
(	8504	,	8	,	15	)
(	8505	,	9	,	15	)
(	8506	,	10	,	15	)
(	8507	,	11	,	15	)
(	8508	,	12	,	15	)
(	8509	,	13	,	15	)
(	8510	,	14	,	15	)
(	8511	,	15	,	15	)
(	8512	,	16	,	15	)
(	8513	,	17	,	15	)
(	8514	,	18	,	15	)
(	8515	,	19	,	15	)
(	8516	,	20	,	15	)
(	8517	,	21	,	15	)
(	8518	,	22	,	15	)
(	8519	,	23	,	15	)
(	8520	,	24	,	15	)
(	8521	,	1	,	15	)
(	8522	,	2	,	15	)
(	8523	,	3	,	15	)
(	8524	,	4	,	15	)
(	8525	,	5	,	15	)
(	8526	,	6	,	15	)
(	8527	,	7	,	15	)
(	8528	,	8	,	15	)
(	8529	,	9	,	15	)
(	8530	,	10	,	15	)
(	8531	,	11	,	15	)
(	8532	,	12	,	15	)
(	8533	,	13	,	15	)
(	8534	,	14	,	15	)
(	8535	,	15	,	15	)
(	8536	,	16	,	15	)
(	8537	,	17	,	15	)
(	8538	,	18	,	15	)
(	8539	,	19	,	15	)
(	8540	,	20	,	15	)
(	8541	,	21	,	15	)
(	8542	,	22	,	15	)
(	8543	,	23	,	15	)
(	8544	,	24	,	15	)
(	8545	,	1	,	14	)
(	8546	,	2	,	14	)
(	8547	,	3	,	14	)
(	8548	,	4	,	14	)
(	8549	,	5	,	14	)
(	8550	,	6	,	14	)
(	8551	,	7	,	14	)
(	8552	,	8	,	14	)
(	8553	,	9	,	14	)
(	8554	,	10	,	14	)
(	8555	,	11	,	14	)
(	8556	,	12	,	14	)
(	8557	,	13	,	14	)
(	8558	,	14	,	14	)
(	8559	,	15	,	14	)
(	8560	,	16	,	14	)
(	8561	,	17	,	14	)
(	8562	,	18	,	14	)
(	8563	,	19	,	14	)
(	8564	,	20	,	14	)
(	8565	,	21	,	14	)
(	8566	,	22	,	14	)
(	8567	,	23	,	14	)
(	8568	,	24	,	14	)
(	8569	,	1	,	14	)
(	8570	,	2	,	14	)
(	8571	,	3	,	14	)
(	8572	,	4	,	14	)
(	8573	,	5	,	14	)
(	8574	,	6	,	14	)
(	8575	,	7	,	14	)
(	8576	,	8	,	14	)
(	8577	,	9	,	14	)
(	8578	,	10	,	14	)
(	8579	,	11	,	14	)
(	8580	,	12	,	14	)
(	8581	,	13	,	14	)
(	8582	,	14	,	14	)
(	8583	,	15	,	14	)
(	8584	,	16	,	14	)
(	8585	,	17	,	14	)
(	8586	,	18	,	14	)
(	8587	,	19	,	14	)
(	8588	,	20	,	14	)
(	8589	,	21	,	14	)
(	8590	,	22	,	14	)
(	8591	,	23	,	14	)
(	8592	,	24	,	14	)
(	8593	,	1	,	14	)
(	8594	,	2	,	14	)
(	8595	,	3	,	14	)
(	8596	,	4	,	14	)
(	8597	,	5	,	14	)
(	8598	,	6	,	14	)
(	8599	,	7	,	14	)
(	8600	,	8	,	14	)
(	8601	,	9	,	14	)
(	8602	,	10	,	14	)
(	8603	,	11	,	14	)
(	8604	,	12	,	14	)
(	8605	,	13	,	14	)
(	8606	,	14	,	14	)
(	8607	,	15	,	14	)
(	8608	,	16	,	14	)
(	8609	,	17	,	14	)
(	8610	,	18	,	14	)
(	8611	,	19	,	14	)
(	8612	,	20	,	14	)
(	8613	,	21	,	14	)
(	8614	,	22	,	14	)
(	8615	,	23	,	14	)
(	8616	,	24	,	14	)
(	8617	,	1	,	4	)
(	8618	,	2	,	4	)
(	8619	,	3	,	4	)
(	8620	,	4	,	4	)
(	8621	,	5	,	4	)
(	8622	,	6	,	4	)
(	8623	,	7	,	4	)
(	8624	,	8	,	4	)
(	8625	,	9	,	4	)
(	8626	,	10	,	4	)
(	8627	,	11	,	4	)
(	8628	,	12	,	4	)
(	8629	,	13	,	4	)
(	8630	,	14	,	4	)
(	8631	,	15	,	4	)
(	8632	,	16	,	4	)
(	8633	,	17	,	4	)
(	8634	,	18	,	4	)
(	8635	,	19	,	4	)
(	8636	,	20	,	4	)
(	8637	,	21	,	4	)
(	8638	,	22	,	4	)
(	8639	,	23	,	4	)
(	8640	,	24	,	4	)
(	8641	,	1	,	16	)
(	8642	,	2	,	16	)
(	8643	,	3	,	16	)
(	8644	,	4	,	16	)
(	8645	,	5	,	16	)
(	8646	,	6	,	16	)
(	8647	,	7	,	16	)
(	8648	,	8	,	16	)
(	8649	,	9	,	16	)
(	8650	,	10	,	16	)
(	8651	,	11	,	16	)
(	8652	,	12	,	16	)
(	8653	,	13	,	16	)
(	8654	,	14	,	16	)
(	8655	,	15	,	16	)
(	8656	,	16	,	16	)
(	8657	,	17	,	16	)
(	8658	,	18	,	16	)
(	8659	,	19	,	16	)
(	8660	,	20	,	16	)
(	8661	,	21	,	16	)
(	8662	,	22	,	16	)
(	8663	,	23	,	16	)
(	8664	,	24	,	16	)
(	8665	,	1	,	13	)
(	8666	,	2	,	13	)
(	8667	,	3	,	13	)
(	8668	,	4	,	13	)
(	8669	,	5	,	13	)
(	8670	,	6	,	13	)
(	8671	,	7	,	13	)
(	8672	,	8	,	13	)
(	8673	,	9	,	13	)
(	8674	,	10	,	13	)
(	8675	,	11	,	13	)
(	8676	,	12	,	13	)
(	8677	,	13	,	13	)
(	8678	,	14	,	13	)
(	8679	,	15	,	13	)
(	8680	,	16	,	13	)
(	8681	,	17	,	13	)
(	8682	,	18	,	13	)
(	8683	,	19	,	13	)
(	8684	,	20	,	13	)
(	8685	,	21	,	13	)
(	8686	,	22	,	13	)
(	8687	,	23	,	13	)
(	8688	,	24	,	13	)
(	8689	,	1	,	15	)
(	8690	,	2	,	15	)
(	8691	,	3	,	15	)
(	8692	,	4	,	15	)
(	8693	,	5	,	15	)
(	8694	,	6	,	15	)
(	8695	,	7	,	15	)
(	8696	,	8	,	15	)
(	8697	,	9	,	15	)
(	8698	,	10	,	15	)
(	8699	,	11	,	15	)
(	8700	,	12	,	15	)
(	8701	,	13	,	15	)
(	8702	,	14	,	15	)
(	8703	,	15	,	15	)
(	8704	,	16	,	15	)
(	8705	,	17	,	15	)
(	8706	,	18	,	15	)
(	8707	,	19	,	15	)
(	8708	,	20	,	15	)
(	8709	,	21	,	15	)
(	8710	,	22	,	15	)
(	8711	,	23	,	15	)
(	8712	,	24	,	15	)
(	8713	,	1	,	16	)
(	8714	,	2	,	16	)
(	8715	,	3	,	16	)
(	8716	,	4	,	16	)
(	8717	,	5	,	16	)
(	8718	,	6	,	16	)
(	8719	,	7	,	16	)
(	8720	,	8	,	16	)
(	8721	,	9	,	16	)
(	8722	,	10	,	16	)
(	8723	,	11	,	16	)
(	8724	,	12	,	16	)
(	8725	,	13	,	16	)
(	8726	,	14	,	16	)
(	8727	,	15	,	16	)
(	8728	,	16	,	16	)
(	8729	,	17	,	16	)
(	8730	,	18	,	16	)
(	8731	,	19	,	16	)
(	8732	,	20	,	16	)
(	8733	,	21	,	16	)
(	8734	,	22	,	16	)
(	8735	,	23	,	16	)
(	8736	,	24	,	16	)
(	8737	,	1	,	16	)
(	8738	,	2	,	16	)
(	8739	,	3	,	16	)
(	8740	,	4	,	16	)
(	8741	,	5	,	16	)
(	8742	,	6	,	16	)
(	8743	,	7	,	16	)
(	8744	,	8	,	16	)
(	8745	,	9	,	16	)
(	8746	,	10	,	16	)
(	8747	,	11	,	16	)
(	8748	,	12	,	16	)
(	8749	,	13	,	16	)
(	8750	,	14	,	16	)
(	8751	,	15	,	16	)
(	8752	,	16	,	16	)
(	8753	,	17	,	16	)
(	8754	,	18	,	16	)
(	8755	,	19	,	16	)
(	8756	,	20	,	16	)
(	8757	,	21	,	16	)
(	8758	,	22	,	16	)
(	8759	,	23	,	16	)
(	8760	,	24	,	16	)
;
  
 #  ----------------------------- 
 #  PARAMETERS  DEPENDING  ON  NUMBER  OF  TYPICAL  DAYS  :   
 #  ----------------------------- 
  
 param  nbr_tds  :=  16; 
param 	peak_sh_factor := 
C1	1.0
C2	1.0
C3	1.0
C4	1.0
C5	1.0
;
param 	peak_sc_factor := 
C1	1.0403645495916973
C2	1.057404341232147
C3	1.0608786574928866
C4	1.0360965627347258
C5	1.0636404806693172
;
  
 param  electricity_time_series  := 
["C1",*,*] : 	1	2	3	4	5	6	7	8	9	10	11	12	13	14	15	16 := 
1	5.1004405831755125e-05	5.159254816512719e-05	4.704343959477346e-05	5.065172193413242e-05	4.8930167607198276e-05	4.70625370038541e-05	4.780510358607464e-05	4.9391075777492864e-05	5.2013995596157286e-05	5.539863857180861e-05	5.351147008034173e-05	5.119942163314543e-05	4.991300416010049e-05	5.058326316867329e-05	4.691358200219854e-05	4.721272676842323e-05
2	6.41775954988696e-05	6.188547197894935e-05	5.4161938129790484e-05	6.143684246679866e-05	6.182799423145506e-05	5.400244633261709e-05	5.561595010013138e-05	6.077469449032147e-05	6.127475902756412e-05	6.572442923238872e-05	6.460208576854625e-05	6.292025392335097e-05	6.122628086083356e-05	6.185763421016613e-05	5.448805714277626e-05	5.907130799863176e-05
3	7.12216764940055e-05	6.667428792216592e-05	6.014140017363269e-05	6.901836041225902e-05	7.101845016998848e-05	5.987902799409404e-05	6.153450577122188e-05	7.243709049094538e-05	6.809086772630164e-05	7.208316383107403e-05	6.857276191162672e-05	7.083762189937413e-05	6.832173587621771e-05	7.002098082433925e-05	6.0063343530976036e-05	6.608920035125883e-05
4	7.839930439718856e-05	7.138756872786053e-05	6.500787693818993e-05	7.526229945434259e-05	7.57737771193158e-05	6.470280430798574e-05	6.65619606530247e-05	7.61665168540954e-05	7.82987253307213e-05	7.592432175215469e-05	7.396807017669347e-05	7.938968292755651e-05	6.961972282162361e-05	7.533465272507926e-05	6.516147352993051e-05	7.246191941657043e-05
5	8.315898661972222e-05	8.192367852813508e-05	7.356647485024668e-05	8.478746607627843e-05	8.899239582226927e-05	7.371917804797625e-05	7.587551019817695e-05	8.826030621957552e-05	7.973614487774169e-05	8.764620011734707e-05	8.256401508040766e-05	8.699730804147179e-05	8.508116577484106e-05	8.83880682769616e-05	7.463129253617912e-05	8.888880872153697e-05
6	0.00010299558731769395	9.698492644344863e-05	8.53841843441652e-05	0.00010272880507388258	0.00010287592995583756	8.898654011305379e-05	9.081336148190872e-05	0.00010073699637732241	9.52172112732277e-05	0.0001028199392256783	9.839682037320625e-05	0.00010157983287392972	0.00010216921940893722	0.00010348597729571146	8.986352200274297e-05	0.00010545199042726485
7	0.00011239746166346499	0.00011160420461306389	9.42513651068734e-05	0.0001199305127064994	0.00012325655502402647	9.92508686127529e-05	0.00010093838761100056	0.00011210137916307477	0.00010708178370268477	0.00011417598098352955	0.00011107767986364319	0.00011455669744417687	0.00011179503561616302	0.00011727508064860141	0.00010013240022169592	0.00011268446463368952
8	0.00013104174253164523	0.00012801180819382028	9.90501490791229e-05	0.00013358170626512488	0.00012555985068435284	0.00010254684729912159	0.00010409476813116174	0.00012220626559071915	0.0001141594537260012	0.00011234325313992573	0.00011781350468597939	0.00012094812845416856	0.00011983675248203721	0.00012387651188889082	0.00010322184926695312	0.00012465440222628326
9	0.0001379360970004454	0.00014832067074190832	9.657223677241513e-05	0.0001377870511587346	0.0001232979573692643	9.712814181436068e-05	9.917888278950155e-05	0.0001233227306713358	0.00011005778494768836	0.00011412496456478524	0.00010677389864097926	0.00012092428259121887	0.00011320003504964179	0.00012875064935043774	9.927331637427775e-05	0.00011928620936933331
10	0.00014704400891718653	0.00015288023902395537	9.579917130968277e-05	0.00014709484309836777	0.0001307778412499161	9.622042935180022e-05	9.820388129450314e-05	0.00012370399693837936	0.00010549559874912059	0.00011258416766882306	0.00010328849845721874	0.00011808242631154103	0.00011069588372401687	0.00011359880823660982	9.8950385711347e-05	0.00012197156475171175
11	0.00015068028425119416	0.00015128914621052926	9.783030015429567e-05	0.00015898673223840575	0.00013874497806856963	9.729385916746999e-05	9.973240106408746e-05	0.00012285974023015824	0.0001121946600698969	0.00010744502429654635	0.00011119211685410806	0.0001241944812456421	0.00012102173961444204	0.00011966611578893691	0.00010092051292030404	0.00012029433221024676
12	0.00015773212674296798	0.00015188916184985296	9.947353593191383e-05	0.00016178279546922265	0.00012936348084243858	0.00010023414910218168	0.0001015424505778405	0.00013019860392744103	0.0001111817518677047	0.00010691877203138558	0.00011459693865875101	0.00012289750595332943	0.00012401816557960302	0.00011995259978753857	0.0001034171823406378	0.0001273847166358228
13	0.00015653396182534014	0.00016480492973052925	0.00010372696424166944	0.00016065139028100154	0.00013120477955556498	0.00010311915529938545	0.00010540477524133816	0.00013644013298832558	0.00011194505092427626	0.00011629872062450145	0.00011148029423938544	0.0001258408331290799	0.00013517025685122813	0.00012719516162488533	0.00010721531291800684	0.00012277107006033322
14	0.00015546457368241075	0.00015996199169923344	0.00010194488270559324	0.00015234666085534463	0.00013235193967630948	0.00010208878842599706	0.00010349528250183369	0.00013438267332289237	0.00011661322322851119	0.00010663439541858786	0.00011255666929644254	0.00012543769647269153	0.00012236861460052873	0.00013484903730113162	0.00010589950998125174	0.00012110416032080719
15	0.0001593631303930148	0.00015805711801595738	0.00010259178339850211	0.00015291057433663478	0.00013288926178327054	0.00010330046693613328	0.00010522139599296852	0.00013765148752736987	0.00011071318529741342	0.00011247537697586034	0.0001203774504746687	0.00013042926861048826	0.00012621256402053644	0.000133897844740125	0.00010689538799461108	0.00012267185238945373
16	0.00015439827061137587	0.00016154420485503318	0.00010784187415783798	0.00015409925272446615	0.0001332967549644682	0.00010909272436710328	0.00011058545146495544	0.00014644579462618057	0.00011766986739286144	0.00012110380478322102	0.00012571887118297166	0.0001335528556010436	0.00012979416877190647	0.00013346341433633887	0.00011232391736521252	0.00013343358712992974
17	0.00015989939668135518	0.00016666634763043626	0.00011690282098386483	0.00014970378881455615	0.0001448970576310938	0.00011953060742232292	0.00012108496506789137	0.00014263874876368387	0.00012908134961787558	0.00013220400399021213	0.0001278710256774244	0.00013555366946253498	0.00014568064545143677	0.0001448831822418786	0.00012258083950946028	0.00013952147823090744
18	0.00016527825612022866	0.0001694492870830157	0.0001286856592144897	0.0001631412139290842	0.00015760669124026427	0.00013250798739342624	0.00013376900639335744	0.0001581836148117622	0.00013816542795452605	0.00014165940341003672	0.00014179729600743296	0.00015512351197041757	0.00014754935638823822	0.0001570844387026925	0.00013489830235235723	0.00014918145233908136
19	0.00016385452863878277	0.00016590276154676185	0.0001413867339654169	0.000166630527121519	0.00016154902960314132	0.00014481692262332122	0.00014780895735114254	0.0001773587552049751	0.00014872354788740276	0.00015441938987457326	0.00015312857713076867	0.00016480252971782773	0.00015795377578633007	0.00016316658511414536	0.00014769098039718592	0.00015885643086662815
20	0.00016140879413603217	0.00016951160366509394	0.00015145312861799642	0.00016368235481727976	0.00016750099066607771	0.0001540735518093674	0.00015697441906154872	0.00017250169761580763	0.00015737420121889875	0.0001624609355412572	0.00016264791862284454	0.0001709009260720498	0.00016681502311905616	0.00017157948001996398	0.00015791890842099896	0.00017824240799481093
21	0.00015205213589304976	0.00016028948598140855	0.00014736210910345747	0.00015737581179943393	0.00015787107378820075	0.00014992992124429153	0.00015183632587239228	0.00016411219240705134	0.00015850623140794903	0.00015470514793174272	0.0001573157290307469	0.00016359071714606833	0.00015919971870486063	0.00016122671229448968	0.00015102394685123692	0.00016181474910270503
22	0.00013596211707724872	0.00013826442410635965	0.00012507082015265176	0.00013301057797675112	0.00014025550774517906	0.00013010047073958017	0.00013121400130300785	0.00014002075487844256	0.00014162144029542976	0.00013412649508996263	0.0001441593719236058	0.00013998095862819906	0.0001386566095070519	0.00014447233742419702	0.0001285429615175466	0.00014098245791113566
23	0.00010031850615106556	0.00010447184432490853	9.619686476542143e-05	0.0001034165516591597	0.00011096478663182449	9.945565972554479e-05	0.0001013586965083478	0.00011185558119553861	0.00011211832797183109	0.00010717658528889376	0.00011370507981465725	0.00010820611834665241	0.00011032018969603464	0.00010585176138492707	9.909170068480846e-05	0.0001085696274668512
24	6.289080300521678e-05	6.686447812535958e-05	6.090257238842947e-05	6.376857892196485e-05	7.085316872085149e-05	6.410973726653301e-05	6.391219554323767e-05	7.017225132722759e-05	7.416106428929356e-05	7.37349790144106e-05	7.29458333053729e-05	6.965027461667943e-05	7.106543143755072e-05	6.818203217946767e-05	6.371347990532244e-05	6.579798202863507e-05
["C2",*,*] : 	1	2	3	4	5	6	7	8	9	10	11	12	13	14	15	16 := 
1	5.384538708950626e-05	5.1922956143333516e-05	5.2560473102181446e-05	5.176051027541829e-05	5.391051965412935e-05	5.199981402162197e-05	5.112015856838699e-05	5.2881420626151555e-05	5.658694018580641e-05	5.98099512605975e-05	5.7797623111542265e-05	5.532034273695691e-05	5.3747690666723255e-05	5.294366136303098e-05	5.319573189555263e-05	5.2576724517938496e-05
2	6.502142951969839e-05	6.502968136442827e-05	6.0333091124444084e-05	6.119010716975253e-05	6.34542231656037e-05	5.9468430946754844e-05	5.9538952967120693e-05	6.497663942738417e-05	6.395489150498453e-05	6.692406419358388e-05	6.351704699501175e-05	6.514107070066317e-05	6.064171810759754e-05	7.222220870913431e-05	6.048252532046733e-05	5.987572789934704e-05
3	6.964268507929158e-05	6.771445894525403e-05	6.576772698127797e-05	6.857363601108133e-05	6.692644092382339e-05	6.524881920134684e-05	6.564809494713839e-05	7.15753054239714e-05	6.553479818497647e-05	7.423992920423475e-05	6.879252006356208e-05	7.361246610740963e-05	7.229308743116029e-05	8.120472304754144e-05	6.671637989231837e-05	6.712948211366372e-05
4	7.563668048454659e-05	7.457732213338353e-05	7.192081066996051e-05	7.671898071997164e-05	7.359427591013006e-05	7.137825785077024e-05	7.13340328931361e-05	7.870252011551605e-05	7.241624981696244e-05	8.028664735653518e-05	8.266859384500113e-05	7.549309236022506e-05	7.46807103015583e-05	8.183481118863436e-05	7.153575866864318e-05	7.584821527944825e-05
5	8.605300595051087e-05	8.417391368070572e-05	8.207349798467914e-05	8.718537317875711e-05	8.295110688963837e-05	7.96647153766548e-05	8.025170843589491e-05	9.075532724762109e-05	8.219435558253234e-05	8.707990852080955e-05	8.383649945372098e-05	9.042897250808583e-05	8.56833020533877e-05	9.196447411093972e-05	8.314008168721014e-05	8.349937798320795e-05
6	9.856663163180405e-05	9.675590564015024e-05	9.297676971545203e-05	0.00010039573441047925	9.893111641348046e-05	9.373219883132173e-05	9.414244415419887e-05	0.00010389979098439863	9.349561230401469e-05	0.00010649630806152107	9.795230516082646e-05	0.0001081739200749285	0.00010064113403844475	0.00010380334046046826	9.72562323928069e-05	9.741968787896662e-05
7	0.00010930261217183078	0.000110140773056323	0.00010023907076746516	0.00011314332862139702	0.00012056350120412321	0.00010183887196282867	0.00010155877498633722	0.00011343600064318107	0.00010494583082597778	0.00012280227708501106	0.00010315312507825773	0.00011240389165422817	0.00011123736039707826	0.0001117644671704024	0.00010688130997676128	0.00010884336657574192
8	0.00012769694637938545	0.0001251606162290854	0.00010677595594037408	0.00012056302783300302	0.00012865056122409016	0.00010722825143362336	0.000106404428113662	0.0001202928200326899	9.982842117509023e-05	0.00011047644873146421	0.00010672648386820518	0.00012201714393961329	0.00012275019381574967	0.00011974555310234143	0.00011122734673381397	0.00011736263538396959
9	0.0001276571204550683	0.0001376654666264378	0.00010745387015600876	0.00014462553579924818	0.0001313284973345306	0.00010476788111291995	0.00010522511946070532	0.00011839058594836456	9.94088305188141e-05	0.00011183197140425695	0.00010867332761170866	0.00011678276008331382	0.00011410460790241115	0.00012247455151980272	0.00011006855930721406	0.0001205094529131892
10	0.00013648660612988343	0.000145362608978935	0.00010904732902189288	0.00013539179634187315	0.00013019574211996723	0.00010469869771393054	0.00010571357625426255	0.00012001012160590801	0.00010830914721276522	0.00011500917789440493	0.00010551496600265357	0.00011521734066733998	0.00011423116642376276	0.00013065634448804363	0.00011198177383624236	0.00012255677228173177
11	0.00014354890900330553	0.00014400067117963537	0.00011189833272970923	0.00014344432191958033	0.0001233933337914636	0.00010688320883512362	0.00010759431574420587	0.00012626463933861106	0.00010099108462845295	0.00010583434357372895	0.00011379446936809883	0.00012177166886408522	0.00012429845831636629	0.00012186464089625284	0.00011360545239375304	0.00012307427528398412
12	0.00015061298934337795	0.00014401750799447624	0.00011284505418355949	0.0001544503684172313	0.00012705055419250991	0.00010906189418156751	0.00011091568196447474	0.00013338470834676493	0.00010882805756088308	0.00010687996289736078	0.00010831823763418997	0.00012637683358512655	0.00012776410397445637	0.0001243903306005207	0.00011651141102279475	0.00012626960371248507
13	0.00016035487754678004	0.00016223677771044076	0.00011754460275847441	0.00015549163536863073	0.00013098461065368198	0.00011261625971359059	0.00011356490254728303	0.00014244725755543114	0.00011787119254598531	0.00011367971270081055	0.00011284176341576139	0.00013038740801700713	0.0001303065731061058	0.0001427329220372274	0.00012028370692940323	0.00012611791163436527
14	0.0001496738361260155	0.00014697125391560523	0.00011685851377846178	0.0001401061521232116	0.00014103650420166448	0.00011152802849282909	0.00011284398710271709	0.0001331525719069732	0.00011453828517408365	0.00011636255679528155	0.00011660658115379531	0.0001284800856051152	0.00012977181262376956	0.00012444565788050026	0.00011946190096083175	0.00013349236506437714
15	0.00015260481525555323	0.00014507498482711073	0.00011677039899271923	0.000156686835194035	0.00013334382165475526	0.000113114660328744	0.00011395869202740291	0.00014014655671488883	0.00011318403483428382	0.00011589345399503224	0.00011418723737767525	0.00013360878553997122	0.00013146112370768565	0.00012764955165015885	0.00011980450213108666	0.00013202116806906587
16	0.0001522658655698835	0.00014897328697902295	0.0001220868560103458	0.00014590125915061843	0.00013004971444744007	0.00011903008350678703	0.00011910305048004965	0.00014936172019227383	0.00011697579882301808	0.00012426201826631572	0.00011824963200715978	0.0001351275164281287	0.0001377761563537569	0.00012962730195977424	0.00012374731991302343	0.0001302620599536398
17	0.00016067136837433235	0.00016106800980274108	0.00012960690863565757	0.00015320405307288912	0.0001421818393535671	0.00012727671962145445	0.00012616590482652696	0.00014918113804645526	0.000125145806439625	0.00012935141799579655	0.00013719012851395686	0.000149732384242685	0.00015544824841364098	0.00013690221754566388	0.0001333672949070247	0.00014711962003485402
18	0.00016233604431503055	0.00016526051552621118	0.00014272632572886833	0.00017297761754663446	0.0001561599538250159	0.000139152457208005	0.00014027147282477212	0.00015651423983132967	0.00014571308238221464	0.00014648732564702318	0.00013353038303262553	0.00015399099616850498	0.00015915996493889802	0.00015852797565394516	0.0001469145328373221	0.00016197260857633025
19	0.00016991601466960103	0.00016933757523054582	0.00015288763165072634	0.00016491222977636563	0.00016530227376901794	0.00015047588182102854	0.00015099831063067898	0.00016044726264699132	0.00014762662724871438	0.0001515644468878898	0.00014460090356445583	0.00016634887648593182	0.00017024272024735723	0.00016251717380441041	0.00015867501304110858	0.00016505116297926546
20	0.0001673122882843702	0.00016920460689241618	0.00015489867443878967	0.0001648103543577838	0.00016331367170655081	0.00015396056673432518	0.00015429389666870604	0.00016896435333379301	0.00015014909445766622	0.00015865096832194518	0.00015034246765862895	0.00017066018964237374	0.00017305273320078363	0.0001663134258292238	0.00016129341374214855	0.0001698101636819938
21	0.0001552398317954452	0.00015928920790245546	0.00014515853970130401	0.00015333628739128957	0.0001544959882119748	0.00014252809227446433	0.00014211922840940018	0.00016245830558992666	0.00014204864768045466	0.00014431033175068544	0.00014769832619204487	0.00015463285129365152	0.00016112190423217041	0.00015083194795092328	0.0001497737067588966	0.00015193709930668312
22	0.00012429230491470104	0.00012602652935826485	0.00012060756278591828	0.0001261631012060784	0.00012308974026755155	0.00012131386771426854	0.0001197400952298896	0.00012999104674763694	0.00012472096958403712	0.0001260798208220571	0.00012370464935639806	0.00013563626984279455	0.00012904602045275278	0.00012728232166774365	0.00012644686682921713	0.00013196626088423502
23	9.443072516544426e-05	0.0001069396491845691	9.380486312503428e-05	9.801397652488412e-05	9.802083014984497e-05	9.469408935280602e-05	9.315271111919198e-05	0.00010175952473071131	9.998004356877538e-05	0.00010600381655042497	0.00010639905842360098	0.00011167499939591809	0.00010434053418024849	0.00010001537368625617	9.732143425414246e-05	0.00010047829161423772
24	6.345507815324909e-05	6.867321015461589e-05	6.343517766129727e-05	6.54872253970116e-05	6.931582904368171e-05	6.343604996698965e-05	6.229001334578558e-05	6.891792582405729e-05	7.1420055550336e-05	7.126242124171177e-05	6.882527031787674e-05	6.521398464993783e-05	6.950593742601955e-05	6.46759298194349e-05	6.491464547208965e-05	6.484975677917528e-05
["C3",*,*] : 	1	2	3	4	5	6	7	8	9	10	11	12	13	14	15	16 := 
1	4.5121217020532896e-05	4.5338470616644205e-05	4.336987203227345e-05	5.5831908101687036e-05	4.8139582325586434e-05	4.5093025880812484e-05	4.36118419956521e-05	5.0428499431497574e-05	4.994527816877197e-05	5.010590639397208e-05	5.004264620412112e-05	5.2655603634733097e-05	4.544993280792537e-05	5.367531997365071e-05	4.4364680343459355e-05	4.686096828915263e-05
2	5.891961863512128e-05	5.908998547418865e-05	4.97655480296283e-05	5.744698916888639e-05	5.6892461182796274e-05	5.15338703964195e-05	5.059442204905346e-05	5.554704119500199e-05	5.789193832415148e-05	6.090547540093993e-05	6.318897967243277e-05	5.802662448151477e-05	6.448659575869678e-05	5.9900042612795195e-05	5.081055377558346e-05	5.693474510757442e-05
3	6.806242535353611e-05	6.961131995734494e-05	5.498991595749694e-05	6.850722890887746e-05	6.519375809217032e-05	5.568430956289521e-05	5.484355074724005e-05	6.429611205707936e-05	7.149942670556726e-05	7.591708611591336e-05	7.173906855883284e-05	6.801070114790655e-05	6.3476134275353e-05	6.805384904955425e-05	5.671714290917252e-05	6.835161722148509e-05
4	7.358746142287068e-05	6.888629655508498e-05	5.94618520185586e-05	7.935762259913333e-05	6.947180220374716e-05	5.986237698888961e-05	5.9147528601751124e-05	7.656238239872583e-05	6.972783014414078e-05	7.977503455754458e-05	7.141814893431016e-05	7.871395691019277e-05	6.747862995821204e-05	7.097537331143692e-05	6.131354516880882e-05	8.242475693629694e-05
5	8.354838785800989e-05	8.136911655168128e-05	6.731428908248377e-05	8.54089040452667e-05	8.586496663718494e-05	6.981602938441151e-05	6.790237594339606e-05	8.698537868115153e-05	8.1178421391395e-05	8.074847108397632e-05	8.262655376915704e-05	8.305750888169399e-05	7.968684965468469e-05	8.392167368798806e-05	6.988219814772356e-05	8.355746806625118e-05
6	9.852377748576244e-05	9.799930274182462e-05	8.008999881577919e-05	0.00010597000352640259	9.364983401347033e-05	8.475820915272833e-05	8.257183407505603e-05	9.837309035501834e-05	0.00010142492192217252	0.0001004589519138298	0.00011233535782876392	9.761069013196045e-05	9.925202037717727e-05	0.00010660175604084025	8.4626539752123e-05	0.00010303907176682645
7	0.00011180932616062107	0.00010702039899520148	8.924740276200419e-05	0.00011932142690253655	0.00011484617542092107	9.583443387406713e-05	9.395662699839058e-05	0.00011749376276411016	0.00011467394489050533	0.00011577270835520898	0.00012002533594307828	0.00011325495671495239	0.00010624710790221126	0.0001143262561338102	9.556264671200019e-05	0.00011342933648918408
8	0.00012272015065285143	0.00012779885234393936	9.37505527534924e-05	0.00013584312066655473	0.000114389395683937	9.927050946729075e-05	9.745254627388461e-05	0.00012662698978715978	0.00012100019651702749	0.0001221163874036983	0.00012714951380431554	0.00012115385101178706	0.00011324757628124357	0.0001157118086130566	9.993288003969302e-05	0.00011590560423937335
9	0.00013809760893060242	0.00014111239116649274	9.145159523911012e-05	0.00014918220051731936	0.000109910677094827	9.500368777587628e-05	9.193888348469328e-05	0.00012197831562303808	0.00011134656089687268	0.00011037116678788235	0.00011609377271442306	0.00011998388696239048	0.00010569673855550262	0.00012733518955120068	9.410796744454448e-05	0.00010768946457876639
10	0.0001503043051361406	0.00014962486574259383	9.133719282174538e-05	0.0001553933217766838	0.00011672067212446419	9.499937309764908e-05	9.088419824564876e-05	0.0001329041072349774	0.00010806724795407743	0.00010956274053171175	0.00010958413321132213	0.00012263062129078077	0.0001143988706326507	0.00011698702342805203	9.355994177695574e-05	0.00010699186091366556
11	0.00016313584470901524	0.00014944738456296324	9.281130683955953e-05	0.00016758157347716688	0.0001308046091764683	9.713728031270111e-05	9.386530659563275e-05	0.00014106299308411197	0.00010504742540335272	0.0001158639829985174	0.00011670905627396518	0.0001143605276357149	0.00011598257472032514	0.0001206001729399802	9.636147798228741e-05	0.00011202136674866164
12	0.00016149235500850337	0.00015480461053225914	9.561132914073957e-05	0.00015006583241678256	0.00013242074356530732	9.956927362195393e-05	9.583374929146073e-05	0.00014198402363464486	0.00011999145378040938	0.0001181464951753936	0.00012510074418205615	0.00011507444002646918	0.00011774252520871736	0.00011806297938272024	9.77687346578225e-05	0.00011586526025762469
13	0.000175603591606109	0.0001602525284380908	9.956835046332852e-05	0.00015774753851309186	0.00014004432409702545	0.00010433569066914085	0.00010049413397160467	0.0001588433430543783	0.00012241803652582268	0.0001230422564987131	0.00012055233453748871	0.00012339106827910452	0.00011925275022205366	0.00012292938971439067	0.00010190126837078534	0.00012246368301725038
14	0.00016013423160640653	0.00016263938821374298	9.796890346226466e-05	0.00016363391447187436	0.00014106108358316095	0.00010212804301467798	9.766226229421682e-05	0.00013801102048657262	0.00011526819295343266	0.00012213017516846656	0.00012130469004285883	0.00012439873801200707	0.00012336146278538724	0.0001202728806813294	0.00010118799234164865	0.00013202931734800617
15	0.00015214952496941196	0.00016343350528951598	9.894491561740467e-05	0.00016515382787626797	0.0001492201945230407	0.0001044198675932676	9.89095952144535e-05	0.00013911055449561952	0.00012976376266911094	0.00011348044827387297	0.00011891457848825034	0.0001284598840431769	0.00012283627660155582	0.00013082505251713153	0.0001027066442709673	0.00013103223965427177
16	0.00016356930144701816	0.00016996642631616677	0.0001033050419280495	0.00016828309245158017	0.00014713159075272267	0.00011053940794320552	0.00010408276916172126	0.00013736998575961636	0.00012605434604789033	0.0001342608111603657	0.00012603809704667387	0.0001265783088958531	0.00012154420208615205	0.00013465889899868326	0.0001072935261959845	0.0001346962252879103
17	0.0001533113902742506	0.000153043611579474	0.00011124955797877728	0.00015577978425395118	0.00014207352857338351	0.00011806779005419952	0.00011267990265395882	0.00014953632390526863	0.0001424673627819259	0.0001427118266061726	0.00014049859289824352	0.00013708272318964897	0.00014045950562244388	0.00014241861883240432	0.0001171240248071034	0.0001388420592795784
18	0.00015663668044441778	0.00015168470685373054	0.00011983624443048373	0.0001544827119830944	0.00014379325518647533	0.00012867023450692855	0.00012356872296788316	0.0001611226315184229	0.00015824661030393707	0.00014898609590060287	0.0001482107998813677	0.00015029288930634547	0.000148052260713266	0.0001516897544422088	0.0001277175143669653	0.00015952348592733373
19	0.00016222269659264338	0.00014837627947118375	0.00013362126599129981	0.00015307736239360322	0.0001538578630049409	0.00014269420566602754	0.00013964350570920848	0.00017172456180821965	0.00016181642627095173	0.00016309392879445387	0.00015303389436008142	0.00016267890483479856	0.00015678904526887074	0.00016236481321475142	0.00014253619155801193	0.00016257864952519857
20	0.00016279017348905296	0.0001559852215485321	0.0001457352678356387	0.00015824298572719156	0.0001682278621508016	0.0001538204532640848	0.00015040501496038845	0.00017581105427291185	0.00017070346273400855	0.00017685025216381068	0.00017537441174643166	0.00018158966992495846	0.00017078567483569504	0.0001686302554934536	0.0001529657289440361	0.00016951729973822233
21	0.00015903361303862244	0.00015187969088128277	0.00014379999008189232	0.00015841004912638574	0.00016966417556365826	0.00015042362743826305	0.00014824843931579264	0.000165204480568739	0.00016687516188331527	0.00016549322233632815	0.00017269691173329627	0.00016490550222410613	0.00016290858735837534	0.0001610263770671893	0.0001498078781062225	0.00016155665858263635
22	0.00013769554387761681	0.00013874180270465213	0.0001254044017062308	0.00013550478400084558	0.00014390754674108638	0.00012813313813257396	0.00012810791188566553	0.0001401283871800609	0.0001427638184167102	0.00014348678047744807	0.0001512877527111334	0.0001371626645097364	0.0001389194436695301	0.0001407214016743917	0.00012888684289252004	0.00014186473931149512
23	0.00010217580713037082	0.00010716490272611588	9.431996911828164e-05	0.00010493506774855402	0.00010580587658680215	9.88285980181193e-05	9.757471505265871e-05	0.00011501273156964063	0.00011391725733988019	0.00011478011012952309	0.00011098403597023522	0.00010777332123733525	0.00011033057179719605	0.00010728256877283866	9.742085937044706e-05	0.00010880912106006077
24	6.263772731564292e-05	6.685352971464665e-05	5.894108721629912e-05	6.494431039813316e-05	6.80973087937572e-05	6.211067412761221e-05	6.243386268689916e-05	7.429909268102217e-05	7.32192151663395e-05	7.222976559561829e-05	6.872908836243431e-05	7.191414501622112e-05	6.709849086450035e-05	7.064629759270127e-05	6.255024403825517e-05	6.604899458123504e-05
["C4",*,*] : 	1	2	3	4	5	6	7	8	9	10	11	12	13	14	15	16 := 
1	4.9742976407330835e-05	4.813742919224442e-05	4.517871903662085e-05	5.113396690240241e-05	4.844152191264851e-05	4.562333377456949e-05	4.607675838128384e-05	4.8605626422131445e-05	5.3593833091893715e-05	5.459256207091959e-05	5.3609035124150145e-05	5.071799415897165e-05	5.349446748895979e-05	5.210714047634414e-05	4.5082158330798043e-05	4.937989661194559e-05
2	5.916798860992619e-05	6.134351953065999e-05	5.323171940958593e-05	7.207355375107879e-05	6.224379867191526e-05	5.255665310066884e-05	5.379793837169629e-05	5.8347239058916945e-05	6.302813424131429e-05	6.115451053698497e-05	6.069879582939152e-05	6.482271273529222e-05	6.262408746742693e-05	6.407259121580962e-05	5.2308376895220784e-05	5.907251234629811e-05
3	6.966585849812727e-05	6.378130348919488e-05	5.8276720295166695e-05	7.07246721155905e-05	6.67239532725255e-05	5.827245087266399e-05	5.882614630881124e-05	6.527465888016597e-05	7.22056746495853e-05	6.771673272630963e-05	7.088964844138366e-05	6.993499058559218e-05	6.674335968571658e-05	7.109585952974458e-05	5.808652841256568e-05	7.19630861948402e-05
4	8.25851458736961e-05	7.482925683528675e-05	6.351834748868253e-05	8.120664739999221e-05	7.546324367162816e-05	6.282777426026118e-05	6.360376458010379e-05	7.218437359083298e-05	7.53124319270039e-05	7.668665096768395e-05	7.093423426373358e-05	7.182678891401475e-05	7.111675276703598e-05	7.96980582312427e-05	6.260987721815971e-05	8.016642855607446e-05
5	8.787763136880842e-05	8.427061759430239e-05	7.089308435765321e-05	8.30579206569495e-05	8.334237561164872e-05	7.272547028401048e-05	7.327072443253876e-05	8.269130741889122e-05	8.481720803152529e-05	8.618799863466835e-05	8.611257821724944e-05	8.658310839299942e-05	8.2959699252195e-05	8.999124342955531e-05	7.118194996823337e-05	8.28699394098103e-05
6	0.0001007282277107892	0.0001013120653901223	8.35624838245348e-05	0.00010352808088270753	0.00010359265212598435	8.687577418658021e-05	8.743552811068583e-05	0.00010005432545847792	0.00010261153143537215	9.85606027168407e-05	0.00010396814437744062	0.00010111298394790307	0.00010010637577390115	0.00010068845530568913	8.610541405914811e-05	9.698932674975678e-05
7	0.00011592480697469824	0.00011957785552626747	9.316866448125093e-05	0.00011506019964002563	0.00011545852004748417	9.733815597134242e-05	9.776889784428692e-05	0.00011360806271012446	0.00011250438325665195	0.00010814382502090367	0.00011315472863901598	0.00011731806576815351	0.00010880230221117524	0.00011175723887509582	9.717792635505054e-05	0.00011438401984494792
8	0.00013507293214538196	0.00012694291091042243	9.834467374544536e-05	0.0001275592788653527	0.00012147354684584456	0.00010011681428852254	0.00010050592499598019	0.00012200092831916915	0.00011595828445918215	0.00011137604830475547	0.00011365211814818427	0.00011905407645192903	0.00011854248319587154	0.00011949149125687322	0.00010043404346528616	0.00011684951803663543
9	0.0001352837968914908	0.00013283355047316654	9.459408565649352e-05	0.00013200377781048928	0.00011961388106584761	9.52387458403561e-05	9.557074801103359e-05	0.00012042224080761542	0.00011045229207859915	0.0001097306769392376	0.00010870202093598734	0.00011237372059138213	0.00011689497042604853	0.00011885436487153561	9.517709010859019e-05	0.00011028717625304419
10	0.00014981215701023138	0.0001443411568276249	9.503941747405779e-05	0.00014825703152135822	0.00012538722079973011	9.400278623935017e-05	9.482403290804075e-05	0.00012396715460018178	0.00011178004848115948	0.00010592024238891606	0.00010587460252637472	0.00011412649976131944	0.00012071667394183341	0.00011798287894199763	9.446533628054849e-05	0.00011475894855112677
11	0.00015639715662052779	0.0001565794115368013	9.695374630235083e-05	0.00015509534034042878	0.00013091500100562942	9.72310116020944e-05	9.72344772234371e-05	0.0001260932891290333	0.00011339947592626518	0.00010919097977901233	0.00011357521342195334	0.00011900888086761772	0.00011975769817847532	0.00012063978327677553	9.674718902976485e-05	0.00012013544897731767
12	0.00015536549250299612	0.00015463371610821086	9.964365522085722e-05	0.00015231539466713305	0.00013863437846633266	9.972403165141826e-05	9.919184530101948e-05	0.0001292596973984897	0.00011359805096973862	0.00010965512988751338	0.00011545673724015471	0.0001222097259457096	0.00011850105335549875	0.00012938001918052903	9.915111652186925e-05	0.00012147154068368866
13	0.00016183188285206294	0.0001610241823277305	0.00010389460057843607	0.00016563276360659414	0.0001430646084543983	0.00010330713550346285	0.00010391531110594321	0.0001340558101979327	0.00012174246160307311	0.00011248453293081569	0.0001181803563499356	0.00012769065122312988	0.0001313051325316882	0.00013202707850890234	0.00010402420296615314	0.00012514233119537862
14	0.00016235897630856978	0.00015912306670887288	0.00010265764848217648	0.00016280468231306622	0.0001409769067634994	0.0001016617239121782	0.00010177271307273096	0.00013446400108695672	0.00011939702347652122	0.0001112761776788718	0.00011915289277518019	0.0001234353362382456	0.00012772087928413466	0.0001290154749569788	0.00010236733336583082	0.00012141615705319498
15	0.00016355133428114788	0.00016246179290838004	0.00010345858460501788	0.00015691758517891494	0.00013769918847963215	0.0001032148628197755	0.00010380915240412486	0.00014158804834954754	0.00012062541567069702	0.00011921110685078922	0.00012455408706433987	0.00012739575758704866	0.00012514625253478762	0.0001258380575652057	0.00010339608712720524	0.00012508165568339845
16	0.00015753445713729303	0.00015909043887364107	0.0001085816906669654	0.00016399279704041228	0.00014015887171885393	0.00010896674169480923	0.00010901221676917883	0.00014049692737141901	0.0001250602246871092	0.00012556868951668333	0.00012302710612172596	0.0001259081441121102	0.00013295185914986396	0.0001264978844819138	0.0001095340810010611	0.00013285118641756378
17	0.00015371500283623368	0.0001612537522359124	0.0001167660492943245	0.0001590925689242653	0.00014456319080052033	0.00011778994878897765	0.00011879056387093449	0.0001459337786874904	0.00013543607948854564	0.00012850837963479002	0.00013381967659247798	0.00013862748594610806	0.00014611791087731137	0.00013470195727059055	0.0001181666670353382	0.00013426372419955544
18	0.0001587486913397262	0.0001591767401942131	0.0001262823403632455	0.00016152991584631677	0.00015106250862477382	0.00012868463556740264	0.0001301567721604158	0.00015754629922478414	0.00014276342324823598	0.00014113678032580854	0.00014658018439271594	0.00014627720761577748	0.000147141477017608	0.00014932243141907184	0.00012881705606841823	0.00015067773626618316
19	0.00016934660633609626	0.00016869664090081977	0.00013889894264355329	0.000156221258919299	0.000162189704648492	0.00014333285105387736	0.0001432161069396783	0.0001642915171523106	0.00015664899912866344	0.00015409151063738562	0.000159773928940245	0.00015813738156196828	0.0001613989531620767	0.00016152924941781845	0.0001424591684121218	0.00015891063818830172
20	0.0001726733209025084	0.00017027587497963893	0.00015099896776766926	0.00016058148652002715	0.00016781042312267563	0.00015583319423150813	0.00015593699911184726	0.00016795460550196202	0.0001655368488310455	0.00016641086177914381	0.00016544981054672655	0.00017179972481236064	0.00017173865472655794	0.00017221442001396132	0.0001561876292870024	0.0001666389152052922
21	0.00016442853019870215	0.0001572540963545246	0.0001470732718249828	0.00015853460997421214	0.00016450195770918691	0.00015249781369033768	0.0001523571623276304	0.00016025732290305382	0.00016110044069126566	0.0001645863781105577	0.00016657657367146652	0.0001619811029010281	0.00016531360205663165	0.00016799441202169997	0.00015147712403584766	0.0001641308342318568
22	0.00013710109085086333	0.00013695254833702655	0.0001257517716998725	0.00013473541713036758	0.00013867776545872315	0.00013101295439267322	0.00013088618070956199	0.00013746082943624896	0.00013994392573298177	0.00014518311325518852	0.0001439785419495923	0.0001416898224551259	0.00014129217312009064	0.00014425457663990232	0.00012968047210042805	0.00013985675018460494
23	0.00010534328302413489	0.0001068055881643913	9.534000860367801e-05	0.00010928588144359211	0.00011436923573210021	0.00010071306040395588	9.967713415882548e-05	0.00010973690521760601	0.0001083499913025422	0.00011117253074764894	0.00010700425890183581	0.000107422174346485	0.00010797194787464043	0.00010695730725979499	9.928466910568367e-05	0.00011076978306099952
24	6.611056269435457e-05	6.547670106289195e-05	6.0244132700162925e-05	6.845320392854765e-05	6.837905651334175e-05	6.342054788520298e-05	6.310419217293707e-05	7.212079481400588e-05	7.315567316599391e-05	7.048660608161034e-05	6.951751964459323e-05	7.004258711265299e-05	7.142747586784408e-05	6.630009085173073e-05	6.2263240126796e-05	6.610002701298744e-05
["C5",*,*] : 	1	2	3	4	5	6	7	8	9	10	11	12	13	14	15	16 := 
1	4.756305561308411e-05	4.910678500502068e-05	5.3432401136648806e-05	4.975014016959665e-05	5.5250977934157246e-05	5.267553358111698e-05	4.9534666534600154e-05	5.22412131374239e-05	5.838401924395232e-05	5.448299076266641e-05	5.2673525282364184e-05	5.0636636392464816e-05	5.040523644566425e-05	5.0582482251490394e-05	4.993059291151234e-05	5.409360739612316e-05
2	5.7236006436160516e-05	5.43682047207314e-05	6.188440900145135e-05	8.107300601969391e-05	6.0451889278735707e-05	6.225319824814601e-05	5.8486049712103346e-05	6.114103982143812e-05	6.923890213095946e-05	6.084875056010123e-05	6.233054376406369e-05	5.8735498953791945e-05	6.187757788914825e-05	5.705594221269526e-05	5.9524629859526977e-05	6.0825498074172036e-05
3	7.753161794343264e-05	5.976710919548405e-05	6.714025924943913e-05	7.855135425985264e-05	8.871800768439883e-05	6.788704488214591e-05	6.375851768322114e-05	6.727175239654772e-05	6.796792662804832e-05	9.23391568134932e-05	8.753996630731828e-05	6.54303641849516e-05	7.048165222166534e-05	6.770720308538885e-05	6.863411143469018e-05	6.754679828480002e-05
4	7.285303955020669e-05	6.583226908059158e-05	7.063675281103885e-05	8.514603356310434e-05	7.627382882960062e-05	7.370036496798117e-05	6.677326602327256e-05	7.727189192618021e-05	7.334011221431937e-05	8.185294002738014e-05	7.142350371548619e-05	7.560602921643162e-05	6.904035818968786e-05	7.243654542972086e-05	7.508616364961287e-05	7.194670353758175e-05
5	8.25325770555692e-05	8.352751493457735e-05	7.829161938449602e-05	0.0001276641060681604	7.875474339192983e-05	8.54058061250109e-05	7.630730401480588e-05	8.5497242661092e-05	8.085969233956128e-05	8.70368732267676e-05	8.435029514194064e-05	0.00010747496852724173	7.35178906497186e-05	8.031002449119508e-05	8.64307283571767e-05	8.095080236515789e-05
6	9.79425969504571e-05	0.00010702294108692802	9.298907204192868e-05	9.30423807215926e-05	0.00011005260995841904	9.781437983527982e-05	8.809372514039227e-05	9.373052800151375e-05	9.657101452593946e-05	0.00010770753613784612	0.00010505045366017584	0.00010653980620284619	9.150459484959433e-05	9.456273476237798e-05	0.00010007038162147937	0.0001038181015791626
7	0.00011893739153284592	0.00011137360289523321	0.0001012501126264572	0.00010856362866232497	0.00010438079882337914	0.00010689589836975494	9.684819701633974e-05	0.00010213738961598179	0.00010694162680117863	0.00011570781398860404	0.00012569305571549227	0.00010686567730716729	0.00010907717550667914	0.00010645046898445105	0.00011131931540437597	0.00012729605611984054
8	0.00011982320126261072	0.00011402617885825034	0.00010453591817181649	0.00012756904243489258	0.00010300743133683657	0.000112832722039333	0.00010432111456433052	0.000120879132642593	0.00011380163505522056	0.00012205785583755241	0.0001287667855539226	0.00013737333784466318	0.0001233141318638521	0.00012602732270845806	0.0001141098593221284	0.00012653256607509747
9	0.00014648246497059168	0.00012416210744315933	0.00010782027567947589	0.0001375853606840913	0.00010847081307656687	0.00011163529277530877	0.00010063779999982468	0.00012843802052104033	0.00011301136470019675	0.00012241209201787473	0.00012990342258014393	0.00012482513381673237	0.00012929581587650319	0.00013427263668404083	0.00011303921190742895	0.00013507702772469574
10	0.0001371392984242423	0.00014531325428216588	0.00010857087244770026	0.0001346599932746795	0.00011892058585754	0.00010837913000693939	0.00010067006818366959	0.0001270098972385293	0.00011420120183159042	0.00012234396219859992	0.0001489863581409012	0.00011267938682771959	0.0001111652003035043	0.00011050677568887593	0.00011275241201986383	0.00012996282082317585
11	0.00015645150327159115	0.00013558796132625615	0.00011025269534827767	0.0001399173547479643	0.0001227698328704419	0.00011081464518934527	0.00010308638962448672	0.00011722686173078577	0.00012884964181436083	0.00012369110547267876	0.00013174717209960338	0.00012139799075675741	0.00011292433414876877	0.00011448172381605995	0.00011497541848138614	0.00013018643041745587
12	0.00013807992405176018	0.00012619443754965037	0.00011138026533978983	0.000138144121838662	0.00012687486322083568	0.0001136693323814618	0.00010420407890996474	0.00011741131966547179	0.00014137923518439766	0.00012236062350734812	0.00012583449781722	0.0001220261991314277	0.00012369118962691009	0.0001243597941493867	0.00011505891297318752	0.00016758365599268534
13	0.00014503942311038838	0.00014523986787560086	0.0001161916603560443	0.0001460903591271837	0.00012826209440517912	0.00011765528308553583	0.00010626865147683	0.00012478801758607647	0.00012422623161424757	0.0001278418722931172	0.00013235163003233382	0.00014128684288539838	0.00013038971925744791	0.00012689087601977026	0.0001186738822355531	0.00014524509961279778
14	0.00016888523340522786	0.0001433812694252294	0.00011611313962813894	0.0001321911166655785	0.00012904328537816578	0.00011730388411786686	0.00010654283583643118	0.00014599017923161905	0.000135536685535609	0.00013801792748442654	0.00013421036701246063	0.00013229365897444995	0.00011169033559555174	0.00013607586208074364	0.00011827336305621862	0.00013720766355176814
15	0.00013073924551161293	0.00015722082940692765	0.00011670413997589413	0.00014313647844406606	0.00017044734077568168	0.00011967364931734489	0.00010854966781668298	0.00014152440497892767	0.00013560324529646235	0.0001424655123761329	0.00013078750159649464	0.00013005145991583467	0.00013177213700378367	0.00013019439698472773	0.00011958164000223353	0.00013126704022471995
16	0.00013887143185677887	0.00017907633752136862	0.00011680508015961506	0.00014404682203974928	0.00014965432366627012	0.0001227798584802282	0.00011340264639339952	0.00013037759716753985	0.00013074317604788954	0.0001517545902821153	0.00013357137826306036	0.00013065783232118312	0.00012003133467937009	0.00014098779423804713	0.00012116614525500504	0.00013211347290660502
17	0.0001474746693767253	0.0001477552368421745	0.00012400455964915865	0.00013898299983299025	0.00013210200954649022	0.00012749748843963945	0.0001214855704279042	0.00012990588468511137	0.0001305589147786504	0.00014331723575201883	0.00014287786736008279	0.00013229249791360794	0.0001420857439007052	0.00013389144658207045	0.00012642726916584247	0.00014216738833968897
18	0.0001435833243716674	0.00014470256237226754	0.0001364399462669857	0.00013257569319106958	0.00013821862936730744	0.00014000393413320935	0.00012783130515036905	0.000138236220507737	0.00014155443185065388	0.000150581945645135	0.0001405559865035083	0.00014577835828946602	0.00015883906174246317	0.00015224306211506742	0.0001364659677656193	0.00014459770660373066
19	0.00016208081829411432	0.00019081667209687093	0.00014319308823812867	0.00014689983749164302	0.00015347107644572968	0.00014729483624953638	0.00013966513750751294	0.00016585524207595893	0.00015750761108185426	0.0001676465040411088	0.000151754900972425	0.00014846936958485348	0.00015057852875948705	0.00016708155897686598	0.00014294581920013368	0.0001511867778431063
20	0.00014572208535726603	0.00017218037711307446	0.0001474817839939773	0.00015334886586432624	0.00015195106416144243	0.00015415897529946258	0.0001460577432220023	0.0001783332709393963	0.00015228035566101748	0.00015793062309272884	0.00017968175326265598	0.00014935882747209216	0.00015142722797622645	0.00016291212392282372	0.0001505435399071386	0.00016179086679965927
21	0.00013664384766577764	0.00014576247703394643	0.00013993466118860067	0.00013806041249825307	0.00015978290252009397	0.0001433994723561932	0.00013738893778229066	0.00014323358048547115	0.00014659111314272772	0.00016884890034556493	0.00015418750567243737	0.000147755619697	0.00014287513524516716	0.00014284713625489347	0.0001414908090340647	0.00014898308551107516
22	0.00011519752640142401	0.0001195696603445951	0.0001182986485196695	0.00012451144374642069	0.0001258532488812683	0.00012099852656397748	0.00011540035678499974	0.00012131842845218452	0.00012066922771181955	0.00012790840954513374	0.00012276333087686038	0.000127319646140477	0.00012077322433202739	0.00011969619472238333	0.00012001473698724862	0.00012236303024375748
23	9.145543915337657e-05	9.238157178148679e-05	9.70139340094015e-05	9.285489257875914e-05	9.877264300626147e-05	9.436967792576443e-05	8.956249983530018e-05	0.00010992376508125612	9.331542991720071e-05	9.749086508288876e-05	0.00010213985521542844	9.589905676336492e-05	9.280321044463115e-05	9.308866673308706e-05	9.331216277866341e-05	9.89806935609653e-05
24	5.8755678449961415e-05	6.825935805716544e-05	6.422113937916987e-05	6.242344377338136e-05	5.9793267329354015e-05	6.644165722328667e-05	6.136378172944989e-05	6.441606844805257e-05	7.615622156282547e-05	6.46374924874423e-05	6.572708912647206e-05	6.350526936966832e-05	5.88682400402403e-05	6.742749003860525e-05	6.497558392395089e-05	6.824608800391763e-05
;
  
 param  cooling_time_series  := 
["C1",*,*] : 	1	2	3	4	5	6	7	8	9	10	11	12	13	14	15	16 := 
1	0.0	0.0	0.0	0.0	0.0	0.0	0.0	0.0	0.0	0.0	0.0	0.0	0.0	0.0	0.0	0.0
2	0.0	0.0	0.0	0.0	0.0	0.0	0.0	0.0	0.0	0.0	0.0	0.0	0.0	0.0	0.0	0.0
3	0.0	0.0	0.0	0.0	0.0	0.0	0.0	0.0	0.0	0.0	0.0	0.0	0.0	0.0	0.0	0.0
4	5.5808243888575e-07	6.300773498300859e-07	3.209593918440968e-07	6.118452923756568e-07	3.2142367786559115e-07	4.03765916236162e-07	1.6965431226924095e-07	3.122786514729873e-07	1.8916541394741075e-07	7.174440793467087e-07	2.7689744948799173e-07	6.399525708359171e-07	1.0105482794352411e-06	1.084808809805502e-06	4.328089471480964e-07	4.936765120542941e-07
5	9.299435460874239e-06	6.250423858279389e-06	7.613960847713097e-06	8.024053535283785e-06	7.3195615359622905e-06	6.764559014327548e-06	5.36126622754629e-06	7.350225927637166e-06	7.426027433174065e-06	8.155611150120419e-06	8.48281962536004e-06	1.2085297388264946e-05	1.2983485241079235e-05	1.125885885568038e-05	1.1200740016244e-05	9.783553762594325e-06
6	2.4246454023350296e-05	2.2251859953215907e-05	2.2158074792559624e-05	2.1117978131509688e-05	2.0760788564394804e-05	2.1382920946360577e-05	2.0469134132458162e-05	2.3738250176660843e-05	2.3807549295440172e-05	2.186888345483074e-05	2.2682065619964822e-05	3.623442731467028e-05	3.37753218053152e-05	3.077973483872102e-05	3.459246792874811e-05	3.214657983430224e-05
7	4.450352613916892e-05	4.3170338785412296e-05	4.1494880063293765e-05	3.946033760160542e-05	3.9703027955884714e-05	4.2173723425235986e-05	3.915150577052593e-05	4.272309944495683e-05	4.1185641032669125e-05	4.035891651129933e-05	4.0791114287636005e-05	6.211528095333618e-05	6.033653538518333e-05	6.00378286420525e-05	6.18692171169017e-05	5.870115187656079e-05
8	6.911698032735936e-05	6.906515410342463e-05	6.731881070769971e-05	6.29552922059994e-05	6.375435247813307e-05	6.992429425233981e-05	6.502073564840008e-05	6.675244160125932e-05	6.620602328235209e-05	6.296474243094184e-05	6.357929737169446e-05	9.402779117730793e-05	9.545653144724377e-05	9.514951605653048e-05	9.573547936486919e-05	9.555297048028601e-05
9	9.08591880389541e-05	9.788166344816799e-05	9.375955633915731e-05	9.39843789340314e-05	8.959055619599615e-05	9.262354359096658e-05	9.366463251955964e-05	9.25340963154393e-05	9.040210742547042e-05	8.486303273503605e-05	8.968508062397463e-05	0.00012860517515184169	0.00013288042328725877	0.00013002872744508805	0.0001328116561308868	0.0001266250624268193
10	0.00012187345051418777	0.0001227342126760965	0.00011882353925284147	0.00012283149419278425	0.00011703182444759397	0.00011903494359894265	0.0001229375553574289	0.00011674131555885204	0.0001181994606471197	0.00011833707322697742	0.00011584996394330492	0.00016550689793903131	0.0001750143466412272	0.0001693656423974574	0.00017793673559193983	0.0001678191271096824
11	0.00014822549180084604	0.00014962766744761074	0.0001488023643459069	0.00015730561357995624	0.0001460798734138114	0.00014593975437122663	0.00014995678664973672	0.0001464619777105739	0.0001419066077814647	0.00014536284184120217	0.00015195221906556014	0.00020217389622482788	0.00021418226427686858	0.00021320788211693273	0.00021751401294629942	0.00020830685596908024
12	0.00017810459147617625	0.0001785197716539238	0.00017672170062189965	0.00019141567320163185	0.0001799542822780869	0.00017693420551569456	0.0001778199429553057	0.00017936831938813221	0.0001660866935549539	0.0001780530722481015	0.0001804352606557237	0.00023804575324226624	0.0002517395094267506	0.00026009949179653017	0.00025534319754829304	0.00025158453080326073
13	0.00020748380956637716	0.00021484490360033914	0.0002087257566589833	0.00022195020013436576	0.00022050107163163878	0.00021120410359690942	0.00020775694481245909	0.00020681311298766117	0.00020518008382469256	0.00020960929022205378	0.00021317545347729775	0.00027422611312757163	0.00028654663268476	0.00030123993069341775	0.000297453950642032	0.0002902731040907878
14	0.00022282369191499975	0.0002259168505242021	0.00022290866722543906	0.00023495844121670725	0.00023193063644676894	0.00022873095854959212	0.00022469735044597958	0.00022040965510056938	0.0002144703631712521	0.00021876525205437856	0.00022151109564716616	0.00029279078631346526	0.0003017375571083956	0.0003104771974285211	0.0003090048067144349	0.0003068662641827168
15	0.0002224165389081787	0.00023145099245554024	0.00022521529577907806	0.000237520835961106	0.00022699525131091684	0.00022758126927578036	0.00022328456094466	0.00022612345744092583	0.00021608551407156383	0.00022104030738293203	0.00022675187020466416	0.0002886394702900747	0.0002991617555145818	0.00030897998963339246	0.0003055072387856346	0.00030339236314828703
16	0.0002187100320663682	0.00022947654524192658	0.000222847145542343	0.00023408726098813438	0.00022730099089345984	0.00022606942645814312	0.00022202699166836714	0.00022468588568394474	0.00021813938485399742	0.0002196579448772627	0.00022893353388787075	0.0002877279980128686	0.0002951591169223336	0.00031117041166699855	0.00030440968684731313	0.00029971543893142803
17	0.00020369704985643183	0.00021557991813023973	0.00021167739367235767	0.00021348419613883852	0.00021179569786450246	0.0002111575630067943	0.00021092603812294147	0.00021580202153790941	0.00020824827807396377	0.00020682831120647118	0.0002137068648222817	0.0002751259062092091	0.0002807420990223763	0.00029726787703964245	0.0002921981918650389	0.0002904484603558121
18	0.00018015138353742887	0.0001878972216650046	0.00018172232562433427	0.00018422702280510258	0.0001860095433031095	0.00017752599171652318	0.00018283102634880516	0.00019085086950118603	0.00017713932678855887	0.0001735052260958646	0.00018434981498544729	0.0002356408987465677	0.00024688698569390246	0.0002616007359841281	0.0002497949248883347	0.000249737993568586
19	0.00015219671701861023	0.00015755893828917002	0.00014706326920782382	0.00015645277012380315	0.0001549897249275116	0.00014776566224764296	0.0001513641472219973	0.00015153943854019885	0.00014195586949709407	0.00014482834723551536	0.00015294926347106106	0.0001992485436517715	0.00021161945811590664	0.00022415446574502082	0.00021091443363395107	0.00021368322176167014
20	0.00012214124721054322	0.0001306392174839531	0.00012116149648537744	0.0001323797790305324	0.00012460901543207513	0.00011895708373731516	0.0001221798920657528	0.00012141880635801978	0.00011555625634929706	0.00011972630730989885	0.00012373623701540128	0.00016099908573100633	0.00017417504345223846	0.00018714190921173272	0.00017258582147252586	0.00017523855920144793
21	9.53468625487457e-05	9.89338166607203e-05	9.483496882208016e-05	9.93588828060307e-05	9.701809392217291e-05	9.583688770762244e-05	9.385390354400779e-05	9.810934139391558e-05	9.251020154195842e-05	9.635004917136655e-05	0.00010027776408918762	0.00012513578060108498	0.00013467253103196025	0.00014747279285404213	0.00013556435103866232	0.0001366721387931576
22	7.225075424178832e-05	7.319173736396066e-05	7.14765504136436e-05	7.062545162832814e-05	7.366634584381089e-05	7.031093499562237e-05	6.792628036872733e-05	6.7108872223604e-05	6.951798002310383e-05	6.876211086751305e-05	7.352110156925029e-05	9.391242516269622e-05	9.684854882450919e-05	0.0001102925128424718	9.967937205424591e-05	0.00010322575228193782
23	4.9825796672529614e-05	4.658781123978874e-05	4.633957618331287e-05	4.595808066070238e-05	4.717181970926317e-05	4.7933120743403255e-05	4.465802764132299e-05	4.612412332411344e-05	4.695067014139606e-05	4.8619692102302596e-05	4.872402949998022e-05	5.958639088053879e-05	6.252021352725004e-05	7.642011888935819e-05	6.878851600510076e-05	7.261178174089638e-05
24	2.3268537718935928e-05	2.3235986860212584e-05	2.36051387961566e-05	2.153938636003915e-05	2.0681742968118042e-05	2.5574309728402417e-05	2.165527769266407e-05	2.2350241271139702e-05	2.458852790714311e-05	2.4646941978092466e-05	2.0696340821121874e-05	3.092052542925997e-05	2.968300206720448e-05	3.8245476233762465e-05	3.314962738137382e-05	3.650261283406141e-05
["C2",*,*] : 	1	2	3	4	5	6	7	8	9	10	11	12	13	14	15	16 := 
1	0.0	0.0	0.0	0.0	0.0	0.0	0.0	0.0	0.0	0.0	0.0	0.0	0.0	0.0	0.0	0.0
2	0.0	0.0	0.0	0.0	0.0	0.0	0.0	0.0	0.0	0.0	0.0	0.0	0.0	0.0	0.0	0.0
3	0.0	0.0	0.0	0.0	0.0	0.0	0.0	0.0	0.0	0.0	0.0	0.0	0.0	0.0	0.0	0.0
4	6.234654698618655e-07	1.5138667337918225e-07	1.087473666697586e-06	2.120046625686264e-07	2.3479952042597696e-07	2.870296490430353e-07	2.453121467192555e-07	1.8265135689090405e-07	5.022474472184408e-07	7.834871707531717e-08	4.7091967472687896e-07	5.857774034047392e-07	5.216728939967102e-07	2.97493322875831e-07	6.260078777728028e-07	5.480168873202472e-07
5	7.5454876399854565e-06	6.425424465536536e-06	7.969625077717119e-06	6.760651454788441e-06	5.287419324007289e-06	6.631511208710585e-06	6.423093924267928e-06	2.6951381383801136e-06	9.049846242728926e-06	9.156044688972034e-06	1.1827328829952238e-05	8.581929926445694e-06	9.260696577105461e-06	1.117527209906801e-05	8.557811021413054e-06	1.0942228936695122e-05
6	2.3070857520830485e-05	1.9835356378798853e-05	2.1669500983052452e-05	2.114537609740066e-05	1.5564943840888643e-05	1.895321757428243e-05	2.070719221957317e-05	1.352343230144765e-05	2.8255777965904547e-05	2.8415255629376694e-05	3.085408090746403e-05	2.5664505643295697e-05	2.6931635194247288e-05	3.206471837180991e-05	2.9705445334889734e-05	2.8045446495681607e-05
7	4.3332403554542205e-05	4.3098215936666476e-05	3.893802620778584e-05	3.8586684922886954e-05	3.079591420528896e-05	3.680087580896911e-05	3.420279524763161e-05	3.300589592779153e-05	5.2354124077136526e-05	4.987222224065273e-05	5.5706449613256035e-05	5.311460380566088e-05	5.245523076867592e-05	5.727735025770419e-05	5.645408535236315e-05	5.236868624441861e-05
8	6.519497932260322e-05	6.963673175028997e-05	6.452689248854083e-05	7.309131014192605e-05	4.8566909671379295e-05	5.584766322469339e-05	5.397208446223275e-05	5.082170168525277e-05	8.227372459467123e-05	7.948332686043943e-05	8.808547554792009e-05	7.931954694104292e-05	8.666638060116879e-05	8.655554318548849e-05	8.577558255293258e-05	7.96055288051481e-05
9	9.172610012009078e-05	9.371443864471791e-05	9.027367742708901e-05	9.864230481699251e-05	7.550651522662916e-05	8.018511445370829e-05	7.389384730160742e-05	6.932025784692306e-05	0.0001165969504174827	0.00011334002174220357	0.00012053079810871552	0.00011134683570313805	0.00011701049775542922	0.00011865356548219555	0.00011836089980701298	0.00011271077165997707
10	0.0001261510628767642	0.00011894706175784352	0.00011407067738897248	0.00012909828726103952	0.00010618670734558162	0.00010822498772641174	9.65348473693096e-05	9.336303434292218e-05	0.00014327750733324237	0.00013831364607526394	0.00015563696002140505	0.00014857435569176926	0.0001547453912576849	0.0001579902472362324	0.000152475923992939	0.00014918042746153685
11	0.0001541561998946369	0.00015547456636359983	0.00014562046356439716	0.00016372372921527744	0.00012823066904412458	0.00012718717191662133	0.00011981023913581863	0.00012931722635498336	0.0001843858295471268	0.00017251638580195288	0.00018711123005543	0.00018759650602529463	0.00018865176235423762	0.00018612444379109127	0.0001907181861149943	0.00018826987639785305
12	0.0001785501189224216	0.00018856811674713465	0.00017885140251643037	0.00019832851205058688	0.00015484178368043393	0.0001569533878909503	0.00016346649335535746	0.00015974163341249127	0.0002122114296631096	0.00021354953497466377	0.00021771544122967156	0.00022139378001029977	0.00022074041114981382	0.0002266598713153225	0.00023196025733197075	0.00021643765374690645
13	0.0002231486585215439	0.00021791990538937126	0.00023262890303191462	0.00022304559831515407	0.00019144160044950006	0.0001832410668981829	0.0001921912114242132	0.0001945664123201369	0.0002442837258766139	0.00024599048416908137	0.00024859695348577055	0.0002591556446644647	0.00025679717186905833	0.0002573684981767026	0.0002731704718417759	0.00025984161627363105
14	0.0002340253582486636	0.00023516809400888527	0.0002480798667995684	0.00023071009721815615	0.00019292332544161868	0.0002053879628172873	0.00020634329771600473	0.00020469046196980485	0.00026194508874581205	0.0002627436271648404	0.00027481543273165474	0.00027199233794773103	0.0002788654252063242	0.00027429612824363277	0.00028529101363238164	0.00026978444746293434
15	0.00024280003340885386	0.00024122977613124088	0.00023099188118589373	0.0002305936170809664	0.0001999186514261235	0.00021266731532605356	0.00020780406813866438	0.00020955567332180326	0.0002603852643317009	0.00025669469362258446	0.0002610479493187053	0.00026001240736844475	0.0002719716131190922	0.0002706744519795486	0.0002692614856037773	0.0002665793631769479
16	0.00023389786053706324	0.00023462863943490505	0.00022631428167691847	0.0002281324932470162	0.00020153008493505736	0.00020374207160933218	0.00020101573088488937	0.0001996368947282975	0.0002555502203292777	0.00025853512548691394	0.00025371810911702775	0.00026460469592424866	0.00026079800312258923	0.00027167260844627864	0.0002571199664941679	0.00026146665202561185
17	0.00021811517960411422	0.00022687024863775638	0.00021270993588382598	0.00022601009181066257	0.00018719292823464736	0.00019048079441980309	0.00017340972940529145	0.00018871178678863085	0.0002521936756160601	0.000248253646184792	0.00024044124224794863	0.00025159012473676876	0.00025197704375792135	0.0002571111121435716	0.00024138507780752385	0.0002537478991134407
18	0.00019176885056205748	0.00021988003925687956	0.0001900706475989252	0.00020021405251519845	0.00016070554800368296	0.00016154620483399985	0.00015479560220543932	0.0001760183471532178	0.0002312050079144457	0.00022259696715782362	0.00021553396117043915	0.00021603173678827142	0.00021797273743764587	0.000222349558802551	0.00021352650192673134	0.00022627807389662404
19	0.0001670849974293668	0.0001796039575797753	0.00016757048569764494	0.00017642307119268883	0.00012458196394614376	0.00013455000808772658	0.00012815002886890677	0.00014470477844846755	0.00018861455310646314	0.00018599087908277188	0.00019520368822762172	0.0001866959995692292	0.00018647138252219356	0.00019693006409944708	0.0001858540060374416	0.00018712152691350623
20	0.00013687378029196142	0.00012868142073543026	0.0001411127676151908	0.00013092460794805494	0.00010142252576561412	0.00011483784717527885	0.00010380695754919976	0.00010410383846360486	0.000162556775027087	0.00017468985003682666	0.00015795638940982522	0.00015034738412744142	0.00015549192838921048	0.00015763604930998655	0.00015225841190418018	0.00015314625929817156
21	0.00010260024191192337	0.0001056041972649829	0.00011617318770615348	0.00010555572937847578	7.487787132025838e-05	8.24235740358367e-05	7.896103010867024e-05	8.17789707537986e-05	0.0001332570845061205	0.00012578439596143355	0.0001204521219814936	0.00012093411709406455	0.000118178713993251	0.00012365283347720942	0.00012122004282309314	0.00011629179454257337
22	7.318498845837838e-05	7.941400375603503e-05	7.344093830946467e-05	7.250993491335587e-05	5.510920891106621e-05	5.8432738358709133e-05	5.790908887171019e-05	5.9611969956515737e-05	9.911688021903067e-05	8.756720854761444e-05	8.518309729363024e-05	9.603260628889412e-05	8.748346789716508e-05	8.45729193375974e-05	8.593964960225467e-05	9.286121425906919e-05
23	4.871730955283376e-05	4.71212952368643e-05	4.884213388402371e-05	4.7912953725148496e-05	3.628552336809242e-05	3.945336906356048e-05	3.546894493731537e-05	3.8369785138312964e-05	6.161391364819248e-05	5.578408373787131e-05	6.0920866608775354e-05	5.432216501751192e-05	5.585548103061092e-05	6.125284577299891e-05	6.016403553973813e-05	5.8331725280697175e-05
24	2.137986949622922e-05	2.1436976119804868e-05	2.4168037277812642e-05	2.068402632912456e-05	1.875884977787094e-05	1.6783677350059e-05	1.669482695725845e-05	1.4011603638838008e-05	2.40083823785011e-05	2.9765080090185898e-05	3.1917114004282366e-05	2.679670512929984e-05	2.836946911825036e-05	2.8378906737121905e-05	2.665801935321449e-05	2.7743670443209086e-05
["C3",*,*] : 	1	2	3	4	5	6	7	8	9	10	11	12	13	14	15	16 := 
1	0.0	0.0	0.0	0.0	0.0	0.0	0.0	0.0	0.0	0.0	0.0	0.0	0.0	0.0	0.0	0.0
2	0.0	0.0	0.0	0.0	0.0	0.0	0.0	0.0	0.0	0.0	0.0	0.0	0.0	0.0	0.0	0.0
3	0.0	0.0	0.0	0.0	0.0	0.0	0.0	0.0	0.0	0.0	0.0	0.0	0.0	0.0	0.0	0.0
4	4.80795468400324e-07	7.147951410514006e-07	3.9599095789574244e-07	2.380881275136249e-07	3.976560586982345e-07	5.000167883856003e-07	2.443221082223377e-07	4.0552449300816867e-07	8.895330848167543e-07	5.778256719051777e-07	6.056989594676653e-07	2.3493363273512962e-07	3.977437169087573e-07	5.204692662159275e-07	2.2653965746532892e-07	4.897031450473501e-07
5	6.470074301754238e-06	1.1573074970999041e-05	1.011381053838147e-05	7.068715568692114e-06	6.4400044481360015e-06	6.370088153978592e-06	6.39507343312541e-06	8.30096719191853e-06	8.61125009209907e-06	1.0106867540216058e-05	7.542444248788092e-06	1.1018397891682684e-05	8.200832972159055e-06	8.552297238070254e-06	8.706174660170876e-06	9.093525857676388e-06
6	2.1419704317538854e-05	2.97039927749122e-05	3.314879915334835e-05	2.350031658250428e-05	2.4495114172920506e-05	2.1973890352915053e-05	2.1641730250515454e-05	2.645143253841572e-05	2.5337275425316544e-05	2.888775831580358e-05	2.377766769857132e-05	3.0869220199503554e-05	2.6257228808920164e-05	2.5671457308973772e-05	2.9738980260890772e-05	2.5835722336343374e-05
7	4.396663907595152e-05	5.587158069807838e-05	5.467180488469232e-05	4.661953456217007e-05	4.674332265789595e-05	4.350153273412908e-05	4.4617430857976457e-05	4.8931077484970815e-05	4.973083845441738e-05	5.73499982870713e-05	4.820056672725597e-05	5.2271140445570695e-05	5.053911878588613e-05	4.8699233117221675e-05	5.3348435573460524e-05	4.8559630141331375e-05
8	6.742424901636567e-05	7.924845673943609e-05	7.727034537958181e-05	7.394321622353079e-05	6.766257033623798e-05	6.575411373558617e-05	6.96310137641752e-05	7.425711585506478e-05	7.806932081427559e-05	8.806829293635186e-05	7.335411737550298e-05	7.846056080981424e-05	7.60070989951573e-05	8.054733610195925e-05	8.296008942741319e-05	7.435896555872811e-05
9	9.95935642249343e-05	0.00010087599308635483	0.00011111611740584545	9.84533895380151e-05	9.27770742922097e-05	9.386181981912509e-05	0.00010267506851914425	0.00010062476163061488	0.00010981495953630523	0.00011913610526323165	0.00010236085304720521	0.0001106798714978325	0.0001065708208404689	0.00010688851605549117	0.00011396268198438576	0.00010375775727913126
10	0.00012571026122656017	0.00012692018401556818	0.00014370479192218842	0.00012569765771919774	0.00012210586249125627	0.00012812065355284114	0.0001351681394692044	0.00012939977734361402	0.00013810056969977273	0.00015308245175266294	0.00013310508668823936	0.00014117544668096032	0.00013365913681307874	0.0001406141305485617	0.00014673303893315815	0.00013271248963005758
11	0.00015665161869373332	0.0001641137645362984	0.0001777621862085609	0.0001608126243521772	0.00015480415488745408	0.00016240155423247857	0.0001660984852175405	0.0001574562792996765	0.00017439367434053137	0.00018465344060259297	0.0001692226849928035	0.00017295154964765456	0.00016946568368438262	0.00016822858205121834	0.0001817391775340203	0.0001612760183551222
12	0.00019258985728963604	0.00020492831403174576	0.00020373887223784903	0.00020335548132861114	0.00018779101814032933	0.00019779092566448068	0.00019453591311726766	0.0001856491439098127	0.00020512311516283061	0.00021562268401767047	0.000199540168718633	0.0002060839058099204	0.00020062845398993379	0.00020190827659980512	0.00021204627542320792	0.00019056473002401986
13	0.00023125830165917786	0.00023715736407150143	0.00023309992048543623	0.00023337791221404903	0.00022382996170084845	0.0002359584373375217	0.00022088322293147106	0.00021706004392512272	0.000240141404011328	0.00024110304527380608	0.00023629172995494606	0.00024036318138543226	0.00022921888576299108	0.00023790751942923995	0.00024110004933938003	0.00022476025404464302
14	0.00024401140228758934	0.00024775752950579797	0.0002465523424112656	0.00023976489063128777	0.00023140007173088703	0.00024747589067821655	0.00022759280122628558	0.00022570228373928946	0.00024257490683158694	0.0002518381705090015	0.0002463371533751826	0.0002483393775542151	0.00024048738904133428	0.00024695338261619947	0.000254335635869922	0.00023749380938181724
15	0.00024201995633637503	0.00024836170337738265	0.00024624594870382624	0.00024200314829545138	0.00022611553506703567	0.0002500103296740701	0.00022808121640337614	0.000229834067064808	0.0002505514926325062	0.00025151816988295823	0.0002449373552537504	0.000249903336006721	0.00024594449750982354	0.00024899430040094787	0.0002558064495643034	0.00024217975266868958
16	0.0002391519100019916	0.0002459289461600254	0.0002441397684525601	0.00023940645841033175	0.00023276897774444338	0.00024783746550326077	0.0002210004887762903	0.0002243254357372314	0.00024854759791128093	0.00024904182965593367	0.00024156610197360518	0.0002491391214746323	0.00024331412887748118	0.0002484822363227329	0.0002507992736657223	0.00023961198414400458
17	0.00023115565883663093	0.00023364669519059628	0.00023475455640537403	0.00023038426816351416	0.00022358628657161587	0.00023027239422954423	0.00021181999468213348	0.00021045996771743144	0.00024021707272943527	0.00023795215618262278	0.00023286727055227955	0.0002404670545089647	0.0002283976241894941	0.00023350029374766525	0.00023863233794055593	0.00023104915884747284
18	0.0001998697950605515	0.00020014805796249787	0.00020161530093013534	0.00020268151936919752	0.00018979990331347284	0.00019479350111412737	0.00018490642406233113	0.0001802048156319554	0.00021253237850437105	0.00020651992061568623	0.00020222774125034358	0.00020214427266737123	0.000199706207288641	0.00020672711157677812	0.00020405382095609433	0.00019973855100581541
19	0.00016581364690292338	0.0001702905848189597	0.00017049705644359945	0.000170680010902059	0.0001561028541744304	0.0001659087455071734	0.00015441341004451966	0.00015681238973538298	0.0001833512235389257	0.00017446149203552517	0.00017372715276148528	0.0001712355188820625	0.0001724440159786353	0.00017342801936401353	0.000170649377359123	0.00017087452536989096
20	0.0001351980396358186	0.00014294291112914459	0.00013704445598380476	0.00014726110902998568	0.00012872506921545514	0.000130096655599992	0.00012399730678043012	0.00012967111417398666	0.0001530990704742134	0.00014199423530552915	0.00014676014960490297	0.00013953719235724365	0.00014054247476701141	0.00015093044657667738	0.00013692155116901825	0.00014060431607092427
21	0.00010867829941443451	0.00011375778938978248	0.00010889488701097127	0.00011389985781148382	0.0001031597565242674	9.875059312806447e-05	9.64371835207431e-05	9.920494844632732e-05	0.00011812995814439257	0.00010903572642049739	0.00011645329838950541	0.00010931556911078703	0.00010850060145369556	0.00011876533653158583	0.0001139546784274581	0.00010695354876047791
22	8.058265727818593e-05	7.946261989468407e-05	8.10243861696205e-05	8.464047982936694e-05	7.66303135261767e-05	7.199821511222435e-05	7.014135360277398e-05	7.076352123025061e-05	8.683921981666712e-05	8.146856818891967e-05	8.531528536123156e-05	8.39736753362877e-05	8.252407654210402e-05	8.370904527609896e-05	8.084077436812185e-05	7.798682623815754e-05
23	5.164222397502473e-05	5.094853399911846e-05	5.294673502403607e-05	5.6735419438281326e-05	5.139624513425865e-05	4.9089690590561384e-05	4.4638507186341647e-05	4.907075981061612e-05	6.050144572012527e-05	5.0865846155782914e-05	5.750468429463705e-05	5.399906980396522e-05	5.582551784679512e-05	5.498897877467313e-05	5.759136196433574e-05	5.2835569772054575e-05
24	2.7386936246814805e-05	2.301245452086646e-05	2.561869962581788e-05	2.5115220758661476e-05	2.3528984652538225e-05	2.4629239934094776e-05	2.1187865464169093e-05	2.3052172831903325e-05	3.0134058005744298e-05	2.388606038213146e-05	2.758089031987899e-05	2.6393357921448803e-05	2.5596879625105546e-05	2.1971350095735032e-05	3.0777374945213014e-05	2.683548724470574e-05
["C4",*,*] : 	1	2	3	4	5	6	7	8	9	10	11	12	13	14	15	16 := 
1	0.0	0.0	0.0	0.0	0.0	0.0	0.0	0.0	0.0	0.0	0.0	0.0	0.0	0.0	0.0	0.0
2	0.0	0.0	0.0	0.0	0.0	0.0	0.0	0.0	0.0	0.0	0.0	0.0	0.0	0.0	0.0	0.0
3	0.0	0.0	0.0	0.0	0.0	0.0	0.0	0.0	0.0	0.0	0.0	0.0	0.0	0.0	0.0	0.0
4	3.502870712419608e-07	4.0448276635674254e-07	3.36387560301893e-07	5.186050018179763e-07	5.32384687146253e-07	4.076309691718535e-07	3.8091924814782697e-07	3.7324726502354997e-07	5.013298966019775e-07	4.759986956294502e-07	4.6207071635483556e-07	4.980776233140853e-07	5.330110828055645e-07	7.493166342867347e-07	4.2286608419948956e-07	6.233466386510248e-07
5	7.174823106683271e-06	7.103036152194705e-06	6.058367995157929e-06	5.7720536648055154e-06	7.692032678319252e-06	8.670698275049673e-06	7.527220431463529e-06	6.499217388678979e-06	9.212309767895566e-06	9.08257324148212e-06	1.1216444481471456e-05	1.0760049665518909e-05	9.596372417860828e-06	1.0161889929183132e-05	8.655076665118823e-06	9.108113971726782e-06
6	2.3121761682710645e-05	2.2384113771250007e-05	2.1177455511779555e-05	2.1475515819676086e-05	2.2921995365353176e-05	2.361361119412919e-05	2.2116602327720456e-05	2.075585685883609e-05	2.701723674866745e-05	2.5888139731203103e-05	2.9515796454656805e-05	3.100053811233662e-05	2.6043277829572995e-05	3.064409206563155e-05	2.6300152187111822e-05	2.8197098109091348e-05
7	4.39875281981692e-05	4.2101439251028646e-05	4.516833126605559e-05	4.2228291266225944e-05	4.1772315331027375e-05	4.43511416361722e-05	4.080265693402207e-05	4.0414266617143696e-05	5.3006188860109226e-05	4.8418666109330505e-05	5.226839263874251e-05	5.598818153084717e-05	5.0358059814874104e-05	5.6294072103665215e-05	5.078206727430027e-05	5.348902521388472e-05
8	6.731754273609812e-05	6.71115344375049e-05	6.83135054781139e-05	6.646391521107994e-05	6.262393525124335e-05	6.635348422845556e-05	6.417569417198106e-05	6.380550650604153e-05	7.768696309443913e-05	7.68491126476751e-05	8.261885024839236e-05	8.061745221840685e-05	8.142015569176938e-05	8.461796532011912e-05	7.820913055524806e-05	8.364887623338841e-05
9	9.318031595525958e-05	9.241640958668377e-05	9.39429557676026e-05	9.614605932648436e-05	8.86163099784058e-05	9.484416518480727e-05	9.31006538711177e-05	9.308588540273023e-05	0.0001076696765703589	0.00010531378082709797	0.00011434446808221645	0.00011281351986531768	0.00011340475237248681	0.00011597257674950764	0.00010914783605509526	0.00011669560206360575
10	0.00012544270118431403	0.00012153969542263945	0.00012381911512280693	0.00012790926806937705	0.00011621910894903456	0.0001259677966681894	0.00012467617673377065	0.00012101079973755101	0.00013868856940238474	0.0001396275319794188	0.00014815262187696317	0.00014715942334218163	0.00014446766293693778	0.00014527945349908914	0.00014146671849992617	0.00014811973130997435
11	0.00015516972635231855	0.00015453774258064826	0.00015559831519588159	0.00015779362225096724	0.0001499814186315717	0.0001590372907267488	0.00015436154502370102	0.00015524166267703876	0.00017231088119883212	0.00017352657779883487	0.0001796238784005141	0.00018342642087021383	0.0001801757361051911	0.0001810744334232778	0.00017314929074910767	0.0001767830888075882
12	0.0001907230598591353	0.00018434560789445812	0.00019324962541102358	0.0001881636188508906	0.00018223560949891143	0.00019057838977106512	0.00018605616833278674	0.00019099611189766979	0.00020831869131288748	0.00020587202122710456	0.00021291027283420436	0.00021757656365139949	0.0002137069394493416	0.00021501398753104517	0.00020914607228195145	0.0002125740214369249
13	0.00022756607905362113	0.00021456803569023272	0.0002257771867516462	0.00022050350749397288	0.0002135435838851662	0.00021900809353522224	0.00021724355398635166	0.00022471128324786768	0.00023901253474257334	0.0002342273142068202	0.00024975927046781633	0.0002469743528726441	0.0002439385706350558	0.0002453393596950665	0.0002437516568658519	0.00024509650495894785
14	0.0002435328042507482	0.00022670855065308113	0.00023834897749295544	0.00023277997470938855	0.00022882202952912995	0.0002334615249184445	0.00022951761541099323	0.00023525402388093326	0.00025135238555239577	0.0002454560640507929	0.00025862394324140125	0.00025575801878785574	0.00025365396781952093	0.0002566622891711289	0.00025465625643002746	0.0002562595511907156
15	0.0002407593797071718	0.00022862324526662405	0.00023504182977061064	0.00023502247636063663	0.0002290449431700879	0.00023285634318861732	0.00023068833270746054	0.00023381126207385364	0.00025293362820024616	0.00024760078515580577	0.00026431864090038185	0.00025390695543800067	0.00025451016162773447	0.00025890552932183596	0.00025582390143831946	0.00025724707528009536
16	0.00023594042501886604	0.00022736123571261081	0.0002307747190300991	0.00023216802539143127	0.00022797593857890362	0.00022719857193308237	0.00022945930991011675	0.00023121246277886165	0.0002508936772898198	0.0002447206310897957	0.0002587289969635071	0.00025131538570295916	0.00025012225754334757	0.00025606804206960515	0.00025286590527176777	0.00025293612648954344
17	0.00023107327823945222	0.00021782213446625527	0.00022072572307296702	0.00022219188231765774	0.00021498860507958225	0.00021614886146682799	0.00021996178383846965	0.0002159335581713877	0.00023780618791195866	0.0002363642994345109	0.0002503095863706781	0.00024191550158783267	0.00024109600542656097	0.0002461580409671796	0.00024138232125438204	0.00024293911368712196
18	0.00019917045483131257	0.0001865853486702011	0.00019132594114110746	0.00019406987614305118	0.0001865143171294841	0.00018805817226398894	0.0001908616894898251	0.00018261803523818973	0.00020507984139584549	0.00020609257584137302	0.0002171564581279253	0.0002145727528319211	0.00021002561718813184	0.0002110275637077134	0.00021266074923970848	0.00021181379773416972
19	0.0001661458185948829	0.0001579370799972655	0.0001609949901718024	0.0001632831331152047	0.00015568765626629362	0.0001585511883038123	0.0001607789669020702	0.00015512690953631755	0.00017235385495701215	0.00017455446698032024	0.00018463305094236818	0.00017866719404446924	0.00018252608332963203	0.00017728840478393334	0.00018014677218539902	0.00017904770158659497
20	0.00013915519036387632	0.00013026342900356055	0.00013307046281260828	0.00013386848806893538	0.00012735855596761333	0.00012946981402465113	0.0001289660155069167	0.00012782176529632457	0.00014042215065304873	0.00014497299467281926	0.00015237383623988073	0.00014689682599149353	0.0001489528582691098	0.00014425494294995108	0.0001517299187087161	0.0001495600701311718
21	0.00010553314538908121	9.646967203775154e-05	0.0001034043815217789	9.925250882067805e-05	9.947059487188535e-05	9.966252522411004e-05	0.00010224364416313606	9.691289267033057e-05	0.00011025601469089495	0.00011497418583994615	0.00011823624061237456	0.00011638718617701916	0.00011649320808788076	0.0001107738622146755	0.00011859791409123992	0.00011516348793476291
22	7.623552752234947e-05	7.014110363044243e-05	7.661949244102621e-05	7.016139956741069e-05	6.920787532538218e-05	7.854164721005967e-05	7.384140010442625e-05	7.02191388841048e-05	8.36403697740142e-05	8.214667007929276e-05	8.88399795498945e-05	8.64736414976046e-05	8.452352120750193e-05	7.990127208105978e-05	8.600019869973598e-05	8.793465123717161e-05
23	5.044908028912883e-05	4.395979775631818e-05	4.963582029145259e-05	4.4835562991414095e-05	4.5607493584967094e-05	5.1452423680878834e-05	4.970382493747645e-05	4.601175978824732e-05	5.503069742734042e-05	5.473480549221206e-05	6.119350405277923e-05	5.6914548527566506e-05	5.483033322887231e-05	5.25967328782666e-05	5.710288636966787e-05	5.837499963407869e-05
24	2.463933678371447e-05	2.2888791818478073e-05	2.536119599842212e-05	2.1680850308827627e-05	2.2683627742653377e-05	2.239359588522452e-05	2.3146232137277813e-05	2.3365484999154753e-05	2.566954400054755e-05	2.7229475587427062e-05	2.8969544579050965e-05	2.810704678108282e-05	2.53788398986953e-05	2.6793307837883984e-05	2.9148971617521807e-05	2.7369983536412393e-05
["C5",*,*] : 	1	2	3	4	5	6	7	8	9	10	11	12	13	14	15	16 := 
1	0.0	0.0	0.0	0.0	0.0	0.0	0.0	0.0	0.0	0.0	0.0	0.0	0.0	0.0	0.0	0.0
2	0.0	0.0	0.0	0.0	0.0	0.0	0.0	0.0	0.0	0.0	0.0	0.0	0.0	0.0	0.0	0.0
3	0.0	0.0	0.0	0.0	0.0	0.0	0.0	0.0	0.0	0.0	0.0	0.0	0.0	0.0	0.0	0.0
4	1.700997576396068e-07	4.951754755277112e-07	4.948396315725935e-07	5.108262731686813e-09	2.9017391610430525e-07	9.416500262359237e-07	4.87380611545152e-09	1.2679690299314172e-07	3.372030818940658e-07	1.0533397929025061e-08	6.610439936694829e-07	8.248621683339055e-07	1.923246348188158e-06	3.3455383587868787e-07	2.139471168711833e-07	1.1540420105008781e-08
5	6.134461722261012e-06	9.349003789708825e-06	6.659110419159459e-06	9.911257607140298e-06	7.303484860499709e-06	5.751538874277205e-06	2.061554738224204e-06	7.261038268069845e-06	1.4634906959909567e-05	8.189715914817153e-06	1.0750307054683204e-05	1.316404583244314e-05	5.952996098834619e-06	1.2464154980865904e-05	1.0060882761316011e-05	6.5201590353641035e-06
6	2.0153751933398957e-05	1.8046116437740854e-05	2.1705202611292994e-05	2.6833784265158585e-05	2.334210080312921e-05	9.394886456459859e-06	1.5828227376274528e-05	1.4545813318086848e-05	4.6717984222452074e-05	4.429214025778361e-05	3.329985783786938e-05	3.9522260997259875e-05	2.5382940004976136e-05	3.466118159422072e-05	2.8778323402889854e-05	2.1477595629780518e-05
7	3.947493571016129e-05	2.2838158392180994e-05	3.664685865558804e-05	4.7084505314109165e-05	3.6407947282244066e-05	2.2625814206747926e-05	2.3288738647877815e-05	3.241781825423954e-05	8.357558346182615e-05	7.433844869818759e-05	5.653590754003043e-05	5.981709411983809e-05	5.2088325093420086e-05	7.172936851784373e-05	5.440965719951549e-05	5.455179274947152e-05
8	5.157037541890897e-05	4.816989686650763e-05	5.3152060336617466e-05	6.529418495575838e-05	6.001042692975382e-05	5.184478938971735e-05	2.4133582760579665e-05	4.639641623516111e-05	0.00010864127280319653	0.00011389709321684621	8.825894595706732e-05	8.314504355233176e-05	8.203985435383455e-05	0.00011604782363784695	9.395735900394305e-05	7.805996632491064e-05
9	8.213693265799355e-05	8.319370750913301e-05	8.519239026726693e-05	9.54180825380798e-05	9.08256594313872e-05	6.646897173377435e-05	5.5562489814166665e-05	5.882714060192628e-05	0.0001441571775875796	0.00014131989347175821	0.00012045109753263366	0.00012676516669132045	0.00012480419583826448	0.00013751319989238554	0.00012321293539164897	0.00010823925496166248
10	0.00010452245666354068	0.00013581213254183362	0.0001182309413685511	0.00012555431079691972	0.00010067172030728693	8.614341418915496e-05	8.801165513969204e-05	9.156592925295186e-05	0.00018170490647327514	0.00016557540533325998	0.00015901758752775985	0.00016556029117002286	0.00015399764753387787	0.0001791271423241472	0.00015427285006366687	0.00014118411396637758
11	0.00013217825348482994	0.00015936768669074175	0.0001449700425209351	0.00015603938615933326	0.00011431902716963353	0.00011524021705512958	0.00011435613719454048	0.00013656688126707558	0.00020722168442834942	0.00020097325851644695	0.0002037340614118939	0.00019820689285186333	0.00019316599349195808	0.00023468570132197222	0.00019612863490672485	0.0001719215980835819
12	0.0001626420196745354	0.00018053573615770248	0.0001654563826410708	0.00017964526369961697	0.0001668079723186337	0.00016289453875567355	0.00014365371027078388	0.00015976967358022681	0.00023580150214343537	0.0002444530584956947	0.00024685919866394217	0.00023309646606412918	0.00023122162680656855	0.0002626094626870999	0.00022694863372141352	0.00022341253055734728
13	0.00020510853101965868	0.00021625476393265155	0.00021684662434222934	0.00019858958256808925	0.00017850847412043784	0.00019944589345806843	0.00018395881234975622	0.00018348523338042433	0.0002537047928332582	0.00028545298976947694	0.00028560379653734395	0.0002597648060538267	0.000244967743539606	0.0003053376408541091	0.0002476979416127615	0.00023767156413704544
14	0.0002242112297727058	0.00023266119290973314	0.00022397526658412683	0.00020486948374127124	0.0002019585087107486	0.00022614517679484983	0.00018624933693620833	0.00019241678642838768	0.00026360835996356414	0.00028642147058892175	0.0002924876477011608	0.0002728188338899009	0.0002657788080668072	0.0003024180021613635	0.00026266343169437816	0.0002534850011547103
15	0.00021043710425358792	0.00022739051314027076	0.00020525682751664425	0.0002085755479584155	0.00020398506897471627	0.00022998602280278557	0.00020074568228332045	0.00020944208857557876	0.0002643707672146928	0.00029189613723898936	0.0003005235171397197	0.0002763711156357088	0.00025568803365756817	0.00029523995988066615	0.0002667771213655493	0.0002463752294131419
16	0.00018899200033228414	0.00023380432885523073	0.0002032245995322199	0.00021575957397961706	0.0001815862412835092	0.00021981692869913142	0.0001932550434043393	0.00020970535426066854	0.00025268685121464815	0.000293713294376044	0.00030021756604523085	0.0002712359153847581	0.00025748527017884767	0.0002807921643525562	0.000265655421487467	0.0002443989926208939
17	0.00019010037596192477	0.0002001553810422979	0.0001906590349128557	0.0001983697964978627	0.0001789136475836957	0.000203025817764996	0.0001733215148772932	0.0001861110898780537	0.0002451029623496558	0.00029064990800830237	0.0002824490624195787	0.0002486855819998723	0.00026379418019595633	0.0002722720337890723	0.0002477760620658403	0.0002289474320132074
18	0.00017420690691502883	0.00016449439378447595	0.0001669609841425126	0.0001657515997635864	0.0001555787462335585	0.00018611970761624045	0.00014341347278862049	0.00017075646120327437	0.00023429942979573626	0.0002489597682126986	0.000255873667570357	0.00021916757926917414	0.0002460223648636615	0.0002576421614022763	0.00022406963683368995	0.000194599068419377
19	0.00012599379366145662	0.0001356058605586456	0.00013622005842466953	0.00013630515970852733	0.00013883527439477076	0.00015675166319927024	0.00013868471466703476	0.00013515790818087947	0.00019495576626333403	0.0002161113835321524	0.00020939818779541397	0.0001788865199485401	0.00020165638323792608	0.00021177469806862487	0.0001833717377055054	0.00016133295143006066
20	0.00011511795958827031	0.00012526050753236092	0.00011119928655705557	0.00011347815054300355	0.00010557755406390953	0.00014216046811285318	0.00011145546486845056	0.00011779488657092945	0.00014867986527703818	0.0001625364467929873	0.00017049121315671498	0.00015300803090682722	0.00016950280041829846	0.0001743652187758866	0.00013478531666726785	0.00012255717775652497
21	8.828117914728006e-05	9.518709239744195e-05	8.448220191836408e-05	8.118512991946973e-05	7.95750832552471e-05	0.00010562253974955088	7.859314893579711e-05	9.065748300766316e-05	0.00013021631127796697	0.00013588753335064916	0.00012556952233888164	0.00011663589545701564	0.00013925549752771967	0.00013475036500118013	0.00011215119429585254	9.88781870724205e-05
22	7.648124539755334e-05	6.751664214902479e-05	6.033304229106667e-05	5.602808238348666e-05	5.8664888947283764e-05	7.759650395400142e-05	5.520841661443513e-05	6.857357848653868e-05	0.0001059238990506822	9.59230958196517e-05	7.572584274584228e-05	8.687226985069243e-05	0.00010004573930392893	9.838250261533532e-05	7.757337268028458e-05	6.191990119352032e-05
23	5.820397082343486e-05	4.239395705316636e-05	4.632954252685195e-05	3.608384117138723e-05	4.3358074889228574e-05	5.006671816502179e-05	3.611108232683124e-05	4.3356136920703836e-05	6.045579955094129e-05	5.256525618978652e-05	5.233621560532008e-05	5.331635246066521e-05	5.5497842049804945e-05	6.741517757206962e-05	5.3410604733708285e-05	4.7761636040988445e-05
24	1.5757927166406505e-05	2.239810859505252e-05	2.5607881651803587e-05	1.8538621294986793e-05	1.7414373511014892e-05	2.1266549260282052e-05	1.7092128088547007e-05	1.2313095624283942e-05	2.9967555679619722e-05	2.496497122205798e-05	1.8975928701667198e-05	3.2614040605115485e-05	2.5242805560824396e-05	2.8218142050285895e-05	3.0047902363934478e-05	2.302799744974895e-05
;
  
 param  mob_pass_time_series  := 
["C1",*,*] : 	1	2	3	4	5	6	7	8	9	10	11	12	13	14	15	16 := 
1	6.773822468018703e-06	6.773822468018703e-06	6.773822468018703e-06	6.773822468018703e-06	6.773822468018703e-06	6.773822468018703e-06	6.773822468018703e-06	6.773822468018703e-06	6.773822468018703e-06	6.773822468018703e-06	6.773822468018703e-06	6.773822468018703e-06	6.773822468018703e-06	6.773822468018703e-06	6.773822468018703e-06	6.773822468018703e-06
2	3.7521173198035656e-06	3.7521173198035656e-06	3.7521173198035656e-06	3.7521173198035656e-06	3.7521173198035656e-06	3.7521173198035656e-06	3.7521173198035656e-06	3.7521173198035656e-06	3.7521173198035656e-06	3.7521173198035656e-06	3.7521173198035656e-06	3.7521173198035656e-06	3.7521173198035656e-06	3.7521173198035656e-06	3.7521173198035656e-06	3.7521173198035656e-06
3	2.381343792301996e-06	2.381343792301996e-06	2.381343792301996e-06	2.381343792301996e-06	2.381343792301996e-06	2.381343792301996e-06	2.381343792301996e-06	2.381343792301996e-06	2.381343792301996e-06	2.381343792301996e-06	2.381343792301996e-06	2.381343792301996e-06	2.381343792301996e-06	2.381343792301996e-06	2.381343792301996e-06	2.381343792301996e-06
4	8.304686334498558e-06	8.304686334498558e-06	8.304686334498558e-06	8.304686334498558e-06	8.304686334498558e-06	8.304686334498558e-06	8.304686334498558e-06	8.304686334498558e-06	8.304686334498558e-06	8.304686334498558e-06	8.304686334498558e-06	8.304686334498558e-06	8.304686334498558e-06	8.304686334498558e-06	8.304686334498558e-06	8.304686334498558e-06
5	2.491405900349567e-05	2.491405900349567e-05	2.491405900349567e-05	2.491405900349567e-05	2.491405900349567e-05	2.491405900349567e-05	2.491405900349567e-05	2.491405900349567e-05	2.491405900349567e-05	2.491405900349567e-05	2.491405900349567e-05	2.491405900349567e-05	2.491405900349567e-05	2.491405900349567e-05	2.491405900349567e-05	2.491405900349567e-05
6	6.93391280699699e-05	6.93391280699699e-05	6.93391280699699e-05	6.93391280699699e-05	6.93391280699699e-05	6.93391280699699e-05	6.93391280699699e-05	6.93391280699699e-05	6.93391280699699e-05	6.93391280699699e-05	6.93391280699699e-05	6.93391280699699e-05	6.93391280699699e-05	6.93391280699699e-05	6.93391280699699e-05	6.93391280699699e-05
7	0.00014308074046179997	0.00014308074046179997	0.00014308074046179997	0.00014308074046179997	0.00014308074046179997	0.00014308074046179997	0.00014308074046179997	0.00014308074046179997	0.00014308074046179997	0.00014308074046179997	0.00014308074046179997	0.00014308074046179997	0.00014308074046179997	0.00014308074046179997	0.00014308074046179997	0.00014308074046179997
8	0.00019010727753669996	0.00019010727753669996	0.00019010727753669996	0.00019010727753669996	0.00019010727753669996	0.00019010727753669996	0.00019010727753669996	0.00019010727753669996	0.00019010727753669996	0.00019010727753669996	0.00019010727753669996	0.00019010727753669996	0.00019010727753669996	0.00019010727753669996	0.00019010727753669996	0.00019010727753669996
9	0.00016809485592709998	0.00016809485592709998	0.00016809485592709998	0.00016809485592709998	0.00016809485592709998	0.00016809485592709998	0.00016809485592709998	0.00016809485592709998	0.00016809485592709998	0.00016809485592709998	0.00016809485592709998	0.00016809485592709998	0.00016809485592709998	0.00016809485592709998	0.00016809485592709998	0.00016809485592709998
10	0.00016509316207129998	0.00016509316207129998	0.00016509316207129998	0.00016509316207129998	0.00016509316207129998	0.00016509316207129998	0.00016509316207129998	0.00016509316207129998	0.00016509316207129998	0.00016509316207129998	0.00016509316207129998	0.00016509316207129998	0.00016509316207129998	0.00016509316207129998	0.00016509316207129998	0.00016509316207129998
11	0.00017910106673189999	0.00017910106673189999	0.00017910106673189999	0.00017910106673189999	0.00017910106673189999	0.00017910106673189999	0.00017910106673189999	0.00017910106673189999	0.00017910106673189999	0.00017910106673189999	0.00017910106673189999	0.00017910106673189999	0.00017910106673189999	0.00017910106673189999	0.00017910106673189999	0.00017910106673189999
12	0.00019611066524829996	0.00019611066524829996	0.00019611066524829996	0.00019611066524829996	0.00019611066524829996	0.00019611066524829996	0.00019611066524829996	0.00019611066524829996	0.00019611066524829996	0.00019611066524829996	0.00019611066524829996	0.00019611066524829996	0.00019611066524829996	0.00019611066524829996	0.00019611066524829996	0.00019611066524829996
13	0.00019511010062969996	0.00019511010062969996	0.00019511010062969996	0.00019511010062969996	0.00019511010062969996	0.00019511010062969996	0.00019511010062969996	0.00019511010062969996	0.00019511010062969996	0.00019511010062969996	0.00019511010062969996	0.00019511010062969996	0.00019511010062969996	0.00019511010062969996	0.00019511010062969996	0.00019511010062969996
14	0.00018510445444359997	0.00018510445444359997	0.00018510445444359997	0.00018510445444359997	0.00018510445444359997	0.00018510445444359997	0.00018510445444359997	0.00018510445444359997	0.00018510445444359997	0.00018510445444359997	0.00018510445444359997	0.00018510445444359997	0.00018510445444359997	0.00018510445444359997	0.00018510445444359997	0.00018510445444359997
15	0.00019911235910419998	0.00019911235910419998	0.00019911235910419998	0.00019911235910419998	0.00019911235910419998	0.00019911235910419998	0.00019911235910419998	0.00019911235910419998	0.00019911235910419998	0.00019911235910419998	0.00019911235910419998	0.00019911235910419998	0.00019911235910419998	0.00019911235910419998	0.00019911235910419998	0.00019911235910419998
16	0.00021612195762059998	0.00021612195762059998	0.00021612195762059998	0.00021612195762059998	0.00021612195762059998	0.00021612195762059998	0.00021612195762059998	0.00021612195762059998	0.00021612195762059998	0.00021612195762059998	0.00021612195762059998	0.00021612195762059998	0.00021612195762059998	0.00021612195762059998	0.00021612195762059998	0.00021612195762059998
17	0.00022412647456949996	0.00022412647456949996	0.00022412647456949996	0.00022412647456949996	0.00022412647456949996	0.00022412647456949996	0.00022412647456949996	0.00022412647456949996	0.00022412647456949996	0.00022412647456949996	0.00022412647456949996	0.00022412647456949996	0.00022412647456949996	0.00022412647456949996	0.00022412647456949996	0.00022412647456949996
18	0.00019811179448559998	0.00019811179448559998	0.00019811179448559998	0.00019811179448559998	0.00019811179448559998	0.00019811179448559998	0.00019811179448559998	0.00019811179448559998	0.00019811179448559998	0.00019811179448559998	0.00019811179448559998	0.00019811179448559998	0.00019811179448559998	0.00019811179448559998	0.00019811179448559998	0.00019811179448559998
19	0.00013707735275009998	0.00013707735275009998	0.00013707735275009998	0.00013707735275009998	0.00013707735275009998	0.00013707735275009998	0.00013707735275009998	0.00013707735275009998	0.00013707735275009998	0.00013707735275009998	0.00013707735275009998	0.00013707735275009998	0.00013707735275009998	0.00013707735275009998	0.00013707735275009998	0.00013707735275009998
20	9.075121090831556e-05	9.075121090831556e-05	9.075121090831556e-05	9.075121090831556e-05	9.075121090831556e-05	9.075121090831556e-05	9.075121090831556e-05	9.075121090831556e-05	9.075121090831556e-05	9.075121090831556e-05	9.075121090831556e-05	9.075121090831556e-05	9.075121090831556e-05	9.075121090831556e-05	9.075121090831556e-05	9.075121090831556e-05
21	6.333574035828418e-05	6.333574035828418e-05	6.333574035828418e-05	6.333574035828418e-05	6.333574035828418e-05	6.333574035828418e-05	6.333574035828418e-05	6.333574035828418e-05	6.333574035828418e-05	6.333574035828418e-05	6.333574035828418e-05	6.333574035828418e-05	6.333574035828418e-05	6.333574035828418e-05	6.333574035828418e-05	6.333574035828418e-05
22	4.1123205825047075e-05	4.1123205825047075e-05	4.1123205825047075e-05	4.1123205825047075e-05	4.1123205825047075e-05	4.1123205825047075e-05	4.1123205825047075e-05	4.1123205825047075e-05	4.1123205825047075e-05	4.1123205825047075e-05	4.1123205825047075e-05	4.1123205825047075e-05	4.1123205825047075e-05	4.1123205825047075e-05	4.1123205825047075e-05	4.1123205825047075e-05
23	2.4613889617911397e-05	2.4613889617911397e-05	2.4613889617911397e-05	2.4613889617911397e-05	2.4613889617911397e-05	2.4613889617911397e-05	2.4613889617911397e-05	2.4613889617911397e-05	2.4613889617911397e-05	2.4613889617911397e-05	2.4613889617911397e-05	2.4613889617911397e-05	2.4613889617911397e-05	2.4613889617911397e-05	2.4613889617911397e-05	2.4613889617911397e-05
24	8.084562118403415e-06	8.084562118403415e-06	8.084562118403415e-06	8.084562118403415e-06	8.084562118403415e-06	8.084562118403415e-06	8.084562118403415e-06	8.084562118403415e-06	8.084562118403415e-06	8.084562118403415e-06	8.084562118403415e-06	8.084562118403415e-06	8.084562118403415e-06	8.084562118403415e-06	8.084562118403415e-06	8.084562118403415e-06
["C2",*,*] : 	1	2	3	4	5	6	7	8	9	10	11	12	13	14	15	16 := 
1	6.773822468018703e-06	6.773822468018703e-06	6.773822468018703e-06	6.773822468018703e-06	6.773822468018703e-06	6.773822468018703e-06	6.773822468018703e-06	6.773822468018703e-06	6.773822468018703e-06	6.773822468018703e-06	6.773822468018703e-06	6.773822468018703e-06	6.773822468018703e-06	6.773822468018703e-06	6.773822468018703e-06	6.773822468018703e-06
2	3.7521173198035656e-06	3.7521173198035656e-06	3.7521173198035656e-06	3.7521173198035656e-06	3.7521173198035656e-06	3.7521173198035656e-06	3.7521173198035656e-06	3.7521173198035656e-06	3.7521173198035656e-06	3.7521173198035656e-06	3.7521173198035656e-06	3.7521173198035656e-06	3.7521173198035656e-06	3.7521173198035656e-06	3.7521173198035656e-06	3.7521173198035656e-06
3	2.381343792301996e-06	2.381343792301996e-06	2.381343792301996e-06	2.381343792301996e-06	2.381343792301996e-06	2.381343792301996e-06	2.381343792301996e-06	2.381343792301996e-06	2.381343792301996e-06	2.381343792301996e-06	2.381343792301996e-06	2.381343792301996e-06	2.381343792301996e-06	2.381343792301996e-06	2.381343792301996e-06	2.381343792301996e-06
4	8.304686334498558e-06	8.304686334498558e-06	8.304686334498558e-06	8.304686334498558e-06	8.304686334498558e-06	8.304686334498558e-06	8.304686334498558e-06	8.304686334498558e-06	8.304686334498558e-06	8.304686334498558e-06	8.304686334498558e-06	8.304686334498558e-06	8.304686334498558e-06	8.304686334498558e-06	8.304686334498558e-06	8.304686334498558e-06
5	2.491405900349567e-05	2.491405900349567e-05	2.491405900349567e-05	2.491405900349567e-05	2.491405900349567e-05	2.491405900349567e-05	2.491405900349567e-05	2.491405900349567e-05	2.491405900349567e-05	2.491405900349567e-05	2.491405900349567e-05	2.491405900349567e-05	2.491405900349567e-05	2.491405900349567e-05	2.491405900349567e-05	2.491405900349567e-05
6	6.93391280699699e-05	6.93391280699699e-05	6.93391280699699e-05	6.93391280699699e-05	6.93391280699699e-05	6.93391280699699e-05	6.93391280699699e-05	6.93391280699699e-05	6.93391280699699e-05	6.93391280699699e-05	6.93391280699699e-05	6.93391280699699e-05	6.93391280699699e-05	6.93391280699699e-05	6.93391280699699e-05	6.93391280699699e-05
7	0.00014308074046179997	0.00014308074046179997	0.00014308074046179997	0.00014308074046179997	0.00014308074046179997	0.00014308074046179997	0.00014308074046179997	0.00014308074046179997	0.00014308074046179997	0.00014308074046179997	0.00014308074046179997	0.00014308074046179997	0.00014308074046179997	0.00014308074046179997	0.00014308074046179997	0.00014308074046179997
8	0.00019010727753669996	0.00019010727753669996	0.00019010727753669996	0.00019010727753669996	0.00019010727753669996	0.00019010727753669996	0.00019010727753669996	0.00019010727753669996	0.00019010727753669996	0.00019010727753669996	0.00019010727753669996	0.00019010727753669996	0.00019010727753669996	0.00019010727753669996	0.00019010727753669996	0.00019010727753669996
9	0.00016809485592709998	0.00016809485592709998	0.00016809485592709998	0.00016809485592709998	0.00016809485592709998	0.00016809485592709998	0.00016809485592709998	0.00016809485592709998	0.00016809485592709998	0.00016809485592709998	0.00016809485592709998	0.00016809485592709998	0.00016809485592709998	0.00016809485592709998	0.00016809485592709998	0.00016809485592709998
10	0.00016509316207129998	0.00016509316207129998	0.00016509316207129998	0.00016509316207129998	0.00016509316207129998	0.00016509316207129998	0.00016509316207129998	0.00016509316207129998	0.00016509316207129998	0.00016509316207129998	0.00016509316207129998	0.00016509316207129998	0.00016509316207129998	0.00016509316207129998	0.00016509316207129998	0.00016509316207129998
11	0.00017910106673189999	0.00017910106673189999	0.00017910106673189999	0.00017910106673189999	0.00017910106673189999	0.00017910106673189999	0.00017910106673189999	0.00017910106673189999	0.00017910106673189999	0.00017910106673189999	0.00017910106673189999	0.00017910106673189999	0.00017910106673189999	0.00017910106673189999	0.00017910106673189999	0.00017910106673189999
12	0.00019611066524829996	0.00019611066524829996	0.00019611066524829996	0.00019611066524829996	0.00019611066524829996	0.00019611066524829996	0.00019611066524829996	0.00019611066524829996	0.00019611066524829996	0.00019611066524829996	0.00019611066524829996	0.00019611066524829996	0.00019611066524829996	0.00019611066524829996	0.00019611066524829996	0.00019611066524829996
13	0.00019511010062969996	0.00019511010062969996	0.00019511010062969996	0.00019511010062969996	0.00019511010062969996	0.00019511010062969996	0.00019511010062969996	0.00019511010062969996	0.00019511010062969996	0.00019511010062969996	0.00019511010062969996	0.00019511010062969996	0.00019511010062969996	0.00019511010062969996	0.00019511010062969996	0.00019511010062969996
14	0.00018510445444359997	0.00018510445444359997	0.00018510445444359997	0.00018510445444359997	0.00018510445444359997	0.00018510445444359997	0.00018510445444359997	0.00018510445444359997	0.00018510445444359997	0.00018510445444359997	0.00018510445444359997	0.00018510445444359997	0.00018510445444359997	0.00018510445444359997	0.00018510445444359997	0.00018510445444359997
15	0.00019911235910419998	0.00019911235910419998	0.00019911235910419998	0.00019911235910419998	0.00019911235910419998	0.00019911235910419998	0.00019911235910419998	0.00019911235910419998	0.00019911235910419998	0.00019911235910419998	0.00019911235910419998	0.00019911235910419998	0.00019911235910419998	0.00019911235910419998	0.00019911235910419998	0.00019911235910419998
16	0.00021612195762059998	0.00021612195762059998	0.00021612195762059998	0.00021612195762059998	0.00021612195762059998	0.00021612195762059998	0.00021612195762059998	0.00021612195762059998	0.00021612195762059998	0.00021612195762059998	0.00021612195762059998	0.00021612195762059998	0.00021612195762059998	0.00021612195762059998	0.00021612195762059998	0.00021612195762059998
17	0.00022412647456949996	0.00022412647456949996	0.00022412647456949996	0.00022412647456949996	0.00022412647456949996	0.00022412647456949996	0.00022412647456949996	0.00022412647456949996	0.00022412647456949996	0.00022412647456949996	0.00022412647456949996	0.00022412647456949996	0.00022412647456949996	0.00022412647456949996	0.00022412647456949996	0.00022412647456949996
18	0.00019811179448559998	0.00019811179448559998	0.00019811179448559998	0.00019811179448559998	0.00019811179448559998	0.00019811179448559998	0.00019811179448559998	0.00019811179448559998	0.00019811179448559998	0.00019811179448559998	0.00019811179448559998	0.00019811179448559998	0.00019811179448559998	0.00019811179448559998	0.00019811179448559998	0.00019811179448559998
19	0.00013707735275009998	0.00013707735275009998	0.00013707735275009998	0.00013707735275009998	0.00013707735275009998	0.00013707735275009998	0.00013707735275009998	0.00013707735275009998	0.00013707735275009998	0.00013707735275009998	0.00013707735275009998	0.00013707735275009998	0.00013707735275009998	0.00013707735275009998	0.00013707735275009998	0.00013707735275009998
20	9.075121090831556e-05	9.075121090831556e-05	9.075121090831556e-05	9.075121090831556e-05	9.075121090831556e-05	9.075121090831556e-05	9.075121090831556e-05	9.075121090831556e-05	9.075121090831556e-05	9.075121090831556e-05	9.075121090831556e-05	9.075121090831556e-05	9.075121090831556e-05	9.075121090831556e-05	9.075121090831556e-05	9.075121090831556e-05
21	6.333574035828418e-05	6.333574035828418e-05	6.333574035828418e-05	6.333574035828418e-05	6.333574035828418e-05	6.333574035828418e-05	6.333574035828418e-05	6.333574035828418e-05	6.333574035828418e-05	6.333574035828418e-05	6.333574035828418e-05	6.333574035828418e-05	6.333574035828418e-05	6.333574035828418e-05	6.333574035828418e-05	6.333574035828418e-05
22	4.1123205825047075e-05	4.1123205825047075e-05	4.1123205825047075e-05	4.1123205825047075e-05	4.1123205825047075e-05	4.1123205825047075e-05	4.1123205825047075e-05	4.1123205825047075e-05	4.1123205825047075e-05	4.1123205825047075e-05	4.1123205825047075e-05	4.1123205825047075e-05	4.1123205825047075e-05	4.1123205825047075e-05	4.1123205825047075e-05	4.1123205825047075e-05
23	2.4613889617911397e-05	2.4613889617911397e-05	2.4613889617911397e-05	2.4613889617911397e-05	2.4613889617911397e-05	2.4613889617911397e-05	2.4613889617911397e-05	2.4613889617911397e-05	2.4613889617911397e-05	2.4613889617911397e-05	2.4613889617911397e-05	2.4613889617911397e-05	2.4613889617911397e-05	2.4613889617911397e-05	2.4613889617911397e-05	2.4613889617911397e-05
24	8.084562118403415e-06	8.084562118403415e-06	8.084562118403415e-06	8.084562118403415e-06	8.084562118403415e-06	8.084562118403415e-06	8.084562118403415e-06	8.084562118403415e-06	8.084562118403415e-06	8.084562118403415e-06	8.084562118403415e-06	8.084562118403415e-06	8.084562118403415e-06	8.084562118403415e-06	8.084562118403415e-06	8.084562118403415e-06
["C3",*,*] : 	1	2	3	4	5	6	7	8	9	10	11	12	13	14	15	16 := 
1	6.773822468018703e-06	6.773822468018703e-06	6.773822468018703e-06	6.773822468018703e-06	6.773822468018703e-06	6.773822468018703e-06	6.773822468018703e-06	6.773822468018703e-06	6.773822468018703e-06	6.773822468018703e-06	6.773822468018703e-06	6.773822468018703e-06	6.773822468018703e-06	6.773822468018703e-06	6.773822468018703e-06	6.773822468018703e-06
2	3.7521173198035656e-06	3.7521173198035656e-06	3.7521173198035656e-06	3.7521173198035656e-06	3.7521173198035656e-06	3.7521173198035656e-06	3.7521173198035656e-06	3.7521173198035656e-06	3.7521173198035656e-06	3.7521173198035656e-06	3.7521173198035656e-06	3.7521173198035656e-06	3.7521173198035656e-06	3.7521173198035656e-06	3.7521173198035656e-06	3.7521173198035656e-06
3	2.381343792301996e-06	2.381343792301996e-06	2.381343792301996e-06	2.381343792301996e-06	2.381343792301996e-06	2.381343792301996e-06	2.381343792301996e-06	2.381343792301996e-06	2.381343792301996e-06	2.381343792301996e-06	2.381343792301996e-06	2.381343792301996e-06	2.381343792301996e-06	2.381343792301996e-06	2.381343792301996e-06	2.381343792301996e-06
4	8.304686334498558e-06	8.304686334498558e-06	8.304686334498558e-06	8.304686334498558e-06	8.304686334498558e-06	8.304686334498558e-06	8.304686334498558e-06	8.304686334498558e-06	8.304686334498558e-06	8.304686334498558e-06	8.304686334498558e-06	8.304686334498558e-06	8.304686334498558e-06	8.304686334498558e-06	8.304686334498558e-06	8.304686334498558e-06
5	2.491405900349567e-05	2.491405900349567e-05	2.491405900349567e-05	2.491405900349567e-05	2.491405900349567e-05	2.491405900349567e-05	2.491405900349567e-05	2.491405900349567e-05	2.491405900349567e-05	2.491405900349567e-05	2.491405900349567e-05	2.491405900349567e-05	2.491405900349567e-05	2.491405900349567e-05	2.491405900349567e-05	2.491405900349567e-05
6	6.93391280699699e-05	6.93391280699699e-05	6.93391280699699e-05	6.93391280699699e-05	6.93391280699699e-05	6.93391280699699e-05	6.93391280699699e-05	6.93391280699699e-05	6.93391280699699e-05	6.93391280699699e-05	6.93391280699699e-05	6.93391280699699e-05	6.93391280699699e-05	6.93391280699699e-05	6.93391280699699e-05	6.93391280699699e-05
7	0.00014308074046179997	0.00014308074046179997	0.00014308074046179997	0.00014308074046179997	0.00014308074046179997	0.00014308074046179997	0.00014308074046179997	0.00014308074046179997	0.00014308074046179997	0.00014308074046179997	0.00014308074046179997	0.00014308074046179997	0.00014308074046179997	0.00014308074046179997	0.00014308074046179997	0.00014308074046179997
8	0.00019010727753669996	0.00019010727753669996	0.00019010727753669996	0.00019010727753669996	0.00019010727753669996	0.00019010727753669996	0.00019010727753669996	0.00019010727753669996	0.00019010727753669996	0.00019010727753669996	0.00019010727753669996	0.00019010727753669996	0.00019010727753669996	0.00019010727753669996	0.00019010727753669996	0.00019010727753669996
9	0.00016809485592709998	0.00016809485592709998	0.00016809485592709998	0.00016809485592709998	0.00016809485592709998	0.00016809485592709998	0.00016809485592709998	0.00016809485592709998	0.00016809485592709998	0.00016809485592709998	0.00016809485592709998	0.00016809485592709998	0.00016809485592709998	0.00016809485592709998	0.00016809485592709998	0.00016809485592709998
10	0.00016509316207129998	0.00016509316207129998	0.00016509316207129998	0.00016509316207129998	0.00016509316207129998	0.00016509316207129998	0.00016509316207129998	0.00016509316207129998	0.00016509316207129998	0.00016509316207129998	0.00016509316207129998	0.00016509316207129998	0.00016509316207129998	0.00016509316207129998	0.00016509316207129998	0.00016509316207129998
11	0.00017910106673189999	0.00017910106673189999	0.00017910106673189999	0.00017910106673189999	0.00017910106673189999	0.00017910106673189999	0.00017910106673189999	0.00017910106673189999	0.00017910106673189999	0.00017910106673189999	0.00017910106673189999	0.00017910106673189999	0.00017910106673189999	0.00017910106673189999	0.00017910106673189999	0.00017910106673189999
12	0.00019611066524829996	0.00019611066524829996	0.00019611066524829996	0.00019611066524829996	0.00019611066524829996	0.00019611066524829996	0.00019611066524829996	0.00019611066524829996	0.00019611066524829996	0.00019611066524829996	0.00019611066524829996	0.00019611066524829996	0.00019611066524829996	0.00019611066524829996	0.00019611066524829996	0.00019611066524829996
13	0.00019511010062969996	0.00019511010062969996	0.00019511010062969996	0.00019511010062969996	0.00019511010062969996	0.00019511010062969996	0.00019511010062969996	0.00019511010062969996	0.00019511010062969996	0.00019511010062969996	0.00019511010062969996	0.00019511010062969996	0.00019511010062969996	0.00019511010062969996	0.00019511010062969996	0.00019511010062969996
14	0.00018510445444359997	0.00018510445444359997	0.00018510445444359997	0.00018510445444359997	0.00018510445444359997	0.00018510445444359997	0.00018510445444359997	0.00018510445444359997	0.00018510445444359997	0.00018510445444359997	0.00018510445444359997	0.00018510445444359997	0.00018510445444359997	0.00018510445444359997	0.00018510445444359997	0.00018510445444359997
15	0.00019911235910419998	0.00019911235910419998	0.00019911235910419998	0.00019911235910419998	0.00019911235910419998	0.00019911235910419998	0.00019911235910419998	0.00019911235910419998	0.00019911235910419998	0.00019911235910419998	0.00019911235910419998	0.00019911235910419998	0.00019911235910419998	0.00019911235910419998	0.00019911235910419998	0.00019911235910419998
16	0.00021612195762059998	0.00021612195762059998	0.00021612195762059998	0.00021612195762059998	0.00021612195762059998	0.00021612195762059998	0.00021612195762059998	0.00021612195762059998	0.00021612195762059998	0.00021612195762059998	0.00021612195762059998	0.00021612195762059998	0.00021612195762059998	0.00021612195762059998	0.00021612195762059998	0.00021612195762059998
17	0.00022412647456949996	0.00022412647456949996	0.00022412647456949996	0.00022412647456949996	0.00022412647456949996	0.00022412647456949996	0.00022412647456949996	0.00022412647456949996	0.00022412647456949996	0.00022412647456949996	0.00022412647456949996	0.00022412647456949996	0.00022412647456949996	0.00022412647456949996	0.00022412647456949996	0.00022412647456949996
18	0.00019811179448559998	0.00019811179448559998	0.00019811179448559998	0.00019811179448559998	0.00019811179448559998	0.00019811179448559998	0.00019811179448559998	0.00019811179448559998	0.00019811179448559998	0.00019811179448559998	0.00019811179448559998	0.00019811179448559998	0.00019811179448559998	0.00019811179448559998	0.00019811179448559998	0.00019811179448559998
19	0.00013707735275009998	0.00013707735275009998	0.00013707735275009998	0.00013707735275009998	0.00013707735275009998	0.00013707735275009998	0.00013707735275009998	0.00013707735275009998	0.00013707735275009998	0.00013707735275009998	0.00013707735275009998	0.00013707735275009998	0.00013707735275009998	0.00013707735275009998	0.00013707735275009998	0.00013707735275009998
20	9.075121090831556e-05	9.075121090831556e-05	9.075121090831556e-05	9.075121090831556e-05	9.075121090831556e-05	9.075121090831556e-05	9.075121090831556e-05	9.075121090831556e-05	9.075121090831556e-05	9.075121090831556e-05	9.075121090831556e-05	9.075121090831556e-05	9.075121090831556e-05	9.075121090831556e-05	9.075121090831556e-05	9.075121090831556e-05
21	6.333574035828418e-05	6.333574035828418e-05	6.333574035828418e-05	6.333574035828418e-05	6.333574035828418e-05	6.333574035828418e-05	6.333574035828418e-05	6.333574035828418e-05	6.333574035828418e-05	6.333574035828418e-05	6.333574035828418e-05	6.333574035828418e-05	6.333574035828418e-05	6.333574035828418e-05	6.333574035828418e-05	6.333574035828418e-05
22	4.1123205825047075e-05	4.1123205825047075e-05	4.1123205825047075e-05	4.1123205825047075e-05	4.1123205825047075e-05	4.1123205825047075e-05	4.1123205825047075e-05	4.1123205825047075e-05	4.1123205825047075e-05	4.1123205825047075e-05	4.1123205825047075e-05	4.1123205825047075e-05	4.1123205825047075e-05	4.1123205825047075e-05	4.1123205825047075e-05	4.1123205825047075e-05
23	2.4613889617911397e-05	2.4613889617911397e-05	2.4613889617911397e-05	2.4613889617911397e-05	2.4613889617911397e-05	2.4613889617911397e-05	2.4613889617911397e-05	2.4613889617911397e-05	2.4613889617911397e-05	2.4613889617911397e-05	2.4613889617911397e-05	2.4613889617911397e-05	2.4613889617911397e-05	2.4613889617911397e-05	2.4613889617911397e-05	2.4613889617911397e-05
24	8.084562118403415e-06	8.084562118403415e-06	8.084562118403415e-06	8.084562118403415e-06	8.084562118403415e-06	8.084562118403415e-06	8.084562118403415e-06	8.084562118403415e-06	8.084562118403415e-06	8.084562118403415e-06	8.084562118403415e-06	8.084562118403415e-06	8.084562118403415e-06	8.084562118403415e-06	8.084562118403415e-06	8.084562118403415e-06
["C4",*,*] : 	1	2	3	4	5	6	7	8	9	10	11	12	13	14	15	16 := 
1	6.773822468018703e-06	6.773822468018703e-06	6.773822468018703e-06	6.773822468018703e-06	6.773822468018703e-06	6.773822468018703e-06	6.773822468018703e-06	6.773822468018703e-06	6.773822468018703e-06	6.773822468018703e-06	6.773822468018703e-06	6.773822468018703e-06	6.773822468018703e-06	6.773822468018703e-06	6.773822468018703e-06	6.773822468018703e-06
2	3.7521173198035656e-06	3.7521173198035656e-06	3.7521173198035656e-06	3.7521173198035656e-06	3.7521173198035656e-06	3.7521173198035656e-06	3.7521173198035656e-06	3.7521173198035656e-06	3.7521173198035656e-06	3.7521173198035656e-06	3.7521173198035656e-06	3.7521173198035656e-06	3.7521173198035656e-06	3.7521173198035656e-06	3.7521173198035656e-06	3.7521173198035656e-06
3	2.381343792301996e-06	2.381343792301996e-06	2.381343792301996e-06	2.381343792301996e-06	2.381343792301996e-06	2.381343792301996e-06	2.381343792301996e-06	2.381343792301996e-06	2.381343792301996e-06	2.381343792301996e-06	2.381343792301996e-06	2.381343792301996e-06	2.381343792301996e-06	2.381343792301996e-06	2.381343792301996e-06	2.381343792301996e-06
4	8.304686334498558e-06	8.304686334498558e-06	8.304686334498558e-06	8.304686334498558e-06	8.304686334498558e-06	8.304686334498558e-06	8.304686334498558e-06	8.304686334498558e-06	8.304686334498558e-06	8.304686334498558e-06	8.304686334498558e-06	8.304686334498558e-06	8.304686334498558e-06	8.304686334498558e-06	8.304686334498558e-06	8.304686334498558e-06
5	2.491405900349567e-05	2.491405900349567e-05	2.491405900349567e-05	2.491405900349567e-05	2.491405900349567e-05	2.491405900349567e-05	2.491405900349567e-05	2.491405900349567e-05	2.491405900349567e-05	2.491405900349567e-05	2.491405900349567e-05	2.491405900349567e-05	2.491405900349567e-05	2.491405900349567e-05	2.491405900349567e-05	2.491405900349567e-05
6	6.93391280699699e-05	6.93391280699699e-05	6.93391280699699e-05	6.93391280699699e-05	6.93391280699699e-05	6.93391280699699e-05	6.93391280699699e-05	6.93391280699699e-05	6.93391280699699e-05	6.93391280699699e-05	6.93391280699699e-05	6.93391280699699e-05	6.93391280699699e-05	6.93391280699699e-05	6.93391280699699e-05	6.93391280699699e-05
7	0.00014308074046179997	0.00014308074046179997	0.00014308074046179997	0.00014308074046179997	0.00014308074046179997	0.00014308074046179997	0.00014308074046179997	0.00014308074046179997	0.00014308074046179997	0.00014308074046179997	0.00014308074046179997	0.00014308074046179997	0.00014308074046179997	0.00014308074046179997	0.00014308074046179997	0.00014308074046179997
8	0.00019010727753669996	0.00019010727753669996	0.00019010727753669996	0.00019010727753669996	0.00019010727753669996	0.00019010727753669996	0.00019010727753669996	0.00019010727753669996	0.00019010727753669996	0.00019010727753669996	0.00019010727753669996	0.00019010727753669996	0.00019010727753669996	0.00019010727753669996	0.00019010727753669996	0.00019010727753669996
9	0.00016809485592709998	0.00016809485592709998	0.00016809485592709998	0.00016809485592709998	0.00016809485592709998	0.00016809485592709998	0.00016809485592709998	0.00016809485592709998	0.00016809485592709998	0.00016809485592709998	0.00016809485592709998	0.00016809485592709998	0.00016809485592709998	0.00016809485592709998	0.00016809485592709998	0.00016809485592709998
10	0.00016509316207129998	0.00016509316207129998	0.00016509316207129998	0.00016509316207129998	0.00016509316207129998	0.00016509316207129998	0.00016509316207129998	0.00016509316207129998	0.00016509316207129998	0.00016509316207129998	0.00016509316207129998	0.00016509316207129998	0.00016509316207129998	0.00016509316207129998	0.00016509316207129998	0.00016509316207129998
11	0.00017910106673189999	0.00017910106673189999	0.00017910106673189999	0.00017910106673189999	0.00017910106673189999	0.00017910106673189999	0.00017910106673189999	0.00017910106673189999	0.00017910106673189999	0.00017910106673189999	0.00017910106673189999	0.00017910106673189999	0.00017910106673189999	0.00017910106673189999	0.00017910106673189999	0.00017910106673189999
12	0.00019611066524829996	0.00019611066524829996	0.00019611066524829996	0.00019611066524829996	0.00019611066524829996	0.00019611066524829996	0.00019611066524829996	0.00019611066524829996	0.00019611066524829996	0.00019611066524829996	0.00019611066524829996	0.00019611066524829996	0.00019611066524829996	0.00019611066524829996	0.00019611066524829996	0.00019611066524829996
13	0.00019511010062969996	0.00019511010062969996	0.00019511010062969996	0.00019511010062969996	0.00019511010062969996	0.00019511010062969996	0.00019511010062969996	0.00019511010062969996	0.00019511010062969996	0.00019511010062969996	0.00019511010062969996	0.00019511010062969996	0.00019511010062969996	0.00019511010062969996	0.00019511010062969996	0.00019511010062969996
14	0.00018510445444359997	0.00018510445444359997	0.00018510445444359997	0.00018510445444359997	0.00018510445444359997	0.00018510445444359997	0.00018510445444359997	0.00018510445444359997	0.00018510445444359997	0.00018510445444359997	0.00018510445444359997	0.00018510445444359997	0.00018510445444359997	0.00018510445444359997	0.00018510445444359997	0.00018510445444359997
15	0.00019911235910419998	0.00019911235910419998	0.00019911235910419998	0.00019911235910419998	0.00019911235910419998	0.00019911235910419998	0.00019911235910419998	0.00019911235910419998	0.00019911235910419998	0.00019911235910419998	0.00019911235910419998	0.00019911235910419998	0.00019911235910419998	0.00019911235910419998	0.00019911235910419998	0.00019911235910419998
16	0.00021612195762059998	0.00021612195762059998	0.00021612195762059998	0.00021612195762059998	0.00021612195762059998	0.00021612195762059998	0.00021612195762059998	0.00021612195762059998	0.00021612195762059998	0.00021612195762059998	0.00021612195762059998	0.00021612195762059998	0.00021612195762059998	0.00021612195762059998	0.00021612195762059998	0.00021612195762059998
17	0.00022412647456949996	0.00022412647456949996	0.00022412647456949996	0.00022412647456949996	0.00022412647456949996	0.00022412647456949996	0.00022412647456949996	0.00022412647456949996	0.00022412647456949996	0.00022412647456949996	0.00022412647456949996	0.00022412647456949996	0.00022412647456949996	0.00022412647456949996	0.00022412647456949996	0.00022412647456949996
18	0.00019811179448559998	0.00019811179448559998	0.00019811179448559998	0.00019811179448559998	0.00019811179448559998	0.00019811179448559998	0.00019811179448559998	0.00019811179448559998	0.00019811179448559998	0.00019811179448559998	0.00019811179448559998	0.00019811179448559998	0.00019811179448559998	0.00019811179448559998	0.00019811179448559998	0.00019811179448559998
19	0.00013707735275009998	0.00013707735275009998	0.00013707735275009998	0.00013707735275009998	0.00013707735275009998	0.00013707735275009998	0.00013707735275009998	0.00013707735275009998	0.00013707735275009998	0.00013707735275009998	0.00013707735275009998	0.00013707735275009998	0.00013707735275009998	0.00013707735275009998	0.00013707735275009998	0.00013707735275009998
20	9.075121090831556e-05	9.075121090831556e-05	9.075121090831556e-05	9.075121090831556e-05	9.075121090831556e-05	9.075121090831556e-05	9.075121090831556e-05	9.075121090831556e-05	9.075121090831556e-05	9.075121090831556e-05	9.075121090831556e-05	9.075121090831556e-05	9.075121090831556e-05	9.075121090831556e-05	9.075121090831556e-05	9.075121090831556e-05
21	6.333574035828418e-05	6.333574035828418e-05	6.333574035828418e-05	6.333574035828418e-05	6.333574035828418e-05	6.333574035828418e-05	6.333574035828418e-05	6.333574035828418e-05	6.333574035828418e-05	6.333574035828418e-05	6.333574035828418e-05	6.333574035828418e-05	6.333574035828418e-05	6.333574035828418e-05	6.333574035828418e-05	6.333574035828418e-05
22	4.1123205825047075e-05	4.1123205825047075e-05	4.1123205825047075e-05	4.1123205825047075e-05	4.1123205825047075e-05	4.1123205825047075e-05	4.1123205825047075e-05	4.1123205825047075e-05	4.1123205825047075e-05	4.1123205825047075e-05	4.1123205825047075e-05	4.1123205825047075e-05	4.1123205825047075e-05	4.1123205825047075e-05	4.1123205825047075e-05	4.1123205825047075e-05
23	2.4613889617911397e-05	2.4613889617911397e-05	2.4613889617911397e-05	2.4613889617911397e-05	2.4613889617911397e-05	2.4613889617911397e-05	2.4613889617911397e-05	2.4613889617911397e-05	2.4613889617911397e-05	2.4613889617911397e-05	2.4613889617911397e-05	2.4613889617911397e-05	2.4613889617911397e-05	2.4613889617911397e-05	2.4613889617911397e-05	2.4613889617911397e-05
24	8.084562118403415e-06	8.084562118403415e-06	8.084562118403415e-06	8.084562118403415e-06	8.084562118403415e-06	8.084562118403415e-06	8.084562118403415e-06	8.084562118403415e-06	8.084562118403415e-06	8.084562118403415e-06	8.084562118403415e-06	8.084562118403415e-06	8.084562118403415e-06	8.084562118403415e-06	8.084562118403415e-06	8.084562118403415e-06
["C5",*,*] : 	1	2	3	4	5	6	7	8	9	10	11	12	13	14	15	16 := 
1	6.773822468018703e-06	6.773822468018703e-06	6.773822468018703e-06	6.773822468018703e-06	6.773822468018703e-06	6.773822468018703e-06	6.773822468018703e-06	6.773822468018703e-06	6.773822468018703e-06	6.773822468018703e-06	6.773822468018703e-06	6.773822468018703e-06	6.773822468018703e-06	6.773822468018703e-06	6.773822468018703e-06	6.773822468018703e-06
2	3.7521173198035656e-06	3.7521173198035656e-06	3.7521173198035656e-06	3.7521173198035656e-06	3.7521173198035656e-06	3.7521173198035656e-06	3.7521173198035656e-06	3.7521173198035656e-06	3.7521173198035656e-06	3.7521173198035656e-06	3.7521173198035656e-06	3.7521173198035656e-06	3.7521173198035656e-06	3.7521173198035656e-06	3.7521173198035656e-06	3.7521173198035656e-06
3	2.381343792301996e-06	2.381343792301996e-06	2.381343792301996e-06	2.381343792301996e-06	2.381343792301996e-06	2.381343792301996e-06	2.381343792301996e-06	2.381343792301996e-06	2.381343792301996e-06	2.381343792301996e-06	2.381343792301996e-06	2.381343792301996e-06	2.381343792301996e-06	2.381343792301996e-06	2.381343792301996e-06	2.381343792301996e-06
4	8.304686334498558e-06	8.304686334498558e-06	8.304686334498558e-06	8.304686334498558e-06	8.304686334498558e-06	8.304686334498558e-06	8.304686334498558e-06	8.304686334498558e-06	8.304686334498558e-06	8.304686334498558e-06	8.304686334498558e-06	8.304686334498558e-06	8.304686334498558e-06	8.304686334498558e-06	8.304686334498558e-06	8.304686334498558e-06
5	2.491405900349567e-05	2.491405900349567e-05	2.491405900349567e-05	2.491405900349567e-05	2.491405900349567e-05	2.491405900349567e-05	2.491405900349567e-05	2.491405900349567e-05	2.491405900349567e-05	2.491405900349567e-05	2.491405900349567e-05	2.491405900349567e-05	2.491405900349567e-05	2.491405900349567e-05	2.491405900349567e-05	2.491405900349567e-05
6	6.93391280699699e-05	6.93391280699699e-05	6.93391280699699e-05	6.93391280699699e-05	6.93391280699699e-05	6.93391280699699e-05	6.93391280699699e-05	6.93391280699699e-05	6.93391280699699e-05	6.93391280699699e-05	6.93391280699699e-05	6.93391280699699e-05	6.93391280699699e-05	6.93391280699699e-05	6.93391280699699e-05	6.93391280699699e-05
7	0.00014308074046179997	0.00014308074046179997	0.00014308074046179997	0.00014308074046179997	0.00014308074046179997	0.00014308074046179997	0.00014308074046179997	0.00014308074046179997	0.00014308074046179997	0.00014308074046179997	0.00014308074046179997	0.00014308074046179997	0.00014308074046179997	0.00014308074046179997	0.00014308074046179997	0.00014308074046179997
8	0.00019010727753669996	0.00019010727753669996	0.00019010727753669996	0.00019010727753669996	0.00019010727753669996	0.00019010727753669996	0.00019010727753669996	0.00019010727753669996	0.00019010727753669996	0.00019010727753669996	0.00019010727753669996	0.00019010727753669996	0.00019010727753669996	0.00019010727753669996	0.00019010727753669996	0.00019010727753669996
9	0.00016809485592709998	0.00016809485592709998	0.00016809485592709998	0.00016809485592709998	0.00016809485592709998	0.00016809485592709998	0.00016809485592709998	0.00016809485592709998	0.00016809485592709998	0.00016809485592709998	0.00016809485592709998	0.00016809485592709998	0.00016809485592709998	0.00016809485592709998	0.00016809485592709998	0.00016809485592709998
10	0.00016509316207129998	0.00016509316207129998	0.00016509316207129998	0.00016509316207129998	0.00016509316207129998	0.00016509316207129998	0.00016509316207129998	0.00016509316207129998	0.00016509316207129998	0.00016509316207129998	0.00016509316207129998	0.00016509316207129998	0.00016509316207129998	0.00016509316207129998	0.00016509316207129998	0.00016509316207129998
11	0.00017910106673189999	0.00017910106673189999	0.00017910106673189999	0.00017910106673189999	0.00017910106673189999	0.00017910106673189999	0.00017910106673189999	0.00017910106673189999	0.00017910106673189999	0.00017910106673189999	0.00017910106673189999	0.00017910106673189999	0.00017910106673189999	0.00017910106673189999	0.00017910106673189999	0.00017910106673189999
12	0.00019611066524829996	0.00019611066524829996	0.00019611066524829996	0.00019611066524829996	0.00019611066524829996	0.00019611066524829996	0.00019611066524829996	0.00019611066524829996	0.00019611066524829996	0.00019611066524829996	0.00019611066524829996	0.00019611066524829996	0.00019611066524829996	0.00019611066524829996	0.00019611066524829996	0.00019611066524829996
13	0.00019511010062969996	0.00019511010062969996	0.00019511010062969996	0.00019511010062969996	0.00019511010062969996	0.00019511010062969996	0.00019511010062969996	0.00019511010062969996	0.00019511010062969996	0.00019511010062969996	0.00019511010062969996	0.00019511010062969996	0.00019511010062969996	0.00019511010062969996	0.00019511010062969996	0.00019511010062969996
14	0.00018510445444359997	0.00018510445444359997	0.00018510445444359997	0.00018510445444359997	0.00018510445444359997	0.00018510445444359997	0.00018510445444359997	0.00018510445444359997	0.00018510445444359997	0.00018510445444359997	0.00018510445444359997	0.00018510445444359997	0.00018510445444359997	0.00018510445444359997	0.00018510445444359997	0.00018510445444359997
15	0.00019911235910419998	0.00019911235910419998	0.00019911235910419998	0.00019911235910419998	0.00019911235910419998	0.00019911235910419998	0.00019911235910419998	0.00019911235910419998	0.00019911235910419998	0.00019911235910419998	0.00019911235910419998	0.00019911235910419998	0.00019911235910419998	0.00019911235910419998	0.00019911235910419998	0.00019911235910419998
16	0.00021612195762059998	0.00021612195762059998	0.00021612195762059998	0.00021612195762059998	0.00021612195762059998	0.00021612195762059998	0.00021612195762059998	0.00021612195762059998	0.00021612195762059998	0.00021612195762059998	0.00021612195762059998	0.00021612195762059998	0.00021612195762059998	0.00021612195762059998	0.00021612195762059998	0.00021612195762059998
17	0.00022412647456949996	0.00022412647456949996	0.00022412647456949996	0.00022412647456949996	0.00022412647456949996	0.00022412647456949996	0.00022412647456949996	0.00022412647456949996	0.00022412647456949996	0.00022412647456949996	0.00022412647456949996	0.00022412647456949996	0.00022412647456949996	0.00022412647456949996	0.00022412647456949996	0.00022412647456949996
18	0.00019811179448559998	0.00019811179448559998	0.00019811179448559998	0.00019811179448559998	0.00019811179448559998	0.00019811179448559998	0.00019811179448559998	0.00019811179448559998	0.00019811179448559998	0.00019811179448559998	0.00019811179448559998	0.00019811179448559998	0.00019811179448559998	0.00019811179448559998	0.00019811179448559998	0.00019811179448559998
19	0.00013707735275009998	0.00013707735275009998	0.00013707735275009998	0.00013707735275009998	0.00013707735275009998	0.00013707735275009998	0.00013707735275009998	0.00013707735275009998	0.00013707735275009998	0.00013707735275009998	0.00013707735275009998	0.00013707735275009998	0.00013707735275009998	0.00013707735275009998	0.00013707735275009998	0.00013707735275009998
20	9.075121090831556e-05	9.075121090831556e-05	9.075121090831556e-05	9.075121090831556e-05	9.075121090831556e-05	9.075121090831556e-05	9.075121090831556e-05	9.075121090831556e-05	9.075121090831556e-05	9.075121090831556e-05	9.075121090831556e-05	9.075121090831556e-05	9.075121090831556e-05	9.075121090831556e-05	9.075121090831556e-05	9.075121090831556e-05
21	6.333574035828418e-05	6.333574035828418e-05	6.333574035828418e-05	6.333574035828418e-05	6.333574035828418e-05	6.333574035828418e-05	6.333574035828418e-05	6.333574035828418e-05	6.333574035828418e-05	6.333574035828418e-05	6.333574035828418e-05	6.333574035828418e-05	6.333574035828418e-05	6.333574035828418e-05	6.333574035828418e-05	6.333574035828418e-05
22	4.1123205825047075e-05	4.1123205825047075e-05	4.1123205825047075e-05	4.1123205825047075e-05	4.1123205825047075e-05	4.1123205825047075e-05	4.1123205825047075e-05	4.1123205825047075e-05	4.1123205825047075e-05	4.1123205825047075e-05	4.1123205825047075e-05	4.1123205825047075e-05	4.1123205825047075e-05	4.1123205825047075e-05	4.1123205825047075e-05	4.1123205825047075e-05
23	2.4613889617911397e-05	2.4613889617911397e-05	2.4613889617911397e-05	2.4613889617911397e-05	2.4613889617911397e-05	2.4613889617911397e-05	2.4613889617911397e-05	2.4613889617911397e-05	2.4613889617911397e-05	2.4613889617911397e-05	2.4613889617911397e-05	2.4613889617911397e-05	2.4613889617911397e-05	2.4613889617911397e-05	2.4613889617911397e-05	2.4613889617911397e-05
24	8.084562118403415e-06	8.084562118403415e-06	8.084562118403415e-06	8.084562118403415e-06	8.084562118403415e-06	8.084562118403415e-06	8.084562118403415e-06	8.084562118403415e-06	8.084562118403415e-06	8.084562118403415e-06	8.084562118403415e-06	8.084562118403415e-06	8.084562118403415e-06	8.084562118403415e-06	8.084562118403415e-06	8.084562118403415e-06
;
  
 param  mob_freight_time_series  := 
["C1",*,*] : 	1	2	3	4	5	6	7	8	9	10	11	12	13	14	15	16 := 
1	0.00011415525114150003	0.00011415525114150003	0.00011415525114150003	0.00011415525114150003	0.00011415525114150003	0.00011415525114150003	0.00011415525114150003	0.00011415525114150003	0.00011415525114150003	0.00011415525114150003	0.00011415525114150003	0.00011415525114150003	0.00011415525114150003	0.00011415525114150003	0.00011415525114150003	0.00011415525114150003
2	0.00011415525114150003	0.00011415525114150003	0.00011415525114150003	0.00011415525114150003	0.00011415525114150003	0.00011415525114150003	0.00011415525114150003	0.00011415525114150003	0.00011415525114150003	0.00011415525114150003	0.00011415525114150003	0.00011415525114150003	0.00011415525114150003	0.00011415525114150003	0.00011415525114150003	0.00011415525114150003
3	0.00011415525114150003	0.00011415525114150003	0.00011415525114150003	0.00011415525114150003	0.00011415525114150003	0.00011415525114150003	0.00011415525114150003	0.00011415525114150003	0.00011415525114150003	0.00011415525114150003	0.00011415525114150003	0.00011415525114150003	0.00011415525114150003	0.00011415525114150003	0.00011415525114150003	0.00011415525114150003
4	0.00011415525114150003	0.00011415525114150003	0.00011415525114150003	0.00011415525114150003	0.00011415525114150003	0.00011415525114150003	0.00011415525114150003	0.00011415525114150003	0.00011415525114150003	0.00011415525114150003	0.00011415525114150003	0.00011415525114150003	0.00011415525114150003	0.00011415525114150003	0.00011415525114150003	0.00011415525114150003
5	0.00011415525114150003	0.00011415525114150003	0.00011415525114150003	0.00011415525114150003	0.00011415525114150003	0.00011415525114150003	0.00011415525114150003	0.00011415525114150003	0.00011415525114150003	0.00011415525114150003	0.00011415525114150003	0.00011415525114150003	0.00011415525114150003	0.00011415525114150003	0.00011415525114150003	0.00011415525114150003
6	0.00011415525114150003	0.00011415525114150003	0.00011415525114150003	0.00011415525114150003	0.00011415525114150003	0.00011415525114150003	0.00011415525114150003	0.00011415525114150003	0.00011415525114150003	0.00011415525114150003	0.00011415525114150003	0.00011415525114150003	0.00011415525114150003	0.00011415525114150003	0.00011415525114150003	0.00011415525114150003
7	0.00011415525114150003	0.00011415525114150003	0.00011415525114150003	0.00011415525114150003	0.00011415525114150003	0.00011415525114150003	0.00011415525114150003	0.00011415525114150003	0.00011415525114150003	0.00011415525114150003	0.00011415525114150003	0.00011415525114150003	0.00011415525114150003	0.00011415525114150003	0.00011415525114150003	0.00011415525114150003
8	0.00011415525114150003	0.00011415525114150003	0.00011415525114150003	0.00011415525114150003	0.00011415525114150003	0.00011415525114150003	0.00011415525114150003	0.00011415525114150003	0.00011415525114150003	0.00011415525114150003	0.00011415525114150003	0.00011415525114150003	0.00011415525114150003	0.00011415525114150003	0.00011415525114150003	0.00011415525114150003
9	0.00011415525114150003	0.00011415525114150003	0.00011415525114150003	0.00011415525114150003	0.00011415525114150003	0.00011415525114150003	0.00011415525114150003	0.00011415525114150003	0.00011415525114150003	0.00011415525114150003	0.00011415525114150003	0.00011415525114150003	0.00011415525114150003	0.00011415525114150003	0.00011415525114150003	0.00011415525114150003
10	0.00011415525114150003	0.00011415525114150003	0.00011415525114150003	0.00011415525114150003	0.00011415525114150003	0.00011415525114150003	0.00011415525114150003	0.00011415525114150003	0.00011415525114150003	0.00011415525114150003	0.00011415525114150003	0.00011415525114150003	0.00011415525114150003	0.00011415525114150003	0.00011415525114150003	0.00011415525114150003
11	0.00011415525114150003	0.00011415525114150003	0.00011415525114150003	0.00011415525114150003	0.00011415525114150003	0.00011415525114150003	0.00011415525114150003	0.00011415525114150003	0.00011415525114150003	0.00011415525114150003	0.00011415525114150003	0.00011415525114150003	0.00011415525114150003	0.00011415525114150003	0.00011415525114150003	0.00011415525114150003
12	0.00011415525114150003	0.00011415525114150003	0.00011415525114150003	0.00011415525114150003	0.00011415525114150003	0.00011415525114150003	0.00011415525114150003	0.00011415525114150003	0.00011415525114150003	0.00011415525114150003	0.00011415525114150003	0.00011415525114150003	0.00011415525114150003	0.00011415525114150003	0.00011415525114150003	0.00011415525114150003
13	0.00011415525114150003	0.00011415525114150003	0.00011415525114150003	0.00011415525114150003	0.00011415525114150003	0.00011415525114150003	0.00011415525114150003	0.00011415525114150003	0.00011415525114150003	0.00011415525114150003	0.00011415525114150003	0.00011415525114150003	0.00011415525114150003	0.00011415525114150003	0.00011415525114150003	0.00011415525114150003
14	0.00011415525114150003	0.00011415525114150003	0.00011415525114150003	0.00011415525114150003	0.00011415525114150003	0.00011415525114150003	0.00011415525114150003	0.00011415525114150003	0.00011415525114150003	0.00011415525114150003	0.00011415525114150003	0.00011415525114150003	0.00011415525114150003	0.00011415525114150003	0.00011415525114150003	0.00011415525114150003
15	0.00011415525114150003	0.00011415525114150003	0.00011415525114150003	0.00011415525114150003	0.00011415525114150003	0.00011415525114150003	0.00011415525114150003	0.00011415525114150003	0.00011415525114150003	0.00011415525114150003	0.00011415525114150003	0.00011415525114150003	0.00011415525114150003	0.00011415525114150003	0.00011415525114150003	0.00011415525114150003
16	0.00011415525114150003	0.00011415525114150003	0.00011415525114150003	0.00011415525114150003	0.00011415525114150003	0.00011415525114150003	0.00011415525114150003	0.00011415525114150003	0.00011415525114150003	0.00011415525114150003	0.00011415525114150003	0.00011415525114150003	0.00011415525114150003	0.00011415525114150003	0.00011415525114150003	0.00011415525114150003
17	0.00011415525114150003	0.00011415525114150003	0.00011415525114150003	0.00011415525114150003	0.00011415525114150003	0.00011415525114150003	0.00011415525114150003	0.00011415525114150003	0.00011415525114150003	0.00011415525114150003	0.00011415525114150003	0.00011415525114150003	0.00011415525114150003	0.00011415525114150003	0.00011415525114150003	0.00011415525114150003
18	0.00011415525114150003	0.00011415525114150003	0.00011415525114150003	0.00011415525114150003	0.00011415525114150003	0.00011415525114150003	0.00011415525114150003	0.00011415525114150003	0.00011415525114150003	0.00011415525114150003	0.00011415525114150003	0.00011415525114150003	0.00011415525114150003	0.00011415525114150003	0.00011415525114150003	0.00011415525114150003
19	0.00011415525114150003	0.00011415525114150003	0.00011415525114150003	0.00011415525114150003	0.00011415525114150003	0.00011415525114150003	0.00011415525114150003	0.00011415525114150003	0.00011415525114150003	0.00011415525114150003	0.00011415525114150003	0.00011415525114150003	0.00011415525114150003	0.00011415525114150003	0.00011415525114150003	0.00011415525114150003
20	0.00011415525114150003	0.00011415525114150003	0.00011415525114150003	0.00011415525114150003	0.00011415525114150003	0.00011415525114150003	0.00011415525114150003	0.00011415525114150003	0.00011415525114150003	0.00011415525114150003	0.00011415525114150003	0.00011415525114150003	0.00011415525114150003	0.00011415525114150003	0.00011415525114150003	0.00011415525114150003
21	0.00011415525114150003	0.00011415525114150003	0.00011415525114150003	0.00011415525114150003	0.00011415525114150003	0.00011415525114150003	0.00011415525114150003	0.00011415525114150003	0.00011415525114150003	0.00011415525114150003	0.00011415525114150003	0.00011415525114150003	0.00011415525114150003	0.00011415525114150003	0.00011415525114150003	0.00011415525114150003
22	0.00011415525114150003	0.00011415525114150003	0.00011415525114150003	0.00011415525114150003	0.00011415525114150003	0.00011415525114150003	0.00011415525114150003	0.00011415525114150003	0.00011415525114150003	0.00011415525114150003	0.00011415525114150003	0.00011415525114150003	0.00011415525114150003	0.00011415525114150003	0.00011415525114150003	0.00011415525114150003
23	0.00011415525114150003	0.00011415525114150003	0.00011415525114150003	0.00011415525114150003	0.00011415525114150003	0.00011415525114150003	0.00011415525114150003	0.00011415525114150003	0.00011415525114150003	0.00011415525114150003	0.00011415525114150003	0.00011415525114150003	0.00011415525114150003	0.00011415525114150003	0.00011415525114150003	0.00011415525114150003
24	0.00011415525114150003	0.00011415525114150003	0.00011415525114150003	0.00011415525114150003	0.00011415525114150003	0.00011415525114150003	0.00011415525114150003	0.00011415525114150003	0.00011415525114150003	0.00011415525114150003	0.00011415525114150003	0.00011415525114150003	0.00011415525114150003	0.00011415525114150003	0.00011415525114150003	0.00011415525114150003
["C2",*,*] : 	1	2	3	4	5	6	7	8	9	10	11	12	13	14	15	16 := 
1	0.00011415525114150003	0.00011415525114150003	0.00011415525114150003	0.00011415525114150003	0.00011415525114150003	0.00011415525114150003	0.00011415525114150003	0.00011415525114150003	0.00011415525114150003	0.00011415525114150003	0.00011415525114150003	0.00011415525114150003	0.00011415525114150003	0.00011415525114150003	0.00011415525114150003	0.00011415525114150003
2	0.00011415525114150003	0.00011415525114150003	0.00011415525114150003	0.00011415525114150003	0.00011415525114150003	0.00011415525114150003	0.00011415525114150003	0.00011415525114150003	0.00011415525114150003	0.00011415525114150003	0.00011415525114150003	0.00011415525114150003	0.00011415525114150003	0.00011415525114150003	0.00011415525114150003	0.00011415525114150003
3	0.00011415525114150003	0.00011415525114150003	0.00011415525114150003	0.00011415525114150003	0.00011415525114150003	0.00011415525114150003	0.00011415525114150003	0.00011415525114150003	0.00011415525114150003	0.00011415525114150003	0.00011415525114150003	0.00011415525114150003	0.00011415525114150003	0.00011415525114150003	0.00011415525114150003	0.00011415525114150003
4	0.00011415525114150003	0.00011415525114150003	0.00011415525114150003	0.00011415525114150003	0.00011415525114150003	0.00011415525114150003	0.00011415525114150003	0.00011415525114150003	0.00011415525114150003	0.00011415525114150003	0.00011415525114150003	0.00011415525114150003	0.00011415525114150003	0.00011415525114150003	0.00011415525114150003	0.00011415525114150003
5	0.00011415525114150003	0.00011415525114150003	0.00011415525114150003	0.00011415525114150003	0.00011415525114150003	0.00011415525114150003	0.00011415525114150003	0.00011415525114150003	0.00011415525114150003	0.00011415525114150003	0.00011415525114150003	0.00011415525114150003	0.00011415525114150003	0.00011415525114150003	0.00011415525114150003	0.00011415525114150003
6	0.00011415525114150003	0.00011415525114150003	0.00011415525114150003	0.00011415525114150003	0.00011415525114150003	0.00011415525114150003	0.00011415525114150003	0.00011415525114150003	0.00011415525114150003	0.00011415525114150003	0.00011415525114150003	0.00011415525114150003	0.00011415525114150003	0.00011415525114150003	0.00011415525114150003	0.00011415525114150003
7	0.00011415525114150003	0.00011415525114150003	0.00011415525114150003	0.00011415525114150003	0.00011415525114150003	0.00011415525114150003	0.00011415525114150003	0.00011415525114150003	0.00011415525114150003	0.00011415525114150003	0.00011415525114150003	0.00011415525114150003	0.00011415525114150003	0.00011415525114150003	0.00011415525114150003	0.00011415525114150003
8	0.00011415525114150003	0.00011415525114150003	0.00011415525114150003	0.00011415525114150003	0.00011415525114150003	0.00011415525114150003	0.00011415525114150003	0.00011415525114150003	0.00011415525114150003	0.00011415525114150003	0.00011415525114150003	0.00011415525114150003	0.00011415525114150003	0.00011415525114150003	0.00011415525114150003	0.00011415525114150003
9	0.00011415525114150003	0.00011415525114150003	0.00011415525114150003	0.00011415525114150003	0.00011415525114150003	0.00011415525114150003	0.00011415525114150003	0.00011415525114150003	0.00011415525114150003	0.00011415525114150003	0.00011415525114150003	0.00011415525114150003	0.00011415525114150003	0.00011415525114150003	0.00011415525114150003	0.00011415525114150003
10	0.00011415525114150003	0.00011415525114150003	0.00011415525114150003	0.00011415525114150003	0.00011415525114150003	0.00011415525114150003	0.00011415525114150003	0.00011415525114150003	0.00011415525114150003	0.00011415525114150003	0.00011415525114150003	0.00011415525114150003	0.00011415525114150003	0.00011415525114150003	0.00011415525114150003	0.00011415525114150003
11	0.00011415525114150003	0.00011415525114150003	0.00011415525114150003	0.00011415525114150003	0.00011415525114150003	0.00011415525114150003	0.00011415525114150003	0.00011415525114150003	0.00011415525114150003	0.00011415525114150003	0.00011415525114150003	0.00011415525114150003	0.00011415525114150003	0.00011415525114150003	0.00011415525114150003	0.00011415525114150003
12	0.00011415525114150003	0.00011415525114150003	0.00011415525114150003	0.00011415525114150003	0.00011415525114150003	0.00011415525114150003	0.00011415525114150003	0.00011415525114150003	0.00011415525114150003	0.00011415525114150003	0.00011415525114150003	0.00011415525114150003	0.00011415525114150003	0.00011415525114150003	0.00011415525114150003	0.00011415525114150003
13	0.00011415525114150003	0.00011415525114150003	0.00011415525114150003	0.00011415525114150003	0.00011415525114150003	0.00011415525114150003	0.00011415525114150003	0.00011415525114150003	0.00011415525114150003	0.00011415525114150003	0.00011415525114150003	0.00011415525114150003	0.00011415525114150003	0.00011415525114150003	0.00011415525114150003	0.00011415525114150003
14	0.00011415525114150003	0.00011415525114150003	0.00011415525114150003	0.00011415525114150003	0.00011415525114150003	0.00011415525114150003	0.00011415525114150003	0.00011415525114150003	0.00011415525114150003	0.00011415525114150003	0.00011415525114150003	0.00011415525114150003	0.00011415525114150003	0.00011415525114150003	0.00011415525114150003	0.00011415525114150003
15	0.00011415525114150003	0.00011415525114150003	0.00011415525114150003	0.00011415525114150003	0.00011415525114150003	0.00011415525114150003	0.00011415525114150003	0.00011415525114150003	0.00011415525114150003	0.00011415525114150003	0.00011415525114150003	0.00011415525114150003	0.00011415525114150003	0.00011415525114150003	0.00011415525114150003	0.00011415525114150003
16	0.00011415525114150003	0.00011415525114150003	0.00011415525114150003	0.00011415525114150003	0.00011415525114150003	0.00011415525114150003	0.00011415525114150003	0.00011415525114150003	0.00011415525114150003	0.00011415525114150003	0.00011415525114150003	0.00011415525114150003	0.00011415525114150003	0.00011415525114150003	0.00011415525114150003	0.00011415525114150003
17	0.00011415525114150003	0.00011415525114150003	0.00011415525114150003	0.00011415525114150003	0.00011415525114150003	0.00011415525114150003	0.00011415525114150003	0.00011415525114150003	0.00011415525114150003	0.00011415525114150003	0.00011415525114150003	0.00011415525114150003	0.00011415525114150003	0.00011415525114150003	0.00011415525114150003	0.00011415525114150003
18	0.00011415525114150003	0.00011415525114150003	0.00011415525114150003	0.00011415525114150003	0.00011415525114150003	0.00011415525114150003	0.00011415525114150003	0.00011415525114150003	0.00011415525114150003	0.00011415525114150003	0.00011415525114150003	0.00011415525114150003	0.00011415525114150003	0.00011415525114150003	0.00011415525114150003	0.00011415525114150003
19	0.00011415525114150003	0.00011415525114150003	0.00011415525114150003	0.00011415525114150003	0.00011415525114150003	0.00011415525114150003	0.00011415525114150003	0.00011415525114150003	0.00011415525114150003	0.00011415525114150003	0.00011415525114150003	0.00011415525114150003	0.00011415525114150003	0.00011415525114150003	0.00011415525114150003	0.00011415525114150003
20	0.00011415525114150003	0.00011415525114150003	0.00011415525114150003	0.00011415525114150003	0.00011415525114150003	0.00011415525114150003	0.00011415525114150003	0.00011415525114150003	0.00011415525114150003	0.00011415525114150003	0.00011415525114150003	0.00011415525114150003	0.00011415525114150003	0.00011415525114150003	0.00011415525114150003	0.00011415525114150003
21	0.00011415525114150003	0.00011415525114150003	0.00011415525114150003	0.00011415525114150003	0.00011415525114150003	0.00011415525114150003	0.00011415525114150003	0.00011415525114150003	0.00011415525114150003	0.00011415525114150003	0.00011415525114150003	0.00011415525114150003	0.00011415525114150003	0.00011415525114150003	0.00011415525114150003	0.00011415525114150003
22	0.00011415525114150003	0.00011415525114150003	0.00011415525114150003	0.00011415525114150003	0.00011415525114150003	0.00011415525114150003	0.00011415525114150003	0.00011415525114150003	0.00011415525114150003	0.00011415525114150003	0.00011415525114150003	0.00011415525114150003	0.00011415525114150003	0.00011415525114150003	0.00011415525114150003	0.00011415525114150003
23	0.00011415525114150003	0.00011415525114150003	0.00011415525114150003	0.00011415525114150003	0.00011415525114150003	0.00011415525114150003	0.00011415525114150003	0.00011415525114150003	0.00011415525114150003	0.00011415525114150003	0.00011415525114150003	0.00011415525114150003	0.00011415525114150003	0.00011415525114150003	0.00011415525114150003	0.00011415525114150003
24	0.00011415525114150003	0.00011415525114150003	0.00011415525114150003	0.00011415525114150003	0.00011415525114150003	0.00011415525114150003	0.00011415525114150003	0.00011415525114150003	0.00011415525114150003	0.00011415525114150003	0.00011415525114150003	0.00011415525114150003	0.00011415525114150003	0.00011415525114150003	0.00011415525114150003	0.00011415525114150003
["C3",*,*] : 	1	2	3	4	5	6	7	8	9	10	11	12	13	14	15	16 := 
1	0.00011415525114150003	0.00011415525114150003	0.00011415525114150003	0.00011415525114150003	0.00011415525114150003	0.00011415525114150003	0.00011415525114150003	0.00011415525114150003	0.00011415525114150003	0.00011415525114150003	0.00011415525114150003	0.00011415525114150003	0.00011415525114150003	0.00011415525114150003	0.00011415525114150003	0.00011415525114150003
2	0.00011415525114150003	0.00011415525114150003	0.00011415525114150003	0.00011415525114150003	0.00011415525114150003	0.00011415525114150003	0.00011415525114150003	0.00011415525114150003	0.00011415525114150003	0.00011415525114150003	0.00011415525114150003	0.00011415525114150003	0.00011415525114150003	0.00011415525114150003	0.00011415525114150003	0.00011415525114150003
3	0.00011415525114150003	0.00011415525114150003	0.00011415525114150003	0.00011415525114150003	0.00011415525114150003	0.00011415525114150003	0.00011415525114150003	0.00011415525114150003	0.00011415525114150003	0.00011415525114150003	0.00011415525114150003	0.00011415525114150003	0.00011415525114150003	0.00011415525114150003	0.00011415525114150003	0.00011415525114150003
4	0.00011415525114150003	0.00011415525114150003	0.00011415525114150003	0.00011415525114150003	0.00011415525114150003	0.00011415525114150003	0.00011415525114150003	0.00011415525114150003	0.00011415525114150003	0.00011415525114150003	0.00011415525114150003	0.00011415525114150003	0.00011415525114150003	0.00011415525114150003	0.00011415525114150003	0.00011415525114150003
5	0.00011415525114150003	0.00011415525114150003	0.00011415525114150003	0.00011415525114150003	0.00011415525114150003	0.00011415525114150003	0.00011415525114150003	0.00011415525114150003	0.00011415525114150003	0.00011415525114150003	0.00011415525114150003	0.00011415525114150003	0.00011415525114150003	0.00011415525114150003	0.00011415525114150003	0.00011415525114150003
6	0.00011415525114150003	0.00011415525114150003	0.00011415525114150003	0.00011415525114150003	0.00011415525114150003	0.00011415525114150003	0.00011415525114150003	0.00011415525114150003	0.00011415525114150003	0.00011415525114150003	0.00011415525114150003	0.00011415525114150003	0.00011415525114150003	0.00011415525114150003	0.00011415525114150003	0.00011415525114150003
7	0.00011415525114150003	0.00011415525114150003	0.00011415525114150003	0.00011415525114150003	0.00011415525114150003	0.00011415525114150003	0.00011415525114150003	0.00011415525114150003	0.00011415525114150003	0.00011415525114150003	0.00011415525114150003	0.00011415525114150003	0.00011415525114150003	0.00011415525114150003	0.00011415525114150003	0.00011415525114150003
8	0.00011415525114150003	0.00011415525114150003	0.00011415525114150003	0.00011415525114150003	0.00011415525114150003	0.00011415525114150003	0.00011415525114150003	0.00011415525114150003	0.00011415525114150003	0.00011415525114150003	0.00011415525114150003	0.00011415525114150003	0.00011415525114150003	0.00011415525114150003	0.00011415525114150003	0.00011415525114150003
9	0.00011415525114150003	0.00011415525114150003	0.00011415525114150003	0.00011415525114150003	0.00011415525114150003	0.00011415525114150003	0.00011415525114150003	0.00011415525114150003	0.00011415525114150003	0.00011415525114150003	0.00011415525114150003	0.00011415525114150003	0.00011415525114150003	0.00011415525114150003	0.00011415525114150003	0.00011415525114150003
10	0.00011415525114150003	0.00011415525114150003	0.00011415525114150003	0.00011415525114150003	0.00011415525114150003	0.00011415525114150003	0.00011415525114150003	0.00011415525114150003	0.00011415525114150003	0.00011415525114150003	0.00011415525114150003	0.00011415525114150003	0.00011415525114150003	0.00011415525114150003	0.00011415525114150003	0.00011415525114150003
11	0.00011415525114150003	0.00011415525114150003	0.00011415525114150003	0.00011415525114150003	0.00011415525114150003	0.00011415525114150003	0.00011415525114150003	0.00011415525114150003	0.00011415525114150003	0.00011415525114150003	0.00011415525114150003	0.00011415525114150003	0.00011415525114150003	0.00011415525114150003	0.00011415525114150003	0.00011415525114150003
12	0.00011415525114150003	0.00011415525114150003	0.00011415525114150003	0.00011415525114150003	0.00011415525114150003	0.00011415525114150003	0.00011415525114150003	0.00011415525114150003	0.00011415525114150003	0.00011415525114150003	0.00011415525114150003	0.00011415525114150003	0.00011415525114150003	0.00011415525114150003	0.00011415525114150003	0.00011415525114150003
13	0.00011415525114150003	0.00011415525114150003	0.00011415525114150003	0.00011415525114150003	0.00011415525114150003	0.00011415525114150003	0.00011415525114150003	0.00011415525114150003	0.00011415525114150003	0.00011415525114150003	0.00011415525114150003	0.00011415525114150003	0.00011415525114150003	0.00011415525114150003	0.00011415525114150003	0.00011415525114150003
14	0.00011415525114150003	0.00011415525114150003	0.00011415525114150003	0.00011415525114150003	0.00011415525114150003	0.00011415525114150003	0.00011415525114150003	0.00011415525114150003	0.00011415525114150003	0.00011415525114150003	0.00011415525114150003	0.00011415525114150003	0.00011415525114150003	0.00011415525114150003	0.00011415525114150003	0.00011415525114150003
15	0.00011415525114150003	0.00011415525114150003	0.00011415525114150003	0.00011415525114150003	0.00011415525114150003	0.00011415525114150003	0.00011415525114150003	0.00011415525114150003	0.00011415525114150003	0.00011415525114150003	0.00011415525114150003	0.00011415525114150003	0.00011415525114150003	0.00011415525114150003	0.00011415525114150003	0.00011415525114150003
16	0.00011415525114150003	0.00011415525114150003	0.00011415525114150003	0.00011415525114150003	0.00011415525114150003	0.00011415525114150003	0.00011415525114150003	0.00011415525114150003	0.00011415525114150003	0.00011415525114150003	0.00011415525114150003	0.00011415525114150003	0.00011415525114150003	0.00011415525114150003	0.00011415525114150003	0.00011415525114150003
17	0.00011415525114150003	0.00011415525114150003	0.00011415525114150003	0.00011415525114150003	0.00011415525114150003	0.00011415525114150003	0.00011415525114150003	0.00011415525114150003	0.00011415525114150003	0.00011415525114150003	0.00011415525114150003	0.00011415525114150003	0.00011415525114150003	0.00011415525114150003	0.00011415525114150003	0.00011415525114150003
18	0.00011415525114150003	0.00011415525114150003	0.00011415525114150003	0.00011415525114150003	0.00011415525114150003	0.00011415525114150003	0.00011415525114150003	0.00011415525114150003	0.00011415525114150003	0.00011415525114150003	0.00011415525114150003	0.00011415525114150003	0.00011415525114150003	0.00011415525114150003	0.00011415525114150003	0.00011415525114150003
19	0.00011415525114150003	0.00011415525114150003	0.00011415525114150003	0.00011415525114150003	0.00011415525114150003	0.00011415525114150003	0.00011415525114150003	0.00011415525114150003	0.00011415525114150003	0.00011415525114150003	0.00011415525114150003	0.00011415525114150003	0.00011415525114150003	0.00011415525114150003	0.00011415525114150003	0.00011415525114150003
20	0.00011415525114150003	0.00011415525114150003	0.00011415525114150003	0.00011415525114150003	0.00011415525114150003	0.00011415525114150003	0.00011415525114150003	0.00011415525114150003	0.00011415525114150003	0.00011415525114150003	0.00011415525114150003	0.00011415525114150003	0.00011415525114150003	0.00011415525114150003	0.00011415525114150003	0.00011415525114150003
21	0.00011415525114150003	0.00011415525114150003	0.00011415525114150003	0.00011415525114150003	0.00011415525114150003	0.00011415525114150003	0.00011415525114150003	0.00011415525114150003	0.00011415525114150003	0.00011415525114150003	0.00011415525114150003	0.00011415525114150003	0.00011415525114150003	0.00011415525114150003	0.00011415525114150003	0.00011415525114150003
22	0.00011415525114150003	0.00011415525114150003	0.00011415525114150003	0.00011415525114150003	0.00011415525114150003	0.00011415525114150003	0.00011415525114150003	0.00011415525114150003	0.00011415525114150003	0.00011415525114150003	0.00011415525114150003	0.00011415525114150003	0.00011415525114150003	0.00011415525114150003	0.00011415525114150003	0.00011415525114150003
23	0.00011415525114150003	0.00011415525114150003	0.00011415525114150003	0.00011415525114150003	0.00011415525114150003	0.00011415525114150003	0.00011415525114150003	0.00011415525114150003	0.00011415525114150003	0.00011415525114150003	0.00011415525114150003	0.00011415525114150003	0.00011415525114150003	0.00011415525114150003	0.00011415525114150003	0.00011415525114150003
24	0.00011415525114150003	0.00011415525114150003	0.00011415525114150003	0.00011415525114150003	0.00011415525114150003	0.00011415525114150003	0.00011415525114150003	0.00011415525114150003	0.00011415525114150003	0.00011415525114150003	0.00011415525114150003	0.00011415525114150003	0.00011415525114150003	0.00011415525114150003	0.00011415525114150003	0.00011415525114150003
["C4",*,*] : 	1	2	3	4	5	6	7	8	9	10	11	12	13	14	15	16 := 
1	0.00011415525114150003	0.00011415525114150003	0.00011415525114150003	0.00011415525114150003	0.00011415525114150003	0.00011415525114150003	0.00011415525114150003	0.00011415525114150003	0.00011415525114150003	0.00011415525114150003	0.00011415525114150003	0.00011415525114150003	0.00011415525114150003	0.00011415525114150003	0.00011415525114150003	0.00011415525114150003
2	0.00011415525114150003	0.00011415525114150003	0.00011415525114150003	0.00011415525114150003	0.00011415525114150003	0.00011415525114150003	0.00011415525114150003	0.00011415525114150003	0.00011415525114150003	0.00011415525114150003	0.00011415525114150003	0.00011415525114150003	0.00011415525114150003	0.00011415525114150003	0.00011415525114150003	0.00011415525114150003
3	0.00011415525114150003	0.00011415525114150003	0.00011415525114150003	0.00011415525114150003	0.00011415525114150003	0.00011415525114150003	0.00011415525114150003	0.00011415525114150003	0.00011415525114150003	0.00011415525114150003	0.00011415525114150003	0.00011415525114150003	0.00011415525114150003	0.00011415525114150003	0.00011415525114150003	0.00011415525114150003
4	0.00011415525114150003	0.00011415525114150003	0.00011415525114150003	0.00011415525114150003	0.00011415525114150003	0.00011415525114150003	0.00011415525114150003	0.00011415525114150003	0.00011415525114150003	0.00011415525114150003	0.00011415525114150003	0.00011415525114150003	0.00011415525114150003	0.00011415525114150003	0.00011415525114150003	0.00011415525114150003
5	0.00011415525114150003	0.00011415525114150003	0.00011415525114150003	0.00011415525114150003	0.00011415525114150003	0.00011415525114150003	0.00011415525114150003	0.00011415525114150003	0.00011415525114150003	0.00011415525114150003	0.00011415525114150003	0.00011415525114150003	0.00011415525114150003	0.00011415525114150003	0.00011415525114150003	0.00011415525114150003
6	0.00011415525114150003	0.00011415525114150003	0.00011415525114150003	0.00011415525114150003	0.00011415525114150003	0.00011415525114150003	0.00011415525114150003	0.00011415525114150003	0.00011415525114150003	0.00011415525114150003	0.00011415525114150003	0.00011415525114150003	0.00011415525114150003	0.00011415525114150003	0.00011415525114150003	0.00011415525114150003
7	0.00011415525114150003	0.00011415525114150003	0.00011415525114150003	0.00011415525114150003	0.00011415525114150003	0.00011415525114150003	0.00011415525114150003	0.00011415525114150003	0.00011415525114150003	0.00011415525114150003	0.00011415525114150003	0.00011415525114150003	0.00011415525114150003	0.00011415525114150003	0.00011415525114150003	0.00011415525114150003
8	0.00011415525114150003	0.00011415525114150003	0.00011415525114150003	0.00011415525114150003	0.00011415525114150003	0.00011415525114150003	0.00011415525114150003	0.00011415525114150003	0.00011415525114150003	0.00011415525114150003	0.00011415525114150003	0.00011415525114150003	0.00011415525114150003	0.00011415525114150003	0.00011415525114150003	0.00011415525114150003
9	0.00011415525114150003	0.00011415525114150003	0.00011415525114150003	0.00011415525114150003	0.00011415525114150003	0.00011415525114150003	0.00011415525114150003	0.00011415525114150003	0.00011415525114150003	0.00011415525114150003	0.00011415525114150003	0.00011415525114150003	0.00011415525114150003	0.00011415525114150003	0.00011415525114150003	0.00011415525114150003
10	0.00011415525114150003	0.00011415525114150003	0.00011415525114150003	0.00011415525114150003	0.00011415525114150003	0.00011415525114150003	0.00011415525114150003	0.00011415525114150003	0.00011415525114150003	0.00011415525114150003	0.00011415525114150003	0.00011415525114150003	0.00011415525114150003	0.00011415525114150003	0.00011415525114150003	0.00011415525114150003
11	0.00011415525114150003	0.00011415525114150003	0.00011415525114150003	0.00011415525114150003	0.00011415525114150003	0.00011415525114150003	0.00011415525114150003	0.00011415525114150003	0.00011415525114150003	0.00011415525114150003	0.00011415525114150003	0.00011415525114150003	0.00011415525114150003	0.00011415525114150003	0.00011415525114150003	0.00011415525114150003
12	0.00011415525114150003	0.00011415525114150003	0.00011415525114150003	0.00011415525114150003	0.00011415525114150003	0.00011415525114150003	0.00011415525114150003	0.00011415525114150003	0.00011415525114150003	0.00011415525114150003	0.00011415525114150003	0.00011415525114150003	0.00011415525114150003	0.00011415525114150003	0.00011415525114150003	0.00011415525114150003
13	0.00011415525114150003	0.00011415525114150003	0.00011415525114150003	0.00011415525114150003	0.00011415525114150003	0.00011415525114150003	0.00011415525114150003	0.00011415525114150003	0.00011415525114150003	0.00011415525114150003	0.00011415525114150003	0.00011415525114150003	0.00011415525114150003	0.00011415525114150003	0.00011415525114150003	0.00011415525114150003
14	0.00011415525114150003	0.00011415525114150003	0.00011415525114150003	0.00011415525114150003	0.00011415525114150003	0.00011415525114150003	0.00011415525114150003	0.00011415525114150003	0.00011415525114150003	0.00011415525114150003	0.00011415525114150003	0.00011415525114150003	0.00011415525114150003	0.00011415525114150003	0.00011415525114150003	0.00011415525114150003
15	0.00011415525114150003	0.00011415525114150003	0.00011415525114150003	0.00011415525114150003	0.00011415525114150003	0.00011415525114150003	0.00011415525114150003	0.00011415525114150003	0.00011415525114150003	0.00011415525114150003	0.00011415525114150003	0.00011415525114150003	0.00011415525114150003	0.00011415525114150003	0.00011415525114150003	0.00011415525114150003
16	0.00011415525114150003	0.00011415525114150003	0.00011415525114150003	0.00011415525114150003	0.00011415525114150003	0.00011415525114150003	0.00011415525114150003	0.00011415525114150003	0.00011415525114150003	0.00011415525114150003	0.00011415525114150003	0.00011415525114150003	0.00011415525114150003	0.00011415525114150003	0.00011415525114150003	0.00011415525114150003
17	0.00011415525114150003	0.00011415525114150003	0.00011415525114150003	0.00011415525114150003	0.00011415525114150003	0.00011415525114150003	0.00011415525114150003	0.00011415525114150003	0.00011415525114150003	0.00011415525114150003	0.00011415525114150003	0.00011415525114150003	0.00011415525114150003	0.00011415525114150003	0.00011415525114150003	0.00011415525114150003
18	0.00011415525114150003	0.00011415525114150003	0.00011415525114150003	0.00011415525114150003	0.00011415525114150003	0.00011415525114150003	0.00011415525114150003	0.00011415525114150003	0.00011415525114150003	0.00011415525114150003	0.00011415525114150003	0.00011415525114150003	0.00011415525114150003	0.00011415525114150003	0.00011415525114150003	0.00011415525114150003
19	0.00011415525114150003	0.00011415525114150003	0.00011415525114150003	0.00011415525114150003	0.00011415525114150003	0.00011415525114150003	0.00011415525114150003	0.00011415525114150003	0.00011415525114150003	0.00011415525114150003	0.00011415525114150003	0.00011415525114150003	0.00011415525114150003	0.00011415525114150003	0.00011415525114150003	0.00011415525114150003
20	0.00011415525114150003	0.00011415525114150003	0.00011415525114150003	0.00011415525114150003	0.00011415525114150003	0.00011415525114150003	0.00011415525114150003	0.00011415525114150003	0.00011415525114150003	0.00011415525114150003	0.00011415525114150003	0.00011415525114150003	0.00011415525114150003	0.00011415525114150003	0.00011415525114150003	0.00011415525114150003
21	0.00011415525114150003	0.00011415525114150003	0.00011415525114150003	0.00011415525114150003	0.00011415525114150003	0.00011415525114150003	0.00011415525114150003	0.00011415525114150003	0.00011415525114150003	0.00011415525114150003	0.00011415525114150003	0.00011415525114150003	0.00011415525114150003	0.00011415525114150003	0.00011415525114150003	0.00011415525114150003
22	0.00011415525114150003	0.00011415525114150003	0.00011415525114150003	0.00011415525114150003	0.00011415525114150003	0.00011415525114150003	0.00011415525114150003	0.00011415525114150003	0.00011415525114150003	0.00011415525114150003	0.00011415525114150003	0.00011415525114150003	0.00011415525114150003	0.00011415525114150003	0.00011415525114150003	0.00011415525114150003
23	0.00011415525114150003	0.00011415525114150003	0.00011415525114150003	0.00011415525114150003	0.00011415525114150003	0.00011415525114150003	0.00011415525114150003	0.00011415525114150003	0.00011415525114150003	0.00011415525114150003	0.00011415525114150003	0.00011415525114150003	0.00011415525114150003	0.00011415525114150003	0.00011415525114150003	0.00011415525114150003
24	0.00011415525114150003	0.00011415525114150003	0.00011415525114150003	0.00011415525114150003	0.00011415525114150003	0.00011415525114150003	0.00011415525114150003	0.00011415525114150003	0.00011415525114150003	0.00011415525114150003	0.00011415525114150003	0.00011415525114150003	0.00011415525114150003	0.00011415525114150003	0.00011415525114150003	0.00011415525114150003
["C5",*,*] : 	1	2	3	4	5	6	7	8	9	10	11	12	13	14	15	16 := 
1	0.00011415525114150003	0.00011415525114150003	0.00011415525114150003	0.00011415525114150003	0.00011415525114150003	0.00011415525114150003	0.00011415525114150003	0.00011415525114150003	0.00011415525114150003	0.00011415525114150003	0.00011415525114150003	0.00011415525114150003	0.00011415525114150003	0.00011415525114150003	0.00011415525114150003	0.00011415525114150003
2	0.00011415525114150003	0.00011415525114150003	0.00011415525114150003	0.00011415525114150003	0.00011415525114150003	0.00011415525114150003	0.00011415525114150003	0.00011415525114150003	0.00011415525114150003	0.00011415525114150003	0.00011415525114150003	0.00011415525114150003	0.00011415525114150003	0.00011415525114150003	0.00011415525114150003	0.00011415525114150003
3	0.00011415525114150003	0.00011415525114150003	0.00011415525114150003	0.00011415525114150003	0.00011415525114150003	0.00011415525114150003	0.00011415525114150003	0.00011415525114150003	0.00011415525114150003	0.00011415525114150003	0.00011415525114150003	0.00011415525114150003	0.00011415525114150003	0.00011415525114150003	0.00011415525114150003	0.00011415525114150003
4	0.00011415525114150003	0.00011415525114150003	0.00011415525114150003	0.00011415525114150003	0.00011415525114150003	0.00011415525114150003	0.00011415525114150003	0.00011415525114150003	0.00011415525114150003	0.00011415525114150003	0.00011415525114150003	0.00011415525114150003	0.00011415525114150003	0.00011415525114150003	0.00011415525114150003	0.00011415525114150003
5	0.00011415525114150003	0.00011415525114150003	0.00011415525114150003	0.00011415525114150003	0.00011415525114150003	0.00011415525114150003	0.00011415525114150003	0.00011415525114150003	0.00011415525114150003	0.00011415525114150003	0.00011415525114150003	0.00011415525114150003	0.00011415525114150003	0.00011415525114150003	0.00011415525114150003	0.00011415525114150003
6	0.00011415525114150003	0.00011415525114150003	0.00011415525114150003	0.00011415525114150003	0.00011415525114150003	0.00011415525114150003	0.00011415525114150003	0.00011415525114150003	0.00011415525114150003	0.00011415525114150003	0.00011415525114150003	0.00011415525114150003	0.00011415525114150003	0.00011415525114150003	0.00011415525114150003	0.00011415525114150003
7	0.00011415525114150003	0.00011415525114150003	0.00011415525114150003	0.00011415525114150003	0.00011415525114150003	0.00011415525114150003	0.00011415525114150003	0.00011415525114150003	0.00011415525114150003	0.00011415525114150003	0.00011415525114150003	0.00011415525114150003	0.00011415525114150003	0.00011415525114150003	0.00011415525114150003	0.00011415525114150003
8	0.00011415525114150003	0.00011415525114150003	0.00011415525114150003	0.00011415525114150003	0.00011415525114150003	0.00011415525114150003	0.00011415525114150003	0.00011415525114150003	0.00011415525114150003	0.00011415525114150003	0.00011415525114150003	0.00011415525114150003	0.00011415525114150003	0.00011415525114150003	0.00011415525114150003	0.00011415525114150003
9	0.00011415525114150003	0.00011415525114150003	0.00011415525114150003	0.00011415525114150003	0.00011415525114150003	0.00011415525114150003	0.00011415525114150003	0.00011415525114150003	0.00011415525114150003	0.00011415525114150003	0.00011415525114150003	0.00011415525114150003	0.00011415525114150003	0.00011415525114150003	0.00011415525114150003	0.00011415525114150003
10	0.00011415525114150003	0.00011415525114150003	0.00011415525114150003	0.00011415525114150003	0.00011415525114150003	0.00011415525114150003	0.00011415525114150003	0.00011415525114150003	0.00011415525114150003	0.00011415525114150003	0.00011415525114150003	0.00011415525114150003	0.00011415525114150003	0.00011415525114150003	0.00011415525114150003	0.00011415525114150003
11	0.00011415525114150003	0.00011415525114150003	0.00011415525114150003	0.00011415525114150003	0.00011415525114150003	0.00011415525114150003	0.00011415525114150003	0.00011415525114150003	0.00011415525114150003	0.00011415525114150003	0.00011415525114150003	0.00011415525114150003	0.00011415525114150003	0.00011415525114150003	0.00011415525114150003	0.00011415525114150003
12	0.00011415525114150003	0.00011415525114150003	0.00011415525114150003	0.00011415525114150003	0.00011415525114150003	0.00011415525114150003	0.00011415525114150003	0.00011415525114150003	0.00011415525114150003	0.00011415525114150003	0.00011415525114150003	0.00011415525114150003	0.00011415525114150003	0.00011415525114150003	0.00011415525114150003	0.00011415525114150003
13	0.00011415525114150003	0.00011415525114150003	0.00011415525114150003	0.00011415525114150003	0.00011415525114150003	0.00011415525114150003	0.00011415525114150003	0.00011415525114150003	0.00011415525114150003	0.00011415525114150003	0.00011415525114150003	0.00011415525114150003	0.00011415525114150003	0.00011415525114150003	0.00011415525114150003	0.00011415525114150003
14	0.00011415525114150003	0.00011415525114150003	0.00011415525114150003	0.00011415525114150003	0.00011415525114150003	0.00011415525114150003	0.00011415525114150003	0.00011415525114150003	0.00011415525114150003	0.00011415525114150003	0.00011415525114150003	0.00011415525114150003	0.00011415525114150003	0.00011415525114150003	0.00011415525114150003	0.00011415525114150003
15	0.00011415525114150003	0.00011415525114150003	0.00011415525114150003	0.00011415525114150003	0.00011415525114150003	0.00011415525114150003	0.00011415525114150003	0.00011415525114150003	0.00011415525114150003	0.00011415525114150003	0.00011415525114150003	0.00011415525114150003	0.00011415525114150003	0.00011415525114150003	0.00011415525114150003	0.00011415525114150003
16	0.00011415525114150003	0.00011415525114150003	0.00011415525114150003	0.00011415525114150003	0.00011415525114150003	0.00011415525114150003	0.00011415525114150003	0.00011415525114150003	0.00011415525114150003	0.00011415525114150003	0.00011415525114150003	0.00011415525114150003	0.00011415525114150003	0.00011415525114150003	0.00011415525114150003	0.00011415525114150003
17	0.00011415525114150003	0.00011415525114150003	0.00011415525114150003	0.00011415525114150003	0.00011415525114150003	0.00011415525114150003	0.00011415525114150003	0.00011415525114150003	0.00011415525114150003	0.00011415525114150003	0.00011415525114150003	0.00011415525114150003	0.00011415525114150003	0.00011415525114150003	0.00011415525114150003	0.00011415525114150003
18	0.00011415525114150003	0.00011415525114150003	0.00011415525114150003	0.00011415525114150003	0.00011415525114150003	0.00011415525114150003	0.00011415525114150003	0.00011415525114150003	0.00011415525114150003	0.00011415525114150003	0.00011415525114150003	0.00011415525114150003	0.00011415525114150003	0.00011415525114150003	0.00011415525114150003	0.00011415525114150003
19	0.00011415525114150003	0.00011415525114150003	0.00011415525114150003	0.00011415525114150003	0.00011415525114150003	0.00011415525114150003	0.00011415525114150003	0.00011415525114150003	0.00011415525114150003	0.00011415525114150003	0.00011415525114150003	0.00011415525114150003	0.00011415525114150003	0.00011415525114150003	0.00011415525114150003	0.00011415525114150003
20	0.00011415525114150003	0.00011415525114150003	0.00011415525114150003	0.00011415525114150003	0.00011415525114150003	0.00011415525114150003	0.00011415525114150003	0.00011415525114150003	0.00011415525114150003	0.00011415525114150003	0.00011415525114150003	0.00011415525114150003	0.00011415525114150003	0.00011415525114150003	0.00011415525114150003	0.00011415525114150003
21	0.00011415525114150003	0.00011415525114150003	0.00011415525114150003	0.00011415525114150003	0.00011415525114150003	0.00011415525114150003	0.00011415525114150003	0.00011415525114150003	0.00011415525114150003	0.00011415525114150003	0.00011415525114150003	0.00011415525114150003	0.00011415525114150003	0.00011415525114150003	0.00011415525114150003	0.00011415525114150003
22	0.00011415525114150003	0.00011415525114150003	0.00011415525114150003	0.00011415525114150003	0.00011415525114150003	0.00011415525114150003	0.00011415525114150003	0.00011415525114150003	0.00011415525114150003	0.00011415525114150003	0.00011415525114150003	0.00011415525114150003	0.00011415525114150003	0.00011415525114150003	0.00011415525114150003	0.00011415525114150003
23	0.00011415525114150003	0.00011415525114150003	0.00011415525114150003	0.00011415525114150003	0.00011415525114150003	0.00011415525114150003	0.00011415525114150003	0.00011415525114150003	0.00011415525114150003	0.00011415525114150003	0.00011415525114150003	0.00011415525114150003	0.00011415525114150003	0.00011415525114150003	0.00011415525114150003	0.00011415525114150003
24	0.00011415525114150003	0.00011415525114150003	0.00011415525114150003	0.00011415525114150003	0.00011415525114150003	0.00011415525114150003	0.00011415525114150003	0.00011415525114150003	0.00011415525114150003	0.00011415525114150003	0.00011415525114150003	0.00011415525114150003	0.00011415525114150003	0.00011415525114150003	0.00011415525114150003	0.00011415525114150003
;
  
 param  c_p_t:= 
["WIND_OFFSHORE","C1",*,*] :	1	2	3	4	5	6	7	8	9	10	11	12	13	14	15	16 := 
1	0.2102536220314813	0.03955266157027866	0.058734215489699516	0.031374479666649614	0.06022115765399571	0.026467570524472184	0.038957884704560186	0.03791702518955285	0.1351630427345237	0.1399212576602715	0.1797713076634094	0.24207418434741976	0.08817567034276408	0.08103834795414237	0.13233785262236095	0.08014618265556465
2	0.17025487781191379	0.03375358712952352	0.0750905792969576	0.04490565336174494	0.06438459571402504	0.02483193414374638	0.03211795074879771	0.023791074628739046	0.1665375224011733	0.12534922445016883	0.15598023303467035	0.22839431643589483	0.18497560523844606	0.08475570336488283	0.10587028209788873	0.1202936210915618
3	0.12534922445016883	0.02706234739019066	0.0837148438498755	0.05085342201892971	0.05025864515321123	0.023344991979450187	0.0179920001879839	0.011598148881510284	0.1649018860204475	0.09263649683565266	0.1296613567266278	0.17962261344697977	0.257984465505389	0.07256277761765409	0.10036859608999285	0.11791451362868789
4	0.09665124067925238	0.014720727426532285	0.09352866213423036	0.0515968931010778	0.04564912444389304	0.01962763656870971	0.00758340503791057	0.0047582149257478085	0.13635259646596065	0.06973758750549132	0.10289639776929636	0.11895537314369523	0.20504932445644464	0.06319504198258809	0.10111206717214094	0.10750591847861456
5	0.08014618265556465	0.00758340503791057	0.0984355712764078	0.05115081045178894	0.043270016981019135	0.01234161996365838	0.0029738843285923807	0.0014869421642961904	0.11300760448651045	0.0460952070931819	0.09025738937277875	0.08490439758131246	0.24579153975816026	0.07062975280406904	0.09040608358920836	0.09665124067925238
6	0.06453328993045465	0.005799074440755142	0.08698611661132713	0.04787953769033733	0.048176926123196566	0.0059477686571847614	0.0008921652985777142	0.0004460826492888571	0.09442082743280808	0.02929276063663495	0.0921904141863638	0.06304634776615846	0.24147940748170132	0.09620515802996352	0.07523927351338723	0.08817567034276408
7	0.05263775261608513	0.007880793470769807	0.0703323643712098	0.04936647985463352	0.06066724030328456	0.0044608264928885704	0.0007434710821480952	0.00029738843285923803	0.08267398433486818	0.01650505802368771	0.10676244739646645	0.04475695914531533	0.23597772147380539	0.11419715821794742	0.06289765354972884	0.08074095952128314
8	0.04312132276458951	0.01219292574722876	0.0609646287361438	0.057247273325403324	0.07568535616267609	0.0059477686571847614	0.002081719030014666	0.00029738843285923803	0.06973758750549132	0.008178181903629046	0.11731973676296942	0.03286142183094581	0.22779953957017635	0.11003372015791808	0.05516555429538866	0.08297137276772742
9	0.04178307481672295	0.013977256344384188	0.05144819888464818	0.07717229832697228	0.0852017860141717	0.010111206717214095	0.014720727426532285	0.0004460826492888571	0.053678612131092464	0.00460952070931819	0.12297011698729493	0.026616264740901806	0.17397223322265426	0.10527550523217026	0.05531424851181828	0.0945695216492377
10	0.04237785168244142	0.01665375224011733	0.04490565336174494	0.08267398433486818	0.0695888932890617	0.013085091045806473	0.04728476082461885	0.00014869421642961901	0.04312132276458951	0.0071373223886217136	0.13888039814526418	0.020668496083717045	0.13218915840593132	0.10304509198572598	0.059180298138988376	0.10512681101574065
11	0.03375358712952352	0.017843305971554282	0.03851180205527133	0.09873295970926704	0.056949884892544086	0.01516681007582114	0.07999748843913504	0.0005947768657184761	0.03419966977881238	0.016207669590828474	0.12222664590514683	0.014720727426532285	0.12311881120372455	0.0921904141863638	0.05828813284041066	0.10111206717214094
12	0.017248529105835807	0.0016356363807258092	0.00609646287361438	0.07464449664766876	0.01367986791152495	0.01680244645654695	0.05100211623535933	0.002081719030014666	0.02289890933016133	0.005501686007895904	0.0044608264928885704	0.008326876120058665	0.12549791866659846	0.023344991979450187	0.026318876308042565	0.010408595150073332
13	0.05769335597469218	0.0029738843285923807	0.048176926123196566	0.03375358712952352	0.0017843305971554284	0.0	0.004014743843599714	0.0004460826492888571	0.00029738843285923803	0.0004460826492888571	0.010408595150073332	0.13248654683879055	0.08787828190990483	0.059031603922558754	0.09724601754497085	0.01680244645654695
14	0.1272822492637539	0.0011895537314369521	0.0837148438498755	0.0484743145560558	0.00029738843285923803	0.0	0.011003372015791808	0.001040859515007333	0.0017843305971554284	0.02438585149445752	0.05129950466821856	0.14467947258601932	0.04475695914531533	0.11850929049440637	0.15226287762392987	0.009665124067925237
15	0.1641584149382994	0.0014869421642961904	0.09486691008209694	0.0695888932890617	0.0	0.0	0.007434710821480952	0.0008921652985777142	0.009665124067925237	0.038809190488130564	0.03211795074879771	0.12951266251019816	0.012044231530799141	0.14334122463815274	0.19553289460494902	0.003717355410740476
16	0.14869421642961902	0.004312132276458952	0.09308257948494152	0.07851054627483885	0.0	0.0	0.004014743843599714	0.00029738843285923803	0.012639008396517618	0.03866049627170095	0.018735471270131997	0.13159438154021283	0.0011895537314369521	0.16133322482613663	0.2532262505796412	0.0019330248135850472
17	0.12252403433800607	0.010854677799362188	0.09561038116424503	0.07523927351338723	0.0004460826492888571	0.0	0.0022304132464442852	0.00014869421642961901	0.009962512500784474	0.031374479666649614	0.011746843097939903	0.13382479478665713	0.0004460826492888571	0.16148191904256629	0.295455408045653	0.0017843305971554284
18	0.09650254646282275	0.019032859702991234	0.09650254646282275	0.04966386828749276	0.0005947768657184761	0.0	0.0007434710821480952	0.0	0.00609646287361438	0.021858049815153994	0.008178181903629046	0.1344195716523756	0.00460952070931819	0.12802572034590198	0.3170160694279478	0.0022304132464442852
19	0.06378981884830656	0.02468323992731676	0.07955140578984618	0.01977633078513933	0.0008921652985777142	0.0	0.0	0.00014869421642961901	0.0032712727614516183	0.014869421642961903	0.007434710821480952	0.1290665798609093	0.014125950560813807	0.06631762052761009	0.2844520360298612	0.0023791074628739042
20	0.04014743843599714	0.028251901121627614	0.05501686007895904	0.0034199669778812373	0.00029738843285923803	0.0	0.0	0.0005947768657184761	0.0025278016793035237	0.009962512500784474	0.008475570336488285	0.12014492687513217	0.026467570524472184	0.02706234739019066	0.20504932445644464	0.0017843305971554284
21	0.022304132464442853	0.034348363995242	0.03910657892098981	0.00029738843285923803	0.00029738843285923803	0.0	0.0007434710821480952	0.0013382479478665711	0.0028251901121627613	0.007434710821480952	0.011152066232221427	0.12133448060656912	0.03791702518955285	0.011152066232221427	0.15270896027321873	0.0005947768657184761
22	0.014720727426532285	0.034348363995242	0.02899537220377571	0.0	0.0	0.00014869421642961901	0.0029738843285923807	0.0047582149257478085	0.0022304132464442852	0.005501686007895904	0.008921652985777141	0.11895537314369523	0.03687616567454552	0.013085091045806473	0.12624138974874655	0.0004460826492888571
23	0.029590149069494188	0.034348363995242	0.03390228134595314	0.0004460826492888571	0.0	0.0017843305971554284	0.017545917538695045	0.036281388808827045	0.02572409944232409	0.009516429851495617	0.006691239739332856	0.1171710425465398	0.030928397017360755	0.06141071138543265	0.1524115718403595	0.004163438060029332
24	0.09932773657498552	0.06468198414688428	0.09724601754497085	0.0035686611943108568	0.0	0.012639008396517618	0.03509183507739009	0.07062975280406904	0.07568535616267609	0.034348363995242	0.03345619869666428	0.24594023397458986	0.04550043022746342	0.1307022162416351	0.19523550617208976	0.02453454571088714
["WIND_OFFSHORE","C2",*,*] :	1	2	3	4	5	6	7	8	9	10	11	12	13	14	15	16 := 
1	0.22566501483188123	0.04892337445891475	0.11635829601039185	0.04275241801027273	0.04980531745253897	0.06192509178471229	0.043413544692149954	0.05773883763506569	0.060162528050827606	0.20715346773931886	0.09255773546281171	0.22456225552651002	0.06611266818772264	0.10710252246411069	0.14809237674049872	0.05355126123205534
2	0.1789445144769814	0.03768422086700191	0.14390480033748837	0.05333044492030835	0.037243910496871674	0.04848306408878452	0.04914419077066175	0.03768422086700191	0.10379688905472455	0.23447915575466838	0.11305266260100573	0.20120332760242382	0.11106928255537406	0.10842477582786514	0.11173040923725128	0.1024746356909701
3	0.14875350342237595	0.028207631008973746	0.1179013656858933	0.05333044492030835	0.024021376859327145	0.02644506727508906	0.03900647423075636	0.018951857462692574	0.1324461526871923	0.19172673774439566	0.1095262128798726	0.16175522074817347	0.13553096978483142	0.10049125564533842	0.10203432532083986	0.11613747969864485
4	0.11657911232213884	0.020274110826447027	0.09321886214468893	0.04936368482904499	0.018732363404309334	0.014323970689551989	0.035039714139493	0.005289013455017812	0.140379672869719	0.140158856557972	0.10313576237284733	0.1247321265630488	0.10071207195708541	0.08396308859840776	0.10291494606110033	0.12274874651741713
5	0.08484503159203198	0.01851154709256234	0.07426700468199636	0.04561774104952863	0.016968477417060895	0.005729323825148044	0.037243910496871674	0.0006611266818772265	0.1205458724134022	0.10225381937922311	0.11084846624362706	0.09916900228158397	0.12891970296605917	0.06721410523973011	0.09211742509268148	0.11591798564026162
6	0.05795833169344893	0.014323970689551989	0.05707771095318846	0.03592165713311722	0.021156053820071248	0.0017625637338846856	0.035700840821370226	0.0017625637338846856	0.09211742509268148	0.070079428278986	0.1220876198355399	0.07646987878601127	0.1267155066086805	0.07536844173400382	0.07867407514338995	0.09740643854769927
7	0.0420912913283955	0.009476589858028163	0.047380304783413305	0.02732701026871328	0.03063264367809941	0.0006611266818772265	0.029310390314344955	0.005068197143270818	0.08175889224102909	0.0449566143676514	0.13090308301169085	0.05112757081629343	0.1553647702411482	0.10754283283424092	0.07316424537662514	0.0773518217796355
8	0.03371746077573855	0.007712703870779723	0.03988841722438058	0.020054616768063787	0.04561774104952863	0.001322253363754453	0.03261602372373109	0.0061709564486420315	0.070079428278986	0.02468250354120437	0.13090308301169085	0.03702309418512468	0.16594279715118385	0.13266564674557554	0.06787523192160733	0.06589185187597565
9	0.029310390314344955	0.00925577354628117	0.039667600912633584	0.018290730780815348	0.06236672440820628	0.004407070461393592	0.04936368482904499	0.005289013455017812	0.05465269828406281	0.018732363404309334	0.1273766332905577	0.03261602372373109	0.14148110992172647	0.1273766332905577	0.06699461118134686	0.06324734514846675
10	0.02864926363246773	0.014544787001298982	0.042312107640142496	0.027106193956966285	0.052449824180047885	0.012561406955667303	0.06368897777196074	0.0033056334093861323	0.043413544692149954	0.02644506727508906	0.13464902679120722	0.028428447320720734	0.11944311310803099	0.10600108541210324	0.06236672440820628	0.06148478141458206
11	0.025122813911334606	0.021156053820071248	0.043413544692149954	0.043413544692149954	0.03988841722438058	0.02468250354120437	0.070079428278986	0.0028653230392558997	0.03261602372373109	0.03393827708748554	0.1095262128798726	0.015867040365053434	0.13266564674557554	0.09432029919669638	0.05421238791393257	0.05950140136895038
12	0.010578026910035624	0.002204196357378673	0.003745943779516365	0.03636196750324745	0.009034957234534177	0.03063264367809941	0.029529884372728195	0.003745943779516365	0.017189293728807887	0.0196129841445698	0.0028653230392558997	0.009696083916411403	0.16373860079380517	0.018732363404309334	0.01123915359191285	0.005729323825148044
13	0.04187179727001226	0.0024236904157619124	0.03283551778211433	0.018951857462692574	0.00022081631174699363	0.0	0.004848703084887579	0.0011014370520074591	0.0	0.0006611266818772265	0.018071236722432108	0.11613747969864485	0.10467883204834877	0.034378587457615774	0.050466444134416207	0.0063904505070252705
14	0.08748953831954089	0.0011014370520074591	0.06192509178471229	0.017410110040554882	0.0	0.0	0.009696083916411403	0.0017625637338846856	0.0024236904157619124	0.02203799681369547	0.043855177315643944	0.11701942269226907	0.032395207411984095	0.07757263809138248	0.08153939818264584	0.0030848170976391386
15	0.10313576237284733	0.0019833800456316793	0.0773518217796355	0.027767320638843514	0.0006611266818772265	0.0	0.004848703084887579	0.00022081631174699363	0.008815463176150938	0.027106193956966285	0.027106193956966285	0.1174597330623993	0.002644506727508906	0.11195122554899828	0.10886508619799537	0.001322253363754453
16	0.09255773546281171	0.007272393500649491	0.08131858187089885	0.04121067058813503	0.001322253363754453	0.0	0.003745943779516365	0.00044031037013023285	0.01212109658553707	0.027106193956966285	0.014104476631168749	0.13068226669994384	0.0	0.13971854618784177	0.15117719383813788	0.00088194299362422
17	0.07691151140950526	0.0196129841445698	0.08616728495578643	0.04165098095826527	0.0019833800456316793	0.0	0.0030848170976391386	0.00044031037013023285	0.011018337280165855	0.02644506727508906	0.007712703870779723	0.13905741950596454	0.0	0.1430241795972279	0.18665854060112483	0.0011014370520074591
18	0.060162528050827606	0.03459940376936277	0.09123548209905726	0.03063264367809941	0.002204196357378673	0.0	0.002204196357378673	0.00022081631174699363	0.007493209812396485	0.02490199759958761	0.004627886773140585	0.1377351661422101	0.002204196357378673	0.11856249236777053	0.20869521516145656	0.0015430696755014467
19	0.03988841722438058	0.048262247777037526	0.08352277822827753	0.010357210598288629	0.0028653230392558997	0.00022081631174699363	0.0011014370520074591	0.0	0.005509829766764805	0.02468250354120437	0.003966760091263359	0.1251737591865428	0.009476589858028163	0.06831686454510132	0.18996417401051097	0.0024236904157619124
20	0.029310390314344955	0.05950140136895038	0.06523072519409842	0.00088194299362422	0.0019833800456316793	0.00022081631174699363	0.0006611266818772265	0.0	0.005509829766764805	0.022699123495572696	0.003966760091263359	0.1150360426466374	0.023139433865702927	0.020715743449941013	0.1372935335187161	0.0015430696755014467
21	0.017850420410685113	0.070079428278986	0.05289013455017812	0.0	0.001322253363754453	0.00022081631174699363	0.0017625637338846856	0.00044031037013023285	0.007272393500649491	0.020935237508324253	0.005729323825148044	0.1179013656858933	0.04297323432201972	0.004627886773140585	0.10578026910035623	0.0006611266818772265
22	0.00925577354628117	0.06545154150584542	0.04165098095826527	0.0	0.00022081631174699363	0.00044031037013023285	0.0033056334093861323	0.002644506727508906	0.005289013455017812	0.013883660319421757	0.005509829766764805	0.12605437992680327	0.05333044492030835	0.00837383055265695	0.10137319863896264	0.0006611266818772265
23	0.021156053820071248	0.06104447104445183	0.06082365473270483	0.0	0.0	0.005068197143270818	0.018951857462692574	0.02049492713819402	0.009916900228158396	0.026004756904958827	0.016748983358677656	0.13222533637544528	0.047380304783413305	0.06082365473270483	0.1324461526871923	0.004627886773140585
24	0.07404618837024936	0.1176805493741463	0.1904044843806412	0.0015430696755014467	0.0006611266818772265	0.01630735073518367	0.050466444134416207	0.05112757081629343	0.029529884372728195	0.059280585057203385	0.08947291836517257	0.26202698233512867	0.05773883763506569	0.1348698431029542	0.16902761424882298	0.025122813911334606
["WIND_OFFSHORE","C3",*,*] :	1	2	3	4	5	6	7	8	9	10	11	12	13	14	15	16 := 
1	0.03085698785481783	0.029622708340625116	0.04319978299674496	0.08022816842252636	0.008639956599348993	0.009874236113541705	0.0	0.0024685590283854263	0.11972511287669318	0.17650197052955796	0.2703072136082042	0.17650197052955796	0.05924541668125023	0.10985087676315147	0.15058210073151101	0.1024451996779952
2	0.09010240453606806	0.05307401911028666	0.09627380210703163	0.1320679080186203	0.04813690105351581	0.03702838542578139	0.0	0.0012342795141927132	0.1382393055895839	0.23945022575338637	0.18267336810052154	0.14441070316054747	0.22587315109726652	0.09750808162122435	0.10738231773476604	0.15305065975989643
3	0.18020480907213612	0.05307401911028666	0.17526769101536527	0.12466223093346404	0.09133668405026077	0.06294825522382837	0.0	0.0	0.14317642364635474	0.2505587413811208	0.12219367190507861	0.08763384550768263	0.16415917538763086	0.06788537328059922	0.10121092016380248	0.14441070316054747
4	0.23081026915403738	0.035794105911588686	0.2048903993559904	0.10861659724895875	0.0938052430786462	0.07158821182317737	0.0	0.0	0.10614803822057332	0.2172331944979175	0.09997664064960977	0.05060546008190124	0.07405677085156279	0.035794105911588686	0.09010240453606806	0.12342795141927132
5	0.16909629344440172	0.017279913198697986	0.16539345490182358	0.09997664064960977	0.07899388890833364	0.06418253473802109	0.0	0.0	0.10614803822057332	0.12713078996184946	0.10367947919218791	0.03085698785481783	0.017279913198697986	0.04443406251093767	0.07158821182317737	0.10985087676315147
6	0.12589651044765673	0.017279913198697986	0.12466223093346404	0.10614803822057332	0.08022816842252636	0.054308298624479376	0.0	0.0	0.11478799481992233	0.07282249133737008	0.11972511287669318	0.022217031255468835	0.0012342795141927132	0.07282249133737008	0.054308298624479376	0.10491375870638063
7	0.07158821182317737	0.040731223968359535	0.09257096356445349	0.11849083336250046	0.10121092016380248	0.05554257813867209	0.0	0.0	0.10367947919218791	0.05554257813867209	0.12342795141927132	0.016045633684505272	0.0	0.08763384550768263	0.0469026215393231	0.11108515627734418
8	0.03826266493997411	0.06665109376640652	0.07899388890833364	0.12713078996184946	0.10738231773476604	0.060479696195442946	0.0012342795141927132	0.0	0.08886812502187534	0.05060546008190124	0.10985087676315147	0.014811354170312558	0.006171397570963566	0.09750808162122435	0.05060546008190124	0.12959934899023487
9	0.03702838542578139	0.06665109376640652	0.07775960939414094	0.13453646704700573	0.10121092016380248	0.05554257813867209	0.009874236113541705	0.0012342795141927132	0.05924541668125023	0.045668342025130385	0.0938052430786462	0.013577074656119844	0.07158821182317737	0.09750808162122435	0.060479696195442946	0.15058210073151101
10	0.0654168142522138	0.051839739596093955	0.07405677085156279	0.12342795141927132	0.09133668405026077	0.03702838542578139	0.04813690105351581	0.0037028385425781395	0.028388428826432402	0.04319978299674496	0.09133668405026077	0.006171397570963566	0.1407078646179693	0.07899388890833364	0.0654168142522138	0.15798777781666729
11	0.0839310069651045	0.035794105911588686	0.07652532987994821	0.1320679080186203	0.08763384550768263	0.017279913198697986	0.07899388890833364	0.008639956599348993	0.014811354170312558	0.05060546008190124	0.08146244793671907	0.0037028385425781395	0.18020480907213612	0.0839310069651045	0.056776857652864804	0.1518163802457037
12	0.028388428826432402	0.004937118056770853	0.013577074656119844	0.06171397570963566	0.027154149312239688	0.008639956599348993	0.051839739596093955	0.013577074656119844	0.014811354170312558	0.014811354170312558	0.008639956599348993	0.0037028385425781395	0.17033057295859444	0.022217031255468835	0.051839739596093955	0.024685590283854263
13	0.05060546008190124	0.0	0.032091267369010544	0.008639956599348993	0.016045633684505272	0.0	0.007405677085156279	0.0012342795141927132	0.0	0.0012342795141927132	0.017279913198697986	0.07775960939414094	0.13330218753281303	0.07158821182317737	0.14687926218893285	0.032091267369010544
14	0.0938052430786462	0.0	0.10491375870638063	0.02345131076966155	0.009874236113541705	0.0	0.020982751741276125	0.006171397570963566	0.0037028385425781395	0.04319978299674496	0.024685590283854263	0.09133668405026077	0.10491375870638063	0.14564498267474016	0.24809018235273536	0.024685590283854263
15	0.11725655384830776	0.0	0.12342795141927132	0.056776857652864804	0.0037028385425781395	0.0	0.013577074656119844	0.0012342795141927132	0.014811354170312558	0.0839310069651045	0.006171397570963566	0.08146244793671907	0.06665109376640652	0.17033057295859444	0.33695830737461074	0.009874236113541705
16	0.10985087676315147	0.0	0.07775960939414094	0.04443406251093767	0.0037028385425781395	0.0	0.006171397570963566	0.0	0.014811354170312558	0.08022816842252636	0.0024685590283854263	0.08269672745091179	0.032091267369010544	0.19871900178502683	0.43076355045325687	0.0037028385425781395
17	0.08886812502187534	0.0012342795141927132	0.04196550348255225	0.02345131076966155	0.004937118056770853	0.0	0.0037028385425781395	0.0	0.012342795141927132	0.0654168142522138	0.0024685590283854263	0.08146244793671907	0.013577074656119844	0.20859323789856854	0.49864892373385616	0.0012342795141927132
18	0.06788537328059922	0.0012342795141927132	0.020982751741276125	0.006171397570963566	0.007405677085156279	0.0	0.0024685590283854263	0.0	0.009874236113541705	0.04196550348255225	0.007405677085156279	0.07158821182317737	0.009874236113541705	0.17403341150117255	0.49864892373385616	0.0012342795141927132
19	0.05307401911028666	0.0012342795141927132	0.006171397570963566	0.0	0.007405677085156279	0.0	0.0	0.0	0.007405677085156279	0.022217031255468835	0.017279913198697986	0.06294825522382837	0.007405677085156279	0.11478799481992233	0.4406377865667986	0.0024685590283854263
20	0.03826266493997411	0.0024685590283854263	0.0012342795141927132	0.0	0.004937118056770853	0.0	0.0	0.0012342795141927132	0.008639956599348993	0.009874236113541705	0.03332554688320326	0.05554257813867209	0.006171397570963566	0.06171397570963566	0.3431297049455743	0.0037028385425781395
21	0.02345131076966155	0.0037028385425781395	0.0	0.0	0.0024685590283854263	0.0	0.0	0.0012342795141927132	0.009874236113541705	0.004937118056770853	0.0469026215393231	0.054308298624479376	0.004937118056770853	0.03455982639739597	0.2505587413811208	0.0012342795141927132
22	0.016045633684505272	0.0012342795141927132	0.0012342795141927132	0.0	0.0	0.0	0.0	0.0012342795141927132	0.004937118056770853	0.006171397570963566	0.04319978299674496	0.05060546008190124	0.0012342795141927132	0.022217031255468835	0.16292489587343814	0.0
23	0.009874236113541705	0.0012342795141927132	0.0037028385425781395	0.0	0.0	0.004937118056770853	0.0	0.0024685590283854263	0.0037028385425781395	0.013577074656119844	0.029622708340625116	0.04319978299674496	0.006171397570963566	0.022217031255468835	0.18143908858632882	0.0024685590283854263
24	0.03455982639739597	0.0012342795141927132	0.016045633684505272	0.0	0.0	0.03949694445416682	0.0	0.006171397570963566	0.03085698785481783	0.09010240453606806	0.08516528647929722	0.11108515627734418	0.032091267369010544	0.08516528647929722	0.20612467887018313	0.035794105911588686
["WIND_OFFSHORE","C4",*,*] :	1	2	3	4	5	6	7	8	9	10	11	12	13	14	15	16 := 
1	0.18264534335939284	0.1368103902730053	0.04444601511407278	0.07778052644962737	0.08264180935272906	0.0006944689861573871	0.06041880179569268	0.06250220875416485	0.07014136760189611	0.22500795151499345	0.0868086232696734	0.1736172465393468	0.0	0.054863049906433585	0.11319844474365412	0.018750662626249453
2	0.17847852944244852	0.11250397575749672	0.06736349165726656	0.08055840239425692	0.08472521631120124	0.0020834069584721618	0.05833539483722053	0.08264180935272906	0.11458738271596888	0.2215356065842065	0.09375331313124727	0.18333981234555022	0.005555751889259097	0.07430818151884043	0.10417034792360808	0.03333451133555459
3	0.14931083202383824	0.10069800299282113	0.09930906502050636	0.08264180935272906	0.07083583658805348	0.006250220875416484	0.06736349165726656	0.07153030557421088	0.1354214523006905	0.1791729984286059	0.08333627833888646	0.13194910736990356	0.03958473221097107	0.10069800299282113	0.1027814099512933	0.04861282903101711
4	0.12639335548064445	0.0923643751589325	0.12083760359138536	0.06944689861573872	0.06319667774032223	0.013194910736990357	0.07083583658805348	0.04722389105870233	0.13889379723147743	0.12292101054985752	0.06319667774032223	0.09722565806203422	0.08333627833888646	0.1305601693975888	0.08819756124198817	0.07569711949115521
5	0.09583672008971944	0.07778052644962737	0.12014313460522798	0.05000176700333187	0.05694645686490575	0.020834069584721615	0.07291924354652565	0.025695352487823325	0.14167167317610696	0.07361371253268303	0.05347411193411881	0.07569711949115521	0.14236614216226437	0.11458738271596888	0.07569711949115521	0.09375331313124727
6	0.0868086232696734	0.05833539483722053	0.1020869409651359	0.05764092585106314	0.05764092585106314	0.025000883501665936	0.07291924354652565	0.014583848709305132	0.13958826621763484	0.03194557336323981	0.05000176700333187	0.054863049906433585	0.10764269285439501	0.09861459603434897	0.06805796064342394	0.07639158847731259
7	0.08055840239425692	0.04097367018328584	0.07291924354652565	0.06875242962958134	0.06111327078185007	0.025695352487823325	0.07291924354652565	0.008333627833888647	0.11875419663291321	0.009028096820046032	0.05000176700333187	0.04027920119712846	0.1027814099512933	0.1250044175083297	0.052779642947961426	0.04652942207254494
8	0.0812528713804143	0.028473228432452875	0.05208517396180404	0.06736349165726656	0.06180773976800746	0.028473228432452875	0.07361371253268303	0.003472344930786936	0.1027814099512933	0.0013889379723147743	0.05069623598948926	0.03541791829402674	0.0868086232696734	0.14792189405152345	0.03611238728018413	0.03402898032171197
9	0.07430818151884043	0.02013960059856423	0.045140484100230166	0.08750309225583078	0.05625198787874836	0.03541791829402674	0.06319667774032223	0.0006944689861573871	0.09097543718661773	0.0	0.05625198787874836	0.03611238728018413	0.06250220875416485	0.13958826621763484	0.03125110437708242	0.028473228432452875
10	0.07708605746346997	0.018056193640092064	0.029862166404767646	0.09514225110356204	0.04097367018328584	0.03958473221097107	0.06111327078185007	0.0	0.07847499543578475	0.0006944689861573871	0.06111327078185007	0.045140484100230166	0.04236260815560062	0.13611592128684788	0.04097367018328584	0.025000883501665936
11	0.064585615712637	0.021528538570879004	0.011805972764675583	0.09375331313124727	0.0326400423493972	0.04791836004485972	0.06875242962958134	0.0	0.05972433280953529	0.0020834069584721618	0.05764092585106314	0.03402898032171197	0.045834953086387555	0.11528185170212628	0.054168580920276196	0.029862166404767646
12	0.016667255667777294	0.0020834069584721618	0.0006944689861573871	0.04097367018328584	0.006250220875416484	0.03680685626634152	0.021528538570879004	0.0	0.027084290460138098	0.009028096820046032	0.0013889379723147743	0.00972256580620342	0.09722565806203422	0.018056193640092064	0.003472344930786936	0.005555751889259097
13	0.05764092585106314	0.00486128290310171	0.03472344930786936	0.006944689861573872	0.0	0.0	0.0	0.0	0.023611945529351166	0.0013889379723147743	0.013889379723147743	0.09305884414508989	0.059029863823377916	0.00972256580620342	0.00972256580620342	0.013194910736990357
14	0.06875242962958134	0.0027778759446295486	0.04027920119712846	0.011111503778518194	0.0	0.0	0.0027778759446295486	0.0013889379723147743	0.055557518892590974	0.02013960059856423	0.03194557336323981	0.12292101054985752	0.011805972764675583	0.05000176700333187	0.027778759446295487	0.029862166404767646
15	0.07361371253268303	0.0041668139169443235	0.03402898032171197	0.01736172465393468	0.0	0.0	0.00486128290310171	0.0041668139169443235	0.055557518892590974	0.025695352487823325	0.025000883501665936	0.11180950677133934	0.0006944689861573871	0.07569711949115521	0.04027920119712846	0.04444601511407278
16	0.07569711949115521	0.011111503778518194	0.04027920119712846	0.014583848709305132	0.0	0.0	0.0027778759446295486	0.00486128290310171	0.054168580920276196	0.027084290460138098	0.006944689861573872	0.10069800299282113	0.0	0.08472521631120124	0.05694645686490575	0.04652942207254494
17	0.07222477456036826	0.025000883501665936	0.05833539483722053	0.0076391588477312585	0.0	0.0	0.0006944689861573871	0.003472344930786936	0.045834953086387555	0.029167697418610264	0.0013889379723147743	0.09444778211740466	0.0	0.07847499543578475	0.06666902267110918	0.04305707714175801
18	0.06597455368495178	0.037501325252498906	0.07778052644962737	0.005555751889259097	0.0	0.0	0.0	0.0020834069584721618	0.038195794238656294	0.024306414515508554	0.0	0.09305884414508989	0.0006944689861573871	0.059029863823377916	0.07153030557421088	0.037501325252498906
19	0.04444601511407278	0.04722389105870233	0.07639158847731259	0.0027778759446295486	0.0	0.0	0.0	0.0013889379723147743	0.029167697418610264	0.01944513161240684	0.0	0.08403074732504384	0.0013889379723147743	0.027084290460138098	0.04861282903101711	0.028473228432452875
20	0.022917476543193777	0.054863049906433585	0.054863049906433585	0.0013889379723147743	0.0	0.0	0.0	0.0006944689861573871	0.02222300755703639	0.013889379723147743	0.0006944689861573871	0.07083583658805348	0.0013889379723147743	0.006944689861573872	0.021528538570879004	0.015972786681619906
21	0.0076391588477312585	0.064585615712637	0.04444601511407278	0.0006944689861573871	0.0	0.0	0.0	0.0	0.02013960059856423	0.011805972764675583	0.0013889379723147743	0.06736349165726656	0.0027778759446295486	0.0013889379723147743	0.010417034792360808	0.003472344930786936
22	0.003472344930786936	0.06319667774032223	0.03611238728018413	0.0	0.0	0.0	0.0006944689861573871	0.0006944689861573871	0.013889379723147743	0.008333627833888647	0.0027778759446295486	0.07014136760189611	0.009028096820046032	0.0013889379723147743	0.006944689861573872	0.0
23	0.006250220875416484	0.07291924354652565	0.05069623598948926	0.0006944689861573871	0.0	0.0	0.0027778759446295486	0.018750662626249453	0.038195794238656294	0.018056193640092064	0.015972786681619906	0.08055840239425692	0.01944513161240684	0.029862166404767646	0.024306414515508554	0.0006944689861573871
24	0.05000176700333187	0.15139423898231041	0.1305601693975888	0.008333627833888647	0.011805972764675583	0.0041668139169443235	0.006250220875416484	0.08264180935272906	0.08333627833888646	0.05625198787874836	0.03889026322481368	0.18056193640092066	0.03194557336323981	0.08889203022814555	0.07430818151884043	0.0027778759446295486
["WIND_OFFSHORE","C5",*,*] :	1	2	3	4	5	6	7	8	9	10	11	12	13	14	15	16 := 
1	0.20215265783808894	0.00245033524652229	0.0869869012515413	0.04655636968392351	0.03920536394435664	0.00245033524652229	0.001225167623261145	0.03920536394435664	0.12986776806568137	0.060033213539796106	0.16784796438677688	0.18622547873569403	0.001225167623261145	0.0980134098608916	0.21930500456374497	0.10413924797719734
2	0.14824528241459856	0.01470201147913374	0.11394058896328649	0.1090399184702419	0.10413924797719734	0.0245033524652229	0.00735100573956687	0.0245033524652229	0.25238453039179587	0.11884125945633107	0.11516575658654764	0.2340070160428787	0.08943723649806358	0.08576173362828016	0.14456977954481512	0.14456977954481512
3	0.09556307461436932	0.020827849595439468	0.16049695864721	0.12864260044242024	0.11761609183306992	0.051457040176968095	0.008576173362828015	0.00735100573956687	0.3001660676989805	0.15927179102394887	0.10536441560045846	0.18622547873569403	0.12496709757263678	0.0379801963210955	0.12741743281915907	0.12374192994937566
4	0.0735100573956687	0.00980134098608916	0.16417246151699344	0.11026508609350305	0.10046374510741389	0.05635771067001267	0.00245033524652229	0.001225167623261145	0.20460299308461125	0.16417246151699344	0.09311273936784702	0.08821206887480243	0.05758287829327382	0.022053017218700607	0.11761609183306992	0.10413924797719734
5	0.06738421927936297	0.001225167623261145	0.15559628815416543	0.08576173362828016	0.08576173362828016	0.04288086681414008	0.0	0.0	0.1580466234006877	0.11271542134002534	0.08331139838175787	0.050231872553706945	0.018377514348917174	0.04778153730718466	0.09433790699110817	0.08453656600501902
6	0.060033213539796106	0.001225167623261145	0.13844394142850938	0.07105972214914641	0.07841072788871328	0.025728520088484048	0.0	0.0	0.12374192994937566	0.06615905165610184	0.09311273936784702	0.0379801963210955	0.011026508609350304	0.08821206887480243	0.06983455452588527	0.07963589551197443
7	0.03307952582805092	0.006125838116305725	0.09066240412132473	0.07473522501892985	0.08331139838175787	0.01960268197217832	0.0	0.0	0.10413924797719734	0.04655636968392351	0.12619226519589793	0.022053017218700607	0.04288086681414008	0.07473522501892985	0.050231872553706945	0.08576173362828016
8	0.0245033524652229	0.018377514348917174	0.055132543046751525	0.08331139838175787	0.0980134098608916	0.023278184841961754	0.0	0.0	0.09433790699110817	0.041655699190878935	0.16172212627047114	0.013476843855872594	0.1470201147913374	0.06860938690262412	0.040430531567617785	0.10291408035393619
9	0.020827849595439468	0.025728520088484048	0.051457040176968095	0.08576173362828016	0.10413924797719734	0.030629190581528628	0.00245033524652229	0.0	0.08208623075849672	0.03920536394435664	0.15437112053090427	0.008576173362828015	0.20460299308461125	0.0869869012515413	0.03920536394435664	0.1359936061819871
10	0.02940402295826748	0.0245033524652229	0.0735100573956687	0.0735100573956687	0.07841072788871328	0.0245033524652229	0.03675502869783435	0.0	0.05635771067001267	0.0379801963210955	0.16784796438677688	0.001225167623261145	0.21440433407070036	0.08331139838175787	0.041655699190878935	0.14456977954481512
11	0.03675502869783435	0.018377514348917174	0.08943723649806358	0.1310929356889425	0.07228488977240756	0.01225167623261145	0.09311273936784702	0.0	0.02940402295826748	0.06738421927936297	0.151920785284382	0.0	0.21930500456374497	0.08086106313523557	0.03920536394435664	0.1335432709354648
12	0.00245033524652229	0.0	0.01225167623261145	0.09188757174458588	0.026953687711745188	0.00980134098608916	0.07105972214914641	0.0	0.020827849595439468	0.03185435820478977	0.008576173362828015	0.00735100573956687	0.1359936061819871	0.030629190581528628	0.04288086681414008	0.013476843855872594
13	0.04288086681414008	0.0	0.022053017218700607	0.00735100573956687	0.006125838116305725	0.0	0.003675502869783435	0.0	0.0	0.00245033524652229	0.01225167623261145	0.08208623075849672	0.10046374510741389	0.11639092420980877	0.1494704500378597	0.01960268197217832
14	0.17887447299612716	0.0	0.09923857748415275	0.011026508609350304	0.001225167623261145	0.0	0.013476843855872594	0.001225167623261145	0.00490067049304458	0.045331202060662365	0.028178855335006334	0.07963589551197443	0.05635771067001267	0.16417246151699344	0.23890768653592329	0.01225167623261145
15	0.20337782546135008	0.0	0.1310929356889425	0.025728520088484048	0.0	0.0	0.00735100573956687	0.0	0.01715234672565603	0.05880804591653496	0.013476843855872594	0.08086106313523557	0.023278184841961754	0.19480165209852207	0.31976874967115887	0.003675502869783435
16	0.15069561766112083	0.0	0.11271542134002534	0.041655699190878935	0.0	0.0	0.00490067049304458	0.0	0.018377514348917174	0.044106034437401215	0.006125838116305725	0.08943723649806358	0.003675502869783435	0.2229805074335284	0.4092059861692225	0.001225167623261145
17	0.11271542134002534	0.0	0.0869869012515413	0.03920536394435664	0.001225167623261145	0.0	0.003675502869783435	0.0	0.01470201147913374	0.02940402295826748	0.006125838116305725	0.09311273936784702	0.001225167623261145	0.23523218366613985	0.47659020544858544	0.001225167623261145
18	0.09188757174458588	0.001225167623261145	0.06738421927936297	0.026953687711745188	0.001225167623261145	0.0	0.00245033524652229	0.0	0.013476843855872594	0.015927179102394884	0.00735100573956687	0.08821206887480243	0.00245033524652229	0.17642413774960486	0.5084445636533752	0.001225167623261145
19	0.06983455452588527	0.003675502869783435	0.045331202060662365	0.01715234672565603	0.00245033524652229	0.0	0.001225167623261145	0.0	0.01225167623261145	0.008576173362828015	0.01225167623261145	0.08453656600501902	0.00245033524652229	0.08576173362828016	0.5010935579138083	0.001225167623261145
20	0.044106034437401215	0.006125838116305725	0.026953687711745188	0.00245033524652229	0.001225167623261145	0.0	0.0	0.0	0.01225167623261145	0.00490067049304458	0.020827849595439468	0.075960392642191	0.003675502869783435	0.030629190581528628	0.43370933863444533	0.001225167623261145
21	0.03185435820478977	0.011026508609350304	0.022053017218700607	0.0	0.0	0.0	0.0	0.001225167623261145	0.01470201147913374	0.00490067049304458	0.026953687711745188	0.075960392642191	0.003675502869783435	0.008576173362828015	0.3626496164852989	0.0
22	0.02940402295826748	0.011026508609350304	0.03185435820478977	0.0	0.0	0.0	0.0	0.00490067049304458	0.008576173362828015	0.00980134098608916	0.023278184841961754	0.075960392642191	0.001225167623261145	0.013476843855872594	0.23890768653592329	0.0
23	0.023278184841961754	0.008576173362828015	0.01960268197217832	0.0	0.0	0.00245033524652229	0.0	0.03430469345131206	0.00735100573956687	0.00980134098608916	0.01470201147913374	0.06370871640957954	0.008576173362828015	0.04288086681414008	0.22175533981026724	0.0
24	0.10291408035393619	0.00980134098608916	0.05635771067001267	0.0	0.0	0.0245033524652229	0.0	0.053907375423490375	0.00980134098608916	0.053907375423490375	0.044106034437401215	0.1715234672565603	0.050231872553706945	0.12251676232611451	0.2756627152337576	0.011026508609350304
["WIND_ONSHORE","C1",*,*] :	1	2	3	4	5	6	7	8	9	10	11	12	13	14	15	16 := 
1	0.2102536220314813	0.03955266157027866	0.058734215489699516	0.031374479666649614	0.06022115765399571	0.026467570524472184	0.038957884704560186	0.03791702518955285	0.1351630427345237	0.1399212576602715	0.1797713076634094	0.24207418434741976	0.08817567034276408	0.08103834795414237	0.13233785262236095	0.08014618265556465
2	0.17025487781191379	0.03375358712952352	0.0750905792969576	0.04490565336174494	0.06438459571402504	0.02483193414374638	0.03211795074879771	0.023791074628739046	0.1665375224011733	0.12534922445016883	0.15598023303467035	0.22839431643589483	0.18497560523844606	0.08475570336488283	0.10587028209788873	0.1202936210915618
3	0.12534922445016883	0.02706234739019066	0.0837148438498755	0.05085342201892971	0.05025864515321123	0.023344991979450187	0.0179920001879839	0.011598148881510284	0.1649018860204475	0.09263649683565266	0.1296613567266278	0.17962261344697977	0.257984465505389	0.07256277761765409	0.10036859608999285	0.11791451362868789
4	0.09665124067925238	0.014720727426532285	0.09352866213423036	0.0515968931010778	0.04564912444389304	0.01962763656870971	0.00758340503791057	0.0047582149257478085	0.13635259646596065	0.06973758750549132	0.10289639776929636	0.11895537314369523	0.20504932445644464	0.06319504198258809	0.10111206717214094	0.10750591847861456
5	0.08014618265556465	0.00758340503791057	0.0984355712764078	0.05115081045178894	0.043270016981019135	0.01234161996365838	0.0029738843285923807	0.0014869421642961904	0.11300760448651045	0.0460952070931819	0.09025738937277875	0.08490439758131246	0.24579153975816026	0.07062975280406904	0.09040608358920836	0.09665124067925238
6	0.06453328993045465	0.005799074440755142	0.08698611661132713	0.04787953769033733	0.048176926123196566	0.0059477686571847614	0.0008921652985777142	0.0004460826492888571	0.09442082743280808	0.02929276063663495	0.0921904141863638	0.06304634776615846	0.24147940748170132	0.09620515802996352	0.07523927351338723	0.08817567034276408
7	0.05263775261608513	0.007880793470769807	0.0703323643712098	0.04936647985463352	0.06066724030328456	0.0044608264928885704	0.0007434710821480952	0.00029738843285923803	0.08267398433486818	0.01650505802368771	0.10676244739646645	0.04475695914531533	0.23597772147380539	0.11419715821794742	0.06289765354972884	0.08074095952128314
8	0.04312132276458951	0.01219292574722876	0.0609646287361438	0.057247273325403324	0.07568535616267609	0.0059477686571847614	0.002081719030014666	0.00029738843285923803	0.06973758750549132	0.008178181903629046	0.11731973676296942	0.03286142183094581	0.22779953957017635	0.11003372015791808	0.05516555429538866	0.08297137276772742
9	0.04178307481672295	0.013977256344384188	0.05144819888464818	0.07717229832697228	0.0852017860141717	0.010111206717214095	0.014720727426532285	0.0004460826492888571	0.053678612131092464	0.00460952070931819	0.12297011698729493	0.026616264740901806	0.17397223322265426	0.10527550523217026	0.05531424851181828	0.0945695216492377
10	0.04237785168244142	0.01665375224011733	0.04490565336174494	0.08267398433486818	0.0695888932890617	0.013085091045806473	0.04728476082461885	0.00014869421642961901	0.04312132276458951	0.0071373223886217136	0.13888039814526418	0.020668496083717045	0.13218915840593132	0.10304509198572598	0.059180298138988376	0.10512681101574065
11	0.03375358712952352	0.017843305971554282	0.03851180205527133	0.09873295970926704	0.056949884892544086	0.01516681007582114	0.07999748843913504	0.0005947768657184761	0.03419966977881238	0.016207669590828474	0.12222664590514683	0.014720727426532285	0.12311881120372455	0.0921904141863638	0.05828813284041066	0.10111206717214094
12	0.017248529105835807	0.0016356363807258092	0.00609646287361438	0.07464449664766876	0.01367986791152495	0.01680244645654695	0.05100211623535933	0.002081719030014666	0.02289890933016133	0.005501686007895904	0.0044608264928885704	0.008326876120058665	0.12549791866659846	0.023344991979450187	0.026318876308042565	0.010408595150073332
13	0.05769335597469218	0.0029738843285923807	0.048176926123196566	0.03375358712952352	0.0017843305971554284	0.0	0.004014743843599714	0.0004460826492888571	0.00029738843285923803	0.0004460826492888571	0.010408595150073332	0.13248654683879055	0.08787828190990483	0.059031603922558754	0.09724601754497085	0.01680244645654695
14	0.1272822492637539	0.0011895537314369521	0.0837148438498755	0.0484743145560558	0.00029738843285923803	0.0	0.011003372015791808	0.001040859515007333	0.0017843305971554284	0.02438585149445752	0.05129950466821856	0.14467947258601932	0.04475695914531533	0.11850929049440637	0.15226287762392987	0.009665124067925237
15	0.1641584149382994	0.0014869421642961904	0.09486691008209694	0.0695888932890617	0.0	0.0	0.007434710821480952	0.0008921652985777142	0.009665124067925237	0.038809190488130564	0.03211795074879771	0.12951266251019816	0.012044231530799141	0.14334122463815274	0.19553289460494902	0.003717355410740476
16	0.14869421642961902	0.004312132276458952	0.09308257948494152	0.07851054627483885	0.0	0.0	0.004014743843599714	0.00029738843285923803	0.012639008396517618	0.03866049627170095	0.018735471270131997	0.13159438154021283	0.0011895537314369521	0.16133322482613663	0.2532262505796412	0.0019330248135850472
17	0.12252403433800607	0.010854677799362188	0.09561038116424503	0.07523927351338723	0.0004460826492888571	0.0	0.0022304132464442852	0.00014869421642961901	0.009962512500784474	0.031374479666649614	0.011746843097939903	0.13382479478665713	0.0004460826492888571	0.16148191904256629	0.295455408045653	0.0017843305971554284
18	0.09650254646282275	0.019032859702991234	0.09650254646282275	0.04966386828749276	0.0005947768657184761	0.0	0.0007434710821480952	0.0	0.00609646287361438	0.021858049815153994	0.008178181903629046	0.1344195716523756	0.00460952070931819	0.12802572034590198	0.3170160694279478	0.0022304132464442852
19	0.06378981884830656	0.02468323992731676	0.07955140578984618	0.01977633078513933	0.0008921652985777142	0.0	0.0	0.00014869421642961901	0.0032712727614516183	0.014869421642961903	0.007434710821480952	0.1290665798609093	0.014125950560813807	0.06631762052761009	0.2844520360298612	0.0023791074628739042
20	0.04014743843599714	0.028251901121627614	0.05501686007895904	0.0034199669778812373	0.00029738843285923803	0.0	0.0	0.0005947768657184761	0.0025278016793035237	0.009962512500784474	0.008475570336488285	0.12014492687513217	0.026467570524472184	0.02706234739019066	0.20504932445644464	0.0017843305971554284
21	0.022304132464442853	0.034348363995242	0.03910657892098981	0.00029738843285923803	0.00029738843285923803	0.0	0.0007434710821480952	0.0013382479478665711	0.0028251901121627613	0.007434710821480952	0.011152066232221427	0.12133448060656912	0.03791702518955285	0.011152066232221427	0.15270896027321873	0.0005947768657184761
22	0.014720727426532285	0.034348363995242	0.02899537220377571	0.0	0.0	0.00014869421642961901	0.0029738843285923807	0.0047582149257478085	0.0022304132464442852	0.005501686007895904	0.008921652985777141	0.11895537314369523	0.03687616567454552	0.013085091045806473	0.12624138974874655	0.0004460826492888571
23	0.029590149069494188	0.034348363995242	0.03390228134595314	0.0004460826492888571	0.0	0.0017843305971554284	0.017545917538695045	0.036281388808827045	0.02572409944232409	0.009516429851495617	0.006691239739332856	0.1171710425465398	0.030928397017360755	0.06141071138543265	0.1524115718403595	0.004163438060029332
24	0.09932773657498552	0.06468198414688428	0.09724601754497085	0.0035686611943108568	0.0	0.012639008396517618	0.03509183507739009	0.07062975280406904	0.07568535616267609	0.034348363995242	0.03345619869666428	0.24594023397458986	0.04550043022746342	0.1307022162416351	0.19523550617208976	0.02453454571088714
["WIND_ONSHORE","C2",*,*] :	1	2	3	4	5	6	7	8	9	10	11	12	13	14	15	16 := 
1	0.22566501483188123	0.04892337445891475	0.11635829601039185	0.04275241801027273	0.04980531745253897	0.06192509178471229	0.043413544692149954	0.05773883763506569	0.060162528050827606	0.20715346773931886	0.09255773546281171	0.22456225552651002	0.06611266818772264	0.10710252246411069	0.14809237674049872	0.05355126123205534
2	0.1789445144769814	0.03768422086700191	0.14390480033748837	0.05333044492030835	0.037243910496871674	0.04848306408878452	0.04914419077066175	0.03768422086700191	0.10379688905472455	0.23447915575466838	0.11305266260100573	0.20120332760242382	0.11106928255537406	0.10842477582786514	0.11173040923725128	0.1024746356909701
3	0.14875350342237595	0.028207631008973746	0.1179013656858933	0.05333044492030835	0.024021376859327145	0.02644506727508906	0.03900647423075636	0.018951857462692574	0.1324461526871923	0.19172673774439566	0.1095262128798726	0.16175522074817347	0.13553096978483142	0.10049125564533842	0.10203432532083986	0.11613747969864485
4	0.11657911232213884	0.020274110826447027	0.09321886214468893	0.04936368482904499	0.018732363404309334	0.014323970689551989	0.035039714139493	0.005289013455017812	0.140379672869719	0.140158856557972	0.10313576237284733	0.1247321265630488	0.10071207195708541	0.08396308859840776	0.10291494606110033	0.12274874651741713
5	0.08484503159203198	0.01851154709256234	0.07426700468199636	0.04561774104952863	0.016968477417060895	0.005729323825148044	0.037243910496871674	0.0006611266818772265	0.1205458724134022	0.10225381937922311	0.11084846624362706	0.09916900228158397	0.12891970296605917	0.06721410523973011	0.09211742509268148	0.11591798564026162
6	0.05795833169344893	0.014323970689551989	0.05707771095318846	0.03592165713311722	0.021156053820071248	0.0017625637338846856	0.035700840821370226	0.0017625637338846856	0.09211742509268148	0.070079428278986	0.1220876198355399	0.07646987878601127	0.1267155066086805	0.07536844173400382	0.07867407514338995	0.09740643854769927
7	0.0420912913283955	0.009476589858028163	0.047380304783413305	0.02732701026871328	0.03063264367809941	0.0006611266818772265	0.029310390314344955	0.005068197143270818	0.08175889224102909	0.0449566143676514	0.13090308301169085	0.05112757081629343	0.1553647702411482	0.10754283283424092	0.07316424537662514	0.0773518217796355
8	0.03371746077573855	0.007712703870779723	0.03988841722438058	0.020054616768063787	0.04561774104952863	0.001322253363754453	0.03261602372373109	0.0061709564486420315	0.070079428278986	0.02468250354120437	0.13090308301169085	0.03702309418512468	0.16594279715118385	0.13266564674557554	0.06787523192160733	0.06589185187597565
9	0.029310390314344955	0.00925577354628117	0.039667600912633584	0.018290730780815348	0.06236672440820628	0.004407070461393592	0.04936368482904499	0.005289013455017812	0.05465269828406281	0.018732363404309334	0.1273766332905577	0.03261602372373109	0.14148110992172647	0.1273766332905577	0.06699461118134686	0.06324734514846675
10	0.02864926363246773	0.014544787001298982	0.042312107640142496	0.027106193956966285	0.052449824180047885	0.012561406955667303	0.06368897777196074	0.0033056334093861323	0.043413544692149954	0.02644506727508906	0.13464902679120722	0.028428447320720734	0.11944311310803099	0.10600108541210324	0.06236672440820628	0.06148478141458206
11	0.025122813911334606	0.021156053820071248	0.043413544692149954	0.043413544692149954	0.03988841722438058	0.02468250354120437	0.070079428278986	0.0028653230392558997	0.03261602372373109	0.03393827708748554	0.1095262128798726	0.015867040365053434	0.13266564674557554	0.09432029919669638	0.05421238791393257	0.05950140136895038
12	0.010578026910035624	0.002204196357378673	0.003745943779516365	0.03636196750324745	0.009034957234534177	0.03063264367809941	0.029529884372728195	0.003745943779516365	0.017189293728807887	0.0196129841445698	0.0028653230392558997	0.009696083916411403	0.16373860079380517	0.018732363404309334	0.01123915359191285	0.005729323825148044
13	0.04187179727001226	0.0024236904157619124	0.03283551778211433	0.018951857462692574	0.00022081631174699363	0.0	0.004848703084887579	0.0011014370520074591	0.0	0.0006611266818772265	0.018071236722432108	0.11613747969864485	0.10467883204834877	0.034378587457615774	0.050466444134416207	0.0063904505070252705
14	0.08748953831954089	0.0011014370520074591	0.06192509178471229	0.017410110040554882	0.0	0.0	0.009696083916411403	0.0017625637338846856	0.0024236904157619124	0.02203799681369547	0.043855177315643944	0.11701942269226907	0.032395207411984095	0.07757263809138248	0.08153939818264584	0.0030848170976391386
15	0.10313576237284733	0.0019833800456316793	0.0773518217796355	0.027767320638843514	0.0006611266818772265	0.0	0.004848703084887579	0.00022081631174699363	0.008815463176150938	0.027106193956966285	0.027106193956966285	0.1174597330623993	0.002644506727508906	0.11195122554899828	0.10886508619799537	0.001322253363754453
16	0.09255773546281171	0.007272393500649491	0.08131858187089885	0.04121067058813503	0.001322253363754453	0.0	0.003745943779516365	0.00044031037013023285	0.01212109658553707	0.027106193956966285	0.014104476631168749	0.13068226669994384	0.0	0.13971854618784177	0.15117719383813788	0.00088194299362422
17	0.07691151140950526	0.0196129841445698	0.08616728495578643	0.04165098095826527	0.0019833800456316793	0.0	0.0030848170976391386	0.00044031037013023285	0.011018337280165855	0.02644506727508906	0.007712703870779723	0.13905741950596454	0.0	0.1430241795972279	0.18665854060112483	0.0011014370520074591
18	0.060162528050827606	0.03459940376936277	0.09123548209905726	0.03063264367809941	0.002204196357378673	0.0	0.002204196357378673	0.00022081631174699363	0.007493209812396485	0.02490199759958761	0.004627886773140585	0.1377351661422101	0.002204196357378673	0.11856249236777053	0.20869521516145656	0.0015430696755014467
19	0.03988841722438058	0.048262247777037526	0.08352277822827753	0.010357210598288629	0.0028653230392558997	0.00022081631174699363	0.0011014370520074591	0.0	0.005509829766764805	0.02468250354120437	0.003966760091263359	0.1251737591865428	0.009476589858028163	0.06831686454510132	0.18996417401051097	0.0024236904157619124
20	0.029310390314344955	0.05950140136895038	0.06523072519409842	0.00088194299362422	0.0019833800456316793	0.00022081631174699363	0.0006611266818772265	0.0	0.005509829766764805	0.022699123495572696	0.003966760091263359	0.1150360426466374	0.023139433865702927	0.020715743449941013	0.1372935335187161	0.0015430696755014467
21	0.017850420410685113	0.070079428278986	0.05289013455017812	0.0	0.001322253363754453	0.00022081631174699363	0.0017625637338846856	0.00044031037013023285	0.007272393500649491	0.020935237508324253	0.005729323825148044	0.1179013656858933	0.04297323432201972	0.004627886773140585	0.10578026910035623	0.0006611266818772265
22	0.00925577354628117	0.06545154150584542	0.04165098095826527	0.0	0.00022081631174699363	0.00044031037013023285	0.0033056334093861323	0.002644506727508906	0.005289013455017812	0.013883660319421757	0.005509829766764805	0.12605437992680327	0.05333044492030835	0.00837383055265695	0.10137319863896264	0.0006611266818772265
23	0.021156053820071248	0.06104447104445183	0.06082365473270483	0.0	0.0	0.005068197143270818	0.018951857462692574	0.02049492713819402	0.009916900228158396	0.026004756904958827	0.016748983358677656	0.13222533637544528	0.047380304783413305	0.06082365473270483	0.1324461526871923	0.004627886773140585
24	0.07404618837024936	0.1176805493741463	0.1904044843806412	0.0015430696755014467	0.0006611266818772265	0.01630735073518367	0.050466444134416207	0.05112757081629343	0.029529884372728195	0.059280585057203385	0.08947291836517257	0.26202698233512867	0.05773883763506569	0.1348698431029542	0.16902761424882298	0.025122813911334606
["WIND_ONSHORE","C3",*,*] :	1	2	3	4	5	6	7	8	9	10	11	12	13	14	15	16 := 
1	0.03085698785481783	0.029622708340625116	0.04319978299674496	0.08022816842252636	0.008639956599348993	0.009874236113541705	0.0	0.0024685590283854263	0.11972511287669318	0.17650197052955796	0.2703072136082042	0.17650197052955796	0.05924541668125023	0.10985087676315147	0.15058210073151101	0.1024451996779952
2	0.09010240453606806	0.05307401911028666	0.09627380210703163	0.1320679080186203	0.04813690105351581	0.03702838542578139	0.0	0.0012342795141927132	0.1382393055895839	0.23945022575338637	0.18267336810052154	0.14441070316054747	0.22587315109726652	0.09750808162122435	0.10738231773476604	0.15305065975989643
3	0.18020480907213612	0.05307401911028666	0.17526769101536527	0.12466223093346404	0.09133668405026077	0.06294825522382837	0.0	0.0	0.14317642364635474	0.2505587413811208	0.12219367190507861	0.08763384550768263	0.16415917538763086	0.06788537328059922	0.10121092016380248	0.14441070316054747
4	0.23081026915403738	0.035794105911588686	0.2048903993559904	0.10861659724895875	0.0938052430786462	0.07158821182317737	0.0	0.0	0.10614803822057332	0.2172331944979175	0.09997664064960977	0.05060546008190124	0.07405677085156279	0.035794105911588686	0.09010240453606806	0.12342795141927132
5	0.16909629344440172	0.017279913198697986	0.16539345490182358	0.09997664064960977	0.07899388890833364	0.06418253473802109	0.0	0.0	0.10614803822057332	0.12713078996184946	0.10367947919218791	0.03085698785481783	0.017279913198697986	0.04443406251093767	0.07158821182317737	0.10985087676315147
6	0.12589651044765673	0.017279913198697986	0.12466223093346404	0.10614803822057332	0.08022816842252636	0.054308298624479376	0.0	0.0	0.11478799481992233	0.07282249133737008	0.11972511287669318	0.022217031255468835	0.0012342795141927132	0.07282249133737008	0.054308298624479376	0.10491375870638063
7	0.07158821182317737	0.040731223968359535	0.09257096356445349	0.11849083336250046	0.10121092016380248	0.05554257813867209	0.0	0.0	0.10367947919218791	0.05554257813867209	0.12342795141927132	0.016045633684505272	0.0	0.08763384550768263	0.0469026215393231	0.11108515627734418
8	0.03826266493997411	0.06665109376640652	0.07899388890833364	0.12713078996184946	0.10738231773476604	0.060479696195442946	0.0012342795141927132	0.0	0.08886812502187534	0.05060546008190124	0.10985087676315147	0.014811354170312558	0.006171397570963566	0.09750808162122435	0.05060546008190124	0.12959934899023487
9	0.03702838542578139	0.06665109376640652	0.07775960939414094	0.13453646704700573	0.10121092016380248	0.05554257813867209	0.009874236113541705	0.0012342795141927132	0.05924541668125023	0.045668342025130385	0.0938052430786462	0.013577074656119844	0.07158821182317737	0.09750808162122435	0.060479696195442946	0.15058210073151101
10	0.0654168142522138	0.051839739596093955	0.07405677085156279	0.12342795141927132	0.09133668405026077	0.03702838542578139	0.04813690105351581	0.0037028385425781395	0.028388428826432402	0.04319978299674496	0.09133668405026077	0.006171397570963566	0.1407078646179693	0.07899388890833364	0.0654168142522138	0.15798777781666729
11	0.0839310069651045	0.035794105911588686	0.07652532987994821	0.1320679080186203	0.08763384550768263	0.017279913198697986	0.07899388890833364	0.008639956599348993	0.014811354170312558	0.05060546008190124	0.08146244793671907	0.0037028385425781395	0.18020480907213612	0.0839310069651045	0.056776857652864804	0.1518163802457037
12	0.028388428826432402	0.004937118056770853	0.013577074656119844	0.06171397570963566	0.027154149312239688	0.008639956599348993	0.051839739596093955	0.013577074656119844	0.014811354170312558	0.014811354170312558	0.008639956599348993	0.0037028385425781395	0.17033057295859444	0.022217031255468835	0.051839739596093955	0.024685590283854263
13	0.05060546008190124	0.0	0.032091267369010544	0.008639956599348993	0.016045633684505272	0.0	0.007405677085156279	0.0012342795141927132	0.0	0.0012342795141927132	0.017279913198697986	0.07775960939414094	0.13330218753281303	0.07158821182317737	0.14687926218893285	0.032091267369010544
14	0.0938052430786462	0.0	0.10491375870638063	0.02345131076966155	0.009874236113541705	0.0	0.020982751741276125	0.006171397570963566	0.0037028385425781395	0.04319978299674496	0.024685590283854263	0.09133668405026077	0.10491375870638063	0.14564498267474016	0.24809018235273536	0.024685590283854263
15	0.11725655384830776	0.0	0.12342795141927132	0.056776857652864804	0.0037028385425781395	0.0	0.013577074656119844	0.0012342795141927132	0.014811354170312558	0.0839310069651045	0.006171397570963566	0.08146244793671907	0.06665109376640652	0.17033057295859444	0.33695830737461074	0.009874236113541705
16	0.10985087676315147	0.0	0.07775960939414094	0.04443406251093767	0.0037028385425781395	0.0	0.006171397570963566	0.0	0.014811354170312558	0.08022816842252636	0.0024685590283854263	0.08269672745091179	0.032091267369010544	0.19871900178502683	0.43076355045325687	0.0037028385425781395
17	0.08886812502187534	0.0012342795141927132	0.04196550348255225	0.02345131076966155	0.004937118056770853	0.0	0.0037028385425781395	0.0	0.012342795141927132	0.0654168142522138	0.0024685590283854263	0.08146244793671907	0.013577074656119844	0.20859323789856854	0.49864892373385616	0.0012342795141927132
18	0.06788537328059922	0.0012342795141927132	0.020982751741276125	0.006171397570963566	0.007405677085156279	0.0	0.0024685590283854263	0.0	0.009874236113541705	0.04196550348255225	0.007405677085156279	0.07158821182317737	0.009874236113541705	0.17403341150117255	0.49864892373385616	0.0012342795141927132
19	0.05307401911028666	0.0012342795141927132	0.006171397570963566	0.0	0.007405677085156279	0.0	0.0	0.0	0.007405677085156279	0.022217031255468835	0.017279913198697986	0.06294825522382837	0.007405677085156279	0.11478799481992233	0.4406377865667986	0.0024685590283854263
20	0.03826266493997411	0.0024685590283854263	0.0012342795141927132	0.0	0.004937118056770853	0.0	0.0	0.0012342795141927132	0.008639956599348993	0.009874236113541705	0.03332554688320326	0.05554257813867209	0.006171397570963566	0.06171397570963566	0.3431297049455743	0.0037028385425781395
21	0.02345131076966155	0.0037028385425781395	0.0	0.0	0.0024685590283854263	0.0	0.0	0.0012342795141927132	0.009874236113541705	0.004937118056770853	0.0469026215393231	0.054308298624479376	0.004937118056770853	0.03455982639739597	0.2505587413811208	0.0012342795141927132
22	0.016045633684505272	0.0012342795141927132	0.0012342795141927132	0.0	0.0	0.0	0.0	0.0012342795141927132	0.004937118056770853	0.006171397570963566	0.04319978299674496	0.05060546008190124	0.0012342795141927132	0.022217031255468835	0.16292489587343814	0.0
23	0.009874236113541705	0.0012342795141927132	0.0037028385425781395	0.0	0.0	0.004937118056770853	0.0	0.0024685590283854263	0.0037028385425781395	0.013577074656119844	0.029622708340625116	0.04319978299674496	0.006171397570963566	0.022217031255468835	0.18143908858632882	0.0024685590283854263
24	0.03455982639739597	0.0012342795141927132	0.016045633684505272	0.0	0.0	0.03949694445416682	0.0	0.006171397570963566	0.03085698785481783	0.09010240453606806	0.08516528647929722	0.11108515627734418	0.032091267369010544	0.08516528647929722	0.20612467887018313	0.035794105911588686
["WIND_ONSHORE","C4",*,*] :	1	2	3	4	5	6	7	8	9	10	11	12	13	14	15	16 := 
1	0.18264534335939284	0.1368103902730053	0.04444601511407278	0.07778052644962737	0.08264180935272906	0.0006944689861573871	0.06041880179569268	0.06250220875416485	0.07014136760189611	0.22500795151499345	0.0868086232696734	0.1736172465393468	0.0	0.054863049906433585	0.11319844474365412	0.018750662626249453
2	0.17847852944244852	0.11250397575749672	0.06736349165726656	0.08055840239425692	0.08472521631120124	0.0020834069584721618	0.05833539483722053	0.08264180935272906	0.11458738271596888	0.2215356065842065	0.09375331313124727	0.18333981234555022	0.005555751889259097	0.07430818151884043	0.10417034792360808	0.03333451133555459
3	0.14931083202383824	0.10069800299282113	0.09930906502050636	0.08264180935272906	0.07083583658805348	0.006250220875416484	0.06736349165726656	0.07153030557421088	0.1354214523006905	0.1791729984286059	0.08333627833888646	0.13194910736990356	0.03958473221097107	0.10069800299282113	0.1027814099512933	0.04861282903101711
4	0.12639335548064445	0.0923643751589325	0.12083760359138536	0.06944689861573872	0.06319667774032223	0.013194910736990357	0.07083583658805348	0.04722389105870233	0.13889379723147743	0.12292101054985752	0.06319667774032223	0.09722565806203422	0.08333627833888646	0.1305601693975888	0.08819756124198817	0.07569711949115521
5	0.09583672008971944	0.07778052644962737	0.12014313460522798	0.05000176700333187	0.05694645686490575	0.020834069584721615	0.07291924354652565	0.025695352487823325	0.14167167317610696	0.07361371253268303	0.05347411193411881	0.07569711949115521	0.14236614216226437	0.11458738271596888	0.07569711949115521	0.09375331313124727
6	0.0868086232696734	0.05833539483722053	0.1020869409651359	0.05764092585106314	0.05764092585106314	0.025000883501665936	0.07291924354652565	0.014583848709305132	0.13958826621763484	0.03194557336323981	0.05000176700333187	0.054863049906433585	0.10764269285439501	0.09861459603434897	0.06805796064342394	0.07639158847731259
7	0.08055840239425692	0.04097367018328584	0.07291924354652565	0.06875242962958134	0.06111327078185007	0.025695352487823325	0.07291924354652565	0.008333627833888647	0.11875419663291321	0.009028096820046032	0.05000176700333187	0.04027920119712846	0.1027814099512933	0.1250044175083297	0.052779642947961426	0.04652942207254494
8	0.0812528713804143	0.028473228432452875	0.05208517396180404	0.06736349165726656	0.06180773976800746	0.028473228432452875	0.07361371253268303	0.003472344930786936	0.1027814099512933	0.0013889379723147743	0.05069623598948926	0.03541791829402674	0.0868086232696734	0.14792189405152345	0.03611238728018413	0.03402898032171197
9	0.07430818151884043	0.02013960059856423	0.045140484100230166	0.08750309225583078	0.05625198787874836	0.03541791829402674	0.06319667774032223	0.0006944689861573871	0.09097543718661773	0.0	0.05625198787874836	0.03611238728018413	0.06250220875416485	0.13958826621763484	0.03125110437708242	0.028473228432452875
10	0.07708605746346997	0.018056193640092064	0.029862166404767646	0.09514225110356204	0.04097367018328584	0.03958473221097107	0.06111327078185007	0.0	0.07847499543578475	0.0006944689861573871	0.06111327078185007	0.045140484100230166	0.04236260815560062	0.13611592128684788	0.04097367018328584	0.025000883501665936
11	0.064585615712637	0.021528538570879004	0.011805972764675583	0.09375331313124727	0.0326400423493972	0.04791836004485972	0.06875242962958134	0.0	0.05972433280953529	0.0020834069584721618	0.05764092585106314	0.03402898032171197	0.045834953086387555	0.11528185170212628	0.054168580920276196	0.029862166404767646
12	0.016667255667777294	0.0020834069584721618	0.0006944689861573871	0.04097367018328584	0.006250220875416484	0.03680685626634152	0.021528538570879004	0.0	0.027084290460138098	0.009028096820046032	0.0013889379723147743	0.00972256580620342	0.09722565806203422	0.018056193640092064	0.003472344930786936	0.005555751889259097
13	0.05764092585106314	0.00486128290310171	0.03472344930786936	0.006944689861573872	0.0	0.0	0.0	0.0	0.023611945529351166	0.0013889379723147743	0.013889379723147743	0.09305884414508989	0.059029863823377916	0.00972256580620342	0.00972256580620342	0.013194910736990357
14	0.06875242962958134	0.0027778759446295486	0.04027920119712846	0.011111503778518194	0.0	0.0	0.0027778759446295486	0.0013889379723147743	0.055557518892590974	0.02013960059856423	0.03194557336323981	0.12292101054985752	0.011805972764675583	0.05000176700333187	0.027778759446295487	0.029862166404767646
15	0.07361371253268303	0.0041668139169443235	0.03402898032171197	0.01736172465393468	0.0	0.0	0.00486128290310171	0.0041668139169443235	0.055557518892590974	0.025695352487823325	0.025000883501665936	0.11180950677133934	0.0006944689861573871	0.07569711949115521	0.04027920119712846	0.04444601511407278
16	0.07569711949115521	0.011111503778518194	0.04027920119712846	0.014583848709305132	0.0	0.0	0.0027778759446295486	0.00486128290310171	0.054168580920276196	0.027084290460138098	0.006944689861573872	0.10069800299282113	0.0	0.08472521631120124	0.05694645686490575	0.04652942207254494
17	0.07222477456036826	0.025000883501665936	0.05833539483722053	0.0076391588477312585	0.0	0.0	0.0006944689861573871	0.003472344930786936	0.045834953086387555	0.029167697418610264	0.0013889379723147743	0.09444778211740466	0.0	0.07847499543578475	0.06666902267110918	0.04305707714175801
18	0.06597455368495178	0.037501325252498906	0.07778052644962737	0.005555751889259097	0.0	0.0	0.0	0.0020834069584721618	0.038195794238656294	0.024306414515508554	0.0	0.09305884414508989	0.0006944689861573871	0.059029863823377916	0.07153030557421088	0.037501325252498906
19	0.04444601511407278	0.04722389105870233	0.07639158847731259	0.0027778759446295486	0.0	0.0	0.0	0.0013889379723147743	0.029167697418610264	0.01944513161240684	0.0	0.08403074732504384	0.0013889379723147743	0.027084290460138098	0.04861282903101711	0.028473228432452875
20	0.022917476543193777	0.054863049906433585	0.054863049906433585	0.0013889379723147743	0.0	0.0	0.0	0.0006944689861573871	0.02222300755703639	0.013889379723147743	0.0006944689861573871	0.07083583658805348	0.0013889379723147743	0.006944689861573872	0.021528538570879004	0.015972786681619906
21	0.0076391588477312585	0.064585615712637	0.04444601511407278	0.0006944689861573871	0.0	0.0	0.0	0.0	0.02013960059856423	0.011805972764675583	0.0013889379723147743	0.06736349165726656	0.0027778759446295486	0.0013889379723147743	0.010417034792360808	0.003472344930786936
22	0.003472344930786936	0.06319667774032223	0.03611238728018413	0.0	0.0	0.0	0.0006944689861573871	0.0006944689861573871	0.013889379723147743	0.008333627833888647	0.0027778759446295486	0.07014136760189611	0.009028096820046032	0.0013889379723147743	0.006944689861573872	0.0
23	0.006250220875416484	0.07291924354652565	0.05069623598948926	0.0006944689861573871	0.0	0.0	0.0027778759446295486	0.018750662626249453	0.038195794238656294	0.018056193640092064	0.015972786681619906	0.08055840239425692	0.01944513161240684	0.029862166404767646	0.024306414515508554	0.0006944689861573871
24	0.05000176700333187	0.15139423898231041	0.1305601693975888	0.008333627833888647	0.011805972764675583	0.0041668139169443235	0.006250220875416484	0.08264180935272906	0.08333627833888646	0.05625198787874836	0.03889026322481368	0.18056193640092066	0.03194557336323981	0.08889203022814555	0.07430818151884043	0.0027778759446295486
["WIND_ONSHORE","C5",*,*] :	1	2	3	4	5	6	7	8	9	10	11	12	13	14	15	16 := 
1	0.20215265783808894	0.00245033524652229	0.0869869012515413	0.04655636968392351	0.03920536394435664	0.00245033524652229	0.001225167623261145	0.03920536394435664	0.12986776806568137	0.060033213539796106	0.16784796438677688	0.18622547873569403	0.001225167623261145	0.0980134098608916	0.21930500456374497	0.10413924797719734
2	0.14824528241459856	0.01470201147913374	0.11394058896328649	0.1090399184702419	0.10413924797719734	0.0245033524652229	0.00735100573956687	0.0245033524652229	0.25238453039179587	0.11884125945633107	0.11516575658654764	0.2340070160428787	0.08943723649806358	0.08576173362828016	0.14456977954481512	0.14456977954481512
3	0.09556307461436932	0.020827849595439468	0.16049695864721	0.12864260044242024	0.11761609183306992	0.051457040176968095	0.008576173362828015	0.00735100573956687	0.3001660676989805	0.15927179102394887	0.10536441560045846	0.18622547873569403	0.12496709757263678	0.0379801963210955	0.12741743281915907	0.12374192994937566
4	0.0735100573956687	0.00980134098608916	0.16417246151699344	0.11026508609350305	0.10046374510741389	0.05635771067001267	0.00245033524652229	0.001225167623261145	0.20460299308461125	0.16417246151699344	0.09311273936784702	0.08821206887480243	0.05758287829327382	0.022053017218700607	0.11761609183306992	0.10413924797719734
5	0.06738421927936297	0.001225167623261145	0.15559628815416543	0.08576173362828016	0.08576173362828016	0.04288086681414008	0.0	0.0	0.1580466234006877	0.11271542134002534	0.08331139838175787	0.050231872553706945	0.018377514348917174	0.04778153730718466	0.09433790699110817	0.08453656600501902
6	0.060033213539796106	0.001225167623261145	0.13844394142850938	0.07105972214914641	0.07841072788871328	0.025728520088484048	0.0	0.0	0.12374192994937566	0.06615905165610184	0.09311273936784702	0.0379801963210955	0.011026508609350304	0.08821206887480243	0.06983455452588527	0.07963589551197443
7	0.03307952582805092	0.006125838116305725	0.09066240412132473	0.07473522501892985	0.08331139838175787	0.01960268197217832	0.0	0.0	0.10413924797719734	0.04655636968392351	0.12619226519589793	0.022053017218700607	0.04288086681414008	0.07473522501892985	0.050231872553706945	0.08576173362828016
8	0.0245033524652229	0.018377514348917174	0.055132543046751525	0.08331139838175787	0.0980134098608916	0.023278184841961754	0.0	0.0	0.09433790699110817	0.041655699190878935	0.16172212627047114	0.013476843855872594	0.1470201147913374	0.06860938690262412	0.040430531567617785	0.10291408035393619
9	0.020827849595439468	0.025728520088484048	0.051457040176968095	0.08576173362828016	0.10413924797719734	0.030629190581528628	0.00245033524652229	0.0	0.08208623075849672	0.03920536394435664	0.15437112053090427	0.008576173362828015	0.20460299308461125	0.0869869012515413	0.03920536394435664	0.1359936061819871
10	0.02940402295826748	0.0245033524652229	0.0735100573956687	0.0735100573956687	0.07841072788871328	0.0245033524652229	0.03675502869783435	0.0	0.05635771067001267	0.0379801963210955	0.16784796438677688	0.001225167623261145	0.21440433407070036	0.08331139838175787	0.041655699190878935	0.14456977954481512
11	0.03675502869783435	0.018377514348917174	0.08943723649806358	0.1310929356889425	0.07228488977240756	0.01225167623261145	0.09311273936784702	0.0	0.02940402295826748	0.06738421927936297	0.151920785284382	0.0	0.21930500456374497	0.08086106313523557	0.03920536394435664	0.1335432709354648
12	0.00245033524652229	0.0	0.01225167623261145	0.09188757174458588	0.026953687711745188	0.00980134098608916	0.07105972214914641	0.0	0.020827849595439468	0.03185435820478977	0.008576173362828015	0.00735100573956687	0.1359936061819871	0.030629190581528628	0.04288086681414008	0.013476843855872594
13	0.04288086681414008	0.0	0.022053017218700607	0.00735100573956687	0.006125838116305725	0.0	0.003675502869783435	0.0	0.0	0.00245033524652229	0.01225167623261145	0.08208623075849672	0.10046374510741389	0.11639092420980877	0.1494704500378597	0.01960268197217832
14	0.17887447299612716	0.0	0.09923857748415275	0.011026508609350304	0.001225167623261145	0.0	0.013476843855872594	0.001225167623261145	0.00490067049304458	0.045331202060662365	0.028178855335006334	0.07963589551197443	0.05635771067001267	0.16417246151699344	0.23890768653592329	0.01225167623261145
15	0.20337782546135008	0.0	0.1310929356889425	0.025728520088484048	0.0	0.0	0.00735100573956687	0.0	0.01715234672565603	0.05880804591653496	0.013476843855872594	0.08086106313523557	0.023278184841961754	0.19480165209852207	0.31976874967115887	0.003675502869783435
16	0.15069561766112083	0.0	0.11271542134002534	0.041655699190878935	0.0	0.0	0.00490067049304458	0.0	0.018377514348917174	0.044106034437401215	0.006125838116305725	0.08943723649806358	0.003675502869783435	0.2229805074335284	0.4092059861692225	0.001225167623261145
17	0.11271542134002534	0.0	0.0869869012515413	0.03920536394435664	0.001225167623261145	0.0	0.003675502869783435	0.0	0.01470201147913374	0.02940402295826748	0.006125838116305725	0.09311273936784702	0.001225167623261145	0.23523218366613985	0.47659020544858544	0.001225167623261145
18	0.09188757174458588	0.001225167623261145	0.06738421927936297	0.026953687711745188	0.001225167623261145	0.0	0.00245033524652229	0.0	0.013476843855872594	0.015927179102394884	0.00735100573956687	0.08821206887480243	0.00245033524652229	0.17642413774960486	0.5084445636533752	0.001225167623261145
19	0.06983455452588527	0.003675502869783435	0.045331202060662365	0.01715234672565603	0.00245033524652229	0.0	0.001225167623261145	0.0	0.01225167623261145	0.008576173362828015	0.01225167623261145	0.08453656600501902	0.00245033524652229	0.08576173362828016	0.5010935579138083	0.001225167623261145
20	0.044106034437401215	0.006125838116305725	0.026953687711745188	0.00245033524652229	0.001225167623261145	0.0	0.0	0.0	0.01225167623261145	0.00490067049304458	0.020827849595439468	0.075960392642191	0.003675502869783435	0.030629190581528628	0.43370933863444533	0.001225167623261145
21	0.03185435820478977	0.011026508609350304	0.022053017218700607	0.0	0.0	0.0	0.0	0.001225167623261145	0.01470201147913374	0.00490067049304458	0.026953687711745188	0.075960392642191	0.003675502869783435	0.008576173362828015	0.3626496164852989	0.0
22	0.02940402295826748	0.011026508609350304	0.03185435820478977	0.0	0.0	0.0	0.0	0.00490067049304458	0.008576173362828015	0.00980134098608916	0.023278184841961754	0.075960392642191	0.001225167623261145	0.013476843855872594	0.23890768653592329	0.0
23	0.023278184841961754	0.008576173362828015	0.01960268197217832	0.0	0.0	0.00245033524652229	0.0	0.03430469345131206	0.00735100573956687	0.00980134098608916	0.01470201147913374	0.06370871640957954	0.008576173362828015	0.04288086681414008	0.22175533981026724	0.0
24	0.10291408035393619	0.00980134098608916	0.05635771067001267	0.0	0.0	0.0245033524652229	0.0	0.053907375423490375	0.00980134098608916	0.053907375423490375	0.044106034437401215	0.1715234672565603	0.050231872553706945	0.12251676232611451	0.2756627152337576	0.011026508609350304
["HYDRO_DAM","C1",*,*] :	1	2	3	4	5	6	7	8	9	10	11	12	13	14	15	16 := 
1	0.00010000000000000003	0.00010000000000000003	0.00010000000000000003	0.00010000000000000003	0.00010000000000000003	0.00010000000000000003	0.00010000000000000003	0.00010000000000000003	0.00010000000000000003	0.00010000000000000003	0.00010000000000000003	0.00010000000000000003	0.00010000000000000003	0.00010000000000000003	0.00010000000000000003	0.00010000000000000003
2	0.00010000000000000003	0.00010000000000000003	0.00010000000000000003	0.00010000000000000003	0.00010000000000000003	0.00010000000000000003	0.00010000000000000003	0.00010000000000000003	0.00010000000000000003	0.00010000000000000003	0.00010000000000000003	0.00010000000000000003	0.00010000000000000003	0.00010000000000000003	0.00010000000000000003	0.00010000000000000003
3	0.00010000000000000003	0.00010000000000000003	0.00010000000000000003	0.00010000000000000003	0.00010000000000000003	0.00010000000000000003	0.00010000000000000003	0.00010000000000000003	0.00010000000000000003	0.00010000000000000003	0.00010000000000000003	0.00010000000000000003	0.00010000000000000003	0.00010000000000000003	0.00010000000000000003	0.00010000000000000003
4	0.00010000000000000003	0.00010000000000000003	0.00010000000000000003	0.00010000000000000003	0.00010000000000000003	0.00010000000000000003	0.00010000000000000003	0.00010000000000000003	0.00010000000000000003	0.00010000000000000003	0.00010000000000000003	0.00010000000000000003	0.00010000000000000003	0.00010000000000000003	0.00010000000000000003	0.00010000000000000003
5	0.00010000000000000003	0.00010000000000000003	0.00010000000000000003	0.00010000000000000003	0.00010000000000000003	0.00010000000000000003	0.00010000000000000003	0.00010000000000000003	0.00010000000000000003	0.00010000000000000003	0.00010000000000000003	0.00010000000000000003	0.00010000000000000003	0.00010000000000000003	0.00010000000000000003	0.00010000000000000003
6	0.00010000000000000003	0.00010000000000000003	0.00010000000000000003	0.00010000000000000003	0.00010000000000000003	0.00010000000000000003	0.00010000000000000003	0.00010000000000000003	0.00010000000000000003	0.00010000000000000003	0.00010000000000000003	0.00010000000000000003	0.00010000000000000003	0.00010000000000000003	0.00010000000000000003	0.00010000000000000003
7	0.00010000000000000003	0.00010000000000000003	0.00010000000000000003	0.00010000000000000003	0.00010000000000000003	0.00010000000000000003	0.00010000000000000003	0.00010000000000000003	0.00010000000000000003	0.00010000000000000003	0.00010000000000000003	0.00010000000000000003	0.00010000000000000003	0.00010000000000000003	0.00010000000000000003	0.00010000000000000003
8	0.00010000000000000003	0.00010000000000000003	0.00010000000000000003	0.00010000000000000003	0.00010000000000000003	0.00010000000000000003	0.00010000000000000003	0.00010000000000000003	0.00010000000000000003	0.00010000000000000003	0.00010000000000000003	0.00010000000000000003	0.00010000000000000003	0.00010000000000000003	0.00010000000000000003	0.00010000000000000003
9	0.00010000000000000003	0.00010000000000000003	0.00010000000000000003	0.00010000000000000003	0.00010000000000000003	0.00010000000000000003	0.00010000000000000003	0.00010000000000000003	0.00010000000000000003	0.00010000000000000003	0.00010000000000000003	0.00010000000000000003	0.00010000000000000003	0.00010000000000000003	0.00010000000000000003	0.00010000000000000003
10	0.00010000000000000003	0.00010000000000000003	0.00010000000000000003	0.00010000000000000003	0.00010000000000000003	0.00010000000000000003	0.00010000000000000003	0.00010000000000000003	0.00010000000000000003	0.00010000000000000003	0.00010000000000000003	0.00010000000000000003	0.00010000000000000003	0.00010000000000000003	0.00010000000000000003	0.00010000000000000003
11	0.00010000000000000003	0.00010000000000000003	0.00010000000000000003	0.00010000000000000003	0.00010000000000000003	0.00010000000000000003	0.00010000000000000003	0.00010000000000000003	0.00010000000000000003	0.00010000000000000003	0.00010000000000000003	0.00010000000000000003	0.00010000000000000003	0.00010000000000000003	0.00010000000000000003	0.00010000000000000003
12	0.00010000000000000003	0.00010000000000000003	0.00010000000000000003	0.00010000000000000003	0.00010000000000000003	0.00010000000000000003	0.00010000000000000003	0.00010000000000000003	0.00010000000000000003	0.00010000000000000003	0.00010000000000000003	0.00010000000000000003	0.00010000000000000003	0.00010000000000000003	0.00010000000000000003	0.00010000000000000003
13	0.00010000000000000003	0.00010000000000000003	0.00010000000000000003	0.00010000000000000003	0.00010000000000000003	0.00010000000000000003	0.00010000000000000003	0.00010000000000000003	0.00010000000000000003	0.00010000000000000003	0.00010000000000000003	0.00010000000000000003	0.00010000000000000003	0.00010000000000000003	0.00010000000000000003	0.00010000000000000003
14	0.00010000000000000003	0.00010000000000000003	0.00010000000000000003	0.00010000000000000003	0.00010000000000000003	0.00010000000000000003	0.00010000000000000003	0.00010000000000000003	0.00010000000000000003	0.00010000000000000003	0.00010000000000000003	0.00010000000000000003	0.00010000000000000003	0.00010000000000000003	0.00010000000000000003	0.00010000000000000003
15	0.00010000000000000003	0.00010000000000000003	0.00010000000000000003	0.00010000000000000003	0.00010000000000000003	0.00010000000000000003	0.00010000000000000003	0.00010000000000000003	0.00010000000000000003	0.00010000000000000003	0.00010000000000000003	0.00010000000000000003	0.00010000000000000003	0.00010000000000000003	0.00010000000000000003	0.00010000000000000003
16	0.00010000000000000003	0.00010000000000000003	0.00010000000000000003	0.00010000000000000003	0.00010000000000000003	0.00010000000000000003	0.00010000000000000003	0.00010000000000000003	0.00010000000000000003	0.00010000000000000003	0.00010000000000000003	0.00010000000000000003	0.00010000000000000003	0.00010000000000000003	0.00010000000000000003	0.00010000000000000003
17	0.00010000000000000003	0.00010000000000000003	0.00010000000000000003	0.00010000000000000003	0.00010000000000000003	0.00010000000000000003	0.00010000000000000003	0.00010000000000000003	0.00010000000000000003	0.00010000000000000003	0.00010000000000000003	0.00010000000000000003	0.00010000000000000003	0.00010000000000000003	0.00010000000000000003	0.00010000000000000003
18	0.00010000000000000003	0.00010000000000000003	0.00010000000000000003	0.00010000000000000003	0.00010000000000000003	0.00010000000000000003	0.00010000000000000003	0.00010000000000000003	0.00010000000000000003	0.00010000000000000003	0.00010000000000000003	0.00010000000000000003	0.00010000000000000003	0.00010000000000000003	0.00010000000000000003	0.00010000000000000003
19	0.00010000000000000003	0.00010000000000000003	0.00010000000000000003	0.00010000000000000003	0.00010000000000000003	0.00010000000000000003	0.00010000000000000003	0.00010000000000000003	0.00010000000000000003	0.00010000000000000003	0.00010000000000000003	0.00010000000000000003	0.00010000000000000003	0.00010000000000000003	0.00010000000000000003	0.00010000000000000003
20	0.00010000000000000003	0.00010000000000000003	0.00010000000000000003	0.00010000000000000003	0.00010000000000000003	0.00010000000000000003	0.00010000000000000003	0.00010000000000000003	0.00010000000000000003	0.00010000000000000003	0.00010000000000000003	0.00010000000000000003	0.00010000000000000003	0.00010000000000000003	0.00010000000000000003	0.00010000000000000003
21	0.00010000000000000003	0.00010000000000000003	0.00010000000000000003	0.00010000000000000003	0.00010000000000000003	0.00010000000000000003	0.00010000000000000003	0.00010000000000000003	0.00010000000000000003	0.00010000000000000003	0.00010000000000000003	0.00010000000000000003	0.00010000000000000003	0.00010000000000000003	0.00010000000000000003	0.00010000000000000003
22	0.00010000000000000003	0.00010000000000000003	0.00010000000000000003	0.00010000000000000003	0.00010000000000000003	0.00010000000000000003	0.00010000000000000003	0.00010000000000000003	0.00010000000000000003	0.00010000000000000003	0.00010000000000000003	0.00010000000000000003	0.00010000000000000003	0.00010000000000000003	0.00010000000000000003	0.00010000000000000003
23	0.00010000000000000003	0.00010000000000000003	0.00010000000000000003	0.00010000000000000003	0.00010000000000000003	0.00010000000000000003	0.00010000000000000003	0.00010000000000000003	0.00010000000000000003	0.00010000000000000003	0.00010000000000000003	0.00010000000000000003	0.00010000000000000003	0.00010000000000000003	0.00010000000000000003	0.00010000000000000003
24	0.00010000000000000003	0.00010000000000000003	0.00010000000000000003	0.00010000000000000003	0.00010000000000000003	0.00010000000000000003	0.00010000000000000003	0.00010000000000000003	0.00010000000000000003	0.00010000000000000003	0.00010000000000000003	0.00010000000000000003	0.00010000000000000003	0.00010000000000000003	0.00010000000000000003	0.00010000000000000003
["HYDRO_DAM","C2",*,*] :	1	2	3	4	5	6	7	8	9	10	11	12	13	14	15	16 := 
1	0.00010000000000000003	0.00010000000000000003	0.00010000000000000003	0.00010000000000000003	0.00010000000000000003	0.00010000000000000003	0.00010000000000000003	0.00010000000000000003	0.00010000000000000003	0.00010000000000000003	0.00010000000000000003	0.00010000000000000003	0.00010000000000000003	0.00010000000000000003	0.00010000000000000003	0.00010000000000000003
2	0.00010000000000000003	0.00010000000000000003	0.00010000000000000003	0.00010000000000000003	0.00010000000000000003	0.00010000000000000003	0.00010000000000000003	0.00010000000000000003	0.00010000000000000003	0.00010000000000000003	0.00010000000000000003	0.00010000000000000003	0.00010000000000000003	0.00010000000000000003	0.00010000000000000003	0.00010000000000000003
3	0.00010000000000000003	0.00010000000000000003	0.00010000000000000003	0.00010000000000000003	0.00010000000000000003	0.00010000000000000003	0.00010000000000000003	0.00010000000000000003	0.00010000000000000003	0.00010000000000000003	0.00010000000000000003	0.00010000000000000003	0.00010000000000000003	0.00010000000000000003	0.00010000000000000003	0.00010000000000000003
4	0.00010000000000000003	0.00010000000000000003	0.00010000000000000003	0.00010000000000000003	0.00010000000000000003	0.00010000000000000003	0.00010000000000000003	0.00010000000000000003	0.00010000000000000003	0.00010000000000000003	0.00010000000000000003	0.00010000000000000003	0.00010000000000000003	0.00010000000000000003	0.00010000000000000003	0.00010000000000000003
5	0.00010000000000000003	0.00010000000000000003	0.00010000000000000003	0.00010000000000000003	0.00010000000000000003	0.00010000000000000003	0.00010000000000000003	0.00010000000000000003	0.00010000000000000003	0.00010000000000000003	0.00010000000000000003	0.00010000000000000003	0.00010000000000000003	0.00010000000000000003	0.00010000000000000003	0.00010000000000000003
6	0.00010000000000000003	0.00010000000000000003	0.00010000000000000003	0.00010000000000000003	0.00010000000000000003	0.00010000000000000003	0.00010000000000000003	0.00010000000000000003	0.00010000000000000003	0.00010000000000000003	0.00010000000000000003	0.00010000000000000003	0.00010000000000000003	0.00010000000000000003	0.00010000000000000003	0.00010000000000000003
7	0.00010000000000000003	0.00010000000000000003	0.00010000000000000003	0.00010000000000000003	0.00010000000000000003	0.00010000000000000003	0.00010000000000000003	0.00010000000000000003	0.00010000000000000003	0.00010000000000000003	0.00010000000000000003	0.00010000000000000003	0.00010000000000000003	0.00010000000000000003	0.00010000000000000003	0.00010000000000000003
8	0.00010000000000000003	0.00010000000000000003	0.00010000000000000003	0.00010000000000000003	0.00010000000000000003	0.00010000000000000003	0.00010000000000000003	0.00010000000000000003	0.00010000000000000003	0.00010000000000000003	0.00010000000000000003	0.00010000000000000003	0.00010000000000000003	0.00010000000000000003	0.00010000000000000003	0.00010000000000000003
9	0.00010000000000000003	0.00010000000000000003	0.00010000000000000003	0.00010000000000000003	0.00010000000000000003	0.00010000000000000003	0.00010000000000000003	0.00010000000000000003	0.00010000000000000003	0.00010000000000000003	0.00010000000000000003	0.00010000000000000003	0.00010000000000000003	0.00010000000000000003	0.00010000000000000003	0.00010000000000000003
10	0.00010000000000000003	0.00010000000000000003	0.00010000000000000003	0.00010000000000000003	0.00010000000000000003	0.00010000000000000003	0.00010000000000000003	0.00010000000000000003	0.00010000000000000003	0.00010000000000000003	0.00010000000000000003	0.00010000000000000003	0.00010000000000000003	0.00010000000000000003	0.00010000000000000003	0.00010000000000000003
11	0.00010000000000000003	0.00010000000000000003	0.00010000000000000003	0.00010000000000000003	0.00010000000000000003	0.00010000000000000003	0.00010000000000000003	0.00010000000000000003	0.00010000000000000003	0.00010000000000000003	0.00010000000000000003	0.00010000000000000003	0.00010000000000000003	0.00010000000000000003	0.00010000000000000003	0.00010000000000000003
12	0.00010000000000000003	0.00010000000000000003	0.00010000000000000003	0.00010000000000000003	0.00010000000000000003	0.00010000000000000003	0.00010000000000000003	0.00010000000000000003	0.00010000000000000003	0.00010000000000000003	0.00010000000000000003	0.00010000000000000003	0.00010000000000000003	0.00010000000000000003	0.00010000000000000003	0.00010000000000000003
13	0.00010000000000000003	0.00010000000000000003	0.00010000000000000003	0.00010000000000000003	0.00010000000000000003	0.00010000000000000003	0.00010000000000000003	0.00010000000000000003	0.00010000000000000003	0.00010000000000000003	0.00010000000000000003	0.00010000000000000003	0.00010000000000000003	0.00010000000000000003	0.00010000000000000003	0.00010000000000000003
14	0.00010000000000000003	0.00010000000000000003	0.00010000000000000003	0.00010000000000000003	0.00010000000000000003	0.00010000000000000003	0.00010000000000000003	0.00010000000000000003	0.00010000000000000003	0.00010000000000000003	0.00010000000000000003	0.00010000000000000003	0.00010000000000000003	0.00010000000000000003	0.00010000000000000003	0.00010000000000000003
15	0.00010000000000000003	0.00010000000000000003	0.00010000000000000003	0.00010000000000000003	0.00010000000000000003	0.00010000000000000003	0.00010000000000000003	0.00010000000000000003	0.00010000000000000003	0.00010000000000000003	0.00010000000000000003	0.00010000000000000003	0.00010000000000000003	0.00010000000000000003	0.00010000000000000003	0.00010000000000000003
16	0.00010000000000000003	0.00010000000000000003	0.00010000000000000003	0.00010000000000000003	0.00010000000000000003	0.00010000000000000003	0.00010000000000000003	0.00010000000000000003	0.00010000000000000003	0.00010000000000000003	0.00010000000000000003	0.00010000000000000003	0.00010000000000000003	0.00010000000000000003	0.00010000000000000003	0.00010000000000000003
17	0.00010000000000000003	0.00010000000000000003	0.00010000000000000003	0.00010000000000000003	0.00010000000000000003	0.00010000000000000003	0.00010000000000000003	0.00010000000000000003	0.00010000000000000003	0.00010000000000000003	0.00010000000000000003	0.00010000000000000003	0.00010000000000000003	0.00010000000000000003	0.00010000000000000003	0.00010000000000000003
18	0.00010000000000000003	0.00010000000000000003	0.00010000000000000003	0.00010000000000000003	0.00010000000000000003	0.00010000000000000003	0.00010000000000000003	0.00010000000000000003	0.00010000000000000003	0.00010000000000000003	0.00010000000000000003	0.00010000000000000003	0.00010000000000000003	0.00010000000000000003	0.00010000000000000003	0.00010000000000000003
19	0.00010000000000000003	0.00010000000000000003	0.00010000000000000003	0.00010000000000000003	0.00010000000000000003	0.00010000000000000003	0.00010000000000000003	0.00010000000000000003	0.00010000000000000003	0.00010000000000000003	0.00010000000000000003	0.00010000000000000003	0.00010000000000000003	0.00010000000000000003	0.00010000000000000003	0.00010000000000000003
20	0.00010000000000000003	0.00010000000000000003	0.00010000000000000003	0.00010000000000000003	0.00010000000000000003	0.00010000000000000003	0.00010000000000000003	0.00010000000000000003	0.00010000000000000003	0.00010000000000000003	0.00010000000000000003	0.00010000000000000003	0.00010000000000000003	0.00010000000000000003	0.00010000000000000003	0.00010000000000000003
21	0.00010000000000000003	0.00010000000000000003	0.00010000000000000003	0.00010000000000000003	0.00010000000000000003	0.00010000000000000003	0.00010000000000000003	0.00010000000000000003	0.00010000000000000003	0.00010000000000000003	0.00010000000000000003	0.00010000000000000003	0.00010000000000000003	0.00010000000000000003	0.00010000000000000003	0.00010000000000000003
22	0.00010000000000000003	0.00010000000000000003	0.00010000000000000003	0.00010000000000000003	0.00010000000000000003	0.00010000000000000003	0.00010000000000000003	0.00010000000000000003	0.00010000000000000003	0.00010000000000000003	0.00010000000000000003	0.00010000000000000003	0.00010000000000000003	0.00010000000000000003	0.00010000000000000003	0.00010000000000000003
23	0.00010000000000000003	0.00010000000000000003	0.00010000000000000003	0.00010000000000000003	0.00010000000000000003	0.00010000000000000003	0.00010000000000000003	0.00010000000000000003	0.00010000000000000003	0.00010000000000000003	0.00010000000000000003	0.00010000000000000003	0.00010000000000000003	0.00010000000000000003	0.00010000000000000003	0.00010000000000000003
24	0.00010000000000000003	0.00010000000000000003	0.00010000000000000003	0.00010000000000000003	0.00010000000000000003	0.00010000000000000003	0.00010000000000000003	0.00010000000000000003	0.00010000000000000003	0.00010000000000000003	0.00010000000000000003	0.00010000000000000003	0.00010000000000000003	0.00010000000000000003	0.00010000000000000003	0.00010000000000000003
["HYDRO_DAM","C3",*,*] :	1	2	3	4	5	6	7	8	9	10	11	12	13	14	15	16 := 
1	0.00010000000000000003	0.00010000000000000003	0.00010000000000000003	0.00010000000000000003	0.00010000000000000003	0.00010000000000000003	0.00010000000000000003	0.00010000000000000003	0.00010000000000000003	0.00010000000000000003	0.00010000000000000003	0.00010000000000000003	0.00010000000000000003	0.00010000000000000003	0.00010000000000000003	0.00010000000000000003
2	0.00010000000000000003	0.00010000000000000003	0.00010000000000000003	0.00010000000000000003	0.00010000000000000003	0.00010000000000000003	0.00010000000000000003	0.00010000000000000003	0.00010000000000000003	0.00010000000000000003	0.00010000000000000003	0.00010000000000000003	0.00010000000000000003	0.00010000000000000003	0.00010000000000000003	0.00010000000000000003
3	0.00010000000000000003	0.00010000000000000003	0.00010000000000000003	0.00010000000000000003	0.00010000000000000003	0.00010000000000000003	0.00010000000000000003	0.00010000000000000003	0.00010000000000000003	0.00010000000000000003	0.00010000000000000003	0.00010000000000000003	0.00010000000000000003	0.00010000000000000003	0.00010000000000000003	0.00010000000000000003
4	0.00010000000000000003	0.00010000000000000003	0.00010000000000000003	0.00010000000000000003	0.00010000000000000003	0.00010000000000000003	0.00010000000000000003	0.00010000000000000003	0.00010000000000000003	0.00010000000000000003	0.00010000000000000003	0.00010000000000000003	0.00010000000000000003	0.00010000000000000003	0.00010000000000000003	0.00010000000000000003
5	0.00010000000000000003	0.00010000000000000003	0.00010000000000000003	0.00010000000000000003	0.00010000000000000003	0.00010000000000000003	0.00010000000000000003	0.00010000000000000003	0.00010000000000000003	0.00010000000000000003	0.00010000000000000003	0.00010000000000000003	0.00010000000000000003	0.00010000000000000003	0.00010000000000000003	0.00010000000000000003
6	0.00010000000000000003	0.00010000000000000003	0.00010000000000000003	0.00010000000000000003	0.00010000000000000003	0.00010000000000000003	0.00010000000000000003	0.00010000000000000003	0.00010000000000000003	0.00010000000000000003	0.00010000000000000003	0.00010000000000000003	0.00010000000000000003	0.00010000000000000003	0.00010000000000000003	0.00010000000000000003
7	0.00010000000000000003	0.00010000000000000003	0.00010000000000000003	0.00010000000000000003	0.00010000000000000003	0.00010000000000000003	0.00010000000000000003	0.00010000000000000003	0.00010000000000000003	0.00010000000000000003	0.00010000000000000003	0.00010000000000000003	0.00010000000000000003	0.00010000000000000003	0.00010000000000000003	0.00010000000000000003
8	0.00010000000000000003	0.00010000000000000003	0.00010000000000000003	0.00010000000000000003	0.00010000000000000003	0.00010000000000000003	0.00010000000000000003	0.00010000000000000003	0.00010000000000000003	0.00010000000000000003	0.00010000000000000003	0.00010000000000000003	0.00010000000000000003	0.00010000000000000003	0.00010000000000000003	0.00010000000000000003
9	0.00010000000000000003	0.00010000000000000003	0.00010000000000000003	0.00010000000000000003	0.00010000000000000003	0.00010000000000000003	0.00010000000000000003	0.00010000000000000003	0.00010000000000000003	0.00010000000000000003	0.00010000000000000003	0.00010000000000000003	0.00010000000000000003	0.00010000000000000003	0.00010000000000000003	0.00010000000000000003
10	0.00010000000000000003	0.00010000000000000003	0.00010000000000000003	0.00010000000000000003	0.00010000000000000003	0.00010000000000000003	0.00010000000000000003	0.00010000000000000003	0.00010000000000000003	0.00010000000000000003	0.00010000000000000003	0.00010000000000000003	0.00010000000000000003	0.00010000000000000003	0.00010000000000000003	0.00010000000000000003
11	0.00010000000000000003	0.00010000000000000003	0.00010000000000000003	0.00010000000000000003	0.00010000000000000003	0.00010000000000000003	0.00010000000000000003	0.00010000000000000003	0.00010000000000000003	0.00010000000000000003	0.00010000000000000003	0.00010000000000000003	0.00010000000000000003	0.00010000000000000003	0.00010000000000000003	0.00010000000000000003
12	0.00010000000000000003	0.00010000000000000003	0.00010000000000000003	0.00010000000000000003	0.00010000000000000003	0.00010000000000000003	0.00010000000000000003	0.00010000000000000003	0.00010000000000000003	0.00010000000000000003	0.00010000000000000003	0.00010000000000000003	0.00010000000000000003	0.00010000000000000003	0.00010000000000000003	0.00010000000000000003
13	0.00010000000000000003	0.00010000000000000003	0.00010000000000000003	0.00010000000000000003	0.00010000000000000003	0.00010000000000000003	0.00010000000000000003	0.00010000000000000003	0.00010000000000000003	0.00010000000000000003	0.00010000000000000003	0.00010000000000000003	0.00010000000000000003	0.00010000000000000003	0.00010000000000000003	0.00010000000000000003
14	0.00010000000000000003	0.00010000000000000003	0.00010000000000000003	0.00010000000000000003	0.00010000000000000003	0.00010000000000000003	0.00010000000000000003	0.00010000000000000003	0.00010000000000000003	0.00010000000000000003	0.00010000000000000003	0.00010000000000000003	0.00010000000000000003	0.00010000000000000003	0.00010000000000000003	0.00010000000000000003
15	0.00010000000000000003	0.00010000000000000003	0.00010000000000000003	0.00010000000000000003	0.00010000000000000003	0.00010000000000000003	0.00010000000000000003	0.00010000000000000003	0.00010000000000000003	0.00010000000000000003	0.00010000000000000003	0.00010000000000000003	0.00010000000000000003	0.00010000000000000003	0.00010000000000000003	0.00010000000000000003
16	0.00010000000000000003	0.00010000000000000003	0.00010000000000000003	0.00010000000000000003	0.00010000000000000003	0.00010000000000000003	0.00010000000000000003	0.00010000000000000003	0.00010000000000000003	0.00010000000000000003	0.00010000000000000003	0.00010000000000000003	0.00010000000000000003	0.00010000000000000003	0.00010000000000000003	0.00010000000000000003
17	0.00010000000000000003	0.00010000000000000003	0.00010000000000000003	0.00010000000000000003	0.00010000000000000003	0.00010000000000000003	0.00010000000000000003	0.00010000000000000003	0.00010000000000000003	0.00010000000000000003	0.00010000000000000003	0.00010000000000000003	0.00010000000000000003	0.00010000000000000003	0.00010000000000000003	0.00010000000000000003
18	0.00010000000000000003	0.00010000000000000003	0.00010000000000000003	0.00010000000000000003	0.00010000000000000003	0.00010000000000000003	0.00010000000000000003	0.00010000000000000003	0.00010000000000000003	0.00010000000000000003	0.00010000000000000003	0.00010000000000000003	0.00010000000000000003	0.00010000000000000003	0.00010000000000000003	0.00010000000000000003
19	0.00010000000000000003	0.00010000000000000003	0.00010000000000000003	0.00010000000000000003	0.00010000000000000003	0.00010000000000000003	0.00010000000000000003	0.00010000000000000003	0.00010000000000000003	0.00010000000000000003	0.00010000000000000003	0.00010000000000000003	0.00010000000000000003	0.00010000000000000003	0.00010000000000000003	0.00010000000000000003
20	0.00010000000000000003	0.00010000000000000003	0.00010000000000000003	0.00010000000000000003	0.00010000000000000003	0.00010000000000000003	0.00010000000000000003	0.00010000000000000003	0.00010000000000000003	0.00010000000000000003	0.00010000000000000003	0.00010000000000000003	0.00010000000000000003	0.00010000000000000003	0.00010000000000000003	0.00010000000000000003
21	0.00010000000000000003	0.00010000000000000003	0.00010000000000000003	0.00010000000000000003	0.00010000000000000003	0.00010000000000000003	0.00010000000000000003	0.00010000000000000003	0.00010000000000000003	0.00010000000000000003	0.00010000000000000003	0.00010000000000000003	0.00010000000000000003	0.00010000000000000003	0.00010000000000000003	0.00010000000000000003
22	0.00010000000000000003	0.00010000000000000003	0.00010000000000000003	0.00010000000000000003	0.00010000000000000003	0.00010000000000000003	0.00010000000000000003	0.00010000000000000003	0.00010000000000000003	0.00010000000000000003	0.00010000000000000003	0.00010000000000000003	0.00010000000000000003	0.00010000000000000003	0.00010000000000000003	0.00010000000000000003
23	0.00010000000000000003	0.00010000000000000003	0.00010000000000000003	0.00010000000000000003	0.00010000000000000003	0.00010000000000000003	0.00010000000000000003	0.00010000000000000003	0.00010000000000000003	0.00010000000000000003	0.00010000000000000003	0.00010000000000000003	0.00010000000000000003	0.00010000000000000003	0.00010000000000000003	0.00010000000000000003
24	0.00010000000000000003	0.00010000000000000003	0.00010000000000000003	0.00010000000000000003	0.00010000000000000003	0.00010000000000000003	0.00010000000000000003	0.00010000000000000003	0.00010000000000000003	0.00010000000000000003	0.00010000000000000003	0.00010000000000000003	0.00010000000000000003	0.00010000000000000003	0.00010000000000000003	0.00010000000000000003
["HYDRO_DAM","C4",*,*] :	1	2	3	4	5	6	7	8	9	10	11	12	13	14	15	16 := 
1	0.00010000000000000003	0.00010000000000000003	0.00010000000000000003	0.00010000000000000003	0.00010000000000000003	0.00010000000000000003	0.00010000000000000003	0.00010000000000000003	0.00010000000000000003	0.00010000000000000003	0.00010000000000000003	0.00010000000000000003	0.00010000000000000003	0.00010000000000000003	0.00010000000000000003	0.00010000000000000003
2	0.00010000000000000003	0.00010000000000000003	0.00010000000000000003	0.00010000000000000003	0.00010000000000000003	0.00010000000000000003	0.00010000000000000003	0.00010000000000000003	0.00010000000000000003	0.00010000000000000003	0.00010000000000000003	0.00010000000000000003	0.00010000000000000003	0.00010000000000000003	0.00010000000000000003	0.00010000000000000003
3	0.00010000000000000003	0.00010000000000000003	0.00010000000000000003	0.00010000000000000003	0.00010000000000000003	0.00010000000000000003	0.00010000000000000003	0.00010000000000000003	0.00010000000000000003	0.00010000000000000003	0.00010000000000000003	0.00010000000000000003	0.00010000000000000003	0.00010000000000000003	0.00010000000000000003	0.00010000000000000003
4	0.00010000000000000003	0.00010000000000000003	0.00010000000000000003	0.00010000000000000003	0.00010000000000000003	0.00010000000000000003	0.00010000000000000003	0.00010000000000000003	0.00010000000000000003	0.00010000000000000003	0.00010000000000000003	0.00010000000000000003	0.00010000000000000003	0.00010000000000000003	0.00010000000000000003	0.00010000000000000003
5	0.00010000000000000003	0.00010000000000000003	0.00010000000000000003	0.00010000000000000003	0.00010000000000000003	0.00010000000000000003	0.00010000000000000003	0.00010000000000000003	0.00010000000000000003	0.00010000000000000003	0.00010000000000000003	0.00010000000000000003	0.00010000000000000003	0.00010000000000000003	0.00010000000000000003	0.00010000000000000003
6	0.00010000000000000003	0.00010000000000000003	0.00010000000000000003	0.00010000000000000003	0.00010000000000000003	0.00010000000000000003	0.00010000000000000003	0.00010000000000000003	0.00010000000000000003	0.00010000000000000003	0.00010000000000000003	0.00010000000000000003	0.00010000000000000003	0.00010000000000000003	0.00010000000000000003	0.00010000000000000003
7	0.00010000000000000003	0.00010000000000000003	0.00010000000000000003	0.00010000000000000003	0.00010000000000000003	0.00010000000000000003	0.00010000000000000003	0.00010000000000000003	0.00010000000000000003	0.00010000000000000003	0.00010000000000000003	0.00010000000000000003	0.00010000000000000003	0.00010000000000000003	0.00010000000000000003	0.00010000000000000003
8	0.00010000000000000003	0.00010000000000000003	0.00010000000000000003	0.00010000000000000003	0.00010000000000000003	0.00010000000000000003	0.00010000000000000003	0.00010000000000000003	0.00010000000000000003	0.00010000000000000003	0.00010000000000000003	0.00010000000000000003	0.00010000000000000003	0.00010000000000000003	0.00010000000000000003	0.00010000000000000003
9	0.00010000000000000003	0.00010000000000000003	0.00010000000000000003	0.00010000000000000003	0.00010000000000000003	0.00010000000000000003	0.00010000000000000003	0.00010000000000000003	0.00010000000000000003	0.00010000000000000003	0.00010000000000000003	0.00010000000000000003	0.00010000000000000003	0.00010000000000000003	0.00010000000000000003	0.00010000000000000003
10	0.00010000000000000003	0.00010000000000000003	0.00010000000000000003	0.00010000000000000003	0.00010000000000000003	0.00010000000000000003	0.00010000000000000003	0.00010000000000000003	0.00010000000000000003	0.00010000000000000003	0.00010000000000000003	0.00010000000000000003	0.00010000000000000003	0.00010000000000000003	0.00010000000000000003	0.00010000000000000003
11	0.00010000000000000003	0.00010000000000000003	0.00010000000000000003	0.00010000000000000003	0.00010000000000000003	0.00010000000000000003	0.00010000000000000003	0.00010000000000000003	0.00010000000000000003	0.00010000000000000003	0.00010000000000000003	0.00010000000000000003	0.00010000000000000003	0.00010000000000000003	0.00010000000000000003	0.00010000000000000003
12	0.00010000000000000003	0.00010000000000000003	0.00010000000000000003	0.00010000000000000003	0.00010000000000000003	0.00010000000000000003	0.00010000000000000003	0.00010000000000000003	0.00010000000000000003	0.00010000000000000003	0.00010000000000000003	0.00010000000000000003	0.00010000000000000003	0.00010000000000000003	0.00010000000000000003	0.00010000000000000003
13	0.00010000000000000003	0.00010000000000000003	0.00010000000000000003	0.00010000000000000003	0.00010000000000000003	0.00010000000000000003	0.00010000000000000003	0.00010000000000000003	0.00010000000000000003	0.00010000000000000003	0.00010000000000000003	0.00010000000000000003	0.00010000000000000003	0.00010000000000000003	0.00010000000000000003	0.00010000000000000003
14	0.00010000000000000003	0.00010000000000000003	0.00010000000000000003	0.00010000000000000003	0.00010000000000000003	0.00010000000000000003	0.00010000000000000003	0.00010000000000000003	0.00010000000000000003	0.00010000000000000003	0.00010000000000000003	0.00010000000000000003	0.00010000000000000003	0.00010000000000000003	0.00010000000000000003	0.00010000000000000003
15	0.00010000000000000003	0.00010000000000000003	0.00010000000000000003	0.00010000000000000003	0.00010000000000000003	0.00010000000000000003	0.00010000000000000003	0.00010000000000000003	0.00010000000000000003	0.00010000000000000003	0.00010000000000000003	0.00010000000000000003	0.00010000000000000003	0.00010000000000000003	0.00010000000000000003	0.00010000000000000003
16	0.00010000000000000003	0.00010000000000000003	0.00010000000000000003	0.00010000000000000003	0.00010000000000000003	0.00010000000000000003	0.00010000000000000003	0.00010000000000000003	0.00010000000000000003	0.00010000000000000003	0.00010000000000000003	0.00010000000000000003	0.00010000000000000003	0.00010000000000000003	0.00010000000000000003	0.00010000000000000003
17	0.00010000000000000003	0.00010000000000000003	0.00010000000000000003	0.00010000000000000003	0.00010000000000000003	0.00010000000000000003	0.00010000000000000003	0.00010000000000000003	0.00010000000000000003	0.00010000000000000003	0.00010000000000000003	0.00010000000000000003	0.00010000000000000003	0.00010000000000000003	0.00010000000000000003	0.00010000000000000003
18	0.00010000000000000003	0.00010000000000000003	0.00010000000000000003	0.00010000000000000003	0.00010000000000000003	0.00010000000000000003	0.00010000000000000003	0.00010000000000000003	0.00010000000000000003	0.00010000000000000003	0.00010000000000000003	0.00010000000000000003	0.00010000000000000003	0.00010000000000000003	0.00010000000000000003	0.00010000000000000003
19	0.00010000000000000003	0.00010000000000000003	0.00010000000000000003	0.00010000000000000003	0.00010000000000000003	0.00010000000000000003	0.00010000000000000003	0.00010000000000000003	0.00010000000000000003	0.00010000000000000003	0.00010000000000000003	0.00010000000000000003	0.00010000000000000003	0.00010000000000000003	0.00010000000000000003	0.00010000000000000003
20	0.00010000000000000003	0.00010000000000000003	0.00010000000000000003	0.00010000000000000003	0.00010000000000000003	0.00010000000000000003	0.00010000000000000003	0.00010000000000000003	0.00010000000000000003	0.00010000000000000003	0.00010000000000000003	0.00010000000000000003	0.00010000000000000003	0.00010000000000000003	0.00010000000000000003	0.00010000000000000003
21	0.00010000000000000003	0.00010000000000000003	0.00010000000000000003	0.00010000000000000003	0.00010000000000000003	0.00010000000000000003	0.00010000000000000003	0.00010000000000000003	0.00010000000000000003	0.00010000000000000003	0.00010000000000000003	0.00010000000000000003	0.00010000000000000003	0.00010000000000000003	0.00010000000000000003	0.00010000000000000003
22	0.00010000000000000003	0.00010000000000000003	0.00010000000000000003	0.00010000000000000003	0.00010000000000000003	0.00010000000000000003	0.00010000000000000003	0.00010000000000000003	0.00010000000000000003	0.00010000000000000003	0.00010000000000000003	0.00010000000000000003	0.00010000000000000003	0.00010000000000000003	0.00010000000000000003	0.00010000000000000003
23	0.00010000000000000003	0.00010000000000000003	0.00010000000000000003	0.00010000000000000003	0.00010000000000000003	0.00010000000000000003	0.00010000000000000003	0.00010000000000000003	0.00010000000000000003	0.00010000000000000003	0.00010000000000000003	0.00010000000000000003	0.00010000000000000003	0.00010000000000000003	0.00010000000000000003	0.00010000000000000003
24	0.00010000000000000003	0.00010000000000000003	0.00010000000000000003	0.00010000000000000003	0.00010000000000000003	0.00010000000000000003	0.00010000000000000003	0.00010000000000000003	0.00010000000000000003	0.00010000000000000003	0.00010000000000000003	0.00010000000000000003	0.00010000000000000003	0.00010000000000000003	0.00010000000000000003	0.00010000000000000003
["HYDRO_DAM","C5",*,*] :	1	2	3	4	5	6	7	8	9	10	11	12	13	14	15	16 := 
1	0.00010000000000000003	0.00010000000000000003	0.00010000000000000003	0.00010000000000000003	0.00010000000000000003	0.00010000000000000003	0.00010000000000000003	0.00010000000000000003	0.00010000000000000003	0.00010000000000000003	0.00010000000000000003	0.00010000000000000003	0.00010000000000000003	0.00010000000000000003	0.00010000000000000003	0.00010000000000000003
2	0.00010000000000000003	0.00010000000000000003	0.00010000000000000003	0.00010000000000000003	0.00010000000000000003	0.00010000000000000003	0.00010000000000000003	0.00010000000000000003	0.00010000000000000003	0.00010000000000000003	0.00010000000000000003	0.00010000000000000003	0.00010000000000000003	0.00010000000000000003	0.00010000000000000003	0.00010000000000000003
3	0.00010000000000000003	0.00010000000000000003	0.00010000000000000003	0.00010000000000000003	0.00010000000000000003	0.00010000000000000003	0.00010000000000000003	0.00010000000000000003	0.00010000000000000003	0.00010000000000000003	0.00010000000000000003	0.00010000000000000003	0.00010000000000000003	0.00010000000000000003	0.00010000000000000003	0.00010000000000000003
4	0.00010000000000000003	0.00010000000000000003	0.00010000000000000003	0.00010000000000000003	0.00010000000000000003	0.00010000000000000003	0.00010000000000000003	0.00010000000000000003	0.00010000000000000003	0.00010000000000000003	0.00010000000000000003	0.00010000000000000003	0.00010000000000000003	0.00010000000000000003	0.00010000000000000003	0.00010000000000000003
5	0.00010000000000000003	0.00010000000000000003	0.00010000000000000003	0.00010000000000000003	0.00010000000000000003	0.00010000000000000003	0.00010000000000000003	0.00010000000000000003	0.00010000000000000003	0.00010000000000000003	0.00010000000000000003	0.00010000000000000003	0.00010000000000000003	0.00010000000000000003	0.00010000000000000003	0.00010000000000000003
6	0.00010000000000000003	0.00010000000000000003	0.00010000000000000003	0.00010000000000000003	0.00010000000000000003	0.00010000000000000003	0.00010000000000000003	0.00010000000000000003	0.00010000000000000003	0.00010000000000000003	0.00010000000000000003	0.00010000000000000003	0.00010000000000000003	0.00010000000000000003	0.00010000000000000003	0.00010000000000000003
7	0.00010000000000000003	0.00010000000000000003	0.00010000000000000003	0.00010000000000000003	0.00010000000000000003	0.00010000000000000003	0.00010000000000000003	0.00010000000000000003	0.00010000000000000003	0.00010000000000000003	0.00010000000000000003	0.00010000000000000003	0.00010000000000000003	0.00010000000000000003	0.00010000000000000003	0.00010000000000000003
8	0.00010000000000000003	0.00010000000000000003	0.00010000000000000003	0.00010000000000000003	0.00010000000000000003	0.00010000000000000003	0.00010000000000000003	0.00010000000000000003	0.00010000000000000003	0.00010000000000000003	0.00010000000000000003	0.00010000000000000003	0.00010000000000000003	0.00010000000000000003	0.00010000000000000003	0.00010000000000000003
9	0.00010000000000000003	0.00010000000000000003	0.00010000000000000003	0.00010000000000000003	0.00010000000000000003	0.00010000000000000003	0.00010000000000000003	0.00010000000000000003	0.00010000000000000003	0.00010000000000000003	0.00010000000000000003	0.00010000000000000003	0.00010000000000000003	0.00010000000000000003	0.00010000000000000003	0.00010000000000000003
10	0.00010000000000000003	0.00010000000000000003	0.00010000000000000003	0.00010000000000000003	0.00010000000000000003	0.00010000000000000003	0.00010000000000000003	0.00010000000000000003	0.00010000000000000003	0.00010000000000000003	0.00010000000000000003	0.00010000000000000003	0.00010000000000000003	0.00010000000000000003	0.00010000000000000003	0.00010000000000000003
11	0.00010000000000000003	0.00010000000000000003	0.00010000000000000003	0.00010000000000000003	0.00010000000000000003	0.00010000000000000003	0.00010000000000000003	0.00010000000000000003	0.00010000000000000003	0.00010000000000000003	0.00010000000000000003	0.00010000000000000003	0.00010000000000000003	0.00010000000000000003	0.00010000000000000003	0.00010000000000000003
12	0.00010000000000000003	0.00010000000000000003	0.00010000000000000003	0.00010000000000000003	0.00010000000000000003	0.00010000000000000003	0.00010000000000000003	0.00010000000000000003	0.00010000000000000003	0.00010000000000000003	0.00010000000000000003	0.00010000000000000003	0.00010000000000000003	0.00010000000000000003	0.00010000000000000003	0.00010000000000000003
13	0.00010000000000000003	0.00010000000000000003	0.00010000000000000003	0.00010000000000000003	0.00010000000000000003	0.00010000000000000003	0.00010000000000000003	0.00010000000000000003	0.00010000000000000003	0.00010000000000000003	0.00010000000000000003	0.00010000000000000003	0.00010000000000000003	0.00010000000000000003	0.00010000000000000003	0.00010000000000000003
14	0.00010000000000000003	0.00010000000000000003	0.00010000000000000003	0.00010000000000000003	0.00010000000000000003	0.00010000000000000003	0.00010000000000000003	0.00010000000000000003	0.00010000000000000003	0.00010000000000000003	0.00010000000000000003	0.00010000000000000003	0.00010000000000000003	0.00010000000000000003	0.00010000000000000003	0.00010000000000000003
15	0.00010000000000000003	0.00010000000000000003	0.00010000000000000003	0.00010000000000000003	0.00010000000000000003	0.00010000000000000003	0.00010000000000000003	0.00010000000000000003	0.00010000000000000003	0.00010000000000000003	0.00010000000000000003	0.00010000000000000003	0.00010000000000000003	0.00010000000000000003	0.00010000000000000003	0.00010000000000000003
16	0.00010000000000000003	0.00010000000000000003	0.00010000000000000003	0.00010000000000000003	0.00010000000000000003	0.00010000000000000003	0.00010000000000000003	0.00010000000000000003	0.00010000000000000003	0.00010000000000000003	0.00010000000000000003	0.00010000000000000003	0.00010000000000000003	0.00010000000000000003	0.00010000000000000003	0.00010000000000000003
17	0.00010000000000000003	0.00010000000000000003	0.00010000000000000003	0.00010000000000000003	0.00010000000000000003	0.00010000000000000003	0.00010000000000000003	0.00010000000000000003	0.00010000000000000003	0.00010000000000000003	0.00010000000000000003	0.00010000000000000003	0.00010000000000000003	0.00010000000000000003	0.00010000000000000003	0.00010000000000000003
18	0.00010000000000000003	0.00010000000000000003	0.00010000000000000003	0.00010000000000000003	0.00010000000000000003	0.00010000000000000003	0.00010000000000000003	0.00010000000000000003	0.00010000000000000003	0.00010000000000000003	0.00010000000000000003	0.00010000000000000003	0.00010000000000000003	0.00010000000000000003	0.00010000000000000003	0.00010000000000000003
19	0.00010000000000000003	0.00010000000000000003	0.00010000000000000003	0.00010000000000000003	0.00010000000000000003	0.00010000000000000003	0.00010000000000000003	0.00010000000000000003	0.00010000000000000003	0.00010000000000000003	0.00010000000000000003	0.00010000000000000003	0.00010000000000000003	0.00010000000000000003	0.00010000000000000003	0.00010000000000000003
20	0.00010000000000000003	0.00010000000000000003	0.00010000000000000003	0.00010000000000000003	0.00010000000000000003	0.00010000000000000003	0.00010000000000000003	0.00010000000000000003	0.00010000000000000003	0.00010000000000000003	0.00010000000000000003	0.00010000000000000003	0.00010000000000000003	0.00010000000000000003	0.00010000000000000003	0.00010000000000000003
21	0.00010000000000000003	0.00010000000000000003	0.00010000000000000003	0.00010000000000000003	0.00010000000000000003	0.00010000000000000003	0.00010000000000000003	0.00010000000000000003	0.00010000000000000003	0.00010000000000000003	0.00010000000000000003	0.00010000000000000003	0.00010000000000000003	0.00010000000000000003	0.00010000000000000003	0.00010000000000000003
22	0.00010000000000000003	0.00010000000000000003	0.00010000000000000003	0.00010000000000000003	0.00010000000000000003	0.00010000000000000003	0.00010000000000000003	0.00010000000000000003	0.00010000000000000003	0.00010000000000000003	0.00010000000000000003	0.00010000000000000003	0.00010000000000000003	0.00010000000000000003	0.00010000000000000003	0.00010000000000000003
23	0.00010000000000000003	0.00010000000000000003	0.00010000000000000003	0.00010000000000000003	0.00010000000000000003	0.00010000000000000003	0.00010000000000000003	0.00010000000000000003	0.00010000000000000003	0.00010000000000000003	0.00010000000000000003	0.00010000000000000003	0.00010000000000000003	0.00010000000000000003	0.00010000000000000003	0.00010000000000000003
24	0.00010000000000000003	0.00010000000000000003	0.00010000000000000003	0.00010000000000000003	0.00010000000000000003	0.00010000000000000003	0.00010000000000000003	0.00010000000000000003	0.00010000000000000003	0.00010000000000000003	0.00010000000000000003	0.00010000000000000003	0.00010000000000000003	0.00010000000000000003	0.00010000000000000003	0.00010000000000000003
["HYDRO_RIVER","C1",*,*] :	1	2	3	4	5	6	7	8	9	10	11	12	13	14	15	16 := 
1	0.00010000000000000003	0.00010000000000000003	0.00010000000000000003	0.00010000000000000003	0.00010000000000000003	0.00010000000000000003	0.00010000000000000003	0.00010000000000000003	0.00010000000000000003	0.00010000000000000003	0.00010000000000000003	0.00010000000000000003	0.00010000000000000003	0.00010000000000000003	0.00010000000000000003	0.00010000000000000003
2	0.00010000000000000003	0.00010000000000000003	0.00010000000000000003	0.00010000000000000003	0.00010000000000000003	0.00010000000000000003	0.00010000000000000003	0.00010000000000000003	0.00010000000000000003	0.00010000000000000003	0.00010000000000000003	0.00010000000000000003	0.00010000000000000003	0.00010000000000000003	0.00010000000000000003	0.00010000000000000003
3	0.00010000000000000003	0.00010000000000000003	0.00010000000000000003	0.00010000000000000003	0.00010000000000000003	0.00010000000000000003	0.00010000000000000003	0.00010000000000000003	0.00010000000000000003	0.00010000000000000003	0.00010000000000000003	0.00010000000000000003	0.00010000000000000003	0.00010000000000000003	0.00010000000000000003	0.00010000000000000003
4	0.00010000000000000003	0.00010000000000000003	0.00010000000000000003	0.00010000000000000003	0.00010000000000000003	0.00010000000000000003	0.00010000000000000003	0.00010000000000000003	0.00010000000000000003	0.00010000000000000003	0.00010000000000000003	0.00010000000000000003	0.00010000000000000003	0.00010000000000000003	0.00010000000000000003	0.00010000000000000003
5	0.00010000000000000003	0.00010000000000000003	0.00010000000000000003	0.00010000000000000003	0.00010000000000000003	0.00010000000000000003	0.00010000000000000003	0.00010000000000000003	0.00010000000000000003	0.00010000000000000003	0.00010000000000000003	0.00010000000000000003	0.00010000000000000003	0.00010000000000000003	0.00010000000000000003	0.00010000000000000003
6	0.00010000000000000003	0.00010000000000000003	0.00010000000000000003	0.00010000000000000003	0.00010000000000000003	0.00010000000000000003	0.00010000000000000003	0.00010000000000000003	0.00010000000000000003	0.00010000000000000003	0.00010000000000000003	0.00010000000000000003	0.00010000000000000003	0.00010000000000000003	0.00010000000000000003	0.00010000000000000003
7	0.00010000000000000003	0.00010000000000000003	0.00010000000000000003	0.00010000000000000003	0.00010000000000000003	0.00010000000000000003	0.00010000000000000003	0.00010000000000000003	0.00010000000000000003	0.00010000000000000003	0.00010000000000000003	0.00010000000000000003	0.00010000000000000003	0.00010000000000000003	0.00010000000000000003	0.00010000000000000003
8	0.00010000000000000003	0.00010000000000000003	0.00010000000000000003	0.00010000000000000003	0.00010000000000000003	0.00010000000000000003	0.00010000000000000003	0.00010000000000000003	0.00010000000000000003	0.00010000000000000003	0.00010000000000000003	0.00010000000000000003	0.00010000000000000003	0.00010000000000000003	0.00010000000000000003	0.00010000000000000003
9	0.00010000000000000003	0.00010000000000000003	0.00010000000000000003	0.00010000000000000003	0.00010000000000000003	0.00010000000000000003	0.00010000000000000003	0.00010000000000000003	0.00010000000000000003	0.00010000000000000003	0.00010000000000000003	0.00010000000000000003	0.00010000000000000003	0.00010000000000000003	0.00010000000000000003	0.00010000000000000003
10	0.00010000000000000003	0.00010000000000000003	0.00010000000000000003	0.00010000000000000003	0.00010000000000000003	0.00010000000000000003	0.00010000000000000003	0.00010000000000000003	0.00010000000000000003	0.00010000000000000003	0.00010000000000000003	0.00010000000000000003	0.00010000000000000003	0.00010000000000000003	0.00010000000000000003	0.00010000000000000003
11	0.00010000000000000003	0.00010000000000000003	0.00010000000000000003	0.00010000000000000003	0.00010000000000000003	0.00010000000000000003	0.00010000000000000003	0.00010000000000000003	0.00010000000000000003	0.00010000000000000003	0.00010000000000000003	0.00010000000000000003	0.00010000000000000003	0.00010000000000000003	0.00010000000000000003	0.00010000000000000003
12	0.00010000000000000003	0.00010000000000000003	0.00010000000000000003	0.00010000000000000003	0.00010000000000000003	0.00010000000000000003	0.00010000000000000003	0.00010000000000000003	0.00010000000000000003	0.00010000000000000003	0.00010000000000000003	0.00010000000000000003	0.00010000000000000003	0.00010000000000000003	0.00010000000000000003	0.00010000000000000003
13	0.00010000000000000003	0.00010000000000000003	0.00010000000000000003	0.00010000000000000003	0.00010000000000000003	0.00010000000000000003	0.00010000000000000003	0.00010000000000000003	0.00010000000000000003	0.00010000000000000003	0.00010000000000000003	0.00010000000000000003	0.00010000000000000003	0.00010000000000000003	0.00010000000000000003	0.00010000000000000003
14	0.00010000000000000003	0.00010000000000000003	0.00010000000000000003	0.00010000000000000003	0.00010000000000000003	0.00010000000000000003	0.00010000000000000003	0.00010000000000000003	0.00010000000000000003	0.00010000000000000003	0.00010000000000000003	0.00010000000000000003	0.00010000000000000003	0.00010000000000000003	0.00010000000000000003	0.00010000000000000003
15	0.00010000000000000003	0.00010000000000000003	0.00010000000000000003	0.00010000000000000003	0.00010000000000000003	0.00010000000000000003	0.00010000000000000003	0.00010000000000000003	0.00010000000000000003	0.00010000000000000003	0.00010000000000000003	0.00010000000000000003	0.00010000000000000003	0.00010000000000000003	0.00010000000000000003	0.00010000000000000003
16	0.00010000000000000003	0.00010000000000000003	0.00010000000000000003	0.00010000000000000003	0.00010000000000000003	0.00010000000000000003	0.00010000000000000003	0.00010000000000000003	0.00010000000000000003	0.00010000000000000003	0.00010000000000000003	0.00010000000000000003	0.00010000000000000003	0.00010000000000000003	0.00010000000000000003	0.00010000000000000003
17	0.00010000000000000003	0.00010000000000000003	0.00010000000000000003	0.00010000000000000003	0.00010000000000000003	0.00010000000000000003	0.00010000000000000003	0.00010000000000000003	0.00010000000000000003	0.00010000000000000003	0.00010000000000000003	0.00010000000000000003	0.00010000000000000003	0.00010000000000000003	0.00010000000000000003	0.00010000000000000003
18	0.00010000000000000003	0.00010000000000000003	0.00010000000000000003	0.00010000000000000003	0.00010000000000000003	0.00010000000000000003	0.00010000000000000003	0.00010000000000000003	0.00010000000000000003	0.00010000000000000003	0.00010000000000000003	0.00010000000000000003	0.00010000000000000003	0.00010000000000000003	0.00010000000000000003	0.00010000000000000003
19	0.00010000000000000003	0.00010000000000000003	0.00010000000000000003	0.00010000000000000003	0.00010000000000000003	0.00010000000000000003	0.00010000000000000003	0.00010000000000000003	0.00010000000000000003	0.00010000000000000003	0.00010000000000000003	0.00010000000000000003	0.00010000000000000003	0.00010000000000000003	0.00010000000000000003	0.00010000000000000003
20	0.00010000000000000003	0.00010000000000000003	0.00010000000000000003	0.00010000000000000003	0.00010000000000000003	0.00010000000000000003	0.00010000000000000003	0.00010000000000000003	0.00010000000000000003	0.00010000000000000003	0.00010000000000000003	0.00010000000000000003	0.00010000000000000003	0.00010000000000000003	0.00010000000000000003	0.00010000000000000003
21	0.00010000000000000003	0.00010000000000000003	0.00010000000000000003	0.00010000000000000003	0.00010000000000000003	0.00010000000000000003	0.00010000000000000003	0.00010000000000000003	0.00010000000000000003	0.00010000000000000003	0.00010000000000000003	0.00010000000000000003	0.00010000000000000003	0.00010000000000000003	0.00010000000000000003	0.00010000000000000003
22	0.00010000000000000003	0.00010000000000000003	0.00010000000000000003	0.00010000000000000003	0.00010000000000000003	0.00010000000000000003	0.00010000000000000003	0.00010000000000000003	0.00010000000000000003	0.00010000000000000003	0.00010000000000000003	0.00010000000000000003	0.00010000000000000003	0.00010000000000000003	0.00010000000000000003	0.00010000000000000003
23	0.00010000000000000003	0.00010000000000000003	0.00010000000000000003	0.00010000000000000003	0.00010000000000000003	0.00010000000000000003	0.00010000000000000003	0.00010000000000000003	0.00010000000000000003	0.00010000000000000003	0.00010000000000000003	0.00010000000000000003	0.00010000000000000003	0.00010000000000000003	0.00010000000000000003	0.00010000000000000003
24	0.00010000000000000003	0.00010000000000000003	0.00010000000000000003	0.00010000000000000003	0.00010000000000000003	0.00010000000000000003	0.00010000000000000003	0.00010000000000000003	0.00010000000000000003	0.00010000000000000003	0.00010000000000000003	0.00010000000000000003	0.00010000000000000003	0.00010000000000000003	0.00010000000000000003	0.00010000000000000003
["HYDRO_RIVER","C2",*,*] :	1	2	3	4	5	6	7	8	9	10	11	12	13	14	15	16 := 
1	0.00010000000000000003	0.00010000000000000003	0.00010000000000000003	0.00010000000000000003	0.00010000000000000003	0.00010000000000000003	0.00010000000000000003	0.00010000000000000003	0.00010000000000000003	0.00010000000000000003	0.00010000000000000003	0.00010000000000000003	0.00010000000000000003	0.00010000000000000003	0.00010000000000000003	0.00010000000000000003
2	0.00010000000000000003	0.00010000000000000003	0.00010000000000000003	0.00010000000000000003	0.00010000000000000003	0.00010000000000000003	0.00010000000000000003	0.00010000000000000003	0.00010000000000000003	0.00010000000000000003	0.00010000000000000003	0.00010000000000000003	0.00010000000000000003	0.00010000000000000003	0.00010000000000000003	0.00010000000000000003
3	0.00010000000000000003	0.00010000000000000003	0.00010000000000000003	0.00010000000000000003	0.00010000000000000003	0.00010000000000000003	0.00010000000000000003	0.00010000000000000003	0.00010000000000000003	0.00010000000000000003	0.00010000000000000003	0.00010000000000000003	0.00010000000000000003	0.00010000000000000003	0.00010000000000000003	0.00010000000000000003
4	0.00010000000000000003	0.00010000000000000003	0.00010000000000000003	0.00010000000000000003	0.00010000000000000003	0.00010000000000000003	0.00010000000000000003	0.00010000000000000003	0.00010000000000000003	0.00010000000000000003	0.00010000000000000003	0.00010000000000000003	0.00010000000000000003	0.00010000000000000003	0.00010000000000000003	0.00010000000000000003
5	0.00010000000000000003	0.00010000000000000003	0.00010000000000000003	0.00010000000000000003	0.00010000000000000003	0.00010000000000000003	0.00010000000000000003	0.00010000000000000003	0.00010000000000000003	0.00010000000000000003	0.00010000000000000003	0.00010000000000000003	0.00010000000000000003	0.00010000000000000003	0.00010000000000000003	0.00010000000000000003
6	0.00010000000000000003	0.00010000000000000003	0.00010000000000000003	0.00010000000000000003	0.00010000000000000003	0.00010000000000000003	0.00010000000000000003	0.00010000000000000003	0.00010000000000000003	0.00010000000000000003	0.00010000000000000003	0.00010000000000000003	0.00010000000000000003	0.00010000000000000003	0.00010000000000000003	0.00010000000000000003
7	0.00010000000000000003	0.00010000000000000003	0.00010000000000000003	0.00010000000000000003	0.00010000000000000003	0.00010000000000000003	0.00010000000000000003	0.00010000000000000003	0.00010000000000000003	0.00010000000000000003	0.00010000000000000003	0.00010000000000000003	0.00010000000000000003	0.00010000000000000003	0.00010000000000000003	0.00010000000000000003
8	0.00010000000000000003	0.00010000000000000003	0.00010000000000000003	0.00010000000000000003	0.00010000000000000003	0.00010000000000000003	0.00010000000000000003	0.00010000000000000003	0.00010000000000000003	0.00010000000000000003	0.00010000000000000003	0.00010000000000000003	0.00010000000000000003	0.00010000000000000003	0.00010000000000000003	0.00010000000000000003
9	0.00010000000000000003	0.00010000000000000003	0.00010000000000000003	0.00010000000000000003	0.00010000000000000003	0.00010000000000000003	0.00010000000000000003	0.00010000000000000003	0.00010000000000000003	0.00010000000000000003	0.00010000000000000003	0.00010000000000000003	0.00010000000000000003	0.00010000000000000003	0.00010000000000000003	0.00010000000000000003
10	0.00010000000000000003	0.00010000000000000003	0.00010000000000000003	0.00010000000000000003	0.00010000000000000003	0.00010000000000000003	0.00010000000000000003	0.00010000000000000003	0.00010000000000000003	0.00010000000000000003	0.00010000000000000003	0.00010000000000000003	0.00010000000000000003	0.00010000000000000003	0.00010000000000000003	0.00010000000000000003
11	0.00010000000000000003	0.00010000000000000003	0.00010000000000000003	0.00010000000000000003	0.00010000000000000003	0.00010000000000000003	0.00010000000000000003	0.00010000000000000003	0.00010000000000000003	0.00010000000000000003	0.00010000000000000003	0.00010000000000000003	0.00010000000000000003	0.00010000000000000003	0.00010000000000000003	0.00010000000000000003
12	0.00010000000000000003	0.00010000000000000003	0.00010000000000000003	0.00010000000000000003	0.00010000000000000003	0.00010000000000000003	0.00010000000000000003	0.00010000000000000003	0.00010000000000000003	0.00010000000000000003	0.00010000000000000003	0.00010000000000000003	0.00010000000000000003	0.00010000000000000003	0.00010000000000000003	0.00010000000000000003
13	0.00010000000000000003	0.00010000000000000003	0.00010000000000000003	0.00010000000000000003	0.00010000000000000003	0.00010000000000000003	0.00010000000000000003	0.00010000000000000003	0.00010000000000000003	0.00010000000000000003	0.00010000000000000003	0.00010000000000000003	0.00010000000000000003	0.00010000000000000003	0.00010000000000000003	0.00010000000000000003
14	0.00010000000000000003	0.00010000000000000003	0.00010000000000000003	0.00010000000000000003	0.00010000000000000003	0.00010000000000000003	0.00010000000000000003	0.00010000000000000003	0.00010000000000000003	0.00010000000000000003	0.00010000000000000003	0.00010000000000000003	0.00010000000000000003	0.00010000000000000003	0.00010000000000000003	0.00010000000000000003
15	0.00010000000000000003	0.00010000000000000003	0.00010000000000000003	0.00010000000000000003	0.00010000000000000003	0.00010000000000000003	0.00010000000000000003	0.00010000000000000003	0.00010000000000000003	0.00010000000000000003	0.00010000000000000003	0.00010000000000000003	0.00010000000000000003	0.00010000000000000003	0.00010000000000000003	0.00010000000000000003
16	0.00010000000000000003	0.00010000000000000003	0.00010000000000000003	0.00010000000000000003	0.00010000000000000003	0.00010000000000000003	0.00010000000000000003	0.00010000000000000003	0.00010000000000000003	0.00010000000000000003	0.00010000000000000003	0.00010000000000000003	0.00010000000000000003	0.00010000000000000003	0.00010000000000000003	0.00010000000000000003
17	0.00010000000000000003	0.00010000000000000003	0.00010000000000000003	0.00010000000000000003	0.00010000000000000003	0.00010000000000000003	0.00010000000000000003	0.00010000000000000003	0.00010000000000000003	0.00010000000000000003	0.00010000000000000003	0.00010000000000000003	0.00010000000000000003	0.00010000000000000003	0.00010000000000000003	0.00010000000000000003
18	0.00010000000000000003	0.00010000000000000003	0.00010000000000000003	0.00010000000000000003	0.00010000000000000003	0.00010000000000000003	0.00010000000000000003	0.00010000000000000003	0.00010000000000000003	0.00010000000000000003	0.00010000000000000003	0.00010000000000000003	0.00010000000000000003	0.00010000000000000003	0.00010000000000000003	0.00010000000000000003
19	0.00010000000000000003	0.00010000000000000003	0.00010000000000000003	0.00010000000000000003	0.00010000000000000003	0.00010000000000000003	0.00010000000000000003	0.00010000000000000003	0.00010000000000000003	0.00010000000000000003	0.00010000000000000003	0.00010000000000000003	0.00010000000000000003	0.00010000000000000003	0.00010000000000000003	0.00010000000000000003
20	0.00010000000000000003	0.00010000000000000003	0.00010000000000000003	0.00010000000000000003	0.00010000000000000003	0.00010000000000000003	0.00010000000000000003	0.00010000000000000003	0.00010000000000000003	0.00010000000000000003	0.00010000000000000003	0.00010000000000000003	0.00010000000000000003	0.00010000000000000003	0.00010000000000000003	0.00010000000000000003
21	0.00010000000000000003	0.00010000000000000003	0.00010000000000000003	0.00010000000000000003	0.00010000000000000003	0.00010000000000000003	0.00010000000000000003	0.00010000000000000003	0.00010000000000000003	0.00010000000000000003	0.00010000000000000003	0.00010000000000000003	0.00010000000000000003	0.00010000000000000003	0.00010000000000000003	0.00010000000000000003
22	0.00010000000000000003	0.00010000000000000003	0.00010000000000000003	0.00010000000000000003	0.00010000000000000003	0.00010000000000000003	0.00010000000000000003	0.00010000000000000003	0.00010000000000000003	0.00010000000000000003	0.00010000000000000003	0.00010000000000000003	0.00010000000000000003	0.00010000000000000003	0.00010000000000000003	0.00010000000000000003
23	0.00010000000000000003	0.00010000000000000003	0.00010000000000000003	0.00010000000000000003	0.00010000000000000003	0.00010000000000000003	0.00010000000000000003	0.00010000000000000003	0.00010000000000000003	0.00010000000000000003	0.00010000000000000003	0.00010000000000000003	0.00010000000000000003	0.00010000000000000003	0.00010000000000000003	0.00010000000000000003
24	0.00010000000000000003	0.00010000000000000003	0.00010000000000000003	0.00010000000000000003	0.00010000000000000003	0.00010000000000000003	0.00010000000000000003	0.00010000000000000003	0.00010000000000000003	0.00010000000000000003	0.00010000000000000003	0.00010000000000000003	0.00010000000000000003	0.00010000000000000003	0.00010000000000000003	0.00010000000000000003
["HYDRO_RIVER","C3",*,*] :	1	2	3	4	5	6	7	8	9	10	11	12	13	14	15	16 := 
1	0.00010000000000000003	0.00010000000000000003	0.00010000000000000003	0.00010000000000000003	0.00010000000000000003	0.00010000000000000003	0.00010000000000000003	0.00010000000000000003	0.00010000000000000003	0.00010000000000000003	0.00010000000000000003	0.00010000000000000003	0.00010000000000000003	0.00010000000000000003	0.00010000000000000003	0.00010000000000000003
2	0.00010000000000000003	0.00010000000000000003	0.00010000000000000003	0.00010000000000000003	0.00010000000000000003	0.00010000000000000003	0.00010000000000000003	0.00010000000000000003	0.00010000000000000003	0.00010000000000000003	0.00010000000000000003	0.00010000000000000003	0.00010000000000000003	0.00010000000000000003	0.00010000000000000003	0.00010000000000000003
3	0.00010000000000000003	0.00010000000000000003	0.00010000000000000003	0.00010000000000000003	0.00010000000000000003	0.00010000000000000003	0.00010000000000000003	0.00010000000000000003	0.00010000000000000003	0.00010000000000000003	0.00010000000000000003	0.00010000000000000003	0.00010000000000000003	0.00010000000000000003	0.00010000000000000003	0.00010000000000000003
4	0.00010000000000000003	0.00010000000000000003	0.00010000000000000003	0.00010000000000000003	0.00010000000000000003	0.00010000000000000003	0.00010000000000000003	0.00010000000000000003	0.00010000000000000003	0.00010000000000000003	0.00010000000000000003	0.00010000000000000003	0.00010000000000000003	0.00010000000000000003	0.00010000000000000003	0.00010000000000000003
5	0.00010000000000000003	0.00010000000000000003	0.00010000000000000003	0.00010000000000000003	0.00010000000000000003	0.00010000000000000003	0.00010000000000000003	0.00010000000000000003	0.00010000000000000003	0.00010000000000000003	0.00010000000000000003	0.00010000000000000003	0.00010000000000000003	0.00010000000000000003	0.00010000000000000003	0.00010000000000000003
6	0.00010000000000000003	0.00010000000000000003	0.00010000000000000003	0.00010000000000000003	0.00010000000000000003	0.00010000000000000003	0.00010000000000000003	0.00010000000000000003	0.00010000000000000003	0.00010000000000000003	0.00010000000000000003	0.00010000000000000003	0.00010000000000000003	0.00010000000000000003	0.00010000000000000003	0.00010000000000000003
7	0.00010000000000000003	0.00010000000000000003	0.00010000000000000003	0.00010000000000000003	0.00010000000000000003	0.00010000000000000003	0.00010000000000000003	0.00010000000000000003	0.00010000000000000003	0.00010000000000000003	0.00010000000000000003	0.00010000000000000003	0.00010000000000000003	0.00010000000000000003	0.00010000000000000003	0.00010000000000000003
8	0.00010000000000000003	0.00010000000000000003	0.00010000000000000003	0.00010000000000000003	0.00010000000000000003	0.00010000000000000003	0.00010000000000000003	0.00010000000000000003	0.00010000000000000003	0.00010000000000000003	0.00010000000000000003	0.00010000000000000003	0.00010000000000000003	0.00010000000000000003	0.00010000000000000003	0.00010000000000000003
9	0.00010000000000000003	0.00010000000000000003	0.00010000000000000003	0.00010000000000000003	0.00010000000000000003	0.00010000000000000003	0.00010000000000000003	0.00010000000000000003	0.00010000000000000003	0.00010000000000000003	0.00010000000000000003	0.00010000000000000003	0.00010000000000000003	0.00010000000000000003	0.00010000000000000003	0.00010000000000000003
10	0.00010000000000000003	0.00010000000000000003	0.00010000000000000003	0.00010000000000000003	0.00010000000000000003	0.00010000000000000003	0.00010000000000000003	0.00010000000000000003	0.00010000000000000003	0.00010000000000000003	0.00010000000000000003	0.00010000000000000003	0.00010000000000000003	0.00010000000000000003	0.00010000000000000003	0.00010000000000000003
11	0.00010000000000000003	0.00010000000000000003	0.00010000000000000003	0.00010000000000000003	0.00010000000000000003	0.00010000000000000003	0.00010000000000000003	0.00010000000000000003	0.00010000000000000003	0.00010000000000000003	0.00010000000000000003	0.00010000000000000003	0.00010000000000000003	0.00010000000000000003	0.00010000000000000003	0.00010000000000000003
12	0.00010000000000000003	0.00010000000000000003	0.00010000000000000003	0.00010000000000000003	0.00010000000000000003	0.00010000000000000003	0.00010000000000000003	0.00010000000000000003	0.00010000000000000003	0.00010000000000000003	0.00010000000000000003	0.00010000000000000003	0.00010000000000000003	0.00010000000000000003	0.00010000000000000003	0.00010000000000000003
13	0.00010000000000000003	0.00010000000000000003	0.00010000000000000003	0.00010000000000000003	0.00010000000000000003	0.00010000000000000003	0.00010000000000000003	0.00010000000000000003	0.00010000000000000003	0.00010000000000000003	0.00010000000000000003	0.00010000000000000003	0.00010000000000000003	0.00010000000000000003	0.00010000000000000003	0.00010000000000000003
14	0.00010000000000000003	0.00010000000000000003	0.00010000000000000003	0.00010000000000000003	0.00010000000000000003	0.00010000000000000003	0.00010000000000000003	0.00010000000000000003	0.00010000000000000003	0.00010000000000000003	0.00010000000000000003	0.00010000000000000003	0.00010000000000000003	0.00010000000000000003	0.00010000000000000003	0.00010000000000000003
15	0.00010000000000000003	0.00010000000000000003	0.00010000000000000003	0.00010000000000000003	0.00010000000000000003	0.00010000000000000003	0.00010000000000000003	0.00010000000000000003	0.00010000000000000003	0.00010000000000000003	0.00010000000000000003	0.00010000000000000003	0.00010000000000000003	0.00010000000000000003	0.00010000000000000003	0.00010000000000000003
16	0.00010000000000000003	0.00010000000000000003	0.00010000000000000003	0.00010000000000000003	0.00010000000000000003	0.00010000000000000003	0.00010000000000000003	0.00010000000000000003	0.00010000000000000003	0.00010000000000000003	0.00010000000000000003	0.00010000000000000003	0.00010000000000000003	0.00010000000000000003	0.00010000000000000003	0.00010000000000000003
17	0.00010000000000000003	0.00010000000000000003	0.00010000000000000003	0.00010000000000000003	0.00010000000000000003	0.00010000000000000003	0.00010000000000000003	0.00010000000000000003	0.00010000000000000003	0.00010000000000000003	0.00010000000000000003	0.00010000000000000003	0.00010000000000000003	0.00010000000000000003	0.00010000000000000003	0.00010000000000000003
18	0.00010000000000000003	0.00010000000000000003	0.00010000000000000003	0.00010000000000000003	0.00010000000000000003	0.00010000000000000003	0.00010000000000000003	0.00010000000000000003	0.00010000000000000003	0.00010000000000000003	0.00010000000000000003	0.00010000000000000003	0.00010000000000000003	0.00010000000000000003	0.00010000000000000003	0.00010000000000000003
19	0.00010000000000000003	0.00010000000000000003	0.00010000000000000003	0.00010000000000000003	0.00010000000000000003	0.00010000000000000003	0.00010000000000000003	0.00010000000000000003	0.00010000000000000003	0.00010000000000000003	0.00010000000000000003	0.00010000000000000003	0.00010000000000000003	0.00010000000000000003	0.00010000000000000003	0.00010000000000000003
20	0.00010000000000000003	0.00010000000000000003	0.00010000000000000003	0.00010000000000000003	0.00010000000000000003	0.00010000000000000003	0.00010000000000000003	0.00010000000000000003	0.00010000000000000003	0.00010000000000000003	0.00010000000000000003	0.00010000000000000003	0.00010000000000000003	0.00010000000000000003	0.00010000000000000003	0.00010000000000000003
21	0.00010000000000000003	0.00010000000000000003	0.00010000000000000003	0.00010000000000000003	0.00010000000000000003	0.00010000000000000003	0.00010000000000000003	0.00010000000000000003	0.00010000000000000003	0.00010000000000000003	0.00010000000000000003	0.00010000000000000003	0.00010000000000000003	0.00010000000000000003	0.00010000000000000003	0.00010000000000000003
22	0.00010000000000000003	0.00010000000000000003	0.00010000000000000003	0.00010000000000000003	0.00010000000000000003	0.00010000000000000003	0.00010000000000000003	0.00010000000000000003	0.00010000000000000003	0.00010000000000000003	0.00010000000000000003	0.00010000000000000003	0.00010000000000000003	0.00010000000000000003	0.00010000000000000003	0.00010000000000000003
23	0.00010000000000000003	0.00010000000000000003	0.00010000000000000003	0.00010000000000000003	0.00010000000000000003	0.00010000000000000003	0.00010000000000000003	0.00010000000000000003	0.00010000000000000003	0.00010000000000000003	0.00010000000000000003	0.00010000000000000003	0.00010000000000000003	0.00010000000000000003	0.00010000000000000003	0.00010000000000000003
24	0.00010000000000000003	0.00010000000000000003	0.00010000000000000003	0.00010000000000000003	0.00010000000000000003	0.00010000000000000003	0.00010000000000000003	0.00010000000000000003	0.00010000000000000003	0.00010000000000000003	0.00010000000000000003	0.00010000000000000003	0.00010000000000000003	0.00010000000000000003	0.00010000000000000003	0.00010000000000000003
["HYDRO_RIVER","C4",*,*] :	1	2	3	4	5	6	7	8	9	10	11	12	13	14	15	16 := 
1	0.00010000000000000003	0.00010000000000000003	0.00010000000000000003	0.00010000000000000003	0.00010000000000000003	0.00010000000000000003	0.00010000000000000003	0.00010000000000000003	0.00010000000000000003	0.00010000000000000003	0.00010000000000000003	0.00010000000000000003	0.00010000000000000003	0.00010000000000000003	0.00010000000000000003	0.00010000000000000003
2	0.00010000000000000003	0.00010000000000000003	0.00010000000000000003	0.00010000000000000003	0.00010000000000000003	0.00010000000000000003	0.00010000000000000003	0.00010000000000000003	0.00010000000000000003	0.00010000000000000003	0.00010000000000000003	0.00010000000000000003	0.00010000000000000003	0.00010000000000000003	0.00010000000000000003	0.00010000000000000003
3	0.00010000000000000003	0.00010000000000000003	0.00010000000000000003	0.00010000000000000003	0.00010000000000000003	0.00010000000000000003	0.00010000000000000003	0.00010000000000000003	0.00010000000000000003	0.00010000000000000003	0.00010000000000000003	0.00010000000000000003	0.00010000000000000003	0.00010000000000000003	0.00010000000000000003	0.00010000000000000003
4	0.00010000000000000003	0.00010000000000000003	0.00010000000000000003	0.00010000000000000003	0.00010000000000000003	0.00010000000000000003	0.00010000000000000003	0.00010000000000000003	0.00010000000000000003	0.00010000000000000003	0.00010000000000000003	0.00010000000000000003	0.00010000000000000003	0.00010000000000000003	0.00010000000000000003	0.00010000000000000003
5	0.00010000000000000003	0.00010000000000000003	0.00010000000000000003	0.00010000000000000003	0.00010000000000000003	0.00010000000000000003	0.00010000000000000003	0.00010000000000000003	0.00010000000000000003	0.00010000000000000003	0.00010000000000000003	0.00010000000000000003	0.00010000000000000003	0.00010000000000000003	0.00010000000000000003	0.00010000000000000003
6	0.00010000000000000003	0.00010000000000000003	0.00010000000000000003	0.00010000000000000003	0.00010000000000000003	0.00010000000000000003	0.00010000000000000003	0.00010000000000000003	0.00010000000000000003	0.00010000000000000003	0.00010000000000000003	0.00010000000000000003	0.00010000000000000003	0.00010000000000000003	0.00010000000000000003	0.00010000000000000003
7	0.00010000000000000003	0.00010000000000000003	0.00010000000000000003	0.00010000000000000003	0.00010000000000000003	0.00010000000000000003	0.00010000000000000003	0.00010000000000000003	0.00010000000000000003	0.00010000000000000003	0.00010000000000000003	0.00010000000000000003	0.00010000000000000003	0.00010000000000000003	0.00010000000000000003	0.00010000000000000003
8	0.00010000000000000003	0.00010000000000000003	0.00010000000000000003	0.00010000000000000003	0.00010000000000000003	0.00010000000000000003	0.00010000000000000003	0.00010000000000000003	0.00010000000000000003	0.00010000000000000003	0.00010000000000000003	0.00010000000000000003	0.00010000000000000003	0.00010000000000000003	0.00010000000000000003	0.00010000000000000003
9	0.00010000000000000003	0.00010000000000000003	0.00010000000000000003	0.00010000000000000003	0.00010000000000000003	0.00010000000000000003	0.00010000000000000003	0.00010000000000000003	0.00010000000000000003	0.00010000000000000003	0.00010000000000000003	0.00010000000000000003	0.00010000000000000003	0.00010000000000000003	0.00010000000000000003	0.00010000000000000003
10	0.00010000000000000003	0.00010000000000000003	0.00010000000000000003	0.00010000000000000003	0.00010000000000000003	0.00010000000000000003	0.00010000000000000003	0.00010000000000000003	0.00010000000000000003	0.00010000000000000003	0.00010000000000000003	0.00010000000000000003	0.00010000000000000003	0.00010000000000000003	0.00010000000000000003	0.00010000000000000003
11	0.00010000000000000003	0.00010000000000000003	0.00010000000000000003	0.00010000000000000003	0.00010000000000000003	0.00010000000000000003	0.00010000000000000003	0.00010000000000000003	0.00010000000000000003	0.00010000000000000003	0.00010000000000000003	0.00010000000000000003	0.00010000000000000003	0.00010000000000000003	0.00010000000000000003	0.00010000000000000003
12	0.00010000000000000003	0.00010000000000000003	0.00010000000000000003	0.00010000000000000003	0.00010000000000000003	0.00010000000000000003	0.00010000000000000003	0.00010000000000000003	0.00010000000000000003	0.00010000000000000003	0.00010000000000000003	0.00010000000000000003	0.00010000000000000003	0.00010000000000000003	0.00010000000000000003	0.00010000000000000003
13	0.00010000000000000003	0.00010000000000000003	0.00010000000000000003	0.00010000000000000003	0.00010000000000000003	0.00010000000000000003	0.00010000000000000003	0.00010000000000000003	0.00010000000000000003	0.00010000000000000003	0.00010000000000000003	0.00010000000000000003	0.00010000000000000003	0.00010000000000000003	0.00010000000000000003	0.00010000000000000003
14	0.00010000000000000003	0.00010000000000000003	0.00010000000000000003	0.00010000000000000003	0.00010000000000000003	0.00010000000000000003	0.00010000000000000003	0.00010000000000000003	0.00010000000000000003	0.00010000000000000003	0.00010000000000000003	0.00010000000000000003	0.00010000000000000003	0.00010000000000000003	0.00010000000000000003	0.00010000000000000003
15	0.00010000000000000003	0.00010000000000000003	0.00010000000000000003	0.00010000000000000003	0.00010000000000000003	0.00010000000000000003	0.00010000000000000003	0.00010000000000000003	0.00010000000000000003	0.00010000000000000003	0.00010000000000000003	0.00010000000000000003	0.00010000000000000003	0.00010000000000000003	0.00010000000000000003	0.00010000000000000003
16	0.00010000000000000003	0.00010000000000000003	0.00010000000000000003	0.00010000000000000003	0.00010000000000000003	0.00010000000000000003	0.00010000000000000003	0.00010000000000000003	0.00010000000000000003	0.00010000000000000003	0.00010000000000000003	0.00010000000000000003	0.00010000000000000003	0.00010000000000000003	0.00010000000000000003	0.00010000000000000003
17	0.00010000000000000003	0.00010000000000000003	0.00010000000000000003	0.00010000000000000003	0.00010000000000000003	0.00010000000000000003	0.00010000000000000003	0.00010000000000000003	0.00010000000000000003	0.00010000000000000003	0.00010000000000000003	0.00010000000000000003	0.00010000000000000003	0.00010000000000000003	0.00010000000000000003	0.00010000000000000003
18	0.00010000000000000003	0.00010000000000000003	0.00010000000000000003	0.00010000000000000003	0.00010000000000000003	0.00010000000000000003	0.00010000000000000003	0.00010000000000000003	0.00010000000000000003	0.00010000000000000003	0.00010000000000000003	0.00010000000000000003	0.00010000000000000003	0.00010000000000000003	0.00010000000000000003	0.00010000000000000003
19	0.00010000000000000003	0.00010000000000000003	0.00010000000000000003	0.00010000000000000003	0.00010000000000000003	0.00010000000000000003	0.00010000000000000003	0.00010000000000000003	0.00010000000000000003	0.00010000000000000003	0.00010000000000000003	0.00010000000000000003	0.00010000000000000003	0.00010000000000000003	0.00010000000000000003	0.00010000000000000003
20	0.00010000000000000003	0.00010000000000000003	0.00010000000000000003	0.00010000000000000003	0.00010000000000000003	0.00010000000000000003	0.00010000000000000003	0.00010000000000000003	0.00010000000000000003	0.00010000000000000003	0.00010000000000000003	0.00010000000000000003	0.00010000000000000003	0.00010000000000000003	0.00010000000000000003	0.00010000000000000003
21	0.00010000000000000003	0.00010000000000000003	0.00010000000000000003	0.00010000000000000003	0.00010000000000000003	0.00010000000000000003	0.00010000000000000003	0.00010000000000000003	0.00010000000000000003	0.00010000000000000003	0.00010000000000000003	0.00010000000000000003	0.00010000000000000003	0.00010000000000000003	0.00010000000000000003	0.00010000000000000003
22	0.00010000000000000003	0.00010000000000000003	0.00010000000000000003	0.00010000000000000003	0.00010000000000000003	0.00010000000000000003	0.00010000000000000003	0.00010000000000000003	0.00010000000000000003	0.00010000000000000003	0.00010000000000000003	0.00010000000000000003	0.00010000000000000003	0.00010000000000000003	0.00010000000000000003	0.00010000000000000003
23	0.00010000000000000003	0.00010000000000000003	0.00010000000000000003	0.00010000000000000003	0.00010000000000000003	0.00010000000000000003	0.00010000000000000003	0.00010000000000000003	0.00010000000000000003	0.00010000000000000003	0.00010000000000000003	0.00010000000000000003	0.00010000000000000003	0.00010000000000000003	0.00010000000000000003	0.00010000000000000003
24	0.00010000000000000003	0.00010000000000000003	0.00010000000000000003	0.00010000000000000003	0.00010000000000000003	0.00010000000000000003	0.00010000000000000003	0.00010000000000000003	0.00010000000000000003	0.00010000000000000003	0.00010000000000000003	0.00010000000000000003	0.00010000000000000003	0.00010000000000000003	0.00010000000000000003	0.00010000000000000003
["HYDRO_RIVER","C5",*,*] :	1	2	3	4	5	6	7	8	9	10	11	12	13	14	15	16 := 
1	0.00010000000000000003	0.00010000000000000003	0.00010000000000000003	0.00010000000000000003	0.00010000000000000003	0.00010000000000000003	0.00010000000000000003	0.00010000000000000003	0.00010000000000000003	0.00010000000000000003	0.00010000000000000003	0.00010000000000000003	0.00010000000000000003	0.00010000000000000003	0.00010000000000000003	0.00010000000000000003
2	0.00010000000000000003	0.00010000000000000003	0.00010000000000000003	0.00010000000000000003	0.00010000000000000003	0.00010000000000000003	0.00010000000000000003	0.00010000000000000003	0.00010000000000000003	0.00010000000000000003	0.00010000000000000003	0.00010000000000000003	0.00010000000000000003	0.00010000000000000003	0.00010000000000000003	0.00010000000000000003
3	0.00010000000000000003	0.00010000000000000003	0.00010000000000000003	0.00010000000000000003	0.00010000000000000003	0.00010000000000000003	0.00010000000000000003	0.00010000000000000003	0.00010000000000000003	0.00010000000000000003	0.00010000000000000003	0.00010000000000000003	0.00010000000000000003	0.00010000000000000003	0.00010000000000000003	0.00010000000000000003
4	0.00010000000000000003	0.00010000000000000003	0.00010000000000000003	0.00010000000000000003	0.00010000000000000003	0.00010000000000000003	0.00010000000000000003	0.00010000000000000003	0.00010000000000000003	0.00010000000000000003	0.00010000000000000003	0.00010000000000000003	0.00010000000000000003	0.00010000000000000003	0.00010000000000000003	0.00010000000000000003
5	0.00010000000000000003	0.00010000000000000003	0.00010000000000000003	0.00010000000000000003	0.00010000000000000003	0.00010000000000000003	0.00010000000000000003	0.00010000000000000003	0.00010000000000000003	0.00010000000000000003	0.00010000000000000003	0.00010000000000000003	0.00010000000000000003	0.00010000000000000003	0.00010000000000000003	0.00010000000000000003
6	0.00010000000000000003	0.00010000000000000003	0.00010000000000000003	0.00010000000000000003	0.00010000000000000003	0.00010000000000000003	0.00010000000000000003	0.00010000000000000003	0.00010000000000000003	0.00010000000000000003	0.00010000000000000003	0.00010000000000000003	0.00010000000000000003	0.00010000000000000003	0.00010000000000000003	0.00010000000000000003
7	0.00010000000000000003	0.00010000000000000003	0.00010000000000000003	0.00010000000000000003	0.00010000000000000003	0.00010000000000000003	0.00010000000000000003	0.00010000000000000003	0.00010000000000000003	0.00010000000000000003	0.00010000000000000003	0.00010000000000000003	0.00010000000000000003	0.00010000000000000003	0.00010000000000000003	0.00010000000000000003
8	0.00010000000000000003	0.00010000000000000003	0.00010000000000000003	0.00010000000000000003	0.00010000000000000003	0.00010000000000000003	0.00010000000000000003	0.00010000000000000003	0.00010000000000000003	0.00010000000000000003	0.00010000000000000003	0.00010000000000000003	0.00010000000000000003	0.00010000000000000003	0.00010000000000000003	0.00010000000000000003
9	0.00010000000000000003	0.00010000000000000003	0.00010000000000000003	0.00010000000000000003	0.00010000000000000003	0.00010000000000000003	0.00010000000000000003	0.00010000000000000003	0.00010000000000000003	0.00010000000000000003	0.00010000000000000003	0.00010000000000000003	0.00010000000000000003	0.00010000000000000003	0.00010000000000000003	0.00010000000000000003
10	0.00010000000000000003	0.00010000000000000003	0.00010000000000000003	0.00010000000000000003	0.00010000000000000003	0.00010000000000000003	0.00010000000000000003	0.00010000000000000003	0.00010000000000000003	0.00010000000000000003	0.00010000000000000003	0.00010000000000000003	0.00010000000000000003	0.00010000000000000003	0.00010000000000000003	0.00010000000000000003
11	0.00010000000000000003	0.00010000000000000003	0.00010000000000000003	0.00010000000000000003	0.00010000000000000003	0.00010000000000000003	0.00010000000000000003	0.00010000000000000003	0.00010000000000000003	0.00010000000000000003	0.00010000000000000003	0.00010000000000000003	0.00010000000000000003	0.00010000000000000003	0.00010000000000000003	0.00010000000000000003
12	0.00010000000000000003	0.00010000000000000003	0.00010000000000000003	0.00010000000000000003	0.00010000000000000003	0.00010000000000000003	0.00010000000000000003	0.00010000000000000003	0.00010000000000000003	0.00010000000000000003	0.00010000000000000003	0.00010000000000000003	0.00010000000000000003	0.00010000000000000003	0.00010000000000000003	0.00010000000000000003
13	0.00010000000000000003	0.00010000000000000003	0.00010000000000000003	0.00010000000000000003	0.00010000000000000003	0.00010000000000000003	0.00010000000000000003	0.00010000000000000003	0.00010000000000000003	0.00010000000000000003	0.00010000000000000003	0.00010000000000000003	0.00010000000000000003	0.00010000000000000003	0.00010000000000000003	0.00010000000000000003
14	0.00010000000000000003	0.00010000000000000003	0.00010000000000000003	0.00010000000000000003	0.00010000000000000003	0.00010000000000000003	0.00010000000000000003	0.00010000000000000003	0.00010000000000000003	0.00010000000000000003	0.00010000000000000003	0.00010000000000000003	0.00010000000000000003	0.00010000000000000003	0.00010000000000000003	0.00010000000000000003
15	0.00010000000000000003	0.00010000000000000003	0.00010000000000000003	0.00010000000000000003	0.00010000000000000003	0.00010000000000000003	0.00010000000000000003	0.00010000000000000003	0.00010000000000000003	0.00010000000000000003	0.00010000000000000003	0.00010000000000000003	0.00010000000000000003	0.00010000000000000003	0.00010000000000000003	0.00010000000000000003
16	0.00010000000000000003	0.00010000000000000003	0.00010000000000000003	0.00010000000000000003	0.00010000000000000003	0.00010000000000000003	0.00010000000000000003	0.00010000000000000003	0.00010000000000000003	0.00010000000000000003	0.00010000000000000003	0.00010000000000000003	0.00010000000000000003	0.00010000000000000003	0.00010000000000000003	0.00010000000000000003
17	0.00010000000000000003	0.00010000000000000003	0.00010000000000000003	0.00010000000000000003	0.00010000000000000003	0.00010000000000000003	0.00010000000000000003	0.00010000000000000003	0.00010000000000000003	0.00010000000000000003	0.00010000000000000003	0.00010000000000000003	0.00010000000000000003	0.00010000000000000003	0.00010000000000000003	0.00010000000000000003
18	0.00010000000000000003	0.00010000000000000003	0.00010000000000000003	0.00010000000000000003	0.00010000000000000003	0.00010000000000000003	0.00010000000000000003	0.00010000000000000003	0.00010000000000000003	0.00010000000000000003	0.00010000000000000003	0.00010000000000000003	0.00010000000000000003	0.00010000000000000003	0.00010000000000000003	0.00010000000000000003
19	0.00010000000000000003	0.00010000000000000003	0.00010000000000000003	0.00010000000000000003	0.00010000000000000003	0.00010000000000000003	0.00010000000000000003	0.00010000000000000003	0.00010000000000000003	0.00010000000000000003	0.00010000000000000003	0.00010000000000000003	0.00010000000000000003	0.00010000000000000003	0.00010000000000000003	0.00010000000000000003
20	0.00010000000000000003	0.00010000000000000003	0.00010000000000000003	0.00010000000000000003	0.00010000000000000003	0.00010000000000000003	0.00010000000000000003	0.00010000000000000003	0.00010000000000000003	0.00010000000000000003	0.00010000000000000003	0.00010000000000000003	0.00010000000000000003	0.00010000000000000003	0.00010000000000000003	0.00010000000000000003
21	0.00010000000000000003	0.00010000000000000003	0.00010000000000000003	0.00010000000000000003	0.00010000000000000003	0.00010000000000000003	0.00010000000000000003	0.00010000000000000003	0.00010000000000000003	0.00010000000000000003	0.00010000000000000003	0.00010000000000000003	0.00010000000000000003	0.00010000000000000003	0.00010000000000000003	0.00010000000000000003
22	0.00010000000000000003	0.00010000000000000003	0.00010000000000000003	0.00010000000000000003	0.00010000000000000003	0.00010000000000000003	0.00010000000000000003	0.00010000000000000003	0.00010000000000000003	0.00010000000000000003	0.00010000000000000003	0.00010000000000000003	0.00010000000000000003	0.00010000000000000003	0.00010000000000000003	0.00010000000000000003
23	0.00010000000000000003	0.00010000000000000003	0.00010000000000000003	0.00010000000000000003	0.00010000000000000003	0.00010000000000000003	0.00010000000000000003	0.00010000000000000003	0.00010000000000000003	0.00010000000000000003	0.00010000000000000003	0.00010000000000000003	0.00010000000000000003	0.00010000000000000003	0.00010000000000000003	0.00010000000000000003
24	0.00010000000000000003	0.00010000000000000003	0.00010000000000000003	0.00010000000000000003	0.00010000000000000003	0.00010000000000000003	0.00010000000000000003	0.00010000000000000003	0.00010000000000000003	0.00010000000000000003	0.00010000000000000003	0.00010000000000000003	0.00010000000000000003	0.00010000000000000003	0.00010000000000000003	0.00010000000000000003
["PV_ROOFTOP","C1",*,*] :	1	2	3	4	5	6	7	8	9	10	11	12	13	14	15	16 := 
1	0.0	0.0	0.0	0.0	0.0	0.0	0.0	0.0	0.0	0.0	0.0	0.0	0.0	0.0	0.0	0.0
2	0.0	0.0	0.0	0.0	0.0	0.0	0.0	0.0	0.0	0.0	0.0	0.0	0.0	0.0	0.0	0.0
3	0.0	0.0	0.0	0.0	0.0	0.0	0.0	0.0	0.0	0.0	0.0	0.0	0.0	0.0	0.0	0.0
4	0.0	0.0	0.0	0.0	0.0	0.0	0.0	0.0	0.0	0.0	0.0	0.0	0.0	0.0	0.0	0.0
5	0.0	0.0	0.0	0.0	0.0	0.0	0.0	0.0	0.0	0.0	0.0	0.0	0.0	0.0	0.0	0.0
6	0.0	0.0	0.0	0.0	0.0	0.0	0.0	0.0	0.0	0.0	0.0	0.0	0.0	0.0	0.0	0.0
7	0.0	0.0	0.0	0.0	0.0	0.0	0.0	0.0	0.0	0.0	0.0	0.0	0.0	0.0	0.0	0.0
8	0.0	0.0	0.0	0.0	0.0	0.0	0.0	0.0	0.0	0.0	0.0	0.0	0.0	0.0	0.0	0.0
9	0.0	0.0	0.0	0.0	0.0	0.0	0.0	0.0	0.0	0.0	0.0	0.0	0.0	0.0	0.0	0.0
10	0.0	0.0	0.0	0.0	0.0	0.0	0.0	0.0	0.0	0.0	0.0	0.0	0.0	0.0	0.0	0.0
11	0.007539901847048109	0.006427457312237732	0.005933037518988676	0.0	0.0	0.0	0.0	0.0	0.0	0.0	0.0007416296898735845	0.002595703914557546	0.004696988035866035	0.006303852363925467	0.009764790916668863	0.011866075037977352
12	0.08948998257807919	0.09517581020044334	0.1022212922542424	0.022248890696207533	0.13361694912555747	0.08442217969727638	0.1355946282985537	0.14115685097260558	0.18182287896734048	0.10617665060023485	0.13781951736817444	0.12063842955276974	0.08059042629959619	0.08862474793989335	0.10333373678905276	0.09962558833968485
13	0.2085215478027895	0.25351374898845364	0.2501764153840225	0.08306252526584147	0.32780032292412437	0.26290772506018567	0.3631513381414319	0.3699496102986064	0.3957830444958696	0.2884939493608244	0.3328681258049272	0.29442698687981306	0.19072243524582347	0.1913404599873848	0.24560303229646874	0.24313093333022345
14	0.3256990388028158	0.39405257521949794	0.38045603090514885	0.1655070257901216	0.47254171739778555	0.4203804292100101	0.524703005585561	0.5302652282596129	0.5473227111267054	0.43595465269735545	0.49343095366255824	0.44782072773533277	0.3055514322279168	0.2790999732890923	0.3835461546129555	0.37316333895472525
15	0.41420018179439694	0.49466700314568085	0.47476660646740637	0.23175927808549515	0.5800780224294553	0.5264334748619328	0.6302616314442345	0.6308796561857959	0.6452178301900184	0.5407716488661554	0.6059114566267185	0.5538737733872553	0.3975135137722413	0.3373179039441687	0.49046443490306385	0.4674739145169828
16	0.452146900926262	0.5573347119399988	0.5067802880802826	0.27477380009816305	0.6329809403071044	0.5856402451035073	0.6868726977712516	0.685265833443192	0.7004692420856006	0.5823029114990761	0.6700624248007836	0.6066530863165922	0.45301213556444786	0.37143286967835354	0.550907254627761	0.5214892769294422
17	0.45696749391044034	0.5761226640834628	0.5124661157026469	0.29665187594943376	0.6593087942976166	0.607518320954778	0.693176550135177	0.6946598095149241	0.71517823093476	0.5773587135665855	0.6890975868408723	0.6144401980602647	0.467597519465295	0.38243371007814503	0.5596832059579318	0.5280403391899922
18	0.4216164786931328	0.5470755012300809	0.4673503095686705	0.28713429492938947	0.6509036578123827	0.5863818747933808	0.6672195109896015	0.6668486961446647	0.6905808462206194	0.5547390080254413	0.6642529922301071	0.5853930352068827	0.43694349228385354	0.35820714020894134	0.5192643878598213	0.4837897676942016
19	0.35944318969206396	0.48428418748745067	0.39170408120156486	0.26191888547368763	0.5945398013819901	0.5232197462058138	0.5830445411889497	0.6028213329189119	0.6244521988735581	0.4789691747100233	0.5952814310718638	0.5143201899273308	0.3832989447163309	0.29022441863719606	0.4273023063154969	0.40690748984397335
20	0.25536782321313756	0.37674788245578095	0.30369735800323283	0.21396016552852914	0.44670828320052236	0.40258131665304414	0.4394155912500988	0.48477860728069977	0.5148146097205799	0.3484423492922724	0.48341895284926484	0.386141858527513	0.29578664131124793	0.2012288558523659	0.3087651608840357	0.3049334074863555
21	0.1610572476508801	0.24424337786503383	0.21185888140722064	0.13683067778167635	0.31173167964353	0.2443669828133461	0.276627874322847	0.28330254153170925	0.35425178186294887	0.21396016552852914	0.32421577942306873	0.24819873621102628	0.1919584847289461	0.10790711987660655	0.1930709292637565	0.20320653502536215
22	0.06860074631330657	0.11062642873947635	0.0956702299936924	0.04820592984178299	0.12607704727850935	0.09060242711288957	0.09801872401162542	0.10444618132386314	0.12471739284707445	0.0684771413649943	0.12360494831226408	0.0960410448386292	0.08578183412871127	0.03794671913186507	0.08096124114453297	0.08405136485233958
23	0.0018540742246839611	0.00667466720886226	0.004573383087553771	0.0	0.0	0.0	0.0	0.0	0.0	0.0	0.0004944197932490563	0.0024720989662452815	0.005315012777427355	0.0	0.006303852363925467	0.004202568242616979
24	0.0	0.0	0.0	0.0	0.0	0.0	0.0	0.0	0.0	0.0	0.0	0.0	0.0	0.0	0.0	0.0
["PV_ROOFTOP","C2",*,*] :	1	2	3	4	5	6	7	8	9	10	11	12	13	14	15	16 := 
1	0.0	0.0	0.0	0.0	0.0	0.0	0.0	0.0	0.0	0.0	0.0	0.0	0.0	0.0	0.0	0.0
2	0.0	0.0	0.0	0.0	0.0	0.0	0.0	0.0	0.0	0.0	0.0	0.0	0.0	0.0	0.0	0.0
3	0.0	0.0	0.0	0.0	0.0	0.0	0.0	0.0	0.0	0.0	0.0	0.0	0.0	0.0	0.0	0.0
4	0.0	0.0	0.0	0.0	0.0	0.0	0.0	0.0	0.0	0.0	0.0	0.0	0.0	0.0	0.0	0.0
5	0.0	0.0	0.0	0.0	0.0	0.0	0.0	0.0	0.0	0.0	0.0	0.0	0.0	0.0	0.0	0.0
6	0.0	0.0	0.0	0.0	0.0	0.0	0.0	0.0	0.0	0.0	0.0	0.0	0.0	0.0	0.0	0.0
7	0.0	0.0	0.0	0.0	0.0	0.0	0.0	0.0	0.0	0.0	0.0	0.0	0.0	0.0	0.0	0.0
8	0.0	0.0	0.0	0.0	0.0	0.0	0.0	0.0	0.0	0.0	0.0	0.0	0.0	0.0	0.0	0.0
9	0.0	0.0	0.0	0.0	0.0	0.0	0.0	0.0	0.0	0.0	0.0	0.0	0.0	0.0	0.0	0.0
10	0.0	0.0	0.0	0.0	0.0	0.0	0.0	0.0	0.0	0.0	0.0	0.0	0.0	0.0	0.0	0.0
11	0.00694810323789266	0.007113865129425242	0.0052934620810973654	0.0	0.0004962930884209044	0.0	0.0	0.0	0.0	0.0	0.0021509342452161995	0.003970344707367235	0.00562498586416253	0.006121278952583433	0.008933275591576277	0.010091623659950668
12	0.08685129047365825	0.0923105144462882	0.09297256942624169	0.029281292216833354	0.1250658582820679	0.08618923549370476	0.14193982328837862	0.13548801313890688	0.18991449097367377	0.10455207976527822	0.14921845772315961	0.12589268256737712	0.10041696575255527	0.08999481089571626	0.09992067266413435	0.09429568679997181
13	0.19984035274209186	0.2529437132031286	0.21770690392524442	0.09892808648729254	0.30207672895679816	0.26253904377465836	0.3531949170641513	0.3540227339356374	0.3988538811988745	0.2818944742230736	0.33963023437143114	0.2995952635146936	0.23325775155782502	0.20364592814410334	0.23160311040102974	0.22465500716313708
14	0.3126646457051697	0.39091319178414	0.33681724514626143	0.17188317048516547	0.4448443691166628	0.4163899011851387	0.5030754297672644	0.5164753431546288	0.54757703841979	0.4364073866135074	0.4944736779587533	0.4476563657556557	0.36047454408510915	0.3055507805757445	0.354683796329414	0.3452542276494168
15	0.4043131051715044	0.48802186780928153	0.43392592117140294	0.22630964831993236	0.5391400559166346	0.5184605155083125	0.6003488750977616	0.6182154262809142	0.6446847218587547	0.555351965942992	0.6016729850576686	0.54757703841979	0.45824428250402727	0.3644448887924764	0.4456711934019721	0.43839255896719104
16	0.4395499144493886	0.5472455146367249	0.4802459476999028	0.2842101777736456	0.5874452547988182	0.5856258443366671	0.6425337876135385	0.670326200565109	0.698450137299745	0.6127562023082842	0.659077221422961	0.5963785303903943	0.5159790500662079	0.39256783294093534	0.5004291950198042	0.4921569818220045
17	0.44633324838192556	0.5695787036156656	0.5068810051692758	0.31183782141986044	0.6021692781460894	0.6112673230430214	0.6446847218587547	0.682568758470276	0.7115185269040443	0.6193737743492885	0.6733039590956346	0.6068006852472334	0.5292141941482165	0.39736500193361174	0.5111818810735315	0.5144901708009453
18	0.42598523175666847	0.55303626239242	0.5029106604619086	0.303897132005126	0.5919118925946063	0.5828138476976742	0.6175543638871376	0.6559337010009029	0.6800872930281715	0.5909193064177645	0.6420374945251176	0.568421348133468	0.49711991270621353	0.36692635423458086	0.4739598994419636	0.4916606887335836
19	0.36378283381252285	0.4840515231019143	0.4392193832525003	0.26468997801987454	0.5320261907872095	0.5037374847472178	0.518626277399845	0.5821517927177208	0.6129219641998168	0.4986087919714763	0.5662704138882518	0.4708163790199056	0.4254889386682476	0.2984379080324961	0.3996816980703605	0.42168336326623607
20	0.26832879894417666	0.37271610940409916	0.3454199895409494	0.20066816961357795	0.4015011085325116	0.3712272301388364	0.38446138163466825	0.4440165522451768	0.5014217811966459	0.3665948304515157	0.43425645236829125	0.3454199895409494	0.32275626936512036	0.20976621451050992	0.28735369819570356	0.31812386967779965
21	0.17320628785889558	0.23640127197988303	0.22316612789787435	0.11977239620097052	0.24698819614207776	0.19669782490621068	0.23755862746208056	0.26634362659049304	0.33582465896941965	0.21357178991252143	0.2744500778967601	0.22300135859251863	0.20050240772204536	0.12407327210522608	0.17783868754621632	0.20381069744945907
22	0.07460972515466822	0.09925861768418087	0.09082163518102548	0.04102656444740248	0.09512251108528104	0.061540342964192134	0.07378190828318215	0.08271518387475844	0.12523162017360046	0.06749586002524299	0.10041696575255527	0.08734758356207915	0.08073001152107483	0.04731360529151849	0.07063938044730099	0.08122630460949573
23	0.0008268242853092265	0.00347405161894633	0.0019851723536836174	0.0	0.0	0.0	0.0	0.0	0.0	0.0	0.0	0.0009925861768418087	0.0028119966389928436	0.0003305311968883223	0.0041361065988998165	0.0024814654421045214
24	0.0	0.0	0.0	0.0	0.0	0.0	0.0	0.0	0.0	0.0	0.0	0.0	0.0	0.0	0.0	0.0
["PV_ROOFTOP","C3",*,*] :	1	2	3	4	5	6	7	8	9	10	11	12	13	14	15	16 := 
1	0.0	0.0	0.0	0.0	0.0	0.0	0.0	0.0	0.0	0.0	0.0	0.0	0.0	0.0	0.0	0.0
2	0.0	0.0	0.0	0.0	0.0	0.0	0.0	0.0	0.0	0.0	0.0	0.0	0.0	0.0	0.0	0.0
3	0.0	0.0	0.0	0.0	0.0	0.0	0.0	0.0	0.0	0.0	0.0	0.0	0.0	0.0	0.0	0.0
4	0.0	0.0	0.0	0.0	0.0	0.0	0.0	0.0	0.0	0.0	0.0	0.0	0.0	0.0	0.0	0.0
5	0.0	0.0	0.0	0.0	0.0	0.0	0.0	0.0	0.0	0.0	0.0	0.0	0.0	0.0	0.0	0.0
6	0.0	0.0	0.0	0.0	0.0	0.0	0.0	0.0	0.0	0.0	0.0	0.0	0.0	0.0	0.0	0.0
7	0.0	0.0	0.0	0.0	0.0	0.0	0.0	0.0	0.0	0.0	0.0	0.0	0.0	0.0	0.0	0.0
8	0.0	0.0	0.0	0.0	0.0	0.0	0.0	0.0	0.0	0.0	0.0	0.0	0.0	0.0	0.0	0.0
9	0.0	0.0	0.0	0.0	0.0	0.0	0.0	0.0	0.0	0.0	0.0	0.0	0.0	0.0	0.0	0.0
10	0.0	0.0	0.0	0.0	0.0	0.0	0.0	0.0	0.0	0.0	0.0	0.0	0.0	0.0	0.0	0.0
11	0.0	0.0	0.0	0.0	0.0	0.0	0.0	0.0	0.0	0.0	0.0	0.0	0.0	0.0019837790951144894	0.002975668642671734	0.002975668642671734
12	0.06943226832900713	0.07439171606679335	0.08133494289969406	0.05058636692541947	0.0843106115423658	0.08827816973259477	0.09720517566060997	0.11704296661175485	0.15175910077625843	0.10315651294595343	0.11704296661175485	0.10514029204106792	0.034716134164503566	0.09026194882770926	0.08530250108992303	0.07935116380457957
13	0.19242657222610546	0.21226436317725034	0.2291264854857235	0.1596942171567164	0.26285073010266985	0.28368041060137195	0.3193884343134328	0.3451775625499211	0.3739423594290812	0.3025263120049596	0.31641276567076104	0.27772907331602853	0.14382398439580046	0.20135357815412067	0.2291264854857235	0.22119136910526555
14	0.30153442245740236	0.3521207893828218	0.34021811481213493	0.2291264854857235	0.41956927861671445	0.4384151800203021	0.4880096573981643	0.5128068960870955	0.5366122452284694	0.458252970971447	0.48404209920793534	0.4245287263545007	0.2549156137222119	0.29062363743427266	0.36799102214373774	0.361047795310837
15	0.3908044817375544	0.462220529161676	0.41262605178381373	0.26979395693557057	0.600093176272133	0.5445473616089274	0.6129877403903772	0.6139796299379344	0.6417525372695373	0.5693446002978584	0.5991012867245757	0.5415716929662556	0.3511288998352646	0.3412100043596921	0.47313131418480564	0.46916375599457666
16	0.462220529161676	0.5366122452284694	0.45031785459098905	0.29459119562450164	0.6734930027913691	0.6100120717477054	0.6744848923389264	0.6744848923389264	0.7022577996705291	0.6070364031050337	0.6655578864109112	0.6020769553672475	0.38088558626198193	0.368982911691295	0.5247095706577825	0.5276852393004542
17	0.5028880006115231	0.5643851525600722	0.4810664305652636	0.2767371837684713	0.6992821310278574	0.6298498626988503	0.6844037878144987	0.689363235552285	0.722095590621674	0.6258823045086214	0.6883713460047277	0.6179471881281634	0.38782881309488265	0.34616945209747835	0.5257014602053397	0.5445473616089274
18	0.4939609946835078	0.5584338152747287	0.46717997689946217	0.2598750614599981	0.6804362296242699	0.6110039612952627	0.6645659968633539	0.6675416655060257	0.7032496892180864	0.6070364031050337	0.6665497759584684	0.5941418389867895	0.3511288998352646	0.3025263120049596	0.49098532604083606	0.510823116991981
19	0.4453584068532028	0.5078474483493093	0.40270715630824133	0.21722381091503656	0.6169552985806062	0.5554581466320571	0.5822391644161026	0.6030688449148047	0.6437363163646518	0.5495068093467136	0.5971175076294613	0.5405798034186984	0.29657497471961614	0.2529318346270974	0.42651250544961516	0.45230163368610354
20	0.35311267893037906	0.4165936099740427	0.32335599250366176	0.16068610670427363	0.46122863961411875	0.44833407549587456	0.42849628454472966	0.4493259650434318	0.5415716929662556	0.44139084866297384	0.4919772155883933	0.4334557322825159	0.22416703774793728	0.18349956629809025	0.3372424461694632	0.3560883475730508
21	0.22416703774793728	0.27772907331602853	0.24003727050885318	0.09224572792282375	0.34021811481213493	0.2876479687916009	0.29062363743427266	0.30153442245740236	0.3908044817375544	0.24995616598442563	0.3352586670743487	0.29062363743427266	0.1448158739433577	0.11505918751664038	0.22416703774793728	0.23507782277106695
22	0.10216462339839619	0.13489697846778528	0.12001863525442659	0.03868369235473254	0.15175910077625843	0.11009973977885415	0.11208351887396864	0.13588886801534253	0.18151578720297576	0.09621328611305273	0.16266988579938813	0.11406729796908313	0.06744848923389264	0.04761069828274774	0.11009973977885415	0.10811596068373966
23	0.01091078502312969	0.014878343213358668	0.012894564118244179	0.0	0.002975668642671734	0.0	0.0	0.0	0.0	0.0	0.004959447737786223	0.007935116380457958	0.004959447737786223	0.0019837790951144894	0.013886453665801424	0.012894564118244179
24	0.0	0.0	0.0	0.0	0.0	0.0	0.0	0.0	0.0	0.0	0.0	0.0	0.0	0.0	0.0	0.0
["PV_ROOFTOP","C4",*,*] :	1	2	3	4	5	6	7	8	9	10	11	12	13	14	15	16 := 
1	0.0	0.0	0.0	0.0	0.0	0.0	0.0	0.0	0.0	0.0	0.0	0.0	0.0	0.0	0.0	0.0
2	0.0	0.0	0.0	0.0	0.0	0.0	0.0	0.0	0.0	0.0	0.0	0.0	0.0	0.0	0.0	0.0
3	0.0	0.0	0.0	0.0	0.0	0.0	0.0	0.0	0.0	0.0	0.0	0.0	0.0	0.0	0.0	0.0
4	0.0	0.0	0.0	0.0	0.0	0.0	0.0	0.0	0.0	0.0	0.0	0.0	0.0	0.0	0.0	0.0
5	0.0	0.0	0.0	0.0	0.0	0.0	0.0	0.0	0.0	0.0	0.0	0.0	0.0	0.0	0.0	0.0
6	0.0	0.0	0.0	0.0	0.0	0.0	0.0	0.0	0.0	0.0	0.0	0.0	0.0	0.0	0.0	0.0
7	0.0	0.0	0.0	0.0	0.0	0.0	0.0	0.0	0.0	0.0	0.0	0.0	0.0	0.0	0.0	0.0
8	0.0	0.0	0.0	0.0	0.0	0.0	0.0	0.0	0.0	0.0	0.0	0.0	0.0	0.0	0.0	0.0
9	0.0	0.0	0.0	0.0	0.0	0.0	0.0	0.0	0.0	0.0	0.0	0.0	0.0	0.0	0.0	0.0
10	0.0	0.0	0.0	0.0	0.0	0.0	0.0	0.0	0.0	0.0	0.0	0.0	0.0	0.0	0.0	0.0
11	0.010940993678424124	0.01293026525631942	0.00646513262815971	0.0	0.0	0.0	0.0	0.0	0.0	0.0	0.003481225261316767	0.003481225261316767	0.00646513262815971	0.00646513262815971	0.010443675783950302	0.01293026525631942
12	0.09598235363344801	0.11289116204555802	0.08802526732186682	0.0457532462915918	0.09747430731686949	0.09598235363344801	0.1312919241410895	0.12880533466872038	0.19295934305584367	0.09896626100029095	0.14322755360846126	0.11090189046766272	0.08951722100528829	0.08106281679923329	0.10294480415608154	0.10195016836713389
13	0.21782523777953486	0.27253020617165546	0.20340301883979395	0.12383215572398214	0.24318845039769985	0.26158921249323136	0.3277324924582499	0.33817616824220026	0.4018328587348497	0.2620865303877052	0.3277324924582499	0.2546267619705978	0.19395397884479132	0.1854995746387363	0.23821527145296162	0.2267769598800637
14	0.3371815324532526	0.4023301766293235	0.30734245878482314	0.22230109882979926	0.36403669875483907	0.38840527558405646	0.48040908606171384	0.5191998818306721	0.5525201807604183	0.40829799136300937	0.47692786080039706	0.3963623618956376	0.31331027351850904	0.2804872924832366	0.3630420629658914	0.33966812192562174
15	0.4232175281972241	0.4923447155290856	0.4023301766293235	0.3187807703577211	0.46051637028276093	0.46200832396618235	0.5753968039062142	0.6256259112480704	0.6499944880772878	0.516713292358303	0.5793753470620048	0.5187025639361983	0.409292627151957	0.3466305724482552	0.4495753766043368	0.4192389850414335
16	0.46200832396618235	0.5530174986548921	0.44758610502644147	0.38442673242826586	0.5107454776246171	0.502291073418562	0.6141875996751726	0.6574542564943952	0.7007209133136179	0.5714182607504236	0.6315937259817563	0.578878029167531	0.4555431913380227	0.39337845452879466	0.5007991197351406	0.4580297808103918
17	0.4595217344938133	0.5555040881272613	0.4615110060717086	0.40630871978511407	0.5455577302377848	0.5271569681422533	0.6136902817806986	0.6753577006954529	0.7101699533086204	0.5604772670719995	0.6375615407154422	0.5848458439012169	0.4868742186898735	0.40282749452379735	0.508258888152248	0.4525592839711797
18	0.43067729661433146	0.5187025639361983	0.4257041176695932	0.39536772610668997	0.5356113723483082	0.5012964376296144	0.5679370354891068	0.657951574388869	0.6828174691125601	0.5390925976096251	0.6012573344188531	0.5569960418106827	0.46300295975513	0.37845891769457995	0.4779224965893447	0.4152604418856429
19	0.3675179240161558	0.44559683344854617	0.3774642819056323	0.3386734861366741	0.47096004606671116	0.41874166714695965	0.4963232586848762	0.5997653807354315	0.612695645991751	0.47841981448381854	0.5261623323533057	0.47891713237829237	0.39884895136800674	0.3346949429808835	0.39536772610668997	0.35806888402115317
20	0.25910262302086223	0.316294180885352	0.2824765640611319	0.2566160335484931	0.3486198440261505	0.2864551072169225	0.36403669875483907	0.4868742186898735	0.4943339871069809	0.38392941453379203	0.403822130312745	0.34762520823720283	0.2973961008953466	0.251145536709281	0.27800070301086754	0.2700436166992864
21	0.16162831570399275	0.19693788621163424	0.1874888462166316	0.1626229514929404	0.20837619778453217	0.13725973887477538	0.2128520588347966	0.27650874932744607	0.31579686299087817	0.2337394104026972	0.24468040408112132	0.21782523777953486	0.18102371358847189	0.1332811957189848	0.166601494648731	0.17157467359346923
22	0.06315937259817563	0.079073545221338	0.07608963785449505	0.0561969220755421	0.059180829442385036	0.030336391562903256	0.06365669049264945	0.08504135995502389	0.09647967152792183	0.0646513262815971	0.08752794942739299	0.07658695574896887	0.0666405978594924	0.04674788208053944	0.06017546523133269	0.0711164589097568
23	0.0	0.0009946357889476477	0.0	0.0	0.0	0.0	0.0	0.0	0.0	0.0	0.0	0.0	0.0009946357889476477	0.0	0.0014919536834214716	0.0009946357889476477
24	0.0	0.0	0.0	0.0	0.0	0.0	0.0	0.0	0.0	0.0	0.0	0.0	0.0	0.0	0.0	0.0
["PV_ROOFTOP","C5",*,*] :	1	2	3	4	5	6	7	8	9	10	11	12	13	14	15	16 := 
1	0.0	0.0	0.0	0.0	0.0	0.0	0.0	0.0	0.0	0.0	0.0	0.0	0.0	0.0	0.0	0.0
2	0.0	0.0	0.0	0.0	0.0	0.0	0.0	0.0	0.0	0.0	0.0	0.0	0.0	0.0	0.0	0.0
3	0.0	0.0	0.0	0.0	0.0	0.0	0.0	0.0	0.0	0.0	0.0	0.0	0.0	0.0	0.0	0.0
4	0.0	0.0	0.0	0.0	0.0	0.0	0.0	0.0	0.0	0.0	0.0	0.0	0.0	0.0	0.0	0.0
5	0.0	0.0	0.0	0.0	0.0	0.0	0.0	0.0	0.0	0.0	0.0	0.0	0.0	0.0	0.0	0.0
6	0.0	0.0	0.0	0.0	0.0	0.0	0.0	0.0	0.0	0.0	0.0	0.0	0.0	0.0	0.0	0.0
7	0.0	0.0	0.0	0.0	0.0	0.0	0.0	0.0	0.0	0.0	0.0	0.0	0.0	0.0	0.0	0.0
8	0.0	0.0	0.0	0.0	0.0	0.0	0.0	0.0	0.0	0.0	0.0	0.0	0.0	0.0	0.0	0.0
9	0.0	0.0	0.0	0.0	0.0	0.0	0.0	0.0	0.0	0.0	0.0	0.0	0.0	0.0	0.0	0.0
10	0.0	0.0	0.0	0.0	0.0	0.0	0.0	0.0	0.0	0.0	0.0	0.0	0.0	0.0	0.0	0.0
11	0.0019852702120753225	0.0019852702120753225	0.0019852702120753225	0.0	0.0	0.0	0.0	0.0	0.0	0.0	0.0	0.0	0.0	0.004963175530188306	0.005955810636225967	0.005955810636225967
12	0.07841817337697524	0.08635925422527652	0.09231506486150248	0.04069803934754411	0.11514567230036869	0.06749918721056096	0.12010884783055699	0.12606465846678297	0.16577006270828942	0.10819722655810507	0.13400573931508425	0.11514567230036869	0.06154337657433499	0.09827087549772846	0.08735188933131417	0.08735188933131417
13	0.20051229141960755	0.23525452013092568	0.24418823608526463	0.13400573931508425	0.32062113925016456	0.22830607438866207	0.3494075573252567	0.35536336796148266	0.38514242114261255	0.30275370734148666	0.3325327605226165	0.289849450962997	0.19058594035923093	0.20746073716187116	0.23525452013092568	0.22830607438866207
14	0.3196285041441269	0.37422343497619825	0.3613191785977086	0.22036499354036077	0.4903617423826046	0.3781939754003489	0.5131923498214708	0.5181555253516591	0.5409861327905253	0.45959005409543713	0.49234701259467994	0.4317962711263826	0.31268005840186325	0.2938199913871477	0.37720134029431124	0.360326543491671
15	0.42484782538411897	0.4754722157920397	0.4466857977169475	0.2650335733120555	0.6104705902131616	0.4754722157920397	0.6233748465916512	0.6223822114856136	0.6432275487124044	0.5638167402293914	0.6045147795769357	0.5429714030026007	0.4020172179452528	0.35834127327959564	0.4933396477007176	0.4625679594135501
16	0.477457486004115	0.5459493083207136	0.49135437748864225	0.2829010052207334	0.6749918721056096	0.5459493083207136	0.6819403178478732	0.6710213316814589	0.7017930199686264	0.6015368742588226	0.6700286965754213	0.5965736987286343	0.4317962711263826	0.3762087051882736	0.5548830242750526	0.5231187008818474
17	0.48440593174637864	0.5687799157595798	0.5161702551395838	0.2660262084180932	0.699807749756551	0.5926031583044836	0.6809476827418356	0.6829329529539108	0.720653086983342	0.6194043061675005	0.6898813986961745	0.6084853200010862	0.45363424345921116	0.38216451582449956	0.5608388349112785	0.5439640381086384
18	0.45363424345921116	0.5578609295931656	0.48341329664034094	0.24815877650941529	0.6779697774237227	0.58565471256222	0.6601023455150447	0.659109710409007	0.6988151146505134	0.5955810636225967	0.668043426363346	0.5846620774561824	0.40698039347544107	0.34444438179506837	0.5112070796093955	0.5181555253516591
19	0.38712769135468783	0.5092218093973202	0.40300985305129045	0.23922506055507634	0.6174190359554252	0.5499198487448643	0.588632617880333	0.5965736987286343	0.6372717380761784	0.536022957260337	0.5995516040467473	0.5221260657758098	0.3414664764769554	0.2551072222516789	0.42782573070223195	0.4447005275048722
20	0.2580851275697919	0.41194356900562934	0.2938199913871477	0.19058594035923093	0.477457486004115	0.4695164051558137	0.4824206615343033	0.4724943104739267	0.5330450519422241	0.41194356900562934	0.4933396477007176	0.41591410942978	0.25212931693356594	0.17569641376866602	0.32062113925016456	0.34444438179506837
21	0.17966695419281667	0.24915141161545296	0.19257121057130627	0.12407938825470764	0.32856222009846586	0.28786418075092174	0.26701884352413086	0.24915141161545296	0.3791866105063866	0.22334289885847375	0.33948120626488015	0.2729746541603568	0.14988790101168684	0.10323405102791676	0.2223502637524361	0.23029134460073739
22	0.08338134890716355	0.12110148293659466	0.09032979464942716	0.050624390407920716	0.14889526590564917	0.12606465846678297	0.10025614570980378	0.10124878081584143	0.1687479680264024	0.08834452443735184	0.13202046910300894	0.10224141592187909	0.06352864678641032	0.04069803934754411	0.10224141592187909	0.10422668613395442
23	0.005955810636225967	0.010918986166414272	0.00893371595433895	0.0	0.0009926351060376612	0.0	0.0	0.0	0.0	0.0	0.0019852702120753225	0.005955810636225967	0.0029779053181129833	0.0	0.012904256378489595	0.00893371595433895
24	0.0	0.0	0.0	0.0	0.0	0.0	0.0	0.0	0.0	0.0	0.0	0.0	0.0	0.0	0.0	0.0
["PV_UTILITY","C1",*,*] :	1	2	3	4	5	6	7	8	9	10	11	12	13	14	15	16 := 
1	0.0	0.0	0.0	0.0	0.0	0.0	0.0	0.0	0.0	0.0	0.0	0.0	0.0	0.0	0.0	0.0
2	0.0	0.0	0.0	0.0	0.0	0.0	0.0	0.0	0.0	0.0	0.0	0.0	0.0	0.0	0.0	0.0
3	0.0	0.0	0.0	0.0	0.0	0.0	0.0	0.0	0.0	0.0	0.0	0.0	0.0	0.0	0.0	0.0
4	0.0	0.0	0.0	0.0	0.0	0.0	0.0	0.0	0.0	0.0	0.0	0.0	0.0	0.0	0.0	0.0
5	0.0	0.0	0.0	0.0	0.0	0.0	0.0	0.0	0.0	0.0	0.0	0.0	0.0	0.0	0.0	0.0
6	0.0	0.0	0.0	0.0	0.0	0.0	0.0	0.0	0.0	0.0	0.0	0.0	0.0	0.0	0.0	0.0
7	0.0	0.0	0.0	0.0	0.0	0.0	0.0	0.0	0.0	0.0	0.0	0.0	0.0	0.0	0.0	0.0
8	0.0	0.0	0.0	0.0	0.0	0.0	0.0	0.0	0.0	0.0	0.0	0.0	0.0	0.0	0.0	0.0
9	0.0	0.0	0.0	0.0	0.0	0.0	0.0	0.0	0.0	0.0	0.0	0.0	0.0	0.0	0.0	0.0
10	0.0	0.0	0.0	0.0	0.0	0.0	0.0	0.0	0.0	0.0	0.0	0.0	0.0	0.0	0.0	0.0
11	0.007539901847048109	0.006427457312237732	0.005933037518988676	0.0	0.0	0.0	0.0	0.0	0.0	0.0	0.0007416296898735845	0.002595703914557546	0.004696988035866035	0.006303852363925467	0.009764790916668863	0.011866075037977352
12	0.08948998257807919	0.09517581020044334	0.1022212922542424	0.022248890696207533	0.13361694912555747	0.08442217969727638	0.1355946282985537	0.14115685097260558	0.18182287896734048	0.10617665060023485	0.13781951736817444	0.12063842955276974	0.08059042629959619	0.08862474793989335	0.10333373678905276	0.09962558833968485
13	0.2085215478027895	0.25351374898845364	0.2501764153840225	0.08306252526584147	0.32780032292412437	0.26290772506018567	0.3631513381414319	0.3699496102986064	0.3957830444958696	0.2884939493608244	0.3328681258049272	0.29442698687981306	0.19072243524582347	0.1913404599873848	0.24560303229646874	0.24313093333022345
14	0.3256990388028158	0.39405257521949794	0.38045603090514885	0.1655070257901216	0.47254171739778555	0.4203804292100101	0.524703005585561	0.5302652282596129	0.5473227111267054	0.43595465269735545	0.49343095366255824	0.44782072773533277	0.3055514322279168	0.2790999732890923	0.3835461546129555	0.37316333895472525
15	0.41420018179439694	0.49466700314568085	0.47476660646740637	0.23175927808549515	0.5800780224294553	0.5264334748619328	0.6302616314442345	0.6308796561857959	0.6452178301900184	0.5407716488661554	0.6059114566267185	0.5538737733872553	0.3975135137722413	0.3373179039441687	0.49046443490306385	0.4674739145169828
16	0.452146900926262	0.5573347119399988	0.5067802880802826	0.27477380009816305	0.6329809403071044	0.5856402451035073	0.6868726977712516	0.685265833443192	0.7004692420856006	0.5823029114990761	0.6700624248007836	0.6066530863165922	0.45301213556444786	0.37143286967835354	0.550907254627761	0.5214892769294422
17	0.45696749391044034	0.5761226640834628	0.5124661157026469	0.29665187594943376	0.6593087942976166	0.607518320954778	0.693176550135177	0.6946598095149241	0.71517823093476	0.5773587135665855	0.6890975868408723	0.6144401980602647	0.467597519465295	0.38243371007814503	0.5596832059579318	0.5280403391899922
18	0.4216164786931328	0.5470755012300809	0.4673503095686705	0.28713429492938947	0.6509036578123827	0.5863818747933808	0.6672195109896015	0.6668486961446647	0.6905808462206194	0.5547390080254413	0.6642529922301071	0.5853930352068827	0.43694349228385354	0.35820714020894134	0.5192643878598213	0.4837897676942016
19	0.35944318969206396	0.48428418748745067	0.39170408120156486	0.26191888547368763	0.5945398013819901	0.5232197462058138	0.5830445411889497	0.6028213329189119	0.6244521988735581	0.4789691747100233	0.5952814310718638	0.5143201899273308	0.3832989447163309	0.29022441863719606	0.4273023063154969	0.40690748984397335
20	0.25536782321313756	0.37674788245578095	0.30369735800323283	0.21396016552852914	0.44670828320052236	0.40258131665304414	0.4394155912500988	0.48477860728069977	0.5148146097205799	0.3484423492922724	0.48341895284926484	0.386141858527513	0.29578664131124793	0.2012288558523659	0.3087651608840357	0.3049334074863555
21	0.1610572476508801	0.24424337786503383	0.21185888140722064	0.13683067778167635	0.31173167964353	0.2443669828133461	0.276627874322847	0.28330254153170925	0.35425178186294887	0.21396016552852914	0.32421577942306873	0.24819873621102628	0.1919584847289461	0.10790711987660655	0.1930709292637565	0.20320653502536215
22	0.06860074631330657	0.11062642873947635	0.0956702299936924	0.04820592984178299	0.12607704727850935	0.09060242711288957	0.09801872401162542	0.10444618132386314	0.12471739284707445	0.0684771413649943	0.12360494831226408	0.0960410448386292	0.08578183412871127	0.03794671913186507	0.08096124114453297	0.08405136485233958
23	0.0018540742246839611	0.00667466720886226	0.004573383087553771	0.0	0.0	0.0	0.0	0.0	0.0	0.0	0.0004944197932490563	0.0024720989662452815	0.005315012777427355	0.0	0.006303852363925467	0.004202568242616979
24	0.0	0.0	0.0	0.0	0.0	0.0	0.0	0.0	0.0	0.0	0.0	0.0	0.0	0.0	0.0	0.0
["PV_UTILITY","C2",*,*] :	1	2	3	4	5	6	7	8	9	10	11	12	13	14	15	16 := 
1	0.0	0.0	0.0	0.0	0.0	0.0	0.0	0.0	0.0	0.0	0.0	0.0	0.0	0.0	0.0	0.0
2	0.0	0.0	0.0	0.0	0.0	0.0	0.0	0.0	0.0	0.0	0.0	0.0	0.0	0.0	0.0	0.0
3	0.0	0.0	0.0	0.0	0.0	0.0	0.0	0.0	0.0	0.0	0.0	0.0	0.0	0.0	0.0	0.0
4	0.0	0.0	0.0	0.0	0.0	0.0	0.0	0.0	0.0	0.0	0.0	0.0	0.0	0.0	0.0	0.0
5	0.0	0.0	0.0	0.0	0.0	0.0	0.0	0.0	0.0	0.0	0.0	0.0	0.0	0.0	0.0	0.0
6	0.0	0.0	0.0	0.0	0.0	0.0	0.0	0.0	0.0	0.0	0.0	0.0	0.0	0.0	0.0	0.0
7	0.0	0.0	0.0	0.0	0.0	0.0	0.0	0.0	0.0	0.0	0.0	0.0	0.0	0.0	0.0	0.0
8	0.0	0.0	0.0	0.0	0.0	0.0	0.0	0.0	0.0	0.0	0.0	0.0	0.0	0.0	0.0	0.0
9	0.0	0.0	0.0	0.0	0.0	0.0	0.0	0.0	0.0	0.0	0.0	0.0	0.0	0.0	0.0	0.0
10	0.0	0.0	0.0	0.0	0.0	0.0	0.0	0.0	0.0	0.0	0.0	0.0	0.0	0.0	0.0	0.0
11	0.00694810323789266	0.007113865129425242	0.0052934620810973654	0.0	0.0004962930884209044	0.0	0.0	0.0	0.0	0.0	0.0021509342452161995	0.003970344707367235	0.00562498586416253	0.006121278952583433	0.008933275591576277	0.010091623659950668
12	0.08685129047365825	0.0923105144462882	0.09297256942624169	0.029281292216833354	0.1250658582820679	0.08618923549370476	0.14193982328837862	0.13548801313890688	0.18991449097367377	0.10455207976527822	0.14921845772315961	0.12589268256737712	0.10041696575255527	0.08999481089571626	0.09992067266413435	0.09429568679997181
13	0.19984035274209186	0.2529437132031286	0.21770690392524442	0.09892808648729254	0.30207672895679816	0.26253904377465836	0.3531949170641513	0.3540227339356374	0.3988538811988745	0.2818944742230736	0.33963023437143114	0.2995952635146936	0.23325775155782502	0.20364592814410334	0.23160311040102974	0.22465500716313708
14	0.3126646457051697	0.39091319178414	0.33681724514626143	0.17188317048516547	0.4448443691166628	0.4163899011851387	0.5030754297672644	0.5164753431546288	0.54757703841979	0.4364073866135074	0.4944736779587533	0.4476563657556557	0.36047454408510915	0.3055507805757445	0.354683796329414	0.3452542276494168
15	0.4043131051715044	0.48802186780928153	0.43392592117140294	0.22630964831993236	0.5391400559166346	0.5184605155083125	0.6003488750977616	0.6182154262809142	0.6446847218587547	0.555351965942992	0.6016729850576686	0.54757703841979	0.45824428250402727	0.3644448887924764	0.4456711934019721	0.43839255896719104
16	0.4395499144493886	0.5472455146367249	0.4802459476999028	0.2842101777736456	0.5874452547988182	0.5856258443366671	0.6425337876135385	0.670326200565109	0.698450137299745	0.6127562023082842	0.659077221422961	0.5963785303903943	0.5159790500662079	0.39256783294093534	0.5004291950198042	0.4921569818220045
17	0.44633324838192556	0.5695787036156656	0.5068810051692758	0.31183782141986044	0.6021692781460894	0.6112673230430214	0.6446847218587547	0.682568758470276	0.7115185269040443	0.6193737743492885	0.6733039590956346	0.6068006852472334	0.5292141941482165	0.39736500193361174	0.5111818810735315	0.5144901708009453
18	0.42598523175666847	0.55303626239242	0.5029106604619086	0.303897132005126	0.5919118925946063	0.5828138476976742	0.6175543638871376	0.6559337010009029	0.6800872930281715	0.5909193064177645	0.6420374945251176	0.568421348133468	0.49711991270621353	0.36692635423458086	0.4739598994419636	0.4916606887335836
19	0.36378283381252285	0.4840515231019143	0.4392193832525003	0.26468997801987454	0.5320261907872095	0.5037374847472178	0.518626277399845	0.5821517927177208	0.6129219641998168	0.4986087919714763	0.5662704138882518	0.4708163790199056	0.4254889386682476	0.2984379080324961	0.3996816980703605	0.42168336326623607
20	0.26832879894417666	0.37271610940409916	0.3454199895409494	0.20066816961357795	0.4015011085325116	0.3712272301388364	0.38446138163466825	0.4440165522451768	0.5014217811966459	0.3665948304515157	0.43425645236829125	0.3454199895409494	0.32275626936512036	0.20976621451050992	0.28735369819570356	0.31812386967779965
21	0.17320628785889558	0.23640127197988303	0.22316612789787435	0.11977239620097052	0.24698819614207776	0.19669782490621068	0.23755862746208056	0.26634362659049304	0.33582465896941965	0.21357178991252143	0.2744500778967601	0.22300135859251863	0.20050240772204536	0.12407327210522608	0.17783868754621632	0.20381069744945907
22	0.07460972515466822	0.09925861768418087	0.09082163518102548	0.04102656444740248	0.09512251108528104	0.061540342964192134	0.07378190828318215	0.08271518387475844	0.12523162017360046	0.06749586002524299	0.10041696575255527	0.08734758356207915	0.08073001152107483	0.04731360529151849	0.07063938044730099	0.08122630460949573
23	0.0008268242853092265	0.00347405161894633	0.0019851723536836174	0.0	0.0	0.0	0.0	0.0	0.0	0.0	0.0	0.0009925861768418087	0.0028119966389928436	0.0003305311968883223	0.0041361065988998165	0.0024814654421045214
24	0.0	0.0	0.0	0.0	0.0	0.0	0.0	0.0	0.0	0.0	0.0	0.0	0.0	0.0	0.0	0.0
["PV_UTILITY","C3",*,*] :	1	2	3	4	5	6	7	8	9	10	11	12	13	14	15	16 := 
1	0.0	0.0	0.0	0.0	0.0	0.0	0.0	0.0	0.0	0.0	0.0	0.0	0.0	0.0	0.0	0.0
2	0.0	0.0	0.0	0.0	0.0	0.0	0.0	0.0	0.0	0.0	0.0	0.0	0.0	0.0	0.0	0.0
3	0.0	0.0	0.0	0.0	0.0	0.0	0.0	0.0	0.0	0.0	0.0	0.0	0.0	0.0	0.0	0.0
4	0.0	0.0	0.0	0.0	0.0	0.0	0.0	0.0	0.0	0.0	0.0	0.0	0.0	0.0	0.0	0.0
5	0.0	0.0	0.0	0.0	0.0	0.0	0.0	0.0	0.0	0.0	0.0	0.0	0.0	0.0	0.0	0.0
6	0.0	0.0	0.0	0.0	0.0	0.0	0.0	0.0	0.0	0.0	0.0	0.0	0.0	0.0	0.0	0.0
7	0.0	0.0	0.0	0.0	0.0	0.0	0.0	0.0	0.0	0.0	0.0	0.0	0.0	0.0	0.0	0.0
8	0.0	0.0	0.0	0.0	0.0	0.0	0.0	0.0	0.0	0.0	0.0	0.0	0.0	0.0	0.0	0.0
9	0.0	0.0	0.0	0.0	0.0	0.0	0.0	0.0	0.0	0.0	0.0	0.0	0.0	0.0	0.0	0.0
10	0.0	0.0	0.0	0.0	0.0	0.0	0.0	0.0	0.0	0.0	0.0	0.0	0.0	0.0	0.0	0.0
11	0.0	0.0	0.0	0.0	0.0	0.0	0.0	0.0	0.0	0.0	0.0	0.0	0.0	0.0019837790951144894	0.002975668642671734	0.002975668642671734
12	0.06943226832900713	0.07439171606679335	0.08133494289969406	0.05058636692541947	0.0843106115423658	0.08827816973259477	0.09720517566060997	0.11704296661175485	0.15175910077625843	0.10315651294595343	0.11704296661175485	0.10514029204106792	0.034716134164503566	0.09026194882770926	0.08530250108992303	0.07935116380457957
13	0.19242657222610546	0.21226436317725034	0.2291264854857235	0.1596942171567164	0.26285073010266985	0.28368041060137195	0.3193884343134328	0.3451775625499211	0.3739423594290812	0.3025263120049596	0.31641276567076104	0.27772907331602853	0.14382398439580046	0.20135357815412067	0.2291264854857235	0.22119136910526555
14	0.30153442245740236	0.3521207893828218	0.34021811481213493	0.2291264854857235	0.41956927861671445	0.4384151800203021	0.4880096573981643	0.5128068960870955	0.5366122452284694	0.458252970971447	0.48404209920793534	0.4245287263545007	0.2549156137222119	0.29062363743427266	0.36799102214373774	0.361047795310837
15	0.3908044817375544	0.462220529161676	0.41262605178381373	0.26979395693557057	0.600093176272133	0.5445473616089274	0.6129877403903772	0.6139796299379344	0.6417525372695373	0.5693446002978584	0.5991012867245757	0.5415716929662556	0.3511288998352646	0.3412100043596921	0.47313131418480564	0.46916375599457666
16	0.462220529161676	0.5366122452284694	0.45031785459098905	0.29459119562450164	0.6734930027913691	0.6100120717477054	0.6744848923389264	0.6744848923389264	0.7022577996705291	0.6070364031050337	0.6655578864109112	0.6020769553672475	0.38088558626198193	0.368982911691295	0.5247095706577825	0.5276852393004542
17	0.5028880006115231	0.5643851525600722	0.4810664305652636	0.2767371837684713	0.6992821310278574	0.6298498626988503	0.6844037878144987	0.689363235552285	0.722095590621674	0.6258823045086214	0.6883713460047277	0.6179471881281634	0.38782881309488265	0.34616945209747835	0.5257014602053397	0.5445473616089274
18	0.4939609946835078	0.5584338152747287	0.46717997689946217	0.2598750614599981	0.6804362296242699	0.6110039612952627	0.6645659968633539	0.6675416655060257	0.7032496892180864	0.6070364031050337	0.6665497759584684	0.5941418389867895	0.3511288998352646	0.3025263120049596	0.49098532604083606	0.510823116991981
19	0.4453584068532028	0.5078474483493093	0.40270715630824133	0.21722381091503656	0.6169552985806062	0.5554581466320571	0.5822391644161026	0.6030688449148047	0.6437363163646518	0.5495068093467136	0.5971175076294613	0.5405798034186984	0.29657497471961614	0.2529318346270974	0.42651250544961516	0.45230163368610354
20	0.35311267893037906	0.4165936099740427	0.32335599250366176	0.16068610670427363	0.46122863961411875	0.44833407549587456	0.42849628454472966	0.4493259650434318	0.5415716929662556	0.44139084866297384	0.4919772155883933	0.4334557322825159	0.22416703774793728	0.18349956629809025	0.3372424461694632	0.3560883475730508
21	0.22416703774793728	0.27772907331602853	0.24003727050885318	0.09224572792282375	0.34021811481213493	0.2876479687916009	0.29062363743427266	0.30153442245740236	0.3908044817375544	0.24995616598442563	0.3352586670743487	0.29062363743427266	0.1448158739433577	0.11505918751664038	0.22416703774793728	0.23507782277106695
22	0.10216462339839619	0.13489697846778528	0.12001863525442659	0.03868369235473254	0.15175910077625843	0.11009973977885415	0.11208351887396864	0.13588886801534253	0.18151578720297576	0.09621328611305273	0.16266988579938813	0.11406729796908313	0.06744848923389264	0.04761069828274774	0.11009973977885415	0.10811596068373966
23	0.01091078502312969	0.014878343213358668	0.012894564118244179	0.0	0.002975668642671734	0.0	0.0	0.0	0.0	0.0	0.004959447737786223	0.007935116380457958	0.004959447737786223	0.0019837790951144894	0.013886453665801424	0.012894564118244179
24	0.0	0.0	0.0	0.0	0.0	0.0	0.0	0.0	0.0	0.0	0.0	0.0	0.0	0.0	0.0	0.0
["PV_UTILITY","C4",*,*] :	1	2	3	4	5	6	7	8	9	10	11	12	13	14	15	16 := 
1	0.0	0.0	0.0	0.0	0.0	0.0	0.0	0.0	0.0	0.0	0.0	0.0	0.0	0.0	0.0	0.0
2	0.0	0.0	0.0	0.0	0.0	0.0	0.0	0.0	0.0	0.0	0.0	0.0	0.0	0.0	0.0	0.0
3	0.0	0.0	0.0	0.0	0.0	0.0	0.0	0.0	0.0	0.0	0.0	0.0	0.0	0.0	0.0	0.0
4	0.0	0.0	0.0	0.0	0.0	0.0	0.0	0.0	0.0	0.0	0.0	0.0	0.0	0.0	0.0	0.0
5	0.0	0.0	0.0	0.0	0.0	0.0	0.0	0.0	0.0	0.0	0.0	0.0	0.0	0.0	0.0	0.0
6	0.0	0.0	0.0	0.0	0.0	0.0	0.0	0.0	0.0	0.0	0.0	0.0	0.0	0.0	0.0	0.0
7	0.0	0.0	0.0	0.0	0.0	0.0	0.0	0.0	0.0	0.0	0.0	0.0	0.0	0.0	0.0	0.0
8	0.0	0.0	0.0	0.0	0.0	0.0	0.0	0.0	0.0	0.0	0.0	0.0	0.0	0.0	0.0	0.0
9	0.0	0.0	0.0	0.0	0.0	0.0	0.0	0.0	0.0	0.0	0.0	0.0	0.0	0.0	0.0	0.0
10	0.0	0.0	0.0	0.0	0.0	0.0	0.0	0.0	0.0	0.0	0.0	0.0	0.0	0.0	0.0	0.0
11	0.010940993678424124	0.01293026525631942	0.00646513262815971	0.0	0.0	0.0	0.0	0.0	0.0	0.0	0.003481225261316767	0.003481225261316767	0.00646513262815971	0.00646513262815971	0.010443675783950302	0.01293026525631942
12	0.09598235363344801	0.11289116204555802	0.08802526732186682	0.0457532462915918	0.09747430731686949	0.09598235363344801	0.1312919241410895	0.12880533466872038	0.19295934305584367	0.09896626100029095	0.14322755360846126	0.11090189046766272	0.08951722100528829	0.08106281679923329	0.10294480415608154	0.10195016836713389
13	0.21782523777953486	0.27253020617165546	0.20340301883979395	0.12383215572398214	0.24318845039769985	0.26158921249323136	0.3277324924582499	0.33817616824220026	0.4018328587348497	0.2620865303877052	0.3277324924582499	0.2546267619705978	0.19395397884479132	0.1854995746387363	0.23821527145296162	0.2267769598800637
14	0.3371815324532526	0.4023301766293235	0.30734245878482314	0.22230109882979926	0.36403669875483907	0.38840527558405646	0.48040908606171384	0.5191998818306721	0.5525201807604183	0.40829799136300937	0.47692786080039706	0.3963623618956376	0.31331027351850904	0.2804872924832366	0.3630420629658914	0.33966812192562174
15	0.4232175281972241	0.4923447155290856	0.4023301766293235	0.3187807703577211	0.46051637028276093	0.46200832396618235	0.5753968039062142	0.6256259112480704	0.6499944880772878	0.516713292358303	0.5793753470620048	0.5187025639361983	0.409292627151957	0.3466305724482552	0.4495753766043368	0.4192389850414335
16	0.46200832396618235	0.5530174986548921	0.44758610502644147	0.38442673242826586	0.5107454776246171	0.502291073418562	0.6141875996751726	0.6574542564943952	0.7007209133136179	0.5714182607504236	0.6315937259817563	0.578878029167531	0.4555431913380227	0.39337845452879466	0.5007991197351406	0.4580297808103918
17	0.4595217344938133	0.5555040881272613	0.4615110060717086	0.40630871978511407	0.5455577302377848	0.5271569681422533	0.6136902817806986	0.6753577006954529	0.7101699533086204	0.5604772670719995	0.6375615407154422	0.5848458439012169	0.4868742186898735	0.40282749452379735	0.508258888152248	0.4525592839711797
18	0.43067729661433146	0.5187025639361983	0.4257041176695932	0.39536772610668997	0.5356113723483082	0.5012964376296144	0.5679370354891068	0.657951574388869	0.6828174691125601	0.5390925976096251	0.6012573344188531	0.5569960418106827	0.46300295975513	0.37845891769457995	0.4779224965893447	0.4152604418856429
19	0.3675179240161558	0.44559683344854617	0.3774642819056323	0.3386734861366741	0.47096004606671116	0.41874166714695965	0.4963232586848762	0.5997653807354315	0.612695645991751	0.47841981448381854	0.5261623323533057	0.47891713237829237	0.39884895136800674	0.3346949429808835	0.39536772610668997	0.35806888402115317
20	0.25910262302086223	0.316294180885352	0.2824765640611319	0.2566160335484931	0.3486198440261505	0.2864551072169225	0.36403669875483907	0.4868742186898735	0.4943339871069809	0.38392941453379203	0.403822130312745	0.34762520823720283	0.2973961008953466	0.251145536709281	0.27800070301086754	0.2700436166992864
21	0.16162831570399275	0.19693788621163424	0.1874888462166316	0.1626229514929404	0.20837619778453217	0.13725973887477538	0.2128520588347966	0.27650874932744607	0.31579686299087817	0.2337394104026972	0.24468040408112132	0.21782523777953486	0.18102371358847189	0.1332811957189848	0.166601494648731	0.17157467359346923
22	0.06315937259817563	0.079073545221338	0.07608963785449505	0.0561969220755421	0.059180829442385036	0.030336391562903256	0.06365669049264945	0.08504135995502389	0.09647967152792183	0.0646513262815971	0.08752794942739299	0.07658695574896887	0.0666405978594924	0.04674788208053944	0.06017546523133269	0.0711164589097568
23	0.0	0.0009946357889476477	0.0	0.0	0.0	0.0	0.0	0.0	0.0	0.0	0.0	0.0	0.0009946357889476477	0.0	0.0014919536834214716	0.0009946357889476477
24	0.0	0.0	0.0	0.0	0.0	0.0	0.0	0.0	0.0	0.0	0.0	0.0	0.0	0.0	0.0	0.0
["PV_UTILITY","C5",*,*] :	1	2	3	4	5	6	7	8	9	10	11	12	13	14	15	16 := 
1	0.0	0.0	0.0	0.0	0.0	0.0	0.0	0.0	0.0	0.0	0.0	0.0	0.0	0.0	0.0	0.0
2	0.0	0.0	0.0	0.0	0.0	0.0	0.0	0.0	0.0	0.0	0.0	0.0	0.0	0.0	0.0	0.0
3	0.0	0.0	0.0	0.0	0.0	0.0	0.0	0.0	0.0	0.0	0.0	0.0	0.0	0.0	0.0	0.0
4	0.0	0.0	0.0	0.0	0.0	0.0	0.0	0.0	0.0	0.0	0.0	0.0	0.0	0.0	0.0	0.0
5	0.0	0.0	0.0	0.0	0.0	0.0	0.0	0.0	0.0	0.0	0.0	0.0	0.0	0.0	0.0	0.0
6	0.0	0.0	0.0	0.0	0.0	0.0	0.0	0.0	0.0	0.0	0.0	0.0	0.0	0.0	0.0	0.0
7	0.0	0.0	0.0	0.0	0.0	0.0	0.0	0.0	0.0	0.0	0.0	0.0	0.0	0.0	0.0	0.0
8	0.0	0.0	0.0	0.0	0.0	0.0	0.0	0.0	0.0	0.0	0.0	0.0	0.0	0.0	0.0	0.0
9	0.0	0.0	0.0	0.0	0.0	0.0	0.0	0.0	0.0	0.0	0.0	0.0	0.0	0.0	0.0	0.0
10	0.0	0.0	0.0	0.0	0.0	0.0	0.0	0.0	0.0	0.0	0.0	0.0	0.0	0.0	0.0	0.0
11	0.0019852702120753225	0.0019852702120753225	0.0019852702120753225	0.0	0.0	0.0	0.0	0.0	0.0	0.0	0.0	0.0	0.0	0.004963175530188306	0.005955810636225967	0.005955810636225967
12	0.07841817337697524	0.08635925422527652	0.09231506486150248	0.04069803934754411	0.11514567230036869	0.06749918721056096	0.12010884783055699	0.12606465846678297	0.16577006270828942	0.10819722655810507	0.13400573931508425	0.11514567230036869	0.06154337657433499	0.09827087549772846	0.08735188933131417	0.08735188933131417
13	0.20051229141960755	0.23525452013092568	0.24418823608526463	0.13400573931508425	0.32062113925016456	0.22830607438866207	0.3494075573252567	0.35536336796148266	0.38514242114261255	0.30275370734148666	0.3325327605226165	0.289849450962997	0.19058594035923093	0.20746073716187116	0.23525452013092568	0.22830607438866207
14	0.3196285041441269	0.37422343497619825	0.3613191785977086	0.22036499354036077	0.4903617423826046	0.3781939754003489	0.5131923498214708	0.5181555253516591	0.5409861327905253	0.45959005409543713	0.49234701259467994	0.4317962711263826	0.31268005840186325	0.2938199913871477	0.37720134029431124	0.360326543491671
15	0.42484782538411897	0.4754722157920397	0.4466857977169475	0.2650335733120555	0.6104705902131616	0.4754722157920397	0.6233748465916512	0.6223822114856136	0.6432275487124044	0.5638167402293914	0.6045147795769357	0.5429714030026007	0.4020172179452528	0.35834127327959564	0.4933396477007176	0.4625679594135501
16	0.477457486004115	0.5459493083207136	0.49135437748864225	0.2829010052207334	0.6749918721056096	0.5459493083207136	0.6819403178478732	0.6710213316814589	0.7017930199686264	0.6015368742588226	0.6700286965754213	0.5965736987286343	0.4317962711263826	0.3762087051882736	0.5548830242750526	0.5231187008818474
17	0.48440593174637864	0.5687799157595798	0.5161702551395838	0.2660262084180932	0.699807749756551	0.5926031583044836	0.6809476827418356	0.6829329529539108	0.720653086983342	0.6194043061675005	0.6898813986961745	0.6084853200010862	0.45363424345921116	0.38216451582449956	0.5608388349112785	0.5439640381086384
18	0.45363424345921116	0.5578609295931656	0.48341329664034094	0.24815877650941529	0.6779697774237227	0.58565471256222	0.6601023455150447	0.659109710409007	0.6988151146505134	0.5955810636225967	0.668043426363346	0.5846620774561824	0.40698039347544107	0.34444438179506837	0.5112070796093955	0.5181555253516591
19	0.38712769135468783	0.5092218093973202	0.40300985305129045	0.23922506055507634	0.6174190359554252	0.5499198487448643	0.588632617880333	0.5965736987286343	0.6372717380761784	0.536022957260337	0.5995516040467473	0.5221260657758098	0.3414664764769554	0.2551072222516789	0.42782573070223195	0.4447005275048722
20	0.2580851275697919	0.41194356900562934	0.2938199913871477	0.19058594035923093	0.477457486004115	0.4695164051558137	0.4824206615343033	0.4724943104739267	0.5330450519422241	0.41194356900562934	0.4933396477007176	0.41591410942978	0.25212931693356594	0.17569641376866602	0.32062113925016456	0.34444438179506837
21	0.17966695419281667	0.24915141161545296	0.19257121057130627	0.12407938825470764	0.32856222009846586	0.28786418075092174	0.26701884352413086	0.24915141161545296	0.3791866105063866	0.22334289885847375	0.33948120626488015	0.2729746541603568	0.14988790101168684	0.10323405102791676	0.2223502637524361	0.23029134460073739
22	0.08338134890716355	0.12110148293659466	0.09032979464942716	0.050624390407920716	0.14889526590564917	0.12606465846678297	0.10025614570980378	0.10124878081584143	0.1687479680264024	0.08834452443735184	0.13202046910300894	0.10224141592187909	0.06352864678641032	0.04069803934754411	0.10224141592187909	0.10422668613395442
23	0.005955810636225967	0.010918986166414272	0.00893371595433895	0.0	0.0009926351060376612	0.0	0.0	0.0	0.0	0.0	0.0019852702120753225	0.005955810636225967	0.0029779053181129833	0.0	0.012904256378489595	0.00893371595433895
24	0.0	0.0	0.0	0.0	0.0	0.0	0.0	0.0	0.0	0.0	0.0	0.0	0.0	0.0	0.0	0.0
["PV_HS","C1",*,*] :	1	2	3	4	5	6	7	8	9	10	11	12	13	14	15	16 := 
1	0.0	0.0	0.0	0.0	0.0	0.0	0.0	0.0	0.0	0.0	0.0	0.0	0.0	0.0	0.0	0.0
2	0.0	0.0	0.0	0.0	0.0	0.0	0.0	0.0	0.0	0.0	0.0	0.0	0.0	0.0	0.0	0.0
3	0.0	0.0	0.0	0.0	0.0	0.0	0.0	0.0	0.0	0.0	0.0	0.0	0.0	0.0	0.0	0.0
4	0.0	0.0	0.0	0.0	0.0	0.0	0.0	0.0	0.0	0.0	0.0	0.0	0.0	0.0	0.0	0.0
5	0.0	0.0	0.0	0.0	0.0	0.0	0.0	0.0	0.0	0.0	0.0	0.0	0.0	0.0	0.0	0.0
6	0.0	0.0	0.0	0.0	0.0	0.0	0.0	0.0	0.0	0.0	0.0	0.0	0.0	0.0	0.0	0.0
7	0.0	0.0	0.0	0.0	0.0	0.0	0.0	0.0	0.0	0.0	0.0	0.0	0.0	0.0	0.0	0.0
8	0.0	0.0	0.0	0.0	0.0	0.0	0.0	0.0	0.0	0.0	0.0	0.0	0.0	0.0	0.0	0.0
9	0.0	0.0	0.0	0.0	0.0	0.0	0.0	0.0	0.0	0.0	0.0	0.0	0.0	0.0	0.0	0.0
10	0.0	0.0	0.0	0.0	0.0	0.0	0.0	0.0	0.0	0.0	0.0	0.0	0.0	0.0	0.0	0.0
11	0.007539901847048109	0.006427457312237732	0.005933037518988676	0.0	0.0	0.0	0.0	0.0	0.0	0.0	0.0007416296898735845	0.002595703914557546	0.004696988035866035	0.006303852363925467	0.009764790916668863	0.011866075037977352
12	0.08948998257807919	0.09517581020044334	0.1022212922542424	0.022248890696207533	0.13361694912555747	0.08442217969727638	0.1355946282985537	0.14115685097260558	0.18182287896734048	0.10617665060023485	0.13781951736817444	0.12063842955276974	0.08059042629959619	0.08862474793989335	0.10333373678905276	0.09962558833968485
13	0.2085215478027895	0.25351374898845364	0.2501764153840225	0.08306252526584147	0.32780032292412437	0.26290772506018567	0.3631513381414319	0.3699496102986064	0.3957830444958696	0.2884939493608244	0.3328681258049272	0.29442698687981306	0.19072243524582347	0.1913404599873848	0.24560303229646874	0.24313093333022345
14	0.3256990388028158	0.39405257521949794	0.38045603090514885	0.1655070257901216	0.47254171739778555	0.4203804292100101	0.524703005585561	0.5302652282596129	0.5473227111267054	0.43595465269735545	0.49343095366255824	0.44782072773533277	0.3055514322279168	0.2790999732890923	0.3835461546129555	0.37316333895472525
15	0.41420018179439694	0.49466700314568085	0.47476660646740637	0.23175927808549515	0.5800780224294553	0.5264334748619328	0.6302616314442345	0.6308796561857959	0.6452178301900184	0.5407716488661554	0.6059114566267185	0.5538737733872553	0.3975135137722413	0.3373179039441687	0.49046443490306385	0.4674739145169828
16	0.452146900926262	0.5573347119399988	0.5067802880802826	0.27477380009816305	0.6329809403071044	0.5856402451035073	0.6868726977712516	0.685265833443192	0.7004692420856006	0.5823029114990761	0.6700624248007836	0.6066530863165922	0.45301213556444786	0.37143286967835354	0.550907254627761	0.5214892769294422
17	0.45696749391044034	0.5761226640834628	0.5124661157026469	0.29665187594943376	0.6593087942976166	0.607518320954778	0.693176550135177	0.6946598095149241	0.71517823093476	0.5773587135665855	0.6890975868408723	0.6144401980602647	0.467597519465295	0.38243371007814503	0.5596832059579318	0.5280403391899922
18	0.4216164786931328	0.5470755012300809	0.4673503095686705	0.28713429492938947	0.6509036578123827	0.5863818747933808	0.6672195109896015	0.6668486961446647	0.6905808462206194	0.5547390080254413	0.6642529922301071	0.5853930352068827	0.43694349228385354	0.35820714020894134	0.5192643878598213	0.4837897676942016
19	0.35944318969206396	0.48428418748745067	0.39170408120156486	0.26191888547368763	0.5945398013819901	0.5232197462058138	0.5830445411889497	0.6028213329189119	0.6244521988735581	0.4789691747100233	0.5952814310718638	0.5143201899273308	0.3832989447163309	0.29022441863719606	0.4273023063154969	0.40690748984397335
20	0.25536782321313756	0.37674788245578095	0.30369735800323283	0.21396016552852914	0.44670828320052236	0.40258131665304414	0.4394155912500988	0.48477860728069977	0.5148146097205799	0.3484423492922724	0.48341895284926484	0.386141858527513	0.29578664131124793	0.2012288558523659	0.3087651608840357	0.3049334074863555
21	0.1610572476508801	0.24424337786503383	0.21185888140722064	0.13683067778167635	0.31173167964353	0.2443669828133461	0.276627874322847	0.28330254153170925	0.35425178186294887	0.21396016552852914	0.32421577942306873	0.24819873621102628	0.1919584847289461	0.10790711987660655	0.1930709292637565	0.20320653502536215
22	0.06860074631330657	0.11062642873947635	0.0956702299936924	0.04820592984178299	0.12607704727850935	0.09060242711288957	0.09801872401162542	0.10444618132386314	0.12471739284707445	0.0684771413649943	0.12360494831226408	0.0960410448386292	0.08578183412871127	0.03794671913186507	0.08096124114453297	0.08405136485233958
23	0.0018540742246839611	0.00667466720886226	0.004573383087553771	0.0	0.0	0.0	0.0	0.0	0.0	0.0	0.0004944197932490563	0.0024720989662452815	0.005315012777427355	0.0	0.006303852363925467	0.004202568242616979
24	0.0	0.0	0.0	0.0	0.0	0.0	0.0	0.0	0.0	0.0	0.0	0.0	0.0	0.0	0.0	0.0
["PV_HS","C2",*,*] :	1	2	3	4	5	6	7	8	9	10	11	12	13	14	15	16 := 
1	0.0	0.0	0.0	0.0	0.0	0.0	0.0	0.0	0.0	0.0	0.0	0.0	0.0	0.0	0.0	0.0
2	0.0	0.0	0.0	0.0	0.0	0.0	0.0	0.0	0.0	0.0	0.0	0.0	0.0	0.0	0.0	0.0
3	0.0	0.0	0.0	0.0	0.0	0.0	0.0	0.0	0.0	0.0	0.0	0.0	0.0	0.0	0.0	0.0
4	0.0	0.0	0.0	0.0	0.0	0.0	0.0	0.0	0.0	0.0	0.0	0.0	0.0	0.0	0.0	0.0
5	0.0	0.0	0.0	0.0	0.0	0.0	0.0	0.0	0.0	0.0	0.0	0.0	0.0	0.0	0.0	0.0
6	0.0	0.0	0.0	0.0	0.0	0.0	0.0	0.0	0.0	0.0	0.0	0.0	0.0	0.0	0.0	0.0
7	0.0	0.0	0.0	0.0	0.0	0.0	0.0	0.0	0.0	0.0	0.0	0.0	0.0	0.0	0.0	0.0
8	0.0	0.0	0.0	0.0	0.0	0.0	0.0	0.0	0.0	0.0	0.0	0.0	0.0	0.0	0.0	0.0
9	0.0	0.0	0.0	0.0	0.0	0.0	0.0	0.0	0.0	0.0	0.0	0.0	0.0	0.0	0.0	0.0
10	0.0	0.0	0.0	0.0	0.0	0.0	0.0	0.0	0.0	0.0	0.0	0.0	0.0	0.0	0.0	0.0
11	0.00694810323789266	0.007113865129425242	0.0052934620810973654	0.0	0.0004962930884209044	0.0	0.0	0.0	0.0	0.0	0.0021509342452161995	0.003970344707367235	0.00562498586416253	0.006121278952583433	0.008933275591576277	0.010091623659950668
12	0.08685129047365825	0.0923105144462882	0.09297256942624169	0.029281292216833354	0.1250658582820679	0.08618923549370476	0.14193982328837862	0.13548801313890688	0.18991449097367377	0.10455207976527822	0.14921845772315961	0.12589268256737712	0.10041696575255527	0.08999481089571626	0.09992067266413435	0.09429568679997181
13	0.19984035274209186	0.2529437132031286	0.21770690392524442	0.09892808648729254	0.30207672895679816	0.26253904377465836	0.3531949170641513	0.3540227339356374	0.3988538811988745	0.2818944742230736	0.33963023437143114	0.2995952635146936	0.23325775155782502	0.20364592814410334	0.23160311040102974	0.22465500716313708
14	0.3126646457051697	0.39091319178414	0.33681724514626143	0.17188317048516547	0.4448443691166628	0.4163899011851387	0.5030754297672644	0.5164753431546288	0.54757703841979	0.4364073866135074	0.4944736779587533	0.4476563657556557	0.36047454408510915	0.3055507805757445	0.354683796329414	0.3452542276494168
15	0.4043131051715044	0.48802186780928153	0.43392592117140294	0.22630964831993236	0.5391400559166346	0.5184605155083125	0.6003488750977616	0.6182154262809142	0.6446847218587547	0.555351965942992	0.6016729850576686	0.54757703841979	0.45824428250402727	0.3644448887924764	0.4456711934019721	0.43839255896719104
16	0.4395499144493886	0.5472455146367249	0.4802459476999028	0.2842101777736456	0.5874452547988182	0.5856258443366671	0.6425337876135385	0.670326200565109	0.698450137299745	0.6127562023082842	0.659077221422961	0.5963785303903943	0.5159790500662079	0.39256783294093534	0.5004291950198042	0.4921569818220045
17	0.44633324838192556	0.5695787036156656	0.5068810051692758	0.31183782141986044	0.6021692781460894	0.6112673230430214	0.6446847218587547	0.682568758470276	0.7115185269040443	0.6193737743492885	0.6733039590956346	0.6068006852472334	0.5292141941482165	0.39736500193361174	0.5111818810735315	0.5144901708009453
18	0.42598523175666847	0.55303626239242	0.5029106604619086	0.303897132005126	0.5919118925946063	0.5828138476976742	0.6175543638871376	0.6559337010009029	0.6800872930281715	0.5909193064177645	0.6420374945251176	0.568421348133468	0.49711991270621353	0.36692635423458086	0.4739598994419636	0.4916606887335836
19	0.36378283381252285	0.4840515231019143	0.4392193832525003	0.26468997801987454	0.5320261907872095	0.5037374847472178	0.518626277399845	0.5821517927177208	0.6129219641998168	0.4986087919714763	0.5662704138882518	0.4708163790199056	0.4254889386682476	0.2984379080324961	0.3996816980703605	0.42168336326623607
20	0.26832879894417666	0.37271610940409916	0.3454199895409494	0.20066816961357795	0.4015011085325116	0.3712272301388364	0.38446138163466825	0.4440165522451768	0.5014217811966459	0.3665948304515157	0.43425645236829125	0.3454199895409494	0.32275626936512036	0.20976621451050992	0.28735369819570356	0.31812386967779965
21	0.17320628785889558	0.23640127197988303	0.22316612789787435	0.11977239620097052	0.24698819614207776	0.19669782490621068	0.23755862746208056	0.26634362659049304	0.33582465896941965	0.21357178991252143	0.2744500778967601	0.22300135859251863	0.20050240772204536	0.12407327210522608	0.17783868754621632	0.20381069744945907
22	0.07460972515466822	0.09925861768418087	0.09082163518102548	0.04102656444740248	0.09512251108528104	0.061540342964192134	0.07378190828318215	0.08271518387475844	0.12523162017360046	0.06749586002524299	0.10041696575255527	0.08734758356207915	0.08073001152107483	0.04731360529151849	0.07063938044730099	0.08122630460949573
23	0.0008268242853092265	0.00347405161894633	0.0019851723536836174	0.0	0.0	0.0	0.0	0.0	0.0	0.0	0.0	0.0009925861768418087	0.0028119966389928436	0.0003305311968883223	0.0041361065988998165	0.0024814654421045214
24	0.0	0.0	0.0	0.0	0.0	0.0	0.0	0.0	0.0	0.0	0.0	0.0	0.0	0.0	0.0	0.0
["PV_HS","C3",*,*] :	1	2	3	4	5	6	7	8	9	10	11	12	13	14	15	16 := 
1	0.0	0.0	0.0	0.0	0.0	0.0	0.0	0.0	0.0	0.0	0.0	0.0	0.0	0.0	0.0	0.0
2	0.0	0.0	0.0	0.0	0.0	0.0	0.0	0.0	0.0	0.0	0.0	0.0	0.0	0.0	0.0	0.0
3	0.0	0.0	0.0	0.0	0.0	0.0	0.0	0.0	0.0	0.0	0.0	0.0	0.0	0.0	0.0	0.0
4	0.0	0.0	0.0	0.0	0.0	0.0	0.0	0.0	0.0	0.0	0.0	0.0	0.0	0.0	0.0	0.0
5	0.0	0.0	0.0	0.0	0.0	0.0	0.0	0.0	0.0	0.0	0.0	0.0	0.0	0.0	0.0	0.0
6	0.0	0.0	0.0	0.0	0.0	0.0	0.0	0.0	0.0	0.0	0.0	0.0	0.0	0.0	0.0	0.0
7	0.0	0.0	0.0	0.0	0.0	0.0	0.0	0.0	0.0	0.0	0.0	0.0	0.0	0.0	0.0	0.0
8	0.0	0.0	0.0	0.0	0.0	0.0	0.0	0.0	0.0	0.0	0.0	0.0	0.0	0.0	0.0	0.0
9	0.0	0.0	0.0	0.0	0.0	0.0	0.0	0.0	0.0	0.0	0.0	0.0	0.0	0.0	0.0	0.0
10	0.0	0.0	0.0	0.0	0.0	0.0	0.0	0.0	0.0	0.0	0.0	0.0	0.0	0.0	0.0	0.0
11	0.0	0.0	0.0	0.0	0.0	0.0	0.0	0.0	0.0	0.0	0.0	0.0	0.0	0.0019837790951144894	0.002975668642671734	0.002975668642671734
12	0.06943226832900713	0.07439171606679335	0.08133494289969406	0.05058636692541947	0.0843106115423658	0.08827816973259477	0.09720517566060997	0.11704296661175485	0.15175910077625843	0.10315651294595343	0.11704296661175485	0.10514029204106792	0.034716134164503566	0.09026194882770926	0.08530250108992303	0.07935116380457957
13	0.19242657222610546	0.21226436317725034	0.2291264854857235	0.1596942171567164	0.26285073010266985	0.28368041060137195	0.3193884343134328	0.3451775625499211	0.3739423594290812	0.3025263120049596	0.31641276567076104	0.27772907331602853	0.14382398439580046	0.20135357815412067	0.2291264854857235	0.22119136910526555
14	0.30153442245740236	0.3521207893828218	0.34021811481213493	0.2291264854857235	0.41956927861671445	0.4384151800203021	0.4880096573981643	0.5128068960870955	0.5366122452284694	0.458252970971447	0.48404209920793534	0.4245287263545007	0.2549156137222119	0.29062363743427266	0.36799102214373774	0.361047795310837
15	0.3908044817375544	0.462220529161676	0.41262605178381373	0.26979395693557057	0.600093176272133	0.5445473616089274	0.6129877403903772	0.6139796299379344	0.6417525372695373	0.5693446002978584	0.5991012867245757	0.5415716929662556	0.3511288998352646	0.3412100043596921	0.47313131418480564	0.46916375599457666
16	0.462220529161676	0.5366122452284694	0.45031785459098905	0.29459119562450164	0.6734930027913691	0.6100120717477054	0.6744848923389264	0.6744848923389264	0.7022577996705291	0.6070364031050337	0.6655578864109112	0.6020769553672475	0.38088558626198193	0.368982911691295	0.5247095706577825	0.5276852393004542
17	0.5028880006115231	0.5643851525600722	0.4810664305652636	0.2767371837684713	0.6992821310278574	0.6298498626988503	0.6844037878144987	0.689363235552285	0.722095590621674	0.6258823045086214	0.6883713460047277	0.6179471881281634	0.38782881309488265	0.34616945209747835	0.5257014602053397	0.5445473616089274
18	0.4939609946835078	0.5584338152747287	0.46717997689946217	0.2598750614599981	0.6804362296242699	0.6110039612952627	0.6645659968633539	0.6675416655060257	0.7032496892180864	0.6070364031050337	0.6665497759584684	0.5941418389867895	0.3511288998352646	0.3025263120049596	0.49098532604083606	0.510823116991981
19	0.4453584068532028	0.5078474483493093	0.40270715630824133	0.21722381091503656	0.6169552985806062	0.5554581466320571	0.5822391644161026	0.6030688449148047	0.6437363163646518	0.5495068093467136	0.5971175076294613	0.5405798034186984	0.29657497471961614	0.2529318346270974	0.42651250544961516	0.45230163368610354
20	0.35311267893037906	0.4165936099740427	0.32335599250366176	0.16068610670427363	0.46122863961411875	0.44833407549587456	0.42849628454472966	0.4493259650434318	0.5415716929662556	0.44139084866297384	0.4919772155883933	0.4334557322825159	0.22416703774793728	0.18349956629809025	0.3372424461694632	0.3560883475730508
21	0.22416703774793728	0.27772907331602853	0.24003727050885318	0.09224572792282375	0.34021811481213493	0.2876479687916009	0.29062363743427266	0.30153442245740236	0.3908044817375544	0.24995616598442563	0.3352586670743487	0.29062363743427266	0.1448158739433577	0.11505918751664038	0.22416703774793728	0.23507782277106695
22	0.10216462339839619	0.13489697846778528	0.12001863525442659	0.03868369235473254	0.15175910077625843	0.11009973977885415	0.11208351887396864	0.13588886801534253	0.18151578720297576	0.09621328611305273	0.16266988579938813	0.11406729796908313	0.06744848923389264	0.04761069828274774	0.11009973977885415	0.10811596068373966
23	0.01091078502312969	0.014878343213358668	0.012894564118244179	0.0	0.002975668642671734	0.0	0.0	0.0	0.0	0.0	0.004959447737786223	0.007935116380457958	0.004959447737786223	0.0019837790951144894	0.013886453665801424	0.012894564118244179
24	0.0	0.0	0.0	0.0	0.0	0.0	0.0	0.0	0.0	0.0	0.0	0.0	0.0	0.0	0.0	0.0
["PV_HS","C4",*,*] :	1	2	3	4	5	6	7	8	9	10	11	12	13	14	15	16 := 
1	0.0	0.0	0.0	0.0	0.0	0.0	0.0	0.0	0.0	0.0	0.0	0.0	0.0	0.0	0.0	0.0
2	0.0	0.0	0.0	0.0	0.0	0.0	0.0	0.0	0.0	0.0	0.0	0.0	0.0	0.0	0.0	0.0
3	0.0	0.0	0.0	0.0	0.0	0.0	0.0	0.0	0.0	0.0	0.0	0.0	0.0	0.0	0.0	0.0
4	0.0	0.0	0.0	0.0	0.0	0.0	0.0	0.0	0.0	0.0	0.0	0.0	0.0	0.0	0.0	0.0
5	0.0	0.0	0.0	0.0	0.0	0.0	0.0	0.0	0.0	0.0	0.0	0.0	0.0	0.0	0.0	0.0
6	0.0	0.0	0.0	0.0	0.0	0.0	0.0	0.0	0.0	0.0	0.0	0.0	0.0	0.0	0.0	0.0
7	0.0	0.0	0.0	0.0	0.0	0.0	0.0	0.0	0.0	0.0	0.0	0.0	0.0	0.0	0.0	0.0
8	0.0	0.0	0.0	0.0	0.0	0.0	0.0	0.0	0.0	0.0	0.0	0.0	0.0	0.0	0.0	0.0
9	0.0	0.0	0.0	0.0	0.0	0.0	0.0	0.0	0.0	0.0	0.0	0.0	0.0	0.0	0.0	0.0
10	0.0	0.0	0.0	0.0	0.0	0.0	0.0	0.0	0.0	0.0	0.0	0.0	0.0	0.0	0.0	0.0
11	0.010940993678424124	0.01293026525631942	0.00646513262815971	0.0	0.0	0.0	0.0	0.0	0.0	0.0	0.003481225261316767	0.003481225261316767	0.00646513262815971	0.00646513262815971	0.010443675783950302	0.01293026525631942
12	0.09598235363344801	0.11289116204555802	0.08802526732186682	0.0457532462915918	0.09747430731686949	0.09598235363344801	0.1312919241410895	0.12880533466872038	0.19295934305584367	0.09896626100029095	0.14322755360846126	0.11090189046766272	0.08951722100528829	0.08106281679923329	0.10294480415608154	0.10195016836713389
13	0.21782523777953486	0.27253020617165546	0.20340301883979395	0.12383215572398214	0.24318845039769985	0.26158921249323136	0.3277324924582499	0.33817616824220026	0.4018328587348497	0.2620865303877052	0.3277324924582499	0.2546267619705978	0.19395397884479132	0.1854995746387363	0.23821527145296162	0.2267769598800637
14	0.3371815324532526	0.4023301766293235	0.30734245878482314	0.22230109882979926	0.36403669875483907	0.38840527558405646	0.48040908606171384	0.5191998818306721	0.5525201807604183	0.40829799136300937	0.47692786080039706	0.3963623618956376	0.31331027351850904	0.2804872924832366	0.3630420629658914	0.33966812192562174
15	0.4232175281972241	0.4923447155290856	0.4023301766293235	0.3187807703577211	0.46051637028276093	0.46200832396618235	0.5753968039062142	0.6256259112480704	0.6499944880772878	0.516713292358303	0.5793753470620048	0.5187025639361983	0.409292627151957	0.3466305724482552	0.4495753766043368	0.4192389850414335
16	0.46200832396618235	0.5530174986548921	0.44758610502644147	0.38442673242826586	0.5107454776246171	0.502291073418562	0.6141875996751726	0.6574542564943952	0.7007209133136179	0.5714182607504236	0.6315937259817563	0.578878029167531	0.4555431913380227	0.39337845452879466	0.5007991197351406	0.4580297808103918
17	0.4595217344938133	0.5555040881272613	0.4615110060717086	0.40630871978511407	0.5455577302377848	0.5271569681422533	0.6136902817806986	0.6753577006954529	0.7101699533086204	0.5604772670719995	0.6375615407154422	0.5848458439012169	0.4868742186898735	0.40282749452379735	0.508258888152248	0.4525592839711797
18	0.43067729661433146	0.5187025639361983	0.4257041176695932	0.39536772610668997	0.5356113723483082	0.5012964376296144	0.5679370354891068	0.657951574388869	0.6828174691125601	0.5390925976096251	0.6012573344188531	0.5569960418106827	0.46300295975513	0.37845891769457995	0.4779224965893447	0.4152604418856429
19	0.3675179240161558	0.44559683344854617	0.3774642819056323	0.3386734861366741	0.47096004606671116	0.41874166714695965	0.4963232586848762	0.5997653807354315	0.612695645991751	0.47841981448381854	0.5261623323533057	0.47891713237829237	0.39884895136800674	0.3346949429808835	0.39536772610668997	0.35806888402115317
20	0.25910262302086223	0.316294180885352	0.2824765640611319	0.2566160335484931	0.3486198440261505	0.2864551072169225	0.36403669875483907	0.4868742186898735	0.4943339871069809	0.38392941453379203	0.403822130312745	0.34762520823720283	0.2973961008953466	0.251145536709281	0.27800070301086754	0.2700436166992864
21	0.16162831570399275	0.19693788621163424	0.1874888462166316	0.1626229514929404	0.20837619778453217	0.13725973887477538	0.2128520588347966	0.27650874932744607	0.31579686299087817	0.2337394104026972	0.24468040408112132	0.21782523777953486	0.18102371358847189	0.1332811957189848	0.166601494648731	0.17157467359346923
22	0.06315937259817563	0.079073545221338	0.07608963785449505	0.0561969220755421	0.059180829442385036	0.030336391562903256	0.06365669049264945	0.08504135995502389	0.09647967152792183	0.0646513262815971	0.08752794942739299	0.07658695574896887	0.0666405978594924	0.04674788208053944	0.06017546523133269	0.0711164589097568
23	0.0	0.0009946357889476477	0.0	0.0	0.0	0.0	0.0	0.0	0.0	0.0	0.0	0.0	0.0009946357889476477	0.0	0.0014919536834214716	0.0009946357889476477
24	0.0	0.0	0.0	0.0	0.0	0.0	0.0	0.0	0.0	0.0	0.0	0.0	0.0	0.0	0.0	0.0
["PV_HS","C5",*,*] :	1	2	3	4	5	6	7	8	9	10	11	12	13	14	15	16 := 
1	0.0	0.0	0.0	0.0	0.0	0.0	0.0	0.0	0.0	0.0	0.0	0.0	0.0	0.0	0.0	0.0
2	0.0	0.0	0.0	0.0	0.0	0.0	0.0	0.0	0.0	0.0	0.0	0.0	0.0	0.0	0.0	0.0
3	0.0	0.0	0.0	0.0	0.0	0.0	0.0	0.0	0.0	0.0	0.0	0.0	0.0	0.0	0.0	0.0
4	0.0	0.0	0.0	0.0	0.0	0.0	0.0	0.0	0.0	0.0	0.0	0.0	0.0	0.0	0.0	0.0
5	0.0	0.0	0.0	0.0	0.0	0.0	0.0	0.0	0.0	0.0	0.0	0.0	0.0	0.0	0.0	0.0
6	0.0	0.0	0.0	0.0	0.0	0.0	0.0	0.0	0.0	0.0	0.0	0.0	0.0	0.0	0.0	0.0
7	0.0	0.0	0.0	0.0	0.0	0.0	0.0	0.0	0.0	0.0	0.0	0.0	0.0	0.0	0.0	0.0
8	0.0	0.0	0.0	0.0	0.0	0.0	0.0	0.0	0.0	0.0	0.0	0.0	0.0	0.0	0.0	0.0
9	0.0	0.0	0.0	0.0	0.0	0.0	0.0	0.0	0.0	0.0	0.0	0.0	0.0	0.0	0.0	0.0
10	0.0	0.0	0.0	0.0	0.0	0.0	0.0	0.0	0.0	0.0	0.0	0.0	0.0	0.0	0.0	0.0
11	0.0019852702120753225	0.0019852702120753225	0.0019852702120753225	0.0	0.0	0.0	0.0	0.0	0.0	0.0	0.0	0.0	0.0	0.004963175530188306	0.005955810636225967	0.005955810636225967
12	0.07841817337697524	0.08635925422527652	0.09231506486150248	0.04069803934754411	0.11514567230036869	0.06749918721056096	0.12010884783055699	0.12606465846678297	0.16577006270828942	0.10819722655810507	0.13400573931508425	0.11514567230036869	0.06154337657433499	0.09827087549772846	0.08735188933131417	0.08735188933131417
13	0.20051229141960755	0.23525452013092568	0.24418823608526463	0.13400573931508425	0.32062113925016456	0.22830607438866207	0.3494075573252567	0.35536336796148266	0.38514242114261255	0.30275370734148666	0.3325327605226165	0.289849450962997	0.19058594035923093	0.20746073716187116	0.23525452013092568	0.22830607438866207
14	0.3196285041441269	0.37422343497619825	0.3613191785977086	0.22036499354036077	0.4903617423826046	0.3781939754003489	0.5131923498214708	0.5181555253516591	0.5409861327905253	0.45959005409543713	0.49234701259467994	0.4317962711263826	0.31268005840186325	0.2938199913871477	0.37720134029431124	0.360326543491671
15	0.42484782538411897	0.4754722157920397	0.4466857977169475	0.2650335733120555	0.6104705902131616	0.4754722157920397	0.6233748465916512	0.6223822114856136	0.6432275487124044	0.5638167402293914	0.6045147795769357	0.5429714030026007	0.4020172179452528	0.35834127327959564	0.4933396477007176	0.4625679594135501
16	0.477457486004115	0.5459493083207136	0.49135437748864225	0.2829010052207334	0.6749918721056096	0.5459493083207136	0.6819403178478732	0.6710213316814589	0.7017930199686264	0.6015368742588226	0.6700286965754213	0.5965736987286343	0.4317962711263826	0.3762087051882736	0.5548830242750526	0.5231187008818474
17	0.48440593174637864	0.5687799157595798	0.5161702551395838	0.2660262084180932	0.699807749756551	0.5926031583044836	0.6809476827418356	0.6829329529539108	0.720653086983342	0.6194043061675005	0.6898813986961745	0.6084853200010862	0.45363424345921116	0.38216451582449956	0.5608388349112785	0.5439640381086384
18	0.45363424345921116	0.5578609295931656	0.48341329664034094	0.24815877650941529	0.6779697774237227	0.58565471256222	0.6601023455150447	0.659109710409007	0.6988151146505134	0.5955810636225967	0.668043426363346	0.5846620774561824	0.40698039347544107	0.34444438179506837	0.5112070796093955	0.5181555253516591
19	0.38712769135468783	0.5092218093973202	0.40300985305129045	0.23922506055507634	0.6174190359554252	0.5499198487448643	0.588632617880333	0.5965736987286343	0.6372717380761784	0.536022957260337	0.5995516040467473	0.5221260657758098	0.3414664764769554	0.2551072222516789	0.42782573070223195	0.4447005275048722
20	0.2580851275697919	0.41194356900562934	0.2938199913871477	0.19058594035923093	0.477457486004115	0.4695164051558137	0.4824206615343033	0.4724943104739267	0.5330450519422241	0.41194356900562934	0.4933396477007176	0.41591410942978	0.25212931693356594	0.17569641376866602	0.32062113925016456	0.34444438179506837
21	0.17966695419281667	0.24915141161545296	0.19257121057130627	0.12407938825470764	0.32856222009846586	0.28786418075092174	0.26701884352413086	0.24915141161545296	0.3791866105063866	0.22334289885847375	0.33948120626488015	0.2729746541603568	0.14988790101168684	0.10323405102791676	0.2223502637524361	0.23029134460073739
22	0.08338134890716355	0.12110148293659466	0.09032979464942716	0.050624390407920716	0.14889526590564917	0.12606465846678297	0.10025614570980378	0.10124878081584143	0.1687479680264024	0.08834452443735184	0.13202046910300894	0.10224141592187909	0.06352864678641032	0.04069803934754411	0.10224141592187909	0.10422668613395442
23	0.005955810636225967	0.010918986166414272	0.00893371595433895	0.0	0.0009926351060376612	0.0	0.0	0.0	0.0	0.0	0.0019852702120753225	0.005955810636225967	0.0029779053181129833	0.0	0.012904256378489595	0.00893371595433895
24	0.0	0.0	0.0	0.0	0.0	0.0	0.0	0.0	0.0	0.0	0.0	0.0	0.0	0.0	0.0	0.0
["TIDAL_STREAM","C1",*,*] :	1	2	3	4	5	6	7	8	9	10	11	12	13	14	15	16 := 
1	0.00010000000000000003	0.00010000000000000003	0.00010000000000000003	0.00010000000000000003	0.00010000000000000003	0.00010000000000000003	0.00010000000000000003	0.00010000000000000003	0.00010000000000000003	0.00010000000000000003	0.00010000000000000003	0.00010000000000000003	0.00010000000000000003	0.00010000000000000003	0.00010000000000000003	0.00010000000000000003
2	0.00010000000000000003	0.00010000000000000003	0.00010000000000000003	0.00010000000000000003	0.00010000000000000003	0.00010000000000000003	0.00010000000000000003	0.00010000000000000003	0.00010000000000000003	0.00010000000000000003	0.00010000000000000003	0.00010000000000000003	0.00010000000000000003	0.00010000000000000003	0.00010000000000000003	0.00010000000000000003
3	0.00010000000000000003	0.00010000000000000003	0.00010000000000000003	0.00010000000000000003	0.00010000000000000003	0.00010000000000000003	0.00010000000000000003	0.00010000000000000003	0.00010000000000000003	0.00010000000000000003	0.00010000000000000003	0.00010000000000000003	0.00010000000000000003	0.00010000000000000003	0.00010000000000000003	0.00010000000000000003
4	0.00010000000000000003	0.00010000000000000003	0.00010000000000000003	0.00010000000000000003	0.00010000000000000003	0.00010000000000000003	0.00010000000000000003	0.00010000000000000003	0.00010000000000000003	0.00010000000000000003	0.00010000000000000003	0.00010000000000000003	0.00010000000000000003	0.00010000000000000003	0.00010000000000000003	0.00010000000000000003
5	0.00010000000000000003	0.00010000000000000003	0.00010000000000000003	0.00010000000000000003	0.00010000000000000003	0.00010000000000000003	0.00010000000000000003	0.00010000000000000003	0.00010000000000000003	0.00010000000000000003	0.00010000000000000003	0.00010000000000000003	0.00010000000000000003	0.00010000000000000003	0.00010000000000000003	0.00010000000000000003
6	0.00010000000000000003	0.00010000000000000003	0.00010000000000000003	0.00010000000000000003	0.00010000000000000003	0.00010000000000000003	0.00010000000000000003	0.00010000000000000003	0.00010000000000000003	0.00010000000000000003	0.00010000000000000003	0.00010000000000000003	0.00010000000000000003	0.00010000000000000003	0.00010000000000000003	0.00010000000000000003
7	0.00010000000000000003	0.00010000000000000003	0.00010000000000000003	0.00010000000000000003	0.00010000000000000003	0.00010000000000000003	0.00010000000000000003	0.00010000000000000003	0.00010000000000000003	0.00010000000000000003	0.00010000000000000003	0.00010000000000000003	0.00010000000000000003	0.00010000000000000003	0.00010000000000000003	0.00010000000000000003
8	0.00010000000000000003	0.00010000000000000003	0.00010000000000000003	0.00010000000000000003	0.00010000000000000003	0.00010000000000000003	0.00010000000000000003	0.00010000000000000003	0.00010000000000000003	0.00010000000000000003	0.00010000000000000003	0.00010000000000000003	0.00010000000000000003	0.00010000000000000003	0.00010000000000000003	0.00010000000000000003
9	0.00010000000000000003	0.00010000000000000003	0.00010000000000000003	0.00010000000000000003	0.00010000000000000003	0.00010000000000000003	0.00010000000000000003	0.00010000000000000003	0.00010000000000000003	0.00010000000000000003	0.00010000000000000003	0.00010000000000000003	0.00010000000000000003	0.00010000000000000003	0.00010000000000000003	0.00010000000000000003
10	0.00010000000000000003	0.00010000000000000003	0.00010000000000000003	0.00010000000000000003	0.00010000000000000003	0.00010000000000000003	0.00010000000000000003	0.00010000000000000003	0.00010000000000000003	0.00010000000000000003	0.00010000000000000003	0.00010000000000000003	0.00010000000000000003	0.00010000000000000003	0.00010000000000000003	0.00010000000000000003
11	0.00010000000000000003	0.00010000000000000003	0.00010000000000000003	0.00010000000000000003	0.00010000000000000003	0.00010000000000000003	0.00010000000000000003	0.00010000000000000003	0.00010000000000000003	0.00010000000000000003	0.00010000000000000003	0.00010000000000000003	0.00010000000000000003	0.00010000000000000003	0.00010000000000000003	0.00010000000000000003
12	0.00010000000000000003	0.00010000000000000003	0.00010000000000000003	0.00010000000000000003	0.00010000000000000003	0.00010000000000000003	0.00010000000000000003	0.00010000000000000003	0.00010000000000000003	0.00010000000000000003	0.00010000000000000003	0.00010000000000000003	0.00010000000000000003	0.00010000000000000003	0.00010000000000000003	0.00010000000000000003
13	0.00010000000000000003	0.00010000000000000003	0.00010000000000000003	0.00010000000000000003	0.00010000000000000003	0.00010000000000000003	0.00010000000000000003	0.00010000000000000003	0.00010000000000000003	0.00010000000000000003	0.00010000000000000003	0.00010000000000000003	0.00010000000000000003	0.00010000000000000003	0.00010000000000000003	0.00010000000000000003
14	0.00010000000000000003	0.00010000000000000003	0.00010000000000000003	0.00010000000000000003	0.00010000000000000003	0.00010000000000000003	0.00010000000000000003	0.00010000000000000003	0.00010000000000000003	0.00010000000000000003	0.00010000000000000003	0.00010000000000000003	0.00010000000000000003	0.00010000000000000003	0.00010000000000000003	0.00010000000000000003
15	0.00010000000000000003	0.00010000000000000003	0.00010000000000000003	0.00010000000000000003	0.00010000000000000003	0.00010000000000000003	0.00010000000000000003	0.00010000000000000003	0.00010000000000000003	0.00010000000000000003	0.00010000000000000003	0.00010000000000000003	0.00010000000000000003	0.00010000000000000003	0.00010000000000000003	0.00010000000000000003
16	0.00010000000000000003	0.00010000000000000003	0.00010000000000000003	0.00010000000000000003	0.00010000000000000003	0.00010000000000000003	0.00010000000000000003	0.00010000000000000003	0.00010000000000000003	0.00010000000000000003	0.00010000000000000003	0.00010000000000000003	0.00010000000000000003	0.00010000000000000003	0.00010000000000000003	0.00010000000000000003
17	0.00010000000000000003	0.00010000000000000003	0.00010000000000000003	0.00010000000000000003	0.00010000000000000003	0.00010000000000000003	0.00010000000000000003	0.00010000000000000003	0.00010000000000000003	0.00010000000000000003	0.00010000000000000003	0.00010000000000000003	0.00010000000000000003	0.00010000000000000003	0.00010000000000000003	0.00010000000000000003
18	0.00010000000000000003	0.00010000000000000003	0.00010000000000000003	0.00010000000000000003	0.00010000000000000003	0.00010000000000000003	0.00010000000000000003	0.00010000000000000003	0.00010000000000000003	0.00010000000000000003	0.00010000000000000003	0.00010000000000000003	0.00010000000000000003	0.00010000000000000003	0.00010000000000000003	0.00010000000000000003
19	0.00010000000000000003	0.00010000000000000003	0.00010000000000000003	0.00010000000000000003	0.00010000000000000003	0.00010000000000000003	0.00010000000000000003	0.00010000000000000003	0.00010000000000000003	0.00010000000000000003	0.00010000000000000003	0.00010000000000000003	0.00010000000000000003	0.00010000000000000003	0.00010000000000000003	0.00010000000000000003
20	0.00010000000000000003	0.00010000000000000003	0.00010000000000000003	0.00010000000000000003	0.00010000000000000003	0.00010000000000000003	0.00010000000000000003	0.00010000000000000003	0.00010000000000000003	0.00010000000000000003	0.00010000000000000003	0.00010000000000000003	0.00010000000000000003	0.00010000000000000003	0.00010000000000000003	0.00010000000000000003
21	0.00010000000000000003	0.00010000000000000003	0.00010000000000000003	0.00010000000000000003	0.00010000000000000003	0.00010000000000000003	0.00010000000000000003	0.00010000000000000003	0.00010000000000000003	0.00010000000000000003	0.00010000000000000003	0.00010000000000000003	0.00010000000000000003	0.00010000000000000003	0.00010000000000000003	0.00010000000000000003
22	0.00010000000000000003	0.00010000000000000003	0.00010000000000000003	0.00010000000000000003	0.00010000000000000003	0.00010000000000000003	0.00010000000000000003	0.00010000000000000003	0.00010000000000000003	0.00010000000000000003	0.00010000000000000003	0.00010000000000000003	0.00010000000000000003	0.00010000000000000003	0.00010000000000000003	0.00010000000000000003
23	0.00010000000000000003	0.00010000000000000003	0.00010000000000000003	0.00010000000000000003	0.00010000000000000003	0.00010000000000000003	0.00010000000000000003	0.00010000000000000003	0.00010000000000000003	0.00010000000000000003	0.00010000000000000003	0.00010000000000000003	0.00010000000000000003	0.00010000000000000003	0.00010000000000000003	0.00010000000000000003
24	0.00010000000000000003	0.00010000000000000003	0.00010000000000000003	0.00010000000000000003	0.00010000000000000003	0.00010000000000000003	0.00010000000000000003	0.00010000000000000003	0.00010000000000000003	0.00010000000000000003	0.00010000000000000003	0.00010000000000000003	0.00010000000000000003	0.00010000000000000003	0.00010000000000000003	0.00010000000000000003
["TIDAL_STREAM","C2",*,*] :	1	2	3	4	5	6	7	8	9	10	11	12	13	14	15	16 := 
1	0.00010000000000000003	0.00010000000000000003	0.00010000000000000003	0.00010000000000000003	0.00010000000000000003	0.00010000000000000003	0.00010000000000000003	0.00010000000000000003	0.00010000000000000003	0.00010000000000000003	0.00010000000000000003	0.00010000000000000003	0.00010000000000000003	0.00010000000000000003	0.00010000000000000003	0.00010000000000000003
2	0.00010000000000000003	0.00010000000000000003	0.00010000000000000003	0.00010000000000000003	0.00010000000000000003	0.00010000000000000003	0.00010000000000000003	0.00010000000000000003	0.00010000000000000003	0.00010000000000000003	0.00010000000000000003	0.00010000000000000003	0.00010000000000000003	0.00010000000000000003	0.00010000000000000003	0.00010000000000000003
3	0.00010000000000000003	0.00010000000000000003	0.00010000000000000003	0.00010000000000000003	0.00010000000000000003	0.00010000000000000003	0.00010000000000000003	0.00010000000000000003	0.00010000000000000003	0.00010000000000000003	0.00010000000000000003	0.00010000000000000003	0.00010000000000000003	0.00010000000000000003	0.00010000000000000003	0.00010000000000000003
4	0.00010000000000000003	0.00010000000000000003	0.00010000000000000003	0.00010000000000000003	0.00010000000000000003	0.00010000000000000003	0.00010000000000000003	0.00010000000000000003	0.00010000000000000003	0.00010000000000000003	0.00010000000000000003	0.00010000000000000003	0.00010000000000000003	0.00010000000000000003	0.00010000000000000003	0.00010000000000000003
5	0.00010000000000000003	0.00010000000000000003	0.00010000000000000003	0.00010000000000000003	0.00010000000000000003	0.00010000000000000003	0.00010000000000000003	0.00010000000000000003	0.00010000000000000003	0.00010000000000000003	0.00010000000000000003	0.00010000000000000003	0.00010000000000000003	0.00010000000000000003	0.00010000000000000003	0.00010000000000000003
6	0.00010000000000000003	0.00010000000000000003	0.00010000000000000003	0.00010000000000000003	0.00010000000000000003	0.00010000000000000003	0.00010000000000000003	0.00010000000000000003	0.00010000000000000003	0.00010000000000000003	0.00010000000000000003	0.00010000000000000003	0.00010000000000000003	0.00010000000000000003	0.00010000000000000003	0.00010000000000000003
7	0.00010000000000000003	0.00010000000000000003	0.00010000000000000003	0.00010000000000000003	0.00010000000000000003	0.00010000000000000003	0.00010000000000000003	0.00010000000000000003	0.00010000000000000003	0.00010000000000000003	0.00010000000000000003	0.00010000000000000003	0.00010000000000000003	0.00010000000000000003	0.00010000000000000003	0.00010000000000000003
8	0.00010000000000000003	0.00010000000000000003	0.00010000000000000003	0.00010000000000000003	0.00010000000000000003	0.00010000000000000003	0.00010000000000000003	0.00010000000000000003	0.00010000000000000003	0.00010000000000000003	0.00010000000000000003	0.00010000000000000003	0.00010000000000000003	0.00010000000000000003	0.00010000000000000003	0.00010000000000000003
9	0.00010000000000000003	0.00010000000000000003	0.00010000000000000003	0.00010000000000000003	0.00010000000000000003	0.00010000000000000003	0.00010000000000000003	0.00010000000000000003	0.00010000000000000003	0.00010000000000000003	0.00010000000000000003	0.00010000000000000003	0.00010000000000000003	0.00010000000000000003	0.00010000000000000003	0.00010000000000000003
10	0.00010000000000000003	0.00010000000000000003	0.00010000000000000003	0.00010000000000000003	0.00010000000000000003	0.00010000000000000003	0.00010000000000000003	0.00010000000000000003	0.00010000000000000003	0.00010000000000000003	0.00010000000000000003	0.00010000000000000003	0.00010000000000000003	0.00010000000000000003	0.00010000000000000003	0.00010000000000000003
11	0.00010000000000000003	0.00010000000000000003	0.00010000000000000003	0.00010000000000000003	0.00010000000000000003	0.00010000000000000003	0.00010000000000000003	0.00010000000000000003	0.00010000000000000003	0.00010000000000000003	0.00010000000000000003	0.00010000000000000003	0.00010000000000000003	0.00010000000000000003	0.00010000000000000003	0.00010000000000000003
12	0.00010000000000000003	0.00010000000000000003	0.00010000000000000003	0.00010000000000000003	0.00010000000000000003	0.00010000000000000003	0.00010000000000000003	0.00010000000000000003	0.00010000000000000003	0.00010000000000000003	0.00010000000000000003	0.00010000000000000003	0.00010000000000000003	0.00010000000000000003	0.00010000000000000003	0.00010000000000000003
13	0.00010000000000000003	0.00010000000000000003	0.00010000000000000003	0.00010000000000000003	0.00010000000000000003	0.00010000000000000003	0.00010000000000000003	0.00010000000000000003	0.00010000000000000003	0.00010000000000000003	0.00010000000000000003	0.00010000000000000003	0.00010000000000000003	0.00010000000000000003	0.00010000000000000003	0.00010000000000000003
14	0.00010000000000000003	0.00010000000000000003	0.00010000000000000003	0.00010000000000000003	0.00010000000000000003	0.00010000000000000003	0.00010000000000000003	0.00010000000000000003	0.00010000000000000003	0.00010000000000000003	0.00010000000000000003	0.00010000000000000003	0.00010000000000000003	0.00010000000000000003	0.00010000000000000003	0.00010000000000000003
15	0.00010000000000000003	0.00010000000000000003	0.00010000000000000003	0.00010000000000000003	0.00010000000000000003	0.00010000000000000003	0.00010000000000000003	0.00010000000000000003	0.00010000000000000003	0.00010000000000000003	0.00010000000000000003	0.00010000000000000003	0.00010000000000000003	0.00010000000000000003	0.00010000000000000003	0.00010000000000000003
16	0.00010000000000000003	0.00010000000000000003	0.00010000000000000003	0.00010000000000000003	0.00010000000000000003	0.00010000000000000003	0.00010000000000000003	0.00010000000000000003	0.00010000000000000003	0.00010000000000000003	0.00010000000000000003	0.00010000000000000003	0.00010000000000000003	0.00010000000000000003	0.00010000000000000003	0.00010000000000000003
17	0.00010000000000000003	0.00010000000000000003	0.00010000000000000003	0.00010000000000000003	0.00010000000000000003	0.00010000000000000003	0.00010000000000000003	0.00010000000000000003	0.00010000000000000003	0.00010000000000000003	0.00010000000000000003	0.00010000000000000003	0.00010000000000000003	0.00010000000000000003	0.00010000000000000003	0.00010000000000000003
18	0.00010000000000000003	0.00010000000000000003	0.00010000000000000003	0.00010000000000000003	0.00010000000000000003	0.00010000000000000003	0.00010000000000000003	0.00010000000000000003	0.00010000000000000003	0.00010000000000000003	0.00010000000000000003	0.00010000000000000003	0.00010000000000000003	0.00010000000000000003	0.00010000000000000003	0.00010000000000000003
19	0.00010000000000000003	0.00010000000000000003	0.00010000000000000003	0.00010000000000000003	0.00010000000000000003	0.00010000000000000003	0.00010000000000000003	0.00010000000000000003	0.00010000000000000003	0.00010000000000000003	0.00010000000000000003	0.00010000000000000003	0.00010000000000000003	0.00010000000000000003	0.00010000000000000003	0.00010000000000000003
20	0.00010000000000000003	0.00010000000000000003	0.00010000000000000003	0.00010000000000000003	0.00010000000000000003	0.00010000000000000003	0.00010000000000000003	0.00010000000000000003	0.00010000000000000003	0.00010000000000000003	0.00010000000000000003	0.00010000000000000003	0.00010000000000000003	0.00010000000000000003	0.00010000000000000003	0.00010000000000000003
21	0.00010000000000000003	0.00010000000000000003	0.00010000000000000003	0.00010000000000000003	0.00010000000000000003	0.00010000000000000003	0.00010000000000000003	0.00010000000000000003	0.00010000000000000003	0.00010000000000000003	0.00010000000000000003	0.00010000000000000003	0.00010000000000000003	0.00010000000000000003	0.00010000000000000003	0.00010000000000000003
22	0.00010000000000000003	0.00010000000000000003	0.00010000000000000003	0.00010000000000000003	0.00010000000000000003	0.00010000000000000003	0.00010000000000000003	0.00010000000000000003	0.00010000000000000003	0.00010000000000000003	0.00010000000000000003	0.00010000000000000003	0.00010000000000000003	0.00010000000000000003	0.00010000000000000003	0.00010000000000000003
23	0.00010000000000000003	0.00010000000000000003	0.00010000000000000003	0.00010000000000000003	0.00010000000000000003	0.00010000000000000003	0.00010000000000000003	0.00010000000000000003	0.00010000000000000003	0.00010000000000000003	0.00010000000000000003	0.00010000000000000003	0.00010000000000000003	0.00010000000000000003	0.00010000000000000003	0.00010000000000000003
24	0.00010000000000000003	0.00010000000000000003	0.00010000000000000003	0.00010000000000000003	0.00010000000000000003	0.00010000000000000003	0.00010000000000000003	0.00010000000000000003	0.00010000000000000003	0.00010000000000000003	0.00010000000000000003	0.00010000000000000003	0.00010000000000000003	0.00010000000000000003	0.00010000000000000003	0.00010000000000000003
["TIDAL_STREAM","C3",*,*] :	1	2	3	4	5	6	7	8	9	10	11	12	13	14	15	16 := 
1	0.00010000000000000003	0.00010000000000000003	0.00010000000000000003	0.00010000000000000003	0.00010000000000000003	0.00010000000000000003	0.00010000000000000003	0.00010000000000000003	0.00010000000000000003	0.00010000000000000003	0.00010000000000000003	0.00010000000000000003	0.00010000000000000003	0.00010000000000000003	0.00010000000000000003	0.00010000000000000003
2	0.00010000000000000003	0.00010000000000000003	0.00010000000000000003	0.00010000000000000003	0.00010000000000000003	0.00010000000000000003	0.00010000000000000003	0.00010000000000000003	0.00010000000000000003	0.00010000000000000003	0.00010000000000000003	0.00010000000000000003	0.00010000000000000003	0.00010000000000000003	0.00010000000000000003	0.00010000000000000003
3	0.00010000000000000003	0.00010000000000000003	0.00010000000000000003	0.00010000000000000003	0.00010000000000000003	0.00010000000000000003	0.00010000000000000003	0.00010000000000000003	0.00010000000000000003	0.00010000000000000003	0.00010000000000000003	0.00010000000000000003	0.00010000000000000003	0.00010000000000000003	0.00010000000000000003	0.00010000000000000003
4	0.00010000000000000003	0.00010000000000000003	0.00010000000000000003	0.00010000000000000003	0.00010000000000000003	0.00010000000000000003	0.00010000000000000003	0.00010000000000000003	0.00010000000000000003	0.00010000000000000003	0.00010000000000000003	0.00010000000000000003	0.00010000000000000003	0.00010000000000000003	0.00010000000000000003	0.00010000000000000003
5	0.00010000000000000003	0.00010000000000000003	0.00010000000000000003	0.00010000000000000003	0.00010000000000000003	0.00010000000000000003	0.00010000000000000003	0.00010000000000000003	0.00010000000000000003	0.00010000000000000003	0.00010000000000000003	0.00010000000000000003	0.00010000000000000003	0.00010000000000000003	0.00010000000000000003	0.00010000000000000003
6	0.00010000000000000003	0.00010000000000000003	0.00010000000000000003	0.00010000000000000003	0.00010000000000000003	0.00010000000000000003	0.00010000000000000003	0.00010000000000000003	0.00010000000000000003	0.00010000000000000003	0.00010000000000000003	0.00010000000000000003	0.00010000000000000003	0.00010000000000000003	0.00010000000000000003	0.00010000000000000003
7	0.00010000000000000003	0.00010000000000000003	0.00010000000000000003	0.00010000000000000003	0.00010000000000000003	0.00010000000000000003	0.00010000000000000003	0.00010000000000000003	0.00010000000000000003	0.00010000000000000003	0.00010000000000000003	0.00010000000000000003	0.00010000000000000003	0.00010000000000000003	0.00010000000000000003	0.00010000000000000003
8	0.00010000000000000003	0.00010000000000000003	0.00010000000000000003	0.00010000000000000003	0.00010000000000000003	0.00010000000000000003	0.00010000000000000003	0.00010000000000000003	0.00010000000000000003	0.00010000000000000003	0.00010000000000000003	0.00010000000000000003	0.00010000000000000003	0.00010000000000000003	0.00010000000000000003	0.00010000000000000003
9	0.00010000000000000003	0.00010000000000000003	0.00010000000000000003	0.00010000000000000003	0.00010000000000000003	0.00010000000000000003	0.00010000000000000003	0.00010000000000000003	0.00010000000000000003	0.00010000000000000003	0.00010000000000000003	0.00010000000000000003	0.00010000000000000003	0.00010000000000000003	0.00010000000000000003	0.00010000000000000003
10	0.00010000000000000003	0.00010000000000000003	0.00010000000000000003	0.00010000000000000003	0.00010000000000000003	0.00010000000000000003	0.00010000000000000003	0.00010000000000000003	0.00010000000000000003	0.00010000000000000003	0.00010000000000000003	0.00010000000000000003	0.00010000000000000003	0.00010000000000000003	0.00010000000000000003	0.00010000000000000003
11	0.00010000000000000003	0.00010000000000000003	0.00010000000000000003	0.00010000000000000003	0.00010000000000000003	0.00010000000000000003	0.00010000000000000003	0.00010000000000000003	0.00010000000000000003	0.00010000000000000003	0.00010000000000000003	0.00010000000000000003	0.00010000000000000003	0.00010000000000000003	0.00010000000000000003	0.00010000000000000003
12	0.00010000000000000003	0.00010000000000000003	0.00010000000000000003	0.00010000000000000003	0.00010000000000000003	0.00010000000000000003	0.00010000000000000003	0.00010000000000000003	0.00010000000000000003	0.00010000000000000003	0.00010000000000000003	0.00010000000000000003	0.00010000000000000003	0.00010000000000000003	0.00010000000000000003	0.00010000000000000003
13	0.00010000000000000003	0.00010000000000000003	0.00010000000000000003	0.00010000000000000003	0.00010000000000000003	0.00010000000000000003	0.00010000000000000003	0.00010000000000000003	0.00010000000000000003	0.00010000000000000003	0.00010000000000000003	0.00010000000000000003	0.00010000000000000003	0.00010000000000000003	0.00010000000000000003	0.00010000000000000003
14	0.00010000000000000003	0.00010000000000000003	0.00010000000000000003	0.00010000000000000003	0.00010000000000000003	0.00010000000000000003	0.00010000000000000003	0.00010000000000000003	0.00010000000000000003	0.00010000000000000003	0.00010000000000000003	0.00010000000000000003	0.00010000000000000003	0.00010000000000000003	0.00010000000000000003	0.00010000000000000003
15	0.00010000000000000003	0.00010000000000000003	0.00010000000000000003	0.00010000000000000003	0.00010000000000000003	0.00010000000000000003	0.00010000000000000003	0.00010000000000000003	0.00010000000000000003	0.00010000000000000003	0.00010000000000000003	0.00010000000000000003	0.00010000000000000003	0.00010000000000000003	0.00010000000000000003	0.00010000000000000003
16	0.00010000000000000003	0.00010000000000000003	0.00010000000000000003	0.00010000000000000003	0.00010000000000000003	0.00010000000000000003	0.00010000000000000003	0.00010000000000000003	0.00010000000000000003	0.00010000000000000003	0.00010000000000000003	0.00010000000000000003	0.00010000000000000003	0.00010000000000000003	0.00010000000000000003	0.00010000000000000003
17	0.00010000000000000003	0.00010000000000000003	0.00010000000000000003	0.00010000000000000003	0.00010000000000000003	0.00010000000000000003	0.00010000000000000003	0.00010000000000000003	0.00010000000000000003	0.00010000000000000003	0.00010000000000000003	0.00010000000000000003	0.00010000000000000003	0.00010000000000000003	0.00010000000000000003	0.00010000000000000003
18	0.00010000000000000003	0.00010000000000000003	0.00010000000000000003	0.00010000000000000003	0.00010000000000000003	0.00010000000000000003	0.00010000000000000003	0.00010000000000000003	0.00010000000000000003	0.00010000000000000003	0.00010000000000000003	0.00010000000000000003	0.00010000000000000003	0.00010000000000000003	0.00010000000000000003	0.00010000000000000003
19	0.00010000000000000003	0.00010000000000000003	0.00010000000000000003	0.00010000000000000003	0.00010000000000000003	0.00010000000000000003	0.00010000000000000003	0.00010000000000000003	0.00010000000000000003	0.00010000000000000003	0.00010000000000000003	0.00010000000000000003	0.00010000000000000003	0.00010000000000000003	0.00010000000000000003	0.00010000000000000003
20	0.00010000000000000003	0.00010000000000000003	0.00010000000000000003	0.00010000000000000003	0.00010000000000000003	0.00010000000000000003	0.00010000000000000003	0.00010000000000000003	0.00010000000000000003	0.00010000000000000003	0.00010000000000000003	0.00010000000000000003	0.00010000000000000003	0.00010000000000000003	0.00010000000000000003	0.00010000000000000003
21	0.00010000000000000003	0.00010000000000000003	0.00010000000000000003	0.00010000000000000003	0.00010000000000000003	0.00010000000000000003	0.00010000000000000003	0.00010000000000000003	0.00010000000000000003	0.00010000000000000003	0.00010000000000000003	0.00010000000000000003	0.00010000000000000003	0.00010000000000000003	0.00010000000000000003	0.00010000000000000003
22	0.00010000000000000003	0.00010000000000000003	0.00010000000000000003	0.00010000000000000003	0.00010000000000000003	0.00010000000000000003	0.00010000000000000003	0.00010000000000000003	0.00010000000000000003	0.00010000000000000003	0.00010000000000000003	0.00010000000000000003	0.00010000000000000003	0.00010000000000000003	0.00010000000000000003	0.00010000000000000003
23	0.00010000000000000003	0.00010000000000000003	0.00010000000000000003	0.00010000000000000003	0.00010000000000000003	0.00010000000000000003	0.00010000000000000003	0.00010000000000000003	0.00010000000000000003	0.00010000000000000003	0.00010000000000000003	0.00010000000000000003	0.00010000000000000003	0.00010000000000000003	0.00010000000000000003	0.00010000000000000003
24	0.00010000000000000003	0.00010000000000000003	0.00010000000000000003	0.00010000000000000003	0.00010000000000000003	0.00010000000000000003	0.00010000000000000003	0.00010000000000000003	0.00010000000000000003	0.00010000000000000003	0.00010000000000000003	0.00010000000000000003	0.00010000000000000003	0.00010000000000000003	0.00010000000000000003	0.00010000000000000003
["TIDAL_STREAM","C4",*,*] :	1	2	3	4	5	6	7	8	9	10	11	12	13	14	15	16 := 
1	0.00010000000000000003	0.00010000000000000003	0.00010000000000000003	0.00010000000000000003	0.00010000000000000003	0.00010000000000000003	0.00010000000000000003	0.00010000000000000003	0.00010000000000000003	0.00010000000000000003	0.00010000000000000003	0.00010000000000000003	0.00010000000000000003	0.00010000000000000003	0.00010000000000000003	0.00010000000000000003
2	0.00010000000000000003	0.00010000000000000003	0.00010000000000000003	0.00010000000000000003	0.00010000000000000003	0.00010000000000000003	0.00010000000000000003	0.00010000000000000003	0.00010000000000000003	0.00010000000000000003	0.00010000000000000003	0.00010000000000000003	0.00010000000000000003	0.00010000000000000003	0.00010000000000000003	0.00010000000000000003
3	0.00010000000000000003	0.00010000000000000003	0.00010000000000000003	0.00010000000000000003	0.00010000000000000003	0.00010000000000000003	0.00010000000000000003	0.00010000000000000003	0.00010000000000000003	0.00010000000000000003	0.00010000000000000003	0.00010000000000000003	0.00010000000000000003	0.00010000000000000003	0.00010000000000000003	0.00010000000000000003
4	0.00010000000000000003	0.00010000000000000003	0.00010000000000000003	0.00010000000000000003	0.00010000000000000003	0.00010000000000000003	0.00010000000000000003	0.00010000000000000003	0.00010000000000000003	0.00010000000000000003	0.00010000000000000003	0.00010000000000000003	0.00010000000000000003	0.00010000000000000003	0.00010000000000000003	0.00010000000000000003
5	0.00010000000000000003	0.00010000000000000003	0.00010000000000000003	0.00010000000000000003	0.00010000000000000003	0.00010000000000000003	0.00010000000000000003	0.00010000000000000003	0.00010000000000000003	0.00010000000000000003	0.00010000000000000003	0.00010000000000000003	0.00010000000000000003	0.00010000000000000003	0.00010000000000000003	0.00010000000000000003
6	0.00010000000000000003	0.00010000000000000003	0.00010000000000000003	0.00010000000000000003	0.00010000000000000003	0.00010000000000000003	0.00010000000000000003	0.00010000000000000003	0.00010000000000000003	0.00010000000000000003	0.00010000000000000003	0.00010000000000000003	0.00010000000000000003	0.00010000000000000003	0.00010000000000000003	0.00010000000000000003
7	0.00010000000000000003	0.00010000000000000003	0.00010000000000000003	0.00010000000000000003	0.00010000000000000003	0.00010000000000000003	0.00010000000000000003	0.00010000000000000003	0.00010000000000000003	0.00010000000000000003	0.00010000000000000003	0.00010000000000000003	0.00010000000000000003	0.00010000000000000003	0.00010000000000000003	0.00010000000000000003
8	0.00010000000000000003	0.00010000000000000003	0.00010000000000000003	0.00010000000000000003	0.00010000000000000003	0.00010000000000000003	0.00010000000000000003	0.00010000000000000003	0.00010000000000000003	0.00010000000000000003	0.00010000000000000003	0.00010000000000000003	0.00010000000000000003	0.00010000000000000003	0.00010000000000000003	0.00010000000000000003
9	0.00010000000000000003	0.00010000000000000003	0.00010000000000000003	0.00010000000000000003	0.00010000000000000003	0.00010000000000000003	0.00010000000000000003	0.00010000000000000003	0.00010000000000000003	0.00010000000000000003	0.00010000000000000003	0.00010000000000000003	0.00010000000000000003	0.00010000000000000003	0.00010000000000000003	0.00010000000000000003
10	0.00010000000000000003	0.00010000000000000003	0.00010000000000000003	0.00010000000000000003	0.00010000000000000003	0.00010000000000000003	0.00010000000000000003	0.00010000000000000003	0.00010000000000000003	0.00010000000000000003	0.00010000000000000003	0.00010000000000000003	0.00010000000000000003	0.00010000000000000003	0.00010000000000000003	0.00010000000000000003
11	0.00010000000000000003	0.00010000000000000003	0.00010000000000000003	0.00010000000000000003	0.00010000000000000003	0.00010000000000000003	0.00010000000000000003	0.00010000000000000003	0.00010000000000000003	0.00010000000000000003	0.00010000000000000003	0.00010000000000000003	0.00010000000000000003	0.00010000000000000003	0.00010000000000000003	0.00010000000000000003
12	0.00010000000000000003	0.00010000000000000003	0.00010000000000000003	0.00010000000000000003	0.00010000000000000003	0.00010000000000000003	0.00010000000000000003	0.00010000000000000003	0.00010000000000000003	0.00010000000000000003	0.00010000000000000003	0.00010000000000000003	0.00010000000000000003	0.00010000000000000003	0.00010000000000000003	0.00010000000000000003
13	0.00010000000000000003	0.00010000000000000003	0.00010000000000000003	0.00010000000000000003	0.00010000000000000003	0.00010000000000000003	0.00010000000000000003	0.00010000000000000003	0.00010000000000000003	0.00010000000000000003	0.00010000000000000003	0.00010000000000000003	0.00010000000000000003	0.00010000000000000003	0.00010000000000000003	0.00010000000000000003
14	0.00010000000000000003	0.00010000000000000003	0.00010000000000000003	0.00010000000000000003	0.00010000000000000003	0.00010000000000000003	0.00010000000000000003	0.00010000000000000003	0.00010000000000000003	0.00010000000000000003	0.00010000000000000003	0.00010000000000000003	0.00010000000000000003	0.00010000000000000003	0.00010000000000000003	0.00010000000000000003
15	0.00010000000000000003	0.00010000000000000003	0.00010000000000000003	0.00010000000000000003	0.00010000000000000003	0.00010000000000000003	0.00010000000000000003	0.00010000000000000003	0.00010000000000000003	0.00010000000000000003	0.00010000000000000003	0.00010000000000000003	0.00010000000000000003	0.00010000000000000003	0.00010000000000000003	0.00010000000000000003
16	0.00010000000000000003	0.00010000000000000003	0.00010000000000000003	0.00010000000000000003	0.00010000000000000003	0.00010000000000000003	0.00010000000000000003	0.00010000000000000003	0.00010000000000000003	0.00010000000000000003	0.00010000000000000003	0.00010000000000000003	0.00010000000000000003	0.00010000000000000003	0.00010000000000000003	0.00010000000000000003
17	0.00010000000000000003	0.00010000000000000003	0.00010000000000000003	0.00010000000000000003	0.00010000000000000003	0.00010000000000000003	0.00010000000000000003	0.00010000000000000003	0.00010000000000000003	0.00010000000000000003	0.00010000000000000003	0.00010000000000000003	0.00010000000000000003	0.00010000000000000003	0.00010000000000000003	0.00010000000000000003
18	0.00010000000000000003	0.00010000000000000003	0.00010000000000000003	0.00010000000000000003	0.00010000000000000003	0.00010000000000000003	0.00010000000000000003	0.00010000000000000003	0.00010000000000000003	0.00010000000000000003	0.00010000000000000003	0.00010000000000000003	0.00010000000000000003	0.00010000000000000003	0.00010000000000000003	0.00010000000000000003
19	0.00010000000000000003	0.00010000000000000003	0.00010000000000000003	0.00010000000000000003	0.00010000000000000003	0.00010000000000000003	0.00010000000000000003	0.00010000000000000003	0.00010000000000000003	0.00010000000000000003	0.00010000000000000003	0.00010000000000000003	0.00010000000000000003	0.00010000000000000003	0.00010000000000000003	0.00010000000000000003
20	0.00010000000000000003	0.00010000000000000003	0.00010000000000000003	0.00010000000000000003	0.00010000000000000003	0.00010000000000000003	0.00010000000000000003	0.00010000000000000003	0.00010000000000000003	0.00010000000000000003	0.00010000000000000003	0.00010000000000000003	0.00010000000000000003	0.00010000000000000003	0.00010000000000000003	0.00010000000000000003
21	0.00010000000000000003	0.00010000000000000003	0.00010000000000000003	0.00010000000000000003	0.00010000000000000003	0.00010000000000000003	0.00010000000000000003	0.00010000000000000003	0.00010000000000000003	0.00010000000000000003	0.00010000000000000003	0.00010000000000000003	0.00010000000000000003	0.00010000000000000003	0.00010000000000000003	0.00010000000000000003
22	0.00010000000000000003	0.00010000000000000003	0.00010000000000000003	0.00010000000000000003	0.00010000000000000003	0.00010000000000000003	0.00010000000000000003	0.00010000000000000003	0.00010000000000000003	0.00010000000000000003	0.00010000000000000003	0.00010000000000000003	0.00010000000000000003	0.00010000000000000003	0.00010000000000000003	0.00010000000000000003
23	0.00010000000000000003	0.00010000000000000003	0.00010000000000000003	0.00010000000000000003	0.00010000000000000003	0.00010000000000000003	0.00010000000000000003	0.00010000000000000003	0.00010000000000000003	0.00010000000000000003	0.00010000000000000003	0.00010000000000000003	0.00010000000000000003	0.00010000000000000003	0.00010000000000000003	0.00010000000000000003
24	0.00010000000000000003	0.00010000000000000003	0.00010000000000000003	0.00010000000000000003	0.00010000000000000003	0.00010000000000000003	0.00010000000000000003	0.00010000000000000003	0.00010000000000000003	0.00010000000000000003	0.00010000000000000003	0.00010000000000000003	0.00010000000000000003	0.00010000000000000003	0.00010000000000000003	0.00010000000000000003
["TIDAL_STREAM","C5",*,*] :	1	2	3	4	5	6	7	8	9	10	11	12	13	14	15	16 := 
1	0.00010000000000000003	0.00010000000000000003	0.00010000000000000003	0.00010000000000000003	0.00010000000000000003	0.00010000000000000003	0.00010000000000000003	0.00010000000000000003	0.00010000000000000003	0.00010000000000000003	0.00010000000000000003	0.00010000000000000003	0.00010000000000000003	0.00010000000000000003	0.00010000000000000003	0.00010000000000000003
2	0.00010000000000000003	0.00010000000000000003	0.00010000000000000003	0.00010000000000000003	0.00010000000000000003	0.00010000000000000003	0.00010000000000000003	0.00010000000000000003	0.00010000000000000003	0.00010000000000000003	0.00010000000000000003	0.00010000000000000003	0.00010000000000000003	0.00010000000000000003	0.00010000000000000003	0.00010000000000000003
3	0.00010000000000000003	0.00010000000000000003	0.00010000000000000003	0.00010000000000000003	0.00010000000000000003	0.00010000000000000003	0.00010000000000000003	0.00010000000000000003	0.00010000000000000003	0.00010000000000000003	0.00010000000000000003	0.00010000000000000003	0.00010000000000000003	0.00010000000000000003	0.00010000000000000003	0.00010000000000000003
4	0.00010000000000000003	0.00010000000000000003	0.00010000000000000003	0.00010000000000000003	0.00010000000000000003	0.00010000000000000003	0.00010000000000000003	0.00010000000000000003	0.00010000000000000003	0.00010000000000000003	0.00010000000000000003	0.00010000000000000003	0.00010000000000000003	0.00010000000000000003	0.00010000000000000003	0.00010000000000000003
5	0.00010000000000000003	0.00010000000000000003	0.00010000000000000003	0.00010000000000000003	0.00010000000000000003	0.00010000000000000003	0.00010000000000000003	0.00010000000000000003	0.00010000000000000003	0.00010000000000000003	0.00010000000000000003	0.00010000000000000003	0.00010000000000000003	0.00010000000000000003	0.00010000000000000003	0.00010000000000000003
6	0.00010000000000000003	0.00010000000000000003	0.00010000000000000003	0.00010000000000000003	0.00010000000000000003	0.00010000000000000003	0.00010000000000000003	0.00010000000000000003	0.00010000000000000003	0.00010000000000000003	0.00010000000000000003	0.00010000000000000003	0.00010000000000000003	0.00010000000000000003	0.00010000000000000003	0.00010000000000000003
7	0.00010000000000000003	0.00010000000000000003	0.00010000000000000003	0.00010000000000000003	0.00010000000000000003	0.00010000000000000003	0.00010000000000000003	0.00010000000000000003	0.00010000000000000003	0.00010000000000000003	0.00010000000000000003	0.00010000000000000003	0.00010000000000000003	0.00010000000000000003	0.00010000000000000003	0.00010000000000000003
8	0.00010000000000000003	0.00010000000000000003	0.00010000000000000003	0.00010000000000000003	0.00010000000000000003	0.00010000000000000003	0.00010000000000000003	0.00010000000000000003	0.00010000000000000003	0.00010000000000000003	0.00010000000000000003	0.00010000000000000003	0.00010000000000000003	0.00010000000000000003	0.00010000000000000003	0.00010000000000000003
9	0.00010000000000000003	0.00010000000000000003	0.00010000000000000003	0.00010000000000000003	0.00010000000000000003	0.00010000000000000003	0.00010000000000000003	0.00010000000000000003	0.00010000000000000003	0.00010000000000000003	0.00010000000000000003	0.00010000000000000003	0.00010000000000000003	0.00010000000000000003	0.00010000000000000003	0.00010000000000000003
10	0.00010000000000000003	0.00010000000000000003	0.00010000000000000003	0.00010000000000000003	0.00010000000000000003	0.00010000000000000003	0.00010000000000000003	0.00010000000000000003	0.00010000000000000003	0.00010000000000000003	0.00010000000000000003	0.00010000000000000003	0.00010000000000000003	0.00010000000000000003	0.00010000000000000003	0.00010000000000000003
11	0.00010000000000000003	0.00010000000000000003	0.00010000000000000003	0.00010000000000000003	0.00010000000000000003	0.00010000000000000003	0.00010000000000000003	0.00010000000000000003	0.00010000000000000003	0.00010000000000000003	0.00010000000000000003	0.00010000000000000003	0.00010000000000000003	0.00010000000000000003	0.00010000000000000003	0.00010000000000000003
12	0.00010000000000000003	0.00010000000000000003	0.00010000000000000003	0.00010000000000000003	0.00010000000000000003	0.00010000000000000003	0.00010000000000000003	0.00010000000000000003	0.00010000000000000003	0.00010000000000000003	0.00010000000000000003	0.00010000000000000003	0.00010000000000000003	0.00010000000000000003	0.00010000000000000003	0.00010000000000000003
13	0.00010000000000000003	0.00010000000000000003	0.00010000000000000003	0.00010000000000000003	0.00010000000000000003	0.00010000000000000003	0.00010000000000000003	0.00010000000000000003	0.00010000000000000003	0.00010000000000000003	0.00010000000000000003	0.00010000000000000003	0.00010000000000000003	0.00010000000000000003	0.00010000000000000003	0.00010000000000000003
14	0.00010000000000000003	0.00010000000000000003	0.00010000000000000003	0.00010000000000000003	0.00010000000000000003	0.00010000000000000003	0.00010000000000000003	0.00010000000000000003	0.00010000000000000003	0.00010000000000000003	0.00010000000000000003	0.00010000000000000003	0.00010000000000000003	0.00010000000000000003	0.00010000000000000003	0.00010000000000000003
15	0.00010000000000000003	0.00010000000000000003	0.00010000000000000003	0.00010000000000000003	0.00010000000000000003	0.00010000000000000003	0.00010000000000000003	0.00010000000000000003	0.00010000000000000003	0.00010000000000000003	0.00010000000000000003	0.00010000000000000003	0.00010000000000000003	0.00010000000000000003	0.00010000000000000003	0.00010000000000000003
16	0.00010000000000000003	0.00010000000000000003	0.00010000000000000003	0.00010000000000000003	0.00010000000000000003	0.00010000000000000003	0.00010000000000000003	0.00010000000000000003	0.00010000000000000003	0.00010000000000000003	0.00010000000000000003	0.00010000000000000003	0.00010000000000000003	0.00010000000000000003	0.00010000000000000003	0.00010000000000000003
17	0.00010000000000000003	0.00010000000000000003	0.00010000000000000003	0.00010000000000000003	0.00010000000000000003	0.00010000000000000003	0.00010000000000000003	0.00010000000000000003	0.00010000000000000003	0.00010000000000000003	0.00010000000000000003	0.00010000000000000003	0.00010000000000000003	0.00010000000000000003	0.00010000000000000003	0.00010000000000000003
18	0.00010000000000000003	0.00010000000000000003	0.00010000000000000003	0.00010000000000000003	0.00010000000000000003	0.00010000000000000003	0.00010000000000000003	0.00010000000000000003	0.00010000000000000003	0.00010000000000000003	0.00010000000000000003	0.00010000000000000003	0.00010000000000000003	0.00010000000000000003	0.00010000000000000003	0.00010000000000000003
19	0.00010000000000000003	0.00010000000000000003	0.00010000000000000003	0.00010000000000000003	0.00010000000000000003	0.00010000000000000003	0.00010000000000000003	0.00010000000000000003	0.00010000000000000003	0.00010000000000000003	0.00010000000000000003	0.00010000000000000003	0.00010000000000000003	0.00010000000000000003	0.00010000000000000003	0.00010000000000000003
20	0.00010000000000000003	0.00010000000000000003	0.00010000000000000003	0.00010000000000000003	0.00010000000000000003	0.00010000000000000003	0.00010000000000000003	0.00010000000000000003	0.00010000000000000003	0.00010000000000000003	0.00010000000000000003	0.00010000000000000003	0.00010000000000000003	0.00010000000000000003	0.00010000000000000003	0.00010000000000000003
21	0.00010000000000000003	0.00010000000000000003	0.00010000000000000003	0.00010000000000000003	0.00010000000000000003	0.00010000000000000003	0.00010000000000000003	0.00010000000000000003	0.00010000000000000003	0.00010000000000000003	0.00010000000000000003	0.00010000000000000003	0.00010000000000000003	0.00010000000000000003	0.00010000000000000003	0.00010000000000000003
22	0.00010000000000000003	0.00010000000000000003	0.00010000000000000003	0.00010000000000000003	0.00010000000000000003	0.00010000000000000003	0.00010000000000000003	0.00010000000000000003	0.00010000000000000003	0.00010000000000000003	0.00010000000000000003	0.00010000000000000003	0.00010000000000000003	0.00010000000000000003	0.00010000000000000003	0.00010000000000000003
23	0.00010000000000000003	0.00010000000000000003	0.00010000000000000003	0.00010000000000000003	0.00010000000000000003	0.00010000000000000003	0.00010000000000000003	0.00010000000000000003	0.00010000000000000003	0.00010000000000000003	0.00010000000000000003	0.00010000000000000003	0.00010000000000000003	0.00010000000000000003	0.00010000000000000003	0.00010000000000000003
24	0.00010000000000000003	0.00010000000000000003	0.00010000000000000003	0.00010000000000000003	0.00010000000000000003	0.00010000000000000003	0.00010000000000000003	0.00010000000000000003	0.00010000000000000003	0.00010000000000000003	0.00010000000000000003	0.00010000000000000003	0.00010000000000000003	0.00010000000000000003	0.00010000000000000003	0.00010000000000000003
["TIDAL_RANGE","C1",*,*] :	1	2	3	4	5	6	7	8	9	10	11	12	13	14	15	16 := 
1	0.00010000000000000003	0.00010000000000000003	0.00010000000000000003	0.00010000000000000003	0.00010000000000000003	0.00010000000000000003	0.00010000000000000003	0.00010000000000000003	0.00010000000000000003	0.00010000000000000003	0.00010000000000000003	0.00010000000000000003	0.00010000000000000003	0.00010000000000000003	0.00010000000000000003	0.00010000000000000003
2	0.00010000000000000003	0.00010000000000000003	0.00010000000000000003	0.00010000000000000003	0.00010000000000000003	0.00010000000000000003	0.00010000000000000003	0.00010000000000000003	0.00010000000000000003	0.00010000000000000003	0.00010000000000000003	0.00010000000000000003	0.00010000000000000003	0.00010000000000000003	0.00010000000000000003	0.00010000000000000003
3	0.00010000000000000003	0.00010000000000000003	0.00010000000000000003	0.00010000000000000003	0.00010000000000000003	0.00010000000000000003	0.00010000000000000003	0.00010000000000000003	0.00010000000000000003	0.00010000000000000003	0.00010000000000000003	0.00010000000000000003	0.00010000000000000003	0.00010000000000000003	0.00010000000000000003	0.00010000000000000003
4	0.00010000000000000003	0.00010000000000000003	0.00010000000000000003	0.00010000000000000003	0.00010000000000000003	0.00010000000000000003	0.00010000000000000003	0.00010000000000000003	0.00010000000000000003	0.00010000000000000003	0.00010000000000000003	0.00010000000000000003	0.00010000000000000003	0.00010000000000000003	0.00010000000000000003	0.00010000000000000003
5	0.00010000000000000003	0.00010000000000000003	0.00010000000000000003	0.00010000000000000003	0.00010000000000000003	0.00010000000000000003	0.00010000000000000003	0.00010000000000000003	0.00010000000000000003	0.00010000000000000003	0.00010000000000000003	0.00010000000000000003	0.00010000000000000003	0.00010000000000000003	0.00010000000000000003	0.00010000000000000003
6	0.00010000000000000003	0.00010000000000000003	0.00010000000000000003	0.00010000000000000003	0.00010000000000000003	0.00010000000000000003	0.00010000000000000003	0.00010000000000000003	0.00010000000000000003	0.00010000000000000003	0.00010000000000000003	0.00010000000000000003	0.00010000000000000003	0.00010000000000000003	0.00010000000000000003	0.00010000000000000003
7	0.00010000000000000003	0.00010000000000000003	0.00010000000000000003	0.00010000000000000003	0.00010000000000000003	0.00010000000000000003	0.00010000000000000003	0.00010000000000000003	0.00010000000000000003	0.00010000000000000003	0.00010000000000000003	0.00010000000000000003	0.00010000000000000003	0.00010000000000000003	0.00010000000000000003	0.00010000000000000003
8	0.00010000000000000003	0.00010000000000000003	0.00010000000000000003	0.00010000000000000003	0.00010000000000000003	0.00010000000000000003	0.00010000000000000003	0.00010000000000000003	0.00010000000000000003	0.00010000000000000003	0.00010000000000000003	0.00010000000000000003	0.00010000000000000003	0.00010000000000000003	0.00010000000000000003	0.00010000000000000003
9	0.00010000000000000003	0.00010000000000000003	0.00010000000000000003	0.00010000000000000003	0.00010000000000000003	0.00010000000000000003	0.00010000000000000003	0.00010000000000000003	0.00010000000000000003	0.00010000000000000003	0.00010000000000000003	0.00010000000000000003	0.00010000000000000003	0.00010000000000000003	0.00010000000000000003	0.00010000000000000003
10	0.00010000000000000003	0.00010000000000000003	0.00010000000000000003	0.00010000000000000003	0.00010000000000000003	0.00010000000000000003	0.00010000000000000003	0.00010000000000000003	0.00010000000000000003	0.00010000000000000003	0.00010000000000000003	0.00010000000000000003	0.00010000000000000003	0.00010000000000000003	0.00010000000000000003	0.00010000000000000003
11	0.00010000000000000003	0.00010000000000000003	0.00010000000000000003	0.00010000000000000003	0.00010000000000000003	0.00010000000000000003	0.00010000000000000003	0.00010000000000000003	0.00010000000000000003	0.00010000000000000003	0.00010000000000000003	0.00010000000000000003	0.00010000000000000003	0.00010000000000000003	0.00010000000000000003	0.00010000000000000003
12	0.00010000000000000003	0.00010000000000000003	0.00010000000000000003	0.00010000000000000003	0.00010000000000000003	0.00010000000000000003	0.00010000000000000003	0.00010000000000000003	0.00010000000000000003	0.00010000000000000003	0.00010000000000000003	0.00010000000000000003	0.00010000000000000003	0.00010000000000000003	0.00010000000000000003	0.00010000000000000003
13	0.00010000000000000003	0.00010000000000000003	0.00010000000000000003	0.00010000000000000003	0.00010000000000000003	0.00010000000000000003	0.00010000000000000003	0.00010000000000000003	0.00010000000000000003	0.00010000000000000003	0.00010000000000000003	0.00010000000000000003	0.00010000000000000003	0.00010000000000000003	0.00010000000000000003	0.00010000000000000003
14	0.00010000000000000003	0.00010000000000000003	0.00010000000000000003	0.00010000000000000003	0.00010000000000000003	0.00010000000000000003	0.00010000000000000003	0.00010000000000000003	0.00010000000000000003	0.00010000000000000003	0.00010000000000000003	0.00010000000000000003	0.00010000000000000003	0.00010000000000000003	0.00010000000000000003	0.00010000000000000003
15	0.00010000000000000003	0.00010000000000000003	0.00010000000000000003	0.00010000000000000003	0.00010000000000000003	0.00010000000000000003	0.00010000000000000003	0.00010000000000000003	0.00010000000000000003	0.00010000000000000003	0.00010000000000000003	0.00010000000000000003	0.00010000000000000003	0.00010000000000000003	0.00010000000000000003	0.00010000000000000003
16	0.00010000000000000003	0.00010000000000000003	0.00010000000000000003	0.00010000000000000003	0.00010000000000000003	0.00010000000000000003	0.00010000000000000003	0.00010000000000000003	0.00010000000000000003	0.00010000000000000003	0.00010000000000000003	0.00010000000000000003	0.00010000000000000003	0.00010000000000000003	0.00010000000000000003	0.00010000000000000003
17	0.00010000000000000003	0.00010000000000000003	0.00010000000000000003	0.00010000000000000003	0.00010000000000000003	0.00010000000000000003	0.00010000000000000003	0.00010000000000000003	0.00010000000000000003	0.00010000000000000003	0.00010000000000000003	0.00010000000000000003	0.00010000000000000003	0.00010000000000000003	0.00010000000000000003	0.00010000000000000003
18	0.00010000000000000003	0.00010000000000000003	0.00010000000000000003	0.00010000000000000003	0.00010000000000000003	0.00010000000000000003	0.00010000000000000003	0.00010000000000000003	0.00010000000000000003	0.00010000000000000003	0.00010000000000000003	0.00010000000000000003	0.00010000000000000003	0.00010000000000000003	0.00010000000000000003	0.00010000000000000003
19	0.00010000000000000003	0.00010000000000000003	0.00010000000000000003	0.00010000000000000003	0.00010000000000000003	0.00010000000000000003	0.00010000000000000003	0.00010000000000000003	0.00010000000000000003	0.00010000000000000003	0.00010000000000000003	0.00010000000000000003	0.00010000000000000003	0.00010000000000000003	0.00010000000000000003	0.00010000000000000003
20	0.00010000000000000003	0.00010000000000000003	0.00010000000000000003	0.00010000000000000003	0.00010000000000000003	0.00010000000000000003	0.00010000000000000003	0.00010000000000000003	0.00010000000000000003	0.00010000000000000003	0.00010000000000000003	0.00010000000000000003	0.00010000000000000003	0.00010000000000000003	0.00010000000000000003	0.00010000000000000003
21	0.00010000000000000003	0.00010000000000000003	0.00010000000000000003	0.00010000000000000003	0.00010000000000000003	0.00010000000000000003	0.00010000000000000003	0.00010000000000000003	0.00010000000000000003	0.00010000000000000003	0.00010000000000000003	0.00010000000000000003	0.00010000000000000003	0.00010000000000000003	0.00010000000000000003	0.00010000000000000003
22	0.00010000000000000003	0.00010000000000000003	0.00010000000000000003	0.00010000000000000003	0.00010000000000000003	0.00010000000000000003	0.00010000000000000003	0.00010000000000000003	0.00010000000000000003	0.00010000000000000003	0.00010000000000000003	0.00010000000000000003	0.00010000000000000003	0.00010000000000000003	0.00010000000000000003	0.00010000000000000003
23	0.00010000000000000003	0.00010000000000000003	0.00010000000000000003	0.00010000000000000003	0.00010000000000000003	0.00010000000000000003	0.00010000000000000003	0.00010000000000000003	0.00010000000000000003	0.00010000000000000003	0.00010000000000000003	0.00010000000000000003	0.00010000000000000003	0.00010000000000000003	0.00010000000000000003	0.00010000000000000003
24	0.00010000000000000003	0.00010000000000000003	0.00010000000000000003	0.00010000000000000003	0.00010000000000000003	0.00010000000000000003	0.00010000000000000003	0.00010000000000000003	0.00010000000000000003	0.00010000000000000003	0.00010000000000000003	0.00010000000000000003	0.00010000000000000003	0.00010000000000000003	0.00010000000000000003	0.00010000000000000003
["TIDAL_RANGE","C2",*,*] :	1	2	3	4	5	6	7	8	9	10	11	12	13	14	15	16 := 
1	0.00010000000000000003	0.00010000000000000003	0.00010000000000000003	0.00010000000000000003	0.00010000000000000003	0.00010000000000000003	0.00010000000000000003	0.00010000000000000003	0.00010000000000000003	0.00010000000000000003	0.00010000000000000003	0.00010000000000000003	0.00010000000000000003	0.00010000000000000003	0.00010000000000000003	0.00010000000000000003
2	0.00010000000000000003	0.00010000000000000003	0.00010000000000000003	0.00010000000000000003	0.00010000000000000003	0.00010000000000000003	0.00010000000000000003	0.00010000000000000003	0.00010000000000000003	0.00010000000000000003	0.00010000000000000003	0.00010000000000000003	0.00010000000000000003	0.00010000000000000003	0.00010000000000000003	0.00010000000000000003
3	0.00010000000000000003	0.00010000000000000003	0.00010000000000000003	0.00010000000000000003	0.00010000000000000003	0.00010000000000000003	0.00010000000000000003	0.00010000000000000003	0.00010000000000000003	0.00010000000000000003	0.00010000000000000003	0.00010000000000000003	0.00010000000000000003	0.00010000000000000003	0.00010000000000000003	0.00010000000000000003
4	0.00010000000000000003	0.00010000000000000003	0.00010000000000000003	0.00010000000000000003	0.00010000000000000003	0.00010000000000000003	0.00010000000000000003	0.00010000000000000003	0.00010000000000000003	0.00010000000000000003	0.00010000000000000003	0.00010000000000000003	0.00010000000000000003	0.00010000000000000003	0.00010000000000000003	0.00010000000000000003
5	0.00010000000000000003	0.00010000000000000003	0.00010000000000000003	0.00010000000000000003	0.00010000000000000003	0.00010000000000000003	0.00010000000000000003	0.00010000000000000003	0.00010000000000000003	0.00010000000000000003	0.00010000000000000003	0.00010000000000000003	0.00010000000000000003	0.00010000000000000003	0.00010000000000000003	0.00010000000000000003
6	0.00010000000000000003	0.00010000000000000003	0.00010000000000000003	0.00010000000000000003	0.00010000000000000003	0.00010000000000000003	0.00010000000000000003	0.00010000000000000003	0.00010000000000000003	0.00010000000000000003	0.00010000000000000003	0.00010000000000000003	0.00010000000000000003	0.00010000000000000003	0.00010000000000000003	0.00010000000000000003
7	0.00010000000000000003	0.00010000000000000003	0.00010000000000000003	0.00010000000000000003	0.00010000000000000003	0.00010000000000000003	0.00010000000000000003	0.00010000000000000003	0.00010000000000000003	0.00010000000000000003	0.00010000000000000003	0.00010000000000000003	0.00010000000000000003	0.00010000000000000003	0.00010000000000000003	0.00010000000000000003
8	0.00010000000000000003	0.00010000000000000003	0.00010000000000000003	0.00010000000000000003	0.00010000000000000003	0.00010000000000000003	0.00010000000000000003	0.00010000000000000003	0.00010000000000000003	0.00010000000000000003	0.00010000000000000003	0.00010000000000000003	0.00010000000000000003	0.00010000000000000003	0.00010000000000000003	0.00010000000000000003
9	0.00010000000000000003	0.00010000000000000003	0.00010000000000000003	0.00010000000000000003	0.00010000000000000003	0.00010000000000000003	0.00010000000000000003	0.00010000000000000003	0.00010000000000000003	0.00010000000000000003	0.00010000000000000003	0.00010000000000000003	0.00010000000000000003	0.00010000000000000003	0.00010000000000000003	0.00010000000000000003
10	0.00010000000000000003	0.00010000000000000003	0.00010000000000000003	0.00010000000000000003	0.00010000000000000003	0.00010000000000000003	0.00010000000000000003	0.00010000000000000003	0.00010000000000000003	0.00010000000000000003	0.00010000000000000003	0.00010000000000000003	0.00010000000000000003	0.00010000000000000003	0.00010000000000000003	0.00010000000000000003
11	0.00010000000000000003	0.00010000000000000003	0.00010000000000000003	0.00010000000000000003	0.00010000000000000003	0.00010000000000000003	0.00010000000000000003	0.00010000000000000003	0.00010000000000000003	0.00010000000000000003	0.00010000000000000003	0.00010000000000000003	0.00010000000000000003	0.00010000000000000003	0.00010000000000000003	0.00010000000000000003
12	0.00010000000000000003	0.00010000000000000003	0.00010000000000000003	0.00010000000000000003	0.00010000000000000003	0.00010000000000000003	0.00010000000000000003	0.00010000000000000003	0.00010000000000000003	0.00010000000000000003	0.00010000000000000003	0.00010000000000000003	0.00010000000000000003	0.00010000000000000003	0.00010000000000000003	0.00010000000000000003
13	0.00010000000000000003	0.00010000000000000003	0.00010000000000000003	0.00010000000000000003	0.00010000000000000003	0.00010000000000000003	0.00010000000000000003	0.00010000000000000003	0.00010000000000000003	0.00010000000000000003	0.00010000000000000003	0.00010000000000000003	0.00010000000000000003	0.00010000000000000003	0.00010000000000000003	0.00010000000000000003
14	0.00010000000000000003	0.00010000000000000003	0.00010000000000000003	0.00010000000000000003	0.00010000000000000003	0.00010000000000000003	0.00010000000000000003	0.00010000000000000003	0.00010000000000000003	0.00010000000000000003	0.00010000000000000003	0.00010000000000000003	0.00010000000000000003	0.00010000000000000003	0.00010000000000000003	0.00010000000000000003
15	0.00010000000000000003	0.00010000000000000003	0.00010000000000000003	0.00010000000000000003	0.00010000000000000003	0.00010000000000000003	0.00010000000000000003	0.00010000000000000003	0.00010000000000000003	0.00010000000000000003	0.00010000000000000003	0.00010000000000000003	0.00010000000000000003	0.00010000000000000003	0.00010000000000000003	0.00010000000000000003
16	0.00010000000000000003	0.00010000000000000003	0.00010000000000000003	0.00010000000000000003	0.00010000000000000003	0.00010000000000000003	0.00010000000000000003	0.00010000000000000003	0.00010000000000000003	0.00010000000000000003	0.00010000000000000003	0.00010000000000000003	0.00010000000000000003	0.00010000000000000003	0.00010000000000000003	0.00010000000000000003
17	0.00010000000000000003	0.00010000000000000003	0.00010000000000000003	0.00010000000000000003	0.00010000000000000003	0.00010000000000000003	0.00010000000000000003	0.00010000000000000003	0.00010000000000000003	0.00010000000000000003	0.00010000000000000003	0.00010000000000000003	0.00010000000000000003	0.00010000000000000003	0.00010000000000000003	0.00010000000000000003
18	0.00010000000000000003	0.00010000000000000003	0.00010000000000000003	0.00010000000000000003	0.00010000000000000003	0.00010000000000000003	0.00010000000000000003	0.00010000000000000003	0.00010000000000000003	0.00010000000000000003	0.00010000000000000003	0.00010000000000000003	0.00010000000000000003	0.00010000000000000003	0.00010000000000000003	0.00010000000000000003
19	0.00010000000000000003	0.00010000000000000003	0.00010000000000000003	0.00010000000000000003	0.00010000000000000003	0.00010000000000000003	0.00010000000000000003	0.00010000000000000003	0.00010000000000000003	0.00010000000000000003	0.00010000000000000003	0.00010000000000000003	0.00010000000000000003	0.00010000000000000003	0.00010000000000000003	0.00010000000000000003
20	0.00010000000000000003	0.00010000000000000003	0.00010000000000000003	0.00010000000000000003	0.00010000000000000003	0.00010000000000000003	0.00010000000000000003	0.00010000000000000003	0.00010000000000000003	0.00010000000000000003	0.00010000000000000003	0.00010000000000000003	0.00010000000000000003	0.00010000000000000003	0.00010000000000000003	0.00010000000000000003
21	0.00010000000000000003	0.00010000000000000003	0.00010000000000000003	0.00010000000000000003	0.00010000000000000003	0.00010000000000000003	0.00010000000000000003	0.00010000000000000003	0.00010000000000000003	0.00010000000000000003	0.00010000000000000003	0.00010000000000000003	0.00010000000000000003	0.00010000000000000003	0.00010000000000000003	0.00010000000000000003
22	0.00010000000000000003	0.00010000000000000003	0.00010000000000000003	0.00010000000000000003	0.00010000000000000003	0.00010000000000000003	0.00010000000000000003	0.00010000000000000003	0.00010000000000000003	0.00010000000000000003	0.00010000000000000003	0.00010000000000000003	0.00010000000000000003	0.00010000000000000003	0.00010000000000000003	0.00010000000000000003
23	0.00010000000000000003	0.00010000000000000003	0.00010000000000000003	0.00010000000000000003	0.00010000000000000003	0.00010000000000000003	0.00010000000000000003	0.00010000000000000003	0.00010000000000000003	0.00010000000000000003	0.00010000000000000003	0.00010000000000000003	0.00010000000000000003	0.00010000000000000003	0.00010000000000000003	0.00010000000000000003
24	0.00010000000000000003	0.00010000000000000003	0.00010000000000000003	0.00010000000000000003	0.00010000000000000003	0.00010000000000000003	0.00010000000000000003	0.00010000000000000003	0.00010000000000000003	0.00010000000000000003	0.00010000000000000003	0.00010000000000000003	0.00010000000000000003	0.00010000000000000003	0.00010000000000000003	0.00010000000000000003
["TIDAL_RANGE","C3",*,*] :	1	2	3	4	5	6	7	8	9	10	11	12	13	14	15	16 := 
1	0.00010000000000000003	0.00010000000000000003	0.00010000000000000003	0.00010000000000000003	0.00010000000000000003	0.00010000000000000003	0.00010000000000000003	0.00010000000000000003	0.00010000000000000003	0.00010000000000000003	0.00010000000000000003	0.00010000000000000003	0.00010000000000000003	0.00010000000000000003	0.00010000000000000003	0.00010000000000000003
2	0.00010000000000000003	0.00010000000000000003	0.00010000000000000003	0.00010000000000000003	0.00010000000000000003	0.00010000000000000003	0.00010000000000000003	0.00010000000000000003	0.00010000000000000003	0.00010000000000000003	0.00010000000000000003	0.00010000000000000003	0.00010000000000000003	0.00010000000000000003	0.00010000000000000003	0.00010000000000000003
3	0.00010000000000000003	0.00010000000000000003	0.00010000000000000003	0.00010000000000000003	0.00010000000000000003	0.00010000000000000003	0.00010000000000000003	0.00010000000000000003	0.00010000000000000003	0.00010000000000000003	0.00010000000000000003	0.00010000000000000003	0.00010000000000000003	0.00010000000000000003	0.00010000000000000003	0.00010000000000000003
4	0.00010000000000000003	0.00010000000000000003	0.00010000000000000003	0.00010000000000000003	0.00010000000000000003	0.00010000000000000003	0.00010000000000000003	0.00010000000000000003	0.00010000000000000003	0.00010000000000000003	0.00010000000000000003	0.00010000000000000003	0.00010000000000000003	0.00010000000000000003	0.00010000000000000003	0.00010000000000000003
5	0.00010000000000000003	0.00010000000000000003	0.00010000000000000003	0.00010000000000000003	0.00010000000000000003	0.00010000000000000003	0.00010000000000000003	0.00010000000000000003	0.00010000000000000003	0.00010000000000000003	0.00010000000000000003	0.00010000000000000003	0.00010000000000000003	0.00010000000000000003	0.00010000000000000003	0.00010000000000000003
6	0.00010000000000000003	0.00010000000000000003	0.00010000000000000003	0.00010000000000000003	0.00010000000000000003	0.00010000000000000003	0.00010000000000000003	0.00010000000000000003	0.00010000000000000003	0.00010000000000000003	0.00010000000000000003	0.00010000000000000003	0.00010000000000000003	0.00010000000000000003	0.00010000000000000003	0.00010000000000000003
7	0.00010000000000000003	0.00010000000000000003	0.00010000000000000003	0.00010000000000000003	0.00010000000000000003	0.00010000000000000003	0.00010000000000000003	0.00010000000000000003	0.00010000000000000003	0.00010000000000000003	0.00010000000000000003	0.00010000000000000003	0.00010000000000000003	0.00010000000000000003	0.00010000000000000003	0.00010000000000000003
8	0.00010000000000000003	0.00010000000000000003	0.00010000000000000003	0.00010000000000000003	0.00010000000000000003	0.00010000000000000003	0.00010000000000000003	0.00010000000000000003	0.00010000000000000003	0.00010000000000000003	0.00010000000000000003	0.00010000000000000003	0.00010000000000000003	0.00010000000000000003	0.00010000000000000003	0.00010000000000000003
9	0.00010000000000000003	0.00010000000000000003	0.00010000000000000003	0.00010000000000000003	0.00010000000000000003	0.00010000000000000003	0.00010000000000000003	0.00010000000000000003	0.00010000000000000003	0.00010000000000000003	0.00010000000000000003	0.00010000000000000003	0.00010000000000000003	0.00010000000000000003	0.00010000000000000003	0.00010000000000000003
10	0.00010000000000000003	0.00010000000000000003	0.00010000000000000003	0.00010000000000000003	0.00010000000000000003	0.00010000000000000003	0.00010000000000000003	0.00010000000000000003	0.00010000000000000003	0.00010000000000000003	0.00010000000000000003	0.00010000000000000003	0.00010000000000000003	0.00010000000000000003	0.00010000000000000003	0.00010000000000000003
11	0.00010000000000000003	0.00010000000000000003	0.00010000000000000003	0.00010000000000000003	0.00010000000000000003	0.00010000000000000003	0.00010000000000000003	0.00010000000000000003	0.00010000000000000003	0.00010000000000000003	0.00010000000000000003	0.00010000000000000003	0.00010000000000000003	0.00010000000000000003	0.00010000000000000003	0.00010000000000000003
12	0.00010000000000000003	0.00010000000000000003	0.00010000000000000003	0.00010000000000000003	0.00010000000000000003	0.00010000000000000003	0.00010000000000000003	0.00010000000000000003	0.00010000000000000003	0.00010000000000000003	0.00010000000000000003	0.00010000000000000003	0.00010000000000000003	0.00010000000000000003	0.00010000000000000003	0.00010000000000000003
13	0.00010000000000000003	0.00010000000000000003	0.00010000000000000003	0.00010000000000000003	0.00010000000000000003	0.00010000000000000003	0.00010000000000000003	0.00010000000000000003	0.00010000000000000003	0.00010000000000000003	0.00010000000000000003	0.00010000000000000003	0.00010000000000000003	0.00010000000000000003	0.00010000000000000003	0.00010000000000000003
14	0.00010000000000000003	0.00010000000000000003	0.00010000000000000003	0.00010000000000000003	0.00010000000000000003	0.00010000000000000003	0.00010000000000000003	0.00010000000000000003	0.00010000000000000003	0.00010000000000000003	0.00010000000000000003	0.00010000000000000003	0.00010000000000000003	0.00010000000000000003	0.00010000000000000003	0.00010000000000000003
15	0.00010000000000000003	0.00010000000000000003	0.00010000000000000003	0.00010000000000000003	0.00010000000000000003	0.00010000000000000003	0.00010000000000000003	0.00010000000000000003	0.00010000000000000003	0.00010000000000000003	0.00010000000000000003	0.00010000000000000003	0.00010000000000000003	0.00010000000000000003	0.00010000000000000003	0.00010000000000000003
16	0.00010000000000000003	0.00010000000000000003	0.00010000000000000003	0.00010000000000000003	0.00010000000000000003	0.00010000000000000003	0.00010000000000000003	0.00010000000000000003	0.00010000000000000003	0.00010000000000000003	0.00010000000000000003	0.00010000000000000003	0.00010000000000000003	0.00010000000000000003	0.00010000000000000003	0.00010000000000000003
17	0.00010000000000000003	0.00010000000000000003	0.00010000000000000003	0.00010000000000000003	0.00010000000000000003	0.00010000000000000003	0.00010000000000000003	0.00010000000000000003	0.00010000000000000003	0.00010000000000000003	0.00010000000000000003	0.00010000000000000003	0.00010000000000000003	0.00010000000000000003	0.00010000000000000003	0.00010000000000000003
18	0.00010000000000000003	0.00010000000000000003	0.00010000000000000003	0.00010000000000000003	0.00010000000000000003	0.00010000000000000003	0.00010000000000000003	0.00010000000000000003	0.00010000000000000003	0.00010000000000000003	0.00010000000000000003	0.00010000000000000003	0.00010000000000000003	0.00010000000000000003	0.00010000000000000003	0.00010000000000000003
19	0.00010000000000000003	0.00010000000000000003	0.00010000000000000003	0.00010000000000000003	0.00010000000000000003	0.00010000000000000003	0.00010000000000000003	0.00010000000000000003	0.00010000000000000003	0.00010000000000000003	0.00010000000000000003	0.00010000000000000003	0.00010000000000000003	0.00010000000000000003	0.00010000000000000003	0.00010000000000000003
20	0.00010000000000000003	0.00010000000000000003	0.00010000000000000003	0.00010000000000000003	0.00010000000000000003	0.00010000000000000003	0.00010000000000000003	0.00010000000000000003	0.00010000000000000003	0.00010000000000000003	0.00010000000000000003	0.00010000000000000003	0.00010000000000000003	0.00010000000000000003	0.00010000000000000003	0.00010000000000000003
21	0.00010000000000000003	0.00010000000000000003	0.00010000000000000003	0.00010000000000000003	0.00010000000000000003	0.00010000000000000003	0.00010000000000000003	0.00010000000000000003	0.00010000000000000003	0.00010000000000000003	0.00010000000000000003	0.00010000000000000003	0.00010000000000000003	0.00010000000000000003	0.00010000000000000003	0.00010000000000000003
22	0.00010000000000000003	0.00010000000000000003	0.00010000000000000003	0.00010000000000000003	0.00010000000000000003	0.00010000000000000003	0.00010000000000000003	0.00010000000000000003	0.00010000000000000003	0.00010000000000000003	0.00010000000000000003	0.00010000000000000003	0.00010000000000000003	0.00010000000000000003	0.00010000000000000003	0.00010000000000000003
23	0.00010000000000000003	0.00010000000000000003	0.00010000000000000003	0.00010000000000000003	0.00010000000000000003	0.00010000000000000003	0.00010000000000000003	0.00010000000000000003	0.00010000000000000003	0.00010000000000000003	0.00010000000000000003	0.00010000000000000003	0.00010000000000000003	0.00010000000000000003	0.00010000000000000003	0.00010000000000000003
24	0.00010000000000000003	0.00010000000000000003	0.00010000000000000003	0.00010000000000000003	0.00010000000000000003	0.00010000000000000003	0.00010000000000000003	0.00010000000000000003	0.00010000000000000003	0.00010000000000000003	0.00010000000000000003	0.00010000000000000003	0.00010000000000000003	0.00010000000000000003	0.00010000000000000003	0.00010000000000000003
["TIDAL_RANGE","C4",*,*] :	1	2	3	4	5	6	7	8	9	10	11	12	13	14	15	16 := 
1	0.00010000000000000003	0.00010000000000000003	0.00010000000000000003	0.00010000000000000003	0.00010000000000000003	0.00010000000000000003	0.00010000000000000003	0.00010000000000000003	0.00010000000000000003	0.00010000000000000003	0.00010000000000000003	0.00010000000000000003	0.00010000000000000003	0.00010000000000000003	0.00010000000000000003	0.00010000000000000003
2	0.00010000000000000003	0.00010000000000000003	0.00010000000000000003	0.00010000000000000003	0.00010000000000000003	0.00010000000000000003	0.00010000000000000003	0.00010000000000000003	0.00010000000000000003	0.00010000000000000003	0.00010000000000000003	0.00010000000000000003	0.00010000000000000003	0.00010000000000000003	0.00010000000000000003	0.00010000000000000003
3	0.00010000000000000003	0.00010000000000000003	0.00010000000000000003	0.00010000000000000003	0.00010000000000000003	0.00010000000000000003	0.00010000000000000003	0.00010000000000000003	0.00010000000000000003	0.00010000000000000003	0.00010000000000000003	0.00010000000000000003	0.00010000000000000003	0.00010000000000000003	0.00010000000000000003	0.00010000000000000003
4	0.00010000000000000003	0.00010000000000000003	0.00010000000000000003	0.00010000000000000003	0.00010000000000000003	0.00010000000000000003	0.00010000000000000003	0.00010000000000000003	0.00010000000000000003	0.00010000000000000003	0.00010000000000000003	0.00010000000000000003	0.00010000000000000003	0.00010000000000000003	0.00010000000000000003	0.00010000000000000003
5	0.00010000000000000003	0.00010000000000000003	0.00010000000000000003	0.00010000000000000003	0.00010000000000000003	0.00010000000000000003	0.00010000000000000003	0.00010000000000000003	0.00010000000000000003	0.00010000000000000003	0.00010000000000000003	0.00010000000000000003	0.00010000000000000003	0.00010000000000000003	0.00010000000000000003	0.00010000000000000003
6	0.00010000000000000003	0.00010000000000000003	0.00010000000000000003	0.00010000000000000003	0.00010000000000000003	0.00010000000000000003	0.00010000000000000003	0.00010000000000000003	0.00010000000000000003	0.00010000000000000003	0.00010000000000000003	0.00010000000000000003	0.00010000000000000003	0.00010000000000000003	0.00010000000000000003	0.00010000000000000003
7	0.00010000000000000003	0.00010000000000000003	0.00010000000000000003	0.00010000000000000003	0.00010000000000000003	0.00010000000000000003	0.00010000000000000003	0.00010000000000000003	0.00010000000000000003	0.00010000000000000003	0.00010000000000000003	0.00010000000000000003	0.00010000000000000003	0.00010000000000000003	0.00010000000000000003	0.00010000000000000003
8	0.00010000000000000003	0.00010000000000000003	0.00010000000000000003	0.00010000000000000003	0.00010000000000000003	0.00010000000000000003	0.00010000000000000003	0.00010000000000000003	0.00010000000000000003	0.00010000000000000003	0.00010000000000000003	0.00010000000000000003	0.00010000000000000003	0.00010000000000000003	0.00010000000000000003	0.00010000000000000003
9	0.00010000000000000003	0.00010000000000000003	0.00010000000000000003	0.00010000000000000003	0.00010000000000000003	0.00010000000000000003	0.00010000000000000003	0.00010000000000000003	0.00010000000000000003	0.00010000000000000003	0.00010000000000000003	0.00010000000000000003	0.00010000000000000003	0.00010000000000000003	0.00010000000000000003	0.00010000000000000003
10	0.00010000000000000003	0.00010000000000000003	0.00010000000000000003	0.00010000000000000003	0.00010000000000000003	0.00010000000000000003	0.00010000000000000003	0.00010000000000000003	0.00010000000000000003	0.00010000000000000003	0.00010000000000000003	0.00010000000000000003	0.00010000000000000003	0.00010000000000000003	0.00010000000000000003	0.00010000000000000003
11	0.00010000000000000003	0.00010000000000000003	0.00010000000000000003	0.00010000000000000003	0.00010000000000000003	0.00010000000000000003	0.00010000000000000003	0.00010000000000000003	0.00010000000000000003	0.00010000000000000003	0.00010000000000000003	0.00010000000000000003	0.00010000000000000003	0.00010000000000000003	0.00010000000000000003	0.00010000000000000003
12	0.00010000000000000003	0.00010000000000000003	0.00010000000000000003	0.00010000000000000003	0.00010000000000000003	0.00010000000000000003	0.00010000000000000003	0.00010000000000000003	0.00010000000000000003	0.00010000000000000003	0.00010000000000000003	0.00010000000000000003	0.00010000000000000003	0.00010000000000000003	0.00010000000000000003	0.00010000000000000003
13	0.00010000000000000003	0.00010000000000000003	0.00010000000000000003	0.00010000000000000003	0.00010000000000000003	0.00010000000000000003	0.00010000000000000003	0.00010000000000000003	0.00010000000000000003	0.00010000000000000003	0.00010000000000000003	0.00010000000000000003	0.00010000000000000003	0.00010000000000000003	0.00010000000000000003	0.00010000000000000003
14	0.00010000000000000003	0.00010000000000000003	0.00010000000000000003	0.00010000000000000003	0.00010000000000000003	0.00010000000000000003	0.00010000000000000003	0.00010000000000000003	0.00010000000000000003	0.00010000000000000003	0.00010000000000000003	0.00010000000000000003	0.00010000000000000003	0.00010000000000000003	0.00010000000000000003	0.00010000000000000003
15	0.00010000000000000003	0.00010000000000000003	0.00010000000000000003	0.00010000000000000003	0.00010000000000000003	0.00010000000000000003	0.00010000000000000003	0.00010000000000000003	0.00010000000000000003	0.00010000000000000003	0.00010000000000000003	0.00010000000000000003	0.00010000000000000003	0.00010000000000000003	0.00010000000000000003	0.00010000000000000003
16	0.00010000000000000003	0.00010000000000000003	0.00010000000000000003	0.00010000000000000003	0.00010000000000000003	0.00010000000000000003	0.00010000000000000003	0.00010000000000000003	0.00010000000000000003	0.00010000000000000003	0.00010000000000000003	0.00010000000000000003	0.00010000000000000003	0.00010000000000000003	0.00010000000000000003	0.00010000000000000003
17	0.00010000000000000003	0.00010000000000000003	0.00010000000000000003	0.00010000000000000003	0.00010000000000000003	0.00010000000000000003	0.00010000000000000003	0.00010000000000000003	0.00010000000000000003	0.00010000000000000003	0.00010000000000000003	0.00010000000000000003	0.00010000000000000003	0.00010000000000000003	0.00010000000000000003	0.00010000000000000003
18	0.00010000000000000003	0.00010000000000000003	0.00010000000000000003	0.00010000000000000003	0.00010000000000000003	0.00010000000000000003	0.00010000000000000003	0.00010000000000000003	0.00010000000000000003	0.00010000000000000003	0.00010000000000000003	0.00010000000000000003	0.00010000000000000003	0.00010000000000000003	0.00010000000000000003	0.00010000000000000003
19	0.00010000000000000003	0.00010000000000000003	0.00010000000000000003	0.00010000000000000003	0.00010000000000000003	0.00010000000000000003	0.00010000000000000003	0.00010000000000000003	0.00010000000000000003	0.00010000000000000003	0.00010000000000000003	0.00010000000000000003	0.00010000000000000003	0.00010000000000000003	0.00010000000000000003	0.00010000000000000003
20	0.00010000000000000003	0.00010000000000000003	0.00010000000000000003	0.00010000000000000003	0.00010000000000000003	0.00010000000000000003	0.00010000000000000003	0.00010000000000000003	0.00010000000000000003	0.00010000000000000003	0.00010000000000000003	0.00010000000000000003	0.00010000000000000003	0.00010000000000000003	0.00010000000000000003	0.00010000000000000003
21	0.00010000000000000003	0.00010000000000000003	0.00010000000000000003	0.00010000000000000003	0.00010000000000000003	0.00010000000000000003	0.00010000000000000003	0.00010000000000000003	0.00010000000000000003	0.00010000000000000003	0.00010000000000000003	0.00010000000000000003	0.00010000000000000003	0.00010000000000000003	0.00010000000000000003	0.00010000000000000003
22	0.00010000000000000003	0.00010000000000000003	0.00010000000000000003	0.00010000000000000003	0.00010000000000000003	0.00010000000000000003	0.00010000000000000003	0.00010000000000000003	0.00010000000000000003	0.00010000000000000003	0.00010000000000000003	0.00010000000000000003	0.00010000000000000003	0.00010000000000000003	0.00010000000000000003	0.00010000000000000003
23	0.00010000000000000003	0.00010000000000000003	0.00010000000000000003	0.00010000000000000003	0.00010000000000000003	0.00010000000000000003	0.00010000000000000003	0.00010000000000000003	0.00010000000000000003	0.00010000000000000003	0.00010000000000000003	0.00010000000000000003	0.00010000000000000003	0.00010000000000000003	0.00010000000000000003	0.00010000000000000003
24	0.00010000000000000003	0.00010000000000000003	0.00010000000000000003	0.00010000000000000003	0.00010000000000000003	0.00010000000000000003	0.00010000000000000003	0.00010000000000000003	0.00010000000000000003	0.00010000000000000003	0.00010000000000000003	0.00010000000000000003	0.00010000000000000003	0.00010000000000000003	0.00010000000000000003	0.00010000000000000003
["TIDAL_RANGE","C5",*,*] :	1	2	3	4	5	6	7	8	9	10	11	12	13	14	15	16 := 
1	0.00010000000000000003	0.00010000000000000003	0.00010000000000000003	0.00010000000000000003	0.00010000000000000003	0.00010000000000000003	0.00010000000000000003	0.00010000000000000003	0.00010000000000000003	0.00010000000000000003	0.00010000000000000003	0.00010000000000000003	0.00010000000000000003	0.00010000000000000003	0.00010000000000000003	0.00010000000000000003
2	0.00010000000000000003	0.00010000000000000003	0.00010000000000000003	0.00010000000000000003	0.00010000000000000003	0.00010000000000000003	0.00010000000000000003	0.00010000000000000003	0.00010000000000000003	0.00010000000000000003	0.00010000000000000003	0.00010000000000000003	0.00010000000000000003	0.00010000000000000003	0.00010000000000000003	0.00010000000000000003
3	0.00010000000000000003	0.00010000000000000003	0.00010000000000000003	0.00010000000000000003	0.00010000000000000003	0.00010000000000000003	0.00010000000000000003	0.00010000000000000003	0.00010000000000000003	0.00010000000000000003	0.00010000000000000003	0.00010000000000000003	0.00010000000000000003	0.00010000000000000003	0.00010000000000000003	0.00010000000000000003
4	0.00010000000000000003	0.00010000000000000003	0.00010000000000000003	0.00010000000000000003	0.00010000000000000003	0.00010000000000000003	0.00010000000000000003	0.00010000000000000003	0.00010000000000000003	0.00010000000000000003	0.00010000000000000003	0.00010000000000000003	0.00010000000000000003	0.00010000000000000003	0.00010000000000000003	0.00010000000000000003
5	0.00010000000000000003	0.00010000000000000003	0.00010000000000000003	0.00010000000000000003	0.00010000000000000003	0.00010000000000000003	0.00010000000000000003	0.00010000000000000003	0.00010000000000000003	0.00010000000000000003	0.00010000000000000003	0.00010000000000000003	0.00010000000000000003	0.00010000000000000003	0.00010000000000000003	0.00010000000000000003
6	0.00010000000000000003	0.00010000000000000003	0.00010000000000000003	0.00010000000000000003	0.00010000000000000003	0.00010000000000000003	0.00010000000000000003	0.00010000000000000003	0.00010000000000000003	0.00010000000000000003	0.00010000000000000003	0.00010000000000000003	0.00010000000000000003	0.00010000000000000003	0.00010000000000000003	0.00010000000000000003
7	0.00010000000000000003	0.00010000000000000003	0.00010000000000000003	0.00010000000000000003	0.00010000000000000003	0.00010000000000000003	0.00010000000000000003	0.00010000000000000003	0.00010000000000000003	0.00010000000000000003	0.00010000000000000003	0.00010000000000000003	0.00010000000000000003	0.00010000000000000003	0.00010000000000000003	0.00010000000000000003
8	0.00010000000000000003	0.00010000000000000003	0.00010000000000000003	0.00010000000000000003	0.00010000000000000003	0.00010000000000000003	0.00010000000000000003	0.00010000000000000003	0.00010000000000000003	0.00010000000000000003	0.00010000000000000003	0.00010000000000000003	0.00010000000000000003	0.00010000000000000003	0.00010000000000000003	0.00010000000000000003
9	0.00010000000000000003	0.00010000000000000003	0.00010000000000000003	0.00010000000000000003	0.00010000000000000003	0.00010000000000000003	0.00010000000000000003	0.00010000000000000003	0.00010000000000000003	0.00010000000000000003	0.00010000000000000003	0.00010000000000000003	0.00010000000000000003	0.00010000000000000003	0.00010000000000000003	0.00010000000000000003
10	0.00010000000000000003	0.00010000000000000003	0.00010000000000000003	0.00010000000000000003	0.00010000000000000003	0.00010000000000000003	0.00010000000000000003	0.00010000000000000003	0.00010000000000000003	0.00010000000000000003	0.00010000000000000003	0.00010000000000000003	0.00010000000000000003	0.00010000000000000003	0.00010000000000000003	0.00010000000000000003
11	0.00010000000000000003	0.00010000000000000003	0.00010000000000000003	0.00010000000000000003	0.00010000000000000003	0.00010000000000000003	0.00010000000000000003	0.00010000000000000003	0.00010000000000000003	0.00010000000000000003	0.00010000000000000003	0.00010000000000000003	0.00010000000000000003	0.00010000000000000003	0.00010000000000000003	0.00010000000000000003
12	0.00010000000000000003	0.00010000000000000003	0.00010000000000000003	0.00010000000000000003	0.00010000000000000003	0.00010000000000000003	0.00010000000000000003	0.00010000000000000003	0.00010000000000000003	0.00010000000000000003	0.00010000000000000003	0.00010000000000000003	0.00010000000000000003	0.00010000000000000003	0.00010000000000000003	0.00010000000000000003
13	0.00010000000000000003	0.00010000000000000003	0.00010000000000000003	0.00010000000000000003	0.00010000000000000003	0.00010000000000000003	0.00010000000000000003	0.00010000000000000003	0.00010000000000000003	0.00010000000000000003	0.00010000000000000003	0.00010000000000000003	0.00010000000000000003	0.00010000000000000003	0.00010000000000000003	0.00010000000000000003
14	0.00010000000000000003	0.00010000000000000003	0.00010000000000000003	0.00010000000000000003	0.00010000000000000003	0.00010000000000000003	0.00010000000000000003	0.00010000000000000003	0.00010000000000000003	0.00010000000000000003	0.00010000000000000003	0.00010000000000000003	0.00010000000000000003	0.00010000000000000003	0.00010000000000000003	0.00010000000000000003
15	0.00010000000000000003	0.00010000000000000003	0.00010000000000000003	0.00010000000000000003	0.00010000000000000003	0.00010000000000000003	0.00010000000000000003	0.00010000000000000003	0.00010000000000000003	0.00010000000000000003	0.00010000000000000003	0.00010000000000000003	0.00010000000000000003	0.00010000000000000003	0.00010000000000000003	0.00010000000000000003
16	0.00010000000000000003	0.00010000000000000003	0.00010000000000000003	0.00010000000000000003	0.00010000000000000003	0.00010000000000000003	0.00010000000000000003	0.00010000000000000003	0.00010000000000000003	0.00010000000000000003	0.00010000000000000003	0.00010000000000000003	0.00010000000000000003	0.00010000000000000003	0.00010000000000000003	0.00010000000000000003
17	0.00010000000000000003	0.00010000000000000003	0.00010000000000000003	0.00010000000000000003	0.00010000000000000003	0.00010000000000000003	0.00010000000000000003	0.00010000000000000003	0.00010000000000000003	0.00010000000000000003	0.00010000000000000003	0.00010000000000000003	0.00010000000000000003	0.00010000000000000003	0.00010000000000000003	0.00010000000000000003
18	0.00010000000000000003	0.00010000000000000003	0.00010000000000000003	0.00010000000000000003	0.00010000000000000003	0.00010000000000000003	0.00010000000000000003	0.00010000000000000003	0.00010000000000000003	0.00010000000000000003	0.00010000000000000003	0.00010000000000000003	0.00010000000000000003	0.00010000000000000003	0.00010000000000000003	0.00010000000000000003
19	0.00010000000000000003	0.00010000000000000003	0.00010000000000000003	0.00010000000000000003	0.00010000000000000003	0.00010000000000000003	0.00010000000000000003	0.00010000000000000003	0.00010000000000000003	0.00010000000000000003	0.00010000000000000003	0.00010000000000000003	0.00010000000000000003	0.00010000000000000003	0.00010000000000000003	0.00010000000000000003
20	0.00010000000000000003	0.00010000000000000003	0.00010000000000000003	0.00010000000000000003	0.00010000000000000003	0.00010000000000000003	0.00010000000000000003	0.00010000000000000003	0.00010000000000000003	0.00010000000000000003	0.00010000000000000003	0.00010000000000000003	0.00010000000000000003	0.00010000000000000003	0.00010000000000000003	0.00010000000000000003
21	0.00010000000000000003	0.00010000000000000003	0.00010000000000000003	0.00010000000000000003	0.00010000000000000003	0.00010000000000000003	0.00010000000000000003	0.00010000000000000003	0.00010000000000000003	0.00010000000000000003	0.00010000000000000003	0.00010000000000000003	0.00010000000000000003	0.00010000000000000003	0.00010000000000000003	0.00010000000000000003
22	0.00010000000000000003	0.00010000000000000003	0.00010000000000000003	0.00010000000000000003	0.00010000000000000003	0.00010000000000000003	0.00010000000000000003	0.00010000000000000003	0.00010000000000000003	0.00010000000000000003	0.00010000000000000003	0.00010000000000000003	0.00010000000000000003	0.00010000000000000003	0.00010000000000000003	0.00010000000000000003
23	0.00010000000000000003	0.00010000000000000003	0.00010000000000000003	0.00010000000000000003	0.00010000000000000003	0.00010000000000000003	0.00010000000000000003	0.00010000000000000003	0.00010000000000000003	0.00010000000000000003	0.00010000000000000003	0.00010000000000000003	0.00010000000000000003	0.00010000000000000003	0.00010000000000000003	0.00010000000000000003
24	0.00010000000000000003	0.00010000000000000003	0.00010000000000000003	0.00010000000000000003	0.00010000000000000003	0.00010000000000000003	0.00010000000000000003	0.00010000000000000003	0.00010000000000000003	0.00010000000000000003	0.00010000000000000003	0.00010000000000000003	0.00010000000000000003	0.00010000000000000003	0.00010000000000000003	0.00010000000000000003
["DHN_SOLAR","C1",*,*] :	1	2	3	4	5	6	7	8	9	10	11	12	13	14	15	16 := 
1	0.0	0.0	0.0	0.0	0.0	0.0	0.0	0.0	0.0	0.0	0.0	0.0	0.0	0.0	0.0	0.0
2	0.0	0.0	0.0	0.0	0.0	0.0	0.0	0.0	0.0	0.0	0.0	0.0	0.0	0.0	0.0	0.0
3	0.0	0.0	0.0	0.0	0.0	0.0	0.0	0.0	0.0	0.0	0.0	0.0	0.0	0.0	0.0	0.0
4	0.0	0.0	0.0	0.0	0.0	0.0	0.0	0.0	0.0	0.0	0.0	0.0	0.0	0.0	0.0	0.0
5	0.0	0.0	0.0	0.0	0.0	0.0	0.0	0.0	0.0	0.0	0.0	0.0	0.0	0.0	0.0	0.0
6	0.0	0.0	0.0	0.0	0.0	0.0	0.0	0.0	0.0	0.0	0.0	0.0	0.0	0.0	0.0	0.0
7	0.0	0.0	0.0	0.0	0.0	0.0	0.0	0.0	0.0	0.0	0.0	0.0	0.0	0.0	0.0	0.0
8	0.0	0.0	0.0	0.0	0.0	0.0	0.0	0.0	0.0	0.0	0.0	0.0	0.0	0.0	0.0	0.0
9	0.0	0.0	0.0	0.0	0.0	0.0	0.0	0.0	0.0	0.0	0.0	0.0	0.0	0.0	0.0	0.0
10	0.0	0.0	0.0	0.0	0.0	0.0	0.0	0.0	0.0	0.0	0.0	0.0	0.0	0.0	0.0	0.0
11	0.024995186258363746	0.023462439370083715	0.023109258283503145	0.0047162956241427875	0.00966771737556345	0.003183548735862758	0.001768856806885426	0.001768856806885426	0.003419658654468154	0.007074443436214182	0.014265958040403539	0.018511017618663056	0.01980765458833769	0.023698549288689114	0.027825553907645934	0.030301756679020023
12	0.11743221939237633	0.12321002585891587	0.13040154046310523	0.04256373178526026	0.162354098989708	0.11106512192065081	0.16471224680177937	0.1706071244362941	0.2117551805012495	0.13570712709243402	0.16765968561903674	0.15197805185832836	0.1049341343675307	0.11566434637681842	0.13134499634619928	0.12792632148305869
13	0.24724446885029558	0.2986505170873279	0.29299174937141864	0.10953237503237079	0.37823628410991433	0.30537177943696153	0.42150736185966325	0.4271661295755726	0.4556990294477072	0.34109619391328555	0.38884745736857185	0.3497033842377797	0.22201317267332646	0.22661141333816653	0.28745005282348446	0.28520995997071574
14	0.38259841485614904	0.4686683505184361	0.44779918508770167	0.19796045850672928	0.557921834916586	0.49425381157331333	0.6317297954726327	0.6331444874016101	0.6622666782789307	0.5299782260496373	0.5990708747728688	0.5448344588865544	0.3511180761667571	0.32612288990839333	0.45157202482875036	0.43813146771213823
15	0.4938996466954052	0.6030788406411954	0.5717165569111062	0.27047178209310146	0.7054197010693768	0.6353845802543788	0.7883060879958012	0.7821751004426811	0.8180185536696353	0.6793630039686164	0.7655509945902061	0.6965773846176048	0.46348081884841	0.394978444921692	0.5911710304128633	0.558275999794494
16	0.546131095856229	0.6944543629328113	0.6189965843205092	0.31893039151287644	0.7837078473309611	0.7201578789469912	0.8809792310484192	0.8730793866884137	0.9154070085550685	0.7447998841187744	0.8730793866884137	0.7805242985950983	0.5364633784806655	0.43766023166625495	0.6768868011972422	0.6313766143860522
17	0.5543851050941426	0.7245200096932259	0.6296077575791668	0.3440436327305429	0.8255642331517327	0.7538783104891519	0.8946558980836368	0.8932412061546595	0.9467692922851577	0.740908989418423	0.9112800039361116	0.7984460252085754	0.5586291808810746	0.45180813474735576	0.6926864899172535	0.641869732685407
18	0.5098173903747191	0.6854939915217365	0.5703018649821289	0.3340217504770714	0.8147169499744698	0.7245200096932259	0.8563372258766361	0.8525643861355873	0.910572657971623	0.7089574146831478	0.8757916993783932	0.756943804265712	0.5216071456437485	0.4229220537886406	0.6373895469798696	0.5830350761342523
19	0.4320004801590181	0.5987167098949608	0.47291341009669563	0.3058430154828448	0.7332452549770229	0.6365641460560783	0.7301797612004628	0.756354513260526	0.8076425065382556	0.6017822036715209	0.7693238343312548	0.6548390537561359	0.45510973844252123	0.34168548491847145	0.5152410319633505	0.48423192931984177
20	0.3070225812845443	0.4574678862545926	0.36432350715609135	0.25231492935234645	0.5329266486582223	0.4797517436143044	0.5326905387396168	0.590345629489072	0.6458786823450611	0.4285808215045499	0.606734609214269	0.4793975787363963	0.3488779833139884	0.2408783551698976	0.3684505117750482	0.35996137640985665
21	0.1987858594305206	0.29664653415316466	0.2570312249764893	0.16848508654282812	0.36703483605474335	0.2905155466000445	0.3308391855325361	0.3377945902181201	0.4315292441131348	0.2648120305858646	0.39721853777446064	0.3070225812845443	0.229913017033332	0.13841943978241347	0.2345112576981721	0.24394384894645765
22	0.09679916388024727	0.1444323723762309	0.1266287007220565	0.07274644971365007	0.1578739132841706	0.11990842216375043	0.1291049034934306	0.13559005592445883	0.16105647822870583	0.0983319107685273	0.16070329714212525	0.13051959542240796	0.113895489569933	0.061309875531201194	0.11012264982888427	0.11283397872753624
23	0.017685616694871693	0.024523950212480477	0.02145845643592042	0.006838333517608785	0.00966771737556345	0.003419658654468154	0.0010615108423967603	0.0010615108423967603	0.002829383857954664	0.005069476710723359	0.012733211152123508	0.018982253664546325	0.022047747441106387	0.011672684101054272	0.022755093405595055	0.02098722039003715
24	0.0	0.0	0.0	0.0	0.0	0.0	0.0	0.0	0.0	0.0	0.0	0.0	0.0	0.0	0.0	0.0
["DHN_SOLAR","C2",*,*] :	1	2	3	4	5	6	7	8	9	10	11	12	13	14	15	16 := 
1	0.0	0.0	0.0	0.0	0.0	0.0	0.0	0.0	0.0	0.0	0.0	0.0	0.0	0.0	0.0	0.0
2	0.0	0.0	0.0	0.0	0.0	0.0	0.0	0.0	0.0	0.0	0.0	0.0	0.0	0.0	0.0	0.0
3	0.0	0.0	0.0	0.0	0.0	0.0	0.0	0.0	0.0	0.0	0.0	0.0	0.0	0.0	0.0	0.0
4	0.0	0.0	0.0	0.0	0.0	0.0	0.0	0.0	0.0	0.0	0.0	0.0	0.0	0.0	0.0	0.0
5	0.0	0.0	0.0	0.0	0.0	0.0	0.0	0.0	0.0	0.0	0.0	0.0	0.0	0.0	0.0	0.0
6	0.0	0.0	0.0	0.0	0.0	0.0	0.0	0.0	0.0	0.0	0.0	0.0	0.0	0.0	0.0	0.0
7	0.0	0.0	0.0	0.0	0.0	0.0	0.0	0.0	0.0	0.0	0.0	0.0	0.0	0.0	0.0	0.0
8	0.0	0.0	0.0	0.0	0.0	0.0	0.0	0.0	0.0	0.0	0.0	0.0	0.0	0.0	0.0	0.0
9	0.0	0.0	0.0	0.0	0.0	0.0	0.0	0.0	0.0	0.0	0.0	0.0	0.0	0.0	0.0	0.0
10	0.0	0.0	0.0	0.0	0.0	0.0	0.0	0.0	0.0	0.0	0.0	0.0	0.0	0.0	0.0	0.0
11	0.022825362170394277	0.023731727340676967	0.021010652866574997	0.005442148948203941	0.010581516518562355	0.004383403607371538	0.0034770384370888456	0.003325647748166081	0.005592550155499759	0.007860442044460384	0.016475858570280694	0.019801506318446776	0.021766616829561873	0.022219799414703218	0.026150020436933413	0.027057375088843053
12	0.1095900375924232	0.11518258774792293	0.1153339784368457	0.04867260122948216	0.1473793304071244	0.10807810966644944	0.16536711690337885	0.15826263882190536	0.2120746076217459	0.12803100667381898	0.17277338688107094	0.1507049781552905	0.12198428445155092	0.11246151327382096	0.12258885772561504	0.11684491688119251
13	0.22734230912552533	0.284479925673532	0.24563188751799836	0.12153110186640959	0.33587360137711614	0.2930953421993523	0.3948249377473151	0.3933139993029683	0.44334713776950146	0.31849038815492575	0.38122055485843215	0.3401056142955649	0.25953905178472675	0.23066696739206446	0.2601436250587909	0.253340938873536
14	0.3511403133992686	0.4441031017324883	0.37789589659189304	0.1972610781847348	0.5041121939618928	0.47055590354726723	0.5824128435470242	0.5937493345469463	0.6386431054431212	0.5069846591249175	0.575761548050692	0.5201358594286591	0.4010230506585059	0.3413147608436931	0.39830197618440394	0.38726727708070025
15	0.45876524048057665	0.5674479234210902	0.4956481681249952	0.25500425748843253	0.6267020411691347	0.6007024219394971	0.7202684132947916	0.7371984439318406	0.7854178625761814	0.670538056206104	0.7285830274060203	0.6561777093542343	0.5214954071840832	0.40918528459918485	0.5094029522211739	0.4982178519101744
16	0.5044149753397383	0.6486200486876194	0.5562618336284637	0.31849038815492575	0.6942697835467809	0.6926064649318844	0.7864766079170139	0.8207888622946262	0.8753567950574536	0.7576045235243515	0.821544826257613	0.7303967472282126	0.599493275391369	0.4444048936287069	0.5821100621691786	0.566843350147026
17	0.5148451011693779	0.6809681820357436	0.5922374066209727	0.3500825575400631	0.7169437550282525	0.7310013205022767	0.7932783046206417	0.843916016361239	0.9021123782500782	0.7715116877910799	0.8498113478945843	0.7498954721688138	0.6220158561839176	0.4513579810212576	0.5984355195321635	0.5961676276432029
18	0.4911133738287009	0.6585960024504907	0.5890631495617293	0.3425248968734483	0.7033393721393696	0.6935138195837941	0.755942194391082	0.8070340781984475	0.8573690085611992	0.7319076856725595	0.8065799061316793	0.6980486138800884	0.5827146354432428	0.41674294526579975	0.5520298207100149	0.5674479234210902
19	0.41674294526579975	0.5683552780729999	0.5074378417100588	0.2995952470067617	0.62307460152475	0.5895173216284976	0.6185398072284558	0.7022806267985372	0.7573027316281329	0.6037262777914447	0.6972926499171016	0.5662387768729621	0.49322888554711186	0.33738552930308985	0.4601257777176277	0.48098503989527985
20	0.306851115777158	0.4304987188436054	0.3952791098140834	0.23066696739206446	0.4584624591027312	0.42717307109543934	0.44773054137687296	0.5189257233989039	0.6011565940062654	0.4336729759028487	0.5189257233989039	0.40722017408806976	0.37033724644365124	0.24019072805142136	0.32846634191779706	0.35975671940671583
21	0.20300501902915732	0.2732938358809055	0.2572711598957662	0.14435646403680386	0.2811542779253659	0.22885324756987213	0.27616630104393025	0.30654932388093936	0.3921048527548401	0.253340938873536	0.3240829383104255	0.2643756379772397	0.23323665117724368	0.1493444409182395	0.20769120401437438	0.23384221393293475
22	0.09885713038493807	0.125309932199717	0.11593855171090982	0.06167241084430096	0.11956599135529448	0.08449777301469523	0.09900852107386082	0.1076249270813081	0.15478560038481648	0.09326458022943832	0.1289383613257286	0.11518258774792293	0.10596160846641157	0.06923007151091581	0.09417193488134794	0.10505524329612889
23	0.015569493399998002	0.019196933044382667	0.01723182253326757	0.0057439408444225236	0.006348514118486634	0.0021165012000378598	0.0007559639629868748	0.0007559639629868748	0.001965110511115096	0.004081611711152957	0.009371380488807188	0.014813529437011128	0.017836395807331682	0.012092454962909156	0.017987786496254446	0.017383213222190334
24	0.0	0.0	0.0	0.0	0.0	0.0	0.0	0.0	0.0	0.0	0.0	0.0	0.0	0.0	0.0	0.0
["DHN_SOLAR","C3",*,*] :	1	2	3	4	5	6	7	8	9	10	11	12	13	14	15	16 := 
1	0.0	0.0	0.0	0.0	0.0	0.0	0.0	0.0	0.0	0.0	0.0	0.0	0.0	0.0	0.0	0.0
2	0.0	0.0	0.0	0.0	0.0	0.0	0.0	0.0	0.0	0.0	0.0	0.0	0.0	0.0	0.0	0.0
3	0.0	0.0	0.0	0.0	0.0	0.0	0.0	0.0	0.0	0.0	0.0	0.0	0.0	0.0	0.0	0.0
4	0.0	0.0	0.0	0.0	0.0	0.0	0.0	0.0	0.0	0.0	0.0	0.0	0.0	0.0	0.0	0.0
5	0.0	0.0	0.0	0.0	0.0	0.0	0.0	0.0	0.0	0.0	0.0	0.0	0.0	0.0	0.0	0.0
6	0.0	0.0	0.0	0.0	0.0	0.0	0.0	0.0	0.0	0.0	0.0	0.0	0.0	0.0	0.0	0.0
7	0.0	0.0	0.0	0.0	0.0	0.0	0.0	0.0	0.0	0.0	0.0	0.0	0.0	0.0	0.0	0.0
8	0.0	0.0	0.0	0.0	0.0	0.0	0.0	0.0	0.0	0.0	0.0	0.0	0.0	0.0	0.0	0.0
9	0.0	0.0	0.0	0.0	0.0	0.0	0.0	0.0	0.0	0.0	0.0	0.0	0.0	0.0	0.0	0.0
10	0.0	0.0	0.0	0.0	0.0	0.0	0.0	0.0	0.0	0.0	0.0	0.0	0.0	0.0	0.0	0.0
11	0.012535457789246444	0.012535457789246444	0.012535457789246444	0.00482163374437892	0.0028931777331620387	0.0009647217219451577	0.0	0.0	0.0009647217219451577	0.0028931777331620387	0.006750089755595801	0.011571723499974722	0.005785368033650643	0.018321813255570522	0.019285547544842248	0.019285547544842248
12	0.09739344687882982	0.10221508062320875	0.10992890466807627	0.07617845589009725	0.11282208240123831	0.11667899442367208	0.1263222619124299	0.14753626546848903	0.1832151702576849	0.13403608595729744	0.1485009871904342	0.1378929979797312	0.057857630067200176	0.11860745043488895	0.11378581669051004	0.10800044865685939
13	0.23142953283612727	0.25360825811413157	0.27289380565897375	0.19478689375765965	0.30953743217011487	0.333644613459336	0.3770373422933994	0.40596615732699953	0.4368234283718165	0.36160870677099094	0.37607262057145424	0.3346083477486077	0.1735719027689271	0.24203653461415683	0.2738585273809189	0.2651799816141063
14	0.3548586170153951	0.41657315910502907	0.4030729795938375	0.27289380565897375	0.4985379704614504	0.5245736077618884	0.59400197389639	0.6248592449412069	0.6557165159860239	0.5641094245735182	0.596895151629552	0.5216804300287264	0.29410879664770634	0.3442516152373656	0.44068034039425025	0.4300733386162207
15	0.4667159776946883	0.5573593348179223	0.4975732487395052	0.31917971222619923	0.7425029610868241	0.6701814172191606	0.77818186587602	0.7772171441540748	0.8235030507213003	0.7270743255644156	0.7695033201092073	0.687538508752786	0.40596615732699953	0.40500143560505436	0.5776096040847096	0.568931058317897
16	0.5621809685623012	0.6634313274635648	0.5506092450623266	0.34714479297052764	0.8572534994992793	0.7675748640979905	0.8784675030553384	0.8765390470441216	0.9315034993781597	0.7907173236652664	0.8842538585216625	0.7839672339096707	0.4426087964054671	0.44068034039425025	0.6508958696743183	0.6508958696743183
17	0.621002332918773	0.7068240562976282	0.5949666956183352	0.32689452370374017	0.9016109500552878	0.8003605911540244	0.8987177723221258	0.9054678620777217	0.9739324939229513	0.8225393164320286	0.9286113090776711	0.8148245049544877	0.45321579818349667	0.41367998137186707	0.6547527816967521	0.6740383292415945
18	0.6113600528626888	0.7010386882639775	0.5776096040847096	0.3085727104481697	0.873646856743633	0.7723964978423694	0.8697889572885257	0.873646856743633	0.9469321349005682	0.7955389574096454	0.896789316310909	0.783003499620399	0.4107877910713784	0.36160870677099094	0.6065384191183097	0.6287171443963141
19	0.5457876113179475	0.630645600407531	0.49468105843901666	0.2603583478697274	0.77818186587602	0.6933238767864366	0.7453961388199861	0.7733602321316411	0.8524318657549004	0.7097172340307902	0.7897535893759947	0.7039318659971396	0.34714479297052764	0.30278734241451905	0.5216804300287264	0.5506092450623266
20	0.4281448826050038	0.50914497223948	0.39439443382702477	0.19767908405814827	0.5592877908291392	0.5477170547618379	0.5284305197843222	0.5544661570847602	0.6962170545195987	0.5563956005286506	0.6316093346968027	0.5515739667842717	0.266143715903378	0.2237147213585863	0.40982306934943324	0.4281448826050038
21	0.2748222616701907	0.33750152548176976	0.29507253093697805	0.12246436245732271	0.40692989161627124	0.3471438055378542	0.3558233387373403	0.36546561879342465	0.48793096868342084	0.3105011664593865	0.4194663368381911	0.36546561879342465	0.17742980222403426	0.1485009871904342	0.2748222616701907	0.2844655291589485
22	0.1350008076792426	0.17260816847965535	0.15717953295724688	0.06460771982279598	0.18996526001328073	0.144643087735327	0.14753626546848903	0.1735719027689271	0.22853635510296524	0.1311429082241354	0.20925080755812298	0.15428635522408485	0.09450026914566778	0.07424999987888038	0.144643087735327	0.14078617571289326
23	0.030857271044816968	0.03567890478919589	0.03278572705603385	0.00964326748875784	0.019285547544842248	0.008678545766812682	0.005785368033650643	0.005785368033650643	0.010607001778029564	0.012535457789246444	0.023143446999949444	0.02796409331165493	0.022178725278004283	0.017357091533625364	0.03471418306725073	0.03375044877797901
24	0.0	0.0	0.0	0.0	0.0	0.0	0.0	0.0	0.0	0.0	0.0	0.0	0.0	0.0	0.0	0.0
["DHN_SOLAR","C4",*,*] :	1	2	3	4	5	6	7	8	9	10	11	12	13	14	15	16 := 
1	0.0	0.0	0.0	0.0	0.0	0.0	0.0	0.0	0.0	0.0	0.0	0.0	0.0	0.0	0.0	0.0
2	0.0	0.0	0.0	0.0	0.0	0.0	0.0	0.0	0.0	0.0	0.0	0.0	0.0	0.0	0.0	0.0
3	0.0	0.0	0.0	0.0	0.0	0.0	0.0	0.0	0.0	0.0	0.0	0.0	0.0	0.0	0.0	0.0
4	0.0	0.0	0.0	0.0	0.0	0.0	0.0	0.0	0.0	0.0	0.0	0.0	0.0	0.0	0.0	0.0
5	0.0	0.0	0.0	0.0	0.0	0.0	0.0	0.0	0.0	0.0	0.0	0.0	0.0	0.0	0.0	0.0
6	0.0	0.0	0.0	0.0	0.0	0.0	0.0	0.0	0.0	0.0	0.0	0.0	0.0	0.0	0.0	0.0
7	0.0	0.0	0.0	0.0	0.0	0.0	0.0	0.0	0.0	0.0	0.0	0.0	0.0	0.0	0.0	0.0
8	0.0	0.0	0.0	0.0	0.0	0.0	0.0	0.0	0.0	0.0	0.0	0.0	0.0	0.0	0.0	0.0
9	0.0	0.0	0.0	0.0	0.0	0.0	0.0	0.0	0.0	0.0	0.0	0.0	0.0	0.0	0.0	0.0
10	0.0	0.0	0.0	0.0	0.0	0.0	0.0	0.0	0.0	0.0	0.0	0.0	0.0	0.0	0.0	0.0
11	0.0295077316206193	0.03184912648421321	0.02341891342572622	0.007962529860542657	0.01077260088003832	0.007025177548739157	0.004683782685145244	0.004683782685145244	0.007962529860542657	0.01077260088003832	0.01920380689648273	0.02014016625032881	0.022950237269824474	0.02341891342572622	0.02857137226677322	0.03138144328626888
12	0.12271470916762245	0.14098116375230166	0.11334714379733196	0.067446669257683	0.12271470916762245	0.12130967365787461	0.15877993513903657	0.15596887116158348	0.22247918106542042	0.1264611395409642	0.1718939308826688	0.1391074520866521	0.11428350315117804	0.10678964944653713	0.1297398867163616	0.12833485120661378
13	0.2547969837055354	0.31568615861242355	0.23887192398445006	0.15222244078824174	0.2819623275046033	0.3011661344010861	0.37610665736341	0.384536870421897	0.4608824288939687	0.3058499170862313	0.37797937607110216	0.29882374657953475	0.22622561143876216	0.21732672222437344	0.2739997976440607	0.26416454907582587
14	0.39015800541884577	0.4702499942642592	0.357371526622829	0.2590120902347789	0.42388084356870853	0.4510461873677765	0.5648620073210102	0.6079524108411635	0.6636891269070047	0.48570637782944276	0.5686094306523093	0.4711863536181053	0.3629916686618203	0.32318001231706445	0.41779202537381543	0.3924994002824396
15	0.495542619355635	0.5892172801005825	0.47259138912785315	0.3690804868567134	0.5447218410706813	0.5451905172265832	0.6974119650568675	0.7592384922755592	0.8131014966757508	0.6360551069520349	0.7166157719533501	0.6327763597766376	0.48336399000789143	0.4013982894968284	0.5259867103301004	0.48992148435868627
16	0.5465955527363309	0.6744617277870429	0.5316068523690917	0.4515148635236782	0.609826122506813	0.6004585571365225	0.7573647806099095	0.8149752083414004	0.9006873392258051	0.7194258429728458	0.8018602196398107	0.7227045901482433	0.5480005882460788	0.45854004107241736	0.5943697389416295	0.5409744177393823
17	0.5447218410706813	0.6810192221378378	0.5494056237558266	0.4805539189883958	0.6590053442218594	0.6337137120884411	0.7592384922755592	0.8458879754717674	0.9222335339438392	0.7072482065830596	0.817785279360896	0.7358195788498328	0.5920273511200782	0.4721237059299088	0.6056110159775695	0.533949240190643
18	0.5095939674110708	0.6327763597766376	0.5035041562582203	0.465566211579114	0.6477640671859194	0.5981161693149711	0.6974119650568675	0.8210640265362934	0.8819532014431816	0.6777404749624404	0.7657949936683965	0.6983493173686709	0.5615832601456128	0.44402100981903736	0.5672034021846041	0.48758008949509235
19	0.43184337342925116	0.5358229518562926	0.44355233366313557	0.3953094713019353	0.5606469007917667	0.49179519602433586	0.5999898809806209	0.7362872620477772	0.7756312351945889	0.5939010627857277	0.6580689848680134	0.5892172801005825	0.48008623579045145	0.39156304092859356	0.46416117606936613	0.41825970857175976
20	0.3049125647744278	0.3765743405613543	0.3306738660217054	0.29835606338159043	0.4074871076917214	0.3344202963950471	0.4299696617636016	0.5826597857497876	0.6060786991755138	0.4693136349104131	0.49320023153408366	0.41872838472766155	0.3550291388012777	0.2955459923620948	0.32552140718065836	0.3152174824565218
21	0.19578152046429678	0.23793556463060397	0.22388421657516824	0.19531284430839504	0.24683445384499272	0.16861518370727138	0.25385963139373185	0.32411637167091056	0.37751169287315783	0.2866461101897486	0.29788738722568864	0.2646322322737702	0.22060546939977083	0.16533643653187396	0.20046530314944203	0.2056167690325316
22	0.08945955421570398	0.10725832560243888	0.10304321907319539	0.08009198884541349	0.0843080883326144	0.052457968890443775	0.08945955421570398	0.11287846764143021	0.1273984918527677	0.09367565370290488	0.11849960263837896	0.10632097329063538	0.09414333690084924	0.070724423475123	0.08524444768646049	0.09742208407624664
23	0.012646312545687903	0.014051348055435734	0.012646312545687903	0.005152458841046995	0.0028100710194956633	0.0004686761559017501	0.0	0.0	0.0004686761559017501	0.0023413948635939126	0.006088818194893077	0.011708960233884402	0.014520024211337485	0.010303924724136571	0.013582671899533985	0.015925059721085315
24	0.0	0.0	0.0	0.0	0.0	0.0	0.0	0.0	0.0	0.0	0.0	0.0	0.0	0.0	0.0	0.0
["DHN_SOLAR","C5",*,*] :	1	2	3	4	5	6	7	8	9	10	11	12	13	14	15	16 := 
1	0.0	0.0	0.0	0.0	0.0	0.0	0.0	0.0	0.0	0.0	0.0	0.0	0.0	0.0	0.0	0.0
2	0.0	0.0	0.0	0.0	0.0	0.0	0.0	0.0	0.0	0.0	0.0	0.0	0.0	0.0	0.0	0.0
3	0.0	0.0	0.0	0.0	0.0	0.0	0.0	0.0	0.0	0.0	0.0	0.0	0.0	0.0	0.0	0.0
4	0.0	0.0	0.0	0.0	0.0	0.0	0.0	0.0	0.0	0.0	0.0	0.0	0.0	0.0	0.0	0.0
5	0.0	0.0	0.0	0.0	0.0	0.0	0.0	0.0	0.0	0.0	0.0	0.0	0.0	0.0	0.0	0.0
6	0.0	0.0	0.0	0.0	0.0	0.0	0.0	0.0	0.0	0.0	0.0	0.0	0.0	0.0	0.0	0.0
7	0.0	0.0	0.0	0.0	0.0	0.0	0.0	0.0	0.0	0.0	0.0	0.0	0.0	0.0	0.0	0.0
8	0.0	0.0	0.0	0.0	0.0	0.0	0.0	0.0	0.0	0.0	0.0	0.0	0.0	0.0	0.0	0.0
9	0.0	0.0	0.0	0.0	0.0	0.0	0.0	0.0	0.0	0.0	0.0	0.0	0.0	0.0	0.0	0.0
10	0.0	0.0	0.0	0.0	0.0	0.0	0.0	0.0	0.0	0.0	0.0	0.0	0.0	0.0	0.0	0.0
11	0.018283297877309715	0.0173216952376004	0.0173216952376004	0.005773568983742885	0.005773568983742885	0.000962590926081063	0.0	0.0	0.000962590926081063	0.004811966344033568	0.00962294440169539	0.013472319819647895	0.00962294440169539	0.022132673295262223	0.023095264221343285	0.023095264221343285
12	0.1068159676311021	0.11451373018063536	0.1212498900904593	0.06447481460636803	0.14530774523788365	0.09430623873753526	0.15108131422162654	0.15781747413145047	0.1982344335903942	0.14049676718022183	0.16647881589343655	0.1481945297297551	0.0856448969755492	0.12702444736057394	0.11643891203279748	0.11547632110671642
13	0.24057558661512823	0.2800309434343626	0.289653887836058	0.1655162249673555	0.37529878481160717	0.2713696016723765	0.41186636885259836	0.4195641314021316	0.44939555553329885	0.36278905591804034	0.39454467361499795	0.3493167360983925	0.22325487966389956	0.2492369283771143	0.2809925460740719	0.27233219259845765
14	0.380109762869269	0.44650877104142744	0.4282254731641177	0.26174665727068114	0.5889297317874397	0.44843395289358956	0.628385088606674	0.6351202602301262	0.663027490795503	0.5667970584921774	0.6072140179511212	0.5302294744511863	0.35893968050008784	0.3483541451723114	0.45228332831154205	0.4291880640901988
15	0.5157945637054573	0.5812319692379063	0.5408150097789627	0.3117865611313202	0.7592579230988287	0.5764200028938727	0.7948629162137388	0.7919761317218674	0.8275811248367775	0.719803554565966	0.7785038119022194	0.6909347213608799	0.4667172507708992	0.4282254731641177	0.6081766088772022	0.5590983076562724
16	0.5870055382216492	0.6832359705249749	0.6043272334592497	0.3329576317868731	0.8583751398940258	0.6755372196890699	0.8930185303692266	0.8737726415658359	0.9324728989020892	0.7813905963940909	0.889169154951274	0.7765796183364291	0.506171619303762	0.451320737385461	0.6986324839104132	0.6418564201399501
17	0.6004778580412972	0.719803554565966	0.6428190110660311	0.31467334562319166	0.901678883844841	0.7438614097133904	0.8978295084268885	0.8997546902790505	0.9709646765088707	0.8131472023774202	0.9295861144102178	0.8006374734838535	0.5379282252870913	0.45901948822136596	0.7101806101642706	0.6716878442711173
18	0.5619860804345156	0.7063312347463182	0.6004778580412972	0.29446486589371984	0.8689606752218023	0.7361626588774854	0.8670364816560119	0.8631871062380594	0.9401716497379943	0.7775422092625102	0.8987920993529694	0.7679182765744431	0.4811521615166282	0.4128289597786794	0.6399322265741598	0.6370454420822883
19	0.47537859253288534	0.6389696356480786	0.4946244813362761	0.2848419214920244	0.7775422092625102	0.6851601640907653	0.7582953321727477	0.7688808675005241	0.8410534446564253	0.6890095395087178	0.7929387226479484	0.6764998106151509	0.4041676180166933	0.3060129921475774	0.5263800990332337	0.5388908162131724
20	0.31563593654927274	0.508096801155924	0.35893968050008784	0.22999103957372355	0.5802693783118252	0.5754574119677917	0.6052888360989589	0.5898923227135207	0.6822733795988938	0.5167571546315383	0.6331960666643358	0.5273426899593148	0.30023843487746266	0.21555612882799458	0.39069529819704546	0.41379056241838874
21	0.22421648230360888	0.3060129921475774	0.23961398397541891	0.15685587149174116	0.3935820826889169	0.34739155424623036	0.3291082563689206	0.3060129921475774	0.4715292171149328	0.27906835250828155	0.4253386886722462	0.34258057618856846	0.18476211377074628	0.1347222099101072	0.27233219259845765	0.27810576158220046
22	0.11643891203279748	0.15781747413145047	0.12317507194262142	0.07698454349993486	0.18668729562290842	0.161666849549403	0.1347222099101072	0.13568480083618825	0.2136319352622042	0.12317507194262142	0.17417657844296983	0.14049676718022183	0.09045686331958276	0.06543641724607734	0.13568480083618825	0.1376099826883504
23	0.024057855147424347	0.030794015057248294	0.02886883320508617	0.00962294440169539	0.016359104311519334	0.006736159909823947	0.0028867844918714423	0.0028867844918714423	0.006736159909823947	0.008660353475614327	0.018283297877309715	0.024057855147424347	0.01924588880339078	0.014434910745728956	0.03368079954911973	0.02790723056537685
24	0.0	0.0	0.0	0.0	0.0	0.0	0.0	0.0	0.0	0.0	0.0	0.0	0.0	0.0	0.0	0.0
["DEC_SOLAR","C1",*,*] :	1	2	3	4	5	6	7	8	9	10	11	12	13	14	15	16 := 
1	0.0	0.0	0.0	0.0	0.0	0.0	0.0	0.0	0.0	0.0	0.0	0.0	0.0	0.0	0.0	0.0
2	0.0	0.0	0.0	0.0	0.0	0.0	0.0	0.0	0.0	0.0	0.0	0.0	0.0	0.0	0.0	0.0
3	0.0	0.0	0.0	0.0	0.0	0.0	0.0	0.0	0.0	0.0	0.0	0.0	0.0	0.0	0.0	0.0
4	0.0	0.0	0.0	0.0	0.0	0.0	0.0	0.0	0.0	0.0	0.0	0.0	0.0	0.0	0.0	0.0
5	0.0	0.0	0.0	0.0	0.0	0.0	0.0	0.0	0.0	0.0	0.0	0.0	0.0	0.0	0.0	0.0
6	0.0	0.0	0.0	0.0	0.0	0.0	0.0	0.0	0.0	0.0	0.0	0.0	0.0	0.0	0.0	0.0
7	0.0	0.0	0.0	0.0	0.0	0.0	0.0	0.0	0.0	0.0	0.0	0.0	0.0	0.0	0.0	0.0
8	0.0	0.0	0.0	0.0	0.0	0.0	0.0	0.0	0.0	0.0	0.0	0.0	0.0	0.0	0.0	0.0
9	0.0	0.0	0.0	0.0	0.0	0.0	0.0	0.0	0.0	0.0	0.0	0.0	0.0	0.0	0.0	0.0
10	0.0	0.0	0.0	0.0	0.0	0.0	0.0	0.0	0.0	0.0	0.0	0.0	0.0	0.0	0.0	0.0
11	0.024995186258363746	0.023462439370083715	0.023109258283503145	0.0047162956241427875	0.00966771737556345	0.003183548735862758	0.001768856806885426	0.001768856806885426	0.003419658654468154	0.007074443436214182	0.014265958040403539	0.018511017618663056	0.01980765458833769	0.023698549288689114	0.027825553907645934	0.030301756679020023
12	0.11743221939237633	0.12321002585891587	0.13040154046310523	0.04256373178526026	0.162354098989708	0.11106512192065081	0.16471224680177937	0.1706071244362941	0.2117551805012495	0.13570712709243402	0.16765968561903674	0.15197805185832836	0.1049341343675307	0.11566434637681842	0.13134499634619928	0.12792632148305869
13	0.24724446885029558	0.2986505170873279	0.29299174937141864	0.10953237503237079	0.37823628410991433	0.30537177943696153	0.42150736185966325	0.4271661295755726	0.4556990294477072	0.34109619391328555	0.38884745736857185	0.3497033842377797	0.22201317267332646	0.22661141333816653	0.28745005282348446	0.28520995997071574
14	0.38259841485614904	0.4686683505184361	0.44779918508770167	0.19796045850672928	0.557921834916586	0.49425381157331333	0.6317297954726327	0.6331444874016101	0.6622666782789307	0.5299782260496373	0.5990708747728688	0.5448344588865544	0.3511180761667571	0.32612288990839333	0.45157202482875036	0.43813146771213823
15	0.4938996466954052	0.6030788406411954	0.5717165569111062	0.27047178209310146	0.7054197010693768	0.6353845802543788	0.7883060879958012	0.7821751004426811	0.8180185536696353	0.6793630039686164	0.7655509945902061	0.6965773846176048	0.46348081884841	0.394978444921692	0.5911710304128633	0.558275999794494
16	0.546131095856229	0.6944543629328113	0.6189965843205092	0.31893039151287644	0.7837078473309611	0.7201578789469912	0.8809792310484192	0.8730793866884137	0.9154070085550685	0.7447998841187744	0.8730793866884137	0.7805242985950983	0.5364633784806655	0.43766023166625495	0.6768868011972422	0.6313766143860522
17	0.5543851050941426	0.7245200096932259	0.6296077575791668	0.3440436327305429	0.8255642331517327	0.7538783104891519	0.8946558980836368	0.8932412061546595	0.9467692922851577	0.740908989418423	0.9112800039361116	0.7984460252085754	0.5586291808810746	0.45180813474735576	0.6926864899172535	0.641869732685407
18	0.5098173903747191	0.6854939915217365	0.5703018649821289	0.3340217504770714	0.8147169499744698	0.7245200096932259	0.8563372258766361	0.8525643861355873	0.910572657971623	0.7089574146831478	0.8757916993783932	0.756943804265712	0.5216071456437485	0.4229220537886406	0.6373895469798696	0.5830350761342523
19	0.4320004801590181	0.5987167098949608	0.47291341009669563	0.3058430154828448	0.7332452549770229	0.6365641460560783	0.7301797612004628	0.756354513260526	0.8076425065382556	0.6017822036715209	0.7693238343312548	0.6548390537561359	0.45510973844252123	0.34168548491847145	0.5152410319633505	0.48423192931984177
20	0.3070225812845443	0.4574678862545926	0.36432350715609135	0.25231492935234645	0.5329266486582223	0.4797517436143044	0.5326905387396168	0.590345629489072	0.6458786823450611	0.4285808215045499	0.606734609214269	0.4793975787363963	0.3488779833139884	0.2408783551698976	0.3684505117750482	0.35996137640985665
21	0.1987858594305206	0.29664653415316466	0.2570312249764893	0.16848508654282812	0.36703483605474335	0.2905155466000445	0.3308391855325361	0.3377945902181201	0.4315292441131348	0.2648120305858646	0.39721853777446064	0.3070225812845443	0.229913017033332	0.13841943978241347	0.2345112576981721	0.24394384894645765
22	0.09679916388024727	0.1444323723762309	0.1266287007220565	0.07274644971365007	0.1578739132841706	0.11990842216375043	0.1291049034934306	0.13559005592445883	0.16105647822870583	0.0983319107685273	0.16070329714212525	0.13051959542240796	0.113895489569933	0.061309875531201194	0.11012264982888427	0.11283397872753624
23	0.017685616694871693	0.024523950212480477	0.02145845643592042	0.006838333517608785	0.00966771737556345	0.003419658654468154	0.0010615108423967603	0.0010615108423967603	0.002829383857954664	0.005069476710723359	0.012733211152123508	0.018982253664546325	0.022047747441106387	0.011672684101054272	0.022755093405595055	0.02098722039003715
24	0.0	0.0	0.0	0.0	0.0	0.0	0.0	0.0	0.0	0.0	0.0	0.0	0.0	0.0	0.0	0.0
["DEC_SOLAR","C2",*,*] :	1	2	3	4	5	6	7	8	9	10	11	12	13	14	15	16 := 
1	0.0	0.0	0.0	0.0	0.0	0.0	0.0	0.0	0.0	0.0	0.0	0.0	0.0	0.0	0.0	0.0
2	0.0	0.0	0.0	0.0	0.0	0.0	0.0	0.0	0.0	0.0	0.0	0.0	0.0	0.0	0.0	0.0
3	0.0	0.0	0.0	0.0	0.0	0.0	0.0	0.0	0.0	0.0	0.0	0.0	0.0	0.0	0.0	0.0
4	0.0	0.0	0.0	0.0	0.0	0.0	0.0	0.0	0.0	0.0	0.0	0.0	0.0	0.0	0.0	0.0
5	0.0	0.0	0.0	0.0	0.0	0.0	0.0	0.0	0.0	0.0	0.0	0.0	0.0	0.0	0.0	0.0
6	0.0	0.0	0.0	0.0	0.0	0.0	0.0	0.0	0.0	0.0	0.0	0.0	0.0	0.0	0.0	0.0
7	0.0	0.0	0.0	0.0	0.0	0.0	0.0	0.0	0.0	0.0	0.0	0.0	0.0	0.0	0.0	0.0
8	0.0	0.0	0.0	0.0	0.0	0.0	0.0	0.0	0.0	0.0	0.0	0.0	0.0	0.0	0.0	0.0
9	0.0	0.0	0.0	0.0	0.0	0.0	0.0	0.0	0.0	0.0	0.0	0.0	0.0	0.0	0.0	0.0
10	0.0	0.0	0.0	0.0	0.0	0.0	0.0	0.0	0.0	0.0	0.0	0.0	0.0	0.0	0.0	0.0
11	0.022825362170394277	0.023731727340676967	0.021010652866574997	0.005442148948203941	0.010581516518562355	0.004383403607371538	0.0034770384370888456	0.003325647748166081	0.005592550155499759	0.007860442044460384	0.016475858570280694	0.019801506318446776	0.021766616829561873	0.022219799414703218	0.026150020436933413	0.027057375088843053
12	0.1095900375924232	0.11518258774792293	0.1153339784368457	0.04867260122948216	0.1473793304071244	0.10807810966644944	0.16536711690337885	0.15826263882190536	0.2120746076217459	0.12803100667381898	0.17277338688107094	0.1507049781552905	0.12198428445155092	0.11246151327382096	0.12258885772561504	0.11684491688119251
13	0.22734230912552533	0.284479925673532	0.24563188751799836	0.12153110186640959	0.33587360137711614	0.2930953421993523	0.3948249377473151	0.3933139993029683	0.44334713776950146	0.31849038815492575	0.38122055485843215	0.3401056142955649	0.25953905178472675	0.23066696739206446	0.2601436250587909	0.253340938873536
14	0.3511403133992686	0.4441031017324883	0.37789589659189304	0.1972610781847348	0.5041121939618928	0.47055590354726723	0.5824128435470242	0.5937493345469463	0.6386431054431212	0.5069846591249175	0.575761548050692	0.5201358594286591	0.4010230506585059	0.3413147608436931	0.39830197618440394	0.38726727708070025
15	0.45876524048057665	0.5674479234210902	0.4956481681249952	0.25500425748843253	0.6267020411691347	0.6007024219394971	0.7202684132947916	0.7371984439318406	0.7854178625761814	0.670538056206104	0.7285830274060203	0.6561777093542343	0.5214954071840832	0.40918528459918485	0.5094029522211739	0.4982178519101744
16	0.5044149753397383	0.6486200486876194	0.5562618336284637	0.31849038815492575	0.6942697835467809	0.6926064649318844	0.7864766079170139	0.8207888622946262	0.8753567950574536	0.7576045235243515	0.821544826257613	0.7303967472282126	0.599493275391369	0.4444048936287069	0.5821100621691786	0.566843350147026
17	0.5148451011693779	0.6809681820357436	0.5922374066209727	0.3500825575400631	0.7169437550282525	0.7310013205022767	0.7932783046206417	0.843916016361239	0.9021123782500782	0.7715116877910799	0.8498113478945843	0.7498954721688138	0.6220158561839176	0.4513579810212576	0.5984355195321635	0.5961676276432029
18	0.4911133738287009	0.6585960024504907	0.5890631495617293	0.3425248968734483	0.7033393721393696	0.6935138195837941	0.755942194391082	0.8070340781984475	0.8573690085611992	0.7319076856725595	0.8065799061316793	0.6980486138800884	0.5827146354432428	0.41674294526579975	0.5520298207100149	0.5674479234210902
19	0.41674294526579975	0.5683552780729999	0.5074378417100588	0.2995952470067617	0.62307460152475	0.5895173216284976	0.6185398072284558	0.7022806267985372	0.7573027316281329	0.6037262777914447	0.6972926499171016	0.5662387768729621	0.49322888554711186	0.33738552930308985	0.4601257777176277	0.48098503989527985
20	0.306851115777158	0.4304987188436054	0.3952791098140834	0.23066696739206446	0.4584624591027312	0.42717307109543934	0.44773054137687296	0.5189257233989039	0.6011565940062654	0.4336729759028487	0.5189257233989039	0.40722017408806976	0.37033724644365124	0.24019072805142136	0.32846634191779706	0.35975671940671583
21	0.20300501902915732	0.2732938358809055	0.2572711598957662	0.14435646403680386	0.2811542779253659	0.22885324756987213	0.27616630104393025	0.30654932388093936	0.3921048527548401	0.253340938873536	0.3240829383104255	0.2643756379772397	0.23323665117724368	0.1493444409182395	0.20769120401437438	0.23384221393293475
22	0.09885713038493807	0.125309932199717	0.11593855171090982	0.06167241084430096	0.11956599135529448	0.08449777301469523	0.09900852107386082	0.1076249270813081	0.15478560038481648	0.09326458022943832	0.1289383613257286	0.11518258774792293	0.10596160846641157	0.06923007151091581	0.09417193488134794	0.10505524329612889
23	0.015569493399998002	0.019196933044382667	0.01723182253326757	0.0057439408444225236	0.006348514118486634	0.0021165012000378598	0.0007559639629868748	0.0007559639629868748	0.001965110511115096	0.004081611711152957	0.009371380488807188	0.014813529437011128	0.017836395807331682	0.012092454962909156	0.017987786496254446	0.017383213222190334
24	0.0	0.0	0.0	0.0	0.0	0.0	0.0	0.0	0.0	0.0	0.0	0.0	0.0	0.0	0.0	0.0
["DEC_SOLAR","C3",*,*] :	1	2	3	4	5	6	7	8	9	10	11	12	13	14	15	16 := 
1	0.0	0.0	0.0	0.0	0.0	0.0	0.0	0.0	0.0	0.0	0.0	0.0	0.0	0.0	0.0	0.0
2	0.0	0.0	0.0	0.0	0.0	0.0	0.0	0.0	0.0	0.0	0.0	0.0	0.0	0.0	0.0	0.0
3	0.0	0.0	0.0	0.0	0.0	0.0	0.0	0.0	0.0	0.0	0.0	0.0	0.0	0.0	0.0	0.0
4	0.0	0.0	0.0	0.0	0.0	0.0	0.0	0.0	0.0	0.0	0.0	0.0	0.0	0.0	0.0	0.0
5	0.0	0.0	0.0	0.0	0.0	0.0	0.0	0.0	0.0	0.0	0.0	0.0	0.0	0.0	0.0	0.0
6	0.0	0.0	0.0	0.0	0.0	0.0	0.0	0.0	0.0	0.0	0.0	0.0	0.0	0.0	0.0	0.0
7	0.0	0.0	0.0	0.0	0.0	0.0	0.0	0.0	0.0	0.0	0.0	0.0	0.0	0.0	0.0	0.0
8	0.0	0.0	0.0	0.0	0.0	0.0	0.0	0.0	0.0	0.0	0.0	0.0	0.0	0.0	0.0	0.0
9	0.0	0.0	0.0	0.0	0.0	0.0	0.0	0.0	0.0	0.0	0.0	0.0	0.0	0.0	0.0	0.0
10	0.0	0.0	0.0	0.0	0.0	0.0	0.0	0.0	0.0	0.0	0.0	0.0	0.0	0.0	0.0	0.0
11	0.012535457789246444	0.012535457789246444	0.012535457789246444	0.00482163374437892	0.0028931777331620387	0.0009647217219451577	0.0	0.0	0.0009647217219451577	0.0028931777331620387	0.006750089755595801	0.011571723499974722	0.005785368033650643	0.018321813255570522	0.019285547544842248	0.019285547544842248
12	0.09739344687882982	0.10221508062320875	0.10992890466807627	0.07617845589009725	0.11282208240123831	0.11667899442367208	0.1263222619124299	0.14753626546848903	0.1832151702576849	0.13403608595729744	0.1485009871904342	0.1378929979797312	0.057857630067200176	0.11860745043488895	0.11378581669051004	0.10800044865685939
13	0.23142953283612727	0.25360825811413157	0.27289380565897375	0.19478689375765965	0.30953743217011487	0.333644613459336	0.3770373422933994	0.40596615732699953	0.4368234283718165	0.36160870677099094	0.37607262057145424	0.3346083477486077	0.1735719027689271	0.24203653461415683	0.2738585273809189	0.2651799816141063
14	0.3548586170153951	0.41657315910502907	0.4030729795938375	0.27289380565897375	0.4985379704614504	0.5245736077618884	0.59400197389639	0.6248592449412069	0.6557165159860239	0.5641094245735182	0.596895151629552	0.5216804300287264	0.29410879664770634	0.3442516152373656	0.44068034039425025	0.4300733386162207
15	0.4667159776946883	0.5573593348179223	0.4975732487395052	0.31917971222619923	0.7425029610868241	0.6701814172191606	0.77818186587602	0.7772171441540748	0.8235030507213003	0.7270743255644156	0.7695033201092073	0.687538508752786	0.40596615732699953	0.40500143560505436	0.5776096040847096	0.568931058317897
16	0.5621809685623012	0.6634313274635648	0.5506092450623266	0.34714479297052764	0.8572534994992793	0.7675748640979905	0.8784675030553384	0.8765390470441216	0.9315034993781597	0.7907173236652664	0.8842538585216625	0.7839672339096707	0.4426087964054671	0.44068034039425025	0.6508958696743183	0.6508958696743183
17	0.621002332918773	0.7068240562976282	0.5949666956183352	0.32689452370374017	0.9016109500552878	0.8003605911540244	0.8987177723221258	0.9054678620777217	0.9739324939229513	0.8225393164320286	0.9286113090776711	0.8148245049544877	0.45321579818349667	0.41367998137186707	0.6547527816967521	0.6740383292415945
18	0.6113600528626888	0.7010386882639775	0.5776096040847096	0.3085727104481697	0.873646856743633	0.7723964978423694	0.8697889572885257	0.873646856743633	0.9469321349005682	0.7955389574096454	0.896789316310909	0.783003499620399	0.4107877910713784	0.36160870677099094	0.6065384191183097	0.6287171443963141
19	0.5457876113179475	0.630645600407531	0.49468105843901666	0.2603583478697274	0.77818186587602	0.6933238767864366	0.7453961388199861	0.7733602321316411	0.8524318657549004	0.7097172340307902	0.7897535893759947	0.7039318659971396	0.34714479297052764	0.30278734241451905	0.5216804300287264	0.5506092450623266
20	0.4281448826050038	0.50914497223948	0.39439443382702477	0.19767908405814827	0.5592877908291392	0.5477170547618379	0.5284305197843222	0.5544661570847602	0.6962170545195987	0.5563956005286506	0.6316093346968027	0.5515739667842717	0.266143715903378	0.2237147213585863	0.40982306934943324	0.4281448826050038
21	0.2748222616701907	0.33750152548176976	0.29507253093697805	0.12246436245732271	0.40692989161627124	0.3471438055378542	0.3558233387373403	0.36546561879342465	0.48793096868342084	0.3105011664593865	0.4194663368381911	0.36546561879342465	0.17742980222403426	0.1485009871904342	0.2748222616701907	0.2844655291589485
22	0.1350008076792426	0.17260816847965535	0.15717953295724688	0.06460771982279598	0.18996526001328073	0.144643087735327	0.14753626546848903	0.1735719027689271	0.22853635510296524	0.1311429082241354	0.20925080755812298	0.15428635522408485	0.09450026914566778	0.07424999987888038	0.144643087735327	0.14078617571289326
23	0.030857271044816968	0.03567890478919589	0.03278572705603385	0.00964326748875784	0.019285547544842248	0.008678545766812682	0.005785368033650643	0.005785368033650643	0.010607001778029564	0.012535457789246444	0.023143446999949444	0.02796409331165493	0.022178725278004283	0.017357091533625364	0.03471418306725073	0.03375044877797901
24	0.0	0.0	0.0	0.0	0.0	0.0	0.0	0.0	0.0	0.0	0.0	0.0	0.0	0.0	0.0	0.0
["DEC_SOLAR","C4",*,*] :	1	2	3	4	5	6	7	8	9	10	11	12	13	14	15	16 := 
1	0.0	0.0	0.0	0.0	0.0	0.0	0.0	0.0	0.0	0.0	0.0	0.0	0.0	0.0	0.0	0.0
2	0.0	0.0	0.0	0.0	0.0	0.0	0.0	0.0	0.0	0.0	0.0	0.0	0.0	0.0	0.0	0.0
3	0.0	0.0	0.0	0.0	0.0	0.0	0.0	0.0	0.0	0.0	0.0	0.0	0.0	0.0	0.0	0.0
4	0.0	0.0	0.0	0.0	0.0	0.0	0.0	0.0	0.0	0.0	0.0	0.0	0.0	0.0	0.0	0.0
5	0.0	0.0	0.0	0.0	0.0	0.0	0.0	0.0	0.0	0.0	0.0	0.0	0.0	0.0	0.0	0.0
6	0.0	0.0	0.0	0.0	0.0	0.0	0.0	0.0	0.0	0.0	0.0	0.0	0.0	0.0	0.0	0.0
7	0.0	0.0	0.0	0.0	0.0	0.0	0.0	0.0	0.0	0.0	0.0	0.0	0.0	0.0	0.0	0.0
8	0.0	0.0	0.0	0.0	0.0	0.0	0.0	0.0	0.0	0.0	0.0	0.0	0.0	0.0	0.0	0.0
9	0.0	0.0	0.0	0.0	0.0	0.0	0.0	0.0	0.0	0.0	0.0	0.0	0.0	0.0	0.0	0.0
10	0.0	0.0	0.0	0.0	0.0	0.0	0.0	0.0	0.0	0.0	0.0	0.0	0.0	0.0	0.0	0.0
11	0.0295077316206193	0.03184912648421321	0.02341891342572622	0.007962529860542657	0.01077260088003832	0.007025177548739157	0.004683782685145244	0.004683782685145244	0.007962529860542657	0.01077260088003832	0.01920380689648273	0.02014016625032881	0.022950237269824474	0.02341891342572622	0.02857137226677322	0.03138144328626888
12	0.12271470916762245	0.14098116375230166	0.11334714379733196	0.067446669257683	0.12271470916762245	0.12130967365787461	0.15877993513903657	0.15596887116158348	0.22247918106542042	0.1264611395409642	0.1718939308826688	0.1391074520866521	0.11428350315117804	0.10678964944653713	0.1297398867163616	0.12833485120661378
13	0.2547969837055354	0.31568615861242355	0.23887192398445006	0.15222244078824174	0.2819623275046033	0.3011661344010861	0.37610665736341	0.384536870421897	0.4608824288939687	0.3058499170862313	0.37797937607110216	0.29882374657953475	0.22622561143876216	0.21732672222437344	0.2739997976440607	0.26416454907582587
14	0.39015800541884577	0.4702499942642592	0.357371526622829	0.2590120902347789	0.42388084356870853	0.4510461873677765	0.5648620073210102	0.6079524108411635	0.6636891269070047	0.48570637782944276	0.5686094306523093	0.4711863536181053	0.3629916686618203	0.32318001231706445	0.41779202537381543	0.3924994002824396
15	0.495542619355635	0.5892172801005825	0.47259138912785315	0.3690804868567134	0.5447218410706813	0.5451905172265832	0.6974119650568675	0.7592384922755592	0.8131014966757508	0.6360551069520349	0.7166157719533501	0.6327763597766376	0.48336399000789143	0.4013982894968284	0.5259867103301004	0.48992148435868627
16	0.5465955527363309	0.6744617277870429	0.5316068523690917	0.4515148635236782	0.609826122506813	0.6004585571365225	0.7573647806099095	0.8149752083414004	0.9006873392258051	0.7194258429728458	0.8018602196398107	0.7227045901482433	0.5480005882460788	0.45854004107241736	0.5943697389416295	0.5409744177393823
17	0.5447218410706813	0.6810192221378378	0.5494056237558266	0.4805539189883958	0.6590053442218594	0.6337137120884411	0.7592384922755592	0.8458879754717674	0.9222335339438392	0.7072482065830596	0.817785279360896	0.7358195788498328	0.5920273511200782	0.4721237059299088	0.6056110159775695	0.533949240190643
18	0.5095939674110708	0.6327763597766376	0.5035041562582203	0.465566211579114	0.6477640671859194	0.5981161693149711	0.6974119650568675	0.8210640265362934	0.8819532014431816	0.6777404749624404	0.7657949936683965	0.6983493173686709	0.5615832601456128	0.44402100981903736	0.5672034021846041	0.48758008949509235
19	0.43184337342925116	0.5358229518562926	0.44355233366313557	0.3953094713019353	0.5606469007917667	0.49179519602433586	0.5999898809806209	0.7362872620477772	0.7756312351945889	0.5939010627857277	0.6580689848680134	0.5892172801005825	0.48008623579045145	0.39156304092859356	0.46416117606936613	0.41825970857175976
20	0.3049125647744278	0.3765743405613543	0.3306738660217054	0.29835606338159043	0.4074871076917214	0.3344202963950471	0.4299696617636016	0.5826597857497876	0.6060786991755138	0.4693136349104131	0.49320023153408366	0.41872838472766155	0.3550291388012777	0.2955459923620948	0.32552140718065836	0.3152174824565218
21	0.19578152046429678	0.23793556463060397	0.22388421657516824	0.19531284430839504	0.24683445384499272	0.16861518370727138	0.25385963139373185	0.32411637167091056	0.37751169287315783	0.2866461101897486	0.29788738722568864	0.2646322322737702	0.22060546939977083	0.16533643653187396	0.20046530314944203	0.2056167690325316
22	0.08945955421570398	0.10725832560243888	0.10304321907319539	0.08009198884541349	0.0843080883326144	0.052457968890443775	0.08945955421570398	0.11287846764143021	0.1273984918527677	0.09367565370290488	0.11849960263837896	0.10632097329063538	0.09414333690084924	0.070724423475123	0.08524444768646049	0.09742208407624664
23	0.012646312545687903	0.014051348055435734	0.012646312545687903	0.005152458841046995	0.0028100710194956633	0.0004686761559017501	0.0	0.0	0.0004686761559017501	0.0023413948635939126	0.006088818194893077	0.011708960233884402	0.014520024211337485	0.010303924724136571	0.013582671899533985	0.015925059721085315
24	0.0	0.0	0.0	0.0	0.0	0.0	0.0	0.0	0.0	0.0	0.0	0.0	0.0	0.0	0.0	0.0
["DEC_SOLAR","C5",*,*] :	1	2	3	4	5	6	7	8	9	10	11	12	13	14	15	16 := 
1	0.0	0.0	0.0	0.0	0.0	0.0	0.0	0.0	0.0	0.0	0.0	0.0	0.0	0.0	0.0	0.0
2	0.0	0.0	0.0	0.0	0.0	0.0	0.0	0.0	0.0	0.0	0.0	0.0	0.0	0.0	0.0	0.0
3	0.0	0.0	0.0	0.0	0.0	0.0	0.0	0.0	0.0	0.0	0.0	0.0	0.0	0.0	0.0	0.0
4	0.0	0.0	0.0	0.0	0.0	0.0	0.0	0.0	0.0	0.0	0.0	0.0	0.0	0.0	0.0	0.0
5	0.0	0.0	0.0	0.0	0.0	0.0	0.0	0.0	0.0	0.0	0.0	0.0	0.0	0.0	0.0	0.0
6	0.0	0.0	0.0	0.0	0.0	0.0	0.0	0.0	0.0	0.0	0.0	0.0	0.0	0.0	0.0	0.0
7	0.0	0.0	0.0	0.0	0.0	0.0	0.0	0.0	0.0	0.0	0.0	0.0	0.0	0.0	0.0	0.0
8	0.0	0.0	0.0	0.0	0.0	0.0	0.0	0.0	0.0	0.0	0.0	0.0	0.0	0.0	0.0	0.0
9	0.0	0.0	0.0	0.0	0.0	0.0	0.0	0.0	0.0	0.0	0.0	0.0	0.0	0.0	0.0	0.0
10	0.0	0.0	0.0	0.0	0.0	0.0	0.0	0.0	0.0	0.0	0.0	0.0	0.0	0.0	0.0	0.0
11	0.018283297877309715	0.0173216952376004	0.0173216952376004	0.005773568983742885	0.005773568983742885	0.000962590926081063	0.0	0.0	0.000962590926081063	0.004811966344033568	0.00962294440169539	0.013472319819647895	0.00962294440169539	0.022132673295262223	0.023095264221343285	0.023095264221343285
12	0.1068159676311021	0.11451373018063536	0.1212498900904593	0.06447481460636803	0.14530774523788365	0.09430623873753526	0.15108131422162654	0.15781747413145047	0.1982344335903942	0.14049676718022183	0.16647881589343655	0.1481945297297551	0.0856448969755492	0.12702444736057394	0.11643891203279748	0.11547632110671642
13	0.24057558661512823	0.2800309434343626	0.289653887836058	0.1655162249673555	0.37529878481160717	0.2713696016723765	0.41186636885259836	0.4195641314021316	0.44939555553329885	0.36278905591804034	0.39454467361499795	0.3493167360983925	0.22325487966389956	0.2492369283771143	0.2809925460740719	0.27233219259845765
14	0.380109762869269	0.44650877104142744	0.4282254731641177	0.26174665727068114	0.5889297317874397	0.44843395289358956	0.628385088606674	0.6351202602301262	0.663027490795503	0.5667970584921774	0.6072140179511212	0.5302294744511863	0.35893968050008784	0.3483541451723114	0.45228332831154205	0.4291880640901988
15	0.5157945637054573	0.5812319692379063	0.5408150097789627	0.3117865611313202	0.7592579230988287	0.5764200028938727	0.7948629162137388	0.7919761317218674	0.8275811248367775	0.719803554565966	0.7785038119022194	0.6909347213608799	0.4667172507708992	0.4282254731641177	0.6081766088772022	0.5590983076562724
16	0.5870055382216492	0.6832359705249749	0.6043272334592497	0.3329576317868731	0.8583751398940258	0.6755372196890699	0.8930185303692266	0.8737726415658359	0.9324728989020892	0.7813905963940909	0.889169154951274	0.7765796183364291	0.506171619303762	0.451320737385461	0.6986324839104132	0.6418564201399501
17	0.6004778580412972	0.719803554565966	0.6428190110660311	0.31467334562319166	0.901678883844841	0.7438614097133904	0.8978295084268885	0.8997546902790505	0.9709646765088707	0.8131472023774202	0.9295861144102178	0.8006374734838535	0.5379282252870913	0.45901948822136596	0.7101806101642706	0.6716878442711173
18	0.5619860804345156	0.7063312347463182	0.6004778580412972	0.29446486589371984	0.8689606752218023	0.7361626588774854	0.8670364816560119	0.8631871062380594	0.9401716497379943	0.7775422092625102	0.8987920993529694	0.7679182765744431	0.4811521615166282	0.4128289597786794	0.6399322265741598	0.6370454420822883
19	0.47537859253288534	0.6389696356480786	0.4946244813362761	0.2848419214920244	0.7775422092625102	0.6851601640907653	0.7582953321727477	0.7688808675005241	0.8410534446564253	0.6890095395087178	0.7929387226479484	0.6764998106151509	0.4041676180166933	0.3060129921475774	0.5263800990332337	0.5388908162131724
20	0.31563593654927274	0.508096801155924	0.35893968050008784	0.22999103957372355	0.5802693783118252	0.5754574119677917	0.6052888360989589	0.5898923227135207	0.6822733795988938	0.5167571546315383	0.6331960666643358	0.5273426899593148	0.30023843487746266	0.21555612882799458	0.39069529819704546	0.41379056241838874
21	0.22421648230360888	0.3060129921475774	0.23961398397541891	0.15685587149174116	0.3935820826889169	0.34739155424623036	0.3291082563689206	0.3060129921475774	0.4715292171149328	0.27906835250828155	0.4253386886722462	0.34258057618856846	0.18476211377074628	0.1347222099101072	0.27233219259845765	0.27810576158220046
22	0.11643891203279748	0.15781747413145047	0.12317507194262142	0.07698454349993486	0.18668729562290842	0.161666849549403	0.1347222099101072	0.13568480083618825	0.2136319352622042	0.12317507194262142	0.17417657844296983	0.14049676718022183	0.09045686331958276	0.06543641724607734	0.13568480083618825	0.1376099826883504
23	0.024057855147424347	0.030794015057248294	0.02886883320508617	0.00962294440169539	0.016359104311519334	0.006736159909823947	0.0028867844918714423	0.0028867844918714423	0.006736159909823947	0.008660353475614327	0.018283297877309715	0.024057855147424347	0.01924588880339078	0.014434910745728956	0.03368079954911973	0.02790723056537685
24	0.0	0.0	0.0	0.0	0.0	0.0	0.0	0.0	0.0	0.0	0.0	0.0	0.0	0.0	0.0	0.0
["PT_COLLECTOR","C1",*,*] :	1	2	3	4	5	6	7	8	9	10	11	12	13	14	15	16 := 
1	0.00010000000000000003	0.00010000000000000003	0.00010000000000000003	0.00010000000000000003	0.00010000000000000003	0.00010000000000000003	0.00010000000000000003	0.00010000000000000003	0.00010000000000000003	0.00010000000000000003	0.00010000000000000003	0.00010000000000000003	0.00010000000000000003	0.00010000000000000003	0.00010000000000000003	0.00010000000000000003
2	0.00010000000000000003	0.00010000000000000003	0.00010000000000000003	0.00010000000000000003	0.00010000000000000003	0.00010000000000000003	0.00010000000000000003	0.00010000000000000003	0.00010000000000000003	0.00010000000000000003	0.00010000000000000003	0.00010000000000000003	0.00010000000000000003	0.00010000000000000003	0.00010000000000000003	0.00010000000000000003
3	0.00010000000000000003	0.00010000000000000003	0.00010000000000000003	0.00010000000000000003	0.00010000000000000003	0.00010000000000000003	0.00010000000000000003	0.00010000000000000003	0.00010000000000000003	0.00010000000000000003	0.00010000000000000003	0.00010000000000000003	0.00010000000000000003	0.00010000000000000003	0.00010000000000000003	0.00010000000000000003
4	0.00010000000000000003	0.00010000000000000003	0.00010000000000000003	0.00010000000000000003	0.00010000000000000003	0.00010000000000000003	0.00010000000000000003	0.00010000000000000003	0.00010000000000000003	0.00010000000000000003	0.00010000000000000003	0.00010000000000000003	0.00010000000000000003	0.00010000000000000003	0.00010000000000000003	0.00010000000000000003
5	0.00010000000000000003	0.00010000000000000003	0.00010000000000000003	0.00010000000000000003	0.00010000000000000003	0.00010000000000000003	0.00010000000000000003	0.00010000000000000003	0.00010000000000000003	0.00010000000000000003	0.00010000000000000003	0.00010000000000000003	0.00010000000000000003	0.00010000000000000003	0.00010000000000000003	0.00010000000000000003
6	0.00010000000000000003	0.00010000000000000003	0.00010000000000000003	0.00010000000000000003	0.00010000000000000003	0.00010000000000000003	0.00010000000000000003	0.00010000000000000003	0.00010000000000000003	0.00010000000000000003	0.00010000000000000003	0.00010000000000000003	0.00010000000000000003	0.00010000000000000003	0.00010000000000000003	0.00010000000000000003
7	0.00010000000000000003	0.00010000000000000003	0.00010000000000000003	0.00010000000000000003	0.00010000000000000003	0.00010000000000000003	0.00010000000000000003	0.00010000000000000003	0.00010000000000000003	0.00010000000000000003	0.00010000000000000003	0.00010000000000000003	0.00010000000000000003	0.00010000000000000003	0.00010000000000000003	0.00010000000000000003
8	0.00010000000000000003	0.00010000000000000003	0.00010000000000000003	0.00010000000000000003	0.00010000000000000003	0.00010000000000000003	0.00010000000000000003	0.00010000000000000003	0.00010000000000000003	0.00010000000000000003	0.00010000000000000003	0.00010000000000000003	0.00010000000000000003	0.00010000000000000003	0.00010000000000000003	0.00010000000000000003
9	0.00010000000000000003	0.00010000000000000003	0.00010000000000000003	0.00010000000000000003	0.00010000000000000003	0.00010000000000000003	0.00010000000000000003	0.00010000000000000003	0.00010000000000000003	0.00010000000000000003	0.00010000000000000003	0.00010000000000000003	0.00010000000000000003	0.00010000000000000003	0.00010000000000000003	0.00010000000000000003
10	0.00010000000000000003	0.00010000000000000003	0.00010000000000000003	0.00010000000000000003	0.00010000000000000003	0.00010000000000000003	0.00010000000000000003	0.00010000000000000003	0.00010000000000000003	0.00010000000000000003	0.00010000000000000003	0.00010000000000000003	0.00010000000000000003	0.00010000000000000003	0.00010000000000000003	0.00010000000000000003
11	0.00010000000000000003	0.00010000000000000003	0.00010000000000000003	0.00010000000000000003	0.00010000000000000003	0.00010000000000000003	0.00010000000000000003	0.00010000000000000003	0.00010000000000000003	0.00010000000000000003	0.00010000000000000003	0.00010000000000000003	0.00010000000000000003	0.00010000000000000003	0.00010000000000000003	0.00010000000000000003
12	0.00010000000000000003	0.00010000000000000003	0.00010000000000000003	0.00010000000000000003	0.00010000000000000003	0.00010000000000000003	0.00010000000000000003	0.00010000000000000003	0.00010000000000000003	0.00010000000000000003	0.00010000000000000003	0.00010000000000000003	0.00010000000000000003	0.00010000000000000003	0.00010000000000000003	0.00010000000000000003
13	0.00010000000000000003	0.00010000000000000003	0.00010000000000000003	0.00010000000000000003	0.00010000000000000003	0.00010000000000000003	0.00010000000000000003	0.00010000000000000003	0.00010000000000000003	0.00010000000000000003	0.00010000000000000003	0.00010000000000000003	0.00010000000000000003	0.00010000000000000003	0.00010000000000000003	0.00010000000000000003
14	0.00010000000000000003	0.00010000000000000003	0.00010000000000000003	0.00010000000000000003	0.00010000000000000003	0.00010000000000000003	0.00010000000000000003	0.00010000000000000003	0.00010000000000000003	0.00010000000000000003	0.00010000000000000003	0.00010000000000000003	0.00010000000000000003	0.00010000000000000003	0.00010000000000000003	0.00010000000000000003
15	0.00010000000000000003	0.00010000000000000003	0.00010000000000000003	0.00010000000000000003	0.00010000000000000003	0.00010000000000000003	0.00010000000000000003	0.00010000000000000003	0.00010000000000000003	0.00010000000000000003	0.00010000000000000003	0.00010000000000000003	0.00010000000000000003	0.00010000000000000003	0.00010000000000000003	0.00010000000000000003
16	0.00010000000000000003	0.00010000000000000003	0.00010000000000000003	0.00010000000000000003	0.00010000000000000003	0.00010000000000000003	0.00010000000000000003	0.00010000000000000003	0.00010000000000000003	0.00010000000000000003	0.00010000000000000003	0.00010000000000000003	0.00010000000000000003	0.00010000000000000003	0.00010000000000000003	0.00010000000000000003
17	0.00010000000000000003	0.00010000000000000003	0.00010000000000000003	0.00010000000000000003	0.00010000000000000003	0.00010000000000000003	0.00010000000000000003	0.00010000000000000003	0.00010000000000000003	0.00010000000000000003	0.00010000000000000003	0.00010000000000000003	0.00010000000000000003	0.00010000000000000003	0.00010000000000000003	0.00010000000000000003
18	0.00010000000000000003	0.00010000000000000003	0.00010000000000000003	0.00010000000000000003	0.00010000000000000003	0.00010000000000000003	0.00010000000000000003	0.00010000000000000003	0.00010000000000000003	0.00010000000000000003	0.00010000000000000003	0.00010000000000000003	0.00010000000000000003	0.00010000000000000003	0.00010000000000000003	0.00010000000000000003
19	0.00010000000000000003	0.00010000000000000003	0.00010000000000000003	0.00010000000000000003	0.00010000000000000003	0.00010000000000000003	0.00010000000000000003	0.00010000000000000003	0.00010000000000000003	0.00010000000000000003	0.00010000000000000003	0.00010000000000000003	0.00010000000000000003	0.00010000000000000003	0.00010000000000000003	0.00010000000000000003
20	0.00010000000000000003	0.00010000000000000003	0.00010000000000000003	0.00010000000000000003	0.00010000000000000003	0.00010000000000000003	0.00010000000000000003	0.00010000000000000003	0.00010000000000000003	0.00010000000000000003	0.00010000000000000003	0.00010000000000000003	0.00010000000000000003	0.00010000000000000003	0.00010000000000000003	0.00010000000000000003
21	0.00010000000000000003	0.00010000000000000003	0.00010000000000000003	0.00010000000000000003	0.00010000000000000003	0.00010000000000000003	0.00010000000000000003	0.00010000000000000003	0.00010000000000000003	0.00010000000000000003	0.00010000000000000003	0.00010000000000000003	0.00010000000000000003	0.00010000000000000003	0.00010000000000000003	0.00010000000000000003
22	0.00010000000000000003	0.00010000000000000003	0.00010000000000000003	0.00010000000000000003	0.00010000000000000003	0.00010000000000000003	0.00010000000000000003	0.00010000000000000003	0.00010000000000000003	0.00010000000000000003	0.00010000000000000003	0.00010000000000000003	0.00010000000000000003	0.00010000000000000003	0.00010000000000000003	0.00010000000000000003
23	0.00010000000000000003	0.00010000000000000003	0.00010000000000000003	0.00010000000000000003	0.00010000000000000003	0.00010000000000000003	0.00010000000000000003	0.00010000000000000003	0.00010000000000000003	0.00010000000000000003	0.00010000000000000003	0.00010000000000000003	0.00010000000000000003	0.00010000000000000003	0.00010000000000000003	0.00010000000000000003
24	0.00010000000000000003	0.00010000000000000003	0.00010000000000000003	0.00010000000000000003	0.00010000000000000003	0.00010000000000000003	0.00010000000000000003	0.00010000000000000003	0.00010000000000000003	0.00010000000000000003	0.00010000000000000003	0.00010000000000000003	0.00010000000000000003	0.00010000000000000003	0.00010000000000000003	0.00010000000000000003
["PT_COLLECTOR","C2",*,*] :	1	2	3	4	5	6	7	8	9	10	11	12	13	14	15	16 := 
1	0.00010000000000000003	0.00010000000000000003	0.00010000000000000003	0.00010000000000000003	0.00010000000000000003	0.00010000000000000003	0.00010000000000000003	0.00010000000000000003	0.00010000000000000003	0.00010000000000000003	0.00010000000000000003	0.00010000000000000003	0.00010000000000000003	0.00010000000000000003	0.00010000000000000003	0.00010000000000000003
2	0.00010000000000000003	0.00010000000000000003	0.00010000000000000003	0.00010000000000000003	0.00010000000000000003	0.00010000000000000003	0.00010000000000000003	0.00010000000000000003	0.00010000000000000003	0.00010000000000000003	0.00010000000000000003	0.00010000000000000003	0.00010000000000000003	0.00010000000000000003	0.00010000000000000003	0.00010000000000000003
3	0.00010000000000000003	0.00010000000000000003	0.00010000000000000003	0.00010000000000000003	0.00010000000000000003	0.00010000000000000003	0.00010000000000000003	0.00010000000000000003	0.00010000000000000003	0.00010000000000000003	0.00010000000000000003	0.00010000000000000003	0.00010000000000000003	0.00010000000000000003	0.00010000000000000003	0.00010000000000000003
4	0.00010000000000000003	0.00010000000000000003	0.00010000000000000003	0.00010000000000000003	0.00010000000000000003	0.00010000000000000003	0.00010000000000000003	0.00010000000000000003	0.00010000000000000003	0.00010000000000000003	0.00010000000000000003	0.00010000000000000003	0.00010000000000000003	0.00010000000000000003	0.00010000000000000003	0.00010000000000000003
5	0.00010000000000000003	0.00010000000000000003	0.00010000000000000003	0.00010000000000000003	0.00010000000000000003	0.00010000000000000003	0.00010000000000000003	0.00010000000000000003	0.00010000000000000003	0.00010000000000000003	0.00010000000000000003	0.00010000000000000003	0.00010000000000000003	0.00010000000000000003	0.00010000000000000003	0.00010000000000000003
6	0.00010000000000000003	0.00010000000000000003	0.00010000000000000003	0.00010000000000000003	0.00010000000000000003	0.00010000000000000003	0.00010000000000000003	0.00010000000000000003	0.00010000000000000003	0.00010000000000000003	0.00010000000000000003	0.00010000000000000003	0.00010000000000000003	0.00010000000000000003	0.00010000000000000003	0.00010000000000000003
7	0.00010000000000000003	0.00010000000000000003	0.00010000000000000003	0.00010000000000000003	0.00010000000000000003	0.00010000000000000003	0.00010000000000000003	0.00010000000000000003	0.00010000000000000003	0.00010000000000000003	0.00010000000000000003	0.00010000000000000003	0.00010000000000000003	0.00010000000000000003	0.00010000000000000003	0.00010000000000000003
8	0.00010000000000000003	0.00010000000000000003	0.00010000000000000003	0.00010000000000000003	0.00010000000000000003	0.00010000000000000003	0.00010000000000000003	0.00010000000000000003	0.00010000000000000003	0.00010000000000000003	0.00010000000000000003	0.00010000000000000003	0.00010000000000000003	0.00010000000000000003	0.00010000000000000003	0.00010000000000000003
9	0.00010000000000000003	0.00010000000000000003	0.00010000000000000003	0.00010000000000000003	0.00010000000000000003	0.00010000000000000003	0.00010000000000000003	0.00010000000000000003	0.00010000000000000003	0.00010000000000000003	0.00010000000000000003	0.00010000000000000003	0.00010000000000000003	0.00010000000000000003	0.00010000000000000003	0.00010000000000000003
10	0.00010000000000000003	0.00010000000000000003	0.00010000000000000003	0.00010000000000000003	0.00010000000000000003	0.00010000000000000003	0.00010000000000000003	0.00010000000000000003	0.00010000000000000003	0.00010000000000000003	0.00010000000000000003	0.00010000000000000003	0.00010000000000000003	0.00010000000000000003	0.00010000000000000003	0.00010000000000000003
11	0.00010000000000000003	0.00010000000000000003	0.00010000000000000003	0.00010000000000000003	0.00010000000000000003	0.00010000000000000003	0.00010000000000000003	0.00010000000000000003	0.00010000000000000003	0.00010000000000000003	0.00010000000000000003	0.00010000000000000003	0.00010000000000000003	0.00010000000000000003	0.00010000000000000003	0.00010000000000000003
12	0.00010000000000000003	0.00010000000000000003	0.00010000000000000003	0.00010000000000000003	0.00010000000000000003	0.00010000000000000003	0.00010000000000000003	0.00010000000000000003	0.00010000000000000003	0.00010000000000000003	0.00010000000000000003	0.00010000000000000003	0.00010000000000000003	0.00010000000000000003	0.00010000000000000003	0.00010000000000000003
13	0.00010000000000000003	0.00010000000000000003	0.00010000000000000003	0.00010000000000000003	0.00010000000000000003	0.00010000000000000003	0.00010000000000000003	0.00010000000000000003	0.00010000000000000003	0.00010000000000000003	0.00010000000000000003	0.00010000000000000003	0.00010000000000000003	0.00010000000000000003	0.00010000000000000003	0.00010000000000000003
14	0.00010000000000000003	0.00010000000000000003	0.00010000000000000003	0.00010000000000000003	0.00010000000000000003	0.00010000000000000003	0.00010000000000000003	0.00010000000000000003	0.00010000000000000003	0.00010000000000000003	0.00010000000000000003	0.00010000000000000003	0.00010000000000000003	0.00010000000000000003	0.00010000000000000003	0.00010000000000000003
15	0.00010000000000000003	0.00010000000000000003	0.00010000000000000003	0.00010000000000000003	0.00010000000000000003	0.00010000000000000003	0.00010000000000000003	0.00010000000000000003	0.00010000000000000003	0.00010000000000000003	0.00010000000000000003	0.00010000000000000003	0.00010000000000000003	0.00010000000000000003	0.00010000000000000003	0.00010000000000000003
16	0.00010000000000000003	0.00010000000000000003	0.00010000000000000003	0.00010000000000000003	0.00010000000000000003	0.00010000000000000003	0.00010000000000000003	0.00010000000000000003	0.00010000000000000003	0.00010000000000000003	0.00010000000000000003	0.00010000000000000003	0.00010000000000000003	0.00010000000000000003	0.00010000000000000003	0.00010000000000000003
17	0.00010000000000000003	0.00010000000000000003	0.00010000000000000003	0.00010000000000000003	0.00010000000000000003	0.00010000000000000003	0.00010000000000000003	0.00010000000000000003	0.00010000000000000003	0.00010000000000000003	0.00010000000000000003	0.00010000000000000003	0.00010000000000000003	0.00010000000000000003	0.00010000000000000003	0.00010000000000000003
18	0.00010000000000000003	0.00010000000000000003	0.00010000000000000003	0.00010000000000000003	0.00010000000000000003	0.00010000000000000003	0.00010000000000000003	0.00010000000000000003	0.00010000000000000003	0.00010000000000000003	0.00010000000000000003	0.00010000000000000003	0.00010000000000000003	0.00010000000000000003	0.00010000000000000003	0.00010000000000000003
19	0.00010000000000000003	0.00010000000000000003	0.00010000000000000003	0.00010000000000000003	0.00010000000000000003	0.00010000000000000003	0.00010000000000000003	0.00010000000000000003	0.00010000000000000003	0.00010000000000000003	0.00010000000000000003	0.00010000000000000003	0.00010000000000000003	0.00010000000000000003	0.00010000000000000003	0.00010000000000000003
20	0.00010000000000000003	0.00010000000000000003	0.00010000000000000003	0.00010000000000000003	0.00010000000000000003	0.00010000000000000003	0.00010000000000000003	0.00010000000000000003	0.00010000000000000003	0.00010000000000000003	0.00010000000000000003	0.00010000000000000003	0.00010000000000000003	0.00010000000000000003	0.00010000000000000003	0.00010000000000000003
21	0.00010000000000000003	0.00010000000000000003	0.00010000000000000003	0.00010000000000000003	0.00010000000000000003	0.00010000000000000003	0.00010000000000000003	0.00010000000000000003	0.00010000000000000003	0.00010000000000000003	0.00010000000000000003	0.00010000000000000003	0.00010000000000000003	0.00010000000000000003	0.00010000000000000003	0.00010000000000000003
22	0.00010000000000000003	0.00010000000000000003	0.00010000000000000003	0.00010000000000000003	0.00010000000000000003	0.00010000000000000003	0.00010000000000000003	0.00010000000000000003	0.00010000000000000003	0.00010000000000000003	0.00010000000000000003	0.00010000000000000003	0.00010000000000000003	0.00010000000000000003	0.00010000000000000003	0.00010000000000000003
23	0.00010000000000000003	0.00010000000000000003	0.00010000000000000003	0.00010000000000000003	0.00010000000000000003	0.00010000000000000003	0.00010000000000000003	0.00010000000000000003	0.00010000000000000003	0.00010000000000000003	0.00010000000000000003	0.00010000000000000003	0.00010000000000000003	0.00010000000000000003	0.00010000000000000003	0.00010000000000000003
24	0.00010000000000000003	0.00010000000000000003	0.00010000000000000003	0.00010000000000000003	0.00010000000000000003	0.00010000000000000003	0.00010000000000000003	0.00010000000000000003	0.00010000000000000003	0.00010000000000000003	0.00010000000000000003	0.00010000000000000003	0.00010000000000000003	0.00010000000000000003	0.00010000000000000003	0.00010000000000000003
["PT_COLLECTOR","C3",*,*] :	1	2	3	4	5	6	7	8	9	10	11	12	13	14	15	16 := 
1	0.00010000000000000003	0.00010000000000000003	0.00010000000000000003	0.00010000000000000003	0.00010000000000000003	0.00010000000000000003	0.00010000000000000003	0.00010000000000000003	0.00010000000000000003	0.00010000000000000003	0.00010000000000000003	0.00010000000000000003	0.00010000000000000003	0.00010000000000000003	0.00010000000000000003	0.00010000000000000003
2	0.00010000000000000003	0.00010000000000000003	0.00010000000000000003	0.00010000000000000003	0.00010000000000000003	0.00010000000000000003	0.00010000000000000003	0.00010000000000000003	0.00010000000000000003	0.00010000000000000003	0.00010000000000000003	0.00010000000000000003	0.00010000000000000003	0.00010000000000000003	0.00010000000000000003	0.00010000000000000003
3	0.00010000000000000003	0.00010000000000000003	0.00010000000000000003	0.00010000000000000003	0.00010000000000000003	0.00010000000000000003	0.00010000000000000003	0.00010000000000000003	0.00010000000000000003	0.00010000000000000003	0.00010000000000000003	0.00010000000000000003	0.00010000000000000003	0.00010000000000000003	0.00010000000000000003	0.00010000000000000003
4	0.00010000000000000003	0.00010000000000000003	0.00010000000000000003	0.00010000000000000003	0.00010000000000000003	0.00010000000000000003	0.00010000000000000003	0.00010000000000000003	0.00010000000000000003	0.00010000000000000003	0.00010000000000000003	0.00010000000000000003	0.00010000000000000003	0.00010000000000000003	0.00010000000000000003	0.00010000000000000003
5	0.00010000000000000003	0.00010000000000000003	0.00010000000000000003	0.00010000000000000003	0.00010000000000000003	0.00010000000000000003	0.00010000000000000003	0.00010000000000000003	0.00010000000000000003	0.00010000000000000003	0.00010000000000000003	0.00010000000000000003	0.00010000000000000003	0.00010000000000000003	0.00010000000000000003	0.00010000000000000003
6	0.00010000000000000003	0.00010000000000000003	0.00010000000000000003	0.00010000000000000003	0.00010000000000000003	0.00010000000000000003	0.00010000000000000003	0.00010000000000000003	0.00010000000000000003	0.00010000000000000003	0.00010000000000000003	0.00010000000000000003	0.00010000000000000003	0.00010000000000000003	0.00010000000000000003	0.00010000000000000003
7	0.00010000000000000003	0.00010000000000000003	0.00010000000000000003	0.00010000000000000003	0.00010000000000000003	0.00010000000000000003	0.00010000000000000003	0.00010000000000000003	0.00010000000000000003	0.00010000000000000003	0.00010000000000000003	0.00010000000000000003	0.00010000000000000003	0.00010000000000000003	0.00010000000000000003	0.00010000000000000003
8	0.00010000000000000003	0.00010000000000000003	0.00010000000000000003	0.00010000000000000003	0.00010000000000000003	0.00010000000000000003	0.00010000000000000003	0.00010000000000000003	0.00010000000000000003	0.00010000000000000003	0.00010000000000000003	0.00010000000000000003	0.00010000000000000003	0.00010000000000000003	0.00010000000000000003	0.00010000000000000003
9	0.00010000000000000003	0.00010000000000000003	0.00010000000000000003	0.00010000000000000003	0.00010000000000000003	0.00010000000000000003	0.00010000000000000003	0.00010000000000000003	0.00010000000000000003	0.00010000000000000003	0.00010000000000000003	0.00010000000000000003	0.00010000000000000003	0.00010000000000000003	0.00010000000000000003	0.00010000000000000003
10	0.00010000000000000003	0.00010000000000000003	0.00010000000000000003	0.00010000000000000003	0.00010000000000000003	0.00010000000000000003	0.00010000000000000003	0.00010000000000000003	0.00010000000000000003	0.00010000000000000003	0.00010000000000000003	0.00010000000000000003	0.00010000000000000003	0.00010000000000000003	0.00010000000000000003	0.00010000000000000003
11	0.00010000000000000003	0.00010000000000000003	0.00010000000000000003	0.00010000000000000003	0.00010000000000000003	0.00010000000000000003	0.00010000000000000003	0.00010000000000000003	0.00010000000000000003	0.00010000000000000003	0.00010000000000000003	0.00010000000000000003	0.00010000000000000003	0.00010000000000000003	0.00010000000000000003	0.00010000000000000003
12	0.00010000000000000003	0.00010000000000000003	0.00010000000000000003	0.00010000000000000003	0.00010000000000000003	0.00010000000000000003	0.00010000000000000003	0.00010000000000000003	0.00010000000000000003	0.00010000000000000003	0.00010000000000000003	0.00010000000000000003	0.00010000000000000003	0.00010000000000000003	0.00010000000000000003	0.00010000000000000003
13	0.00010000000000000003	0.00010000000000000003	0.00010000000000000003	0.00010000000000000003	0.00010000000000000003	0.00010000000000000003	0.00010000000000000003	0.00010000000000000003	0.00010000000000000003	0.00010000000000000003	0.00010000000000000003	0.00010000000000000003	0.00010000000000000003	0.00010000000000000003	0.00010000000000000003	0.00010000000000000003
14	0.00010000000000000003	0.00010000000000000003	0.00010000000000000003	0.00010000000000000003	0.00010000000000000003	0.00010000000000000003	0.00010000000000000003	0.00010000000000000003	0.00010000000000000003	0.00010000000000000003	0.00010000000000000003	0.00010000000000000003	0.00010000000000000003	0.00010000000000000003	0.00010000000000000003	0.00010000000000000003
15	0.00010000000000000003	0.00010000000000000003	0.00010000000000000003	0.00010000000000000003	0.00010000000000000003	0.00010000000000000003	0.00010000000000000003	0.00010000000000000003	0.00010000000000000003	0.00010000000000000003	0.00010000000000000003	0.00010000000000000003	0.00010000000000000003	0.00010000000000000003	0.00010000000000000003	0.00010000000000000003
16	0.00010000000000000003	0.00010000000000000003	0.00010000000000000003	0.00010000000000000003	0.00010000000000000003	0.00010000000000000003	0.00010000000000000003	0.00010000000000000003	0.00010000000000000003	0.00010000000000000003	0.00010000000000000003	0.00010000000000000003	0.00010000000000000003	0.00010000000000000003	0.00010000000000000003	0.00010000000000000003
17	0.00010000000000000003	0.00010000000000000003	0.00010000000000000003	0.00010000000000000003	0.00010000000000000003	0.00010000000000000003	0.00010000000000000003	0.00010000000000000003	0.00010000000000000003	0.00010000000000000003	0.00010000000000000003	0.00010000000000000003	0.00010000000000000003	0.00010000000000000003	0.00010000000000000003	0.00010000000000000003
18	0.00010000000000000003	0.00010000000000000003	0.00010000000000000003	0.00010000000000000003	0.00010000000000000003	0.00010000000000000003	0.00010000000000000003	0.00010000000000000003	0.00010000000000000003	0.00010000000000000003	0.00010000000000000003	0.00010000000000000003	0.00010000000000000003	0.00010000000000000003	0.00010000000000000003	0.00010000000000000003
19	0.00010000000000000003	0.00010000000000000003	0.00010000000000000003	0.00010000000000000003	0.00010000000000000003	0.00010000000000000003	0.00010000000000000003	0.00010000000000000003	0.00010000000000000003	0.00010000000000000003	0.00010000000000000003	0.00010000000000000003	0.00010000000000000003	0.00010000000000000003	0.00010000000000000003	0.00010000000000000003
20	0.00010000000000000003	0.00010000000000000003	0.00010000000000000003	0.00010000000000000003	0.00010000000000000003	0.00010000000000000003	0.00010000000000000003	0.00010000000000000003	0.00010000000000000003	0.00010000000000000003	0.00010000000000000003	0.00010000000000000003	0.00010000000000000003	0.00010000000000000003	0.00010000000000000003	0.00010000000000000003
21	0.00010000000000000003	0.00010000000000000003	0.00010000000000000003	0.00010000000000000003	0.00010000000000000003	0.00010000000000000003	0.00010000000000000003	0.00010000000000000003	0.00010000000000000003	0.00010000000000000003	0.00010000000000000003	0.00010000000000000003	0.00010000000000000003	0.00010000000000000003	0.00010000000000000003	0.00010000000000000003
22	0.00010000000000000003	0.00010000000000000003	0.00010000000000000003	0.00010000000000000003	0.00010000000000000003	0.00010000000000000003	0.00010000000000000003	0.00010000000000000003	0.00010000000000000003	0.00010000000000000003	0.00010000000000000003	0.00010000000000000003	0.00010000000000000003	0.00010000000000000003	0.00010000000000000003	0.00010000000000000003
23	0.00010000000000000003	0.00010000000000000003	0.00010000000000000003	0.00010000000000000003	0.00010000000000000003	0.00010000000000000003	0.00010000000000000003	0.00010000000000000003	0.00010000000000000003	0.00010000000000000003	0.00010000000000000003	0.00010000000000000003	0.00010000000000000003	0.00010000000000000003	0.00010000000000000003	0.00010000000000000003
24	0.00010000000000000003	0.00010000000000000003	0.00010000000000000003	0.00010000000000000003	0.00010000000000000003	0.00010000000000000003	0.00010000000000000003	0.00010000000000000003	0.00010000000000000003	0.00010000000000000003	0.00010000000000000003	0.00010000000000000003	0.00010000000000000003	0.00010000000000000003	0.00010000000000000003	0.00010000000000000003
["PT_COLLECTOR","C4",*,*] :	1	2	3	4	5	6	7	8	9	10	11	12	13	14	15	16 := 
1	0.00010000000000000003	0.00010000000000000003	0.00010000000000000003	0.00010000000000000003	0.00010000000000000003	0.00010000000000000003	0.00010000000000000003	0.00010000000000000003	0.00010000000000000003	0.00010000000000000003	0.00010000000000000003	0.00010000000000000003	0.00010000000000000003	0.00010000000000000003	0.00010000000000000003	0.00010000000000000003
2	0.00010000000000000003	0.00010000000000000003	0.00010000000000000003	0.00010000000000000003	0.00010000000000000003	0.00010000000000000003	0.00010000000000000003	0.00010000000000000003	0.00010000000000000003	0.00010000000000000003	0.00010000000000000003	0.00010000000000000003	0.00010000000000000003	0.00010000000000000003	0.00010000000000000003	0.00010000000000000003
3	0.00010000000000000003	0.00010000000000000003	0.00010000000000000003	0.00010000000000000003	0.00010000000000000003	0.00010000000000000003	0.00010000000000000003	0.00010000000000000003	0.00010000000000000003	0.00010000000000000003	0.00010000000000000003	0.00010000000000000003	0.00010000000000000003	0.00010000000000000003	0.00010000000000000003	0.00010000000000000003
4	0.00010000000000000003	0.00010000000000000003	0.00010000000000000003	0.00010000000000000003	0.00010000000000000003	0.00010000000000000003	0.00010000000000000003	0.00010000000000000003	0.00010000000000000003	0.00010000000000000003	0.00010000000000000003	0.00010000000000000003	0.00010000000000000003	0.00010000000000000003	0.00010000000000000003	0.00010000000000000003
5	0.00010000000000000003	0.00010000000000000003	0.00010000000000000003	0.00010000000000000003	0.00010000000000000003	0.00010000000000000003	0.00010000000000000003	0.00010000000000000003	0.00010000000000000003	0.00010000000000000003	0.00010000000000000003	0.00010000000000000003	0.00010000000000000003	0.00010000000000000003	0.00010000000000000003	0.00010000000000000003
6	0.00010000000000000003	0.00010000000000000003	0.00010000000000000003	0.00010000000000000003	0.00010000000000000003	0.00010000000000000003	0.00010000000000000003	0.00010000000000000003	0.00010000000000000003	0.00010000000000000003	0.00010000000000000003	0.00010000000000000003	0.00010000000000000003	0.00010000000000000003	0.00010000000000000003	0.00010000000000000003
7	0.00010000000000000003	0.00010000000000000003	0.00010000000000000003	0.00010000000000000003	0.00010000000000000003	0.00010000000000000003	0.00010000000000000003	0.00010000000000000003	0.00010000000000000003	0.00010000000000000003	0.00010000000000000003	0.00010000000000000003	0.00010000000000000003	0.00010000000000000003	0.00010000000000000003	0.00010000000000000003
8	0.00010000000000000003	0.00010000000000000003	0.00010000000000000003	0.00010000000000000003	0.00010000000000000003	0.00010000000000000003	0.00010000000000000003	0.00010000000000000003	0.00010000000000000003	0.00010000000000000003	0.00010000000000000003	0.00010000000000000003	0.00010000000000000003	0.00010000000000000003	0.00010000000000000003	0.00010000000000000003
9	0.00010000000000000003	0.00010000000000000003	0.00010000000000000003	0.00010000000000000003	0.00010000000000000003	0.00010000000000000003	0.00010000000000000003	0.00010000000000000003	0.00010000000000000003	0.00010000000000000003	0.00010000000000000003	0.00010000000000000003	0.00010000000000000003	0.00010000000000000003	0.00010000000000000003	0.00010000000000000003
10	0.00010000000000000003	0.00010000000000000003	0.00010000000000000003	0.00010000000000000003	0.00010000000000000003	0.00010000000000000003	0.00010000000000000003	0.00010000000000000003	0.00010000000000000003	0.00010000000000000003	0.00010000000000000003	0.00010000000000000003	0.00010000000000000003	0.00010000000000000003	0.00010000000000000003	0.00010000000000000003
11	0.00010000000000000003	0.00010000000000000003	0.00010000000000000003	0.00010000000000000003	0.00010000000000000003	0.00010000000000000003	0.00010000000000000003	0.00010000000000000003	0.00010000000000000003	0.00010000000000000003	0.00010000000000000003	0.00010000000000000003	0.00010000000000000003	0.00010000000000000003	0.00010000000000000003	0.00010000000000000003
12	0.00010000000000000003	0.00010000000000000003	0.00010000000000000003	0.00010000000000000003	0.00010000000000000003	0.00010000000000000003	0.00010000000000000003	0.00010000000000000003	0.00010000000000000003	0.00010000000000000003	0.00010000000000000003	0.00010000000000000003	0.00010000000000000003	0.00010000000000000003	0.00010000000000000003	0.00010000000000000003
13	0.00010000000000000003	0.00010000000000000003	0.00010000000000000003	0.00010000000000000003	0.00010000000000000003	0.00010000000000000003	0.00010000000000000003	0.00010000000000000003	0.00010000000000000003	0.00010000000000000003	0.00010000000000000003	0.00010000000000000003	0.00010000000000000003	0.00010000000000000003	0.00010000000000000003	0.00010000000000000003
14	0.00010000000000000003	0.00010000000000000003	0.00010000000000000003	0.00010000000000000003	0.00010000000000000003	0.00010000000000000003	0.00010000000000000003	0.00010000000000000003	0.00010000000000000003	0.00010000000000000003	0.00010000000000000003	0.00010000000000000003	0.00010000000000000003	0.00010000000000000003	0.00010000000000000003	0.00010000000000000003
15	0.00010000000000000003	0.00010000000000000003	0.00010000000000000003	0.00010000000000000003	0.00010000000000000003	0.00010000000000000003	0.00010000000000000003	0.00010000000000000003	0.00010000000000000003	0.00010000000000000003	0.00010000000000000003	0.00010000000000000003	0.00010000000000000003	0.00010000000000000003	0.00010000000000000003	0.00010000000000000003
16	0.00010000000000000003	0.00010000000000000003	0.00010000000000000003	0.00010000000000000003	0.00010000000000000003	0.00010000000000000003	0.00010000000000000003	0.00010000000000000003	0.00010000000000000003	0.00010000000000000003	0.00010000000000000003	0.00010000000000000003	0.00010000000000000003	0.00010000000000000003	0.00010000000000000003	0.00010000000000000003
17	0.00010000000000000003	0.00010000000000000003	0.00010000000000000003	0.00010000000000000003	0.00010000000000000003	0.00010000000000000003	0.00010000000000000003	0.00010000000000000003	0.00010000000000000003	0.00010000000000000003	0.00010000000000000003	0.00010000000000000003	0.00010000000000000003	0.00010000000000000003	0.00010000000000000003	0.00010000000000000003
18	0.00010000000000000003	0.00010000000000000003	0.00010000000000000003	0.00010000000000000003	0.00010000000000000003	0.00010000000000000003	0.00010000000000000003	0.00010000000000000003	0.00010000000000000003	0.00010000000000000003	0.00010000000000000003	0.00010000000000000003	0.00010000000000000003	0.00010000000000000003	0.00010000000000000003	0.00010000000000000003
19	0.00010000000000000003	0.00010000000000000003	0.00010000000000000003	0.00010000000000000003	0.00010000000000000003	0.00010000000000000003	0.00010000000000000003	0.00010000000000000003	0.00010000000000000003	0.00010000000000000003	0.00010000000000000003	0.00010000000000000003	0.00010000000000000003	0.00010000000000000003	0.00010000000000000003	0.00010000000000000003
20	0.00010000000000000003	0.00010000000000000003	0.00010000000000000003	0.00010000000000000003	0.00010000000000000003	0.00010000000000000003	0.00010000000000000003	0.00010000000000000003	0.00010000000000000003	0.00010000000000000003	0.00010000000000000003	0.00010000000000000003	0.00010000000000000003	0.00010000000000000003	0.00010000000000000003	0.00010000000000000003
21	0.00010000000000000003	0.00010000000000000003	0.00010000000000000003	0.00010000000000000003	0.00010000000000000003	0.00010000000000000003	0.00010000000000000003	0.00010000000000000003	0.00010000000000000003	0.00010000000000000003	0.00010000000000000003	0.00010000000000000003	0.00010000000000000003	0.00010000000000000003	0.00010000000000000003	0.00010000000000000003
22	0.00010000000000000003	0.00010000000000000003	0.00010000000000000003	0.00010000000000000003	0.00010000000000000003	0.00010000000000000003	0.00010000000000000003	0.00010000000000000003	0.00010000000000000003	0.00010000000000000003	0.00010000000000000003	0.00010000000000000003	0.00010000000000000003	0.00010000000000000003	0.00010000000000000003	0.00010000000000000003
23	0.00010000000000000003	0.00010000000000000003	0.00010000000000000003	0.00010000000000000003	0.00010000000000000003	0.00010000000000000003	0.00010000000000000003	0.00010000000000000003	0.00010000000000000003	0.00010000000000000003	0.00010000000000000003	0.00010000000000000003	0.00010000000000000003	0.00010000000000000003	0.00010000000000000003	0.00010000000000000003
24	0.00010000000000000003	0.00010000000000000003	0.00010000000000000003	0.00010000000000000003	0.00010000000000000003	0.00010000000000000003	0.00010000000000000003	0.00010000000000000003	0.00010000000000000003	0.00010000000000000003	0.00010000000000000003	0.00010000000000000003	0.00010000000000000003	0.00010000000000000003	0.00010000000000000003	0.00010000000000000003
["PT_COLLECTOR","C5",*,*] :	1	2	3	4	5	6	7	8	9	10	11	12	13	14	15	16 := 
1	0.00010000000000000003	0.00010000000000000003	0.00010000000000000003	0.00010000000000000003	0.00010000000000000003	0.00010000000000000003	0.00010000000000000003	0.00010000000000000003	0.00010000000000000003	0.00010000000000000003	0.00010000000000000003	0.00010000000000000003	0.00010000000000000003	0.00010000000000000003	0.00010000000000000003	0.00010000000000000003
2	0.00010000000000000003	0.00010000000000000003	0.00010000000000000003	0.00010000000000000003	0.00010000000000000003	0.00010000000000000003	0.00010000000000000003	0.00010000000000000003	0.00010000000000000003	0.00010000000000000003	0.00010000000000000003	0.00010000000000000003	0.00010000000000000003	0.00010000000000000003	0.00010000000000000003	0.00010000000000000003
3	0.00010000000000000003	0.00010000000000000003	0.00010000000000000003	0.00010000000000000003	0.00010000000000000003	0.00010000000000000003	0.00010000000000000003	0.00010000000000000003	0.00010000000000000003	0.00010000000000000003	0.00010000000000000003	0.00010000000000000003	0.00010000000000000003	0.00010000000000000003	0.00010000000000000003	0.00010000000000000003
4	0.00010000000000000003	0.00010000000000000003	0.00010000000000000003	0.00010000000000000003	0.00010000000000000003	0.00010000000000000003	0.00010000000000000003	0.00010000000000000003	0.00010000000000000003	0.00010000000000000003	0.00010000000000000003	0.00010000000000000003	0.00010000000000000003	0.00010000000000000003	0.00010000000000000003	0.00010000000000000003
5	0.00010000000000000003	0.00010000000000000003	0.00010000000000000003	0.00010000000000000003	0.00010000000000000003	0.00010000000000000003	0.00010000000000000003	0.00010000000000000003	0.00010000000000000003	0.00010000000000000003	0.00010000000000000003	0.00010000000000000003	0.00010000000000000003	0.00010000000000000003	0.00010000000000000003	0.00010000000000000003
6	0.00010000000000000003	0.00010000000000000003	0.00010000000000000003	0.00010000000000000003	0.00010000000000000003	0.00010000000000000003	0.00010000000000000003	0.00010000000000000003	0.00010000000000000003	0.00010000000000000003	0.00010000000000000003	0.00010000000000000003	0.00010000000000000003	0.00010000000000000003	0.00010000000000000003	0.00010000000000000003
7	0.00010000000000000003	0.00010000000000000003	0.00010000000000000003	0.00010000000000000003	0.00010000000000000003	0.00010000000000000003	0.00010000000000000003	0.00010000000000000003	0.00010000000000000003	0.00010000000000000003	0.00010000000000000003	0.00010000000000000003	0.00010000000000000003	0.00010000000000000003	0.00010000000000000003	0.00010000000000000003
8	0.00010000000000000003	0.00010000000000000003	0.00010000000000000003	0.00010000000000000003	0.00010000000000000003	0.00010000000000000003	0.00010000000000000003	0.00010000000000000003	0.00010000000000000003	0.00010000000000000003	0.00010000000000000003	0.00010000000000000003	0.00010000000000000003	0.00010000000000000003	0.00010000000000000003	0.00010000000000000003
9	0.00010000000000000003	0.00010000000000000003	0.00010000000000000003	0.00010000000000000003	0.00010000000000000003	0.00010000000000000003	0.00010000000000000003	0.00010000000000000003	0.00010000000000000003	0.00010000000000000003	0.00010000000000000003	0.00010000000000000003	0.00010000000000000003	0.00010000000000000003	0.00010000000000000003	0.00010000000000000003
10	0.00010000000000000003	0.00010000000000000003	0.00010000000000000003	0.00010000000000000003	0.00010000000000000003	0.00010000000000000003	0.00010000000000000003	0.00010000000000000003	0.00010000000000000003	0.00010000000000000003	0.00010000000000000003	0.00010000000000000003	0.00010000000000000003	0.00010000000000000003	0.00010000000000000003	0.00010000000000000003
11	0.00010000000000000003	0.00010000000000000003	0.00010000000000000003	0.00010000000000000003	0.00010000000000000003	0.00010000000000000003	0.00010000000000000003	0.00010000000000000003	0.00010000000000000003	0.00010000000000000003	0.00010000000000000003	0.00010000000000000003	0.00010000000000000003	0.00010000000000000003	0.00010000000000000003	0.00010000000000000003
12	0.00010000000000000003	0.00010000000000000003	0.00010000000000000003	0.00010000000000000003	0.00010000000000000003	0.00010000000000000003	0.00010000000000000003	0.00010000000000000003	0.00010000000000000003	0.00010000000000000003	0.00010000000000000003	0.00010000000000000003	0.00010000000000000003	0.00010000000000000003	0.00010000000000000003	0.00010000000000000003
13	0.00010000000000000003	0.00010000000000000003	0.00010000000000000003	0.00010000000000000003	0.00010000000000000003	0.00010000000000000003	0.00010000000000000003	0.00010000000000000003	0.00010000000000000003	0.00010000000000000003	0.00010000000000000003	0.00010000000000000003	0.00010000000000000003	0.00010000000000000003	0.00010000000000000003	0.00010000000000000003
14	0.00010000000000000003	0.00010000000000000003	0.00010000000000000003	0.00010000000000000003	0.00010000000000000003	0.00010000000000000003	0.00010000000000000003	0.00010000000000000003	0.00010000000000000003	0.00010000000000000003	0.00010000000000000003	0.00010000000000000003	0.00010000000000000003	0.00010000000000000003	0.00010000000000000003	0.00010000000000000003
15	0.00010000000000000003	0.00010000000000000003	0.00010000000000000003	0.00010000000000000003	0.00010000000000000003	0.00010000000000000003	0.00010000000000000003	0.00010000000000000003	0.00010000000000000003	0.00010000000000000003	0.00010000000000000003	0.00010000000000000003	0.00010000000000000003	0.00010000000000000003	0.00010000000000000003	0.00010000000000000003
16	0.00010000000000000003	0.00010000000000000003	0.00010000000000000003	0.00010000000000000003	0.00010000000000000003	0.00010000000000000003	0.00010000000000000003	0.00010000000000000003	0.00010000000000000003	0.00010000000000000003	0.00010000000000000003	0.00010000000000000003	0.00010000000000000003	0.00010000000000000003	0.00010000000000000003	0.00010000000000000003
17	0.00010000000000000003	0.00010000000000000003	0.00010000000000000003	0.00010000000000000003	0.00010000000000000003	0.00010000000000000003	0.00010000000000000003	0.00010000000000000003	0.00010000000000000003	0.00010000000000000003	0.00010000000000000003	0.00010000000000000003	0.00010000000000000003	0.00010000000000000003	0.00010000000000000003	0.00010000000000000003
18	0.00010000000000000003	0.00010000000000000003	0.00010000000000000003	0.00010000000000000003	0.00010000000000000003	0.00010000000000000003	0.00010000000000000003	0.00010000000000000003	0.00010000000000000003	0.00010000000000000003	0.00010000000000000003	0.00010000000000000003	0.00010000000000000003	0.00010000000000000003	0.00010000000000000003	0.00010000000000000003
19	0.00010000000000000003	0.00010000000000000003	0.00010000000000000003	0.00010000000000000003	0.00010000000000000003	0.00010000000000000003	0.00010000000000000003	0.00010000000000000003	0.00010000000000000003	0.00010000000000000003	0.00010000000000000003	0.00010000000000000003	0.00010000000000000003	0.00010000000000000003	0.00010000000000000003	0.00010000000000000003
20	0.00010000000000000003	0.00010000000000000003	0.00010000000000000003	0.00010000000000000003	0.00010000000000000003	0.00010000000000000003	0.00010000000000000003	0.00010000000000000003	0.00010000000000000003	0.00010000000000000003	0.00010000000000000003	0.00010000000000000003	0.00010000000000000003	0.00010000000000000003	0.00010000000000000003	0.00010000000000000003
21	0.00010000000000000003	0.00010000000000000003	0.00010000000000000003	0.00010000000000000003	0.00010000000000000003	0.00010000000000000003	0.00010000000000000003	0.00010000000000000003	0.00010000000000000003	0.00010000000000000003	0.00010000000000000003	0.00010000000000000003	0.00010000000000000003	0.00010000000000000003	0.00010000000000000003	0.00010000000000000003
22	0.00010000000000000003	0.00010000000000000003	0.00010000000000000003	0.00010000000000000003	0.00010000000000000003	0.00010000000000000003	0.00010000000000000003	0.00010000000000000003	0.00010000000000000003	0.00010000000000000003	0.00010000000000000003	0.00010000000000000003	0.00010000000000000003	0.00010000000000000003	0.00010000000000000003	0.00010000000000000003
23	0.00010000000000000003	0.00010000000000000003	0.00010000000000000003	0.00010000000000000003	0.00010000000000000003	0.00010000000000000003	0.00010000000000000003	0.00010000000000000003	0.00010000000000000003	0.00010000000000000003	0.00010000000000000003	0.00010000000000000003	0.00010000000000000003	0.00010000000000000003	0.00010000000000000003	0.00010000000000000003
24	0.00010000000000000003	0.00010000000000000003	0.00010000000000000003	0.00010000000000000003	0.00010000000000000003	0.00010000000000000003	0.00010000000000000003	0.00010000000000000003	0.00010000000000000003	0.00010000000000000003	0.00010000000000000003	0.00010000000000000003	0.00010000000000000003	0.00010000000000000003	0.00010000000000000003	0.00010000000000000003
["ST_COLLECTOR","C1",*,*] :	1	2	3	4	5	6	7	8	9	10	11	12	13	14	15	16 := 
1	0.00010000000000000003	0.00010000000000000003	0.00010000000000000003	0.00010000000000000003	0.00010000000000000003	0.00010000000000000003	0.00010000000000000003	0.00010000000000000003	0.00010000000000000003	0.00010000000000000003	0.00010000000000000003	0.00010000000000000003	0.00010000000000000003	0.00010000000000000003	0.00010000000000000003	0.00010000000000000003
2	0.00010000000000000003	0.00010000000000000003	0.00010000000000000003	0.00010000000000000003	0.00010000000000000003	0.00010000000000000003	0.00010000000000000003	0.00010000000000000003	0.00010000000000000003	0.00010000000000000003	0.00010000000000000003	0.00010000000000000003	0.00010000000000000003	0.00010000000000000003	0.00010000000000000003	0.00010000000000000003
3	0.00010000000000000003	0.00010000000000000003	0.00010000000000000003	0.00010000000000000003	0.00010000000000000003	0.00010000000000000003	0.00010000000000000003	0.00010000000000000003	0.00010000000000000003	0.00010000000000000003	0.00010000000000000003	0.00010000000000000003	0.00010000000000000003	0.00010000000000000003	0.00010000000000000003	0.00010000000000000003
4	0.00010000000000000003	0.00010000000000000003	0.00010000000000000003	0.00010000000000000003	0.00010000000000000003	0.00010000000000000003	0.00010000000000000003	0.00010000000000000003	0.00010000000000000003	0.00010000000000000003	0.00010000000000000003	0.00010000000000000003	0.00010000000000000003	0.00010000000000000003	0.00010000000000000003	0.00010000000000000003
5	0.00010000000000000003	0.00010000000000000003	0.00010000000000000003	0.00010000000000000003	0.00010000000000000003	0.00010000000000000003	0.00010000000000000003	0.00010000000000000003	0.00010000000000000003	0.00010000000000000003	0.00010000000000000003	0.00010000000000000003	0.00010000000000000003	0.00010000000000000003	0.00010000000000000003	0.00010000000000000003
6	0.00010000000000000003	0.00010000000000000003	0.00010000000000000003	0.00010000000000000003	0.00010000000000000003	0.00010000000000000003	0.00010000000000000003	0.00010000000000000003	0.00010000000000000003	0.00010000000000000003	0.00010000000000000003	0.00010000000000000003	0.00010000000000000003	0.00010000000000000003	0.00010000000000000003	0.00010000000000000003
7	0.00010000000000000003	0.00010000000000000003	0.00010000000000000003	0.00010000000000000003	0.00010000000000000003	0.00010000000000000003	0.00010000000000000003	0.00010000000000000003	0.00010000000000000003	0.00010000000000000003	0.00010000000000000003	0.00010000000000000003	0.00010000000000000003	0.00010000000000000003	0.00010000000000000003	0.00010000000000000003
8	0.00010000000000000003	0.00010000000000000003	0.00010000000000000003	0.00010000000000000003	0.00010000000000000003	0.00010000000000000003	0.00010000000000000003	0.00010000000000000003	0.00010000000000000003	0.00010000000000000003	0.00010000000000000003	0.00010000000000000003	0.00010000000000000003	0.00010000000000000003	0.00010000000000000003	0.00010000000000000003
9	0.00010000000000000003	0.00010000000000000003	0.00010000000000000003	0.00010000000000000003	0.00010000000000000003	0.00010000000000000003	0.00010000000000000003	0.00010000000000000003	0.00010000000000000003	0.00010000000000000003	0.00010000000000000003	0.00010000000000000003	0.00010000000000000003	0.00010000000000000003	0.00010000000000000003	0.00010000000000000003
10	0.00010000000000000003	0.00010000000000000003	0.00010000000000000003	0.00010000000000000003	0.00010000000000000003	0.00010000000000000003	0.00010000000000000003	0.00010000000000000003	0.00010000000000000003	0.00010000000000000003	0.00010000000000000003	0.00010000000000000003	0.00010000000000000003	0.00010000000000000003	0.00010000000000000003	0.00010000000000000003
11	0.00010000000000000003	0.00010000000000000003	0.00010000000000000003	0.00010000000000000003	0.00010000000000000003	0.00010000000000000003	0.00010000000000000003	0.00010000000000000003	0.00010000000000000003	0.00010000000000000003	0.00010000000000000003	0.00010000000000000003	0.00010000000000000003	0.00010000000000000003	0.00010000000000000003	0.00010000000000000003
12	0.00010000000000000003	0.00010000000000000003	0.00010000000000000003	0.00010000000000000003	0.00010000000000000003	0.00010000000000000003	0.00010000000000000003	0.00010000000000000003	0.00010000000000000003	0.00010000000000000003	0.00010000000000000003	0.00010000000000000003	0.00010000000000000003	0.00010000000000000003	0.00010000000000000003	0.00010000000000000003
13	0.00010000000000000003	0.00010000000000000003	0.00010000000000000003	0.00010000000000000003	0.00010000000000000003	0.00010000000000000003	0.00010000000000000003	0.00010000000000000003	0.00010000000000000003	0.00010000000000000003	0.00010000000000000003	0.00010000000000000003	0.00010000000000000003	0.00010000000000000003	0.00010000000000000003	0.00010000000000000003
14	0.00010000000000000003	0.00010000000000000003	0.00010000000000000003	0.00010000000000000003	0.00010000000000000003	0.00010000000000000003	0.00010000000000000003	0.00010000000000000003	0.00010000000000000003	0.00010000000000000003	0.00010000000000000003	0.00010000000000000003	0.00010000000000000003	0.00010000000000000003	0.00010000000000000003	0.00010000000000000003
15	0.00010000000000000003	0.00010000000000000003	0.00010000000000000003	0.00010000000000000003	0.00010000000000000003	0.00010000000000000003	0.00010000000000000003	0.00010000000000000003	0.00010000000000000003	0.00010000000000000003	0.00010000000000000003	0.00010000000000000003	0.00010000000000000003	0.00010000000000000003	0.00010000000000000003	0.00010000000000000003
16	0.00010000000000000003	0.00010000000000000003	0.00010000000000000003	0.00010000000000000003	0.00010000000000000003	0.00010000000000000003	0.00010000000000000003	0.00010000000000000003	0.00010000000000000003	0.00010000000000000003	0.00010000000000000003	0.00010000000000000003	0.00010000000000000003	0.00010000000000000003	0.00010000000000000003	0.00010000000000000003
17	0.00010000000000000003	0.00010000000000000003	0.00010000000000000003	0.00010000000000000003	0.00010000000000000003	0.00010000000000000003	0.00010000000000000003	0.00010000000000000003	0.00010000000000000003	0.00010000000000000003	0.00010000000000000003	0.00010000000000000003	0.00010000000000000003	0.00010000000000000003	0.00010000000000000003	0.00010000000000000003
18	0.00010000000000000003	0.00010000000000000003	0.00010000000000000003	0.00010000000000000003	0.00010000000000000003	0.00010000000000000003	0.00010000000000000003	0.00010000000000000003	0.00010000000000000003	0.00010000000000000003	0.00010000000000000003	0.00010000000000000003	0.00010000000000000003	0.00010000000000000003	0.00010000000000000003	0.00010000000000000003
19	0.00010000000000000003	0.00010000000000000003	0.00010000000000000003	0.00010000000000000003	0.00010000000000000003	0.00010000000000000003	0.00010000000000000003	0.00010000000000000003	0.00010000000000000003	0.00010000000000000003	0.00010000000000000003	0.00010000000000000003	0.00010000000000000003	0.00010000000000000003	0.00010000000000000003	0.00010000000000000003
20	0.00010000000000000003	0.00010000000000000003	0.00010000000000000003	0.00010000000000000003	0.00010000000000000003	0.00010000000000000003	0.00010000000000000003	0.00010000000000000003	0.00010000000000000003	0.00010000000000000003	0.00010000000000000003	0.00010000000000000003	0.00010000000000000003	0.00010000000000000003	0.00010000000000000003	0.00010000000000000003
21	0.00010000000000000003	0.00010000000000000003	0.00010000000000000003	0.00010000000000000003	0.00010000000000000003	0.00010000000000000003	0.00010000000000000003	0.00010000000000000003	0.00010000000000000003	0.00010000000000000003	0.00010000000000000003	0.00010000000000000003	0.00010000000000000003	0.00010000000000000003	0.00010000000000000003	0.00010000000000000003
22	0.00010000000000000003	0.00010000000000000003	0.00010000000000000003	0.00010000000000000003	0.00010000000000000003	0.00010000000000000003	0.00010000000000000003	0.00010000000000000003	0.00010000000000000003	0.00010000000000000003	0.00010000000000000003	0.00010000000000000003	0.00010000000000000003	0.00010000000000000003	0.00010000000000000003	0.00010000000000000003
23	0.00010000000000000003	0.00010000000000000003	0.00010000000000000003	0.00010000000000000003	0.00010000000000000003	0.00010000000000000003	0.00010000000000000003	0.00010000000000000003	0.00010000000000000003	0.00010000000000000003	0.00010000000000000003	0.00010000000000000003	0.00010000000000000003	0.00010000000000000003	0.00010000000000000003	0.00010000000000000003
24	0.00010000000000000003	0.00010000000000000003	0.00010000000000000003	0.00010000000000000003	0.00010000000000000003	0.00010000000000000003	0.00010000000000000003	0.00010000000000000003	0.00010000000000000003	0.00010000000000000003	0.00010000000000000003	0.00010000000000000003	0.00010000000000000003	0.00010000000000000003	0.00010000000000000003	0.00010000000000000003
["ST_COLLECTOR","C2",*,*] :	1	2	3	4	5	6	7	8	9	10	11	12	13	14	15	16 := 
1	0.00010000000000000003	0.00010000000000000003	0.00010000000000000003	0.00010000000000000003	0.00010000000000000003	0.00010000000000000003	0.00010000000000000003	0.00010000000000000003	0.00010000000000000003	0.00010000000000000003	0.00010000000000000003	0.00010000000000000003	0.00010000000000000003	0.00010000000000000003	0.00010000000000000003	0.00010000000000000003
2	0.00010000000000000003	0.00010000000000000003	0.00010000000000000003	0.00010000000000000003	0.00010000000000000003	0.00010000000000000003	0.00010000000000000003	0.00010000000000000003	0.00010000000000000003	0.00010000000000000003	0.00010000000000000003	0.00010000000000000003	0.00010000000000000003	0.00010000000000000003	0.00010000000000000003	0.00010000000000000003
3	0.00010000000000000003	0.00010000000000000003	0.00010000000000000003	0.00010000000000000003	0.00010000000000000003	0.00010000000000000003	0.00010000000000000003	0.00010000000000000003	0.00010000000000000003	0.00010000000000000003	0.00010000000000000003	0.00010000000000000003	0.00010000000000000003	0.00010000000000000003	0.00010000000000000003	0.00010000000000000003
4	0.00010000000000000003	0.00010000000000000003	0.00010000000000000003	0.00010000000000000003	0.00010000000000000003	0.00010000000000000003	0.00010000000000000003	0.00010000000000000003	0.00010000000000000003	0.00010000000000000003	0.00010000000000000003	0.00010000000000000003	0.00010000000000000003	0.00010000000000000003	0.00010000000000000003	0.00010000000000000003
5	0.00010000000000000003	0.00010000000000000003	0.00010000000000000003	0.00010000000000000003	0.00010000000000000003	0.00010000000000000003	0.00010000000000000003	0.00010000000000000003	0.00010000000000000003	0.00010000000000000003	0.00010000000000000003	0.00010000000000000003	0.00010000000000000003	0.00010000000000000003	0.00010000000000000003	0.00010000000000000003
6	0.00010000000000000003	0.00010000000000000003	0.00010000000000000003	0.00010000000000000003	0.00010000000000000003	0.00010000000000000003	0.00010000000000000003	0.00010000000000000003	0.00010000000000000003	0.00010000000000000003	0.00010000000000000003	0.00010000000000000003	0.00010000000000000003	0.00010000000000000003	0.00010000000000000003	0.00010000000000000003
7	0.00010000000000000003	0.00010000000000000003	0.00010000000000000003	0.00010000000000000003	0.00010000000000000003	0.00010000000000000003	0.00010000000000000003	0.00010000000000000003	0.00010000000000000003	0.00010000000000000003	0.00010000000000000003	0.00010000000000000003	0.00010000000000000003	0.00010000000000000003	0.00010000000000000003	0.00010000000000000003
8	0.00010000000000000003	0.00010000000000000003	0.00010000000000000003	0.00010000000000000003	0.00010000000000000003	0.00010000000000000003	0.00010000000000000003	0.00010000000000000003	0.00010000000000000003	0.00010000000000000003	0.00010000000000000003	0.00010000000000000003	0.00010000000000000003	0.00010000000000000003	0.00010000000000000003	0.00010000000000000003
9	0.00010000000000000003	0.00010000000000000003	0.00010000000000000003	0.00010000000000000003	0.00010000000000000003	0.00010000000000000003	0.00010000000000000003	0.00010000000000000003	0.00010000000000000003	0.00010000000000000003	0.00010000000000000003	0.00010000000000000003	0.00010000000000000003	0.00010000000000000003	0.00010000000000000003	0.00010000000000000003
10	0.00010000000000000003	0.00010000000000000003	0.00010000000000000003	0.00010000000000000003	0.00010000000000000003	0.00010000000000000003	0.00010000000000000003	0.00010000000000000003	0.00010000000000000003	0.00010000000000000003	0.00010000000000000003	0.00010000000000000003	0.00010000000000000003	0.00010000000000000003	0.00010000000000000003	0.00010000000000000003
11	0.00010000000000000003	0.00010000000000000003	0.00010000000000000003	0.00010000000000000003	0.00010000000000000003	0.00010000000000000003	0.00010000000000000003	0.00010000000000000003	0.00010000000000000003	0.00010000000000000003	0.00010000000000000003	0.00010000000000000003	0.00010000000000000003	0.00010000000000000003	0.00010000000000000003	0.00010000000000000003
12	0.00010000000000000003	0.00010000000000000003	0.00010000000000000003	0.00010000000000000003	0.00010000000000000003	0.00010000000000000003	0.00010000000000000003	0.00010000000000000003	0.00010000000000000003	0.00010000000000000003	0.00010000000000000003	0.00010000000000000003	0.00010000000000000003	0.00010000000000000003	0.00010000000000000003	0.00010000000000000003
13	0.00010000000000000003	0.00010000000000000003	0.00010000000000000003	0.00010000000000000003	0.00010000000000000003	0.00010000000000000003	0.00010000000000000003	0.00010000000000000003	0.00010000000000000003	0.00010000000000000003	0.00010000000000000003	0.00010000000000000003	0.00010000000000000003	0.00010000000000000003	0.00010000000000000003	0.00010000000000000003
14	0.00010000000000000003	0.00010000000000000003	0.00010000000000000003	0.00010000000000000003	0.00010000000000000003	0.00010000000000000003	0.00010000000000000003	0.00010000000000000003	0.00010000000000000003	0.00010000000000000003	0.00010000000000000003	0.00010000000000000003	0.00010000000000000003	0.00010000000000000003	0.00010000000000000003	0.00010000000000000003
15	0.00010000000000000003	0.00010000000000000003	0.00010000000000000003	0.00010000000000000003	0.00010000000000000003	0.00010000000000000003	0.00010000000000000003	0.00010000000000000003	0.00010000000000000003	0.00010000000000000003	0.00010000000000000003	0.00010000000000000003	0.00010000000000000003	0.00010000000000000003	0.00010000000000000003	0.00010000000000000003
16	0.00010000000000000003	0.00010000000000000003	0.00010000000000000003	0.00010000000000000003	0.00010000000000000003	0.00010000000000000003	0.00010000000000000003	0.00010000000000000003	0.00010000000000000003	0.00010000000000000003	0.00010000000000000003	0.00010000000000000003	0.00010000000000000003	0.00010000000000000003	0.00010000000000000003	0.00010000000000000003
17	0.00010000000000000003	0.00010000000000000003	0.00010000000000000003	0.00010000000000000003	0.00010000000000000003	0.00010000000000000003	0.00010000000000000003	0.00010000000000000003	0.00010000000000000003	0.00010000000000000003	0.00010000000000000003	0.00010000000000000003	0.00010000000000000003	0.00010000000000000003	0.00010000000000000003	0.00010000000000000003
18	0.00010000000000000003	0.00010000000000000003	0.00010000000000000003	0.00010000000000000003	0.00010000000000000003	0.00010000000000000003	0.00010000000000000003	0.00010000000000000003	0.00010000000000000003	0.00010000000000000003	0.00010000000000000003	0.00010000000000000003	0.00010000000000000003	0.00010000000000000003	0.00010000000000000003	0.00010000000000000003
19	0.00010000000000000003	0.00010000000000000003	0.00010000000000000003	0.00010000000000000003	0.00010000000000000003	0.00010000000000000003	0.00010000000000000003	0.00010000000000000003	0.00010000000000000003	0.00010000000000000003	0.00010000000000000003	0.00010000000000000003	0.00010000000000000003	0.00010000000000000003	0.00010000000000000003	0.00010000000000000003
20	0.00010000000000000003	0.00010000000000000003	0.00010000000000000003	0.00010000000000000003	0.00010000000000000003	0.00010000000000000003	0.00010000000000000003	0.00010000000000000003	0.00010000000000000003	0.00010000000000000003	0.00010000000000000003	0.00010000000000000003	0.00010000000000000003	0.00010000000000000003	0.00010000000000000003	0.00010000000000000003
21	0.00010000000000000003	0.00010000000000000003	0.00010000000000000003	0.00010000000000000003	0.00010000000000000003	0.00010000000000000003	0.00010000000000000003	0.00010000000000000003	0.00010000000000000003	0.00010000000000000003	0.00010000000000000003	0.00010000000000000003	0.00010000000000000003	0.00010000000000000003	0.00010000000000000003	0.00010000000000000003
22	0.00010000000000000003	0.00010000000000000003	0.00010000000000000003	0.00010000000000000003	0.00010000000000000003	0.00010000000000000003	0.00010000000000000003	0.00010000000000000003	0.00010000000000000003	0.00010000000000000003	0.00010000000000000003	0.00010000000000000003	0.00010000000000000003	0.00010000000000000003	0.00010000000000000003	0.00010000000000000003
23	0.00010000000000000003	0.00010000000000000003	0.00010000000000000003	0.00010000000000000003	0.00010000000000000003	0.00010000000000000003	0.00010000000000000003	0.00010000000000000003	0.00010000000000000003	0.00010000000000000003	0.00010000000000000003	0.00010000000000000003	0.00010000000000000003	0.00010000000000000003	0.00010000000000000003	0.00010000000000000003
24	0.00010000000000000003	0.00010000000000000003	0.00010000000000000003	0.00010000000000000003	0.00010000000000000003	0.00010000000000000003	0.00010000000000000003	0.00010000000000000003	0.00010000000000000003	0.00010000000000000003	0.00010000000000000003	0.00010000000000000003	0.00010000000000000003	0.00010000000000000003	0.00010000000000000003	0.00010000000000000003
["ST_COLLECTOR","C3",*,*] :	1	2	3	4	5	6	7	8	9	10	11	12	13	14	15	16 := 
1	0.00010000000000000003	0.00010000000000000003	0.00010000000000000003	0.00010000000000000003	0.00010000000000000003	0.00010000000000000003	0.00010000000000000003	0.00010000000000000003	0.00010000000000000003	0.00010000000000000003	0.00010000000000000003	0.00010000000000000003	0.00010000000000000003	0.00010000000000000003	0.00010000000000000003	0.00010000000000000003
2	0.00010000000000000003	0.00010000000000000003	0.00010000000000000003	0.00010000000000000003	0.00010000000000000003	0.00010000000000000003	0.00010000000000000003	0.00010000000000000003	0.00010000000000000003	0.00010000000000000003	0.00010000000000000003	0.00010000000000000003	0.00010000000000000003	0.00010000000000000003	0.00010000000000000003	0.00010000000000000003
3	0.00010000000000000003	0.00010000000000000003	0.00010000000000000003	0.00010000000000000003	0.00010000000000000003	0.00010000000000000003	0.00010000000000000003	0.00010000000000000003	0.00010000000000000003	0.00010000000000000003	0.00010000000000000003	0.00010000000000000003	0.00010000000000000003	0.00010000000000000003	0.00010000000000000003	0.00010000000000000003
4	0.00010000000000000003	0.00010000000000000003	0.00010000000000000003	0.00010000000000000003	0.00010000000000000003	0.00010000000000000003	0.00010000000000000003	0.00010000000000000003	0.00010000000000000003	0.00010000000000000003	0.00010000000000000003	0.00010000000000000003	0.00010000000000000003	0.00010000000000000003	0.00010000000000000003	0.00010000000000000003
5	0.00010000000000000003	0.00010000000000000003	0.00010000000000000003	0.00010000000000000003	0.00010000000000000003	0.00010000000000000003	0.00010000000000000003	0.00010000000000000003	0.00010000000000000003	0.00010000000000000003	0.00010000000000000003	0.00010000000000000003	0.00010000000000000003	0.00010000000000000003	0.00010000000000000003	0.00010000000000000003
6	0.00010000000000000003	0.00010000000000000003	0.00010000000000000003	0.00010000000000000003	0.00010000000000000003	0.00010000000000000003	0.00010000000000000003	0.00010000000000000003	0.00010000000000000003	0.00010000000000000003	0.00010000000000000003	0.00010000000000000003	0.00010000000000000003	0.00010000000000000003	0.00010000000000000003	0.00010000000000000003
7	0.00010000000000000003	0.00010000000000000003	0.00010000000000000003	0.00010000000000000003	0.00010000000000000003	0.00010000000000000003	0.00010000000000000003	0.00010000000000000003	0.00010000000000000003	0.00010000000000000003	0.00010000000000000003	0.00010000000000000003	0.00010000000000000003	0.00010000000000000003	0.00010000000000000003	0.00010000000000000003
8	0.00010000000000000003	0.00010000000000000003	0.00010000000000000003	0.00010000000000000003	0.00010000000000000003	0.00010000000000000003	0.00010000000000000003	0.00010000000000000003	0.00010000000000000003	0.00010000000000000003	0.00010000000000000003	0.00010000000000000003	0.00010000000000000003	0.00010000000000000003	0.00010000000000000003	0.00010000000000000003
9	0.00010000000000000003	0.00010000000000000003	0.00010000000000000003	0.00010000000000000003	0.00010000000000000003	0.00010000000000000003	0.00010000000000000003	0.00010000000000000003	0.00010000000000000003	0.00010000000000000003	0.00010000000000000003	0.00010000000000000003	0.00010000000000000003	0.00010000000000000003	0.00010000000000000003	0.00010000000000000003
10	0.00010000000000000003	0.00010000000000000003	0.00010000000000000003	0.00010000000000000003	0.00010000000000000003	0.00010000000000000003	0.00010000000000000003	0.00010000000000000003	0.00010000000000000003	0.00010000000000000003	0.00010000000000000003	0.00010000000000000003	0.00010000000000000003	0.00010000000000000003	0.00010000000000000003	0.00010000000000000003
11	0.00010000000000000003	0.00010000000000000003	0.00010000000000000003	0.00010000000000000003	0.00010000000000000003	0.00010000000000000003	0.00010000000000000003	0.00010000000000000003	0.00010000000000000003	0.00010000000000000003	0.00010000000000000003	0.00010000000000000003	0.00010000000000000003	0.00010000000000000003	0.00010000000000000003	0.00010000000000000003
12	0.00010000000000000003	0.00010000000000000003	0.00010000000000000003	0.00010000000000000003	0.00010000000000000003	0.00010000000000000003	0.00010000000000000003	0.00010000000000000003	0.00010000000000000003	0.00010000000000000003	0.00010000000000000003	0.00010000000000000003	0.00010000000000000003	0.00010000000000000003	0.00010000000000000003	0.00010000000000000003
13	0.00010000000000000003	0.00010000000000000003	0.00010000000000000003	0.00010000000000000003	0.00010000000000000003	0.00010000000000000003	0.00010000000000000003	0.00010000000000000003	0.00010000000000000003	0.00010000000000000003	0.00010000000000000003	0.00010000000000000003	0.00010000000000000003	0.00010000000000000003	0.00010000000000000003	0.00010000000000000003
14	0.00010000000000000003	0.00010000000000000003	0.00010000000000000003	0.00010000000000000003	0.00010000000000000003	0.00010000000000000003	0.00010000000000000003	0.00010000000000000003	0.00010000000000000003	0.00010000000000000003	0.00010000000000000003	0.00010000000000000003	0.00010000000000000003	0.00010000000000000003	0.00010000000000000003	0.00010000000000000003
15	0.00010000000000000003	0.00010000000000000003	0.00010000000000000003	0.00010000000000000003	0.00010000000000000003	0.00010000000000000003	0.00010000000000000003	0.00010000000000000003	0.00010000000000000003	0.00010000000000000003	0.00010000000000000003	0.00010000000000000003	0.00010000000000000003	0.00010000000000000003	0.00010000000000000003	0.00010000000000000003
16	0.00010000000000000003	0.00010000000000000003	0.00010000000000000003	0.00010000000000000003	0.00010000000000000003	0.00010000000000000003	0.00010000000000000003	0.00010000000000000003	0.00010000000000000003	0.00010000000000000003	0.00010000000000000003	0.00010000000000000003	0.00010000000000000003	0.00010000000000000003	0.00010000000000000003	0.00010000000000000003
17	0.00010000000000000003	0.00010000000000000003	0.00010000000000000003	0.00010000000000000003	0.00010000000000000003	0.00010000000000000003	0.00010000000000000003	0.00010000000000000003	0.00010000000000000003	0.00010000000000000003	0.00010000000000000003	0.00010000000000000003	0.00010000000000000003	0.00010000000000000003	0.00010000000000000003	0.00010000000000000003
18	0.00010000000000000003	0.00010000000000000003	0.00010000000000000003	0.00010000000000000003	0.00010000000000000003	0.00010000000000000003	0.00010000000000000003	0.00010000000000000003	0.00010000000000000003	0.00010000000000000003	0.00010000000000000003	0.00010000000000000003	0.00010000000000000003	0.00010000000000000003	0.00010000000000000003	0.00010000000000000003
19	0.00010000000000000003	0.00010000000000000003	0.00010000000000000003	0.00010000000000000003	0.00010000000000000003	0.00010000000000000003	0.00010000000000000003	0.00010000000000000003	0.00010000000000000003	0.00010000000000000003	0.00010000000000000003	0.00010000000000000003	0.00010000000000000003	0.00010000000000000003	0.00010000000000000003	0.00010000000000000003
20	0.00010000000000000003	0.00010000000000000003	0.00010000000000000003	0.00010000000000000003	0.00010000000000000003	0.00010000000000000003	0.00010000000000000003	0.00010000000000000003	0.00010000000000000003	0.00010000000000000003	0.00010000000000000003	0.00010000000000000003	0.00010000000000000003	0.00010000000000000003	0.00010000000000000003	0.00010000000000000003
21	0.00010000000000000003	0.00010000000000000003	0.00010000000000000003	0.00010000000000000003	0.00010000000000000003	0.00010000000000000003	0.00010000000000000003	0.00010000000000000003	0.00010000000000000003	0.00010000000000000003	0.00010000000000000003	0.00010000000000000003	0.00010000000000000003	0.00010000000000000003	0.00010000000000000003	0.00010000000000000003
22	0.00010000000000000003	0.00010000000000000003	0.00010000000000000003	0.00010000000000000003	0.00010000000000000003	0.00010000000000000003	0.00010000000000000003	0.00010000000000000003	0.00010000000000000003	0.00010000000000000003	0.00010000000000000003	0.00010000000000000003	0.00010000000000000003	0.00010000000000000003	0.00010000000000000003	0.00010000000000000003
23	0.00010000000000000003	0.00010000000000000003	0.00010000000000000003	0.00010000000000000003	0.00010000000000000003	0.00010000000000000003	0.00010000000000000003	0.00010000000000000003	0.00010000000000000003	0.00010000000000000003	0.00010000000000000003	0.00010000000000000003	0.00010000000000000003	0.00010000000000000003	0.00010000000000000003	0.00010000000000000003
24	0.00010000000000000003	0.00010000000000000003	0.00010000000000000003	0.00010000000000000003	0.00010000000000000003	0.00010000000000000003	0.00010000000000000003	0.00010000000000000003	0.00010000000000000003	0.00010000000000000003	0.00010000000000000003	0.00010000000000000003	0.00010000000000000003	0.00010000000000000003	0.00010000000000000003	0.00010000000000000003
["ST_COLLECTOR","C4",*,*] :	1	2	3	4	5	6	7	8	9	10	11	12	13	14	15	16 := 
1	0.00010000000000000003	0.00010000000000000003	0.00010000000000000003	0.00010000000000000003	0.00010000000000000003	0.00010000000000000003	0.00010000000000000003	0.00010000000000000003	0.00010000000000000003	0.00010000000000000003	0.00010000000000000003	0.00010000000000000003	0.00010000000000000003	0.00010000000000000003	0.00010000000000000003	0.00010000000000000003
2	0.00010000000000000003	0.00010000000000000003	0.00010000000000000003	0.00010000000000000003	0.00010000000000000003	0.00010000000000000003	0.00010000000000000003	0.00010000000000000003	0.00010000000000000003	0.00010000000000000003	0.00010000000000000003	0.00010000000000000003	0.00010000000000000003	0.00010000000000000003	0.00010000000000000003	0.00010000000000000003
3	0.00010000000000000003	0.00010000000000000003	0.00010000000000000003	0.00010000000000000003	0.00010000000000000003	0.00010000000000000003	0.00010000000000000003	0.00010000000000000003	0.00010000000000000003	0.00010000000000000003	0.00010000000000000003	0.00010000000000000003	0.00010000000000000003	0.00010000000000000003	0.00010000000000000003	0.00010000000000000003
4	0.00010000000000000003	0.00010000000000000003	0.00010000000000000003	0.00010000000000000003	0.00010000000000000003	0.00010000000000000003	0.00010000000000000003	0.00010000000000000003	0.00010000000000000003	0.00010000000000000003	0.00010000000000000003	0.00010000000000000003	0.00010000000000000003	0.00010000000000000003	0.00010000000000000003	0.00010000000000000003
5	0.00010000000000000003	0.00010000000000000003	0.00010000000000000003	0.00010000000000000003	0.00010000000000000003	0.00010000000000000003	0.00010000000000000003	0.00010000000000000003	0.00010000000000000003	0.00010000000000000003	0.00010000000000000003	0.00010000000000000003	0.00010000000000000003	0.00010000000000000003	0.00010000000000000003	0.00010000000000000003
6	0.00010000000000000003	0.00010000000000000003	0.00010000000000000003	0.00010000000000000003	0.00010000000000000003	0.00010000000000000003	0.00010000000000000003	0.00010000000000000003	0.00010000000000000003	0.00010000000000000003	0.00010000000000000003	0.00010000000000000003	0.00010000000000000003	0.00010000000000000003	0.00010000000000000003	0.00010000000000000003
7	0.00010000000000000003	0.00010000000000000003	0.00010000000000000003	0.00010000000000000003	0.00010000000000000003	0.00010000000000000003	0.00010000000000000003	0.00010000000000000003	0.00010000000000000003	0.00010000000000000003	0.00010000000000000003	0.00010000000000000003	0.00010000000000000003	0.00010000000000000003	0.00010000000000000003	0.00010000000000000003
8	0.00010000000000000003	0.00010000000000000003	0.00010000000000000003	0.00010000000000000003	0.00010000000000000003	0.00010000000000000003	0.00010000000000000003	0.00010000000000000003	0.00010000000000000003	0.00010000000000000003	0.00010000000000000003	0.00010000000000000003	0.00010000000000000003	0.00010000000000000003	0.00010000000000000003	0.00010000000000000003
9	0.00010000000000000003	0.00010000000000000003	0.00010000000000000003	0.00010000000000000003	0.00010000000000000003	0.00010000000000000003	0.00010000000000000003	0.00010000000000000003	0.00010000000000000003	0.00010000000000000003	0.00010000000000000003	0.00010000000000000003	0.00010000000000000003	0.00010000000000000003	0.00010000000000000003	0.00010000000000000003
10	0.00010000000000000003	0.00010000000000000003	0.00010000000000000003	0.00010000000000000003	0.00010000000000000003	0.00010000000000000003	0.00010000000000000003	0.00010000000000000003	0.00010000000000000003	0.00010000000000000003	0.00010000000000000003	0.00010000000000000003	0.00010000000000000003	0.00010000000000000003	0.00010000000000000003	0.00010000000000000003
11	0.00010000000000000003	0.00010000000000000003	0.00010000000000000003	0.00010000000000000003	0.00010000000000000003	0.00010000000000000003	0.00010000000000000003	0.00010000000000000003	0.00010000000000000003	0.00010000000000000003	0.00010000000000000003	0.00010000000000000003	0.00010000000000000003	0.00010000000000000003	0.00010000000000000003	0.00010000000000000003
12	0.00010000000000000003	0.00010000000000000003	0.00010000000000000003	0.00010000000000000003	0.00010000000000000003	0.00010000000000000003	0.00010000000000000003	0.00010000000000000003	0.00010000000000000003	0.00010000000000000003	0.00010000000000000003	0.00010000000000000003	0.00010000000000000003	0.00010000000000000003	0.00010000000000000003	0.00010000000000000003
13	0.00010000000000000003	0.00010000000000000003	0.00010000000000000003	0.00010000000000000003	0.00010000000000000003	0.00010000000000000003	0.00010000000000000003	0.00010000000000000003	0.00010000000000000003	0.00010000000000000003	0.00010000000000000003	0.00010000000000000003	0.00010000000000000003	0.00010000000000000003	0.00010000000000000003	0.00010000000000000003
14	0.00010000000000000003	0.00010000000000000003	0.00010000000000000003	0.00010000000000000003	0.00010000000000000003	0.00010000000000000003	0.00010000000000000003	0.00010000000000000003	0.00010000000000000003	0.00010000000000000003	0.00010000000000000003	0.00010000000000000003	0.00010000000000000003	0.00010000000000000003	0.00010000000000000003	0.00010000000000000003
15	0.00010000000000000003	0.00010000000000000003	0.00010000000000000003	0.00010000000000000003	0.00010000000000000003	0.00010000000000000003	0.00010000000000000003	0.00010000000000000003	0.00010000000000000003	0.00010000000000000003	0.00010000000000000003	0.00010000000000000003	0.00010000000000000003	0.00010000000000000003	0.00010000000000000003	0.00010000000000000003
16	0.00010000000000000003	0.00010000000000000003	0.00010000000000000003	0.00010000000000000003	0.00010000000000000003	0.00010000000000000003	0.00010000000000000003	0.00010000000000000003	0.00010000000000000003	0.00010000000000000003	0.00010000000000000003	0.00010000000000000003	0.00010000000000000003	0.00010000000000000003	0.00010000000000000003	0.00010000000000000003
17	0.00010000000000000003	0.00010000000000000003	0.00010000000000000003	0.00010000000000000003	0.00010000000000000003	0.00010000000000000003	0.00010000000000000003	0.00010000000000000003	0.00010000000000000003	0.00010000000000000003	0.00010000000000000003	0.00010000000000000003	0.00010000000000000003	0.00010000000000000003	0.00010000000000000003	0.00010000000000000003
18	0.00010000000000000003	0.00010000000000000003	0.00010000000000000003	0.00010000000000000003	0.00010000000000000003	0.00010000000000000003	0.00010000000000000003	0.00010000000000000003	0.00010000000000000003	0.00010000000000000003	0.00010000000000000003	0.00010000000000000003	0.00010000000000000003	0.00010000000000000003	0.00010000000000000003	0.00010000000000000003
19	0.00010000000000000003	0.00010000000000000003	0.00010000000000000003	0.00010000000000000003	0.00010000000000000003	0.00010000000000000003	0.00010000000000000003	0.00010000000000000003	0.00010000000000000003	0.00010000000000000003	0.00010000000000000003	0.00010000000000000003	0.00010000000000000003	0.00010000000000000003	0.00010000000000000003	0.00010000000000000003
20	0.00010000000000000003	0.00010000000000000003	0.00010000000000000003	0.00010000000000000003	0.00010000000000000003	0.00010000000000000003	0.00010000000000000003	0.00010000000000000003	0.00010000000000000003	0.00010000000000000003	0.00010000000000000003	0.00010000000000000003	0.00010000000000000003	0.00010000000000000003	0.00010000000000000003	0.00010000000000000003
21	0.00010000000000000003	0.00010000000000000003	0.00010000000000000003	0.00010000000000000003	0.00010000000000000003	0.00010000000000000003	0.00010000000000000003	0.00010000000000000003	0.00010000000000000003	0.00010000000000000003	0.00010000000000000003	0.00010000000000000003	0.00010000000000000003	0.00010000000000000003	0.00010000000000000003	0.00010000000000000003
22	0.00010000000000000003	0.00010000000000000003	0.00010000000000000003	0.00010000000000000003	0.00010000000000000003	0.00010000000000000003	0.00010000000000000003	0.00010000000000000003	0.00010000000000000003	0.00010000000000000003	0.00010000000000000003	0.00010000000000000003	0.00010000000000000003	0.00010000000000000003	0.00010000000000000003	0.00010000000000000003
23	0.00010000000000000003	0.00010000000000000003	0.00010000000000000003	0.00010000000000000003	0.00010000000000000003	0.00010000000000000003	0.00010000000000000003	0.00010000000000000003	0.00010000000000000003	0.00010000000000000003	0.00010000000000000003	0.00010000000000000003	0.00010000000000000003	0.00010000000000000003	0.00010000000000000003	0.00010000000000000003
24	0.00010000000000000003	0.00010000000000000003	0.00010000000000000003	0.00010000000000000003	0.00010000000000000003	0.00010000000000000003	0.00010000000000000003	0.00010000000000000003	0.00010000000000000003	0.00010000000000000003	0.00010000000000000003	0.00010000000000000003	0.00010000000000000003	0.00010000000000000003	0.00010000000000000003	0.00010000000000000003
["ST_COLLECTOR","C5",*,*] :	1	2	3	4	5	6	7	8	9	10	11	12	13	14	15	16 := 
1	0.00010000000000000003	0.00010000000000000003	0.00010000000000000003	0.00010000000000000003	0.00010000000000000003	0.00010000000000000003	0.00010000000000000003	0.00010000000000000003	0.00010000000000000003	0.00010000000000000003	0.00010000000000000003	0.00010000000000000003	0.00010000000000000003	0.00010000000000000003	0.00010000000000000003	0.00010000000000000003
2	0.00010000000000000003	0.00010000000000000003	0.00010000000000000003	0.00010000000000000003	0.00010000000000000003	0.00010000000000000003	0.00010000000000000003	0.00010000000000000003	0.00010000000000000003	0.00010000000000000003	0.00010000000000000003	0.00010000000000000003	0.00010000000000000003	0.00010000000000000003	0.00010000000000000003	0.00010000000000000003
3	0.00010000000000000003	0.00010000000000000003	0.00010000000000000003	0.00010000000000000003	0.00010000000000000003	0.00010000000000000003	0.00010000000000000003	0.00010000000000000003	0.00010000000000000003	0.00010000000000000003	0.00010000000000000003	0.00010000000000000003	0.00010000000000000003	0.00010000000000000003	0.00010000000000000003	0.00010000000000000003
4	0.00010000000000000003	0.00010000000000000003	0.00010000000000000003	0.00010000000000000003	0.00010000000000000003	0.00010000000000000003	0.00010000000000000003	0.00010000000000000003	0.00010000000000000003	0.00010000000000000003	0.00010000000000000003	0.00010000000000000003	0.00010000000000000003	0.00010000000000000003	0.00010000000000000003	0.00010000000000000003
5	0.00010000000000000003	0.00010000000000000003	0.00010000000000000003	0.00010000000000000003	0.00010000000000000003	0.00010000000000000003	0.00010000000000000003	0.00010000000000000003	0.00010000000000000003	0.00010000000000000003	0.00010000000000000003	0.00010000000000000003	0.00010000000000000003	0.00010000000000000003	0.00010000000000000003	0.00010000000000000003
6	0.00010000000000000003	0.00010000000000000003	0.00010000000000000003	0.00010000000000000003	0.00010000000000000003	0.00010000000000000003	0.00010000000000000003	0.00010000000000000003	0.00010000000000000003	0.00010000000000000003	0.00010000000000000003	0.00010000000000000003	0.00010000000000000003	0.00010000000000000003	0.00010000000000000003	0.00010000000000000003
7	0.00010000000000000003	0.00010000000000000003	0.00010000000000000003	0.00010000000000000003	0.00010000000000000003	0.00010000000000000003	0.00010000000000000003	0.00010000000000000003	0.00010000000000000003	0.00010000000000000003	0.00010000000000000003	0.00010000000000000003	0.00010000000000000003	0.00010000000000000003	0.00010000000000000003	0.00010000000000000003
8	0.00010000000000000003	0.00010000000000000003	0.00010000000000000003	0.00010000000000000003	0.00010000000000000003	0.00010000000000000003	0.00010000000000000003	0.00010000000000000003	0.00010000000000000003	0.00010000000000000003	0.00010000000000000003	0.00010000000000000003	0.00010000000000000003	0.00010000000000000003	0.00010000000000000003	0.00010000000000000003
9	0.00010000000000000003	0.00010000000000000003	0.00010000000000000003	0.00010000000000000003	0.00010000000000000003	0.00010000000000000003	0.00010000000000000003	0.00010000000000000003	0.00010000000000000003	0.00010000000000000003	0.00010000000000000003	0.00010000000000000003	0.00010000000000000003	0.00010000000000000003	0.00010000000000000003	0.00010000000000000003
10	0.00010000000000000003	0.00010000000000000003	0.00010000000000000003	0.00010000000000000003	0.00010000000000000003	0.00010000000000000003	0.00010000000000000003	0.00010000000000000003	0.00010000000000000003	0.00010000000000000003	0.00010000000000000003	0.00010000000000000003	0.00010000000000000003	0.00010000000000000003	0.00010000000000000003	0.00010000000000000003
11	0.00010000000000000003	0.00010000000000000003	0.00010000000000000003	0.00010000000000000003	0.00010000000000000003	0.00010000000000000003	0.00010000000000000003	0.00010000000000000003	0.00010000000000000003	0.00010000000000000003	0.00010000000000000003	0.00010000000000000003	0.00010000000000000003	0.00010000000000000003	0.00010000000000000003	0.00010000000000000003
12	0.00010000000000000003	0.00010000000000000003	0.00010000000000000003	0.00010000000000000003	0.00010000000000000003	0.00010000000000000003	0.00010000000000000003	0.00010000000000000003	0.00010000000000000003	0.00010000000000000003	0.00010000000000000003	0.00010000000000000003	0.00010000000000000003	0.00010000000000000003	0.00010000000000000003	0.00010000000000000003
13	0.00010000000000000003	0.00010000000000000003	0.00010000000000000003	0.00010000000000000003	0.00010000000000000003	0.00010000000000000003	0.00010000000000000003	0.00010000000000000003	0.00010000000000000003	0.00010000000000000003	0.00010000000000000003	0.00010000000000000003	0.00010000000000000003	0.00010000000000000003	0.00010000000000000003	0.00010000000000000003
14	0.00010000000000000003	0.00010000000000000003	0.00010000000000000003	0.00010000000000000003	0.00010000000000000003	0.00010000000000000003	0.00010000000000000003	0.00010000000000000003	0.00010000000000000003	0.00010000000000000003	0.00010000000000000003	0.00010000000000000003	0.00010000000000000003	0.00010000000000000003	0.00010000000000000003	0.00010000000000000003
15	0.00010000000000000003	0.00010000000000000003	0.00010000000000000003	0.00010000000000000003	0.00010000000000000003	0.00010000000000000003	0.00010000000000000003	0.00010000000000000003	0.00010000000000000003	0.00010000000000000003	0.00010000000000000003	0.00010000000000000003	0.00010000000000000003	0.00010000000000000003	0.00010000000000000003	0.00010000000000000003
16	0.00010000000000000003	0.00010000000000000003	0.00010000000000000003	0.00010000000000000003	0.00010000000000000003	0.00010000000000000003	0.00010000000000000003	0.00010000000000000003	0.00010000000000000003	0.00010000000000000003	0.00010000000000000003	0.00010000000000000003	0.00010000000000000003	0.00010000000000000003	0.00010000000000000003	0.00010000000000000003
17	0.00010000000000000003	0.00010000000000000003	0.00010000000000000003	0.00010000000000000003	0.00010000000000000003	0.00010000000000000003	0.00010000000000000003	0.00010000000000000003	0.00010000000000000003	0.00010000000000000003	0.00010000000000000003	0.00010000000000000003	0.00010000000000000003	0.00010000000000000003	0.00010000000000000003	0.00010000000000000003
18	0.00010000000000000003	0.00010000000000000003	0.00010000000000000003	0.00010000000000000003	0.00010000000000000003	0.00010000000000000003	0.00010000000000000003	0.00010000000000000003	0.00010000000000000003	0.00010000000000000003	0.00010000000000000003	0.00010000000000000003	0.00010000000000000003	0.00010000000000000003	0.00010000000000000003	0.00010000000000000003
19	0.00010000000000000003	0.00010000000000000003	0.00010000000000000003	0.00010000000000000003	0.00010000000000000003	0.00010000000000000003	0.00010000000000000003	0.00010000000000000003	0.00010000000000000003	0.00010000000000000003	0.00010000000000000003	0.00010000000000000003	0.00010000000000000003	0.00010000000000000003	0.00010000000000000003	0.00010000000000000003
20	0.00010000000000000003	0.00010000000000000003	0.00010000000000000003	0.00010000000000000003	0.00010000000000000003	0.00010000000000000003	0.00010000000000000003	0.00010000000000000003	0.00010000000000000003	0.00010000000000000003	0.00010000000000000003	0.00010000000000000003	0.00010000000000000003	0.00010000000000000003	0.00010000000000000003	0.00010000000000000003
21	0.00010000000000000003	0.00010000000000000003	0.00010000000000000003	0.00010000000000000003	0.00010000000000000003	0.00010000000000000003	0.00010000000000000003	0.00010000000000000003	0.00010000000000000003	0.00010000000000000003	0.00010000000000000003	0.00010000000000000003	0.00010000000000000003	0.00010000000000000003	0.00010000000000000003	0.00010000000000000003
22	0.00010000000000000003	0.00010000000000000003	0.00010000000000000003	0.00010000000000000003	0.00010000000000000003	0.00010000000000000003	0.00010000000000000003	0.00010000000000000003	0.00010000000000000003	0.00010000000000000003	0.00010000000000000003	0.00010000000000000003	0.00010000000000000003	0.00010000000000000003	0.00010000000000000003	0.00010000000000000003
23	0.00010000000000000003	0.00010000000000000003	0.00010000000000000003	0.00010000000000000003	0.00010000000000000003	0.00010000000000000003	0.00010000000000000003	0.00010000000000000003	0.00010000000000000003	0.00010000000000000003	0.00010000000000000003	0.00010000000000000003	0.00010000000000000003	0.00010000000000000003	0.00010000000000000003	0.00010000000000000003
24	0.00010000000000000003	0.00010000000000000003	0.00010000000000000003	0.00010000000000000003	0.00010000000000000003	0.00010000000000000003	0.00010000000000000003	0.00010000000000000003	0.00010000000000000003	0.00010000000000000003	0.00010000000000000003	0.00010000000000000003	0.00010000000000000003	0.00010000000000000003	0.00010000000000000003	0.00010000000000000003
;
