Unnamed: 0;ELECTRICITY;HEAT_LOW_T_SH;SPACE_COOLING;MOBILITY_PASSENGER;MOBILITY_FREIGHT;PV;WIND_ONSHORE;WIND_OFFSHORE;HYDRO_DAM;HYDRO_RIVER;TIDAL;SOLAR;CSP
2017-01-01 00:00:00+00:00;1,86E-06;0;0;0;0;0;0,085;0,085;0,66131025;0,17471839;0,0001;0;0,0001
2017-01-01 01:00:00+00:00;1,17E-05;0;0;0;0;0;0,106;0,106;0,57778656;0,17708861;0,0001;0;0,0001
2017-01-01 02:00:00+00:00;1,78E-05;0;0;0;0;0;0,175;0,175;0,5372018;0,18047462;0,0001;0;0,0001
2017-01-01 03:00:00+00:00;2,38E-05;0;0;0;0;0;0,189;0,189;0,50397559;0,17810441;0,0001;0;0,0001
2017-01-01 04:00:00+00:00;3,28E-05;0;0;0;0;0;0,171;0,171;0,47923566;0,19266428;0,0001;0;0,0001
2017-01-01 05:00:00+00:00;6,97E-05;0;4,11E-06;0;0;0;0,174;0,174;0,41835147;0,19537309;0,0001;0;0,0001
2017-01-01 06:00:00+00:00;0,0002784;0;3,01E-05;0;0;0;0,136;0,136;0,37790768;0,19875911;0,0001;0;0,0001
2017-01-01 07:00:00+00:00;0,00036531;0;7,17E-05;0;0;0,019608787;0,074;0,074;0,39995512;0,19334148;0,0001;0,019608787;0,0001
2017-01-01 08:00:00+00:00;0,00030591;0;0,00011994;0;0;0,151837506;0,041;0,041;0,4124731;0,25428976;0,0001;0,151837506;0,0001
2017-01-01 09:00:00+00:00;0,00010434;0;0,0001722;0;0;0,331682712;0,028;0,028;0,44777155;0,23600527;0,0001;0,331682712;0,0001
2017-01-01 10:00:00+00:00;7,56E-05;0;0,00022828;0;0;0,472086383;0,014;0,014;0,50255181;0,17810441;0,0001;0,472086383;0,0001
2017-01-01 11:00:00+00:00;7,58E-05;0;0,00028587;0;0;0,625388592;0,002;0,002;0,55620432;0,20925575;0,0001;0,625388592;0,0001
2017-01-01 12:00:00+00:00;7,55E-05;0;0,00034576;0;0;0,714273527;0;0;0,57623591;0,22381562;0,0001;0,714273527;0,0001
2017-01-01 13:00:00+00:00;7,32E-05;0;0,00037535;0;0;0,778656067;0;0;0,61298633;0,22449282;0,0001;0,778656067;0,0001
2017-01-01 14:00:00+00:00;7,44E-05;0;0,00037612;0;0;0,757732613;0;0;0,59819877;0,440182;0,0001;0,757732613;0,0001
2017-01-01 15:00:00+00:00;7,73E-05;0;0,000369;0;0;0,684486702;0;0;0,63212982;0,4388276;0,0001;0,684486702;0,0001
2017-01-01 16:00:00+00:00;8,04E-05;0;0,00034101;0;0;0,530095116;0;0;0,60788328;0,45948229;0,0001;0,530095116;0,0001
2017-01-01 17:00:00+00:00;0,00010397;0;0,00028548;0;0;0,364573933;0;0;0,57705353;0,73645835;0,0001;0,364573933;0,0001
2017-01-01 18:00:00+00:00;0,00033942;0;0,0002329;0;0;0,194933495;0;0;0,68411891;0,89187646;0,0001;0,194933495;0,0001
2017-01-01 19:00:00+00:00;0,00035041;0;0,00018044;0;0;0,027905761;0;0;0,83120518;0,88273422;0,0001;0,027905761;0,0001
2017-01-01 20:00:00+00:00;9,87E-05;0;0,00012665;0;0;0;0,001;0,001;0,74800572;0,87156037;0,0001;0;0,0001
2017-01-01 21:00:00+00:00;5,18E-05;0;7,79E-05;0;0;0;0,005;0,005;0,62664616;0,79842244;0,0001;0;0,0001
2017-01-01 22:00:00+00:00;3,19E-05;0;3,71E-05;0;0;0;0,014;0,014;0,61278898;0,28713411;0,0001;0;0,0001
2017-01-01 23:00:00+00:00;6,46E-06;0;6,20E-06;0;0;0;0,023;0,023;0,56399987;0,16625336;0,0001;0;0,0001
2017-01-02 00:00:00+00:00;2,01E-06;0;0;0;0;0;0,028;0,028;0,58241032;0,43028638;0,0001;0;0,0001
2017-01-02 01:00:00+00:00;1,18E-05;0;0;0;0;0;0,026;0,026;0,58420062;0,43081121;0,0001;0;0,0001
2017-01-02 02:00:00+00:00;1,76E-05;0;0;0;0;0;0,02;0,02;0,59292655;0,45615553;0,0001;0;0,0001
2017-01-02 03:00:00+00:00;2,39E-05;0;0;0;0;0;0,015;0,015;0,58366494;0,45294727;0,0001;0;0,0001
2017-01-02 04:00:00+00:00;3,22E-05;0;0;0;0;0;0,014;0,014;0,59958026;0,45461489;0,0001;0;0,0001
2017-01-02 05:00:00+00:00;6,91E-05;0;4,24E-06;0;0;0;0,014;0,014;0,61997836;0,45816175;0,0001;0;0,0001
2017-01-02 06:00:00+00:00;0,00027966;0;2,98E-05;0;0;0;0,013;0,013;0,60428859;0,44750426;0,0001;0;0,0001
2017-01-02 07:00:00+00:00;0,00035987;0;7,04E-05;0;0;0,01629063;0,001;0,001;0,58059183;0,41072367;0,0001;0,01629063;0,0001
2017-01-02 08:00:00+00:00;0,00030419;0;0,00011895;0;0;0,193016312;0;0;0,62857742;0,27121984;0,0001;0,193016312;0,0001
2017-01-02 09:00:00+00:00;0,00010763;0;0,00017236;0;0;0,384427534;0;0;0,60772822;0,32641189;0,0001;0,384427534;0,0001
2017-01-02 10:00:00+00:00;7,35E-05;0;0,0002285;0;0;0,546828221;0,002;0,002;0,58930367;0,36535106;0,0001;0,546828221;0,0001
2017-01-02 11:00:00+00:00;7,41E-05;0;0,00028507;0;0;0,687823875;0,002;0,002;0,62330521;0,36298085;0,0001;0,687823875;0,0001
2017-01-02 12:00:00+00:00;7,75E-05;0;0,00034505;0;0;0,771339951;0,001;0,001;0,58628695;0,36704407;0,0001;0,771339951;0,0001
2017-01-02 13:00:00+00:00;7,44E-05;0;0,00037682;0;0;0,774742651;0;0;0,61284537;0,57151708;0,0001;0,774742651;0,0001
2017-01-02 14:00:00+00:00;7,38E-05;0;0,00037382;0;0;0,740789621;0,003;0,003;0,61965413;0,56143522;0,0001;0,740789621;0,0001
2017-01-02 15:00:00+00:00;7,62E-05;0;0,00036809;0;0;0,682339385;0,01;0,01;0,61345153;0,56630262;0,0001;0,682339385;0,0001
2017-01-02 16:00:00+00:00;8,10E-05;0;0,00034154;0;0;0,525564682;0,015;0,015;0,61081542;0,55121792;0,0001;0,525564682;0,0001
2017-01-02 17:00:00+00:00;0,00010487;0;0,00028631;0;0;0,358046956;0,02;0,02;0,55148189;0,78179709;0,0001;0,358046956;0,0001
2017-01-02 18:00:00+00:00;0,00033865;0;0,00023457;0;0;0,160011286;0,038;0,038;0,69223868;0,86619353;0,0001;0,160011286;0,0001
2017-01-02 19:00:00+00:00;0,00035572;0;0,00018062;0;0;0,026023908;0,055;0,055;0,80171463;0,87200055;0,0001;0,026023908;0,0001
2017-01-02 20:00:00+00:00;9,91E-05;0;0,00012762;0;0;0;0,056;0,056;0,76530253;0,86129228;0,0001;0;0,0001
2017-01-02 21:00:00+00:00;5,24E-05;0;7,82E-05;0;0;0;0,057;0,057;0,69992145;0,8636117;0,0001;0;0,0001
2017-01-02 22:00:00+00:00;3,23E-05;0;3,67E-05;0;0;0;0,056;0,056;0,62962059;0,58429082;0,0001;0;0,0001
2017-01-02 23:00:00+00:00;6,63E-06;0;6,05E-06;0;0;0;0,074;0,074;0,66365032;0,23126485;0,0001;0;0,0001
2017-01-03 00:00:00+00:00;1,96E-06;0;0;0;0;0;0,109;0,109;0,6761965;0,23228066;0,0001;0;0,0001
2017-01-03 01:00:00+00:00;1,19E-05;0;0;0;0;0;0,139;0,139;0,66589172;0,25158095;0,0001;0;0,0001
2017-01-03 02:00:00+00:00;1,79E-05;0;0;0;0;0;0,133;0,133;0,63304612;0,25090374;0,0001;0;0,0001
2017-01-03 03:00:00+00:00;2,38E-05;0;0;0;0;0;0,113;0,113;0,61253524;0,25259675;0,0001;0;0,0001
2017-01-03 04:00:00+00:00;3,26E-05;0;0;0;0;0;0,112;0,112;0,61904797;0,25293535;0,0001;0;0,0001
2017-01-03 05:00:00+00:00;6,92E-05;0;4,19E-06;0;0;0;0,167;0,167;0,67762028;0,25259675;0,0001;0;0,0001
2017-01-03 06:00:00+00:00;0,00028394;0;3,05E-05;0;0;0;0,139;0,139;0,66748466;0,24921073;0,0001;0;0,0001
2017-01-03 07:00:00+00:00;0,00036453;0;6,98E-05;0;0;0,019491778;0,048;0,048;0,70009062;0,25327395;0,0001;0,019491778;0,0001
2017-01-03 08:00:00+00:00;0,00030213;0;0,00011834;0;0;0,1894005;0,078;0,078;0,7077029;0,25733717;0,0001;0,1894005;0,0001
2017-01-03 09:00:00+00:00;0,00010523;0;0,00017258;0;0;0,404305094;0,103;0,103;0,70622273;0,25293535;0,0001;0,404305094;0,0001
2017-01-03 10:00:00+00:00;7,52E-05;0;0,00022856;0;0;0,578738765;0,114;0,114;0,70735048;0,25903018;0,0001;0,578738765;0,0001
2017-01-03 11:00:00+00:00;7,58E-05;0;0,00028581;0;0;0,700967847;0,11;0,11;0,64563458;0,29932376;0,0001;0,700967847;0,0001
2017-01-03 12:00:00+00:00;7,79E-05;0;0,00034591;0;0;0,74606322;0,122;0,122;0,65331735;0,34131035;0,0001;0,74606322;0,0001
2017-01-03 13:00:00+00:00;7,45E-05;0;0,00037682;0;0;0,749601115;0,136;0,136;0,71138217;0,33656993;0,0001;0,749601115;0,0001
2017-01-03 14:00:00+00:00;7,14E-05;0;0,00037497;0;0;0,730163805;0,112;0,112;0,72426667;0,34063315;0,0001;0,730163805;0,0001
2017-01-03 15:00:00+00:00;7,64E-05;0;0,00036943;0;0;0,612920699;0,091;0,091;0,66634282;0,58205605;0,0001;0,612920699;0,0001
2017-01-03 16:00:00+00:00;7,97E-05;0;0,00034143;0;0;0,50491485;0,102;0,102;0,72418209;0,57392961;0,0001;0,50491485;0,0001
2017-01-03 17:00:00+00:00;0,00010441;0;0,00028742;0;0;0,34662305;0,105;0,105;0,68707925;0,77167291;0,0001;0,34662305;0,0001
2017-01-03 18:00:00+00:00;0,00034057;0;0,00023133;0;0;0,174220558;0,119;0,119;0,77690421;0,89526248;0,0001;0,174220558;0,0001
2017-01-03 19:00:00+00:00;0,00035209;0;0,00017842;0;0;0,030521422;0,195;0,195;0,8835185;0,89424667;0,0001;0,030521422;0,0001
2017-01-03 20:00:00+00:00;9,86E-05;0;0,00012963;0;0;0;0,253;0,253;0,79434199;0,84379504;0,0001;0;0,0001
2017-01-03 21:00:00+00:00;5,25E-05;0;7,95E-05;0;0;0;0,269;0,269;0,6921823;0,83939322;0,0001;0;0,0001
2017-01-03 22:00:00+00:00;3,24E-05;0;3,72E-05;0;0;0;0,228;0,228;0,71033901;0,36941428;0,0001;0;0,0001
2017-01-03 23:00:00+00:00;6,75E-06;0;6,40E-06;0;0;0;0,223;0,223;0,68879906;0,25733717;0,0001;0;0,0001
2017-01-04 00:00:00+00:00;2,20E-07;0;0;0;0;0;0,236;0,236;0,7032624;0,23803688;0,0001;0;0,0001
2017-01-04 01:00:00+00:00;8,89E-06;0;0;0;0;0;0,274;0,274;0,70089413;0,23498947;0,0001;0;0,0001
2017-01-04 02:00:00+00:00;1,40E-05;0;0;0;0;0;0,31;0,31;0,68947571;0,24616332;0,0001;0;0,0001
2017-01-04 03:00:00+00:00;1,94E-05;0;0;0;0;0;0,334;0,334;0,67911454;0,25225815;0,0001;0;0,0001
2017-01-04 04:00:00+00:00;2,74E-05;0;0;0;0;0;0,352;0,352;0,69295762;0,25090374;0,0001;0;0,0001
2017-01-04 05:00:00+00:00;6,17E-05;0;4,16E-06;0;0;0;0,347;0,347;0,70839365;0,2204296;0,0001;0;0,0001
2017-01-04 06:00:00+00:00;0,000271;0;3,02E-05;0;0;0;0,269;0,269;0,70808352;0,22246121;0,0001;0;0,0001
2017-01-04 07:00:00+00:00;0,00034436;0;6,98E-05;0;0;0,015689357;0,326;0,326;0,70898571;0,25056514;0,0001;0,015689357;0,0001
2017-01-04 08:00:00+00:00;0,0002792;0;0,00011913;0;0;0,20130501;0,634;0,634;0,70735048;0,46557712;0,0001;0,20130501;0,0001
2017-01-04 09:00:00+00:00;7,50E-05;0;0,00017123;0;0;0,422011304;0,699;0,699;0,69099816;0,49740566;0,0001;0,422011304;0,0001
2017-01-04 10:00:00+00:00;4,24E-05;0;0,00022722;0;0;0,58751875;0,677;0,677;0,69536818;0,50925672;0,0001;0,58751875;0,0001
2017-01-04 11:00:00+00:00;4,24E-05;0;0,00028536;0;0;0,711903249;0,57;0,57;0,70011881;0,51298133;0,0001;0,711903249;0,0001
2017-01-04 12:00:00+00:00;4,31E-05;0;0,00034552;0;0;0,772127343;0,431;0,431;0,67241855;0,52347798;0,0001;0,772127343;0,0001
2017-01-04 13:00:00+00:00;4,19E-05;0;0,00037667;0;0;0,815131698;0,278;0,278;0,70833726;0,49706706;0,0001;0,815131698;0,0001
2017-01-04 14:00:00+00:00;4,22E-05;0;0,00037294;0;0;0,765308285;0,169;0,169;0,71255221;0,49537406;0,0001;0,765308285;0,0001
2017-01-04 15:00:00+00:00;4,65E-05;0;0,00036939;0;0;0,717984474;0,117;0,117;0,72900321;0,49977587;0,0001;0,717984474;0,0001
2017-01-04 16:00:00+00:00;5,53E-05;0;0,00033979;0;0;0,560603793;0,117;0,117;0,69156204;0,49876007;0,0001;0,560603793;0,0001
2017-01-04 17:00:00+00:00;8,38E-05;0;0,00028653;0;0;0,40603415;0,156;0,156;0,71541386;0,74153738;0,0001;0,40603415;0,0001
2017-01-04 18:00:00+00:00;0,00032879;0;0,00023392;0;0;0,214899193;0,222;0,222;0,78532002;0,8773166;0,0001;0,214899193;0,0001
2017-01-04 19:00:00+00:00;0,00034977;0;0,00017916;0;0;0,039761089;0,291;0,291;0,89784088;0,88036401;0,0001;0,039761089;0,0001
2017-01-04 20:00:00+00:00;9,44E-05;0;0,00012818;0;0;0;0,318;0,318;0,82645455;0,878671;0,0001;0;0,0001
2017-01-04 21:00:00+00:00;4,77E-05;0;7,95E-05;0;0;0;0,294;0,294;0,73755998;0,8783324;0,0001;0;0,0001
2017-01-04 22:00:00+00:00;2,85E-05;0;3,77E-05;0;0;0;0,208;0,208;0,71642884;0,60271074;0,0001;0;0,0001
2017-01-04 23:00:00+00:00;4,67E-06;0;6,44E-06;0;0;0;0,121;0,121;0,71252402;0,44864704;0,0001;0;0,0001
2017-01-05 00:00:00+00:00;0;0;0;0;0;0;0,084;0,084;0,5452229;0,22618583;0,0001;0;0,0001
2017-01-05 01:00:00+00:00;8,73E-06;0;0;0;0;0;0,083;0,083;0,51408301;0,22483142;0,0001;0;0,0001
2017-01-05 02:00:00+00:00;1,41E-05;0;0;0;0;0;0,091;0,091;0,51731118;0,22584723;0,0001;0;0,0001
2017-01-05 03:00:00+00:00;1,94E-05;0;0;0;0;0;0,11;0,11;0,48244974;0,2194138;0,0001;0;0,0001
2017-01-05 04:00:00+00:00;2,74E-05;0;0;0;0;0;0,139;0,139;0,48294313;0,21738219;0,0001;0;0,0001
2017-01-05 05:00:00+00:00;6,23E-05;0;4,28E-06;0;0;0;0,168;0,168;0,51085484;0,2204296;0,0001;0;0,0001
2017-01-05 06:00:00+00:00;0,00027132;0;3,00E-05;0;0;0;0,132;0,132;0,41853473;0,22178401;0,0001;0;0,0001
2017-01-05 07:00:00+00:00;0,00034826;0;7,10E-05;0;0;0,015242956;0,093;0,093;0,45582083;0,25158095;0,0001;0,015242956;0,0001
2017-01-05 08:00:00+00:00;0,00027759;0;0,00012015;0;0;0,196378341;0,139;0,139;0,52038429;0,24954934;0,0001;0,196378341;0,0001
2017-01-05 09:00:00+00:00;7,45E-05;0;0,00017326;0;0;0,418068796;0,207;0,207;0,53704674;0,25361255;0,0001;0,418068796;0,0001
2017-01-05 10:00:00+00:00;4,24E-05;0;0,00022925;0;0;0,579563392;0,297;0,297;0,54838059;0,24954934;0,0001;0,579563392;0,0001
2017-01-05 11:00:00+00:00;4,22E-05;0;0,00028642;0;0;0,697950248;0,35;0,35;0,56051795;0,25395116;0,0001;0,697950248;0,0001
2017-01-05 12:00:00+00:00;4,30E-05;0;0,00034467;0;0;0,775189952;0,341;0,341;0,54028901;0,24921073;0,0001;0,775189952;0,0001
2017-01-05 13:00:00+00:00;4,18E-05;0;0,00037627;0;0;0,785714877;0,253;0,253;0,53243708;0,20823995;0,0001;0,785714877;0,0001
2017-01-05 14:00:00+00:00;4,23E-05;0;0,00037464;0;0;0,745716444;0,177;0,177;0,55606336;0,20891715;0,0001;0,745716444;0,0001
2017-01-05 15:00:00+00:00;4,64E-05;0;0,00036863;0;0;0,648488259;0,149;0,149;0,55566864;0,42528354;0,0001;0,648488259;0,0001
2017-01-05 16:00:00+00:00;5,52E-05;0;0,00033999;0;0;0,498900974;0,14;0,14;0,61641186;0,42528354;0,0001;0,498900974;0,0001
2017-01-05 17:00:00+00:00;8,41E-05;0;0,0002855;0;0;0,377345894;0,134;0,134;0,58467991;0,73713556;0,0001;0,377345894;0,0001
2017-01-05 18:00:00+00:00;0,000329;0;0,00023144;0;0;0,205517863;0,149;0,149;0,79300279;0,88510443;0,0001;0,205517863;0,0001
2017-01-05 19:00:00+00:00;0,00034643;0;0,00017836;0;0;0,037144775;0,185;0,185;0,78479844;0,89119926;0,0001;0,037144775;0,0001
2017-01-05 20:00:00+00:00;9,44E-05;0;0,00012829;0;0;0;0,179;0,179;0,75131848;0,88002541;0,0001;0;0,0001
2017-01-05 21:00:00+00:00;4,78E-05;0;7,76E-05;0;0;0;0,156;0,156;0,66360803;0,8779938;0,0001;0;0,0001
2017-01-05 22:00:00+00:00;2,85E-05;0;3,67E-05;0;0;0;0,127;0,127;0,59563314;0,34435777;0,0001;0;0,0001
2017-01-05 23:00:00+00:00;4,52E-06;0;6,30E-06;0;0;0;0,101;0,101;0,57242977;0,22720164;0,0001;0;0,0001
2017-01-06 00:00:00+00:00;1,44E-06;0;0;0;0;0;0,08;0,08;0,27263259;0,21331897;0,0001;0;0,0001
2017-01-06 01:00:00+00:00;1,17E-05;0;0;0;0;0;0,074;0,074;0,32178822;0,21298037;0,0001;0;0,0001
2017-01-06 02:00:00+00:00;1,79E-05;0;0;0;0;0;0,078;0,078;0,29888088;0,22381562;0,0001;0;0,0001
2017-01-06 03:00:00+00:00;2,43E-05;0;0;0;0;0;0,085;0,085;0,30490023;0,20891715;0,0001;0;0,0001
2017-01-06 04:00:00+00:00;3,28E-05;0;0;0;0;0;0,11;0,11;0,33907093;0,21230317;0,0001;0;0,0001
2017-01-06 05:00:00+00:00;6,94E-05;0;4,08E-06;0;0;0;0,123;0,123;0,41544753;0,21196457;0,0001;0;0,0001
2017-01-06 06:00:00+00:00;0,00028137;0;3,00E-05;0;0;0;0,095;0,095;0,36665842;0,20993296;0,0001;0;0,0001
2017-01-06 07:00:00+00:00;0,00036043;0;7,10E-05;0;0;0,015136842;0,039;0,039;0,42383514;0,25090374;0,0001;0,015136842;0,0001
2017-01-06 08:00:00+00:00;0,0003037;0;0,00011882;0;0;0,178487989;0,039;0,039;0,47972905;0,25293535;0,0001;0,178487989;0,0001
2017-01-06 09:00:00+00:00;0,00010414;0;0,00017069;0;0;0,390495394;0,054;0,054;0,50661169;0,25564416;0,0001;0,390495394;0,0001
2017-01-06 10:00:00+00:00;7,36E-05;0;0,00022523;0;0;0,511883853;0,079;0,079;0,47287799;0,25530556;0,0001;0,511883853;0,0001
2017-01-06 11:00:00+00:00;7,51E-05;0;0,00028383;0;0;0,648292535;0,059;0,059;0,4795176;0,24616332;0,0001;0,648292535;0,0001
2017-01-06 12:00:00+00:00;7,63E-05;0;0,00034347;0;0;0,705849663;0,034;0,034;0,44107556;0,25869158;0,0001;0,705849663;0,0001
2017-01-06 13:00:00+00:00;7,63E-05;0;0,0003754;0;0;0,674778593;0,014;0,014;0,4901607;0,25564416;0,0001;0,674778593;0,0001
2017-01-06 14:00:00+00:00;7,51E-05;0;0,00037418;0;0;0,656679257;0,004;0,004;0,51598608;0,24684052;0,0001;0,656679257;0,0001
2017-01-06 15:00:00+00:00;7,65E-05;0;0,00036947;0;0;0,567430367;0,001;0,001;0,47972905;0,24582472;0,0001;0,567430367;0,0001
2017-01-06 16:00:00+00:00;8,13E-05;0;0,0003417;0;0;0,446930661;0;0;0,48146296;0,46727013;0,0001;0,446930661;0,0001
2017-01-06 17:00:00+00:00;0,00010302;0;0,0002877;0;0;0,289347107;0;0;0,54408105;0,76185347;0,0001;0,289347107;0,0001
2017-01-06 18:00:00+00:00;0,00034137;0;0,00023466;0;0;0,155512496;0;0;0,70047123;0,65011496;0,0001;0,155512496;0,0001
2017-01-06 19:00:00+00:00;0,00035679;0;0,00018095;0;0;0,029974392;0,001;0,001;0,6983849;0,88815184;0,0001;0,029974392;0,0001
2017-01-06 20:00:00+00:00;9,97E-05;0;0,0001273;0;0;0;0,005;0,005;0,60645951;0,88849045;0,0001;0;0,0001
2017-01-06 21:00:00+00:00;5,23E-05;0;7,89E-05;0;0;0;0,009;0,009;0,49333248;0,85429169;0,0001;0;0,0001
2017-01-06 22:00:00+00:00;3,19E-05;0;3,73E-05;0;0;0;0,009;0,009;0,37814733;0,33589273;0,0001;0;0,0001
2017-01-06 23:00:00+00:00;6,75E-06;0;6,15E-06;0;0;0;0,005;0,005;0,43041836;0,20790135;0,0001;0;0,0001
2017-01-07 00:00:00+00:00;1,40E-06;0;0;0;0;0;0,001;0,001;0,3129918;0,18149043;0,0001;0;0,0001
2017-01-07 01:00:00+00:00;1,19E-05;0;0;0;0;0;0;0;0,28729329;0,18115182;0,0001;0;0,0001
2017-01-07 02:00:00+00:00;1,76E-05;0;0;0;0;0;0;0;0,2548565;0,18182903;0,0001;0;0,0001
2017-01-07 03:00:00+00:00;2,40E-05;0;0;0;0;0;0;0;0,25013406;0,18961686;0,0001;0;0,0001
2017-01-07 04:00:00+00:00;3,27E-05;0;0;0;0;0;0;0;0,29821833;0,21501198;0,0001;0;0,0001
2017-01-07 05:00:00+00:00;6,83E-05;0;4,02E-06;0;0;0;0;0;0,35982146;0,21670499;0,0001;0;0,0001
2017-01-07 06:00:00+00:00;0,00028035;0;2,95E-05;0;0;0;0,001;0,001;0,39968728;0,2190752;0,0001;0;0,0001
2017-01-07 07:00:00+00:00;0,00036177;0;6,98E-05;0;0;0,011473594;0,017;0,017;0,50403197;0,25293535;0,0001;0,011473594;0,0001
2017-01-07 08:00:00+00:00;0,0003041;0;0,00011833;0;0;0,144286196;0,033;0,033;0,49985932;0,25530556;0,0001;0,144286196;0,0001
2017-01-07 09:00:00+00:00;0,00010604;0;0,00017008;0;0;0,276214558;0,047;0,047;0,50084609;0,25428976;0,0001;0,276214558;0,0001
2017-01-07 10:00:00+00:00;7,54E-05;0;0,00022627;0;0;0,429779837;0,074;0,074;0,48955454;0,22381562;0,0001;0,429779837;0,0001
2017-01-07 11:00:00+00:00;7,67E-05;0;0,00028495;0;0;0,505571356;0,109;0,109;0,47366741;0,2194138;0,0001;0,505571356;0,0001
2017-01-07 12:00:00+00:00;7,67E-05;0;0,00034433;0;0;0,555798259;0,162;0,162;0,38451909;0,19503449;0,0001;0,555798259;0,0001
2017-01-07 13:00:00+00:00;7,61E-05;0;0,00037392;0;0;0,610759017;0,24;0,24;0,42809238;0,21365757;0,0001;0,610759017;0,0001
2017-01-07 14:00:00+00:00;7,79E-05;0;0,0003728;0;0;0,588115844;0,31;0,31;0,43557779;0,23498947;0,0001;0,588115844;0,0001
2017-01-07 15:00:00+00:00;7,70E-05;0;0,00036838;0;0;0,573979237;0,324;0,324;0,46509654;0,23160346;0,0001;0,573979237;0,0001
2017-01-07 16:00:00+00:00;7,81E-05;0;0,00034151;0;0;0,457432417;0,267;0,267;0,48046208;0,47133335;0,0001;0,457432417;0,0001
2017-01-07 17:00:00+00:00;0,0001014;0;0,00028846;0;0;0,315882389;0,21;0,21;0,5309851;0,73611975;0,0001;0,315882389;0,0001
2017-01-07 18:00:00+00:00;0,00034247;0;0,00023466;0;0;0,169719897;0,189;0,189;0,72109488;0,89255366;0,0001;0,169719897;0,0001
2017-01-07 19:00:00+00:00;0,00035533;0;0,000181;0;0;0,03572782;0,207;0,207;0,72808691;0,88442723;0,0001;0,03572782;0,0001
2017-01-07 20:00:00+00:00;0,00010028;0;0,00012875;0;0;0;0,209;0,209;0,62221976;0,88578163;0,0001;0;0,0001
2017-01-07 21:00:00+00:00;5,19E-05;0;8,15E-05;0;0;0;0,221;0,221;0,48587526;0,87189897;0,0001;0;0,0001
2017-01-07 22:00:00+00:00;3,16E-05;0;3,76E-05;0;0;0;0,225;0,225;0,3844768;0,32336447;0,0001;0;0,0001
2017-01-07 23:00:00+00:00;6,87E-06;0;6,28E-06;0;0;0;0,204;0,204;0,40290135;0,20823995;0,0001;0;0,0001
2017-01-08 00:00:00+00:00;1,93E-06;0;0;0;0;0;0,177;0,177;0,38146008;0,1760728;0,0001;0;0,0001
2017-01-08 01:00:00+00:00;1,19E-05;0;0;0;0;0;0,16;0,16;0,39091905;0,1757342;0,0001;0;0,0001
2017-01-08 02:00:00+00:00;1,76E-05;0;0;0;0;0;0,137;0,137;0,38464596;0,19130987;0,0001;0;0,0001
2017-01-08 03:00:00+00:00;2,40E-05;0;0;0;0;0;0,102;0,102;0,37804865;0,18860106;0,0001;0;0,0001
2017-01-08 04:00:00+00:00;3,31E-05;0;0;0;0;0;0,078;0,078;0,36712361;0,19097127;0,0001;0;0,0001
2017-01-08 05:00:00+00:00;6,84E-05;0;4,05E-06;0;0;0;0,07;0,07;0,37269186;0,19638889;0,0001;0;0,0001
2017-01-08 06:00:00+00:00;0,0002803;0;2,99E-05;0;0;0;0,053;0,053;0,32600317;0,22754024;0,0001;0;0,0001
2017-01-08 07:00:00+00:00;0,00036502;0;7,09E-05;0;0;0,013482443;0,018;0,018;0,3152332;0,18893966;0,0001;0,013482443;0,0001
2017-01-08 08:00:00+00:00;0,00030433;0;0,00011861;0;0;0,163699831;0,025;0,025;0,31247022;0,17979742;0,0001;0,163699831;0,0001
2017-01-08 09:00:00+00:00;0,00010666;0;0,00017198;0;0;0,350111155;0,026;0,026;0,32837144;0,18284483;0,0001;0,350111155;0,0001
2017-01-08 10:00:00+00:00;7,23E-05;0;0,00022771;0;0;0,489812334;0,025;0,025;0,32288777;0,15846552;0,0001;0,489812334;0,0001
2017-01-08 11:00:00+00:00;7,46E-05;0;0,00028343;0;0;0,624045221;0,027;0,027;0,40411368;0,15575671;0,0001;0,624045221;0,0001
2017-01-08 12:00:00+00:00;7,56E-05;0;0,00034128;0;0;0,687860861;0,031;0,031;0,40123793;0,13374761;0,0001;0,687860861;0,0001
2017-01-08 13:00:00+00:00;7,53E-05;0;0,00037592;0;0;0,700634838;0,038;0,038;0,43209588;0,12358956;0,0001;0,700634838;0,0001
2017-01-08 14:00:00+00:00;7,51E-05;0;0,00037562;0;0;0,696652839;0,041;0,041;0,40015247;0,11139991;0,0001;0,696652839;0,0001
2017-01-08 15:00:00+00:00;7,66E-05;0;0,00036908;0;0;0,600047331;0,034;0,034;0,40456478;0,1103841;0,0001;0,600047331;0,0001
2017-01-08 16:00:00+00:00;8,03E-05;0;0,0003414;0;0;0,488109523;0,023;0,023;0,367617;0,3948094;0,0001;0,488109523;0,0001
2017-01-08 17:00:00+00:00;0,00010253;0;0,0002876;0;0;0,347573364;0,016;0,016;0,39059482;0,74187598;0,0001;0,347573364;0,0001
2017-01-08 18:00:00+00:00;0,00034373;0;0,00023433;0;0;0,179870489;0,012;0,012;0,56985005;0,86343393;0,0001;0,179870489;0,0001
2017-01-08 19:00:00+00:00;0,00035505;0;0,00018032;0;0;0,037582525;0,013;0,013;0,53649696;0,88815184;0,0001;0,037582525;0,0001
2017-01-08 20:00:00+00:00;9,88E-05;0;0,00012749;0;0;0;0,024;0,024;0,57657424;0,85835491;0,0001;0;0,0001
2017-01-08 21:00:00+00:00;5,25E-05;0;7,90E-05;0;0;0;0,034;0,034;0,50903635;0,85192148;0,0001;0;0,0001
2017-01-08 22:00:00+00:00;3,25E-05;0;3,69E-05;0;0;0;0,046;0,046;0,42734525;0,32404168;0,0001;0;0,0001
2017-01-08 23:00:00+00:00;6,74E-06;0;6,21E-06;0;0;0;0,061;0,061;0,42826154;0,20349953;0,0001;0;0,0001
2017-01-09 00:00:00+00:00;2,07E-06;0;0;0;0;0;0,076;0,076;0,30842443;0,16760776;0,0001;0;0,0001
2017-01-09 01:00:00+00:00;1,20E-05;0;0;0;0;0;0,084;0,084;0,25023274;0,16760776;0,0001;0;0,0001
2017-01-09 02:00:00+00:00;1,78E-05;0;0;0;0;0;0,095;0,095;0,21344003;0,16591475;0,0001;0;0,0001
2017-01-09 03:00:00+00:00;2,39E-05;0;0;0;0;0;0,105;0,105;0,2335139;0,18961686;0,0001;0;0,0001
2017-01-09 04:00:00+00:00;3,21E-05;0;0;0;0;0;0,108;0,108;0,2450733;0,19130987;0,0001;0;0,0001
2017-01-09 05:00:00+00:00;6,97E-05;0;4,14E-06;0;0;0;0,119;0,119;0,30872047;0,19300288;0,0001;0;0,0001
2017-01-09 06:00:00+00:00;0,00027773;0;3,04E-05;0;0;0;0,106;0,106;0,32555207;0,18995546;0,0001;0;0,0001
2017-01-09 07:00:00+00:00;0,00036649;0;7,18E-05;0;0;0,015630147;0,037;0,037;0,35869371;0,25462836;0,0001;0,015630147;0,0001
2017-01-09 08:00:00+00:00;0,00030561;0;0,00011983;0;0;0,184695495;0,143;0,143;0,42461046;0,25124234;0,0001;0,184695495;0,0001
2017-01-09 09:00:00+00:00;0,00010386;0;0,0001729;0;0;0,399509753;0,18;0,18;0,45118298;0,25395116;0,0001;0,399509753;0,0001
2017-01-09 10:00:00+00:00;7,58E-05;0;0,00022861;0;0;0,584430239;0,213;0,213;0,4715247;0,36501246;0,0001;0,584430239;0,0001
2017-01-09 11:00:00+00:00;7,54E-05;0;0,00028636;0;0;0,704230649;0,237;0,237;0,45575035;0,36230365;0,0001;0,704230649;0,0001
2017-01-09 12:00:00+00:00;7,59E-05;0;0,00034557;0;0;0,787756651;0,234;0,234;0,42435672;0,34977539;0,0001;0,787756651;0,0001
2017-01-09 13:00:00+00:00;7,40E-05;0;0,00037766;0;0;0,772590694;0,2;0,2;0,41522198;0,39108478;0,0001;0,772590694;0,0001
2017-01-09 14:00:00+00:00;7,55E-05;0;0,00037552;0;0;0,706840074;0,168;0,168;0,466182;0,39074618;0,0001;0,706840074;0,0001
2017-01-09 15:00:00+00:00;7,76E-05;0;0,00036914;0;0;0,600259197;0,131;0,131;0,49846373;0,42934676;0,0001;0,600259197;0,0001
2017-01-09 16:00:00+00:00;7,95E-05;0;0,00033944;0;0;0,48193327;0,104;0,104;0,45252218;0,438489;0,0001;0,48193327;0,0001
2017-01-09 17:00:00+00:00;0,00010397;0;0,00028501;0;0;0,332776164;0,093;0,093;0,39910931;0,73848996;0,0001;0,332776164;0,0001
2017-01-09 18:00:00+00:00;0,00034174;0;0,00023026;0;0;0,183269337;0,119;0,119;0,67564672;0,88002541;0,0001;0,183269337;0,0001
2017-01-09 19:00:00+00:00;0,00035552;0;0,00017845;0;0;0,036430098;0,179;0,179;0,68669863;0,88273422;0,0001;0,036430098;0,0001
2017-01-09 20:00:00+00:00;9,94E-05;0;0,0001259;0;0;0;0,248;0,248;0,61228149;0,878671;0,0001;0;0,0001
2017-01-09 21:00:00+00:00;5,19E-05;0;7,80E-05;0;0;0;0,303;0,303;0,4865801;0,83770022;0,0001;0;0,0001
2017-01-09 22:00:00+00:00;3,21E-05;0;3,63E-05;0;0;0;0,304;0,304;0,41329071;0,29289033;0,0001;0;0,0001
2017-01-09 23:00:00+00:00;6,82E-06;0;6,30E-06;0;0;0;0,274;0,274;0,3871693;0,17031657;0,0001;0;0,0001
2017-01-10 00:00:00+00:00;1,55E-06;0;0;0;0;0;0,216;0,216;0,29102895;0,14729167;0,0001;0;0,0001
2017-01-10 01:00:00+00:00;1,14E-05;0;0;0;0;0;0,162;0,162;0,24618695;0,14898468;0,0001;0;0,0001
2017-01-10 02:00:00+00:00;1,81E-05;0;0;0;0;0;0,132;0,132;0,22585933;0,14763027;0,0001;0;0,0001
2017-01-10 03:00:00+00:00;2,38E-05;0;0;0;0;0;0,124;0,124;0,2197695;0,15000048;0,0001;0;0,0001
2017-01-10 04:00:00+00:00;3,22E-05;0;0;0;0;0;0,126;0,126;0,24254997;0,18352204;0,0001;0;0,0001
2017-01-10 05:00:00+00:00;6,88E-05;0;4,29E-06;0;0;0;0,128;0,128;0,24377639;0,17776581;0,0001;0;0,0001
2017-01-10 06:00:00+00:00;0,00027981;0;3,03E-05;0;0;0;0,102;0,102;0,30498481;0,18453784;0,0001;0;0,0001
2017-01-10 07:00:00+00:00;0,00036815;0;7,11E-05;0;0;0,013529054;0,022;0,022;0,331219;0,18216763;0,0001;0,013529054;0,0001
2017-01-10 08:00:00+00:00;0,00030302;0;0,00011967;0;0;0,186157867;0,088;0,088;0,41127487;0,18149043;0,0001;0,186157867;0,0001
2017-01-10 09:00:00+00:00;0,00010546;0;0,00017267;0;0;0,403982236;0,119;0,119;0,41502462;0,18352204;0,0001;0,403982236;0,0001
2017-01-10 10:00:00+00:00;7,68E-05;0;0,0002275;0;0;0,576462394;0,118;0,118;0,45790716;0,18216763;0,0001;0,576462394;0,0001
2017-01-10 11:00:00+00:00;7,65E-05;0;0,00028622;0;0;0,673729152;0,104;0,104;0,43562008;0,16219014;0,0001;0,673729152;0,0001
2017-01-10 12:00:00+00:00;7,53E-05;0;0,00034313;0;0;0,766854995;0,091;0,091;0,43222275;0,16794637;0,0001;0,766854995;0,0001
2017-01-10 13:00:00+00:00;7,27E-05;0;0,00037613;0;0;0,768659723;0,09;0,09;0,43741038;0,16083573;0,0001;0,768659723;0,0001
2017-01-10 14:00:00+00:00;7,48E-05;0;0,00037419;0;0;0,714321134;0,089;0,089;0,46591416;0,15880412;0,0001;0,714321134;0,0001
2017-01-10 15:00:00+00:00;7,75E-05;0;0,00036868;0;0;0,606228389;0,072;0,072;0,46496967;0,37821792;0,0001;0,606228389;0,0001
2017-01-10 16:00:00+00:00;7,99E-05;0;0,00034168;0;0;0,474559546;0,063;0,063;0,4630948;0,37618631;0,0001;0,474559546;0,0001
2017-01-10 17:00:00+00:00;0,00010262;0;0,00028669;0;0;0,345221714;0,064;0,064;0,42723247;0,71140184;0,0001;0,345221714;0,0001
2017-01-10 18:00:00+00:00;0,00034138;0;0,00023272;0;0;0,169389581;0,085;0,085;0,68971535;0,87325338;0,0001;0,169389581;0,0001
2017-01-10 19:00:00+00:00;0,00035524;0;0,00017911;0;0;0,037207971;0,14;0,14;0,68616295;0,87393058;0,0001;0,037207971;0,0001
2017-01-10 20:00:00+00:00;0,00010006;0;0,00012806;0;0;0;0,188;0,188;0,63276418;0,83600721;0,0001;0;0,0001
2017-01-10 21:00:00+00:00;5,25E-05;0;7,97E-05;0;0;0;0,204;0,204;0,55710652;0,8349914;0,0001;0;0,0001
2017-01-10 22:00:00+00:00;3,24E-05;0;3,71E-05;0;0;0;0,208;0,208;0,50494827;0,27189704;0,0001;0;0,0001
2017-01-10 23:00:00+00:00;6,49E-06;0;6,58E-06;0;0;0;0,204;0,204;0,44943497;0,15541811;0,0001;0;0,0001
2017-01-11 00:00:00+00:00;2,00E-07;0;0;0;0;0;0,163;0,163;0,21449729;0,13713363;0,0001;0;0,0001
2017-01-11 01:00:00+00:00;8,93E-06;0;0;0;0;0;0,142;0,142;0,17387024;0,14119684;0,0001;0;0,0001
2017-01-11 02:00:00+00:00;1,42E-05;0;0;0;0;0;0,134;0,134;0,16032319;0,17742721;0,0001;0;0,0001
2017-01-11 03:00:00+00:00;1,95E-05;0;0;0;0;0;0,134;0,134;0,16317075;0,16693056;0,0001;0;0,0001
2017-01-11 04:00:00+00:00;2,74E-05;0;0;0;0;0;0,145;0,145;0,16341039;0,17302539;0,0001;0;0,0001
2017-01-11 05:00:00+00:00;6,20E-05;0;4,18E-06;0;0;0;0,166;0,166;0,15840602;0,17878161;0,0001;0;0,0001
2017-01-11 06:00:00+00:00;0,00027227;0;2,98E-05;0;0;0;0,15;0,15;0,24983803;0,17404119;0,0001;0;0,0001
2017-01-11 07:00:00+00:00;0,00034887;0;7,02E-05;0;0;0,016284199;0,068;0,068;0,23629098;0,23160346;0,0001;0,016284199;0,0001
2017-01-11 08:00:00+00:00;0,00028405;0;0,00011846;0;0;0,191323127;0,171;0,171;0,23058177;0,23363506;0,0001;0,191323127;0,0001
2017-01-11 09:00:00+00:00;7,49E-05;0;0,00017294;0;0;0,416681902;0,319;0,319;0,22838266;0,23972989;0,0001;0,416681902;0,0001
2017-01-11 10:00:00+00:00;4,25E-05;0;0,00022787;0;0;0,58611467;0,372;0,372;0,20391057;0,17404119;0,0001;0,58611467;0,0001
2017-01-11 11:00:00+00:00;4,24E-05;0;0,00028544;0;0;0,7186844;0,375;0,375;0,19713;0,17945882;0,0001;0,7186844;0,0001
2017-01-11 12:00:00+00:00;4,30E-05;0;0,00034503;0;0;0,785127816;0,334;0,334;0,20240221;0,14932328;0,0001;0,785127816;0,0001
2017-01-11 13:00:00+00:00;4,18E-05;0;0,00037464;0;0;0,804145223;0,28;0,28;0,24016761;0,15677251;0,0001;0,804145223;0,0001
2017-01-11 14:00:00+00:00;4,22E-05;0;0,00037323;0;0;0,749337041;0,233;0,233;0,2819224;0,15541811;0,0001;0,749337041;0,0001
2017-01-11 15:00:00+00:00;4,65E-05;0;0,00036883;0;0;0,6180594;0,182;0,182;0,28402283;0,34469637;0,0001;0,6180594;0,0001
2017-01-11 16:00:00+00:00;5,51E-05;0;0,00034104;0;0;0,476042605;0,149;0,149;0,25167061;0,35722463;0,0001;0,476042605;0,0001
2017-01-11 17:00:00+00:00;8,48E-05;0;0,00028715;0;0;0,333729141;0,146;0,146;0,27421144;0,69142435;0,0001;0,333729141;0,0001
2017-01-11 18:00:00+00:00;0,00032915;0;0,00023442;0;0;0,171319288;0,169;0,169;0,53727229;0,86106372;0,0001;0,171319288;0,0001
2017-01-11 19:00:00+00:00;0,00034814;0;0,00017934;0;0;0,034000875;0,212;0,212;0,56992053;0,86648134;0,0001;0,034000875;0,0001
2017-01-11 20:00:00+00:00;9,44E-05;0;0,00012666;0;0;0;0,253;0,253;0,46802868;0,82889658;0,0001;0;0,0001
2017-01-11 21:00:00+00:00;4,79E-05;0;7,99E-05;0;0;0;0,291;0,291;0,40810308;0,79943824;0,0001;0;0,0001
2017-01-11 22:00:00+00:00;2,84E-05;0;3,71E-05;0;0;0;0,283;0,283;0,32921725;0,26986543;0,0001;0;0,0001
2017-01-11 23:00:00+00:00;4,38E-06;0;6,25E-06;0;0;0;0,254;0,254;0,28388186;0,14187405;0,0001;0;0,0001
2017-01-12 00:00:00+00:00;6,00E-08;0;0;0;0;0;0,21;0,21;0,49196509;0,1544023;0,0001;0;0,0001
2017-01-12 01:00:00+00:00;8,89E-06;0;0;0;0;0;0,194;0,194;0,49221884;0,15507951;0,0001;0;0,0001
2017-01-12 02:00:00+00:00;1,41E-05;0;0;0;0;0;0,179;0,179;0,47110179;0,18115182;0,0001;0;0,0001
2017-01-12 03:00:00+00:00;1,93E-05;0;0;0;0;0;0,179;0,179;0,47008682;0,18013602;0,0001;0;0,0001
2017-01-12 04:00:00+00:00;2,74E-05;0;0;0;0;0;0,17;0,17;0,49378358;0,18081322;0,0001;0;0,0001
2017-01-12 05:00:00+00:00;6,27E-05;0;3,85E-06;0;0;0;0,169;0,169;0,43786148;0,21399617;0,0001;0;0,0001
2017-01-12 06:00:00+00:00;0,00026911;0;2,96E-05;0;0;0;0,121;0,121;0,55659903;0,21331897;0,0001;0;0,0001
2017-01-12 07:00:00+00:00;0,00035178;0;7,06E-05;0;0;0,013616554;0,122;0,122;0,59996087;0,24277731;0,0001;0,013616554;0,0001
2017-01-12 08:00:00+00:00;0,00028224;0;0,00011889;0;0;0,182650584;0,303;0,303;0,67542117;0,24345451;0,0001;0,182650584;0,0001
2017-01-12 09:00:00+00:00;7,62E-05;0;0,0001729;0;0;0,39456112;0,341;0,341;0,65881511;0,21738219;0,0001;0,39456112;0,0001
2017-01-12 10:00:00+00:00;4,24E-05;0;0,00022829;0;0;0,551398302;0,339;0,339;0,67987577;0,20586974;0,0001;0,551398302;0,0001
2017-01-12 11:00:00+00:00;4,23E-05;0;0,00028489;0;0;0,679095428;0,315;0,315;0,67233397;0,18656945;0,0001;0,679095428;0,0001
2017-01-12 12:00:00+00:00;4,30E-05;0;0,00034386;0;0;0,767791412;0,283;0,283;0,62509551;0,19469589;0,0001;0,767791412;0,0001
2017-01-12 13:00:00+00:00;4,19E-05;0;0,00037588;0;0;0,764922222;0,258;0,258;0,63637297;0,19198707;0,0001;0,764922222;0,0001
2017-01-12 14:00:00+00:00;4,24E-05;0;0,00037548;0;0;0,728126212;0,229;0,229;0,64784778;0,19469589;0,0001;0,728126212;0,0001
2017-01-12 15:00:00+00:00;4,64E-05;0;0,00036869;0;0;0,53415507;0,182;0,182;0,65272529;0,18149043;0,0001;0,53415507;0,0001
2017-01-12 16:00:00+00:00;5,52E-05;0;0,00034047;0;0;0,394256121;0,119;0,119;0,63961524;0,38600576;0,0001;0,394256121;0,0001
2017-01-12 17:00:00+00:00;8,55E-05;0;0,00028599;0;0;0,257571277;0,077;0,077;0,5975926;0,70632282;0,0001;0,257571277;0,0001
2017-01-12 18:00:00+00:00;0,0003316;0;0,00023351;0;0;0,121089736;0,071;0,071;0,79608999;0,86174092;0,0001;0,121089736;0,0001
2017-01-12 19:00:00+00:00;0,00034765;0;0,00018022;0;0;0,028911655;0,089;0,089;0,81216037;0,86444974;0,0001;0,028911655;0,0001
2017-01-12 20:00:00+00:00;9,44E-05;0;0,00012675;0;0;0;0,128;0,128;0,74655375;0,8346528;0,0001;0;0,0001
2017-01-12 21:00:00+00:00;4,79E-05;0;7,83E-05;0;0;0;0,144;0,144;0,6251096;0,82855797;0,0001;0;0,0001
2017-01-12 22:00:00+00:00;2,83E-05;0;3,75E-05;0;0;0;0,143;0,143;0,59745163;0,30406418;0,0001;0;0,0001
2017-01-12 23:00:00+00:00;4,50E-06;0;6,34E-06;0;0;0;0,156;0,156;0,59038912;0,15203209;0,0001;0;0,0001
2017-01-13 00:00:00+00:00;1,79E-06;0;0;0;0;0;0,164;0,164;0,69385982;0,24954934;0,0001;0;0,0001
2017-01-13 01:00:00+00:00;1,20E-05;0;0;0;0;0;0,169;0,169;0,71855746;0,24887213;0,0001;0;0,0001
2017-01-13 02:00:00+00:00;1,79E-05;0;0;0;0;0;0,166;0,166;0,69448008;0,25395116;0,0001;0;0,0001
2017-01-13 03:00:00+00:00;2,41E-05;0;0;0;0;0;0,151;0,151;0,67329255;0,25395116;0,0001;0;0,0001
2017-01-13 04:00:00+00:00;3,24E-05;0;0;0;0;0;0,125;0,125;0,6788326;0,22584723;0,0001;0;0,0001
2017-01-13 05:00:00+00:00;6,84E-05;0;4,40E-06;0;0;0;0,094;0,094;0,68589511;0,220091;0,0001;0;0,0001
2017-01-13 06:00:00+00:00;0,00028229;0;3,09E-05;0;0;0;0,069;0,069;0,70065449;0,19368008;0,0001;0;0,0001
2017-01-13 07:00:00+00:00;0,00036948;0;7,09E-05;0;0;0,01007356;0,055;0,055;0,7298913;0,22618583;0,0001;0,01007356;0,0001
2017-01-13 08:00:00+00:00;0,00030729;0;0,00011817;0;0;0,124780288;0,087;0,087;0,72092572;0,22889464;0,0001;0,124780288;0,0001
2017-01-13 09:00:00+00:00;0,00010532;0;0,00017229;0;0;0,305557959;0,1;0,1;0,69091358;0,43442578;0,0001;0,305557959;0,0001
2017-01-13 10:00:00+00:00;7,67E-05;0;0,00022867;0;0;0,43546969;0,12;0,12;0,71738742;0,50180748;0,0001;0,43546969;0,0001
2017-01-13 11:00:00+00:00;7,56E-05;0;0,00028696;0;0;0,522742304;0,137;0,137;0,67117803;0,52923421;0,0001;0,522742304;0,0001
2017-01-13 12:00:00+00:00;7,67E-05;0;0,00034492;0;0;0,621316485;0,106;0,106;0,71245353;0,52855701;0,0001;0,621316485;0,0001
2017-01-13 13:00:00+00:00;7,37E-05;0;0,00037449;0;0;0,646075783;0,061;0,061;0,71142446;0,5258482;0,0001;0,646075783;0,0001
2017-01-13 14:00:00+00:00;7,20E-05;0;0,00037366;0;0;0,650256596;0,034;0,034;0,72821378;0,52246218;0,0001;0,650256596;0,0001
2017-01-13 15:00:00+00:00;7,68E-05;0;0,00036948;0;0;0,502825117;0,018;0,018;0,73512122;0,526864;0,0001;0,502825117;0,0001
2017-01-13 16:00:00+00:00;7,97E-05;0;0,00033994;0;0;0,388207787;0,007;0,007;0,7325838;0,52855701;0,0001;0,388207787;0,0001
2017-01-13 17:00:00+00:00;0,00010316;0;0,00028477;0;0;0,232951558;0,003;0,003;0,72642348;0,78420117;0,0001;0,232951558;0,0001
2017-01-13 18:00:00+00:00;0,00034298;0;0,00023336;0;0;0,136041015;0,006;0,006;0,76129903;0,90542052;0,0001;0,136041015;0,0001
2017-01-13 19:00:00+00:00;0,00035473;0;0,00018058;0;0;0,028667476;0,023;0,023;0,89793955;0,88815184;0,0001;0,028667476;0,0001
2017-01-13 20:00:00+00:00;9,95E-05;0;0,00012822;0;0;0;0,046;0,046;0,84279278;0,87156037;0,0001;0;0,0001
2017-01-13 21:00:00+00:00;5,24E-05;0;7,95E-05;0;0;0;0,051;0,051;0,75137486;0,87460778;0,0001;0;0,0001
2017-01-13 22:00:00+00:00;3,28E-05;0;3,65E-05;0;0;0;0,029;0,029;0,72077066;0,59052109;0,0001;0;0,0001
2017-01-13 23:00:00+00:00;7,22E-06;0;6,27E-06;0;0;0;0,008;0,008;0,73176618;0,40192003;0,0001;0;0,0001
2017-01-14 00:00:00+00:00;1,93E-06;0;0;0;0;0;0,007;0,007;0,70751964;0,41038507;0,0001;0;0,0001
2017-01-14 01:00:00+00:00;1,20E-05;0;0;0;0;0;0,017;0,017;0,66931725;0,40936926;0,0001;0;0,0001
2017-01-14 02:00:00+00:00;1,82E-05;0;0;0;0;0;0,029;0,029;0,64886275;0,40936926;0,0001;0;0,0001
2017-01-14 03:00:00+00:00;2,37E-05;0;0;0;0;0;0,051;0,051;0,64429538;0,40666045;0,0001;0;0,0001
2017-01-14 04:00:00+00:00;3,28E-05;0;0;0;0;0;0,081;0,081;0,65474113;0,40632185;0,0001;0;0,0001
2017-01-14 05:00:00+00:00;6,92E-05;0;4,17E-06;0;0;0;0,101;0,101;0,65478342;0,41004647;0,0001;0;0,0001
2017-01-14 06:00:00+00:00;0,00027957;0;3,01E-05;0;0;0;0,088;0,088;0,66803444;0,41377108;0,0001;0;0,0001
2017-01-14 07:00:00+00:00;0,00036689;0;6,97E-05;0;0;0,008792129;0,028;0,028;0,7307935;0,40496744;0,0001;0,008792129;0,0001
2017-01-14 08:00:00+00:00;0,00030383;0;0,00011808;0;0;0,131460207;0,01;0,01;0,68767131;0,41275528;0,0001;0,131460207;0,0001
2017-01-14 09:00:00+00:00;0,00010517;0;0,00017145;0;0;0,314151862;0,005;0,005;0,690392;0,48623181;0,0001;0,314151862;0,0001
2017-01-14 10:00:00+00:00;7,50E-05;0;0,00022792;0;0;0,473605457;0,002;0,002;0,71669668;0,53058861;0,0001;0,473605457;0,0001
2017-01-14 11:00:00+00:00;7,49E-05;0;0,00028572;0;0;0,61177993;0,001;0,001;0,67873393;0,52483239;0,0001;0,61177993;0,0001
2017-01-14 12:00:00+00:00;7,59E-05;0;0,00034422;0;0;0,679005628;0;0;0,63478003;0,53939226;0,0001;0,679005628;0,0001
2017-01-14 13:00:00+00:00;7,61E-05;0;0,00037628;0;0;0,714692889;0;0;0,69505805;0,52043057;0,0001;0,714692889;0,0001
2017-01-14 14:00:00+00:00;7,35E-05;0;0,00037456;0;0;0,747618793;0;0;0,70873197;0,52449379;0,0001;0,747618793;0,0001
2017-01-14 15:00:00+00:00;7,59E-05;0;0,000369;0;0;0,633411608;0;0;0,70873197;0,51535155;0,0001;0,633411608;0,0001
2017-01-14 16:00:00+00:00;8,00E-05;0;0,00034072;0;0;0,496576023;0;0;0,71820504;0,50857951;0,0001;0,496576023;0,0001
2017-01-14 17:00:00+00:00;0,0001024;0;0,00028656;0;0;0,328504434;0;0;0,72839704;0,746955;0,0001;0,328504434;0,0001
2017-01-14 18:00:00+00:00;0,00034893;0;0,00023284;0;0;0,169320335;0;0;0,7592268;0,89830989;0,0001;0,169320335;0,0001
2017-01-14 19:00:00+00:00;0,00035791;0;0,00017938;0;0;0,032096933;0,001;0,001;0,88467444;0,90542052;0,0001;0,032096933;0,0001
2017-01-14 20:00:00+00:00;9,97E-05;0;0,00012813;0;0;0;0,004;0,004;0,83057083;0,8993257;0,0001;0;0,0001
2017-01-14 21:00:00+00:00;5,22E-05;0;7,92E-05;0;0;0;0,005;0,005;0,7321186;0,8573391;0,0001;0;0,0001
2017-01-14 22:00:00+00:00;3,22E-05;0;3,68E-05;0;0;0;0,009;0,009;0,74064718;0,57663842;0,0001;0;0,0001
2017-01-14 23:00:00+00:00;6,88E-06;0;6,28E-06;0;0;0;0,02;0,02;0,73691152;0,43611879;0,0001;0;0,0001
2017-01-15 00:00:00+00:00;1,86E-06;0;0;0;0;0;0,033;0,033;0,71812046;0,43408718;0,0001;0;0,0001
2017-01-15 01:00:00+00:00;1,17E-05;0;0;0;0;0;0,031;0,031;0,69462105;0,43781179;0,0001;0;0,0001
2017-01-15 02:00:00+00:00;1,78E-05;0;0;0;0;0;0,011;0,011;0,66377719;0,4391662;0,0001;0;0,0001
2017-01-15 03:00:00+00:00;2,37E-05;0;0;0;0;0;0,005;0,005;0,65517813;0,4388276;0,0001;0;0,0001
2017-01-15 04:00:00+00:00;3,22E-05;0;0;0;0;0;0,025;0,025;0,66928905;0,46930174;0,0001;0;0,0001
2017-01-15 05:00:00+00:00;6,97E-05;0;4,24E-06;0;0;0;0,048;0,048;0,64839756;0,46659292;0,0001;0;0,0001
2017-01-15 06:00:00+00:00;0,00028668;0;3,05E-05;0;0;0;0,072;0,072;0,68723431;0,47031754;0,0001;0;0,0001
2017-01-15 07:00:00+00:00;0,00036507;0;7,13E-05;0;0;0,009320222;0,102;0,102;0,73537497;0,50282329;0,0001;0,009320222;0,0001
2017-01-15 08:00:00+00:00;0,00030345;0;0,00011987;0;0;0,153069967;0,184;0,184;0,73723575;0,5051935;0,0001;0,153069967;0,0001
2017-01-15 09:00:00+00:00;0,00010599;0;0,00017272;0;0;0,363166431;0,439;0,439;0,71274956;0,51704455;0,0001;0,363166431;0,0001
2017-01-15 10:00:00+00:00;7,72E-05;0;0,00022852;0;0;0,524388726;0,577;0,577;0,72296976;0,51501295;0,0001;0,524388726;0,0001
2017-01-15 11:00:00+00:00;7,60E-05;0;0,00028557;0;0;0,649498769;0,467;0,467;0,71458215;0,51975337;0,0001;0,649498769;0,0001
2017-01-15 12:00:00+00:00;7,71E-05;0;0,00034439;0;0;0,73362363;0,325;0,325;0,72404112;0,49876007;0,0001;0,73362363;0,0001
2017-01-15 13:00:00+00:00;7,48E-05;0;0,0003753;0;0;0,753698153;0,228;0,228;0,71046588;0,48216859;0,0001;0,753698153;0,0001
2017-01-15 14:00:00+00:00;7,48E-05;0;0,00037392;0;0;0,747308132;0,162;0,162;0,67934009;0,48216859;0,0001;0,747308132;0,0001
2017-01-15 15:00:00+00:00;7,57E-05;0;0,00036894;0;0;0,575023548;0,132;0,132;0,6917171;0,47438076;0,0001;0,575023548;0,0001
2017-01-15 16:00:00+00:00;7,79E-05;0;0,00034157;0;0;0,484602586;0,125;0,125;0,70880245;0,45880509;0,0001;0,484602586;0,0001
2017-01-15 17:00:00+00:00;0,00010395;0;0,0002866;0;0;0,289761726;0,124;0,124;0,72397064;0,74797081;0,0001;0,289761726;0,0001
2017-01-15 18:00:00+00:00;0,00034669;0;0,00023447;0;0;0,149644299;0,146;0,146;0,79470851;0,89289227;0,0001;0,149644299;0,0001
2017-01-15 19:00:00+00:00;0,00035554;0;0,00017974;0;0;0,030094959;0,216;0,216;0,90944256;0,88781324;0,0001;0,030094959;0,0001
2017-01-15 20:00:00+00:00;9,96E-05;0;0,00012476;0;0;0;0,233;0,233;0,82841401;0,88950625;0,0001;0;0,0001
2017-01-15 21:00:00+00:00;5,24E-05;0;7,90E-05;0;0;0;0,207;0,207;0,74628591;0,88679744;0,0001;0;0,0001
2017-01-15 22:00:00+00:00;3,21E-05;0;3,61E-05;0;0;0;0,17;0,17;0,73010276;0,59695452;0,0001;0;0,0001
2017-01-15 23:00:00+00:00;6,89E-06;0;5,94E-06;0;0;0;0,166;0,166;0,71183327;0,42359053;0,0001;0;0,0001
2017-01-16 00:00:00+00:00;1,89E-06;0;0;0;0;0;0,162;0,162;0,6965946;0,4178343;0,0001;0;0,0001
2017-01-16 01:00:00+00:00;1,15E-05;0;0;0;0;0;0,159;0,159;0,67632337;0,41986591;0,0001;0;0,0001
2017-01-16 02:00:00+00:00;1,78E-05;0;0;0;0;0;0,163;0,163;0,66443975;0,438489;0,0001;0;0,0001
2017-01-16 03:00:00+00:00;2,37E-05;0;0;0;0;0;0,173;0,173;0,63275008;0,43578018;0,0001;0;0,0001
2017-01-16 04:00:00+00:00;3,25E-05;0;0;0;0;0;0,185;0,185;0,62479947;0,46794733;0,0001;0;0,0001
2017-01-16 05:00:00+00:00;6,92E-05;0;4,29E-06;0;0;0;0,214;0,214;0,62299508;0,46456131;0,0001;0;0,0001
2017-01-16 06:00:00+00:00;0,00028002;0;3,04E-05;0;0;0;0,189;0,189;0,62760474;0,45914369;0,0001;0;0,0001
2017-01-16 07:00:00+00:00;0,00036971;0;7,04E-05;0;0;0,010283511;0,127;0,127;0,66790757;0,47234915;0,0001;0,010283511;0,0001
2017-01-16 08:00:00+00:00;0,00030648;0;0,00011855;0;0;0,154859904;0,431;0,431;0,66412962;0,47438076;0,0001;0,154859904;0,0001
2017-01-16 09:00:00+00:00;0,00010535;0;0,00017207;0;0;0,339202303;0,621;0,621;0,63659852;0,47133335;0,0001;0,339202303;0,0001
2017-01-16 10:00:00+00:00;7,63E-05;0;0,00022786;0;0;0,517667876;0,686;0,686;0,63152366;0,53939226;0,0001;0,517667876;0,0001
2017-01-16 11:00:00+00:00;7,62E-05;0;0,00028564;0;0;0,631497478;0,711;0,711;0,63139679;0,5481959;0,0001;0,631497478;0,0001
2017-01-16 12:00:00+00:00;7,48E-05;0;0,00034353;0;0;0,726595643;0,708;0,708;0,65795521;0,54108526;0,0001;0,726595643;0,0001
2017-01-16 13:00:00+00:00;7,55E-05;0;0,00037575;0;0;0,72828008;0,657;0,657;0,71854336;0,54413268;0,0001;0,72828008;0,0001
2017-01-16 14:00:00+00:00;7,46E-05;0;0,00037454;0;0;0,738113688;0,567;0,567;0,72578913;0,54480988;0,0001;0,738113688;0,0001
2017-01-16 15:00:00+00:00;7,85E-05;0;0,00036945;0;0;0,652493079;0,481;0,481;0,73867363;0,5481959;0,0001;0,652493079;0,0001
2017-01-16 16:00:00+00:00;8,01E-05;0;0,00034157;0;0;0,489809462;0,436;0,436;0,73995644;0,54650289;0,0001;0,489809462;0,0001
2017-01-16 17:00:00+00:00;0,00010278;0;0,00028699;0;0;0,32313007;0,409;0,409;0,73595294;0,76997991;0,0001;0,32313007;0,0001
2017-01-16 18:00:00+00:00;0,00034634;0;0,00023023;0;0;0,155664254;0,329;0,329;0,79066272;0,88544303;0,0001;0,155664254;0,0001
2017-01-16 19:00:00+00:00;0,00035602;0;0,00017784;0;0;0,033213057;0,269;0,269;0,77973768;0,87562359;0,0001;0,033213057;0,0001
2017-01-16 20:00:00+00:00;0,0001007;0;0,00012775;0;0;0;0,241;0,241;0,77153333;0,8773166;0,0001;0;0,0001
2017-01-16 21:00:00+00:00;5,23E-05;0;7,91E-05;0;0;0;0,262;0,262;0,74449562;0,88578163;0,0001;0;0,0001
2017-01-16 22:00:00+00:00;3,23E-05;0;3,67E-05;0;0;0;0,273;0,273;0,74001282;0,61253019;0,0001;0;0,0001
2017-01-16 23:00:00+00:00;6,85E-06;0;6,11E-06;0;0;0;0,285;0,285;0,70426328;0,43679599;0,0001;0;0,0001
2017-01-17 00:00:00+00:00;1,75E-06;0;0;0;0;0;0,295;0,295;0,66883796;0,43679599;0,0001;0;0,0001
2017-01-17 01:00:00+00:00;1,23E-05;0;0;0;0;0;0,305;0,305;0,66976835;0,43781179;0,0001;0;0,0001
2017-01-17 02:00:00+00:00;1,76E-05;0;0;0;0;0;0,32;0,32;0,66807673;0,43340997;0,0001;0;0,0001
2017-01-17 03:00:00+00:00;2,36E-05;0;0;0;0;0;0,338;0,338;0,64387248;0,4395048;0,0001;0;0,0001
2017-01-17 04:00:00+00:00;3,26E-05;0;0;0;0;0;0,328;0,328;0,62138804;0,44119781;0,0001;0;0,0001
2017-01-17 05:00:00+00:00;6,89E-05;0;3,96E-06;0;0;0;0,296;0,296;0,61985149;0,41952731;0,0001;0;0,0001
2017-01-17 06:00:00+00:00;0,00028194;0;2,97E-05;0;0;0;0,221;0,221;0,55511887;0,40496744;0,0001;0;0,0001
2017-01-17 07:00:00+00:00;0,00037269;0;7,03E-05;0;0;0,007370344;0,139;0,139;0,55196118;0,4608367;0,0001;0,007370344;0,0001
2017-01-17 08:00:00+00:00;0,00030649;0;0,00011849;0;0;0,127026049;0,223;0,223;0,5975785;0,45948229;0,0001;0,127026049;0,0001
2017-01-17 09:00:00+00:00;0,00010741;0;0,00017145;0;0;0,278390584;0,291;0,291;0,53067497;0,46422271;0,0001;0,278390584;0,0001
2017-01-17 10:00:00+00:00;7,53E-05;0;0,00022735;0;0;0,435033678;0,356;0,356;0,60299168;0,46456131;0,0001;0,435033678;0,0001
2017-01-17 11:00:00+00:00;7,50E-05;0;0,00028628;0;0;0,554818377;0,333;0,333;0,65720808;0,45304886;0,0001;0,554818377;0,0001
2017-01-17 12:00:00+00:00;7,55E-05;0;0,00034453;0;0;0,64127291;0,268;0,268;0,58345349;0,22957185;0,0001;0,64127291;0,0001
2017-01-17 13:00:00+00:00;7,24E-05;0;0,00037545;0;0;0,647529619;0,195;0,195;0,55234179;0,220091;0,0001;0,647529619;0,0001
2017-01-17 14:00:00+00:00;7,57E-05;0;0,00037355;0;0;0,593877933;0,121;0,121;0,57179541;0,27088123;0,0001;0,593877933;0,0001
2017-01-17 15:00:00+00:00;7,84E-05;0;0,00036801;0;0;0,55454184;0,055;0,055;0,49657475;0,4168185;0,0001;0,55454184;0,0001
2017-01-17 16:00:00+00:00;8,14E-05;0;0,00033907;0;0;0,439464741;0,016;0,016;0,57114696;0,39684101;0,0001;0,439464741;0,0001
2017-01-17 17:00:00+00:00;0,00010478;0;0,00028887;0;0;0,283844976;0,007;0,007;0,628225;0,67280126;0,0001;0,283844976;0,0001
2017-01-17 18:00:00+00:00;0,00034185;0;0,00023392;0;0;0,130222258;0,005;0,005;0,67394101;0,78081515;0,0001;0,130222258;0,0001
2017-01-17 19:00:00+00:00;0,00035782;0;0,00017859;0;0;0,031351406;0,011;0,011;0,77115271;0,82144734;0,0001;0,031351406;0,0001
2017-01-17 20:00:00+00:00;0,00010006;0;0,00012771;0;0;0;0,052;0,052;0,77378882;0,88104121;0,0001;0;0,0001
2017-01-17 21:00:00+00:00;5,18E-05;0;7,90E-05;0;0;0;0,139;0,139;0,78393853;0,89018345;0,0001;0;0,0001
2017-01-17 22:00:00+00:00;3,25E-05;0;3,69E-05;0;0;0;0,28;0,28;0,70763242;0,57426822;0,0001;0;0,0001
2017-01-17 23:00:00+00:00;6,68E-06;0;6,26E-06;0;0;0;0,482;0,482;0,68803783;0,39210059;0,0001;0;0,0001
2017-01-18 00:00:00+00:00;1,60E-07;0;0;0;0;0;0,577;0,577;0,62670255;0,39176198;0,0001;0;0,0001
2017-01-18 01:00:00+00:00;8,86E-06;0;0;0;0;0;0,584;0,584;0,57048441;0,39006897;0,0001;0;0,0001
2017-01-18 02:00:00+00:00;1,43E-05;0;0;0;0;0;0,498;0,498;0,54646342;0,39108478;0,0001;0;0,0001
2017-01-18 03:00:00+00:00;1,95E-05;0;0;0;0;0;0,442;0,442;0,54207931;0,38837597;0,0001;0;0,0001
2017-01-18 04:00:00+00:00;2,76E-05;0;0;0;0;0;0,455;0,455;0,56019373;0,38973037;0,0001;0;0,0001
2017-01-18 05:00:00+00:00;6,28E-05;0;4,34E-06;0;0;0;0,505;0,505;0,60837667;0,38973037;0,0001;0;0,0001
2017-01-18 06:00:00+00:00;0,00027291;0;3,05E-05;0;0;0;0,482;0,482;0,67244674;0,39176198;0,0001;0;0,0001
2017-01-18 07:00:00+00:00;0,00035196;0;7,03E-05;0;0;0,004502291;0,314;0,314;0,70826678;0,41444829;0,0001;0,004502291;0,0001
2017-01-18 08:00:00+00:00;0,00028813;0;0,00011785;0;0;0,072739288;0,233;0,233;0,7055038;0,41885011;0,0001;0,072739288;0,0001
2017-01-18 09:00:00+00:00;7,64E-05;0;0,00017155;0;0;0,21493862;0,326;0,326;0,70259985;0,39413219;0,0001;0,21493862;0,0001
2017-01-18 10:00:00+00:00;4,23E-05;0;0,00022692;0;0;0,326091584;0,425;0,425;0,72600058;0,47234915;0,0001;0,326091584;0,0001
2017-01-18 11:00:00+00:00;4,23E-05;0;0,00028502;0;0;0,472619328;0,456;0,456;0,68190571;0,4611753;0,0001;0,472619328;0,0001
2017-01-18 12:00:00+00:00;4,31E-05;0;0,00034375;0;0;0,521900331;0,379;0,379;0,69177349;0,45880509;0,0001;0,521900331;0,0001
2017-01-18 13:00:00+00:00;4,18E-05;0;0,00037745;0;0;0,62307968;0,277;0,277;0,71717597;0,46659292;0,0001;0,62307968;0,0001
2017-01-18 14:00:00+00:00;4,24E-05;0;0,00037536;0;0;0,609107918;0,196;0,196;0,75395459;0,4611753;0,0001;0,609107918;0,0001
2017-01-18 15:00:00+00:00;4,63E-05;0;0,00036915;0;0;0,56726645;0,144;0,144;0,75293961;0,45000145;0,0001;0,56726645;0,0001
2017-01-18 16:00:00+00:00;5,53E-05;0;0,00034277;0;0;0,45752303;0,104;0,104;0,74503129;0,45169446;0,0001;0,45752303;0,0001
2017-01-18 17:00:00+00:00;8,46E-05;0;0,00028956;0;0;0,318572777;0,077;0,077;0,72499971;0,71614226;0,0001;0,318572777;0,0001
2017-01-18 18:00:00+00:00;0,00032922;0;0,00023328;0;0;0,1748973;0,077;0,077;0,78395263;0,82280175;0,0001;0,1748973;0,0001
2017-01-18 19:00:00+00:00;0,00035221;0;0,00017873;0;0;0,034733161;0,063;0,063;0,8644455;0,82686496;0,0001;0,034733161;0,0001
2017-01-18 20:00:00+00:00;9,58E-05;0;0,00012698;0;0;0;0,052;0,052;0,80685997;0,82043154;0,0001;0;0,0001
2017-01-18 21:00:00+00:00;4,81E-05;0;7,83E-05;0;0;0;0,05;0,05;0,73282344;0,81670692;0,0001;0;0,0001
2017-01-18 22:00:00+00:00;2,87E-05;0;3,62E-05;0;0;0;0,057;0,057;0,71521651;0,50620931;0,0001;0;0,0001
2017-01-18 23:00:00+00:00;4,64E-06;0;6,03E-06;0;0;0;0,062;0,062;0,72199708;0,35587022;0,0001;0;0,0001
2017-01-19 00:00:00+00:00;1,10E-07;0;0;0;0;0;0,091;0,091;0,69051887;0,351807;0,0001;0;0,0001
2017-01-19 01:00:00+00:00;8,81E-06;0;0;0;0;0;0,141;0,141;0,68132774;0,3514684;0,0001;0;0,0001
2017-01-19 02:00:00+00:00;1,40E-05;0;0;0;0;0;0,146;0,146;0,64666365;0,35790183;0,0001;0;0,0001
2017-01-19 03:00:00+00:00;1,93E-05;0;0;0;0;0;0,139;0,139;0,63727516;0,35824043;0,0001;0;0,0001
2017-01-19 04:00:00+00:00;2,73E-05;0;0;0;0;0;0,113;0,113;0,63789542;0,36128784;0,0001;0;0,0001
2017-01-19 05:00:00+00:00;6,17E-05;0;4,17E-06;0;0;0;0,088;0,088;0,62675893;0,35620882;0,0001;0;0,0001
2017-01-19 06:00:00+00:00;0,00026967;0;3,01E-05;0;0;0;0,044;0,044;0,66699127;0,35891763;0,0001;0;0,0001
2017-01-19 07:00:00+00:00;0,00035387;0;7,04E-05;0;0;0,00593533;0,016;0,016;0,68387927;0,35485442;0,0001;0,00593533;0,0001
2017-01-19 08:00:00+00:00;0,00028714;0;0,00011781;0;0;0,12128172;0,049;0,049;0,71012756;0,35587022;0,0001;0,12128172;0,0001
2017-01-19 09:00:00+00:00;7,56E-05;0;0,0001714;0;0;0,302648605;0,127;0,127;0,68678321;0,27020403;0,0001;0,302648605;0,0001
2017-01-19 10:00:00+00:00;4,25E-05;0;0,00022817;0;0;0,473681042;0,209;0,209;0,72172924;0,30338698;0,0001;0,473681042;0,0001
2017-01-19 11:00:00+00:00;4,24E-05;0;0,00028515;0;0;0,597823202;0,279;0,279;0,70698396;0,37178449;0,0001;0,597823202;0,0001
2017-01-19 12:00:00+00:00;4,30E-05;0;0,00034178;0;0;0,684518187;0,315;0,315;0,64834117;0,37686352;0,0001;0,684518187;0,0001
2017-01-19 13:00:00+00:00;4,20E-05;0;0,00037542;0;0;0,76507225;0,301;0,301;0,71327115;0,3721231;0,0001;0,76507225;0,0001
2017-01-19 14:00:00+00:00;4,24E-05;0;0,00037614;0;0;0,723983815;0,261;0,261;0,74649736;0,36975288;0,0001;0,723983815;0,0001
2017-01-19 15:00:00+00:00;4,66E-05;0;0,00036957;0;0;0,692497378;0,222;0,222;0,71762707;0,33894014;0,0001;0,692497378;0,0001
2017-01-19 16:00:00+00:00;5,52E-05;0;0,00034041;0;0;0,539795485;0,177;0,177;0,71359537;0,34368056;0,0001;0,539795485;0,0001
2017-01-19 17:00:00+00:00;8,46E-05;0;0,00028754;0;0;0,3506664;0,134;0,134;0,73403577;0,77946075;0,0001;0,3506664;0,0001
2017-01-19 18:00:00+00:00;0,00033603;0;0,00023177;0;0;0,184619634;0,144;0,144;0,79242482;0,85869351;0,0001;0,184619634;0,0001
2017-01-19 19:00:00+00:00;0,00035241;0;0,00017986;0;0;0,032112752;0,156;0,156;0,88605593;0,88002541;0,0001;0,032112752;0,0001
2017-01-19 20:00:00+00:00;9,50E-05;0;0,0001281;0;0;0;0,158;0,158;0,81330222;0,8773166;0,0001;0;0,0001
2017-01-19 21:00:00+00:00;4,79E-05;0;7,90E-05;0;0;0;0,162;0,162;0,73437409;0,88239562;0,0001;0;0,0001
2017-01-19 22:00:00+00:00;2,84E-05;0;3,68E-05;0;0;0;0,154;0,154;0,7001611;0,56580318;0,0001;0;0,0001
2017-01-19 23:00:00+00:00;4,48E-06;0;6,18E-06;0;0;0;0,126;0,126;0,69565012;0,44085921;0,0001;0;0,0001
2017-01-20 00:00:00+00:00;1,80E-06;0;0;0;0;0;0,12;0,12;0,68135594;0,46354551;0,0001;0;0,0001
2017-01-20 01:00:00+00:00;1,16E-05;0;0;0;0;0;0,163;0,163;0,69460695;0,42562214;0,0001;0;0,0001
2017-01-20 02:00:00+00:00;1,81E-05;0;0;0;0;0;0,216;0,216;0,69314088;0,42562214;0,0001;0;0,0001
2017-01-20 03:00:00+00:00;2,35E-05;0;0;0;0;0;0,183;0,183;0,66169086;0,42629934;0,0001;0;0,0001
2017-01-20 04:00:00+00:00;3,27E-05;0;0;0;0;0;0,133;0,133;0,67502646;0,42426773;0,0001;0;0,0001
2017-01-20 05:00:00+00:00;6,98E-05;0;4,36E-06;0;0;0;0,126;0,126;0,70543331;0,45000145;0,0001;0;0,0001
2017-01-20 06:00:00+00:00;0,00028554;0;3,08E-05;0;0;0;0,099;0,099;0,72817149;0,4604981;0,0001;0;0,0001
2017-01-20 07:00:00+00:00;0,00037072;0;7,19E-05;0;0;0,004757456;0,048;0,048;0,73318996;0,54379408;0,0001;0,004757456;0,0001
2017-01-20 08:00:00+00:00;0,0003102;0;0,00011971;0;0;0,109011065;0,067;0,067;0,727227;0,58544207;0,0001;0,109011065;0,0001
2017-01-20 09:00:00+00:00;0,00010503;0;0,00017231;0;0;0,229942081;0,121;0,121;0,7392516;0,59797032;0,0001;0,229942081;0,0001
2017-01-20 10:00:00+00:00;7,54E-05;0;0,0002283;0;0;0,400023114;0,184;0,184;0,7019373;0,58104025;0,0001;0,400023114;0,0001
2017-01-20 11:00:00+00:00;7,48E-05;0;0,00028654;0;0;0,528189634;0,186;0,186;0,67477272;0,58476486;0,0001;0,528189634;0,0001
2017-01-20 12:00:00+00:00;7,74E-05;0;0,00034452;0;0;0,588363222;0,133;0,133;0,66802034;0,58036304;0,0001;0,588363222;0,0001
2017-01-20 13:00:00+00:00;7,64E-05;0;0,00037348;0;0;0,65503233;0,087;0,087;0,69980868;0,58171745;0,0001;0,65503233;0,0001
2017-01-20 14:00:00+00:00;7,63E-05;0;0,00037329;0;0;0,699950493;0,061;0,061;0,71286234;0,58747368;0,0001;0,699950493;0,0001
2017-01-20 15:00:00+00:00;7,58E-05;0;0,00036874;0;0;0,614033418;0,046;0,046;0,75730963;0,5698664;0,0001;0,614033418;0,0001
2017-01-20 16:00:00+00:00;7,78E-05;0;0,00033976;0;0;0,498975449;0,031;0,031;0,72419619;0,73510395;0,0001;0,498975449;0,0001
2017-01-20 17:00:00+00:00;0,00010027;0;0,00028548;0;0;0,345873949;0,033;0,033;0,7299054;0,85022847;0,0001;0,345873949;0,0001
2017-01-20 18:00:00+00:00;0,00034967;0;0,00023223;0;0;0,15212768;0,045;0,045;0,77181526;0,90372752;0,0001;0,15212768;0,0001
2017-01-20 19:00:00+00:00;0,00035813;0;0,00018104;0;0;0,033325999;0,06;0,06;0,85604379;0,89052206;0,0001;0,033325999;0,0001
2017-01-20 20:00:00+00:00;9,99E-05;0;0,00012814;0;0;0;0,074;0,074;0,79486357;0,88679744;0,0001;0;0,0001
2017-01-20 21:00:00+00:00;5,20E-05;0;7,86E-05;0;0;0;0,082;0,082;0,75246032;0,88950625;0,0001;0;0,0001
2017-01-20 22:00:00+00:00;3,18E-05;0;3,73E-05;0;0;0;0,081;0,081;0,73046927;0,84244064;0,0001;0;0,0001
2017-01-20 23:00:00+00:00;6,44E-06;0;6,61E-06;0;0;0;0,055;0,055;0,71507554;0,54210107;0,0001;0;0,0001
2017-01-21 00:00:00+00:00;1,80E-06;0;0;0;0;0;0,022;0,022;0,70983152;0,42325193;0,0001;0;0,0001
2017-01-21 01:00:00+00:00;1,17E-05;0;0;0;0;0;0,007;0,007;0,71087469;0,42765375;0,0001;0;0,0001
2017-01-21 02:00:00+00:00;1,78E-05;0;0;0;0;0;0,011;0,011;0,69734174;0,42596074;0,0001;0;0,0001
2017-01-21 03:00:00+00:00;2,39E-05;0;0;0;0;0;0,039;0,039;0,71136808;0,42663794;0,0001;0;0,0001
2017-01-21 04:00:00+00:00;3,28E-05;0;0;0;0;0;0,069;0,069;0,72002353;0,42629934;0,0001;0;0,0001
2017-01-21 05:00:00+00:00;6,99E-05;0;4,29E-06;0;0;0;0,07;0,07;0,70563067;0,45271026;0,0001;0;0,0001
2017-01-21 06:00:00+00:00;0,0002849;0;2,99E-05;0;0;0;0,039;0,039;0,72894682;0,45440327;0,0001;0;0,0001
2017-01-21 07:00:00+00:00;0,00037052;0;7,01E-05;0;0;0,00458076;0,012;0,012;0,65262661;0,45169446;0,0001;0,00458076;0,0001
2017-01-21 08:00:00+00:00;0,00031166;0;0,00011795;0;0;0,092821197;0,033;0,033;0,73943485;0,50959532;0,0001;0,092821197;0,0001
2017-01-21 09:00:00+00:00;0,00010662;0;0,00017092;0;0;0,21213738;0,06;0,06;0,71917772;0,52110777;0,0001;0,21213738;0,0001
2017-01-21 10:00:00+00:00;7,30E-05;0;0,00022711;0;0;0,355867108;0,108;0,108;0,71415925;0,53262022;0,0001;0,355867108;0,0001
2017-01-21 11:00:00+00:00;7,45E-05;0;0,00028535;0;0;0,455909503;0,151;0,151;0,69422634;0,19943631;0,0001;0,455909503;0,0001
2017-01-21 12:00:00+00:00;7,90E-05;0;0,00034472;0;0;0,52498281;0,165;0,165;0,70953549;0,5278798;0,0001;0,52498281;0,0001
2017-01-21 13:00:00+00:00;7,70E-05;0;0,00037633;0;0;0,59879957;0,17;0,17;0,68755854;0,56038555;0,0001;0,59879957;0,0001
2017-01-21 14:00:00+00:00;7,53E-05;0;0,00037547;0;0;0,589347743;0,173;0,173;0,72086934;0,58713507;0,0001;0,589347743;0,0001
2017-01-21 15:00:00+00:00;7,84E-05;0;0,00036919;0;0;0,530457037;0,17;0,17;0,72920056;0,58476486;0,0001;0,530457037;0,0001
2017-01-21 16:00:00+00:00;8,16E-05;0;0,00033929;0;0;0,462517742;0,156;0,156;0,70489763;0,56851199;0,0001;0,462517742;0,0001
2017-01-21 17:00:00+00:00;0,00010209;0;0,00028691;0;0;0,31589438;0,128;0,128;0,71225618;0,77302732;0,0001;0,31589438;0,0001
2017-01-21 18:00:00+00:00;0,0003456;0;0,00023419;0;0;0,17925178;0,158;0,158;0,75776073;0,89526248;0,0001;0,17925178;0,0001
2017-01-21 19:00:00+00:00;0,00035683;0;0,00017974;0;0;0,040310047;0,199;0,199;0,76933422;0,89627828;0,0001;0,040310047;0,0001
2017-01-21 20:00:00+00:00;9,97E-05;0;0,00012745;0;0;0;0,196;0,196;0,72711423;0,89763269;0,0001;0;0,0001
2017-01-21 21:00:00+00:00;5,21E-05;0;7,75E-05;0;0;0;0,18;0,18;0,7254508;0,9013573;0,0001;0;0,0001
2017-01-21 22:00:00+00:00;3,19E-05;0;3,65E-05;0;0;0;0,227;0,227;0,69047658;0,88171842;0,0001;0;0,0001
2017-01-21 23:00:00+00:00;6,51E-06;0;6,22E-06;0;0;0;0,19;0,19;0,70723771;0,58578067;0,0001;0;0,0001
2017-01-22 00:00:00+00:00;1,37E-06;0;0;0;0;0;0,113;0,113;0,69429682;0,46964034;0,0001;0;0,0001
2017-01-22 01:00:00+00:00;1,17E-05;0;0;0;0;0;0,095;0,095;0,66682211;0,44153641;0,0001;0;0,0001
2017-01-22 02:00:00+00:00;1,73E-05;0;0;0;0;0;0,134;0,134;0,67919912;0,44458382;0,0001;0;0,0001
2017-01-22 03:00:00+00:00;2,40E-05;0;0;0;0;0;0,293;0,293;0,65334554;0,44526103;0,0001;0;0,0001
2017-01-22 04:00:00+00:00;3,20E-05;0;0;0;0;0;0,256;0,256;0,662875;0,44695404;0,0001;0;0,0001
2017-01-22 05:00:00+00:00;6,96E-05;0;4,04E-06;0;0;0;0,306;0,306;0,62809813;0,43611879;0,0001;0;0,0001
2017-01-22 06:00:00+00:00;0,0002858;0;3,02E-05;0;0;0;0,266;0,266;0,59614063;0,44424522;0,0001;0;0,0001
2017-01-22 07:00:00+00:00;0,00037126;0;7,02E-05;0;0;0,005232896;0,151;0,151;0,67237626;0,45135585;0,0001;0,005232896;0,0001
2017-01-22 08:00:00+00:00;0,00030883;0;0,00011849;0;0;0,12374768;0,157;0,157;0,70908439;0,53769925;0,0001;0,12374768;0,0001
2017-01-22 09:00:00+00:00;0,00010464;0;0,00017022;0;0;0,306678172;0,22;0,22;0,71413105;0,59119829;0,0001;0,306678172;0,0001
2017-01-22 10:00:00+00:00;7,49E-05;0;0,00022689;0;0;0,436345199;0,187;0,187;0,68110219;0,59153689;0,0001;0,436345199;0,0001
2017-01-22 11:00:00+00:00;7,59E-05;0;0,00028477;0;0;0,477891334;0,148;0,148;0,67062825;0,58408766;0,0001;0,477891334;0,0001
2017-01-22 12:00:00+00:00;7,74E-05;0;0,00034768;0;0;0,616071807;0,12;0,12;0,68884135;0,58611927;0,0001;0,616071807;0,0001
2017-01-22 13:00:00+00:00;7,40E-05;0;0,00037734;0;0;0,686888035;0,094;0,094;0,67764847;0,5918755;0,0001;0,686888035;0,0001
2017-01-22 14:00:00+00:00;7,58E-05;0;0,00037483;0;0;0,68606956;0,076;0,076;0,67124851;0,66264322;0,0001;0,68606956;0,0001
2017-01-22 15:00:00+00:00;7,92E-05;0;0,00036987;0;0;0,629322812;0,055;0,055;0,66608908;0,72189849;0,0001;0,629322812;0,0001
2017-01-22 16:00:00+00:00;7,93E-05;0;0,00034144;0;0;0,529342466;0,037;0,037;0,67956564;0,7256231;0,0001;0,529342466;0,0001
2017-01-22 17:00:00+00:00;0,00010512;0;0,0002859;0;0;0,35768115;0,033;0,033;0,68131365;0,78352397;0,0001;0,35768115;0,0001
2017-01-22 18:00:00+00:00;0,0003479;0;0,00023191;0;0;0,197655072;0,042;0,042;0,75797218;0,9006801;0,0001;0,197655072;0,0001
2017-01-22 19:00:00+00:00;0,00036019;0;0,00017867;0;0;0,038047194;0,046;0,046;0,83436287;0,88849045;0,0001;0,038047194;0,0001
2017-01-22 20:00:00+00:00;9,99E-05;0;0,00012608;0;0;0;0,051;0,051;0,77835619;0,88747464;0,0001;0;0,0001
2017-01-22 21:00:00+00:00;5,22E-05;0;7,96E-05;0;0;0;0,063;0,063;0,71173459;0,86207953;0,0001;0;0,0001
2017-01-22 22:00:00+00:00;3,25E-05;0;3,59E-05;0;0;0;0,077;0,077;0,70692758;0,85293728;0,0001;0;0,0001
2017-01-22 23:00:00+00:00;6,79E-06;0;6,25E-06;0;0;0;0,084;0,084;0,73155473;0,55124331;0,0001;0;0,0001
2017-01-23 00:00:00+00:00;1,74E-06;0;0;0;0;0;0,083;0,083;0,70367121;0,44559963;0,0001;0;0,0001
2017-01-23 01:00:00+00:00;1,19E-05;0;0;0;0;0;0,073;0,073;0,68457001;0,44322942;0,0001;0;0,0001
2017-01-23 02:00:00+00:00;1,77E-05;0;0;0;0;0;0,06;0,06;0,68303346;0,44289082;0,0001;0;0,0001
2017-01-23 03:00:00+00:00;2,39E-05;0;0;0;0;0;0,061;0,061;0,68840435;0,44289082;0,0001;0;0,0001
2017-01-23 04:00:00+00:00;3,21E-05;0;0;0;0;0;0,094;0,094;0,6890528;0,44526103;0,0001;0;0,0001
2017-01-23 05:00:00+00:00;6,85E-05;0;4,16E-06;0;0;0;0,145;0,145;0,70114788;0,41140087;0,0001;0;0,0001
2017-01-23 06:00:00+00:00;0,00028724;0;3,04E-05;0;0;0;0,111;0,111;0,67016306;0,41106227;0,0001;0;0,0001
2017-01-23 07:00:00+00:00;0,00037523;0;7,16E-05;0;0;0,00447985;0,028;0,028;0,71090288;0,41207808;0,0001;0,00447985;0,0001
2017-01-23 08:00:00+00:00;0,00030921;0;0,0001202;0;0;0,118473613;0,047;0,047;0,69047658;0,44661543;0,0001;0,118473613;0,0001
2017-01-23 09:00:00+00:00;0,00010826;0;0,00017336;0;0;0,301474307;0,028;0,028;0,68675502;0,45000145;0,0001;0,301474307;0,0001
2017-01-23 10:00:00+00:00;7,70E-05;0;0,0002284;0;0;0,421409544;0,011;0,011;0,67371546;0,44593823;0,0001;0,421409544;0,0001
2017-01-23 11:00:00+00:00;7,45E-05;0;0,00028639;0;0;0,538814495;0,007;0,007;0,68613476;0,5278798;0,0001;0,538814495;0,0001
2017-01-23 12:00:00+00:00;7,56E-05;0;0,00034474;0;0;0,652663455;0,006;0,006;0,66747056;0,51636735;0,0001;0,652663455;0,0001
2017-01-23 13:00:00+00:00;7,60E-05;0;0,00037548;0;0;0,717688172;0,005;0,005;0,71668258;0,53702204;0,0001;0,717688172;0,0001
2017-01-23 14:00:00+00:00;7,47E-05;0;0,00037637;0;0;0,748906126;0,002;0,002;0,71033901;0,526864;0,0001;0,748906126;0,0001
2017-01-23 15:00:00+00:00;7,58E-05;0;0,00036898;0;0;0,681580971;0;0;0,70340337;0,56478737;0,0001;0,681580971;0,0001
2017-01-23 16:00:00+00:00;7,75E-05;0;0,00033936;0;0;0,562279061;0;0;0,71050817;0,57392961;0,0001;0,562279061;0,0001
2017-01-23 17:00:00+00:00;0,00010239;0;0,00028602;0;0;0,392585581;0;0;0,7023602;0,78724858;0,0001;0,392585581;0,0001
2017-01-23 18:00:00+00:00;0,00034841;0;0,0002322;0;0;0,191116917;0;0;0,76652895;0,89323087;0,0001;0,191116917;0,0001
2017-01-23 19:00:00+00:00;0,00036205;0;0,00017905;0;0;0,033852798;0,001;0,001;0,78890061;0,8996643;0,0001;0,033852798;0,0001
2017-01-23 20:00:00+00:00;0,00010051;0;0,00012679;0;0;0;0;0;0,77681963;0,89898709;0,0001;0;0,0001
2017-01-23 21:00:00+00:00;5,20E-05;0;7,84E-05;0;0;0;0;0;0,72301205;0,89898709;0,0001;0;0,0001
2017-01-23 22:00:00+00:00;3,24E-05;0;3,67E-05;0;0;0;0;0;0,71204472;0,89086066;0,0001;0;0,0001
2017-01-23 23:00:00+00:00;6,87E-06;0;6,31E-06;0;0;0;0;0;0,70298046;0,37923373;0,0001;0;0,0001
2017-01-24 00:00:00+00:00;1,99E-06;0;0;0;0;0;0;0;0,71352489;0,27494445;0,0001;0;0,0001
2017-01-24 01:00:00+00:00;1,20E-05;0;0;0;0;0;0,001;0,001;0,68380878;0,27494445;0,0001;0;0,0001
2017-01-24 02:00:00+00:00;1,81E-05;0;0;0;0;0;0,002;0,002;0,70196549;0,27121984;0,0001;0;0,0001
2017-01-24 03:00:00+00:00;2,41E-05;0;0;0;0;0;0,004;0,004;0,67420885;0,27257424;0,0001;0;0,0001
2017-01-24 04:00:00+00:00;3,29E-05;0;0;0;0;0;0,005;0,005;0,68400614;0,27121984;0,0001;0;0,0001
2017-01-24 05:00:00+00:00;7,07E-05;0;4,09E-06;0;0;0;0,007;0,007;0,63380735;0,29864656;0,0001;0;0,0001
2017-01-24 06:00:00+00:00;0,00028561;0;2,99E-05;0;0;0;0,006;0,006;0,58228345;0,30033957;0,0001;0;0,0001
2017-01-24 07:00:00+00:00;0,00037324;0;7,01E-05;0;0;0,005922107;0,007;0,007;0,645113;0,35688602;0,0001;0,005922107;0,0001
2017-01-24 08:00:00+00:00;0,00030877;0;0,0001183;0;0;0,119575457;0,02;0,02;0,6530777;0,39345499;0,0001;0,119575457;0,0001
2017-01-24 09:00:00+00:00;0,00010531;0;0,00017119;0;0;0,301836557;0,032;0,032;0,70120426;0,38871457;0,0001;0,301836557;0,0001
2017-01-24 10:00:00+00:00;7,52E-05;0;0,00022801;0;0;0,438390195;0,048;0,048;0,73223138;0,35925624;0,0001;0,438390195;0,0001
2017-01-24 11:00:00+00:00;7,41E-05;0;0,00028583;0;0;0,582712922;0,066;0,066;0,71441299;0,36027204;0,0001;0,582712922;0,0001
2017-01-24 12:00:00+00:00;7,45E-05;0;0,00034489;0;0;0,638766068;0,081;0,081;0,6948325;0,35925624;0,0001;0,638766068;0,0001
2017-01-24 13:00:00+00:00;7,39E-05;0;0,00037494;0;0;0,660798152;0,088;0,088;0,69598844;0,34842099;0,0001;0,660798152;0,0001
2017-01-24 14:00:00+00:00;7,34E-05;0;0,00037449;0;0;0,725922361;0,086;0,086;0,69477611;0,35553162;0,0001;0,725922361;0,0001
2017-01-24 15:00:00+00:00;7,92E-05;0;0,0003693;0;0;0,608680817;0,065;0,065;0,69845538;0,56411017;0,0001;0,608680817;0,0001
2017-01-24 16:00:00+00:00;8,15E-05;0;0,00034085;0;0;0,468600457;0,032;0,032;0,72643758;0,58239465;0,0001;0,468600457;0,0001
2017-01-24 17:00:00+00:00;0,00010423;0;0,00028693;0;0;0,306364007;0,017;0,017;0,70782977;0,79198901;0,0001;0,306364007;0,0001
2017-01-24 18:00:00+00:00;0,00035133;0;0,00023239;0;0;0,160857712;0,011;0,011;0,77480379;0,87596219;0,0001;0,160857712;0,0001
2017-01-24 19:00:00+00:00;0,00036215;0;0,00017987;0;0;0,032754441;0,005;0,005;0,79373582;0,88984485;0,0001;0,032754441;0,0001
2017-01-24 20:00:00+00:00;0,00010065;0;0,00012792;0;0;0;0,002;0,002;0,75917041;0,89255366;0,0001;0;0,0001
2017-01-24 21:00:00+00:00;5,24E-05;0;8,06E-05;0;0;0;0,003;0,003;0,72306844;0,88645884;0,0001;0;0,0001
2017-01-24 22:00:00+00:00;3,23E-05;0;3,80E-05;0;0;0;0,01;0,01;0,66388997;0,88713604;0,0001;0;0,0001
2017-01-24 23:00:00+00:00;6,55E-06;0;6,52E-06;0;0;0;0,028;0,028;0,69512853;0,59085969;0,0001;0;0,0001
2017-01-25 00:00:00+00:00;8,00E-08;0;0;0;0;0;0,043;0,043;0,69374704;0,48623181;0,0001;0;0,0001
2017-01-25 01:00:00+00:00;8,76E-06;0;0;0;0;0;0,044;0,044;0,62627964;0,4838616;0,0001;0;0,0001
2017-01-25 02:00:00+00:00;1,41E-05;0;0;0;0;0;0,04;0,04;0,59808599;0,48047559;0,0001;0;0,0001
2017-01-25 03:00:00+00:00;1,94E-05;0;0;0;0;0;0,038;0,038;0,58121209;0,4831844;0,0001;0;0,0001
2017-01-25 04:00:00+00:00;2,73E-05;0;0;0;0;0;0,033;0,033;0,59206665;0,48792482;0,0001;0;0,0001
2017-01-25 05:00:00+00:00;6,22E-05;0;4,15E-06;0;0;0;0,029;0,029;0,63792362;0,51094973;0,0001;0;0,0001
2017-01-25 06:00:00+00:00;0,00027531;0;3,02E-05;0;0;0;0,027;0,027;0,64196941;0,51535155;0,0001;0;0,0001
2017-01-25 07:00:00+00:00;0,00035561;0;7,08E-05;0;0;0,004078833;0,019;0,019;0,65046979;0,65688699;0,0001;0,004078833;0,0001
2017-01-25 08:00:00+00:00;0,00029132;0;0,0001189;0;0;0,095767182;0,023;0,023;0,57588349;0,70124379;0,0001;0,095767182;0,0001
2017-01-25 09:00:00+00:00;7,65E-05;0;0,00017174;0;0;0,248130661;0,036;0,036;0,60142694;0,71343345;0,0001;0,248130661;0,0001
2017-01-25 10:00:00+00:00;4,25E-05;0;0,00022843;0;0;0,381882737;0,053;0,053;0,59873444;0,71309485;0,0001;0,381882737;0,0001
2017-01-25 11:00:00+00:00;4,24E-05;0;0,00028577;0;0;0,525283072;0,089;0,089;0,64232183;0,71275625;0,0001;0,525283072;0,0001
2017-01-25 12:00:00+00:00;4,30E-05;0;0,00034335;0;0;0,600889204;0,131;0,131;0,64807333;0,72054408;0,0001;0,600889204;0,0001
2017-01-25 13:00:00+00:00;4,19E-05;0;0,00037592;0;0;0,648626092;0,15;0,15;0,64543723;0,71580366;0,0001;0,648626092;0,0001
2017-01-25 14:00:00+00:00;4,24E-05;0;0,00037548;0;0;0,644767139;0,149;0,149;0,66438336;0,68702253;0,0001;0,644767139;0,0001
2017-01-25 15:00:00+00:00;4,64E-05;0;0,00036971;0;0;0,628195321;0,132;0,132;0,60437317;0,73307234;0,0001;0,628195321;0,0001
2017-01-25 16:00:00+00:00;5,50E-05;0;0,00034075;0;0;0,479802517;0,096;0,096;0,58716095;0,72054408;0,0001;0,479802517;0,0001
2017-01-25 17:00:00+00:00;8,54E-05;0;0,00028719;0;0;0,323149204;0,079;0,079;0,64388658;0,81636832;0,0001;0,323149204;0,0001
2017-01-25 18:00:00+00:00;0,00033629;0;0,00023277;0;0;0,170628344;0,085;0,085;0,72390015;0,89898709;0,0001;0,170628344;0,0001
2017-01-25 19:00:00+00:00;0,00035618;0;0,00017907;0;0;0,034568095;0,124;0,124;0,82842811;0,89119926;0,0001;0,034568095;0,0001
2017-01-25 20:00:00+00:00;9,48E-05;0;0,00012681;0;0;0;0,196;0,196;0,78206365;0,89323087;0,0001;0;0,0001
2017-01-25 21:00:00+00:00;4,79E-05;0;7,91E-05;0;0;0;0,246;0,246;0,72642348;0,88442723;0,0001;0;0,0001
2017-01-25 22:00:00+00:00;2,84E-05;0;3,71E-05;0;0;0;0,264;0,264;0,69319727;0,88070261;0,0001;0;0,0001
2017-01-25 23:00:00+00:00;4,54E-06;0;6,37E-06;0;0;0;0,243;0,243;0,67863525;0,61760921;0,0001;0;0,0001
2017-01-26 00:00:00+00:00;1,80E-07;0;0;0;0;0;0,152;0,152;0,68881316;0,51535155;0,0001;0;0,0001
2017-01-26 01:00:00+00:00;8,95E-06;0;0;0;0;0;0,062;0,062;0,62034488;0,4838616;0,0001;0;0,0001
2017-01-26 02:00:00+00:00;1,43E-05;0;0;0;0;0;0,017;0,017;0,5847222;0,48182999;0,0001;0;0,0001
2017-01-26 03:00:00+00:00;1,96E-05;0;0;0;0;0;0,009;0,009;0,5718518;0,4838616;0,0001;0;0,0001
2017-01-26 04:00:00+00:00;2,77E-05;0;0;0;0;0;0,024;0,024;0,55242637;0,48927923;0,0001;0;0,0001
2017-01-26 05:00:00+00:00;6,42E-05;0;4,07E-06;0;0;0;0,068;0,068;0,55888272;0,48521601;0,0001;0;0,0001
2017-01-26 06:00:00+00:00;0,00027805;0;3,00E-05;0;0;0;0,103;0,103;0,59681728;0,50417769;0,0001;0;0,0001
2017-01-26 07:00:00+00:00;0,00035845;0;7,08E-05;0;0;0,006105954;0,051;0,051;0,60799606;0,52246218;0,0001;0,006105954;0,0001
2017-01-26 08:00:00+00:00;0,00028696;0;0,00011952;0;0;0,180152533;0,143;0,143;0,60468331;0,65045356;0,0001;0,180152533;0,0001
2017-01-26 09:00:00+00:00;7,56E-05;0;0,00017367;0;0;0,413864771;0,231;0,231;0,62529286;0,64909916;0,0001;0,413864771;0,0001
2017-01-26 10:00:00+00:00;4,24E-05;0;0,00022878;0;0;0,607114479;0,28;0,28;0,65970321;0,70564561;0,0001;0,607114479;0,0001
2017-01-26 11:00:00+00:00;4,23E-05;0;0,00028599;0;0;0,735722937;0,281;0,281;0,64349186;0,69887358;0,0001;0,735722937;0,0001
2017-01-26 12:00:00+00:00;4,30E-05;0;0,0003448;0;0;0,823813379;0,272;0,272;0,60668505;0,71072464;0,0001;0,823813379;0,0001
2017-01-26 13:00:00+00:00;4,18E-05;0;0,00037436;0;0;0,848328233;0,277;0,277;0,6673014;0,71546506;0,0001;0,848328233;0,0001
2017-01-26 14:00:00+00:00;4,22E-05;0;0,00037274;0;0;0,822440034;0,261;0,261;0,64354825;0,67009245;0,0001;0,822440034;0,0001
2017-01-26 15:00:00+00:00;4,63E-05;0;0,00036834;0;0;0,728688331;0,216;0,216;0,62088056;0,6805891;0,0001;0,728688331;0,0001
2017-01-26 16:00:00+00:00;5,53E-05;0;0,00033967;0;0;0,643721713;0,205;0,205;0,58754156;0,67957329;0,0001;0,643721713;0,0001
2017-01-26 17:00:00+00:00;8,54E-05;0;0,00028676;0;0;0,471951687;0,211;0,211;0,61125242;0,80688748;0,0001;0,471951687;0,0001
2017-01-26 18:00:00+00:00;0,00033864;0;0,00023338;0;0;0,273240236;0,227;0,227;0,6925911;0,89356947;0,0001;0,273240236;0,0001
2017-01-26 19:00:00+00:00;0,00035741;0;0,00018014;0;0;0,057616723;0,258;0,258;0,81131456;0,88544303;0,0001;0,057616723;0,0001
2017-01-26 20:00:00+00:00;9,54E-05;0;0,00012763;0;0;0;0,232;0,232;0,76263823;0,89593968;0,0001;0;0,0001
2017-01-26 21:00:00+00:00;4,81E-05;0;7,82E-05;0;0;0;0,207;0,207;0,70462979;0,89323087;0,0001;0;0,0001
2017-01-26 22:00:00+00:00;2,86E-05;0;3,62E-05;0;0;0;0,204;0,204;0,67061415;0,64774475;0,0001;0;0,0001
2017-01-26 23:00:00+00:00;4,69E-06;0;6,07E-06;0;0;0;0,199;0,199;0,68344227;0,45643488;0,0001;0;0,0001
2017-01-27 00:00:00+00:00;1,67E-06;0;0;0;0;0;0,203;0,203;0,6380223;0,45711208;0,0001;0;0,0001
2017-01-27 01:00:00+00:00;1,18E-05;0;0;0;0;0;0,191;0,191;0,61945678;0,45135585;0,0001;0;0,0001
2017-01-27 02:00:00+00:00;1,82E-05;0;0;0;0;0;0,164;0,164;0,58514511;0,45101725;0,0001;0;0,0001
2017-01-27 03:00:00+00:00;2,41E-05;0;0;0;0;0;0,162;0,162;0,59162965;0,45745068;0,0001;0;0,0001
2017-01-27 04:00:00+00:00;3,30E-05;0;0;0;0;0;0,197;0,197;0,60177936;0,45948229;0,0001;0;0,0001
2017-01-27 05:00:00+00:00;6,99E-05;0;4,18E-06;0;0;0;0,228;0,228;0,60097584;0,45372607;0,0001;0;0,0001
2017-01-27 06:00:00+00:00;0,00028467;0;3,10E-05;0;0;0;0,169;0,169;0,6042604;0,45677348;0,0001;0;0,0001
2017-01-27 07:00:00+00:00;0,00037238;0;7,15E-05;0;0;0,004127099;0,065;0,065;0,61662332;0,48487741;0,0001;0,004127099;0,0001
2017-01-27 08:00:00+00:00;0,00031323;0;0,00012002;0;0;0,201290351;0,153;0,153;0,6153687;0,5278798;0,0001;0,201290351;0,0001
2017-01-27 09:00:00+00:00;0,00010536;0;0,00017214;0;0;0,451422901;0,291;0,291;0,61294404;0,53262022;0,0001;0,451422901;0,0001
2017-01-27 10:00:00+00:00;7,39E-05;0;0,00022744;0;0;0,653222918;0,411;0,411;0,60476789;0,55158191;0,0001;0,653222918;0,0001
2017-01-27 11:00:00+00:00;7,32E-05;0;0,00028467;0;0;0,791042128;0,412;0,412;0,58965609;0,55225912;0,0001;0,791042128;0,0001
2017-01-27 12:00:00+00:00;7,72E-05;0;0,00034385;0;0;0,866388413;0,349;0,349;0,54674535;0,55225912;0,0001;0,866388413;0,0001
2017-01-27 13:00:00+00:00;7,48E-05;0;0,00037639;0;0;0,893766353;0,275;0,275;0,55823427;0,52280078;0,0001;0,893766353;0,0001
2017-01-27 14:00:00+00:00;7,41E-05;0;0,00037533;0;0;0,87126227;0,197;0,197;0,58377771;0,52178498;0,0001;0,87126227;0,0001
2017-01-27 15:00:00+00:00;8,01E-05;0;0,00037009;0;0;0,783120807;0,14;0,14;0,61118194;0,50654791;0,0001;0,783120807;0,0001
2017-01-27 16:00:00+00:00;8,13E-05;0;0,00034065;0;0;0,654883529;0,095;0,095;0,62940913;0,52043057;0,0001;0,654883529;0,0001
2017-01-27 17:00:00+00:00;0,00010472;0;0,00028505;0;0;0,476954168;0,088;0,088;0,67749341;0,75338843;0,0001;0,476954168;0,0001
2017-01-27 18:00:00+00:00;0,00035096;0;0,00023271;0;0;0,272804948;0,12;0,12;0,71146675;0,90440472;0,0001;0,272804948;0,0001
2017-01-27 19:00:00+00:00;0,00036765;0;0,00018039;0;0;0,054904223;0,169;0,169;0,79293231;0,89356947;0,0001;0,054904223;0,0001
2017-01-27 20:00:00+00:00;0,00010106;0;0,00012651;0;0;0;0,196;0,196;0,74995109;0,89323087;0,0001;0;0,0001
2017-01-27 21:00:00+00:00;5,27E-05;0;7,86E-05;0;0;0;0,218;0,218;0,71680945;0,89018345;0,0001;0;0,0001
2017-01-27 22:00:00+00:00;3,27E-05;0;3,62E-05;0;0;0;0,221;0,221;0,67680266;0,63521649;0,0001;0;0,0001
2017-01-27 23:00:00+00:00;6,74E-06;0;6,03E-06;0;0;0;0,214;0,214;0,67657711;0,48690902;0,0001;0;0,0001
2017-01-28 00:00:00+00:00;2,09E-06;0;0;0;0;0;0,196;0,196;0,66008383;0,4842002;0,0001;0;0,0001
2017-01-28 01:00:00+00:00;1,21E-05;0;0;0;0;0;0,168;0,168;0,61425505;0,48657041;0,0001;0;0,0001
2017-01-28 02:00:00+00:00;1,82E-05;0;0;0;0;0;0,157;0,157;0,53424147;0,483523;0,0001;0;0,0001
2017-01-28 03:00:00+00:00;2,41E-05;0;0;0;0;0;0,157;0,157;0,53841413;0,48149139;0,0001;0;0,0001
2017-01-28 04:00:00+00:00;3,35E-05;0;0;0;0;0;0,174;0,174;0,538104;0,48555461;0,0001;0;0,0001
2017-01-28 05:00:00+00:00;6,94E-05;0;4,31E-06;0;0;0;0,2;0,2;0,59281378;0,48453881;0,0001;0;0,0001
2017-01-28 06:00:00+00:00;0,00028896;0;3,01E-05;0;0;0;0,169;0,169;0,65093499;0,45474187;0,0001;0;0,0001
2017-01-28 07:00:00+00:00;0,00037682;0;7,06E-05;0;0;0,003473837;0,11;0,11;0,66451023;0,53295883;0,0001;0,003473837;0,0001
2017-01-28 08:00:00+00:00;0,00031439;0;0,00011946;0;0;0,19357076;0,18;0,18;0,67202384;0,55530653;0,0001;0,19357076;0,0001
2017-01-28 09:00:00+00:00;0,00010683;0;0,00017227;0;0;0,447426609;0,286;0,286;0,62413692;0,53465183;0,0001;0,447426609;0,0001
2017-01-28 10:00:00+00:00;7,30E-05;0;0,00022866;0;0;0,645594492;0,295;0,295;0,61852639;0,54074666;0,0001;0,645594492;0,0001
2017-01-28 11:00:00+00:00;7,31E-05;0;0,00028665;0;0;0,779372614;0,283;0,283;0,61378985;0,53736065;0,0001;0,779372614;0,0001
2017-01-28 12:00:00+00:00;7,53E-05;0;0,00034425;0;0;0,844463153;0,293;0,293;0,62650519;0,5478573;0,0001;0,844463153;0,0001
2017-01-28 13:00:00+00:00;7,46E-05;0;0,00037483;0;0;0,88895724;0,271;0,271;0,65237286;0,54210107;0,0001;0,88895724;0,0001
2017-01-28 14:00:00+00:00;7,64E-05;0;0,00037402;0;0;0,851384635;0,171;0,171;0,63638706;0,53803785;0,0001;0,851384635;0,0001
2017-01-28 15:00:00+00:00;7,91E-05;0;0,00036969;0;0;0,773225915;0,095;0,095;0,62066911;0,54006946;0,0001;0,773225915;0,0001
2017-01-28 16:00:00+00:00;8,17E-05;0;0,00034157;0;0;0,635938004;0,067;0,067;0,59952387;0,54074666;0,0001;0,635938004;0,0001
2017-01-28 17:00:00+00:00;0,00010121;0;0,00028513;0;0;0,460026756;0,084;0,084;0,61627089;0,74830941;0,0001;0,460026756;0,0001
2017-01-28 18:00:00+00:00;0,00035135;0;0,00023214;0;0;0,257688866;0,103;0,103;0,66919038;0,90305031;0,0001;0,257688866;0,0001
2017-01-28 19:00:00+00:00;0,00036474;0;0,00018032;0;0;0,054622985;0,14;0,14;0,68510569;0,89390807;0,0001;0,054622985;0,0001
2017-01-28 20:00:00+00:00;0,00010095;0;0,00012623;0;0;0;0,194;0,194;0,68349865;0,89763269;0,0001;0;0,0001
2017-01-28 21:00:00+00:00;5,24E-05;0;7,79E-05;0;0;0;0,238;0,238;0,66169086;0,88950625;0,0001;0;0,0001
2017-01-28 22:00:00+00:00;3,24E-05;0;3,68E-05;0;0;0;0,258;0,258;0,63700733;0,64943776;0,0001;0;0,0001
2017-01-28 23:00:00+00:00;7,07E-06;0;6,29E-06;0;0;0;0,259;0,259;0,67081151;0,47810538;0,0001;0;0,0001
2017-01-29 00:00:00+00:00;1,73E-06;0;0;0;0;0;0,269;0,269;0,59415298;0,47979838;0,0001;0;0,0001
2017-01-29 01:00:00+00:00;1,17E-05;0;0;0;0;0;0,308;0,308;0,57206325;0,48657041;0,0001;0;0,0001
2017-01-29 02:00:00+00:00;1,85E-05;0;0;0;0;0;0,344;0,344;0,5585303;0,4825072;0,0001;0;0,0001
2017-01-29 03:00:00+00:00;2,42E-05;0;0;0;0;0;0,344;0,344;0,53961236;0,4825072;0,0001;0;0,0001
2017-01-29 04:00:00+00:00;3,34E-05;0;0;0;0;0;0,303;0,303;0,54626606;0,48182999;0,0001;0;0,0001
2017-01-29 05:00:00+00:00;6,98E-05;0;4,19E-06;0;0;0;0,26;0,26;0,57203506;0,47979838;0,0001;0;0,0001
2017-01-29 06:00:00+00:00;0,00029096;0;2,99E-05;0;0;0;0,174;0,174;0,59309571;0,47471936;0,0001;0;0,0001
2017-01-29 07:00:00+00:00;0,00038024;0;7,05E-05;0;0;0,004674384;0,119;0,119;0,6486372;0,48555461;0,0001;0,004674384;0,0001
2017-01-29 08:00:00+00:00;0,00031181;0;0,00011917;0;0;0,20077055;0,259;0,259;0,63830423;0,52821841;0,0001;0,20077055;0,0001
2017-01-29 09:00:00+00:00;0,00010557;0;0,00017234;0;0;0,447557568;0,339;0,339;0,62650519;0,55225912;0,0001;0,447557568;0,0001
2017-01-29 10:00:00+00:00;7,62E-05;0;0,00022707;0;0;0,651752328;0,341;0,341;0,61611583;0,55632233;0,0001;0,651752328;0,0001
2017-01-29 11:00:00+00:00;7,42E-05;0;0,00028448;0;0;0,795529359;0,303;0,303;0,59435033;0,55192051;0,0001;0,795529359;0,0001
2017-01-29 12:00:00+00:00;7,37E-05;0;0,00034319;0;0;0,872113875;0,253;0,253;0,58066231;0,55835394;0,0001;0,872113875;0,0001
2017-01-29 13:00:00+00:00;7,54E-05;0;0,00037706;0;0;0,893713708;0,217;0,217;0,61422685;0,55395212;0,0001;0,893713708;0,0001
2017-01-29 14:00:00+00:00;7,42E-05;0;0,00037629;0;0;0,865902665;0,173;0,173;0,60258288;0,55970835;0,0001;0,865902665;0,0001
2017-01-29 15:00:00+00:00;7,61E-05;0;0,0003702;0;0;0,767951791;0,116;0,116;0,63583729;0,60034053;0,0001;0,767951791;0,0001
2017-01-29 16:00:00+00:00;8,18E-05;0;0,00033989;0;0;0,63962136;0,077;0,077;0,63377915;0,59932473;0,0001;0,63962136;0,0001
2017-01-29 17:00:00+00:00;0,00010521;0;0,00028696;0;0;0,477794466;0,082;0,082;0,65483981;0,7906346;0,0001;0,477794466;0,0001
2017-01-29 18:00:00+00:00;0,00035182;0;0,00023503;0;0;0,2662987;0,108;0,108;0,71459625;0,8793482;0,0001;0,2662987;0,0001
2017-01-29 19:00:00+00:00;0,00036582;0;0,00018099;0;0;0,055783312;0,147;0,147;0,7933834;0,88984485;0,0001;0,055783312;0,0001
2017-01-29 20:00:00+00:00;0,00010027;0;0,00012774;0;0;0;0,187;0,187;0,72686049;0,89153786;0,0001;0;0,0001
2017-01-29 21:00:00+00:00;5,22E-05;0;7,84E-05;0;0;0;0,218;0,218;0,68420349;0,89052206;0,0001;0;0,0001
2017-01-29 22:00:00+00:00;3,21E-05;0;3,69E-05;0;0;0;0,208;0,208;0,69538228;0,62573565;0,0001;0;0,0001
2017-01-29 23:00:00+00:00;6,42E-06;0;6,29E-06;0;0;0;0,184;0,184;0,66935954;0,50383909;0,0001;0;0,0001
2017-01-30 00:00:00+00:00;1,83E-06;0;0;0;0;0;0,167;0,167;0,66424239;0,45366681;0,0001;0;0,0001
2017-01-30 01:00:00+00:00;1,18E-05;0;0;0;0;0;0,167;0,167;0,64609978;0,44055446;0,0001;0;0,0001
2017-01-30 02:00:00+00:00;1,78E-05;0;0;0;0;0;0,18;0,18;0,61156256;0,44063065;0,0001;0;0,0001
2017-01-30 03:00:00+00:00;2,36E-05;0;0;0;0;0;0,19;0,19;0,61927352;0,4500353;0,0001;0;0,0001
2017-01-30 04:00:00+00:00;3,20E-05;0;0;0;0;0;0,189;0,189;0,63776855;0,45363296;0,0001;0;0,0001
2017-01-30 05:00:00+00:00;7,04E-05;0;4,22E-06;0;0;0;0,173;0,173;0,64405574;0,44597209;0,0001;0;0,0001
2017-01-30 06:00:00+00:00;0,00029125;0;3,08E-05;0;0;0;0,121;0,121;0,6100119;0,43763403;0,0001;0;0,0001
2017-01-30 07:00:00+00:00;0,0003772;0;7,21E-05;0;0;0,003697614;0,167;0,167;0,63992537;0,45665497;0,0001;0,003697614;0,0001
2017-01-30 08:00:00+00:00;0,00031691;0;0,00012176;0;0;0,193965211;0,268;0,268;0,62405234;0,4149054;0,0001;0,193965211;0,0001
2017-01-30 09:00:00+00:00;0,00010629;0;0,00017381;0;0;0,440550244;0,248;0,248;0,61414227;0,49304617;0,0001;0,440550244;0,0001
2017-01-30 10:00:00+00:00;7,75E-05;0;0,00022948;0;0;0,640462977;0,199;0,199;0,61285946;0,4881957;0,0001;0,640462977;0,0001
2017-01-30 11:00:00+00:00;7,50E-05;0;0,00028669;0;0;0,782703921;0,172;0,172;0,6015961;0,48710372;0,0001;0,782703921;0,0001
2017-01-30 12:00:00+00:00;7,90E-05;0;0,00034585;0;0;0,855807125;0,184;0,184;0,54862023;0,57773042;0,0001;0,855807125;0,0001
2017-01-30 13:00:00+00:00;7,42E-05;0;0,00037419;0;0;0,868119472;0,212;0,212;0,565621;0,58429928;0,0001;0,868119472;0,0001
2017-01-30 14:00:00+00:00;7,31E-05;0;0,00037547;0;0;0,826848686;0,222;0,222;0,5971556;0,57976203;0,0001;0,826848686;0,0001
2017-01-30 15:00:00+00:00;7,51E-05;0;0,00036897;0;0;0,782203839;0,18;0,18;0,62908491;0,54353166;0,0001;0,782203839;0,0001
2017-01-30 16:00:00+00:00;7,95E-05;0;0,00033978;0;0;0,650872868;0,142;0,142;0,64161699;0,57845842;0,0001;0,650872868;0,0001
2017-01-30 17:00:00+00:00;0,00010357;0;0,00028457;0;0;0,473877957;0,123;0,123;0,64505661;0,7703947;0,0001;0,473877957;0,0001
2017-01-30 18:00:00+00:00;0,00035351;0;0,00023237;0;0;0,271759715;0,123;0,123;0,7259301;0,86454285;0,0001;0,271759715;0,0001
2017-01-30 19:00:00+00:00;0,00036374;0;0,00017917;0;0;0,05443559;0,173;0,173;0,75057135;0,88189618;0,0001;0,05443559;0,0001
2017-01-30 20:00:00+00:00;0,00010143;0;0,00012486;0;0;0;0,189;0,189;0,73156883;0,88491821;0,0001;0;0,0001
2017-01-30 21:00:00+00:00;5,22E-05;0;7,75E-05;0;0;0;0,167;0,167;0,6908431;0,87704571;0,0001;0;0,0001
2017-01-30 22:00:00+00:00;3,22E-05;0;3,62E-05;0;0;0;0,177;0,177;0,65678517;0,86545708;0,0001;0;0,0001
2017-01-30 23:00:00+00:00;6,85E-06;0;6,16E-06;0;0;0;0,212;0,212;0,65830763;0,57776428;0,0001;0;0,0001
2017-01-31 00:00:00+00:00;1,63E-06;0;0;0;0;0;0,208;0,208;0,64273064;0,45924527;0,0001;0;0,0001
2017-01-31 01:00:00+00:00;1,15E-05;0;0;0;0;0;0,212;0,212;0,58183235;0,45557145;0,0001;0;0,0001
2017-01-31 02:00:00+00:00;1,81E-05;0;0;0;0;0;0,239;0,239;0,59189748;0,44231519;0,0001;0;0,0001
2017-01-31 03:00:00+00:00;2,45E-05;0;0;0;0;0;0,244;0,244;0,58780941;0,44272998;0,0001;0;0,0001
2017-01-31 04:00:00+00:00;3,27E-05;0;0;0;0;0;0,234;0,234;0,60447185;0,44033438;0,0001;0;0,0001
2017-01-31 05:00:00+00:00;6,97E-05;0;4,20E-06;0;0;0;0,216;0,216;0,57952047;0,47208674;0,0001;0;0,0001
2017-01-31 06:00:00+00:00;0,00028831;0;3,03E-05;0;0;0;0,176;0,176;0,50219939;0,47839319;0,0001;0;0,0001
2017-01-31 07:00:00+00:00;0,00037832;0;7,12E-05;0;0;0,003257686;0,097;0,097;0,54900085;0,47229836;0,0001;0,003257686;0,0001
2017-01-31 08:00:00+00:00;0,00031415;0;0,00011933;0;0;0,178291563;0,289;0,289;0,5532017;0,47284013;0,0001;0,178291563;0,0001
2017-01-31 09:00:00+00:00;0,00010814;0;0,00017222;0;0;0,41628214;0,4;0,4;0,53536922;0,48525833;0,0001;0,41628214;0,0001
2017-01-31 10:00:00+00:00;7,79E-05;0;0,00022777;0;0;0,6131541;0,412;0,412;0,575376;0,46335928;0,0001;0,6131541;0,0001
2017-01-31 11:00:00+00:00;7,84E-05;0;0,00028445;0;0;0,732576322;0,361;0,361;0,55597878;0,50313649;0,0001;0,732576322;0,0001
2017-01-31 12:00:00+00:00;7,73E-05;0;0,00034245;0;0;0,791163762;0,303;0,303;0,53178862;0,48403937;0,0001;0,791163762;0,0001
2017-01-31 13:00:00+00:00;7,55E-05;0;0,00037474;0;0;0,824840815;0,224;0,224;0,56725623;0,48823802;0,0001;0,824840815;0,0001
2017-01-31 14:00:00+00:00;7,37E-05;0;0,00037438;0;0;0,765504063;0,146;0,146;0,59435033;0,48625721;0,0001;0,765504063;0,0001
2017-01-31 15:00:00+00:00;7,88E-05;0;0,00036968;0;0;0,690674115;0,094;0,094;0,61830084;0,48690902;0,0001;0,690674115;0,0001
2017-01-31 16:00:00+00:00;8,09E-05;0;0,00034153;0;0;0,550416264;0,059;0,059;0,62974746;0,45056861;0,0001;0,550416264;0,0001
2017-01-31 17:00:00+00:00;0,00010239;0;0,00028741;0;0;0,380077012;0,048;0,048;0,63465315;0,71618459;0,0001;0,380077012;0,0001
2017-01-31 18:00:00+00:00;0,00035154;0;0,00023459;0;0;0,191440287;0,07;0,07;0,70908439;0,84087461;0,0001;0,191440287;0,0001
2017-01-31 19:00:00+00:00;0,00036761;0;0,00017963;0;0;0,039850397;0,117;0,117;0,74494671;0,87928894;0,0001;0,039850397;0,0001
2017-01-31 20:00:00+00:00;9,99E-05;0;0,00012662;0;0;0;0,143;0,143;0,74107009;0,87590293;0,0001;0;0,0001
2017-01-31 21:00:00+00:00;5,22E-05;0;7,66E-05;0;0;0;0,158;0,158;0,67874802;0,86342547;0,0001;0;0,0001
2017-01-31 22:00:00+00:00;3,19E-05;0;3,66E-05;0;0;0;0,161;0,161;0,60410533;0,58622085;0,0001;0;0,0001
2017-01-31 23:00:00+00:00;6,35E-06;0;6,48E-06;0;0;0;0,143;0,143;0,65365567;0,42929596;0,0001;0;0,0001
2017-02-01 00:00:00+00:00;1,20E-07;0;0;0;0;0;0,103;0,103;0,48518452;0,16388315;0,0001;0;0,0001
2017-02-01 01:00:00+00:00;8,78E-06;0;0;0;0;0;0,069;0,069;0,46964982;0,16760776;0,0001;0;0,0001
2017-02-01 02:00:00+00:00;1,40E-05;0;0;0;0;0;0,051;0,051;0,46403928;0,16625336;0,0001;0;0,0001
2017-02-01 03:00:00+00:00;1,94E-05;0;0;0;0;0;0,04;0,04;0,47046744;0,16828497;0,0001;0;0,0001
2017-02-01 04:00:00+00:00;2,72E-05;0;0;0;0;0;0,038;0,038;0,47145421;0,18927826;0,0001;0;0,0001
2017-02-01 05:00:00+00:00;6,29E-05;0;4,03E-06;0;0;0;0,047;0,047;0,4324342;0,18995546;0,0001;0;0,0001
2017-02-01 06:00:00+00:00;0,00028407;0;2,95E-05;0;0;0;0,052;0,052;0,42438491;0,19875911;0,0001;0;0,0001
2017-02-01 07:00:00+00:00;0,00036327;0;7,06E-05;0;0;0,004397407;0,04;0,04;0,48907524;0,18927826;0,0001;0,004397407;0,0001
2017-02-01 08:00:00+00:00;0,00028998;0;0,00011865;0;0;0,169329594;0,102;0,102;0,54766165;0,21535058;0,0001;0,169329594;0,0001
2017-02-01 09:00:00+00:00;7,72E-05;0;0,00017149;0;0;0,398102619;0,171;0,171;0,59660582;0,21772079;0,0001;0,398102619;0,0001
2017-02-01 10:00:00+00:00;4,25E-05;0;0,00022759;0;0;0,59389724;0,207;0,207;0,6335677;0,20756274;0,0001;0,59389724;0,0001
2017-02-01 11:00:00+00:00;4,24E-05;0;0,00028575;0;0;0,709451868;0,227;0,227;0,5953794;0,22821744;0,0001;0,709451868;0,0001
2017-02-01 12:00:00+00:00;4,29E-05;0;0,0003456;0;0;0,799232741;0,256;0,256;0,64507071;0,25936878;0,0001;0,799232741;0,0001
2017-02-01 13:00:00+00:00;4,18E-05;0;0,00037623;0;0;0,810149366;0,269;0,269;0,59261642;0,22449282;0,0001;0,810149366;0,0001
2017-02-01 14:00:00+00:00;4,23E-05;0;0,00037574;0;0;0,793716096;0,254;0,254;0,59082613;0,43611879;0,0001;0,793716096;0,0001
2017-02-01 15:00:00+00:00;4,66E-05;0;0,00036922;0;0;0,665541884;0,196;0,196;0,57164035;0,42325193;0,0001;0,665541884;0,0001
2017-02-01 16:00:00+00:00;5,51E-05;0;0,00034151;0;0;0,548830417;0,131;0,131;0,5558519;0,42799235;0,0001;0,548830417;0,0001
2017-02-01 17:00:00+00:00;8,55E-05;0;0,00028508;0;0;0,378379951;0,095;0,095;0,5407542;0,66602923;0,0001;0,378379951;0,0001
2017-02-01 18:00:00+00:00;0,00034412;0;0,00023126;0;0;0,16259892;0,102;0,102;0,5687223;0,86444974;0,0001;0,16259892;0,0001
2017-02-01 19:00:00+00:00;0,0003591;0;0,00017924;0;0;0,035434609;0,105;0,105;0,72256095;0,86919016;0,0001;0,035434609;0,0001
2017-02-01 20:00:00+00:00;9,55E-05;0;0,00012577;0;0;0;0,097;0,097;0,71345441;0,87325338;0,0001;0;0,0001
2017-02-01 21:00:00+00:00;4,80E-05;0;7,66E-05;0;0;0;0,094;0,094;0,61722948;0,88070261;0,0001;0;0,0001
2017-02-01 22:00:00+00:00;2,86E-05;0;3,61E-05;0;0;0;0,087;0,087;0,62532106;0,35925624;0,0001;0;0,0001
2017-02-01 23:00:00+00:00;4,60E-06;0;6,41E-06;0;0;0;0,086;0,086;0,51718431;0,18961686;0,0001;0;0,0001
2017-02-02 00:00:00+00:00;1,30E-07;0;0;0;0;0;0,073;0,073;0,60524718;0,23431227;0,0001;0;0,0001
2017-02-02 01:00:00+00:00;8,91E-06;0;0;0;0;0;0,051;0,051;0,56631175;0,23261926;0,0001;0;0,0001
2017-02-02 02:00:00+00:00;1,42E-05;0;0;0;0;0;0,04;0,04;0,5501004;0,24751773;0,0001;0;0,0001
2017-02-02 03:00:00+00:00;1,94E-05;0;0;0;0;0;0,038;0,038;0,50427162;0,24853353;0,0001;0;0,0001
2017-02-02 04:00:00+00:00;2,74E-05;0;0;0;0;0;0,042;0,042;0,53980972;0,24988794;0,0001;0;0,0001
2017-02-02 05:00:00+00:00;6,31E-05;0;4,00E-06;0;0;0;0,057;0,057;0,56587475;0,24582472;0,0001;0;0,0001
2017-02-02 06:00:00+00:00;0,000279;0;2,96E-05;0;0;0;0,079;0,079;0,59454769;0,24819493;0,0001;0;0,0001
2017-02-02 07:00:00+00:00;0,00036493;0;7,01E-05;0;0;0,004344598;0,028;0,028;0,60495114;0,25225815;0,0001;0,004344598;0,0001
2017-02-02 08:00:00+00:00;0,00029634;0;0,00011911;0;0;0,157863201;0,014;0,014;0,5367648;0,32438028;0,0001;0,157863201;0,0001
2017-02-02 09:00:00+00:00;7,78E-05;0;0,00017228;0;0;0,382941285;0,027;0,027;0,54354538;0,36941428;0,0001;0,382941285;0,0001
2017-02-02 10:00:00+00:00;4,25E-05;0;0,00022849;0;0;0,576880588;0,037;0,037;0,54932507;0,36399666;0,0001;0,576880588;0,0001
2017-02-02 11:00:00+00:00;4,23E-05;0;0,00028667;0;0;0,671970066;0,052;0,052;0,55170744;0,35011399;0,0001;0,671970066;0,0001
2017-02-02 12:00:00+00:00;4,30E-05;0;0,00034506;0;0;0,758883671;0,064;0,064;0,47087624;0,35519302;0,0001;0,758883671;0,0001
2017-02-02 13:00:00+00:00;4,19E-05;0;0,000377;0;0;0,82226595;0,079;0,079;0,52903974;0,56512597;0,0001;0,82226595;0,0001
2017-02-02 14:00:00+00:00;4,24E-05;0;0,00037397;0;0;0,785077158;0,091;0,091;0,58553982;0,56942622;0,0001;0,785077158;0,0001
2017-02-02 15:00:00+00:00;4,65E-05;0;0,00036909;0;0;0,645880048;0,075;0,075;0,56717165;0,5704928;0,0001;0,645880048;0,0001
2017-02-02 16:00:00+00:00;5,52E-05;0;0,00034099;0;0;0,505452575;0,043;0,043;0,58534246;0,563907;0,0001;0,505452575;0,0001
2017-02-02 17:00:00+00:00;8,51E-05;0;0,000288;0;0;0,362976516;0,034;0,034;0,58685082;0,75670673;0,0001;0,362976516;0,0001
2017-02-02 18:00:00+00:00;0,00034216;0;0,00023484;0;0;0,189967141;0,057;0,057;0,73058205;0,88016085;0,0001;0,189967141;0,0001
2017-02-02 19:00:00+00:00;0,00035995;0;0,00017984;0;0;0,03925175;0,117;0,117;0,80986259;0,86461057;0,0001;0,03925175;0,0001
2017-02-02 20:00:00+00:00;9,58E-05;0;0,00012687;0;0;0;0,209;0,209;0,75147354;0,87524265;0,0001;0;0,0001
2017-02-02 21:00:00+00:00;4,80E-05;0;7,83E-05;0;0;0;0,242;0,242;0,69067394;0,88591708;0,0001;0;0,0001
2017-02-02 22:00:00+00:00;2,85E-05;0;3,74E-05;0;0;0;0,206;0,206;0,67248903;0,58992853;0,0001;0;0,0001
2017-02-02 23:00:00+00:00;4,38E-06;0;6,47E-06;0;0;0;0,183;0,183;0,66965557;0,23803688;0,0001;0;0,0001
2017-02-03 00:00:00+00:00;1,65E-06;0;0;0;0;0;0,167;0,167;0,66367852;0,25665997;0,0001;0;0,0001
2017-02-03 01:00:00+00:00;1,14E-05;0;0;0;0;0;0,139;0,139;0,66455252;0,22415422;0,0001;0;0,0001
2017-02-03 02:00:00+00:00;1,73E-05;0;0;0;0;0;0,107;0,107;0,61600305;0,22821744;0,0001;0;0,0001
2017-02-03 03:00:00+00:00;2,40E-05;0;0;0;0;0;0,065;0,065;0,60218817;0,22415422;0,0001;0;0,0001
2017-02-03 04:00:00+00:00;3,23E-05;0;0;0;0;0;0,041;0,041;0,57368439;0,22957185;0,0001;0;0,0001
2017-02-03 05:00:00+00:00;7,05E-05;0;4,04E-06;0;0;0;0,018;0,018;0,62109201;0,22686303;0,0001;0;0,0001
2017-02-03 06:00:00+00:00;0,000293;0;2,99E-05;0;0;0;0,002;0,002;0,66025299;0,22618583;0,0001;0;0,0001
2017-02-03 07:00:00+00:00;0,00038136;0;7,04E-05;0;0;0,003897591;0;0;0,66765382;0,25496696;0,0001;0,003897591;0,0001
2017-02-03 08:00:00+00:00;0,00031739;0;0,00011839;0;0;0,124566276;0;0;0,71307379;0,25733717;0,0001;0,124566276;0,0001
2017-02-03 09:00:00+00:00;0,00010766;0;0,00017206;0;0;0,304434717;0;0;0,69954084;0,25327395;0,0001;0,304434717;0,0001
2017-02-03 10:00:00+00:00;7,61E-05;0;0,00022777;0;0;0,482307757;0;0;0,67387052;0,25665997;0,0001;0,482307757;0,0001
2017-02-03 11:00:00+00:00;7,56E-05;0;0,00028466;0;0;0,590643122;0;0;0,72123585;0,33182951;0,0001;0,590643122;0,0001
2017-02-03 12:00:00+00:00;7,51E-05;0;0,00034393;0;0;0,703294271;0;0;0,66493313;0,36873708;0,0001;0,703294271;0,0001
2017-02-03 13:00:00+00:00;7,55E-05;0;0,00037433;0;0;0,70422295;0;0;0,68610657;0,36975288;0,0001;0,70422295;0,0001
2017-02-03 14:00:00+00:00;7,39E-05;0;0,00037415;0;0;0,650933407;0,001;0,001;0,67365907;0,58476486;0,0001;0,650933407;0,0001
2017-02-03 15:00:00+00:00;7,76E-05;0;0,00036943;0;0;0,61140187;0,003;0,003;0,71898036;0,55361352;0,0001;0,61140187;0,0001
2017-02-03 16:00:00+00:00;7,92E-05;0;0,00034131;0;0;0,450507349;0,006;0,006;0,69546686;0,58544207;0,0001;0,450507349;0,0001
2017-02-03 17:00:00+00:00;0,00010323;0;0,00028759;0;0;0,312165486;0,008;0,008;0,67289784;0,77336592;0,0001;0,312165486;0,0001
2017-02-03 18:00:00+00:00;0,00035624;0;0,00023272;0;0;0,151957962;0,008;0,008;0,78828035;0,89086066;0,0001;0,151957962;0,0001
2017-02-03 19:00:00+00:00;0,00037092;0;0,00017896;0;0;0,034762987;0,011;0,011;0,88460396;0,88916765;0,0001;0,034762987;0,0001
2017-02-03 20:00:00+00:00;0,00010149;0;0,00012697;0;0;0;0,019;0,019;0,80611284;0,89526248;0,0001;0;0,0001
2017-02-03 21:00:00+00:00;5,26E-05;0;7,85E-05;0;0;0;0,037;0,037;0,7343459;0,88341142;0,0001;0;0,0001
2017-02-03 22:00:00+00:00;3,24E-05;0;3,68E-05;0;0;0;0,066;0,066;0,68541582;0,37110729;0,0001;0;0,0001
2017-02-03 23:00:00+00:00;6,95E-06;0;6,21E-06;0;0;0;0,101;0,101;0,68073567;0,24616332;0,0001;0;0,0001
2017-02-04 00:00:00+00:00;2,00E-06;0;0;0;0;0;0,113;0,113;0,71665439;0,45778928;0,0001;0;0,0001
2017-02-04 01:00:00+00:00;1,20E-05;0;0;0;0;0;0,095;0,095;0,69588976;0,23803688;0,0001;0;0,0001
2017-02-04 02:00:00+00:00;1,76E-05;0;0;0;0;0;0,065;0,065;0,71015575;0,24006849;0,0001;0;0,0001
2017-02-04 03:00:00+00:00;2,34E-05;0;0;0;0;0;0,034;0,034;0,69645364;0,23769828;0,0001;0;0,0001
2017-02-04 04:00:00+00:00;3,27E-05;0;0;0;0;0;0,016;0,016;0,70451702;0,2410843;0,0001;0;0,0001
2017-02-04 05:00:00+00:00;7,06E-05;0;4,15E-06;0;0;0;0,021;0,021;0,71520241;0,25090374;0,0001;0;0,0001
2017-02-04 06:00:00+00:00;0,00029246;0;3,02E-05;0;0;0;0,046;0,046;0,68524666;0,25428976;0,0001;0;0,0001
2017-02-04 07:00:00+00:00;0,00038642;0;7,10E-05;0;0;0,002750904;0,01;0,01;0,69889239;0,25259675;0,0001;0,002750904;0,0001
2017-02-04 08:00:00+00:00;0,00032197;0;0,00011941;0;0;0,121916389;0,013;0,013;0,70006242;0,45169446;0,0001;0,121916389;0,0001
2017-02-04 09:00:00+00:00;0,0001081;0;0,00017305;0;0;0,295006906;0,041;0,041;0,71637245;0,46456131;0,0001;0,295006906;0,0001
2017-02-04 10:00:00+00:00;7,45E-05;0;0,00022965;0;0;0,4310392;0,053;0,053;0,72373099;0,46964034;0,0001;0,4310392;0,0001
2017-02-04 11:00:00+00:00;7,30E-05;0;0,00028687;0;0;0,557315076;0,052;0,052;0,71914952;0,4608367;0,0001;0,557315076;0,0001
2017-02-04 12:00:00+00:00;7,37E-05;0;0,00034511;0;0;0,646316982;0,049;0,049;0,69586157;0,50891812;0,0001;0,646316982;0,0001
2017-02-04 13:00:00+00:00;7,44E-05;0;0,00037524;0;0;0,679312829;0,041;0,041;0,71205882;0,50282329;0,0001;0,679312829;0,0001
2017-02-04 14:00:00+00:00;7,69E-05;0;0,00037617;0;0;0,616493803;0,033;0,033;0,727227;0,5045163;0,0001;0,616493803;0,0001
2017-02-04 15:00:00+00:00;7,99E-05;0;0,00036928;0;0;0,519856985;0,028;0,028;0,71510374;0,50383909;0,0001;0,519856985;0,0001
2017-02-04 16:00:00+00:00;7,91E-05;0;0,0003395;0;0;0,423782453;0,029;0,029;0,72666313;0,50248469;0,0001;0,423782453;0,0001
2017-02-04 17:00:00+00:00;0,00010379;0;0,00028741;0;0;0,284360003;0,043;0,043;0,71910723;0,75474284;0,0001;0,284360003;0,0001
2017-02-04 18:00:00+00:00;0,00035417;0;0,00023309;0;0;0,150961033;0,088;0,088;0,80636658;0,8773166;0,0001;0,150961033;0,0001
2017-02-04 19:00:00+00:00;0,00036851;0;0,00017988;0;0;0,027105347;0,164;0,164;0,83931086;0,88002541;0,0001;0,027105347;0,0001
2017-02-04 20:00:00+00:00;0,00010103;0;0,00012547;0;0;0;0,198;0,198;0,78668741;0,8773166;0,0001;0;0,0001
2017-02-04 21:00:00+00:00;5,23E-05;0;7,81E-05;0;0;0;0,208;0,208;0,72442173;0,87393058;0,0001;0;0,0001
2017-02-04 22:00:00+00:00;3,23E-05;0;3,63E-05;0;0;0;0,21;0,21;0,72288518;0,60304935;0,0001;0;0,0001
2017-02-04 23:00:00+00:00;6,74E-06;0;6,22E-06;0;0;0;0,205;0,205;0,71531519;0,24447031;0,0001;0;0,0001
2017-02-05 00:00:00+00:00;1,67E-06;0;0;0;0;0;0,204;0,204;0,54450396;0,22550863;0,0001;0;0,0001
2017-02-05 01:00:00+00:00;1,20E-05;0;0;0;0;0;0,205;0,205;0,52682654;0,20248372;0,0001;0;0,0001
2017-02-05 02:00:00+00:00;1,76E-05;0;0;0;0;0;0,216;0,216;0,50249542;0,20417673;0,0001;0;0,0001
2017-02-05 03:00:00+00:00;2,39E-05;0;0;0;0;0;0,228;0,228;0,47307535;0,20282232;0,0001;0;0,0001
2017-02-05 04:00:00+00:00;3,28E-05;0;0;0;0;0;0,252;0,252;0,48501536;0,2187366;0,0001;0;0,0001
2017-02-05 05:00:00+00:00;7,03E-05;0;4,17E-06;0;0;0;0,548;0,548;0,50716147;0,21839799;0,0001;0;0,0001
2017-02-05 06:00:00+00:00;0,00029239;0;3,01E-05;0;0;0;0,566;0,566;0,44898387;0,2194138;0,0001;0;0,0001
2017-02-05 07:00:00+00:00;0,00038677;0;6,99E-05;0;0;0,002284848;0,422;0,422;0,48191406;0,24921073;0,0001;0,002284848;0,0001
2017-02-05 08:00:00+00:00;0,00032113;0;0,00011827;0;0;0,116830932;0,306;0,306;0,50888128;0,25090374;0,0001;0,116830932;0,0001
2017-02-05 09:00:00+00:00;0,00010902;0;0,00017152;0;0;0,297648552;0,421;0,421;0,52197723;0,25327395;0,0001;0,297648552;0,0001
2017-02-05 10:00:00+00:00;7,46E-05;0;0,00022745;0;0;0,484140983;0,385;0,385;0,55370919;0,25090374;0,0001;0,484140983;0,0001
2017-02-05 11:00:00+00:00;7,42E-05;0;0,00028591;0;0;0,625767775;0,26;0,26;0,52056755;0,25124234;0,0001;0,625767775;0,0001
2017-02-05 12:00:00+00:00;7,35E-05;0;0,00034546;0;0;0,729731032;0,144;0,144;0,50318617;0,220091;0,0001;0,729731032;0,0001
2017-02-05 13:00:00+00:00;7,51E-05;0;0,00037784;0;0;0,786139756;0,075;0,075;0,52048297;0,220091;0,0001;0,786139756;0,0001
2017-02-05 14:00:00+00:00;7,64E-05;0;0,0003747;0;0;0,732430222;0,032;0,032;0,55480874;0,2197524;0,0001;0,732430222;0,0001
2017-02-05 15:00:00+00:00;7,92E-05;0;0,00036954;0;0;0,6707334;0,008;0,008;0,58191693;0,4178343;0,0001;0,6707334;0,0001
2017-02-05 16:00:00+00:00;7,84E-05;0;0,00034161;0;0;0,523880781;0,002;0,002;0,60669915;0,41072367;0,0001;0,523880781;0,0001
2017-02-05 17:00:00+00:00;0,00010374;0;0,00028637;0;0;0,358342319;0,005;0,005;0,61784974;0,72596171;0,0001;0,358342319;0,0001
2017-02-05 18:00:00+00:00;0,00035844;0;0,00023371;0;0;0,167112446;0,009;0,009;0,74666652;0,84481085;0,0001;0,167112446;0,0001
2017-02-05 19:00:00+00:00;0,00036899;0;0,00017942;0;0;0,027865166;0,017;0,017;0,72452041;0,88781324;0,0001;0,027865166;0,0001
2017-02-05 20:00:00+00:00;0,00010111;0;0,00012637;0;0;0;0,022;0,022;0,7179231;0,88612024;0,0001;0;0,0001
2017-02-05 21:00:00+00:00;5,22E-05;0;7,76E-05;0;0;0;0,024;0,024;0,63283466;0,86106372;0,0001;0;0,0001
2017-02-05 22:00:00+00:00;3,25E-05;0;3,71E-05;0;0;0;0,03;0,03;0,60932116;0,34909819;0,0001;0;0,0001
2017-02-05 23:00:00+00:00;6,61E-06;0;6,44E-06;0;0;0;0,042;0,042;0,59282788;0,22415422;0,0001;0;0,0001
2017-02-06 00:00:00+00:00;1,80E-06;0;0;0;0;0;0,057;0,057;0,38949527;0,21128736;0,0001;0;0,0001
2017-02-06 01:00:00+00:00;1,15E-05;0;0;0;0;0;0,059;0,059;0,37566629;0,20959435;0,0001;0;0,0001
2017-02-06 02:00:00+00:00;1,75E-05;0;0;0;0;0;0,043;0,043;0,34469556;0,1974047;0,0001;0;0,0001
2017-02-06 03:00:00+00:00;2,36E-05;0;0;0;0;0;0,024;0,024;0,31113102;0,21094876;0,0001;0;0,0001
2017-02-06 04:00:00+00:00;3,27E-05;0;0;0;0;0;0,017;0,017;0,3205477;0,21331897;0,0001;0;0,0001
2017-02-06 05:00:00+00:00;6,98E-05;0;4,19E-06;0;0;0;0,003;0,003;0,37845746;0,20790135;0,0001;0;0,0001
2017-02-06 06:00:00+00:00;0,00029507;0;2,97E-05;0;0;0;0,001;0,001;0,39225825;0,21094876;0,0001;0;0,0001
2017-02-06 07:00:00+00:00;0,00038713;0;7,09E-05;0;0;0,002584228;0,012;0,012;0,45940143;0,25090374;0,0001;0,002584228;0,0001
2017-02-06 08:00:00+00:00;0,0003168;0;0,00011917;0;0;0,130856;0,035;0,035;0,50896586;0,25191955;0,0001;0,130856;0,0001
2017-02-06 09:00:00+00:00;0,00010253;0;0,00017247;0;0;0,342879029;0,076;0,076;0,48635456;0,25259675;0,0001;0,342879029;0,0001
2017-02-06 10:00:00+00:00;7,39E-05;0;0,0002285;0;0;0,524156164;0,116;0,116;0,48335193;0,25225815;0,0001;0,524156164;0,0001
2017-02-06 11:00:00+00:00;7,71E-05;0;0,00028668;0;0;0,665616178;0,127;0,127;0,47559868;0,2421001;0,0001;0,665616178;0,0001
2017-02-06 12:00:00+00:00;8,00E-05;0;0,00034529;0;0;0,76817656;0,12;0,12;0,48732724;0,26038459;0,0001;0,76817656;0,0001
2017-02-06 13:00:00+00:00;7,48E-05;0;0,00037584;0;0;0,822578426;0,117;0,117;0,48400039;0,25767577;0,0001;0,822578426;0,0001
2017-02-06 14:00:00+00:00;7,52E-05;0;0,00037389;0;0;0,801288832;0,107;0,107;0,51928474;0,24751773;0,0001;0,801288832;0,0001
2017-02-06 15:00:00+00:00;7,42E-05;0;0,00036943;0;0;0,725196737;0,078;0,078;0,51420988;0,24819493;0,0001;0,725196737;0,0001
2017-02-06 16:00:00+00:00;7,82E-05;0;0,00034352;0;0;0,545785181;0,059;0,059;0,484381;0,46456131;0,0001;0,545785181;0,0001
2017-02-06 17:00:00+00:00;0,00010497;0;0,00028604;0;0;0,357771319;0,048;0,048;0,52684064;0,75304983;0,0001;0,357771319;0,0001
2017-02-06 18:00:00+00:00;0,00036165;0;0,00023212;0;0;0,177664382;0,052;0,052;0,70735048;0,88984485;0,0001;0,177664382;0,0001
2017-02-06 19:00:00+00:00;0,00037194;0;0,00017933;0;0;0,034068708;0,051;0,051;0,72287108;0,89356947;0,0001;0,034068708;0,0001
2017-02-06 20:00:00+00:00;0,00010149;0;0,00012696;0;0;0;0,046;0,046;0,62608228;0,88137981;0,0001;0;0,0001
2017-02-06 21:00:00+00:00;5,28E-05;0;7,90E-05;0;0;0;0,047;0,047;0,55308893;0,85226008;0,0001;0;0,0001
2017-02-06 22:00:00+00:00;3,30E-05;0;3,72E-05;0;0;0;0,058;0,058;0,43977865;0,33453832;0,0001;0;0,0001
2017-02-06 23:00:00+00:00;6,62E-06;0;6,36E-06;0;0;0;0,097;0,097;0,43529586;0,20925575;0,0001;0;0,0001
2017-02-07 00:00:00+00:00;1,58E-06;0;0;0;0;0;0,141;0,141;0,3592012;0,18758525;0,0001;0;0,0001
2017-02-07 01:00:00+00:00;1,14E-05;0;0;0;0;0;0,16;0,16;0,35112372;0,18758525;0,0001;0;0,0001
2017-02-07 02:00:00+00:00;1,77E-05;0;0;0;0;0;0,157;0,157;0,31676975;0,18318343;0,0001;0;0,0001
2017-02-07 03:00:00+00:00;2,35E-05;0;0;0;0;0;0,132;0,132;0,30998918;0,1764114;0,0001;0;0,0001
2017-02-07 04:00:00+00:00;3,24E-05;0;0;0;0;0;0,116;0,116;0,33585685;0,20282232;0,0001;0;0,0001
2017-02-07 05:00:00+00:00;7,13E-05;0;4,15E-06;0;0;0;0,097;0,097;0,36259853;0,20146792;0,0001;0;0,0001
2017-02-07 06:00:00+00:00;0,00029543;0;2,95E-05;0;0;0;0,048;0,048;0,36145669;0,21602778;0,0001;0;0,0001
2017-02-07 07:00:00+00:00;0,00039025;0;6,96E-05;0;0;0,002989552;0,01;0,01;0,42270739;0,25293535;0,0001;0,002989552;0,0001
2017-02-07 08:00:00+00:00;0,00032275;0;0,00011808;0;0;0,117126398;0,006;0,006;0,45670893;0,25665997;0,0001;0,117126398;0,0001
2017-02-07 09:00:00+00:00;0,0001081;0;0,00017137;0;0;0,308119366;0,004;0,004;0,45835826;0,25327395;0,0001;0,308119366;0,0001
2017-02-07 10:00:00+00:00;7,41E-05;0;0,00022775;0;0;0,517219204;0,004;0,004;0,41565898;0,2204296;0,0001;0,517219204;0,0001
2017-02-07 11:00:00+00:00;7,49E-05;0;0,00028495;0;0;0,630782553;0,005;0,005;0,38701423;0,22212261;0,0001;0,630782553;0,0001
2017-02-07 12:00:00+00:00;7,72E-05;0;0,00034557;0;0;0,715822851;0,005;0,005;0,35326643;0,18724665;0,0001;0,715822851;0,0001
2017-02-07 13:00:00+00:00;7,66E-05;0;0,00037678;0;0;0,749308435;0,007;0,007;0,40419826;0,21670499;0,0001;0,749308435;0,0001
2017-02-07 14:00:00+00:00;7,59E-05;0;0,00037424;0;0;0,710686241;0,008;0,008;0,43636722;0,23397366;0,0001;0,710686241;0,0001
2017-02-07 15:00:00+00:00;7,66E-05;0;0,00036825;0;0;0,611530961;0,009;0,009;0,45253627;0,44864704;0,0001;0,611530961;0,0001
2017-02-07 16:00:00+00:00;7,83E-05;0;0,00034005;0;0;0,481985103;0,007;0,007;0,44878652;0,47505796;0,0001;0,481985103;0,0001
2017-02-07 17:00:00+00:00;0,00010292;0;0,00028657;0;0;0,296396333;0,009;0,009;0,50779583;0,75711305;0,0001;0,296396333;0,0001
2017-02-07 18:00:00+00:00;0,00035845;0;0,00023151;0;0;0,159809713;0,017;0,017;0,69911794;0,88679744;0,0001;0,159809713;0,0001
2017-02-07 19:00:00+00:00;0,00037021;0;0,00018052;0;0;0,027251992;0,026;0,026;0,67722557;0,88578163;0,0001;0,027251992;0,0001
2017-02-07 20:00:00+00:00;0,00010117;0;0,0001268;0;0;0;0,022;0,022;0,59621111;0,89560108;0,0001;0;0,0001
2017-02-07 21:00:00+00:00;5,22E-05;0;7,88E-05;0;0;0;0,015;0,015;0,49822408;0,85090568;0,0001;0;0,0001
2017-02-07 22:00:00+00:00;3,25E-05;0;3,61E-05;0;0;0;0,014;0,014;0,45717413;0,31591524;0,0001;0;0,0001
2017-02-07 23:00:00+00:00;6,47E-06;0;6,16E-06;0;0;0;0,02;0,02;0,44498037;0,21027156;0,0001;0;0,0001
2017-02-08 00:00:00+00:00;1,70E-07;0;0;0;0;0;0,029;0,029;0,37754117;0,16760776;0,0001;0;0,0001
2017-02-08 01:00:00+00:00;8,83E-06;0;0;0;0;0;0,035;0,035;0,35883468;0,16659196;0,0001;0;0,0001
2017-02-08 02:00:00+00:00;1,41E-05;0;0;0;0;0;0,033;0,033;0,33148684;0,17133238;0,0001;0;0,0001
2017-02-08 03:00:00+00:00;1,94E-05;0;0;0;0;0;0,026;0,026;0,35866552;0,18690805;0,0001;0;0,0001
2017-02-08 04:00:00+00:00;2,74E-05;0;0;0;0;0;0,017;0,017;0,3658408;0,19232568;0,0001;0;0,0001
2017-02-08 05:00:00+00:00;6,38E-05;0;4,20E-06;0;0;0;0,011;0,011;0,42431443;0,19334148;0,0001;0;0,0001
2017-02-08 06:00:00+00:00;0,00028352;0;3,04E-05;0;0;0;0,005;0,005;0,41274094;0,21467338;0,0001;0;0,0001
2017-02-08 07:00:00+00:00;0,00037103;0;7,10E-05;0;0;0,002126068;0,002;0,002;0,36603816;0,25327395;0,0001;0,002126068;0,0001
2017-02-08 08:00:00+00:00;0,00029713;0;0,0001189;0;0;0,110717223;0,003;0,003;0,43210997;0,25496696;0,0001;0,110717223;0,0001
2017-02-08 09:00:00+00:00;7,81E-05;0;0,00017384;0;0;0,259435622;0,003;0,003;0,42465275;0,19300288;0,0001;0,259435622;0,0001
2017-02-08 10:00:00+00:00;4,24E-05;0;0,00023015;0;0;0,452838943;0,01;0,01;0,4453046;0,19435728;0,0001;0,452838943;0,0001
2017-02-08 11:00:00+00:00;4,24E-05;0;0,00028771;0;0;0,592623041;0,048;0,048;0,49090783;0,25158095;0,0001;0,592623041;0,0001
2017-02-08 12:00:00+00:00;4,30E-05;0;0,00034442;0;0;0,674301543;0,12;0,12;0,41454533;0,25598277;0,0001;0,674301543;0,0001
2017-02-08 13:00:00+00:00;4,19E-05;0;0,00037625;0;0;0,768624125;0,189;0,189;0,45591951;0,22652443;0,0001;0,768624125;0,0001
2017-02-08 14:00:00+00:00;4,23E-05;0;0,00037291;0;0;0,715659448;0,225;0,225;0,44839181;0,23194206;0,0001;0,715659448;0,0001
2017-02-08 15:00:00+00:00;4,65E-05;0;0,0003692;0;0;0,578973195;0,206;0,206;0,40701763;0,22618583;0,0001;0,578973195;0,0001
2017-02-08 16:00:00+00:00;5,52E-05;0;0,00033958;0;0;0,436252494;0,146;0,146;0,40769427;0,46523852;0,0001;0,436252494;0,0001
2017-02-08 17:00:00+00:00;8,57E-05;0;0,00028463;0;0;0,316244885;0,131;0,131;0,4870312;0,75135682;0,0001;0,316244885;0,0001
2017-02-08 18:00:00+00:00;0,00034959;0;0,00023123;0;0;0,146465059;0,116;0,116;0,75092377;0,78420117;0,0001;0,146465059;0,0001
2017-02-08 19:00:00+00:00;0,00036599;0;0,00017769;0;0;0,031082485;0,098;0,098;0,72230721;0,88849045;0,0001;0,031082485;0,0001
2017-02-08 20:00:00+00:00;9,71E-05;0;0,0001258;0;0;0;0,133;0,133;0,65458607;0,89255366;0,0001;0;0,0001
2017-02-08 21:00:00+00:00;4,78E-05;0;7,72E-05;0;0;0;0,171;0,171;0,52930758;0,85361449;0,0001;0;0,0001
2017-02-08 22:00:00+00:00;2,84E-05;0;3,64E-05;0;0;0;0,19;0,19;0,41102112;0,32810489;0,0001;0;0,0001
2017-02-08 23:00:00+00:00;4,44E-06;0;6,30E-06;0;0;0;0,214;0,214;0,36647516;0,20214512;0,0001;0;0,0001
2017-02-09 00:00:00+00:00;1,60E-07;0;0;0;0;0;0,218;0,218;0,26468199;0,16591475;0,0001;0;0,0001
2017-02-09 01:00:00+00:00;8,84E-06;0;0;0;0;0;0,185;0,185;0,21790872;0,16659196;0,0001;0;0,0001
2017-02-09 02:00:00+00:00;1,40E-05;0;0;0;0;0;0,199;0,199;0,21838801;0,16422175;0,0001;0;0,0001
2017-02-09 03:00:00+00:00;1,93E-05;0;0;0;0;0;0,234;0,234;0,21477922;0,16693056;0,0001;0;0,0001
2017-02-09 04:00:00+00:00;2,73E-05;0;0;0;0;0;0,26;0,26;0,20165508;0,19130987;0,0001;0;0,0001
2017-02-09 05:00:00+00:00;6,40E-05;0;4,03E-06;0;0;0;0,258;0,258;0,2664018;0,19266428;0,0001;0;0,0001
2017-02-09 06:00:00+00:00;0,00028513;0;2,93E-05;0;0;0;0,225;0,225;0,29503245;0,19029407;0,0001;0;0,0001
2017-02-09 07:00:00+00:00;0,00037062;0;6,93E-05;0;0;0,001449851;0,139;0,139;0,37312886;0,25327395;0,0001;0,001449851;0,0001
2017-02-09 08:00:00+00:00;0,0002992;0;0,00011792;0;0;0,129261685;0,113;0,113;0,43367472;0,25293535;0,0001;0,129261685;0,0001
2017-02-09 09:00:00+00:00;7,79E-05;0;0,00017101;0;0;0,321575993;0,145;0,145;0,44764468;0,25056514;0,0001;0,321575993;0,0001
2017-02-09 10:00:00+00:00;4,24E-05;0;0,00022856;0;0;0,518811998;0,191;0,191;0,41998671;0,17945882;0,0001;0,518811998;0,0001
2017-02-09 11:00:00+00:00;4,23E-05;0;0,00028568;0;0;0,607829378;0,244;0,244;0,41946512;0,34503497;0,0001;0,607829378;0,0001
2017-02-09 12:00:00+00:00;4,30E-05;0;0,00034477;0;0;0,73592752;0,235;0,235;0,33846477;0,3507912;0,0001;0,73592752;0,0001
2017-02-09 13:00:00+00:00;4,18E-05;0;0,00037373;0;0;0,773313975;0,103;0,103;0,38511116;0,34503497;0,0001;0,773313975;0,0001
2017-02-09 14:00:00+00:00;4,25E-05;0;0,00037482;0;0;0,758640894;0,038;0,038;0,41179645;0,34672798;0,0001;0,758640894;0,0001
2017-02-09 15:00:00+00:00;4,66E-05;0;0,00036889;0;0;0,677548769;0,028;0,028;0,42637257;0,42359053;0,0001;0,677548769;0,0001
2017-02-09 16:00:00+00:00;5,51E-05;0;0,00034169;0;0;0,576981902;0,028;0,028;0,44090639;0,4391662;0,0001;0,576981902;0,0001
2017-02-09 17:00:00+00:00;8,61E-05;0;0,00028685;0;0;0,399708877;0,017;0,017;0,44292224;0,745262;0,0001;0,399708877;0,0001
2017-02-09 18:00:00+00:00;0,00034904;0;0,00023331;0;0;0,210340444;0,033;0,033;0,68231452;0,88036401;0,0001;0,210340444;0,0001
2017-02-09 19:00:00+00:00;0,00036799;0;0,00018029;0;0;0,040933569;0,137;0,137;0,69180168;0,88341142;0,0001;0,040933569;0,0001
2017-02-09 20:00:00+00:00;9,71E-05;0;0,00012864;0;0;0;0,205;0,205;0,62226205;0,88578163;0,0001;0;0,0001
2017-02-09 21:00:00+00:00;4,79E-05;0;7,95E-05;0;0;0;0,155;0,155;0,50317207;0,84210203;0,0001;0;0,0001
2017-02-09 22:00:00+00:00;2,84E-05;0;3,72E-05;0;0;0;0,115;0,115;0,42661221;0,55733814;0,0001;0;0,0001
2017-02-09 23:00:00+00:00;4,41E-06;0;6,37E-06;0;0;0;0,09;0,09;0,31448607;0,16388315;0,0001;0;0,0001
2017-02-10 00:00:00+00:00;1,75E-06;0;0;0;0;0;0,091;0,091;0,29710468;0,15643391;0,0001;0;0,0001
2017-02-10 01:00:00+00:00;1,20E-05;0;0;0;0;0;0,091;0,091;0,25695693;0,15880412;0,0001;0;0,0001
2017-02-10 02:00:00+00:00;1,82E-05;0;0;0;0;0;0,093;0,093;0,20437577;0,15711111;0,0001;0;0,0001
2017-02-10 03:00:00+00:00;2,46E-05;0;0;0;0;0;0,105;0,105;0,20544713;0,15880412;0,0001;0;0,0001
2017-02-10 04:00:00+00:00;3,31E-05;0;0;0;0;0;0,149;0,149;0,19674938;0,1757342;0,0001;0;0,0001
2017-02-10 05:00:00+00:00;7,13E-05;0;4,20E-06;0;0;0;0,244;0,244;0,20093614;0,17912022;0,0001;0;0,0001
2017-02-10 06:00:00+00:00;0,00029977;0;3,05E-05;0;0;0;0,291;0,291;0,22305406;0,18352204;0,0001;0;0,0001
2017-02-10 07:00:00+00:00;0,00038658;0;7,11E-05;0;0;0,001420619;0,247;0,247;0,27019384;0,18284483;0,0001;0,001420619;0,0001
2017-02-10 08:00:00+00:00;0,00032297;0;0,00011947;0;0;0,138797421;0,238;0,238;0,28426248;0,18589225;0,0001;0,138797421;0,0001
2017-02-10 09:00:00+00:00;0,00010568;0;0,00017166;0;0;0,350878009;0,251;0,251;0,33471501;0,18115182;0,0001;0,350878009;0,0001
2017-02-10 10:00:00+00:00;7,62E-05;0;0,00022781;0;0;0,504322088;0,27;0,27;0,36968923;0,17370259;0,0001;0,504322088;0,0001
2017-02-10 11:00:00+00:00;7,47E-05;0;0,00028461;0;0;0,662452089;0,275;0,275;0,3441035;0,15948133;0,0001;0,662452089;0,0001
2017-02-10 12:00:00+00:00;7,60E-05;0;0,00034379;0;0;0,735622481;0,19;0,19;0,3343344;0,15812692;0,0001;0,735622481;0,0001
2017-02-10 13:00:00+00:00;7,63E-05;0;0,00037316;0;0;0,782381284;0,107;0,107;0,34993958;0,15643391;0,0001;0,782381284;0,0001
2017-02-10 14:00:00+00:00;7,73E-05;0;0,00037537;0;0;0,748798553;0,05;0,05;0,37718874;0,15812692;0,0001;0,748798553;0,0001
2017-02-10 15:00:00+00:00;7,84E-05;0;0,00036826;0;0;0,732241244;0,023;0,023;0,35982146;0,15846552;0,0001;0,732241244;0,0001
2017-02-10 16:00:00+00:00;7,94E-05;0;0,00034016;0;0;0,581560805;0,014;0,014;0,3272014;0,37923373;0,0001;0,581560805;0,0001
2017-02-10 17:00:00+00:00;0,00010356;0;0,00028831;0;0;0,43437776;0,017;0,017;0,34124184;0,67957329;0,0001;0,43437776;0,0001
2017-02-10 18:00:00+00:00;0,0003589;0;0,00023383;0;0;0,252568901;0,028;0,028;0,59632389;0,87122177;0,0001;0,252568901;0,0001
2017-02-10 19:00:00+00:00;0,00037595;0;0,00018064;0;0;0,047468598;0,048;0,048;0,60022871;0,87257617;0,0001;0,047468598;0,0001
2017-02-10 20:00:00+00:00;0,0001009;0;0,00012746;0;0;0;0,063;0,063;0,55992588;0,8349914;0,0001;0;0,0001
2017-02-10 21:00:00+00:00;5,20E-05;0;7,89E-05;0;0;0;0,071;0,071;0,50648482;0,83160539;0,0001;0;0,0001
2017-02-10 22:00:00+00:00;3,17E-05;0;3,67E-05;0;0;0;0,077;0,077;0,43220865;0,28070068;0,0001;0;0,0001
2017-02-10 23:00:00+00:00;6,57E-06;0;6,23E-06;0;0;0;0,069;0,069;0,36784255;0,15101629;0,0001;0;0,0001
2017-02-11 00:00:00+00:00;1,39E-06;0;0;0;0;0;0,051;0,051;0,2033326;0,13848803;0,0001;0;0,0001
2017-02-11 01:00:00+00:00;1,16E-05;0;0;0;0;0;0,033;0,033;0,16989493;0,14492146;0,0001;0;0,0001
2017-02-11 02:00:00+00:00;1,79E-05;0;0;0;0;0;0,02;0,02;0,18576796;0,15914273;0,0001;0;0,0001
2017-02-11 03:00:00+00:00;2,44E-05;0;0;0;0;0;0,013;0,013;0,18435828;0,17471839;0,0001;0;0,0001
2017-02-11 04:00:00+00:00;3,30E-05;0;0;0;0;0;0,014;0,014;0,19422605;0,17675;0,0001;0;0,0001
2017-02-11 05:00:00+00:00;7,20E-05;0;4,33E-06;0;0;0;0,03;0,03;0,19322518;0,175057;0,0001;0;0,0001
2017-02-11 06:00:00+00:00;0,00030008;0;3,00E-05;0;0;0;0,053;0,053;0,19361989;0,23600527;0,0001;0;0,0001
2017-02-11 07:00:00+00:00;0,00039203;0;7,03E-05;0;0;0,00147646;0,034;0,034;0,19811678;0,23363506;0,0001;0,00147646;0,0001
2017-02-11 08:00:00+00:00;0,00032295;0;0,00011818;0;0;0,14453787;0,025;0,025;0,23963193;0,23803688;0,0001;0,14453787;0,0001
2017-02-11 09:00:00+00:00;0,00010743;0;0,00017128;0;0;0,349110387;0,024;0,024;0,24472088;0,23600527;0,0001;0,349110387;0,0001
2017-02-11 10:00:00+00:00;7,40E-05;0;0,00022695;0;0;0,550868265;0,018;0,018;0,19643926;0,15507951;0,0001;0,550868265;0,0001
2017-02-11 11:00:00+00:00;7,56E-05;0;0,00028517;0;0;0,724849722;0,014;0,014;0,23988567;0,14796887;0,0001;0,724849722;0,0001
2017-02-11 12:00:00+00:00;7,55E-05;0;0,00034439;0;0;0,81833794;0,013;0,013;0,21018366;0,1533865;0,0001;0,81833794;0,0001
2017-02-11 13:00:00+00:00;7,52E-05;0;0,00037556;0;0;0,858356038;0,014;0,014;0,22196861;0,15914273;0,0001;0,858356038;0,0001
2017-02-11 14:00:00+00:00;7,59E-05;0;0,00037463;0;0;0,834705479;0,016;0,016;0,21768317;0,1544023;0,0001;0,834705479;0,0001
2017-02-11 15:00:00+00:00;7,79E-05;0;0,00037028;0;0;0,772691022;0,014;0,014;0,22026289;0,36467386;0,0001;0,772691022;0,0001
2017-02-11 16:00:00+00:00;8,02E-05;0;0,00034067;0;0;0,627364767;0,007;0,007;0,24567947;0,37178449;0,0001;0,627364767;0,0001
2017-02-11 17:00:00+00:00;0,00010405;0;0,00028698;0;0;0,476235588;0,002;0,002;0,27316827;0,69718057;0,0001;0,476235588;0,0001
2017-02-11 18:00:00+00:00;0,0003626;0;0,00023502;0;0;0,281908627;0,003;0,003;0,43085536;0,86681995;0,0001;0,281908627;0,0001
2017-02-11 19:00:00+00:00;0,00037667;0;0,00018159;0;0;0,052806476;0,007;0,007;0,43385798;0,85903211;0,0001;0,052806476;0,0001
2017-02-11 20:00:00+00:00;0,00010141;0;0,00012573;0;0;0;0,02;0,02;0,38349002;0,86309533;0,0001;0;0,0001
2017-02-11 21:00:00+00:00;5,26E-05;0;7,86E-05;0;0;0;0,05;0,05;0,31314687;0,82720357;0,0001;0;0,0001
2017-02-11 22:00:00+00:00;3,19E-05;0;3,66E-05;0;0;0;0,1;0,1;0,26463969;0,29898516;0,0001;0;0,0001
2017-02-11 23:00:00+00:00;6,93E-06;0;6,16E-06;0;0;0;0,129;0,129;0,20516519;0,14627587;0,0001;0;0,0001
2017-02-12 00:00:00+00:00;2,19E-06;0;0;0;0;0;0,126;0,126;0,46966392;0,15067769;0,0001;0;0,0001
2017-02-12 01:00:00+00:00;1,22E-05;0;0;0;0;0;0,112;0,112;0,42903687;0,14830747;0,0001;0;0,0001
2017-02-12 02:00:00+00:00;1,83E-05;0;0;0;0;0;0,103;0,103;0,40070225;0,15270929;0,0001;0;0,0001
2017-02-12 03:00:00+00:00;2,44E-05;0;0;0;0;0;0,092;0,092;0,38412438;0,18521504;0,0001;0;0,0001
2017-02-12 04:00:00+00:00;3,25E-05;0;0;0;0;0;0,07;0,07;0,37403106;0,18352204;0,0001;0;0,0001
2017-02-12 05:00:00+00:00;7,13E-05;0;3,87E-06;0;0;0;0,042;0,042;0,34060748;0,18758525;0,0001;0;0,0001
2017-02-12 06:00:00+00:00;0,00030097;0;2,92E-05;0;0;0;0,033;0,033;0,42765538;0,18656945;0,0001;0;0,0001
2017-02-12 07:00:00+00:00;0,00038798;0;6,89E-05;0;0;0,001231385;0,013;0,013;0,51866448;0,21636638;0,0001;0,001231385;0,0001
2017-02-12 08:00:00+00:00;0,00032157;0;0,00011817;0;0;0,160068682;0,008;0,008;0,58290371;0,21061016;0,0001;0,160068682;0,0001
2017-02-12 09:00:00+00:00;0,00010536;0;0,00017209;0;0;0,388715917;0,001;0,001;0,52906794;0,19164847;0,0001;0,388715917;0,0001
2017-02-12 10:00:00+00:00;7,44E-05;0;0,00022754;0;0;0,599212391;0;0;0,52337282;0,20079071;0,0001;0,599212391;0,0001
2017-02-12 11:00:00+00:00;7,84E-05;0;0,00028417;0;0;0,730557814;0,001;0,001;0,5247825;0,19164847;0,0001;0,730557814;0,0001
2017-02-12 12:00:00+00:00;7,76E-05;0;0,00034319;0;0;0,821449321;0,009;0,009;0,48146296;0,18386064;0,0001;0,821449321;0,0001
2017-02-12 13:00:00+00:00;7,55E-05;0;0,00037602;0;0;0,867128066;0,022;0,022;0,5416705;0,17844301;0,0001;0,867128066;0,0001
2017-02-12 14:00:00+00:00;7,54E-05;0;0,00037468;0;0;0,848233016;0,039;0,039;0,59502698;0,18081322;0,0001;0,848233016;0,0001
2017-02-12 15:00:00+00:00;7,97E-05;0;0,00036961;0;0;0,757668362;0,048;0,048;0,61942858;0,39887262;0,0001;0,757668362;0,0001
2017-02-12 16:00:00+00:00;8,15E-05;0;0,00034064;0;0;0,628103462;0,043;0,043;0,65014556;0,39954982;0,0001;0,628103462;0,0001
2017-02-12 17:00:00+00:00;0,00010401;0;0,00028546;0;0;0,475303848;0,029;0,029;0,62716774;0,7239301;0,0001;0,475303848;0,0001
2017-02-12 18:00:00+00:00;0,00036347;0;0,00023402;0;0;0,2691007;0,021;0,021;0,79632964;0,86411114;0,0001;0,2691007;0,0001
2017-02-12 19:00:00+00:00;0,00037729;0;0,00018249;0;0;0,05002562;0,011;0,011;0,80509787;0,86038652;0,0001;0,05002562;0,0001
2017-02-12 20:00:00+00:00;0,00010105;0;0,00012874;0;0;0;0,005;0,005;0,7227865;0,86478834;0,0001;0;0,0001
2017-02-12 21:00:00+00:00;5,22E-05;0;8,07E-05;0;0;0;0,003;0,003;0,66838686;0,83058958;0,0001;0;0,0001
2017-02-12 22:00:00+00:00;3,22E-05;0;3,74E-05;0;0;0;0,005;0,005;0,62455983;0,31286782;0,0001;0;0,0001
2017-02-12 23:00:00+00:00;7,05E-06;0;6,33E-06;0;0;0;0,015;0,015;0,51016409;0,14830747;0,0001;0;0,0001
2017-02-13 00:00:00+00:00;1,94E-06;0;0;0;0;0;0,047;0,047;0,70532054;0,4398434;0,0001;0;0,0001
2017-02-13 01:00:00+00:00;1,19E-05;0;0;0;0;0;0,101;0,101;0,69156204;0,2417615;0,0001;0;0,0001
2017-02-13 02:00:00+00:00;1,75E-05;0;0;0;0;0;0,135;0,135;0,69559373;0,2424387;0,0001;0;0,0001
2017-02-13 03:00:00+00:00;2,38E-05;0;0;0;0;0;0,135;0,135;0,67499827;0,25191955;0,0001;0;0,0001
2017-02-13 04:00:00+00:00;3,30E-05;0;0;0;0;0;0,115;0,115;0,69015236;0,24921073;0,0001;0;0,0001
2017-02-13 05:00:00+00:00;7,03E-05;0;4,34E-06;0;0;0;0,078;0,078;0,71157953;0,24988794;0,0001;0;0,0001
2017-02-13 06:00:00+00:00;0,0003029;0;3,07E-05;0;0;0;0,043;0,043;0,67735244;0,45575767;0,0001;0;0,0001
2017-02-13 07:00:00+00:00;0,00039223;0;7,13E-05;0;0;0,001353711;0,015;0,015;0,69577699;0,45609628;0,0001;0,001353711;0,0001
2017-02-13 08:00:00+00:00;0,00032618;0;0,00011905;0;0;0,161842016;0,026;0,026;0,68939113;0,45067865;0,0001;0,161842016;0,0001
2017-02-13 09:00:00+00:00;0,00010937;0;0,00017169;0;0;0,405842999;0,045;0,045;0,67494188;0,45101725;0,0001;0,405842999;0,0001
2017-02-13 10:00:00+00:00;7,30E-05;0;0,00022777;0;0;0,604360744;0,074;0,074;0,6659622;0,44864704;0,0001;0,604360744;0,0001
2017-02-13 11:00:00+00:00;7,57E-05;0;0,00028534;0;0;0,74006498;0,12;0,12;0,67811367;0,50620931;0,0001;0,74006498;0,0001
2017-02-13 12:00:00+00:00;7,41E-05;0;0,000344;0;0;0,826115807;0,169;0,169;0,68424578;0,5715594;0,0001;0,826115807;0,0001
2017-02-13 13:00:00+00:00;7,44E-05;0;0,00037535;0;0;0,850591521;0,206;0,206;0,68115858;0,57392961;0,0001;0,850591521;0,0001
2017-02-13 14:00:00+00:00;7,45E-05;0;0,0003744;0;0;0,810986391;0,205;0,205;0,68566956;0,5712208;0,0001;0,810986391;0,0001
2017-02-13 15:00:00+00:00;7,98E-05;0;0,00036812;0;0;0,724305992;0,165;0,165;0,70426328;0,56444877;0,0001;0,724305992;0,0001
2017-02-13 16:00:00+00:00;7,96E-05;0;0,00034184;0;0;0,616619067;0,133;0,133;0,69008187;0,56817339;0,0001;0,616619067;0,0001
2017-02-13 17:00:00+00:00;0,00010329;0;0,00028721;0;0;0,450716664;0,111;0,111;0,69139288;0,77505893;0,0001;0,450716664;0,0001
2017-02-13 18:00:00+00:00;0,00036163;0;0,00023382;0;0;0,236974908;0,14;0,14;0,71795129;0,86783575;0,0001;0,236974908;0,0001
2017-02-13 19:00:00+00:00;0,0003808;0;0,00018022;0;0;0,045657938;0,19;0,19;0,73065253;0,87494638;0,0001;0,045657938;0,0001
2017-02-13 20:00:00+00:00;0,0001018;0;0,00012724;0;0;0;0,208;0,208;0,74030886;0,86241813;0,0001;0;0,0001
2017-02-13 21:00:00+00:00;5,28E-05;0;7,82E-05;0;0;0;0,207;0,207;0,72037595;0,86444974;0,0001;0;0,0001
2017-02-13 22:00:00+00:00;3,22E-05;0;3,65E-05;0;0;0;0,208;0,208;0,69388801;0,58307186;0,0001;0;0,0001
2017-02-13 23:00:00+00:00;6,65E-06;0;6,27E-06;0;0;0;0,2;0,2;0,7086192;0,42765375;0,0001;0;0,0001
2017-02-14 00:00:00+00:00;1,67E-06;0;0;0;0;0;0,18;0,18;0,67247493;0,45135585;0,0001;0;0,0001
2017-02-14 01:00:00+00:00;1,18E-05;0;0;0;0;0;0,148;0,148;0,67559033;0,2414229;0,0001;0;0,0001
2017-02-14 02:00:00+00:00;1,76E-05;0;0;0;0;0;0,146;0,146;0,67501236;0,23295786;0,0001;0;0,0001
2017-02-14 03:00:00+00:00;2,39E-05;0;0;0;0;0;0,166;0,166;0,65142838;0,23939129;0,0001;0;0,0001
2017-02-14 04:00:00+00:00;3,23E-05;0;0;0;0;0;0,18;0,18;0,66002744;0,2410843;0,0001;0;0,0001
2017-02-14 05:00:00+00:00;7,07E-05;0;4,22E-06;0;0;0;0,204;0,204;0,67093838;0,24887213;0,0001;0;0,0001
2017-02-14 06:00:00+00:00;0,00030012;0;3,02E-05;0;0;0;0,174;0,174;0,57990109;0,24921073;0,0001;0;0,0001
2017-02-14 07:00:00+00:00;0,0003962;0;7,05E-05;0;0;0,001516142;0,19;0,19;0,59533711;0,25022654;0,0001;0,001516142;0,0001
2017-02-14 08:00:00+00:00;0,00032884;0;0,0001196;0;0;0,170122886;0,351;0,351;0,60551502;0,2851025;0,0001;0,170122886;0,0001
2017-02-14 09:00:00+00:00;0,00011182;0;0,00017242;0;0;0,410565003;0,412;0,412;0,61242246;0,5048549;0,0001;0,410565003;0,0001
2017-02-14 10:00:00+00:00;7,72E-05;0;0,00022706;0;0;0,618206179;0,466;0,466;0,63699323;0,47708957;0,0001;0,618206179;0,0001
2017-02-14 11:00:00+00:00;7,48E-05;0;0,00028507;0;0;0,765089445;0,494;0,494;0,64516939;0,47471936;0,0001;0,765089445;0,0001
2017-02-14 12:00:00+00:00;7,50E-05;0;0,0003438;0;0;0,844610245;0,48;0,48;0,65600984;0,47641237;0,0001;0,844610245;0,0001
2017-02-14 13:00:00+00:00;7,57E-05;0;0,00037573;0;0;0,846047875;0,439;0,439;0,70009062;0,47539656;0,0001;0,846047875;0,0001
2017-02-14 14:00:00+00:00;7,50E-05;0;0,00037505;0;0;0,823922834;0,366;0,366;0,66806263;0,48555461;0,0001;0,823922834;0,0001
2017-02-14 15:00:00+00:00;7,55E-05;0;0,0003692;0;0;0,733155047;0,271;0,271;0,69384572;0,48521601;0,0001;0,733155047;0,0001
2017-02-14 16:00:00+00:00;7,75E-05;0;0,00034157;0;0;0,60293479;0,219;0,219;0,69718667;0,48860202;0,0001;0,60293479;0,0001
2017-02-14 17:00:00+00:00;0,0001028;0;0,00028848;0;0;0,408147627;0,208;0,208;0,67467404;0,72697751;0,0001;0,408147627;0,0001
2017-02-14 18:00:00+00:00;0,00036559;0;0,00023351;0;0;0,232222594;0,252;0,252;0,73135737;0,83770022;0,0001;0,232222594;0,0001
2017-02-14 19:00:00+00:00;0,0003812;0;0,00017911;0;0;0,044933417;0,293;0,293;0,75250261;0,86749715;0,0001;0,044933417;0,0001
2017-02-14 20:00:00+00:00;0,00010095;0;0,00012789;0;0;0;0,281;0,281;0,72577503;0,87257617;0,0001;0;0,0001
2017-02-14 21:00:00+00:00;5,22E-05;0;7,90E-05;0;0;0;0,237;0,237;0,72098211;0,86546554;0,0001;0;0,0001
2017-02-14 22:00:00+00:00;3,19E-05;0;3,65E-05;0;0;0;0,213;0,213;0,69541047;0,45474187;0,0001;0;0,0001
2017-02-14 23:00:00+00:00;6,64E-06;0;6,07E-06;0;0;0;0,217;0,217;0,69137878;0,2194138;0,0001;0;0,0001
2017-02-15 00:00:00+00:00;1,90E-07;0;0;0;0;0;0,222;0,222;0,67556214;0,21738219;0,0001;0;0,0001
2017-02-15 01:00:00+00:00;8,84E-06;0;0;0;0;0;0,223;0,223;0,68409072;0,22279981;0,0001;0;0,0001
2017-02-15 02:00:00+00:00;1,42E-05;0;0;0;0;0;0,224;0,224;0,67680266;0,23228066;0,0001;0;0,0001
2017-02-15 03:00:00+00:00;1,95E-05;0;0;0;0;0;0,221;0,221;0,68676912;0,24887213;0,0001;0;0,0001
2017-02-15 04:00:00+00:00;2,76E-05;0;0;0;0;0;0,215;0,215;0,6841612;0,24751773;0,0001;0;0,0001
2017-02-15 05:00:00+00:00;6,49E-05;0;4,10E-06;0;0;0;0,218;0,218;0,68485195;0,24684052;0,0001;0;0,0001
2017-02-15 06:00:00+00:00;0,00029263;0;3,04E-05;0;0;0;0,175;0,175;0,61498808;0,24887213;0,0001;0;0,0001
2017-02-15 07:00:00+00:00;0,00037984;0;7,08E-05;0;0;0,000927864;0,1;0,1;0,64274473;0,24751773;0,0001;0,000927864;0,0001
2017-02-15 08:00:00+00:00;0,0003034;0;0,00012013;0;0;0,16052096;0,267;0,267;0,67893128;0,24616332;0,0001;0,16052096;0,0001
2017-02-15 09:00:00+00:00;7,88E-05;0;0,00017229;0;0;0,410966606;0,447;0,447;0,67341942;0,24819493;0,0001;0,410966606;0,0001
2017-02-15 10:00:00+00:00;4,23E-05;0;0,00022743;0;0;0,604841948;0,502;0,502;0,62909901;0,22584723;0,0001;0,604841948;0,0001
2017-02-15 11:00:00+00:00;4,23E-05;0;0,00028549;0;0;0,758479807;0,471;0,471;0,62451754;0,30609579;0,0001;0,758479807;0,0001
2017-02-15 12:00:00+00:00;4,31E-05;0;0,0003443;0;0;0,82587817;0,396;0,396;0,61245066;0,33589273;0,0001;0,82587817;0,0001
2017-02-15 13:00:00+00:00;4,18E-05;0;0,00037808;0;0;0,832501128;0,307;0,307;0,68497882;0,33961735;0,0001;0,832501128;0,0001
2017-02-15 14:00:00+00:00;4,23E-05;0;0,00037615;0;0;0,799345509;0,196;0,196;0,66217016;0,56512597;0,0001;0,799345509;0,0001
2017-02-15 15:00:00+00:00;4,64E-05;0;0,00037007;0;0;0,699858134;0,102;0,102;0,69670738;0,56681898;0,0001;0,699858134;0,0001
2017-02-15 16:00:00+00:00;5,52E-05;0;0,00034158;0;0;0,569121238;0,05;0,05;0,6744062;0,52923421;0,0001;0,569121238;0,0001
2017-02-15 17:00:00+00:00;8,65E-05;0;0,00028616;0;0;0,411040972;0,03;0,03;0,68975764;0,7476322;0,0001;0,411040972;0,0001
2017-02-15 18:00:00+00:00;0,00035537;0;0,0002299;0;0;0,19949877;0,03;0,03;0,74173264;0,84345644;0,0001;0,19949877;0,0001
2017-02-15 19:00:00+00:00;0,00037073;0;0,00017834;0;0;0,037994033;0,049;0,049;0,81888456;0,86749715;0,0001;0,037994033;0,0001
2017-02-15 20:00:00+00:00;9,62E-05;0;0,00012735;0;0;0;0,075;0,075;0,75381361;0,85903211;0,0001;0;0,0001
2017-02-15 21:00:00+00:00;4,80E-05;0;7,95E-05;0;0;0;0,087;0,087;0,72136272;0,86546554;0,0001;0;0,0001
2017-02-15 22:00:00+00:00;2,85E-05;0;3,64E-05;0;0;0;0,096;0,096;0,67645024;0,56241716;0,0001;0;0,0001
2017-02-15 23:00:00+00:00;4,58E-06;0;6,40E-06;0;0;0;0,112;0,112;0,69958313;0,16422175;0,0001;0;0,0001
2017-02-16 00:00:00+00:00;1,40E-07;0;0;0;0;0;0,09;0,09;0,67850838;0,16963937;0,0001;0;0,0001
2017-02-16 01:00:00+00:00;8,79E-06;0;0;0;0;0;0,073;0,073;0,67640795;0,17031657;0,0001;0;0,0001
2017-02-16 02:00:00+00:00;1,39E-05;0;0;0;0;0;0,088;0,088;0,66277632;0,18386064;0,0001;0;0,0001
2017-02-16 03:00:00+00:00;1,93E-05;0;0;0;0;0;0,141;0,141;0,6402214;0,18893966;0,0001;0;0,0001
2017-02-16 04:00:00+00:00;2,73E-05;0;0;0;0;0;0,231;0,231;0,65809617;0,18521504;0,0001;0;0,0001
2017-02-16 05:00:00+00:00;6,49E-05;0;4,12E-06;0;0;0;0,324;0,324;0,67286965;0,18419924;0,0001;0;0,0001
2017-02-16 06:00:00+00:00;0,00029203;0;3,04E-05;0;0;0;0,306;0,306;0,57159806;0,18860106;0,0001;0;0,0001
2017-02-16 07:00:00+00:00;0,00037733;0;7,11E-05;0;0;0,001016113;0,235;0,235;0,6126762;0,18555364;0,0001;0,001016113;0,0001
2017-02-16 08:00:00+00:00;0,00030488;0;0,0001186;0;0;0,156887988;0,21;0,21;0,63771217;0,25022654;0,0001;0,156887988;0,0001
2017-02-16 09:00:00+00:00;7,91E-05;0;0,00017111;0;0;0,391589301;0,355;0,355;0,64433767;0,28002348;0,0001;0,391589301;0,0001
2017-02-16 10:00:00+00:00;4,25E-05;0;0,00022847;0;0;0,587870107;0,465;0,465;0,61214053;0,29593775;0,0001;0,587870107;0,0001
2017-02-16 11:00:00+00:00;4,25E-05;0;0,00028702;0;0;0,726616477;0,517;0,517;0,60903922;0,29289033;0,0001;0,726616477;0,0001
2017-02-16 12:00:00+00:00;4,30E-05;0;0,00034492;0;0;0,805324125;0,476;0,476;0,59912915;0,29289033;0,0001;0,805324125;0,0001
2017-02-16 13:00:00+00:00;4,18E-05;0;0,00037366;0;0;0,845444305;0,389;0,389;0,65211912;0,27291284;0,0001;0,845444305;0,0001
2017-02-16 14:00:00+00:00;4,23E-05;0;0,00037337;0;0;0,825049304;0,254;0,254;0,61793432;0,27291284;0,0001;0,825049304;0,0001
2017-02-16 15:00:00+00:00;4,65E-05;0;0,00036915;0;0;0,718679178;0,146;0,146;0,65744772;0,48792482;0,0001;0,718679178;0,0001
2017-02-16 16:00:00+00:00;5,52E-05;0;0,00034065;0;0;0,567986425;0,073;0,073;0,63382144;0,47133335;0,0001;0,567986425;0,0001
2017-02-16 17:00:00+00:00;8,63E-05;0;0,00028618;0;0;0,39668013;0,062;0,062;0,6247008;0,73442674;0,0001;0,39668013;0,0001
2017-02-16 18:00:00+00:00;0,0003562;0;0,00023252;0;0;0,204510161;0,089;0,089;0,71372225;0,86817435;0,0001;0,204510161;0,0001
2017-02-16 19:00:00+00:00;0,00037531;0;0,00017899;0;0;0,038408131;0,131;0,131;0,83075409;0,86681995;0,0001;0,038408131;0,0001
2017-02-16 20:00:00+00:00;9,76E-05;0;0,00012775;0;0;0;0,16;0,16;0,75835279;0,86377253;0,0001;0;0,0001
2017-02-16 21:00:00+00:00;4,79E-05;0;7,87E-05;0;0;0;0,189;0,189;0,6983849;0,86174092;0,0001;0;0,0001
2017-02-16 22:00:00+00:00;2,85E-05;0;3,72E-05;0;0;0;0,213;0,213;0,67561853;0,57934724;0,0001;0;0,0001
2017-02-16 23:00:00+00:00;4,48E-06;0;6,08E-06;0;0;0;0,243;0,243;0,68944751;0,21061016;0,0001;0;0,0001
2017-02-17 00:00:00+00:00;1,68E-06;0;0;0;0;0;0,255;0,255;0,66741418;0,21162596;0,0001;0;0,0001
2017-02-17 01:00:00+00:00;1,17E-05;0;0;0;0;0;0,196;0,196;0,67347581;0,21128736;0,0001;0;0,0001
2017-02-17 02:00:00+00:00;1,82E-05;0;0;0;0;0;0,161;0,161;0,67743702;0,21602778;0,0001;0;0,0001
2017-02-17 03:00:00+00:00;2,38E-05;0;0;0;0;0;0,133;0,133;0,66603269;0,21094876;0,0001;0;0,0001
2017-02-17 04:00:00+00:00;3,28E-05;0;0;0;0;0;0,145;0,145;0,67212252;0,21805939;0,0001;0;0,0001
2017-02-17 05:00:00+00:00;7,31E-05;0;4,39E-06;0;0;0;0,156;0,156;0,69473382;0,45338746;0,0001;0;0,0001
2017-02-17 06:00:00+00:00;0,00030172;0;3,08E-05;0;0;0;0,132;0,132;0,68255417;0,44187501;0,0001;0;0,0001
2017-02-17 07:00:00+00:00;0,00039544;0;7,19E-05;0;0;0,000749739;0,063;0,063;0,69146336;0,4608367;0,0001;0,000749739;0,0001
2017-02-17 08:00:00+00:00;0,0003382;0;0,00012004;0;0;0,142751573;0,112;0,112;0,68361143;0,46693153;0,0001;0,142751573;0,0001
2017-02-17 09:00:00+00:00;0,00010924;0;0,00017367;0;0;0,36588695;0,14;0,14;0,7028254;0,46489992;0,0001;0,36588695;0,0001
2017-02-17 10:00:00+00:00;7,52E-05;0;0,0002296;0;0;0,562532793;0,132;0,132;0,70028797;0,53160442;0,0001;0,562532793;0,0001
2017-02-17 11:00:00+00:00;7,74E-05;0;0,00028664;0;0;0,68313848;0,104;0,104;0,6828361;0,57359101;0,0001;0,68313848;0,0001
2017-02-17 12:00:00+00:00;7,44E-05;0;0,00034424;0;0;0,781652974;0,073;0,073;0,68827748;0,55395212;0,0001;0,781652974;0,0001
2017-02-17 13:00:00+00:00;7,12E-05;0;0,00037505;0;0;0,796234196;0,048;0,048;0,69091358;0,54379408;0,0001;0,796234196;0,0001
2017-02-17 14:00:00+00:00;7,28E-05;0;0,00037599;0;0;0,781429707;0,035;0,035;0,72449222;0,54447128;0,0001;0,781429707;0,0001
2017-02-17 15:00:00+00:00;7,86E-05;0;0,00036953;0;0;0,649713642;0,02;0,02;0,71084649;0,52280078;0,0001;0,649713642;0,0001
2017-02-17 16:00:00+00:00;7,97E-05;0;0,00033946;0;0;0,560045539;0,01;0,01;0,68101761;0,49808287;0,0001;0,560045539;0,0001
2017-02-17 17:00:00+00:00;0,00010389;0;0,00028555;0;0;0,352065645;0,006;0,006;0,66328381;0,75338843;0,0001;0,352065645;0,0001
2017-02-17 18:00:00+00:00;0,00036585;0;0,00023146;0;0;0,203038733;0,008;0,008;0,71953014;0,86512694;0,0001;0,203038733;0,0001
2017-02-17 19:00:00+00:00;0,0003841;0;0,00017886;0;0;0,035932362;0,015;0,015;0,80485822;0,86038652;0,0001;0,035932362;0,0001
2017-02-17 20:00:00+00:00;0,00010261;0;0,00012595;0;0;0;0,041;0,041;0,76521795;0,86546554;0,0001;0;0,0001
2017-02-17 21:00:00+00:00;5,24E-05;0;7,78E-05;0;0;0;0,082;0,082;0,72304025;0,83702301;0,0001;0;0,0001
2017-02-17 22:00:00+00:00;3,22E-05;0;3,63E-05;0;0;0;0,103;0,103;0,68077797;0,52043057;0,0001;0;0,0001
2017-02-17 23:00:00+00:00;6,88E-06;0;6,03E-06;0;0;0;0,096;0,096;0,68169426;0,32810489;0,0001;0;0,0001
2017-02-18 00:00:00+00:00;1,75E-06;0;0;0;0;0;0,074;0,074;0,67303881;0,3291207;0,0001;0;0,0001
2017-02-18 01:00:00+00:00;1,16E-05;0;0;0;0;0;0,051;0,051;0,67384233;0,3287821;0,0001;0;0,0001
2017-02-18 02:00:00+00:00;1,78E-05;0;0;0;0;0;0,039;0,039;0,63961524;0,34774378;0,0001;0;0,0001
2017-02-18 03:00:00+00:00;2,41E-05;0;0;0;0;0;0,036;0,036;0,62388318;0,3504526;0,0001;0;0,0001
2017-02-18 04:00:00+00:00;3,26E-05;0;0;0;0;0;0,035;0,035;0,62802765;0,3504526;0,0001;0;0,0001
2017-02-18 05:00:00+00:00;7,23E-05;0;4,17E-06;0;0;0;0,037;0,037;0,67943877;0,35451581;0,0001;0;0,0001
2017-02-18 06:00:00+00:00;0,00030685;0;3,06E-05;0;0;0;0,034;0,034;0,69690473;0,3521456;0,0001;0;0,0001
2017-02-18 07:00:00+00:00;0,00040005;0;7,09E-05;0;0;0,000759449;0,017;0,017;0,68571185;0,34943679;0,0001;0,000759449;0,0001
2017-02-18 08:00:00+00:00;0,00032977;0;0,00011908;0;0;0,127511821;0,057;0,057;0,69180168;0,44627683;0,0001;0,127511821;0,0001
2017-02-18 09:00:00+00:00;0,0001084;0;0,00017304;0;0;0,324233384;0,097;0,097;0,69869503;0,44695404;0,0001;0,324233384;0,0001
2017-02-18 10:00:00+00:00;7,29E-05;0;0,00022882;0;0;0,495510626;0,12;0,12;0,70626502;0,44966285;0,0001;0,495510626;0,0001
2017-02-18 11:00:00+00:00;7,24E-05;0;0,00028576;0;0;0,63365542;0,121;0,121;0,69182988;0,44661543;0,0001;0,63365542;0,0001
2017-02-18 12:00:00+00:00;7,57E-05;0;0,00034343;0;0;0,732708898;0,109;0,109;0,70230382;0,43070116;0,0001;0,732708898;0,0001
2017-02-18 13:00:00+00:00;7,63E-05;0;0,00037495;0;0;0,709798621;0,103;0,103;0,7006122;0,42223612;0,0001;0,709798621;0,0001
2017-02-18 14:00:00+00:00;7,59E-05;0;0,00037501;0;0;0,716169615;0,095;0,095;0,67209432;0,40395164;0,0001;0,716169615;0,0001
2017-02-18 15:00:00+00:00;7,61E-05;0;0,00036989;0;0;0,616693648;0,07;0,07;0,70364302;0,41173948;0,0001;0,616693648;0,0001
2017-02-18 16:00:00+00:00;8,07E-05;0;0,00033974;0;0;0,478900814;0,049;0,049;0,68889774;0,41275528;0,0001;0,478900814;0,0001
2017-02-18 17:00:00+00:00;0,00010597;0;0,0002849;0;0;0,313671872;0,039;0,039;0,70200778;0,70632282;0,0001;0,313671872;0,0001
2017-02-18 18:00:00+00:00;0,00037195;0;0,00023261;0;0;0,150321846;0,031;0,031;0,75839508;0,85970932;0,0001;0,150321846;0,0001
2017-02-18 19:00:00+00:00;0,00038306;0;0,0001787;0;0;0,025496501;0,023;0,023;0,83002105;0,86478834;0,0001;0,025496501;0,0001
2017-02-18 20:00:00+00:00;0,00010158;0;0,0001272;0;0;0;0,019;0,019;0,77177297;0,86749715;0,0001;0;0,0001
2017-02-18 21:00:00+00:00;5,19E-05;0;7,95E-05;0;0;0;0,021;0,021;0,73733443;0,87189897;0,0001;0;0,0001
2017-02-18 22:00:00+00:00;3,22E-05;0;3,68E-05;0;0;0;0,034;0,034;0,69338053;0,57799283;0,0001;0;0,0001
2017-02-18 23:00:00+00:00;6,54E-06;0;6,14E-06;0;0;0;0,071;0,071;0,68870038;0,38769877;0,0001;0;0,0001
2017-02-19 00:00:00+00:00;1,91E-06;0;0;0;0;0;0,123;0,123;0,65235877;0,38532855;0,0001;0;0,0001
2017-02-19 01:00:00+00:00;1,20E-05;0;0;0;0;0;0,171;0,171;0,62258627;0,37855652;0,0001;0;0,0001
2017-02-19 02:00:00+00:00;1,79E-05;0;0;0;0;0;0,196;0,196;0,67141767;0,36535106;0,0001;0;0,0001
2017-02-19 03:00:00+00:00;2,41E-05;0;0;0;0;0;0,197;0,197;0,6557843;0,35654742;0,0001;0;0,0001
2017-02-19 04:00:00+00:00;3,27E-05;0;0;0;0;0;0,18;0,18;0,65162573;0,35824043;0,0001;0;0,0001
2017-02-19 05:00:00+00:00;7,13E-05;0;3,99E-06;0;0;0;0,177;0,177;0,65054028;0,3958252;0,0001;0;0,0001
2017-02-19 06:00:00+00:00;0,00030881;0;3,02E-05;0;0;0;0,147;0,147;0,68166607;0,39785681;0,0001;0;0,0001
2017-02-19 07:00:00+00:00;0,00039763;0;7,05E-05;0;0;0,000630329;0,046;0,046;0,67731015;0,41038507;0,0001;0,000630329;0,0001
2017-02-19 08:00:00+00:00;0,00033176;0;0,00011879;0;0;0,12227217;0,109;0,109;0,69456466;0,41275528;0,0001;0,12227217;0,0001
2017-02-19 09:00:00+00:00;0,00010919;0;0,00017154;0;0;0,309623699;0,195;0,195;0,68936293;0,40869206;0,0001;0,309623699;0,0001
2017-02-19 10:00:00+00:00;7,36E-05;0;0,00022757;0;0;0,475486209;0,2;0,2;0,69868093;0,41410969;0,0001;0,475486209;0,0001
2017-02-19 11:00:00+00:00;7,86E-05;0;0,00028513;0;0;0,60541312;0,185;0,185;0,67060006;0,4842002;0,0001;0,60541312;0,0001
2017-02-19 12:00:00+00:00;7,82E-05;0;0,00034515;0;0;0,723057443;0,171;0,171;0,67408197;0,52449379;0,0001;0,723057443;0,0001
2017-02-19 13:00:00+00:00;7,60E-05;0;0,00037491;0;0;0,750213262;0,136;0,136;0,71050817;0,51162693;0,0001;0,750213262;0,0001
2017-02-19 14:00:00+00:00;7,38E-05;0;0,00037606;0;0;0,685951169;0,099;0,099;0,6584345;0,51298133;0,0001;0,685951169;0,0001
2017-02-19 15:00:00+00:00;7,67E-05;0;0,00036916;0;0;0,626685789;0,078;0,078;0,64921518;0,51061113;0,0001;0,626685789;0,0001
2017-02-19 16:00:00+00:00;8,02E-05;0;0,00034021;0;0;0,485774713;0,065;0,065;0,70379808;0,50146888;0,0001;0,485774713;0,0001
2017-02-19 17:00:00+00:00;0,00010446;0;0,00028571;0;0;0,360482236;0,055;0,055;0,69416995;0,70903163;0,0001;0,360482236;0,0001
2017-02-19 18:00:00+00:00;0,00036957;0;0,00023273;0;0;0,186859163;0,095;0,095;0,76836154;0,87393058;0,0001;0,186859163;0,0001
2017-02-19 19:00:00+00:00;0,00038336;0;0,00018007;0;0;0,032075165;0,19;0,19;0,84227119;0,87054456;0,0001;0,032075165;0,0001
2017-02-19 20:00:00+00:00;0,00010167;0;0,00012719;0;0;0;0,246;0,246;0,79143804;0,87393058;0,0001;0;0,0001
2017-02-19 21:00:00+00:00;5,18E-05;0;7,85E-05;0;0;0;0,215;0,215;0,68589511;0,86919016;0,0001;0;0,0001
2017-02-19 22:00:00+00:00;3,18E-05;0;3,67E-05;0;0;0;0,2;0,2;0,65648914;0,58679647;0,0001;0;0,0001
2017-02-19 23:00:00+00:00;6,55E-06;0;6,30E-06;0;0;0;0,193;0,193;0,70482715;0,38973037;0,0001;0;0,0001
2017-02-20 00:00:00+00:00;1,71E-06;0;0;0;0;0;0,18;0,18;0,67738063;0,33419972;0,0001;0;0,0001
2017-02-20 01:00:00+00:00;1,22E-05;0;0;0;0;0;0,159;0,159;0,66797805;0,33758574;0,0001;0;0,0001
2017-02-20 02:00:00+00:00;1,78E-05;0;0;0;0;0;0,133;0,133;0,66893663;0,33792434;0,0001;0;0,0001
2017-02-20 03:00:00+00:00;2,40E-05;0;0;0;0;0;0,112;0,112;0,67136129;0,35519302;0,0001;0;0,0001
2017-02-20 04:00:00+00:00;3,24E-05;0;0;0;0;0;0,112;0,112;0,68206078;0,35316141;0,0001;0;0,0001
2017-02-20 05:00:00+00:00;7,17E-05;0;4,12E-06;0;0;0;0,139;0,139;0,67074103;0,3511298;0,0001;0;0,0001
2017-02-20 06:00:00+00:00;0,00030415;0;2,97E-05;0;0;0;0,136;0,136;0,68076387;0,38634436;0,0001;0;0,0001
2017-02-20 07:00:00+00:00;0,00040103;0;7,12E-05;0;0;0,000252043;0,062;0,062;0,70285359;0,38905317;0,0001;0,000252043;0,0001
2017-02-20 08:00:00+00:00;0,00032961;0;0,00011946;0;0;0,084259902;0,101;0,101;0,69476202;0,44627683;0,0001;0,084259902;0,0001
2017-02-20 09:00:00+00:00;0,00011033;0;0,00017172;0;0;0,240315517;0,145;0,145;0,70702625;0,46727013;0,0001;0,240315517;0,0001
2017-02-20 10:00:00+00:00;7,68E-05;0;0,00022898;0;0;0,401788683;0,139;0,139;0,70004833;0,4621911;0,0001;0,401788683;0,0001
2017-02-20 11:00:00+00:00;7,67E-05;0;0,00028621;0;0;0,557325889;0,14;0,14;0,6935074;0,46489992;0,0001;0,557325889;0,0001
2017-02-20 12:00:00+00:00;7,43E-05;0;0,0003435;0;0;0,678750924;0,138;0,138;0,7005981;0,42325193;0,0001;0,678750924;0,0001
2017-02-20 13:00:00+00:00;7,41E-05;0;0,00037632;0;0;0,713133955;0,066;0,066;0,66797805;0,41106227;0,0001;0,713133955;0,0001
2017-02-20 14:00:00+00:00;7,60E-05;0;0,0003761;0;0;0,686278306;0,02;0,02;0,70763242;0,40632185;0,0001;0,686278306;0,0001
2017-02-20 15:00:00+00:00;7,88E-05;0;0,00036978;0;0;0,576752311;0,011;0,011;0,69187217;0,47776677;0,0001;0,576752311;0,0001
2017-02-20 16:00:00+00:00;7,89E-05;0;0,0003403;0;0;0,475033912;0,009;0,009;0,69042019;0,48047559;0,0001;0,475033912;0,0001
2017-02-20 17:00:00+00:00;0,00010381;0;0,0002861;0;0;0,298558107;0,003;0,003;0,7223777;0,73578115;0,0001;0,298558107;0,0001
2017-02-20 18:00:00+00:00;0,0003722;0;0,0002315;0;0;0,140950168;0,001;0,001;0,75642153;0,88645884;0,0001;0,140950168;0,0001
2017-02-20 19:00:00+00:00;0,00038711;0;0,00017822;0;0;0,026407252;0,002;0,002;0,78626451;0,87528499;0,0001;0,026407252;0,0001
2017-02-20 20:00:00+00:00;0,00010161;0;0,00012685;0;0;0;0,012;0,012;0,74745595;0,88375002;0,0001;0;0,0001
2017-02-20 21:00:00+00:00;5,25E-05;0;7,76E-05;0;0;0;0,04;0,04;0,69462105;0,88442723;0,0001;0;0,0001
2017-02-20 22:00:00+00:00;3,17E-05;0;3,63E-05;0;0;0;0,084;0,084;0,70216285;0,5932299;0,0001;0;0,0001
2017-02-20 23:00:00+00:00;7,34E-06;0;6,29E-06;0;0;0;0,15;0,15;0,69175939;0,40361304;0,0001;0;0,0001
2017-02-21 00:00:00+00:00;1,53E-06;0;0;0;0;0;0,214;0,214;0,68480966;0,3948094;0,0001;0;0,0001
2017-02-21 01:00:00+00:00;1,17E-05;0;0;0;0;0;0,227;0,227;0,67177009;0,39717961;0,0001;0;0,0001
2017-02-21 02:00:00+00:00;1,81E-05;0;0;0;0;0;0,199;0,199;0,6668785;0,38871457;0,0001;0;0,0001
2017-02-21 03:00:00+00:00;2,39E-05;0;0;0;0;0;0,186;0,186;0,66620185;0,38702156;0,0001;0;0,0001
2017-02-21 04:00:00+00:00;3,24E-05;0;0;0;0;0;0,2;0,2;0,66262126;0,41275528;0,0001;0;0,0001
2017-02-21 05:00:00+00:00;7,27E-05;0;4,10E-06;0;0;0;0,214;0,214;0,65436052;0,42122032;0,0001;0;0,0001
2017-02-21 06:00:00+00:00;0,00030936;0;3,05E-05;0;0;0;0,17;0,17;0,64543723;0,43781179;0,0001;0;0,0001
2017-02-21 07:00:00+00:00;0,00040217;0;7,14E-05;0;0;0,00061746;0,055;0,055;0,63789542;0,43544158;0,0001;0,00061746;0,0001
2017-02-21 08:00:00+00:00;0,0003336;0;0,00011908;0;0;0,107509545;0,048;0,048;0,64619845;0,45948229;0,0001;0,107509545;0,0001
2017-02-21 09:00:00+00:00;0,00011133;0;0,00017318;0;0;0,299681316;0,035;0,035;0,6300294;0,46320691;0,0001;0,299681316;0,0001
2017-02-21 10:00:00+00:00;7,68E-05;0;0,00022784;0;0;0,464341992;0,015;0,015;0,67047319;0,45440327;0,0001;0,464341992;0,0001
2017-02-21 11:00:00+00:00;7,47E-05;0;0,00028388;0;0;0,637737297;0,005;0,005;0,65242925;0,43510298;0,0001;0,637737297;0,0001
2017-02-21 12:00:00+00:00;7,37E-05;0;0,00034295;0;0;0,749310675;0,007;0,007;0,67649253;0,48521601;0,0001;0,749310675;0,0001
2017-02-21 13:00:00+00:00;7,34E-05;0;0,00037386;0;0;0,777678147;0,014;0,014;0,66740008;0,47065614;0,0001;0,777678147;0,0001
2017-02-21 14:00:00+00:00;7,33E-05;0;0,0003745;0;0;0,768327257;0,018;0,018;0,67037451;0,45169446;0,0001;0,768327257;0,0001
2017-02-21 15:00:00+00:00;7,80E-05;0;0,00036899;0;0;0,701853108;0,028;0,028;0,66601859;0,44322942;0,0001;0,701853108;0,0001
2017-02-21 16:00:00+00:00;8,04E-05;0;0,00034016;0;0;0,579633866;0,067;0,067;0,67815596;0,45237166;0,0001;0,579633866;0,0001
2017-02-21 17:00:00+00:00;0,00010331;0;0,00028622;0;0;0,382055107;0,089;0,089;0,64006634;0,73408814;0,0001;0,382055107;0,0001
2017-02-21 18:00:00+00:00;0,00037499;0;0,00023272;0;0;0,202068221;0,102;0,102;0,73066663;0,84514945;0,0001;0,202068221;0,0001
2017-02-21 19:00:00+00:00;0,00038431;0;0,00018017;0;0;0,032512061;0,11;0,11;0,7467652;0,88882905;0,0001;0,032512061;0,0001
2017-02-21 20:00:00+00:00;0,00010132;0;0,00012898;0;0;0;0,111;0,111;0,78069626;0,8779938;0,0001;0;0,0001
2017-02-21 21:00:00+00:00;5,27E-05;0;7,82E-05;0;0;0;0,123;0,123;0,71642884;0,87291477;0,0001;0;0,0001
2017-02-21 22:00:00+00:00;3,27E-05;0;3,67E-05;0;0;0;0,144;0,144;0,7046157;0,56072415;0,0001;0;0,0001
2017-02-21 23:00:00+00:00;6,96E-06;0;6,36E-06;0;0;0;0,16;0,16;0,69724306;0,4164799;0,0001;0;0,0001
2017-02-22 00:00:00+00:00;1,60E-07;0;0;0;0;0;0,179;0,179;0,68131365;0,40632185;0,0001;0;0,0001
2017-02-22 01:00:00+00:00;8,70E-06;0;0;0;0;0;0,193;0,193;0,69132239;0,41343248;0,0001;0;0,0001
2017-02-22 02:00:00+00:00;1,42E-05;0;0;0;0;0;0,181;0,181;0,70020339;0,40903066;0,0001;0;0,0001
2017-02-22 03:00:00+00:00;1,95E-05;0;0;0;0;0;0,159;0,159;0,6855286;0,40632185;0,0001;0;0,0001
2017-02-22 04:00:00+00:00;2,75E-05;0;0;0;0;0;0,133;0,133;0,67415246;0,40970787;0,0001;0;0,0001
2017-02-22 05:00:00+00:00;6,52E-05;0;4,13E-06;0;0;0;0,102;0,102;0,70479896;0,40699905;0,0001;0;0,0001
2017-02-22 06:00:00+00:00;0,00029891;0;2,96E-05;0;0;0;0,101;0,101;0,71972749;0,40733765;0,0001;0;0,0001
2017-02-22 07:00:00+00:00;0,00038576;0;7,02E-05;0;0;0,000650174;0,107;0,107;0,68389336;0,42020451;0,0001;0,000650174;0,0001
2017-02-22 08:00:00+00:00;0,00030918;0;0,00011882;0;0;0,138401601;0,14;0,14;0,70185272;0,42392913;0,0001;0,138401601;0,0001
2017-02-22 09:00:00+00:00;7,90E-05;0;0,00017164;0;0;0,355340757;0,128;0,128;0,68836206;0,49909867;0,0001;0,355340757;0,0001
2017-02-22 10:00:00+00:00;4,24E-05;0;0,00022895;0;0;0,55828036;0,094;0,094;0,7024025;0,52076917;0,0001;0,55828036;0,0001
2017-02-22 11:00:00+00:00;4,23E-05;0;0,00028685;0;0;0,713792242;0,06;0,06;0,6828361;0,51704455;0,0001;0,713792242;0,0001
2017-02-22 12:00:00+00:00;4,31E-05;0;0,00034378;0;0;0,801770203;0,037;0,037;0,6464381;0,52957281;0,0001;0,801770203;0,0001
2017-02-22 13:00:00+00:00;4,18E-05;0;0,0003756;0;0;0,842562366;0,022;0,022;0,60822161;0,49977587;0,0001;0,842562366;0,0001
2017-02-22 14:00:00+00:00;4,24E-05;0;0,00037617;0;0;0,817074486;0,01;0,01;0,698399;0,51298133;0,0001;0,817074486;0,0001
2017-02-22 15:00:00+00:00;4,64E-05;0;0,00036962;0;0;0,720041328;0,003;0,003;0,73561462;0,48792482;0,0001;0,720041328;0,0001
2017-02-22 16:00:00+00:00;5,52E-05;0;0,0003412;0;0;0,567472691;0,001;0,001;0,70278311;0,47844398;0,0001;0,567472691;0,0001
2017-02-22 17:00:00+00:00;8,75E-05;0;0,0002888;0;0;0,407205626;0;0;0,66694898;0,76219207;0,0001;0,407205626;0,0001
2017-02-22 18:00:00+00:00;0,00036401;0;0,00023251;0;0;0,213220947;0;0;0,79494815;0,89153786;0,0001;0,213220947;0,0001
2017-02-22 19:00:00+00:00;0,00037872;0;0,00017716;0;0;0,038993418;0;0;0,86720847;0,88408863;0,0001;0,038993418;0,0001
2017-02-22 20:00:00+00:00;9,76E-05;0;0,00012598;0;0;0;0,006;0,006;0,82106957;0,88747464;0,0001;0;0,0001
2017-02-22 21:00:00+00:00;4,80E-05;0;7,87E-05;0;0;0;0,041;0,041;0,73403577;0,88442723;0,0001;0;0,0001
2017-02-22 22:00:00+00:00;2,84E-05;0;3,73E-05;0;0;0;0,097;0,097;0,71228437;0,37652491;0,0001;0;0,0001
2017-02-22 23:00:00+00:00;4,46E-06;0;6,36E-06;0;0;0;0,134;0,134;0,70307914;0,25598277;0,0001;0;0,0001
2017-02-23 00:00:00+00:00;1,60E-07;0;0;0;0;0;0,12;0,12;0,70052762;0,25733717;0,0001;0;0,0001
2017-02-23 01:00:00+00:00;8,86E-06;0;0;0;0;0;0,088;0,088;0,70467209;0,25767577;0,0001;0;0,0001
2017-02-23 02:00:00+00:00;1,41E-05;0;0;0;0;0;0,077;0,077;0,65113234;0,26952683;0,0001;0;0,0001
2017-02-23 03:00:00+00:00;1,95E-05;0;0;0;0;0;0,069;0,069;0,61701803;0,27054263;0,0001;0;0,0001
2017-02-23 04:00:00+00:00;2,75E-05;0;0;0;0;0;0,072;0,072;0,61194317;0,27359005;0,0001;0;0,0001
2017-02-23 05:00:00+00:00;6,44E-05;0;4,05E-06;0;0;0;0,084;0,084;0,65424774;0,27020403;0,0001;0;0,0001
2017-02-23 06:00:00+00:00;0,00029657;0;3,00E-05;0;0;0;0,092;0,092;0,66790757;0,26884962;0,0001;0;0,0001
2017-02-23 07:00:00+00:00;0,00038871;0;6,99E-05;0;0;0,000431861;0,057;0,057;0,70647648;0,27291284;0,0001;0,000431861;0,0001
2017-02-23 08:00:00+00:00;0,00031284;0;0,0001187;0;0;0,16882162;0,074;0,074;0,72807281;0,27121984;0,0001;0,16882162;0,0001
2017-02-23 09:00:00+00:00;8,00E-05;0;0,00017283;0;0;0,40460795;0,117;0,117;0,68222994;0,33656993;0,0001;0,40460795;0,0001
2017-02-23 10:00:00+00:00;4,25E-05;0;0,00022858;0;0;0,615567161;0,126;0,126;0,69731354;0,37178449;0,0001;0,615567161;0,0001
2017-02-23 11:00:00+00:00;4,24E-05;0;0,00028597;0;0;0,745722987;0,113;0,113;0,69354969;0,36602827;0,0001;0,745722987;0,0001
2017-02-23 12:00:00+00:00;4,31E-05;0;0,00034671;0;0;0,812657989;0,099;0,099;0,67368726;0,52889561;0,0001;0,812657989;0,0001
2017-02-23 13:00:00+00:00;4,20E-05;0;0,00037421;0;0;0,835049318;0,089;0,089;0,69322546;0,49401965;0,0001;0,835049318;0,0001
2017-02-23 14:00:00+00:00;4,23E-05;0;0,00037428;0;0;0,808145608;0,071;0,071;0,71135398;0,56377157;0,0001;0,808145608;0,0001
2017-02-23 15:00:00+00:00;4,66E-05;0;0,00036973;0;0;0,736343383;0,045;0,045;0,71229847;0,56038555;0,0001;0,736343383;0,0001
2017-02-23 16:00:00+00:00;5,51E-05;0;0,00034091;0;0;0,625075034;0,019;0,019;0,64726981;0,5492117;0,0001;0,625075034;0,0001
2017-02-23 17:00:00+00:00;8,59E-05;0;0,00028624;0;0;0,448671196;0,012;0,012;0,68668454;0,76727109;0,0001;0,448671196;0,0001
2017-02-23 18:00:00+00:00;0,00036236;0;0,00023433;0;0;0,238352141;0,021;0,021;0,74739956;0,87562359;0,0001;0,238352141;0,0001
2017-02-23 19:00:00+00:00;0,00038246;0;0,00017938;0;0;0,037637241;0,033;0,033;0,90711659;0,86783575;0,0001;0,037637241;0,0001
2017-02-23 20:00:00+00:00;9,72E-05;0;0,00012677;0;0;0;0,049;0,049;0,82762459;0,87562359;0,0001;0;0,0001
2017-02-23 21:00:00+00:00;4,80E-05;0;7,85E-05;0;0;0;0,065;0,065;0,74719375;0,86885156;0,0001;0;0,0001
2017-02-23 22:00:00+00:00;2,85E-05;0;3,65E-05;0;0;0;0,076;0,076;0,74055856;0,33707785;0,0001;0;0,0001
2017-02-23 23:00:00+00:00;4,68E-06;0;5,93E-06;0;0;0;0,08;0,08;0,68772206;0,22957185;0,0001;0;0,0001
2017-02-24 00:00:00+00:00;1,70E-06;0;0;0;0;0;0,08;0,08;0,67547756;0,2204296;0,0001;0;0,0001
2017-02-24 01:00:00+00:00;1,23E-05;0;0;0;0;0;0,077;0,077;0,6255889;0,22110681;0,0001;0;0,0001
2017-02-24 02:00:00+00:00;1,79E-05;0;0;0;0;0;0,074;0,074;0,56060253;0,23871409;0,0001;0;0,0001
2017-02-24 03:00:00+00:00;2,47E-05;0;0;0;0;0;0,077;0,077;0,54705548;0,23972989;0,0001;0;0,0001
2017-02-24 04:00:00+00:00;3,27E-05;0;0;0;0;0;0,073;0,073;0,55504838;0,24040709;0,0001;0;0,0001
2017-02-24 05:00:00+00:00;7,17E-05;0;4,04E-06;0;0;0;0,061;0,061;0,60132826;0,20790135;0,0001;0;0,0001
2017-02-24 06:00:00+00:00;0,00030827;0;2,94E-05;0;0;0;0,051;0,051;0,66338248;0,23532807;0,0001;0;0,0001
2017-02-24 07:00:00+00:00;0,00040445;0;7,05E-05;0;0;0,000222077;0,014;0,014;0,69696112;0,26647941;0,0001;0,000222077;0,0001
2017-02-24 08:00:00+00:00;0,0003375;0;0,00011993;0;0;0,130362474;0,008;0,008;0,67676037;0,29187453;0,0001;0,130362474;0,0001
2017-02-24 09:00:00+00:00;0,00011285;0;0,00017167;0;0;0,347508823;0,018;0,018;0,66236751;0,29796936;0,0001;0,347508823;0,0001
2017-02-24 10:00:00+00:00;7,71E-05;0;0,00022809;0;0;0,551276455;0,022;0,022;0,6686265;0,25869158;0,0001;0,551276455;0,0001
2017-02-24 11:00:00+00:00;7,60E-05;0;0,00028582;0;0;0,717301387;0,025;0,025;0,6322426;0,25259675;0,0001;0,717301387;0,0001
2017-02-24 12:00:00+00:00;7,45E-05;0;0,00034553;0;0;0,810041448;0,022;0,022;0,59797322;0,24954934;0,0001;0,810041448;0,0001
2017-02-24 13:00:00+00:00;7,43E-05;0;0,00037557;0;0;0,835487757;0,017;0,017;0,59329307;0,25124234;0,0001;0,835487757;0,0001
2017-02-24 14:00:00+00:00;7,70E-05;0;0,00037356;0;0;0,827130404;0,012;0,012;0,61393082;0,44593823;0,0001;0,827130404;0,0001
2017-02-24 15:00:00+00:00;7,66E-05;0;0,000369;0;0;0,752733796;0,008;0,008;0,60104632;0,44153641;0,0001;0,752733796;0,0001
2017-02-24 16:00:00+00:00;7,81E-05;0;0,00034044;0;0;0,601069585;0,004;0,004;0,60612118;0,46625432;0,0001;0,601069585;0,0001
2017-02-24 17:00:00+00:00;0,00010408;0;0,00028642;0;0;0,439470118;0,002;0,002;0,57180951;0,74221458;0,0001;0,439470118;0,0001
2017-02-24 18:00:00+00:00;0,0003747;0;0,0002344;0;0;0,243623426;0,007;0,007;0,67650663;0,86715855;0,0001;0,243623426;0,0001
2017-02-24 19:00:00+00:00;0,0003905;0;0,0001779;0;0;0,040186628;0,044;0,044;0,83172677;0,87291477;0,0001;0,040186628;0,0001
2017-02-24 20:00:00+00:00;0,00010249;0;0,00012638;0;0;0;0,142;0,142;0,75090967;0,87223757;0,0001;0;0,0001
2017-02-24 21:00:00+00:00;5,26E-05;0;7,78E-05;0;0;0;0,195;0,195;0,65015966;0,8773166;0,0001;0;0,0001
2017-02-24 22:00:00+00:00;3,20E-05;0;3,66E-05;0;0;0;0,143;0,143;0,64858082;0,35959484;0,0001;0;0,0001
2017-02-24 23:00:00+00:00;6,49E-06;0;6,07E-06;0;0;0;0,128;0,128;0,65114644;0,25259675;0,0001;0;0,0001
2017-02-25 00:00:00+00:00;1,89E-06;0;0;0;0;0;0,121;0,121;0,63566813;0,24616332;0,0001;0;0,0001
2017-02-25 01:00:00+00:00;1,19E-05;0;0;0;0;0;0,133;0,133;0,6158057;0,24785633;0,0001;0;0,0001
2017-02-25 02:00:00+00:00;1,82E-05;0;0;0;0;0;0,147;0,147;0,60466921;0,24684052;0,0001;0;0,0001
2017-02-25 03:00:00+00:00;2,38E-05;0;0;0;0;0;0,147;0,147;0,56170208;0,25259675;0,0001;0;0,0001
2017-02-25 04:00:00+00:00;3,27E-05;0;0;0;0;0;0,134;0,134;0,55564045;0,26478641;0,0001;0;0,0001
2017-02-25 05:00:00+00:00;7,30E-05;0;3,98E-06;0;0;0;0,113;0,113;0,5927292;0,26512501;0,0001;0;0,0001
2017-02-25 06:00:00+00:00;0,00031368;0;3,00E-05;0;0;0;0,094;0,094;0,61851229;0,20654694;0,0001;0;0,0001
2017-02-25 07:00:00+00:00;0,00040782;0;7,00E-05;0;0;0,000399728;0,041;0,041;0,64952531;0,28374809;0,0001;0,000399728;0,0001
2017-02-25 08:00:00+00:00;0,00033774;0;0,000118;0;0;0,162596927;0,051;0,051;0,61859687;0,29526054;0,0001;0,162596927;0,0001
2017-02-25 09:00:00+00:00;0,00011078;0;0,00017067;0;0;0,398425077;0,039;0,039;0,65171031;0,29559915;0,0001;0,398425077;0,0001
2017-02-25 10:00:00+00:00;7,46E-05;0;0,00022779;0;0;0,601106307;0,023;0,023;0,69283075;0,29153593;0,0001;0,601106307;0,0001
2017-02-25 11:00:00+00:00;7,44E-05;0;0,00028541;0;0;0,750912093;0,015;0,015;0,68808012;0,29018152;0,0001;0,750912093;0,0001
2017-02-25 12:00:00+00:00;7,42E-05;0;0,00034427;0;0;0,818744717;0,013;0,013;0,67013486;0,29526054;0,0001;0,818744717;0,0001
2017-02-25 13:00:00+00:00;7,51E-05;0;0,00037391;0;0;0,846328946;0,011;0,011;0,68965897;0,29390614;0,0001;0,846328946;0,0001
2017-02-25 14:00:00+00:00;7,37E-05;0;0,0003728;0;0;0,802551556;0,008;0,008;0,6850916;0,27697606;0,0001;0,802551556;0,0001
2017-02-25 15:00:00+00:00;7,55E-05;0;0,00036881;0;0;0,738071632;0,004;0,004;0,71441299;0,44796984;0,0001;0,738071632;0,0001
2017-02-25 16:00:00+00:00;8,10E-05;0;0,00034177;0;0;0,593415577;0,002;0,002;0,6997382;0,47234915;0,0001;0,593415577;0,0001
2017-02-25 17:00:00+00:00;0,00010696;0;0,00028803;0;0;0,426508247;0,002;0,002;0,67991806;0,73273374;0,0001;0,426508247;0,0001
2017-02-25 18:00:00+00:00;0,00038081;0;0,00023534;0;0;0,210352501;0,003;0,003;0,76888312;0,87054456;0,0001;0,210352501;0,0001
2017-02-25 19:00:00+00:00;0,00038811;0;0,00018034;0;0;0,030403742;0,011;0,011;0,90063205;0,86614274;0,0001;0,030403742;0,0001
2017-02-25 20:00:00+00:00;0,00010311;0;0,00012704;0;0;0;0,024;0,024;0,80793133;0,87088316;0,0001;0;0,0001
2017-02-25 21:00:00+00:00;5,24E-05;0;7,79E-05;0;0;0;0,038;0,038;0,73073711;0,86309533;0,0001;0;0,0001
2017-02-25 22:00:00+00:00;3,22E-05;0;3,69E-05;0;0;0;0,077;0,077;0,681511;0,61219159;0,0001;0;0,0001
2017-02-25 23:00:00+00:00;7,19E-06;0;6,51E-06;0;0;0;0,127;0,127;0,68511979;0,25936878;0,0001;0;0,0001
2017-02-26 00:00:00+00:00;1,93E-06;0;0;0;0;0;0,136;0,136;0,60347098;0,26072319;0,0001;0;0,0001
2017-02-26 01:00:00+00:00;1,18E-05;0;0;0;0;0;0,121;0,121;0,57221832;0,26173899;0,0001;0;0,0001
2017-02-26 02:00:00+00:00;1,81E-05;0;0;0;0;0;0,088;0,088;0,55032595;0,27020403;0,0001;0;0,0001
2017-02-26 03:00:00+00:00;2,42E-05;0;0;0;0;0;0,06;0,06;0,54647751;0,26817242;0,0001;0;0,0001
2017-02-26 04:00:00+00:00;3,24E-05;0;0;0;0;0;0,041;0,041;0,54360176;0,27088123;0,0001;0;0,0001
2017-02-26 05:00:00+00:00;7,35E-05;0;4,02E-06;0;0;0;0,033;0,033;0,57788524;0,27054263;0,0001;0;0,0001
2017-02-26 06:00:00+00:00;0,00031313;0;3,09E-05;0;0;0;0,033;0,033;0,59017767;0,25462836;0,0001;0;0,0001
2017-02-26 07:00:00+00:00;0,00040927;0;7,18E-05;0;0;0,000264977;0,034;0,034;0,63798;0,29153593;0,0001;0,000264977;0,0001
2017-02-26 08:00:00+00:00;0,00033832;0;0,00011987;0;0;0,129997183;0,057;0,057;0,67141767;0,28679551;0,0001;0,129997183;0,0001
2017-02-26 09:00:00+00:00;0,00010692;0;0,00017204;0;0;0,3331731;0,08;0,08;0,65350061;0,30000097;0,0001;0,3331731;0,0001
2017-02-26 10:00:00+00:00;7,43E-05;0;0,00022708;0;0;0,502825797;0,093;0,093;0,61140749;0,30000097;0,0001;0,502825797;0,0001
2017-02-26 11:00:00+00:00;7,65E-05;0;0,00028525;0;0;0,636183354;0,094;0,094;0,6228964;0,30169397;0,0001;0,636183354;0,0001
2017-02-26 12:00:00+00:00;7,79E-05;0;0,000343;0;0;0,742819682;0,118;0,118;0,62100743;0,29458334;0,0001;0,742819682;0,0001
2017-02-26 13:00:00+00:00;7,80E-05;0;0,00037636;0;0;0,74116534;0,164;0,164;0,65061076;0,28747271;0,0001;0,74116534;0,0001
2017-02-26 14:00:00+00:00;7,46E-05;0;0,00037334;0;0;0,652649985;0,194;0,194;0,71033901;0,27866907;0,0001;0,652649985;0,0001
2017-02-26 15:00:00+00:00;7,78E-05;0;0,0003682;0;0;0,572302905;0,195;0,195;0,70477076;0,48961783;0,0001;0,572302905;0,0001
2017-02-26 16:00:00+00:00;7,99E-05;0;0,00033981;0;0;0,425367218;0,169;0,169;0,69875142;0,48216859;0,0001;0,425367218;0,0001
2017-02-26 17:00:00+00:00;0,00010383;0;0,00028626;0;0;0,278351754;0,142;0,142;0,68392156;0,74356899;0,0001;0,278351754;0,0001
2017-02-26 18:00:00+00:00;0,0003755;0;0,00023256;0;0;0,123367762;0,103;0,103;0,77887777;0,88375002;0,0001;0,123367762;0,0001
2017-02-26 19:00:00+00:00;0,00039358;0;0,00018256;0;0;0,018352431;0,061;0,061;0,85595921;0,88442723;0,0001;0,018352431;0,0001
2017-02-26 20:00:00+00:00;0,000104;0;0,00012905;0;0;0;0,055;0,055;0,80618332;0,87528499;0,0001;0;0,0001
2017-02-26 21:00:00+00:00;5,26E-05;0;7,95E-05;0;0;0;0,059;0,059;0,74728679;0,88476583;0,0001;0;0,0001
2017-02-26 22:00:00+00:00;3,20E-05;0;3,74E-05;0;0;0;0,057;0,057;0,7130315;0,5942457;0,0001;0;0,0001
2017-02-26 23:00:00+00:00;6,87E-06;0;6,46E-06;0;0;0;0,068;0,068;0,70809761;0,23194206;0,0001;0;0,0001
2017-02-27 00:00:00+00:00;1,58E-06;0;0;0;0;0;0,088;0,088;0,66721682;0,22957185;0,0001;0;0,0001
2017-02-27 01:00:00+00:00;1,16E-05;0;0;0;0;0;0,113;0,113;0,63462496;0,23126485;0,0001;0;0,0001
2017-02-27 02:00:00+00:00;1,77E-05;0;0;0;0;0;0,121;0,121;0,59401201;0,23126485;0,0001;0;0,0001
2017-02-27 03:00:00+00:00;2,43E-05;0;0;0;0;0;0,121;0,121;0,57792753;0,23092625;0,0001;0;0,0001
2017-02-27 04:00:00+00:00;3,26E-05;0;0;0;0;0;0,118;0,118;0,57431875;0,24954934;0,0001;0;0,0001
2017-02-27 05:00:00+00:00;7,29E-05;0;4,01E-06;0;0;0;0,116;0,116;0,60816522;0,24582472;0,0001;0;0,0001
2017-02-27 06:00:00+00:00;0,00031359;0;3,02E-05;0;0;0;0,108;0,108;0,58107112;0,23939129;0,0001;0;0,0001
2017-02-27 07:00:00+00:00;0,00041113;0;7,12E-05;0;0;0,000256717;0,052;0,052;0,62570167;0,25259675;0,0001;0,000256717;0,0001
2017-02-27 08:00:00+00:00;0,0003373;0;0,00012082;0;0;0,125660625;0,016;0,016;0,66792166;0,24751773;0,0001;0,125660625;0,0001
2017-02-27 09:00:00+00:00;0,00011026;0;0,00017355;0;0;0,34271329;0,013;0,013;0,64748127;0,25598277;0,0001;0,34271329;0,0001
2017-02-27 10:00:00+00:00;7,47E-05;0;0,00022858;0;0;0,555356133;0,016;0,016;0,56986415;0,25158095;0,0001;0,555356133;0,0001
2017-02-27 11:00:00+00:00;7,46E-05;0;0,00028484;0;0;0,704091091;0,014;0,014;0,56313996;0,30914321;0,0001;0,704091091;0,0001
2017-02-27 12:00:00+00:00;7,61E-05;0;0,00034261;0;0;0,798629208;0,013;0,013;0,57085093;0,35316141;0,0001;0,798629208;0,0001
2017-02-27 13:00:00+00:00;7,55E-05;0;0,00037445;0;0;0,850657311;0,007;0,007;0,58764024;0,36061064;0,0001;0,850657311;0,0001
2017-02-27 14:00:00+00:00;7,63E-05;0;0,00037378;0;0;0,817432228;0,003;0,003;0,61706032;0,56140136;0,0001;0,817432228;0,0001
2017-02-27 15:00:00+00:00;7,84E-05;0;0,00036951;0;0;0,765668085;0,001;0,001;0,61947087;0,56918919;0,0001;0,765668085;0,0001
2017-02-27 16:00:00+00:00;8,05E-05;0;0,00034072;0;0;0,624456142;0,001;0,001;0,64054563;0,57223661;0,0001;0,624456142;0,0001
2017-02-27 17:00:00+00:00;0,00010453;0;0,00028604;0;0;0,446916066;0,004;0,004;0,64477467;0,76151487;0,0001;0,446916066;0,0001
2017-02-27 18:00:00+00:00;0,00037896;0;0,00023298;0;0;0,218520149;0,015;0,015;0,68478146;0,8773166;0,0001;0,218520149;0,0001
2017-02-27 19:00:00+00:00;0,00038932;0;0,00018207;0;0;0,028712514;0,034;0,034;0,76752983;0,87291477;0,0001;0,028712514;0,0001
2017-02-27 20:00:00+00:00;0,00010336;0;0,00012887;0;0;0;0,045;0,045;0,75843737;0,86614274;0,0001;0;0,0001
2017-02-27 21:00:00+00:00;5,23E-05;0;7,82E-05;0;0;0;0,047;0,047;0,71830371;0,86106372;0,0001;0;0,0001
2017-02-27 22:00:00+00:00;3,23E-05;0;3,63E-05;0;0;0;0,043;0,043;0,68290659;0,56681898;0,0001;0;0,0001
2017-02-27 23:00:00+00:00;6,94E-06;0;5,99E-06;0;0;0;0,04;0,04;0,65567152;0,22618583;0,0001;0;0,0001
2017-02-28 00:00:00+00:00;1,59E-06;0;0;0;0;0;0,047;0,047;0,5833971;0,2207682;0,0001;0;0,0001
2017-02-28 01:00:00+00:00;1,18E-05;0;0;0;0;0;0,063;0,063;0,60526128;0,2414229;0,0001;0;0,0001
2017-02-28 02:00:00+00:00;1,81E-05;0;0;0;0;0;0,088;0,088;0,64539494;0,23871409;0,0001;0;0,0001
2017-02-28 03:00:00+00:00;2,39E-05;0;0;0;0;0;0,09;0,09;0,6832731;0,2424387;0,0001;0;0,0001
2017-02-28 04:00:00+00:00;3,26E-05;0;0;0;0;0;0,101;0,101;0,62072549;0,25056514;0,0001;0;0,0001
2017-02-28 05:00:00+00:00;7,28E-05;0;4,20E-06;0;0;0;0,084;0,084;0,65950586;0,25056514;0,0001;0;0,0001
2017-02-28 06:00:00+00:00;0,00031495;0;3,03E-05;0;0;0;0,067;0,067;0,56851085;0,25056514;0,0001;0;0,0001
2017-02-28 07:00:00+00:00;0,00040863;0;7,09E-05;0;0;0,000368995;0,037;0,037;0,59819877;0,25428976;0,0001;0,000368995;0,0001
2017-02-28 08:00:00+00:00;0,00033989;0;0,00011829;0;0;0,126626866;0,023;0,023;0,60652999;0,2414229;0,0001;0,126626866;0,0001
2017-02-28 09:00:00+00:00;0,00011065;0;0,00017129;0;0;0,331246091;0,017;0,017;0,62135985;0,25564416;0,0001;0,331246091;0,0001
2017-02-28 10:00:00+00:00;7,57E-05;0;0,00022725;0;0;0,513036898;0,006;0,006;0,63741613;0,25496696;0,0001;0,513036898;0,0001
2017-02-28 11:00:00+00:00;7,84E-05;0;0,00028453;0;0;0,640775795;0,003;0,003;0,65764508;0,25191955;0,0001;0,640775795;0,0001
2017-02-28 12:00:00+00:00;7,85E-05;0;0,0003432;0;0;0,777499464;0,001;0,001;0,68010132;0,31219062;0,0001;0,777499464;0,0001
2017-02-28 13:00:00+00:00;7,54E-05;0;0,00037461;0;0;0,803113178;0;0;0,67058596;0,34300336;0,0001;0,803113178;0,0001
2017-02-28 14:00:00+00:00;7,27E-05;0;0,00037522;0;0;0,793306155;0;0;0,70945091;0,5705436;0,0001;0,793306155;0,0001
2017-02-28 15:00:00+00:00;7,76E-05;0;0,00036884;0;0;0,732083553;0;0;0,70780158;0,54582568;0,0001;0,732083553;0,0001
2017-02-28 16:00:00+00:00;7,79E-05;0;0,00034025;0;0;0,615873112;0;0;0,72891862;0,56275576;0,0001;0,615873112;0,0001
2017-02-28 17:00:00+00:00;0,00010465;0;0,00028595;0;0;0,397067827;0;0;0,71338392;0,75948326;0,0001;0,397067827;0,0001
2017-02-28 18:00:00+00:00;0,00038103;0;0,00023362;0;0;0,176102363;0,003;0,003;0,77194213;0,84345644;0,0001;0,176102363;0,0001
2017-02-28 19:00:00+00:00;0,00039402;0;0,00017824;0;0;0,023490497;0,016;0,016;0,78546099;0,87325338;0,0001;0,023490497;0,0001
2017-02-28 20:00:00+00:00;0,00010327;0;0,00012751;0;0;0;0,035;0,035;0,77714386;0,87223757;0,0001;0;0,0001
2017-02-28 21:00:00+00:00;5,21E-05;0;7,77E-05;0;0;0;0,049;0,049;0,74690617;0,87393058;0,0001;0;0,0001
2017-02-28 22:00:00+00:00;3,26E-05;0;3,63E-05;0;0;0;0,06;0,06;0,72335038;0,33690853;0,0001;0;0,0001
2017-02-28 23:00:00+00:00;6,66E-06;0;6,33E-06;0;0;0;0,081;0,081;0,72187021;0,22550863;0,0001;0;0,0001
2017-03-01 00:00:00+00:00;1,90E-07;0;0;0;0;0;0,111;0,111;0,48462065;0,19435728;0,0001;0;0,0001
2017-03-01 01:00:00+00:00;8,95E-06;0;0;0;0;0;0,154;0,154;0,4679723;0,19300288;0,0001;0;0,0001
2017-03-01 02:00:00+00:00;1,43E-05;0;0;0;0;0;0,187;0,187;0,42855757;0,19537309;0,0001;0;0,0001
2017-03-01 03:00:00+00:00;1,96E-05;0;0;0;0;0;0,175;0,175;0,43450643;0,1970661;0,0001;0;0,0001
2017-03-01 04:00:00+00:00;2,75E-05;0;0;0;0;0;0,148;0,148;0,45046404;0,20214512;0,0001;0;0,0001
2017-03-01 05:00:00+00:00;6,64E-05;0;4,04E-06;0;0;0;0,12;0,12;0,40925902;0,19503449;0,0001;0;0,0001
2017-03-01 06:00:00+00:00;0,00030738;0;3,01E-05;0;0;0;0,096;0,096;0,40541059;0,25869158;0,0001;0;0,0001
2017-03-01 07:00:00+00:00;0,00039536;0;7,10E-05;0;0;0,00011727;0,036;0,036;0,44908255;0,28950432;0,0001;0,00011727;0,0001
2017-03-01 08:00:00+00:00;0,00031471;0;0,0001186;0;0;0,100241401;0,038;0,038;0,45315653;0,29559915;0,0001;0,100241401;0,0001
2017-03-01 09:00:00+00:00;8,15E-05;0;0,000171;0;0;0,291471461;0,028;0,028;0,49875976;0,27392865;0,0001;0,291471461;0,0001
2017-03-01 10:00:00+00:00;4,24E-05;0;0,0002268;0;0;0,483146652;0,015;0,015;0,44144207;0,27088123;0,0001;0,483146652;0,0001
2017-03-01 11:00:00+00:00;4,24E-05;0;0,00028554;0;0;0,631351517;0,007;0,007;0,45359354;0,27528305;0,0001;0,631351517;0,0001
2017-03-01 12:00:00+00:00;4,30E-05;0;0,00034431;0;0;0,711312238;0,002;0,002;0,42883951;0,24277731;0,0001;0,711312238;0,0001
2017-03-01 13:00:00+00:00;4,19E-05;0;0,00037594;0;0;0,759090575;0;0;0,41860522;0,24514752;0,0001;0,759090575;0,0001
2017-03-01 14:00:00+00:00;4,22E-05;0;0,00037613;0;0;0,747528443;0;0;0,4235673;0,46828593;0,0001;0,747528443;0,0001
2017-03-01 15:00:00+00:00;4,65E-05;0;0,00036862;0;0;0,615085172;0;0;0,44369756;0,46320691;0,0001;0,615085172;0,0001
2017-03-01 16:00:00+00:00;5,52E-05;0;0,0003408;0;0;0,450657518;0;0;0,44981559;0,46727013;0,0001;0,450657518;0,0001
2017-03-01 17:00:00+00:00;8,70E-05;0;0,00028696;0;0;0,273889403;0;0;0,46044459;0,76659389;0,0001;0,273889403;0,0001
2017-03-01 18:00:00+00:00;0,00036942;0;0,00023252;0;0;0,141827521;0;0;0,60995552;0,878671;0,0001;0,141827521;0,0001
2017-03-01 19:00:00+00:00;0,00038841;0;0,00017965;0;0;0,020269921;0,001;0,001;0,71352489;0,89458527;0,0001;0,020269921;0,0001
2017-03-01 20:00:00+00:00;9,81E-05;0;0,00012677;0;0;0;0,003;0,003;0,70471438;0,9006801;0,0001;0;0,0001
2017-03-01 21:00:00+00:00;4,81E-05;0;7,87E-05;0;0;0;0,009;0,009;0,71152314;0,86241813;0,0001;0;0,0001
2017-03-01 22:00:00+00:00;2,87E-05;0;3,70E-05;0;0;0;0,026;0,026;0,60954671;0,33961735;0,0001;0;0,0001
2017-03-01 23:00:00+00:00;4,64E-06;0;6,40E-06;0;0;0;0,081;0,081;0,53266263;0,1974047;0,0001;0;0,0001
2017-03-02 00:00:00+00:00;1,80E-07;0;0;0;0;0;0,173;0,173;0,56528268;0,23905269;0,0001;0;0,0001
2017-03-02 01:00:00+00:00;8,79E-06;0;0;0;0;0;0,226;0,226;0,57647556;0,23668248;0,0001;0;0,0001
2017-03-02 02:00:00+00:00;1,41E-05;0;0;0;0;0;0,262;0,262;0,56886327;0,24785633;0,0001;0;0,0001
2017-03-02 03:00:00+00:00;1,94E-05;0;0;0;0;0;0,291;0,291;0,55145369;0,24751773;0,0001;0;0,0001
2017-03-02 04:00:00+00:00;2,74E-05;0;0;0;0;0;0,289;0,289;0,54090927;0,24650192;0,0001;0;0,0001
2017-03-02 05:00:00+00:00;6,57E-05;0;4,18E-06;0;0;0;0,273;0,273;0,56780601;0,24751773;0,0001;0;0,0001
2017-03-02 06:00:00+00:00;0,00031002;0;3,07E-05;0;0;0;0,208;0,208;0,55944659;0,25191955;0,0001;0;0,0001
2017-03-02 07:00:00+00:00;0,0003972;0;7,04E-05;0;0;0,000117152;0,162;0,162;0,58508872;0,25530556;0,0001;0,000117152;0,0001
2017-03-02 08:00:00+00:00;0,00032079;0;0,00011767;0;0;0,075260992;0,222;0,222;0,54193834;0,55354581;0,0001;0,075260992;0,0001
2017-03-02 09:00:00+00:00;7,99E-05;0;0,0001725;0;0;0,266270374;0,095;0,095;0,5851733;0,54668912;0,0001;0,266270374;0,0001
2017-03-02 10:00:00+00:00;4,26E-05;0;0,0002284;0;0;0,418580185;0,019;0,019;0,56615668;0,60635918;0,0001;0,418580185;0,0001
2017-03-02 11:00:00+00:00;4,24E-05;0;0,00028622;0;0;0,576172042;0,003;0,003;0,56308357;0,60333715;0,0001;0,576172042;0,0001
2017-03-02 12:00:00+00:00;4,31E-05;0;0,00034525;0;0;0,663373039;0,002;0,002;0,58179006;0,60328637;0,0001;0,663373039;0,0001
2017-03-02 13:00:00+00:00;4,18E-05;0;0,00037688;0;0;0,739769557;0,003;0,003;0,62674484;0,58586532;0,0001;0,739769557;0,0001
2017-03-02 14:00:00+00:00;4,22E-05;0;0,00037536;0;0;0,711913009;0,005;0,005;0,618033;0,5856283;0,0001;0,711913009;0,0001
2017-03-02 15:00:00+00:00;4,64E-05;0;0,00036915;0;0;0,667330675;0,007;0,007;0,60147914;0,58920902;0,0001;0,667330675;0,0001
2017-03-02 16:00:00+00:00;5,52E-05;0;0,00033987;0;0;0,528201841;0,007;0,007;0,59245707;0,58408767;0,0001;0,528201841;0,0001
2017-03-02 17:00:00+00:00;8,72E-05;0;0,00028562;0;0;0,356883017;0,013;0,013;0,67605541;0,77550758;0,0001;0,356883017;0,0001
2017-03-02 18:00:00+00:00;0,00036921;0;0,00023134;0;0;0,15248041;0,031;0,031;0,73596459;0,87937364;0,0001;0,15248041;0,0001
2017-03-02 19:00:00+00:00;0,00038783;0;0,00017942;0;0;0,02013198;0,072;0,072;0,81836232;0,87707112;0,0001;0,02013198;0,0001
2017-03-02 20:00:00+00:00;9,79E-05;0;0,00012746;0;0;0;0,135;0,135;0,75745679;0,86767493;0,0001;0;0,0001
2017-03-02 21:00:00+00:00;4,78E-05;0;7,87E-05;0;0;0;0,195;0,195;0,71057119;0,87056999;0,0001;0;0,0001
2017-03-02 22:00:00+00:00;2,83E-05;0;3,66E-05;0;0;0;0,223;0,223;0,67352842;0,58690652;0,0001;0;0,0001
2017-03-02 23:00:00+00:00;4,60E-06;0;6,31E-06;0;0;0;0,166;0,166;0,68568779;0,43948788;0,0001;0;0,0001
2017-03-03 00:00:00+00:00;1,90E-06;0;0;0;0;0;0,107;0,107;0,66263535;0,24954934;0,0001;0;0,0001
2017-03-03 01:00:00+00:00;1,20E-05;0;0;0;0;0;0,084;0,084;0,65833582;0,24954934;0,0001;0;0,0001
2017-03-03 02:00:00+00:00;1,83E-05;0;0;0;0;0;0,08;0,08;0,63882582;0,25496696;0,0001;0;0,0001
2017-03-03 03:00:00+00:00;2,42E-05;0;0;0;0;0;0,089;0,089;0,61794842;0,25835298;0,0001;0;0,0001
2017-03-03 04:00:00+00:00;3,30E-05;0;0;0;0;0;0,128;0,128;0,61243656;0,25598277;0,0001;0;0,0001
2017-03-03 05:00:00+00:00;7,34E-05;0;4,27E-06;0;0;0;0,202;0,202;0,67136129;0,26072319;0,0001;0;0,0001
2017-03-03 06:00:00+00:00;0,00031817;0;3,03E-05;0;0;0;0,261;0,261;0,68745986;0,25665997;0,0001;0;0,0001
2017-03-03 07:00:00+00:00;0,00041759;0;7,15E-05;0;0;0,000230256;0,18;0,18;0,70484125;0,25530556;0,0001;0,000230256;0,0001
2017-03-03 08:00:00+00:00;0,00034599;0;0,00012046;0;0;0,125112871;0,242;0,242;0,69290124;0,25259675;0,0001;0,125112871;0,0001
2017-03-03 09:00:00+00:00;0,00011194;0;0,00017323;0;0;0,328930783;0,315;0,315;0,67612601;0,25496696;0,0001;0,328930783;0,0001
2017-03-03 10:00:00+00:00;7,36E-05;0;0,00022752;0;0;0,512944288;0,344;0,344;0,67969251;0,25124234;0,0001;0,512944288;0,0001
2017-03-03 11:00:00+00:00;7,65E-05;0;0,00028511;0;0;0,690655882;0,355;0,355;0,67848018;0,32573468;0,0001;0,690655882;0,0001
2017-03-03 12:00:00+00:00;7,73E-05;0;0,00034415;0;0;0,743641977;0,351;0,351;0,68544401;0,36941428;0,0001;0,743641977;0,0001
2017-03-03 13:00:00+00:00;7,47E-05;0;0,00037624;0;0;0,800601652;0,313;0,313;0,70006242;0,36636687;0,0001;0,800601652;0,0001
2017-03-03 14:00:00+00:00;7,47E-05;0;0,00037636;0;0;0,792362957;0,252;0,252;0,72019269;0,36264225;0,0001;0,792362957;0,0001
2017-03-03 15:00:00+00:00;7,71E-05;0;0,00036938;0;0;0,708687391;0,18;0,18;0,69135059;0,5705436;0,0001;0,708687391;0,0001
2017-03-03 16:00:00+00:00;7,97E-05;0;0,00034027;0;0;0,535263019;0,123;0,123;0,71934688;0,57528402;0,0001;0,535263019;0,0001
2017-03-03 17:00:00+00:00;0,00010405;0;0,00028527;0;0;0,393664928;0,103;0,103;0,69053297;0,76997991;0,0001;0,393664928;0,0001
2017-03-03 18:00:00+00:00;0,00038039;0;0,00023284;0;0;0,200023985;0,12;0,12;0,75051496;0,89356947;0,0001;0,200023985;0,0001
2017-03-03 19:00:00+00:00;0,00039817;0;0,00017876;0;0;0,0270836;0,136;0,136;0,89940562;0,88442723;0,0001;0,0270836;0,0001
2017-03-03 20:00:00+00:00;0,00010256;0;0,00012867;0;0;0;0,149;0,149;0,81021501;0,88307282;0,0001;0;0,0001
2017-03-03 21:00:00+00:00;5,22E-05;0;7,85E-05;0;0;0;0,156;0,156;0,7254649;0,8776552;0,0001;0;0,0001
2017-03-03 22:00:00+00:00;3,25E-05;0;3,69E-05;0;0;0;0,169;0,169;0,66732959;0,60101774;0,0001;0;0,0001
2017-03-03 23:00:00+00:00;6,67E-06;0;6,08E-06;0;0;0;0,161;0,161;0,66233932;0,25124234;0,0001;0;0,0001
2017-03-04 00:00:00+00:00;2,03E-06;0;0;0;0;0;0,129;0,129;0,69612941;0,23939129;0,0001;0;0,0001
2017-03-04 01:00:00+00:00;1,17E-05;0;0;0;0;0;0,156;0,156;0,69696112;0,23363506;0,0001;0;0,0001
2017-03-04 02:00:00+00:00;1,81E-05;0;0;0;0;0;0,171;0,171;0,69433911;0,24277731;0,0001;0;0,0001
2017-03-04 03:00:00+00:00;2,41E-05;0;0;0;0;0;0,205;0,205;0,69433911;0,25158095;0,0001;0;0,0001
2017-03-04 04:00:00+00:00;3,31E-05;0;0;0;0;0;0,198;0,198;0,70154259;0,25259675;0,0001;0;0,0001
2017-03-04 05:00:00+00:00;7,17E-05;0;4,30E-06;0;0;0;0,18;0,18;0,70739277;0,25530556;0,0001;0;0,0001
2017-03-04 06:00:00+00:00;0,00031809;0;3,03E-05;0;0;0;0,174;0,174;0,6784238;0,25191955;0,0001;0;0,0001
2017-03-04 07:00:00+00:00;0,00041817;0;7,05E-05;0;0;8,94E-05;0,114;0,114;0,69949855;0,25530556;0,0001;8,94E-05;0,0001
2017-03-04 08:00:00+00:00;0,00033974;0;0,00011804;0;0;0,123915959;0,156;0,156;0,69032152;0,25598277;0,0001;0,123915959;0,0001
2017-03-04 09:00:00+00:00;0,00010894;0;0,0001709;0;0;0,330366518;0,234;0,234;0,68382288;0,25733717;0,0001;0,330366518;0,0001
2017-03-04 10:00:00+00:00;7,42E-05;0;0,00022761;0;0;0,54763147;0,253;0,253;0,68482376;0,3297979;0,0001;0,54763147;0,0001
2017-03-04 11:00:00+00:00;7,79E-05;0;0,00028549;0;0;0,636804781;0,244;0,244;0,67766257;0,59560011;0,0001;0,636804781;0,0001
2017-03-04 12:00:00+00:00;7,82E-05;0;0,00034545;0;0;0,730380626;0,227;0,227;0,69959723;0,58341046;0,0001;0,730380626;0,0001
2017-03-04 13:00:00+00:00;7,79E-05;0;0,0003754;0;0;0,773183198;0,187;0,187;0,69235146;0,5712208;0,0001;0,773183198;0,0001
2017-03-04 14:00:00+00:00;7,47E-05;0;0,00037357;0;0;0,799138398;0,122;0,122;0,67336304;0,56512597;0,0001;0,799138398;0,0001
2017-03-04 15:00:00+00:00;7,64E-05;0;0,00037027;0;0;0,690526387;0,078;0,078;0,70244479;0,56614178;0,0001;0,690526387;0,0001
2017-03-04 16:00:00+00:00;8,02E-05;0;0,00034081;0;0;0,555032184;0,069;0,069;0,67784583;0,56580318;0,0001;0,555032184;0,0001
2017-03-04 17:00:00+00:00;0,00010483;0;0,00028658;0;0;0,326987743;0,077;0,077;0,69495937;0,77742914;0,0001;0,326987743;0,0001
2017-03-04 18:00:00+00:00;0,00038539;0;0,00023347;0;0;0,161531433;0,101;0,101;0,78058349;0,88205702;0,0001;0,161531433;0,0001
2017-03-04 19:00:00+00:00;0,00039867;0;0,00017941;0;0;0,023848981;0,125;0,125;0,78162665;0,8790096;0,0001;0,023848981;0,0001
2017-03-04 20:00:00+00:00;0,00010322;0;0,00012739;0;0;0;0,135;0,135;0,76678269;0,8773166;0,0001;0;0,0001
2017-03-04 21:00:00+00:00;5,29E-05;0;7,80E-05;0;0;0;0,155;0,155;0,7276922;0,87426918;0,0001;0;0,0001
2017-03-04 22:00:00+00:00;3,25E-05;0;3,68E-05;0;0;0;0,18;0,18;0,71955833;0,60474235;0,0001;0;0,0001
2017-03-04 23:00:00+00:00;6,77E-06;0;6,28E-06;0;0;0;0,187;0,187;0,7050386;0,2421001;0,0001;0;0,0001
2017-03-05 00:00:00+00:00;1,64E-06;0;0;0;0;0;0,18;0,18;0,52513492;0,20959435;0,0001;0;0,0001
2017-03-05 01:00:00+00:00;1,15E-05;0;0;0;0;0;0,209;0,209;0,48384532;0,21128736;0,0001;0;0,0001
2017-03-05 02:00:00+00:00;1,76E-05;0;0;0;0;0;0,212;0,212;0,45049223;0,20823995;0,0001;0;0,0001
2017-03-05 03:00:00+00:00;2,42E-05;0;0;0;0;0;0,197;0,197;0,44068084;0,20688554;0,0001;0;0,0001
2017-03-05 04:00:00+00:00;3,29E-05;0;0;0;0;0;0,187;0,187;0,45383318;0,2194138;0,0001;0;0,0001
2017-03-05 05:00:00+00:00;7,38E-05;0;4,32E-06;0;0;0;0,172;0,172;0,53356482;0,2197524;0,0001;0;0,0001
2017-03-05 06:00:00+00:00;0,00032295;0;3,10E-05;0;0;0;0,135;0,135;0,53937271;0,20993296;0,0001;0;0,0001
2017-03-05 07:00:00+00:00;0,00042252;0;7,12E-05;0;0;5,32E-05;0,05;0,05;0,5780826;0,25361255;0,0001;5,32E-05;0,0001
2017-03-05 08:00:00+00:00;0,00035052;0;0,00012081;0;0;0,083051788;0,018;0,018;0,60626215;0,25056514;0,0001;0,083051788;0,0001
2017-03-05 09:00:00+00:00;0,00011119;0;0,00017327;0;0;0,226023715;0,01;0,01;0,59392743;0,25259675;0,0001;0,226023715;0,0001
2017-03-05 10:00:00+00:00;7,15E-05;0;0,00022808;0;0;0,374849411;0,005;0,005;0,52722125;0,29018152;0,0001;0,374849411;0,0001
2017-03-05 11:00:00+00:00;7,41E-05;0;0,00028585;0;0;0,502312444;0,002;0,002;0,53775158;0,29898516;0,0001;0,502312444;0,0001
2017-03-05 12:00:00+00:00;7,82E-05;0;0,00034449;0;0;0,581460127;0;0;0,51616934;0,27054263;0,0001;0,581460127;0,0001
2017-03-05 13:00:00+00:00;7,51E-05;0;0,00037428;0;0;0,629257334;0;0;0,56989234;0,27054263;0,0001;0,629257334;0,0001
2017-03-05 14:00:00+00:00;7,42E-05;0;0,00037487;0;0;0,607554811;0;0;0,58974067;0,26681802;0,0001;0,607554811;0,0001
2017-03-05 15:00:00+00:00;7,66E-05;0;0,00036952;0;0;0,50584978;0;0;0,60799606;0,47336495;0,0001;0,50584978;0,0001
2017-03-05 16:00:00+00:00;7,91E-05;0;0,00033969;0;0;0,484283548;0,001;0,001;0,61230969;0,46252971;0,0001;0,484283548;0,0001
2017-03-05 17:00:00+00:00;0,00010481;0;0,0002869;0;0;0,288918892;0,004;0,004;0,60975816;0,73205653;0,0001;0,288918892;0,0001
2017-03-05 18:00:00+00:00;0,00038196;0;0,00023583;0;0;0,152401154;0,022;0,022;0,79655519;0,88408863;0,0001;0,152401154;0,0001
2017-03-05 19:00:00+00:00;0,00039719;0;0,00018078;0;0;0,019933454;0,061;0,061;0,83196641;0,88375002;0,0001;0,019933454;0,0001
2017-03-05 20:00:00+00:00;0,00010412;0;0,0001265;0;0;0;0,082;0,082;0,77405666;0,87359198;0,0001;0;0,0001
2017-03-05 21:00:00+00:00;5,25E-05;0;7,78E-05;0;0;0;0,086;0,086;0,66011202;0,86309533;0,0001;0;0,0001
2017-03-05 22:00:00+00:00;3,17E-05;0;3,66E-05;0;0;0;0,078;0,078;0,62771752;0,3514684;0,0001;0;0,0001
2017-03-05 23:00:00+00:00;6,98E-06;0;6,15E-06;0;0;0;0,061;0,061;0,56469061;0,22618583;0,0001;0;0,0001
2017-03-06 00:00:00+00:00;2,19E-06;0;0;0;0;0;0,042;0,042;0,32832915;0,21365757;0,0001;0;0,0001
2017-03-06 01:00:00+00:00;1,16E-05;0;0;0;0;0;0,028;0,028;0,32507278;0,1974047;0,0001;0;0,0001
2017-03-06 02:00:00+00:00;1,77E-05;0;0;0;0;0;0,022;0,022;0,3423273;0,19605029;0,0001;0;0,0001
2017-03-06 03:00:00+00:00;2,38E-05;0;0;0;0;0;0,019;0,019;0,29954343;0,20959435;0,0001;0;0,0001
2017-03-06 04:00:00+00:00;3,25E-05;0;0;0;0;0;0,021;0,021;0,31025702;0,21094876;0,0001;0;0,0001
2017-03-06 05:00:00+00:00;7,32E-05;0;4,36E-06;0;0;0;0,019;0,019;0,32164726;0,21128736;0,0001;0;0,0001
2017-03-06 06:00:00+00:00;0,00032198;0;2,98E-05;0;0;0;0,012;0,012;0,29325625;0,20857855;0,0001;0;0,0001
2017-03-06 07:00:00+00:00;0,00042046;0;7,00E-05;0;0;0,000108711;0,004;0,004;0,32171774;0,25293535;0,0001;0,000108711;0,0001
2017-03-06 08:00:00+00:00;0,00034568;0;0,00011866;0;0;0,115377599;0,004;0,004;0,36359941;0,25395116;0,0001;0,115377599;0,0001
2017-03-06 09:00:00+00:00;0,00011106;0;0,0001717;0;0;0,322892413;0,005;0,005;0,36204875;0,25361255;0,0001;0,322892413;0,0001
2017-03-06 10:00:00+00:00;7,50E-05;0;0,00022822;0;0;0,524652575;0,005;0,005;0,36197827;0,25462836;0,0001;0,524652575;0,0001
2017-03-06 11:00:00+00:00;7,46E-05;0;0,00028645;0;0;0,658423082;0,004;0,004;0,37439757;0,24277731;0,0001;0,658423082;0,0001
2017-03-06 12:00:00+00:00;7,41E-05;0;0,00034473;0;0;0,762823406;0,004;0,004;0,38012088;0,25869158;0,0001;0,762823406;0,0001
2017-03-06 13:00:00+00:00;7,37E-05;0;0,0003765;0;0;0,783238288;0,005;0,005;0,34869906;0,2637706;0,0001;0,783238288;0,0001
2017-03-06 14:00:00+00:00;7,50E-05;0;0,00037399;0;0;0,799053411;0,005;0,005;0,41611008;0,24650192;0,0001;0,799053411;0,0001
2017-03-06 15:00:00+00:00;7,72E-05;0;0,00036883;0;0;0,714586361;0,003;0,003;0,40963964;0,25056514;0,0001;0,714586361;0,0001
2017-03-06 16:00:00+00:00;8,12E-05;0;0,00034045;0;0;0,591256607;0,002;0,002;0,43677602;0,46388411;0,0001;0,591256607;0,0001
2017-03-06 17:00:00+00:00;0,00010712;0;0,00028643;0;0;0,414147077;0,001;0,001;0,48612901;0,76049906;0,0001;0,414147077;0,0001
2017-03-06 18:00:00+00:00;0,00039033;0;0,000233;0;0;0,193673253;0,001;0,001;0,65020195;0,89729408;0,0001;0,193673253;0,0001
2017-03-06 19:00:00+00:00;0,00040293;0;0,00017961;0;0;0,024367336;0,003;0,003;0,63583729;0,88612024;0,0001;0,024367336;0,0001
2017-03-06 20:00:00+00:00;0,00010364;0;0,00012887;0;0;0;0,004;0,004;0,59901638;0,88307282;0,0001;0;0,0001
2017-03-06 21:00:00+00:00;5,24E-05;0;7,90E-05;0;0;0;0,006;0,006;0,4874823;0,85463029;0,0001;0;0,0001
2017-03-06 22:00:00+00:00;3,22E-05;0;3,77E-05;0;0;0;0,012;0,012;0,4377769;0,33792434;0,0001;0;0,0001
2017-03-06 23:00:00+00:00;6,42E-06;0;6,21E-06;0;0;0;0,025;0,025;0,41340349;0,21128736;0,0001;0;0,0001
2017-03-07 00:00:00+00:00;1,78E-06;0;0;0;0;0;0,037;0,037;0,41141584;0,18081322;0,0001;0;0,0001
2017-03-07 01:00:00+00:00;1,13E-05;0;0;0;0;0;0,037;0,037;0,34575282;0,18216763;0,0001;0;0,0001
2017-03-07 02:00:00+00:00;1,85E-05;0;0;0;0;0;0,025;0,025;0,3565087;0,18216763;0,0001;0;0,0001
2017-03-07 03:00:00+00:00;2,47E-05;0;0;0;0;0;0,014;0,014;0,33744979;0,18284483;0,0001;0;0,0001
2017-03-07 04:00:00+00:00;3,29E-05;0;0;0;0;0;0,008;0,008;0,3516171;0,20688554;0,0001;0;0,0001
2017-03-07 05:00:00+00:00;7,40E-05;0;4,14E-06;0;0;0;0,006;0,006;0,39523268;0,21704359;0,0001;0;0,0001
2017-03-07 06:00:00+00:00;0,00032735;0;2,98E-05;0;0;0;0,007;0,007;0,36912536;0,21568918;0,0001;0;0,0001
2017-03-07 07:00:00+00:00;0,00042009;0;7,03E-05;0;0;6,00E-05;0,004;0,004;0,41258587;0,25327395;0,0001;6,00E-05;0,0001
2017-03-07 08:00:00+00:00;0,00034803;0;0,00011949;0;0;0,154065605;0,006;0,006;0,35891926;0,25293535;0,0001;0,154065605;0,0001
2017-03-07 09:00:00+00:00;0,00011161;0;0,00017302;0;0;0,376654853;0,01;0,01;0,33843657;0,25225815;0,0001;0,376654853;0,0001
2017-03-07 10:00:00+00:00;7,28E-05;0;0,00022769;0;0;0,592808693;0,013;0,013;0,35863732;0,22483142;0,0001;0,592808693;0,0001
2017-03-07 11:00:00+00:00;7,62E-05;0;0,00028523;0;0;0,744615399;0,016;0,016;0,32889302;0,22110681;0,0001;0,744615399;0,0001
2017-03-07 12:00:00+00:00;7,75E-05;0;0,00034278;0;0;0,806871278;0,019;0,019;0,31729134;0,18318343;0,0001;0,806871278;0,0001
2017-03-07 13:00:00+00:00;7,43E-05;0;0,00037589;0;0;0,857111115;0,029;0,029;0,31495126;0,21704359;0,0001;0,857111115;0,0001
2017-03-07 14:00:00+00:00;7,34E-05;0;0,00037495;0;0;0,833992599;0,04;0,04;0,32329658;0,23431227;0,0001;0,833992599;0,0001
2017-03-07 15:00:00+00:00;7,77E-05;0;0,00037011;0;0;0,750190856;0,047;0,047;0,32064638;0,23160346;0,0001;0,750190856;0,0001
2017-03-07 16:00:00+00:00;7,90E-05;0;0,00034135;0;0;0,624481466;0,048;0,048;0,28312063;0,47234915;0,0001;0,624481466;0,0001
2017-03-07 17:00:00+00:00;0,00010491;0;0,00028725;0;0;0,438458011;0,063;0,063;0,37140904;0,74966381;0,0001;0,438458011;0,0001
2017-03-07 18:00:00+00:00;0,00038732;0;0,00023328;0;0;0,208064104;0,1;0,1;0,60509211;0,88781324;0,0001;0,208064104;0,0001
2017-03-07 19:00:00+00:00;0,00040357;0;0,00018075;0;0;0,027747278;0,142;0,142;0,57341655;0,8993257;0,0001;0,027747278;0,0001
2017-03-07 20:00:00+00:00;0,00010195;0;0,00012713;0;0;0;0,195;0,195;0,50986806;0,89153786;0,0001;0;0,0001
2017-03-07 21:00:00+00:00;5,26E-05;0;7,90E-05;0;0;0;0,226;0,226;0,45039356;0,83600721;0,0001;0;0,0001
2017-03-07 22:00:00+00:00;3,26E-05;0;3,66E-05;0;0;0;0,223;0,223;0,38904417;0,56309436;0,0001;0;0,0001
2017-03-07 23:00:00+00:00;6,50E-06;0;6,29E-06;0;0;0;0,233;0,233;0,36224611;0,19605029;0,0001;0;0,0001
2017-03-08 00:00:00+00:00;2,40E-07;0;0;0;0;0;0,247;0,247;0,29026772;0,17708861;0,0001;0;0,0001
2017-03-08 01:00:00+00:00;8,84E-06;0;0;0;0;0;0,268;0,268;0,25016226;0,17979742;0,0001;0;0,0001
2017-03-08 02:00:00+00:00;1,41E-05;0;0;0;0;0;0,269;0,269;0,24129535;0,18318343;0,0001;0;0,0001
2017-03-08 03:00:00+00:00;1,95E-05;0;0;0;0;0;0,271;0,271;0,24985212;0,19266428;0,0001;0;0,0001
2017-03-08 04:00:00+00:00;2,74E-05;0;0;0;0;0;0,26;0,26;0,24804773;0,19368008;0,0001;0;0,0001
2017-03-08 05:00:00+00:00;6,70E-05;0;4,03E-06;0;0;0;0,23;0,23;0,2850378;0,220091;0,0001;0;0,0001
2017-03-08 06:00:00+00:00;0,0003151;0;3,02E-05;0;0;0;0,183;0,183;0,31951863;0,21501198;0,0001;0;0,0001
2017-03-08 07:00:00+00:00;0,0004004;0;7,04E-05;0;0;9,16E-05;0,106;0,106;0,36116065;0,25733717;0,0001;9,16E-05;0,0001
2017-03-08 08:00:00+00:00;0,00032861;0;0,00011844;0;0;0,146172297;0,173;0,173;0,38198167;0,25327395;0,0001;0,146172297;0,0001
2017-03-08 09:00:00+00:00;8,14E-05;0;0,00017266;0;0;0,379163313;0,147;0,147;0,40514275;0,25158095;0,0001;0,379163313;0,0001
2017-03-08 10:00:00+00:00;4,24E-05;0;0,00022817;0;0;0,589166622;0,087;0,087;0,44420505;0,25158095;0,0001;0,589166622;0,0001
2017-03-08 11:00:00+00:00;4,25E-05;0;0,00028605;0;0;0,736109886;0,054;0,054;0,41049954;0,18927826;0,0001;0,736109886;0,0001
2017-03-08 12:00:00+00:00;4,30E-05;0;0,00034442;0;0;0,807003442;0,038;0,038;0,38623891;0,18927826;0,0001;0,807003442;0,0001
2017-03-08 13:00:00+00:00;4,18E-05;0;0,00037543;0;0;0,822655406;0,029;0,029;0,3942318;0,22652443;0,0001;0,822655406;0,0001
2017-03-08 14:00:00+00:00;4,23E-05;0;0,00037446;0;0;0,760246793;0,022;0,022;0,38766269;0,22855604;0,0001;0,760246793;0,0001
2017-03-08 15:00:00+00:00;4,64E-05;0;0,00036898;0;0;0,642838294;0,015;0,015;0,41916909;0,25327395;0,0001;0,642838294;0,0001
2017-03-08 16:00:00+00:00;5,52E-05;0;0,00034026;0;0;0,5403975;0,007;0,007;0,41618056;0,46896313;0,0001;0,5403975;0,0001
2017-03-08 17:00:00+00:00;8,80E-05;0;0,00028677;0;0;0,339377271;0,006;0,006;0,46759168;0,74966381;0,0001;0,339377271;0,0001
2017-03-08 18:00:00+00:00;0,00037746;0;0,00023257;0;0;0,16122384;0,004;0,004;0,71050817;0,88645884;0,0001;0,16122384;0,0001
2017-03-08 19:00:00+00:00;0,00039537;0;0,000181;0;0;0,0207262;0,005;0,005;0,71434251;0,88544303;0,0001;0,0207262;0,0001
2017-03-08 20:00:00+00:00;9,94E-05;0;0,00012623;0;0;0;0,014;0,014;0,63960114;0,84481085;0,0001;0;0,0001
2017-03-08 21:00:00+00:00;4,81E-05;0;7,83E-05;0;0;0;0,026;0,026;0,54492686;0,84514945;0,0001;0;0,0001
2017-03-08 22:00:00+00:00;2,87E-05;0;3,71E-05;0;0;0;0,029;0,029;0,42597786;0,57257521;0,0001;0;0,0001
2017-03-08 23:00:00+00:00;4,55E-06;0;6,49E-06;0;0;0;0,026;0,026;0,34696515;0,20383813;0,0001;0;0,0001
2017-03-09 00:00:00+00:00;1,00E-07;0;0;0;0;0;0,022;0,022;0,22942583;0,16760776;0,0001;0;0,0001
2017-03-09 01:00:00+00:00;8,84E-06;0;0;0;0;0;0,02;0,02;0,22358974;0,16828497;0,0001;0;0,0001
2017-03-09 02:00:00+00:00;1,41E-05;0;0;0;0;0;0,02;0,02;0,23311919;0,16760776;0,0001;0;0,0001
2017-03-09 03:00:00+00:00;1,93E-05;0;0;0;0;0;0,016;0,016;0,23722137;0,17065518;0,0001;0;0,0001
2017-03-09 04:00:00+00:00;2,73E-05;0;0;0;0;0;0,01;0,01;0,24404423;0,18995546;0,0001;0;0,0001
2017-03-09 05:00:00+00:00;6,81E-05;0;4,16E-06;0;0;0;0,007;0,007;0,29875401;0,19198707;0,0001;0;0,0001
2017-03-09 06:00:00+00:00;0,00031396;0;2,94E-05;0;0;0;0,005;0,005;0,33613879;0,18995546;0,0001;0;0,0001
2017-03-09 07:00:00+00:00;0,00040907;0;7,04E-05;0;0;3,80E-05;0,007;0,007;0,39916569;0,44119781;0,0001;3,80E-05;0,0001
2017-03-09 08:00:00+00:00;0,00032358;0;0,00011898;0;0;0,152081712;0,01;0,01;0,41534885;0,44255222;0,0001;0,152081712;0,0001
2017-03-09 09:00:00+00:00;8,10E-05;0;0,0001719;0;0;0,384434675;0,02;0,02;0,41918319;0,44356802;0,0001;0,384434675;0,0001
2017-03-09 10:00:00+00:00;4,24E-05;0;0,00022898;0;0;0,588878725;0,014;0,014;0,43526766;0,39277779;0,0001;0,588878725;0,0001
2017-03-09 11:00:00+00:00;4,23E-05;0;0,00028643;0;0;0,738974234;0,007;0,007;0,43749496;0,37686352;0,0001;0,738974234;0,0001
2017-03-09 12:00:00+00:00;4,31E-05;0;0,00034354;0;0;0,838206226;0,002;0,002;0,4177735;0,37991093;0,0001;0,838206226;0,0001
2017-03-09 13:00:00+00:00;4,20E-05;0;0,00037333;0;0;0,88078713;0;0;0,42943158;0,39413219;0,0001;0,88078713;0,0001
2017-03-09 14:00:00+00:00;4,25E-05;0;0,00037385;0;0;0,861719123;0;0;0,50621698;0,39243919;0,0001;0,861719123;0,0001
2017-03-09 15:00:00+00:00;4,64E-05;0;0,00036817;0;0;0,767076818;0;0;0,48411316;0,42866955;0,0001;0,767076818;0,0001
2017-03-09 16:00:00+00:00;5,51E-05;0;0,00033996;0;0;0,642809842;0;0;0,46544896;0,44390662;0,0001;0,642809842;0,0001
2017-03-09 17:00:00+00:00;8,77E-05;0;0,00028601;0;0;0,445371913;0;0;0,42453998;0,6809277;0,0001;0,445371913;0,0001
2017-03-09 18:00:00+00:00;0,00037792;0;0,00023182;0;0;0,21376591;0;0;0,67983348;0,81806132;0,0001;0,21376591;0,0001
2017-03-09 19:00:00+00:00;0,00040119;0;0,00018074;0;0;0,025354299;0;0;0,6983708;0,88002541;0,0001;0,025354299;0,0001
2017-03-09 20:00:00+00:00;9,90E-05;0;0,00012763;0;0;0;0;0;0,6251096;0,87562359;0,0001;0;0,0001
2017-03-09 21:00:00+00:00;4,83E-05;0;7,99E-05;0;0;0;0;0;0,55307483;0,88476583;0,0001;0;0,0001
2017-03-09 22:00:00+00:00;2,87E-05;0;3,76E-05;0;0;0;0,001;0,001;0,46463135;0,58002444;0,0001;0;0,0001
2017-03-09 23:00:00+00:00;4,61E-06;0;6,53E-06;0;0;0;0,003;0,003;0,37191653;0,41580269;0,0001;0;0,0001
2017-03-10 00:00:00+00:00;1,25E-06;0;0;0;0;0;0,008;0,008;0,30795924;0,14356705;0,0001;0;0,0001
2017-03-10 01:00:00+00:00;1,19E-05;0;0;0;0;0;0,017;0,017;0,24391736;0,14729167;0,0001;0;0,0001
2017-03-10 02:00:00+00:00;1,80E-05;0;0;0;0;0;0,037;0,037;0,21793691;0,14763027;0,0001;0;0,0001
2017-03-10 03:00:00+00:00;2,36E-05;0;0;0;0;0;0,08;0,08;0,20620836;0,15000048;0,0001;0;0,0001
2017-03-10 04:00:00+00:00;3,26E-05;0;0;0;0;0;0,108;0,108;0,19770797;0,1537251;0,0001;0;0,0001
2017-03-10 05:00:00+00:00;7,57E-05;0;4,22E-06;0;0;0;0,105;0,105;0,20832288;0,17776581;0,0001;0;0,0001
2017-03-10 06:00:00+00:00;0,00032645;0;2,96E-05;0;0;0;0,083;0,083;0,19717229;0,18216763;0,0001;0;0,0001
2017-03-10 07:00:00+00:00;0,00042746;0;7,00E-05;0;0;6,66E-05;0,018;0,018;0,19944188;0,17979742;0,0001;6,66E-05;0,0001
2017-03-10 08:00:00+00:00;0,00035414;0;0,00011794;0;0;0,173018279;0,003;0,003;0,21528671;0,18419924;0,0001;0,173018279;0,0001
2017-03-10 09:00:00+00:00;0,00011002;0;0,00017147;0;0;0,427544541;0,001;0,001;0,25075432;0,18182903;0,0001;0,427544541;0,0001
2017-03-10 10:00:00+00:00;7,54E-05;0;0,00022825;0;0;0,642212195;0;0;0,26335688;0,17912022;0,0001;0,642212195;0,0001
2017-03-10 11:00:00+00:00;7,44E-05;0;0,00028523;0;0;0,786281143;0;0;0,26635951;0,16117433;0,0001;0,786281143;0,0001
2017-03-10 12:00:00+00:00;7,64E-05;0;0,00034458;0;0;0,863390981;0,001;0,001;0,25409527;0,15914273;0,0001;0,863390981;0,0001
2017-03-10 13:00:00+00:00;7,67E-05;0;0,00037657;0;0;0,868067856;0,001;0,001;0,25681596;0,16049713;0,0001;0,868067856;0,0001
2017-03-10 14:00:00+00:00;7,44E-05;0;0,00037463;0;0;0,825078648;0,002;0,002;0,25230497;0,15880412;0,0001;0,825078648;0,0001
2017-03-10 15:00:00+00:00;7,80E-05;0;0,0003695;0;0;0,738472388;0,004;0,004;0,25601244;0,21162596;0,0001;0,738472388;0,0001
2017-03-10 16:00:00+00:00;8,02E-05;0;0,00034032;0;0;0,603117657;0,005;0,005;0,29561042;0,37991093;0,0001;0,603117657;0,0001
2017-03-10 17:00:00+00:00;0,0001046;0;0,00028677;0;0;0,396457624;0,014;0,014;0,34627441;0,68634533;0,0001;0,396457624;0,0001
2017-03-10 18:00:00+00:00;0,00038964;0;0,00023455;0;0;0,187841189;0,048;0,048;0,58356626;0,86648134;0,0001;0,187841189;0,0001
2017-03-10 19:00:00+00:00;0,00040418;0;0,00017937;0;0;0,021521754;0,105;0,105;0,56842627;0,86715855;0,0001;0,021521754;0,0001
2017-03-10 20:00:00+00:00;0,00010499;0;0,00012749;0;0;0;0,163;0,163;0,55657084;0,83905462;0,0001;0;0,0001
2017-03-10 21:00:00+00:00;5,26E-05;0;7,82E-05;0;0;0;0,204;0,204;0,50627337;0,78555558;0,0001;0;0,0001
2017-03-10 22:00:00+00:00;3,24E-05;0;3,71E-05;0;0;0;0,199;0,199;0,42074793;0,28679551;0,0001;0;0,0001
2017-03-10 23:00:00+00:00;6,54E-06;0;6,04E-06;0;0;0;0,164;0,164;0,38943889;0,15101629;0,0001;0;0,0001
2017-03-11 00:00:00+00:00;1,32E-06;0;0;0;0;0;0,134;0,134;0,16730112;0,14695307;0,0001;0;0,0001
2017-03-11 01:00:00+00:00;1,17E-05;0;0;0;0;0;0,113;0,113;0,18094684;0,14085824;0,0001;0;0,0001
2017-03-11 02:00:00+00:00;1,80E-05;0;0;0;0;0;0,105;0,105;0,18081997;0,17268679;0,0001;0;0,0001
2017-03-11 03:00:00+00:00;2,42E-05;0;0;0;0;0;0,107;0,107;0,1775777;0,17268679;0,0001;0;0,0001
2017-03-11 04:00:00+00:00;3,28E-05;0;0;0;0;0;0,114;0,114;0,1691619;0,1760728;0,0001;0;0,0001
2017-03-11 05:00:00+00:00;7,31E-05;0;4,22E-06;0;0;0;0,118;0,118;0,14460523;0,23397366;0,0001;0;0,0001
2017-03-11 06:00:00+00:00;0,00032832;0;3,07E-05;0;0;0;0,119;0,119;0,1855847;0,23295786;0,0001;0;0,0001
2017-03-11 07:00:00+00:00;0,00042833;0;7,11E-05;0;0;5,55E-05;0,069;0,069;0,21635807;0,23702108;0,0001;5,55E-05;0,0001
2017-03-11 08:00:00+00:00;0,00035451;0;0,00011846;0;0;0,165039726;0,087;0,087;0,22803024;0,23600527;0,0001;0,165039726;0,0001
2017-03-11 09:00:00+00:00;0,00011263;0;0,00017001;0;0;0,420665783;0,07;0,07;0,23803899;0,23702108;0,0001;0,420665783;0,0001
2017-03-11 10:00:00+00:00;7,57E-05;0;0,00022677;0;0;0,635872103;0,051;0,051;0,24140813;0,17844301;0,0001;0,635872103;0,0001
2017-03-11 11:00:00+00:00;7,74E-05;0;0,00028501;0;0;0,788418585;0,049;0,049;0,22566197;0,17878161;0,0001;0,788418585;0,0001
2017-03-11 12:00:00+00:00;7,64E-05;0;0,00034613;0;0;0,852383066;0,058;0,058;0,24567947;0,15575671;0,0001;0,852383066;0,0001
2017-03-11 13:00:00+00:00;7,40E-05;0;0,00037642;0;0;0,869162545;0,06;0,06;0,23915264;0,15067769;0,0001;0,869162545;0,0001
2017-03-11 14:00:00+00:00;7,47E-05;0;0,0003742;0;0;0,808284923;0,054;0,054;0,26121416;0,15474091;0,0001;0,808284923;0,0001
2017-03-11 15:00:00+00:00;7,70E-05;0;0,00037003;0;0;0,703360565;0,039;0,039;0,24652527;0,15101629;0,0001;0,703360565;0,0001
2017-03-11 16:00:00+00:00;7,73E-05;0;0,00034022;0;0;0,545382725;0,028;0,028;0,28292328;0,3721231;0,0001;0,545382725;0,0001
2017-03-11 17:00:00+00:00;0,00010584;0;0,0002857;0;0;0,347807704;0,031;0,031;0,28877346;0,66636783;0,0001;0,347807704;0,0001
2017-03-11 18:00:00+00:00;0,00039386;0;0,00023312;0;0;0,16183581;0,059;0,059;0,48811666;0,833637;0,0001;0,16183581;0,0001
2017-03-11 19:00:00+00:00;0,00040519;0;0,00017899;0;0;0,016882565;0,14;0,14;0,51007951;0,8553075;0,0001;0,016882565;0,0001
2017-03-11 20:00:00+00:00;0,00010393;0;0,00012637;0;0;0;0,221;0,221;0,43873548;0,86309533;0,0001;0;0,0001
2017-03-11 21:00:00+00:00;5,19E-05;0;7,77E-05;0;0;0;0,211;0,211;0,35392898;0,8556461;0,0001;0;0,0001
2017-03-11 22:00:00+00:00;3,20E-05;0;3,63E-05;0;0;0;0,156;0,156;0,25608292;0,29492194;0,0001;0;0,0001
2017-03-11 23:00:00+00:00;6,48E-06;0;6,58E-06;0;0;0;0,112;0,112;0,2401817;0,14458286;0,0001;0;0,0001
2017-03-12 00:00:00+00:00;1,62E-06;0;0;0;0;0;0,088;0,088;0,39609259;0,15914273;0,0001;0;0,0001
2017-03-12 01:00:00+00:00;1,16E-05;0;0;0;0;0;0,065;0,065;0,40875154;0,15778832;0,0001;0;0,0001
2017-03-12 02:00:00+00:00;1,76E-05;0;0;0;0;0;0,043;0,043;0,37458083;0,15981993;0,0001;0;0,0001
2017-03-12 03:00:00+00:00;2,40E-05;0;0;0;0;0;0,027;0,027;0,35201181;0,18216763;0,0001;0;0,0001
2017-03-12 04:00:00+00:00;3,24E-05;0;0;0;0;0;0,022;0,022;0,38597107;0,18149043;0,0001;0;0,0001
2017-03-12 05:00:00+00:00;7,54E-05;0;4,28E-06;0;0;0;0,028;0,028;0,37008395;0,21331897;0,0001;0;0,0001
2017-03-12 06:00:00+00:00;0,00032822;0;3,02E-05;0;0;0;0,042;0,042;0,46540667;0,20993296;0,0001;0;0,0001
2017-03-12 07:00:00+00:00;0,0004292;0;7,01E-05;0;0;7,38E-05;0,031;0,031;0,55244047;0,23871409;0,0001;7,38E-05;0,0001
2017-03-12 08:00:00+00:00;0,00035989;0;0,00011828;0;0;0,140742314;0,018;0,018;0,59371598;0,23465087;0,0001;0,140742314;0,0001
2017-03-12 09:00:00+00:00;0,00011222;0;0,00017062;0;0;0,377529904;0,02;0,02;0,60279433;0,24006849;0,0001;0,377529904;0,0001
2017-03-12 10:00:00+00:00;7,38E-05;0;0,00022678;0;0;0,559884603;0,019;0,019;0,6704027;0,220091;0,0001;0,559884603;0,0001
2017-03-12 11:00:00+00:00;7,51E-05;0;0,00028483;0;0;0,720337723;0,01;0,01;0,64907421;0,18555364;0,0001;0,720337723;0,0001
2017-03-12 12:00:00+00:00;7,48E-05;0;0,00034407;0;0;0,803572969;0,004;0,004;0,64478877;0,18860106;0,0001;0,803572969;0,0001
2017-03-12 13:00:00+00:00;7,16E-05;0;0,00037389;0;0;0,837876345;0,001;0,001;0,61319779;0,18995546;0,0001;0,837876345;0,0001
2017-03-12 14:00:00+00:00;7,59E-05;0;0,00037425;0;0;0,787452972;0;0;0,65046979;0,18860106;0,0001;0,787452972;0,0001
2017-03-12 15:00:00+00:00;7,91E-05;0;0,00036983;0;0;0,687529385;0;0;0,61584799;0,18656945;0,0001;0,687529385;0,0001
2017-03-12 16:00:00+00:00;8,16E-05;0;0,00034194;0;0;0,527175926;0;0;0,57297955;0,43578018;0,0001;0,527175926;0,0001
2017-03-12 17:00:00+00:00;0,0001062;0;0,00028663;0;0;0,36766377;0;0;0,53553838;0,72054408;0,0001;0,36766377;0,0001
2017-03-12 18:00:00+00:00;0,00039434;0;0,00023212;0;0;0,166006786;0,002;0,002;0,72529574;0,8793482;0,0001;0,166006786;0,0001
2017-03-12 19:00:00+00:00;0,00040713;0;0,00018081;0;0;0,016476241;0,007;0,007;0,78835084;0,86580414;0,0001;0,016476241;0,0001
2017-03-12 20:00:00+00:00;0,00010418;0;0,00012754;0;0;0;0,02;0,02;0,70656106;0,86817435;0,0001;0;0,0001
2017-03-12 21:00:00+00:00;5,25E-05;0;7,89E-05;0;0;0;0,04;0,04;0,68829157;0,85970932;0,0001;0;0,0001
2017-03-12 22:00:00+00:00;3,23E-05;0;3,69E-05;0;0;0;0,062;0,062;0,64151831;0,34503497;0,0001;0;0,0001
2017-03-12 23:00:00+00:00;7,10E-06;0;6,15E-06;0;0;0;0,084;0,084;0,66116928;0,18352204;0,0001;0;0,0001
2017-03-13 00:00:00+00:00;1,52E-06;0;0;0;0;0;0,085;0,085;0,56277345;0,21128736;0,0001;0;0,0001
2017-03-13 01:00:00+00:00;1,15E-05;0;0;0;0;0;0,074;0,074;0,4448817;0,21298037;0,0001;0;0,0001
2017-03-13 02:00:00+00:00;1,81E-05;0;0;0;0;0;0,065;0,065;0,37324163;0,23160346;0,0001;0;0,0001
2017-03-13 03:00:00+00:00;2,36E-05;0;0;0;0;0;0,072;0,072;0,3338692;0,22991045;0,0001;0;0,0001
2017-03-13 04:00:00+00:00;3,25E-05;0;0;0;0;0;0,09;0,09;0,33543395;0,23228066;0,0001;0;0,0001
2017-03-13 05:00:00+00:00;7,46E-05;0;4,19E-06;0;0;0;0,102;0,102;0,35060213;0,23228066;0,0001;0;0,0001
2017-03-13 06:00:00+00:00;0,00033113;0;3,01E-05;0;0;0;0,094;0,094;0,34953077;0,24785633;0,0001;0;0,0001
2017-03-13 07:00:00+00:00;0,00043463;0;6,99E-05;0;0;5,38E-05;0,057;0,057;0,43922887;0,25361255;0,0001;5,38E-05;0,0001
2017-03-13 08:00:00+00:00;0,00035714;0;0,00011778;0;0;0,123278284;0,038;0,038;0,50187516;0,28307089;0,0001;0,123278284;0,0001
2017-03-13 09:00:00+00:00;0,00011246;0;0,00017024;0;0;0,351791211;0,033;0,033;0,5891768;0,2861183;0,0001;0,351791211;0,0001
2017-03-13 10:00:00+00:00;7,60E-05;0;0,0002257;0;0;0,535490485;0,037;0,037;0,63072014;0,29559915;0,0001;0,535490485;0,0001
2017-03-13 11:00:00+00:00;7,41E-05;0;0,00028416;0;0;0,700150453;0,018;0,018;0,6388822;0,29052012;0,0001;0,700150453;0,0001
2017-03-13 12:00:00+00:00;7,63E-05;0;0,00034335;0;0;0,818346405;0,004;0,004;0,61298633;0,27528305;0,0001;0,818346405;0,0001
2017-03-13 13:00:00+00:00;7,43E-05;0;0,00037503;0;0;0,777420733;0,001;0,001;0,65099138;0,27765326;0,0001;0,777420733;0,0001
2017-03-13 14:00:00+00:00;7,37E-05;0;0,00037623;0;0;0,762196281;0;0;0,68254007;0,28171648;0,0001;0,762196281;0,0001
2017-03-13 15:00:00+00:00;7,79E-05;0;0,0003699;0;0;0,65203556;0;0;0,66917628;0,28273229;0,0001;0,65203556;0,0001
2017-03-13 16:00:00+00:00;7,88E-05;0;0,00033894;0;0;0,518421611;0;0;0,66738598;0,49605126;0,0001;0,518421611;0,0001
2017-03-13 17:00:00+00:00;0,0001052;0;0,00028742;0;0;0,34333292;0,001;0,001;0,66965557;0,74255318;0,0001;0,34333292;0,0001
2017-03-13 18:00:00+00:00;0,0003951;0;0,00023461;0;0;0,152182038;0,014;0,014;0,72359002;0,87257617;0,0001;0,152182038;0,0001
2017-03-13 19:00:00+00:00;0,00040693;0;0,00018082;0;0;0,017020841;0,059;0,059;0,74747005;0,87359198;0,0001;0,017020841;0,0001
2017-03-13 20:00:00+00:00;0,00010474;0;0,00012717;0;0;0;0,133;0,133;0,74166215;0,87122177;0,0001;0;0,0001
2017-03-13 21:00:00+00:00;5,26E-05;0;7,86E-05;0;0;0;0,18;0,18;0,66930315;0,86648134;0,0001;0;0,0001
2017-03-13 22:00:00+00:00;3,23E-05;0;3,65E-05;0;0;0;0,151;0,151;0,5771663;0,58679647;0,0001;0;0,0001
2017-03-13 23:00:00+00:00;7,14E-06;0;6,26E-06;0;0;0;0,112;0,112;0,57413549;0,1764114;0,0001;0;0,0001
2017-03-14 00:00:00+00:00;1,79E-06;0;0;0;0;0;0,075;0,075;0,51378698;0,17404119;0,0001;0;0,0001
2017-03-14 01:00:00+00:00;1,19E-05;0;0;0;0;0;0,042;0,042;0,46457496;0,17675;0,0001;0;0,0001
2017-03-14 02:00:00+00:00;1,82E-05;0;0;0;0;0;0,017;0,017;0,41257177;0,14526006;0,0001;0;0,0001
2017-03-14 03:00:00+00:00;2,41E-05;0;0;0;0;0;0,004;0,004;0,38754991;0,14559866;0,0001;0;0,0001
2017-03-14 04:00:00+00:00;3,30E-05;0;0;0;0;0;0,001;0,001;0,38354641;0,15000048;0,0001;0;0,0001
2017-03-14 05:00:00+00:00;7,52E-05;0;4,10E-06;0;0;0;0;0;0,39285032;0,14661447;0,0001;0;0,0001
2017-03-14 06:00:00+00:00;0,00032806;0;2,97E-05;0;0;0;0;0;0,36615093;0,14830747;0,0001;0;0,0001
2017-03-14 07:00:00+00:00;0,00043286;0;7,03E-05;0;0;6,84E-05;0;0;0,37211389;0,14966188;0,0001;6,84E-05;0,0001
2017-03-14 08:00:00+00:00;0,00035867;0;0,00011763;0;0;0,115292965;0;0;0,40531191;0,21027156;0,0001;0,115292965;0,0001
2017-03-14 09:00:00+00:00;0,00011201;0;0,00017185;0;0;0,30894098;0;0;0,3898336;0,2854411;0,0001;0,30894098;0,0001
2017-03-14 10:00:00+00:00;7,52E-05;0;0,00022858;0;0;0,515571504;0,003;0,003;0,39314635;0,28307089;0,0001;0,515571504;0,0001
2017-03-14 11:00:00+00:00;7,51E-05;0;0,00028508;0;0;0,647421213;0,013;0,013;0,40877973;0,28205508;0,0001;0,647421213;0,0001
2017-03-14 12:00:00+00:00;7,83E-05;0;0,00034385;0;0;0,717348549;0,021;0,021;0,38833933;0,28307089;0,0001;0,717348549;0,0001
2017-03-14 13:00:00+00:00;7,53E-05;0;0,00037406;0;0;0,765592153;0,02;0,02;0,39863002;0,26783382;0,0001;0,765592153;0,0001
2017-03-14 14:00:00+00:00;7,36E-05;0;0,00037343;0;0;0,727790626;0,018;0,018;0,45262085;0,48758622;0,0001;0,727790626;0,0001
2017-03-14 15:00:00+00:00;7,93E-05;0;0,00036878;0;0;0,646009423;0,02;0,02;0,52342921;0,49063363;0,0001;0,646009423;0,0001
2017-03-14 16:00:00+00:00;7,77E-05;0;0,00034223;0;0;0,502971727;0,034;0,034;0,62298098;0,48894063;0,0001;0,502971727;0,0001
2017-03-14 17:00:00+00:00;0,00010571;0;0,0002878;0;0;0,314730374;0,067;0,067;0,6300012;0,74086017;0,0001;0,314730374;0,0001
2017-03-14 18:00:00+00:00;0,00039662;0;0,00023303;0;0;0,140799323;0,122;0,122;0,74372029;0,84379504;0,0001;0,140799323;0,0001
2017-03-14 19:00:00+00:00;0,00041084;0;0,00018013;0;0;0,014884697;0,163;0,163;0,74270532;0,87528499;0,0001;0,014884697;0,0001
2017-03-14 20:00:00+00:00;0,00010326;0;0,00012671;0;0;0;0,186;0,186;0,75371494;0,87393058;0,0001;0;0,0001
2017-03-14 21:00:00+00:00;5,25E-05;0;7,91E-05;0;0;0;0,204;0,204;0,69596025;0,8570005;0,0001;0;0,0001
2017-03-14 22:00:00+00:00;3,23E-05;0;3,76E-05;0;0;0;0,187;0,187;0,64034827;0,55869254;0,0001;0;0,0001
2017-03-14 23:00:00+00:00;6,83E-06;0;6,59E-06;0;0;0;0,158;0,158;0,53184501;0,16557615;0,0001;0;0,0001
2017-03-15 00:00:00+00:00;2,00E-07;0;0;0;0;0;0,135;0,135;0,42165013;0,17776581;0,0001;0;0,0001
2017-03-15 01:00:00+00:00;8,85E-06;0;0;0;0;0;0,116;0,116;0,41850654;0,17742721;0,0001;0;0,0001
2017-03-15 02:00:00+00:00;1,42E-05;0;0;0;0;0;0,116;0,116;0,35485937;0,17844301;0,0001;0;0,0001
2017-03-15 03:00:00+00:00;1,93E-05;0;0;0;0;0;0,113;0,113;0,34509027;0,17844301;0,0001;0;0,0001
2017-03-15 04:00:00+00:00;2,74E-05;0;0;0;0;0;0,154;0,154;0,37848565;0,18521504;0,0001;0;0,0001
2017-03-15 05:00:00+00:00;6,63E-05;0;4,39E-06;0;0;0;0,231;0,231;0,40431104;0,19401868;0,0001;0;0,0001
2017-03-15 06:00:00+00:00;0,00032119;0;3,06E-05;0;0;0;0,322;0,322;0,40732776;0,19368008;0,0001;0;0,0001
2017-03-15 07:00:00+00:00;0,00041954;0;7,12E-05;0;0;0;0,289;0,289;0,48149115;0,19300288;0,0001;0;0,0001
2017-03-15 08:00:00+00:00;0,00033403;0;0,0001188;0;0;0,093401938;0,239;0,239;0,60543044;0,22720164;0,0001;0,093401938;0,0001
2017-03-15 09:00:00+00:00;8,30E-05;0;0,00017124;0;0;0,274520192;0,168;0,168;0,58599092;0,4621911;0,0001;0,274520192;0,0001
2017-03-15 10:00:00+00:00;4,24E-05;0;0,00022742;0;0;0,478632589;0,102;0,102;0,65809617;0,51839896;0,0001;0,478632589;0,0001
2017-03-15 11:00:00+00:00;4,23E-05;0;0,00028504;0;0;0,612248213;0,076;0,076;0,68385107;0,51467434;0,0001;0,612248213;0,0001
2017-03-15 12:00:00+00:00;4,30E-05;0;0,00034358;0;0;0,755886218;0,067;0,067;0,66046444;0,51806036;0,0001;0,755886218;0,0001
2017-03-15 13:00:00+00:00;4,18E-05;0;0,00037318;0;0;0,772871147;0,063;0,063;0,64105311;0,49435825;0,0001;0,772871147;0,0001
2017-03-15 14:00:00+00:00;4,24E-05;0;0,00037431;0;0;0,764024547;0,055;0,055;0,68486605;0,49232664;0,0001;0,764024547;0,0001
2017-03-15 15:00:00+00:00;4,65E-05;0;0,00036907;0;0;0,643366413;0,04;0,04;0,69851177;0,50383909;0,0001;0,643366413;0,0001
2017-03-15 16:00:00+00:00;5,52E-05;0;0,00034031;0;0;0,468757858;0,02;0,02;0,6757313;0,48013699;0,0001;0,468757858;0,0001
2017-03-15 17:00:00+00:00;8,80E-05;0;0,00028552;0;0;0,253763024;0,013;0,013;0,67263;0,746955;0,0001;0,253763024;0,0001
2017-03-15 18:00:00+00:00;0,00038722;0;0,00023313;0;0;0,1239072;0,007;0,007;0,77391569;0,88408863;0,0001;0,1239072;0,0001
2017-03-15 19:00:00+00:00;0,00040434;0;0,00018156;0;0;0,012908629;0,003;0,003;0,84423065;0,88815184;0,0001;0,012908629;0,0001
2017-03-15 20:00:00+00:00;9,85E-05;0;0,00012814;0;0;0;0,002;0,002;0,77538176;0,89119926;0,0001;0;0,0001
2017-03-15 21:00:00+00:00;4,78E-05;0;7,80E-05;0;0;0;0,002;0,002;0,70330469;0,88341142;0,0001;0;0,0001
2017-03-15 22:00:00+00:00;2,83E-05;0;3,66E-05;0;0;0;0,005;0,005;0,66297368;0,5939071;0,0001;0;0,0001
2017-03-15 23:00:00+00:00;4,46E-06;0;6,39E-06;0;0;0;0,013;0,013;0,56865182;0,47607377;0,0001;0;0,0001
2017-03-16 00:00:00+00:00;1,30E-07;0;0;0;0;0;0,022;0,022;0,47819249;0,46930174;0,0001;0;0,0001
2017-03-16 01:00:00+00:00;8,79E-06;0;0;0;0;0;0,028;0,028;0,44502267;0,23397366;0,0001;0;0,0001
2017-03-16 02:00:00+00:00;1,40E-05;0;0;0;0;0;0,031;0,031;0,429347;0,24447031;0,0001;0;0,0001
2017-03-16 03:00:00+00:00;1,94E-05;0;0;0;0;0;0,031;0,031;0,42146687;0,24447031;0,0001;0;0,0001
2017-03-16 04:00:00+00:00;2,74E-05;0;0;0;0;0;0,025;0,025;0,42372236;0,24447031;0,0001;0;0,0001
2017-03-16 05:00:00+00:00;6,77E-05;0;4,18E-06;0;0;0;0,019;0,019;0,46478642;0,2424387;0,0001;0;0,0001
2017-03-16 06:00:00+00:00;0,0003232;0;3,02E-05;0;0;0;0,02;0,02;0,46030362;0,24311591;0,0001;0;0,0001
2017-03-16 07:00:00+00:00;0,00041962;0;7,07E-05;0;0;0;0,021;0,021;0,55476645;0,25632137;0,0001;0;0,0001
2017-03-16 08:00:00+00:00;0,00033887;0;0,00011907;0;0;0,118490376;0,027;0,027;0,63944607;0,25259675;0,0001;0,118490376;0,0001
2017-03-16 09:00:00+00:00;8,27E-05;0;0,00017214;0;0;0,321612523;0,062;0,062;0,65588297;0,5485345;0,0001;0,321612523;0,0001
2017-03-16 10:00:00+00:00;4,25E-05;0;0,00022744;0;0;0,538103659;0,105;0,105;0,71991075;0,55056611;0,0001;0,538103659;0,0001
2017-03-16 11:00:00+00:00;4,24E-05;0;0,00028503;0;0;0,715216239;0,149;0,149;0,68600789;0,58679647;0,0001;0,715216239;0,0001
2017-03-16 12:00:00+00:00;4,31E-05;0;0,00034514;0;0;0,78147945;0,186;0,186;0,65595346;0,58882808;0,0001;0,78147945;0,0001
2017-03-16 13:00:00+00:00;4,18E-05;0;0,00037717;0;0;0,766860554;0,208;0,208;0,68668454;0,57359101;0,0001;0,766860554;0,0001
2017-03-16 14:00:00+00:00;4,23E-05;0;0,000375;0;0;0,776306066;0,202;0,202;0,69360608;0,56681898;0,0001;0,776306066;0,0001
2017-03-16 15:00:00+00:00;4,65E-05;0;0,00036947;0;0;0,709972596;0,152;0,152;0,68600789;0,56817339;0,0001;0,709972596;0,0001
2017-03-16 16:00:00+00:00;5,51E-05;0;0,00034014;0;0;0,560215992;0,125;0,125;0,67756389;0,55395212;0,0001;0,560215992;0,0001
2017-03-16 17:00:00+00:00;8,85E-05;0;0,00028611;0;0;0,395082306;0,101;0,101;0,6952836;0,77776774;0,0001;0,395082306;0,0001
2017-03-16 18:00:00+00:00;0,0003859;0;0,00023427;0;0;0,186619236;0,093;0,093;0,84335665;0,9003415;0,0001;0,186619236;0,0001
2017-03-16 19:00:00+00:00;0,00040412;0;0,00018052;0;0;0,018532423;0,119;0,119;0,82118234;0,87257617;0,0001;0,018532423;0,0001
2017-03-16 20:00:00+00:00;0,00010036;0;0,00012959;0;0;0;0,161;0,161;0,76509108;0,88171842;0,0001;0;0,0001
2017-03-16 21:00:00+00:00;4,80E-05;0;8,02E-05;0;0;0;0,195;0,195;0,69783512;0,87968681;0,0001;0;0,0001
2017-03-16 22:00:00+00:00;2,86E-05;0;3,75E-05;0;0;0;0,197;0,197;0,64236412;0,59797032;0,0001;0;0,0001
2017-03-16 23:00:00+00:00;4,56E-06;0;6,24E-06;0;0;0;0,178;0,178;0,58417242;0,24277731;0,0001;0;0,0001
2017-03-17 00:00:00+00:00;1,55E-06;0;0;0;0;0;0,172;0,172;0,48783472;0,22957185;0,0001;0;0,0001
2017-03-17 01:00:00+00:00;1,18E-05;0;0;0;0;0;0,167;0,167;0,43920068;0,23058765;0,0001;0;0,0001
2017-03-17 02:00:00+00:00;1,86E-05;0;0;0;0;0;0,154;0,154;0,39699478;0,22957185;0,0001;0;0,0001
2017-03-17 03:00:00+00:00;2,42E-05;0;0;0;0;0;0,149;0,149;0,39145473;0,24514752;0,0001;0;0,0001
2017-03-17 04:00:00+00:00;3,29E-05;0;0;0;0;0;0,143;0,143;0,40646785;0,24345451;0,0001;0;0,0001
2017-03-17 05:00:00+00:00;7,58E-05;0;4,12E-06;0;0;0;0,141;0,141;0,47585242;0,24548612;0,0001;0;0,0001
2017-03-17 06:00:00+00:00;0,00033564;0;3,01E-05;0;0;0;0,133;0,133;0,50944516;0,24717913;0,0001;0;0,0001
2017-03-17 07:00:00+00:00;0,00043672;0;7,06E-05;0;0;0;0,042;0,042;0,58586404;0,25361255;0,0001;0;0,0001
2017-03-17 08:00:00+00:00;0,00035963;0;0,00011915;0;0;0,148523802;0,069;0,069;0,57334606;0,46828593;0,0001;0,148523802;0,0001
2017-03-17 09:00:00+00:00;0,00011332;0;0,00017282;0;0;0,37172082;0,112;0,112;0,58486317;0,50011448;0,0001;0,37172082;0,0001
2017-03-17 10:00:00+00:00;7,28E-05;0;0,00022781;0;0;0,568055242;0,139;0,139;0,57561565;0,51907616;0,0001;0,568055242;0,0001
2017-03-17 11:00:00+00:00;7,41E-05;0;0,0002855;0;0;0,69929108;0,154;0,154;0,51036145;0,51602875;0,0001;0,69929108;0,0001
2017-03-17 12:00:00+00:00;7,70E-05;0;0,00034578;0;0;0,784957893;0,154;0,154;0,42795141;0,49368105;0,0001;0,784957893;0,0001
2017-03-17 13:00:00+00:00;7,52E-05;0;0,00037577;0;0;0,791057725;0,107;0,107;0,45710365;0,49537406;0,0001;0,791057725;0,0001
2017-03-17 14:00:00+00:00;7,61E-05;0;0,0003745;0;0;0,752929885;0,068;0,068;0,53863968;0,49401965;0,0001;0,752929885;0,0001
2017-03-17 15:00:00+00:00;7,88E-05;0;0,00036954;0;0;0,648714682;0,038;0,038;0,55096031;0,46252971;0,0001;0,648714682;0,0001
2017-03-17 16:00:00+00:00;7,92E-05;0;0,0003407;0;0;0,503390687;0,019;0,019;0,57617953;0,38939177;0,0001;0,503390687;0,0001
2017-03-17 17:00:00+00:00;0,00010671;0;0,00028719;0;0;0,34249992;0,018;0,018;0,58632924;0,73578115;0,0001;0,34249992;0,0001
2017-03-17 18:00:00+00:00;0,00039741;0;0,00023199;0;0;0,153815346;0,051;0,051;0,74015379;0,88002541;0,0001;0,153815346;0,0001
2017-03-17 19:00:00+00:00;0,00041838;0;0,00017811;0;0;0,015544289;0,126;0,126;0,81482467;0,87156037;0,0001;0,015544289;0,0001
2017-03-17 20:00:00+00:00;0,00010492;0;0,00012669;0;0;0;0,182;0,182;0,73179437;0,87426918;0,0001;0;0,0001
2017-03-17 21:00:00+00:00;5,20E-05;0;7,82E-05;0;0;0;0,198;0,198;0,58210019;0,86444974;0,0001;0;0,0001
2017-03-17 22:00:00+00:00;3,24E-05;0;3,66E-05;0;0;0;0,207;0,207;0,53231021;0,57528402;0,0001;0;0,0001
2017-03-17 23:00:00+00:00;6,92E-06;0;6,44E-06;0;0;0;0,21;0,21;0,54750658;0,22279981;0,0001;0;0,0001
2017-03-18 00:00:00+00:00;1,58E-06;0;0;0;0;0;0,185;0,185;0,47423129;0,22449282;0,0001;0;0,0001
2017-03-18 01:00:00+00:00;1,22E-05;0;0;0;0;0;0,138;0,138;0,47094673;0,23702108;0,0001;0;0,0001
2017-03-18 02:00:00+00:00;1,81E-05;0;0;0;0;0;0,081;0,081;0,47050973;0,23735968;0,0001;0;0,0001
2017-03-18 03:00:00+00:00;2,35E-05;0;0;0;0;0;0,042;0,042;0,456864;0,23735968;0,0001;0;0,0001
2017-03-18 04:00:00+00:00;3,25E-05;0;0;0;0;0;0,021;0,021;0,47087624;0,24751773;0,0001;0;0,0001
2017-03-18 05:00:00+00:00;7,64E-05;0;4,23E-06;0;0;0;0,009;0,009;0,48385942;0,24887213;0,0001;0;0,0001
2017-03-18 06:00:00+00:00;0,00033735;0;3,02E-05;0;0;0;0,005;0,005;0,50277736;0,24548612;0,0001;0;0,0001
2017-03-18 07:00:00+00:00;0,00043842;0;7,09E-05;0;0;0;0,013;0,013;0,5789707;0,25056514;0,0001;0;0,0001
2017-03-18 08:00:00+00:00;0,00036406;0;0,000118;0;0;0,091926094;0,026;0,026;0,58996622;0,46252971;0,0001;0,091926094;0,0001
2017-03-18 09:00:00+00:00;0,00011287;0;0,00017172;0;0;0,250049399;0,025;0,025;0,58491956;0,4608367;0,0001;0,250049399;0,0001
2017-03-18 10:00:00+00:00;7,43E-05;0;0,00022816;0;0;0,389857956;0,025;0,025;0,56134967;0,54210107;0,0001;0,389857956;0,0001
2017-03-18 11:00:00+00:00;7,42E-05;0;0,00028626;0;0;0,520370064;0,018;0,018;0,58191693;0,57663842;0,0001;0,520370064;0,0001
2017-03-18 12:00:00+00:00;7,58E-05;0;0,00034557;0;0;0,613683042;0,014;0,014;0,48887789;0,57460682;0,0001;0,613683042;0,0001
2017-03-18 13:00:00+00:00;7,21E-05;0;0,00037549;0;0;0,644446089;0,014;0,014;0,55924924;0,56411017;0,0001;0,644446089;0,0001
2017-03-18 14:00:00+00:00;7,25E-05;0;0,00037351;0;0;0,617349513;0,016;0,016;0,57123154;0,58815088;0,0001;0,617349513;0,0001
2017-03-18 15:00:00+00:00;7,93E-05;0;0,0003695;0;0;0,553691668;0,017;0,017;0,63131221;0,57663842;0,0001;0,553691668;0,0001
2017-03-18 16:00:00+00:00;8,19E-05;0;0,00033932;0;0;0,441969769;0,016;0,016;0,60316085;0,56952779;0,0001;0,441969769;0,0001
2017-03-18 17:00:00+00:00;0,00010614;0;0,00028456;0;0;0,299963559;0,018;0,018;0,59347633;0,77607474;0,0001;0,299963559;0,0001
2017-03-18 18:00:00+00:00;0,00039759;0;0,00023215;0;0;0,137886555;0,025;0,025;0,76741705;0,8790096;0,0001;0,137886555;0,0001
2017-03-18 19:00:00+00:00;0,00041738;0;0,00018031;0;0;0,014294025;0,016;0,016;0,88023394;0,87020596;0,0001;0,014294025;0,0001
2017-03-18 20:00:00+00:00;0,00010584;0;0,00012872;0;0;0;0,009;0,009;0,81954711;0,87968681;0,0001;0;0,0001
2017-03-18 21:00:00+00:00;5,22E-05;0;8,01E-05;0;0;0;0,007;0,007;0,698836;0,87257617;0,0001;0;0,0001
2017-03-18 22:00:00+00:00;3,23E-05;0;3,78E-05;0;0;0;0,005;0,005;0,62970517;0,58442626;0,0001;0;0,0001
2017-03-18 23:00:00+00:00;6,67E-06;0;6,46E-06;0;0;0;0,001;0,001;0,5700897;0,47031754;0,0001;0;0,0001
2017-03-19 00:00:00+00:00;1,51E-06;0;0;0;0;0;0;0;0,4515354;0,47370356;0,0001;0;0,0001
2017-03-19 01:00:00+00:00;1,16E-05;0;0;0;0;0;0;0;0,43189852;0,23092625;0,0001;0;0,0001
2017-03-19 02:00:00+00:00;1,77E-05;0;0;0;0;0;0,001;0,001;0,41238852;0,24853353;0,0001;0;0,0001
2017-03-19 03:00:00+00:00;2,36E-05;0;0;0;0;0;0,003;0,003;0,41099293;0,24717913;0,0001;0;0,0001
2017-03-19 04:00:00+00:00;3,25E-05;0;0;0;0;0;0,005;0,005;0,420029;0,24751773;0,0001;0;0,0001
2017-03-19 05:00:00+00:00;7,57E-05;0;4,08E-06;0;0;0;0,004;0,004;0,47172205;0,25158095;0,0001;0;0,0001
2017-03-19 06:00:00+00:00;0,00033517;0;3,00E-05;0;0;0;0,002;0,002;0,48494487;0,24785633;0,0001;0;0,0001
2017-03-19 07:00:00+00:00;0,00043969;0;6,99E-05;0;0;0;0,002;0,002;0,51891822;0,25530556;0,0001;0;0,0001
2017-03-19 08:00:00+00:00;0,00036223;0;0,0001192;0;0;0,127696921;0,01;0,01;0,565184;0,50045308;0,0001;0,127696921;0,0001
2017-03-19 09:00:00+00:00;0,00011379;0;0,00017322;0;0;0,344758453;0,024;0,024;0,58769663;0,51738316;0,0001;0,344758453;0,0001
2017-03-19 10:00:00+00:00;7,54E-05;0;0,00022898;0;0;0,565688817;0,047;0,047;0,61442421;0,51975337;0,0001;0,565688817;0,0001
2017-03-19 11:00:00+00:00;7,60E-05;0;0,00028546;0;0;0,684183908;0,06;0,06;0,64315354;0,51602875;0,0001;0,684183908;0,0001
2017-03-19 12:00:00+00:00;7,49E-05;0;0,00034522;0;0;0,769931108;0,063;0,063;0,64889095;0,49029503;0,0001;0,769931108;0,0001
2017-03-19 13:00:00+00:00;8,03E-05;0;0,00037447;0;0;0,79868813;0,043;0,043;0,62523648;0,49401965;0,0001;0,79868813;0,0001
2017-03-19 14:00:00+00:00;7,58E-05;0;0,00037401;0;0;0,769941699;0,024;0,024;0,65369796;0,49198804;0,0001;0,769941699;0,0001
2017-03-19 15:00:00+00:00;7,64E-05;0;0,00036868;0;0;0,68155542;0,02;0,02;0,64037647;0,49232664;0,0001;0,68155542;0,0001
2017-03-19 16:00:00+00:00;7,88E-05;0;0,00033987;0;0;0,544452131;0,024;0,024;0,66139483;0,50079168;0,0001;0,544452131;0,0001
2017-03-19 17:00:00+00:00;0,00010566;0;0,00028628;0;0;0,359086089;0,045;0,045;0,6672873;0,72630031;0,0001;0,359086089;0,0001
2017-03-19 18:00:00+00:00;0,00040504;0;0,00023248;0;0;0,147151696;0,085;0,085;0,75535017;0,88408863;0,0001;0,147151696;0,0001
2017-03-19 19:00:00+00:00;0,00041626;0;0,00018059;0;0;0,015060839;0,136;0,136;0,80302563;0,88510443;0,0001;0,015060839;0,0001
2017-03-19 20:00:00+00:00;0,0001058;0;0,00012742;0;0;0;0,174;0,174;0,76014309;0,88002541;0,0001;0;0,0001
2017-03-19 21:00:00+00:00;5,19E-05;0;7,72E-05;0;0;0;0,204;0,204;0,67962203;0,87528499;0,0001;0;0,0001
2017-03-19 22:00:00+00:00;3,23E-05;0;3,60E-05;0;0;0;0,211;0,211;0,66016841;0,34943679;0,0001;0;0,0001
2017-03-19 23:00:00+00:00;7,01E-06;0;6,13E-06;0;0;0;0,205;0,205;0,54912772;0,23397366;0,0001;0;0,0001
2017-03-20 00:00:00+00:00;1,66E-06;0;0;0;0;0;0,211;0,211;0,4741749;0,23261926;0,0001;0;0,0001
2017-03-20 01:00:00+00:00;1,22E-05;0;0;0;0;0;0,226;0,226;0,46381373;0,23295786;0,0001;0;0,0001
2017-03-20 02:00:00+00:00;1,79E-05;0;0;0;0;0;0,235;0,235;0,44048349;0,23261926;0,0001;0;0,0001
2017-03-20 03:00:00+00:00;2,36E-05;0;0;0;0;0;0,236;0,236;0,43990552;0,24785633;0,0001;0;0,0001
2017-03-20 04:00:00+00:00;3,22E-05;0;0;0;0;0;0,238;0,238;0,48762327;0,24616332;0,0001;0;0,0001
2017-03-20 05:00:00+00:00;7,41E-05;0;4,23E-06;0;0;0;0,235;0,235;0,5025941;0,24751773;0,0001;0;0,0001
2017-03-20 06:00:00+00:00;0,00033604;0;3,06E-05;0;0;0;0,199;0,199;0,51449182;0,25395116;0,0001;0;0,0001
2017-03-20 07:00:00+00:00;0,00044422;0;7,08E-05;0;0;0;0,106;0,106;0,5771663;0,25259675;0,0001;0;0,0001
2017-03-20 08:00:00+00:00;0,00036333;0;0,00011946;0;0;0,148330696;0,1;0,1;0,59232039;0,24887213;0,0001;0,148330696;0,0001
2017-03-20 09:00:00+00:00;0,00011293;0;0,00017234;0;0;0,382365389;0,141;0,141;0,58494775;0,24819493;0,0001;0,382365389;0,0001
2017-03-20 10:00:00+00:00;7,40E-05;0;0,00022869;0;0;0,58163291;0,162;0,162;0,55871356;0,3297979;0,0001;0,58163291;0,0001
2017-03-20 11:00:00+00:00;7,64E-05;0;0,00028683;0;0;0,72720385;0,143;0,143;0,5416423;0,3741547;0,0001;0,72720385;0,0001
2017-03-20 12:00:00+00:00;7,76E-05;0;0,00034651;0;0;0,81017836;0,105;0,105;0,55623252;0,50620931;0,0001;0,81017836;0,0001
2017-03-20 13:00:00+00:00;7,57E-05;0;0,00037724;0;0;0,816979833;0,073;0,073;0,50362317;0,51128833;0,0001;0,816979833;0,0001
2017-03-20 14:00:00+00:00;7,70E-05;0;0,00037464;0;0;0,783349437;0,054;0,054;0,57522094;0,52618679;0,0001;0,783349437;0,0001
2017-03-20 15:00:00+00:00;7,80E-05;0;0,00036865;0;0;0,687154175;0,037;0,037;0,69818755;0,56140136;0,0001;0,687154175;0,0001
2017-03-20 16:00:00+00:00;7,92E-05;0;0,00034059;0;0;0,540325241;0,015;0,015;0,67477272;0,56343297;0,0001;0,540325241;0,0001
2017-03-20 17:00:00+00:00;0,00010637;0;0,0002856;0;0;0,36562038;0,02;0,02;0,68442904;0,76523948;0,0001;0,36562038;0,0001
2017-03-20 18:00:00+00:00;0,00040341;0;0,00023273;0;0;0,156357412;0,06;0,06;0,76175013;0,8779938;0,0001;0,156357412;0,0001
2017-03-20 19:00:00+00:00;0,0004216;0;0,00017924;0;0;0,015280062;0,131;0,131;0,7716602;0,87325338;0,0001;0,015280062;0,0001
2017-03-20 20:00:00+00:00;0,00010497;0;0,00012506;0;0;0;0,186;0,186;0,71929049;0,8793482;0,0001;0;0,0001
2017-03-20 21:00:00+00:00;5,23E-05;0;7,74E-05;0;0;0;0,208;0,208;0,71001478;0,83837742;0,0001;0;0,0001
2017-03-20 22:00:00+00:00;3,23E-05;0;3,58E-05;0;0;0;0,189;0,189;0,68751625;0,29153593;0,0001;0;0,0001
2017-03-20 23:00:00+00:00;6,74E-06;0;6,17E-06;0;0;0;0,174;0,174;0,60192033;0,17742721;0,0001;0;0,0001
2017-03-21 00:00:00+00:00;1,82E-06;0;0;0;0;0;0,171;0,171;0,52289353;0,1753956;0,0001;0;0,0001
2017-03-21 01:00:00+00:00;1,16E-05;0;0;0;0;0;0,155;0,155;0,45180324;0,17708861;0,0001;0;0,0001
2017-03-21 02:00:00+00:00;1,83E-05;0;0;0;0;0;0,115;0,115;0,45049223;0,1757342;0,0001;0;0,0001
2017-03-21 03:00:00+00:00;2,44E-05;0;0;0;0;0;0,077;0,077;0,41131716;0,19232568;0,0001;0;0,0001
2017-03-21 04:00:00+00:00;3,30E-05;0;0;0;0;0;0,052;0,052;0,40994977;0,19266428;0,0001;0;0,0001
2017-03-21 05:00:00+00:00;7,56E-05;0;4,10E-06;0;0;0;0,041;0,041;0,42506156;0,19469589;0,0001;0;0,0001
2017-03-21 06:00:00+00:00;0,00034059;0;3,04E-05;0;0;0;0,029;0,029;0,41883076;0,18419924;0,0001;0;0,0001
2017-03-21 07:00:00+00:00;0,00044224;0;7,01E-05;0;0;0;0,037;0,037;0,39705117;0,19334148;0,0001;0;0,0001
2017-03-21 08:00:00+00:00;0,00036741;0;0,00011917;0;0;0,095420262;0,025;0,025;0,46420844;0,17167098;0,0001;0,095420262;0,0001
2017-03-21 09:00:00+00:00;0,00011546;0;0,00017096;0;0;0,276039688;0,016;0,016;0,50947335;0,17167098;0,0001;0,276039688;0,0001
2017-03-21 10:00:00+00:00;7,75E-05;0;0,00022758;0;0;0,436168165;0,006;0,006;0,49853421;0,17099378;0,0001;0,436168165;0,0001
2017-03-21 11:00:00+00:00;7,58E-05;0;0,00028662;0;0;0,57860447;0,002;0,002;0,52646002;0,27596026;0,0001;0,57860447;0,0001
2017-03-21 12:00:00+00:00;7,44E-05;0;0,00034555;0;0;0,649271853;0,001;0,001;0,44789842;0,28239369;0,0001;0,649271853;0,0001
2017-03-21 13:00:00+00:00;7,52E-05;0;0,00037494;0;0;0,658959734;0,001;0,001;0,46602693;0,37821792;0,0001;0,658959734;0,0001
2017-03-21 14:00:00+00:00;7,41E-05;0;0,00037449;0;0;0,633822788;0,001;0,001;0,42197436;0,48487741;0,0001;0,633822788;0,0001
2017-03-21 15:00:00+00:00;7,42E-05;0;0,00036929;0;0;0,576655128;0;0;0,52927939;0,45372607;0,0001;0,576655128;0,0001
2017-03-21 16:00:00+00:00;7,93E-05;0;0,00034112;0;0;0,402073587;0;0;0,51404072;0,45711208;0,0001;0,402073587;0,0001
2017-03-21 17:00:00+00:00;0,0001082;0;0,00028619;0;0;0,2733442;0;0;0,60344279;0,75169542;0,0001;0,2733442;0,0001
2017-03-21 18:00:00+00:00;0,00039982;0;0,00023215;0;0;0,10450983;0,001;0,001;0,73677055;0,85022847;0,0001;0,10450983;0,0001
2017-03-21 19:00:00+00:00;0,0004213;0;0,00018086;0;0;0,008642426;0,002;0,002;0,7494436;0,87393058;0,0001;0,008642426;0,0001
2017-03-21 20:00:00+00:00;0,00010449;0;0,00012643;0;0;0;0,004;0,004;0,75357397;0,84074763;0,0001;0;0,0001
2017-03-21 21:00:00+00:00;5,25E-05;0;7,77E-05;0;0;0;0,011;0,011;0,71844468;0,83295979;0,0001;0;0,0001
2017-03-21 22:00:00+00:00;3,22E-05;0;3,70E-05;0;0;0;0,026;0,026;0,64578965;0,55496793;0,0001;0;0,0001
2017-03-21 23:00:00+00:00;6,80E-06;0;6,00E-06;0;0;0;0,058;0,058;0,57204915;0,20722414;0,0001;0;0,0001
2017-03-22 00:00:00+00:00;1,40E-07;0;0;0;0;0;0,077;0,077;0,49319152;0,20214512;0,0001;0;0,0001
2017-03-22 01:00:00+00:00;8,82E-06;0;0;0;0;0;0,065;0,065;0,46536438;0,20316092;0,0001;0;0,0001
2017-03-22 02:00:00+00:00;1,41E-05;0;0;0;0;0;0,049;0,049;0,43879187;0,20316092;0,0001;0;0,0001
2017-03-22 03:00:00+00:00;1,94E-05;0;0;0;0;0;0,062;0,062;0,42492059;0,22110681;0,0001;0;0,0001
2017-03-22 04:00:00+00:00;2,74E-05;0;0;0;0;0;0,101;0,101;0,43848174;0,22686303;0,0001;0;0,0001
2017-03-22 05:00:00+00:00;6,88E-05;0;4,05E-06;0;0;0;0,091;0,091;0,4905836;0,2207682;0,0001;0;0,0001
2017-03-22 06:00:00+00:00;0,00033366;0;2,96E-05;0;0;0;0,046;0,046;0,52069442;0,22449282;0,0001;0;0,0001
2017-03-22 07:00:00+00:00;0,00042796;0;7,04E-05;0;0;0;0,01;0,01;0,60641722;0,25632137;0,0001;0;0,0001
2017-03-22 08:00:00+00:00;0,00034583;0;0,00011916;0;0;0,068071501;0,001;0,001;0,63411748;0,24921073;0,0001;0,068071501;0,0001
2017-03-22 09:00:00+00:00;8,30E-05;0;0,00017285;0;0;0,231153832;0,001;0,001;0,66858421;0,2854411;0,0001;0,231153832;0,0001
2017-03-22 10:00:00+00:00;4,24E-05;0;0,00022854;0;0;0,388249755;0,004;0,004;0,66747056;0,27494445;0,0001;0,388249755;0,0001
2017-03-22 11:00:00+00:00;4,23E-05;0;0,0002854;0;0;0,51964876;0,001;0,001;0,62199421;0,25598277;0,0001;0,51964876;0,0001
2017-03-22 12:00:00+00:00;4,30E-05;0;0,00034341;0;0;0,608464379;0;0;0,67368726;0,25869158;0,0001;0,608464379;0,0001
2017-03-22 13:00:00+00:00;4,18E-05;0;0,00037645;0;0;0,659832671;0;0;0,6491165;0,26038459;0,0001;0,659832671;0,0001
2017-03-22 14:00:00+00:00;4,24E-05;0;0,00037582;0;0;0,620772883;0;0;0,68851712;0,47404216;0,0001;0,620772883;0,0001
2017-03-22 15:00:00+00:00;4,64E-05;0;0,00036973;0;0;0,493794197;0;0;0,65688385;0,47268775;0,0001;0,493794197;0,0001
2017-03-22 16:00:00+00:00;5,52E-05;0;0,00034102;0;0;0,357708035;0;0;0,66194461;0,47810538;0,0001;0,357708035;0,0001
2017-03-22 17:00:00+00:00;8,86E-05;0;0,00028724;0;0;0,214500938;0,001;0,001;0,66080277;0,74560059;0,0001;0,214500938;0,0001
2017-03-22 18:00:00+00:00;0,00038999;0;0,00023197;0;0;0,093969174;0,004;0,004;0,81994182;0,90338891;0,0001;0,093969174;0,0001
2017-03-22 19:00:00+00:00;0,00041442;0;0,00017975;0;0;0,007076464;0,011;0,011;0,87701986;0,89864849;0,0001;0,007076464;0,0001
2017-03-22 20:00:00+00:00;9,99E-05;0;0,00012769;0;0;0;0,03;0,03;0,80887581;0,89560108;0,0001;0;0,0001
2017-03-22 21:00:00+00:00;4,80E-05;0;7,99E-05;0;0;0;0,054;0,054;0,70959188;0,86275673;0,0001;0;0,0001
2017-03-22 22:00:00+00:00;2,85E-05;0;3,69E-05;0;0;0;0,071;0,071;0,71561122;0,33758574;0,0001;0;0,0001
2017-03-22 23:00:00+00:00;4,53E-06;0;6,29E-06;0;0;0;0,068;0,068;0,65513584;0,21094876;0,0001;0;0,0001
2017-03-23 00:00:00+00:00;6,00E-08;0;0;0;0;0;0,036;0,036;0,68455591;0,20925575;0,0001;0;0,0001
2017-03-23 01:00:00+00:00;8,87E-06;0;0;0;0;0;0,005;0,005;0,64794646;0,21230317;0,0001;0;0,0001
2017-03-23 02:00:00+00:00;1,41E-05;0;0;0;0;0;0,007;0,007;0,59835383;0,21162596;0,0001;0;0,0001
2017-03-23 03:00:00+00:00;1,95E-05;0;0;0;0;0;0,061;0,061;0,59303933;0,21061016;0,0001;0;0,0001
2017-03-23 04:00:00+00:00;2,75E-05;0;0;0;0;0;0,091;0,091;0,60713615;0,21298037;0,0001;0;0,0001
2017-03-23 05:00:00+00:00;6,90E-05;0;4,12E-06;0;0;0;0,077;0,077;0,67418065;0,22686303;0,0001;0;0,0001
2017-03-23 06:00:00+00:00;0,00032572;0;3,05E-05;0;0;0;0,056;0,056;0,68012951;0,22584723;0,0001;0;0,0001
2017-03-23 07:00:00+00:00;0,00043143;0;7,09E-05;0;0;0;0,022;0,022;0,69553734;0,22178401;0,0001;0;0,0001
2017-03-23 08:00:00+00:00;0,00034522;0;0,00011888;0;0;0,081757099;0,012;0,012;0,67943877;0,25462836;0,0001;0,081757099;0,0001
2017-03-23 09:00:00+00:00;8,40E-05;0;0,00017229;0;0;0,253166761;0,015;0,015;0,71053636;0,33758574;0,0001;0,253166761;0,0001
2017-03-23 10:00:00+00:00;4,25E-05;0;0,00022808;0;0;0,432669323;0,008;0,008;0,71583677;0,37923373;0,0001;0,432669323;0,0001
2017-03-23 11:00:00+00:00;4,23E-05;0;0,00028473;0;0;0,561392759;0,006;0,006;0,67714098;0,36772128;0,0001;0,561392759;0,0001
2017-03-23 12:00:00+00:00;4,29E-05;0;0,00034371;0;0;0,665847205;0,007;0,007;0,69390211;0,33927874;0,0001;0,665847205;0,0001
2017-03-23 13:00:00+00:00;4,17E-05;0;0,00037606;0;0;0,74602273;0,006;0,006;0,71043769;0,56783479;0,0001;0,74602273;0,0001
2017-03-23 14:00:00+00:00;4,23E-05;0;0,00037408;0;0;0,737935695;0,004;0,004;0,71453986;0,53634484;0,0001;0,737935695;0,0001
2017-03-23 15:00:00+00:00;4,65E-05;0;0,00036798;0;0;0,668373095;0,004;0,004;0,73717936;0,54311687;0,0001;0,668373095;0,0001
2017-03-23 16:00:00+00:00;5,52E-05;0;0,00034092;0;0;0,541054251;0,007;0,007;0,72986311;0,54243967;0,0001;0,541054251;0,0001
2017-03-23 17:00:00+00:00;8,87E-05;0;0,00028737;0;0;0,353406575;0,015;0,015;0,71875481;0,77133431;0,0001;0,353406575;0,0001
2017-03-23 18:00:00+00:00;0,0003954;0;0,00023117;0;0;0,154320419;0,036;0,036;0,81744668;0,9000029;0,0001;0,154320419;0,0001
2017-03-23 19:00:00+00:00;0,00041741;0;0,00018082;0;0;0,009632911;0,073;0,073;0,89582503;0,88781324;0,0001;0,009632911;0,0001
2017-03-23 20:00:00+00:00;9,99E-05;0;0,00012732;0;0;0;0,1;0,1;0,80260273;0,88645884;0,0001;0;0,0001
2017-03-23 21:00:00+00:00;4,80E-05;0;7,83E-05;0;0;0;0,114;0,114;0,71587906;0,86241813;0,0001;0;0,0001
2017-03-23 22:00:00+00:00;2,85E-05;0;3,69E-05;0;0;0;0,122;0,122;0,70708264;0,33555413;0,0001;0;0,0001
2017-03-23 23:00:00+00:00;4,51E-06;0;6,15E-06;0;0;0;0,116;0,116;0,68203258;0,21162596;0,0001;0;0,0001
2017-03-24 00:00:00+00:00;1,42E-06;0;0;0;0;0;0,102;0,102;0,68740347;0,2187366;0,0001;0;0,0001
2017-03-24 01:00:00+00:00;1,17E-05;0;0;0;0;0;0,087;0,087;0,67685905;0,22347702;0,0001;0;0,0001
2017-03-24 02:00:00+00:00;1,80E-05;0;0;0;0;0;0,078;0,078;0,64249099;0,22279981;0,0001;0;0,0001
2017-03-24 03:00:00+00:00;2,38E-05;0;0;0;0;0;0,073;0,073;0,62448934;0,22178401;0,0001;0;0,0001
2017-03-24 04:00:00+00:00;3,25E-05;0;0;0;0;0;0,081;0,081;0,64099673;0,22584723;0,0001;0;0,0001
2017-03-24 05:00:00+00:00;7,75E-05;0;3,81E-06;0;0;0;0,1;0,1;0,71434251;0,22212261;0,0001;0;0,0001
2017-03-24 06:00:00+00:00;0,00034328;0;2,90E-05;0;0;0;0,122;0,122;0,70845003;0,22584723;0,0001;0;0,0001
2017-03-24 07:00:00+00:00;0,0004474;0;7,03E-05;0;0;0;0,04;0,04;0,72170105;0,22347702;0,0001;0;0,0001
2017-03-24 08:00:00+00:00;0,0003696;0;0,00011899;0;0;0,114460834;0,043;0,043;0,72185611;0,25428976;0,0001;0,114460834;0,0001
2017-03-24 09:00:00+00:00;0,00011589;0;0,00017254;0;0;0,316919038;0,094;0,094;0,72570455;0,25090374;0,0001;0,316919038;0,0001
2017-03-24 10:00:00+00:00;7,68E-05;0;0,00022866;0;0;0,547996503;0,111;0,111;0,73075121;0,32268727;0,0001;0,547996503;0,0001
2017-03-24 11:00:00+00:00;7,62E-05;0;0,00028609;0;0;0,682526531;0,098;0,098;0,7210103;0,35417721;0,0001;0,682526531;0,0001
2017-03-24 12:00:00+00:00;7,44E-05;0;0,00034534;0;0;0,764185621;0,074;0,074;0,71950194;0,35485442;0,0001;0,764185621;0,0001
2017-03-24 13:00:00+00:00;7,39E-05;0;0,000374;0;0;0,826363673;0,056;0,056;0,72922875;0,35282281;0,0001;0,826363673;0,0001
2017-03-24 14:00:00+00:00;7,39E-05;0;0,00037341;0;0;0,774746075;0,044;0,044;0,71676716;0,58070164;0,0001;0,774746075;0,0001
2017-03-24 15:00:00+00:00;7,76E-05;0;0,00036879;0;0;0,643547226;0,033;0,033;0,72473187;0,57968584;0,0001;0,643547226;0,0001
2017-03-24 16:00:00+00:00;7,86E-05;0;0,00033942;0;0;0,487561038;0,029;0,029;0,7201645;0,56106276;0,0001;0,487561038;0,0001
2017-03-24 17:00:00+00:00;0,00010529;0;0,00028528;0;0;0,32569788;0,039;0,039;0,69745451;0,77810634;0,0001;0,32569788;0,0001
2017-03-24 18:00:00+00:00;0,00040951;0;0,00023283;0;0;0,137300025;0,077;0,077;0,79683713;0,88882905;0,0001;0,137300025;0,0001
2017-03-24 19:00:00+00:00;0,00042421;0;0,00018118;0;0;0,009053093;0,123;0,123;0,89997525;0,88618799;0,0001;0,009053093;0,0001
2017-03-24 20:00:00+00:00;0,00010513;0;0,00012778;0;0;0;0,158;0,158;0,82679885;0,88171844;0,0001;0;0,0001
2017-03-24 21:00:00+00:00;5,27E-05;0;7,92E-05;0;0;0;0,169;0,169;0,72368378;0,88016935;0,0001;0;0,0001
2017-03-24 22:00:00+00:00;3,20E-05;0;3,67E-05;0;0;0;0,162;0,162;0,70786509;0,35333072;0,0001;0;0,0001
2017-03-24 23:00:00+00:00;6,21E-06;0;6,51E-06;0;0;0;0,156;0,156;0,63926564;0,23807075;0,0001;0;0,0001
2017-03-25 00:00:00+00:00;1,73E-06;0;0;0;0;0;0,131;0,131;0,64445045;0,23532807;0,0001;0;0,0001
2017-03-25 01:00:00+00:00;1,23E-05;0;0;0;0;0;0,102;0,102;0,63218621;0,24006849;0,0001;0;0,0001
2017-03-25 02:00:00+00:00;1,78E-05;0;0;0;0;0;0,079;0,079;0,64639017;0,23837548;0,0001;0;0,0001
2017-03-25 03:00:00+00:00;2,49E-05;0;0;0;0;0;0,069;0,069;0,64115179;0,25225815;0,0001;0;0,0001
2017-03-25 04:00:00+00:00;3,30E-05;0;0;0;0;0;0,074;0,074;0,65120706;0,25428976;0,0001;0;0,0001
2017-03-25 05:00:00+00:00;7,68E-05;0;4,07E-06;0;0;0;0,095;0,095;0,70102524;0,23939129;0,0001;0;0,0001
2017-03-25 06:00:00+00:00;0,00034364;0;3,03E-05;0;0;0;0,12;0,12;0,70925214;0,2410843;0,0001;0;0,0001
2017-03-25 07:00:00+00:00;0,00044789;0;7,10E-05;0;0;0;0,055;0,055;0,67997022;0,23837548;0,0001;0;0,0001
2017-03-25 08:00:00+00:00;0,00037524;0;0,00011831;0;0;0,117692684;0,057;0,057;0,72017859;0,25225815;0,0001;0,117692684;0,0001
2017-03-25 09:00:00+00:00;0,00011699;0;0,00017122;0;0;0,321702798;0,114;0,114;0,72061559;0,28781131;0,0001;0,321702798;0,0001
2017-03-25 10:00:00+00:00;7,51E-05;0;0,00022597;0;0;0,523788272;0,149;0,149;0,72305434;0,30270978;0,0001;0,523788272;0,0001
2017-03-25 11:00:00+00:00;7,42E-05;0;0,00028446;0;0;0,645929434;0,14;0,14;0,62237482;0,2861183;0,0001;0,645929434;0,0001
2017-03-25 12:00:00+00:00;7,43E-05;0;0,00034395;0;0;0,75920095;0,104;0,104;0,71025443;0,28950432;0,0001;0,75920095;0,0001
2017-03-25 13:00:00+00:00;7,59E-05;0;0,00037589;0;0;0,786336494;0,077;0,077;0,70874607;0,27528305;0,0001;0,786336494;0,0001
2017-03-25 14:00:00+00:00;7,57E-05;0;0,00037521;0;0;0,748519391;0,063;0,063;0,70127475;0,4838616;0,0001;0,748519391;0,0001
2017-03-25 15:00:00+00:00;7,33E-05;0;0,00036762;0;0;0,634400292;0,051;0,051;0,7103813;0,49435825;0,0001;0,634400292;0,0001
2017-03-25 16:00:00+00:00;7,85E-05;0;0,00034057;0;0;0,490516512;0,035;0,035;0,70572935;0,49334245;0,0001;0,490516512;0,0001
2017-03-25 17:00:00+00:00;0,00010604;0;0,00028737;0;0;0,300580301;0,043;0,043;0,70921126;0,73882856;0,0001;0,300580301;0,0001
2017-03-25 18:00:00+00:00;0,00041415;0;0,00022999;0;0;0,126560683;0,091;0,091;0,82073124;0,89255366;0,0001;0,126560683;0,0001
2017-03-25 19:00:00+00:00;0,00042199;0;0,00017844;0;0;0,00581441;0,184;0,184;0,89012991;0,88036401;0,0001;0,00581441;0,0001
2017-03-25 20:00:00+00:00;0,00010476;0;0,00012915;0;0;0;0,234;0,234;0,80399831;0,86411114;0,0001;0;0,0001
2017-03-25 21:00:00+00:00;5,22E-05;0;7,75E-05;0;0;0;0,222;0,222;0,72306844;0,87257617;0,0001;0;0,0001
2017-03-25 22:00:00+00:00;3,24E-05;0;3,65E-05;0;0;0;0,18;0,18;0,69533999;0,35722463;0,0001;0;0,0001
2017-03-25 23:00:00+00:00;6,36E-06;0;6,23E-06;0;0;0;0,156;0,156;0,6646653;0,23194206;0,0001;0;0,0001
2017-03-26 00:00:00+00:00;1,76E-06;0;0;0;0;0;0,136;0,136;0,66260716;0,23363506;0,0001;0;0,0001
2017-03-26 01:00:00+00:00;1,19E-05;0;0;0;0;0;0,106;0,106;0,62933865;0,24988794;0,0001;0;0,0001
2017-03-26 02:00:00+00:00;1,79E-05;0;0;0;0;0;0,085;0,085;0,64767862;0,25022654;0,0001;0;0,0001
2017-03-26 03:00:00+00:00;2,36E-05;0;0;0;0;0;0,08;0,08;0,61900568;0,25056514;0,0001;0;0,0001
2017-03-26 04:00:00+00:00;3,24E-05;0;0;0;0;0;0,096;0,096;0,63234128;0,25801438;0,0001;0;0,0001
2017-03-26 05:00:00+00:00;7,69E-05;0;3,98E-06;0;0;0;0,112;0,112;0,68066519;0,24311591;0,0001;0;0,0001
2017-03-26 06:00:00+00:00;0,00034343;0;2,98E-05;0;0;0;0,116;0,116;0,69181578;0,23972989;0,0001;0;0,0001
2017-03-26 07:00:00+00:00;0,00044739;0;7,08E-05;0;0;0;0,049;0,049;0,71645703;0,23939129;0,0001;0;0,0001
2017-03-26 08:00:00+00:00;0,00036937;0;0,00011853;0;0;0,147415032;0,047;0,047;0,70028797;0,23837548;0,0001;0,147415032;0,0001
2017-03-26 09:00:00+00:00;0,0001155;0;0,00017157;0;0;0,369040335;0,087;0,087;0,70002013;0,2407457;0,0001;0,369040335;0,0001
2017-03-26 10:00:00+00:00;7,50E-05;0;0,00022807;0;0;0,583653716;0,091;0,091;0,70338927;0,23972989;0,0001;0,583653716;0,0001
2017-03-26 11:00:00+00:00;7,32E-05;0;0,00028539;0;0;0,72565752;0,088;0,088;0,70709674;0,31489943;0,0001;0,72565752;0,0001
2017-03-26 12:00:00+00:00;7,43E-05;0;0,00034354;0;0;0,781718301;0,088;0,088;0,70395315;0,34740518;0,0001;0,781718301;0,0001
2017-03-26 13:00:00+00:00;7,45E-05;0;0,00037402;0;0;0,802027991;0,089;0,089;0,71157953;0,35011399;0,0001;0,802027991;0,0001
2017-03-26 14:00:00+00:00;7,61E-05;0;0,00037426;0;0;0,780880935;0,09;0,09;0,72421028;0,35587022;0,0001;0,780880935;0,0001
2017-03-26 15:00:00+00:00;8,04E-05;0;0,00037053;0;0;0,675491341;0,076;0,076;0,72298386;0,55801534;0,0001;0,675491341;0,0001
2017-03-26 16:00:00+00:00;8,05E-05;0;0,00034057;0;0;0,537437638;0,052;0,052;0,68984222;0,54311687;0,0001;0,537437638;0,0001
2017-03-26 17:00:00+00:00;0,00010554;0;0,00028841;0;0;0,324840779;0,053;0,053;0,69755319;0,77709054;0,0001;0,324840779;0,0001
2017-03-26 18:00:00+00:00;0,00041535;0;0,00023533;0;0;0,135671554;0,081;0,081;0,77304169;0,88002541;0,0001;0,135671554;0,0001
2017-03-26 19:00:00+00:00;0,00042888;0;0,0001811;0;0;0,006805513;0,113;0,113;0,86770186;0,87596219;0,0001;0,006805513;0,0001
2017-03-26 20:00:00+00:00;0,0001048;0;0,00012764;0;0;0;0,147;0,147;0,78905568;0,88273422;0,0001;0;0,0001
2017-03-26 21:00:00+00:00;5,22E-05;0;7,81E-05;0;0;0;0,171;0,171;0,69696112;0,86986736;0,0001;0;0,0001
2017-03-26 22:00:00+00:00;3,17E-05;0;3,64E-05;0;0;0;0,165;0,165;0,69087129;0,35553162;0,0001;0;0,0001
2017-03-26 23:00:00+00:00;6,77E-06;0;6,18E-06;0;0;0;0,146;0,146;0,66142303;0,23803688;0,0001;0;0,0001
2017-03-27 00:00:00+00:00;1,72E-06;0;0;0;0;0;0,128;0,128;0,66060541;0,2407457;0,0001;0;0,0001
2017-03-27 01:00:00+00:00;1,12E-05;0;0;0;0;0;0,102;0,102;0,68128545;0,23702108;0,0001;0;0,0001
2017-03-27 02:00:00+00:00;1,79E-05;0;0;0;0;0;0,071;0,071;0,64415442;0,24582472;0,0001;0;0,0001
2017-03-27 03:00:00+00:00;2,37E-05;0;0;0;0;0;0,057;0,057;0,64701607;0,25191955;0,0001;0;0,0001
2017-03-27 04:00:00+00:00;3,32E-05;0;0;0;0;0;0,065;0,065;0,65850498;0,25530556;0,0001;0;0,0001
2017-03-27 05:00:00+00:00;7,71E-05;0;3,99E-06;0;0;0;0,103;0,103;0,64951121;0,23668248;0,0001;0;0,0001
2017-03-27 06:00:00+00:00;0,0003443;0;2,96E-05;0;0;0;0,151;0,151;0,6091238;0,2417615;0,0001;0;0,0001
2017-03-27 07:00:00+00:00;0,00045235;0;7,03E-05;0;0;0;0,06;0,06;0,64717114;0,25293535;0,0001;0;0,0001
2017-03-27 08:00:00+00:00;0,00037559;0;0,00011827;0;0;0,116762679;0,105;0,105;0,65203454;0,25056514;0,0001;0,116762679;0,0001
2017-03-27 09:00:00+00:00;0,00011365;0;0,00017128;0;0;0,312865819;0,181;0,181;0,6282532;0,25395116;0,0001;0,312865819;0,0001
2017-03-27 10:00:00+00:00;7,18E-05;0;0,00022729;0;0;0,514094191;0,204;0,204;0,6486372;0,2857797;0,0001;0,514094191;0,0001
2017-03-27 11:00:00+00:00;7,48E-05;0;0,00028462;0;0;0,651270009;0,179;0,179;0,61355021;0,30406418;0,0001;0,651270009;0,0001
2017-03-27 12:00:00+00:00;7,63E-05;0;0,00034493;0;0;0,731334212;0,128;0,128;0,64636762;0,30067817;0,0001;0,731334212;0,0001
2017-03-27 13:00:00+00:00;7,62E-05;0;0,00037567;0;0;0,780588847;0,083;0,083;0,67767667;0,28713411;0,0001;0,780588847;0,0001
2017-03-27 14:00:00+00:00;7,48E-05;0;0,00037532;0;0;0,739093177;0,056;0,056;0,6770564;0,28205508;0,0001;0,739093177;0,0001
2017-03-27 15:00:00+00:00;7,85E-05;0;0,00037058;0;0;0,648382319;0,035;0,035;0,61025155;0,38973037;0,0001;0,648382319;0,0001
2017-03-27 16:00:00+00:00;7,87E-05;0;0,00034102;0;0;0,522507412;0,029;0,029;0,65880102;0,49469685;0,0001;0,522507412;0,0001
2017-03-27 17:00:00+00:00;0,00010718;0;0,0002876;0;0;0,330679314;0,025;0,025;0,71317247;0,62099523;0,0001;0,330679314;0,0001
2017-03-27 18:00:00+00:00;0,00041211;0;0,00023208;0;0;0,157218312;0,024;0,024;0,75956512;0,88307282;0,0001;0,157218312;0,0001
2017-03-27 19:00:00+00:00;0,00042936;0;0,00017973;0;0;0,007300346;0,046;0,046;0,75330613;0,88002541;0,0001;0,007300346;0,0001
2017-03-27 20:00:00+00:00;0,00010525;0;0,00012603;0;0;0;0,075;0,075;0,75272816;0,87325338;0,0001;0;0,0001
2017-03-27 21:00:00+00:00;5,22E-05;0;7,87E-05;0;0;0;0,081;0,081;0,71242534;0,88849045;0,0001;0;0,0001
2017-03-27 22:00:00+00:00;3,17E-05;0;3,70E-05;0;0;0;0,06;0,06;0,71618919;0,37584771;0,0001;0;0,0001
2017-03-27 23:00:00+00:00;6,90E-06;0;6,44E-06;0;0;0;0,044;0,044;0,70477076;0,24616332;0,0001;0;0,0001
2017-03-28 00:00:00+00:00;2,02E-06;0;0;0;0;0;0,048;0,048;0,70474257;0,24514752;0,0001;0;0,0001
2017-03-28 01:00:00+00:00;1,20E-05;0;0;0;0;0;0,062;0,062;0,70395315;0,24413171;0,0001;0;0,0001
2017-03-28 02:00:00+00:00;1,75E-05;0;0;0;0;0;0,087;0,087;0,6983849;0,24954934;0,0001;0;0,0001
2017-03-28 03:00:00+00:00;2,42E-05;0;0;0;0;0;0,105;0,105;0,68822109;0,24988794;0,0001;0;0,0001
2017-03-28 04:00:00+00:00;3,28E-05;0;0;0;0;0;0,15;0,15;0,68992681;0,25090374;0,0001;0;0,0001
2017-03-28 05:00:00+00:00;7,81E-05;0;4,33E-06;0;0;0;0,134;0,134;0,70110559;0,25158095;0,0001;0;0,0001
2017-03-28 06:00:00+00:00;0,00034826;0;3,06E-05;0;0;0;0,095;0,095;0,60272385;0,25361255;0,0001;0;0,0001
2017-03-28 07:00:00+00:00;0,00044389;0;7,13E-05;0;0;0;0,055;0,055;0,61391672;0,25293535;0,0001;0;0,0001
2017-03-28 08:00:00+00:00;0,00037393;0;0,00012046;0;0;0,115852915;0,036;0,036;0,62588493;0,25564416;0,0001;0,115852915;0,0001
2017-03-28 09:00:00+00:00;0,00011473;0;0,00017346;0;0;0,330985365;0,05;0,05;0,65829353;0,28070068;0,0001;0,330985365;0,0001
2017-03-28 10:00:00+00:00;7,56E-05;0;0,00022788;0;0;0,47692792;0,069;0,069;0,64741078;0,28679551;0,0001;0,47692792;0,0001
2017-03-28 11:00:00+00:00;7,62E-05;0;0,00028595;0;0;0,647635008;0,057;0,057;0,64683281;0,29322894;0,0001;0,647635008;0,0001
2017-03-28 12:00:00+00:00;7,68E-05;0;0,00034381;0;0;0,738250366;0,033;0,033;0,64133505;0,28239369;0,0001;0,738250366;0,0001
2017-03-28 13:00:00+00:00;7,49E-05;0;0,00037416;0;0;0,790091286;0,02;0,02;0,69744041;0,28408669;0,0001;0,790091286;0,0001
2017-03-28 14:00:00+00:00;7,63E-05;0;0,00037295;0;0;0,739369788;0,012;0,012;0,69005368;0,28814991;0,0001;0,739369788;0,0001
2017-03-28 15:00:00+00:00;7,78E-05;0;0,00036945;0;0;0,615334183;0,007;0,007;0,73709478;0,29085872;0,0001;0,615334183;0,0001
2017-03-28 16:00:00+00:00;7,96E-05;0;0,00034209;0;0;0,463394885;0,005;0,005;0,70223333;0,46727013;0,0001;0,463394885;0,0001
2017-03-28 17:00:00+00:00;0,00010728;0;0,00028633;0;0;0,28126448;0,006;0,006;0,6943673;0,7462778;0,0001;0,28126448;0,0001
2017-03-28 18:00:00+00:00;0,00041433;0;0,00023257;0;0;0,14289591;0,009;0,009;0,7574365;0,8573391;0,0001;0,14289591;0,0001
2017-03-28 19:00:00+00:00;0,00043208;0;0,00017985;0;0;0,004153718;0,02;0,02;0,75578717;0,88137981;0,0001;0,004153718;0,0001
2017-03-28 20:00:00+00:00;0,00010661;0;0,00012668;0;0;0;0,068;0,068;0,75809905;0,88612024;0,0001;0;0,0001
2017-03-28 21:00:00+00:00;5,23E-05;0;7,81E-05;0;0;0;0,12;0,12;0,69586157;0,86986736;0,0001;0;0,0001
2017-03-28 22:00:00+00:00;3,23E-05;0;3,69E-05;0;0;0;0,103;0,103;0,70833726;0,36636687;0,0001;0;0,0001
2017-03-28 23:00:00+00:00;6,74E-06;0;6,05E-06;0;0;0;0,102;0,102;0,69782103;0,23905269;0,0001;0;0,0001
2017-03-29 00:00:00+00:00;1,00E-07;0;0;0;0;0;0,095;0,095;0,70671612;0,23939129;0,0001;0;0,0001
2017-03-29 01:00:00+00:00;8,75E-06;0;0;0;0;0;0,128;0,128;0,70557428;0,24717913;0,0001;0;0,0001
2017-03-29 02:00:00+00:00;1,40E-05;0;0;0;0;0;0,154;0,154;0,69627038;0,23735968;0,0001;0;0,0001
2017-03-29 03:00:00+00:00;1,93E-05;0;0;0;0;0;0,156;0,156;0,68255417;0,23905269;0,0001;0;0,0001
2017-03-29 04:00:00+00:00;2,73E-05;0;0;0;0;0;0,169;0,169;0,6970739;0,2417615;0,0001;0;0,0001
2017-03-29 05:00:00+00:00;6,94E-05;0;3,92E-06;0;0;0;0,195;0,195;0,69013826;0,25158095;0,0001;0;0,0001
2017-03-29 06:00:00+00:00;0,00033405;0;3,00E-05;0;0;0;0,211;0,211;0,69856816;0,22178401;0,0001;0;0,0001
2017-03-29 07:00:00+00:00;0,00044197;0;6,94E-05;0;0;0;0,093;0,093;0,700584;0,25056514;0,0001;0;0,0001
2017-03-29 08:00:00+00:00;0,00035517;0;0,0001181;0;0;0,120301282;0,097;0,097;0,71779623;0,25733717;0,0001;0,120301282;0,0001
2017-03-29 09:00:00+00:00;8,46E-05;0;0,00017075;0;0;0,326336714;0,163;0,163;0,70388266;0,25090374;0,0001;0,326336714;0,0001
2017-03-29 10:00:00+00:00;4,25E-05;0;0,00022695;0;0;0,536273029;0,18;0,18;0,72068608;0,22415422;0,0001;0,536273029;0,0001
2017-03-29 11:00:00+00:00;4,24E-05;0;0,0002851;0;0;0,67606375;0,153;0,153;0,72446403;0,32844349;0,0001;0,67606375;0,0001
2017-03-29 12:00:00+00:00;4,30E-05;0;0,00034419;0;0;0,778400758;0,117;0,117;0,68805193;0,36704407;0,0001;0,778400758;0,0001
2017-03-29 13:00:00+00:00;4,18E-05;0;0,0003767;0;0;0,785371968;0,08;0,08;0,69206952;0,56952779;0,0001;0,785371968;0,0001
2017-03-29 14:00:00+00:00;4,24E-05;0;0,00037576;0;0;0,731329252;0,051;0,051;0,70876016;0,58341046;0,0001;0,731329252;0,0001
2017-03-29 15:00:00+00:00;4,65E-05;0;0,00036804;0;0;0,61374981;0,029;0,029;0,70938042;0,58307186;0,0001;0,61374981;0,0001
2017-03-29 16:00:00+00:00;5,53E-05;0;0,00034187;0;0;0,474420689;0,022;0,022;0,71105794;0,57494542;0,0001;0,474420689;0,0001
2017-03-29 17:00:00+00:00;8,91E-05;0;0,00028778;0;0;0,315579313;0,031;0,031;0,71117072;0,78081515;0,0001;0,315579313;0,0001
2017-03-29 18:00:00+00:00;0,00039927;0;0,00023279;0;0;0,133700268;0,072;0,072;0,79146624;0,87562359;0,0001;0,133700268;0,0001
2017-03-29 19:00:00+00:00;0,00042237;0;0,00018046;0;0;0,003152265;0,108;0,108;0,8884242;0,88205702;0,0001;0,003152265;0,0001
2017-03-29 20:00:00+00:00;9,97E-05;0;0,00012532;0;0;0;0,121;0,121;0,81441586;0,87630079;0,0001;0;0,0001
2017-03-29 21:00:00+00:00;4,81E-05;0;7,69E-05;0;0;0;0,113;0,113;0,73197763;0,88341142;0,0001;0;0,0001
2017-03-29 22:00:00+00:00;2,86E-05;0;3,64E-05;0;0;0;0,12;0,12;0,7063778;0,35383861;0,0001;0;0,0001
2017-03-29 23:00:00+00:00;4,57E-06;0;6,26E-06;0;0;0;0,109;0,109;0,71155134;0,24413171;0,0001;0;0,0001
2017-03-30 00:00:00+00:00;2,20E-07;0;0;0;0;0;0,071;0,071;0,69676377;0,23465087;0,0001;0;0,0001
2017-03-30 01:00:00+00:00;8,85E-06;0;0;0;0;0;0,037;0,037;0,69937168;0,23702108;0,0001;0;0,0001
2017-03-30 02:00:00+00:00;1,42E-05;0;0;0;0;0;0,017;0,017;0,68510569;0,24650192;0,0001;0;0,0001
2017-03-30 03:00:00+00:00;1,95E-05;0;0;0;0;0;0,01;0,01;0,68201849;0,24954934;0,0001;0;0,0001
2017-03-30 04:00:00+00:00;2,76E-05;0;0;0;0;0;0,009;0,009;0,69250652;0,25293535;0,0001;0;0,0001
2017-03-30 05:00:00+00:00;7,12E-05;0;4,13E-06;0;0;0;0,012;0,012;0,70482715;0,24887213;0,0001;0;0,0001
2017-03-30 06:00:00+00:00;0,00033754;0;3,01E-05;0;0;0;0,019;0,019;0,71032491;0,25293535;0,0001;0;0,0001
2017-03-30 07:00:00+00:00;0,00043536;0;7,12E-05;0;0;0;0,011;0,011;0,69921661;0,25158095;0,0001;0;0,0001
2017-03-30 08:00:00+00:00;0,00035587;0;0,00011871;0;0;0,12115558;0,002;0,002;0,72050282;0,25327395;0,0001;0,12115558;0,0001
2017-03-30 09:00:00+00:00;8,61E-05;0;0,00017137;0;0;0,319785795;0,002;0,002;0,68094713;0,28205508;0,0001;0,319785795;0,0001
2017-03-30 10:00:00+00:00;4,24E-05;0;0,0002271;0;0;0,497258972;0;0;0,69696112;0,29932376;0,0001;0,497258972;0,0001
2017-03-30 11:00:00+00:00;4,24E-05;0;0,00028392;0;0;0,652856577;0;0;0,69497347;0,29593775;0,0001;0,652856577;0,0001
2017-03-30 12:00:00+00:00;4,30E-05;0;0,00034353;0;0;0,750700054;0,001;0,001;0,70392495;0,29932376;0,0001;0,750700054;0,0001
2017-03-30 13:00:00+00:00;4,18E-05;0;0,00037439;0;0;0,767541331;0,003;0,003;0,70732229;0,29458334;0,0001;0,767541331;0,0001
2017-03-30 14:00:00+00:00;4,24E-05;0;0,00037416;0;0;0,753537208;0,002;0,002;0,71461035;0,28273229;0,0001;0,753537208;0,0001
2017-03-30 15:00:00+00:00;4,65E-05;0;0,00036943;0;0;0,6056095;0,001;0,001;0,73809566;0,49808287;0,0001;0,6056095;0,0001
2017-03-30 16:00:00+00:00;5,52E-05;0;0,00033996;0;0;0,469243121;0;0;0,70760422;0,5055321;0,0001;0,469243121;0,0001
2017-03-30 17:00:00+00:00;9,03E-05;0;0,00028615;0;0;0,30801295;0;0;0,71138217;0,74560059;0,0001;0,30801295;0,0001
2017-03-30 18:00:00+00:00;0,00040628;0;0,00023429;0;0;0,127160239;0;0;0,85625524;0,86614274;0,0001;0,127160239;0,0001
2017-03-30 19:00:00+00:00;0,00042324;0;0,00018185;0;0;0,001235488;0;0;0,88867794;0,88070261;0,0001;0,001235488;0,0001
2017-03-30 20:00:00+00:00;0,00010129;0;0,00012864;0;0;0;0,001;0,001;0,81641762;0,88239562;0,0001;0;0,0001
2017-03-30 21:00:00+00:00;4,79E-05;0;7,83E-05;0;0;0;0,001;0,001;0,73108953;0,88950625;0,0001;0;0,0001
2017-03-30 22:00:00+00:00;2,86E-05;0;3,68E-05;0;0;0;0,001;0,001;0,71043769;0,36264225;0,0001;0;0,0001
2017-03-30 23:00:00+00:00;4,47E-06;0;6,20E-06;0;0;0;0,001;0,001;0,71484999;0,24311591;0,0001;0;0,0001
2017-03-31 00:00:00+00:00;2,26E-06;0;0;0;0;0;0,002;0,002;0,69930119;0,23532807;0,0001;0;0,0001
2017-03-31 01:00:00+00:00;1,21E-05;0;0;0;0;0;0,01;0,01;0,69560783;0,23532807;0,0001;0;0,0001
2017-03-31 02:00:00+00:00;1,80E-05;0;0;0;0;0;0,037;0,037;0,69989326;0,2424387;0,0001;0;0,0001
2017-03-31 03:00:00+00:00;2,36E-05;0;0;0;0;0;0,082;0,082;0,69043429;0,23905269;0,0001;0;0,0001
2017-03-31 04:00:00+00:00;3,20E-05;0;0;0;0;0;0,123;0,123;0,69830032;0,23769828;0,0001;0;0,0001
2017-03-31 05:00:00+00:00;7,78E-05;0;4,27E-06;0;0;0;0,147;0,147;0,70767471;0,25530556;0,0001;0;0,0001
2017-03-31 06:00:00+00:00;0,00034773;0;2,98E-05;0;0;0;0,154;0,154;0,70444653;0,25124234;0,0001;0;0,0001
2017-03-31 07:00:00+00:00;0,00045532;0;7,00E-05;0;0;0;0,06;0,06;0,71152314;0,25191955;0,0001;0;0,0001
2017-03-31 08:00:00+00:00;0,00038347;0;0,00011878;0;0;0,114076696;0,026;0,026;0,70499631;0,25056514;0,0001;0,114076696;0,0001
2017-03-31 09:00:00+00:00;0,00011484;0;0,00016995;0;0;0,318982159;0,01;0,01;0,71576629;0,25361255;0,0001;0,318982159;0,0001
2017-03-31 10:00:00+00:00;7,76E-05;0;0,00022621;0;0;0,502505756;0,002;0,002;0,71565351;0,25191955;0,0001;0,502505756;0,0001
2017-03-31 11:00:00+00:00;7,60E-05;0;0,00028432;0;0;0,636010363;0,001;0,001;0,69550915;0,32404168;0,0001;0,636010363;0,0001
2017-03-31 12:00:00+00:00;7,65E-05;0;0,00034365;0;0;0,718196932;0,001;0,001;0,72855211;0,34097175;0,0001;0,718196932;0,0001
2017-03-31 13:00:00+00:00;7,54E-05;0;0,00037466;0;0;0,745975316;0,002;0,002;0,71097336;0,34469637;0,0001;0,745975316;0,0001
2017-03-31 14:00:00+00:00;7,61E-05;0;0,00037254;0;0;0,687974322;0,002;0,002;0,70678661;0,56343297;0,0001;0,687974322;0,0001
2017-03-31 15:00:00+00:00;7,64E-05;0;0,00036969;0;0;0,562965091;0,003;0,003;0,71623148;0,56885059;0,0001;0,562965091;0,0001
2017-03-31 16:00:00+00:00;7,76E-05;0;0,00034079;0;0;0,408380274;0,003;0,003;0,73228776;0,56783479;0,0001;0,408380274;0,0001
2017-03-31 17:00:00+00:00;0,00010773;0;0,00028702;0;0;0,247732556;0,006;0,006;0,70854871;0,76219207;0,0001;0,247732556;0,0001
2017-03-31 18:00:00+00:00;0,00041761;0;0,00023404;0;0;0,104405018;0,018;0,018;0,77956852;0,88375002;0,0001;0,104405018;0,0001
2017-03-31 19:00:00+00:00;0,00043385;0;0,00017979;0;0;0,001950991;0,052;0,052;0,90443819;0,87359198;0,0001;0,001950991;0,0001
2017-03-31 20:00:00+00:00;0,00010592;0;0,00012935;0;0;0;0,112;0,112;0,81657268;0,87054456;0,0001;0;0,0001
2017-03-31 21:00:00+00:00;5,24E-05;0;7,93E-05;0;0;0;0,165;0,165;0,7299054;0,88070261;0,0001;0;0,0001
2017-03-31 22:00:00+00:00;3,24E-05;0;3,73E-05;0;0;0;0,17;0,17;0,72741026;0,36941428;0,0001;0;0,0001
2017-03-31 23:00:00+00:00;6,47E-06;0;6,37E-06;0;0;0;0,149;0,149;0,72136272;0,2417615;0,0001;0;0,0001
2017-04-01 00:00:00+00:00;1,76E-06;0;0;0;0;0;0,107;0,107;0,44720767;0,19571169;0,0001;0;0,0001
2017-04-01 01:00:00+00:00;1,23E-05;0;0;0;0;0;0,055;0,055;0,44434602;0,19130987;0,0001;0;0,0001
2017-04-01 02:00:00+00:00;1,79E-05;0;0;0;0;0;0,03;0,03;0,45311424;0,19232568;0,0001;0;0,0001
2017-04-01 03:00:00+00:00;2,41E-05;0;0;0;0;0;0,025;0,025;0,44596715;0,18860106;0,0001;0;0,0001
2017-04-01 04:00:00+00:00;3,27E-05;0;0;0;0;0;0,028;0,028;0,44716538;0,19469589;0,0001;0;0,0001
2017-04-01 05:00:00+00:00;6,85E-05;0;4,15E-06;0;0;0;0,038;0,038;0,43450643;0,1967275;0,0001;0;0,0001
2017-04-01 06:00:00+00:00;0,00028128;0;3,02E-05;0;0;0;0,06;0,06;0,45989482;0,22517003;0,0001;0;0,0001
2017-04-01 07:00:00+00:00;0,00036492;0;7,10E-05;0;0;0;0,059;0,059;0,48264709;0,22517003;0,0001;0;0,0001
2017-04-01 08:00:00+00:00;0,00030166;0;0,0001189;0;0;0,132005336;0,034;0,034;0,53947139;0,25632137;0,0001;0,132005336;0,0001
2017-04-01 09:00:00+00:00;0,00010321;0;0,0001722;0;0;0,352426063;0,029;0,029;0,56710117;0,33521553;0,0001;0,352426063;0,0001
2017-04-01 10:00:00+00:00;7,49E-05;0;0,00022837;0;0;0,551326273;0,026;0,026;0,58139535;0,34435777;0,0001;0,551326273;0,0001
2017-04-01 11:00:00+00:00;7,62E-05;0;0,00028592;0;0;0,707813847;0,019;0,019;0,58135306;0,34368056;0,0001;0,707813847;0,0001
2017-04-01 12:00:00+00:00;7,69E-05;0;0,00034553;0;0;0,810325029;0,016;0,016;0,58813363;0,3074502;0,0001;0,810325029;0,0001
2017-04-01 13:00:00+00:00;7,65E-05;0;0,00037576;0;0;0,821376448;0,015;0,015;0,5807046;0,3074502;0,0001;0,821376448;0,0001
2017-04-01 14:00:00+00:00;7,71E-05;0;0,00037411;0;0;0,810331454;0,011;0,011;0,68369601;0,29559915;0,0001;0,810331454;0,0001
2017-04-01 15:00:00+00:00;7,64E-05;0;0,00036926;0;0;0,737464685;0,004;0,004;0,65971731;0,54582568;0,0001;0,737464685;0,0001
2017-04-01 16:00:00+00:00;8,14E-05;0;0,00034017;0;0;0,600324176;0;0;0,6668785;0,570205;0,0001;0,600324176;0,0001
2017-04-01 17:00:00+00:00;0,00010509;0;0,00028565;0;0;0,400918957;0;0;0,69550915;0,77709054;0,0001;0,400918957;0,0001
2017-04-01 18:00:00+00:00;0,0003428;0;0,00023194;0;0;0,192893595;0,001;0,001;0,75495546;0,88849045;0,0001;0,192893595;0,0001
2017-04-01 19:00:00+00:00;0,00035382;0;0,00018074;0;0;0,00338244;0,033;0,033;0,85869399;0,88137981;0,0001;0,00338244;0,0001
2017-04-01 20:00:00+00:00;0,00010145;0;0,00012872;0;0;0;0,091;0,091;0,79765474;0,8790096;0,0001;0;0,0001
2017-04-01 21:00:00+00:00;5,40E-05;0;8,01E-05;0;0;0;0,115;0,115;0,69945626;0,88578163;0,0001;0;0,0001
2017-04-01 22:00:00+00:00;3,31E-05;0;3,78E-05;0;0;0;0,098;0,098;0,64703017;0,33419972;0,0001;0;0,0001
2017-04-01 23:00:00+00:00;7,09E-06;0;6,36E-06;0;0;0;0,083;0,083;0,62295279;0,18047462;0,0001;0;0,0001
2017-04-02 00:00:00+00:00;1,70E-06;0;0;0;0;0;0,051;0,051;0,65568562;0,44830844;0,0001;0;0,0001
2017-04-02 01:00:00+00:00;1,20E-05;0;0;0;0;0;0,016;0,016;0,64516938;0,44627683;0,0001;0;0,0001
2017-04-02 02:00:00+00:00;1,79E-05;0;0;0;0;0;0,007;0,007;0,60199081;0,45034005;0,0001;0;0,0001
2017-04-02 03:00:00+00:00;2,41E-05;0;0;0;0;0;0,024;0,024;0,58253719;0,44763124;0,0001;0;0,0001
2017-04-02 04:00:00+00:00;3,28E-05;0;0;0;0;0;0,079;0,079;0,5807328;0,45338746;0,0001;0;0,0001
2017-04-02 05:00:00+00:00;6,97E-05;0;4,19E-06;0;0;0;0,128;0,128;0,60879958;0,45237166;0,0001;0;0,0001
2017-04-02 06:00:00+00:00;0,00028153;0;3,06E-05;0;0;0;0,133;0,133;0,64411213;0,45541907;0,0001;0;0,0001
2017-04-02 07:00:00+00:00;0,00036358;0;7,04E-05;0;0;0;0,052;0,052;0,63689455;0,45812789;0,0001;0;0,0001
2017-04-02 08:00:00+00:00;0,00030332;0;0,00011816;0;0;0,161460638;0,039;0,039;0,67862115;0,56207856;0,0001;0,161460638;0,0001
2017-04-02 09:00:00+00:00;0,00010284;0;0,00017167;0;0;0,413742807;0,057;0,057;0,70406592;0,6145618;0,0001;0,413742807;0,0001
2017-04-02 10:00:00+00:00;7,17E-05;0;0,00022673;0;0;0,609525225;0,052;0,052;0,65833582;0,61185299;0,0001;0,609525225;0,0001
2017-04-02 11:00:00+00:00;7,46E-05;0;0,00028565;0;0;0,751662799;0,048;0,048;0,69735583;0,60575816;0,0001;0,751662799;0,0001
2017-04-02 12:00:00+00:00;7,64E-05;0;0,00034543;0;0;0,832314413;0,044;0,044;0,6642001;0,60812837;0,0001;0,832314413;0,0001
2017-04-02 13:00:00+00:00;7,74E-05;0;0,00037541;0;0;0,8426833;0,044;0,044;0,67113574;0,61185299;0,0001;0,8426833;0,0001
2017-04-02 14:00:00+00:00;7,66E-05;0;0,0003733;0;0;0,808305298;0,048;0,048;0,6801859;0,60609676;0,0001;0,808305298;0,0001
2017-04-02 15:00:00+00:00;8,11E-05;0;0,00036864;0;0;0,634989564;0,046;0,046;0,71100156;0,61896362;0,0001;0,634989564;0,0001
2017-04-02 16:00:00+00:00;8,12E-05;0;0,00034189;0;0;0,508054147;0,044;0,044;0,69185807;0,60304935;0,0001;0,508054147;0,0001
2017-04-02 17:00:00+00:00;0,00010369;0;0,00028695;0;0;0,332506596;0,057;0,057;0,68028458;0,79368201;0,0001;0,332506596;0,0001
2017-04-02 18:00:00+00:00;0,00034169;0;0,00023345;0;0;0,147603018;0,094;0,094;0,74606036;0,89830989;0,0001;0,147603018;0,0001
2017-04-02 19:00:00+00:00;0,0003544;0;0,00018166;0;0;0,000685976;0,14;0,14;0,81851804;0,89492388;0,0001;0,000685976;0,0001
2017-04-02 20:00:00+00:00;0,00010078;0;0,00012604;0;0;0;0,175;0,175;0,75460304;0,89390807;0,0001;0;0,0001
2017-04-02 21:00:00+00:00;5,41E-05;0;7,89E-05;0;0;0;0,175;0,175;0,69910384;0,8559847;0,0001;0;0,0001
2017-04-02 22:00:00+00:00;3,33E-05;0;3,64E-05;0;0;0;0,136;0,136;0,67193926;0,58171745;0,0001;0;0,0001
2017-04-02 23:00:00+00:00;7,43E-06;0;6,36E-06;0;0;0;0,101;0,101;0,66978244;0,43442578;0,0001;0;0,0001
2017-04-03 00:00:00+00:00;1,49E-06;0;0;0;0;0;0,075;0,075;0,62716774;0,25293535;0,0001;0;0,0001
2017-04-03 01:00:00+00:00;1,22E-05;0;0;0;0;0;0,065;0,065;0,64301257;0,25496696;0,0001;0;0,0001
2017-04-03 02:00:00+00:00;1,90E-05;0;0;0;0;0;0,077;0,077;0,61701803;0,25665997;0,0001;0;0,0001
2017-04-03 03:00:00+00:00;2,50E-05;0;0;0;0;0;0,101;0,101;0,60395027;0,25699857;0,0001;0;0,0001
2017-04-03 04:00:00+00:00;3,34E-05;0;0;0;0;0;0,124;0,124;0,60313265;0,25767577;0,0001;0;0,0001
2017-04-03 05:00:00+00:00;6,96E-05;0;4,10E-06;0;0;0;0,132;0,132;0,66617366;0,25428976;0,0001;0;0,0001
2017-04-03 06:00:00+00:00;0,00027948;0;3,05E-05;0;0;0;0,132;0,132;0,65944947;0,25496696;0,0001;0;0,0001
2017-04-03 07:00:00+00:00;0,00036622;0;7,17E-05;0;0;0;0,077;0,077;0,68645899;0,25869158;0,0001;0;0,0001
2017-04-03 08:00:00+00:00;0,0003039;0;0,00011912;0;0;0,107973574;0,035;0,035;0,69517082;0,25699857;0,0001;0,107973574;0,0001
2017-04-03 09:00:00+00:00;0,00010709;0;0,00017142;0;0;0,301497735;0,051;0,051;0,66694898;0,25598277;0,0001;0,301497735;0,0001
2017-04-03 10:00:00+00:00;7,31E-05;0;0,00022765;0;0;0,465709325;0,069;0,069;0,68043964;0,33623133;0,0001;0,465709325;0,0001
2017-04-03 11:00:00+00:00;7,36E-05;0;0,0002855;0;0;0,631655664;0,054;0,054;0,64044695;0,37584771;0,0001;0,631655664;0,0001
2017-04-03 12:00:00+00:00;7,57E-05;0;0,00034377;0;0;0,695032798;0,032;0,032;0,65438871;0,3721231;0,0001;0,695032798;0,0001
2017-04-03 13:00:00+00:00;7,39E-05;0;0,0003754;0;0;0,733370961;0,02;0,02;0,68337178;0,3721231;0,0001;0,733370961;0,0001
2017-04-03 14:00:00+00:00;8,00E-05;0;0,00037459;0;0;0,651376531;0,016;0,016;0,70178224;0,37144589;0,0001;0,651376531;0,0001
2017-04-03 15:00:00+00:00;8,15E-05;0;0,00036849;0;0;0,58598695;0,016;0,016;0,70495402;0,58476486;0,0001;0,58598695;0,0001
2017-04-03 16:00:00+00:00;8,08E-05;0;0,00034025;0;0;0,446250261;0,02;0,02;0,67987577;0,5918755;0,0001;0,446250261;0,0001
2017-04-03 17:00:00+00:00;0,00010166;0;0,00028673;0;0;0,26235664;0,048;0,048;0,71296102;0,77675194;0,0001;0,26235664;0,0001
2017-04-03 18:00:00+00:00;0,00034043;0;0,0002326;0;0;0,117936417;0,105;0,105;0,76581001;0,88612024;0,0001;0,117936417;0,0001
2017-04-03 19:00:00+00:00;0,0003534;0;0,0001801;0;0;2,64E-05;0,127;0,127;0,89523296;0,88882905;0,0001;2,64E-05;0,0001
2017-04-03 20:00:00+00:00;0,00010081;0;0,00012901;0;0;0;0,128;0,128;0,79614638;0,89356947;0,0001;0;0,0001
2017-04-03 21:00:00+00:00;5,45E-05;0;8,01E-05;0;0;0;0,118;0,118;0,71590725;0,89356947;0,0001;0;0,0001
2017-04-03 22:00:00+00:00;3,35E-05;0;3,67E-05;0;0;0;0,125;0,125;0,69896287;0,36636687;0,0001;0;0,0001
2017-04-03 23:00:00+00:00;7,24E-06;0;6,26E-06;0;0;0;0,151;0,151;0,68707925;0,24819493;0,0001;0;0,0001
2017-04-04 00:00:00+00:00;1,65E-06;0;0;0;0;0;0,161;0,161;0,70219104;0,24887213;0,0001;0;0,0001
2017-04-04 01:00:00+00:00;1,19E-05;0;0;0;0;0;0,156;0,156;0,68939113;0,24514752;0,0001;0;0,0001
2017-04-04 02:00:00+00:00;1,81E-05;0;0;0;0;0;0,14;0,14;0,6992871;0,25462836;0,0001;0;0,0001
2017-04-04 03:00:00+00:00;2,44E-05;0;0;0;0;0;0,127;0,127;0,71131169;0,25191955;0,0001;0;0,0001
2017-04-04 04:00:00+00:00;3,30E-05;0;0;0;0;0;0,126;0,126;0,70274082;0,25327395;0,0001;0;0,0001
2017-04-04 05:00:00+00:00;6,79E-05;0;4,09E-06;0;0;0;0,136;0,136;0,70643419;0,25395116;0,0001;0;0,0001
2017-04-04 06:00:00+00:00;0,00027903;0;2,97E-05;0;0;0;0,139;0,139;0,67828283;0,25530556;0,0001;0;0,0001
2017-04-04 07:00:00+00:00;0,00036491;0;6,98E-05;0;0;0;0,052;0,052;0,70144391;0,25259675;0,0001;0;0,0001
2017-04-04 08:00:00+00:00;0,00030657;0;0,00011866;0;0;0,08890112;0,035;0,035;0,70595489;0,25564416;0,0001;0,08890112;0,0001
2017-04-04 09:00:00+00:00;0,00010668;0;0,00017122;0;0;0,220510169;0,037;0,037;0,70278311;0,25936878;0,0001;0,220510169;0,0001
2017-04-04 10:00:00+00:00;7,61E-05;0;0,00022653;0;0;0,390905122;0,02;0,02;0,69694702;0,25395116;0,0001;0,390905122;0,0001
2017-04-04 11:00:00+00:00;7,71E-05;0;0,00028515;0;0;0,54588255;0,008;0,008;0,69462105;0,5048549;0,0001;0,54588255;0,0001
2017-04-04 12:00:00+00:00;7,40E-05;0;0,00034445;0;0;0,623682835;0,005;0,005;0,73052566;0,50654791;0,0001;0,623682835;0,0001
2017-04-04 13:00:00+00:00;7,22E-05;0;0,00037559;0;0;0,662550411;0,005;0,005;0,73114592;0,50824092;0,0001;0,662550411;0,0001
2017-04-04 14:00:00+00:00;7,46E-05;0;0,00037426;0;0;0,612730626;0,005;0,005;0,73225957;0,5045163;0,0001;0,612730626;0,0001
2017-04-04 15:00:00+00:00;7,80E-05;0;0,00036844;0;0;0,529738955;0,006;0,006;0,70668793;0,49571266;0,0001;0,529738955;0,0001
2017-04-04 16:00:00+00:00;8,04E-05;0;0,00034073;0;0;0,401970112;0,008;0,008;0,72302615;0,50790231;0,0001;0,401970112;0,0001
2017-04-04 17:00:00+00:00;0,00010547;0;0,00028652;0;0;0,264763463;0,02;0,02;0,70354434;0,74119877;0,0001;0,264763463;0,0001
2017-04-04 18:00:00+00:00;0,0003425;0;0,00023279;0;0;0,104013573;0,032;0,032;0,77581876;0,83871602;0,0001;0,104013573;0,0001
2017-04-04 19:00:00+00:00;0,00035689;0;0,00018083;0;0;0;0,05;0,05;0,78082313;0,88950625;0,0001;0;0,0001
2017-04-04 20:00:00+00:00;0,00010195;0;0,0001283;0;0;0;0,07;0,07;0,77904693;0,88442723;0,0001;0;0,0001
2017-04-04 21:00:00+00:00;5,43E-05;0;7,85E-05;0;0;0;0,084;0,084;0,73543136;0,87460778;0,0001;0;0,0001
2017-04-04 22:00:00+00:00;3,28E-05;0;3,72E-05;0;0;0;0,082;0,082;0,72174334;0,60000193;0,0001;0;0,0001
2017-04-04 23:00:00+00:00;7,17E-06;0;6,43E-06;0;0;0;0,052;0,052;0,71757068;0,24650192;0,0001;0;0,0001
2017-04-05 00:00:00+00:00;1,84E-06;0;0;0;0;0;0,025;0,025;0,53968284;0,21027156;0,0001;0;0,0001
2017-04-05 01:00:00+00:00;1,19E-05;0;0;0;0;0;0,024;0,024;0,47277931;0,21501198;0,0001;0;0,0001
2017-04-05 02:00:00+00:00;1,82E-05;0;0;0;0;0;0,049;0,049;0,46933969;0,21501198;0,0001;0;0,0001
2017-04-05 03:00:00+00:00;2,39E-05;0;0;0;0;0;0,083;0,083;0,38974901;0,21094876;0,0001;0;0,0001
2017-04-05 04:00:00+00:00;3,25E-05;0;0;0;0;0;0,09;0,09;0,38735255;0,21772079;0,0001;0;0,0001
2017-04-05 05:00:00+00:00;6,99E-05;0;4,12E-06;0;0;0;0,078;0,078;0,44211872;0,20891715;0,0001;0;0,0001
2017-04-05 06:00:00+00:00;0,00028006;0;2,97E-05;0;0;0;0,073;0,073;0,42875493;0,21230317;0,0001;0;0,0001
2017-04-05 07:00:00+00:00;0,00036498;0;7,03E-05;0;0;0;0,021;0,021;0,50332713;0,25158095;0,0001;0;0,0001
2017-04-05 08:00:00+00:00;0,00030607;0;0,00011807;0;0;0,128877291;0,014;0,014;0,54553303;0,24819493;0,0001;0,128877291;0,0001
2017-04-05 09:00:00+00:00;0,00010736;0;0,00017089;0;0;0,344447868;0,021;0,021;0,54537796;0,25191955;0,0001;0,344447868;0,0001
2017-04-05 10:00:00+00:00;7,81E-05;0;0,00022767;0;0;0,542974647;0,007;0,007;0,56357696;0,25022654;0,0001;0,542974647;0,0001
2017-04-05 11:00:00+00:00;7,55E-05;0;0,00028585;0;0;0,698886163;0,001;0,001;0,54967749;0,25225815;0,0001;0,698886163;0,0001
2017-04-05 12:00:00+00:00;7,46E-05;0;0,00034395;0;0;0,755430858;0;0;0,48832811;0,25564416;0,0001;0,755430858;0,0001
2017-04-05 13:00:00+00:00;7,38E-05;0;0,00037386;0;0;0,765869047;0,002;0,002;0,51291297;0,26749522;0,0001;0,765869047;0,0001
2017-04-05 14:00:00+00:00;7,55E-05;0;0,00037319;0;0;0,742768837;0,005;0,005;0,52161072;0,26986543;0,0001;0,742768837;0,0001
2017-04-05 15:00:00+00:00;7,66E-05;0;0,00037005;0;0;0,654879027;0,004;0,004;0,55858669;0,48589321;0,0001;0,654879027;0,0001
2017-04-05 16:00:00+00:00;7,96E-05;0;0,0003408;0;0;0,541381928;0,002;0,002;0,52089178;0,46693153;0,0001;0,541381928;0,0001
2017-04-05 17:00:00+00:00;0,00010291;0;0,00028764;0;0;0,350108732;0,003;0,003;0,61424095;0,74289178;0,0001;0,350108732;0,0001
2017-04-05 18:00:00+00:00;0,00034171;0;0,00023514;0;0;0,146292528;0,004;0,004;0,78288127;0,87596219;0,0001;0,146292528;0,0001
2017-04-05 19:00:00+00:00;0,00035619;0;0,00018077;0;0;0;0,007;0,007;0,77058884;0,87630079;0,0001;0;0,0001
2017-04-05 20:00:00+00:00;0,0001009;0;0,00012583;0;0;0;0,012;0,012;0,71086059;0,87359198;0,0001;0;0,0001
2017-04-05 21:00:00+00:00;5,41E-05;0;7,70E-05;0;0;0;0,019;0,019;0,60592383;0,86072512;0,0001;0;0,0001
2017-04-05 22:00:00+00:00;3,28E-05;0;3,65E-05;0;0;0;0,034;0,034;0,54269957;0,34605077;0,0001;0;0,0001
2017-04-05 23:00:00+00:00;7,16E-06;0;6,18E-06;0;0;0;0,048;0,048;0,51454821;0,20519253;0,0001;0;0,0001
2017-04-06 00:00:00+00:00;9,00E-08;0;0;0;0;0;0,04;0,04;0,38460367;0,21061016;0,0001;0;0,0001
2017-04-06 01:00:00+00:00;8,70E-06;0;0;0;0;0;0,02;0,02;0,34648586;0,20790135;0,0001;0;0,0001
2017-04-06 02:00:00+00:00;1,41E-05;0;0;0;0;0;0,007;0,007;0,3525334;0,19638889;0,0001;0;0,0001
2017-04-06 03:00:00+00:00;1,95E-05;0;0;0;0;0;0,002;0,002;0,33976167;0,20756274;0,0001;0;0,0001
2017-04-06 04:00:00+00:00;2,76E-05;0;0;0;0;0;0;0;0,35081358;0,20891715;0,0001;0;0,0001
2017-04-06 05:00:00+00:00;6,26E-05;0;4,17E-06;0;0;0;0;0;0,34774048;0,20925575;0,0001;0;0,0001
2017-04-06 06:00:00+00:00;0,00027018;0;2,99E-05;0;0;0;0;0;0,33451766;0,21128736;0,0001;0;0,0001
2017-04-06 07:00:00+00:00;0,00035041;0;7,10E-05;0;0;0;0;0;0,44199185;0,25124234;0,0001;0;0,0001
2017-04-06 08:00:00+00:00;0,00028024;0;0,00011982;0;0;0,16363647;0;0;0,46826833;0,25767577;0,0001;0,16363647;0,0001
2017-04-06 09:00:00+00:00;7,45E-05;0;0,00017349;0;0;0,403769637;0;0;0,46379964;0,25225815;0,0001;0,403769637;0,0001
2017-04-06 10:00:00+00:00;4,26E-05;0;0,00023023;0;0;0,59261629;0;0;0,47541542;0,28747271;0,0001;0,59261629;0,0001
2017-04-06 11:00:00+00:00;4,24E-05;0;0,00028668;0;0;0,724562279;0;0;0,49080915;0,25327395;0,0001;0,724562279;0,0001
2017-04-06 12:00:00+00:00;4,29E-05;0;0,00034454;0;0;0,795325418;0;0;0,47822069;0,2641092;0,0001;0,795325418;0,0001
2017-04-06 13:00:00+00:00;4,18E-05;0;0,00037465;0;0;0,798960622;0;0;0,46401109;0,25496696;0,0001;0,798960622;0,0001
2017-04-06 14:00:00+00:00;4,24E-05;0;0,00037492;0;0;0,768805216;0;0;0,46938198;0,24954934;0,0001;0,768805216;0,0001
2017-04-06 15:00:00+00:00;4,67E-05;0;0,0003696;0;0;0,684953518;0;0;0,46550535;0,24717913;0,0001;0,684953518;0,0001
2017-04-06 16:00:00+00:00;5,59E-05;0;0,00033996;0;0;0,523565119;0;0;0,4719617;0,25293535;0,0001;0,523565119;0,0001
2017-04-06 17:00:00+00:00;8,54E-05;0;0,00028499;0;0;0,359241688;0;0;0,55034004;0,75474284;0,0001;0,359241688;0,0001
2017-04-06 18:00:00+00:00;0,00033206;0;0,00023342;0;0;0,162104899;0;0;0,73018734;0,85463029;0,0001;0,162104899;0,0001
2017-04-06 19:00:00+00:00;0,0003491;0;0,00017995;0;0;0;0,018;0,018;0,69769415;0,8559847;0,0001;0;0,0001
2017-04-06 20:00:00+00:00;9,62E-05;0;0,0001242;0;0;0;0,104;0,104;0,60583924;0,85361449;0,0001;0;0,0001
2017-04-06 21:00:00+00:00;4,98E-05;0;7,76E-05;0;0;0;0,217;0,217;0,49868928;0,86174092;0,0001;0;0,0001
2017-04-06 22:00:00+00:00;2,95E-05;0;3,66E-05;0;0;0;0,26;0,26;0,49805492;0,57291381;0,0001;0;0,0001
2017-04-06 23:00:00+00:00;5,01E-06;0;6,15E-06;0;0;0;0,225;0,225;0,46608332;0,18656945;0,0001;0;0,0001
2017-04-07 00:00:00+00:00;2,30E-07;0;0;0;0;0;0,18;0,18;0,3085795;0,17675;0,0001;0;0,0001
2017-04-07 01:00:00+00:00;8,97E-06;0;0;0;0;0;0,147;0,147;0,24691999;0,17471839;0,0001;0;0,0001
2017-04-07 02:00:00+00:00;1,42E-05;0;0;0;0;0;0,114;0,114;0,28230302;0,18623085;0,0001;0;0,0001
2017-04-07 03:00:00+00:00;1,95E-05;0;0;0;0;0;0,099;0,099;0,25684415;0,18386064;0,0001;0;0,0001
2017-04-07 04:00:00+00:00;2,77E-05;0;0;0;0;0;0,109;0,109;0,25940977;0,2190752;0,0001;0;0,0001
2017-04-07 05:00:00+00:00;6,39E-05;0;4,05E-06;0;0;0;0,144;0,144;0,26026968;0,21738219;0,0001;0;0,0001
2017-04-07 06:00:00+00:00;0,00027061;0;3,04E-05;0;0;0;0,163;0,163;0,22787518;0,21298037;0,0001;0;0,0001
2017-04-07 07:00:00+00:00;0,0003493;0;7,09E-05;0;0;0;0,1;0,1;0,23777114;0,2194138;0,0001;0;0,0001
2017-04-07 08:00:00+00:00;0,00028102;0;0,00011928;0;0;0,160226418;0,081;0,081;0,23674208;0,25259675;0,0001;0,160226418;0,0001
2017-04-07 09:00:00+00:00;7,44E-05;0;0,00017216;0;0;0,394160249;0,144;0,144;0,31826402;0,25327395;0,0001;0,394160249;0,0001
2017-04-07 10:00:00+00:00;4,25E-05;0;0,00022726;0;0;0,611471465;0,136;0,136;0,29668178;0,21670499;0,0001;0,611471465;0,0001
2017-04-07 11:00:00+00:00;4,24E-05;0;0,00028561;0;0;0,757393024;0,097;0,097;0,27543786;0,2207682;0,0001;0,757393024;0,0001
2017-04-07 12:00:00+00:00;4,30E-05;0;0,00034319;0;0;0,835727994;0,066;0,066;0,28795584;0,19232568;0,0001;0,835727994;0,0001
2017-04-07 13:00:00+00:00;4,19E-05;0;0,00037485;0;0;0,845212012;0,047;0,047;0,29594874;0,17979742;0,0001;0,845212012;0,0001
2017-04-07 14:00:00+00:00;4,24E-05;0;0,0003737;0;0;0,805699555;0,031;0,031;0,31662878;0,18216763;0,0001;0,805699555;0,0001
2017-04-07 15:00:00+00:00;4,69E-05;0;0,00036776;0;0;0,729562721;0,013;0,013;0,36667251;0,39954982;0,0001;0,729562721;0,0001
2017-04-07 16:00:00+00:00;5,58E-05;0;0,00034029;0;0;0,600463451;0,006;0,006;0,40605904;0,42155892;0,0001;0,600463451;0,0001
2017-04-07 17:00:00+00:00;8,60E-05;0;0,00028823;0;0;0,395519657;0,007;0,007;0,43229323;0,7249459;0,0001;0,395519657;0,0001
2017-04-07 18:00:00+00:00;0,00033135;0;0,0002333;0;0;0,171012066;0,009;0,009;0,63582319;0,8570005;0,0001;0,171012066;0,0001
2017-04-07 19:00:00+00:00;0,00034955;0;0,00017749;0;0;0;0,026;0,026;0,54126169;0,89086066;0,0001;0;0,0001
2017-04-07 20:00:00+00:00;9,62E-05;0;0,00012554;0;0;0;0,077;0,077;0,5052584;0,88713604;0,0001;0;0,0001
2017-04-07 21:00:00+00:00;4,95E-05;0;7,79E-05;0;0;0;0,162;0,162;0,44739093;0,8332984;0,0001;0;0,0001
2017-04-07 22:00:00+00:00;2,95E-05;0;3,68E-05;0;0;0;0,223;0,223;0,41757615;0,32167146;0,0001;0;0,0001
2017-04-07 23:00:00+00:00;4,94E-06;0;6,17E-06;0;0;0;0,194;0,194;0,40665111;0,19909771;0,0001;0;0,0001
2017-04-08 00:00:00+00:00;2,10E-06;0;0;0;0;0;0,143;0,143;0,2908175;0,1764114;0,0001;0;0,0001
2017-04-08 01:00:00+00:00;1,18E-05;0;0;0;0;0;0,104;0,104;0,2570838;0,18115182;0,0001;0;0,0001
2017-04-08 02:00:00+00:00;1,80E-05;0;0;0;0;0;0,068;0,068;0,25733754;0,18081322;0,0001;0;0,0001
2017-04-08 03:00:00+00:00;2,45E-05;0;0;0;0;0;0,042;0,042;0,25674547;0,19198707;0,0001;0;0,0001
2017-04-08 04:00:00+00:00;3,29E-05;0;0;0;0;0;0,03;0,03;0,26642999;0,19266428;0,0001;0;0,0001
2017-04-08 05:00:00+00:00;7,02E-05;0;4,22E-06;0;0;0;0,02;0,02;0,32745515;0,21467338;0,0001;0;0,0001
2017-04-08 06:00:00+00:00;0,00028181;0;2,99E-05;0;0;0;0,012;0,012;0,33757667;0,21602778;0,0001;0;0,0001
2017-04-08 07:00:00+00:00;0,000366;0;6,98E-05;0;0;0;0,003;0,003;0,39676923;0,25056514;0,0001;0;0,0001
2017-04-08 08:00:00+00:00;0,00030164;0;0,00011798;0;0;0,148626571;0,003;0,003;0,48005328;0,25361255;0,0001;0,148626571;0,0001
2017-04-08 09:00:00+00:00;0,00010167;0;0,00017139;0;0;0,397657011;0,004;0,004;0,47597929;0,25936878;0,0001;0,397657011;0,0001
2017-04-08 10:00:00+00:00;7,18E-05;0;0,00022707;0;0;0,589342498;0,004;0,004;0,4719617;0,22246121;0,0001;0,589342498;0,0001
2017-04-08 11:00:00+00:00;7,37E-05;0;0,00028551;0;0;0,735726528;0,005;0,005;0,42618931;0,18318343;0,0001;0,735726528;0,0001
2017-04-08 12:00:00+00:00;8,00E-05;0;0,00034332;0;0;0,820507637;0,006;0,006;0,36210514;0,19537309;0,0001;0,820507637;0,0001
2017-04-08 13:00:00+00:00;7,90E-05;0;0,00037399;0;0;0,832806935;0,009;0,009;0,38337725;0,18860106;0,0001;0,832806935;0,0001
2017-04-08 14:00:00+00:00;7,78E-05;0;0,00037387;0;0;0,787226747;0,012;0,012;0,42211533;0,22381562;0,0001;0,787226747;0,0001
2017-04-08 15:00:00+00:00;7,74E-05;0;0,00037006;0;0;0,721466123;0,012;0,012;0,39138425;0,23397366;0,0001;0,721466123;0,0001
2017-04-08 16:00:00+00:00;7,82E-05;0;0,00034139;0;0;0,571935441;0,011;0,011;0,44162533;0,44796984;0,0001;0,571935441;0,0001
2017-04-08 17:00:00+00:00;0,00010336;0;0,00028832;0;0;0,383738216;0,024;0,024;0,48735543;0,75643585;0,0001;0,383738216;0,0001
2017-04-08 18:00:00+00:00;0,00034315;0;0,00023341;0;0;0,162384869;0,035;0,035;0,71135398;0,89086066;0,0001;0,162384869;0,0001
2017-04-08 19:00:00+00:00;0,00035876;0;0,00017907;0;0;0;0,044;0,044;0,70794255;0,89560108;0,0001;0;0,0001
2017-04-08 20:00:00+00:00;0,00010148;0;0,00012813;0;0;0;0,062;0,062;0,65870234;0,8573391;0,0001;0;0,0001
2017-04-08 21:00:00+00:00;5,43E-05;0;7,95E-05;0;0;0;0,087;0,087;0,50958612;0,84413364;0,0001;0;0,0001
2017-04-08 22:00:00+00:00;3,35E-05;0;3,74E-05;0;0;0;0,125;0,125;0,40470575;0,32776629;0,0001;0;0,0001
2017-04-08 23:00:00+00:00;7,78E-06;0;6,43E-06;0;0;0;0,154;0,154;0,34208765;0,20722414;0,0001;0;0,0001
2017-04-09 00:00:00+00:00;1,74E-06;0;0;0;0;0;0,151;0,151;0,27239295;0,37618631;0,0001;0;0,0001
2017-04-09 01:00:00+00:00;1,19E-05;0;0;0;0;0;0,107;0,107;0,22399855;0,16456035;0,0001;0;0,0001
2017-04-09 02:00:00+00:00;1,77E-05;0;0;0;0;0;0,056;0,056;0,22495713;0,16286734;0,0001;0;0,0001
2017-04-09 03:00:00+00:00;2,37E-05;0;0;0;0;0;0,035;0,035;0,23864515;0,16862357;0,0001;0;0,0001
2017-04-09 04:00:00+00:00;3,29E-05;0;0;0;0;0;0,034;0,034;0,2446363;0,19029407;0,0001;0;0,0001
2017-04-09 05:00:00+00:00;7,05E-05;0;4,38E-06;0;0;0;0,048;0,048;0,2912686;0,19401868;0,0001;0;0,0001
2017-04-09 06:00:00+00:00;0,0002811;0;3,08E-05;0;0;0;0,085;0,085;0,31913802;0,19130987;0,0001;0;0,0001
2017-04-09 07:00:00+00:00;0,00036504;0;7,25E-05;0;0;0;0,079;0,079;0,37752707;0,2424387;0,0001;0;0,0001
2017-04-09 08:00:00+00:00;0,00030757;0;0,0001216;0;0;0,138335371;0,033;0,033;0,39738949;0,24379311;0,0001;0,138335371;0,0001
2017-04-09 09:00:00+00:00;0,00010611;0;0,00017422;0;0;0,37342354;0,061;0,061;0,41124667;0,24650192;0,0001;0,37342354;0,0001
2017-04-09 10:00:00+00:00;7,51E-05;0;0,00022889;0;0;0,566325047;0,095;0,095;0,42408888;0,3524842;0,0001;0,566325047;0,0001
2017-04-09 11:00:00+00:00;7,32E-05;0;0,00028568;0;0;0,686133956;0,078;0,078;0,43051703;0,34368056;0,0001;0,686133956;0,0001
2017-04-09 12:00:00+00:00;7,55E-05;0;0,00034399;0;0;0,736556006;0,043;0,043;0,40102647;0,34334196;0,0001;0,736556006;0,0001
2017-04-09 13:00:00+00:00;7,33E-05;0;0,00037412;0;0;0,773447015;0,028;0,028;0,41536294;0,34401917;0,0001;0,773447015;0,0001
2017-04-09 14:00:00+00:00;7,36E-05;0;0,00037478;0;0;0,772502385;0,02;0,02;0,43136284;0,34909819;0,0001;0,772502385;0,0001
2017-04-09 15:00:00+00:00;7,76E-05;0;0,00036877;0;0;0,677944168;0,013;0,013;0,40917444;0,37754072;0,0001;0,677944168;0,0001
2017-04-09 16:00:00+00:00;8,27E-05;0;0,00033934;0;0;0,525834859;0,017;0,017;0,38815607;0,40192003;0,0001;0,525834859;0,0001
2017-04-09 17:00:00+00:00;0,00010589;0;0,00028527;0;0;0,318985479;0,037;0,037;0,37149363;0,73510395;0,0001;0,318985479;0,0001
2017-04-09 18:00:00+00:00;0,00034634;0;0,00023304;0;0;0,125341818;0,079;0,079;0,56820072;0,88612024;0,0001;0,125341818;0,0001
2017-04-09 19:00:00+00:00;0,00035624;0;0,00018051;0;0;0;0,116;0,116;0,59365959;0,88747464;0,0001;0;0,0001
2017-04-09 20:00:00+00:00;0,00010089;0;0,00012538;0;0;0;0,139;0,139;0,59044551;0,88273422;0,0001;0;0,0001
2017-04-09 21:00:00+00:00;5,41E-05;0;7,73E-05;0;0;0;0,164;0,164;0,51480195;0,84684246;0,0001;0;0,0001
2017-04-09 22:00:00+00:00;3,24E-05;0;3,66E-05;0;0;0;0,178;0,178;0,47452732;0,31828545;0,0001;0;0,0001
2017-04-09 23:00:00+00:00;7,22E-06;0;6,22E-06;0;0;0;0,177;0,177;0,40329606;0,17370259;0,0001;0;0,0001
2017-04-10 00:00:00+00:00;1,84E-06;0;0;0;0;0;0,177;0,177;0,2295527;0,15033909;0,0001;0;0,0001
2017-04-10 01:00:00+00:00;1,18E-05;0;0;0;0;0;0,16;0,16;0,24160548;0,15067769;0,0001;0;0,0001
2017-04-10 02:00:00+00:00;1,75E-05;0;0;0;0;0;0,141;0,141;0,22339239;0,15169349;0,0001;0;0,0001
2017-04-10 03:00:00+00:00;2,32E-05;0;0;0;0;0;0,121;0,121;0,21320038;0,15711111;0,0001;0;0,0001
2017-04-10 04:00:00+00:00;3,27E-05;0;0;0;0;0;0,121;0,121;0,20309296;0,18115182;0,0001;0;0,0001
2017-04-10 05:00:00+00:00;7,05E-05;0;4,38E-06;0;0;0;0,113;0,113;0,25532169;0,18216763;0,0001;0;0,0001
2017-04-10 06:00:00+00:00;0,00028606;0;3,05E-05;0;0;0;0,108;0,108;0,34651405;0,18182903;0,0001;0;0,0001
2017-04-10 07:00:00+00:00;0,00036226;0;7,09E-05;0;0;0;0,086;0,086;0,33037319;0,18860106;0,0001;0;0,0001
2017-04-10 08:00:00+00:00;0,00030626;0;0,00011862;0;0;0,146580851;0,105;0,105;0,33371414;0,18182903;0,0001;0,146580851;0,0001
2017-04-10 09:00:00+00:00;0,00010557;0;0,00017111;0;0;0,388832265;0,1;0,1;0,33887357;0,17979742;0,0001;0,388832265;0,0001
2017-04-10 10:00:00+00:00;7,54E-05;0;0,00022758;0;0;0,589265647;0,091;0,091;0,34731757;0,17742721;0,0001;0,589265647;0,0001
2017-04-10 11:00:00+00:00;7,72E-05;0;0,0002856;0;0;0,722900123;0,075;0,075;0,42225629;0,15914273;0,0001;0,722900123;0,0001
2017-04-10 12:00:00+00:00;7,65E-05;0;0,00034397;0;0;0,773903403;0,062;0,062;0,38615433;0,15846552;0,0001;0,773903403;0,0001
2017-04-10 13:00:00+00:00;7,44E-05;0;0,00037621;0;0;0,78924232;0,05;0,05;0,33646302;0,15744972;0,0001;0,78924232;0,0001
2017-04-10 14:00:00+00:00;7,53E-05;0;0,00037465;0;0;0,747838239;0,04;0,04;0,40663701;0,15541811;0,0001;0,747838239;0,0001
2017-04-10 15:00:00+00:00;7,94E-05;0;0,00037028;0;0;0,641282907;0,026;0,026;0,44724996;0,37076869;0,0001;0,641282907;0,0001
2017-04-10 16:00:00+00:00;8,01E-05;0;0,00034072;0;0;0,512509131;0,015;0,015;0,44225969;0,37686352;0,0001;0,512509131;0,0001
2017-04-10 17:00:00+00:00;0,00010302;0;0,00028642;0;0;0,328469616;0,01;0,01;0,48411316;0,65553259;0,0001;0,328469616;0,0001
2017-04-10 18:00:00+00:00;0,0003462;0;0,0002326;0;0;0,128486524;0,003;0,003;0,71421563;0,87359198;0,0001;0,128486524;0,0001
2017-04-10 19:00:00+00:00;0,00035509;0;0,00017822;0;0;0;0,003;0,003;0,69342282;0,8773166;0,0001;0;0,0001
2017-04-10 20:00:00+00:00;0,00010083;0;0,00012558;0;0;0;0,02;0,02;0,65226009;0,83837742;0,0001;0;0,0001
2017-04-10 21:00:00+00:00;5,33E-05;0;7,76E-05;0;0;0;0,09;0,09;0,51822748;0,83126679;0,0001;0;0,0001
2017-04-10 22:00:00+00:00;3,32E-05;0;3,65E-05;0;0;0;0,192;0,192;0,40125202;0,28171648;0,0001;0;0,0001
2017-04-10 23:00:00+00:00;7,44E-06;0;6,11E-06;0;0;0;0,207;0,207;0,30828346;0,15677251;0,0001;0;0,0001
2017-04-11 00:00:00+00:00;1,59E-06;0;0;0;0;0;0,153;0,153;0,20708236;0,13611782;0,0001;0;0,0001
2017-04-11 01:00:00+00:00;1,19E-05;0;0;0;0;0;0,12;0,12;0,18517589;0,13984244;0,0001;0;0,0001
2017-04-11 02:00:00+00:00;1,81E-05;0;0;0;0;0;0,084;0,084;0,1687108;0,13848803;0,0001;0;0,0001
2017-04-11 03:00:00+00:00;2,44E-05;0;0;0;0;0;0,066;0,066;0,16209939;0,17302539;0,0001;0;0,0001
2017-04-11 04:00:00+00:00;3,29E-05;0;0;0;0;0;0,054;0,054;0,16679363;0,17370259;0,0001;0;0,0001
2017-04-11 05:00:00+00:00;6,99E-05;0;4,31E-06;0;0;0;0,05;0,05;0,18280763;0,17810441;0,0001;0;0,0001
2017-04-11 06:00:00+00:00;0,00028468;0;3,03E-05;0;0;0;0,055;0,055;0,23706631;0,17200958;0,0001;0;0,0001
2017-04-11 07:00:00+00:00;0,00036768;0;7,07E-05;0;0;0;0,04;0,04;0,25523711;0,23803688;0,0001;0;0,0001
2017-04-11 08:00:00+00:00;0,00030588;0;0,00011952;0;0;0,15183101;0,038;0,038;0,27635416;0,23465087;0,0001;0,15183101;0,0001
2017-04-11 09:00:00+00:00;0,00010354;0;0,00017161;0;0;0,367811932;0,051;0,051;0,26795245;0,23295786;0,0001;0,367811932;0,0001
2017-04-11 10:00:00+00:00;7,32E-05;0;0,00022794;0;0;0,529496209;0,047;0,047;0,26007232;0,1530479;0,0001;0,529496209;0,0001
2017-04-11 11:00:00+00:00;7,66E-05;0;0,00028568;0;0;0,677450907;0,033;0,033;0,26180623;0,14695307;0,0001;0,677450907;0,0001
2017-04-11 12:00:00+00:00;7,82E-05;0;0,00034435;0;0;0,715810688;0,014;0,014;0,23190687;0,15000048;0,0001;0,715810688;0,0001
2017-04-11 13:00:00+00:00;7,66E-05;0;0,00037405;0;0;0,715779337;0,004;0,004;0,24940103;0,14830747;0,0001;0,715779337;0,0001
2017-04-11 14:00:00+00:00;7,40E-05;0;0,00037254;0;0;0,706630869;0,002;0,002;0,27415505;0,14796887;0,0001;0,706630869;0,0001
2017-04-11 15:00:00+00:00;7,79E-05;0;0,00036948;0;0;0,582184829;0;0;0,2721815;0,36670547;0,0001;0,582184829;0,0001
2017-04-11 16:00:00+00:00;7,91E-05;0;0,00034128;0;0;0,431578039;0;0;0,303702;0,39006897;0,0001;0,431578039;0,0001
2017-04-11 17:00:00+00:00;0,0001025;0;0,00028859;0;0;0,260380302;0;0;0,33736521;0,69955079;0,0001;0,260380302;0,0001
2017-04-11 18:00:00+00:00;0,00034422;0;0,00023324;0;0;0,09903877;0,001;0,001;0,54815504;0,85801631;0,0001;0,09903877;0,0001
2017-04-11 19:00:00+00:00;0,00035519;0;0,00017967;0;0;0;0,015;0,015;0,55816378;0,85327588;0,0001;0;0,0001
2017-04-11 20:00:00+00:00;0,00010105;0;0,00012674;0;0;0;0,059;0,059;0,48597394;0,85192148;0,0001;0;0,0001
2017-04-11 21:00:00+00:00;5,44E-05;0;7,77E-05;0;0;0;0,104;0,104;0,37682223;0,82618776;0,0001;0;0,0001
2017-04-11 22:00:00+00:00;3,36E-05;0;3,63E-05;0;0;0;0,098;0,098;0,30929843;0,28205508;0,0001;0;0,0001
2017-04-11 23:00:00+00:00;6,97E-06;0;6,15E-06;0;0;0;0,045;0,045;0,2388848;0,17437979;0,0001;0;0,0001
2017-04-12 00:00:00+00:00;1,55E-06;0;0;0;0;0;0,006;0,006;0,58513101;0,18758525;0,0001;0;0,0001
2017-04-12 01:00:00+00:00;1,18E-05;0;0;0;0;0;0,007;0,007;0,59381465;0,18758525;0,0001;0;0,0001
2017-04-12 02:00:00+00:00;1,77E-05;0;0;0;0;0;0,048;0,048;0,55416029;0,21704359;0,0001;0;0,0001
2017-04-12 03:00:00+00:00;2,38E-05;0;0;0;0;0;0,084;0,084;0,52410585;0,2410843;0,0001;0;0,0001
2017-04-12 04:00:00+00:00;3,34E-05;0;0;0;0;0;0,095;0,095;0,4874682;0,2407457;0,0001;0;0,0001
2017-04-12 05:00:00+00:00;7,00E-05;0;4,05E-06;0;0;0;0,104;0,104;0,38879043;0,21839799;0,0001;0;0,0001
2017-04-12 06:00:00+00:00;0,00028275;0;3,02E-05;0;0;0;0,121;0,121;0,48872282;0,21772079;0,0001;0;0,0001
2017-04-12 07:00:00+00:00;0,00036774;0;7,03E-05;0;0;0;0,107;0,107;0,54041588;0,2194138;0,0001;0;0,0001
2017-04-12 08:00:00+00:00;0,00030451;0;0,00011961;0;0;0,101848459;0,14;0,14;0,6575323;0,24650192;0,0001;0,101848459;0,0001
2017-04-12 09:00:00+00:00;0,00010506;0;0,00017218;0;0;0,288927304;0,158;0,158;0,61350792;0,24447031;0,0001;0,288927304;0,0001
2017-04-12 10:00:00+00:00;7,78E-05;0;0,00022746;0;0;0,488386962;0,158;0,158;0,59129132;0,21602778;0,0001;0,488386962;0,0001
2017-04-12 11:00:00+00:00;7,81E-05;0;0,00028514;0;0;0,632093157;0,171;0,171;0,66209967;0,220091;0,0001;0,632093157;0,0001
2017-04-12 12:00:00+00:00;7,56E-05;0;0,00034428;0;0;0,702104453;0,205;0,205;0,58926138;0,19164847;0,0001;0,702104453;0,0001
2017-04-12 13:00:00+00:00;7,03E-05;0;0,00037612;0;0;0,744163093;0,221;0,221;0,64182844;0,23228066;0,0001;0,744163093;0,0001
2017-04-12 14:00:00+00:00;7,42E-05;0;0,00037491;0;0;0,691225808;0,189;0,189;0,66816131;0,24819493;0,0001;0,691225808;0,0001
2017-04-12 15:00:00+00:00;8,02E-05;0;0,00036918;0;0;0,585112862;0,136;0,136;0,62568757;0,25496696;0,0001;0,585112862;0,0001
2017-04-12 16:00:00+00:00;8,22E-05;0;0,00033905;0;0;0,436257418;0,08;0,08;0,69095587;0,47404216;0,0001;0,436257418;0,0001
2017-04-12 17:00:00+00:00;0,00010389;0;0,000285;0;0;0,245947175;0,048;0,048;0,71277776;0,76185347;0,0001;0,245947175;0,0001
2017-04-12 18:00:00+00:00;0,00034617;0;0,00023017;0;0;0,085817634;0,076;0,076;0,75281274;0,89729408;0,0001;0,085817634;0,0001
2017-04-12 19:00:00+00:00;0,00035767;0;0,00017825;0;0;0;0,125;0,125;0,7596638;0,86715855;0,0001;0;0,0001
2017-04-12 20:00:00+00:00;0,00010095;0;0,00012725;0;0;0;0,161;0,161;0,78151388;0,86749715;0,0001;0;0,0001
2017-04-12 21:00:00+00:00;5,34E-05;0;7,96E-05;0;0;0;0,181;0,181;0,66473578;0,86715855;0,0001;0;0,0001
2017-04-12 22:00:00+00:00;3,28E-05;0;3,71E-05;0;0;0;0,199;0,199;0,60565598;0,33724713;0,0001;0;0,0001
2017-04-12 23:00:00+00:00;6,99E-06;0;6,37E-06;0;0;0;0,232;0,232;0,58821821;0,21772079;0,0001;0;0,0001
2017-04-13 00:00:00+00:00;1,80E-07;0;0;0;0;0;0,235;0,235;0,69452237;0,24988794;0,0001;0;0,0001
2017-04-13 01:00:00+00:00;8,83E-06;0;0;0;0;0;0,258;0,258;0,6917453;0,24887213;0,0001;0;0,0001
2017-04-13 02:00:00+00:00;1,40E-05;0;0;0;0;0;0,217;0,217;0,67763437;0,24921073;0,0001;0;0,0001
2017-04-13 03:00:00+00:00;1,95E-05;0;0;0;0;0;0,21;0,21;0,67450488;0,24921073;0,0001;0;0,0001
2017-04-13 04:00:00+00:00;2,78E-05;0;0;0;0;0;0,206;0,206;0,67678856;0,26038459;0,0001;0;0,0001
2017-04-13 05:00:00+00:00;6,36E-05;0;4,32E-06;0;0;0;0,2;0,2;0,67994625;0,25632137;0,0001;0;0,0001
2017-04-13 06:00:00+00:00;0,00027101;0;3,06E-05;0;0;0;0,16;0,16;0,68765722;0,26004598;0,0001;0;0,0001
2017-04-13 07:00:00+00:00;0,00035431;0;7,13E-05;0;0;0;0,117;0,117;0,65319048;0,25530556;0,0001;0;0,0001
2017-04-13 08:00:00+00:00;0,00028342;0;0,00011961;0;0;0,106226687;0,266;0,266;0,64500022;0,25361255;0,0001;0,106226687;0,0001
2017-04-13 09:00:00+00:00;7,61E-05;0;0,00017266;0;0;0,293404155;0,313;0,313;0,64783369;0,25395116;0,0001;0,293404155;0,0001
2017-04-13 10:00:00+00:00;4,26E-05;0;0,00022839;0;0;0,487436697;0,26;0,26;0,64929976;0,33487692;0,0001;0,487436697;0,0001
2017-04-13 11:00:00+00:00;4,23E-05;0;0,00028539;0;0;0,610188768;0,206;0,206;0,65123102;0,3721231;0,0001;0,610188768;0,0001
2017-04-13 12:00:00+00:00;4,30E-05;0;0,0003455;0;0;0,672613103;0,171;0,171;0,66794986;0,3741547;0,0001;0,672613103;0,0001
2017-04-13 13:00:00+00:00;4,17E-05;0;0,00037538;0;0;0,699175864;0,151;0,151;0,66393226;0,36399666;0,0001;0,699175864;0,0001
2017-04-13 14:00:00+00:00;4,24E-05;0;0,00037437;0;0;0,677520707;0,143;0,143;0,67010667;0,35620882;0,0001;0,677520707;0,0001
2017-04-13 15:00:00+00:00;4,69E-05;0;0,00036842;0;0;0,610646641;0,134;0,134;0,67535069;0,57426822;0,0001;0,610646641;0,0001
2017-04-13 16:00:00+00:00;5,60E-05;0;0,00033935;0;0;0,494892262;0,104;0,104;0,67422294;0,58070164;0,0001;0,494892262;0,0001
2017-04-13 17:00:00+00:00;8,57E-05;0;0,00028589;0;0;0,298268081;0,103;0,103;0,65999924;0,7686255;0,0001;0,298268081;0,0001
2017-04-13 18:00:00+00:00;0,00033477;0;0,00023335;0;0;0,10299062;0,141;0,141;0,76915096;0,88882905;0,0001;0,10299062;0,0001
2017-04-13 19:00:00+00:00;0,00034886;0;0,00018043;0;0;0;0,169;0,169;0,8440192;0,88679744;0,0001;0;0,0001
2017-04-13 20:00:00+00:00;9,60E-05;0;0,00012655;0;0;0;0,182;0,182;0,74231061;0,88442723;0,0001;0;0,0001
2017-04-13 21:00:00+00:00;4,99E-05;0;7,89E-05;0;0;0;0,18;0,18;0,71978388;0,89187646;0,0001;0;0,0001
2017-04-13 22:00:00+00:00;2,97E-05;0;3,70E-05;0;0;0;0,184;0,184;0,70417869;0,3741547;0,0001;0;0,0001
2017-04-13 23:00:00+00:00;5,02E-06;0;6,28E-06;0;0;0;0,195;0,195;0,69632676;0,24954934;0,0001;0;0,0001
2017-04-14 00:00:00+00:00;7,00E-08;0;0;0;0;0;0,195;0,195;0,68159558;0,25327395;0,0001;0;0,0001
2017-04-14 01:00:00+00:00;8,82E-06;0;0;0;0;0;0,193;0,193;0,68014361;0,25259675;0,0001;0;0,0001
2017-04-14 02:00:00+00:00;1,41E-05;0;0;0;0;0;0,19;0,19;0,60808064;0,25462836;0,0001;0;0,0001
2017-04-14 03:00:00+00:00;1,93E-05;0;0;0;0;0;0,195;0,195;0,60916609;0,25564416;0,0001;0;0,0001
2017-04-14 04:00:00+00:00;2,77E-05;0;0;0;0;0;0,204;0,204;0,61150617;0,25496696;0,0001;0;0,0001
2017-04-14 05:00:00+00:00;6,38E-05;0;4,12E-06;0;0;0;0,216;0,216;0,65314819;0,26140039;0,0001;0;0,0001
2017-04-14 06:00:00+00:00;0,00027381;0;3,03E-05;0;0;0;0,216;0,216;0,70004833;0,25835298;0,0001;0;0,0001
2017-04-14 07:00:00+00:00;0,00034974;0;7,12E-05;0;0;0;0,087;0,087;0,68857351;0,25496696;0,0001;0;0,0001
2017-04-14 08:00:00+00:00;0,0002815;0;0,0001195;0;0;0,092349289;0,119;0,119;0,69629857;0,29221313;0,0001;0,092349289;0,0001
2017-04-14 09:00:00+00:00;7,50E-05;0;0,00017334;0;0;0,28772535;0,106;0,106;0,69904745;0,30169397;0,0001;0,28772535;0,0001
2017-04-14 10:00:00+00:00;4,25E-05;0;0,00022771;0;0;0,48365952;0,064;0,064;0,70011881;0,30237118;0,0001;0,48365952;0,0001
2017-04-14 11:00:00+00:00;4,25E-05;0;0,00028594;0;0;0,625588804;0,035;0,035;0,69316908;0,30237118;0,0001;0,625588804;0,0001
2017-04-14 12:00:00+00:00;4,30E-05;0;0,00034371;0;0;0,718989052;0,02;0,02;0,69363427;0,30372558;0,0001;0,718989052;0,0001
2017-04-14 13:00:00+00:00;4,17E-05;0;0,00037439;0;0;0,79223189;0,011;0,011;0,68957439;0,29932376;0,0001;0,79223189;0,0001
2017-04-14 14:00:00+00:00;4,23E-05;0;0,00037417;0;0;0,756453433;0,006;0,006;0,68932064;0,29187453;0,0001;0,756453433;0,0001
2017-04-14 15:00:00+00:00;4,68E-05;0;0,0003691;0;0;0,635151327;0,003;0,003;0,69576289;0,29255173;0,0001;0,635151327;0,0001
2017-04-14 16:00:00+00:00;5,58E-05;0;0,00034101;0;0;0,498931658;0,002;0,002;0,70479896;0,50925672;0,0001;0,498931658;0,0001
2017-04-14 17:00:00+00:00;8,57E-05;0;0,00028815;0;0;0,325023901;0,004;0,004;0,7059126;0,75067962;0,0001;0,325023901;0,0001
2017-04-14 18:00:00+00:00;0,00033286;0;0,00023343;0;0;0,122777255;0,009;0,009;0,79411644;0,89255366;0,0001;0,122777255;0,0001
2017-04-14 19:00:00+00:00;0,00035239;0;0,00017905;0;0;0;0,025;0,025;0,87483486;0,89018345;0,0001;0;0,0001
2017-04-14 20:00:00+00:00;9,70E-05;0;0,00012673;0;0;0;0,062;0,062;0,76662763;0,88578163;0,0001;0;0,0001
2017-04-14 21:00:00+00:00;4,98E-05;0;7,92E-05;0;0;0;0,121;0,121;0,72122176;0,88476583;0,0001;0;0,0001
2017-04-14 22:00:00+00:00;2,95E-05;0;3,71E-05;0;0;0;0,187;0,187;0,70845003;0,36941428;0,0001;0;0,0001
2017-04-14 23:00:00+00:00;4,88E-06;0;6,22E-06;0;0;0;0,221;0,221;0,70601128;0,25191955;0,0001;0;0,0001
2017-04-15 00:00:00+00:00;1,13E-06;0;0;0;0;0;0,198;0,198;0,69817345;0,24345451;0,0001;0;0,0001
2017-04-15 01:00:00+00:00;1,16E-05;0;0;0;0;0;0,143;0,143;0,69245014;0,24988794;0,0001;0;0,0001
2017-04-15 02:00:00+00:00;1,78E-05;0;0;0;0;0;0,095;0,095;0,69956903;0,24582472;0,0001;0;0,0001
2017-04-15 03:00:00+00:00;2,36E-05;0;0;0;0;0;0,066;0,066;0,69772235;0,24480891;0,0001;0;0,0001
2017-04-15 04:00:00+00:00;3,27E-05;0;0;0;0;0;0,052;0,052;0,69150565;0,25970738;0,0001;0;0,0001
2017-04-15 05:00:00+00:00;7,10E-05;0;4,39E-06;0;0;0;0,048;0,048;0,70092233;0,25598277;0,0001;0;0,0001
2017-04-15 06:00:00+00:00;0,00028289;0;3,03E-05;0;0;0;0,045;0,045;0,70749145;0,25564416;0,0001;0;0,0001
2017-04-15 07:00:00+00:00;0,00036944;0;7,03E-05;0;0;0;0,013;0,013;0,70069678;0,25259675;0,0001;0;0,0001
2017-04-15 08:00:00+00:00;0,00030625;0;0,00011874;0;0;0,175762167;0,002;0,002;0,708591;0,28747271;0,0001;0,175762167;0,0001
2017-04-15 09:00:00+00:00;0,00010824;0;0,00017226;0;0;0,424817587;0,002;0,002;0,71234076;0,30270978;0,0001;0,424817587;0,0001
2017-04-15 10:00:00+00:00;7,35E-05;0;0,0002289;0;0;0,617448672;0,003;0,003;0,71212931;0,28747271;0,0001;0,617448672;0,0001
2017-04-15 11:00:00+00:00;7,39E-05;0;0,0002876;0;0;0,764684121;0,006;0,006;0,70929584;0,29695355;0,0001;0,764684121;0,0001
2017-04-15 12:00:00+00:00;7,46E-05;0;0,00034429;0;0;0,844084831;0,011;0,011;0,70914078;0,29458334;0,0001;0,844084831;0,0001
2017-04-15 13:00:00+00:00;7,48E-05;0;0,00037375;0;0;0,866226642;0,015;0,015;0,70261395;0,29322894;0,0001;0,866226642;0,0001
2017-04-15 14:00:00+00:00;7,50E-05;0;0,00037318;0;0;0,834656151;0,018;0,018;0,72764991;0,29052012;0,0001;0,834656151;0,0001
2017-04-15 15:00:00+00:00;7,92E-05;0;0,00036829;0;0;0,748462969;0,016;0,016;0,72542261;0,50959532;0,0001;0,748462969;0,0001
2017-04-15 16:00:00+00:00;8,03E-05;0;0,00034135;0;0;0,605065109;0,012;0,012;0,72277241;0,50959532;0,0001;0,605065109;0,0001
2017-04-15 17:00:00+00:00;0,00010381;0;0,00028761;0;0;0,415263888;0,013;0,013;0,71294692;0,74864801;0,0001;0,415263888;0,0001
2017-04-15 18:00:00+00:00;0,00035108;0;0,00023293;0;0;0,183460603;0,026;0,026;0,81497974;0,88713604;0,0001;0,183460603;0,0001
2017-04-15 19:00:00+00:00;0,00035832;0;0,0001802;0;0;0;0,061;0,061;0,88544977;0,88375002;0,0001;0;0,0001
2017-04-15 20:00:00+00:00;0,00010158;0;0,00012676;0;0;0;0,113;0,113;0,78660283;0,87494638;0,0001;0;0,0001
2017-04-15 21:00:00+00:00;5,44E-05;0;7,94E-05;0;0;0;0,146;0,146;0,72292747;0,87460778;0,0001;0;0,0001
2017-04-15 22:00:00+00:00;3,34E-05;0;3,76E-05;0;0;0;0,156;0,156;0,7223636;0,36331945;0,0001;0;0,0001
2017-04-15 23:00:00+00:00;6,90E-06;0;6,22E-06;0;0;0;0,151;0,151;0,68110219;0,24040709;0,0001;0;0,0001
2017-04-16 00:00:00+00:00;1,48E-06;0;0;0;0;0;0,146;0,146;0,65647504;0,2407457;0,0001;0;0,0001
2017-04-16 01:00:00+00:00;1,21E-05;0;0;0;0;0;0,139;0,139;0,6766476;0,23972989;0,0001;0;0,0001
2017-04-16 02:00:00+00:00;1,81E-05;0;0;0;0;0;0,137;0,137;0,664186;0,23634388;0,0001;0;0,0001
2017-04-16 03:00:00+00:00;2,45E-05;0;0;0;0;0;0,15;0,15;0,67013486;0,23939129;0,0001;0;0,0001
2017-04-16 04:00:00+00:00;3,33E-05;0;0;0;0;0;0,157;0,157;0,67312339;0,25022654;0,0001;0;0,0001
2017-04-16 05:00:00+00:00;7,04E-05;0;4,27E-06;0;0;0;0,157;0,157;0,68056651;0,25530556;0,0001;0;0,0001
2017-04-16 06:00:00+00:00;0,00028744;0;3,00E-05;0;0;0;0,119;0,119;0,67480091;0,25903018;0,0001;0;0,0001
2017-04-16 07:00:00+00:00;0,00036917;0;7,06E-05;0;0;0;0,035;0,035;0,68483785;0,28848851;0,0001;0;0,0001
2017-04-16 08:00:00+00:00;0,00030914;0;0,00011951;0;0;0,174466083;0,04;0,04;0,69146336;0,30067817;0,0001;0,174466083;0,0001
2017-04-16 09:00:00+00:00;0,00010497;0;0,0001729;0;0;0,414169779;0,077;0,077;0,68386517;0,30101677;0,0001;0,414169779;0,0001
2017-04-16 10:00:00+00:00;7,53E-05;0;0,00022882;0;0;0,621076003;0,079;0,079;0,70018929;0,30372558;0,0001;0,621076003;0,0001
2017-04-16 11:00:00+00:00;7,34E-05;0;0,00028688;0;0;0,753134553;0,073;0,073;0,69638315;0,28950432;0,0001;0,753134553;0,0001
2017-04-16 12:00:00+00:00;7,43E-05;0;0,00034422;0;0;0,825408328;0,069;0,069;0,69853997;0,29255173;0,0001;0,825408328;0,0001
2017-04-16 13:00:00+00:00;7,46E-05;0;0,00037413;0;0;0,850062924;0,059;0,059;0,69853997;0,29322894;0,0001;0,850062924;0,0001
2017-04-16 14:00:00+00:00;7,58E-05;0;0,00037417;0;0;0,800706313;0,053;0,053;0,6939444;0,29458334;0,0001;0,800706313;0,0001
2017-04-16 15:00:00+00:00;7,57E-05;0;0,00036985;0;0;0,740704548;0,048;0,048;0,6970457;0,29119733;0,0001;0,740704548;0,0001
2017-04-16 16:00:00+00:00;8,08E-05;0;0,00034007;0;0;0,596494346;0,044;0,044;0,69214001;0,5055321;0,0001;0,596494346;0,0001
2017-04-16 17:00:00+00:00;0,00010442;0;0,00028591;0;0;0,417480398;0,068;0,068;0,67313749;0,7472936;0,0001;0,417480398;0,0001
2017-04-16 18:00:00+00:00;0,00034526;0;0,00023231;0;0;0,181555728;0,146;0,146;0,88007888;0,88341142;0,0001;0,181555728;0,0001
2017-04-16 19:00:00+00:00;0,00035929;0;0,00017901;0;0;0;0,217;0,217;0,82393122;0,88307282;0,0001;0;0,0001
2017-04-16 20:00:00+00:00;0,00010112;0;0,00012505;0;0;0;0,239;0,239;0,77315446;0,88408863;0,0001;0;0,0001
2017-04-16 21:00:00+00:00;5,39E-05;0;7,75E-05;0;0;0;0,202;0,202;0,7276781;0,88137981;0,0001;0;0,0001
2017-04-16 22:00:00+00:00;3,33E-05;0;3,64E-05;0;0;0;0,141;0,141;0,71510374;0,35485442;0,0001;0;0,0001
2017-04-16 23:00:00+00:00;7,19E-06;0;6,23E-06;0;0;0;0,099;0,099;0,70694167;0,2414229;0,0001;0;0,0001
2017-04-17 00:00:00+00:00;2,06E-06;0;0;0;0;0;0,069;0,069;0,65870234;0,23735968;0,0001;0;0,0001
2017-04-17 01:00:00+00:00;1,24E-05;0;0;0;0;0;0,053;0,053;0,64815791;0,23702108;0,0001;0;0,0001
2017-04-17 02:00:00+00:00;1,76E-05;0;0;0;0;0;0,038;0,038;0,61394492;0,23871409;0,0001;0;0,0001
2017-04-17 03:00:00+00:00;2,41E-05;0;0;0;0;0;0,027;0,027;0,61608764;0,23871409;0,0001;0;0,0001
2017-04-17 04:00:00+00:00;3,26E-05;0;0;0;0;0;0,03;0,03;0,61469205;0,25293535;0,0001;0;0,0001
2017-04-17 05:00:00+00:00;7,04E-05;0;4,12E-06;0;0;0;0,056;0,056;0,6246726;0,25259675;0,0001;0;0,0001
2017-04-17 06:00:00+00:00;0,00028322;0;2,93E-05;0;0;0;0,106;0,106;0,61872374;0,25056514;0,0001;0;0,0001
2017-04-17 07:00:00+00:00;0,00037068;0;6,95E-05;0;0;0;0,058;0,058;0,65725037;0,25022654;0,0001;0;0,0001
2017-04-17 08:00:00+00:00;0,000306;0;0,00011835;0;0;0,169114738;0,023;0,023;0,67519562;0,25395116;0,0001;0,169114738;0,0001
2017-04-17 09:00:00+00:00;0,00010432;0;0,0001713;0;0;0,405146262;0,034;0,034;0,67501236;0,2851025;0,0001;0,405146262;0,0001
2017-04-17 10:00:00+00:00;7,43E-05;0;0,00022637;0;0;0,620901065;0,028;0,028;0,67419475;0,2847639;0,0001;0,620901065;0,0001
2017-04-17 11:00:00+00:00;7,42E-05;0;0,00028432;0;0;0,76124807;0,019;0,019;0,67329255;0,30169397;0,0001;0,76124807;0,0001
2017-04-17 12:00:00+00:00;7,63E-05;0;0,0003435;0;0;0,841040129;0,015;0,015;0,63697913;0,29830796;0,0001;0,841040129;0,0001
2017-04-17 13:00:00+00:00;7,58E-05;0;0,00037638;0;0;0,859003568;0,016;0,016;0,60534586;0,29932376;0,0001;0,859003568;0,0001
2017-04-17 14:00:00+00:00;7,73E-05;0;0,00037418;0;0;0,835632924;0,022;0,022;0,70718132;0,2864569;0,0001;0,835632924;0,0001
2017-04-17 15:00:00+00:00;7,88E-05;0;0,00036977;0;0;0,752144562;0,029;0,029;0,69979458;0,28442529;0,0001;0,752144562;0,0001
2017-04-17 16:00:00+00:00;8,14E-05;0;0,00034138;0;0;0,608353053;0,037;0,037;0,68510569;0,5051935;0,0001;0,608353053;0,0001
2017-04-17 17:00:00+00:00;0,00010476;0;0,00028918;0;0;0,420301773;0,065;0,065;0,65311999;0,74018297;0,0001;0,420301773;0,0001
2017-04-17 18:00:00+00:00;0,00034762;0;0,00023495;0;0;0,182204244;0,133;0,133;0,77168839;0,88578163;0,0001;0,182204244;0,0001
2017-04-17 19:00:00+00:00;0,0003613;0;0,00018158;0;0;0;0,188;0,188;0,81609339;0,88205702;0,0001;0;0,0001
2017-04-17 20:00:00+00:00;0,00010107;0;0,00012727;0;0;0;0,162;0,162;0,78777287;0,87562359;0,0001;0;0,0001
2017-04-17 21:00:00+00:00;5,35E-05;0;7,82E-05;0;0;0;0,117;0,117;0,71263679;0,8773166;0,0001;0;0,0001
2017-04-17 22:00:00+00:00;3,29E-05;0;3,70E-05;0;0;0;0,102;0,102;0,67880441;0,37246169;0,0001;0;0,0001
2017-04-17 23:00:00+00:00;7,42E-06;0;6,28E-06;0;0;0;0,112;0,112;0,67848018;0,2424387;0,0001;0;0,0001
2017-04-18 00:00:00+00:00;1,52E-06;0;0;0;0;0;0,138;0,138;0,64411212;0,24413171;0,0001;0;0,0001
2017-04-18 01:00:00+00:00;1,17E-05;0;0;0;0;0;0,151;0,151;0,65282396;0,2414229;0,0001;0;0,0001
2017-04-18 02:00:00+00:00;1,79E-05;0;0;0;0;0;0,116;0,116;0,64969447;0,24006849;0,0001;0;0,0001
2017-04-18 03:00:00+00:00;2,34E-05;0;0;0;0;0;0,059;0,059;0,64085576;0,25056514;0,0001;0;0,0001
2017-04-18 04:00:00+00:00;3,33E-05;0;0;0;0;0;0,034;0,034;0,6358091;0,25022654;0,0001;0;0,0001
2017-04-18 05:00:00+00:00;7,13E-05;0;4,16E-06;0;0;0;0,022;0,022;0,64459142;0,25090374;0,0001;0;0,0001
2017-04-18 06:00:00+00:00;0,00028585;0;3,01E-05;0;0;0;0,016;0,016;0,59261642;0,24853353;0,0001;0;0,0001
2017-04-18 07:00:00+00:00;0,00037051;0;7,05E-05;0;0;0;0,014;0,014;0,55685278;0,25327395;0,0001;0;0,0001
2017-04-18 08:00:00+00:00;0,00030514;0;0,0001189;0;0;0,174356094;0,029;0,029;0,56842627;0,25428976;0,0001;0,174356094;0,0001
2017-04-18 09:00:00+00:00;0,00010474;0;0,00017251;0;0;0,419430662;0,063;0,063;0,55998227;0,25090374;0,0001;0,419430662;0,0001
2017-04-18 10:00:00+00:00;7,47E-05;0;0,00022786;0;0;0,62500587;0,053;0,053;0,55590829;0,2851025;0,0001;0,62500587;0,0001
2017-04-18 11:00:00+00:00;7,33E-05;0;0,00028489;0;0;0,768674383;0,033;0,033;0,56521219;0,2847639;0,0001;0,768674383;0,0001
2017-04-18 12:00:00+00:00;7,54E-05;0;0,00034257;0;0;0,845731648;0,025;0,025;0,54286873;0,30000097;0,0001;0,845731648;0,0001
2017-04-18 13:00:00+00:00;7,70E-05;0;0,00037398;0;0;0,858176086;0,02;0,02;0,59604195;0,2857797;0,0001;0,858176086;0,0001
2017-04-18 14:00:00+00:00;7,71E-05;0;0,00037436;0;0;0,82414399;0,017;0,017;0,63083292;0,2857797;0,0001;0,82414399;0,0001
2017-04-18 15:00:00+00:00;7,71E-05;0;0,00037033;0;0;0,734388833;0,016;0,016;0,66470759;0,28781131;0,0001;0,734388833;0,0001
2017-04-18 16:00:00+00:00;8,12E-05;0;0,00033992;0;0;0,603355611;0,018;0,018;0,64411212;0,51399714;0,0001;0,603355611;0,0001
2017-04-18 17:00:00+00:00;0,00010547;0;0,0002858;0;0;0,413741153;0,036;0,036;0,64367512;0,75304983;0,0001;0,413741153;0,0001
2017-04-18 18:00:00+00:00;0,00035063;0;0,00023211;0;0;0,177902105;0,089;0,089;0,74418548;0,86207953;0,0001;0,177902105;0,0001
2017-04-18 19:00:00+00:00;0,00035926;0;0,00018092;0;0;0;0,158;0,158;0,77388749;0,87968681;0,0001;0;0,0001
2017-04-18 20:00:00+00:00;0,00010112;0;0,00012759;0;0;0;0,166;0,166;0,76290607;0,88002541;0,0001;0;0,0001
2017-04-18 21:00:00+00:00;5,43E-05;0;7,95E-05;0;0;0;0,163;0,163;0,7099161;0,8776552;0,0001;0;0,0001
2017-04-18 22:00:00+00:00;3,34E-05;0;3,72E-05;0;0;0;0,172;0,172;0,68074977;0,36365806;0,0001;0;0,0001
2017-04-18 23:00:00+00:00;7,40E-06;0;6,28E-06;0;0;0;0,148;0,148;0,66274813;0,24887213;0,0001;0;0,0001
2017-04-19 00:00:00+00:00;1,79E-06;0;0;0;0;0;0,119;0,119;0,65455787;0,24379311;0,0001;0;0,0001
2017-04-19 01:00:00+00:00;1,16E-05;0;0;0;0;0;0,107;0,107;0,62027439;0,23972989;0,0001;0;0,0001
2017-04-19 02:00:00+00:00;1,76E-05;0;0;0;0;0;0,113;0,113;0,62870429;0,24006849;0,0001;0;0,0001
2017-04-19 03:00:00+00:00;2,39E-05;0;0;0;0;0;0,122;0,122;0,6158057;0,23905269;0,0001;0;0,0001
2017-04-19 04:00:00+00:00;3,32E-05;0;0;0;0;0;0,122;0,122;0,60355556;0,25632137;0,0001;0;0,0001
2017-04-19 05:00:00+00:00;7,11E-05;0;4,05E-06;0;0;0;0,12;0,12;0,61349382;0,24277731;0,0001;0;0,0001
2017-04-19 06:00:00+00:00;0,00028305;0;3,00E-05;0;0;0;0,102;0,102;0,58661118;0,24988794;0,0001;0;0,0001
2017-04-19 07:00:00+00:00;0,00036836;0;7,16E-05;0;0;0;0,049;0,049;0,61510086;0,25598277;0,0001;0;0,0001
2017-04-19 08:00:00+00:00;0,00030641;0;0,00011958;0;0;0,17113705;0,026;0,026;0,61510086;0,25462836;0,0001;0,17113705;0,0001
2017-04-19 09:00:00+00:00;0,00010547;0;0,0001724;0;0;0,412253114;0,058;0,058;0,66233932;0,25395116;0,0001;0,412253114;0,0001
2017-04-19 10:00:00+00:00;7,57E-05;0;0,00022851;0;0;0,627443415;0,083;0,083;0,6601966;0,25903018;0,0001;0,627443415;0,0001
2017-04-19 11:00:00+00:00;7,38E-05;0;0,0002863;0;0;0,778373919;0,089;0,089;0,66575075;0,24040709;0,0001;0,778373919;0,0001
2017-04-19 12:00:00+00:00;7,86E-05;0;0,00034543;0;0;0,840467238;0,064;0,064;0,66112699;0,27866907;0,0001;0,840467238;0,0001
2017-04-19 13:00:00+00:00;7,85E-05;0;0,00037491;0;0;0,867316368;0,035;0,035;0,67709869;0,27629886;0,0001;0,867316368;0,0001
2017-04-19 14:00:00+00:00;7,70E-05;0;0,0003747;0;0;0,833919741;0,023;0,023;0,67329255;0,29322894;0,0001;0,833919741;0,0001
2017-04-19 15:00:00+00:00;7,82E-05;0;0,00036916;0;0;0,74721625;0,011;0,011;0,68840435;0,27629886;0,0001;0,74721625;0,0001
2017-04-19 16:00:00+00:00;7,99E-05;0;0,00034129;0;0;0,598725495;0,001;0,001;0,65111825;0,49164944;0,0001;0,598725495;0,0001
2017-04-19 17:00:00+00:00;0,00010489;0;0,0002877;0;0;0,406093318;0,009;0,009;0,65873053;0,75812885;0,0001;0,406093318;0,0001
2017-04-19 18:00:00+00:00;0,0003487;0;0,00023597;0;0;0,175918558;0,043;0,043;0,85697418;0,87630079;0,0001;0,175918558;0,0001
2017-04-19 19:00:00+00:00;0,00036156;0;0,0001821;0;0;0;0,062;0,062;0,87683661;0,88375002;0,0001;0;0,0001
2017-04-19 20:00:00+00:00;0,00010099;0;0,00012587;0;0;0;0,095;0,095;0,81447225;0,8793482;0,0001;0;0,0001
2017-04-19 21:00:00+00:00;5,43E-05;0;7,80E-05;0;0;0;0,119;0,119;0,69025103;0,87426918;0,0001;0;0,0001
2017-04-19 22:00:00+00:00;3,32E-05;0;3,57E-05;0;0;0;0,141;0,141;0,66317103;0,35383861;0,0001;0;0,0001
2017-04-19 23:00:00+00:00;7,78E-06;0;6,28E-06;0;0;0;0,125;0,125;0,63672539;0,2424387;0,0001;0;0,0001
2017-04-20 00:00:00+00:00;1,40E-07;0;0;0;0;0;0,115;0,115;0,60059523;0,23702108;0,0001;0;0,0001
2017-04-20 01:00:00+00:00;8,74E-06;0;0;0;0;0;0,125;0,125;0,56798927;0,24006849;0,0001;0;0,0001
2017-04-20 02:00:00+00:00;1,39E-05;0;0;0;0;0;0,139;0,139;0,60655818;0,2421001;0,0001;0;0,0001
2017-04-20 03:00:00+00:00;1,93E-05;0;0;0;0;0;0,132;0,132;0,60297759;0,23803688;0,0001;0;0,0001
2017-04-20 04:00:00+00:00;2,77E-05;0;0;0;0;0;0,129;0,129;0,60810883;0,23972989;0,0001;0;0,0001
2017-04-20 05:00:00+00:00;6,34E-05;0;4,21E-06;0;0;0;0,132;0,132;0,55390654;0,2417615;0,0001;0;0,0001
2017-04-20 06:00:00+00:00;0,00027215;0;3,02E-05;0;0;0;0,128;0,128;0,56106773;0,23939129;0,0001;0;0,0001
2017-04-20 07:00:00+00:00;0,00035561;0;7,12E-05;0;0;0;0,062;0,062;0,60059523;0,25462836;0,0001;0;0,0001
2017-04-20 08:00:00+00:00;0,00028603;0;0,00011912;0;0;0,178769664;0,013;0,013;0,65670059;0,25361255;0,0001;0,178769664;0,0001
2017-04-20 09:00:00+00:00;7,63E-05;0;0,00017096;0;0;0,432128085;0,005;0,005;0,65162573;0,25361255;0,0001;0,432128085;0,0001
2017-04-20 10:00:00+00:00;4,24E-05;0;0,00022773;0;0;0,631341849;0,002;0,002;0,66095783;0,25361255;0,0001;0,631341849;0,0001
2017-04-20 11:00:00+00:00;4,23E-05;0;0,00028675;0;0;0,771194055;0,002;0,002;0,64762223;0,25225815;0,0001;0,771194055;0,0001
2017-04-20 12:00:00+00:00;4,30E-05;0;0,00034335;0;0;0,846232079;0,002;0,002;0,6326514;0,28679551;0,0001;0,846232079;0,0001
2017-04-20 13:00:00+00:00;4,19E-05;0;0,00037531;0;0;0,861292321;0,001;0,001;0,63775446;0,2861183;0,0001;0,861292321;0,0001
2017-04-20 14:00:00+00:00;4,23E-05;0;0,00037425;0;0;0,817273268;0,001;0,001;0,64195531;0,49876007;0,0001;0,817273268;0,0001
2017-04-20 15:00:00+00:00;4,68E-05;0;0,00037001;0;0;0,71389116;0,002;0,002;0,66087325;0,48860202;0,0001;0,71389116;0,0001
2017-04-20 16:00:00+00:00;5,57E-05;0;0,00034211;0;0;0,584656364;0,002;0,002;0,68368191;0,48690902;0,0001;0,584656364;0,0001
2017-04-20 17:00:00+00:00;8,61E-05;0;0,00028609;0;0;0,385571363;0,001;0,001;0,68407662;0,74966381;0,0001;0,385571363;0,0001
2017-04-20 18:00:00+00:00;0,00033669;0;0,00023257;0;0;0,164903913;0;0;0,87875377;0,88476583;0,0001;0,164903913;0,0001
2017-04-20 19:00:00+00:00;0,00035513;0;0,00017991;0;0;0;0;0;0,86419176;0,88375002;0,0001;0;0,0001
2017-04-20 20:00:00+00:00;9,74E-05;0;0,0001271;0;0;0;0;0;0,78802661;0,87460778;0,0001;0;0,0001
2017-04-20 21:00:00+00:00;4,97E-05;0;7,81E-05;0;0;0;0;0;0,68878496;0,86207953;0,0001;0;0,0001
2017-04-20 22:00:00+00:00;2,98E-05;0;3,67E-05;0;0;0;0;0;0,64793236;0,34740518;0,0001;0;0,0001
2017-04-20 23:00:00+00:00;5,11E-06;0;6,48E-06;0;0;0;0,005;0,005;0,59659173;0,22889464;0,0001;0;0,0001
2017-04-21 00:00:00+00:00;3,00E-08;0;0;0;0;0;0,026;0,026;0,57323329;0,22347702;0,0001;0;0,0001
2017-04-21 01:00:00+00:00;8,76E-06;0;0;0;0;0;0,041;0,041;0,55502019;0,22550863;0,0001;0;0,0001
2017-04-21 02:00:00+00:00;1,40E-05;0;0;0;0;0;0,048;0,048;0,48852547;0,22754024;0,0001;0;0,0001
2017-04-21 03:00:00+00:00;1,93E-05;0;0;0;0;0;0,047;0,047;0,47003043;0,24006849;0,0001;0;0,0001
2017-04-21 04:00:00+00:00;2,75E-05;0;0;0;0;0;0,05;0,05;0,48621359;0,23905269;0,0001;0;0,0001
2017-04-21 05:00:00+00:00;6,38E-05;0;3,96E-06;0;0;0;0,064;0,064;0,53682119;0,23600527;0,0001;0;0,0001
2017-04-21 06:00:00+00:00;0,00027309;0;2,97E-05;0;0;0;0,081;0,081;0,53865378;0,23905269;0,0001;0;0,0001
2017-04-21 07:00:00+00:00;0,00035682;0;6,96E-05;0;0;0;0,036;0,036;0,57259893;0,25361255;0,0001;0;0,0001
2017-04-21 08:00:00+00:00;0,00028445;0;0,00011866;0;0;0,195200566;0,03;0,03;0,61708851;0,25428976;0,0001;0,195200566;0,0001
2017-04-21 09:00:00+00:00;7,67E-05;0;0,00017087;0;0;0,448211222;0,033;0,033;0,6127185;0,23397366;0,0001;0,448211222;0,0001
2017-04-21 10:00:00+00:00;4,23E-05;0;0,00022666;0;0;0,642161497;0,027;0,027;0,62907081;0,24006849;0,0001;0,642161497;0,0001
2017-04-21 11:00:00+00:00;4,22E-05;0;0,00028489;0;0;0,775838758;0,027;0,027;0,62984614;0,23295786;0,0001;0,775838758;0,0001
2017-04-21 12:00:00+00:00;4,30E-05;0;0,00034371;0;0;0,842576551;0,034;0,034;0,56942715;0,45135585;0,0001;0,842576551;0,0001
2017-04-21 13:00:00+00:00;4,18E-05;0;0,00037522;0;0;0,849964397;0,042;0,042;0,58683672;0,45846649;0,0001;0,849964397;0,0001
2017-04-21 14:00:00+00:00;4,25E-05;0;0,00037459;0;0;0,814286408;0,039;0,039;0,62505322;0,47370356;0,0001;0,814286408;0,0001
2017-04-21 15:00:00+00:00;4,68E-05;0;0,0003689;0;0;0,737345138;0,028;0,028;0,64409803;0,47065614;0,0001;0,737345138;0,0001
2017-04-21 16:00:00+00:00;5,59E-05;0;0,00034186;0;0;0,597718638;0,028;0,028;0,64459142;0,47302635;0,0001;0,597718638;0,0001
2017-04-21 17:00:00+00:00;8,62E-05;0;0,00028771;0;0;0,399126262;0,034;0,034;0,64299848;0,75812885;0,0001;0,399126262;0,0001
2017-04-21 18:00:00+00:00;0,0003397;0;0,00023578;0;0;0,167218498;0,03;0,03;0,86306401;0,8790096;0,0001;0,167218498;0,0001
2017-04-21 19:00:00+00:00;0,00035365;0;0,00018023;0;0;0;0,038;0,038;0,84421655;0,87122177;0,0001;0;0,0001
2017-04-21 20:00:00+00:00;9,80E-05;0;0,00012741;0;0;0;0,084;0,084;0,7689677;0,87325338;0,0001;0;0,0001
2017-04-21 21:00:00+00:00;4,98E-05;0;7,93E-05;0;0;0;0,145;0,145;0,63790952;0,86038652;0,0001;0;0,0001
2017-04-21 22:00:00+00:00;2,97E-05;0;3,76E-05;0;0;0;0,15;0,15;0,62044356;0,32370307;0,0001;0;0,0001
2017-04-21 23:00:00+00:00;5,03E-06;0;6,32E-06;0;0;0;0,132;0,132;0,56008095;0,20654694;0,0001;0;0,0001
2017-04-22 00:00:00+00:00;1,85E-06;0;0;0;0;0;0,127;0,127;0,5536528;0,20553114;0,0001;0;0,0001
2017-04-22 01:00:00+00:00;1,17E-05;0;0;0;0;0;0,124;0,124;0,51904509;0,20790135;0,0001;0;0,0001
2017-04-22 02:00:00+00:00;1,81E-05;0;0;0;0;0;0,125;0,125;0,50070512;0,21128736;0,0001;0;0,0001
2017-04-22 03:00:00+00:00;2,35E-05;0;0;0;0;0;0,137;0,137;0,53085823;0,22144541;0,0001;0;0,0001
2017-04-22 04:00:00+00:00;3,32E-05;0;0;0;0;0;0,169;0,169;0,51979222;0,22144541;0,0001;0;0,0001
2017-04-22 05:00:00+00:00;7,14E-05;0;4,21E-06;0;0;0;0,204;0,204;0,53345205;0,22584723;0,0001;0;0,0001
2017-04-22 06:00:00+00:00;0,00028641;0;2,98E-05;0;0;0;0,222;0,222;0,53914717;0,22618583;0,0001;0;0,0001
2017-04-22 07:00:00+00:00;0,00037529;0;7,09E-05;0;0;0;0,125;0,125;0,54158592;0,25598277;0,0001;0;0,0001
2017-04-22 08:00:00+00:00;0,0003119;0;0,00011957;0;0;0,188679544;0,077;0,077;0,54987485;0,25395116;0,0001;0,188679544;0,0001
2017-04-22 09:00:00+00:00;0,0001083;0;0,00017211;0;0;0,439118461;0,153;0,153;0,61858277;0,25428976;0,0001;0,439118461;0,0001
2017-04-22 10:00:00+00:00;7,37E-05;0;0,00022711;0;0;0,638009013;0,161;0,161;0,64119408;0,25428976;0,0001;0,638009013;0,0001
2017-04-22 11:00:00+00:00;7,38E-05;0;0,00028511;0;0;0,76731905;0,149;0,149;0,63655623;0,24650192;0,0001;0,76731905;0,0001
2017-04-22 12:00:00+00:00;7,41E-05;0;0,00034448;0;0;0,835742639;0,128;0,128;0,61261982;0,27528305;0,0001;0,835742639;0,0001
2017-04-22 13:00:00+00:00;7,38E-05;0;0,00037761;0;0;0,840519286;0,1;0,1;0,61732816;0,48047559;0,0001;0,840519286;0,0001
2017-04-22 14:00:00+00:00;7,48E-05;0;0,00037565;0;0;0,813154493;0,066;0,066;0,62757655;0,49334245;0,0001;0,813154493;0,0001
2017-04-22 15:00:00+00:00;7,83E-05;0;0,00036949;0;0;0,718357082;0,037;0,037;0,62708316;0,4831844;0,0001;0,718357082;0,0001
2017-04-22 16:00:00+00:00;8,05E-05;0;0,00034083;0;0;0,55658228;0,02;0,02;0,60510621;0,49131084;0,0001;0,55658228;0,0001
2017-04-22 17:00:00+00:00;0,0001054;0;0,00028614;0;0;0,390687436;0,025;0,025;0,63840291;0,75237263;0,0001;0,390687436;0,0001
2017-04-22 18:00:00+00:00;0,00035194;0;0,0002317;0;0;0,160724966;0,068;0,068;0,77815883;0,8793482;0,0001;0,160724966;0,0001
2017-04-22 19:00:00+00:00;0,00036008;0;0,00017954;0;0;0;0,181;0,181;0,78073855;0,87460778;0,0001;0;0,0001
2017-04-22 20:00:00+00:00;0,00010196;0;0,00012628;0;0;0;0,234;0,234;0,76485143;0,87426918;0,0001;0;0,0001
2017-04-22 21:00:00+00:00;5,38E-05;0;7,85E-05;0;0;0;0,172;0,172;0,66548291;0,87426918;0,0001;0;0,0001
2017-04-22 22:00:00+00:00;3,32E-05;0;3,77E-05;0;0;0;0,102;0,102;0,62768932;0,59153689;0,0001;0;0,0001
2017-04-22 23:00:00+00:00;7,17E-06;0;6,59E-06;0;0;0;0,103;0,103;0,57175312;0,23363506;0,0001;0;0,0001
2017-04-23 00:00:00+00:00;1,72E-06;0;0;0;0;0;0,141;0,141;0,55864307;0,22110681;0,0001;0;0,0001
2017-04-23 01:00:00+00:00;1,21E-05;0;0;0;0;0;0,162;0,162;0,53951368;0,22246121;0,0001;0;0,0001
2017-04-23 02:00:00+00:00;1,82E-05;0;0;0;0;0;0,146;0,146;0,51475966;0,22279981;0,0001;0;0,0001
2017-04-23 03:00:00+00:00;2,46E-05;0;0;0;0;0;0,126;0,126;0,47781188;0,23972989;0,0001;0;0,0001
2017-04-23 04:00:00+00:00;3,27E-05;0;0;0;0;0;0,113;0,113;0,49977473;0,24040709;0,0001;0;0,0001
2017-04-23 05:00:00+00:00;7,13E-05;0;4,14E-06;0;0;0;0,124;0,124;0,53386086;0,23871409;0,0001;0;0,0001
2017-04-23 06:00:00+00:00;0,00028861;0;2,95E-05;0;0;0;0,17;0,17;0,54371454;0,25259675;0,0001;0;0,0001
2017-04-23 07:00:00+00:00;0,00037255;0;6,98E-05;0;0;0;0,089;0,089;0,57774427;0,25903018;0,0001;0;0,0001
2017-04-23 08:00:00+00:00;0,00031214;0;0,0001188;0;0;0,170274909;0,102;0,102;0,59454769;0,25327395;0,0001;0,170274909;0,0001
2017-04-23 09:00:00+00:00;0,00010377;0;0,00017182;0;0;0,417327045;0,251;0,251;0,62188143;0,25225815;0,0001;0,417327045;0,0001
2017-04-23 10:00:00+00:00;7,66E-05;0;0,00022811;0;0;0,619264944;0,29;0,29;0,60799606;0,47065614;0,0001;0,619264944;0,0001
2017-04-23 11:00:00+00:00;7,68E-05;0;0,00028553;0;0;0,756751962;0,257;0,257;0,57314871;0,46997894;0,0001;0,756751962;0,0001
2017-04-23 12:00:00+00:00;7,52E-05;0;0,00034517;0;0;0,823748319;0,195;0,195;0,50477911;0,43611879;0,0001;0,823748319;0,0001
2017-04-23 13:00:00+00:00;7,33E-05;0;0,00037415;0;0;0,818990039;0,129;0,129;0,52953313;0,47268775;0,0001;0,818990039;0,0001
2017-04-23 14:00:00+00:00;7,44E-05;0;0,00037541;0;0;0,76153235;0,08;0,08;0,62988843;0,47302635;0,0001;0,76153235;0,0001
2017-04-23 15:00:00+00:00;7,54E-05;0;0,0003681;0;0;0,680218104;0,051;0,051;0,60163839;0,48826342;0,0001;0,680218104;0,0001
2017-04-23 16:00:00+00:00;8,08E-05;0;0,00034007;0;0;0,550519544;0,047;0,047;0,62329111;0,48182999;0,0001;0,550519544;0,0001
2017-04-23 17:00:00+00:00;0,0001051;0;0,0002846;0;0;0,365494609;0,075;0,075;0,6806229;0,75440424;0,0001;0,365494609;0,0001
2017-04-23 18:00:00+00:00;0,00035218;0;0,00023461;0;0;0,151680312;0,133;0,133;0,83386949;0,88476583;0,0001;0,151680312;0,0001
2017-04-23 19:00:00+00:00;0,00036109;0;0,00018065;0;0;0;0,196;0,196;0,81530397;0,8793482;0,0001;0;0,0001
2017-04-23 20:00:00+00:00;0,00010161;0;0,00012709;0;0;0;0,203;0,203;0,74507358;0,88544303;0,0001;0;0,0001
2017-04-23 21:00:00+00:00;5,40E-05;0;7,79E-05;0;0;0;0,205;0,205;0,64343548;0,8773166;0,0001;0;0,0001
2017-04-23 22:00:00+00:00;3,35E-05;0;3,65E-05;0;0;0;0,232;0,232;0,55754352;0,35722463;0,0001;0;0,0001
2017-04-23 23:00:00+00:00;7,00E-06;0;6,12E-06;0;0;0;0,234;0,234;0,51977813;0,23668248;0,0001;0;0,0001
2017-04-24 00:00:00+00:00;1,74E-06;0;0;0;0;0;0,221;0,221;0,51361782;0,23498947;0,0001;0;0,0001
2017-04-24 01:00:00+00:00;1,19E-05;0;0;0;0;0;0,179;0,179;0,4639829;0,22991045;0,0001;0;0,0001
2017-04-24 02:00:00+00:00;1,79E-05;0;0;0;0;0;0,098;0,098;0,43415401;0,23228066;0,0001;0;0,0001
2017-04-24 03:00:00+00:00;2,40E-05;0;0;0;0;0;0,089;0,089;0,3969243;0,25293535;0,0001;0;0,0001
2017-04-24 04:00:00+00:00;3,28E-05;0;0;0;0;0;0,138;0,138;0,47676872;0,25293535;0,0001;0;0,0001
2017-04-24 05:00:00+00:00;7,16E-05;0;4,01E-06;0;0;0;0,186;0,186;0,49527785;0,25293535;0,0001;0;0,0001
2017-04-24 06:00:00+00:00;0,00028694;0;3,01E-05;0;0;0;0,229;0,229;0,54536387;0,25327395;0,0001;0;0,0001
2017-04-24 07:00:00+00:00;0,00037514;0;7,04E-05;0;0;0;0,122;0,122;0,50098706;0,25361255;0,0001;0;0,0001
2017-04-24 08:00:00+00:00;0,00030794;0;0,00011756;0;0;0,182727069;0,128;0,128;0,55817788;0,25259675;0,0001;0,182727069;0,0001
2017-04-24 09:00:00+00:00;0,00010549;0;0,00017091;0;0;0,432638967;0,267;0,267;0,54602642;0,25124234;0,0001;0,432638967;0,0001
2017-04-24 10:00:00+00:00;7,65E-05;0;0,00022644;0;0;0,634283058;0,339;0,339;0,55083343;0,25056514;0,0001;0,634283058;0,0001
2017-04-24 11:00:00+00:00;7,49E-05;0;0,00028546;0;0;0,767399719;0,347;0,347;0,52999833;0,25462836;0,0001;0,767399719;0,0001
2017-04-24 12:00:00+00:00;7,73E-05;0;0,00034499;0;0;0,830955915;0,298;0,298;0,57640507;0,2851025;0,0001;0,830955915;0,0001
2017-04-24 13:00:00+00:00;7,46E-05;0;0,00037518;0;0;0,843005119;0,221;0,221;0,57135841;0,27325144;0,0001;0,843005119;0,0001
2017-04-24 14:00:00+00:00;7,32E-05;0;0,00037494;0;0;0,813770212;0,125;0,125;0,57367029;0,2864569;0,0001;0,813770212;0,0001
2017-04-24 15:00:00+00:00;7,81E-05;0;0,00036967;0;0;0,725097998;0,062;0,062;0,555866;0,49909867;0,0001;0,725097998;0,0001
2017-04-24 16:00:00+00:00;8,25E-05;0;0,00034011;0;0;0,593585314;0,037;0,037;0,52891287;0,4828458;0,0001;0,593585314;0,0001
2017-04-24 17:00:00+00:00;0,00010492;0;0,00028661;0;0;0,389209161;0,043;0,043;0,63919233;0,75237263;0,0001;0,389209161;0,0001
2017-04-24 18:00:00+00:00;0,00034941;0;0,00023424;0;0;0,167187568;0,078;0,078;0,79704858;0,88781324;0,0001;0,167187568;0,0001
2017-04-24 19:00:00+00:00;0,00036792;0;0,00018213;0;0;0;0,138;0,138;0,7862927;0,82110874;0,0001;0;0,0001
2017-04-24 20:00:00+00:00;0,00010214;0;0,00012811;0;0;0;0,165;0,165;0,73039879;0,88442723;0,0001;0;0,0001
2017-04-24 21:00:00+00:00;5,38E-05;0;7,92E-05;0;0;0;0,199;0,199;0,65454378;0,88408863;0,0001;0;0,0001
2017-04-24 22:00:00+00:00;3,32E-05;0;3,71E-05;0;0;0;0,205;0,205;0,61761009;0,36094924;0,0001;0;0,0001
2017-04-24 23:00:00+00:00;7,37E-06;0;6,33E-06;0;0;0;0,187;0,187;0,57103418;0,23498947;0,0001;0;0,0001
2017-04-25 00:00:00+00:00;1,83E-06;0;0;0;0;0;0,164;0,164;0,590079;0,22212261;0,0001;0;0,0001
2017-04-25 01:00:00+00:00;1,17E-05;0;0;0;0;0;0,166;0,166;0,58304468;0,22449282;0,0001;0;0,0001
2017-04-25 02:00:00+00:00;1,77E-05;0;0;0;0;0;0,153;0,153;0,57639098;0,21839799;0,0001;0;0,0001
2017-04-25 03:00:00+00:00;2,38E-05;0;0;0;0;0;0,128;0,128;0,58060593;0,23431227;0,0001;0;0,0001
2017-04-25 04:00:00+00:00;3,31E-05;0;0;0;0;0;0,1;0,1;0,57486852;0,24887213;0,0001;0;0,0001
2017-04-25 05:00:00+00:00;7,07E-05;0;4,12E-06;0;0;0;0,09;0,09;0,59021996;0,24582472;0,0001;0;0,0001
2017-04-25 06:00:00+00:00;0,00028795;0;3,11E-05;0;0;0;0,094;0,094;0,52369705;0,24684052;0,0001;0;0,0001
2017-04-25 07:00:00+00:00;0,00037343;0;7,15E-05;0;0;0;0,088;0,088;0,50555443;0,25022654;0,0001;0;0,0001
2017-04-25 08:00:00+00:00;0,00031144;0;0,00012043;0;0;0,183970308;0,119;0,119;0,53121065;0,24582472;0,0001;0,183970308;0,0001
2017-04-25 09:00:00+00:00;0,00010778;0;0,00017369;0;0;0,429746577;0,465;0,465;0,53937271;0,24650192;0,0001;0,429746577;0,0001
2017-04-25 10:00:00+00:00;7,47E-05;0;0,00022923;0;0;0,623146114;0,708;0,708;0,52813754;0,24988794;0,0001;0,623146114;0,0001
2017-04-25 11:00:00+00:00;7,64E-05;0;0,00028581;0;0;0,753331183;0,776;0,776;0,54117711;0,24819493;0,0001;0,753331183;0,0001
2017-04-25 12:00:00+00:00;7,68E-05;0;0,000344;0;0;0,840807531;0,748;0,748;0,52716487;0,24988794;0,0001;0,840807531;0,0001
2017-04-25 13:00:00+00:00;7,44E-05;0;0,00037424;0;0;0,863079408;0,672;0,672;0,53028026;0,23363506;0,0001;0,863079408;0,0001
2017-04-25 14:00:00+00:00;7,46E-05;0;0,00037277;0;0;0,830215152;0,55;0,55;0,55840343;0,23634388;0,0001;0,830215152;0,0001
2017-04-25 15:00:00+00:00;8,01E-05;0;0,00036873;0;0;0,748243058;0,439;0,439;0,59778996;0,45643488;0,0001;0,748243058;0,0001
2017-04-25 16:00:00+00:00;8,03E-05;0;0,00033999;0;0;0,601323992;0,361;0,361;0,55251096;0,43307137;0,0001;0,601323992;0,0001
2017-04-25 17:00:00+00:00;0,00010244;0;0,0002866;0;0;0,406752883;0,286;0,286;0,57398042;0,71377205;0,0001;0,406752883;0,0001
2017-04-25 18:00:00+00:00;0,00035006;0;0,00023177;0;0;0,168386706;0,255;0,255;0,70431966;0,88137981;0,0001;0,168386706;0,0001
2017-04-25 19:00:00+00:00;0,0003663;0;0,00017884;0;0;0;0,256;0,256;0,72683229;0,90711353;0,0001;0;0,0001
2017-04-25 20:00:00+00:00;0,00010114;0;0,00012764;0;0;0;0,262;0,262;0,71565351;0,90508192;0,0001;0;0,0001
2017-04-25 21:00:00+00:00;5,39E-05;0;7,99E-05;0;0;0;0,239;0,239;0,66380539;0,8779938;0,0001;0;0,0001
2017-04-25 22:00:00+00:00;3,32E-05;0;3,77E-05;0;0;0;0,283;0,283;0,61319779;0,59018249;0,0001;0;0,0001
2017-04-25 23:00:00+00:00;7,07E-06;0;6,34E-06;0;0;0;0,254;0,254;0,59942519;0,22686303;0,0001;0;0,0001
2017-04-26 00:00:00+00:00;1,71E-06;0;0;0;0;0;0,269;0,269;0,56859543;0,21772079;0,0001;0;0,0001
2017-04-26 01:00:00+00:00;1,18E-05;0;0;0;0;0;0,289;0,289;0,53185911;0,21501198;0,0001;0;0,0001
2017-04-26 02:00:00+00:00;1,81E-05;0;0;0;0;0;0,372;0,372;0,50018354;0,21535058;0,0001;0;0,0001
2017-04-26 03:00:00+00:00;2,41E-05;0;0;0;0;0;0,584;0,584;0,49481265;0,21568918;0,0001;0;0,0001
2017-04-26 04:00:00+00:00;3,31E-05;0;0;0;0;0;0,555;0,555;0,51344865;0,21636638;0,0001;0;0,0001
2017-04-26 05:00:00+00:00;7,07E-05;0;4,47E-06;0;0;0;0,442;0,442;0,56868001;0,23228066;0,0001;0;0,0001
2017-04-26 06:00:00+00:00;0,00028884;0;3,08E-05;0;0;0;0,428;0,428;0,56047566;0,22246121;0,0001;0;0,0001
2017-04-26 07:00:00+00:00;0,00037543;0;7,14E-05;0;0;0;0,397;0,397;0,59511156;0,24514752;0,0001;0;0,0001
2017-04-26 08:00:00+00:00;0,00031269;0;0,00011922;0;0;0,202065566;0,538;0,538;0,62639241;0,24514752;0,0001;0,202065566;0,0001
2017-04-26 09:00:00+00:00;0,00010748;0;0,00017258;0;0;0,457933901;0,531;0,531;0,64395706;0,24616332;0,0001;0,457933901;0,0001
2017-04-26 10:00:00+00:00;7,90E-05;0;0,00022939;0;0;0,655184017;0,437;0,437;0,646861;0,23972989;0,0001;0,655184017;0,0001
2017-04-26 11:00:00+00:00;7,76E-05;0;0,00028492;0;0;0,799254528;0,366;0,366;0,63468135;0,23837548;0,0001;0,799254528;0,0001
2017-04-26 12:00:00+00:00;7,78E-05;0;0,00034448;0;0;0,868586945;0,332;0,332;0,58983935;0,2190752;0,0001;0,868586945;0,0001
2017-04-26 13:00:00+00:00;7,60E-05;0;0,00037476;0;0;0,882857578;0,331;0,331;0,5620686;0,21738219;0,0001;0,882857578;0,0001
2017-04-26 14:00:00+00:00;7,19E-05;0;0,00037489;0;0;0,842447023;0,322;0,322;0,58618827;0,22246121;0,0001;0,842447023;0,0001
2017-04-26 15:00:00+00:00;7,59E-05;0;0,00036863;0;0;0,756090458;0,244;0,244;0,62285411;0,20316092;0,0001;0,756090458;0,0001
2017-04-26 16:00:00+00:00;8,13E-05;0;0,0003405;0;0;0,617524942;0,154;0,154;0,62038717;0,41918871;0,0001;0,617524942;0,0001
2017-04-26 17:00:00+00:00;0,0001031;0;0,00028765;0;0;0,414047858;0,147;0,147;0,60547273;0,73205653;0,0001;0,414047858;0,0001
2017-04-26 18:00:00+00:00;0,00034776;0;0,0002337;0;0;0,172727069;0,2;0,2;0,87459521;0,90575912;0,0001;0,172727069;0,0001
2017-04-26 19:00:00+00:00;0,00036519;0;0,0001807;0;0;0;0,247;0,247;0,82832943;0,89187646;0,0001;0;0,0001
2017-04-26 20:00:00+00:00;0,00010267;0;0,00012803;0;0;0;0,263;0,263;0,80941149;0,88713604;0,0001;0;0,0001
2017-04-26 21:00:00+00:00;5,37E-05;0;7,96E-05;0;0;0;0,239;0,239;0,69831442;0,87156037;0,0001;0;0,0001
2017-04-26 22:00:00+00:00;3,29E-05;0;3,70E-05;0;0;0;0,242;0,242;0,64125047;0,33961735;0,0001;0;0,0001
2017-04-26 23:00:00+00:00;7,65E-06;0;6,11E-06;0;0;0;0,323;0,323;0,54140266;0,21772079;0,0001;0;0,0001
2017-04-27 00:00:00+00:00;8,00E-08;0;0;0;0;0;0,259;0,259;0,52483889;0,19605029;0,0001;0;0,0001
2017-04-27 01:00:00+00:00;8,76E-06;0;0;0;0;0;0,158;0,158;0,50448307;0,19537309;0,0001;0;0,0001
2017-04-27 02:00:00+00:00;1,42E-05;0;0;0;0;0;0,101;0,101;0,4910629;0,18927826;0,0001;0;0,0001
2017-04-27 03:00:00+00:00;1,94E-05;0;0;0;0;0;0,074;0,074;0,48135018;0,19164847;0,0001;0;0,0001
2017-04-27 04:00:00+00:00;2,77E-05;0;0;0;0;0;0,061;0,061;0,51195439;0,20079071;0,0001;0;0,0001
2017-04-27 05:00:00+00:00;6,49E-05;0;3,97E-06;0;0;0;0,06;0,06;0,55507658;0,20823995;0,0001;0;0,0001
2017-04-27 06:00:00+00:00;0,00027918;0;3,02E-05;0;0;0;0,076;0,076;0,52111733;0,20586974;0,0001;0;0,0001
2017-04-27 07:00:00+00:00;0,00036006;0;7,06E-05;0;0;0;0,084;0,084;0,57632049;0,25090374;0,0001;0;0,0001
2017-04-27 08:00:00+00:00;0,00028655;0;0,00011964;0;0;0,199870788;0,232;0,232;0,58376362;0,24616332;0,0001;0,199870788;0,0001
2017-04-27 09:00:00+00:00;7,62E-05;0;0,00017175;0;0;0,455272955;0,382;0,382;0,56677694;0,24650192;0,0001;0,455272955;0,0001
2017-04-27 10:00:00+00:00;4,25E-05;0;0,00022885;0;0;0,653754324;0,382;0,382;0,57963325;0,28713411;0,0001;0,653754324;0,0001
2017-04-27 11:00:00+00:00;4,24E-05;0;0,00028746;0;0;0,784221984;0,282;0,282;0,57722269;0,28679551;0,0001;0,784221984;0,0001
2017-04-27 12:00:00+00:00;4,29E-05;0;0,00034582;0;0;0,855356905;0,18;0,18;0,53371989;0,26986543;0,0001;0,855356905;0,0001
2017-04-27 13:00:00+00:00;4,19E-05;0;0,00037392;0;0;0,869898163;0,124;0,124;0,58360855;0,25936878;0,0001;0,869898163;0,0001
2017-04-27 14:00:00+00:00;4,25E-05;0;0,00037475;0;0;0,828961736;0,104;0,104;0,61474844;0,26140039;0,0001;0,828961736;0,0001
2017-04-27 15:00:00+00:00;4,69E-05;0;0,000369;0;0;0,731111932;0,102;0,102;0,619781;0,47031754;0,0001;0,731111932;0,0001
2017-04-27 16:00:00+00:00;5,57E-05;0;0,00034145;0;0;0,571610752;0,096;0,096;0,62931046;0,48792482;0,0001;0,571610752;0,0001
2017-04-27 17:00:00+00:00;8,61E-05;0;0,00028766;0;0;0,37448044;0,109;0,109;0,61517134;0,75271123;0,0001;0,37448044;0,0001
2017-04-27 18:00:00+00:00;0,00034046;0;0,00023413;0;0;0,148381068;0,193;0,193;0,87823219;0,88578163;0,0001;0,148381068;0,0001
2017-04-27 19:00:00+00:00;0,00035934;0;0,00017873;0;0;0;0,274;0,274;0,8488826;0,878671;0,0001;0;0,0001
2017-04-27 20:00:00+00:00;9,73E-05;0;0,00012617;0;0;0;0,258;0,258;0,78296585;0,8773166;0,0001;0;0,0001
2017-04-27 21:00:00+00:00;4,97E-05;0;7,86E-05;0;0;0;0,184;0,184;0,68423169;0,87697799;0,0001;0;0,0001
2017-04-27 22:00:00+00:00;2,95E-05;0;3,68E-05;0;0;0;0,156;0,156;0,6109282;0,36399666;0,0001;0;0,0001
2017-04-27 23:00:00+00:00;4,93E-06;0;6,13E-06;0;0;0;0,146;0,146;0,55524574;0,2197524;0,0001;0;0,0001
2017-04-28 00:00:00+00:00;2,30E-07;0;0;0;0;0;0,156;0,156;0,52677015;0,22855604;0,0001;0;0,0001
2017-04-28 01:00:00+00:00;8,78E-06;0;0;0;0;0;0,186;0,186;0,51392795;0,22144541;0,0001;0;0,0001
2017-04-28 02:00:00+00:00;1,40E-05;0;0;0;0;0;0,188;0,188;0,48815895;0,22313842;0,0001;0;0,0001
2017-04-28 03:00:00+00:00;1,92E-05;0;0;0;0;0;0,24;0,24;0,47590881;0,20891715;0,0001;0;0,0001
2017-04-28 04:00:00+00:00;2,76E-05;0;0;0;0;0;0,242;0,242;0,51395614;0,21027156;0,0001;0;0,0001
2017-04-28 05:00:00+00:00;6,45E-05;0;4,09E-06;0;0;0;0,258;0,258;0,57207735;0,24006849;0,0001;0;0,0001
2017-04-28 06:00:00+00:00;0,00028019;0;3,05E-05;0;0;0;0,222;0,222;0,56401396;0,23769828;0,0001;0;0,0001
2017-04-28 07:00:00+00:00;0,00035898;0;7,12E-05;0;0;0;0,155;0,155;0,59872035;0,25395116;0,0001;0;0,0001
2017-04-28 08:00:00+00:00;0,00029162;0;0,00011948;0;0;0,145837054;0,148;0,148;0,609152;0,25327395;0,0001;0,145837054;0,0001
2017-04-28 09:00:00+00:00;7,58E-05;0;0,00017193;0;0;0,383843124;0,222;0,222;0,5407683;0,25327395;0,0001;0,383843124;0,0001
2017-04-28 10:00:00+00:00;4,23E-05;0;0,00022939;0;0;0,588841387;0,25;0,25;0,56335141;0,24717913;0,0001;0,588841387;0,0001
2017-04-28 11:00:00+00:00;4,23E-05;0;0,00028603;0;0;0,741144247;0,231;0,231;0,56821482;0,25191955;0,0001;0,741144247;0,0001
2017-04-28 12:00:00+00:00;4,29E-05;0;0,0003436;0;0;0,81403624;0,204;0,204;0,49512278;0,28307089;0,0001;0,81403624;0,0001
2017-04-28 13:00:00+00:00;4,20E-05;0;0,00037429;0;0;0,82845823;0,179;0,179;0,5789707;0,25564416;0,0001;0,82845823;0,0001
2017-04-28 14:00:00+00:00;4,25E-05;0;0,00037626;0;0;0,790904495;0,156;0,156;0,58362265;0,2624162;0,0001;0,790904495;0,0001
2017-04-28 15:00:00+00:00;4,68E-05;0;0,00036887;0;0;0,689050681;0,125;0,125;0,58834509;0,24413171;0,0001;0,689050681;0,0001
2017-04-28 16:00:00+00:00;5,58E-05;0;0,00033983;0;0;0,547074467;0,122;0,122;0,60896874;0,31083622;0,0001;0,547074467;0,0001
2017-04-28 17:00:00+00:00;8,69E-05;0;0,00028596;0;0;0,34611966;0,154;0,154;0,63485051;0,75508144;0,0001;0,34611966;0,0001
2017-04-28 18:00:00+00:00;0,00034001;0;0,00023317;0;0;0,132223064;0,244;0,244;0,86632038;0,8793482;0,0001;0,132223064;0,0001
2017-04-28 19:00:00+00:00;0,0003598;0;0,00018019;0;0;0;0,292;0,292;0,84386413;0,88849045;0,0001;0;0,0001
2017-04-28 20:00:00+00:00;9,74E-05;0;0,00012792;0;0;0;0,229;0,229;0,77294301;0,88510443;0,0001;0;0,0001
2017-04-28 21:00:00+00:00;4,97E-05;0;8,03E-05;0;0;0;0,16;0,16;0,69856816;0,88070261;0,0001;0;0,0001
2017-04-28 22:00:00+00:00;2,96E-05;0;3,73E-05;0;0;0;0,146;0,146;0,62905672;0,58544207;0,0001;0;0,0001
2017-04-28 23:00:00+00:00;4,97E-06;0;6,35E-06;0;0;0;0,144;0,144;0,58171958;0,23261926;0,0001;0;0,0001
2017-04-29 00:00:00+00:00;1,67E-06;0;0;0;0;0;0,155;0,155;0,48563562;0,22178401;0,0001;0;0,0001
2017-04-29 01:00:00+00:00;1,20E-05;0;0;0;0;0;0,166;0,166;0,43497163;0,22246121;0,0001;0;0,0001
2017-04-29 02:00:00+00:00;1,80E-05;0;0;0;0;0;0,16;0,16;0,40301413;0,20519253;0,0001;0;0,0001
2017-04-29 03:00:00+00:00;2,35E-05;0;0;0;0;0;0,169;0,169;0,41041496;0,21061016;0,0001;0;0,0001
2017-04-29 04:00:00+00:00;3,30E-05;0;0;0;0;0;0,178;0,178;0,43671964;0,22178401;0,0001;0;0,0001
2017-04-29 05:00:00+00:00;7,18E-05;0;4,30E-06;0;0;0;0,173;0,173;0,47792465;0,22110681;0,0001;0;0,0001
2017-04-29 06:00:00+00:00;0,00028938;0;3,05E-05;0;0;0;0,164;0,164;0,48147705;0,24480891;0,0001;0;0,0001
2017-04-29 07:00:00+00:00;0,00038162;0;7,08E-05;0;0;0;0,103;0,103;0,49605317;0,25191955;0,0001;0;0,0001
2017-04-29 08:00:00+00:00;0,00031367;0;0,00011874;0;0;0,149203638;0,141;0,141;0,54453215;0,25225815;0,0001;0,149203638;0,0001
2017-04-29 09:00:00+00:00;0,00010616;0;0,00017285;0;0;0,373692624;0,292;0,292;0,52815164;0,2861183;0,0001;0,373692624;0,0001
2017-04-29 10:00:00+00:00;7,45E-05;0;0,00022806;0;0;0,576003559;0,385;0,385;0,56612849;0,2851025;0,0001;0,576003559;0,0001
2017-04-29 11:00:00+00:00;7,80E-05;0;0,00028582;0;0;0,730460621;0,405;0,405;0,5349886;0,30203258;0,0001;0,730460621;0,0001
2017-04-29 12:00:00+00:00;7,63E-05;0;0,00034224;0;0;0,812986431;0,34;0,34;0,51576053;0,29898516;0,0001;0,812986431;0,0001
2017-04-29 13:00:00+00:00;7,61E-05;0;0,00037523;0;0;0,836373926;0,262;0,262;0,5363137;0,2857797;0,0001;0,836373926;0,0001
2017-04-29 14:00:00+00:00;7,29E-05;0;0,0003752;0;0;0,802554847;0,203;0,203;0,58263587;0,25733717;0,0001;0,802554847;0,0001
2017-04-29 15:00:00+00:00;7,53E-05;0;0,00036873;0;0;0,718625503;0,156;0,156;0,58366494;0,47810538;0,0001;0,718625503;0,0001
2017-04-29 16:00:00+00:00;8,30E-05;0;0,00034084;0;0;0,571117793;0,116;0,116;0,57839273;0,45846649;0,0001;0,571117793;0,0001
2017-04-29 17:00:00+00:00;0,00010598;0;0,0002881;0;0;0,378302978;0,126;0,126;0,60933526;0,75711305;0,0001;0,378302978;0,0001
2017-04-29 18:00:00+00:00;0,00035427;0;0,00023582;0;0;0,152104583;0,166;0,166;0,87310095;0,8779938;0,0001;0,152104583;0,0001
2017-04-29 19:00:00+00:00;0,00036622;0;0,000181;0;0;0;0,196;0,196;0,85705876;0,88375002;0,0001;0;0,0001
2017-04-29 20:00:00+00:00;0,00010164;0;0,00012758;0;0;0;0,218;0,218;0,79704858;0,8776552;0,0001;0;0,0001
2017-04-29 21:00:00+00:00;5,40E-05;0;7,93E-05;0;0;0;0,2;0,2;0,69645364;0,88002541;0,0001;0;0,0001
2017-04-29 22:00:00+00:00;3,29E-05;0;3,64E-05;0;0;0;0,156;0,156;0,59019177;0,34943679;0,0001;0;0,0001
2017-04-29 23:00:00+00:00;6,83E-06;0;6,42E-06;0;0;0;0,127;0,127;0,58624466;0,22347702;0,0001;0;0,0001
2017-04-30 00:00:00+00:00;1,69E-06;0;0;0;0;0;0,131;0,131;0,52173759;0,22517003;0,0001;0;0,0001
2017-04-30 01:00:00+00:00;1,20E-05;0;0;0;0;0;0,146;0,146;0,50592095;0,22652443;0,0001;0;0,0001
2017-04-30 02:00:00+00:00;1,79E-05;0;0;0;0;0;0,169;0,169;0,47616255;0,22449282;0,0001;0;0,0001
2017-04-30 03:00:00+00:00;2,37E-05;0;0;0;0;0;0,188;0,188;0,46151595;0,2187366;0,0001;0;0,0001
2017-04-30 04:00:00+00:00;3,31E-05;0;0;0;0;0;0,193;0,193;0,47169386;0,22178401;0,0001;0;0,0001
2017-04-30 05:00:00+00:00;7,06E-05;0;4,31E-06;0;0;0;0,182;0,182;0,51839664;0,21772079;0,0001;0;0,0001
2017-04-30 06:00:00+00:00;0,00029086;0;3,05E-05;0;0;0;0,169;0,169;0,54054275;0,21365757;0,0001;0;0,0001
2017-04-30 07:00:00+00:00;0,00037512;0;7,14E-05;0;0;0;0,059;0,059;0,51996139;0,25158095;0,0001;0;0,0001
2017-04-30 08:00:00+00:00;0,00031603;0;0,00012011;0;0;0,17227338;0,1;0,1;0,54423612;0,24988794;0,0001;0,17227338;0,0001
2017-04-30 09:00:00+00:00;0,00010331;0;0,00017283;0;0;0,422531438;0,179;0,179;0,54809865;0,2851025;0,0001;0,422531438;0,0001
2017-04-30 10:00:00+00:00;7,34E-05;0;0,00022873;0;0;0,618004194;0,128;0,128;0,54185376;0,2854411;0,0001;0,618004194;0,0001
2017-04-30 11:00:00+00:00;7,62E-05;0;0,00028667;0;0;0,773217313;0,071;0,071;0,55812149;0,29695355;0,0001;0,773217313;0,0001
2017-04-30 12:00:00+00:00;7,78E-05;0;0,00034532;0;0;0,851305385;0,035;0,035;0,52027152;0,29898516;0,0001;0,851305385;0,0001
2017-04-30 13:00:00+00:00;7,53E-05;0;0,00037473;0;0;0,863241868;0,018;0,018;0,53582032;0,26918823;0,0001;0,863241868;0,0001
2017-04-30 14:00:00+00:00;7,71E-05;0;0,00037356;0;0;0,830788696;0,011;0,011;0,57864647;0,26004598;0,0001;0,830788696;0,0001
2017-04-30 15:00:00+00:00;7,84E-05;0;0,00036978;0;0;0,744940623;0,009;0,009;0,60775641;0,46422271;0,0001;0,744940623;0,0001
2017-04-30 16:00:00+00:00;8,15E-05;0;0,00033991;0;0;0,601720051;0,009;0,009;0,62455983;0,4621911;0,0001;0,601720051;0,0001
2017-04-30 17:00:00+00:00;0,0001049;0;0,00028575;0;0;0,40531726;0,015;0,015;0,65741953;0,75643585;0,0001;0,40531726;0,0001
2017-04-30 18:00:00+00:00;0,0003559;0;0,00023315;0;0;0,166123735;0,022;0,022;0,83103602;0,88612024;0,0001;0,166123735;0,0001
2017-04-30 19:00:00+00:00;0,00037004;0;0,00017878;0;0;0;0,039;0,039;0,85089845;0,88273422;0,0001;0;0,0001
2017-04-30 20:00:00+00:00;0,00010231;0;0,00012522;0;0;0;0,059;0,059;0,78550328;0,88476583;0,0001;0;0,0001
2017-04-30 21:00:00+00:00;5,35E-05;0;7,76E-05;0;0;0;0,072;0,072;0,67715508;0,87663939;0,0001;0;0,0001
2017-04-30 22:00:00+00:00;3,32E-05;0;3,67E-05;0;0;0;0,069;0,069;0,61566473;0,34164895;0,0001;0;0,0001
2017-04-30 23:00:00+00:00;7,47E-06;0;6,24E-06;0;0;0;0,051;0,051;0,55779727;0,22483142;0,0001;0;0,0001
2017-05-01 00:00:00+00:00;1,70E-06;0;0;0;0;0;0,029;0,029;0,58173367;0,18115182;0,0001;0;0,0001
2017-05-01 01:00:00+00:00;1,18E-05;0;0;0;0;0;0,029;0,029;0,57878744;0,18487644;0,0001;0;0,0001
2017-05-01 02:00:00+00:00;1,78E-05;0;0;0;0;0;0,068;0,068;0,55837523;0,18961686;0,0001;0;0,0001
2017-05-01 03:00:00+00:00;2,38E-05;0;0;0;0;0;0,114;0,114;0,53992249;0,19232568;0,0001;0;0,0001
2017-05-01 04:00:00+00:00;3,27E-05;0;0;0;0;0;0,135;0,135;0,55086163;0,19097127;0,0001;0;0,0001
2017-05-01 05:00:00+00:00;7,07E-05;0;4,19E-06;0;0;0;0,116;0,116;0,54670306;0,19605029;0,0001;0;0,0001
2017-05-01 06:00:00+00:00;0,00029165;0;3,07E-05;0;0;0;0,102;0,102;0,53573574;0,25124234;0,0001;0;0,0001
2017-05-01 07:00:00+00:00;0,00038463;0;7,08E-05;0;0;0;0,037;0,037;0,55599287;0,25733717;0,0001;0;0,0001
2017-05-01 08:00:00+00:00;0,00031413;0;0,00011862;0;0;0,199559194;0,002;0,002;0,5634219;0,25665997;0,0001;0,199559194;0,0001
2017-05-01 09:00:00+00:00;0,00010588;0;0,00017114;0;0;0,455890723;0,002;0,002;0,58008435;0,27257424;0,0001;0,455890723;0,0001
2017-05-01 10:00:00+00:00;7,53E-05;0;0,00022635;0;0;0,651442147;0,002;0,002;0,590953;0,2641092;0,0001;0,651442147;0,0001
2017-05-01 11:00:00+00:00;7,78E-05;0;0,00028445;0;0;0,784853789;0,002;0,002;0,59619702;0,43070116;0,0001;0,784853789;0,0001
2017-05-01 12:00:00+00:00;7,74E-05;0;0,00034275;0;0;0,857657759;0,003;0,003;0,5869354;0,42596074;0,0001;0,857657759;0,0001
2017-05-01 13:00:00+00:00;7,51E-05;0;0,00037443;0;0;0,873005748;0,004;0,004;0,62447525;0,40462884;0,0001;0,873005748;0,0001
2017-05-01 14:00:00+00:00;7,37E-05;0;0,00037481;0;0;0,83517053;0,005;0,005;0,62718184;0,3961638;0,0001;0,83517053;0,0001
2017-05-01 15:00:00+00:00;7,62E-05;0;0,00036891;0;0;0,74888079;0,002;0,002;0,65145657;0,44289082;0,0001;0,74888079;0,0001
2017-05-01 16:00:00+00:00;8,07E-05;0;0,00034097;0;0;0,608216131;0;0;0,69903335;0,43815039;0,0001;0,608216131;0,0001
2017-05-01 17:00:00+00:00;0,00010306;0;0,00028796;0;0;0,407329473;0;0;0,7218984;0,7472936;0,0001;0,407329473;0,0001
2017-05-01 18:00:00+00:00;0,0003555;0;0,00023449;0;0;0,165827079;0;0;0,7623422;0,8783324;0,0001;0,165827079;0,0001
2017-05-01 19:00:00+00:00;0,00037066;0;0,0001814;0;0;0;0,001;0,001;0,89127175;0,8793482;0,0001;0;0,0001
2017-05-01 20:00:00+00:00;0,00010309;0;0,00012841;0;0;0;0,013;0,013;0,84077693;0,85361449;0,0001;0;0,0001
2017-05-01 21:00:00+00:00;5,38E-05;0;7,78E-05;0;0;0;0,055;0,055;0,69992145;0,81433671;0,0001;0;0,0001
2017-05-01 22:00:00+00:00;3,30E-05;0;3,79E-05;0;0;0;0,122;0,122;0,63527342;0,53160442;0,0001;0;0,0001
2017-05-01 23:00:00+00:00;7,27E-06;0;6,15E-06;0;0;0;0,183;0,183;0,58998032;0,1764114;0,0001;0;0,0001
2017-05-02 00:00:00+00:00;1,67E-06;0;0;0;0;0;0,186;0,186;0,63363818;0,46489992;0,0001;0;0,0001
2017-05-02 01:00:00+00:00;1,18E-05;0;0;0;0;0;0,121;0,121;0,60631854;0,46794733;0,0001;0;0,0001
2017-05-02 02:00:00+00:00;1,77E-05;0;0;0;0;0;0,057;0,057;0,56383071;0,46523852;0,0001;0;0,0001
2017-05-02 03:00:00+00:00;2,39E-05;0;0;0;0;0;0,03;0,03;0,55182021;0,4618525;0,0001;0;0,0001
2017-05-02 04:00:00+00:00;3,28E-05;0;0;0;0;0;0,029;0,029;0,55640168;0,46625432;0,0001;0;0,0001
2017-05-02 05:00:00+00:00;7,13E-05;0;4,24E-06;0;0;0;0,036;0,036;0,56433819;0,4618525;0,0001;0;0,0001
2017-05-02 06:00:00+00:00;0,00029576;0;3,05E-05;0;0;0;0,049;0,049;0,57199277;0,46896313;0,0001;0;0,0001
2017-05-02 07:00:00+00:00;0,00037972;0;7,12E-05;0;0;0;0,029;0,029;0,67003618;0,46523852;0,0001;0;0,0001
2017-05-02 08:00:00+00:00;0,00031811;0;0,00011893;0;0;0,196641504;0,007;0,007;0,61463566;0,46693153;0,0001;0,196641504;0,0001
2017-05-02 09:00:00+00:00;0,00010589;0;0,00017137;0;0;0,450442358;0,014;0,014;0,67474452;0,55361352;0,0001;0,450442358;0,0001
2017-05-02 10:00:00+00:00;7,61E-05;0;0,00022623;0;0;0,641903356;0,009;0,009;0,61899158;0,61049858;0,0001;0,641903356;0,0001
2017-05-02 11:00:00+00:00;7,68E-05;0;0,00028527;0;0;0,774157958;0,006;0,006;0,67952335;0,60271074;0,0001;0,774157958;0,0001
2017-05-02 12:00:00+00:00;7,56E-05;0;0,00034312;0;0;0,846910143;0,005;0,005;0,66673753;0,60880557;0,0001;0,846910143;0,0001
2017-05-02 13:00:00+00:00;7,27E-05;0;0,00037501;0;0;0,863223502;0,008;0,008;0,69201314;0,60711256;0,0001;0,863223502;0,0001
2017-05-02 14:00:00+00:00;7,68E-05;0;0,00037387;0;0;0,82679681;0,012;0,012;0,70209237;0,59119829;0,0001;0,82679681;0,0001
2017-05-02 15:00:00+00:00;7,93E-05;0;0,00036842;0;0;0,741082478;0,015;0,015;0,70867558;0,59119829;0,0001;0,741082478;0,0001
2017-05-02 16:00:00+00:00;8,00E-05;0;0,00034194;0;0;0,599366762;0,016;0,016;0,68575415;0,5935685;0,0001;0,599366762;0,0001
2017-05-02 17:00:00+00:00;0,00010387;0;0,00028724;0;0;0,401715797;0,028;0,028;0,70455931;0,78589418;0,0001;0,401715797;0,0001
2017-05-02 18:00:00+00:00;0,00035525;0;0,00023489;0;0;0,161875122;0,039;0,039;0,74288858;0,88307282;0,0001;0,161875122;0,0001
2017-05-02 19:00:00+00:00;0,00037074;0;0,00018065;0;0;0;0,087;0,087;0,7938345;0,88104121;0,0001;0;0,0001
2017-05-02 20:00:00+00:00;0,00010236;0;0,00012766;0;0;0;0,164;0,164;0,74388945;0,88510443;0,0001;0;0,0001
2017-05-02 21:00:00+00:00;5,39E-05;0;7,94E-05;0;0;0;0,25;0,25;0,70515138;0,88781324;0,0001;0;0,0001
2017-05-02 22:00:00+00:00;3,33E-05;0;3,68E-05;0;0;0;0,254;0,254;0,68008722;0,60812837;0,0001;0;0,0001
2017-05-02 23:00:00+00:00;7,17E-06;0;6,35E-06;0;0;0;0,217;0,217;0,6695146;0,46557712;0,0001;0;0,0001
2017-05-03 00:00:00+00:00;1,79E-06;0;0;0;0;0;0,199;0,199;0,63638706;0,25056514;0,0001;0;0,0001
2017-05-03 01:00:00+00:00;1,19E-05;0;0;0;0;0;0,179;0,179;0,64842575;0,24853353;0,0001;0;0,0001
2017-05-03 02:00:00+00:00;1,78E-05;0;0;0;0;0;0,164;0,164;0,61292995;0,25022654;0,0001;0;0,0001
2017-05-03 03:00:00+00:00;2,30E-05;0;0;0;0;0;0,161;0,161;0,60076439;0,24548612;0,0001;0;0,0001
2017-05-03 04:00:00+00:00;3,27E-05;0;0;0;0;0;0,166;0,166;0,6149317;0,25632137;0,0001;0;0,0001
2017-05-03 05:00:00+00:00;7,05E-05;0;4,21E-06;0;0;0;0,175;0,175;0,66807673;0,22787884;0,0001;0;0,0001
2017-05-03 06:00:00+00:00;0,00029667;0;2,95E-05;0;0;0;0,172;0,172;0,66091554;0,22483142;0,0001;0;0,0001
2017-05-03 07:00:00+00:00;0,00038086;0;7,09E-05;0;0;0;0,065;0,065;0,6979338;0,22855604;0,0001;0;0,0001
2017-05-03 08:00:00+00:00;0,00031638;0;0,00011847;0;0;0,18607644;0,088;0,088;0,69759548;0,22313842;0,0001;0,18607644;0,0001
2017-05-03 09:00:00+00:00;0,00010359;0;0,00017264;0;0;0,432463921;0,109;0,109;0,69456466;0,27020403;0,0001;0,432463921;0,0001
2017-05-03 10:00:00+00:00;7,40E-05;0;0,00022794;0;0;0,626120861;0,095;0,095;0,70626502;0,31252922;0,0001;0,626120861;0,0001
2017-05-03 11:00:00+00:00;7,57E-05;0;0,00028587;0;0;0,758712652;0,091;0,091;0,70719542;0,33250671;0,0001;0,758712652;0,0001
2017-05-03 12:00:00+00:00;7,58E-05;0;0,00034389;0;0;0,830248738;0,084;0,084;0,62196601;0,34131035;0,0001;0,830248738;0,0001
2017-05-03 13:00:00+00:00;7,56E-05;0;0,00037424;0;0;0,844559324;0,068;0,068;0,71538567;0,34164895;0,0001;0,844559324;0,0001
2017-05-03 14:00:00+00:00;7,51E-05;0;0,00037468;0;0;0,810525686;0,05;0,05;0,70002013;0,34029455;0,0001;0,810525686;0,0001
2017-05-03 15:00:00+00:00;7,83E-05;0;0,00036884;0;0;0,72220664;0,035;0,035;0,70804122;0,55496793;0,0001;0,72220664;0,0001
2017-05-03 16:00:00+00:00;8,08E-05;0;0,0003405;0;0;0,579286913;0,022;0,022;0,68661405;0,56851199;0,0001;0,579286913;0,0001
2017-05-03 17:00:00+00:00;0,00010588;0;0,00028588;0;0;0,384278416;0,026;0,026;0,67874802;0,77776774;0,0001;0,384278416;0,0001
2017-05-03 18:00:00+00:00;0,00036155;0;0,00023245;0;0;0,150807977;0,06;0,06;0,76369549;0,89864849;0,0001;0,150807977;0,0001
2017-05-03 19:00:00+00:00;0,00037014;0;0,00017874;0;0;0;0,136;0,136;0,85266055;0,89797129;0,0001;0;0,0001
2017-05-03 20:00:00+00:00;0,00010188;0;0,00012745;0;0;0;0,231;0,231;0,7814152;0,89593968;0,0001;0;0,0001
2017-05-03 21:00:00+00:00;5,38E-05;0;7,86E-05;0;0;0;0,233;0,233;0,71874072;0,86749715;0,0001;0;0,0001
2017-05-03 22:00:00+00:00;3,30E-05;0;3,79E-05;0;0;0;0,196;0,196;0,67099477;0,54176247;0,0001;0;0,0001
2017-05-03 23:00:00+00:00;7,41E-06;0;6,50E-06;0;0;0;0,165;0,165;0,65152705;0,19368008;0,0001;0;0,0001
2017-05-04 00:00:00+00:00;2,10E-07;0;0;0;0;0;0,139;0,139;0,70613815;0,23905269;0,0001;0;0,0001
2017-05-04 01:00:00+00:00;8,89E-06;0;0;0;0;0;0,121;0,121;0,70819629;0,24006849;0,0001;0;0,0001
2017-05-04 02:00:00+00:00;1,42E-05;0;0;0;0;0;0,112;0,112;0,7196852;0,24413171;0,0001;0;0,0001
2017-05-04 03:00:00+00:00;1,95E-05;0;0;0;0;0;0,112;0,112;0,7041505;0,2417615;0,0001;0;0,0001
2017-05-04 04:00:00+00:00;2,78E-05;0;0;0;0;0;0,117;0,117;0,7055038;0,25090374;0,0001;0;0,0001
2017-05-04 05:00:00+00:00;6,40E-05;0;4,25E-06;0;0;0;0,124;0,124;0,7041646;0,25496696;0,0001;0;0,0001
2017-05-04 06:00:00+00:00;0,00028343;0;3,02E-05;0;0;0;0,131;0,131;0,68115858;0,263432;0,0001;0;0,0001
2017-05-04 07:00:00+00:00;0,00036799;0;7,13E-05;0;0;0;0,062;0,062;0,69744041;0,28747271;0,0001;0;0,0001
2017-05-04 08:00:00+00:00;0,0002932;0;0,00011995;0;0;0,166293249;0,094;0,094;0,69405717;0,29119733;0,0001;0,166293249;0,0001
2017-05-04 09:00:00+00:00;7,60E-05;0;0,00017298;0;0;0,407861047;0,121;0,121;0,68249778;0,47099474;0,0001;0,407861047;0,0001
2017-05-04 10:00:00+00:00;4,25E-05;0;0,00022785;0;0;0,604457637;0,104;0,104;0,6766335;0,46388411;0,0001;0,604457637;0,0001
2017-05-04 11:00:00+00:00;4,24E-05;0;0,00028414;0;0;0,734991655;0,088;0,088;0,63807868;0,45880509;0,0001;0,734991655;0,0001
2017-05-04 12:00:00+00:00;4,30E-05;0;0,00034281;0;0;0,808767555;0,077;0,077;0,61032204;0,50316189;0,0001;0,808767555;0,0001
2017-05-04 13:00:00+00:00;4,19E-05;0;0,00037655;0;0;0,819948664;0,06;0,06;0,67215071;0,49401965;0,0001;0,819948664;0,0001
2017-05-04 14:00:00+00:00;4,24E-05;0;0,00037683;0;0;0,775941583;0,04;0,04;0,68265284;0,50113028;0,0001;0,775941583;0,0001
2017-05-04 15:00:00+00:00;4,68E-05;0;0,00037117;0;0;0,677044155;0,017;0,017;0,69298582;0,49943727;0,0001;0,677044155;0,0001
2017-05-04 16:00:00+00:00;5,59E-05;0;0,00034076;0;0;0,540249896;0,005;0,005;0,70209237;0,50316189;0,0001;0,540249896;0,0001
2017-05-04 17:00:00+00:00;8,66E-05;0;0,00028768;0;0;0,339694362;0,003;0,003;0,68475327;0,74187598;0,0001;0,339694362;0,0001
2017-05-04 18:00:00+00:00;0,00034786;0;0,00023424;0;0;0,131496258;0,007;0,007;0,80560535;0,87968681;0,0001;0,131496258;0,0001
2017-05-04 19:00:00+00:00;0,00036535;0;0,00017973;0;0;0;0,041;0,041;0,88339163;0,88476583;0,0001;0;0,0001
2017-05-04 20:00:00+00:00;9,71E-05;0;0,00012471;0;0;0;0,109;0,109;0,79821861;0,88882905;0,0001;0;0,0001
2017-05-04 21:00:00+00:00;4,97E-05;0;7,73E-05;0;0;0;0,156;0,156;0,72791775;0,88442723;0,0001;0;0,0001
2017-05-04 22:00:00+00:00;2,94E-05;0;3,69E-05;0;0;0;0,175;0,175;0,63272189;0,60000193;0,0001;0;0,0001
2017-05-04 23:00:00+00:00;5,00E-06;0;6,40E-06;0;0;0;0,179;0,179;0,62509551;0,23939129;0,0001;0;0,0001
2017-05-05 00:00:00+00:00;2,10E-07;0;0;0;0;0;0,155;0,155;0,45247989;0,20790135;0,0001;0;0,0001
2017-05-05 01:00:00+00:00;8,68E-06;0;0;0;0;0;0,121;0,121;0,42806418;0,20519253;0,0001;0;0,0001
2017-05-05 02:00:00+00:00;1,40E-05;0;0;0;0;0;0,093;0,093;0,38845211;0,220091;0,0001;0;0,0001
2017-05-05 03:00:00+00:00;1,92E-05;0;0;0;0;0;0,072;0,072;0,34926293;0,2204296;0,0001;0;0,0001
2017-05-05 04:00:00+00:00;2,77E-05;0;0;0;0;0;0,063;0,063;0,30477336;0,2194138;0,0001;0;0,0001
2017-05-05 05:00:00+00:00;6,49E-05;0;4,18E-06;0;0;0;0,065;0,065;0,33856345;0,21196457;0,0001;0;0,0001
2017-05-05 06:00:00+00:00;0,00028599;0;3,00E-05;0;0;0;0,074;0,074;0,34592199;0,20891715;0,0001;0;0,0001
2017-05-05 07:00:00+00:00;0,00036834;0;6,99E-05;0;0;0;0,036;0,036;0,402267;0,25259675;0,0001;0;0,0001
2017-05-05 08:00:00+00:00;0,00029542;0;0,00011874;0;0;0,142325566;0,014;0,014;0,50280555;0,24954934;0,0001;0,142325566;0,0001
2017-05-05 09:00:00+00:00;7,75E-05;0;0,00017245;0;0;0,377258437;0,037;0,037;0,53201417;0,25259675;0,0001;0,377258437;0,0001
2017-05-05 10:00:00+00:00;4,25E-05;0;0,00022945;0;0;0,562544627;0,054;0,054;0,55458319;0,25191955;0,0001;0,562544627;0,0001
2017-05-05 11:00:00+00:00;4,24E-05;0;0,00028597;0;0;0,7216623;0,059;0,059;0,49699766;0,25158095;0,0001;0,7216623;0,0001
2017-05-05 12:00:00+00:00;4,30E-05;0;0,00034425;0;0;0,793850094;0,062;0,062;0,47136963;0,25496696;0,0001;0,793850094;0,0001
2017-05-05 13:00:00+00:00;4,18E-05;0;0,00037522;0;0;0,804915204;0,059;0,059;0,49116157;0,26918823;0,0001;0,804915204;0,0001
2017-05-05 14:00:00+00:00;4,24E-05;0;0,00037514;0;0;0,779224423;0,048;0,048;0,54704139;0,26580221;0,0001;0,779224423;0,0001
2017-05-05 15:00:00+00:00;4,69E-05;0;0,00036909;0;0;0,688854335;0,041;0,041;0,5607576;0,26580221;0,0001;0,688854335;0,0001
2017-05-05 16:00:00+00:00;5,58E-05;0;0,00034035;0;0;0,535395989;0,041;0,041;0,57878744;0,47234915;0,0001;0,535395989;0,0001
2017-05-05 17:00:00+00:00;8,61E-05;0;0,00028603;0;0;0,34398334;0,052;0,052;0,62519419;0,74221458;0,0001;0,34398334;0,0001
2017-05-05 18:00:00+00:00;0,00034352;0;0,00023191;0;0;0,125348317;0,057;0,057;0,78109097;0,87630079;0,0001;0,125348317;0,0001
2017-05-05 19:00:00+00:00;0,00036425;0;0,00018084;0;0;0;0,073;0,073;0,78169714;0,88002541;0,0001;0;0,0001
2017-05-05 20:00:00+00:00;9,76E-05;0;0,00012627;0;0;0;0,095;0,095;0,72282879;0,8773166;0,0001;0;0,0001
2017-05-05 21:00:00+00:00;4,97E-05;0;7,77E-05;0;0;0;0,12;0,12;0,60207539;0,86174092;0,0001;0;0,0001
2017-05-05 22:00:00+00:00;2,95E-05;0;3,62E-05;0;0;0;0,138;0,138;0,60411943;0,31760825;0,0001;0;0,0001
2017-05-05 23:00:00+00:00;4,86E-06;0;6,16E-06;0;0;0;0,155;0,155;0,54940965;0,20654694;0,0001;0;0,0001
2017-05-06 00:00:00+00:00;1,71E-06;0;0;0;0;0;0,169;0,169;0,40428284;0,23972989;0,0001;0;0,0001
2017-05-06 01:00:00+00:00;1,21E-05;0;0;0;0;0;0,21;0,21;0,37272005;0,23803688;0,0001;0;0,0001
2017-05-06 02:00:00+00:00;1,82E-05;0;0;0;0;0;0,263;0,263;0,39223006;0,24988794;0,0001;0;0,0001
2017-05-06 03:00:00+00:00;2,37E-05;0;0;0;0;0;0,361;0,361;0,37873939;0,20891715;0,0001;0;0,0001
2017-05-06 04:00:00+00:00;3,35E-05;0;0;0;0;0;0,425;0,425;0,38932611;0,20620834;0,0001;0;0,0001
2017-05-06 05:00:00+00:00;7,15E-05;0;4,06E-06;0;0;0;0,497;0,497;0,3982635;0,21162596;0,0001;0;0,0001
2017-05-06 06:00:00+00:00;0,00029137;0;3,04E-05;0;0;0;0,499;0,499;0,40704582;0,22246121;0,0001;0;0,0001
2017-05-06 07:00:00+00:00;0,00038467;0;7,07E-05;0;0;0;0,457;0,457;0,43171526;0,25090374;0,0001;0;0,0001
2017-05-06 08:00:00+00:00;0,00031986;0;0,00011856;0;0;0,148515893;0,616;0,616;0,45937323;0,25225815;0,0001;0,148515893;0,0001
2017-05-06 09:00:00+00:00;0,00010852;0;0,00017114;0;0;0,381265638;0,708;0,708;0,46564632;0,25428976;0,0001;0,381265638;0,0001
2017-05-06 10:00:00+00:00;7,75E-05;0;0,00022788;0;0;0,575718222;0,696;0,696;0,48013786;0,2864569;0,0001;0,575718222;0,0001
2017-05-06 11:00:00+00:00;7,56E-05;0;0,00028417;0;0;0,712242411;0,657;0,657;0,46563222;0,24514752;0,0001;0,712242411;0,0001
2017-05-06 12:00:00+00:00;7,38E-05;0;0,00034292;0;0;0,784784212;0,63;0,63;0,43742448;0,26004598;0,0001;0,784784212;0,0001
2017-05-06 13:00:00+00:00;7,55E-05;0;0,00037415;0;0;0,787966851;0,618;0,618;0,43927116;0,25665997;0,0001;0,787966851;0,0001
2017-05-06 14:00:00+00:00;7,52E-05;0;0,00037381;0;0;0,755652997;0,602;0,602;0,45030898;0,24684052;0,0001;0,755652997;0,0001
2017-05-06 15:00:00+00:00;7,84E-05;0;0,00036854;0;0;0,633728396;0,555;0,555;0,45262085;0,46625432;0,0001;0,633728396;0,0001
2017-05-06 16:00:00+00:00;8,10E-05;0;0,00033991;0;0;0,491006858;0,469;0,469;0,4706366;0,46794733;0,0001;0,491006858;0,0001
2017-05-06 17:00:00+00:00;0,0001051;0;0,00028745;0;0;0,275563599;0,394;0,394;0,49451662;0,7472936;0,0001;0,275563599;0,0001
2017-05-06 18:00:00+00:00;0,0003625;0;0,0002362;0;0;0,09209038;0,319;0,319;0,62812632;0,88408863;0,0001;0,09209038;0,0001
2017-05-06 19:00:00+00:00;0,00037158;0;0,00018319;0;0;0;0,273;0,273;0,61690525;0,88950625;0,0001;0;0,0001
2017-05-06 20:00:00+00:00;0,00010337;0;0,0001274;0;0;0;0,238;0,238;0,57847731;0,88713604;0,0001;0;0,0001
2017-05-06 21:00:00+00:00;5,36E-05;0;7,96E-05;0;0;0;0,243;0,243;0,51222223;0,8563233;0,0001;0;0,0001
2017-05-06 22:00:00+00:00;3,32E-05;0;3,76E-05;0;0;0;0,344;0,344;0,46981898;0,33115231;0,0001;0;0,0001
2017-05-06 23:00:00+00:00;6,94E-06;0;6,18E-06;0;0;0;0,33;0,33;0,42957255;0,21264177;0,0001;0;0,0001
2017-05-07 00:00:00+00:00;1,74E-06;0;0;0;0;0;0,326;0,326;0,29955753;0,18521504;0,0001;0;0,0001
2017-05-07 01:00:00+00:00;1,14E-05;0;0;0;0;0;0,341;0,341;0,25988906;0,16625336;0,0001;0;0,0001
2017-05-07 02:00:00+00:00;1,78E-05;0;0;0;0;0;0,377;0,377;0,24367772;0,16963937;0,0001;0;0,0001
2017-05-07 03:00:00+00:00;2,40E-05;0;0;0;0;0;0,505;0,505;0,23646014;0,19334148;0,0001;0;0,0001
2017-05-07 04:00:00+00:00;3,32E-05;0;0;0;0;0;0,561;0,561;0,25099397;0,2187366;0,0001;0;0,0001
2017-05-07 05:00:00+00:00;7,15E-05;0;4,13E-06;0;0;0;0,521;0,521;0,26891103;0,2197524;0,0001;0;0,0001
2017-05-07 06:00:00+00:00;0,0002945;0;3,04E-05;0;0;0;0,473;0,473;0,27954004;0,21501198;0,0001;0;0,0001
2017-05-07 07:00:00+00:00;0,00038625;0;7,14E-05;0;0;0;0,445;0,445;0,33423572;0,25124234;0,0001;0;0,0001
2017-05-07 08:00:00+00:00;0,00032152;0;0,00011883;0;0;0,135995566;0,5;0,5;0,38664771;0,25090374;0,0001;0,135995566;0,0001
2017-05-07 09:00:00+00:00;0,00010635;0;0,00017202;0;0;0,361583904;0,415;0,415;0,39650139;0,25462836;0,0001;0,361583904;0,0001
2017-05-07 10:00:00+00:00;7,56E-05;0;0,00022801;0;0;0,569411256;0,329;0,329;0,40610133;0,22144541;0,0001;0,569411256;0,0001
2017-05-07 11:00:00+00:00;7,61E-05;0;0,00028541;0;0;0,700990825;0,253;0,253;0,4084696;0,21772079;0,0001;0,700990825;0,0001
2017-05-07 12:00:00+00:00;7,62E-05;0;0,00034458;0;0;0,774091059;0,186;0,186;0,35631135;0,22144541;0,0001;0,774091059;0,0001
2017-05-07 13:00:00+00:00;7,32E-05;0;0,00037661;0;0;0,782839644;0,135;0,135;0,40611543;0,21501198;0,0001;0,782839644;0,0001
2017-05-07 14:00:00+00:00;7,34E-05;0;0,00037428;0;0;0,757178521;0,102;0,102;0,38150237;0,23092625;0,0001;0,757178521;0,0001
2017-05-07 15:00:00+00:00;8,04E-05;0;0,00037009;0;0;0,67065379;0,077;0,077;0,38723978;0,39684101;0,0001;0,67065379;0,0001
2017-05-07 16:00:00+00:00;7,99E-05;0;0,00034018;0;0;0,505765663;0,045;0,045;0,4035921;0,44966285;0,0001;0,505765663;0,0001
2017-05-07 17:00:00+00:00;0,00010638;0;0,00028643;0;0;0,323957193;0,041;0,041;0,48941357;0,7459392;0,0001;0,323957193;0,0001
2017-05-07 18:00:00+00:00;0,00036138;0;0,00023262;0;0;0,108665627;0,028;0,028;0,7006122;0,88781324;0,0001;0,108665627;0,0001
2017-05-07 19:00:00+00:00;0,00037167;0;0,00018181;0;0;0;0,023;0,023;0,68421759;0,89119926;0,0001;0;0,0001
2017-05-07 20:00:00+00:00;0,00010294;0;0,0001267;0;0;0;0,015;0,015;0,6233475;0,8563233;0,0001;0;0,0001
2017-05-07 21:00:00+00:00;5,45E-05;0;7,90E-05;0;0;0;0,007;0,007;0,48722856;0,85429169;0,0001;0;0,0001
2017-05-07 22:00:00+00:00;3,36E-05;0;3,70E-05;0;0;0;0,007;0,007;0,35655099;0,55192051;0,0001;0;0,0001
2017-05-07 23:00:00+00:00;7,51E-06;0;6,60E-06;0;0;0;0,021;0,021;0,3387467;0,175057;0,0001;0;0,0001
2017-05-08 00:00:00+00:00;1,92E-06;0;0;0;0;0;0,078;0,078;0,30150289;0,18182903;0,0001;0;0,0001
2017-05-08 01:00:00+00:00;1,16E-05;0;0;0;0;0;0,2;0,2;0,23947686;0,18623085;0,0001;0;0,0001
2017-05-08 02:00:00+00:00;1,78E-05;0;0;0;0;0;0,263;0,263;0,22808663;0,18182903;0,0001;0;0,0001
2017-05-08 03:00:00+00:00;2,41E-05;0;0;0;0;0;0,201;0,201;0,23203374;0,19334148;0,0001;0;0,0001
2017-05-08 04:00:00+00:00;3,34E-05;0;0;0;0;0;0,166;0,166;0,25037371;0,19334148;0,0001;0;0,0001
2017-05-08 05:00:00+00:00;7,13E-05;0;3,94E-06;0;0;0;0,149;0,149;0,29042279;0,25665997;0,0001;0;0,0001
2017-05-08 06:00:00+00:00;0,00029858;0;3,01E-05;0;0;0;0,142;0,142;0,30093902;0,25462836;0,0001;0;0,0001
2017-05-08 07:00:00+00:00;0,00038721;0;7,09E-05;0;0;0;0,066;0,066;0,33081019;0,25428976;0,0001;0;0,0001
2017-05-08 08:00:00+00:00;0,00032232;0;0,00012006;0;0;0,111139718;0,156;0,156;0,37921869;0,25462836;0,0001;0,111139718;0,0001
2017-05-08 09:00:00+00:00;0,00011012;0;0,00017356;0;0;0,3097888;0,183;0,183;0,39667056;0,25259675;0,0001;0,3097888;0,0001
2017-05-08 10:00:00+00:00;7,64E-05;0;0,00022787;0;0;0,500896232;0,127;0,127;0,39599391;0,25462836;0,0001;0,500896232;0,0001
2017-05-08 11:00:00+00:00;7,32E-05;0;0,00028422;0;0;0,608687981;0,084;0,084;0,38914285;0,22178401;0,0001;0,608687981;0,0001
2017-05-08 12:00:00+00:00;7,39E-05;0;0,00034361;0;0;0,697089315;0,058;0,058;0,39617717;0,20079071;0,0001;0,697089315;0,0001
2017-05-08 13:00:00+00:00;7,28E-05;0;0,00037325;0;0;0,716646644;0,043;0,043;0,39672694;0,19435728;0,0001;0,716646644;0,0001
2017-05-08 14:00:00+00:00;7,49E-05;0;0,00037472;0;0;0,703192997;0,034;0,034;0,45766752;0,22686303;0,0001;0,703192997;0,0001
2017-05-08 15:00:00+00:00;7,75E-05;0;0,00036894;0;0;0,560804471;0,027;0,027;0,44761648;0,22957185;0,0001;0,560804471;0,0001
2017-05-08 16:00:00+00:00;8,15E-05;0;0,00034107;0;0;0,438146261;0,023;0,023;0,45256447;0,47234915;0,0001;0,438146261;0,0001
2017-05-08 17:00:00+00:00;0,00010595;0;0,00028603;0;0;0,253275929;0,028;0,028;0,47176434;0,75948326;0,0001;0,253275929;0,0001
2017-05-08 18:00:00+00:00;0,00035996;0;0,00023296;0;0;0,098189798;0,02;0,02;0,68097532;0,89018345;0,0001;0,098189798;0,0001
2017-05-08 19:00:00+00:00;0,00037383;0;0,00017772;0;0;0;0,015;0,015;0,72783317;0,88747464;0,0001;0;0,0001
2017-05-08 20:00:00+00:00;0,00010286;0;0,00012861;0;0;0;0,015;0,015;0,67408197;0,88815184;0,0001;0;0,0001
2017-05-08 21:00:00+00:00;5,36E-05;0;7,96E-05;0;0;0;0,011;0,011;0,58819002;0,85361449;0,0001;0;0,0001
2017-05-08 22:00:00+00:00;3,34E-05;0;3,73E-05;0;0;0;0,009;0,009;0,43270204;0,571898;0,0001;0;0,0001
2017-05-08 23:00:00+00:00;7,36E-06;0;6,37E-06;0;0;0;0,014;0,014;0,37921869;0,20316092;0,0001;0;0,0001
2017-05-09 00:00:00+00:00;1,67E-06;0;0;0;0;0;0,037;0,037;0,3618514;0,16083573;0,0001;0;0,0001
2017-05-09 01:00:00+00:00;1,19E-05;0;0;0;0;0;0,096;0,096;0,27181498;0,16557615;0,0001;0;0,0001
2017-05-09 02:00:00+00:00;1,81E-05;0;0;0;0;0;0,164;0,164;0,2477517;0,16185154;0,0001;0;0,0001
2017-05-09 03:00:00+00:00;2,40E-05;0;0;0;0;0;0,209;0,209;0,24067509;0,16286734;0,0001;0;0,0001
2017-05-09 04:00:00+00:00;3,31E-05;0;0;0;0;0;0,253;0,253;0,23809537;0,19232568;0,0001;0;0,0001
2017-05-09 05:00:00+00:00;7,25E-05;0;4,02E-06;0;0;0;0,237;0,237;0,24810412;0,18860106;0,0001;0;0,0001
2017-05-09 06:00:00+00:00;0,00030279;0;3,06E-05;0;0;0;0,224;0,224;0,21565323;0,18927826;0,0001;0;0,0001
2017-05-09 07:00:00+00:00;0,00039184;0;7,12E-05;0;0;0;0,091;0,091;0,22151751;0,24277731;0,0001;0;0,0001
2017-05-09 08:00:00+00:00;0,00032123;0;0,00011921;0;0;0,154456991;0,043;0,043;0,25430672;0,2421001;0,0001;0,154456991;0,0001
2017-05-09 09:00:00+00:00;0,00010796;0;0,00017251;0;0;0,380876688;0,069;0,069;0,3156702;0,23837548;0,0001;0,380876688;0,0001
2017-05-09 10:00:00+00:00;7,62E-05;0;0,00022884;0;0;0,589252246;0,021;0,021;0,32641198;0,18690805;0,0001;0,589252246;0,0001
2017-05-09 11:00:00+00:00;7,28E-05;0;0,00028618;0;0;0,737465271;0,009;0,009;0,30828346;0,18352204;0,0001;0,737465271;0,0001
2017-05-09 12:00:00+00:00;7,47E-05;0;0,00034355;0;0;0,801091429;0,003;0,003;0,29546945;0,17133238;0,0001;0,801091429;0,0001
2017-05-09 13:00:00+00:00;7,58E-05;0;0,00037442;0;0;0,802476358;0,001;0,001;0,2845867;0,17675;0,0001;0,802476358;0,0001
2017-05-09 14:00:00+00:00;7,73E-05;0;0,00037385;0;0;0,77167031;0;0;0,36861787;0,1760728;0,0001;0,77167031;0,0001
2017-05-09 15:00:00+00:00;7,95E-05;0;0,00036841;0;0;0,66418257;0;0;0,40572072;0,38736016;0,0001;0,66418257;0,0001
2017-05-09 16:00:00+00:00;7,93E-05;0;0,00034019;0;0;0,538935531;0;0;0,4293329;0,38905317;0,0001;0,538935531;0,0001
2017-05-09 17:00:00+00:00;0,00010299;0;0,00028519;0;0;0,345010159;0;0;0,41460172;0,73002492;0,0001;0,345010159;0,0001
2017-05-09 18:00:00+00:00;0,00035885;0;0,00023284;0;0;0,125012252;0;0;0,64784778;0,84040903;0,0001;0,125012252;0,0001
2017-05-09 19:00:00+00:00;0,00037267;0;0,00017909;0;0;0;0,001;0,001;0,62123298;0,88307282;0,0001;0;0,0001
2017-05-09 20:00:00+00:00;0,00010226;0;0,00012686;0;0;0;0,002;0,002;0,59786044;0,87663939;0,0001;0;0,0001
2017-05-09 21:00:00+00:00;5,37E-05;0;7,89E-05;0;0;0;0,005;0,005;0,51343456;0,82754217;0,0001;0;0,0001
2017-05-09 22:00:00+00:00;3,33E-05;0;3,75E-05;0;0;0;0,009;0,009;0,39791108;0,53939226;0,0001;0;0,0001
2017-05-09 23:00:00+00:00;7,28E-06;0;6,29E-06;0;0;0;0,012;0,012;0,32927364;0,15914273;0,0001;0;0,0001
2017-05-10 00:00:00+00:00;2,04E-06;0;0;0;0;0;0,011;0,011;0,25045829;0,1540637;0,0001;0;0,0001
2017-05-10 01:00:00+00:00;1,16E-05;0;0;0;0;0;0,012;0,012;0,23478262;0,15474091;0,0001;0;0,0001
2017-05-10 02:00:00+00:00;1,80E-05;0;0;0;0;0;0,027;0,027;0,21404619;0,15880412;0,0001;0;0,0001
2017-05-10 03:00:00+00:00;2,42E-05;0;0;0;0;0;0,075;0,075;0,20485506;0,15270929;0,0001;0;0,0001
2017-05-10 04:00:00+00:00;3,25E-05;0;0;0;0;0;0,135;0,135;0,20953521;0,16015853;0,0001;0;0,0001
2017-05-10 05:00:00+00:00;7,12E-05;0;3,97E-06;0;0;0;0,174;0,174;0,21204444;0,18115182;0,0001;0;0,0001
2017-05-10 06:00:00+00:00;0,00030009;0;2,97E-05;0;0;0;0,187;0,187;0,26222914;0,18487644;0,0001;0;0,0001
2017-05-10 07:00:00+00:00;0,00038935;0;7,07E-05;0;0;0;0,068;0,068;0,25329175;0,18521504;0,0001;0;0,0001
2017-05-10 08:00:00+00:00;0,00032236;0;0,00011951;0;0;0,173775271;0,025;0,025;0,31600852;0,31354503;0,0001;0,173775271;0,0001
2017-05-10 09:00:00+00:00;0,00010783;0;0,00017222;0;0;0,413590749;0,046;0,046;0,37897904;0,31523804;0,0001;0,413590749;0,0001
2017-05-10 10:00:00+00:00;7,40E-05;0;0,00022724;0;0;0,604231102;0,048;0,048;0,40682027;0,31489943;0,0001;0,604231102;0,0001
2017-05-10 11:00:00+00:00;7,17E-05;0;0,00028478;0;0;0,729768336;0,051;0,051;0,36292276;0,28713411;0,0001;0,729768336;0,0001
2017-05-10 12:00:00+00:00;7,75E-05;0;0,00034397;0;0;0,79375821;0,037;0,037;0,34272201;0,29593775;0,0001;0,79375821;0,0001
2017-05-10 13:00:00+00:00;7,79E-05;0;0,00037418;0;0;0,798479136;0,021;0,021;0,38630939;0,29052012;0,0001;0,798479136;0,0001
2017-05-10 14:00:00+00:00;7,60E-05;0;0,00037522;0;0;0,745176574;0,013;0,013;0,4719335;0,29119733;0,0001;0,745176574;0,0001
2017-05-10 15:00:00+00:00;7,80E-05;0;0,00036867;0;0;0,640165172;0,01;0,01;0,49716682;0,29221313;0,0001;0,640165172;0,0001
2017-05-10 16:00:00+00:00;8,10E-05;0;0,00034091;0;0;0,481840369;0,009;0,009;0,48975189;0,3954866;0,0001;0,481840369;0,0001
2017-05-10 17:00:00+00:00;0,00010392;0;0,00028608;0;0;0,293437763;0,012;0,012;0,44034252;0,72325289;0,0001;0,293437763;0,0001
2017-05-10 18:00:00+00:00;0,00036191;0;0,0002332;0;0;0,116482062;0,014;0,014;0,67326436;0,86681995;0,0001;0,116482062;0,0001
2017-05-10 19:00:00+00:00;0,0003744;0;0,00017961;0;0;0;0,017;0,017;0,65981599;0,87426918;0,0001;0;0,0001
2017-05-10 20:00:00+00:00;0,00010303;0;0,00012873;0;0;0;0,017;0,017;0,63283466;0,87325338;0,0001;0;0,0001
2017-05-10 21:00:00+00:00;5,38E-05;0;8,10E-05;0;0;0;0,011;0,011;0,55236999;0,83770022;0,0001;0;0,0001
2017-05-10 22:00:00+00:00;3,32E-05;0;3,77E-05;0;0;0;0,005;0,005;0,48621359;0,28070068;0,0001;0;0,0001
2017-05-10 23:00:00+00:00;7,45E-06;0;6,30E-06;0;0;0;0,004;0,004;0,38010679;0,15033909;0,0001;0;0,0001
2017-05-11 00:00:00+00:00;1,70E-07;0;0;0;0;0;0,018;0,018;0,16092935;0,14051964;0,0001;0;0,0001
2017-05-11 01:00:00+00:00;8,75E-06;0;0;0;0;0;0,096;0,096;0,14966599;0,14390565;0,0001;0;0,0001
2017-05-11 02:00:00+00:00;1,41E-05;0;0;0;0;0;0,199;0,199;0,14198322;0,1760728;0,0001;0;0,0001
2017-05-11 03:00:00+00:00;1,94E-05;0;0;0;0;0;0,195;0,195;0,13101589;0,17404119;0,0001;0;0,0001
2017-05-11 04:00:00+00:00;2,77E-05;0;0;0;0;0;0,185;0,185;0,13421587;0,17302539;0,0001;0;0,0001
2017-05-11 05:00:00+00:00;6,48E-05;0;4,03E-06;0;0;0;0,182;0,182;0,15076554;0,17404119;0,0001;0;0,0001
2017-05-11 06:00:00+00:00;0,00029054;0;2,98E-05;0;0;0;0,174;0,174;0,19948417;0,17437979;0,0001;0;0,0001
2017-05-11 07:00:00+00:00;0,00037445;0;7,09E-05;0;0;0;0,078;0,078;0,18803755;0,20485393;0,0001;0;0,0001
2017-05-11 08:00:00+00:00;0,00029889;0;0,0001191;0;0;0,160415536;0,043;0,043;0,24628563;0,20485393;0,0001;0,160415536;0,0001
2017-05-11 09:00:00+00:00;7,83E-05;0;0,00017239;0;0;0,387303468;0,077;0,077;0,23472623;0,20316092;0,0001;0,387303468;0,0001
2017-05-11 10:00:00+00:00;4,24E-05;0;0,00022712;0;0;0,586741081;0,052;0,052;0,27290043;0,15237069;0,0001;0,586741081;0,0001
2017-05-11 11:00:00+00:00;4,23E-05;0;0,00028456;0;0;0,714347783;0,04;0,04;0,27026433;0,14864608;0,0001;0,714347783;0,0001
2017-05-11 12:00:00+00:00;4,30E-05;0;0,00034473;0;0;0,765982884;0,035;0,035;0,23462755;0,14796887;0,0001;0,765982884;0,0001
2017-05-11 13:00:00+00:00;4,18E-05;0;0,00037401;0;0;0,747787603;0,033;0,033;0,24336758;0,15169349;0,0001;0,747787603;0,0001
2017-05-11 14:00:00+00:00;4,26E-05;0;0,00037548;0;0;0,715606208;0,032;0,032;0,28118937;0,15914273;0,0001;0,715606208;0,0001
2017-05-11 15:00:00+00:00;4,68E-05;0;0,00036927;0;0;0,606995519;0,031;0,031;0,30595749;0,35925624;0,0001;0,606995519;0,0001
2017-05-11 16:00:00+00:00;5,57E-05;0;0,00034106;0;0;0,45359878;0,031;0,031;0,27460615;0,35891763;0,0001;0,45359878;0,0001
2017-05-11 17:00:00+00:00;8,68E-05;0;0,00028952;0;0;0,296437803;0,034;0,034;0,31011605;0,70801582;0,0001;0,296437803;0,0001
2017-05-11 18:00:00+00:00;0,00035173;0;0,00023574;0;0;0,095114236;0,031;0,031;0,59105167;0,86275673;0,0001;0,095114236;0,0001
2017-05-11 19:00:00+00:00;0,00036743;0;0,00018135;0;0;0;0,065;0,065;0,61218282;0,85395309;0,0001;0;0,0001
2017-05-11 20:00:00+00:00;9,80E-05;0;0,00012638;0;0;0;0,117;0,117;0,57371258;0,85903211;0,0001;0;0,0001
2017-05-11 21:00:00+00:00;4,98E-05;0;7,89E-05;0;0;0;0,102;0,102;0,44705261;0,83634581;0,0001;0;0,0001
2017-05-11 22:00:00+00:00;2,96E-05;0;3,60E-05;0;0;0;0,086;0,086;0,40497359;0,26478641;0,0001;0;0,0001
2017-05-11 23:00:00+00:00;5,03E-06;0;6,12E-06;0;0;0;0,109;0,109;0,28950649;0,14255125;0,0001;0;0,0001
2017-05-12 00:00:00+00:00;2,50E-07;0;0;0;0;0;0,119;0,119;0,61773696;0,22415422;0,0001;0;0,0001
2017-05-12 01:00:00+00:00;8,83E-06;0;0;0;0;0;0,147;0,147;0,50998084;0,22212261;0,0001;0;0,0001
2017-05-12 02:00:00+00:00;1,41E-05;0;0;0;0;0;0,164;0,164;0,47767091;0,220091;0,0001;0;0,0001
2017-05-12 03:00:00+00:00;1,95E-05;0;0;0;0;0;0,179;0,179;0,41571537;0,22212261;0,0001;0;0,0001
2017-05-12 04:00:00+00:00;2,79E-05;0;0;0;0;0;0,156;0,156;0,48879331;0,21128736;0,0001;0;0,0001
2017-05-12 05:00:00+00:00;6,64E-05;0;4,12E-06;0;0;0;0,136;0,136;0,46659081;0,22178401;0,0001;0;0,0001
2017-05-12 06:00:00+00:00;0,00029226;0;3,03E-05;0;0;0;0,169;0,169;0,40393042;0,2190752;0,0001;0;0,0001
2017-05-12 07:00:00+00:00;0,00037424;0;7,06E-05;0;0;0;0,098;0,098;0,42482192;0,25632137;0,0001;0;0,0001
2017-05-12 08:00:00+00:00;0,00029906;0;0,00011919;0;0;0,139614584;0,124;0,124;0,46606923;0,25158095;0,0001;0,139614584;0,0001
2017-05-12 09:00:00+00:00;7,73E-05;0;0,00017284;0;0;0,356667725;0,213;0,213;0,51688828;0,25395116;0,0001;0,356667725;0,0001
2017-05-12 10:00:00+00:00;4,24E-05;0;0,00022843;0;0;0,547172957;0,246;0,246;0,54145904;0,29627635;0,0001;0,547172957;0,0001
2017-05-12 11:00:00+00:00;4,24E-05;0;0,00028514;0;0;0,694266487;0,232;0,232;0,53924584;0,30067817;0,0001;0,694266487;0,0001
2017-05-12 12:00:00+00:00;4,30E-05;0;0,00034293;0;0;0,736827839;0,195;0,195;0,48978008;0,30304838;0,0001;0,736827839;0,0001
2017-05-12 13:00:00+00:00;4,19E-05;0;0,00037535;0;0;0,758022276;0,162;0,162;0,47324451;0,27426725;0,0001;0,758022276;0,0001
2017-05-12 14:00:00+00:00;4,24E-05;0;0,00037472;0;0;0,710718658;0,136;0,136;0,49757563;0,27155844;0,0001;0,710718658;0,0001
2017-05-12 15:00:00+00:00;4,67E-05;0;0,00036903;0;0;0,611802916;0,112;0,112;0,51922835;0,26783382;0,0001;0,611802916;0,0001
2017-05-12 16:00:00+00:00;5,59E-05;0;0,00033958;0;0;0,454019484;0,095;0,095;0,55759991;0,49063363;0,0001;0,454019484;0,0001
2017-05-12 17:00:00+00:00;8,77E-05;0;0,0002869;0;0;0,273316636;0,09;0,09;0,62891575;0,75846745;0,0001;0,273316636;0,0001
2017-05-12 18:00:00+00:00;0,00035241;0;0,00023477;0;0;0,088028642;0,075;0,075;0,77146284;0,87054456;0,0001;0,088028642;0,0001
2017-05-12 19:00:00+00:00;0,00036906;0;0,00018059;0;0;0;0,059;0,059;0,74591939;0,89560108;0,0001;0;0,0001
2017-05-12 20:00:00+00:00;9,83E-05;0;0,00012679;0;0;0;0,049;0,049;0,73527629;0,89424667;0,0001;0;0,0001
2017-05-12 21:00:00+00:00;4,99E-05;0;7,91E-05;0;0;0;0,06;0,06;0,64921518;0,88205702;0,0001;0;0,0001
2017-05-12 22:00:00+00:00;2,97E-05;0;3,65E-05;0;0;0;0,07;0,07;0,56777782;0,37686352;0,0001;0;0,0001
2017-05-12 23:00:00+00:00;5,01E-06;0;6,45E-06;0;0;0;0,081;0,081;0,54750658;0,22110681;0,0001;0;0,0001
2017-05-13 00:00:00+00:00;2,25E-06;0;0;0;0;0;0,159;0,159;0,35780561;0,15000048;0,0001;0;0,0001
2017-05-13 01:00:00+00:00;1,18E-05;0;0;0;0;0;0,271;0,271;0,28798404;0,14018104;0,0001;0;0,0001
2017-05-13 02:00:00+00:00;1,78E-05;0;0;0;0;0;0,337;0,337;0,26080536;0,14221265;0,0001;0;0,0001
2017-05-13 03:00:00+00:00;2,38E-05;0;0;0;0;0;0,319;0,319;0,25836661;0,14593726;0,0001;0;0,0001
2017-05-13 04:00:00+00:00;3,30E-05;0;0;0;0;0;0,174;0,174;0,26392076;0,14458286;0,0001;0;0,0001
2017-05-13 05:00:00+00:00;7,26E-05;0;4,17E-06;0;0;0;0,123;0,123;0,27473302;0,13036159;0,0001;0;0,0001
2017-05-13 06:00:00+00:00;0,00030133;0;3,07E-05;0;0;0;0,163;0,163;0,31984286;0,131716;0,0001;0;0,0001
2017-05-13 07:00:00+00:00;0,00039734;0;7,05E-05;0;0;0;0,077;0,077;0,35611399;0,175057;0,0001;0;0,0001
2017-05-13 08:00:00+00:00;0,00032493;0;0,00011855;0;0;0,157530824;0,266;0,266;0,37549712;0,16794637;0,0001;0,157530824;0,0001
2017-05-13 09:00:00+00:00;0,00010955;0;0,0001707;0;0;0,399038963;0,28;0,28;0,38957985;0,17471839;0,0001;0,399038963;0,0001
2017-05-13 10:00:00+00:00;7,64E-05;0;0,00022749;0;0;0,59192667;0,209;0,209;0,38996047;0,14627587;0,0001;0,59192667;0,0001
2017-05-13 11:00:00+00:00;7,34E-05;0;0,00028735;0;0;0,701850272;0,133;0,133;0,37245221;0,14322845;0,0001;0,701850272;0,0001
2017-05-13 12:00:00+00:00;7,61E-05;0;0,00034527;0;0;0,746863731;0,072;0,072;0,36826546;0,15000048;0,0001;0,746863731;0,0001
2017-05-13 13:00:00+00:00;7,47E-05;0;0,00037552;0;0;0,767795782;0,029;0,029;0,38532261;0,16591475;0,0001;0,767795782;0,0001
2017-05-13 14:00:00+00:00;7,11E-05;0;0,00037378;0;0;0,746218975;0,009;0,009;0,40942818;0,17945882;0,0001;0,746218975;0,0001
2017-05-13 15:00:00+00:00;7,80E-05;0;0,00036956;0;0;0,661573161;0,008;0,008;0,41230394;0,18216763;0,0001;0,661573161;0,0001
2017-05-13 16:00:00+00:00;8,29E-05;0;0,00034097;0;0;0,523229074;0,015;0,015;0,40467755;0,3948094;0,0001;0,523229074;0,0001
2017-05-13 17:00:00+00:00;0,00010593;0;0,00028674;0;0;0,351637468;0,023;0,023;0,43125007;0,69142435;0,0001;0,351637468;0,0001
2017-05-13 18:00:00+00:00;0,00036333;0;0,00023277;0;0;0,134841692;0,027;0,027;0,66486265;0,82212454;0,0001;0,134841692;0,0001
2017-05-13 19:00:00+00:00;0,00037709;0;0,00017982;0;0;0;0,005;0,005;0,64773501;0,82009294;0,0001;0;0,0001
2017-05-13 20:00:00+00:00;0,00010357;0;0,00012618;0;0;0;0;0;0,55871356;0,82551056;0,0001;0;0,0001
2017-05-13 21:00:00+00:00;5,44E-05;0;7,71E-05;0;0;0;0,001;0,001;0,46726746;0,78284676;0,0001;0;0,0001
2017-05-13 22:00:00+00:00;3,33E-05;0;3,65E-05;0;0;0;0,015;0,015;0,41174006;0,27189704;0,0001;0;0,0001
2017-05-13 23:00:00+00:00;7,03E-06;0;6,10E-06;0;0;0;0,101;0,101;0,36063907;0,14424426;0,0001;0;0,0001
2017-05-14 00:00:00+00:00;1,31E-06;0;0;0;0;0;0,24;0,24;0,27922991;0,14526006;0,0001;0;0,0001
2017-05-14 01:00:00+00:00;1,16E-05;0;0;0;0;0;0,219;0,219;0,23602314;0,14153544;0,0001;0;0,0001
2017-05-14 02:00:00+00:00;1,79E-05;0;0;0;0;0;0,209;0,209;0,22859411;0,14424426;0,0001;0;0,0001
2017-05-14 03:00:00+00:00;2,38E-05;0;0;0;0;0;0,201;0,201;0,23037031;0,14356705;0,0001;0;0,0001
2017-05-14 04:00:00+00:00;3,23E-05;0;0;0;0;0;0,16;0,16;0,267304;0,14492146;0,0001;0;0,0001
2017-05-14 05:00:00+00:00;7,30E-05;0;4,01E-06;0;0;0;0,127;0,127;0,25584327;0,13340901;0,0001;0;0,0001
2017-05-14 06:00:00+00:00;0,0003022;0;3,04E-05;0;0;0;0,106;0,106;0,27600174;0,1327318;0,0001;0;0,0001
2017-05-14 07:00:00+00:00;0,00039375;0;7,12E-05;0;0;0;0,048;0,048;0,35244882;0,175057;0,0001;0;0,0001
2017-05-14 08:00:00+00:00;0,00032613;0;0,00011896;0;0;0,1810968;0,061;0,061;0,3964591;0,21196457;0,0001;0,1810968;0,0001
2017-05-14 09:00:00+00:00;0,00010656;0;0,00017242;0;0;0,428027669;0,128;0,128;0,39609259;0,21399617;0,0001;0,428027669;0,0001
2017-05-14 10:00:00+00:00;7,79E-05;0;0,00022791;0;0;0,620252545;0,141;0,141;0,42955845;0,21230317;0,0001;0,620252545;0,0001
2017-05-14 11:00:00+00:00;7,67E-05;0;0,00028572;0;0;0,753904985;0,144;0,144;0,42958664;0,18149043;0,0001;0,753904985;0,0001
2017-05-14 12:00:00+00:00;7,61E-05;0;0,00034449;0;0;0,825892407;0,123;0,123;0,34689467;0,18792386;0,0001;0,825892407;0,0001
2017-05-14 13:00:00+00:00;7,62E-05;0;0,0003729;0;0;0,841206339;0,092;0,092;0,36665842;0,20823995;0,0001;0,841206339;0,0001
2017-05-14 14:00:00+00:00;7,48E-05;0;0,00037467;0;0;0,801290947;0,063;0,063;0,35997652;0,23837548;0,0001;0,801290947;0,0001
2017-05-14 15:00:00+00:00;7,75E-05;0;0,00036983;0;0;0,707460107;0,047;0,047;0,3622884;0,23837548;0,0001;0,707460107;0,0001
2017-05-14 16:00:00+00:00;7,85E-05;0;0,00034145;0;0;0,559896751;0,044;0,044;0,37614558;0,44390662;0,0001;0,559896751;0,0001
2017-05-14 17:00:00+00:00;0,00010455;0;0,00028889;0;0;0,366413529;0,058;0,058;0,48670698;0,73104073;0,0001;0,366413529;0,0001
2017-05-14 18:00:00+00:00;0,00036672;0;0,00023498;0;0;0,140705908;0,073;0,073;0,69952674;0,8776552;0,0001;0,140705908;0,0001
2017-05-14 19:00:00+00:00;0,00037857;0;0,00017977;0;0;0;0,083;0,083;0,70044304;0,88002541;0,0001;0;0,0001
2017-05-14 20:00:00+00:00;0,00010371;0;0,00012453;0;0;0;0,086;0,086;0,57905528;0,88205702;0,0001;0;0,0001
2017-05-14 21:00:00+00:00;5,45E-05;0;7,79E-05;0;0;0;0,083;0,083;0,47946121;0,84853546;0,0001;0;0,0001
2017-05-14 22:00:00+00:00;3,32E-05;0;3,63E-05;0;0;0;0,062;0,062;0,40827224;0,32708909;0,0001;0;0,0001
2017-05-14 23:00:00+00:00;7,28E-06;0;6,08E-06;0;0;0;0,041;0,041;0,34435724;0,20451533;0,0001;0;0,0001
2017-05-15 00:00:00+00:00;2,00E-06;0;0;0;0;0;0,033;0,033;0,25854987;0,20620834;0,0001;0;0,0001
2017-05-15 01:00:00+00:00;1,17E-05;0;0;0;0;0;0,036;0,036;0,25656221;0,21670499;0,0001;0;0,0001
2017-05-15 02:00:00+00:00;1,79E-05;0;0;0;0;0;0,067;0,067;0,24971116;0,20451533;0,0001;0;0,0001
2017-05-15 03:00:00+00:00;2,48E-05;0;0;0;0;0;0,126;0,126;0,19108246;0,2204296;0,0001;0;0,0001
2017-05-15 04:00:00+00:00;3,30E-05;0;0;0;0;0;0,151;0,151;0,22412542;0,20112932;0,0001;0;0,0001
2017-05-15 05:00:00+00:00;7,31E-05;0;4,19E-06;0;0;0;0,126;0,126;0,23918083;0,20993296;0,0001;0;0,0001
2017-05-15 06:00:00+00:00;0,00030281;0;3,01E-05;0;0;0;0,111;0,111;0,26705025;0,20451533;0,0001;0;0,0001
2017-05-15 07:00:00+00:00;0,00039577;0;7,05E-05;0;0;0;0,043;0,043;0,37923278;0,24379311;0,0001;0;0,0001
2017-05-15 08:00:00+00:00;0,00033009;0;0,0001193;0;0;0,16357616;0,022;0,022;0,44412047;0,25158095;0,0001;0,16357616;0,0001
2017-05-15 09:00:00+00:00;0,00010805;0;0,00017333;0;0;0,405920469;0,049;0,049;0,44650283;0,25124234;0,0001;0,405920469;0,0001
2017-05-15 10:00:00+00:00;7,58E-05;0;0,00022716;0;0;0,606301827;0,059;0,059;0,41460172;0,21772079;0,0001;0,606301827;0,0001
2017-05-15 11:00:00+00:00;7,52E-05;0;0,00028417;0;0;0,73887687;0,066;0,066;0,411585;0,21061016;0,0001;0,73887687;0,0001
2017-05-15 12:00:00+00:00;7,44E-05;0;0,00034363;0;0;0,814358731;0,077;0,077;0,39722033;0,20654694;0,0001;0,814358731;0,0001
2017-05-15 13:00:00+00:00;7,25E-05;0;0,00037538;0;0;0,832927872;0,078;0,078;0,37443986;0,2417615;0,0001;0,832927872;0,0001
2017-05-15 14:00:00+00:00;7,42E-05;0;0,00037535;0;0;0,799259313;0,075;0,075;0,37063372;0,25801438;0,0001;0,799259313;0,0001
2017-05-15 15:00:00+00:00;7,80E-05;0;0,00036929;0;0;0,707761892;0,075;0,075;0,3778372;0,25496696;0,0001;0,707761892;0,0001
2017-05-15 16:00:00+00:00;8,25E-05;0;0,00034034;0;0;0,564345045;0,09;0,09;0,37147953;0,45812789;0,0001;0,564345045;0,0001
2017-05-15 17:00:00+00:00;0,00010385;0;0,00028689;0;0;0,367232129;0,136;0,136;0,50964251;0,75067962;0,0001;0,367232129;0,0001
2017-05-15 18:00:00+00:00;0,00036676;0;0,0002323;0;0;0,134328401;0,216;0,216;0,65045569;0,8779938;0,0001;0,134328401;0,0001
2017-05-15 19:00:00+00:00;0,00038077;0;0,00018006;0;0;0;0,265;0,265;0,63448399;0,88375002;0,0001;0;0,0001
2017-05-15 20:00:00+00:00;0,00010298;0;0,00012731;0;0;0;0,264;0,264;0,55397703;0,88645884;0,0001;0;0,0001
2017-05-15 21:00:00+00:00;5,45E-05;0;7,82E-05;0;0;0;0,215;0,215;0,51123545;0,8563233;0,0001;0;0,0001
2017-05-15 22:00:00+00:00;3,39E-05;0;3,69E-05;0;0;0;0,156;0,156;0,43793196;0,30237118;0,0001;0;0,0001
2017-05-15 23:00:00+00:00;7,26E-06;0;6,32E-06;0;0;0;0,088;0,088;0,38502658;0,17810441;0,0001;0;0,0001
2017-05-16 00:00:00+00:00;1,29E-06;0;0;0;0;0;0,031;0,031;0,30864998;0,18623085;0,0001;0;0,0001
2017-05-16 01:00:00+00:00;1,21E-05;0;0;0;0;0;0,007;0,007;0,24407243;0,17979742;0,0001;0;0,0001
2017-05-16 02:00:00+00:00;1,80E-05;0;0;0;0;0;0,005;0,005;0,23465575;0,18047462;0,0001;0;0,0001
2017-05-16 03:00:00+00:00;2,43E-05;0;0;0;0;0;0,01;0,01;0,2451015;0,18758525;0,0001;0;0,0001
2017-05-16 04:00:00+00:00;3,26E-05;0;0;0;0;0;0,02;0,02;0,28221843;0,19300288;0,0001;0;0,0001
2017-05-16 05:00:00+00:00;7,18E-05;0;4,18E-06;0;0;0;0,036;0,036;0,30243328;0,19063267;0,0001;0;0,0001
2017-05-16 06:00:00+00:00;0,00030461;0;3,02E-05;0;0;0;0,055;0,055;0,26289169;0,19469589;0,0001;0;0,0001
2017-05-16 07:00:00+00:00;0,00039575;0;7,01E-05;0;0;0;0,045;0,045;0,23445839;0,19266428;0,0001;0;0,0001
2017-05-16 08:00:00+00:00;0,00032584;0;0,00011878;0;0;0,176898271;0,008;0,008;0,24008303;0,19605029;0,0001;0,176898271;0,0001
2017-05-16 09:00:00+00:00;0,00010579;0;0,00017186;0;0;0,415950991;0,022;0,022;0,25024684;0,19164847;0,0001;0,415950991;0,0001
2017-05-16 10:00:00+00:00;7,47E-05;0;0,00022761;0;0;0,61017362;0,06;0,06;0,28365631;0,24785633;0,0001;0,61017362;0,0001
2017-05-16 11:00:00+00:00;7,59E-05;0;0,00028396;0;0;0,750454737;0,103;0,103;0,27154714;0,28713411;0,0001;0,750454737;0,0001
2017-05-16 12:00:00+00:00;7,75E-05;0;0,00034229;0;0;0,824440227;0,12;0,12;0,29544126;0,25835298;0,0001;0,824440227;0,0001
2017-05-16 13:00:00+00:00;7,62E-05;0;0,00037529;0;0;0,836521014;0,107;0,107;0,30807201;0,24379311;0,0001;0,836521014;0,0001
2017-05-16 14:00:00+00:00;7,58E-05;0;0,00037532;0;0;0,802654007;0,102;0,102;0,3134711;0,24988794;0,0001;0,802654007;0,0001
2017-05-16 15:00:00+00:00;7,86E-05;0;0,00036951;0;0;0,710673111;0,11;0,11;0,28891443;0,24413171;0,0001;0,710673111;0,0001
2017-05-16 16:00:00+00:00;7,90E-05;0;0,00034105;0;0;0,567967724;0,118;0,118;0,28588361;0,46693153;0,0001;0,567967724;0,0001
2017-05-16 17:00:00+00:00;0,00010622;0;0,00028604;0;0;0,37280225;0,163;0,163;0,38327857;0,73679695;0,0001;0,37280225;0,0001
2017-05-16 18:00:00+00:00;0,00036975;0;0,00023203;0;0;0,147634377;0,269;0,269;0,59433624;0,84514945;0,0001;0,147634377;0,0001
2017-05-16 19:00:00+00:00;0,00038136;0;0,00017904;0;0;0;0,283;0,283;0,55716291;0,87359198;0,0001;0;0,0001
2017-05-16 20:00:00+00:00;0,00010355;0;0,00012593;0;0;0;0,183;0,183;0,46621019;0,88408863;0,0001;0;0,0001
2017-05-16 21:00:00+00:00;5,41E-05;0;7,85E-05;0;0;0;0,079;0,079;0,42131181;0,83533;0,0001;0;0,0001
2017-05-16 22:00:00+00:00;3,37E-05;0;3,74E-05;0;0;0;0,02;0,02;0,32332478;0,80180845;0,0001;0;0,0001
2017-05-16 23:00:00+00:00;7,76E-06;0;6,41E-06;0;0;0;0,002;0,002;0,30938302;0,44322942;0,0001;0;0,0001
2017-05-17 00:00:00+00:00;1,69E-06;0;0;0;0;0;0;0;0,2446222;0,43679599;0,0001;0;0,0001
2017-05-17 01:00:00+00:00;1,19E-05;0;0;0;0;0;0,003;0,003;0,20152821;0,44052061;0,0001;0;0,0001
2017-05-17 02:00:00+00:00;1,75E-05;0;0;0;0;0;0,055;0,055;0,22945402;0,45135585;0,0001;0;0,0001
2017-05-17 03:00:00+00:00;2,42E-05;0;0;0;0;0;0,117;0,117;0,2308778;0,21738219;0,0001;0;0,0001
2017-05-17 04:00:00+00:00;3,25E-05;0;0;0;0;0;0,14;0,14;0,20037227;0,20586974;0,0001;0;0,0001
2017-05-17 05:00:00+00:00;7,39E-05;0;4,22E-06;0;0;0;0,133;0,133;0,23561433;0,20688554;0,0001;0;0,0001
2017-05-17 06:00:00+00:00;0,00030556;0;3,08E-05;0;0;0;0,121;0,121;0,30387116;0,21094876;0,0001;0;0,0001
2017-05-17 07:00:00+00:00;0,00039609;0;7,15E-05;0;0;0;0,049;0,049;0,33320665;0,25293535;0,0001;0;0,0001
2017-05-17 08:00:00+00:00;0,00032746;0;0,00012053;0;0;0,170784701;0,029;0,029;0,36156946;0,25293535;0,0001;0,170784701;0,0001
2017-05-17 09:00:00+00:00;0,00010865;0;0,00017337;0;0;0,397698645;0,069;0,069;0,38241867;0,25158095;0,0001;0,397698645;0,0001
2017-05-17 10:00:00+00:00;7,24E-05;0;0,0002299;0;0;0,597060711;0,076;0,076;0,38061427;0,22483142;0,0001;0,597060711;0,0001
2017-05-17 11:00:00+00:00;7,47E-05;0;0,00028638;0;0;0,732387558;0,083;0,083;0,39086266;0,2204296;0,0001;0,732387558;0,0001
2017-05-17 12:00:00+00:00;7,54E-05;0;0,00034477;0;0;0,802473103;0,101;0,101;0,37448215;0,19571169;0,0001;0,802473103;0,0001
2017-05-17 13:00:00+00:00;7,37E-05;0;0,00037652;0;0;0,816531732;0,112;0,112;0,37566629;0,22991045;0,0001;0,816531732;0,0001
2017-05-17 14:00:00+00:00;7,65E-05;0;0,00037408;0;0;0,786388196;0,132;0,132;0,45369221;0,25022654;0,0001;0,786388196;0,0001
2017-05-17 15:00:00+00:00;7,79E-05;0;0,00036868;0;0;0,708324492;0,128;0,128;0,44891339;0,24785633;0,0001;0,708324492;0,0001
2017-05-17 16:00:00+00:00;8,35E-05;0;0,00033972;0;0;0,558406224;0,119;0,119;0,49524965;0,46252971;0,0001;0,558406224;0,0001
2017-05-17 17:00:00+00:00;0,0001069;0;0,00028429;0;0;0,357572766;0,147;0,147;0,53033665;0,74356899;0,0001;0,357572766;0,0001
2017-05-17 18:00:00+00:00;0,00036898;0;0,00023094;0;0;0,140953287;0,223;0,223;0,62368583;0,88612024;0,0001;0,140953287;0,0001
2017-05-17 19:00:00+00:00;0,00038434;0;0,00017866;0;0;0;0,237;0,237;0,61362069;0,88104121;0,0001;0;0,0001
2017-05-17 20:00:00+00:00;0,00010347;0;0,00012656;0;0;0;0,188;0,188;0,53225382;0,88544303;0,0001;0;0,0001
2017-05-17 21:00:00+00:00;5,40E-05;0;7,77E-05;0;0;0;0,111;0,111;0,41236032;0,85022847;0,0001;0;0,0001
2017-05-17 22:00:00+00:00;3,34E-05;0;3,63E-05;0;0;0;0,044;0,044;0,33766125;0,32336447;0,0001;0;0,0001
2017-05-17 23:00:00+00:00;7,40E-06;0;6,06E-06;0;0;0;0,01;0,01;0,28265544;0,20756274;0,0001;0;0,0001
2017-05-18 00:00:00+00:00;1,70E-07;0;0;0;0;0;0,002;0,002;0,2552935;0,20654694;0,0001;0;0,0001
2017-05-18 01:00:00+00:00;8,78E-06;0;0;0;0;0;0,001;0,001;0,25343272;0,20857855;0,0001;0;0,0001
2017-05-18 02:00:00+00:00;1,40E-05;0;0;0;0;0;0,001;0,001;0,21136779;0,2204296;0,0001;0;0,0001
2017-05-18 03:00:00+00:00;1,93E-05;0;0;0;0;0;0,001;0,001;0,21635807;0,20586974;0,0001;0;0,0001
2017-05-18 04:00:00+00:00;2,77E-05;0;0;0;0;0;0,002;0,002;0,21582239;0,20891715;0,0001;0;0,0001
2017-05-18 05:00:00+00:00;6,62E-05;0;4,17E-06;0;0;0;0,004;0,004;0,21225589;0,20586974;0,0001;0;0,0001
2017-05-18 06:00:00+00:00;0,0002966;0;2,98E-05;0;0;0;0,006;0,006;0,26557009;0,21704359;0,0001;0;0,0001
2017-05-18 07:00:00+00:00;0,00038308;0;6,95E-05;0;0;0;0,007;0,007;0,28765981;0,25395116;0,0001;0;0,0001
2017-05-18 08:00:00+00:00;0,00030794;0;0,00011751;0;0;0,1438469;0,002;0,002;0,33282604;0,25462836;0,0001;0,1438469;0,0001
2017-05-18 09:00:00+00:00;7,83E-05;0;0,00017095;0;0;0,362400252;0,008;0,008;0,34869906;0,25733717;0,0001;0,362400252;0,0001
2017-05-18 10:00:00+00:00;4,24E-05;0;0,00022748;0;0;0,57603607;0,016;0,016;0,34651405;0,2187366;0,0001;0,57603607;0,0001
2017-05-18 11:00:00+00:00;4,25E-05;0;0,00028634;0;0;0,731357982;0,026;0,026;0,37966979;0,22449282;0,0001;0,731357982;0,0001
2017-05-18 12:00:00+00:00;4,30E-05;0;0,0003434;0;0;0,805628237;0,033;0,033;0,35332282;0,20079071;0,0001;0,805628237;0,0001
2017-05-18 13:00:00+00:00;4,18E-05;0;0,00037376;0;0;0,812056653;0,04;0,04;0,38243276;0,23702108;0,0001;0,812056653;0,0001
2017-05-18 14:00:00+00:00;4,24E-05;0;0,00037538;0;0;0,77115177;0,048;0,048;0,46333444;0,24277731;0,0001;0,77115177;0,0001
2017-05-18 15:00:00+00:00;4,67E-05;0;0,0003703;0;0;0,648478217;0,061;0,061;0,44361298;0,25090374;0,0001;0,648478217;0,0001
2017-05-18 16:00:00+00:00;5,59E-05;0;0,00034015;0;0;0,496581216;0,079;0,079;0,39414722;0,46727013;0,0001;0,496581216;0,0001
2017-05-18 17:00:00+00:00;8,70E-05;0;0,00028592;0;0;0,308801089;0,097;0,097;0,43529586;0,76320788;0,0001;0,308801089;0,0001
2017-05-18 18:00:00+00:00;0,00035522;0;0,00023345;0;0;0,120110553;0,156;0,156;0,66666704;0,89729408;0,0001;0,120110553;0,0001
2017-05-18 19:00:00+00:00;0,00037557;0;0,00018184;0;0;0;0,203;0,203;0,64631123;0,88375002;0,0001;0;0,0001
2017-05-18 20:00:00+00:00;9,88E-05;0;0,00012744;0;0;0;0,195;0,195;0,48242154;0,88137981;0,0001;0;0,0001
2017-05-18 21:00:00+00:00;4,96E-05;0;7,88E-05;0;0;0;0,157;0,157;0,39795337;0,85463029;0,0001;0;0,0001
2017-05-18 22:00:00+00:00;2,96E-05;0;3,68E-05;0;0;0;0,116;0,116;0,28374089;0,3301365;0,0001;0;0,0001
2017-05-18 23:00:00+00:00;4,97E-06;0;6,40E-06;0;0;0;0,089;0,089;0,2517552;0,20620834;0,0001;0;0,0001
2017-05-19 00:00:00+00:00;1,10E-07;0;0;0;0;0;0,069;0,069;0,23141348;0,20586974;0,0001;0;0,0001
2017-05-19 01:00:00+00:00;8,68E-06;0;0;0;0;0;0,054;0,054;0,20264186;0,20586974;0,0001;0;0,0001
2017-05-19 02:00:00+00:00;1,41E-05;0;0;0;0;0;0,043;0,043;0,20065421;0,20586974;0,0001;0;0,0001
2017-05-19 03:00:00+00:00;1,94E-05;0;0;0;0;0;0,033;0,033;0,19707361;0,22246121;0,0001;0;0,0001
2017-05-19 04:00:00+00:00;2,77E-05;0;0;0;0;0;0,024;0,024;0,23314739;0,21196457;0,0001;0;0,0001
2017-05-19 05:00:00+00:00;6,55E-05;0;4,25E-06;0;0;0;0,016;0,016;0,24025219;0,20857855;0,0001;0;0,0001
2017-05-19 06:00:00+00:00;0,00029819;0;3,01E-05;0;0;0;0,011;0,011;0,27727045;0,20857855;0,0001;0;0,0001
2017-05-19 07:00:00+00:00;0,00038292;0;7,04E-05;0;0;0;0,009;0,009;0,25632257;0,22212261;0,0001;0;0,0001
2017-05-19 08:00:00+00:00;0,0003048;0;0,00011869;0;0;0,182029137;0,015;0,015;0,29728794;0,2194138;0,0001;0,182029137;0,0001
2017-05-19 09:00:00+00:00;7,84E-05;0;0,000172;0;0;0,433045161;0,027;0,027;0,30552049;0,20756274;0,0001;0,433045161;0,0001
2017-05-19 10:00:00+00:00;4,24E-05;0;0,00022858;0;0;0,625246346;0,049;0,049;0,33508153;0,20451533;0,0001;0,625246346;0,0001
2017-05-19 11:00:00+00:00;4,22E-05;0;0,00028544;0;0;0,756631839;0,076;0,076;0,30395574;0,20451533;0,0001;0,756631839;0,0001
2017-05-19 12:00:00+00:00;4,30E-05;0;0,00034377;0;0;0,830280781;0,098;0,098;0,29582187;0,18013602;0,0001;0,830280781;0,0001
2017-05-19 13:00:00+00:00;4,19E-05;0;0,00037589;0;0;0,843271096;0,118;0,118;0,31653011;0,21433478;0,0001;0,843271096;0,0001
2017-05-19 14:00:00+00:00;4,24E-05;0;0,00037522;0;0;0,811829043;0,127;0,127;0,36698264;0,26106179;0,0001;0,811829043;0,0001
2017-05-19 15:00:00+00:00;4,67E-05;0;0,00036972;0;0;0,725399778;0,124;0,124;0,36767339;0,26004598;0,0001;0,725399778;0,0001
2017-05-19 16:00:00+00:00;5,60E-05;0;0,00034167;0;0;0,58425269;0,115;0,115;0,38260192;0,46456131;0,0001;0,58425269;0,0001
2017-05-19 17:00:00+00:00;8,77E-05;0;0,00028728;0;0;0,382142152;0,109;0,109;0,45250808;0,75779025;0,0001;0,382142152;0,0001
2017-05-19 18:00:00+00:00;0,00036003;0;0,00023335;0;0;0,150365385;0,186;0,186;0,65407858;0,88578163;0,0001;0,150365385;0,0001
2017-05-19 19:00:00+00:00;0,00037802;0;0,00017794;0;0;0;0,293;0,293;0,61229559;0,90203451;0,0001;0;0,0001
2017-05-19 20:00:00+00:00;9,92E-05;0;0,00012572;0;0;0;0,321;0,321;0,57293726;0,88036401;0,0001;0;0,0001
2017-05-19 21:00:00+00:00;4,98E-05;0;7,71E-05;0;0;0;0,282;0,282;0,42370827;0,84853546;0,0001;0;0,0001
2017-05-19 22:00:00+00:00;2,97E-05;0;3,66E-05;0;0;0;0,248;0,248;0,31399268;0,3287821;0,0001;0;0,0001
2017-05-19 23:00:00+00:00;5,03E-06;0;6,27E-06;0;0;0;0,212;0,212;0,22079857;0,20823995;0,0001;0;0,0001
2017-05-20 00:00:00+00:00;1,34E-06;0;0;0;0;0;0,145;0,145;0,19008159;0,20790135;0,0001;0;0,0001
2017-05-20 01:00:00+00:00;1,14E-05;0;0;0;0;0;0,104;0,104;0,18774151;0,20485393;0,0001;0;0,0001
2017-05-20 02:00:00+00:00;1,72E-05;0;0;0;0;0;0,078;0,078;0,19213972;0,19334148;0,0001;0;0,0001
2017-05-20 03:00:00+00:00;2,42E-05;0;0;0;0;0;0,062;0,062;0,19051859;0,20790135;0,0001;0;0,0001
2017-05-20 04:00:00+00:00;3,26E-05;0;0;0;0;0;0,055;0,055;0,19013797;0,20823995;0,0001;0;0,0001
2017-05-20 05:00:00+00:00;7,26E-05;0;4,19E-06;0;0;0;0,055;0,055;0,23902576;0,20823995;0,0001;0;0,0001
2017-05-20 06:00:00+00:00;0,00030739;0;3,04E-05;0;0;0;0,065;0,065;0,21985408;0,21027156;0,0001;0;0,0001
2017-05-20 07:00:00+00:00;0,00040263;0;7,10E-05;0;0;0;0,046;0,046;0,27478941;0,25428976;0,0001;0;0,0001
2017-05-20 08:00:00+00:00;0,00033204;0;0,00011919;0;0;0,17625411;0,083;0,083;0,31462703;0,25395116;0,0001;0,17625411;0,0001
2017-05-20 09:00:00+00:00;0,00011051;0;0,00017197;0;0;0,419282006;0,162;0,162;0,32570714;0,25530556;0,0001;0,419282006;0,0001
2017-05-20 10:00:00+00:00;7,61E-05;0;0,00022903;0;0;0,616022487;0,175;0,175;0,3152332;0,2197524;0,0001;0,616022487;0,0001
2017-05-20 11:00:00+00:00;7,64E-05;0;0,00028676;0;0;0,746877597;0,188;0,188;0,32256355;0,22212261;0,0001;0,746877597;0,0001
2017-05-20 12:00:00+00:00;7,55E-05;0;0,00034592;0;0;0,816947546;0,211;0,211;0,30516807;0,20993296;0,0001;0,816947546;0,0001
2017-05-20 13:00:00+00:00;7,52E-05;0;0,00037694;0;0;0,834736194;0,218;0,218;0,3352084;0,23566667;0,0001;0,834736194;0,0001
2017-05-20 14:00:00+00:00;7,54E-05;0;0,00037399;0;0;0,80135259;0,208;0,208;0,40054718;0,24379311;0,0001;0,80135259;0,0001
2017-05-20 15:00:00+00:00;7,80E-05;0;0,00036803;0;0;0,716305106;0,18;0,18;0,40338064;0,24717913;0,0001;0,716305106;0,0001
2017-05-20 16:00:00+00:00;7,80E-05;0;0,00034028;0;0;0,577289236;0,146;0,146;0,40951276;0,46456131;0,0001;0,577289236;0,0001
2017-05-20 17:00:00+00:00;0,00010472;0;0,00028798;0;0;0,379324854;0,141;0,141;0,44560064;0,76151487;0,0001;0,379324854;0,0001
2017-05-20 18:00:00+00:00;0,00037398;0;0,00023338;0;0;0,14989682;0,213;0,213;0,62832368;0,88375002;0,0001;0,14989682;0,0001
2017-05-20 19:00:00+00:00;0,00038589;0;0,00017851;0;0;0;0,289;0,289;0,58789399;0,88273422;0,0001;0;0,0001
2017-05-20 20:00:00+00:00;0,00010308;0;0,00012648;0;0;0;0,306;0,306;0,52541686;0,8570005;0,0001;0;0,0001
2017-05-20 21:00:00+00:00;5,42E-05;0;7,76E-05;0;0;0;0,278;0,278;0,39495074;0,86004792;0,0001;0;0,0001
2017-05-20 22:00:00+00:00;3,31E-05;0;3,64E-05;0;0;0;0,227;0,227;0,27868013;0,56309436;0,0001;0;0,0001
2017-05-20 23:00:00+00:00;7,00E-06;0;6,27E-06;0;0;0;0,197;0,197;0,2117907;0,20349953;0,0001;0;0,0001
2017-05-21 00:00:00+00:00;1,62E-06;0;0;0;0;0;0,136;0,136;0,17451869;0,20417673;0,0001;0;0,0001
2017-05-21 01:00:00+00:00;1,14E-05;0;0;0;0;0;0,126;0,126;0,15412059;0,20857855;0,0001;0;0,0001
2017-05-21 02:00:00+00:00;1,74E-05;0;0;0;0;0;0,102;0,102;0,15514965;0,20688554;0,0001;0;0,0001
2017-05-21 03:00:00+00:00;2,41E-05;0;0;0;0;0;0,09;0,09;0,15799721;0,22246121;0,0001;0;0,0001
2017-05-21 04:00:00+00:00;3,22E-05;0;0;0;0;0;0,1;0,1;0,1940428;0,2207682;0,0001;0;0,0001
2017-05-21 05:00:00+00:00;7,43E-05;0;4,14E-06;0;0;0;0,102;0,102;0,22106641;0,22279981;0,0001;0;0,0001
2017-05-21 06:00:00+00:00;0,00030838;0;3,05E-05;0;0;0;0,12;0,12;0,22808663;0,22483142;0,0001;0;0,0001
2017-05-21 07:00:00+00:00;0,00040291;0;7,08E-05;0;0;0;0,105;0,105;0,26731809;0,25225815;0,0001;0;0,0001
2017-05-21 08:00:00+00:00;0,00033266;0;0,00011874;0;0;0,168888869;0,31;0,31;0,33815464;0,25124234;0,0001;0,168888869;0,0001
2017-05-21 09:00:00+00:00;0,00010727;0;0,00017122;0;0;0,413789036;0,454;0,454;0,34479424;0,25361255;0,0001;0,413789036;0,0001
2017-05-21 10:00:00+00:00;7,48E-05;0;0,00022779;0;0;0,615614352;0,455;0,455;0,37529977;0,22415422;0,0001;0,615614352;0,0001
2017-05-21 11:00:00+00:00;7,59E-05;0;0,00028712;0;0;0,751238589;0,392;0,392;0,38212263;0,20519253;0,0001;0,751238589;0,0001
2017-05-21 12:00:00+00:00;7,51E-05;0;0,0003442;0;0;0,822802937;0,332;0,332;0,3183345;0,1977433;0,0001;0,822802937;0,0001
2017-05-21 13:00:00+00:00;7,52E-05;0;0,00037517;0;0;0,842070918;0,268;0,268;0,33983216;0,20349953;0,0001;0,842070918;0,0001
2017-05-21 14:00:00+00:00;7,29E-05;0;0,00037499;0;0;0,811525025;0,201;0,201;0,36414918;0,23566667;0,0001;0,811525025;0,0001
2017-05-21 15:00:00+00:00;7,68E-05;0;0,00036971;0;0;0,726230706;0,138;0,138;0,33905683;0,4611753;0,0001;0,726230706;0,0001
2017-05-21 16:00:00+00:00;8,14E-05;0;0,0003408;0;0;0,5843743;0,078;0,078;0,3241283;0,46794733;0,0001;0,5843743;0,0001
2017-05-21 17:00:00+00:00;0,0001066;0;0,00028675;0;0;0,385977969;0,05;0,05;0,46357409;0,75203402;0,0001;0,385977969;0,0001
2017-05-21 18:00:00+00:00;0,00037627;0;0,00023232;0;0;0,153423373;0,095;0,095;0,62706906;0,89052206;0,0001;0,153423373;0,0001
2017-05-21 19:00:00+00:00;0,00038568;0;0,00017897;0;0;0;0,156;0,156;0,60231504;0,88984485;0,0001;0;0,0001
2017-05-21 20:00:00+00:00;0,00010467;0;0,00012589;0;0;0;0,197;0,197;0,52971639;0,88578163;0,0001;0;0,0001
2017-05-21 21:00:00+00:00;5,41E-05;0;7,83E-05;0;0;0;0,223;0,223;0,42014177;0,85327588;0,0001;0;0,0001
2017-05-21 22:00:00+00:00;3,32E-05;0;3,70E-05;0;0;0;0,211;0,211;0,30504119;0,56614178;0,0001;0;0,0001
2017-05-21 23:00:00+00:00;7,10E-06;0;6,30E-06;0;0;0;0,165;0,165;0,23331655;0,20214512;0,0001;0;0,0001
2017-05-22 00:00:00+00:00;1,50E-06;0;0;0;0;0;0,119;0,119;0,1815953;0,20519253;0,0001;0;0,0001
2017-05-22 01:00:00+00:00;1,16E-05;0;0;0;0;0;0,091;0,091;0,16328352;0,19164847;0,0001;0;0,0001
2017-05-22 02:00:00+00:00;1,82E-05;0;0;0;0;0;0,066;0,066;0,15975932;0,19266428;0,0001;0;0,0001
2017-05-22 03:00:00+00:00;2,39E-05;0;0;0;0;0;0,055;0,055;0,15779986;0,20959435;0,0001;0;0,0001
2017-05-22 04:00:00+00:00;3,32E-05;0;0;0;0;0;0,063;0,063;0,15417697;0,21128736;0,0001;0;0,0001
2017-05-22 05:00:00+00:00;7,39E-05;0;4,16E-06;0;0;0;0,065;0,065;0,18906662;0,21162596;0,0001;0;0,0001
2017-05-22 06:00:00+00:00;0,0003102;0;3,03E-05;0;0;0;0,07;0,07;0,17099449;0,20823995;0,0001;0;0,0001
2017-05-22 07:00:00+00:00;0,00040204;0;7,11E-05;0;0;0;0,048;0,048;0,20805504;0,25090374;0,0001;0;0,0001
2017-05-22 08:00:00+00:00;0,00033599;0;0,00011781;0;0;0,178931982;0,047;0,047;0,24679311;0,25699857;0,0001;0,178931982;0,0001
2017-05-22 09:00:00+00:00;0,00010934;0;0,0001718;0;0;0,423133641;0,096;0,096;0,29380603;0,25056514;0,0001;0,423133641;0,0001
2017-05-22 10:00:00+00:00;7,66E-05;0;0,00022736;0;0;0,616654667;0,103;0,103;0,29122631;0,22381562;0,0001;0,616654667;0,0001
2017-05-22 11:00:00+00:00;7,46E-05;0;0,00028515;0;0;0,74904527;0,091;0,091;0,27687574;0,20688554;0,0001;0,74904527;0,0001
2017-05-22 12:00:00+00:00;7,65E-05;0;0,00034331;0;0;0,820993142;0,077;0,077;0,24231032;0,19266428;0,0001;0,820993142;0,0001
2017-05-22 13:00:00+00:00;7,60E-05;0;0,00037603;0;0;0,835287328;0,071;0,071;0,25520892;0,1967275;0,0001;0,835287328;0,0001
2017-05-22 14:00:00+00:00;7,54E-05;0;0,00037496;0;0;0,801835762;0,055;0,055;0,27140617;0,22754024;0,0001;0,801835762;0,0001
2017-05-22 15:00:00+00:00;7,78E-05;0;0,00036979;0;0;0,719466859;0,054;0,054;0,25165652;0,24684052;0,0001;0,719466859;0,0001
2017-05-22 16:00:00+00:00;7,97E-05;0;0,00034055;0;0;0,578240646;0,064;0,064;0,277059;0,46422271;0,0001;0,578240646;0,0001
2017-05-22 17:00:00+00:00;0,00010355;0;0,00028825;0;0;0,379625438;0,043;0,043;0,40273219;0,75745165;0,0001;0,379625438;0,0001
2017-05-22 18:00:00+00:00;0,00037246;0;0,00023434;0;0;0,151339829;0,058;0,058;0,63930511;0,88747464;0,0001;0,151339829;0,0001
2017-05-22 19:00:00+00:00;0,00039038;0;0,00018054;0;0;0;0,159;0,159;0,62649109;0,88612024;0,0001;0;0,0001
2017-05-22 20:00:00+00:00;0,00010293;0;0,0001269;0;0;0;0,212;0,212;0,6118163;0,88747464;0,0001;0;0,0001
2017-05-22 21:00:00+00:00;5,40E-05;0;7,75E-05;0;0;0;0,177;0,177;0,4874682;0,84887406;0,0001;0;0,0001
2017-05-22 22:00:00+00:00;3,33E-05;0;3,59E-05;0;0;0;0,129;0,129;0,35801706;0,33386112;0,0001;0;0,0001
2017-05-22 23:00:00+00:00;7,20E-06;0;6,07E-06;0;0;0;0,094;0,094;0,27494447;0,21162596;0,0001;0;0,0001
2017-05-23 00:00:00+00:00;1,64E-06;0;0;0;0;0;0,066;0,066;0,20103482;0,20688554;0,0001;0;0,0001
2017-05-23 01:00:00+00:00;1,21E-05;0;0;0;0;0;0,049;0,049;0,2011053;0,19909771;0,0001;0;0,0001
2017-05-23 02:00:00+00:00;1,74E-05;0;0;0;0;0;0,055;0,055;0,16577866;0,19605029;0,0001;0;0,0001
2017-05-23 03:00:00+00:00;2,42E-05;0;0;0;0;0;0,048;0,048;0,15846241;0,20857855;0,0001;0;0,0001
2017-05-23 04:00:00+00:00;3,30E-05;0;0;0;0;0;0,053;0,053;0,16049235;0,21061016;0,0001;0;0,0001
2017-05-23 05:00:00+00:00;7,36E-05;0;4,12E-06;0;0;0;0,074;0,074;0,15913906;0,21027156;0,0001;0;0,0001
2017-05-23 06:00:00+00:00;0,00030981;0;3,02E-05;0;0;0;0,084;0,084;0,17350372;0,21061016;0,0001;0;0,0001
2017-05-23 07:00:00+00:00;0,00040466;0;7,02E-05;0;0;0;0,033;0,033;0,19407099;0,25090374;0,0001;0;0,0001
2017-05-23 08:00:00+00:00;0,00033545;0;0,00011994;0;0;0,166974848;0,008;0,008;0,23512094;0,21772079;0,0001;0,166974848;0,0001
2017-05-23 09:00:00+00:00;0,00010906;0;0,00017307;0;0;0,400203864;0,016;0,016;0,25059926;0,21636638;0,0001;0,400203864;0,0001
2017-05-23 10:00:00+00:00;7,48E-05;0;0,00022894;0;0;0,58593726;0,059;0,059;0,27758058;0,18995546;0,0001;0,58593726;0,0001
2017-05-23 11:00:00+00:00;7,47E-05;0;0,00028634;0;0;0,720131143;0,108;0,108;0,25984677;0,17742721;0,0001;0,720131143;0,0001
2017-05-23 12:00:00+00:00;7,84E-05;0;0,0003439;0;0;0,789934676;0,106;0,106;0,23737643;0,1764114;0,0001;0,789934676;0,0001
2017-05-23 13:00:00+00:00;7,50E-05;0;0,0003747;0;0;0,806228678;0,146;0,146;0,24208478;0,21027156;0,0001;0,806228678;0,0001
2017-05-23 14:00:00+00:00;7,52E-05;0;0,0003749;0;0;0,774220415;0,309;0,309;0,24628563;0,19605029;0,0001;0,774220415;0,0001
2017-05-23 15:00:00+00:00;7,83E-05;0;0,00036948;0;0;0,672505427;0,468;0,468;0,23915264;0,4161413;0,0001;0,672505427;0,0001
2017-05-23 16:00:00+00:00;8,05E-05;0;0,00034069;0;0;0,527621341;0,567;0,567;0,25003538;0,41173948;0,0001;0,527621341;0,0001
2017-05-23 17:00:00+00:00;0,00010669;0;0,00028513;0;0;0,332283558;0,521;0,521;0,40584759;0,72968632;0,0001;0,332283558;0,0001
2017-05-23 18:00:00+00:00;0,0003724;0;0,00023371;0;0;0,120582113;0,394;0,394;0,62374221;0,84921267;0,0001;0,120582113;0,0001
2017-05-23 19:00:00+00:00;0,00039122;0;0,0001792;0;0;0;0,34;0,34;0,63143908;0,89289227;0,0001;0;0,0001
2017-05-23 20:00:00+00:00;0,00010469;0;0,00012527;0;0;0;0,42;0,42;0,63004349;0,88070261;0,0001;0;0,0001
2017-05-23 21:00:00+00:00;5,40E-05;0;7,69E-05;0;0;0;0,491;0,491;0,49750514;0,83634581;0,0001;0;0,0001
2017-05-23 22:00:00+00:00;3,29E-05;0;3,65E-05;0;0;0;0,505;0,505;0,34676779;0,32065566;0,0001;0;0,0001
2017-05-23 23:00:00+00:00;7,40E-06;0;6,16E-06;0;0;0;0,511;0,511;0,23810947;0,21467338;0,0001;0;0,0001
2017-05-24 00:00:00+00:00;1,10E-06;0;0;0;0;0;0,514;0,514;0,17267201;0,20959435;0,0001;0;0,0001
2017-05-24 01:00:00+00:00;1,18E-05;0;0;0;0;0;0,472;0,472;0,17766229;0,19875911;0,0001;0;0,0001
2017-05-24 02:00:00+00:00;1,80E-05;0;0;0;0;0;0,398;0,398;0,17811338;0,1984205;0,0001;0;0,0001
2017-05-24 03:00:00+00:00;2,38E-05;0;0;0;0;0;0,47;0,47;0,18058033;0,19638889;0,0001;0;0,0001
2017-05-24 04:00:00+00:00;3,23E-05;0;0;0;0;0;0,481;0,481;0,18506312;0,21027156;0,0001;0;0,0001
2017-05-24 05:00:00+00:00;7,29E-05;0;4,09E-06;0;0;0;0,415;0,415;0,1762667;0,21162596;0,0001;0;0,0001
2017-05-24 06:00:00+00:00;0,0003099;0;3,02E-05;0;0;0;0,315;0,315;0,23569891;0,21399617;0,0001;0;0,0001
2017-05-24 07:00:00+00:00;0,00040932;0;7,01E-05;0;0;0;0,208;0,208;0,33267097;0,25327395;0,0001;0;0,0001
2017-05-24 08:00:00+00:00;0,00033661;0;0,00011833;0;0;0,126694351;0,165;0,165;0,35187085;0,25428976;0,0001;0,126694351;0,0001
2017-05-24 09:00:00+00:00;0,00011015;0;0,00017238;0;0;0,366243414;0,202;0,202;0,32830096;0,25428976;0,0001;0,366243414;0,0001
2017-05-24 10:00:00+00:00;7,43E-05;0;0,0002286;0;0;0,567856999;0,183;0,183;0,32421288;0,22212261;0,0001;0,567856999;0,0001
2017-05-24 11:00:00+00:00;7,48E-05;0;0,00028571;0;0;0,703420712;0,11;0,11;0,3285406;0,20891715;0,0001;0,703420712;0,0001
2017-05-24 12:00:00+00:00;7,49E-05;0;0,00034451;0;0;0,784778268;0,069;0,069;0,30392755;0,20959435;0,0001;0,784778268;0,0001
2017-05-24 13:00:00+00:00;7,66E-05;0;0,00037569;0;0;0,794617434;0,04;0,04;0,30085444;0,24548612;0,0001;0,794617434;0,0001
2017-05-24 14:00:00+00:00;7,79E-05;0;0,00037556;0;0;0,750819463;0,02;0,02;0,34838893;0,25462836;0,0001;0,750819463;0,0001
2017-05-24 15:00:00+00:00;7,76E-05;0;0,00036851;0;0;0,680624898;0,01;0,01;0,35680473;0,24988794;0,0001;0,680624898;0,0001
2017-05-24 16:00:00+00:00;8,08E-05;0;0,00034039;0;0;0,526164466;0,008;0,008;0,36991478;0,46489992;0,0001;0,526164466;0,0001
2017-05-24 17:00:00+00:00;0,0001049;0;0,0002882;0;0;0,328007882;0,02;0,02;0,45706135;0,74424619;0,0001;0,328007882;0,0001
2017-05-24 18:00:00+00:00;0,00037567;0;0,00023359;0;0;0,117176172;0,073;0,073;0,61876603;0,88239562;0,0001;0,117176172;0,0001
2017-05-24 19:00:00+00:00;0,00038895;0;0,00018129;0;0;0;0,161;0,161;0,55772678;0,88747464;0,0001;0;0,0001
2017-05-24 20:00:00+00:00;0,00010413;0;0,00012786;0;0;0;0,217;0,217;0,48844089;0,88612024;0,0001;0;0,0001
2017-05-24 21:00:00+00:00;5,43E-05;0;7,92E-05;0;0;0;0,207;0,207;0,4532834;0,84785826;0,0001;0;0,0001
2017-05-24 22:00:00+00:00;3,34E-05;0;3,70E-05;0;0;0;0,139;0,139;0,40205554;0,56952779;0,0001;0;0,0001
2017-05-24 23:00:00+00:00;7,18E-06;0;6,03E-06;0;0;0;0,103;0,103;0,40099828;0,20451533;0,0001;0;0,0001
2017-05-25 00:00:00+00:00;0;0;0;0;0;0;0,081;0,081;0,27780613;0,20180652;0,0001;0;0,0001
2017-05-25 01:00:00+00:00;8,71E-06;0;0;0;0;0;0,063;0,063;0,16988084;0,20045211;0,0001;0;0,0001
2017-05-25 02:00:00+00:00;1,41E-05;0;0;0;0;0;0,056;0,056;0,15311971;0,20045211;0,0001;0;0,0001
2017-05-25 03:00:00+00:00;1,93E-05;0;0;0;0;0;0,056;0,056;0,13785285;0,19909771;0,0001;0;0,0001
2017-05-25 04:00:00+00:00;2,78E-05;0;0;0;0;0;0,061;0,061;0,16078839;0,20823995;0,0001;0;0,0001
2017-05-25 05:00:00+00:00;6,68E-05;0;4,05E-06;0;0;0;0,08;0,08;0,16105622;0,20756274;0,0001;0;0,0001
2017-05-25 06:00:00+00:00;0,0002998;0;3,05E-05;0;0;0;0,09;0,09;0,1775918;0,23972989;0,0001;0;0,0001
2017-05-25 07:00:00+00:00;0,0003891;0;7,12E-05;0;0;0;0,032;0,032;0,25991726;0,25259675;0,0001;0;0,0001
2017-05-25 08:00:00+00:00;0,00031388;0;0,00011922;0;0;0,14025387;0,01;0,01;0,30657775;0,25259675;0,0001;0,14025387;0,0001
2017-05-25 09:00:00+00:00;7,98E-05;0;0,00017246;0;0;0,375270835;0,045;0,045;0,30528084;0,25428976;0,0001;0,375270835;0,0001
2017-05-25 10:00:00+00:00;4,24E-05;0;0,00022831;0;0;0,574908605;0,035;0,035;0,34466737;0,22279981;0,0001;0,574908605;0,0001
2017-05-25 11:00:00+00:00;4,22E-05;0;0,00028529;0;0;0,7071389;0,015;0,015;0,33990264;0,21061016;0,0001;0,7071389;0,0001
2017-05-25 12:00:00+00:00;4,30E-05;0;0,00034512;0;0;0,784139816;0,006;0,006;0,29589235;0,21196457;0,0001;0,784139816;0,0001
2017-05-25 13:00:00+00:00;4,18E-05;0;0,00037592;0;0;0,797346646;0,001;0,001;0,31856005;0,2414229;0,0001;0,797346646;0,0001
2017-05-25 14:00:00+00:00;4,25E-05;0;0,0003745;0;0;0,752556905;0;0;0,35450695;0,24345451;0,0001;0,752556905;0,0001
2017-05-25 15:00:00+00:00;4,68E-05;0;0,00036923;0;0;0,653337463;0;0;0,35168759;0,24650192;0,0001;0,653337463;0,0001
2017-05-25 16:00:00+00:00;5,58E-05;0;0,00033942;0;0;0,501060722;0;0;0,39726262;0,46964034;0,0001;0,501060722;0,0001
2017-05-25 17:00:00+00:00;8,83E-05;0;0,00028559;0;0;0,308811939;0,001;0,001;0,49696947;0,75000241;0,0001;0,308811939;0,0001
2017-05-25 18:00:00+00:00;0,00036882;0;0,00023379;0;0;0,103171898;0,018;0,018;0,64639581;0,88476583;0,0001;0,103171898;0,0001
2017-05-25 19:00:00+00:00;0,00038401;0;0,00017997;0;0;0;0,049;0,049;0,62816861;0,88408863;0,0001;0;0,0001
2017-05-25 20:00:00+00:00;9,93E-05;0;0,00012646;0;0;0;0,058;0,058;0,5603065;0,88171842;0,0001;0;0,0001
2017-05-25 21:00:00+00:00;4,95E-05;0;7,90E-05;0;0;0;0,043;0,043;0,46984718;0,85903211;0,0001;0;0,0001
2017-05-25 22:00:00+00:00;2,94E-05;0;3,72E-05;0;0;0;0,025;0,025;0,37978256;0,3287821;0,0001;0;0,0001
2017-05-25 23:00:00+00:00;4,93E-06;0;6,24E-06;0;0;0;0,014;0,014;0,28123166;0,20959435;0,0001;0;0,0001
2017-05-26 00:00:00+00:00;8,00E-08;0;0;0;0;0;0,006;0,006;0,19174501;0,20925575;0,0001;0;0,0001
2017-05-26 01:00:00+00:00;8,68E-06;0;0;0;0;0;0,001;0,001;0,14715676;0,20756274;0,0001;0;0,0001
2017-05-26 02:00:00+00:00;1,40E-05;0;0;0;0;0;0;0;0,14461933;0,19571169;0,0001;0;0,0001
2017-05-26 03:00:00+00:00;1,93E-05;0;0;0;0;0;0,001;0,001;0,14997612;0,20993296;0,0001;0;0,0001
2017-05-26 04:00:00+00:00;2,77E-05;0;0;0;0;0;0,027;0,027;0,15925183;0,20993296;0,0001;0;0,0001
2017-05-26 05:00:00+00:00;6,72E-05;0;4,11E-06;0;0;0;0,073;0,073;0,1740394;0,20857855;0,0001;0;0,0001
2017-05-26 06:00:00+00:00;0,00030158;0;3,03E-05;0;0;0;0,094;0,094;0,22530955;0,23905269;0,0001;0;0,0001
2017-05-26 07:00:00+00:00;0,00039069;0;7,05E-05;0;0;0;0,043;0,043;0,25206533;0,25801438;0,0001;0;0,0001
2017-05-26 08:00:00+00:00;0,00031508;0;0,0001186;0;0;0,087139257;0,007;0,007;0,30786056;0,25191955;0,0001;0,087139257;0,0001
2017-05-26 09:00:00+00:00;8,01E-05;0;0,00017212;0;0;0,283486826;0,018;0,018;0,2952298;0,25564416;0,0001;0,283486826;0,0001
2017-05-26 10:00:00+00:00;4,25E-05;0;0,00022715;0;0;0,474860859;0,011;0,011;0,31051076;0,25564416;0,0001;0,474860859;0,0001
2017-05-26 11:00:00+00:00;4,24E-05;0;0,00028651;0;0;0,612299471;0,012;0,012;0,26557009;0,21738219;0,0001;0,612299471;0,0001
2017-05-26 12:00:00+00:00;4,30E-05;0;0,00034378;0;0;0,701529831;0,013;0,013;0,26387847;0,21670499;0,0001;0,701529831;0,0001
2017-05-26 13:00:00+00:00;4,18E-05;0;0,00037447;0;0;0,740644929;0,013;0,013;0,27408457;0,24819493;0,0001;0,740644929;0,0001
2017-05-26 14:00:00+00:00;4,25E-05;0;0,00037502;0;0;0,65088877;0,014;0,014;0,28071008;0,25903018;0,0001;0,65088877;0,0001
2017-05-26 15:00:00+00:00;4,67E-05;0;0,00036885;0;0;0,57166745;0,016;0,016;0,31108873;0,24480891;0,0001;0,57166745;0,0001
2017-05-26 16:00:00+00:00;5,59E-05;0;0,00034103;0;0;0,456432537;0,022;0,022;0,36661613;0,45948229;0,0001;0,456432537;0,0001
2017-05-26 17:00:00+00:00;8,80E-05;0;0,0002868;0;0;0,248790788;0,044;0,044;0,46808507;0,74797081;0,0001;0,248790788;0,0001
2017-05-26 18:00:00+00:00;0,00036773;0;0,00023227;0;0;0,082709522;0,149;0,149;0,62984614;0,88984485;0,0001;0,082709522;0,0001
2017-05-26 19:00:00+00:00;0,00038577;0;0,00017981;0;0;0;0,251;0,251;0,60568418;0,88849045;0,0001;0;0,0001
2017-05-26 20:00:00+00:00;0,00010022;0;0,00012692;0;0;0;0,277;0,277;0,55566864;0,89153786;0,0001;0;0,0001
2017-05-26 21:00:00+00:00;4,97E-05;0;7,98E-05;0;0;0;0,253;0,253;0,4191127;0,8563233;0,0001;0;0,0001
2017-05-26 22:00:00+00:00;2,95E-05;0;3,68E-05;0;0;0;0,158;0,158;0,32845602;0,33284531;0,0001;0;0,0001
2017-05-26 23:00:00+00:00;4,98E-06;0;6,14E-06;0;0;0;0,085;0,085;0,25026093;0,21568918;0,0001;0;0,0001
2017-05-27 00:00:00+00:00;1,93E-06;0;0;0;0;0;0,069;0,069;0,16216987;0,21298037;0,0001;0;0,0001
2017-05-27 01:00:00+00:00;1,17E-05;0;0;0;0;0;0,074;0,074;0,15421926;0,21298037;0,0001;0;0,0001
2017-05-27 02:00:00+00:00;1,78E-05;0;0;0;0;0;0,086;0,086;0,15001841;0,21535058;0,0001;0;0,0001
2017-05-27 03:00:00+00:00;2,45E-05;0;0;0;0;0;0,087;0,087;0,1473823;0,20011351;0,0001;0;0,0001
2017-05-27 04:00:00+00:00;3,24E-05;0;0;0;0;0;0,069;0,069;0,15368359;0,21128736;0,0001;0;0,0001
2017-05-27 05:00:00+00:00;7,36E-05;0;4,39E-06;0;0;0;0,055;0,055;0,17986139;0,21061016;0,0001;0;0,0001
2017-05-27 06:00:00+00:00;0,00031566;0;3,08E-05;0;0;0;0,055;0,055;0,21795101;0,21061016;0,0001;0;0,0001
2017-05-27 07:00:00+00:00;0,00041106;0;7,12E-05;0;0;0;0,039;0,039;0,20970437;0,25801438;0,0001;0;0,0001
2017-05-27 08:00:00+00:00;0,00033748;0;0,00011966;0;0;0,08998902;0,021;0,021;0,25078252;0,25090374;0,0001;0,08998902;0,0001
2017-05-27 09:00:00+00:00;0,000109;0;0,00017376;0;0;0,263809104;0,016;0,016;0,27621319;0,24887213;0,0001;0,263809104;0,0001
2017-05-27 10:00:00+00:00;7,49E-05;0;0,00022937;0;0;0,431030413;0,015;0,015;0,26879826;0,25056514;0,0001;0,431030413;0,0001
2017-05-27 11:00:00+00:00;7,48E-05;0;0,00028751;0;0;0,560010444;0,022;0,022;0,24887945;0,2190752;0,0001;0,560010444;0,0001
2017-05-27 12:00:00+00:00;7,59E-05;0;0,0003458;0;0;0,579851496;0,035;0,035;0,2624124;0,20756274;0,0001;0,579851496;0,0001
2017-05-27 13:00:00+00:00;7,30E-05;0;0,00037612;0;0;0,589080109;0,045;0,045;0,28732148;0,24311591;0,0001;0,589080109;0,0001
2017-05-27 14:00:00+00:00;7,55E-05;0;0,00037408;0;0;0,542921829;0,05;0,05;0,28890033;0,25665997;0,0001;0,542921829;0,0001
2017-05-27 15:00:00+00:00;8,10E-05;0;0,00036961;0;0;0,490644162;0,054;0,054;0,30625352;0,25699857;0,0001;0,490644162;0,0001
2017-05-27 16:00:00+00:00;8,32E-05;0;0,0003409;0;0;0,353632727;0,058;0,058;0,32013889;0,46591572;0,0001;0,353632727;0,0001
2017-05-27 17:00:00+00:00;0,00010611;0;0,00028491;0;0;0,204312201;0,066;0,066;0,38251734;0,75101822;0,0001;0,204312201;0,0001
2017-05-27 18:00:00+00:00;0,00038171;0;0,00023321;0;0;0,070696909;0,197;0,197;0,55121405;0,89323087;0,0001;0,070696909;0,0001
2017-05-27 19:00:00+00:00;0,00039128;0;0,00017848;0;0;0;0,358;0,358;0,53324059;0,88713604;0,0001;0;0,0001
2017-05-27 20:00:00+00:00;0,0001043;0;0,00012497;0;0;0;0,331;0,331;0,48353519;0,88781324;0,0001;0;0,0001
2017-05-27 21:00:00+00:00;5,43E-05;0;7,69E-05;0;0;0;0,285;0,285;0,43873548;0,85158288;0,0001;0;0,0001
2017-05-27 22:00:00+00:00;3,31E-05;0;3,69E-05;0;0;0;0,254;0,254;0,32230981;0,32404168;0,0001;0;0,0001
2017-05-27 23:00:00+00:00;7,29E-06;0;6,24E-06;0;0;0;0,236;0,236;0,30698656;0,20790135;0,0001;0;0,0001
2017-05-28 00:00:00+00:00;1,55E-06;0;0;0;0;0;0,222;0,222;0,21194576;0,20282232;0,0001;0;0,0001
2017-05-28 01:00:00+00:00;1,16E-05;0;0;0;0;0;0,18;0,18;0,1616201;0,20891715;0,0001;0;0,0001
2017-05-28 02:00:00+00:00;1,82E-05;0;0;0;0;0;0,139;0,139;0,13844492;0,20383813;0,0001;0;0,0001
2017-05-28 03:00:00+00:00;2,43E-05;0;0;0;0;0;0,12;0,12;0,12713926;0,20823995;0,0001;0;0,0001
2017-05-28 04:00:00+00:00;3,28E-05;0;0;0;0;0;0,123;0,123;0,15053999;0,20553114;0,0001;0;0,0001
2017-05-28 05:00:00+00:00;7,48E-05;0;4,38E-06;0;0;0;0,12;0,12;0,1345401;0,20891715;0,0001;0;0,0001
2017-05-28 06:00:00+00:00;0,00031803;0;3,10E-05;0;0;0;0,111;0,111;0,19614322;0,20586974;0,0001;0;0,0001
2017-05-28 07:00:00+00:00;0,00041271;0;7,20E-05;0;0;0;0,074;0,074;0,2566186;0,25191955;0,0001;0;0,0001
2017-05-28 08:00:00+00:00;0,0003403;0;0,00011986;0;0;0,13978796;0,134;0,134;0,30298306;0,25056514;0,0001;0,13978796;0,0001
2017-05-28 09:00:00+00:00;0,00010948;0;0,00017298;0;0;0,350497743;0,225;0,225;0,27931449;0,25428976;0,0001;0,350497743;0,0001
2017-05-28 10:00:00+00:00;7,61E-05;0;0,00022873;0;0;0,542481618;0,243;0,243;0,27722816;0,25767577;0,0001;0,542481618;0,0001
2017-05-28 11:00:00+00:00;7,61E-05;0;0,00028628;0;0;0,674422524;0,263;0,263;0,27202643;0,2187366;0,0001;0,674422524;0,0001
2017-05-28 12:00:00+00:00;7,77E-05;0;0,00034441;0;0;0,738897371;0,291;0,291;0,27185727;0,21264177;0,0001;0,738897371;0,0001
2017-05-28 13:00:00+00:00;7,38E-05;0;0,00037466;0;0;0,781656319;0,325;0,325;0,27769335;0,24480891;0,0001;0,781656319;0,0001
2017-05-28 14:00:00+00:00;7,22E-05;0;0,00037397;0;0;0,744399437;0,345;0,345;0,28526335;0,25327395;0,0001;0,744399437;0,0001
2017-05-28 15:00:00+00:00;7,55E-05;0;0,00036922;0;0;0,662516675;0,339;0,339;0,32686308;0,25598277;0,0001;0,662516675;0,0001
2017-05-28 16:00:00+00:00;8,32E-05;0;0,00034011;0;0;0,520471959;0,311;0,311;0,33547624;0,46625432;0,0001;0,520471959;0,0001
2017-05-28 17:00:00+00:00;0,00010465;0;0,00028777;0;0;0,339817024;0,332;0,332;0,37552532;0,75034102;0,0001;0,339817024;0,0001
2017-05-28 18:00:00+00:00;0,00038427;0;0,00023192;0;0;0,131289492;0,38;0,38;0,56574788;0,68295931;0,0001;0,131289492;0,0001
2017-05-28 19:00:00+00:00;0,0003944;0;0,00017894;0;0;0;0,369;0,369;0,51271562;0,88171842;0,0001;0;0,0001
2017-05-28 20:00:00+00:00;0,00010442;0;0,00012638;0;0;0;0,337;0,337;0,43325182;0,89289227;0,0001;0;0,0001
2017-05-28 21:00:00+00:00;5,39E-05;0;8,03E-05;0;0;0;0,257;0,257;0,35773513;0,88984485;0,0001;0;0,0001
2017-05-28 22:00:00+00:00;3,28E-05;0;3,72E-05;0;0;0;0,177;0,177;0,32815999;0,39921122;0,0001;0;0,0001
2017-05-28 23:00:00+00:00;7,06E-06;0;6,24E-06;0;0;0;0,137;0,137;0,24142222;0,24582472;0,0001;0;0,0001
2017-05-29 00:00:00+00:00;1,75E-06;0;0;0;0;0;0,124;0,124;0,23654472;0,20519253;0,0001;0;0,0001
2017-05-29 01:00:00+00:00;1,17E-05;0;0;0;0;0;0,107;0,107;0,1993432;0,20519253;0,0001;0;0,0001
2017-05-29 02:00:00+00:00;1,82E-05;0;0;0;0;0;0,094;0,094;0,13943169;0,20586974;0,0001;0;0,0001
2017-05-29 03:00:00+00:00;2,41E-05;0;0;0;0;0;0,08;0,08;0,14129248;0,20959435;0,0001;0;0,0001
2017-05-29 04:00:00+00:00;3,34E-05;0;0;0;0;0;0,064;0,064;0,14870741;0,20722414;0,0001;0;0,0001
2017-05-29 05:00:00+00:00;7,54E-05;0;4,24E-06;0;0;0;0,049;0,049;0,15035673;0,20756274;0,0001;0;0,0001
2017-05-29 06:00:00+00:00;0,0003162;0;3,06E-05;0;0;0;0,038;0,038;0,20054143;0,20519253;0,0001;0;0,0001
2017-05-29 07:00:00+00:00;0,00041283;0;7,14E-05;0;0;0;0,024;0,024;0,25463095;0,25056514;0,0001;0;0,0001
2017-05-29 08:00:00+00:00;0,00034273;0;0,00012072;0;0;0,142651796;0,045;0,045;0,28227482;0,25395116;0,0001;0,142651796;0,0001
2017-05-29 09:00:00+00:00;0,0001115;0;0,00017378;0;0;0,371069348;0,14;0,14;0,25355959;0,25530556;0,0001;0,371069348;0,0001
2017-05-29 10:00:00+00:00;7,46E-05;0;0,00023009;0;0;0,562323763;0,13;0,13;0,27267488;0,25632137;0,0001;0,562323763;0,0001
2017-05-29 11:00:00+00:00;7,50E-05;0;0,0002881;0;0;0,704596896;0,105;0,105;0,25253052;0,2417615;0,0001;0,704596896;0,0001
2017-05-29 12:00:00+00:00;7,55E-05;0;0,00034527;0;0;0,777348897;0,087;0,087;0,22879147;0,25835298;0,0001;0,777348897;0,0001
2017-05-29 13:00:00+00:00;7,65E-05;0;0,00037329;0;0;0,792453711;0,07;0,07;0,25505385;0,26072319;0,0001;0,792453711;0,0001
2017-05-29 14:00:00+00:00;7,27E-05;0;0,00037233;0;0;0,754177957;0,054;0,054;0,3032227;0,25665997;0,0001;0,754177957;0,0001
2017-05-29 15:00:00+00:00;7,38E-05;0;0,00036792;0;0;0,65168982;0,039;0,039;0,35910252;0,24887213;0,0001;0,65168982;0,0001
2017-05-29 16:00:00+00:00;8,09E-05;0;0,0003408;0;0;0,496496528;0,029;0,029;0,27985017;0,46727013;0,0001;0,496496528;0,0001
2017-05-29 17:00:00+00:00;0,00010849;0;0,00028694;0;0;0,297711121;0,037;0,037;0,39502123;0,75000241;0,0001;0,297711121;0,0001
2017-05-29 18:00:00+00:00;0,00038165;0;0,00023336;0;0;0,106767116;0,134;0,134;0,51299755;0,89797129;0,0001;0,106767116;0,0001
2017-05-29 19:00:00+00:00;0,00039618;0;0,00017914;0;0;0;0,26;0,26;0,5518766;0,88713604;0,0001;0;0,0001
2017-05-29 20:00:00+00:00;0,00010413;0;0,00012741;0;0;0;0,254;0,254;0,48380303;0,88679744;0,0001;0;0,0001
2017-05-29 21:00:00+00:00;5,38E-05;0;7,82E-05;0;0;0;0,202;0,202;0,35146204;0,84650385;0,0001;0;0,0001
2017-05-29 22:00:00+00:00;3,34E-05;0;3,65E-05;0;0;0;0,184;0,184;0,24803364;0,56343297;0,0001;0;0,0001
2017-05-29 23:00:00+00:00;7,34E-06;0;6,36E-06;0;0;0;0,156;0,156;0,19797581;0,20451533;0,0001;0;0,0001
2017-05-30 00:00:00+00:00;1,85E-06;0;0;0;0;0;0,094;0,094;0,22301177;0,20248372;0,0001;0;0,0001
2017-05-30 01:00:00+00:00;1,21E-05;0;0;0;0;0;0,051;0,051;0,24326891;0,21670499;0,0001;0;0,0001
2017-05-30 02:00:00+00:00;1,79E-05;0;0;0;0;0;0,041;0,041;0,22436507;0,21298037;0,0001;0;0,0001
2017-05-30 03:00:00+00:00;2,35E-05;0;0;0;0;0;0,033;0,033;0,13458239;0,21128736;0,0001;0;0,0001
2017-05-30 04:00:00+00:00;3,30E-05;0;0;0;0;0;0,024;0,024;0,13494891;0,20790135;0,0001;0;0,0001
2017-05-30 05:00:00+00:00;7,67E-05;0;4,21E-06;0;0;0;0,039;0,039;0,13996738;0,20823995;0,0001;0;0,0001
2017-05-30 06:00:00+00:00;0,00032002;0;3,03E-05;0;0;0;0,1;0,1;0,18851684;0,20756274;0,0001;0;0,0001
2017-05-30 07:00:00+00:00;0,00041329;0;7,02E-05;0;0;0;0,084;0,084;0,21539949;0,25259675;0,0001;0;0,0001
2017-05-30 08:00:00+00:00;0,00034616;0;0,0001176;0;0;0,117806715;0,057;0,057;0,22343467;0,25158095;0,0001;0,117806715;0,0001
2017-05-30 09:00:00+00:00;0,00011063;0;0,00017151;0;0;0,317326037;0,079;0,079;0,19901897;0,24853353;0,0001;0,317326037;0,0001
2017-05-30 10:00:00+00:00;7,29E-05;0;0,00022779;0;0;0,500074671;0,072;0,072;0,20189473;0,25462836;0,0001;0,500074671;0,0001
2017-05-30 11:00:00+00:00;7,45E-05;0;0,0002845;0;0;0,630866336;0,052;0,052;0,22313864;0,25699857;0,0001;0,630866336;0,0001
2017-05-30 12:00:00+00:00;7,60E-05;0;0,00034482;0;0;0,70876822;0,038;0,038;0,21012727;0,25699857;0,0001;0,70876822;0,0001
2017-05-30 13:00:00+00:00;7,58E-05;0;0,00037677;0;0;0,72349097;0,034;0,034;0,22536594;0,26647941;0,0001;0,72349097;0,0001
2017-05-30 14:00:00+00:00;7,75E-05;0;0,00037553;0;0;0,667724886;0,041;0,041;0,22053073;0,2417615;0,0001;0,667724886;0,0001
2017-05-30 15:00:00+00:00;7,80E-05;0;0,00036848;0;0;0,623735806;0,066;0,066;0,22587343;0,24345451;0,0001;0,623735806;0,0001
2017-05-30 16:00:00+00:00;7,86E-05;0;0,00034021;0;0;0,495124389;0,083;0,083;0,29986766;0,46557712;0,0001;0,495124389;0,0001
2017-05-30 17:00:00+00:00;0,0001064;0;0,00028531;0;0;0,313202528;0,096;0,096;0,38943889;0,75067962;0,0001;0,313202528;0,0001
2017-05-30 18:00:00+00:00;0,00038161;0;0,00023197;0;0;0,128067122;0,096;0,096;0,46825423;0,86241813;0,0001;0,128067122;0,0001
2017-05-30 19:00:00+00:00;0,00039105;0;0,00017985;0;0;0;0,112;0,112;0,43609938;0,88679744;0,0001;0;0,0001
2017-05-30 20:00:00+00:00;0,00010475;0;0,00012676;0;0;0;0,155;0,155;0,42476553;0,88747464;0,0001;0;0,0001
2017-05-30 21:00:00+00:00;5,39E-05;0;7,87E-05;0;0;0;0,193;0,193;0,33526479;0,86241813;0,0001;0;0,0001
2017-05-30 22:00:00+00:00;3,28E-05;0;3,68E-05;0;0;0;0,255;0,255;0,24147861;0,33352252;0,0001;0;0,0001
2017-05-30 23:00:00+00:00;7,56E-06;0;6,13E-06;0;0;0;0,263;0,263;0,20789997;0,21196457;0,0001;0;0,0001
2017-05-31 00:00:00+00:00;1,93E-06;0;0;0;0;0;0,212;0,212;0,23784163;0,20790135;0,0001;0;0,0001
2017-05-31 01:00:00+00:00;1,17E-05;0;0;0;0;0;0,158;0,158;0,21662591;0,20857855;0,0001;0;0,0001
2017-05-31 02:00:00+00:00;1,81E-05;0;0;0;0;0;0,139;0,139;0,19674938;0,1970661;0,0001;0;0,0001
2017-05-31 03:00:00+00:00;2,40E-05;0;0;0;0;0;0,141;0,141;0,17831074;0,20891715;0,0001;0;0,0001
2017-05-31 04:00:00+00:00;3,27E-05;0;0;0;0;0;0,166;0,166;0,1593928;0,20654694;0,0001;0;0,0001
2017-05-31 05:00:00+00:00;7,52E-05;0;4,04E-06;0;0;0;0,189;0,189;0,17818387;0,21264177;0,0001;0;0,0001
2017-05-31 06:00:00+00:00;0,0003201;0;2,96E-05;0;0;0;0,304;0,304;0,19132211;0,22449282;0,0001;0;0,0001
2017-05-31 07:00:00+00:00;0,00041643;0;7,04E-05;0;0;0;0,273;0,273;0,2526151;0,28882712;0,0001;0;0,0001
2017-05-31 08:00:00+00:00;0,00035165;0;0,00011874;0;0;0,141966174;0,141;0,141;0,32728598;0,30000097;0,0001;0,141966174;0,0001
2017-05-31 09:00:00+00:00;0,00011109;0;0,00017123;0;0;0,3699943;0,271;0,271;0,29513113;0,30101677;0,0001;0,3699943;0,0001
2017-05-31 10:00:00+00:00;7,21E-05;0;0,00022764;0;0;0,567329898;0,342;0,342;0,29824652;0,30304838;0,0001;0,567329898;0,0001
2017-05-31 11:00:00+00:00;7,24E-05;0;0,0002852;0;0;0,706324348;0,272;0,272;0,29644213;0,27121984;0,0001;0,706324348;0,0001
2017-05-31 12:00:00+00:00;7,43E-05;0;0,000345;0;0;0,784521016;0,165;0,165;0,2721815;0,25665997;0,0001;0,784521016;0,0001
2017-05-31 13:00:00+00:00;7,35E-05;0;0,00037775;0;0;0,79609645;0,1;0,1;0,26845993;0,26004598;0,0001;0,79609645;0,0001
2017-05-31 14:00:00+00:00;7,28E-05;0;0,00037559;0;0;0,758251308;0,084;0,084;0,29197344;0,2414229;0,0001;0,758251308;0,0001
2017-05-31 15:00:00+00:00;7,97E-05;0;0,00036867;0;0;0,620834962;0,088;0,088;0,32569304;0,24650192;0,0001;0,620834962;0,0001
2017-05-31 16:00:00+00:00;7,90E-05;0;0,00034009;0;0;0,469229452;0,096;0,096;0,34603476;0,46354551;0,0001;0,469229452;0,0001
2017-05-31 17:00:00+00:00;0,00010719;0;0,0002861;0;0;0,280633041;0,102;0,102;0,44926581;0,7472936;0,0001;0,280633041;0,0001
2017-05-31 18:00:00+00:00;0,00038682;0;0,00023226;0;0;0,10512056;0,112;0,112;0,6242497;0,88578163;0,0001;0,10512056;0,0001
2017-05-31 19:00:00+00:00;0,00039445;0;0,00017938;0;0;0;0,119;0,119;0,59898819;0,88375002;0,0001;0;0,0001
2017-05-31 20:00:00+00:00;0,00010544;0;0,00012491;0;0;0;0,102;0,102;0,51585921;0,88341142;0,0001;0;0,0001
2017-05-31 21:00:00+00:00;5,36E-05;0;7,75E-05;0;0;0;0,064;0,064;0,39004505;0,85192148;0,0001;0;0,0001
2017-05-31 22:00:00+00:00;3,30E-05;0;3,65E-05;0;0;0;0,048;0,048;0,3573968;0,33690853;0,0001;0;0,0001
2017-05-31 23:00:00+00:00;7,21E-06;0;6,11E-06;0;0;0;0,08;0,08;0,25516663;0,21094876;0,0001;0;0,0001
2017-06-01 00:00:00+00:00;3,30E-07;0;0;0;0;0;0,147;0,147;0,55303254;0,17302539;0,0001;0;0,0001
2017-06-01 01:00:00+00:00;8,95E-06;0;0;0;0;0;0,156;0,156;0,54974798;0,17370259;0,0001;0;0,0001
2017-06-01 02:00:00+00:00;1,44E-05;0;0;0;0;0;0,105;0,105;0,52207591;0,18995546;0,0001;0;0,0001
2017-06-01 03:00:00+00:00;1,97E-05;0;0;0;0;0;0,084;0,084;0,51272972;0,19063267;0,0001;0;0,0001
2017-06-01 04:00:00+00:00;2,80E-05;0;0;0;0;0;0,073;0,073;0,51064339;0,19435728;0,0001;0;0,0001
2017-06-01 05:00:00+00:00;6,70E-05;0;4,01E-06;0;0;0;0,068;0,068;0,51217994;0,19130987;0,0001;0;0,0001
2017-06-01 06:00:00+00:00;0,00031172;0;2,98E-05;0;0;0;0,056;0,056;0,53610225;0,19368008;0,0001;0;0,0001
2017-06-01 07:00:00+00:00;0,00040319;0;7,05E-05;0;0;0;0,015;0,015;0,62134575;0,17776581;0,0001;0;0,0001
2017-06-01 08:00:00+00:00;0,00032138;0;0,00011892;0;0;0,137154012;0,011;0,011;0,65784243;0,18013602;0,0001;0,137154012;0,0001
2017-06-01 09:00:00+00:00;7,98E-05;0;0,00017143;0;0;0,37280862;0,041;0,041;0,63728926;0,24514752;0,0001;0,37280862;0,0001
2017-06-01 10:00:00+00:00;4,26E-05;0;0,0002286;0;0;0,570970495;0,037;0,037;0,63208753;0,25598277;0,0001;0,570970495;0,0001
2017-06-01 11:00:00+00:00;4,24E-05;0;0,00028529;0;0;0,709770005;0,037;0,037;0,64264605;0,25767577;0,0001;0,709770005;0,0001
2017-06-01 12:00:00+00:00;4,30E-05;0;0,00034381;0;0;0,780791532;0,038;0,038;0,66607498;0,25665997;0,0001;0,780791532;0,0001
2017-06-01 13:00:00+00:00;4,18E-05;0;0,00037518;0;0;0,801493322;0,039;0,039;0,66009792;0,25835298;0,0001;0,801493322;0,0001
2017-06-01 14:00:00+00:00;4,25E-05;0;0,00037416;0;0;0,778605289;0,042;0,042;0,68183523;0,47031754;0,0001;0,778605289;0,0001
2017-06-01 15:00:00+00:00;4,70E-05;0;0,00036825;0;0;0,701944319;0,053;0,053;0,69500166;0,46997894;0,0001;0,701944319;0,0001
2017-06-01 16:00:00+00:00;5,60E-05;0;0,00034093;0;0;0,556345703;0,072;0,072;0,69243604;0,44627683;0,0001;0,556345703;0,0001
2017-06-01 17:00:00+00:00;8,87E-05;0;0,00028797;0;0;0,351222934;0,102;0,102;0,67712689;0,75237263;0,0001;0,351222934;0,0001
2017-06-01 18:00:00+00:00;0,00037113;0;0,0002338;0;0;0,13963204;0,215;0,215;0,76354042;0,89255366;0,0001;0,13963204;0,0001
2017-06-01 19:00:00+00:00;0,00039194;0;0,00017996;0;0;0;0,289;0,289;0,8808401;0,88171842;0,0001;0;0,0001
2017-06-01 20:00:00+00:00;0,00010008;0;0,00012718;0;0;0;0,274;0,274;0,82886511;0,88375002;0,0001;0;0,0001
2017-06-01 21:00:00+00:00;4,95E-05;0;7,93E-05;0;0;0;0,19;0,19;0,71916362;0,88070261;0,0001;0;0,0001
2017-06-01 22:00:00+00:00;2,96E-05;0;3,67E-05;0;0;0;0,12;0,12;0,70007652;0,570205;0,0001;0;0,0001
2017-06-01 23:00:00+00:00;4,98E-06;0;6,23E-06;0;0;0;0,079;0,079;0,68115858;0,17437979;0,0001;0;0,0001
2017-06-02 00:00:00+00:00;5,00E-08;0;0;0;0;0;0,076;0,076;0,65555875;0,46489992;0,0001;0;0,0001
2017-06-02 01:00:00+00:00;8,82E-06;0;0;0;0;0;0,112;0,112;0,6610847;0,46557712;0,0001;0;0,0001
2017-06-02 02:00:00+00:00;1,41E-05;0;0;0;0;0;0,154;0,154;0,61792022;0,46625432;0,0001;0;0,0001
2017-06-02 03:00:00+00:00;1,95E-05;0;0;0;0;0;0,182;0,182;0,62605409;0,46320691;0,0001;0;0,0001
2017-06-02 04:00:00+00:00;2,78E-05;0;0;0;0;0;0,172;0,172;0,63396241;0,46523852;0,0001;0;0,0001
2017-06-02 05:00:00+00:00;6,77E-05;0;4,18E-06;0;0;0;0,134;0,134;0,62150082;0,46320691;0,0001;0;0,0001
2017-06-02 06:00:00+00:00;0,00031161;0;3,02E-05;0;0;0;0,099;0,099;0,59866396;0,46794733;0,0001;0;0,0001
2017-06-02 07:00:00+00:00;0,00040464;0;7,03E-05;0;0;0;0,044;0,044;0,65120283;0,47065614;0,0001;0;0,0001
2017-06-02 08:00:00+00:00;0,00032242;0;0,00011918;0;0;0,156586414;0,034;0,034;0,57713811;0,56106276;0,0001;0,156586414;0,0001
2017-06-02 09:00:00+00:00;8,09E-05;0;0,00017226;0;0;0,402542215;0,064;0,064;0,57596807;0,61185299;0,0001;0,402542215;0,0001
2017-06-02 10:00:00+00:00;4,24E-05;0;0,00022932;0;0;0,599423514;0,064;0,064;0,55635939;0,60135634;0,0001;0,599423514;0,0001
2017-06-02 11:00:00+00:00;4,23E-05;0;0,00028708;0;0;0,733215094;0,066;0,066;0,54083879;0,61286879;0,0001;0,733215094;0,0001
2017-06-02 12:00:00+00:00;4,30E-05;0;0,00034477;0;0;0,806119892;0,074;0,074;0,51227862;0,58578067;0,0001;0,806119892;0,0001
2017-06-02 13:00:00+00:00;4,18E-05;0;0,00037446;0;0;0,820752456;0,078;0,078;0,54664668;0,59153689;0,0001;0,820752456;0,0001
2017-06-02 14:00:00+00:00;4,24E-05;0;0,00037445;0;0;0,783759305;0,085;0,085;0,58132487;0,5918755;0,0001;0,783759305;0,0001
2017-06-02 15:00:00+00:00;4,69E-05;0;0,00036962;0;0;0,692974591;0,091;0,091;0,58173367;0,5918755;0,0001;0,692974591;0,0001
2017-06-02 16:00:00+00:00;5,57E-05;0;0,00034087;0;0;0,552437922;0,098;0,098;0,67732424;0,54210107;0,0001;0,552437922;0,0001
2017-06-02 17:00:00+00:00;8,82E-05;0;0,00028712;0;0;0,352068316;0,119;0,119;0,70181043;0,73510395;0,0001;0,352068316;0,0001
2017-06-02 18:00:00+00:00;0,00037;0;0,00023226;0;0;0,138010119;0,222;0,222;0,75306648;0,9006801;0,0001;0,138010119;0,0001
2017-06-02 19:00:00+00:00;0,00039346;0;0,00017862;0;0;0;0,301;0,301;0,73233006;0,88307282;0,0001;0;0,0001
2017-06-02 20:00:00+00:00;0,00010021;0;0,0001263;0;0;0;0,297;0,297;0,74211325;0,87697799;0,0001;0;0,0001
2017-06-02 21:00:00+00:00;4,98E-05;0;7,79E-05;0;0;0;0,226;0,226;0,71544206;0,88104121;0,0001;0;0,0001
2017-06-02 22:00:00+00:00;2,96E-05;0;3,59E-05;0;0;0;0,196;0,196;0,67292603;0,60440375;0,0001;0;0,0001
2017-06-02 23:00:00+00:00;5,11E-06;0;6,03E-06;0;0;0;0,165;0,165;0,67566082;0,29322894;0,0001;0;0,0001
2017-06-03 00:00:00+00:00;1,60E-06;0;0;0;0;0;0,14;0,14;0,67542117;0,19368008;0,0001;0;0,0001
2017-06-03 01:00:00+00:00;1,19E-05;0;0;0;0;0;0,135;0,135;0,64398525;0,19300288;0,0001;0;0,0001
2017-06-03 02:00:00+00:00;1,81E-05;0;0;0;0;0;0,146;0,146;0,654431;0,19503449;0,0001;0;0,0001
2017-06-03 03:00:00+00:00;2,42E-05;0;0;0;0;0;0,153;0,153;0,67511104;0,19164847;0,0001;0;0,0001
2017-06-03 04:00:00+00:00;3,31E-05;0;0;0;0;0;0,121;0,121;0,68385107;0,19435728;0,0001;0;0,0001
2017-06-03 05:00:00+00:00;7,56E-05;0;4,18E-06;0;0;0;0,122;0,122;0,68449953;0,19300288;0,0001;0;0,0001
2017-06-03 06:00:00+00:00;0,00032102;0;3,07E-05;0;0;0;0,133;0,133;0,63556945;0,19503449;0,0001;0;0,0001
2017-06-03 07:00:00+00:00;0,00041812;0;7,11E-05;0;0;0;0,047;0,047;0,709028;0,1977433;0,0001;0;0,0001
2017-06-03 08:00:00+00:00;0,00035052;0;0,00011889;0;0;0,144578292;0,029;0,029;0,72392835;0,27494445;0,0001;0,144578292;0,0001
2017-06-03 09:00:00+00:00;0,00011039;0;0,00017302;0;0;0,377575154;0,19;0,19;0,70561657;0,30948181;0,0001;0,377575154;0,0001
2017-06-03 10:00:00+00:00;7,24E-05;0;0,00022739;0;0;0,570393038;0,237;0,237;0,70916897;0,30270978;0,0001;0,570393038;0,0001
2017-06-03 11:00:00+00:00;7,33E-05;0;0,00028532;0;0;0,702908449;0,263;0,263;0,7125945;0,33487692;0,0001;0,702908449;0,0001
2017-06-03 12:00:00+00:00;7,70E-05;0;0,00034406;0;0;0,78123066;0,26;0,26;0,72216624;0,34774378;0,0001;0,78123066;0,0001
2017-06-03 13:00:00+00:00;7,69E-05;0;0,00037529;0;0;0,798320353;0,247;0,247;0,71410286;0,33826294;0,0001;0,798320353;0,0001
2017-06-03 14:00:00+00:00;7,59E-05;0;0,00037379;0;0;0,768771955;0,234;0,234;0,7130315;0,34198756;0,0001;0,768771955;0,0001
2017-06-03 15:00:00+00:00;7,93E-05;0;0,00036864;0;0;0,681671529;0,224;0,224;0,67712689;0,33995595;0,0001;0,681671529;0,0001
2017-06-03 16:00:00+00:00;8,02E-05;0;0,00034015;0;0;0,541058535;0,222;0,222;0,70368531;0,54514848;0,0001;0,541058535;0,0001
2017-06-03 17:00:00+00:00;0,00010662;0;0,0002867;0;0;0,335806043;0,238;0,238;0,67446259;0,7693027;0,0001;0,335806043;0,0001
2017-06-03 18:00:00+00:00;0,00039048;0;0,00023331;0;0;0,125688716;0,266;0,266;0,769884;0,89898709;0,0001;0,125688716;0,0001
2017-06-03 19:00:00+00:00;0,0003991;0;0,00018024;0;0;0;0,224;0,224;0,75543475;0,89018345;0,0001;0;0,0001
2017-06-03 20:00:00+00:00;0,00010452;0;0,00012731;0;0;0;0,156;0,156;0,75315106;0,89492388;0,0001;0;0,0001
2017-06-03 21:00:00+00:00;5,43E-05;0;7,97E-05;0;0;0;0,102;0,102;0,70320601;0,88984485;0,0001;0;0,0001
2017-06-03 22:00:00+00:00;3,31E-05;0;3,66E-05;0;0;0;0,059;0,059;0,71508964;0,60948278;0,0001;0;0,0001
2017-06-03 23:00:00+00:00;7,14E-06;0;6,27E-06;0;0;0;0,023;0,023;0,67867754;0,220091;0,0001;0;0,0001
2017-06-04 00:00:00+00:00;2,03E-06;0;0;0;0;0;0,007;0,007;0,62324882;0,24006849;0,0001;0;0,0001
2017-06-04 01:00:00+00:00;1,19E-05;0;0;0;0;0;0,003;0,003;0,67690134;0,23939129;0,0001;0;0,0001
2017-06-04 02:00:00+00:00;1,76E-05;0;0;0;0;0;0,005;0,005;0,68600789;0,24040709;0,0001;0;0,0001
2017-06-04 03:00:00+00:00;2,36E-05;0;0;0;0;0;0,014;0,014;0,67760618;0,24040709;0,0001;0;0,0001
2017-06-04 04:00:00+00:00;3,24E-05;0;0;0;0;0;0,033;0,033;0,69142107;0,25665997;0,0001;0;0,0001
2017-06-04 05:00:00+00:00;7,54E-05;0;3,99E-06;0;0;0;0,057;0,057;0,70119017;0,25056514;0,0001;0;0,0001
2017-06-04 06:00:00+00:00;0,00032404;0;2,97E-05;0;0;0;0,093;0,093;0,69708799;0,25632137;0,0001;0;0,0001
2017-06-04 07:00:00+00:00;0,00041849;0;7,10E-05;0;0;0;0,08;0,08;0,68699466;0,29458334;0,0001;0;0,0001
2017-06-04 08:00:00+00:00;0,00034718;0;0,00011935;0;0;0,125432932;0,048;0,048;0,68898232;0,49909867;0,0001;0,125432932;0,0001
2017-06-04 09:00:00+00:00;0,00011081;0;0,0001733;0;0;0,331067861;0,088;0,088;0,68706515;0,51365854;0,0001;0,331067861;0,0001
2017-06-04 10:00:00+00:00;7,70E-05;0;0,00022874;0;0;0,497023741;0,136;0,136;0,69428272;0,50756371;0,0001;0,497023741;0,0001
2017-06-04 11:00:00+00:00;7,88E-05;0;0,00028632;0;0;0,623716273;0,169;0,169;0,68435856;0,51399714;0,0001;0,623716273;0,0001
2017-06-04 12:00:00+00:00;7,87E-05;0;0,00034648;0;0;0,691282473;0,19;0,19;0,68351275;0,50350049;0,0001;0,691282473;0,0001
2017-06-04 13:00:00+00:00;7,30E-05;0;0,0003764;0;0;0,692873264;0,21;0,21;0,68854532;0,50959532;0,0001;0,692873264;0,0001
2017-06-04 14:00:00+00:00;7,48E-05;0;0,00037434;0;0;0,668006609;0,203;0,203;0,67513924;0,51298133;0,0001;0,668006609;0,0001
2017-06-04 15:00:00+00:00;7,73E-05;0;0,00036876;0;0;0,568340699;0,17;0,17;0,65481161;0,50417769;0,0001;0,568340699;0,0001
2017-06-04 16:00:00+00:00;8,30E-05;0;0,00033991;0;0;0,424221989;0,128;0,128;0,66479217;0,51094973;0,0001;0,424221989;0,0001
2017-06-04 17:00:00+00:00;0,00010611;0;0,00028382;0;0;0,239716876;0,114;0,114;0,67453307;0,75406563;0,0001;0,239716876;0,0001
2017-06-04 18:00:00+00:00;0,00038852;0;0,00023162;0;0;0,083092296;0,146;0,146;0,76924964;0,88408863;0,0001;0,083092296;0,0001
2017-06-04 19:00:00+00:00;0,00040183;0;0,0001806;0;0;0;0,177;0,177;0,88143217;0,89018345;0,0001;0;0,0001
2017-06-04 20:00:00+00:00;0,00010444;0;0,00012721;0;0;0;0,181;0,181;0,77648131;0,8773166;0,0001;0;0,0001
2017-06-04 21:00:00+00:00;5,41E-05;0;7,88E-05;0;0;0;0,17;0,17;0,72006582;0,88679744;0,0001;0;0,0001
2017-06-04 22:00:00+00:00;3,30E-05;0;3,66E-05;0;0;0;0,172;0,172;0,69677786;0,59864753;0,0001;0;0,0001
2017-06-04 23:00:00+00:00;7,55E-06;0;6,24E-06;0;0;0;0,15;0,15;0,70595489;0,23600527;0,0001;0;0,0001
2017-06-05 00:00:00+00:00;2,12E-06;0;0;0;0;0;0,084;0,084;0,48497307;0,20722414;0,0001;0;0,0001
2017-06-05 01:00:00+00:00;1,24E-05;0;0;0;0;0;0,053;0,053;0,46021904;0,20756274;0,0001;0;0,0001
2017-06-05 02:00:00+00:00;1,83E-05;0;0;0;0;0;0,079;0,079;0,42655582;0,20823995;0,0001;0;0,0001
2017-06-05 03:00:00+00:00;2,43E-05;0;0;0;0;0;0,119;0,119;0,41936644;0,2204296;0,0001;0;0,0001
2017-06-05 04:00:00+00:00;3,29E-05;0;0;0;0;0;0,115;0,115;0,43852403;0,22144541;0,0001;0;0,0001
2017-06-05 05:00:00+00:00;7,47E-05;0;4,20E-06;0;0;0;0,096;0,096;0,41427749;0,21196457;0,0001;0;0,0001
2017-06-05 06:00:00+00:00;0,0003246;0;3,07E-05;0;0;0;0,09;0,09;0,44884291;0,21128736;0,0001;0;0,0001
2017-06-05 07:00:00+00:00;0,00042232;0;7,07E-05;0;0;0;0,053;0,053;0,51925655;0,25191955;0,0001;0;0,0001
2017-06-05 08:00:00+00:00;0,00034773;0;0,00011919;0;0;0,139985714;0,031;0,031;0,53993659;0,25564416;0,0001;0,139985714;0,0001
2017-06-05 09:00:00+00:00;0,0001138;0;0,00017226;0;0;0,366334885;0,106;0,106;0,53156307;0,25056514;0,0001;0,366334885;0,0001
2017-06-05 10:00:00+00:00;7,52E-05;0;0,00022895;0;0;0,568414617;0,172;0,172;0,54673126;0,19198707;0,0001;0,568414617;0,0001
2017-06-05 11:00:00+00:00;7,49E-05;0;0,0002867;0;0;0,705049658;0,252;0,252;0,47041105;0,18826246;0,0001;0,705049658;0,0001
2017-06-05 12:00:00+00:00;7,64E-05;0;0,00034799;0;0;0,776918269;0,295;0,295;0,48412726;0,19063267;0,0001;0,776918269;0,0001
2017-06-05 13:00:00+00:00;7,52E-05;0;0,0003761;0;0;0,781981451;0,309;0,309;0,48720037;0,22415422;0,0001;0,781981451;0,0001
2017-06-05 14:00:00+00:00;7,46E-05;0;0,00037423;0;0;0,731813967;0,298;0,298;0,52197723;0,24379311;0,0001;0,731813967;0,0001
2017-06-05 15:00:00+00:00;7,83E-05;0;0,00036893;0;0;0,641833578;0,286;0,286;0,49733598;0,49672846;0,0001;0,641833578;0,0001
2017-06-05 16:00:00+00:00;8,10E-05;0;0,00034055;0;0;0,496219739;0,231;0,231;0,46825423;0,49131084;0,0001;0,496219739;0,0001
2017-06-05 17:00:00+00:00;0,0001051;0;0,00028578;0;0;0,319012399;0,226;0,226;0,59267281;0,73815136;0,0001;0,319012399;0,0001
2017-06-05 18:00:00+00:00;0,00038949;0;0,00023274;0;0;0,125651241;0,323;0,323;0,77910332;0,88408863;0,0001;0,125651241;0,0001
2017-06-05 19:00:00+00:00;0,00040301;0;0,00017909;0;0;0;0,337;0,337;0,76771309;0,8793482;0,0001;0;0,0001
2017-06-05 20:00:00+00:00;0,00010515;0;0,00012706;0;0;0;0,289;0,289;0,70720951;0,8779938;0,0001;0;0,0001
2017-06-05 21:00:00+00:00;5,38E-05;0;7,93E-05;0;0;0;0,214;0,214;0,59330717;0,86343393;0,0001;0;0,0001
2017-06-05 22:00:00+00:00;3,32E-05;0;3,64E-05;0;0;0;0,162;0,162;0,57835044;0,3297979;0,0001;0;0,0001
2017-06-05 23:00:00+00:00;6,97E-06;0;6,00E-06;0;0;0;0,118;0,118;0,52139926;0,20519253;0,0001;0;0,0001
2017-06-06 00:00:00+00:00;1,79E-06;0;0;0;0;0;0,066;0,066;0,38564684;0,20993296;0,0001;0;0,0001
2017-06-06 01:00:00+00:00;1,16E-05;0;0;0;0;0;0,022;0,022;0,38506887;0,21162596;0,0001;0;0,0001
2017-06-06 02:00:00+00:00;1,81E-05;0;0;0;0;0;0,002;0,002;0,36946368;0,21535058;0,0001;0;0,0001
2017-06-06 03:00:00+00:00;2,35E-05;0;0;0;0;0;0;0;0,33661808;0,20857855;0,0001;0;0,0001
2017-06-06 04:00:00+00:00;3,30E-05;0;0;0;0;0;0,001;0,001;0,32356442;0,20959435;0,0001;0;0,0001
2017-06-06 05:00:00+00:00;7,60E-05;0;4,02E-06;0;0;0;0,003;0,003;0,32656705;0,20891715;0,0001;0;0,0001
2017-06-06 06:00:00+00:00;0,00032784;0;3,01E-05;0;0;0;0,007;0,007;0,28678581;0,20925575;0,0001;0;0,0001
2017-06-06 07:00:00+00:00;0,0004244;0;7,06E-05;0;0;0;0,013;0,013;0,32876615;0,23668248;0,0001;0;0,0001
2017-06-06 08:00:00+00:00;0,00034793;0;0,00011881;0;0;0,141699203;0,006;0,006;0,35137746;0,25462836;0,0001;0,141699203;0,0001
2017-06-06 09:00:00+00:00;0,00010835;0;0,00017163;0;0;0,367652584;0,067;0,067;0,37403106;0,25970738;0,0001;0,367652584;0,0001
2017-06-06 10:00:00+00:00;7,60E-05;0;0,00022779;0;0;0,556794558;0,143;0,143;0,36820907;0,22584723;0,0001;0,556794558;0,0001
2017-06-06 11:00:00+00:00;7,54E-05;0;0,00028599;0;0;0,699859964;0,181;0,181;0,38977721;0,20383813;0,0001;0,699859964;0,0001
2017-06-06 12:00:00+00:00;7,50E-05;0;0,00034409;0;0;0,787520229;0,13;0,13;0,37818962;0,21602778;0,0001;0,787520229;0,0001
2017-06-06 13:00:00+00:00;7,52E-05;0;0,00037338;0;0;0,806721053;0,058;0,058;0,342285;0,22754024;0,0001;0,806721053;0,0001
2017-06-06 14:00:00+00:00;7,57E-05;0;0,00037337;0;0;0,777359097;0,03;0,03;0,37159231;0,25225815;0,0001;0,777359097;0,0001
2017-06-06 15:00:00+00:00;7,97E-05;0;0,00036998;0;0;0,695951486;0,014;0,014;0,41381229;0,24887213;0,0001;0,695951486;0,0001
2017-06-06 16:00:00+00:00;8,25E-05;0;0,00034064;0;0;0,558375451;0,007;0,007;0,42248184;0,46523852;0,0001;0,558375451;0,0001
2017-06-06 17:00:00+00:00;0,00010596;0;0,00028587;0;0;0,361776133;0,016;0,016;0,5172407;0,74932521;0,0001;0,361776133;0,0001
2017-06-06 18:00:00+00:00;0,00039182;0;0,00023288;0;0;0,144162129;0,084;0,084;0,62589903;0,86072512;0,0001;0,144162129;0,0001
2017-06-06 19:00:00+00:00;0,0004033;0;0,00018035;0;0;0;0,185;0,185;0,59874854;0,88815184;0,0001;0;0,0001
2017-06-06 20:00:00+00:00;0,00010507;0;0,00012677;0;0;0;0,231;0,231;0,52664328;0,88984485;0,0001;0;0,0001
2017-06-06 21:00:00+00:00;5,50E-05;0;7,92E-05;0;0;0;0,214;0,214;0,47730439;0,83939322;0,0001;0;0,0001
2017-06-06 22:00:00+00:00;3,35E-05;0;3,70E-05;0;0;0;0,134;0,134;0,42212942;0,33250671;0,0001;0;0,0001
2017-06-06 23:00:00+00:00;7,08E-06;0;6,32E-06;0;0;0;0,07;0,07;0,40078683;0,17945882;0,0001;0;0,0001
2017-06-07 00:00:00+00:00;1,39E-06;0;0;0;0;0;0,028;0,028;0,3183204;0,175057;0,0001;0;0,0001
2017-06-07 01:00:00+00:00;1,17E-05;0;0;0;0;0;0,004;0,004;0,26232781;0,18589225;0,0001;0;0,0001
2017-06-07 02:00:00+00:00;1,75E-05;0;0;0;0;0;0;0;0,26710664;0,18623085;0,0001;0;0,0001
2017-06-07 03:00:00+00:00;2,40E-05;0;0;0;0;0;0,001;0,001;0,25960713;0,18521504;0,0001;0;0,0001
2017-06-07 04:00:00+00:00;3,29E-05;0;0;0;0;0;0,005;0,005;0,27860965;0,21433478;0,0001;0;0,0001
2017-06-07 05:00:00+00:00;7,50E-05;0;3,97E-06;0;0;0;0,005;0,005;0,30395574;0,22415422;0,0001;0;0,0001
2017-06-07 06:00:00+00:00;0,00032927;0;2,97E-05;0;0;0;0,004;0,004;0,31148344;0,21501198;0,0001;0;0,0001
2017-06-07 07:00:00+00:00;0,00042993;0;7,01E-05;0;0;0;0,003;0,003;0,42251004;0,25191955;0,0001;0;0,0001
2017-06-07 08:00:00+00:00;0,00034966;0;0,00012034;0;0;0,148375787;0;0;0,4066652;0,25327395;0,0001;0,148375787;0,0001
2017-06-07 09:00:00+00:00;0,0001101;0;0,00017363;0;0;0,384864141;0,005;0,005;0,36899849;0,25462836;0,0001;0,384864141;0,0001
2017-06-07 10:00:00+00:00;7,31E-05;0;0,00022887;0;0;0,588056173;0,017;0,017;0,36622142;0,2204296;0,0001;0,588056173;0,0001
2017-06-07 11:00:00+00:00;7,28E-05;0;0,00028634;0;0;0,716902437;0,028;0,028;0,34552728;0,2190752;0,0001;0,716902437;0,0001
2017-06-07 12:00:00+00:00;7,43E-05;0;0,00034341;0;0;0,795148237;0,031;0,031;0,29088798;0,19300288;0,0001;0,795148237;0,0001
2017-06-07 13:00:00+00:00;7,15E-05;0;0,00037487;0;0;0,811234444;0,028;0,028;0,31575478;0,21704359;0,0001;0,811234444;0,0001
2017-06-07 14:00:00+00:00;7,53E-05;0;0,00037486;0;0;0,77954722;0,021;0,021;0,41970477;0,23126485;0,0001;0,77954722;0,0001
2017-06-07 15:00:00+00:00;7,81E-05;0;0,00036911;0;0;0,699035293;0,014;0,014;0,42969942;0,22923324;0,0001;0,699035293;0,0001
2017-06-07 16:00:00+00:00;8,23E-05;0;0,00034236;0;0;0,555083064;0,007;0,007;0,39626175;0,44627683;0,0001;0,555083064;0,0001
2017-06-07 17:00:00+00:00;0,00010806;0;0,00028617;0;0;0,356781908;0,01;0,01;0,40005379;0,72020548;0,0001;0,356781908;0,0001
2017-06-07 18:00:00+00:00;0,00039249;0;0,00023347;0;0;0,138746627;0,056;0,056;0,68103171;0,88781324;0,0001;0,138746627;0,0001
2017-06-07 19:00:00+00:00;0,00041013;0;0,00017895;0;0;0;0,159;0,159;0,64453503;0,89153786;0,0001;0;0,0001
2017-06-07 20:00:00+00:00;0,00010622;0;0,0001258;0;0;0;0,196;0,196;0,56309767;0,85192148;0,0001;0;0,0001
2017-06-07 21:00:00+00:00;5,45E-05;0;7,95E-05;0;0;0;0,181;0,181;0,4550737;0,83634581;0,0001;0;0,0001
2017-06-07 22:00:00+00:00;3,35E-05;0;3,71E-05;0;0;0;0,148;0,148;0,39566968;0,51738316;0,0001;0;0,0001
2017-06-07 23:00:00+00:00;7,24E-06;0;6,16E-06;0;0;0;0,091;0,091;0,34028326;0,37821792;0,0001;0;0,0001
2017-06-08 00:00:00+00:00;1,50E-07;0;0;0;0;0;0,037;0,037;0,28540432;0,17810441;0,0001;0;0,0001
2017-06-08 01:00:00+00:00;8,79E-06;0;0;0;0;0;0,001;0,001;0,28640519;0,17979742;0,0001;0;0,0001
2017-06-08 02:00:00+00:00;1,42E-05;0;0;0;0;0;0;0;0,2752828;0,18013602;0,0001;0;0,0001
2017-06-08 03:00:00+00:00;1,94E-05;0;0;0;0;0;0,018;0,018;0,26607757;0,18013602;0,0001;0;0,0001
2017-06-08 04:00:00+00:00;2,78E-05;0;0;0;0;0;0,047;0,047;0,26740267;0,19232568;0,0001;0;0,0001
2017-06-08 05:00:00+00:00;6,89E-05;0;4,19E-06;0;0;0;0,052;0,052;0,28454441;0,21704359;0,0001;0;0,0001
2017-06-08 06:00:00+00:00;0,00031744;0;2,96E-05;0;0;0;0,047;0,047;0,28874526;0,21568918;0,0001;0;0,0001
2017-06-08 07:00:00+00:00;0,0004097;0;7,00E-05;0;0;0;0,03;0,03;0,30808611;0,25462836;0,0001;0;0,0001
2017-06-08 08:00:00+00:00;0,00032896;0;0,00011895;0;0;0,12799908;0,007;0,007;0,36355711;0,25361255;0,0001;0,12799908;0,0001
2017-06-08 09:00:00+00:00;8,24E-05;0;0,0001726;0;0;0,355227659;0,001;0,001;0,34112907;0,25158095;0,0001;0,355227659;0,0001
2017-06-08 10:00:00+00:00;4,25E-05;0;0,00022867;0;0;0,55769709;0,001;0,001;0,37865481;0,25530556;0,0001;0,55769709;0,0001
2017-06-08 11:00:00+00:00;4,23E-05;0;0,00028654;0;0;0,702127397;0,002;0,002;0,37765394;0,2207682;0,0001;0,702127397;0,0001
2017-06-08 12:00:00+00:00;4,30E-05;0;0,00034437;0;0;0,782511787;0,003;0,003;0,2957091;0,1977433;0,0001;0,782511787;0,0001
2017-06-08 13:00:00+00:00;4,18E-05;0;0,00037442;0;0;0,806517124;0,001;0,001;0,31795389;0,19164847;0,0001;0,806517124;0,0001
2017-06-08 14:00:00+00:00;4,23E-05;0;0,00037468;0;0;0,770707842;0;0;0,36483993;0,21365757;0,0001;0,770707842;0,0001
2017-06-08 15:00:00+00:00;4,68E-05;0;0,00036891;0;0;0,687932261;0,001;0,001;0,39982825;0,23295786;0,0001;0,687932261;0,0001
2017-06-08 16:00:00+00:00;5,58E-05;0;0,00033933;0;0;0,547340876;0,004;0,004;0,39297719;0,44763124;0,0001;0,547340876;0,0001
2017-06-08 17:00:00+00:00;8,91E-05;0;0,00028532;0;0;0,34918256;0,011;0,011;0,44550196;0,76049906;0,0001;0,34918256;0,0001
2017-06-08 18:00:00+00:00;0,00038328;0;0,00023349;0;0;0,137837375;0,013;0,013;0,68836206;0,88612024;0,0001;0,137837375;0,0001
2017-06-08 19:00:00+00:00;0,0003976;0;0,00018006;0;0;0;0,016;0,016;0,72179973;0,88408863;0,0001;0;0,0001
2017-06-08 20:00:00+00:00;0,00010031;0;0,00012791;0;0;0;0,034;0,034;0,63043821;0,84277924;0,0001;0;0,0001
2017-06-08 21:00:00+00:00;4,97E-05;0;7,85E-05;0;0;0;0,05;0,05;0,50114213;0,85293728;0,0001;0;0,0001
2017-06-08 22:00:00+00:00;2,95E-05;0;3,65E-05;0;0;0;0,042;0,042;0,4421892;0,44458382;0,0001;0;0,0001
2017-06-08 23:00:00+00:00;4,96E-06;0;6,26E-06;0;0;0;0,044;0,044;0,40300003;0,20214512;0,0001;0;0,0001
2017-06-09 00:00:00+00:00;7,00E-08;0;0;0;0;0;0,029;0,029;0,28627832;0,15744972;0,0001;0;0,0001
2017-06-09 01:00:00+00:00;8,80E-06;0;0;0;0;0;0,01;0,01;0,24071738;0,15914273;0,0001;0;0,0001
2017-06-09 02:00:00+00:00;1,41E-05;0;0;0;0;0;0,008;0,008;0,21327086;0,15846552;0,0001;0;0,0001
2017-06-09 03:00:00+00:00;1,95E-05;0;0;0;0;0;0,007;0,007;0,20829469;0,15812692;0,0001;0;0,0001
2017-06-09 04:00:00+00:00;2,78E-05;0;0;0;0;0;0,002;0,002;0,21293254;0,18724665;0,0001;0;0,0001
2017-06-09 05:00:00+00:00;6,90E-05;0;4,20E-06;0;0;0;0,002;0,002;0,27367576;0,18623085;0,0001;0;0,0001
2017-06-09 06:00:00+00:00;0,00031722;0;3,00E-05;0;0;0;0,014;0,014;0,29146595;0,19164847;0,0001;0;0,0001
2017-06-09 07:00:00+00:00;0,00041045;0;7,17E-05;0;0;0;0,012;0,012;0,31013015;0,2204296;0,0001;0;0,0001
2017-06-09 08:00:00+00:00;0,00033264;0;0,00011977;0;0;0,143791424;0,001;0,001;0,43765003;0,21535058;0,0001;0,143791424;0,0001
2017-06-09 09:00:00+00:00;8,12E-05;0;0,00017325;0;0;0,380381879;0,001;0,001;0,41251539;0,21772079;0,0001;0,380381879;0,0001
2017-06-09 10:00:00+00:00;4,24E-05;0;0,00022814;0;0;0,578630651;0,006;0,006;0,3977983;0,19266428;0,0001;0,578630651;0,0001
2017-06-09 11:00:00+00:00;4,23E-05;0;0,0002849;0;0;0,713351608;0,017;0,017;0,42896638;0,18792386;0,0001;0,713351608;0,0001
2017-06-09 12:00:00+00:00;4,30E-05;0;0,00034331;0;0;0,791715654;0,032;0,032;0,37122579;0,18724665;0,0001;0,791715654;0,0001
2017-06-09 13:00:00+00:00;4,18E-05;0;0,00037538;0;0;0,809607299;0,043;0,043;0,3991234;0,16862357;0,0001;0,809607299;0,0001
2017-06-09 14:00:00+00:00;4,24E-05;0;0,00037659;0;0;0,778678182;0,041;0,041;0,45703316;0,18081322;0,0001;0,778678182;0,0001
2017-06-09 15:00:00+00:00;4,68E-05;0;0,00037015;0;0;0,697513868;0,028;0,028;0,4111057;0,17776581;0,0001;0,697513868;0,0001
2017-06-09 16:00:00+00:00;5,58E-05;0;0,00034028;0;0;0,56182065;0,013;0,013;0,41251539;0,39108478;0,0001;0,56182065;0,0001
2017-06-09 17:00:00+00:00;8,92E-05;0;0,00028641;0;0;0,366508378;0,005;0,005;0,43812932;0,7252845;0,0001;0,366508378;0,0001
2017-06-09 18:00:00+00:00;0,00038225;0;0,000232;0;0;0,14662244;0,001;0,001;0,65258432;0,87968681;0,0001;0,14662244;0,0001
2017-06-09 19:00:00+00:00;0,00040177;0;0,00017968;0;0;0;0,001;0,001;0,69887829;0,88002541;0,0001;0;0,0001
2017-06-09 20:00:00+00:00;0,00010119;0;0,00012598;0;0;0;0,002;0,002;0,65045569;0,8783324;0,0001;0;0,0001
2017-06-09 21:00:00+00:00;4,95E-05;0;7,95E-05;0;0;0;0,001;0,001;0,547422;0,82686496;0,0001;0;0,0001
2017-06-09 22:00:00+00:00;2,95E-05;0;3,71E-05;0;0;0;0;0;0,48876511;0,54277827;0,0001;0;0,0001
2017-06-09 23:00:00+00:00;4,94E-06;0;6,54E-06;0;0;0;0;0;0,39035518;0,16083573;0,0001;0;0,0001
2017-06-10 00:00:00+00:00;1,78E-06;0;0;0;0;0;0;0;0,32061819;0,15270929;0,0001;0;0,0001
2017-06-10 01:00:00+00:00;1,17E-05;0;0;0;0;0;0,002;0,002;0,30298306;0,1533865;0,0001;0;0,0001
2017-06-10 02:00:00+00:00;1,79E-05;0;0;0;0;0;0,012;0,012;0,30201038;0,14932328;0,0001;0;0,0001
2017-06-10 03:00:00+00:00;2,33E-05;0;0;0;0;0;0,023;0,023;0,28481225;0,16828497;0,0001;0;0,0001
2017-06-10 04:00:00+00:00;3,28E-05;0;0;0;0;0;0,02;0,02;0,30061479;0,18250623;0,0001;0;0,0001
2017-06-10 05:00:00+00:00;7,59E-05;0;4,18E-06;0;0;0;0,006;0,006;0,34640128;0,18115182;0,0001;0;0,0001
2017-06-10 06:00:00+00:00;0,00032774;0;2,99E-05;0;0;0;0,001;0,001;0,41033038;0,17945882;0,0001;0;0,0001
2017-06-10 07:00:00+00:00;0,00043019;0;7,05E-05;0;0;0;0;0;0,40374716;0,17844301;0,0001;0;0,0001
2017-06-10 08:00:00+00:00;0,00035238;0;0,00011766;0;0;0,151119587;0;0;0,44816626;0,18284483;0,0001;0,151119587;0,0001
2017-06-10 09:00:00+00:00;0,0001095;0;0,00017153;0;0;0,388418429;0,003;0,003;0,38966443;0,18318343;0,0001;0,388418429;0,0001
2017-06-10 10:00:00+00:00;7,49E-05;0;0,00022718;0;0;0,591601274;0,008;0,008;0,45042175;0,18521504;0,0001;0,591601274;0,0001
2017-06-10 11:00:00+00:00;7,58E-05;0;0,000285;0;0;0,730227887;0,01;0,01;0,45476357;0,16760776;0,0001;0,730227887;0,0001
2017-06-10 12:00:00+00:00;7,57E-05;0;0,0003445;0;0;0,806887935;0,008;0,008;0,421777;0,15948133;0,0001;0,806887935;0,0001
2017-06-10 13:00:00+00:00;7,54E-05;0;0,00037605;0;0;0,825504669;0,006;0,006;0,47829117;0,16252874;0,0001;0,825504669;0,0001
2017-06-10 14:00:00+00:00;7,59E-05;0;0,00037596;0;0;0,789248361;0,007;0,007;0,46429303;0,15981993;0,0001;0,789248361;0,0001
2017-06-10 15:00:00+00:00;7,76E-05;0;0,00036849;0;0;0,709365558;0,012;0,012;0,46403928;0,37686352;0,0001;0,709365558;0,0001
2017-06-10 16:00:00+00:00;8,22E-05;0;0,00034081;0;0;0,566815688;0,026;0,026;0,50074741;0,37720212;0,0001;0,566815688;0,0001
2017-06-10 17:00:00+00:00;0,00010731;0;0,00028634;0;0;0,366885173;0,052;0,052;0,46578729;0,7252845;0,0001;0,366885173;0,0001
2017-06-10 18:00:00+00:00;0,00039952;0;0,00023255;0;0;0,14249728;0,062;0,062;0,66266355;0,87697799;0,0001;0,14249728;0,0001
2017-06-10 19:00:00+00:00;0,00041154;0;0,00017925;0;0;0;0,156;0,156;0,75337661;0,87223757;0,0001;0;0,0001
2017-06-10 20:00:00+00:00;0,00010522;0;0,00012662;0;0;0;0,254;0,254;0,6961717;0,87189897;0,0001;0;0,0001
2017-06-10 21:00:00+00:00;5,35E-05;0;7,83E-05;0;0;0;0,218;0,218;0,59482963;0,84311784;0,0001;0;0,0001
2017-06-10 22:00:00+00:00;3,31E-05;0;3,70E-05;0;0;0;0,184;0,184;0,51212355;0,28374809;0,0001;0;0,0001
2017-06-10 23:00:00+00:00;7,79E-06;0;6,22E-06;0;0;0;0,166;0,166;0,41477088;0,15135489;0,0001;0;0,0001
2017-06-11 00:00:00+00:00;1,94E-06;0;0;0;0;0;0,142;0,142;0,24763892;0,14153544;0,0001;0;0,0001
2017-06-11 01:00:00+00:00;1,18E-05;0;0;0;0;0;0,133;0,133;0,21493429;0,14322845;0,0001;0;0,0001
2017-06-11 02:00:00+00:00;1,76E-05;0;0;0;0;0;0,154;0,154;0,23014476;0,14661447;0,0001;0;0,0001
2017-06-11 03:00:00+00:00;2,38E-05;0;0;0;0;0;0,211;0,211;0,2180215;0,1760728;0,0001;0;0,0001
2017-06-11 04:00:00+00:00;3,30E-05;0;0;0;0;0;0,332;0,332;0,19769387;0,17302539;0,0001;0;0,0001
2017-06-11 05:00:00+00:00;7,64E-05;0;4,18E-06;0;0;0;0,653;0,653;0,20742068;0,1764114;0,0001;0;0,0001
2017-06-11 06:00:00+00:00;0,00032879;0;3,06E-05;0;0;0;0,694;0,694;0,22272983;0,17471839;0,0001;0;0,0001
2017-06-11 07:00:00+00:00;0,00043205;0;7,14E-05;0;0;0;0,716;0,716;0,27144846;0,20485393;0,0001;0;0,0001
2017-06-11 08:00:00+00:00;0,00035399;0;0,00011851;0;0;0,136631882;0,782;0,782;0,29744301;0,20349953;0,0001;0,136631882;0,0001
2017-06-11 09:00:00+00:00;0,00011117;0;0,00017238;0;0;0,362196949;0,84;0,84;0,28169685;0,20316092;0,0001;0,362196949;0,0001
2017-06-11 10:00:00+00:00;7,62E-05;0;0,00022874;0;0;0,555007009;0,885;0,885;0,31359797;0,175057;0,0001;0,555007009;0,0001
2017-06-11 11:00:00+00:00;7,80E-05;0;0,00028648;0;0;0,676258235;0,917;0,917;0,29854256;0,14559866;0,0001;0,676258235;0,0001
2017-06-11 12:00:00+00:00;7,52E-05;0;0,00034529;0;0;0,771685692;0,903;0,903;0,28034356;0,14526006;0,0001;0,771685692;0,0001
2017-06-11 13:00:00+00:00;7,44E-05;0;0,00037582;0;0;0,789171174;0,857;0,857;0,2685868;0,15203209;0,0001;0,789171174;0,0001
2017-06-11 14:00:00+00:00;7,49E-05;0;0,0003758;0;0;0,757463563;0,81;0,81;0,30826937;0,1533865;0,0001;0,757463563;0,0001
2017-06-11 15:00:00+00:00;7,69E-05;0;0,00036994;0;0;0,676667279;0,762;0,762;0,32015299;0,36467386;0,0001;0,676667279;0,0001
2017-06-11 16:00:00+00:00;8,26E-05;0;0,00033984;0;0;0,553956225;0,725;0,725;0,31736182;0,38363555;0,0001;0,553956225;0,0001
2017-06-11 17:00:00+00:00;0,00010874;0;0,0002844;0;0;0,357599518;0,709;0,709;0,33670266;0,70124379;0,0001;0,357599518;0,0001
2017-06-11 18:00:00+00:00;0,00039827;0;0,00023293;0;0;0,146486392;0,647;0,647;0,45673713;0,86648134;0,0001;0,146486392;0,0001
2017-06-11 19:00:00+00:00;0,00040839;0;0,00017925;0;0;0;0,544;0,544;0,50335533;0,86343393;0,0001;0;0,0001
2017-06-11 20:00:00+00:00;0,00010667;0;0,00012788;0;0;0;0,356;0,356;0,46747891;0,85801631;0,0001;0;0,0001
2017-06-11 21:00:00+00:00;5,37E-05;0;7,89E-05;0;0;0;0,25;0,25;0,37658258;0,81941573;0,0001;0;0,0001
2017-06-11 22:00:00+00:00;3,33E-05;0;3,63E-05;0;0;0;0,208;0,208;0,28285279;0,26580221;0,0001;0;0,0001
2017-06-11 23:00:00+00:00;7,53E-06;0;6,39E-06;0;0;0;0,171;0,171;0,25268559;0,14729167;0,0001;0;0,0001
2017-06-12 00:00:00+00:00;1,80E-06;0;0;0;0;0;0,141;0,141;0,50336943;0,2204296;0,0001;0;0,0001
2017-06-12 01:00:00+00:00;1,17E-05;0;0;0;0;0;0,144;0,144;0,48525501;0,22144541;0,0001;0;0,0001
2017-06-12 02:00:00+00:00;1,80E-05;0;0;0;0;0;0,155;0,155;0,43305446;0,21636638;0,0001;0;0,0001
2017-06-12 03:00:00+00:00;2,43E-05;0;0;0;0;0;0,174;0,174;0,41976115;0,25124234;0,0001;0;0,0001
2017-06-12 04:00:00+00:00;3,28E-05;0;0;0;0;0;0,199;0,199;0,44334514;0,25395116;0,0001;0;0,0001
2017-06-12 05:00:00+00:00;7,74E-05;0;4,13E-06;0;0;0;0,206;0,206;0,41985983;0,22483142;0,0001;0;0,0001
2017-06-12 06:00:00+00:00;0,00033655;0;2,99E-05;0;0;0;0,214;0,214;0,53493221;0,22449282;0,0001;0;0,0001
2017-06-12 07:00:00+00:00;0,00043232;0;7,11E-05;0;0;0;0,166;0,166;0,54100795;0,22347702;0,0001;0;0,0001
2017-06-12 08:00:00+00:00;0,00035054;0;0,00011893;0;0;0,143800687;0,223;0,223;0,62797126;0,22550863;0,0001;0,143800687;0,0001
2017-06-12 09:00:00+00:00;0,00011335;0;0,00017197;0;0;0,3686922;0,505;0,505;0,54956472;0,23160346;0,0001;0,3686922;0,0001
2017-06-12 10:00:00+00:00;7,64E-05;0;0,000228;0;0;0,564541296;0,535;0,535;0,60940574;0,23024905;0,0001;0,564541296;0,0001
2017-06-12 11:00:00+00:00;7,45E-05;0;0,00028578;0;0;0,71120905;0,395;0,395;0,64700197;0,26173899;0,0001;0,71120905;0,0001
2017-06-12 12:00:00+00:00;7,68E-05;0;0,00034489;0;0;0,794787367;0,263;0,263;0,52357017;0,27731466;0,0001;0,794787367;0,0001
2017-06-12 13:00:00+00:00;7,68E-05;0;0,00037531;0;0;0,81519132;0,179;0,179;0,63259502;0,27257424;0,0001;0,81519132;0,0001
2017-06-12 14:00:00+00:00;7,55E-05;0;0,00037583;0;0;0,78047691;0,132;0,132;0,60941984;0,23498947;0,0001;0,78047691;0,0001
2017-06-12 15:00:00+00:00;7,77E-05;0;0,00037023;0;0;0,703299614;0,109;0,109;0,55659903;0,23905269;0,0001;0,703299614;0,0001
2017-06-12 16:00:00+00:00;8,09E-05;0;0,00034173;0;0;0,56268614;0,104;0,104;0,53655335;0,45304886;0,0001;0,56268614;0,0001
2017-06-12 17:00:00+00:00;0,00010504;0;0,00028828;0;0;0,367020472;0,127;0,127;0,57398042;0,76625529;0,0001;0,367020472;0,0001
2017-06-12 18:00:00+00:00;0,0004;0;0,0002344;0;0;0,147319516;0,196;0,196;0,79159311;0,89695548;0,0001;0,147319516;0,0001
2017-06-12 19:00:00+00:00;0,00041178;0;0,00018048;0;0;0;0,239;0,239;0,8608931;0,89627828;0,0001;0;0,0001
2017-06-12 20:00:00+00:00;0,00010589;0;0,00012698;0;0;0;0,242;0,242;0,824044;0,86783575;0,0001;0;0,0001
2017-06-12 21:00:00+00:00;5,40E-05;0;7,89E-05;0;0;0;0,211;0,211;0,73503664;0,83600721;0,0001;0;0,0001
2017-06-12 22:00:00+00:00;3,32E-05;0;3,66E-05;0;0;0;0,192;0,192;0,66880976;0,32234867;0,0001;0;0,0001
2017-06-12 23:00:00+00:00;7,20E-06;0;6,16E-06;0;0;0;0,207;0,207;0,58865521;0,19164847;0,0001;0;0,0001
2017-06-13 00:00:00+00:00;1,59E-06;0;0;0;0;0;0,224;0,224;0,3738337;0,1984205;0,0001;0;0,0001
2017-06-13 01:00:00+00:00;1,19E-05;0;0;0;0;0;0,228;0,228;0,36695445;0,20079071;0,0001;0;0,0001
2017-06-13 02:00:00+00:00;1,84E-05;0;0;0;0;0;0,207;0,207;0,35284353;0,19605029;0,0001;0;0,0001
2017-06-13 03:00:00+00:00;2,40E-05;0;0;0;0;0;0,169;0,169;0,34936161;0,19875911;0,0001;0;0,0001
2017-06-13 04:00:00+00:00;3,35E-05;0;0;0;0;0;0,121;0,121;0,36065317;0,20959435;0,0001;0;0,0001
2017-06-13 05:00:00+00:00;7,75E-05;0;4,31E-06;0;0;0;0,086;0,086;0,35237833;0,20485393;0,0001;0;0,0001
2017-06-13 06:00:00+00:00;0,00033297;0;3,09E-05;0;0;0;0,073;0,073;0,26812161;0,20519253;0,0001;0;0,0001
2017-06-13 07:00:00+00:00;0,00043349;0;7,10E-05;0;0;0;0,022;0,022;0,28954878;0,20993296;0,0001;0;0,0001
2017-06-13 08:00:00+00:00;0,00035766;0;0,0001196;0;0;0,151573264;0,03;0,03;0,30522445;0,25361255;0,0001;0,151573264;0,0001
2017-06-13 09:00:00+00:00;0,00011281;0;0,00017343;0;0;0,389060794;0,102;0,102;0,32295826;0,25665997;0,0001;0,389060794;0,0001
2017-06-13 10:00:00+00:00;7,31E-05;0;0,00022884;0;0;0,588566386;0,069;0,069;0,34992548;0,21027156;0,0001;0,588566386;0,0001
2017-06-13 11:00:00+00:00;7,33E-05;0;0,00028504;0;0;0,725412052;0,025;0,025;0,35993423;0,20925575;0,0001;0,725412052;0,0001
2017-06-13 12:00:00+00:00;7,69E-05;0;0,00034356;0;0;0,803797099;0,008;0,008;0,3329952;0,20722414;0,0001;0,803797099;0,0001
2017-06-13 13:00:00+00:00;7,55E-05;0;0,00037619;0;0;0,821203496;0,003;0,003;0,32218293;0,20112932;0,0001;0,821203496;0,0001
2017-06-13 14:00:00+00:00;7,55E-05;0;0,0003733;0;0;0,789543792;0,002;0,002;0,30752223;0,19537309;0,0001;0,789543792;0,0001
2017-06-13 15:00:00+00:00;7,69E-05;0;0,00036946;0;0;0,704789297;0,002;0,002;0,31592394;0,1977433;0,0001;0,704789297;0,0001
2017-06-13 16:00:00+00:00;7,93E-05;0;0,00034113;0;0;0,565592712;0,002;0,002;0,35772103;0,42866955;0,0001;0,565592712;0,0001
2017-06-13 17:00:00+00:00;0,0001075;0;0,00028584;0;0;0,36760256;0,003;0,003;0,42379285;0,73104073;0,0001;0,36760256;0,0001
2017-06-13 18:00:00+00:00;0,00040021;0;0,00023231;0;0;0,146822361;0,04;0,04;0,5789707;0,85226008;0,0001;0,146822361;0,0001
2017-06-13 19:00:00+00:00;0,00041374;0;0,00017906;0;0;0;0,128;0,128;0,53660974;0,87968681;0,0001;0;0,0001
2017-06-13 20:00:00+00:00;0,00010537;0;0,00012678;0;0;0;0,175;0,175;0,47029827;0,88036401;0,0001;0;0,0001
2017-06-13 21:00:00+00:00;5,39E-05;0;7,85E-05;0;0;0;0,149;0,149;0,42768357;0,84108623;0,0001;0;0,0001
2017-06-13 22:00:00+00:00;3,32E-05;0;3,68E-05;0;0;0;0,102;0,102;0,37238173;0,32539608;0,0001;0;0,0001
2017-06-13 23:00:00+00:00;6,90E-06;0;6,22E-06;0;0;0;0,085;0,085;0,35615628;0,1970661;0,0001;0;0,0001
2017-06-14 00:00:00+00:00;1,84E-06;0;0;0;0;0;0,069;0,069;0,31676975;0,20180652;0,0001;0;0,0001
2017-06-14 01:00:00+00:00;1,18E-05;0;0;0;0;0;0,055;0,055;0,28020259;0,19943631;0,0001;0;0,0001
2017-06-14 02:00:00+00:00;1,83E-05;0;0;0;0;0;0,037;0,037;0,3112438;0,19943631;0,0001;0;0,0001
2017-06-14 03:00:00+00:00;2,42E-05;0;0;0;0;0;0,027;0,027;0,30188351;0,20079071;0,0001;0;0,0001
2017-06-14 04:00:00+00:00;3,34E-05;0;0;0;0;0;0,024;0,024;0,32814589;0,21230317;0,0001;0;0,0001
2017-06-14 05:00:00+00:00;7,64E-05;0;4,26E-06;0;0;0;0,022;0,022;0,37431299;0,20891715;0,0001;0;0,0001
2017-06-14 06:00:00+00:00;0,00033498;0;3,10E-05;0;0;0;0,016;0,016;0,38812788;0,20790135;0,0001;0;0,0001
2017-06-14 07:00:00+00:00;0,00043471;0;7,20E-05;0;0;0;0,004;0,004;0,44280946;0,25801438;0,0001;0;0,0001
2017-06-14 08:00:00+00:00;0,000363;0;0,00011875;0;0;0,14721383;0,002;0,002;0,4515495;0,25530556;0,0001;0,14721383;0,0001
2017-06-14 09:00:00+00:00;0,00010987;0;0,00017223;0;0;0,380528216;0,001;0,001;0,48359158;0,25022654;0,0001;0,380528216;0,0001
2017-06-14 10:00:00+00:00;7,46E-05;0;0,00022665;0;0;0,578208829;0,001;0,001;0,48931489;0,20823995;0,0001;0,578208829;0,0001
2017-06-14 11:00:00+00:00;7,45E-05;0;0,00028513;0;0;0,715165669;0,012;0,012;0,49491133;0,20654694;0,0001;0,715165669;0,0001
2017-06-14 12:00:00+00:00;7,28E-05;0;0,00034411;0;0;0,792594647;0,028;0,028;0,46047279;0,20756274;0,0001;0,792594647;0,0001
2017-06-14 13:00:00+00:00;7,64E-05;0;0,00037615;0;0;0,811934485;0,038;0,038;0,4714824;0,19875911;0,0001;0,811934485;0,0001
2017-06-14 14:00:00+00:00;7,47E-05;0;0,00037355;0;0;0,777350351;0,041;0,041;0,46420844;0,20011351;0,0001;0,777350351;0,0001
2017-06-14 15:00:00+00:00;7,61E-05;0;0,00036795;0;0;0,692881562;0,036;0,036;0,44272488;0,19909771;0,0001;0,692881562;0,0001
2017-06-14 16:00:00+00:00;8,13E-05;0;0,00034047;0;0;0,552888713;0,027;0,027;0,44686935;0,41004647;0,0001;0,552888713;0,0001
2017-06-14 17:00:00+00:00;0,00010927;0;0,00028612;0;0;0,357426711;0,016;0,016;0,54847926;0,73408814;0,0001;0,357426711;0,0001
2017-06-14 18:00:00+00:00;0,00040514;0;0,0002356;0;0;0,141942759;0,035;0,035;0,72611335;0,88578163;0,0001;0,141942759;0,0001
2017-06-14 19:00:00+00:00;0,00041454;0;0,00018123;0;0;0;0,084;0,084;0,69525541;0,88578163;0,0001;0;0,0001
2017-06-14 20:00:00+00:00;0,00010665;0;0,00012598;0;0;0;0,105;0,105;0,55693736;0,88950625;0,0001;0;0,0001
2017-06-14 21:00:00+00:00;5,41E-05;0;7,85E-05;0;0;0;0,081;0,081;0,47043924;0,8566619;0,0001;0;0,0001
2017-06-14 22:00:00+00:00;3,35E-05;0;3,76E-05;0;0;0;0,034;0,034;0,43507031;0,55293632;0,0001;0;0,0001
2017-06-14 23:00:00+00:00;7,35E-06;0;6,35E-06;0;0;0;0,003;0,003;0,40316919;0,19401868;0,0001;0;0,0001
2017-06-15 00:00:00+00:00;1,10E-07;0;0;0;0;0;0;0;0,39919389;0,19198707;0,0001;0;0,0001
2017-06-15 01:00:00+00:00;8,79E-06;0;0;0;0;0;0,012;0,012;0,38432174;0,19435728;0,0001;0;0,0001
2017-06-15 02:00:00+00:00;1,41E-05;0;0;0;0;0;0,069;0,069;0,35796068;0,19977491;0,0001;0;0,0001
2017-06-15 03:00:00+00:00;1,95E-05;0;0;0;0;0;0,144;0,144;0,34501979;0,20011351;0,0001;0;0,0001
2017-06-15 04:00:00+00:00;2,77E-05;0;0;0;0;0;0,189;0,189;0,34929113;0,20959435;0,0001;0;0,0001
2017-06-15 05:00:00+00:00;7,00E-05;0;4,13E-06;0;0;0;0,172;0,172;0,37937375;0,21298037;0,0001;0;0,0001
2017-06-15 06:00:00+00:00;0,00032264;0;2,98E-05;0;0;0;0,15;0,15;0,3724945;0,20756274;0,0001;0;0,0001
2017-06-15 07:00:00+00:00;0,00041837;0;7,04E-05;0;0;0;0,079;0,079;0,42664041;0,25259675;0,0001;0;0,0001
2017-06-15 08:00:00+00:00;0,00033769;0;0,00011848;0;0;0,136138492;0,107;0,107;0,47180663;0,25530556;0,0001;0,136138492;0,0001
2017-06-15 09:00:00+00:00;8,37E-05;0;0,00017232;0;0;0,348767983;0,169;0,169;0,50858525;0,25124234;0,0001;0,348767983;0,0001
2017-06-15 10:00:00+00:00;4,24E-05;0;0,0002274;0;0;0,542544854;0,129;0,129;0,51030506;0,2187366;0,0001;0,542544854;0,0001
2017-06-15 11:00:00+00:00;4,23E-05;0;0,00028625;0;0;0,682954057;0,085;0,085;0,52044068;0,20891715;0,0001;0,682954057;0,0001
2017-06-15 12:00:00+00:00;4,30E-05;0;0,00034495;0;0;0,762012375;0,059;0,059;0,46089569;0,20620834;0,0001;0,762012375;0,0001
2017-06-15 13:00:00+00:00;4,18E-05;0;0,00037464;0;0;0,776865619;0,044;0,044;0,45661026;0,23126485;0,0001;0,776865619;0,0001
2017-06-15 14:00:00+00:00;4,24E-05;0;0,00037426;0;0;0,744430449;0,037;0,037;0,42752851;0,24988794;0,0001;0,744430449;0,0001
2017-06-15 15:00:00+00:00;4,68E-05;0;0,0003684;0;0;0,648661167;0,038;0,038;0,48228057;0,24954934;0,0001;0,648661167;0,0001
2017-06-15 16:00:00+00:00;5,58E-05;0;0,00034;0;0;0,51211539;0,051;0,051;0,49898531;0,46727013;0,0001;0,51211539;0,0001
2017-06-15 17:00:00+00:00;8,93E-05;0;0,0002856;0;0;0,327690734;0,064;0,064;0,57220422;0,75948326;0,0001;0,327690734;0,0001
2017-06-15 18:00:00+00:00;0,00039491;0;0,00023171;0;0;0,12156187;0,103;0,103;0,71682355;0,89153786;0,0001;0,12156187;0,0001
2017-06-15 19:00:00+00:00;0,00040909;0;0,00017937;0;0;0;0,151;0,151;0,6864026;0,88747464;0,0001;0;0,0001
2017-06-15 20:00:00+00:00;0,0001012;0;0,00012772;0;0;0;0,169;0,169;0,57258483;0,87426918;0,0001;0;0,0001
2017-06-15 21:00:00+00:00;4,96E-05;0;7,86E-05;0;0;0;0,154;0,154;0,49250077;0,84616525;0,0001;0;0,0001
2017-06-15 22:00:00+00:00;2,96E-05;0;3,67E-05;0;0;0;0,145;0,145;0,42936109;0,32404168;0,0001;0;0,0001
2017-06-15 23:00:00+00:00;5,09E-06;0;6,23E-06;0;0;0;0,151;0,151;0,44682706;0,20553114;0,0001;0;0,0001
2017-06-16 00:00:00+00:00;1,90E-07;0;0;0;0;0;0,153;0,153;0,40037802;0,20756274;0,0001;0;0,0001
2017-06-16 01:00:00+00:00;8,85E-06;0;0;0;0;0;0,157;0,157;0,39186354;0,21670499;0,0001;0;0,0001
2017-06-16 02:00:00+00:00;1,43E-05;0;0;0;0;0;0,202;0,202;0,35336511;0,21399617;0,0001;0;0,0001
2017-06-16 03:00:00+00:00;1,95E-05;0;0;0;0;0;0,233;0,233;0,34284888;0,21264177;0,0001;0;0,0001
2017-06-16 04:00:00+00:00;2,77E-05;0;0;0;0;0;0,238;0,238;0,35968049;0,2204296;0,0001;0;0,0001
2017-06-16 05:00:00+00:00;6,93E-05;0;4,29E-06;0;0;0;0,228;0,228;0,3725086;0,22584723;0,0001;0;0,0001
2017-06-16 06:00:00+00:00;0,00033064;0;3,04E-05;0;0;0;0,173;0,173;0,44314779;0,22212261;0,0001;0;0,0001
2017-06-16 07:00:00+00:00;0,000421;0;6,92E-05;0;0;0;0,107;0,107;0,44454337;0,25835298;0,0001;0;0,0001
2017-06-16 08:00:00+00:00;0,00033911;0;0,00011879;0;0;0,132064571;0,114;0,114;0,47331499;0,25158095;0,0001;0,132064571;0,0001
2017-06-16 09:00:00+00:00;8,35E-05;0;0,00017238;0;0;0,347923493;0,278;0,278;0,48777834;0,24853353;0,0001;0,347923493;0,0001
2017-06-16 10:00:00+00:00;4,24E-05;0;0,00022841;0;0;0,544540161;0,301;0,301;0,48949815;0,2190752;0,0001;0,544540161;0,0001
2017-06-16 11:00:00+00:00;4,23E-05;0;0,00028648;0;0;0,68277191;0,215;0,215;0,49056951;0,20451533;0,0001;0,68277191;0,0001
2017-06-16 12:00:00+00:00;4,30E-05;0;0,00034377;0;0;0,769402358;0,15;0,15;0,42521663;0,20722414;0,0001;0,769402358;0,0001
2017-06-16 13:00:00+00:00;4,18E-05;0;0,00037544;0;0;0,79334796;0,109;0,109;0,47031237;0,23194206;0,0001;0,79334796;0,0001
2017-06-16 14:00:00+00:00;4,23E-05;0;0,00037441;0;0;0,754042895;0,088;0,088;0,48429642;0,24954934;0,0001;0,754042895;0,0001
2017-06-16 15:00:00+00:00;4,67E-05;0;0,00037062;0;0;0,666858769;0,086;0,086;0,48961092;0,24853353;0,0001;0,666858769;0,0001
2017-06-16 16:00:00+00:00;5,57E-05;0;0,00034085;0;0;0,524434684;0,102;0,102;0,49620824;0,47234915;0,0001;0,524434684;0,0001
2017-06-16 17:00:00+00:00;8,89E-05;0;0,00028555;0;0;0,329106888;0,131;0,131;0,57396632;0,75948326;0,0001;0,329106888;0,0001
2017-06-16 18:00:00+00:00;0,00038922;0;0,00023373;0;0;0,135115873;0,207;0,207;0,6970739;0,88341142;0,0001;0,135115873;0,0001
2017-06-16 19:00:00+00:00;0,00041092;0;0,00017827;0;0;0;0,263;0,263;0,63174921;0,88476583;0,0001;0;0,0001
2017-06-16 20:00:00+00:00;0,00010077;0;0,00012601;0;0;0;0,269;0,269;0,54004936;0,88442723;0,0001;0;0,0001
2017-06-16 21:00:00+00:00;4,98E-05;0;7,81E-05;0;0;0;0,253;0,253;0,49095012;0,85361449;0,0001;0;0,0001
2017-06-16 22:00:00+00:00;2,97E-05;0;3,72E-05;0;0;0;0,234;0,234;0,41353036;0,33826294;0,0001;0;0,0001
2017-06-16 23:00:00+00:00;5,05E-06;0;6,17E-06;0;0;0;0,246;0,246;0,41230394;0,19334148;0,0001;0;0,0001
2017-06-17 00:00:00+00:00;1,76E-06;0;0;0;0;0;0,289;0,289;0,36347253;0,19605029;0,0001;0;0,0001
2017-06-17 01:00:00+00:00;1,25E-05;0;0;0;0;0;0,389;0,389;0,37933146;0,19300288;0,0001;0;0,0001
2017-06-17 02:00:00+00:00;1,85E-05;0;0;0;0;0;0,399;0,399;0,36916765;0,1974047;0,0001;0;0,0001
2017-06-17 03:00:00+00:00;2,40E-05;0;0;0;0;0;0,412;0,412;0,36203466;0,19401868;0,0001;0;0,0001
2017-06-17 04:00:00+00:00;3,31E-05;0;0;0;0;0;0,448;0,448;0,36889981;0,20891715;0,0001;0;0,0001
2017-06-17 05:00:00+00:00;7,84E-05;0;4,01E-06;0;0;0;0,382;0,382;0,39827759;0,21196457;0,0001;0;0,0001
2017-06-17 06:00:00+00:00;0,00033457;0;2,98E-05;0;0;0;0,286;0,286;0,41674444;0,20282232;0,0001;0;0,0001
2017-06-17 07:00:00+00:00;0,00043681;0;7,12E-05;0;0;0;0,166;0,166;0,45811862;0,25259675;0,0001;0;0,0001
2017-06-17 08:00:00+00:00;0,00036576;0;0,00011963;0;0;0,134809986;0,348;0,348;0,50142406;0,25395116;0,0001;0,134809986;0,0001
2017-06-17 09:00:00+00:00;0,0001127;0;0,0001711;0;0;0,345556669;0,489;0,489;0,51525305;0,24717913;0,0001;0,345556669;0,0001
2017-06-17 10:00:00+00:00;7,52E-05;0;0,00022758;0;0;0,551489158;0,455;0,455;0,51474556;0,2194138;0,0001;0,551489158;0,0001
2017-06-17 11:00:00+00:00;7,64E-05;0;0,00028673;0;0;0,682416183;0,347;0,347;0,49004792;0,20688554;0,0001;0,682416183;0,0001
2017-06-17 12:00:00+00:00;7,74E-05;0;0,00034361;0;0;0,768132179;0,239;0,239;0,43081307;0,20857855;0,0001;0,768132179;0,0001
2017-06-17 13:00:00+00:00;7,58E-05;0;0,00037504;0;0;0,782986557;0,165;0,165;0,49499591;0,19605029;0,0001;0,782986557;0,0001
2017-06-17 14:00:00+00:00;7,64E-05;0;0,0003746;0;0;0,728127484;0,119;0,119;0,49486904;0,23261926;0,0001;0,728127484;0,0001
2017-06-17 15:00:00+00:00;7,79E-05;0;0,00036929;0;0;0,648495488;0,104;0,104;0,47659955;0,24616332;0,0001;0,648495488;0,0001
2017-06-17 16:00:00+00:00;7,94E-05;0;0,00034062;0;0;0,490835376;0,114;0,114;0,47655726;0,46625432;0,0001;0,490835376;0,0001
2017-06-17 17:00:00+00:00;0,00010694;0;0,00028737;0;0;0,316400662;0,144;0,144;0,54487048;0,75338843;0,0001;0,316400662;0,0001
2017-06-17 18:00:00+00:00;0,000404;0;0,00023386;0;0;0,129291248;0,216;0,216;0,69182988;0,88815184;0,0001;0,129291248;0,0001
2017-06-17 19:00:00+00:00;0,00041829;0;0,00017916;0;0;0;0,241;0,241;0,67869163;0,88205702;0,0001;0;0,0001
2017-06-17 20:00:00+00:00;0,00010658;0;0,00012733;0;0;0;0,234;0,234;0,55504838;0,88713604;0,0001;0;0,0001
2017-06-17 21:00:00+00:00;5,40E-05;0;7,97E-05;0;0;0;0,219;0,219;0,50978348;0,85090568;0,0001;0;0,0001
2017-06-17 22:00:00+00:00;3,31E-05;0;3,69E-05;0;0;0;0,252;0,252;0,44114604;0,3287821;0,0001;0;0,0001
2017-06-17 23:00:00+00:00;7,16E-06;0;6,21E-06;0;0;0;0,303;0,303;0,39428819;0,1967275;0,0001;0;0,0001
2017-06-18 00:00:00+00:00;1,92E-06;0;0;0;0;0;0,37;0,37;0,36795532;0,19368008;0,0001;0;0,0001
2017-06-18 01:00:00+00:00;1,21E-05;0;0;0;0;0;0,372;0,372;0,35980736;0,19909771;0,0001;0;0,0001
2017-06-18 02:00:00+00:00;1,83E-05;0;0;0;0;0;0,402;0,402;0,34124184;0,19571169;0,0001;0;0,0001
2017-06-18 03:00:00+00:00;2,40E-05;0;0;0;0;0;0,26;0,26;0,30862179;0,19605029;0,0001;0;0,0001
2017-06-18 04:00:00+00:00;3,26E-05;0;0;0;0;0;0,242;0,242;0,31737592;0,20959435;0,0001;0;0,0001
2017-06-18 05:00:00+00:00;7,60E-05;0;3,94E-06;0;0;0;0,231;0,231;0,3640505;0,20586974;0,0001;0;0,0001
2017-06-18 06:00:00+00:00;0,00034065;0;2,93E-05;0;0;0;0,216;0,216;0,40112515;0,20383813;0,0001;0;0,0001
2017-06-18 07:00:00+00:00;0,0004413;0;6,95E-05;0;0;0;0,197;0,197;0,43608528;0,25259675;0,0001;0;0,0001
2017-06-18 08:00:00+00:00;0,00036871;0;0,00011873;0;0;0,129842966;0,405;0,405;0,46800049;0,25225815;0,0001;0,129842966;0,0001
2017-06-18 09:00:00+00:00;0,00011271;0;0,00017168;0;0;0,35270182;0,389;0,389;0,48710169;0,24751773;0,0001;0,35270182;0,0001
2017-06-18 10:00:00+00:00;7,55E-05;0;0,00022687;0;0;0,54742171;0,271;0,271;0,45455212;0,22483142;0,0001;0,54742171;0,0001
2017-06-18 11:00:00+00:00;7,35E-05;0;0,00028515;0;0;0,681184122;0,174;0,174;0,42084661;0,20586974;0,0001;0,681184122;0,0001
2017-06-18 12:00:00+00:00;7,46E-05;0;0,00034322;0;0;0,760322938;0,112;0,112;0,35281533;0,20756274;0,0001;0,760322938;0,0001
2017-06-18 13:00:00+00:00;7,62E-05;0;0,00037605;0;0;0,781869318;0,074;0,074;0,36420557;0,19164847;0,0001;0,781869318;0,0001
2017-06-18 14:00:00+00:00;7,71E-05;0;0,00037475;0;0;0,752341089;0,052;0,052;0,37954291;0,22483142;0,0001;0,752341089;0,0001
2017-06-18 15:00:00+00:00;8,06E-05;0;0,00036987;0;0;0,667177607;0,039;0,039;0,42069155;0,2424387;0,0001;0,667177607;0,0001
2017-06-18 16:00:00+00:00;7,90E-05;0;0,00034147;0;0;0,530649308;0,031;0,031;0,42723247;0,4601595;0,0001;0,530649308;0,0001
2017-06-18 17:00:00+00:00;0,00010555;0;0,00028715;0;0;0,353726408;0,037;0,037;0,52070852;0,7466164;0,0001;0,353726408;0,0001
2017-06-18 18:00:00+00:00;0,00039883;0;0,00023497;0;0;0,140640217;0,05;0,05;0,64667775;0,89187646;0,0001;0,140640217;0,0001
2017-06-18 19:00:00+00:00;0,00042276;0;0,00018082;0;0;0;0,052;0,052;0,63074833;0,88984485;0,0001;0;0,0001
2017-06-18 20:00:00+00:00;0,00010698;0;0,00012659;0;0;0;0,04;0,04;0,52155433;0,89153786;0,0001;0;0,0001
2017-06-18 21:00:00+00:00;5,35E-05;0;7,85E-05;0;0;0;0,02;0,02;0,44858916;0,8553075;0,0001;0;0,0001
2017-06-18 22:00:00+00:00;3,30E-05;0;3,73E-05;0;0;0;0,008;0,008;0,42242546;0,33453832;0,0001;0;0,0001
2017-06-18 23:00:00+00:00;7,38E-06;0;6,41E-06;0;0;0;0,016;0,016;0,3658267;0,17742721;0,0001;0;0,0001
2017-06-19 00:00:00+00:00;1,87E-06;0;0;0;0;0;0,069;0,069;0,31493717;0,18182903;0,0001;0;0,0001
2017-06-19 01:00:00+00:00;1,20E-05;0;0;0;0;0;0,173;0,173;0,36722229;0,19401868;0,0001;0;0,0001
2017-06-19 02:00:00+00:00;1,79E-05;0;0;0;0;0;0,186;0,186;0,34858629;0,18961686;0,0001;0;0,0001
2017-06-19 03:00:00+00:00;2,42E-05;0;0;0;0;0;0,159;0,159;0,38007859;0,19029407;0,0001;0;0,0001
2017-06-19 04:00:00+00:00;3,22E-05;0;0;0;0;0;0,161;0,161;0,34215813;0,20180652;0,0001;0;0,0001
2017-06-19 05:00:00+00:00;7,74E-05;0;4,08E-06;0;0;0;0,164;0,164;0,37312886;0,20553114;0,0001;0;0,0001
2017-06-19 06:00:00+00:00;0,00034116;0;3,05E-05;0;0;0;0,18;0,18;0,35481708;0,2187366;0,0001;0;0,0001
2017-06-19 07:00:00+00:00;0,00044505;0;7,11E-05;0;0;0;0,101;0,101;0,37052095;0,25327395;0,0001;0;0,0001
2017-06-19 08:00:00+00:00;0,00036386;0;0,00011899;0;0;0,140441309;0,236;0,236;0,4137982;0,25767577;0,0001;0,140441309;0,0001
2017-06-19 09:00:00+00:00;0,00011362;0;0,00017158;0;0;0,370955401;0,169;0,169;0,39614897;0,24887213;0,0001;0,370955401;0,0001
2017-06-19 10:00:00+00:00;7,61E-05;0;0,00022679;0;0;0,568157987;0,054;0,054;0,39200451;0,22347702;0,0001;0,568157987;0,0001
2017-06-19 11:00:00+00:00;7,71E-05;0;0,00028499;0;0;0,705951055;0,011;0,011;0,4017877;0,20790135;0,0001;0,705951055;0,0001
2017-06-19 12:00:00+00:00;7,56E-05;0;0,00034389;0;0;0,784554032;0,001;0,001;0,33329123;0,21061016;0,0001;0,784554032;0,0001
2017-06-19 13:00:00+00:00;7,31E-05;0;0,00037623;0;0;0,804304898;0;0;0,3400859;0,22787884;0,0001;0,804304898;0,0001
2017-06-19 14:00:00+00:00;7,48E-05;0;0,00037527;0;0;0,771558622;0;0;0,38553406;0,24311591;0,0001;0,771558622;0,0001
2017-06-19 15:00:00+00:00;7,96E-05;0;0,00036954;0;0;0,684187679;0;0;0,38798691;0,2421001;0,0001;0,684187679;0,0001
2017-06-19 16:00:00+00:00;8,10E-05;0;0,00034046;0;0;0,542250118;0;0;0,41674444;0,46591572;0,0001;0,542250118;0,0001
2017-06-19 17:00:00+00:00;0,00010712;0;0,0002869;0;0;0,353630712;0,002;0,002;0,50253771;0,7472936;0,0001;0,353630712;0,0001
2017-06-19 18:00:00+00:00;0,00040548;0;0,0002334;0;0;0,140923334;0,014;0,014;0,54601232;0,88645884;0,0001;0,140923334;0,0001
2017-06-19 19:00:00+00:00;0,00042015;0;0,00017861;0;0;0;0,029;0,029;0,53600357;0,88612024;0,0001;0;0,0001
2017-06-19 20:00:00+00:00;0,00010691;0;0,00012687;0;0;0;0,033;0,033;0,52149794;0,8556461;0,0001;0;0,0001
2017-06-19 21:00:00+00:00;5,37E-05;0;7,87E-05;0;0;0;0,036;0,036;0,44368347;0,8556461;0,0001;0;0,0001
2017-06-19 22:00:00+00:00;3,35E-05;0;3,65E-05;0;0;0;0,042;0,042;0,36302144;0,32742769;0,0001;0;0,0001
2017-06-19 23:00:00+00:00;7,16E-06;0;6,26E-06;0;0;0;0,05;0,05;0,36436063;0,18487644;0,0001;0;0,0001
2017-06-20 00:00:00+00:00;1,61E-06;0;0;0;0;0;0,06;0,06;0,30126325;0,18352204;0,0001;0;0,0001
2017-06-20 01:00:00+00:00;1,21E-05;0;0;0;0;0;0,087;0,087;0,30292667;0,18013602;0,0001;0;0,0001
2017-06-20 02:00:00+00:00;1,84E-05;0;0;0;0;0;0,136;0,136;0,31605081;0,18047462;0,0001;0;0,0001
2017-06-20 03:00:00+00:00;2,42E-05;0;0;0;0;0;0,153;0,153;0,32280319;0,21399617;0,0001;0;0,0001
2017-06-20 04:00:00+00:00;3,30E-05;0;0;0;0;0;0,14;0,14;0,36458618;0,21264177;0,0001;0;0,0001
2017-06-20 05:00:00+00:00;7,78E-05;0;4,38E-06;0;0;0;0,142;0,142;0,40737005;0,2187366;0,0001;0;0,0001
2017-06-20 06:00:00+00:00;0,00034044;0;3,04E-05;0;0;0;0,131;0,131;0,32890712;0,22483142;0,0001;0;0,0001
2017-06-20 07:00:00+00:00;0,00044638;0;7,13E-05;0;0;0;0,055;0,055;0,3485158;0,25056514;0,0001;0;0,0001
2017-06-20 08:00:00+00:00;0,00036894;0;0,00011905;0;0;0,139702078;0,074;0,074;0,367617;0,24954934;0,0001;0,139702078;0,0001
2017-06-20 09:00:00+00:00;0,00011305;0;0,00017234;0;0;0,364817471;0,14;0,14;0,38809969;0,25158095;0,0001;0,364817471;0,0001
2017-06-20 10:00:00+00:00;7,55E-05;0;0,00022901;0;0;0,559620734;0,048;0,048;0,36617912;0,22313842;0,0001;0,559620734;0,0001
2017-06-20 11:00:00+00:00;7,61E-05;0;0,00028512;0;0;0,695358252;0,01;0,01;0,33718196;0,20823995;0,0001;0,695358252;0,0001
2017-06-20 12:00:00+00:00;7,47E-05;0;0,00034361;0;0;0,774012389;0,002;0,002;0,33293881;0,20857855;0,0001;0,774012389;0,0001
2017-06-20 13:00:00+00:00;7,42E-05;0;0,00037487;0;0;0,787661483;0,001;0,001;0,33151503;0,19638889;0,0001;0,787661483;0,0001
2017-06-20 14:00:00+00:00;7,41E-05;0;0,00037379;0;0;0,755819177;0,002;0,002;0,36114656;0,19368008;0,0001;0,755819177;0,0001
2017-06-20 15:00:00+00:00;7,97E-05;0;0,00036967;0;0;0,674228538;0,003;0,003;0,3707324;0,40462884;0,0001;0,674228538;0,0001
2017-06-20 16:00:00+00:00;8,01E-05;0;0,00034167;0;0;0,515830402;0,003;0,003;0,43008003;0,40835346;0,0001;0,515830402;0,0001
2017-06-20 17:00:00+00:00;0,00010867;0;0,00028673;0;0;0,328732365;0,002;0,002;0,4937272;0,7239301;0,0001;0,328732365;0,0001
2017-06-20 18:00:00+00:00;0,00040884;0;0,00023451;0;0;0,126642948;0,008;0,008;0,56267477;0,85869351;0,0001;0,126642948;0,0001
2017-06-20 19:00:00+00:00;0,00042009;0;0,00018067;0;0;0;0,026;0,026;0,55534442;0,88205702;0,0001;0;0,0001
2017-06-20 20:00:00+00:00;0,00010756;0;0,00012521;0;0;0;0,041;0,041;0,52192085;0,85361449;0,0001;0;0,0001
2017-06-20 21:00:00+00:00;5,37E-05;0;7,81E-05;0;0;0;0,035;0,035;0,44118833;0,83939322;0,0001;0;0,0001
2017-06-20 22:00:00+00:00;3,28E-05;0;3,69E-05;0;0;0;0,018;0,018;0,35677654;0,33149091;0,0001;0;0,0001
2017-06-20 23:00:00+00:00;6,63E-06;0;5,95E-06;0;0;0;0,004;0,004;0,33691412;0,18521504;0,0001;0;0,0001
2017-06-21 00:00:00+00:00;1,83E-06;0;0;0;0;0;0;0;0,27677706;0,18521504;0,0001;0;0,0001
2017-06-21 01:00:00+00:00;1,20E-05;0;0;0;0;0;0;0;0,27384492;0,18623085;0,0001;0;0,0001
2017-06-21 02:00:00+00:00;1,74E-05;0;0;0;0;0;0,002;0,002;0,35836948;0,18081322;0,0001;0;0,0001
2017-06-21 03:00:00+00:00;2,36E-05;0;0;0;0;0;0,016;0,016;0,33850706;0,17979742;0,0001;0;0,0001
2017-06-21 04:00:00+00:00;3,28E-05;0;0;0;0;0;0,04;0,04;0,34768409;0,20654694;0,0001;0;0,0001
2017-06-21 05:00:00+00:00;7,85E-05;0;4,16E-06;0;0;0;0,049;0,049;0,36292276;0,22144541;0,0001;0;0,0001
2017-06-21 06:00:00+00:00;0,00034034;0;3,07E-05;0;0;0;0,037;0,037;0,30074166;0,2190752;0,0001;0;0,0001
2017-06-21 07:00:00+00:00;0,00044909;0;7,17E-05;0;0;0;0,009;0,009;0,34864267;0,25564416;0,0001;0;0,0001
2017-06-21 08:00:00+00:00;0,00037119;0;0,00012059;0;0;0,128995868;0;0;0,36963285;0,24887213;0,0001;0,128995868;0,0001
2017-06-21 09:00:00+00:00;0,00011307;0;0,00017353;0;0;0,350857385;0,001;0,001;0,38606975;0,25598277;0,0001;0,350857385;0,0001
2017-06-21 10:00:00+00:00;7,38E-05;0;0,00022842;0;0;0,552345025;0,016;0,016;0,42833203;0,22449282;0,0001;0,552345025;0,0001
2017-06-21 11:00:00+00:00;7,44E-05;0;0,00028558;0;0;0,689860368;0,038;0,038;0,43550731;0,20925575;0,0001;0,689860368;0,0001
2017-06-21 12:00:00+00:00;7,46E-05;0;0,00034332;0;0;0,761783381;0,046;0,046;0,37060553;0,21298037;0,0001;0,761783381;0,0001
2017-06-21 13:00:00+00:00;7,62E-05;0;0,00037447;0;0;0,791878279;0,041;0,041;0,38012088;0,24548612;0,0001;0,791878279;0,0001
2017-06-21 14:00:00+00:00;7,54E-05;0;0,00037374;0;0;0,759384045;0,031;0,031;0,3907217;0,22923324;0,0001;0,759384045;0,0001
2017-06-21 15:00:00+00:00;7,68E-05;0;0,00036884;0;0;0,672350371;0,024;0,024;0,37593413;0,43713459;0,0001;0,672350371;0,0001
2017-06-21 16:00:00+00:00;8,23E-05;0;0,00034156;0;0;0,530780787;0,021;0,021;0,3822777;0,440182;0,0001;0,530780787;0,0001
2017-06-21 17:00:00+00:00;0,00011111;0;0,00028695;0;0;0,333520532;0,022;0,022;0,37600461;0,75372703;0,0001;0,333520532;0,0001
2017-06-21 18:00:00+00:00;0,00040695;0;0,00023258;0;0;0,125174463;0,049;0,049;0,58032399;0,88273422;0,0001;0,125174463;0,0001
2017-06-21 19:00:00+00:00;0,00042252;0;0,00017959;0;0;0;0,084;0,084;0,59329307;0,88036401;0,0001;0;0,0001
2017-06-21 20:00:00+00:00;0,00010785;0;0,00012622;0;0;0;0,09;0,09;0,54379912;0,85226008;0,0001;0;0,0001
2017-06-21 21:00:00+00:00;5,41E-05;0;7,90E-05;0;0;0;0,062;0,062;0,51597199;0,8566619;0,0001;0;0,0001
2017-06-21 22:00:00+00:00;3,30E-05;0;3,66E-05;0;0;0;0,037;0,037;0,4506473;0,3301365;0,0001;0;0,0001
2017-06-21 23:00:00+00:00;6,70E-06;0;6,29E-06;0;0;0;0,022;0,022;0,40398681;0,18115182;0,0001;0;0,0001
2017-06-22 00:00:00+00:00;4,00E-08;0;0;0;0;0;0,01;0,01;0,34176342;0,18352204;0,0001;0;0,0001
2017-06-22 01:00:00+00:00;8,76E-06;0;0;0;0;0;0,004;0,004;0,32090012;0,18216763;0,0001;0;0,0001
2017-06-22 02:00:00+00:00;1,42E-05;0;0;0;0;0;0,004;0,004;0,30275751;0,18047462;0,0001;0;0,0001
2017-06-22 03:00:00+00:00;1,95E-05;0;0;0;0;0;0,012;0,012;0,2996844;0,22178401;0,0001;0;0,0001
2017-06-22 04:00:00+00:00;2,78E-05;0;0;0;0;0;0,028;0,028;0,31025702;0,22347702;0,0001;0;0,0001
2017-06-22 05:00:00+00:00;7,09E-05;0;3,94E-06;0;0;0;0,042;0,042;0,3401141;0,22313842;0,0001;0;0,0001
2017-06-22 06:00:00+00:00;0,00033552;0;2,98E-05;0;0;0;0,049;0,049;0,29600513;0,21670499;0,0001;0;0,0001
2017-06-22 07:00:00+00:00;0,00042294;0;7,04E-05;0;0;0;0,028;0,028;0,35509902;0,25564416;0,0001;0;0,0001
2017-06-22 08:00:00+00:00;0,00034386;0;0,00011913;0;0;0,132560579;0,003;0,003;0,40097009;0,25327395;0,0001;0,132560579;0,0001
2017-06-22 09:00:00+00:00;8,44E-05;0;0,00017175;0;0;0,347582953;0,001;0,001;0,41962019;0,25428976;0,0001;0,347582953;0,0001
2017-06-22 10:00:00+00:00;4,26E-05;0;0,00022743;0;0;0,540302138;0,001;0,001;0,41728011;0,22313842;0,0001;0,540302138;0,0001
2017-06-22 11:00:00+00:00;4,23E-05;0;0,00028521;0;0;0,680235349;0,01;0,01;0,39490845;0,22178401;0,0001;0,680235349;0,0001
2017-06-22 12:00:00+00:00;4,30E-05;0;0,00034511;0;0;0,759988616;0,018;0,018;0,36385315;0,21535058;0,0001;0,759988616;0,0001
2017-06-22 13:00:00+00:00;4,19E-05;0;0,00037605;0;0;0,778711031;0,021;0,021;0,37546893;0,23058765;0,0001;0,778711031;0,0001
2017-06-22 14:00:00+00:00;4,24E-05;0;0,00037367;0;0;0,744093353;0,02;0,02;0,37291741;0,24988794;0,0001;0,744093353;0,0001
2017-06-22 15:00:00+00:00;4,69E-05;0;0,00036948;0;0;0,660374916;0,017;0,017;0,39917979;0,23228066;0,0001;0,660374916;0,0001
2017-06-22 16:00:00+00:00;5,57E-05;0;0,00034123;0;0;0,514507876;0,012;0,012;0,39607849;0,45169446;0,0001;0,514507876;0,0001
2017-06-22 17:00:00+00:00;9,06E-05;0;0,00028718;0;0;0,325970672;0,01;0,01;0,4750771;0,75745165;0,0001;0,325970672;0,0001
2017-06-22 18:00:00+00:00;0,00040209;0;0,00023316;0;0;0,121022973;0,029;0,029;0,6713049;0,89052206;0,0001;0,121022973;0,0001
2017-06-22 19:00:00+00:00;0,00042264;0;0,00018006;0;0;0;0,075;0,075;0,63765578;0,89289227;0,0001;0;0,0001
2017-06-22 20:00:00+00:00;0,0001023;0;0,00012638;0;0;0;0,124;0,124;0,53930223;0,86140232;0,0001;0;0,0001
2017-06-22 21:00:00+00:00;4,97E-05;0;7,80E-05;0;0;0;0,123;0,123;0,49915447;0,86038652;0,0001;0;0,0001
2017-06-22 22:00:00+00:00;2,95E-05;0;3,70E-05;0;0;0;0,128;0,128;0,43381569;0,33589273;0,0001;0;0,0001
2017-06-22 23:00:00+00:00;4,92E-06;0;6,29E-06;0;0;0;0,133;0,133;0,40174541;0,18182903;0,0001;0;0,0001
2017-06-23 00:00:00+00:00;1,90E-07;0;0;0;0;0;0,114;0,114;0,33138816;0,17810441;0,0001;0;0,0001
2017-06-23 01:00:00+00:00;8,97E-06;0;0;0;0;0;0,076;0,076;0,33981806;0,17370259;0,0001;0;0,0001
2017-06-23 02:00:00+00:00;1,41E-05;0;0;0;0;0;0,038;0,038;0,29503245;0,18013602;0,0001;0;0,0001
2017-06-23 03:00:00+00:00;1,95E-05;0;0;0;0;0;0,022;0,022;0,31851776;0,18995546;0,0001;0;0,0001
2017-06-23 04:00:00+00:00;2,78E-05;0;0;0;0;0;0,025;0,025;0,31978647;0,2197524;0,0001;0;0,0001
2017-06-23 05:00:00+00:00;7,07E-05;0;4,29E-06;0;0;0;0,049;0,049;0,36892801;0,21568918;0,0001;0;0,0001
2017-06-23 06:00:00+00:00;0,00033445;0;3,06E-05;0;0;0;0,078;0,078;0,35894745;0,2190752;0,0001;0;0,0001
2017-06-23 07:00:00+00:00;0,00043039;0;7,14E-05;0;0;0;0,045;0,045;0,40388813;0,25124234;0,0001;0;0,0001
2017-06-23 08:00:00+00:00;0,00034429;0;0,00011918;0;0;0,113305405;0,016;0,016;0,42559724;0,25259675;0,0001;0,113305405;0,0001
2017-06-23 09:00:00+00:00;8,42E-05;0;0,00017199;0;0;0,312969222;0,037;0,037;0,45359354;0,25293535;0,0001;0,312969222;0,0001
2017-06-23 10:00:00+00:00;4,24E-05;0;0,00022669;0;0;0,500702012;0,066;0,066;0,43495753;0,22449282;0,0001;0,500702012;0,0001
2017-06-23 11:00:00+00:00;4,23E-05;0;0,00028501;0;0;0,641894027;0,094;0,094;0,40013837;0,2207682;0,0001;0,641894027;0,0001
2017-06-23 12:00:00+00:00;4,29E-05;0;0,00034447;0;0;0,738362948;0,103;0,103;0,35106733;0,22144541;0,0001;0,738362948;0,0001
2017-06-23 13:00:00+00:00;4,18E-05;0;0,00037723;0;0;0,77598326;0,104;0,104;0,37830239;0,2417615;0,0001;0,77598326;0,0001
2017-06-23 14:00:00+00:00;4,24E-05;0;0,00037428;0;0;0,750885556;0,106;0,106;0,43246239;0,24514752;0,0001;0,750885556;0,0001
2017-06-23 15:00:00+00:00;4,69E-05;0;0,00036863;0;0;0,669613449;0,11;0,11;0,43525357;0,24514752;0,0001;0,669613449;0,0001
2017-06-23 16:00:00+00:00;5,57E-05;0;0,00034124;0;0;0,53173922;0,11;0,11;0,42752851;0,45135585;0,0001;0,53173922;0,0001
2017-06-23 17:00:00+00:00;9,01E-05;0;0,00028718;0;0;0,339812046;0,127;0,127;0,46808507;0,76490088;0,0001;0,339812046;0,0001
2017-06-23 18:00:00+00:00;0,00040507;0;0,00023216;0;0;0,128391902;0,222;0,222;0,68858761;0,88544303;0,0001;0,128391902;0,0001
2017-06-23 19:00:00+00:00;0,00042155;0;0,00018018;0;0;0;0,294;0,294;0,66348116;0,88781324;0,0001;0;0,0001
2017-06-23 20:00:00+00:00;0,00010238;0;0,0001266;0;0;0;0,286;0,286;0,52693932;0,89492388;0,0001;0;0,0001
2017-06-23 21:00:00+00:00;4,94E-05;0;7,95E-05;0;0;0;0,233;0,233;0,45068959;0,86207953;0,0001;0;0,0001
2017-06-23 22:00:00+00:00;2,94E-05;0;3,71E-05;0;0;0;0,178;0,178;0,43320953;0,33284531;0,0001;0;0,0001
2017-06-23 23:00:00+00:00;4,82E-06;0;6,18E-06;0;0;0;0,144;0,144;0,4000115;0,17912022;0,0001;0;0,0001
2017-06-24 00:00:00+00:00;1,95E-06;0;0;0;0;0;0,148;0,148;0,36441702;0,1764114;0,0001;0;0,0001
2017-06-24 01:00:00+00:00;1,21E-05;0;0;0;0;0;0,175;0,175;0,34642947;0,18047462;0,0001;0;0,0001
2017-06-24 02:00:00+00:00;1,77E-05;0;0;0;0;0;0,194;0,194;0,33646302;0,18927826;0,0001;0;0,0001
2017-06-24 03:00:00+00:00;2,41E-05;0;0;0;0;0;0,236;0,236;0,32670801;0,21298037;0,0001;0;0,0001
2017-06-24 04:00:00+00:00;3,24E-05;0;0;0;0;0;0,212;0,212;0,31293542;0,21602778;0,0001;0;0,0001
2017-06-24 05:00:00+00:00;7,88E-05;0;4,30E-06;0;0;0;0,174;0,174;0,33658989;0,21704359;0,0001;0;0,0001
2017-06-24 06:00:00+00:00;0,00034693;0;3,08E-05;0;0;0;0,125;0,125;0,33816873;0,21738219;0,0001;0;0,0001
2017-06-24 07:00:00+00:00;0,00044914;0;7,04E-05;0;0;0;0,029;0,029;0,37052095;0,25259675;0,0001;0;0,0001
2017-06-24 08:00:00+00:00;0,00037392;0;0,00011822;0;0;0,137448445;0,049;0,049;0,41117619;0,25395116;0,0001;0,137448445;0,0001
2017-06-24 09:00:00+00:00;0,00011406;0;0,000173;0;0;0,367563421;0,108;0,108;0,40541059;0,25056514;0,0001;0,367563421;0,0001
2017-06-24 10:00:00+00:00;7,15E-05;0;0,00022986;0;0;0,564676285;0,15;0,15;0,44739093;0,25835298;0,0001;0,564676285;0,0001
2017-06-24 11:00:00+00:00;7,42E-05;0;0,00028554;0;0;0,708042573;0,158;0,158;0,45177504;0,27088123;0,0001;0,708042573;0,0001
2017-06-24 12:00:00+00:00;7,65E-05;0;0,00034385;0;0;0,78616104;0,155;0,155;0,36578441;0,25903018;0,0001;0,78616104;0,0001
2017-06-24 13:00:00+00:00;7,27E-05;0;0,00037366;0;0;0,810715236;0,147;0,147;0,36523464;0,23092625;0,0001;0,810715236;0,0001
2017-06-24 14:00:00+00:00;7,63E-05;0;0,00037382;0;0;0,782823455;0,128;0,128;0,41164138;0,24650192;0,0001;0,782823455;0,0001
2017-06-24 15:00:00+00:00;7,80E-05;0;0,00036946;0;0;0,7034293;0,101;0,101;0,42277788;0,22754024;0,0001;0,7034293;0,0001
2017-06-24 16:00:00+00:00;8,41E-05;0;0,00034209;0;0;0,569194193;0,069;0,069;0,46265779;0,44221361;0,0001;0,569194193;0,0001
2017-06-24 17:00:00+00:00;0,00010962;0;0,00028687;0;0;0,374732482;0,061;0,061;0,50986806;0,75508144;0,0001;0,374732482;0,0001
2017-06-24 18:00:00+00:00;0,00041277;0;0,00023285;0;0;0,150780415;0,147;0,147;0,68097532;0,8793482;0,0001;0,150780415;0,0001
2017-06-24 19:00:00+00:00;0,00042879;0;0,00017873;0;0;0;0,297;0,297;0,6437879;0,88002541;0,0001;0;0,0001
2017-06-24 20:00:00+00:00;0,00010752;0;0,00012797;0;0;0;0,347;0,347;0,51931293;0,86106372;0,0001;0;0,0001
2017-06-24 21:00:00+00:00;5,39E-05;0;7,84E-05;0;0;0;0,335;0,335;0,457301;0,8559847;0,0001;0;0,0001
2017-06-24 22:00:00+00:00;3,32E-05;0;3,60E-05;0;0;0;0,29;0,29;0,42186158;0,3301365;0,0001;0;0,0001
2017-06-24 23:00:00+00:00;6,84E-06;0;6,07E-06;0;0;0;0,219;0,219;0,38705652;0,18893966;0,0001;0;0,0001
2017-06-25 00:00:00+00:00;1,74E-06;0;0;0;0;0;0,148;0,148;0,32418468;0,18521504;0,0001;0;0,0001
2017-06-25 01:00:00+00:00;1,22E-05;0;0;0;0;0;0,096;0,096;0,32018118;0,18250623;0,0001;0;0,0001
2017-06-25 02:00:00+00:00;1,88E-05;0;0;0;0;0;0,064;0,064;0,28041404;0,18961686;0,0001;0;0,0001
2017-06-25 03:00:00+00:00;2,44E-05;0;0;0;0;0;0,05;0,05;0,29938837;0,20925575;0,0001;0;0,0001
2017-06-25 04:00:00+00:00;3,32E-05;0;0;0;0;0;0,043;0,043;0,30481565;0,21162596;0,0001;0;0,0001
2017-06-25 05:00:00+00:00;7,91E-05;0;4,15E-06;0;0;0;0,045;0,045;0,33596963;0,21331897;0,0001;0;0,0001
2017-06-25 06:00:00+00:00;0,00034584;0;3,01E-05;0;0;0;0,047;0,047;0,37221257;0,21196457;0,0001;0;0,0001
2017-06-25 07:00:00+00:00;0,00045116;0;6,98E-05;0;0;0;0,025;0,025;0,35027791;0,25124234;0,0001;0;0,0001
2017-06-25 08:00:00+00:00;0,0003745;0;0,00011884;0;0;0,134166327;0,007;0,007;0,37398877;0,25191955;0,0001;0,134166327;0,0001
2017-06-25 09:00:00+00:00;0,00011408;0;0,00017217;0;0;0,359054067;0,068;0,068;0,38384245;0,25293535;0,0001;0,359054067;0,0001
2017-06-25 10:00:00+00:00;7,58E-05;0;0,00022802;0;0;0,562795371;0,12;0,12;0,41217706;0,25462836;0,0001;0,562795371;0,0001
2017-06-25 11:00:00+00:00;7,60E-05;0;0,00028518;0;0;0,700173191;0,144;0,144;0,41323433;0,25462836;0,0001;0,700173191;0,0001
2017-06-25 12:00:00+00:00;7,55E-05;0;0,00034526;0;0;0,77842591;0,164;0,164;0,38356051;0,26072319;0,0001;0,77842591;0,0001
2017-06-25 13:00:00+00:00;7,43E-05;0;0,00037492;0;0;0,793472166;0,178;0,178;0,44209053;0,25903018;0,0001;0,793472166;0,0001
2017-06-25 14:00:00+00:00;7,56E-05;0;0,0003738;0;0;0,757931688;0,18;0,18;0,46260141;0,24413171;0,0001;0,757931688;0,0001
2017-06-25 15:00:00+00:00;7,73E-05;0;0,00036852;0;0;0,668322531;0,169;0,169;0,47547181;0,22550863;0,0001;0,668322531;0,0001
2017-06-25 16:00:00+00:00;8,22E-05;0;0,00034064;0;0;0,541133441;0,143;0,143;0,42772586;0,44864704;0,0001;0,541133441;0,0001
2017-06-25 17:00:00+00:00;0,00010781;0;0,00028611;0;0;0,357388385;0,158;0,158;0,51132003;0,75982186;0,0001;0,357388385;0,0001
2017-06-25 18:00:00+00:00;0,00041737;0;0,00023428;0;0;0,143984323;0,277;0,277;0,71851517;0,88442723;0,0001;0,143984323;0,0001
2017-06-25 19:00:00+00:00;0,00042798;0;0,00017881;0;0;0;0,354;0,354;0,68827748;0,88205702;0,0001;0;0,0001
2017-06-25 20:00:00+00:00;0,0001063;0;0,0001284;0;0;0;0,35;0,35;0,57166854;0,85970932;0,0001;0;0,0001
2017-06-25 21:00:00+00:00;5,34E-05;0;7,94E-05;0;0;0;0,344;0,344;0,50109983;0,85259868;0,0001;0;0,0001
2017-06-25 22:00:00+00:00;3,32E-05;0;3,71E-05;0;0;0;0,329;0,329;0,42735934;0,56783479;0,0001;0;0,0001
2017-06-25 23:00:00+00:00;7,12E-06;0;6,25E-06;0;0;0;0,302;0,302;0,38113586;0,18724665;0,0001;0;0,0001
2017-06-26 00:00:00+00:00;1,69E-06;0;0;0;0;0;0,287;0,287;0,35914481;0,18758525;0,0001;0;0,0001
2017-06-26 01:00:00+00:00;1,18E-05;0;0;0;0;0;0,258;0,258;0,35321004;0,18149043;0,0001;0;0,0001
2017-06-26 02:00:00+00:00;1,77E-05;0;0;0;0;0;0,213;0,213;0,32236619;0,1967275;0,0001;0;0,0001
2017-06-26 03:00:00+00:00;2,40E-05;0;0;0;0;0;0,205;0,205;0,3316419;0,21670499;0,0001;0;0,0001
2017-06-26 04:00:00+00:00;3,30E-05;0;0;0;0;0;0,213;0,213;0,32198558;0,21839799;0,0001;0;0,0001
2017-06-26 05:00:00+00:00;7,94E-05;0;4,11E-06;0;0;0;0,198;0,198;0,36867426;0,21535058;0,0001;0;0,0001
2017-06-26 06:00:00+00:00;0,00034678;0;2,93E-05;0;0;0;0,158;0,158;0,34251055;0,21501198;0,0001;0;0,0001
2017-06-26 07:00:00+00:00;0,00045987;0;6,97E-05;0;0;0;0,065;0,065;0,33382691;0,25835298;0,0001;0;0,0001
2017-06-26 08:00:00+00:00;0,0003735;0;0,0001181;0;0;0,136159392;0,002;0,002;0,36692626;0,25462836;0,0001;0,136159392;0,0001
2017-06-26 09:00:00+00:00;0,00011291;0;0,00017175;0;0;0,360813408;0,034;0,034;0,40679208;0,25598277;0,0001;0,360813408;0,0001
2017-06-26 10:00:00+00:00;7,24E-05;0;0,00022712;0;0;0,560267077;0,245;0,245;0,42119903;0,25903018;0,0001;0,560267077;0,0001
2017-06-26 11:00:00+00:00;7,51E-05;0;0,00028467;0;0;0,699428756;0,256;0,256;0,34874135;0,27054263;0,0001;0,699428756;0,0001
2017-06-26 12:00:00+00:00;7,55E-05;0;0,00034488;0;0;0,779470499;0,21;0,21;0,33761896;0,26140039;0,0001;0,779470499;0,0001
2017-06-26 13:00:00+00:00;7,56E-05;0;0,00037631;0;0;0,801350643;0,191;0,191;0,36765929;0,25903018;0,0001;0,801350643;0,0001
2017-06-26 14:00:00+00:00;7,83E-05;0;0,00037534;0;0;0,773781185;0,194;0,194;0,38969263;0,24650192;0,0001;0,773781185;0,0001
2017-06-26 15:00:00+00:00;8,00E-05;0;0,00036885;0;0;0,696925997;0,208;0,208;0,39521858;0,30372558;0,0001;0,696925997;0,0001
2017-06-26 16:00:00+00:00;7,87E-05;0;0,00034168;0;0;0,558865183;0,21;0,21;0,40665111;0,44593823;0,0001;0,558865183;0,0001
2017-06-26 17:00:00+00:00;0,00010732;0;0,00028618;0;0;0,36495802;0,232;0,232;0,4173365;0,75338843;0,0001;0,36495802;0,0001
2017-06-26 18:00:00+00:00;0,00041152;0;0,00023397;0;0;0,144796464;0,321;0,321;0,60454234;0,88036401;0,0001;0,144796464;0,0001
2017-06-26 19:00:00+00:00;0,00043191;0;0,00018018;0;0;0;0,303;0,303;0,59528072;0,88341142;0,0001;0;0,0001
2017-06-26 20:00:00+00:00;0,00010805;0;0,00012561;0;0;0;0,234;0,234;0,57520684;0,88036401;0,0001;0;0,0001
2017-06-26 21:00:00+00:00;5,41E-05;0;7,83E-05;0;0;0;0,183;0,183;0,49286729;0,85090568;0,0001;0;0,0001
2017-06-26 22:00:00+00:00;3,32E-05;0;3,69E-05;0;0;0;0,153;0,153;0,42308801;0,33656993;0,0001;0;0,0001
2017-06-26 23:00:00+00:00;7,22E-06;0;6,25E-06;0;0;0;0,137;0,137;0,37551122;0,18521504;0,0001;0;0,0001
2017-06-27 00:00:00+00:00;1,61E-06;0;0;0;0;0;0,139;0,139;0,32528423;0,18555364;0,0001;0;0,0001
2017-06-27 01:00:00+00:00;1,19E-05;0;0;0;0;0;0,133;0,133;0,31249841;0,18792386;0,0001;0;0,0001
2017-06-27 02:00:00+00:00;1,85E-05;0;0;0;0;0;0,103;0,103;0,34700744;0,18792386;0,0001;0;0,0001
2017-06-27 03:00:00+00:00;2,36E-05;0;0;0;0;0;0,051;0,051;0,33977577;0,21365757;0,0001;0;0,0001
2017-06-27 04:00:00+00:00;3,27E-05;0;0;0;0;0;0,007;0,007;0,35487347;0,21670499;0,0001;0;0,0001
2017-06-27 05:00:00+00:00;7,94E-05;0;3,88E-06;0;0;0;0;0;0,36025846;0,21805939;0,0001;0;0,0001
2017-06-27 06:00:00+00:00;0,0003515;0;2,98E-05;0;0;0;0;0;0,37408744;0,21501198;0,0001;0;0,0001
2017-06-27 07:00:00+00:00;0,00045754;0;7,06E-05;0;0;0;0,005;0,005;0,3356454;0,25598277;0,0001;0;0,0001
2017-06-27 08:00:00+00:00;0,00037469;0;0,00011882;0;0;0,119549499;0;0;0,34693696;0,25361255;0,0001;0,119549499;0,0001
2017-06-27 09:00:00+00:00;0,00011544;0;0,00017214;0;0;0,33190661;0,001;0,001;0,37255089;0,24853353;0,0001;0,33190661;0,0001
2017-06-27 10:00:00+00:00;7,45E-05;0;0,00022818;0;0;0,517167431;0,004;0,004;0,35961;0,22652443;0,0001;0,517167431;0,0001
2017-06-27 11:00:00+00:00;7,60E-05;0;0,00028552;0;0;0,659919062;0,007;0,007;0,34413169;0,20688554;0,0001;0,659919062;0,0001
2017-06-27 12:00:00+00:00;7,70E-05;0;0,00034488;0;0;0,733920347;0,005;0,005;0,33805596;0,20214512;0,0001;0,733920347;0,0001
2017-06-27 13:00:00+00:00;7,46E-05;0;0,0003772;0;0;0,753058795;0,003;0,003;0,33860574;0,19943631;0,0001;0,753058795;0,0001
2017-06-27 14:00:00+00:00;7,41E-05;0;0,00037483;0;0;0,721944978;0,001;0,001;0,39172257;0,19909771;0,0001;0,721944978;0,0001
2017-06-27 15:00:00+00:00;7,60E-05;0;0,00036968;0;0;0,648411227;0,001;0,001;0,40555156;0,18995546;0,0001;0,648411227;0,0001
2017-06-27 16:00:00+00:00;7,95E-05;0;0,00034115;0;0;0,524898773;0,002;0,002;0,39785469;0,3958252;0,0001;0,524898773;0,0001
2017-06-27 17:00:00+00:00;0,00010958;0;0,00028659;0;0;0,332311461;0,029;0,029;0,43903151;0,7252845;0,0001;0,332311461;0,0001
2017-06-27 18:00:00+00:00;0,0004157;0;0,00023349;0;0;0,13076069;0,128;0,128;0,619781;0,85395309;0,0001;0,13076069;0,0001
2017-06-27 19:00:00+00:00;0,00043008;0;0,00017947;0;0;0;0,266;0,266;0,61455108;0,88916765;0,0001;0;0,0001
2017-06-27 20:00:00+00:00;0,0001083;0;0,00012709;0;0;0;0,362;0,362;0,57857598;0,88137981;0,0001;0;0,0001
2017-06-27 21:00:00+00:00;5,38E-05;0;7,83E-05;0;0;0;0,439;0,439;0,50717557;0,84514945;0,0001;0;0,0001
2017-06-27 22:00:00+00:00;3,28E-05;0;3,69E-05;0;0;0;0,535;0,535;0,4062564;0,57562262;0,0001;0;0,0001
2017-06-27 23:00:00+00:00;6,88E-06;0;6,24E-06;0;0;0;0,593;0,593;0,40398681;0,18284483;0,0001;0;0,0001
2017-06-28 00:00:00+00:00;1,51E-06;0;0;0;0;0;0,669;0,669;0,32604546;0,18318343;0,0001;0;0,0001
2017-06-28 01:00:00+00:00;1,16E-05;0;0;0;0;0;0,681;0,681;0,28585542;0,18284483;0,0001;0;0,0001
2017-06-28 02:00:00+00:00;1,77E-05;0;0;0;0;0;0,748;0,748;0,25857806;0,18386064;0,0001;0;0,0001
2017-06-28 03:00:00+00:00;2,36E-05;0;0;0;0;0;0,77;0,77;0,25378514;0,20282232;0,0001;0;0,0001
2017-06-28 04:00:00+00:00;3,31E-05;0;0;0;0;0;0,731;0,731;0,26675422;0,20553114;0,0001;0;0,0001
2017-06-28 05:00:00+00:00;7,72E-05;0;4,19E-06;0;0;0;0,705;0,705;0,32157677;0,20756274;0,0001;0;0,0001
2017-06-28 06:00:00+00:00;0,00035172;0;3,04E-05;0;0;0;0,681;0,681;0,34775457;0,21738219;0,0001;0;0,0001
2017-06-28 07:00:00+00:00;0,00045669;0;7,09E-05;0;0;0;0,731;0,731;0,30653546;0,25496696;0,0001;0;0,0001
2017-06-28 08:00:00+00:00;0,0003778;0;0,00011881;0;0;0,12773834;0,791;0,791;0,36061088;0,24616332;0,0001;0,12773834;0,0001
2017-06-28 09:00:00+00:00;0,00011388;0;0,0001717;0;0;0,346953478;0,807;0,807;0,34738806;0,25225815;0,0001;0,346953478;0,0001
2017-06-28 10:00:00+00:00;7,46E-05;0;0,00022704;0;0;0,548585838;0,799;0,799;0,40064586;0,25158095;0,0001;0,548585838;0,0001
2017-06-28 11:00:00+00:00;7,76E-05;0;0,00028416;0;0;0,691220387;0,784;0,784;0,38195347;0,18927826;0,0001;0,691220387;0,0001
2017-06-28 12:00:00+00:00;7,60E-05;0;0,00034305;0;0;0,772889839;0,763;0,763;0,36639058;0,18081322;0,0001;0,772889839;0,0001
2017-06-28 13:00:00+00:00;7,37E-05;0;0,0003738;0;0;0,796898627;0,734;0,734;0,43832667;0,18047462;0,0001;0,796898627;0,0001
2017-06-28 14:00:00+00:00;7,27E-05;0;0,00037346;0;0;0,759962516;0,719;0,719;0,47368151;0,20790135;0,0001;0,759962516;0,0001
2017-06-28 15:00:00+00:00;7,74E-05;0;0,00037001;0;0;0,682558569;0,724;0,724;0,49274042;0,25564416;0,0001;0,682558569;0,0001
2017-06-28 16:00:00+00:00;8,35E-05;0;0,00034251;0;0;0,543711457;0,733;0,733;0,49006202;0,47471936;0,0001;0,543711457;0,0001
2017-06-28 17:00:00+00:00;0,00011006;0;0,00028858;0;0;0,359567596;0,69;0,69;0,51760722;0,7459392;0,0001;0,359567596;0,0001
2017-06-28 18:00:00+00:00;0,00041993;0;0,00023493;0;0;0,146846193;0,611;0,611;0,7187971;0,88645884;0,0001;0,146846193;0,0001
2017-06-28 19:00:00+00:00;0,00043398;0;0,00017995;0;0;0;0,587;0,587;0,6970598;0,88612024;0,0001;0;0,0001
2017-06-28 20:00:00+00:00;0,00010721;0;0,00012701;0;0;0;0,558;0,558;0,5945054;0,88882905;0,0001;0;0,0001
2017-06-28 21:00:00+00:00;5,38E-05;0;7,70E-05;0;0;0;0,554;0,554;0,50762666;0,8556461;0,0001;0;0,0001
2017-06-28 22:00:00+00:00;3,36E-05;0;3,66E-05;0;0;0;0,578;0,578;0,43270204;0,57596122;0,0001;0;0,0001
2017-06-28 23:00:00+00:00;7,31E-06;0;6,28E-06;0;0;0;0,655;0,655;0,41826689;0,21602778;0,0001;0;0,0001
2017-06-29 00:00:00+00:00;1,50E-07;0;0;0;0;0;0,733;0,733;0,37030949;0,18182903;0,0001;0;0,0001
2017-06-29 01:00:00+00:00;8,68E-06;0;0;0;0;0;0,775;0,775;0,37974027;0,18149043;0,0001;0;0,0001
2017-06-29 02:00:00+00:00;1,41E-05;0;0;0;0;0;0,787;0,787;0,34800832;0,18250623;0,0001;0;0,0001
2017-06-29 03:00:00+00:00;1,94E-05;0;0;0;0;0;0,781;0,781;0,33248771;0,18047462;0,0001;0;0,0001
2017-06-29 04:00:00+00:00;2,78E-05;0;0;0;0;0;0,761;0,761;0,36309192;0,20451533;0,0001;0;0,0001
2017-06-29 05:00:00+00:00;7,17E-05;0;3,97E-06;0;0;0;0,769;0,769;0,42119903;0,21128736;0,0001;0;0,0001
2017-06-29 06:00:00+00:00;0,00034445;0;2,99E-05;0;0;0;0,759;0,759;0,44124472;0,21704359;0,0001;0;0,0001
2017-06-29 07:00:00+00:00;0,0004452;0;7,05E-05;0;0;0;0,75;0,75;0,45177504;0,25462836;0,0001;0;0,0001
2017-06-29 08:00:00+00:00;0,00035396;0;0,00011967;0;0;0,13892101;0,799;0,799;0,49226113;0,25259675;0,0001;0,13892101;0,0001
2017-06-29 09:00:00+00:00;8,51E-05;0;0,00017184;0;0;0,367748309;0,799;0,799;0,48376074;0,25530556;0,0001;0,367748309;0,0001
2017-06-29 10:00:00+00:00;4,23E-05;0;0,00022747;0;0;0,571738828;0,772;0,772;0,47135553;0,25496696;0,0001;0,571738828;0,0001
2017-06-29 11:00:00+00:00;4,23E-05;0;0,000285;0;0;0,71331053;0,722;0,722;0,4675071;0,2207682;0,0001;0,71331053;0,0001
2017-06-29 12:00:00+00:00;4,30E-05;0;0,00034531;0;0;0,796615645;0,665;0,665;0,4404553;0,18589225;0,0001;0,796615645;0,0001
2017-06-29 13:00:00+00:00;4,18E-05;0;0,00037614;0;0;0,821381731;0,607;0,607;0,51165836;0,20891715;0,0001;0,821381731;0,0001
2017-06-29 14:00:00+00:00;4,25E-05;0;0,00037439;0;0;0,791137421;0,555;0,555;0,5101359;0,22787884;0,0001;0,791137421;0,0001
2017-06-29 15:00:00+00:00;4,69E-05;0;0,00036848;0;0;0,709623175;0,534;0,534;0,5172548;0,23058765;0,0001;0,709623175;0,0001
2017-06-29 16:00:00+00:00;5,59E-05;0;0,00034164;0;0;0,572710322;0,52;0,52;0,45927456;0,4618525;0,0001;0,572710322;0,0001
2017-06-29 17:00:00+00:00;9,05E-05;0;0,00028756;0;0;0,377360867;0,442;0,442;0,48455016;0,74560059;0,0001;0,377360867;0,0001
2017-06-29 18:00:00+00:00;0,00040727;0;0,0002335;0;0;0,155106856;0,428;0,428;0,67157274;0,88916765;0,0001;0,155106856;0,0001
2017-06-29 19:00:00+00:00;0,00042274;0;0,00017888;0;0;0;0,412;0,412;0,70013291;0,88104121;0,0001;0;0,0001
2017-06-29 20:00:00+00:00;0,00010273;0;0,00012629;0;0;0;0,417;0,417;0,61391672;0,88747464;0,0001;0;0,0001
2017-06-29 21:00:00+00:00;4,96E-05;0;7,83E-05;0;0;0;0,345;0,345;0,50087429;0,8559847;0,0001;0;0,0001
2017-06-29 22:00:00+00:00;2,95E-05;0;3,77E-05;0;0;0;0,298;0,298;0,41453123;0,5715594;0,0001;0;0,0001
2017-06-29 23:00:00+00:00;4,94E-06;0;6,31E-06;0;0;0;0,275;0,275;0,41295239;0,20722414;0,0001;0;0,0001
2017-06-30 00:00:00+00:00;9,00E-08;0;0;0;0;0;0,316;0,316;0,34971403;0,18521504;0,0001;0;0,0001
2017-06-30 01:00:00+00:00;8,81E-06;0;0;0;0;0;0,299;0,299;0,30158747;0,18047462;0,0001;0;0,0001
2017-06-30 02:00:00+00:00;1,41E-05;0;0;0;0;0;0,286;0,286;0,31462703;0,18115182;0,0001;0;0,0001
2017-06-30 03:00:00+00:00;1,94E-05;0;0;0;0;0;0,269;0,269;0,29369325;0,18893966;0,0001;0;0,0001
2017-06-30 04:00:00+00:00;2,77E-05;0;0;0;0;0;0,26;0,26;0,31795389;0,21602778;0,0001;0;0,0001
2017-06-30 05:00:00+00:00;7,29E-05;0;4,18E-06;0;0;0;0,26;0,26;0,37532796;0,21772079;0,0001;0;0,0001
2017-06-30 06:00:00+00:00;0,00034;0;2,99E-05;0;0;0;0,263;0,263;0,40466346;0,220091;0,0001;0;0,0001
2017-06-30 07:00:00+00:00;0,00044599;0;7,01E-05;0;0;0;0,201;0,201;0,45659616;0,22483142;0,0001;0;0,0001
2017-06-30 08:00:00+00:00;0,00035364;0;0,00011833;0;0;0,134313253;0,561;0,561;0,48333784;0,25395116;0,0001;0,134313253;0,0001
2017-06-30 09:00:00+00:00;8,55E-05;0;0,00017207;0;0;0,365200498;0,602;0,602;0,51979222;0,25191955;0,0001;0,365200498;0,0001
2017-06-30 10:00:00+00:00;4,24E-05;0;0,00022795;0;0;0,570731594;0,522;0,522;0,45964107;0,2207682;0,0001;0,570731594;0,0001
2017-06-30 11:00:00+00:00;4,25E-05;0;0,00028662;0;0;0,711178781;0,428;0,428;0,38901598;0,2197524;0,0001;0,711178781;0,0001
2017-06-30 12:00:00+00:00;4,30E-05;0;0,00034443;0;0;0,799498299;0,347;0,347;0,37576497;0,18081322;0,0001;0,799498299;0,0001
2017-06-30 13:00:00+00:00;4,18E-05;0;0,00037575;0;0;0,822432345;0,289;0,289;0,4186616;0,21331897;0,0001;0,822432345;0,0001
2017-06-30 14:00:00+00:00;4,24E-05;0;0,00037494;0;0;0,792543009;0,247;0,247;0,44073723;0,23634388;0,0001;0,792543009;0,0001
2017-06-30 15:00:00+00:00;4,68E-05;0;0,00036904;0;0;0,712379215;0,217;0,217;0,47081986;0,23194206;0,0001;0,712379215;0,0001
2017-06-30 16:00:00+00:00;5,59E-05;0;0,00033988;0;0;0,576120634;0,19;0,19;0,48817305;0,47607377;0,0001;0,576120634;0,0001
2017-06-30 17:00:00+00:00;9,00E-05;0;0,00028473;0;0;0,382710697;0,191;0,191;0,52605122;0,74898661;0,0001;0,382710697;0,0001
2017-06-30 18:00:00+00:00;0,00040692;0;0,00023219;0;0;0,156253242;0,251;0,251;0,69783512;0,88916765;0,0001;0,156253242;0,0001
2017-06-30 19:00:00+00:00;0,00042955;0;0,00018026;0;0;0;0,296;0,296;0,70974694;0,88984485;0,0001;0;0,0001
2017-06-30 20:00:00+00:00;0,00010328;0;0,00012699;0;0;0;0,32;0,32;0,58686492;0,89492388;0,0001;0;0,0001
2017-06-30 21:00:00+00:00;4,98E-05;0;7,84E-05;0;0;0;0,334;0,334;0,49887254;0,84447224;0,0001;0;0,0001
2017-06-30 22:00:00+00:00;2,97E-05;0;3,70E-05;0;0;0;0,371;0,371;0,40042031;0,5715594;0,0001;0;0,0001
2017-06-30 23:00:00+00:00;5,06E-06;0;6,41E-06;0;0;0;0,365;0,365;0,42435672;0,20688554;0,0001;0;0,0001
2017-07-01 00:00:00+00:00;1,88E-06;0;0;0;0;0;0,341;0,341;0,63114304;0,18047462;0,0001;0;0,0001
2017-07-01 01:00:00+00:00;1,17E-05;0;0;0;0;0;0,307;0,307;0,61717309;0,1760728;0,0001;0;0,0001
2017-07-01 02:00:00+00:00;1,85E-05;0;0;0;0;0;0,265;0,265;0,5829742;0,175057;0,0001;0;0,0001
2017-07-01 03:00:00+00:00;2,45E-05;0;0;0;0;0;0,234;0,234;0,56336551;0,19368008;0,0001;0;0,0001
2017-07-01 04:00:00+00:00;3,30E-05;0;0;0;0;0;0,214;0,214;0,5900508;0,18927826;0,0001;0;0,0001
2017-07-01 05:00:00+00:00;7,94E-05;0;4,21E-06;0;0;0;0,205;0,205;0,60492295;0,18826246;0,0001;0;0,0001
2017-07-01 06:00:00+00:00;0,00034913;0;3,04E-05;0;0;0;0,205;0,205;0,65018786;0,19401868;0,0001;0;0,0001
2017-07-01 07:00:00+00:00;0,00046039;0;7,10E-05;0;0;0;0,099;0,099;0,72632481;0,22144541;0,0001;0;0,0001
2017-07-01 08:00:00+00:00;0,00037989;0;0,00011963;0;0;0,140730837;0,033;0,033;0,71311608;0,24853353;0,0001;0,140730837;0,0001
2017-07-01 09:00:00+00:00;0,00011464;0;0,00017252;0;0;0,373394992;0,174;0,174;0,71544206;0,28916572;0,0001;0,373394992;0,0001
2017-07-01 10:00:00+00:00;7,61E-05;0;0,0002278;0;0;0,576314774;0,094;0,094;0,736108;0,26749522;0,0001;0,576314774;0,0001
2017-07-01 11:00:00+00:00;7,36E-05;0;0,00028507;0;0;0,718256554;0,025;0,025;0,70375579;0,25733717;0,0001;0,718256554;0,0001
2017-07-01 12:00:00+00:00;7,40E-05;0;0,00034336;0;0;0,798455617;0,006;0,006;0,70093642;0,47945978;0,0001;0,798455617;0,0001
2017-07-01 13:00:00+00:00;7,64E-05;0;0,00037455;0;0;0,820249382;0,001;0,001;0,72449222;0,438489;0,0001;0,820249382;0,0001
2017-07-01 14:00:00+00:00;7,67E-05;0;0,00037429;0;0;0,791012912;0,001;0,001;0,71676716;0,44187501;0,0001;0,791012912;0,0001
2017-07-01 15:00:00+00:00;7,92E-05;0;0,00037082;0;0;0,708959878;0,001;0,001;0,70457341;0,44289082;0,0001;0,708959878;0,0001
2017-07-01 16:00:00+00:00;8,15E-05;0;0,00034099;0;0;0,575203175;0,002;0,002;0,72721291;0,49909867;0,0001;0,575203175;0,0001
2017-07-01 17:00:00+00:00;0,00011003;0;0,0002873;0;0;0,382631172;0,014;0,014;0,73234415;0,74289178;0,0001;0,382631172;0,0001
2017-07-01 18:00:00+00:00;0,00042402;0;0,00023595;0;0;0,156448182;0,047;0,047;0,74339606;0,88679744;0,0001;0,156448182;0,0001
2017-07-01 19:00:00+00:00;0,00043876;0;0,00018113;0;0;0;0,095;0,095;0,84428704;0,88137981;0,0001;0;0,0001
2017-07-01 20:00:00+00:00;0,00010847;0;0,00012594;0;0;0;0,126;0,126;0,77746809;0,88104121;0,0001;0;0,0001
2017-07-01 21:00:00+00:00;5,41E-05;0;7,79E-05;0;0;0;0,103;0,103;0,7050668;0,84616525;0,0001;0;0,0001
2017-07-01 22:00:00+00:00;3,32E-05;0;3,66E-05;0;0;0;0,05;0,05;0,68705105;0,3301365;0,0001;0;0,0001
2017-07-01 23:00:00+00:00;7,68E-06;0;6,11E-06;0;0;0;0,011;0,011;0,68263875;0,17708861;0,0001;0;0,0001
2017-07-02 00:00:00+00:00;8,65E-06;0;0;0;0;0;0;0;0,65128741;0,17437979;0,0001;0;0,0001
2017-07-02 01:00:00+00:00;1,39E-05;0;0;0;0;0;0;0;0,63104437;0,1764114;0,0001;0;0,0001
2017-07-02 02:00:00+00:00;1,79E-05;0;0;0;0;0;0,006;0,006;0,66700537;0,17437979;0,0001;0;0,0001
2017-07-02 03:00:00+00:00;2,22E-05;0;0;0;0;0;0,037;0,037;0,62997301;0,17404119;0,0001;0;0,0001
2017-07-02 04:00:00+00:00;3,00E-05;0;0;0;0;0;0,073;0,073;0,63485051;0,17200958;0,0001;0;0,0001
2017-07-02 05:00:00+00:00;6,55E-05;0;0;0;0;0;0,095;0,095;0,60629034;0,17133238;0,0001;0;0,0001
2017-07-02 06:00:00+00:00;0,00027206;0;0;0;0;0;0,105;0,105;0,51932703;0,17370259;0,0001;0;0,0001
2017-07-02 07:00:00+00:00;0,00035223;0;0;0;0;0;0,081;0,081;0,57725088;0,1753956;0,0001;0;0,0001
2017-07-02 08:00:00+00:00;0,00028323;0;0;0;0;0,139400529;0,005;0,005;0,58260768;0,23803688;0,0001;0,139400529;0,0001
2017-07-02 09:00:00+00:00;8,52E-05;0;0;0;0;0,37128407;0,001;0,001;0,59547808;0,32641189;0,0001;0,37128407;0,0001
2017-07-02 10:00:00+00:00;5,86E-05;0;0;0;0;0,573539269;0,001;0,001;0,54189605;0,37686352;0,0001;0,573539269;0,0001
2017-07-02 11:00:00+00:00;6,04E-05;0;0;0;0;0,711956193;0,004;0,004;0,50270687;0,5942457;0,0001;0,711956193;0,0001
2017-07-02 12:00:00+00:00;6,15E-05;0;0;0;0;0,791936758;0,007;0,007;0,60901103;0,60304935;0,0001;0,791936758;0,0001
2017-07-02 13:00:00+00:00;5,73E-05;0;0;0;0;0,81327601;0,008;0,008;0,6686406;0,59560011;0,0001;0,81327601;0,0001
2017-07-02 14:00:00+00:00;5,63E-05;0;0;0;0;0,785555749;0,009;0,009;0,66474988;0,42528354;0,0001;0,785555749;0,0001
2017-07-02 15:00:00+00:00;5,99E-05;0;0;0;0;0,707163054;0,012;0,012;0,68781228;0,59763172;0,0001;0,707163054;0,0001
2017-07-02 16:00:00+00:00;6,47E-05;0;0;0;0;0,57430224;0,014;0,014;0,68568366;0,59526151;0,0001;0,57430224;0,0001
2017-07-02 17:00:00+00:00;8,82E-05;0;0;0;0;0,382877048;0,032;0,032;0,67959383;0,78013795;0,0001;0,382877048;0,0001
2017-07-02 18:00:00+00:00;0,00032531;0;0;0;0;0,156195831;0,082;0,082;0,73238644;0,85903211;0,0001;0,156195831;0,0001
2017-07-02 19:00:00+00:00;0,00033868;0;0;0;0;0;0,142;0,142;0,73423313;0,89526248;0,0001;0;0,0001
2017-07-02 20:00:00+00:00;8,98E-05;0;0;0;0;0;0,159;0,159;0,72426667;0,88815184;0,0001;0;0,0001
2017-07-02 21:00:00+00:00;4,97E-05;0;0;0;0;0;0,131;0,131;0,70269853;0,88239562;0,0001;0;0,0001
2017-07-02 22:00:00+00:00;3,39E-05;0;0;0;0;0;0,077;0,077;0,68493653;0,615239;0,0001;0;0,0001
2017-07-02 23:00:00+00:00;8,83E-06;0;0;0;0;0;0,031;0,031;0,68294888;0,25293535;0,0001;0;0,0001
2017-07-03 00:00:00+00:00;9,02E-06;0;0;0;0;0;0,008;0,008;0,66095783;0,22144541;0,0001;0;0,0001
2017-07-03 01:00:00+00:00;1,45E-05;0;0;0;0;0;0,005;0,005;0,65059666;0,21839799;0,0001;0;0,0001
2017-07-03 02:00:00+00:00;1,84E-05;0;0;0;0;0;0,013;0,013;0,64504251;0,22652443;0,0001;0;0,0001
2017-07-03 03:00:00+00:00;2,32E-05;0;0;0;0;0;0,038;0,038;0,64890504;0,22483142;0,0001;0;0,0001
2017-07-03 04:00:00+00:00;2,99E-05;0;0;0;0;0;0,084;0,084;0,63057917;0,22618583;0,0001;0;0,0001
2017-07-03 05:00:00+00:00;6,41E-05;0;0;0;0;0;0,158;0,158;0,6295783;0,22584723;0,0001;0;0,0001
2017-07-03 06:00:00+00:00;0,00027189;0;0;0;0;0;0,243;0,243;0,51257465;0,22821744;0,0001;0;0,0001
2017-07-03 07:00:00+00:00;0,00035258;0;0;0;0;0;0,16;0,16;0,54461673;0,25462836;0,0001;0;0,0001
2017-07-03 08:00:00+00:00;0,00029002;0;0;0;0;0,13826107;0,034;0,034;0,5975926;0,25936878;0,0001;0,13826107;0,0001
2017-07-03 09:00:00+00:00;8,73E-05;0;0;0;0;0,367962765;0,08;0,08;0,61683477;0,25869158;0,0001;0,367962765;0,0001
2017-07-03 10:00:00+00:00;5,69E-05;0;0;0;0;0,56674579;0,112;0,112;0,66232522;0,33352252;0,0001;0,56674579;0,0001
2017-07-03 11:00:00+00:00;5,74E-05;0;0;0;0;0,705587924;0,045;0,045;0,67274278;0,37246169;0,0001;0,705587924;0,0001
2017-07-03 12:00:00+00:00;5,88E-05;0;0;0;0;0,786034906;0,012;0,012;0,65210502;0,34198756;0,0001;0,786034906;0,0001
2017-07-03 13:00:00+00:00;5,88E-05;0;0;0;0;0,808716829;0,002;0,002;0,62829549;0,32505748;0,0001;0,808716829;0,0001
2017-07-03 14:00:00+00:00;5,77E-05;0;0;0;0;0,783979809;0,001;0,001;0,6291413;0,36501246;0,0001;0,783979809;0,0001
2017-07-03 15:00:00+00:00;6,11E-05;0;0;0;0;0,705834651;0,001;0,001;0,62547612;0,54548708;0,0001;0,705834651;0,0001
2017-07-03 16:00:00+00:00;6,40E-05;0;0;0;0;0,571869703;0,002;0,002;0,62396776;0,53905366;0,0001;0,571869703;0,0001
2017-07-03 17:00:00+00:00;8,87E-05;0;0;0;0;0,380155069;0,007;0,007;0,66825998;0,77336592;0,0001;0,380155069;0,0001
2017-07-03 18:00:00+00:00;0,00032364;0;0;0;0;0,156223552;0,02;0,02;0,73871592;0,85226008;0,0001;0,156223552;0,0001
2017-07-03 19:00:00+00:00;0,00033732;0;0;0;0;0;0,041;0,041;0,72461909;0,87325338;0,0001;0;0,0001
2017-07-03 20:00:00+00:00;8,97E-05;0;0;0;0;0;0,069;0,069;0,72247637;0,88510443;0,0001;0;0,0001
2017-07-03 21:00:00+00:00;4,96E-05;0;0;0;0;0;0,093;0,093;0,71193195;0,878671;0,0001;0;0,0001
2017-07-03 22:00:00+00:00;3,37E-05;0;0;0;0;0;0,104;0,104;0,6744062;0,61083718;0,0001;0;0,0001
2017-07-03 23:00:00+00:00;8,53E-06;0;0;0;0;0;0,105;0,105;0,68939113;0,24921073;0,0001;0;0,0001
2017-07-04 00:00:00+00:00;8,29E-06;0;0;0;0;0;0,102;0,102;0,68294888;0,23871409;0,0001;0;0,0001
2017-07-04 01:00:00+00:00;1,41E-05;0;0;0;0;0;0,104;0,104;0,68758673;0,23939129;0,0001;0;0,0001
2017-07-04 02:00:00+00:00;1,84E-05;0;0;0;0;0;0,148;0,148;0,68808012;0,23803688;0,0001;0;0,0001
2017-07-04 03:00:00+00:00;2,26E-05;0;0;0;0;0;0,197;0,197;0,68846074;0,2414229;0,0001;0;0,0001
2017-07-04 04:00:00+00:00;2,99E-05;0;0;0;0;0;0,237;0,237;0,69531179;0,25191955;0,0001;0;0,0001
2017-07-04 05:00:00+00:00;6,42E-05;0;0;0;0;0;0,257;0,257;0,69818755;0,24988794;0,0001;0;0,0001
2017-07-04 06:00:00+00:00;0,00027579;0;0;0;0;0;0,254;0,254;0,71201653;0,25395116;0,0001;0;0,0001
2017-07-04 07:00:00+00:00;0,00035432;0;0;0;0;0;0,121;0,121;0,69932939;0,46760873;0,0001;0;0,0001
2017-07-04 08:00:00+00:00;0,00028917;0;0;0;0;0,137604993;0,016;0,016;0,70116197;0,49571266;0,0001;0,137604993;0,0001
2017-07-04 09:00:00+00:00;8,59E-05;0;0;0;0;0,366408529;0,014;0,014;0,69921661;0,5051935;0,0001;0,366408529;0,0001
2017-07-04 10:00:00+00:00;5,66E-05;0;0;0;0;0,567365783;0,028;0,028;0,70430557;0,51941476;0,0001;0,567365783;0,0001
2017-07-04 11:00:00+00:00;5,63E-05;0;0;0;0;0,707621952;0,014;0,014;0,70120426;0,51433574;0,0001;0,707621952;0,0001
2017-07-04 12:00:00+00:00;5,76E-05;0;0;0;0;0,787427095;0,007;0,007;0,70114788;0,50857951;0,0001;0,787427095;0,0001
2017-07-04 13:00:00+00:00;5,65E-05;0;0;0;0;0,810531151;0,003;0,003;0,6251096;0,51061113;0,0001;0,810531151;0,0001
2017-07-04 14:00:00+00:00;5,75E-05;0;0;0;0;0,783718965;0,002;0,002;0,62454573;0,5051935;0,0001;0,783718965;0,0001
2017-07-04 15:00:00+00:00;6,00E-05;0;0;0;0;0,705679327;0,001;0,001;0,63351131;0,50722511;0,0001;0,705679327;0,0001
2017-07-04 16:00:00+00:00;6,50E-05;0;0;0;0;0,570585262;0,002;0,002;0,63307431;0,50214609;0,0001;0,570585262;0,0001
2017-07-04 17:00:00+00:00;8,78E-05;0;0;0;0;0,381304139;0,007;0,007;0,63158005;0,74119877;0,0001;0,381304139;0,0001
2017-07-04 18:00:00+00:00;0,00032856;0;0;0;0;0,15672624;0,023;0,023;0,72443583;0,89052206;0,0001;0,15672624;0,0001
2017-07-04 19:00:00+00:00;0,00033717;0;0;0;0;0;0,044;0,044;0,81399296;0,88307282;0,0001;0;0,0001
2017-07-04 20:00:00+00:00;8,88E-05;0;0;0;0;0;0,06;0,06;0,77804606;0,88476583;0,0001;0;0,0001
2017-07-04 21:00:00+00:00;5,00E-05;0;0;0;0;0;0,061;0,061;0,72987721;0,88341142;0,0001;0;0,0001
2017-07-04 22:00:00+00:00;3,34E-05;0;0;0;0;0;0,039;0,039;0,70182453;0,35316141;0,0001;0;0,0001
2017-07-04 23:00:00+00:00;8,79E-06;0;0;0;0;0;0,015;0,015;0,6943673;0,23905269;0,0001;0;0,0001
2017-07-05 00:00:00+00:00;9,15E-06;0;0;0;0;0;0,002;0,002;0,4262175;0,20654694;0,0001;0;0,0001
2017-07-05 01:00:00+00:00;1,45E-05;0;0;0;0;0;0;0;0,35842587;0,20451533;0,0001;0;0,0001
2017-07-05 02:00:00+00:00;1,83E-05;0;0;0;0;0;0,001;0,001;0,34878364;0,20620834;0,0001;0;0,0001
2017-07-05 03:00:00+00:00;2,22E-05;0;0;0;0;0;0,011;0,011;0,35012284;0,20688554;0,0001;0;0,0001
2017-07-05 04:00:00+00:00;2,93E-05;0;0;0;0;0;0,034;0,034;0,36104788;0,22347702;0,0001;0;0,0001
2017-07-05 05:00:00+00:00;6,54E-05;0;0;0;0;0;0,072;0,072;0,37632884;0,21365757;0,0001;0;0,0001
2017-07-05 06:00:00+00:00;0,00027261;0;0;0;0;0;0,122;0,122;0,37566629;0,21128736;0,0001;0;0,0001
2017-07-05 07:00:00+00:00;0,00035345;0;0;0;0;0;0,136;0,136;0,43140513;0,25327395;0,0001;0;0,0001
2017-07-05 08:00:00+00:00;0,00028985;0;0;0;0;0,136661961;0,015;0,015;0,46206573;0,19232568;0,0001;0,136661961;0,0001
2017-07-05 09:00:00+00:00;8,85E-05;0;0;0;0;0,367770174;0,003;0,003;0,49051312;0,18690805;0,0001;0,367770174;0,0001
2017-07-05 10:00:00+00:00;6,01E-05;0;0;0;0;0,568431121;0,001;0,001;0,48590346;0,25598277;0,0001;0,568431121;0,0001
2017-07-05 11:00:00+00:00;5,86E-05;0;0;0;0;0,708048612;0,001;0,001;0,49453072;0,18690805;0,0001;0,708048612;0,0001
2017-07-05 12:00:00+00:00;5,86E-05;0;0;0;0;0,787890333;0,001;0,001;0,43329411;0,22347702;0,0001;0,787890333;0,0001
2017-07-05 13:00:00+00:00;5,38E-05;0;0;0;0;0,810087014;0,001;0,001;0,49791395;0,25327395;0,0001;0,810087014;0,0001
2017-07-05 14:00:00+00:00;5,69E-05;0;0;0;0;0,782096507;0;0;0,52595254;0,26512501;0,0001;0,782096507;0,0001
2017-07-05 15:00:00+00:00;6,46E-05;0;0;0;0;0,703160061;0,001;0,001;0,53605996;0,48792482;0,0001;0,703160061;0,0001
2017-07-05 16:00:00+00:00;6,35E-05;0;0;0;0;0,567782671;0,002;0,002;0,57445971;0,49401965;0,0001;0,567782671;0,0001
2017-07-05 17:00:00+00:00;8,67E-05;0;0;0;0;0,37758858;0,012;0,012;0,62014752;0,75034102;0,0001;0,37758858;0,0001
2017-07-05 18:00:00+00:00;0,00032555;0;0;0;0;0,154578665;0,061;0,061;0,82370567;0,88442723;0,0001;0,154578665;0,0001
2017-07-05 19:00:00+00:00;0,00033662;0;0;0;0;0;0,139;0,139;0,80505557;0,88408863;0,0001;0;0,0001
2017-07-05 20:00:00+00:00;9,00E-05;0;0;0;0;0;0,187;0,187;0,75106474;0,88104121;0,0001;0;0,0001
2017-07-05 21:00:00+00:00;4,98E-05;0;0;0;0;0;0,22;0,22;0,62681532;0,85463029;0,0001;0;0,0001
2017-07-05 22:00:00+00:00;3,35E-05;0;0;0;0;0;0,211;0,211;0,54798587;0,32099426;0,0001;0;0,0001
2017-07-05 23:00:00+00:00;9,33E-06;0;0;0;0;0;0,18;0,18;0,49345936;0,14729167;0,0001;0;0,0001
2017-07-06 00:00:00+00:00;7,00E-06;0;0;0;0;0;0,132;0,132;0,36048401;0,20857855;0,0001;0;0,0001
2017-07-06 01:00:00+00:00;1,13E-05;0;0;0;0;0;0,075;0,075;0,31968779;0,20925575;0,0001;0;0,0001
2017-07-06 02:00:00+00:00;1,45E-05;0;0;0;0;0;0,031;0,031;0,29497606;0,21027156;0,0001;0;0,0001
2017-07-06 03:00:00+00:00;1,80E-05;0;0;0;0;0;0,009;0,009;0,28506599;0,19469589;0,0001;0;0,0001
2017-07-06 04:00:00+00:00;2,47E-05;0;0;0;0;0;0,002;0,002;0,30512577;0,20959435;0,0001;0;0,0001
2017-07-06 05:00:00+00:00;5,84E-05;0;0;0;0;0;0,001;0,001;0,37631474;0,20959435;0,0001;0;0,0001
2017-07-06 06:00:00+00:00;0,00026281;0;0;0;0;0;0,001;0,001;0,34975632;0,20756274;0,0001;0;0,0001
2017-07-06 07:00:00+00:00;0,00033763;0;0;0;0;0;0,002;0,002;0,38436403;0,25361255;0,0001;0;0,0001
2017-07-06 08:00:00+00:00;0,00026402;0;0;0;0;0,133245128;0;0;0,43251878;0,25462836;0,0001;0,133245128;0,0001
2017-07-06 09:00:00+00:00;5,83E-05;0;0;0;0;0,358199499;0;0;0,44943497;0,25056514;0,0001;0,358199499;0,0001
2017-07-06 10:00:00+00:00;2,52E-05;0;0;0;0;0,560911205;0;0;0,48088499;0,24548612;0,0001;0,560911205;0,0001
2017-07-06 11:00:00+00:00;2,51E-05;0;0;0;0;0,700835393;0,002;0,002;0,46361638;0,24616332;0,0001;0,700835393;0,0001
2017-07-06 12:00:00+00:00;2,57E-05;0;0;0;0;0,78132827;0,007;0,007;0,41440436;0,25259675;0,0001;0,78132827;0,0001
2017-07-06 13:00:00+00:00;2,46E-05;0;0;0;0;0,805282476;0,017;0,017;0,42497698;0,24751773;0,0001;0,805282476;0,0001
2017-07-06 14:00:00+00:00;2,53E-05;0;0;0;0;0,776827786;0,03;0,03;0,44407818;0,24277731;0,0001;0,776827786;0,0001
2017-07-06 15:00:00+00:00;2,99E-05;0;0;0;0;0,699798885;0,043;0,043;0,46257321;0,24921073;0,0001;0,699798885;0,0001
2017-07-06 16:00:00+00:00;3,91E-05;0;0;0;0;0,567647116;0,051;0,051;0,47471058;0,46422271;0,0001;0,567647116;0,0001
2017-07-06 17:00:00+00:00;6,98E-05;0;0;0;0;0,37886461;0,07;0,07;0,50759847;0,70700002;0,0001;0,37886461;0,0001
2017-07-06 18:00:00+00:00;0,00031336;0;0;0;0;0,156165545;0,127;0,127;0,73089218;0,89018345;0,0001;0,156165545;0,0001
2017-07-06 19:00:00+00:00;0,00032978;0;0;0;0;0;0,233;0,233;0,70921126;0,89492388;0,0001;0;0,0001
2017-07-06 20:00:00+00:00;8,50E-05;0;0;0;0;0;0,329;0,329;0,62622325;0,89424667;0,0001;0;0,0001
2017-07-06 21:00:00+00:00;4,56E-05;0;0;0;0;0;0,351;0,351;0,50150864;0,8553075;0,0001;0;0,0001
2017-07-06 22:00:00+00:00;3,00E-05;0;0;0;0;0;0,319;0,319;0,42554085;0,33182951;0,0001;0;0,0001
2017-07-06 23:00:00+00:00;6,26E-06;0;0;0;0;0;0,25;0,25;0,40880792;0,20790135;0,0001;0;0,0001
2017-07-07 00:00:00+00:00;7,13E-06;0;0;0;0;0;0,196;0,196;0,30093902;0,17302539;0,0001;0;0,0001
2017-07-07 01:00:00+00:00;1,13E-05;0;0;0;0;0;0,161;0,161;0,27485989;0,1760728;0,0001;0;0,0001
2017-07-07 02:00:00+00:00;1,44E-05;0;0;0;0;0;0,156;0,156;0,27435241;0,17437979;0,0001;0;0,0001
2017-07-07 03:00:00+00:00;1,80E-05;0;0;0;0;0;0,16;0,16;0,25357369;0,19232568;0,0001;0;0,0001
2017-07-07 04:00:00+00:00;2,46E-05;0;0;0;0;0;0,152;0,152;0,26214456;0,21670499;0,0001;0;0,0001
2017-07-07 05:00:00+00:00;5,87E-05;0;0;0;0;0;0,129;0,129;0,33374233;0,2190752;0,0001;0;0,0001
2017-07-07 06:00:00+00:00;0,0002624;0;0;0;0;0;0,095;0,095;0,28400873;0,21467338;0,0001;0;0,0001
2017-07-07 07:00:00+00:00;0,00034026;0;0;0;0;0;0,037;0,037;0,33764715;0,25428976;0,0001;0;0,0001
2017-07-07 08:00:00+00:00;0,00026109;0;0;0;0;0,136191699;0,004;0,004;0,39089086;0,25632137;0,0001;0,136191699;0,0001
2017-07-07 09:00:00+00:00;5,85E-05;0;0;0;0;0,365865649;0,04;0,04;0,37183195;0,25056514;0,0001;0,365865649;0,0001
2017-07-07 10:00:00+00:00;2,52E-05;0;0;0;0;0,567106242;0,079;0,079;0,40088551;0,21704359;0,0001;0,567106242;0,0001
2017-07-07 11:00:00+00:00;2,50E-05;0;0;0;0;0,706825532;0,088;0,088;0,36980201;0,22212261;0,0001;0,706825532;0,0001
2017-07-07 12:00:00+00:00;2,56E-05;0;0;0;0;0,786259024;0,095;0,095;0,34640128;0,21839799;0,0001;0,786259024;0,0001
2017-07-07 13:00:00+00:00;2,46E-05;0;0;0;0;0,810504332;0,105;0,105;0,3924838;0,21670499;0,0001;0,810504332;0,0001
2017-07-07 14:00:00+00:00;2,54E-05;0;0;0;0;0,783383643;0,097;0,097;0,38818427;0,23024905;0,0001;0,783383643;0,0001
2017-07-07 15:00:00+00:00;2,98E-05;0;0;0;0;0,70511943;0,083;0,083;0,38639397;0,22957185;0,0001;0,70511943;0,0001
2017-07-07 16:00:00+00:00;3,90E-05;0;0;0;0;0,570078299;0,065;0,065;0,38845211;0,45304886;0,0001;0,570078299;0,0001
2017-07-07 17:00:00+00:00;6,96E-05;0;0;0;0;0,379061192;0,076;0,076;0,46012037;0,68769973;0,0001;0,379061192;0,0001
2017-07-07 18:00:00+00:00;0,00031208;0;0;0;0;0,156773884;0,135;0,135;0,68344227;0,88679744;0,0001;0,156773884;0,0001
2017-07-07 19:00:00+00:00;0,0003309;0;0;0;0;0;0,205;0,205;0,6415747;0,88984485;0,0001;0;0,0001
2017-07-07 20:00:00+00:00;8,56E-05;0;0;0;0;0;0,233;0,233;0,56879279;0,84853546;0,0001;0;0,0001
2017-07-07 21:00:00+00:00;4,56E-05;0;0;0;0;0;0,226;0,226;0,43395666;0,84277924;0,0001;0;0,0001
2017-07-07 22:00:00+00:00;3,02E-05;0;0;0;0;0;0,176;0,176;0,34975632;0,31219062;0,0001;0;0,0001
2017-07-07 23:00:00+00:00;6,30E-06;0;0;0;0;0;0,106;0,106;0,30261654;0,17675;0,0001;0;0,0001
2017-07-08 00:00:00+00:00;9,05E-06;0;0;0;0;0;0,048;0,048;0,33195203;0,17810441;0,0001;0;0,0001
2017-07-08 01:00:00+00:00;1,44E-05;0;0;0;0;0;0,014;0,014;0,32580582;0,18216763;0,0001;0;0,0001
2017-07-08 02:00:00+00:00;1,81E-05;0;0;0;0;0;0,002;0,002;0,31874331;0,17878161;0,0001;0;0,0001
2017-07-08 03:00:00+00:00;2,26E-05;0;0;0;0;0;0,001;0,001;0,32756792;0,19435728;0,0001;0;0,0001
2017-07-08 04:00:00+00:00;2,98E-05;0;0;0;0;0;0,001;0,001;0,29503245;0,19130987;0,0001;0;0,0001
2017-07-08 05:00:00+00:00;6,45E-05;0;0;0;0;0;0,002;0,002;0,28997169;0,19164847;0,0001;0;0,0001
2017-07-08 06:00:00+00:00;0,00027476;0;0;0;0;0;0,004;0,004;0,28589771;0,21805939;0,0001;0;0,0001
2017-07-08 07:00:00+00:00;0,0003552;0;0;0;0;0;0,006;0,006;0,33409475;0,25598277;0,0001;0;0,0001
2017-07-08 08:00:00+00:00;0,00028955;0;0;0;0;0,12058161;0,002;0,002;0,36506547;0,25191955;0,0001;0,12058161;0,0001
2017-07-08 09:00:00+00:00;8,81E-05;0;0;0;0;0,332983738;0,007;0,007;0,40390223;0,25158095;0,0001;0,332983738;0,0001
2017-07-08 10:00:00+00:00;5,68E-05;0;0;0;0;0,52691895;0,009;0,009;0,45335389;0,25225815;0,0001;0,52691895;0,0001
2017-07-08 11:00:00+00:00;5,85E-05;0;0;0;0;0,690357529;0,009;0,009;0,43260336;0,18250623;0,0001;0,690357529;0,0001
2017-07-08 12:00:00+00:00;5,58E-05;0;0;0;0;0,773260205;0,01;0,01;0,33994493;0,15270929;0,0001;0,773260205;0,0001
2017-07-08 13:00:00+00:00;5,64E-05;0;0;0;0;0,799796679;0,013;0,013;0,33756257;0,15033909;0,0001;0,799796679;0,0001
2017-07-08 14:00:00+00:00;5,69E-05;0;0;0;0;0,76926455;0,018;0,018;0,37576497;0,16794637;0,0001;0,76926455;0,0001
2017-07-08 15:00:00+00:00;6,20E-05;0;0;0;0;0,695742995;0,024;0,024;0,40885021;0,16726916;0,0001;0,695742995;0,0001
2017-07-08 16:00:00+00:00;6,47E-05;0;0;0;0;0,55699704;0,038;0,038;0,42305981;0,38295834;0,0001;0,55699704;0,0001
2017-07-08 17:00:00+00:00;8,73E-05;0;0;0;0;0,371726372;0,126;0,126;0,39472519;0,6812663;0,0001;0,371726372;0,0001
2017-07-08 18:00:00+00:00;0,00032723;0;0;0;0;0,154169457;0,366;0,366;0,61305682;0,82144734;0,0001;0,154169457;0,0001
2017-07-08 19:00:00+00:00;0,00033772;0;0;0;0;0;0,513;0,513;0,60722073;0,82178594;0,0001;0;0,0001
2017-07-08 20:00:00+00:00;8,95E-05;0;0;0;0;0;0,525;0,525;0,58228345;0,77776774;0,0001;0;0,0001
2017-07-08 21:00:00+00:00;5,04E-05;0;0;0;0;0;0,432;0,432;0,49292368;0,78386257;0,0001;0;0,0001
2017-07-08 22:00:00+00:00;3,36E-05;0;0;0;0;0;0,384;0,384;0,43315314;0,52347798;0,0001;0;0,0001
2017-07-08 23:00:00+00:00;8,75E-06;0;0;0;0;0;0,337;0,337;0,40247845;0,16151293;0,0001;0;0,0001
2017-07-09 00:00:00+00:00;8,60E-06;0;0;0;0;0;0,286;0,286;0,31977238;0,16185154;0,0001;0;0,0001
2017-07-09 01:00:00+00:00;1,37E-05;0;0;0;0;0;0,255;0,255;0,31237154;0,15981993;0,0001;0;0,0001
2017-07-09 02:00:00+00:00;1,82E-05;0;0;0;0;0;0,226;0,226;0,31672746;0,16354455;0,0001;0;0,0001
2017-07-09 03:00:00+00:00;2,27E-05;0;0;0;0;0;0,205;0,205;0,33606831;0,16015853;0,0001;0;0,0001
2017-07-09 04:00:00+00:00;3,01E-05;0;0;0;0;0;0,185;0,185;0,36772977;0,18521504;0,0001;0;0,0001
2017-07-09 05:00:00+00:00;6,48E-05;0;0;0;0;0;0,16;0,16;0,4067075;0,19063267;0,0001;0;0,0001
2017-07-09 06:00:00+00:00;0,00027608;0;0;0;0;0;0,136;0,136;0,38960805;0,18555364;0,0001;0;0,0001
2017-07-09 07:00:00+00:00;0,00035495;0;0;0;0;0;0,051;0,051;0,43037606;0,21196457;0,0001;0;0,0001
2017-07-09 08:00:00+00:00;0,00029281;0;0;0;0;0,133323242;0,011;0,011;0,46092388;0,21772079;0,0001;0,133323242;0,0001
2017-07-09 09:00:00+00:00;8,78E-05;0;0;0;0;0,36034644;0,068;0,068;0,44103326;0,21501198;0,0001;0,36034644;0,0001
2017-07-09 10:00:00+00:00;5,81E-05;0;0;0;0;0,56164982;0,099;0,099;0,42592147;0,18860106;0,0001;0,56164982;0,0001
2017-07-09 11:00:00+00:00;5,88E-05;0;0;0;0;0,702387946;0,068;0,068;0,4248924;0,16693056;0,0001;0,702387946;0,0001
2017-07-09 12:00:00+00:00;5,79E-05;0;0;0;0;0,783390011;0,043;0,043;0,36066727;0,17675;0,0001;0,783390011;0,0001
2017-07-09 13:00:00+00:00;5,80E-05;0;0;0;0;0,807045237;0,031;0,031;0,44020155;0,175057;0,0001;0,807045237;0,0001
2017-07-09 14:00:00+00:00;5,77E-05;0;0;0;0;0,779243848;0,028;0,028;0,43570466;0,17675;0,0001;0,779243848;0,0001
2017-07-09 15:00:00+00:00;5,78E-05;0;0;0;0;0,703780171;0,032;0,032;0,49563027;0,17234818;0,0001;0,703780171;0,0001
2017-07-09 16:00:00+00:00;6,20E-05;0;0;0;0;0,568402554;0,049;0,049;0,45904901;0,38769877;0,0001;0,568402554;0,0001
2017-07-09 17:00:00+00:00;8,57E-05;0;0;0;0;0,378985361;0,147;0,147;0,4750489;0,7252845;0,0001;0,378985361;0,0001
2017-07-09 18:00:00+00:00;0,00032738;0;0;0;0;0,15725384;0,412;0,412;0,69474792;0,88341142;0,0001;0,15725384;0,0001
2017-07-09 19:00:00+00:00;0,00033713;0;0;0;0;0;0,572;0,572;0,71094517;0,89018345;0,0001;0;0,0001
2017-07-09 20:00:00+00:00;9,01E-05;0;0;0;0;0;0,583;0,583;0,65547417;0,86919016;0,0001;0;0,0001
2017-07-09 21:00:00+00:00;4,96E-05;0;0;0;0;0;0,501;0,501;0,55744485;0,84684246;0,0001;0;0,0001
2017-07-09 22:00:00+00:00;3,39E-05;0;0;0;0;0;0,424;0,424;0,47566916;0,39243919;0,0001;0;0,0001
2017-07-09 23:00:00+00:00;8,37E-06;0;0;0;0;0;0,357;0,357;0,36911126;0,15778832;0,0001;0;0,0001
2017-07-10 00:00:00+00:00;8,71E-06;0;0;0;0;0;0,294;0,294;0,31302;0,15135489;0,0001;0;0,0001
2017-07-10 01:00:00+00:00;1,42E-05;0;0;0;0;0;0,199;0,199;0,27115243;0,14966188;0,0001;0;0,0001
2017-07-10 02:00:00+00:00;1,85E-05;0;0;0;0;0;0,133;0,133;0,28519286;0,15067769;0,0001;0;0,0001
2017-07-10 03:00:00+00:00;2,23E-05;0;0;0;0;0;0,112;0,112;0,30380067;0,17675;0,0001;0;0,0001
2017-07-10 04:00:00+00:00;2,96E-05;0;0;0;0;0;0,13;0,13;0,32449481;0,18284483;0,0001;0;0,0001
2017-07-10 05:00:00+00:00;6,63E-05;0;0;0;0;0;0,155;0,155;0,33587095;0,18284483;0,0001;0;0,0001
2017-07-10 06:00:00+00:00;0,00027313;0;0;0;0;0;0,153;0,153;0,3991234;0,18284483;0,0001;0;0,0001
2017-07-10 07:00:00+00:00;0,00035399;0;0;0;0;0;0,069;0,069;0,4688322;0,18589225;0,0001;0;0,0001
2017-07-10 08:00:00+00:00;0,00028783;0;0;0;0;0,134636566;0,008;0,008;0,52309088;0,17844301;0,0001;0,134636566;0,0001
2017-07-10 09:00:00+00:00;8,75E-05;0;0;0;0;0,363366166;0,048;0,048;0,48806027;0,18081322;0,0001;0,363366166;0,0001
2017-07-10 10:00:00+00:00;5,76E-05;0;0;0;0;0,565578861;0,063;0,063;0,55224312;0,18555364;0,0001;0,565578861;0,0001
2017-07-10 11:00:00+00:00;5,91E-05;0;0;0;0;0,707205231;0,042;0,042;0,50610421;0,16083573;0,0001;0,707205231;0,0001
2017-07-10 12:00:00+00:00;5,96E-05;0;0;0;0;0,789070419;0,027;0,027;0,50015535;0,15643391;0,0001;0,789070419;0,0001
2017-07-10 13:00:00+00:00;5,66E-05;0;0;0;0;0,813901847;0,018;0,018;0,51067158;0,17099378;0,0001;0,813901847;0,0001
2017-07-10 14:00:00+00:00;5,65E-05;0;0;0;0;0,787555017;0,014;0,014;0,54757707;0,17471839;0,0001;0,787555017;0,0001
2017-07-10 15:00:00+00:00;5,80E-05;0;0;0;0;0,70790284;0,013;0,013;0,55774088;0,175057;0,0001;0,70790284;0,0001
2017-07-10 16:00:00+00:00;6,34E-05;0;0;0;0;0,573715738;0,016;0,016;0,64425309;0,37686352;0,0001;0,573715738;0,0001
2017-07-10 17:00:00+00:00;8,89E-05;0;0;0;0;0,382793537;0,061;0,061;0,62274134;0,73104073;0,0001;0,382793537;0,0001
2017-07-10 18:00:00+00:00;0,00032655;0;0;0;0;0,158592472;0,263;0,263;0,7490207;0,86207953;0,0001;0,158592472;0,0001
2017-07-10 19:00:00+00:00;0,00034155;0;0;0;0;0;0,415;0,415;0,77591744;0,86546554;0,0001;0;0,0001
2017-07-10 20:00:00+00:00;9,08E-05;0;0;0;0;0;0,457;0,457;0,72481645;0,86512694;0,0001;0;0,0001
2017-07-10 21:00:00+00:00;5,00E-05;0;0;0;0;0;0,468;0,468;0,6402355;0,83837742;0,0001;0;0,0001
2017-07-10 22:00:00+00:00;3,41E-05;0;0;0;0;0;0,392;0,392;0,5922781;0,31354503;0,0001;0;0,0001
2017-07-10 23:00:00+00:00;8,88E-06;0;0;0;0;0;0,323;0,323;0,56515581;0,1530479;0,0001;0;0,0001
2017-07-11 00:00:00+00:00;8,51E-06;0;0;0;0;0;0,306;0,306;0,15768708;0,14288985;0,0001;0;0,0001
2017-07-11 01:00:00+00:00;1,41E-05;0;0;0;0;0;0,306;0,306;0,13485023;0,14119684;0,0001;0;0,0001
2017-07-11 02:00:00+00:00;1,86E-05;0;0;0;0;0;0,268;0,268;0,11737016;0,14424426;0,0001;0;0,0001
2017-07-11 03:00:00+00:00;2,23E-05;0;0;0;0;0;0,222;0,222;0,11084334;0,16489895;0,0001;0;0,0001
2017-07-11 04:00:00+00:00;2,96E-05;0;0;0;0;0;0,18;0,18;0,11212615;0,17370259;0,0001;0;0,0001
2017-07-11 05:00:00+00:00;6,46E-05;0;0;0;0;0;0,154;0,154;0,11660894;0,17776581;0,0001;0;0,0001
2017-07-11 06:00:00+00:00;0,00027598;0;0;0;0;0;0,123;0,123;0,10579667;0,17200958;0,0001;0;0,0001
2017-07-11 07:00:00+00:00;0,00035425;0;0;0;0;0;0,048;0,048;0,11347944;0,20553114;0,0001;0;0,0001
2017-07-11 08:00:00+00:00;0,00028449;0;0;0;0;0,103939519;0,007;0,007;0,13566784;0,19334148;0,0001;0,103939519;0,0001
2017-07-11 09:00:00+00:00;8,72E-05;0;0;0;0;0,289170944;0,08;0,08;0,17247465;0,17810441;0,0001;0,289170944;0,0001
2017-07-11 10:00:00+00:00;5,79E-05;0;0;0;0;0,481924779;0,168;0,168;0,18675474;0,18250623;0,0001;0,481924779;0,0001
2017-07-11 11:00:00+00:00;5,89E-05;0;0;0;0;0,642000646;0,207;0,207;0,15206245;0,14526006;0,0001;0,642000646;0,0001
2017-07-11 12:00:00+00:00;5,89E-05;0;0;0;0;0,744127976;0,216;0,216;0,16599011;0,14763027;0,0001;0,744127976;0,0001
2017-07-11 13:00:00+00:00;6,05E-05;0;0;0;0;0,780260455;0,191;0,191;0,19367628;0,14593726;0,0001;0,780260455;0,0001
2017-07-11 14:00:00+00:00;6,00E-05;0;0;0;0;0,740071787;0,156;0,156;0,22514039;0,15474091;0,0001;0,740071787;0,0001
2017-07-11 15:00:00+00:00;6,32E-05;0;0;0;0;0,67724701;0,123;0,123;0,23376765;0,36061064;0,0001;0,67724701;0,0001
2017-07-11 16:00:00+00:00;6,29E-05;0;0;0;0;0,546022745;0,098;0,098;0,23730595;0,35925624;0,0001;0,546022745;0,0001
2017-07-11 17:00:00+00:00;8,58E-05;0;0;0;0;0,354771409;0,128;0,128;0,27423963;0,69514897;0,0001;0,354771409;0,0001
2017-07-11 18:00:00+00:00;0,00032746;0;0;0;0;0,138826139;0,268;0,268;0,51334998;0,82991238;0,0001;0,138826139;0,0001
2017-07-11 19:00:00+00:00;0,00033926;0;0;0;0;0;0,399;0,399;0,48872282;0,86478834;0,0001;0;0,0001
2017-07-11 20:00:00+00:00;9,06E-05;0;0;0;0;0;0,499;0,499;0,45401644;0,8566619;0,0001;0;0,0001
2017-07-11 21:00:00+00:00;4,99E-05;0;0;0;0;0;0,499;0,499;0,38550587;0,82618776;0,0001;0;0,0001
2017-07-11 22:00:00+00:00;3,36E-05;0;0;0;0;0;0,429;0,429;0,25310849;0,26986543;0,0001;0;0,0001
2017-07-11 23:00:00+00:00;8,58E-06;0;0;0;0;0;0,327;0,327;0,18772742;0,14221265;0,0001;0;0,0001
2017-07-12 00:00:00+00:00;8,28E-06;0;0;0;0;0;0,266;0,266;0,52533228;0,19300288;0,0001;0;0,0001
2017-07-12 01:00:00+00:00;1,41E-05;0;0;0;0;0;0,231;0,231;0,5158874;0,19130987;0,0001;0;0,0001
2017-07-12 02:00:00+00:00;1,84E-05;0;0;0;0;0;0,208;0,208;0,44830723;0,19503449;0,0001;0;0,0001
2017-07-12 03:00:00+00:00;2,21E-05;0;0;0;0;0;0,199;0,199;0,44455747;0,19266428;0,0001;0;0,0001
2017-07-12 04:00:00+00:00;2,97E-05;0;0;0;0;0;0,236;0,236;0,46807097;0,19164847;0,0001;0;0,0001
2017-07-12 05:00:00+00:00;6,63E-05;0;0;0;0;0;0,315;0,315;0,4626437;0,19334148;0,0001;0;0,0001
2017-07-12 06:00:00+00:00;0,00027389;0;0;0;0;0;0,379;0,379;0,51099581;0,19130987;0,0001;0;0,0001
2017-07-12 07:00:00+00:00;0,00035329;0;0;0;0;0;0,213;0,213;0,60252649;0,19638889;0,0001;0;0,0001
2017-07-12 08:00:00+00:00;0,00028885;0;0;0;0;0,122924401;0,044;0,044;0,6060225;0,19232568;0,0001;0,122924401;0,0001
2017-07-12 09:00:00+00:00;8,60E-05;0;0;0;0;0,337659932;0,151;0,151;0,62856333;0,19368008;0,0001;0,337659932;0,0001
2017-07-12 10:00:00+00:00;5,65E-05;0;0;0;0;0,532241203;0,195;0,195;0,64676233;0,22415422;0,0001;0,532241203;0,0001
2017-07-12 11:00:00+00:00;5,82E-05;0;0;0;0;0,675908798;0,145;0,145;0,63069195;0,22178401;0,0001;0,675908798;0,0001
2017-07-12 12:00:00+00:00;5,71E-05;0;0;0;0;0,754745659;0,099;0,099;0,73065253;0,21602778;0,0001;0,754745659;0,0001
2017-07-12 13:00:00+00:00;5,91E-05;0;0;0;0;0,774267174;0,077;0,077;0,72907369;0,22686303;0,0001;0,774267174;0,0001
2017-07-12 14:00:00+00:00;5,99E-05;0;0;0;0;0,747164456;0,07;0,07;0,67282736;0,23566667;0,0001;0,747164456;0,0001
2017-07-12 15:00:00+00:00;6,04E-05;0;0;0;0;0,66828328;0,069;0,069;0,73733443;0,24345451;0,0001;0,66828328;0,0001
2017-07-12 16:00:00+00:00;6,54E-05;0;0;0;0;0,529830963;0,075;0,075;0,7245909;0,49164944;0,0001;0,529830963;0,0001
2017-07-12 17:00:00+00:00;8,89E-05;0;0;0;0;0,337086412;0,125;0,125;0,68886954;0,7693027;0,0001;0,337086412;0,0001
2017-07-12 18:00:00+00:00;0,000327;0;0;0;0;0,129918943;0,258;0,258;0,86021645;0,89052206;0,0001;0,129918943;0,0001
2017-07-12 19:00:00+00:00;0,000342;0;0;0;0;0;0,328;0,328;0,85674863;0,90237311;0,0001;0;0,0001
2017-07-12 20:00:00+00:00;8,98E-05;0;0;0;0;0;0,294;0,294;0,8053939;0,9006801;0,0001;0;0,0001
2017-07-12 21:00:00+00:00;4,99E-05;0;0;0;0;0;0,233;0,233;0,71107204;0,86207953;0,0001;0;0,0001
2017-07-12 22:00:00+00:00;3,36E-05;0;0;0;0;0;0,192;0,192;0,6340329;0,34029455;0,0001;0;0,0001
2017-07-12 23:00:00+00:00;8,07E-06;0;0;0;0;0;0,17;0,17;0,56669236;0,22347702;0,0001;0;0,0001
2017-07-13 00:00:00+00:00;7,00E-06;0;0;0;0;0;0,164;0,164;0,2633005;0,18182903;0,0001;0;0,0001
2017-07-13 01:00:00+00:00;1,13E-05;0;0;0;0;0;0,177;0,177;0,22948221;0,17471839;0,0001;0;0,0001
2017-07-13 02:00:00+00:00;1,44E-05;0;0;0;0;0;0,204;0,204;0,23001789;0,17776581;0,0001;0;0,0001
2017-07-13 03:00:00+00:00;1,78E-05;0;0;0;0;0;0,217;0,217;0,22371661;0,17878161;0,0001;0;0,0001
2017-07-13 04:00:00+00:00;2,45E-05;0;0;0;0;0;0,204;0,204;0,2281853;0,21704359;0,0001;0;0,0001
2017-07-13 05:00:00+00:00;5,81E-05;0;0;0;0;0;0,164;0,164;0,28372679;0,21535058;0,0001;0;0,0001
2017-07-13 06:00:00+00:00;0,00026704;0;0;0;0;0;0,107;0,107;0,2810202;0,21636638;0,0001;0;0,0001
2017-07-13 07:00:00+00:00;0,00033675;0;0;0;0;0;0,032;0,032;0,34211584;0,25361255;0,0001;0;0,0001
2017-07-13 08:00:00+00:00;0,00026721;0;0;0;0;0,114097131;0,004;0,004;0,35452105;0,25124234;0,0001;0,114097131;0,0001
2017-07-13 09:00:00+00:00;5,91E-05;0;0;0;0;0,32950597;0,033;0,033;0,37349538;0,25428976;0,0001;0,32950597;0,0001
2017-07-13 10:00:00+00:00;2,53E-05;0;0;0;0;0,5296728;0,075;0,075;0,38863537;0,22178401;0,0001;0,5296728;0,0001
2017-07-13 11:00:00+00:00;2,51E-05;0;0;0;0;0,672205318;0,106;0,106;0,38577371;0,220091;0,0001;0,672205318;0,0001
2017-07-13 12:00:00+00:00;2,57E-05;0;0;0;0;0,754565447;0,122;0,122;0,29733023;0,22178401;0,0001;0,754565447;0,0001
2017-07-13 13:00:00+00:00;2,46E-05;0;0;0;0;0,769861376;0,126;0,126;0,40415597;0,22550863;0,0001;0,769861376;0,0001
2017-07-13 14:00:00+00:00;2,54E-05;0;0;0;0;0,744241668;0,121;0,121;0,46606923;0,23295786;0,0001;0,744241668;0,0001
2017-07-13 15:00:00+00:00;3,00E-05;0;0;0;0;0,656128159;0,113;0,113;0,47614846;0,23295786;0,0001;0,656128159;0,0001
2017-07-13 16:00:00+00:00;3,93E-05;0;0;0;0;0,513603807;0,11;0,11;0,46900137;0,44864704;0,0001;0,513603807;0,0001
2017-07-13 17:00:00+00:00;6,95E-05;0;0;0;0;0,331003327;0,144;0,144;0,5034681;0,76388508;0,0001;0,331003327;0,0001
2017-07-13 18:00:00+00:00;0,00031388;0;0;0;0;0,134355042;0,303;0,303;0,72164466;0,89018345;0,0001;0,134355042;0,0001
2017-07-13 19:00:00+00:00;0,00033198;0;0;0;0;0;0,411;0,411;0,7050386;0,88713604;0,0001;0;0,0001
2017-07-13 20:00:00+00:00;8,52E-05;0;0;0;0;0;0,362;0,362;0,59387104;0,86072512;0,0001;0;0,0001
2017-07-13 21:00:00+00:00;4,55E-05;0;0;0;0;0;0,297;0,297;0,48873692;0,84650385;0,0001;0;0,0001
2017-07-13 22:00:00+00:00;3,00E-05;0;0;0;0;0;0,235;0,235;0,39800975;0,32404168;0,0001;0;0,0001
2017-07-13 23:00:00+00:00;6,35E-06;0;0;0;0;0;0,182;0,182;0,38243276;0,20553114;0,0001;0;0,0001
2017-07-14 00:00:00+00:00;6,96E-06;0;0;0;0;0;0,14;0,14;0,32917496;0,1757342;0,0001;0;0,0001
2017-07-14 01:00:00+00:00;1,13E-05;0;0;0;0;0;0,122;0,122;0,32194329;0,17471839;0,0001;0;0,0001
2017-07-14 02:00:00+00:00;1,44E-05;0;0;0;0;0;0,134;0,134;0,33182516;0,17912022;0,0001;0;0,0001
2017-07-14 03:00:00+00:00;1,78E-05;0;0;0;0;0;0,177;0,177;0,30470287;0,17404119;0,0001;0;0,0001
2017-07-14 04:00:00+00:00;2,44E-05;0;0;0;0;0;0,204;0,204;0,27774974;0,21298037;0,0001;0;0,0001
2017-07-14 05:00:00+00:00;5,90E-05;0;0;0;0;0;0,177;0,177;0,34224272;0,21535058;0,0001;0;0,0001
2017-07-14 06:00:00+00:00;0,00026564;0;0;0;0;0;0,111;0,111;0,32594679;0,21298037;0,0001;0;0,0001
2017-07-14 07:00:00+00:00;0,00033796;0;0;0;0;0;0,04;0,04;0,37456673;0,25259675;0,0001;0;0,0001
2017-07-14 08:00:00+00:00;0,00026492;0;0;0;0;0,118193934;0,014;0,014;0,43179984;0,25259675;0,0001;0,118193934;0,0001
2017-07-14 09:00:00+00:00;5,81E-05;0;0;0;0;0,33799313;0,07;0,07;0,439539;0,25361255;0,0001;0,33799313;0,0001
2017-07-14 10:00:00+00:00;2,52E-05;0;0;0;0;0,533979286;0,102;0,102;0,44939268;0,2207682;0,0001;0,533979286;0,0001
2017-07-14 11:00:00+00:00;2,51E-05;0;0;0;0;0,674450194;0,096;0,096;0,44767287;0,25293535;0,0001;0,674450194;0,0001
2017-07-14 12:00:00+00:00;2,57E-05;0;0;0;0;0,756463394;0,094;0,094;0,41302287;0,26004598;0,0001;0,756463394;0,0001
2017-07-14 13:00:00+00:00;2,47E-05;0;0;0;0;0,761983701;0,101;0,101;0,4337593;0,22923324;0,0001;0,761983701;0,0001
2017-07-14 14:00:00+00:00;2,53E-05;0;0;0;0;0,727584119;0,102;0,102;0,48006737;0,23261926;0,0001;0,727584119;0,0001
2017-07-14 15:00:00+00:00;2,99E-05;0;0;0;0;0,64156634;0,102;0,102;0,48650962;0,22889464;0,0001;0,64156634;0,0001
2017-07-14 16:00:00+00:00;3,91E-05;0;0;0;0;0,505821256;0,1;0,1;0,47810791;0,44763124;0,0001;0,505821256;0,0001
2017-07-14 17:00:00+00:00;6,95E-05;0;0;0;0;0,312374462;0,105;0,105;0,46090979;0,75846745;0,0001;0,312374462;0,0001
2017-07-14 18:00:00+00:00;0,00031781;0;0;0;0;0,119843069;0,174;0,174;0,69813116;0,88679744;0,0001;0,119843069;0,0001
2017-07-14 19:00:00+00:00;0,00033336;0;0;0;0;0;0,263;0,263;0,67237626;0,88612024;0,0001;0;0,0001
2017-07-14 20:00:00+00:00;8,54E-05;0;0;0;0;0;0,336;0,336;0,66914808;0,86444974;0,0001;0;0,0001
2017-07-14 21:00:00+00:00;4,56E-05;0;0;0;0;0;0,375;0,375;0,55194708;0,84447224;0,0001;0;0,0001
2017-07-14 22:00:00+00:00;3,03E-05;0;0;0;0;0;0,338;0,338;0,43577515;0,55530653;0,0001;0;0,0001
2017-07-14 23:00:00+00:00;6,27E-06;0;0;0;0;0;0,294;0,294;0,43841126;0,18013602;0,0001;0;0,0001
2017-07-15 00:00:00+00:00;8,46E-06;0;0;0;0;0;0,263;0,263;0,39490845;0,17878161;0,0001;0;0,0001
2017-07-15 01:00:00+00:00;1,43E-05;0;0;0;0;0;0,218;0,218;0,36871655;0,17708861;0,0001;0;0,0001
2017-07-15 02:00:00+00:00;1,82E-05;0;0;0;0;0;0,172;0,172;0,33783041;0,20146792;0,0001;0;0,0001
2017-07-15 03:00:00+00:00;2,23E-05;0;0;0;0;0;0,133;0,133;0,29902185;0,21331897;0,0001;0;0,0001
2017-07-15 04:00:00+00:00;2,97E-05;0;0;0;0;0;0,105;0,105;0,31049667;0,21467338;0,0001;0;0,0001
2017-07-15 05:00:00+00:00;6,59E-05;0;0;0;0;0;0,089;0,089;0,35423911;0,21467338;0,0001;0;0,0001
2017-07-15 06:00:00+00:00;0,00027332;0;0;0;0;0;0,069;0,069;0,3875922;0,21162596;0,0001;0;0,0001
2017-07-15 07:00:00+00:00;0,00036006;0;0;0;0;0;0,029;0,029;0,44599535;0,25530556;0,0001;0;0,0001
2017-07-15 08:00:00+00:00;0,00029182;0;0;0;0;0,122410963;0,004;0,004;0,40464936;0,19435728;0,0001;0,122410963;0,0001
2017-07-15 09:00:00+00:00;8,71E-05;0;0;0;0;0,343496944;0,029;0,029;0,39865821;0,19164847;0,0001;0,343496944;0,0001
2017-07-15 10:00:00+00:00;5,71E-05;0;0;0;0;0,536368012;0,04;0,04;0,37806275;0,19300288;0,0001;0,536368012;0,0001
2017-07-15 11:00:00+00:00;5,67E-05;0;0;0;0;0,67684448;0,03;0,03;0,40020886;0,22720164;0,0001;0,67684448;0,0001
2017-07-15 12:00:00+00:00;5,88E-05;0;0;0;0;0,758594026;0,029;0,029;0,33702689;0,22855604;0,0001;0,758594026;0,0001
2017-07-15 13:00:00+00:00;5,89E-05;0;0;0;0;0,775870536;0,038;0,038;0,39590933;0,23363506;0,0001;0,775870536;0,0001
2017-07-15 14:00:00+00:00;5,82E-05;0;0;0;0;0,712615724;0,055;0,055;0,42881132;0,23566667;0,0001;0,712615724;0,0001
2017-07-15 15:00:00+00:00;6,05E-05;0;0;0;0;0,617476659;0,077;0,077;0,42150916;0,22957185;0,0001;0,617476659;0,0001
2017-07-15 16:00:00+00:00;6,40E-05;0;0;0;0;0,493421137;0,105;0,105;0,43227914;0,44729264;0,0001;0,493421137;0,0001
2017-07-15 17:00:00+00:00;8,65E-05;0;0;0;0;0,314416231;0,172;0,172;0,51750854;0,75643585;0,0001;0,314416231;0,0001
2017-07-15 18:00:00+00:00;0,00032627;0;0;0;0;0,129592879;0,363;0,363;0,70121836;0,86851296;0,0001;0,129592879;0,0001
2017-07-15 19:00:00+00:00;0,00033882;0;0;0;0;0;0,435;0,435;0,69955494;0,59018249;0,0001;0;0,0001
2017-07-15 20:00:00+00:00;9,06E-05;0;0;0;0;0;0,418;0,418;0,62747787;0,79909964;0,0001;0;0,0001
2017-07-15 21:00:00+00:00;4,99E-05;0;0;0;0;0;0,385;0,385;0,50919141;0,79909964;0,0001;0;0,0001
2017-07-15 22:00:00+00:00;3,37E-05;0;0;0;0;0;0,306;0,306;0,46938198;0,56918919;0,0001;0;0,0001
2017-07-15 23:00:00+00:00;8,99E-06;0;0;0;0;0;0,216;0,216;0,44093459;0,23735968;0,0001;0;0,0001
2017-07-16 00:00:00+00:00;8,65E-06;0;0;0;0;0;0,144;0,144;0,37988124;0,2407457;0,0001;0;0,0001
2017-07-16 01:00:00+00:00;1,41E-05;0;0;0;0;0;0,071;0,071;0,37030949;0,23600527;0,0001;0;0,0001
2017-07-16 02:00:00+00:00;1,83E-05;0;0;0;0;0;0,028;0,028;0,36460028;0,17336399;0,0001;0;0,0001
2017-07-16 03:00:00+00:00;2,30E-05;0;0;0;0;0;0,01;0,01;0,36771568;0,18521504;0,0001;0;0,0001
2017-07-16 04:00:00+00:00;2,97E-05;0;0;0;0;0;0,011;0,011;0,37847156;0,19401868;0,0001;0;0,0001
2017-07-16 05:00:00+00:00;6,61E-05;0;0;0;0;0;0,007;0,007;0,38505477;0,1977433;0,0001;0;0,0001
2017-07-16 06:00:00+00:00;0,00027443;0;0;0;0;0;0,039;0,039;0,39131376;0,19300288;0,0001;0;0,0001
2017-07-16 07:00:00+00:00;0,00035708;0;0;0;0;0;0,041;0,041;0,44101917;0,25361255;0,0001;0;0,0001
2017-07-16 08:00:00+00:00;0,00029045;0;0;0;0;0,125490696;0,026;0,026;0,4488852;0,25293535;0,0001;0,125490696;0,0001
2017-07-16 09:00:00+00:00;8,73E-05;0;0;0;0;0,344538917;0,01;0,01;0,46862075;0,25124234;0,0001;0,344538917;0,0001
2017-07-16 10:00:00+00:00;5,76E-05;0;0;0;0;0,5514966;0,01;0,01;0,4448817;0,22246121;0,0001;0,5514966;0,0001
2017-07-16 11:00:00+00:00;5,52E-05;0;0;0;0;0,695639358;0,005;0,005;0,43767822;0,25361255;0,0001;0,695639358;0,0001
2017-07-16 12:00:00+00:00;5,67E-05;0;0;0;0;0,781341598;0,001;0,001;0,37718874;0,25801438;0,0001;0,781341598;0,0001
2017-07-16 13:00:00+00:00;5,72E-05;0;0;0;0;0,810727408;0,002;0,002;0,40831453;0,2421001;0,0001;0,810727408;0,0001
2017-07-16 14:00:00+00:00;5,92E-05;0;0;0;0;0,787510668;0,006;0,006;0,45981024;0,23769828;0,0001;0,787510668;0,0001
2017-07-16 15:00:00+00:00;6,20E-05;0;0;0;0;0,712815588;0,011;0,011;0,48538188;0,22889464;0,0001;0,712815588;0,0001
2017-07-16 16:00:00+00:00;6,28E-05;0;0;0;0;0,583354205;0,014;0,014;0,50427162;0,44526103;0,0001;0,583354205;0,0001
2017-07-16 17:00:00+00:00;8,85E-05;0;0;0;0;0,394197409;0,015;0,015;0,56735491;0,75338843;0,0001;0,394197409;0,0001
2017-07-16 18:00:00+00:00;0,00033126;0;0;0;0;0,163239789;0,018;0,018;0,71379273;0,89356947;0,0001;0,163239789;0,0001
2017-07-16 19:00:00+00:00;0,00034558;0;0;0;0;0;0,022;0,022;0,70392495;0,88984485;0,0001;0;0,0001
2017-07-16 20:00:00+00:00;9,08E-05;0;0;0;0;0;0,018;0,018;0,65555875;0,86140232;0,0001;0;0,0001
2017-07-16 21:00:00+00:00;4,98E-05;0;0;0;0;0;0,016;0,016;0,55112947;0,85361449;0,0001;0;0,0001
2017-07-16 22:00:00+00:00;3,39E-05;0;0;0;0;0;0,018;0,018;0,46690094;0,33284531;0,0001;0;0,0001
2017-07-16 23:00:00+00:00;8,57E-06;0;0;0;0;0;0,03;0,03;0,39613488;0,17979742;0,0001;0;0,0001
2017-07-17 00:00:00+00:00;8,84E-06;0;0;0;0;0;0,05;0,05;0,36578441;0,18081322;0,0001;0;0,0001
2017-07-17 01:00:00+00:00;1,44E-05;0;0;0;0;0;0,073;0,073;0,35143385;0,18081322;0,0001;0;0,0001
2017-07-17 02:00:00+00:00;1,82E-05;0;0;0;0;0;0,095;0,095;0,34520305;0,17878161;0,0001;0;0,0001
2017-07-17 03:00:00+00:00;2,21E-05;0;0;0;0;0;0,079;0,079;0,33350268;0,19029407;0,0001;0;0,0001
2017-07-17 04:00:00+00:00;2,98E-05;0;0;0;0;0;0,08;0,08;0,33891586;0,21399617;0,0001;0;0,0001
2017-07-17 05:00:00+00:00;6,53E-05;0;0;0;0;0;0,088;0,088;0,37174737;0,21331897;0,0001;0;0,0001
2017-07-17 06:00:00+00:00;0,00027258;0;0;0;0;0;0,099;0,099;0,42290475;0,20959435;0,0001;0;0,0001
2017-07-17 07:00:00+00:00;0,00036002;0;0;0;0;0;0,054;0,054;0,37181785;0,25428976;0,0001;0;0,0001
2017-07-17 08:00:00+00:00;0,00029328;0;0;0;0;0,13474087;0,069;0,069;0,36314831;0,25462836;0,0001;0,13474087;0,0001
2017-07-17 09:00:00+00:00;8,98E-05;0;0;0;0;0,369224506;0,047;0,047;0,33420753;0,25259675;0,0001;0,369224506;0,0001
2017-07-17 10:00:00+00:00;5,93E-05;0;0;0;0;0,57370375;0,028;0,028;0,31894066;0,22517003;0,0001;0,57370375;0,0001
2017-07-17 11:00:00+00:00;5,81E-05;0;0;0;0;0,716021381;0,025;0,025;0,31330193;0,25361255;0,0001;0,716021381;0,0001
2017-07-17 12:00:00+00:00;5,66E-05;0;0;0;0;0,797995041;0,023;0,023;0,27790481;0,22923324;0,0001;0,797995041;0,0001
2017-07-17 13:00:00+00:00;5,81E-05;0;0;0;0;0,823190958;0,016;0,016;0,29404567;0,23058765;0,0001;0,823190958;0,0001
2017-07-17 14:00:00+00:00;5,76E-05;0;0;0;0;0,797677266;0,009;0,009;0,27738322;0,23058765;0,0001;0,797677266;0,0001
2017-07-17 15:00:00+00:00;6,06E-05;0;0;0;0;0,717182241;0,004;0,004;0,30034695;0,23160346;0,0001;0,717182241;0,0001
2017-07-17 16:00:00+00:00;6,26E-05;0;0;0;0;0,581495288;0,003;0,003;0,35996242;0,46760873;0,0001;0,581495288;0,0001
2017-07-17 17:00:00+00:00;8,88E-05;0;0;0;0;0,390477034;0,011;0,011;0,48851137;0,75000241;0,0001;0,390477034;0,0001
2017-07-17 18:00:00+00:00;0,00033258;0;0;0;0;0,162885382;0,048;0,048;0,64277293;0,88544303;0,0001;0,162885382;0,0001
2017-07-17 19:00:00+00:00;0,00034046;0;0;0;0;0;0,112;0,112;0,63692274;0,88849045;0,0001;0;0,0001
2017-07-17 20:00:00+00:00;9,02E-05;0;0;0;0;0;0,179;0,179;0,60923658;0,85496889;0,0001;0;0,0001
2017-07-17 21:00:00+00:00;4,95E-05;0;0;0;0;0;0,244;0,244;0,54924049;0,84345644;0,0001;0;0,0001
2017-07-17 22:00:00+00:00;3,35E-05;0;0;0;0;0;0,28;0,28;0,48899066;0,32234867;0,0001;0;0,0001
2017-07-17 23:00:00+00:00;8,13E-06;0;0;0;0;0;0,317;0,317;0,38081163;0,18081322;0,0001;0;0,0001
2017-07-18 00:00:00+00:00;8,42E-06;0;0;0;0;0;0,344;0,344;0,3822636;0,18216763;0,0001;0;0,0001
2017-07-18 01:00:00+00:00;1,44E-05;0;0;0;0;0;0,425;0,425;0,36237298;0,18182903;0,0001;0;0,0001
2017-07-18 02:00:00+00:00;1,85E-05;0;0;0;0;0;0,48;0,48;0,31059534;0,18115182;0,0001;0;0,0001
2017-07-18 03:00:00+00:00;2,21E-05;0;0;0;0;0;0,444;0,444;0,28897081;0,18927826;0,0001;0;0,0001
2017-07-18 04:00:00+00:00;2,95E-05;0;0;0;0;0;0,412;0,412;0,29250912;0,19063267;0,0001;0;0,0001
2017-07-18 05:00:00+00:00;6,57E-05;0;0;0;0;0;0,439;0,439;0,30657775;0,21128736;0,0001;0;0,0001
2017-07-18 06:00:00+00:00;0,00027845;0;0;0;0;0;0,458;0,458;0,26891103;0,21061016;0,0001;0;0,0001
2017-07-18 07:00:00+00:00;0,00035594;0;0;0;0;0;0,739;0,739;0,252164;0,25293535;0,0001;0;0,0001
2017-07-18 08:00:00+00:00;0,00029404;0;0;0;0;0,114053921;0,947;0,947;0,26562647;0,25395116;0,0001;0,114053921;0,0001
2017-07-18 09:00:00+00:00;8,92E-05;0;0;0;0;0,324379751;0,962;0,962;0,28114708;0,25191955;0,0001;0,324379751;0,0001
2017-07-18 10:00:00+00:00;5,79E-05;0;0;0;0;0,522951616;0,962;0,962;0,27824313;0,22550863;0,0001;0,522951616;0,0001
2017-07-18 11:00:00+00:00;5,71E-05;0;0;0;0;0,665634274;0,956;0,956;0,29308709;0,22347702;0,0001;0,665634274;0,0001
2017-07-18 12:00:00+00:00;5,90E-05;0;0;0;0;0,748347516;0,944;0,944;0,26458331;0,19300288;0,0001;0,748347516;0,0001
2017-07-18 13:00:00+00:00;5,59E-05;0;0;0;0;0,78848559;0,929;0,929;0,25869083;0,18081322;0,0001;0,78848559;0,0001
2017-07-18 14:00:00+00:00;5,46E-05;0;0;0;0;0,758023371;0,907;0,907;0,28519286;0,18792386;0,0001;0,758023371;0,0001
2017-07-18 15:00:00+00:00;6,33E-05;0;0;0;0;0,686254496;0,886;0,886;0,30203857;0,18318343;0,0001;0,686254496;0,0001
2017-07-18 16:00:00+00:00;6,27E-05;0;0;0;0;0,559995166;0,858;0,858;0,37180376;0,39717961;0,0001;0,559995166;0,0001
2017-07-18 17:00:00+00:00;8,89E-05;0;0;0;0;0,369457736;0,796;0,796;0,49188051;0,55936975;0,0001;0,369457736;0,0001
2017-07-18 18:00:00+00:00;0,00032991;0;0;0;0;0,154400999;0,737;0,737;0,63272189;0,86106372;0,0001;0,154400999;0,0001
2017-07-18 19:00:00+00:00;0,00033937;0;0;0;0;0;0,662;0,662;0,61889291;0,88781324;0,0001;0;0,0001
2017-07-18 20:00:00+00:00;9,04E-05;0;0;0;0;0;0,574;0,574;0,59619702;0,86140232;0,0001;0;0,0001
2017-07-18 21:00:00+00:00;5,01E-05;0;0;0;0;0;0,492;0,492;0,545237;0,83566861;0,0001;0;0,0001
2017-07-18 22:00:00+00:00;3,37E-05;0;0;0;0;0;0,415;0,415;0,43408353;0,32201007;0,0001;0;0,0001
2017-07-18 23:00:00+00:00;8,38E-06;0;0;0;0;0;0,372;0,372;0,39550052;0,20519253;0,0001;0;0,0001
2017-07-19 00:00:00+00:00;9,07E-06;0;0;0;0;0;0,347;0,347;0,34728938;0,18386064;0,0001;0;0,0001
2017-07-19 01:00:00+00:00;1,44E-05;0;0;0;0;0;0,341;0,341;0,29501835;0,18013602;0,0001;0;0,0001
2017-07-19 02:00:00+00:00;1,85E-05;0;0;0;0;0;0,366;0,366;0,27731274;0,17336399;0,0001;0;0,0001
2017-07-19 03:00:00+00:00;2,26E-05;0;0;0;0;0;0,412;0,412;0,26886874;0,17437979;0,0001;0;0,0001
2017-07-19 04:00:00+00:00;3,03E-05;0;0;0;0;0;0,449;0,449;0,27199824;0,17404119;0,0001;0;0,0001
2017-07-19 05:00:00+00:00;6,58E-05;0;0;0;0;0;0,486;0,486;0,35017923;0,2187366;0,0001;0;0,0001
2017-07-19 06:00:00+00:00;0,00028085;0;0;0;0;0;0,465;0,465;0,4373117;0,21636638;0,0001;0;0,0001
2017-07-19 07:00:00+00:00;0,00036007;0;0;0;0;0;0,487;0,487;0,44200595;0,25428976;0,0001;0;0,0001
2017-07-19 08:00:00+00:00;0,00029137;0;0;0;0;0,111759441;0,783;0,783;0,48025063;0,25361255;0,0001;0,111759441;0,0001
2017-07-19 09:00:00+00:00;8,70E-05;0;0;0;0;0,31818557;0,774;0,774;0,40464936;0,25327395;0,0001;0,31818557;0,0001
2017-07-19 10:00:00+00:00;5,53E-05;0;0;0;0;0,519416388;0,664;0,664;0,44565702;0,22279981;0,0001;0,519416388;0,0001
2017-07-19 11:00:00+00:00;5,77E-05;0;0;0;0;0,672446924;0,498;0,498;0,45714594;0,18893966;0,0001;0,672446924;0,0001
2017-07-19 12:00:00+00:00;5,79E-05;0;0;0;0;0,752654667;0,362;0,362;0,38518165;0,19401868;0,0001;0,752654667;0,0001
2017-07-19 13:00:00+00:00;5,76E-05;0;0;0;0;0,763891301;0,289;0,289;0,42680957;0,22720164;0,0001;0,763891301;0,0001
2017-07-19 14:00:00+00:00;5,69E-05;0;0;0;0;0,722302357;0,242;0,242;0,45806223;0,23837548;0,0001;0,722302357;0,0001
2017-07-19 15:00:00+00:00;6,06E-05;0;0;0;0;0,600576501;0,195;0,195;0,47359693;0,25293535;0,0001;0,600576501;0,0001
2017-07-19 16:00:00+00:00;6,28E-05;0;0;0;0;0,439137873;0,167;0,167;0,44338743;0,46489992;0,0001;0,439137873;0,0001
2017-07-19 17:00:00+00:00;8,87E-05;0;0;0;0;0,275678773;0,164;0,164;0,47626123;0,75711305;0,0001;0,275678773;0,0001
2017-07-19 18:00:00+00:00;0,00033052;0;0;0;0;0,101093939;0,26;0,26;0,64212447;0,89221506;0,0001;0,101093939;0,0001
2017-07-19 19:00:00+00:00;0,00034263;0;0;0;0;0;0,353;0,353;0,67509694;0,88375002;0,0001;0;0,0001
2017-07-19 20:00:00+00:00;9,10E-05;0;0;0;0;0;0,415;0,415;0,57533371;0,88679744;0,0001;0;0,0001
2017-07-19 21:00:00+00:00;4,97E-05;0;0;0;0;0;0,439;0,439;0,59129132;0,83668441;0,0001;0;0,0001
2017-07-19 22:00:00+00:00;3,39E-05;0;0;0;0;0;0,392;0,392;0,50716147;0,30237118;0,0001;0;0,0001
2017-07-19 23:00:00+00:00;8,48E-06;0;0;0;0;0;0,362;0,362;0,46274237;0,19198707;0,0001;0;0,0001
2017-07-20 00:00:00+00:00;7,06E-06;0;0;0;0;0;0,354;0,354;0,39795337;0,1764114;0,0001;0;0,0001
2017-07-20 01:00:00+00:00;1,13E-05;0;0;0;0;0;0,328;0,328;0,3689703;0,17708861;0,0001;0;0,0001
2017-07-20 02:00:00+00:00;1,45E-05;0;0;0;0;0;0,315;0,315;0,38704243;0,17742721;0,0001;0;0,0001
2017-07-20 03:00:00+00:00;1,79E-05;0;0;0;0;0;0,306;0,306;0,36032894;0,18623085;0,0001;0;0,0001
2017-07-20 04:00:00+00:00;2,46E-05;0;0;0;0;0;0,299;0,299;0,3742848;0,18792386;0,0001;0;0,0001
2017-07-20 05:00:00+00:00;5,86E-05;0;0;0;0;0;0,274;0,274;0,36920994;0,21738219;0,0001;0;0,0001
2017-07-20 06:00:00+00:00;0,00026815;0;0;0;0;0;0,247;0,247;0,39719214;0,21399617;0,0001;0;0,0001
2017-07-20 07:00:00+00:00;0,00034307;0;0;0;0;0;0,156;0,156;0,38669;0,25496696;0,0001;0;0,0001
2017-07-20 08:00:00+00:00;0,00026815;0;0;0;0;0,109534096;0,465;0,465;0,4155744;0,25564416;0,0001;0,109534096;0,0001
2017-07-20 09:00:00+00:00;5,77E-05;0;0;0;0;0,326125403;0,462;0,462;0,42298933;0,25158095;0,0001;0,326125403;0,0001
2017-07-20 10:00:00+00:00;2,52E-05;0;0;0;0;0,529175036;0,245;0,245;0,422214;0,23837548;0,0001;0,529175036;0,0001
2017-07-20 11:00:00+00:00;2,51E-05;0;0;0;0;0,679165877;0,108;0,108;0,4444447;0,23566667;0,0001;0,679165877;0,0001
2017-07-20 12:00:00+00:00;2,57E-05;0;0;0;0;0,756362817;0,05;0,05;0,37125398;0,24887213;0,0001;0,756362817;0,0001
2017-07-20 13:00:00+00:00;2,45E-05;0;0;0;0;0,792335062;0,024;0,024;0,39638862;0,20553114;0,0001;0,792335062;0,0001
2017-07-20 14:00:00+00:00;2,54E-05;0;0;0;0;0,764349238;0,012;0,012;0,41761844;0,2204296;0,0001;0,764349238;0,0001
2017-07-20 15:00:00+00:00;2,99E-05;0;0;0;0;0,670260946;0,008;0,008;0,45083056;0,22821744;0,0001;0,670260946;0,0001
2017-07-20 16:00:00+00:00;3,91E-05;0;0;0;0;0,519920026;0,012;0,012;0,47703656;0,45440327;0,0001;0,519920026;0,0001
2017-07-20 17:00:00+00:00;6,91E-05;0;0;0;0;0,327048846;0,048;0,048;0,50449717;0,74153738;0,0001;0,327048846;0,0001
2017-07-20 18:00:00+00:00;0,00031888;0;0;0;0;0,131901042;0,178;0,178;0,7068148;0,88815184;0,0001;0,131901042;0,0001
2017-07-20 19:00:00+00:00;0,00033386;0;0;0;0;0;0,363;0,363;0,69951265;0,88578163;0,0001;0;0,0001
2017-07-20 20:00:00+00:00;8,55E-05;0;0;0;0;0;0,497;0,497;0,61105507;0,88849045;0,0001;0;0,0001
2017-07-20 21:00:00+00:00;4,56E-05;0;0;0;0;0;0,554;0,554;0,52378163;0,86106372;0,0001;0;0,0001
2017-07-20 22:00:00+00:00;3,01E-05;0;0;0;0;0;0,491;0,491;0,46587187;0,32234867;0,0001;0;0,0001
2017-07-20 23:00:00+00:00;6,27E-06;0;0;0;0;0;0,395;0,395;0,421777;0,20180652;0,0001;0;0,0001
2017-07-21 00:00:00+00:00;7,01E-06;0;0;0;0;0;0,352;0,352;0,33515201;0,17708861;0,0001;0;0,0001
2017-07-21 01:00:00+00:00;1,14E-05;0;0;0;0;0;0,332;0,332;0,31364026;0,17708861;0,0001;0;0,0001
2017-07-21 02:00:00+00:00;1,45E-05;0;0;0;0;0;0,341;0,341;0,29405977;0,17878161;0,0001;0;0,0001
2017-07-21 03:00:00+00:00;1,80E-05;0;0;0;0;0;0,344;0,344;0,28337438;0,18352204;0,0001;0;0,0001
2017-07-21 04:00:00+00:00;2,46E-05;0;0;0;0;0;0,354;0,354;0,28152769;0,19300288;0,0001;0;0,0001
2017-07-21 05:00:00+00:00;5,92E-05;0;0;0;0;0;0,343;0,343;0,31910983;0,21501198;0,0001;0;0,0001
2017-07-21 06:00:00+00:00;0,00026545;0;0;0;0;0;0,283;0,283;0,31802437;0,21568918;0,0001;0;0,0001
2017-07-21 07:00:00+00:00;0,00034553;0;0;0;0;0;0,112;0,112;0,39621946;0,26580221;0,0001;0;0,0001
2017-07-21 08:00:00+00:00;0,00026844;0;0;0;0;0,119107486;0,074;0,074;0,43698748;0,2641092;0,0001;0,119107486;0,0001
2017-07-21 09:00:00+00:00;5,89E-05;0;0;0;0;0,347230202;0,31;0,31;0,42824745;0,26851102;0,0001;0,347230202;0,0001
2017-07-21 10:00:00+00:00;2,51E-05;0;0;0;0;0,55294132;0,28;0,28;0,41674444;0,24006849;0,0001;0,55294132;0,0001
2017-07-21 11:00:00+00:00;2,51E-05;0;0;0;0;0,695921657;0,171;0,171;0,39524678;0,23905269;0,0001;0,695921657;0,0001
2017-07-21 12:00:00+00:00;2,58E-05;0;0;0;0;0,782908323;0,106;0,106;0,38370148;0,21365757;0,0001;0,782908323;0,0001
2017-07-21 13:00:00+00:00;2,45E-05;0;0;0;0;0,802482463;0,066;0,066;0,42971351;0,21636638;0,0001;0,802482463;0,0001
2017-07-21 14:00:00+00:00;2,54E-05;0;0;0;0;0,766467693;0,044;0,044;0,44365527;0,20045211;0,0001;0,766467693;0,0001
2017-07-21 15:00:00+00:00;3,00E-05;0;0;0;0;0,677587078;0,038;0,038;0,44252753;0,40903066;0,0001;0,677587078;0,0001
2017-07-21 16:00:00+00:00;3,90E-05;0;0;0;0;0,530961375;0,044;0,044;0,4444165;0,41512549;0,0001;0,530961375;0,0001
2017-07-21 17:00:00+00:00;6,88E-05;0;0;0;0;0,348337407;0,084;0,084;0,44283766;0,74187598;0,0001;0,348337407;0,0001
2017-07-21 18:00:00+00:00;0,00032176;0;0;0;0;0,15388388;0,169;0,169;0,69426863;0,88679744;0,0001;0,15388388;0,0001
2017-07-21 19:00:00+00:00;0,00033714;0;0;0;0;0;0,26;0,26;0,67939648;0,89356947;0,0001;0;0,0001
2017-07-21 20:00:00+00:00;8,51E-05;0;0;0;0;0;0,332;0,332;0,59910096;0,88747464;0,0001;0;0,0001
2017-07-21 21:00:00+00:00;4,56E-05;0;0;0;0;0;0,375;0,375;0,53463618;0,84413364;0,0001;0;0,0001
2017-07-21 22:00:00+00:00;3,02E-05;0;0;0;0;0;0,427;0,427;0,4564129;0,32234867;0,0001;0;0,0001
2017-07-21 23:00:00+00:00;6,24E-06;0;0;0;0;0;0,474;0,474;0,44241475;0,19943631;0,0001;0;0,0001
2017-07-22 00:00:00+00:00;8,36E-06;0;0;0;0;0;0,478;0,478;0,35454924;0,18182903;0,0001;0;0,0001
2017-07-22 01:00:00+00:00;1,42E-05;0;0;0;0;0;0,429;0,429;0,30979182;0,18149043;0,0001;0;0,0001
2017-07-22 02:00:00+00:00;1,80E-05;0;0;0;0;0;0,398;0,398;0,3125689;0,17776581;0,0001;0;0,0001
2017-07-22 03:00:00+00:00;2,21E-05;0;0;0;0;0;0,315;0,315;0,3090306;0,18453784;0,0001;0;0,0001
2017-07-22 04:00:00+00:00;2,99E-05;0;0;0;0;0;0,258;0,258;0,3334181;0,19232568;0,0001;0;0,0001
2017-07-22 05:00:00+00:00;6,46E-05;0;0;0;0;0;0,233;0,233;0,39975776;0,21501198;0,0001;0;0,0001
2017-07-22 06:00:00+00:00;0,00028095;0;0;0;0;0;0,199;0,199;0,41993032;0,21433478;0,0001;0;0,0001
2017-07-22 07:00:00+00:00;0,00035679;0;0;0;0;0;0,076;0,076;0,44141388;0,26681802;0,0001;0;0,0001
2017-07-22 08:00:00+00:00;0,00029323;0;0;0;0;0,12179116;0,019;0,019;0,45869659;0,26681802;0,0001;0,12179116;0,0001
2017-07-22 09:00:00+00:00;8,97E-05;0;0;0;0;0,345831092;0,159;0,159;0,44509315;0,27359005;0,0001;0,345831092;0,0001
2017-07-22 10:00:00+00:00;5,64E-05;0;0;0;0;0,549043956;0,217;0,217;0,42741573;0,2410843;0,0001;0,549043956;0,0001
2017-07-22 11:00:00+00:00;5,89E-05;0;0;0;0;0,699834464;0,164;0,164;0,41502462;0,24040709;0,0001;0,699834464;0,0001
2017-07-22 12:00:00+00:00;6,09E-05;0;0;0;0;0,783972181;0,117;0,117;0,37765394;0,21433478;0,0001;0,783972181;0,0001
2017-07-22 13:00:00+00:00;5,78E-05;0;0;0;0;0,810057752;0,075;0,075;0,4612763;0,21061016;0,0001;0,810057752;0,0001
2017-07-22 14:00:00+00:00;5,89E-05;0;0;0;0;0,777257399;0,051;0,051;0,46829652;0,1970661;0,0001;0,777257399;0,0001
2017-07-22 15:00:00+00:00;6,14E-05;0;0;0;0;0,693429453;0,04;0,04;0,43319543;0,20553114;0,0001;0,693429453;0,0001
2017-07-22 16:00:00+00:00;6,35E-05;0;0;0;0;0,558950536;0,04;0,04;0,42397611;0,39785681;0,0001;0,558950536;0,0001
2017-07-22 17:00:00+00:00;8,67E-05;0;0;0;0;0,373732474;0,055;0,055;0,44568522;0,74255318;0,0001;0,373732474;0,0001
2017-07-22 18:00:00+00:00;0,00033384;0;0;0;0;0,151193927;0,087;0,087;0,70252937;0,89086066;0,0001;0,151193927;0,0001
2017-07-22 19:00:00+00:00;0,00034368;0;0;0;0;0;0,12;0,12;0,671756;0,88781324;0,0001;0;0,0001
2017-07-22 20:00:00+00:00;8,95E-05;0;0;0;0;0;0,141;0,141;0,59134771;0,88679744;0,0001;0;0,0001
2017-07-22 21:00:00+00:00;4,96E-05;0;0;0;0;0;0,144;0,144;0,5123632;0,84277924;0,0001;0;0,0001
2017-07-22 22:00:00+00:00;3,39E-05;0;0;0;0;0;0,136;0,136;0,50129719;0,5478573;0,0001;0;0,0001
2017-07-22 23:00:00+00:00;8,40E-06;0;0;0;0;0;0,142;0,142;0,47923566;0,20180652;0,0001;0;0,0001
2017-07-23 00:00:00+00:00;8,76E-06;0;0;0;0;0;0,182;0,182;0,41099293;0,18047462;0,0001;0;0,0001
2017-07-23 01:00:00+00:00;1,46E-05;0;0;0;0;0;0,241;0,241;0,35470431;0,17945882;0,0001;0;0,0001
2017-07-23 02:00:00+00:00;1,84E-05;0;0;0;0;0;0,302;0,302;0,34950258;0,17810441;0,0001;0;0,0001
2017-07-23 03:00:00+00:00;2,22E-05;0;0;0;0;0;0,321;0,321;0,34361011;0,1764114;0,0001;0;0,0001
2017-07-23 04:00:00+00:00;2,95E-05;0;0;0;0;0;0,26;0,26;0,32074506;0,19097127;0,0001;0;0,0001
2017-07-23 05:00:00+00:00;6,60E-05;0;0;0;0;0;0,178;0,178;0,36365579;0,2194138;0,0001;0;0,0001
2017-07-23 06:00:00+00:00;0,00028185;0;0;0;0;0;0,132;0,132;0,35576157;0,21501198;0,0001;0;0,0001
2017-07-23 07:00:00+00:00;0,00035876;0;0;0;0;0;0,036;0,036;0,32555207;0,25665997;0,0001;0;0,0001
2017-07-23 08:00:00+00:00;0,00029484;0;0;0;0;0,124367616;0,004;0,004;0,38594287;0,25293535;0,0001;0,124367616;0,0001
2017-07-23 09:00:00+00:00;9,09E-05;0;0;0;0;0,353388516;0,01;0,01;0,42169242;0,25259675;0,0001;0,353388516;0,0001
2017-07-23 10:00:00+00:00;5,85E-05;0;0;0;0;0,55311465;0,024;0,024;0,42781044;0,22415422;0,0001;0,55311465;0,0001
2017-07-23 11:00:00+00:00;5,63E-05;0;0;0;0;0,691780139;0,023;0,023;0,42575231;0,2194138;0,0001;0,691780139;0,0001
2017-07-23 12:00:00+00:00;5,74E-05;0;0;0;0;0,767074195;0,017;0,017;0,40026525;0,19198707;0,0001;0,767074195;0,0001
2017-07-23 13:00:00+00:00;5,93E-05;0;0;0;0;0,781248879;0,013;0,013;0,449294;0,1970661;0,0001;0,781248879;0,0001
2017-07-23 14:00:00+00:00;5,90E-05;0;0;0;0;0,716374632;0,011;0,011;0,4466297;0,21027156;0,0001;0,716374632;0,0001
2017-07-23 15:00:00+00:00;6,31E-05;0;0;0;0;0,634319356;0,01;0,01;0,44726406;0,2414229;0,0001;0,634319356;0,0001
2017-07-23 16:00:00+00:00;6,30E-05;0;0;0;0;0,482358583;0,01;0,01;0,42459637;0,44593823;0,0001;0,482358583;0,0001
2017-07-23 17:00:00+00:00;8,54E-05;0;0;0;0;0,308705473;0,012;0,012;0,44854687;0,74119877;0,0001;0,308705473;0,0001
2017-07-23 18:00:00+00:00;0,00033093;0;0;0;0;0,133226304;0,016;0,016;0,67895947;0,88341142;0,0001;0,133226304;0,0001
2017-07-23 19:00:00+00:00;0,0003449;0;0;0;0;0;0,024;0,024;0,7001611;0,88950625;0,0001;0;0,0001
2017-07-23 20:00:00+00:00;9,04E-05;0;0;0;0;0;0,022;0,022;0,62534925;0,85361449;0,0001;0;0,0001
2017-07-23 21:00:00+00:00;4,96E-05;0;0;0;0;0;0,014;0,014;0,51803012;0,84887406;0,0001;0;0,0001
2017-07-23 22:00:00+00:00;3,44E-05;0;0;0;0;0;0,008;0,008;0,45481996;0,31862405;0,0001;0;0,0001
2017-07-23 23:00:00+00:00;8,81E-06;0;0;0;0;0;0,008;0,008;0,39902473;0,20146792;0,0001;0;0,0001
2017-07-24 00:00:00+00:00;8,57E-06;0;0;0;0;0;0,018;0,018;0,37728742;0,1753956;0,0001;0;0,0001
2017-07-24 01:00:00+00:00;1,42E-05;0;0;0;0;0;0,061;0,061;0,34124184;0,1764114;0,0001;0;0,0001
2017-07-24 02:00:00+00:00;1,84E-05;0;0;0;0;0;0,159;0,159;0,31411955;0,1764114;0,0001;0;0,0001
2017-07-24 03:00:00+00:00;2,25E-05;0;0;0;0;0;0,269;0,269;0,32505869;0,18115182;0,0001;0;0,0001
2017-07-24 04:00:00+00:00;2,96E-05;0;0;0;0;0;0,303;0,303;0,33464453;0,21399617;0,0001;0;0,0001
2017-07-24 05:00:00+00:00;6,67E-05;0;0;0;0;0;0,272;0,272;0,36292276;0,21501198;0,0001;0;0,0001
2017-07-24 06:00:00+00:00;0,00028633;0;0;0;0;0;0,222;0,222;0,32625692;0,21162596;0,0001;0;0,0001
2017-07-24 07:00:00+00:00;0,000363;0;0;0;0;0;0,078;0,078;0,40772247;0,25530556;0,0001;0;0,0001
2017-07-24 08:00:00+00:00;0,00029563;0;0;0;0;0,110912607;0,015;0,015;0,43594431;0,25259675;0,0001;0,110912607;0,0001
2017-07-24 09:00:00+00:00;8,94E-05;0;0;0;0;0,335895261;0,048;0,048;0,44936449;0,25361255;0,0001;0,335895261;0,0001
2017-07-24 10:00:00+00:00;5,56E-05;0;0;0;0;0,540990184;0,071;0,071;0,41594092;0,22347702;0,0001;0,540990184;0,0001
2017-07-24 11:00:00+00:00;5,60E-05;0;0;0;0;0,688830192;0,085;0,085;0,40163264;0,22178401;0,0001;0,688830192;0,0001
2017-07-24 12:00:00+00:00;5,72E-05;0;0;0;0;0,769698545;0,095;0,095;0,38444861;0,18995546;0,0001;0,769698545;0,0001
2017-07-24 13:00:00+00:00;5,67E-05;0;0;0;0;0,786449595;0,091;0,091;0,38822656;0,19198707;0,0001;0,786449595;0,0001
2017-07-24 14:00:00+00:00;5,66E-05;0;0;0;0;0,743156892;0,087;0,087;0,41706866;0,21772079;0,0001;0,743156892;0,0001
2017-07-24 15:00:00+00:00;6,05E-05;0;0;0;0;0,643111667;0,084;0,084;0,45379089;0,23126485;0,0001;0,643111667;0,0001
2017-07-24 16:00:00+00:00;6,54E-05;0;0;0;0;0,498308252;0,08;0,08;0,44472663;0,44627683;0,0001;0,498308252;0,0001
2017-07-24 17:00:00+00:00;8,81E-05;0;0;0;0;0,332323975;0,081;0,081;0,43418221;0,74255318;0,0001;0,332323975;0,0001
2017-07-24 18:00:00+00:00;0,00033404;0;0;0;0;0,135048735;0,091;0,091;0,59873444;0,89086066;0,0001;0,135048735;0,0001
2017-07-24 19:00:00+00:00;0,00034366;0;0;0;0;0;0,103;0,103;0,59852299;0,88510443;0,0001;0;0,0001
2017-07-24 20:00:00+00:00;9,13E-05;0;0;0;0;0;0,112;0,112;0,55937611;0,8563233;0,0001;0;0,0001
2017-07-24 21:00:00+00:00;4,98E-05;0;0;0;0;0;0,106;0,106;0,49334658;0,83939322;0,0001;0;0,0001
2017-07-24 22:00:00+00:00;3,43E-05;0;0;0;0;0;0,095;0,095;0,43609938;0,31896265;0,0001;0;0,0001
2017-07-24 23:00:00+00:00;8,35E-06;0;0;0;0;0;0,111;0,111;0,38456138;0,19503449;0,0001;0;0,0001
2017-07-25 00:00:00+00:00;8,96E-06;0;0;0;0;0;0,18;0,18;0,34766999;0,175057;0,0001;0;0,0001
2017-07-25 01:00:00+00:00;1,49E-05;0;0;0;0;0;0,269;0,269;0,3454145;0,17776581;0,0001;0;0,0001
2017-07-25 02:00:00+00:00;1,86E-05;0;0;0;0;0;0,298;0,298;0,31729134;0,17776581;0,0001;0;0,0001
2017-07-25 03:00:00+00:00;2,27E-05;0;0;0;0;0;0,301;0,301;0,30334957;0,17471839;0,0001;0;0,0001
2017-07-25 04:00:00+00:00;2,95E-05;0;0;0;0;0;0,269;0,269;0,3032509;0,18081322;0,0001;0;0,0001
2017-07-25 05:00:00+00:00;6,54E-05;0;0;0;0;0;0,207;0,207;0,30086853;0,2190752;0,0001;0;0,0001
2017-07-25 06:00:00+00:00;0,00028054;0;0;0;0;0;0,149;0,149;0,24183103;0,21331897;0,0001;0;0,0001
2017-07-25 07:00:00+00:00;0,0003647;0;0;0;0;0;0,04;0,04;0,29277696;0,25327395;0,0001;0;0,0001
2017-07-25 08:00:00+00:00;0,0002915;0;0;0;0;0,092535017;0,01;0,01;0,36757471;0,17099378;0,0001;0,092535017;0,0001
2017-07-25 09:00:00+00:00;8,71E-05;0;0;0;0;0,276140132;0,049;0,049;0,37920459;0,17810441;0,0001;0,276140132;0,0001
2017-07-25 10:00:00+00:00;5,67E-05;0;0;0;0;0,455043867;0,096;0,096;0,39153931;0,14390565;0,0001;0,455043867;0,0001
2017-07-25 11:00:00+00:00;5,99E-05;0;0;0;0;0,592148677;0,121;0,121;0,40308461;0,14492146;0,0001;0,592148677;0,0001
2017-07-25 12:00:00+00:00;5,90E-05;0;0;0;0;0,659613667;0,137;0,137;0,44337334;0,18386064;0,0001;0,659613667;0,0001
2017-07-25 13:00:00+00:00;5,40E-05;0;0;0;0;0,685579351;0,148;0,148;0,48330964;0,18182903;0,0001;0,685579351;0,0001
2017-07-25 14:00:00+00:00;5,76E-05;0;0;0;0;0,60684571;0,154;0,154;0,43595841;0,18081322;0,0001;0,60684571;0,0001
2017-07-25 15:00:00+00:00;6,13E-05;0;0;0;0;0,505326252;0,153;0,153;0,41567308;0,39751821;0,0001;0,505326252;0,0001
2017-07-25 16:00:00+00:00;6,47E-05;0;0;0;0;0,381668965;0,145;0,145;0,4444165;0,40666045;0,0001;0,381668965;0,0001
2017-07-25 17:00:00+00:00;8,86E-05;0;0;0;0;0,229421337;0,141;0,141;0,44850458;0,55327492;0,0001;0,229421337;0,0001
2017-07-25 18:00:00+00:00;0,00033738;0;0;0;0;0,081960008;0,211;0,211;0,59030454;0,85327588;0,0001;0,081960008;0,0001
2017-07-25 19:00:00+00:00;0,00034623;0;0;0;0;0;0,292;0,292;0,59013538;0,89153786;0,0001;0;0,0001
2017-07-25 20:00:00+00:00;9,10E-05;0;0;0;0;0;0,347;0,347;0,57634869;0,88713604;0,0001;0;0,0001
2017-07-25 21:00:00+00:00;5,04E-05;0;0;0;0;0;0,392;0,392;0,52634725;0,83295979;0,0001;0;0,0001
2017-07-25 22:00:00+00:00;3,40E-05;0;0;0;0;0;0,416;0,416;0,45026668;0,32641189;0,0001;0;0,0001
2017-07-25 23:00:00+00:00;8,30E-06;0;0;0;0;0;0,379;0,379;0,3693932;0,1970661;0,0001;0;0,0001
2017-07-26 00:00:00+00:00;8,60E-06;0;0;0;0;0;0,372;0,372;0,32820228;0,17268679;0,0001;0;0,0001
2017-07-26 01:00:00+00:00;1,49E-05;0;0;0;0;0;0,408;0,408;0,26609167;0,17471839;0,0001;0;0,0001
2017-07-26 02:00:00+00:00;1,94E-05;0;0;0;0;0;0,428;0,428;0,25743622;0,17370259;0,0001;0;0,0001
2017-07-26 03:00:00+00:00;2,32E-05;0;0;0;0;0;0,408;0,408;0,24497462;0,17776581;0,0001;0;0,0001
2017-07-26 04:00:00+00:00;3,03E-05;0;0;0;0;0;0,323;0,323;0,25057106;0,19571169;0,0001;0;0,0001
2017-07-26 05:00:00+00:00;6,54E-05;0;0;0;0;0;0,261;0,261;0,32769479;0,21467338;0,0001;0;0,0001
2017-07-26 06:00:00+00:00;0,00028117;0;0;0;0;0;0,211;0,211;0,32704634;0,21704359;0,0001;0;0,0001
2017-07-26 07:00:00+00:00;0,00036333;0;0;0;0;0;0,067;0,067;0,42217171;0,25090374;0,0001;0;0,0001
2017-07-26 08:00:00+00:00;0,00029232;0;0;0;0;0,123917703;0,03;0,03;0,43973636;0,25428976;0,0001;0,123917703;0,0001
2017-07-26 09:00:00+00:00;8,70E-05;0;0;0;0;0,353957178;0,156;0,156;0,47028418;0,25428976;0,0001;0,353957178;0,0001
2017-07-26 10:00:00+00:00;5,70E-05;0;0;0;0;0,559651652;0,246;0,246;0,48233696;0,22347702;0,0001;0,559651652;0,0001
2017-07-26 11:00:00+00:00;5,86E-05;0;0;0;0;0,705492077;0,286;0,286;0,48870873;0,22178401;0,0001;0,705492077;0,0001
2017-07-26 12:00:00+00:00;5,68E-05;0;0;0;0;0,784695793;0,32;0,32;0,41515149;0,18792386;0,0001;0,784695793;0,0001
2017-07-26 13:00:00+00:00;5,63E-05;0;0;0;0;0,800417722;0,337;0,337;0,39916569;0,22787884;0,0001;0,800417722;0,0001
2017-07-26 14:00:00+00:00;6,06E-05;0;0;0;0;0,735723636;0,338;0,338;0,43767822;0,24040709;0,0001;0,735723636;0,0001
2017-07-26 15:00:00+00:00;6,48E-05;0;0;0;0;0,652079967;0,329;0,329;0,4706225;0,23126485;0,0001;0,652079967;0,0001
2017-07-26 16:00:00+00:00;6,42E-05;0;0;0;0;0,515109294;0,314;0,314;0,44096278;0,45237166;0,0001;0,515109294;0,0001
2017-07-26 17:00:00+00:00;8,73E-05;0;0;0;0;0,330570354;0,292;0,292;0,47847443;0,74289178;0,0001;0,330570354;0,0001
2017-07-26 18:00:00+00:00;0,00033622;0;0;0;0;0,145279618;0,417;0,417;0,63821965;0,88849045;0,0001;0,145279618;0,0001
2017-07-26 19:00:00+00:00;0,0003462;0;0;0;0;0;0,532;0,532;0,6859656;0,89018345;0,0001;0;0,0001
2017-07-26 20:00:00+00:00;9,05E-05;0;0;0;0;0;0,562;0,562;0,61818806;0,84819686;0,0001;0;0,0001
2017-07-26 21:00:00+00:00;4,97E-05;0;0;0;0;0;0,481;0,481;0,53123885;0,83533;0,0001;0;0,0001
2017-07-26 22:00:00+00:00;3,39E-05;0;0;0;0;0;0,407;0,407;0,45341028;0,31625384;0,0001;0;0,0001
2017-07-26 23:00:00+00:00;8,16E-06;0;0;0;0;0;0,347;0,347;0,39547233;0,19605029;0,0001;0;0,0001
2017-07-27 00:00:00+00:00;6,93E-06;0;0;0;0;0;0,295;0,295;0,34107268;0,17370259;0,0001;0;0,0001
2017-07-27 01:00:00+00:00;1,12E-05;0;0;0;0;0;0,255;0,255;0,27342202;0,17437979;0,0001;0;0,0001
2017-07-27 02:00:00+00:00;1,43E-05;0;0;0;0;0;0,208;0,208;0,25925471;0,1757342;0,0001;0;0,0001
2017-07-27 03:00:00+00:00;1,77E-05;0;0;0;0;0;0,169;0,169;0,25625208;0,19198707;0,0001;0;0,0001
2017-07-27 04:00:00+00:00;2,45E-05;0;0;0;0;0;0,14;0,14;0,26128465;0,19605029;0,0001;0;0,0001
2017-07-27 05:00:00+00:00;5,88E-05;0;0;0;0;0;0,117;0,117;0,31230106;0,1970661;0,0001;0;0,0001
2017-07-27 06:00:00+00:00;0,0002725;0;0;0;0;0;0,096;0,096;0,35291401;0,21704359;0,0001;0;0,0001
2017-07-27 07:00:00+00:00;0,00034741;0;0;0;0;0;0,033;0,033;0,37537025;0,25259675;0,0001;0;0,0001
2017-07-27 08:00:00+00:00;0,00027243;0;0;0;0;0,123725839;0,005;0,005;0,43805883;0,24921073;0,0001;0,123725839;0,0001
2017-07-27 09:00:00+00:00;5,93E-05;0;0;0;0;0,356056301;0,005;0,005;0,44748961;0,25090374;0,0001;0,356056301;0,0001
2017-07-27 10:00:00+00:00;2,50E-05;0;0;0;0;0,551250916;0,001;0,001;0,43442185;0,22144541;0,0001;0,551250916;0,0001
2017-07-27 11:00:00+00:00;2,50E-05;0;0;0;0;0,705585294;0;0;0,4013789;0,2190752;0,0001;0,705585294;0,0001
2017-07-27 12:00:00+00:00;2,56E-05;0;0;0;0;0,795057175;0,001;0,001;0,39764324;0,19063267;0,0001;0,795057175;0,0001
2017-07-27 13:00:00+00:00;2,45E-05;0;0;0;0;0,813186788;0,001;0,001;0,40061767;0,22652443;0,0001;0,813186788;0,0001
2017-07-27 14:00:00+00:00;2,53E-05;0;0;0;0;0,777595385;0,005;0,005;0,41052774;0,22720164;0,0001;0,777595385;0,0001
2017-07-27 15:00:00+00:00;2,99E-05;0;0;0;0;0,708615263;0,025;0,025;0,40817357;0,23566667;0,0001;0,708615263;0,0001
2017-07-27 16:00:00+00:00;3,90E-05;0;0;0;0;0,545975808;0,08;0,08;0,44120243;0,44593823;0,0001;0,545975808;0,0001
2017-07-27 17:00:00+00:00;6,94E-05;0;0;0;0;0,352104747;0,238;0,238;0,50477911;0,75440424;0,0001;0,352104747;0,0001
2017-07-27 18:00:00+00:00;0,00032233;0;0;0;0;0,153316374;0,392;0,392;0,64163108;0,89018345;0,0001;0,153316374;0,0001
2017-07-27 19:00:00+00:00;0,00034201;0;0;0;0;0;0,452;0,452;0,65983008;0,88476583;0,0001;0;0,0001
2017-07-27 20:00:00+00:00;8,56E-05;0;0;0;0;0;0,483;0,483;0,62145853;0,85022847;0,0001;0;0,0001
2017-07-27 21:00:00+00:00;4,57E-05;0;0;0;0;0;0,713;0,713;0,51629621;0,84413364;0,0001;0;0,0001
2017-07-27 22:00:00+00:00;3,02E-05;0;0;0;0;0;0,83;0,83;0,45326931;0,31422223;0,0001;0;0,0001
2017-07-27 23:00:00+00:00;6,33E-06;0;0;0;0;0;0,852;0,852;0,39386529;0,19571169;0,0001;0;0,0001
2017-07-28 00:00:00+00:00;7,02E-06;0;0;0;0;0;0,872;0,872;0,36251395;0,17302539;0,0001;0;0,0001
2017-07-28 01:00:00+00:00;1,13E-05;0;0;0;0;0;0,878;0,878;0,32160496;0,17404119;0,0001;0;0,0001
2017-07-28 02:00:00+00:00;1,45E-05;0;0;0;0;0;0,867;0,867;0,32646837;0,17336399;0,0001;0;0,0001
2017-07-28 03:00:00+00:00;1,78E-05;0;0;0;0;0;0,847;0,847;0,31894066;0,17471839;0,0001;0;0,0001
2017-07-28 04:00:00+00:00;2,46E-05;0;0;0;0;0;0,804;0,804;0,33244542;0,19368008;0,0001;0;0,0001
2017-07-28 05:00:00+00:00;5,92E-05;0;0;0;0;0;0,718;0,718;0,38148828;0,19571169;0,0001;0;0,0001
2017-07-28 06:00:00+00:00;0,00027125;0;0;0;0;0;0,66;0,66;0,43292759;0,21162596;0,0001;0;0,0001
2017-07-28 07:00:00+00:00;0,00034668;0;0;0;0;0;0,69;0,69;0,44117423;0,25158095;0,0001;0;0,0001
2017-07-28 08:00:00+00:00;0,00027151;0;0;0;0;0,128338464;0,802;0,802;0,42628798;0,25327395;0,0001;0,128338464;0,0001
2017-07-28 09:00:00+00:00;5,91E-05;0;0;0;0;0,363406243;0,739;0,739;0,43058752;0,25428976;0,0001;0,363406243;0,0001
2017-07-28 10:00:00+00:00;2,51E-05;0;0;0;0;0,566174117;0,606;0,606;0,42984039;0,22110681;0,0001;0,566174117;0,0001
2017-07-28 11:00:00+00:00;2,50E-05;0;0;0;0;0,713167253;0,478;0,478;0,4084555;0,2204296;0,0001;0,713167253;0,0001
2017-07-28 12:00:00+00:00;2,56E-05;0;0;0;0;0,798261886;0,414;0,414;0,34664093;0,19164847;0,0001;0,798261886;0,0001
2017-07-28 13:00:00+00:00;2,45E-05;0;0;0;0;0,819778407;0,382;0,382;0,37305837;0,18995546;0,0001;0,819778407;0,0001
2017-07-28 14:00:00+00:00;2,54E-05;0;0;0;0;0,790499384;0,35;0,35;0,43384388;0,21535058;0,0001;0,790499384;0,0001
2017-07-28 15:00:00+00:00;2,99E-05;0;0;0;0;0,71728209;0,357;0,357;0,465745;0,23024905;0,0001;0,71728209;0,0001
2017-07-28 16:00:00+00:00;3,92E-05;0;0;0;0;0,562841782;0,432;0,432;0,44820855;0,44932425;0,0001;0,562841782;0,0001
2017-07-28 17:00:00+00:00;6,96E-05;0;0;0;0;0,370871827;0,53;0,53;0,48889198;0,74458479;0,0001;0,370871827;0,0001
2017-07-28 18:00:00+00:00;0,00032658;0;0;0;0;0,14954691;0,616;0,616;0,67654892;0,88544303;0,0001;0,14954691;0,0001
2017-07-28 19:00:00+00:00;0,00034245;0;0;0;0;0;0,649;0,649;0,66139483;0,88645884;0,0001;0;0,0001
2017-07-28 20:00:00+00:00;8,56E-05;0;0;0;0;0;0,657;0,657;0,57637688;0,85226008;0,0001;0;0,0001
2017-07-28 21:00:00+00:00;4,56E-05;0;0;0;0;0;0,757;0,757;0,47882685;0,84074763;0,0001;0;0,0001
2017-07-28 22:00:00+00:00;3,02E-05;0;0;0;0;0;0,819;0,819;0,44437421;0,31557664;0,0001;0;0,0001
2017-07-28 23:00:00+00:00;6,37E-06;0;0;0;0;0;0,848;0,848;0,45514419;0,19401868;0,0001;0;0,0001
2017-07-29 00:00:00+00:00;8,76E-06;0;0;0;0;0;0,852;0,852;0,38098079;0,17810441;0,0001;0;0,0001
2017-07-29 01:00:00+00:00;1,47E-05;0;0;0;0;0;0,872;0,872;0,3165583;0,17471839;0,0001;0;0,0001
2017-07-29 02:00:00+00:00;1,88E-05;0;0;0;0;0;0,881;0,881;0,31536007;0,17336399;0,0001;0;0,0001
2017-07-29 03:00:00+00:00;2,23E-05;0;0;0;0;0;0,869;0,869;0,40253484;0,17878161;0,0001;0;0,0001
2017-07-29 04:00:00+00:00;2,96E-05;0;0;0;0;0;0,839;0,839;0,30671872;0,19164847;0,0001;0;0,0001
2017-07-29 05:00:00+00:00;6,69E-05;0;0;0;0;0;0,823;0,823;0,34954487;0,19503449;0,0001;0;0,0001
2017-07-29 06:00:00+00:00;0,00028587;0;0;0;0;0;0,815;0,815;0,4004767;0,21128736;0,0001;0;0,0001
2017-07-29 07:00:00+00:00;0,00036413;0;0;0;0;0;0,842;0,842;0,42854348;0,25564416;0,0001;0;0,0001
2017-07-29 08:00:00+00:00;0,0002952;0;0;0;0;0,122995405;0,902;0,902;0,44554425;0,25191955;0,0001;0,122995405;0,0001
2017-07-29 09:00:00+00:00;8,61E-05;0;0;0;0;0,347560365;0,882;0,882;0,39788288;0,24988794;0,0001;0,347560365;0,0001
2017-07-29 10:00:00+00:00;5,83E-05;0;0;0;0;0,549333381;0,793;0,793;0,37785129;0,2197524;0,0001;0,549333381;0,0001
2017-07-29 11:00:00+00:00;5,84E-05;0;0;0;0;0,675397396;0,64;0,64;0,33265687;0,220091;0,0001;0,675397396;0,0001
2017-07-29 12:00:00+00:00;5,81E-05;0;0;0;0;0,778875413;0,492;0,492;0,33558901;0,19164847;0,0001;0,778875413;0,0001
2017-07-29 13:00:00+00:00;5,78E-05;0;0;0;0;0,797967305;0,375;0,375;0,38453319;0,18724665;0,0001;0,797967305;0,0001
2017-07-29 14:00:00+00:00;5,94E-05;0;0;0;0;0,733071453;0,285;0,285;0,4488711;0,21772079;0,0001;0,733071453;0,0001
2017-07-29 15:00:00+00:00;6,10E-05;0;0;0;0;0,662819843;0,233;0,233;0,4355637;0,23261926;0,0001;0,662819843;0,0001
2017-07-29 16:00:00+00:00;6,18E-05;0;0;0;0;0,520680897;0,208;0,208;0,4408782;0,44763124;0,0001;0,520680897;0,0001
2017-07-29 17:00:00+00:00;8,94E-05;0;0;0;0;0,358249539;0,194;0,194;0,5047932;0,74458479;0,0001;0,358249539;0,0001
2017-07-29 18:00:00+00:00;0,00033837;0;0;0;0;0,150836869;0,332;0,332;0,68191981;0,88950625;0,0001;0,150836869;0,0001
2017-07-29 19:00:00+00:00;0,00034965;0;0;0;0;0;0,527;0,527;0,67818415;0,88984485;0,0001;0;0,0001
2017-07-29 20:00:00+00:00;9,03E-05;0;0;0;0;0;0,551;0,551;0,59915735;0,85496889;0,0001;0;0,0001
2017-07-29 21:00:00+00:00;5,03E-05;0;0;0;0;0;0,515;0,515;0,48700301;0,84379504;0,0001;0;0,0001
2017-07-29 22:00:00+00:00;3,39E-05;0;0;0;0;0;0,481;0,481;0,40483262;0,31219062;0,0001;0;0,0001
2017-07-29 23:00:00+00:00;8,58E-06;0;0;0;0;0;0,418;0,418;0,38120634;0,17370259;0,0001;0;0,0001
2017-07-30 00:00:00+00:00;8,71E-06;0;0;0;0;0;0,425;0,425;0,31901115;0,17878161;0,0001;0;0,0001
2017-07-30 01:00:00+00:00;1,44E-05;0;0;0;0;0;0,42;0,42;0,29236815;0,17471839;0,0001;0;0,0001
2017-07-30 02:00:00+00:00;1,85E-05;0;0;0;0;0;0,449;0,449;0,32159087;0,17708861;0,0001;0;0,0001
2017-07-30 03:00:00+00:00;2,31E-05;0;0;0;0;0;0,39;0,39;0,32562256;0,17437979;0,0001;0;0,0001
2017-07-30 04:00:00+00:00;3,04E-05;0;0;0;0;0;0,304;0,304;0,3423132;0,19435728;0,0001;0;0,0001
2017-07-30 05:00:00+00:00;6,77E-05;0;0;0;0;0;0,274;0,274;0,35535276;0,19503449;0,0001;0;0,0001
2017-07-30 06:00:00+00:00;0,00028533;0;0;0;0;0;0,269;0,269;0,3809385;0,20857855;0,0001;0;0,0001
2017-07-30 07:00:00+00:00;0,00036562;0;0;0;0;0;0,273;0,273;0,39356926;0,25395116;0,0001;0;0,0001
2017-07-30 08:00:00+00:00;0,00029608;0;0;0;0;0,117328438;0,594;0,594;0,37855614;0,25259675;0,0001;0,117328438;0,0001
2017-07-30 09:00:00+00:00;8,84E-05;0;0;0;0;0,341023652;0,518;0,518;0,37186014;0,25428976;0,0001;0,341023652;0,0001
2017-07-30 10:00:00+00:00;5,91E-05;0;0;0;0;0,544503712;0,335;0,335;0,38831114;0,22381562;0,0001;0,544503712;0,0001
2017-07-30 11:00:00+00:00;5,88E-05;0;0;0;0;0,685127569;0,191;0,191;0,37183195;0,22415422;0,0001;0,685127569;0,0001
2017-07-30 12:00:00+00:00;5,82E-05;0;0;0;0;0,773417037;0,095;0,095;0,36063907;0,19029407;0,0001;0,773417037;0,0001
2017-07-30 13:00:00+00:00;5,75E-05;0;0;0;0;0,79142688;0,04;0,04;0,41895764;0,23160346;0,0001;0,79142688;0,0001
2017-07-30 14:00:00+00:00;5,67E-05;0;0;0;0;0,726040288;0,015;0,015;0,41135945;0,22787884;0,0001;0,726040288;0,0001
2017-07-30 15:00:00+00:00;6,17E-05;0;0;0;0;0,606849715;0,007;0,007;0,41568717;0,23024905;0,0001;0,606849715;0,0001
2017-07-30 16:00:00+00:00;6,27E-05;0;0;0;0;0,461042055;0,004;0,004;0,4346756;0,44593823;0,0001;0,461042055;0,0001
2017-07-30 17:00:00+00:00;8,80E-05;0;0;0;0;0,283934269;0,008;0,008;0,47299077;0,74560059;0,0001;0,283934269;0,0001
2017-07-30 18:00:00+00:00;0,00033783;0;0;0;0;0,123137222;0,022;0,022;0,67623879;0,88612024;0,0001;0,123137222;0,0001
2017-07-30 19:00:00+00:00;0,00035009;0;0;0;0;0;0,063;0,063;0,65861776;0,88916765;0,0001;0;0,0001
2017-07-30 20:00:00+00:00;9,02E-05;0;0;0;0;0;0,146;0,146;0,58319974;0,85259868;0,0001;0;0,0001
2017-07-30 21:00:00+00:00;5,02E-05;0;0;0;0;0;0,273;0,273;0,47280751;0,84955127;0,0001;0;0,0001
2017-07-30 22:00:00+00:00;3,38E-05;0;0;0;0;0;0,402;0,402;0,49196509;0,31015901;0,0001;0;0,0001
2017-07-30 23:00:00+00:00;8,14E-06;0;0;0;0;0;0,459;0,459;0,41696998;0,19909771;0,0001;0;0,0001
2017-07-31 00:00:00+00:00;9,22E-06;0;0;0;0;0;0,379;0,379;0,35914481;0,17844301;0,0001;0;0,0001
2017-07-31 01:00:00+00:00;1,49E-05;0;0;0;0;0;0,351;0,351;0,36593948;0,18013602;0,0001;0;0,0001
2017-07-31 02:00:00+00:00;1,83E-05;0;0;0;0;0;0,335;0,335;0,36080823;0,18081322;0,0001;0;0,0001
2017-07-31 03:00:00+00:00;2,21E-05;0;0;0;0;0;0,298;0,298;0,33722425;0,18115182;0,0001;0;0,0001
2017-07-31 04:00:00+00:00;2,96E-05;0;0;0;0;0;0,258;0,258;0,3578479;0,19266428;0,0001;0;0,0001
2017-07-31 05:00:00+00:00;6,60E-05;0;0;0;0;0;0,2;0,2;0,40641146;0,19368008;0,0001;0;0,0001
2017-07-31 06:00:00+00:00;0,00028637;0;0;0;0;0;0,166;0,166;0,4466438;0,2207682;0,0001;0;0,0001
2017-07-31 07:00:00+00:00;0,00036891;0;0;0;0;0;0,058;0,058;0,42417346;0,25124234;0,0001;0;0,0001
2017-07-31 08:00:00+00:00;0,00029895;0;0;0;0;0,109503738;0,034;0,034;0,38371557;0,25361255;0,0001;0,109503738;0,0001
2017-07-31 09:00:00+00:00;8,92E-05;0;0;0;0;0,311316139;0,096;0,096;0,39314635;0,26038459;0,0001;0,311316139;0,0001
2017-07-31 10:00:00+00:00;5,69E-05;0;0;0;0;0,520517976;0,022;0,022;0,39589523;0,22449282;0,0001;0,520517976;0,0001
2017-07-31 11:00:00+00:00;5,94E-05;0;0;0;0;0,638204321;0,003;0,003;0,39688201;0,22246121;0,0001;0,638204321;0,0001
2017-07-31 12:00:00+00:00;5,90E-05;0;0;0;0;0,722331624;0,001;0,001;0,35115191;0,18995546;0,0001;0,722331624;0,0001
2017-07-31 13:00:00+00:00;5,50E-05;0;0;0;0;0,752008469;0,002;0,002;0,34413169;0,21568918;0,0001;0,752008469;0,0001
2017-07-31 14:00:00+00:00;5,77E-05;0;0;0;0;0,715246291;0,006;0,006;0,36568574;0,23058765;0,0001;0,715246291;0,0001
2017-07-31 15:00:00+00:00;5,88E-05;0;0;0;0;0,677493639;0,014;0,014;0,38808559;0,23295786;0,0001;0,677493639;0,0001
2017-07-31 16:00:00+00:00;6,34E-05;0;0;0;0;0,545159069;0,023;0,023;0,44794071;0,44559963;0,0001;0,545159069;0,0001
2017-07-31 17:00:00+00:00;8,80E-05;0;0;0;0;0,364442315;0,043;0,043;0,36558706;0,746955;0,0001;0,364442315;0,0001
2017-07-31 18:00:00+00:00;0,00033616;0;0;0;0;0,154987519;0,085;0,085;0,54578677;0,89018345;0,0001;0,154987519;0,0001
2017-07-31 19:00:00+00:00;0,00034984;0;0;0;0;0;0,107;0,107;0,54124759;0,88882905;0,0001;0;0,0001
2017-07-31 20:00:00+00:00;9,13E-05;0;0;0;0;0;0,075;0,075;0,54938146;0,86072512;0,0001;0;0,0001
2017-07-31 21:00:00+00:00;5,05E-05;0;0;0;0;0;0,029;0,029;0,49609546;0,85158288;0,0001;0;0,0001
2017-07-31 22:00:00+00:00;3,37E-05;0;0;0;0;0;0,008;0,008;0,46473003;0,31693104;0,0001;0;0,0001
2017-07-31 23:00:00+00:00;7,92E-06;0;0;0;0;0;0,016;0,016;0,45232482;0,1980819;0,0001;0;0,0001
2017-08-01 00:00:00+00:00;8,89E-06;0;0;0;0;0;0,091;0,091;0,67473043;0,18115182;0,0001;0;0,0001
2017-08-01 01:00:00+00:00;1,44E-05;0;0;0;0;0;0,323;0,323;0,62840826;0,18216763;0,0001;0;0,0001
2017-08-01 02:00:00+00:00;1,80E-05;0;0;0;0;0;0,439;0,439;0,61008239;0,18013602;0,0001;0;0,0001
2017-08-01 03:00:00+00:00;2,24E-05;0;0;0;0;0;0,334;0,334;0,59191158;0,18284483;0,0001;0;0,0001
2017-08-01 04:00:00+00:00;2,95E-05;0;0;0;0;0;0,326;0,326;0,60509211;0,19097127;0,0001;0;0,0001
2017-08-01 05:00:00+00:00;6,75E-05;0;0;0;0;0;0,326;0,326;0,59898819;0,18995546;0,0001;0;0,0001
2017-08-01 06:00:00+00:00;0,0002858;0;0;0;0;0;0,337;0,337;0,66004154;0,25462836;0,0001;0;0,0001
2017-08-01 07:00:00+00:00;0,0003644;0;0;0;0;0;0,263;0,263;0,6988501;0,25124234;0,0001;0;0,0001
2017-08-01 08:00:00+00:00;0,00029849;0;0;0;0;0,096385037;0,806;0,806;0,71662619;0,24277731;0,0001;0,096385037;0,0001
2017-08-01 09:00:00+00:00;8,84E-05;0;0;0;0;0,291633038;0,876;0,876;0,70065449;0,27528305;0,0001;0,291633038;0,0001
2017-08-01 10:00:00+00:00;5,77E-05;0;0;0;0;0,494979927;0,852;0,852;0,71775394;0,26173899;0,0001;0,494979927;0,0001
2017-08-01 11:00:00+00:00;6,13E-05;0;0;0;0;0,625111098;0,793;0,793;0,66379129;0,41918871;0,0001;0,625111098;0,0001
2017-08-01 12:00:00+00:00;5,99E-05;0;0;0;0;0,72062566;0,711;0,711;0,69429682;0,39650241;0,0001;0,72062566;0,0001
2017-08-01 13:00:00+00:00;5,61E-05;0;0;0;0;0,737803568;0,63;0,63;0,71945965;0,34368056;0,0001;0,737803568;0,0001
2017-08-01 14:00:00+00:00;5,81E-05;0;0;0;0;0,707186823;0,563;0,563;0,7294543;0,39717961;0,0001;0,707186823;0,0001
2017-08-01 15:00:00+00:00;5,93E-05;0;0;0;0;0,62006101;0,527;0,527;0,71799358;0,47471936;0,0001;0,62006101;0,0001
2017-08-01 16:00:00+00:00;6,22E-05;0;0;0;0;0,476691624;0,522;0,522;0,71662619;0,47641237;0,0001;0,476691624;0,0001
2017-08-01 17:00:00+00:00;8,84E-05;0;0;0;0;0,309061637;0,515;0,515;0,71336983;0,75338843;0,0001;0,309061637;0,0001
2017-08-01 18:00:00+00:00;0,00033899;0;0;0;0;0,126092447;0,584;0,584;0,7210103;0,88578163;0,0001;0,126092447;0,0001
2017-08-01 19:00:00+00:00;0,00035047;0;0;0;0;0;0,633;0,633;0,8720014;0,88205702;0,0001;0;0,0001
2017-08-01 20:00:00+00:00;9,16E-05;0;0;0;0;0;0,668;0,668;0,7889711;0,88544303;0,0001;0;0,0001
2017-08-01 21:00:00+00:00;4,96E-05;0;0;0;0;0;0,699;0,699;0,73179437;0,84514945;0,0001;0;0,0001
2017-08-01 22:00:00+00:00;3,33E-05;0;0;0;0;0;0,619;0,619;0,7187971;0,56512597;0,0001;0;0,0001
2017-08-01 23:00:00+00:00;8,54E-06;0;0;0;0;0;0,577;0,577;0,72301205;0,17437979;0,0001;0;0,0001
2017-08-02 00:00:00+00:00;8,75E-06;0;0;0;0;0;0,574;0,574;0,66706176;0,25903018;0,0001;0;0,0001
2017-08-02 01:00:00+00:00;1,44E-05;0;0;0;0;0;0,564;0,564;0,64177205;0,25293535;0,0001;0;0,0001
2017-08-02 02:00:00+00:00;1,84E-05;0;0;0;0;0;0,548;0,548;0,57622182;0,25259675;0,0001;0;0,0001
2017-08-02 03:00:00+00:00;2,24E-05;0;0;0;0;0;0,535;0,535;0,55115766;0,25361255;0,0001;0;0,0001
2017-08-02 04:00:00+00:00;2,99E-05;0;0;0;0;0;0,525;0,525;0,56058844;0,25699857;0,0001;0;0,0001
2017-08-02 05:00:00+00:00;6,67E-05;0;0;0;0;0;0,505;0,505;0,57757511;0,25090374;0,0001;0;0,0001
2017-08-02 06:00:00+00:00;0,00028546;0;0;0;0;0;0,474;0,474;0,61263391;0,25564416;0,0001;0;0,0001
2017-08-02 07:00:00+00:00;0,00037054;0;0;0;0;0;0,408;0,408;0,59533711;0,25598277;0,0001;0;0,0001
2017-08-02 08:00:00+00:00;0,00029961;0;0;0;0;0,103373983;0,84;0,84;0,68118677;0,34469637;0,0001;0,103373983;0,0001
2017-08-02 09:00:00+00:00;8,86E-05;0;0;0;0;0,315228924;0,825;0,825;0,67065645;0,39243919;0,0001;0,315228924;0,0001
2017-08-02 10:00:00+00:00;5,50E-05;0;0;0;0;0,519236215;0,713;0,713;0,64787598;0,38973037;0,0001;0,519236215;0,0001
2017-08-02 11:00:00+00:00;5,74E-05;0;0;0;0;0,657672373;0,525;0,525;0,67623879;0,54684149;0,0001;0,657672373;0,0001
2017-08-02 12:00:00+00:00;6,00E-05;0;0;0;0;0,748634982;0,341;0,341;0,61955545;0,55801534;0,0001;0,748634982;0,0001
2017-08-02 13:00:00+00:00;6,09E-05;0;0;0;0;0,758832449;0,223;0,223;0,63658442;0,56241716;0,0001;0,758832449;0,0001
2017-08-02 14:00:00+00:00;5,99E-05;0;0;0;0;0,709235323;0,158;0,158;0,67931189;0,59526151;0,0001;0,709235323;0,0001
2017-08-02 15:00:00+00:00;6,14E-05;0;0;0;0;0,630060938;0,133;0,133;0,68545811;0,60034053;0,0001;0,630060938;0,0001
2017-08-02 16:00:00+00:00;6,43E-05;0;0;0;0;0,483879499;0,141;0,141;0,65109005;0,59797032;0,0001;0,483879499;0,0001
2017-08-02 17:00:00+00:00;8,76E-05;0;0;0;0;0,307662248;0,183;0,183;0,68741757;0,80180845;0,0001;0,307662248;0,0001
2017-08-02 18:00:00+00:00;0,00033534;0;0;0;0;0,11993135;0,325;0,325;0,70563067;0,88815184;0,0001;0,11993135;0,0001
2017-08-02 19:00:00+00:00;0,00035366;0;0;0;0;0;0,475;0,475;0,81238592;0,88239562;0,0001;0;0,0001
2017-08-02 20:00:00+00:00;9,12E-05;0;0;0;0;0;0,566;0,566;0,74126744;0,87968681;0,0001;0;0,0001
2017-08-02 21:00:00+00:00;4,96E-05;0;0;0;0;0;0,599;0,599;0,6379941;0,88747464;0,0001;0;0,0001
2017-08-02 22:00:00+00:00;3,37E-05;0;0;0;0;0;0,493;0,493;0,67182648;0,5942457;0,0001;0;0,0001
2017-08-02 23:00:00+00:00;8,08E-06;0;0;0;0;0;0,412;0,412;0,6810881;0,24514752;0,0001;0;0,0001
2017-08-03 00:00:00+00:00;7,03E-06;0;0;0;0;0;0,386;0,386;0,66369261;0,21094876;0,0001;0;0,0001
2017-08-03 01:00:00+00:00;1,13E-05;0;0;0;0;0;0,351;0,351;0,64476058;0,21704359;0,0001;0;0,0001
2017-08-03 02:00:00+00:00;1,44E-05;0;0;0;0;0;0,303;0,303;0,61745503;0,22246121;0,0001;0;0,0001
2017-08-03 03:00:00+00:00;1,78E-05;0;0;0;0;0;0,251;0,251;0,59890361;0,22415422;0,0001;0;0,0001
2017-08-03 04:00:00+00:00;2,46E-05;0;0;0;0;0;0,245;0,245;0,59587279;0,24514752;0,0001;0;0,0001
2017-08-03 05:00:00+00:00;5,99E-05;0;0;0;0;0;0,269;0,269;0,64406983;0,24447031;0,0001;0;0,0001
2017-08-03 06:00:00+00:00;0,00027603;0;0;0;0;0;0,296;0,296;0,69921661;0,24447031;0,0001;0;0,0001
2017-08-03 07:00:00+00:00;0,00035445;0;0;0;0;0;0,146;0,146;0,69632676;0,25530556;0,0001;0;0,0001
2017-08-03 08:00:00+00:00;0,00027815;0;0;0;0;0,082541271;0,15;0,15;0,70657516;0,25530556;0,0001;0,082541271;0,0001
2017-08-03 09:00:00+00:00;6,00E-05;0;0;0;0;0,281025754;0,53;0,53;0,70230382;0,25530556;0,0001;0,281025754;0,0001
2017-08-03 10:00:00+00:00;2,51E-05;0;0;0;0;0,472425106;0,455;0,455;0,70189501;0,25530556;0,0001;0,472425106;0,0001
2017-08-03 11:00:00+00:00;2,50E-05;0;0;0;0;0,624098024;0,306;0,306;0,69877961;0,36704407;0,0001;0,624098024;0,0001
2017-08-03 12:00:00+00:00;2,57E-05;0;0;0;0;0,71500211;0,22;0,22;0,66128206;0,37178449;0,0001;0,71500211;0,0001
2017-08-03 13:00:00+00:00;2,46E-05;0;0;0;0;0,707904401;0,169;0,169;0,71828962;0,49842147;0,0001;0,707904401;0,0001
2017-08-03 14:00:00+00:00;2,53E-05;0;0;0;0;0,683744428;0,139;0,139;0,70286769;0,46354551;0,0001;0,683744428;0,0001
2017-08-03 15:00:00+00:00;2,99E-05;0;0;0;0;0,554767566;0,134;0,134;0,68421759;0,49672846;0,0001;0,554767566;0,0001
2017-08-03 16:00:00+00:00;3,90E-05;0;0;0;0;0,418477501;0,149;0,149;0,6868537;0,50620931;0,0001;0,418477501;0,0001
2017-08-03 17:00:00+00:00;6,95E-05;0;0;0;0;0,253099899;0,189;0,189;0,65206273;0,77709054;0,0001;0,253099899;0,0001
2017-08-03 18:00:00+00:00;0,00032781;0;0;0;0;0,093433937;0,313;0,313;0,74567975;0,83025098;0,0001;0,093433937;0,0001
2017-08-03 19:00:00+00:00;0,00034327;0;0;0;0;0;0,415;0,415;0,84448439;0,82923518;0,0001;0;0,0001
2017-08-03 20:00:00+00:00;8,66E-05;0;0;0;0;0;0,451;0,451;0,77094126;0,82855797;0,0001;0;0,0001
2017-08-03 21:00:00+00:00;4,58E-05;0;0;0;0;0;0,425;0,425;0,70667383;0,83025098;0,0001;0;0,0001
2017-08-03 22:00:00+00:00;3,01E-05;0;0;0;0;0;0,394;0,394;0,66670933;0,54582568;0,0001;0;0,0001
2017-08-03 23:00:00+00:00;6,32E-06;0;0;0;0;0;0,347;0,347;0,68279381;0,23702108;0,0001;0;0,0001
2017-08-04 00:00:00+00:00;6,96E-06;0;0;0;0;0;0,332;0,332;0,6828643;0,23532807;0,0001;0;0,0001
2017-08-04 01:00:00+00:00;1,13E-05;0;0;0;0;0;0,289;0,289;0,68457001;0,23905269;0,0001;0;0,0001
2017-08-04 02:00:00+00:00;1,44E-05;0;0;0;0;0;0,258;0,258;0,68086255;0,23532807;0,0001;0;0,0001
2017-08-04 03:00:00+00:00;1,78E-05;0;0;0;0;0;0,219;0,219;0,68103171;0,23837548;0,0001;0;0,0001
2017-08-04 04:00:00+00:00;2,45E-05;0;0;0;0;0;0,208;0,208;0,68808012;0,25699857;0,0001;0;0,0001
2017-08-04 05:00:00+00:00;5,91E-05;0;0;0;0;0;0,211;0,211;0,69270388;0,24988794;0,0001;0;0,0001
2017-08-04 06:00:00+00:00;0,00027798;0;0;0;0;0;0,21;0,21;0,70024568;0,25530556;0,0001;0;0,0001
2017-08-04 07:00:00+00:00;0,00035314;0;0;0;0;0;0,11;0,11;0,69842719;0,25462836;0,0001;0;0,0001
2017-08-04 08:00:00+00:00;0,00028015;0;0;0;0;0,061813428;0,166;0,166;0,70320601;0,25632137;0,0001;0,061813428;0,0001
2017-08-04 09:00:00+00:00;6,09E-05;0;0;0;0;0,219041968;0,5;0,5;0,6925911;0,28747271;0,0001;0,219041968;0,0001
2017-08-04 10:00:00+00:00;2,51E-05;0;0;0;0;0,418079447;0,501;0,501;0,7032483;0,28239369;0,0001;0,418079447;0,0001
2017-08-04 11:00:00+00:00;2,51E-05;0;0;0;0;0,547679316;0,397;0,397;0,70244479;0,29255173;0,0001;0,547679316;0,0001
2017-08-04 12:00:00+00:00;2,56E-05;0;0;0;0;0,674065346;0,28;0,28;0,68894003;0,45778928;0,0001;0,674065346;0,0001
2017-08-04 13:00:00+00:00;2,46E-05;0;0;0;0;0,706127317;0,202;0,202;0,69497347;0,46659292;0,0001;0,706127317;0,0001
2017-08-04 14:00:00+00:00;2,53E-05;0;0;0;0;0,711201709;0,165;0,165;0,68979993;0,50180748;0,0001;0,711201709;0,0001
2017-08-04 15:00:00+00:00;2,98E-05;0;0;0;0;0,601321329;0,15;0,15;0,68977174;0,50350049;0,0001;0,601321329;0,0001
2017-08-04 16:00:00+00:00;3,91E-05;0;0;0;0;0,481550461;0,149;0,149;0,69113913;0,47201055;0,0001;0,481550461;0,0001
2017-08-04 17:00:00+00:00;6,98E-05;0;0;0;0;0,325307368;0,182;0,182;0,68542992;0,74052157;0,0001;0,325307368;0,0001
2017-08-04 18:00:00+00:00;0,00032642;0;0;0;0;0,127255959;0,331;0,331;0,79187504;0,88137981;0,0001;0,127255959;0,0001
2017-08-04 19:00:00+00:00;0,00034474;0;0;0;0;0;0,525;0,525;0,8839696;0,88239562;0,0001;0;0,0001
2017-08-04 20:00:00+00:00;8,63E-05;0;0;0;0;0;0,6;0,6;0,77127958;0,87697799;0,0001;0;0,0001
2017-08-04 21:00:00+00:00;4,56E-05;0;0;0;0;0;0,532;0,532;0,73097676;0,8793482;0,0001;0;0,0001
2017-08-04 22:00:00+00:00;3,02E-05;0;0;0;0;0;0,491;0,491;0,6965946;0,35282281;0,0001;0;0,0001
2017-08-04 23:00:00+00:00;6,35E-06;0;0;0;0;0;0,449;0,449;0,68643079;0,23329646;0,0001;0;0,0001
2017-08-05 00:00:00+00:00;8,61E-06;0;0;0;0;0;0,392;0,392;0,41582814;0,14492146;0,0001;0;0,0001
2017-08-05 01:00:00+00:00;1,41E-05;0;0;0;0;0;0,379;0,379;0,38908646;0,14390565;0,0001;0;0,0001
2017-08-05 02:00:00+00:00;1,82E-05;0;0;0;0;0;0,358;0,358;0,37906362;0,14458286;0,0001;0;0,0001
2017-08-05 03:00:00+00:00;2,25E-05;0;0;0;0;0;0,356;0,356;0,36840642;0,14492146;0,0001;0;0,0001
2017-08-05 04:00:00+00:00;2,96E-05;0;0;0;0;0;0,34;0,34;0,37800636;0,14526006;0,0001;0;0,0001
2017-08-05 05:00:00+00:00;6,76E-05;0;0;0;0;0;0,278;0,278;0,3880292;0,14356705;0,0001;0;0,0001
2017-08-05 06:00:00+00:00;0,0002868;0;0;0;0;0;0,254;0,254;0,32340936;0,13002299;0,0001;0;0,0001
2017-08-05 07:00:00+00:00;0,00037335;0;0;0;0;0;0,145;0,145;0,39110231;0,17742721;0,0001;0;0,0001
2017-08-05 08:00:00+00:00;0,00030196;0;0;0;0;0,121173048;0,462;0,462;0,40519914;0,17810441;0,0001;0,121173048;0,0001
2017-08-05 09:00:00+00:00;8,89E-05;0;0;0;0;0,347453456;0,489;0,489;0,43454872;0,17471839;0,0001;0,347453456;0,0001
2017-08-05 10:00:00+00:00;5,82E-05;0;0;0;0;0,55504218;0,179;0,179;0,4413293;0,1760728;0,0001;0,55504218;0,0001
2017-08-05 11:00:00+00:00;5,98E-05;0;0;0;0;0,72024687;0,03;0,03;0,43115139;0,14695307;0,0001;0,72024687;0,0001
2017-08-05 12:00:00+00:00;5,72E-05;0;0;0;0;0,820883406;0,004;0,004;0,38282747;0,15575671;0,0001;0,820883406;0,0001
2017-08-05 13:00:00+00:00;5,35E-05;0;0;0;0;0,841162689;0,001;0,001;0,38788823;0,17675;0,0001;0,841162689;0,0001
2017-08-05 14:00:00+00:00;5,72E-05;0;0;0;0;0,815364638;0,001;0,001;0,3640646;0,19909771;0,0001;0,815364638;0,0001
2017-08-05 15:00:00+00:00;6,34E-05;0;0;0;0;0,740612088;0,001;0,001;0,41774531;0,40225863;0,0001;0,740612088;0,0001
2017-08-05 16:00:00+00:00;6,22E-05;0;0;0;0;0,609428459;0,001;0,001;0,4306721;0,39921122;0,0001;0,609428459;0,0001
2017-08-05 17:00:00+00:00;8,83E-05;0;0;0;0;0,413461169;0,003;0,003;0,55434354;0,6812663;0,0001;0,413461169;0,0001
2017-08-05 18:00:00+00:00;0,00034394;0;0;0;0;0,178287456;0,011;0,011;0,68988451;0,82043154;0,0001;0,178287456;0,0001
2017-08-05 19:00:00+00:00;0,00035712;0;0;0;0;0;0,032;0,032;0,67901586;0,82212454;0,0001;0;0,0001
2017-08-05 20:00:00+00:00;9,12E-05;0;0;0;0;0;0,068;0,068;0,6437597;0,82415615;0,0001;0;0,0001
2017-08-05 21:00:00+00:00;5,01E-05;0;0;0;0;0;0,106;0,106;0,6055996;0,79639083;0,0001;0;0,0001
2017-08-05 22:00:00+00:00;3,36E-05;0;0;0;0;0;0,122;0,122;0,56323864;0,50248469;0,0001;0;0,0001
2017-08-05 23:00:00+00:00;8,22E-06;0;0;0;0;0;0,109;0,109;0,53724409;0,14526006;0,0001;0;0,0001
2017-08-06 00:00:00+00:00;8,53E-06;0;0;0;0;0;0,078;0,078;0,32123845;0,20586974;0,0001;0;0,0001
2017-08-06 01:00:00+00:00;1,42E-05;0;0;0;0;0;0,059;0,059;0,25656221;0,1984205;0,0001;0;0,0001
2017-08-06 02:00:00+00:00;1,81E-05;0;0;0;0;0;0,065;0,065;0,28151359;0,1980819;0,0001;0;0,0001
2017-08-06 03:00:00+00:00;2,27E-05;0;0;0;0;0;0,104;0,104;0,27891978;0,20891715;0,0001;0;0,0001
2017-08-06 04:00:00+00:00;3,03E-05;0;0;0;0;0;0,157;0,157;0,31617768;0,20722414;0,0001;0;0,0001
2017-08-06 05:00:00+00:00;6,67E-05;0;0;0;0;0;0,16;0,16;0,29319986;0,20756274;0,0001;0;0,0001
2017-08-06 06:00:00+00:00;0,00028684;0;0;0;0;0;0,112;0,112;0,32706043;0,20925575;0,0001;0;0,0001
2017-08-06 07:00:00+00:00;0,00037299;0;0;0;0;0;0,046;0,046;0,40271809;0,24751773;0,0001;0;0,0001
2017-08-06 08:00:00+00:00;0,00030162;0;0;0;0;0,1461254;0,012;0,012;0,43817161;0,24684052;0,0001;0,1461254;0,0001
2017-08-06 09:00:00+00:00;8,68E-05;0;0;0;0;0,40047524;0,046;0,046;0,43061571;0,24819493;0,0001;0,40047524;0,0001
2017-08-06 10:00:00+00:00;5,82E-05;0;0;0;0;0,610146898;0,024;0,024;0,48050437;0,20722414;0,0001;0,610146898;0,0001
2017-08-06 11:00:00+00:00;5,92E-05;0;0;0;0;0,754711991;0,011;0,011;0,4692974;0,20925575;0,0001;0,754711991;0,0001
2017-08-06 12:00:00+00:00;6,11E-05;0;0;0;0;0,838282559;0,006;0,006;0,39910931;0,21061016;0,0001;0,838282559;0,0001
2017-08-06 13:00:00+00:00;5,71E-05;0;0;0;0;0,855922807;0,004;0,004;0,42300343;0,23634388;0,0001;0,855922807;0,0001
2017-08-06 14:00:00+00:00;5,62E-05;0;0;0;0;0,828206469;0,003;0,003;0,46453267;0,24887213;0,0001;0,828206469;0,0001
2017-08-06 15:00:00+00:00;5,96E-05;0;0;0;0;0,75007534;0,005;0,005;0,46718287;0,26106179;0,0001;0,75007534;0,0001
2017-08-06 16:00:00+00:00;6,50E-05;0;0;0;0;0,612520482;0,011;0,011;0,47311764;0,49198804;0,0001;0,612520482;0,0001
2017-08-06 17:00:00+00:00;8,86E-05;0;0;0;0;0,418575962;0,036;0,036;0,5367789;0,74932521;0,0001;0,418575962;0,0001
2017-08-06 18:00:00+00:00;0,0003427;0;0;0;0;0,181305778;0,121;0,121;0,71724645;0,88510443;0,0001;0,181305778;0,0001
2017-08-06 19:00:00+00:00;0,00035839;0;0;0;0;0;0,245;0,245;0,70664564;0,88239562;0,0001;0;0,0001
2017-08-06 20:00:00+00:00;9,10E-05;0;0;0;0;0;0,371;0,371;0,64460551;0,88307282;0,0001;0;0,0001
2017-08-06 21:00:00+00:00;5,00E-05;0;0;0;0;0;0,448;0,448;0,47767091;0,85496889;0,0001;0;0,0001
2017-08-06 22:00:00+00:00;3,37E-05;0;0;0;0;0;0,452;0,452;0,44407818;0,33724713;0,0001;0;0,0001
2017-08-06 23:00:00+00:00;8,24E-06;0;0;0;0;0;0,375;0,375;0,38812788;0,1980819;0,0001;0;0,0001
2017-08-07 00:00:00+00:00;8,59E-06;0;0;0;0;0;0,286;0,286;0,28316292;0,18318343;0,0001;0;0,0001
2017-08-07 01:00:00+00:00;1,41E-05;0;0;0;0;0;0,216;0,216;0,2726044;0,1764114;0,0001;0;0,0001
2017-08-07 02:00:00+00:00;1,79E-05;0;0;0;0;0;0,163;0,163;0,259297;0,19300288;0,0001;0;0,0001
2017-08-07 03:00:00+00:00;2,27E-05;0;0;0;0;0;0,112;0,112;0,25196665;0,18893966;0,0001;0;0,0001
2017-08-07 04:00:00+00:00;3,00E-05;0;0;0;0;0;0,067;0,067;0,25807057;0,21772079;0,0001;0;0,0001
2017-08-07 05:00:00+00:00;6,70E-05;0;0;0;0;0;0,027;0,027;0,31540236;0,21772079;0,0001;0;0,0001
2017-08-07 06:00:00+00:00;0,00029271;0;0;0;0;0;0,003;0,003;0,30759272;0,22212261;0,0001;0;0,0001
2017-08-07 07:00:00+00:00;0,00037664;0;0;0;0;0;0;0;0,37944424;0,25428976;0,0001;0;0,0001
2017-08-07 08:00:00+00:00;0,00029906;0;0;0;0;0,144968964;0;0;0,40643966;0,25259675;0,0001;0,144968964;0,0001
2017-08-07 09:00:00+00:00;9,31E-05;0;0;0;0;0,393690402;0,001;0,001;0,41038677;0,25395116;0,0001;0,393690402;0,0001
2017-08-07 10:00:00+00:00;6,08E-05;0;0;0;0;0,602300043;0,011;0,011;0,43071439;0,2204296;0,0001;0,602300043;0,0001
2017-08-07 11:00:00+00:00;5,77E-05;0;0;0;0;0,746577836;0,03;0,03;0,41830918;0,21839799;0,0001;0,746577836;0,0001
2017-08-07 12:00:00+00:00;5,94E-05;0;0;0;0;0,828148971;0,052;0,052;0,38554816;0,22550863;0,0001;0,828148971;0,0001
2017-08-07 13:00:00+00:00;5,64E-05;0;0;0;0;0,850175134;0,069;0,069;0,39885557;0,21636638;0,0001;0,850175134;0,0001
2017-08-07 14:00:00+00:00;5,62E-05;0;0;0;0;0,819891449;0,077;0,077;0,44269669;0,22957185;0,0001;0,819891449;0,0001
2017-08-07 15:00:00+00:00;6,00E-05;0;0;0;0;0,742024081;0,076;0,076;0,42965713;0,23092625;0,0001;0,742024081;0,0001
2017-08-07 16:00:00+00:00;6,26E-05;0;0;0;0;0,606370295;0,07;0,07;0,43237781;0,44526103;0,0001;0,606370295;0,0001
2017-08-07 17:00:00+00:00;8,75E-05;0;0;0;0;0,413829838;0,066;0,066;0,47341367;0,71207904;0,0001;0,413829838;0,0001
2017-08-07 18:00:00+00:00;0,00034034;0;0;0;0;0,17812472;0,075;0,075;0,68337178;0,89255366;0,0001;0,17812472;0,0001
2017-08-07 19:00:00+00:00;0,00035531;0;0;0;0;0;0,083;0,083;0,69116732;0,88273422;0,0001;0;0,0001
2017-08-07 20:00:00+00:00;9,19E-05;0;0;0;0;0;0,088;0,088;0,58862702;0,85869351;0,0001;0;0,0001
2017-08-07 21:00:00+00:00;5,02E-05;0;0;0;0;0;0,09;0,09;0,47355464;0,85090568;0,0001;0;0,0001
2017-08-07 22:00:00+00:00;3,39E-05;0;0;0;0;0;0,087;0,087;0,3929349;0,56614178;0,0001;0;0,0001
2017-08-07 23:00:00+00:00;8,63E-06;0;0;0;0;0;0,084;0,084;0,34965765;0,19029407;0,0001;0;0,0001
2017-08-08 00:00:00+00:00;8,67E-06;0;0;0;0;0;0,088;0,088;0,35931397;0,16083573;0,0001;0;0,0001
2017-08-08 01:00:00+00:00;1,39E-05;0;0;0;0;0;0,113;0,113;0,33797138;0,16015853;0,0001;0;0,0001
2017-08-08 02:00:00+00:00;1,81E-05;0;0;0;0;0;0,163;0,163;0,3289776;0,18081322;0,0001;0;0,0001
2017-08-08 03:00:00+00:00;2,26E-05;0;0;0;0;0;0,234;0,234;0,30918566;0,18386064;0,0001;0;0,0001
2017-08-08 04:00:00+00:00;3,02E-05;0;0;0;0;0;0,259;0,259;0,30064298;0,19164847;0,0001;0;0,0001
2017-08-08 05:00:00+00:00;6,80E-05;0;0;0;0;0;0,235;0,235;0,31452836;0,21467338;0,0001;0;0,0001
2017-08-08 06:00:00+00:00;0,00028803;0;0;0;0;0;0,179;0,179;0,26672602;0,21298037;0,0001;0;0,0001
2017-08-08 07:00:00+00:00;0,00037212;0;0;0;0;0;0,061;0,061;0,28182372;0,25124234;0,0001;0;0,0001
2017-08-08 08:00:00+00:00;0,0003062;0;0;0;0;0,140702001;0,012;0,012;0,30533723;0,25327395;0,0001;0,140702001;0,0001
2017-08-08 09:00:00+00:00;9,12E-05;0;0;0;0;0,385364575;0,046;0,046;0,3174464;0,25395116;0,0001;0,385364575;0,0001
2017-08-08 10:00:00+00:00;5,71E-05;0;0;0;0;0,591401082;0,062;0,062;0,33471501;0,25090374;0,0001;0,591401082;0,0001
2017-08-08 11:00:00+00:00;5,73E-05;0;0;0;0;0,737345672;0,069;0,069;0,34740215;0,22110681;0,0001;0,737345672;0,0001
2017-08-08 12:00:00+00:00;5,88E-05;0;0;0;0;0,818192155;0,078;0,078;0,33814054;0,17878161;0,0001;0,818192155;0,0001
2017-08-08 13:00:00+00:00;6,10E-05;0;0;0;0;0,841536731;0,084;0,084;0,33330533;0,17708861;0,0001;0,841536731;0,0001
2017-08-08 14:00:00+00:00;5,95E-05;0;0;0;0;0,814057139;0,09;0,09;0,38928382;0,18250623;0,0001;0,814057139;0,0001
2017-08-08 15:00:00+00:00;6,12E-05;0;0;0;0;0,73612279;0,096;0,096;0,41434798;0,18081322;0,0001;0,73612279;0,0001
2017-08-08 16:00:00+00:00;6,21E-05;0;0;0;0;0,601582119;0,099;0,099;0,41815412;0,39717961;0,0001;0,601582119;0,0001
2017-08-08 17:00:00+00:00;8,73E-05;0;0;0;0;0,410015878;0,097;0,097;0,47121457;0,72663891;0,0001;0,410015878;0,0001
2017-08-08 18:00:00+00:00;0,00034491;0;0;0;0;0,176852751;0,124;0,124;0,60633263;0,85463029;0,0001;0,176852751;0,0001
2017-08-08 19:00:00+00:00;0,00035608;0;0;0;0;0;0,164;0,164;0,59622521;0,88137981;0,0001;0;0,0001
2017-08-08 20:00:00+00:00;9,22E-05;0;0;0;0;0;0,213;0,213;0,54439118;0,8332984;0,0001;0;0,0001
2017-08-08 21:00:00+00:00;4,98E-05;0;0;0;0;0;0,255;0,255;0,47187712;0,81704552;0,0001;0;0,0001
2017-08-08 22:00:00+00:00;3,38E-05;0;0;0;0;0;0,278;0,278;0,39834808;0,31185202;0,0001;0;0,0001
2017-08-08 23:00:00+00:00;8,57E-06;0;0;0;0;0;0,288;0,288;0,3787253;0,16930077;0,0001;0;0,0001
2017-08-09 00:00:00+00:00;8,84E-06;0;0;0;0;0;0,286;0,286;0,33869032;0,15744972;0,0001;0;0,0001
2017-08-09 01:00:00+00:00;1,40E-05;0;0;0;0;0;0,289;0,289;0,33319255;0,16083573;0,0001;0;0,0001
2017-08-09 02:00:00+00:00;1,82E-05;0;0;0;0;0;0,302;0,302;0,32732828;0,15880412;0,0001;0;0,0001
2017-08-09 03:00:00+00:00;2,24E-05;0;0;0;0;0;0,298;0,298;0,33977577;0,18724665;0,0001;0;0,0001
2017-08-09 04:00:00+00:00;2,98E-05;0;0;0;0;0;0,286;0,286;0,33754847;0,18995546;0,0001;0;0,0001
2017-08-09 05:00:00+00:00;6,59E-05;0;0;0;0;0;0,263;0,263;0,3623166;0,18724665;0,0001;0;0,0001
2017-08-09 06:00:00+00:00;0,00029201;0;0;0;0;0;0,224;0,224;0,37773852;0,1974047;0,0001;0;0,0001
2017-08-09 07:00:00+00:00;0,00038065;0;0;0;0;0;0,089;0,089;0,37565219;0,21738219;0,0001;0;0,0001
2017-08-09 08:00:00+00:00;0,00030163;0;0;0;0;0,143176442;0,017;0,017;0,37709007;0,21162596;0,0001;0,143176442;0,0001
2017-08-09 09:00:00+00:00;8,98E-05;0;0;0;0;0,39283837;0,102;0,102;0,3534074;0,21535058;0,0001;0,39283837;0,0001
2017-08-09 10:00:00+00:00;5,69E-05;0;0;0;0;0,594019269;0,098;0,098;0,42369417;0,2194138;0,0001;0,594019269;0,0001
2017-08-09 11:00:00+00:00;5,67E-05;0;0;0;0;0,738138052;0,071;0,071;0,39800975;0,17031657;0,0001;0,738138052;0,0001
2017-08-09 12:00:00+00:00;5,77E-05;0;0;0;0;0,818954298;0,051;0,051;0,39753046;0,16997797;0,0001;0,818954298;0,0001
2017-08-09 13:00:00+00:00;5,83E-05;0;0;0;0;0,840925959;0,037;0,037;0,41391097;0,17234818;0,0001;0,840925959;0,0001
2017-08-09 14:00:00+00:00;6,09E-05;0;0;0;0;0,814813262;0,028;0,028;0,43852403;0,1753956;0,0001;0,814813262;0,0001
2017-08-09 15:00:00+00:00;6,06E-05;0;0;0;0;0,730706057;0,019;0,019;0,49400913;0,17302539;0,0001;0,730706057;0,0001
2017-08-09 16:00:00+00:00;6,61E-05;0;0;0;0;0,594155718;0,011;0,011;0,42930471;0,23600527;0,0001;0,594155718;0,0001
2017-08-09 17:00:00+00:00;8,87E-05;0;0;0;0;0,40137756;0,009;0,009;0,43728351;0,6805891;0,0001;0,40137756;0,0001
2017-08-09 18:00:00+00:00;0,00034393;0;0;0;0;0,17245059;0,031;0,031;0,64538084;0,88104121;0,0001;0,17245059;0,0001
2017-08-09 19:00:00+00:00;0,00035646;0;0;0;0;0;0,098;0,098;0,68963077;0,87426918;0,0001;0;0,0001
2017-08-09 20:00:00+00:00;9,08E-05;0;0;0;0;0;0,173;0,173;0,57595398;0,87460778;0,0001;0;0,0001
2017-08-09 21:00:00+00:00;5,01E-05;0;0;0;0;0;0,234;0,234;0,49883025;0,83668441;0,0001;0;0,0001
2017-08-09 22:00:00+00:00;3,39E-05;0;0;0;0;0;0,281;0,281;0,39417542;0,44830844;0,0001;0;0,0001
2017-08-09 23:00:00+00:00;8,39E-06;0;0;0;0;0;0,279;0,279;0,30288438;0,16049713;0,0001;0;0,0001
2017-08-10 00:00:00+00:00;6,97E-06;0;0;0;0;0;0,24;0,24;0,48409906;0,15270929;0,0001;0;0,0001
2017-08-10 01:00:00+00:00;1,12E-05;0;0;0;0;0;0,214;0,214;0,42256642;0,15169349;0,0001;0;0,0001
2017-08-10 02:00:00+00:00;1,44E-05;0;0;0;0;0;0,189;0,189;0,39506352;0,15237069;0,0001;0;0,0001
2017-08-10 03:00:00+00:00;1,78E-05;0;0;0;0;0;0,155;0,155;0,3742848;0,15067769;0,0001;0;0,0001
2017-08-10 04:00:00+00:00;2,45E-05;0;0;0;0;0;0,118;0,118;0,3831517;0,18453784;0,0001;0;0,0001
2017-08-10 05:00:00+00:00;5,91E-05;0;0;0;0;0;0,079;0,079;0,40393042;0,18216763;0,0001;0;0,0001
2017-08-10 06:00:00+00:00;0,00028341;0;0;0;0;0;0,049;0,049;0,46238995;0,18419924;0,0001;0;0,0001
2017-08-10 07:00:00+00:00;0,00036063;0;0;0;0;0;0,016;0,016;0,50875441;0,24447031;0,0001;0;0,0001
2017-08-10 08:00:00+00:00;0,00028117;0;0;0;0;0,124847859;0,002;0,002;0,52024333;0,24684052;0,0001;0,124847859;0,0001
2017-08-10 09:00:00+00:00;6,14E-05;0;0;0;0;0,332031767;0,011;0,011;0,50561082;0,24040709;0,0001;0,332031767;0,0001
2017-08-10 10:00:00+00:00;2,52E-05;0;0;0;0;0,521925245;0,007;0,007;0,58831689;0,20993296;0,0001;0,521925245;0,0001
2017-08-10 11:00:00+00:00;2,51E-05;0;0;0;0;0,691875277;0,002;0,002;0,54399647;0,18792386;0,0001;0,691875277;0,0001
2017-08-10 12:00:00+00:00;2,57E-05;0;0;0;0;0,793393983;0;0;0,42571001;0,15778832;0,0001;0,793393983;0,0001
2017-08-10 13:00:00+00:00;2,46E-05;0;0;0;0;0,809736367;0;0;0,46860665;0,1540637;0,0001;0,809736367;0,0001
2017-08-10 14:00:00+00:00;2,54E-05;0;0;0;0;0,768354742;0;0;0,49009021;0,16388315;0,0001;0,768354742;0,0001
2017-08-10 15:00:00+00:00;2,99E-05;0;0;0;0;0,677255022;0;0;0,53563706;0,17708861;0,0001;0,677255022;0,0001
2017-08-10 16:00:00+00:00;3,89E-05;0;0;0;0;0,548199378;0;0;0,53817448;0,38634436;0,0001;0,548199378;0,0001
2017-08-10 17:00:00+00:00;7,07E-05;0;0;0;0;0,364225379;0,002;0,002;0,49410781;0,7239301;0,0001;0,364225379;0,0001
2017-08-10 18:00:00+00:00;0,0003348;0;0;0;0;0,155450389;0,018;0,018;0,69859635;0,87596219;0,0001;0,155450389;0,0001
2017-08-10 19:00:00+00:00;0,00034988;0;0;0;0;0;0,074;0,074;0,73758817;0,8783324;0,0001;0;0,0001
2017-08-10 20:00:00+00:00;8,65E-05;0;0;0;0;0;0,16;0,16;0,69990736;0,87054456;0,0001;0;0,0001
2017-08-10 21:00:00+00:00;4,57E-05;0;0;0;0;0;0,241;0,241;0,67774715;0,84718106;0,0001;0;0,0001
2017-08-10 22:00:00+00:00;3,01E-05;0;0;0;0;0;0,244;0,244;0,6171308;0,55666094;0,0001;0;0,0001
2017-08-10 23:00:00+00:00;6,25E-06;0;0;0;0;0;0,195;0,195;0,52421863;0,30982041;0,0001;0;0,0001
2017-08-11 00:00:00+00:00;7,02E-06;0;0;0;0;0;0,237;0,237;0,1220785;0,14153544;0,0001;0;0,0001
2017-08-11 01:00:00+00:00;1,13E-05;0;0;0;0;0;0,301;0,301;0,1243199;0,14119684;0,0001;0;0,0001
2017-08-11 02:00:00+00:00;1,44E-05;0;0;0;0;0;0,383;0,383;0,12706878;0,15000048;0,0001;0;0,0001
2017-08-11 03:00:00+00:00;1,79E-05;0;0;0;0;0;0,422;0,422;0,08938797;0,17471839;0,0001;0;0,0001
2017-08-11 04:00:00+00:00;2,46E-05;0;0;0;0;0;0,469;0,469;0,09536502;0,17708861;0,0001;0;0,0001
2017-08-11 05:00:00+00:00;6,07E-05;0;0;0;0;0;0,488;0,488;0,12853485;0,175057;0,0001;0;0,0001
2017-08-11 06:00:00+00:00;0,00028118;0;0;0;0;0;0,495;0,495;0,18156711;0,1753956;0,0001;0;0,0001
2017-08-11 07:00:00+00:00;0,00036058;0;0;0;0;0;0,703;0,703;0,20392467;0,20316092;0,0001;0;0,0001
2017-08-11 08:00:00+00:00;0,00028398;0;0;0;0;0,131163377;0,853;0,853;0,21785233;0,18115182;0,0001;0,131163377;0,0001
2017-08-11 09:00:00+00:00;6,09E-05;0;0;0;0;0,357142099;0,809;0,809;0,21697833;0,18758525;0,0001;0,357142099;0,0001
2017-08-11 10:00:00+00:00;2,51E-05;0;0;0;0;0,555235362;0,708;0,708;0,25719657;0,14356705;0,0001;0,555235362;0,0001
2017-08-11 11:00:00+00:00;2,49E-05;0;0;0;0;0,703228851;0,558;0,558;0,25585737;0,14187405;0,0001;0,703228851;0,0001
2017-08-11 12:00:00+00:00;2,56E-05;0;0;0;0;0,78811913;0,405;0,405;0,23259761;0,14796887;0,0001;0,78811913;0,0001
2017-08-11 13:00:00+00:00;2,45E-05;0;0;0;0;0,813966111;0,297;0,297;0,297006;0,14458286;0,0001;0,813966111;0,0001
2017-08-11 14:00:00+00:00;2,53E-05;0;0;0;0;0,752819262;0,235;0,235;0,33231855;0,14153544;0,0001;0,752819262;0,0001
2017-08-11 15:00:00+00:00;2,99E-05;0;0;0;0;0,645984867;0,212;0,212;0,33436259;0,36061064;0,0001;0,645984867;0,0001
2017-08-11 16:00:00+00:00;3,93E-05;0;0;0;0;0,500266809;0,215;0,215;0,30250377;0,36568966;0,0001;0,500266809;0,0001
2017-08-11 17:00:00+00:00;7,01E-05;0;0;0;0;0,344755411;0,263;0,263;0,30203857;0,69718057;0,0001;0,344755411;0,0001
2017-08-11 18:00:00+00:00;0,00033229;0;0;0;0;0,149589599;0,468;0,468;0,58376362;0,84785826;0,0001;0,149589599;0,0001
2017-08-11 19:00:00+00:00;0,00035148;0;0;0;0;0;0,624;0,624;0,63338444;0,86174092;0,0001;0;0,0001
2017-08-11 20:00:00+00:00;8,74E-05;0;0;0;0;0;0,623;0,623;0,52989965;0,82517196;0,0001;0;0,0001
2017-08-11 21:00:00+00:00;4,56E-05;0;0;0;0;0;0,606;0,606;0,40704582;0,82923518;0,0001;0;0,0001
2017-08-11 22:00:00+00:00;3,02E-05;0;0;0;0;0;0,621;0,621;0,35911661;0,263432;0,0001;0;0,0001
2017-08-11 23:00:00+00:00;6,13E-06;0;0;0;0;0;0,583;0,583;0,24092884;0,14085824;0,0001;0;0,0001
2017-08-12 00:00:00+00:00;9,03E-06;0;0;0;0;0;0,541;0,541;0,53713132;0,22754024;0,0001;0;0,0001
2017-08-12 01:00:00+00:00;1,44E-05;0;0;0;0;0;0,496;0,496;0,54399647;0,220091;0,0001;0;0,0001
2017-08-12 02:00:00+00:00;1,85E-05;0;0;0;0;0;0,465;0,465;0,51721251;0,22449282;0,0001;0;0,0001
2017-08-12 03:00:00+00:00;2,19E-05;0;0;0;0;0;0,463;0,463;0,51614115;0,19266428;0,0001;0;0,0001
2017-08-12 04:00:00+00:00;2,96E-05;0;0;0;0;0;0,505;0,505;0,51721251;0,19435728;0,0001;0;0,0001
2017-08-12 05:00:00+00:00;6,75E-05;0;0;0;0;0;0,478;0,478;0,50511743;0,19503449;0,0001;0;0,0001
2017-08-12 06:00:00+00:00;0,00029998;0;0;0;0;0;0,456;0,456;0,56999102;0,19537309;0,0001;0;0,0001
2017-08-12 07:00:00+00:00;0,00037693;0;0;0;0;0;0,708;0,708;0,59129132;0,1970661;0,0001;0;0,0001
2017-08-12 08:00:00+00:00;0,00030783;0;0;0;0;0,129280358;0,741;0,741;0,65279577;0,19503449;0,0001;0,129280358;0,0001
2017-08-12 09:00:00+00:00;9,29E-05;0;0;0;0;0,362543254;0,6;0,6;0,61532641;0,19469589;0,0001;0,362543254;0,0001
2017-08-12 10:00:00+00:00;5,90E-05;0;0;0;0;0,565802909;0,424;0,424;0,60765773;0,20045211;0,0001;0,565802909;0,0001
2017-08-12 11:00:00+00:00;5,85E-05;0;0;0;0;0,711559763;0,283;0,283;0,66411552;0,22821744;0,0001;0,711559763;0,0001
2017-08-12 12:00:00+00:00;5,93E-05;0;0;0;0;0,785985837;0,18;0,18;0,63686636;0,2410843;0,0001;0,785985837;0,0001
2017-08-12 13:00:00+00:00;5,93E-05;0;0;0;0;0,797539807;0,106;0,106;0,67478682;0,24480891;0,0001;0,797539807;0,0001
2017-08-12 14:00:00+00:00;5,82E-05;0;0;0;0;0,784920561;0,06;0,06;0,69722896;0,24447031;0,0001;0,784920561;0,0001
2017-08-12 15:00:00+00:00;6,19E-05;0;0;0;0;0,71258793;0,039;0,039;0,66394636;0,2421001;0,0001;0,71258793;0,0001
2017-08-12 16:00:00+00:00;6,20E-05;0;0;0;0;0,581200401;0,037;0,037;0,70450292;0,44052061;0,0001;0,581200401;0,0001
2017-08-12 17:00:00+00:00;8,70E-05;0;0;0;0;0,395442304;0,063;0,063;0,70749145;0,75237263;0,0001;0,395442304;0,0001
2017-08-12 18:00:00+00:00;0,00034078;0;0;0;0;0,171084385;0,2;0,2;0,85321033;0,90237311;0,0001;0,171084385;0,0001
2017-08-12 19:00:00+00:00;0,00035919;0;0;0;0;0;0,408;0,408;0,86027284;0,86072512;0,0001;0;0,0001
2017-08-12 20:00:00+00:00;9,23E-05;0;0;0;0;0;0,491;0,491;0,78547508;0,87223757;0,0001;0;0,0001
2017-08-12 21:00:00+00:00;5,00E-05;0;0;0;0;0;0,459;0,459;0,68358323;0,83295979;0,0001;0;0,0001
2017-08-12 22:00:00+00:00;3,38E-05;0;0;0;0;0;0,433;0,433;0,64896143;0,54650289;0,0001;0;0,0001
2017-08-12 23:00:00+00:00;8,52E-06;0;0;0;0;0;0,39;0,39;0,61679248;0,18352204;0,0001;0;0,0001
2017-08-13 00:00:00+00:00;8,65E-06;0;0;0;0;0;0,357;0,357;0,303702;0,17404119;0,0001;0;0,0001
2017-08-13 01:00:00+00:00;1,47E-05;0;0;0;0;0;0,363;0,363;0,25630847;0,17437979;0,0001;0;0,0001
2017-08-13 02:00:00+00:00;1,85E-05;0;0;0;0;0;0,369;0,369;0,24015351;0,1764114;0,0001;0;0,0001
2017-08-13 03:00:00+00:00;2,27E-05;0;0;0;0;0;0,332;0,332;0,21172021;0,17979742;0,0001;0;0,0001
2017-08-13 04:00:00+00:00;3,04E-05;0;0;0;0;0;0,332;0,332;0,22514039;0,19097127;0,0001;0;0,0001
2017-08-13 05:00:00+00:00;6,66E-05;0;0;0;0;0;0,268;0,268;0,29008446;0,19029407;0,0001;0;0,0001
2017-08-13 06:00:00+00:00;0,00029271;0;0;0;0;0;0,255;0,255;0,28928094;0,21298037;0,0001;0;0,0001
2017-08-13 07:00:00+00:00;0,00038076;0;0;0;0;0;0,205;0,205;0,34816338;0,25530556;0,0001;0;0,0001
2017-08-13 08:00:00+00:00;0,00030824;0;0;0;0;0,148409147;0,487;0,487;0,36472715;0,25259675;0,0001;0,148409147;0,0001
2017-08-13 09:00:00+00:00;8,93E-05;0;0;0;0;0,399358124;0,489;0,489;0,38167154;0,25530556;0,0001;0,399358124;0,0001
2017-08-13 10:00:00+00:00;5,53E-05;0;0;0;0;0,604499676;0,283;0,283;0,40329606;0,25259675;0,0001;0,604499676;0,0001
2017-08-13 11:00:00+00:00;5,76E-05;0;0;0;0;0,747568084;0,131;0,131;0,37225486;0,19063267;0,0001;0,747568084;0,0001
2017-08-13 12:00:00+00:00;6,22E-05;0;0;0;0;0,828412126;0,054;0,054;0,27119472;0,19435728;0,0001;0,828412126;0,0001
2017-08-13 13:00:00+00:00;6,01E-05;0;0;0;0;0,847428083;0,016;0,016;0,31953273;0,18115182;0,0001;0,847428083;0,0001
2017-08-13 14:00:00+00:00;6,04E-05;0;0;0;0;0,820533792;0,003;0,003;0,35154662;0,21264177;0,0001;0,820533792;0,0001
2017-08-13 15:00:00+00:00;6,11E-05;0;0;0;0;0,744238617;0,001;0,001;0,40115335;0,28781131;0,0001;0,744238617;0,0001
2017-08-13 16:00:00+00:00;6,28E-05;0;0;0;0;0,608279161;0;0;0,47108769;0,45034005;0,0001;0,608279161;0,0001
2017-08-13 17:00:00+00:00;8,61E-05;0;0;0;0;0,415301397;0,001;0,001;0,49440384;0,74323039;0,0001;0,415301397;0,0001
2017-08-13 18:00:00+00:00;0,00034724;0;0;0;0;0,178715926;0,013;0,013;0,73454326;0,89526248;0,0001;0,178715926;0,0001
2017-08-13 19:00:00+00:00;0,00036396;0;0;0;0;0;0,056;0,056;0,73768685;0,88104121;0,0001;0;0,0001
2017-08-13 20:00:00+00:00;9,16E-05;0;0;0;0;0;0,144;0,144;0,64150421;0,85463029;0,0001;0;0,0001
2017-08-13 21:00:00+00:00;5,01E-05;0;0;0;0;0;0,275;0,275;0,53118246;0,83600721;0,0001;0;0,0001
2017-08-13 22:00:00+00:00;3,34E-05;0;0;0;0;0;0,418;0,418;0,48686204;0,31083622;0,0001;0;0,0001
2017-08-13 23:00:00+00:00;8,51E-06;0;0;0;0;0;0,491;0,491;0,40369078;0,17437979;0,0001;0;0,0001
2017-08-14 00:00:00+00:00;8,45E-06;0;0;0;0;0;0,398;0,398;0,3085654;0,1757342;0,0001;0;0,0001
2017-08-14 01:00:00+00:00;1,42E-05;0;0;0;0;0;0,357;0,357;0,29359457;0,17675;0,0001;0;0,0001
2017-08-14 02:00:00+00:00;1,83E-05;0;0;0;0;0;0,366;0,366;0,29725975;0,17404119;0,0001;0;0,0001
2017-08-14 03:00:00+00:00;2,25E-05;0;0;0;0;0;0,379;0,379;0,28625013;0,17471839;0,0001;0;0,0001
2017-08-14 04:00:00+00:00;2,97E-05;0;0;0;0;0;0,391;0,391;0,31647372;0,19232568;0,0001;0;0,0001
2017-08-14 05:00:00+00:00;6,72E-05;0;0;0;0;0;0,373;0,373;0,41386868;0,19435728;0,0001;0;0,0001
2017-08-14 06:00:00+00:00;0,00029707;0;0;0;0;0;0,338;0,338;0,36654564;0,21670499;0,0001;0;0,0001
2017-08-14 07:00:00+00:00;0,00038185;0;0;0;0;0;0,159;0,159;0,40166083;0,25496696;0,0001;0;0,0001
2017-08-14 08:00:00+00:00;0,00030568;0;0;0;0;0,152514312;0,124;0,124;0,44674248;0,25767577;0,0001;0,152514312;0,0001
2017-08-14 09:00:00+00:00;8,86E-05;0;0;0;0;0,406263126;0,187;0,187;0,43825619;0,25395116;0,0001;0,406263126;0,0001
2017-08-14 10:00:00+00:00;5,78E-05;0;0;0;0;0,609840861;0,149;0,149;0,42742983;0,25293535;0,0001;0,609840861;0,0001
2017-08-14 11:00:00+00:00;5,85E-05;0;0;0;0;0,753173023;0,084;0,084;0,40894889;0,19097127;0,0001;0,753173023;0,0001
2017-08-14 12:00:00+00:00;5,66E-05;0;0;0;0;0,833341697;0,043;0,043;0,39093315;0,19435728;0,0001;0,833341697;0,0001
2017-08-14 13:00:00+00:00;5,70E-05;0;0;0;0;0,851345922;0,022;0,022;0,38817017;0,21162596;0,0001;0,851345922;0,0001
2017-08-14 14:00:00+00:00;5,84E-05;0;0;0;0;0,820881002;0,011;0,011;0,41075328;0,23228066;0,0001;0,820881002;0,0001
2017-08-14 15:00:00+00:00;6,19E-05;0;0;0;0;0,741828166;0,006;0,006;0,42070564;0,22720164;0,0001;0,741828166;0,0001
2017-08-14 16:00:00+00:00;6,76E-05;0;0;0;0;0,605138683;0,004;0,004;0,42834612;0,44153641;0,0001;0,605138683;0,0001
2017-08-14 17:00:00+00:00;9,12E-05;0;0;0;0;0,413831083;0,009;0,009;0,396008;0,74898661;0,0001;0,413831083;0,0001
2017-08-14 18:00:00+00:00;0,00034729;0;0;0;0;0,178479645;0,038;0,038;0,65304951;0,87968681;0,0001;0,178479645;0,0001
2017-08-14 19:00:00+00:00;0,00036461;0;0;0;0;0;0,105;0,105;0,64922927;0,88747464;0,0001;0;0,0001
2017-08-14 20:00:00+00:00;9,17E-05;0;0;0;0;0;0,191;0,191;0,62086646;0,85496889;0,0001;0;0,0001
2017-08-14 21:00:00+00:00;5,02E-05;0;0;0;0;0;0,252;0,252;0,54895856;0,84176343;0,0001;0;0,0001
2017-08-14 22:00:00+00:00;3,40E-05;0;0;0;0;0;0,273;0,273;0,4555248;0,31151342;0,0001;0;0,0001
2017-08-14 23:00:00+00:00;8,49E-06;0;0;0;0;0;0,286;0,286;0,39223006;0,18081322;0,0001;0;0,0001
2017-08-15 00:00:00+00:00;8,70E-06;0;0;0;0;0;0,286;0,286;0,31268167;0,17031657;0,0001;0;0,0001
2017-08-15 01:00:00+00:00;1,43E-05;0;0;0;0;0;0,281;0,281;0,29803507;0,17336399;0,0001;0;0,0001
2017-08-15 02:00:00+00:00;1,81E-05;0;0;0;0;0;0,269;0,269;0,27345021;0,1753956;0,0001;0;0,0001
2017-08-15 03:00:00+00:00;2,30E-05;0;0;0;0;0;0,243;0,243;0,29475051;0,17234818;0,0001;0;0,0001
2017-08-15 04:00:00+00:00;3,01E-05;0;0;0;0;0;0,196;0,196;0,29305889;0,19638889;0,0001;0;0,0001
2017-08-15 05:00:00+00:00;6,78E-05;0;0;0;0;0;0,113;0,113;0,33750618;0,20891715;0,0001;0;0,0001
2017-08-15 06:00:00+00:00;0,00029795;0;0;0;0;0;0,065;0,065;0,25563182;0,20823995;0,0001;0;0,0001
2017-08-15 07:00:00+00:00;0,00038129;0;0;0;0;0;0,018;0,018;0,2743947;0,25462836;0,0001;0;0,0001
2017-08-15 08:00:00+00:00;0,00030574;0;0;0;0;0,152131872;0,002;0,002;0,30185531;0,25462836;0,0001;0,152131872;0,0001
2017-08-15 09:00:00+00:00;8,93E-05;0;0;0;0;0,402055031;0,002;0,002;0,33230445;0,25090374;0,0001;0,402055031;0,0001
2017-08-15 10:00:00+00:00;6,13E-05;0;0;0;0;0,609195251;0;0;0,3556206;0,25124234;0,0001;0,609195251;0,0001
2017-08-15 11:00:00+00:00;6,15E-05;0;0;0;0;0,748940637;0;0;0,34564005;0,19029407;0,0001;0,748940637;0,0001
2017-08-15 12:00:00+00:00;5,78E-05;0;0;0;0;0,830031482;0;0;0,36644696;0,19097127;0,0001;0,830031482;0,0001
2017-08-15 13:00:00+00:00;5,78E-05;0;0;0;0;0,85278005;0,002;0,002;0,37572267;0,1760728;0,0001;0,85278005;0,0001
2017-08-15 14:00:00+00:00;5,83E-05;0;0;0;0;0,825595049;0,006;0,006;0,3986864;0,17404119;0,0001;0,825595049;0,0001
2017-08-15 15:00:00+00:00;6,09E-05;0;0;0;0;0,745104781;0,008;0,008;0,40990748;0,17776581;0,0001;0,745104781;0,0001
2017-08-15 16:00:00+00:00;6,35E-05;0;0;0;0;0,602759991;0,008;0,008;0,41491185;0,39311639;0,0001;0,602759991;0,0001
2017-08-15 17:00:00+00:00;8,62E-05;0;0;0;0;0,409989053;0,006;0,006;0,44522002;0,73239514;0,0001;0,409989053;0,0001
2017-08-15 18:00:00+00:00;0,00034861;0;0;0;0;0,174056302;0,004;0,004;0,63786723;0,85361449;0,0001;0,174056302;0,0001
2017-08-15 19:00:00+00:00;0,00036747;0;0;0;0;0;0,004;0,004;0,62946552;0,87494638;0,0001;0;0,0001
2017-08-15 20:00:00+00:00;9,19E-05;0;0;0;0;0;0,006;0,006;0,59016358;0,84548805;0,0001;0;0,0001
2017-08-15 21:00:00+00:00;4,98E-05;0;0;0;0;0;0,013;0,013;0,51695876;0,83194399;0,0001;0;0,0001
2017-08-15 22:00:00+00:00;3,37E-05;0;0;0;0;0;0,033;0,033;0,41960609;0,31456083;0,0001;0;0,0001
2017-08-15 23:00:00+00:00;8,59E-06;0;0;0;0;0;0,066;0,066;0,36376857;0,17471839;0,0001;0;0,0001
2017-08-16 00:00:00+00:00;8,75E-06;0;0;0;0;0;0,099;0,099;0,31647372;0,17370259;0,0001;0;0,0001
2017-08-16 01:00:00+00:00;1,42E-05;0;0;0;0;0;0,132;0,132;0,28881575;0,1753956;0,0001;0;0,0001
2017-08-16 02:00:00+00:00;1,87E-05;0;0;0;0;0;0,179;0,179;0,2930166;0,17031657;0,0001;0;0,0001
2017-08-16 03:00:00+00:00;2,26E-05;0;0;0;0;0;0,26;0,26;0,27325285;0,17031657;0,0001;0;0,0001
2017-08-16 04:00:00+00:00;2,97E-05;0;0;0;0;0;0,353;0,353;0,28252857;0,17708861;0,0001;0;0,0001
2017-08-16 05:00:00+00:00;6,76E-05;0;0;0;0;0;0,363;0,363;0,37773852;0,19334148;0,0001;0;0,0001
2017-08-16 06:00:00+00:00;0,00029646;0;0;0;0;0;0,301;0,301;0,42869854;0,21568918;0,0001;0;0,0001
2017-08-16 07:00:00+00:00;0,00038543;0;0;0;0;0;0,108;0,108;0,42336994;0,25158095;0,0001;0;0,0001
2017-08-16 08:00:00+00:00;0,00031216;0;0;0;0;0,157721979;0,028;0,028;0,47878456;0,25293535;0,0001;0,157721979;0,0001
2017-08-16 09:00:00+00:00;9,46E-05;0;0;0;0;0,41224403;0,055;0,055;0,50322846;0,25428976;0,0001;0,41224403;0,0001
2017-08-16 10:00:00+00:00;6,20E-05;0;0;0;0;0,616584612;0,044;0,044;0,44956184;0,22347702;0,0001;0,616584612;0,0001
2017-08-16 11:00:00+00:00;5,94E-05;0;0;0;0;0,757084068;0,038;0,038;0,39771372;0,35350001;0,0001;0,757084068;0,0001
2017-08-16 12:00:00+00:00;6,15E-05;0;0;0;0;0,839404019;0,043;0,043;0,35929987;0,3294593;0,0001;0,839404019;0,0001
2017-08-16 13:00:00+00:00;5,70E-05;0;0;0;0;0,859434579;0,055;0,055;0,39091905;0,3504526;0,0001;0,859434579;0,0001
2017-08-16 14:00:00+00:00;5,39E-05;0;0;0;0;0,83288273;0,065;0,065;0,45787897;0,39277779;0,0001;0,83288273;0,0001
2017-08-16 15:00:00+00:00;5,85E-05;0;0;0;0;0,755241377;0,069;0,069;0,47323041;0,395148;0,0001;0,755241377;0,0001
2017-08-16 16:00:00+00:00;6,04E-05;0;0;0;0;0,620224185;0,066;0,066;0,48464884;0,39311639;0,0001;0,620224185;0,0001
2017-08-16 17:00:00+00:00;8,88E-05;0;0;0;0;0,423772529;0,06;0,06;0,47557048;0,73036353;0,0001;0,423772529;0,0001
2017-08-16 18:00:00+00:00;0,00034954;0;0;0;0;0,184785258;0,078;0,078;0,68387927;0,89018345;0,0001;0,184785258;0,0001
2017-08-16 19:00:00+00:00;0,00036304;0;0;0;0;0;0,134;0,134;0,6957347;0,88544303;0,0001;0;0,0001
2017-08-16 20:00:00+00:00;9,21E-05;0;0;0;0;0;0,232;0,232;0,60106042;0,84853546;0,0001;0;0,0001
2017-08-16 21:00:00+00:00;4,99E-05;0;0;0;0;0;0,337;0,337;0,50382052;0,83634581;0,0001;0;0,0001
2017-08-16 22:00:00+00:00;3,35E-05;0;0;0;0;0;0,381;0,381;0,43033377;0,30406418;0,0001;0;0,0001
2017-08-16 23:00:00+00:00;8,15E-06;0;0;0;0;0;0,385;0,385;0,37328392;0,17031657;0,0001;0;0,0001
2017-08-17 00:00:00+00:00;7,03E-06;0;0;0;0;0;0,35;0,35;0,30257425;0,17336399;0,0001;0;0,0001
2017-08-17 01:00:00+00:00;1,13E-05;0;0;0;0;0;0,322;0,322;0,29102895;0,17234818;0,0001;0;0,0001
2017-08-17 02:00:00+00:00;1,45E-05;0;0;0;0;0;0,319;0,319;0,27576209;0,17065518;0,0001;0;0,0001
2017-08-17 03:00:00+00:00;1,79E-05;0;0;0;0;0;0,318;0,318;0,28892852;0,17336399;0,0001;0;0,0001
2017-08-17 04:00:00+00:00;2,47E-05;0;0;0;0;0;0,278;0,278;0,29696371;0,19097127;0,0001;0;0,0001
2017-08-17 05:00:00+00:00;6,05E-05;0;0;0;0;0;0,242;0,242;0,36369808;0,19300288;0,0001;0;0,0001
2017-08-17 06:00:00+00:00;0,00028719;0;0;0;0;0;0,213;0,213;0,37456673;0,20891715;0,0001;0;0,0001
2017-08-17 07:00:00+00:00;0,00036653;0;0;0;0;0;0,073;0,073;0,41285371;0,24988794;0,0001;0;0,0001
2017-08-17 08:00:00+00:00;0,00028938;0;0;0;0;0,161851808;0,023;0,023;0,4728216;0,24954934;0,0001;0,161851808;0,0001
2017-08-17 09:00:00+00:00;6,22E-05;0;0;0;0;0,417972783;0,098;0,098;0,46420844;0,24988794;0,0001;0,417972783;0,0001
2017-08-17 10:00:00+00:00;2,52E-05;0;0;0;0;0,620557819;0,124;0,124;0,45765342;0,21839799;0,0001;0,620557819;0,0001
2017-08-17 11:00:00+00:00;2,51E-05;0;0;0;0;0,763321813;0,107;0,107;0,41470039;0,18860106;0,0001;0,763321813;0,0001
2017-08-17 12:00:00+00:00;2,58E-05;0;0;0;0;0,843611019;0,09;0,09;0,35374573;0,17471839;0,0001;0,843611019;0,0001
2017-08-17 13:00:00+00:00;2,45E-05;0;0;0;0;0,86522581;0,073;0,073;0,39698069;0,34909819;0,0001;0,86522581;0,0001
2017-08-17 14:00:00+00:00;2,53E-05;0;0;0;0;0,835652654;0,056;0,056;0,45999349;0,39311639;0,0001;0,835652654;0,0001
2017-08-17 15:00:00+00:00;2,99E-05;0;0;0;0;0,757864908;0,039;0,039;0,44571341;0,39277779;0,0001;0,757864908;0,0001
2017-08-17 16:00:00+00:00;3,90E-05;0;0;0;0;0,622263774;0,025;0,025;0,43839716;0,3954866;0,0001;0,622263774;0,0001
2017-08-17 17:00:00+00:00;7,11E-05;0;0;0;0;0,427854683;0,016;0,016;0,4218052;0,72833192;0,0001;0,427854683;0,0001
2017-08-17 18:00:00+00:00;0,00033944;0;0;0;0;0,186879596;0,018;0,018;0,72244818;0,88679744;0,0001;0,186879596;0,0001
2017-08-17 19:00:00+00:00;0,00036092;0;0;0;0;0;0,041;0,041;0,76349813;0,89526248;0,0001;0;0,0001
2017-08-17 20:00:00+00:00;8,65E-05;0;0;0;0;0;0,09;0,09;0,67869163;0,8570005;0,0001;0;0,0001
2017-08-17 21:00:00+00:00;4,55E-05;0;0;0;0;0;0,143;0,143;0,58979706;0,84277924;0,0001;0;0,0001
2017-08-17 22:00:00+00:00;3,01E-05;0;0;0;0;0;0,167;0,167;0,50021174;0,29593775;0,0001;0;0,0001
2017-08-17 23:00:00+00:00;6,24E-06;0;0;0;0;0;0,146;0,146;0,41560259;0,16963937;0,0001;0;0,0001
2017-08-18 00:00:00+00:00;7,03E-06;0;0;0;0;0;0,096;0,096;0,3574109;0,17336399;0,0001;0;0,0001
2017-08-18 01:00:00+00:00;1,12E-05;0;0;0;0;0;0,043;0,043;0,2979082;0,17099378;0,0001;0;0,0001
2017-08-18 02:00:00+00:00;1,44E-05;0;0;0;0;0;0,013;0,013;0,32985161;0,16354455;0,0001;0;0,0001
2017-08-18 03:00:00+00:00;1,79E-05;0;0;0;0;0;0,003;0,003;0,31707988;0,16760776;0,0001;0;0,0001
2017-08-18 04:00:00+00:00;2,46E-05;0;0;0;0;0;0,001;0,001;0,32817408;0,19435728;0,0001;0;0,0001
2017-08-18 05:00:00+00:00;6,05E-05;0;0;0;0;0;0,002;0,002;0,37280463;0,19368008;0,0001;0;0,0001
2017-08-18 06:00:00+00:00;0,00028793;0;0;0;0;0;0,004;0,004;0,39410493;0,21298037;0,0001;0;0,0001
2017-08-18 07:00:00+00:00;0,00036862;0;0;0;0;0;0,003;0,003;0,42686596;0,25056514;0,0001;0;0,0001
2017-08-18 08:00:00+00:00;0,00028943;0;0;0;0;0,158934502;0;0;0,41983164;0,24921073;0,0001;0,158934502;0,0001
2017-08-18 09:00:00+00:00;6,15E-05;0;0;0;0;0,410188952;0,016;0,016;0,44295043;0,25462836;0,0001;0,410188952;0,0001
2017-08-18 10:00:00+00:00;2,51E-05;0;0;0;0;0,611918302;0,023;0,023;0,46426483;0,18792386;0,0001;0,611918302;0,0001
2017-08-18 11:00:00+00:00;2,50E-05;0;0;0;0;0,754989399;0,019;0,019;0,45982433;0,19029407;0,0001;0,754989399;0,0001
2017-08-18 12:00:00+00:00;2,57E-05;0;0;0;0;0,834244444;0,014;0,014;0,39349877;0,17200958;0,0001;0,834244444;0,0001
2017-08-18 13:00:00+00:00;2,46E-05;0;0;0;0;0,856631887;0,009;0,009;0,36564345;0,17742721;0,0001;0,856631887;0,0001
2017-08-18 14:00:00+00:00;2,53E-05;0;0;0;0;0,828062916;0,005;0,005;0,42009948;0,17708861;0,0001;0,828062916;0,0001
2017-08-18 15:00:00+00:00;3,00E-05;0;0;0;0;0,749710429;0,004;0,004;0,48020834;0,17471839;0,0001;0,749710429;0,0001
2017-08-18 16:00:00+00:00;3,94E-05;0;0;0;0;0,614105347;0,005;0,005;0,49826637;0,39243919;0,0001;0,614105347;0,0001
2017-08-18 17:00:00+00:00;7,10E-05;0;0;0;0;0,420770146;0,011;0,011;0,48476162;0,73104073;0,0001;0,420770146;0,0001
2017-08-18 18:00:00+00:00;0,00034313;0;0;0;0;0,182722572;0,037;0,037;0,67604143;0,88950625;0,0001;0,182722572;0,0001
2017-08-18 19:00:00+00:00;0,00036017;0;0;0;0;0;0,102;0,102;0,6997241;0,88544303;0,0001;0;0,0001
2017-08-18 20:00:00+00:00;8,64E-05;0;0;0;0;0;0,207;0,207;0,63411748;0,85463029;0,0001;0;0,0001
2017-08-18 21:00:00+00:00;4,55E-05;0;0;0;0;0;0,307;0,307;0,52578338;0,83803882;0,0001;0;0,0001
2017-08-18 22:00:00+00:00;3,01E-05;0;0;0;0;0;0,379;0,379;0,4475319;0,52449379;0,0001;0;0,0001
2017-08-18 23:00:00+00:00;6,27E-06;0;0;0;0;0;0,383;0,383;0,43583154;0,16828497;0,0001;0;0,0001
2017-08-19 00:00:00+00:00;8,53E-06;0;0;0;0;0;0,306;0,306;0,35378802;0,16794637;0,0001;0;0,0001
2017-08-19 01:00:00+00:00;1,40E-05;0;0;0;0;0;0,206;0,206;0,27402818;0,16760776;0,0001;0;0,0001
2017-08-19 02:00:00+00:00;1,83E-05;0;0;0;0;0;0,12;0,12;0,27112423;0,16930077;0,0001;0;0,0001
2017-08-19 03:00:00+00:00;2,25E-05;0;0;0;0;0;0,068;0,068;0,25728115;0,16726916;0,0001;0;0,0001
2017-08-19 04:00:00+00:00;3,02E-05;0;0;0;0;0;0,045;0,045;0,27088459;0,19435728;0,0001;0;0,0001
2017-08-19 05:00:00+00:00;6,79E-05;0;0;0;0;0;0,042;0,042;0,34565415;0,19334148;0,0001;0;0,0001
2017-08-19 06:00:00+00:00;0,00030009;0;0;0;0;0;0,048;0,048;0,38533671;0,20959435;0,0001;0;0,0001
2017-08-19 07:00:00+00:00;0,00039027;0;0;0;0;0;0,034;0,034;0,42191797;0,24582472;0,0001;0;0,0001
2017-08-19 08:00:00+00:00;0,00031433;0;0;0;0;0,161871835;0,005;0,005;0,44388082;0,25293535;0,0001;0,161871835;0,0001
2017-08-19 09:00:00+00:00;9,16E-05;0;0;0;0;0,414971376;0,023;0,023;0,39441506;0,25462836;0,0001;0,414971376;0,0001
2017-08-19 10:00:00+00:00;5,76E-05;0;0;0;0;0,619103793;0,033;0,033;0,38434993;0,22550863;0,0001;0,619103793;0,0001
2017-08-19 11:00:00+00:00;5,79E-05;0;0;0;0;0,756764028;0,039;0,039;0,45443934;0,18860106;0,0001;0,756764028;0,0001
2017-08-19 12:00:00+00:00;5,81E-05;0;0;0;0;0,836103892;0,048;0,048;0,39521858;0,17268679;0,0001;0,836103892;0,0001
2017-08-19 13:00:00+00:00;5,86E-05;0;0;0;0;0,86005382;0,056;0,056;0,40751101;0,17878161;0,0001;0,86005382;0,0001
2017-08-19 14:00:00+00:00;5,98E-05;0;0;0;0;0,831540007;0,063;0,063;0,45847104;0,17776581;0,0001;0,831540007;0,0001
2017-08-19 15:00:00+00:00;6,27E-05;0;0;0;0;0,754956553;0,066;0,066;0,47500661;0,17912022;0,0001;0,754956553;0,0001
2017-08-19 16:00:00+00:00;6,31E-05;0;0;0;0;0,616054384;0,066;0,066;0,475937;0,38803737;0,0001;0,616054384;0,0001
2017-08-19 17:00:00+00:00;8,78E-05;0;0;0;0;0,417431041;0,068;0,068;0,46674587;0,74323039;0,0001;0,417431041;0,0001
2017-08-19 18:00:00+00:00;0,00035098;0;0;0;0;0,18050027;0,096;0,096;0,74582072;0,89119926;0,0001;0,18050027;0,0001
2017-08-19 19:00:00+00:00;0,0003677;0;0;0;0;0;0,157;0,157;0,72244818;0,8779938;0,0001;0;0,0001
2017-08-19 20:00:00+00:00;9,16E-05;0;0;0;0;0;0,26;0,26;0,64064431;0,84751966;0,0001;0;0,0001
2017-08-19 21:00:00+00:00;4,95E-05;0;0;0;0;0;0,382;0,382;0,56811614;0,83803882;0,0001;0;0,0001
2017-08-19 22:00:00+00:00;3,39E-05;0;0;0;0;0;0,487;0,487;0,44271079;0,31252922;0,0001;0;0,0001
2017-08-19 23:00:00+00:00;8,57E-06;0;0;0;0;0;0,533;0,533;0,34441363;0,17065518;0,0001;0;0,0001
2017-08-20 00:00:00+00:00;8,30E-06;0;0;0;0;0;0,518;0,518;0,30866408;0,17200958;0,0001;0;0,0001
2017-08-20 01:00:00+00:00;1,40E-05;0;0;0;0;0;0,448;0,448;0,23737643;0,17404119;0,0001;0;0,0001
2017-08-20 02:00:00+00:00;1,83E-05;0;0;0;0;0;0,384;0,384;0,25291114;0,17133238;0,0001;0;0,0001
2017-08-20 03:00:00+00:00;2,20E-05;0;0;0;0;0;0,357;0,357;0,27056036;0,16963937;0,0001;0;0,0001
2017-08-20 04:00:00+00:00;3,00E-05;0;0;0;0;0;0,29;0,29;0,26713483;0,19368008;0,0001;0;0,0001
2017-08-20 05:00:00+00:00;6,80E-05;0;0;0;0;0;0,24;0,24;0,28651797;0,19537309;0,0001;0;0,0001
2017-08-20 06:00:00+00:00;0,00029663;0;0;0;0;0;0,203;0,203;0,27818674;0,21230317;0,0001;0;0,0001
2017-08-20 07:00:00+00:00;0,00038742;0;0;0;0;0;0,077;0,077;0,39840447;0,25225815;0,0001;0;0,0001
2017-08-20 08:00:00+00:00;0,00031818;0;0;0;0;0,167561613;0,026;0,026;0,41680082;0,25327395;0,0001;0,167561613;0,0001
2017-08-20 09:00:00+00:00;9,30E-05;0;0;0;0;0,425780318;0,101;0,101;0,42912145;0,24785633;0,0001;0,425780318;0,0001
2017-08-20 10:00:00+00:00;5,97E-05;0;0;0;0;0,628308583;0,102;0,102;0,41369952;0,22279981;0,0001;0,628308583;0,0001
2017-08-20 11:00:00+00:00;6,01E-05;0;0;0;0;0,772442713;0,079;0,079;0,45146492;0,19029407;0,0001;0,772442713;0,0001
2017-08-20 12:00:00+00:00;5,68E-05;0;0;0;0;0,850697512;0,074;0,074;0,37646981;0,17708861;0,0001;0,850697512;0,0001
2017-08-20 13:00:00+00:00;5,68E-05;0;0;0;0;0,872067125;0,074;0,074;0,4191127;0,17776581;0,0001;0,872067125;0,0001
2017-08-20 14:00:00+00:00;5,78E-05;0;0;0;0;0,841617448;0,076;0,076;0,42788093;0,18182903;0,0001;0,841617448;0,0001
2017-08-20 15:00:00+00:00;6,05E-05;0;0;0;0;0,764668847;0,075;0,075;0,449294;0,17878161;0,0001;0,764668847;0,0001
2017-08-20 16:00:00+00:00;6,35E-05;0;0;0;0;0,625225872;0,07;0,07;0,43952491;0,33961735;0,0001;0,625225872;0,0001
2017-08-20 17:00:00+00:00;8,95E-05;0;0;0;0;0,428240783;0,073;0,073;0,45493273;0,67110826;0,0001;0,428240783;0,0001
2017-08-20 18:00:00+00:00;0,00035602;0;0;0;0;0,18668747;0,12;0,12;0,67520972;0,88171842;0,0001;0,18668747;0,0001
2017-08-20 19:00:00+00:00;0,00036886;0;0;0;0;0;0,231;0,231;0,67020535;0,88612024;0,0001;0;0,0001
2017-08-20 20:00:00+00:00;9,26E-05;0;0;0;0;0;0,319;0,319;0,61418456;0,84650385;0,0001;0;0,0001
2017-08-20 21:00:00+00:00;4,96E-05;0;0;0;0;0;0,357;0,357;0,5221182;0,83702301;0,0001;0;0,0001
2017-08-20 22:00:00+00:00;3,36E-05;0;0;0;0;0;0,357;0,357;0,44276717;0,29085872;0,0001;0;0,0001
2017-08-20 23:00:00+00:00;8,19E-06;0;0;0;0;0;0,334;0,334;0,40541059;0,16997797;0,0001;0;0,0001
2017-08-21 00:00:00+00:00;8,39E-06;0;0;0;0;0;0,28;0,28;0,32659524;0,17133238;0,0001;0;0,0001
2017-08-21 01:00:00+00:00;1,40E-05;0;0;0;0;0;0,209;0,209;0,30826937;0,16930077;0,0001;0;0,0001
2017-08-21 02:00:00+00:00;1,84E-05;0;0;0;0;0;0,138;0,138;0,30976363;0,16997797;0,0001;0;0,0001
2017-08-21 03:00:00+00:00;2,24E-05;0;0;0;0;0;0,086;0,086;0,29589235;0,1764114;0,0001;0;0,0001
2017-08-21 04:00:00+00:00;2,97E-05;0;0;0;0;0;0,05;0,05;0,29864124;0,17810441;0,0001;0;0,0001
2017-08-21 05:00:00+00:00;6,86E-05;0;0;0;0;0;0,028;0,028;0,36090691;0,19232568;0,0001;0;0,0001
2017-08-21 06:00:00+00:00;0,00030252;0;0;0;0;0;0,016;0,016;0,32591859;0,21264177;0,0001;0;0,0001
2017-08-21 07:00:00+00:00;0,00038765;0;0;0;0;0;0,006;0,006;0,36624961;0,22212261;0,0001;0;0,0001
2017-08-21 08:00:00+00:00;0,00031814;0;0;0;0;0,154981221;0,004;0,004;0,39638862;0,21467338;0,0001;0,154981221;0,0001
2017-08-21 09:00:00+00:00;9,37E-05;0;0;0;0;0,395281792;0,021;0,021;0,43194081;0,21805939;0,0001;0,395281792;0,0001
2017-08-21 10:00:00+00:00;5,88E-05;0;0;0;0;0,608190115;0,031;0,031;0,3414392;0,15711111;0,0001;0,608190115;0,0001
2017-08-21 11:00:00+00:00;5,52E-05;0;0;0;0;0,753680664;0,025;0,025;0,29796459;0,15541811;0,0001;0,753680664;0,0001
2017-08-21 12:00:00+00:00;5,71E-05;0;0;0;0;0,836461002;0,02;0,02;0,32421288;0,14255125;0,0001;0,836461002;0,0001
2017-08-21 13:00:00+00:00;5,74E-05;0;0;0;0;0,856680519;0,019;0,019;0,32617233;0,14627587;0,0001;0,856680519;0,0001
2017-08-21 14:00:00+00:00;5,86E-05;0;0;0;0;0,825236437;0,023;0,023;0,32886483;0,14492146;0,0001;0,825236437;0,0001
2017-08-21 15:00:00+00:00;6,18E-05;0;0;0;0;0,740297917;0,033;0,033;0,36906897;0,14526006;0,0001;0,740297917;0,0001
2017-08-21 16:00:00+00:00;6,45E-05;0;0;0;0;0,603487054;0,051;0,051;0,40102647;0,16997797;0,0001;0,603487054;0,0001
2017-08-21 17:00:00+00:00;9,04E-05;0;0;0;0;0,411189252;0,088;0,088;0,40309871;0,64063412;0,0001;0,411189252;0,0001
2017-08-21 18:00:00+00:00;0,00035438;0;0;0;0;0,178076957;0,18;0,18;0,62176866;0,7235915;0,0001;0,178076957;0,0001
2017-08-21 19:00:00+00:00;0,00036869;0;0;0;0;0;0,289;0,289;0,60939164;0,7246073;0,0001;0;0,0001
2017-08-21 20:00:00+00:00;9,31E-05;0;0;0;0;0;0,332;0,332;0,56505713;0,69616477;0,0001;0;0,0001
2017-08-21 21:00:00+00:00;5,01E-05;0;0;0;0;0;0,302;0,302;0,46719697;0,6809277;0,0001;0;0,0001
2017-08-21 22:00:00+00:00;3,36E-05;0;0;0;0;0;0,238;0,238;0,39314635;0,14322845;0,0001;0;0,0001
2017-08-21 23:00:00+00:00;8,48E-06;0;0;0;0;0;0,18;0,18;0,34434314;0,14526006;0,0001;0;0,0001
2017-08-22 00:00:00+00:00;8,65E-06;0;0;0;0;0;0,138;0,138;0,32483314;0,14255125;0,0001;0;0,0001
2017-08-22 01:00:00+00:00;1,42E-05;0;0;0;0;0;0,114;0,114;0,30408261;0,14187405;0,0001;0;0,0001
2017-08-22 02:00:00+00:00;1,80E-05;0;0;0;0;0;0,112;0,112;0,28403692;0,14288985;0,0001;0;0,0001
2017-08-22 03:00:00+00:00;2,22E-05;0;0;0;0;0;0,128;0,128;0,25867674;0,14593726;0,0001;0;0,0001
2017-08-22 04:00:00+00:00;2,96E-05;0;0;0;0;0;0,155;0,155;0,27591715;0,15609531;0,0001;0;0,0001
2017-08-22 05:00:00+00:00;6,95E-05;0;0;0;0;0;0,172;0,172;0,29142366;0,15711111;0,0001;0;0,0001
2017-08-22 06:00:00+00:00;0,00030388;0;0;0;0;0;0,168;0,168;0,25450408;0,17844301;0,0001;0;0,0001
2017-08-22 07:00:00+00:00;0,00039285;0;0;0;0;0;0,075;0,075;0,30528084;0,21602778;0,0001;0;0,0001
2017-08-22 08:00:00+00:00;0,00031755;0;0;0;0;0,171234968;0,039;0,039;0,33175468;0,21501198;0,0001;0,171234968;0,0001
2017-08-22 09:00:00+00:00;9,04E-05;0;0;0;0;0,425973807;0,145;0,145;0,3600611;0,21501198;0,0001;0,425973807;0,0001
2017-08-22 10:00:00+00:00;5,58E-05;0;0;0;0;0,625441491;0,195;0,195;0,37700548;0,15880412;0,0001;0,625441491;0,0001
2017-08-22 11:00:00+00:00;5,59E-05;0;0;0;0;0,771820473;0,252;0,252;0,40322558;0,15169349;0,0001;0,771820473;0,0001
2017-08-22 12:00:00+00:00;5,80E-05;0;0;0;0;0,850486754;0,317;0,317;0,41231803;0,14119684;0,0001;0,850486754;0,0001
2017-08-22 13:00:00+00:00;5,87E-05;0;0;0;0;0,870046903;0,357;0,357;0,39031289;0,14424426;0,0001;0,870046903;0,0001
2017-08-22 14:00:00+00:00;5,93E-05;0;0;0;0;0,841457118;0,369;0,369;0,39685381;0,14796887;0,0001;0,841457118;0,0001
2017-08-22 15:00:00+00:00;6,24E-05;0;0;0;0;0,762869139;0,364;0,364;0,38561865;0,14898468;0,0001;0,762869139;0,0001
2017-08-22 16:00:00+00:00;6,42E-05;0;0;0;0;0,62718378;0,333;0,333;0,35557831;0,36061064;0,0001;0,62718378;0,0001
2017-08-22 17:00:00+00:00;9,12E-05;0;0;0;0;0,430436437;0,263;0,263;0,42927651;0,69955079;0,0001;0,430436437;0,0001
2017-08-22 18:00:00+00:00;0,00035867;0;0;0;0;0,189489103;0,271;0,271;0,61618631;0,70022799;0,0001;0,189489103;0,0001
2017-08-22 19:00:00+00:00;0,00036761;0;0;0;0;0;0,323;0,323;0,60889826;0,72867052;0,0001;0;0,0001
2017-08-22 20:00:00+00:00;9,18E-05;0;0;0;0;0;0,357;0,357;0,56660778;0,68871554;0,0001;0;0,0001
2017-08-22 21:00:00+00:00;4,93E-05;0;0;0;0;0;0,375;0,375;0,49766021;0,66569063;0,0001;0;0,0001
2017-08-22 22:00:00+00:00;3,36E-05;0;0;0;0;0;0,406;0,406;0,40634098;0,13950383;0,0001;0;0,0001
2017-08-22 23:00:00+00:00;8,58E-06;0;0;0;0;0;0,431;0,431;0,3258904;0,13882663;0,0001;0;0,0001
2017-08-23 00:00:00+00:00;8,53E-06;0;0;0;0;0;0,444;0,444;0,2646115;0,1323932;0,0001;0;0,0001
2017-08-23 01:00:00+00:00;1,45E-05;0;0;0;0;0;0,409;0,409;0,21936069;0,13916523;0,0001;0;0,0001
2017-08-23 02:00:00+00:00;1,89E-05;0;0;0;0;0;0,382;0,382;0,2397447;0,13577922;0,0001;0;0,0001
2017-08-23 03:00:00+00:00;2,31E-05;0;0;0;0;0;0,322;0,322;0,21913514;0,13679502;0,0001;0;0,0001
2017-08-23 04:00:00+00:00;3,02E-05;0;0;0;0;0;0,246;0,246;0,2188673;0,15609531;0,0001;0;0,0001
2017-08-23 05:00:00+00:00;6,71E-05;0;0;0;0;0;0,2;0,2;0,2907893;0,16049713;0,0001;0;0,0001
2017-08-23 06:00:00+00:00;0,00030451;0;0;0;0;0;0,199;0,199;0,32257765;0,17810441;0,0001;0;0,0001
2017-08-23 07:00:00+00:00;0,00039067;0;0;0;0;0;0,123;0,123;0,37996582;0,2194138;0,0001;0;0,0001
2017-08-23 08:00:00+00:00;0,00031827;0;0;0;0;0,175204083;0,24;0,24;0,4448817;0,2190752;0,0001;0,175204083;0,0001
2017-08-23 09:00:00+00:00;9,51E-05;0;0;0;0;0,434514063;0,566;0,566;0,42525892;0,2204296;0,0001;0,434514063;0,0001
2017-08-23 10:00:00+00:00;5,60E-05;0;0;0;0;0,635502815;0,574;0,574;0,42242546;0,15981993;0,0001;0,635502815;0,0001
2017-08-23 11:00:00+00:00;5,54E-05;0;0;0;0;0,774874504;0,497;0,497;0,43446414;0,14424426;0,0001;0,774874504;0,0001
2017-08-23 12:00:00+00:00;5,74E-05;0;0;0;0;0,851742996;0,449;0,449;0,39503532;0,14526006;0,0001;0,851742996;0,0001
2017-08-23 13:00:00+00:00;6,05E-05;0;0;0;0;0,871502934;0,408;0,408;0,43000955;0,14526006;0,0001;0,871502934;0,0001
2017-08-23 14:00:00+00:00;5,72E-05;0;0;0;0;0,839385299;0,372;0,372;0,45701906;0,17945882;0,0001;0,839385299;0,0001
2017-08-23 15:00:00+00:00;6,01E-05;0;0;0;0;0,761908656;0,334;0,334;0,43580334;0,175057;0,0001;0,761908656;0,0001
2017-08-23 16:00:00+00:00;6,41E-05;0;0;0;0;0,624609768;0,279;0,279;0,43588792;0,3961638;0,0001;0,624609768;0,0001
2017-08-23 17:00:00+00:00;8,86E-05;0;0;0;0;0,430618089;0,232;0,232;0,49258535;0,70496841;0,0001;0,430618089;0,0001
2017-08-23 18:00:00+00:00;0,0003593;0;0;0;0;0,189370447;0,289;0,289;0,7254649;0,72020548;0,0001;0,189370447;0,0001
2017-08-23 19:00:00+00:00;0,00037288;0;0;0;0;0;0,397;0,397;0,7218984;0,71478785;0,0001;0;0,0001
2017-08-23 20:00:00+00:00;9,19E-05;0;0;0;0;0;0,457;0,457;0,64017911;0,67618728;0,0001;0;0,0001
2017-08-23 21:00:00+00:00;4,99E-05;0;0;0;0;0;0,485;0,485;0,50830331;0,68329791;0,0001;0;0,0001
2017-08-23 22:00:00+00:00;3,37E-05;0;0;0;0;0;0,522;0,522;0,4240043;0,14187405;0,0001;0;0,0001
2017-08-23 23:00:00+00:00;8,40E-06;0;0;0;0;0;0,611;0,611;0,37467951;0,13713363;0,0001;0;0,0001
2017-08-24 00:00:00+00:00;6,99E-06;0;0;0;0;0;0,596;0,596;0,30773369;0,13747223;0,0001;0;0,0001
2017-08-24 01:00:00+00:00;1,11E-05;0;0;0;0;0;0,51;0,51;0,28500961;0,13848803;0,0001;0;0,0001
2017-08-24 02:00:00+00:00;1,44E-05;0;0;0;0;0;0,435;0,435;0,29001398;0,13544062;0,0001;0;0,0001
2017-08-24 03:00:00+00:00;1,78E-05;0;0;0;0;0;0,412;0,412;0,2788352;0,15033909;0,0001;0;0,0001
2017-08-24 04:00:00+00:00;2,44E-05;0;0;0;0;0;0,332;0,332;0,3387608;0,15981993;0,0001;0;0,0001
2017-08-24 05:00:00+00:00;6,10E-05;0;0;0;0;0;0,304;0,304;0,40257713;0,15880412;0,0001;0;0,0001
2017-08-24 06:00:00+00:00;0,00029166;0;0;0;0;0;0,28;0,28;0,39156751;0,15575671;0,0001;0;0,0001
2017-08-24 07:00:00+00:00;0,00037945;0;0;0;0;0;0,145;0,145;0,39306177;0,2190752;0,0001;0;0,0001
2017-08-24 08:00:00+00:00;0,00029331;0;0;0;0;0,172310479;0,156;0,156;0,4000256;0,2207682;0,0001;0,172310479;0,0001
2017-08-24 09:00:00+00:00;6,15E-05;0;0;0;0;0,427471315;0,447;0,447;0,42962893;0,21772079;0,0001;0,427471315;0,0001
2017-08-24 10:00:00+00:00;2,53E-05;0;0;0;0;0,624678526;0,633;0,633;0,42152326;0,15812692;0,0001;0,624678526;0,0001
2017-08-24 11:00:00+00:00;2,50E-05;0;0;0;0;0,762614144;0,681;0,681;0,41431978;0,15474091;0,0001;0,762614144;0,0001
2017-08-24 12:00:00+00:00;2,57E-05;0;0;0;0;0,839778545;0,695;0,695;0,33220578;0,14559866;0,0001;0,839778545;0,0001
2017-08-24 13:00:00+00:00;2,46E-05;0;0;0;0;0,851740604;0,663;0,663;0,36870246;0,14627587;0,0001;0,851740604;0,0001
2017-08-24 14:00:00+00:00;2,54E-05;0;0;0;0;0,822798417;0,601;0,601;0,42902277;0,14458286;0,0001;0,822798417;0,0001
2017-08-24 15:00:00+00:00;2,99E-05;0;0;0;0;0,742141609;0,508;0,508;0,41305107;0,17099378;0,0001;0,742141609;0,0001
2017-08-24 16:00:00+00:00;3,92E-05;0;0;0;0;0,595187672;0,39;0,39;0,39251199;0,36264225;0,0001;0,595187672;0,0001
2017-08-24 17:00:00+00:00;7,18E-05;0;0;0;0;0,402181323;0,399;0,399;0,43010822;0,69853498;0,0001;0,402181323;0,0001
2017-08-24 18:00:00+00:00;0,0003485;0;0;0;0;0,17740109;0,544;0,544;0,71389141;0,72799332;0,0001;0,17740109;0,0001
2017-08-24 19:00:00+00:00;0,00036532;0;0;0;0;0;0,657;0,657;0,72168695;0,7242687;0,0001;0;0,0001
2017-08-24 20:00:00+00:00;8,84E-05;0;0;0;0;0;0,651;0,651;0,61386034;0,67584868;0,0001;0;0,0001
2017-08-24 21:00:00+00:00;4,57E-05;0;0;0;0;0;0,587;0,587;0,50417294;0,67788029;0,0001;0;0,0001
2017-08-24 22:00:00+00:00;3,01E-05;0;0;0;0;0;0,505;0,505;0,35535276;0,15880412;0,0001;0;0,0001
2017-08-24 23:00:00+00:00;6,31E-06;0;0;0;0;0;0,481;0,481;0,35502853;0,13476341;0,0001;0;0,0001
2017-08-25 00:00:00+00:00;7,03E-06;0;0;0;0;0;0,455;0,455;0,29755578;0,13442481;0,0001;0;0,0001
2017-08-25 01:00:00+00:00;1,13E-05;0;0;0;0;0;0,459;0,459;0,28188011;0,13036159;0,0001;0;0,0001
2017-08-25 02:00:00+00:00;1,44E-05;0;0;0;0;0;0,454;0,454;0,29618839;0,13476341;0,0001;0;0,0001
2017-08-25 03:00:00+00:00;1,78E-05;0;0;0;0;0;0,427;0,427;0,31324555;0,13307041;0,0001;0;0,0001
2017-08-25 04:00:00+00:00;2,46E-05;0;0;0;0;0;0,379;0,379;0,30495661;0,15778832;0,0001;0;0,0001
2017-08-25 05:00:00+00:00;6,14E-05;0;0;0;0;0;0,376;0,376;0,36144259;0,16015853;0,0001;0;0,0001
2017-08-25 06:00:00+00:00;0,00029534;0;0;0;0;0;0,409;0,409;0,39041157;0,18115182;0,0001;0;0,0001
2017-08-25 07:00:00+00:00;0,00037736;0;0;0;0;0;0,278;0,278;0,3578479;0,2197524;0,0001;0;0,0001
2017-08-25 08:00:00+00:00;0,00029875;0;0;0;0;0,174120041;0,169;0,169;0,34531582;0,21839799;0,0001;0,174120041;0,0001
2017-08-25 09:00:00+00:00;6,29E-05;0;0;0;0;0,431700777;0,505;0,505;0,3685051;0,21704359;0,0001;0,431700777;0,0001
2017-08-25 10:00:00+00:00;2,51E-05;0;0;0;0;0,634156289;0,738;0,738;0,36751832;0,15812692;0,0001;0,634156289;0,0001
2017-08-25 11:00:00+00:00;2,50E-05;0;0;0;0;0,773792388;0,794;0,794;0,40923083;0,15474091;0,0001;0,773792388;0,0001
2017-08-25 12:00:00+00:00;2,56E-05;0;0;0;0;0,854808258;0,78;0,78;0,37418612;0,14729167;0,0001;0,854808258;0,0001
2017-08-25 13:00:00+00:00;2,45E-05;0;0;0;0;0,877184717;0,714;0,714;0,38869175;0,14729167;0,0001;0,877184717;0,0001
2017-08-25 14:00:00+00:00;2,53E-05;0;0;0;0;0,84823569;0,645;0,645;0,43419631;0,14390565;0,0001;0,84823569;0,0001
2017-08-25 15:00:00+00:00;2,98E-05;0;0;0;0;0,770884852;0,591;0,591;0,42556905;0,14729167;0,0001;0,770884852;0,0001
2017-08-25 16:00:00+00:00;3,91E-05;0;0;0;0;0,632599244;0,514;0,514;0,39194812;0,35891763;0,0001;0,632599244;0,0001
2017-08-25 17:00:00+00:00;7,10E-05;0;0;0;0;0,433994817;0,462;0,462;0,46227718;0,63386209;0,0001;0,433994817;0,0001
2017-08-25 18:00:00+00:00;0,00034752;0;0;0;0;0,189311572;0,531;0,531;0,60413353;0,66535203;0,0001;0,189311572;0,0001
2017-08-25 19:00:00+00:00;0,00036796;0;0;0;0;0;0,552;0,552;0,67622469;0,67212406;0,0001;0;0,0001
2017-08-25 20:00:00+00:00;8,71E-05;0;0;0;0;0;0,577;0,577;0,67092429;0,66569063;0,0001;0;0,0001
2017-08-25 21:00:00+00:00;4,56E-05;0;0;0;0;0;0,594;0,594;0,519468;0,6592572;0,0001;0;0,0001
2017-08-25 22:00:00+00:00;3,02E-05;0;0;0;0;0;0,561;0,561;0,38464596;0,14255125;0,0001;0;0,0001
2017-08-25 23:00:00+00:00;6,27E-06;0;0;0;0;0;0,484;0,484;0,33730883;0,14018104;0,0001;0;0,0001
2017-08-26 00:00:00+00:00;8,79E-06;0;0;0;0;0;0,357;0,357;0,27729864;0,13882663;0,0001;0;0,0001
2017-08-26 01:00:00+00:00;1,45E-05;0;0;0;0;0;0,255;0,255;0,29699191;0,14221265;0,0001;0;0,0001
2017-08-26 02:00:00+00:00;1,83E-05;0;0;0;0;0;0,207;0,207;0,27401408;0,14322845;0,0001;0;0,0001
2017-08-26 03:00:00+00:00;2,24E-05;0;0;0;0;0;0,18;0,18;0,34535811;0,15033909;0,0001;0;0,0001
2017-08-26 04:00:00+00:00;3,07E-05;0;0;0;0;0;0,114;0,114;0,34131233;0,16388315;0,0001;0;0,0001
2017-08-26 05:00:00+00:00;6,92E-05;0;0;0;0;0;0,04;0,04;0,39148292;0,16117433;0,0001;0;0,0001
2017-08-26 06:00:00+00:00;0,00030445;0;0;0;0;0;0,005;0,005;0,38554816;0,16760776;0,0001;0;0,0001
2017-08-26 07:00:00+00:00;0,00039588;0;0;0;0;0;0,002;0,002;0,376061;0,16489895;0,0001;0;0,0001
2017-08-26 08:00:00+00:00;0,00032136;0;0;0;0;0,176108124;0,015;0,015;0,40734185;0,16659196;0,0001;0,176108124;0,0001
2017-08-26 09:00:00+00:00;9,48E-05;0;0;0;0;0,430976356;0,1;0,1;0,45584903;0,15711111;0,0001;0,430976356;0,0001
2017-08-26 10:00:00+00:00;6,17E-05;0;0;0;0;0,633595229;0,151;0,151;0,42744393;0,16151293;0,0001;0,633595229;0,0001
2017-08-26 11:00:00+00:00;5,88E-05;0;0;0;0;0,771678954;0,169;0,169;0,40601675;0,14085824;0,0001;0,771678954;0,0001
2017-08-26 12:00:00+00:00;5,97E-05;0;0;0;0;0,852715862;0,156;0,156;0,33962071;0,14661447;0,0001;0,852715862;0,0001
2017-08-26 13:00:00+00:00;5,64E-05;0;0;0;0;0,875366272;0,124;0,124;0,40323968;0,14221265;0,0001;0,875366272;0,0001
2017-08-26 14:00:00+00:00;5,60E-05;0;0;0;0;0,838718205;0,136;0,136;0,4013507;0,14695307;0,0001;0,838718205;0,0001
2017-08-26 15:00:00+00:00;5,90E-05;0;0;0;0;0,755662564;0,154;0,154;0,42837432;0,16320594;0,0001;0,755662564;0,0001
2017-08-26 16:00:00+00:00;6,55E-05;0;0;0;0;0,612658336;0,12;0,12;0,42229858;0,37483191;0,0001;0,612658336;0,0001
2017-08-26 17:00:00+00:00;9,17E-05;0;0;0;0;0,41585965;0,344;0,344;0,49826637;0,69176295;0,0001;0,41585965;0,0001
2017-08-26 18:00:00+00:00;0,00035902;0;0;0;0;0,181927349;0,737;0,737;0,708591;0,72731611;0,0001;0,181927349;0,0001
2017-08-26 19:00:00+00:00;0,00037679;0;0;0;0;0;0,842;0,842;0,72308254;0,71986688;0,0001;0;0,0001
2017-08-26 20:00:00+00:00;9,26E-05;0;0;0;0;0;0,816;0,816;0,63651394;0,67821889;0,0001;0;0,0001
2017-08-26 21:00:00+00:00;4,93E-05;0;0;0;0;0;0,708;0,708;0,5367789;0,68295931;0,0001;0;0,0001
2017-08-26 22:00:00+00:00;3,36E-05;0;0;0;0;0;0,589;0,589;0,48416955;0,39819541;0,0001;0;0,0001
2017-08-26 23:00:00+00:00;8,26E-06;0;0;0;0;0;0,486;0,486;0,42566772;0,131716;0,0001;0;0,0001
2017-08-27 00:00:00+00:00;8,76E-06;0;0;0;0;0;0,372;0,372;0,36827955;0,1323932;0,0001;0;0,0001
2017-08-27 01:00:00+00:00;1,42E-05;0;0;0;0;0;0,347;0,347;0,31881379;0,13408621;0,0001;0;0,0001
2017-08-27 02:00:00+00:00;1,81E-05;0;0;0;0;0;0,373;0,373;0,32026576;0,131716;0,0001;0;0,0001
2017-08-27 03:00:00+00:00;2,23E-05;0;0;0;0;0;0,365;0,365;0,30729669;0,15135489;0,0001;0;0,0001
2017-08-27 04:00:00+00:00;2,98E-05;0;0;0;0;0;0,324;0,324;0,30931253;0,15609531;0,0001;0;0,0001
2017-08-27 05:00:00+00:00;7,04E-05;0;0;0;0;0;0,253;0,253;0,38185479;0,15609531;0,0001;0;0,0001
2017-08-27 06:00:00+00:00;0,00030859;0;0;0;0;0;0,2;0,2;0,41798495;0,18115182;0,0001;0;0,0001
2017-08-27 07:00:00+00:00;0,0003983;0;0;0;0;0;0,219;0,219;0,44850458;0,2190752;0,0001;0;0,0001
2017-08-27 08:00:00+00:00;0,0003241;0;0;0;0;0,178229981;0,24;0,24;0,46776084;0,2187366;0,0001;0,178229981;0,0001
2017-08-27 09:00:00+00:00;9,36E-05;0;0;0;0;0,436719945;0,223;0,223;0,40129432;0,18555364;0,0001;0,436719945;0,0001
2017-08-27 10:00:00+00:00;5,82E-05;0;0;0;0;0,641746111;0,151;0,151;0,37926098;0,16489895;0,0001;0,641746111;0,0001
2017-08-27 11:00:00+00:00;5,48E-05;0;0;0;0;0,778612022;0,059;0,059;0,3107927;0,15778832;0,0001;0,778612022;0,0001
2017-08-27 12:00:00+00:00;5,75E-05;0;0;0;0;0,854313499;0,016;0,016;0,339226;0,13950383;0,0001;0,854313499;0,0001
2017-08-27 13:00:00+00:00;5,57E-05;0;0;0;0;0,873190022;0,001;0,001;0,38488561;0,13679502;0,0001;0,873190022;0,0001
2017-08-27 14:00:00+00:00;5,63E-05;0;0;0;0;0,83821172;0;0;0,39682562;0,14018104;0,0001;0,83821172;0,0001
2017-08-27 15:00:00+00:00;6,18E-05;0;0;0;0;0,745318734;0;0;0,38597107;0,13747223;0,0001;0,745318734;0,0001
2017-08-27 16:00:00+00:00;6,61E-05;0;0;0;0;0,594574917;0;0;0,40996386;0,35587022;0,0001;0,594574917;0,0001
2017-08-27 17:00:00+00:00;9,02E-05;0;0;0;0;0,408937666;0,005;0,005;0,47114408;0,69819638;0,0001;0,408937666;0,0001
2017-08-27 18:00:00+00:00;0,0003604;0;0;0;0;0,179683831;0,123;0,123;0,69133649;0,71648086;0,0001;0,179683831;0,0001
2017-08-27 19:00:00+00:00;0,00037833;0;0;0;0;0;0,305;0,305;0,66043625;0,71885107;0,0001;0;0,0001
2017-08-27 20:00:00+00:00;9,34E-05;0;0;0;0;0;0,291;0,291;0,56201221;0,69413316;0,0001;0;0,0001
2017-08-27 21:00:00+00:00;5,02E-05;0;0;0;0;0;0,207;0,207;0,49835095;0,67381707;0,0001;0;0,0001
2017-08-27 22:00:00+00:00;3,40E-05;0;0;0;0;0;0,165;0,165;0,45405873;0,15914273;0,0001;0;0,0001
2017-08-27 23:00:00+00:00;8,55E-06;0;0;0;0;0;0,174;0,174;0,3223239;0,14356705;0,0001;0;0,0001
2017-08-28 00:00:00+00:00;8,74E-06;0;0;0;0;0;0,206;0,206;0,22326551;0,13510201;0,0001;0;0,0001
2017-08-28 01:00:00+00:00;1,42E-05;0;0;0;0;0;0,216;0,216;0,24070328;0,13916523;0,0001;0;0,0001
2017-08-28 02:00:00+00:00;1,89E-05;0;0;0;0;0;0,277;0,277;0,23686895;0,13679502;0,0001;0;0,0001
2017-08-28 03:00:00+00:00;2,24E-05;0;0;0;0;0;0,283;0,283;0,22824169;0,14085824;0,0001;0;0,0001
2017-08-28 04:00:00+00:00;2,99E-05;0;0;0;0;0;0,254;0,254;0,2246611;0,14932328;0,0001;0;0,0001
2017-08-28 05:00:00+00:00;6,72E-05;0;0;0;0;0;0,19;0,19;0,22645139;0,14966188;0,0001;0;0,0001
2017-08-28 06:00:00+00:00;0,00031285;0;0;0;0;0;0,139;0,139;0,20760394;0,1540637;0,0001;0;0,0001
2017-08-28 07:00:00+00:00;0,00039648;0;0;0;0;0;0,139;0,139;0,27415505;0,14796887;0,0001;0;0,0001
2017-08-28 08:00:00+00:00;0,00032253;0;0;0;0;0,181758862;0,165;0,165;0,37476409;0,14864608;0,0001;0,181758862;0,0001
2017-08-28 09:00:00+00:00;9,38E-05;0;0;0;0;0,439446266;0,23;0,23;0,39695249;0,16862357;0,0001;0,439446266;0,0001
2017-08-28 10:00:00+00:00;5,87E-05;0;0;0;0;0,642882784;0,154;0,154;0,38186889;0,1764114;0,0001;0,642882784;0,0001
2017-08-28 11:00:00+00:00;5,80E-05;0;0;0;0;0,782020703;0,054;0,054;0,40424055;0,14729167;0,0001;0,782020703;0,0001
2017-08-28 12:00:00+00:00;6,00E-05;0;0;0;0;0,860581978;0,015;0,015;0,3623025;0,14966188;0,0001;0,860581978;0,0001
2017-08-28 13:00:00+00:00;5,74E-05;0;0;0;0;0,876675829;0,002;0,002;0,37139495;0,17302539;0,0001;0,876675829;0,0001
2017-08-28 14:00:00+00:00;6,11E-05;0;0;0;0;0,831349952;0;0;0,40931541;0,15812692;0,0001;0,831349952;0,0001
2017-08-28 15:00:00+00:00;6,15E-05;0;0;0;0;0,736896539;0;0;0,42118493;0,1540637;0,0001;0,736896539;0,0001
2017-08-28 16:00:00+00:00;6,33E-05;0;0;0;0;0,597727601;0,001;0,001;0,36187959;0,38228114;0,0001;0,597727601;0,0001
2017-08-28 17:00:00+00:00;8,79E-05;0;0;0;0;0,40868065;0,009;0,009;0,36551657;0,69345596;0,0001;0,40868065;0,0001
2017-08-28 18:00:00+00:00;0,00035892;0;0;0;0;0,177602039;0,094;0,094;0,50011306;0,71986688;0,0001;0,177602039;0,0001
2017-08-28 19:00:00+00:00;0,0003784;0;0;0;0;0;0,305;0,305;0,47679691;0,78115376;0,0001;0;0,0001
2017-08-28 20:00:00+00:00;9,22E-05;0;0;0;0;0;0,441;0,441;0,53208466;0,77539753;0,0001;0;0,0001
2017-08-28 21:00:00+00:00;4,99E-05;0;0;0;0;0;0,389;0,389;0,52490937;0,74390759;0,0001;0;0,0001
2017-08-28 22:00:00+00:00;3,38E-05;0;0;0;0;0;0,323;0,323;0,46195295;0,22246121;0,0001;0;0,0001
2017-08-28 23:00:00+00:00;8,79E-06;0;0;0;0;0;0,32;0,32;0,44571341;0,18995546;0,0001;0;0,0001
2017-08-29 00:00:00+00:00;8,64E-06;0;0;0;0;0;0,336;0,336;0,37637113;0,16320594;0,0001;0;0,0001
2017-08-29 01:00:00+00:00;1,43E-05;0;0;0;0;0;0,342;0,342;0,30491432;0,16117433;0,0001;0;0,0001
2017-08-29 02:00:00+00:00;1,82E-05;0;0;0;0;0;0,379;0,379;0,30425177;0,16151293;0,0001;0;0,0001
2017-08-29 03:00:00+00:00;2,20E-05;0;0;0;0;0;0,393;0,393;0,28406512;0,16523755;0,0001;0;0,0001
2017-08-29 04:00:00+00:00;2,96E-05;0;0;0;0;0;0,385;0,385;0,2734925;0,16388315;0,0001;0;0,0001
2017-08-29 05:00:00+00:00;6,81E-05;0;0;0;0;0;0,34;0,34;0,29608971;0,18487644;0,0001;0;0,0001
2017-08-29 06:00:00+00:00;0,00030798;0;0;0;0;0;0,266;0,266;0,25282656;0,18149043;0,0001;0;0,0001
2017-08-29 07:00:00+00:00;0,00040043;0;0;0;0;0;0,138;0,138;0,233965;0,24582472;0,0001;0;0,0001
2017-08-29 08:00:00+00:00;0,00032358;0;0;0;0;0,173623836;0,279;0,279;0,27041939;0,24447031;0,0001;0,173623836;0,0001
2017-08-29 09:00:00+00:00;9,11E-05;0;0;0;0;0,414282268;0,428;0,428;0,19572032;0,24480891;0,0001;0,414282268;0,0001
2017-08-29 10:00:00+00:00;5,78E-05;0;0;0;0;0,619084789;0,535;0,535;0,21919153;0,18453784;0,0001;0,619084789;0,0001
2017-08-29 11:00:00+00:00;5,77E-05;0;0;0;0;0,755299182;0,481;0,481;0,22680382;0,18453784;0,0001;0,755299182;0,0001
2017-08-29 12:00:00+00:00;5,86E-05;0;0;0;0;0,839160268;0,358;0,358;0,20207798;0,16963937;0,0001;0,839160268;0,0001
2017-08-29 13:00:00+00:00;5,79E-05;0;0;0;0;0,84211771;0,269;0,269;0,2299615;0,17099378;0,0001;0,84211771;0,0001
2017-08-29 14:00:00+00:00;5,60E-05;0;0;0;0;0,809238101;0,219;0,219;0,24101342;0,17065518;0,0001;0,809238101;0,0001
2017-08-29 15:00:00+00:00;6,02E-05;0;0;0;0;0,713330328;0,206;0,206;0,28261315;0,16963937;0,0001;0,713330328;0,0001
2017-08-29 16:00:00+00:00;6,68E-05;0;0;0;0;0,580026514;0,214;0,214;0,2983734;0,37889512;0,0001;0,580026514;0,0001
2017-08-29 17:00:00+00:00;9,22E-05;0;0;0;0;0,383019586;0,283;0,283;0,3436383;0,71580366;0,0001;0,383019586;0,0001
2017-08-29 18:00:00+00:00;0,00036918;0;0;0;0;0,162855794;0,482;0,482;0,57613724;0,73747416;0,0001;0,162855794;0,0001
2017-08-29 19:00:00+00:00;0,00037869;0;0;0;0;0;0,563;0,563;0,57468526;0,77438173;0,0001;0;0,0001
2017-08-29 20:00:00+00:00;9,33E-05;0;0;0;0;0;0,567;0,567;0,54226256;0,77167291;0,0001;0;0,0001
2017-08-29 21:00:00+00:00;5,00E-05;0;0;0;0;0;0,551;0,551;0,45648338;0,73273374;0,0001;0;0,0001
2017-08-29 22:00:00+00:00;3,35E-05;0;0;0;0;0;0,528;0,528;0,35404176;0,22449282;0,0001;0;0,0001
2017-08-29 23:00:00+00:00;8,61E-06;0;0;0;0;0;0,494;0,494;0,26355424;0,16659196;0,0001;0;0,0001
2017-08-30 00:00:00+00:00;8,25E-06;0;0;0;0;0;0,477;0,477;0,18916529;0,17065518;0,0001;0;0,0001
2017-08-30 01:00:00+00:00;1,39E-05;0;0;0;0;0;0,414;0,414;0,15121664;0,17031657;0,0001;0;0,0001
2017-08-30 02:00:00+00:00;1,79E-05;0;0;0;0;0;0,357;0,357;0,2006965;0,17167098;0,0001;0;0,0001
2017-08-30 03:00:00+00:00;2,25E-05;0;0;0;0;0;0,291;0,291;0,19879342;0,16591475;0,0001;0;0,0001
2017-08-30 04:00:00+00:00;2,99E-05;0;0;0;0;0;0,232;0,232;0,20763213;0,16185154;0,0001;0;0,0001
2017-08-30 05:00:00+00:00;6,94E-05;0;0;0;0;0;0,218;0,218;0,23421875;0,18318343;0,0001;0;0,0001
2017-08-30 06:00:00+00:00;0,00031389;0;0;0;0;0;0,2;0,2;0,25860625;0,18589225;0,0001;0;0,0001
2017-08-30 07:00:00+00:00;0,00039936;0;0;0;0;0;0,121;0,121;0,35392898;0,24785633;0,0001;0;0,0001
2017-08-30 08:00:00+00:00;0,00032547;0;0;0;0;0,184854463;0,405;0,405;0,40122383;0,24616332;0,0001;0,184854463;0,0001
2017-08-30 09:00:00+00:00;9,20E-05;0;0;0;0;0,441231644;0,415;0,415;0,46324986;0,18419924;0,0001;0,441231644;0,0001
2017-08-30 10:00:00+00:00;5,99E-05;0;0;0;0;0,645339074;0,302;0,302;0,48556513;0,18250623;0,0001;0,645339074;0,0001
2017-08-30 11:00:00+00:00;6,10E-05;0;0;0;0;0,785754357;0,157;0,157;0,45655387;0,18250623;0,0001;0,785754357;0,0001
2017-08-30 12:00:00+00:00;5,73E-05;0;0;0;0;0,863379507;0,079;0,079;0,38501248;0,17912022;0,0001;0,863379507;0,0001
2017-08-30 13:00:00+00:00;5,78E-05;0;0;0;0;0,882566087;0,043;0,043;0,37538435;0,16693056;0,0001;0,882566087;0,0001
2017-08-30 14:00:00+00:00;5,91E-05;0;0;0;0;0,850528527;0,03;0,03;0,42377875;0,15778832;0,0001;0,850528527;0,0001
2017-08-30 15:00:00+00:00;6,03E-05;0;0;0;0;0,766071654;0,028;0,028;0,43463331;0,16456035;0,0001;0,766071654;0,0001
2017-08-30 16:00:00+00:00;6,29E-05;0;0;0;0;0,624090165;0,031;0,031;0,44317598;0,38058813;0,0001;0,624090165;0,0001
2017-08-30 17:00:00+00:00;8,92E-05;0;0;0;0;0,426753907;0,043;0,043;0,42425804;0,71207904;0,0001;0,426753907;0,0001
2017-08-30 18:00:00+00:00;0,00036519;0;0;0;0;0,184615831;0,066;0,066;0,71976978;0,87426918;0,0001;0,184615831;0,0001
2017-08-30 19:00:00+00:00;0,00038074;0;0;0;0;0;0,092;0,092;0,7134826;0,8773166;0,0001;0;0,0001
2017-08-30 20:00:00+00:00;9,27E-05;0;0;0;0;0;0,115;0,115;0,63703552;0,87663939;0,0001;0;0,0001
2017-08-30 21:00:00+00:00;5,01E-05;0;0;0;0;0;0,134;0,134;0,51053061;0,84311784;0,0001;0;0,0001
2017-08-30 22:00:00+00:00;3,41E-05;0;0;0;0;0;0,15;0,15;0,42005719;0,55869254;0,0001;0;0,0001
2017-08-30 23:00:00+00:00;8,61E-06;0;0;0;0;0;0,181;0,181;0,34855809;0,16625336;0,0001;0;0,0001
2017-08-31 00:00:00+00:00;6,99E-06;0;0;0;0;0;0,23;0,23;0,26022739;0,16456035;0,0001;0;0,0001
2017-08-31 01:00:00+00:00;1,14E-05;0;0;0;0;0;0,259;0,259;0,2210946;0,15880412;0,0001;0;0,0001
2017-08-31 02:00:00+00:00;1,44E-05;0;0;0;0;0;0,209;0,209;0,22725492;0,15846552;0,0001;0;0,0001
2017-08-31 03:00:00+00:00;1,79E-05;0;0;0;0;0;0,175;0,175;0,22189812;0,16083573;0,0001;0;0,0001
2017-08-31 04:00:00+00:00;2,45E-05;0;0;0;0;0;0,133;0,133;0,21225589;0,19334148;0,0001;0;0,0001
2017-08-31 05:00:00+00:00;6,33E-05;0;0;0;0;0;0,085;0,085;0,28047043;0,19401868;0,0001;0;0,0001
2017-08-31 06:00:00+00:00;0,00030138;0;0;0;0;0;0,051;0,051;0,32550978;0,19401868;0,0001;0;0,0001
2017-08-31 07:00:00+00:00;0,00038684;0;0;0;0;0;0,013;0,013;0,37968388;0,25361255;0,0001;0;0,0001
2017-08-31 08:00:00+00:00;0,00030244;0;0;0;0;0,18957619;0,004;0,004;0,41360084;0,25124234;0,0001;0,18957619;0,0001
2017-08-31 09:00:00+00:00;6,44E-05;0;0;0;0;0,443230226;0,016;0,016;0,43295578;0,25767577;0,0001;0,443230226;0,0001
2017-08-31 10:00:00+00:00;2,53E-05;0;0;0;0;0,640456034;0,016;0,016;0,42203074;0,19198707;0,0001;0,640456034;0,0001
2017-08-31 11:00:00+00:00;2,50E-05;0;0;0;0;0,778434056;0,01;0,01;0,41713915;0,19198707;0,0001;0,778434056;0,0001
2017-08-31 12:00:00+00:00;2,56E-05;0;0;0;0;0,854805095;0,01;0,01;0,38454729;0,17708861;0,0001;0,854805095;0,0001
2017-08-31 13:00:00+00:00;2,46E-05;0;0;0;0;0,872372103;0,01;0,01;0,40349342;0,17912022;0,0001;0,872372103;0,0001
2017-08-31 14:00:00+00:00;2,53E-05;0;0;0;0;0,838894695;0,012;0,012;0,40636917;0,18081322;0,0001;0,838894695;0,0001
2017-08-31 15:00:00+00:00;2,99E-05;0;0;0;0;0,753750427;0,018;0,018;0,42344043;0,1753956;0,0001;0,753750427;0,0001
2017-08-31 16:00:00+00:00;3,91E-05;0;0;0;0;0,614219486;0,031;0,031;0,40621411;0,1753956;0,0001;0,614219486;0,0001
2017-08-31 17:00:00+00:00;7,18E-05;0;0;0;0;0,413770071;0,091;0,091;0,39237102;0,72088268;0,0001;0,413770071;0,0001
2017-08-31 18:00:00+00:00;0,00035101;0;0;0;0;0,175737807;0,293;0,293;0,7050245;0,88205702;0,0001;0,175737807;0,0001
2017-08-31 19:00:00+00:00;0,00037427;0;0;0;0;0;0,468;0,468;0,67506875;0,8783324;0,0001;0;0,0001
2017-08-31 20:00:00+00:00;8,96E-05;0;0;0;0;0;0,531;0,531;0,62916949;0,87426918;0,0001;0;0,0001
2017-08-31 21:00:00+00:00;4,56E-05;0;0;0;0;0;0,515;0,515;0,51201078;0,84379504;0,0001;0;0,0001
2017-08-31 22:00:00+00:00;3,02E-05;0;0;0;0;0;0,448;0,448;0,4253294;0,526864;0,0001;0;0,0001
2017-08-31 23:00:00+00:00;6,31E-06;0;0;0;0;0;0,372;0,372;0,37459493;0,16659196;0,0001;0;0,0001
2017-09-01 00:00:00+00:00;7,16E-06;0;0;0;0;0;0,301;0,301;0,66847144;0,17404119;0,0001;0;0,0001
2017-09-01 01:00:00+00:00;1,14E-05;0;0;0;0;0;0,243;0,243;0,69264749;0,1753956;0,0001;0;0,0001
2017-09-01 02:00:00+00:00;1,45E-05;0;0;0;0;0;0,199;0,199;0,66899302;0,17675;0,0001;0;0,0001
2017-09-01 03:00:00+00:00;1,80E-05;0;0;0;0;0;0,159;0,159;0,66366442;0,19029407;0,0001;0;0,0001
2017-09-01 04:00:00+00:00;2,47E-05;0;0;0;0;0;0,112;0,112;0,66621595;0,19130987;0,0001;0;0,0001
2017-09-01 05:00:00+00:00;6,28E-05;0;0;0;0;0;0,06;0,06;0,62085236;0,19029407;0,0001;0;0,0001
2017-09-01 06:00:00+00:00;0,00030168;0;0;0;0;0;0,037;0,037;0,66178954;0,25158095;0,0001;0;0,0001
2017-09-01 07:00:00+00:00;0,00038589;0;0;0;0;0;0,04;0,04;0,67598505;0,25293535;0,0001;0;0,0001
2017-09-01 08:00:00+00:00;0,00030531;0;0;0;0;0,185121377;0,063;0,063;0,69576289;0,28374809;0,0001;0,185121377;0,0001
2017-09-01 09:00:00+00:00;6,46E-05;0;0;0;0;0,431353057;0,16;0,16;0,71093107;0,30338698;0,0001;0,431353057;0,0001
2017-09-01 10:00:00+00:00;2,51E-05;0;0;0;0;0,624563844;0,133;0,133;0,69552324;0,27155844;0,0001;0,624563844;0,0001
2017-09-01 11:00:00+00:00;2,51E-05;0;0;0;0;0,764944325;0,054;0,054;0,67678856;0,25665997;0,0001;0,764944325;0,0001
2017-09-01 12:00:00+00:00;2,57E-05;0;0;0;0;0,84026158;0,017;0,017;0,66312874;0,25428976;0,0001;0,84026158;0,0001
2017-09-01 13:00:00+00:00;2,46E-05;0;0;0;0;0,857595342;0,007;0,007;0,68720612;0,24853353;0,0001;0,857595342;0,0001
2017-09-01 14:00:00+00:00;2,52E-05;0;0;0;0;0,82553588;0,005;0,005;0,73340141;0,42663794;0,0001;0,82553588;0,0001
2017-09-01 15:00:00+00:00;3,00E-05;0;0;0;0;0,74212769;0,005;0,005;0,72072837;0,43747319;0,0001;0,74212769;0,0001
2017-09-01 16:00:00+00:00;3,91E-05;0;0;0;0;0,598195837;0,006;0,006;0,71262269;0,43171697;0,0001;0,598195837;0,0001
2017-09-01 17:00:00+00:00;7,17E-05;0;0;0;0;0,397807978;0,01;0,01;0,70038665;0,67652588;0,0001;0,397807978;0,0001
2017-09-01 18:00:00+00:00;0,00035892;0;0;0;0;0,169080338;0,031;0,031;0,73729214;0,87562359;0,0001;0,169080338;0,0001
2017-09-01 19:00:00+00:00;0,00037481;0;0;0;0;0;0,085;0,085;0,78854819;0,87156037;0,0001;0;0,0001
2017-09-01 20:00:00+00:00;8,86E-05;0;0;0;0;0;0,16;0,16;0,76915096;0,87156037;0,0001;0;0,0001
2017-09-01 21:00:00+00:00;4,56E-05;0;0;0;0;0;0,231;0,231;0,73238644;0,86952876;0,0001;0;0,0001
2017-09-01 22:00:00+00:00;3,01E-05;0;0;0;0;0;0,267;0,267;0,72743846;0,58781228;0,0001;0;0,0001
2017-09-01 23:00:00+00:00;6,42E-06;0;0;0;0;0;0,303;0,303;0,69204133;0,16726916;0,0001;0;0,0001
2017-09-02 00:00:00+00:00;8,36E-06;0;0;0;0;0;0,338;0,338;0,62269905;0,25124234;0,0001;0;0,0001
2017-09-02 01:00:00+00:00;1,45E-05;0;0;0;0;0;0,358;0,358;0,59511156;0,25191955;0,0001;0;0,0001
2017-09-02 02:00:00+00:00;1,88E-05;0;0;0;0;0;0,412;0,412;0,55604926;0,25259675;0,0001;0;0,0001
2017-09-02 03:00:00+00:00;2,27E-05;0;0;0;0;0;0,445;0,445;0,55523164;0,25225815;0,0001;0;0,0001
2017-09-02 04:00:00+00:00;2,96E-05;0;0;0;0;0;0,484;0,484;0,56663597;0,25496696;0,0001;0;0,0001
2017-09-02 05:00:00+00:00;6,89E-05;0;0;0;0;0;0,478;0,478;0,59667631;0,25225815;0,0001;0;0,0001
2017-09-02 06:00:00+00:00;0,00030924;0;0;0;0;0;0,431;0,431;0,60135645;0,25598277;0,0001;0;0,0001
2017-09-02 07:00:00+00:00;0,00040603;0;0;0;0;0;0,326;0,326;0,66143712;0,25598277;0,0001;0;0,0001
2017-09-02 08:00:00+00:00;0,00032789;0;0;0;0;0,18833309;0,526;0,526;0,63986898;0,25598277;0,0001;0,18833309;0,0001
2017-09-02 09:00:00+00:00;9,33E-05;0;0;0;0;0,437381179;0,518;0,518;0,63790952;0,51027252;0,0001;0,437381179;0,0001
2017-09-02 10:00:00+00:00;5,66E-05;0;0;0;0;0,63176343;0,414;0,414;0,65682746;0,55632233;0,0001;0,63176343;0,0001
2017-09-02 11:00:00+00:00;5,77E-05;0;0;0;0;0,766889305;0,324;0,324;0,64232183;0,55835394;0,0001;0,766889305;0,0001
2017-09-02 12:00:00+00:00;5,77E-05;0;0;0;0;0,840499681;0,266;0,266;0,61607354;0,55564513;0,0001;0,840499681;0,0001
2017-09-02 13:00:00+00:00;5,67E-05;0;0;0;0;0,857545066;0,227;0,227;0,6331025;0,55801534;0,0001;0,857545066;0,0001
2017-09-02 14:00:00+00:00;5,99E-05;0;0;0;0;0,824309214;0,194;0,194;0,64357644;0,55733814;0,0001;0,824309214;0,0001
2017-09-02 15:00:00+00:00;6,12E-05;0;0;0;0;0,731708811;0,169;0,169;0,66091554;0,58476486;0,0001;0,731708811;0,0001
2017-09-02 16:00:00+00:00;6,56E-05;0;0;0;0;0,583505647;0,148;0,148;0,67817005;0,58137885;0,0001;0,583505647;0,0001
2017-09-02 17:00:00+00:00;8,96E-05;0;0;0;0;0,394690602;0,146;0,146;0,66933134;0,78860299;0,0001;0,394690602;0,0001
2017-09-02 18:00:00+00:00;0,00037475;0;0;0;0;0,166426114;0,263;0,263;0,71651342;0,87528499;0,0001;0,166426114;0,0001
2017-09-02 19:00:00+00:00;0,00038471;0;0;0;0;0;0,431;0,431;0,79748558;0,87257617;0,0001;0;0,0001
2017-09-02 20:00:00+00:00;9,34E-05;0;0;0;0;0;0,535;0,535;0,72735388;0,86851296;0,0001;0;0,0001
2017-09-02 21:00:00+00:00;5,03E-05;0;0;0;0;0;0,503;0,503;0,66187412;0,86885156;0,0001;0;0,0001
2017-09-02 22:00:00+00:00;3,39E-05;0;0;0;0;0;0,459;0,459;0,6317915;0,60034053;0,0001;0;0,0001
2017-09-02 23:00:00+00:00;8,39E-06;0;0;0;0;0;0,363;0,363;0,62991662;0,42900815;0,0001;0;0,0001
2017-09-03 00:00:00+00:00;8,25E-06;0;0;0;0;0;0,281;0,281;0,67413836;0,23126485;0,0001;0;0,0001
2017-09-03 01:00:00+00:00;1,43E-05;0;0;0;0;0;0,231;0,231;0,64873588;0,23160346;0,0001;0;0,0001
2017-09-03 02:00:00+00:00;1,86E-05;0;0;0;0;0;0,192;0,192;0,64302667;0,23363506;0,0001;0;0,0001
2017-09-03 03:00:00+00:00;2,22E-05;0;0;0;0;0;0,142;0,142;0,62661796;0,23972989;0,0001;0;0,0001
2017-09-03 04:00:00+00:00;2,99E-05;0;0;0;0;0;0,117;0,117;0,6228964;0,2417615;0,0001;0;0,0001
2017-09-03 05:00:00+00:00;6,98E-05;0;0;0;0;0;0,1;0,1;0,66068999;0,2421001;0,0001;0;0,0001
2017-09-03 06:00:00+00:00;0,00031327;0;0;0;0;0;0,083;0,083;0,67281326;0,22449282;0,0001;0;0,0001
2017-09-03 07:00:00+00:00;0,00040798;0;0;0;0;0;0,026;0,026;0,67697182;0,22584723;0,0001;0;0,0001
2017-09-03 08:00:00+00:00;0,00033262;0;0;0;0;0,172681885;0,094;0,094;0,69421224;0,29085872;0,0001;0,172681885;0,0001
2017-09-03 09:00:00+00:00;9,39E-05;0;0;0;0;0,413684478;0,16;0,16;0,70127475;0,29018152;0,0001;0,413684478;0,0001
2017-09-03 10:00:00+00:00;5,69E-05;0;0;0;0;0,614761895;0,093;0,093;0,69187217;0,29322894;0,0001;0,614761895;0,0001
2017-09-03 11:00:00+00:00;5,80E-05;0;0;0;0;0,750119001;0,041;0,041;0,70722361;0,25936878;0,0001;0,750119001;0,0001
2017-09-03 12:00:00+00:00;5,88E-05;0;0;0;0;0,819730363;0,015;0,015;0,67602734;0,26072319;0,0001;0,819730363;0,0001
2017-09-03 13:00:00+00:00;5,88E-05;0;0;0;0;0,840250611;0,005;0,005;0,7032483;0,26207759;0,0001;0,840250611;0,0001
2017-09-03 14:00:00+00:00;5,97E-05;0;0;0;0;0,777618222;0,002;0,002;0,65302132;0,25903018;0,0001;0,777618222;0,0001
2017-09-03 15:00:00+00:00;6,13E-05;0;0;0;0;0,68995215;0,001;0,001;0,65011737;0,47336495;0,0001;0,68995215;0,0001
2017-09-03 16:00:00+00:00;6,31E-05;0;0;0;0;0,541011499;0,001;0,001;0,64876408;0,46591572;0,0001;0,541011499;0,0001
2017-09-03 17:00:00+00:00;9,00E-05;0;0;0;0;0,36646006;0,003;0,003;0,67764847;0,74356899;0,0001;0,36646006;0,0001
2017-09-03 18:00:00+00:00;0,0003709;0;0;0;0;0,154313544;0,026;0,026;0,76590869;0,8793482;0,0001;0,154313544;0,0001
2017-09-03 19:00:00+00:00;0,00038272;0;0;0;0;0;0,102;0,102;0,87494763;0,87020596;0,0001;0;0,0001
2017-09-03 20:00:00+00:00;9,42E-05;0;0;0;0;0;0,22;0,22;0,79795077;0,87426918;0,0001;0;0,0001
2017-09-03 21:00:00+00:00;5,04E-05;0;0;0;0;0;0,305;0,305;0,70045713;0,88002541;0,0001;0;0,0001
2017-09-03 22:00:00+00:00;3,41E-05;0;0;0;0;0;0,357;0,357;0,6966228;0,35350001;0,0001;0;0,0001
2017-09-03 23:00:00+00:00;8,36E-06;0;0;0;0;0;0,381;0,381;0,69457876;0,23668248;0,0001;0;0,0001
2017-09-04 00:00:00+00:00;8,82E-06;0;0;0;0;0;0,361;0,361;0,66673753;0,23465087;0,0001;0;0,0001
2017-09-04 01:00:00+00:00;1,44E-05;0;0;0;0;0;0,313;0,313;0,66317103;0,22991045;0,0001;0;0,0001
2017-09-04 02:00:00+00:00;1,85E-05;0;0;0;0;0;0,274;0,274;0,66663885;0,23092625;0,0001;0;0,0001
2017-09-04 03:00:00+00:00;2,24E-05;0;0;0;0;0;0,241;0,241;0,65763098;0,25124234;0,0001;0;0,0001
2017-09-04 04:00:00+00:00;2,98E-05;0;0;0;0;0;0,208;0,208;0,65527681;0,25903018;0,0001;0;0,0001
2017-09-04 05:00:00+00:00;7,03E-05;0;0;0;0;0;0,187;0,187;0,67299652;0,25327395;0,0001;0;0,0001
2017-09-04 06:00:00+00:00;0,00031618;0;0;0;0;0;0,148;0,148;0,69232326;0,25835298;0,0001;0;0,0001
2017-09-04 07:00:00+00:00;0,00041068;0;0;0;0;0;0,05;0,05;0,62288231;0,25801438;0,0001;0;0,0001
2017-09-04 08:00:00+00:00;0,00033327;0;0;0;0;0,19613688;0,127;0,127;0,66744237;0,25598277;0,0001;0,19613688;0,0001
2017-09-04 09:00:00+00:00;9,31E-05;0;0;0;0;0,44540488;0,133;0,133;0,67033222;0,24040709;0,0001;0,44540488;0,0001
2017-09-04 10:00:00+00:00;5,84E-05;0;0;0;0;0,642573353;0,074;0,074;0,66888025;0,26681802;0,0001;0,642573353;0,0001
2017-09-04 11:00:00+00:00;5,99E-05;0;0;0;0;0,779096386;0,03;0,03;0,66897892;0,45372607;0,0001;0,779096386;0,0001
2017-09-04 12:00:00+00:00;5,85E-05;0;0;0;0;0,851302066;0,01;0,01;0,6530777;0,45271026;0,0001;0,851302066;0,0001
2017-09-04 13:00:00+00:00;5,59E-05;0;0;0;0;0,866810995;0,003;0,003;0,68734709;0,46456131;0,0001;0,866810995;0,0001
2017-09-04 14:00:00+00:00;5,63E-05;0;0;0;0;0,836845174;0,002;0,002;0,69828622;0,45677348;0,0001;0,836845174;0,0001
2017-09-04 15:00:00+00:00;6,09E-05;0;0;0;0;0,754644947;0,003;0,003;0,68934883;0,50079168;0,0001;0,754644947;0,0001
2017-09-04 16:00:00+00:00;6,37E-05;0;0;0;0;0,613299658;0,011;0,011;0,68652947;0,49435825;0,0001;0,613299658;0,0001
2017-09-04 17:00:00+00:00;9,08E-05;0;0;0;0;0,418235782;0,041;0,041;0,6881929;0,74424619;0,0001;0,418235782;0,0001
2017-09-04 18:00:00+00:00;0,00037114;0;0;0;0;0,180386172;0,165;0,165;0,7863209;0,88781324;0,0001;0,180386172;0,0001
2017-09-04 19:00:00+00:00;0,00038436;0;0;0;0;0;0,328;0,328;0,87094413;0,88713604;0,0001;0;0,0001
2017-09-04 20:00:00+00:00;9,48E-05;0;0;0;0;0;0,448;0,448;0,77060293;0,88849045;0,0001;0;0,0001
2017-09-04 21:00:00+00:00;5,02E-05;0;0;0;0;0;0,446;0,446;0,726353;0,87663939;0,0001;0;0,0001
2017-09-04 22:00:00+00:00;3,40E-05;0;0;0;0;0;0,408;0,408;0,7112412;0,35891763;0,0001;0;0,0001
2017-09-04 23:00:00+00:00;8,30E-06;0;0;0;0;0;0,408;0,408;0,69921661;0,23465087;0,0001;0;0,0001
2017-09-05 00:00:00+00:00;8,41E-06;0;0;0;0;0;0,382;0,382;0,43667734;0,14627587;0,0001;0;0,0001
2017-09-05 01:00:00+00:00;1,42E-05;0;0;0;0;0;0,332;0,332;0,40508636;0,14424426;0,0001;0;0,0001
2017-09-05 02:00:00+00:00;1,85E-05;0;0;0;0;0;0,273;0,273;0,38857898;0,14593726;0,0001;0;0,0001
2017-09-05 03:00:00+00:00;2,26E-05;0;0;0;0;0;0,217;0,217;0,36013158;0,14661447;0,0001;0;0,0001
2017-09-05 04:00:00+00:00;2,99E-05;0;0;0;0;0;0,175;0,175;0,36313421;0,14559866;0,0001;0;0,0001
2017-09-05 05:00:00+00:00;6,95E-05;0;0;0;0;0;0,134;0,134;0,38427945;0,13510201;0,0001;0;0,0001
2017-09-05 06:00:00+00:00;0,00031859;0;0;0;0;0;0,121;0,121;0,33284013;0,13476341;0,0001;0;0,0001
2017-09-05 07:00:00+00:00;0,00041269;0;0;0;0;0;0,04;0,04;0,35139156;0,17404119;0,0001;0;0,0001
2017-09-05 08:00:00+00:00;0,00033634;0;0;0;0;0,174805939;0,059;0,059;0,39145473;0,17742721;0,0001;0,174805939;0,0001
2017-09-05 09:00:00+00:00;9,54E-05;0;0;0;0;0,397175855;0,047;0,047;0,42280607;0,18013602;0,0001;0,397175855;0,0001
2017-09-05 10:00:00+00:00;5,67E-05;0;0;0;0;0,603269674;0,013;0,013;0,43261746;0,17844301;0,0001;0,603269674;0,0001
2017-09-05 11:00:00+00:00;5,45E-05;0;0;0;0;0,742914954;0,003;0,003;0,42568182;0,14492146;0,0001;0,742914954;0,0001
2017-09-05 12:00:00+00:00;5,74E-05;0;0;0;0;0,817492017;0,002;0,002;0,37912001;0,14018104;0,0001;0,817492017;0,0001
2017-09-05 13:00:00+00:00;5,92E-05;0;0;0;0;0,836593752;0,002;0,002;0,38341954;0,14288985;0,0001;0,836593752;0,0001
2017-09-05 14:00:00+00:00;5,83E-05;0;0;0;0;0,801543479;0,003;0,003;0,38498429;0,14356705;0,0001;0,801543479;0,0001
2017-09-05 15:00:00+00:00;6,23E-05;0;0;0;0;0,698273817;0,004;0,004;0,3831658;0,3507912;0,0001;0,698273817;0,0001
2017-09-05 16:00:00+00:00;6,23E-05;0;0;0;0;0,538413513;0,009;0,009;0,39211728;0,35350001;0,0001;0,538413513;0,0001
2017-09-05 17:00:00+00:00;8,90E-05;0;0;0;0;0,351016242;0,019;0,019;0,45694858;0,66027301;0,0001;0,351016242;0,0001
2017-09-05 18:00:00+00:00;0,00037083;0;0;0;0;0,150019258;0,039;0,039;0,67704231;0,79605222;0,0001;0,150019258;0,0001
2017-09-05 19:00:00+00:00;0,00038693;0;0;0;0;0;0,077;0,077;0,64476058;0,81806132;0,0001;0;0,0001
2017-09-05 20:00:00+00:00;9,41E-05;0;0;0;0;0;0,162;0,162;0,67246084;0,80011544;0,0001;0;0,0001
2017-09-05 21:00:00+00:00;4,90E-05;0;0;0;0;0;0,315;0,315;0,6415606;0,77641334;0,0001;0;0,0001
2017-09-05 22:00:00+00:00;3,30E-05;0;0;0;0;0;0,455;0,455;0,59481553;0,26884962;0,0001;0;0,0001
2017-09-05 23:00:00+00:00;8,63E-06;0;0;0;0;0;0,475;0,475;0,51046013;0,14424426;0,0001;0;0,0001
2017-09-06 00:00:00+00:00;8,67E-06;0;0;0;0;0;0,406;0,406;0,35110962;0,1977433;0,0001;0;0,0001
2017-09-06 01:00:00+00:00;1,48E-05;0;0;0;0;0;0,279;0,279;0,27595945;0,1974047;0,0001;0;0,0001
2017-09-06 02:00:00+00:00;1,82E-05;0;0;0;0;0;0,219;0,219;0,26888284;0,19943631;0,0001;0;0,0001
2017-09-06 03:00:00+00:00;2,22E-05;0;0;0;0;0;0,196;0,196;0,26542912;0,19875911;0,0001;0;0,0001
2017-09-06 04:00:00+00:00;2,95E-05;0;0;0;0;0;0,191;0,191;0,25299572;0,20180652;0,0001;0;0,0001
2017-09-06 05:00:00+00:00;6,98E-05;0;0;0;0;0;0,184;0,184;0,25003538;0,20959435;0,0001;0;0,0001
2017-09-06 06:00:00+00:00;0,00031865;0;0;0;0;0;0,191;0,191;0,28093562;0,20993296;0,0001;0;0,0001
2017-09-06 07:00:00+00:00;0,0004098;0;0;0;0;0;0,133;0,133;0,38286976;0,25462836;0,0001;0;0,0001
2017-09-06 08:00:00+00:00;0,00033601;0;0;0;0;0,179330984;0,122;0,122;0,46520932;0,25158095;0,0001;0,179330984;0,0001
2017-09-06 09:00:00+00:00;9,30E-05;0;0;0;0;0,428980492;0,108;0,108;0,47368151;0,25530556;0,0001;0,428980492;0,0001
2017-09-06 10:00:00+00:00;5,75E-05;0;0;0;0;0,624503398;0,096;0,096;0,49227522;0,20925575;0,0001;0,624503398;0,0001
2017-09-06 11:00:00+00:00;5,87E-05;0;0;0;0;0,758818082;0,103;0,103;0,48612901;0,20722414;0,0001;0,758818082;0,0001
2017-09-06 12:00:00+00:00;5,78E-05;0;0;0;0;0,826419157;0,097;0,097;0,44980149;0,20180652;0,0001;0,826419157;0,0001
2017-09-06 13:00:00+00:00;5,88E-05;0;0;0;0;0,841767541;0,088;0,088;0,45789307;0,1980819;0,0001;0,841767541;0,0001
2017-09-06 14:00:00+00:00;5,76E-05;0;0;0;0;0,79904113;0,092;0,092;0,45806223;0,23024905;0,0001;0,79904113;0,0001
2017-09-06 15:00:00+00:00;6,12E-05;0;0;0;0;0,701795331;0,113;0,113;0,4226651;0,46523852;0,0001;0,701795331;0,0001
2017-09-06 16:00:00+00:00;6,41E-05;0;0;0;0;0,55116246;0,149;0,149;0,46726746;0,47370356;0,0001;0,55116246;0,0001
2017-09-06 17:00:00+00:00;9,05E-05;0;0;0;0;0,342064268;0,183;0,183;0,54778852;0,75982186;0,0001;0,342064268;0,0001
2017-09-06 18:00:00+00:00;0,00037922;0;0;0;0;0,137586556;0,301;0,301;0,74704714;0,88882905;0,0001;0,137586556;0,0001
2017-09-06 19:00:00+00:00;0,0003851;0;0;0;0;0;0,431;0,431;0,70509499;0,88341142;0,0001;0;0,0001
2017-09-06 20:00:00+00:00;9,34E-05;0;0;0;0;0;0,488;0,488;0,592264;0,89289227;0,0001;0;0,0001
2017-09-06 21:00:00+00:00;5,02E-05;0;0;0;0;0;0,471;0,471;0,50245313;0,84819686;0,0001;0;0,0001
2017-09-06 22:00:00+00:00;3,44E-05;0;0;0;0;0;0,422;0,422;0,48993515;0,33081371;0,0001;0;0,0001
2017-09-06 23:00:00+00:00;8,60E-06;0;0;0;0;0;0,347;0,347;0,42456817;0,19537309;0,0001;0;0,0001
2017-09-07 00:00:00+00:00;6,92E-06;0;0;0;0;0;0,269;0,269;0,30602797;0,18487644;0,0001;0;0,0001
2017-09-07 01:00:00+00:00;1,13E-05;0;0;0;0;0;0,193;0,193;0,29114173;0,17844301;0,0001;0;0,0001
2017-09-07 02:00:00+00:00;1,44E-05;0;0;0;0;0;0,147;0,147;0,26321591;0,17878161;0,0001;0;0,0001
2017-09-07 03:00:00+00:00;1,78E-05;0;0;0;0;0;0,131;0,131;0,25942387;0,17810441;0,0001;0;0,0001
2017-09-07 04:00:00+00:00;2,46E-05;0;0;0;0;0;0,09;0,09;0,27056036;0,21772079;0,0001;0;0,0001
2017-09-07 05:00:00+00:00;6,24E-05;0;0;0;0;0;0,096;0,096;0,31352748;0,22178401;0,0001;0;0,0001
2017-09-07 06:00:00+00:00;0,00030736;0;0;0;0;0;0,08;0,08;0,29499016;0,21230317;0,0001;0;0,0001
2017-09-07 07:00:00+00:00;0,00039754;0;0;0;0;0;0,123;0,123;0,34514666;0,25665997;0,0001;0;0,0001
2017-09-07 08:00:00+00:00;0,00031025;0;0;0;0;0,191499038;0,343;0,343;0,38033234;0,2630934;0,0001;0,191499038;0,0001
2017-09-07 09:00:00+00:00;6,47E-05;0;0;0;0;0,431167836;0,385;0,385;0,38542129;0,25361255;0,0001;0,431167836;0,0001
2017-09-07 10:00:00+00:00;2,52E-05;0;0;0;0;0,625946987;0,374;0,374;0,3756099;0,2204296;0,0001;0,625946987;0,0001
2017-09-07 11:00:00+00:00;2,49E-05;0;0;0;0;0,762597956;0,397;0,397;0,32044902;0,220091;0,0001;0,762597956;0,0001
2017-09-07 12:00:00+00:00;2,57E-05;0;0;0;0;0,832200679;0,42;0,42;0,28919636;0,2204296;0,0001;0,832200679;0,0001
2017-09-07 13:00:00+00:00;2,45E-05;0;0;0;0;0,842864829;0,431;0,431;0,36159766;0,21399617;0,0001;0,842864829;0,0001
2017-09-07 14:00:00+00:00;2,54E-05;0;0;0;0;0,789671541;0,471;0,471;0,39098954;0,22313842;0,0001;0,789671541;0,0001
2017-09-07 15:00:00+00:00;3,00E-05;0;0;0;0;0,670539293;0,551;0,551;0,41983164;0,22720164;0,0001;0,670539293;0,0001
2017-09-07 16:00:00+00:00;3,91E-05;0;0;0;0;0,521770148;0,603;0,603;0,41034448;0,44932425;0,0001;0,521770148;0,0001
2017-09-07 17:00:00+00:00;7,20E-05;0;0;0;0;0,333013627;0,583;0,583;0,4404553;0,72155989;0,0001;0,333013627;0,0001
2017-09-07 18:00:00+00:00;0,00036538;0;0;0;0;0,13067601;0,499;0,499;0,66975425;0,89086066;0,0001;0,13067601;0,0001
2017-09-07 19:00:00+00:00;0,00038119;0;0;0;0;0;0,371;0,371;0,64171566;0,89153786;0,0001;0;0,0001
2017-09-07 20:00:00+00:00;8,85E-05;0;0;0;0;0;0,315;0,315;0,57588349;0,8559847;0,0001;0;0,0001
2017-09-07 21:00:00+00:00;4,57E-05;0;0;0;0;0;0,277;0,277;0,4808568;0,84988987;0,0001;0;0,0001
2017-09-07 22:00:00+00:00;3,01E-05;0;0;0;0;0;0,283;0,283;0,41306516;0,31151342;0,0001;0;0,0001
2017-09-07 23:00:00+00:00;6,33E-06;0;0;0;0;0;0,278;0,278;0,40190048;0,17979742;0,0001;0;0,0001
2017-09-08 00:00:00+00:00;7,07E-06;0;0;0;0;0;0,247;0,247;0,27384492;0,16726916;0,0001;0;0,0001
2017-09-08 01:00:00+00:00;1,13E-05;0;0;0;0;0;0,212;0,212;0,20550351;0,16862357;0,0001;0;0,0001
2017-09-08 02:00:00+00:00;1,44E-05;0;0;0;0;0;0,18;0,18;0,19228069;0,16930077;0,0001;0;0,0001
2017-09-08 03:00:00+00:00;1,79E-05;0;0;0;0;0;0,147;0,147;0,18270895;0,16963937;0,0001;0;0,0001
2017-09-08 04:00:00+00:00;2,46E-05;0;0;0;0;0;0,113;0,113;0,19146308;0,18656945;0,0001;0;0,0001
2017-09-08 05:00:00+00:00;6,34E-05;0;0;0;0;0;0,083;0,083;0,21899418;0,21535058;0,0001;0;0,0001
2017-09-08 06:00:00+00:00;0,0003095;0;0;0;0;0;0,081;0,081;0,29069063;0,21399617;0,0001;0;0,0001
2017-09-08 07:00:00+00:00;0,00039736;0;0;0;0;0;0,05;0,05;0,3809526;0,25395116;0,0001;0;0,0001
2017-09-08 08:00:00+00:00;0,00031401;0;0;0;0;0,184783048;0,233;0,233;0,40206964;0,25225815;0,0001;0,184783048;0,0001
2017-09-08 09:00:00+00:00;6,51E-05;0;0;0;0;0,437112055;0,411;0,411;0,37935966;0,25395116;0,0001;0,437112055;0,0001
2017-09-08 10:00:00+00:00;2,52E-05;0;0;0;0;0,637392919;0,414;0,414;0,37545483;0,25225815;0,0001;0,637392919;0,0001
2017-09-08 11:00:00+00:00;2,50E-05;0;0;0;0;0,778194904;0,361;0,361;0,37952882;0,18352204;0,0001;0,778194904;0,0001
2017-09-08 12:00:00+00:00;2,57E-05;0;0;0;0;0,851052725;0,306;0,306;0,32555207;0,18656945;0,0001;0,851052725;0,0001
2017-09-08 13:00:00+00:00;2,45E-05;0;0;0;0;0,864281834;0,235;0,235;0,37747068;0,2187366;0,0001;0,864281834;0,0001
2017-09-08 14:00:00+00:00;2,54E-05;0;0;0;0;0,823773862;0,159;0,159;0,43698748;0,23871409;0,0001;0,823773862;0,0001
2017-09-08 15:00:00+00:00;2,99E-05;0;0;0;0;0,74222342;0,099;0,099;0,47421719;0,22584723;0,0001;0,74222342;0,0001
2017-09-08 16:00:00+00:00;3,91E-05;0;0;0;0;0,605302566;0,045;0,045;0,49376949;0,45541907;0,0001;0,605302566;0,0001
2017-09-08 17:00:00+00:00;7,20E-05;0;0;0;0;0,416141781;0,012;0,012;0,51842483;0,73679695;0,0001;0,416141781;0,0001
2017-09-08 18:00:00+00:00;0,00036066;0;0;0;0;0,179919784;0,003;0,003;0,76131313;0,88307282;0,0001;0,179919784;0,0001
2017-09-08 19:00:00+00:00;0,00038517;0;0;0;0;0;0,012;0,012;0,73615029;0,88578163;0,0001;0;0,0001
2017-09-08 20:00:00+00:00;8,88E-05;0;0;0;0;0;0,039;0,039;0,63172101;0,85361449;0,0001;0;0,0001
2017-09-08 21:00:00+00:00;4,57E-05;0;0;0;0;0;0,071;0,071;0,52634725;0,84345644;0,0001;0;0,0001
2017-09-08 22:00:00+00:00;3,02E-05;0;0;0;0;0;0,085;0,085;0,42586508;0,31117482;0,0001;0;0,0001
2017-09-08 23:00:00+00:00;6,30E-06;0;0;0;0;0;0,071;0,071;0,3827288;0,17031657;0,0001;0;0,0001
2017-09-09 00:00:00+00:00;8,43E-06;0;0;0;0;0;0,037;0,037;0,26892513;0,16591475;0,0001;0;0,0001
2017-09-09 01:00:00+00:00;1,41E-05;0;0;0;0;0;0,014;0,014;0,3068033;0,16219014;0,0001;0;0,0001
2017-09-09 02:00:00+00:00;1,81E-05;0;0;0;0;0;0,026;0,026;0,31905344;0,16591475;0,0001;0;0,0001
2017-09-09 03:00:00+00:00;2,27E-05;0;0;0;0;0;0,083;0,083;0,34597837;0,18182903;0,0001;0;0,0001
2017-09-09 04:00:00+00:00;2,99E-05;0;0;0;0;0;0,146;0,146;0,3520682;0,18115182;0,0001;0;0,0001
2017-09-09 05:00:00+00:00;6,91E-05;0;0;0;0;0;0,299;0,299;0,37794997;0,18656945;0,0001;0;0,0001
2017-09-09 06:00:00+00:00;0,00031814;0;0;0;0;0;0,456;0,456;0,36443112;0,18589225;0,0001;0;0,0001
2017-09-09 07:00:00+00:00;0,00041532;0;0;0;0;0,000312682;0,609;0,609;0,38309531;0,24006849;0,0001;0,000312682;0,0001
2017-09-09 08:00:00+00:00;0,00034087;0;0;0;0;0,171055281;0,653;0,653;0,39406264;0,23939129;0,0001;0,171055281;0,0001
2017-09-09 09:00:00+00:00;9,40E-05;0;0;0;0;0,410303996;0,645;0,645;0,37270595;0,23735968;0,0001;0,410303996;0,0001
2017-09-09 10:00:00+00:00;5,98E-05;0;0;0;0;0,602174347;0,6;0,6;0,36516415;0,18453784;0,0001;0,602174347;0,0001
2017-09-09 11:00:00+00:00;5,96E-05;0;0;0;0;0,722112267;0,52;0,52;0,35818623;0,18047462;0,0001;0,722112267;0,0001
2017-09-09 12:00:00+00:00;5,85E-05;0;0;0;0;0,813992087;0,42;0,42;0,431095;0,17099378;0,0001;0,813992087;0,0001
2017-09-09 13:00:00+00:00;5,63E-05;0;0;0;0;0,834981829;0,342;0,342;0,41183874;0,17065518;0,0001;0,834981829;0,0001
2017-09-09 14:00:00+00:00;5,72E-05;0;0;0;0;0,790248742;0,319;0,319;0,35542325;0,17675;0,0001;0,790248742;0,0001
2017-09-09 15:00:00+00:00;6,27E-05;0;0;0;0;0,707300957;0,35;0,35;0,45449573;0,17167098;0,0001;0,707300957;0,0001
2017-09-09 16:00:00+00:00;6,39E-05;0;0;0;0;0,568037701;0,415;0,415;0,53028026;0,35993344;0,0001;0,568037701;0,0001
2017-09-09 17:00:00+00:00;9,02E-05;0;0;0;0;0,376176299;0,46;0,46;0,51302575;0,66670644;0,0001;0,376176299;0,0001
2017-09-09 18:00:00+00:00;0,00037619;0;0;0;0;0,160306795;0,495;0,495;0,73266838;0,86952876;0,0001;0,160306795;0,0001
2017-09-09 19:00:00+00:00;0,00039436;0;0;0;0;0;0,442;0,442;0,72182792;0,8783324;0,0001;0;0,0001
2017-09-09 20:00:00+00:00;9,45E-05;0;0;0;0;0;0,367;0,367;0,65688385;0,86715855;0,0001;0;0,0001
2017-09-09 21:00:00+00:00;4,98E-05;0;0;0;0;0;0,322;0,322;0,4799405;0,83871602;0,0001;0;0,0001
2017-09-09 22:00:00+00:00;3,37E-05;0;0;0;0;0;0,291;0,291;0,36644696;0,3064344;0,0001;0;0,0001
2017-09-09 23:00:00+00:00;8,60E-06;0;0;0;0;0;0,275;0,275;0,31734772;0,16388315;0,0001;0;0,0001
2017-09-10 00:00:00+00:00;8,90E-06;0;0;0;0;0;0,276;0,276;0,4617274;0,20722414;0,0001;0;0,0001
2017-09-10 01:00:00+00:00;1,40E-05;0;0;0;0;0;0,274;0,274;0,40160444;0,20383813;0,0001;0;0,0001
2017-09-10 02:00:00+00:00;1,81E-05;0;0;0;0;0;0,286;0,286;0,3733826;0,20925575;0,0001;0;0,0001
2017-09-10 03:00:00+00:00;2,23E-05;0;0;0;0;0;0,281;0,281;0,3356454;0,20722414;0,0001;0;0,0001
2017-09-10 04:00:00+00:00;2,94E-05;0;0;0;0;0;0,301;0,301;0,35181446;0,23600527;0,0001;0;0,0001
2017-09-10 05:00:00+00:00;7,06E-05;0;0;0;0;0;0,286;0,286;0,31723495;0,23261926;0,0001;0;0,0001
2017-09-10 06:00:00+00:00;0,00032724;0;0;0;0;0;0,364;0,364;0,32314152;0,25869158;0,0001;0;0,0001
2017-09-10 07:00:00+00:00;0,00041849;0;0;0;0;0,003356572;0,283;0,283;0,34750083;0,18555364;0,0001;0,003356572;0,0001
2017-09-10 08:00:00+00:00;0,00034323;0;0;0;0;0,212762608;0,365;0,365;0,38742304;0,18589225;0,0001;0,212762608;0,0001
2017-09-10 09:00:00+00:00;9,52E-05;0;0;0;0;0,469904235;0,366;0,366;0,38826885;0,16828497;0,0001;0,469904235;0,0001
2017-09-10 10:00:00+00:00;5,83E-05;0;0;0;0;0,66967951;0,2;0,2;0,43516899;0,13747223;0,0001;0,66967951;0,0001
2017-09-10 11:00:00+00:00;5,93E-05;0;0;0;0;0,805322858;0,078;0,078;0,3822495;0,13611782;0,0001;0,805322858;0,0001
2017-09-10 12:00:00+00:00;5,73E-05;0;0;0;0;0,878903868;0,039;0,039;0,37816142;0,08668199;0,0001;0,878903868;0,0001
2017-09-10 13:00:00+00:00;5,49E-05;0;0;0;0;0,889856125;0,03;0,03;0,40321148;0,08600479;0,0001;0,889856125;0,0001
2017-09-10 14:00:00+00:00;5,78E-05;0;0;0;0;0,851133041;0,025;0,025;0,36706722;0,08566619;0,0001;0,851133041;0,0001
2017-09-10 15:00:00+00:00;6,08E-05;0;0;0;0;0,760102323;0,014;0,014;0,37656848;0,0873592;0,0001;0,760102323;0,0001
2017-09-10 16:00:00+00:00;6,18E-05;0;0;0;0;0,624914575;0,004;0,004;0,36577032;0,30338698;0,0001;0,624914575;0,0001
2017-09-10 17:00:00+00:00;8,95E-05;0;0;0;0;0,426040735;0,001;0,001;0,58524378;0,36467386;0,0001;0,426040735;0,0001
2017-09-10 18:00:00+00:00;0,00037865;0;0;0;0;0,183455722;0;0;0,71141037;0,51873756;0,0001;0,183455722;0,0001
2017-09-10 19:00:00+00:00;0,00039215;0;0;0;0;0;0;0;0,69536818;0,51569015;0,0001;0;0,0001
2017-09-10 20:00:00+00:00;9,46E-05;0;0;0;0;0;0,002;0,002;0,67092429;0,48623181;0,0001;0;0,0001
2017-09-10 21:00:00+00:00;5,04E-05;0;0;0;0;0;0,016;0,016;0,60458463;0,48758622;0,0001;0;0,0001
2017-09-10 22:00:00+00:00;3,36E-05;0;0;0;0;0;0,05;0,05;0,5802676;0,18149043;0,0001;0;0,0001
2017-09-10 23:00:00+00:00;8,51E-06;0;0;0;0;0;0,102;0,102;0,54347489;0,08058717;0,0001;0;0,0001
2017-09-11 00:00:00+00:00;8,69E-06;0;0;0;0;0;0,133;0,133;0,17012048;0,14255125;0,0001;0;0,0001
2017-09-11 01:00:00+00:00;1,42E-05;0;0;0;0;0;0,14;0,14;0,14800256;0,14221265;0,0001;0;0,0001
2017-09-11 02:00:00+00:00;1,78E-05;0;0;0;0;0;0,178;0,178;0,10385131;0,14458286;0,0001;0;0,0001
2017-09-11 03:00:00+00:00;2,25E-05;0;0;0;0;0;0,156;0,156;0,09862139;0,175057;0,0001;0;0,0001
2017-09-11 04:00:00+00:00;3,01E-05;0;0;0;0;0;0,107;0,107;0,10113062;0,1764114;0,0001;0;0,0001
2017-09-11 05:00:00+00:00;7,22E-05;0;0;0;0;0;0,084;0,084;0,09716941;0,17133238;0,0001;0;0,0001
2017-09-11 06:00:00+00:00;0,00032511;0;0;0;0;0;0,05;0,05;0,18659967;0,1760728;0,0001;0;0,0001
2017-09-11 07:00:00+00:00;0,00041813;0;0;0;0;0,004948519;0,033;0,033;0,22490074;0,17979742;0,0001;0,004948519;0,0001
2017-09-11 08:00:00+00:00;0,00034259;0;0;0;0;0,21172167;0,017;0,017;0,24869618;0,17437979;0,0001;0,21172167;0,0001
2017-09-11 09:00:00+00:00;9,26E-05;0;0;0;0;0,465276061;0;0;0,23335884;0,17437979;0,0001;0,465276061;0,0001
2017-09-11 10:00:00+00:00;5,79E-05;0;0;0;0;0,661542131;0;0;0,27429602;0,14627587;0,0001;0,661542131;0,0001
2017-09-11 11:00:00+00:00;5,96E-05;0;0;0;0;0,795389867;0,003;0,003;0,29263599;0,14796887;0,0001;0,795389867;0,0001
2017-09-11 12:00:00+00:00;5,91E-05;0;0;0;0;0,869615916;0,013;0,013;0,2601569;0,15135489;0,0001;0,869615916;0,0001
2017-09-11 13:00:00+00:00;5,65E-05;0;0;0;0;0,875844318;0,028;0,028;0,26869958;0,14864608;0,0001;0,875844318;0,0001
2017-09-11 14:00:00+00:00;5,62E-05;0;0;0;0;0,841490224;0,043;0,043;0,30509758;0,14390565;0,0001;0,841490224;0,0001
2017-09-11 15:00:00+00:00;6,15E-05;0;0;0;0;0,731494673;0,055;0,055;0,30580242;0,35756323;0,0001;0,731494673;0,0001
2017-09-11 16:00:00+00:00;6,30E-05;0;0;0;0;0,598097664;0,062;0,062;0,27828542;0,36365806;0,0001;0,598097664;0,0001
2017-09-11 17:00:00+00:00;9,00E-05;0;0;0;0;0,388209302;0,056;0,056;0,30333548;0,67551008;0,0001;0,388209302;0,0001
2017-09-11 18:00:00+00:00;0,00037989;0;0;0;0;0,152784455;0,08;0,08;0,55533032;0,86817435;0,0001;0,152784455;0,0001
2017-09-11 19:00:00+00:00;0,00039474;0;0;0;0;0;0,097;0,097;0,57070996;0,86241813;0,0001;0;0,0001
2017-09-11 20:00:00+00:00;9,45E-05;0;0;0;0;0;0,103;0,103;0,53053401;0,82720357;0,0001;0;0,0001
2017-09-11 21:00:00+00:00;5,01E-05;0;0;0;0;0;0,122;0,122;0,40449429;0,82720357;0,0001;0;0,0001
2017-09-11 22:00:00+00:00;3,39E-05;0;0;0;0;0;0,141;0,141;0,32718731;0,26817242;0,0001;0;0,0001
2017-09-11 23:00:00+00:00;8,44E-06;0;0;0;0;0;0,149;0,149;0,1913503;0,13916523;0,0001;0;0,0001
2017-09-12 00:00:00+00:00;8,26E-06;0;0;0;0;0;0,161;0,161;0,54329163;0,18826246;0,0001;0;0,0001
2017-09-12 01:00:00+00:00;1,42E-05;0;0;0;0;0;0,181;0,181;0,54971978;0,19300288;0,0001;0;0,0001
2017-09-12 02:00:00+00:00;1,85E-05;0;0;0;0;0;0,199;0,199;0,57952047;0,19334148;0,0001;0;0,0001
2017-09-12 03:00:00+00:00;2,20E-05;0;0;0;0;0;0,218;0,218;0,57519275;0,19164847;0,0001;0;0,0001
2017-09-12 04:00:00+00:00;2,93E-05;0;0;0;0;0;0,245;0,245;0,59234858;0,19198707;0,0001;0;0,0001
2017-09-12 05:00:00+00:00;7,02E-05;0;0;0;0;0;0,222;0,222;0,53229611;0,19334148;0,0001;0;0,0001
2017-09-12 06:00:00+00:00;0,00032631;0;0;0;0;0;0,178;0,178;0,61835723;0,19605029;0,0001;0;0,0001
2017-09-12 07:00:00+00:00;0,00042228;0;0;0;0;0,004908875;0,081;0,081;0,65629178;0,1980819;0,0001;0,004908875;0,0001
2017-09-12 08:00:00+00:00;0,00033955;0;0;0;0;0,207957716;0,324;0,324;0,64609978;0,19943631;0,0001;0,207957716;0,0001
2017-09-12 09:00:00+00:00;9,28E-05;0;0;0;0;0,453508705;0,376;0,376;0,64182844;0,17708861;0,0001;0,453508705;0,0001
2017-09-12 10:00:00+00:00;5,62E-05;0;0;0;0;0,644745834;0,358;0,358;0,65736314;0,23803688;0,0001;0,644745834;0,0001
2017-09-12 11:00:00+00:00;5,68E-05;0;0;0;0;0,771570234;0,36;0,36;0,67645024;0,24345451;0,0001;0,771570234;0,0001
2017-09-12 12:00:00+00:00;5,74E-05;0;0;0;0;0,839797398;0,378;0,378;0,68358323;0,24514752;0,0001;0,839797398;0,0001
2017-09-12 13:00:00+00:00;5,87E-05;0;0;0;0;0,861968708;0,384;0,384;0,69146336;0,24480891;0,0001;0,861968708;0,0001
2017-09-12 14:00:00+00:00;5,94E-05;0;0;0;0;0,817377364;0,382;0,382;0,76159506;0,27359005;0,0001;0,817377364;0,0001
2017-09-12 15:00:00+00:00;6,01E-05;0;0;0;0;0,714275062;0,366;0,366;0,71673897;0,483523;0,0001;0,714275062;0,0001
2017-09-12 16:00:00+00:00;6,29E-05;0;0;0;0;0,557851003;0,329;0,329;0,68255417;0,48149139;0,0001;0,557851003;0,0001
2017-09-12 17:00:00+00:00;9,30E-05;0;0;0;0;0,379486498;0,235;0,235;0,65293674;0,74458479;0,0001;0,379486498;0,0001
2017-09-12 18:00:00+00:00;0,00038241;0;0;0;0;0,154167351;0,209;0,209;0,83296729;0,90305031;0,0001;0,154167351;0,0001
2017-09-12 19:00:00+00:00;0,00039824;0;0;0;0;0;0,23;0,23;0,83410913;0,89593968;0,0001;0;0,0001
2017-09-12 20:00:00+00:00;9,44E-05;0;0;0;0;0;0,321;0,321;0,76196158;0,89864849;0,0001;0;0,0001
2017-09-12 21:00:00+00:00;4,96E-05;0;0;0;0;0;0,462;0,462;0,67450488;0,89356947;0,0001;0;0,0001
2017-09-12 22:00:00+00:00;3,35E-05;0;0;0;0;0;0,569;0,569;0,67962203;0,61896362;0,0001;0;0,0001
2017-09-12 23:00:00+00:00;8,22E-06;0;0;0;0;0;0,607;0,607;0,6792837;0,22686303;0,0001;0;0,0001
2017-09-13 00:00:00+00:00;8,64E-06;0;0;0;0;0;0,502;0,502;0,27566341;0,16693056;0,0001;0;0,0001
2017-09-13 01:00:00+00:00;1,45E-05;0;0;0;0;0;0,361;0,361;0,27607222;0,16151293;0,0001;0;0,0001
2017-09-13 02:00:00+00:00;1,82E-05;0;0;0;0;0;0,27;0,27;0,26720532;0,16252874;0,0001;0;0,0001
2017-09-13 03:00:00+00:00;2,26E-05;0;0;0;0;0;0,209;0,209;0,22549281;0,16726916;0,0001;0;0,0001
2017-09-13 04:00:00+00:00;2,93E-05;0;0;0;0;0;0,194;0,194;0,23770066;0,19029407;0,0001;0;0,0001
2017-09-13 05:00:00+00:00;7,16E-05;0;0;0;0;0;0,204;0,204;0,28454441;0,18893966;0,0001;0;0,0001
2017-09-13 06:00:00+00:00;0,00032439;0;0;0;0;0;0,2;0,2;0,29786591;0,19097127;0,0001;0;0,0001
2017-09-13 07:00:00+00:00;0,00041797;0;0;0;0;0,005479293;0,137;0,137;0,29420073;0,25327395;0,0001;0,005479293;0,0001
2017-09-13 08:00:00+00:00;0,00033915;0;0;0;0;0,207826476;0,69;0,69;0,39710756;0,24379311;0,0001;0,207826476;0,0001
2017-09-13 09:00:00+00:00;9,54E-05;0;0;0;0;0,453604311;0,785;0,785;0,3525334;0,25056514;0,0001;0,453604311;0,0001
2017-09-13 10:00:00+00:00;5,83E-05;0;0;0;0;0,645897697;0,747;0,747;0,40153396;0,16862357;0,0001;0,645897697;0,0001
2017-09-13 11:00:00+00:00;5,64E-05;0;0;0;0;0,778306801;0,704;0,704;0,38942479;0,17268679;0,0001;0,778306801;0,0001
2017-09-13 12:00:00+00:00;5,67E-05;0;0;0;0;0,850212789;0,685;0,685;0,33450356;0,16794637;0,0001;0,850212789;0,0001
2017-09-13 13:00:00+00:00;5,71E-05;0;0;0;0;0,859063633;0,667;0,667;0,3361106;0,17336399;0,0001;0,859063633;0,0001
2017-09-13 14:00:00+00:00;5,78E-05;0;0;0;0;0,819462179;0,645;0,645;0,36438883;0,16828497;0,0001;0,819462179;0,0001
2017-09-13 15:00:00+00:00;6,48E-05;0;0;0;0;0,734849682;0,606;0,606;0,35188494;0,17133238;0,0001;0,734849682;0,0001
2017-09-13 16:00:00+00:00;6,50E-05;0;0;0;0;0,577193806;0,541;0,541;0,31251251;0,38363555;0,0001;0,577193806;0,0001
2017-09-13 17:00:00+00:00;9,14E-05;0;0;0;0;0,375946632;0,428;0,428;0,341411;0,72663891;0,0001;0,375946632;0,0001
2017-09-13 18:00:00+00:00;0,00038559;0;0;0;0;0,151301727;0,402;0,402;0,58899354;0,8793482;0,0001;0,151301727;0,0001
2017-09-13 19:00:00+00:00;0,00040061;0;0;0;0;0;0,397;0,397;0,54883168;0,87663939;0,0001;0;0,0001
2017-09-13 20:00:00+00:00;9,40E-05;0;0;0;0;0;0,429;0,429;0,49960557;0,88341142;0,0001;0;0,0001
2017-09-13 21:00:00+00:00;5,00E-05;0;0;0;0;0;0,475;0,475;0,42702102;0,85463029;0,0001;0;0,0001
2017-09-13 22:00:00+00:00;3,36E-05;0;0;0;0;0;0,513;0,513;0,37332622;0,31286782;0,0001;0;0,0001
2017-09-13 23:00:00+00:00;8,52E-06;0;0;0;0;0;0,556;0,556;0,29085979;0,16422175;0,0001;0;0,0001
2017-09-14 00:00:00+00:00;7,04E-06;0;0;0;0;0;0,523;0,523;0,25237546;0,16219014;0,0001;0;0,0001
2017-09-14 01:00:00+00:00;1,13E-05;0;0;0;0;0;0,468;0,468;0,24858341;0,16523755;0,0001;0;0,0001
2017-09-14 02:00:00+00:00;1,44E-05;0;0;0;0;0;0,375;0,375;0,21786643;0,16354455;0,0001;0;0,0001
2017-09-14 03:00:00+00:00;1,79E-05;0;0;0;0;0;0,344;0,344;0,21143828;0,16862357;0,0001;0;0,0001
2017-09-14 04:00:00+00:00;2,46E-05;0;0;0;0;0;0,302;0,302;0,20305067;0,18690805;0,0001;0;0,0001
2017-09-14 05:00:00+00:00;6,48E-05;0;0;0;0;0;0,278;0,278;0,22991922;0,19130987;0,0001;0;0,0001
2017-09-14 06:00:00+00:00;0,00031696;0;0;0;0;0;0,238;0,238;0,27356298;0,18724665;0,0001;0;0,0001
2017-09-14 07:00:00+00:00;0,00040883;0;0;0;0;0,006307883;0,132;0,132;0,28660255;0,24717913;0,0001;0,006307883;0,0001
2017-09-14 08:00:00+00:00;0,00031816;0;0;0;0;0,217529649;0,582;0,582;0,31161032;0,24921073;0,0001;0,217529649;0,0001
2017-09-14 09:00:00+00:00;6,53E-05;0;0;0;0;0,465385715;0,548;0,548;0,2943699;0,24650192;0,0001;0,465385715;0,0001
2017-09-14 10:00:00+00:00;2,51E-05;0;0;0;0;0,656590277;0,388;0,388;0,33492646;0,19029407;0,0001;0,656590277;0,0001
2017-09-14 11:00:00+00:00;2,50E-05;0;0;0;0;0,786516602;0,283;0,283;0,32563665;0,18690805;0,0001;0,786516602;0,0001
2017-09-14 12:00:00+00:00;2,57E-05;0;0;0;0;0,855382285;0,231;0,231;0,28703955;0,17133238;0,0001;0,855382285;0,0001
2017-09-14 13:00:00+00:00;2,46E-05;0;0;0;0;0,866376182;0,196;0,196;0,28775849;0,17167098;0,0001;0,866376182;0,0001
2017-09-14 14:00:00+00:00;2,53E-05;0;0;0;0;0,829672394;0,161;0,161;0,29906414;0,17234818;0,0001;0,829672394;0,0001
2017-09-14 15:00:00+00:00;2,98E-05;0;0;0;0;0,734267907;0,121;0,121;0,31603672;0,17099378;0,0001;0,734267907;0,0001
2017-09-14 16:00:00+00:00;3,93E-05;0;0;0;0;0,584171347;0,079;0,079;0,31651601;0,38702156;0,0001;0,584171347;0,0001
2017-09-14 17:00:00+00:00;7,38E-05;0;0;0;0;0,390946037;0,048;0,048;0,43842535;0,56140136;0,0001;0,390946037;0,0001
2017-09-14 18:00:00+00:00;0,00037011;0;0;0;0;0,158415826;0,03;0,03;0,65919573;0,88510443;0,0001;0,158415826;0,0001
2017-09-14 19:00:00+00:00;0,00039018;0;0;0;0;0;0,019;0,019;0,66370671;0,87968681;0,0001;0;0,0001
2017-09-14 20:00:00+00:00;9,00E-05;0;0;0;0;0;0,021;0,021;0,58628695;0,8779938;0,0001;0;0,0001
2017-09-14 21:00:00+00:00;4,56E-05;0;0;0;0;0;0,034;0,034;0,45101382;0,84514945;0,0001;0;0,0001
2017-09-14 22:00:00+00:00;3,02E-05;0;0;0;0;0;0,057;0,057;0,31819353;0,54582568;0,0001;0;0,0001
2017-09-14 23:00:00+00:00;6,45E-06;0;0;0;0;0;0,073;0,073;0,23445839;0,15643391;0,0001;0;0,0001
2017-09-15 00:00:00+00:00;7,01E-06;0;0;0;0;0;0,056;0,056;0,21758449;0,15981993;0,0001;0;0,0001
2017-09-15 01:00:00+00:00;1,14E-05;0;0;0;0;0;0,019;0,019;0,21052198;0,15778832;0,0001;0;0,0001
2017-09-15 02:00:00+00:00;1,46E-05;0;0;0;0;0;0,024;0,024;0,2126506;0,15914273;0,0001;0;0,0001
2017-09-15 03:00:00+00:00;1,80E-05;0;0;0;0;0;0,08;0,08;0,22026289;0,16151293;0,0001;0;0,0001
2017-09-15 04:00:00+00:00;2,48E-05;0;0;0;0;0;0,212;0,212;0,23211832;0,18216763;0,0001;0;0,0001
2017-09-15 05:00:00+00:00;6,43E-05;0;0;0;0;0;0,313;0,313;0,29563861;0,18013602;0,0001;0;0,0001
2017-09-15 06:00:00+00:00;0,00032022;0;0;0;0;0;0,442;0,442;0,33205071;0,18047462;0,0001;0;0,0001
2017-09-15 07:00:00+00:00;0,00040798;0;0;0;0;0,005723777;0,518;0,518;0,39252609;0,24480891;0,0001;0,005723777;0,0001
2017-09-15 08:00:00+00:00;0,00032259;0;0;0;0;0,173932032;0,495;0,495;0,42848709;0,24345451;0,0001;0,173932032;0,0001
2017-09-15 09:00:00+00:00;6,50E-05;0;0;0;0;0,396579377;0,408;0,408;0,44792661;0,24379311;0,0001;0,396579377;0,0001
2017-09-15 10:00:00+00:00;2,51E-05;0;0;0;0;0,587294327;0,27;0,27;0,42851528;0,18521504;0,0001;0,587294327;0,0001
2017-09-15 11:00:00+00:00;2,50E-05;0;0;0;0;0,690076128;0,143;0,143;0,47709294;0,18115182;0,0001;0,690076128;0,0001
2017-09-15 12:00:00+00:00;2,56E-05;0;0;0;0;0,785939058;0,075;0,075;0,43261746;0,16659196;0,0001;0,785939058;0,0001
2017-09-15 13:00:00+00:00;2,46E-05;0;0;0;0;0,802207654;0,046;0,046;0,42328536;0,08972941;0,0001;0,802207654;0,0001
2017-09-15 14:00:00+00:00;2,53E-05;0;0;0;0;0,762482567;0,031;0,031;0,49166906;0,17302539;0,0001;0,762482567;0,0001
2017-09-15 15:00:00+00:00;3,00E-05;0;0;0;0;0,670892356;0,024;0,024;0,53374808;0,16591475;0,0001;0,670892356;0,0001
2017-09-15 16:00:00+00:00;3,92E-05;0;0;0;0;0,516046093;0,022;0,022;0,60186394;0,38160394;0,0001;0,516046093;0,0001
2017-09-15 17:00:00+00:00;7,35E-05;0;0;0;0;0,30138306;0,033;0,033;0,58890896;0,72765471;0,0001;0,30138306;0,0001
2017-09-15 18:00:00+00:00;0,00036665;0;0;0;0;0,114771178;0,074;0,074;0,72639529;0,87460778;0,0001;0,114771178;0,0001
2017-09-15 19:00:00+00:00;0,00039279;0;0;0;0;0;0,098;0,098;0,73132918;0,88036401;0,0001;0;0,0001
2017-09-15 20:00:00+00:00;9,05E-05;0;0;0;0;0;0,102;0,102;0,63569632;0,87426918;0,0001;0;0,0001
2017-09-15 21:00:00+00:00;4,55E-05;0;0;0;0;0;0,085;0,085;0,5163667;0,84548805;0,0001;0;0,0001
2017-09-15 22:00:00+00:00;3,01E-05;0;0;0;0;0;0,101;0,101;0,41004844;0,30948181;0,0001;0;0,0001
2017-09-15 23:00:00+00:00;6,27E-06;0;0;0;0;0;0,108;0,108;0,33636434;0,15541811;0,0001;0;0,0001
2017-09-16 00:00:00+00:00;8,54E-06;0;0;0;0;0;0,116;0,116;0,30247557;0,15541811;0,0001;0;0,0001
2017-09-16 01:00:00+00:00;1,45E-05;0;0;0;0;0;0,156;0,156;0,26472428;0,15711111;0,0001;0;0,0001
2017-09-16 02:00:00+00:00;1,82E-05;0;0;0;0;0;0,177;0,177;0,2561816;0,15575671;0,0001;0;0,0001
2017-09-16 03:00:00+00:00;2,22E-05;0;0;0;0;0;0,146;0,146;0,24723012;0,16083573;0,0001;0;0,0001
2017-09-16 04:00:00+00:00;2,96E-05;0;0;0;0;0;0,102;0,102;0,24291649;0,16185154;0,0001;0;0,0001
2017-09-16 05:00:00+00:00;7,21E-05;0;0;0;0;0;0,088;0,088;0,25525121;0,18047462;0,0001;0;0,0001
2017-09-16 06:00:00+00:00;0,00032817;0;0;0;0;0;0,06;0,06;0,34207355;0,18386064;0,0001;0;0,0001
2017-09-16 07:00:00+00:00;0,00042505;0;0;0;0;0,007460602;0,029;0,029;0,36344434;0,24311591;0,0001;0,007460602;0,0001
2017-09-16 08:00:00+00:00;0,00034713;0;0;0;0;0,175908759;0,058;0,058;0,46302431;0,24447031;0,0001;0,175908759;0,0001
2017-09-16 09:00:00+00:00;9,65E-05;0;0;0;0;0,388969764;0,083;0,083;0,46010627;0,2417615;0,0001;0,388969764;0,0001
2017-09-16 10:00:00+00:00;5,71E-05;0;0;0;0;0,585864849;0,098;0,098;0,45615916;0,18352204;0,0001;0,585864849;0,0001
2017-09-16 11:00:00+00:00;5,59E-05;0;0;0;0;0,711791643;0,12;0,12;0,45125346;0,16456035;0,0001;0,711791643;0,0001
2017-09-16 12:00:00+00:00;5,88E-05;0;0;0;0;0,773066734;0,149;0,149;0,40159035;0,16794637;0,0001;0,773066734;0,0001
2017-09-16 13:00:00+00:00;5,93E-05;0;0;0;0;0,775043067;0,165;0,165;0,43653638;0,16625336;0,0001;0,775043067;0,0001
2017-09-16 14:00:00+00:00;5,79E-05;0;0;0;0;0,740472868;0,155;0,155;0,46229128;0,16388315;0,0001;0,740472868;0,0001
2017-09-16 15:00:00+00:00;6,13E-05;0;0;0;0;0,642876635;0,122;0,122;0,48531139;0,16320594;0,0001;0,642876635;0,0001
2017-09-16 16:00:00+00:00;6,27E-05;0;0;0;0;0,45886949;0,087;0,087;0,49757563;0,40903066;0,0001;0,45886949;0,0001
2017-09-16 17:00:00+00:00;9,23E-05;0;0;0;0;0,275652054;0,054;0,054;0,519905;0,71614226;0,0001;0,275652054;0,0001
2017-09-16 18:00:00+00:00;0,00038637;0;0;0;0;0,109161398;0,035;0,035;0,79671026;0,87596219;0,0001;0,109161398;0,0001
2017-09-16 19:00:00+00:00;0,0003996;0;0;0;0;0;0,011;0,011;0,76929193;0,86546554;0,0001;0;0,0001
2017-09-16 20:00:00+00:00;9,50E-05;0;0;0;0;0;0,004;0,004;0,69384572;0,8776552;0,0001;0;0,0001
2017-09-16 21:00:00+00:00;5,02E-05;0;0;0;0;0;0,003;0,003;0,56807385;0,83126679;0,0001;0;0,0001
2017-09-16 22:00:00+00:00;3,38E-05;0;0;0;0;0;0,005;0,005;0,40899118;0,31422223;0,0001;0;0,0001
2017-09-16 23:00:00+00:00;8,60E-06;0;0;0;0;0;0,012;0,012;0,33971938;0,15609531;0,0001;0;0,0001
2017-09-17 00:00:00+00:00;8,20E-06;0;0;0;0;0;0,029;0,029;0,26003003;0,15778832;0,0001;0;0,0001
2017-09-17 01:00:00+00:00;1,40E-05;0;0;0;0;0;0,055;0,055;0,23451478;0,15609531;0,0001;0;0,0001
2017-09-17 02:00:00+00:00;1,84E-05;0;0;0;0;0;0,073;0,073;0,21819066;0,15541811;0,0001;0;0,0001
2017-09-17 03:00:00+00:00;2,26E-05;0;0;0;0;0;0,09;0,09;0,23732005;0,15609531;0,0001;0;0,0001
2017-09-17 04:00:00+00:00;2,94E-05;0;0;0;0;0;0,126;0,126;0,24343807;0,18216763;0,0001;0;0,0001
2017-09-17 05:00:00+00:00;7,22E-05;0;0;0;0;0;0,146;0,146;0,22674743;0,18149043;0,0001;0;0,0001
2017-09-17 06:00:00+00:00;0,0003319;0;0;0;0;0;0,119;0,119;0,2637234;0,18216763;0,0001;0;0,0001
2017-09-17 07:00:00+00:00;0,0004266;0;0;0;0;0,012481677;0,077;0,077;0,3383238;0,24345451;0,0001;0,012481677;0,0001
2017-09-17 08:00:00+00:00;0,00034544;0;0;0;0;0,212808756;0,052;0,052;0,48065944;0,2417615;0,0001;0,212808756;0,0001
2017-09-17 09:00:00+00:00;9,62E-05;0;0;0;0;0,45042954;0,031;0,031;0,49307874;0,24311591;0,0001;0,45042954;0,0001
2017-09-17 10:00:00+00:00;5,98E-05;0;0;0;0;0,630806255;0,014;0,014;0,48966731;0,17708861;0,0001;0,630806255;0,0001
2017-09-17 11:00:00+00:00;5,73E-05;0;0;0;0;0,76580099;0,006;0,006;0,46831062;0,18081322;0,0001;0,76580099;0,0001
2017-09-17 12:00:00+00:00;5,68E-05;0;0;0;0;0,830329874;0;0;0,43446414;0,16456035;0,0001;0,830329874;0,0001
2017-09-17 13:00:00+00:00;5,78E-05;0;0;0;0;0,832741499;0;0;0,45614506;0,16354455;0,0001;0,832741499;0,0001
2017-09-17 14:00:00+00:00;6,10E-05;0;0;0;0;0,79133163;0;0;0,39194812;0,16625336;0,0001;0,79133163;0,0001
2017-09-17 15:00:00+00:00;6,11E-05;0;0;0;0;0,684212244;0;0;0,43301217;0,16659196;0,0001;0,684212244;0,0001
2017-09-17 16:00:00+00:00;6,38E-05;0;0;0;0;0,546202407;0,002;0,002;0,45886575;0,22313842;0,0001;0,546202407;0,0001
2017-09-17 17:00:00+00:00;9,14E-05;0;0;0;0;0,331143756;0,017;0,017;0,47689559;0,72630031;0,0001;0,331143756;0,0001
2017-09-17 18:00:00+00:00;0,0003876;0;0;0;0;0,131985105;0,078;0,078;0,69198494;0,88645884;0,0001;0,131985105;0,0001
2017-09-17 19:00:00+00:00;0,00040315;0;0;0;0;0;0,087;0,087;0,72980672;0,87325338;0,0001;0;0,0001
2017-09-17 20:00:00+00:00;9,37E-05;0;0;0;0;0;0,047;0,047;0,68894003;0,86817435;0,0001;0;0,0001
2017-09-17 21:00:00+00:00;4,98E-05;0;0;0;0;0;0,015;0,015;0,54116301;0,83126679;0,0001;0;0,0001
2017-09-17 22:00:00+00:00;3,38E-05;0;0;0;0;0;0,004;0,004;0,40084322;0,30982041;0,0001;0;0,0001
2017-09-17 23:00:00+00:00;8,41E-06;0;0;0;0;0;0,005;0,005;0,2734784;0,15711111;0,0001;0;0,0001
2017-09-18 00:00:00+00:00;8,47E-06;0;0;0;0;0;0,012;0,012;0,26693748;0,16151293;0,0001;0;0,0001
2017-09-18 01:00:00+00:00;1,37E-05;0;0;0;0;0;0,023;0,023;0,25626618;0,15541811;0,0001;0;0,0001
2017-09-18 02:00:00+00:00;1,83E-05;0;0;0;0;0;0,041;0,041;0,25673137;0,1540637;0,0001;0;0,0001
2017-09-18 03:00:00+00:00;2,26E-05;0;0;0;0;0;0,056;0,056;0,27229427;0,1530479;0,0001;0;0,0001
2017-09-18 04:00:00+00:00;2,93E-05;0;0;0;0;0;0,056;0,056;0,26848813;0,16252874;0,0001;0;0,0001
2017-09-18 05:00:00+00:00;7,12E-05;0;0;0;0;0;0,039;0,039;0,26086175;0,18487644;0,0001;0;0,0001
2017-09-18 06:00:00+00:00;0,00033224;0;0;0;0;0;0,022;0,022;0,25821154;0,18250623;0,0001;0;0,0001
2017-09-18 07:00:00+00:00;0,00043122;0;0;0;0;0,013929407;0,011;0,011;0,26571105;0,24277731;0,0001;0,013929407;0,0001
2017-09-18 08:00:00+00:00;0,00034834;0;0;0;0;0,216596523;0,043;0,043;0,32532652;0,2424387;0,0001;0,216596523;0,0001
2017-09-18 09:00:00+00:00;9,47E-05;0;0;0;0;0,46457138;0,088;0,088;0,33567359;0,24413171;0,0001;0,46457138;0,0001
2017-09-18 10:00:00+00:00;5,53E-05;0;0;0;0;0,654110464;0,061;0,061;0,34127004;0,18250623;0,0001;0,654110464;0,0001
2017-09-18 11:00:00+00:00;5,95E-05;0;0;0;0;0,783850126;0,037;0,037;0,35449286;0,17099378;0,0001;0,783850126;0,0001
2017-09-18 12:00:00+00:00;6,00E-05;0;0;0;0;0,847532549;0,024;0,024;0,31547284;0,16354455;0,0001;0,847532549;0,0001
2017-09-18 13:00:00+00:00;5,83E-05;0;0;0;0;0,848526222;0,02;0,02;0,3467396;0,16083573;0,0001;0,848526222;0,0001
2017-09-18 14:00:00+00:00;5,81E-05;0;0;0;0;0,791122871;0,015;0,015;0,37748478;0,16219014;0,0001;0,791122871;0,0001
2017-09-18 15:00:00+00:00;6,16E-05;0;0;0;0;0,663626019;0,014;0,014;0,3711553;0,16083573;0,0001;0,663626019;0,0001
2017-09-18 16:00:00+00:00;6,36E-05;0;0;0;0;0,478979335;0,012;0,012;0,34248236;0,37720212;0,0001;0,478979335;0,0001
2017-09-18 17:00:00+00:00;9,15E-05;0;0;0;0;0,295342828;0,02;0,02;0,38606975;0,7235915;0,0001;0,295342828;0,0001
2017-09-18 18:00:00+00:00;0,00038919;0;0;0;0;0,114745374;0,051;0,051;0,62255808;0,87223757;0,0001;0,114745374;0,0001
2017-09-18 19:00:00+00:00;0,00040102;0;0;0;0;0;0,108;0,108;0,59303933;0,87426918;0,0001;0;0,0001
2017-09-18 20:00:00+00:00;9,53E-05;0;0;0;0;0;0,189;0,189;0,55335677;0,83736161;0,0001;0;0,0001
2017-09-18 21:00:00+00:00;5,01E-05;0;0;0;0;0;0,283;0,283;0,49462939;0,84718106;0,0001;0;0,0001
2017-09-18 22:00:00+00:00;3,43E-05;0;0;0;0;0;0,365;0,365;0,35701619;0,2854411;0,0001;0;0,0001
2017-09-18 23:00:00+00:00;8,66E-06;0;0;0;0;0;0,409;0,409;0,28854791;0,15643391;0,0001;0;0,0001
2017-09-19 00:00:00+00:00;8,59E-06;0;0;0;0;0;0,412;0,412;0,25967761;0,15609531;0,0001;0;0,0001
2017-09-19 01:00:00+00:00;1,45E-05;0;0;0;0;0;0,452;0,452;0,24844244;0,15507951;0,0001;0;0,0001
2017-09-19 02:00:00+00:00;1,79E-05;0;0;0;0;0;0,47;0,47;0,21018366;0,15474091;0,0001;0;0,0001
2017-09-19 03:00:00+00:00;2,24E-05;0;0;0;0;0;0,446;0,446;0,20044275;0,15677251;0,0001;0;0,0001
2017-09-19 04:00:00+00:00;2,99E-05;0;0;0;0;0;0,411;0,411;0,20419251;0,18386064;0,0001;0;0,0001
2017-09-19 05:00:00+00:00;7,47E-05;0;0;0;0;0;0,328;0,328;0,20739249;0,17979742;0,0001;0;0,0001
2017-09-19 06:00:00+00:00;0,00033042;0;0;0;0;0;0,157;0,157;0,21775365;0,18182903;0,0001;0;0,0001
2017-09-19 07:00:00+00:00;0,00043235;0;0;0;0;0,018875737;0,135;0,135;0,25873313;0,24040709;0,0001;0,018875737;0,0001
2017-09-19 08:00:00+00:00;0,0003531;0;0;0;0;0,22281149;0,222;0,222;0,26689519;0,24514752;0,0001;0,22281149;0,0001
2017-09-19 09:00:00+00:00;0,0001;0;0;0;0;0,465455915;0,132;0,132;0,27047578;0,2424387;0,0001;0,465455915;0,0001
2017-09-19 10:00:00+00:00;5,93E-05;0;0;0;0;0,649585579;0,054;0,054;0,28241579;0,18115182;0,0001;0,649585579;0,0001
2017-09-19 11:00:00+00:00;5,94E-05;0;0;0;0;0,778942803;0,032;0,032;0,3427361;0,16354455;0,0001;0,778942803;0,0001
2017-09-19 12:00:00+00:00;5,85E-05;0;0;0;0;0,842474214;0,029;0,029;0,36210514;0,16117433;0,0001;0,842474214;0,0001
2017-09-19 13:00:00+00:00;5,72E-05;0;0;0;0;0,845684454;0,029;0,029;0,41399555;0,16422175;0,0001;0,845684454;0,0001
2017-09-19 14:00:00+00:00;5,77E-05;0;0;0;0;0,79455406;0,025;0,025;0,38339135;0,15812692;0,0001;0,79455406;0,0001
2017-09-19 15:00:00+00:00;5,91E-05;0;0;0;0;0,682756637;0,017;0,017;0,35299859;0,15778832;0,0001;0,682756637;0,0001
2017-09-19 16:00:00+00:00;6,07E-05;0;0;0;0;0,540537256;0,011;0,011;0,34838893;0,37991093;0,0001;0,540537256;0,0001
2017-09-19 17:00:00+00:00;8,95E-05;0;0;0;0;0,355908525;0,007;0,007;0,40097009;0,71478785;0,0001;0,355908525;0,0001
2017-09-19 18:00:00+00:00;0,00038838;0;0;0;0;0,144954731;0,006;0,006;0,59279968;0,84988987;0,0001;0,144954731;0,0001
2017-09-19 19:00:00+00:00;0,00040296;0;0;0;0;0;0,016;0,016;0,54733742;0,87494638;0,0001;0;0,0001
2017-09-19 20:00:00+00:00;9,57E-05;0;0;0;0;0;0,043;0,043;0,51912967;0,84413364;0,0001;0;0,0001
2017-09-19 21:00:00+00:00;4,97E-05;0;0;0;0;0;0,109;0,109;0,45009752;0,81636832;0,0001;0;0,0001
2017-09-19 22:00:00+00:00;3,41E-05;0;0;0;0;0;0,208;0,208;0,36858968;0,30101677;0,0001;0;0,0001
2017-09-19 23:00:00+00:00;8,10E-06;0;0;0;0;0;0,302;0,302;0,27985017;0,16049713;0,0001;0;0,0001
2017-09-20 00:00:00+00:00;8,13E-06;0;0;0;0;0;0,355;0,355;0,23293594;0,15507951;0,0001;0;0,0001
2017-09-20 01:00:00+00:00;1,48E-05;0;0;0;0;0;0,322;0,322;0,22858001;0,15474091;0,0001;0;0,0001
2017-09-20 02:00:00+00:00;1,89E-05;0;0;0;0;0;0,232;0,232;0,22770601;0,15237069;0,0001;0;0,0001
2017-09-20 03:00:00+00:00;2,22E-05;0;0;0;0;0;0,161;0,161;0,20719513;0,15744972;0,0001;0;0,0001
2017-09-20 04:00:00+00:00;2,90E-05;0;0;0;0;0;0,121;0,121;0,20272644;0,15609531;0,0001;0;0,0001
2017-09-20 05:00:00+00:00;7,20E-05;0;0;0;0;0;0,083;0,083;0,20011853;0,18013602;0,0001;0;0,0001
2017-09-20 06:00:00+00:00;0,00033246;0;0;0;0;0;0,055;0,055;0,23321787;0,18623085;0,0001;0;0,0001
2017-09-20 07:00:00+00:00;0,00043016;0;0;0;0;0,016779538;0,017;0,017;0,30718391;0,20925575;0,0001;0,016779538;0,0001
2017-09-20 08:00:00+00:00;0,00034873;0;0;0;0;0,214735064;0,094;0,094;0,33705508;0,20620834;0,0001;0,214735064;0,0001
2017-09-20 09:00:00+00:00;9,41E-05;0;0;0;0;0,454835775;0,174;0,174;0,34294756;0,21061016;0,0001;0,454835775;0,0001
2017-09-20 10:00:00+00:00;5,82E-05;0;0;0;0;0,63356365;0,16;0,16;0,37317115;0,21636638;0,0001;0,63356365;0,0001
2017-09-20 11:00:00+00:00;6,13E-05;0;0;0;0;0,763603246;0,154;0,154;0,42586508;0,16083573;0,0001;0,763603246;0,0001
2017-09-20 12:00:00+00:00;5,98E-05;0;0;0;0;0,83548777;0,135;0,135;0,36218972;0,15981993;0,0001;0,83548777;0,0001
2017-09-20 13:00:00+00:00;5,76E-05;0;0;0;0;0,805398604;0,102;0,102;0,41236032;0,16794637;0,0001;0,805398604;0,0001
2017-09-20 14:00:00+00:00;5,96E-05;0;0;0;0;0,735921389;0,072;0,072;0,45353715;0,16659196;0,0001;0,735921389;0,0001
2017-09-20 15:00:00+00:00;6,07E-05;0;0;0;0;0,592303017;0,049;0,049;0,40316919;0,1974047;0,0001;0,592303017;0,0001
2017-09-20 16:00:00+00:00;6,43E-05;0;0;0;0;0,441507787;0,038;0,038;0,36550248;0,43510298;0,0001;0,441507787;0,0001
2017-09-20 17:00:00+00:00;9,13E-05;0;0;0;0;0,268121568;0,044;0,044;0,39565558;0,74052157;0,0001;0,268121568;0,0001
2017-09-20 18:00:00+00:00;0,00039195;0;0;0;0;0,093859597;0,104;0,104;0,63523112;0,87189897;0,0001;0,093859597;0,0001
2017-09-20 19:00:00+00:00;0,00040868;0;0;0;0;0;0,232;0,232;0,6424628;0,87697799;0,0001;0;0,0001
2017-09-20 20:00:00+00:00;9,62E-05;0;0;0;0;0;0,386;0,386;0,62606819;0,84176343;0,0001;0;0,0001
2017-09-20 21:00:00+00:00;4,93E-05;0;0;0;0;0;0,477;0,477;0,51881955;0,84379504;0,0001;0;0,0001
2017-09-20 22:00:00+00:00;3,38E-05;0;0;0;0;0;0,469;0,469;0,40920263;0,30067817;0,0001;0;0,0001
2017-09-20 23:00:00+00:00;8,45E-06;0;0;0;0;0;0,415;0,415;0,31839089;0,16117433;0,0001;0;0,0001
2017-09-21 00:00:00+00:00;6,93E-06;0;0;0;0;0;0,328;0,328;0,26600709;0,15067769;0,0001;0;0,0001
2017-09-21 01:00:00+00:00;1,14E-05;0;0;0;0;0;0,23;0,23;0,24754025;0,15744972;0,0001;0;0,0001
2017-09-21 02:00:00+00:00;1,45E-05;0;0;0;0;0;0,184;0,184;0,2295527;0,15609531;0,0001;0;0,0001
2017-09-21 03:00:00+00:00;1,80E-05;0;0;0;0;0;0,188;0,188;0,24615876;0,1760728;0,0001;0;0,0001
2017-09-21 04:00:00+00:00;2,46E-05;0;0;0;0;0;0,202;0,202;0,24211297;0,18860106;0,0001;0;0,0001
2017-09-21 05:00:00+00:00;6,55E-05;0;0;0;0;0;0,197;0,197;0,25238955;0,18724665;0,0001;0;0,0001
2017-09-21 06:00:00+00:00;0,00032567;0;0;0;0;0;0,162;0,162;0,27756648;0,18927826;0,0001;0;0,0001
2017-09-21 07:00:00+00:00;0,00041517;0;0;0;0;0,010441421;0,043;0,043;0,35168759;0,22449282;0,0001;0,010441421;0,0001
2017-09-21 08:00:00+00:00;0,00033061;0;0;0;0;0,115659689;0,01;0,01;0,37645571;0,26918823;0,0001;0,115659689;0,0001
2017-09-21 09:00:00+00:00;6,85E-05;0;0;0;0;0,28386047;0;0;0,34263743;0,27325144;0,0001;0,28386047;0,0001
2017-09-21 10:00:00+00:00;2,51E-05;0;0;0;0;0,481893323;0,01;0,01;0,36482583;0,23397366;0,0001;0,481893323;0,0001
2017-09-21 11:00:00+00:00;2,50E-05;0;0;0;0;0,58061778;0,037;0,037;0,35556422;0,24040709;0,0001;0,58061778;0,0001
2017-09-21 12:00:00+00:00;2,56E-05;0;0;0;0;0,680039266;0,068;0,068;0,28802633;0,21738219;0,0001;0,680039266;0,0001
2017-09-21 13:00:00+00:00;2,46E-05;0;0;0;0;0,698245053;0,07;0,07;0,31758737;0,22347702;0,0001;0,698245053;0,0001
2017-09-21 14:00:00+00:00;2,52E-05;0;0;0;0;0,631317031;0,053;0,053;0,39589523;0,22212261;0,0001;0,631317031;0,0001
2017-09-21 15:00:00+00:00;2,98E-05;0;0;0;0;0,578967615;0,038;0,038;0,38091031;0,22246121;0,0001;0,578967615;0,0001
2017-09-21 16:00:00+00:00;3,90E-05;0;0;0;0;0,436479028;0,029;0,029;0,41354446;0,22754024;0,0001;0,436479028;0,0001
2017-09-21 17:00:00+00:00;7,37E-05;0;0;0;0;0,270219628;0,025;0,025;0,4284307;0,50383909;0,0001;0,270219628;0,0001
2017-09-21 18:00:00+00:00;0,00038432;0;0;0;0;0,104199863;0,027;0,027;0,66792166;0,89255366;0,0001;0,104199863;0,0001
2017-09-21 19:00:00+00:00;0,00039431;0;0;0;0;0;0,028;0,028;0,66937364;0,88645884;0,0001;0;0,0001
2017-09-21 20:00:00+00:00;9,01E-05;0;0;0;0;0;0,029;0,029;0,6220224;0,88341142;0,0001;0;0,0001
2017-09-21 21:00:00+00:00;4,56E-05;0;0;0;0;0;0,033;0,033;0,4941501;0,84785826;0,0001;0;0,0001
2017-09-21 22:00:00+00:00;3,02E-05;0;0;0;0;0;0,049;0,049;0,45138033;0,56952779;0,0001;0;0,0001
2017-09-21 23:00:00+00:00;6,21E-06;0;0;0;0;0;0,049;0,049;0,39520449;0,21264177;0,0001;0;0,0001
2017-09-22 00:00:00+00:00;7,03E-06;0;0;0;0;0;0,042;0,042;0,28692677;0,20146792;0,0001;0;0,0001
2017-09-22 01:00:00+00:00;1,12E-05;0;0;0;0;0;0,18;0,18;0,29721746;0,20316092;0,0001;0;0,0001
2017-09-22 02:00:00+00:00;1,45E-05;0;0;0;0;0;0,323;0,323;0,23834912;0,20485393;0,0001;0;0,0001
2017-09-22 03:00:00+00:00;1,79E-05;0;0;0;0;0;0,447;0,447;0,24400194;0,20316092;0,0001;0;0,0001
2017-09-22 04:00:00+00:00;2,46E-05;0;0;0;0;0;0,537;0,537;0,26578154;0,21805939;0,0001;0;0,0001
2017-09-22 05:00:00+00:00;6,55E-05;0;0;0;0;0;0,518;0,518;0,33162781;0,21298037;0,0001;0;0,0001
2017-09-22 06:00:00+00:00;0,00032895;0;0;0;0;0;0,449;0,449;0,34534402;0,21805939;0,0001;0;0,0001
2017-09-22 07:00:00+00:00;0,00041594;0;0;0;0;0,014405641;0,472;0,472;0,43659276;0,22110681;0,0001;0,014405641;0,0001
2017-09-22 08:00:00+00:00;0,00032829;0;0;0;0;0,174333775;0,42;0,42;0,47802333;0,21535058;0,0001;0,174333775;0,0001
2017-09-22 09:00:00+00:00;6,72E-05;0;0;0;0;0,383548283;0,307;0,307;0,40952686;0,21568918;0,0001;0,383548283;0,0001
2017-09-22 10:00:00+00:00;2,51E-05;0;0;0;0;0,563521841;0,191;0,191;0,37132447;0,2204296;0,0001;0,563521841;0,0001
2017-09-22 11:00:00+00:00;2,51E-05;0;0;0;0;0,702162824;0,112;0,112;0,38274289;0,18284483;0,0001;0,702162824;0,0001
2017-09-22 12:00:00+00:00;2,57E-05;0;0;0;0;0,762915126;0,066;0,066;0,41588453;0,17167098;0,0001;0,762915126;0,0001
2017-09-22 13:00:00+00:00;2,46E-05;0;0;0;0;0,73935236;0,04;0,04;0,46231947;0,19875911;0,0001;0,73935236;0,0001
2017-09-22 14:00:00+00:00;2,54E-05;0;0;0;0;0,638158043;0,023;0,023;0,44031433;0,23668248;0,0001;0,638158043;0,0001
2017-09-22 15:00:00+00:00;2,99E-05;0;0;0;0;0,561946738;0,01;0,01;0,46533619;0,23498947;0,0001;0,561946738;0,0001
2017-09-22 16:00:00+00:00;3,91E-05;0;0;0;0;0,378704949;0,002;0,002;0,45448164;0,42020451;0,0001;0,378704949;0,0001
2017-09-22 17:00:00+00:00;7,38E-05;0;0;0;0;0,230133871;0,003;0,003;0,42174881;0,72900912;0,0001;0,230133871;0,0001
2017-09-22 18:00:00+00:00;0,00038232;0;0;0;0;0,081873379;0,069;0,069;0,69841309;0,88679744;0,0001;0,081873379;0,0001
2017-09-22 19:00:00+00:00;0,00039982;0;0;0;0;0;0,169;0,169;0,71607641;0,87156037;0,0001;0;0,0001
2017-09-22 20:00:00+00:00;9,20E-05;0;0;0;0;0;0,294;0,294;0,62905672;0,84955127;0,0001;0;0,0001
2017-09-22 21:00:00+00:00;4,57E-05;0;0;0;0;0;0,39;0,39;0,52901155;0,84142483;0,0001;0;0,0001
2017-09-22 22:00:00+00:00;3,01E-05;0;0;0;0;0;0,31;0,31;0,49709634;0,31185202;0,0001;0;0,0001
2017-09-22 23:00:00+00:00;6,23E-06;0;0;0;0;0;0,195;0,195;0,40876563;0,19435728;0,0001;0;0,0001
2017-09-23 00:00:00+00:00;8,48E-06;0;0;0;0;0;0,182;0,182;0,34017048;0,19029407;0,0001;0;0,0001
2017-09-23 01:00:00+00:00;1,43E-05;0;0;0;0;0;0,177;0,177;0,30497071;0,18995546;0,0001;0;0,0001
2017-09-23 02:00:00+00:00;1,81E-05;0;0;0;0;0;0,156;0,156;0,27287224;0,18927826;0,0001;0;0,0001
2017-09-23 03:00:00+00:00;2,22E-05;0;0;0;0;0;0,139;0,139;0,29070472;0,19063267;0,0001;0;0,0001
2017-09-23 04:00:00+00:00;2,96E-05;0;0;0;0;0;0,116;0,116;0,27143436;0,21704359;0,0001;0;0,0001
2017-09-23 05:00:00+00:00;7,17E-05;0;0;0;0;0;0,09;0,09;0,28801223;0,18623085;0,0001;0;0,0001
2017-09-23 06:00:00+00:00;0,00033584;0;0;0;0;0;0,061;0,061;0,32772299;0,18893966;0,0001;0;0,0001
2017-09-23 07:00:00+00:00;0,00043212;0;0;0;0;0,011010622;0,014;0,014;0,36209105;0,24819493;0,0001;0,011010622;0,0001
2017-09-23 08:00:00+00:00;0,00035614;0;0;0;0;0,139500077;0,023;0,023;0,34086123;0,28713411;0,0001;0,139500077;0,0001
2017-09-23 09:00:00+00:00;9,75E-05;0;0;0;0;0,339340161;0,033;0,033;0,313894;0,27189704;0,0001;0,339340161;0,0001
2017-09-23 10:00:00+00:00;5,61E-05;0;0;0;0;0,532816092;0,037;0,037;0,3374075;0,26038459;0,0001;0,532816092;0,0001
2017-09-23 11:00:00+00:00;5,52E-05;0;0;0;0;0,695468937;0,031;0,031;0,28331799;0,21568918;0,0001;0,695468937;0,0001
2017-09-23 12:00:00+00:00;5,82E-05;0;0;0;0;0,762151715;0,015;0,015;0,32314152;0,2194138;0,0001;0,762151715;0,0001
2017-09-23 13:00:00+00:00;5,83E-05;0;0;0;0;0,788321235;0,004;0,004;0,376498;0,21535058;0,0001;0,788321235;0,0001
2017-09-23 14:00:00+00:00;5,88E-05;0;0;0;0;0,737781367;0,001;0,001;0,41381229;0,21027156;0,0001;0,737781367;0,0001
2017-09-23 15:00:00+00:00;6,15E-05;0;0;0;0;0,649486141;0,001;0,001;0,44276717;0,220091;0,0001;0,649486141;0,0001
2017-09-23 16:00:00+00:00;6,53E-05;0;0;0;0;0,486383636;0,001;0,001;0,47122866;0,46625432;0,0001;0,486383636;0,0001
2017-09-23 17:00:00+00:00;9,43E-05;0;0;0;0;0,305309954;0;0;0,48213961;0,73916717;0,0001;0,305309954;0,0001
2017-09-23 18:00:00+00:00;0,00039776;0;0;0;0;0,129151155;0,003;0,003;0,71906494;0,86648134;0,0001;0,129151155;0,0001
2017-09-23 19:00:00+00:00;0,00041414;0;0;0;0;0;0,015;0,015;0,73578378;0,87393058;0,0001;0;0,0001
2017-09-23 20:00:00+00:00;9,54E-05;0;0;0;0;0;0,036;0,036;0,65077992;0,84311784;0,0001;0;0,0001
2017-09-23 21:00:00+00:00;4,99E-05;0;0;0;0;0;0,049;0,049;0,57905528;0,83295979;0,0001;0;0,0001
2017-09-23 22:00:00+00:00;3,34E-05;0;0;0;0;0;0,07;0,07;0,5336776;0,30304838;0,0001;0;0,0001
2017-09-23 23:00:00+00:00;8,63E-06;0;0;0;0;0;0,077;0,077;0,45521467;0,18149043;0,0001;0;0,0001
2017-09-24 00:00:00+00:00;9,22E-06;0;0;0;0;0;0,132;0,132;0,38950937;0,16049713;0,0001;0;0,0001
2017-09-24 01:00:00+00:00;1,40E-05;0;0;0;0;0;0,254;0,254;0,34524534;0,16185154;0,0001;0;0,0001
2017-09-24 02:00:00+00:00;1,89E-05;0;0;0;0;0;0,275;0,275;0,33168419;0,16151293;0,0001;0;0,0001
2017-09-24 03:00:00+00:00;2,23E-05;0;0;0;0;0;0,248;0,248;0,33969119;0,18352204;0,0001;0;0,0001
2017-09-24 04:00:00+00:00;2,94E-05;0;0;0;0;0;0,254;0,254;0,35525408;0,18047462;0,0001;0;0,0001
2017-09-24 05:00:00+00:00;7,19E-05;0;0;0;0;0;0,35;0,35;0,34418808;0,18284483;0,0001;0;0,0001
2017-09-24 06:00:00+00:00;0,00033642;0;0;0;0;0;0,385;0,385;0,38888911;0,20790135;0,0001;0;0,0001
2017-09-24 07:00:00+00:00;0,00043897;0;0;0;0;0,020936761;0,672;0,672;0,39197631;0,24785633;0,0001;0,020936761;0,0001
2017-09-24 08:00:00+00:00;0,00035364;0;0;0;0;0,217779858;0,861;0,861;0,39438687;0,24751773;0,0001;0,217779858;0,0001
2017-09-24 09:00:00+00:00;9,52E-05;0;0;0;0;0,455009593;0,846;0,846;0,39851724;0,24413171;0,0001;0,455009593;0,0001
2017-09-24 10:00:00+00:00;5,55E-05;0;0;0;0;0,651925961;0,75;0,75;0,4004908;0,18623085;0,0001;0,651925961;0,0001
2017-09-24 11:00:00+00:00;5,40E-05;0;0;0;0;0,758076651;0,608;0,608;0,39256838;0,16693056;0,0001;0,758076651;0,0001
2017-09-24 12:00:00+00:00;5,81E-05;0;0;0;0;0,839770105;0,455;0,455;0,37280463;0,16252874;0,0001;0,839770105;0,0001
2017-09-24 13:00:00+00:00;5,84E-05;0;0;0;0;0,841265969;0,334;0,334;0,38002221;0,16625336;0,0001;0,841265969;0,0001
2017-09-24 14:00:00+00:00;6,23E-05;0;0;0;0;0,775263547;0,242;0,242;0,42837432;0,16489895;0,0001;0,775263547;0,0001
2017-09-24 15:00:00+00:00;6,28E-05;0;0;0;0;0,669178686;0,183;0,183;0,43893284;0,17099378;0,0001;0,669178686;0,0001
2017-09-24 16:00:00+00:00;6,48E-05;0;0;0;0;0,531758561;0,149;0,149;0,49259945;0,3954866;0,0001;0,531758561;0,0001
2017-09-24 17:00:00+00:00;9,22E-05;0;0;0;0;0,326948137;0,125;0,125;0,51388566;0,70530701;0,0001;0,326948137;0,0001
2017-09-24 18:00:00+00:00;0,00039681;0;0;0;0;0,128711329;0,14;0,14;0,7401397;0,86343393;0,0001;0,128711329;0,0001
2017-09-24 19:00:00+00:00;0,00041528;0;0;0;0;0;0,16;0,16;0,72715652;0,87088316;0,0001;0;0,0001
2017-09-24 20:00:00+00:00;9,59E-05;0;0;0;0;0;0,17;0,17;0,70719542;0,84007042;0,0001;0;0,0001
2017-09-24 21:00:00+00:00;5,03E-05;0;0;0;0;0;0,148;0,148;0,62000655;0,8349914;0,0001;0;0,0001
2017-09-24 22:00:00+00:00;3,41E-05;0;0;0;0;0;0,1;0,1;0,52940626;0,28442529;0,0001;0;0,0001
2017-09-24 23:00:00+00:00;8,34E-06;0;0;0;0;0;0,068;0,068;0,50630156;0,17268679;0,0001;0;0,0001
2017-09-25 00:00:00+00:00;8,69E-06;0;0;0;0;0;0,041;0,041;0,41471449;0,14864608;0,0001;0;0,0001
2017-09-25 01:00:00+00:00;1,43E-05;0;0;0;0;0;0,043;0,043;0,35081358;0,14830747;0,0001;0;0,0001
2017-09-25 02:00:00+00:00;1,83E-05;0;0;0;0;0;0,058;0,058;0,31159622;0,14763027;0,0001;0;0,0001
2017-09-25 03:00:00+00:00;2,24E-05;0;0;0;0;0;0,066;0,066;0,24768121;0,14966188;0,0001;0;0,0001
2017-09-25 04:00:00+00:00;3,00E-05;0;0;0;0;0;0,071;0,071;0,25248823;0,14966188;0,0001;0;0,0001
2017-09-25 05:00:00+00:00;7,13E-05;0;0;0;0;0;0,061;0,061;0,22495713;0,18182903;0,0001;0;0,0001
2017-09-25 06:00:00+00:00;0,00033957;0;0;0;0;0;0,046;0,046;0,25715428;0,18521504;0,0001;0;0,0001
2017-09-25 07:00:00+00:00;0,00044592;0;0;0;0;0,023528941;0,014;0,014;0,29762627;0,24717913;0,0001;0,023528941;0,0001
2017-09-25 08:00:00+00:00;0,00035733;0;0;0;0;0,220083235;0,006;0,006;0,29221308;0,24582472;0,0001;0,220083235;0,0001
2017-09-25 09:00:00+00:00;9,47E-05;0;0;0;0;0,469774063;0,001;0,001;0,32849831;0,24954934;0,0001;0,469774063;0,0001
2017-09-25 10:00:00+00:00;5,75E-05;0;0;0;0;0,667626793;0,001;0,001;0,39596571;0,16760776;0,0001;0,667626793;0,0001
2017-09-25 11:00:00+00:00;5,72E-05;0;0;0;0;0,802667051;0,001;0,001;0,45145082;0,20282232;0,0001;0,802667051;0,0001
2017-09-25 12:00:00+00:00;5,79E-05;0;0;0;0;0,861997909;0;0;0,37594822;0,22517003;0,0001;0,861997909;0,0001
2017-09-25 13:00:00+00:00;5,85E-05;0;0;0;0;0,872729309;0;0;0,45380499;0,22212261;0,0001;0,872729309;0,0001
2017-09-25 14:00:00+00:00;5,85E-05;0;0;0;0;0,818056095;0;0;0,44572751;0,2187366;0,0001;0,818056095;0,0001
2017-09-25 15:00:00+00:00;5,86E-05;0;0;0;0;0,721784093;0,001;0,001;0,44011697;0,2194138;0,0001;0,721784093;0,0001
2017-09-25 16:00:00+00:00;6,30E-05;0;0;0;0;0,586393529;0,009;0,009;0,45692039;0,44661543;0,0001;0,586393529;0,0001
2017-09-25 17:00:00+00:00;9,25E-05;0;0;0;0;0,39753577;0,023;0,023;0,4355637;0,73544255;0,0001;0,39753577;0,0001
2017-09-25 18:00:00+00:00;0,00039872;0;0;0;0;0,166270412;0,075;0,075;0,65147067;0,86444974;0,0001;0,166270412;0,0001
2017-09-25 19:00:00+00:00;0,00041305;0;0;0;0;0;0,156;0,156;0,66845734;0,87630079;0,0001;0;0,0001
2017-09-25 20:00:00+00:00;9,56E-05;0;0;0;0;0;0,26;0,26;0,62384089;0,85022847;0,0001;0;0,0001
2017-09-25 21:00:00+00:00;4,99E-05;0;0;0;0;0;0,398;0,398;0,5150416;0,82821937;0,0001;0;0,0001
2017-09-25 22:00:00+00:00;3,42E-05;0;0;0;0;0;0,435;0,435;0,42713379;0,28713411;0,0001;0;0,0001
2017-09-25 23:00:00+00:00;8,39E-06;0;0;0;0;0;0,412;0,412;0,34575282;0,15778832;0,0001;0;0,0001
2017-09-26 00:00:00+00:00;8,50E-06;0;0;0;0;0;0,375;0,375;0,25943797;0,15812692;0,0001;0;0,0001
2017-09-26 01:00:00+00:00;1,43E-05;0;0;0;0;0;0,315;0,315;0,24885125;0,16049713;0,0001;0;0,0001
2017-09-26 02:00:00+00:00;1,77E-05;0;0;0;0;0;0,302;0,302;0,25434901;0,16185154;0,0001;0;0,0001
2017-09-26 03:00:00+00:00;2,23E-05;0;0;0;0;0;0,294;0,294;0,28498141;0,16185154;0,0001;0;0,0001
2017-09-26 04:00:00+00:00;3,01E-05;0;0;0;0;0;0,269;0,269;0,31318916;0,18419924;0,0001;0;0,0001
2017-09-26 05:00:00+00:00;7,32E-05;0;0;0;0;0;0,247;0,247;0,34401891;0,18182903;0,0001;0;0,0001
2017-09-26 06:00:00+00:00;0,00034394;0;0;0;0;0;0,253;0,253;0,25134639;0,18826246;0,0001;0;0,0001
2017-09-26 07:00:00+00:00;0,00043561;0;0;0;0;0,028143512;0,392;0,392;0,27181498;0,18555364;0,0001;0,028143512;0,0001
2017-09-26 08:00:00+00:00;0,00035802;0;0;0;0;0,254668747;0,522;0,522;0,33112032;0,10835249;0,0001;0,254668747;0,0001
2017-09-26 09:00:00+00:00;9,76E-05;0;0;0;0;0,501329456;0,374;0,374;0,36310602;0,10767529;0,0001;0,501329456;0,0001
2017-09-26 10:00:00+00:00;5,69E-05;0;0;0;0;0,69379003;0,201;0,201;0,41330481;0,10733669;0,0001;0,69379003;0,0001
2017-09-26 11:00:00+00:00;5,86E-05;0;0;0;0;0,811669812;0,118;0,118;0,38388473;0,05586925;0,0001;0,811669812;0,0001
2017-09-26 12:00:00+00:00;5,76E-05;0;0;0;0;0,870216639;0,091;0,091;0,38167154;0,05722366;0,0001;0,870216639;0,0001
2017-09-26 13:00:00+00:00;5,86E-05;0;0;0;0;0,87394639;0,087;0,087;0,38303893;0,05485345;0,0001;0,87394639;0,0001
2017-09-26 14:00:00+00:00;6,05E-05;0;0;0;0;0,840722261;0,093;0,093;0,38966443;0,05586925;0,0001;0,840722261;0,0001
2017-09-26 15:00:00+00:00;6,15E-05;0;0;0;0;0,745198532;0,09;0,09;0,3649527;0,18284483;0,0001;0,745198532;0,0001
2017-09-26 16:00:00+00:00;6,37E-05;0;0;0;0;0,603720364;0,077;0,077;0,36478354;0,44356802;0,0001;0,603720364;0,0001
2017-09-26 17:00:00+00:00;9,27E-05;0;0;0;0;0,399257105;0,058;0,058;0,4257805;0,71072464;0,0001;0,399257105;0,0001
2017-09-26 18:00:00+00:00;0,0004035;0;0;0;0;0,164880164;0,095;0,095;0,63540029;0,84007042;0,0001;0,164880164;0,0001
2017-09-26 19:00:00+00:00;0,00041079;0;0;0;0;0;0,195;0,195;0,6557843;0,87663939;0,0001;0;0,0001
2017-09-26 20:00:00+00:00;9,70E-05;0;0;0;0;0;0,303;0,303;0,63989717;0,82821937;0,0001;0;0,0001
2017-09-26 21:00:00+00:00;4,98E-05;0;0;0;0;0;0,337;0,337;0,48961092;0,81839993;0,0001;0;0,0001
2017-09-26 22:00:00+00:00;3,37E-05;0;0;0;0;0;0,362;0,362;0,38044511;0,28171648;0,0001;0;0,0001
2017-09-26 23:00:00+00:00;8,49E-06;0;0;0;0;0;0,34;0,34;0,34196078;0,15541811;0,0001;0;0,0001
2017-09-27 00:00:00+00:00;8,55E-06;0;0;0;0;0;0,283;0,283;0,2490627;0,15541811;0,0001;0;0,0001
2017-09-27 01:00:00+00:00;1,39E-05;0;0;0;0;0;0,238;0,238;0,2188673;0,1540637;0,0001;0;0,0001
2017-09-27 02:00:00+00:00;1,74E-05;0;0;0;0;0;0,2;0,2;0,22967957;0,15778832;0,0001;0;0,0001
2017-09-27 03:00:00+00:00;2,26E-05;0;0;0;0;0;0,171;0,171;0,22326551;0,15744972;0,0001;0;0,0001
2017-09-27 04:00:00+00:00;2,98E-05;0;0;0;0;0;0,156;0,156;0,21630168;0,18149043;0,0001;0;0,0001
2017-09-27 05:00:00+00:00;7,35E-05;0;0;0;0;0;0,16;0,16;0,24348036;0,18250623;0,0001;0;0,0001
2017-09-27 06:00:00+00:00;0,00034054;0;0;0;0;0;0,137;0,137;0,32827276;0,18250623;0,0001;0;0,0001
2017-09-27 07:00:00+00:00;0,00044519;0;0;0;0;0,028643235;0,085;0,085;0,3538726;0,18115182;0,0001;0,028643235;0,0001
2017-09-27 08:00:00+00:00;0,00035812;0;0;0;0;0,251225405;0,158;0,158;0,4691085;0,18318343;0,0001;0,251225405;0,0001
2017-09-27 09:00:00+00:00;9,63E-05;0;0;0;0;0,496577564;0,139;0,139;0,45834558;0,18284483;0,0001;0,496577564;0,0001
2017-09-27 10:00:00+00:00;5,57E-05;0;0;0;0;0,689751038;0,095;0,095;0,48718627;0,18555364;0,0001;0,689751038;0,0001
2017-09-27 11:00:00+00:00;5,73E-05;0;0;0;0;0,815123478;0,063;0,063;0,45782258;0,16151293;0,0001;0,815123478;0,0001
2017-09-27 12:00:00+00:00;5,73E-05;0;0;0;0;0,875322035;0,037;0,037;0,39597981;0,16151293;0,0001;0,875322035;0,0001
2017-09-27 13:00:00+00:00;5,74E-05;0;0;0;0;0,874957607;0,02;0,02;0,3645157;0,16354455;0,0001;0,874957607;0,0001
2017-09-27 14:00:00+00:00;6,05E-05;0;0;0;0;0,838447127;0,011;0,011;0,39595162;0,16320594;0,0001;0,838447127;0,0001
2017-09-27 15:00:00+00:00;6,28E-05;0;0;0;0;0,757733642;0,007;0,007;0,43529586;0,37821792;0,0001;0,757733642;0,0001
2017-09-27 16:00:00+00:00;6,38E-05;0;0;0;0;0,604112503;0,008;0,008;0,42122723;0,37686352;0,0001;0,604112503;0,0001
2017-09-27 17:00:00+00:00;9,29E-05;0;0;0;0;0,403864086;0,016;0,016;0,41296649;0,71478785;0,0001;0,403864086;0,0001
2017-09-27 18:00:00+00:00;0,0003995;0;0;0;0;0,165309462;0,068;0,068;0,65747591;0,87528499;0,0001;0,165309462;0,0001
2017-09-27 19:00:00+00:00;0,00041834;0;0;0;0;0;0,217;0,217;0,70954959;0,87156037;0,0001;0;0,0001
2017-09-27 20:00:00+00:00;9,68E-05;0;0;0;0;0;0,431;0,431;0,62977565;0,84379504;0,0001;0;0,0001
2017-09-27 21:00:00+00:00;5,06E-05;0;0;0;0;0;0,512;0,512;0,54035949;0,84413364;0,0001;0;0,0001
2017-09-27 22:00:00+00:00;3,34E-05;0;0;0;0;0;0,475;0,475;0,47590881;0,27426725;0,0001;0;0,0001
2017-09-27 23:00:00+00:00;8,47E-06;0;0;0;0;0;0,339;0,339;0,33909912;0,15237069;0,0001;0;0,0001
2017-09-28 00:00:00+00:00;7,00E-06;0;0;0;0;0;0,236;0,236;0,23809537;0,14830747;0,0001;0;0,0001
2017-09-28 01:00:00+00:00;1,13E-05;0;0;0;0;0;0,191;0,191;0,2175563;0,14763027;0,0001;0;0,0001
2017-09-28 02:00:00+00:00;1,44E-05;0;0;0;0;0;0,162;0,162;0,21714749;0,14695307;0,0001;0;0,0001
2017-09-28 03:00:00+00:00;1,78E-05;0;0;0;0;0;0,145;0,145;0,2130876;0,14966188;0,0001;0;0,0001
2017-09-28 04:00:00+00:00;2,44E-05;0;0;0;0;0;0,144;0,144;0,21876863;0,18352204;0,0001;0;0,0001
2017-09-28 05:00:00+00:00;6,63E-05;0;0;0;0;0;0,142;0,142;0,25113494;0,17945882;0,0001;0;0,0001
2017-09-28 06:00:00+00:00;0,00033376;0;0;0;0;0;0,111;0,111;0,28691268;0,18182903;0,0001;0;0,0001
2017-09-28 07:00:00+00:00;0,00042825;0;0;0;0;0,029868587;0,095;0,095;0,35212459;0,20993296;0,0001;0,029868587;0,0001
2017-09-28 08:00:00+00:00;0,00033576;0;0;0;0;0,258240936;0,236;0,236;0,41361494;0,21331897;0,0001;0,258240936;0,0001
2017-09-28 09:00:00+00:00;6,82E-05;0;0;0;0;0,504679373;0,197;0,197;0,46031772;0,21670499;0,0001;0,504679373;0,0001
2017-09-28 10:00:00+00:00;2,51E-05;0;0;0;0;0,688383418;0,084;0,084;0,46323576;0,18453784;0,0001;0,688383418;0,0001
2017-09-28 11:00:00+00:00;2,51E-05;0;0;0;0;0,811210616;0,025;0,025;0,475063;0,16151293;0,0001;0,811210616;0,0001
2017-09-28 12:00:00+00:00;2,58E-05;0;0;0;0;0,871247035;0,006;0,006;0,4093577;0,16591475;0,0001;0,871247035;0,0001
2017-09-28 13:00:00+00:00;2,46E-05;0;0;0;0;0,874796316;0,002;0,002;0,44607993;0,15948133;0,0001;0,874796316;0,0001
2017-09-28 14:00:00+00:00;2,54E-05;0;0;0;0;0,824403704;0,001;0,001;0,46153005;0,16083573;0,0001;0,824403704;0,0001
2017-09-28 15:00:00+00:00;2,99E-05;0;0;0;0;0,732325736;0,004;0,004;0,46477232;0,37889512;0,0001;0,732325736;0,0001
2017-09-28 16:00:00+00:00;3,92E-05;0;0;0;0;0,568986424;0,017;0,017;0,4537345;0,3738161;0,0001;0,568986424;0,0001
2017-09-28 17:00:00+00:00;7,33E-05;0;0;0;0;0,351249317;0,048;0,048;0,46495558;0,68532952;0,0001;0,351249317;0,0001
2017-09-28 18:00:00+00:00;0,00038842;0;0;0;0;0,144685141;0,156;0,156;0,73684104;0,86411114;0,0001;0,144685141;0,0001
2017-09-28 19:00:00+00:00;0,00041029;0;0;0;0;0;0,334;0,334;0,73022963;0,87460778;0,0001;0;0,0001
2017-09-28 20:00:00+00:00;9,11E-05;0;0;0;0;0;0,395;0,395;0,66517278;0,82889658;0,0001;0;0,0001
2017-09-28 21:00:00+00:00;4,57E-05;0;0;0;0;0;0,398;0,398;0,58553982;0,80959629;0,0001;0;0,0001
2017-09-28 22:00:00+00:00;3,02E-05;0;0;0;0;0;0,375;0,375;0,46714058;0,27121984;0,0001;0;0,0001
2017-09-28 23:00:00+00:00;6,32E-06;0;0;0;0;0;0,352;0,352;0,35254749;0,14898468;0,0001;0;0,0001
2017-09-29 00:00:00+00:00;7,01E-06;0;0;0;0;0;0,283;0,283;0,26514718;0,14763027;0,0001;0;0,0001
2017-09-29 01:00:00+00:00;1,13E-05;0;0;0;0;0;0,224;0,224;0,24546801;0,14796887;0,0001;0;0,0001
2017-09-29 02:00:00+00:00;1,44E-05;0;0;0;0;0;0,192;0,192;0,24123896;0,15270929;0,0001;0;0,0001
2017-09-29 03:00:00+00:00;1,78E-05;0;0;0;0;0;0,206;0,206;0,24665215;0,14695307;0,0001;0;0,0001
2017-09-29 04:00:00+00:00;2,46E-05;0;0;0;0;0;0,225;0,225;0,25740802;0,18419924;0,0001;0;0,0001
2017-09-29 05:00:00+00:00;6,71E-05;0;0;0;0;0;0,22;0,22;0,32226751;0,17878161;0,0001;0;0,0001
2017-09-29 06:00:00+00:00;0,00033316;0;0;0;0;0;0,166;0,166;0,36911126;0,18047462;0,0001;0;0,0001
2017-09-29 07:00:00+00:00;0,0004305;0;0;0;0;0,027342325;0,233;0,233;0,39286441;0,18284483;0,0001;0,027342325;0,0001
2017-09-29 08:00:00+00:00;0,00033695;0;0;0;0;0,246073234;0,222;0,222;0,39550052;0,18182903;0,0001;0,246073234;0,0001
2017-09-29 09:00:00+00:00;6,74E-05;0;0;0;0;0,477409091;0,066;0,066;0,42139639;0,18453784;0,0001;0,477409091;0,0001
2017-09-29 10:00:00+00:00;2,52E-05;0;0;0;0;0,672914668;0,008;0,008;0,46659081;0,16185154;0,0001;0,672914668;0,0001
2017-09-29 11:00:00+00:00;2,49E-05;0;0;0;0;0,794250682;0,001;0,001;0,44499447;0,1544023;0,0001;0,794250682;0,0001
2017-09-29 12:00:00+00:00;2,55E-05;0;0;0;0;0,856221212;0,003;0,003;0,43539454;0,15507951;0,0001;0,856221212;0,0001
2017-09-29 13:00:00+00:00;2,46E-05;0;0;0;0;0,858788817;0,008;0,008;0,48642504;0,15541811;0,0001;0,858788817;0,0001
2017-09-29 14:00:00+00:00;2,52E-05;0;0;0;0;0,799904785;0,02;0,02;0,51938342;0,15981993;0,0001;0,799904785;0,0001
2017-09-29 15:00:00+00:00;3,01E-05;0;0;0;0;0,69234035;0,037;0,037;0,5163526;0,18961686;0,0001;0,69234035;0,0001
2017-09-29 16:00:00+00:00;3,91E-05;0;0;0;0;0,491987506;0,06;0,06;0,49836505;0,37754072;0,0001;0,491987506;0,0001
2017-09-29 17:00:00+00:00;7,48E-05;0;0;0;0;0,328799037;0,089;0,089;0,47932024;0,71343345;0,0001;0,328799037;0,0001
2017-09-29 18:00:00+00:00;0,00039344;0;0;0;0;0,141838172;0,214;0,214;0,71685174;0,88137981;0,0001;0,141838172;0,0001
2017-09-29 19:00:00+00:00;0,00040964;0;0;0;0;0;0,411;0,411;0,72212395;0,87460778;0,0001;0;0,0001
2017-09-29 20:00:00+00:00;9,16E-05;0;0;0;0;0;0,495;0,495;0,65500897;0,8339756;0,0001;0;0,0001
2017-09-29 21:00:00+00:00;4,58E-05;0;0;0;0;0;0,484;0,484;0,55115766;0,79232761;0,0001;0;0,0001
2017-09-29 22:00:00+00:00;3,02E-05;0;0;0;0;0;0,385;0,385;0,43092584;0,27020403;0,0001;0;0,0001
2017-09-29 23:00:00+00:00;6,27E-06;0;0;0;0;0;0,307;0,307;0,41997261;0,14830747;0,0001;0;0,0001
2017-09-30 00:00:00+00:00;8,89E-06;0;0;0;0;0;0,266;0,266;0,3529704;0,14627587;0,0001;0;0,0001
2017-09-30 01:00:00+00:00;1,40E-05;0;0;0;0;0;0,231;0,231;0,30762091;0,14830747;0,0001;0;0,0001
2017-09-30 02:00:00+00:00;1,81E-05;0;0;0;0;0;0,217;0,217;0,286377;0,14830747;0,0001;0;0,0001
2017-09-30 03:00:00+00:00;2,22E-05;0;0;0;0;0;0,223;0,223;0,2908034;0,14763027;0,0001;0;0,0001
2017-09-30 04:00:00+00:00;2,95E-05;0;0;0;0;0;0,241;0,241;0,27370395;0,18115182;0,0001;0;0,0001
2017-09-30 05:00:00+00:00;7,23E-05;0;0;0;0;0;0,235;0,235;0,25678776;0,17979742;0,0001;0;0,0001
2017-09-30 06:00:00+00:00;0,00035043;0;0;0;0;0;0,202;0,202;0,32374768;0,18318343;0,0001;0;0,0001
2017-09-30 07:00:00+00:00;0,0004473;0;0;0;0;0,030876686;0,203;0,203;0,32658114;0,18521504;0,0001;0,030876686;0,0001
2017-09-30 08:00:00+00:00;0,00036129;0;0;0;0;0,259902393;0,404;0,404;0,40285906;0,18250623;0,0001;0,259902393;0,0001
2017-09-30 09:00:00+00:00;9,39E-05;0;0;0;0;0,506814845;0,308;0,308;0,43461921;0,18149043;0,0001;0,506814845;0,0001
2017-09-30 10:00:00+00:00;5,69E-05;0;0;0;0;0,686189591;0,194;0,194;0,47588062;0,16049713;0,0001;0,686189591;0,0001
2017-09-30 11:00:00+00:00;6,10E-05;0;0;0;0;0,806531258;0,156;0,156;0,4346615;0,15981993;0,0001;0,806531258;0,0001
2017-09-30 12:00:00+00:00;6,24E-05;0;0;0;0;0,856376763;0,18;0,18;0,44400769;0,16015853;0,0001;0,856376763;0,0001
2017-09-30 13:00:00+00:00;5,98E-05;0;0;0;0;0,860780192;0,237;0,237;0,4661679;0,16151293;0,0001;0,860780192;0,0001
2017-09-30 14:00:00+00:00;5,95E-05;0;0;0;0;0,810396307;0,339;0,339;0,53832955;0,15541811;0,0001;0,810396307;0,0001
2017-09-30 15:00:00+00:00;5,95E-05;0;0;0;0;0,713928964;0,456;0,456;0,48683385;0,37991093;0,0001;0,713928964;0,0001
2017-09-30 16:00:00+00:00;6,15E-05;0;0;0;0;0,556447364;0,535;0,535;0,48603033;0,37720212;0,0001;0,556447364;0,0001
2017-09-30 17:00:00+00:00;9,07E-05;0;0;0;0;0,341791902;0,538;0,538;0,47369561;0,703614;0,0001;0,341791902;0,0001
2017-09-30 18:00:00+00:00;0,0004032;0;0;0;0;0,148240051;0,507;0,507;0,70984562;0,86580414;0,0001;0,148240051;0,0001
2017-09-30 19:00:00+00:00;0,00041862;0;0;0;0;0;0,439;0,439;0,71021214;0,87189897;0,0001;0;0,0001
2017-09-30 20:00:00+00:00;9,72E-05;0;0;0;0;0;0,367;0,367;0,62279772;0,87291477;0,0001;0;0,0001
2017-09-30 21:00:00+00:00;5,01E-05;0;0;0;0;0;0,339;0,339;0,56154702;0,82957378;0,0001;0;0,0001
2017-09-30 22:00:00+00:00;3,42E-05;0;0;0;0;0;0,282;0,282;0,47180663;0,27866907;0,0001;0;0,0001
2017-09-30 23:00:00+00:00;8,56E-06;0;0;0;0;0;0,215;0,215;0,375187;0,14966188;0,0001;0;0,0001
2017-10-01 00:00:00+00:00;8,65E-06;0;0;0;0;0;0,171;0,171;0,69278846;0,16862357;0,0001;0;0,0001
2017-10-01 01:00:00+00:00;1,41E-05;0;0;0;0;0;0,145;0,145;0,65654552;0,16930077;0,0001;0;0,0001
2017-10-01 02:00:00+00:00;1,77E-05;0;0;0;0;0;0,151;0,151;0,59237678;0,16828497;0,0001;0;0,0001
2017-10-01 03:00:00+00:00;2,24E-05;0;0;0;0;0;0,195;0,195;0,55697965;0,18826246;0,0001;0;0,0001
2017-10-01 04:00:00+00:00;2,93E-05;0;0;0;0;0;0,254;0,254;0,54905723;0,18961686;0,0001;0;0,0001
2017-10-01 05:00:00+00:00;7,29E-05;0;0;0;0;0;0,26;0,26;0,54971978;0,18792386;0,0001;0;0,0001
2017-10-01 06:00:00+00:00;0,00034486;0;0;0;0;0;0,162;0,162;0,51041784;0,24548612;0,0001;0;0,0001
2017-10-01 07:00:00+00:00;0,00045072;0;0;0;0;0,03135342;0,276;0,276;0,53137982;0,24751773;0,0001;0,03135342;0,0001
2017-10-01 08:00:00+00:00;0,00036631;0;0;0;0;0,260205514;0,596;0,596;0,56789059;0,25327395;0,0001;0,260205514;0,0001
2017-10-01 09:00:00+00:00;9,93E-05;0;0;0;0;0,499822939;0,571;0,571;0,62991662;0,25225815;0,0001;0,499822939;0,0001
2017-10-01 10:00:00+00:00;5,48E-05;0;0;0;0;0,675685575;0,468;0,468;0,70589851;0,2417615;0,0001;0,675685575;0,0001
2017-10-01 11:00:00+00:00;6,03E-05;0;0;0;0;0,795072092;0,388;0,388;0,68275152;0,40699905;0,0001;0,795072092;0,0001
2017-10-01 12:00:00+00:00;6,00E-05;0;0;0;0;0,85096374;0,34;0,34;0,67879031;0,33284531;0,0001;0,85096374;0,0001
2017-10-01 13:00:00+00:00;5,58E-05;0;0;0;0;0,845576268;0,301;0,301;0,68421759;0,37483191;0,0001;0,845576268;0,0001
2017-10-01 14:00:00+00:00;6,01E-05;0;0;0;0;0,758535179;0,252;0,252;0,71062094;0,42765375;0,0001;0,758535179;0,0001
2017-10-01 15:00:00+00:00;6,40E-05;0;0;0;0;0,668885031;0,189;0,189;0,7192623;0,44898564;0,0001;0,668885031;0,0001
2017-10-01 16:00:00+00:00;6,44E-05;0;0;0;0;0,519833765;0,133;0,133;0,706843;0,44559963;0,0001;0,519833765;0,0001
2017-10-01 17:00:00+00:00;9,08E-05;0;0;0;0;0,343187646;0,083;0,083;0,68287839;0,71986688;0,0001;0,343187646;0,0001
2017-10-01 18:00:00+00:00;0,00040573;0;0;0;0;0,144653829;0,105;0,105;0,68936293;0,85463029;0,0001;0,144653829;0,0001
2017-10-01 19:00:00+00:00;0,00041861;0;0;0;0;0;0,221;0,221;0,77734122;0,87393058;0,0001;0;0,0001
2017-10-01 20:00:00+00:00;9,64E-05;0;0;0;0;0;0,366;0,366;0,75265768;0,86919016;0,0001;0;0,0001
2017-10-01 21:00:00+00:00;4,96E-05;0;0;0;0;0;0,418;0,418;0,75413784;0,833637;0,0001;0;0,0001
2017-10-01 22:00:00+00:00;3,39E-05;0;0;0;0;0;0,424;0,424;0,73341551;0,56309436;0,0001;0;0,0001
2017-10-01 23:00:00+00:00;8,50E-06;0;0;0;0;0;0,441;0,441;0,64841165;0,37550911;0,0001;0;0,0001
2017-10-02 00:00:00+00:00;1,62E-06;0;0;0;0;0;0,399;0,399;0,62377041;0,43578018;0,0001;0;0,0001
2017-10-02 01:00:00+00:00;1,09E-05;0;0;0;0;0;0,405;0,405;0,56312586;0,43611879;0,0001;0;0,0001
2017-10-02 02:00:00+00:00;1,74E-05;0;0;0;0;0;0,304;0,304;0,53582032;0,42629934;0,0001;0;0,0001
2017-10-02 03:00:00+00:00;2,42E-05;0;0;0;0;0;0,244;0,244;0,52874371;0,39277779;0,0001;0;0,0001
2017-10-02 04:00:00+00:00;3,26E-05;0;0;0;0;0;0,204;0,204;0,54798587;0,39176198;0,0001;0;0,0001
2017-10-02 05:00:00+00:00;7,03E-05;0;3,98E-06;0;0;0;0,19;0,19;0,63566813;0,39345499;0,0001;0;0,0001
2017-10-02 06:00:00+00:00;0,00027828;0;2,97E-05;0;0;0;0,189;0,189;0,63094569;0,39074618;0,0001;0;0,0001
2017-10-02 07:00:00+00:00;0,00036523;0;7,05E-05;0;0;0,033590012;0,322;0,322;0,6655252;0,45508047;0,0001;0,033590012;0,0001
2017-10-02 08:00:00+00:00;0,00030459;0;0,00011826;0;0;0,270412132;0,413;0,413;0,65915344;0,54345548;0,0001;0,270412132;0,0001
2017-10-02 09:00:00+00:00;0,00010406;0;0,00017189;0;0;0,511157855;0,306;0,306;0,67467404;0,58476486;0,0001;0,511157855;0,0001
2017-10-02 10:00:00+00:00;7,45E-05;0;0,00022719;0;0;0,69758624;0,183;0,183;0,67117803;0,58408766;0,0001;0,69758624;0,0001
2017-10-02 11:00:00+00:00;7,70E-05;0;0,00028598;0;0;0,821618616;0,112;0,112;0,67138948;0,56885059;0,0001;0,821618616;0,0001
2017-10-02 12:00:00+00:00;7,53E-05;0;0,00034744;0;0;0,878291878;0,07;0,07;0,64387248;0,56749618;0,0001;0,878291878;0,0001
2017-10-02 13:00:00+00:00;7,71E-05;0;0,00037765;0;0;0,886978874;0,044;0,044;0,63734565;0,55530653;0,0001;0,886978874;0,0001
2017-10-02 14:00:00+00:00;7,75E-05;0;0,0003757;0;0;0,845844814;0,032;0,032;0,65699662;0,55429072;0,0001;0,845844814;0,0001
2017-10-02 15:00:00+00:00;7,93E-05;0;0,00036961;0;0;0,757748897;0,025;0,025;0,6673014;0,53566764;0,0001;0,757748897;0,0001
2017-10-02 16:00:00+00:00;7,85E-05;0;0,00034113;0;0;0,618255909;0,016;0,016;0,68486605;0,53871505;0,0001;0,618255909;0,0001
2017-10-02 17:00:00+00:00;0,00010149;0;0,00028531;0;0;0,418427261;0,024;0,024;0,70901391;0,7679483;0,0001;0,418427261;0,0001
2017-10-02 18:00:00+00:00;0,00033827;0;0,00023269;0;0;0,175550971;0,077;0,077;0,74816079;0,8793482;0,0001;0,175550971;0,0001
2017-10-02 19:00:00+00:00;0,00035669;0;0,00018007;0;0;0;0,208;0,208;0,81813743;0,8793482;0,0001;0;0,0001
2017-10-02 20:00:00+00:00;9,95E-05;0;0,00012711;0;0;0;0,391;0,391;0,74937312;0,87156037;0,0001;0;0,0001
2017-10-02 21:00:00+00:00;5,21E-05;0;7,79E-05;0;0;0;0,535;0,535;0,69319727;0,88476583;0,0001;0;0,0001
2017-10-02 22:00:00+00:00;3,24E-05;0;3,66E-05;0;0;0;0,587;0,587;0,6917171;0,58611927;0,0001;0;0,0001
2017-10-02 23:00:00+00:00;7,58E-06;0;6,18E-06;0;0;0;0,53;0,53;0,69817345;0,3958252;0,0001;0;0,0001
2017-10-03 00:00:00+00:00;1,81E-06;0;0;0;0;0;0,49;0,49;0,63899498;0,22957185;0,0001;0;0,0001
2017-10-03 01:00:00+00:00;1,15E-05;0;0;0;0;0;0,449;0,449;0,66405913;0,22178401;0,0001;0;0,0001
2017-10-03 02:00:00+00:00;1,79E-05;0;0;0;0;0;0,347;0,347;0,6393192;0,23228066;0,0001;0;0,0001
2017-10-03 03:00:00+00:00;2,38E-05;0;0;0;0;0;0,365;0,365;0,61202775;0,23769828;0,0001;0;0,0001
2017-10-03 04:00:00+00:00;3,31E-05;0;0;0;0;0;0,314;0,314;0,62135985;0,23871409;0,0001;0;0,0001
2017-10-03 05:00:00+00:00;6,89E-05;0;4,30E-06;0;0;0;0,382;0,382;0,68451363;0,23532807;0,0001;0;0,0001
2017-10-03 06:00:00+00:00;0,00028055;0;3,03E-05;0;0;0;0,336;0,336;0,69476202;0,2417615;0,0001;0;0,0001
2017-10-03 07:00:00+00:00;0,00035796;0;7,06E-05;0;0;0,036872749;0,447;0,447;0,71118482;0,25462836;0,0001;0,036872749;0,0001
2017-10-03 08:00:00+00:00;0,00030638;0;0,000119;0;0;0,284959946;0,651;0,651;0,68299117;0,25327395;0,0001;0,284959946;0,0001
2017-10-03 09:00:00+00:00;0,00010655;0;0,00017343;0;0;0,530761773;0,691;0,691;0,6961717;0,25395116;0,0001;0,530761773;0,0001
2017-10-03 10:00:00+00:00;7,58E-05;0;0,00022927;0;0;0,712670829;0,577;0,577;0,71239714;0,24345451;0,0001;0,712670829;0,0001
2017-10-03 11:00:00+00:00;7,54E-05;0;0,00028601;0;0;0,835647783;0,412;0,412;0,70189501;0,31760825;0,0001;0,835647783;0,0001
2017-10-03 12:00:00+00:00;7,56E-05;0;0,00034374;0;0;0,891051756;0,289;0,289;0,6904061;0,36128784;0,0001;0,891051756;0,0001
2017-10-03 13:00:00+00:00;7,70E-05;0;0,00037638;0;0;0,897962073;0,191;0,191;0,67489959;0,35654742;0,0001;0,897962073;0,0001
2017-10-03 14:00:00+00:00;7,59E-05;0;0,00037578;0;0;0,855002043;0,122;0,122;0,70966236;0,3511298;0,0001;0,855002043;0,0001
2017-10-03 15:00:00+00:00;7,76E-05;0;0,00036923;0;0;0,762963356;0,074;0,074;0,70076726;0,57392961;0,0001;0,762963356;0,0001
2017-10-03 16:00:00+00:00;7,97E-05;0;0,00034404;0;0;0,618941067;0,044;0,044;0,67633747;0,57223661;0,0001;0,618941067;0,0001
2017-10-03 17:00:00+00:00;0,00010375;0;0,00028948;0;0;0,422415642;0,037;0,037;0,68132774;0,75169542;0,0001;0,422415642;0,0001
2017-10-03 18:00:00+00:00;0,00034217;0;0,00023478;0;0;0,175288751;0,101;0,101;0,77369014;0,86004792;0,0001;0,175288751;0,0001
2017-10-03 19:00:00+00:00;0,0003537;0;0,00017871;0;0;0;0,294;0,294;0,85056013;0,86343393;0,0001;0;0,0001
2017-10-03 20:00:00+00:00;9,94E-05;0;0,00012733;0;0;0;0,469;0,469;0,79572348;0,87426918;0,0001;0;0,0001
2017-10-03 21:00:00+00:00;5,19E-05;0;7,81E-05;0;0;0;0,522;0,522;0,70374169;0,87020596;0,0001;0;0,0001
2017-10-03 22:00:00+00:00;3,28E-05;0;3,58E-05;0;0;0;0,518;0,518;0,69562192;0,34300336;0,0001;0;0,0001
2017-10-03 23:00:00+00:00;7,43E-06;0;6,06E-06;0;0;0;0,462;0,462;0,66848553;0,22787884;0,0001;0;0,0001
2017-10-04 00:00:00+00:00;1,39E-06;0;0;0;0;0;0,378;0,378;0,68786867;0,23600527;0,0001;0;0,0001
2017-10-04 01:00:00+00:00;1,18E-05;0;0;0;0;0;0,289;0,289;0,70140162;0,23329646;0,0001;0;0,0001
2017-10-04 02:00:00+00:00;1,79E-05;0;0;0;0;0;0,238;0,238;0,68276562;0,23465087;0,0001;0;0,0001
2017-10-04 03:00:00+00:00;2,43E-05;0;0;0;0;0;0,199;0,199;0,67082561;0,24006849;0,0001;0;0,0001
2017-10-04 04:00:00+00:00;3,30E-05;0;0;0;0;0;0,187;0,187;0,67250313;0,25462836;0,0001;0;0,0001
2017-10-04 05:00:00+00:00;6,98E-05;0;4,01E-06;0;0;0;0,175;0,175;0,67635156;0,25259675;0,0001;0;0,0001
2017-10-04 06:00:00+00:00;0,00027948;0;3,02E-05;0;0;0;0,142;0,142;0,67344762;0,25564416;0,0001;0;0,0001
2017-10-04 07:00:00+00:00;0,00036282;0;7,08E-05;0;0;0,03320255;0,081;0,081;0,67226348;0,25598277;0,0001;0,03320255;0,0001
2017-10-04 08:00:00+00:00;0,00030396;0;0,0001203;0;0;0,258795847;0,164;0,164;0,68000264;0,25395116;0,0001;0,258795847;0,0001
2017-10-04 09:00:00+00:00;0,00010561;0;0,00017385;0;0;0,499990021;0,146;0,146;0,6770564;0,25293535;0,0001;0,499990021;0,0001
2017-10-04 10:00:00+00:00;7,50E-05;0;0,00022951;0;0;0,677184746;0,075;0,075;0,62064091;0,25361255;0,0001;0,677184746;0,0001
2017-10-04 11:00:00+00:00;7,82E-05;0;0,00028672;0;0;0,810484534;0,058;0,058;0,62219156;0,26072319;0,0001;0,810484534;0,0001
2017-10-04 12:00:00+00:00;7,79E-05;0;0,00034663;0;0;0,871735737;0,025;0,025;0,69763777;0,26004598;0,0001;0,871735737;0,0001
2017-10-04 13:00:00+00:00;7,30E-05;0;0,00037637;0;0;0,871851032;0,004;0,004;0,69192855;0,24684052;0,0001;0,871851032;0,0001
2017-10-04 14:00:00+00:00;7,41E-05;0;0,00037391;0;0;0,816018346;0,003;0,003;0,69188626;0,4621911;0,0001;0,816018346;0,0001
2017-10-04 15:00:00+00:00;7,81E-05;0;0,00036859;0;0;0,688937304;0,05;0,05;0,69190036;0,4621911;0,0001;0,688937304;0,0001
2017-10-04 16:00:00+00:00;8,05E-05;0;0,0003399;0;0;0,544969916;0,145;0,145;0,68716383;0,44898564;0,0001;0,544969916;0,0001
2017-10-04 17:00:00+00:00;0,00010334;0;0,0002862;0;0;0,344826097;0,293;0,293;0,69182988;0,71851247;0,0001;0,344826097;0,0001
2017-10-04 18:00:00+00:00;0,00034227;0;0,00023221;0;0;0,13457344;0,431;0,431;0,75126209;0,88645884;0,0001;0,13457344;0,0001
2017-10-04 19:00:00+00:00;0,00035161;0;0,00017885;0;0;0;0,428;0,428;0,74937312;0,88510443;0,0001;0;0,0001
2017-10-04 20:00:00+00:00;9,87E-05;0;0,00012577;0;0;0;0,392;0,392;0,74969734;0,87596219;0,0001;0;0,0001
2017-10-04 21:00:00+00:00;5,20E-05;0;7,85E-05;0;0;0;0,334;0,334;0,72320941;0,86478834;0,0001;0;0,0001
2017-10-04 22:00:00+00:00;3,29E-05;0;3,68E-05;0;0;0;0,248;0,248;0,6983708;0,58307186;0,0001;0;0,0001
2017-10-04 23:00:00+00:00;7,54E-06;0;6,10E-06;0;0;0;0,188;0,188;0,6913083;0,23058765;0,0001;0;0,0001
2017-10-05 00:00:00+00:00;2,10E-07;0;0;0;0;0;0,153;0,153;0,44139978;0,14085824;0,0001;0;0,0001
2017-10-05 01:00:00+00:00;8,91E-06;0;0;0;0;0;0,162;0,162;0,3427643;0,14424426;0,0001;0;0,0001
2017-10-05 02:00:00+00:00;1,42E-05;0;0;0;0;0;0,192;0,192;0,34583741;0,14356705;0,0001;0;0,0001
2017-10-05 03:00:00+00:00;1,95E-05;0;0;0;0;0;0,212;0,212;0,34637309;0,14593726;0,0001;0;0,0001
2017-10-05 04:00:00+00:00;2,78E-05;0;0;0;0;0;0,263;0,263;0,36657384;0,1320546;0,0001;0;0,0001
2017-10-05 05:00:00+00:00;6,28E-05;0;4,21E-06;0;0;0;0,375;0,375;0,40274629;0,13950383;0,0001;0;0,0001
2017-10-05 06:00:00+00:00;0,00026926;0;3,08E-05;0;0;0;0,338;0,338;0,48339422;0,13848803;0,0001;0;0,0001
2017-10-05 07:00:00+00:00;0,00034577;0;7,14E-05;0;0;0,033012051;0,263;0,263;0,44237246;0,14119684;0,0001;0,033012051;0,0001
2017-10-05 08:00:00+00:00;0,00028353;0;0,00011963;0;0;0,23895956;0,449;0,449;0,51151739;0,17675;0,0001;0,23895956;0,0001
2017-10-05 09:00:00+00:00;7,52E-05;0;0,00017192;0;0;0,45538377;0,528;0,528;0,51787506;0,1764114;0,0001;0,45538377;0,0001
2017-10-05 10:00:00+00:00;4,24E-05;0;0,00022859;0;0;0,622174549;0,499;0,499;0,52698161;0,17675;0,0001;0,622174549;0,0001
2017-10-05 11:00:00+00:00;4,24E-05;0;0,0002858;0;0;0,724491505;0,428;0,428;0,49801263;0,14288985;0,0001;0,724491505;0,0001
2017-10-05 12:00:00+00:00;4,31E-05;0;0,00034387;0;0;0,74569776;0,255;0,255;0,41017531;0,18521504;0,0001;0,74569776;0,0001
2017-10-05 13:00:00+00:00;4,20E-05;0;0,00037466;0;0;0,751343634;0,115;0,115;0,42407478;0,19368008;0,0001;0,751343634;0,0001
2017-10-05 14:00:00+00:00;4,25E-05;0;0,00037507;0;0;0,686628642;0,062;0,062;0,48622769;0,19638889;0,0001;0,686628642;0,0001
2017-10-05 15:00:00+00:00;4,70E-05;0;0,00036929;0;0;0,599694254;0,04;0,04;0,46859256;0,40056562;0,0001;0,599694254;0,0001
2017-10-05 16:00:00+00:00;5,56E-05;0;0,00034122;0;0;0,427511395;0,028;0,028;0,5074716;0,18115182;0,0001;0,427511395;0,0001
2017-10-05 17:00:00+00:00;8,52E-05;0;0,00028785;0;0;0,254994059;0,018;0,018;0,56378841;0,47404216;0,0001;0,254994059;0,0001
2017-10-05 18:00:00+00:00;0,00032921;0;0,00023506;0;0;0,095145345;0,023;0,023;0,72556358;0,58036304;0,0001;0,095145345;0,0001
2017-10-05 19:00:00+00:00;0,00034738;0;0,00018;0;0;0;0,025;0,025;0,69635496;0,81061209;0,0001;0;0,0001
2017-10-05 20:00:00+00:00;9,47E-05;0;0,00012867;0;0;0;0,028;0,028;0,64917289;0,78555558;0,0001;0;0,0001
2017-10-05 21:00:00+00:00;4,79E-05;0;7,80E-05;0;0;0;0,04;0,04;0,57041392;0,78047656;0,0001;0;0,0001
2017-10-05 22:00:00+00:00;2,90E-05;0;3,72E-05;0;0;0;0,074;0,074;0,48576249;0,51094973;0,0001;0;0,0001
2017-10-05 23:00:00+00:00;5,35E-06;0;6,20E-06;0;0;0;0,126;0,126;0,4892867;0,14593726;0,0001;0;0,0001
2017-10-06 00:00:00+00:00;1,10E-07;0;0;0;0;0;0,145;0,145;0,35281533;0,19605029;0,0001;0;0,0001
2017-10-06 01:00:00+00:00;8,65E-06;0;0;0;0;0;0,115;0,115;0,32618643;0,1980819;0,0001;0;0,0001
2017-10-06 02:00:00+00:00;1,40E-05;0;0;0;0;0;0,086;0,086;0,2712652;0,20180652;0,0001;0;0,0001
2017-10-06 03:00:00+00:00;1,92E-05;0;0;0;0;0;0,072;0,072;0,27399999;0,20248372;0,0001;0;0,0001
2017-10-06 04:00:00+00:00;2,77E-05;0;0;0;0;0;0,068;0,068;0,31352748;0,20790135;0,0001;0;0,0001
2017-10-06 05:00:00+00:00;6,28E-05;0;4,04E-06;0;0;0;0,064;0,064;0,36990069;0,20993296;0,0001;0;0,0001
2017-10-06 06:00:00+00:00;0,00026948;0;3,00E-05;0;0;0;0,059;0,059;0,38217902;0,20891715;0,0001;0;0,0001
2017-10-06 07:00:00+00:00;0,00034696;0;7,08E-05;0;0;0,027956294;0,021;0,021;0,43402714;0,25530556;0,0001;0,027956294;0,0001
2017-10-06 08:00:00+00:00;0,00028302;0;0,00011889;0;0;0,193897628;0,035;0,035;0,47341367;0,25056514;0,0001;0,193897628;0,0001
2017-10-06 09:00:00+00:00;7,50E-05;0;0,00017203;0;0;0,397989897;0,049;0,049;0,50253771;0,25564416;0,0001;0,397989897;0,0001
2017-10-06 10:00:00+00:00;4,25E-05;0;0,00022808;0;0;0,552940422;0,061;0,061;0,47430177;0,20925575;0,0001;0,552940422;0,0001
2017-10-06 11:00:00+00:00;4,25E-05;0;0,00028667;0;0;0,63334724;0,087;0,087;0,44447289;0,20790135;0,0001;0,63334724;0,0001
2017-10-06 12:00:00+00:00;4,29E-05;0;0,00034401;0;0;0,676152622;0,1;0,1;0,41231803;0,19909771;0,0001;0,676152622;0,0001
2017-10-06 13:00:00+00:00;4,19E-05;0;0,00037674;0;0;0,661032325;0,106;0,106;0,46389831;0,19977491;0,0001;0,661032325;0,0001
2017-10-06 14:00:00+00:00;4,24E-05;0;0,00037606;0;0;0,61674504;0,112;0,112;0,48635456;0,23668248;0,0001;0,61674504;0,0001
2017-10-06 15:00:00+00:00;4,69E-05;0;0,00036953;0;0;0,528914736;0,104;0,104;0,46412386;0,24548612;0,0001;0,528914736;0,0001
2017-10-06 16:00:00+00:00;5,56E-05;0;0,00034227;0;0;0,404310106;0,088;0,088;0,47214496;0,4618525;0,0001;0,404310106;0,0001
2017-10-06 17:00:00+00:00;8,50E-05;0;0,00028713;0;0;0,234242089;0,062;0,062;0,51640899;0,76049906;0,0001;0,234242089;0,0001
2017-10-06 18:00:00+00:00;0,00033207;0;0,00023193;0;0;0,087772423;0,067;0,067;0,68452772;0,89187646;0,0001;0,087772423;0,0001
2017-10-06 19:00:00+00:00;0,00034626;0;0,00017878;0;0;0;0,109;0,109;0,65598165;0,89018345;0,0001;0;0,0001
2017-10-06 20:00:00+00:00;9,46E-05;0;0,00012694;0;0;0;0,131;0,131;0,55903779;0,88713604;0,0001;0;0,0001
2017-10-06 21:00:00+00:00;4,78E-05;0;7,95E-05;0;0;0;0,113;0,113;0,43229323;0,85022847;0,0001;0;0,0001
2017-10-06 22:00:00+00:00;2,90E-05;0;3,70E-05;0;0;0;0,088;0,088;0,44475483;0,3287821;0,0001;0;0,0001
2017-10-06 23:00:00+00:00;5,41E-06;0;6,37E-06;0;0;0;0,072;0,072;0,43172936;0,1967275;0,0001;0;0,0001
2017-10-07 00:00:00+00:00;1,73E-06;0;0;0;0;0;0,058;0,058;0,36021617;0,18081322;0,0001;0;0,0001
2017-10-07 01:00:00+00:00;1,18E-05;0;0;0;0;0;0,041;0,041;0,30567555;0,18115182;0,0001;0;0,0001
2017-10-07 02:00:00+00:00;1,87E-05;0;0;0;0;0;0,028;0,028;0,27012336;0,17945882;0,0001;0;0,0001
2017-10-07 03:00:00+00:00;2,46E-05;0;0;0;0;0;0,019;0,019;0,25192436;0,18013602;0,0001;0;0,0001
2017-10-07 04:00:00+00:00;3,29E-05;0;0;0;0;0;0,012;0,012;0,25355959;0,2207682;0,0001;0;0,0001
2017-10-07 05:00:00+00:00;7,10E-05;0;4,15E-06;0;0;0;0,003;0,003;0,28667303;0,22178401;0,0001;0;0,0001
2017-10-07 06:00:00+00:00;0,00028139;0;2,97E-05;0;0;0;0;0;0,27078591;0,21365757;0,0001;0;0,0001
2017-10-07 07:00:00+00:00;0,00036304;0;7,04E-05;0;0;0,028638185;0;0;0,36268311;0,25665997;0,0001;0,028638185;0,0001
2017-10-07 08:00:00+00:00;0,00030801;0;0,00011857;0;0;0,208813089;0,01;0,01;0,38016317;0,25361255;0,0001;0,208813089;0,0001
2017-10-07 09:00:00+00:00;0,00010302;0;0,00017188;0;0;0,415520486;0,016;0,016;0,38950937;0,25428976;0,0001;0,415520486;0,0001
2017-10-07 10:00:00+00:00;7,63E-05;0;0,00022826;0;0;0,587798013;0,013;0,013;0,37487687;0,2204296;0,0001;0,587798013;0,0001
2017-10-07 11:00:00+00:00;7,56E-05;0;0,00028615;0;0;0,698646301;0,012;0,012;0,376061;0,22110681;0,0001;0,698646301;0,0001
2017-10-07 12:00:00+00:00;7,63E-05;0;0,0003441;0;0;0,716229783;0,014;0,014;0,30836804;0,2207682;0,0001;0,716229783;0,0001
2017-10-07 13:00:00+00:00;7,51E-05;0;0,00037788;0;0;0,735209212;0,016;0,016;0,31355568;0,2204296;0,0001;0,735209212;0,0001
2017-10-07 14:00:00+00:00;7,58E-05;0;0,00037798;0;0;0,683842301;0,014;0,014;0,36464257;0,22889464;0,0001;0,683842301;0,0001
2017-10-07 15:00:00+00:00;7,70E-05;0;0,00036958;0;0;0,617769035;0,011;0,011;0,37057733;0,44830844;0,0001;0,617769035;0,0001
2017-10-07 16:00:00+00:00;8,10E-05;0;0,00034082;0;0;0,49425592;0,009;0,009;0,39799566;0,45000145;0,0001;0,49425592;0,0001
2017-10-07 17:00:00+00:00;0,00010333;0;0,00028682;0;0;0,319008195;0,011;0,011;0,44602354;0,67618728;0,0001;0,319008195;0,0001
2017-10-07 18:00:00+00:00;0,00034167;0;0,00023161;0;0;0,131143998;0,039;0,039;0,60138465;0,88578163;0,0001;0,131143998;0,0001
2017-10-07 19:00:00+00:00;0,00035381;0;0,00017743;0;0;0;0,112;0,112;0,60258288;0,88849045;0,0001;0;0,0001
2017-10-07 20:00:00+00:00;9,85E-05;0;0,00012756;0;0;0;0,21;0,21;0,54873301;0,86309533;0,0001;0;0,0001
2017-10-07 21:00:00+00:00;5,21E-05;0;7,89E-05;0;0;0;0,265;0,265;0,47067889;0,85463029;0,0001;0;0,0001
2017-10-07 22:00:00+00:00;3,26E-05;0;3,64E-05;0;0;0;0,254;0,254;0,4133471;0,31557664;0,0001;0;0,0001
2017-10-07 23:00:00+00:00;7,16E-06;0;6,15E-06;0;0;0;0,206;0,206;0,3885085;0,17708861;0,0001;0;0,0001
2017-10-08 00:00:00+00:00;1,68E-06;0;0;0;0;0;0,153;0,153;0,26253927;0,17031657;0,0001;0;0,0001
2017-10-08 01:00:00+00:00;1,16E-05;0;0;0;0;0;0,119;0,119;0,20795636;0,17133238;0,0001;0;0,0001
2017-10-08 02:00:00+00:00;1,80E-05;0;0;0;0;0;0,112;0,112;0,16376282;0,17268679;0,0001;0;0,0001
2017-10-08 03:00:00+00:00;2,47E-05;0;0;0;0;0;0,125;0,125;0,16467911;0,17133238;0,0001;0;0,0001
2017-10-08 04:00:00+00:00;3,35E-05;0;0;0;0;0;0,149;0,149;0,19266131;0,19164847;0,0001;0;0,0001
2017-10-08 05:00:00+00:00;6,89E-05;0;4,11E-06;0;0;0;0,161;0,161;0,22632452;0,19266428;0,0001;0;0,0001
2017-10-08 06:00:00+00:00;0,00028399;0;2,96E-05;0;0;0;0,111;0,111;0,21499068;0,21365757;0,0001;0;0,0001
2017-10-08 07:00:00+00:00;0,00036441;0;7,08E-05;0;0;0,036242007;0,01;0,01;0,32565075;0,25225815;0,0001;0,036242007;0,0001
2017-10-08 08:00:00+00:00;0,00030647;0;0,00012024;0;0;0,262015577;0,031;0,031;0,32023757;0,24988794;0,0001;0,262015577;0,0001
2017-10-08 09:00:00+00:00;0,00010544;0;0,00017336;0;0;0,495267242;0,013;0,013;0,3401;0,25462836;0,0001;0,495267242;0,0001
2017-10-08 10:00:00+00:00;7,66E-05;0;0,00022847;0;0;0,670313675;0,005;0,005;0,33708328;0,25259675;0,0001;0,670313675;0,0001
2017-10-08 11:00:00+00:00;7,64E-05;0;0,00028546;0;0;0,781377603;0,006;0,006;0,31465523;0,18961686;0,0001;0,781377603;0,0001
2017-10-08 12:00:00+00:00;7,67E-05;0;0,00034558;0;0;0,827242617;0,013;0,013;0,30597158;0,19198707;0,0001;0,827242617;0,0001
2017-10-08 13:00:00+00:00;7,52E-05;0;0,00037663;0;0;0,806459336;0,026;0,026;0,37345309;0,17878161;0,0001;0,806459336;0,0001
2017-10-08 14:00:00+00:00;7,47E-05;0;0,00037541;0;0;0,747199226;0,041;0,041;0,46332035;0,20620834;0,0001;0,747199226;0,0001
2017-10-08 15:00:00+00:00;7,49E-05;0;0,00036884;0;0;0,644858387;0,055;0,055;0,45692039;0,22449282;0,0001;0,644858387;0,0001
2017-10-08 16:00:00+00:00;7,79E-05;0;0,00033981;0;0;0,499798275;0,072;0,072;0,42731705;0,44593823;0,0001;0,499798275;0,0001
2017-10-08 17:00:00+00:00;0,00010304;0;0,00028601;0;0;0,332871327;0,077;0,077;0,46231947;0,74255318;0,0001;0,332871327;0,0001
2017-10-08 18:00:00+00:00;0,00034485;0;0,00023511;0;0;0,126084525;0,121;0,121;0,70338927;0,89153786;0,0001;0,126084525;0,0001
2017-10-08 19:00:00+00:00;0,00035243;0;0,00018018;0;0;0;0,208;0,208;0,73750359;0,89119926;0,0001;0;0,0001
2017-10-08 20:00:00+00:00;0,0001001;0;0,00012663;0;0;0;0,294;0,294;0,66105651;0,85124428;0,0001;0;0,0001
2017-10-08 21:00:00+00:00;5,21E-05;0;7,85E-05;0;0;0;0,385;0,385;0,55411799;0,83973182;0,0001;0;0,0001
2017-10-08 22:00:00+00:00;3,22E-05;0;3,65E-05;0;0;0;0,439;0,439;0,44760238;0,55632233;0,0001;0;0,0001
2017-10-08 23:00:00+00:00;7,52E-06;0;6,33E-06;0;0;0;0,43;0,43;0,33946564;0,27088123;0,0001;0;0,0001
2017-10-09 00:00:00+00:00;1,99E-06;0;0;0;0;0;0,452;0,452;0,27383082;0,16693056;0,0001;0;0,0001
2017-10-09 01:00:00+00:00;1,22E-05;0;0;0;0;0;0,419;0,419;0,23961783;0,16219014;0,0001;0;0,0001
2017-10-09 02:00:00+00:00;1,83E-05;0;0;0;0;0;0,347;0,347;0,23106106;0,16625336;0,0001;0;0,0001
2017-10-09 03:00:00+00:00;2,38E-05;0;0;0;0;0;0,215;0,215;0,20565858;0,16422175;0,0001;0;0,0001
2017-10-09 04:00:00+00:00;3,21E-05;0;0;0;0;0;0,142;0,142;0,21507526;0,18995546;0,0001;0;0,0001
2017-10-09 05:00:00+00:00;7,05E-05;0;4,22E-06;0;0;0;0,096;0,096;0,242409;0,19232568;0,0001;0;0,0001
2017-10-09 06:00:00+00:00;0,00028316;0;3,04E-05;0;0;0;0,069;0,069;0,2477235;0,18352204;0,0001;0;0,0001
2017-10-09 07:00:00+00:00;0,00036327;0;7,08E-05;0;0;0,035727809;0,082;0,082;0,31619178;0,24785633;0,0001;0,035727809;0,0001
2017-10-09 08:00:00+00:00;0,00030734;0;0,00011959;0;0;0,232049751;0,249;0,249;0,35772103;0,24650192;0,0001;0,232049751;0,0001
2017-10-09 09:00:00+00:00;0,000108;0;0,00017215;0;0;0,440868423;0,28;0,28;0,37572267;0,24684052;0,0001;0,440868423;0,0001
2017-10-09 10:00:00+00:00;7,69E-05;0;0,00022856;0;0;0,612973896;0,261;0,261;0,45012572;0,18995546;0,0001;0,612973896;0,0001
2017-10-09 11:00:00+00:00;7,54E-05;0;0,00028673;0;0;0,732449365;0,25;0,25;0,46544896;0,17844301;0,0001;0,732449365;0,0001
2017-10-09 12:00:00+00:00;7,44E-05;0;0,00034485;0;0;0,768832799;0,248;0,248;0,43202539;0,16625336;0,0001;0,768832799;0,0001
2017-10-09 13:00:00+00:00;7,43E-05;0;0,0003762;0;0;0,793991498;0,241;0,241;0,44327466;0,17133238;0,0001;0,793991498;0,0001
2017-10-09 14:00:00+00:00;7,35E-05;0;0,00037563;0;0;0,728121874;0,227;0,227;0,48294313;0,17099378;0,0001;0,728121874;0,0001
2017-10-09 15:00:00+00:00;7,87E-05;0;0,00037073;0;0;0,633993096;0,206;0,206;0,46150186;0,17200958;0,0001;0,633993096;0,0001
2017-10-09 16:00:00+00:00;7,94E-05;0;0,00034068;0;0;0,510476406;0,171;0,171;0,41431978;0,38736016;0,0001;0,510476406;0,0001
2017-10-09 17:00:00+00:00;0,00010317;0;0,00028613;0;0;0,30559715;0,119;0,119;0,52466973;0,71817387;0,0001;0,30559715;0,0001
2017-10-09 18:00:00+00:00;0,00034278;0;0,0002322;0;0;0,124337446;0,101;0,101;0,79991023;0,87223757;0,0001;0,124337446;0,0001
2017-10-09 19:00:00+00:00;0,00035312;0;0,00017765;0;0;0;0,095;0,095;0,74078815;0,8773166;0,0001;0;0,0001
2017-10-09 20:00:00+00:00;0,00010009;0;0,00012672;0;0;0;0,073;0,073;0,673067;0,8783324;0,0001;0;0,0001
2017-10-09 21:00:00+00:00;5,26E-05;0;7,87E-05;0;0;0;0,046;0,046;0,58656889;0,83194399;0,0001;0;0,0001
2017-10-09 22:00:00+00:00;3,22E-05;0;3,72E-05;0;0;0;0,042;0,042;0,50276326;0,28747271;0,0001;0;0,0001
2017-10-09 23:00:00+00:00;7,95E-06;0;6,38E-06;0;0;0;0,079;0,079;0,46337673;0,16422175;0,0001;0;0,0001
2017-10-10 00:00:00+00:00;1,54E-06;0;0;0;0;0;0,069;0,069;0,46339083;0,08058717;0,0001;0;0,0001
2017-10-10 01:00:00+00:00;1,19E-05;0;0;0;0;0;0,055;0,055;0,41345988;0,08058717;0,0001;0;0,0001
2017-10-10 02:00:00+00:00;1,75E-05;0;0;0;0;0;0,079;0,079;0,40896299;0,08058717;0,0001;0;0,0001
2017-10-10 03:00:00+00:00;2,42E-05;0;0;0;0;0;0,116;0,116;0,3192226;0,1090297;0,0001;0;0,0001
2017-10-10 04:00:00+00:00;3,38E-05;0;0;0;0;0;0,109;0,109;0,28760342;0,10801389;0,0001;0;0,0001
2017-10-10 05:00:00+00:00;7,02E-05;0;4,11E-06;0;0;0;0,127;0,127;0,27311189;0,10665949;0,0001;0;0,0001
2017-10-10 06:00:00+00:00;0,00028327;0;2,95E-05;0;0;0;0,159;0,159;0,28111888;0,10632089;0,0001;0;0,0001
2017-10-10 07:00:00+00:00;0,00036719;0;6,99E-05;0;0;0,042162948;0,043;0,043;0,28730739;0,16760776;0,0001;0,042162948;0,0001
2017-10-10 08:00:00+00:00;0,00030429;0;0,00011813;0;0;0,282957379;0,281;0,281;0,29802098;0,16659196;0,0001;0,282957379;0,0001
2017-10-10 09:00:00+00:00;0,00010424;0;0,00017166;0;0;0,520581604;0,505;0,505;0,33984625;0,16726916;0,0001;0,520581604;0,0001
2017-10-10 10:00:00+00:00;7,53E-05;0;0,00022686;0;0;0,694506758;0,502;0,502;0,38575961;0,08397318;0,0001;0,694506758;0,0001
2017-10-10 11:00:00+00:00;7,53E-05;0;0,00028479;0;0;0,817390355;0,436;0,436;0,40629869;0,08329598;0,0001;0,817390355;0,0001
2017-10-10 12:00:00+00:00;7,67E-05;0;0,00034551;0;0;0,867383857;0,342;0,342;0,37824601;0,08532759;0,0001;0,867383857;0,0001
2017-10-10 13:00:00+00:00;7,30E-05;0;0,00037843;0;0;0,869464036;0,251;0,251;0,41595501;0,09243822;0,0001;0,869464036;0,0001
2017-10-10 14:00:00+00:00;7,52E-05;0;0,00037486;0;0;0,825884007;0,181;0,181;0,47751585;0,08295738;0,0001;0,825884007;0,0001
2017-10-10 15:00:00+00:00;7,79E-05;0;0,00036916;0;0;0,730613952;0,151;0,151;0,49183822;0,08498899;0,0001;0,730613952;0,0001
2017-10-10 16:00:00+00:00;7,93E-05;0;0,00034062;0;0;0,590349112;0,154;0,154;0,51569005;0,30000097;0,0001;0,590349112;0,0001
2017-10-10 17:00:00+00:00;0,0001041;0;0,00028683;0;0;0,388150425;0,156;0,156;0,57310642;0,35451581;0,0001;0,388150425;0,0001
2017-10-10 18:00:00+00:00;0,00034151;0;0,00023385;0;0;0,159681604;0,2;0,2;0,65141428;0,26140039;0,0001;0,159681604;0,0001
2017-10-10 19:00:00+00:00;0,00035729;0;0,0001809;0;0;0;0,251;0,251;0,65448739;0,51094973;0,0001;0;0,0001
2017-10-10 20:00:00+00:00;9,92E-05;0;0,00012941;0;0;0;0,221;0,221;0,60588153;0,50959532;0,0001;0;0,0001
2017-10-10 21:00:00+00:00;5,17E-05;0;8,01E-05;0;0;0;0,155;0,155;0,59010719;0,47234915;0,0001;0;0,0001
2017-10-10 22:00:00+00:00;3,26E-05;0;3,74E-05;0;0;0;0,113;0,113;0,49021709;0,1984205;0,0001;0;0,0001
2017-10-10 23:00:00+00:00;7,78E-06;0;6,11E-06;0;0;0;0,145;0,145;0,43670554;0,07347653;0,0001;0;0,0001
2017-10-11 00:00:00+00:00;2,05E-06;0;0;0;0;0;0,247;0,247;0,13249606;0,14390565;0,0001;0;0,0001
2017-10-11 01:00:00+00:00;1,20E-05;0;0;0;0;0;0,334;0,334;0,10689622;0,14018104;0,0001;0;0,0001
2017-10-11 02:00:00+00:00;1,80E-05;0;0;0;0;0;0,356;0,356;0,10669887;0,14356705;0,0001;0;0,0001
2017-10-11 03:00:00+00:00;2,43E-05;0;0;0;0;0;0,298;0,298;0,10602222;0,17471839;0,0001;0;0,0001
2017-10-11 04:00:00+00:00;3,33E-05;0;0;0;0;0;0,234;0,234;0,12783001;0,175057;0,0001;0;0,0001
2017-10-11 05:00:00+00:00;7,08E-05;0;4,12E-06;0;0;0;0,196;0,196;0,13341235;0,17404119;0,0001;0;0,0001
2017-10-11 06:00:00+00:00;0,0002816;0;3,01E-05;0;0;0;0,172;0,172;0,18827719;0,17708861;0,0001;0;0,0001
2017-10-11 07:00:00+00:00;0,00036737;0;7,07E-05;0;0;0,042999929;0,044;0,044;0,22611307;0,19232568;0,0001;0,042999929;0,0001
2017-10-11 08:00:00+00:00;0,00030269;0;0,00011954;0;0;0,281846222;0,094;0,094;0,28644748;0,18013602;0,0001;0,281846222;0,0001
2017-10-11 09:00:00+00:00;0,00010563;0;0,00017269;0;0;0,517461566;0,233;0,233;0,25284065;0,18182903;0,0001;0,517461566;0,0001
2017-10-11 10:00:00+00:00;7,87E-05;0;0,00022899;0;0;0,685767158;0,232;0,232;0,31091957;0,1533865;0,0001;0,685767158;0,0001
2017-10-11 11:00:00+00:00;7,82E-05;0;0,00028637;0;0;0,799271029;0,208;0,208;0,29062014;0,15101629;0,0001;0,799271029;0,0001
2017-10-11 12:00:00+00:00;7,85E-05;0;0,00034529;0;0;0,850165323;0,16;0,16;0,2504019;0,15237069;0,0001;0,850165323;0,0001
2017-10-11 13:00:00+00:00;7,45E-05;0;0,00037796;0;0;0,848142261;0,115;0,115;0,25943797;0,14898468;0,0001;0,848142261;0,0001
2017-10-11 14:00:00+00:00;7,42E-05;0;0,00037669;0;0;0,815181246;0,079;0,079;0,26580973;0,15135489;0,0001;0,815181246;0,0001
2017-10-11 15:00:00+00:00;7,42E-05;0;0,00036932;0;0;0,728714023;0,049;0,049;0,25319307;0,36907568;0,0001;0,728714023;0,0001
2017-10-11 16:00:00+00:00;7,78E-05;0;0,0003414;0;0;0,588256811;0,027;0,027;0,25697102;0,36975288;0,0001;0,588256811;0,0001
2017-10-11 17:00:00+00:00;0,00010069;0;0,00028541;0;0;0,38741603;0,012;0,012;0,27727045;0,67821889;0,0001;0,38741603;0,0001
2017-10-11 18:00:00+00:00;0,00034247;0;0,00023071;0;0;0,157620842;0,02;0,02;0,43578925;0,86106372;0,0001;0,157620842;0,0001
2017-10-11 19:00:00+00:00;0,0003579;0;0,00017961;0;0;0;0,069;0,069;0,49983112;0,86207953;0,0001;0;0,0001
2017-10-11 20:00:00+00:00;9,96E-05;0;0,00012868;0;0;0;0,141;0,141;0,46154414;0,82686496;0,0001;0;0,0001
2017-10-11 21:00:00+00:00;5,24E-05;0;7,80E-05;0;0;0;0,19;0,19;0,37243812;0,8129823;0,0001;0;0,0001
2017-10-11 22:00:00+00:00;3,25E-05;0;3,68E-05;0;0;0;0,211;0,211;0,25023274;0,25835298;0,0001;0;0,0001
2017-10-11 23:00:00+00:00;7,60E-06;0;6,42E-06;0;0;0;0,195;0,195;0,16095755;0,13882663;0,0001;0;0,0001
2017-10-12 00:00:00+00:00;1,70E-07;0;0;0;0;0;0,14;0,14;0,62684351;0,22381562;0,0001;0;0,0001
2017-10-12 01:00:00+00:00;8,75E-06;0;0;0;0;0;0,086;0,086;0,58662527;0,22347702;0,0001;0;0,0001
2017-10-12 02:00:00+00:00;1,39E-05;0;0;0;0;0;0,077;0,077;0,583383;0,22347702;0,0001;0;0,0001
2017-10-12 03:00:00+00:00;1,93E-05;0;0;0;0;0;0,055;0,055;0,57608085;0,22347702;0,0001;0;0,0001
2017-10-12 04:00:00+00:00;2,76E-05;0;0;0;0;0;0,023;0,023;0,56319635;0,22550863;0,0001;0;0,0001
2017-10-12 05:00:00+00:00;6,30E-05;0;4,30E-06;0;0;0;0,062;0,062;0,52617809;0,22415422;0,0001;0;0,0001
2017-10-12 06:00:00+00:00;0,00027199;0;3,02E-05;0;0;0;0,134;0,134;0,5731628;0,22889464;0,0001;0;0,0001
2017-10-12 07:00:00+00:00;0,00035216;0;7,08E-05;0;0;0,043883856;0,241;0,241;0,5975785;0,26207759;0,0001;0,043883856;0,0001
2017-10-12 08:00:00+00:00;0,00028411;0;0,0001187;0;0;0,274989133;0,302;0,302;0,70877426;0,26173899;0,0001;0,274989133;0,0001
2017-10-12 09:00:00+00:00;7,58E-05;0;0,00017339;0;0;0,501385992;0,131;0,131;0,73775733;0,33690853;0,0001;0,501385992;0,0001
2017-10-12 10:00:00+00:00;4,24E-05;0;0,00022841;0;0;0,68025669;0,043;0,043;0,68444314;0,35417721;0,0001;0,68025669;0,0001
2017-10-12 11:00:00+00:00;4,24E-05;0;0,0002856;0;0;0,807097814;0,027;0,027;0,66476397;0,34097175;0,0001;0,807097814;0,0001
2017-10-12 12:00:00+00:00;4,30E-05;0;0,00034321;0;0;0,857066613;0,044;0,044;0,70880245;0,34469637;0,0001;0,857066613;0,0001
2017-10-12 13:00:00+00:00;4,18E-05;0;0,00037511;0;0;0,847927548;0,066;0,066;0,73712298;0,56580318;0,0001;0,847927548;0,0001
2017-10-12 14:00:00+00:00;4,24E-05;0;0,00037521;0;0;0,796311319;0,081;0,081;0,71707729;0,56918919;0,0001;0,796311319;0,0001
2017-10-12 15:00:00+00:00;4,68E-05;0;0,00036829;0;0;0,69069892;0,093;0,093;0,717909;0,56207856;0,0001;0,69069892;0,0001
2017-10-12 16:00:00+00:00;5,57E-05;0;0,0003403;0;0;0,556788964;0,102;0,102;0,67071283;0,55936975;0,0001;0,556788964;0,0001
2017-10-12 17:00:00+00:00;8,44E-05;0;0,0002873;0;0;0,356219757;0,089;0,089;0,65647504;0,79368201;0,0001;0,356219757;0,0001
2017-10-12 18:00:00+00:00;0,00033015;0;0,00023306;0;0;0,136691948;0,124;0,124;0,75291142;0,90271171;0,0001;0,136691948;0,0001
2017-10-12 19:00:00+00:00;0,00034734;0;0,00018014;0;0;0;0,248;0,248;0,77910332;0,89763269;0,0001;0;0,0001
2017-10-12 20:00:00+00:00;9,43E-05;0;0,00012749;0;0;0;0,411;0,411;0,7268041;0,89797129;0,0001;0;0,0001
2017-10-12 21:00:00+00:00;4,81E-05;0;7,97E-05;0;0;0;0,486;0,486;0,70181043;0,89187646;0,0001;0;0,0001
2017-10-12 22:00:00+00:00;2,91E-05;0;3,73E-05;0;0;0;0,444;0,444;0,68310394;0,36941428;0,0001;0;0,0001
2017-10-12 23:00:00+00:00;5,39E-06;0;6,58E-06;0;0;0;0,428;0,428;0,59845251;0,22212261;0,0001;0;0,0001
2017-10-13 00:00:00+00:00;3,00E-07;0;0;0;0;0;0,428;0,428;0,31430281;0,05925527;0,0001;0;0,0001
2017-10-13 01:00:00+00:00;8,79E-06;0;0;0;0;0;0,435;0,435;0,33185336;0,05790086;0,0001;0;0,0001
2017-10-13 02:00:00+00:00;1,41E-05;0;0;0;0;0;0,346;0,346;0,30540771;0,06331849;0,0001;0;0,0001
2017-10-13 03:00:00+00:00;1,93E-05;0;0;0;0;0;0,288;0,288;0,30320861;0,09921025;0,0001;0;0,0001
2017-10-13 04:00:00+00:00;2,76E-05;0;0;0;0;0;0,189;0,189;0,29666768;0,10022606;0,0001;0;0,0001
2017-10-13 05:00:00+00:00;6,30E-05;0;4,09E-06;0;0;0;0,17;0,17;0,29903595;0,09921025;0,0001;0;0,0001
2017-10-13 06:00:00+00:00;0,00027328;0;3,01E-05;0;0;0;0,188;0,188;0,3729597;0,10699809;0,0001;0;0,0001
2017-10-13 07:00:00+00:00;0,00035031;0;7,06E-05;0;0;0,045139486;0,146;0,146;0,35952542;0,12121935;0,0001;0,045139486;0,0001
2017-10-13 08:00:00+00:00;0,00028209;0;0,00011954;0;0;0,273124336;0,319;0,319;0,3995886;0,12189656;0,0001;0,273124336;0,0001
2017-10-13 09:00:00+00:00;7,58E-05;0;0,00017304;0;0;0,498504757;0,506;0,506;0,41802725;0,1103841;0,0001;0,498504757;0,0001
2017-10-13 10:00:00+00:00;4,24E-05;0;0,00022846;0;0;0,668249616;0,597;0,597;0,47681101;0,08295738;0,0001;0,668249616;0,0001
2017-10-13 11:00:00+00:00;4,24E-05;0;0,00028594;0;0;0,767484691;0,6;0,6;0,46966392;0,08261878;0,0001;0,767484691;0,0001
2017-10-13 12:00:00+00:00;4,29E-05;0;0,00034296;0;0;0,827909635;0,579;0,579;0,43366062;0,08160297;0,0001;0,827909635;0,0001
2017-10-13 13:00:00+00:00;4,18E-05;0;0,00037688;0;0;0,827622886;0,558;0,558;0,439102;0,08431178;0,0001;0,827622886;0,0001
2017-10-13 14:00:00+00:00;4,24E-05;0;0,00037643;0;0;0,788566869;0,534;0,534;0,47170796;0,07889416;0,0001;0,788566869;0,0001
2017-10-13 15:00:00+00:00;4,67E-05;0;0,00037023;0;0;0,714344994;0,517;0,517;0,49217655;0,08058717;0,0001;0,714344994;0,0001
2017-10-13 16:00:00+00:00;5,56E-05;0;0,0003404;0;0;0,550704643;0,489;0,489;0,52757367;0,29763076;0,0001;0,550704643;0,0001
2017-10-13 17:00:00+00:00;8,56E-05;0;0,00028535;0;0;0,345652087;0,431;0,431;0,50523021;0,3514684;0,0001;0,345652087;0,0001
2017-10-13 18:00:00+00:00;0,00033205;0;0,00023419;0;0;0,1428626;0,478;0,478;0,77096945;0,26512501;0,0001;0,1428626;0,0001
2017-10-13 19:00:00+00:00;0,00035059;0;0,00018084;0;0;0;0,505;0,505;0,79979746;0,50214609;0,0001;0;0,0001
2017-10-13 20:00:00+00:00;9,42E-05;0;0,00012544;0;0;0;0,526;0,526;0,75330613;0,26140039;0,0001;0;0,0001
2017-10-13 21:00:00+00:00;4,81E-05;0;7,75E-05;0;0;0;0,516;0,516;0,59929832;0,46625432;0,0001;0;0,0001
2017-10-13 22:00:00+00:00;2,90E-05;0;3,68E-05;0;0;0;0,478;0,478;0,51739576;0,16930077;0,0001;0;0,0001
2017-10-13 23:00:00+00:00;5,39E-06;0;6,28E-06;0;0;0;0,462;0,462;0,48367616;0,07246073;0,0001;0;0,0001
2017-10-14 00:00:00+00:00;1,79E-06;0;0;0;0;0;0,435;0,435;0,42466685;0,07279933;0,0001;0;0,0001
2017-10-14 01:00:00+00:00;1,18E-05;0;0;0;0;0;0,393;0,393;0,35781971;0,07212213;0,0001;0;0,0001
2017-10-14 02:00:00+00:00;1,81E-05;0;0;0;0;0;0,369;0,369;0,34817748;0,07313793;0,0001;0;0,0001
2017-10-14 03:00:00+00:00;2,36E-05;0;0;0;0;0;0,347;0,347;0,3347432;0,10665949;0,0001;0;0,0001
2017-10-14 04:00:00+00:00;3,28E-05;0;0;0;0;0;0,319;0,319;0,33185336;0,10699809;0,0001;0;0,0001
2017-10-14 05:00:00+00:00;7,07E-05;0;4,21E-06;0;0;0;0,296;0,296;0,30561917;0,10665949;0,0001;0;0,0001
2017-10-14 06:00:00+00:00;0,00028087;0;3,00E-05;0;0;0;0,235;0,235;0,39578246;0,10699809;0,0001;0;0,0001
2017-10-14 07:00:00+00:00;0,00036605;0;7,05E-05;0;0;0,048402847;0,431;0,431;0,4537486;0,12325096;0,0001;0,048402847;0,0001
2017-10-14 08:00:00+00:00;0,00030583;0;0,00011957;0;0;0,295045972;0,754;0,754;0,44082181;0,09514703;0,0001;0,295045972;0,0001
2017-10-14 09:00:00+00:00;0,00010405;0;0,00017216;0;0;0,529240253;0,811;0,811;0,45044994;0,09548563;0,0001;0,529240253;0,0001
2017-10-14 10:00:00+00:00;7,48E-05;0;0,00022878;0;0;0,702340968;0,791;0,791;0,47568326;0,07957136;0,0001;0,702340968;0,0001
2017-10-14 11:00:00+00:00;7,48E-05;0;0,00028595;0;0;0,820861149;0,748;0,748;0,43694519;0,08295738;0,0001;0,820861149;0,0001
2017-10-14 12:00:00+00:00;7,41E-05;0;0,00034549;0;0;0,86881255;0,708;0,708;0,37723103;0,08329598;0,0001;0,86881255;0,0001
2017-10-14 13:00:00+00:00;7,40E-05;0;0,00037614;0;0;0,845198476;0,683;0,683;0,42802189;0,07821696;0,0001;0,845198476;0,0001
2017-10-14 14:00:00+00:00;7,60E-05;0;0,00037635;0;0;0,77375689;0,677;0,677;0,53216924;0,08261878;0,0001;0,77375689;0,0001
2017-10-14 15:00:00+00:00;8,10E-05;0;0,00036949;0;0;0,702053834;0,668;0,668;0,55204576;0,07855556;0,0001;0,702053834;0,0001
2017-10-14 16:00:00+00:00;8,16E-05;0;0,00034013;0;0;0,574361218;0,651;0,651;0,50469453;0,2630934;0,0001;0,574361218;0,0001
2017-10-14 17:00:00+00:00;0,00010549;0;0,00028638;0;0;0,371407971;0,582;0,582;0,48945586;0,14085824;0,0001;0,371407971;0,0001
2017-10-14 18:00:00+00:00;0,00034321;0;0,00023257;0;0;0,15217153;0,574;0,574;0,70990201;0,26173899;0,0001;0,15217153;0,0001
2017-10-14 19:00:00+00:00;0,00035938;0;0,00018219;0;0;6,84E-08;0,614;0,614;0,6997382;0,62336544;0,0001;6,84E-08;0,0001
2017-10-14 20:00:00+00:00;0,00010019;0;0,00012695;0;0;0;0,672;0,672;0,63465315;0,62675145;0,0001;0;0,0001
2017-10-14 21:00:00+00:00;5,26E-05;0;7,80E-05;0;0;0;0,685;0,685;0,57309232;0,59018249;0,0001;0;0,0001
2017-10-14 22:00:00+00:00;3,25E-05;0;3,70E-05;0;0;0;0,662;0,662;0,50002848;0,51094973;0,0001;0;0,0001
2017-10-14 23:00:00+00:00;7,33E-06;0;6,48E-06;0;0;0;0,538;0,538;0,46133269;0,14492146;0,0001;0;0,0001
2017-10-15 00:00:00+00:00;1,83E-06;0;0;0;0;0;0,422;0,422;0,38750762;0,14593726;0,0001;0;0,0001
2017-10-15 01:00:00+00:00;1,20E-05;0;0;0;0;0;0,366;0,366;0,30026237;0,14898468;0,0001;0;0,0001
2017-10-15 02:00:00+00:00;1,83E-05;0;0;0;0;0;0,307;0,307;0,27033481;0,14559866;0,0001;0;0,0001
2017-10-15 03:00:00+00:00;2,40E-05;0;0;0;0;0;0,27;0,27;0,2686291;0,17844301;0,0001;0;0,0001
2017-10-15 04:00:00+00:00;3,33E-05;0;0;0;0;0;0,271;0,271;0,25340452;0,17878161;0,0001;0;0,0001
2017-10-15 05:00:00+00:00;7,10E-05;0;4,21E-06;0;0;0;0,405;0,405;0,2211228;0,17979742;0,0001;0;0,0001
2017-10-15 06:00:00+00:00;0,00028388;0;3,00E-05;0;0;0;0,516;0,516;0,26297627;0,18081322;0,0001;0;0,0001
2017-10-15 07:00:00+00:00;0,00036567;0;7,07E-05;0;0;0,05097392;0,512;0,512;0,28206337;0,17844301;0,0001;0,05097392;0,0001
2017-10-15 08:00:00+00:00;0,00030738;0;0,00011987;0;0;0,305295601;0,624;0,624;0,36485402;0,17708861;0,0001;0,305295601;0,0001
2017-10-15 09:00:00+00:00;0,00010703;0;0,0001735;0;0;0,543095902;0,656;0,656;0,38305302;0,15711111;0,0001;0,543095902;0,0001
2017-10-15 10:00:00+00:00;7,72E-05;0;0,00022965;0;0;0,716228139;0,582;0,582;0,42462456;0,15474091;0,0001;0,716228139;0,0001
2017-10-15 11:00:00+00:00;7,37E-05;0;0,00028683;0;0;0,83149597;0,485;0,485;0,44944907;0,1530479;0,0001;0,83149597;0,0001
2017-10-15 12:00:00+00:00;7,37E-05;0;0,00034693;0;0;0,88263023;0,455;0,455;0,44902616;0,15541811;0,0001;0,88263023;0,0001
2017-10-15 13:00:00+00:00;7,43E-05;0;0,00037708;0;0;0,887051694;0,481;0,481;0,44139978;0,15507951;0,0001;0,887051694;0,0001
2017-10-15 14:00:00+00:00;7,55E-05;0;0,00037627;0;0;0,838110354;0,478;0,478;0,47194619;0,15474091;0,0001;0,838110354;0,0001
2017-10-15 15:00:00+00:00;7,66E-05;0;0,00036786;0;0;0,75843579;0,413;0,413;0,4808864;0,16862357;0,0001;0,75843579;0,0001
2017-10-15 16:00:00+00:00;8,05E-05;0;0,00033925;0;0;0,604529111;0,337;0,337;0,43117254;0,17065518;0,0001;0,604529111;0,0001
2017-10-15 17:00:00+00:00;0,00010338;0;0,00028505;0;0;0,399826757;0,27;0,27;0,42585098;0,306773;0,0001;0,399826757;0,0001
2017-10-15 18:00:00+00:00;0,00034571;0;0,00023308;0;0;0,164300776;0,203;0,203;0,67804318;0,68363651;0,0001;0,164300776;0,0001
2017-10-15 19:00:00+00:00;0,00035879;0;0,00017978;0;0;7,90E-08;0,132;0,132;0,71640064;0,4398434;0,0001;7,90E-08;0,0001
2017-10-15 20:00:00+00:00;9,88E-05;0;0,00012583;0;0;0;0,069;0,069;0,65985828;0,44085921;0,0001;0;0,0001
2017-10-15 21:00:00+00:00;5,25E-05;0;7,88E-05;0;0;0;0,037;0,037;0,53666612;0,40767626;0,0001;0;0,0001
2017-10-15 22:00:00+00:00;3,28E-05;0;3,64E-05;0;0;0;0,025;0,025;0,40870924;0,25022654;0,0001;0;0,0001
2017-10-15 23:00:00+00:00;7,83E-06;0;6,26E-06;0;0;0;0,031;0,031;0,35010874;0,36636687;0,0001;0;0,0001
2017-10-16 00:00:00+00:00;1,76E-06;0;0;0;0;0;0,058;0,058;0,30879095;0,36941428;0,0001;0;0,0001
2017-10-16 01:00:00+00:00;1,16E-05;0;0;0;0;0;0,144;0,144;0,32095651;0,37009148;0,0001;0;0,0001
2017-10-16 02:00:00+00:00;1,76E-05;0;0;0;0;0;0,442;0,442;0,313457;0,3944708;0,0001;0;0,0001
2017-10-16 03:00:00+00:00;2,38E-05;0;0;0;0;0;0,613;0,613;0,30780417;0,1757342;0,0001;0;0,0001
2017-10-16 04:00:00+00:00;3,30E-05;0;0;0;0;0;0,75;0,75;0,3169953;0,17234818;0,0001;0;0,0001
2017-10-16 05:00:00+00:00;7,10E-05;0;4,12E-06;0;0;0;0,745;0,745;0,34167884;0,17675;0,0001;0;0,0001
2017-10-16 06:00:00+00:00;0,00028542;0;3,06E-05;0;0;0;0,723;0,723;0,3649386;0,18352204;0,0001;0;0,0001
2017-10-16 07:00:00+00:00;0,00036875;0;7,16E-05;0;0;0,045847559;0,774;0,774;0,42912145;0,20011351;0,0001;0,045847559;0,0001
2017-10-16 08:00:00+00:00;0,00030658;0;0,00012016;0;0;0,278530278;0,813;0,813;0,447546;0,1980819;0,0001;0,278530278;0,0001
2017-10-16 09:00:00+00:00;0,00010316;0;0,00017229;0;0;0,504491396;0,779;0,779;0,42773996;0,19334148;0,0001;0,504491396;0,0001
2017-10-16 10:00:00+00:00;7,50E-05;0;0,00022888;0;0;0,669708156;0,702;0,702;0,43134874;0,15744972;0,0001;0,669708156;0,0001
2017-10-16 11:00:00+00:00;7,38E-05;0;0,0002852;0;0;0,794526074;0,574;0,574;0,43750906;0,15609531;0,0001;0,794526074;0,0001
2017-10-16 12:00:00+00:00;7,84E-05;0;0,00034392;0;0;0,85386813;0,412;0,412;0,38234818;0,15203209;0,0001;0,85386813;0,0001
2017-10-16 13:00:00+00:00;7,72E-05;0;0,00037409;0;0;0,871019351;0,262;0,262;0,40715859;0,15914273;0,0001;0,871019351;0,0001
2017-10-16 14:00:00+00:00;7,54E-05;0;0,0003744;0;0;0,818897715;0,184;0,184;0,41849244;0,15474091;0,0001;0,818897715;0,0001
2017-10-16 15:00:00+00:00;7,74E-05;0;0,00036984;0;0;0,743464021;0,167;0,167;0,4701714;0,15846552;0,0001;0,743464021;0,0001
2017-10-16 16:00:00+00:00;7,89E-05;0;0,00034046;0;0;0,601614619;0,18;0,18;0,50594914;0,37246169;0,0001;0,601614619;0,0001
2017-10-16 17:00:00+00:00;0,0001024;0;0,00028573;0;0;0,401170042;0,182;0,182;0,5216953;0,5275412;0,0001;0,401170042;0,0001
2017-10-16 18:00:00+00:00;0,00034795;0;0,00023388;0;0;0,165433127;0,252;0,252;0,69600254;0,68465232;0,0001;0,165433127;0,0001
2017-10-16 19:00:00+00:00;0,00035424;0;0,0001789;0;0;1,36E-07;0,354;0,354;0,68183523;0,68465232;0,0001;1,36E-07;0,0001
2017-10-16 20:00:00+00:00;9,94E-05;0;0,0001255;0;0;0;0,353;0,353;0,62216337;0,64334293;0,0001;0;0,0001
2017-10-16 21:00:00+00:00;5,21E-05;0;7,82E-05;0;0;0;0,287;0,287;0,5056954;0,64300433;0,0001;0;0,0001
2017-10-16 22:00:00+00:00;3,27E-05;0;3,67E-05;0;0;0;0,223;0,223;0,43550731;0,26952683;0,0001;0;0,0001
2017-10-16 23:00:00+00:00;7,55E-06;0;6,32E-06;0;0;0;0,232;0,232;0,37305837;0,14796887;0,0001;0;0,0001
2017-10-17 00:00:00+00:00;1,48E-06;0;0;0;0;0;0,286;0,286;0,305887;0,14695307;0,0001;0;0,0001
2017-10-17 01:00:00+00:00;1,18E-05;0;0;0;0;0;0,317;0,317;0,3183204;0,14932328;0,0001;0;0,0001
2017-10-17 02:00:00+00:00;1,86E-05;0;0;0;0;0;0,321;0,321;0,2983734;0,1760728;0,0001;0;0,0001
2017-10-17 03:00:00+00:00;2,39E-05;0;0;0;0;0;0,289;0,289;0,2708141;0,18047462;0,0001;0;0,0001
2017-10-17 04:00:00+00:00;3,29E-05;0;0;0;0;0;0,309;0,309;0,29341131;0,17810441;0,0001;0;0,0001
2017-10-17 05:00:00+00:00;7,07E-05;0;4,19E-06;0;0;0;0,223;0,223;0,24659576;0,17437979;0,0001;0;0,0001
2017-10-17 06:00:00+00:00;0,00028865;0;3,03E-05;0;0;0;0,119;0,119;0,24187332;0,17776581;0,0001;0;0,0001
2017-10-17 07:00:00+00:00;0,0003731;0;7,10E-05;0;0;0,051905604;0,079;0,079;0,23280906;0,18013602;0,0001;0,051905604;0,0001
2017-10-17 08:00:00+00:00;0,0003098;0;0,00011866;0;0;0,293766643;0,112;0,112;0,26527405;0,18555364;0,0001;0,293766643;0,0001
2017-10-17 09:00:00+00:00;0,00010567;0;0,00017206;0;0;0,531113103;0,097;0,097;0,30776188;0,15169349;0,0001;0,531113103;0,0001
2017-10-17 10:00:00+00:00;7,57E-05;0;0,00022742;0;0;0,70833897;0,054;0,054;0,33375643;0,15677251;0,0001;0,70833897;0,0001
2017-10-17 11:00:00+00:00;7,75E-05;0;0,00028375;0;0;0,827658298;0,019;0,019;0,34741625;0,15711111;0,0001;0,827658298;0,0001
2017-10-17 12:00:00+00:00;7,60E-05;0;0,00034321;0;0;0,882124248;0,006;0,006;0,36612274;0,15507951;0,0001;0,882124248;0,0001
2017-10-17 13:00:00+00:00;7,37E-05;0;0,00037609;0;0;0,882270045;0,004;0,004;0,35371753;0,15846552;0,0001;0,882270045;0,0001
2017-10-17 14:00:00+00:00;7,48E-05;0;0,00037474;0;0;0,839789247;0,003;0,003;0,37503193;0,15169349;0,0001;0,839789247;0,0001
2017-10-17 15:00:00+00:00;7,54E-05;0;0,00036957;0;0;0,754216715;0,001;0,001;0,36090691;0,15067769;0,0001;0,754216715;0,0001
2017-10-17 16:00:00+00:00;7,91E-05;0;0,00033951;0;0;0,595354981;0,001;0,001;0,41677263;0,37246169;0,0001;0,595354981;0,0001
2017-10-17 17:00:00+00:00;0,00010186;0;0,00028506;0;0;0,391974966;0,006;0,006;0,48539597;0,70700002;0,0001;0,391974966;0,0001
2017-10-17 18:00:00+00:00;0,00034235;0;0,00023462;0;0;0,16458076;0,022;0,022;0,6779727;0,8339756;0,0001;0,16458076;0,0001
2017-10-17 19:00:00+00:00;0,00035632;0;0,00017945;0;0;4,07E-07;0,039;0,039;0,65737724;0,86986736;0,0001;4,07E-07;0,0001
2017-10-17 20:00:00+00:00;9,89E-05;0;0,00012823;0;0;0;0,045;0,045;0,61868145;0,86783575;0,0001;0;0,0001
2017-10-17 21:00:00+00:00;5,22E-05;0;7,89E-05;0;0;0;0,046;0,046;0,54563171;0,82178594;0,0001;0;0,0001
2017-10-17 22:00:00+00:00;3,23E-05;0;3,69E-05;0;0;0;0,047;0,047;0,41295239;0,28137788;0,0001;0;0,0001
2017-10-17 23:00:00+00:00;7,29E-06;0;6,39E-06;0;0;0;0,049;0,049;0,33774583;0,15067769;0,0001;0;0,0001
2017-10-18 00:00:00+00:00;1,60E-06;0;0;0;0;0;0,043;0,043;0,27598764;0,14695307;0,0001;0;0,0001
2017-10-18 01:00:00+00:00;1,19E-05;0;0;0;0;0;0,031;0,031;0,26785377;0,14830747;0,0001;0;0,0001
2017-10-18 02:00:00+00:00;1,82E-05;0;0;0;0;0;0,024;0,024;0,27505725;0,14695307;0,0001;0;0,0001
2017-10-18 03:00:00+00:00;2,35E-05;0;0;0;0;0;0,025;0,025;0,25143097;0,17844301;0,0001;0;0,0001
2017-10-18 04:00:00+00:00;3,29E-05;0;0;0;0;0;0,022;0,022;0,26864319;0,18284483;0,0001;0;0,0001
2017-10-18 05:00:00+00:00;7,01E-05;0;4,13E-06;0;0;0;0,01;0,01;0,26854451;0,1757342;0,0001;0;0,0001
2017-10-18 06:00:00+00:00;0,00028467;0;3,02E-05;0;0;0;0,003;0,003;0,34434314;0,17776581;0,0001;0;0,0001
2017-10-18 07:00:00+00:00;0,00037088;0;7,03E-05;0;0;0,052580966;0;0;0,3747359;0,17708861;0,0001;0,052580966;0,0001
2017-10-18 08:00:00+00:00;0,0003062;0;0,00011828;0;0;0,296027654;0;0;0,48067354;0,17979742;0,0001;0,296027654;0,0001
2017-10-18 09:00:00+00:00;0,00010325;0;0,00017086;0;0;0,529843165;0,003;0,003;0,483507;0,17945882;0,0001;0,529843165;0,0001
2017-10-18 10:00:00+00:00;7,71E-05;0;0,00022743;0;0;0,709024845;0,013;0,013;0,49448842;0,16354455;0,0001;0,709024845;0,0001
2017-10-18 11:00:00+00:00;7,64E-05;0;0,00028541;0;0;0,823782349;0,015;0,015;0,48223828;0,15507951;0,0001;0,823782349;0,0001
2017-10-18 12:00:00+00:00;7,23E-05;0;0,00034547;0;0;0,878813862;0,009;0,009;0,4990558;0,15575671;0,0001;0,878813862;0,0001
2017-10-18 13:00:00+00:00;7,37E-05;0;0,00037724;0;0;0,890525073;0,003;0,003;0,45758294;0,15948133;0,0001;0,890525073;0,0001
2017-10-18 14:00:00+00:00;7,77E-05;0;0,00037431;0;0;0,849724451;0,001;0,001;0,48308409;0,16151293;0,0001;0,849724451;0,0001
2017-10-18 15:00:00+00:00;7,81E-05;0;0,00036936;0;0;0,760695517;0;0;0,46577319;0,15609531;0,0001;0,760695517;0,0001
2017-10-18 16:00:00+00:00;7,95E-05;0;0,00033947;0;0;0,612020695;0,001;0,001;0,44650283;0,36602827;0,0001;0,612020695;0,0001
2017-10-18 17:00:00+00:00;0,00010234;0;0,00028557;0;0;0,40780838;0,007;0,007;0,45675122;0,53058861;0,0001;0,40780838;0,0001
2017-10-18 18:00:00+00:00;0,00034792;0;0,00023255;0;0;0,170343413;0,051;0,051;0,67833922;0,69413316;0,0001;0,170343413;0,0001
2017-10-18 19:00:00+00:00;0,00035986;0;0,00017892;0;0;4,41E-05;0,135;0,135;0,73495206;0,86478834;0,0001;4,41E-05;0,0001
2017-10-18 20:00:00+00:00;0,00010035;0;0,00012739;0;0;0;0,185;0,185;0,65534729;0,87223757;0,0001;0;0,0001
2017-10-18 21:00:00+00:00;5,20E-05;0;7,83E-05;0;0;0;0,195;0,195;0,53607406;0,81772272;0,0001;0;0,0001
2017-10-18 22:00:00+00:00;3,29E-05;0;3,65E-05;0;0;0;0,172;0,172;0,50366546;0,26749522;0,0001;0;0,0001
2017-10-18 23:00:00+00:00;7,54E-06;0;6,48E-06;0;0;0;0,147;0,147;0,41892944;0,14729167;0,0001;0;0,0001
2017-10-19 00:00:00+00:00;1,50E-07;0;0;0;0;0;0,108;0,108;0,35836948;0,14898468;0,0001;0;0,0001
2017-10-19 01:00:00+00:00;8,74E-06;0;0;0;0;0;0,073;0,073;0,30866408;0,15000048;0,0001;0;0,0001
2017-10-19 02:00:00+00:00;1,41E-05;0;0;0;0;0;0,073;0,073;0,27745371;0,15135489;0,0001;0;0,0001
2017-10-19 03:00:00+00:00;1,94E-05;0;0;0;0;0;0,065;0,065;0,25581508;0,17945882;0,0001;0;0,0001
2017-10-19 04:00:00+00:00;2,78E-05;0;0;0;0;0;0,055;0,055;0,27154714;0,18149043;0,0001;0;0,0001
2017-10-19 05:00:00+00:00;6,47E-05;0;4,09E-06;0;0;0;0,056;0,056;0,28351534;0,1753956;0,0001;0;0,0001
2017-10-19 06:00:00+00:00;0,00027805;0;3,04E-05;0;0;0;0,055;0,055;0,29441219;0,17912022;0,0001;0;0,0001
2017-10-19 07:00:00+00:00;0,00035218;0;7,09E-05;0;0;0,049251584;0,048;0,048;0,30210906;0,17912022;0,0001;0,049251584;0,0001
2017-10-19 08:00:00+00:00;0,00028417;0;0,00011979;0;0;0,276255782;0,079;0,079;0,36543199;0,17912022;0,0001;0,276255782;0,0001
2017-10-19 09:00:00+00:00;7,46E-05;0;0,00017258;0;0;0,497858978;0,083;0,083;0,38473055;0,18047462;0,0001;0,497858978;0,0001
2017-10-19 10:00:00+00:00;4,23E-05;0;0,00022967;0;0;0,680692869;0,104;0,104;0,4239902;0,16286734;0,0001;0,680692869;0,0001
2017-10-19 11:00:00+00:00;4,23E-05;0;0,00028659;0;0;0,81585951;0,179;0,179;0,43674783;0,15609531;0,0001;0,81585951;0,0001
2017-10-19 12:00:00+00:00;4,30E-05;0;0,00034519;0;0;0,866660719;0,316;0,316;0,41860522;0,16185154;0,0001;0,866660719;0,0001
2017-10-19 13:00:00+00:00;4,17E-05;0;0,00037542;0;0;0,871883917;0,475;0,475;0,45821729;0,15846552;0,0001;0,871883917;0,0001
2017-10-19 14:00:00+00:00;4,23E-05;0;0,00037585;0;0;0,832075483;0,571;0,571;0,47437226;0,16083573;0,0001;0,832075483;0,0001
2017-10-19 15:00:00+00:00;4,67E-05;0;0,0003689;0;0;0,73328913;0,588;0,588;0,50093067;0,15981993;0,0001;0,73328913;0,0001
2017-10-19 16:00:00+00:00;5,56E-05;0;0,00034023;0;0;0,596707397;0,556;0,556;0,47826298;0,37720212;0,0001;0,596707397;0,0001
2017-10-19 17:00:00+00:00;8,54E-05;0;0,00028609;0;0;0,387515684;0,506;0,506;0,48720037;0,61997942;0,0001;0,387515684;0,0001
2017-10-19 18:00:00+00:00;0,00033469;0;0,00023274;0;0;0,160219596;0,442;0,442;0,72314467;0,64605174;0,0001;0,160219596;0,0001
2017-10-19 19:00:00+00:00;0,00034995;0;0,00017926;0;0;9,20E-05;0,331;0,331;0,80017198;0,86241813;0,0001;9,20E-05;0,0001
2017-10-19 20:00:00+00:00;9,50E-05;0;0,00012677;0;0;0;0,244;0,244;0,72831246;0,82889658;0,0001;0;0,0001
2017-10-19 21:00:00+00:00;4,80E-05;0;7,93E-05;0;0;0;0,207;0,207;0,63228489;0,82347895;0,0001;0;0,0001
2017-10-19 22:00:00+00:00;2,89E-05;0;3,69E-05;0;0;0;0,169;0,169;0,5425304;0,27460585;0,0001;0;0,0001
2017-10-19 23:00:00+00:00;5,31E-06;0;6,47E-06;0;0;0;0,155;0,155;0,45271953;0,14796887;0,0001;0;0,0001
2017-10-20 00:00:00+00:00;3,00E-07;0;0;0;0;0;0,171;0,171;0,33317846;0,14695307;0,0001;0;0,0001
2017-10-20 01:00:00+00:00;8,88E-06;0;0;0;0;0;0,12;0,12;0,26740267;0,14864608;0,0001;0;0,0001
2017-10-20 02:00:00+00:00;1,41E-05;0;0;0;0;0;0,074;0,074;0,27714358;0,15135489;0,0001;0;0,0001
2017-10-20 03:00:00+00:00;1,94E-05;0;0;0;0;0;0,091;0,091;0,26944671;0,17912022;0,0001;0;0,0001
2017-10-20 04:00:00+00:00;2,76E-05;0;0;0;0;0;0,116;0,116;0,27373215;0,18013602;0,0001;0;0,0001
2017-10-20 05:00:00+00:00;6,38E-05;0;4,31E-06;0;0;0;0,109;0,109;0,27278766;0,17675;0,0001;0;0,0001
2017-10-20 06:00:00+00:00;0,00027291;0;2,99E-05;0;0;0;0,089;0,089;0,36710951;0,17810441;0,0001;0;0,0001
2017-10-20 07:00:00+00:00;0,00035393;0;7,06E-05;0;0;0,055855988;0,051;0,051;0,41929596;0,17844301;0,0001;0,055855988;0,0001
2017-10-20 08:00:00+00:00;0,00028814;0;0,00011911;0;0;0,298773465;0,299;0,299;0,49320561;0,18115182;0,0001;0,298773465;0,0001
2017-10-20 09:00:00+00:00;7,61E-05;0;0,00017119;0;0;0,537455584;0,352;0,352;0,48473342;0,1533865;0,0001;0,537455584;0,0001
2017-10-20 10:00:00+00:00;4,23E-05;0;0,00022795;0;0;0,704740063;0,234;0,234;0,46302431;0,15203209;0,0001;0,704740063;0,0001
2017-10-20 11:00:00+00:00;4,23E-05;0;0,00028601;0;0;0,826707713;0,112;0,112;0,48098367;0,15067769;0,0001;0,826707713;0,0001
2017-10-20 12:00:00+00:00;4,30E-05;0;0,00034518;0;0;0,881120013;0,043;0,043;0,44234427;0,15846552;0,0001;0,881120013;0,0001
2017-10-20 13:00:00+00:00;4,19E-05;0;0,00037474;0;0;0,882859378;0,017;0,017;0,46378554;0,16286734;0,0001;0,882859378;0,0001
2017-10-20 14:00:00+00:00;4,24E-05;0;0,00037352;0;0;0,834972331;0,01;0,01;0,49249784;0,15744972;0,0001;0,834972331;0,0001
2017-10-20 15:00:00+00:00;4,68E-05;0;0,00036871;0;0;0,745064538;0,01;0,01;0,5176874;0,15575671;0,0001;0,745064538;0,0001
2017-10-20 16:00:00+00:00;5,56E-05;0;0,00034161;0;0;0,598474339;0,017;0,017;0,49119168;0,36839848;0,0001;0,598474339;0,0001
2017-10-20 17:00:00+00:00;8,68E-05;0;0,00028706;0;0;0,401141237;0,036;0,036;0,4599609;0,70733862;0,0001;0,401141237;0,0001
2017-10-20 18:00:00+00:00;0,00033299;0;0,0002336;0;0;0,163284468;0,121;0,121;0,76019215;0,86444974;0,0001;0,163284468;0,0001
2017-10-20 19:00:00+00:00;0,00035243;0;0,00018216;0;0;9,09E-05;0,277;0,277;0,78911883;0,86140232;0,0001;9,09E-05;0,0001
2017-10-20 20:00:00+00:00;9,50E-05;0;0,00012884;0;0;0;0,324;0,324;0,70394243;0,85395309;0,0001;0;0,0001
2017-10-20 21:00:00+00:00;4,80E-05;0;7,93E-05;0;0;0;0,33;0,33;0,59285167;0,82923518;0,0001;0;0,0001
2017-10-20 22:00:00+00:00;2,90E-05;0;3,76E-05;0;0;0;0,359;0,359;0,48377191;0,26986543;0,0001;0;0,0001
2017-10-20 23:00:00+00:00;5,24E-06;0;6,25E-06;0;0;0;0,418;0,418;0,39293682;0,14763027;0,0001;0;0,0001
2017-10-21 00:00:00+00:00;1,79E-06;0;0;0;0;0;0,464;0,464;0,25764767;0,14763027;0,0001;0;0,0001
2017-10-21 01:00:00+00:00;1,17E-05;0;0;0;0;0;0,433;0,433;0,2561957;0,14966188;0,0001;0;0,0001
2017-10-21 02:00:00+00:00;1,79E-05;0;0;0;0;0;0,301;0,301;0,26375159;0,15067769;0,0001;0;0,0001
2017-10-21 03:00:00+00:00;2,34E-05;0;0;0;0;0;0,196;0,196;0,27463434;0,17708861;0,0001;0;0,0001
2017-10-21 04:00:00+00:00;3,28E-05;0;0;0;0;0;0,176;0,176;0,2987963;0,1757342;0,0001;0;0,0001
2017-10-21 05:00:00+00:00;6,92E-05;0;4,32E-06;0;0;0;0,179;0,179;0,30793104;0,17234818;0,0001;0;0,0001
2017-10-21 06:00:00+00:00;0,00028536;0;3,01E-05;0;0;0;0,127;0,127;0,3418762;0,17708861;0,0001;0;0,0001
2017-10-21 07:00:00+00:00;0,00037183;0;7,04E-05;0;0;0,058610712;0,224;0,224;0,41415062;0,1764114;0,0001;0,058610712;0,0001
2017-10-21 08:00:00+00:00;0,0003121;0;0,00011844;0;0;0,315786986;0,224;0,224;0,44623499;0,1760728;0,0001;0,315786986;0,0001
2017-10-21 09:00:00+00:00;0,00010988;0;0,00017282;0;0;0,553986386;0,093;0,093;0,47091853;0,1753956;0,0001;0,553986386;0,0001
2017-10-21 10:00:00+00:00;7,62E-05;0;0,00022812;0;0;0,726614991;0,028;0,028;0,50706279;0,17912022;0,0001;0,726614991;0,0001
2017-10-21 11:00:00+00:00;7,68E-05;0;0,00028525;0;0;0,838720325;0,013;0,013;0,48938537;0,16049713;0,0001;0,838720325;0,0001
2017-10-21 12:00:00+00:00;7,61E-05;0;0,00034288;0;0;0,891458661;0,016;0,016;0,35398537;0,15981993;0,0001;0,891458661;0,0001
2017-10-21 13:00:00+00:00;7,52E-05;0;0,00037498;0;0;0,889390399;0,028;0,028;0,43013642;0,15474091;0,0001;0,889390399;0,0001
2017-10-21 14:00:00+00:00;7,40E-05;0;0,00037464;0;0;0,844581841;0,043;0,043;0,50111393;0,15711111;0,0001;0,844581841;0,0001
2017-10-21 15:00:00+00:00;7,38E-05;0;0,00036934;0;0;0,764506805;0,069;0,069;0,52937807;0,15744972;0,0001;0,764506805;0,0001
2017-10-21 16:00:00+00:00;7,81E-05;0;0,00034104;0;0;0,615196198;0,133;0,133;0,54191014;0,36941428;0,0001;0,615196198;0,0001
2017-10-21 17:00:00+00:00;0,00010397;0;0,00028803;0;0;0,41609159;0,216;0,216;0,48628407;0,701921;0,0001;0,41609159;0,0001
2017-10-21 18:00:00+00:00;0,00034668;0;0,00023439;0;0;0,172501452;0,317;0,317;0,70629322;0,87359198;0,0001;0,172501452;0,0001
2017-10-21 19:00:00+00:00;0,00036;0;0,00018103;0;0;0,000119597;0,413;0,413;0,74287448;0,8566619;0,0001;0,000119597;0,0001
2017-10-21 20:00:00+00:00;9,94E-05;0;0,00012663;0;0;0;0,47;0,47;0,71356718;0,85970932;0,0001;0;0,0001
2017-10-21 21:00:00+00:00;5,25E-05;0;7,83E-05;0;0;0;0,519;0,519;0,60822161;0,83126679;0,0001;0;0,0001
2017-10-21 22:00:00+00:00;3,27E-05;0;3,63E-05;0;0;0;0,518;0,518;0,51349095;0,26749522;0,0001;0;0,0001
2017-10-21 23:00:00+00:00;7,78E-06;0;6,18E-06;0;0;0;0,367;0,367;0,38619662;0,1533865;0,0001;0;0,0001
2017-10-22 00:00:00+00:00;1,63E-06;0;0;0;0;0;0,304;0,304;0,27432421;0,15000048;0,0001;0;0,0001
2017-10-22 01:00:00+00:00;1,16E-05;0;0;0;0;0;0,27;0,27;0,22477387;0,15000048;0,0001;0;0,0001
2017-10-22 02:00:00+00:00;1,77E-05;0;0;0;0;0;0,337;0,337;0,18207459;0,15067769;0,0001;0;0,0001
2017-10-22 03:00:00+00:00;2,40E-05;0;0;0;0;0;0,392;0,392;0,18149662;0,18149043;0,0001;0;0,0001
2017-10-22 04:00:00+00:00;3,30E-05;0;0;0;0;0;0,239;0,239;0,19118114;0,17979742;0,0001;0;0,0001
2017-10-22 05:00:00+00:00;7,01E-05;0;4,27E-06;0;0;0;0,168;0,168;0,2046577;0,17810441;0,0001;0;0,0001
2017-10-22 06:00:00+00:00;0,00028534;0;3,02E-05;0;0;0;0,146;0,146;0,28336028;0,18318343;0,0001;0;0,0001
2017-10-22 07:00:00+00:00;0,00037162;0;7,08E-05;0;0;0,059328655;0,323;0,323;0,31596623;0,18216763;0,0001;0,059328655;0,0001
2017-10-22 08:00:00+00:00;0,00031116;0;0,00011984;0;0;0,315526393;0,505;0,505;0,43143333;0,18182903;0,0001;0,315526393;0,0001
2017-10-22 09:00:00+00:00;0,00010497;0;0,00017266;0;0;0,552456402;0,449;0,449;0,4630948;0,1757342;0,0001;0,552456402;0,0001
2017-10-22 10:00:00+00:00;7,59E-05;0;0,00022894;0;0;0,724046709;0,331;0,331;0,48459245;0,16117433;0,0001;0,724046709;0,0001
2017-10-22 11:00:00+00:00;7,77E-05;0;0,00028578;0;0;0,837715119;0,29;0,29;0,41732241;0,1530479;0,0001;0,837715119;0,0001
2017-10-22 12:00:00+00:00;7,86E-05;0;0,00034555;0;0;0,890709922;0,297;0,297;0,46761988;0,1530479;0,0001;0,890709922;0,0001
2017-10-22 13:00:00+00:00;7,52E-05;0;0,00037559;0;0;0,891008458;0,3;0,3;0,512335;0,15812692;0,0001;0,891008458;0,0001
2017-10-22 14:00:00+00:00;7,39E-05;0;0,00037527;0;0;0,84696968;0,314;0,314;0,54926869;0,15846552;0,0001;0,84696968;0,0001
2017-10-22 15:00:00+00:00;7,74E-05;0;0,00036785;0;0;0,76062425;0,352;0,352;0,55492151;0,15914273;0,0001;0,76062425;0,0001
2017-10-22 16:00:00+00:00;8,10E-05;0;0,0003404;0;0;0,611114365;0,396;0,396;0,5354397;0,3721231;0,0001;0,611114365;0,0001
2017-10-22 17:00:00+00:00;0,00010208;0;0,00028631;0;0;0,412401692;0,384;0,384;0,50489188;0,71038603;0,0001;0,412401692;0,0001
2017-10-22 18:00:00+00:00;0,00034582;0;0,00023237;0;0;0,170008435;0,372;0,372;0,74004102;0,87189897;0,0001;0,170008435;0,0001
2017-10-22 19:00:00+00:00;0,00036112;0;0,00017899;0;0;0,000165432;0,412;0,412;0,73942076;0,87562359;0,0001;0,000165432;0,0001
2017-10-22 20:00:00+00:00;9,99E-05;0;0,00012718;0;0;0;0,442;0,442;0,68882725;0,82618776;0,0001;0;0,0001
2017-10-22 21:00:00+00:00;5,27E-05;0;7,78E-05;0;0;0;0,478;0,478;0,59687366;0,82483336;0,0001;0;0,0001
2017-10-22 22:00:00+00:00;3,31E-05;0;3,56E-05;0;0;0;0,453;0,453;0,51471737;0,27155844;0,0001;0;0,0001
2017-10-22 23:00:00+00:00;7,56E-06;0;6,09E-06;0;0;0;0,461;0,461;0,41952151;0,15033909;0,0001;0;0,0001
2017-10-23 00:00:00+00:00;1,63E-06;0;0;0;0;0;0,435;0,435;0,31283674;0,14288985;0,0001;0;0,0001
2017-10-23 01:00:00+00:00;1,18E-05;0;0;0;0;0;0,399;0,399;0,2681639;0,14864608;0,0001;0;0,0001
2017-10-23 02:00:00+00:00;1,78E-05;0;0;0;0;0;0,361;0,361;0,21834572;0,14763027;0,0001;0;0,0001
2017-10-23 03:00:00+00:00;2,41E-05;0;0;0;0;0;0,294;0,294;0,20594051;0,15237069;0,0001;0;0,0001
2017-10-23 04:00:00+00:00;3,28E-05;0;0;0;0;0;0,256;0,256;0,22106641;0,17370259;0,0001;0;0,0001
2017-10-23 05:00:00+00:00;7,15E-05;0;4,33E-06;0;0;0;0,257;0,257;0,18837587;0,17302539;0,0001;0;0,0001
2017-10-23 06:00:00+00:00;0,0002905;0;3,07E-05;0;0;0;0,234;0,234;0,22498533;0,18318343;0,0001;0;0,0001
2017-10-23 07:00:00+00:00;0,00037403;0;7,11E-05;0;0;0,059721978;0,419;0,419;0,27381673;0,17878161;0,0001;0,059721978;0,0001
2017-10-23 08:00:00+00:00;0,00030903;0;0,00011949;0;0;0,313288731;0,621;0,621;0,34682418;0,17878161;0,0001;0,313288731;0,0001
2017-10-23 09:00:00+00:00;0,00010814;0;0,00017164;0;0;0,546667086;0,66;0,66;0,38264422;0,17776581;0,0001;0,546667086;0,0001
2017-10-23 10:00:00+00:00;7,48E-05;0;0,00022783;0;0;0,715952609;0,622;0,622;0,37704778;0,1540637;0,0001;0,715952609;0,0001
2017-10-23 11:00:00+00:00;7,64E-05;0;0,0002849;0;0;0,824336762;0,576;0,576;0,3871693;0,15914273;0,0001;0,824336762;0,0001
2017-10-23 12:00:00+00:00;7,52E-05;0;0,00034553;0;0;0,878427613;0,562;0,562;0,34737396;0,15575671;0,0001;0,878427613;0,0001
2017-10-23 13:00:00+00:00;7,53E-05;0;0,00037775;0;0;0,87773669;0,562;0,562;0,34700744;0,15169349;0,0001;0,87773669;0,0001
2017-10-23 14:00:00+00:00;7,37E-05;0;0,00037525;0;0;0,835800674;0,553;0,553;0,40473394;0,15812692;0,0001;0,835800674;0,0001
2017-10-23 15:00:00+00:00;7,68E-05;0;0,00036933;0;0;0,737176351;0,538;0,538;0,421777;0,1537251;0,0001;0,737176351;0,0001
2017-10-23 16:00:00+00:00;7,84E-05;0;0,00034112;0;0;0,577186896;0,527;0,527;0,34269381;0,37110729;0,0001;0,577186896;0,0001
2017-10-23 17:00:00+00:00;0,00010324;0;0,00028548;0;0;0,382331382;0,489;0,489;0,38707062;0,701921;0,0001;0,382331382;0,0001
2017-10-23 18:00:00+00:00;0,00034768;0;0,00023348;0;0;0,158734647;0,523;0,523;0,62288231;0,87156037;0,0001;0,158734647;0,0001
2017-10-23 19:00:00+00:00;0,00036166;0;0,00017876;0;0;0,000201679;0,594;0,594;0,66225474;0,85496889;0,0001;0,000201679;0,0001
2017-10-23 20:00:00+00:00;0,00010089;0;0,00012578;0;0;0;0,64;0,64;0,62687171;0,8570005;0,0001;0;0,0001
2017-10-23 21:00:00+00:00;5,19E-05;0;7,68E-05;0;0;0;0,641;0,641;0,53135162;0,81636832;0,0001;0;0,0001
2017-10-23 22:00:00+00:00;3,23E-05;0;3,67E-05;0;0;0;0,553;0,553;0,50530069;0,27088123;0,0001;0;0,0001
2017-10-23 23:00:00+00:00;7,81E-06;0;6,39E-06;0;0;0;0,472;0,472;0,3493898;0,14661447;0,0001;0;0,0001
2017-10-24 00:00:00+00:00;1,58E-06;0;0;0;0;0;0,421;0,421;0,24405833;0,14661447;0,0001;0;0,0001
2017-10-24 01:00:00+00:00;1,24E-05;0;0;0;0;0;0,305;0,305;0,28227482;0,14661447;0,0001;0;0,0001
2017-10-24 02:00:00+00:00;1,80E-05;0;0;0;0;0;0,204;0,204;0,28767391;0,14898468;0,0001;0;0,0001
2017-10-24 03:00:00+00:00;2,35E-05;0;0;0;0;0;0,122;0,122;0,28469947;0,18589225;0,0001;0;0,0001
2017-10-24 04:00:00+00:00;3,34E-05;0;0;0;0;0;0,047;0,047;0,2797092;0,18149043;0,0001;0;0,0001
2017-10-24 05:00:00+00:00;7,11E-05;0;4,17E-06;0;0;0;0,018;0,018;0,22750866;0,18182903;0,0001;0;0,0001
2017-10-24 06:00:00+00:00;0,00028851;0;3,04E-05;0;0;0;0,051;0,051;0,18665606;0,17979742;0,0001;0;0,0001
2017-10-24 07:00:00+00:00;0,00037348;0;7,16E-05;0;0;0,060482849;0,031;0,031;0,16755486;0,18216763;0,0001;0,060482849;0,0001
2017-10-24 08:00:00+00:00;0,00030941;0;0,00012029;0;0;0,314318255;0,034;0,034;0,16962709;0,15474091;0,0001;0,314318255;0,0001
2017-10-24 09:00:00+00:00;0,00010476;0;0,00017341;0;0;0,547230731;0,054;0,054;0,16119719;0,15541811;0,0001;0,547230731;0,0001
2017-10-24 10:00:00+00:00;7,70E-05;0;0,00022835;0;0;0,71700612;0,073;0,073;0,20096434;0,15609531;0,0001;0,71700612;0,0001
2017-10-24 11:00:00+00:00;7,55E-05;0;0,00028555;0;0;0,819128985;0,458;0,458;0,21695013;0,1537251;0,0001;0,819128985;0,0001
2017-10-24 12:00:00+00:00;7,50E-05;0;0,00034433;0;0;0,87393761;0,853;0,853;0,22380119;0,15507951;0,0001;0,87393761;0,0001
2017-10-24 13:00:00+00:00;7,42E-05;0;0,00037447;0;0;0,874630225;0,96;0,96;0,23142757;0,15812692;0,0001;0,874630225;0,0001
2017-10-24 14:00:00+00:00;7,55E-05;0;0,00037445;0;0;0,817422135;0,976;0,976;0,23712269;0,15541811;0,0001;0,817422135;0,0001
2017-10-24 15:00:00+00:00;7,79E-05;0;0,00036944;0;0;0,740620272;0,97;0,97;0,2819224;0,16015853;0,0001;0,740620272;0,0001
2017-10-24 16:00:00+00:00;8,07E-05;0;0,00034309;0;0;0,590146368;0,973;0,973;0,3099046;0,37787932;0,0001;0,590146368;0,0001
2017-10-24 17:00:00+00:00;0,00010306;0;0,00028846;0;0;0,389421738;0,973;0,973;0,38339135;0,70903163;0,0001;0,389421738;0,0001
2017-10-24 18:00:00+00:00;0,00034675;0;0,0002337;0;0;0,158682462;0,925;0,925;0,65877282;0,85259868;0,0001;0,158682462;0,0001
2017-10-24 19:00:00+00:00;0,00036251;0;0,00018029;0;0;0,000302871;0,771;0,771;0,58951512;0,8116279;0,0001;0,000302871;0,0001
2017-10-24 20:00:00+00:00;0,00010061;0;0,0001275;0;0;0;0,614;0,614;0,53474896;0,83126679;0,0001;0;0,0001
2017-10-24 21:00:00+00:00;5,29E-05;0;7,71E-05;0;0;0;0,479;0,479;0,43671964;0,82212454;0,0001;0;0,0001
2017-10-24 22:00:00+00:00;3,30E-05;0;3,60E-05;0;0;0;0,483;0,483;0,31514862;0,2864569;0,0001;0;0,0001
2017-10-24 23:00:00+00:00;7,63E-06;0;6,00E-06;0;0;0;0,555;0,555;0,29797869;0,14966188;0,0001;0;0,0001
2017-10-25 00:00:00+00:00;1,70E-06;0;0;0;0;0;0,597;0,597;0,27048988;0,15135489;0,0001;0;0,0001
2017-10-25 01:00:00+00:00;1,15E-05;0;0;0;0;0;0,544;0,544;0,24823099;0,14661447;0,0001;0;0,0001
2017-10-25 02:00:00+00:00;1,75E-05;0;0;0;0;0;0,348;0,348;0,24834376;0,14932328;0,0001;0;0,0001
2017-10-25 03:00:00+00:00;2,37E-05;0;0;0;0;0;0,175;0,175;0,25136049;0,18182903;0,0001;0;0,0001
2017-10-25 04:00:00+00:00;3,25E-05;0;0;0;0;0;0,069;0,069;0,28351534;0,18149043;0,0001;0;0,0001
2017-10-25 05:00:00+00:00;6,98E-05;0;4,17E-06;0;0;0;0,163;0,163;0,30570375;0,18352204;0,0001;0;0,0001
2017-10-25 06:00:00+00:00;0,00028882;0;3,09E-05;0;0;0;0,281;0,281;0,4151233;0,18386064;0,0001;0;0,0001
2017-10-25 07:00:00+00:00;0,00037629;0;7,13E-05;0;0;0,061701955;0,182;0,182;0,41550392;0,18250623;0,0001;0,061701955;0,0001
2017-10-25 08:00:00+00:00;0,00030917;0;0,00012052;0;0;0,312743284;0,131;0,131;0,42679547;0,18352204;0,0001;0,312743284;0,0001
2017-10-25 09:00:00+00:00;0,00010323;0;0,00017438;0;0;0,549510229;0,216;0,216;0,39394987;0,15677251;0,0001;0,549510229;0,0001
2017-10-25 10:00:00+00:00;7,27E-05;0;0,00022883;0;0;0,73059391;0,333;0,333;0,36024436;0,15711111;0,0001;0,73059391;0,0001
2017-10-25 11:00:00+00:00;7,65E-05;0;0,00028636;0;0;0,847523172;0,45;0,45;0,40084322;0,14864608;0,0001;0,847523172;0,0001
2017-10-25 12:00:00+00:00;7,84E-05;0;0,00034548;0;0;0,896129263;0,495;0,495;0,36571393;0,15237069;0,0001;0,896129263;0,0001
2017-10-25 13:00:00+00:00;7,62E-05;0;0,00037626;0;0;0,876147406;0,366;0,366;0,43528176;0,14864608;0,0001;0,876147406;0,0001
2017-10-25 14:00:00+00:00;7,77E-05;0;0,00037435;0;0;0,837532112;0,222;0,222;0,47117228;0,14932328;0,0001;0,837532112;0,0001
2017-10-25 15:00:00+00:00;7,73E-05;0;0,00036932;0;0;0,726198091;0,17;0,17;0,43664915;0,15169349;0,0001;0,726198091;0,0001
2017-10-25 16:00:00+00:00;8,07E-05;0;0,00033936;0;0;0,575967598;0,169;0,169;0,4342245;0,37144589;0,0001;0,575967598;0,0001
2017-10-25 17:00:00+00:00;0,00010515;0;0,00028547;0;0;0,380434763;0,176;0,176;0,44819445;0,71140184;0,0001;0,380434763;0,0001
2017-10-25 18:00:00+00:00;0,00034792;0;0,00023099;0;0;0,156413039;0,244;0,244;0,73705249;0,82618776;0,0001;0,156413039;0,0001
2017-10-25 19:00:00+00:00;0,00036234;0;0,0001791;0;0;0,000380872;0,371;0,371;0,75502594;0,85869351;0,0001;0,000380872;0,0001
2017-10-25 20:00:00+00:00;0,00010024;0;0,00012814;0;0;0;0,344;0,344;0,65544597;0,83058958;0,0001;0;0,0001
2017-10-25 21:00:00+00:00;5,23E-05;0;7,88E-05;0;0;0;0,283;0,283;0,53390315;0,83533;0,0001;0;0,0001
2017-10-25 22:00:00+00:00;3,23E-05;0;3,68E-05;0;0;0;0,215;0,215;0,44892749;0,26851102;0,0001;0;0,0001
2017-10-25 23:00:00+00:00;7,77E-06;0;6,25E-06;0;0;0;0,166;0,166;0,3325582;0,14458286;0,0001;0;0,0001
2017-10-26 00:00:00+00:00;1,60E-07;0;0;0;0;0;0,133;0,133;0,25066974;0,13611782;0,0001;0;0,0001
2017-10-26 01:00:00+00:00;8,77E-06;0;0;0;0;0;0,114;0,114;0,22584523;0,13544062;0,0001;0;0,0001
2017-10-26 02:00:00+00:00;1,40E-05;0;0;0;0;0;0,113;0,113;0,20031588;0,13984244;0,0001;0;0,0001
2017-10-26 03:00:00+00:00;1,93E-05;0;0;0;0;0;0,132;0,132;0,19814497;0,17437979;0,0001;0;0,0001
2017-10-26 04:00:00+00:00;2,77E-05;0;0;0;0;0;0,172;0,172;0,20321983;0,17370259;0,0001;0;0,0001
2017-10-26 05:00:00+00:00;6,34E-05;0;4,08E-06;0;0;0;0,206;0,206;0,19593177;0,1757342;0,0001;0;0,0001
2017-10-26 06:00:00+00:00;0,00027695;0;2,97E-05;0;0;0;0,142;0,142;0,25382743;0,17336399;0,0001;0;0,0001
2017-10-26 07:00:00+00:00;0,00035835;0;7,06E-05;0;0;0,059751233;0,041;0,041;0,22817121;0,17844301;0,0001;0,059751233;0,0001
2017-10-26 08:00:00+00:00;0,00028983;0;0,00011868;0;0;0,306955882;0,069;0,069;0,3396348;0,17336399;0,0001;0,306955882;0,0001
2017-10-26 09:00:00+00:00;7,74E-05;0;0,00017179;0;0;0,537923271;0,048;0,048;0,3707324;0,15169349;0,0001;0,537923271;0,0001
2017-10-26 10:00:00+00:00;4,23E-05;0;0,00022805;0;0;0,71061615;0,026;0,026;0,39974366;0,15135489;0,0001;0,71061615;0,0001
2017-10-26 11:00:00+00:00;4,23E-05;0;0,0002854;0;0;0,82412746;0,013;0,013;0,39854544;0,15033909;0,0001;0,82412746;0,0001
2017-10-26 12:00:00+00:00;4,31E-05;0;0,00034398;0;0;0,856220735;0,006;0,006;0,38091031;0,15169349;0,0001;0,856220735;0,0001
2017-10-26 13:00:00+00:00;4,19E-05;0;0,00037589;0;0;0,828680075;0,003;0,003;0,45011162;0,14492146;0,0001;0,828680075;0,0001
2017-10-26 14:00:00+00:00;4,24E-05;0;0,00037444;0;0;0,746180728;0,001;0,001;0,50070512;0,14695307;0,0001;0,746180728;0,0001
2017-10-26 15:00:00+00:00;4,68E-05;0;0,00036965;0;0;0,621830371;0;0;0,55582371;0,1757342;0,0001;0,621830371;0,0001
2017-10-26 16:00:00+00:00;5,56E-05;0;0,00034406;0;0;0,46531347;0;0;0,56154702;0,36128784;0,0001;0,46531347;0,0001
2017-10-26 17:00:00+00:00;8,58E-05;0;0,00028817;0;0;0,272289844;0;0;0,49912628;0,69040854;0,0001;0,272289844;0,0001
2017-10-26 18:00:00+00:00;0,00033771;0;0,000233;0;0;0,117810898;0,001;0,001;0,75749289;0,85124428;0,0001;0,117810898;0,0001
2017-10-26 19:00:00+00:00;0,00035655;0;0,00018124;0;0;0,000655162;0,007;0,007;0,75038809;0,86174092;0,0001;0,000655162;0,0001
2017-10-26 20:00:00+00:00;9,53E-05;0;0,00012668;0;0;0;0,027;0,027;0,65481161;0,86614274;0,0001;0;0,0001
2017-10-26 21:00:00+00:00;4,81E-05;0;7,87E-05;0;0;0;0,054;0,054;0,5452088;0,82686496;0,0001;0;0,0001
2017-10-26 22:00:00+00:00;2,90E-05;0;3,68E-05;0;0;0;0,06;0,06;0,46253092;0,27291284;0,0001;0;0,0001
2017-10-26 23:00:00+00:00;5,31E-06;0;6,08E-06;0;0;0;0,047;0,047;0,35101094;0,14187405;0,0001;0;0,0001
2017-10-27 00:00:00+00:00;1,40E-07;0;0;0;0;0;0,032;0,032;0,28564396;0,14492146;0,0001;0;0,0001
2017-10-27 01:00:00+00:00;8,76E-06;0;0;0;0;0;0,023;0,023;0,23943457;0,14390565;0,0001;0;0,0001
2017-10-27 02:00:00+00:00;1,40E-05;0;0;0;0;0;0,016;0,016;0,22903112;0,15981993;0,0001;0;0,0001
2017-10-27 03:00:00+00:00;1,94E-05;0;0;0;0;0;0,01;0,01;0,20598281;0,17200958;0,0001;0;0,0001
2017-10-27 04:00:00+00:00;2,78E-05;0;0;0;0;0;0,006;0,006;0,20116169;0,17336399;0,0001;0;0,0001
2017-10-27 05:00:00+00:00;6,35E-05;0;4,29E-06;0;0;0;0,006;0,006;0,18495034;0,17234818;0,0001;0;0,0001
2017-10-27 06:00:00+00:00;0,00027851;0;3,01E-05;0;0;0;0,006;0,006;0,27524051;0,17437979;0,0001;0;0,0001
2017-10-27 07:00:00+00:00;0,00036079;0;7,07E-05;0;0;0,061549135;0,005;0,005;0,26902381;0,17065518;0,0001;0,061549135;0,0001
2017-10-27 08:00:00+00:00;0,0002907;0;0,00012059;0;0;0,304695888;0,001;0,001;0,34576692;0,17336399;0,0001;0,304695888;0,0001
2017-10-27 09:00:00+00:00;7,54E-05;0;0,00017375;0;0;0,543153845;0;0;0,35748138;0,10395067;0,0001;0,543153845;0,0001
2017-10-27 10:00:00+00:00;4,25E-05;0;0,00022923;0;0;0,705806829;0;0;0,39324503;0,15000048;0,0001;0,705806829;0,0001
2017-10-27 11:00:00+00:00;4,22E-05;0;0,0002875;0;0;0,815251299;0;0;0,41575766;0,14593726;0,0001;0,815251299;0,0001
2017-10-27 12:00:00+00:00;4,31E-05;0;0,00034513;0;0;0,855168883;0;0;0,37088747;0,15507951;0,0001;0,855168883;0,0001
2017-10-27 13:00:00+00:00;4,18E-05;0;0,00037508;0;0;0,836130673;0,001;0,001;0,42432853;0,1544023;0,0001;0,836130673;0,0001
2017-10-27 14:00:00+00:00;4,25E-05;0;0,00037421;0;0;0,775462448;0,001;0,001;0,49536243;0,15101629;0,0001;0,775462448;0,0001
2017-10-27 15:00:00+00:00;4,69E-05;0;0,00036936;0;0;0,694992229;0,003;0,003;0,47788236;0,15203209;0,0001;0,694992229;0,0001
2017-10-27 16:00:00+00:00;5,58E-05;0;0,00034093;0;0;0,54714949;0,006;0,006;0,43312494;0,38532855;0,0001;0,54714949;0,0001
2017-10-27 17:00:00+00:00;8,61E-05;0;0,00028736;0;0;0,366508542;0,016;0,016;0,41611008;0,7022596;0,0001;0,366508542;0,0001
2017-10-27 18:00:00+00:00;0,00033841;0;0,00023385;0;0;0,15560617;0,056;0,056;0,61830084;0,87189897;0,0001;0,15560617;0,0001
2017-10-27 19:00:00+00:00;0,00035649;0;0,00017636;0;0;0,000532636;0,128;0,128;0,67122032;0,86952876;0,0001;0,000532636;0,0001
2017-10-27 20:00:00+00:00;9,49E-05;0;0,00012555;0;0;0;0,228;0,228;0,59831154;0,86614274;0,0001;0;0,0001
2017-10-27 21:00:00+00:00;4,80E-05;0;7,91E-05;0;0;0;0,313;0,313;0,50912093;0,8332984;0,0001;0;0,0001
2017-10-27 22:00:00+00:00;2,92E-05;0;3,64E-05;0;0;0;0,32;0,32;0,44692574;0,27426725;0,0001;0;0,0001
2017-10-27 23:00:00+00:00;5,39E-06;0;6,42E-06;0;0;0;0,262;0,262;0,40605904;0,14051964;0,0001;0;0,0001
2017-10-28 00:00:00+00:00;1,81E-06;0;0;0;0;0;0,192;0,192;0,224647;0,14051964;0,0001;0;0,0001
2017-10-28 01:00:00+00:00;1,20E-05;0;0;0;0;0;0,145;0,145;0,16538395;0,14424426;0,0001;0;0,0001
2017-10-28 02:00:00+00:00;1,75E-05;0;0;0;0;0;0,113;0,113;0,14890476;0,14593726;0,0001;0;0,0001
2017-10-28 03:00:00+00:00;2,39E-05;0;0;0;0;0;0,074;0,074;0,15244306;0,17099378;0,0001;0;0,0001
2017-10-28 04:00:00+00:00;3,35E-05;0;0;0;0;0;0,039;0,039;0,15950557;0,17200958;0,0001;0;0,0001
2017-10-28 05:00:00+00:00;7,10E-05;0;4,14E-06;0;0;0;0,021;0,021;0,15605185;0,17133238;0,0001;0;0,0001
2017-10-28 06:00:00+00:00;0,00029038;0;3,04E-05;0;0;0;0,016;0,016;0,21680917;0,17302539;0,0001;0;0,0001
2017-10-28 07:00:00+00:00;0,00037497;0;7,11E-05;0;0;0,058618363;0,019;0,019;0,28151359;0,17404119;0,0001;0,058618363;0,0001
2017-10-28 08:00:00+00:00;0,00030932;0;0,00011991;0;0;0,291144076;0,078;0,078;0,35619857;0,17675;0,0001;0,291144076;0,0001
2017-10-28 09:00:00+00:00;0,00010637;0;0,00017323;0;0;0,508454973;0,129;0,129;0,40154806;0,16930077;0,0001;0,508454973;0,0001
2017-10-28 10:00:00+00:00;7,47E-05;0;0,00022852;0;0;0,699991714;0,139;0,139;0,40918854;0,14390565;0,0001;0,699991714;0,0001
2017-10-28 11:00:00+00:00;7,71E-05;0;0,00028628;0;0;0,817979142;0,121;0,121;0,39100363;0,14492146;0,0001;0,817979142;0,0001
2017-10-28 12:00:00+00:00;7,71E-05;0;0,00034512;0;0;0,86477317;0,091;0,091;0,38415258;0,14898468;0,0001;0,86477317;0,0001
2017-10-28 13:00:00+00:00;7,55E-05;0;0,00037444;0;0;0,84360027;0,063;0,063;0,458175;0,14661447;0,0001;0,84360027;0,0001
2017-10-28 14:00:00+00:00;7,52E-05;0;0,00037576;0;0;0,783311445;0,049;0,049;0,47583833;0,15643391;0,0001;0,783311445;0,0001
2017-10-28 15:00:00+00:00;7,77E-05;0;0,00036939;0;0;0,672175006;0,043;0,043;0,48400039;0,15135489;0,0001;0,672175006;0,0001
2017-10-28 16:00:00+00:00;8,07E-05;0;0,00034142;0;0;0,521448791;0,044;0,044;0,4692974;0,38194254;0,0001;0,521448791;0,0001
2017-10-28 17:00:00+00:00;0,00010496;0;0,00028711;0;0;0,328269895;0,038;0,038;0,41189513;0,7032754;0,0001;0,328269895;0,0001
2017-10-28 18:00:00+00:00;0,00035136;0;0,00023392;0;0;0,136889537;0,058;0,058;0,58263587;0,86512694;0,0001;0,136889537;0,0001
2017-10-28 19:00:00+00:00;0,00036316;0;0,00017878;0;0;0,000920979;0,094;0,094;0,60476789;0,86004792;0,0001;0,000920979;0,0001
2017-10-28 20:00:00+00:00;0,00010099;0;0,00012649;0;0;0;0,124;0,124;0,61879423;0,86444974;0,0001;0;0,0001
2017-10-28 21:00:00+00:00;5,25E-05;0;7,92E-05;0;0;0;0,125;0,125;0,59217942;0,83600721;0,0001;0;0,0001
2017-10-28 22:00:00+00:00;3,25E-05;0;3,67E-05;0;0;0;0,11;0,11;0,48655191;0,27460585;0,0001;0;0,0001
2017-10-28 23:00:00+00:00;7,43E-06;0;6,60E-06;0;0;0;0,09;0,09;0,3161354;0,14559866;0,0001;0;0,0001
2017-10-29 00:00:00+00:00;1,04E-06;0;0;0;0;0;0,07;0,07;0,25281246;0,14458286;0,0001;0;0,0001
2017-10-29 01:00:00+00:00;1,19E-05;0;0;0;0;0;0,064;0,064;0,1491726;0,14559866;0,0001;0;0,0001
2017-10-29 02:00:00+00:00;1,77E-05;0;0;0;0;0;0,075;0,075;0,1491585;0,17404119;0,0001;0;0,0001
2017-10-29 03:00:00+00:00;2,36E-05;0;0;0;0;0;0,09;0,09;0,14982106;0,17336399;0,0001;0;0,0001
2017-10-29 04:00:00+00:00;3,33E-05;0;0;0;0;0;0,122;0,122;0,14484488;0,17742721;0,0001;0;0,0001
2017-10-29 05:00:00+00:00;7,23E-05;0;3,97E-06;0;0;0;0,146;0,146;0,14601491;0,17336399;0,0001;0;0,0001
2017-10-29 06:00:00+00:00;0,00029156;0;2,98E-05;0;0;0;0,094;0,094;0,21786643;0,17336399;0,0001;0;0,0001
2017-10-29 07:00:00+00:00;0,00037766;0;6,96E-05;0;0;0,053594107;0,073;0,073;0,25386972;0,23634388;0,0001;0,053594107;0,0001
2017-10-29 08:00:00+00:00;0,00031398;0;0,0001173;0;0;0,278022108;0,07;0,07;0,28138672;0,23295786;0,0001;0,278022108;0,0001
2017-10-29 09:00:00+00:00;0,00010294;0;0,00016952;0;0;0,497523853;0,031;0,031;0,38020546;0,23634388;0,0001;0,497523853;0,0001
2017-10-29 10:00:00+00:00;7,55E-05;0;0,00022653;0;0;0,67906921;0,003;0,003;0,44998475;0,14932328;0,0001;0,67906921;0,0001
2017-10-29 11:00:00+00:00;7,79E-05;0;0,00028396;0;0;0,795051527;0;0;0,3760469;0,14966188;0,0001;0,795051527;0,0001
2017-10-29 12:00:00+00:00;7,66E-05;0;0,00034416;0;0;0,833066173;0;0;0,35897565;0,15203209;0,0001;0,833066173;0,0001
2017-10-29 13:00:00+00:00;7,27E-05;0;0,00037505;0;0;0,8201872;0;0;0,46062785;0,15000048;0,0001;0,8201872;0,0001
2017-10-29 14:00:00+00:00;7,46E-05;0;0,00037503;0;0;0,758294703;0;0;0,44155485;0,15237069;0,0001;0,758294703;0,0001
2017-10-29 15:00:00+00:00;7,93E-05;0;0,00036954;0;0;0,653364697;0;0;0,43363243;0,1533865;0,0001;0,653364697;0,0001
2017-10-29 16:00:00+00:00;8,11E-05;0;0,00034045;0;0;0,502238028;0;0;0,42850119;0,35519302;0,0001;0,502238028;0,0001
2017-10-29 17:00:00+00:00;0,0001029;0;0,00028723;0;0;0,308933134;0,005;0,005;0,41025989;0,70801582;0,0001;0,308933134;0,0001
2017-10-29 18:00:00+00:00;0,00035342;0;0,00023309;0;0;0,121479272;0,053;0,053;0,68115858;0,86444974;0,0001;0,121479272;0,0001
2017-10-29 19:00:00+00:00;0,00036252;0;0,00018148;0;0;0,000929518;0,142;0,142;0,64518348;0,86614274;0,0001;0,000929518;0,0001
2017-10-29 20:00:00+00:00;0,00010077;0;0,0001289;0;0;0;0,18;0,18;0,58002796;0,86614274;0,0001;0;0,0001
2017-10-29 21:00:00+00:00;5,28E-05;0;7,96E-05;0;0;0;0,186;0,186;0,50796499;0,82381755;0,0001;0;0,0001
2017-10-29 22:00:00+00:00;3,30E-05;0;3,74E-05;0;0;0;0,186;0,186;0,45252218;0,38397415;0,0001;0;0,0001
2017-10-29 23:00:00+00:00;7,89E-06;0;6,37E-06;0;0;0;0,164;0,164;0,33419343;0,15033909;0,0001;0;0,0001
2017-10-30 00:00:00+00:00;1,73E-06;0;0;0;0;0;0,121;0,121;0,22017831;0,15000048;0,0001;0;0,0001
2017-10-30 01:00:00+00:00;1,18E-05;0;0;0;0;0;0,07;0,07;0,17502618;0,14763027;0,0001;0;0,0001
2017-10-30 02:00:00+00:00;1,82E-05;0;0;0;0;0;0,033;0,033;0,14322374;0,1544023;0,0001;0;0,0001
2017-10-30 03:00:00+00:00;2,34E-05;0;0;0;0;0;0,014;0,014;0,14285722;0,17370259;0,0001;0;0,0001
2017-10-30 04:00:00+00:00;3,26E-05;0;0;0;0;0;0,008;0,008;0,15428975;0,1764114;0,0001;0;0,0001
2017-10-30 05:00:00+00:00;7,02E-05;0;3,95E-06;0;0;0;0,015;0,015;0,16140864;0,2410843;0,0001;0;0,0001
2017-10-30 06:00:00+00:00;0,00029121;0;2,97E-05;0;0;0;0,042;0,042;0,15865977;0,23194206;0,0001;0;0,0001
2017-10-30 07:00:00+00:00;0,00037855;0;7,05E-05;0;0;0,063188315;0,035;0,035;0,21499068;0,23769828;0,0001;0,063188315;0,0001
2017-10-30 08:00:00+00:00;0,00031581;0;0,00011972;0;0;0,310548162;0,054;0,054;0,24926006;0,23600527;0,0001;0,310548162;0,0001
2017-10-30 09:00:00+00:00;0,00010427;0;0,00017317;0;0;0,541255528;0,043;0,043;0,2610732;0,23431227;0,0001;0,541255528;0,0001
2017-10-30 10:00:00+00:00;7,59E-05;0;0,00022914;0;0;0,69649504;0,034;0,034;0,30566146;0,20451533;0,0001;0,69649504;0,0001
2017-10-30 11:00:00+00:00;7,37E-05;0;0,00028699;0;0;0,811838096;0,037;0,037;0,27294272;0,15101629;0,0001;0,811838096;0,0001
2017-10-30 12:00:00+00:00;7,75E-05;0;0,00034499;0;0;0,852968362;0,043;0,043;0,23207603;0,14898468;0,0001;0,852968362;0,0001
2017-10-30 13:00:00+00:00;7,60E-05;0;0,00037494;0;0;0,825591504;0,046;0,046;0,24528475;0,1537251;0,0001;0,825591504;0,0001
2017-10-30 14:00:00+00:00;7,37E-05;0;0,00037415;0;0;0,778359543;0,049;0,049;0,29239634;0,14796887;0,0001;0,778359543;0,0001
2017-10-30 15:00:00+00:00;7,81E-05;0;0,00036822;0;0;0,702164589;0,06;0,06;0,27536738;0,15237069;0,0001;0,702164589;0,0001
2017-10-30 16:00:00+00:00;8,09E-05;0;0,00033993;0;0;0,53909516;0,082;0,082;0,31863053;0,39108478;0,0001;0,53909516;0,0001
2017-10-30 17:00:00+00:00;0,00010373;0;0,00028595;0;0;0,369204266;0,118;0,118;0,33677315;0,7022596;0,0001;0,369204266;0,0001
2017-10-30 18:00:00+00:00;0,00035409;0;0,00023188;0;0;0,152688645;0,213;0,213;0,49271222;0,85259868;0,0001;0,152688645;0,0001
2017-10-30 19:00:00+00:00;0,00036617;0;0,00017945;0;0;0,001071639;0,31;0,31;0,52672786;0,86546554;0,0001;0,001071639;0,0001
2017-10-30 20:00:00+00:00;0,00010081;0;0,00012759;0;0;0;0,36;0,36;0,49436155;0,82246314;0,0001;0;0,0001
2017-10-30 21:00:00+00:00;5,24E-05;0;7,91E-05;0;0;0;0,456;0,456;0,43759364;0,8339756;0,0001;0;0,0001
2017-10-30 22:00:00+00:00;3,23E-05;0;3,74E-05;0;0;0;0,48;0,48;0,3485017;0,30507999;0,0001;0;0,0001
2017-10-30 23:00:00+00:00;8,00E-06;0;6,36E-06;0;0;0;0,415;0,415;0,30162976;0,14322845;0,0001;0;0,0001
2017-10-31 00:00:00+00:00;1,67E-06;0;0;0;0;0;0,319;0,319;0,24057641;0,14356705;0,0001;0;0,0001
2017-10-31 01:00:00+00:00;1,15E-05;0;0;0;0;0;0,185;0,185;0,21967082;0,14085824;0,0001;0;0,0001
2017-10-31 02:00:00+00:00;1,76E-05;0;0;0;0;0;0,162;0,162;0,19462077;0,15000048;0,0001;0;0,0001
2017-10-31 03:00:00+00:00;2,37E-05;0;0;0;0;0;0,239;0,239;0,17791603;0,17404119;0,0001;0;0,0001
2017-10-31 04:00:00+00:00;3,32E-05;0;0;0;0;0;0,297;0,297;0,1736024;0,175057;0,0001;0;0,0001
2017-10-31 05:00:00+00:00;7,05E-05;0;4,24E-06;0;0;0;0,239;0,239;0,15949148;0,18182903;0,0001;0;0,0001
2017-10-31 06:00:00+00:00;0,0002933;0;3,02E-05;0;0;0;0,138;0,138;0,18129927;0,17437979;0,0001;0;0,0001
2017-10-31 07:00:00+00:00;0,00037819;0;7,12E-05;0;0;0,057683045;0,196;0,196;0,24009712;0,23363506;0,0001;0,057683045;0,0001
2017-10-31 08:00:00+00:00;0,00031535;0;0,0001202;0;0;0,275408896;0,31;0,31;0,24067509;0,23532807;0,0001;0,275408896;0,0001
2017-10-31 09:00:00+00:00;0,00010612;0;0,00017279;0;0;0,491104241;0,202;0,202;0,21869814;0,2407457;0,0001;0,491104241;0,0001
2017-10-31 10:00:00+00:00;7,65E-05;0;0,00022828;0;0;0,671270311;0,096;0,096;0,21892369;0,15812692;0,0001;0,671270311;0,0001
2017-10-31 11:00:00+00:00;7,90E-05;0;0,0002862;0;0;0,782584614;0,037;0,037;0,2193325;0,15067769;0,0001;0,782584614;0,0001
2017-10-31 12:00:00+00:00;7,83E-05;0;0,00034499;0;0;0,836203509;0,019;0,019;0,1993714;0,14898468;0,0001;0,836203509;0,0001
2017-10-31 13:00:00+00:00;7,36E-05;0;0,00037663;0;0;0,824971025;0,016;0,016;0,19814497;0,15203209;0,0001;0,824971025;0,0001
2017-10-31 14:00:00+00:00;7,44E-05;0;0,00037488;0;0;0,788707639;0,013;0,013;0,25742212;0,16760776;0,0001;0,788707639;0,0001
2017-10-31 15:00:00+00:00;7,66E-05;0;0,00036932;0;0;0,67533824;0,012;0,012;0,26131284;0,34977539;0,0001;0,67533824;0,0001
2017-10-31 16:00:00+00:00;8,02E-05;0;0,00034095;0;0;0,514726544;0,015;0,015;0,2757057;0,38295834;0,0001;0,514726544;0,0001
2017-10-31 17:00:00+00:00;0,00010395;0;0,00028635;0;0;0,313637075;0,019;0,019;0,26810751;0,69853498;0,0001;0,313637075;0,0001
2017-10-31 18:00:00+00:00;0,00035354;0;0,00023435;0;0;0,136948891;0,105;0,105;0,43944032;0,8332984;0,0001;0,136948891;0,0001
2017-10-31 19:00:00+00:00;0,00036612;0;0,00017994;0;0;0,001296999;0,36;0,36;0,43491524;0,86207953;0,0001;0,001296999;0,0001
2017-10-31 20:00:00+00:00;0,00010042;0;0,00012658;0;0;0;0,538;0,538;0,41811183;0,86174092;0,0001;0;0,0001
2017-10-31 21:00:00+00:00;5,24E-05;0;7,94E-05;0;0;0;0,611;0,611;0,34992548;0,81806132;0,0001;0;0,0001
2017-10-31 22:00:00+00:00;3,29E-05;0;3,69E-05;0;0;0;0,551;0,551;0,28750474;0,29763076;0,0001;0;0,0001
2017-10-31 23:00:00+00:00;7,96E-06;0;6,26E-06;0;0;0;0,362;0,362;0,24545391;0,14424426;0,0001;0;0,0001
2017-11-01 00:00:00+00:00;1,90E-06;0;0;0;0;0;0,238;0,238;0,67963612;0,36501246;0,0001;0;0,0001
2017-11-01 01:00:00+00:00;1,16E-05;0;0;0;0;0;0,176;0,176;0,67212252;0,36331945;0,0001;0;0,0001
2017-11-01 02:00:00+00:00;1,79E-05;0;0;0;0;0;0,195;0,195;0,65908295;0,38600576;0,0001;0;0,0001
2017-11-01 03:00:00+00:00;2,37E-05;0;0;0;0;0;0,173;0,173;0,64215267;0,38702156;0,0001;0;0,0001
2017-11-01 04:00:00+00:00;3,31E-05;0;0;0;0;0;0,17;0,17;0,64849624;0,38126534;0,0001;0;0,0001
2017-11-01 05:00:00+00:00;7,26E-05;0;4,09E-06;0;0;0;0,165;0,165;0,6131414;0,38769877;0,0001;0;0,0001
2017-11-01 06:00:00+00:00;0,00029504;0;3,05E-05;0;0;0;0,136;0,136;0,66257897;0,38498995;0,0001;0;0,0001
2017-11-01 07:00:00+00:00;0,00037877;0;7,05E-05;0;0;0,058033124;0,16;0,16;0,6695428;0,45643488;0,0001;0,058033124;0,0001
2017-11-01 08:00:00+00:00;0,00031671;0;0,00011801;0;0;0,287187348;0,285;0,285;0,67513924;0,4828458;0,0001;0,287187348;0,0001
2017-11-01 09:00:00+00:00;0,00010604;0;0,00017135;0;0;0,51267057;0,313;0,313;0,680637;0,45203306;0,0001;0,51267057;0,0001
2017-11-01 10:00:00+00:00;7,20E-05;0;0,00022844;0;0;0,664273415;0,313;0,313;0,66266355;0,45372607;0,0001;0,664273415;0,0001
2017-11-01 11:00:00+00:00;7,63E-05;0;0,00028544;0;0;0,782972803;0,283;0,283;0,66802034;0,45203306;0,0001;0,782972803;0,0001
2017-11-01 12:00:00+00:00;8,02E-05;0;0,00034442;0;0;0,847893219;0,235;0,235;0,68076387;0,4161413;0,0001;0,847893219;0,0001
2017-11-01 13:00:00+00:00;7,45E-05;0;0,00037489;0;0;0,849008118;0,19;0,19;0,69555144;0,40767626;0,0001;0,849008118;0,0001
2017-11-01 14:00:00+00:00;7,29E-05;0;0,00037285;0;0;0,799362042;0,143;0,143;0,7170209;0,41580269;0,0001;0,799362042;0,0001
2017-11-01 15:00:00+00:00;7,82E-05;0;0,00036833;0;0;0,704569864;0,1;0,1;0,67776125;0,40530605;0,0001;0,704569864;0,0001
2017-11-01 16:00:00+00:00;8,21E-05;0;0,00033999;0;0;0,545001635;0,057;0,057;0,69581928;0,40699905;0,0001;0,545001635;0,0001
2017-11-01 17:00:00+00:00;0,00010194;0;0,00028624;0;0;0,354765753;0,034;0,034;0,65350061;0,67347847;0,0001;0,354765753;0,0001
2017-11-01 18:00:00+00:00;0,00035472;0;0,00023435;0;0;0,143555822;0,046;0,046;0,70653287;0,87697799;0,0001;0,143555822;0,0001
2017-11-01 19:00:00+00:00;0,00036514;0;0,00017968;0;0;0,00169053;0,064;0,064;0,89135634;0,86919016;0,0001;0,00169053;0,0001
2017-11-01 20:00:00+00:00;0,00010042;0;0,00012902;0;0;0;0,074;0,074;0,83011973;0,8576777;0,0001;0;0,0001
2017-11-01 21:00:00+00:00;5,24E-05;0;7,98E-05;0;0;0;0,081;0,081;0,72071427;0,85259868;0,0001;0;0,0001
2017-11-01 22:00:00+00:00;3,25E-05;0;3,69E-05;0;0;0;0,126;0,126;0,70477076;0,3077888;0,0001;0;0,0001
2017-11-01 23:00:00+00:00;7,69E-06;0;6,29E-06;0;0;0;0,251;0,251;0,67347581;0,18792386;0,0001;0;0,0001
2017-11-02 00:00:00+00:00;5,00E-08;0;0;0;0;0;0,377;0,377;0,67592866;0,39684101;0,0001;0;0,0001
2017-11-02 01:00:00+00:00;8,84E-06;0;0;0;0;0;0,443;0,443;0,62719593;0,41241668;0,0001;0;0,0001
2017-11-02 02:00:00+00:00;1,40E-05;0;0;0;0;0;0,478;0,478;0,59116445;0,41309388;0,0001;0;0,0001
2017-11-02 03:00:00+00:00;1,94E-05;0;0;0;0;0;0,562;0,562;0,5856244;0,41918871;0,0001;0;0,0001
2017-11-02 04:00:00+00:00;2,77E-05;0;0;0;0;0;0,515;0,515;0,59607014;0,42088171;0,0001;0;0,0001
2017-11-02 05:00:00+00:00;6,42E-05;0;4,02E-06;0;0;0;0,425;0,425;0,66388997;0,41918871;0,0001;0;0,0001
2017-11-02 06:00:00+00:00;0,00028191;0;3,03E-05;0;0;0;0,319;0,319;0,66522917;0,38702156;0,0001;0;0,0001
2017-11-02 07:00:00+00:00;0,00036483;0;7,16E-05;0;0;0,061584927;0,12;0,12;0,69545276;0,41952731;0,0001;0,061584927;0,0001
2017-11-02 08:00:00+00:00;0,00029256;0;0,00012003;0;0;0,296303024;0,145;0,145;0,69046248;0,41478689;0,0001;0,296303024;0,0001
2017-11-02 09:00:00+00:00;7,78E-05;0;0,00017358;0;0;0,527532534;0,246;0,246;0,69164662;0,42122032;0,0001;0,527532534;0,0001
2017-11-02 10:00:00+00:00;4,24E-05;0;0,00022958;0;0;0,691100404;0,249;0,249;0,68886954;0,49097224;0,0001;0,691100404;0,0001
2017-11-02 11:00:00+00:00;4,23E-05;0;0,00028648;0;0;0,816000265;0,169;0,169;0,69477611;0,52212358;0,0001;0,816000265;0,0001
2017-11-02 12:00:00+00:00;4,29E-05;0;0,00034666;0;0;0,855670719;0,103;0,103;0,6682036;0,52280078;0,0001;0,855670719;0,0001
2017-11-02 13:00:00+00:00;4,18E-05;0;0,00037586;0;0;0,861244948;0,073;0,073;0,68162378;0,55090471;0,0001;0,861244948;0,0001
2017-11-02 14:00:00+00:00;4,24E-05;0;0,00037468;0;0;0,824581837;0,036;0,036;0,69968181;0,55124331;0,0001;0,824581837;0,0001
2017-11-02 15:00:00+00:00;4,69E-05;0;0,00036868;0;0;0,719688191;0,007;0,007;0,68658586;0,55530653;0,0001;0,719688191;0,0001
2017-11-02 16:00:00+00:00;5,55E-05;0;0,00033993;0;0;0,553044112;0;0;0,69844129;0,55496793;0,0001;0,553044112;0,0001
2017-11-02 17:00:00+00:00;8,69E-05;0;0,00028693;0;0;0,360900728;0,002;0,002;0,69597434;0,77675194;0,0001;0,360900728;0,0001
2017-11-02 18:00:00+00:00;0,00034472;0;0,00023188;0;0;0,150667807;0,008;0,008;0,74793524;0,88476583;0,0001;0,150667807;0,0001
2017-11-02 19:00:00+00:00;0,0003584;0;0,00017731;0;0;0,001980063;0,038;0,038;0,8209427;0,8773166;0,0001;0,001980063;0,0001
2017-11-02 20:00:00+00:00;9,49E-05;0;0,00012502;0;0;0;0,114;0,114;0,76712102;0,87257617;0,0001;0;0,0001
2017-11-02 21:00:00+00:00;4,79E-05;0;7,78E-05;0;0;0;0,235;0,235;0,70603948;0,86952876;0,0001;0;0,0001
2017-11-02 22:00:00+00:00;2,90E-05;0;3,61E-05;0;0;0;0,34;0,34;0,68213126;0,5918755;0,0001;0;0,0001
2017-11-02 23:00:00+00:00;5,50E-06;0;6,20E-06;0;0;0;0,361;0,361;0,70830906;0,42731515;0,0001;0;0,0001
2017-11-03 00:00:00+00:00;3,00E-08;0;0;0;0;0;0,28;0,28;0,65430413;0,22754024;0,0001;0;0,0001
2017-11-03 01:00:00+00:00;8,73E-06;0;0;0;0;0;0,188;0,188;0,65953405;0,24480891;0,0001;0;0,0001
2017-11-03 02:00:00+00:00;1,41E-05;0;0;0;0;0;0,145;0,145;0,62464441;0,24616332;0,0001;0;0,0001
2017-11-03 03:00:00+00:00;1,94E-05;0;0;0;0;0;0,14;0,14;0,59965074;0,24548612;0,0001;0;0,0001
2017-11-03 04:00:00+00:00;2,77E-05;0;0;0;0;0;0,106;0,106;0,5976208;0,24548612;0,0001;0;0,0001
2017-11-03 05:00:00+00:00;6,53E-05;0;4,04E-06;0;0;0;0,095;0,095;0,6548539;0,24751773;0,0001;0;0,0001
2017-11-03 06:00:00+00:00;0,00028305;0;3,07E-05;0;0;0;0,076;0,076;0,68736118;0,23871409;0,0001;0;0,0001
2017-11-03 07:00:00+00:00;0,00036412;0;7,04E-05;0;0;0,05857033;0,058;0,058;0,63212982;0,24751773;0,0001;0,05857033;0,0001
2017-11-03 08:00:00+00:00;0,00029331;0;0,00011834;0;0;0,276830075;0,17;0,17;0,6428857;0,25022654;0,0001;0,276830075;0,0001
2017-11-03 09:00:00+00:00;7,74E-05;0;0,00016972;0;0;0,520442105;0,211;0,211;0,61476253;0,24751773;0,0001;0,520442105;0,0001
2017-11-03 10:00:00+00:00;4,26E-05;0;0,00022647;0;0;0,679673039;0,151;0,151;0,5594325;0,25022654;0,0001;0,679673039;0,0001
2017-11-03 11:00:00+00:00;4,24E-05;0;0,0002851;0;0;0,802576142;0,101;0,101;0,54044407;0,24582472;0,0001;0,802576142;0,0001
2017-11-03 12:00:00+00:00;4,30E-05;0;0,00034438;0;0;0,857464392;0,077;0,077;0,48065944;0,22246121;0,0001;0,857464392;0,0001
2017-11-03 13:00:00+00:00;4,18E-05;0;0,00037783;0;0;0,857772848;0,069;0,069;0,5696386;0,22584723;0,0001;0,857772848;0,0001
2017-11-03 14:00:00+00:00;4,24E-05;0;0,00037745;0;0;0,811507731;0,065;0,065;0,67499827;0,2851025;0,0001;0,811507731;0,0001
2017-11-03 15:00:00+00:00;4,66E-05;0;0,00036988;0;0;0,719759102;0,076;0,076;0,66133844;0,49842147;0,0001;0,719759102;0,0001
2017-11-03 16:00:00+00:00;5,54E-05;0;0,00034044;0;0;0,582420736;0,096;0,096;0,6704168;0,49503546;0,0001;0,582420736;0,0001
2017-11-03 17:00:00+00:00;8,56E-05;0;0,00028701;0;0;0,375633668;0,103;0,103;0,62852104;0,74560059;0,0001;0,375633668;0,0001
2017-11-03 18:00:00+00:00;0,00034522;0;0,00023459;0;0;0,159455132;0,125;0,125;0,74535552;0,87460778;0,0001;0,159455132;0,0001
2017-11-03 19:00:00+00:00;0,00036281;0;0,00018105;0;0;0,002188378;0,136;0,136;0,86255652;0,87528499;0,0001;0,002188378;0,0001
2017-11-03 20:00:00+00:00;9,57E-05;0;0,00012734;0;0;0;0,101;0,101;0,80330757;0,87054456;0,0001;0;0,0001
2017-11-03 21:00:00+00:00;4,79E-05;0;7,87E-05;0;0;0;0,066;0,066;0,69865274;0,86648134;0,0001;0;0,0001
2017-11-03 22:00:00+00:00;2,90E-05;0;3,71E-05;0;0;0;0,044;0,044;0,70175404;0,34977539;0,0001;0;0,0001
2017-11-03 23:00:00+00:00;5,39E-06;0;6,39E-06;0;0;0;0,032;0,032;0,69322546;0,22923324;0,0001;0;0,0001
2017-11-04 00:00:00+00:00;1,95E-06;0;0;0;0;0;0,038;0,038;0,66370671;0,22821744;0,0001;0;0,0001
2017-11-04 01:00:00+00:00;1,15E-05;0;0;0;0;0;0,042;0,042;0,63055098;0,22415422;0,0001;0;0,0001
2017-11-04 02:00:00+00:00;1,79E-05;0;0;0;0;0;0,054;0,054;0,60151152;0,22483142;0,0001;0;0,0001
2017-11-04 03:00:00+00:00;2,40E-05;0;0;0;0;0;0,061;0,061;0,59998906;0,22584723;0,0001;0;0,0001
2017-11-04 04:00:00+00:00;3,24E-05;0;0;0;0;0;0,071;0,071;0,60189213;0,25158095;0,0001;0;0,0001
2017-11-04 05:00:00+00:00;7,12E-05;0;4,20E-06;0;0;0;0,095;0,095;0,60265336;0,25665997;0,0001;0;0,0001
2017-11-04 06:00:00+00:00;0,00029511;0;3,01E-05;0;0;0;0,086;0,086;0,54468722;0,25801438;0,0001;0;0,0001
2017-11-04 07:00:00+00:00;0,00038224;0;7,12E-05;0;0;0,06534261;0,218;0,218;0,56292851;0,25462836;0,0001;0,06534261;0,0001
2017-11-04 08:00:00+00:00;0,00031811;0;0,00011929;0;0;0,299935441;0,446;0,446;0,61504447;0,25462836;0,0001;0,299935441;0,0001
2017-11-04 09:00:00+00:00;0,00010745;0;0,00017307;0;0;0,533047512;0,465;0,465;0,65300722;0,25124234;0,0001;0,533047512;0,0001
2017-11-04 10:00:00+00:00;7,52E-05;0;0,00022835;0;0;0,703677303;0,479;0,479;0,65548826;0,2424387;0,0001;0,703677303;0,0001
2017-11-04 11:00:00+00:00;7,66E-05;0;0,00028489;0;0;0,807436326;0,509;0,509;0,66276222;0,24548612;0,0001;0,807436326;0,0001
2017-11-04 12:00:00+00:00;7,66E-05;0;0,00034506;0;0;0,853223527;0,515;0,515;0,6952977;0,45643488;0,0001;0,853223527;0,0001
2017-11-04 13:00:00+00:00;7,55E-05;0;0,00037677;0;0;0,837045681;0,489;0,489;0,68300526;0,45846649;0,0001;0,837045681;0,0001
2017-11-04 14:00:00+00:00;7,43E-05;0;0,00037523;0;0;0,765673571;0,45;0,45;0,68317443;0,45948229;0,0001;0,765673571;0,0001
2017-11-04 15:00:00+00:00;7,97E-05;0;0,00036881;0;0;0,679013571;0,394;0,394;0,69418405;0,46286831;0,0001;0,679013571;0,0001
2017-11-04 16:00:00+00:00;7,96E-05;0;0,00034057;0;0;0,497465109;0,263;0,263;0,68652947;0,45474187;0,0001;0,497465109;0,0001
2017-11-04 17:00:00+00:00;0,00010518;0;0,00028707;0;0;0,326413862;0,144;0,144;0,70155669;0,73916717;0,0001;0,326413862;0,0001
2017-11-04 18:00:00+00:00;0,00035841;0;0,00023315;0;0;0,131571816;0,128;0,128;0,74552468;0,84481085;0,0001;0,131571816;0,0001
2017-11-04 19:00:00+00:00;0,00036641;0;0,00017911;0;0;0,002248135;0,176;0,176;0,75267177;0,8793482;0,0001;0,002248135;0,0001
2017-11-04 20:00:00+00:00;0,00010002;0;0,00012661;0;0;0;0,203;0,203;0,75144535;0,87291477;0,0001;0;0,0001
2017-11-04 21:00:00+00:00;5,22E-05;0;7,91E-05;0;0;0;0,169;0,169;0,70660335;0,8566619;0,0001;0;0,0001
2017-11-04 22:00:00+00:00;3,26E-05;0;3,67E-05;0;0;0;0,14;0,14;0,68655766;0,36298085;0,0001;0;0,0001
2017-11-04 23:00:00+00:00;7,49E-06;0;6,32E-06;0;0;0;0,115;0,115;0,6717419;0,23905269;0,0001;0;0,0001
2017-11-05 00:00:00+00:00;1,84E-06;0;0;0;0;0;0,101;0,101;0,39717804;0,14458286;0,0001;0;0,0001
2017-11-05 01:00:00+00:00;1,16E-05;0;0;0;0;0;0,14;0,14;0,38412438;0,14390565;0,0001;0;0,0001
2017-11-05 02:00:00+00:00;1,80E-05;0;0;0;0;0;0,243;0,243;0,37238173;0,14255125;0,0001;0;0,0001
2017-11-05 03:00:00+00:00;2,31E-05;0;0;0;0;0;0,339;0,339;0,36472715;0,14492146;0,0001;0;0,0001
2017-11-05 04:00:00+00:00;3,30E-05;0;0;0;0;0;0,322;0,322;0,36780026;0,14763027;0,0001;0;0,0001
2017-11-05 05:00:00+00:00;7,26E-05;0;4,10E-06;0;0;0;0,315;0,315;0,43958129;0,13374761;0,0001;0;0,0001
2017-11-05 06:00:00+00:00;0,00029479;0;3,08E-05;0;0;0;0,183;0,183;0,49640559;0,1320546;0,0001;0;0,0001
2017-11-05 07:00:00+00:00;0,00038322;0;7,16E-05;0;0;0,06376065;0,258;0,258;0,50707689;0,17878161;0,0001;0,06376065;0,0001
2017-11-05 08:00:00+00:00;0,00032387;0;0,00011919;0;0;0,292946702;0,734;0,734;0,53755423;0,17437979;0,0001;0,292946702;0,0001
2017-11-05 09:00:00+00:00;0,00010947;0;0,00017219;0;0;0,517899303;0,847;0,847;0,48500126;0,17268679;0,0001;0,517899303;0,0001
2017-11-05 10:00:00+00:00;7,83E-05;0;0,00022662;0;0;0,681557189;0,86;0,86;0,46343312;0,14796887;0,0001;0,681557189;0,0001
2017-11-05 11:00:00+00:00;7,60E-05;0;0,00028346;0;0;0,788408895;0,841;0,841;0,4595142;0,14322845;0,0001;0,788408895;0,0001
2017-11-05 12:00:00+00:00;7,60E-05;0;0,00034387;0;0;0,831093683;0,798;0,798;0,40973831;0,1544023;0,0001;0,831093683;0,0001
2017-11-05 13:00:00+00:00;7,21E-05;0;0,00037581;0;0;0,793176013;0,736;0,736;0,41481317;0,16726916;0,0001;0,793176013;0,0001
2017-11-05 14:00:00+00:00;7,44E-05;0;0,00037394;0;0;0,758265289;0,674;0,674;0,46270008;0,17776581;0,0001;0,758265289;0,0001
2017-11-05 15:00:00+00:00;7,54E-05;0;0,00036879;0;0;0,654635318;0,64;0,64;0,5078945;0,39345499;0,0001;0,654635318;0,0001
2017-11-05 16:00:00+00:00;7,63E-05;0;0,00034125;0;0;0,527472771;0,611;0,611;0,48212551;0,39954982;0,0001;0,527472771;0,0001
2017-11-05 17:00:00+00:00;0,00010321;0;0,00028835;0;0;0,324272605;0,503;0,503;0,62078188;0,68566812;0,0001;0,324272605;0,0001
2017-11-05 18:00:00+00:00;0,0003584;0;0,00023557;0;0;0,139125973;0,47;0,47;0,8306836;0,81772272;0,0001;0,139125973;0,0001
2017-11-05 19:00:00+00:00;0,00036792;0;0,0001814;0;0;0,003185448;0,45;0,45;0,77033509;0,81738412;0,0001;0,003185448;0,0001
2017-11-05 20:00:00+00:00;0,00010089;0;0,00012867;0;0;0;0,367;0,367;0,66989522;0,81636832;0,0001;0;0,0001
2017-11-05 21:00:00+00:00;5,23E-05;0;7,92E-05;0;0;0;0,313;0,313;0,58555391;0,78623278;0,0001;0;0,0001
2017-11-05 22:00:00+00:00;3,32E-05;0;3,77E-05;0;0;0;0,245;0,245;0,54406696;0,50756371;0,0001;0;0,0001
2017-11-05 23:00:00+00:00;7,70E-06;0;6,24E-06;0;0;0;0,183;0,183;0,47497842;0,14119684;0,0001;0;0,0001
2017-11-06 00:00:00+00:00;1,45E-06;0;0;0;0;0;0,112;0,112;0,35879239;0,19977491;0,0001;0;0,0001
2017-11-06 01:00:00+00:00;1,21E-05;0;0;0;0;0;0,039;0,039;0,31715037;0,19537309;0,0001;0;0,0001
2017-11-06 02:00:00+00:00;1,84E-05;0;0;0;0;0;0,011;0,011;0,31410545;0,19571169;0,0001;0;0,0001
2017-11-06 03:00:00+00:00;2,40E-05;0;0;0;0;0;0,01;0,01;0,32858289;0,19503449;0,0001;0;0,0001
2017-11-06 04:00:00+00:00;3,29E-05;0;0;0;0;0;0,02;0,02;0,34351143;0,20654694;0,0001;0;0,0001
2017-11-06 05:00:00+00:00;7,22E-05;0;4,00E-06;0;0;0;0,04;0,04;0,37184605;0,20790135;0,0001;0;0,0001
2017-11-06 06:00:00+00:00;0,00030108;0;2,96E-05;0;0;0;0,067;0,067;0,39698069;0,21061016;0,0001;0;0,0001
2017-11-06 07:00:00+00:00;0,00038918;0;6,91E-05;0;0;0,059415041;0,121;0,121;0,45947191;0,25327395;0,0001;0,059415041;0,0001
2017-11-06 08:00:00+00:00;0,00031676;0;0,00011807;0;0;0,274378753;0,128;0,128;0,46244634;0,25395116;0,0001;0,274378753;0,0001
2017-11-06 09:00:00+00:00;0,00010798;0;0,00017054;0;0;0,50104226;0,086;0,086;0,47867179;0,25259675;0,0001;0,50104226;0,0001
2017-11-06 10:00:00+00:00;7,48E-05;0;0,0002271;0;0;0,657951931;0,061;0,061;0,47844624;0,21094876;0,0001;0,657951931;0,0001
2017-11-06 11:00:00+00:00;7,33E-05;0;0,00028648;0;0;0,774057073;0,053;0,053;0,46391241;0,21162596;0,0001;0,774057073;0,0001
2017-11-06 12:00:00+00:00;7,31E-05;0;0,00034478;0;0;0,839889852;0,065;0,065;0,40848369;0,19435728;0,0001;0,839889852;0,0001
2017-11-06 13:00:00+00:00;7,49E-05;0;0,00037708;0;0;0,838612431;0,086;0,086;0,48442329;0,20180652;0,0001;0,838612431;0,0001
2017-11-06 14:00:00+00:00;7,74E-05;0;0,00037624;0;0;0,794631878;0,084;0,084;0,46880401;0,22821744;0,0001;0,794631878;0,0001
2017-11-06 15:00:00+00:00;7,63E-05;0;0,00036997;0;0;0,702849394;0,067;0,067;0,45968336;0,45778928;0,0001;0,702849394;0,0001
2017-11-06 16:00:00+00:00;7,94E-05;0;0,00034022;0;0;0,558421366;0,063;0,063;0,46567452;0,47607377;0,0001;0,558421366;0,0001
2017-11-06 17:00:00+00:00;0,00010651;0;0,00028736;0;0;0,368611589;0,074;0,074;0,52971639;0,75203402;0,0001;0,368611589;0,0001
2017-11-06 18:00:00+00:00;0,00035869;0;0,00023519;0;0;0,158477086;0,121;0,121;0,69536818;0,88612024;0,0001;0,158477086;0,0001
2017-11-06 19:00:00+00:00;0,00036964;0;0,00017945;0;0;0,003306206;0,207;0,207;0,62598361;0,88882905;0,0001;0,003306206;0,0001
2017-11-06 20:00:00+00:00;0,00010069;0;0,00012623;0;0;0;0,235;0,235;0,54705548;0,88679744;0,0001;0;0,0001
2017-11-06 21:00:00+00:00;5,24E-05;0;7,93E-05;0;0;0;0,222;0,222;0,42049419;0,8556461;0,0001;0;0,0001
2017-11-06 22:00:00+00:00;3,25E-05;0;3,69E-05;0;0;0;0,209;0,209;0,44428963;0,3287821;0,0001;0;0,0001
2017-11-06 23:00:00+00:00;6,88E-06;0;6,33E-06;0;0;0;0,197;0,197;0,41427749;0,19977491;0,0001;0;0,0001
2017-11-07 00:00:00+00:00;1,55E-06;0;0;0;0;0;0,238;0,238;0,3143169;0,17844301;0,0001;0;0,0001
2017-11-07 01:00:00+00:00;1,18E-05;0;0;0;0;0;0,301;0,301;0,26145381;0,17844301;0,0001;0;0,0001
2017-11-07 02:00:00+00:00;1,80E-05;0;0;0;0;0;0,407;0,407;0,24074558;0,17945882;0,0001;0;0,0001
2017-11-07 03:00:00+00:00;2,38E-05;0;0;0;0;0;0,408;0,408;0,23550156;0,17878161;0,0001;0;0,0001
2017-11-07 04:00:00+00:00;3,26E-05;0;0;0;0;0;0,36;0,36;0,22226464;0,21602778;0,0001;0;0,0001
2017-11-07 05:00:00+00:00;7,45E-05;0;4,10E-06;0;0;0;0,288;0,288;0,24721602;0,21501198;0,0001;0;0,0001
2017-11-07 06:00:00+00:00;0,00029842;0;2,96E-05;0;0;0;0,184;0,184;0,20144363;0,21568918;0,0001;0;0,0001
2017-11-07 07:00:00+00:00;0,00038573;0;6,99E-05;0;0;0,067356654;0,107;0,107;0,25487059;0,25428976;0,0001;0,067356654;0,0001
2017-11-07 08:00:00+00:00;0,00031738;0;0,00011951;0;0;0,308149342;0,194;0,194;0,28175324;0,25462836;0,0001;0,308149342;0,0001
2017-11-07 09:00:00+00:00;0,00010482;0;0,00017201;0;0;0,536869631;0,12;0,12;0,31438739;0,25462836;0,0001;0,536869631;0,0001
2017-11-07 10:00:00+00:00;7,48E-05;0;0,00022822;0;0;0,704744694;0,021;0,021;0,3285688;0,14356705;0,0001;0,704744694;0,0001
2017-11-07 11:00:00+00:00;7,45E-05;0;0,00028633;0;0;0,812787809;0,004;0,004;0,33426391;0,220091;0,0001;0,812787809;0,0001
2017-11-07 12:00:00+00:00;7,79E-05;0;0,00034546;0;0;0,866983807;0,004;0,004;0,29476461;0,22144541;0,0001;0,866983807;0,0001
2017-11-07 13:00:00+00:00;7,83E-05;0;0,00037638;0;0;0,866973293;0,006;0,006;0,30358922;0,18419924;0,0001;0,866973293;0,0001
2017-11-07 14:00:00+00:00;7,58E-05;0;0,00037652;0;0;0,825091117;0,008;0,008;0,31898295;0,18419924;0,0001;0,825091117;0,0001
2017-11-07 15:00:00+00:00;7,78E-05;0;0,00036964;0;0;0,725394573;0,015;0,015;0,35136336;0,18386064;0,0001;0,725394573;0,0001
2017-11-07 16:00:00+00:00;7,93E-05;0;0,00033966;0;0;0,575476789;0,035;0,035;0,34073435;0,39819541;0,0001;0,575476789;0,0001
2017-11-07 17:00:00+00:00;0,00010482;0;0,00028557;0;0;0,383342844;0,078;0,078;0,40841321;0,69277875;0,0001;0,383342844;0,0001
2017-11-07 18:00:00+00:00;0,00036045;0;0,00023341;0;0;0,163761752;0,169;0,169;0,62124707;0,84345644;0,0001;0,163761752;0,0001
2017-11-07 19:00:00+00:00;0,00036973;0;0,00018065;0;0;0,003016415;0,252;0,252;0,59213713;0,87156037;0,0001;0,003016415;0,0001
2017-11-07 20:00:00+00:00;0,00010056;0;0,00012682;0;0;0;0,249;0,249;0,56115231;0,85124428;0,0001;0;0,0001
2017-11-07 21:00:00+00:00;5,20E-05;0;7,76E-05;0;0;0;0,211;0,211;0,46625248;0,85056707;0,0001;0;0,0001
2017-11-07 22:00:00+00:00;3,26E-05;0;3,63E-05;0;0;0;0,195;0,195;0,34501979;0,32167146;0,0001;0;0,0001
2017-11-07 23:00:00+00:00;7,49E-06;0;6,20E-06;0;0;0;0,209;0,209;0,34420217;0,17810441;0,0001;0;0,0001
2017-11-08 00:00:00+00:00;2,17E-06;0;0;0;0;0;0,236;0,236;0,27149075;0,17099378;0,0001;0;0,0001
2017-11-08 01:00:00+00:00;1,25E-05;0;0;0;0;0;0,222;0,222;0,20764623;0,17099378;0,0001;0;0,0001
2017-11-08 02:00:00+00:00;1,85E-05;0;0;0;0;0;0,174;0,174;0,18774151;0,17268679;0,0001;0;0,0001
2017-11-08 03:00:00+00:00;2,43E-05;0;0;0;0;0;0,125;0,125;0,18172217;0,175057;0,0001;0;0,0001
2017-11-08 04:00:00+00:00;3,35E-05;0;0;0;0;0;0,094;0,094;0,19426834;0,19232568;0,0001;0;0,0001
2017-11-08 05:00:00+00:00;7,07E-05;0;4,16E-06;0;0;0;0,076;0,076;0,24322662;0,19266428;0,0001;0;0,0001
2017-11-08 06:00:00+00:00;0,00029803;0;2,99E-05;0;0;0;0,04;0,04;0,21876863;0,21738219;0,0001;0;0,0001
2017-11-08 07:00:00+00:00;0,00038238;0;7,01E-05;0;0;0,068414557;0,044;0,044;0,32125254;0,25665997;0,0001;0,068414557;0,0001
2017-11-08 08:00:00+00:00;0,00032193;0;0,00011767;0;0;0,298100951;0,043;0,043;0,36547428;0,25530556;0,0001;0,298100951;0,0001
2017-11-08 09:00:00+00:00;0,00010486;0;0,0001708;0;0;0,522056361;0,013;0,013;0,36426196;0,25564416;0,0001;0,522056361;0,0001
2017-11-08 10:00:00+00:00;7,67E-05;0;0,00022797;0;0;0,699254475;0,007;0,007;0,37641342;0,25124234;0,0001;0,699254475;0,0001
2017-11-08 11:00:00+00:00;7,82E-05;0;0,00028541;0;0;0,815736933;0,006;0,006;0,33292471;0,19401868;0,0001;0,815736933;0,0001
2017-11-08 12:00:00+00:00;7,72E-05;0;0,00034628;0;0;0,868085303;0,005;0,005;0,29021134;0,1764114;0,0001;0,868085303;0,0001
2017-11-08 13:00:00+00:00;7,53E-05;0;0,00037687;0;0;0,870363493;0,005;0,005;0,29219899;0,17844301;0,0001;0,870363493;0,0001
2017-11-08 14:00:00+00:00;7,47E-05;0;0,00037359;0;0;0,822664508;0,005;0,005;0,35201181;0,21094876;0,0001;0,822664508;0,0001
2017-11-08 15:00:00+00:00;7,73E-05;0;0,0003688;0;0;0,71193698;0,003;0,003;0,38549177;0,22550863;0,0001;0,71193698;0,0001
2017-11-08 16:00:00+00:00;7,93E-05;0;0,00034021;0;0;0,55796702;0,001;0,001;0,43171526;0,22855604;0,0001;0,55796702;0,0001
2017-11-08 17:00:00+00:00;0,000103;0;0,0002864;0;0;0,366624863;0,002;0,002;0,49285319;0,52483239;0,0001;0,366624863;0,0001
2017-11-08 18:00:00+00:00;0,00035834;0;0,00023338;0;0;0,162372736;0,038;0,038;0,69042019;0,64639034;0,0001;0,162372736;0,0001
2017-11-08 19:00:00+00:00;0,00037706;0;0,00018189;0;0;0,002983412;0,162;0,162;0,6979197;0,64266573;0,0001;0,002983412;0,0001
2017-11-08 20:00:00+00:00;0,00010133;0;0,00012714;0;0;0;0,331;0,331;0,56928618;0,8566619;0,0001;0;0,0001
2017-11-08 21:00:00+00:00;5,21E-05;0;7,82E-05;0;0;0;0,432;0,432;0,46185427;0,85090568;0,0001;0;0,0001
2017-11-08 22:00:00+00:00;3,26E-05;0;3,67E-05;0;0;0;0,375;0,375;0,40849779;0,5495503;0,0001;0;0,0001
2017-11-08 23:00:00+00:00;7,84E-06;0;6,04E-06;0;0;0;0,323;0,323;0,3480929;0,19571169;0,0001;0;0,0001
2017-11-09 00:00:00+00:00;1,00E-07;0;0;0;0;0;0,299;0,299;0,3929067;0,16388315;0,0001;0;0,0001
2017-11-09 01:00:00+00:00;8,72E-06;0;0;0;0;0;0,272;0,272;0,34824796;0,16523755;0,0001;0;0,0001
2017-11-09 02:00:00+00:00;1,40E-05;0;0;0;0;0;0,214;0,214;0,31261119;0,16151293;0,0001;0;0,0001
2017-11-09 03:00:00+00:00;1,94E-05;0;0;0;0;0;0,171;0,171;0,29472232;0,16591475;0,0001;0;0,0001
2017-11-09 04:00:00+00:00;2,76E-05;0;0;0;0;0;0,126;0,126;0,29255141;0,18893966;0,0001;0;0,0001
2017-11-09 05:00:00+00:00;6,54E-05;0;4,39E-06;0;0;0;0,095;0,095;0,38966443;0,19130987;0,0001;0;0,0001
2017-11-09 06:00:00+00:00;0,00028806;0;3,03E-05;0;0;0;0,062;0,062;0,37321344;0,18724665;0,0001;0;0,0001
2017-11-09 07:00:00+00:00;0,00037292;0;7,11E-05;0;0;0,058132685;0,192;0,192;0,41391097;0,2197524;0,0001;0,058132685;0,0001
2017-11-09 08:00:00+00:00;0,0003002;0;0,00011885;0;0;0,261295316;0,209;0,209;0,39173667;0,24954934;0,0001;0,261295316;0,0001
2017-11-09 09:00:00+00:00;7,64E-05;0;0,00017082;0;0;0,489617349;0,14;0,14;0,34671141;0,24717913;0,0001;0,489617349;0,0001
2017-11-09 10:00:00+00:00;4,24E-05;0;0,00022662;0;0;0,663961512;0,084;0,084;0,35976507;0,18656945;0,0001;0,663961512;0,0001
2017-11-09 11:00:00+00:00;4,24E-05;0;0,00028462;0;0;0,78098496;0,048;0,048;0,32004022;0,18589225;0,0001;0,78098496;0,0001
2017-11-09 12:00:00+00:00;4,31E-05;0;0,00034139;0;0;0,840281023;0,024;0,024;0,35388669;0,17234818;0,0001;0,840281023;0,0001
2017-11-09 13:00:00+00:00;4,19E-05;0;0,00037448;0;0;0,823289937;0,005;0,005;0,32782166;0,17065518;0,0001;0,823289937;0,0001
2017-11-09 14:00:00+00:00;4,25E-05;0;0,00037504;0;0;0,791404224;0;0;0,26430137;0;0,0001;0,791404224;0,0001
2017-11-09 15:00:00+00:00;4,69E-05;0;0,00036944;0;0;0,694359682;0;0;0,3480788;0,05620786;0,0001;0,694359682;0,0001
2017-11-09 16:00:00+00:00;5,56E-05;0;0,0003396;0;0;0,547653721;0,001;0,001;0,39519039;0,39074618;0,0001;0,547653721;0,0001
2017-11-09 17:00:00+00:00;8,65E-05;0;0,00028674;0;0;0,355523814;0,01;0,01;0,33898635;0,71512646;0,0001;0,355523814;0,0001
2017-11-09 18:00:00+00:00;0,00034942;0;0,00023435;0;0;0,149817566;0,066;0,066;0,56852495;0,88070261;0,0001;0,149817566;0,0001
2017-11-09 19:00:00+00:00;0,00036419;0;0,00018065;0;0;0,003074797;0,182;0,182;0,60729122;0,87189897;0,0001;0,003074797;0,0001
2017-11-09 20:00:00+00:00;9,60E-05;0;0,00012684;0;0;0;0,272;0,272;0,58675214;0,86919016;0,0001;0;0,0001
2017-11-09 21:00:00+00:00;4,79E-05;0;7,86E-05;0;0;0;0,301;0,301;0,50678086;0,84074763;0,0001;0;0,0001
2017-11-09 22:00:00+00:00;2,89E-05;0;3,72E-05;0;0;0;0,31;0,31;0,44849048;0,29119733;0,0001;0;0,0001
2017-11-09 23:00:00+00:00;5,28E-06;0;6,44E-06;0;0;0;0,294;0,294;0,32645427;0,16456035;0,0001;0;0,0001
2017-11-10 00:00:00+00:00;1,50E-07;0;0;0;0;0;0,269;0,269;0,34063568;0,07720115;0,0001;0;0,0001
2017-11-10 01:00:00+00:00;8,87E-06;0;0;0;0;0;0,239;0,239;0,25680186;0,07720115;0,0001;0;0,0001
2017-11-10 02:00:00+00:00;1,42E-05;0;0;0;0;0;0,187;0,187;0,26380798;0,07720115;0,0001;0;0,0001
2017-11-10 03:00:00+00:00;1,95E-05;0;0;0;0;0;0,142;0,142;0,24291649;0,07652395;0,0001;0;0,0001
2017-11-10 04:00:00+00:00;2,78E-05;0;0;0;0;0;0,125;0,125;0,24297288;0,07686255;0,0001;0;0,0001
2017-11-10 05:00:00+00:00;6,44E-05;0;4,28E-06;0;0;0;0,116;0,116;0,25557544;0,10632089;0,0001;0;0,0001
2017-11-10 06:00:00+00:00;0,00028863;0;3,10E-05;0;0;0;0,087;0,087;0,26865729;0,10496648;0,0001;0;0,0001
2017-11-10 07:00:00+00:00;0,00037322;0;7,13E-05;0;0;0,057459276;0,132;0,132;0,33010535;0,13645642;0,0001;0,057459276;0,0001
2017-11-10 08:00:00+00:00;0,00029982;0;0,0001201;0;0;0,282701902;0,171;0,171;0,36847691;0,13544062;0,0001;0,282701902;0,0001
2017-11-10 09:00:00+00:00;7,73E-05;0;0,00017337;0;0;0,497204802;0,114;0,114;0,37597642;0,13544062;0,0001;0,497204802;0,0001
2017-11-10 10:00:00+00:00;4,23E-05;0;0,00022819;0;0;0,66523615;0,068;0,068;0,37831649;0,11580173;0,0001;0,66523615;0,0001
2017-11-10 11:00:00+00:00;4,23E-05;0;0,00028608;0;0;0,779361225;0,042;0,042;0,39454194;0,08600479;0,0001;0,779361225;0,0001
2017-11-10 12:00:00+00:00;4,29E-05;0;0,00034463;0;0;0,826365716;0,035;0,035;0,36416328;0,08634339;0,0001;0,826365716;0,0001
2017-11-10 13:00:00+00:00;4,19E-05;0;0,00037753;0;0;0,850295764;0,036;0,036;0,37965569;0,0870206;0,0001;0,850295764;0,0001
2017-11-10 14:00:00+00:00;4,25E-05;0;0,0003753;0;0;0,794842848;0,03;0,03;0,42362369;0,08600479;0,0001;0,794842848;0,0001
2017-11-10 15:00:00+00:00;4,68E-05;0;0,00036795;0;0;0,686643694;0,023;0,023;0,46894498;0,08465039;0,0001;0,686643694;0,0001
2017-11-10 16:00:00+00:00;5,54E-05;0;0,00034051;0;0;0,544721291;0,023;0,023;0,55311712;0,29932376;0,0001;0,544721291;0,0001
2017-11-10 17:00:00+00:00;8,68E-05;0;0,00028449;0;0;0,356258708;0,04;0,04;0,57999976;0,36670547;0,0001;0,356258708;0,0001
2017-11-10 18:00:00+00:00;0,00035147;0;0,00023034;0;0;0,155604809;0,075;0,075;0,74115467;0,50790231;0,0001;0,155604809;0,0001
2017-11-10 19:00:00+00:00;0,00036479;0;0,0001772;0;0;0,003109591;0,136;0,136;0,75690082;0,50654791;0,0001;0,003109591;0,0001
2017-11-10 20:00:00+00:00;9,63E-05;0;0,00012652;0;0;0;0,26;0,26;0,67375775;0,50790231;0,0001;0;0,0001
2017-11-10 21:00:00+00:00;4,79E-05;0;7,93E-05;0;0;0;0,328;0,328;0,56134967;0,47912118;0,0001;0;0,0001
2017-11-10 22:00:00+00:00;2,89E-05;0;3,69E-05;0;0;0;0,311;0,311;0,4537345;0,16930077;0,0001;0;0,0001
2017-11-10 23:00:00+00:00;5,42E-06;0;6,34E-06;0;0;0;0,226;0,226;0,43629673;0,07516954;0,0001;0;0,0001
2017-11-11 00:00:00+00:00;1,70E-06;0;0;0;0;0;0,183;0,183;0,12377012;0,14559866;0,0001;0;0,0001
2017-11-11 01:00:00+00:00;1,21E-05;0;0;0;0;0;0,175;0,175;0,12732252;0,14492146;0,0001;0;0,0001
2017-11-11 02:00:00+00:00;1,83E-05;0;0;0;0;0;0,215;0,215;0,12598332;0,14526006;0,0001;0;0,0001
2017-11-11 03:00:00+00:00;2,36E-05;0;0;0;0;0;0,244;0,244;0,13048021;0,14559866;0,0001;0;0,0001
2017-11-11 04:00:00+00:00;3,31E-05;0;0;0;0;0;0,258;0,258;0,13655594;0,17234818;0,0001;0;0,0001
2017-11-11 05:00:00+00:00;7,18E-05;0;4,14E-06;0;0;0;0,195;0,195;0,16411524;0,17437979;0,0001;0;0,0001
2017-11-11 06:00:00+00:00;0,0003023;0;3,05E-05;0;0;0;0,133;0,133;0,20905591;0,18013602;0,0001;0;0,0001
2017-11-11 07:00:00+00:00;0,00039334;0;7,08E-05;0;0;0,055230615;0,194;0,194;0,18857323;0,20282232;0,0001;0,055230615;0,0001
2017-11-11 08:00:00+00:00;0,00032552;0;0,00011794;0;0;0,260291707;0,217;0,217;0,24161958;0,13374761;0,0001;0,260291707;0,0001
2017-11-11 09:00:00+00:00;0,000104;0;0,00017089;0;0;0,443361441;0,153;0,153;0,22303996;0,18081322;0,0001;0,443361441;0,0001
2017-11-11 10:00:00+00:00;7,45E-05;0;0,00022675;0;0;0,612459733;0,084;0,084;0,22133425;0,1540637;0,0001;0,612459733;0,0001
2017-11-11 11:00:00+00:00;7,60E-05;0;0,00028569;0;0;0,687915924;0,042;0,042;0,21387703;0,14830747;0,0001;0,687915924;0,0001
2017-11-11 12:00:00+00:00;7,51E-05;0;0,00034517;0;0;0,78273804;0,021;0,021;0,19618551;0,1533865;0,0001;0,78273804;0,0001
2017-11-11 13:00:00+00:00;7,39E-05;0;0,00037548;0;0;0,815032926;0,01;0,01;0,25970581;0,14898468;0,0001;0,815032926;0,0001
2017-11-11 14:00:00+00:00;7,47E-05;0;0,00037573;0;0;0,758533051;0,006;0,006;0,27756648;0,16557615;0,0001;0,758533051;0,0001
2017-11-11 15:00:00+00:00;7,92E-05;0;0,00036879;0;0;0,68085225;0,007;0,007;0,32215474;0,33792434;0,0001;0,68085225;0,0001
2017-11-11 16:00:00+00:00;8,10E-05;0;0,00034103;0;0;0,501974852;0,015;0,015;0,27322466;0,36941428;0,0001;0,501974852;0,0001
2017-11-11 17:00:00+00:00;0,00010406;0;0,0002884;0;0;0,328839184;0,037;0,037;0,28828007;0,68228211;0,0001;0,328839184;0,0001
2017-11-11 18:00:00+00:00;0,00035933;0;0,00023576;0;0;0,132920165;0,085;0,085;0,51315262;0,62641285;0,0001;0,132920165;0,0001
2017-11-11 19:00:00+00:00;0,000376;0;0,00017989;0;0;0,002797096;0,121;0,121;0,50239674;0,84819686;0,0001;0,002797096;0,0001
2017-11-11 20:00:00+00:00;0,0001012;0;0,00012727;0;0;0;0,12;0,12;0,49757563;0,82381755;0,0001;0;0,0001
2017-11-11 21:00:00+00:00;5,19E-05;0;7,77E-05;0;0;0;0,107;0,107;0,42259462;0,7899574;0,0001;0;0,0001
2017-11-11 22:00:00+00:00;3,27E-05;0;3,68E-05;0;0;0;0,088;0,088;0,39479568;0,27020403;0,0001;0;0,0001
2017-11-11 23:00:00+00:00;7,22E-06;0;6,14E-06;0;0;0;0,073;0,073;0,24796315;0,14458286;0,0001;0;0,0001
2017-11-12 00:00:00+00:00;1,84E-06;0;0;0;0;0;0,072;0,072;0,5914041;0,2204296;0,0001;0;0,0001
2017-11-12 01:00:00+00:00;1,17E-05;0;0;0;0;0;0,112;0,112;0,64297028;0,2421001;0,0001;0;0,0001
2017-11-12 02:00:00+00:00;1,80E-05;0;0;0;0;0;0,119;0,119;0,61029384;0,2424387;0,0001;0;0,0001
2017-11-12 03:00:00+00:00;2,42E-05;0;0;0;0;0;0,154;0,154;0,61500218;0,24548612;0,0001;0;0,0001
2017-11-12 04:00:00+00:00;3,28E-05;0;0;0;0;0;0,174;0,174;0,60978636;0,24548612;0,0001;0;0,0001
2017-11-12 05:00:00+00:00;7,28E-05;0;4,17E-06;0;0;0;0,217;0,217;0,58637153;0,24311591;0,0001;0;0,0001
2017-11-12 06:00:00+00:00;0,00030296;0;3,11E-05;0;0;0;0,208;0,208;0,62605409;0,22754024;0,0001;0;0,0001
2017-11-12 07:00:00+00:00;0,0003931;0;7,20E-05;0;0;0,054955214;0,156;0,156;0,63790952;0,25530556;0,0001;0,054955214;0,0001
2017-11-12 08:00:00+00:00;0,00032434;0;0,00012009;0;0;0,224934653;0,27;0,27;0,65460016;0,33352252;0,0001;0,224934653;0,0001
2017-11-12 09:00:00+00:00;0,00010715;0;0,00017193;0;0;0,40096793;0,427;0,427;0,63499148;0,37178449;0,0001;0,40096793;0,0001
2017-11-12 10:00:00+00:00;7,38E-05;0;0,00022733;0;0;0,534199873;0,41;0,41;0,64101082;0,37957233;0,0001;0,534199873;0,0001
2017-11-12 11:00:00+00:00;7,27E-05;0;0,00028703;0;0;0,655439641;0,338;0,338;0,64969447;0,37652491;0,0001;0,655439641;0,0001
2017-11-12 12:00:00+00:00;7,60E-05;0;0,00034509;0;0;0,69346153;0,313;0,313;0,58803495;0,36162645;0,0001;0,69346153;0,0001
2017-11-12 13:00:00+00:00;7,61E-05;0;0,00037606;0;0;0,721598733;0,328;0,328;0,5834112;0,351807;0,0001;0,721598733;0,0001
2017-11-12 14:00:00+00:00;7,60E-05;0;0,00037514;0;0;0,674447153;0,344;0,344;0,72366051;0,35688602;0,0001;0,674447153;0,0001
2017-11-12 15:00:00+00:00;7,90E-05;0;0,00036929;0;0;0,581269821;0,334;0,334;0,6255889;0,34774378;0,0001;0,581269821;0,0001
2017-11-12 16:00:00+00:00;7,96E-05;0;0,00034019;0;0;0,460097757;0,312;0,312;0,61904797;0,5492117;0,0001;0,460097757;0,0001
2017-11-12 17:00:00+00:00;0,00010353;0;0,00028542;0;0;0,290256905;0,272;0,272;0,61793432;0,7896188;0,0001;0,290256905;0,0001
2017-11-12 18:00:00+00:00;0,00036268;0;0,00023314;0;0;0,120134115;0,295;0,295;0,69364837;0,89187646;0,0001;0,120134115;0,0001
2017-11-12 19:00:00+00:00;0,00037382;0;0,00017938;0;0;0,005216193;0,273;0,273;0,68134184;0,89864849;0,0001;0,005216193;0,0001
2017-11-12 20:00:00+00:00;0,00010177;0;0,00012696;0;0;0;0,135;0,135;0,65068124;0,9013573;0,0001;0;0,0001
2017-11-12 21:00:00+00:00;5,25E-05;0;7,75E-05;0;0;0;0,097;0,097;0,70391086;0,88578163;0,0001;0;0,0001
2017-11-12 22:00:00+00:00;3,31E-05;0;3,62E-05;0;0;0;0,139;0,139;0,6570953;0,36839848;0,0001;0;0,0001
2017-11-12 23:00:00+00:00;7,99E-06;0;6,16E-06;0;0;0;0,303;0,303;0,62766113;0,22517003;0,0001;0;0,0001
2017-11-13 00:00:00+00:00;1,96E-06;0;0;0;0;0;0,392;0,392;0,18427369;0,14492146;0,0001;0;0,0001
2017-11-13 01:00:00+00:00;1,16E-05;0;0;0;0;0;0,369;0,369;0,14594443;0,14085824;0,0001;0;0,0001
2017-11-13 02:00:00+00:00;1,75E-05;0;0;0;0;0;0,301;0,301;0,14625456;0,14221265;0,0001;0;0,0001
2017-11-13 03:00:00+00:00;2,34E-05;0;0;0;0;0;0,255;0,255;0,14390039;0,1764114;0,0001;0;0,0001
2017-11-13 04:00:00+00:00;3,25E-05;0;0;0;0;0;0,316;0,316;0,14636733;0,17471839;0,0001;0;0,0001
2017-11-13 05:00:00+00:00;7,30E-05;0;4,15E-06;0;0;0;0,349;0,349;0,14368894;0,17675;0,0001;0;0,0001
2017-11-13 06:00:00+00:00;0,00030104;0;3,04E-05;0;0;0;0,317;0,317;0,15200606;0,17370259;0,0001;0;0,0001
2017-11-13 07:00:00+00:00;0,00039514;0;7,04E-05;0;0;0,059101321;0,337;0,337;0,16813283;0,20519253;0,0001;0,059101321;0,0001
2017-11-13 08:00:00+00:00;0,00032871;0;0,00011896;0;0;0,283473659;0,493;0,493;0,21555455;0,17945882;0,0001;0,283473659;0,0001
2017-11-13 09:00:00+00:00;0,00010514;0;0,00017099;0;0;0,476653649;0,587;0,587;0,23328836;0,18589225;0,0001;0,476653649;0,0001
2017-11-13 10:00:00+00:00;7,48E-05;0;0,00022616;0;0;0,637362454;0,544;0,544;0,25646354;0,14695307;0,0001;0,637362454;0,0001
2017-11-13 11:00:00+00:00;7,63E-05;0;0,00028483;0;0;0,740881333;0,462;0,462;0,22932715;0,14932328;0,0001;0,740881333;0,0001
2017-11-13 12:00:00+00:00;7,68E-05;0;0,00034367;0;0;0,779632752;0,369;0,369;0,22299767;0,14966188;0,0001;0,779632752;0,0001
2017-11-13 13:00:00+00:00;7,67E-05;0;0,00037658;0;0;0,81408415;0,325;0,325;0,28819549;0,18352204;0,0001;0,81408415;0,0001
2017-11-13 14:00:00+00:00;7,84E-05;0;0,00037478;0;0;0,79667153;0,294;0,294;0,27911713;0,18453784;0,0001;0,79667153;0,0001
2017-11-13 15:00:00+00:00;7,76E-05;0;0,00036912;0;0;0,649880153;0,181;0,181;0,2730414;0,18453784;0,0001;0,649880153;0,0001
2017-11-13 16:00:00+00:00;7,73E-05;0;0,00034151;0;0;0,505902738;0,08;0,08;0,25933929;0,36636687;0,0001;0,505902738;0,0001
2017-11-13 17:00:00+00:00;0,00010214;0;0,00028783;0;0;0,321159415;0,034;0,034;0,26299037;0,68329791;0,0001;0,321159415;0,0001
2017-11-13 18:00:00+00:00;0,00035928;0;0,00023326;0;0;0,127530613;0,039;0,039;0,48813076;0,87122177;0,0001;0,127530613;0,0001
2017-11-13 19:00:00+00:00;0,00038024;0;0,00017906;0;0;0,003553035;0,073;0,073;0,50710508;0,86614274;0,0001;0,003553035;0,0001
2017-11-13 20:00:00+00:00;0,00010135;0;0,00012769;0;0;0;0,127;0,127;0,47988411;0,8349914;0,0001;0;0,0001
2017-11-13 21:00:00+00:00;5,22E-05;0;7,95E-05;0;0;0;0,286;0,286;0,40460707;0,8332984;0,0001;0;0,0001
2017-11-13 22:00:00+00:00;3,24E-05;0;3,72E-05;0;0;0;0,385;0,385;0,31309048;0,27020403;0,0001;0;0,0001
2017-11-13 23:00:00+00:00;7,25E-06;0;6,37E-06;0;0;0;0,372;0,372;0,25112084;0,14458286;0,0001;0;0,0001
2017-11-14 00:00:00+00:00;2,00E-06;0;0;0;0;0;0,365;0,365;0,18331511;0,14627587;0,0001;0;0,0001
2017-11-14 01:00:00+00:00;1,18E-05;0;0;0;0;0;0,407;0,407;0,17098039;0,14695307;0,0001;0;0,0001
2017-11-14 02:00:00+00:00;1,83E-05;0;0;0;0;0;0,446;0,446;0,16635663;0,17437979;0,0001;0;0,0001
2017-11-14 03:00:00+00:00;2,43E-05;0;0;0;0;0;0,392;0,392;0,16419982;0,17437979;0,0001;0;0,0001
2017-11-14 04:00:00+00:00;3,29E-05;0;0;0;0;0;0,308;0,308;0,16140864;0,17370259;0,0001;0;0,0001
2017-11-14 05:00:00+00:00;7,31E-05;0;4,32E-06;0;0;0;0,245;0,245;0,20161279;0,17471839;0,0001;0;0,0001
2017-11-14 06:00:00+00:00;0,00030238;0;3,07E-05;0;0;0;0,182;0,182;0,2371086;0,16930077;0,0001;0;0,0001
2017-11-14 07:00:00+00:00;0,00039459;0;7,10E-05;0;0;0,067198728;0,107;0,107;0,23490949;0,20823995;0,0001;0,067198728;0,0001
2017-11-14 08:00:00+00:00;0,00032525;0;0,00011921;0;0;0,297825336;0,198;0,198;0,28929504;0,13340901;0,0001;0,297825336;0,0001
2017-11-14 09:00:00+00:00;0,00010619;0;0,00017208;0;0;0,517636455;0,455;0,455;0,30099541;0,13340901;0,0001;0,517636455;0,0001
2017-11-14 10:00:00+00:00;7,37E-05;0;0,00022813;0;0;0,68262494;0,637;0,637;0,29297431;0,18318343;0,0001;0,68262494;0,0001
2017-11-14 11:00:00+00:00;7,57E-05;0;0,00028542;0;0;0,791066062;0,674;0,674;0,33637844;0,18386064;0,0001;0,791066062;0,0001
2017-11-14 12:00:00+00:00;7,65E-05;0;0,00034487;0;0;0,847871897;0,634;0,634;0,34490701;0,1537251;0,0001;0,847871897;0,0001
2017-11-14 13:00:00+00:00;7,60E-05;0;0,00037473;0;0;0,849251854;0,544;0,544;0,35063033;0,15237069;0,0001;0,849251854;0,0001
2017-11-14 14:00:00+00:00;7,68E-05;0;0,00037558;0;0;0,786051353;0,442;0,442;0,37047866;0,15541811;0,0001;0,786051353;0,0001
2017-11-14 15:00:00+00:00;7,66E-05;0;0,00036991;0;0;0,6719239;0,326;0,326;0,36255624;0,16828497;0,0001;0,6719239;0,0001
2017-11-14 16:00:00+00:00;7,96E-05;0;0,00034228;0;0;0,524344282;0,18;0,18;0,4026899;0,37144589;0,0001;0,524344282;0,0001
2017-11-14 17:00:00+00:00;0,00010432;0;0,00028758;0;0;0,327344105;0,09;0,09;0,41261406;0,70903163;0,0001;0,327344105;0,0001
2017-11-14 18:00:00+00:00;0,00036652;0;0,00023385;0;0;0,134912703;0,057;0,057;0,53060449;0,84718106;0,0001;0,134912703;0,0001
2017-11-14 19:00:00+00:00;0,00037887;0;0,00018113;0;0;0,004664105;0,049;0,049;0,50310159;0,86681995;0,0001;0,004664105;0,0001
2017-11-14 20:00:00+00:00;0,0001019;0;0,00012708;0;0;0;0,059;0,059;0,51598608;0,83736161;0,0001;0;0,0001
2017-11-14 21:00:00+00:00;5,19E-05;0;7,84E-05;0;0;0;0,067;0,067;0,4639688;0,80587167;0,0001;0;0,0001
2017-11-14 22:00:00+00:00;3,26E-05;0;3,75E-05;0;0;0;0,071;0,071;0,3254252;0,27968487;0,0001;0;0,0001
2017-11-14 23:00:00+00:00;7,51E-06;0;6,10E-06;0;0;0;0,077;0,077;0,21287615;0,14559866;0,0001;0;0,0001
2017-11-15 00:00:00+00:00;1,41E-06;0;0;0;0;0;0,089;0,089;0,18516179;0,14221265;0,0001;0;0,0001
2017-11-15 01:00:00+00:00;1,18E-05;0;0;0;0;0;0,123;0,123;0,17609754;0,14424426;0,0001;0;0,0001
2017-11-15 02:00:00+00:00;1,81E-05;0;0;0;0;0;0,121;0,121;0,17585789;0,15880412;0,0001;0;0,0001
2017-11-15 03:00:00+00:00;2,37E-05;0;0;0;0;0;0,122;0,122;0,16790728;0,1764114;0,0001;0;0,0001
2017-11-15 04:00:00+00:00;3,32E-05;0;0;0;0;0;0,142;0,142;0,16090116;0,1753956;0,0001;0;0,0001
2017-11-15 05:00:00+00:00;7,35E-05;0;3,93E-06;0;0;0;0,135;0,135;0,20059782;0,17404119;0,0001;0;0,0001
2017-11-15 06:00:00+00:00;0,00030284;0;2,96E-05;0;0;0;0,112;0,112;0,2459473;0,17370259;0,0001;0;0,0001
2017-11-15 07:00:00+00:00;0,00039297;0;7,02E-05;0;0;0,060887565;0,06;0,06;0,24828738;0,17302539;0,0001;0,060887565;0,0001
2017-11-15 08:00:00+00:00;0,00032981;0;0,00011834;0;0;0,256481215;0,087;0,087;0,27151895;0,20417673;0,0001;0,256481215;0,0001
2017-11-15 09:00:00+00:00;0,00010693;0;0,00017068;0;0;0,450311551;0,096;0,096;0,28443164;0,20485393;0,0001;0,450311551;0,0001
2017-11-15 10:00:00+00:00;7,27E-05;0;0,00022668;0;0;0,623734018;0,156;0,156;0,26937623;0,14763027;0,0001;0,623734018;0,0001
2017-11-15 11:00:00+00:00;7,46E-05;0;0,00028402;0;0;0,741225338;0,176;0,176;0,28041404;0,15067769;0,0001;0,741225338;0,0001
2017-11-15 12:00:00+00:00;7,68E-05;0;0,00034322;0;0;0,817542124;0,143;0,143;0,26197539;0,15000048;0,0001;0,817542124;0,0001
2017-11-15 13:00:00+00:00;7,56E-05;0;0,00037391;0;0;0,798229753;0,096;0,096;0,25671728;0,18927826;0,0001;0,798229753;0,0001
2017-11-15 14:00:00+00:00;7,51E-05;0;0,00037385;0;0;0,763002751;0,067;0,067;0,32063228;0,42359053;0,0001;0,763002751;0,0001
2017-11-15 15:00:00+00:00;7,79E-05;0;0,0003712;0;0;0,644009058;0,053;0,053;0,29809146;0,42088171;0,0001;0,644009058;0,0001
2017-11-15 16:00:00+00:00;7,93E-05;0;0,00034171;0;0;0,465472147;0,045;0,045;0,29177608;0,4178343;0,0001;0,465472147;0,0001
2017-11-15 17:00:00+00:00;0,000105;0;0,00028925;0;0;0,308934403;0,06;0,06;0,31684024;0,72596171;0,0001;0,308934403;0,0001
2017-11-15 18:00:00+00:00;0,00036846;0;0,00023638;0;0;0,127902664;0,118;0,118;0,60658638;0,87426918;0,0001;0,127902664;0,0001
2017-11-15 19:00:00+00:00;0,00038005;0;0,00018056;0;0;0,005883968;0,182;0,182;0,61459337;0,86377253;0,0001;0,005883968;0,0001
2017-11-15 20:00:00+00:00;0,0001025;0;0,00012728;0;0;0;0,189;0,189;0,52778512;0,84074763;0,0001;0;0,0001
2017-11-15 21:00:00+00:00;5,26E-05;0;7,85E-05;0;0;0;0,208;0,208;0,44416276;0,8343142;0,0001;0;0,0001
2017-11-15 22:00:00+00:00;3,22E-05;0;3,71E-05;0;0;0;0,259;0,259;0,37256499;0,3071116;0,0001;0;0,0001
2017-11-15 23:00:00+00:00;7,11E-06;0;6,12E-06;0;0;0;0,341;0,341;0,2881532;0,14898468;0,0001;0;0,0001
2017-11-16 00:00:00+00:00;1,50E-07;0;0;0;0;0;0,528;0,528;0,23225929;0,14390565;0,0001;0;0,0001
2017-11-16 01:00:00+00:00;8,85E-06;0;0;0;0;0;0,508;0,508;0,18933446;0,15169349;0,0001;0;0,0001
2017-11-16 02:00:00+00:00;1,41E-05;0;0;0;0;0;0,483;0,483;0,17219272;0,1764114;0,0001;0;0,0001
2017-11-16 03:00:00+00:00;1,95E-05;0;0;0;0;0;0,379;0,379;0,16697689;0,17675;0,0001;0;0,0001
2017-11-16 04:00:00+00:00;2,77E-05;0;0;0;0;0;0,338;0,338;0,16937335;0,17370259;0,0001;0;0,0001
2017-11-16 05:00:00+00:00;6,58E-05;0;4,22E-06;0;0;0;0,398;0,398;0,16979626;0,17437979;0,0001;0;0,0001
2017-11-16 06:00:00+00:00;0,00029199;0;3,03E-05;0;0;0;0,36;0,36;0,21289025;0,17471839;0,0001;0;0,0001
2017-11-16 07:00:00+00:00;0,00038121;0;7,06E-05;0;0;0,066324202;0,19;0,19;0,23283726;0,23634388;0,0001;0,066324202;0,0001
2017-11-16 08:00:00+00:00;0,00030375;0;0,00011963;0;0;0,285140829;0,258;0,258;0,27955413;0,23329646;0,0001;0,285140829;0,0001
2017-11-16 09:00:00+00:00;7,70E-05;0;0,00017138;0;0;0,500889363;0,439;0,439;0,29797869;0,23397366;0,0001;0,500889363;0,0001
2017-11-16 10:00:00+00:00;4,23E-05;0;0,00022622;0;0;0,637999519;0,523;0,523;0,32618643;0,14661447;0,0001;0,637999519;0,0001
2017-11-16 11:00:00+00:00;4,23E-05;0;0,00028325;0;0;0,748102337;0,485;0,485;0,31356977;0,14559866;0,0001;0,748102337;0,0001
2017-11-16 12:00:00+00:00;4,30E-05;0;0,00034422;0;0;0,811383021;0,411;0,411;0,34796603;0,1540637;0,0001;0,811383021;0,0001
2017-11-16 13:00:00+00:00;4,19E-05;0;0,00037397;0;0;0,780314731;0,366;0,366;0,32312742;0,35824043;0,0001;0,780314731;0,0001
2017-11-16 14:00:00+00:00;4,26E-05;0;0,0003754;0;0;0,745742236;0,321;0,321;0,38422306;0,39819541;0,0001;0,745742236;0,0001
2017-11-16 15:00:00+00:00;4,67E-05;0;0,00037107;0;0;0,619833142;0,241;0,241;0,36023026;0,45711208;0,0001;0,619833142;0,0001
2017-11-16 16:00:00+00:00;5,56E-05;0;0,0003407;0;0;0,460083183;0,17;0,17;0,31073631;0,42697654;0,0001;0,460083183;0,0001
2017-11-16 17:00:00+00:00;8,66E-05;0;0,00028654;0;0;0,296247641;0,113;0,113;0,38381425;0,73171793;0,0001;0,296247641;0,0001
2017-11-16 18:00:00+00:00;0,00035607;0;0,00023321;0;0;0,135230839;0,125;0,125;0,61904797;0,86377253;0,0001;0,135230839;0,0001
2017-11-16 19:00:00+00:00;0,00037339;0;0,00017927;0;0;0,005134951;0,173;0,173;0,66930315;0,86004792;0,0001;0,005134951;0,0001
2017-11-16 20:00:00+00:00;9,56E-05;0;0,00012719;0;0;0;0,206;0,206;0,64000995;0,85869351;0,0001;0;0,0001
2017-11-16 21:00:00+00:00;4,81E-05;0;7,97E-05;0;0;0;0,221;0,221;0,51488653;0,8556461;0,0001;0;0,0001
2017-11-16 22:00:00+00:00;2,90E-05;0;3,68E-05;0;0;0;0,235;0,235;0,37142314;0,30982041;0,0001;0;0,0001
2017-11-16 23:00:00+00:00;5,30E-06;0;6,08E-06;0;0;0;0,237;0,237;0,28316292;0,17471839;0,0001;0;0,0001
2017-11-17 00:00:00+00:00;8,00E-08;0;0;0;0;0;0,274;0,274;0,20770262;0,17167098;0,0001;0;0,0001
2017-11-17 01:00:00+00:00;8,75E-06;0;0;0;0;0;0,322;0,322;0,1913503;0,17844301;0,0001;0;0,0001
2017-11-17 02:00:00+00:00;1,40E-05;0;0;0;0;0;0,37;0,37;0,1940146;0,14729167;0,0001;0;0,0001
2017-11-17 03:00:00+00:00;1,94E-05;0;0;0;0;0;0,319;0,319;0,18182085;0,17471839;0,0001;0;0,0001
2017-11-17 04:00:00+00:00;2,76E-05;0;0;0;0;0;0,31;0,31;0,20678632;0,18149043;0,0001;0;0,0001
2017-11-17 05:00:00+00:00;6,48E-05;0;4,20E-06;0;0;0;0,328;0,328;0,20758984;0,18013602;0,0001;0;0,0001
2017-11-17 06:00:00+00:00;0,00029655;0;3,01E-05;0;0;0;0,335;0,335;0,25647763;0,17979742;0,0001;0;0,0001
2017-11-17 07:00:00+00:00;0,00038009;0;7,17E-05;0;0;0,047643861;0,271;0,271;0,31823582;0,1764114;0,0001;0,047643861;0,0001
2017-11-17 08:00:00+00:00;0,00030309;0;0,00011994;0;0;0,23350016;0,458;0,458;0,32910448;0,20790135;0,0001;0,23350016;0,0001
2017-11-17 09:00:00+00:00;7,90E-05;0;0,00017348;0;0;0,433019723;0,547;0,547;0,33413704;0,20553114;0,0001;0,433019723;0,0001
2017-11-17 10:00:00+00:00;4,26E-05;0;0,00022792;0;0;0,583267985;0,465;0,465;0,35264617;0,18216763;0,0001;0,583267985;0,0001
2017-11-17 11:00:00+00:00;4,24E-05;0;0,00028579;0;0;0,681108077;0,271;0,271;0,34070616;0,14932328;0,0001;0,681108077;0,0001
2017-11-17 12:00:00+00:00;4,30E-05;0;0,00034497;0;0;0,769810808;0,133;0,133;0,33066922;0,14932328;0,0001;0,769810808;0,0001
2017-11-17 13:00:00+00:00;4,18E-05;0;0,00037667;0;0;0,783704337;0,062;0,062;0,31933537;0,1537251;0,0001;0,783704337;0,0001
2017-11-17 14:00:00+00:00;4,24E-05;0;0,00037377;0;0;0,729969047;0,025;0,025;0,36423376;0,1540637;0,0001;0,729969047;0,0001
2017-11-17 15:00:00+00:00;4,68E-05;0;0,00036885;0;0;0,643413119;0,015;0,015;0,38664771;0,15033909;0,0001;0,643413119;0,0001
2017-11-17 16:00:00+00:00;5,58E-05;0;0,00034056;0;0;0,484293912;0,013;0,013;0,37287512;0,38397415;0,0001;0,484293912;0,0001
2017-11-17 17:00:00+00:00;8,71E-05;0;0,00028799;0;0;0,327600357;0,009;0,009;0,42380694;0,72934772;0,0001;0,327600357;0,0001
2017-11-17 18:00:00+00:00;0,00035723;0;0,00023398;0;0;0,14108639;0,006;0,006;0,63470954;0,87359198;0,0001;0,14108639;0,0001
2017-11-17 19:00:00+00:00;0,00037221;0;0,0001794;0;0;0,0069542;0,005;0,005;0,63431483;0,86648134;0,0001;0,0069542;0,0001
2017-11-17 20:00:00+00:00;9,67E-05;0;0,00012707;0;0;0;0,018;0,018;0,58042267;0,86648134;0,0001;0;0,0001
2017-11-17 21:00:00+00:00;4,80E-05;0;7,94E-05;0;0;0;0,03;0,03;0,50210071;0,82618776;0,0001;0;0,0001
2017-11-17 22:00:00+00:00;2,91E-05;0;3,68E-05;0;0;0;0,037;0,037;0,4191409;0,30101677;0,0001;0;0,0001
2017-11-17 23:00:00+00:00;5,40E-06;0;5,97E-06;0;0;0;0,045;0,045;0,34083303;0,14119684;0,0001;0;0,0001
2017-11-18 00:00:00+00:00;1,92E-06;0;0;0;0;0;0,064;0,064;0,30284209;0,14966188;0,0001;0;0,0001
2017-11-18 01:00:00+00:00;1,18E-05;0;0;0;0;0;0,115;0,115;0,28657435;0,14153544;0,0001;0;0,0001
2017-11-18 02:00:00+00:00;1,78E-05;0;0;0;0;0;0,209;0,209;0,29965621;0,14559866;0,0001;0;0,0001
2017-11-18 03:00:00+00:00;2,39E-05;0;0;0;0;0;0,319;0,319;0,28966156;0,1757342;0,0001;0;0,0001
2017-11-18 04:00:00+00:00;3,28E-05;0;0;0;0;0;0,337;0,337;0,30010731;0,175057;0,0001;0;0,0001
2017-11-18 05:00:00+00:00;7,27E-05;0;4,02E-06;0;0;0;0,325;0,325;0,27773564;0,17404119;0,0001;0;0,0001
2017-11-18 06:00:00+00:00;0,000301;0;3,01E-05;0;0;0;0,286;0,286;0,33807006;0,17742721;0,0001;0;0,0001
2017-11-18 07:00:00+00:00;0,00039687;0;7,17E-05;0;0;0,067106286;0,243;0,243;0,33124719;0,20620834;0,0001;0,067106286;0,0001
2017-11-18 08:00:00+00:00;0,00033019;0;0,00012088;0;0;0,298595021;0,196;0,196;0,33055645;0,21805939;0,0001;0,298595021;0,0001
2017-11-18 09:00:00+00:00;0,00010925;0;0,00017464;0;0;0,527969562;0,106;0,106;0,36956236;0,21772079;0,0001;0,527969562;0,0001
2017-11-18 10:00:00+00:00;7,71E-05;0;0,00022984;0;0;0,701606094;0,03;0,03;0,3747218;0,1984205;0,0001;0,701606094;0,0001
2017-11-18 11:00:00+00:00;7,54E-05;0;0,00028636;0;0;0,815103036;0,009;0,009;0,39129967;0,15203209;0,0001;0,815103036;0,0001
2017-11-18 12:00:00+00:00;7,40E-05;0;0,00034364;0;0;0,871016153;0,008;0,008;0,33969119;0,15067769;0,0001;0,871016153;0,0001
2017-11-18 13:00:00+00:00;7,17E-05;0;0,00037648;0;0;0,876439887;0,009;0,009;0,39829169;0,14864608;0,0001;0,876439887;0,0001
2017-11-18 14:00:00+00:00;7,47E-05;0;0,00037492;0;0;0,836980022;0,007;0,007;0,41719553;0,15203209;0,0001;0,836980022;0,0001
2017-11-18 15:00:00+00:00;8,05E-05;0;0,00037005;0;0;0,753778419;0,006;0,006;0,42465275;0,38261974;0,0001;0,753778419;0,0001
2017-11-18 16:00:00+00:00;8,10E-05;0;0,00034152;0;0;0,609301601;0,004;0,004;0,39925028;0,37584771;0,0001;0,609301601;0,0001
2017-11-18 17:00:00+00:00;0,00010465;0;0,00028717;0;0;0,415887455;0,003;0,003;0,43302627;0,70937023;0,0001;0,415887455;0,0001
2017-11-18 18:00:00+00:00;0,00037227;0;0,00023249;0;0;0,185368869;0,005;0,005;0,6975109;0,86986736;0,0001;0,185368869;0,0001
2017-11-18 19:00:00+00:00;0,00038451;0;0,00017965;0;0;0,00439605;0,017;0,017;0,68497882;0,86546554;0,0001;0,00439605;0,0001
2017-11-18 20:00:00+00:00;0,00010308;0;0,00012668;0;0;0;0,044;0,044;0,61126652;0,86715855;0,0001;0;0,0001
2017-11-18 21:00:00+00:00;5,26E-05;0;7,74E-05;0;0;0;0,074;0,074;0,54171279;0,84142483;0,0001;0;0,0001
2017-11-18 22:00:00+00:00;3,30E-05;0;3,61E-05;0;0;0;0,102;0,102;0,44813806;0,29898516;0,0001;0;0,0001
2017-11-18 23:00:00+00:00;7,46E-06;0;5,96E-06;0;0;0;0,13;0,13;0,39617717;0,14458286;0,0001;0;0,0001
2017-11-19 00:00:00+00:00;1,64E-06;0;0;0;0;0;0,147;0,147;0,35091226;0,14390565;0,0001;0;0,0001
2017-11-19 01:00:00+00:00;1,23E-05;0;0;0;0;0;0,156;0,156;0,29428532;0,14492146;0,0001;0;0,0001
2017-11-19 02:00:00+00:00;1,79E-05;0;0;0;0;0;0,144;0,144;0,26290579;0,14695307;0,0001;0;0,0001
2017-11-19 03:00:00+00:00;2,40E-05;0;0;0;0;0;0,099;0,099;0,24403014;0,17404119;0,0001;0;0,0001
2017-11-19 04:00:00+00:00;3,35E-05;0;0;0;0;0;0,077;0,077;0,25715428;0,17031657;0,0001;0;0,0001
2017-11-19 05:00:00+00:00;7,39E-05;0;4,12E-06;0;0;0;0,112;0,112;0,29679455;0,17437979;0,0001;0;0,0001
2017-11-19 06:00:00+00:00;0,00030669;0;3,03E-05;0;0;0;0,129;0,129;0,34017048;0,1760728;0,0001;0;0,0001
2017-11-19 07:00:00+00:00;0,00039812;0;7,01E-05;0;0;0,064079344;0,069;0,069;0,35089817;0,22110681;0,0001;0,064079344;0,0001
2017-11-19 08:00:00+00:00;0,00033073;0;0,00011707;0;0;0,278821939;0,073;0,073;0,36297915;0,22279981;0,0001;0,278821939;0,0001
2017-11-19 09:00:00+00:00;0,00011361;0;0,00017103;0;0;0,497882932;0,104;0,104;0,37637113;0,22381562;0,0001;0,497882932;0,0001
2017-11-19 10:00:00+00:00;7,72E-05;0;0,0002262;0;0;0,653447565;0,125;0,125;0,34383566;0,1980819;0,0001;0,653447565;0,0001
2017-11-19 11:00:00+00:00;7,40E-05;0;0,00028527;0;0;0,782016099;0,124;0,124;0,36244347;0,14729167;0,0001;0,782016099;0,0001
2017-11-19 12:00:00+00:00;7,37E-05;0;0,00034325;0;0;0,838066848;0,112;0,112;0,36524873;0,15575671;0,0001;0,838066848;0,0001
2017-11-19 13:00:00+00:00;7,50E-05;0;0,0003751;0;0;0,852214442;0,1;0,1;0,3920327;0,14864608;0,0001;0,852214442;0,0001
2017-11-19 14:00:00+00:00;7,55E-05;0;0,0003748;0;0;0,809433721;0,095;0,095;0,49358623;0,15033909;0,0001;0,809433721;0,0001
2017-11-19 15:00:00+00:00;7,57E-05;0;0,00036946;0;0;0,713360498;0,103;0,103;0,53651106;0,15033909;0,0001;0,713360498;0,0001
2017-11-19 16:00:00+00:00;7,78E-05;0;0,00034094;0;0;0,577672491;0,103;0,103;0,53962646;0,38600576;0,0001;0,577672491;0,0001
2017-11-19 17:00:00+00:00;0,00010631;0;0,00028832;0;0;0,381637557;0,106;0,106;0,52987145;0,71038603;0,0001;0,381637557;0,0001
2017-11-19 18:00:00+00:00;0,00036912;0;0,00023635;0;0;0,168796667;0,123;0,123;0,70206417;0,86614274;0,0001;0,168796667;0,0001
2017-11-19 19:00:00+00:00;0,00038105;0;0,00017876;0;0;0,007076379;0,142;0,142;0,73771504;0,86038652;0,0001;0,007076379;0,0001
2017-11-19 20:00:00+00:00;0,00010209;0;0,00012685;0;0;0;0,117;0,117;0,64938434;0,87020596;0,0001;0;0,0001
2017-11-19 21:00:00+00:00;5,27E-05;0;7,82E-05;0;0;0;0,081;0,081;0,59811418;0,833637;0,0001;0;0,0001
2017-11-19 22:00:00+00:00;3,35E-05;0;3,66E-05;0;0;0;0,045;0,045;0,54100795;0,26614081;0,0001;0;0,0001
2017-11-19 23:00:00+00:00;7,76E-06;0;6,14E-06;0;0;0;0,019;0,019;0,45046404;0,14932328;0,0001;0;0,0001
2017-11-20 00:00:00+00:00;1,64E-06;0;0;0;0;0;0,005;0,005;0,40576301;0,14424426;0,0001;0;0,0001
2017-11-20 01:00:00+00:00;1,23E-05;0;0;0;0;0;0,001;0,001;0,35639593;0,14288985;0,0001;0;0,0001
2017-11-20 02:00:00+00:00;1,78E-05;0;0;0;0;0;0,001;0,001;0,33417933;0,14458286;0,0001;0;0,0001
2017-11-20 03:00:00+00:00;2,41E-05;0;0;0;0;0;0,001;0,001;0,30704294;0,17234818;0,0001;0;0,0001
2017-11-20 04:00:00+00:00;3,36E-05;0;0;0;0;0;0,002;0,002;0,3103557;0,20519253;0,0001;0;0,0001
2017-11-20 05:00:00+00:00;7,30E-05;0;3,96E-06;0;0;0;0,003;0,003;0,30026237;0,20688554;0,0001;0;0,0001
2017-11-20 06:00:00+00:00;0,00030871;0;2,98E-05;0;0;0;0,004;0,004;0,31559972;0,20451533;0,0001;0;0,0001
2017-11-20 07:00:00+00:00;0,00039982;0;6,96E-05;0;0;0,061129839;0,004;0,004;0,32624282;0,23024905;0,0001;0,061129839;0,0001
2017-11-20 08:00:00+00:00;0,00033433;0;0,00011763;0;0;0,267212933;0,01;0,01;0,3671941;0,23194206;0,0001;0,267212933;0,0001
2017-11-20 09:00:00+00:00;0,00010532;0;0,00017218;0;0;0,473547929;0,019;0,019;0,3378727;0,20349953;0,0001;0,473547929;0,0001
2017-11-20 10:00:00+00:00;7,36E-05;0;0,00022671;0;0;0,63988183;0,027;0,027;0,34871316;0,20823995;0,0001;0,63988183;0,0001
2017-11-20 11:00:00+00:00;7,37E-05;0;0,00028441;0;0;0,765568736;0,039;0,039;0,34301804;0,20722414;0,0001;0,765568736;0,0001
2017-11-20 12:00:00+00:00;7,64E-05;0;0,00034498;0;0;0,806705093;0,051;0,051;0,32150629;0,1530479;0,0001;0,806705093;0,0001
2017-11-20 13:00:00+00:00;7,50E-05;0;0,00037601;0;0;0,796269981;0,057;0,057;0,3533933;0,15575671;0,0001;0,796269981;0,0001
2017-11-20 14:00:00+00:00;7,53E-05;0;0,00037583;0;0;0,766138826;0,052;0,052;0,4257805;0,15135489;0,0001;0,766138826;0,0001
2017-11-20 15:00:00+00:00;7,75E-05;0;0,00037006;0;0;0,67009289;0,04;0,04;0,40462117;0,15033909;0,0001;0,67009289;0,0001
2017-11-20 16:00:00+00:00;8,08E-05;0;0,00034103;0;0;0,503361411;0,029;0,029;0,35594483;0,36467386;0,0001;0,503361411;0,0001
2017-11-20 17:00:00+00:00;0,00010711;0;0,00028818;0;0;0,330533863;0,024;0,024;0,36708132;0,71207904;0,0001;0,330533863;0,0001
2017-11-20 18:00:00+00:00;0,00037177;0;0,00023323;0;0;0,13051116;0,039;0,039;0,54042998;0,85496889;0,0001;0,13051116;0,0001
2017-11-20 19:00:00+00:00;0,00038704;0;0,00017945;0;0;0,004746257;0,063;0,063;0,62760474;0,86174092;0,0001;0,004746257;0,0001
2017-11-20 20:00:00+00:00;0,00010242;0;0,0001285;0;0;0;0,084;0,084;0,57529143;0,86004792;0,0001;0;0,0001
2017-11-20 21:00:00+00:00;5,26E-05;0;7,88E-05;0;0;0;0,097;0,097;0,48274577;0,82889658;0,0001;0;0,0001
2017-11-20 22:00:00+00:00;3,26E-05;0;3,68E-05;0;0;0;0,1;0,1;0,49524965;0,30372558;0,0001;0;0,0001
2017-11-20 23:00:00+00:00;7,54E-06;0;6,33E-06;0;0;0;0,088;0,088;0,47404803;0,14390565;0,0001;0;0,0001
2017-11-21 00:00:00+00:00;1,91E-06;0;0;0;0;0;0,074;0,074;0,37304428;0,14526006;0,0001;0;0,0001
2017-11-21 01:00:00+00:00;1,18E-05;0;0;0;0;0;0,071;0,071;0,28891443;0,14390565;0,0001;0;0,0001
2017-11-21 02:00:00+00:00;1,84E-05;0;0;0;0;0;0,077;0,077;0,24620105;0,14932328;0,0001;0;0,0001
2017-11-21 03:00:00+00:00;2,41E-05;0;0;0;0;0;0,091;0,091;0,22701527;0,17810441;0,0001;0;0,0001
2017-11-21 04:00:00+00:00;3,31E-05;0;0;0;0;0;0,122;0,122;0,21793691;0,17471839;0,0001;0;0,0001
2017-11-21 05:00:00+00:00;7,31E-05;0;4,00E-06;0;0;0;0,16;0,16;0,2028815;0,17675;0,0001;0;0,0001
2017-11-21 06:00:00+00:00;0,00030913;0;3,04E-05;0;0;0;0,134;0,134;0,19519874;0,1753956;0,0001;0;0,0001
2017-11-21 07:00:00+00:00;0,00040246;0;7,03E-05;0;0;0,058320229;0,05;0,05;0,24173235;0,18013602;0,0001;0,058320229;0,0001
2017-11-21 08:00:00+00:00;0,00033338;0;0,00011879;0;0;0,257737204;0,086;0,086;0,25282656;0,20790135;0,0001;0,257737204;0,0001
2017-11-21 09:00:00+00:00;0,0001068;0;0,00017297;0;0;0,476937668;0,101;0,101;0,26108729;0,20620834;0,0001;0,476937668;0,0001
2017-11-21 10:00:00+00:00;7,26E-05;0;0,00022747;0;0;0,658980462;0,114;0,114;0,29549764;0,18386064;0,0001;0,658980462;0,0001
2017-11-21 11:00:00+00:00;7,53E-05;0;0,00028486;0;0;0,76103829;0,118;0,118;0,32777937;0,18521504;0,0001;0,76103829;0,0001
2017-11-21 12:00:00+00:00;7,74E-05;0;0,00034559;0;0;0,803384637;0,096;0,096;0,26055161;0,18047462;0,0001;0,803384637;0,0001
2017-11-21 13:00:00+00:00;7,62E-05;0;0,0003746;0;0;0,8114324;0,073;0,073;0,27067314;0,15000048;0,0001;0,8114324;0,0001
2017-11-21 14:00:00+00:00;7,57E-05;0;0,00037448;0;0;0,775349539;0,053;0,053;0,29632936;0,14593726;0,0001;0,775349539;0,0001
2017-11-21 15:00:00+00:00;7,61E-05;0;0,00036864;0;0;0,669196868;0,037;0,037;0,31200502;0,36331945;0,0001;0,669196868;0,0001
2017-11-21 16:00:00+00:00;8,04E-05;0;0,00034281;0;0;0,533544107;0,023;0,023;0,37125398;0,36298085;0,0001;0,533544107;0,0001
2017-11-21 17:00:00+00:00;0,00010586;0;0,00028928;0;0;0,331953416;0,025;0,025;0,37601871;0,69955079;0,0001;0,331953416;0,0001
2017-11-21 18:00:00+00:00;0,00037513;0;0,00023424;0;0;0,141235132;0,046;0,046;0,53990839;0,83702301;0,0001;0,141235132;0,0001
2017-11-21 19:00:00+00:00;0,00038394;0;0,00017951;0;0;0,006152162;0,073;0,073;0,60179346;0,8556461;0,0001;0,006152162;0,0001
2017-11-21 20:00:00+00:00;0,00010185;0;0,00012739;0;0;0;0,108;0,108;0,59013538;0,85429169;0,0001;0;0,0001
2017-11-21 21:00:00+00:00;5,31E-05;0;7,90E-05;0;0;0;0,131;0,131;0,58947283;0,8126437;0,0001;0;0,0001
2017-11-21 22:00:00+00:00;3,28E-05;0;3,71E-05;0;0;0;0,12;0,12;0,48308409;0,27833047;0,0001;0;0,0001
2017-11-21 23:00:00+00:00;7,65E-06;0;6,22E-06;0;0;0;0,102;0,102;0,33997313;0,14593726;0,0001;0;0,0001
2017-11-22 00:00:00+00:00;1,54E-06;0;0;0;0;0;0,095;0,095;0,29967031;0,14729167;0,0001;0;0,0001
2017-11-22 01:00:00+00:00;1,22E-05;0;0;0;0;0;0,092;0,092;0,26275072;0,14559866;0,0001;0;0,0001
2017-11-22 02:00:00+00:00;1,83E-05;0;0;0;0;0;0,091;0,091;0,23283726;0,14559866;0,0001;0;0,0001
2017-11-22 03:00:00+00:00;2,35E-05;0;0;0;0;0;0,092;0,092;0,2259862;0,17979742;0,0001;0;0,0001
2017-11-22 04:00:00+00:00;3,24E-05;0;0;0;0;0;0,083;0,083;0,23920902;0,17878161;0,0001;0;0,0001
2017-11-22 05:00:00+00:00;7,39E-05;0;4,04E-06;0;0;0;0,074;0,074;0,21527261;0,18182903;0,0001;0;0,0001
2017-11-22 06:00:00+00:00;0,00031249;0;3,05E-05;0;0;0;0,063;0,063;0,34676779;0,17945882;0,0001;0;0,0001
2017-11-22 07:00:00+00:00;0,00040537;0;7,18E-05;0;0;0,062045631;0,027;0,027;0,34836074;0,21162596;0,0001;0,062045631;0,0001
2017-11-22 08:00:00+00:00;0,00033177;0;0,00012073;0;0;0,275321779;0,037;0,037;0,39793927;0,21128736;0,0001;0,275321779;0,0001
2017-11-22 09:00:00+00:00;0,00010788;0;0,00017384;0;0;0,493928019;0,045;0,045;0,403578;0,20722414;0,0001;0,493928019;0,0001
2017-11-22 10:00:00+00:00;7,52E-05;0;0,00022906;0;0;0,655875658;0,046;0,046;0,39287851;0,18216763;0,0001;0,655875658;0,0001
2017-11-22 11:00:00+00:00;7,49E-05;0;0,00028552;0;0;0,752462095;0,05;0,05;0,36902668;0,15237069;0,0001;0,752462095;0,0001
2017-11-22 12:00:00+00:00;7,78E-05;0;0,00034423;0;0;0,818002813;0,062;0,062;0,3387608;0,15237069;0,0001;0,818002813;0,0001
2017-11-22 13:00:00+00:00;7,97E-05;0;0,00037619;0;0;0,800587472;0,104;0,104;0,4191268;0,15474091;0,0001;0,800587472;0,0001
2017-11-22 14:00:00+00:00;7,53E-05;0;0,00037147;0;0;0,734890615;0,171;0,171;0,42596376;0,14932328;0,0001;0,734890615;0,0001
2017-11-22 15:00:00+00:00;7,84E-05;0;0,00036855;0;0;0,608769296;0,191;0,191;0,43315314;0,20079071;0,0001;0,608769296;0,0001
2017-11-22 16:00:00+00:00;8,00E-05;0;0,00034045;0;0;0,470932422;0,138;0,138;0,43074258;0,37043009;0,0001;0,470932422;0,0001
2017-11-22 17:00:00+00:00;0,00010304;0;0,0002877;0;0;0,310365665;0,09;0,09;0,41877438;0,69718057;0,0001;0,310365665;0,0001
2017-11-22 18:00:00+00:00;0,00036961;0;0,00023397;0;0;0,127129733;0,088;0,088;0,62485586;0,87562359;0,0001;0,127129733;0,0001
2017-11-22 19:00:00+00:00;0,00038472;0;0,00017942;0;0;0,007559348;0,094;0,094;0,66916218;0,86038652;0,0001;0,007559348;0,0001
2017-11-22 20:00:00+00:00;0,00010191;0;0,0001263;0;0;0;0,094;0,094;0,61197136;0,84108623;0,0001;0;0,0001
2017-11-22 21:00:00+00:00;5,24E-05;0;7,80E-05;0;0;0;0,1;0,1;0,53051991;0,83058958;0,0001;0;0,0001
2017-11-22 22:00:00+00:00;3,33E-05;0;3,70E-05;0;0;0;0,127;0,127;0,42334175;0,27189704;0,0001;0;0,0001
2017-11-22 23:00:00+00:00;7,56E-06;0;6,18E-06;0;0;0;0,166;0,166;0,35867961;0,1544023;0,0001;0;0,0001
2017-11-23 00:00:00+00:00;2,30E-07;0;0;0;0;0;0,195;0,195;0,24401604;0,15541811;0,0001;0;0,0001
2017-11-23 01:00:00+00:00;8,96E-06;0;0;0;0;0;0,208;0,208;0,20874578;0,15203209;0,0001;0;0,0001
2017-11-23 02:00:00+00:00;1,41E-05;0;0;0;0;0;0,202;0,202;0,18901023;0,1530479;0,0001;0;0,0001
2017-11-23 03:00:00+00:00;1,94E-05;0;0;0;0;0;0,182;0,182;0,18992652;0,18656945;0,0001;0;0,0001
2017-11-23 04:00:00+00:00;2,78E-05;0;0;0;0;0;0,155;0,155;0,19332386;0,18453784;0,0001;0;0,0001
2017-11-23 05:00:00+00:00;6,65E-05;0;3,94E-06;0;0;0;0,123;0,123;0,21063476;0,18352204;0,0001;0;0,0001
2017-11-23 06:00:00+00:00;0,00030177;0;3,00E-05;0;0;0;0,074;0,074;0,31058125;0,18047462;0,0001;0;0,0001
2017-11-23 07:00:00+00:00;0,0003897;0;7,07E-05;0;0;0,062041381;0,024;0,024;0,35673425;0,21670499;0,0001;0,062041381;0,0001
2017-11-23 08:00:00+00:00;0,00031246;0;0,00011918;0;0;0,27584167;0,089;0,089;0,41027399;0,21399617;0,0001;0,27584167;0,0001
2017-11-23 09:00:00+00:00;8,00E-05;0;0,00017233;0;0;0,489959116;0,128;0,128;0,38230589;0,21230317;0,0001;0,489959116;0,0001
2017-11-23 10:00:00+00:00;4,25E-05;0;0,00022839;0;0;0,649608894;0,097;0,097;0,37436938;0,1537251;0,0001;0,649608894;0,0001
2017-11-23 11:00:00+00:00;4,23E-05;0;0,00028492;0;0;0,761174064;0,056;0,056;0,38561865;0,15643391;0,0001;0,761174064;0,0001
2017-11-23 12:00:00+00:00;4,31E-05;0;0,00034365;0;0;0,808134341;0,034;0,034;0,39884147;0,16117433;0,0001;0,808134341;0,0001
2017-11-23 13:00:00+00:00;4,18E-05;0;0,00037468;0;0;0,792661255;0,017;0,017;0,38694375;0,15778832;0,0001;0,792661255;0,0001
2017-11-23 14:00:00+00:00;4,24E-05;0;0,00037436;0;0;0,740156924;0,006;0,006;0,48088499;0,15711111;0,0001;0,740156924;0,0001
2017-11-23 15:00:00+00:00;4,68E-05;0;0,00037073;0;0;0,597302405;0,001;0,001;0,52598073;0,3948094;0,0001;0,597302405;0,0001
2017-11-23 16:00:00+00:00;5,56E-05;0;0,0003399;0;0;0,447159815;0;0;0,48347881;0,39277779;0,0001;0,447159815;0,0001
2017-11-23 17:00:00+00:00;8,77E-05;0;0,00028645;0;0;0,281452695;0,001;0,001;0,45765342;0,71681946;0,0001;0,281452695;0,0001
2017-11-23 18:00:00+00:00;0,00035953;0;0,00023322;0;0;0,111186409;0,009;0,009;0,64939843;0,88273422;0,0001;0,111186409;0,0001
2017-11-23 19:00:00+00:00;0,00037802;0;0,00018031;0;0;0,007480336;0,072;0,072;0,7192623;0,87393058;0,0001;0,007480336;0,0001
2017-11-23 20:00:00+00:00;9,74E-05;0;0,00012703;0;0;0;0,207;0,207;0,63249634;0,88815184;0,0001;0;0,0001
2017-11-23 21:00:00+00:00;4,80E-05;0;7,95E-05;0;0;0;0,303;0,303;0,53718771;0,86004792;0,0001;0;0,0001
2017-11-23 22:00:00+00:00;2,92E-05;0;3,76E-05;0;0;0;0,296;0,296;0,40782114;0,34300336;0,0001;0;0,0001
2017-11-23 23:00:00+00:00;5,38E-06;0;6,30E-06;0;0;0;0,273;0,273;0,32504459;0,18758525;0,0001;0;0,0001
2017-11-24 00:00:00+00:00;4,00E-08;0;0;0;0;0;0,258;0,258;0,21771136;0,18589225;0,0001;0;0,0001
2017-11-24 01:00:00+00:00;8,88E-06;0;0;0;0;0;0,189;0,189;0,18795297;0,19266428;0,0001;0;0,0001
2017-11-24 02:00:00+00:00;1,41E-05;0;0;0;0;0;0,079;0,079;0,1793821;0,19097127;0,0001;0;0,0001
2017-11-24 03:00:00+00:00;1,93E-05;0;0;0;0;0;0,02;0,02;0,1842314;0,19164847;0,0001;0;0,0001
2017-11-24 04:00:00+00:00;2,77E-05;0;0;0;0;0;0,003;0,003;0,1904763;0,19063267;0,0001;0;0,0001
2017-11-24 05:00:00+00:00;6,66E-05;0;4,20E-06;0;0;0;0;0;0,21955805;0,18927826;0,0001;0;0,0001
2017-11-24 06:00:00+00:00;0,00030207;0;2,96E-05;0;0;0;0,001;0,001;0,28610916;0,18690805;0,0001;0;0,0001
2017-11-24 07:00:00+00:00;0,00038599;0;6,93E-05;0;0;0,053226394;0,008;0,008;0,27777794;0,22212261;0,0001;0,053226394;0,0001
2017-11-24 08:00:00+00:00;0,00031389;0;0,00011807;0;0;0,236608986;0,009;0,009;0,29033821;0,22347702;0,0001;0,236608986;0,0001
2017-11-24 09:00:00+00:00;8,05E-05;0;0,00017138;0;0;0,430528566;0,007;0,007;0,31409136;0,22279981;0,0001;0,430528566;0,0001
2017-11-24 10:00:00+00:00;4,25E-05;0;0,0002273;0;0;0,580612155;0,007;0,007;0,33532117;0,22246121;0,0001;0,580612155;0,0001
2017-11-24 11:00:00+00:00;4,24E-05;0;0,00028467;0;0;0,705670944;0,007;0,007;0,33319255;0,22347702;0,0001;0,705670944;0,0001
2017-11-24 12:00:00+00:00;4,29E-05;0;0,00034198;0;0;0,769902993;0,005;0,005;0,31540236;0,23126485;0,0001;0,769902993;0,0001
2017-11-24 13:00:00+00:00;4,18E-05;0;0,00037657;0;0;0,742643002;0,003;0,003;0,3281036;0,22550863;0,0001;0,742643002;0,0001
2017-11-24 14:00:00+00:00;4,23E-05;0;0,00037432;0;0;0,678909663;0,001;0,001;0,36558706;0,22449282;0,0001;0,678909663;0,0001
2017-11-24 15:00:00+00:00;4,67E-05;0;0,00036939;0;0;0,560018809;0;0;0,39620536;0,22517003;0,0001;0,560018809;0,0001
2017-11-24 16:00:00+00:00;5,57E-05;0;0,00034045;0;0;0,392747113;0;0;0,38353232;0,4398434;0,0001;0,392747113;0,0001
2017-11-24 17:00:00+00:00;8,80E-05;0;0,00028811;0;0;0,233996382;0;0;0,36953417;0,67381707;0,0001;0,233996382;0,0001
2017-11-24 18:00:00+00:00;0,00036304;0;0,0002359;0;0;0,090489862;0;0;0,58372133;0,88815184;0,0001;0,090489862;0,0001
2017-11-24 19:00:00+00:00;0,00038032;0;0,00018138;0;0;0,006356147;0,007;0,007;0,6162427;0,8790096;0,0001;0,006356147;0,0001
2017-11-24 20:00:00+00:00;9,65E-05;0;0,00012755;0;0;0;0,04;0,04;0,55589419;0,88408863;0,0001;0;0,0001
2017-11-24 21:00:00+00:00;4,80E-05;0;7,93E-05;0;0;0;0,079;0,079;0,46014856;0,84921267;0,0001;0;0,0001
2017-11-24 22:00:00+00:00;2,90E-05;0;3,69E-05;0;0;0;0,083;0,083;0,37226895;0,32471888;0,0001;0;0,0001
2017-11-24 23:00:00+00:00;5,30E-06;0;5,98E-06;0;0;0;0,076;0,076;0,26103091;0,17370259;0,0001;0;0,0001
2017-11-25 00:00:00+00:00;1,59E-06;0;0;0;0;0;0,073;0,073;0,17203765;0,17336399;0,0001;0;0,0001
2017-11-25 01:00:00+00:00;1,22E-05;0;0;0;0;0;0,06;0,06;0,1536413;0,17471839;0,0001;0;0,0001
2017-11-25 02:00:00+00:00;1,80E-05;0;0;0;0;0;0,056;0,056;0,15705273;0,19300288;0,0001;0;0,0001
2017-11-25 03:00:00+00:00;2,35E-05;0;0;0;0;0;0,068;0,068;0,16345269;0,19503449;0,0001;0;0,0001
2017-11-25 04:00:00+00:00;3,30E-05;0;0;0;0;0;0,078;0,078;0,16921829;0,19164847;0,0001;0;0,0001
2017-11-25 05:00:00+00:00;7,41E-05;0;4,08E-06;0;0;0;0,083;0,083;0,21950166;0,19368008;0,0001;0;0,0001
2017-11-25 06:00:00+00:00;0,00031288;0;3,00E-05;0;0;0;0,074;0,074;0,26669783;0,18961686;0,0001;0;0,0001
2017-11-25 07:00:00+00:00;0,00041049;0;7,09E-05;0;0;0,061611126;0,034;0,034;0,27602993;0,24988794;0,0001;0,061611126;0,0001
2017-11-25 08:00:00+00:00;0,00033724;0;0,00012072;0;0;0,272122285;0,027;0,027;0,33319255;0,24954934;0,0001;0,272122285;0,0001
2017-11-25 09:00:00+00:00;0,00010873;0;0,00017348;0;0;0,494883471;0,039;0,039;0,35082768;0,24988794;0,0001;0,494883471;0,0001
2017-11-25 10:00:00+00:00;7,43E-05;0;0,00022945;0;0;0,632507711;0,056;0,056;0,33219168;0,22110681;0,0001;0,632507711;0,0001
2017-11-25 11:00:00+00:00;7,68E-05;0;0,0002852;0;0;0,735763626;0,083;0,083;0,31279445;0,1753956;0,0001;0,735763626;0,0001
2017-11-25 12:00:00+00:00;7,65E-05;0;0,00034479;0;0;0,790109883;0,121;0,121;0,30007911;0,17844301;0,0001;0,790109883;0,0001
2017-11-25 13:00:00+00:00;7,52E-05;0;0,00037777;0;0;0,794313705;0,147;0,147;0,35483118;0,18453784;0,0001;0,794313705;0,0001
2017-11-25 14:00:00+00:00;7,52E-05;0;0,00037567;0;0;0,752724836;0,131;0,131;0,40316919;0,17675;0,0001;0,752724836;0,0001
2017-11-25 15:00:00+00:00;7,73E-05;0;0,00036937;0;0;0,599047973;0,088;0,088;0,40908986;0,40124283;0,0001;0,599047973;0,0001
2017-11-25 16:00:00+00:00;7,94E-05;0;0,0003405;0;0;0,434392351;0,043;0,043;0,37052095;0,39379359;0,0001;0,434392351;0,0001
2017-11-25 17:00:00+00:00;0,00010577;0;0,00028444;0;0;0,262187468;0,024;0,024;0,38205215;0,66332042;0,0001;0,262187468;0,0001
2017-11-25 18:00:00+00:00;0,00037684;0;0,00023099;0;0;0,12358845;0,031;0,031;0,5878376;0,80079265;0,0001;0,12358845;0,0001
2017-11-25 19:00:00+00:00;0,00038855;0;0,00017758;0;0;0,006274484;0,083;0,083;0,63470954;0,87088316;0,0001;0,006274484;0,0001
2017-11-25 20:00:00+00:00;0,00010159;0;0,00012611;0;0;0;0,139;0,139;0,57529143;0,8779938;0,0001;0;0,0001
2017-11-25 21:00:00+00:00;5,16E-05;0;7,77E-05;0;0;0;0,161;0,161;0,49685669;0,86309533;0,0001;0;0,0001
2017-11-25 22:00:00+00:00;3,23E-05;0;3,66E-05;0;0;0;0,169;0,169;0,37723103;0,31693104;0,0001;0;0,0001
2017-11-25 23:00:00+00:00;7,63E-06;0;6,29E-06;0;0;0;0,176;0,176;0,29811965;0,18216763;0,0001;0;0,0001
2017-11-26 00:00:00+00:00;1,69E-06;0;0;0;0;0;0,181;0,181;0,18316005;0,18487644;0,0001;0;0,0001
2017-11-26 01:00:00+00:00;1,20E-05;0;0;0;0;0;0,178;0,178;0,17199536;0,18927826;0,0001;0;0,0001
2017-11-26 02:00:00+00:00;1,77E-05;0;0;0;0;0;0,171;0,171;0,15022986;0,18961686;0,0001;0;0,0001
2017-11-26 03:00:00+00:00;2,35E-05;0;0;0;0;0;0,16;0,16;0,16556721;0,19334148;0,0001;0;0,0001
2017-11-26 04:00:00+00:00;3,26E-05;0;0;0;0;0;0,154;0,154;0,19096969;0,19130987;0,0001;0;0,0001
2017-11-26 05:00:00+00:00;7,37E-05;0;4,17E-06;0;0;0;0,158;0,158;0,26163707;0,19164847;0,0001;0;0,0001
2017-11-26 06:00:00+00:00;0,00031249;0;3,02E-05;0;0;0;0,149;0,149;0,3600752;0,19334148;0,0001;0;0,0001
2017-11-26 07:00:00+00:00;0,000409;0;7,09E-05;0;0;0,048808561;0,1;0,1;0,44819445;0,25564416;0,0001;0,048808561;0,0001
2017-11-26 08:00:00+00:00;0,00033849;0;0,00011961;0;0;0,209994439;0,101;0,101;0,46809917;0,2421001;0,0001;0,209994439;0,0001
2017-11-26 09:00:00+00:00;0,00010814;0;0,00017295;0;0;0,361720731;0,137;0,137;0,47879866;0,23498947;0,0001;0,361720731;0,0001
2017-11-26 10:00:00+00:00;7,75E-05;0;0,00022871;0;0;0,509402519;0,157;0,157;0,46024724;0,18216763;0,0001;0,509402519;0,0001
2017-11-26 11:00:00+00:00;7,59E-05;0;0,00028724;0;0;0,598879133;0,158;0,158;0,46778904;0,38939177;0,0001;0,598879133;0,0001
2017-11-26 12:00:00+00:00;7,57E-05;0;0,00034481;0;0;0,643456433;0,154;0,154;0,39347058;0,39311639;0,0001;0,643456433;0,0001
2017-11-26 13:00:00+00:00;7,70E-05;0;0,00037687;0;0;0,591550434;0,156;0,156;0,42559724;0,38837597;0,0001;0,591550434;0,0001
2017-11-26 14:00:00+00:00;7,64E-05;0;0,00037561;0;0;0,5332861;0,145;0,145;0,48770785;0,3948094;0,0001;0,5332861;0,0001
2017-11-26 15:00:00+00:00;7,71E-05;0;0,00036955;0;0;0,457775292;0,098;0,098;0,46977669;0,38465135;0,0001;0,457775292;0,0001
2017-11-26 16:00:00+00:00;7,90E-05;0;0,00034111;0;0;0,323737825;0,051;0,051;0,45887985;0,38702156;0,0001;0,323737825;0,0001
2017-11-26 17:00:00+00:00;0,00010461;0;0,00028691;0;0;0,218276347;0,032;0,032;0,45737149;0,69040854;0,0001;0,218276347;0,0001
2017-11-26 18:00:00+00:00;0,00037451;0;0,00023433;0;0;0,096766246;0,039;0,039;0,66236751;0,8790096;0,0001;0,096766246;0,0001
2017-11-26 19:00:00+00:00;0,00039635;0;0,00017781;0;0;0,007051038;0,091;0,091;0,69267569;0,86648134;0,0001;0,007051038;0,0001
2017-11-26 20:00:00+00:00;0,00010273;0;0,00012709;0;0;0;0,149;0,149;0,62544793;0,84210203;0,0001;0;0,0001
2017-11-26 21:00:00+00:00;5,24E-05;0;7,81E-05;0;0;0;0,166;0,166;0,54064143;0,83939322;0,0001;0;0,0001
2017-11-26 22:00:00+00:00;3,36E-05;0;3,68E-05;0;0;0;0,19;0,19;0,46756349;0,5265254;0,0001;0;0,0001
2017-11-26 23:00:00+00:00;7,35E-06;0;6,40E-06;0;0;0;0,205;0,205;0,41230394;0,40530605;0,0001;0;0,0001
2017-11-27 00:00:00+00:00;1,86E-06;0;0;0;0;0;0,159;0,159;0,40198506;0,40598325;0,0001;0;0,0001
2017-11-27 01:00:00+00:00;1,21E-05;0;0;0;0;0;0,079;0,079;0,38719749;0,16693056;0,0001;0;0,0001
2017-11-27 02:00:00+00:00;1,82E-05;0;0;0;0;0;0,039;0,039;0,34136871;0,19435728;0,0001;0;0,0001
2017-11-27 03:00:00+00:00;2,42E-05;0;0;0;0;0;0,028;0,028;0,31380942;0,18758525;0,0001;0;0,0001
2017-11-27 04:00:00+00:00;3,33E-05;0;0;0;0;0;0,038;0,038;0,32026576;0,19097127;0,0001;0;0,0001
2017-11-27 05:00:00+00:00;7,54E-05;0;4,32E-06;0;0;0;0,051;0,051;0,37355176;0,18690805;0,0001;0;0,0001
2017-11-27 06:00:00+00:00;0,00031361;0;3,06E-05;0;0;0;0,06;0,06;0,41443256;0,18623085;0,0001;0;0,0001
2017-11-27 07:00:00+00:00;0,00040846;0;7,10E-05;0;0;0,057354109;0,047;0,047;0,47988411;0,24819493;0,0001;0,057354109;0,0001
2017-11-27 08:00:00+00:00;0,00034014;0;0,00011807;0;0;0,264785903;0,112;0,112;0,48422593;0,24785633;0,0001;0,264785903;0,0001
2017-11-27 09:00:00+00:00;0,00010987;0;0,00017218;0;0;0,464487147;0,164;0,164;0,4999298;0,24311591;0,0001;0,464487147;0,0001
2017-11-27 10:00:00+00:00;7,34E-05;0;0,00022874;0;0;0,622676141;0,147;0,147;0,51419579;0,25564416;0,0001;0,622676141;0,0001
2017-11-27 11:00:00+00:00;7,45E-05;0;0,00028652;0;0;0,731946331;0,121;0,121;0,48206912;0,23431227;0,0001;0,731946331;0,0001
2017-11-27 12:00:00+00:00;7,54E-05;0;0,00034443;0;0;0,749831833;0,107;0,107;0,46403928;0,21128736;0,0001;0,749831833;0,0001
2017-11-27 13:00:00+00:00;7,51E-05;0;0,00037536;0;0;0,79291557;0,104;0,104;0,45924636;0,21670499;0,0001;0,79291557;0,0001
2017-11-27 14:00:00+00:00;7,76E-05;0;0,00037669;0;0;0,708538354;0,101;0,101;0,4821819;0,2207682;0,0001;0,708538354;0,0001
2017-11-27 15:00:00+00:00;7,75E-05;0;0,0003691;0;0;0,626376052;0,086;0,086;0,51553498;0,2187366;0,0001;0,626376052;0,0001
2017-11-27 16:00:00+00:00;8,04E-05;0;0,00034096;0;0;0,485783367;0,053;0,053;0,51082664;0,4174957;0,0001;0,485783367;0,0001
2017-11-27 17:00:00+00:00;0,00010627;0;0,00028593;0;0;0,290929713;0,054;0,054;0,51086893;0,71648086;0,0001;0,290929713;0,0001
2017-11-27 18:00:00+00:00;0,00037499;0;0,0002324;0;0;0,120931977;0,087;0,087;0,67447669;0,88171842;0,0001;0,120931977;0,0001
2017-11-27 19:00:00+00:00;0,00039409;0;0,00017947;0;0;0,006240875;0,159;0,159;0,65919573;0,87630079;0,0001;0,006240875;0,0001
2017-11-27 20:00:00+00:00;0,00010264;0;0,0001265;0;0;0;0,249;0,249;0,63331396;0,87426918;0,0001;0;0,0001
2017-11-27 21:00:00+00:00;5,25E-05;0;7,88E-05;0;0;0;0,262;0,262;0,55466777;0,87291477;0,0001;0;0,0001
2017-11-27 22:00:00+00:00;3,25E-05;0;3,74E-05;0;0;0;0,274;0,274;0,48581888;0,31930125;0,0001;0;0,0001
2017-11-27 23:00:00+00:00;7,28E-06;0;6,42E-06;0;0;0;0,267;0,267;0,45717413;0,15643391;0,0001;0;0,0001
2017-11-28 00:00:00+00:00;1,59E-06;0;0;0;0;0;0,208;0,208;0,47865769;0,15609531;0,0001;0;0,0001
2017-11-28 01:00:00+00:00;1,21E-05;0;0;0;0;0;0,179;0,179;0,4355496;0,15914273;0,0001;0;0,0001
2017-11-28 02:00:00+00:00;1,85E-05;0;0;0;0;0;0,232;0,232;0,42241136;0,19097127;0,0001;0;0,0001
2017-11-28 03:00:00+00:00;2,42E-05;0;0;0;0;0;0,283;0,283;0,4217911;0,19063267;0,0001;0;0,0001
2017-11-28 04:00:00+00:00;3,25E-05;0;0;0;0;0;0,38;0,38;0,41856292;0,18995546;0,0001;0;0,0001
2017-11-28 05:00:00+00:00;7,40E-05;0;3,94E-06;0;0;0;0,442;0,442;0,33334762;0,18758525;0,0001;0;0,0001
2017-11-28 06:00:00+00:00;0,00031401;0;2,97E-05;0;0;0;0,385;0,385;0,34704973;0,18961686;0,0001;0;0,0001
2017-11-28 07:00:00+00:00;0,00041519;0;7,00E-05;0;0;0,055506143;0,321;0,321;0,37809094;0,23295786;0,0001;0,055506143;0,0001
2017-11-28 08:00:00+00:00;0,0003426;0;0,00011872;0;0;0,250883349;0,501;0,501;0,39777011;0,23735968;0,0001;0,250883349;0,0001
2017-11-28 09:00:00+00:00;0,00011083;0;0,00017163;0;0;0,442286587;0,651;0,651;0,4160255;0,23532807;0,0001;0,442286587;0,0001
2017-11-28 10:00:00+00:00;7,41E-05;0;0,00022779;0;0;0,604015055;0,706;0,706;0,42788093;0,23634388;0,0001;0,604015055;0,0001
2017-11-28 11:00:00+00:00;7,35E-05;0;0,00028593;0;0;0,670381614;0,694;0,694;0,41953561;0,23634388;0,0001;0,670381614;0,0001
2017-11-28 12:00:00+00:00;7,45E-05;0;0,00034533;0;0;0,72201226;0,626;0,626;0,39953221;0,20586974;0,0001;0,72201226;0,0001
2017-11-28 13:00:00+00:00;7,62E-05;0;0,00037658;0;0;0,720725437;0,525;0,525;0,40742643;0,21094876;0,0001;0,720725437;0,0001
2017-11-28 14:00:00+00:00;7,93E-05;0;0,00037564;0;0;0,663337778;0,418;0,418;0,4386791;0,20654694;0,0001;0,663337778;0,0001
2017-11-28 15:00:00+00:00;7,85E-05;0;0,00036981;0;0;0,586370993;0,332;0,332;0,46320757;0,19909771;0,0001;0,586370993;0,0001
2017-11-28 16:00:00+00:00;7,90E-05;0;0,00034045;0;0;0,434915089;0,28;0,28;0,43208178;0,39243919;0,0001;0,434915089;0,0001
2017-11-28 17:00:00+00:00;0,00010309;0;0,00028778;0;0;0,265953415;0,291;0,291;0,43115139;0,70632282;0,0001;0,265953415;0,0001
2017-11-28 18:00:00+00:00;0,00037908;0;0,00023401;0;0;0,128242149;0,335;0,335;0,49407962;0,85361449;0,0001;0,128242149;0,0001
2017-11-28 19:00:00+00:00;0,00039208;0;0,00018025;0;0;0,007354709;0,251;0,251;0,54007756;0,8779938;0,0001;0,007354709;0,0001
2017-11-28 20:00:00+00:00;0,00010221;0;0,00012542;0;0;0;0,186;0,186;0,52853226;0,87291477;0,0001;0;0,0001
2017-11-28 21:00:00+00:00;5,19E-05;0;7,77E-05;0;0;0;0,186;0,186;0,49830866;0,84074763;0,0001;0;0,0001
2017-11-28 22:00:00+00:00;3,28E-05;0;3,58E-05;0;0;0;0,203;0,203;0,4444306;0,31489943;0,0001;0;0,0001
2017-11-28 23:00:00+00:00;7,34E-06;0;6,02E-06;0;0;0;0,185;0,185;0,43585973;0,16456035;0,0001;0;0,0001
2017-11-29 00:00:00+00:00;1,66E-06;0;0;0;0;0;0,128;0,128;0,42272149;0,15711111;0,0001;0;0,0001
2017-11-29 01:00:00+00:00;1,14E-05;0;0;0;0;0;0,09;0,09;0,43894693;0,16049713;0,0001;0;0,0001
2017-11-29 02:00:00+00:00;1,78E-05;0;0;0;0;0;0,08;0,08;0,43671964;0,18284483;0,0001;0;0,0001
2017-11-29 03:00:00+00:00;2,35E-05;0;0;0;0;0;0,103;0,103;0,42094529;0,18893966;0,0001;0;0,0001
2017-11-29 04:00:00+00:00;3,25E-05;0;0;0;0;0;0,136;0,136;0,42748622;0,18419924;0,0001;0;0,0001
2017-11-29 05:00:00+00:00;7,42E-05;0;4,06E-06;0;0;0;0,142;0,142;0,48033521;0,18352204;0,0001;0;0,0001
2017-11-29 06:00:00+00:00;0,00031867;0;3,00E-05;0;0;0;0,102;0,102;0,53153488;0,21568918;0,0001;0;0,0001
2017-11-29 07:00:00+00:00;0,00041258;0;7,09E-05;0;0;0,036478939;0,086;0,086;0,43302627;0,18386064;0,0001;0,036478939;0,0001
2017-11-29 08:00:00+00:00;0,0003443;0;0,00011914;0;0;0,182087212;0,156;0,156;0,44490989;0,21568918;0,0001;0,182087212;0,0001
2017-11-29 09:00:00+00:00;0,00010919;0;0,00017247;0;0;0,337438134;0,123;0,123;0,48422593;0,21670499;0,0001;0,337438134;0,0001
2017-11-29 10:00:00+00:00;7,51E-05;0;0,00022832;0;0;0,487693703;0,086;0,086;0,42366598;0,18995546;0,0001;0,487693703;0,0001
2017-11-29 11:00:00+00:00;7,49E-05;0;0,00028612;0;0;0,553249741;0,07;0,07;0,43559189;0,20688554;0,0001;0,553249741;0,0001
2017-11-29 12:00:00+00:00;7,67E-05;0;0,00034476;0;0;0,631215976;0,073;0,073;0,36947778;0,3504526;0,0001;0,631215976;0,0001
2017-11-29 13:00:00+00:00;7,52E-05;0;0,00037588;0;0;0,637673062;0,078;0,078;0,48182948;0,3744933;0,0001;0,637673062;0,0001
2017-11-29 14:00:00+00:00;7,52E-05;0;0,00037718;0;0;0,605779866;0,073;0,073;0,46274237;0,40158143;0,0001;0,605779866;0,0001
2017-11-29 15:00:00+00:00;7,86E-05;0;0,00036929;0;0;0,59402599;0,055;0,055;0,48797569;0,42528354;0,0001;0,59402599;0,0001
2017-11-29 16:00:00+00:00;8,23E-05;0;0,00034003;0;0;0,474946909;0,031;0,031;0,50376414;0,39108478;0,0001;0,474946909;0,0001
2017-11-29 17:00:00+00:00;0,00010643;0;0,00028738;0;0;0,318976954;0,022;0,022;0,51884774;0,71749667;0,0001;0,318976954;0,0001
2017-11-29 18:00:00+00:00;0,00037489;0;0,00023331;0;0;0,146059068;0,009;0,009;0,68493653;0,88341142;0,0001;0,146059068;0,0001
2017-11-29 19:00:00+00:00;0,00039436;0;0,00018053;0;0;0,009824187;0,013;0,013;0,66455252;0,86749715;0,0001;0,009824187;0,0001
2017-11-29 20:00:00+00:00;0,00010201;0;0,00012693;0;0;0;0,073;0,073;0,54220618;0,86546554;0,0001;0;0,0001
2017-11-29 21:00:00+00:00;5,28E-05;0;7,79E-05;0;0;0;0,171;0,171;0,4817308;0,82449476;0,0001;0;0,0001
2017-11-29 22:00:00+00:00;3,25E-05;0;3,64E-05;0;0;0;0,215;0,215;0,40729956;0,308466;0,0001;0;0,0001
2017-11-29 23:00:00+00:00;7,96E-06;0;6,06E-06;0;0;0;0,199;0,199;0,38846621;0,1544023;0,0001;0;0,0001
2017-11-30 00:00:00+00:00;1,80E-07;0;0;0;0;0;0,172;0,172;0,38502658;0,15033909;0,0001;0;0,0001
2017-11-30 01:00:00+00:00;8,86E-06;0;0;0;0;0;0,169;0,169;0,38577371;0,15609531;0,0001;0;0,0001
2017-11-30 02:00:00+00:00;1,43E-05;0;0;0;0;0;0,183;0,183;0,38076934;0,18555364;0,0001;0;0,0001
2017-11-30 03:00:00+00:00;1,94E-05;0;0;0;0;0;0,206;0,206;0,37046456;0,18487644;0,0001;0;0,0001
2017-11-30 04:00:00+00:00;2,78E-05;0;0;0;0;0;0,194;0,194;0,38573142;0,18724665;0,0001;0;0,0001
2017-11-30 05:00:00+00:00;6,66E-05;0;4,20E-06;0;0;0;0,185;0,185;0,36974562;0,18216763;0,0001;0;0,0001
2017-11-30 06:00:00+00:00;0,00030805;0;3,00E-05;0;0;0;0,134;0,134;0,41595501;0,21535058;0,0001;0;0,0001
2017-11-30 07:00:00+00:00;0,00040005;0;7,01E-05;0;0;0,052711851;0,046;0,046;0,41548982;0,21128736;0,0001;0,052711851;0,0001
2017-11-30 08:00:00+00:00;0,00031831;0;0,00011973;0;0;0,252918401;0,082;0,082;0,53637009;0,21602778;0,0001;0,252918401;0,0001
2017-11-30 09:00:00+00:00;8,16E-05;0;0,00017297;0;0;0,456400898;0,156;0,156;0,57571433;0,19909771;0,0001;0,456400898;0,0001
2017-11-30 10:00:00+00:00;4,26E-05;0;0,00022801;0;0;0,622105346;0,199;0,199;0,63198886;0,19503449;0,0001;0,622105346;0,0001
2017-11-30 11:00:00+00:00;4,24E-05;0;0,0002846;0;0;0,745040047;0,21;0,21;0,66104241;0,16625336;0,0001;0,745040047;0,0001
2017-11-30 12:00:00+00:00;4,31E-05;0;0,00034568;0;0;0,80158562;0,207;0,207;0,64211038;0,20214512;0,0001;0,80158562;0,0001
2017-11-30 13:00:00+00:00;4,18E-05;0;0,00037664;0;0;0,804838559;0,166;0,166;0,64531035;0,19875911;0,0001;0,804838559;0,0001
2017-11-30 14:00:00+00:00;4,24E-05;0;0,00037515;0;0;0,78227215;0,105;0,105;0,67714098;0,19605029;0,0001;0,78227215;0,0001
2017-11-30 15:00:00+00:00;4,67E-05;0;0,00036978;0;0;0,699838418;0,056;0,056;0,66692079;0,43374857;0,0001;0,699838418;0,0001
2017-11-30 16:00:00+00:00;5,57E-05;0;0,00034188;0;0;0,545569735;0,041;0,041;0,56851085;0,42325193;0,0001;0,545569735;0,0001
2017-11-30 17:00:00+00:00;8,71E-05;0;0,00028693;0;0;0,358896704;0,054;0,054;0,56931437;0,71749667;0,0001;0,358896704;0,0001
2017-11-30 18:00:00+00:00;0,00036637;0;0,00023208;0;0;0,16239389;0,073;0,073;0,76246907;0,85801631;0,0001;0,16239389;0,0001
2017-11-30 19:00:00+00:00;0,00038942;0;0,00017835;0;0;0,009875514;0,097;0,097;0,78812529;0,87088316;0,0001;0,009875514;0,0001
2017-11-30 20:00:00+00:00;9,73E-05;0;0,00012528;0;0;0;0,116;0,116;0,73943485;0,86207953;0,0001;0;0,0001
2017-11-30 21:00:00+00:00;4,80E-05;0;7,84E-05;0;0;0;0,127;0,127;0,67735244;0,83533;0,0001;0;0,0001
2017-11-30 22:00:00+00:00;2,89E-05;0;3,75E-05;0;0;0;0,156;0,156;0,56993463;0,30575719;0,0001;0;0,0001
2017-11-30 23:00:00+00:00;5,30E-06;0;6,64E-06;0;0;0;0,184;0,184;0,52602302;0,18318343;0,0001;0;0,0001
2017-12-01 00:00:00+00:00;1,80E-07;0;0;0;0;0;0,212;0,212;0,70661745;0,18589225;0,0001;0;0,0001
2017-12-01 01:00:00+00:00;8,86E-06;0;0;0;0;0;0,223;0,223;0,67278507;0,21399617;0,0001;0;0,0001
2017-12-01 02:00:00+00:00;1,42E-05;0;0;0;0;0;0,23;0,23;0,66056312;0,21196457;0,0001;0;0,0001
2017-12-01 03:00:00+00:00;1,95E-05;0;0;0;0;0;0,209;0,209;0,64903192;0,21501198;0,0001;0;0,0001
2017-12-01 04:00:00+00:00;2,78E-05;0;0;0;0;0;0,226;0,226;0,65937899;0,21805939;0,0001;0;0,0001
2017-12-01 05:00:00+00:00;6,82E-05;0;3,93E-06;0;0;0;0,25;0,25;0,65368387;0,21704359;0,0001;0;0,0001
2017-12-01 06:00:00+00:00;0,00031126;0;3,02E-05;0;0;0;0,226;0,226;0,69703161;0,21636638;0,0001;0;0,0001
2017-12-01 07:00:00+00:00;0,00039635;0;7,09E-05;0;0;0,058289249;0,17;0,17;0,70110559;0,21636638;0,0001;0,058289249;0,0001
2017-12-01 08:00:00+00:00;0,00032043;0;0,00011917;0;0;0,273283504;0,266;0,266;0,71104385;0,25124234;0,0001;0,273283504;0,0001
2017-12-01 09:00:00+00:00;7,99E-05;0;0,00017111;0;0;0,490417177;0,371;0,371;0,64580374;0,27189704;0,0001;0,490417177;0,0001
2017-12-01 10:00:00+00:00;4,25E-05;0;0,00022701;0;0;0,65482295;0,387;0,387;0,68658586;0,29289033;0,0001;0,65482295;0,0001
2017-12-01 11:00:00+00:00;4,24E-05;0;0,00028661;0;0;0,761466375;0,372;0,372;0,69893468;0,27155844;0,0001;0,761466375;0,0001
2017-12-01 12:00:00+00:00;4,29E-05;0;0,00034615;0;0;0,817046235;0,34;0,34;0,69779283;0,48487741;0,0001;0,817046235;0,0001
2017-12-01 13:00:00+00:00;4,18E-05;0;0,00037692;0;0;0,835459353;0,293;0,293;0,71186147;0,49368105;0,0001;0,835459353;0,0001
2017-12-01 14:00:00+00:00;4,25E-05;0;0,00037589;0;0;0,763868372;0,244;0,244;0,72987721;0,51027252;0,0001;0,763868372;0,0001
2017-12-01 15:00:00+00:00;4,67E-05;0;0,00036934;0;0;0,675742289;0,195;0,195;0,7179231;0,47742817;0,0001;0,675742289;0,0001
2017-12-01 16:00:00+00:00;5,56E-05;0;0,00034008;0;0;0,532577519;0,148;0,148;0,71606232;0,47810538;0,0001;0,532577519;0,0001
2017-12-01 17:00:00+00:00;8,80E-05;0;0,00028612;0;0;0,339501739;0,143;0,143;0,70864739;0,73002492;0,0001;0,339501739;0,0001
2017-12-01 18:00:00+00:00;0,00036904;0;0,00023299;0;0;0,153115535;0,199;0,199;0,7321327;0,87156037;0,0001;0,153115535;0,0001
2017-12-01 19:00:00+00:00;0,00038947;0;0,00017877;0;0;0,009899382;0,254;0,254;0,88604183;0,8776552;0,0001;0,009899382;0,0001
2017-12-01 20:00:00+00:00;9,85E-05;0;0,00012559;0;0;0;0,29;0,29;0,8009393;0,87528499;0,0001;0;0,0001
2017-12-01 21:00:00+00:00;4,80E-05;0;7,68E-05;0;0;0;0,309;0,309;0,78395263;0,87494638;0,0001;0;0,0001
2017-12-01 22:00:00+00:00;2,90E-05;0;3,63E-05;0;0;0;0,306;0,306;0,7241257;0,37957233;0,0001;0;0,0001
2017-12-01 23:00:00+00:00;5,29E-06;0;6,28E-06;0;0;0;0,285;0,285;0,70557428;0,24887213;0,0001;0;0,0001
2017-12-02 00:00:00+00:00;1,90E-06;0;0;0;0;0;0,254;0,254;0,67965022;0,39345499;0,0001;0;0,0001
2017-12-02 01:00:00+00:00;1,21E-05;0;0;0;0;0;0,233;0,233;0,62064091;0,39379359;0,0001;0;0,0001
2017-12-02 02:00:00+00:00;1,76E-05;0;0;0;0;0;0,214;0,214;0,574502;0,4181729;0,0001;0;0,0001
2017-12-02 03:00:00+00:00;2,39E-05;0;0;0;0;0;0,222;0,222;0,57533371;0,38363555;0,0001;0;0,0001
2017-12-02 04:00:00+00:00;3,30E-05;0;0;0;0;0;0,225;0,225;0,59162965;0,37991093;0,0001;0;0,0001
2017-12-02 05:00:00+00:00;7,54E-05;0;4,25E-06;0;0;0;0,223;0,223;0,64602929;0,38092673;0,0001;0;0,0001
2017-12-02 06:00:00+00:00;0,00032447;0;2,99E-05;0;0;0;0,171;0,171;0,67120622;0,41952731;0,0001;0;0,0001
2017-12-02 07:00:00+00:00;0,00041709;0;7,08E-05;0;0;0,049880239;0,145;0,145;0,71431431;0,41343248;0,0001;0,049880239;0,0001
2017-12-02 08:00:00+00:00;0,00034323;0;0,00011951;0;0;0,231569193;0,284;0,284;0,71370815;0,4178343;0,0001;0,231569193;0,0001
2017-12-02 09:00:00+00:00;0,00010724;0;0,00017206;0;0;0,412292102;0,428;0,428;0,66979654;0,50350049;0,0001;0,412292102;0,0001
2017-12-02 10:00:00+00:00;7,50E-05;0;0,00022831;0;0;0,558045857;0,462;0,462;0,70836545;0,55429072;0,0001;0,558045857;0,0001
2017-12-02 11:00:00+00:00;7,66E-05;0;0,00028583;0;0;0,667510311;0,458;0,458;0,71297511;0,52855701;0,0001;0,667510311;0,0001
2017-12-02 12:00:00+00:00;7,66E-05;0;0,00034343;0;0;0,661444893;0,435;0,435;0,67998854;0,53126582;0,0001;0,661444893;0,0001
2017-12-02 13:00:00+00:00;7,68E-05;0;0,00037648;0;0;0,644937668;0,382;0,382;0,71902265;0,52957281;0,0001;0,644937668;0,0001
2017-12-02 14:00:00+00:00;7,63E-05;0;0,00037466;0;0;0,611666957;0,28;0,28;0,6881647;0,53803785;0,0001;0,611666957;0,0001
2017-12-02 15:00:00+00:00;7,84E-05;0;0,00036897;0;0;0,487950417;0,172;0,172;0,71759887;0,58510346;0,0001;0,487950417;0,0001
2017-12-02 16:00:00+00:00;7,84E-05;0;0,00034062;0;0;0,380556275;0,092;0,092;0,67075512;0,56783479;0,0001;0,380556275;0,0001
2017-12-02 17:00:00+00:00;0,0001066;0;0,00028632;0;0;0,245335704;0,072;0,072;0,71019804;0,7686255;0,0001;0,245335704;0,0001
2017-12-02 18:00:00+00:00;0,00038155;0;0,00023304;0;0;0,121923107;0,094;0,094;0,76861528;0,87528499;0,0001;0,121923107;0,0001
2017-12-02 19:00:00+00:00;0,00039813;0;0,00017887;0;0;0,011648626;0,132;0,132;0,843117;0,87122177;0,0001;0,011648626;0,0001
2017-12-02 20:00:00+00:00;0,0001027;0;0,00012795;0;0;0;0,161;0,161;0,78042842;0,86715855;0,0001;0;0,0001
2017-12-02 21:00:00+00:00;5,26E-05;0;8,07E-05;0;0;0;0,165;0,165;0,71451167;0,86952876;0,0001;0;0,0001
2017-12-02 22:00:00+00:00;3,29E-05;0;3,68E-05;0;0;0;0,157;0,157;0,69175939;0,58544207;0,0001;0;0,0001
2017-12-02 23:00:00+00:00;7,91E-06;0;6,19E-06;0;0;0;0,169;0,169;0,70309324;0,44593823;0,0001;0;0,0001
2017-12-03 00:00:00+00:00;1,66E-06;0;0;0;0;0;0,171;0,171;0,62729461;0,22517003;0,0001;0;0,0001
2017-12-03 01:00:00+00:00;1,20E-05;0;0;0;0;0;0,172;0,172;0,58346758;0,22313842;0,0001;0;0,0001
2017-12-03 02:00:00+00:00;1,82E-05;0;0;0;0;0;0,186;0,186;0,55503429;0,23092625;0,0001;0;0,0001
2017-12-03 03:00:00+00:00;2,39E-05;0;0;0;0;0;0,195;0,195;0,565184;0,24582472;0,0001;0;0,0001
2017-12-03 04:00:00+00:00;3,28E-05;0;0;0;0;0;0,195;0,195;0,57180951;0,24684052;0,0001;0;0,0001
2017-12-03 05:00:00+00:00;7,61E-05;0;4,25E-06;0;0;0;0,193;0,193;0,63239766;0,24819493;0,0001;0;0,0001
2017-12-03 06:00:00+00:00;0,00032286;0;3,04E-05;0;0;0;0,143;0,143;0,65341603;0,23702108;0,0001;0;0,0001
2017-12-03 07:00:00+00:00;0,0004181;0;7,12E-05;0;0;0,032102243;0,075;0,075;0,58445436;0,24819493;0,0001;0,032102243;0,0001
2017-12-03 08:00:00+00:00;0,00034791;0;0,00011927;0;0;0,160112726;0,173;0,173;0,61367708;0,24887213;0,0001;0,160112726;0,0001
2017-12-03 09:00:00+00:00;0,00010765;0;0,00017296;0;0;0,320620504;0,264;0,264;0,61989378;0,24582472;0,0001;0,320620504;0,0001
2017-12-03 10:00:00+00:00;7,56E-05;0;0,00022943;0;0;0,45291241;0,28;0,28;0,64578965;0,24311591;0,0001;0,45291241;0,0001
2017-12-03 11:00:00+00:00;7,54E-05;0;0,00028662;0;0;0,52893418;0,258;0,258;0,60590973;0,27968487;0,0001;0,52893418;0,0001
2017-12-03 12:00:00+00:00;7,59E-05;0;0,00034499;0;0;0,590429152;0,226;0,226;0,6238127;0,26614081;0,0001;0,590429152;0,0001
2017-12-03 13:00:00+00:00;7,49E-05;0;0,00037651;0;0;0,57010797;0,223;0,223;0,62609638;0,28070068;0,0001;0,57010797;0,0001
2017-12-03 14:00:00+00:00;7,65E-05;0;0,00037553;0;0;0,484740408;0,199;0,199;0,59615473;0,28036208;0,0001;0,484740408;0,0001
2017-12-03 15:00:00+00:00;7,70E-05;0;0,00036978;0;0;0,427972994;0,132;0,132;0,55950298;0,49638986;0,0001;0,427972994;0,0001
2017-12-03 16:00:00+00:00;7,89E-05;0;0,00034143;0;0;0,343413566;0,068;0,068;0,58334071;0,483523;0,0001;0,343413566;0,0001
2017-12-03 17:00:00+00:00;0,00010515;0;0,00028857;0;0;0,214169157;0,049;0,049;0,61924532;0,72934772;0,0001;0,214169157;0,0001
2017-12-03 18:00:00+00:00;0,00038402;0;0,00023175;0;0;0,096544359;0,041;0,041;0,73713707;0,87697799;0,0001;0,096544359;0,0001
2017-12-03 19:00:00+00:00;0,00039952;0;0,00017944;0;0;0,009132412;0,043;0,043;0,85765083;0,87291477;0,0001;0,009132412;0,0001
2017-12-03 20:00:00+00:00;0,00010219;0;0,00012777;0;0;0;0,073;0,073;0,79166359;0,86478834;0,0001;0;0,0001
2017-12-03 21:00:00+00:00;5,19E-05;0;7,99E-05;0;0;0;0,121;0,121;0,71648522;0,8773166;0,0001;0;0,0001
2017-12-03 22:00:00+00:00;3,27E-05;0;3,71E-05;0;0;0;0,163;0,163;0,7041364;0,58645787;0,0001;0;0,0001
2017-12-03 23:00:00+00:00;7,59E-06;0;6,18E-06;0;0;0;0,194;0,194;0,64650858;0,21331897;0,0001;0;0,0001
2017-12-04 00:00:00+00:00;1,56E-06;0;0;0;0;0;0,199;0,199;0,66317103;0,24345451;0,0001;0;0,0001
2017-12-04 01:00:00+00:00;1,14E-05;0;0;0;0;0;0,189;0,189;0,65778605;0,23634388;0,0001;0;0,0001
2017-12-04 02:00:00+00:00;1,80E-05;0;0;0;0;0;0,149;0,149;0,61773696;0,23735968;0,0001;0;0,0001
2017-12-04 03:00:00+00:00;2,41E-05;0;0;0;0;0;0,108;0,108;0,63628839;0,23769828;0,0001;0;0,0001
2017-12-04 04:00:00+00:00;3,26E-05;0;0;0;0;0;0,08;0,08;0,6650882;0,25428976;0,0001;0;0,0001
2017-12-04 05:00:00+00:00;7,50E-05;0;4,18E-06;0;0;0;0,066;0,066;0,6979197;0,25767577;0,0001;0;0,0001
2017-12-04 06:00:00+00:00;0,00031968;0;3,03E-05;0;0;0;0,052;0,052;0,69759548;0,25361255;0,0001;0;0,0001
2017-12-04 07:00:00+00:00;0,00041904;0;7,16E-05;0;0;0,04061743;0,017;0,017;0,68974355;0,25191955;0,0001;0,04061743;0,0001
2017-12-04 08:00:00+00:00;0,00034498;0;0,00012051;0;0;0,178719579;0,047;0,047;0,6979338;0,25699857;0,0001;0,178719579;0,0001
2017-12-04 09:00:00+00:00;0,00011082;0;0,00017361;0;0;0,361039853;0,085;0,085;0,6952977;0,25970738;0,0001;0,361039853;0,0001
2017-12-04 10:00:00+00:00;7,21E-05;0;0,0002298;0;0;0,497157426;0,094;0,094;0,68751625;0,25665997;0,0001;0,497157426;0,0001
2017-12-04 11:00:00+00:00;7,68E-05;0;0,00028548;0;0;0,593698099;0,086;0,086;0,69063165;0,25835298;0,0001;0,593698099;0,0001
2017-12-04 12:00:00+00:00;7,87E-05;0;0,00034427;0;0;0,690410218;0,08;0,08;0,69911794;0,25598277;0,0001;0,690410218;0,0001
2017-12-04 13:00:00+00:00;7,72E-05;0;0,00037428;0;0;0,682815336;0,063;0,063;0,70264214;0,3297979;0,0001;0,682815336;0,0001
2017-12-04 14:00:00+00:00;7,96E-05;0;0,00037474;0;0;0,635941242;0,036;0,036;0,71239714;0,58950528;0,0001;0,635941242;0,0001
2017-12-04 15:00:00+00:00;7,94E-05;0;0,00036925;0;0;0,553598364;0,014;0,014;0,69679196;0,58036304;0,0001;0,553598364;0,0001
2017-12-04 16:00:00+00:00;8,12E-05;0;0,00034193;0;0;0,419757429;0,004;0,004;0,70147211;0,5715594;0,0001;0,419757429;0,0001
2017-12-04 17:00:00+00:00;0,00010632;0;0,00028707;0;0;0,283221523;0,003;0,003;0,70760422;0,77268872;0,0001;0,283221523;0,0001
2017-12-04 18:00:00+00:00;0,00038541;0;0,00023497;0;0;0,116624712;0,007;0,007;0,80086882;0,88070261;0,0001;0,116624712;0,0001
2017-12-04 19:00:00+00:00;0,00040014;0;0,00017906;0;0;0,01055772;0,023;0,023;0,88381453;0,88612024;0,0001;0,01055772;0,0001
2017-12-04 20:00:00+00:00;0,00010262;0;0,00012741;0;0;0;0,048;0,048;0,77240733;0,88984485;0,0001;0;0,0001
2017-12-04 21:00:00+00:00;5,20E-05;0;7,87E-05;0;0;0;0,075;0,075;0,72143321;0,8790096;0,0001;0;0,0001
2017-12-04 22:00:00+00:00;3,25E-05;0;3,79E-05;0;0;0;0,081;0,081;0,71131169;0,36805987;0,0001;0;0,0001
2017-12-04 23:00:00+00:00;7,69E-06;0;6,25E-06;0;0;0;0,074;0,074;0,70613815;0,24988794;0,0001;0;0,0001
2017-12-05 00:00:00+00:00;1,71E-06;0;0;0;0;0;0,059;0,059;0,43994781;0,14898468;0,0001;0;0,0001
2017-12-05 01:00:00+00:00;1,22E-05;0;0;0;0;0;0,05;0,05;0,39352696;0,14492146;0,0001;0;0,0001
2017-12-05 02:00:00+00:00;1,76E-05;0;0;0;0;0;0,05;0,05;0,37638522;0,14187405;0,0001;0;0,0001
2017-12-05 03:00:00+00:00;2,37E-05;0;0;0;0;0;0,041;0,041;0,36544609;0,14424426;0,0001;0;0,0001
2017-12-05 04:00:00+00:00;3,28E-05;0;0;0;0;0;0,021;0,021;0,37816142;0,14458286;0,0001;0;0,0001
2017-12-05 05:00:00+00:00;7,42E-05;0;4,04E-06;0;0;0;0,009;0,009;0,40570662;0,12866859;0,0001;0;0,0001
2017-12-05 06:00:00+00:00;0,00032294;0;3,01E-05;0;0;0;0,016;0,016;0,42890999;0,1313774;0,0001;0;0,0001
2017-12-05 07:00:00+00:00;0,00041859;0;7,12E-05;0;0;0,026123155;0,016;0,016;0,47045334;0,17370259;0,0001;0,026123155;0,0001
2017-12-05 08:00:00+00:00;0,000341;0;0,00011951;0;0;0,13521631;0,003;0,003;0,51526715;0,1760728;0,0001;0,13521631;0,0001
2017-12-05 09:00:00+00:00;0,00010979;0;0,00017225;0;0;0,257544062;0,002;0,002;0,48879331;0,17979742;0,0001;0,257544062;0,0001
2017-12-05 10:00:00+00:00;7,89E-05;0;0,00022864;0;0;0,372439609;0,002;0,002;0,43621215;0,14322845;0,0001;0,372439609;0,0001
2017-12-05 11:00:00+00:00;7,82E-05;0;0,00028619;0;0;0,410307474;0,004;0,004;0,48632636;0,14085824;0,0001;0,410307474;0,0001
2017-12-05 12:00:00+00:00;7,59E-05;0;0,00034428;0;0;0,456829785;0,006;0,006;0,42830383;0,15237069;0,0001;0,456829785;0,0001
2017-12-05 13:00:00+00:00;7,52E-05;0;0,00037732;0;0;0,454556046;0,012;0,012;0,4643917;0,16760776;0,0001;0,454556046;0,0001
2017-12-05 14:00:00+00:00;7,55E-05;0;0,00037561;0;0;0,418884175;0,017;0,017;0,42968532;0,18318343;0,0001;0,418884175;0,0001
2017-12-05 15:00:00+00:00;8,01E-05;0;0,00036823;0;0;0,36931689;0,018;0,018;0,44896978;0,39819541;0,0001;0,36931689;0,0001
2017-12-05 16:00:00+00:00;8,14E-05;0;0,00034008;0;0;0,265996;0,017;0,017;0,48400039;0,40733765;0,0001;0,265996;0,0001
2017-12-05 17:00:00+00:00;0,00010747;0;0,00028512;0;0;0,162217641;0,023;0,023;0,58566669;0,68566812;0,0001;0,162217641;0,0001
2017-12-05 18:00:00+00:00;0,0003904;0;0,0002316;0;0;0,07038429;0,043;0,043;0,7720831;0,81839993;0,0001;0,07038429;0,0001
2017-12-05 19:00:00+00:00;0,00040096;0;0,00017882;0;0;0,006734359;0,073;0,073;0,71508964;0,82347895;0,0001;0,006734359;0,0001
2017-12-05 20:00:00+00:00;0,0001038;0;0,00012715;0;0;0;0,099;0,099;0,65672878;0,81873853;0,0001;0;0,0001
2017-12-05 21:00:00+00:00;5,23E-05;0;7,94E-05;0;0;0;0,126;0,126;0,53514367;0,78758719;0,0001;0;0,0001
2017-12-05 22:00:00+00:00;3,28E-05;0;3,72E-05;0;0;0;0,176;0,176;0,47987002;0,26681802;0,0001;0;0,0001
2017-12-05 23:00:00+00:00;7,52E-06;0;6,33E-06;0;0;0;0,223;0,223;0,42566772;0,14627587;0,0001;0;0,0001
2017-12-06 00:00:00+00:00;1,85E-06;0;0;0;0;0;0,277;0,277;0,35136336;0,20112932;0,0001;0;0,0001
2017-12-06 01:00:00+00:00;1,21E-05;0;0;0;0;0;0,318;0,318;0,33905683;0,20079071;0,0001;0;0,0001
2017-12-06 02:00:00+00:00;1,84E-05;0;0;0;0;0;0,324;0,324;0,3440753;0,20180652;0,0001;0;0,0001
2017-12-06 03:00:00+00:00;2,41E-05;0;0;0;0;0;0,405;0,405;0,33983216;0,20891715;0,0001;0;0,0001
2017-12-06 04:00:00+00:00;3,38E-05;0;0;0;0;0;0,592;0,592;0,36932272;0,20959435;0,0001;0;0,0001
2017-12-06 05:00:00+00:00;7,55E-05;0;4,01E-06;0;0;0;0,687;0,687;0,41392507;0,20891715;0,0001;0;0,0001
2017-12-06 06:00:00+00:00;0,00032473;0;2,98E-05;0;0;0;0,694;0,694;0,37315705;0,20857855;0,0001;0;0,0001
2017-12-06 07:00:00+00:00;0,00042791;0;7,15E-05;0;0;0,028645562;0,677;0,677;0,40858237;0,25327395;0,0001;0,028645562;0,0001
2017-12-06 08:00:00+00:00;0,00034988;0;0,00011988;0;0;0,128716634;0,651;0,651;0,40329606;0,25496696;0,0001;0,128716634;0,0001
2017-12-06 09:00:00+00:00;0,00010975;0;0,00017342;0;0;0,254398503;0,655;0,655;0,43944032;0,25090374;0,0001;0,254398503;0,0001
2017-12-06 10:00:00+00:00;7,56E-05;0;0,00022838;0;0;0,350074964;0,604;0,604;0,43219455;0,21433478;0,0001;0,350074964;0,0001
2017-12-06 11:00:00+00:00;7,56E-05;0;0,00028636;0;0;0,506562532;0,448;0,448;0,44185088;0,20688554;0,0001;0,506562532;0,0001
2017-12-06 12:00:00+00:00;7,56E-05;0;0,00034339;0;0;0,641380052;0,307;0,307;0,38890321;0,1980819;0,0001;0,641380052;0,0001
2017-12-06 13:00:00+00:00;7,61E-05;0;0,0003724;0;0;0,604391137;0,245;0,245;0,38956576;0,20112932;0,0001;0,604391137;0,0001
2017-12-06 14:00:00+00:00;7,28E-05;0;0,00037419;0;0;0,657213532;0,183;0,183;0,36874475;0,23194206;0,0001;0,657213532;0,0001
2017-12-06 15:00:00+00:00;7,82E-05;0;0,00036953;0;0;0,571081931;0,113;0,113;0,3498409;0,24684052;0,0001;0,571081931;0,0001
2017-12-06 16:00:00+00:00;8,11E-05;0;0,00034171;0;0;0,444216686;0,07;0,07;0,36089281;0,47573517;0,0001;0,444216686;0,0001
2017-12-06 17:00:00+00:00;0,00010798;0;0,00028757;0;0;0,27997822;0,061;0,061;0,47237051;0,74898661;0,0001;0,27997822;0,0001
2017-12-06 18:00:00+00:00;0,00038791;0;0,00023399;0;0;0,1212076;0,084;0,084;0,56556462;0,88205702;0,0001;0,1212076;0,0001
2017-12-06 19:00:00+00:00;0,00039878;0;0,00018189;0;0;0,009952037;0,122;0,122;0,52858864;0,88950625;0,0001;0,009952037;0,0001
2017-12-06 20:00:00+00:00;0,00010341;0;0,00012808;0;0;0;0,161;0,161;0,49048493;0,87968681;0,0001;0;0,0001
2017-12-06 21:00:00+00:00;5,27E-05;0;7,86E-05;0;0;0;0,18;0,18;0,4608675;0,85056707;0,0001;0;0,0001
2017-12-06 22:00:00+00:00;3,28E-05;0;3,70E-05;0;0;0;0,185;0,185;0,38739484;0,32234867;0,0001;0;0,0001
2017-12-06 23:00:00+00:00;7,42E-06;0;6,23E-06;0;0;0;0,18;0,18;0,40618591;0,1967275;0,0001;0;0,0001
2017-12-07 00:00:00+00:00;2,20E-07;0;0;0;0;0;0,176;0,176;0,31851776;0,17742721;0,0001;0;0,0001
2017-12-07 01:00:00+00:00;8,76E-06;0;0;0;0;0;0,173;0,173;0,30206676;0,17742721;0,0001;0;0,0001
2017-12-07 02:00:00+00:00;1,40E-05;0;0;0;0;0;0,15;0,15;0,28650387;0,17844301;0,0001;0;0,0001
2017-12-07 03:00:00+00:00;1,93E-05;0;0;0;0;0;0,075;0,075;0,2708282;0,17776581;0,0001;0;0,0001
2017-12-07 04:00:00+00:00;2,76E-05;0;0;0;0;0;0,042;0,042;0,26789606;0,20248372;0,0001;0;0,0001
2017-12-07 05:00:00+00:00;6,83E-05;0;4,14E-06;0;0;0;0,039;0,039;0,2832616;0,21501198;0,0001;0;0,0001
2017-12-07 06:00:00+00:00;0,00031555;0;3,01E-05;0;0;0;0,05;0,05;0,25970581;0,21568918;0,0001;0;0,0001
2017-12-07 07:00:00+00:00;0,00040968;0;7,06E-05;0;0;0,023846373;0,02;0,02;0,32422697;0,25259675;0,0001;0,023846373;0,0001
2017-12-07 08:00:00+00:00;0,00032745;0;0,00011909;0;0;0,129379149;0,017;0,017;0,35609989;0,25293535;0,0001;0,129379149;0,0001
2017-12-07 09:00:00+00:00;8,15E-05;0;0,00017224;0;0;0,271890432;0,021;0,021;0,37366454;0,25293535;0,0001;0,271890432;0,0001
2017-12-07 10:00:00+00:00;4,25E-05;0;0,00022833;0;0;0,423849644;0,013;0,013;0,3774002;0,22652443;0,0001;0,423849644;0,0001
2017-12-07 11:00:00+00:00;4,23E-05;0;0,00028548;0;0;0,53000766;0,003;0,003;0,41462991;0,22246121;0,0001;0,53000766;0,0001
2017-12-07 12:00:00+00:00;4,30E-05;0;0,0003459;0;0;0,612059041;0,001;0,001;0,36648926;0,22110681;0,0001;0,612059041;0,0001
2017-12-07 13:00:00+00:00;4,18E-05;0;0,00037643;0;0;0,611761287;0,001;0,001;0,42945977;0,21636638;0,0001;0,611761287;0,0001
2017-12-07 14:00:00+00:00;4,24E-05;0;0,00037485;0;0;0,632405679;0,001;0,001;0,42989677;0,40192003;0,0001;0,632405679;0,0001
2017-12-07 15:00:00+00:00;4,68E-05;0;0,00037034;0;0;0,581284501;0;0;0,45436869;0,39695106;0,0001;0,581284501;0,0001
2017-12-07 16:00:00+00:00;5,57E-05;0;0,00034189;0;0;0,427636591;0;0;0,41470275;0,45181298;0,0001;0,427636591;0,0001
2017-12-07 17:00:00+00:00;8,81E-05;0;0,0002876;0;0;0,270416762;0;0;0,41538763;0,75859445;0,0001;0,270416762;0,0001
2017-12-07 18:00:00+00:00;0,00037492;0;0,00023345;0;0;0,115625734;0;0;0,67313742;0,8881688;0,0001;0,115625734;0,0001
2017-12-07 19:00:00+00:00;0,00039559;0;0,00017955;0;0;0,009541274;0;0;0,66982918;0,89180031;0,0001;0,009541274;0,0001
2017-12-07 20:00:00+00:00;9,87E-05;0;0,00012616;0;0;0;0,001;0,001;0,57178782;0,86087751;0,0001;0;0,0001
2017-12-07 21:00:00+00:00;4,81E-05;0;7,81E-05;0;0;0;0,001;0,001;0,44640244;0,8514136;0,0001;0;0,0001
2017-12-07 22:00:00+00:00;2,91E-05;0;3,66E-05;0;0;0;0,002;0,002;0,38440685;0,32370309;0,0001;0;0,0001
2017-12-07 23:00:00+00:00;5,39E-06;0;6,40E-06;0;0;0;0,001;0,001;0,33147274;0,17776581;0,0001;0;0,0001
2017-12-08 00:00:00+00:00;2,10E-07;0;0;0;0;0;0,002;0,002;0,24201429;0,17708861;0,0001;0;0,0001
2017-12-08 01:00:00+00:00;8,82E-06;0;0;0;0;0;0,005;0,005;0,26385027;0,17404119;0,0001;0;0,0001
2017-12-08 02:00:00+00:00;1,41E-05;0;0;0;0;0;0,027;0,027;0,2482028;0,17471839;0,0001;0;0,0001
2017-12-08 03:00:00+00:00;1,94E-05;0;0;0;0;0;0,07;0,07;0,24298697;0,17945882;0,0001;0;0,0001
2017-12-08 04:00:00+00:00;2,77E-05;0;0;0;0;0;0,099;0,099;0,25802828;0,19300288;0,0001;0;0,0001
2017-12-08 05:00:00+00:00;6,88E-05;0;4,24E-06;0;0;0;0,101;0,101;0,2774819;0,19435728;0,0001;0;0,0001
2017-12-08 06:00:00+00:00;0,00031722;0;3,01E-05;0;0;0;0,063;0,063;0,28974614;0,21602778;0,0001;0;0,0001
2017-12-08 07:00:00+00:00;0,00040827;0;7,16E-05;0;0;0,0324047;0,017;0,017;0,35767874;0,22279981;0,0001;0,0324047;0,0001
2017-12-08 08:00:00+00:00;0,00032642;0;0,00011954;0;0;0,133001805;0,015;0,015;0,34975632;0,25530556;0,0001;0,133001805;0,0001
2017-12-08 09:00:00+00:00;8,09E-05;0;0,00017155;0;0;0,287171748;0,008;0,008;0,32838554;0,25598277;0,0001;0,287171748;0,0001
2017-12-08 10:00:00+00:00;4,24E-05;0;0,00022695;0;0;0,404389968;0,001;0,001;0,34991139;0,25395116;0,0001;0,404389968;0,0001
2017-12-08 11:00:00+00:00;4,22E-05;0;0,00028497;0;0;0,536382679;0;0;0,3312331;0,19300288;0,0001;0,536382679;0,0001
2017-12-08 12:00:00+00:00;4,30E-05;0;0,0003454;0;0;0,623875669;0;0;0,30309583;0,17878161;0,0001;0,623875669;0,0001
2017-12-08 13:00:00+00:00;4,19E-05;0;0,00037593;0;0;0,615504935;0;0;0,35411224;0,21839799;0,0001;0,615504935;0,0001
2017-12-08 14:00:00+00:00;4,24E-05;0;0,00037588;0;0;0,619084549;0;0;0,36863197;0,23228066;0,0001;0,619084549;0,0001
2017-12-08 15:00:00+00:00;4,68E-05;0;0,00036997;0;0;0,541246204;0,001;0,001;0,38637987;0,22957185;0,0001;0,541246204;0,0001
2017-12-08 16:00:00+00:00;5,55E-05;0;0,00034038;0;0;0,407634671;0,003;0,003;0,41570127;0,44830844;0,0001;0,407634671;0,0001
2017-12-08 17:00:00+00:00;8,83E-05;0;0,00028753;0;0;0,27448677;0,006;0,006;0,4479689;0,73578115;0,0001;0,27448677;0,0001
2017-12-08 18:00:00+00:00;0,00037807;0;0,00023383;0;0;0,110781825;0,014;0,014;0,68182113;0,88882905;0,0001;0,110781825;0,0001
2017-12-08 19:00:00+00:00;0,0003974;0;0,00017895;0;0;0,009765995;0,034;0,034;0,69338053;0,89187646;0,0001;0,009765995;0,0001
2017-12-08 20:00:00+00:00;9,96E-05;0;0,00012796;0;0;0;0,067;0,067;0,59253184;0,85869351;0,0001;0;0,0001
2017-12-08 21:00:00+00:00;4,78E-05;0;7,73E-05;0;0;0;0,115;0,115;0,49954918;0,84447224;0,0001;0;0,0001
2017-12-08 22:00:00+00:00;2,91E-05;0;3,61E-05;0;0;0;0,155;0,155;0,46773265;0,32099426;0,0001;0;0,0001
2017-12-08 23:00:00+00:00;5,44E-06;0;6,20E-06;0;0;0;0,161;0,161;0,36513596;0,17404119;0,0001;0;0,0001
2017-12-09 00:00:00+00:00;1,90E-06;0;0;0;0;0;0,125;0,125;0,32642608;0,16456035;0,0001;0;0,0001
2017-12-09 01:00:00+00:00;1,21E-05;0;0;0;0;0;0,102;0,102;0,30137602;0,16625336;0,0001;0;0,0001
2017-12-09 02:00:00+00:00;1,81E-05;0;0;0;0;0;0,111;0,111;0,32304284;0,17065518;0,0001;0;0,0001
2017-12-09 03:00:00+00:00;2,37E-05;0;0;0;0;0;0,139;0,139;0,33052825;0,16523755;0,0001;0;0,0001
2017-12-09 04:00:00+00:00;3,23E-05;0;0;0;0;0;0,194;0,194;0,32782166;0,16693056;0,0001;0;0,0001
2017-12-09 05:00:00+00:00;7,74E-05;0;4,09E-06;0;0;0;0,228;0,228;0,31578297;0,18860106;0,0001;0;0,0001
2017-12-09 06:00:00+00:00;0,00032621;0;2,97E-05;0;0;0;0,167;0,167;0,24236671;0,19097127;0,0001;0;0,0001
2017-12-09 07:00:00+00:00;0,00043049;0;7,04E-05;0;0;0,027545739;0,027;0,027;0,268615;0,22212261;0,0001;0,027545739;0,0001
2017-12-09 08:00:00+00:00;0,00035257;0;0,00011922;0;0;0,124155344;0,007;0,007;0,27594535;0,220091;0,0001;0,124155344;0,0001
2017-12-09 09:00:00+00:00;0,00011585;0;0,00017282;0;0;0,254038166;0,009;0,009;0,27827132;0,2207682;0,0001;0,254038166;0,0001
2017-12-09 10:00:00+00:00;7,97E-05;0;0,00022949;0;0;0,402906679;0,009;0,009;0,29162102;0,21602778;0,0001;0,402906679;0,0001
2017-12-09 11:00:00+00:00;7,70E-05;0;0,00028667;0;0;0,538138176;0,007;0,007;0,31980057;0,17471839;0,0001;0,538138176;0,0001
2017-12-09 12:00:00+00:00;7,41E-05;0;0,00034309;0;0;0,602849637;0,006;0,006;0,32611595;0,17708861;0,0001;0,602849637;0,0001
2017-12-09 13:00:00+00:00;7,42E-05;0;0,00037451;0;0;0,669603798;0,004;0,004;0,32996438;0,16963937;0,0001;0,669603798;0,0001
2017-12-09 14:00:00+00:00;7,26E-05;0;0,00037453;0;0;0,62523163;0,001;0,001;0,36777207;0,1753956;0,0001;0,62523163;0,0001
2017-12-09 15:00:00+00:00;7,46E-05;0;0,00036983;0;0;0,523441393;0;0;0,43146152;0,39243919;0,0001;0,523441393;0,0001
2017-12-09 16:00:00+00:00;7,85E-05;0;0,00034099;0;0;0,38971666;0;0;0,31558562;0,38600576;0,0001;0,38971666;0,0001
2017-12-09 17:00:00+00:00;0,00010514;0;0,00028935;0;0;0,254064943;0;0;0,32208426;0,71715807;0,0001;0,254064943;0,0001
2017-12-09 18:00:00+00:00;0,00038952;0;0,00023628;0;0;0,094941292;0,006;0,006;0,47156699;0,85327588;0,0001;0,094941292;0,0001
2017-12-09 19:00:00+00:00;0,00040788;0;0,00017938;0;0;0,012862645;0,033;0,033;0,45520057;0,87122177;0,0001;0,012862645;0,0001
2017-12-09 20:00:00+00:00;0,0001035;0;0,00012567;0;0;0;0,052;0,052;0,44865965;0,87596219;0,0001;0;0,0001
2017-12-09 21:00:00+00:00;5,29E-05;0;7,82E-05;0;0;0;0,055;0,055;0,45914769;0,82923518;0,0001;0;0,0001
2017-12-09 22:00:00+00:00;3,26E-05;0;3,68E-05;0;0;0;0,062;0,062;0,3725227;0,31659244;0,0001;0;0,0001
2017-12-09 23:00:00+00:00;7,36E-06;0;5,99E-06;0;0;0;0,063;0,063;0,31055305;0,16625336;0,0001;0;0,0001
2017-12-10 00:00:00+00:00;1,60E-06;0;0;0;0;0;0,043;0,043;0,33864803;0,07279933;0,0001;0;0,0001
2017-12-10 01:00:00+00:00;1,21E-05;0;0;0;0;0;0,018;0,018;0,33894406;0,07313793;0,0001;0;0,0001
2017-12-10 02:00:00+00:00;1,75E-05;0;0;0;0;0;0,009;0,009;0,32018118;0,07347653;0,0001;0;0,0001
2017-12-10 03:00:00+00:00;2,41E-05;0;0;0;0;0;0,016;0,016;0,36306373;0,08397318;0,0001;0;0,0001
2017-12-10 04:00:00+00:00;3,31E-05;0;0;0;0;0;0,057;0,057;0,37687861;0,10733669;0,0001;0;0,0001
2017-12-10 05:00:00+00:00;7,63E-05;0;4,34E-06;0;0;0;0,113;0,113;0,38239047;0,10733669;0,0001;0;0,0001
2017-12-10 06:00:00+00:00;0,00033208;0;3,08E-05;0;0;0;0,124;0,124;0,38234818;0,10733669;0,0001;0;0,0001
2017-12-10 07:00:00+00:00;0,00043137;0;7,09E-05;0;0;0,019081388;0,048;0,048;0,44651693;0,12358956;0,0001;0,019081388;0,0001
2017-12-10 08:00:00+00:00;0,00035493;0;0,00011881;0;0;0,122369536;0,023;0,023;0,53896391;0,12325096;0,0001;0,122369536;0,0001
2017-12-10 09:00:00+00:00;0,00011076;0;0,00017178;0;0;0,269802552;0,02;0,02;0,52822213;0,12257376;0,0001;0,269802552;0,0001
2017-12-10 10:00:00+00:00;7,41E-05;0;0,00022764;0;0;0,455619595;0,01;0,01;0,54721055;0,10462788;0,0001;0,455619595;0,0001
2017-12-10 11:00:00+00:00;7,46E-05;0;0,00028578;0;0;0,551561394;0,002;0,002;0,54113482;0,08261878;0,0001;0,551561394;0,0001
2017-12-10 12:00:00+00:00;7,58E-05;0;0,00034548;0;0;0,647012263;0,001;0,001;0,48739772;0,08397318;0,0001;0,647012263;0,0001
2017-12-10 13:00:00+00:00;7,51E-05;0;0,00037846;0;0;0,663725436;0,002;0,002;0,4977166;0,08261878;0,0001;0,663725436;0,0001
2017-12-10 14:00:00+00:00;7,53E-05;0;0,00037536;0;0;0,671179009;0,005;0,005;0,51172884;0,08431178;0,0001;0,671179009;0,0001
2017-12-10 15:00:00+00:00;7,66E-05;0;0,00036889;0;0;0,595263047;0,005;0,005;0,55034004;0,08295738;0,0001;0,595263047;0,0001
2017-12-10 16:00:00+00:00;8,17E-05;0;0,00033917;0;0;0,439712055;0,006;0,006;0,51600018;0,29966236;0,0001;0,439712055;0,0001
2017-12-10 17:00:00+00:00;0,00010763;0;0,00028454;0;0;0,277796792;0,012;0,012;0,52947674;0,35891763;0,0001;0,277796792;0,0001
2017-12-10 18:00:00+00:00;0,00038933;0;0,00023452;0;0;0,119552991;0,029;0,029;0,75764795;0,5058707;0,0001;0,119552991;0,0001
2017-12-10 19:00:00+00:00;0,00040828;0;0,00018002;0;0;0,014054228;0,053;0,053;0,79301689;0,5048549;0,0001;0,014054228;0,0001
2017-12-10 20:00:00+00:00;0,00010374;0;0,00012557;0;0;0;0,089;0,089;0,72112308;0,50654791;0,0001;0;0,0001
2017-12-10 21:00:00+00:00;5,21E-05;0;7,84E-05;0;0;0;0,13;0,13;0,6144806;0,47099474;0,0001;0;0,0001
2017-12-10 22:00:00+00:00;3,29E-05;0;3,73E-05;0;0;0;0,153;0,153;0,51202487;0,18927826;0,0001;0;0,0001
2017-12-10 23:00:00+00:00;7,34E-06;0;6,27E-06;0;0;0;0,145;0,145;0,41936644;0,06230268;0,0001;0;0,0001
2017-12-11 00:00:00+00:00;1,81E-06;0;0;0;0;0;0,115;0,115;0,23069454;0,14085824;0,0001;0;0,0001
2017-12-11 01:00:00+00:00;1,19E-05;0;0;0;0;0;0,072;0,072;0,24277552;0,13747223;0,0001;0;0,0001
2017-12-11 02:00:00+00:00;1,83E-05;0;0;0;0;0;0,044;0,044;0,28833646;0,14661447;0,0001;0;0,0001
2017-12-11 03:00:00+00:00;2,45E-05;0;0;0;0;0;0,058;0,058;0,25633666;0,14356705;0,0001;0;0,0001
2017-12-11 04:00:00+00:00;3,33E-05;0;0;0;0;0;0,082;0,082;0,2024586;0,17200958;0,0001;0;0,0001
2017-12-11 05:00:00+00:00;7,51E-05;0;4,07E-06;0;0;0;0,144;0,144;0,24776579;0,17912022;0,0001;0;0,0001
2017-12-11 06:00:00+00:00;0,00032872;0;3,01E-05;0;0;0;0,197;0,197;0,22872098;0,1764114;0,0001;0;0,0001
2017-12-11 07:00:00+00:00;0,00043414;0;7,06E-05;0;0;0,039951929;0,17;0,17;0,2832475;0,20722414;0,0001;0,039951929;0,0001
2017-12-11 08:00:00+00:00;0,0003574;0;0,00011999;0;0;0,218792887;0,148;0,148;0,30571784;0,20586974;0,0001;0,218792887;0,0001
2017-12-11 09:00:00+00:00;0,00011308;0;0,00017315;0;0;0,420469266;0,201;0,201;0,26394895;0,18386064;0,0001;0,420469266;0,0001
2017-12-11 10:00:00+00:00;7,46E-05;0;0,00022927;0;0;0,60727252;0,254;0,254;0,26440005;0,1537251;0,0001;0,60727252;0,0001
2017-12-11 11:00:00+00:00;7,33E-05;0;0,00028663;0;0;0,725737978;0,298;0,298;0,27275946;0,36602827;0,0001;0,725737978;0,0001
2017-12-11 12:00:00+00:00;7,58E-05;0;0,00034417;0;0;0,787038318;0,293;0,293;0,29200163;0,36941428;0,0001;0,787038318;0,0001
2017-12-11 13:00:00+00:00;7,40E-05;0;0,0003743;0;0;0,8036319;0,243;0,243;0,35122239;0,35824043;0,0001;0,8036319;0,0001
2017-12-11 14:00:00+00:00;7,44E-05;0;0,00037362;0;0;0,777361592;0,173;0,173;0,38374377;0,3521456;0,0001;0,777361592;0,0001
2017-12-11 15:00:00+00:00;7,90E-05;0;0,00037037;0;0;0,712575907;0,099;0,099;0,3565087;0,37043009;0,0001;0,712575907;0,0001
2017-12-11 16:00:00+00:00;7,98E-05;0;0,00034099;0;0;0,576892532;0,061;0,061;0,34975632;0,36704407;0,0001;0,576892532;0,0001
2017-12-11 17:00:00+00:00;0,00010927;0;0,00028625;0;0;0,416384312;0,076;0,076;0,33532117;0,64334293;0,0001;0,416384312;0,0001
2017-12-11 18:00:00+00:00;0,00039427;0;0,00023075;0;0;0,201097779;0,122;0,122;0,6393474;0,8570005;0,0001;0,201097779;0,0001
2017-12-11 19:00:00+00:00;0,00040578;0;0,000178;0;0;0,012628511;0,182;0,182;0,66752695;0,82652636;0,0001;0,012628511;0,0001
2017-12-11 20:00:00+00:00;0,00010428;0;0,00012484;0;0;0;0,207;0,207;0,58452485;0,82855797;0,0001;0;0,0001
2017-12-11 21:00:00+00:00;5,18E-05;0;7,78E-05;0;0;0;0,283;0,283;0,50730244;0,82280175;0,0001;0;0,0001
2017-12-11 22:00:00+00:00;3,23E-05;0;3,65E-05;0;0;0;0,372;0,372;0,39239922;0,29966236;0,0001;0;0,0001
2017-12-11 23:00:00+00:00;7,69E-06;0;6,21E-06;0;0;0;0,467;0,467;0,29610381;0,14424426;0,0001;0;0,0001
2017-12-12 00:00:00+00:00;1,77E-06;0;0;0;0;0;0,402;0,402;0,58094425;0,22517003;0,0001;0;0,0001
2017-12-12 01:00:00+00:00;1,21E-05;0;0;0;0;0;0,369;0,369;0,58989574;0,2424387;0,0001;0;0,0001
2017-12-12 02:00:00+00:00;1,86E-05;0;0;0;0;0;0,371;0,371;0,56390119;0,24480891;0,0001;0;0,0001
2017-12-12 03:00:00+00:00;2,43E-05;0;0;0;0;0;0,365;0,365;0,5518484;0,24345451;0,0001;0;0,0001
2017-12-12 04:00:00+00:00;3,31E-05;0;0;0;0;0;0,36;0,36;0,55015679;0,2414229;0,0001;0;0,0001
2017-12-12 05:00:00+00:00;7,59E-05;0;4,12E-06;0;0;0;0,385;0,385;0,48113873;0,23972989;0,0001;0;0,0001
2017-12-12 06:00:00+00:00;0,00033256;0;3,00E-05;0;0;0;0,369;0,369;0,45252218;0,22144541;0,0001;0;0,0001
2017-12-12 07:00:00+00:00;0,00043478;0;7,05E-05;0;0;0,048200989;0,283;0,283;0,47823478;0,24988794;0,0001;0,048200989;0,0001
2017-12-12 08:00:00+00:00;0,00035835;0;0,00011822;0;0;0,281677747;0,469;0,469;0,48549465;0,25293535;0,0001;0,281677747;0,0001
2017-12-12 09:00:00+00:00;0,00011211;0;0,00017172;0;0;0,513010537;0,674;0,674;0,52792609;0,25158095;0,0001;0,513010537;0,0001
2017-12-12 10:00:00+00:00;7,50E-05;0;0,0002267;0;0;0,697172111;0,75;0,75;0,53349434;0,25428976;0,0001;0,697172111;0,0001
2017-12-12 11:00:00+00:00;7,55E-05;0;0,00028379;0;0;0,813855607;0,789;0,789;0,47145421;0,29289033;0,0001;0,813855607;0,0001
2017-12-12 12:00:00+00:00;7,78E-05;0;0,0003431;0;0;0,876515689;0,764;0,764;0,42205894;0,24413171;0,0001;0,876515689;0,0001
2017-12-12 13:00:00+00:00;7,27E-05;0;0,00037636;0;0;0,885985965;0,685;0,685;0,45628603;0,23837548;0,0001;0,885985965;0,0001
2017-12-12 14:00:00+00:00;7,61E-05;0;0,00037639;0;0;0,845890676;0,606;0,606;0,50780992;0,24717913;0,0001;0,845890676;0,0001
2017-12-12 15:00:00+00:00;7,72E-05;0;0,00036948;0;0;0,760269508;0,524;0,524;0,56767914;0,4831844;0,0001;0,760269508;0,0001
2017-12-12 16:00:00+00:00;7,93E-05;0;0,00034132;0;0;0,608313363;0,488;0,488;0,58256539;0,49503546;0,0001;0,608313363;0,0001
2017-12-12 17:00:00+00:00;0,00010382;0;0,00028925;0;0;0,422354823;0,493;0,493;0,60255468;0,75304983;0,0001;0,422354823;0,0001
2017-12-12 18:00:00+00:00;0,00039229;0;0,0002341;0;0;0,208969055;0,528;0,528;0,71043769;0,85937071;0,0001;0,208969055;0,0001
2017-12-12 19:00:00+00:00;0,00041011;0;0,00018032;0;0;0,017162959;0,53;0,53;0,74755463;0,89492388;0,0001;0,017162959;0,0001
2017-12-12 20:00:00+00:00;0,00010407;0;0,00012712;0;0;0;0,505;0,505;0,71108614;0,88171842;0,0001;0;0,0001
2017-12-12 21:00:00+00:00;5,22E-05;0;7,85E-05;0;0;0;0,428;0,428;0,64150421;0,87630079;0,0001;0;0,0001
2017-12-12 22:00:00+00:00;3,23E-05;0;3,68E-05;0;0;0;0,289;0,289;0,60268156;0,34368056;0,0001;0;0,0001
2017-12-12 23:00:00+00:00;7,55E-06;0;6,33E-06;0;0;0;0,247;0,247;0,59501288;0,22584723;0,0001;0;0,0001
2017-12-13 00:00:00+00:00;2,58E-06;0;0;0;0;0;0,234;0,234;0,55210215;0,22178401;0,0001;0;0,0001
2017-12-13 01:00:00+00:00;1,18E-05;0;0;0;0;0;0,232;0,232;0,51375878;0,22618583;0,0001;0;0,0001
2017-12-13 02:00:00+00:00;1,82E-05;0;0;0;0;0;0,223;0,223;0,52868732;0,220091;0,0001;0;0,0001
2017-12-13 03:00:00+00:00;2,40E-05;0;0;0;0;0;0,222;0,222;0,49691308;0,22313842;0,0001;0;0,0001
2017-12-13 04:00:00+00:00;3,34E-05;0;0;0;0;0;0,213;0,213;0,49764611;0,22957185;0,0001;0;0,0001
2017-12-13 05:00:00+00:00;7,71E-05;0;4,15E-06;0;0;0;0,212;0,212;0,46329215;0,22483142;0,0001;0;0,0001
2017-12-13 06:00:00+00:00;0,00033199;0;2,94E-05;0;0;0;0,183;0,183;0,5354256;0,22787884;0,0001;0;0,0001
2017-12-13 07:00:00+00:00;0,00043381;0;6,97E-05;0;0;0,044583609;0,147;0,147;0,56508532;0,22584723;0,0001;0,044583609;0,0001
2017-12-13 08:00:00+00:00;0,00035892;0;0,00011826;0;0;0,281633043;0,246;0,246;0,57970373;0,23160346;0,0001;0,281633043;0,0001
2017-12-13 09:00:00+00:00;0,00011115;0;0,00017064;0;0;0,509480278;0,395;0,395;0,54303789;0,26072319;0,0001;0,509480278;0,0001
2017-12-13 10:00:00+00:00;7,32E-05;0;0,00022693;0;0;0,683074788;0,574;0,574;0,54690042;0,27020403;0,0001;0,683074788;0,0001
2017-12-13 11:00:00+00:00;7,37E-05;0;0,00028554;0;0;0,801500577;0,58;0,58;0,57864647;0,29255173;0,0001;0,801500577;0,0001
2017-12-13 12:00:00+00:00;7,64E-05;0;0,00034306;0;0;0,864321888;0,589;0,589;0,55730388;0,28984292;0,0001;0,864321888;0,0001
2017-12-13 13:00:00+00:00;7,65E-05;0;0,00037672;0;0;0,874903184;0,646;0,646;0,59554856;0,29390614;0,0001;0,874903184;0,0001
2017-12-13 14:00:00+00:00;7,56E-05;0;0,00037604;0;0;0,835160975;0,615;0,615;0,60356966;0,29390614;0,0001;0,835160975;0,0001
2017-12-13 15:00:00+00:00;7,93E-05;0;0,00036997;0;0;0,744200711;0,506;0,506;0,59601376;0,51162693;0,0001;0,744200711;0,0001
2017-12-13 16:00:00+00:00;8,09E-05;0;0,00034109;0;0;0,602966567;0,341;0,341;0,56836988;0,48047559;0,0001;0,602966567;0,0001
2017-12-13 17:00:00+00:00;0,0001055;0;0,00028732;0;0;0,403783389;0,273;0,273;0,56574788;0,73713556;0,0001;0,403783389;0,0001
2017-12-13 18:00:00+00:00;0,00039586;0;0,0002332;0;0;0,196876376;0,258;0,258;0,61252114;0,89661688;0,0001;0,196876376;0,0001
2017-12-13 19:00:00+00:00;0,00041086;0;0,00017915;0;0;0,016507603;0,22;0,22;0,70020339;0,89797129;0,0001;0,016507603;0,0001
2017-12-13 20:00:00+00:00;0,00010454;0;0,00012798;0;0;0;0,217;0,217;0,65920982;0,89086066;0,0001;0;0,0001
2017-12-13 21:00:00+00:00;5,22E-05;0;7,87E-05;0;0;0;0,235;0,235;0,63610513;0,89018345;0,0001;0;0,0001
2017-12-13 22:00:00+00:00;3,27E-05;0;3,67E-05;0;0;0;0,235;0,235;0,62657567;0,33250671;0,0001;0;0,0001
2017-12-13 23:00:00+00:00;7,38E-06;0;6,26E-06;0;0;0;0,202;0,202;0,63545667;0,21772079;0,0001;0;0,0001
2017-12-14 00:00:00+00:00;1,80E-07;0;0;0;0;0;0,171;0,171;0,55915056;0,21399617;0,0001;0;0,0001
2017-12-14 01:00:00+00:00;8,72E-06;0;0;0;0;0;0,15;0,15;0,51296936;0,17979742;0,0001;0;0,0001
2017-12-14 02:00:00+00:00;1,41E-05;0;0;0;0;0;0,15;0,15;0,44717948;0,22618583;0,0001;0;0,0001
2017-12-14 03:00:00+00:00;1,94E-05;0;0;0;0;0;0,156;0,156;0,42425804;0,22652443;0,0001;0;0,0001
2017-12-14 04:00:00+00:00;2,76E-05;0;0;0;0;0;0,165;0,165;0,45727281;0,2207682;0,0001;0;0,0001
2017-12-14 05:00:00+00:00;6,79E-05;0;4,17E-06;0;0;0;0,17;0,17;0,42334175;0,2187366;0,0001;0;0,0001
2017-12-14 06:00:00+00:00;0,00032079;0;3,03E-05;0;0;0;0,13;0,13;0,49837915;0,1970661;0,0001;0;0,0001
2017-12-14 07:00:00+00:00;0,00041828;0;7,07E-05;0;0;0,03720043;0,1;0,1;0,4883845;0,20891715;0,0001;0,03720043;0,0001
2017-12-14 08:00:00+00:00;0,00033724;0;0,00011911;0;0;0,200351169;0,251;0,251;0,55252505;0,20485393;0,0001;0,200351169;0,0001
2017-12-14 09:00:00+00:00;8,29E-05;0;0,00017183;0;0;0,385790851;0,39;0,39;0,55661313;0,21230317;0,0001;0,385790851;0,0001
2017-12-14 10:00:00+00:00;4,25E-05;0;0,0002279;0;0;0,577504314;0,426;0,426;0,56194173;0,19401868;0,0001;0,577504314;0,0001
2017-12-14 11:00:00+00:00;4,23E-05;0;0,00028587;0;0;0,705522515;0,396;0,396;0,59264462;0,22483142;0,0001;0,705522515;0,0001
2017-12-14 12:00:00+00:00;4,31E-05;0;0,00034585;0;0;0,749344993;0,347;0,347;0,57114696;0,24311591;0,0001;0,749344993;0,0001
2017-12-14 13:00:00+00:00;4,18E-05;0;0,00037484;0;0;0,767643281;0,289;0,289;0,62348847;0,22991045;0,0001;0,767643281;0,0001
2017-12-14 14:00:00+00:00;4,24E-05;0;0,00037485;0;0;0,726957813;0,208;0,208;0,65760279;0,23160346;0,0001;0,726957813;0,0001
2017-12-14 15:00:00+00:00;4,68E-05;0;0,00036927;0;0;0,620161804;0,148;0,148;0,65272529;0,22787884;0,0001;0,620161804;0,0001
2017-12-14 16:00:00+00:00;5,56E-05;0;0,00034067;0;0;0,487000612;0,125;0,125;0,63318708;0,44390662;0,0001;0,487000612;0,0001
2017-12-14 17:00:00+00:00;8,91E-05;0;0,00028614;0;0;0,311672751;0,113;0,113;0,67684495;0,69582617;0,0001;0,311672751;0,0001
2017-12-14 18:00:00+00:00;0,00038621;0;0,00023162;0;0;0,153484052;0,116;0,116;0,79982565;0,81501391;0,0001;0,153484052;0,0001
2017-12-14 19:00:00+00:00;0,00040692;0;0,00017798;0;0;0,018181876;0,139;0,139;0,82063257;0,81636832;0,0001;0,018181876;0,0001
2017-12-14 20:00:00+00:00;9,87E-05;0;0,00012556;0;0;0;0,161;0,161;0,77425401;0,82821937;0,0001;0;0,0001
2017-12-14 21:00:00+00:00;4,79E-05;0;7,77E-05;0;0;0;0,186;0,186;0,67096658;0,83837742;0,0001;0;0,0001
2017-12-14 22:00:00+00:00;2,91E-05;0;3,61E-05;0;0;0;0,181;0,181;0,6939444;0,29661495;0,0001;0;0,0001
2017-12-14 23:00:00+00:00;5,36E-06;0;6,21E-06;0;0;0;0,185;0,185;0,63022675;0,19063267;0,0001;0;0,0001
2017-12-15 00:00:00+00:00;1,60E-07;0;0;0;0;0;0,199;0,199;0,55208805;0,18284483;0,0001;0;0,0001
2017-12-15 01:00:00+00:00;8,87E-06;0;0;0;0;0;0,197;0,197;0,511024;0,18182903;0,0001;0;0,0001
2017-12-15 02:00:00+00:00;1,41E-05;0;0;0;0;0;0,193;0,193;0,43401305;0,18893966;0,0001;0;0,0001
2017-12-15 03:00:00+00:00;1,94E-05;0;0;0;0;0;0,19;0,19;0,41307926;0,20146792;0,0001;0;0,0001
2017-12-15 04:00:00+00:00;2,76E-05;0;0;0;0;0;0,184;0,184;0,40787753;0,20417673;0,0001;0;0,0001
2017-12-15 05:00:00+00:00;6,98E-05;0;4,24E-06;0;0;0;0,174;0,174;0,38794462;0,20282232;0,0001;0;0,0001
2017-12-15 06:00:00+00:00;0,00032067;0;3,01E-05;0;0;0;0,126;0,126;0,42040961;0,20079071;0,0001;0;0,0001
2017-12-15 07:00:00+00:00;0,00042355;0;7,06E-05;0;0;0,038620301;0,058;0,058;0,44951955;0,1974047;0,0001;0,038620301;0,0001
2017-12-15 08:00:00+00:00;0,00033957;0;0,00011925;0;0;0,202605079;0,083;0,083;0,56921569;0,37009148;0,0001;0,202605079;0,0001
2017-12-15 09:00:00+00:00;8,29E-05;0;0,00017259;0;0;0,403090294;0,147;0,147;0,59526663;0,36399666;0,0001;0,403090294;0,0001
2017-12-15 10:00:00+00:00;4,24E-05;0;0,00022792;0;0;0,549177353;0,154;0,154;0,64605749;0,37110729;0,0001;0,549177353;0,0001
2017-12-15 11:00:00+00:00;4,23E-05;0;0,00028526;0;0;0,674809049;0,132;0,132;0,67948106;0,41207808;0,0001;0,674809049;0,0001
2017-12-15 12:00:00+00:00;4,30E-05;0;0,00034357;0;0;0,722865944;0,111;0,111;0,62097923;0,40530605;0,0001;0,722865944;0,0001
2017-12-15 13:00:00+00:00;4,19E-05;0;0,00037645;0;0;0,746376442;0,089;0,089;0,68744576;0,44119781;0,0001;0,746376442;0,0001
2017-12-15 14:00:00+00:00;4,24E-05;0;0,00037495;0;0;0,7239462;0,068;0,068;0,70646238;0,22821744;0,0001;0,7239462;0,0001
2017-12-15 15:00:00+00:00;4,68E-05;0;0,00037073;0;0;0,600671995;0,044;0,044;0,68497882;0,46964034;0,0001;0,600671995;0,0001
2017-12-15 16:00:00+00:00;5,57E-05;0;0,00034081;0;0;0,433816099;0,013;0,013;0,61844181;0,48894063;0,0001;0,433816099;0,0001
2017-12-15 17:00:00+00:00;8,81E-05;0;0,00028753;0;0;0,265418318;0,003;0,003;0,63855797;0,75237263;0,0001;0,265418318;0,0001
2017-12-15 18:00:00+00:00;0,00038703;0;0,00023421;0;0;0,136889931;0,001;0,001;0,78148568;0,88950625;0,0001;0,136889931;0,0001
2017-12-15 19:00:00+00:00;0,00040331;0;0,00018178;0;0;0,016031322;0,001;0,001;0,80764939;0,88307282;0,0001;0,016031322;0,0001
2017-12-15 20:00:00+00:00;9,89E-05;0;0,0001273;0;0;0;0,002;0,002;0,74562336;0,88950625;0,0001;0;0,0001
2017-12-15 21:00:00+00:00;4,78E-05;0;7,99E-05;0;0;0;0,005;0,005;0,67336304;0,88849045;0,0001;0;0,0001
2017-12-15 22:00:00+00:00;2,90E-05;0;3,77E-05;0;0;0;0,011;0,011;0,63807868;0,57968584;0,0001;0;0,0001
2017-12-15 23:00:00+00:00;5,40E-06;0;6,54E-06;0;0;0;0,017;0,017;0,62293869;0,44187501;0,0001;0;0,0001
2017-12-16 00:00:00+00:00;1,54E-06;0;0;0;0;0;0,018;0,018;0,60106042;0,19943631;0,0001;0;0,0001
2017-12-16 01:00:00+00:00;1,18E-05;0;0;0;0;0;0,009;0,009;0,52647412;0,22246121;0,0001;0;0,0001
2017-12-16 02:00:00+00:00;1,78E-05;0;0;0;0;0;0,002;0,002;0,48894837;0,24650192;0,0001;0;0,0001
2017-12-16 03:00:00+00:00;2,39E-05;0;0;0;0;0;0,001;0,001;0,45672303;0,24548612;0,0001;0;0,0001
2017-12-16 04:00:00+00:00;3,26E-05;0;0;0;0;0;0,001;0,001;0,46098027;0,24650192;0,0001;0;0,0001
2017-12-16 05:00:00+00:00;7,69E-05;0;4,03E-06;0;0;0;0,017;0,017;0,45298737;0,24582472;0,0001;0;0,0001
2017-12-16 06:00:00+00:00;0,0003357;0;3,04E-05;0;0;0;0,03;0,03;0,4990417;0,22483142;0,0001;0;0,0001
2017-12-16 07:00:00+00:00;0,00043383;0;7,10E-05;0;0;0,022149238;0,007;0,007;0,63872714;0,2197524;0,0001;0,022149238;0,0001
2017-12-16 08:00:00+00:00;0,00036309;0;0,00011898;0;0;0,140791488;0,002;0,002;0,68369601;0,22110681;0,0001;0,140791488;0,0001
2017-12-16 09:00:00+00:00;0,0001142;0;0,00017203;0;0;0,258265601;0,005;0,005;0,63782494;0,21805939;0,0001;0,258265601;0,0001
2017-12-16 10:00:00+00:00;7,50E-05;0;0,00022846;0;0;0,367947287;0,008;0,008;0,66834457;0,18284483;0,0001;0,367947287;0,0001
2017-12-16 11:00:00+00:00;7,56E-05;0;0,00028487;0;0;0,451686093;0,011;0,011;0,73802517;0,18250623;0,0001;0,451686093;0,0001
2017-12-16 12:00:00+00:00;7,89E-05;0;0,00034356;0;0;0,560197019;0,018;0,018;0,65689794;0,18115182;0,0001;0,560197019;0,0001
2017-12-16 13:00:00+00:00;7,42E-05;0;0,00037605;0;0;0,527145043;0,023;0,023;0,69741222;0,42833095;0,0001;0,527145043;0,0001
2017-12-16 14:00:00+00:00;7,35E-05;0;0,00037568;0;0;0,545139612;0,022;0,022;0,70447473;0,44492243;0,0001;0,545139612;0,0001
2017-12-16 15:00:00+00:00;7,77E-05;0;0,00036838;0;0;0,456976017;0,018;0,018;0,67709869;0,44153641;0,0001;0,456976017;0,0001
2017-12-16 16:00:00+00:00;8,13E-05;0;0,00034119;0;0;0,373944246;0,011;0,011;0,72797414;0,44322942;0,0001;0,373944246;0,0001
2017-12-16 17:00:00+00:00;0,00010743;0;0,00028798;0;0;0,224701371;0,011;0,011;0,6850775;0,75372703;0,0001;0,224701371;0,0001
2017-12-16 18:00:00+00:00;0,00040043;0;0,00023448;0;0;0,106009967;0,016;0,016;0,75891667;0,89695548;0,0001;0,106009967;0,0001
2017-12-16 19:00:00+00:00;0,00041797;0;0,00018014;0;0;0,014890212;0,022;0,022;0,81699559;0,88882905;0,0001;0,014890212;0,0001
2017-12-16 20:00:00+00:00;0,0001049;0;0,00012639;0;0;0;0,031;0,031;0,75938186;0,89356947;0,0001;0;0,0001
2017-12-16 21:00:00+00:00;5,27E-05;0;7,76E-05;0;0;0;0,034;0,034;0,69469153;0,9013573;0,0001;0;0,0001
2017-12-16 22:00:00+00:00;3,25E-05;0;3,68E-05;0;0;0;0,047;0,047;0,70379808;0,56648038;0,0001;0;0,0001
2017-12-16 23:00:00+00:00;7,33E-06;0;6,21E-06;0;0;0;0,04;0,04;0,65780014;0,44627683;0,0001;0;0,0001
2017-12-17 00:00:00+00:00;1,69E-06;0;0;0;0;0;0,005;0,005;0,5771663;0,20553114;0,0001;0;0,0001
2017-12-17 01:00:00+00:00;1,17E-05;0;0;0;0;0;0,002;0,002;0,52118781;0,22754024;0,0001;0;0,0001
2017-12-17 02:00:00+00:00;1,75E-05;0;0;0;0;0;0,008;0,008;0,48376074;0,23939129;0,0001;0;0,0001
2017-12-17 03:00:00+00:00;2,41E-05;0;0;0;0;0;0,03;0,03;0,46213621;0,23837548;0,0001;0;0,0001
2017-12-17 04:00:00+00:00;3,32E-05;0;0;0;0;0;0,049;0,049;0,46179789;0,2407457;0,0001;0;0,0001
2017-12-17 05:00:00+00:00;7,78E-05;0;4,17E-06;0;0;0;0,069;0,069;0,48550875;0,24379311;0,0001;0;0,0001
2017-12-17 06:00:00+00:00;0,00033413;0;3,06E-05;0;0;0;0,079;0,079;0,58866931;0,22517003;0,0001;0;0,0001
2017-12-17 07:00:00+00:00;0,00043842;0;7,15E-05;0;0;0,025275515;0,042;0,042;0,65923802;0,22550863;0,0001;0,025275515;0,0001
2017-12-17 08:00:00+00:00;0,00036599;0;0,00011948;0;0;0,142277046;0,055;0,055;0,70031617;0,2194138;0,0001;0,142277046;0,0001
2017-12-17 09:00:00+00:00;0,00011245;0;0,00017178;0;0;0,248008148;0,095;0,095;0,7401256;0,24853353;0,0001;0,248008148;0,0001
2017-12-17 10:00:00+00:00;7,60E-05;0;0,00022818;0;0;0,379105124;0,106;0,106;0,71566761;0,25632137;0,0001;0,379105124;0,0001
2017-12-17 11:00:00+00:00;7,58E-05;0;0,00028579;0;0;0,492262616;0,087;0,087;0,74421368;0,28307089;0,0001;0,492262616;0,0001
2017-12-17 12:00:00+00:00;7,71E-05;0;0,00034494;0;0;0,56783889;0,062;0,062;0,75453255;0,29932376;0,0001;0,56783889;0,0001
2017-12-17 13:00:00+00:00;7,31E-05;0;0,00037691;0;0;0,634933853;0,052;0,052;0,72849572;0,29796936;0,0001;0,634933853;0,0001
2017-12-17 14:00:00+00:00;7,50E-05;0;0,00037562;0;0;0,618956466;0,058;0,058;0,73186486;0,51602875;0,0001;0,618956466;0,0001
2017-12-17 15:00:00+00:00;7,82E-05;0;0,00036953;0;0;0,523087622;0,067;0,067;0,74372029;0,48115279;0,0001;0,523087622;0,0001
2017-12-17 16:00:00+00:00;7,92E-05;0;0,00034063;0;0;0,416372655;0,074;0,074;0,73147015;0,47505796;0,0001;0,416372655;0,0001
2017-12-17 17:00:00+00:00;0,00010704;0;0,00028633;0;0;0,268132169;0,09;0,09;0,73805336;0,75643585;0,0001;0,268132169;0,0001
2017-12-17 18:00:00+00:00;0,00040453;0;0,00023164;0;0;0,127703771;0,121;0,121;0,86197855;0,90711353;0,0001;0,127703771;0,0001
2017-12-17 19:00:00+00:00;0,00041665;0;0,00017841;0;0;0,016373151;0,156;0,156;0,86027284;0,90406612;0,0001;0,016373151;0,0001
2017-12-17 20:00:00+00:00;0,00010368;0;0,00012614;0;0;0;0,156;0,156;0,76573953;0,91016094;0,0001;0;0,0001
2017-12-17 21:00:00+00:00;5,24E-05;0;7,88E-05;0;0;0;0,136;0,136;0,73334503;0,87223757;0,0001;0;0,0001
2017-12-17 22:00:00+00:00;3,26E-05;0;3,67E-05;0;0;0;0,104;0,104;0,66138073;0,58374906;0,0001;0;0,0001
2017-12-17 23:00:00+00:00;7,72E-06;0;6,29E-06;0;0;0;0,076;0,076;0,70743506;0,22110681;0,0001;0;0,0001
2017-12-18 00:00:00+00:00;1,59E-06;0;0;0;0;0;0,055;0,055;0,62505322;0,18893966;0,0001;0;0,0001
2017-12-18 01:00:00+00:00;1,17E-05;0;0;0;0;0;0,048;0,048;0,63097388;0,19164847;0,0001;0;0,0001
2017-12-18 02:00:00+00:00;1,79E-05;0;0;0;0;0;0,06;0,06;0,60572647;0,19130987;0,0001;0;0,0001
2017-12-18 03:00:00+00:00;2,44E-05;0;0;0;0;0;0,061;0,061;0,5798306;0,19266428;0,0001;0;0,0001
2017-12-18 04:00:00+00:00;3,33E-05;0;0;0;0;0;0,024;0,024;0,62463031;0,19334148;0,0001;0;0,0001
2017-12-18 05:00:00+00:00;7,58E-05;0;4,09E-06;0;0;0;0,027;0,027;0,54284053;0,19198707;0,0001;0;0,0001
2017-12-18 06:00:00+00:00;0,00034046;0;2,97E-05;0;0;0;0,032;0,032;0,53551019;0,19266428;0,0001;0;0,0001
2017-12-18 07:00:00+00:00;0,00043768;0;7,05E-05;0;0;0,028462566;0,009;0,009;0,62768932;0,22483142;0,0001;0,028462566;0,0001
2017-12-18 08:00:00+00:00;0,00036539;0;0,00011771;0;0;0,172305481;0,004;0,004;0,64168747;0,29864656;0,0001;0,172305481;0,0001
2017-12-18 09:00:00+00:00;0,00011369;0;0,00017155;0;0;0,336251574;0,005;0,005;0,6695428;0,34232616;0,0001;0,336251574;0,0001
2017-12-18 10:00:00+00:00;7,46E-05;0;0,00022675;0;0;0,492333188;0,004;0,004;0,62619506;0,34029455;0,0001;0,492333188;0,0001
2017-12-18 11:00:00+00:00;7,54E-05;0;0,00028549;0;0;0,624113677;0,005;0,005;0,65546007;0,50417769;0,0001;0,624113677;0,0001
2017-12-18 12:00:00+00:00;7,94E-05;0;0,00034604;0;0;0,665013992;0,01;0,01;0,6588856;0,5051935;0,0001;0,665013992;0,0001
2017-12-18 13:00:00+00:00;7,59E-05;0;0,00037524;0;0;0,722318377;0,016;0,016;0,68909509;0,50857951;0,0001;0,722318377;0,0001
2017-12-18 14:00:00+00:00;7,38E-05;0;0,00037425;0;0;0,692839731;0,02;0,02;0,72133453;0,55496793;0,0001;0,692839731;0,0001
2017-12-18 15:00:00+00:00;7,89E-05;0;0,00036998;0;0;0,631145209;0,026;0,026;0,68000264;0,5495503;0,0001;0,631145209;0,0001
2017-12-18 16:00:00+00:00;8,04E-05;0;0,00034105;0;0;0,495617055;0,045;0,045;0,71028262;0,55022751;0,0001;0,495617055;0,0001
2017-12-18 17:00:00+00:00;0,00010571;0;0,00028585;0;0;0,35423591;0,082;0,082;0,69051887;0,75406563;0,0001;0,35423591;0,0001
2017-12-18 18:00:00+00:00;0,00040243;0;0,00023345;0;0;0,163911353;0,141;0,141;0,70510909;0,85429169;0,0001;0,163911353;0,0001
2017-12-18 19:00:00+00:00;0,00042061;0;0,00018207;0;0;0,014676324;0,21;0,21;0,72845343;0,86681995;0,0001;0,014676324;0,0001
2017-12-18 20:00:00+00:00;0,00010421;0;0,00012947;0;0;0;0,234;0,234;0,6917171;0,86580414;0,0001;0;0,0001
2017-12-18 21:00:00+00:00;5,16E-05;0;7,98E-05;0;0;0;0,224;0,224;0,64366103;0,85970932;0,0001;0;0,0001
2017-12-18 22:00:00+00:00;3,24E-05;0;3,74E-05;0;0;0;0,191;0,191;0,72484464;0,58374906;0,0001;0;0,0001
2017-12-18 23:00:00+00:00;7,39E-06;0;6,48E-06;0;0;0;0,169;0,169;0,67967841;0,2194138;0,0001;0;0,0001
2017-12-19 00:00:00+00:00;2,20E-06;0;0;0;0;0;0,147;0,147;0,69672147;0,21704359;0,0001;0;0,0001
2017-12-19 01:00:00+00:00;1,22E-05;0;0;0;0;0;0,126;0,126;0,56040518;0,21568918;0,0001;0;0,0001
2017-12-19 02:00:00+00:00;1,80E-05;0;0;0;0;0;0,112;0,112;0,53660974;0,22381562;0,0001;0;0,0001
2017-12-19 03:00:00+00:00;2,42E-05;0;0;0;0;0;0,111;0,111;0,52514902;0,2204296;0,0001;0;0,0001
2017-12-19 04:00:00+00:00;3,23E-05;0;0;0;0;0;0,14;0,14;0,48690433;0,22652443;0,0001;0;0,0001
2017-12-19 05:00:00+00:00;7,60E-05;0;4,52E-06;0;0;0;0,194;0,194;0,43171526;0,2204296;0,0001;0;0,0001
2017-12-19 06:00:00+00:00;0,00034236;0;3,04E-05;0;0;0;0,2;0,2;0,40526962;0,22212261;0,0001;0;0,0001
2017-12-19 07:00:00+00:00;0,00044217;0;7,05E-05;0;0;0,027904476;0,249;0,249;0,41134535;0,22178401;0,0001;0,027904476;0,0001
2017-12-19 08:00:00+00:00;0,00036425;0;0,00011853;0;0;0,171344282;0,268;0,268;0,46811327;0,2194138;0,0001;0,171344282;0,0001
2017-12-19 09:00:00+00:00;0,00011485;0;0,00017232;0;0;0,356130672;0,339;0,339;0,49474217;0,22212261;0,0001;0,356130672;0,0001
2017-12-19 10:00:00+00:00;7,43E-05;0;0,00022797;0;0;0,489324856;0,486;0,486;0,48978008;0,22313842;0,0001;0,489324856;0,0001
2017-12-19 11:00:00+00:00;7,52E-05;0;0,00028584;0;0;0,620303846;0,577;0,577;0,59067106;0,25191955;0,0001;0,620303846;0,0001
2017-12-19 12:00:00+00:00;7,58E-05;0;0,00034389;0;0;0,656374858;0,59;0,59;0,53480534;0,27020403;0,0001;0,656374858;0,0001
2017-12-19 13:00:00+00:00;7,57E-05;0;0,0003753;0;0;0,71967411;0,513;0,513;0,55845982;0,26106179;0,0001;0,71967411;0,0001
2017-12-19 14:00:00+00:00;7,60E-05;0;0,00037752;0;0;0,721856193;0,419;0,419;0,64218086;0,47912118;0,0001;0,721856193;0,0001
2017-12-19 15:00:00+00:00;7,69E-05;0;0,0003708;0;0;0,573883093;0,304;0,304;0,63235537;0,48047559;0,0001;0,573883093;0,0001
2017-12-19 16:00:00+00:00;8,01E-05;0;0,00034095;0;0;0,418683276;0,213;0,213;0,6295501;0,48047559;0,0001;0,418683276;0,0001
2017-12-19 17:00:00+00:00;0,00010652;0;0,00028642;0;0;0,278375942;0,142;0,142;0,6584345;0,72223709;0,0001;0,278375942;0,0001
2017-12-19 18:00:00+00:00;0,00040656;0;0,00023236;0;0;0,128671707;0,156;0,156;0,69008187;0,82449476;0,0001;0,128671707;0,0001
2017-12-19 19:00:00+00:00;0,00041604;0;0,00018075;0;0;0,01788554;0,167;0,167;0,72853801;0,85327588;0,0001;0,01788554;0,0001
2017-12-19 20:00:00+00:00;0,00010536;0;0,00012598;0;0;0;0,18;0,18;0,69068803;0,84481085;0,0001;0;0,0001
2017-12-19 21:00:00+00:00;5,25E-05;0;7,85E-05;0;0;0;0,205;0,205;0,71565351;0,83668441;0,0001;0;0,0001
2017-12-19 22:00:00+00:00;3,28E-05;0;3,65E-05;0;0;0;0,22;0,22;0,64167337;0,57223661;0,0001;0;0,0001
2017-12-19 23:00:00+00:00;7,45E-06;0;6,37E-06;0;0;0;0,232;0,232;0,67522382;0,18419924;0,0001;0;0,0001
2017-12-20 00:00:00+00:00;1,74E-06;0;0;0;0;0;0,284;0,284;0,5807328;0,18555364;0,0001;0;0,0001
2017-12-20 01:00:00+00:00;1,15E-05;0;0;0;0;0;0,315;0,315;0,50400378;0,18352204;0,0001;0;0,0001
2017-12-20 02:00:00+00:00;1,75E-05;0;0;0;0;0;0,327;0,327;0,47652907;0,19469589;0,0001;0;0,0001
2017-12-20 03:00:00+00:00;2,35E-05;0;0;0;0;0;0,313;0,313;0,45565167;0,19537309;0,0001;0;0,0001
2017-12-20 04:00:00+00:00;3,29E-05;0;0;0;0;0;0,327;0,327;0,47265244;0,19638889;0,0001;0;0,0001
2017-12-20 05:00:00+00:00;7,74E-05;0;4,18E-06;0;0;0;0,262;0,262;0,45831597;0,19503449;0,0001;0;0,0001
2017-12-20 06:00:00+00:00;0,00034171;0;3,06E-05;0;0;0;0,187;0,187;0,49929544;0,19943631;0,0001;0;0,0001
2017-12-20 07:00:00+00:00;0,0004461;0;7,05E-05;0;0;0,024170972;0,096;0,096;0,65609443;0,1974047;0,0001;0,024170972;0,0001
2017-12-20 08:00:00+00:00;0,00036528;0;0,00011998;0;0;0,131817581;0,158;0,158;0,69768006;0,19401868;0,0001;0,131817581;0,0001
2017-12-20 09:00:00+00:00;0,00011175;0;0,00017296;0;0;0,262606326;0,231;0,231;0,66372081;0,19605029;0,0001;0,262606326;0,0001
2017-12-20 10:00:00+00:00;7,14E-05;0;0,00022912;0;0;0,383016025;0,243;0,243;0,69209772;0,33521553;0,0001;0,383016025;0,0001
2017-12-20 11:00:00+00:00;7,46E-05;0;0,00028754;0;0;0,459835512;0,227;0,227;0,62097923;0,37618631;0,0001;0,459835512;0,0001
2017-12-20 12:00:00+00:00;7,98E-05;0;0,00034451;0;0;0,501561306;0,197;0,197;0,62213517;0,36602827;0,0001;0,501561306;0,0001
2017-12-20 13:00:00+00:00;7,78E-05;0;0,0003747;0;0;0,427811482;0,169;0,169;0,69494528;0,57799283;0,0001;0,427811482;0,0001
2017-12-20 14:00:00+00:00;7,77E-05;0;0,00037445;0;0;0,430667574;0,14;0,14;0,67544937;0,58916668;0,0001;0,430667574;0,0001
2017-12-20 15:00:00+00:00;7,72E-05;0;0,00037041;0;0;0,39483112;0,102;0,102;0,71163592;0,55124331;0,0001;0,39483112;0,0001
2017-12-20 16:00:00+00:00;7,97E-05;0;0,0003403;0;0;0,355636637;0,055;0,055;0,66783708;0,54718009;0,0001;0,355636637;0,0001
2017-12-20 17:00:00+00:00;0,00010668;0;0,00028529;0;0;0,23424967;0,026;0,026;0,63774036;0,77336592;0,0001;0,23424967;0,0001
2017-12-20 18:00:00+00:00;0,00040464;0;0,00023275;0;0;0,115586277;0,018;0,018;0,69412766;0,89695548;0,0001;0,115586277;0,0001
2017-12-20 19:00:00+00:00;0,00042212;0;0,00018137;0;0;0,014681088;0,015;0,015;0,72291338;0,89187646;0,0001;0,014681088;0,0001
2017-12-20 20:00:00+00:00;0,00010496;0;0,00012778;0;0;0;0,045;0,045;0,70964826;0,88713604;0,0001;0;0,0001
2017-12-20 21:00:00+00:00;5,18E-05;0;7,71E-05;0;0;0;0,11;0,11;0,7108324;0,89187646;0,0001;0;0,0001
2017-12-20 22:00:00+00:00;3,30E-05;0;3,71E-05;0;0;0;0,165;0,165;0,65468474;0,60541956;0,0001;0;0,0001
2017-12-20 23:00:00+00:00;7,56E-06;0;6,31E-06;0;0;0;0,18;0,18;0,64845395;0,25124234;0,0001;0;0,0001
2017-12-21 00:00:00+00:00;1,30E-07;0;0;0;0;0;0,181;0,181;0,62004884;0,24954934;0,0001;0;0,0001
2017-12-21 01:00:00+00:00;8,74E-06;0;0;0;0;0;0,191;0,191;0,56688972;0,25158095;0,0001;0;0,0001
2017-12-21 02:00:00+00:00;1,41E-05;0;0;0;0;0;0,206;0,206;0,57465707;0,25395116;0,0001;0;0,0001
2017-12-21 03:00:00+00:00;1,93E-05;0;0;0;0;0;0,229;0,229;0,55700784;0,22144541;0,0001;0;0,0001
2017-12-21 04:00:00+00:00;2,78E-05;0;0;0;0;0;0,241;0,241;0,5536387;0,22584723;0,0001;0;0,0001
2017-12-21 05:00:00+00:00;7,03E-05;0;4,08E-06;0;0;0;0,253;0,253;0,53348024;0,22381562;0,0001;0;0,0001
2017-12-21 06:00:00+00:00;0,00032753;0;3,03E-05;0;0;0;0,19;0,19;0,61229559;0,22415422;0,0001;0;0,0001
2017-12-21 07:00:00+00:00;0,00043043;0;7,11E-05;0;0;0,019693375;0,162;0,162;0,71852926;0,25598277;0,0001;0,019693375;0,0001
2017-12-21 08:00:00+00:00;0,00034762;0;0,00011949;0;0;0,131574429;0,325;0,325;0,70419279;0,25191955;0,0001;0,131574429;0,0001
2017-12-21 09:00:00+00:00;8,47E-05;0;0,00017258;0;0;0,278779727;0,429;0,429;0,66270584;0,25462836;0,0001;0,278779727;0,0001
2017-12-21 10:00:00+00:00;4,24E-05;0;0,00022812;0;0;0,401265264;0,439;0,439;0,71458215;0,25496696;0,0001;0,401265264;0,0001
2017-12-21 11:00:00+00:00;4,24E-05;0;0,0002851;0;0;0,504237532;0,412;0,412;0,64746717;0,32810489;0,0001;0,504237532;0,0001
2017-12-21 12:00:00+00:00;4,31E-05;0;0,00034444;0;0;0,565058996;0,382;0,382;0,64752356;0,36873708;0,0001;0,565058996;0,0001
2017-12-21 13:00:00+00:00;4,18E-05;0;0,000377;0;0;0,601928861;0,338;0,338;0,68015771;0,59153689;0,0001;0,601928861;0,0001
2017-12-21 14:00:00+00:00;4,24E-05;0;0,00037381;0;0;0,582574819;0,266;0,266;0,72347725;0,5918755;0,0001;0,582574819;0,0001
2017-12-21 15:00:00+00:00;4,68E-05;0;0,00036832;0;0;0,435789705;0,17;0,17;0,71511783;0,56038555;0,0001;0,435789705;0,0001
2017-12-21 16:00:00+00:00;5,58E-05;0;0,00034048;0;0;0,334509518;0,105;0,105;0,71305969;0,56038555;0,0001;0,334509518;0,0001
2017-12-21 17:00:00+00:00;8,98E-05;0;0,00028549;0;0;0,232791673;0,101;0,101;0,71868433;0,78860299;0,0001;0,232791673;0,0001
2017-12-21 18:00:00+00:00;0,00039318;0;0,00023404;0;0;0,127882934;0,111;0,111;0,80798771;0,91083815;0,0001;0,127882934;0,0001
2017-12-21 19:00:00+00:00;0,00041348;0;0,00017925;0;0;0,019682723;0,139;0,139;0,83353116;0,90338891;0,0001;0,019682723;0,0001
2017-12-21 20:00:00+00:00;0,00010004;0;0,00012614;0;0;0;0,161;0,161;0,78237378;0,89729408;0,0001;0;0,0001
2017-12-21 21:00:00+00:00;4,80E-05;0;7,90E-05;0;0;0;0,161;0,161;0,72938382;0,8993257;0,0001;0;0,0001
2017-12-21 22:00:00+00:00;2,90E-05;0;3,72E-05;0;0;0;0,177;0,177;0,68636031;0,61727061;0,0001;0;0,0001
2017-12-21 23:00:00+00:00;5,41E-06;0;6,32E-06;0;0;0;0,2;0,2;0,71558303;0,22923324;0,0001;0;0,0001
2017-12-22 00:00:00+00:00;7,00E-08;0;0;0;0;0;0,234;0,234;0,65902657;0,22517003;0,0001;0;0,0001
2017-12-22 01:00:00+00:00;8,72E-06;0;0;0;0;0;0,204;0,204;0,66796395;0,22821744;0,0001;0;0,0001
2017-12-22 02:00:00+00:00;1,40E-05;0;0;0;0;0;0,213;0,213;0,63951656;0,22720164;0,0001;0;0,0001
2017-12-22 03:00:00+00:00;1,92E-05;0;0;0;0;0;0,208;0,208;0,63603464;0,22754024;0,0001;0;0,0001
2017-12-22 04:00:00+00:00;2,76E-05;0;0;0;0;0;0,208;0,208;0,63747252;0,22754024;0,0001;0;0,0001
2017-12-22 05:00:00+00:00;7,06E-05;0;3,94E-06;0;0;0;0,207;0,207;0,60815112;0,22923324;0,0001;0;0,0001
2017-12-22 06:00:00+00:00;0,00033097;0;2,96E-05;0;0;0;0,158;0,158;0,65691204;0,23295786;0,0001;0;0,0001
2017-12-22 07:00:00+00:00;0,00043395;0;6,91E-05;0;0;0,016797102;0,092;0,092;0,65343013;0,25936878;0,0001;0,016797102;0,0001
2017-12-22 08:00:00+00:00;0,00034617;0;0,00011824;0;0;0,088741507;0,144;0,144;0,68705105;0,34435777;0,0001;0,088741507;0,0001
2017-12-22 09:00:00+00:00;8,41E-05;0;0,00017196;0;0;0,196552385;0,223;0,223;0,69980868;0,43137836;0,0001;0,196552385;0,0001
2017-12-22 10:00:00+00:00;4,27E-05;0;0,00022797;0;0;0,288778305;0,254;0,254;0,7037135;0,61219159;0,0001;0,288778305;0,0001
2017-12-22 11:00:00+00:00;4,24E-05;0;0,00028551;0;0;0,403741254;0,24;0,24;0,67856476;0,61117578;0,0001;0,403741254;0,0001
2017-12-22 12:00:00+00:00;4,30E-05;0;0,00034455;0;0;0,453456267;0,201;0,201;0,66666704;0,62438124;0,0001;0,453456267;0,0001
2017-12-22 13:00:00+00:00;4,19E-05;0;0,00037461;0;0;0,469703263;0,155;0,155;0,73875821;0,61693201;0,0001;0,469703263;0,0001
2017-12-22 14:00:00+00:00;4,24E-05;0;0,00037491;0;0;0,490620875;0,102;0,102;0,72450632;0,57900864;0,0001;0,490620875;0,0001
2017-12-22 15:00:00+00:00;4,69E-05;0;0,00036968;0;0;0,367048213;0,06;0,06;0,74121105;0,57867004;0,0001;0,367048213;0,0001
2017-12-22 16:00:00+00:00;5,57E-05;0;0,00034228;0;0;0,310979243;0,033;0,033;0,7103954;0,74255318;0,0001;0,310979243;0,0001
2017-12-22 17:00:00+00:00;8,94E-05;0;0,00028735;0;0;0,234684112;0,036;0,036;0,69049068;0,85801631;0,0001;0,234684112;0,0001
2017-12-22 18:00:00+00:00;0,00039387;0;0,00023276;0;0;0,121412765;0,039;0,039;0,79931817;0,89356947;0,0001;0,121412765;0,0001
2017-12-22 19:00:00+00:00;0,00041356;0;0,00017923;0;0;0,014490318;0,055;0,055;0,79637193;0,89729408;0,0001;0,014490318;0,0001
2017-12-22 20:00:00+00:00;9,97E-05;0;0,00012632;0;0;0;0,099;0,099;0,75606911;0,89458527;0,0001;0;0,0001
2017-12-22 21:00:00+00:00;4,80E-05;0;7,76E-05;0;0;0;0,154;0,154;0,68320262;0,89153786;0,0001;0;0,0001
2017-12-22 22:00:00+00:00;2,90E-05;0;3,66E-05;0;0;0;0,19;0,19;0,67150226;0,61828642;0,0001;0;0,0001
2017-12-22 23:00:00+00:00;5,32E-06;0;6,26E-06;0;0;0;0,251;0,251;0,66542652;0,37110729;0,0001;0;0,0001
2017-12-23 00:00:00+00:00;1,84E-06;0;0;0;0;0;0,276;0,276;0,64834117;0,26140039;0,0001;0;0,0001
2017-12-23 01:00:00+00:00;1,25E-05;0;0;0;0;0;0,295;0,295;0,62337569;0,26173899;0,0001;0;0,0001
2017-12-23 02:00:00+00:00;1,81E-05;0;0;0;0;0;0,314;0,314;0,57832224;0,26207759;0,0001;0;0,0001
2017-12-23 03:00:00+00:00;2,36E-05;0;0;0;0;0;0,296;0,296;0,53376218;0,2644478;0,0001;0;0,0001
2017-12-23 04:00:00+00:00;3,32E-05;0;0;0;0;0;0,246;0,246;0,54871891;0,2627548;0,0001;0;0,0001
2017-12-23 05:00:00+00:00;7,73E-05;0;4,15E-06;0;0;0;0,18;0,18;0,56153292;0,26614081;0,0001;0;0,0001
2017-12-23 06:00:00+00:00;0,00034095;0;2,99E-05;0;0;0;0,093;0,093;0,58930367;0,26004598;0,0001;0;0,0001
2017-12-23 07:00:00+00:00;0,00044918;0;6,98E-05;0;0;0,014770995;0,055;0,055;0,68572595;0,25936878;0,0001;0,014770995;0,0001
2017-12-23 08:00:00+00:00;0,00036908;0;0,00011904;0;0;0,093091552;0,132;0,132;0,70790026;0,40496744;0,0001;0,093091552;0,0001
2017-12-23 09:00:00+00:00;0,00011514;0;0,00017319;0;0;0,217924542;0,188;0,188;0,68987042;0,46286831;0,0001;0,217924542;0,0001
2017-12-23 10:00:00+00:00;7,81E-05;0;0,00022855;0;0;0,290108923;0,204;0,204;0,69775054;0,43645739;0,0001;0,290108923;0,0001
2017-12-23 11:00:00+00:00;7,69E-05;0;0,00028719;0;0;0,37683161;0,205;0,205;0,67265819;0,64605174;0,0001;0,37683161;0,0001
2017-12-23 12:00:00+00:00;7,42E-05;0;0,00034519;0;0;0,485868225;0,186;0,186;0,65846269;0,64266573;0,0001;0,485868225;0,0001
2017-12-23 13:00:00+00:00;7,57E-05;0;0,00037598;0;0;0,457519252;0,156;0,156;0,69546686;0,65011496;0,0001;0,457519252;0,0001
2017-12-23 14:00:00+00:00;7,47E-05;0;0,00037331;0;0;0,458608497;0,115;0,115;0,70802713;0,64842195;0,0001;0,458608497;0,0001
2017-12-23 15:00:00+00:00;7,55E-05;0;0,00036784;0;0;0,405102846;0,077;0,077;0,70751964;0,74255318;0,0001;0,405102846;0,0001
2017-12-23 16:00:00+00:00;7,97E-05;0;0,00033997;0;0;0,341533557;0,047;0,047;0,70912668;0,79740663;0,0001;0,341533557;0,0001
2017-12-23 17:00:00+00:00;0,00010627;0;0,00028616;0;0;0,258396491;0,034;0,034;0,71318657;0,7909732;0,0001;0,258396491;0,0001
2017-12-23 18:00:00+00:00;0,00041165;0;0,00023378;0;0;0,119893933;0,034;0,034;0,85315394;0,89898709;0,0001;0,119893933;0,0001
2017-12-23 19:00:00+00:00;0,00042389;0;0,00017981;0;0;0,021780477;0,02;0,02;0,87941633;0,89864849;0,0001;0,021780477;0,0001
2017-12-23 20:00:00+00:00;0,00010546;0;0,00012841;0;0;0;0,008;0,008;0,78877374;0,88205702;0,0001;0;0,0001
2017-12-23 21:00:00+00:00;5,21E-05;0;8,15E-05;0;0;0;0,003;0,003;0,70751964;0,86614274;0,0001;0;0,0001
2017-12-23 22:00:00+00:00;3,28E-05;0;3,69E-05;0;0;0;0,001;0,001;0,70491173;0,6159162;0,0001;0;0,0001
2017-12-23 23:00:00+00:00;7,39E-06;0;6,43E-06;0;0;0;0,001;0,001;0,67932599;0,58815088;0,0001;0;0,0001
2017-12-24 00:00:00+00:00;1,82E-06;0;0;0;0;0;0,003;0,003;0,66255077;0,5698664;0,0001;0;0,0001
2017-12-24 01:00:00+00:00;1,22E-05;0;0;0;0;0;0,011;0,011;0,6038093;0,57257521;0,0001;0;0,0001
2017-12-24 02:00:00+00:00;1,80E-05;0;0;0;0;0;0,032;0,032;0,59512566;0,56817339;0,0001;0;0,0001
2017-12-24 03:00:00+00:00;2,40E-05;0;0;0;0;0;0,073;0,073;0,57592578;0,57325241;0,0001;0;0,0001
2017-12-24 04:00:00+00:00;3,33E-05;0;0;0;0;0;0,128;0,128;0,5936032;0,56817339;0,0001;0;0,0001
2017-12-24 05:00:00+00:00;7,87E-05;0;4,29E-06;0;0;0;0,167;0,167;0,56862363;0,56106276;0,0001;0;0,0001
2017-12-24 06:00:00+00:00;0,00034545;0;3,09E-05;0;0;0;0,154;0,154;0,66717453;0,3741547;0,0001;0;0,0001
2017-12-24 07:00:00+00:00;0,00045203;0;7,18E-05;0;0;0,017976776;0,062;0,062;0,70959188;0,31591524;0,0001;0,017976776;0,0001
2017-12-24 08:00:00+00:00;0,00037186;0;0,00011936;0;0;0,130645032;0,092;0,092;0,70640599;0,31591524;0,0001;0,130645032;0,0001
2017-12-24 09:00:00+00:00;0,00011344;0;0,00017166;0;0;0,278500646;0,182;0,182;0,69197084;0,51331994;0,0001;0,278500646;0,0001
2017-12-24 10:00:00+00:00;7,37E-05;0;0,00022739;0;0;0,399718782;0,194;0,194;0,67177009;0,52246218;0,0001;0,399718782;0,0001
2017-12-24 11:00:00+00:00;7,24E-05;0;0,00028457;0;0;0,55455431;0,17;0,17;0,70361482;0,51569015;0,0001;0,55455431;0,0001
2017-12-24 12:00:00+00:00;8,02E-05;0;0,00034414;0;0;0,661307281;0,136;0,136;0,69268978;0,51873756;0,0001;0,661307281;0,0001
2017-12-24 13:00:00+00:00;7,77E-05;0;0,00037527;0;0;0,689184076;0,109;0,109;0,71307379;0,51027252;0,0001;0,689184076;0,0001
2017-12-24 14:00:00+00:00;7,39E-05;0;0,00037562;0;0;0,628675728;0,077;0,077;0,70952139;0,50654791;0,0001;0,628675728;0,0001
2017-12-24 15:00:00+00:00;7,69E-05;0;0,00036952;0;0;0,473064737;0,043;0,043;0,66163448;0,50620931;0,0001;0,473064737;0,0001
2017-12-24 16:00:00+00:00;7,92E-05;0;0,00034002;0;0;0,370610162;0,012;0,012;0,69239375;0,7246073;0,0001;0,370610162;0,0001
2017-12-24 17:00:00+00:00;0,00010728;0;0,00028632;0;0;0,252805721;0,003;0,003;0,69065984;0,84311784;0,0001;0,252805721;0,0001
2017-12-24 18:00:00+00:00;0,00041152;0;0,00023187;0;0;0,107873761;0,001;0,001;0,86692654;0,90305031;0,0001;0,107873761;0,0001
2017-12-24 19:00:00+00:00;0,00042271;0;0,00017899;0;0;0,016335364;0;0;0,89234311;0,89627828;0,0001;0,016335364;0,0001
2017-12-24 20:00:00+00:00;0,00010532;0;0,0001279;0;0;0;0,023;0,023;0,78485483;0,90406612;0,0001;0;0,0001
2017-12-24 21:00:00+00:00;5,28E-05;0;7,98E-05;0;0;0;0,085;0,085;0,68554269;0,89323087;0,0001;0;0,0001
2017-12-24 22:00:00+00:00;3,28E-05;0;3,67E-05;0;0;0;0,115;0,115;0,67000799;0,6155776;0,0001;0;0,0001
2017-12-24 23:00:00+00:00;7,69E-06;0;6,24E-06;0;0;0;0,112;0,112;0,69907564;0,33860154;0,0001;0;0,0001
2017-12-25 00:00:00+00:00;2,10E-06;0;0;0;0;0;0,106;0,106;0,69625628;0,23126485;0,0001;0;0,0001
2017-12-25 01:00:00+00:00;1,15E-05;0;0;0;0;0;0,112;0,112;0,65803979;0,23600527;0,0001;0;0,0001
2017-12-25 02:00:00+00:00;1,75E-05;0;0;0;0;0;0,123;0,123;0,66279042;0,23160346;0,0001;0;0,0001
2017-12-25 03:00:00+00:00;2,38E-05;0;0;0;0;0;0,142;0,142;0,64695968;0,23566667;0,0001;0;0,0001
2017-12-25 04:00:00+00:00;3,32E-05;0;0;0;0;0;0,156;0,156;0,6682036;0,23397366;0,0001;0;0,0001
2017-12-25 05:00:00+00:00;7,64E-05;0;3,97E-06;0;0;0;0,169;0,169;0,60992732;0,23431227;0,0001;0;0,0001
2017-12-25 06:00:00+00:00;0,00034634;0;2,90E-05;0;0;0;0,149;0,149;0,5989459;0,23295786;0,0001;0;0,0001
2017-12-25 07:00:00+00:00;0,00044972;0;7,00E-05;0;0;0,012367677;0,071;0,071;0,66868289;0,26580221;0,0001;0,012367677;0,0001
2017-12-25 08:00:00+00:00;0,00037323;0;0,00011782;0;0;0,092796814;0,044;0,044;0,69377524;0,41851151;0,0001;0,092796814;0,0001
2017-12-25 09:00:00+00:00;0,00011383;0;0,00017096;0;0;0,208528377;0,055;0,055;0,69087129;0,47810538;0,0001;0,208528377;0,0001
2017-12-25 10:00:00+00:00;7,45E-05;0;0,00022738;0;0;0,3139883;0,066;0,066;0,70085184;0,70022799;0,0001;0,3139883;0,0001
2017-12-25 11:00:00+00:00;7,59E-05;0;0,0002842;0;0;0,380916914;0,081;0,081;0,68228633;0,68397511;0,0001;0,380916914;0,0001
2017-12-25 12:00:00+00:00;7,85E-05;0;0,00034412;0;0;0,448919916;0,094;0,094;0,67200974;0,703614;0,0001;0,448919916;0,0001
2017-12-25 13:00:00+00:00;7,44E-05;0;0,00037687;0;0;0,498650767;0,091;0,091;0,68385107;0,70835443;0,0001;0,498650767;0,0001
2017-12-25 14:00:00+00:00;7,43E-05;0;0,00037514;0;0;0,45264007;0,068;0,068;0,68168016;0,69921218;0,0001;0,45264007;0,0001
2017-12-25 15:00:00+00:00;7,77E-05;0;0,00036902;0;0;0,414333872;0,04;0,04;0,69897697;0,71478785;0,0001;0,414333872;0,0001
2017-12-25 16:00:00+00:00;8,19E-05;0;0,00034085;0;0;0,356541772;0,014;0,014;0,69429682;0,77302732;0,0001;0,356541772;0,0001
2017-12-25 17:00:00+00:00;0,00010872;0;0,00028724;0;0;0,241281212;0,002;0,002;0,65785653;0,86512694;0,0001;0,241281212;0,0001
2017-12-25 18:00:00+00:00;0,00041207;0;0,00023394;0;0;0,12427711;0,001;0,001;0,74400223;0,89797129;0,0001;0,12427711;0,0001
2017-12-25 19:00:00+00:00;0,00042974;0;0,00018215;0;0;0,0224127;0,001;0,001;0,76822057;0,89830989;0,0001;0,0224127;0,0001
2017-12-25 20:00:00+00:00;0,00010477;0;0,00012739;0;0;0;0,003;0,003;0,76803731;0,90237311;0,0001;0;0,0001
2017-12-25 21:00:00+00:00;5,20E-05;0;7,88E-05;0;0;0;0,002;0,002;0,73436;0,86817435;0,0001;0;0,0001
2017-12-25 22:00:00+00:00;3,26E-05;0;3,71E-05;0;0;0;0,002;0,002;0,69380343;0,58036304;0,0001;0;0,0001
2017-12-25 23:00:00+00:00;7,51E-06;0;6,22E-06;0;0;0;0,011;0,011;0,69106865;0,50756371;0,0001;0;0,0001
2017-12-26 00:00:00+00:00;1,57E-06;0;0;0;0;0;0,043;0,043;0,66100012;0,48182999;0,0001;0;0,0001
2017-12-26 01:00:00+00:00;1,18E-05;0;0;0;0;0;0,003;0,003;0,65551646;0,47708957;0,0001;0;0,0001
2017-12-26 02:00:00+00:00;1,80E-05;0;0;0;0;0;0;0;0,63125582;0,47708957;0,0001;0;0,0001
2017-12-26 03:00:00+00:00;2,39E-05;0;0;0;0;0;0;0;0,60100403;0,48453881;0,0001;0;0,0001
2017-12-26 04:00:00+00:00;3,24E-05;0;0;0;0;0;0,001;0,001;0,58583585;0,47539656;0,0001;0;0,0001
2017-12-26 05:00:00+00:00;7,86E-05;0;4,10E-06;0;0;0;0,001;0,001;0,4919228;0,48047559;0,0001;0;0,0001
2017-12-26 06:00:00+00:00;0,00034531;0;3,05E-05;0;0;0;0,001;0,001;0,48715808;0,48961783;0,0001;0;0,0001
2017-12-26 07:00:00+00:00;0,00045501;0;7,05E-05;0;0;0,013331102;0;0;0,55772678;0,49198804;0,0001;0,013331102;0,0001
2017-12-26 08:00:00+00:00;0,00037468;0;0,0001191;0;0;0,122729674;0,001;0,001;0,62320653;0,48216859;0,0001;0,122729674;0,0001
2017-12-26 09:00:00+00:00;0,00011434;0;0,00017262;0;0;0,253014102;0,011;0,011;0,6540081;0,4838616;0,0001;0,253014102;0,0001
2017-12-26 10:00:00+00:00;7,45E-05;0;0,00022814;0;0;0,415366315;0,023;0,023;0,68674092;0,68363651;0,0001;0,415366315;0,0001
2017-12-26 11:00:00+00:00;7,39E-05;0;0,0002866;0;0;0,514912975;0,037;0,037;0,70556018;0,71004743;0,0001;0,514912975;0,0001
2017-12-26 12:00:00+00:00;7,59E-05;0;0,00034426;0;0;0,641762578;0,048;0,048;0,63569632;0,72189849;0,0001;0,641762578;0,0001
2017-12-26 13:00:00+00:00;7,62E-05;0;0,0003773;0;0;0,645696988;0,053;0,053;0,6553191;0,69582617;0,0001;0,645696988;0,0001
2017-12-26 14:00:00+00:00;7,68E-05;0;0,00037669;0;0;0,641700242;0,05;0,05;0,69197084;0,66941525;0,0001;0,641700242;0,0001
2017-12-26 15:00:00+00:00;7,84E-05;0;0,00037089;0;0;0,485118684;0,043;0,043;0,70915487;0,68397511;0,0001;0,485118684;0,0001
2017-12-26 16:00:00+00:00;8,13E-05;0;0,00034123;0;0;0,354547214;0,047;0,047;0,72670542;0,69548757;0,0001;0,354547214;0,0001
2017-12-26 17:00:00+00:00;0,00011158;0;0,00028573;0;0;0,239362167;0,054;0,054;0,70137343;0,77133431;0,0001;0,239362167;0,0001
2017-12-26 18:00:00+00:00;0,00041321;0;0,000233;0;0;0,105344886;0,072;0,072;0,74973963;0,81535251;0,0001;0,105344886;0,0001
2017-12-26 19:00:00+00:00;0,00042678;0;0,00017929;0;0;0,017678844;0,095;0,095;0,76375188;0,83939322;0,0001;0,017678844;0,0001
2017-12-26 20:00:00+00:00;0,00010472;0;0,00012622;0;0;0;0,102;0,102;0,74673701;0,84447224;0,0001;0;0,0001
2017-12-26 21:00:00+00:00;5,20E-05;0;7,87E-05;0;0;0;0,096;0,096;0,71441299;0,83668441;0,0001;0;0,0001
2017-12-26 22:00:00+00:00;3,21E-05;0;3,69E-05;0;0;0;0,086;0,086;0,6939444;0,60000193;0,0001;0;0,0001
2017-12-26 23:00:00+00:00;6,99E-06;0;6,26E-06;0;0;0;0,055;0,055;0,67162913;0,51264274;0,0001;0;0,0001
2017-12-27 00:00:00+00:00;1,55E-06;0;0;0;0;0;0,039;0,039;0,65595346;0,49131084;0,0001;0;0,0001
2017-12-27 01:00:00+00:00;1,19E-05;0;0;0;0;0;0,061;0,061;0,6411095;0,4825072;0,0001;0;0,0001
2017-12-27 02:00:00+00:00;1,83E-05;0;0;0;0;0;0,088;0,088;0,57729317;0,48081419;0,0001;0;0,0001
2017-12-27 03:00:00+00:00;2,41E-05;0;0;0;0;0;0,105;0,105;0,53965465;0,4831844;0,0001;0;0,0001
2017-12-27 04:00:00+00:00;3,29E-05;0;0;0;0;0;0,102;0,102;0,54068372;0,49029503;0,0001;0;0,0001
2017-12-27 05:00:00+00:00;7,98E-05;0;4,11E-06;0;0;0;0,074;0,074;0,52475431;0,48047559;0,0001;0;0,0001
2017-12-27 06:00:00+00:00;0,00035385;0;3,07E-05;0;0;0;0,043;0,043;0,58449665;0,4838616;0,0001;0;0,0001
2017-12-27 07:00:00+00:00;0,00045254;0;7,16E-05;0;0;0,02084251;0,004;0,004;0,69727125;0,48961783;0,0001;0,02084251;0,0001
2017-12-27 08:00:00+00:00;0,00037542;0;0,0001183;0;0;0,146441957;0;0;0,71231256;0,66264322;0,0001;0,146441957;0,0001
2017-12-27 09:00:00+00:00;0,00011637;0;0,00017194;0;0;0,311106007;0,003;0,003;0,70708264;0,63894111;0,0001;0,311106007;0,0001
2017-12-27 10:00:00+00:00;7,49E-05;0;0,00022867;0;0;0,480544217;0,002;0,002;0,74256435;0,71986688;0,0001;0,480544217;0,0001
2017-12-27 11:00:00+00:00;7,54E-05;0;0,00028557;0;0;0,576931268;0;0;0,67330665;0,71783527;0,0001;0,576931268;0,0001
2017-12-27 12:00:00+00:00;7,60E-05;0;0,00034351;0;0;0,64798974;0;0;0,62699858;0,703614;0,0001;0,64798974;0,0001
2017-12-27 13:00:00+00:00;7,49E-05;0;0,00037736;0;0;0,658387229;0;0;0,66050673;0,70733862;0,0001;0,658387229;0,0001
2017-12-27 14:00:00+00:00;7,42E-05;0;0,00037515;0;0;0,658434911;0;0;0,70465799;0,70462981;0,0001;0,658434911;0,0001
2017-12-27 15:00:00+00:00;7,70E-05;0;0,0003689;0;0;0,533308299;0;0;0,66521507;0,71038603;0,0001;0,533308299;0,0001
2017-12-27 16:00:00+00:00;8,04E-05;0;0,00034092;0;0;0,445788922;0,001;0,001;0,66312874;0,77065711;0,0001;0,445788922;0,0001
2017-12-27 17:00:00+00:00;0,00010768;0;0,0002881;0;0;0,285850065;0,003;0,003;0,64242051;0,80248565;0,0001;0,285850065;0,0001
2017-12-27 18:00:00+00:00;0,0004086;0;0,00023446;0;0;0,143269993;0,007;0,007;0,8178273;0,84311784;0,0001;0,143269993;0,0001
2017-12-27 19:00:00+00:00;0,00042943;0;0,00018041;0;0;0,023600214;0,013;0,013;0,82972502;0,89627828;0,0001;0,023600214;0,0001
2017-12-27 20:00:00+00:00;0,00010604;0;0,00012581;0;0;0;0,016;0,016;0,76551398;0,9013573;0,0001;0;0,0001
2017-12-27 21:00:00+00:00;5,25E-05;0;7,88E-05;0;0;0;0,014;0,014;0,71198834;0,87393058;0,0001;0;0,0001
2017-12-27 22:00:00+00:00;3,20E-05;0;3,70E-05;0;0;0;0,011;0,011;0,70429147;0,56072415;0,0001;0;0,0001
2017-12-27 23:00:00+00:00;7,69E-06;0;6,48E-06;0;0;0;0,012;0,012;0,70612406;0,47708957;0,0001;0;0,0001
2017-12-28 00:00:00+00:00;2,80E-07;0;0;0;0;0;0,031;0,031;0,66115519;0,48792482;0,0001;0;0,0001
2017-12-28 01:00:00+00:00;8,78E-06;0;0;0;0;0;0,078;0,078;0,56466242;0,48758622;0,0001;0;0,0001
2017-12-28 02:00:00+00:00;1,40E-05;0;0;0;0;0;0,144;0,144;0,54425022;0,48927923;0,0001;0;0,0001
2017-12-28 03:00:00+00:00;1,94E-05;0;0;0;0;0;0,171;0,171;0,53696216;0,48487741;0,0001;0;0,0001
2017-12-28 04:00:00+00:00;2,75E-05;0;0;0;0;0;0,149;0,149;0,54128988;0,51128833;0,0001;0;0,0001
2017-12-28 05:00:00+00:00;7,16E-05;0;3,94E-06;0;0;0;0,129;0,129;0,52543096;0,51365854;0,0001;0;0,0001
2017-12-28 06:00:00+00:00;0,00033858;0;2,97E-05;0;0;0;0,093;0,093;0,58263587;0,50790231;0,0001;0;0,0001
2017-12-28 07:00:00+00:00;0,00043847;0;7,07E-05;0;0;0,013093531;0,018;0,018;0,71432841;0,50316189;0,0001;0,013093531;0,0001
2017-12-28 08:00:00+00:00;0,00035435;0;0,00012018;0;0;0,131765642;0,009;0,009;0,69322546;0,67618728;0,0001;0,131765642;0,0001
2017-12-28 09:00:00+00:00;8,58E-05;0;0,00017271;0;0;0,257076604;0,002;0,002;0,72495742;0,69514897;0,0001;0,257076604;0,0001
2017-12-28 10:00:00+00:00;4,24E-05;0;0,00022834;0;0;0,420883346;0,001;0,001;0,73376793;0,6802505;0,0001;0,420883346;0,0001
2017-12-28 11:00:00+00:00;4,22E-05;0;0,00028808;0;0;0,556218162;0,005;0,005;0,72872127;0,73171793;0,0001;0,556218162;0,0001
2017-12-28 12:00:00+00:00;4,30E-05;0;0,00034457;0;0;0,6339937;0,02;0,02;0,69050477;0,72630031;0,0001;0,6339937;0,0001
2017-12-28 13:00:00+00:00;4,19E-05;0;0,00037415;0;0;0,707780964;0,048;0,048;0,70564477;0,73476535;0,0001;0,707780964;0,0001
2017-12-28 14:00:00+00:00;4,25E-05;0;0,00037254;0;0;0,716372718;0,127;0,127;0,65114644;0,79943824;0,0001;0,716372718;0,0001
2017-12-28 15:00:00+00:00;4,67E-05;0;0,00036835;0;0;0,586215132;0,226;0,226;0,69487479;0,7909732;0,0001;0,586215132;0,0001
2017-12-28 16:00:00+00:00;5,57E-05;0;0,00034059;0;0;0,475733251;0,296;0,296;0,70854871;0,79605222;0,0001;0,475733251;0,0001
2017-12-28 17:00:00+00:00;8,94E-05;0;0,00028708;0;0;0,324448768;0,216;0,216;0,6753084;0,82449476;0,0001;0,324448768;0,0001
2017-12-28 18:00:00+00:00;0,00040158;0;0,00023378;0;0;0,159709062;0,14;0,14;0,81733391;0,90508192;0,0001;0,159709062;0,0001
2017-12-28 19:00:00+00:00;0,00042209;0;0,00018081;0;0;0,022971312;0,09;0,09;0,86890009;0,90305031;0,0001;0,022971312;0,0001
2017-12-28 20:00:00+00:00;0,00010065;0;0,00012823;0;0;0;0,041;0,041;0,77273155;0,90440472;0,0001;0;0,0001
2017-12-28 21:00:00+00:00;4,80E-05;0;7,93E-05;0;0;0;0,012;0,012;0,69278846;0,89560108;0,0001;0;0,0001
2017-12-28 22:00:00+00:00;2,91E-05;0;3,77E-05;0;0;0;0,001;0,001;0,68086255;0,85192148;0,0001;0;0,0001
2017-12-28 23:00:00+00:00;5,36E-06;0;6,42E-06;0;0;0;0;0;0,70530644;0,55361352;0,0001;0;0,0001
2017-12-29 00:00:00+00:00;2,00E-07;0;0;0;0;0;0,009;0,009;0,69759548;0,5048549;0,0001;0;0,0001
2017-12-29 01:00:00+00:00;8,90E-06;0;0;0;0;0;0,008;0,008;0,64626894;0,51061113;0,0001;0;0,0001
2017-12-29 02:00:00+00:00;1,42E-05;0;0;0;0;0;0,003;0,003;0,58287552;0,51467434;0,0001;0;0,0001
2017-12-29 03:00:00+00:00;1,96E-05;0;0;0;0;0;0,003;0,003;0,55416029;0,51331994;0,0001;0;0,0001
2017-12-29 04:00:00+00:00;2,80E-05;0;0;0;0;0;0;0;0,54943785;0,51433574;0,0001;0;0,0001
2017-12-29 05:00:00+00:00;7,15E-05;0;4,23E-06;0;0;0;0;0;0,51756493;0,52246218;0,0001;0;0,0001
2017-12-29 06:00:00+00:00;0,00033927;0;3,00E-05;0;0;0;0,001;0,001;0,60153971;0,52076917;0,0001;0;0,0001
2017-12-29 07:00:00+00:00;0,00044178;0;6,97E-05;0;0;0,019241917;0;0;0,68199029;0,54108526;0,0001;0,019241917;0,0001
2017-12-29 08:00:00+00:00;0,00035326;0;0,00011748;0;0;0,173230693;0;0;0,71803587;0,72155989;0,0001;0,173230693;0,0001
2017-12-29 09:00:00+00:00;8,54E-05;0;0,00017077;0;0;0,361814347;0,001;0,001;0,71541386;0,71681946;0,0001;0,361814347;0,0001
2017-12-29 10:00:00+00:00;4,24E-05;0;0,00022802;0;0;0,553841945;0;0;0,71205882;0,75812885;0,0001;0,553841945;0,0001
2017-12-29 11:00:00+00:00;4,25E-05;0;0,00028472;0;0;0,639532239;0;0;0,70791435;0,78420117;0,0001;0,639532239;0,0001
2017-12-29 12:00:00+00:00;4,31E-05;0;0,00034559;0;0;0,741398709;0;0;0,72088343;0,75745165;0,0001;0,741398709;0,0001
2017-12-29 13:00:00+00:00;4,18E-05;0;0,00037724;0;0;0,787986582;0;0;0,71208701;0,77810634;0,0001;0,787986582;0,0001
2017-12-29 14:00:00+00:00;4,25E-05;0;0,00037547;0;0;0,762430299;0;0;0,6970739;0,77912215;0,0001;0,762430299;0,0001
2017-12-29 15:00:00+00:00;4,68E-05;0;0,00036997;0;0;0,676397661;0,001;0,001;0,69494528;0,78250816;0,0001;0,676397661;0,0001
2017-12-29 16:00:00+00:00;5,56E-05;0;0,00034102;0;0;0,544963974;0,009;0,009;0,6637631;0,80688748;0,0001;0,544963974;0,0001
2017-12-29 17:00:00+00:00;9,02E-05;0;0,0002872;0;0;0,364122427;0,028;0,028;0,67453307;0,86106372;0,0001;0,364122427;0,0001
2017-12-29 18:00:00+00:00;0,00040527;0;0,00023355;0;0;0,177867146;0,073;0,073;0,78259933;0,9010187;0,0001;0,177867146;0,0001
2017-12-29 19:00:00+00:00;0,0004268;0;0,00017964;0;0;0,029054493;0,155;0,155;0,87291769;0,89763269;0,0001;0,029054493;0,0001
2017-12-29 20:00:00+00:00;0,00010058;0;0,00012786;0;0;0;0,234;0,234;0,78271211;0,9000029;0,0001;0;0,0001
2017-12-29 21:00:00+00:00;4,80E-05;0;7,79E-05;0;0;0;0,266;0,266;0,71644293;0,89526248;0,0001;0;0,0001
2017-12-29 22:00:00+00:00;2,91E-05;0;3,65E-05;0;0;0;0,265;0,265;0,69053297;0,64537454;0,0001;0;0,0001
2017-12-29 23:00:00+00:00;5,34E-06;0;6,45E-06;0;0;0;0,247;0,247;0,67357449;0,42765375;0,0001;0;0,0001
2017-12-30 00:00:00+00:00;1,56E-06;0;0;0;0;0;0,27;0,27;0,69253472;0,34503497;0,0001;0;0,0001
2017-12-30 01:00:00+00:00;1,18E-05;0;0;0;0;0;0,27;0,27;0,66193051;0,34131035;0,0001;0;0,0001
2017-12-30 02:00:00+00:00;1,85E-05;0;0;0;0;0;0,289;0,289;0,60365424;0,34875959;0,0001;0;0,0001
2017-12-30 03:00:00+00:00;2,37E-05;0;0;0;0;0;0,275;0,275;0,5953935;0,3304751;0,0001;0;0,0001
2017-12-30 04:00:00+00:00;3,27E-05;0;0;0;0;0;0,205;0,205;0,57622182;0,33352252;0,0001;0;0,0001
2017-12-30 05:00:00+00:00;7,83E-05;0;4,35E-06;0;0;0;0,178;0,178;0,52444418;0,34097175;0,0001;0;0,0001
2017-12-30 06:00:00+00:00;0,00035283;0;3,05E-05;0;0;0;0,136;0,136;0,6047115;0,34401917;0,0001;0;0,0001
2017-12-30 07:00:00+00:00;0,00045938;0;7,09E-05;0;0;0,023154418;0,167;0,167;0,65729266;0,3721231;0,0001;0,023154418;0,0001
2017-12-30 08:00:00+00:00;0,00037497;0;0,00011898;0;0;0,217829998;0,299;0,299;0,68599379;0,67618728;0,0001;0,217829998;0,0001
2017-12-30 09:00:00+00:00;0,00011426;0;0,0001717;0;0;0,431936682;0,298;0,298;0,68382288;0,73679695;0,0001;0,431936682;0,0001
2017-12-30 10:00:00+00:00;7,60E-05;0;0,00022668;0;0;0,625537757;0,249;0,249;0,66209967;0,71614226;0,0001;0,625537757;0,0001
2017-12-30 11:00:00+00:00;7,51E-05;0;0,00028475;0;0;0,762234783;0,222;0,222;0,65686975;0,75982186;0,0001;0,762234783;0,0001
2017-12-30 12:00:00+00:00;7,76E-05;0;0,00034449;0;0;0,822403587;0,216;0,216;0,64827069;0,72697751;0,0001;0,822403587;0,0001
2017-12-30 13:00:00+00:00;7,46E-05;0;0,00037704;0;0;0,830430111;0,227;0,227;0,68806602;0,72697751;0,0001;0,830430111;0,0001
2017-12-30 14:00:00+00:00;7,51E-05;0;0,00037632;0;0;0,788790731;0,244;0,244;0,69715848;0,51128833;0,0001;0,788790731;0,0001
2017-12-30 15:00:00+00:00;7,90E-05;0;0,00036889;0;0;0,708455381;0,218;0,218;0,68782638;0,73307234;0,0001;0,708455381;0,0001
2017-12-30 16:00:00+00:00;8,02E-05;0;0,00034071;0;0;0,574642377;0,174;0,174;0,6957206;0,20756274;0,0001;0,574642377;0,0001
2017-12-30 17:00:00+00:00;0,00011011;0;0,00028797;0;0;0,396896093;0,156;0,156;0,65744772;0,85327588;0,0001;0,396896093;0,0001
2017-12-30 18:00:00+00:00;0,00041991;0;0,00023372;0;0;0,191118262;0,119;0,119;0,81444406;0,89898709;0,0001;0,191118262;0,0001
2017-12-30 19:00:00+00:00;0,00043049;0;0,00017764;0;0;0,031491105;0,105;0,105;0,88411057;0,89526248;0,0001;0,031491105;0,0001
2017-12-30 20:00:00+00:00;0,00010656;0;0,00012713;0;0;0;0,132;0,132;0,78998607;0,9000029;0,0001;0;0,0001
2017-12-30 21:00:00+00:00;5,23E-05;0;7,83E-05;0;0;0;0,188;0,188;0,75849376;0,85463029;0,0001;0;0,0001
2017-12-30 22:00:00+00:00;3,22E-05;0;3,74E-05;0;0;0;0,166;0,166;0,74346655;0,77709054;0,0001;0;0,0001
2017-12-30 23:00:00+00:00;7,56E-06;0;6,55E-06;0;0;0;0,17;0,17;0,6983708;0,33826294;0,0001;0;0,0001
2017-12-31 00:00:00+00:00;1,71E-06;0;0;0;0;0;0,157;0,157;0,73544545;0,25869158;0,0001;0;0,0001
2017-12-31 01:00:00+00:00;1,18E-05;0;0;0;0;0;0,159;0,159;0,64657907;0,25395116;0,0001;0;0,0001
2017-12-31 02:00:00+00:00;1,84E-05;0;0;0;0;0;0,157;0,157;0,59009309;0,25395116;0,0001;0;0,0001
2017-12-31 03:00:00+00:00;2,41E-05;0;0;0;0;0;0,153;0,153;0,57426236;0,25293535;0,0001;0;0,0001
2017-12-31 04:00:00+00:00;3,28E-05;0;0;0;0;0;0,165;0,165;0,53084414;0,23634388;0,0001;0;0,0001
2017-12-31 05:00:00+00:00;7,91E-05;0;4,13E-06;0;0;0;0,165;0,165;0,50548395;0,23498947;0,0001;0;0,0001
2017-12-31 06:00:00+00:00;0,00035122;0;3,02E-05;0;0;0;0,121;0,121;0,57754692;0,23498947;0,0001;0;0,0001
2017-12-31 07:00:00+00:00;0,00045708;0;7,07E-05;0;0;0,017461984;0,084;0,084;0,59337765;0,43239417;0,0001;0,017461984;0,0001
2017-12-31 08:00:00+00:00;0,00037955;0;0,00011881;0;0;0,232720108;0,209;0,209;0,68521847;0,64537454;0,0001;0,232720108;0,0001
2017-12-31 09:00:00+00:00;0,00011822;0;0,00017185;0;0;0,455540145;0,241;0,241;0,66911989;0,6369095;0,0001;0,455540145;0,0001
2017-12-31 10:00:00+00:00;7,65E-05;0;0,00022734;0;0;0,622039337;0,259;0,259;0,70288179;0,6149004;0,0001;0,622039337;0,0001
2017-12-31 11:00:00+00:00;7,61E-05;0;0,00028573;0;0;0,732710815;0,272;0,272;0,70049942;0,60948278;0,0001;0,732710815;0,0001
2017-12-31 12:00:00+00:00;7,55E-05;0;0,00034343;0;0;0,794261354;0,28;0,28;0,70709674;0,66230462;0,0001;0,794261354;0,0001
2017-12-31 13:00:00+00:00;7,51E-05;0;0,00037655;0;0;0,801428068;0,271;0,271;0,71706319;0,72088268;0,0001;0,801428068;0,0001
2017-12-31 14:00:00+00:00;7,68E-05;0;0,00037647;0;0;0,761093694;0,236;0,236;0,74169035;0,75914466;0,0001;0,761093694;0,0001
2017-12-31 15:00:00+00:00;7,61E-05;0;0,00036896;0;0;0,677234838;0,163;0,163;0,71399009;0,75169542;0,0001;0,677234838;0,0001
2017-12-31 16:00:00+00:00;7,63E-05;0;0,00033976;0;0;0,517848757;0,111;0,111;0,64767862;0,62471984;0,0001;0,517848757;0,0001
2017-12-31 17:00:00+00:00;0,00010795;0;0,00028632;0;0;0,374665203;0,103;0,103;0,69419814;0,7693027;0,0001;0,374665203;0,0001
2017-12-31 18:00:00+00:00;0,00042211;0;0,0002328;0;0;0,191246841;0,121;0,121;0,87453882;0,90542052;0,0001;0,191246841;0,0001
2017-12-31 19:00:00+00:00;0,00043792;0;0,00018071;0;0;0,030326809;0,148;0,148;0,91083815;0,88544303;0,0001;0,030326809;0,0001
2017-12-31 20:00:00+00:00;0,00010651;0;0,00012949;0;0;0;0,02;0,02;0,81485287;0,90440472;0,0001;0;0,0001
2017-12-31 21:00:00+00:00;5,21E-05;0;7,95E-05;0;0;0;0,063;0,063;0,7565343;0,86648134;0,0001;0;0,0001
2017-12-31 22:00:00+00:00;3,28E-05;0;3,73E-05;0;0;0;0,079;0,079;0,74465068;0,86241813;0,0001;0;0,0001
2017-12-31 23:00:00+00:00;7,54E-06;0;6,53E-06;0;0;0;0,087;0,087;0,72046053;0,42122032;0,0001;0;0,0001