  
 set  T_H_TD  :=  		 
(	1	,	1	,	1	)
(	2	,	2	,	1	)
(	3	,	3	,	1	)
(	4	,	4	,	1	)
(	5	,	5	,	1	)
(	6	,	6	,	1	)
(	7	,	7	,	1	)
(	8	,	8	,	1	)
(	9	,	9	,	1	)
(	10	,	10	,	1	)
(	11	,	11	,	1	)
(	12	,	12	,	1	)
(	13	,	13	,	1	)
(	14	,	14	,	1	)
(	15	,	15	,	1	)
(	16	,	16	,	1	)
(	17	,	17	,	1	)
(	18	,	18	,	1	)
(	19	,	19	,	1	)
(	20	,	20	,	1	)
(	21	,	21	,	1	)
(	22	,	22	,	1	)
(	23	,	23	,	1	)
(	24	,	24	,	1	)
(	25	,	1	,	2	)
(	26	,	2	,	2	)
(	27	,	3	,	2	)
(	28	,	4	,	2	)
(	29	,	5	,	2	)
(	30	,	6	,	2	)
(	31	,	7	,	2	)
(	32	,	8	,	2	)
(	33	,	9	,	2	)
(	34	,	10	,	2	)
(	35	,	11	,	2	)
(	36	,	12	,	2	)
(	37	,	13	,	2	)
(	38	,	14	,	2	)
(	39	,	15	,	2	)
(	40	,	16	,	2	)
(	41	,	17	,	2	)
(	42	,	18	,	2	)
(	43	,	19	,	2	)
(	44	,	20	,	2	)
(	45	,	21	,	2	)
(	46	,	22	,	2	)
(	47	,	23	,	2	)
(	48	,	24	,	2	)
(	49	,	1	,	1	)
(	50	,	2	,	1	)
(	51	,	3	,	1	)
(	52	,	4	,	1	)
(	53	,	5	,	1	)
(	54	,	6	,	1	)
(	55	,	7	,	1	)
(	56	,	8	,	1	)
(	57	,	9	,	1	)
(	58	,	10	,	1	)
(	59	,	11	,	1	)
(	60	,	12	,	1	)
(	61	,	13	,	1	)
(	62	,	14	,	1	)
(	63	,	15	,	1	)
(	64	,	16	,	1	)
(	65	,	17	,	1	)
(	66	,	18	,	1	)
(	67	,	19	,	1	)
(	68	,	20	,	1	)
(	69	,	21	,	1	)
(	70	,	22	,	1	)
(	71	,	23	,	1	)
(	72	,	24	,	1	)
(	73	,	1	,	3	)
(	74	,	2	,	3	)
(	75	,	3	,	3	)
(	76	,	4	,	3	)
(	77	,	5	,	3	)
(	78	,	6	,	3	)
(	79	,	7	,	3	)
(	80	,	8	,	3	)
(	81	,	9	,	3	)
(	82	,	10	,	3	)
(	83	,	11	,	3	)
(	84	,	12	,	3	)
(	85	,	13	,	3	)
(	86	,	14	,	3	)
(	87	,	15	,	3	)
(	88	,	16	,	3	)
(	89	,	17	,	3	)
(	90	,	18	,	3	)
(	91	,	19	,	3	)
(	92	,	20	,	3	)
(	93	,	21	,	3	)
(	94	,	22	,	3	)
(	95	,	23	,	3	)
(	96	,	24	,	3	)
(	97	,	1	,	3	)
(	98	,	2	,	3	)
(	99	,	3	,	3	)
(	100	,	4	,	3	)
(	101	,	5	,	3	)
(	102	,	6	,	3	)
(	103	,	7	,	3	)
(	104	,	8	,	3	)
(	105	,	9	,	3	)
(	106	,	10	,	3	)
(	107	,	11	,	3	)
(	108	,	12	,	3	)
(	109	,	13	,	3	)
(	110	,	14	,	3	)
(	111	,	15	,	3	)
(	112	,	16	,	3	)
(	113	,	17	,	3	)
(	114	,	18	,	3	)
(	115	,	19	,	3	)
(	116	,	20	,	3	)
(	117	,	21	,	3	)
(	118	,	22	,	3	)
(	119	,	23	,	3	)
(	120	,	24	,	3	)
(	121	,	1	,	1	)
(	122	,	2	,	1	)
(	123	,	3	,	1	)
(	124	,	4	,	1	)
(	125	,	5	,	1	)
(	126	,	6	,	1	)
(	127	,	7	,	1	)
(	128	,	8	,	1	)
(	129	,	9	,	1	)
(	130	,	10	,	1	)
(	131	,	11	,	1	)
(	132	,	12	,	1	)
(	133	,	13	,	1	)
(	134	,	14	,	1	)
(	135	,	15	,	1	)
(	136	,	16	,	1	)
(	137	,	17	,	1	)
(	138	,	18	,	1	)
(	139	,	19	,	1	)
(	140	,	20	,	1	)
(	141	,	21	,	1	)
(	142	,	22	,	1	)
(	143	,	23	,	1	)
(	144	,	24	,	1	)
(	145	,	1	,	4	)
(	146	,	2	,	4	)
(	147	,	3	,	4	)
(	148	,	4	,	4	)
(	149	,	5	,	4	)
(	150	,	6	,	4	)
(	151	,	7	,	4	)
(	152	,	8	,	4	)
(	153	,	9	,	4	)
(	154	,	10	,	4	)
(	155	,	11	,	4	)
(	156	,	12	,	4	)
(	157	,	13	,	4	)
(	158	,	14	,	4	)
(	159	,	15	,	4	)
(	160	,	16	,	4	)
(	161	,	17	,	4	)
(	162	,	18	,	4	)
(	163	,	19	,	4	)
(	164	,	20	,	4	)
(	165	,	21	,	4	)
(	166	,	22	,	4	)
(	167	,	23	,	4	)
(	168	,	24	,	4	)
(	169	,	1	,	1	)
(	170	,	2	,	1	)
(	171	,	3	,	1	)
(	172	,	4	,	1	)
(	173	,	5	,	1	)
(	174	,	6	,	1	)
(	175	,	7	,	1	)
(	176	,	8	,	1	)
(	177	,	9	,	1	)
(	178	,	10	,	1	)
(	179	,	11	,	1	)
(	180	,	12	,	1	)
(	181	,	13	,	1	)
(	182	,	14	,	1	)
(	183	,	15	,	1	)
(	184	,	16	,	1	)
(	185	,	17	,	1	)
(	186	,	18	,	1	)
(	187	,	19	,	1	)
(	188	,	20	,	1	)
(	189	,	21	,	1	)
(	190	,	22	,	1	)
(	191	,	23	,	1	)
(	192	,	24	,	1	)
(	193	,	1	,	1	)
(	194	,	2	,	1	)
(	195	,	3	,	1	)
(	196	,	4	,	1	)
(	197	,	5	,	1	)
(	198	,	6	,	1	)
(	199	,	7	,	1	)
(	200	,	8	,	1	)
(	201	,	9	,	1	)
(	202	,	10	,	1	)
(	203	,	11	,	1	)
(	204	,	12	,	1	)
(	205	,	13	,	1	)
(	206	,	14	,	1	)
(	207	,	15	,	1	)
(	208	,	16	,	1	)
(	209	,	17	,	1	)
(	210	,	18	,	1	)
(	211	,	19	,	1	)
(	212	,	20	,	1	)
(	213	,	21	,	1	)
(	214	,	22	,	1	)
(	215	,	23	,	1	)
(	216	,	24	,	1	)
(	217	,	1	,	1	)
(	218	,	2	,	1	)
(	219	,	3	,	1	)
(	220	,	4	,	1	)
(	221	,	5	,	1	)
(	222	,	6	,	1	)
(	223	,	7	,	1	)
(	224	,	8	,	1	)
(	225	,	9	,	1	)
(	226	,	10	,	1	)
(	227	,	11	,	1	)
(	228	,	12	,	1	)
(	229	,	13	,	1	)
(	230	,	14	,	1	)
(	231	,	15	,	1	)
(	232	,	16	,	1	)
(	233	,	17	,	1	)
(	234	,	18	,	1	)
(	235	,	19	,	1	)
(	236	,	20	,	1	)
(	237	,	21	,	1	)
(	238	,	22	,	1	)
(	239	,	23	,	1	)
(	240	,	24	,	1	)
(	241	,	1	,	3	)
(	242	,	2	,	3	)
(	243	,	3	,	3	)
(	244	,	4	,	3	)
(	245	,	5	,	3	)
(	246	,	6	,	3	)
(	247	,	7	,	3	)
(	248	,	8	,	3	)
(	249	,	9	,	3	)
(	250	,	10	,	3	)
(	251	,	11	,	3	)
(	252	,	12	,	3	)
(	253	,	13	,	3	)
(	254	,	14	,	3	)
(	255	,	15	,	3	)
(	256	,	16	,	3	)
(	257	,	17	,	3	)
(	258	,	18	,	3	)
(	259	,	19	,	3	)
(	260	,	20	,	3	)
(	261	,	21	,	3	)
(	262	,	22	,	3	)
(	263	,	23	,	3	)
(	264	,	24	,	3	)
(	265	,	1	,	3	)
(	266	,	2	,	3	)
(	267	,	3	,	3	)
(	268	,	4	,	3	)
(	269	,	5	,	3	)
(	270	,	6	,	3	)
(	271	,	7	,	3	)
(	272	,	8	,	3	)
(	273	,	9	,	3	)
(	274	,	10	,	3	)
(	275	,	11	,	3	)
(	276	,	12	,	3	)
(	277	,	13	,	3	)
(	278	,	14	,	3	)
(	279	,	15	,	3	)
(	280	,	16	,	3	)
(	281	,	17	,	3	)
(	282	,	18	,	3	)
(	283	,	19	,	3	)
(	284	,	20	,	3	)
(	285	,	21	,	3	)
(	286	,	22	,	3	)
(	287	,	23	,	3	)
(	288	,	24	,	3	)
(	289	,	1	,	1	)
(	290	,	2	,	1	)
(	291	,	3	,	1	)
(	292	,	4	,	1	)
(	293	,	5	,	1	)
(	294	,	6	,	1	)
(	295	,	7	,	1	)
(	296	,	8	,	1	)
(	297	,	9	,	1	)
(	298	,	10	,	1	)
(	299	,	11	,	1	)
(	300	,	12	,	1	)
(	301	,	13	,	1	)
(	302	,	14	,	1	)
(	303	,	15	,	1	)
(	304	,	16	,	1	)
(	305	,	17	,	1	)
(	306	,	18	,	1	)
(	307	,	19	,	1	)
(	308	,	20	,	1	)
(	309	,	21	,	1	)
(	310	,	22	,	1	)
(	311	,	23	,	1	)
(	312	,	24	,	1	)
(	313	,	1	,	2	)
(	314	,	2	,	2	)
(	315	,	3	,	2	)
(	316	,	4	,	2	)
(	317	,	5	,	2	)
(	318	,	6	,	2	)
(	319	,	7	,	2	)
(	320	,	8	,	2	)
(	321	,	9	,	2	)
(	322	,	10	,	2	)
(	323	,	11	,	2	)
(	324	,	12	,	2	)
(	325	,	13	,	2	)
(	326	,	14	,	2	)
(	327	,	15	,	2	)
(	328	,	16	,	2	)
(	329	,	17	,	2	)
(	330	,	18	,	2	)
(	331	,	19	,	2	)
(	332	,	20	,	2	)
(	333	,	21	,	2	)
(	334	,	22	,	2	)
(	335	,	23	,	2	)
(	336	,	24	,	2	)
(	337	,	1	,	1	)
(	338	,	2	,	1	)
(	339	,	3	,	1	)
(	340	,	4	,	1	)
(	341	,	5	,	1	)
(	342	,	6	,	1	)
(	343	,	7	,	1	)
(	344	,	8	,	1	)
(	345	,	9	,	1	)
(	346	,	10	,	1	)
(	347	,	11	,	1	)
(	348	,	12	,	1	)
(	349	,	13	,	1	)
(	350	,	14	,	1	)
(	351	,	15	,	1	)
(	352	,	16	,	1	)
(	353	,	17	,	1	)
(	354	,	18	,	1	)
(	355	,	19	,	1	)
(	356	,	20	,	1	)
(	357	,	21	,	1	)
(	358	,	22	,	1	)
(	359	,	23	,	1	)
(	360	,	24	,	1	)
(	361	,	1	,	2	)
(	362	,	2	,	2	)
(	363	,	3	,	2	)
(	364	,	4	,	2	)
(	365	,	5	,	2	)
(	366	,	6	,	2	)
(	367	,	7	,	2	)
(	368	,	8	,	2	)
(	369	,	9	,	2	)
(	370	,	10	,	2	)
(	371	,	11	,	2	)
(	372	,	12	,	2	)
(	373	,	13	,	2	)
(	374	,	14	,	2	)
(	375	,	15	,	2	)
(	376	,	16	,	2	)
(	377	,	17	,	2	)
(	378	,	18	,	2	)
(	379	,	19	,	2	)
(	380	,	20	,	2	)
(	381	,	21	,	2	)
(	382	,	22	,	2	)
(	383	,	23	,	2	)
(	384	,	24	,	2	)
(	385	,	1	,	1	)
(	386	,	2	,	1	)
(	387	,	3	,	1	)
(	388	,	4	,	1	)
(	389	,	5	,	1	)
(	390	,	6	,	1	)
(	391	,	7	,	1	)
(	392	,	8	,	1	)
(	393	,	9	,	1	)
(	394	,	10	,	1	)
(	395	,	11	,	1	)
(	396	,	12	,	1	)
(	397	,	13	,	1	)
(	398	,	14	,	1	)
(	399	,	15	,	1	)
(	400	,	16	,	1	)
(	401	,	17	,	1	)
(	402	,	18	,	1	)
(	403	,	19	,	1	)
(	404	,	20	,	1	)
(	405	,	21	,	1	)
(	406	,	22	,	1	)
(	407	,	23	,	1	)
(	408	,	24	,	1	)
(	409	,	1	,	4	)
(	410	,	2	,	4	)
(	411	,	3	,	4	)
(	412	,	4	,	4	)
(	413	,	5	,	4	)
(	414	,	6	,	4	)
(	415	,	7	,	4	)
(	416	,	8	,	4	)
(	417	,	9	,	4	)
(	418	,	10	,	4	)
(	419	,	11	,	4	)
(	420	,	12	,	4	)
(	421	,	13	,	4	)
(	422	,	14	,	4	)
(	423	,	15	,	4	)
(	424	,	16	,	4	)
(	425	,	17	,	4	)
(	426	,	18	,	4	)
(	427	,	19	,	4	)
(	428	,	20	,	4	)
(	429	,	21	,	4	)
(	430	,	22	,	4	)
(	431	,	23	,	4	)
(	432	,	24	,	4	)
(	433	,	1	,	3	)
(	434	,	2	,	3	)
(	435	,	3	,	3	)
(	436	,	4	,	3	)
(	437	,	5	,	3	)
(	438	,	6	,	3	)
(	439	,	7	,	3	)
(	440	,	8	,	3	)
(	441	,	9	,	3	)
(	442	,	10	,	3	)
(	443	,	11	,	3	)
(	444	,	12	,	3	)
(	445	,	13	,	3	)
(	446	,	14	,	3	)
(	447	,	15	,	3	)
(	448	,	16	,	3	)
(	449	,	17	,	3	)
(	450	,	18	,	3	)
(	451	,	19	,	3	)
(	452	,	20	,	3	)
(	453	,	21	,	3	)
(	454	,	22	,	3	)
(	455	,	23	,	3	)
(	456	,	24	,	3	)
(	457	,	1	,	4	)
(	458	,	2	,	4	)
(	459	,	3	,	4	)
(	460	,	4	,	4	)
(	461	,	5	,	4	)
(	462	,	6	,	4	)
(	463	,	7	,	4	)
(	464	,	8	,	4	)
(	465	,	9	,	4	)
(	466	,	10	,	4	)
(	467	,	11	,	4	)
(	468	,	12	,	4	)
(	469	,	13	,	4	)
(	470	,	14	,	4	)
(	471	,	15	,	4	)
(	472	,	16	,	4	)
(	473	,	17	,	4	)
(	474	,	18	,	4	)
(	475	,	19	,	4	)
(	476	,	20	,	4	)
(	477	,	21	,	4	)
(	478	,	22	,	4	)
(	479	,	23	,	4	)
(	480	,	24	,	4	)
(	481	,	1	,	2	)
(	482	,	2	,	2	)
(	483	,	3	,	2	)
(	484	,	4	,	2	)
(	485	,	5	,	2	)
(	486	,	6	,	2	)
(	487	,	7	,	2	)
(	488	,	8	,	2	)
(	489	,	9	,	2	)
(	490	,	10	,	2	)
(	491	,	11	,	2	)
(	492	,	12	,	2	)
(	493	,	13	,	2	)
(	494	,	14	,	2	)
(	495	,	15	,	2	)
(	496	,	16	,	2	)
(	497	,	17	,	2	)
(	498	,	18	,	2	)
(	499	,	19	,	2	)
(	500	,	20	,	2	)
(	501	,	21	,	2	)
(	502	,	22	,	2	)
(	503	,	23	,	2	)
(	504	,	24	,	2	)
(	505	,	1	,	1	)
(	506	,	2	,	1	)
(	507	,	3	,	1	)
(	508	,	4	,	1	)
(	509	,	5	,	1	)
(	510	,	6	,	1	)
(	511	,	7	,	1	)
(	512	,	8	,	1	)
(	513	,	9	,	1	)
(	514	,	10	,	1	)
(	515	,	11	,	1	)
(	516	,	12	,	1	)
(	517	,	13	,	1	)
(	518	,	14	,	1	)
(	519	,	15	,	1	)
(	520	,	16	,	1	)
(	521	,	17	,	1	)
(	522	,	18	,	1	)
(	523	,	19	,	1	)
(	524	,	20	,	1	)
(	525	,	21	,	1	)
(	526	,	22	,	1	)
(	527	,	23	,	1	)
(	528	,	24	,	1	)
(	529	,	1	,	2	)
(	530	,	2	,	2	)
(	531	,	3	,	2	)
(	532	,	4	,	2	)
(	533	,	5	,	2	)
(	534	,	6	,	2	)
(	535	,	7	,	2	)
(	536	,	8	,	2	)
(	537	,	9	,	2	)
(	538	,	10	,	2	)
(	539	,	11	,	2	)
(	540	,	12	,	2	)
(	541	,	13	,	2	)
(	542	,	14	,	2	)
(	543	,	15	,	2	)
(	544	,	16	,	2	)
(	545	,	17	,	2	)
(	546	,	18	,	2	)
(	547	,	19	,	2	)
(	548	,	20	,	2	)
(	549	,	21	,	2	)
(	550	,	22	,	2	)
(	551	,	23	,	2	)
(	552	,	24	,	2	)
(	553	,	1	,	2	)
(	554	,	2	,	2	)
(	555	,	3	,	2	)
(	556	,	4	,	2	)
(	557	,	5	,	2	)
(	558	,	6	,	2	)
(	559	,	7	,	2	)
(	560	,	8	,	2	)
(	561	,	9	,	2	)
(	562	,	10	,	2	)
(	563	,	11	,	2	)
(	564	,	12	,	2	)
(	565	,	13	,	2	)
(	566	,	14	,	2	)
(	567	,	15	,	2	)
(	568	,	16	,	2	)
(	569	,	17	,	2	)
(	570	,	18	,	2	)
(	571	,	19	,	2	)
(	572	,	20	,	2	)
(	573	,	21	,	2	)
(	574	,	22	,	2	)
(	575	,	23	,	2	)
(	576	,	24	,	2	)
(	577	,	1	,	3	)
(	578	,	2	,	3	)
(	579	,	3	,	3	)
(	580	,	4	,	3	)
(	581	,	5	,	3	)
(	582	,	6	,	3	)
(	583	,	7	,	3	)
(	584	,	8	,	3	)
(	585	,	9	,	3	)
(	586	,	10	,	3	)
(	587	,	11	,	3	)
(	588	,	12	,	3	)
(	589	,	13	,	3	)
(	590	,	14	,	3	)
(	591	,	15	,	3	)
(	592	,	16	,	3	)
(	593	,	17	,	3	)
(	594	,	18	,	3	)
(	595	,	19	,	3	)
(	596	,	20	,	3	)
(	597	,	21	,	3	)
(	598	,	22	,	3	)
(	599	,	23	,	3	)
(	600	,	24	,	3	)
(	601	,	1	,	3	)
(	602	,	2	,	3	)
(	603	,	3	,	3	)
(	604	,	4	,	3	)
(	605	,	5	,	3	)
(	606	,	6	,	3	)
(	607	,	7	,	3	)
(	608	,	8	,	3	)
(	609	,	9	,	3	)
(	610	,	10	,	3	)
(	611	,	11	,	3	)
(	612	,	12	,	3	)
(	613	,	13	,	3	)
(	614	,	14	,	3	)
(	615	,	15	,	3	)
(	616	,	16	,	3	)
(	617	,	17	,	3	)
(	618	,	18	,	3	)
(	619	,	19	,	3	)
(	620	,	20	,	3	)
(	621	,	21	,	3	)
(	622	,	22	,	3	)
(	623	,	23	,	3	)
(	624	,	24	,	3	)
(	625	,	1	,	2	)
(	626	,	2	,	2	)
(	627	,	3	,	2	)
(	628	,	4	,	2	)
(	629	,	5	,	2	)
(	630	,	6	,	2	)
(	631	,	7	,	2	)
(	632	,	8	,	2	)
(	633	,	9	,	2	)
(	634	,	10	,	2	)
(	635	,	11	,	2	)
(	636	,	12	,	2	)
(	637	,	13	,	2	)
(	638	,	14	,	2	)
(	639	,	15	,	2	)
(	640	,	16	,	2	)
(	641	,	17	,	2	)
(	642	,	18	,	2	)
(	643	,	19	,	2	)
(	644	,	20	,	2	)
(	645	,	21	,	2	)
(	646	,	22	,	2	)
(	647	,	23	,	2	)
(	648	,	24	,	2	)
(	649	,	1	,	2	)
(	650	,	2	,	2	)
(	651	,	3	,	2	)
(	652	,	4	,	2	)
(	653	,	5	,	2	)
(	654	,	6	,	2	)
(	655	,	7	,	2	)
(	656	,	8	,	2	)
(	657	,	9	,	2	)
(	658	,	10	,	2	)
(	659	,	11	,	2	)
(	660	,	12	,	2	)
(	661	,	13	,	2	)
(	662	,	14	,	2	)
(	663	,	15	,	2	)
(	664	,	16	,	2	)
(	665	,	17	,	2	)
(	666	,	18	,	2	)
(	667	,	19	,	2	)
(	668	,	20	,	2	)
(	669	,	21	,	2	)
(	670	,	22	,	2	)
(	671	,	23	,	2	)
(	672	,	24	,	2	)
(	673	,	1	,	2	)
(	674	,	2	,	2	)
(	675	,	3	,	2	)
(	676	,	4	,	2	)
(	677	,	5	,	2	)
(	678	,	6	,	2	)
(	679	,	7	,	2	)
(	680	,	8	,	2	)
(	681	,	9	,	2	)
(	682	,	10	,	2	)
(	683	,	11	,	2	)
(	684	,	12	,	2	)
(	685	,	13	,	2	)
(	686	,	14	,	2	)
(	687	,	15	,	2	)
(	688	,	16	,	2	)
(	689	,	17	,	2	)
(	690	,	18	,	2	)
(	691	,	19	,	2	)
(	692	,	20	,	2	)
(	693	,	21	,	2	)
(	694	,	22	,	2	)
(	695	,	23	,	2	)
(	696	,	24	,	2	)
(	697	,	1	,	4	)
(	698	,	2	,	4	)
(	699	,	3	,	4	)
(	700	,	4	,	4	)
(	701	,	5	,	4	)
(	702	,	6	,	4	)
(	703	,	7	,	4	)
(	704	,	8	,	4	)
(	705	,	9	,	4	)
(	706	,	10	,	4	)
(	707	,	11	,	4	)
(	708	,	12	,	4	)
(	709	,	13	,	4	)
(	710	,	14	,	4	)
(	711	,	15	,	4	)
(	712	,	16	,	4	)
(	713	,	17	,	4	)
(	714	,	18	,	4	)
(	715	,	19	,	4	)
(	716	,	20	,	4	)
(	717	,	21	,	4	)
(	718	,	22	,	4	)
(	719	,	23	,	4	)
(	720	,	24	,	4	)
(	721	,	1	,	1	)
(	722	,	2	,	1	)
(	723	,	3	,	1	)
(	724	,	4	,	1	)
(	725	,	5	,	1	)
(	726	,	6	,	1	)
(	727	,	7	,	1	)
(	728	,	8	,	1	)
(	729	,	9	,	1	)
(	730	,	10	,	1	)
(	731	,	11	,	1	)
(	732	,	12	,	1	)
(	733	,	13	,	1	)
(	734	,	14	,	1	)
(	735	,	15	,	1	)
(	736	,	16	,	1	)
(	737	,	17	,	1	)
(	738	,	18	,	1	)
(	739	,	19	,	1	)
(	740	,	20	,	1	)
(	741	,	21	,	1	)
(	742	,	22	,	1	)
(	743	,	23	,	1	)
(	744	,	24	,	1	)
(	745	,	1	,	3	)
(	746	,	2	,	3	)
(	747	,	3	,	3	)
(	748	,	4	,	3	)
(	749	,	5	,	3	)
(	750	,	6	,	3	)
(	751	,	7	,	3	)
(	752	,	8	,	3	)
(	753	,	9	,	3	)
(	754	,	10	,	3	)
(	755	,	11	,	3	)
(	756	,	12	,	3	)
(	757	,	13	,	3	)
(	758	,	14	,	3	)
(	759	,	15	,	3	)
(	760	,	16	,	3	)
(	761	,	17	,	3	)
(	762	,	18	,	3	)
(	763	,	19	,	3	)
(	764	,	20	,	3	)
(	765	,	21	,	3	)
(	766	,	22	,	3	)
(	767	,	23	,	3	)
(	768	,	24	,	3	)
(	769	,	1	,	3	)
(	770	,	2	,	3	)
(	771	,	3	,	3	)
(	772	,	4	,	3	)
(	773	,	5	,	3	)
(	774	,	6	,	3	)
(	775	,	7	,	3	)
(	776	,	8	,	3	)
(	777	,	9	,	3	)
(	778	,	10	,	3	)
(	779	,	11	,	3	)
(	780	,	12	,	3	)
(	781	,	13	,	3	)
(	782	,	14	,	3	)
(	783	,	15	,	3	)
(	784	,	16	,	3	)
(	785	,	17	,	3	)
(	786	,	18	,	3	)
(	787	,	19	,	3	)
(	788	,	20	,	3	)
(	789	,	21	,	3	)
(	790	,	22	,	3	)
(	791	,	23	,	3	)
(	792	,	24	,	3	)
(	793	,	1	,	2	)
(	794	,	2	,	2	)
(	795	,	3	,	2	)
(	796	,	4	,	2	)
(	797	,	5	,	2	)
(	798	,	6	,	2	)
(	799	,	7	,	2	)
(	800	,	8	,	2	)
(	801	,	9	,	2	)
(	802	,	10	,	2	)
(	803	,	11	,	2	)
(	804	,	12	,	2	)
(	805	,	13	,	2	)
(	806	,	14	,	2	)
(	807	,	15	,	2	)
(	808	,	16	,	2	)
(	809	,	17	,	2	)
(	810	,	18	,	2	)
(	811	,	19	,	2	)
(	812	,	20	,	2	)
(	813	,	21	,	2	)
(	814	,	22	,	2	)
(	815	,	23	,	2	)
(	816	,	24	,	2	)
(	817	,	1	,	13	)
(	818	,	2	,	13	)
(	819	,	3	,	13	)
(	820	,	4	,	13	)
(	821	,	5	,	13	)
(	822	,	6	,	13	)
(	823	,	7	,	13	)
(	824	,	8	,	13	)
(	825	,	9	,	13	)
(	826	,	10	,	13	)
(	827	,	11	,	13	)
(	828	,	12	,	13	)
(	829	,	13	,	13	)
(	830	,	14	,	13	)
(	831	,	15	,	13	)
(	832	,	16	,	13	)
(	833	,	17	,	13	)
(	834	,	18	,	13	)
(	835	,	19	,	13	)
(	836	,	20	,	13	)
(	837	,	21	,	13	)
(	838	,	22	,	13	)
(	839	,	23	,	13	)
(	840	,	24	,	13	)
(	841	,	1	,	2	)
(	842	,	2	,	2	)
(	843	,	3	,	2	)
(	844	,	4	,	2	)
(	845	,	5	,	2	)
(	846	,	6	,	2	)
(	847	,	7	,	2	)
(	848	,	8	,	2	)
(	849	,	9	,	2	)
(	850	,	10	,	2	)
(	851	,	11	,	2	)
(	852	,	12	,	2	)
(	853	,	13	,	2	)
(	854	,	14	,	2	)
(	855	,	15	,	2	)
(	856	,	16	,	2	)
(	857	,	17	,	2	)
(	858	,	18	,	2	)
(	859	,	19	,	2	)
(	860	,	20	,	2	)
(	861	,	21	,	2	)
(	862	,	22	,	2	)
(	863	,	23	,	2	)
(	864	,	24	,	2	)
(	865	,	1	,	2	)
(	866	,	2	,	2	)
(	867	,	3	,	2	)
(	868	,	4	,	2	)
(	869	,	5	,	2	)
(	870	,	6	,	2	)
(	871	,	7	,	2	)
(	872	,	8	,	2	)
(	873	,	9	,	2	)
(	874	,	10	,	2	)
(	875	,	11	,	2	)
(	876	,	12	,	2	)
(	877	,	13	,	2	)
(	878	,	14	,	2	)
(	879	,	15	,	2	)
(	880	,	16	,	2	)
(	881	,	17	,	2	)
(	882	,	18	,	2	)
(	883	,	19	,	2	)
(	884	,	20	,	2	)
(	885	,	21	,	2	)
(	886	,	22	,	2	)
(	887	,	23	,	2	)
(	888	,	24	,	2	)
(	889	,	1	,	2	)
(	890	,	2	,	2	)
(	891	,	3	,	2	)
(	892	,	4	,	2	)
(	893	,	5	,	2	)
(	894	,	6	,	2	)
(	895	,	7	,	2	)
(	896	,	8	,	2	)
(	897	,	9	,	2	)
(	898	,	10	,	2	)
(	899	,	11	,	2	)
(	900	,	12	,	2	)
(	901	,	13	,	2	)
(	902	,	14	,	2	)
(	903	,	15	,	2	)
(	904	,	16	,	2	)
(	905	,	17	,	2	)
(	906	,	18	,	2	)
(	907	,	19	,	2	)
(	908	,	20	,	2	)
(	909	,	21	,	2	)
(	910	,	22	,	2	)
(	911	,	23	,	2	)
(	912	,	24	,	2	)
(	913	,	1	,	4	)
(	914	,	2	,	4	)
(	915	,	3	,	4	)
(	916	,	4	,	4	)
(	917	,	5	,	4	)
(	918	,	6	,	4	)
(	919	,	7	,	4	)
(	920	,	8	,	4	)
(	921	,	9	,	4	)
(	922	,	10	,	4	)
(	923	,	11	,	4	)
(	924	,	12	,	4	)
(	925	,	13	,	4	)
(	926	,	14	,	4	)
(	927	,	15	,	4	)
(	928	,	16	,	4	)
(	929	,	17	,	4	)
(	930	,	18	,	4	)
(	931	,	19	,	4	)
(	932	,	20	,	4	)
(	933	,	21	,	4	)
(	934	,	22	,	4	)
(	935	,	23	,	4	)
(	936	,	24	,	4	)
(	937	,	1	,	14	)
(	938	,	2	,	14	)
(	939	,	3	,	14	)
(	940	,	4	,	14	)
(	941	,	5	,	14	)
(	942	,	6	,	14	)
(	943	,	7	,	14	)
(	944	,	8	,	14	)
(	945	,	9	,	14	)
(	946	,	10	,	14	)
(	947	,	11	,	14	)
(	948	,	12	,	14	)
(	949	,	13	,	14	)
(	950	,	14	,	14	)
(	951	,	15	,	14	)
(	952	,	16	,	14	)
(	953	,	17	,	14	)
(	954	,	18	,	14	)
(	955	,	19	,	14	)
(	956	,	20	,	14	)
(	957	,	21	,	14	)
(	958	,	22	,	14	)
(	959	,	23	,	14	)
(	960	,	24	,	14	)
(	961	,	1	,	1	)
(	962	,	2	,	1	)
(	963	,	3	,	1	)
(	964	,	4	,	1	)
(	965	,	5	,	1	)
(	966	,	6	,	1	)
(	967	,	7	,	1	)
(	968	,	8	,	1	)
(	969	,	9	,	1	)
(	970	,	10	,	1	)
(	971	,	11	,	1	)
(	972	,	12	,	1	)
(	973	,	13	,	1	)
(	974	,	14	,	1	)
(	975	,	15	,	1	)
(	976	,	16	,	1	)
(	977	,	17	,	1	)
(	978	,	18	,	1	)
(	979	,	19	,	1	)
(	980	,	20	,	1	)
(	981	,	21	,	1	)
(	982	,	22	,	1	)
(	983	,	23	,	1	)
(	984	,	24	,	1	)
(	985	,	1	,	1	)
(	986	,	2	,	1	)
(	987	,	3	,	1	)
(	988	,	4	,	1	)
(	989	,	5	,	1	)
(	990	,	6	,	1	)
(	991	,	7	,	1	)
(	992	,	8	,	1	)
(	993	,	9	,	1	)
(	994	,	10	,	1	)
(	995	,	11	,	1	)
(	996	,	12	,	1	)
(	997	,	13	,	1	)
(	998	,	14	,	1	)
(	999	,	15	,	1	)
(	1000	,	16	,	1	)
(	1001	,	17	,	1	)
(	1002	,	18	,	1	)
(	1003	,	19	,	1	)
(	1004	,	20	,	1	)
(	1005	,	21	,	1	)
(	1006	,	22	,	1	)
(	1007	,	23	,	1	)
(	1008	,	24	,	1	)
(	1009	,	1	,	4	)
(	1010	,	2	,	4	)
(	1011	,	3	,	4	)
(	1012	,	4	,	4	)
(	1013	,	5	,	4	)
(	1014	,	6	,	4	)
(	1015	,	7	,	4	)
(	1016	,	8	,	4	)
(	1017	,	9	,	4	)
(	1018	,	10	,	4	)
(	1019	,	11	,	4	)
(	1020	,	12	,	4	)
(	1021	,	13	,	4	)
(	1022	,	14	,	4	)
(	1023	,	15	,	4	)
(	1024	,	16	,	4	)
(	1025	,	17	,	4	)
(	1026	,	18	,	4	)
(	1027	,	19	,	4	)
(	1028	,	20	,	4	)
(	1029	,	21	,	4	)
(	1030	,	22	,	4	)
(	1031	,	23	,	4	)
(	1032	,	24	,	4	)
(	1033	,	1	,	2	)
(	1034	,	2	,	2	)
(	1035	,	3	,	2	)
(	1036	,	4	,	2	)
(	1037	,	5	,	2	)
(	1038	,	6	,	2	)
(	1039	,	7	,	2	)
(	1040	,	8	,	2	)
(	1041	,	9	,	2	)
(	1042	,	10	,	2	)
(	1043	,	11	,	2	)
(	1044	,	12	,	2	)
(	1045	,	13	,	2	)
(	1046	,	14	,	2	)
(	1047	,	15	,	2	)
(	1048	,	16	,	2	)
(	1049	,	17	,	2	)
(	1050	,	18	,	2	)
(	1051	,	19	,	2	)
(	1052	,	20	,	2	)
(	1053	,	21	,	2	)
(	1054	,	22	,	2	)
(	1055	,	23	,	2	)
(	1056	,	24	,	2	)
(	1057	,	1	,	2	)
(	1058	,	2	,	2	)
(	1059	,	3	,	2	)
(	1060	,	4	,	2	)
(	1061	,	5	,	2	)
(	1062	,	6	,	2	)
(	1063	,	7	,	2	)
(	1064	,	8	,	2	)
(	1065	,	9	,	2	)
(	1066	,	10	,	2	)
(	1067	,	11	,	2	)
(	1068	,	12	,	2	)
(	1069	,	13	,	2	)
(	1070	,	14	,	2	)
(	1071	,	15	,	2	)
(	1072	,	16	,	2	)
(	1073	,	17	,	2	)
(	1074	,	18	,	2	)
(	1075	,	19	,	2	)
(	1076	,	20	,	2	)
(	1077	,	21	,	2	)
(	1078	,	22	,	2	)
(	1079	,	23	,	2	)
(	1080	,	24	,	2	)
(	1081	,	1	,	6	)
(	1082	,	2	,	6	)
(	1083	,	3	,	6	)
(	1084	,	4	,	6	)
(	1085	,	5	,	6	)
(	1086	,	6	,	6	)
(	1087	,	7	,	6	)
(	1088	,	8	,	6	)
(	1089	,	9	,	6	)
(	1090	,	10	,	6	)
(	1091	,	11	,	6	)
(	1092	,	12	,	6	)
(	1093	,	13	,	6	)
(	1094	,	14	,	6	)
(	1095	,	15	,	6	)
(	1096	,	16	,	6	)
(	1097	,	17	,	6	)
(	1098	,	18	,	6	)
(	1099	,	19	,	6	)
(	1100	,	20	,	6	)
(	1101	,	21	,	6	)
(	1102	,	22	,	6	)
(	1103	,	23	,	6	)
(	1104	,	24	,	6	)
(	1105	,	1	,	3	)
(	1106	,	2	,	3	)
(	1107	,	3	,	3	)
(	1108	,	4	,	3	)
(	1109	,	5	,	3	)
(	1110	,	6	,	3	)
(	1111	,	7	,	3	)
(	1112	,	8	,	3	)
(	1113	,	9	,	3	)
(	1114	,	10	,	3	)
(	1115	,	11	,	3	)
(	1116	,	12	,	3	)
(	1117	,	13	,	3	)
(	1118	,	14	,	3	)
(	1119	,	15	,	3	)
(	1120	,	16	,	3	)
(	1121	,	17	,	3	)
(	1122	,	18	,	3	)
(	1123	,	19	,	3	)
(	1124	,	20	,	3	)
(	1125	,	21	,	3	)
(	1126	,	22	,	3	)
(	1127	,	23	,	3	)
(	1128	,	24	,	3	)
(	1129	,	1	,	4	)
(	1130	,	2	,	4	)
(	1131	,	3	,	4	)
(	1132	,	4	,	4	)
(	1133	,	5	,	4	)
(	1134	,	6	,	4	)
(	1135	,	7	,	4	)
(	1136	,	8	,	4	)
(	1137	,	9	,	4	)
(	1138	,	10	,	4	)
(	1139	,	11	,	4	)
(	1140	,	12	,	4	)
(	1141	,	13	,	4	)
(	1142	,	14	,	4	)
(	1143	,	15	,	4	)
(	1144	,	16	,	4	)
(	1145	,	17	,	4	)
(	1146	,	18	,	4	)
(	1147	,	19	,	4	)
(	1148	,	20	,	4	)
(	1149	,	21	,	4	)
(	1150	,	22	,	4	)
(	1151	,	23	,	4	)
(	1152	,	24	,	4	)
(	1153	,	1	,	2	)
(	1154	,	2	,	2	)
(	1155	,	3	,	2	)
(	1156	,	4	,	2	)
(	1157	,	5	,	2	)
(	1158	,	6	,	2	)
(	1159	,	7	,	2	)
(	1160	,	8	,	2	)
(	1161	,	9	,	2	)
(	1162	,	10	,	2	)
(	1163	,	11	,	2	)
(	1164	,	12	,	2	)
(	1165	,	13	,	2	)
(	1166	,	14	,	2	)
(	1167	,	15	,	2	)
(	1168	,	16	,	2	)
(	1169	,	17	,	2	)
(	1170	,	18	,	2	)
(	1171	,	19	,	2	)
(	1172	,	20	,	2	)
(	1173	,	21	,	2	)
(	1174	,	22	,	2	)
(	1175	,	23	,	2	)
(	1176	,	24	,	2	)
(	1177	,	1	,	4	)
(	1178	,	2	,	4	)
(	1179	,	3	,	4	)
(	1180	,	4	,	4	)
(	1181	,	5	,	4	)
(	1182	,	6	,	4	)
(	1183	,	7	,	4	)
(	1184	,	8	,	4	)
(	1185	,	9	,	4	)
(	1186	,	10	,	4	)
(	1187	,	11	,	4	)
(	1188	,	12	,	4	)
(	1189	,	13	,	4	)
(	1190	,	14	,	4	)
(	1191	,	15	,	4	)
(	1192	,	16	,	4	)
(	1193	,	17	,	4	)
(	1194	,	18	,	4	)
(	1195	,	19	,	4	)
(	1196	,	20	,	4	)
(	1197	,	21	,	4	)
(	1198	,	22	,	4	)
(	1199	,	23	,	4	)
(	1200	,	24	,	4	)
(	1201	,	1	,	2	)
(	1202	,	2	,	2	)
(	1203	,	3	,	2	)
(	1204	,	4	,	2	)
(	1205	,	5	,	2	)
(	1206	,	6	,	2	)
(	1207	,	7	,	2	)
(	1208	,	8	,	2	)
(	1209	,	9	,	2	)
(	1210	,	10	,	2	)
(	1211	,	11	,	2	)
(	1212	,	12	,	2	)
(	1213	,	13	,	2	)
(	1214	,	14	,	2	)
(	1215	,	15	,	2	)
(	1216	,	16	,	2	)
(	1217	,	17	,	2	)
(	1218	,	18	,	2	)
(	1219	,	19	,	2	)
(	1220	,	20	,	2	)
(	1221	,	21	,	2	)
(	1222	,	22	,	2	)
(	1223	,	23	,	2	)
(	1224	,	24	,	2	)
(	1225	,	1	,	2	)
(	1226	,	2	,	2	)
(	1227	,	3	,	2	)
(	1228	,	4	,	2	)
(	1229	,	5	,	2	)
(	1230	,	6	,	2	)
(	1231	,	7	,	2	)
(	1232	,	8	,	2	)
(	1233	,	9	,	2	)
(	1234	,	10	,	2	)
(	1235	,	11	,	2	)
(	1236	,	12	,	2	)
(	1237	,	13	,	2	)
(	1238	,	14	,	2	)
(	1239	,	15	,	2	)
(	1240	,	16	,	2	)
(	1241	,	17	,	2	)
(	1242	,	18	,	2	)
(	1243	,	19	,	2	)
(	1244	,	20	,	2	)
(	1245	,	21	,	2	)
(	1246	,	22	,	2	)
(	1247	,	23	,	2	)
(	1248	,	24	,	2	)
(	1249	,	1	,	4	)
(	1250	,	2	,	4	)
(	1251	,	3	,	4	)
(	1252	,	4	,	4	)
(	1253	,	5	,	4	)
(	1254	,	6	,	4	)
(	1255	,	7	,	4	)
(	1256	,	8	,	4	)
(	1257	,	9	,	4	)
(	1258	,	10	,	4	)
(	1259	,	11	,	4	)
(	1260	,	12	,	4	)
(	1261	,	13	,	4	)
(	1262	,	14	,	4	)
(	1263	,	15	,	4	)
(	1264	,	16	,	4	)
(	1265	,	17	,	4	)
(	1266	,	18	,	4	)
(	1267	,	19	,	4	)
(	1268	,	20	,	4	)
(	1269	,	21	,	4	)
(	1270	,	22	,	4	)
(	1271	,	23	,	4	)
(	1272	,	24	,	4	)
(	1273	,	1	,	3	)
(	1274	,	2	,	3	)
(	1275	,	3	,	3	)
(	1276	,	4	,	3	)
(	1277	,	5	,	3	)
(	1278	,	6	,	3	)
(	1279	,	7	,	3	)
(	1280	,	8	,	3	)
(	1281	,	9	,	3	)
(	1282	,	10	,	3	)
(	1283	,	11	,	3	)
(	1284	,	12	,	3	)
(	1285	,	13	,	3	)
(	1286	,	14	,	3	)
(	1287	,	15	,	3	)
(	1288	,	16	,	3	)
(	1289	,	17	,	3	)
(	1290	,	18	,	3	)
(	1291	,	19	,	3	)
(	1292	,	20	,	3	)
(	1293	,	21	,	3	)
(	1294	,	22	,	3	)
(	1295	,	23	,	3	)
(	1296	,	24	,	3	)
(	1297	,	1	,	2	)
(	1298	,	2	,	2	)
(	1299	,	3	,	2	)
(	1300	,	4	,	2	)
(	1301	,	5	,	2	)
(	1302	,	6	,	2	)
(	1303	,	7	,	2	)
(	1304	,	8	,	2	)
(	1305	,	9	,	2	)
(	1306	,	10	,	2	)
(	1307	,	11	,	2	)
(	1308	,	12	,	2	)
(	1309	,	13	,	2	)
(	1310	,	14	,	2	)
(	1311	,	15	,	2	)
(	1312	,	16	,	2	)
(	1313	,	17	,	2	)
(	1314	,	18	,	2	)
(	1315	,	19	,	2	)
(	1316	,	20	,	2	)
(	1317	,	21	,	2	)
(	1318	,	22	,	2	)
(	1319	,	23	,	2	)
(	1320	,	24	,	2	)
(	1321	,	1	,	2	)
(	1322	,	2	,	2	)
(	1323	,	3	,	2	)
(	1324	,	4	,	2	)
(	1325	,	5	,	2	)
(	1326	,	6	,	2	)
(	1327	,	7	,	2	)
(	1328	,	8	,	2	)
(	1329	,	9	,	2	)
(	1330	,	10	,	2	)
(	1331	,	11	,	2	)
(	1332	,	12	,	2	)
(	1333	,	13	,	2	)
(	1334	,	14	,	2	)
(	1335	,	15	,	2	)
(	1336	,	16	,	2	)
(	1337	,	17	,	2	)
(	1338	,	18	,	2	)
(	1339	,	19	,	2	)
(	1340	,	20	,	2	)
(	1341	,	21	,	2	)
(	1342	,	22	,	2	)
(	1343	,	23	,	2	)
(	1344	,	24	,	2	)
(	1345	,	1	,	1	)
(	1346	,	2	,	1	)
(	1347	,	3	,	1	)
(	1348	,	4	,	1	)
(	1349	,	5	,	1	)
(	1350	,	6	,	1	)
(	1351	,	7	,	1	)
(	1352	,	8	,	1	)
(	1353	,	9	,	1	)
(	1354	,	10	,	1	)
(	1355	,	11	,	1	)
(	1356	,	12	,	1	)
(	1357	,	13	,	1	)
(	1358	,	14	,	1	)
(	1359	,	15	,	1	)
(	1360	,	16	,	1	)
(	1361	,	17	,	1	)
(	1362	,	18	,	1	)
(	1363	,	19	,	1	)
(	1364	,	20	,	1	)
(	1365	,	21	,	1	)
(	1366	,	22	,	1	)
(	1367	,	23	,	1	)
(	1368	,	24	,	1	)
(	1369	,	1	,	1	)
(	1370	,	2	,	1	)
(	1371	,	3	,	1	)
(	1372	,	4	,	1	)
(	1373	,	5	,	1	)
(	1374	,	6	,	1	)
(	1375	,	7	,	1	)
(	1376	,	8	,	1	)
(	1377	,	9	,	1	)
(	1378	,	10	,	1	)
(	1379	,	11	,	1	)
(	1380	,	12	,	1	)
(	1381	,	13	,	1	)
(	1382	,	14	,	1	)
(	1383	,	15	,	1	)
(	1384	,	16	,	1	)
(	1385	,	17	,	1	)
(	1386	,	18	,	1	)
(	1387	,	19	,	1	)
(	1388	,	20	,	1	)
(	1389	,	21	,	1	)
(	1390	,	22	,	1	)
(	1391	,	23	,	1	)
(	1392	,	24	,	1	)
(	1393	,	1	,	1	)
(	1394	,	2	,	1	)
(	1395	,	3	,	1	)
(	1396	,	4	,	1	)
(	1397	,	5	,	1	)
(	1398	,	6	,	1	)
(	1399	,	7	,	1	)
(	1400	,	8	,	1	)
(	1401	,	9	,	1	)
(	1402	,	10	,	1	)
(	1403	,	11	,	1	)
(	1404	,	12	,	1	)
(	1405	,	13	,	1	)
(	1406	,	14	,	1	)
(	1407	,	15	,	1	)
(	1408	,	16	,	1	)
(	1409	,	17	,	1	)
(	1410	,	18	,	1	)
(	1411	,	19	,	1	)
(	1412	,	20	,	1	)
(	1413	,	21	,	1	)
(	1414	,	22	,	1	)
(	1415	,	23	,	1	)
(	1416	,	24	,	1	)
(	1417	,	1	,	3	)
(	1418	,	2	,	3	)
(	1419	,	3	,	3	)
(	1420	,	4	,	3	)
(	1421	,	5	,	3	)
(	1422	,	6	,	3	)
(	1423	,	7	,	3	)
(	1424	,	8	,	3	)
(	1425	,	9	,	3	)
(	1426	,	10	,	3	)
(	1427	,	11	,	3	)
(	1428	,	12	,	3	)
(	1429	,	13	,	3	)
(	1430	,	14	,	3	)
(	1431	,	15	,	3	)
(	1432	,	16	,	3	)
(	1433	,	17	,	3	)
(	1434	,	18	,	3	)
(	1435	,	19	,	3	)
(	1436	,	20	,	3	)
(	1437	,	21	,	3	)
(	1438	,	22	,	3	)
(	1439	,	23	,	3	)
(	1440	,	24	,	3	)
(	1441	,	1	,	6	)
(	1442	,	2	,	6	)
(	1443	,	3	,	6	)
(	1444	,	4	,	6	)
(	1445	,	5	,	6	)
(	1446	,	6	,	6	)
(	1447	,	7	,	6	)
(	1448	,	8	,	6	)
(	1449	,	9	,	6	)
(	1450	,	10	,	6	)
(	1451	,	11	,	6	)
(	1452	,	12	,	6	)
(	1453	,	13	,	6	)
(	1454	,	14	,	6	)
(	1455	,	15	,	6	)
(	1456	,	16	,	6	)
(	1457	,	17	,	6	)
(	1458	,	18	,	6	)
(	1459	,	19	,	6	)
(	1460	,	20	,	6	)
(	1461	,	21	,	6	)
(	1462	,	22	,	6	)
(	1463	,	23	,	6	)
(	1464	,	24	,	6	)
(	1465	,	1	,	13	)
(	1466	,	2	,	13	)
(	1467	,	3	,	13	)
(	1468	,	4	,	13	)
(	1469	,	5	,	13	)
(	1470	,	6	,	13	)
(	1471	,	7	,	13	)
(	1472	,	8	,	13	)
(	1473	,	9	,	13	)
(	1474	,	10	,	13	)
(	1475	,	11	,	13	)
(	1476	,	12	,	13	)
(	1477	,	13	,	13	)
(	1478	,	14	,	13	)
(	1479	,	15	,	13	)
(	1480	,	16	,	13	)
(	1481	,	17	,	13	)
(	1482	,	18	,	13	)
(	1483	,	19	,	13	)
(	1484	,	20	,	13	)
(	1485	,	21	,	13	)
(	1486	,	22	,	13	)
(	1487	,	23	,	13	)
(	1488	,	24	,	13	)
(	1489	,	1	,	4	)
(	1490	,	2	,	4	)
(	1491	,	3	,	4	)
(	1492	,	4	,	4	)
(	1493	,	5	,	4	)
(	1494	,	6	,	4	)
(	1495	,	7	,	4	)
(	1496	,	8	,	4	)
(	1497	,	9	,	4	)
(	1498	,	10	,	4	)
(	1499	,	11	,	4	)
(	1500	,	12	,	4	)
(	1501	,	13	,	4	)
(	1502	,	14	,	4	)
(	1503	,	15	,	4	)
(	1504	,	16	,	4	)
(	1505	,	17	,	4	)
(	1506	,	18	,	4	)
(	1507	,	19	,	4	)
(	1508	,	20	,	4	)
(	1509	,	21	,	4	)
(	1510	,	22	,	4	)
(	1511	,	23	,	4	)
(	1512	,	24	,	4	)
(	1513	,	1	,	1	)
(	1514	,	2	,	1	)
(	1515	,	3	,	1	)
(	1516	,	4	,	1	)
(	1517	,	5	,	1	)
(	1518	,	6	,	1	)
(	1519	,	7	,	1	)
(	1520	,	8	,	1	)
(	1521	,	9	,	1	)
(	1522	,	10	,	1	)
(	1523	,	11	,	1	)
(	1524	,	12	,	1	)
(	1525	,	13	,	1	)
(	1526	,	14	,	1	)
(	1527	,	15	,	1	)
(	1528	,	16	,	1	)
(	1529	,	17	,	1	)
(	1530	,	18	,	1	)
(	1531	,	19	,	1	)
(	1532	,	20	,	1	)
(	1533	,	21	,	1	)
(	1534	,	22	,	1	)
(	1535	,	23	,	1	)
(	1536	,	24	,	1	)
(	1537	,	1	,	1	)
(	1538	,	2	,	1	)
(	1539	,	3	,	1	)
(	1540	,	4	,	1	)
(	1541	,	5	,	1	)
(	1542	,	6	,	1	)
(	1543	,	7	,	1	)
(	1544	,	8	,	1	)
(	1545	,	9	,	1	)
(	1546	,	10	,	1	)
(	1547	,	11	,	1	)
(	1548	,	12	,	1	)
(	1549	,	13	,	1	)
(	1550	,	14	,	1	)
(	1551	,	15	,	1	)
(	1552	,	16	,	1	)
(	1553	,	17	,	1	)
(	1554	,	18	,	1	)
(	1555	,	19	,	1	)
(	1556	,	20	,	1	)
(	1557	,	21	,	1	)
(	1558	,	22	,	1	)
(	1559	,	23	,	1	)
(	1560	,	24	,	1	)
(	1561	,	1	,	14	)
(	1562	,	2	,	14	)
(	1563	,	3	,	14	)
(	1564	,	4	,	14	)
(	1565	,	5	,	14	)
(	1566	,	6	,	14	)
(	1567	,	7	,	14	)
(	1568	,	8	,	14	)
(	1569	,	9	,	14	)
(	1570	,	10	,	14	)
(	1571	,	11	,	14	)
(	1572	,	12	,	14	)
(	1573	,	13	,	14	)
(	1574	,	14	,	14	)
(	1575	,	15	,	14	)
(	1576	,	16	,	14	)
(	1577	,	17	,	14	)
(	1578	,	18	,	14	)
(	1579	,	19	,	14	)
(	1580	,	20	,	14	)
(	1581	,	21	,	14	)
(	1582	,	22	,	14	)
(	1583	,	23	,	14	)
(	1584	,	24	,	14	)
(	1585	,	1	,	3	)
(	1586	,	2	,	3	)
(	1587	,	3	,	3	)
(	1588	,	4	,	3	)
(	1589	,	5	,	3	)
(	1590	,	6	,	3	)
(	1591	,	7	,	3	)
(	1592	,	8	,	3	)
(	1593	,	9	,	3	)
(	1594	,	10	,	3	)
(	1595	,	11	,	3	)
(	1596	,	12	,	3	)
(	1597	,	13	,	3	)
(	1598	,	14	,	3	)
(	1599	,	15	,	3	)
(	1600	,	16	,	3	)
(	1601	,	17	,	3	)
(	1602	,	18	,	3	)
(	1603	,	19	,	3	)
(	1604	,	20	,	3	)
(	1605	,	21	,	3	)
(	1606	,	22	,	3	)
(	1607	,	23	,	3	)
(	1608	,	24	,	3	)
(	1609	,	1	,	3	)
(	1610	,	2	,	3	)
(	1611	,	3	,	3	)
(	1612	,	4	,	3	)
(	1613	,	5	,	3	)
(	1614	,	6	,	3	)
(	1615	,	7	,	3	)
(	1616	,	8	,	3	)
(	1617	,	9	,	3	)
(	1618	,	10	,	3	)
(	1619	,	11	,	3	)
(	1620	,	12	,	3	)
(	1621	,	13	,	3	)
(	1622	,	14	,	3	)
(	1623	,	15	,	3	)
(	1624	,	16	,	3	)
(	1625	,	17	,	3	)
(	1626	,	18	,	3	)
(	1627	,	19	,	3	)
(	1628	,	20	,	3	)
(	1629	,	21	,	3	)
(	1630	,	22	,	3	)
(	1631	,	23	,	3	)
(	1632	,	24	,	3	)
(	1633	,	1	,	4	)
(	1634	,	2	,	4	)
(	1635	,	3	,	4	)
(	1636	,	4	,	4	)
(	1637	,	5	,	4	)
(	1638	,	6	,	4	)
(	1639	,	7	,	4	)
(	1640	,	8	,	4	)
(	1641	,	9	,	4	)
(	1642	,	10	,	4	)
(	1643	,	11	,	4	)
(	1644	,	12	,	4	)
(	1645	,	13	,	4	)
(	1646	,	14	,	4	)
(	1647	,	15	,	4	)
(	1648	,	16	,	4	)
(	1649	,	17	,	4	)
(	1650	,	18	,	4	)
(	1651	,	19	,	4	)
(	1652	,	20	,	4	)
(	1653	,	21	,	4	)
(	1654	,	22	,	4	)
(	1655	,	23	,	4	)
(	1656	,	24	,	4	)
(	1657	,	1	,	1	)
(	1658	,	2	,	1	)
(	1659	,	3	,	1	)
(	1660	,	4	,	1	)
(	1661	,	5	,	1	)
(	1662	,	6	,	1	)
(	1663	,	7	,	1	)
(	1664	,	8	,	1	)
(	1665	,	9	,	1	)
(	1666	,	10	,	1	)
(	1667	,	11	,	1	)
(	1668	,	12	,	1	)
(	1669	,	13	,	1	)
(	1670	,	14	,	1	)
(	1671	,	15	,	1	)
(	1672	,	16	,	1	)
(	1673	,	17	,	1	)
(	1674	,	18	,	1	)
(	1675	,	19	,	1	)
(	1676	,	20	,	1	)
(	1677	,	21	,	1	)
(	1678	,	22	,	1	)
(	1679	,	23	,	1	)
(	1680	,	24	,	1	)
(	1681	,	1	,	2	)
(	1682	,	2	,	2	)
(	1683	,	3	,	2	)
(	1684	,	4	,	2	)
(	1685	,	5	,	2	)
(	1686	,	6	,	2	)
(	1687	,	7	,	2	)
(	1688	,	8	,	2	)
(	1689	,	9	,	2	)
(	1690	,	10	,	2	)
(	1691	,	11	,	2	)
(	1692	,	12	,	2	)
(	1693	,	13	,	2	)
(	1694	,	14	,	2	)
(	1695	,	15	,	2	)
(	1696	,	16	,	2	)
(	1697	,	17	,	2	)
(	1698	,	18	,	2	)
(	1699	,	19	,	2	)
(	1700	,	20	,	2	)
(	1701	,	21	,	2	)
(	1702	,	22	,	2	)
(	1703	,	23	,	2	)
(	1704	,	24	,	2	)
(	1705	,	1	,	4	)
(	1706	,	2	,	4	)
(	1707	,	3	,	4	)
(	1708	,	4	,	4	)
(	1709	,	5	,	4	)
(	1710	,	6	,	4	)
(	1711	,	7	,	4	)
(	1712	,	8	,	4	)
(	1713	,	9	,	4	)
(	1714	,	10	,	4	)
(	1715	,	11	,	4	)
(	1716	,	12	,	4	)
(	1717	,	13	,	4	)
(	1718	,	14	,	4	)
(	1719	,	15	,	4	)
(	1720	,	16	,	4	)
(	1721	,	17	,	4	)
(	1722	,	18	,	4	)
(	1723	,	19	,	4	)
(	1724	,	20	,	4	)
(	1725	,	21	,	4	)
(	1726	,	22	,	4	)
(	1727	,	23	,	4	)
(	1728	,	24	,	4	)
(	1729	,	1	,	2	)
(	1730	,	2	,	2	)
(	1731	,	3	,	2	)
(	1732	,	4	,	2	)
(	1733	,	5	,	2	)
(	1734	,	6	,	2	)
(	1735	,	7	,	2	)
(	1736	,	8	,	2	)
(	1737	,	9	,	2	)
(	1738	,	10	,	2	)
(	1739	,	11	,	2	)
(	1740	,	12	,	2	)
(	1741	,	13	,	2	)
(	1742	,	14	,	2	)
(	1743	,	15	,	2	)
(	1744	,	16	,	2	)
(	1745	,	17	,	2	)
(	1746	,	18	,	2	)
(	1747	,	19	,	2	)
(	1748	,	20	,	2	)
(	1749	,	21	,	2	)
(	1750	,	22	,	2	)
(	1751	,	23	,	2	)
(	1752	,	24	,	2	)
(	1753	,	1	,	6	)
(	1754	,	2	,	6	)
(	1755	,	3	,	6	)
(	1756	,	4	,	6	)
(	1757	,	5	,	6	)
(	1758	,	6	,	6	)
(	1759	,	7	,	6	)
(	1760	,	8	,	6	)
(	1761	,	9	,	6	)
(	1762	,	10	,	6	)
(	1763	,	11	,	6	)
(	1764	,	12	,	6	)
(	1765	,	13	,	6	)
(	1766	,	14	,	6	)
(	1767	,	15	,	6	)
(	1768	,	16	,	6	)
(	1769	,	17	,	6	)
(	1770	,	18	,	6	)
(	1771	,	19	,	6	)
(	1772	,	20	,	6	)
(	1773	,	21	,	6	)
(	1774	,	22	,	6	)
(	1775	,	23	,	6	)
(	1776	,	24	,	6	)
(	1777	,	1	,	3	)
(	1778	,	2	,	3	)
(	1779	,	3	,	3	)
(	1780	,	4	,	3	)
(	1781	,	5	,	3	)
(	1782	,	6	,	3	)
(	1783	,	7	,	3	)
(	1784	,	8	,	3	)
(	1785	,	9	,	3	)
(	1786	,	10	,	3	)
(	1787	,	11	,	3	)
(	1788	,	12	,	3	)
(	1789	,	13	,	3	)
(	1790	,	14	,	3	)
(	1791	,	15	,	3	)
(	1792	,	16	,	3	)
(	1793	,	17	,	3	)
(	1794	,	18	,	3	)
(	1795	,	19	,	3	)
(	1796	,	20	,	3	)
(	1797	,	21	,	3	)
(	1798	,	22	,	3	)
(	1799	,	23	,	3	)
(	1800	,	24	,	3	)
(	1801	,	1	,	4	)
(	1802	,	2	,	4	)
(	1803	,	3	,	4	)
(	1804	,	4	,	4	)
(	1805	,	5	,	4	)
(	1806	,	6	,	4	)
(	1807	,	7	,	4	)
(	1808	,	8	,	4	)
(	1809	,	9	,	4	)
(	1810	,	10	,	4	)
(	1811	,	11	,	4	)
(	1812	,	12	,	4	)
(	1813	,	13	,	4	)
(	1814	,	14	,	4	)
(	1815	,	15	,	4	)
(	1816	,	16	,	4	)
(	1817	,	17	,	4	)
(	1818	,	18	,	4	)
(	1819	,	19	,	4	)
(	1820	,	20	,	4	)
(	1821	,	21	,	4	)
(	1822	,	22	,	4	)
(	1823	,	23	,	4	)
(	1824	,	24	,	4	)
(	1825	,	1	,	13	)
(	1826	,	2	,	13	)
(	1827	,	3	,	13	)
(	1828	,	4	,	13	)
(	1829	,	5	,	13	)
(	1830	,	6	,	13	)
(	1831	,	7	,	13	)
(	1832	,	8	,	13	)
(	1833	,	9	,	13	)
(	1834	,	10	,	13	)
(	1835	,	11	,	13	)
(	1836	,	12	,	13	)
(	1837	,	13	,	13	)
(	1838	,	14	,	13	)
(	1839	,	15	,	13	)
(	1840	,	16	,	13	)
(	1841	,	17	,	13	)
(	1842	,	18	,	13	)
(	1843	,	19	,	13	)
(	1844	,	20	,	13	)
(	1845	,	21	,	13	)
(	1846	,	22	,	13	)
(	1847	,	23	,	13	)
(	1848	,	24	,	13	)
(	1849	,	1	,	1	)
(	1850	,	2	,	1	)
(	1851	,	3	,	1	)
(	1852	,	4	,	1	)
(	1853	,	5	,	1	)
(	1854	,	6	,	1	)
(	1855	,	7	,	1	)
(	1856	,	8	,	1	)
(	1857	,	9	,	1	)
(	1858	,	10	,	1	)
(	1859	,	11	,	1	)
(	1860	,	12	,	1	)
(	1861	,	13	,	1	)
(	1862	,	14	,	1	)
(	1863	,	15	,	1	)
(	1864	,	16	,	1	)
(	1865	,	17	,	1	)
(	1866	,	18	,	1	)
(	1867	,	19	,	1	)
(	1868	,	20	,	1	)
(	1869	,	21	,	1	)
(	1870	,	22	,	1	)
(	1871	,	23	,	1	)
(	1872	,	24	,	1	)
(	1873	,	1	,	1	)
(	1874	,	2	,	1	)
(	1875	,	3	,	1	)
(	1876	,	4	,	1	)
(	1877	,	5	,	1	)
(	1878	,	6	,	1	)
(	1879	,	7	,	1	)
(	1880	,	8	,	1	)
(	1881	,	9	,	1	)
(	1882	,	10	,	1	)
(	1883	,	11	,	1	)
(	1884	,	12	,	1	)
(	1885	,	13	,	1	)
(	1886	,	14	,	1	)
(	1887	,	15	,	1	)
(	1888	,	16	,	1	)
(	1889	,	17	,	1	)
(	1890	,	18	,	1	)
(	1891	,	19	,	1	)
(	1892	,	20	,	1	)
(	1893	,	21	,	1	)
(	1894	,	22	,	1	)
(	1895	,	23	,	1	)
(	1896	,	24	,	1	)
(	1897	,	1	,	2	)
(	1898	,	2	,	2	)
(	1899	,	3	,	2	)
(	1900	,	4	,	2	)
(	1901	,	5	,	2	)
(	1902	,	6	,	2	)
(	1903	,	7	,	2	)
(	1904	,	8	,	2	)
(	1905	,	9	,	2	)
(	1906	,	10	,	2	)
(	1907	,	11	,	2	)
(	1908	,	12	,	2	)
(	1909	,	13	,	2	)
(	1910	,	14	,	2	)
(	1911	,	15	,	2	)
(	1912	,	16	,	2	)
(	1913	,	17	,	2	)
(	1914	,	18	,	2	)
(	1915	,	19	,	2	)
(	1916	,	20	,	2	)
(	1917	,	21	,	2	)
(	1918	,	22	,	2	)
(	1919	,	23	,	2	)
(	1920	,	24	,	2	)
(	1921	,	1	,	13	)
(	1922	,	2	,	13	)
(	1923	,	3	,	13	)
(	1924	,	4	,	13	)
(	1925	,	5	,	13	)
(	1926	,	6	,	13	)
(	1927	,	7	,	13	)
(	1928	,	8	,	13	)
(	1929	,	9	,	13	)
(	1930	,	10	,	13	)
(	1931	,	11	,	13	)
(	1932	,	12	,	13	)
(	1933	,	13	,	13	)
(	1934	,	14	,	13	)
(	1935	,	15	,	13	)
(	1936	,	16	,	13	)
(	1937	,	17	,	13	)
(	1938	,	18	,	13	)
(	1939	,	19	,	13	)
(	1940	,	20	,	13	)
(	1941	,	21	,	13	)
(	1942	,	22	,	13	)
(	1943	,	23	,	13	)
(	1944	,	24	,	13	)
(	1945	,	1	,	7	)
(	1946	,	2	,	7	)
(	1947	,	3	,	7	)
(	1948	,	4	,	7	)
(	1949	,	5	,	7	)
(	1950	,	6	,	7	)
(	1951	,	7	,	7	)
(	1952	,	8	,	7	)
(	1953	,	9	,	7	)
(	1954	,	10	,	7	)
(	1955	,	11	,	7	)
(	1956	,	12	,	7	)
(	1957	,	13	,	7	)
(	1958	,	14	,	7	)
(	1959	,	15	,	7	)
(	1960	,	16	,	7	)
(	1961	,	17	,	7	)
(	1962	,	18	,	7	)
(	1963	,	19	,	7	)
(	1964	,	20	,	7	)
(	1965	,	21	,	7	)
(	1966	,	22	,	7	)
(	1967	,	23	,	7	)
(	1968	,	24	,	7	)
(	1969	,	1	,	1	)
(	1970	,	2	,	1	)
(	1971	,	3	,	1	)
(	1972	,	4	,	1	)
(	1973	,	5	,	1	)
(	1974	,	6	,	1	)
(	1975	,	7	,	1	)
(	1976	,	8	,	1	)
(	1977	,	9	,	1	)
(	1978	,	10	,	1	)
(	1979	,	11	,	1	)
(	1980	,	12	,	1	)
(	1981	,	13	,	1	)
(	1982	,	14	,	1	)
(	1983	,	15	,	1	)
(	1984	,	16	,	1	)
(	1985	,	17	,	1	)
(	1986	,	18	,	1	)
(	1987	,	19	,	1	)
(	1988	,	20	,	1	)
(	1989	,	21	,	1	)
(	1990	,	22	,	1	)
(	1991	,	23	,	1	)
(	1992	,	24	,	1	)
(	1993	,	1	,	13	)
(	1994	,	2	,	13	)
(	1995	,	3	,	13	)
(	1996	,	4	,	13	)
(	1997	,	5	,	13	)
(	1998	,	6	,	13	)
(	1999	,	7	,	13	)
(	2000	,	8	,	13	)
(	2001	,	9	,	13	)
(	2002	,	10	,	13	)
(	2003	,	11	,	13	)
(	2004	,	12	,	13	)
(	2005	,	13	,	13	)
(	2006	,	14	,	13	)
(	2007	,	15	,	13	)
(	2008	,	16	,	13	)
(	2009	,	17	,	13	)
(	2010	,	18	,	13	)
(	2011	,	19	,	13	)
(	2012	,	20	,	13	)
(	2013	,	21	,	13	)
(	2014	,	22	,	13	)
(	2015	,	23	,	13	)
(	2016	,	24	,	13	)
(	2017	,	1	,	1	)
(	2018	,	2	,	1	)
(	2019	,	3	,	1	)
(	2020	,	4	,	1	)
(	2021	,	5	,	1	)
(	2022	,	6	,	1	)
(	2023	,	7	,	1	)
(	2024	,	8	,	1	)
(	2025	,	9	,	1	)
(	2026	,	10	,	1	)
(	2027	,	11	,	1	)
(	2028	,	12	,	1	)
(	2029	,	13	,	1	)
(	2030	,	14	,	1	)
(	2031	,	15	,	1	)
(	2032	,	16	,	1	)
(	2033	,	17	,	1	)
(	2034	,	18	,	1	)
(	2035	,	19	,	1	)
(	2036	,	20	,	1	)
(	2037	,	21	,	1	)
(	2038	,	22	,	1	)
(	2039	,	23	,	1	)
(	2040	,	24	,	1	)
(	2041	,	1	,	1	)
(	2042	,	2	,	1	)
(	2043	,	3	,	1	)
(	2044	,	4	,	1	)
(	2045	,	5	,	1	)
(	2046	,	6	,	1	)
(	2047	,	7	,	1	)
(	2048	,	8	,	1	)
(	2049	,	9	,	1	)
(	2050	,	10	,	1	)
(	2051	,	11	,	1	)
(	2052	,	12	,	1	)
(	2053	,	13	,	1	)
(	2054	,	14	,	1	)
(	2055	,	15	,	1	)
(	2056	,	16	,	1	)
(	2057	,	17	,	1	)
(	2058	,	18	,	1	)
(	2059	,	19	,	1	)
(	2060	,	20	,	1	)
(	2061	,	21	,	1	)
(	2062	,	22	,	1	)
(	2063	,	23	,	1	)
(	2064	,	24	,	1	)
(	2065	,	1	,	5	)
(	2066	,	2	,	5	)
(	2067	,	3	,	5	)
(	2068	,	4	,	5	)
(	2069	,	5	,	5	)
(	2070	,	6	,	5	)
(	2071	,	7	,	5	)
(	2072	,	8	,	5	)
(	2073	,	9	,	5	)
(	2074	,	10	,	5	)
(	2075	,	11	,	5	)
(	2076	,	12	,	5	)
(	2077	,	13	,	5	)
(	2078	,	14	,	5	)
(	2079	,	15	,	5	)
(	2080	,	16	,	5	)
(	2081	,	17	,	5	)
(	2082	,	18	,	5	)
(	2083	,	19	,	5	)
(	2084	,	20	,	5	)
(	2085	,	21	,	5	)
(	2086	,	22	,	5	)
(	2087	,	23	,	5	)
(	2088	,	24	,	5	)
(	2089	,	1	,	6	)
(	2090	,	2	,	6	)
(	2091	,	3	,	6	)
(	2092	,	4	,	6	)
(	2093	,	5	,	6	)
(	2094	,	6	,	6	)
(	2095	,	7	,	6	)
(	2096	,	8	,	6	)
(	2097	,	9	,	6	)
(	2098	,	10	,	6	)
(	2099	,	11	,	6	)
(	2100	,	12	,	6	)
(	2101	,	13	,	6	)
(	2102	,	14	,	6	)
(	2103	,	15	,	6	)
(	2104	,	16	,	6	)
(	2105	,	17	,	6	)
(	2106	,	18	,	6	)
(	2107	,	19	,	6	)
(	2108	,	20	,	6	)
(	2109	,	21	,	6	)
(	2110	,	22	,	6	)
(	2111	,	23	,	6	)
(	2112	,	24	,	6	)
(	2113	,	1	,	3	)
(	2114	,	2	,	3	)
(	2115	,	3	,	3	)
(	2116	,	4	,	3	)
(	2117	,	5	,	3	)
(	2118	,	6	,	3	)
(	2119	,	7	,	3	)
(	2120	,	8	,	3	)
(	2121	,	9	,	3	)
(	2122	,	10	,	3	)
(	2123	,	11	,	3	)
(	2124	,	12	,	3	)
(	2125	,	13	,	3	)
(	2126	,	14	,	3	)
(	2127	,	15	,	3	)
(	2128	,	16	,	3	)
(	2129	,	17	,	3	)
(	2130	,	18	,	3	)
(	2131	,	19	,	3	)
(	2132	,	20	,	3	)
(	2133	,	21	,	3	)
(	2134	,	22	,	3	)
(	2135	,	23	,	3	)
(	2136	,	24	,	3	)
(	2137	,	1	,	2	)
(	2138	,	2	,	2	)
(	2139	,	3	,	2	)
(	2140	,	4	,	2	)
(	2141	,	5	,	2	)
(	2142	,	6	,	2	)
(	2143	,	7	,	2	)
(	2144	,	8	,	2	)
(	2145	,	9	,	2	)
(	2146	,	10	,	2	)
(	2147	,	11	,	2	)
(	2148	,	12	,	2	)
(	2149	,	13	,	2	)
(	2150	,	14	,	2	)
(	2151	,	15	,	2	)
(	2152	,	16	,	2	)
(	2153	,	17	,	2	)
(	2154	,	18	,	2	)
(	2155	,	19	,	2	)
(	2156	,	20	,	2	)
(	2157	,	21	,	2	)
(	2158	,	22	,	2	)
(	2159	,	23	,	2	)
(	2160	,	24	,	2	)
(	2161	,	1	,	14	)
(	2162	,	2	,	14	)
(	2163	,	3	,	14	)
(	2164	,	4	,	14	)
(	2165	,	5	,	14	)
(	2166	,	6	,	14	)
(	2167	,	7	,	14	)
(	2168	,	8	,	14	)
(	2169	,	9	,	14	)
(	2170	,	10	,	14	)
(	2171	,	11	,	14	)
(	2172	,	12	,	14	)
(	2173	,	13	,	14	)
(	2174	,	14	,	14	)
(	2175	,	15	,	14	)
(	2176	,	16	,	14	)
(	2177	,	17	,	14	)
(	2178	,	18	,	14	)
(	2179	,	19	,	14	)
(	2180	,	20	,	14	)
(	2181	,	21	,	14	)
(	2182	,	22	,	14	)
(	2183	,	23	,	14	)
(	2184	,	24	,	14	)
(	2185	,	1	,	1	)
(	2186	,	2	,	1	)
(	2187	,	3	,	1	)
(	2188	,	4	,	1	)
(	2189	,	5	,	1	)
(	2190	,	6	,	1	)
(	2191	,	7	,	1	)
(	2192	,	8	,	1	)
(	2193	,	9	,	1	)
(	2194	,	10	,	1	)
(	2195	,	11	,	1	)
(	2196	,	12	,	1	)
(	2197	,	13	,	1	)
(	2198	,	14	,	1	)
(	2199	,	15	,	1	)
(	2200	,	16	,	1	)
(	2201	,	17	,	1	)
(	2202	,	18	,	1	)
(	2203	,	19	,	1	)
(	2204	,	20	,	1	)
(	2205	,	21	,	1	)
(	2206	,	22	,	1	)
(	2207	,	23	,	1	)
(	2208	,	24	,	1	)
(	2209	,	1	,	5	)
(	2210	,	2	,	5	)
(	2211	,	3	,	5	)
(	2212	,	4	,	5	)
(	2213	,	5	,	5	)
(	2214	,	6	,	5	)
(	2215	,	7	,	5	)
(	2216	,	8	,	5	)
(	2217	,	9	,	5	)
(	2218	,	10	,	5	)
(	2219	,	11	,	5	)
(	2220	,	12	,	5	)
(	2221	,	13	,	5	)
(	2222	,	14	,	5	)
(	2223	,	15	,	5	)
(	2224	,	16	,	5	)
(	2225	,	17	,	5	)
(	2226	,	18	,	5	)
(	2227	,	19	,	5	)
(	2228	,	20	,	5	)
(	2229	,	21	,	5	)
(	2230	,	22	,	5	)
(	2231	,	23	,	5	)
(	2232	,	24	,	5	)
(	2233	,	1	,	14	)
(	2234	,	2	,	14	)
(	2235	,	3	,	14	)
(	2236	,	4	,	14	)
(	2237	,	5	,	14	)
(	2238	,	6	,	14	)
(	2239	,	7	,	14	)
(	2240	,	8	,	14	)
(	2241	,	9	,	14	)
(	2242	,	10	,	14	)
(	2243	,	11	,	14	)
(	2244	,	12	,	14	)
(	2245	,	13	,	14	)
(	2246	,	14	,	14	)
(	2247	,	15	,	14	)
(	2248	,	16	,	14	)
(	2249	,	17	,	14	)
(	2250	,	18	,	14	)
(	2251	,	19	,	14	)
(	2252	,	20	,	14	)
(	2253	,	21	,	14	)
(	2254	,	22	,	14	)
(	2255	,	23	,	14	)
(	2256	,	24	,	14	)
(	2257	,	1	,	16	)
(	2258	,	2	,	16	)
(	2259	,	3	,	16	)
(	2260	,	4	,	16	)
(	2261	,	5	,	16	)
(	2262	,	6	,	16	)
(	2263	,	7	,	16	)
(	2264	,	8	,	16	)
(	2265	,	9	,	16	)
(	2266	,	10	,	16	)
(	2267	,	11	,	16	)
(	2268	,	12	,	16	)
(	2269	,	13	,	16	)
(	2270	,	14	,	16	)
(	2271	,	15	,	16	)
(	2272	,	16	,	16	)
(	2273	,	17	,	16	)
(	2274	,	18	,	16	)
(	2275	,	19	,	16	)
(	2276	,	20	,	16	)
(	2277	,	21	,	16	)
(	2278	,	22	,	16	)
(	2279	,	23	,	16	)
(	2280	,	24	,	16	)
(	2281	,	1	,	6	)
(	2282	,	2	,	6	)
(	2283	,	3	,	6	)
(	2284	,	4	,	6	)
(	2285	,	5	,	6	)
(	2286	,	6	,	6	)
(	2287	,	7	,	6	)
(	2288	,	8	,	6	)
(	2289	,	9	,	6	)
(	2290	,	10	,	6	)
(	2291	,	11	,	6	)
(	2292	,	12	,	6	)
(	2293	,	13	,	6	)
(	2294	,	14	,	6	)
(	2295	,	15	,	6	)
(	2296	,	16	,	6	)
(	2297	,	17	,	6	)
(	2298	,	18	,	6	)
(	2299	,	19	,	6	)
(	2300	,	20	,	6	)
(	2301	,	21	,	6	)
(	2302	,	22	,	6	)
(	2303	,	23	,	6	)
(	2304	,	24	,	6	)
(	2305	,	1	,	7	)
(	2306	,	2	,	7	)
(	2307	,	3	,	7	)
(	2308	,	4	,	7	)
(	2309	,	5	,	7	)
(	2310	,	6	,	7	)
(	2311	,	7	,	7	)
(	2312	,	8	,	7	)
(	2313	,	9	,	7	)
(	2314	,	10	,	7	)
(	2315	,	11	,	7	)
(	2316	,	12	,	7	)
(	2317	,	13	,	7	)
(	2318	,	14	,	7	)
(	2319	,	15	,	7	)
(	2320	,	16	,	7	)
(	2321	,	17	,	7	)
(	2322	,	18	,	7	)
(	2323	,	19	,	7	)
(	2324	,	20	,	7	)
(	2325	,	21	,	7	)
(	2326	,	22	,	7	)
(	2327	,	23	,	7	)
(	2328	,	24	,	7	)
(	2329	,	1	,	16	)
(	2330	,	2	,	16	)
(	2331	,	3	,	16	)
(	2332	,	4	,	16	)
(	2333	,	5	,	16	)
(	2334	,	6	,	16	)
(	2335	,	7	,	16	)
(	2336	,	8	,	16	)
(	2337	,	9	,	16	)
(	2338	,	10	,	16	)
(	2339	,	11	,	16	)
(	2340	,	12	,	16	)
(	2341	,	13	,	16	)
(	2342	,	14	,	16	)
(	2343	,	15	,	16	)
(	2344	,	16	,	16	)
(	2345	,	17	,	16	)
(	2346	,	18	,	16	)
(	2347	,	19	,	16	)
(	2348	,	20	,	16	)
(	2349	,	21	,	16	)
(	2350	,	22	,	16	)
(	2351	,	23	,	16	)
(	2352	,	24	,	16	)
(	2353	,	1	,	8	)
(	2354	,	2	,	8	)
(	2355	,	3	,	8	)
(	2356	,	4	,	8	)
(	2357	,	5	,	8	)
(	2358	,	6	,	8	)
(	2359	,	7	,	8	)
(	2360	,	8	,	8	)
(	2361	,	9	,	8	)
(	2362	,	10	,	8	)
(	2363	,	11	,	8	)
(	2364	,	12	,	8	)
(	2365	,	13	,	8	)
(	2366	,	14	,	8	)
(	2367	,	15	,	8	)
(	2368	,	16	,	8	)
(	2369	,	17	,	8	)
(	2370	,	18	,	8	)
(	2371	,	19	,	8	)
(	2372	,	20	,	8	)
(	2373	,	21	,	8	)
(	2374	,	22	,	8	)
(	2375	,	23	,	8	)
(	2376	,	24	,	8	)
(	2377	,	1	,	8	)
(	2378	,	2	,	8	)
(	2379	,	3	,	8	)
(	2380	,	4	,	8	)
(	2381	,	5	,	8	)
(	2382	,	6	,	8	)
(	2383	,	7	,	8	)
(	2384	,	8	,	8	)
(	2385	,	9	,	8	)
(	2386	,	10	,	8	)
(	2387	,	11	,	8	)
(	2388	,	12	,	8	)
(	2389	,	13	,	8	)
(	2390	,	14	,	8	)
(	2391	,	15	,	8	)
(	2392	,	16	,	8	)
(	2393	,	17	,	8	)
(	2394	,	18	,	8	)
(	2395	,	19	,	8	)
(	2396	,	20	,	8	)
(	2397	,	21	,	8	)
(	2398	,	22	,	8	)
(	2399	,	23	,	8	)
(	2400	,	24	,	8	)
(	2401	,	1	,	1	)
(	2402	,	2	,	1	)
(	2403	,	3	,	1	)
(	2404	,	4	,	1	)
(	2405	,	5	,	1	)
(	2406	,	6	,	1	)
(	2407	,	7	,	1	)
(	2408	,	8	,	1	)
(	2409	,	9	,	1	)
(	2410	,	10	,	1	)
(	2411	,	11	,	1	)
(	2412	,	12	,	1	)
(	2413	,	13	,	1	)
(	2414	,	14	,	1	)
(	2415	,	15	,	1	)
(	2416	,	16	,	1	)
(	2417	,	17	,	1	)
(	2418	,	18	,	1	)
(	2419	,	19	,	1	)
(	2420	,	20	,	1	)
(	2421	,	21	,	1	)
(	2422	,	22	,	1	)
(	2423	,	23	,	1	)
(	2424	,	24	,	1	)
(	2425	,	1	,	1	)
(	2426	,	2	,	1	)
(	2427	,	3	,	1	)
(	2428	,	4	,	1	)
(	2429	,	5	,	1	)
(	2430	,	6	,	1	)
(	2431	,	7	,	1	)
(	2432	,	8	,	1	)
(	2433	,	9	,	1	)
(	2434	,	10	,	1	)
(	2435	,	11	,	1	)
(	2436	,	12	,	1	)
(	2437	,	13	,	1	)
(	2438	,	14	,	1	)
(	2439	,	15	,	1	)
(	2440	,	16	,	1	)
(	2441	,	17	,	1	)
(	2442	,	18	,	1	)
(	2443	,	19	,	1	)
(	2444	,	20	,	1	)
(	2445	,	21	,	1	)
(	2446	,	22	,	1	)
(	2447	,	23	,	1	)
(	2448	,	24	,	1	)
(	2449	,	1	,	7	)
(	2450	,	2	,	7	)
(	2451	,	3	,	7	)
(	2452	,	4	,	7	)
(	2453	,	5	,	7	)
(	2454	,	6	,	7	)
(	2455	,	7	,	7	)
(	2456	,	8	,	7	)
(	2457	,	9	,	7	)
(	2458	,	10	,	7	)
(	2459	,	11	,	7	)
(	2460	,	12	,	7	)
(	2461	,	13	,	7	)
(	2462	,	14	,	7	)
(	2463	,	15	,	7	)
(	2464	,	16	,	7	)
(	2465	,	17	,	7	)
(	2466	,	18	,	7	)
(	2467	,	19	,	7	)
(	2468	,	20	,	7	)
(	2469	,	21	,	7	)
(	2470	,	22	,	7	)
(	2471	,	23	,	7	)
(	2472	,	24	,	7	)
(	2473	,	1	,	6	)
(	2474	,	2	,	6	)
(	2475	,	3	,	6	)
(	2476	,	4	,	6	)
(	2477	,	5	,	6	)
(	2478	,	6	,	6	)
(	2479	,	7	,	6	)
(	2480	,	8	,	6	)
(	2481	,	9	,	6	)
(	2482	,	10	,	6	)
(	2483	,	11	,	6	)
(	2484	,	12	,	6	)
(	2485	,	13	,	6	)
(	2486	,	14	,	6	)
(	2487	,	15	,	6	)
(	2488	,	16	,	6	)
(	2489	,	17	,	6	)
(	2490	,	18	,	6	)
(	2491	,	19	,	6	)
(	2492	,	20	,	6	)
(	2493	,	21	,	6	)
(	2494	,	22	,	6	)
(	2495	,	23	,	6	)
(	2496	,	24	,	6	)
(	2497	,	1	,	1	)
(	2498	,	2	,	1	)
(	2499	,	3	,	1	)
(	2500	,	4	,	1	)
(	2501	,	5	,	1	)
(	2502	,	6	,	1	)
(	2503	,	7	,	1	)
(	2504	,	8	,	1	)
(	2505	,	9	,	1	)
(	2506	,	10	,	1	)
(	2507	,	11	,	1	)
(	2508	,	12	,	1	)
(	2509	,	13	,	1	)
(	2510	,	14	,	1	)
(	2511	,	15	,	1	)
(	2512	,	16	,	1	)
(	2513	,	17	,	1	)
(	2514	,	18	,	1	)
(	2515	,	19	,	1	)
(	2516	,	20	,	1	)
(	2517	,	21	,	1	)
(	2518	,	22	,	1	)
(	2519	,	23	,	1	)
(	2520	,	24	,	1	)
(	2521	,	1	,	5	)
(	2522	,	2	,	5	)
(	2523	,	3	,	5	)
(	2524	,	4	,	5	)
(	2525	,	5	,	5	)
(	2526	,	6	,	5	)
(	2527	,	7	,	5	)
(	2528	,	8	,	5	)
(	2529	,	9	,	5	)
(	2530	,	10	,	5	)
(	2531	,	11	,	5	)
(	2532	,	12	,	5	)
(	2533	,	13	,	5	)
(	2534	,	14	,	5	)
(	2535	,	15	,	5	)
(	2536	,	16	,	5	)
(	2537	,	17	,	5	)
(	2538	,	18	,	5	)
(	2539	,	19	,	5	)
(	2540	,	20	,	5	)
(	2541	,	21	,	5	)
(	2542	,	22	,	5	)
(	2543	,	23	,	5	)
(	2544	,	24	,	5	)
(	2545	,	1	,	5	)
(	2546	,	2	,	5	)
(	2547	,	3	,	5	)
(	2548	,	4	,	5	)
(	2549	,	5	,	5	)
(	2550	,	6	,	5	)
(	2551	,	7	,	5	)
(	2552	,	8	,	5	)
(	2553	,	9	,	5	)
(	2554	,	10	,	5	)
(	2555	,	11	,	5	)
(	2556	,	12	,	5	)
(	2557	,	13	,	5	)
(	2558	,	14	,	5	)
(	2559	,	15	,	5	)
(	2560	,	16	,	5	)
(	2561	,	17	,	5	)
(	2562	,	18	,	5	)
(	2563	,	19	,	5	)
(	2564	,	20	,	5	)
(	2565	,	21	,	5	)
(	2566	,	22	,	5	)
(	2567	,	23	,	5	)
(	2568	,	24	,	5	)
(	2569	,	1	,	5	)
(	2570	,	2	,	5	)
(	2571	,	3	,	5	)
(	2572	,	4	,	5	)
(	2573	,	5	,	5	)
(	2574	,	6	,	5	)
(	2575	,	7	,	5	)
(	2576	,	8	,	5	)
(	2577	,	9	,	5	)
(	2578	,	10	,	5	)
(	2579	,	11	,	5	)
(	2580	,	12	,	5	)
(	2581	,	13	,	5	)
(	2582	,	14	,	5	)
(	2583	,	15	,	5	)
(	2584	,	16	,	5	)
(	2585	,	17	,	5	)
(	2586	,	18	,	5	)
(	2587	,	19	,	5	)
(	2588	,	20	,	5	)
(	2589	,	21	,	5	)
(	2590	,	22	,	5	)
(	2591	,	23	,	5	)
(	2592	,	24	,	5	)
(	2593	,	1	,	1	)
(	2594	,	2	,	1	)
(	2595	,	3	,	1	)
(	2596	,	4	,	1	)
(	2597	,	5	,	1	)
(	2598	,	6	,	1	)
(	2599	,	7	,	1	)
(	2600	,	8	,	1	)
(	2601	,	9	,	1	)
(	2602	,	10	,	1	)
(	2603	,	11	,	1	)
(	2604	,	12	,	1	)
(	2605	,	13	,	1	)
(	2606	,	14	,	1	)
(	2607	,	15	,	1	)
(	2608	,	16	,	1	)
(	2609	,	17	,	1	)
(	2610	,	18	,	1	)
(	2611	,	19	,	1	)
(	2612	,	20	,	1	)
(	2613	,	21	,	1	)
(	2614	,	22	,	1	)
(	2615	,	23	,	1	)
(	2616	,	24	,	1	)
(	2617	,	1	,	3	)
(	2618	,	2	,	3	)
(	2619	,	3	,	3	)
(	2620	,	4	,	3	)
(	2621	,	5	,	3	)
(	2622	,	6	,	3	)
(	2623	,	7	,	3	)
(	2624	,	8	,	3	)
(	2625	,	9	,	3	)
(	2626	,	10	,	3	)
(	2627	,	11	,	3	)
(	2628	,	12	,	3	)
(	2629	,	13	,	3	)
(	2630	,	14	,	3	)
(	2631	,	15	,	3	)
(	2632	,	16	,	3	)
(	2633	,	17	,	3	)
(	2634	,	18	,	3	)
(	2635	,	19	,	3	)
(	2636	,	20	,	3	)
(	2637	,	21	,	3	)
(	2638	,	22	,	3	)
(	2639	,	23	,	3	)
(	2640	,	24	,	3	)
(	2641	,	1	,	3	)
(	2642	,	2	,	3	)
(	2643	,	3	,	3	)
(	2644	,	4	,	3	)
(	2645	,	5	,	3	)
(	2646	,	6	,	3	)
(	2647	,	7	,	3	)
(	2648	,	8	,	3	)
(	2649	,	9	,	3	)
(	2650	,	10	,	3	)
(	2651	,	11	,	3	)
(	2652	,	12	,	3	)
(	2653	,	13	,	3	)
(	2654	,	14	,	3	)
(	2655	,	15	,	3	)
(	2656	,	16	,	3	)
(	2657	,	17	,	3	)
(	2658	,	18	,	3	)
(	2659	,	19	,	3	)
(	2660	,	20	,	3	)
(	2661	,	21	,	3	)
(	2662	,	22	,	3	)
(	2663	,	23	,	3	)
(	2664	,	24	,	3	)
(	2665	,	1	,	16	)
(	2666	,	2	,	16	)
(	2667	,	3	,	16	)
(	2668	,	4	,	16	)
(	2669	,	5	,	16	)
(	2670	,	6	,	16	)
(	2671	,	7	,	16	)
(	2672	,	8	,	16	)
(	2673	,	9	,	16	)
(	2674	,	10	,	16	)
(	2675	,	11	,	16	)
(	2676	,	12	,	16	)
(	2677	,	13	,	16	)
(	2678	,	14	,	16	)
(	2679	,	15	,	16	)
(	2680	,	16	,	16	)
(	2681	,	17	,	16	)
(	2682	,	18	,	16	)
(	2683	,	19	,	16	)
(	2684	,	20	,	16	)
(	2685	,	21	,	16	)
(	2686	,	22	,	16	)
(	2687	,	23	,	16	)
(	2688	,	24	,	16	)
(	2689	,	1	,	16	)
(	2690	,	2	,	16	)
(	2691	,	3	,	16	)
(	2692	,	4	,	16	)
(	2693	,	5	,	16	)
(	2694	,	6	,	16	)
(	2695	,	7	,	16	)
(	2696	,	8	,	16	)
(	2697	,	9	,	16	)
(	2698	,	10	,	16	)
(	2699	,	11	,	16	)
(	2700	,	12	,	16	)
(	2701	,	13	,	16	)
(	2702	,	14	,	16	)
(	2703	,	15	,	16	)
(	2704	,	16	,	16	)
(	2705	,	17	,	16	)
(	2706	,	18	,	16	)
(	2707	,	19	,	16	)
(	2708	,	20	,	16	)
(	2709	,	21	,	16	)
(	2710	,	22	,	16	)
(	2711	,	23	,	16	)
(	2712	,	24	,	16	)
(	2713	,	1	,	1	)
(	2714	,	2	,	1	)
(	2715	,	3	,	1	)
(	2716	,	4	,	1	)
(	2717	,	5	,	1	)
(	2718	,	6	,	1	)
(	2719	,	7	,	1	)
(	2720	,	8	,	1	)
(	2721	,	9	,	1	)
(	2722	,	10	,	1	)
(	2723	,	11	,	1	)
(	2724	,	12	,	1	)
(	2725	,	13	,	1	)
(	2726	,	14	,	1	)
(	2727	,	15	,	1	)
(	2728	,	16	,	1	)
(	2729	,	17	,	1	)
(	2730	,	18	,	1	)
(	2731	,	19	,	1	)
(	2732	,	20	,	1	)
(	2733	,	21	,	1	)
(	2734	,	22	,	1	)
(	2735	,	23	,	1	)
(	2736	,	24	,	1	)
(	2737	,	1	,	2	)
(	2738	,	2	,	2	)
(	2739	,	3	,	2	)
(	2740	,	4	,	2	)
(	2741	,	5	,	2	)
(	2742	,	6	,	2	)
(	2743	,	7	,	2	)
(	2744	,	8	,	2	)
(	2745	,	9	,	2	)
(	2746	,	10	,	2	)
(	2747	,	11	,	2	)
(	2748	,	12	,	2	)
(	2749	,	13	,	2	)
(	2750	,	14	,	2	)
(	2751	,	15	,	2	)
(	2752	,	16	,	2	)
(	2753	,	17	,	2	)
(	2754	,	18	,	2	)
(	2755	,	19	,	2	)
(	2756	,	20	,	2	)
(	2757	,	21	,	2	)
(	2758	,	22	,	2	)
(	2759	,	23	,	2	)
(	2760	,	24	,	2	)
(	2761	,	1	,	5	)
(	2762	,	2	,	5	)
(	2763	,	3	,	5	)
(	2764	,	4	,	5	)
(	2765	,	5	,	5	)
(	2766	,	6	,	5	)
(	2767	,	7	,	5	)
(	2768	,	8	,	5	)
(	2769	,	9	,	5	)
(	2770	,	10	,	5	)
(	2771	,	11	,	5	)
(	2772	,	12	,	5	)
(	2773	,	13	,	5	)
(	2774	,	14	,	5	)
(	2775	,	15	,	5	)
(	2776	,	16	,	5	)
(	2777	,	17	,	5	)
(	2778	,	18	,	5	)
(	2779	,	19	,	5	)
(	2780	,	20	,	5	)
(	2781	,	21	,	5	)
(	2782	,	22	,	5	)
(	2783	,	23	,	5	)
(	2784	,	24	,	5	)
(	2785	,	1	,	6	)
(	2786	,	2	,	6	)
(	2787	,	3	,	6	)
(	2788	,	4	,	6	)
(	2789	,	5	,	6	)
(	2790	,	6	,	6	)
(	2791	,	7	,	6	)
(	2792	,	8	,	6	)
(	2793	,	9	,	6	)
(	2794	,	10	,	6	)
(	2795	,	11	,	6	)
(	2796	,	12	,	6	)
(	2797	,	13	,	6	)
(	2798	,	14	,	6	)
(	2799	,	15	,	6	)
(	2800	,	16	,	6	)
(	2801	,	17	,	6	)
(	2802	,	18	,	6	)
(	2803	,	19	,	6	)
(	2804	,	20	,	6	)
(	2805	,	21	,	6	)
(	2806	,	22	,	6	)
(	2807	,	23	,	6	)
(	2808	,	24	,	6	)
(	2809	,	1	,	6	)
(	2810	,	2	,	6	)
(	2811	,	3	,	6	)
(	2812	,	4	,	6	)
(	2813	,	5	,	6	)
(	2814	,	6	,	6	)
(	2815	,	7	,	6	)
(	2816	,	8	,	6	)
(	2817	,	9	,	6	)
(	2818	,	10	,	6	)
(	2819	,	11	,	6	)
(	2820	,	12	,	6	)
(	2821	,	13	,	6	)
(	2822	,	14	,	6	)
(	2823	,	15	,	6	)
(	2824	,	16	,	6	)
(	2825	,	17	,	6	)
(	2826	,	18	,	6	)
(	2827	,	19	,	6	)
(	2828	,	20	,	6	)
(	2829	,	21	,	6	)
(	2830	,	22	,	6	)
(	2831	,	23	,	6	)
(	2832	,	24	,	6	)
(	2833	,	1	,	4	)
(	2834	,	2	,	4	)
(	2835	,	3	,	4	)
(	2836	,	4	,	4	)
(	2837	,	5	,	4	)
(	2838	,	6	,	4	)
(	2839	,	7	,	4	)
(	2840	,	8	,	4	)
(	2841	,	9	,	4	)
(	2842	,	10	,	4	)
(	2843	,	11	,	4	)
(	2844	,	12	,	4	)
(	2845	,	13	,	4	)
(	2846	,	14	,	4	)
(	2847	,	15	,	4	)
(	2848	,	16	,	4	)
(	2849	,	17	,	4	)
(	2850	,	18	,	4	)
(	2851	,	19	,	4	)
(	2852	,	20	,	4	)
(	2853	,	21	,	4	)
(	2854	,	22	,	4	)
(	2855	,	23	,	4	)
(	2856	,	24	,	4	)
(	2857	,	1	,	5	)
(	2858	,	2	,	5	)
(	2859	,	3	,	5	)
(	2860	,	4	,	5	)
(	2861	,	5	,	5	)
(	2862	,	6	,	5	)
(	2863	,	7	,	5	)
(	2864	,	8	,	5	)
(	2865	,	9	,	5	)
(	2866	,	10	,	5	)
(	2867	,	11	,	5	)
(	2868	,	12	,	5	)
(	2869	,	13	,	5	)
(	2870	,	14	,	5	)
(	2871	,	15	,	5	)
(	2872	,	16	,	5	)
(	2873	,	17	,	5	)
(	2874	,	18	,	5	)
(	2875	,	19	,	5	)
(	2876	,	20	,	5	)
(	2877	,	21	,	5	)
(	2878	,	22	,	5	)
(	2879	,	23	,	5	)
(	2880	,	24	,	5	)
(	2881	,	1	,	1	)
(	2882	,	2	,	1	)
(	2883	,	3	,	1	)
(	2884	,	4	,	1	)
(	2885	,	5	,	1	)
(	2886	,	6	,	1	)
(	2887	,	7	,	1	)
(	2888	,	8	,	1	)
(	2889	,	9	,	1	)
(	2890	,	10	,	1	)
(	2891	,	11	,	1	)
(	2892	,	12	,	1	)
(	2893	,	13	,	1	)
(	2894	,	14	,	1	)
(	2895	,	15	,	1	)
(	2896	,	16	,	1	)
(	2897	,	17	,	1	)
(	2898	,	18	,	1	)
(	2899	,	19	,	1	)
(	2900	,	20	,	1	)
(	2901	,	21	,	1	)
(	2902	,	22	,	1	)
(	2903	,	23	,	1	)
(	2904	,	24	,	1	)
(	2905	,	1	,	2	)
(	2906	,	2	,	2	)
(	2907	,	3	,	2	)
(	2908	,	4	,	2	)
(	2909	,	5	,	2	)
(	2910	,	6	,	2	)
(	2911	,	7	,	2	)
(	2912	,	8	,	2	)
(	2913	,	9	,	2	)
(	2914	,	10	,	2	)
(	2915	,	11	,	2	)
(	2916	,	12	,	2	)
(	2917	,	13	,	2	)
(	2918	,	14	,	2	)
(	2919	,	15	,	2	)
(	2920	,	16	,	2	)
(	2921	,	17	,	2	)
(	2922	,	18	,	2	)
(	2923	,	19	,	2	)
(	2924	,	20	,	2	)
(	2925	,	21	,	2	)
(	2926	,	22	,	2	)
(	2927	,	23	,	2	)
(	2928	,	24	,	2	)
(	2929	,	1	,	14	)
(	2930	,	2	,	14	)
(	2931	,	3	,	14	)
(	2932	,	4	,	14	)
(	2933	,	5	,	14	)
(	2934	,	6	,	14	)
(	2935	,	7	,	14	)
(	2936	,	8	,	14	)
(	2937	,	9	,	14	)
(	2938	,	10	,	14	)
(	2939	,	11	,	14	)
(	2940	,	12	,	14	)
(	2941	,	13	,	14	)
(	2942	,	14	,	14	)
(	2943	,	15	,	14	)
(	2944	,	16	,	14	)
(	2945	,	17	,	14	)
(	2946	,	18	,	14	)
(	2947	,	19	,	14	)
(	2948	,	20	,	14	)
(	2949	,	21	,	14	)
(	2950	,	22	,	14	)
(	2951	,	23	,	14	)
(	2952	,	24	,	14	)
(	2953	,	1	,	3	)
(	2954	,	2	,	3	)
(	2955	,	3	,	3	)
(	2956	,	4	,	3	)
(	2957	,	5	,	3	)
(	2958	,	6	,	3	)
(	2959	,	7	,	3	)
(	2960	,	8	,	3	)
(	2961	,	9	,	3	)
(	2962	,	10	,	3	)
(	2963	,	11	,	3	)
(	2964	,	12	,	3	)
(	2965	,	13	,	3	)
(	2966	,	14	,	3	)
(	2967	,	15	,	3	)
(	2968	,	16	,	3	)
(	2969	,	17	,	3	)
(	2970	,	18	,	3	)
(	2971	,	19	,	3	)
(	2972	,	20	,	3	)
(	2973	,	21	,	3	)
(	2974	,	22	,	3	)
(	2975	,	23	,	3	)
(	2976	,	24	,	3	)
(	2977	,	1	,	6	)
(	2978	,	2	,	6	)
(	2979	,	3	,	6	)
(	2980	,	4	,	6	)
(	2981	,	5	,	6	)
(	2982	,	6	,	6	)
(	2983	,	7	,	6	)
(	2984	,	8	,	6	)
(	2985	,	9	,	6	)
(	2986	,	10	,	6	)
(	2987	,	11	,	6	)
(	2988	,	12	,	6	)
(	2989	,	13	,	6	)
(	2990	,	14	,	6	)
(	2991	,	15	,	6	)
(	2992	,	16	,	6	)
(	2993	,	17	,	6	)
(	2994	,	18	,	6	)
(	2995	,	19	,	6	)
(	2996	,	20	,	6	)
(	2997	,	21	,	6	)
(	2998	,	22	,	6	)
(	2999	,	23	,	6	)
(	3000	,	24	,	6	)
(	3001	,	1	,	1	)
(	3002	,	2	,	1	)
(	3003	,	3	,	1	)
(	3004	,	4	,	1	)
(	3005	,	5	,	1	)
(	3006	,	6	,	1	)
(	3007	,	7	,	1	)
(	3008	,	8	,	1	)
(	3009	,	9	,	1	)
(	3010	,	10	,	1	)
(	3011	,	11	,	1	)
(	3012	,	12	,	1	)
(	3013	,	13	,	1	)
(	3014	,	14	,	1	)
(	3015	,	15	,	1	)
(	3016	,	16	,	1	)
(	3017	,	17	,	1	)
(	3018	,	18	,	1	)
(	3019	,	19	,	1	)
(	3020	,	20	,	1	)
(	3021	,	21	,	1	)
(	3022	,	22	,	1	)
(	3023	,	23	,	1	)
(	3024	,	24	,	1	)
(	3025	,	1	,	8	)
(	3026	,	2	,	8	)
(	3027	,	3	,	8	)
(	3028	,	4	,	8	)
(	3029	,	5	,	8	)
(	3030	,	6	,	8	)
(	3031	,	7	,	8	)
(	3032	,	8	,	8	)
(	3033	,	9	,	8	)
(	3034	,	10	,	8	)
(	3035	,	11	,	8	)
(	3036	,	12	,	8	)
(	3037	,	13	,	8	)
(	3038	,	14	,	8	)
(	3039	,	15	,	8	)
(	3040	,	16	,	8	)
(	3041	,	17	,	8	)
(	3042	,	18	,	8	)
(	3043	,	19	,	8	)
(	3044	,	20	,	8	)
(	3045	,	21	,	8	)
(	3046	,	22	,	8	)
(	3047	,	23	,	8	)
(	3048	,	24	,	8	)
(	3049	,	1	,	16	)
(	3050	,	2	,	16	)
(	3051	,	3	,	16	)
(	3052	,	4	,	16	)
(	3053	,	5	,	16	)
(	3054	,	6	,	16	)
(	3055	,	7	,	16	)
(	3056	,	8	,	16	)
(	3057	,	9	,	16	)
(	3058	,	10	,	16	)
(	3059	,	11	,	16	)
(	3060	,	12	,	16	)
(	3061	,	13	,	16	)
(	3062	,	14	,	16	)
(	3063	,	15	,	16	)
(	3064	,	16	,	16	)
(	3065	,	17	,	16	)
(	3066	,	18	,	16	)
(	3067	,	19	,	16	)
(	3068	,	20	,	16	)
(	3069	,	21	,	16	)
(	3070	,	22	,	16	)
(	3071	,	23	,	16	)
(	3072	,	24	,	16	)
(	3073	,	1	,	8	)
(	3074	,	2	,	8	)
(	3075	,	3	,	8	)
(	3076	,	4	,	8	)
(	3077	,	5	,	8	)
(	3078	,	6	,	8	)
(	3079	,	7	,	8	)
(	3080	,	8	,	8	)
(	3081	,	9	,	8	)
(	3082	,	10	,	8	)
(	3083	,	11	,	8	)
(	3084	,	12	,	8	)
(	3085	,	13	,	8	)
(	3086	,	14	,	8	)
(	3087	,	15	,	8	)
(	3088	,	16	,	8	)
(	3089	,	17	,	8	)
(	3090	,	18	,	8	)
(	3091	,	19	,	8	)
(	3092	,	20	,	8	)
(	3093	,	21	,	8	)
(	3094	,	22	,	8	)
(	3095	,	23	,	8	)
(	3096	,	24	,	8	)
(	3097	,	1	,	13	)
(	3098	,	2	,	13	)
(	3099	,	3	,	13	)
(	3100	,	4	,	13	)
(	3101	,	5	,	13	)
(	3102	,	6	,	13	)
(	3103	,	7	,	13	)
(	3104	,	8	,	13	)
(	3105	,	9	,	13	)
(	3106	,	10	,	13	)
(	3107	,	11	,	13	)
(	3108	,	12	,	13	)
(	3109	,	13	,	13	)
(	3110	,	14	,	13	)
(	3111	,	15	,	13	)
(	3112	,	16	,	13	)
(	3113	,	17	,	13	)
(	3114	,	18	,	13	)
(	3115	,	19	,	13	)
(	3116	,	20	,	13	)
(	3117	,	21	,	13	)
(	3118	,	22	,	13	)
(	3119	,	23	,	13	)
(	3120	,	24	,	13	)
(	3121	,	1	,	6	)
(	3122	,	2	,	6	)
(	3123	,	3	,	6	)
(	3124	,	4	,	6	)
(	3125	,	5	,	6	)
(	3126	,	6	,	6	)
(	3127	,	7	,	6	)
(	3128	,	8	,	6	)
(	3129	,	9	,	6	)
(	3130	,	10	,	6	)
(	3131	,	11	,	6	)
(	3132	,	12	,	6	)
(	3133	,	13	,	6	)
(	3134	,	14	,	6	)
(	3135	,	15	,	6	)
(	3136	,	16	,	6	)
(	3137	,	17	,	6	)
(	3138	,	18	,	6	)
(	3139	,	19	,	6	)
(	3140	,	20	,	6	)
(	3141	,	21	,	6	)
(	3142	,	22	,	6	)
(	3143	,	23	,	6	)
(	3144	,	24	,	6	)
(	3145	,	1	,	6	)
(	3146	,	2	,	6	)
(	3147	,	3	,	6	)
(	3148	,	4	,	6	)
(	3149	,	5	,	6	)
(	3150	,	6	,	6	)
(	3151	,	7	,	6	)
(	3152	,	8	,	6	)
(	3153	,	9	,	6	)
(	3154	,	10	,	6	)
(	3155	,	11	,	6	)
(	3156	,	12	,	6	)
(	3157	,	13	,	6	)
(	3158	,	14	,	6	)
(	3159	,	15	,	6	)
(	3160	,	16	,	6	)
(	3161	,	17	,	6	)
(	3162	,	18	,	6	)
(	3163	,	19	,	6	)
(	3164	,	20	,	6	)
(	3165	,	21	,	6	)
(	3166	,	22	,	6	)
(	3167	,	23	,	6	)
(	3168	,	24	,	6	)
(	3169	,	1	,	1	)
(	3170	,	2	,	1	)
(	3171	,	3	,	1	)
(	3172	,	4	,	1	)
(	3173	,	5	,	1	)
(	3174	,	6	,	1	)
(	3175	,	7	,	1	)
(	3176	,	8	,	1	)
(	3177	,	9	,	1	)
(	3178	,	10	,	1	)
(	3179	,	11	,	1	)
(	3180	,	12	,	1	)
(	3181	,	13	,	1	)
(	3182	,	14	,	1	)
(	3183	,	15	,	1	)
(	3184	,	16	,	1	)
(	3185	,	17	,	1	)
(	3186	,	18	,	1	)
(	3187	,	19	,	1	)
(	3188	,	20	,	1	)
(	3189	,	21	,	1	)
(	3190	,	22	,	1	)
(	3191	,	23	,	1	)
(	3192	,	24	,	1	)
(	3193	,	1	,	8	)
(	3194	,	2	,	8	)
(	3195	,	3	,	8	)
(	3196	,	4	,	8	)
(	3197	,	5	,	8	)
(	3198	,	6	,	8	)
(	3199	,	7	,	8	)
(	3200	,	8	,	8	)
(	3201	,	9	,	8	)
(	3202	,	10	,	8	)
(	3203	,	11	,	8	)
(	3204	,	12	,	8	)
(	3205	,	13	,	8	)
(	3206	,	14	,	8	)
(	3207	,	15	,	8	)
(	3208	,	16	,	8	)
(	3209	,	17	,	8	)
(	3210	,	18	,	8	)
(	3211	,	19	,	8	)
(	3212	,	20	,	8	)
(	3213	,	21	,	8	)
(	3214	,	22	,	8	)
(	3215	,	23	,	8	)
(	3216	,	24	,	8	)
(	3217	,	1	,	5	)
(	3218	,	2	,	5	)
(	3219	,	3	,	5	)
(	3220	,	4	,	5	)
(	3221	,	5	,	5	)
(	3222	,	6	,	5	)
(	3223	,	7	,	5	)
(	3224	,	8	,	5	)
(	3225	,	9	,	5	)
(	3226	,	10	,	5	)
(	3227	,	11	,	5	)
(	3228	,	12	,	5	)
(	3229	,	13	,	5	)
(	3230	,	14	,	5	)
(	3231	,	15	,	5	)
(	3232	,	16	,	5	)
(	3233	,	17	,	5	)
(	3234	,	18	,	5	)
(	3235	,	19	,	5	)
(	3236	,	20	,	5	)
(	3237	,	21	,	5	)
(	3238	,	22	,	5	)
(	3239	,	23	,	5	)
(	3240	,	24	,	5	)
(	3241	,	1	,	8	)
(	3242	,	2	,	8	)
(	3243	,	3	,	8	)
(	3244	,	4	,	8	)
(	3245	,	5	,	8	)
(	3246	,	6	,	8	)
(	3247	,	7	,	8	)
(	3248	,	8	,	8	)
(	3249	,	9	,	8	)
(	3250	,	10	,	8	)
(	3251	,	11	,	8	)
(	3252	,	12	,	8	)
(	3253	,	13	,	8	)
(	3254	,	14	,	8	)
(	3255	,	15	,	8	)
(	3256	,	16	,	8	)
(	3257	,	17	,	8	)
(	3258	,	18	,	8	)
(	3259	,	19	,	8	)
(	3260	,	20	,	8	)
(	3261	,	21	,	8	)
(	3262	,	22	,	8	)
(	3263	,	23	,	8	)
(	3264	,	24	,	8	)
(	3265	,	1	,	8	)
(	3266	,	2	,	8	)
(	3267	,	3	,	8	)
(	3268	,	4	,	8	)
(	3269	,	5	,	8	)
(	3270	,	6	,	8	)
(	3271	,	7	,	8	)
(	3272	,	8	,	8	)
(	3273	,	9	,	8	)
(	3274	,	10	,	8	)
(	3275	,	11	,	8	)
(	3276	,	12	,	8	)
(	3277	,	13	,	8	)
(	3278	,	14	,	8	)
(	3279	,	15	,	8	)
(	3280	,	16	,	8	)
(	3281	,	17	,	8	)
(	3282	,	18	,	8	)
(	3283	,	19	,	8	)
(	3284	,	20	,	8	)
(	3285	,	21	,	8	)
(	3286	,	22	,	8	)
(	3287	,	23	,	8	)
(	3288	,	24	,	8	)
(	3289	,	1	,	7	)
(	3290	,	2	,	7	)
(	3291	,	3	,	7	)
(	3292	,	4	,	7	)
(	3293	,	5	,	7	)
(	3294	,	6	,	7	)
(	3295	,	7	,	7	)
(	3296	,	8	,	7	)
(	3297	,	9	,	7	)
(	3298	,	10	,	7	)
(	3299	,	11	,	7	)
(	3300	,	12	,	7	)
(	3301	,	13	,	7	)
(	3302	,	14	,	7	)
(	3303	,	15	,	7	)
(	3304	,	16	,	7	)
(	3305	,	17	,	7	)
(	3306	,	18	,	7	)
(	3307	,	19	,	7	)
(	3308	,	20	,	7	)
(	3309	,	21	,	7	)
(	3310	,	22	,	7	)
(	3311	,	23	,	7	)
(	3312	,	24	,	7	)
(	3313	,	1	,	7	)
(	3314	,	2	,	7	)
(	3315	,	3	,	7	)
(	3316	,	4	,	7	)
(	3317	,	5	,	7	)
(	3318	,	6	,	7	)
(	3319	,	7	,	7	)
(	3320	,	8	,	7	)
(	3321	,	9	,	7	)
(	3322	,	10	,	7	)
(	3323	,	11	,	7	)
(	3324	,	12	,	7	)
(	3325	,	13	,	7	)
(	3326	,	14	,	7	)
(	3327	,	15	,	7	)
(	3328	,	16	,	7	)
(	3329	,	17	,	7	)
(	3330	,	18	,	7	)
(	3331	,	19	,	7	)
(	3332	,	20	,	7	)
(	3333	,	21	,	7	)
(	3334	,	22	,	7	)
(	3335	,	23	,	7	)
(	3336	,	24	,	7	)
(	3337	,	1	,	2	)
(	3338	,	2	,	2	)
(	3339	,	3	,	2	)
(	3340	,	4	,	2	)
(	3341	,	5	,	2	)
(	3342	,	6	,	2	)
(	3343	,	7	,	2	)
(	3344	,	8	,	2	)
(	3345	,	9	,	2	)
(	3346	,	10	,	2	)
(	3347	,	11	,	2	)
(	3348	,	12	,	2	)
(	3349	,	13	,	2	)
(	3350	,	14	,	2	)
(	3351	,	15	,	2	)
(	3352	,	16	,	2	)
(	3353	,	17	,	2	)
(	3354	,	18	,	2	)
(	3355	,	19	,	2	)
(	3356	,	20	,	2	)
(	3357	,	21	,	2	)
(	3358	,	22	,	2	)
(	3359	,	23	,	2	)
(	3360	,	24	,	2	)
(	3361	,	1	,	2	)
(	3362	,	2	,	2	)
(	3363	,	3	,	2	)
(	3364	,	4	,	2	)
(	3365	,	5	,	2	)
(	3366	,	6	,	2	)
(	3367	,	7	,	2	)
(	3368	,	8	,	2	)
(	3369	,	9	,	2	)
(	3370	,	10	,	2	)
(	3371	,	11	,	2	)
(	3372	,	12	,	2	)
(	3373	,	13	,	2	)
(	3374	,	14	,	2	)
(	3375	,	15	,	2	)
(	3376	,	16	,	2	)
(	3377	,	17	,	2	)
(	3378	,	18	,	2	)
(	3379	,	19	,	2	)
(	3380	,	20	,	2	)
(	3381	,	21	,	2	)
(	3382	,	22	,	2	)
(	3383	,	23	,	2	)
(	3384	,	24	,	2	)
(	3385	,	1	,	5	)
(	3386	,	2	,	5	)
(	3387	,	3	,	5	)
(	3388	,	4	,	5	)
(	3389	,	5	,	5	)
(	3390	,	6	,	5	)
(	3391	,	7	,	5	)
(	3392	,	8	,	5	)
(	3393	,	9	,	5	)
(	3394	,	10	,	5	)
(	3395	,	11	,	5	)
(	3396	,	12	,	5	)
(	3397	,	13	,	5	)
(	3398	,	14	,	5	)
(	3399	,	15	,	5	)
(	3400	,	16	,	5	)
(	3401	,	17	,	5	)
(	3402	,	18	,	5	)
(	3403	,	19	,	5	)
(	3404	,	20	,	5	)
(	3405	,	21	,	5	)
(	3406	,	22	,	5	)
(	3407	,	23	,	5	)
(	3408	,	24	,	5	)
(	3409	,	1	,	5	)
(	3410	,	2	,	5	)
(	3411	,	3	,	5	)
(	3412	,	4	,	5	)
(	3413	,	5	,	5	)
(	3414	,	6	,	5	)
(	3415	,	7	,	5	)
(	3416	,	8	,	5	)
(	3417	,	9	,	5	)
(	3418	,	10	,	5	)
(	3419	,	11	,	5	)
(	3420	,	12	,	5	)
(	3421	,	13	,	5	)
(	3422	,	14	,	5	)
(	3423	,	15	,	5	)
(	3424	,	16	,	5	)
(	3425	,	17	,	5	)
(	3426	,	18	,	5	)
(	3427	,	19	,	5	)
(	3428	,	20	,	5	)
(	3429	,	21	,	5	)
(	3430	,	22	,	5	)
(	3431	,	23	,	5	)
(	3432	,	24	,	5	)
(	3433	,	1	,	8	)
(	3434	,	2	,	8	)
(	3435	,	3	,	8	)
(	3436	,	4	,	8	)
(	3437	,	5	,	8	)
(	3438	,	6	,	8	)
(	3439	,	7	,	8	)
(	3440	,	8	,	8	)
(	3441	,	9	,	8	)
(	3442	,	10	,	8	)
(	3443	,	11	,	8	)
(	3444	,	12	,	8	)
(	3445	,	13	,	8	)
(	3446	,	14	,	8	)
(	3447	,	15	,	8	)
(	3448	,	16	,	8	)
(	3449	,	17	,	8	)
(	3450	,	18	,	8	)
(	3451	,	19	,	8	)
(	3452	,	20	,	8	)
(	3453	,	21	,	8	)
(	3454	,	22	,	8	)
(	3455	,	23	,	8	)
(	3456	,	24	,	8	)
(	3457	,	1	,	7	)
(	3458	,	2	,	7	)
(	3459	,	3	,	7	)
(	3460	,	4	,	7	)
(	3461	,	5	,	7	)
(	3462	,	6	,	7	)
(	3463	,	7	,	7	)
(	3464	,	8	,	7	)
(	3465	,	9	,	7	)
(	3466	,	10	,	7	)
(	3467	,	11	,	7	)
(	3468	,	12	,	7	)
(	3469	,	13	,	7	)
(	3470	,	14	,	7	)
(	3471	,	15	,	7	)
(	3472	,	16	,	7	)
(	3473	,	17	,	7	)
(	3474	,	18	,	7	)
(	3475	,	19	,	7	)
(	3476	,	20	,	7	)
(	3477	,	21	,	7	)
(	3478	,	22	,	7	)
(	3479	,	23	,	7	)
(	3480	,	24	,	7	)
(	3481	,	1	,	6	)
(	3482	,	2	,	6	)
(	3483	,	3	,	6	)
(	3484	,	4	,	6	)
(	3485	,	5	,	6	)
(	3486	,	6	,	6	)
(	3487	,	7	,	6	)
(	3488	,	8	,	6	)
(	3489	,	9	,	6	)
(	3490	,	10	,	6	)
(	3491	,	11	,	6	)
(	3492	,	12	,	6	)
(	3493	,	13	,	6	)
(	3494	,	14	,	6	)
(	3495	,	15	,	6	)
(	3496	,	16	,	6	)
(	3497	,	17	,	6	)
(	3498	,	18	,	6	)
(	3499	,	19	,	6	)
(	3500	,	20	,	6	)
(	3501	,	21	,	6	)
(	3502	,	22	,	6	)
(	3503	,	23	,	6	)
(	3504	,	24	,	6	)
(	3505	,	1	,	5	)
(	3506	,	2	,	5	)
(	3507	,	3	,	5	)
(	3508	,	4	,	5	)
(	3509	,	5	,	5	)
(	3510	,	6	,	5	)
(	3511	,	7	,	5	)
(	3512	,	8	,	5	)
(	3513	,	9	,	5	)
(	3514	,	10	,	5	)
(	3515	,	11	,	5	)
(	3516	,	12	,	5	)
(	3517	,	13	,	5	)
(	3518	,	14	,	5	)
(	3519	,	15	,	5	)
(	3520	,	16	,	5	)
(	3521	,	17	,	5	)
(	3522	,	18	,	5	)
(	3523	,	19	,	5	)
(	3524	,	20	,	5	)
(	3525	,	21	,	5	)
(	3526	,	22	,	5	)
(	3527	,	23	,	5	)
(	3528	,	24	,	5	)
(	3529	,	1	,	8	)
(	3530	,	2	,	8	)
(	3531	,	3	,	8	)
(	3532	,	4	,	8	)
(	3533	,	5	,	8	)
(	3534	,	6	,	8	)
(	3535	,	7	,	8	)
(	3536	,	8	,	8	)
(	3537	,	9	,	8	)
(	3538	,	10	,	8	)
(	3539	,	11	,	8	)
(	3540	,	12	,	8	)
(	3541	,	13	,	8	)
(	3542	,	14	,	8	)
(	3543	,	15	,	8	)
(	3544	,	16	,	8	)
(	3545	,	17	,	8	)
(	3546	,	18	,	8	)
(	3547	,	19	,	8	)
(	3548	,	20	,	8	)
(	3549	,	21	,	8	)
(	3550	,	22	,	8	)
(	3551	,	23	,	8	)
(	3552	,	24	,	8	)
(	3553	,	1	,	5	)
(	3554	,	2	,	5	)
(	3555	,	3	,	5	)
(	3556	,	4	,	5	)
(	3557	,	5	,	5	)
(	3558	,	6	,	5	)
(	3559	,	7	,	5	)
(	3560	,	8	,	5	)
(	3561	,	9	,	5	)
(	3562	,	10	,	5	)
(	3563	,	11	,	5	)
(	3564	,	12	,	5	)
(	3565	,	13	,	5	)
(	3566	,	14	,	5	)
(	3567	,	15	,	5	)
(	3568	,	16	,	5	)
(	3569	,	17	,	5	)
(	3570	,	18	,	5	)
(	3571	,	19	,	5	)
(	3572	,	20	,	5	)
(	3573	,	21	,	5	)
(	3574	,	22	,	5	)
(	3575	,	23	,	5	)
(	3576	,	24	,	5	)
(	3577	,	1	,	8	)
(	3578	,	2	,	8	)
(	3579	,	3	,	8	)
(	3580	,	4	,	8	)
(	3581	,	5	,	8	)
(	3582	,	6	,	8	)
(	3583	,	7	,	8	)
(	3584	,	8	,	8	)
(	3585	,	9	,	8	)
(	3586	,	10	,	8	)
(	3587	,	11	,	8	)
(	3588	,	12	,	8	)
(	3589	,	13	,	8	)
(	3590	,	14	,	8	)
(	3591	,	15	,	8	)
(	3592	,	16	,	8	)
(	3593	,	17	,	8	)
(	3594	,	18	,	8	)
(	3595	,	19	,	8	)
(	3596	,	20	,	8	)
(	3597	,	21	,	8	)
(	3598	,	22	,	8	)
(	3599	,	23	,	8	)
(	3600	,	24	,	8	)
(	3601	,	1	,	8	)
(	3602	,	2	,	8	)
(	3603	,	3	,	8	)
(	3604	,	4	,	8	)
(	3605	,	5	,	8	)
(	3606	,	6	,	8	)
(	3607	,	7	,	8	)
(	3608	,	8	,	8	)
(	3609	,	9	,	8	)
(	3610	,	10	,	8	)
(	3611	,	11	,	8	)
(	3612	,	12	,	8	)
(	3613	,	13	,	8	)
(	3614	,	14	,	8	)
(	3615	,	15	,	8	)
(	3616	,	16	,	8	)
(	3617	,	17	,	8	)
(	3618	,	18	,	8	)
(	3619	,	19	,	8	)
(	3620	,	20	,	8	)
(	3621	,	21	,	8	)
(	3622	,	22	,	8	)
(	3623	,	23	,	8	)
(	3624	,	24	,	8	)
(	3625	,	1	,	7	)
(	3626	,	2	,	7	)
(	3627	,	3	,	7	)
(	3628	,	4	,	7	)
(	3629	,	5	,	7	)
(	3630	,	6	,	7	)
(	3631	,	7	,	7	)
(	3632	,	8	,	7	)
(	3633	,	9	,	7	)
(	3634	,	10	,	7	)
(	3635	,	11	,	7	)
(	3636	,	12	,	7	)
(	3637	,	13	,	7	)
(	3638	,	14	,	7	)
(	3639	,	15	,	7	)
(	3640	,	16	,	7	)
(	3641	,	17	,	7	)
(	3642	,	18	,	7	)
(	3643	,	19	,	7	)
(	3644	,	20	,	7	)
(	3645	,	21	,	7	)
(	3646	,	22	,	7	)
(	3647	,	23	,	7	)
(	3648	,	24	,	7	)
(	3649	,	1	,	7	)
(	3650	,	2	,	7	)
(	3651	,	3	,	7	)
(	3652	,	4	,	7	)
(	3653	,	5	,	7	)
(	3654	,	6	,	7	)
(	3655	,	7	,	7	)
(	3656	,	8	,	7	)
(	3657	,	9	,	7	)
(	3658	,	10	,	7	)
(	3659	,	11	,	7	)
(	3660	,	12	,	7	)
(	3661	,	13	,	7	)
(	3662	,	14	,	7	)
(	3663	,	15	,	7	)
(	3664	,	16	,	7	)
(	3665	,	17	,	7	)
(	3666	,	18	,	7	)
(	3667	,	19	,	7	)
(	3668	,	20	,	7	)
(	3669	,	21	,	7	)
(	3670	,	22	,	7	)
(	3671	,	23	,	7	)
(	3672	,	24	,	7	)
(	3673	,	1	,	8	)
(	3674	,	2	,	8	)
(	3675	,	3	,	8	)
(	3676	,	4	,	8	)
(	3677	,	5	,	8	)
(	3678	,	6	,	8	)
(	3679	,	7	,	8	)
(	3680	,	8	,	8	)
(	3681	,	9	,	8	)
(	3682	,	10	,	8	)
(	3683	,	11	,	8	)
(	3684	,	12	,	8	)
(	3685	,	13	,	8	)
(	3686	,	14	,	8	)
(	3687	,	15	,	8	)
(	3688	,	16	,	8	)
(	3689	,	17	,	8	)
(	3690	,	18	,	8	)
(	3691	,	19	,	8	)
(	3692	,	20	,	8	)
(	3693	,	21	,	8	)
(	3694	,	22	,	8	)
(	3695	,	23	,	8	)
(	3696	,	24	,	8	)
(	3697	,	1	,	8	)
(	3698	,	2	,	8	)
(	3699	,	3	,	8	)
(	3700	,	4	,	8	)
(	3701	,	5	,	8	)
(	3702	,	6	,	8	)
(	3703	,	7	,	8	)
(	3704	,	8	,	8	)
(	3705	,	9	,	8	)
(	3706	,	10	,	8	)
(	3707	,	11	,	8	)
(	3708	,	12	,	8	)
(	3709	,	13	,	8	)
(	3710	,	14	,	8	)
(	3711	,	15	,	8	)
(	3712	,	16	,	8	)
(	3713	,	17	,	8	)
(	3714	,	18	,	8	)
(	3715	,	19	,	8	)
(	3716	,	20	,	8	)
(	3717	,	21	,	8	)
(	3718	,	22	,	8	)
(	3719	,	23	,	8	)
(	3720	,	24	,	8	)
(	3721	,	1	,	8	)
(	3722	,	2	,	8	)
(	3723	,	3	,	8	)
(	3724	,	4	,	8	)
(	3725	,	5	,	8	)
(	3726	,	6	,	8	)
(	3727	,	7	,	8	)
(	3728	,	8	,	8	)
(	3729	,	9	,	8	)
(	3730	,	10	,	8	)
(	3731	,	11	,	8	)
(	3732	,	12	,	8	)
(	3733	,	13	,	8	)
(	3734	,	14	,	8	)
(	3735	,	15	,	8	)
(	3736	,	16	,	8	)
(	3737	,	17	,	8	)
(	3738	,	18	,	8	)
(	3739	,	19	,	8	)
(	3740	,	20	,	8	)
(	3741	,	21	,	8	)
(	3742	,	22	,	8	)
(	3743	,	23	,	8	)
(	3744	,	24	,	8	)
(	3745	,	1	,	8	)
(	3746	,	2	,	8	)
(	3747	,	3	,	8	)
(	3748	,	4	,	8	)
(	3749	,	5	,	8	)
(	3750	,	6	,	8	)
(	3751	,	7	,	8	)
(	3752	,	8	,	8	)
(	3753	,	9	,	8	)
(	3754	,	10	,	8	)
(	3755	,	11	,	8	)
(	3756	,	12	,	8	)
(	3757	,	13	,	8	)
(	3758	,	14	,	8	)
(	3759	,	15	,	8	)
(	3760	,	16	,	8	)
(	3761	,	17	,	8	)
(	3762	,	18	,	8	)
(	3763	,	19	,	8	)
(	3764	,	20	,	8	)
(	3765	,	21	,	8	)
(	3766	,	22	,	8	)
(	3767	,	23	,	8	)
(	3768	,	24	,	8	)
(	3769	,	1	,	8	)
(	3770	,	2	,	8	)
(	3771	,	3	,	8	)
(	3772	,	4	,	8	)
(	3773	,	5	,	8	)
(	3774	,	6	,	8	)
(	3775	,	7	,	8	)
(	3776	,	8	,	8	)
(	3777	,	9	,	8	)
(	3778	,	10	,	8	)
(	3779	,	11	,	8	)
(	3780	,	12	,	8	)
(	3781	,	13	,	8	)
(	3782	,	14	,	8	)
(	3783	,	15	,	8	)
(	3784	,	16	,	8	)
(	3785	,	17	,	8	)
(	3786	,	18	,	8	)
(	3787	,	19	,	8	)
(	3788	,	20	,	8	)
(	3789	,	21	,	8	)
(	3790	,	22	,	8	)
(	3791	,	23	,	8	)
(	3792	,	24	,	8	)
(	3793	,	1	,	7	)
(	3794	,	2	,	7	)
(	3795	,	3	,	7	)
(	3796	,	4	,	7	)
(	3797	,	5	,	7	)
(	3798	,	6	,	7	)
(	3799	,	7	,	7	)
(	3800	,	8	,	7	)
(	3801	,	9	,	7	)
(	3802	,	10	,	7	)
(	3803	,	11	,	7	)
(	3804	,	12	,	7	)
(	3805	,	13	,	7	)
(	3806	,	14	,	7	)
(	3807	,	15	,	7	)
(	3808	,	16	,	7	)
(	3809	,	17	,	7	)
(	3810	,	18	,	7	)
(	3811	,	19	,	7	)
(	3812	,	20	,	7	)
(	3813	,	21	,	7	)
(	3814	,	22	,	7	)
(	3815	,	23	,	7	)
(	3816	,	24	,	7	)
(	3817	,	1	,	7	)
(	3818	,	2	,	7	)
(	3819	,	3	,	7	)
(	3820	,	4	,	7	)
(	3821	,	5	,	7	)
(	3822	,	6	,	7	)
(	3823	,	7	,	7	)
(	3824	,	8	,	7	)
(	3825	,	9	,	7	)
(	3826	,	10	,	7	)
(	3827	,	11	,	7	)
(	3828	,	12	,	7	)
(	3829	,	13	,	7	)
(	3830	,	14	,	7	)
(	3831	,	15	,	7	)
(	3832	,	16	,	7	)
(	3833	,	17	,	7	)
(	3834	,	18	,	7	)
(	3835	,	19	,	7	)
(	3836	,	20	,	7	)
(	3837	,	21	,	7	)
(	3838	,	22	,	7	)
(	3839	,	23	,	7	)
(	3840	,	24	,	7	)
(	3841	,	1	,	13	)
(	3842	,	2	,	13	)
(	3843	,	3	,	13	)
(	3844	,	4	,	13	)
(	3845	,	5	,	13	)
(	3846	,	6	,	13	)
(	3847	,	7	,	13	)
(	3848	,	8	,	13	)
(	3849	,	9	,	13	)
(	3850	,	10	,	13	)
(	3851	,	11	,	13	)
(	3852	,	12	,	13	)
(	3853	,	13	,	13	)
(	3854	,	14	,	13	)
(	3855	,	15	,	13	)
(	3856	,	16	,	13	)
(	3857	,	17	,	13	)
(	3858	,	18	,	13	)
(	3859	,	19	,	13	)
(	3860	,	20	,	13	)
(	3861	,	21	,	13	)
(	3862	,	22	,	13	)
(	3863	,	23	,	13	)
(	3864	,	24	,	13	)
(	3865	,	1	,	2	)
(	3866	,	2	,	2	)
(	3867	,	3	,	2	)
(	3868	,	4	,	2	)
(	3869	,	5	,	2	)
(	3870	,	6	,	2	)
(	3871	,	7	,	2	)
(	3872	,	8	,	2	)
(	3873	,	9	,	2	)
(	3874	,	10	,	2	)
(	3875	,	11	,	2	)
(	3876	,	12	,	2	)
(	3877	,	13	,	2	)
(	3878	,	14	,	2	)
(	3879	,	15	,	2	)
(	3880	,	16	,	2	)
(	3881	,	17	,	2	)
(	3882	,	18	,	2	)
(	3883	,	19	,	2	)
(	3884	,	20	,	2	)
(	3885	,	21	,	2	)
(	3886	,	22	,	2	)
(	3887	,	23	,	2	)
(	3888	,	24	,	2	)
(	3889	,	1	,	8	)
(	3890	,	2	,	8	)
(	3891	,	3	,	8	)
(	3892	,	4	,	8	)
(	3893	,	5	,	8	)
(	3894	,	6	,	8	)
(	3895	,	7	,	8	)
(	3896	,	8	,	8	)
(	3897	,	9	,	8	)
(	3898	,	10	,	8	)
(	3899	,	11	,	8	)
(	3900	,	12	,	8	)
(	3901	,	13	,	8	)
(	3902	,	14	,	8	)
(	3903	,	15	,	8	)
(	3904	,	16	,	8	)
(	3905	,	17	,	8	)
(	3906	,	18	,	8	)
(	3907	,	19	,	8	)
(	3908	,	20	,	8	)
(	3909	,	21	,	8	)
(	3910	,	22	,	8	)
(	3911	,	23	,	8	)
(	3912	,	24	,	8	)
(	3913	,	1	,	8	)
(	3914	,	2	,	8	)
(	3915	,	3	,	8	)
(	3916	,	4	,	8	)
(	3917	,	5	,	8	)
(	3918	,	6	,	8	)
(	3919	,	7	,	8	)
(	3920	,	8	,	8	)
(	3921	,	9	,	8	)
(	3922	,	10	,	8	)
(	3923	,	11	,	8	)
(	3924	,	12	,	8	)
(	3925	,	13	,	8	)
(	3926	,	14	,	8	)
(	3927	,	15	,	8	)
(	3928	,	16	,	8	)
(	3929	,	17	,	8	)
(	3930	,	18	,	8	)
(	3931	,	19	,	8	)
(	3932	,	20	,	8	)
(	3933	,	21	,	8	)
(	3934	,	22	,	8	)
(	3935	,	23	,	8	)
(	3936	,	24	,	8	)
(	3937	,	1	,	8	)
(	3938	,	2	,	8	)
(	3939	,	3	,	8	)
(	3940	,	4	,	8	)
(	3941	,	5	,	8	)
(	3942	,	6	,	8	)
(	3943	,	7	,	8	)
(	3944	,	8	,	8	)
(	3945	,	9	,	8	)
(	3946	,	10	,	8	)
(	3947	,	11	,	8	)
(	3948	,	12	,	8	)
(	3949	,	13	,	8	)
(	3950	,	14	,	8	)
(	3951	,	15	,	8	)
(	3952	,	16	,	8	)
(	3953	,	17	,	8	)
(	3954	,	18	,	8	)
(	3955	,	19	,	8	)
(	3956	,	20	,	8	)
(	3957	,	21	,	8	)
(	3958	,	22	,	8	)
(	3959	,	23	,	8	)
(	3960	,	24	,	8	)
(	3961	,	1	,	7	)
(	3962	,	2	,	7	)
(	3963	,	3	,	7	)
(	3964	,	4	,	7	)
(	3965	,	5	,	7	)
(	3966	,	6	,	7	)
(	3967	,	7	,	7	)
(	3968	,	8	,	7	)
(	3969	,	9	,	7	)
(	3970	,	10	,	7	)
(	3971	,	11	,	7	)
(	3972	,	12	,	7	)
(	3973	,	13	,	7	)
(	3974	,	14	,	7	)
(	3975	,	15	,	7	)
(	3976	,	16	,	7	)
(	3977	,	17	,	7	)
(	3978	,	18	,	7	)
(	3979	,	19	,	7	)
(	3980	,	20	,	7	)
(	3981	,	21	,	7	)
(	3982	,	22	,	7	)
(	3983	,	23	,	7	)
(	3984	,	24	,	7	)
(	3985	,	1	,	6	)
(	3986	,	2	,	6	)
(	3987	,	3	,	6	)
(	3988	,	4	,	6	)
(	3989	,	5	,	6	)
(	3990	,	6	,	6	)
(	3991	,	7	,	6	)
(	3992	,	8	,	6	)
(	3993	,	9	,	6	)
(	3994	,	10	,	6	)
(	3995	,	11	,	6	)
(	3996	,	12	,	6	)
(	3997	,	13	,	6	)
(	3998	,	14	,	6	)
(	3999	,	15	,	6	)
(	4000	,	16	,	6	)
(	4001	,	17	,	6	)
(	4002	,	18	,	6	)
(	4003	,	19	,	6	)
(	4004	,	20	,	6	)
(	4005	,	21	,	6	)
(	4006	,	22	,	6	)
(	4007	,	23	,	6	)
(	4008	,	24	,	6	)
(	4009	,	1	,	2	)
(	4010	,	2	,	2	)
(	4011	,	3	,	2	)
(	4012	,	4	,	2	)
(	4013	,	5	,	2	)
(	4014	,	6	,	2	)
(	4015	,	7	,	2	)
(	4016	,	8	,	2	)
(	4017	,	9	,	2	)
(	4018	,	10	,	2	)
(	4019	,	11	,	2	)
(	4020	,	12	,	2	)
(	4021	,	13	,	2	)
(	4022	,	14	,	2	)
(	4023	,	15	,	2	)
(	4024	,	16	,	2	)
(	4025	,	17	,	2	)
(	4026	,	18	,	2	)
(	4027	,	19	,	2	)
(	4028	,	20	,	2	)
(	4029	,	21	,	2	)
(	4030	,	22	,	2	)
(	4031	,	23	,	2	)
(	4032	,	24	,	2	)
(	4033	,	1	,	8	)
(	4034	,	2	,	8	)
(	4035	,	3	,	8	)
(	4036	,	4	,	8	)
(	4037	,	5	,	8	)
(	4038	,	6	,	8	)
(	4039	,	7	,	8	)
(	4040	,	8	,	8	)
(	4041	,	9	,	8	)
(	4042	,	10	,	8	)
(	4043	,	11	,	8	)
(	4044	,	12	,	8	)
(	4045	,	13	,	8	)
(	4046	,	14	,	8	)
(	4047	,	15	,	8	)
(	4048	,	16	,	8	)
(	4049	,	17	,	8	)
(	4050	,	18	,	8	)
(	4051	,	19	,	8	)
(	4052	,	20	,	8	)
(	4053	,	21	,	8	)
(	4054	,	22	,	8	)
(	4055	,	23	,	8	)
(	4056	,	24	,	8	)
(	4057	,	1	,	8	)
(	4058	,	2	,	8	)
(	4059	,	3	,	8	)
(	4060	,	4	,	8	)
(	4061	,	5	,	8	)
(	4062	,	6	,	8	)
(	4063	,	7	,	8	)
(	4064	,	8	,	8	)
(	4065	,	9	,	8	)
(	4066	,	10	,	8	)
(	4067	,	11	,	8	)
(	4068	,	12	,	8	)
(	4069	,	13	,	8	)
(	4070	,	14	,	8	)
(	4071	,	15	,	8	)
(	4072	,	16	,	8	)
(	4073	,	17	,	8	)
(	4074	,	18	,	8	)
(	4075	,	19	,	8	)
(	4076	,	20	,	8	)
(	4077	,	21	,	8	)
(	4078	,	22	,	8	)
(	4079	,	23	,	8	)
(	4080	,	24	,	8	)
(	4081	,	1	,	8	)
(	4082	,	2	,	8	)
(	4083	,	3	,	8	)
(	4084	,	4	,	8	)
(	4085	,	5	,	8	)
(	4086	,	6	,	8	)
(	4087	,	7	,	8	)
(	4088	,	8	,	8	)
(	4089	,	9	,	8	)
(	4090	,	10	,	8	)
(	4091	,	11	,	8	)
(	4092	,	12	,	8	)
(	4093	,	13	,	8	)
(	4094	,	14	,	8	)
(	4095	,	15	,	8	)
(	4096	,	16	,	8	)
(	4097	,	17	,	8	)
(	4098	,	18	,	8	)
(	4099	,	19	,	8	)
(	4100	,	20	,	8	)
(	4101	,	21	,	8	)
(	4102	,	22	,	8	)
(	4103	,	23	,	8	)
(	4104	,	24	,	8	)
(	4105	,	1	,	8	)
(	4106	,	2	,	8	)
(	4107	,	3	,	8	)
(	4108	,	4	,	8	)
(	4109	,	5	,	8	)
(	4110	,	6	,	8	)
(	4111	,	7	,	8	)
(	4112	,	8	,	8	)
(	4113	,	9	,	8	)
(	4114	,	10	,	8	)
(	4115	,	11	,	8	)
(	4116	,	12	,	8	)
(	4117	,	13	,	8	)
(	4118	,	14	,	8	)
(	4119	,	15	,	8	)
(	4120	,	16	,	8	)
(	4121	,	17	,	8	)
(	4122	,	18	,	8	)
(	4123	,	19	,	8	)
(	4124	,	20	,	8	)
(	4125	,	21	,	8	)
(	4126	,	22	,	8	)
(	4127	,	23	,	8	)
(	4128	,	24	,	8	)
(	4129	,	1	,	9	)
(	4130	,	2	,	9	)
(	4131	,	3	,	9	)
(	4132	,	4	,	9	)
(	4133	,	5	,	9	)
(	4134	,	6	,	9	)
(	4135	,	7	,	9	)
(	4136	,	8	,	9	)
(	4137	,	9	,	9	)
(	4138	,	10	,	9	)
(	4139	,	11	,	9	)
(	4140	,	12	,	9	)
(	4141	,	13	,	9	)
(	4142	,	14	,	9	)
(	4143	,	15	,	9	)
(	4144	,	16	,	9	)
(	4145	,	17	,	9	)
(	4146	,	18	,	9	)
(	4147	,	19	,	9	)
(	4148	,	20	,	9	)
(	4149	,	21	,	9	)
(	4150	,	22	,	9	)
(	4151	,	23	,	9	)
(	4152	,	24	,	9	)
(	4153	,	1	,	9	)
(	4154	,	2	,	9	)
(	4155	,	3	,	9	)
(	4156	,	4	,	9	)
(	4157	,	5	,	9	)
(	4158	,	6	,	9	)
(	4159	,	7	,	9	)
(	4160	,	8	,	9	)
(	4161	,	9	,	9	)
(	4162	,	10	,	9	)
(	4163	,	11	,	9	)
(	4164	,	12	,	9	)
(	4165	,	13	,	9	)
(	4166	,	14	,	9	)
(	4167	,	15	,	9	)
(	4168	,	16	,	9	)
(	4169	,	17	,	9	)
(	4170	,	18	,	9	)
(	4171	,	19	,	9	)
(	4172	,	20	,	9	)
(	4173	,	21	,	9	)
(	4174	,	22	,	9	)
(	4175	,	23	,	9	)
(	4176	,	24	,	9	)
(	4177	,	1	,	2	)
(	4178	,	2	,	2	)
(	4179	,	3	,	2	)
(	4180	,	4	,	2	)
(	4181	,	5	,	2	)
(	4182	,	6	,	2	)
(	4183	,	7	,	2	)
(	4184	,	8	,	2	)
(	4185	,	9	,	2	)
(	4186	,	10	,	2	)
(	4187	,	11	,	2	)
(	4188	,	12	,	2	)
(	4189	,	13	,	2	)
(	4190	,	14	,	2	)
(	4191	,	15	,	2	)
(	4192	,	16	,	2	)
(	4193	,	17	,	2	)
(	4194	,	18	,	2	)
(	4195	,	19	,	2	)
(	4196	,	20	,	2	)
(	4197	,	21	,	2	)
(	4198	,	22	,	2	)
(	4199	,	23	,	2	)
(	4200	,	24	,	2	)
(	4201	,	1	,	8	)
(	4202	,	2	,	8	)
(	4203	,	3	,	8	)
(	4204	,	4	,	8	)
(	4205	,	5	,	8	)
(	4206	,	6	,	8	)
(	4207	,	7	,	8	)
(	4208	,	8	,	8	)
(	4209	,	9	,	8	)
(	4210	,	10	,	8	)
(	4211	,	11	,	8	)
(	4212	,	12	,	8	)
(	4213	,	13	,	8	)
(	4214	,	14	,	8	)
(	4215	,	15	,	8	)
(	4216	,	16	,	8	)
(	4217	,	17	,	8	)
(	4218	,	18	,	8	)
(	4219	,	19	,	8	)
(	4220	,	20	,	8	)
(	4221	,	21	,	8	)
(	4222	,	22	,	8	)
(	4223	,	23	,	8	)
(	4224	,	24	,	8	)
(	4225	,	1	,	8	)
(	4226	,	2	,	8	)
(	4227	,	3	,	8	)
(	4228	,	4	,	8	)
(	4229	,	5	,	8	)
(	4230	,	6	,	8	)
(	4231	,	7	,	8	)
(	4232	,	8	,	8	)
(	4233	,	9	,	8	)
(	4234	,	10	,	8	)
(	4235	,	11	,	8	)
(	4236	,	12	,	8	)
(	4237	,	13	,	8	)
(	4238	,	14	,	8	)
(	4239	,	15	,	8	)
(	4240	,	16	,	8	)
(	4241	,	17	,	8	)
(	4242	,	18	,	8	)
(	4243	,	19	,	8	)
(	4244	,	20	,	8	)
(	4245	,	21	,	8	)
(	4246	,	22	,	8	)
(	4247	,	23	,	8	)
(	4248	,	24	,	8	)
(	4249	,	1	,	8	)
(	4250	,	2	,	8	)
(	4251	,	3	,	8	)
(	4252	,	4	,	8	)
(	4253	,	5	,	8	)
(	4254	,	6	,	8	)
(	4255	,	7	,	8	)
(	4256	,	8	,	8	)
(	4257	,	9	,	8	)
(	4258	,	10	,	8	)
(	4259	,	11	,	8	)
(	4260	,	12	,	8	)
(	4261	,	13	,	8	)
(	4262	,	14	,	8	)
(	4263	,	15	,	8	)
(	4264	,	16	,	8	)
(	4265	,	17	,	8	)
(	4266	,	18	,	8	)
(	4267	,	19	,	8	)
(	4268	,	20	,	8	)
(	4269	,	21	,	8	)
(	4270	,	22	,	8	)
(	4271	,	23	,	8	)
(	4272	,	24	,	8	)
(	4273	,	1	,	8	)
(	4274	,	2	,	8	)
(	4275	,	3	,	8	)
(	4276	,	4	,	8	)
(	4277	,	5	,	8	)
(	4278	,	6	,	8	)
(	4279	,	7	,	8	)
(	4280	,	8	,	8	)
(	4281	,	9	,	8	)
(	4282	,	10	,	8	)
(	4283	,	11	,	8	)
(	4284	,	12	,	8	)
(	4285	,	13	,	8	)
(	4286	,	14	,	8	)
(	4287	,	15	,	8	)
(	4288	,	16	,	8	)
(	4289	,	17	,	8	)
(	4290	,	18	,	8	)
(	4291	,	19	,	8	)
(	4292	,	20	,	8	)
(	4293	,	21	,	8	)
(	4294	,	22	,	8	)
(	4295	,	23	,	8	)
(	4296	,	24	,	8	)
(	4297	,	1	,	7	)
(	4298	,	2	,	7	)
(	4299	,	3	,	7	)
(	4300	,	4	,	7	)
(	4301	,	5	,	7	)
(	4302	,	6	,	7	)
(	4303	,	7	,	7	)
(	4304	,	8	,	7	)
(	4305	,	9	,	7	)
(	4306	,	10	,	7	)
(	4307	,	11	,	7	)
(	4308	,	12	,	7	)
(	4309	,	13	,	7	)
(	4310	,	14	,	7	)
(	4311	,	15	,	7	)
(	4312	,	16	,	7	)
(	4313	,	17	,	7	)
(	4314	,	18	,	7	)
(	4315	,	19	,	7	)
(	4316	,	20	,	7	)
(	4317	,	21	,	7	)
(	4318	,	22	,	7	)
(	4319	,	23	,	7	)
(	4320	,	24	,	7	)
(	4321	,	1	,	7	)
(	4322	,	2	,	7	)
(	4323	,	3	,	7	)
(	4324	,	4	,	7	)
(	4325	,	5	,	7	)
(	4326	,	6	,	7	)
(	4327	,	7	,	7	)
(	4328	,	8	,	7	)
(	4329	,	9	,	7	)
(	4330	,	10	,	7	)
(	4331	,	11	,	7	)
(	4332	,	12	,	7	)
(	4333	,	13	,	7	)
(	4334	,	14	,	7	)
(	4335	,	15	,	7	)
(	4336	,	16	,	7	)
(	4337	,	17	,	7	)
(	4338	,	18	,	7	)
(	4339	,	19	,	7	)
(	4340	,	20	,	7	)
(	4341	,	21	,	7	)
(	4342	,	22	,	7	)
(	4343	,	23	,	7	)
(	4344	,	24	,	7	)
(	4345	,	1	,	8	)
(	4346	,	2	,	8	)
(	4347	,	3	,	8	)
(	4348	,	4	,	8	)
(	4349	,	5	,	8	)
(	4350	,	6	,	8	)
(	4351	,	7	,	8	)
(	4352	,	8	,	8	)
(	4353	,	9	,	8	)
(	4354	,	10	,	8	)
(	4355	,	11	,	8	)
(	4356	,	12	,	8	)
(	4357	,	13	,	8	)
(	4358	,	14	,	8	)
(	4359	,	15	,	8	)
(	4360	,	16	,	8	)
(	4361	,	17	,	8	)
(	4362	,	18	,	8	)
(	4363	,	19	,	8	)
(	4364	,	20	,	8	)
(	4365	,	21	,	8	)
(	4366	,	22	,	8	)
(	4367	,	23	,	8	)
(	4368	,	24	,	8	)
(	4369	,	1	,	11	)
(	4370	,	2	,	11	)
(	4371	,	3	,	11	)
(	4372	,	4	,	11	)
(	4373	,	5	,	11	)
(	4374	,	6	,	11	)
(	4375	,	7	,	11	)
(	4376	,	8	,	11	)
(	4377	,	9	,	11	)
(	4378	,	10	,	11	)
(	4379	,	11	,	11	)
(	4380	,	12	,	11	)
(	4381	,	13	,	11	)
(	4382	,	14	,	11	)
(	4383	,	15	,	11	)
(	4384	,	16	,	11	)
(	4385	,	17	,	11	)
(	4386	,	18	,	11	)
(	4387	,	19	,	11	)
(	4388	,	20	,	11	)
(	4389	,	21	,	11	)
(	4390	,	22	,	11	)
(	4391	,	23	,	11	)
(	4392	,	24	,	11	)
(	4393	,	1	,	9	)
(	4394	,	2	,	9	)
(	4395	,	3	,	9	)
(	4396	,	4	,	9	)
(	4397	,	5	,	9	)
(	4398	,	6	,	9	)
(	4399	,	7	,	9	)
(	4400	,	8	,	9	)
(	4401	,	9	,	9	)
(	4402	,	10	,	9	)
(	4403	,	11	,	9	)
(	4404	,	12	,	9	)
(	4405	,	13	,	9	)
(	4406	,	14	,	9	)
(	4407	,	15	,	9	)
(	4408	,	16	,	9	)
(	4409	,	17	,	9	)
(	4410	,	18	,	9	)
(	4411	,	19	,	9	)
(	4412	,	20	,	9	)
(	4413	,	21	,	9	)
(	4414	,	22	,	9	)
(	4415	,	23	,	9	)
(	4416	,	24	,	9	)
(	4417	,	1	,	9	)
(	4418	,	2	,	9	)
(	4419	,	3	,	9	)
(	4420	,	4	,	9	)
(	4421	,	5	,	9	)
(	4422	,	6	,	9	)
(	4423	,	7	,	9	)
(	4424	,	8	,	9	)
(	4425	,	9	,	9	)
(	4426	,	10	,	9	)
(	4427	,	11	,	9	)
(	4428	,	12	,	9	)
(	4429	,	13	,	9	)
(	4430	,	14	,	9	)
(	4431	,	15	,	9	)
(	4432	,	16	,	9	)
(	4433	,	17	,	9	)
(	4434	,	18	,	9	)
(	4435	,	19	,	9	)
(	4436	,	20	,	9	)
(	4437	,	21	,	9	)
(	4438	,	22	,	9	)
(	4439	,	23	,	9	)
(	4440	,	24	,	9	)
(	4441	,	1	,	11	)
(	4442	,	2	,	11	)
(	4443	,	3	,	11	)
(	4444	,	4	,	11	)
(	4445	,	5	,	11	)
(	4446	,	6	,	11	)
(	4447	,	7	,	11	)
(	4448	,	8	,	11	)
(	4449	,	9	,	11	)
(	4450	,	10	,	11	)
(	4451	,	11	,	11	)
(	4452	,	12	,	11	)
(	4453	,	13	,	11	)
(	4454	,	14	,	11	)
(	4455	,	15	,	11	)
(	4456	,	16	,	11	)
(	4457	,	17	,	11	)
(	4458	,	18	,	11	)
(	4459	,	19	,	11	)
(	4460	,	20	,	11	)
(	4461	,	21	,	11	)
(	4462	,	22	,	11	)
(	4463	,	23	,	11	)
(	4464	,	24	,	11	)
(	4465	,	1	,	9	)
(	4466	,	2	,	9	)
(	4467	,	3	,	9	)
(	4468	,	4	,	9	)
(	4469	,	5	,	9	)
(	4470	,	6	,	9	)
(	4471	,	7	,	9	)
(	4472	,	8	,	9	)
(	4473	,	9	,	9	)
(	4474	,	10	,	9	)
(	4475	,	11	,	9	)
(	4476	,	12	,	9	)
(	4477	,	13	,	9	)
(	4478	,	14	,	9	)
(	4479	,	15	,	9	)
(	4480	,	16	,	9	)
(	4481	,	17	,	9	)
(	4482	,	18	,	9	)
(	4483	,	19	,	9	)
(	4484	,	20	,	9	)
(	4485	,	21	,	9	)
(	4486	,	22	,	9	)
(	4487	,	23	,	9	)
(	4488	,	24	,	9	)
(	4489	,	1	,	9	)
(	4490	,	2	,	9	)
(	4491	,	3	,	9	)
(	4492	,	4	,	9	)
(	4493	,	5	,	9	)
(	4494	,	6	,	9	)
(	4495	,	7	,	9	)
(	4496	,	8	,	9	)
(	4497	,	9	,	9	)
(	4498	,	10	,	9	)
(	4499	,	11	,	9	)
(	4500	,	12	,	9	)
(	4501	,	13	,	9	)
(	4502	,	14	,	9	)
(	4503	,	15	,	9	)
(	4504	,	16	,	9	)
(	4505	,	17	,	9	)
(	4506	,	18	,	9	)
(	4507	,	19	,	9	)
(	4508	,	20	,	9	)
(	4509	,	21	,	9	)
(	4510	,	22	,	9	)
(	4511	,	23	,	9	)
(	4512	,	24	,	9	)
(	4513	,	1	,	11	)
(	4514	,	2	,	11	)
(	4515	,	3	,	11	)
(	4516	,	4	,	11	)
(	4517	,	5	,	11	)
(	4518	,	6	,	11	)
(	4519	,	7	,	11	)
(	4520	,	8	,	11	)
(	4521	,	9	,	11	)
(	4522	,	10	,	11	)
(	4523	,	11	,	11	)
(	4524	,	12	,	11	)
(	4525	,	13	,	11	)
(	4526	,	14	,	11	)
(	4527	,	15	,	11	)
(	4528	,	16	,	11	)
(	4529	,	17	,	11	)
(	4530	,	18	,	11	)
(	4531	,	19	,	11	)
(	4532	,	20	,	11	)
(	4533	,	21	,	11	)
(	4534	,	22	,	11	)
(	4535	,	23	,	11	)
(	4536	,	24	,	11	)
(	4537	,	1	,	9	)
(	4538	,	2	,	9	)
(	4539	,	3	,	9	)
(	4540	,	4	,	9	)
(	4541	,	5	,	9	)
(	4542	,	6	,	9	)
(	4543	,	7	,	9	)
(	4544	,	8	,	9	)
(	4545	,	9	,	9	)
(	4546	,	10	,	9	)
(	4547	,	11	,	9	)
(	4548	,	12	,	9	)
(	4549	,	13	,	9	)
(	4550	,	14	,	9	)
(	4551	,	15	,	9	)
(	4552	,	16	,	9	)
(	4553	,	17	,	9	)
(	4554	,	18	,	9	)
(	4555	,	19	,	9	)
(	4556	,	20	,	9	)
(	4557	,	21	,	9	)
(	4558	,	22	,	9	)
(	4559	,	23	,	9	)
(	4560	,	24	,	9	)
(	4561	,	1	,	9	)
(	4562	,	2	,	9	)
(	4563	,	3	,	9	)
(	4564	,	4	,	9	)
(	4565	,	5	,	9	)
(	4566	,	6	,	9	)
(	4567	,	7	,	9	)
(	4568	,	8	,	9	)
(	4569	,	9	,	9	)
(	4570	,	10	,	9	)
(	4571	,	11	,	9	)
(	4572	,	12	,	9	)
(	4573	,	13	,	9	)
(	4574	,	14	,	9	)
(	4575	,	15	,	9	)
(	4576	,	16	,	9	)
(	4577	,	17	,	9	)
(	4578	,	18	,	9	)
(	4579	,	19	,	9	)
(	4580	,	20	,	9	)
(	4581	,	21	,	9	)
(	4582	,	22	,	9	)
(	4583	,	23	,	9	)
(	4584	,	24	,	9	)
(	4585	,	1	,	11	)
(	4586	,	2	,	11	)
(	4587	,	3	,	11	)
(	4588	,	4	,	11	)
(	4589	,	5	,	11	)
(	4590	,	6	,	11	)
(	4591	,	7	,	11	)
(	4592	,	8	,	11	)
(	4593	,	9	,	11	)
(	4594	,	10	,	11	)
(	4595	,	11	,	11	)
(	4596	,	12	,	11	)
(	4597	,	13	,	11	)
(	4598	,	14	,	11	)
(	4599	,	15	,	11	)
(	4600	,	16	,	11	)
(	4601	,	17	,	11	)
(	4602	,	18	,	11	)
(	4603	,	19	,	11	)
(	4604	,	20	,	11	)
(	4605	,	21	,	11	)
(	4606	,	22	,	11	)
(	4607	,	23	,	11	)
(	4608	,	24	,	11	)
(	4609	,	1	,	9	)
(	4610	,	2	,	9	)
(	4611	,	3	,	9	)
(	4612	,	4	,	9	)
(	4613	,	5	,	9	)
(	4614	,	6	,	9	)
(	4615	,	7	,	9	)
(	4616	,	8	,	9	)
(	4617	,	9	,	9	)
(	4618	,	10	,	9	)
(	4619	,	11	,	9	)
(	4620	,	12	,	9	)
(	4621	,	13	,	9	)
(	4622	,	14	,	9	)
(	4623	,	15	,	9	)
(	4624	,	16	,	9	)
(	4625	,	17	,	9	)
(	4626	,	18	,	9	)
(	4627	,	19	,	9	)
(	4628	,	20	,	9	)
(	4629	,	21	,	9	)
(	4630	,	22	,	9	)
(	4631	,	23	,	9	)
(	4632	,	24	,	9	)
(	4633	,	1	,	9	)
(	4634	,	2	,	9	)
(	4635	,	3	,	9	)
(	4636	,	4	,	9	)
(	4637	,	5	,	9	)
(	4638	,	6	,	9	)
(	4639	,	7	,	9	)
(	4640	,	8	,	9	)
(	4641	,	9	,	9	)
(	4642	,	10	,	9	)
(	4643	,	11	,	9	)
(	4644	,	12	,	9	)
(	4645	,	13	,	9	)
(	4646	,	14	,	9	)
(	4647	,	15	,	9	)
(	4648	,	16	,	9	)
(	4649	,	17	,	9	)
(	4650	,	18	,	9	)
(	4651	,	19	,	9	)
(	4652	,	20	,	9	)
(	4653	,	21	,	9	)
(	4654	,	22	,	9	)
(	4655	,	23	,	9	)
(	4656	,	24	,	9	)
(	4657	,	1	,	9	)
(	4658	,	2	,	9	)
(	4659	,	3	,	9	)
(	4660	,	4	,	9	)
(	4661	,	5	,	9	)
(	4662	,	6	,	9	)
(	4663	,	7	,	9	)
(	4664	,	8	,	9	)
(	4665	,	9	,	9	)
(	4666	,	10	,	9	)
(	4667	,	11	,	9	)
(	4668	,	12	,	9	)
(	4669	,	13	,	9	)
(	4670	,	14	,	9	)
(	4671	,	15	,	9	)
(	4672	,	16	,	9	)
(	4673	,	17	,	9	)
(	4674	,	18	,	9	)
(	4675	,	19	,	9	)
(	4676	,	20	,	9	)
(	4677	,	21	,	9	)
(	4678	,	22	,	9	)
(	4679	,	23	,	9	)
(	4680	,	24	,	9	)
(	4681	,	1	,	9	)
(	4682	,	2	,	9	)
(	4683	,	3	,	9	)
(	4684	,	4	,	9	)
(	4685	,	5	,	9	)
(	4686	,	6	,	9	)
(	4687	,	7	,	9	)
(	4688	,	8	,	9	)
(	4689	,	9	,	9	)
(	4690	,	10	,	9	)
(	4691	,	11	,	9	)
(	4692	,	12	,	9	)
(	4693	,	13	,	9	)
(	4694	,	14	,	9	)
(	4695	,	15	,	9	)
(	4696	,	16	,	9	)
(	4697	,	17	,	9	)
(	4698	,	18	,	9	)
(	4699	,	19	,	9	)
(	4700	,	20	,	9	)
(	4701	,	21	,	9	)
(	4702	,	22	,	9	)
(	4703	,	23	,	9	)
(	4704	,	24	,	9	)
(	4705	,	1	,	9	)
(	4706	,	2	,	9	)
(	4707	,	3	,	9	)
(	4708	,	4	,	9	)
(	4709	,	5	,	9	)
(	4710	,	6	,	9	)
(	4711	,	7	,	9	)
(	4712	,	8	,	9	)
(	4713	,	9	,	9	)
(	4714	,	10	,	9	)
(	4715	,	11	,	9	)
(	4716	,	12	,	9	)
(	4717	,	13	,	9	)
(	4718	,	14	,	9	)
(	4719	,	15	,	9	)
(	4720	,	16	,	9	)
(	4721	,	17	,	9	)
(	4722	,	18	,	9	)
(	4723	,	19	,	9	)
(	4724	,	20	,	9	)
(	4725	,	21	,	9	)
(	4726	,	22	,	9	)
(	4727	,	23	,	9	)
(	4728	,	24	,	9	)
(	4729	,	1	,	11	)
(	4730	,	2	,	11	)
(	4731	,	3	,	11	)
(	4732	,	4	,	11	)
(	4733	,	5	,	11	)
(	4734	,	6	,	11	)
(	4735	,	7	,	11	)
(	4736	,	8	,	11	)
(	4737	,	9	,	11	)
(	4738	,	10	,	11	)
(	4739	,	11	,	11	)
(	4740	,	12	,	11	)
(	4741	,	13	,	11	)
(	4742	,	14	,	11	)
(	4743	,	15	,	11	)
(	4744	,	16	,	11	)
(	4745	,	17	,	11	)
(	4746	,	18	,	11	)
(	4747	,	19	,	11	)
(	4748	,	20	,	11	)
(	4749	,	21	,	11	)
(	4750	,	22	,	11	)
(	4751	,	23	,	11	)
(	4752	,	24	,	11	)
(	4753	,	1	,	11	)
(	4754	,	2	,	11	)
(	4755	,	3	,	11	)
(	4756	,	4	,	11	)
(	4757	,	5	,	11	)
(	4758	,	6	,	11	)
(	4759	,	7	,	11	)
(	4760	,	8	,	11	)
(	4761	,	9	,	11	)
(	4762	,	10	,	11	)
(	4763	,	11	,	11	)
(	4764	,	12	,	11	)
(	4765	,	13	,	11	)
(	4766	,	14	,	11	)
(	4767	,	15	,	11	)
(	4768	,	16	,	11	)
(	4769	,	17	,	11	)
(	4770	,	18	,	11	)
(	4771	,	19	,	11	)
(	4772	,	20	,	11	)
(	4773	,	21	,	11	)
(	4774	,	22	,	11	)
(	4775	,	23	,	11	)
(	4776	,	24	,	11	)
(	4777	,	1	,	9	)
(	4778	,	2	,	9	)
(	4779	,	3	,	9	)
(	4780	,	4	,	9	)
(	4781	,	5	,	9	)
(	4782	,	6	,	9	)
(	4783	,	7	,	9	)
(	4784	,	8	,	9	)
(	4785	,	9	,	9	)
(	4786	,	10	,	9	)
(	4787	,	11	,	9	)
(	4788	,	12	,	9	)
(	4789	,	13	,	9	)
(	4790	,	14	,	9	)
(	4791	,	15	,	9	)
(	4792	,	16	,	9	)
(	4793	,	17	,	9	)
(	4794	,	18	,	9	)
(	4795	,	19	,	9	)
(	4796	,	20	,	9	)
(	4797	,	21	,	9	)
(	4798	,	22	,	9	)
(	4799	,	23	,	9	)
(	4800	,	24	,	9	)
(	4801	,	1	,	9	)
(	4802	,	2	,	9	)
(	4803	,	3	,	9	)
(	4804	,	4	,	9	)
(	4805	,	5	,	9	)
(	4806	,	6	,	9	)
(	4807	,	7	,	9	)
(	4808	,	8	,	9	)
(	4809	,	9	,	9	)
(	4810	,	10	,	9	)
(	4811	,	11	,	9	)
(	4812	,	12	,	9	)
(	4813	,	13	,	9	)
(	4814	,	14	,	9	)
(	4815	,	15	,	9	)
(	4816	,	16	,	9	)
(	4817	,	17	,	9	)
(	4818	,	18	,	9	)
(	4819	,	19	,	9	)
(	4820	,	20	,	9	)
(	4821	,	21	,	9	)
(	4822	,	22	,	9	)
(	4823	,	23	,	9	)
(	4824	,	24	,	9	)
(	4825	,	1	,	9	)
(	4826	,	2	,	9	)
(	4827	,	3	,	9	)
(	4828	,	4	,	9	)
(	4829	,	5	,	9	)
(	4830	,	6	,	9	)
(	4831	,	7	,	9	)
(	4832	,	8	,	9	)
(	4833	,	9	,	9	)
(	4834	,	10	,	9	)
(	4835	,	11	,	9	)
(	4836	,	12	,	9	)
(	4837	,	13	,	9	)
(	4838	,	14	,	9	)
(	4839	,	15	,	9	)
(	4840	,	16	,	9	)
(	4841	,	17	,	9	)
(	4842	,	18	,	9	)
(	4843	,	19	,	9	)
(	4844	,	20	,	9	)
(	4845	,	21	,	9	)
(	4846	,	22	,	9	)
(	4847	,	23	,	9	)
(	4848	,	24	,	9	)
(	4849	,	1	,	9	)
(	4850	,	2	,	9	)
(	4851	,	3	,	9	)
(	4852	,	4	,	9	)
(	4853	,	5	,	9	)
(	4854	,	6	,	9	)
(	4855	,	7	,	9	)
(	4856	,	8	,	9	)
(	4857	,	9	,	9	)
(	4858	,	10	,	9	)
(	4859	,	11	,	9	)
(	4860	,	12	,	9	)
(	4861	,	13	,	9	)
(	4862	,	14	,	9	)
(	4863	,	15	,	9	)
(	4864	,	16	,	9	)
(	4865	,	17	,	9	)
(	4866	,	18	,	9	)
(	4867	,	19	,	9	)
(	4868	,	20	,	9	)
(	4869	,	21	,	9	)
(	4870	,	22	,	9	)
(	4871	,	23	,	9	)
(	4872	,	24	,	9	)
(	4873	,	1	,	9	)
(	4874	,	2	,	9	)
(	4875	,	3	,	9	)
(	4876	,	4	,	9	)
(	4877	,	5	,	9	)
(	4878	,	6	,	9	)
(	4879	,	7	,	9	)
(	4880	,	8	,	9	)
(	4881	,	9	,	9	)
(	4882	,	10	,	9	)
(	4883	,	11	,	9	)
(	4884	,	12	,	9	)
(	4885	,	13	,	9	)
(	4886	,	14	,	9	)
(	4887	,	15	,	9	)
(	4888	,	16	,	9	)
(	4889	,	17	,	9	)
(	4890	,	18	,	9	)
(	4891	,	19	,	9	)
(	4892	,	20	,	9	)
(	4893	,	21	,	9	)
(	4894	,	22	,	9	)
(	4895	,	23	,	9	)
(	4896	,	24	,	9	)
(	4897	,	1	,	9	)
(	4898	,	2	,	9	)
(	4899	,	3	,	9	)
(	4900	,	4	,	9	)
(	4901	,	5	,	9	)
(	4902	,	6	,	9	)
(	4903	,	7	,	9	)
(	4904	,	8	,	9	)
(	4905	,	9	,	9	)
(	4906	,	10	,	9	)
(	4907	,	11	,	9	)
(	4908	,	12	,	9	)
(	4909	,	13	,	9	)
(	4910	,	14	,	9	)
(	4911	,	15	,	9	)
(	4912	,	16	,	9	)
(	4913	,	17	,	9	)
(	4914	,	18	,	9	)
(	4915	,	19	,	9	)
(	4916	,	20	,	9	)
(	4917	,	21	,	9	)
(	4918	,	22	,	9	)
(	4919	,	23	,	9	)
(	4920	,	24	,	9	)
(	4921	,	1	,	9	)
(	4922	,	2	,	9	)
(	4923	,	3	,	9	)
(	4924	,	4	,	9	)
(	4925	,	5	,	9	)
(	4926	,	6	,	9	)
(	4927	,	7	,	9	)
(	4928	,	8	,	9	)
(	4929	,	9	,	9	)
(	4930	,	10	,	9	)
(	4931	,	11	,	9	)
(	4932	,	12	,	9	)
(	4933	,	13	,	9	)
(	4934	,	14	,	9	)
(	4935	,	15	,	9	)
(	4936	,	16	,	9	)
(	4937	,	17	,	9	)
(	4938	,	18	,	9	)
(	4939	,	19	,	9	)
(	4940	,	20	,	9	)
(	4941	,	21	,	9	)
(	4942	,	22	,	9	)
(	4943	,	23	,	9	)
(	4944	,	24	,	9	)
(	4945	,	1	,	9	)
(	4946	,	2	,	9	)
(	4947	,	3	,	9	)
(	4948	,	4	,	9	)
(	4949	,	5	,	9	)
(	4950	,	6	,	9	)
(	4951	,	7	,	9	)
(	4952	,	8	,	9	)
(	4953	,	9	,	9	)
(	4954	,	10	,	9	)
(	4955	,	11	,	9	)
(	4956	,	12	,	9	)
(	4957	,	13	,	9	)
(	4958	,	14	,	9	)
(	4959	,	15	,	9	)
(	4960	,	16	,	9	)
(	4961	,	17	,	9	)
(	4962	,	18	,	9	)
(	4963	,	19	,	9	)
(	4964	,	20	,	9	)
(	4965	,	21	,	9	)
(	4966	,	22	,	9	)
(	4967	,	23	,	9	)
(	4968	,	24	,	9	)
(	4969	,	1	,	10	)
(	4970	,	2	,	10	)
(	4971	,	3	,	10	)
(	4972	,	4	,	10	)
(	4973	,	5	,	10	)
(	4974	,	6	,	10	)
(	4975	,	7	,	10	)
(	4976	,	8	,	10	)
(	4977	,	9	,	10	)
(	4978	,	10	,	10	)
(	4979	,	11	,	10	)
(	4980	,	12	,	10	)
(	4981	,	13	,	10	)
(	4982	,	14	,	10	)
(	4983	,	15	,	10	)
(	4984	,	16	,	10	)
(	4985	,	17	,	10	)
(	4986	,	18	,	10	)
(	4987	,	19	,	10	)
(	4988	,	20	,	10	)
(	4989	,	21	,	10	)
(	4990	,	22	,	10	)
(	4991	,	23	,	10	)
(	4992	,	24	,	10	)
(	4993	,	1	,	10	)
(	4994	,	2	,	10	)
(	4995	,	3	,	10	)
(	4996	,	4	,	10	)
(	4997	,	5	,	10	)
(	4998	,	6	,	10	)
(	4999	,	7	,	10	)
(	5000	,	8	,	10	)
(	5001	,	9	,	10	)
(	5002	,	10	,	10	)
(	5003	,	11	,	10	)
(	5004	,	12	,	10	)
(	5005	,	13	,	10	)
(	5006	,	14	,	10	)
(	5007	,	15	,	10	)
(	5008	,	16	,	10	)
(	5009	,	17	,	10	)
(	5010	,	18	,	10	)
(	5011	,	19	,	10	)
(	5012	,	20	,	10	)
(	5013	,	21	,	10	)
(	5014	,	22	,	10	)
(	5015	,	23	,	10	)
(	5016	,	24	,	10	)
(	5017	,	1	,	13	)
(	5018	,	2	,	13	)
(	5019	,	3	,	13	)
(	5020	,	4	,	13	)
(	5021	,	5	,	13	)
(	5022	,	6	,	13	)
(	5023	,	7	,	13	)
(	5024	,	8	,	13	)
(	5025	,	9	,	13	)
(	5026	,	10	,	13	)
(	5027	,	11	,	13	)
(	5028	,	12	,	13	)
(	5029	,	13	,	13	)
(	5030	,	14	,	13	)
(	5031	,	15	,	13	)
(	5032	,	16	,	13	)
(	5033	,	17	,	13	)
(	5034	,	18	,	13	)
(	5035	,	19	,	13	)
(	5036	,	20	,	13	)
(	5037	,	21	,	13	)
(	5038	,	22	,	13	)
(	5039	,	23	,	13	)
(	5040	,	24	,	13	)
(	5041	,	1	,	11	)
(	5042	,	2	,	11	)
(	5043	,	3	,	11	)
(	5044	,	4	,	11	)
(	5045	,	5	,	11	)
(	5046	,	6	,	11	)
(	5047	,	7	,	11	)
(	5048	,	8	,	11	)
(	5049	,	9	,	11	)
(	5050	,	10	,	11	)
(	5051	,	11	,	11	)
(	5052	,	12	,	11	)
(	5053	,	13	,	11	)
(	5054	,	14	,	11	)
(	5055	,	15	,	11	)
(	5056	,	16	,	11	)
(	5057	,	17	,	11	)
(	5058	,	18	,	11	)
(	5059	,	19	,	11	)
(	5060	,	20	,	11	)
(	5061	,	21	,	11	)
(	5062	,	22	,	11	)
(	5063	,	23	,	11	)
(	5064	,	24	,	11	)
(	5065	,	1	,	9	)
(	5066	,	2	,	9	)
(	5067	,	3	,	9	)
(	5068	,	4	,	9	)
(	5069	,	5	,	9	)
(	5070	,	6	,	9	)
(	5071	,	7	,	9	)
(	5072	,	8	,	9	)
(	5073	,	9	,	9	)
(	5074	,	10	,	9	)
(	5075	,	11	,	9	)
(	5076	,	12	,	9	)
(	5077	,	13	,	9	)
(	5078	,	14	,	9	)
(	5079	,	15	,	9	)
(	5080	,	16	,	9	)
(	5081	,	17	,	9	)
(	5082	,	18	,	9	)
(	5083	,	19	,	9	)
(	5084	,	20	,	9	)
(	5085	,	21	,	9	)
(	5086	,	22	,	9	)
(	5087	,	23	,	9	)
(	5088	,	24	,	9	)
(	5089	,	1	,	9	)
(	5090	,	2	,	9	)
(	5091	,	3	,	9	)
(	5092	,	4	,	9	)
(	5093	,	5	,	9	)
(	5094	,	6	,	9	)
(	5095	,	7	,	9	)
(	5096	,	8	,	9	)
(	5097	,	9	,	9	)
(	5098	,	10	,	9	)
(	5099	,	11	,	9	)
(	5100	,	12	,	9	)
(	5101	,	13	,	9	)
(	5102	,	14	,	9	)
(	5103	,	15	,	9	)
(	5104	,	16	,	9	)
(	5105	,	17	,	9	)
(	5106	,	18	,	9	)
(	5107	,	19	,	9	)
(	5108	,	20	,	9	)
(	5109	,	21	,	9	)
(	5110	,	22	,	9	)
(	5111	,	23	,	9	)
(	5112	,	24	,	9	)
(	5113	,	1	,	15	)
(	5114	,	2	,	15	)
(	5115	,	3	,	15	)
(	5116	,	4	,	15	)
(	5117	,	5	,	15	)
(	5118	,	6	,	15	)
(	5119	,	7	,	15	)
(	5120	,	8	,	15	)
(	5121	,	9	,	15	)
(	5122	,	10	,	15	)
(	5123	,	11	,	15	)
(	5124	,	12	,	15	)
(	5125	,	13	,	15	)
(	5126	,	14	,	15	)
(	5127	,	15	,	15	)
(	5128	,	16	,	15	)
(	5129	,	17	,	15	)
(	5130	,	18	,	15	)
(	5131	,	19	,	15	)
(	5132	,	20	,	15	)
(	5133	,	21	,	15	)
(	5134	,	22	,	15	)
(	5135	,	23	,	15	)
(	5136	,	24	,	15	)
(	5137	,	1	,	11	)
(	5138	,	2	,	11	)
(	5139	,	3	,	11	)
(	5140	,	4	,	11	)
(	5141	,	5	,	11	)
(	5142	,	6	,	11	)
(	5143	,	7	,	11	)
(	5144	,	8	,	11	)
(	5145	,	9	,	11	)
(	5146	,	10	,	11	)
(	5147	,	11	,	11	)
(	5148	,	12	,	11	)
(	5149	,	13	,	11	)
(	5150	,	14	,	11	)
(	5151	,	15	,	11	)
(	5152	,	16	,	11	)
(	5153	,	17	,	11	)
(	5154	,	18	,	11	)
(	5155	,	19	,	11	)
(	5156	,	20	,	11	)
(	5157	,	21	,	11	)
(	5158	,	22	,	11	)
(	5159	,	23	,	11	)
(	5160	,	24	,	11	)
(	5161	,	1	,	9	)
(	5162	,	2	,	9	)
(	5163	,	3	,	9	)
(	5164	,	4	,	9	)
(	5165	,	5	,	9	)
(	5166	,	6	,	9	)
(	5167	,	7	,	9	)
(	5168	,	8	,	9	)
(	5169	,	9	,	9	)
(	5170	,	10	,	9	)
(	5171	,	11	,	9	)
(	5172	,	12	,	9	)
(	5173	,	13	,	9	)
(	5174	,	14	,	9	)
(	5175	,	15	,	9	)
(	5176	,	16	,	9	)
(	5177	,	17	,	9	)
(	5178	,	18	,	9	)
(	5179	,	19	,	9	)
(	5180	,	20	,	9	)
(	5181	,	21	,	9	)
(	5182	,	22	,	9	)
(	5183	,	23	,	9	)
(	5184	,	24	,	9	)
(	5185	,	1	,	10	)
(	5186	,	2	,	10	)
(	5187	,	3	,	10	)
(	5188	,	4	,	10	)
(	5189	,	5	,	10	)
(	5190	,	6	,	10	)
(	5191	,	7	,	10	)
(	5192	,	8	,	10	)
(	5193	,	9	,	10	)
(	5194	,	10	,	10	)
(	5195	,	11	,	10	)
(	5196	,	12	,	10	)
(	5197	,	13	,	10	)
(	5198	,	14	,	10	)
(	5199	,	15	,	10	)
(	5200	,	16	,	10	)
(	5201	,	17	,	10	)
(	5202	,	18	,	10	)
(	5203	,	19	,	10	)
(	5204	,	20	,	10	)
(	5205	,	21	,	10	)
(	5206	,	22	,	10	)
(	5207	,	23	,	10	)
(	5208	,	24	,	10	)
(	5209	,	1	,	9	)
(	5210	,	2	,	9	)
(	5211	,	3	,	9	)
(	5212	,	4	,	9	)
(	5213	,	5	,	9	)
(	5214	,	6	,	9	)
(	5215	,	7	,	9	)
(	5216	,	8	,	9	)
(	5217	,	9	,	9	)
(	5218	,	10	,	9	)
(	5219	,	11	,	9	)
(	5220	,	12	,	9	)
(	5221	,	13	,	9	)
(	5222	,	14	,	9	)
(	5223	,	15	,	9	)
(	5224	,	16	,	9	)
(	5225	,	17	,	9	)
(	5226	,	18	,	9	)
(	5227	,	19	,	9	)
(	5228	,	20	,	9	)
(	5229	,	21	,	9	)
(	5230	,	22	,	9	)
(	5231	,	23	,	9	)
(	5232	,	24	,	9	)
(	5233	,	1	,	9	)
(	5234	,	2	,	9	)
(	5235	,	3	,	9	)
(	5236	,	4	,	9	)
(	5237	,	5	,	9	)
(	5238	,	6	,	9	)
(	5239	,	7	,	9	)
(	5240	,	8	,	9	)
(	5241	,	9	,	9	)
(	5242	,	10	,	9	)
(	5243	,	11	,	9	)
(	5244	,	12	,	9	)
(	5245	,	13	,	9	)
(	5246	,	14	,	9	)
(	5247	,	15	,	9	)
(	5248	,	16	,	9	)
(	5249	,	17	,	9	)
(	5250	,	18	,	9	)
(	5251	,	19	,	9	)
(	5252	,	20	,	9	)
(	5253	,	21	,	9	)
(	5254	,	22	,	9	)
(	5255	,	23	,	9	)
(	5256	,	24	,	9	)
(	5257	,	1	,	10	)
(	5258	,	2	,	10	)
(	5259	,	3	,	10	)
(	5260	,	4	,	10	)
(	5261	,	5	,	10	)
(	5262	,	6	,	10	)
(	5263	,	7	,	10	)
(	5264	,	8	,	10	)
(	5265	,	9	,	10	)
(	5266	,	10	,	10	)
(	5267	,	11	,	10	)
(	5268	,	12	,	10	)
(	5269	,	13	,	10	)
(	5270	,	14	,	10	)
(	5271	,	15	,	10	)
(	5272	,	16	,	10	)
(	5273	,	17	,	10	)
(	5274	,	18	,	10	)
(	5275	,	19	,	10	)
(	5276	,	20	,	10	)
(	5277	,	21	,	10	)
(	5278	,	22	,	10	)
(	5279	,	23	,	10	)
(	5280	,	24	,	10	)
(	5281	,	1	,	11	)
(	5282	,	2	,	11	)
(	5283	,	3	,	11	)
(	5284	,	4	,	11	)
(	5285	,	5	,	11	)
(	5286	,	6	,	11	)
(	5287	,	7	,	11	)
(	5288	,	8	,	11	)
(	5289	,	9	,	11	)
(	5290	,	10	,	11	)
(	5291	,	11	,	11	)
(	5292	,	12	,	11	)
(	5293	,	13	,	11	)
(	5294	,	14	,	11	)
(	5295	,	15	,	11	)
(	5296	,	16	,	11	)
(	5297	,	17	,	11	)
(	5298	,	18	,	11	)
(	5299	,	19	,	11	)
(	5300	,	20	,	11	)
(	5301	,	21	,	11	)
(	5302	,	22	,	11	)
(	5303	,	23	,	11	)
(	5304	,	24	,	11	)
(	5305	,	1	,	9	)
(	5306	,	2	,	9	)
(	5307	,	3	,	9	)
(	5308	,	4	,	9	)
(	5309	,	5	,	9	)
(	5310	,	6	,	9	)
(	5311	,	7	,	9	)
(	5312	,	8	,	9	)
(	5313	,	9	,	9	)
(	5314	,	10	,	9	)
(	5315	,	11	,	9	)
(	5316	,	12	,	9	)
(	5317	,	13	,	9	)
(	5318	,	14	,	9	)
(	5319	,	15	,	9	)
(	5320	,	16	,	9	)
(	5321	,	17	,	9	)
(	5322	,	18	,	9	)
(	5323	,	19	,	9	)
(	5324	,	20	,	9	)
(	5325	,	21	,	9	)
(	5326	,	22	,	9	)
(	5327	,	23	,	9	)
(	5328	,	24	,	9	)
(	5329	,	1	,	11	)
(	5330	,	2	,	11	)
(	5331	,	3	,	11	)
(	5332	,	4	,	11	)
(	5333	,	5	,	11	)
(	5334	,	6	,	11	)
(	5335	,	7	,	11	)
(	5336	,	8	,	11	)
(	5337	,	9	,	11	)
(	5338	,	10	,	11	)
(	5339	,	11	,	11	)
(	5340	,	12	,	11	)
(	5341	,	13	,	11	)
(	5342	,	14	,	11	)
(	5343	,	15	,	11	)
(	5344	,	16	,	11	)
(	5345	,	17	,	11	)
(	5346	,	18	,	11	)
(	5347	,	19	,	11	)
(	5348	,	20	,	11	)
(	5349	,	21	,	11	)
(	5350	,	22	,	11	)
(	5351	,	23	,	11	)
(	5352	,	24	,	11	)
(	5353	,	1	,	9	)
(	5354	,	2	,	9	)
(	5355	,	3	,	9	)
(	5356	,	4	,	9	)
(	5357	,	5	,	9	)
(	5358	,	6	,	9	)
(	5359	,	7	,	9	)
(	5360	,	8	,	9	)
(	5361	,	9	,	9	)
(	5362	,	10	,	9	)
(	5363	,	11	,	9	)
(	5364	,	12	,	9	)
(	5365	,	13	,	9	)
(	5366	,	14	,	9	)
(	5367	,	15	,	9	)
(	5368	,	16	,	9	)
(	5369	,	17	,	9	)
(	5370	,	18	,	9	)
(	5371	,	19	,	9	)
(	5372	,	20	,	9	)
(	5373	,	21	,	9	)
(	5374	,	22	,	9	)
(	5375	,	23	,	9	)
(	5376	,	24	,	9	)
(	5377	,	1	,	11	)
(	5378	,	2	,	11	)
(	5379	,	3	,	11	)
(	5380	,	4	,	11	)
(	5381	,	5	,	11	)
(	5382	,	6	,	11	)
(	5383	,	7	,	11	)
(	5384	,	8	,	11	)
(	5385	,	9	,	11	)
(	5386	,	10	,	11	)
(	5387	,	11	,	11	)
(	5388	,	12	,	11	)
(	5389	,	13	,	11	)
(	5390	,	14	,	11	)
(	5391	,	15	,	11	)
(	5392	,	16	,	11	)
(	5393	,	17	,	11	)
(	5394	,	18	,	11	)
(	5395	,	19	,	11	)
(	5396	,	20	,	11	)
(	5397	,	21	,	11	)
(	5398	,	22	,	11	)
(	5399	,	23	,	11	)
(	5400	,	24	,	11	)
(	5401	,	1	,	11	)
(	5402	,	2	,	11	)
(	5403	,	3	,	11	)
(	5404	,	4	,	11	)
(	5405	,	5	,	11	)
(	5406	,	6	,	11	)
(	5407	,	7	,	11	)
(	5408	,	8	,	11	)
(	5409	,	9	,	11	)
(	5410	,	10	,	11	)
(	5411	,	11	,	11	)
(	5412	,	12	,	11	)
(	5413	,	13	,	11	)
(	5414	,	14	,	11	)
(	5415	,	15	,	11	)
(	5416	,	16	,	11	)
(	5417	,	17	,	11	)
(	5418	,	18	,	11	)
(	5419	,	19	,	11	)
(	5420	,	20	,	11	)
(	5421	,	21	,	11	)
(	5422	,	22	,	11	)
(	5423	,	23	,	11	)
(	5424	,	24	,	11	)
(	5425	,	1	,	9	)
(	5426	,	2	,	9	)
(	5427	,	3	,	9	)
(	5428	,	4	,	9	)
(	5429	,	5	,	9	)
(	5430	,	6	,	9	)
(	5431	,	7	,	9	)
(	5432	,	8	,	9	)
(	5433	,	9	,	9	)
(	5434	,	10	,	9	)
(	5435	,	11	,	9	)
(	5436	,	12	,	9	)
(	5437	,	13	,	9	)
(	5438	,	14	,	9	)
(	5439	,	15	,	9	)
(	5440	,	16	,	9	)
(	5441	,	17	,	9	)
(	5442	,	18	,	9	)
(	5443	,	19	,	9	)
(	5444	,	20	,	9	)
(	5445	,	21	,	9	)
(	5446	,	22	,	9	)
(	5447	,	23	,	9	)
(	5448	,	24	,	9	)
(	5449	,	1	,	11	)
(	5450	,	2	,	11	)
(	5451	,	3	,	11	)
(	5452	,	4	,	11	)
(	5453	,	5	,	11	)
(	5454	,	6	,	11	)
(	5455	,	7	,	11	)
(	5456	,	8	,	11	)
(	5457	,	9	,	11	)
(	5458	,	10	,	11	)
(	5459	,	11	,	11	)
(	5460	,	12	,	11	)
(	5461	,	13	,	11	)
(	5462	,	14	,	11	)
(	5463	,	15	,	11	)
(	5464	,	16	,	11	)
(	5465	,	17	,	11	)
(	5466	,	18	,	11	)
(	5467	,	19	,	11	)
(	5468	,	20	,	11	)
(	5469	,	21	,	11	)
(	5470	,	22	,	11	)
(	5471	,	23	,	11	)
(	5472	,	24	,	11	)
(	5473	,	1	,	11	)
(	5474	,	2	,	11	)
(	5475	,	3	,	11	)
(	5476	,	4	,	11	)
(	5477	,	5	,	11	)
(	5478	,	6	,	11	)
(	5479	,	7	,	11	)
(	5480	,	8	,	11	)
(	5481	,	9	,	11	)
(	5482	,	10	,	11	)
(	5483	,	11	,	11	)
(	5484	,	12	,	11	)
(	5485	,	13	,	11	)
(	5486	,	14	,	11	)
(	5487	,	15	,	11	)
(	5488	,	16	,	11	)
(	5489	,	17	,	11	)
(	5490	,	18	,	11	)
(	5491	,	19	,	11	)
(	5492	,	20	,	11	)
(	5493	,	21	,	11	)
(	5494	,	22	,	11	)
(	5495	,	23	,	11	)
(	5496	,	24	,	11	)
(	5497	,	1	,	10	)
(	5498	,	2	,	10	)
(	5499	,	3	,	10	)
(	5500	,	4	,	10	)
(	5501	,	5	,	10	)
(	5502	,	6	,	10	)
(	5503	,	7	,	10	)
(	5504	,	8	,	10	)
(	5505	,	9	,	10	)
(	5506	,	10	,	10	)
(	5507	,	11	,	10	)
(	5508	,	12	,	10	)
(	5509	,	13	,	10	)
(	5510	,	14	,	10	)
(	5511	,	15	,	10	)
(	5512	,	16	,	10	)
(	5513	,	17	,	10	)
(	5514	,	18	,	10	)
(	5515	,	19	,	10	)
(	5516	,	20	,	10	)
(	5517	,	21	,	10	)
(	5518	,	22	,	10	)
(	5519	,	23	,	10	)
(	5520	,	24	,	10	)
(	5521	,	1	,	11	)
(	5522	,	2	,	11	)
(	5523	,	3	,	11	)
(	5524	,	4	,	11	)
(	5525	,	5	,	11	)
(	5526	,	6	,	11	)
(	5527	,	7	,	11	)
(	5528	,	8	,	11	)
(	5529	,	9	,	11	)
(	5530	,	10	,	11	)
(	5531	,	11	,	11	)
(	5532	,	12	,	11	)
(	5533	,	13	,	11	)
(	5534	,	14	,	11	)
(	5535	,	15	,	11	)
(	5536	,	16	,	11	)
(	5537	,	17	,	11	)
(	5538	,	18	,	11	)
(	5539	,	19	,	11	)
(	5540	,	20	,	11	)
(	5541	,	21	,	11	)
(	5542	,	22	,	11	)
(	5543	,	23	,	11	)
(	5544	,	24	,	11	)
(	5545	,	1	,	11	)
(	5546	,	2	,	11	)
(	5547	,	3	,	11	)
(	5548	,	4	,	11	)
(	5549	,	5	,	11	)
(	5550	,	6	,	11	)
(	5551	,	7	,	11	)
(	5552	,	8	,	11	)
(	5553	,	9	,	11	)
(	5554	,	10	,	11	)
(	5555	,	11	,	11	)
(	5556	,	12	,	11	)
(	5557	,	13	,	11	)
(	5558	,	14	,	11	)
(	5559	,	15	,	11	)
(	5560	,	16	,	11	)
(	5561	,	17	,	11	)
(	5562	,	18	,	11	)
(	5563	,	19	,	11	)
(	5564	,	20	,	11	)
(	5565	,	21	,	11	)
(	5566	,	22	,	11	)
(	5567	,	23	,	11	)
(	5568	,	24	,	11	)
(	5569	,	1	,	11	)
(	5570	,	2	,	11	)
(	5571	,	3	,	11	)
(	5572	,	4	,	11	)
(	5573	,	5	,	11	)
(	5574	,	6	,	11	)
(	5575	,	7	,	11	)
(	5576	,	8	,	11	)
(	5577	,	9	,	11	)
(	5578	,	10	,	11	)
(	5579	,	11	,	11	)
(	5580	,	12	,	11	)
(	5581	,	13	,	11	)
(	5582	,	14	,	11	)
(	5583	,	15	,	11	)
(	5584	,	16	,	11	)
(	5585	,	17	,	11	)
(	5586	,	18	,	11	)
(	5587	,	19	,	11	)
(	5588	,	20	,	11	)
(	5589	,	21	,	11	)
(	5590	,	22	,	11	)
(	5591	,	23	,	11	)
(	5592	,	24	,	11	)
(	5593	,	1	,	11	)
(	5594	,	2	,	11	)
(	5595	,	3	,	11	)
(	5596	,	4	,	11	)
(	5597	,	5	,	11	)
(	5598	,	6	,	11	)
(	5599	,	7	,	11	)
(	5600	,	8	,	11	)
(	5601	,	9	,	11	)
(	5602	,	10	,	11	)
(	5603	,	11	,	11	)
(	5604	,	12	,	11	)
(	5605	,	13	,	11	)
(	5606	,	14	,	11	)
(	5607	,	15	,	11	)
(	5608	,	16	,	11	)
(	5609	,	17	,	11	)
(	5610	,	18	,	11	)
(	5611	,	19	,	11	)
(	5612	,	20	,	11	)
(	5613	,	21	,	11	)
(	5614	,	22	,	11	)
(	5615	,	23	,	11	)
(	5616	,	24	,	11	)
(	5617	,	1	,	11	)
(	5618	,	2	,	11	)
(	5619	,	3	,	11	)
(	5620	,	4	,	11	)
(	5621	,	5	,	11	)
(	5622	,	6	,	11	)
(	5623	,	7	,	11	)
(	5624	,	8	,	11	)
(	5625	,	9	,	11	)
(	5626	,	10	,	11	)
(	5627	,	11	,	11	)
(	5628	,	12	,	11	)
(	5629	,	13	,	11	)
(	5630	,	14	,	11	)
(	5631	,	15	,	11	)
(	5632	,	16	,	11	)
(	5633	,	17	,	11	)
(	5634	,	18	,	11	)
(	5635	,	19	,	11	)
(	5636	,	20	,	11	)
(	5637	,	21	,	11	)
(	5638	,	22	,	11	)
(	5639	,	23	,	11	)
(	5640	,	24	,	11	)
(	5641	,	1	,	10	)
(	5642	,	2	,	10	)
(	5643	,	3	,	10	)
(	5644	,	4	,	10	)
(	5645	,	5	,	10	)
(	5646	,	6	,	10	)
(	5647	,	7	,	10	)
(	5648	,	8	,	10	)
(	5649	,	9	,	10	)
(	5650	,	10	,	10	)
(	5651	,	11	,	10	)
(	5652	,	12	,	10	)
(	5653	,	13	,	10	)
(	5654	,	14	,	10	)
(	5655	,	15	,	10	)
(	5656	,	16	,	10	)
(	5657	,	17	,	10	)
(	5658	,	18	,	10	)
(	5659	,	19	,	10	)
(	5660	,	20	,	10	)
(	5661	,	21	,	10	)
(	5662	,	22	,	10	)
(	5663	,	23	,	10	)
(	5664	,	24	,	10	)
(	5665	,	1	,	9	)
(	5666	,	2	,	9	)
(	5667	,	3	,	9	)
(	5668	,	4	,	9	)
(	5669	,	5	,	9	)
(	5670	,	6	,	9	)
(	5671	,	7	,	9	)
(	5672	,	8	,	9	)
(	5673	,	9	,	9	)
(	5674	,	10	,	9	)
(	5675	,	11	,	9	)
(	5676	,	12	,	9	)
(	5677	,	13	,	9	)
(	5678	,	14	,	9	)
(	5679	,	15	,	9	)
(	5680	,	16	,	9	)
(	5681	,	17	,	9	)
(	5682	,	18	,	9	)
(	5683	,	19	,	9	)
(	5684	,	20	,	9	)
(	5685	,	21	,	9	)
(	5686	,	22	,	9	)
(	5687	,	23	,	9	)
(	5688	,	24	,	9	)
(	5689	,	1	,	11	)
(	5690	,	2	,	11	)
(	5691	,	3	,	11	)
(	5692	,	4	,	11	)
(	5693	,	5	,	11	)
(	5694	,	6	,	11	)
(	5695	,	7	,	11	)
(	5696	,	8	,	11	)
(	5697	,	9	,	11	)
(	5698	,	10	,	11	)
(	5699	,	11	,	11	)
(	5700	,	12	,	11	)
(	5701	,	13	,	11	)
(	5702	,	14	,	11	)
(	5703	,	15	,	11	)
(	5704	,	16	,	11	)
(	5705	,	17	,	11	)
(	5706	,	18	,	11	)
(	5707	,	19	,	11	)
(	5708	,	20	,	11	)
(	5709	,	21	,	11	)
(	5710	,	22	,	11	)
(	5711	,	23	,	11	)
(	5712	,	24	,	11	)
(	5713	,	1	,	11	)
(	5714	,	2	,	11	)
(	5715	,	3	,	11	)
(	5716	,	4	,	11	)
(	5717	,	5	,	11	)
(	5718	,	6	,	11	)
(	5719	,	7	,	11	)
(	5720	,	8	,	11	)
(	5721	,	9	,	11	)
(	5722	,	10	,	11	)
(	5723	,	11	,	11	)
(	5724	,	12	,	11	)
(	5725	,	13	,	11	)
(	5726	,	14	,	11	)
(	5727	,	15	,	11	)
(	5728	,	16	,	11	)
(	5729	,	17	,	11	)
(	5730	,	18	,	11	)
(	5731	,	19	,	11	)
(	5732	,	20	,	11	)
(	5733	,	21	,	11	)
(	5734	,	22	,	11	)
(	5735	,	23	,	11	)
(	5736	,	24	,	11	)
(	5737	,	1	,	11	)
(	5738	,	2	,	11	)
(	5739	,	3	,	11	)
(	5740	,	4	,	11	)
(	5741	,	5	,	11	)
(	5742	,	6	,	11	)
(	5743	,	7	,	11	)
(	5744	,	8	,	11	)
(	5745	,	9	,	11	)
(	5746	,	10	,	11	)
(	5747	,	11	,	11	)
(	5748	,	12	,	11	)
(	5749	,	13	,	11	)
(	5750	,	14	,	11	)
(	5751	,	15	,	11	)
(	5752	,	16	,	11	)
(	5753	,	17	,	11	)
(	5754	,	18	,	11	)
(	5755	,	19	,	11	)
(	5756	,	20	,	11	)
(	5757	,	21	,	11	)
(	5758	,	22	,	11	)
(	5759	,	23	,	11	)
(	5760	,	24	,	11	)
(	5761	,	1	,	11	)
(	5762	,	2	,	11	)
(	5763	,	3	,	11	)
(	5764	,	4	,	11	)
(	5765	,	5	,	11	)
(	5766	,	6	,	11	)
(	5767	,	7	,	11	)
(	5768	,	8	,	11	)
(	5769	,	9	,	11	)
(	5770	,	10	,	11	)
(	5771	,	11	,	11	)
(	5772	,	12	,	11	)
(	5773	,	13	,	11	)
(	5774	,	14	,	11	)
(	5775	,	15	,	11	)
(	5776	,	16	,	11	)
(	5777	,	17	,	11	)
(	5778	,	18	,	11	)
(	5779	,	19	,	11	)
(	5780	,	20	,	11	)
(	5781	,	21	,	11	)
(	5782	,	22	,	11	)
(	5783	,	23	,	11	)
(	5784	,	24	,	11	)
(	5785	,	1	,	11	)
(	5786	,	2	,	11	)
(	5787	,	3	,	11	)
(	5788	,	4	,	11	)
(	5789	,	5	,	11	)
(	5790	,	6	,	11	)
(	5791	,	7	,	11	)
(	5792	,	8	,	11	)
(	5793	,	9	,	11	)
(	5794	,	10	,	11	)
(	5795	,	11	,	11	)
(	5796	,	12	,	11	)
(	5797	,	13	,	11	)
(	5798	,	14	,	11	)
(	5799	,	15	,	11	)
(	5800	,	16	,	11	)
(	5801	,	17	,	11	)
(	5802	,	18	,	11	)
(	5803	,	19	,	11	)
(	5804	,	20	,	11	)
(	5805	,	21	,	11	)
(	5806	,	22	,	11	)
(	5807	,	23	,	11	)
(	5808	,	24	,	11	)
(	5809	,	1	,	11	)
(	5810	,	2	,	11	)
(	5811	,	3	,	11	)
(	5812	,	4	,	11	)
(	5813	,	5	,	11	)
(	5814	,	6	,	11	)
(	5815	,	7	,	11	)
(	5816	,	8	,	11	)
(	5817	,	9	,	11	)
(	5818	,	10	,	11	)
(	5819	,	11	,	11	)
(	5820	,	12	,	11	)
(	5821	,	13	,	11	)
(	5822	,	14	,	11	)
(	5823	,	15	,	11	)
(	5824	,	16	,	11	)
(	5825	,	17	,	11	)
(	5826	,	18	,	11	)
(	5827	,	19	,	11	)
(	5828	,	20	,	11	)
(	5829	,	21	,	11	)
(	5830	,	22	,	11	)
(	5831	,	23	,	11	)
(	5832	,	24	,	11	)
(	5833	,	1	,	11	)
(	5834	,	2	,	11	)
(	5835	,	3	,	11	)
(	5836	,	4	,	11	)
(	5837	,	5	,	11	)
(	5838	,	6	,	11	)
(	5839	,	7	,	11	)
(	5840	,	8	,	11	)
(	5841	,	9	,	11	)
(	5842	,	10	,	11	)
(	5843	,	11	,	11	)
(	5844	,	12	,	11	)
(	5845	,	13	,	11	)
(	5846	,	14	,	11	)
(	5847	,	15	,	11	)
(	5848	,	16	,	11	)
(	5849	,	17	,	11	)
(	5850	,	18	,	11	)
(	5851	,	19	,	11	)
(	5852	,	20	,	11	)
(	5853	,	21	,	11	)
(	5854	,	22	,	11	)
(	5855	,	23	,	11	)
(	5856	,	24	,	11	)
(	5857	,	1	,	10	)
(	5858	,	2	,	10	)
(	5859	,	3	,	10	)
(	5860	,	4	,	10	)
(	5861	,	5	,	10	)
(	5862	,	6	,	10	)
(	5863	,	7	,	10	)
(	5864	,	8	,	10	)
(	5865	,	9	,	10	)
(	5866	,	10	,	10	)
(	5867	,	11	,	10	)
(	5868	,	12	,	10	)
(	5869	,	13	,	10	)
(	5870	,	14	,	10	)
(	5871	,	15	,	10	)
(	5872	,	16	,	10	)
(	5873	,	17	,	10	)
(	5874	,	18	,	10	)
(	5875	,	19	,	10	)
(	5876	,	20	,	10	)
(	5877	,	21	,	10	)
(	5878	,	22	,	10	)
(	5879	,	23	,	10	)
(	5880	,	24	,	10	)
(	5881	,	1	,	10	)
(	5882	,	2	,	10	)
(	5883	,	3	,	10	)
(	5884	,	4	,	10	)
(	5885	,	5	,	10	)
(	5886	,	6	,	10	)
(	5887	,	7	,	10	)
(	5888	,	8	,	10	)
(	5889	,	9	,	10	)
(	5890	,	10	,	10	)
(	5891	,	11	,	10	)
(	5892	,	12	,	10	)
(	5893	,	13	,	10	)
(	5894	,	14	,	10	)
(	5895	,	15	,	10	)
(	5896	,	16	,	10	)
(	5897	,	17	,	10	)
(	5898	,	18	,	10	)
(	5899	,	19	,	10	)
(	5900	,	20	,	10	)
(	5901	,	21	,	10	)
(	5902	,	22	,	10	)
(	5903	,	23	,	10	)
(	5904	,	24	,	10	)
(	5905	,	1	,	10	)
(	5906	,	2	,	10	)
(	5907	,	3	,	10	)
(	5908	,	4	,	10	)
(	5909	,	5	,	10	)
(	5910	,	6	,	10	)
(	5911	,	7	,	10	)
(	5912	,	8	,	10	)
(	5913	,	9	,	10	)
(	5914	,	10	,	10	)
(	5915	,	11	,	10	)
(	5916	,	12	,	10	)
(	5917	,	13	,	10	)
(	5918	,	14	,	10	)
(	5919	,	15	,	10	)
(	5920	,	16	,	10	)
(	5921	,	17	,	10	)
(	5922	,	18	,	10	)
(	5923	,	19	,	10	)
(	5924	,	20	,	10	)
(	5925	,	21	,	10	)
(	5926	,	22	,	10	)
(	5927	,	23	,	10	)
(	5928	,	24	,	10	)
(	5929	,	1	,	10	)
(	5930	,	2	,	10	)
(	5931	,	3	,	10	)
(	5932	,	4	,	10	)
(	5933	,	5	,	10	)
(	5934	,	6	,	10	)
(	5935	,	7	,	10	)
(	5936	,	8	,	10	)
(	5937	,	9	,	10	)
(	5938	,	10	,	10	)
(	5939	,	11	,	10	)
(	5940	,	12	,	10	)
(	5941	,	13	,	10	)
(	5942	,	14	,	10	)
(	5943	,	15	,	10	)
(	5944	,	16	,	10	)
(	5945	,	17	,	10	)
(	5946	,	18	,	10	)
(	5947	,	19	,	10	)
(	5948	,	20	,	10	)
(	5949	,	21	,	10	)
(	5950	,	22	,	10	)
(	5951	,	23	,	10	)
(	5952	,	24	,	10	)
(	5953	,	1	,	10	)
(	5954	,	2	,	10	)
(	5955	,	3	,	10	)
(	5956	,	4	,	10	)
(	5957	,	5	,	10	)
(	5958	,	6	,	10	)
(	5959	,	7	,	10	)
(	5960	,	8	,	10	)
(	5961	,	9	,	10	)
(	5962	,	10	,	10	)
(	5963	,	11	,	10	)
(	5964	,	12	,	10	)
(	5965	,	13	,	10	)
(	5966	,	14	,	10	)
(	5967	,	15	,	10	)
(	5968	,	16	,	10	)
(	5969	,	17	,	10	)
(	5970	,	18	,	10	)
(	5971	,	19	,	10	)
(	5972	,	20	,	10	)
(	5973	,	21	,	10	)
(	5974	,	22	,	10	)
(	5975	,	23	,	10	)
(	5976	,	24	,	10	)
(	5977	,	1	,	11	)
(	5978	,	2	,	11	)
(	5979	,	3	,	11	)
(	5980	,	4	,	11	)
(	5981	,	5	,	11	)
(	5982	,	6	,	11	)
(	5983	,	7	,	11	)
(	5984	,	8	,	11	)
(	5985	,	9	,	11	)
(	5986	,	10	,	11	)
(	5987	,	11	,	11	)
(	5988	,	12	,	11	)
(	5989	,	13	,	11	)
(	5990	,	14	,	11	)
(	5991	,	15	,	11	)
(	5992	,	16	,	11	)
(	5993	,	17	,	11	)
(	5994	,	18	,	11	)
(	5995	,	19	,	11	)
(	5996	,	20	,	11	)
(	5997	,	21	,	11	)
(	5998	,	22	,	11	)
(	5999	,	23	,	11	)
(	6000	,	24	,	11	)
(	6001	,	1	,	11	)
(	6002	,	2	,	11	)
(	6003	,	3	,	11	)
(	6004	,	4	,	11	)
(	6005	,	5	,	11	)
(	6006	,	6	,	11	)
(	6007	,	7	,	11	)
(	6008	,	8	,	11	)
(	6009	,	9	,	11	)
(	6010	,	10	,	11	)
(	6011	,	11	,	11	)
(	6012	,	12	,	11	)
(	6013	,	13	,	11	)
(	6014	,	14	,	11	)
(	6015	,	15	,	11	)
(	6016	,	16	,	11	)
(	6017	,	17	,	11	)
(	6018	,	18	,	11	)
(	6019	,	19	,	11	)
(	6020	,	20	,	11	)
(	6021	,	21	,	11	)
(	6022	,	22	,	11	)
(	6023	,	23	,	11	)
(	6024	,	24	,	11	)
(	6025	,	1	,	11	)
(	6026	,	2	,	11	)
(	6027	,	3	,	11	)
(	6028	,	4	,	11	)
(	6029	,	5	,	11	)
(	6030	,	6	,	11	)
(	6031	,	7	,	11	)
(	6032	,	8	,	11	)
(	6033	,	9	,	11	)
(	6034	,	10	,	11	)
(	6035	,	11	,	11	)
(	6036	,	12	,	11	)
(	6037	,	13	,	11	)
(	6038	,	14	,	11	)
(	6039	,	15	,	11	)
(	6040	,	16	,	11	)
(	6041	,	17	,	11	)
(	6042	,	18	,	11	)
(	6043	,	19	,	11	)
(	6044	,	20	,	11	)
(	6045	,	21	,	11	)
(	6046	,	22	,	11	)
(	6047	,	23	,	11	)
(	6048	,	24	,	11	)
(	6049	,	1	,	11	)
(	6050	,	2	,	11	)
(	6051	,	3	,	11	)
(	6052	,	4	,	11	)
(	6053	,	5	,	11	)
(	6054	,	6	,	11	)
(	6055	,	7	,	11	)
(	6056	,	8	,	11	)
(	6057	,	9	,	11	)
(	6058	,	10	,	11	)
(	6059	,	11	,	11	)
(	6060	,	12	,	11	)
(	6061	,	13	,	11	)
(	6062	,	14	,	11	)
(	6063	,	15	,	11	)
(	6064	,	16	,	11	)
(	6065	,	17	,	11	)
(	6066	,	18	,	11	)
(	6067	,	19	,	11	)
(	6068	,	20	,	11	)
(	6069	,	21	,	11	)
(	6070	,	22	,	11	)
(	6071	,	23	,	11	)
(	6072	,	24	,	11	)
(	6073	,	1	,	11	)
(	6074	,	2	,	11	)
(	6075	,	3	,	11	)
(	6076	,	4	,	11	)
(	6077	,	5	,	11	)
(	6078	,	6	,	11	)
(	6079	,	7	,	11	)
(	6080	,	8	,	11	)
(	6081	,	9	,	11	)
(	6082	,	10	,	11	)
(	6083	,	11	,	11	)
(	6084	,	12	,	11	)
(	6085	,	13	,	11	)
(	6086	,	14	,	11	)
(	6087	,	15	,	11	)
(	6088	,	16	,	11	)
(	6089	,	17	,	11	)
(	6090	,	18	,	11	)
(	6091	,	19	,	11	)
(	6092	,	20	,	11	)
(	6093	,	21	,	11	)
(	6094	,	22	,	11	)
(	6095	,	23	,	11	)
(	6096	,	24	,	11	)
(	6097	,	1	,	10	)
(	6098	,	2	,	10	)
(	6099	,	3	,	10	)
(	6100	,	4	,	10	)
(	6101	,	5	,	10	)
(	6102	,	6	,	10	)
(	6103	,	7	,	10	)
(	6104	,	8	,	10	)
(	6105	,	9	,	10	)
(	6106	,	10	,	10	)
(	6107	,	11	,	10	)
(	6108	,	12	,	10	)
(	6109	,	13	,	10	)
(	6110	,	14	,	10	)
(	6111	,	15	,	10	)
(	6112	,	16	,	10	)
(	6113	,	17	,	10	)
(	6114	,	18	,	10	)
(	6115	,	19	,	10	)
(	6116	,	20	,	10	)
(	6117	,	21	,	10	)
(	6118	,	22	,	10	)
(	6119	,	23	,	10	)
(	6120	,	24	,	10	)
(	6121	,	1	,	10	)
(	6122	,	2	,	10	)
(	6123	,	3	,	10	)
(	6124	,	4	,	10	)
(	6125	,	5	,	10	)
(	6126	,	6	,	10	)
(	6127	,	7	,	10	)
(	6128	,	8	,	10	)
(	6129	,	9	,	10	)
(	6130	,	10	,	10	)
(	6131	,	11	,	10	)
(	6132	,	12	,	10	)
(	6133	,	13	,	10	)
(	6134	,	14	,	10	)
(	6135	,	15	,	10	)
(	6136	,	16	,	10	)
(	6137	,	17	,	10	)
(	6138	,	18	,	10	)
(	6139	,	19	,	10	)
(	6140	,	20	,	10	)
(	6141	,	21	,	10	)
(	6142	,	22	,	10	)
(	6143	,	23	,	10	)
(	6144	,	24	,	10	)
(	6145	,	1	,	11	)
(	6146	,	2	,	11	)
(	6147	,	3	,	11	)
(	6148	,	4	,	11	)
(	6149	,	5	,	11	)
(	6150	,	6	,	11	)
(	6151	,	7	,	11	)
(	6152	,	8	,	11	)
(	6153	,	9	,	11	)
(	6154	,	10	,	11	)
(	6155	,	11	,	11	)
(	6156	,	12	,	11	)
(	6157	,	13	,	11	)
(	6158	,	14	,	11	)
(	6159	,	15	,	11	)
(	6160	,	16	,	11	)
(	6161	,	17	,	11	)
(	6162	,	18	,	11	)
(	6163	,	19	,	11	)
(	6164	,	20	,	11	)
(	6165	,	21	,	11	)
(	6166	,	22	,	11	)
(	6167	,	23	,	11	)
(	6168	,	24	,	11	)
(	6169	,	1	,	10	)
(	6170	,	2	,	10	)
(	6171	,	3	,	10	)
(	6172	,	4	,	10	)
(	6173	,	5	,	10	)
(	6174	,	6	,	10	)
(	6175	,	7	,	10	)
(	6176	,	8	,	10	)
(	6177	,	9	,	10	)
(	6178	,	10	,	10	)
(	6179	,	11	,	10	)
(	6180	,	12	,	10	)
(	6181	,	13	,	10	)
(	6182	,	14	,	10	)
(	6183	,	15	,	10	)
(	6184	,	16	,	10	)
(	6185	,	17	,	10	)
(	6186	,	18	,	10	)
(	6187	,	19	,	10	)
(	6188	,	20	,	10	)
(	6189	,	21	,	10	)
(	6190	,	22	,	10	)
(	6191	,	23	,	10	)
(	6192	,	24	,	10	)
(	6193	,	1	,	10	)
(	6194	,	2	,	10	)
(	6195	,	3	,	10	)
(	6196	,	4	,	10	)
(	6197	,	5	,	10	)
(	6198	,	6	,	10	)
(	6199	,	7	,	10	)
(	6200	,	8	,	10	)
(	6201	,	9	,	10	)
(	6202	,	10	,	10	)
(	6203	,	11	,	10	)
(	6204	,	12	,	10	)
(	6205	,	13	,	10	)
(	6206	,	14	,	10	)
(	6207	,	15	,	10	)
(	6208	,	16	,	10	)
(	6209	,	17	,	10	)
(	6210	,	18	,	10	)
(	6211	,	19	,	10	)
(	6212	,	20	,	10	)
(	6213	,	21	,	10	)
(	6214	,	22	,	10	)
(	6215	,	23	,	10	)
(	6216	,	24	,	10	)
(	6217	,	1	,	10	)
(	6218	,	2	,	10	)
(	6219	,	3	,	10	)
(	6220	,	4	,	10	)
(	6221	,	5	,	10	)
(	6222	,	6	,	10	)
(	6223	,	7	,	10	)
(	6224	,	8	,	10	)
(	6225	,	9	,	10	)
(	6226	,	10	,	10	)
(	6227	,	11	,	10	)
(	6228	,	12	,	10	)
(	6229	,	13	,	10	)
(	6230	,	14	,	10	)
(	6231	,	15	,	10	)
(	6232	,	16	,	10	)
(	6233	,	17	,	10	)
(	6234	,	18	,	10	)
(	6235	,	19	,	10	)
(	6236	,	20	,	10	)
(	6237	,	21	,	10	)
(	6238	,	22	,	10	)
(	6239	,	23	,	10	)
(	6240	,	24	,	10	)
(	6241	,	1	,	11	)
(	6242	,	2	,	11	)
(	6243	,	3	,	11	)
(	6244	,	4	,	11	)
(	6245	,	5	,	11	)
(	6246	,	6	,	11	)
(	6247	,	7	,	11	)
(	6248	,	8	,	11	)
(	6249	,	9	,	11	)
(	6250	,	10	,	11	)
(	6251	,	11	,	11	)
(	6252	,	12	,	11	)
(	6253	,	13	,	11	)
(	6254	,	14	,	11	)
(	6255	,	15	,	11	)
(	6256	,	16	,	11	)
(	6257	,	17	,	11	)
(	6258	,	18	,	11	)
(	6259	,	19	,	11	)
(	6260	,	20	,	11	)
(	6261	,	21	,	11	)
(	6262	,	22	,	11	)
(	6263	,	23	,	11	)
(	6264	,	24	,	11	)
(	6265	,	1	,	11	)
(	6266	,	2	,	11	)
(	6267	,	3	,	11	)
(	6268	,	4	,	11	)
(	6269	,	5	,	11	)
(	6270	,	6	,	11	)
(	6271	,	7	,	11	)
(	6272	,	8	,	11	)
(	6273	,	9	,	11	)
(	6274	,	10	,	11	)
(	6275	,	11	,	11	)
(	6276	,	12	,	11	)
(	6277	,	13	,	11	)
(	6278	,	14	,	11	)
(	6279	,	15	,	11	)
(	6280	,	16	,	11	)
(	6281	,	17	,	11	)
(	6282	,	18	,	11	)
(	6283	,	19	,	11	)
(	6284	,	20	,	11	)
(	6285	,	21	,	11	)
(	6286	,	22	,	11	)
(	6287	,	23	,	11	)
(	6288	,	24	,	11	)
(	6289	,	1	,	11	)
(	6290	,	2	,	11	)
(	6291	,	3	,	11	)
(	6292	,	4	,	11	)
(	6293	,	5	,	11	)
(	6294	,	6	,	11	)
(	6295	,	7	,	11	)
(	6296	,	8	,	11	)
(	6297	,	9	,	11	)
(	6298	,	10	,	11	)
(	6299	,	11	,	11	)
(	6300	,	12	,	11	)
(	6301	,	13	,	11	)
(	6302	,	14	,	11	)
(	6303	,	15	,	11	)
(	6304	,	16	,	11	)
(	6305	,	17	,	11	)
(	6306	,	18	,	11	)
(	6307	,	19	,	11	)
(	6308	,	20	,	11	)
(	6309	,	21	,	11	)
(	6310	,	22	,	11	)
(	6311	,	23	,	11	)
(	6312	,	24	,	11	)
(	6313	,	1	,	10	)
(	6314	,	2	,	10	)
(	6315	,	3	,	10	)
(	6316	,	4	,	10	)
(	6317	,	5	,	10	)
(	6318	,	6	,	10	)
(	6319	,	7	,	10	)
(	6320	,	8	,	10	)
(	6321	,	9	,	10	)
(	6322	,	10	,	10	)
(	6323	,	11	,	10	)
(	6324	,	12	,	10	)
(	6325	,	13	,	10	)
(	6326	,	14	,	10	)
(	6327	,	15	,	10	)
(	6328	,	16	,	10	)
(	6329	,	17	,	10	)
(	6330	,	18	,	10	)
(	6331	,	19	,	10	)
(	6332	,	20	,	10	)
(	6333	,	21	,	10	)
(	6334	,	22	,	10	)
(	6335	,	23	,	10	)
(	6336	,	24	,	10	)
(	6337	,	1	,	10	)
(	6338	,	2	,	10	)
(	6339	,	3	,	10	)
(	6340	,	4	,	10	)
(	6341	,	5	,	10	)
(	6342	,	6	,	10	)
(	6343	,	7	,	10	)
(	6344	,	8	,	10	)
(	6345	,	9	,	10	)
(	6346	,	10	,	10	)
(	6347	,	11	,	10	)
(	6348	,	12	,	10	)
(	6349	,	13	,	10	)
(	6350	,	14	,	10	)
(	6351	,	15	,	10	)
(	6352	,	16	,	10	)
(	6353	,	17	,	10	)
(	6354	,	18	,	10	)
(	6355	,	19	,	10	)
(	6356	,	20	,	10	)
(	6357	,	21	,	10	)
(	6358	,	22	,	10	)
(	6359	,	23	,	10	)
(	6360	,	24	,	10	)
(	6361	,	1	,	3	)
(	6362	,	2	,	3	)
(	6363	,	3	,	3	)
(	6364	,	4	,	3	)
(	6365	,	5	,	3	)
(	6366	,	6	,	3	)
(	6367	,	7	,	3	)
(	6368	,	8	,	3	)
(	6369	,	9	,	3	)
(	6370	,	10	,	3	)
(	6371	,	11	,	3	)
(	6372	,	12	,	3	)
(	6373	,	13	,	3	)
(	6374	,	14	,	3	)
(	6375	,	15	,	3	)
(	6376	,	16	,	3	)
(	6377	,	17	,	3	)
(	6378	,	18	,	3	)
(	6379	,	19	,	3	)
(	6380	,	20	,	3	)
(	6381	,	21	,	3	)
(	6382	,	22	,	3	)
(	6383	,	23	,	3	)
(	6384	,	24	,	3	)
(	6385	,	1	,	11	)
(	6386	,	2	,	11	)
(	6387	,	3	,	11	)
(	6388	,	4	,	11	)
(	6389	,	5	,	11	)
(	6390	,	6	,	11	)
(	6391	,	7	,	11	)
(	6392	,	8	,	11	)
(	6393	,	9	,	11	)
(	6394	,	10	,	11	)
(	6395	,	11	,	11	)
(	6396	,	12	,	11	)
(	6397	,	13	,	11	)
(	6398	,	14	,	11	)
(	6399	,	15	,	11	)
(	6400	,	16	,	11	)
(	6401	,	17	,	11	)
(	6402	,	18	,	11	)
(	6403	,	19	,	11	)
(	6404	,	20	,	11	)
(	6405	,	21	,	11	)
(	6406	,	22	,	11	)
(	6407	,	23	,	11	)
(	6408	,	24	,	11	)
(	6409	,	1	,	3	)
(	6410	,	2	,	3	)
(	6411	,	3	,	3	)
(	6412	,	4	,	3	)
(	6413	,	5	,	3	)
(	6414	,	6	,	3	)
(	6415	,	7	,	3	)
(	6416	,	8	,	3	)
(	6417	,	9	,	3	)
(	6418	,	10	,	3	)
(	6419	,	11	,	3	)
(	6420	,	12	,	3	)
(	6421	,	13	,	3	)
(	6422	,	14	,	3	)
(	6423	,	15	,	3	)
(	6424	,	16	,	3	)
(	6425	,	17	,	3	)
(	6426	,	18	,	3	)
(	6427	,	19	,	3	)
(	6428	,	20	,	3	)
(	6429	,	21	,	3	)
(	6430	,	22	,	3	)
(	6431	,	23	,	3	)
(	6432	,	24	,	3	)
(	6433	,	1	,	10	)
(	6434	,	2	,	10	)
(	6435	,	3	,	10	)
(	6436	,	4	,	10	)
(	6437	,	5	,	10	)
(	6438	,	6	,	10	)
(	6439	,	7	,	10	)
(	6440	,	8	,	10	)
(	6441	,	9	,	10	)
(	6442	,	10	,	10	)
(	6443	,	11	,	10	)
(	6444	,	12	,	10	)
(	6445	,	13	,	10	)
(	6446	,	14	,	10	)
(	6447	,	15	,	10	)
(	6448	,	16	,	10	)
(	6449	,	17	,	10	)
(	6450	,	18	,	10	)
(	6451	,	19	,	10	)
(	6452	,	20	,	10	)
(	6453	,	21	,	10	)
(	6454	,	22	,	10	)
(	6455	,	23	,	10	)
(	6456	,	24	,	10	)
(	6457	,	1	,	11	)
(	6458	,	2	,	11	)
(	6459	,	3	,	11	)
(	6460	,	4	,	11	)
(	6461	,	5	,	11	)
(	6462	,	6	,	11	)
(	6463	,	7	,	11	)
(	6464	,	8	,	11	)
(	6465	,	9	,	11	)
(	6466	,	10	,	11	)
(	6467	,	11	,	11	)
(	6468	,	12	,	11	)
(	6469	,	13	,	11	)
(	6470	,	14	,	11	)
(	6471	,	15	,	11	)
(	6472	,	16	,	11	)
(	6473	,	17	,	11	)
(	6474	,	18	,	11	)
(	6475	,	19	,	11	)
(	6476	,	20	,	11	)
(	6477	,	21	,	11	)
(	6478	,	22	,	11	)
(	6479	,	23	,	11	)
(	6480	,	24	,	11	)
(	6481	,	1	,	11	)
(	6482	,	2	,	11	)
(	6483	,	3	,	11	)
(	6484	,	4	,	11	)
(	6485	,	5	,	11	)
(	6486	,	6	,	11	)
(	6487	,	7	,	11	)
(	6488	,	8	,	11	)
(	6489	,	9	,	11	)
(	6490	,	10	,	11	)
(	6491	,	11	,	11	)
(	6492	,	12	,	11	)
(	6493	,	13	,	11	)
(	6494	,	14	,	11	)
(	6495	,	15	,	11	)
(	6496	,	16	,	11	)
(	6497	,	17	,	11	)
(	6498	,	18	,	11	)
(	6499	,	19	,	11	)
(	6500	,	20	,	11	)
(	6501	,	21	,	11	)
(	6502	,	22	,	11	)
(	6503	,	23	,	11	)
(	6504	,	24	,	11	)
(	6505	,	1	,	10	)
(	6506	,	2	,	10	)
(	6507	,	3	,	10	)
(	6508	,	4	,	10	)
(	6509	,	5	,	10	)
(	6510	,	6	,	10	)
(	6511	,	7	,	10	)
(	6512	,	8	,	10	)
(	6513	,	9	,	10	)
(	6514	,	10	,	10	)
(	6515	,	11	,	10	)
(	6516	,	12	,	10	)
(	6517	,	13	,	10	)
(	6518	,	14	,	10	)
(	6519	,	15	,	10	)
(	6520	,	16	,	10	)
(	6521	,	17	,	10	)
(	6522	,	18	,	10	)
(	6523	,	19	,	10	)
(	6524	,	20	,	10	)
(	6525	,	21	,	10	)
(	6526	,	22	,	10	)
(	6527	,	23	,	10	)
(	6528	,	24	,	10	)
(	6529	,	1	,	10	)
(	6530	,	2	,	10	)
(	6531	,	3	,	10	)
(	6532	,	4	,	10	)
(	6533	,	5	,	10	)
(	6534	,	6	,	10	)
(	6535	,	7	,	10	)
(	6536	,	8	,	10	)
(	6537	,	9	,	10	)
(	6538	,	10	,	10	)
(	6539	,	11	,	10	)
(	6540	,	12	,	10	)
(	6541	,	13	,	10	)
(	6542	,	14	,	10	)
(	6543	,	15	,	10	)
(	6544	,	16	,	10	)
(	6545	,	17	,	10	)
(	6546	,	18	,	10	)
(	6547	,	19	,	10	)
(	6548	,	20	,	10	)
(	6549	,	21	,	10	)
(	6550	,	22	,	10	)
(	6551	,	23	,	10	)
(	6552	,	24	,	10	)
(	6553	,	1	,	10	)
(	6554	,	2	,	10	)
(	6555	,	3	,	10	)
(	6556	,	4	,	10	)
(	6557	,	5	,	10	)
(	6558	,	6	,	10	)
(	6559	,	7	,	10	)
(	6560	,	8	,	10	)
(	6561	,	9	,	10	)
(	6562	,	10	,	10	)
(	6563	,	11	,	10	)
(	6564	,	12	,	10	)
(	6565	,	13	,	10	)
(	6566	,	14	,	10	)
(	6567	,	15	,	10	)
(	6568	,	16	,	10	)
(	6569	,	17	,	10	)
(	6570	,	18	,	10	)
(	6571	,	19	,	10	)
(	6572	,	20	,	10	)
(	6573	,	21	,	10	)
(	6574	,	22	,	10	)
(	6575	,	23	,	10	)
(	6576	,	24	,	10	)
(	6577	,	1	,	12	)
(	6578	,	2	,	12	)
(	6579	,	3	,	12	)
(	6580	,	4	,	12	)
(	6581	,	5	,	12	)
(	6582	,	6	,	12	)
(	6583	,	7	,	12	)
(	6584	,	8	,	12	)
(	6585	,	9	,	12	)
(	6586	,	10	,	12	)
(	6587	,	11	,	12	)
(	6588	,	12	,	12	)
(	6589	,	13	,	12	)
(	6590	,	14	,	12	)
(	6591	,	15	,	12	)
(	6592	,	16	,	12	)
(	6593	,	17	,	12	)
(	6594	,	18	,	12	)
(	6595	,	19	,	12	)
(	6596	,	20	,	12	)
(	6597	,	21	,	12	)
(	6598	,	22	,	12	)
(	6599	,	23	,	12	)
(	6600	,	24	,	12	)
(	6601	,	1	,	12	)
(	6602	,	2	,	12	)
(	6603	,	3	,	12	)
(	6604	,	4	,	12	)
(	6605	,	5	,	12	)
(	6606	,	6	,	12	)
(	6607	,	7	,	12	)
(	6608	,	8	,	12	)
(	6609	,	9	,	12	)
(	6610	,	10	,	12	)
(	6611	,	11	,	12	)
(	6612	,	12	,	12	)
(	6613	,	13	,	12	)
(	6614	,	14	,	12	)
(	6615	,	15	,	12	)
(	6616	,	16	,	12	)
(	6617	,	17	,	12	)
(	6618	,	18	,	12	)
(	6619	,	19	,	12	)
(	6620	,	20	,	12	)
(	6621	,	21	,	12	)
(	6622	,	22	,	12	)
(	6623	,	23	,	12	)
(	6624	,	24	,	12	)
(	6625	,	1	,	12	)
(	6626	,	2	,	12	)
(	6627	,	3	,	12	)
(	6628	,	4	,	12	)
(	6629	,	5	,	12	)
(	6630	,	6	,	12	)
(	6631	,	7	,	12	)
(	6632	,	8	,	12	)
(	6633	,	9	,	12	)
(	6634	,	10	,	12	)
(	6635	,	11	,	12	)
(	6636	,	12	,	12	)
(	6637	,	13	,	12	)
(	6638	,	14	,	12	)
(	6639	,	15	,	12	)
(	6640	,	16	,	12	)
(	6641	,	17	,	12	)
(	6642	,	18	,	12	)
(	6643	,	19	,	12	)
(	6644	,	20	,	12	)
(	6645	,	21	,	12	)
(	6646	,	22	,	12	)
(	6647	,	23	,	12	)
(	6648	,	24	,	12	)
(	6649	,	1	,	5	)
(	6650	,	2	,	5	)
(	6651	,	3	,	5	)
(	6652	,	4	,	5	)
(	6653	,	5	,	5	)
(	6654	,	6	,	5	)
(	6655	,	7	,	5	)
(	6656	,	8	,	5	)
(	6657	,	9	,	5	)
(	6658	,	10	,	5	)
(	6659	,	11	,	5	)
(	6660	,	12	,	5	)
(	6661	,	13	,	5	)
(	6662	,	14	,	5	)
(	6663	,	15	,	5	)
(	6664	,	16	,	5	)
(	6665	,	17	,	5	)
(	6666	,	18	,	5	)
(	6667	,	19	,	5	)
(	6668	,	20	,	5	)
(	6669	,	21	,	5	)
(	6670	,	22	,	5	)
(	6671	,	23	,	5	)
(	6672	,	24	,	5	)
(	6673	,	1	,	7	)
(	6674	,	2	,	7	)
(	6675	,	3	,	7	)
(	6676	,	4	,	7	)
(	6677	,	5	,	7	)
(	6678	,	6	,	7	)
(	6679	,	7	,	7	)
(	6680	,	8	,	7	)
(	6681	,	9	,	7	)
(	6682	,	10	,	7	)
(	6683	,	11	,	7	)
(	6684	,	12	,	7	)
(	6685	,	13	,	7	)
(	6686	,	14	,	7	)
(	6687	,	15	,	7	)
(	6688	,	16	,	7	)
(	6689	,	17	,	7	)
(	6690	,	18	,	7	)
(	6691	,	19	,	7	)
(	6692	,	20	,	7	)
(	6693	,	21	,	7	)
(	6694	,	22	,	7	)
(	6695	,	23	,	7	)
(	6696	,	24	,	7	)
(	6697	,	1	,	15	)
(	6698	,	2	,	15	)
(	6699	,	3	,	15	)
(	6700	,	4	,	15	)
(	6701	,	5	,	15	)
(	6702	,	6	,	15	)
(	6703	,	7	,	15	)
(	6704	,	8	,	15	)
(	6705	,	9	,	15	)
(	6706	,	10	,	15	)
(	6707	,	11	,	15	)
(	6708	,	12	,	15	)
(	6709	,	13	,	15	)
(	6710	,	14	,	15	)
(	6711	,	15	,	15	)
(	6712	,	16	,	15	)
(	6713	,	17	,	15	)
(	6714	,	18	,	15	)
(	6715	,	19	,	15	)
(	6716	,	20	,	15	)
(	6717	,	21	,	15	)
(	6718	,	22	,	15	)
(	6719	,	23	,	15	)
(	6720	,	24	,	15	)
(	6721	,	1	,	12	)
(	6722	,	2	,	12	)
(	6723	,	3	,	12	)
(	6724	,	4	,	12	)
(	6725	,	5	,	12	)
(	6726	,	6	,	12	)
(	6727	,	7	,	12	)
(	6728	,	8	,	12	)
(	6729	,	9	,	12	)
(	6730	,	10	,	12	)
(	6731	,	11	,	12	)
(	6732	,	12	,	12	)
(	6733	,	13	,	12	)
(	6734	,	14	,	12	)
(	6735	,	15	,	12	)
(	6736	,	16	,	12	)
(	6737	,	17	,	12	)
(	6738	,	18	,	12	)
(	6739	,	19	,	12	)
(	6740	,	20	,	12	)
(	6741	,	21	,	12	)
(	6742	,	22	,	12	)
(	6743	,	23	,	12	)
(	6744	,	24	,	12	)
(	6745	,	1	,	12	)
(	6746	,	2	,	12	)
(	6747	,	3	,	12	)
(	6748	,	4	,	12	)
(	6749	,	5	,	12	)
(	6750	,	6	,	12	)
(	6751	,	7	,	12	)
(	6752	,	8	,	12	)
(	6753	,	9	,	12	)
(	6754	,	10	,	12	)
(	6755	,	11	,	12	)
(	6756	,	12	,	12	)
(	6757	,	13	,	12	)
(	6758	,	14	,	12	)
(	6759	,	15	,	12	)
(	6760	,	16	,	12	)
(	6761	,	17	,	12	)
(	6762	,	18	,	12	)
(	6763	,	19	,	12	)
(	6764	,	20	,	12	)
(	6765	,	21	,	12	)
(	6766	,	22	,	12	)
(	6767	,	23	,	12	)
(	6768	,	24	,	12	)
(	6769	,	1	,	12	)
(	6770	,	2	,	12	)
(	6771	,	3	,	12	)
(	6772	,	4	,	12	)
(	6773	,	5	,	12	)
(	6774	,	6	,	12	)
(	6775	,	7	,	12	)
(	6776	,	8	,	12	)
(	6777	,	9	,	12	)
(	6778	,	10	,	12	)
(	6779	,	11	,	12	)
(	6780	,	12	,	12	)
(	6781	,	13	,	12	)
(	6782	,	14	,	12	)
(	6783	,	15	,	12	)
(	6784	,	16	,	12	)
(	6785	,	17	,	12	)
(	6786	,	18	,	12	)
(	6787	,	19	,	12	)
(	6788	,	20	,	12	)
(	6789	,	21	,	12	)
(	6790	,	22	,	12	)
(	6791	,	23	,	12	)
(	6792	,	24	,	12	)
(	6793	,	1	,	12	)
(	6794	,	2	,	12	)
(	6795	,	3	,	12	)
(	6796	,	4	,	12	)
(	6797	,	5	,	12	)
(	6798	,	6	,	12	)
(	6799	,	7	,	12	)
(	6800	,	8	,	12	)
(	6801	,	9	,	12	)
(	6802	,	10	,	12	)
(	6803	,	11	,	12	)
(	6804	,	12	,	12	)
(	6805	,	13	,	12	)
(	6806	,	14	,	12	)
(	6807	,	15	,	12	)
(	6808	,	16	,	12	)
(	6809	,	17	,	12	)
(	6810	,	18	,	12	)
(	6811	,	19	,	12	)
(	6812	,	20	,	12	)
(	6813	,	21	,	12	)
(	6814	,	22	,	12	)
(	6815	,	23	,	12	)
(	6816	,	24	,	12	)
(	6817	,	1	,	12	)
(	6818	,	2	,	12	)
(	6819	,	3	,	12	)
(	6820	,	4	,	12	)
(	6821	,	5	,	12	)
(	6822	,	6	,	12	)
(	6823	,	7	,	12	)
(	6824	,	8	,	12	)
(	6825	,	9	,	12	)
(	6826	,	10	,	12	)
(	6827	,	11	,	12	)
(	6828	,	12	,	12	)
(	6829	,	13	,	12	)
(	6830	,	14	,	12	)
(	6831	,	15	,	12	)
(	6832	,	16	,	12	)
(	6833	,	17	,	12	)
(	6834	,	18	,	12	)
(	6835	,	19	,	12	)
(	6836	,	20	,	12	)
(	6837	,	21	,	12	)
(	6838	,	22	,	12	)
(	6839	,	23	,	12	)
(	6840	,	24	,	12	)
(	6841	,	1	,	12	)
(	6842	,	2	,	12	)
(	6843	,	3	,	12	)
(	6844	,	4	,	12	)
(	6845	,	5	,	12	)
(	6846	,	6	,	12	)
(	6847	,	7	,	12	)
(	6848	,	8	,	12	)
(	6849	,	9	,	12	)
(	6850	,	10	,	12	)
(	6851	,	11	,	12	)
(	6852	,	12	,	12	)
(	6853	,	13	,	12	)
(	6854	,	14	,	12	)
(	6855	,	15	,	12	)
(	6856	,	16	,	12	)
(	6857	,	17	,	12	)
(	6858	,	18	,	12	)
(	6859	,	19	,	12	)
(	6860	,	20	,	12	)
(	6861	,	21	,	12	)
(	6862	,	22	,	12	)
(	6863	,	23	,	12	)
(	6864	,	24	,	12	)
(	6865	,	1	,	16	)
(	6866	,	2	,	16	)
(	6867	,	3	,	16	)
(	6868	,	4	,	16	)
(	6869	,	5	,	16	)
(	6870	,	6	,	16	)
(	6871	,	7	,	16	)
(	6872	,	8	,	16	)
(	6873	,	9	,	16	)
(	6874	,	10	,	16	)
(	6875	,	11	,	16	)
(	6876	,	12	,	16	)
(	6877	,	13	,	16	)
(	6878	,	14	,	16	)
(	6879	,	15	,	16	)
(	6880	,	16	,	16	)
(	6881	,	17	,	16	)
(	6882	,	18	,	16	)
(	6883	,	19	,	16	)
(	6884	,	20	,	16	)
(	6885	,	21	,	16	)
(	6886	,	22	,	16	)
(	6887	,	23	,	16	)
(	6888	,	24	,	16	)
(	6889	,	1	,	12	)
(	6890	,	2	,	12	)
(	6891	,	3	,	12	)
(	6892	,	4	,	12	)
(	6893	,	5	,	12	)
(	6894	,	6	,	12	)
(	6895	,	7	,	12	)
(	6896	,	8	,	12	)
(	6897	,	9	,	12	)
(	6898	,	10	,	12	)
(	6899	,	11	,	12	)
(	6900	,	12	,	12	)
(	6901	,	13	,	12	)
(	6902	,	14	,	12	)
(	6903	,	15	,	12	)
(	6904	,	16	,	12	)
(	6905	,	17	,	12	)
(	6906	,	18	,	12	)
(	6907	,	19	,	12	)
(	6908	,	20	,	12	)
(	6909	,	21	,	12	)
(	6910	,	22	,	12	)
(	6911	,	23	,	12	)
(	6912	,	24	,	12	)
(	6913	,	1	,	16	)
(	6914	,	2	,	16	)
(	6915	,	3	,	16	)
(	6916	,	4	,	16	)
(	6917	,	5	,	16	)
(	6918	,	6	,	16	)
(	6919	,	7	,	16	)
(	6920	,	8	,	16	)
(	6921	,	9	,	16	)
(	6922	,	10	,	16	)
(	6923	,	11	,	16	)
(	6924	,	12	,	16	)
(	6925	,	13	,	16	)
(	6926	,	14	,	16	)
(	6927	,	15	,	16	)
(	6928	,	16	,	16	)
(	6929	,	17	,	16	)
(	6930	,	18	,	16	)
(	6931	,	19	,	16	)
(	6932	,	20	,	16	)
(	6933	,	21	,	16	)
(	6934	,	22	,	16	)
(	6935	,	23	,	16	)
(	6936	,	24	,	16	)
(	6937	,	1	,	12	)
(	6938	,	2	,	12	)
(	6939	,	3	,	12	)
(	6940	,	4	,	12	)
(	6941	,	5	,	12	)
(	6942	,	6	,	12	)
(	6943	,	7	,	12	)
(	6944	,	8	,	12	)
(	6945	,	9	,	12	)
(	6946	,	10	,	12	)
(	6947	,	11	,	12	)
(	6948	,	12	,	12	)
(	6949	,	13	,	12	)
(	6950	,	14	,	12	)
(	6951	,	15	,	12	)
(	6952	,	16	,	12	)
(	6953	,	17	,	12	)
(	6954	,	18	,	12	)
(	6955	,	19	,	12	)
(	6956	,	20	,	12	)
(	6957	,	21	,	12	)
(	6958	,	22	,	12	)
(	6959	,	23	,	12	)
(	6960	,	24	,	12	)
(	6961	,	1	,	12	)
(	6962	,	2	,	12	)
(	6963	,	3	,	12	)
(	6964	,	4	,	12	)
(	6965	,	5	,	12	)
(	6966	,	6	,	12	)
(	6967	,	7	,	12	)
(	6968	,	8	,	12	)
(	6969	,	9	,	12	)
(	6970	,	10	,	12	)
(	6971	,	11	,	12	)
(	6972	,	12	,	12	)
(	6973	,	13	,	12	)
(	6974	,	14	,	12	)
(	6975	,	15	,	12	)
(	6976	,	16	,	12	)
(	6977	,	17	,	12	)
(	6978	,	18	,	12	)
(	6979	,	19	,	12	)
(	6980	,	20	,	12	)
(	6981	,	21	,	12	)
(	6982	,	22	,	12	)
(	6983	,	23	,	12	)
(	6984	,	24	,	12	)
(	6985	,	1	,	15	)
(	6986	,	2	,	15	)
(	6987	,	3	,	15	)
(	6988	,	4	,	15	)
(	6989	,	5	,	15	)
(	6990	,	6	,	15	)
(	6991	,	7	,	15	)
(	6992	,	8	,	15	)
(	6993	,	9	,	15	)
(	6994	,	10	,	15	)
(	6995	,	11	,	15	)
(	6996	,	12	,	15	)
(	6997	,	13	,	15	)
(	6998	,	14	,	15	)
(	6999	,	15	,	15	)
(	7000	,	16	,	15	)
(	7001	,	17	,	15	)
(	7002	,	18	,	15	)
(	7003	,	19	,	15	)
(	7004	,	20	,	15	)
(	7005	,	21	,	15	)
(	7006	,	22	,	15	)
(	7007	,	23	,	15	)
(	7008	,	24	,	15	)
(	7009	,	1	,	12	)
(	7010	,	2	,	12	)
(	7011	,	3	,	12	)
(	7012	,	4	,	12	)
(	7013	,	5	,	12	)
(	7014	,	6	,	12	)
(	7015	,	7	,	12	)
(	7016	,	8	,	12	)
(	7017	,	9	,	12	)
(	7018	,	10	,	12	)
(	7019	,	11	,	12	)
(	7020	,	12	,	12	)
(	7021	,	13	,	12	)
(	7022	,	14	,	12	)
(	7023	,	15	,	12	)
(	7024	,	16	,	12	)
(	7025	,	17	,	12	)
(	7026	,	18	,	12	)
(	7027	,	19	,	12	)
(	7028	,	20	,	12	)
(	7029	,	21	,	12	)
(	7030	,	22	,	12	)
(	7031	,	23	,	12	)
(	7032	,	24	,	12	)
(	7033	,	1	,	12	)
(	7034	,	2	,	12	)
(	7035	,	3	,	12	)
(	7036	,	4	,	12	)
(	7037	,	5	,	12	)
(	7038	,	6	,	12	)
(	7039	,	7	,	12	)
(	7040	,	8	,	12	)
(	7041	,	9	,	12	)
(	7042	,	10	,	12	)
(	7043	,	11	,	12	)
(	7044	,	12	,	12	)
(	7045	,	13	,	12	)
(	7046	,	14	,	12	)
(	7047	,	15	,	12	)
(	7048	,	16	,	12	)
(	7049	,	17	,	12	)
(	7050	,	18	,	12	)
(	7051	,	19	,	12	)
(	7052	,	20	,	12	)
(	7053	,	21	,	12	)
(	7054	,	22	,	12	)
(	7055	,	23	,	12	)
(	7056	,	24	,	12	)
(	7057	,	1	,	12	)
(	7058	,	2	,	12	)
(	7059	,	3	,	12	)
(	7060	,	4	,	12	)
(	7061	,	5	,	12	)
(	7062	,	6	,	12	)
(	7063	,	7	,	12	)
(	7064	,	8	,	12	)
(	7065	,	9	,	12	)
(	7066	,	10	,	12	)
(	7067	,	11	,	12	)
(	7068	,	12	,	12	)
(	7069	,	13	,	12	)
(	7070	,	14	,	12	)
(	7071	,	15	,	12	)
(	7072	,	16	,	12	)
(	7073	,	17	,	12	)
(	7074	,	18	,	12	)
(	7075	,	19	,	12	)
(	7076	,	20	,	12	)
(	7077	,	21	,	12	)
(	7078	,	22	,	12	)
(	7079	,	23	,	12	)
(	7080	,	24	,	12	)
(	7081	,	1	,	12	)
(	7082	,	2	,	12	)
(	7083	,	3	,	12	)
(	7084	,	4	,	12	)
(	7085	,	5	,	12	)
(	7086	,	6	,	12	)
(	7087	,	7	,	12	)
(	7088	,	8	,	12	)
(	7089	,	9	,	12	)
(	7090	,	10	,	12	)
(	7091	,	11	,	12	)
(	7092	,	12	,	12	)
(	7093	,	13	,	12	)
(	7094	,	14	,	12	)
(	7095	,	15	,	12	)
(	7096	,	16	,	12	)
(	7097	,	17	,	12	)
(	7098	,	18	,	12	)
(	7099	,	19	,	12	)
(	7100	,	20	,	12	)
(	7101	,	21	,	12	)
(	7102	,	22	,	12	)
(	7103	,	23	,	12	)
(	7104	,	24	,	12	)
(	7105	,	1	,	16	)
(	7106	,	2	,	16	)
(	7107	,	3	,	16	)
(	7108	,	4	,	16	)
(	7109	,	5	,	16	)
(	7110	,	6	,	16	)
(	7111	,	7	,	16	)
(	7112	,	8	,	16	)
(	7113	,	9	,	16	)
(	7114	,	10	,	16	)
(	7115	,	11	,	16	)
(	7116	,	12	,	16	)
(	7117	,	13	,	16	)
(	7118	,	14	,	16	)
(	7119	,	15	,	16	)
(	7120	,	16	,	16	)
(	7121	,	17	,	16	)
(	7122	,	18	,	16	)
(	7123	,	19	,	16	)
(	7124	,	20	,	16	)
(	7125	,	21	,	16	)
(	7126	,	22	,	16	)
(	7127	,	23	,	16	)
(	7128	,	24	,	16	)
(	7129	,	1	,	12	)
(	7130	,	2	,	12	)
(	7131	,	3	,	12	)
(	7132	,	4	,	12	)
(	7133	,	5	,	12	)
(	7134	,	6	,	12	)
(	7135	,	7	,	12	)
(	7136	,	8	,	12	)
(	7137	,	9	,	12	)
(	7138	,	10	,	12	)
(	7139	,	11	,	12	)
(	7140	,	12	,	12	)
(	7141	,	13	,	12	)
(	7142	,	14	,	12	)
(	7143	,	15	,	12	)
(	7144	,	16	,	12	)
(	7145	,	17	,	12	)
(	7146	,	18	,	12	)
(	7147	,	19	,	12	)
(	7148	,	20	,	12	)
(	7149	,	21	,	12	)
(	7150	,	22	,	12	)
(	7151	,	23	,	12	)
(	7152	,	24	,	12	)
(	7153	,	1	,	15	)
(	7154	,	2	,	15	)
(	7155	,	3	,	15	)
(	7156	,	4	,	15	)
(	7157	,	5	,	15	)
(	7158	,	6	,	15	)
(	7159	,	7	,	15	)
(	7160	,	8	,	15	)
(	7161	,	9	,	15	)
(	7162	,	10	,	15	)
(	7163	,	11	,	15	)
(	7164	,	12	,	15	)
(	7165	,	13	,	15	)
(	7166	,	14	,	15	)
(	7167	,	15	,	15	)
(	7168	,	16	,	15	)
(	7169	,	17	,	15	)
(	7170	,	18	,	15	)
(	7171	,	19	,	15	)
(	7172	,	20	,	15	)
(	7173	,	21	,	15	)
(	7174	,	22	,	15	)
(	7175	,	23	,	15	)
(	7176	,	24	,	15	)
(	7177	,	1	,	15	)
(	7178	,	2	,	15	)
(	7179	,	3	,	15	)
(	7180	,	4	,	15	)
(	7181	,	5	,	15	)
(	7182	,	6	,	15	)
(	7183	,	7	,	15	)
(	7184	,	8	,	15	)
(	7185	,	9	,	15	)
(	7186	,	10	,	15	)
(	7187	,	11	,	15	)
(	7188	,	12	,	15	)
(	7189	,	13	,	15	)
(	7190	,	14	,	15	)
(	7191	,	15	,	15	)
(	7192	,	16	,	15	)
(	7193	,	17	,	15	)
(	7194	,	18	,	15	)
(	7195	,	19	,	15	)
(	7196	,	20	,	15	)
(	7197	,	21	,	15	)
(	7198	,	22	,	15	)
(	7199	,	23	,	15	)
(	7200	,	24	,	15	)
(	7201	,	1	,	13	)
(	7202	,	2	,	13	)
(	7203	,	3	,	13	)
(	7204	,	4	,	13	)
(	7205	,	5	,	13	)
(	7206	,	6	,	13	)
(	7207	,	7	,	13	)
(	7208	,	8	,	13	)
(	7209	,	9	,	13	)
(	7210	,	10	,	13	)
(	7211	,	11	,	13	)
(	7212	,	12	,	13	)
(	7213	,	13	,	13	)
(	7214	,	14	,	13	)
(	7215	,	15	,	13	)
(	7216	,	16	,	13	)
(	7217	,	17	,	13	)
(	7218	,	18	,	13	)
(	7219	,	19	,	13	)
(	7220	,	20	,	13	)
(	7221	,	21	,	13	)
(	7222	,	22	,	13	)
(	7223	,	23	,	13	)
(	7224	,	24	,	13	)
(	7225	,	1	,	13	)
(	7226	,	2	,	13	)
(	7227	,	3	,	13	)
(	7228	,	4	,	13	)
(	7229	,	5	,	13	)
(	7230	,	6	,	13	)
(	7231	,	7	,	13	)
(	7232	,	8	,	13	)
(	7233	,	9	,	13	)
(	7234	,	10	,	13	)
(	7235	,	11	,	13	)
(	7236	,	12	,	13	)
(	7237	,	13	,	13	)
(	7238	,	14	,	13	)
(	7239	,	15	,	13	)
(	7240	,	16	,	13	)
(	7241	,	17	,	13	)
(	7242	,	18	,	13	)
(	7243	,	19	,	13	)
(	7244	,	20	,	13	)
(	7245	,	21	,	13	)
(	7246	,	22	,	13	)
(	7247	,	23	,	13	)
(	7248	,	24	,	13	)
(	7249	,	1	,	16	)
(	7250	,	2	,	16	)
(	7251	,	3	,	16	)
(	7252	,	4	,	16	)
(	7253	,	5	,	16	)
(	7254	,	6	,	16	)
(	7255	,	7	,	16	)
(	7256	,	8	,	16	)
(	7257	,	9	,	16	)
(	7258	,	10	,	16	)
(	7259	,	11	,	16	)
(	7260	,	12	,	16	)
(	7261	,	13	,	16	)
(	7262	,	14	,	16	)
(	7263	,	15	,	16	)
(	7264	,	16	,	16	)
(	7265	,	17	,	16	)
(	7266	,	18	,	16	)
(	7267	,	19	,	16	)
(	7268	,	20	,	16	)
(	7269	,	21	,	16	)
(	7270	,	22	,	16	)
(	7271	,	23	,	16	)
(	7272	,	24	,	16	)
(	7273	,	1	,	13	)
(	7274	,	2	,	13	)
(	7275	,	3	,	13	)
(	7276	,	4	,	13	)
(	7277	,	5	,	13	)
(	7278	,	6	,	13	)
(	7279	,	7	,	13	)
(	7280	,	8	,	13	)
(	7281	,	9	,	13	)
(	7282	,	10	,	13	)
(	7283	,	11	,	13	)
(	7284	,	12	,	13	)
(	7285	,	13	,	13	)
(	7286	,	14	,	13	)
(	7287	,	15	,	13	)
(	7288	,	16	,	13	)
(	7289	,	17	,	13	)
(	7290	,	18	,	13	)
(	7291	,	19	,	13	)
(	7292	,	20	,	13	)
(	7293	,	21	,	13	)
(	7294	,	22	,	13	)
(	7295	,	23	,	13	)
(	7296	,	24	,	13	)
(	7297	,	1	,	12	)
(	7298	,	2	,	12	)
(	7299	,	3	,	12	)
(	7300	,	4	,	12	)
(	7301	,	5	,	12	)
(	7302	,	6	,	12	)
(	7303	,	7	,	12	)
(	7304	,	8	,	12	)
(	7305	,	9	,	12	)
(	7306	,	10	,	12	)
(	7307	,	11	,	12	)
(	7308	,	12	,	12	)
(	7309	,	13	,	12	)
(	7310	,	14	,	12	)
(	7311	,	15	,	12	)
(	7312	,	16	,	12	)
(	7313	,	17	,	12	)
(	7314	,	18	,	12	)
(	7315	,	19	,	12	)
(	7316	,	20	,	12	)
(	7317	,	21	,	12	)
(	7318	,	22	,	12	)
(	7319	,	23	,	12	)
(	7320	,	24	,	12	)
(	7321	,	1	,	12	)
(	7322	,	2	,	12	)
(	7323	,	3	,	12	)
(	7324	,	4	,	12	)
(	7325	,	5	,	12	)
(	7326	,	6	,	12	)
(	7327	,	7	,	12	)
(	7328	,	8	,	12	)
(	7329	,	9	,	12	)
(	7330	,	10	,	12	)
(	7331	,	11	,	12	)
(	7332	,	12	,	12	)
(	7333	,	13	,	12	)
(	7334	,	14	,	12	)
(	7335	,	15	,	12	)
(	7336	,	16	,	12	)
(	7337	,	17	,	12	)
(	7338	,	18	,	12	)
(	7339	,	19	,	12	)
(	7340	,	20	,	12	)
(	7341	,	21	,	12	)
(	7342	,	22	,	12	)
(	7343	,	23	,	12	)
(	7344	,	24	,	12	)
(	7345	,	1	,	15	)
(	7346	,	2	,	15	)
(	7347	,	3	,	15	)
(	7348	,	4	,	15	)
(	7349	,	5	,	15	)
(	7350	,	6	,	15	)
(	7351	,	7	,	15	)
(	7352	,	8	,	15	)
(	7353	,	9	,	15	)
(	7354	,	10	,	15	)
(	7355	,	11	,	15	)
(	7356	,	12	,	15	)
(	7357	,	13	,	15	)
(	7358	,	14	,	15	)
(	7359	,	15	,	15	)
(	7360	,	16	,	15	)
(	7361	,	17	,	15	)
(	7362	,	18	,	15	)
(	7363	,	19	,	15	)
(	7364	,	20	,	15	)
(	7365	,	21	,	15	)
(	7366	,	22	,	15	)
(	7367	,	23	,	15	)
(	7368	,	24	,	15	)
(	7369	,	1	,	12	)
(	7370	,	2	,	12	)
(	7371	,	3	,	12	)
(	7372	,	4	,	12	)
(	7373	,	5	,	12	)
(	7374	,	6	,	12	)
(	7375	,	7	,	12	)
(	7376	,	8	,	12	)
(	7377	,	9	,	12	)
(	7378	,	10	,	12	)
(	7379	,	11	,	12	)
(	7380	,	12	,	12	)
(	7381	,	13	,	12	)
(	7382	,	14	,	12	)
(	7383	,	15	,	12	)
(	7384	,	16	,	12	)
(	7385	,	17	,	12	)
(	7386	,	18	,	12	)
(	7387	,	19	,	12	)
(	7388	,	20	,	12	)
(	7389	,	21	,	12	)
(	7390	,	22	,	12	)
(	7391	,	23	,	12	)
(	7392	,	24	,	12	)
(	7393	,	1	,	16	)
(	7394	,	2	,	16	)
(	7395	,	3	,	16	)
(	7396	,	4	,	16	)
(	7397	,	5	,	16	)
(	7398	,	6	,	16	)
(	7399	,	7	,	16	)
(	7400	,	8	,	16	)
(	7401	,	9	,	16	)
(	7402	,	10	,	16	)
(	7403	,	11	,	16	)
(	7404	,	12	,	16	)
(	7405	,	13	,	16	)
(	7406	,	14	,	16	)
(	7407	,	15	,	16	)
(	7408	,	16	,	16	)
(	7409	,	17	,	16	)
(	7410	,	18	,	16	)
(	7411	,	19	,	16	)
(	7412	,	20	,	16	)
(	7413	,	21	,	16	)
(	7414	,	22	,	16	)
(	7415	,	23	,	16	)
(	7416	,	24	,	16	)
(	7417	,	1	,	16	)
(	7418	,	2	,	16	)
(	7419	,	3	,	16	)
(	7420	,	4	,	16	)
(	7421	,	5	,	16	)
(	7422	,	6	,	16	)
(	7423	,	7	,	16	)
(	7424	,	8	,	16	)
(	7425	,	9	,	16	)
(	7426	,	10	,	16	)
(	7427	,	11	,	16	)
(	7428	,	12	,	16	)
(	7429	,	13	,	16	)
(	7430	,	14	,	16	)
(	7431	,	15	,	16	)
(	7432	,	16	,	16	)
(	7433	,	17	,	16	)
(	7434	,	18	,	16	)
(	7435	,	19	,	16	)
(	7436	,	20	,	16	)
(	7437	,	21	,	16	)
(	7438	,	22	,	16	)
(	7439	,	23	,	16	)
(	7440	,	24	,	16	)
(	7441	,	1	,	12	)
(	7442	,	2	,	12	)
(	7443	,	3	,	12	)
(	7444	,	4	,	12	)
(	7445	,	5	,	12	)
(	7446	,	6	,	12	)
(	7447	,	7	,	12	)
(	7448	,	8	,	12	)
(	7449	,	9	,	12	)
(	7450	,	10	,	12	)
(	7451	,	11	,	12	)
(	7452	,	12	,	12	)
(	7453	,	13	,	12	)
(	7454	,	14	,	12	)
(	7455	,	15	,	12	)
(	7456	,	16	,	12	)
(	7457	,	17	,	12	)
(	7458	,	18	,	12	)
(	7459	,	19	,	12	)
(	7460	,	20	,	12	)
(	7461	,	21	,	12	)
(	7462	,	22	,	12	)
(	7463	,	23	,	12	)
(	7464	,	24	,	12	)
(	7465	,	1	,	12	)
(	7466	,	2	,	12	)
(	7467	,	3	,	12	)
(	7468	,	4	,	12	)
(	7469	,	5	,	12	)
(	7470	,	6	,	12	)
(	7471	,	7	,	12	)
(	7472	,	8	,	12	)
(	7473	,	9	,	12	)
(	7474	,	10	,	12	)
(	7475	,	11	,	12	)
(	7476	,	12	,	12	)
(	7477	,	13	,	12	)
(	7478	,	14	,	12	)
(	7479	,	15	,	12	)
(	7480	,	16	,	12	)
(	7481	,	17	,	12	)
(	7482	,	18	,	12	)
(	7483	,	19	,	12	)
(	7484	,	20	,	12	)
(	7485	,	21	,	12	)
(	7486	,	22	,	12	)
(	7487	,	23	,	12	)
(	7488	,	24	,	12	)
(	7489	,	1	,	15	)
(	7490	,	2	,	15	)
(	7491	,	3	,	15	)
(	7492	,	4	,	15	)
(	7493	,	5	,	15	)
(	7494	,	6	,	15	)
(	7495	,	7	,	15	)
(	7496	,	8	,	15	)
(	7497	,	9	,	15	)
(	7498	,	10	,	15	)
(	7499	,	11	,	15	)
(	7500	,	12	,	15	)
(	7501	,	13	,	15	)
(	7502	,	14	,	15	)
(	7503	,	15	,	15	)
(	7504	,	16	,	15	)
(	7505	,	17	,	15	)
(	7506	,	18	,	15	)
(	7507	,	19	,	15	)
(	7508	,	20	,	15	)
(	7509	,	21	,	15	)
(	7510	,	22	,	15	)
(	7511	,	23	,	15	)
(	7512	,	24	,	15	)
(	7513	,	1	,	15	)
(	7514	,	2	,	15	)
(	7515	,	3	,	15	)
(	7516	,	4	,	15	)
(	7517	,	5	,	15	)
(	7518	,	6	,	15	)
(	7519	,	7	,	15	)
(	7520	,	8	,	15	)
(	7521	,	9	,	15	)
(	7522	,	10	,	15	)
(	7523	,	11	,	15	)
(	7524	,	12	,	15	)
(	7525	,	13	,	15	)
(	7526	,	14	,	15	)
(	7527	,	15	,	15	)
(	7528	,	16	,	15	)
(	7529	,	17	,	15	)
(	7530	,	18	,	15	)
(	7531	,	19	,	15	)
(	7532	,	20	,	15	)
(	7533	,	21	,	15	)
(	7534	,	22	,	15	)
(	7535	,	23	,	15	)
(	7536	,	24	,	15	)
(	7537	,	1	,	13	)
(	7538	,	2	,	13	)
(	7539	,	3	,	13	)
(	7540	,	4	,	13	)
(	7541	,	5	,	13	)
(	7542	,	6	,	13	)
(	7543	,	7	,	13	)
(	7544	,	8	,	13	)
(	7545	,	9	,	13	)
(	7546	,	10	,	13	)
(	7547	,	11	,	13	)
(	7548	,	12	,	13	)
(	7549	,	13	,	13	)
(	7550	,	14	,	13	)
(	7551	,	15	,	13	)
(	7552	,	16	,	13	)
(	7553	,	17	,	13	)
(	7554	,	18	,	13	)
(	7555	,	19	,	13	)
(	7556	,	20	,	13	)
(	7557	,	21	,	13	)
(	7558	,	22	,	13	)
(	7559	,	23	,	13	)
(	7560	,	24	,	13	)
(	7561	,	1	,	13	)
(	7562	,	2	,	13	)
(	7563	,	3	,	13	)
(	7564	,	4	,	13	)
(	7565	,	5	,	13	)
(	7566	,	6	,	13	)
(	7567	,	7	,	13	)
(	7568	,	8	,	13	)
(	7569	,	9	,	13	)
(	7570	,	10	,	13	)
(	7571	,	11	,	13	)
(	7572	,	12	,	13	)
(	7573	,	13	,	13	)
(	7574	,	14	,	13	)
(	7575	,	15	,	13	)
(	7576	,	16	,	13	)
(	7577	,	17	,	13	)
(	7578	,	18	,	13	)
(	7579	,	19	,	13	)
(	7580	,	20	,	13	)
(	7581	,	21	,	13	)
(	7582	,	22	,	13	)
(	7583	,	23	,	13	)
(	7584	,	24	,	13	)
(	7585	,	1	,	16	)
(	7586	,	2	,	16	)
(	7587	,	3	,	16	)
(	7588	,	4	,	16	)
(	7589	,	5	,	16	)
(	7590	,	6	,	16	)
(	7591	,	7	,	16	)
(	7592	,	8	,	16	)
(	7593	,	9	,	16	)
(	7594	,	10	,	16	)
(	7595	,	11	,	16	)
(	7596	,	12	,	16	)
(	7597	,	13	,	16	)
(	7598	,	14	,	16	)
(	7599	,	15	,	16	)
(	7600	,	16	,	16	)
(	7601	,	17	,	16	)
(	7602	,	18	,	16	)
(	7603	,	19	,	16	)
(	7604	,	20	,	16	)
(	7605	,	21	,	16	)
(	7606	,	22	,	16	)
(	7607	,	23	,	16	)
(	7608	,	24	,	16	)
(	7609	,	1	,	13	)
(	7610	,	2	,	13	)
(	7611	,	3	,	13	)
(	7612	,	4	,	13	)
(	7613	,	5	,	13	)
(	7614	,	6	,	13	)
(	7615	,	7	,	13	)
(	7616	,	8	,	13	)
(	7617	,	9	,	13	)
(	7618	,	10	,	13	)
(	7619	,	11	,	13	)
(	7620	,	12	,	13	)
(	7621	,	13	,	13	)
(	7622	,	14	,	13	)
(	7623	,	15	,	13	)
(	7624	,	16	,	13	)
(	7625	,	17	,	13	)
(	7626	,	18	,	13	)
(	7627	,	19	,	13	)
(	7628	,	20	,	13	)
(	7629	,	21	,	13	)
(	7630	,	22	,	13	)
(	7631	,	23	,	13	)
(	7632	,	24	,	13	)
(	7633	,	1	,	14	)
(	7634	,	2	,	14	)
(	7635	,	3	,	14	)
(	7636	,	4	,	14	)
(	7637	,	5	,	14	)
(	7638	,	6	,	14	)
(	7639	,	7	,	14	)
(	7640	,	8	,	14	)
(	7641	,	9	,	14	)
(	7642	,	10	,	14	)
(	7643	,	11	,	14	)
(	7644	,	12	,	14	)
(	7645	,	13	,	14	)
(	7646	,	14	,	14	)
(	7647	,	15	,	14	)
(	7648	,	16	,	14	)
(	7649	,	17	,	14	)
(	7650	,	18	,	14	)
(	7651	,	19	,	14	)
(	7652	,	20	,	14	)
(	7653	,	21	,	14	)
(	7654	,	22	,	14	)
(	7655	,	23	,	14	)
(	7656	,	24	,	14	)
(	7657	,	1	,	15	)
(	7658	,	2	,	15	)
(	7659	,	3	,	15	)
(	7660	,	4	,	15	)
(	7661	,	5	,	15	)
(	7662	,	6	,	15	)
(	7663	,	7	,	15	)
(	7664	,	8	,	15	)
(	7665	,	9	,	15	)
(	7666	,	10	,	15	)
(	7667	,	11	,	15	)
(	7668	,	12	,	15	)
(	7669	,	13	,	15	)
(	7670	,	14	,	15	)
(	7671	,	15	,	15	)
(	7672	,	16	,	15	)
(	7673	,	17	,	15	)
(	7674	,	18	,	15	)
(	7675	,	19	,	15	)
(	7676	,	20	,	15	)
(	7677	,	21	,	15	)
(	7678	,	22	,	15	)
(	7679	,	23	,	15	)
(	7680	,	24	,	15	)
(	7681	,	1	,	15	)
(	7682	,	2	,	15	)
(	7683	,	3	,	15	)
(	7684	,	4	,	15	)
(	7685	,	5	,	15	)
(	7686	,	6	,	15	)
(	7687	,	7	,	15	)
(	7688	,	8	,	15	)
(	7689	,	9	,	15	)
(	7690	,	10	,	15	)
(	7691	,	11	,	15	)
(	7692	,	12	,	15	)
(	7693	,	13	,	15	)
(	7694	,	14	,	15	)
(	7695	,	15	,	15	)
(	7696	,	16	,	15	)
(	7697	,	17	,	15	)
(	7698	,	18	,	15	)
(	7699	,	19	,	15	)
(	7700	,	20	,	15	)
(	7701	,	21	,	15	)
(	7702	,	22	,	15	)
(	7703	,	23	,	15	)
(	7704	,	24	,	15	)
(	7705	,	1	,	13	)
(	7706	,	2	,	13	)
(	7707	,	3	,	13	)
(	7708	,	4	,	13	)
(	7709	,	5	,	13	)
(	7710	,	6	,	13	)
(	7711	,	7	,	13	)
(	7712	,	8	,	13	)
(	7713	,	9	,	13	)
(	7714	,	10	,	13	)
(	7715	,	11	,	13	)
(	7716	,	12	,	13	)
(	7717	,	13	,	13	)
(	7718	,	14	,	13	)
(	7719	,	15	,	13	)
(	7720	,	16	,	13	)
(	7721	,	17	,	13	)
(	7722	,	18	,	13	)
(	7723	,	19	,	13	)
(	7724	,	20	,	13	)
(	7725	,	21	,	13	)
(	7726	,	22	,	13	)
(	7727	,	23	,	13	)
(	7728	,	24	,	13	)
(	7729	,	1	,	16	)
(	7730	,	2	,	16	)
(	7731	,	3	,	16	)
(	7732	,	4	,	16	)
(	7733	,	5	,	16	)
(	7734	,	6	,	16	)
(	7735	,	7	,	16	)
(	7736	,	8	,	16	)
(	7737	,	9	,	16	)
(	7738	,	10	,	16	)
(	7739	,	11	,	16	)
(	7740	,	12	,	16	)
(	7741	,	13	,	16	)
(	7742	,	14	,	16	)
(	7743	,	15	,	16	)
(	7744	,	16	,	16	)
(	7745	,	17	,	16	)
(	7746	,	18	,	16	)
(	7747	,	19	,	16	)
(	7748	,	20	,	16	)
(	7749	,	21	,	16	)
(	7750	,	22	,	16	)
(	7751	,	23	,	16	)
(	7752	,	24	,	16	)
(	7753	,	1	,	16	)
(	7754	,	2	,	16	)
(	7755	,	3	,	16	)
(	7756	,	4	,	16	)
(	7757	,	5	,	16	)
(	7758	,	6	,	16	)
(	7759	,	7	,	16	)
(	7760	,	8	,	16	)
(	7761	,	9	,	16	)
(	7762	,	10	,	16	)
(	7763	,	11	,	16	)
(	7764	,	12	,	16	)
(	7765	,	13	,	16	)
(	7766	,	14	,	16	)
(	7767	,	15	,	16	)
(	7768	,	16	,	16	)
(	7769	,	17	,	16	)
(	7770	,	18	,	16	)
(	7771	,	19	,	16	)
(	7772	,	20	,	16	)
(	7773	,	21	,	16	)
(	7774	,	22	,	16	)
(	7775	,	23	,	16	)
(	7776	,	24	,	16	)
(	7777	,	1	,	16	)
(	7778	,	2	,	16	)
(	7779	,	3	,	16	)
(	7780	,	4	,	16	)
(	7781	,	5	,	16	)
(	7782	,	6	,	16	)
(	7783	,	7	,	16	)
(	7784	,	8	,	16	)
(	7785	,	9	,	16	)
(	7786	,	10	,	16	)
(	7787	,	11	,	16	)
(	7788	,	12	,	16	)
(	7789	,	13	,	16	)
(	7790	,	14	,	16	)
(	7791	,	15	,	16	)
(	7792	,	16	,	16	)
(	7793	,	17	,	16	)
(	7794	,	18	,	16	)
(	7795	,	19	,	16	)
(	7796	,	20	,	16	)
(	7797	,	21	,	16	)
(	7798	,	22	,	16	)
(	7799	,	23	,	16	)
(	7800	,	24	,	16	)
(	7801	,	1	,	16	)
(	7802	,	2	,	16	)
(	7803	,	3	,	16	)
(	7804	,	4	,	16	)
(	7805	,	5	,	16	)
(	7806	,	6	,	16	)
(	7807	,	7	,	16	)
(	7808	,	8	,	16	)
(	7809	,	9	,	16	)
(	7810	,	10	,	16	)
(	7811	,	11	,	16	)
(	7812	,	12	,	16	)
(	7813	,	13	,	16	)
(	7814	,	14	,	16	)
(	7815	,	15	,	16	)
(	7816	,	16	,	16	)
(	7817	,	17	,	16	)
(	7818	,	18	,	16	)
(	7819	,	19	,	16	)
(	7820	,	20	,	16	)
(	7821	,	21	,	16	)
(	7822	,	22	,	16	)
(	7823	,	23	,	16	)
(	7824	,	24	,	16	)
(	7825	,	1	,	14	)
(	7826	,	2	,	14	)
(	7827	,	3	,	14	)
(	7828	,	4	,	14	)
(	7829	,	5	,	14	)
(	7830	,	6	,	14	)
(	7831	,	7	,	14	)
(	7832	,	8	,	14	)
(	7833	,	9	,	14	)
(	7834	,	10	,	14	)
(	7835	,	11	,	14	)
(	7836	,	12	,	14	)
(	7837	,	13	,	14	)
(	7838	,	14	,	14	)
(	7839	,	15	,	14	)
(	7840	,	16	,	14	)
(	7841	,	17	,	14	)
(	7842	,	18	,	14	)
(	7843	,	19	,	14	)
(	7844	,	20	,	14	)
(	7845	,	21	,	14	)
(	7846	,	22	,	14	)
(	7847	,	23	,	14	)
(	7848	,	24	,	14	)
(	7849	,	1	,	13	)
(	7850	,	2	,	13	)
(	7851	,	3	,	13	)
(	7852	,	4	,	13	)
(	7853	,	5	,	13	)
(	7854	,	6	,	13	)
(	7855	,	7	,	13	)
(	7856	,	8	,	13	)
(	7857	,	9	,	13	)
(	7858	,	10	,	13	)
(	7859	,	11	,	13	)
(	7860	,	12	,	13	)
(	7861	,	13	,	13	)
(	7862	,	14	,	13	)
(	7863	,	15	,	13	)
(	7864	,	16	,	13	)
(	7865	,	17	,	13	)
(	7866	,	18	,	13	)
(	7867	,	19	,	13	)
(	7868	,	20	,	13	)
(	7869	,	21	,	13	)
(	7870	,	22	,	13	)
(	7871	,	23	,	13	)
(	7872	,	24	,	13	)
(	7873	,	1	,	13	)
(	7874	,	2	,	13	)
(	7875	,	3	,	13	)
(	7876	,	4	,	13	)
(	7877	,	5	,	13	)
(	7878	,	6	,	13	)
(	7879	,	7	,	13	)
(	7880	,	8	,	13	)
(	7881	,	9	,	13	)
(	7882	,	10	,	13	)
(	7883	,	11	,	13	)
(	7884	,	12	,	13	)
(	7885	,	13	,	13	)
(	7886	,	14	,	13	)
(	7887	,	15	,	13	)
(	7888	,	16	,	13	)
(	7889	,	17	,	13	)
(	7890	,	18	,	13	)
(	7891	,	19	,	13	)
(	7892	,	20	,	13	)
(	7893	,	21	,	13	)
(	7894	,	22	,	13	)
(	7895	,	23	,	13	)
(	7896	,	24	,	13	)
(	7897	,	1	,	14	)
(	7898	,	2	,	14	)
(	7899	,	3	,	14	)
(	7900	,	4	,	14	)
(	7901	,	5	,	14	)
(	7902	,	6	,	14	)
(	7903	,	7	,	14	)
(	7904	,	8	,	14	)
(	7905	,	9	,	14	)
(	7906	,	10	,	14	)
(	7907	,	11	,	14	)
(	7908	,	12	,	14	)
(	7909	,	13	,	14	)
(	7910	,	14	,	14	)
(	7911	,	15	,	14	)
(	7912	,	16	,	14	)
(	7913	,	17	,	14	)
(	7914	,	18	,	14	)
(	7915	,	19	,	14	)
(	7916	,	20	,	14	)
(	7917	,	21	,	14	)
(	7918	,	22	,	14	)
(	7919	,	23	,	14	)
(	7920	,	24	,	14	)
(	7921	,	1	,	13	)
(	7922	,	2	,	13	)
(	7923	,	3	,	13	)
(	7924	,	4	,	13	)
(	7925	,	5	,	13	)
(	7926	,	6	,	13	)
(	7927	,	7	,	13	)
(	7928	,	8	,	13	)
(	7929	,	9	,	13	)
(	7930	,	10	,	13	)
(	7931	,	11	,	13	)
(	7932	,	12	,	13	)
(	7933	,	13	,	13	)
(	7934	,	14	,	13	)
(	7935	,	15	,	13	)
(	7936	,	16	,	13	)
(	7937	,	17	,	13	)
(	7938	,	18	,	13	)
(	7939	,	19	,	13	)
(	7940	,	20	,	13	)
(	7941	,	21	,	13	)
(	7942	,	22	,	13	)
(	7943	,	23	,	13	)
(	7944	,	24	,	13	)
(	7945	,	1	,	16	)
(	7946	,	2	,	16	)
(	7947	,	3	,	16	)
(	7948	,	4	,	16	)
(	7949	,	5	,	16	)
(	7950	,	6	,	16	)
(	7951	,	7	,	16	)
(	7952	,	8	,	16	)
(	7953	,	9	,	16	)
(	7954	,	10	,	16	)
(	7955	,	11	,	16	)
(	7956	,	12	,	16	)
(	7957	,	13	,	16	)
(	7958	,	14	,	16	)
(	7959	,	15	,	16	)
(	7960	,	16	,	16	)
(	7961	,	17	,	16	)
(	7962	,	18	,	16	)
(	7963	,	19	,	16	)
(	7964	,	20	,	16	)
(	7965	,	21	,	16	)
(	7966	,	22	,	16	)
(	7967	,	23	,	16	)
(	7968	,	24	,	16	)
(	7969	,	1	,	16	)
(	7970	,	2	,	16	)
(	7971	,	3	,	16	)
(	7972	,	4	,	16	)
(	7973	,	5	,	16	)
(	7974	,	6	,	16	)
(	7975	,	7	,	16	)
(	7976	,	8	,	16	)
(	7977	,	9	,	16	)
(	7978	,	10	,	16	)
(	7979	,	11	,	16	)
(	7980	,	12	,	16	)
(	7981	,	13	,	16	)
(	7982	,	14	,	16	)
(	7983	,	15	,	16	)
(	7984	,	16	,	16	)
(	7985	,	17	,	16	)
(	7986	,	18	,	16	)
(	7987	,	19	,	16	)
(	7988	,	20	,	16	)
(	7989	,	21	,	16	)
(	7990	,	22	,	16	)
(	7991	,	23	,	16	)
(	7992	,	24	,	16	)
(	7993	,	1	,	15	)
(	7994	,	2	,	15	)
(	7995	,	3	,	15	)
(	7996	,	4	,	15	)
(	7997	,	5	,	15	)
(	7998	,	6	,	15	)
(	7999	,	7	,	15	)
(	8000	,	8	,	15	)
(	8001	,	9	,	15	)
(	8002	,	10	,	15	)
(	8003	,	11	,	15	)
(	8004	,	12	,	15	)
(	8005	,	13	,	15	)
(	8006	,	14	,	15	)
(	8007	,	15	,	15	)
(	8008	,	16	,	15	)
(	8009	,	17	,	15	)
(	8010	,	18	,	15	)
(	8011	,	19	,	15	)
(	8012	,	20	,	15	)
(	8013	,	21	,	15	)
(	8014	,	22	,	15	)
(	8015	,	23	,	15	)
(	8016	,	24	,	15	)
(	8017	,	1	,	15	)
(	8018	,	2	,	15	)
(	8019	,	3	,	15	)
(	8020	,	4	,	15	)
(	8021	,	5	,	15	)
(	8022	,	6	,	15	)
(	8023	,	7	,	15	)
(	8024	,	8	,	15	)
(	8025	,	9	,	15	)
(	8026	,	10	,	15	)
(	8027	,	11	,	15	)
(	8028	,	12	,	15	)
(	8029	,	13	,	15	)
(	8030	,	14	,	15	)
(	8031	,	15	,	15	)
(	8032	,	16	,	15	)
(	8033	,	17	,	15	)
(	8034	,	18	,	15	)
(	8035	,	19	,	15	)
(	8036	,	20	,	15	)
(	8037	,	21	,	15	)
(	8038	,	22	,	15	)
(	8039	,	23	,	15	)
(	8040	,	24	,	15	)
(	8041	,	1	,	14	)
(	8042	,	2	,	14	)
(	8043	,	3	,	14	)
(	8044	,	4	,	14	)
(	8045	,	5	,	14	)
(	8046	,	6	,	14	)
(	8047	,	7	,	14	)
(	8048	,	8	,	14	)
(	8049	,	9	,	14	)
(	8050	,	10	,	14	)
(	8051	,	11	,	14	)
(	8052	,	12	,	14	)
(	8053	,	13	,	14	)
(	8054	,	14	,	14	)
(	8055	,	15	,	14	)
(	8056	,	16	,	14	)
(	8057	,	17	,	14	)
(	8058	,	18	,	14	)
(	8059	,	19	,	14	)
(	8060	,	20	,	14	)
(	8061	,	21	,	14	)
(	8062	,	22	,	14	)
(	8063	,	23	,	14	)
(	8064	,	24	,	14	)
(	8065	,	1	,	14	)
(	8066	,	2	,	14	)
(	8067	,	3	,	14	)
(	8068	,	4	,	14	)
(	8069	,	5	,	14	)
(	8070	,	6	,	14	)
(	8071	,	7	,	14	)
(	8072	,	8	,	14	)
(	8073	,	9	,	14	)
(	8074	,	10	,	14	)
(	8075	,	11	,	14	)
(	8076	,	12	,	14	)
(	8077	,	13	,	14	)
(	8078	,	14	,	14	)
(	8079	,	15	,	14	)
(	8080	,	16	,	14	)
(	8081	,	17	,	14	)
(	8082	,	18	,	14	)
(	8083	,	19	,	14	)
(	8084	,	20	,	14	)
(	8085	,	21	,	14	)
(	8086	,	22	,	14	)
(	8087	,	23	,	14	)
(	8088	,	24	,	14	)
(	8089	,	1	,	14	)
(	8090	,	2	,	14	)
(	8091	,	3	,	14	)
(	8092	,	4	,	14	)
(	8093	,	5	,	14	)
(	8094	,	6	,	14	)
(	8095	,	7	,	14	)
(	8096	,	8	,	14	)
(	8097	,	9	,	14	)
(	8098	,	10	,	14	)
(	8099	,	11	,	14	)
(	8100	,	12	,	14	)
(	8101	,	13	,	14	)
(	8102	,	14	,	14	)
(	8103	,	15	,	14	)
(	8104	,	16	,	14	)
(	8105	,	17	,	14	)
(	8106	,	18	,	14	)
(	8107	,	19	,	14	)
(	8108	,	20	,	14	)
(	8109	,	21	,	14	)
(	8110	,	22	,	14	)
(	8111	,	23	,	14	)
(	8112	,	24	,	14	)
(	8113	,	1	,	13	)
(	8114	,	2	,	13	)
(	8115	,	3	,	13	)
(	8116	,	4	,	13	)
(	8117	,	5	,	13	)
(	8118	,	6	,	13	)
(	8119	,	7	,	13	)
(	8120	,	8	,	13	)
(	8121	,	9	,	13	)
(	8122	,	10	,	13	)
(	8123	,	11	,	13	)
(	8124	,	12	,	13	)
(	8125	,	13	,	13	)
(	8126	,	14	,	13	)
(	8127	,	15	,	13	)
(	8128	,	16	,	13	)
(	8129	,	17	,	13	)
(	8130	,	18	,	13	)
(	8131	,	19	,	13	)
(	8132	,	20	,	13	)
(	8133	,	21	,	13	)
(	8134	,	22	,	13	)
(	8135	,	23	,	13	)
(	8136	,	24	,	13	)
(	8137	,	1	,	16	)
(	8138	,	2	,	16	)
(	8139	,	3	,	16	)
(	8140	,	4	,	16	)
(	8141	,	5	,	16	)
(	8142	,	6	,	16	)
(	8143	,	7	,	16	)
(	8144	,	8	,	16	)
(	8145	,	9	,	16	)
(	8146	,	10	,	16	)
(	8147	,	11	,	16	)
(	8148	,	12	,	16	)
(	8149	,	13	,	16	)
(	8150	,	14	,	16	)
(	8151	,	15	,	16	)
(	8152	,	16	,	16	)
(	8153	,	17	,	16	)
(	8154	,	18	,	16	)
(	8155	,	19	,	16	)
(	8156	,	20	,	16	)
(	8157	,	21	,	16	)
(	8158	,	22	,	16	)
(	8159	,	23	,	16	)
(	8160	,	24	,	16	)
(	8161	,	1	,	3	)
(	8162	,	2	,	3	)
(	8163	,	3	,	3	)
(	8164	,	4	,	3	)
(	8165	,	5	,	3	)
(	8166	,	6	,	3	)
(	8167	,	7	,	3	)
(	8168	,	8	,	3	)
(	8169	,	9	,	3	)
(	8170	,	10	,	3	)
(	8171	,	11	,	3	)
(	8172	,	12	,	3	)
(	8173	,	13	,	3	)
(	8174	,	14	,	3	)
(	8175	,	15	,	3	)
(	8176	,	16	,	3	)
(	8177	,	17	,	3	)
(	8178	,	18	,	3	)
(	8179	,	19	,	3	)
(	8180	,	20	,	3	)
(	8181	,	21	,	3	)
(	8182	,	22	,	3	)
(	8183	,	23	,	3	)
(	8184	,	24	,	3	)
(	8185	,	1	,	15	)
(	8186	,	2	,	15	)
(	8187	,	3	,	15	)
(	8188	,	4	,	15	)
(	8189	,	5	,	15	)
(	8190	,	6	,	15	)
(	8191	,	7	,	15	)
(	8192	,	8	,	15	)
(	8193	,	9	,	15	)
(	8194	,	10	,	15	)
(	8195	,	11	,	15	)
(	8196	,	12	,	15	)
(	8197	,	13	,	15	)
(	8198	,	14	,	15	)
(	8199	,	15	,	15	)
(	8200	,	16	,	15	)
(	8201	,	17	,	15	)
(	8202	,	18	,	15	)
(	8203	,	19	,	15	)
(	8204	,	20	,	15	)
(	8205	,	21	,	15	)
(	8206	,	22	,	15	)
(	8207	,	23	,	15	)
(	8208	,	24	,	15	)
(	8209	,	1	,	13	)
(	8210	,	2	,	13	)
(	8211	,	3	,	13	)
(	8212	,	4	,	13	)
(	8213	,	5	,	13	)
(	8214	,	6	,	13	)
(	8215	,	7	,	13	)
(	8216	,	8	,	13	)
(	8217	,	9	,	13	)
(	8218	,	10	,	13	)
(	8219	,	11	,	13	)
(	8220	,	12	,	13	)
(	8221	,	13	,	13	)
(	8222	,	14	,	13	)
(	8223	,	15	,	13	)
(	8224	,	16	,	13	)
(	8225	,	17	,	13	)
(	8226	,	18	,	13	)
(	8227	,	19	,	13	)
(	8228	,	20	,	13	)
(	8229	,	21	,	13	)
(	8230	,	22	,	13	)
(	8231	,	23	,	13	)
(	8232	,	24	,	13	)
(	8233	,	1	,	16	)
(	8234	,	2	,	16	)
(	8235	,	3	,	16	)
(	8236	,	4	,	16	)
(	8237	,	5	,	16	)
(	8238	,	6	,	16	)
(	8239	,	7	,	16	)
(	8240	,	8	,	16	)
(	8241	,	9	,	16	)
(	8242	,	10	,	16	)
(	8243	,	11	,	16	)
(	8244	,	12	,	16	)
(	8245	,	13	,	16	)
(	8246	,	14	,	16	)
(	8247	,	15	,	16	)
(	8248	,	16	,	16	)
(	8249	,	17	,	16	)
(	8250	,	18	,	16	)
(	8251	,	19	,	16	)
(	8252	,	20	,	16	)
(	8253	,	21	,	16	)
(	8254	,	22	,	16	)
(	8255	,	23	,	16	)
(	8256	,	24	,	16	)
(	8257	,	1	,	14	)
(	8258	,	2	,	14	)
(	8259	,	3	,	14	)
(	8260	,	4	,	14	)
(	8261	,	5	,	14	)
(	8262	,	6	,	14	)
(	8263	,	7	,	14	)
(	8264	,	8	,	14	)
(	8265	,	9	,	14	)
(	8266	,	10	,	14	)
(	8267	,	11	,	14	)
(	8268	,	12	,	14	)
(	8269	,	13	,	14	)
(	8270	,	14	,	14	)
(	8271	,	15	,	14	)
(	8272	,	16	,	14	)
(	8273	,	17	,	14	)
(	8274	,	18	,	14	)
(	8275	,	19	,	14	)
(	8276	,	20	,	14	)
(	8277	,	21	,	14	)
(	8278	,	22	,	14	)
(	8279	,	23	,	14	)
(	8280	,	24	,	14	)
(	8281	,	1	,	14	)
(	8282	,	2	,	14	)
(	8283	,	3	,	14	)
(	8284	,	4	,	14	)
(	8285	,	5	,	14	)
(	8286	,	6	,	14	)
(	8287	,	7	,	14	)
(	8288	,	8	,	14	)
(	8289	,	9	,	14	)
(	8290	,	10	,	14	)
(	8291	,	11	,	14	)
(	8292	,	12	,	14	)
(	8293	,	13	,	14	)
(	8294	,	14	,	14	)
(	8295	,	15	,	14	)
(	8296	,	16	,	14	)
(	8297	,	17	,	14	)
(	8298	,	18	,	14	)
(	8299	,	19	,	14	)
(	8300	,	20	,	14	)
(	8301	,	21	,	14	)
(	8302	,	22	,	14	)
(	8303	,	23	,	14	)
(	8304	,	24	,	14	)
(	8305	,	1	,	16	)
(	8306	,	2	,	16	)
(	8307	,	3	,	16	)
(	8308	,	4	,	16	)
(	8309	,	5	,	16	)
(	8310	,	6	,	16	)
(	8311	,	7	,	16	)
(	8312	,	8	,	16	)
(	8313	,	9	,	16	)
(	8314	,	10	,	16	)
(	8315	,	11	,	16	)
(	8316	,	12	,	16	)
(	8317	,	13	,	16	)
(	8318	,	14	,	16	)
(	8319	,	15	,	16	)
(	8320	,	16	,	16	)
(	8321	,	17	,	16	)
(	8322	,	18	,	16	)
(	8323	,	19	,	16	)
(	8324	,	20	,	16	)
(	8325	,	21	,	16	)
(	8326	,	22	,	16	)
(	8327	,	23	,	16	)
(	8328	,	24	,	16	)
(	8329	,	1	,	15	)
(	8330	,	2	,	15	)
(	8331	,	3	,	15	)
(	8332	,	4	,	15	)
(	8333	,	5	,	15	)
(	8334	,	6	,	15	)
(	8335	,	7	,	15	)
(	8336	,	8	,	15	)
(	8337	,	9	,	15	)
(	8338	,	10	,	15	)
(	8339	,	11	,	15	)
(	8340	,	12	,	15	)
(	8341	,	13	,	15	)
(	8342	,	14	,	15	)
(	8343	,	15	,	15	)
(	8344	,	16	,	15	)
(	8345	,	17	,	15	)
(	8346	,	18	,	15	)
(	8347	,	19	,	15	)
(	8348	,	20	,	15	)
(	8349	,	21	,	15	)
(	8350	,	22	,	15	)
(	8351	,	23	,	15	)
(	8352	,	24	,	15	)
(	8353	,	1	,	15	)
(	8354	,	2	,	15	)
(	8355	,	3	,	15	)
(	8356	,	4	,	15	)
(	8357	,	5	,	15	)
(	8358	,	6	,	15	)
(	8359	,	7	,	15	)
(	8360	,	8	,	15	)
(	8361	,	9	,	15	)
(	8362	,	10	,	15	)
(	8363	,	11	,	15	)
(	8364	,	12	,	15	)
(	8365	,	13	,	15	)
(	8366	,	14	,	15	)
(	8367	,	15	,	15	)
(	8368	,	16	,	15	)
(	8369	,	17	,	15	)
(	8370	,	18	,	15	)
(	8371	,	19	,	15	)
(	8372	,	20	,	15	)
(	8373	,	21	,	15	)
(	8374	,	22	,	15	)
(	8375	,	23	,	15	)
(	8376	,	24	,	15	)
(	8377	,	1	,	16	)
(	8378	,	2	,	16	)
(	8379	,	3	,	16	)
(	8380	,	4	,	16	)
(	8381	,	5	,	16	)
(	8382	,	6	,	16	)
(	8383	,	7	,	16	)
(	8384	,	8	,	16	)
(	8385	,	9	,	16	)
(	8386	,	10	,	16	)
(	8387	,	11	,	16	)
(	8388	,	12	,	16	)
(	8389	,	13	,	16	)
(	8390	,	14	,	16	)
(	8391	,	15	,	16	)
(	8392	,	16	,	16	)
(	8393	,	17	,	16	)
(	8394	,	18	,	16	)
(	8395	,	19	,	16	)
(	8396	,	20	,	16	)
(	8397	,	21	,	16	)
(	8398	,	22	,	16	)
(	8399	,	23	,	16	)
(	8400	,	24	,	16	)
(	8401	,	1	,	13	)
(	8402	,	2	,	13	)
(	8403	,	3	,	13	)
(	8404	,	4	,	13	)
(	8405	,	5	,	13	)
(	8406	,	6	,	13	)
(	8407	,	7	,	13	)
(	8408	,	8	,	13	)
(	8409	,	9	,	13	)
(	8410	,	10	,	13	)
(	8411	,	11	,	13	)
(	8412	,	12	,	13	)
(	8413	,	13	,	13	)
(	8414	,	14	,	13	)
(	8415	,	15	,	13	)
(	8416	,	16	,	13	)
(	8417	,	17	,	13	)
(	8418	,	18	,	13	)
(	8419	,	19	,	13	)
(	8420	,	20	,	13	)
(	8421	,	21	,	13	)
(	8422	,	22	,	13	)
(	8423	,	23	,	13	)
(	8424	,	24	,	13	)
(	8425	,	1	,	16	)
(	8426	,	2	,	16	)
(	8427	,	3	,	16	)
(	8428	,	4	,	16	)
(	8429	,	5	,	16	)
(	8430	,	6	,	16	)
(	8431	,	7	,	16	)
(	8432	,	8	,	16	)
(	8433	,	9	,	16	)
(	8434	,	10	,	16	)
(	8435	,	11	,	16	)
(	8436	,	12	,	16	)
(	8437	,	13	,	16	)
(	8438	,	14	,	16	)
(	8439	,	15	,	16	)
(	8440	,	16	,	16	)
(	8441	,	17	,	16	)
(	8442	,	18	,	16	)
(	8443	,	19	,	16	)
(	8444	,	20	,	16	)
(	8445	,	21	,	16	)
(	8446	,	22	,	16	)
(	8447	,	23	,	16	)
(	8448	,	24	,	16	)
(	8449	,	1	,	16	)
(	8450	,	2	,	16	)
(	8451	,	3	,	16	)
(	8452	,	4	,	16	)
(	8453	,	5	,	16	)
(	8454	,	6	,	16	)
(	8455	,	7	,	16	)
(	8456	,	8	,	16	)
(	8457	,	9	,	16	)
(	8458	,	10	,	16	)
(	8459	,	11	,	16	)
(	8460	,	12	,	16	)
(	8461	,	13	,	16	)
(	8462	,	14	,	16	)
(	8463	,	15	,	16	)
(	8464	,	16	,	16	)
(	8465	,	17	,	16	)
(	8466	,	18	,	16	)
(	8467	,	19	,	16	)
(	8468	,	20	,	16	)
(	8469	,	21	,	16	)
(	8470	,	22	,	16	)
(	8471	,	23	,	16	)
(	8472	,	24	,	16	)
(	8473	,	1	,	16	)
(	8474	,	2	,	16	)
(	8475	,	3	,	16	)
(	8476	,	4	,	16	)
(	8477	,	5	,	16	)
(	8478	,	6	,	16	)
(	8479	,	7	,	16	)
(	8480	,	8	,	16	)
(	8481	,	9	,	16	)
(	8482	,	10	,	16	)
(	8483	,	11	,	16	)
(	8484	,	12	,	16	)
(	8485	,	13	,	16	)
(	8486	,	14	,	16	)
(	8487	,	15	,	16	)
(	8488	,	16	,	16	)
(	8489	,	17	,	16	)
(	8490	,	18	,	16	)
(	8491	,	19	,	16	)
(	8492	,	20	,	16	)
(	8493	,	21	,	16	)
(	8494	,	22	,	16	)
(	8495	,	23	,	16	)
(	8496	,	24	,	16	)
(	8497	,	1	,	15	)
(	8498	,	2	,	15	)
(	8499	,	3	,	15	)
(	8500	,	4	,	15	)
(	8501	,	5	,	15	)
(	8502	,	6	,	15	)
(	8503	,	7	,	15	)
(	8504	,	8	,	15	)
(	8505	,	9	,	15	)
(	8506	,	10	,	15	)
(	8507	,	11	,	15	)
(	8508	,	12	,	15	)
(	8509	,	13	,	15	)
(	8510	,	14	,	15	)
(	8511	,	15	,	15	)
(	8512	,	16	,	15	)
(	8513	,	17	,	15	)
(	8514	,	18	,	15	)
(	8515	,	19	,	15	)
(	8516	,	20	,	15	)
(	8517	,	21	,	15	)
(	8518	,	22	,	15	)
(	8519	,	23	,	15	)
(	8520	,	24	,	15	)
(	8521	,	1	,	15	)
(	8522	,	2	,	15	)
(	8523	,	3	,	15	)
(	8524	,	4	,	15	)
(	8525	,	5	,	15	)
(	8526	,	6	,	15	)
(	8527	,	7	,	15	)
(	8528	,	8	,	15	)
(	8529	,	9	,	15	)
(	8530	,	10	,	15	)
(	8531	,	11	,	15	)
(	8532	,	12	,	15	)
(	8533	,	13	,	15	)
(	8534	,	14	,	15	)
(	8535	,	15	,	15	)
(	8536	,	16	,	15	)
(	8537	,	17	,	15	)
(	8538	,	18	,	15	)
(	8539	,	19	,	15	)
(	8540	,	20	,	15	)
(	8541	,	21	,	15	)
(	8542	,	22	,	15	)
(	8543	,	23	,	15	)
(	8544	,	24	,	15	)
(	8545	,	1	,	14	)
(	8546	,	2	,	14	)
(	8547	,	3	,	14	)
(	8548	,	4	,	14	)
(	8549	,	5	,	14	)
(	8550	,	6	,	14	)
(	8551	,	7	,	14	)
(	8552	,	8	,	14	)
(	8553	,	9	,	14	)
(	8554	,	10	,	14	)
(	8555	,	11	,	14	)
(	8556	,	12	,	14	)
(	8557	,	13	,	14	)
(	8558	,	14	,	14	)
(	8559	,	15	,	14	)
(	8560	,	16	,	14	)
(	8561	,	17	,	14	)
(	8562	,	18	,	14	)
(	8563	,	19	,	14	)
(	8564	,	20	,	14	)
(	8565	,	21	,	14	)
(	8566	,	22	,	14	)
(	8567	,	23	,	14	)
(	8568	,	24	,	14	)
(	8569	,	1	,	14	)
(	8570	,	2	,	14	)
(	8571	,	3	,	14	)
(	8572	,	4	,	14	)
(	8573	,	5	,	14	)
(	8574	,	6	,	14	)
(	8575	,	7	,	14	)
(	8576	,	8	,	14	)
(	8577	,	9	,	14	)
(	8578	,	10	,	14	)
(	8579	,	11	,	14	)
(	8580	,	12	,	14	)
(	8581	,	13	,	14	)
(	8582	,	14	,	14	)
(	8583	,	15	,	14	)
(	8584	,	16	,	14	)
(	8585	,	17	,	14	)
(	8586	,	18	,	14	)
(	8587	,	19	,	14	)
(	8588	,	20	,	14	)
(	8589	,	21	,	14	)
(	8590	,	22	,	14	)
(	8591	,	23	,	14	)
(	8592	,	24	,	14	)
(	8593	,	1	,	14	)
(	8594	,	2	,	14	)
(	8595	,	3	,	14	)
(	8596	,	4	,	14	)
(	8597	,	5	,	14	)
(	8598	,	6	,	14	)
(	8599	,	7	,	14	)
(	8600	,	8	,	14	)
(	8601	,	9	,	14	)
(	8602	,	10	,	14	)
(	8603	,	11	,	14	)
(	8604	,	12	,	14	)
(	8605	,	13	,	14	)
(	8606	,	14	,	14	)
(	8607	,	15	,	14	)
(	8608	,	16	,	14	)
(	8609	,	17	,	14	)
(	8610	,	18	,	14	)
(	8611	,	19	,	14	)
(	8612	,	20	,	14	)
(	8613	,	21	,	14	)
(	8614	,	22	,	14	)
(	8615	,	23	,	14	)
(	8616	,	24	,	14	)
(	8617	,	1	,	4	)
(	8618	,	2	,	4	)
(	8619	,	3	,	4	)
(	8620	,	4	,	4	)
(	8621	,	5	,	4	)
(	8622	,	6	,	4	)
(	8623	,	7	,	4	)
(	8624	,	8	,	4	)
(	8625	,	9	,	4	)
(	8626	,	10	,	4	)
(	8627	,	11	,	4	)
(	8628	,	12	,	4	)
(	8629	,	13	,	4	)
(	8630	,	14	,	4	)
(	8631	,	15	,	4	)
(	8632	,	16	,	4	)
(	8633	,	17	,	4	)
(	8634	,	18	,	4	)
(	8635	,	19	,	4	)
(	8636	,	20	,	4	)
(	8637	,	21	,	4	)
(	8638	,	22	,	4	)
(	8639	,	23	,	4	)
(	8640	,	24	,	4	)
(	8641	,	1	,	16	)
(	8642	,	2	,	16	)
(	8643	,	3	,	16	)
(	8644	,	4	,	16	)
(	8645	,	5	,	16	)
(	8646	,	6	,	16	)
(	8647	,	7	,	16	)
(	8648	,	8	,	16	)
(	8649	,	9	,	16	)
(	8650	,	10	,	16	)
(	8651	,	11	,	16	)
(	8652	,	12	,	16	)
(	8653	,	13	,	16	)
(	8654	,	14	,	16	)
(	8655	,	15	,	16	)
(	8656	,	16	,	16	)
(	8657	,	17	,	16	)
(	8658	,	18	,	16	)
(	8659	,	19	,	16	)
(	8660	,	20	,	16	)
(	8661	,	21	,	16	)
(	8662	,	22	,	16	)
(	8663	,	23	,	16	)
(	8664	,	24	,	16	)
(	8665	,	1	,	13	)
(	8666	,	2	,	13	)
(	8667	,	3	,	13	)
(	8668	,	4	,	13	)
(	8669	,	5	,	13	)
(	8670	,	6	,	13	)
(	8671	,	7	,	13	)
(	8672	,	8	,	13	)
(	8673	,	9	,	13	)
(	8674	,	10	,	13	)
(	8675	,	11	,	13	)
(	8676	,	12	,	13	)
(	8677	,	13	,	13	)
(	8678	,	14	,	13	)
(	8679	,	15	,	13	)
(	8680	,	16	,	13	)
(	8681	,	17	,	13	)
(	8682	,	18	,	13	)
(	8683	,	19	,	13	)
(	8684	,	20	,	13	)
(	8685	,	21	,	13	)
(	8686	,	22	,	13	)
(	8687	,	23	,	13	)
(	8688	,	24	,	13	)
(	8689	,	1	,	15	)
(	8690	,	2	,	15	)
(	8691	,	3	,	15	)
(	8692	,	4	,	15	)
(	8693	,	5	,	15	)
(	8694	,	6	,	15	)
(	8695	,	7	,	15	)
(	8696	,	8	,	15	)
(	8697	,	9	,	15	)
(	8698	,	10	,	15	)
(	8699	,	11	,	15	)
(	8700	,	12	,	15	)
(	8701	,	13	,	15	)
(	8702	,	14	,	15	)
(	8703	,	15	,	15	)
(	8704	,	16	,	15	)
(	8705	,	17	,	15	)
(	8706	,	18	,	15	)
(	8707	,	19	,	15	)
(	8708	,	20	,	15	)
(	8709	,	21	,	15	)
(	8710	,	22	,	15	)
(	8711	,	23	,	15	)
(	8712	,	24	,	15	)
(	8713	,	1	,	16	)
(	8714	,	2	,	16	)
(	8715	,	3	,	16	)
(	8716	,	4	,	16	)
(	8717	,	5	,	16	)
(	8718	,	6	,	16	)
(	8719	,	7	,	16	)
(	8720	,	8	,	16	)
(	8721	,	9	,	16	)
(	8722	,	10	,	16	)
(	8723	,	11	,	16	)
(	8724	,	12	,	16	)
(	8725	,	13	,	16	)
(	8726	,	14	,	16	)
(	8727	,	15	,	16	)
(	8728	,	16	,	16	)
(	8729	,	17	,	16	)
(	8730	,	18	,	16	)
(	8731	,	19	,	16	)
(	8732	,	20	,	16	)
(	8733	,	21	,	16	)
(	8734	,	22	,	16	)
(	8735	,	23	,	16	)
(	8736	,	24	,	16	)
(	8737	,	1	,	16	)
(	8738	,	2	,	16	)
(	8739	,	3	,	16	)
(	8740	,	4	,	16	)
(	8741	,	5	,	16	)
(	8742	,	6	,	16	)
(	8743	,	7	,	16	)
(	8744	,	8	,	16	)
(	8745	,	9	,	16	)
(	8746	,	10	,	16	)
(	8747	,	11	,	16	)
(	8748	,	12	,	16	)
(	8749	,	13	,	16	)
(	8750	,	14	,	16	)
(	8751	,	15	,	16	)
(	8752	,	16	,	16	)
(	8753	,	17	,	16	)
(	8754	,	18	,	16	)
(	8755	,	19	,	16	)
(	8756	,	20	,	16	)
(	8757	,	21	,	16	)
(	8758	,	22	,	16	)
(	8759	,	23	,	16	)
(	8760	,	24	,	16	)
;
  
 #  ----------------------------- 
 #  PARAMETERS  DEPENDING  ON  NUMBER  OF  TYPICAL  DAYS  :   
 #  ----------------------------- 
  
 param  nbr_tds  :=  16; 
param 	peak_sh_factor := 
C1	1.0
C2	1.0
C3	1.0
C4	1.0
C5	1.0
;
param 	peak_sc_factor := 
C1	1.0385707398990827
C2	1.2250583466597489
C3	1.0676672910124134
C4	1.0548479660133472
C5	1.0638254300146284
;
  
 param  electricity_time_series  := 
["C1",*,*] : 	1	2	3	4	5	6	7	8	9	10	11	12	13	14	15	16 := 
1	4.6525629074145435e-05	4.7643168526863123e-05	4.1013972489812544e-05	4.519541987025401e-05	4.2571321448270274e-05	4.0873396360159456e-05	4.233808870575574e-05	4.415440457344003e-05	4.271830627858976e-05	4.831068790900987e-05	4.513251307394751e-05	4.672896278583898e-05	4.416476121287017e-05	4.542414193678886e-05	4.063164390754876e-05	4.011991866804161e-05
2	6.190751280389241e-05	5.940243078814616e-05	4.744677037114578e-05	5.726570622189784e-05	5.8522623428696064e-05	4.701585249786683e-05	4.983550380037829e-05	5.71688136378821e-05	5.4200609930294086e-05	6.190912611206116e-05	6.074425831297471e-05	5.988337540723137e-05	5.6576690053839666e-05	5.8483416679470755e-05	4.7823214192648054e-05	5.3706041688296794e-05
3	7.016848058913694e-05	6.22440687607005e-05	5.3384155760489436e-05	6.536260138013204e-05	6.87063448934301e-05	5.271043289334591e-05	5.529534723257633e-05	7.118853460545166e-05	6.320634837478763e-05	7.090867633738674e-05	6.516204073107454e-05	6.791193565370974e-05	6.420024962350996e-05	6.743899571121746e-05	5.2958851563374595e-05	6.066661938313612e-05
4	7.731651731176296e-05	6.584099146379733e-05	5.713346590757181e-05	7.007246531772705e-05	7.194900161233013e-05	5.665137253887177e-05	5.9596432897541595e-05	7.202406354851999e-05	7.67975527695364e-05	7.347314247533872e-05	7.05881542263693e-05	7.784182958745284e-05	6.222425201689579e-05	7.139685857722702e-05	5.731894145086401e-05	6.660440725853979e-05
5	7.632065641438381e-05	7.589939843080696e-05	6.478251375678462e-05	7.953151096780823e-05	8.583714239653494e-05	6.477664645641497e-05	6.848897715952269e-05	8.604038606707018e-05	7.41386686976913e-05	8.704943475035108e-05	7.860473179037585e-05	8.314012241008307e-05	8.133278144010464e-05	8.474954956622006e-05	6.615592149186919e-05	8.75974954657481e-05
6	0.00010184593872404804	9.246245405705565e-05	7.732864832747195e-05	0.0001011802998901697	0.000100449308363452	8.250979529646703e-05	8.566599807054829e-05	9.869405933522586e-05	9.346064396246326e-05	0.00010542303287759742	9.732605595989835e-05	9.893214483322997e-05	0.00010015666234469452	0.00010134966687641925	8.312636439021004e-05	0.0001066450867597922
7	0.0001113564849852815	0.00011148896889608966	8.796311788102323e-05	0.00012485478777702198	0.00012980687040776325	9.522399084812896e-05	9.810143724903059e-05	0.00011189246930872577	0.00010984854598825112	0.00012105036380698134	0.00011576540856116098	0.00011422023045694858	0.00011125405559884084	0.0001205916967737037	9.552647632631801e-05	0.00011256167401914611
8	0.0001355256512427395	0.0001306328110647107	9.131524563420284e-05	0.00013921357140499356	0.0001285709729977748	9.638810733776751e-05	9.895686475942045e-05	0.00012314622150916288	0.0001214321935507112	0.00011844624849915142	0.00012543525906450603	0.00012086945023161678	0.00011872432425340882	0.0001250010471841763	9.584675343119488e-05	0.00012795662499406118
9	0.00014089020489080472	0.00015944087835086674	8.504473277214813e-05	0.0001413389507372581	0.00012181088356347799	8.548921065804925e-05	8.902326859792967e-05	0.0001226428938211325	0.00011593934201660971	0.00012246546670150135	0.00010901942345521761	0.00011739910319509893	0.00010600665773605921	0.00012973459853003988	8.754614435723e-05	0.0001157976669394501
10	0.0001518571875515557	0.00016286347345819278	8.274607096879304e-05	0.0001519496919225879	0.00013261574238513995	8.353149315260806e-05	8.672087828007453e-05	0.00012215315076636736	0.00010690676698182855	0.00012015424091275038	0.00010317861902197506	0.00011259404763603092	0.00010031409087617088	0.00010467788228656892	8.565387556077326e-05	0.00011815984284037546
11	0.00015548793169042156	0.0001571662812124313	8.481373010612077e-05	0.0001693869786838972	0.00014334240183050303	8.391531839480813e-05	8.80757090873248e-05	0.00011848812112976878	0.00011721923149253196	0.00010972237553089713	0.00011528965299435217	0.00011991531840527325	0.00011558752039114663	0.00011291883906916707	8.725410230783164e-05	0.00011523064362981147
12	0.00016789199822905734	0.00015738706937296223	8.630180914083018e-05	0.000172550724026838	0.00012667312594257494	8.736151545071762e-05	8.955423206559808e-05	0.00012869148933181688	0.00011418392078724337	0.00010621013377395626	0.00012062908785044686	0.00011661455423913449	0.0001191292433789476	0.00011235352511586777	8.992628679311524e-05	0.00012259366429433164
13	0.0001624658699645342	0.0001751581712100553	9.136077778681231e-05	0.00017022383395997524	0.00012721930873675703	9.026536391837427e-05	9.423616241980121e-05	0.00013768953165209063	0.00011375663890437327	0.00012098270501288501	0.00011266770857597669	0.00011977712938342113	0.0001351572863926024	0.00012196274338329617	9.402846694203863e-05	0.0001139142629121384
14	0.00016017697013811607	0.0001679096247829311	8.868108155262174e-05	0.00015615407234236434	0.00012899409097764624	8.872742438001139e-05	9.119347990505473e-05	0.00013345986352296984	0.00012192937708705444	0.0001046107337363942	0.00011462426405235965	0.00011890172689641806	0.00011410400841821754	0.0001357357405241708	9.180145763702021e-05	0.00011186373400500461
15	0.0001663175311664751	0.00016525223807588765	8.932155325001005e-05	0.0001580386337534293	0.00013059980547784142	9.034993518442871e-05	9.379872573325627e-05	0.00013919881340124324	0.0001117723894845098	0.00011529042065887109	0.000127556542669318	0.00012663331905246312	0.00011987527845895731	0.00013453249199662276	9.317484802384388e-05	0.00011347785674108683
16	0.00015711003584392808	0.00016844457191111188	9.494312758233572e-05	0.00015870511448254408	0.00012893715095793336	9.674487893624961e-05	9.9270014980916e-05	0.00015134683151115196	0.00012088934415355459	0.00012557082523098024	0.0001332579047290532	0.00012817687966758725	0.00012141800390670456	0.00012882043408522702	9.892674037744419e-05	0.00012886465270376738
17	0.00016345049335375874	0.0001740440692118597	0.00010360998272785901	0.00014730309222273235	0.00014152873800416476	0.00010711195453861914	0.00011003489472735869	0.00013767712926339825	0.00013197231675791336	0.0001365555056968837	0.00013025131625625757	0.00012712028436698112	0.00014202648677661659	0.00014217992632934597	0.0001094785902401038	0.00013237183794729667
18	0.0001669965911628588	0.0001736634832728136	0.00011513375471414911	0.00016318293718114283	0.00015627700969580104	0.00012034797999494723	0.00012232755521989015	0.00015709149374078805	0.00013860836537409299	0.00014539971872925877	0.00014553318886382656	0.00015092736278518343	0.00013829103225146067	0.00015374057525584044	0.0001211743942130466	0.0001415005398877712
19	0.00016258837875351038	0.00016544609809932814	0.0001318017052942919	0.00016800780056157856	0.0001585276185305158	0.0001359127429558281	0.00014126476854852064	0.00018640148799103104	0.00015114946390315547	0.00015994877439829054	0.00015938553284932345	0.00016275083672673095	0.00015074119699575873	0.00015869390149897102	0.00013825791656789103	0.00015182220440704408
20	0.00016349017411253583	0.00017584747667590014	0.000150208819476669	0.00016552436332858543	0.00017132767474207708	0.00015355868018215288	0.00015806131336078432	0.00018027166391821128	0.00016635112324643912	0.00017576505307012822	0.00017687968160320705	0.00017623222656604293	0.00016774272259535927	0.0001760185168803416	0.00015727769385823158	0.00018801631521378495
21	0.00015975144052569033	0.00017198149043984353	0.00015455008395412448	0.000168644195690008	0.00016837743599967404	0.0001581626207648002	0.0001609771649667745	0.00017784390316529032	0.0001766686180479344	0.0001717876168966509	0.0001755748020295314	0.00017505092251515617	0.00016733014231434993	0.00017064786827402994	0.0001575614454573437	0.00017171782449063494
22	0.0001499552003490951	0.0001524479216247719	0.00013388200218310525	0.00014513713663783954	0.00015532975218591154	0.00014092932368130472	0.00014305893827987984	0.00015498619920937938	0.00016044240815685676	0.0001479513133065812	0.0001654332831168743	0.00015338428955280765	0.00014997964614707254	0.00016023600964986125	0.0001366261305790349	0.00015468782557331366
23	0.00010487888830382731	0.0001117141147059428	0.0001002087719390457	0.00011033212333011304	0.00012240522247078883	0.00010514402712511053	0.00010782721393194147	0.000123194995784229	0.00012240594568343417	0.00011503322019671081	0.0001259806034074471	0.00011585036645476106	0.00011901140468414328	0.00011162636890033833	0.00010283133722653507	0.00011652931492890455
24	6.14434886660919e-05	6.771974056672034e-05	5.9999702416545426e-05	6.267655044434024e-05	7.486229948386445e-05	6.47176733262034e-05	6.432966601580185e-05	7.349625013457537e-05	7.889159792286548e-05	7.86210982326031e-05	7.752533180841825e-05	7.209212032744702e-05	7.460742277554836e-05	6.957818895261038e-05	6.352978111710648e-05	6.542161836956667e-05
["C2",*,*] : 	1	2	3	4	5	6	7	8	9	10	11	12	13	14	15	16 := 
1	4.596671571939113e-05	4.0050401039027295e-05	4.336748490621266e-05	3.649088274836469e-05	4.070217174611423e-05	3.841652871731719e-05	3.868656577948144e-05	4.016286384138774e-05	3.1533653095540245e-05	4.624935132345388e-05	3.8196492036437505e-05	5.7091538293005133e-05	4.28087282022055e-05	3.997862280763216e-05	4.575276975729684e-05	4.060282585305958e-05
2	6.031868862453099e-05	4.762158067659486e-05	5.2564626031274895e-05	4.413818720074241e-05	5.3158119377574146e-05	4.473843085134527e-05	4.5441387228648046e-05	5.8762940310201784e-05	3.9835127652890077e-05	5.9360484834683964e-05	4.828295893123029e-05	6.688242978656856e-05	4.650768863542581e-05	9.02560906629196e-05	5.082903396364505e-05	4.310739677786513e-05
3	6.329500349597902e-05	5.104368942229674e-05	5.399768148320605e-05	5.3994558571752435e-05	5.611910854698098e-05	4.764393296215672e-05	5.258639117437545e-05	6.0325005318493925e-05	4.927509607073825e-05	6.548778710181774e-05	5.567971808875816e-05	7.369235865603225e-05	6.58205991513034e-05	0.0001006524947621312	5.688495086869233e-05	4.9314443261652775e-05
4	6.290815364203661e-05	5.5317282068997377e-05	5.662890566552129e-05	6.181250781920337e-05	6.578025085760232e-05	5.2435933495163014e-05	5.704509194451287e-05	6.655058884084585e-05	5.648192459804037e-05	6.65528337896097e-05	0.0001066766351032317	6.914564127474144e-05	5.656834471093941e-05	6.882780712202369e-05	5.840458088264391e-05	5.360011713084544e-05
5	6.53421794394159e-05	6.895392065910931e-05	6.677590246787156e-05	7.276141441560271e-05	7.187973577688042e-05	5.949747531031545e-05	6.330664351012441e-05	8.271745891792447e-05	6.604438702013036e-05	8.654345172295231e-05	7.777867984359639e-05	9.608735536043706e-05	6.047646593449437e-05	7.852200888061939e-05	7.170590846530677e-05	6.398429263254363e-05
6	8.61630644970875e-05	8.748040153210037e-05	8.196812352618236e-05	8.795619285792282e-05	0.0001014215710834011	7.839881140582493e-05	8.13347605605582e-05	0.0001078307203340164	8.765062765084464e-05	0.00014623638193780173	0.00010117811892011361	0.0001300909290674876	7.715329019923671e-05	9.608250167557977e-05	9.141619194239468e-05	8.086122335350678e-05
7	0.00011478315779642255	0.00010921936373809193	9.225571500999592e-05	0.00012487756513146475	0.00015174028379712142	8.969769643619741e-05	9.587050722205424e-05	0.0001235751093151913	0.00011469182216667077	0.000204406341767136	0.00011320348349231405	0.00011645656608019398	9.546636967756141e-05	0.0001078969866050509	0.00010799751831102876	9.914962673537677e-05
8	0.0001470811371494844	0.00012050023376528541	9.864487796777949e-05	0.00011426627776433568	0.00015324353355816237	9.358557945385142e-05	9.393536282867119e-05	0.00012169264333808022	8.68724819304667e-05	0.0001246913503191905	0.0001085729559131882	0.0001293139770201003	0.000121703368840529	0.00011286044177576807	0.00010360715295856873	0.0001173229498019548
9	0.00010156829408074028	0.0001530967445368275	8.748104592160668e-05	0.00017019658018597327	0.00013894236904301408	7.63866533619011e-05	8.063436222226522e-05	0.00010230610893040557	8.233914411368796e-05	0.00012632879619263435	0.0001181623942694386	0.00010013398259978584	8.862626270738715e-05	0.00011529640729169272	9.200079116770585e-05	0.00011736801370627913
10	0.0001340534438918078	0.00016336132742460517	8.585704995965629e-05	0.0001277861398496836	0.00014078134023485906	7.333108198718238e-05	7.57609392302865e-05	9.563508903312176e-05	9.436649608840641e-05	0.00014964686652036398	0.00010002664609341142	8.805376723658566e-05	9.079005114344477e-05	0.0001536394631602712	9.00136296464215e-05	0.00012002104730977812
11	0.00015124526191822451	0.00015676939556444648	8.719784348009856e-05	0.00013800522011371967	0.00010890056005357763	7.722498681756773e-05	7.739978064790074e-05	0.00010647301574831814	8.106710311526355e-05	0.00010740093165934331	0.00012827572299738916	9.689508339299879e-05	0.00012179239978554052	0.00010296617417103166	9.09188660336528e-05	0.00011080503208290927
12	0.00017937777493047996	0.00011673030599124188	8.708259063754606e-05	0.00016638176470277095	0.00010767703140624107	8.024321805394882e-05	8.318796465159413e-05	0.00011925208862662056	0.00010299980700642762	0.00010408781028324554	0.00011031680806128099	9.912808193445044e-05	0.00010485148717329878	0.00011443420037730544	9.199950330569405e-05	0.00010088418796320257
13	0.00019020231880619316	0.00018847915642130695	9.295011131657314e-05	0.00013920991225616964	0.00011897251606700217	8.536431835552412e-05	9.027248742180232e-05	0.00015163401598958573	0.0001301697903434782	0.00011987979094680848	0.00011516099235425121	0.00010276312388045923	0.00010880224421427289	0.00016100502634627117	9.706149662273774e-05	0.00010393192291175873
14	0.00016182290112292446	0.00013982901559860447	8.871591118682266e-05	0.0001286960091866047	0.0001290478690439905	7.971775476409986e-05	8.553314107016568e-05	0.00012813546564112457	0.00010978819605300208	0.00010671162221779266	0.00010979724265808371	0.00011143479464169842	0.0001181303021262038	0.00010127084655698688	9.308298432796958e-05	0.00012638161360015016
15	0.00016405127994572837	0.00014267612795055057	9.477378863941031e-05	0.0001680385866704376	0.00010403358999562644	8.523069025953441e-05	8.589056790799082e-05	0.0001292456427814233	0.00010428032698652455	0.0001182721872897249	0.00010702970946265409	0.00010750188439967808	0.00012302987169073723	0.00012315582776569785	9.6942467571291e-05	0.00012038772367190597
16	0.0001400198257635326	0.00013911347220744478	9.714341020109815e-05	0.00010168378848742332	0.00010895147533954489	9.35843308918704e-05	9.176238918939685e-05	0.00016466466421661036	0.00012784011582211733	0.00015601883414275217	0.00010727194345595839	0.00013124677926262696	0.0001128540594507929	0.00011135822403352571	0.00010208979383147487	0.00010545899019457624
17	0.00012682941518196974	0.0001736185167975142	0.00010678958863198709	0.000155018662766896	0.00014518475712751509	0.00010068477790355865	9.966700889094211e-05	0.0001409571290109795	0.00011398394542551451	0.0001379980622680324	0.00018579605266121183	0.00015129686574076213	0.0001834459278448217	0.00011395699739437556	0.00010979962476390322	0.0001305750992909645
18	0.00014379612996753117	0.00015016830496306153	0.00011832014773739349	0.00020806682262305593	0.0001615811101719437	0.00010659342789887936	0.00011054692716504525	0.0001514098163874843	0.00013841925091694033	0.00018578203473325626	0.00012876947063832628	0.000150457024997872	0.00015816457338457612	0.00012602613958089724	0.00012662569810098205	0.0001786111456912046
19	0.00016195136296779072	0.00018343217008299497	0.00013702780162170455	0.00016701731785907634	0.0001707921739878811	0.00013242758943141856	0.00013764679151807534	0.00016217099250038632	0.00015396795024136717	0.00017735018703945665	0.00014347266687134212	0.00017311565325241413	0.00019102953035316362	0.0001581188396766582	0.00015661685275658916	0.00016147285928488304
20	0.00020104455594881243	0.00019852943493066263	0.00015979450391318215	0.00017525089087102618	0.00017423378760090852	0.0001598133484090173	0.000162609691671055	0.0002206837213039927	0.00016217043299891618	0.0001985535758916756	0.0001707403428801631	0.00019050359847593468	0.00019349005865037147	0.00016957768146569677	0.00017605431515732976	0.00016175366390045332
21	0.0002105679280711816	0.00021053157868660284	0.0001727444846348164	0.00018206352973967253	0.0002102901509989349	0.0001687386349764954	0.00017198611639293788	0.0002515530120935969	0.0001705143491006094	0.00019913554358688714	0.00020495167502154426	0.00018240768469509233	0.00021742348244244364	0.00018223308330383932	0.00017999323306402463	0.00016988005629629507
22	0.00015072315144495552	0.00016074638472110417	0.000150557654691927	0.00016235211926873277	0.0001546852154979109	0.00015145718235671008	0.00015557344505881545	0.00018587870534215144	0.00015297859999800973	0.00017495726173834153	0.00015507757665715342	0.0001809439363120489	0.00016944276904469038	0.00016841304535570643	0.00016312182360444936	0.00016173132759691777
23	0.00010609534834650288	0.0001570482395015108	0.00010963054646814448	0.00011535504005577102	0.00011990225065242711	0.00011248414673113483	0.00010882469514293387	0.00012577649635273452	0.0001164628692811181	0.00012949336816804765	0.00012216220875305495	0.00016040960756046738	0.00013032949060397036	0.00012510390907427592	0.00011798414976541531	0.00010832362629929212
24	6.608305563051175e-05	6.940905523370205e-05	6.398554905453081e-05	7.342064518555093e-05	9.27247624505198e-05	6.478280140192063e-05	6.535769299560473e-05	7.303570452710859e-05	9.577665704534345e-05	8.004859486903621e-05	7.79115447329865e-05	7.421721921440776e-05	7.823463198983153e-05	6.718291415465486e-05	7.402594465412608e-05	6.214949340096817e-05
["C3",*,*] : 	1	2	3	4	5	6	7	8	9	10	11	12	13	14	15	16 := 
1	4.376704922070088e-05	4.4087713116179625e-05	4.205070844712099e-05	5.5760707772694966e-05	4.715268753685099e-05	4.398791131243671e-05	4.235055400364652e-05	4.978158416386867e-05	4.829198163486327e-05	4.850162006753018e-05	4.832896811469128e-05	5.2296742253820475e-05	4.417265094676555e-05	5.332600478083039e-05	4.316861942000273e-05	4.5740244290713505e-05
2	5.812463131923034e-05	5.822131550634098e-05	4.8282621977173205e-05	5.642732374016268e-05	5.583267812184916e-05	5.0247283248409436e-05	4.9218066168019044e-05	5.435255690150513e-05	5.669164209186646e-05	6.000051812375602e-05	6.251373586998127e-05	5.712047164036026e-05	6.429832587441515e-05	5.9230998145444993e-05	4.9416046469481274e-05	5.590242905375396e-05
3	6.752414612388281e-05	6.912887308185611e-05	5.3439556057584466e-05	6.79294734376164e-05	6.427406036950679e-05	5.418837861193602e-05	5.3275370024917195e-05	6.324961254691155e-05	7.128934818169688e-05	7.617832006975672e-05	7.162365162885912e-05	6.747037041471296e-05	6.237289794608933e-05	6.749089988244094e-05	5.532645707420792e-05	6.783309742581127e-05
4	7.292470510325104e-05	6.761282229157927e-05	5.7698344374168764e-05	7.924801054317272e-05	6.835008647036263e-05	5.81382066415315e-05	5.737291094490322e-05	7.612990105120473e-05	6.878962637951733e-05	7.99542080629736e-05	7.071936324228784e-05	7.863983123129342e-05	6.610055580634998e-05	7.000643867216188e-05	5.9745468981156425e-05	8.272283712946357e-05
5	8.279441883642322e-05	8.034062607176493e-05	6.533640395697604e-05	8.482661482688411e-05	8.527889722297169e-05	6.805468083696947e-05	6.59509968847013e-05	8.652685779145281e-05	8.055920844208316e-05	8.006008369088406e-05	8.211882930820394e-05	8.217775126438422e-05	7.849044063386506e-05	8.312778104484328e-05	6.811501859947639e-05	8.278377877696011e-05
6	9.795915925460197e-05	9.740517531250039e-05	7.827633296162302e-05	0.00010636071894789025	9.259185241985181e-05	8.330419254014866e-05	8.091189558348703e-05	9.779262404260434e-05	0.00010178825222167239	0.00010076185850485875	0.00011398695518780589	9.689200453529824e-05	9.876464255047473e-05	0.00010693600396898845	8.313934211899626e-05	0.00010292038501179993
7	0.00011167315762202727	0.00010633579074110736	8.77313191372712e-05	0.00012008901785157232	0.0001151716038161203	9.485392950941957e-05	9.277238782788874e-05	0.0001180812905265425	0.00011600979848176544	0.00011725001076954861	0.00012192889414396226	0.00011336302135451647	0.00010558069091081764	0.00011466128389437236	9.449822292773458e-05	0.00011368681309369712
8	0.00012248933506324837	0.00012828389763500743	9.192381701216777e-05	0.000137146033594469	0.00011361376518119624	9.792678493201276e-05	9.59272746747038e-05	0.00012723301185487288	0.00012281206214944401	0.00012412920938492525	0.00012972967110071184	0.00012135118859975595	0.00011262799684767887	0.00011529056734986399	9.859244805369464e-05	0.00011563797495560313
9	0.00013858340576802916	0.0001420995931020019	8.894599980866599e-05	0.0001508902131784772	0.00010820239104105401	9.287627202295772e-05	8.948627176663974e-05	0.00012150008981807866	0.00011227481916185474	0.00011125588721573978	0.00011758959169774302	0.00011962821159245773	0.00010378904501204419	0.0001277535015770942	9.178660707473833e-05	0.00010596673168499134
10	0.00015148917194780835	0.000150708458378184	8.861339466058266e-05	0.0001570764423835779	0.00011532968353427933	9.272101298512306e-05	8.816671145974666e-05	0.00013336788729988717	0.00010842426010350487	0.00011006843123131809	0.00011019205857872594	0.00012236506398084575	0.00011317574416127999	0.00011602778507001418	9.101821812540436e-05	0.00010495049925891091
11	0.00016524054828912226	0.0001500971620475703	8.994520232544868e-05	0.00017010181492741952	0.00013068261996783891	9.480852474863939e-05	9.116868087359827e-05	0.0001420827237890365	0.00010474490531465407	0.00011684612814932893	0.00011774908944548718	0.0001128560571535044	0.00011459475976439263	0.00011988843217395785	9.384430981173687e-05	0.00011028304869073569
12	0.00016306128246874456	0.00015565820317554194	9.277892662126552e-05	0.00015046699122759995	0.0001321141054702017	9.726310617467456e-05	9.309704000155234e-05	0.0001427620794682326	0.00012107680832970693	0.00011911981669678713	0.00012671727268429202	0.00011339809565714993	0.00011647545529357302	0.00011674401023927124	9.512921391268394e-05	0.00011430529316393738
13	0.00017834210042230804	0.00016126917121740616	9.680862947657468e-05	0.00015857026476305064	0.000140406355479321	0.0001021594080013485	9.792003071178633e-05	0.00016123094564260952	0.00012344778619127202	0.00012418672228123196	0.00012139087125697974	0.00012235796202659022	0.00011768762655715158	0.00012175125646396585	9.937144927937284e-05	0.00012125593498447693
14	0.0001612775918443251	0.00016405868110430427	9.50725698073114e-05	0.00016507285757695812	0.00014150921560198424	9.975447663917455e-05	9.479147926108165e-05	0.00013804032331076138	0.00011550738430910063	0.0001231291076568527	0.0001222272733570672	0.00012348590836131542	0.00012218032633977383	0.00011891993147052303	9.857693740149985e-05	0.00013186090634545702
15	0.00015251646852513926	0.00016502830598287517	9.609186830098985e-05	0.0001668993546083639	0.0001504685635518949	0.00010223458342581077	9.610488009440888e-05	0.00013936585797750314	0.00013149381305496268	0.000113539076651964	0.00011948464175016424	0.0001279076778844134	0.00012172158659847755	0.0001305738309724636	0.00010019147615280963	0.00013063433017472103
16	0.00016484494423676452	0.00017185836303364697	0.00010047895598160728	0.00017009327712682646	0.00014762202625330186	0.00010853236871830061	0.00010134554993919097	0.00013691004007843573	0.00012693842573256075	0.00013608790674490828	0.00012687113147866733	0.00012535033752714595	0.00011967404348088664	0.00013427978279739042	0.00010478664972130974	0.0001343297355166853
17	0.0001527138997566505	0.00015247441687850398	0.00010825470851780772	0.00015560854165804172	0.00014135620249195631	0.00011580799985163287	0.00010982449371053393	0.00014955020499002732	0.00014418260629409305	0.00014440408142461834	0.00014190375244086092	0.00013597235452896748	0.0001396816018625134	0.00014175931228967544	0.00011460004054199037	0.00013786735051768748
18	0.00015576956272619343	0.00015016340895928883	0.00011643536209872724	0.00015330535287258313	0.00014189754899261798	0.00012616986019464032	0.00012052052344546875	0.00016129498229075048	0.00016025824258358057	0.00014991652168607812	0.00014898489047280195	0.00014926303143525727	0.00014682937692022305	0.00015080734352174407	0.00012496133016499103	0.0001595170451868476
19	0.0001617581385878921	0.0001462971504398181	0.00013100960123475273	0.0001514016316082452	0.00015249364133524285	0.00014101740488928048	0.0001376070922020008	0.00017241478490178486	0.00016350568476755642	0.00016479994412567128	0.00015370453446633553	0.00016233501758315886	0.00015586260972709034	0.00016200842816302774	0.00014063229285754807	0.00016231266126565097
20	0.0001629845548828187	0.00015545744124657315	0.00014480391737913087	0.0001578478821289323	0.0001688747136213246	0.00015364788013396457	0.00014983565437917782	0.00017748437027285347	0.00017370612342524643	0.0001805006378770312	0.0001788966420821382	0.0001837177236358367	0.00017173116702272925	0.00016934982938654356	0.00015255763456069365	0.00017035234404800352
21	0.00016087369991699547	0.0001529758704623136	0.0001445029382789972	0.00016022825247587465	0.00017247982809128032	0.0001517292390081117	0.00014928951142021123	0.00016754019341890813	0.00017073746613818528	0.00016916740495389045	0.00017728042770908656	0.00016716365819458056	0.00016486981851783936	0.00016283533825203848	0.00015093140596984705	0.00016343315591871603
22	0.00014004578293540088	0.00014114231711559268	0.00012682434462861082	0.00013764999922328825	0.00014672203681945353	0.0001297341000914792	0.00012966629385789918	0.00014244585525058275	0.00014594370666744043	0.00014666820413329872	0.00015539190041343254	0.0001392324387849317	0.000141181930407024	0.00014316351533081445	0.0001305257953981955	0.0001445155134844132
23	0.0001030353710617032	0.00010857179856719515	9.475487982883034e-05	0.00010617645228651314	0.00010703578720458169	9.970838973442837e-05	9.831091697883921e-05	0.0001172522910889821	0.00011597109752664132	0.00011683735483577558	0.00011261061803890348	0.00010922546674063148	0.00011206374449946414	0.00010864346012774706	9.80926780954248e-05	0.0001103460658105298
24	6.243650239136729e-05	6.715099515475727e-05	5.858580469324474e-05	6.50072336932212e-05	6.844766709357655e-05	6.207097480133964e-05	6.241820515916601e-05	7.536363225413565e-05	7.399820689377775e-05	7.283052021955478e-05	6.891181022938099e-05	7.264398294449796e-05	6.737121720660168e-05	7.125944803194724e-05	6.250148303817478e-05	6.6182028163537e-05
["C4",*,*] : 	1	2	3	4	5	6	7	8	9	10	11	12	13	14	15	16 := 
1	4.66324032256171e-05	4.3670170069738884e-05	3.977453963313347e-05	4.7135514281741306e-05	4.3785260570115305e-05	4.012518347674848e-05	4.110940490992383e-05	4.42982389284419e-05	4.7462603094621214e-05	4.859585119637067e-05	4.728965159478133e-05	5.0545289759140826e-05	5.1151231179146415e-05	5.163361815815183e-05	3.9559118063128066e-05	4.4853478379136846e-05
2	5.7935137712722255e-05	5.8310221287689374e-05	4.781779081198843e-05	7.30713064804718e-05	5.945869300509496e-05	4.646860187889117e-05	4.872766082675615e-05	5.365863478507804e-05	6.0509579522346845e-05	5.6833361080440236e-05	5.5573034778724224e-05	6.413510373192436e-05	6.25795173699552e-05	6.246911813113016e-05	4.618043959863095e-05	5.5447794797213944e-05
3	6.82869015946108e-05	5.8844702881354913e-05	5.200662209365153e-05	6.810856262948816e-05	6.326414591993497e-05	5.212698095737234e-05	5.325284224679503e-05	6.143262733852565e-05	7.274644524992739e-05	6.406109066769192e-05	6.833490871547818e-05	6.842341460744113e-05	6.367429989553134e-05	7.002055871011849e-05	5.1616715526877774e-05	7.079474064647281e-05
4	8.287037234584656e-05	7.113182729338277e-05	5.672626751512237e-05	8.055477289623151e-05	7.237681960001641e-05	5.548100112903282e-05	5.718988092931303e-05	6.74286944188247e-05	7.320177532480724e-05	7.487644232864778e-05	6.903017278309257e-05	6.750977493816047e-05	6.696501966385066e-05	7.957944816488905e-05	5.544203831302826e-05	7.912539140686154e-05
5	8.581144490252153e-05	7.939484417046752e-05	6.255903811222892e-05	7.905406025456736e-05	7.850652121883022e-05	6.507367767633918e-05	6.662867114537e-05	7.837389359805368e-05	8.479831256694693e-05	8.668851090851049e-05	8.475940496331136e-05	8.462825280643782e-05	7.892940814771893e-05	8.922943235322356e-05	6.306350141827626e-05	8.08783465933616e-05
6	0.00010020890185210825	9.927813402360276e-05	7.641495480357875e-05	0.00010341609397199153	0.00010142501434017331	8.05347371612553e-05	8.190452682155626e-05	9.837221463849076e-05	0.00010508443160383863	9.761184562711892e-05	0.00010602625075325237	0.0001010506550962725	9.869265417845453e-05	9.941779697348309e-05	7.913482569864023e-05	9.407605721769888e-05
7	0.00012049933665209304	0.00012364327724875764	8.769084297292269e-05	0.00011810426940768113	0.00011527769356361	9.312913954473667e-05	9.407756955403954e-05	0.00011691906984242813	0.00011742034076570463	0.00010903026292980582	0.00011718457001667593	0.00012039063083807838	0.00010916725094570216	0.00011168423898384748	9.2530169632201e-05	0.00011702121689378046
8	0.00014329179817314542	0.0001299871257499928	9.159650121728165e-05	0.00012892377034505012	0.00012000935827824206	9.367096287686433e-05	9.501134534648153e-05	0.00012470557350286276	0.00012093203390366122	0.00011467902332032861	0.00011780390958910225	0.00011824280944173843	0.00011954536378086704	0.00012095480831486553	9.352649731183581e-05	0.00011573321366458506
9	0.00013848679474636646	0.00013734266626220192	8.381356745453341e-05	0.00013169969802758404	0.0001151895342385509	8.446759950496411e-05	8.571257139865376e-05	0.00012013044971975027	0.00011345009711074203	0.00011259356629982855	0.000111189780659754	0.00010695324832686512	0.00011347038030447081	0.00012037047567267501	8.389341647976337e-05	0.00010256023915581143
10	0.00015608693075408258	0.0001477765793637292	8.353924689479286e-05	0.0001526543233535582	0.00012106749304444953	8.20172737981534e-05	8.399605158398032e-05	0.00012058553357055537	0.00011527076898775475	0.0001051943904124417	0.00010806675341887066	0.00010800770893308579	0.00011808358899980946	0.00011633558306865034	8.22198376602871e-05	0.00010878378712093327
11	0.00016422937777328558	0.00016699402579764043	8.508817099066708e-05	0.0001614403136589275	0.00013044779422890018	8.540420011128018e-05	8.611115386309611e-05	0.0001228058336958634	0.00011588504490397703	0.00010962719511623759	0.00011543369551178387	0.0001154114798397607	0.00011578120247955205	0.00011646368239152675	8.385511694850289e-05	0.00011559847262441657
12	0.00016328128460022746	0.00015895979491974875	8.80071062533387e-05	0.00015655012080928555	0.0001383004555044413	8.784600000427067e-05	8.798254942509322e-05	0.00012661806026447383	0.00011462249459958816	0.00011087107073735311	0.00011720131417014303	0.00011881410399004804	0.00011199931400890271	0.00012735434914994345	8.629617285652022e-05	0.00011598716719245251
13	0.00016755913342284315	0.0001678855364763449	9.274714252930898e-05	0.0001743896635961517	0.00014463134640807995	9.172936271466272e-05	9.346135801036212e-05	0.00013385146256582474	0.00012877759618716073	0.00011285766874247591	0.00011993569525858074	0.000124875602134214	0.000129057006344017	0.00013012487822045154	9.214299260001608e-05	0.00012027426420017269
14	0.00016992059661153126	0.0001635082443885165	9.063454602402602e-05	0.0001710379437662008	0.00014090055294091458	8.92366262734249e-05	9.030112913054527e-05	0.00013142226245481023	0.00012321374417335914	0.00010986175643790584	0.00012104277930166795	0.00011857961228984097	0.00012392611227168544	0.00012558231811255968	8.978905077687963e-05	0.00011312614997678948
15	0.00017118278821673922	0.00016634702497561021	9.208353869991812e-05	0.00016402736865161026	0.00013841818953764132	9.134771810005317e-05	9.320285313227651e-05	0.00014211704334031873	0.00012443407738320472	0.00012104462447542302	0.0001290494937576134	0.00012369310757852196	0.00012154000582261391	0.0001217908523123335	9.121104116063441e-05	0.00011866698741571006
16	0.0001625872337094149	0.0001614013402513372	9.760195800259601e-05	0.00017116862380861002	0.0001381905186606943	9.757888963139819e-05	9.859751825971937e-05	0.00014131838775682893	0.00012817248880919285	0.00012851022887420344	0.00012539164119935363	0.00011933035201041345	0.00013148840907052948	0.00012006515041107475	9.795837241102345e-05	0.00012832930178117963
17	0.00015431320087726577	0.0001636624048899265	0.00010504868529917707	0.0001597905020877698	0.00014204025983637804	0.00010593591876370823	0.00010838568479114448	0.00014455612404113433	0.00013860091682127185	0.00012779149271907288	0.0001363867827983947	0.0001330077655381235	0.00014392445954774502	0.0001279864047743859	0.00010607965887625888	0.00012606181635420454
18	0.0001569304306076411	0.00015549894511245329	0.00011357427043092198	0.0001597970137149904	0.00014617188077261728	0.00011578956947560689	0.00011878967388742713	0.0001563796135951655	0.0001428995725281958	0.00014016632673697038	0.0001481826188171402	0.00013848027230095158	0.00013939609871539105	0.00014353734367502171	0.00011569426245977113	0.00014446087622506644
19	0.00016862394202095515	0.00016813668210289494	0.00012926840162507335	0.00015136194695125203	0.00016196003656957083	0.00013412940294538908	0.00013558736348521277	0.00016573166746775545	0.00016028211149221065	0.00015718929675630276	0.00016548679639722096	0.00015276049855158605	0.0001598071645781602	0.00015806648937464042	0.00013289690774442964	0.00015426631815617728
20	0.00017839611480684116	0.00017400758241421885	0.000149591208409018	0.0001617209321896098	0.00017122322079873514	0.0001551289217046031	0.00015601896299111215	0.00017182772556434035	0.00017876949864743778	0.00017843524956958278	0.00017622940869595373	0.00017599126703224887	0.00017677342712196228	0.00017714227462177707	0.00015541461069954778	0.0001686486615410695
21	0.00017752494093709463	0.000165037195846055	0.0001528673505146387	0.00016719217613665903	0.00017615668863651656	0.00015966145221491508	0.00016031718842900416	0.00016946316524943877	0.00017719545061268486	0.00018124442444388984	0.00018421213286785867	0.00017536586156428698	0.00017617292280626485	0.00018098072941046458	0.00015799429797880746	0.0001756240729014738
22	0.00015088395097549858	0.00014818960988796827	0.00013355487199392696	0.0001443048495026113	0.00014999417362994373	0.00014000529593196775	0.00014058737745242434	0.00014849342893017017	0.00015363775311108338	0.00016275394117066088	0.00015924154080680937	0.0001542703581405648	0.0001537223833077169	0.00015798492929840446	0.00013804684862273476	0.0001524917476670189
23	0.00011146716670677407	0.0001169523660161794	9.860682873716168e-05	0.00011712851471318045	0.0001239047892638413	0.00010577262708351966	0.00010484436215162102	0.00011751099304132113	0.00011544213621887363	0.00012140067275357892	0.0001123159330092348	0.00011425567531039113	0.00011419490479806609	0.00011386305378807605	0.00010354975278630295	0.00011858652788263392
24	6.740382612892847e-05	6.575730621862278e-05	5.9316239553696486e-05	7.086200762919829e-05	7.16647766928327e-05	6.385040338274586e-05	6.3382901733189e-05	7.523817142035743e-05	7.647392771943626e-05	7.272058633186756e-05	7.251404856117382e-05	7.233869025969394e-05	7.412936997133006e-05	6.793494693866927e-05	6.207875457268829e-05	6.703564408875925e-05
["C5",*,*] : 	1	2	3	4	5	6	7	8	9	10	11	12	13	14	15	16 := 
1	4.739161531665584e-05	4.896313130628418e-05	5.3397480159958544e-05	4.961479711114348e-05	5.52270304291144e-05	5.2626496982709916e-05	4.9436263621205085e-05	5.215315125389893e-05	5.826885645031253e-05	5.427852974781438e-05	5.2450916750670623e-05	5.053190711247781e-05	5.028538284227979e-05	5.046892820680645e-05	4.983645013507783e-05	5.405139372646168e-05
2	5.705692784587431e-05	5.413536025473585e-05	6.185573823736142e-05	8.134147285053041e-05	6.033439861112326e-05	6.22321004634499e-05	5.8401376887273816e-05	6.104002766671756e-05	6.923720579805514e-05	6.068937651085699e-05	6.218962337739106e-05	5.8602331903558354e-05	6.179569782457253e-05	5.6895797982888165e-05	5.945975194910816e-05	6.074125237857733e-05
3	7.76168012975612e-05	5.9517628692963005e-05	6.709670215685442e-05	7.864045854415515e-05	8.896869774912056e-05	6.785674029880144e-05	6.366249675162143e-05	6.716244347834186e-05	6.786515245489634e-05	9.267496623625187e-05	8.778294073068815e-05	6.528397373905225e-05	7.04166708828409e-05	6.760928871767269e-05	6.861647652161494e-05	6.744274060271476e-05
4	7.272393511946906e-05	6.556165355208302e-05	7.054488129264324e-05	8.523162969182804e-05	7.620000180773893e-05	7.366833384154592e-05	6.662336389540817e-05	7.723703828082757e-05	7.325113157940542e-05	8.190656720481035e-05	7.129550945188172e-05	7.553152577685515e-05	6.883278927662518e-05	7.229651835092548e-05	7.507096451590844e-05	7.178724475436017e-05
5	8.236428119352342e-05	8.339890070127171e-05	7.816333339536405e-05	0.00012834513413009313	7.851665464325844e-05	8.539764244764781e-05	7.61410595218492e-05	8.54184832686483e-05	8.070658646881601e-05	8.703360951693514e-05	8.429392749879653e-05	0.00010772719580795651	7.321226564305076e-05	8.011980468105793e-05	8.643016515331904e-05	8.075280419547222e-05
6	9.783667553461116e-05	0.0001071062987703414	9.293258828330304e-05	9.287407189177287e-05	0.00011015442241059578	9.782026973426149e-05	8.792923243079308e-05	9.356010658228371e-05	9.65018379250673e-05	0.00010789265266935754	0.00010516334426336396	0.00010656347523743261	9.127017554178125e-05	9.437306967184095e-05	0.00010009645751423864	0.00010378514909754372
7	0.00011904956757216337	0.00011135510686081733	0.00010122916883430503	0.00010850958199056196	0.00010425301675069272	0.00010694361187695677	9.671618710257604e-05	0.00010194827113736119	0.00010698204937322419	0.00011593511438569149	0.00012608386656915192	0.00010678141850847087	0.00010902819853325003	0.0001063374391249118	0.00011141808517250228	0.00012755860729370144
8	0.00011974586844659875	0.00011385785015940469	0.00010444572109264762	0.0001276544248692616	0.00010269949015179243	0.00011287169155770833	0.0001042078377514031	0.00012089678028035716	0.0001139480269045482	0.00012235153120883208	0.00012917568379709965	0.00013768461880585257	0.00012337123117647905	0.00012614156833908304	0.00011413890920951677	0.00012666414962817418
9	0.00014673389673997174	0.00012401990587745896	0.00010772450619889508	0.00013768908946624052	0.00010817638359348925	0.00011161115185132042	0.00010041777490967896	0.00012852835754938267	0.00011318613515907262	0.00012274744206245558	0.00013038570101068644	0.00012487049625423705	0.00012939705085491154	0.0001344581644825664	0.00011299475941401561	0.00013528326093665877
10	0.00013712278667175236	0.00014541892859998848	0.0001084599008492103	0.00013459187053342604	0.00011877004238658626	0.00010828091252892307	0.00010042859885484135	0.00012701027310020344	0.00011434369320195279	0.00012264681677687212	0.00014976064606684214	0.00011242228238176443	0.00011089529547604893	0.00011023695792019485	0.00011267214651561921	0.00013003276865982587
11	0.0001567343903364524	0.00013545535110913676	0.00011013073134730434	0.0001398694127450793	0.00012264038966692693	0.00011072141568175338	0.00010285006523415187	0.00011698371144255865	0.0001292505839262624	0.00012398059232343568	0.00013216643160090166	0.00012125676496324962	0.00011265649933171913	0.00011419461965396369	0.00011488470555950402	0.00013022234680644008
12	0.00013797307801445034	0.00012587484934470288	0.00011123941531831805	0.0001379883156813812	0.00012679059672162488	0.00011359211855425697	0.0001039482982887777	0.00011712348752754863	0.00014196079826725953	0.000122569435021668	0.00012612747903411312	0.00012186289715388006	0.00012353438248903628	0.00012422995724709805	0.00011492484866985335	0.00016824120320951846
13	0.00014499836084747803	0.00014516832036009356	0.00011608002861164865	0.00014603395832544485	0.00012813229565145556	0.00011759226865994906	0.00010599698363732259	0.00012459796035233954	0.00012441423585596518	0.00012810334001125124	0.00013269907813399223	0.00014140585375877482	0.0001303176163792403	0.00012675146145102968	0.00011854849169948755	0.00014544472232033766
14	0.00016924431332318674	0.00014329648715639723	0.0001160016981617342	0.00013188569627794097	0.0001289216481216504	0.00011723468320733925	0.00010627635404481125	0.00014618476311408182	0.0001359131965404591	0.00013843493656030416	0.0001345806461507441	0.00013226827567917	0.0001112970585372651	0.00013611110521136166	0.00011814739289431518	0.00013726066536712787
15	0.00013040990655835693	0.00015735998680723834	0.00011659927894691449	0.00014305439179724476	0.0001711039134560534	0.00011963354137620873	0.0001083113780193641	0.0001415979234595645	0.00013598000162200576	0.00014298575721133597	0.00013108488131801312	0.0001299711009554692	0.000131731974889348	0.0001301021623711429	0.00011947216763581788	0.00013119878994229348
16	0.00013863261654323413	0.00017955251504283507	0.00011662069314274607	0.00014392827593942299	0.00014986375577866022	0.00012270265747585987	0.00011316228660230975	0.00013019797604329764	0.00013094631477644395	0.00015235833368362086	0.00013382325722620053	0.00013051255159637768	0.00011970929651864291	0.00014104306966260797	0.0001209959153175412	0.00013200851889925633
17	0.00014732319774503696	0.00014760518868840917	0.00012378128479453182	0.00013865353008612926	0.00013182691759527164	0.0001273207539916777	0.000121214754672321	0.00012956129706977654	0.00013061633532275308	0.00014359044523055772	0.0001431519526630071	0.00013199676645518366	0.00014196469394058163	0.0001336413109808625	0.0001261785563180831	0.00014206289767856523
18	0.0001432495641880355	0.0001443580019056554	0.00013621840470877465	0.0001320068528283809	0.00013785547414777875	0.00013982864280037558	0.00012743996588758687	0.00013787477609756275	0.00014157858408809113	0.0001507709433493585	0.00014055702534063844	0.0001455166830232686	0.00015880430132992864	0.00015209044850742772	0.00013616584158886622	0.00014432264232131363
19	0.00016200833200545828	0.00019125409689935854	0.00014296961599328774	0.00014655092814447012	0.00015329236227262484	0.00014712119000006766	0.0001393456293799432	0.0001658820811795976	0.00015767459358746464	0.00016799860592459675	0.0001518325890321244	0.00014815659816335704	0.00015030079322836314	0.000167073080542632	0.00014263328384868823	0.00015092607242106853
20	0.00014546352641766917	0.00017241544287451135	0.0001473830547830916	0.0001532292279100187	0.0001517929515812322	0.00015414954319273793	0.00014589505711018832	0.00017865468119498235	0.00015241072743002725	0.00015815930125119768	0.0001803146410769605	0.00014910307646160897	0.00015118861401893996	0.00016290105512099196	0.00015041811808723103	0.00016176989183643497
21	0.000136579030396996	0.00014584345380124365	0.00013998964537878742	0.0001379985144044569	0.00016006058726887468	0.00014349772949650807	0.00013737558675287268	0.00014322947935287896	0.00014685660030771308	0.00016948794492291908	0.00015457559182133844	0.00014780218455873645	0.000142813589055851	0.00014280899832358408	0.0001415033473334414	0.00014903638288145022
22	0.00011520844611481188	0.0001196339087195926	0.00011841940497746849	0.00012466722728827586	0.0001260008826782471	0.00012113267501140347	0.00011543253426335929	0.00012137185589202015	0.00012077585606676742	0.0001281370372583086	0.00012290618202928923	0.00012743959676212086	0.00012077455725446561	0.00011969905146395177	0.00012009956009277887	0.00012238546325369178
23	9.141782944195678e-05	9.23775997343554e-05	9.715727636137216e-05	9.28569168092676e-05	9.88484241163801e-05	9.442677224366143e-05	8.954032808410399e-05	0.00011016910918956931	9.325516808768228e-05	9.750059057680323e-05	0.0001022502515372761	9.589213989804891e-05	9.274160423550333e-05	9.302057522378316e-05	9.332596226940772e-05	9.902573117651252e-05
24	5.8654504683883624e-05	6.833306737298571e-05	6.427384184170403e-05	6.240176679718264e-05	5.9701629991021024e-05	6.650604989818017e-05	6.133859310493728e-05	6.438869822736765e-05	7.631310913292457e-05	6.460399974845028e-05	6.569920529575215e-05	6.345119391950186e-05	5.875436227346765e-05	6.746713885930713e-05	6.500644098219308e-05	6.828303636863881e-05
;
  
 param  cooling_time_series  := 
["C1",*,*] : 	1	2	3	4	5	6	7	8	9	10	11	12	13	14	15	16 := 
1	0.0	0.0	0.0	0.0	0.0	0.0	0.0	0.0	0.0	0.0	0.0	0.0	0.0	0.0	0.0	0.0
2	0.0	0.0	0.0	0.0	0.0	0.0	0.0	0.0	0.0	0.0	0.0	0.0	0.0	0.0	0.0	0.0
3	0.0	0.0	0.0	0.0	0.0	0.0	0.0	0.0	0.0	0.0	0.0	0.0	0.0	0.0	0.0	0.0
4	7.178383491270393e-07	8.374211501995861e-07	2.79325441064561e-07	6.679571686113604e-07	1.9951641606340303e-07	4.3866972532951234e-07	1.8505766469889457e-10	2.792696247491759e-07	9.98916023806721e-08	9.171268485692874e-07	2.1948171273261433e-07	5.783410841010788e-07	1.295897361491441e-06	1.3158805991191686e-06	2.992455530975082e-07	3.7893397498863804e-07
5	1.0775882897418697e-05	5.722446135011525e-06	7.994686139856122e-06	8.313566743090141e-06	7.625947280664522e-06	6.938064684180652e-06	4.286856483630249e-06	7.695963200235401e-06	7.227304498265464e-06	8.164297635992148e-06	9.001591538282254e-06	1.174248227133744e-05	1.3975038204903235e-05	1.1463367138175498e-05	1.0985186438592865e-05	8.85192540441709e-06
6	2.647524091167014e-05	2.2548044165502186e-05	2.2448041927210658e-05	2.071357750254121e-05	2.107235381391655e-05	2.0922949152909762e-05	1.9627184355167363e-05	2.6066449527070198e-05	2.4820063563005024e-05	2.121216272003674e-05	2.244833695630627e-05	3.60329304001326e-05	3.379051491314202e-05	2.9464777382246582e-05	3.500661919715099e-05	3.07901793144985e-05
7	4.733729811913461e-05	4.487551520996198e-05	4.145630873043192e-05	3.882479471873315e-05	4.0449272097216644e-05	4.355931167358952e-05	3.732001908323236e-05	4.50246607237902e-05	4.096754884564401e-05	3.7698703213761667e-05	3.959241922774371e-05	6.042294885525499e-05	5.9516333747176546e-05	5.7812060965530795e-05	6.216766786667653e-05	5.554917883175245e-05
8	7.300326990243747e-05	7.153817767373554e-05	6.834810647157993e-05	6.13217064879831e-05	6.469998366081731e-05	7.411905764914091e-05	6.567729943504997e-05	7.060091442491119e-05	6.726147377918586e-05	6.021518823651323e-05	6.24974559082087e-05	9.22385190680112e-05	9.501965502565879e-05	9.572741753313892e-05	9.673406278766656e-05	9.492987182444231e-05
9	9.209113974187692e-05	0.00010316448439593015	9.499097009091054e-05	9.64066814924954e-05	8.87214303734543e-05	9.372495804718809e-05	9.503117411774634e-05	9.568890626896314e-05	8.988759068359275e-05	8.014037124816119e-05	8.915018539352356e-05	0.00012565863591549182	0.00013402147949456223	0.00013041352449648115	0.00013417101738381594	0.00012341655931330343
10	0.00012444499286515414	0.00012736540880295373	0.00011837469214344124	0.0001265380681457846	0.00011613172613482857	0.00011970983535171582	0.00012488317386554943	0.0001168996699263991	0.00011816480186643634	0.00011728807141165467	0.00011434820249127994	0.00016212882136313036	0.00017773759016202864	0.00016980411059887317	0.00018266145300293476	0.00016606619262626583
11	0.00014823687504645562	0.00015358938991301443	0.00014895445823521485	0.00016427431215070216	0.00014631287768460311	0.00014458856219433941	0.00015059889459785136	0.00014626344835045989	0.00013771112798275517	0.00014274465460039677	0.00015562269954154224	0.00019666521601135922	0.00021726753631425165	0.00021617145139468368	0.00022321807249966755	0.00020784874140750094
12	0.00017709223793668232	0.00018014236866569153	0.00017599573240127854	0.00019932896328074074	0.00018217546267049154	0.00017636452674453317	0.0001757765317635038	0.00017974346374591548	0.0001583139592707952	0.00017842733895039777	0.00018386024426194784	0.00022820146576659378	0.00025298005315589704	0.00026636619002917667	0.00026022629367141944	0.0002535281155501534
13	0.00020488096831632976	0.00021840642337729542	0.00020811013951192947	0.0002302373552385793	0.00022564221295225971	0.00021187770790869178	0.00020437270561295666	0.00020457216156131555	0.00020007653611061742	0.0002084885541957891	0.00021642325440864127	0.00026242887657586294	0.0002852637275621714	0.00030789942925749466	0.00030283587313008727	0.00029146328624528783
14	0.00021882481649716513	0.0002261109949152209	0.00022252246432711946	0.00024087220392887007	0.00023582853070252863	0.0002312534796318445	0.00022216379665828992	0.00021574523402350139	0.00020778116911294382	0.00021704030875886835	0.00021916442754567195	0.00028238282924348363	0.00030006464921975473	0.0003137800947122342	0.00030923478476713444	0.000308078289317777
15	0.00022035971400526571	0.00023693501240760976	0.0002268181839764955	0.00024728089936870175	0.00022715735646828956	0.00022749597079693178	0.00022097773949290804	0.0002266589533183008	0.00020869812087109403	0.0002218244048880901	0.00023060639078810997	0.00027583459766662374	0.00029585863137278925	0.00031420866999053875	0.0003056766132709887	0.00030356329859578695
16	0.0002158546901501992	0.00023417419026643317	0.0002250839491296279	0.00024361309233629847	0.00023022715148458958	0.00022881159723251717	0.0002233099863558789	0.00022634001357635267	0.00021655201201651694	0.0002196615947630168	0.00023525095078020467	0.0002790140282191814	0.0002931376766993068	0.00031996951907945187	0.0003069822728396505	0.0002996762204907696
17	0.00019854207350465043	0.00021916389662624965	0.0002116483772741293	0.00021588501236355394	0.0002122865484647673	0.00021069164708863188	0.0002090671424664446	0.00021935307140864005	0.00020825941061245777	0.00020785060660276673	0.0002176890312264641	0.0002664754644207003	0.0002737618461696828	0.00030427145646886244	0.0002963473620204271	0.0002915032165063476
18	0.00017577663907704296	0.00019153461286064235	0.00018116823134472064	0.0001857239822631917	0.00018747759500646767	0.0001723279147371566	0.00018156734956251133	0.00019673712237632386	0.0001761951079475125	0.00016939712693195912	0.00018634202403052959	0.00022618817558979842	0.00024107934359117821	0.00026977483260660597	0.00024945194240033884	0.0002496312061321308
19	0.00014895447318604444	0.00016104462565094275	0.00014313328931804057	0.0001581938601688631	0.00015699763413459577	0.00014318340904689118	0.00015277193173374943	0.0001486952824839904	0.0001357083056907453	0.00014042218356632267	0.0001520943525633508	0.0001893691497994412	0.00020687177747540919	0.00022923823488721996	0.00020965283801460642	0.00021172574798998525
20	0.00011939138101236705	0.00013483042269549195	0.00011581274585960149	0.0001358167916767762	0.00012564067269685422	0.00011771686762954634	0.00012040805958179077	0.00011678001469703905	0.00011043089520014925	0.00011714833825630744	0.00012200298886608876	0.00015153370425449787	0.00017216604310341864	0.00019103398835419784	0.0001725548595563354	0.00017454794788169232
21	9.615739087718752e-05	0.00010142000127489939	9.298745840096669e-05	0.00010107092570619698	9.762239340109684e-05	9.664571785329114e-05	9.275866067940434e-05	9.740299508059732e-05	9.182135025250388e-05	9.606733457471358e-05	0.00010127071057221401	0.00011999732326435724	0.0001321075709317855	0.00015196246193240954	0.00013673264571403154	0.00013342344654733706
22	7.333199643725742e-05	7.429863003189335e-05	7.215549416125405e-05	7.152788355042669e-05	7.612260854340149e-05	6.987344809362022e-05	6.704263993439966e-05	6.431161473508879e-05	6.959392065065238e-05	6.73317548262548e-05	7.503654830048008e-05	9.059382023583966e-05	9.401272703491454e-05	0.00011575145854860308	0.00010025266250952714	0.00010512625644589856
23	5.332697881813041e-05	4.773549304205071e-05	4.61109276199745e-05	4.5622600976110766e-05	4.787500758355523e-05	4.965919471027343e-05	4.320056758949151e-05	4.5303427004981e-05	4.702781791368334e-05	5.0885200409943745e-05	5.049657632391631e-05	5.52500475692055e-05	6.056274812641598e-05	8.181277092028235e-05	6.980245439181021e-05	7.70981933473773e-05
24	2.5119320744501567e-05	2.4660932576802427e-05	2.5199157013180473e-05	2.1561285799010233e-05	2.066406610511497e-05	2.7960015700824646e-05	2.1790331039352102e-05	2.1949851078562527e-05	2.572752555077343e-05	2.6654371747499096e-05	1.9847120904422363e-05	2.998286209596983e-05	2.7969884224728694e-05	4.192390293552987e-05	3.3411776627497205e-05	3.968118544240428e-05
["C2",*,*] : 	1	2	3	4	5	6	7	8	9	10	11	12	13	14	15	16 := 
1	0.0	0.0	0.0	0.0	0.0	0.0	0.0	0.0	0.0	0.0	0.0	0.0	0.0	0.0	0.0	0.0
2	0.0	0.0	0.0	0.0	0.0	0.0	0.0	0.0	0.0	0.0	0.0	0.0	0.0	0.0	0.0	0.0
3	0.0	0.0	0.0	0.0	0.0	0.0	0.0	0.0	0.0	0.0	0.0	0.0	0.0	0.0	0.0	0.0
4	1.601449548984707e-06	1.230013362783306e-10	1.2533696919966099e-06	1.396181205755541e-07	2.3207799297798225e-11	2.784935915735787e-10	4.084572676412488e-10	0.0	9.750594420374836e-07	8.818963733163324e-11	9.748482510638739e-07	1.3229907691100748e-06	1.3460523592722962e-10	3.852494683434505e-10	2.5992735213534016e-10	6.963593010501548e-07
5	1.1558282398599361e-05	9.678095576148446e-06	5.014031113609727e-06	7.450905738596856e-06	6.545518430831291e-06	4.8752577569286135e-06	5.919081908285473e-06	1.3979449985021737e-07	1.5318365946009963e-05	4.108318896653995e-06	1.7963660533370893e-05	5.5707467655050985e-06	7.311361882979054e-06	1.4413442794230356e-05	4.73552359735657e-06	1.357741895700605e-05
6	2.304682536030883e-05	2.033131789695235e-05	1.6154141459781783e-05	2.0262177221284336e-05	1.1350342837671018e-05	1.9706789055508806e-05	2.8477311149197823e-05	4.735806732508003e-06	2.9034609316855577e-05	1.775502705924355e-05	4.038330904233631e-05	1.4343895982074642e-05	1.900862418767328e-05	4.748503487425835e-05	3.4047568230137756e-05	2.736326251794577e-05
7	4.233254138847808e-05	3.80162156282778e-05	3.397814441931832e-05	3.411789250356994e-05	2.7642932744943753e-05	3.537257343622687e-05	5.040960515602919e-05	2.666836530825138e-05	4.449160241041107e-05	3.481333509654783e-05	7.777147288523715e-05	4.275060668502863e-05	4.4004106340701314e-05	8.055642272565248e-05	8.013821586152626e-05	4.992169598749192e-05
8	5.5909663285653144e-05	5.7789569293732535e-05	4.4143471496264524e-05	8.013944123332916e-05	3.572070667115334e-05	6.106393448885955e-05	6.663283855510042e-05	4.9157168417564356e-05	7.484689099956666e-05	6.523923341506697e-05	0.00011293141182273749	7.679657589779476e-05	8.61965120746795e-05	9.37852280462866e-05	0.00011181682477047899	6.544826838412215e-05
9	5.834750799665091e-05	6.788591118726601e-05	6.099259139303823e-05	0.00010896374379366637	8.48051372041585e-05	7.979329922758242e-05	8.383060689994501e-05	7.060135831034436e-05	0.00011327879776646367	0.00011703888595540424	0.00013319202715906012	0.00011961503522557624	0.00011355863276888347	0.00012532516339208108	0.00012998897256887452	9.016498541432482e-05
10	9.552688751472892e-05	8.20898919889341e-05	8.81456121363653e-05	0.00013402826682880898	0.00012093915621450852	0.00013138472443034778	0.0001072937105561795	0.00010771101463695957	0.00013047647792168606	0.0001389704373126544	0.0001597880421529718	0.00014238235281352385	0.00016904760363504608	0.00018540974731682554	0.00016695894115156376	0.00012553383864027066
11	0.00013305373188307612	0.00012170527583952424	0.00011223562575432828	0.0001546370037962204	0.00013138347817149377	0.00014858288498694182	0.00013089657854221053	0.00014767522099410702	0.00018638389237154605	0.00017851659693953514	0.0001861752356896746	0.00019007406706520849	0.0002003085278554878	0.00021054424882926157	0.0002034419660101114	0.00017719386377699472
12	0.00015860535645537745	0.0001575615531909773	0.0001386928859577469	0.00019627105540771778	0.000169745884541904	0.00019265423128459987	0.00019766479051137325	0.00018562041611493526	0.00021193590451411905	0.00023456303771116226	0.00021750570904292236	0.0002203600734111271	0.00022105649537318436	0.00025141341082911804	0.00023616484930179921	0.0002032330679670857
13	0.00020657535542839529	0.00020392992391501366	0.00019557474252223977	0.00020184139139516942	0.0002158362768874824	0.00021959829828620172	0.00024020436635666795	0.00024326822056668814	0.00023344999629841084	0.0002404813398373281	0.00024187420000702006	0.00024451965936978073	0.0002556594819392607	0.0002691673355178135	0.0002911667557633412	0.00025419708191972557
14	0.00022704407974265796	0.0002121454477339519	0.00020246756102801664	0.0002112403737315046	0.00020330468491488806	0.00022948471635194986	0.0002390209937081489	0.00022829990481986037	0.00025002000991771676	0.00024486763247091333	0.00027863427261130407	0.0002472351668331353	0.00025809647260318866	0.0002907498717437914	0.0002905403122784792	0.0002806534230944204
15	0.0002237718891183801	0.0002178543760572999	0.00021479049167706188	0.00020922136249518542	0.0002142351940217897	0.00025677617858043696	0.00021068521532293145	0.00023379996991178384	0.00024862758837537703	0.00025064618187130473	0.0002635961199548188	0.00025844416024840676	0.00025934965199124547	0.00029019290312685546	0.0002838566888756405	0.0002746660104626044
16	0.00022613900574021065	0.00022502534699993308	0.00019870802286384628	0.00020455675032856775	0.00022530494528277814	0.00024598491162781835	0.00021472323779547168	0.00021319213108623357	0.0002551023485469874	0.0002574690474284265	0.00024807061975853917	0.00026645058411644374	0.00026714721262795606	0.00028316117433840724	0.0002772426865498452	0.00027884327508942766
17	0.00020163224502866916	0.00023525959195769643	0.00018715046686939318	0.0002109617687424595	0.00020727279389215012	0.00023414900360937423	0.00018144412621569198	0.00019780580109999955	0.0002521085076258618	0.00024145613006895387	0.00023908928961987878	0.0002619947307460547	0.00026122933288366305	0.00029854722815188576	0.00022697604607904305	0.00026102012153534374
18	0.0001810932660643576	0.00021110041909785468	0.00016786455821646103	0.00018833367938415443	0.00016925825618777462	0.00016362101211488686	0.00014865150812870388	0.0001881278563744674	0.00021611364025925301	0.00022203145502172698	0.0002178540349026273	0.0002367214465939428	0.0002388105941204744	0.00025941892727213487	0.00022224077776746438	0.00022147382730324539
19	0.00015860469967467057	0.00017983943917875299	0.00016152816990674967	0.0001389019255684086	0.00011091431058829945	0.00015087873741954235	0.00012156745168175281	0.0001633417573075532	0.00018596618447511317	0.00019028318790307038	0.0001845042277246078	0.00019459959953213978	0.00017942280348267768	0.0002195944457914809	0.00020191037657856474	0.00018011775639104478
20	0.00013333126003018409	0.00014551503439392226	0.00013256529821828363	0.00012978050154930114	9.684949535515062e-05	0.00013695326413407707	0.00010214118690025864	0.00011467443358893931	0.00016208518029760702	0.00016466188191338805	0.0001440530219446588	0.000158673777689264	0.0001474653087702225	0.0001762194355871004	0.00015400972250983487	0.00016083221674216428
21	0.00010255782723801157	0.000107291898027076	9.510822113617664e-05	0.00010394984264376164	6.106260004039997e-05	0.00010680487771721563	6.468391255190935e-05	9.490070163641553e-05	0.00014057125096801	0.0001325649709882515	0.00010562135189725893	0.0001154378889585894	0.00011996368599447451	0.00016292088850880567	0.00013061563884857267	0.00012810912690102149
22	5.730272072162318e-05	8.974650469816686e-05	8.083500682764338e-05	6.56573381648763e-05	4.3377588590857946e-05	7.791057579266828e-05	4.915699203828969e-05	7.324668306784436e-05	0.00011494950867171621	9.41330108434437e-05	8.633486304941338e-05	8.856281642356186e-05	0.00011341833233898144	0.00010026057769586016	0.0001070131213003733	0.00011300077065166592
23	4.177616689123239e-05	5.855480005997883e-05	5.785921357864529e-05	4.1497687224338396e-05	1.9218413410205657e-05	5.939032957107811e-05	3.3699964133035267e-05	4.790306303833e-05	7.78405694660865e-05	4.5327396490422324e-05	5.354236564296082e-05	4.1845138149965544e-05	6.969484078275299e-05	8.508237293301015e-05	6.892910640726193e-05	7.227122677243888e-05
24	1.9565943242350403e-05	1.8869556091941082e-05	2.541422279653814e-05	1.3647952100631921e-05	1.406555788275636e-05	2.074974755595185e-05	1.5039589219284952e-05	9.888738845694982e-06	1.7407467056959722e-05	2.0332074471209443e-05	2.9382779684260945e-05	2.4299310835152192e-05	3.446554069549109e-05	3.9896221429894174e-05	3.488290047494298e-05	3.7319939875305106e-05
["C3",*,*] : 	1	2	3	4	5	6	7	8	9	10	11	12	13	14	15	16 := 
1	0.0	0.0	0.0	0.0	0.0	0.0	0.0	0.0	0.0	0.0	0.0	0.0	0.0	0.0	0.0	0.0
2	0.0	0.0	0.0	0.0	0.0	0.0	0.0	0.0	0.0	0.0	0.0	0.0	0.0	0.0	0.0	0.0
3	0.0	0.0	0.0	0.0	0.0	0.0	0.0	0.0	0.0	0.0	0.0	0.0	0.0	0.0	0.0	0.0
4	4.7580168497068364e-07	7.408615738369217e-07	3.87507885902e-07	2.1081450653962342e-07	3.942561391257401e-07	5.029743220871269e-07	2.2439006576553706e-07	4.0110451076801193e-07	9.311427440872044e-07	5.845398010108733e-07	6.117491331132944e-07	1.9725321758603448e-07	3.8063980769318486e-07	5.166305196772877e-07	1.9040099523535776e-07	4.825868596926604e-07
5	6.204876589530288e-06	1.197440613054442e-05	1.0329996668587747e-05	6.952630704900004e-06	6.300199290511762e-06	6.232104495637955e-06	6.2867181868979e-06	8.372880237546413e-06	8.590085334452626e-06	1.0187178650601466e-05	7.360288668348915e-06	1.1226826656126481e-05	8.005738974911045e-06	8.508774681820395e-06	8.617371454210886e-06	9.052271141015275e-06
6	2.091747072816764e-05	3.0301960604268286e-05	3.4066726634022696e-05	2.3364096686564888e-05	2.464133385370671e-05	2.177366509595681e-05	2.1481745156891706e-05	2.6856788195812588e-05	2.515767058698391e-05	2.9065394619300724e-05	2.3377371437510696e-05	3.119888685951715e-05	2.604111279395955e-05	2.55451247894805e-05	2.9975602647375423e-05	2.556541915533647e-05
7	4.347853388857341e-05	5.693323070326502e-05	5.545900624392941e-05	4.657743519441237e-05	4.700544075409813e-05	4.341060127647712e-05	4.4599870822203367e-05	4.952647440403094e-05	4.954667771195872e-05	5.793919407073615e-05	4.783414876529196e-05	5.2305638479798886e-05	5.03348952977611e-05	4.845931104834143e-05	5.361016221972348e-05	4.8085605913461214e-05
8	6.672572193539946e-05	8.000377792157282e-05	7.776875201422985e-05	7.39969337517999e-05	6.746663560705595e-05	6.535331496305108e-05	6.962742869032749e-05	7.482570269479153e-05	7.799241542866809e-05	8.916424151059614e-05	7.268501823732342e-05	7.839324087633288e-05	7.560705310843404e-05	8.076464981489275e-05	8.346238001535951e-05	7.369759598927315e-05
9	9.928230062486349e-05	0.00010082508626774833	0.00011212608458969606	9.801888161157715e-05	9.227684431647707e-05	9.347952270840656e-05	0.00010332574400746929	0.00010100856323621474	0.00011002587741983884	0.00012043660758785607	0.00010159267991234181	0.00011090915178126646	0.00010628151991809708	0.00010669599046431452	0.00011458548312128949	0.00010307415797378292
10	0.00012496221855595754	0.00012626733530499457	0.00014498175097211034	0.00012496944135233072	0.00012154455289017421	0.0001282172887388949	0.00013611342047017763	0.00012973276379872305	0.00013802973932521578	0.00015481421187792815	0.0001323147713776473	0.00014136614213246568	0.00013288549732855612	0.00014074765312700743	0.00014756344687016684	0.0001317981481063344
11	0.00015582698420391647	0.00016406988830954176	0.00017925063209593892	0.00016053643138895618	0.00015448852122619102	0.00016285333853338605	0.00016703229944381247	0.00015751908944619286	0.00017476549637691463	0.0001863107990428796	0.00016882621968147664	0.0001730937960385041	0.00016911154743423556	0.00016792245230299433	0.00018299444868643882	0.00016010763507501774
12	0.00019214831216119872	0.00020587487261356722	0.00020451589577953424	0.00020419643398837163	0.0001874257746062172	0.00019866501798483676	0.00019501586562426895	0.00018517645668142155	0.00020508658322329192	0.0002170870606884218	0.00019897050283707352	0.00020618050107453092	0.0002001256127485266	0.00020165486564311606	0.00021300978226354277	0.00018896771196078816
13	0.0002315339949072145	0.00023798296676997245	0.00023348460613263185	0.00023383781802390909	0.0002238554834697586	0.00023727635339671402	0.000220607270039408	0.00021643509181201625	0.00024034075416732412	0.00024151638087963398	0.00023605264583308322	0.00024055810400558025	0.00022818383827560962	0.00023788069784401268	0.00024162513960827842	0.00022326394738453496
14	0.00024411199822117868	0.0002482913498653092	0.0002471226263405708	0.00023945076235836423	0.0002310245425609983	0.0002487603505196461	0.00022666865315138128	0.00022452825160779473	0.00024191058990420864	0.00025216451243060086	0.00024591260192950075	0.0002483047362867545	0.00023944360026721676	0.00024648352970282054	0.0002548554699145005	0.00023618171500999725
15	0.0002421549975378719	0.00024916792308797965	0.00024685761583139604	0.00024206009660273977	0.00022519431135875157	0.00025167546612076946	0.00022708315676835749	0.00022925766992566886	0.0002507918395328893	0.00025178398451995227	0.00024460113966611775	0.0002500850632972781	0.00024568833508643964	0.00024901132225204985	0.0002565406649473871	0.00024157026203028604
16	0.00023936219447946776	0.0002469866827430712	0.0002450025422669717	0.00023966141173747507	0.00023300192866804133	0.0002498203925564456	0.0002198463313249903	0.0002236720638088606	0.0002490047173811203	0.00024943966078475147	0.00024126472530677274	0.00024961619855023797	0.00024318772310229255	0.00024880746801428497	0.00025153264583774684	0.0002392327334363307
17	0.0002316698832356798	0.00023437472682707008	0.0002357133803016152	0.00023080714379611532	0.00022391666125973165	0.00023157524913195723	0.00021083575588115884	0.0002093069073110032	0.00024089795914841318	0.00023837023160818243	0.00023264836432370736	0.00024119681443980268	0.00022775573146492425	0.0002334706051834002	0.00023911768400926658	0.00023067747730640622
18	0.00020009177566774207	0.00020022133003385603	0.00020194724132479273	0.00020313620009572973	0.00018964091205762453	0.0001952471584245765	0.0001840687609955218	0.00017886351766187097	0.00021317965173462758	0.00020669028752629372	0.00020178390650595128	0.00020174985401192564	0.0001990791888552891	0.00020688022462444383	0.0002038769237235898	0.00019886175634003554
19	0.00016546275228350503	0.0001703486835506239	0.00017057287020832962	0.0001708107323172663	0.00015535135466824375	0.00016648901318796523	0.00015329924329945984	0.00015601728576032653	0.00018416335364754394	0.0001740724877829923	0.00017359654769897074	0.00017085790417472338	0.00017216269338702462	0.00017307328920411548	0.0001700019739202421	0.00017033475644434
20	0.00013456402859721725	0.00014328932612103223	0.00013685428566823055	0.00014812080587965946	0.00012820374239974654	0.00012984841053868276	0.00012291707764888204	0.00012922311642551095	0.00015385600680818768	0.00014146141115001885	0.00014694491097671632	0.00013887892109994008	0.0001399321960829687	0.00015161329737858317	0.00013605232127993287	0.00014022425147643277
21	0.00010860554135956658	0.00011419124850088247	0.00010907458459822323	0.00011438175595687212	0.000103264596117001	9.825661030474563e-05	9.566070483965835e-05	9.886132011638217e-05	0.0001185677342170997	0.00010866020171228755	0.00011681417438677158	0.00010877536983185808	0.00010802105388287256	0.00011936919778683318	0.00011413006346248676	0.00010616590806112746
22	8.083287734595041e-05	7.954850413659723e-05	8.132215039450786e-05	8.520231196211025e-05	7.690526644333182e-05	7.181552714689936e-05	6.968861463478586e-05	7.040207819180855e-05	8.741090298276478e-05	8.13493400200437e-05	8.560978803621503e-05	8.396514685221728e-05	8.263336893076295e-05	8.384976173393322e-05	8.062882151219847e-05	7.755739818200124e-05
23	5.164666516485497e-05	5.0864977247946295e-05	5.320940970900618e-05	5.727977837735015e-05	5.172128849606117e-05	4.9261256636120085e-05	4.425986414262492e-05	4.9159335406518146e-05	6.11735250176934e-05	5.0396362117420756e-05	5.7918413383059815e-05	5.3949881228732883e-05	5.6002074821466775e-05	5.5037337364692546e-05	5.791843444869991e-05	5.265889748560954e-05
24	2.771292321738987e-05	2.2867960316556124e-05	2.5789957360119477e-05	2.5178352968339752e-05	2.3601970347579143e-05	2.4920036349427556e-05	2.1067032695644735e-05	2.3126090062854552e-05	3.0567010753107396e-05	2.3574793180217512e-05	2.7774183910893745e-05	2.6360459516895833e-05	2.5545147893730936e-05	2.1440878947662365e-05	3.126019376152189e-05	2.688391145325656e-05
["C4",*,*] : 	1	2	3	4	5	6	7	8	9	10	11	12	13	14	15	16 := 
1	0.0	0.0	0.0	0.0	0.0	0.0	0.0	0.0	0.0	0.0	0.0	0.0	0.0	0.0	0.0	0.0
2	0.0	0.0	0.0	0.0	0.0	0.0	0.0	0.0	0.0	0.0	0.0	0.0	0.0	0.0	0.0	0.0
3	0.0	0.0	0.0	0.0	0.0	0.0	0.0	0.0	0.0	0.0	0.0	0.0	0.0	0.0	0.0	0.0
4	2.962652736249213e-07	3.9495219565389794e-07	2.858849142981826e-07	5.664036269919561e-07	5.819924348603519e-07	4.313588665343971e-07	3.222747882005402e-07	3.690178345681082e-07	4.573157390341908e-07	3.94926740439601e-07	4.677194755985492e-07	4.936663045444027e-07	5.50813087476329e-07	8.885184109883439e-07	3.4298823288460883e-07	6.547268135076125e-07
5	6.868726105277763e-06	6.8426433420242694e-06	5.040078403402204e-06	4.749247904612043e-06	7.881658174877866e-06	9.507743498096972e-06	7.434861153784178e-06	6.1101589875814635e-06	8.858390159112138e-06	8.556773576048996e-06	1.2089485966089156e-05	1.1372710249503137e-05	9.756990566609304e-06	1.0416769634078329e-05	8.016564057227493e-06	8.873939312258942e-06
6	2.333211781939348e-05	2.2583960499026852e-05	1.9929495081259133e-05	2.049567601841717e-05	2.3196943878052482e-05	2.4630851511059952e-05	2.157624363139261e-05	1.9991649441653913e-05	2.613212697478083e-05	2.3887586613615305e-05	3.0454154649740764e-05	3.2168569393405554e-05	2.476057976818863e-05	3.1457021000316016e-05	2.5113668872536878e-05	2.7997064807678233e-05
7	4.425777327416076e-05	4.173817148655022e-05	4.581628937609347e-05	4.067321501969247e-05	4.1327824081188365e-05	4.5707131010093414e-05	3.971740462413943e-05	3.961343877552652e-05	5.355107061814851e-05	4.598218447096115e-05	5.2533150365534545e-05	5.757212449749749e-05	4.915631479847135e-05	5.789442976268929e-05	4.9390052714887895e-05	5.372795786330965e-05
8	6.677841470686518e-05	6.697533364719551e-05	6.846656728862335e-05	6.458589164320368e-05	6.0455872303356185e-05	6.656017122354293e-05	6.30327008760007e-05	6.253393261921935e-05	7.68713443168108e-05	7.538580190717267e-05	8.376013640387291e-05	8.077828783857297e-05	8.218584949794782e-05	8.624348650303013e-05	7.684029432347494e-05	8.56562509866835e-05
9	9.142351265285996e-05	9.025944137394246e-05	9.194802288471976e-05	9.54803004581402e-05	8.581256695539825e-05	9.522615888872916e-05	9.245710846886864e-05	9.250374415310786e-05	0.0001062125725812416	0.00010264387985187334	0.00011682096456620354	0.00011404165482917664	0.00011497121397221285	0.00011845734695657056	0.00010793220339262603	0.00011947545717089343
10	0.000124858203279228	0.00011877981239909607	0.00012172046559631261	0.0001288425486616135	0.00011224998818555597	0.00012750762648664068	0.00012545030472432605	0.00011995405883711047	0.00013728357045168112	0.00013762657097925087	0.00015247910270523455	0.00015025032639465305	0.00014492545159043737	0.00014687367039944774	0.00014091484283400223	0.00015030743040586768
11	0.00015431378138811404	0.00015239107597672254	0.0001541837390101385	0.00015745644422211598	0.00014771075836814276	0.00016305152595293094	0.00015478638532108525	0.000155419959544132	0.00017098314855753396	0.0001723027350915575	0.00018238128042737863	0.00018753436647542813	0.00018147695450148333	0.00018273431273376007	0.0001711495551809986	0.0001771757561184315
12	0.0001915977939356783	0.00018138420678316544	0.0001949274907749592	0.00018734302326604	0.0001793583786621749	0.00019445516979323316	0.00018600280727230103	0.0001940754857044144	0.0002083400466566049	0.00020421533291074806	0.00021628349571916494	0.00022155081784235478	0.00021517137887895838	0.00021773257569881373	0.0002087453582586211	0.00021375844997894786
13	0.0002298273018026655	0.00021058502581714598	0.00022502700268653365	0.00021982694362932114	0.0002096346624911585	0.0002209545216550595	0.00021604008741879415	0.00022751534148819275	0.0002369642950432467	0.00023074598377668812	0.0002534479761216553	0.00024863727898336637	0.00024340072701937993	0.00024576970926493494	0.0002444396431483213	0.00024505278012442914
14	0.00024702741001701435	0.00022150982386482946	0.0002368920218023157	0.00023233093191518927	0.00022680883063005237	0.0002331415859426003	0.00022824279454157248	0.00023631027006635588	0.0002488241661449538	0.00024155127201750672	0.00026102214760252414	0.0002564815458727568	0.0002521644646481723	0.00025760876908395455	0.0002528709531680041	0.00025423731235947833
15	0.00024414950825225174	0.00022353058882234586	0.00023559332967011237	0.00023190496089581304	0.0002279360954007666	0.00023300132719227296	0.00022997265246154622	0.00023667909863190242	0.0002528553065230986	0.00024563955484948127	0.0002679883321992613	0.000253312737070352	0.00025402938654988007	0.000261390560572706	0.0002554215845155685	0.000257582743291866
16	0.0002391001932424587	0.00022440330993517293	0.0002312505031802507	0.0002307413327454433	0.00022768155174277989	0.00022726630273682232	0.00023181160052068557	0.00023420638881234185	0.00025175401559505235	0.0002422265919261768	0.00026387407552471836	0.0002516348268357142	0.00025021642644996686	0.0002586269437155032	0.0002527306944177763	0.0002533645912467508
17	0.00023626888317810794	0.00021713565992813937	0.00022154654119319194	0.00022260615067967398	0.00021398275214957443	0.00021596231740998343	0.00022242446192308158	0.0002155829356666849	0.0002380604133678415	0.00023428880361849486	0.00025667397967364387	0.000242242487408781	0.0002411410250476667	0.00024760341666689586	0.00024223189163261166	0.00024450217847108997
18	0.00020160828588174193	0.00018296356689601712	0.00019264186188836267	0.00019462089518666108	0.00018628308649812862	0.00018580038152055117	0.00019108859111899168	0.0001794676861229937	0.0002018257270929471	0.00020356596035043593	0.00022154071662458183	0.00021501053742333437	0.00020731686565967104	0.00021025712940939988	0.00021414803510719325	0.000212356004471295
19	0.00016537867125519259	0.00015294719396548282	0.00016169554383063903	0.00016180968501160797	0.00015214705415370858	0.00015719156505456303	0.00016195514892023352	0.00015271348098485702	0.00016697804765144995	0.0001705625312720139	0.00018640205343357824	0.00017548232357110442	0.000182261545160124	0.00017488999943618468	0.00018072901588814575	0.00017765372833096523
20	0.00014072312195226468	0.00012682671543532014	0.00013454657732430423	0.00013415155395793527	0.0001252630556484618	0.00012883222527351903	0.00012991280466161795	0.0001250762055441556	0.00013703425723423515	0.00014244217508621967	0.0001530452103936902	0.0001452891664285225	0.0001484580439773213	0.00014109166064009613	0.0001525825911386789	0.0001485671079685103
21	0.00010843652763957773	9.427493805099743e-05	0.00010383916805489966	9.8483185939827e-05	9.959470640071667e-05	9.967288819522412e-05	0.00010365728829759825	9.623897961341233e-05	0.00010759969837898528	0.00011419719952220014	0.00011903893332009865	0.00011662333305308797	0.00011696609963509835	0.00010630636933144223	0.00011839459258038186	0.00011427519100866548
22	7.774990090760815e-05	6.885577855421204e-05	7.823311117984183e-05	6.916268393424835e-05	6.860663226756854e-05	7.969256770926143e-05	7.537051631073445e-05	6.993662825252139e-05	8.312076843548143e-05	8.192609167707225e-05	9.109000068628276e-05	8.77133697999223e-05	8.481430418898687e-05	7.699631262203069e-05	8.644553821891815e-05	8.944311533601806e-05
23	5.2024259418534447e-05	4.181597405031342e-05	5.1063183256916405e-05	4.377456888952769e-05	4.591468971050571e-05	5.315644050887959e-05	5.1140984608526535e-05	4.6148699495537576e-05	5.519249037025776e-05	5.4631681349139976e-05	6.347863051499637e-05	5.724480853787779e-05	5.431974189743819e-05	5.075121765734141e-05	5.815372159729499e-05	5.934347597528508e-05
24	2.562324589816994e-05	2.275536119310103e-05	2.6942663596517553e-05	2.1472364711470663e-05	2.334746904526177e-05	2.232957442102683e-05	2.3872475220888517e-05	2.4043883534210526e-05	2.511363060313307e-05	2.7695642861763854e-05	3.0095898829549122e-05	2.858929266299208e-05	2.447983646084899e-05	2.6906167053145754e-05	3.0480085720696813e-05	2.743077564256825e-05
["C5",*,*] : 	1	2	3	4	5	6	7	8	9	10	11	12	13	14	15	16 := 
1	0.0	0.0	0.0	0.0	0.0	0.0	0.0	0.0	0.0	0.0	0.0	0.0	0.0	0.0	0.0	0.0
2	0.0	0.0	0.0	0.0	0.0	0.0	0.0	0.0	0.0	0.0	0.0	0.0	0.0	0.0	0.0	0.0
3	0.0	0.0	0.0	0.0	0.0	0.0	0.0	0.0	0.0	0.0	0.0	0.0	0.0	0.0	0.0	0.0
4	1.657660999118744e-07	4.971588775304077e-07	4.972099529917243e-07	1.6150889119024428e-10	2.9015417406795755e-07	9.525311256144913e-07	1.5322638394971898e-10	1.2446675797486816e-07	3.3153910191311585e-07	1.8773683078524125e-10	6.627096322540284e-07	8.285157642842317e-07	1.9465065370426983e-06	3.3146593976582454e-07	2.0722142906857724e-07	1.1595510136735493e-10
5	6.129948488352863e-06	9.401491914152677e-06	6.668622053008531e-06	9.981803023124343e-06	7.3309990045550615e-06	5.756821537167194e-06	1.988809442773681e-06	7.289411155282513e-06	1.4702533979963134e-05	8.159677658148362e-06	1.0767702526820321e-05	1.3211729610876262e-05	5.881353174782115e-06	1.250773582128184e-05	1.0064404467834102e-05	6.461109355768662e-06
6	2.016942635117574e-05	1.8015955142788923e-05	2.1743217301559046e-05	2.696181943155093e-05	2.344126518640046e-05	9.236454674877974e-06	1.5779897674288946e-05	1.4495860576790303e-05	4.7005161175004124e-05	4.456165450848647e-05	3.337957538358693e-05	3.967479992350658e-05	2.5303991401869495e-05	3.474716365329225e-05	2.8783489258628683e-05	2.1328670912081384e-05
7	3.95097405975459e-05	2.2572471589405554e-05	3.661102871350684e-05	4.725419132020501e-05	3.644550694755856e-05	2.2406803499162698e-05	2.3069162505276873e-05	3.2386970727107005e-05	8.40698407555069e-05	7.466923506962895e-05	5.657087726230408e-05	5.988458417162963e-05	5.2015713625203393e-05	7.201880100304978e-05	5.4376714095844545e-05	5.4541513903245044e-05
8	5.143700242054701e-05	4.795889878583996e-05	5.301091622812104e-05	6.539346057204447e-05	6.0092408843308885e-05	5.1768465599477094e-05	2.3566676150200755e-05	4.6219381767663115e-05	0.0001090419327663876	0.00011438365436651802	8.833462659084412e-05	8.307571073727688e-05	8.195774619245799e-05	0.00011657849393766565	9.409111820813961e-05	7.793982324626039e-05
9	8.208254701155822e-05	8.316013985525102e-05	8.514724448195102e-05	9.558313044286106e-05	9.10274519098982e-05	6.62218990329278e-05	5.5123255125133544e-05	5.843654514826134e-05	0.00014461510672544	0.0001417160663019595	0.00012051232044660748	0.00012689037281979365	0.0001249025945491214	0.00013786505520251455	0.00012328720884737914	0.00010808829730644117
10	0.00010432154553352579	0.00013616742144308957	0.0001182357960281588	0.00012577325032990812	0.00010059471958681776	8.576913653810585e-05	8.767356379711308e-05	9.127651932638167e-05	0.00018221722301623065	0.00016581851713926975	0.0001591506101427967	0.00016577653034931668	0.00015401557574996774	0.00017960940935148547	0.00015430564847943983	0.00014101141681391346
11	0.00013194387283087765	0.00015960713089852605	0.00014494691776970243	0.00015625260089142785	0.0001139302285076011	0.00011488271131857082	0.00011397064438212833	0.00013658153162050655	0.0002075617462476685	0.00020122628390723267	0.00020400058839122384	0.0001984097510600358	0.00019327464488552712	0.00023551559332103577	0.00019629801816644106	0.0001716568440693761
12	0.0001623823064262076	0.00018056246227503346	0.00016523955193780226	0.0001796923310531677	0.0001668136203521584	0.0001628385759459146	0.00014324948002958628	0.00015964871322613673	0.00023601208131548371	0.0002448336141272349	0.00024727688060104737	0.00023327913277053036	0.0002313736591548272	0.00026330335265711753	0.00022698449076696418	0.00022342212504482942
13	0.0002049956225831968	0.00021630132779151216	0.00021692199127583178	0.00019837007370908673	0.00017811952572111965	0.00019944733111119744	0.00018370922282715118	0.00018321324144608496	0.00025361299587917937	0.00028591464573841116	0.00028608014265681515	0.0002597417737731732	0.0002447506938060303	0.00030616487346934475	0.0002474837403605903	0.00023729565459258147
14	0.00022416910504702495	0.00023274171124492633	0.0002239620492680777	0.00020449913734951297	0.0002017655041173129	0.0002263648073793798	0.0001857385585778892	0.00019207545931382956	0.00026351044846819395	0.000286701606783432	0.00029287178617031195	0.00027282787569465195	0.00026566358009381524	0.00030301776781274415	0.00026247467262313217	0.00025315625149573666
15	0.0002102135455475844	0.00022735826099287075	0.0002049129176071268	0.0002082675525259328	0.00020383606190659443	0.0002302574560231489	0.00020052234119302323	0.0002093853224318909	0.00026421443811653825	0.00029229211281433934	0.00030102978385989786	0.00027647205740372255	0.0002554350246149478	0.0002956879932388518	0.00026674002166894904	0.0002459507103891936
16	0.00018838986644900774	0.00023398404591841888	0.000202883770973692	0.00021563873825567194	0.00018105992622497502	0.00021994607823277892	0.00019294409968443235	0.00020971661167809192	0.00025241225871788173	0.00029419702598052036	0.0003007813169251994	0.00027133707408646095	0.0002573399377810333	0.00028102844409106693	0.00026566333161855696	0.00024400438606735677
17	0.0001897560701595408	0.00019998527857610437	0.00019033595195854696	0.00019812153913385455	0.0001785335806818232	0.00020305014859865156	0.00017285960216248123	0.00018586359130715364	0.00024491670976154064	0.00029125665032420995	0.00028293289205637756	0.00024860217424749176	0.00026392422872571227	0.00027253894042957234	0.00024764933942993805	0.00022847508393212165
18	0.0001740598258083915	0.0001641638364624264	0.0001666891287466857	0.00016544683410522687	0.00015530084003897448	0.0001864017044222009	0.0001429186463211996	0.00017074783613895387	0.00023448007699457496	0.00024938907317379345	0.0002564701005881786	0.00021915757526092778	0.00024640663894565925	0.00025820981500611275	0.00022408552764688252	0.000194061287053992
19	0.00012548334877229546	0.00013534088933930496	0.00013591952047972773	0.0001360435316997457	0.00013877685019672686	0.00015699832195246134	0.00013856965085432465	0.00013496734826273532	0.00019501429856502874	0.0002165489844209528	0.00020975683981579345	0.00017869767233484615	0.00020184700812979388	0.00021211778092852435	0.00018325251847583774	0.0001607653774173484
20	0.0001149639709971306	0.00012535948663735605	0.00011103007822813264	0.00011330769731798502	0.00010539818036720438	0.00014262762938597535	0.00011136161318882785	0.00011778053835473758	0.00014850811703875374	0.00016262984710050228	0.0001707460112264552	0.00015293880011369376	0.00016971069782140437	0.00017468051275977857	0.00013438613021916833	0.00012192067107570585
21	8.821139116561235e-05	9.52522636044569e-05	8.431896476912313e-05	8.09229435420055e-05	7.943226755178081e-05	0.00010597735953352003	7.843884292708414e-05	9.069651052892428e-05	0.00013036886021067386	0.00013612536839298483	0.00012560651379616794	0.00011653709520563911	0.00013952088852843008	0.00013496594437773632	0.00011194042792473928	9.84392619571307e-05
22	7.66567068874833e-05	6.754695110628148e-05	6.0216642310663154e-05	5.5826589074984474e-05	5.86013877486159e-05	7.785844485178643e-05	5.508170730797933e-05	6.866458711164651e-05	0.00010622516800899426	9.603817139057459e-05	7.545575162011436e-05	8.684412039201794e-05	0.00010017875964945265	9.852282693354839e-05	7.73607434700318e-05	6.137512902215632e-05
23	5.847649858277178e-05	4.236759625378532e-05	4.638407804372309e-05	3.5947991922216816e-05	4.340226362328624e-05	5.02360623377747e-05	3.6031398150546794e-05	4.340222497158578e-05	6.0463988346058465e-05	5.2430718313415e-05	5.222257614562487e-05	5.321683730355286e-05	5.541186323118327e-05	6.754612975764681e-05	5.329990809033959e-05	4.754270141658574e-05
24	1.569714162277737e-05	2.2447466468460047e-05	2.571884286369718e-05	1.8512655721585345e-05	1.739487753317939e-05	2.132994917903217e-05	1.706384780546157e-05	1.221871911154159e-05	2.9984103562782888e-05	2.489106424255735e-05	1.880273535308814e-05	3.267605369690521e-05	2.5180693857833426e-05	2.8203462515738942e-05	3.0066881700980438e-05	2.2902296212319882e-05
;
  
 param  mob_pass_time_series  := 
["C1",*,*] : 	1	2	3	4	5	6	7	8	9	10	11	12	13	14	15	16 := 
1	6.773822468018703e-06	6.773822468018703e-06	6.773822468018703e-06	6.773822468018703e-06	6.773822468018703e-06	6.773822468018703e-06	6.773822468018703e-06	6.773822468018703e-06	6.773822468018703e-06	6.773822468018703e-06	6.773822468018703e-06	6.773822468018703e-06	6.773822468018703e-06	6.773822468018703e-06	6.773822468018703e-06	6.773822468018703e-06
2	3.7521173198035656e-06	3.7521173198035656e-06	3.7521173198035656e-06	3.7521173198035656e-06	3.7521173198035656e-06	3.7521173198035656e-06	3.7521173198035656e-06	3.7521173198035656e-06	3.7521173198035656e-06	3.7521173198035656e-06	3.7521173198035656e-06	3.7521173198035656e-06	3.7521173198035656e-06	3.7521173198035656e-06	3.7521173198035656e-06	3.7521173198035656e-06
3	2.381343792301996e-06	2.381343792301996e-06	2.381343792301996e-06	2.381343792301996e-06	2.381343792301996e-06	2.381343792301996e-06	2.381343792301996e-06	2.381343792301996e-06	2.381343792301996e-06	2.381343792301996e-06	2.381343792301996e-06	2.381343792301996e-06	2.381343792301996e-06	2.381343792301996e-06	2.381343792301996e-06	2.381343792301996e-06
4	8.304686334498558e-06	8.304686334498558e-06	8.304686334498558e-06	8.304686334498558e-06	8.304686334498558e-06	8.304686334498558e-06	8.304686334498558e-06	8.304686334498558e-06	8.304686334498558e-06	8.304686334498558e-06	8.304686334498558e-06	8.304686334498558e-06	8.304686334498558e-06	8.304686334498558e-06	8.304686334498558e-06	8.304686334498558e-06
5	2.491405900349567e-05	2.491405900349567e-05	2.491405900349567e-05	2.491405900349567e-05	2.491405900349567e-05	2.491405900349567e-05	2.491405900349567e-05	2.491405900349567e-05	2.491405900349567e-05	2.491405900349567e-05	2.491405900349567e-05	2.491405900349567e-05	2.491405900349567e-05	2.491405900349567e-05	2.491405900349567e-05	2.491405900349567e-05
6	6.93391280699699e-05	6.93391280699699e-05	6.93391280699699e-05	6.93391280699699e-05	6.93391280699699e-05	6.93391280699699e-05	6.93391280699699e-05	6.93391280699699e-05	6.93391280699699e-05	6.93391280699699e-05	6.93391280699699e-05	6.93391280699699e-05	6.93391280699699e-05	6.93391280699699e-05	6.93391280699699e-05	6.93391280699699e-05
7	0.00014308074046179997	0.00014308074046179997	0.00014308074046179997	0.00014308074046179997	0.00014308074046179997	0.00014308074046179997	0.00014308074046179997	0.00014308074046179997	0.00014308074046179997	0.00014308074046179997	0.00014308074046179997	0.00014308074046179997	0.00014308074046179997	0.00014308074046179997	0.00014308074046179997	0.00014308074046179997
8	0.00019010727753669996	0.00019010727753669996	0.00019010727753669996	0.00019010727753669996	0.00019010727753669996	0.00019010727753669996	0.00019010727753669996	0.00019010727753669996	0.00019010727753669996	0.00019010727753669996	0.00019010727753669996	0.00019010727753669996	0.00019010727753669996	0.00019010727753669996	0.00019010727753669996	0.00019010727753669996
9	0.00016809485592709998	0.00016809485592709998	0.00016809485592709998	0.00016809485592709998	0.00016809485592709998	0.00016809485592709998	0.00016809485592709998	0.00016809485592709998	0.00016809485592709998	0.00016809485592709998	0.00016809485592709998	0.00016809485592709998	0.00016809485592709998	0.00016809485592709998	0.00016809485592709998	0.00016809485592709998
10	0.00016509316207129998	0.00016509316207129998	0.00016509316207129998	0.00016509316207129998	0.00016509316207129998	0.00016509316207129998	0.00016509316207129998	0.00016509316207129998	0.00016509316207129998	0.00016509316207129998	0.00016509316207129998	0.00016509316207129998	0.00016509316207129998	0.00016509316207129998	0.00016509316207129998	0.00016509316207129998
11	0.00017910106673189999	0.00017910106673189999	0.00017910106673189999	0.00017910106673189999	0.00017910106673189999	0.00017910106673189999	0.00017910106673189999	0.00017910106673189999	0.00017910106673189999	0.00017910106673189999	0.00017910106673189999	0.00017910106673189999	0.00017910106673189999	0.00017910106673189999	0.00017910106673189999	0.00017910106673189999
12	0.00019611066524829996	0.00019611066524829996	0.00019611066524829996	0.00019611066524829996	0.00019611066524829996	0.00019611066524829996	0.00019611066524829996	0.00019611066524829996	0.00019611066524829996	0.00019611066524829996	0.00019611066524829996	0.00019611066524829996	0.00019611066524829996	0.00019611066524829996	0.00019611066524829996	0.00019611066524829996
13	0.00019511010062969996	0.00019511010062969996	0.00019511010062969996	0.00019511010062969996	0.00019511010062969996	0.00019511010062969996	0.00019511010062969996	0.00019511010062969996	0.00019511010062969996	0.00019511010062969996	0.00019511010062969996	0.00019511010062969996	0.00019511010062969996	0.00019511010062969996	0.00019511010062969996	0.00019511010062969996
14	0.00018510445444359997	0.00018510445444359997	0.00018510445444359997	0.00018510445444359997	0.00018510445444359997	0.00018510445444359997	0.00018510445444359997	0.00018510445444359997	0.00018510445444359997	0.00018510445444359997	0.00018510445444359997	0.00018510445444359997	0.00018510445444359997	0.00018510445444359997	0.00018510445444359997	0.00018510445444359997
15	0.00019911235910419998	0.00019911235910419998	0.00019911235910419998	0.00019911235910419998	0.00019911235910419998	0.00019911235910419998	0.00019911235910419998	0.00019911235910419998	0.00019911235910419998	0.00019911235910419998	0.00019911235910419998	0.00019911235910419998	0.00019911235910419998	0.00019911235910419998	0.00019911235910419998	0.00019911235910419998
16	0.00021612195762059998	0.00021612195762059998	0.00021612195762059998	0.00021612195762059998	0.00021612195762059998	0.00021612195762059998	0.00021612195762059998	0.00021612195762059998	0.00021612195762059998	0.00021612195762059998	0.00021612195762059998	0.00021612195762059998	0.00021612195762059998	0.00021612195762059998	0.00021612195762059998	0.00021612195762059998
17	0.00022412647456949996	0.00022412647456949996	0.00022412647456949996	0.00022412647456949996	0.00022412647456949996	0.00022412647456949996	0.00022412647456949996	0.00022412647456949996	0.00022412647456949996	0.00022412647456949996	0.00022412647456949996	0.00022412647456949996	0.00022412647456949996	0.00022412647456949996	0.00022412647456949996	0.00022412647456949996
18	0.00019811179448559998	0.00019811179448559998	0.00019811179448559998	0.00019811179448559998	0.00019811179448559998	0.00019811179448559998	0.00019811179448559998	0.00019811179448559998	0.00019811179448559998	0.00019811179448559998	0.00019811179448559998	0.00019811179448559998	0.00019811179448559998	0.00019811179448559998	0.00019811179448559998	0.00019811179448559998
19	0.00013707735275009998	0.00013707735275009998	0.00013707735275009998	0.00013707735275009998	0.00013707735275009998	0.00013707735275009998	0.00013707735275009998	0.00013707735275009998	0.00013707735275009998	0.00013707735275009998	0.00013707735275009998	0.00013707735275009998	0.00013707735275009998	0.00013707735275009998	0.00013707735275009998	0.00013707735275009998
20	9.075121090831556e-05	9.075121090831556e-05	9.075121090831556e-05	9.075121090831556e-05	9.075121090831556e-05	9.075121090831556e-05	9.075121090831556e-05	9.075121090831556e-05	9.075121090831556e-05	9.075121090831556e-05	9.075121090831556e-05	9.075121090831556e-05	9.075121090831556e-05	9.075121090831556e-05	9.075121090831556e-05	9.075121090831556e-05
21	6.333574035828418e-05	6.333574035828418e-05	6.333574035828418e-05	6.333574035828418e-05	6.333574035828418e-05	6.333574035828418e-05	6.333574035828418e-05	6.333574035828418e-05	6.333574035828418e-05	6.333574035828418e-05	6.333574035828418e-05	6.333574035828418e-05	6.333574035828418e-05	6.333574035828418e-05	6.333574035828418e-05	6.333574035828418e-05
22	4.1123205825047075e-05	4.1123205825047075e-05	4.1123205825047075e-05	4.1123205825047075e-05	4.1123205825047075e-05	4.1123205825047075e-05	4.1123205825047075e-05	4.1123205825047075e-05	4.1123205825047075e-05	4.1123205825047075e-05	4.1123205825047075e-05	4.1123205825047075e-05	4.1123205825047075e-05	4.1123205825047075e-05	4.1123205825047075e-05	4.1123205825047075e-05
23	2.4613889617911394e-05	2.4613889617911394e-05	2.4613889617911394e-05	2.4613889617911394e-05	2.4613889617911394e-05	2.4613889617911394e-05	2.4613889617911394e-05	2.4613889617911394e-05	2.4613889617911394e-05	2.4613889617911394e-05	2.4613889617911394e-05	2.4613889617911394e-05	2.4613889617911394e-05	2.4613889617911394e-05	2.4613889617911394e-05	2.4613889617911394e-05
24	8.084562118403415e-06	8.084562118403415e-06	8.084562118403415e-06	8.084562118403415e-06	8.084562118403415e-06	8.084562118403415e-06	8.084562118403415e-06	8.084562118403415e-06	8.084562118403415e-06	8.084562118403415e-06	8.084562118403415e-06	8.084562118403415e-06	8.084562118403415e-06	8.084562118403415e-06	8.084562118403415e-06	8.084562118403415e-06
["C2",*,*] : 	1	2	3	4	5	6	7	8	9	10	11	12	13	14	15	16 := 
1	6.773822468018703e-06	6.773822468018703e-06	6.773822468018703e-06	6.773822468018703e-06	6.773822468018703e-06	6.773822468018703e-06	6.773822468018703e-06	6.773822468018703e-06	6.773822468018703e-06	6.773822468018703e-06	6.773822468018703e-06	6.773822468018703e-06	6.773822468018703e-06	6.773822468018703e-06	6.773822468018703e-06	6.773822468018703e-06
2	3.7521173198035656e-06	3.7521173198035656e-06	3.7521173198035656e-06	3.7521173198035656e-06	3.7521173198035656e-06	3.7521173198035656e-06	3.7521173198035656e-06	3.7521173198035656e-06	3.7521173198035656e-06	3.7521173198035656e-06	3.7521173198035656e-06	3.7521173198035656e-06	3.7521173198035656e-06	3.7521173198035656e-06	3.7521173198035656e-06	3.7521173198035656e-06
3	2.381343792301996e-06	2.381343792301996e-06	2.381343792301996e-06	2.381343792301996e-06	2.381343792301996e-06	2.381343792301996e-06	2.381343792301996e-06	2.381343792301996e-06	2.381343792301996e-06	2.381343792301996e-06	2.381343792301996e-06	2.381343792301996e-06	2.381343792301996e-06	2.381343792301996e-06	2.381343792301996e-06	2.381343792301996e-06
4	8.304686334498558e-06	8.304686334498558e-06	8.304686334498558e-06	8.304686334498558e-06	8.304686334498558e-06	8.304686334498558e-06	8.304686334498558e-06	8.304686334498558e-06	8.304686334498558e-06	8.304686334498558e-06	8.304686334498558e-06	8.304686334498558e-06	8.304686334498558e-06	8.304686334498558e-06	8.304686334498558e-06	8.304686334498558e-06
5	2.491405900349567e-05	2.491405900349567e-05	2.491405900349567e-05	2.491405900349567e-05	2.491405900349567e-05	2.491405900349567e-05	2.491405900349567e-05	2.491405900349567e-05	2.491405900349567e-05	2.491405900349567e-05	2.491405900349567e-05	2.491405900349567e-05	2.491405900349567e-05	2.491405900349567e-05	2.491405900349567e-05	2.491405900349567e-05
6	6.93391280699699e-05	6.93391280699699e-05	6.93391280699699e-05	6.93391280699699e-05	6.93391280699699e-05	6.93391280699699e-05	6.93391280699699e-05	6.93391280699699e-05	6.93391280699699e-05	6.93391280699699e-05	6.93391280699699e-05	6.93391280699699e-05	6.93391280699699e-05	6.93391280699699e-05	6.93391280699699e-05	6.93391280699699e-05
7	0.00014308074046179997	0.00014308074046179997	0.00014308074046179997	0.00014308074046179997	0.00014308074046179997	0.00014308074046179997	0.00014308074046179997	0.00014308074046179997	0.00014308074046179997	0.00014308074046179997	0.00014308074046179997	0.00014308074046179997	0.00014308074046179997	0.00014308074046179997	0.00014308074046179997	0.00014308074046179997
8	0.00019010727753669996	0.00019010727753669996	0.00019010727753669996	0.00019010727753669996	0.00019010727753669996	0.00019010727753669996	0.00019010727753669996	0.00019010727753669996	0.00019010727753669996	0.00019010727753669996	0.00019010727753669996	0.00019010727753669996	0.00019010727753669996	0.00019010727753669996	0.00019010727753669996	0.00019010727753669996
9	0.00016809485592709998	0.00016809485592709998	0.00016809485592709998	0.00016809485592709998	0.00016809485592709998	0.00016809485592709998	0.00016809485592709998	0.00016809485592709998	0.00016809485592709998	0.00016809485592709998	0.00016809485592709998	0.00016809485592709998	0.00016809485592709998	0.00016809485592709998	0.00016809485592709998	0.00016809485592709998
10	0.00016509316207129998	0.00016509316207129998	0.00016509316207129998	0.00016509316207129998	0.00016509316207129998	0.00016509316207129998	0.00016509316207129998	0.00016509316207129998	0.00016509316207129998	0.00016509316207129998	0.00016509316207129998	0.00016509316207129998	0.00016509316207129998	0.00016509316207129998	0.00016509316207129998	0.00016509316207129998
11	0.00017910106673189999	0.00017910106673189999	0.00017910106673189999	0.00017910106673189999	0.00017910106673189999	0.00017910106673189999	0.00017910106673189999	0.00017910106673189999	0.00017910106673189999	0.00017910106673189999	0.00017910106673189999	0.00017910106673189999	0.00017910106673189999	0.00017910106673189999	0.00017910106673189999	0.00017910106673189999
12	0.00019611066524829996	0.00019611066524829996	0.00019611066524829996	0.00019611066524829996	0.00019611066524829996	0.00019611066524829996	0.00019611066524829996	0.00019611066524829996	0.00019611066524829996	0.00019611066524829996	0.00019611066524829996	0.00019611066524829996	0.00019611066524829996	0.00019611066524829996	0.00019611066524829996	0.00019611066524829996
13	0.00019511010062969996	0.00019511010062969996	0.00019511010062969996	0.00019511010062969996	0.00019511010062969996	0.00019511010062969996	0.00019511010062969996	0.00019511010062969996	0.00019511010062969996	0.00019511010062969996	0.00019511010062969996	0.00019511010062969996	0.00019511010062969996	0.00019511010062969996	0.00019511010062969996	0.00019511010062969996
14	0.00018510445444359997	0.00018510445444359997	0.00018510445444359997	0.00018510445444359997	0.00018510445444359997	0.00018510445444359997	0.00018510445444359997	0.00018510445444359997	0.00018510445444359997	0.00018510445444359997	0.00018510445444359997	0.00018510445444359997	0.00018510445444359997	0.00018510445444359997	0.00018510445444359997	0.00018510445444359997
15	0.00019911235910419998	0.00019911235910419998	0.00019911235910419998	0.00019911235910419998	0.00019911235910419998	0.00019911235910419998	0.00019911235910419998	0.00019911235910419998	0.00019911235910419998	0.00019911235910419998	0.00019911235910419998	0.00019911235910419998	0.00019911235910419998	0.00019911235910419998	0.00019911235910419998	0.00019911235910419998
16	0.00021612195762059998	0.00021612195762059998	0.00021612195762059998	0.00021612195762059998	0.00021612195762059998	0.00021612195762059998	0.00021612195762059998	0.00021612195762059998	0.00021612195762059998	0.00021612195762059998	0.00021612195762059998	0.00021612195762059998	0.00021612195762059998	0.00021612195762059998	0.00021612195762059998	0.00021612195762059998
17	0.00022412647456949996	0.00022412647456949996	0.00022412647456949996	0.00022412647456949996	0.00022412647456949996	0.00022412647456949996	0.00022412647456949996	0.00022412647456949996	0.00022412647456949996	0.00022412647456949996	0.00022412647456949996	0.00022412647456949996	0.00022412647456949996	0.00022412647456949996	0.00022412647456949996	0.00022412647456949996
18	0.00019811179448559998	0.00019811179448559998	0.00019811179448559998	0.00019811179448559998	0.00019811179448559998	0.00019811179448559998	0.00019811179448559998	0.00019811179448559998	0.00019811179448559998	0.00019811179448559998	0.00019811179448559998	0.00019811179448559998	0.00019811179448559998	0.00019811179448559998	0.00019811179448559998	0.00019811179448559998
19	0.00013707735275009998	0.00013707735275009998	0.00013707735275009998	0.00013707735275009998	0.00013707735275009998	0.00013707735275009998	0.00013707735275009998	0.00013707735275009998	0.00013707735275009998	0.00013707735275009998	0.00013707735275009998	0.00013707735275009998	0.00013707735275009998	0.00013707735275009998	0.00013707735275009998	0.00013707735275009998
20	9.075121090831556e-05	9.075121090831556e-05	9.075121090831556e-05	9.075121090831556e-05	9.075121090831556e-05	9.075121090831556e-05	9.075121090831556e-05	9.075121090831556e-05	9.075121090831556e-05	9.075121090831556e-05	9.075121090831556e-05	9.075121090831556e-05	9.075121090831556e-05	9.075121090831556e-05	9.075121090831556e-05	9.075121090831556e-05
21	6.333574035828418e-05	6.333574035828418e-05	6.333574035828418e-05	6.333574035828418e-05	6.333574035828418e-05	6.333574035828418e-05	6.333574035828418e-05	6.333574035828418e-05	6.333574035828418e-05	6.333574035828418e-05	6.333574035828418e-05	6.333574035828418e-05	6.333574035828418e-05	6.333574035828418e-05	6.333574035828418e-05	6.333574035828418e-05
22	4.1123205825047075e-05	4.1123205825047075e-05	4.1123205825047075e-05	4.1123205825047075e-05	4.1123205825047075e-05	4.1123205825047075e-05	4.1123205825047075e-05	4.1123205825047075e-05	4.1123205825047075e-05	4.1123205825047075e-05	4.1123205825047075e-05	4.1123205825047075e-05	4.1123205825047075e-05	4.1123205825047075e-05	4.1123205825047075e-05	4.1123205825047075e-05
23	2.4613889617911394e-05	2.4613889617911394e-05	2.4613889617911394e-05	2.4613889617911394e-05	2.4613889617911394e-05	2.4613889617911394e-05	2.4613889617911394e-05	2.4613889617911394e-05	2.4613889617911394e-05	2.4613889617911394e-05	2.4613889617911394e-05	2.4613889617911394e-05	2.4613889617911394e-05	2.4613889617911394e-05	2.4613889617911394e-05	2.4613889617911394e-05
24	8.084562118403415e-06	8.084562118403415e-06	8.084562118403415e-06	8.084562118403415e-06	8.084562118403415e-06	8.084562118403415e-06	8.084562118403415e-06	8.084562118403415e-06	8.084562118403415e-06	8.084562118403415e-06	8.084562118403415e-06	8.084562118403415e-06	8.084562118403415e-06	8.084562118403415e-06	8.084562118403415e-06	8.084562118403415e-06
["C3",*,*] : 	1	2	3	4	5	6	7	8	9	10	11	12	13	14	15	16 := 
1	6.773822468018703e-06	6.773822468018703e-06	6.773822468018703e-06	6.773822468018703e-06	6.773822468018703e-06	6.773822468018703e-06	6.773822468018703e-06	6.773822468018703e-06	6.773822468018703e-06	6.773822468018703e-06	6.773822468018703e-06	6.773822468018703e-06	6.773822468018703e-06	6.773822468018703e-06	6.773822468018703e-06	6.773822468018703e-06
2	3.7521173198035656e-06	3.7521173198035656e-06	3.7521173198035656e-06	3.7521173198035656e-06	3.7521173198035656e-06	3.7521173198035656e-06	3.7521173198035656e-06	3.7521173198035656e-06	3.7521173198035656e-06	3.7521173198035656e-06	3.7521173198035656e-06	3.7521173198035656e-06	3.7521173198035656e-06	3.7521173198035656e-06	3.7521173198035656e-06	3.7521173198035656e-06
3	2.381343792301996e-06	2.381343792301996e-06	2.381343792301996e-06	2.381343792301996e-06	2.381343792301996e-06	2.381343792301996e-06	2.381343792301996e-06	2.381343792301996e-06	2.381343792301996e-06	2.381343792301996e-06	2.381343792301996e-06	2.381343792301996e-06	2.381343792301996e-06	2.381343792301996e-06	2.381343792301996e-06	2.381343792301996e-06
4	8.304686334498558e-06	8.304686334498558e-06	8.304686334498558e-06	8.304686334498558e-06	8.304686334498558e-06	8.304686334498558e-06	8.304686334498558e-06	8.304686334498558e-06	8.304686334498558e-06	8.304686334498558e-06	8.304686334498558e-06	8.304686334498558e-06	8.304686334498558e-06	8.304686334498558e-06	8.304686334498558e-06	8.304686334498558e-06
5	2.491405900349567e-05	2.491405900349567e-05	2.491405900349567e-05	2.491405900349567e-05	2.491405900349567e-05	2.491405900349567e-05	2.491405900349567e-05	2.491405900349567e-05	2.491405900349567e-05	2.491405900349567e-05	2.491405900349567e-05	2.491405900349567e-05	2.491405900349567e-05	2.491405900349567e-05	2.491405900349567e-05	2.491405900349567e-05
6	6.93391280699699e-05	6.93391280699699e-05	6.93391280699699e-05	6.93391280699699e-05	6.93391280699699e-05	6.93391280699699e-05	6.93391280699699e-05	6.93391280699699e-05	6.93391280699699e-05	6.93391280699699e-05	6.93391280699699e-05	6.93391280699699e-05	6.93391280699699e-05	6.93391280699699e-05	6.93391280699699e-05	6.93391280699699e-05
7	0.00014308074046179997	0.00014308074046179997	0.00014308074046179997	0.00014308074046179997	0.00014308074046179997	0.00014308074046179997	0.00014308074046179997	0.00014308074046179997	0.00014308074046179997	0.00014308074046179997	0.00014308074046179997	0.00014308074046179997	0.00014308074046179997	0.00014308074046179997	0.00014308074046179997	0.00014308074046179997
8	0.00019010727753669996	0.00019010727753669996	0.00019010727753669996	0.00019010727753669996	0.00019010727753669996	0.00019010727753669996	0.00019010727753669996	0.00019010727753669996	0.00019010727753669996	0.00019010727753669996	0.00019010727753669996	0.00019010727753669996	0.00019010727753669996	0.00019010727753669996	0.00019010727753669996	0.00019010727753669996
9	0.00016809485592709998	0.00016809485592709998	0.00016809485592709998	0.00016809485592709998	0.00016809485592709998	0.00016809485592709998	0.00016809485592709998	0.00016809485592709998	0.00016809485592709998	0.00016809485592709998	0.00016809485592709998	0.00016809485592709998	0.00016809485592709998	0.00016809485592709998	0.00016809485592709998	0.00016809485592709998
10	0.00016509316207129998	0.00016509316207129998	0.00016509316207129998	0.00016509316207129998	0.00016509316207129998	0.00016509316207129998	0.00016509316207129998	0.00016509316207129998	0.00016509316207129998	0.00016509316207129998	0.00016509316207129998	0.00016509316207129998	0.00016509316207129998	0.00016509316207129998	0.00016509316207129998	0.00016509316207129998
11	0.00017910106673189999	0.00017910106673189999	0.00017910106673189999	0.00017910106673189999	0.00017910106673189999	0.00017910106673189999	0.00017910106673189999	0.00017910106673189999	0.00017910106673189999	0.00017910106673189999	0.00017910106673189999	0.00017910106673189999	0.00017910106673189999	0.00017910106673189999	0.00017910106673189999	0.00017910106673189999
12	0.00019611066524829996	0.00019611066524829996	0.00019611066524829996	0.00019611066524829996	0.00019611066524829996	0.00019611066524829996	0.00019611066524829996	0.00019611066524829996	0.00019611066524829996	0.00019611066524829996	0.00019611066524829996	0.00019611066524829996	0.00019611066524829996	0.00019611066524829996	0.00019611066524829996	0.00019611066524829996
13	0.00019511010062969996	0.00019511010062969996	0.00019511010062969996	0.00019511010062969996	0.00019511010062969996	0.00019511010062969996	0.00019511010062969996	0.00019511010062969996	0.00019511010062969996	0.00019511010062969996	0.00019511010062969996	0.00019511010062969996	0.00019511010062969996	0.00019511010062969996	0.00019511010062969996	0.00019511010062969996
14	0.00018510445444359997	0.00018510445444359997	0.00018510445444359997	0.00018510445444359997	0.00018510445444359997	0.00018510445444359997	0.00018510445444359997	0.00018510445444359997	0.00018510445444359997	0.00018510445444359997	0.00018510445444359997	0.00018510445444359997	0.00018510445444359997	0.00018510445444359997	0.00018510445444359997	0.00018510445444359997
15	0.00019911235910419998	0.00019911235910419998	0.00019911235910419998	0.00019911235910419998	0.00019911235910419998	0.00019911235910419998	0.00019911235910419998	0.00019911235910419998	0.00019911235910419998	0.00019911235910419998	0.00019911235910419998	0.00019911235910419998	0.00019911235910419998	0.00019911235910419998	0.00019911235910419998	0.00019911235910419998
16	0.00021612195762059998	0.00021612195762059998	0.00021612195762059998	0.00021612195762059998	0.00021612195762059998	0.00021612195762059998	0.00021612195762059998	0.00021612195762059998	0.00021612195762059998	0.00021612195762059998	0.00021612195762059998	0.00021612195762059998	0.00021612195762059998	0.00021612195762059998	0.00021612195762059998	0.00021612195762059998
17	0.00022412647456949996	0.00022412647456949996	0.00022412647456949996	0.00022412647456949996	0.00022412647456949996	0.00022412647456949996	0.00022412647456949996	0.00022412647456949996	0.00022412647456949996	0.00022412647456949996	0.00022412647456949996	0.00022412647456949996	0.00022412647456949996	0.00022412647456949996	0.00022412647456949996	0.00022412647456949996
18	0.00019811179448559998	0.00019811179448559998	0.00019811179448559998	0.00019811179448559998	0.00019811179448559998	0.00019811179448559998	0.00019811179448559998	0.00019811179448559998	0.00019811179448559998	0.00019811179448559998	0.00019811179448559998	0.00019811179448559998	0.00019811179448559998	0.00019811179448559998	0.00019811179448559998	0.00019811179448559998
19	0.00013707735275009998	0.00013707735275009998	0.00013707735275009998	0.00013707735275009998	0.00013707735275009998	0.00013707735275009998	0.00013707735275009998	0.00013707735275009998	0.00013707735275009998	0.00013707735275009998	0.00013707735275009998	0.00013707735275009998	0.00013707735275009998	0.00013707735275009998	0.00013707735275009998	0.00013707735275009998
20	9.075121090831556e-05	9.075121090831556e-05	9.075121090831556e-05	9.075121090831556e-05	9.075121090831556e-05	9.075121090831556e-05	9.075121090831556e-05	9.075121090831556e-05	9.075121090831556e-05	9.075121090831556e-05	9.075121090831556e-05	9.075121090831556e-05	9.075121090831556e-05	9.075121090831556e-05	9.075121090831556e-05	9.075121090831556e-05
21	6.333574035828418e-05	6.333574035828418e-05	6.333574035828418e-05	6.333574035828418e-05	6.333574035828418e-05	6.333574035828418e-05	6.333574035828418e-05	6.333574035828418e-05	6.333574035828418e-05	6.333574035828418e-05	6.333574035828418e-05	6.333574035828418e-05	6.333574035828418e-05	6.333574035828418e-05	6.333574035828418e-05	6.333574035828418e-05
22	4.1123205825047075e-05	4.1123205825047075e-05	4.1123205825047075e-05	4.1123205825047075e-05	4.1123205825047075e-05	4.1123205825047075e-05	4.1123205825047075e-05	4.1123205825047075e-05	4.1123205825047075e-05	4.1123205825047075e-05	4.1123205825047075e-05	4.1123205825047075e-05	4.1123205825047075e-05	4.1123205825047075e-05	4.1123205825047075e-05	4.1123205825047075e-05
23	2.4613889617911394e-05	2.4613889617911394e-05	2.4613889617911394e-05	2.4613889617911394e-05	2.4613889617911394e-05	2.4613889617911394e-05	2.4613889617911394e-05	2.4613889617911394e-05	2.4613889617911394e-05	2.4613889617911394e-05	2.4613889617911394e-05	2.4613889617911394e-05	2.4613889617911394e-05	2.4613889617911394e-05	2.4613889617911394e-05	2.4613889617911394e-05
24	8.084562118403415e-06	8.084562118403415e-06	8.084562118403415e-06	8.084562118403415e-06	8.084562118403415e-06	8.084562118403415e-06	8.084562118403415e-06	8.084562118403415e-06	8.084562118403415e-06	8.084562118403415e-06	8.084562118403415e-06	8.084562118403415e-06	8.084562118403415e-06	8.084562118403415e-06	8.084562118403415e-06	8.084562118403415e-06
["C4",*,*] : 	1	2	3	4	5	6	7	8	9	10	11	12	13	14	15	16 := 
1	6.773822468018703e-06	6.773822468018703e-06	6.773822468018703e-06	6.773822468018703e-06	6.773822468018703e-06	6.773822468018703e-06	6.773822468018703e-06	6.773822468018703e-06	6.773822468018703e-06	6.773822468018703e-06	6.773822468018703e-06	6.773822468018703e-06	6.773822468018703e-06	6.773822468018703e-06	6.773822468018703e-06	6.773822468018703e-06
2	3.7521173198035656e-06	3.7521173198035656e-06	3.7521173198035656e-06	3.7521173198035656e-06	3.7521173198035656e-06	3.7521173198035656e-06	3.7521173198035656e-06	3.7521173198035656e-06	3.7521173198035656e-06	3.7521173198035656e-06	3.7521173198035656e-06	3.7521173198035656e-06	3.7521173198035656e-06	3.7521173198035656e-06	3.7521173198035656e-06	3.7521173198035656e-06
3	2.381343792301996e-06	2.381343792301996e-06	2.381343792301996e-06	2.381343792301996e-06	2.381343792301996e-06	2.381343792301996e-06	2.381343792301996e-06	2.381343792301996e-06	2.381343792301996e-06	2.381343792301996e-06	2.381343792301996e-06	2.381343792301996e-06	2.381343792301996e-06	2.381343792301996e-06	2.381343792301996e-06	2.381343792301996e-06
4	8.304686334498558e-06	8.304686334498558e-06	8.304686334498558e-06	8.304686334498558e-06	8.304686334498558e-06	8.304686334498558e-06	8.304686334498558e-06	8.304686334498558e-06	8.304686334498558e-06	8.304686334498558e-06	8.304686334498558e-06	8.304686334498558e-06	8.304686334498558e-06	8.304686334498558e-06	8.304686334498558e-06	8.304686334498558e-06
5	2.491405900349567e-05	2.491405900349567e-05	2.491405900349567e-05	2.491405900349567e-05	2.491405900349567e-05	2.491405900349567e-05	2.491405900349567e-05	2.491405900349567e-05	2.491405900349567e-05	2.491405900349567e-05	2.491405900349567e-05	2.491405900349567e-05	2.491405900349567e-05	2.491405900349567e-05	2.491405900349567e-05	2.491405900349567e-05
6	6.93391280699699e-05	6.93391280699699e-05	6.93391280699699e-05	6.93391280699699e-05	6.93391280699699e-05	6.93391280699699e-05	6.93391280699699e-05	6.93391280699699e-05	6.93391280699699e-05	6.93391280699699e-05	6.93391280699699e-05	6.93391280699699e-05	6.93391280699699e-05	6.93391280699699e-05	6.93391280699699e-05	6.93391280699699e-05
7	0.00014308074046179997	0.00014308074046179997	0.00014308074046179997	0.00014308074046179997	0.00014308074046179997	0.00014308074046179997	0.00014308074046179997	0.00014308074046179997	0.00014308074046179997	0.00014308074046179997	0.00014308074046179997	0.00014308074046179997	0.00014308074046179997	0.00014308074046179997	0.00014308074046179997	0.00014308074046179997
8	0.00019010727753669996	0.00019010727753669996	0.00019010727753669996	0.00019010727753669996	0.00019010727753669996	0.00019010727753669996	0.00019010727753669996	0.00019010727753669996	0.00019010727753669996	0.00019010727753669996	0.00019010727753669996	0.00019010727753669996	0.00019010727753669996	0.00019010727753669996	0.00019010727753669996	0.00019010727753669996
9	0.00016809485592709998	0.00016809485592709998	0.00016809485592709998	0.00016809485592709998	0.00016809485592709998	0.00016809485592709998	0.00016809485592709998	0.00016809485592709998	0.00016809485592709998	0.00016809485592709998	0.00016809485592709998	0.00016809485592709998	0.00016809485592709998	0.00016809485592709998	0.00016809485592709998	0.00016809485592709998
10	0.00016509316207129998	0.00016509316207129998	0.00016509316207129998	0.00016509316207129998	0.00016509316207129998	0.00016509316207129998	0.00016509316207129998	0.00016509316207129998	0.00016509316207129998	0.00016509316207129998	0.00016509316207129998	0.00016509316207129998	0.00016509316207129998	0.00016509316207129998	0.00016509316207129998	0.00016509316207129998
11	0.00017910106673189999	0.00017910106673189999	0.00017910106673189999	0.00017910106673189999	0.00017910106673189999	0.00017910106673189999	0.00017910106673189999	0.00017910106673189999	0.00017910106673189999	0.00017910106673189999	0.00017910106673189999	0.00017910106673189999	0.00017910106673189999	0.00017910106673189999	0.00017910106673189999	0.00017910106673189999
12	0.00019611066524829996	0.00019611066524829996	0.00019611066524829996	0.00019611066524829996	0.00019611066524829996	0.00019611066524829996	0.00019611066524829996	0.00019611066524829996	0.00019611066524829996	0.00019611066524829996	0.00019611066524829996	0.00019611066524829996	0.00019611066524829996	0.00019611066524829996	0.00019611066524829996	0.00019611066524829996
13	0.00019511010062969996	0.00019511010062969996	0.00019511010062969996	0.00019511010062969996	0.00019511010062969996	0.00019511010062969996	0.00019511010062969996	0.00019511010062969996	0.00019511010062969996	0.00019511010062969996	0.00019511010062969996	0.00019511010062969996	0.00019511010062969996	0.00019511010062969996	0.00019511010062969996	0.00019511010062969996
14	0.00018510445444359997	0.00018510445444359997	0.00018510445444359997	0.00018510445444359997	0.00018510445444359997	0.00018510445444359997	0.00018510445444359997	0.00018510445444359997	0.00018510445444359997	0.00018510445444359997	0.00018510445444359997	0.00018510445444359997	0.00018510445444359997	0.00018510445444359997	0.00018510445444359997	0.00018510445444359997
15	0.00019911235910419998	0.00019911235910419998	0.00019911235910419998	0.00019911235910419998	0.00019911235910419998	0.00019911235910419998	0.00019911235910419998	0.00019911235910419998	0.00019911235910419998	0.00019911235910419998	0.00019911235910419998	0.00019911235910419998	0.00019911235910419998	0.00019911235910419998	0.00019911235910419998	0.00019911235910419998
16	0.00021612195762059998	0.00021612195762059998	0.00021612195762059998	0.00021612195762059998	0.00021612195762059998	0.00021612195762059998	0.00021612195762059998	0.00021612195762059998	0.00021612195762059998	0.00021612195762059998	0.00021612195762059998	0.00021612195762059998	0.00021612195762059998	0.00021612195762059998	0.00021612195762059998	0.00021612195762059998
17	0.00022412647456949996	0.00022412647456949996	0.00022412647456949996	0.00022412647456949996	0.00022412647456949996	0.00022412647456949996	0.00022412647456949996	0.00022412647456949996	0.00022412647456949996	0.00022412647456949996	0.00022412647456949996	0.00022412647456949996	0.00022412647456949996	0.00022412647456949996	0.00022412647456949996	0.00022412647456949996
18	0.00019811179448559998	0.00019811179448559998	0.00019811179448559998	0.00019811179448559998	0.00019811179448559998	0.00019811179448559998	0.00019811179448559998	0.00019811179448559998	0.00019811179448559998	0.00019811179448559998	0.00019811179448559998	0.00019811179448559998	0.00019811179448559998	0.00019811179448559998	0.00019811179448559998	0.00019811179448559998
19	0.00013707735275009998	0.00013707735275009998	0.00013707735275009998	0.00013707735275009998	0.00013707735275009998	0.00013707735275009998	0.00013707735275009998	0.00013707735275009998	0.00013707735275009998	0.00013707735275009998	0.00013707735275009998	0.00013707735275009998	0.00013707735275009998	0.00013707735275009998	0.00013707735275009998	0.00013707735275009998
20	9.075121090831556e-05	9.075121090831556e-05	9.075121090831556e-05	9.075121090831556e-05	9.075121090831556e-05	9.075121090831556e-05	9.075121090831556e-05	9.075121090831556e-05	9.075121090831556e-05	9.075121090831556e-05	9.075121090831556e-05	9.075121090831556e-05	9.075121090831556e-05	9.075121090831556e-05	9.075121090831556e-05	9.075121090831556e-05
21	6.333574035828418e-05	6.333574035828418e-05	6.333574035828418e-05	6.333574035828418e-05	6.333574035828418e-05	6.333574035828418e-05	6.333574035828418e-05	6.333574035828418e-05	6.333574035828418e-05	6.333574035828418e-05	6.333574035828418e-05	6.333574035828418e-05	6.333574035828418e-05	6.333574035828418e-05	6.333574035828418e-05	6.333574035828418e-05
22	4.1123205825047075e-05	4.1123205825047075e-05	4.1123205825047075e-05	4.1123205825047075e-05	4.1123205825047075e-05	4.1123205825047075e-05	4.1123205825047075e-05	4.1123205825047075e-05	4.1123205825047075e-05	4.1123205825047075e-05	4.1123205825047075e-05	4.1123205825047075e-05	4.1123205825047075e-05	4.1123205825047075e-05	4.1123205825047075e-05	4.1123205825047075e-05
23	2.4613889617911394e-05	2.4613889617911394e-05	2.4613889617911394e-05	2.4613889617911394e-05	2.4613889617911394e-05	2.4613889617911394e-05	2.4613889617911394e-05	2.4613889617911394e-05	2.4613889617911394e-05	2.4613889617911394e-05	2.4613889617911394e-05	2.4613889617911394e-05	2.4613889617911394e-05	2.4613889617911394e-05	2.4613889617911394e-05	2.4613889617911394e-05
24	8.084562118403415e-06	8.084562118403415e-06	8.084562118403415e-06	8.084562118403415e-06	8.084562118403415e-06	8.084562118403415e-06	8.084562118403415e-06	8.084562118403415e-06	8.084562118403415e-06	8.084562118403415e-06	8.084562118403415e-06	8.084562118403415e-06	8.084562118403415e-06	8.084562118403415e-06	8.084562118403415e-06	8.084562118403415e-06
["C5",*,*] : 	1	2	3	4	5	6	7	8	9	10	11	12	13	14	15	16 := 
1	6.773822468018703e-06	6.773822468018703e-06	6.773822468018703e-06	6.773822468018703e-06	6.773822468018703e-06	6.773822468018703e-06	6.773822468018703e-06	6.773822468018703e-06	6.773822468018703e-06	6.773822468018703e-06	6.773822468018703e-06	6.773822468018703e-06	6.773822468018703e-06	6.773822468018703e-06	6.773822468018703e-06	6.773822468018703e-06
2	3.7521173198035656e-06	3.7521173198035656e-06	3.7521173198035656e-06	3.7521173198035656e-06	3.7521173198035656e-06	3.7521173198035656e-06	3.7521173198035656e-06	3.7521173198035656e-06	3.7521173198035656e-06	3.7521173198035656e-06	3.7521173198035656e-06	3.7521173198035656e-06	3.7521173198035656e-06	3.7521173198035656e-06	3.7521173198035656e-06	3.7521173198035656e-06
3	2.381343792301996e-06	2.381343792301996e-06	2.381343792301996e-06	2.381343792301996e-06	2.381343792301996e-06	2.381343792301996e-06	2.381343792301996e-06	2.381343792301996e-06	2.381343792301996e-06	2.381343792301996e-06	2.381343792301996e-06	2.381343792301996e-06	2.381343792301996e-06	2.381343792301996e-06	2.381343792301996e-06	2.381343792301996e-06
4	8.304686334498558e-06	8.304686334498558e-06	8.304686334498558e-06	8.304686334498558e-06	8.304686334498558e-06	8.304686334498558e-06	8.304686334498558e-06	8.304686334498558e-06	8.304686334498558e-06	8.304686334498558e-06	8.304686334498558e-06	8.304686334498558e-06	8.304686334498558e-06	8.304686334498558e-06	8.304686334498558e-06	8.304686334498558e-06
5	2.491405900349567e-05	2.491405900349567e-05	2.491405900349567e-05	2.491405900349567e-05	2.491405900349567e-05	2.491405900349567e-05	2.491405900349567e-05	2.491405900349567e-05	2.491405900349567e-05	2.491405900349567e-05	2.491405900349567e-05	2.491405900349567e-05	2.491405900349567e-05	2.491405900349567e-05	2.491405900349567e-05	2.491405900349567e-05
6	6.93391280699699e-05	6.93391280699699e-05	6.93391280699699e-05	6.93391280699699e-05	6.93391280699699e-05	6.93391280699699e-05	6.93391280699699e-05	6.93391280699699e-05	6.93391280699699e-05	6.93391280699699e-05	6.93391280699699e-05	6.93391280699699e-05	6.93391280699699e-05	6.93391280699699e-05	6.93391280699699e-05	6.93391280699699e-05
7	0.00014308074046179997	0.00014308074046179997	0.00014308074046179997	0.00014308074046179997	0.00014308074046179997	0.00014308074046179997	0.00014308074046179997	0.00014308074046179997	0.00014308074046179997	0.00014308074046179997	0.00014308074046179997	0.00014308074046179997	0.00014308074046179997	0.00014308074046179997	0.00014308074046179997	0.00014308074046179997
8	0.00019010727753669996	0.00019010727753669996	0.00019010727753669996	0.00019010727753669996	0.00019010727753669996	0.00019010727753669996	0.00019010727753669996	0.00019010727753669996	0.00019010727753669996	0.00019010727753669996	0.00019010727753669996	0.00019010727753669996	0.00019010727753669996	0.00019010727753669996	0.00019010727753669996	0.00019010727753669996
9	0.00016809485592709998	0.00016809485592709998	0.00016809485592709998	0.00016809485592709998	0.00016809485592709998	0.00016809485592709998	0.00016809485592709998	0.00016809485592709998	0.00016809485592709998	0.00016809485592709998	0.00016809485592709998	0.00016809485592709998	0.00016809485592709998	0.00016809485592709998	0.00016809485592709998	0.00016809485592709998
10	0.00016509316207129998	0.00016509316207129998	0.00016509316207129998	0.00016509316207129998	0.00016509316207129998	0.00016509316207129998	0.00016509316207129998	0.00016509316207129998	0.00016509316207129998	0.00016509316207129998	0.00016509316207129998	0.00016509316207129998	0.00016509316207129998	0.00016509316207129998	0.00016509316207129998	0.00016509316207129998
11	0.00017910106673189999	0.00017910106673189999	0.00017910106673189999	0.00017910106673189999	0.00017910106673189999	0.00017910106673189999	0.00017910106673189999	0.00017910106673189999	0.00017910106673189999	0.00017910106673189999	0.00017910106673189999	0.00017910106673189999	0.00017910106673189999	0.00017910106673189999	0.00017910106673189999	0.00017910106673189999
12	0.00019611066524829996	0.00019611066524829996	0.00019611066524829996	0.00019611066524829996	0.00019611066524829996	0.00019611066524829996	0.00019611066524829996	0.00019611066524829996	0.00019611066524829996	0.00019611066524829996	0.00019611066524829996	0.00019611066524829996	0.00019611066524829996	0.00019611066524829996	0.00019611066524829996	0.00019611066524829996
13	0.00019511010062969996	0.00019511010062969996	0.00019511010062969996	0.00019511010062969996	0.00019511010062969996	0.00019511010062969996	0.00019511010062969996	0.00019511010062969996	0.00019511010062969996	0.00019511010062969996	0.00019511010062969996	0.00019511010062969996	0.00019511010062969996	0.00019511010062969996	0.00019511010062969996	0.00019511010062969996
14	0.00018510445444359997	0.00018510445444359997	0.00018510445444359997	0.00018510445444359997	0.00018510445444359997	0.00018510445444359997	0.00018510445444359997	0.00018510445444359997	0.00018510445444359997	0.00018510445444359997	0.00018510445444359997	0.00018510445444359997	0.00018510445444359997	0.00018510445444359997	0.00018510445444359997	0.00018510445444359997
15	0.00019911235910419998	0.00019911235910419998	0.00019911235910419998	0.00019911235910419998	0.00019911235910419998	0.00019911235910419998	0.00019911235910419998	0.00019911235910419998	0.00019911235910419998	0.00019911235910419998	0.00019911235910419998	0.00019911235910419998	0.00019911235910419998	0.00019911235910419998	0.00019911235910419998	0.00019911235910419998
16	0.00021612195762059998	0.00021612195762059998	0.00021612195762059998	0.00021612195762059998	0.00021612195762059998	0.00021612195762059998	0.00021612195762059998	0.00021612195762059998	0.00021612195762059998	0.00021612195762059998	0.00021612195762059998	0.00021612195762059998	0.00021612195762059998	0.00021612195762059998	0.00021612195762059998	0.00021612195762059998
17	0.00022412647456949996	0.00022412647456949996	0.00022412647456949996	0.00022412647456949996	0.00022412647456949996	0.00022412647456949996	0.00022412647456949996	0.00022412647456949996	0.00022412647456949996	0.00022412647456949996	0.00022412647456949996	0.00022412647456949996	0.00022412647456949996	0.00022412647456949996	0.00022412647456949996	0.00022412647456949996
18	0.00019811179448559998	0.00019811179448559998	0.00019811179448559998	0.00019811179448559998	0.00019811179448559998	0.00019811179448559998	0.00019811179448559998	0.00019811179448559998	0.00019811179448559998	0.00019811179448559998	0.00019811179448559998	0.00019811179448559998	0.00019811179448559998	0.00019811179448559998	0.00019811179448559998	0.00019811179448559998
19	0.00013707735275009998	0.00013707735275009998	0.00013707735275009998	0.00013707735275009998	0.00013707735275009998	0.00013707735275009998	0.00013707735275009998	0.00013707735275009998	0.00013707735275009998	0.00013707735275009998	0.00013707735275009998	0.00013707735275009998	0.00013707735275009998	0.00013707735275009998	0.00013707735275009998	0.00013707735275009998
20	9.075121090831556e-05	9.075121090831556e-05	9.075121090831556e-05	9.075121090831556e-05	9.075121090831556e-05	9.075121090831556e-05	9.075121090831556e-05	9.075121090831556e-05	9.075121090831556e-05	9.075121090831556e-05	9.075121090831556e-05	9.075121090831556e-05	9.075121090831556e-05	9.075121090831556e-05	9.075121090831556e-05	9.075121090831556e-05
21	6.333574035828418e-05	6.333574035828418e-05	6.333574035828418e-05	6.333574035828418e-05	6.333574035828418e-05	6.333574035828418e-05	6.333574035828418e-05	6.333574035828418e-05	6.333574035828418e-05	6.333574035828418e-05	6.333574035828418e-05	6.333574035828418e-05	6.333574035828418e-05	6.333574035828418e-05	6.333574035828418e-05	6.333574035828418e-05
22	4.1123205825047075e-05	4.1123205825047075e-05	4.1123205825047075e-05	4.1123205825047075e-05	4.1123205825047075e-05	4.1123205825047075e-05	4.1123205825047075e-05	4.1123205825047075e-05	4.1123205825047075e-05	4.1123205825047075e-05	4.1123205825047075e-05	4.1123205825047075e-05	4.1123205825047075e-05	4.1123205825047075e-05	4.1123205825047075e-05	4.1123205825047075e-05
23	2.4613889617911394e-05	2.4613889617911394e-05	2.4613889617911394e-05	2.4613889617911394e-05	2.4613889617911394e-05	2.4613889617911394e-05	2.4613889617911394e-05	2.4613889617911394e-05	2.4613889617911394e-05	2.4613889617911394e-05	2.4613889617911394e-05	2.4613889617911394e-05	2.4613889617911394e-05	2.4613889617911394e-05	2.4613889617911394e-05	2.4613889617911394e-05
24	8.084562118403415e-06	8.084562118403415e-06	8.084562118403415e-06	8.084562118403415e-06	8.084562118403415e-06	8.084562118403415e-06	8.084562118403415e-06	8.084562118403415e-06	8.084562118403415e-06	8.084562118403415e-06	8.084562118403415e-06	8.084562118403415e-06	8.084562118403415e-06	8.084562118403415e-06	8.084562118403415e-06	8.084562118403415e-06
;
  
 param  mob_freight_time_series  := 
["C1",*,*] : 	1	2	3	4	5	6	7	8	9	10	11	12	13	14	15	16 := 
1	0.00011415525114150003	0.00011415525114150003	0.00011415525114150003	0.00011415525114150003	0.00011415525114150003	0.00011415525114150003	0.00011415525114150003	0.00011415525114150003	0.00011415525114150003	0.00011415525114150003	0.00011415525114150003	0.00011415525114150003	0.00011415525114150003	0.00011415525114150003	0.00011415525114150003	0.00011415525114150003
2	0.00011415525114150003	0.00011415525114150003	0.00011415525114150003	0.00011415525114150003	0.00011415525114150003	0.00011415525114150003	0.00011415525114150003	0.00011415525114150003	0.00011415525114150003	0.00011415525114150003	0.00011415525114150003	0.00011415525114150003	0.00011415525114150003	0.00011415525114150003	0.00011415525114150003	0.00011415525114150003
3	0.00011415525114150003	0.00011415525114150003	0.00011415525114150003	0.00011415525114150003	0.00011415525114150003	0.00011415525114150003	0.00011415525114150003	0.00011415525114150003	0.00011415525114150003	0.00011415525114150003	0.00011415525114150003	0.00011415525114150003	0.00011415525114150003	0.00011415525114150003	0.00011415525114150003	0.00011415525114150003
4	0.00011415525114150003	0.00011415525114150003	0.00011415525114150003	0.00011415525114150003	0.00011415525114150003	0.00011415525114150003	0.00011415525114150003	0.00011415525114150003	0.00011415525114150003	0.00011415525114150003	0.00011415525114150003	0.00011415525114150003	0.00011415525114150003	0.00011415525114150003	0.00011415525114150003	0.00011415525114150003
5	0.00011415525114150003	0.00011415525114150003	0.00011415525114150003	0.00011415525114150003	0.00011415525114150003	0.00011415525114150003	0.00011415525114150003	0.00011415525114150003	0.00011415525114150003	0.00011415525114150003	0.00011415525114150003	0.00011415525114150003	0.00011415525114150003	0.00011415525114150003	0.00011415525114150003	0.00011415525114150003
6	0.00011415525114150003	0.00011415525114150003	0.00011415525114150003	0.00011415525114150003	0.00011415525114150003	0.00011415525114150003	0.00011415525114150003	0.00011415525114150003	0.00011415525114150003	0.00011415525114150003	0.00011415525114150003	0.00011415525114150003	0.00011415525114150003	0.00011415525114150003	0.00011415525114150003	0.00011415525114150003
7	0.00011415525114150003	0.00011415525114150003	0.00011415525114150003	0.00011415525114150003	0.00011415525114150003	0.00011415525114150003	0.00011415525114150003	0.00011415525114150003	0.00011415525114150003	0.00011415525114150003	0.00011415525114150003	0.00011415525114150003	0.00011415525114150003	0.00011415525114150003	0.00011415525114150003	0.00011415525114150003
8	0.00011415525114150003	0.00011415525114150003	0.00011415525114150003	0.00011415525114150003	0.00011415525114150003	0.00011415525114150003	0.00011415525114150003	0.00011415525114150003	0.00011415525114150003	0.00011415525114150003	0.00011415525114150003	0.00011415525114150003	0.00011415525114150003	0.00011415525114150003	0.00011415525114150003	0.00011415525114150003
9	0.00011415525114150003	0.00011415525114150003	0.00011415525114150003	0.00011415525114150003	0.00011415525114150003	0.00011415525114150003	0.00011415525114150003	0.00011415525114150003	0.00011415525114150003	0.00011415525114150003	0.00011415525114150003	0.00011415525114150003	0.00011415525114150003	0.00011415525114150003	0.00011415525114150003	0.00011415525114150003
10	0.00011415525114150003	0.00011415525114150003	0.00011415525114150003	0.00011415525114150003	0.00011415525114150003	0.00011415525114150003	0.00011415525114150003	0.00011415525114150003	0.00011415525114150003	0.00011415525114150003	0.00011415525114150003	0.00011415525114150003	0.00011415525114150003	0.00011415525114150003	0.00011415525114150003	0.00011415525114150003
11	0.00011415525114150003	0.00011415525114150003	0.00011415525114150003	0.00011415525114150003	0.00011415525114150003	0.00011415525114150003	0.00011415525114150003	0.00011415525114150003	0.00011415525114150003	0.00011415525114150003	0.00011415525114150003	0.00011415525114150003	0.00011415525114150003	0.00011415525114150003	0.00011415525114150003	0.00011415525114150003
12	0.00011415525114150003	0.00011415525114150003	0.00011415525114150003	0.00011415525114150003	0.00011415525114150003	0.00011415525114150003	0.00011415525114150003	0.00011415525114150003	0.00011415525114150003	0.00011415525114150003	0.00011415525114150003	0.00011415525114150003	0.00011415525114150003	0.00011415525114150003	0.00011415525114150003	0.00011415525114150003
13	0.00011415525114150003	0.00011415525114150003	0.00011415525114150003	0.00011415525114150003	0.00011415525114150003	0.00011415525114150003	0.00011415525114150003	0.00011415525114150003	0.00011415525114150003	0.00011415525114150003	0.00011415525114150003	0.00011415525114150003	0.00011415525114150003	0.00011415525114150003	0.00011415525114150003	0.00011415525114150003
14	0.00011415525114150003	0.00011415525114150003	0.00011415525114150003	0.00011415525114150003	0.00011415525114150003	0.00011415525114150003	0.00011415525114150003	0.00011415525114150003	0.00011415525114150003	0.00011415525114150003	0.00011415525114150003	0.00011415525114150003	0.00011415525114150003	0.00011415525114150003	0.00011415525114150003	0.00011415525114150003
15	0.00011415525114150003	0.00011415525114150003	0.00011415525114150003	0.00011415525114150003	0.00011415525114150003	0.00011415525114150003	0.00011415525114150003	0.00011415525114150003	0.00011415525114150003	0.00011415525114150003	0.00011415525114150003	0.00011415525114150003	0.00011415525114150003	0.00011415525114150003	0.00011415525114150003	0.00011415525114150003
16	0.00011415525114150003	0.00011415525114150003	0.00011415525114150003	0.00011415525114150003	0.00011415525114150003	0.00011415525114150003	0.00011415525114150003	0.00011415525114150003	0.00011415525114150003	0.00011415525114150003	0.00011415525114150003	0.00011415525114150003	0.00011415525114150003	0.00011415525114150003	0.00011415525114150003	0.00011415525114150003
17	0.00011415525114150003	0.00011415525114150003	0.00011415525114150003	0.00011415525114150003	0.00011415525114150003	0.00011415525114150003	0.00011415525114150003	0.00011415525114150003	0.00011415525114150003	0.00011415525114150003	0.00011415525114150003	0.00011415525114150003	0.00011415525114150003	0.00011415525114150003	0.00011415525114150003	0.00011415525114150003
18	0.00011415525114150003	0.00011415525114150003	0.00011415525114150003	0.00011415525114150003	0.00011415525114150003	0.00011415525114150003	0.00011415525114150003	0.00011415525114150003	0.00011415525114150003	0.00011415525114150003	0.00011415525114150003	0.00011415525114150003	0.00011415525114150003	0.00011415525114150003	0.00011415525114150003	0.00011415525114150003
19	0.00011415525114150003	0.00011415525114150003	0.00011415525114150003	0.00011415525114150003	0.00011415525114150003	0.00011415525114150003	0.00011415525114150003	0.00011415525114150003	0.00011415525114150003	0.00011415525114150003	0.00011415525114150003	0.00011415525114150003	0.00011415525114150003	0.00011415525114150003	0.00011415525114150003	0.00011415525114150003
20	0.00011415525114150003	0.00011415525114150003	0.00011415525114150003	0.00011415525114150003	0.00011415525114150003	0.00011415525114150003	0.00011415525114150003	0.00011415525114150003	0.00011415525114150003	0.00011415525114150003	0.00011415525114150003	0.00011415525114150003	0.00011415525114150003	0.00011415525114150003	0.00011415525114150003	0.00011415525114150003
21	0.00011415525114150003	0.00011415525114150003	0.00011415525114150003	0.00011415525114150003	0.00011415525114150003	0.00011415525114150003	0.00011415525114150003	0.00011415525114150003	0.00011415525114150003	0.00011415525114150003	0.00011415525114150003	0.00011415525114150003	0.00011415525114150003	0.00011415525114150003	0.00011415525114150003	0.00011415525114150003
22	0.00011415525114150003	0.00011415525114150003	0.00011415525114150003	0.00011415525114150003	0.00011415525114150003	0.00011415525114150003	0.00011415525114150003	0.00011415525114150003	0.00011415525114150003	0.00011415525114150003	0.00011415525114150003	0.00011415525114150003	0.00011415525114150003	0.00011415525114150003	0.00011415525114150003	0.00011415525114150003
23	0.00011415525114150003	0.00011415525114150003	0.00011415525114150003	0.00011415525114150003	0.00011415525114150003	0.00011415525114150003	0.00011415525114150003	0.00011415525114150003	0.00011415525114150003	0.00011415525114150003	0.00011415525114150003	0.00011415525114150003	0.00011415525114150003	0.00011415525114150003	0.00011415525114150003	0.00011415525114150003
24	0.00011415525114150003	0.00011415525114150003	0.00011415525114150003	0.00011415525114150003	0.00011415525114150003	0.00011415525114150003	0.00011415525114150003	0.00011415525114150003	0.00011415525114150003	0.00011415525114150003	0.00011415525114150003	0.00011415525114150003	0.00011415525114150003	0.00011415525114150003	0.00011415525114150003	0.00011415525114150003
["C2",*,*] : 	1	2	3	4	5	6	7	8	9	10	11	12	13	14	15	16 := 
1	0.00011415525114150003	0.00011415525114150003	0.00011415525114150003	0.00011415525114150003	0.00011415525114150003	0.00011415525114150003	0.00011415525114150003	0.00011415525114150003	0.00011415525114150003	0.00011415525114150003	0.00011415525114150003	0.00011415525114150003	0.00011415525114150003	0.00011415525114150003	0.00011415525114150003	0.00011415525114150003
2	0.00011415525114150003	0.00011415525114150003	0.00011415525114150003	0.00011415525114150003	0.00011415525114150003	0.00011415525114150003	0.00011415525114150003	0.00011415525114150003	0.00011415525114150003	0.00011415525114150003	0.00011415525114150003	0.00011415525114150003	0.00011415525114150003	0.00011415525114150003	0.00011415525114150003	0.00011415525114150003
3	0.00011415525114150003	0.00011415525114150003	0.00011415525114150003	0.00011415525114150003	0.00011415525114150003	0.00011415525114150003	0.00011415525114150003	0.00011415525114150003	0.00011415525114150003	0.00011415525114150003	0.00011415525114150003	0.00011415525114150003	0.00011415525114150003	0.00011415525114150003	0.00011415525114150003	0.00011415525114150003
4	0.00011415525114150003	0.00011415525114150003	0.00011415525114150003	0.00011415525114150003	0.00011415525114150003	0.00011415525114150003	0.00011415525114150003	0.00011415525114150003	0.00011415525114150003	0.00011415525114150003	0.00011415525114150003	0.00011415525114150003	0.00011415525114150003	0.00011415525114150003	0.00011415525114150003	0.00011415525114150003
5	0.00011415525114150003	0.00011415525114150003	0.00011415525114150003	0.00011415525114150003	0.00011415525114150003	0.00011415525114150003	0.00011415525114150003	0.00011415525114150003	0.00011415525114150003	0.00011415525114150003	0.00011415525114150003	0.00011415525114150003	0.00011415525114150003	0.00011415525114150003	0.00011415525114150003	0.00011415525114150003
6	0.00011415525114150003	0.00011415525114150003	0.00011415525114150003	0.00011415525114150003	0.00011415525114150003	0.00011415525114150003	0.00011415525114150003	0.00011415525114150003	0.00011415525114150003	0.00011415525114150003	0.00011415525114150003	0.00011415525114150003	0.00011415525114150003	0.00011415525114150003	0.00011415525114150003	0.00011415525114150003
7	0.00011415525114150003	0.00011415525114150003	0.00011415525114150003	0.00011415525114150003	0.00011415525114150003	0.00011415525114150003	0.00011415525114150003	0.00011415525114150003	0.00011415525114150003	0.00011415525114150003	0.00011415525114150003	0.00011415525114150003	0.00011415525114150003	0.00011415525114150003	0.00011415525114150003	0.00011415525114150003
8	0.00011415525114150003	0.00011415525114150003	0.00011415525114150003	0.00011415525114150003	0.00011415525114150003	0.00011415525114150003	0.00011415525114150003	0.00011415525114150003	0.00011415525114150003	0.00011415525114150003	0.00011415525114150003	0.00011415525114150003	0.00011415525114150003	0.00011415525114150003	0.00011415525114150003	0.00011415525114150003
9	0.00011415525114150003	0.00011415525114150003	0.00011415525114150003	0.00011415525114150003	0.00011415525114150003	0.00011415525114150003	0.00011415525114150003	0.00011415525114150003	0.00011415525114150003	0.00011415525114150003	0.00011415525114150003	0.00011415525114150003	0.00011415525114150003	0.00011415525114150003	0.00011415525114150003	0.00011415525114150003
10	0.00011415525114150003	0.00011415525114150003	0.00011415525114150003	0.00011415525114150003	0.00011415525114150003	0.00011415525114150003	0.00011415525114150003	0.00011415525114150003	0.00011415525114150003	0.00011415525114150003	0.00011415525114150003	0.00011415525114150003	0.00011415525114150003	0.00011415525114150003	0.00011415525114150003	0.00011415525114150003
11	0.00011415525114150003	0.00011415525114150003	0.00011415525114150003	0.00011415525114150003	0.00011415525114150003	0.00011415525114150003	0.00011415525114150003	0.00011415525114150003	0.00011415525114150003	0.00011415525114150003	0.00011415525114150003	0.00011415525114150003	0.00011415525114150003	0.00011415525114150003	0.00011415525114150003	0.00011415525114150003
12	0.00011415525114150003	0.00011415525114150003	0.00011415525114150003	0.00011415525114150003	0.00011415525114150003	0.00011415525114150003	0.00011415525114150003	0.00011415525114150003	0.00011415525114150003	0.00011415525114150003	0.00011415525114150003	0.00011415525114150003	0.00011415525114150003	0.00011415525114150003	0.00011415525114150003	0.00011415525114150003
13	0.00011415525114150003	0.00011415525114150003	0.00011415525114150003	0.00011415525114150003	0.00011415525114150003	0.00011415525114150003	0.00011415525114150003	0.00011415525114150003	0.00011415525114150003	0.00011415525114150003	0.00011415525114150003	0.00011415525114150003	0.00011415525114150003	0.00011415525114150003	0.00011415525114150003	0.00011415525114150003
14	0.00011415525114150003	0.00011415525114150003	0.00011415525114150003	0.00011415525114150003	0.00011415525114150003	0.00011415525114150003	0.00011415525114150003	0.00011415525114150003	0.00011415525114150003	0.00011415525114150003	0.00011415525114150003	0.00011415525114150003	0.00011415525114150003	0.00011415525114150003	0.00011415525114150003	0.00011415525114150003
15	0.00011415525114150003	0.00011415525114150003	0.00011415525114150003	0.00011415525114150003	0.00011415525114150003	0.00011415525114150003	0.00011415525114150003	0.00011415525114150003	0.00011415525114150003	0.00011415525114150003	0.00011415525114150003	0.00011415525114150003	0.00011415525114150003	0.00011415525114150003	0.00011415525114150003	0.00011415525114150003
16	0.00011415525114150003	0.00011415525114150003	0.00011415525114150003	0.00011415525114150003	0.00011415525114150003	0.00011415525114150003	0.00011415525114150003	0.00011415525114150003	0.00011415525114150003	0.00011415525114150003	0.00011415525114150003	0.00011415525114150003	0.00011415525114150003	0.00011415525114150003	0.00011415525114150003	0.00011415525114150003
17	0.00011415525114150003	0.00011415525114150003	0.00011415525114150003	0.00011415525114150003	0.00011415525114150003	0.00011415525114150003	0.00011415525114150003	0.00011415525114150003	0.00011415525114150003	0.00011415525114150003	0.00011415525114150003	0.00011415525114150003	0.00011415525114150003	0.00011415525114150003	0.00011415525114150003	0.00011415525114150003
18	0.00011415525114150003	0.00011415525114150003	0.00011415525114150003	0.00011415525114150003	0.00011415525114150003	0.00011415525114150003	0.00011415525114150003	0.00011415525114150003	0.00011415525114150003	0.00011415525114150003	0.00011415525114150003	0.00011415525114150003	0.00011415525114150003	0.00011415525114150003	0.00011415525114150003	0.00011415525114150003
19	0.00011415525114150003	0.00011415525114150003	0.00011415525114150003	0.00011415525114150003	0.00011415525114150003	0.00011415525114150003	0.00011415525114150003	0.00011415525114150003	0.00011415525114150003	0.00011415525114150003	0.00011415525114150003	0.00011415525114150003	0.00011415525114150003	0.00011415525114150003	0.00011415525114150003	0.00011415525114150003
20	0.00011415525114150003	0.00011415525114150003	0.00011415525114150003	0.00011415525114150003	0.00011415525114150003	0.00011415525114150003	0.00011415525114150003	0.00011415525114150003	0.00011415525114150003	0.00011415525114150003	0.00011415525114150003	0.00011415525114150003	0.00011415525114150003	0.00011415525114150003	0.00011415525114150003	0.00011415525114150003
21	0.00011415525114150003	0.00011415525114150003	0.00011415525114150003	0.00011415525114150003	0.00011415525114150003	0.00011415525114150003	0.00011415525114150003	0.00011415525114150003	0.00011415525114150003	0.00011415525114150003	0.00011415525114150003	0.00011415525114150003	0.00011415525114150003	0.00011415525114150003	0.00011415525114150003	0.00011415525114150003
22	0.00011415525114150003	0.00011415525114150003	0.00011415525114150003	0.00011415525114150003	0.00011415525114150003	0.00011415525114150003	0.00011415525114150003	0.00011415525114150003	0.00011415525114150003	0.00011415525114150003	0.00011415525114150003	0.00011415525114150003	0.00011415525114150003	0.00011415525114150003	0.00011415525114150003	0.00011415525114150003
23	0.00011415525114150003	0.00011415525114150003	0.00011415525114150003	0.00011415525114150003	0.00011415525114150003	0.00011415525114150003	0.00011415525114150003	0.00011415525114150003	0.00011415525114150003	0.00011415525114150003	0.00011415525114150003	0.00011415525114150003	0.00011415525114150003	0.00011415525114150003	0.00011415525114150003	0.00011415525114150003
24	0.00011415525114150003	0.00011415525114150003	0.00011415525114150003	0.00011415525114150003	0.00011415525114150003	0.00011415525114150003	0.00011415525114150003	0.00011415525114150003	0.00011415525114150003	0.00011415525114150003	0.00011415525114150003	0.00011415525114150003	0.00011415525114150003	0.00011415525114150003	0.00011415525114150003	0.00011415525114150003
["C3",*,*] : 	1	2	3	4	5	6	7	8	9	10	11	12	13	14	15	16 := 
1	0.00011415525114150003	0.00011415525114150003	0.00011415525114150003	0.00011415525114150003	0.00011415525114150003	0.00011415525114150003	0.00011415525114150003	0.00011415525114150003	0.00011415525114150003	0.00011415525114150003	0.00011415525114150003	0.00011415525114150003	0.00011415525114150003	0.00011415525114150003	0.00011415525114150003	0.00011415525114150003
2	0.00011415525114150003	0.00011415525114150003	0.00011415525114150003	0.00011415525114150003	0.00011415525114150003	0.00011415525114150003	0.00011415525114150003	0.00011415525114150003	0.00011415525114150003	0.00011415525114150003	0.00011415525114150003	0.00011415525114150003	0.00011415525114150003	0.00011415525114150003	0.00011415525114150003	0.00011415525114150003
3	0.00011415525114150003	0.00011415525114150003	0.00011415525114150003	0.00011415525114150003	0.00011415525114150003	0.00011415525114150003	0.00011415525114150003	0.00011415525114150003	0.00011415525114150003	0.00011415525114150003	0.00011415525114150003	0.00011415525114150003	0.00011415525114150003	0.00011415525114150003	0.00011415525114150003	0.00011415525114150003
4	0.00011415525114150003	0.00011415525114150003	0.00011415525114150003	0.00011415525114150003	0.00011415525114150003	0.00011415525114150003	0.00011415525114150003	0.00011415525114150003	0.00011415525114150003	0.00011415525114150003	0.00011415525114150003	0.00011415525114150003	0.00011415525114150003	0.00011415525114150003	0.00011415525114150003	0.00011415525114150003
5	0.00011415525114150003	0.00011415525114150003	0.00011415525114150003	0.00011415525114150003	0.00011415525114150003	0.00011415525114150003	0.00011415525114150003	0.00011415525114150003	0.00011415525114150003	0.00011415525114150003	0.00011415525114150003	0.00011415525114150003	0.00011415525114150003	0.00011415525114150003	0.00011415525114150003	0.00011415525114150003
6	0.00011415525114150003	0.00011415525114150003	0.00011415525114150003	0.00011415525114150003	0.00011415525114150003	0.00011415525114150003	0.00011415525114150003	0.00011415525114150003	0.00011415525114150003	0.00011415525114150003	0.00011415525114150003	0.00011415525114150003	0.00011415525114150003	0.00011415525114150003	0.00011415525114150003	0.00011415525114150003
7	0.00011415525114150003	0.00011415525114150003	0.00011415525114150003	0.00011415525114150003	0.00011415525114150003	0.00011415525114150003	0.00011415525114150003	0.00011415525114150003	0.00011415525114150003	0.00011415525114150003	0.00011415525114150003	0.00011415525114150003	0.00011415525114150003	0.00011415525114150003	0.00011415525114150003	0.00011415525114150003
8	0.00011415525114150003	0.00011415525114150003	0.00011415525114150003	0.00011415525114150003	0.00011415525114150003	0.00011415525114150003	0.00011415525114150003	0.00011415525114150003	0.00011415525114150003	0.00011415525114150003	0.00011415525114150003	0.00011415525114150003	0.00011415525114150003	0.00011415525114150003	0.00011415525114150003	0.00011415525114150003
9	0.00011415525114150003	0.00011415525114150003	0.00011415525114150003	0.00011415525114150003	0.00011415525114150003	0.00011415525114150003	0.00011415525114150003	0.00011415525114150003	0.00011415525114150003	0.00011415525114150003	0.00011415525114150003	0.00011415525114150003	0.00011415525114150003	0.00011415525114150003	0.00011415525114150003	0.00011415525114150003
10	0.00011415525114150003	0.00011415525114150003	0.00011415525114150003	0.00011415525114150003	0.00011415525114150003	0.00011415525114150003	0.00011415525114150003	0.00011415525114150003	0.00011415525114150003	0.00011415525114150003	0.00011415525114150003	0.00011415525114150003	0.00011415525114150003	0.00011415525114150003	0.00011415525114150003	0.00011415525114150003
11	0.00011415525114150003	0.00011415525114150003	0.00011415525114150003	0.00011415525114150003	0.00011415525114150003	0.00011415525114150003	0.00011415525114150003	0.00011415525114150003	0.00011415525114150003	0.00011415525114150003	0.00011415525114150003	0.00011415525114150003	0.00011415525114150003	0.00011415525114150003	0.00011415525114150003	0.00011415525114150003
12	0.00011415525114150003	0.00011415525114150003	0.00011415525114150003	0.00011415525114150003	0.00011415525114150003	0.00011415525114150003	0.00011415525114150003	0.00011415525114150003	0.00011415525114150003	0.00011415525114150003	0.00011415525114150003	0.00011415525114150003	0.00011415525114150003	0.00011415525114150003	0.00011415525114150003	0.00011415525114150003
13	0.00011415525114150003	0.00011415525114150003	0.00011415525114150003	0.00011415525114150003	0.00011415525114150003	0.00011415525114150003	0.00011415525114150003	0.00011415525114150003	0.00011415525114150003	0.00011415525114150003	0.00011415525114150003	0.00011415525114150003	0.00011415525114150003	0.00011415525114150003	0.00011415525114150003	0.00011415525114150003
14	0.00011415525114150003	0.00011415525114150003	0.00011415525114150003	0.00011415525114150003	0.00011415525114150003	0.00011415525114150003	0.00011415525114150003	0.00011415525114150003	0.00011415525114150003	0.00011415525114150003	0.00011415525114150003	0.00011415525114150003	0.00011415525114150003	0.00011415525114150003	0.00011415525114150003	0.00011415525114150003
15	0.00011415525114150003	0.00011415525114150003	0.00011415525114150003	0.00011415525114150003	0.00011415525114150003	0.00011415525114150003	0.00011415525114150003	0.00011415525114150003	0.00011415525114150003	0.00011415525114150003	0.00011415525114150003	0.00011415525114150003	0.00011415525114150003	0.00011415525114150003	0.00011415525114150003	0.00011415525114150003
16	0.00011415525114150003	0.00011415525114150003	0.00011415525114150003	0.00011415525114150003	0.00011415525114150003	0.00011415525114150003	0.00011415525114150003	0.00011415525114150003	0.00011415525114150003	0.00011415525114150003	0.00011415525114150003	0.00011415525114150003	0.00011415525114150003	0.00011415525114150003	0.00011415525114150003	0.00011415525114150003
17	0.00011415525114150003	0.00011415525114150003	0.00011415525114150003	0.00011415525114150003	0.00011415525114150003	0.00011415525114150003	0.00011415525114150003	0.00011415525114150003	0.00011415525114150003	0.00011415525114150003	0.00011415525114150003	0.00011415525114150003	0.00011415525114150003	0.00011415525114150003	0.00011415525114150003	0.00011415525114150003
18	0.00011415525114150003	0.00011415525114150003	0.00011415525114150003	0.00011415525114150003	0.00011415525114150003	0.00011415525114150003	0.00011415525114150003	0.00011415525114150003	0.00011415525114150003	0.00011415525114150003	0.00011415525114150003	0.00011415525114150003	0.00011415525114150003	0.00011415525114150003	0.00011415525114150003	0.00011415525114150003
19	0.00011415525114150003	0.00011415525114150003	0.00011415525114150003	0.00011415525114150003	0.00011415525114150003	0.00011415525114150003	0.00011415525114150003	0.00011415525114150003	0.00011415525114150003	0.00011415525114150003	0.00011415525114150003	0.00011415525114150003	0.00011415525114150003	0.00011415525114150003	0.00011415525114150003	0.00011415525114150003
20	0.00011415525114150003	0.00011415525114150003	0.00011415525114150003	0.00011415525114150003	0.00011415525114150003	0.00011415525114150003	0.00011415525114150003	0.00011415525114150003	0.00011415525114150003	0.00011415525114150003	0.00011415525114150003	0.00011415525114150003	0.00011415525114150003	0.00011415525114150003	0.00011415525114150003	0.00011415525114150003
21	0.00011415525114150003	0.00011415525114150003	0.00011415525114150003	0.00011415525114150003	0.00011415525114150003	0.00011415525114150003	0.00011415525114150003	0.00011415525114150003	0.00011415525114150003	0.00011415525114150003	0.00011415525114150003	0.00011415525114150003	0.00011415525114150003	0.00011415525114150003	0.00011415525114150003	0.00011415525114150003
22	0.00011415525114150003	0.00011415525114150003	0.00011415525114150003	0.00011415525114150003	0.00011415525114150003	0.00011415525114150003	0.00011415525114150003	0.00011415525114150003	0.00011415525114150003	0.00011415525114150003	0.00011415525114150003	0.00011415525114150003	0.00011415525114150003	0.00011415525114150003	0.00011415525114150003	0.00011415525114150003
23	0.00011415525114150003	0.00011415525114150003	0.00011415525114150003	0.00011415525114150003	0.00011415525114150003	0.00011415525114150003	0.00011415525114150003	0.00011415525114150003	0.00011415525114150003	0.00011415525114150003	0.00011415525114150003	0.00011415525114150003	0.00011415525114150003	0.00011415525114150003	0.00011415525114150003	0.00011415525114150003
24	0.00011415525114150003	0.00011415525114150003	0.00011415525114150003	0.00011415525114150003	0.00011415525114150003	0.00011415525114150003	0.00011415525114150003	0.00011415525114150003	0.00011415525114150003	0.00011415525114150003	0.00011415525114150003	0.00011415525114150003	0.00011415525114150003	0.00011415525114150003	0.00011415525114150003	0.00011415525114150003
["C4",*,*] : 	1	2	3	4	5	6	7	8	9	10	11	12	13	14	15	16 := 
1	0.00011415525114150003	0.00011415525114150003	0.00011415525114150003	0.00011415525114150003	0.00011415525114150003	0.00011415525114150003	0.00011415525114150003	0.00011415525114150003	0.00011415525114150003	0.00011415525114150003	0.00011415525114150003	0.00011415525114150003	0.00011415525114150003	0.00011415525114150003	0.00011415525114150003	0.00011415525114150003
2	0.00011415525114150003	0.00011415525114150003	0.00011415525114150003	0.00011415525114150003	0.00011415525114150003	0.00011415525114150003	0.00011415525114150003	0.00011415525114150003	0.00011415525114150003	0.00011415525114150003	0.00011415525114150003	0.00011415525114150003	0.00011415525114150003	0.00011415525114150003	0.00011415525114150003	0.00011415525114150003
3	0.00011415525114150003	0.00011415525114150003	0.00011415525114150003	0.00011415525114150003	0.00011415525114150003	0.00011415525114150003	0.00011415525114150003	0.00011415525114150003	0.00011415525114150003	0.00011415525114150003	0.00011415525114150003	0.00011415525114150003	0.00011415525114150003	0.00011415525114150003	0.00011415525114150003	0.00011415525114150003
4	0.00011415525114150003	0.00011415525114150003	0.00011415525114150003	0.00011415525114150003	0.00011415525114150003	0.00011415525114150003	0.00011415525114150003	0.00011415525114150003	0.00011415525114150003	0.00011415525114150003	0.00011415525114150003	0.00011415525114150003	0.00011415525114150003	0.00011415525114150003	0.00011415525114150003	0.00011415525114150003
5	0.00011415525114150003	0.00011415525114150003	0.00011415525114150003	0.00011415525114150003	0.00011415525114150003	0.00011415525114150003	0.00011415525114150003	0.00011415525114150003	0.00011415525114150003	0.00011415525114150003	0.00011415525114150003	0.00011415525114150003	0.00011415525114150003	0.00011415525114150003	0.00011415525114150003	0.00011415525114150003
6	0.00011415525114150003	0.00011415525114150003	0.00011415525114150003	0.00011415525114150003	0.00011415525114150003	0.00011415525114150003	0.00011415525114150003	0.00011415525114150003	0.00011415525114150003	0.00011415525114150003	0.00011415525114150003	0.00011415525114150003	0.00011415525114150003	0.00011415525114150003	0.00011415525114150003	0.00011415525114150003
7	0.00011415525114150003	0.00011415525114150003	0.00011415525114150003	0.00011415525114150003	0.00011415525114150003	0.00011415525114150003	0.00011415525114150003	0.00011415525114150003	0.00011415525114150003	0.00011415525114150003	0.00011415525114150003	0.00011415525114150003	0.00011415525114150003	0.00011415525114150003	0.00011415525114150003	0.00011415525114150003
8	0.00011415525114150003	0.00011415525114150003	0.00011415525114150003	0.00011415525114150003	0.00011415525114150003	0.00011415525114150003	0.00011415525114150003	0.00011415525114150003	0.00011415525114150003	0.00011415525114150003	0.00011415525114150003	0.00011415525114150003	0.00011415525114150003	0.00011415525114150003	0.00011415525114150003	0.00011415525114150003
9	0.00011415525114150003	0.00011415525114150003	0.00011415525114150003	0.00011415525114150003	0.00011415525114150003	0.00011415525114150003	0.00011415525114150003	0.00011415525114150003	0.00011415525114150003	0.00011415525114150003	0.00011415525114150003	0.00011415525114150003	0.00011415525114150003	0.00011415525114150003	0.00011415525114150003	0.00011415525114150003
10	0.00011415525114150003	0.00011415525114150003	0.00011415525114150003	0.00011415525114150003	0.00011415525114150003	0.00011415525114150003	0.00011415525114150003	0.00011415525114150003	0.00011415525114150003	0.00011415525114150003	0.00011415525114150003	0.00011415525114150003	0.00011415525114150003	0.00011415525114150003	0.00011415525114150003	0.00011415525114150003
11	0.00011415525114150003	0.00011415525114150003	0.00011415525114150003	0.00011415525114150003	0.00011415525114150003	0.00011415525114150003	0.00011415525114150003	0.00011415525114150003	0.00011415525114150003	0.00011415525114150003	0.00011415525114150003	0.00011415525114150003	0.00011415525114150003	0.00011415525114150003	0.00011415525114150003	0.00011415525114150003
12	0.00011415525114150003	0.00011415525114150003	0.00011415525114150003	0.00011415525114150003	0.00011415525114150003	0.00011415525114150003	0.00011415525114150003	0.00011415525114150003	0.00011415525114150003	0.00011415525114150003	0.00011415525114150003	0.00011415525114150003	0.00011415525114150003	0.00011415525114150003	0.00011415525114150003	0.00011415525114150003
13	0.00011415525114150003	0.00011415525114150003	0.00011415525114150003	0.00011415525114150003	0.00011415525114150003	0.00011415525114150003	0.00011415525114150003	0.00011415525114150003	0.00011415525114150003	0.00011415525114150003	0.00011415525114150003	0.00011415525114150003	0.00011415525114150003	0.00011415525114150003	0.00011415525114150003	0.00011415525114150003
14	0.00011415525114150003	0.00011415525114150003	0.00011415525114150003	0.00011415525114150003	0.00011415525114150003	0.00011415525114150003	0.00011415525114150003	0.00011415525114150003	0.00011415525114150003	0.00011415525114150003	0.00011415525114150003	0.00011415525114150003	0.00011415525114150003	0.00011415525114150003	0.00011415525114150003	0.00011415525114150003
15	0.00011415525114150003	0.00011415525114150003	0.00011415525114150003	0.00011415525114150003	0.00011415525114150003	0.00011415525114150003	0.00011415525114150003	0.00011415525114150003	0.00011415525114150003	0.00011415525114150003	0.00011415525114150003	0.00011415525114150003	0.00011415525114150003	0.00011415525114150003	0.00011415525114150003	0.00011415525114150003
16	0.00011415525114150003	0.00011415525114150003	0.00011415525114150003	0.00011415525114150003	0.00011415525114150003	0.00011415525114150003	0.00011415525114150003	0.00011415525114150003	0.00011415525114150003	0.00011415525114150003	0.00011415525114150003	0.00011415525114150003	0.00011415525114150003	0.00011415525114150003	0.00011415525114150003	0.00011415525114150003
17	0.00011415525114150003	0.00011415525114150003	0.00011415525114150003	0.00011415525114150003	0.00011415525114150003	0.00011415525114150003	0.00011415525114150003	0.00011415525114150003	0.00011415525114150003	0.00011415525114150003	0.00011415525114150003	0.00011415525114150003	0.00011415525114150003	0.00011415525114150003	0.00011415525114150003	0.00011415525114150003
18	0.00011415525114150003	0.00011415525114150003	0.00011415525114150003	0.00011415525114150003	0.00011415525114150003	0.00011415525114150003	0.00011415525114150003	0.00011415525114150003	0.00011415525114150003	0.00011415525114150003	0.00011415525114150003	0.00011415525114150003	0.00011415525114150003	0.00011415525114150003	0.00011415525114150003	0.00011415525114150003
19	0.00011415525114150003	0.00011415525114150003	0.00011415525114150003	0.00011415525114150003	0.00011415525114150003	0.00011415525114150003	0.00011415525114150003	0.00011415525114150003	0.00011415525114150003	0.00011415525114150003	0.00011415525114150003	0.00011415525114150003	0.00011415525114150003	0.00011415525114150003	0.00011415525114150003	0.00011415525114150003
20	0.00011415525114150003	0.00011415525114150003	0.00011415525114150003	0.00011415525114150003	0.00011415525114150003	0.00011415525114150003	0.00011415525114150003	0.00011415525114150003	0.00011415525114150003	0.00011415525114150003	0.00011415525114150003	0.00011415525114150003	0.00011415525114150003	0.00011415525114150003	0.00011415525114150003	0.00011415525114150003
21	0.00011415525114150003	0.00011415525114150003	0.00011415525114150003	0.00011415525114150003	0.00011415525114150003	0.00011415525114150003	0.00011415525114150003	0.00011415525114150003	0.00011415525114150003	0.00011415525114150003	0.00011415525114150003	0.00011415525114150003	0.00011415525114150003	0.00011415525114150003	0.00011415525114150003	0.00011415525114150003
22	0.00011415525114150003	0.00011415525114150003	0.00011415525114150003	0.00011415525114150003	0.00011415525114150003	0.00011415525114150003	0.00011415525114150003	0.00011415525114150003	0.00011415525114150003	0.00011415525114150003	0.00011415525114150003	0.00011415525114150003	0.00011415525114150003	0.00011415525114150003	0.00011415525114150003	0.00011415525114150003
23	0.00011415525114150003	0.00011415525114150003	0.00011415525114150003	0.00011415525114150003	0.00011415525114150003	0.00011415525114150003	0.00011415525114150003	0.00011415525114150003	0.00011415525114150003	0.00011415525114150003	0.00011415525114150003	0.00011415525114150003	0.00011415525114150003	0.00011415525114150003	0.00011415525114150003	0.00011415525114150003
24	0.00011415525114150003	0.00011415525114150003	0.00011415525114150003	0.00011415525114150003	0.00011415525114150003	0.00011415525114150003	0.00011415525114150003	0.00011415525114150003	0.00011415525114150003	0.00011415525114150003	0.00011415525114150003	0.00011415525114150003	0.00011415525114150003	0.00011415525114150003	0.00011415525114150003	0.00011415525114150003
["C5",*,*] : 	1	2	3	4	5	6	7	8	9	10	11	12	13	14	15	16 := 
1	0.00011415525114150003	0.00011415525114150003	0.00011415525114150003	0.00011415525114150003	0.00011415525114150003	0.00011415525114150003	0.00011415525114150003	0.00011415525114150003	0.00011415525114150003	0.00011415525114150003	0.00011415525114150003	0.00011415525114150003	0.00011415525114150003	0.00011415525114150003	0.00011415525114150003	0.00011415525114150003
2	0.00011415525114150003	0.00011415525114150003	0.00011415525114150003	0.00011415525114150003	0.00011415525114150003	0.00011415525114150003	0.00011415525114150003	0.00011415525114150003	0.00011415525114150003	0.00011415525114150003	0.00011415525114150003	0.00011415525114150003	0.00011415525114150003	0.00011415525114150003	0.00011415525114150003	0.00011415525114150003
3	0.00011415525114150003	0.00011415525114150003	0.00011415525114150003	0.00011415525114150003	0.00011415525114150003	0.00011415525114150003	0.00011415525114150003	0.00011415525114150003	0.00011415525114150003	0.00011415525114150003	0.00011415525114150003	0.00011415525114150003	0.00011415525114150003	0.00011415525114150003	0.00011415525114150003	0.00011415525114150003
4	0.00011415525114150003	0.00011415525114150003	0.00011415525114150003	0.00011415525114150003	0.00011415525114150003	0.00011415525114150003	0.00011415525114150003	0.00011415525114150003	0.00011415525114150003	0.00011415525114150003	0.00011415525114150003	0.00011415525114150003	0.00011415525114150003	0.00011415525114150003	0.00011415525114150003	0.00011415525114150003
5	0.00011415525114150003	0.00011415525114150003	0.00011415525114150003	0.00011415525114150003	0.00011415525114150003	0.00011415525114150003	0.00011415525114150003	0.00011415525114150003	0.00011415525114150003	0.00011415525114150003	0.00011415525114150003	0.00011415525114150003	0.00011415525114150003	0.00011415525114150003	0.00011415525114150003	0.00011415525114150003
6	0.00011415525114150003	0.00011415525114150003	0.00011415525114150003	0.00011415525114150003	0.00011415525114150003	0.00011415525114150003	0.00011415525114150003	0.00011415525114150003	0.00011415525114150003	0.00011415525114150003	0.00011415525114150003	0.00011415525114150003	0.00011415525114150003	0.00011415525114150003	0.00011415525114150003	0.00011415525114150003
7	0.00011415525114150003	0.00011415525114150003	0.00011415525114150003	0.00011415525114150003	0.00011415525114150003	0.00011415525114150003	0.00011415525114150003	0.00011415525114150003	0.00011415525114150003	0.00011415525114150003	0.00011415525114150003	0.00011415525114150003	0.00011415525114150003	0.00011415525114150003	0.00011415525114150003	0.00011415525114150003
8	0.00011415525114150003	0.00011415525114150003	0.00011415525114150003	0.00011415525114150003	0.00011415525114150003	0.00011415525114150003	0.00011415525114150003	0.00011415525114150003	0.00011415525114150003	0.00011415525114150003	0.00011415525114150003	0.00011415525114150003	0.00011415525114150003	0.00011415525114150003	0.00011415525114150003	0.00011415525114150003
9	0.00011415525114150003	0.00011415525114150003	0.00011415525114150003	0.00011415525114150003	0.00011415525114150003	0.00011415525114150003	0.00011415525114150003	0.00011415525114150003	0.00011415525114150003	0.00011415525114150003	0.00011415525114150003	0.00011415525114150003	0.00011415525114150003	0.00011415525114150003	0.00011415525114150003	0.00011415525114150003
10	0.00011415525114150003	0.00011415525114150003	0.00011415525114150003	0.00011415525114150003	0.00011415525114150003	0.00011415525114150003	0.00011415525114150003	0.00011415525114150003	0.00011415525114150003	0.00011415525114150003	0.00011415525114150003	0.00011415525114150003	0.00011415525114150003	0.00011415525114150003	0.00011415525114150003	0.00011415525114150003
11	0.00011415525114150003	0.00011415525114150003	0.00011415525114150003	0.00011415525114150003	0.00011415525114150003	0.00011415525114150003	0.00011415525114150003	0.00011415525114150003	0.00011415525114150003	0.00011415525114150003	0.00011415525114150003	0.00011415525114150003	0.00011415525114150003	0.00011415525114150003	0.00011415525114150003	0.00011415525114150003
12	0.00011415525114150003	0.00011415525114150003	0.00011415525114150003	0.00011415525114150003	0.00011415525114150003	0.00011415525114150003	0.00011415525114150003	0.00011415525114150003	0.00011415525114150003	0.00011415525114150003	0.00011415525114150003	0.00011415525114150003	0.00011415525114150003	0.00011415525114150003	0.00011415525114150003	0.00011415525114150003
13	0.00011415525114150003	0.00011415525114150003	0.00011415525114150003	0.00011415525114150003	0.00011415525114150003	0.00011415525114150003	0.00011415525114150003	0.00011415525114150003	0.00011415525114150003	0.00011415525114150003	0.00011415525114150003	0.00011415525114150003	0.00011415525114150003	0.00011415525114150003	0.00011415525114150003	0.00011415525114150003
14	0.00011415525114150003	0.00011415525114150003	0.00011415525114150003	0.00011415525114150003	0.00011415525114150003	0.00011415525114150003	0.00011415525114150003	0.00011415525114150003	0.00011415525114150003	0.00011415525114150003	0.00011415525114150003	0.00011415525114150003	0.00011415525114150003	0.00011415525114150003	0.00011415525114150003	0.00011415525114150003
15	0.00011415525114150003	0.00011415525114150003	0.00011415525114150003	0.00011415525114150003	0.00011415525114150003	0.00011415525114150003	0.00011415525114150003	0.00011415525114150003	0.00011415525114150003	0.00011415525114150003	0.00011415525114150003	0.00011415525114150003	0.00011415525114150003	0.00011415525114150003	0.00011415525114150003	0.00011415525114150003
16	0.00011415525114150003	0.00011415525114150003	0.00011415525114150003	0.00011415525114150003	0.00011415525114150003	0.00011415525114150003	0.00011415525114150003	0.00011415525114150003	0.00011415525114150003	0.00011415525114150003	0.00011415525114150003	0.00011415525114150003	0.00011415525114150003	0.00011415525114150003	0.00011415525114150003	0.00011415525114150003
17	0.00011415525114150003	0.00011415525114150003	0.00011415525114150003	0.00011415525114150003	0.00011415525114150003	0.00011415525114150003	0.00011415525114150003	0.00011415525114150003	0.00011415525114150003	0.00011415525114150003	0.00011415525114150003	0.00011415525114150003	0.00011415525114150003	0.00011415525114150003	0.00011415525114150003	0.00011415525114150003
18	0.00011415525114150003	0.00011415525114150003	0.00011415525114150003	0.00011415525114150003	0.00011415525114150003	0.00011415525114150003	0.00011415525114150003	0.00011415525114150003	0.00011415525114150003	0.00011415525114150003	0.00011415525114150003	0.00011415525114150003	0.00011415525114150003	0.00011415525114150003	0.00011415525114150003	0.00011415525114150003
19	0.00011415525114150003	0.00011415525114150003	0.00011415525114150003	0.00011415525114150003	0.00011415525114150003	0.00011415525114150003	0.00011415525114150003	0.00011415525114150003	0.00011415525114150003	0.00011415525114150003	0.00011415525114150003	0.00011415525114150003	0.00011415525114150003	0.00011415525114150003	0.00011415525114150003	0.00011415525114150003
20	0.00011415525114150003	0.00011415525114150003	0.00011415525114150003	0.00011415525114150003	0.00011415525114150003	0.00011415525114150003	0.00011415525114150003	0.00011415525114150003	0.00011415525114150003	0.00011415525114150003	0.00011415525114150003	0.00011415525114150003	0.00011415525114150003	0.00011415525114150003	0.00011415525114150003	0.00011415525114150003
21	0.00011415525114150003	0.00011415525114150003	0.00011415525114150003	0.00011415525114150003	0.00011415525114150003	0.00011415525114150003	0.00011415525114150003	0.00011415525114150003	0.00011415525114150003	0.00011415525114150003	0.00011415525114150003	0.00011415525114150003	0.00011415525114150003	0.00011415525114150003	0.00011415525114150003	0.00011415525114150003
22	0.00011415525114150003	0.00011415525114150003	0.00011415525114150003	0.00011415525114150003	0.00011415525114150003	0.00011415525114150003	0.00011415525114150003	0.00011415525114150003	0.00011415525114150003	0.00011415525114150003	0.00011415525114150003	0.00011415525114150003	0.00011415525114150003	0.00011415525114150003	0.00011415525114150003	0.00011415525114150003
23	0.00011415525114150003	0.00011415525114150003	0.00011415525114150003	0.00011415525114150003	0.00011415525114150003	0.00011415525114150003	0.00011415525114150003	0.00011415525114150003	0.00011415525114150003	0.00011415525114150003	0.00011415525114150003	0.00011415525114150003	0.00011415525114150003	0.00011415525114150003	0.00011415525114150003	0.00011415525114150003
24	0.00011415525114150003	0.00011415525114150003	0.00011415525114150003	0.00011415525114150003	0.00011415525114150003	0.00011415525114150003	0.00011415525114150003	0.00011415525114150003	0.00011415525114150003	0.00011415525114150003	0.00011415525114150003	0.00011415525114150003	0.00011415525114150003	0.00011415525114150003	0.00011415525114150003	0.00011415525114150003
;
  
 param  c_p_t:= 
["WIND_OFFSHORE","C1",*,*] :	1	2	3	4	5	6	7	8	9	10	11	12	13	14	15	16 := 
1	0.2102536220314813	0.03955266157027866	0.058734215489699516	0.031374479666649614	0.06022115765399571	0.026467570524472184	0.038957884704560186	0.03791702518955285	0.1351630427345237	0.1399212576602715	0.1797713076634094	0.24207418434741976	0.08817567034276408	0.08103834795414237	0.13233785262236095	0.08014618265556465
2	0.17025487781191379	0.03375358712952352	0.0750905792969576	0.04490565336174494	0.06438459571402504	0.02483193414374638	0.03211795074879771	0.023791074628739046	0.1665375224011733	0.12534922445016883	0.15598023303467035	0.22839431643589483	0.18497560523844606	0.08475570336488283	0.10587028209788873	0.1202936210915618
3	0.12534922445016883	0.02706234739019066	0.0837148438498755	0.05085342201892971	0.05025864515321123	0.023344991979450187	0.0179920001879839	0.011598148881510284	0.1649018860204475	0.09263649683565266	0.1296613567266278	0.17962261344697977	0.257984465505389	0.07256277761765409	0.10036859608999285	0.11791451362868789
4	0.09665124067925238	0.014720727426532285	0.09352866213423036	0.0515968931010778	0.04564912444389304	0.01962763656870971	0.00758340503791057	0.0047582149257478085	0.13635259646596065	0.06973758750549132	0.10289639776929636	0.11895537314369523	0.20504932445644464	0.06319504198258809	0.10111206717214094	0.10750591847861456
5	0.08014618265556465	0.00758340503791057	0.0984355712764078	0.05115081045178894	0.043270016981019135	0.01234161996365838	0.0029738843285923807	0.0014869421642961904	0.11300760448651045	0.0460952070931819	0.09025738937277875	0.08490439758131246	0.24579153975816026	0.07062975280406904	0.09040608358920836	0.09665124067925238
6	0.06453328993045465	0.005799074440755142	0.08698611661132713	0.04787953769033733	0.048176926123196566	0.0059477686571847614	0.0008921652985777142	0.0004460826492888571	0.09442082743280808	0.02929276063663495	0.0921904141863638	0.06304634776615846	0.24147940748170132	0.09620515802996352	0.07523927351338723	0.08817567034276408
7	0.05263775261608513	0.007880793470769807	0.0703323643712098	0.04936647985463352	0.06066724030328456	0.0044608264928885704	0.0007434710821480952	0.00029738843285923803	0.08267398433486818	0.01650505802368771	0.10676244739646645	0.04475695914531533	0.23597772147380539	0.11419715821794742	0.06289765354972884	0.08074095952128314
8	0.04312132276458951	0.01219292574722876	0.0609646287361438	0.057247273325403324	0.07568535616267609	0.0059477686571847614	0.002081719030014666	0.00029738843285923803	0.06973758750549132	0.008178181903629046	0.11731973676296942	0.03286142183094581	0.22779953957017635	0.11003372015791808	0.05516555429538866	0.08297137276772742
9	0.04178307481672295	0.013977256344384188	0.05144819888464818	0.07717229832697228	0.0852017860141717	0.010111206717214095	0.014720727426532285	0.0004460826492888571	0.053678612131092464	0.00460952070931819	0.12297011698729493	0.026616264740901806	0.17397223322265426	0.10527550523217026	0.05531424851181828	0.0945695216492377
10	0.04237785168244142	0.01665375224011733	0.04490565336174494	0.08267398433486818	0.0695888932890617	0.013085091045806473	0.04728476082461885	0.00014869421642961901	0.04312132276458951	0.0071373223886217136	0.13888039814526418	0.020668496083717045	0.13218915840593132	0.10304509198572598	0.059180298138988376	0.10512681101574065
11	0.03375358712952352	0.017843305971554282	0.03851180205527133	0.09873295970926704	0.056949884892544086	0.01516681007582114	0.07999748843913504	0.0005947768657184761	0.03419966977881238	0.016207669590828474	0.12222664590514683	0.014720727426532285	0.12311881120372455	0.0921904141863638	0.05828813284041066	0.10111206717214094
12	0.017248529105835807	0.0016356363807258092	0.00609646287361438	0.07464449664766876	0.01367986791152495	0.01680244645654695	0.05100211623535933	0.002081719030014666	0.02289890933016133	0.005501686007895904	0.0044608264928885704	0.008326876120058665	0.12549791866659846	0.023344991979450187	0.026318876308042565	0.010408595150073332
13	0.05769335597469218	0.0029738843285923807	0.048176926123196566	0.03375358712952352	0.0017843305971554284	0.0	0.004014743843599714	0.0004460826492888571	0.00029738843285923803	0.0004460826492888571	0.010408595150073332	0.13248654683879055	0.08787828190990483	0.059031603922558754	0.09724601754497085	0.01680244645654695
14	0.1272822492637539	0.0011895537314369521	0.0837148438498755	0.0484743145560558	0.00029738843285923803	0.0	0.011003372015791808	0.001040859515007333	0.0017843305971554284	0.02438585149445752	0.05129950466821856	0.14467947258601932	0.04475695914531533	0.11850929049440637	0.15226287762392987	0.009665124067925237
15	0.1641584149382994	0.0014869421642961904	0.09486691008209694	0.0695888932890617	0.0	0.0	0.007434710821480952	0.0008921652985777142	0.009665124067925237	0.038809190488130564	0.03211795074879771	0.12951266251019816	0.012044231530799141	0.14334122463815274	0.19553289460494902	0.003717355410740476
16	0.14869421642961902	0.004312132276458952	0.09308257948494152	0.07851054627483885	0.0	0.0	0.004014743843599714	0.00029738843285923803	0.012639008396517618	0.03866049627170095	0.018735471270131997	0.13159438154021283	0.0011895537314369521	0.16133322482613663	0.2532262505796412	0.0019330248135850472
17	0.12252403433800607	0.010854677799362188	0.09561038116424503	0.07523927351338723	0.0004460826492888571	0.0	0.0022304132464442852	0.00014869421642961901	0.009962512500784474	0.031374479666649614	0.011746843097939903	0.13382479478665713	0.0004460826492888571	0.16148191904256629	0.295455408045653	0.0017843305971554284
18	0.09650254646282275	0.019032859702991234	0.09650254646282275	0.04966386828749276	0.0005947768657184761	0.0	0.0007434710821480952	0.0	0.00609646287361438	0.021858049815153994	0.008178181903629046	0.1344195716523756	0.00460952070931819	0.12802572034590198	0.3170160694279478	0.0022304132464442852
19	0.06378981884830656	0.02468323992731676	0.07955140578984618	0.01977633078513933	0.0008921652985777142	0.0	0.0	0.00014869421642961901	0.0032712727614516183	0.014869421642961903	0.007434710821480952	0.1290665798609093	0.014125950560813807	0.06631762052761009	0.2844520360298612	0.0023791074628739042
20	0.04014743843599714	0.028251901121627614	0.05501686007895904	0.0034199669778812373	0.00029738843285923803	0.0	0.0	0.0005947768657184761	0.0025278016793035237	0.009962512500784474	0.008475570336488285	0.12014492687513217	0.026467570524472184	0.02706234739019066	0.20504932445644464	0.0017843305971554284
21	0.022304132464442853	0.034348363995242	0.03910657892098981	0.00029738843285923803	0.00029738843285923803	0.0	0.0007434710821480952	0.0013382479478665711	0.0028251901121627613	0.007434710821480952	0.011152066232221427	0.12133448060656912	0.03791702518955285	0.011152066232221427	0.15270896027321873	0.0005947768657184761
22	0.014720727426532285	0.034348363995242	0.02899537220377571	0.0	0.0	0.00014869421642961901	0.0029738843285923807	0.0047582149257478085	0.0022304132464442852	0.005501686007895904	0.008921652985777141	0.11895537314369523	0.03687616567454552	0.013085091045806473	0.12624138974874655	0.0004460826492888571
23	0.029590149069494188	0.034348363995242	0.03390228134595314	0.0004460826492888571	0.0	0.0017843305971554284	0.017545917538695045	0.036281388808827045	0.02572409944232409	0.009516429851495617	0.006691239739332856	0.1171710425465398	0.030928397017360755	0.06141071138543265	0.1524115718403595	0.004163438060029332
24	0.09932773657498552	0.06468198414688428	0.09724601754497085	0.0035686611943108568	0.0	0.012639008396517618	0.03509183507739009	0.07062975280406904	0.07568535616267609	0.034348363995242	0.03345619869666428	0.24594023397458986	0.04550043022746342	0.1307022162416351	0.19523550617208976	0.02453454571088714
["WIND_OFFSHORE","C2",*,*] :	1	2	3	4	5	6	7	8	9	10	11	12	13	14	15	16 := 
1	0.22566501483188123	0.04892337445891475	0.11635829601039185	0.04275241801027273	0.04980531745253897	0.06192509178471229	0.043413544692149954	0.05773883763506569	0.060162528050827606	0.20715346773931886	0.09255773546281171	0.22456225552651002	0.06611266818772264	0.10710252246411069	0.14809237674049872	0.05355126123205534
2	0.1789445144769814	0.03768422086700191	0.14390480033748837	0.05333044492030835	0.037243910496871674	0.04848306408878452	0.04914419077066175	0.03768422086700191	0.10379688905472455	0.23447915575466838	0.11305266260100573	0.20120332760242382	0.11106928255537406	0.10842477582786514	0.11173040923725128	0.1024746356909701
3	0.14875350342237595	0.028207631008973746	0.1179013656858933	0.05333044492030835	0.024021376859327145	0.02644506727508906	0.03900647423075636	0.018951857462692574	0.1324461526871923	0.19172673774439566	0.1095262128798726	0.16175522074817347	0.13553096978483142	0.10049125564533842	0.10203432532083986	0.11613747969864485
4	0.11657911232213884	0.020274110826447027	0.09321886214468893	0.04936368482904499	0.018732363404309334	0.014323970689551989	0.035039714139493	0.005289013455017812	0.140379672869719	0.140158856557972	0.10313576237284733	0.1247321265630488	0.10071207195708541	0.08396308859840776	0.10291494606110033	0.12274874651741713
5	0.08484503159203198	0.01851154709256234	0.07426700468199636	0.04561774104952863	0.016968477417060895	0.005729323825148044	0.037243910496871674	0.0006611266818772265	0.1205458724134022	0.10225381937922311	0.11084846624362706	0.09916900228158397	0.12891970296605917	0.06721410523973011	0.09211742509268148	0.11591798564026162
6	0.05795833169344893	0.014323970689551989	0.05707771095318846	0.03592165713311722	0.021156053820071248	0.0017625637338846856	0.035700840821370226	0.0017625637338846856	0.09211742509268148	0.070079428278986	0.1220876198355399	0.07646987878601127	0.1267155066086805	0.07536844173400382	0.07867407514338995	0.09740643854769927
7	0.0420912913283955	0.009476589858028163	0.047380304783413305	0.02732701026871328	0.03063264367809941	0.0006611266818772265	0.029310390314344955	0.005068197143270818	0.08175889224102909	0.0449566143676514	0.13090308301169085	0.05112757081629343	0.1553647702411482	0.10754283283424092	0.07316424537662514	0.0773518217796355
8	0.03371746077573855	0.007712703870779723	0.03988841722438058	0.020054616768063787	0.04561774104952863	0.001322253363754453	0.03261602372373109	0.0061709564486420315	0.070079428278986	0.02468250354120437	0.13090308301169085	0.03702309418512468	0.16594279715118385	0.13266564674557554	0.06787523192160733	0.06589185187597565
9	0.029310390314344955	0.00925577354628117	0.039667600912633584	0.018290730780815348	0.06236672440820628	0.004407070461393592	0.04936368482904499	0.005289013455017812	0.05465269828406281	0.018732363404309334	0.1273766332905577	0.03261602372373109	0.14148110992172647	0.1273766332905577	0.06699461118134686	0.06324734514846675
10	0.02864926363246773	0.014544787001298982	0.042312107640142496	0.027106193956966285	0.052449824180047885	0.012561406955667303	0.06368897777196074	0.0033056334093861323	0.043413544692149954	0.02644506727508906	0.13464902679120722	0.028428447320720734	0.11944311310803099	0.10600108541210324	0.06236672440820628	0.06148478141458206
11	0.025122813911334606	0.021156053820071248	0.043413544692149954	0.043413544692149954	0.03988841722438058	0.02468250354120437	0.070079428278986	0.0028653230392558997	0.03261602372373109	0.03393827708748554	0.1095262128798726	0.015867040365053434	0.13266564674557554	0.09432029919669638	0.05421238791393257	0.05950140136895038
12	0.010578026910035624	0.002204196357378673	0.003745943779516365	0.03636196750324745	0.009034957234534177	0.03063264367809941	0.029529884372728195	0.003745943779516365	0.017189293728807887	0.0196129841445698	0.0028653230392558997	0.009696083916411403	0.16373860079380517	0.018732363404309334	0.01123915359191285	0.005729323825148044
13	0.04187179727001226	0.0024236904157619124	0.03283551778211433	0.018951857462692574	0.00022081631174699363	0.0	0.004848703084887579	0.0011014370520074591	0.0	0.0006611266818772265	0.018071236722432108	0.11613747969864485	0.10467883204834877	0.034378587457615774	0.050466444134416207	0.0063904505070252705
14	0.08748953831954089	0.0011014370520074591	0.06192509178471229	0.017410110040554882	0.0	0.0	0.009696083916411403	0.0017625637338846856	0.0024236904157619124	0.02203799681369547	0.043855177315643944	0.11701942269226907	0.032395207411984095	0.07757263809138248	0.08153939818264584	0.0030848170976391386
15	0.10313576237284733	0.0019833800456316793	0.0773518217796355	0.027767320638843514	0.0006611266818772265	0.0	0.004848703084887579	0.00022081631174699363	0.008815463176150938	0.027106193956966285	0.027106193956966285	0.1174597330623993	0.002644506727508906	0.11195122554899828	0.10886508619799537	0.001322253363754453
16	0.09255773546281171	0.007272393500649491	0.08131858187089885	0.04121067058813503	0.001322253363754453	0.0	0.003745943779516365	0.00044031037013023285	0.01212109658553707	0.027106193956966285	0.014104476631168749	0.13068226669994384	0.0	0.13971854618784177	0.15117719383813788	0.00088194299362422
17	0.07691151140950526	0.0196129841445698	0.08616728495578643	0.04165098095826527	0.0019833800456316793	0.0	0.0030848170976391386	0.00044031037013023285	0.011018337280165855	0.02644506727508906	0.007712703870779723	0.13905741950596454	0.0	0.1430241795972279	0.18665854060112483	0.0011014370520074591
18	0.060162528050827606	0.03459940376936277	0.09123548209905726	0.03063264367809941	0.002204196357378673	0.0	0.002204196357378673	0.00022081631174699363	0.007493209812396485	0.02490199759958761	0.004627886773140585	0.1377351661422101	0.002204196357378673	0.11856249236777053	0.20869521516145656	0.0015430696755014467
19	0.03988841722438058	0.048262247777037526	0.08352277822827753	0.010357210598288629	0.0028653230392558997	0.00022081631174699363	0.0011014370520074591	0.0	0.005509829766764805	0.02468250354120437	0.003966760091263359	0.1251737591865428	0.009476589858028163	0.06831686454510132	0.18996417401051097	0.0024236904157619124
20	0.029310390314344955	0.05950140136895038	0.06523072519409842	0.00088194299362422	0.0019833800456316793	0.00022081631174699363	0.0006611266818772265	0.0	0.005509829766764805	0.022699123495572696	0.003966760091263359	0.1150360426466374	0.023139433865702927	0.020715743449941013	0.1372935335187161	0.0015430696755014467
21	0.017850420410685113	0.070079428278986	0.05289013455017812	0.0	0.001322253363754453	0.00022081631174699363	0.0017625637338846856	0.00044031037013023285	0.007272393500649491	0.020935237508324253	0.005729323825148044	0.1179013656858933	0.04297323432201972	0.004627886773140585	0.10578026910035623	0.0006611266818772265
22	0.00925577354628117	0.06545154150584542	0.04165098095826527	0.0	0.00022081631174699363	0.00044031037013023285	0.0033056334093861323	0.002644506727508906	0.005289013455017812	0.013883660319421757	0.005509829766764805	0.12605437992680327	0.05333044492030835	0.00837383055265695	0.10137319863896264	0.0006611266818772265
23	0.021156053820071248	0.06104447104445183	0.06082365473270483	0.0	0.0	0.005068197143270818	0.018951857462692574	0.02049492713819402	0.009916900228158396	0.026004756904958827	0.016748983358677656	0.13222533637544528	0.047380304783413305	0.06082365473270483	0.1324461526871923	0.004627886773140585
24	0.07404618837024936	0.1176805493741463	0.1904044843806412	0.0015430696755014467	0.0006611266818772265	0.01630735073518367	0.050466444134416207	0.05112757081629343	0.029529884372728195	0.059280585057203385	0.08947291836517257	0.26202698233512867	0.05773883763506569	0.1348698431029542	0.16902761424882298	0.025122813911334606
["WIND_OFFSHORE","C3",*,*] :	1	2	3	4	5	6	7	8	9	10	11	12	13	14	15	16 := 
1	0.03085698785481783	0.029622708340625116	0.04319978299674496	0.08022816842252636	0.008639956599348993	0.009874236113541705	0.0	0.0024685590283854263	0.11972511287669318	0.17650197052955796	0.2703072136082042	0.17650197052955796	0.05924541668125023	0.10985087676315147	0.15058210073151101	0.1024451996779952
2	0.09010240453606806	0.05307401911028666	0.09627380210703163	0.1320679080186203	0.04813690105351581	0.03702838542578139	0.0	0.0012342795141927132	0.1382393055895839	0.23945022575338637	0.18267336810052154	0.14441070316054747	0.22587315109726652	0.09750808162122435	0.10738231773476604	0.15305065975989643
3	0.18020480907213612	0.05307401911028666	0.17526769101536527	0.12466223093346404	0.09133668405026077	0.06294825522382837	0.0	0.0	0.14317642364635474	0.2505587413811208	0.12219367190507861	0.08763384550768263	0.16415917538763086	0.06788537328059922	0.10121092016380248	0.14441070316054747
4	0.23081026915403738	0.035794105911588686	0.2048903993559904	0.10861659724895875	0.0938052430786462	0.07158821182317737	0.0	0.0	0.10614803822057332	0.2172331944979175	0.09997664064960977	0.05060546008190124	0.07405677085156279	0.035794105911588686	0.09010240453606806	0.12342795141927132
5	0.16909629344440172	0.017279913198697986	0.16539345490182358	0.09997664064960977	0.07899388890833364	0.06418253473802109	0.0	0.0	0.10614803822057332	0.12713078996184946	0.10367947919218791	0.03085698785481783	0.017279913198697986	0.04443406251093767	0.07158821182317737	0.10985087676315147
6	0.12589651044765673	0.017279913198697986	0.12466223093346404	0.10614803822057332	0.08022816842252636	0.054308298624479376	0.0	0.0	0.11478799481992233	0.07282249133737008	0.11972511287669318	0.022217031255468835	0.0012342795141927132	0.07282249133737008	0.054308298624479376	0.10491375870638063
7	0.07158821182317737	0.040731223968359535	0.09257096356445349	0.11849083336250046	0.10121092016380248	0.05554257813867209	0.0	0.0	0.10367947919218791	0.05554257813867209	0.12342795141927132	0.016045633684505272	0.0	0.08763384550768263	0.0469026215393231	0.11108515627734418
8	0.03826266493997411	0.06665109376640652	0.07899388890833364	0.12713078996184946	0.10738231773476604	0.060479696195442946	0.0012342795141927132	0.0	0.08886812502187534	0.05060546008190124	0.10985087676315147	0.014811354170312558	0.006171397570963566	0.09750808162122435	0.05060546008190124	0.12959934899023487
9	0.03702838542578139	0.06665109376640652	0.07775960939414094	0.13453646704700573	0.10121092016380248	0.05554257813867209	0.009874236113541705	0.0012342795141927132	0.05924541668125023	0.045668342025130385	0.0938052430786462	0.013577074656119844	0.07158821182317737	0.09750808162122435	0.060479696195442946	0.15058210073151101
10	0.0654168142522138	0.051839739596093955	0.07405677085156279	0.12342795141927132	0.09133668405026077	0.03702838542578139	0.04813690105351581	0.0037028385425781395	0.028388428826432402	0.04319978299674496	0.09133668405026077	0.006171397570963566	0.1407078646179693	0.07899388890833364	0.0654168142522138	0.15798777781666729
11	0.0839310069651045	0.035794105911588686	0.07652532987994821	0.1320679080186203	0.08763384550768263	0.017279913198697986	0.07899388890833364	0.008639956599348993	0.014811354170312558	0.05060546008190124	0.08146244793671907	0.0037028385425781395	0.18020480907213612	0.0839310069651045	0.056776857652864804	0.1518163802457037
12	0.028388428826432402	0.004937118056770853	0.013577074656119844	0.06171397570963566	0.027154149312239688	0.008639956599348993	0.051839739596093955	0.013577074656119844	0.014811354170312558	0.014811354170312558	0.008639956599348993	0.0037028385425781395	0.17033057295859444	0.022217031255468835	0.051839739596093955	0.024685590283854263
13	0.05060546008190124	0.0	0.032091267369010544	0.008639956599348993	0.016045633684505272	0.0	0.007405677085156279	0.0012342795141927132	0.0	0.0012342795141927132	0.017279913198697986	0.07775960939414094	0.13330218753281303	0.07158821182317737	0.14687926218893285	0.032091267369010544
14	0.0938052430786462	0.0	0.10491375870638063	0.02345131076966155	0.009874236113541705	0.0	0.020982751741276125	0.006171397570963566	0.0037028385425781395	0.04319978299674496	0.024685590283854263	0.09133668405026077	0.10491375870638063	0.14564498267474016	0.24809018235273536	0.024685590283854263
15	0.11725655384830776	0.0	0.12342795141927132	0.056776857652864804	0.0037028385425781395	0.0	0.013577074656119844	0.0012342795141927132	0.014811354170312558	0.0839310069651045	0.006171397570963566	0.08146244793671907	0.06665109376640652	0.17033057295859444	0.33695830737461074	0.009874236113541705
16	0.10985087676315147	0.0	0.07775960939414094	0.04443406251093767	0.0037028385425781395	0.0	0.006171397570963566	0.0	0.014811354170312558	0.08022816842252636	0.0024685590283854263	0.08269672745091179	0.032091267369010544	0.19871900178502683	0.43076355045325687	0.0037028385425781395
17	0.08886812502187534	0.0012342795141927132	0.04196550348255225	0.02345131076966155	0.004937118056770853	0.0	0.0037028385425781395	0.0	0.012342795141927132	0.0654168142522138	0.0024685590283854263	0.08146244793671907	0.013577074656119844	0.20859323789856854	0.49864892373385616	0.0012342795141927132
18	0.06788537328059922	0.0012342795141927132	0.020982751741276125	0.006171397570963566	0.007405677085156279	0.0	0.0024685590283854263	0.0	0.009874236113541705	0.04196550348255225	0.007405677085156279	0.07158821182317737	0.009874236113541705	0.17403341150117255	0.49864892373385616	0.0012342795141927132
19	0.05307401911028666	0.0012342795141927132	0.006171397570963566	0.0	0.007405677085156279	0.0	0.0	0.0	0.007405677085156279	0.022217031255468835	0.017279913198697986	0.06294825522382837	0.007405677085156279	0.11478799481992233	0.4406377865667986	0.0024685590283854263
20	0.03826266493997411	0.0024685590283854263	0.0012342795141927132	0.0	0.004937118056770853	0.0	0.0	0.0012342795141927132	0.008639956599348993	0.009874236113541705	0.03332554688320326	0.05554257813867209	0.006171397570963566	0.06171397570963566	0.3431297049455743	0.0037028385425781395
21	0.02345131076966155	0.0037028385425781395	0.0	0.0	0.0024685590283854263	0.0	0.0	0.0012342795141927132	0.009874236113541705	0.004937118056770853	0.0469026215393231	0.054308298624479376	0.004937118056770853	0.03455982639739597	0.2505587413811208	0.0012342795141927132
22	0.016045633684505272	0.0012342795141927132	0.0012342795141927132	0.0	0.0	0.0	0.0	0.0012342795141927132	0.004937118056770853	0.006171397570963566	0.04319978299674496	0.05060546008190124	0.0012342795141927132	0.022217031255468835	0.16292489587343814	0.0
23	0.009874236113541705	0.0012342795141927132	0.0037028385425781395	0.0	0.0	0.004937118056770853	0.0	0.0024685590283854263	0.0037028385425781395	0.013577074656119844	0.029622708340625116	0.04319978299674496	0.006171397570963566	0.022217031255468835	0.18143908858632882	0.0024685590283854263
24	0.03455982639739597	0.0012342795141927132	0.016045633684505272	0.0	0.0	0.03949694445416682	0.0	0.006171397570963566	0.03085698785481783	0.09010240453606806	0.08516528647929722	0.11108515627734418	0.032091267369010544	0.08516528647929722	0.20612467887018313	0.035794105911588686
["WIND_OFFSHORE","C4",*,*] :	1	2	3	4	5	6	7	8	9	10	11	12	13	14	15	16 := 
1	0.18264534335939284	0.1368103902730053	0.04444601511407278	0.07778052644962737	0.08264180935272906	0.0006944689861573871	0.06041880179569268	0.06250220875416485	0.07014136760189611	0.22500795151499345	0.0868086232696734	0.1736172465393468	0.0	0.054863049906433585	0.11319844474365412	0.018750662626249453
2	0.17847852944244852	0.11250397575749672	0.06736349165726656	0.08055840239425692	0.08472521631120124	0.0020834069584721618	0.05833539483722053	0.08264180935272906	0.11458738271596888	0.2215356065842065	0.09375331313124727	0.18333981234555022	0.005555751889259097	0.07430818151884043	0.10417034792360808	0.03333451133555459
3	0.14931083202383824	0.10069800299282113	0.09930906502050636	0.08264180935272906	0.07083583658805348	0.006250220875416484	0.06736349165726656	0.07153030557421088	0.1354214523006905	0.1791729984286059	0.08333627833888646	0.13194910736990356	0.03958473221097107	0.10069800299282113	0.1027814099512933	0.04861282903101711
4	0.12639335548064445	0.0923643751589325	0.12083760359138536	0.06944689861573872	0.06319667774032223	0.013194910736990357	0.07083583658805348	0.04722389105870233	0.13889379723147743	0.12292101054985752	0.06319667774032223	0.09722565806203422	0.08333627833888646	0.1305601693975888	0.08819756124198817	0.07569711949115521
5	0.09583672008971944	0.07778052644962737	0.12014313460522798	0.05000176700333187	0.05694645686490575	0.020834069584721615	0.07291924354652565	0.025695352487823325	0.14167167317610696	0.07361371253268303	0.05347411193411881	0.07569711949115521	0.14236614216226437	0.11458738271596888	0.07569711949115521	0.09375331313124727
6	0.0868086232696734	0.05833539483722053	0.1020869409651359	0.05764092585106314	0.05764092585106314	0.025000883501665936	0.07291924354652565	0.014583848709305132	0.13958826621763484	0.03194557336323981	0.05000176700333187	0.054863049906433585	0.10764269285439501	0.09861459603434897	0.06805796064342394	0.07639158847731259
7	0.08055840239425692	0.04097367018328584	0.07291924354652565	0.06875242962958134	0.06111327078185007	0.025695352487823325	0.07291924354652565	0.008333627833888647	0.11875419663291321	0.009028096820046032	0.05000176700333187	0.04027920119712846	0.1027814099512933	0.1250044175083297	0.052779642947961426	0.04652942207254494
8	0.0812528713804143	0.028473228432452875	0.05208517396180404	0.06736349165726656	0.06180773976800746	0.028473228432452875	0.07361371253268303	0.003472344930786936	0.1027814099512933	0.0013889379723147743	0.05069623598948926	0.03541791829402674	0.0868086232696734	0.14792189405152345	0.03611238728018413	0.03402898032171197
9	0.07430818151884043	0.02013960059856423	0.045140484100230166	0.08750309225583078	0.05625198787874836	0.03541791829402674	0.06319667774032223	0.0006944689861573871	0.09097543718661773	0.0	0.05625198787874836	0.03611238728018413	0.06250220875416485	0.13958826621763484	0.03125110437708242	0.028473228432452875
10	0.07708605746346997	0.018056193640092064	0.029862166404767646	0.09514225110356204	0.04097367018328584	0.03958473221097107	0.06111327078185007	0.0	0.07847499543578475	0.0006944689861573871	0.06111327078185007	0.045140484100230166	0.04236260815560062	0.13611592128684788	0.04097367018328584	0.025000883501665936
11	0.064585615712637	0.021528538570879004	0.011805972764675583	0.09375331313124727	0.0326400423493972	0.04791836004485972	0.06875242962958134	0.0	0.05972433280953529	0.0020834069584721618	0.05764092585106314	0.03402898032171197	0.045834953086387555	0.11528185170212628	0.054168580920276196	0.029862166404767646
12	0.016667255667777294	0.0020834069584721618	0.0006944689861573871	0.04097367018328584	0.006250220875416484	0.03680685626634152	0.021528538570879004	0.0	0.027084290460138098	0.009028096820046032	0.0013889379723147743	0.00972256580620342	0.09722565806203422	0.018056193640092064	0.003472344930786936	0.005555751889259097
13	0.05764092585106314	0.00486128290310171	0.03472344930786936	0.006944689861573872	0.0	0.0	0.0	0.0	0.023611945529351166	0.0013889379723147743	0.013889379723147743	0.09305884414508989	0.059029863823377916	0.00972256580620342	0.00972256580620342	0.013194910736990357
14	0.06875242962958134	0.0027778759446295486	0.04027920119712846	0.011111503778518194	0.0	0.0	0.0027778759446295486	0.0013889379723147743	0.055557518892590974	0.02013960059856423	0.03194557336323981	0.12292101054985752	0.011805972764675583	0.05000176700333187	0.027778759446295487	0.029862166404767646
15	0.07361371253268303	0.0041668139169443235	0.03402898032171197	0.01736172465393468	0.0	0.0	0.00486128290310171	0.0041668139169443235	0.055557518892590974	0.025695352487823325	0.025000883501665936	0.11180950677133934	0.0006944689861573871	0.07569711949115521	0.04027920119712846	0.04444601511407278
16	0.07569711949115521	0.011111503778518194	0.04027920119712846	0.014583848709305132	0.0	0.0	0.0027778759446295486	0.00486128290310171	0.054168580920276196	0.027084290460138098	0.006944689861573872	0.10069800299282113	0.0	0.08472521631120124	0.05694645686490575	0.04652942207254494
17	0.07222477456036826	0.025000883501665936	0.05833539483722053	0.0076391588477312585	0.0	0.0	0.0006944689861573871	0.003472344930786936	0.045834953086387555	0.029167697418610264	0.0013889379723147743	0.09444778211740466	0.0	0.07847499543578475	0.06666902267110918	0.04305707714175801
18	0.06597455368495178	0.037501325252498906	0.07778052644962737	0.005555751889259097	0.0	0.0	0.0	0.0020834069584721618	0.038195794238656294	0.024306414515508554	0.0	0.09305884414508989	0.0006944689861573871	0.059029863823377916	0.07153030557421088	0.037501325252498906
19	0.04444601511407278	0.04722389105870233	0.07639158847731259	0.0027778759446295486	0.0	0.0	0.0	0.0013889379723147743	0.029167697418610264	0.01944513161240684	0.0	0.08403074732504384	0.0013889379723147743	0.027084290460138098	0.04861282903101711	0.028473228432452875
20	0.022917476543193777	0.054863049906433585	0.054863049906433585	0.0013889379723147743	0.0	0.0	0.0	0.0006944689861573871	0.02222300755703639	0.013889379723147743	0.0006944689861573871	0.07083583658805348	0.0013889379723147743	0.006944689861573872	0.021528538570879004	0.015972786681619906
21	0.0076391588477312585	0.064585615712637	0.04444601511407278	0.0006944689861573871	0.0	0.0	0.0	0.0	0.02013960059856423	0.011805972764675583	0.0013889379723147743	0.06736349165726656	0.0027778759446295486	0.0013889379723147743	0.010417034792360808	0.003472344930786936
22	0.003472344930786936	0.06319667774032223	0.03611238728018413	0.0	0.0	0.0	0.0006944689861573871	0.0006944689861573871	0.013889379723147743	0.008333627833888647	0.0027778759446295486	0.07014136760189611	0.009028096820046032	0.0013889379723147743	0.006944689861573872	0.0
23	0.006250220875416484	0.07291924354652565	0.05069623598948926	0.0006944689861573871	0.0	0.0	0.0027778759446295486	0.018750662626249453	0.038195794238656294	0.018056193640092064	0.015972786681619906	0.08055840239425692	0.01944513161240684	0.029862166404767646	0.024306414515508554	0.0006944689861573871
24	0.05000176700333187	0.15139423898231041	0.1305601693975888	0.008333627833888647	0.011805972764675583	0.0041668139169443235	0.006250220875416484	0.08264180935272906	0.08333627833888646	0.05625198787874836	0.03889026322481368	0.18056193640092066	0.03194557336323981	0.08889203022814555	0.07430818151884043	0.0027778759446295486
["WIND_OFFSHORE","C5",*,*] :	1	2	3	4	5	6	7	8	9	10	11	12	13	14	15	16 := 
1	0.20215265783808894	0.00245033524652229	0.0869869012515413	0.04655636968392351	0.03920536394435664	0.00245033524652229	0.001225167623261145	0.03920536394435664	0.12986776806568137	0.060033213539796106	0.16784796438677688	0.18622547873569403	0.001225167623261145	0.0980134098608916	0.21930500456374497	0.10413924797719734
2	0.14824528241459856	0.01470201147913374	0.11394058896328649	0.1090399184702419	0.10413924797719734	0.0245033524652229	0.00735100573956687	0.0245033524652229	0.25238453039179587	0.11884125945633107	0.11516575658654764	0.2340070160428787	0.08943723649806358	0.08576173362828016	0.14456977954481512	0.14456977954481512
3	0.09556307461436932	0.020827849595439468	0.16049695864721	0.12864260044242024	0.11761609183306992	0.051457040176968095	0.008576173362828015	0.00735100573956687	0.3001660676989805	0.15927179102394887	0.10536441560045846	0.18622547873569403	0.12496709757263678	0.0379801963210955	0.12741743281915907	0.12374192994937566
4	0.0735100573956687	0.00980134098608916	0.16417246151699344	0.11026508609350305	0.10046374510741389	0.05635771067001267	0.00245033524652229	0.001225167623261145	0.20460299308461125	0.16417246151699344	0.09311273936784702	0.08821206887480243	0.05758287829327382	0.022053017218700607	0.11761609183306992	0.10413924797719734
5	0.06738421927936297	0.001225167623261145	0.15559628815416543	0.08576173362828016	0.08576173362828016	0.04288086681414008	0.0	0.0	0.1580466234006877	0.11271542134002534	0.08331139838175787	0.050231872553706945	0.018377514348917174	0.04778153730718466	0.09433790699110817	0.08453656600501902
6	0.060033213539796106	0.001225167623261145	0.13844394142850938	0.07105972214914641	0.07841072788871328	0.025728520088484048	0.0	0.0	0.12374192994937566	0.06615905165610184	0.09311273936784702	0.0379801963210955	0.011026508609350304	0.08821206887480243	0.06983455452588527	0.07963589551197443
7	0.03307952582805092	0.006125838116305725	0.09066240412132473	0.07473522501892985	0.08331139838175787	0.01960268197217832	0.0	0.0	0.10413924797719734	0.04655636968392351	0.12619226519589793	0.022053017218700607	0.04288086681414008	0.07473522501892985	0.050231872553706945	0.08576173362828016
8	0.0245033524652229	0.018377514348917174	0.055132543046751525	0.08331139838175787	0.0980134098608916	0.023278184841961754	0.0	0.0	0.09433790699110817	0.041655699190878935	0.16172212627047114	0.013476843855872594	0.1470201147913374	0.06860938690262412	0.040430531567617785	0.10291408035393619
9	0.020827849595439468	0.025728520088484048	0.051457040176968095	0.08576173362828016	0.10413924797719734	0.030629190581528628	0.00245033524652229	0.0	0.08208623075849672	0.03920536394435664	0.15437112053090427	0.008576173362828015	0.20460299308461125	0.0869869012515413	0.03920536394435664	0.1359936061819871
10	0.02940402295826748	0.0245033524652229	0.0735100573956687	0.0735100573956687	0.07841072788871328	0.0245033524652229	0.03675502869783435	0.0	0.05635771067001267	0.0379801963210955	0.16784796438677688	0.001225167623261145	0.21440433407070036	0.08331139838175787	0.041655699190878935	0.14456977954481512
11	0.03675502869783435	0.018377514348917174	0.08943723649806358	0.1310929356889425	0.07228488977240756	0.01225167623261145	0.09311273936784702	0.0	0.02940402295826748	0.06738421927936297	0.151920785284382	0.0	0.21930500456374497	0.08086106313523557	0.03920536394435664	0.1335432709354648
12	0.00245033524652229	0.0	0.01225167623261145	0.09188757174458588	0.026953687711745188	0.00980134098608916	0.07105972214914641	0.0	0.020827849595439468	0.03185435820478977	0.008576173362828015	0.00735100573956687	0.1359936061819871	0.030629190581528628	0.04288086681414008	0.013476843855872594
13	0.04288086681414008	0.0	0.022053017218700607	0.00735100573956687	0.006125838116305725	0.0	0.003675502869783435	0.0	0.0	0.00245033524652229	0.01225167623261145	0.08208623075849672	0.10046374510741389	0.11639092420980877	0.1494704500378597	0.01960268197217832
14	0.17887447299612716	0.0	0.09923857748415275	0.011026508609350304	0.001225167623261145	0.0	0.013476843855872594	0.001225167623261145	0.00490067049304458	0.045331202060662365	0.028178855335006334	0.07963589551197443	0.05635771067001267	0.16417246151699344	0.23890768653592329	0.01225167623261145
15	0.20337782546135008	0.0	0.1310929356889425	0.025728520088484048	0.0	0.0	0.00735100573956687	0.0	0.01715234672565603	0.05880804591653496	0.013476843855872594	0.08086106313523557	0.023278184841961754	0.19480165209852207	0.31976874967115887	0.003675502869783435
16	0.15069561766112083	0.0	0.11271542134002534	0.041655699190878935	0.0	0.0	0.00490067049304458	0.0	0.018377514348917174	0.044106034437401215	0.006125838116305725	0.08943723649806358	0.003675502869783435	0.2229805074335284	0.4092059861692225	0.001225167623261145
17	0.11271542134002534	0.0	0.0869869012515413	0.03920536394435664	0.001225167623261145	0.0	0.003675502869783435	0.0	0.01470201147913374	0.02940402295826748	0.006125838116305725	0.09311273936784702	0.001225167623261145	0.23523218366613985	0.47659020544858544	0.001225167623261145
18	0.09188757174458588	0.001225167623261145	0.06738421927936297	0.026953687711745188	0.001225167623261145	0.0	0.00245033524652229	0.0	0.013476843855872594	0.015927179102394884	0.00735100573956687	0.08821206887480243	0.00245033524652229	0.17642413774960486	0.5084445636533752	0.001225167623261145
19	0.06983455452588527	0.003675502869783435	0.045331202060662365	0.01715234672565603	0.00245033524652229	0.0	0.001225167623261145	0.0	0.01225167623261145	0.008576173362828015	0.01225167623261145	0.08453656600501902	0.00245033524652229	0.08576173362828016	0.5010935579138083	0.001225167623261145
20	0.044106034437401215	0.006125838116305725	0.026953687711745188	0.00245033524652229	0.001225167623261145	0.0	0.0	0.0	0.01225167623261145	0.00490067049304458	0.020827849595439468	0.075960392642191	0.003675502869783435	0.030629190581528628	0.43370933863444533	0.001225167623261145
21	0.03185435820478977	0.011026508609350304	0.022053017218700607	0.0	0.0	0.0	0.0	0.001225167623261145	0.01470201147913374	0.00490067049304458	0.026953687711745188	0.075960392642191	0.003675502869783435	0.008576173362828015	0.3626496164852989	0.0
22	0.02940402295826748	0.011026508609350304	0.03185435820478977	0.0	0.0	0.0	0.0	0.00490067049304458	0.008576173362828015	0.00980134098608916	0.023278184841961754	0.075960392642191	0.001225167623261145	0.013476843855872594	0.23890768653592329	0.0
23	0.023278184841961754	0.008576173362828015	0.01960268197217832	0.0	0.0	0.00245033524652229	0.0	0.03430469345131206	0.00735100573956687	0.00980134098608916	0.01470201147913374	0.06370871640957954	0.008576173362828015	0.04288086681414008	0.22175533981026724	0.0
24	0.10291408035393619	0.00980134098608916	0.05635771067001267	0.0	0.0	0.0245033524652229	0.0	0.053907375423490375	0.00980134098608916	0.053907375423490375	0.044106034437401215	0.1715234672565603	0.050231872553706945	0.12251676232611451	0.2756627152337576	0.011026508609350304
["WIND_ONSHORE","C1",*,*] :	1	2	3	4	5	6	7	8	9	10	11	12	13	14	15	16 := 
1	0.2102536220314813	0.03955266157027866	0.058734215489699516	0.031374479666649614	0.06022115765399571	0.026467570524472184	0.038957884704560186	0.03791702518955285	0.1351630427345237	0.1399212576602715	0.1797713076634094	0.24207418434741976	0.08817567034276408	0.08103834795414237	0.13233785262236095	0.08014618265556465
2	0.17025487781191379	0.03375358712952352	0.0750905792969576	0.04490565336174494	0.06438459571402504	0.02483193414374638	0.03211795074879771	0.023791074628739046	0.1665375224011733	0.12534922445016883	0.15598023303467035	0.22839431643589483	0.18497560523844606	0.08475570336488283	0.10587028209788873	0.1202936210915618
3	0.12534922445016883	0.02706234739019066	0.0837148438498755	0.05085342201892971	0.05025864515321123	0.023344991979450187	0.0179920001879839	0.011598148881510284	0.1649018860204475	0.09263649683565266	0.1296613567266278	0.17962261344697977	0.257984465505389	0.07256277761765409	0.10036859608999285	0.11791451362868789
4	0.09665124067925238	0.014720727426532285	0.09352866213423036	0.0515968931010778	0.04564912444389304	0.01962763656870971	0.00758340503791057	0.0047582149257478085	0.13635259646596065	0.06973758750549132	0.10289639776929636	0.11895537314369523	0.20504932445644464	0.06319504198258809	0.10111206717214094	0.10750591847861456
5	0.08014618265556465	0.00758340503791057	0.0984355712764078	0.05115081045178894	0.043270016981019135	0.01234161996365838	0.0029738843285923807	0.0014869421642961904	0.11300760448651045	0.0460952070931819	0.09025738937277875	0.08490439758131246	0.24579153975816026	0.07062975280406904	0.09040608358920836	0.09665124067925238
6	0.06453328993045465	0.005799074440755142	0.08698611661132713	0.04787953769033733	0.048176926123196566	0.0059477686571847614	0.0008921652985777142	0.0004460826492888571	0.09442082743280808	0.02929276063663495	0.0921904141863638	0.06304634776615846	0.24147940748170132	0.09620515802996352	0.07523927351338723	0.08817567034276408
7	0.05263775261608513	0.007880793470769807	0.0703323643712098	0.04936647985463352	0.06066724030328456	0.0044608264928885704	0.0007434710821480952	0.00029738843285923803	0.08267398433486818	0.01650505802368771	0.10676244739646645	0.04475695914531533	0.23597772147380539	0.11419715821794742	0.06289765354972884	0.08074095952128314
8	0.04312132276458951	0.01219292574722876	0.0609646287361438	0.057247273325403324	0.07568535616267609	0.0059477686571847614	0.002081719030014666	0.00029738843285923803	0.06973758750549132	0.008178181903629046	0.11731973676296942	0.03286142183094581	0.22779953957017635	0.11003372015791808	0.05516555429538866	0.08297137276772742
9	0.04178307481672295	0.013977256344384188	0.05144819888464818	0.07717229832697228	0.0852017860141717	0.010111206717214095	0.014720727426532285	0.0004460826492888571	0.053678612131092464	0.00460952070931819	0.12297011698729493	0.026616264740901806	0.17397223322265426	0.10527550523217026	0.05531424851181828	0.0945695216492377
10	0.04237785168244142	0.01665375224011733	0.04490565336174494	0.08267398433486818	0.0695888932890617	0.013085091045806473	0.04728476082461885	0.00014869421642961901	0.04312132276458951	0.0071373223886217136	0.13888039814526418	0.020668496083717045	0.13218915840593132	0.10304509198572598	0.059180298138988376	0.10512681101574065
11	0.03375358712952352	0.017843305971554282	0.03851180205527133	0.09873295970926704	0.056949884892544086	0.01516681007582114	0.07999748843913504	0.0005947768657184761	0.03419966977881238	0.016207669590828474	0.12222664590514683	0.014720727426532285	0.12311881120372455	0.0921904141863638	0.05828813284041066	0.10111206717214094
12	0.017248529105835807	0.0016356363807258092	0.00609646287361438	0.07464449664766876	0.01367986791152495	0.01680244645654695	0.05100211623535933	0.002081719030014666	0.02289890933016133	0.005501686007895904	0.0044608264928885704	0.008326876120058665	0.12549791866659846	0.023344991979450187	0.026318876308042565	0.010408595150073332
13	0.05769335597469218	0.0029738843285923807	0.048176926123196566	0.03375358712952352	0.0017843305971554284	0.0	0.004014743843599714	0.0004460826492888571	0.00029738843285923803	0.0004460826492888571	0.010408595150073332	0.13248654683879055	0.08787828190990483	0.059031603922558754	0.09724601754497085	0.01680244645654695
14	0.1272822492637539	0.0011895537314369521	0.0837148438498755	0.0484743145560558	0.00029738843285923803	0.0	0.011003372015791808	0.001040859515007333	0.0017843305971554284	0.02438585149445752	0.05129950466821856	0.14467947258601932	0.04475695914531533	0.11850929049440637	0.15226287762392987	0.009665124067925237
15	0.1641584149382994	0.0014869421642961904	0.09486691008209694	0.0695888932890617	0.0	0.0	0.007434710821480952	0.0008921652985777142	0.009665124067925237	0.038809190488130564	0.03211795074879771	0.12951266251019816	0.012044231530799141	0.14334122463815274	0.19553289460494902	0.003717355410740476
16	0.14869421642961902	0.004312132276458952	0.09308257948494152	0.07851054627483885	0.0	0.0	0.004014743843599714	0.00029738843285923803	0.012639008396517618	0.03866049627170095	0.018735471270131997	0.13159438154021283	0.0011895537314369521	0.16133322482613663	0.2532262505796412	0.0019330248135850472
17	0.12252403433800607	0.010854677799362188	0.09561038116424503	0.07523927351338723	0.0004460826492888571	0.0	0.0022304132464442852	0.00014869421642961901	0.009962512500784474	0.031374479666649614	0.011746843097939903	0.13382479478665713	0.0004460826492888571	0.16148191904256629	0.295455408045653	0.0017843305971554284
18	0.09650254646282275	0.019032859702991234	0.09650254646282275	0.04966386828749276	0.0005947768657184761	0.0	0.0007434710821480952	0.0	0.00609646287361438	0.021858049815153994	0.008178181903629046	0.1344195716523756	0.00460952070931819	0.12802572034590198	0.3170160694279478	0.0022304132464442852
19	0.06378981884830656	0.02468323992731676	0.07955140578984618	0.01977633078513933	0.0008921652985777142	0.0	0.0	0.00014869421642961901	0.0032712727614516183	0.014869421642961903	0.007434710821480952	0.1290665798609093	0.014125950560813807	0.06631762052761009	0.2844520360298612	0.0023791074628739042
20	0.04014743843599714	0.028251901121627614	0.05501686007895904	0.0034199669778812373	0.00029738843285923803	0.0	0.0	0.0005947768657184761	0.0025278016793035237	0.009962512500784474	0.008475570336488285	0.12014492687513217	0.026467570524472184	0.02706234739019066	0.20504932445644464	0.0017843305971554284
21	0.022304132464442853	0.034348363995242	0.03910657892098981	0.00029738843285923803	0.00029738843285923803	0.0	0.0007434710821480952	0.0013382479478665711	0.0028251901121627613	0.007434710821480952	0.011152066232221427	0.12133448060656912	0.03791702518955285	0.011152066232221427	0.15270896027321873	0.0005947768657184761
22	0.014720727426532285	0.034348363995242	0.02899537220377571	0.0	0.0	0.00014869421642961901	0.0029738843285923807	0.0047582149257478085	0.0022304132464442852	0.005501686007895904	0.008921652985777141	0.11895537314369523	0.03687616567454552	0.013085091045806473	0.12624138974874655	0.0004460826492888571
23	0.029590149069494188	0.034348363995242	0.03390228134595314	0.0004460826492888571	0.0	0.0017843305971554284	0.017545917538695045	0.036281388808827045	0.02572409944232409	0.009516429851495617	0.006691239739332856	0.1171710425465398	0.030928397017360755	0.06141071138543265	0.1524115718403595	0.004163438060029332
24	0.09932773657498552	0.06468198414688428	0.09724601754497085	0.0035686611943108568	0.0	0.012639008396517618	0.03509183507739009	0.07062975280406904	0.07568535616267609	0.034348363995242	0.03345619869666428	0.24594023397458986	0.04550043022746342	0.1307022162416351	0.19523550617208976	0.02453454571088714
["WIND_ONSHORE","C2",*,*] :	1	2	3	4	5	6	7	8	9	10	11	12	13	14	15	16 := 
1	0.22566501483188123	0.04892337445891475	0.11635829601039185	0.04275241801027273	0.04980531745253897	0.06192509178471229	0.043413544692149954	0.05773883763506569	0.060162528050827606	0.20715346773931886	0.09255773546281171	0.22456225552651002	0.06611266818772264	0.10710252246411069	0.14809237674049872	0.05355126123205534
2	0.1789445144769814	0.03768422086700191	0.14390480033748837	0.05333044492030835	0.037243910496871674	0.04848306408878452	0.04914419077066175	0.03768422086700191	0.10379688905472455	0.23447915575466838	0.11305266260100573	0.20120332760242382	0.11106928255537406	0.10842477582786514	0.11173040923725128	0.1024746356909701
3	0.14875350342237595	0.028207631008973746	0.1179013656858933	0.05333044492030835	0.024021376859327145	0.02644506727508906	0.03900647423075636	0.018951857462692574	0.1324461526871923	0.19172673774439566	0.1095262128798726	0.16175522074817347	0.13553096978483142	0.10049125564533842	0.10203432532083986	0.11613747969864485
4	0.11657911232213884	0.020274110826447027	0.09321886214468893	0.04936368482904499	0.018732363404309334	0.014323970689551989	0.035039714139493	0.005289013455017812	0.140379672869719	0.140158856557972	0.10313576237284733	0.1247321265630488	0.10071207195708541	0.08396308859840776	0.10291494606110033	0.12274874651741713
5	0.08484503159203198	0.01851154709256234	0.07426700468199636	0.04561774104952863	0.016968477417060895	0.005729323825148044	0.037243910496871674	0.0006611266818772265	0.1205458724134022	0.10225381937922311	0.11084846624362706	0.09916900228158397	0.12891970296605917	0.06721410523973011	0.09211742509268148	0.11591798564026162
6	0.05795833169344893	0.014323970689551989	0.05707771095318846	0.03592165713311722	0.021156053820071248	0.0017625637338846856	0.035700840821370226	0.0017625637338846856	0.09211742509268148	0.070079428278986	0.1220876198355399	0.07646987878601127	0.1267155066086805	0.07536844173400382	0.07867407514338995	0.09740643854769927
7	0.0420912913283955	0.009476589858028163	0.047380304783413305	0.02732701026871328	0.03063264367809941	0.0006611266818772265	0.029310390314344955	0.005068197143270818	0.08175889224102909	0.0449566143676514	0.13090308301169085	0.05112757081629343	0.1553647702411482	0.10754283283424092	0.07316424537662514	0.0773518217796355
8	0.03371746077573855	0.007712703870779723	0.03988841722438058	0.020054616768063787	0.04561774104952863	0.001322253363754453	0.03261602372373109	0.0061709564486420315	0.070079428278986	0.02468250354120437	0.13090308301169085	0.03702309418512468	0.16594279715118385	0.13266564674557554	0.06787523192160733	0.06589185187597565
9	0.029310390314344955	0.00925577354628117	0.039667600912633584	0.018290730780815348	0.06236672440820628	0.004407070461393592	0.04936368482904499	0.005289013455017812	0.05465269828406281	0.018732363404309334	0.1273766332905577	0.03261602372373109	0.14148110992172647	0.1273766332905577	0.06699461118134686	0.06324734514846675
10	0.02864926363246773	0.014544787001298982	0.042312107640142496	0.027106193956966285	0.052449824180047885	0.012561406955667303	0.06368897777196074	0.0033056334093861323	0.043413544692149954	0.02644506727508906	0.13464902679120722	0.028428447320720734	0.11944311310803099	0.10600108541210324	0.06236672440820628	0.06148478141458206
11	0.025122813911334606	0.021156053820071248	0.043413544692149954	0.043413544692149954	0.03988841722438058	0.02468250354120437	0.070079428278986	0.0028653230392558997	0.03261602372373109	0.03393827708748554	0.1095262128798726	0.015867040365053434	0.13266564674557554	0.09432029919669638	0.05421238791393257	0.05950140136895038
12	0.010578026910035624	0.002204196357378673	0.003745943779516365	0.03636196750324745	0.009034957234534177	0.03063264367809941	0.029529884372728195	0.003745943779516365	0.017189293728807887	0.0196129841445698	0.0028653230392558997	0.009696083916411403	0.16373860079380517	0.018732363404309334	0.01123915359191285	0.005729323825148044
13	0.04187179727001226	0.0024236904157619124	0.03283551778211433	0.018951857462692574	0.00022081631174699363	0.0	0.004848703084887579	0.0011014370520074591	0.0	0.0006611266818772265	0.018071236722432108	0.11613747969864485	0.10467883204834877	0.034378587457615774	0.050466444134416207	0.0063904505070252705
14	0.08748953831954089	0.0011014370520074591	0.06192509178471229	0.017410110040554882	0.0	0.0	0.009696083916411403	0.0017625637338846856	0.0024236904157619124	0.02203799681369547	0.043855177315643944	0.11701942269226907	0.032395207411984095	0.07757263809138248	0.08153939818264584	0.0030848170976391386
15	0.10313576237284733	0.0019833800456316793	0.0773518217796355	0.027767320638843514	0.0006611266818772265	0.0	0.004848703084887579	0.00022081631174699363	0.008815463176150938	0.027106193956966285	0.027106193956966285	0.1174597330623993	0.002644506727508906	0.11195122554899828	0.10886508619799537	0.001322253363754453
16	0.09255773546281171	0.007272393500649491	0.08131858187089885	0.04121067058813503	0.001322253363754453	0.0	0.003745943779516365	0.00044031037013023285	0.01212109658553707	0.027106193956966285	0.014104476631168749	0.13068226669994384	0.0	0.13971854618784177	0.15117719383813788	0.00088194299362422
17	0.07691151140950526	0.0196129841445698	0.08616728495578643	0.04165098095826527	0.0019833800456316793	0.0	0.0030848170976391386	0.00044031037013023285	0.011018337280165855	0.02644506727508906	0.007712703870779723	0.13905741950596454	0.0	0.1430241795972279	0.18665854060112483	0.0011014370520074591
18	0.060162528050827606	0.03459940376936277	0.09123548209905726	0.03063264367809941	0.002204196357378673	0.0	0.002204196357378673	0.00022081631174699363	0.007493209812396485	0.02490199759958761	0.004627886773140585	0.1377351661422101	0.002204196357378673	0.11856249236777053	0.20869521516145656	0.0015430696755014467
19	0.03988841722438058	0.048262247777037526	0.08352277822827753	0.010357210598288629	0.0028653230392558997	0.00022081631174699363	0.0011014370520074591	0.0	0.005509829766764805	0.02468250354120437	0.003966760091263359	0.1251737591865428	0.009476589858028163	0.06831686454510132	0.18996417401051097	0.0024236904157619124
20	0.029310390314344955	0.05950140136895038	0.06523072519409842	0.00088194299362422	0.0019833800456316793	0.00022081631174699363	0.0006611266818772265	0.0	0.005509829766764805	0.022699123495572696	0.003966760091263359	0.1150360426466374	0.023139433865702927	0.020715743449941013	0.1372935335187161	0.0015430696755014467
21	0.017850420410685113	0.070079428278986	0.05289013455017812	0.0	0.001322253363754453	0.00022081631174699363	0.0017625637338846856	0.00044031037013023285	0.007272393500649491	0.020935237508324253	0.005729323825148044	0.1179013656858933	0.04297323432201972	0.004627886773140585	0.10578026910035623	0.0006611266818772265
22	0.00925577354628117	0.06545154150584542	0.04165098095826527	0.0	0.00022081631174699363	0.00044031037013023285	0.0033056334093861323	0.002644506727508906	0.005289013455017812	0.013883660319421757	0.005509829766764805	0.12605437992680327	0.05333044492030835	0.00837383055265695	0.10137319863896264	0.0006611266818772265
23	0.021156053820071248	0.06104447104445183	0.06082365473270483	0.0	0.0	0.005068197143270818	0.018951857462692574	0.02049492713819402	0.009916900228158396	0.026004756904958827	0.016748983358677656	0.13222533637544528	0.047380304783413305	0.06082365473270483	0.1324461526871923	0.004627886773140585
24	0.07404618837024936	0.1176805493741463	0.1904044843806412	0.0015430696755014467	0.0006611266818772265	0.01630735073518367	0.050466444134416207	0.05112757081629343	0.029529884372728195	0.059280585057203385	0.08947291836517257	0.26202698233512867	0.05773883763506569	0.1348698431029542	0.16902761424882298	0.025122813911334606
["WIND_ONSHORE","C3",*,*] :	1	2	3	4	5	6	7	8	9	10	11	12	13	14	15	16 := 
1	0.03085698785481783	0.029622708340625116	0.04319978299674496	0.08022816842252636	0.008639956599348993	0.009874236113541705	0.0	0.0024685590283854263	0.11972511287669318	0.17650197052955796	0.2703072136082042	0.17650197052955796	0.05924541668125023	0.10985087676315147	0.15058210073151101	0.1024451996779952
2	0.09010240453606806	0.05307401911028666	0.09627380210703163	0.1320679080186203	0.04813690105351581	0.03702838542578139	0.0	0.0012342795141927132	0.1382393055895839	0.23945022575338637	0.18267336810052154	0.14441070316054747	0.22587315109726652	0.09750808162122435	0.10738231773476604	0.15305065975989643
3	0.18020480907213612	0.05307401911028666	0.17526769101536527	0.12466223093346404	0.09133668405026077	0.06294825522382837	0.0	0.0	0.14317642364635474	0.2505587413811208	0.12219367190507861	0.08763384550768263	0.16415917538763086	0.06788537328059922	0.10121092016380248	0.14441070316054747
4	0.23081026915403738	0.035794105911588686	0.2048903993559904	0.10861659724895875	0.0938052430786462	0.07158821182317737	0.0	0.0	0.10614803822057332	0.2172331944979175	0.09997664064960977	0.05060546008190124	0.07405677085156279	0.035794105911588686	0.09010240453606806	0.12342795141927132
5	0.16909629344440172	0.017279913198697986	0.16539345490182358	0.09997664064960977	0.07899388890833364	0.06418253473802109	0.0	0.0	0.10614803822057332	0.12713078996184946	0.10367947919218791	0.03085698785481783	0.017279913198697986	0.04443406251093767	0.07158821182317737	0.10985087676315147
6	0.12589651044765673	0.017279913198697986	0.12466223093346404	0.10614803822057332	0.08022816842252636	0.054308298624479376	0.0	0.0	0.11478799481992233	0.07282249133737008	0.11972511287669318	0.022217031255468835	0.0012342795141927132	0.07282249133737008	0.054308298624479376	0.10491375870638063
7	0.07158821182317737	0.040731223968359535	0.09257096356445349	0.11849083336250046	0.10121092016380248	0.05554257813867209	0.0	0.0	0.10367947919218791	0.05554257813867209	0.12342795141927132	0.016045633684505272	0.0	0.08763384550768263	0.0469026215393231	0.11108515627734418
8	0.03826266493997411	0.06665109376640652	0.07899388890833364	0.12713078996184946	0.10738231773476604	0.060479696195442946	0.0012342795141927132	0.0	0.08886812502187534	0.05060546008190124	0.10985087676315147	0.014811354170312558	0.006171397570963566	0.09750808162122435	0.05060546008190124	0.12959934899023487
9	0.03702838542578139	0.06665109376640652	0.07775960939414094	0.13453646704700573	0.10121092016380248	0.05554257813867209	0.009874236113541705	0.0012342795141927132	0.05924541668125023	0.045668342025130385	0.0938052430786462	0.013577074656119844	0.07158821182317737	0.09750808162122435	0.060479696195442946	0.15058210073151101
10	0.0654168142522138	0.051839739596093955	0.07405677085156279	0.12342795141927132	0.09133668405026077	0.03702838542578139	0.04813690105351581	0.0037028385425781395	0.028388428826432402	0.04319978299674496	0.09133668405026077	0.006171397570963566	0.1407078646179693	0.07899388890833364	0.0654168142522138	0.15798777781666729
11	0.0839310069651045	0.035794105911588686	0.07652532987994821	0.1320679080186203	0.08763384550768263	0.017279913198697986	0.07899388890833364	0.008639956599348993	0.014811354170312558	0.05060546008190124	0.08146244793671907	0.0037028385425781395	0.18020480907213612	0.0839310069651045	0.056776857652864804	0.1518163802457037
12	0.028388428826432402	0.004937118056770853	0.013577074656119844	0.06171397570963566	0.027154149312239688	0.008639956599348993	0.051839739596093955	0.013577074656119844	0.014811354170312558	0.014811354170312558	0.008639956599348993	0.0037028385425781395	0.17033057295859444	0.022217031255468835	0.051839739596093955	0.024685590283854263
13	0.05060546008190124	0.0	0.032091267369010544	0.008639956599348993	0.016045633684505272	0.0	0.007405677085156279	0.0012342795141927132	0.0	0.0012342795141927132	0.017279913198697986	0.07775960939414094	0.13330218753281303	0.07158821182317737	0.14687926218893285	0.032091267369010544
14	0.0938052430786462	0.0	0.10491375870638063	0.02345131076966155	0.009874236113541705	0.0	0.020982751741276125	0.006171397570963566	0.0037028385425781395	0.04319978299674496	0.024685590283854263	0.09133668405026077	0.10491375870638063	0.14564498267474016	0.24809018235273536	0.024685590283854263
15	0.11725655384830776	0.0	0.12342795141927132	0.056776857652864804	0.0037028385425781395	0.0	0.013577074656119844	0.0012342795141927132	0.014811354170312558	0.0839310069651045	0.006171397570963566	0.08146244793671907	0.06665109376640652	0.17033057295859444	0.33695830737461074	0.009874236113541705
16	0.10985087676315147	0.0	0.07775960939414094	0.04443406251093767	0.0037028385425781395	0.0	0.006171397570963566	0.0	0.014811354170312558	0.08022816842252636	0.0024685590283854263	0.08269672745091179	0.032091267369010544	0.19871900178502683	0.43076355045325687	0.0037028385425781395
17	0.08886812502187534	0.0012342795141927132	0.04196550348255225	0.02345131076966155	0.004937118056770853	0.0	0.0037028385425781395	0.0	0.012342795141927132	0.0654168142522138	0.0024685590283854263	0.08146244793671907	0.013577074656119844	0.20859323789856854	0.49864892373385616	0.0012342795141927132
18	0.06788537328059922	0.0012342795141927132	0.020982751741276125	0.006171397570963566	0.007405677085156279	0.0	0.0024685590283854263	0.0	0.009874236113541705	0.04196550348255225	0.007405677085156279	0.07158821182317737	0.009874236113541705	0.17403341150117255	0.49864892373385616	0.0012342795141927132
19	0.05307401911028666	0.0012342795141927132	0.006171397570963566	0.0	0.007405677085156279	0.0	0.0	0.0	0.007405677085156279	0.022217031255468835	0.017279913198697986	0.06294825522382837	0.007405677085156279	0.11478799481992233	0.4406377865667986	0.0024685590283854263
20	0.03826266493997411	0.0024685590283854263	0.0012342795141927132	0.0	0.004937118056770853	0.0	0.0	0.0012342795141927132	0.008639956599348993	0.009874236113541705	0.03332554688320326	0.05554257813867209	0.006171397570963566	0.06171397570963566	0.3431297049455743	0.0037028385425781395
21	0.02345131076966155	0.0037028385425781395	0.0	0.0	0.0024685590283854263	0.0	0.0	0.0012342795141927132	0.009874236113541705	0.004937118056770853	0.0469026215393231	0.054308298624479376	0.004937118056770853	0.03455982639739597	0.2505587413811208	0.0012342795141927132
22	0.016045633684505272	0.0012342795141927132	0.0012342795141927132	0.0	0.0	0.0	0.0	0.0012342795141927132	0.004937118056770853	0.006171397570963566	0.04319978299674496	0.05060546008190124	0.0012342795141927132	0.022217031255468835	0.16292489587343814	0.0
23	0.009874236113541705	0.0012342795141927132	0.0037028385425781395	0.0	0.0	0.004937118056770853	0.0	0.0024685590283854263	0.0037028385425781395	0.013577074656119844	0.029622708340625116	0.04319978299674496	0.006171397570963566	0.022217031255468835	0.18143908858632882	0.0024685590283854263
24	0.03455982639739597	0.0012342795141927132	0.016045633684505272	0.0	0.0	0.03949694445416682	0.0	0.006171397570963566	0.03085698785481783	0.09010240453606806	0.08516528647929722	0.11108515627734418	0.032091267369010544	0.08516528647929722	0.20612467887018313	0.035794105911588686
["WIND_ONSHORE","C4",*,*] :	1	2	3	4	5	6	7	8	9	10	11	12	13	14	15	16 := 
1	0.18264534335939284	0.1368103902730053	0.04444601511407278	0.07778052644962737	0.08264180935272906	0.0006944689861573871	0.06041880179569268	0.06250220875416485	0.07014136760189611	0.22500795151499345	0.0868086232696734	0.1736172465393468	0.0	0.054863049906433585	0.11319844474365412	0.018750662626249453
2	0.17847852944244852	0.11250397575749672	0.06736349165726656	0.08055840239425692	0.08472521631120124	0.0020834069584721618	0.05833539483722053	0.08264180935272906	0.11458738271596888	0.2215356065842065	0.09375331313124727	0.18333981234555022	0.005555751889259097	0.07430818151884043	0.10417034792360808	0.03333451133555459
3	0.14931083202383824	0.10069800299282113	0.09930906502050636	0.08264180935272906	0.07083583658805348	0.006250220875416484	0.06736349165726656	0.07153030557421088	0.1354214523006905	0.1791729984286059	0.08333627833888646	0.13194910736990356	0.03958473221097107	0.10069800299282113	0.1027814099512933	0.04861282903101711
4	0.12639335548064445	0.0923643751589325	0.12083760359138536	0.06944689861573872	0.06319667774032223	0.013194910736990357	0.07083583658805348	0.04722389105870233	0.13889379723147743	0.12292101054985752	0.06319667774032223	0.09722565806203422	0.08333627833888646	0.1305601693975888	0.08819756124198817	0.07569711949115521
5	0.09583672008971944	0.07778052644962737	0.12014313460522798	0.05000176700333187	0.05694645686490575	0.020834069584721615	0.07291924354652565	0.025695352487823325	0.14167167317610696	0.07361371253268303	0.05347411193411881	0.07569711949115521	0.14236614216226437	0.11458738271596888	0.07569711949115521	0.09375331313124727
6	0.0868086232696734	0.05833539483722053	0.1020869409651359	0.05764092585106314	0.05764092585106314	0.025000883501665936	0.07291924354652565	0.014583848709305132	0.13958826621763484	0.03194557336323981	0.05000176700333187	0.054863049906433585	0.10764269285439501	0.09861459603434897	0.06805796064342394	0.07639158847731259
7	0.08055840239425692	0.04097367018328584	0.07291924354652565	0.06875242962958134	0.06111327078185007	0.025695352487823325	0.07291924354652565	0.008333627833888647	0.11875419663291321	0.009028096820046032	0.05000176700333187	0.04027920119712846	0.1027814099512933	0.1250044175083297	0.052779642947961426	0.04652942207254494
8	0.0812528713804143	0.028473228432452875	0.05208517396180404	0.06736349165726656	0.06180773976800746	0.028473228432452875	0.07361371253268303	0.003472344930786936	0.1027814099512933	0.0013889379723147743	0.05069623598948926	0.03541791829402674	0.0868086232696734	0.14792189405152345	0.03611238728018413	0.03402898032171197
9	0.07430818151884043	0.02013960059856423	0.045140484100230166	0.08750309225583078	0.05625198787874836	0.03541791829402674	0.06319667774032223	0.0006944689861573871	0.09097543718661773	0.0	0.05625198787874836	0.03611238728018413	0.06250220875416485	0.13958826621763484	0.03125110437708242	0.028473228432452875
10	0.07708605746346997	0.018056193640092064	0.029862166404767646	0.09514225110356204	0.04097367018328584	0.03958473221097107	0.06111327078185007	0.0	0.07847499543578475	0.0006944689861573871	0.06111327078185007	0.045140484100230166	0.04236260815560062	0.13611592128684788	0.04097367018328584	0.025000883501665936
11	0.064585615712637	0.021528538570879004	0.011805972764675583	0.09375331313124727	0.0326400423493972	0.04791836004485972	0.06875242962958134	0.0	0.05972433280953529	0.0020834069584721618	0.05764092585106314	0.03402898032171197	0.045834953086387555	0.11528185170212628	0.054168580920276196	0.029862166404767646
12	0.016667255667777294	0.0020834069584721618	0.0006944689861573871	0.04097367018328584	0.006250220875416484	0.03680685626634152	0.021528538570879004	0.0	0.027084290460138098	0.009028096820046032	0.0013889379723147743	0.00972256580620342	0.09722565806203422	0.018056193640092064	0.003472344930786936	0.005555751889259097
13	0.05764092585106314	0.00486128290310171	0.03472344930786936	0.006944689861573872	0.0	0.0	0.0	0.0	0.023611945529351166	0.0013889379723147743	0.013889379723147743	0.09305884414508989	0.059029863823377916	0.00972256580620342	0.00972256580620342	0.013194910736990357
14	0.06875242962958134	0.0027778759446295486	0.04027920119712846	0.011111503778518194	0.0	0.0	0.0027778759446295486	0.0013889379723147743	0.055557518892590974	0.02013960059856423	0.03194557336323981	0.12292101054985752	0.011805972764675583	0.05000176700333187	0.027778759446295487	0.029862166404767646
15	0.07361371253268303	0.0041668139169443235	0.03402898032171197	0.01736172465393468	0.0	0.0	0.00486128290310171	0.0041668139169443235	0.055557518892590974	0.025695352487823325	0.025000883501665936	0.11180950677133934	0.0006944689861573871	0.07569711949115521	0.04027920119712846	0.04444601511407278
16	0.07569711949115521	0.011111503778518194	0.04027920119712846	0.014583848709305132	0.0	0.0	0.0027778759446295486	0.00486128290310171	0.054168580920276196	0.027084290460138098	0.006944689861573872	0.10069800299282113	0.0	0.08472521631120124	0.05694645686490575	0.04652942207254494
17	0.07222477456036826	0.025000883501665936	0.05833539483722053	0.0076391588477312585	0.0	0.0	0.0006944689861573871	0.003472344930786936	0.045834953086387555	0.029167697418610264	0.0013889379723147743	0.09444778211740466	0.0	0.07847499543578475	0.06666902267110918	0.04305707714175801
18	0.06597455368495178	0.037501325252498906	0.07778052644962737	0.005555751889259097	0.0	0.0	0.0	0.0020834069584721618	0.038195794238656294	0.024306414515508554	0.0	0.09305884414508989	0.0006944689861573871	0.059029863823377916	0.07153030557421088	0.037501325252498906
19	0.04444601511407278	0.04722389105870233	0.07639158847731259	0.0027778759446295486	0.0	0.0	0.0	0.0013889379723147743	0.029167697418610264	0.01944513161240684	0.0	0.08403074732504384	0.0013889379723147743	0.027084290460138098	0.04861282903101711	0.028473228432452875
20	0.022917476543193777	0.054863049906433585	0.054863049906433585	0.0013889379723147743	0.0	0.0	0.0	0.0006944689861573871	0.02222300755703639	0.013889379723147743	0.0006944689861573871	0.07083583658805348	0.0013889379723147743	0.006944689861573872	0.021528538570879004	0.015972786681619906
21	0.0076391588477312585	0.064585615712637	0.04444601511407278	0.0006944689861573871	0.0	0.0	0.0	0.0	0.02013960059856423	0.011805972764675583	0.0013889379723147743	0.06736349165726656	0.0027778759446295486	0.0013889379723147743	0.010417034792360808	0.003472344930786936
22	0.003472344930786936	0.06319667774032223	0.03611238728018413	0.0	0.0	0.0	0.0006944689861573871	0.0006944689861573871	0.013889379723147743	0.008333627833888647	0.0027778759446295486	0.07014136760189611	0.009028096820046032	0.0013889379723147743	0.006944689861573872	0.0
23	0.006250220875416484	0.07291924354652565	0.05069623598948926	0.0006944689861573871	0.0	0.0	0.0027778759446295486	0.018750662626249453	0.038195794238656294	0.018056193640092064	0.015972786681619906	0.08055840239425692	0.01944513161240684	0.029862166404767646	0.024306414515508554	0.0006944689861573871
24	0.05000176700333187	0.15139423898231041	0.1305601693975888	0.008333627833888647	0.011805972764675583	0.0041668139169443235	0.006250220875416484	0.08264180935272906	0.08333627833888646	0.05625198787874836	0.03889026322481368	0.18056193640092066	0.03194557336323981	0.08889203022814555	0.07430818151884043	0.0027778759446295486
["WIND_ONSHORE","C5",*,*] :	1	2	3	4	5	6	7	8	9	10	11	12	13	14	15	16 := 
1	0.20215265783808894	0.00245033524652229	0.0869869012515413	0.04655636968392351	0.03920536394435664	0.00245033524652229	0.001225167623261145	0.03920536394435664	0.12986776806568137	0.060033213539796106	0.16784796438677688	0.18622547873569403	0.001225167623261145	0.0980134098608916	0.21930500456374497	0.10413924797719734
2	0.14824528241459856	0.01470201147913374	0.11394058896328649	0.1090399184702419	0.10413924797719734	0.0245033524652229	0.00735100573956687	0.0245033524652229	0.25238453039179587	0.11884125945633107	0.11516575658654764	0.2340070160428787	0.08943723649806358	0.08576173362828016	0.14456977954481512	0.14456977954481512
3	0.09556307461436932	0.020827849595439468	0.16049695864721	0.12864260044242024	0.11761609183306992	0.051457040176968095	0.008576173362828015	0.00735100573956687	0.3001660676989805	0.15927179102394887	0.10536441560045846	0.18622547873569403	0.12496709757263678	0.0379801963210955	0.12741743281915907	0.12374192994937566
4	0.0735100573956687	0.00980134098608916	0.16417246151699344	0.11026508609350305	0.10046374510741389	0.05635771067001267	0.00245033524652229	0.001225167623261145	0.20460299308461125	0.16417246151699344	0.09311273936784702	0.08821206887480243	0.05758287829327382	0.022053017218700607	0.11761609183306992	0.10413924797719734
5	0.06738421927936297	0.001225167623261145	0.15559628815416543	0.08576173362828016	0.08576173362828016	0.04288086681414008	0.0	0.0	0.1580466234006877	0.11271542134002534	0.08331139838175787	0.050231872553706945	0.018377514348917174	0.04778153730718466	0.09433790699110817	0.08453656600501902
6	0.060033213539796106	0.001225167623261145	0.13844394142850938	0.07105972214914641	0.07841072788871328	0.025728520088484048	0.0	0.0	0.12374192994937566	0.06615905165610184	0.09311273936784702	0.0379801963210955	0.011026508609350304	0.08821206887480243	0.06983455452588527	0.07963589551197443
7	0.03307952582805092	0.006125838116305725	0.09066240412132473	0.07473522501892985	0.08331139838175787	0.01960268197217832	0.0	0.0	0.10413924797719734	0.04655636968392351	0.12619226519589793	0.022053017218700607	0.04288086681414008	0.07473522501892985	0.050231872553706945	0.08576173362828016
8	0.0245033524652229	0.018377514348917174	0.055132543046751525	0.08331139838175787	0.0980134098608916	0.023278184841961754	0.0	0.0	0.09433790699110817	0.041655699190878935	0.16172212627047114	0.013476843855872594	0.1470201147913374	0.06860938690262412	0.040430531567617785	0.10291408035393619
9	0.020827849595439468	0.025728520088484048	0.051457040176968095	0.08576173362828016	0.10413924797719734	0.030629190581528628	0.00245033524652229	0.0	0.08208623075849672	0.03920536394435664	0.15437112053090427	0.008576173362828015	0.20460299308461125	0.0869869012515413	0.03920536394435664	0.1359936061819871
10	0.02940402295826748	0.0245033524652229	0.0735100573956687	0.0735100573956687	0.07841072788871328	0.0245033524652229	0.03675502869783435	0.0	0.05635771067001267	0.0379801963210955	0.16784796438677688	0.001225167623261145	0.21440433407070036	0.08331139838175787	0.041655699190878935	0.14456977954481512
11	0.03675502869783435	0.018377514348917174	0.08943723649806358	0.1310929356889425	0.07228488977240756	0.01225167623261145	0.09311273936784702	0.0	0.02940402295826748	0.06738421927936297	0.151920785284382	0.0	0.21930500456374497	0.08086106313523557	0.03920536394435664	0.1335432709354648
12	0.00245033524652229	0.0	0.01225167623261145	0.09188757174458588	0.026953687711745188	0.00980134098608916	0.07105972214914641	0.0	0.020827849595439468	0.03185435820478977	0.008576173362828015	0.00735100573956687	0.1359936061819871	0.030629190581528628	0.04288086681414008	0.013476843855872594
13	0.04288086681414008	0.0	0.022053017218700607	0.00735100573956687	0.006125838116305725	0.0	0.003675502869783435	0.0	0.0	0.00245033524652229	0.01225167623261145	0.08208623075849672	0.10046374510741389	0.11639092420980877	0.1494704500378597	0.01960268197217832
14	0.17887447299612716	0.0	0.09923857748415275	0.011026508609350304	0.001225167623261145	0.0	0.013476843855872594	0.001225167623261145	0.00490067049304458	0.045331202060662365	0.028178855335006334	0.07963589551197443	0.05635771067001267	0.16417246151699344	0.23890768653592329	0.01225167623261145
15	0.20337782546135008	0.0	0.1310929356889425	0.025728520088484048	0.0	0.0	0.00735100573956687	0.0	0.01715234672565603	0.05880804591653496	0.013476843855872594	0.08086106313523557	0.023278184841961754	0.19480165209852207	0.31976874967115887	0.003675502869783435
16	0.15069561766112083	0.0	0.11271542134002534	0.041655699190878935	0.0	0.0	0.00490067049304458	0.0	0.018377514348917174	0.044106034437401215	0.006125838116305725	0.08943723649806358	0.003675502869783435	0.2229805074335284	0.4092059861692225	0.001225167623261145
17	0.11271542134002534	0.0	0.0869869012515413	0.03920536394435664	0.001225167623261145	0.0	0.003675502869783435	0.0	0.01470201147913374	0.02940402295826748	0.006125838116305725	0.09311273936784702	0.001225167623261145	0.23523218366613985	0.47659020544858544	0.001225167623261145
18	0.09188757174458588	0.001225167623261145	0.06738421927936297	0.026953687711745188	0.001225167623261145	0.0	0.00245033524652229	0.0	0.013476843855872594	0.015927179102394884	0.00735100573956687	0.08821206887480243	0.00245033524652229	0.17642413774960486	0.5084445636533752	0.001225167623261145
19	0.06983455452588527	0.003675502869783435	0.045331202060662365	0.01715234672565603	0.00245033524652229	0.0	0.001225167623261145	0.0	0.01225167623261145	0.008576173362828015	0.01225167623261145	0.08453656600501902	0.00245033524652229	0.08576173362828016	0.5010935579138083	0.001225167623261145
20	0.044106034437401215	0.006125838116305725	0.026953687711745188	0.00245033524652229	0.001225167623261145	0.0	0.0	0.0	0.01225167623261145	0.00490067049304458	0.020827849595439468	0.075960392642191	0.003675502869783435	0.030629190581528628	0.43370933863444533	0.001225167623261145
21	0.03185435820478977	0.011026508609350304	0.022053017218700607	0.0	0.0	0.0	0.0	0.001225167623261145	0.01470201147913374	0.00490067049304458	0.026953687711745188	0.075960392642191	0.003675502869783435	0.008576173362828015	0.3626496164852989	0.0
22	0.02940402295826748	0.011026508609350304	0.03185435820478977	0.0	0.0	0.0	0.0	0.00490067049304458	0.008576173362828015	0.00980134098608916	0.023278184841961754	0.075960392642191	0.001225167623261145	0.013476843855872594	0.23890768653592329	0.0
23	0.023278184841961754	0.008576173362828015	0.01960268197217832	0.0	0.0	0.00245033524652229	0.0	0.03430469345131206	0.00735100573956687	0.00980134098608916	0.01470201147913374	0.06370871640957954	0.008576173362828015	0.04288086681414008	0.22175533981026724	0.0
24	0.10291408035393619	0.00980134098608916	0.05635771067001267	0.0	0.0	0.0245033524652229	0.0	0.053907375423490375	0.00980134098608916	0.053907375423490375	0.044106034437401215	0.1715234672565603	0.050231872553706945	0.12251676232611451	0.2756627152337576	0.011026508609350304
["HYDRO_DAM","C1",*,*] :	1	2	3	4	5	6	7	8	9	10	11	12	13	14	15	16 := 
1	0.00010000000000000003	0.00010000000000000003	0.00010000000000000003	0.00010000000000000003	0.00010000000000000003	0.00010000000000000003	0.00010000000000000003	0.00010000000000000003	0.00010000000000000003	0.00010000000000000003	0.00010000000000000003	0.00010000000000000003	0.00010000000000000003	0.00010000000000000003	0.00010000000000000003	0.00010000000000000003
2	0.00010000000000000003	0.00010000000000000003	0.00010000000000000003	0.00010000000000000003	0.00010000000000000003	0.00010000000000000003	0.00010000000000000003	0.00010000000000000003	0.00010000000000000003	0.00010000000000000003	0.00010000000000000003	0.00010000000000000003	0.00010000000000000003	0.00010000000000000003	0.00010000000000000003	0.00010000000000000003
3	0.00010000000000000003	0.00010000000000000003	0.00010000000000000003	0.00010000000000000003	0.00010000000000000003	0.00010000000000000003	0.00010000000000000003	0.00010000000000000003	0.00010000000000000003	0.00010000000000000003	0.00010000000000000003	0.00010000000000000003	0.00010000000000000003	0.00010000000000000003	0.00010000000000000003	0.00010000000000000003
4	0.00010000000000000003	0.00010000000000000003	0.00010000000000000003	0.00010000000000000003	0.00010000000000000003	0.00010000000000000003	0.00010000000000000003	0.00010000000000000003	0.00010000000000000003	0.00010000000000000003	0.00010000000000000003	0.00010000000000000003	0.00010000000000000003	0.00010000000000000003	0.00010000000000000003	0.00010000000000000003
5	0.00010000000000000003	0.00010000000000000003	0.00010000000000000003	0.00010000000000000003	0.00010000000000000003	0.00010000000000000003	0.00010000000000000003	0.00010000000000000003	0.00010000000000000003	0.00010000000000000003	0.00010000000000000003	0.00010000000000000003	0.00010000000000000003	0.00010000000000000003	0.00010000000000000003	0.00010000000000000003
6	0.00010000000000000003	0.00010000000000000003	0.00010000000000000003	0.00010000000000000003	0.00010000000000000003	0.00010000000000000003	0.00010000000000000003	0.00010000000000000003	0.00010000000000000003	0.00010000000000000003	0.00010000000000000003	0.00010000000000000003	0.00010000000000000003	0.00010000000000000003	0.00010000000000000003	0.00010000000000000003
7	0.00010000000000000003	0.00010000000000000003	0.00010000000000000003	0.00010000000000000003	0.00010000000000000003	0.00010000000000000003	0.00010000000000000003	0.00010000000000000003	0.00010000000000000003	0.00010000000000000003	0.00010000000000000003	0.00010000000000000003	0.00010000000000000003	0.00010000000000000003	0.00010000000000000003	0.00010000000000000003
8	0.00010000000000000003	0.00010000000000000003	0.00010000000000000003	0.00010000000000000003	0.00010000000000000003	0.00010000000000000003	0.00010000000000000003	0.00010000000000000003	0.00010000000000000003	0.00010000000000000003	0.00010000000000000003	0.00010000000000000003	0.00010000000000000003	0.00010000000000000003	0.00010000000000000003	0.00010000000000000003
9	0.00010000000000000003	0.00010000000000000003	0.00010000000000000003	0.00010000000000000003	0.00010000000000000003	0.00010000000000000003	0.00010000000000000003	0.00010000000000000003	0.00010000000000000003	0.00010000000000000003	0.00010000000000000003	0.00010000000000000003	0.00010000000000000003	0.00010000000000000003	0.00010000000000000003	0.00010000000000000003
10	0.00010000000000000003	0.00010000000000000003	0.00010000000000000003	0.00010000000000000003	0.00010000000000000003	0.00010000000000000003	0.00010000000000000003	0.00010000000000000003	0.00010000000000000003	0.00010000000000000003	0.00010000000000000003	0.00010000000000000003	0.00010000000000000003	0.00010000000000000003	0.00010000000000000003	0.00010000000000000003
11	0.00010000000000000003	0.00010000000000000003	0.00010000000000000003	0.00010000000000000003	0.00010000000000000003	0.00010000000000000003	0.00010000000000000003	0.00010000000000000003	0.00010000000000000003	0.00010000000000000003	0.00010000000000000003	0.00010000000000000003	0.00010000000000000003	0.00010000000000000003	0.00010000000000000003	0.00010000000000000003
12	0.00010000000000000003	0.00010000000000000003	0.00010000000000000003	0.00010000000000000003	0.00010000000000000003	0.00010000000000000003	0.00010000000000000003	0.00010000000000000003	0.00010000000000000003	0.00010000000000000003	0.00010000000000000003	0.00010000000000000003	0.00010000000000000003	0.00010000000000000003	0.00010000000000000003	0.00010000000000000003
13	0.00010000000000000003	0.00010000000000000003	0.00010000000000000003	0.00010000000000000003	0.00010000000000000003	0.00010000000000000003	0.00010000000000000003	0.00010000000000000003	0.00010000000000000003	0.00010000000000000003	0.00010000000000000003	0.00010000000000000003	0.00010000000000000003	0.00010000000000000003	0.00010000000000000003	0.00010000000000000003
14	0.00010000000000000003	0.00010000000000000003	0.00010000000000000003	0.00010000000000000003	0.00010000000000000003	0.00010000000000000003	0.00010000000000000003	0.00010000000000000003	0.00010000000000000003	0.00010000000000000003	0.00010000000000000003	0.00010000000000000003	0.00010000000000000003	0.00010000000000000003	0.00010000000000000003	0.00010000000000000003
15	0.00010000000000000003	0.00010000000000000003	0.00010000000000000003	0.00010000000000000003	0.00010000000000000003	0.00010000000000000003	0.00010000000000000003	0.00010000000000000003	0.00010000000000000003	0.00010000000000000003	0.00010000000000000003	0.00010000000000000003	0.00010000000000000003	0.00010000000000000003	0.00010000000000000003	0.00010000000000000003
16	0.00010000000000000003	0.00010000000000000003	0.00010000000000000003	0.00010000000000000003	0.00010000000000000003	0.00010000000000000003	0.00010000000000000003	0.00010000000000000003	0.00010000000000000003	0.00010000000000000003	0.00010000000000000003	0.00010000000000000003	0.00010000000000000003	0.00010000000000000003	0.00010000000000000003	0.00010000000000000003
17	0.00010000000000000003	0.00010000000000000003	0.00010000000000000003	0.00010000000000000003	0.00010000000000000003	0.00010000000000000003	0.00010000000000000003	0.00010000000000000003	0.00010000000000000003	0.00010000000000000003	0.00010000000000000003	0.00010000000000000003	0.00010000000000000003	0.00010000000000000003	0.00010000000000000003	0.00010000000000000003
18	0.00010000000000000003	0.00010000000000000003	0.00010000000000000003	0.00010000000000000003	0.00010000000000000003	0.00010000000000000003	0.00010000000000000003	0.00010000000000000003	0.00010000000000000003	0.00010000000000000003	0.00010000000000000003	0.00010000000000000003	0.00010000000000000003	0.00010000000000000003	0.00010000000000000003	0.00010000000000000003
19	0.00010000000000000003	0.00010000000000000003	0.00010000000000000003	0.00010000000000000003	0.00010000000000000003	0.00010000000000000003	0.00010000000000000003	0.00010000000000000003	0.00010000000000000003	0.00010000000000000003	0.00010000000000000003	0.00010000000000000003	0.00010000000000000003	0.00010000000000000003	0.00010000000000000003	0.00010000000000000003
20	0.00010000000000000003	0.00010000000000000003	0.00010000000000000003	0.00010000000000000003	0.00010000000000000003	0.00010000000000000003	0.00010000000000000003	0.00010000000000000003	0.00010000000000000003	0.00010000000000000003	0.00010000000000000003	0.00010000000000000003	0.00010000000000000003	0.00010000000000000003	0.00010000000000000003	0.00010000000000000003
21	0.00010000000000000003	0.00010000000000000003	0.00010000000000000003	0.00010000000000000003	0.00010000000000000003	0.00010000000000000003	0.00010000000000000003	0.00010000000000000003	0.00010000000000000003	0.00010000000000000003	0.00010000000000000003	0.00010000000000000003	0.00010000000000000003	0.00010000000000000003	0.00010000000000000003	0.00010000000000000003
22	0.00010000000000000003	0.00010000000000000003	0.00010000000000000003	0.00010000000000000003	0.00010000000000000003	0.00010000000000000003	0.00010000000000000003	0.00010000000000000003	0.00010000000000000003	0.00010000000000000003	0.00010000000000000003	0.00010000000000000003	0.00010000000000000003	0.00010000000000000003	0.00010000000000000003	0.00010000000000000003
23	0.00010000000000000003	0.00010000000000000003	0.00010000000000000003	0.00010000000000000003	0.00010000000000000003	0.00010000000000000003	0.00010000000000000003	0.00010000000000000003	0.00010000000000000003	0.00010000000000000003	0.00010000000000000003	0.00010000000000000003	0.00010000000000000003	0.00010000000000000003	0.00010000000000000003	0.00010000000000000003
24	0.00010000000000000003	0.00010000000000000003	0.00010000000000000003	0.00010000000000000003	0.00010000000000000003	0.00010000000000000003	0.00010000000000000003	0.00010000000000000003	0.00010000000000000003	0.00010000000000000003	0.00010000000000000003	0.00010000000000000003	0.00010000000000000003	0.00010000000000000003	0.00010000000000000003	0.00010000000000000003
["HYDRO_DAM","C2",*,*] :	1	2	3	4	5	6	7	8	9	10	11	12	13	14	15	16 := 
1	0.00010000000000000003	0.00010000000000000003	0.00010000000000000003	0.00010000000000000003	0.00010000000000000003	0.00010000000000000003	0.00010000000000000003	0.00010000000000000003	0.00010000000000000003	0.00010000000000000003	0.00010000000000000003	0.00010000000000000003	0.00010000000000000003	0.00010000000000000003	0.00010000000000000003	0.00010000000000000003
2	0.00010000000000000003	0.00010000000000000003	0.00010000000000000003	0.00010000000000000003	0.00010000000000000003	0.00010000000000000003	0.00010000000000000003	0.00010000000000000003	0.00010000000000000003	0.00010000000000000003	0.00010000000000000003	0.00010000000000000003	0.00010000000000000003	0.00010000000000000003	0.00010000000000000003	0.00010000000000000003
3	0.00010000000000000003	0.00010000000000000003	0.00010000000000000003	0.00010000000000000003	0.00010000000000000003	0.00010000000000000003	0.00010000000000000003	0.00010000000000000003	0.00010000000000000003	0.00010000000000000003	0.00010000000000000003	0.00010000000000000003	0.00010000000000000003	0.00010000000000000003	0.00010000000000000003	0.00010000000000000003
4	0.00010000000000000003	0.00010000000000000003	0.00010000000000000003	0.00010000000000000003	0.00010000000000000003	0.00010000000000000003	0.00010000000000000003	0.00010000000000000003	0.00010000000000000003	0.00010000000000000003	0.00010000000000000003	0.00010000000000000003	0.00010000000000000003	0.00010000000000000003	0.00010000000000000003	0.00010000000000000003
5	0.00010000000000000003	0.00010000000000000003	0.00010000000000000003	0.00010000000000000003	0.00010000000000000003	0.00010000000000000003	0.00010000000000000003	0.00010000000000000003	0.00010000000000000003	0.00010000000000000003	0.00010000000000000003	0.00010000000000000003	0.00010000000000000003	0.00010000000000000003	0.00010000000000000003	0.00010000000000000003
6	0.00010000000000000003	0.00010000000000000003	0.00010000000000000003	0.00010000000000000003	0.00010000000000000003	0.00010000000000000003	0.00010000000000000003	0.00010000000000000003	0.00010000000000000003	0.00010000000000000003	0.00010000000000000003	0.00010000000000000003	0.00010000000000000003	0.00010000000000000003	0.00010000000000000003	0.00010000000000000003
7	0.00010000000000000003	0.00010000000000000003	0.00010000000000000003	0.00010000000000000003	0.00010000000000000003	0.00010000000000000003	0.00010000000000000003	0.00010000000000000003	0.00010000000000000003	0.00010000000000000003	0.00010000000000000003	0.00010000000000000003	0.00010000000000000003	0.00010000000000000003	0.00010000000000000003	0.00010000000000000003
8	0.00010000000000000003	0.00010000000000000003	0.00010000000000000003	0.00010000000000000003	0.00010000000000000003	0.00010000000000000003	0.00010000000000000003	0.00010000000000000003	0.00010000000000000003	0.00010000000000000003	0.00010000000000000003	0.00010000000000000003	0.00010000000000000003	0.00010000000000000003	0.00010000000000000003	0.00010000000000000003
9	0.00010000000000000003	0.00010000000000000003	0.00010000000000000003	0.00010000000000000003	0.00010000000000000003	0.00010000000000000003	0.00010000000000000003	0.00010000000000000003	0.00010000000000000003	0.00010000000000000003	0.00010000000000000003	0.00010000000000000003	0.00010000000000000003	0.00010000000000000003	0.00010000000000000003	0.00010000000000000003
10	0.00010000000000000003	0.00010000000000000003	0.00010000000000000003	0.00010000000000000003	0.00010000000000000003	0.00010000000000000003	0.00010000000000000003	0.00010000000000000003	0.00010000000000000003	0.00010000000000000003	0.00010000000000000003	0.00010000000000000003	0.00010000000000000003	0.00010000000000000003	0.00010000000000000003	0.00010000000000000003
11	0.00010000000000000003	0.00010000000000000003	0.00010000000000000003	0.00010000000000000003	0.00010000000000000003	0.00010000000000000003	0.00010000000000000003	0.00010000000000000003	0.00010000000000000003	0.00010000000000000003	0.00010000000000000003	0.00010000000000000003	0.00010000000000000003	0.00010000000000000003	0.00010000000000000003	0.00010000000000000003
12	0.00010000000000000003	0.00010000000000000003	0.00010000000000000003	0.00010000000000000003	0.00010000000000000003	0.00010000000000000003	0.00010000000000000003	0.00010000000000000003	0.00010000000000000003	0.00010000000000000003	0.00010000000000000003	0.00010000000000000003	0.00010000000000000003	0.00010000000000000003	0.00010000000000000003	0.00010000000000000003
13	0.00010000000000000003	0.00010000000000000003	0.00010000000000000003	0.00010000000000000003	0.00010000000000000003	0.00010000000000000003	0.00010000000000000003	0.00010000000000000003	0.00010000000000000003	0.00010000000000000003	0.00010000000000000003	0.00010000000000000003	0.00010000000000000003	0.00010000000000000003	0.00010000000000000003	0.00010000000000000003
14	0.00010000000000000003	0.00010000000000000003	0.00010000000000000003	0.00010000000000000003	0.00010000000000000003	0.00010000000000000003	0.00010000000000000003	0.00010000000000000003	0.00010000000000000003	0.00010000000000000003	0.00010000000000000003	0.00010000000000000003	0.00010000000000000003	0.00010000000000000003	0.00010000000000000003	0.00010000000000000003
15	0.00010000000000000003	0.00010000000000000003	0.00010000000000000003	0.00010000000000000003	0.00010000000000000003	0.00010000000000000003	0.00010000000000000003	0.00010000000000000003	0.00010000000000000003	0.00010000000000000003	0.00010000000000000003	0.00010000000000000003	0.00010000000000000003	0.00010000000000000003	0.00010000000000000003	0.00010000000000000003
16	0.00010000000000000003	0.00010000000000000003	0.00010000000000000003	0.00010000000000000003	0.00010000000000000003	0.00010000000000000003	0.00010000000000000003	0.00010000000000000003	0.00010000000000000003	0.00010000000000000003	0.00010000000000000003	0.00010000000000000003	0.00010000000000000003	0.00010000000000000003	0.00010000000000000003	0.00010000000000000003
17	0.00010000000000000003	0.00010000000000000003	0.00010000000000000003	0.00010000000000000003	0.00010000000000000003	0.00010000000000000003	0.00010000000000000003	0.00010000000000000003	0.00010000000000000003	0.00010000000000000003	0.00010000000000000003	0.00010000000000000003	0.00010000000000000003	0.00010000000000000003	0.00010000000000000003	0.00010000000000000003
18	0.00010000000000000003	0.00010000000000000003	0.00010000000000000003	0.00010000000000000003	0.00010000000000000003	0.00010000000000000003	0.00010000000000000003	0.00010000000000000003	0.00010000000000000003	0.00010000000000000003	0.00010000000000000003	0.00010000000000000003	0.00010000000000000003	0.00010000000000000003	0.00010000000000000003	0.00010000000000000003
19	0.00010000000000000003	0.00010000000000000003	0.00010000000000000003	0.00010000000000000003	0.00010000000000000003	0.00010000000000000003	0.00010000000000000003	0.00010000000000000003	0.00010000000000000003	0.00010000000000000003	0.00010000000000000003	0.00010000000000000003	0.00010000000000000003	0.00010000000000000003	0.00010000000000000003	0.00010000000000000003
20	0.00010000000000000003	0.00010000000000000003	0.00010000000000000003	0.00010000000000000003	0.00010000000000000003	0.00010000000000000003	0.00010000000000000003	0.00010000000000000003	0.00010000000000000003	0.00010000000000000003	0.00010000000000000003	0.00010000000000000003	0.00010000000000000003	0.00010000000000000003	0.00010000000000000003	0.00010000000000000003
21	0.00010000000000000003	0.00010000000000000003	0.00010000000000000003	0.00010000000000000003	0.00010000000000000003	0.00010000000000000003	0.00010000000000000003	0.00010000000000000003	0.00010000000000000003	0.00010000000000000003	0.00010000000000000003	0.00010000000000000003	0.00010000000000000003	0.00010000000000000003	0.00010000000000000003	0.00010000000000000003
22	0.00010000000000000003	0.00010000000000000003	0.00010000000000000003	0.00010000000000000003	0.00010000000000000003	0.00010000000000000003	0.00010000000000000003	0.00010000000000000003	0.00010000000000000003	0.00010000000000000003	0.00010000000000000003	0.00010000000000000003	0.00010000000000000003	0.00010000000000000003	0.00010000000000000003	0.00010000000000000003
23	0.00010000000000000003	0.00010000000000000003	0.00010000000000000003	0.00010000000000000003	0.00010000000000000003	0.00010000000000000003	0.00010000000000000003	0.00010000000000000003	0.00010000000000000003	0.00010000000000000003	0.00010000000000000003	0.00010000000000000003	0.00010000000000000003	0.00010000000000000003	0.00010000000000000003	0.00010000000000000003
24	0.00010000000000000003	0.00010000000000000003	0.00010000000000000003	0.00010000000000000003	0.00010000000000000003	0.00010000000000000003	0.00010000000000000003	0.00010000000000000003	0.00010000000000000003	0.00010000000000000003	0.00010000000000000003	0.00010000000000000003	0.00010000000000000003	0.00010000000000000003	0.00010000000000000003	0.00010000000000000003
["HYDRO_DAM","C3",*,*] :	1	2	3	4	5	6	7	8	9	10	11	12	13	14	15	16 := 
1	0.00010000000000000003	0.00010000000000000003	0.00010000000000000003	0.00010000000000000003	0.00010000000000000003	0.00010000000000000003	0.00010000000000000003	0.00010000000000000003	0.00010000000000000003	0.00010000000000000003	0.00010000000000000003	0.00010000000000000003	0.00010000000000000003	0.00010000000000000003	0.00010000000000000003	0.00010000000000000003
2	0.00010000000000000003	0.00010000000000000003	0.00010000000000000003	0.00010000000000000003	0.00010000000000000003	0.00010000000000000003	0.00010000000000000003	0.00010000000000000003	0.00010000000000000003	0.00010000000000000003	0.00010000000000000003	0.00010000000000000003	0.00010000000000000003	0.00010000000000000003	0.00010000000000000003	0.00010000000000000003
3	0.00010000000000000003	0.00010000000000000003	0.00010000000000000003	0.00010000000000000003	0.00010000000000000003	0.00010000000000000003	0.00010000000000000003	0.00010000000000000003	0.00010000000000000003	0.00010000000000000003	0.00010000000000000003	0.00010000000000000003	0.00010000000000000003	0.00010000000000000003	0.00010000000000000003	0.00010000000000000003
4	0.00010000000000000003	0.00010000000000000003	0.00010000000000000003	0.00010000000000000003	0.00010000000000000003	0.00010000000000000003	0.00010000000000000003	0.00010000000000000003	0.00010000000000000003	0.00010000000000000003	0.00010000000000000003	0.00010000000000000003	0.00010000000000000003	0.00010000000000000003	0.00010000000000000003	0.00010000000000000003
5	0.00010000000000000003	0.00010000000000000003	0.00010000000000000003	0.00010000000000000003	0.00010000000000000003	0.00010000000000000003	0.00010000000000000003	0.00010000000000000003	0.00010000000000000003	0.00010000000000000003	0.00010000000000000003	0.00010000000000000003	0.00010000000000000003	0.00010000000000000003	0.00010000000000000003	0.00010000000000000003
6	0.00010000000000000003	0.00010000000000000003	0.00010000000000000003	0.00010000000000000003	0.00010000000000000003	0.00010000000000000003	0.00010000000000000003	0.00010000000000000003	0.00010000000000000003	0.00010000000000000003	0.00010000000000000003	0.00010000000000000003	0.00010000000000000003	0.00010000000000000003	0.00010000000000000003	0.00010000000000000003
7	0.00010000000000000003	0.00010000000000000003	0.00010000000000000003	0.00010000000000000003	0.00010000000000000003	0.00010000000000000003	0.00010000000000000003	0.00010000000000000003	0.00010000000000000003	0.00010000000000000003	0.00010000000000000003	0.00010000000000000003	0.00010000000000000003	0.00010000000000000003	0.00010000000000000003	0.00010000000000000003
8	0.00010000000000000003	0.00010000000000000003	0.00010000000000000003	0.00010000000000000003	0.00010000000000000003	0.00010000000000000003	0.00010000000000000003	0.00010000000000000003	0.00010000000000000003	0.00010000000000000003	0.00010000000000000003	0.00010000000000000003	0.00010000000000000003	0.00010000000000000003	0.00010000000000000003	0.00010000000000000003
9	0.00010000000000000003	0.00010000000000000003	0.00010000000000000003	0.00010000000000000003	0.00010000000000000003	0.00010000000000000003	0.00010000000000000003	0.00010000000000000003	0.00010000000000000003	0.00010000000000000003	0.00010000000000000003	0.00010000000000000003	0.00010000000000000003	0.00010000000000000003	0.00010000000000000003	0.00010000000000000003
10	0.00010000000000000003	0.00010000000000000003	0.00010000000000000003	0.00010000000000000003	0.00010000000000000003	0.00010000000000000003	0.00010000000000000003	0.00010000000000000003	0.00010000000000000003	0.00010000000000000003	0.00010000000000000003	0.00010000000000000003	0.00010000000000000003	0.00010000000000000003	0.00010000000000000003	0.00010000000000000003
11	0.00010000000000000003	0.00010000000000000003	0.00010000000000000003	0.00010000000000000003	0.00010000000000000003	0.00010000000000000003	0.00010000000000000003	0.00010000000000000003	0.00010000000000000003	0.00010000000000000003	0.00010000000000000003	0.00010000000000000003	0.00010000000000000003	0.00010000000000000003	0.00010000000000000003	0.00010000000000000003
12	0.00010000000000000003	0.00010000000000000003	0.00010000000000000003	0.00010000000000000003	0.00010000000000000003	0.00010000000000000003	0.00010000000000000003	0.00010000000000000003	0.00010000000000000003	0.00010000000000000003	0.00010000000000000003	0.00010000000000000003	0.00010000000000000003	0.00010000000000000003	0.00010000000000000003	0.00010000000000000003
13	0.00010000000000000003	0.00010000000000000003	0.00010000000000000003	0.00010000000000000003	0.00010000000000000003	0.00010000000000000003	0.00010000000000000003	0.00010000000000000003	0.00010000000000000003	0.00010000000000000003	0.00010000000000000003	0.00010000000000000003	0.00010000000000000003	0.00010000000000000003	0.00010000000000000003	0.00010000000000000003
14	0.00010000000000000003	0.00010000000000000003	0.00010000000000000003	0.00010000000000000003	0.00010000000000000003	0.00010000000000000003	0.00010000000000000003	0.00010000000000000003	0.00010000000000000003	0.00010000000000000003	0.00010000000000000003	0.00010000000000000003	0.00010000000000000003	0.00010000000000000003	0.00010000000000000003	0.00010000000000000003
15	0.00010000000000000003	0.00010000000000000003	0.00010000000000000003	0.00010000000000000003	0.00010000000000000003	0.00010000000000000003	0.00010000000000000003	0.00010000000000000003	0.00010000000000000003	0.00010000000000000003	0.00010000000000000003	0.00010000000000000003	0.00010000000000000003	0.00010000000000000003	0.00010000000000000003	0.00010000000000000003
16	0.00010000000000000003	0.00010000000000000003	0.00010000000000000003	0.00010000000000000003	0.00010000000000000003	0.00010000000000000003	0.00010000000000000003	0.00010000000000000003	0.00010000000000000003	0.00010000000000000003	0.00010000000000000003	0.00010000000000000003	0.00010000000000000003	0.00010000000000000003	0.00010000000000000003	0.00010000000000000003
17	0.00010000000000000003	0.00010000000000000003	0.00010000000000000003	0.00010000000000000003	0.00010000000000000003	0.00010000000000000003	0.00010000000000000003	0.00010000000000000003	0.00010000000000000003	0.00010000000000000003	0.00010000000000000003	0.00010000000000000003	0.00010000000000000003	0.00010000000000000003	0.00010000000000000003	0.00010000000000000003
18	0.00010000000000000003	0.00010000000000000003	0.00010000000000000003	0.00010000000000000003	0.00010000000000000003	0.00010000000000000003	0.00010000000000000003	0.00010000000000000003	0.00010000000000000003	0.00010000000000000003	0.00010000000000000003	0.00010000000000000003	0.00010000000000000003	0.00010000000000000003	0.00010000000000000003	0.00010000000000000003
19	0.00010000000000000003	0.00010000000000000003	0.00010000000000000003	0.00010000000000000003	0.00010000000000000003	0.00010000000000000003	0.00010000000000000003	0.00010000000000000003	0.00010000000000000003	0.00010000000000000003	0.00010000000000000003	0.00010000000000000003	0.00010000000000000003	0.00010000000000000003	0.00010000000000000003	0.00010000000000000003
20	0.00010000000000000003	0.00010000000000000003	0.00010000000000000003	0.00010000000000000003	0.00010000000000000003	0.00010000000000000003	0.00010000000000000003	0.00010000000000000003	0.00010000000000000003	0.00010000000000000003	0.00010000000000000003	0.00010000000000000003	0.00010000000000000003	0.00010000000000000003	0.00010000000000000003	0.00010000000000000003
21	0.00010000000000000003	0.00010000000000000003	0.00010000000000000003	0.00010000000000000003	0.00010000000000000003	0.00010000000000000003	0.00010000000000000003	0.00010000000000000003	0.00010000000000000003	0.00010000000000000003	0.00010000000000000003	0.00010000000000000003	0.00010000000000000003	0.00010000000000000003	0.00010000000000000003	0.00010000000000000003
22	0.00010000000000000003	0.00010000000000000003	0.00010000000000000003	0.00010000000000000003	0.00010000000000000003	0.00010000000000000003	0.00010000000000000003	0.00010000000000000003	0.00010000000000000003	0.00010000000000000003	0.00010000000000000003	0.00010000000000000003	0.00010000000000000003	0.00010000000000000003	0.00010000000000000003	0.00010000000000000003
23	0.00010000000000000003	0.00010000000000000003	0.00010000000000000003	0.00010000000000000003	0.00010000000000000003	0.00010000000000000003	0.00010000000000000003	0.00010000000000000003	0.00010000000000000003	0.00010000000000000003	0.00010000000000000003	0.00010000000000000003	0.00010000000000000003	0.00010000000000000003	0.00010000000000000003	0.00010000000000000003
24	0.00010000000000000003	0.00010000000000000003	0.00010000000000000003	0.00010000000000000003	0.00010000000000000003	0.00010000000000000003	0.00010000000000000003	0.00010000000000000003	0.00010000000000000003	0.00010000000000000003	0.00010000000000000003	0.00010000000000000003	0.00010000000000000003	0.00010000000000000003	0.00010000000000000003	0.00010000000000000003
["HYDRO_DAM","C4",*,*] :	1	2	3	4	5	6	7	8	9	10	11	12	13	14	15	16 := 
1	0.00010000000000000003	0.00010000000000000003	0.00010000000000000003	0.00010000000000000003	0.00010000000000000003	0.00010000000000000003	0.00010000000000000003	0.00010000000000000003	0.00010000000000000003	0.00010000000000000003	0.00010000000000000003	0.00010000000000000003	0.00010000000000000003	0.00010000000000000003	0.00010000000000000003	0.00010000000000000003
2	0.00010000000000000003	0.00010000000000000003	0.00010000000000000003	0.00010000000000000003	0.00010000000000000003	0.00010000000000000003	0.00010000000000000003	0.00010000000000000003	0.00010000000000000003	0.00010000000000000003	0.00010000000000000003	0.00010000000000000003	0.00010000000000000003	0.00010000000000000003	0.00010000000000000003	0.00010000000000000003
3	0.00010000000000000003	0.00010000000000000003	0.00010000000000000003	0.00010000000000000003	0.00010000000000000003	0.00010000000000000003	0.00010000000000000003	0.00010000000000000003	0.00010000000000000003	0.00010000000000000003	0.00010000000000000003	0.00010000000000000003	0.00010000000000000003	0.00010000000000000003	0.00010000000000000003	0.00010000000000000003
4	0.00010000000000000003	0.00010000000000000003	0.00010000000000000003	0.00010000000000000003	0.00010000000000000003	0.00010000000000000003	0.00010000000000000003	0.00010000000000000003	0.00010000000000000003	0.00010000000000000003	0.00010000000000000003	0.00010000000000000003	0.00010000000000000003	0.00010000000000000003	0.00010000000000000003	0.00010000000000000003
5	0.00010000000000000003	0.00010000000000000003	0.00010000000000000003	0.00010000000000000003	0.00010000000000000003	0.00010000000000000003	0.00010000000000000003	0.00010000000000000003	0.00010000000000000003	0.00010000000000000003	0.00010000000000000003	0.00010000000000000003	0.00010000000000000003	0.00010000000000000003	0.00010000000000000003	0.00010000000000000003
6	0.00010000000000000003	0.00010000000000000003	0.00010000000000000003	0.00010000000000000003	0.00010000000000000003	0.00010000000000000003	0.00010000000000000003	0.00010000000000000003	0.00010000000000000003	0.00010000000000000003	0.00010000000000000003	0.00010000000000000003	0.00010000000000000003	0.00010000000000000003	0.00010000000000000003	0.00010000000000000003
7	0.00010000000000000003	0.00010000000000000003	0.00010000000000000003	0.00010000000000000003	0.00010000000000000003	0.00010000000000000003	0.00010000000000000003	0.00010000000000000003	0.00010000000000000003	0.00010000000000000003	0.00010000000000000003	0.00010000000000000003	0.00010000000000000003	0.00010000000000000003	0.00010000000000000003	0.00010000000000000003
8	0.00010000000000000003	0.00010000000000000003	0.00010000000000000003	0.00010000000000000003	0.00010000000000000003	0.00010000000000000003	0.00010000000000000003	0.00010000000000000003	0.00010000000000000003	0.00010000000000000003	0.00010000000000000003	0.00010000000000000003	0.00010000000000000003	0.00010000000000000003	0.00010000000000000003	0.00010000000000000003
9	0.00010000000000000003	0.00010000000000000003	0.00010000000000000003	0.00010000000000000003	0.00010000000000000003	0.00010000000000000003	0.00010000000000000003	0.00010000000000000003	0.00010000000000000003	0.00010000000000000003	0.00010000000000000003	0.00010000000000000003	0.00010000000000000003	0.00010000000000000003	0.00010000000000000003	0.00010000000000000003
10	0.00010000000000000003	0.00010000000000000003	0.00010000000000000003	0.00010000000000000003	0.00010000000000000003	0.00010000000000000003	0.00010000000000000003	0.00010000000000000003	0.00010000000000000003	0.00010000000000000003	0.00010000000000000003	0.00010000000000000003	0.00010000000000000003	0.00010000000000000003	0.00010000000000000003	0.00010000000000000003
11	0.00010000000000000003	0.00010000000000000003	0.00010000000000000003	0.00010000000000000003	0.00010000000000000003	0.00010000000000000003	0.00010000000000000003	0.00010000000000000003	0.00010000000000000003	0.00010000000000000003	0.00010000000000000003	0.00010000000000000003	0.00010000000000000003	0.00010000000000000003	0.00010000000000000003	0.00010000000000000003
12	0.00010000000000000003	0.00010000000000000003	0.00010000000000000003	0.00010000000000000003	0.00010000000000000003	0.00010000000000000003	0.00010000000000000003	0.00010000000000000003	0.00010000000000000003	0.00010000000000000003	0.00010000000000000003	0.00010000000000000003	0.00010000000000000003	0.00010000000000000003	0.00010000000000000003	0.00010000000000000003
13	0.00010000000000000003	0.00010000000000000003	0.00010000000000000003	0.00010000000000000003	0.00010000000000000003	0.00010000000000000003	0.00010000000000000003	0.00010000000000000003	0.00010000000000000003	0.00010000000000000003	0.00010000000000000003	0.00010000000000000003	0.00010000000000000003	0.00010000000000000003	0.00010000000000000003	0.00010000000000000003
14	0.00010000000000000003	0.00010000000000000003	0.00010000000000000003	0.00010000000000000003	0.00010000000000000003	0.00010000000000000003	0.00010000000000000003	0.00010000000000000003	0.00010000000000000003	0.00010000000000000003	0.00010000000000000003	0.00010000000000000003	0.00010000000000000003	0.00010000000000000003	0.00010000000000000003	0.00010000000000000003
15	0.00010000000000000003	0.00010000000000000003	0.00010000000000000003	0.00010000000000000003	0.00010000000000000003	0.00010000000000000003	0.00010000000000000003	0.00010000000000000003	0.00010000000000000003	0.00010000000000000003	0.00010000000000000003	0.00010000000000000003	0.00010000000000000003	0.00010000000000000003	0.00010000000000000003	0.00010000000000000003
16	0.00010000000000000003	0.00010000000000000003	0.00010000000000000003	0.00010000000000000003	0.00010000000000000003	0.00010000000000000003	0.00010000000000000003	0.00010000000000000003	0.00010000000000000003	0.00010000000000000003	0.00010000000000000003	0.00010000000000000003	0.00010000000000000003	0.00010000000000000003	0.00010000000000000003	0.00010000000000000003
17	0.00010000000000000003	0.00010000000000000003	0.00010000000000000003	0.00010000000000000003	0.00010000000000000003	0.00010000000000000003	0.00010000000000000003	0.00010000000000000003	0.00010000000000000003	0.00010000000000000003	0.00010000000000000003	0.00010000000000000003	0.00010000000000000003	0.00010000000000000003	0.00010000000000000003	0.00010000000000000003
18	0.00010000000000000003	0.00010000000000000003	0.00010000000000000003	0.00010000000000000003	0.00010000000000000003	0.00010000000000000003	0.00010000000000000003	0.00010000000000000003	0.00010000000000000003	0.00010000000000000003	0.00010000000000000003	0.00010000000000000003	0.00010000000000000003	0.00010000000000000003	0.00010000000000000003	0.00010000000000000003
19	0.00010000000000000003	0.00010000000000000003	0.00010000000000000003	0.00010000000000000003	0.00010000000000000003	0.00010000000000000003	0.00010000000000000003	0.00010000000000000003	0.00010000000000000003	0.00010000000000000003	0.00010000000000000003	0.00010000000000000003	0.00010000000000000003	0.00010000000000000003	0.00010000000000000003	0.00010000000000000003
20	0.00010000000000000003	0.00010000000000000003	0.00010000000000000003	0.00010000000000000003	0.00010000000000000003	0.00010000000000000003	0.00010000000000000003	0.00010000000000000003	0.00010000000000000003	0.00010000000000000003	0.00010000000000000003	0.00010000000000000003	0.00010000000000000003	0.00010000000000000003	0.00010000000000000003	0.00010000000000000003
21	0.00010000000000000003	0.00010000000000000003	0.00010000000000000003	0.00010000000000000003	0.00010000000000000003	0.00010000000000000003	0.00010000000000000003	0.00010000000000000003	0.00010000000000000003	0.00010000000000000003	0.00010000000000000003	0.00010000000000000003	0.00010000000000000003	0.00010000000000000003	0.00010000000000000003	0.00010000000000000003
22	0.00010000000000000003	0.00010000000000000003	0.00010000000000000003	0.00010000000000000003	0.00010000000000000003	0.00010000000000000003	0.00010000000000000003	0.00010000000000000003	0.00010000000000000003	0.00010000000000000003	0.00010000000000000003	0.00010000000000000003	0.00010000000000000003	0.00010000000000000003	0.00010000000000000003	0.00010000000000000003
23	0.00010000000000000003	0.00010000000000000003	0.00010000000000000003	0.00010000000000000003	0.00010000000000000003	0.00010000000000000003	0.00010000000000000003	0.00010000000000000003	0.00010000000000000003	0.00010000000000000003	0.00010000000000000003	0.00010000000000000003	0.00010000000000000003	0.00010000000000000003	0.00010000000000000003	0.00010000000000000003
24	0.00010000000000000003	0.00010000000000000003	0.00010000000000000003	0.00010000000000000003	0.00010000000000000003	0.00010000000000000003	0.00010000000000000003	0.00010000000000000003	0.00010000000000000003	0.00010000000000000003	0.00010000000000000003	0.00010000000000000003	0.00010000000000000003	0.00010000000000000003	0.00010000000000000003	0.00010000000000000003
["HYDRO_DAM","C5",*,*] :	1	2	3	4	5	6	7	8	9	10	11	12	13	14	15	16 := 
1	0.00010000000000000003	0.00010000000000000003	0.00010000000000000003	0.00010000000000000003	0.00010000000000000003	0.00010000000000000003	0.00010000000000000003	0.00010000000000000003	0.00010000000000000003	0.00010000000000000003	0.00010000000000000003	0.00010000000000000003	0.00010000000000000003	0.00010000000000000003	0.00010000000000000003	0.00010000000000000003
2	0.00010000000000000003	0.00010000000000000003	0.00010000000000000003	0.00010000000000000003	0.00010000000000000003	0.00010000000000000003	0.00010000000000000003	0.00010000000000000003	0.00010000000000000003	0.00010000000000000003	0.00010000000000000003	0.00010000000000000003	0.00010000000000000003	0.00010000000000000003	0.00010000000000000003	0.00010000000000000003
3	0.00010000000000000003	0.00010000000000000003	0.00010000000000000003	0.00010000000000000003	0.00010000000000000003	0.00010000000000000003	0.00010000000000000003	0.00010000000000000003	0.00010000000000000003	0.00010000000000000003	0.00010000000000000003	0.00010000000000000003	0.00010000000000000003	0.00010000000000000003	0.00010000000000000003	0.00010000000000000003
4	0.00010000000000000003	0.00010000000000000003	0.00010000000000000003	0.00010000000000000003	0.00010000000000000003	0.00010000000000000003	0.00010000000000000003	0.00010000000000000003	0.00010000000000000003	0.00010000000000000003	0.00010000000000000003	0.00010000000000000003	0.00010000000000000003	0.00010000000000000003	0.00010000000000000003	0.00010000000000000003
5	0.00010000000000000003	0.00010000000000000003	0.00010000000000000003	0.00010000000000000003	0.00010000000000000003	0.00010000000000000003	0.00010000000000000003	0.00010000000000000003	0.00010000000000000003	0.00010000000000000003	0.00010000000000000003	0.00010000000000000003	0.00010000000000000003	0.00010000000000000003	0.00010000000000000003	0.00010000000000000003
6	0.00010000000000000003	0.00010000000000000003	0.00010000000000000003	0.00010000000000000003	0.00010000000000000003	0.00010000000000000003	0.00010000000000000003	0.00010000000000000003	0.00010000000000000003	0.00010000000000000003	0.00010000000000000003	0.00010000000000000003	0.00010000000000000003	0.00010000000000000003	0.00010000000000000003	0.00010000000000000003
7	0.00010000000000000003	0.00010000000000000003	0.00010000000000000003	0.00010000000000000003	0.00010000000000000003	0.00010000000000000003	0.00010000000000000003	0.00010000000000000003	0.00010000000000000003	0.00010000000000000003	0.00010000000000000003	0.00010000000000000003	0.00010000000000000003	0.00010000000000000003	0.00010000000000000003	0.00010000000000000003
8	0.00010000000000000003	0.00010000000000000003	0.00010000000000000003	0.00010000000000000003	0.00010000000000000003	0.00010000000000000003	0.00010000000000000003	0.00010000000000000003	0.00010000000000000003	0.00010000000000000003	0.00010000000000000003	0.00010000000000000003	0.00010000000000000003	0.00010000000000000003	0.00010000000000000003	0.00010000000000000003
9	0.00010000000000000003	0.00010000000000000003	0.00010000000000000003	0.00010000000000000003	0.00010000000000000003	0.00010000000000000003	0.00010000000000000003	0.00010000000000000003	0.00010000000000000003	0.00010000000000000003	0.00010000000000000003	0.00010000000000000003	0.00010000000000000003	0.00010000000000000003	0.00010000000000000003	0.00010000000000000003
10	0.00010000000000000003	0.00010000000000000003	0.00010000000000000003	0.00010000000000000003	0.00010000000000000003	0.00010000000000000003	0.00010000000000000003	0.00010000000000000003	0.00010000000000000003	0.00010000000000000003	0.00010000000000000003	0.00010000000000000003	0.00010000000000000003	0.00010000000000000003	0.00010000000000000003	0.00010000000000000003
11	0.00010000000000000003	0.00010000000000000003	0.00010000000000000003	0.00010000000000000003	0.00010000000000000003	0.00010000000000000003	0.00010000000000000003	0.00010000000000000003	0.00010000000000000003	0.00010000000000000003	0.00010000000000000003	0.00010000000000000003	0.00010000000000000003	0.00010000000000000003	0.00010000000000000003	0.00010000000000000003
12	0.00010000000000000003	0.00010000000000000003	0.00010000000000000003	0.00010000000000000003	0.00010000000000000003	0.00010000000000000003	0.00010000000000000003	0.00010000000000000003	0.00010000000000000003	0.00010000000000000003	0.00010000000000000003	0.00010000000000000003	0.00010000000000000003	0.00010000000000000003	0.00010000000000000003	0.00010000000000000003
13	0.00010000000000000003	0.00010000000000000003	0.00010000000000000003	0.00010000000000000003	0.00010000000000000003	0.00010000000000000003	0.00010000000000000003	0.00010000000000000003	0.00010000000000000003	0.00010000000000000003	0.00010000000000000003	0.00010000000000000003	0.00010000000000000003	0.00010000000000000003	0.00010000000000000003	0.00010000000000000003
14	0.00010000000000000003	0.00010000000000000003	0.00010000000000000003	0.00010000000000000003	0.00010000000000000003	0.00010000000000000003	0.00010000000000000003	0.00010000000000000003	0.00010000000000000003	0.00010000000000000003	0.00010000000000000003	0.00010000000000000003	0.00010000000000000003	0.00010000000000000003	0.00010000000000000003	0.00010000000000000003
15	0.00010000000000000003	0.00010000000000000003	0.00010000000000000003	0.00010000000000000003	0.00010000000000000003	0.00010000000000000003	0.00010000000000000003	0.00010000000000000003	0.00010000000000000003	0.00010000000000000003	0.00010000000000000003	0.00010000000000000003	0.00010000000000000003	0.00010000000000000003	0.00010000000000000003	0.00010000000000000003
16	0.00010000000000000003	0.00010000000000000003	0.00010000000000000003	0.00010000000000000003	0.00010000000000000003	0.00010000000000000003	0.00010000000000000003	0.00010000000000000003	0.00010000000000000003	0.00010000000000000003	0.00010000000000000003	0.00010000000000000003	0.00010000000000000003	0.00010000000000000003	0.00010000000000000003	0.00010000000000000003
17	0.00010000000000000003	0.00010000000000000003	0.00010000000000000003	0.00010000000000000003	0.00010000000000000003	0.00010000000000000003	0.00010000000000000003	0.00010000000000000003	0.00010000000000000003	0.00010000000000000003	0.00010000000000000003	0.00010000000000000003	0.00010000000000000003	0.00010000000000000003	0.00010000000000000003	0.00010000000000000003
18	0.00010000000000000003	0.00010000000000000003	0.00010000000000000003	0.00010000000000000003	0.00010000000000000003	0.00010000000000000003	0.00010000000000000003	0.00010000000000000003	0.00010000000000000003	0.00010000000000000003	0.00010000000000000003	0.00010000000000000003	0.00010000000000000003	0.00010000000000000003	0.00010000000000000003	0.00010000000000000003
19	0.00010000000000000003	0.00010000000000000003	0.00010000000000000003	0.00010000000000000003	0.00010000000000000003	0.00010000000000000003	0.00010000000000000003	0.00010000000000000003	0.00010000000000000003	0.00010000000000000003	0.00010000000000000003	0.00010000000000000003	0.00010000000000000003	0.00010000000000000003	0.00010000000000000003	0.00010000000000000003
20	0.00010000000000000003	0.00010000000000000003	0.00010000000000000003	0.00010000000000000003	0.00010000000000000003	0.00010000000000000003	0.00010000000000000003	0.00010000000000000003	0.00010000000000000003	0.00010000000000000003	0.00010000000000000003	0.00010000000000000003	0.00010000000000000003	0.00010000000000000003	0.00010000000000000003	0.00010000000000000003
21	0.00010000000000000003	0.00010000000000000003	0.00010000000000000003	0.00010000000000000003	0.00010000000000000003	0.00010000000000000003	0.00010000000000000003	0.00010000000000000003	0.00010000000000000003	0.00010000000000000003	0.00010000000000000003	0.00010000000000000003	0.00010000000000000003	0.00010000000000000003	0.00010000000000000003	0.00010000000000000003
22	0.00010000000000000003	0.00010000000000000003	0.00010000000000000003	0.00010000000000000003	0.00010000000000000003	0.00010000000000000003	0.00010000000000000003	0.00010000000000000003	0.00010000000000000003	0.00010000000000000003	0.00010000000000000003	0.00010000000000000003	0.00010000000000000003	0.00010000000000000003	0.00010000000000000003	0.00010000000000000003
23	0.00010000000000000003	0.00010000000000000003	0.00010000000000000003	0.00010000000000000003	0.00010000000000000003	0.00010000000000000003	0.00010000000000000003	0.00010000000000000003	0.00010000000000000003	0.00010000000000000003	0.00010000000000000003	0.00010000000000000003	0.00010000000000000003	0.00010000000000000003	0.00010000000000000003	0.00010000000000000003
24	0.00010000000000000003	0.00010000000000000003	0.00010000000000000003	0.00010000000000000003	0.00010000000000000003	0.00010000000000000003	0.00010000000000000003	0.00010000000000000003	0.00010000000000000003	0.00010000000000000003	0.00010000000000000003	0.00010000000000000003	0.00010000000000000003	0.00010000000000000003	0.00010000000000000003	0.00010000000000000003
["HYDRO_RIVER","C1",*,*] :	1	2	3	4	5	6	7	8	9	10	11	12	13	14	15	16 := 
1	0.00010000000000000003	0.00010000000000000003	0.00010000000000000003	0.00010000000000000003	0.00010000000000000003	0.00010000000000000003	0.00010000000000000003	0.00010000000000000003	0.00010000000000000003	0.00010000000000000003	0.00010000000000000003	0.00010000000000000003	0.00010000000000000003	0.00010000000000000003	0.00010000000000000003	0.00010000000000000003
2	0.00010000000000000003	0.00010000000000000003	0.00010000000000000003	0.00010000000000000003	0.00010000000000000003	0.00010000000000000003	0.00010000000000000003	0.00010000000000000003	0.00010000000000000003	0.00010000000000000003	0.00010000000000000003	0.00010000000000000003	0.00010000000000000003	0.00010000000000000003	0.00010000000000000003	0.00010000000000000003
3	0.00010000000000000003	0.00010000000000000003	0.00010000000000000003	0.00010000000000000003	0.00010000000000000003	0.00010000000000000003	0.00010000000000000003	0.00010000000000000003	0.00010000000000000003	0.00010000000000000003	0.00010000000000000003	0.00010000000000000003	0.00010000000000000003	0.00010000000000000003	0.00010000000000000003	0.00010000000000000003
4	0.00010000000000000003	0.00010000000000000003	0.00010000000000000003	0.00010000000000000003	0.00010000000000000003	0.00010000000000000003	0.00010000000000000003	0.00010000000000000003	0.00010000000000000003	0.00010000000000000003	0.00010000000000000003	0.00010000000000000003	0.00010000000000000003	0.00010000000000000003	0.00010000000000000003	0.00010000000000000003
5	0.00010000000000000003	0.00010000000000000003	0.00010000000000000003	0.00010000000000000003	0.00010000000000000003	0.00010000000000000003	0.00010000000000000003	0.00010000000000000003	0.00010000000000000003	0.00010000000000000003	0.00010000000000000003	0.00010000000000000003	0.00010000000000000003	0.00010000000000000003	0.00010000000000000003	0.00010000000000000003
6	0.00010000000000000003	0.00010000000000000003	0.00010000000000000003	0.00010000000000000003	0.00010000000000000003	0.00010000000000000003	0.00010000000000000003	0.00010000000000000003	0.00010000000000000003	0.00010000000000000003	0.00010000000000000003	0.00010000000000000003	0.00010000000000000003	0.00010000000000000003	0.00010000000000000003	0.00010000000000000003
7	0.00010000000000000003	0.00010000000000000003	0.00010000000000000003	0.00010000000000000003	0.00010000000000000003	0.00010000000000000003	0.00010000000000000003	0.00010000000000000003	0.00010000000000000003	0.00010000000000000003	0.00010000000000000003	0.00010000000000000003	0.00010000000000000003	0.00010000000000000003	0.00010000000000000003	0.00010000000000000003
8	0.00010000000000000003	0.00010000000000000003	0.00010000000000000003	0.00010000000000000003	0.00010000000000000003	0.00010000000000000003	0.00010000000000000003	0.00010000000000000003	0.00010000000000000003	0.00010000000000000003	0.00010000000000000003	0.00010000000000000003	0.00010000000000000003	0.00010000000000000003	0.00010000000000000003	0.00010000000000000003
9	0.00010000000000000003	0.00010000000000000003	0.00010000000000000003	0.00010000000000000003	0.00010000000000000003	0.00010000000000000003	0.00010000000000000003	0.00010000000000000003	0.00010000000000000003	0.00010000000000000003	0.00010000000000000003	0.00010000000000000003	0.00010000000000000003	0.00010000000000000003	0.00010000000000000003	0.00010000000000000003
10	0.00010000000000000003	0.00010000000000000003	0.00010000000000000003	0.00010000000000000003	0.00010000000000000003	0.00010000000000000003	0.00010000000000000003	0.00010000000000000003	0.00010000000000000003	0.00010000000000000003	0.00010000000000000003	0.00010000000000000003	0.00010000000000000003	0.00010000000000000003	0.00010000000000000003	0.00010000000000000003
11	0.00010000000000000003	0.00010000000000000003	0.00010000000000000003	0.00010000000000000003	0.00010000000000000003	0.00010000000000000003	0.00010000000000000003	0.00010000000000000003	0.00010000000000000003	0.00010000000000000003	0.00010000000000000003	0.00010000000000000003	0.00010000000000000003	0.00010000000000000003	0.00010000000000000003	0.00010000000000000003
12	0.00010000000000000003	0.00010000000000000003	0.00010000000000000003	0.00010000000000000003	0.00010000000000000003	0.00010000000000000003	0.00010000000000000003	0.00010000000000000003	0.00010000000000000003	0.00010000000000000003	0.00010000000000000003	0.00010000000000000003	0.00010000000000000003	0.00010000000000000003	0.00010000000000000003	0.00010000000000000003
13	0.00010000000000000003	0.00010000000000000003	0.00010000000000000003	0.00010000000000000003	0.00010000000000000003	0.00010000000000000003	0.00010000000000000003	0.00010000000000000003	0.00010000000000000003	0.00010000000000000003	0.00010000000000000003	0.00010000000000000003	0.00010000000000000003	0.00010000000000000003	0.00010000000000000003	0.00010000000000000003
14	0.00010000000000000003	0.00010000000000000003	0.00010000000000000003	0.00010000000000000003	0.00010000000000000003	0.00010000000000000003	0.00010000000000000003	0.00010000000000000003	0.00010000000000000003	0.00010000000000000003	0.00010000000000000003	0.00010000000000000003	0.00010000000000000003	0.00010000000000000003	0.00010000000000000003	0.00010000000000000003
15	0.00010000000000000003	0.00010000000000000003	0.00010000000000000003	0.00010000000000000003	0.00010000000000000003	0.00010000000000000003	0.00010000000000000003	0.00010000000000000003	0.00010000000000000003	0.00010000000000000003	0.00010000000000000003	0.00010000000000000003	0.00010000000000000003	0.00010000000000000003	0.00010000000000000003	0.00010000000000000003
16	0.00010000000000000003	0.00010000000000000003	0.00010000000000000003	0.00010000000000000003	0.00010000000000000003	0.00010000000000000003	0.00010000000000000003	0.00010000000000000003	0.00010000000000000003	0.00010000000000000003	0.00010000000000000003	0.00010000000000000003	0.00010000000000000003	0.00010000000000000003	0.00010000000000000003	0.00010000000000000003
17	0.00010000000000000003	0.00010000000000000003	0.00010000000000000003	0.00010000000000000003	0.00010000000000000003	0.00010000000000000003	0.00010000000000000003	0.00010000000000000003	0.00010000000000000003	0.00010000000000000003	0.00010000000000000003	0.00010000000000000003	0.00010000000000000003	0.00010000000000000003	0.00010000000000000003	0.00010000000000000003
18	0.00010000000000000003	0.00010000000000000003	0.00010000000000000003	0.00010000000000000003	0.00010000000000000003	0.00010000000000000003	0.00010000000000000003	0.00010000000000000003	0.00010000000000000003	0.00010000000000000003	0.00010000000000000003	0.00010000000000000003	0.00010000000000000003	0.00010000000000000003	0.00010000000000000003	0.00010000000000000003
19	0.00010000000000000003	0.00010000000000000003	0.00010000000000000003	0.00010000000000000003	0.00010000000000000003	0.00010000000000000003	0.00010000000000000003	0.00010000000000000003	0.00010000000000000003	0.00010000000000000003	0.00010000000000000003	0.00010000000000000003	0.00010000000000000003	0.00010000000000000003	0.00010000000000000003	0.00010000000000000003
20	0.00010000000000000003	0.00010000000000000003	0.00010000000000000003	0.00010000000000000003	0.00010000000000000003	0.00010000000000000003	0.00010000000000000003	0.00010000000000000003	0.00010000000000000003	0.00010000000000000003	0.00010000000000000003	0.00010000000000000003	0.00010000000000000003	0.00010000000000000003	0.00010000000000000003	0.00010000000000000003
21	0.00010000000000000003	0.00010000000000000003	0.00010000000000000003	0.00010000000000000003	0.00010000000000000003	0.00010000000000000003	0.00010000000000000003	0.00010000000000000003	0.00010000000000000003	0.00010000000000000003	0.00010000000000000003	0.00010000000000000003	0.00010000000000000003	0.00010000000000000003	0.00010000000000000003	0.00010000000000000003
22	0.00010000000000000003	0.00010000000000000003	0.00010000000000000003	0.00010000000000000003	0.00010000000000000003	0.00010000000000000003	0.00010000000000000003	0.00010000000000000003	0.00010000000000000003	0.00010000000000000003	0.00010000000000000003	0.00010000000000000003	0.00010000000000000003	0.00010000000000000003	0.00010000000000000003	0.00010000000000000003
23	0.00010000000000000003	0.00010000000000000003	0.00010000000000000003	0.00010000000000000003	0.00010000000000000003	0.00010000000000000003	0.00010000000000000003	0.00010000000000000003	0.00010000000000000003	0.00010000000000000003	0.00010000000000000003	0.00010000000000000003	0.00010000000000000003	0.00010000000000000003	0.00010000000000000003	0.00010000000000000003
24	0.00010000000000000003	0.00010000000000000003	0.00010000000000000003	0.00010000000000000003	0.00010000000000000003	0.00010000000000000003	0.00010000000000000003	0.00010000000000000003	0.00010000000000000003	0.00010000000000000003	0.00010000000000000003	0.00010000000000000003	0.00010000000000000003	0.00010000000000000003	0.00010000000000000003	0.00010000000000000003
["HYDRO_RIVER","C2",*,*] :	1	2	3	4	5	6	7	8	9	10	11	12	13	14	15	16 := 
1	0.00010000000000000003	0.00010000000000000003	0.00010000000000000003	0.00010000000000000003	0.00010000000000000003	0.00010000000000000003	0.00010000000000000003	0.00010000000000000003	0.00010000000000000003	0.00010000000000000003	0.00010000000000000003	0.00010000000000000003	0.00010000000000000003	0.00010000000000000003	0.00010000000000000003	0.00010000000000000003
2	0.00010000000000000003	0.00010000000000000003	0.00010000000000000003	0.00010000000000000003	0.00010000000000000003	0.00010000000000000003	0.00010000000000000003	0.00010000000000000003	0.00010000000000000003	0.00010000000000000003	0.00010000000000000003	0.00010000000000000003	0.00010000000000000003	0.00010000000000000003	0.00010000000000000003	0.00010000000000000003
3	0.00010000000000000003	0.00010000000000000003	0.00010000000000000003	0.00010000000000000003	0.00010000000000000003	0.00010000000000000003	0.00010000000000000003	0.00010000000000000003	0.00010000000000000003	0.00010000000000000003	0.00010000000000000003	0.00010000000000000003	0.00010000000000000003	0.00010000000000000003	0.00010000000000000003	0.00010000000000000003
4	0.00010000000000000003	0.00010000000000000003	0.00010000000000000003	0.00010000000000000003	0.00010000000000000003	0.00010000000000000003	0.00010000000000000003	0.00010000000000000003	0.00010000000000000003	0.00010000000000000003	0.00010000000000000003	0.00010000000000000003	0.00010000000000000003	0.00010000000000000003	0.00010000000000000003	0.00010000000000000003
5	0.00010000000000000003	0.00010000000000000003	0.00010000000000000003	0.00010000000000000003	0.00010000000000000003	0.00010000000000000003	0.00010000000000000003	0.00010000000000000003	0.00010000000000000003	0.00010000000000000003	0.00010000000000000003	0.00010000000000000003	0.00010000000000000003	0.00010000000000000003	0.00010000000000000003	0.00010000000000000003
6	0.00010000000000000003	0.00010000000000000003	0.00010000000000000003	0.00010000000000000003	0.00010000000000000003	0.00010000000000000003	0.00010000000000000003	0.00010000000000000003	0.00010000000000000003	0.00010000000000000003	0.00010000000000000003	0.00010000000000000003	0.00010000000000000003	0.00010000000000000003	0.00010000000000000003	0.00010000000000000003
7	0.00010000000000000003	0.00010000000000000003	0.00010000000000000003	0.00010000000000000003	0.00010000000000000003	0.00010000000000000003	0.00010000000000000003	0.00010000000000000003	0.00010000000000000003	0.00010000000000000003	0.00010000000000000003	0.00010000000000000003	0.00010000000000000003	0.00010000000000000003	0.00010000000000000003	0.00010000000000000003
8	0.00010000000000000003	0.00010000000000000003	0.00010000000000000003	0.00010000000000000003	0.00010000000000000003	0.00010000000000000003	0.00010000000000000003	0.00010000000000000003	0.00010000000000000003	0.00010000000000000003	0.00010000000000000003	0.00010000000000000003	0.00010000000000000003	0.00010000000000000003	0.00010000000000000003	0.00010000000000000003
9	0.00010000000000000003	0.00010000000000000003	0.00010000000000000003	0.00010000000000000003	0.00010000000000000003	0.00010000000000000003	0.00010000000000000003	0.00010000000000000003	0.00010000000000000003	0.00010000000000000003	0.00010000000000000003	0.00010000000000000003	0.00010000000000000003	0.00010000000000000003	0.00010000000000000003	0.00010000000000000003
10	0.00010000000000000003	0.00010000000000000003	0.00010000000000000003	0.00010000000000000003	0.00010000000000000003	0.00010000000000000003	0.00010000000000000003	0.00010000000000000003	0.00010000000000000003	0.00010000000000000003	0.00010000000000000003	0.00010000000000000003	0.00010000000000000003	0.00010000000000000003	0.00010000000000000003	0.00010000000000000003
11	0.00010000000000000003	0.00010000000000000003	0.00010000000000000003	0.00010000000000000003	0.00010000000000000003	0.00010000000000000003	0.00010000000000000003	0.00010000000000000003	0.00010000000000000003	0.00010000000000000003	0.00010000000000000003	0.00010000000000000003	0.00010000000000000003	0.00010000000000000003	0.00010000000000000003	0.00010000000000000003
12	0.00010000000000000003	0.00010000000000000003	0.00010000000000000003	0.00010000000000000003	0.00010000000000000003	0.00010000000000000003	0.00010000000000000003	0.00010000000000000003	0.00010000000000000003	0.00010000000000000003	0.00010000000000000003	0.00010000000000000003	0.00010000000000000003	0.00010000000000000003	0.00010000000000000003	0.00010000000000000003
13	0.00010000000000000003	0.00010000000000000003	0.00010000000000000003	0.00010000000000000003	0.00010000000000000003	0.00010000000000000003	0.00010000000000000003	0.00010000000000000003	0.00010000000000000003	0.00010000000000000003	0.00010000000000000003	0.00010000000000000003	0.00010000000000000003	0.00010000000000000003	0.00010000000000000003	0.00010000000000000003
14	0.00010000000000000003	0.00010000000000000003	0.00010000000000000003	0.00010000000000000003	0.00010000000000000003	0.00010000000000000003	0.00010000000000000003	0.00010000000000000003	0.00010000000000000003	0.00010000000000000003	0.00010000000000000003	0.00010000000000000003	0.00010000000000000003	0.00010000000000000003	0.00010000000000000003	0.00010000000000000003
15	0.00010000000000000003	0.00010000000000000003	0.00010000000000000003	0.00010000000000000003	0.00010000000000000003	0.00010000000000000003	0.00010000000000000003	0.00010000000000000003	0.00010000000000000003	0.00010000000000000003	0.00010000000000000003	0.00010000000000000003	0.00010000000000000003	0.00010000000000000003	0.00010000000000000003	0.00010000000000000003
16	0.00010000000000000003	0.00010000000000000003	0.00010000000000000003	0.00010000000000000003	0.00010000000000000003	0.00010000000000000003	0.00010000000000000003	0.00010000000000000003	0.00010000000000000003	0.00010000000000000003	0.00010000000000000003	0.00010000000000000003	0.00010000000000000003	0.00010000000000000003	0.00010000000000000003	0.00010000000000000003
17	0.00010000000000000003	0.00010000000000000003	0.00010000000000000003	0.00010000000000000003	0.00010000000000000003	0.00010000000000000003	0.00010000000000000003	0.00010000000000000003	0.00010000000000000003	0.00010000000000000003	0.00010000000000000003	0.00010000000000000003	0.00010000000000000003	0.00010000000000000003	0.00010000000000000003	0.00010000000000000003
18	0.00010000000000000003	0.00010000000000000003	0.00010000000000000003	0.00010000000000000003	0.00010000000000000003	0.00010000000000000003	0.00010000000000000003	0.00010000000000000003	0.00010000000000000003	0.00010000000000000003	0.00010000000000000003	0.00010000000000000003	0.00010000000000000003	0.00010000000000000003	0.00010000000000000003	0.00010000000000000003
19	0.00010000000000000003	0.00010000000000000003	0.00010000000000000003	0.00010000000000000003	0.00010000000000000003	0.00010000000000000003	0.00010000000000000003	0.00010000000000000003	0.00010000000000000003	0.00010000000000000003	0.00010000000000000003	0.00010000000000000003	0.00010000000000000003	0.00010000000000000003	0.00010000000000000003	0.00010000000000000003
20	0.00010000000000000003	0.00010000000000000003	0.00010000000000000003	0.00010000000000000003	0.00010000000000000003	0.00010000000000000003	0.00010000000000000003	0.00010000000000000003	0.00010000000000000003	0.00010000000000000003	0.00010000000000000003	0.00010000000000000003	0.00010000000000000003	0.00010000000000000003	0.00010000000000000003	0.00010000000000000003
21	0.00010000000000000003	0.00010000000000000003	0.00010000000000000003	0.00010000000000000003	0.00010000000000000003	0.00010000000000000003	0.00010000000000000003	0.00010000000000000003	0.00010000000000000003	0.00010000000000000003	0.00010000000000000003	0.00010000000000000003	0.00010000000000000003	0.00010000000000000003	0.00010000000000000003	0.00010000000000000003
22	0.00010000000000000003	0.00010000000000000003	0.00010000000000000003	0.00010000000000000003	0.00010000000000000003	0.00010000000000000003	0.00010000000000000003	0.00010000000000000003	0.00010000000000000003	0.00010000000000000003	0.00010000000000000003	0.00010000000000000003	0.00010000000000000003	0.00010000000000000003	0.00010000000000000003	0.00010000000000000003
23	0.00010000000000000003	0.00010000000000000003	0.00010000000000000003	0.00010000000000000003	0.00010000000000000003	0.00010000000000000003	0.00010000000000000003	0.00010000000000000003	0.00010000000000000003	0.00010000000000000003	0.00010000000000000003	0.00010000000000000003	0.00010000000000000003	0.00010000000000000003	0.00010000000000000003	0.00010000000000000003
24	0.00010000000000000003	0.00010000000000000003	0.00010000000000000003	0.00010000000000000003	0.00010000000000000003	0.00010000000000000003	0.00010000000000000003	0.00010000000000000003	0.00010000000000000003	0.00010000000000000003	0.00010000000000000003	0.00010000000000000003	0.00010000000000000003	0.00010000000000000003	0.00010000000000000003	0.00010000000000000003
["HYDRO_RIVER","C3",*,*] :	1	2	3	4	5	6	7	8	9	10	11	12	13	14	15	16 := 
1	0.00010000000000000003	0.00010000000000000003	0.00010000000000000003	0.00010000000000000003	0.00010000000000000003	0.00010000000000000003	0.00010000000000000003	0.00010000000000000003	0.00010000000000000003	0.00010000000000000003	0.00010000000000000003	0.00010000000000000003	0.00010000000000000003	0.00010000000000000003	0.00010000000000000003	0.00010000000000000003
2	0.00010000000000000003	0.00010000000000000003	0.00010000000000000003	0.00010000000000000003	0.00010000000000000003	0.00010000000000000003	0.00010000000000000003	0.00010000000000000003	0.00010000000000000003	0.00010000000000000003	0.00010000000000000003	0.00010000000000000003	0.00010000000000000003	0.00010000000000000003	0.00010000000000000003	0.00010000000000000003
3	0.00010000000000000003	0.00010000000000000003	0.00010000000000000003	0.00010000000000000003	0.00010000000000000003	0.00010000000000000003	0.00010000000000000003	0.00010000000000000003	0.00010000000000000003	0.00010000000000000003	0.00010000000000000003	0.00010000000000000003	0.00010000000000000003	0.00010000000000000003	0.00010000000000000003	0.00010000000000000003
4	0.00010000000000000003	0.00010000000000000003	0.00010000000000000003	0.00010000000000000003	0.00010000000000000003	0.00010000000000000003	0.00010000000000000003	0.00010000000000000003	0.00010000000000000003	0.00010000000000000003	0.00010000000000000003	0.00010000000000000003	0.00010000000000000003	0.00010000000000000003	0.00010000000000000003	0.00010000000000000003
5	0.00010000000000000003	0.00010000000000000003	0.00010000000000000003	0.00010000000000000003	0.00010000000000000003	0.00010000000000000003	0.00010000000000000003	0.00010000000000000003	0.00010000000000000003	0.00010000000000000003	0.00010000000000000003	0.00010000000000000003	0.00010000000000000003	0.00010000000000000003	0.00010000000000000003	0.00010000000000000003
6	0.00010000000000000003	0.00010000000000000003	0.00010000000000000003	0.00010000000000000003	0.00010000000000000003	0.00010000000000000003	0.00010000000000000003	0.00010000000000000003	0.00010000000000000003	0.00010000000000000003	0.00010000000000000003	0.00010000000000000003	0.00010000000000000003	0.00010000000000000003	0.00010000000000000003	0.00010000000000000003
7	0.00010000000000000003	0.00010000000000000003	0.00010000000000000003	0.00010000000000000003	0.00010000000000000003	0.00010000000000000003	0.00010000000000000003	0.00010000000000000003	0.00010000000000000003	0.00010000000000000003	0.00010000000000000003	0.00010000000000000003	0.00010000000000000003	0.00010000000000000003	0.00010000000000000003	0.00010000000000000003
8	0.00010000000000000003	0.00010000000000000003	0.00010000000000000003	0.00010000000000000003	0.00010000000000000003	0.00010000000000000003	0.00010000000000000003	0.00010000000000000003	0.00010000000000000003	0.00010000000000000003	0.00010000000000000003	0.00010000000000000003	0.00010000000000000003	0.00010000000000000003	0.00010000000000000003	0.00010000000000000003
9	0.00010000000000000003	0.00010000000000000003	0.00010000000000000003	0.00010000000000000003	0.00010000000000000003	0.00010000000000000003	0.00010000000000000003	0.00010000000000000003	0.00010000000000000003	0.00010000000000000003	0.00010000000000000003	0.00010000000000000003	0.00010000000000000003	0.00010000000000000003	0.00010000000000000003	0.00010000000000000003
10	0.00010000000000000003	0.00010000000000000003	0.00010000000000000003	0.00010000000000000003	0.00010000000000000003	0.00010000000000000003	0.00010000000000000003	0.00010000000000000003	0.00010000000000000003	0.00010000000000000003	0.00010000000000000003	0.00010000000000000003	0.00010000000000000003	0.00010000000000000003	0.00010000000000000003	0.00010000000000000003
11	0.00010000000000000003	0.00010000000000000003	0.00010000000000000003	0.00010000000000000003	0.00010000000000000003	0.00010000000000000003	0.00010000000000000003	0.00010000000000000003	0.00010000000000000003	0.00010000000000000003	0.00010000000000000003	0.00010000000000000003	0.00010000000000000003	0.00010000000000000003	0.00010000000000000003	0.00010000000000000003
12	0.00010000000000000003	0.00010000000000000003	0.00010000000000000003	0.00010000000000000003	0.00010000000000000003	0.00010000000000000003	0.00010000000000000003	0.00010000000000000003	0.00010000000000000003	0.00010000000000000003	0.00010000000000000003	0.00010000000000000003	0.00010000000000000003	0.00010000000000000003	0.00010000000000000003	0.00010000000000000003
13	0.00010000000000000003	0.00010000000000000003	0.00010000000000000003	0.00010000000000000003	0.00010000000000000003	0.00010000000000000003	0.00010000000000000003	0.00010000000000000003	0.00010000000000000003	0.00010000000000000003	0.00010000000000000003	0.00010000000000000003	0.00010000000000000003	0.00010000000000000003	0.00010000000000000003	0.00010000000000000003
14	0.00010000000000000003	0.00010000000000000003	0.00010000000000000003	0.00010000000000000003	0.00010000000000000003	0.00010000000000000003	0.00010000000000000003	0.00010000000000000003	0.00010000000000000003	0.00010000000000000003	0.00010000000000000003	0.00010000000000000003	0.00010000000000000003	0.00010000000000000003	0.00010000000000000003	0.00010000000000000003
15	0.00010000000000000003	0.00010000000000000003	0.00010000000000000003	0.00010000000000000003	0.00010000000000000003	0.00010000000000000003	0.00010000000000000003	0.00010000000000000003	0.00010000000000000003	0.00010000000000000003	0.00010000000000000003	0.00010000000000000003	0.00010000000000000003	0.00010000000000000003	0.00010000000000000003	0.00010000000000000003
16	0.00010000000000000003	0.00010000000000000003	0.00010000000000000003	0.00010000000000000003	0.00010000000000000003	0.00010000000000000003	0.00010000000000000003	0.00010000000000000003	0.00010000000000000003	0.00010000000000000003	0.00010000000000000003	0.00010000000000000003	0.00010000000000000003	0.00010000000000000003	0.00010000000000000003	0.00010000000000000003
17	0.00010000000000000003	0.00010000000000000003	0.00010000000000000003	0.00010000000000000003	0.00010000000000000003	0.00010000000000000003	0.00010000000000000003	0.00010000000000000003	0.00010000000000000003	0.00010000000000000003	0.00010000000000000003	0.00010000000000000003	0.00010000000000000003	0.00010000000000000003	0.00010000000000000003	0.00010000000000000003
18	0.00010000000000000003	0.00010000000000000003	0.00010000000000000003	0.00010000000000000003	0.00010000000000000003	0.00010000000000000003	0.00010000000000000003	0.00010000000000000003	0.00010000000000000003	0.00010000000000000003	0.00010000000000000003	0.00010000000000000003	0.00010000000000000003	0.00010000000000000003	0.00010000000000000003	0.00010000000000000003
19	0.00010000000000000003	0.00010000000000000003	0.00010000000000000003	0.00010000000000000003	0.00010000000000000003	0.00010000000000000003	0.00010000000000000003	0.00010000000000000003	0.00010000000000000003	0.00010000000000000003	0.00010000000000000003	0.00010000000000000003	0.00010000000000000003	0.00010000000000000003	0.00010000000000000003	0.00010000000000000003
20	0.00010000000000000003	0.00010000000000000003	0.00010000000000000003	0.00010000000000000003	0.00010000000000000003	0.00010000000000000003	0.00010000000000000003	0.00010000000000000003	0.00010000000000000003	0.00010000000000000003	0.00010000000000000003	0.00010000000000000003	0.00010000000000000003	0.00010000000000000003	0.00010000000000000003	0.00010000000000000003
21	0.00010000000000000003	0.00010000000000000003	0.00010000000000000003	0.00010000000000000003	0.00010000000000000003	0.00010000000000000003	0.00010000000000000003	0.00010000000000000003	0.00010000000000000003	0.00010000000000000003	0.00010000000000000003	0.00010000000000000003	0.00010000000000000003	0.00010000000000000003	0.00010000000000000003	0.00010000000000000003
22	0.00010000000000000003	0.00010000000000000003	0.00010000000000000003	0.00010000000000000003	0.00010000000000000003	0.00010000000000000003	0.00010000000000000003	0.00010000000000000003	0.00010000000000000003	0.00010000000000000003	0.00010000000000000003	0.00010000000000000003	0.00010000000000000003	0.00010000000000000003	0.00010000000000000003	0.00010000000000000003
23	0.00010000000000000003	0.00010000000000000003	0.00010000000000000003	0.00010000000000000003	0.00010000000000000003	0.00010000000000000003	0.00010000000000000003	0.00010000000000000003	0.00010000000000000003	0.00010000000000000003	0.00010000000000000003	0.00010000000000000003	0.00010000000000000003	0.00010000000000000003	0.00010000000000000003	0.00010000000000000003
24	0.00010000000000000003	0.00010000000000000003	0.00010000000000000003	0.00010000000000000003	0.00010000000000000003	0.00010000000000000003	0.00010000000000000003	0.00010000000000000003	0.00010000000000000003	0.00010000000000000003	0.00010000000000000003	0.00010000000000000003	0.00010000000000000003	0.00010000000000000003	0.00010000000000000003	0.00010000000000000003
["HYDRO_RIVER","C4",*,*] :	1	2	3	4	5	6	7	8	9	10	11	12	13	14	15	16 := 
1	0.00010000000000000003	0.00010000000000000003	0.00010000000000000003	0.00010000000000000003	0.00010000000000000003	0.00010000000000000003	0.00010000000000000003	0.00010000000000000003	0.00010000000000000003	0.00010000000000000003	0.00010000000000000003	0.00010000000000000003	0.00010000000000000003	0.00010000000000000003	0.00010000000000000003	0.00010000000000000003
2	0.00010000000000000003	0.00010000000000000003	0.00010000000000000003	0.00010000000000000003	0.00010000000000000003	0.00010000000000000003	0.00010000000000000003	0.00010000000000000003	0.00010000000000000003	0.00010000000000000003	0.00010000000000000003	0.00010000000000000003	0.00010000000000000003	0.00010000000000000003	0.00010000000000000003	0.00010000000000000003
3	0.00010000000000000003	0.00010000000000000003	0.00010000000000000003	0.00010000000000000003	0.00010000000000000003	0.00010000000000000003	0.00010000000000000003	0.00010000000000000003	0.00010000000000000003	0.00010000000000000003	0.00010000000000000003	0.00010000000000000003	0.00010000000000000003	0.00010000000000000003	0.00010000000000000003	0.00010000000000000003
4	0.00010000000000000003	0.00010000000000000003	0.00010000000000000003	0.00010000000000000003	0.00010000000000000003	0.00010000000000000003	0.00010000000000000003	0.00010000000000000003	0.00010000000000000003	0.00010000000000000003	0.00010000000000000003	0.00010000000000000003	0.00010000000000000003	0.00010000000000000003	0.00010000000000000003	0.00010000000000000003
5	0.00010000000000000003	0.00010000000000000003	0.00010000000000000003	0.00010000000000000003	0.00010000000000000003	0.00010000000000000003	0.00010000000000000003	0.00010000000000000003	0.00010000000000000003	0.00010000000000000003	0.00010000000000000003	0.00010000000000000003	0.00010000000000000003	0.00010000000000000003	0.00010000000000000003	0.00010000000000000003
6	0.00010000000000000003	0.00010000000000000003	0.00010000000000000003	0.00010000000000000003	0.00010000000000000003	0.00010000000000000003	0.00010000000000000003	0.00010000000000000003	0.00010000000000000003	0.00010000000000000003	0.00010000000000000003	0.00010000000000000003	0.00010000000000000003	0.00010000000000000003	0.00010000000000000003	0.00010000000000000003
7	0.00010000000000000003	0.00010000000000000003	0.00010000000000000003	0.00010000000000000003	0.00010000000000000003	0.00010000000000000003	0.00010000000000000003	0.00010000000000000003	0.00010000000000000003	0.00010000000000000003	0.00010000000000000003	0.00010000000000000003	0.00010000000000000003	0.00010000000000000003	0.00010000000000000003	0.00010000000000000003
8	0.00010000000000000003	0.00010000000000000003	0.00010000000000000003	0.00010000000000000003	0.00010000000000000003	0.00010000000000000003	0.00010000000000000003	0.00010000000000000003	0.00010000000000000003	0.00010000000000000003	0.00010000000000000003	0.00010000000000000003	0.00010000000000000003	0.00010000000000000003	0.00010000000000000003	0.00010000000000000003
9	0.00010000000000000003	0.00010000000000000003	0.00010000000000000003	0.00010000000000000003	0.00010000000000000003	0.00010000000000000003	0.00010000000000000003	0.00010000000000000003	0.00010000000000000003	0.00010000000000000003	0.00010000000000000003	0.00010000000000000003	0.00010000000000000003	0.00010000000000000003	0.00010000000000000003	0.00010000000000000003
10	0.00010000000000000003	0.00010000000000000003	0.00010000000000000003	0.00010000000000000003	0.00010000000000000003	0.00010000000000000003	0.00010000000000000003	0.00010000000000000003	0.00010000000000000003	0.00010000000000000003	0.00010000000000000003	0.00010000000000000003	0.00010000000000000003	0.00010000000000000003	0.00010000000000000003	0.00010000000000000003
11	0.00010000000000000003	0.00010000000000000003	0.00010000000000000003	0.00010000000000000003	0.00010000000000000003	0.00010000000000000003	0.00010000000000000003	0.00010000000000000003	0.00010000000000000003	0.00010000000000000003	0.00010000000000000003	0.00010000000000000003	0.00010000000000000003	0.00010000000000000003	0.00010000000000000003	0.00010000000000000003
12	0.00010000000000000003	0.00010000000000000003	0.00010000000000000003	0.00010000000000000003	0.00010000000000000003	0.00010000000000000003	0.00010000000000000003	0.00010000000000000003	0.00010000000000000003	0.00010000000000000003	0.00010000000000000003	0.00010000000000000003	0.00010000000000000003	0.00010000000000000003	0.00010000000000000003	0.00010000000000000003
13	0.00010000000000000003	0.00010000000000000003	0.00010000000000000003	0.00010000000000000003	0.00010000000000000003	0.00010000000000000003	0.00010000000000000003	0.00010000000000000003	0.00010000000000000003	0.00010000000000000003	0.00010000000000000003	0.00010000000000000003	0.00010000000000000003	0.00010000000000000003	0.00010000000000000003	0.00010000000000000003
14	0.00010000000000000003	0.00010000000000000003	0.00010000000000000003	0.00010000000000000003	0.00010000000000000003	0.00010000000000000003	0.00010000000000000003	0.00010000000000000003	0.00010000000000000003	0.00010000000000000003	0.00010000000000000003	0.00010000000000000003	0.00010000000000000003	0.00010000000000000003	0.00010000000000000003	0.00010000000000000003
15	0.00010000000000000003	0.00010000000000000003	0.00010000000000000003	0.00010000000000000003	0.00010000000000000003	0.00010000000000000003	0.00010000000000000003	0.00010000000000000003	0.00010000000000000003	0.00010000000000000003	0.00010000000000000003	0.00010000000000000003	0.00010000000000000003	0.00010000000000000003	0.00010000000000000003	0.00010000000000000003
16	0.00010000000000000003	0.00010000000000000003	0.00010000000000000003	0.00010000000000000003	0.00010000000000000003	0.00010000000000000003	0.00010000000000000003	0.00010000000000000003	0.00010000000000000003	0.00010000000000000003	0.00010000000000000003	0.00010000000000000003	0.00010000000000000003	0.00010000000000000003	0.00010000000000000003	0.00010000000000000003
17	0.00010000000000000003	0.00010000000000000003	0.00010000000000000003	0.00010000000000000003	0.00010000000000000003	0.00010000000000000003	0.00010000000000000003	0.00010000000000000003	0.00010000000000000003	0.00010000000000000003	0.00010000000000000003	0.00010000000000000003	0.00010000000000000003	0.00010000000000000003	0.00010000000000000003	0.00010000000000000003
18	0.00010000000000000003	0.00010000000000000003	0.00010000000000000003	0.00010000000000000003	0.00010000000000000003	0.00010000000000000003	0.00010000000000000003	0.00010000000000000003	0.00010000000000000003	0.00010000000000000003	0.00010000000000000003	0.00010000000000000003	0.00010000000000000003	0.00010000000000000003	0.00010000000000000003	0.00010000000000000003
19	0.00010000000000000003	0.00010000000000000003	0.00010000000000000003	0.00010000000000000003	0.00010000000000000003	0.00010000000000000003	0.00010000000000000003	0.00010000000000000003	0.00010000000000000003	0.00010000000000000003	0.00010000000000000003	0.00010000000000000003	0.00010000000000000003	0.00010000000000000003	0.00010000000000000003	0.00010000000000000003
20	0.00010000000000000003	0.00010000000000000003	0.00010000000000000003	0.00010000000000000003	0.00010000000000000003	0.00010000000000000003	0.00010000000000000003	0.00010000000000000003	0.00010000000000000003	0.00010000000000000003	0.00010000000000000003	0.00010000000000000003	0.00010000000000000003	0.00010000000000000003	0.00010000000000000003	0.00010000000000000003
21	0.00010000000000000003	0.00010000000000000003	0.00010000000000000003	0.00010000000000000003	0.00010000000000000003	0.00010000000000000003	0.00010000000000000003	0.00010000000000000003	0.00010000000000000003	0.00010000000000000003	0.00010000000000000003	0.00010000000000000003	0.00010000000000000003	0.00010000000000000003	0.00010000000000000003	0.00010000000000000003
22	0.00010000000000000003	0.00010000000000000003	0.00010000000000000003	0.00010000000000000003	0.00010000000000000003	0.00010000000000000003	0.00010000000000000003	0.00010000000000000003	0.00010000000000000003	0.00010000000000000003	0.00010000000000000003	0.00010000000000000003	0.00010000000000000003	0.00010000000000000003	0.00010000000000000003	0.00010000000000000003
23	0.00010000000000000003	0.00010000000000000003	0.00010000000000000003	0.00010000000000000003	0.00010000000000000003	0.00010000000000000003	0.00010000000000000003	0.00010000000000000003	0.00010000000000000003	0.00010000000000000003	0.00010000000000000003	0.00010000000000000003	0.00010000000000000003	0.00010000000000000003	0.00010000000000000003	0.00010000000000000003
24	0.00010000000000000003	0.00010000000000000003	0.00010000000000000003	0.00010000000000000003	0.00010000000000000003	0.00010000000000000003	0.00010000000000000003	0.00010000000000000003	0.00010000000000000003	0.00010000000000000003	0.00010000000000000003	0.00010000000000000003	0.00010000000000000003	0.00010000000000000003	0.00010000000000000003	0.00010000000000000003
["HYDRO_RIVER","C5",*,*] :	1	2	3	4	5	6	7	8	9	10	11	12	13	14	15	16 := 
1	0.00010000000000000003	0.00010000000000000003	0.00010000000000000003	0.00010000000000000003	0.00010000000000000003	0.00010000000000000003	0.00010000000000000003	0.00010000000000000003	0.00010000000000000003	0.00010000000000000003	0.00010000000000000003	0.00010000000000000003	0.00010000000000000003	0.00010000000000000003	0.00010000000000000003	0.00010000000000000003
2	0.00010000000000000003	0.00010000000000000003	0.00010000000000000003	0.00010000000000000003	0.00010000000000000003	0.00010000000000000003	0.00010000000000000003	0.00010000000000000003	0.00010000000000000003	0.00010000000000000003	0.00010000000000000003	0.00010000000000000003	0.00010000000000000003	0.00010000000000000003	0.00010000000000000003	0.00010000000000000003
3	0.00010000000000000003	0.00010000000000000003	0.00010000000000000003	0.00010000000000000003	0.00010000000000000003	0.00010000000000000003	0.00010000000000000003	0.00010000000000000003	0.00010000000000000003	0.00010000000000000003	0.00010000000000000003	0.00010000000000000003	0.00010000000000000003	0.00010000000000000003	0.00010000000000000003	0.00010000000000000003
4	0.00010000000000000003	0.00010000000000000003	0.00010000000000000003	0.00010000000000000003	0.00010000000000000003	0.00010000000000000003	0.00010000000000000003	0.00010000000000000003	0.00010000000000000003	0.00010000000000000003	0.00010000000000000003	0.00010000000000000003	0.00010000000000000003	0.00010000000000000003	0.00010000000000000003	0.00010000000000000003
5	0.00010000000000000003	0.00010000000000000003	0.00010000000000000003	0.00010000000000000003	0.00010000000000000003	0.00010000000000000003	0.00010000000000000003	0.00010000000000000003	0.00010000000000000003	0.00010000000000000003	0.00010000000000000003	0.00010000000000000003	0.00010000000000000003	0.00010000000000000003	0.00010000000000000003	0.00010000000000000003
6	0.00010000000000000003	0.00010000000000000003	0.00010000000000000003	0.00010000000000000003	0.00010000000000000003	0.00010000000000000003	0.00010000000000000003	0.00010000000000000003	0.00010000000000000003	0.00010000000000000003	0.00010000000000000003	0.00010000000000000003	0.00010000000000000003	0.00010000000000000003	0.00010000000000000003	0.00010000000000000003
7	0.00010000000000000003	0.00010000000000000003	0.00010000000000000003	0.00010000000000000003	0.00010000000000000003	0.00010000000000000003	0.00010000000000000003	0.00010000000000000003	0.00010000000000000003	0.00010000000000000003	0.00010000000000000003	0.00010000000000000003	0.00010000000000000003	0.00010000000000000003	0.00010000000000000003	0.00010000000000000003
8	0.00010000000000000003	0.00010000000000000003	0.00010000000000000003	0.00010000000000000003	0.00010000000000000003	0.00010000000000000003	0.00010000000000000003	0.00010000000000000003	0.00010000000000000003	0.00010000000000000003	0.00010000000000000003	0.00010000000000000003	0.00010000000000000003	0.00010000000000000003	0.00010000000000000003	0.00010000000000000003
9	0.00010000000000000003	0.00010000000000000003	0.00010000000000000003	0.00010000000000000003	0.00010000000000000003	0.00010000000000000003	0.00010000000000000003	0.00010000000000000003	0.00010000000000000003	0.00010000000000000003	0.00010000000000000003	0.00010000000000000003	0.00010000000000000003	0.00010000000000000003	0.00010000000000000003	0.00010000000000000003
10	0.00010000000000000003	0.00010000000000000003	0.00010000000000000003	0.00010000000000000003	0.00010000000000000003	0.00010000000000000003	0.00010000000000000003	0.00010000000000000003	0.00010000000000000003	0.00010000000000000003	0.00010000000000000003	0.00010000000000000003	0.00010000000000000003	0.00010000000000000003	0.00010000000000000003	0.00010000000000000003
11	0.00010000000000000003	0.00010000000000000003	0.00010000000000000003	0.00010000000000000003	0.00010000000000000003	0.00010000000000000003	0.00010000000000000003	0.00010000000000000003	0.00010000000000000003	0.00010000000000000003	0.00010000000000000003	0.00010000000000000003	0.00010000000000000003	0.00010000000000000003	0.00010000000000000003	0.00010000000000000003
12	0.00010000000000000003	0.00010000000000000003	0.00010000000000000003	0.00010000000000000003	0.00010000000000000003	0.00010000000000000003	0.00010000000000000003	0.00010000000000000003	0.00010000000000000003	0.00010000000000000003	0.00010000000000000003	0.00010000000000000003	0.00010000000000000003	0.00010000000000000003	0.00010000000000000003	0.00010000000000000003
13	0.00010000000000000003	0.00010000000000000003	0.00010000000000000003	0.00010000000000000003	0.00010000000000000003	0.00010000000000000003	0.00010000000000000003	0.00010000000000000003	0.00010000000000000003	0.00010000000000000003	0.00010000000000000003	0.00010000000000000003	0.00010000000000000003	0.00010000000000000003	0.00010000000000000003	0.00010000000000000003
14	0.00010000000000000003	0.00010000000000000003	0.00010000000000000003	0.00010000000000000003	0.00010000000000000003	0.00010000000000000003	0.00010000000000000003	0.00010000000000000003	0.00010000000000000003	0.00010000000000000003	0.00010000000000000003	0.00010000000000000003	0.00010000000000000003	0.00010000000000000003	0.00010000000000000003	0.00010000000000000003
15	0.00010000000000000003	0.00010000000000000003	0.00010000000000000003	0.00010000000000000003	0.00010000000000000003	0.00010000000000000003	0.00010000000000000003	0.00010000000000000003	0.00010000000000000003	0.00010000000000000003	0.00010000000000000003	0.00010000000000000003	0.00010000000000000003	0.00010000000000000003	0.00010000000000000003	0.00010000000000000003
16	0.00010000000000000003	0.00010000000000000003	0.00010000000000000003	0.00010000000000000003	0.00010000000000000003	0.00010000000000000003	0.00010000000000000003	0.00010000000000000003	0.00010000000000000003	0.00010000000000000003	0.00010000000000000003	0.00010000000000000003	0.00010000000000000003	0.00010000000000000003	0.00010000000000000003	0.00010000000000000003
17	0.00010000000000000003	0.00010000000000000003	0.00010000000000000003	0.00010000000000000003	0.00010000000000000003	0.00010000000000000003	0.00010000000000000003	0.00010000000000000003	0.00010000000000000003	0.00010000000000000003	0.00010000000000000003	0.00010000000000000003	0.00010000000000000003	0.00010000000000000003	0.00010000000000000003	0.00010000000000000003
18	0.00010000000000000003	0.00010000000000000003	0.00010000000000000003	0.00010000000000000003	0.00010000000000000003	0.00010000000000000003	0.00010000000000000003	0.00010000000000000003	0.00010000000000000003	0.00010000000000000003	0.00010000000000000003	0.00010000000000000003	0.00010000000000000003	0.00010000000000000003	0.00010000000000000003	0.00010000000000000003
19	0.00010000000000000003	0.00010000000000000003	0.00010000000000000003	0.00010000000000000003	0.00010000000000000003	0.00010000000000000003	0.00010000000000000003	0.00010000000000000003	0.00010000000000000003	0.00010000000000000003	0.00010000000000000003	0.00010000000000000003	0.00010000000000000003	0.00010000000000000003	0.00010000000000000003	0.00010000000000000003
20	0.00010000000000000003	0.00010000000000000003	0.00010000000000000003	0.00010000000000000003	0.00010000000000000003	0.00010000000000000003	0.00010000000000000003	0.00010000000000000003	0.00010000000000000003	0.00010000000000000003	0.00010000000000000003	0.00010000000000000003	0.00010000000000000003	0.00010000000000000003	0.00010000000000000003	0.00010000000000000003
21	0.00010000000000000003	0.00010000000000000003	0.00010000000000000003	0.00010000000000000003	0.00010000000000000003	0.00010000000000000003	0.00010000000000000003	0.00010000000000000003	0.00010000000000000003	0.00010000000000000003	0.00010000000000000003	0.00010000000000000003	0.00010000000000000003	0.00010000000000000003	0.00010000000000000003	0.00010000000000000003
22	0.00010000000000000003	0.00010000000000000003	0.00010000000000000003	0.00010000000000000003	0.00010000000000000003	0.00010000000000000003	0.00010000000000000003	0.00010000000000000003	0.00010000000000000003	0.00010000000000000003	0.00010000000000000003	0.00010000000000000003	0.00010000000000000003	0.00010000000000000003	0.00010000000000000003	0.00010000000000000003
23	0.00010000000000000003	0.00010000000000000003	0.00010000000000000003	0.00010000000000000003	0.00010000000000000003	0.00010000000000000003	0.00010000000000000003	0.00010000000000000003	0.00010000000000000003	0.00010000000000000003	0.00010000000000000003	0.00010000000000000003	0.00010000000000000003	0.00010000000000000003	0.00010000000000000003	0.00010000000000000003
24	0.00010000000000000003	0.00010000000000000003	0.00010000000000000003	0.00010000000000000003	0.00010000000000000003	0.00010000000000000003	0.00010000000000000003	0.00010000000000000003	0.00010000000000000003	0.00010000000000000003	0.00010000000000000003	0.00010000000000000003	0.00010000000000000003	0.00010000000000000003	0.00010000000000000003	0.00010000000000000003
["PV_ROOFTOP","C1",*,*] :	1	2	3	4	5	6	7	8	9	10	11	12	13	14	15	16 := 
1	0.0	0.0	0.0	0.0	0.0	0.0	0.0	0.0	0.0	0.0	0.0	0.0	0.0	0.0	0.0	0.0
2	0.0	0.0	0.0	0.0	0.0	0.0	0.0	0.0	0.0	0.0	0.0	0.0	0.0	0.0	0.0	0.0
3	0.0	0.0	0.0	0.0	0.0	0.0	0.0	0.0	0.0	0.0	0.0	0.0	0.0	0.0	0.0	0.0
4	0.0	0.0	0.0	0.0	0.0	0.0	0.0	0.0	0.0	0.0	0.0	0.0	0.0	0.0	0.0	0.0
5	0.0	0.0	0.0	0.0	0.0	0.0	0.0	0.0	0.0	0.0	0.0	0.0	0.0	0.0	0.0	0.0
6	0.0	0.0	0.0	0.0	0.0	0.0	0.0	0.0	0.0	0.0	0.0	0.0	0.0	0.0	0.0	0.0
7	0.0	0.0	0.0	0.0	0.0	0.0	0.0	0.0	0.0	0.0	0.0	0.0	0.0	0.0	0.0	0.0
8	0.0	0.0	0.0	0.0	0.0	0.0	0.0	0.0	0.0	0.0	0.0	0.0	0.0	0.0	0.0	0.0
9	0.0	0.0	0.0	0.0	0.0	0.0	0.0	0.0	0.0	0.0	0.0	0.0	0.0	0.0	0.0	0.0
10	0.0	0.0	0.0	0.0	0.0	0.0	0.0	0.0	0.0	0.0	0.0	0.0	0.0	0.0	0.0	0.0
11	0.007539901847048109	0.006427457312237732	0.005933037518988676	0.0	0.0	0.0	0.0	0.0	0.0	0.0	0.0007416296898735845	0.002595703914557546	0.004696988035866035	0.006303852363925467	0.009764790916668863	0.011866075037977352
12	0.08948998257807919	0.09517581020044334	0.1022212922542424	0.022248890696207533	0.13361694912555747	0.08442217969727638	0.1355946282985537	0.14115685097260558	0.18182287896734048	0.10617665060023485	0.13781951736817444	0.12063842955276974	0.08059042629959619	0.08862474793989335	0.10333373678905276	0.09962558833968485
13	0.2085215478027895	0.25351374898845364	0.2501764153840225	0.08306252526584147	0.32780032292412437	0.26290772506018567	0.3631513381414319	0.3699496102986064	0.3957830444958696	0.2884939493608244	0.3328681258049272	0.29442698687981306	0.19072243524582347	0.1913404599873848	0.24560303229646874	0.24313093333022345
14	0.3256990388028158	0.39405257521949794	0.38045603090514885	0.1655070257901216	0.47254171739778555	0.4203804292100101	0.524703005585561	0.5302652282596129	0.5473227111267054	0.43595465269735545	0.49343095366255824	0.44782072773533277	0.3055514322279168	0.2790999732890923	0.3835461546129555	0.37316333895472525
15	0.41420018179439694	0.49466700314568085	0.47476660646740637	0.23175927808549515	0.5800780224294553	0.5264334748619328	0.6302616314442345	0.6308796561857959	0.6452178301900184	0.5407716488661554	0.6059114566267185	0.5538737733872553	0.3975135137722413	0.3373179039441687	0.49046443490306385	0.4674739145169828
16	0.452146900926262	0.5573347119399988	0.5067802880802826	0.27477380009816305	0.6329809403071044	0.5856402451035073	0.6868726977712516	0.685265833443192	0.7004692420856006	0.5823029114990761	0.6700624248007836	0.6066530863165922	0.45301213556444786	0.37143286967835354	0.550907254627761	0.5214892769294422
17	0.45696749391044034	0.5761226640834628	0.5124661157026469	0.29665187594943376	0.6593087942976166	0.607518320954778	0.693176550135177	0.6946598095149241	0.71517823093476	0.5773587135665855	0.6890975868408723	0.6144401980602647	0.467597519465295	0.38243371007814503	0.5596832059579318	0.5280403391899922
18	0.4216164786931328	0.5470755012300809	0.4673503095686705	0.28713429492938947	0.6509036578123827	0.5863818747933808	0.6672195109896015	0.6668486961446647	0.6905808462206194	0.5547390080254413	0.6642529922301071	0.5853930352068827	0.43694349228385354	0.35820714020894134	0.5192643878598213	0.4837897676942016
19	0.35944318969206396	0.48428418748745067	0.39170408120156486	0.26191888547368763	0.5945398013819901	0.5232197462058138	0.5830445411889497	0.6028213329189119	0.6244521988735581	0.4789691747100233	0.5952814310718638	0.5143201899273308	0.3832989447163309	0.29022441863719606	0.4273023063154969	0.40690748984397335
20	0.25536782321313756	0.37674788245578095	0.30369735800323283	0.21396016552852914	0.44670828320052236	0.40258131665304414	0.4394155912500988	0.48477860728069977	0.5148146097205799	0.3484423492922724	0.48341895284926484	0.386141858527513	0.29578664131124793	0.2012288558523659	0.3087651608840357	0.3049334074863555
21	0.1610572476508801	0.24424337786503383	0.21185888140722064	0.13683067778167635	0.31173167964353	0.2443669828133461	0.276627874322847	0.28330254153170925	0.35425178186294887	0.21396016552852914	0.32421577942306873	0.24819873621102628	0.1919584847289461	0.10790711987660655	0.1930709292637565	0.20320653502536215
22	0.06860074631330657	0.11062642873947635	0.0956702299936924	0.04820592984178299	0.12607704727850935	0.09060242711288957	0.09801872401162542	0.10444618132386314	0.12471739284707445	0.0684771413649943	0.12360494831226408	0.0960410448386292	0.08578183412871127	0.03794671913186507	0.08096124114453297	0.08405136485233958
23	0.0018540742246839611	0.00667466720886226	0.004573383087553771	0.0	0.0	0.0	0.0	0.0	0.0	0.0	0.0004944197932490563	0.0024720989662452815	0.005315012777427355	0.0	0.006303852363925467	0.004202568242616979
24	0.0	0.0	0.0	0.0	0.0	0.0	0.0	0.0	0.0	0.0	0.0	0.0	0.0	0.0	0.0	0.0
["PV_ROOFTOP","C2",*,*] :	1	2	3	4	5	6	7	8	9	10	11	12	13	14	15	16 := 
1	0.0	0.0	0.0	0.0	0.0	0.0	0.0	0.0	0.0	0.0	0.0	0.0	0.0	0.0	0.0	0.0
2	0.0	0.0	0.0	0.0	0.0	0.0	0.0	0.0	0.0	0.0	0.0	0.0	0.0	0.0	0.0	0.0
3	0.0	0.0	0.0	0.0	0.0	0.0	0.0	0.0	0.0	0.0	0.0	0.0	0.0	0.0	0.0	0.0
4	0.0	0.0	0.0	0.0	0.0	0.0	0.0	0.0	0.0	0.0	0.0	0.0	0.0	0.0	0.0	0.0
5	0.0	0.0	0.0	0.0	0.0	0.0	0.0	0.0	0.0	0.0	0.0	0.0	0.0	0.0	0.0	0.0
6	0.0	0.0	0.0	0.0	0.0	0.0	0.0	0.0	0.0	0.0	0.0	0.0	0.0	0.0	0.0	0.0
7	0.0	0.0	0.0	0.0	0.0	0.0	0.0	0.0	0.0	0.0	0.0	0.0	0.0	0.0	0.0	0.0
8	0.0	0.0	0.0	0.0	0.0	0.0	0.0	0.0	0.0	0.0	0.0	0.0	0.0	0.0	0.0	0.0
9	0.0	0.0	0.0	0.0	0.0	0.0	0.0	0.0	0.0	0.0	0.0	0.0	0.0	0.0	0.0	0.0
10	0.0	0.0	0.0	0.0	0.0	0.0	0.0	0.0	0.0	0.0	0.0	0.0	0.0	0.0	0.0	0.0
11	0.00694810323789266	0.007113865129425242	0.0052934620810973654	0.0	0.0004962930884209044	0.0	0.0	0.0	0.0	0.0	0.0021509342452161995	0.003970344707367235	0.00562498586416253	0.006121278952583433	0.008933275591576277	0.010091623659950668
12	0.08685129047365825	0.0923105144462882	0.09297256942624169	0.029281292216833354	0.1250658582820679	0.08618923549370476	0.14193982328837862	0.13548801313890688	0.18991449097367377	0.10455207976527822	0.14921845772315961	0.12589268256737712	0.10041696575255527	0.08999481089571626	0.09992067266413435	0.09429568679997181
13	0.19984035274209186	0.2529437132031286	0.21770690392524442	0.09892808648729254	0.30207672895679816	0.26253904377465836	0.3531949170641513	0.3540227339356374	0.3988538811988745	0.2818944742230736	0.33963023437143114	0.2995952635146936	0.23325775155782502	0.20364592814410334	0.23160311040102974	0.22465500716313708
14	0.3126646457051697	0.39091319178414	0.33681724514626143	0.17188317048516547	0.4448443691166628	0.4163899011851387	0.5030754297672644	0.5164753431546288	0.54757703841979	0.4364073866135074	0.4944736779587533	0.4476563657556557	0.36047454408510915	0.3055507805757445	0.354683796329414	0.3452542276494168
15	0.4043131051715044	0.48802186780928153	0.43392592117140294	0.22630964831993236	0.5391400559166346	0.5184605155083125	0.6003488750977616	0.6182154262809142	0.6446847218587547	0.555351965942992	0.6016729850576686	0.54757703841979	0.45824428250402727	0.3644448887924764	0.4456711934019721	0.43839255896719104
16	0.4395499144493886	0.5472455146367249	0.4802459476999028	0.2842101777736456	0.5874452547988182	0.5856258443366671	0.6425337876135385	0.670326200565109	0.698450137299745	0.6127562023082842	0.659077221422961	0.5963785303903943	0.5159790500662079	0.39256783294093534	0.5004291950198042	0.4921569818220045
17	0.44633324838192556	0.5695787036156656	0.5068810051692758	0.31183782141986044	0.6021692781460894	0.6112673230430214	0.6446847218587547	0.682568758470276	0.7115185269040443	0.6193737743492885	0.6733039590956346	0.6068006852472334	0.5292141941482165	0.39736500193361174	0.5111818810735315	0.5144901708009453
18	0.42598523175666847	0.55303626239242	0.5029106604619086	0.303897132005126	0.5919118925946063	0.5828138476976742	0.6175543638871376	0.6559337010009029	0.6800872930281715	0.5909193064177645	0.6420374945251176	0.568421348133468	0.49711991270621353	0.36692635423458086	0.4739598994419636	0.4916606887335836
19	0.36378283381252285	0.4840515231019143	0.4392193832525003	0.26468997801987454	0.5320261907872095	0.5037374847472178	0.518626277399845	0.5821517927177208	0.6129219641998168	0.4986087919714763	0.5662704138882518	0.4708163790199056	0.4254889386682476	0.2984379080324961	0.3996816980703605	0.42168336326623607
20	0.26832879894417666	0.37271610940409916	0.3454199895409494	0.20066816961357795	0.4015011085325116	0.3712272301388364	0.38446138163466825	0.4440165522451768	0.5014217811966459	0.3665948304515157	0.43425645236829125	0.3454199895409494	0.32275626936512036	0.20976621451050992	0.28735369819570356	0.31812386967779965
21	0.17320628785889558	0.23640127197988303	0.22316612789787435	0.11977239620097052	0.24698819614207776	0.19669782490621068	0.23755862746208056	0.26634362659049304	0.33582465896941965	0.21357178991252143	0.2744500778967601	0.22300135859251863	0.20050240772204536	0.12407327210522608	0.17783868754621632	0.20381069744945907
22	0.07460972515466822	0.09925861768418087	0.09082163518102548	0.04102656444740248	0.09512251108528104	0.061540342964192134	0.07378190828318215	0.08271518387475844	0.12523162017360046	0.06749586002524299	0.10041696575255527	0.08734758356207915	0.08073001152107483	0.04731360529151849	0.07063938044730099	0.08122630460949573
23	0.0008268242853092265	0.00347405161894633	0.0019851723536836174	0.0	0.0	0.0	0.0	0.0	0.0	0.0	0.0	0.0009925861768418087	0.0028119966389928436	0.0003305311968883223	0.0041361065988998165	0.0024814654421045214
24	0.0	0.0	0.0	0.0	0.0	0.0	0.0	0.0	0.0	0.0	0.0	0.0	0.0	0.0	0.0	0.0
["PV_ROOFTOP","C3",*,*] :	1	2	3	4	5	6	7	8	9	10	11	12	13	14	15	16 := 
1	0.0	0.0	0.0	0.0	0.0	0.0	0.0	0.0	0.0	0.0	0.0	0.0	0.0	0.0	0.0	0.0
2	0.0	0.0	0.0	0.0	0.0	0.0	0.0	0.0	0.0	0.0	0.0	0.0	0.0	0.0	0.0	0.0
3	0.0	0.0	0.0	0.0	0.0	0.0	0.0	0.0	0.0	0.0	0.0	0.0	0.0	0.0	0.0	0.0
4	0.0	0.0	0.0	0.0	0.0	0.0	0.0	0.0	0.0	0.0	0.0	0.0	0.0	0.0	0.0	0.0
5	0.0	0.0	0.0	0.0	0.0	0.0	0.0	0.0	0.0	0.0	0.0	0.0	0.0	0.0	0.0	0.0
6	0.0	0.0	0.0	0.0	0.0	0.0	0.0	0.0	0.0	0.0	0.0	0.0	0.0	0.0	0.0	0.0
7	0.0	0.0	0.0	0.0	0.0	0.0	0.0	0.0	0.0	0.0	0.0	0.0	0.0	0.0	0.0	0.0
8	0.0	0.0	0.0	0.0	0.0	0.0	0.0	0.0	0.0	0.0	0.0	0.0	0.0	0.0	0.0	0.0
9	0.0	0.0	0.0	0.0	0.0	0.0	0.0	0.0	0.0	0.0	0.0	0.0	0.0	0.0	0.0	0.0
10	0.0	0.0	0.0	0.0	0.0	0.0	0.0	0.0	0.0	0.0	0.0	0.0	0.0	0.0	0.0	0.0
11	0.0	0.0	0.0	0.0	0.0	0.0	0.0	0.0	0.0	0.0	0.0	0.0	0.0	0.0019837790951144894	0.002975668642671734	0.002975668642671734
12	0.06943226832900713	0.07439171606679335	0.08133494289969406	0.05058636692541947	0.0843106115423658	0.08827816973259477	0.09720517566060997	0.11704296661175485	0.15175910077625843	0.10315651294595343	0.11704296661175485	0.10514029204106792	0.034716134164503566	0.09026194882770926	0.08530250108992303	0.07935116380457957
13	0.19242657222610546	0.21226436317725034	0.2291264854857235	0.1596942171567164	0.26285073010266985	0.28368041060137195	0.3193884343134328	0.3451775625499211	0.3739423594290812	0.3025263120049596	0.31641276567076104	0.27772907331602853	0.14382398439580046	0.20135357815412067	0.2291264854857235	0.22119136910526555
14	0.30153442245740236	0.3521207893828218	0.34021811481213493	0.2291264854857235	0.41956927861671445	0.4384151800203021	0.4880096573981643	0.5128068960870955	0.5366122452284694	0.458252970971447	0.48404209920793534	0.4245287263545007	0.2549156137222119	0.29062363743427266	0.36799102214373774	0.361047795310837
15	0.3908044817375544	0.462220529161676	0.41262605178381373	0.26979395693557057	0.600093176272133	0.5445473616089274	0.6129877403903772	0.6139796299379344	0.6417525372695373	0.5693446002978584	0.5991012867245757	0.5415716929662556	0.3511288998352646	0.3412100043596921	0.47313131418480564	0.46916375599457666
16	0.462220529161676	0.5366122452284694	0.45031785459098905	0.29459119562450164	0.6734930027913691	0.6100120717477054	0.6744848923389264	0.6744848923389264	0.7022577996705291	0.6070364031050337	0.6655578864109112	0.6020769553672475	0.38088558626198193	0.368982911691295	0.5247095706577825	0.5276852393004542
17	0.5028880006115231	0.5643851525600722	0.4810664305652636	0.2767371837684713	0.6992821310278574	0.6298498626988503	0.6844037878144987	0.689363235552285	0.722095590621674	0.6258823045086214	0.6883713460047277	0.6179471881281634	0.38782881309488265	0.34616945209747835	0.5257014602053397	0.5445473616089274
18	0.4939609946835078	0.5584338152747287	0.46717997689946217	0.2598750614599981	0.6804362296242699	0.6110039612952627	0.6645659968633539	0.6675416655060257	0.7032496892180864	0.6070364031050337	0.6665497759584684	0.5941418389867895	0.3511288998352646	0.3025263120049596	0.49098532604083606	0.510823116991981
19	0.4453584068532028	0.5078474483493093	0.40270715630824133	0.21722381091503656	0.6169552985806062	0.5554581466320571	0.5822391644161026	0.6030688449148047	0.6437363163646518	0.5495068093467136	0.5971175076294613	0.5405798034186984	0.29657497471961614	0.2529318346270974	0.42651250544961516	0.45230163368610354
20	0.35311267893037906	0.4165936099740427	0.32335599250366176	0.16068610670427363	0.46122863961411875	0.44833407549587456	0.42849628454472966	0.4493259650434318	0.5415716929662556	0.44139084866297384	0.4919772155883933	0.4334557322825159	0.22416703774793728	0.18349956629809025	0.3372424461694632	0.3560883475730508
21	0.22416703774793728	0.27772907331602853	0.24003727050885318	0.09224572792282375	0.34021811481213493	0.2876479687916009	0.29062363743427266	0.30153442245740236	0.3908044817375544	0.24995616598442563	0.3352586670743487	0.29062363743427266	0.1448158739433577	0.11505918751664038	0.22416703774793728	0.23507782277106695
22	0.10216462339839619	0.13489697846778528	0.12001863525442659	0.03868369235473254	0.15175910077625843	0.11009973977885415	0.11208351887396864	0.13588886801534253	0.18151578720297576	0.09621328611305273	0.16266988579938813	0.11406729796908313	0.06744848923389264	0.04761069828274774	0.11009973977885415	0.10811596068373966
23	0.01091078502312969	0.014878343213358668	0.012894564118244179	0.0	0.002975668642671734	0.0	0.0	0.0	0.0	0.0	0.004959447737786223	0.007935116380457958	0.004959447737786223	0.0019837790951144894	0.013886453665801424	0.012894564118244179
24	0.0	0.0	0.0	0.0	0.0	0.0	0.0	0.0	0.0	0.0	0.0	0.0	0.0	0.0	0.0	0.0
["PV_ROOFTOP","C4",*,*] :	1	2	3	4	5	6	7	8	9	10	11	12	13	14	15	16 := 
1	0.0	0.0	0.0	0.0	0.0	0.0	0.0	0.0	0.0	0.0	0.0	0.0	0.0	0.0	0.0	0.0
2	0.0	0.0	0.0	0.0	0.0	0.0	0.0	0.0	0.0	0.0	0.0	0.0	0.0	0.0	0.0	0.0
3	0.0	0.0	0.0	0.0	0.0	0.0	0.0	0.0	0.0	0.0	0.0	0.0	0.0	0.0	0.0	0.0
4	0.0	0.0	0.0	0.0	0.0	0.0	0.0	0.0	0.0	0.0	0.0	0.0	0.0	0.0	0.0	0.0
5	0.0	0.0	0.0	0.0	0.0	0.0	0.0	0.0	0.0	0.0	0.0	0.0	0.0	0.0	0.0	0.0
6	0.0	0.0	0.0	0.0	0.0	0.0	0.0	0.0	0.0	0.0	0.0	0.0	0.0	0.0	0.0	0.0
7	0.0	0.0	0.0	0.0	0.0	0.0	0.0	0.0	0.0	0.0	0.0	0.0	0.0	0.0	0.0	0.0
8	0.0	0.0	0.0	0.0	0.0	0.0	0.0	0.0	0.0	0.0	0.0	0.0	0.0	0.0	0.0	0.0
9	0.0	0.0	0.0	0.0	0.0	0.0	0.0	0.0	0.0	0.0	0.0	0.0	0.0	0.0	0.0	0.0
10	0.0	0.0	0.0	0.0	0.0	0.0	0.0	0.0	0.0	0.0	0.0	0.0	0.0	0.0	0.0	0.0
11	0.010940993678424124	0.01293026525631942	0.00646513262815971	0.0	0.0	0.0	0.0	0.0	0.0	0.0	0.003481225261316767	0.003481225261316767	0.00646513262815971	0.00646513262815971	0.010443675783950302	0.01293026525631942
12	0.09598235363344801	0.11289116204555802	0.08802526732186682	0.0457532462915918	0.09747430731686949	0.09598235363344801	0.1312919241410895	0.12880533466872038	0.19295934305584367	0.09896626100029095	0.14322755360846126	0.11090189046766272	0.08951722100528829	0.08106281679923329	0.10294480415608154	0.10195016836713389
13	0.21782523777953486	0.27253020617165546	0.20340301883979395	0.12383215572398214	0.24318845039769985	0.26158921249323136	0.3277324924582499	0.33817616824220026	0.4018328587348497	0.2620865303877052	0.3277324924582499	0.2546267619705978	0.19395397884479132	0.1854995746387363	0.23821527145296162	0.2267769598800637
14	0.3371815324532526	0.4023301766293235	0.30734245878482314	0.22230109882979926	0.36403669875483907	0.38840527558405646	0.48040908606171384	0.5191998818306721	0.5525201807604183	0.40829799136300937	0.47692786080039706	0.3963623618956376	0.31331027351850904	0.2804872924832366	0.3630420629658914	0.33966812192562174
15	0.4232175281972241	0.4923447155290856	0.4023301766293235	0.3187807703577211	0.46051637028276093	0.46200832396618235	0.5753968039062142	0.6256259112480704	0.6499944880772878	0.516713292358303	0.5793753470620048	0.5187025639361983	0.409292627151957	0.3466305724482552	0.4495753766043368	0.4192389850414335
16	0.46200832396618235	0.5530174986548921	0.44758610502644147	0.38442673242826586	0.5107454776246171	0.502291073418562	0.6141875996751726	0.6574542564943952	0.7007209133136179	0.5714182607504236	0.6315937259817563	0.578878029167531	0.4555431913380227	0.39337845452879466	0.5007991197351406	0.4580297808103918
17	0.4595217344938133	0.5555040881272613	0.4615110060717086	0.40630871978511407	0.5455577302377848	0.5271569681422533	0.6136902817806986	0.6753577006954529	0.7101699533086204	0.5604772670719995	0.6375615407154422	0.5848458439012169	0.4868742186898735	0.40282749452379735	0.508258888152248	0.4525592839711797
18	0.43067729661433146	0.5187025639361983	0.4257041176695932	0.39536772610668997	0.5356113723483082	0.5012964376296144	0.5679370354891068	0.657951574388869	0.6828174691125601	0.5390925976096251	0.6012573344188531	0.5569960418106827	0.46300295975513	0.37845891769457995	0.4779224965893447	0.4152604418856429
19	0.3675179240161558	0.44559683344854617	0.3774642819056323	0.3386734861366741	0.47096004606671116	0.41874166714695965	0.4963232586848762	0.5997653807354315	0.612695645991751	0.47841981448381854	0.5261623323533057	0.47891713237829237	0.39884895136800674	0.3346949429808835	0.39536772610668997	0.35806888402115317
20	0.25910262302086223	0.316294180885352	0.2824765640611319	0.2566160335484931	0.3486198440261505	0.2864551072169225	0.36403669875483907	0.4868742186898735	0.4943339871069809	0.38392941453379203	0.403822130312745	0.34762520823720283	0.2973961008953466	0.251145536709281	0.27800070301086754	0.2700436166992864
21	0.16162831570399275	0.19693788621163424	0.1874888462166316	0.1626229514929404	0.20837619778453217	0.13725973887477538	0.2128520588347966	0.27650874932744607	0.31579686299087817	0.2337394104026972	0.24468040408112132	0.21782523777953486	0.18102371358847189	0.1332811957189848	0.166601494648731	0.17157467359346923
22	0.06315937259817563	0.079073545221338	0.07608963785449505	0.0561969220755421	0.059180829442385036	0.030336391562903256	0.06365669049264945	0.08504135995502389	0.09647967152792183	0.0646513262815971	0.08752794942739299	0.07658695574896887	0.0666405978594924	0.04674788208053944	0.06017546523133269	0.0711164589097568
23	0.0	0.0009946357889476477	0.0	0.0	0.0	0.0	0.0	0.0	0.0	0.0	0.0	0.0	0.0009946357889476477	0.0	0.0014919536834214716	0.0009946357889476477
24	0.0	0.0	0.0	0.0	0.0	0.0	0.0	0.0	0.0	0.0	0.0	0.0	0.0	0.0	0.0	0.0
["PV_ROOFTOP","C5",*,*] :	1	2	3	4	5	6	7	8	9	10	11	12	13	14	15	16 := 
1	0.0	0.0	0.0	0.0	0.0	0.0	0.0	0.0	0.0	0.0	0.0	0.0	0.0	0.0	0.0	0.0
2	0.0	0.0	0.0	0.0	0.0	0.0	0.0	0.0	0.0	0.0	0.0	0.0	0.0	0.0	0.0	0.0
3	0.0	0.0	0.0	0.0	0.0	0.0	0.0	0.0	0.0	0.0	0.0	0.0	0.0	0.0	0.0	0.0
4	0.0	0.0	0.0	0.0	0.0	0.0	0.0	0.0	0.0	0.0	0.0	0.0	0.0	0.0	0.0	0.0
5	0.0	0.0	0.0	0.0	0.0	0.0	0.0	0.0	0.0	0.0	0.0	0.0	0.0	0.0	0.0	0.0
6	0.0	0.0	0.0	0.0	0.0	0.0	0.0	0.0	0.0	0.0	0.0	0.0	0.0	0.0	0.0	0.0
7	0.0	0.0	0.0	0.0	0.0	0.0	0.0	0.0	0.0	0.0	0.0	0.0	0.0	0.0	0.0	0.0
8	0.0	0.0	0.0	0.0	0.0	0.0	0.0	0.0	0.0	0.0	0.0	0.0	0.0	0.0	0.0	0.0
9	0.0	0.0	0.0	0.0	0.0	0.0	0.0	0.0	0.0	0.0	0.0	0.0	0.0	0.0	0.0	0.0
10	0.0	0.0	0.0	0.0	0.0	0.0	0.0	0.0	0.0	0.0	0.0	0.0	0.0	0.0	0.0	0.0
11	0.0019852702120753225	0.0019852702120753225	0.0019852702120753225	0.0	0.0	0.0	0.0	0.0	0.0	0.0	0.0	0.0	0.0	0.004963175530188306	0.005955810636225967	0.005955810636225967
12	0.07841817337697524	0.08635925422527652	0.09231506486150248	0.04069803934754411	0.11514567230036869	0.06749918721056096	0.12010884783055699	0.12606465846678297	0.16577006270828942	0.10819722655810507	0.13400573931508425	0.11514567230036869	0.06154337657433499	0.09827087549772846	0.08735188933131417	0.08735188933131417
13	0.20051229141960755	0.23525452013092568	0.24418823608526463	0.13400573931508425	0.32062113925016456	0.22830607438866207	0.3494075573252567	0.35536336796148266	0.38514242114261255	0.30275370734148666	0.3325327605226165	0.289849450962997	0.19058594035923093	0.20746073716187116	0.23525452013092568	0.22830607438866207
14	0.3196285041441269	0.37422343497619825	0.3613191785977086	0.22036499354036077	0.4903617423826046	0.3781939754003489	0.5131923498214708	0.5181555253516591	0.5409861327905253	0.45959005409543713	0.49234701259467994	0.4317962711263826	0.31268005840186325	0.2938199913871477	0.37720134029431124	0.360326543491671
15	0.42484782538411897	0.4754722157920397	0.4466857977169475	0.2650335733120555	0.6104705902131616	0.4754722157920397	0.6233748465916512	0.6223822114856136	0.6432275487124044	0.5638167402293914	0.6045147795769357	0.5429714030026007	0.4020172179452528	0.35834127327959564	0.4933396477007176	0.4625679594135501
16	0.477457486004115	0.5459493083207136	0.49135437748864225	0.2829010052207334	0.6749918721056096	0.5459493083207136	0.6819403178478732	0.6710213316814589	0.7017930199686264	0.6015368742588226	0.6700286965754213	0.5965736987286343	0.4317962711263826	0.3762087051882736	0.5548830242750526	0.5231187008818474
17	0.48440593174637864	0.5687799157595798	0.5161702551395838	0.2660262084180932	0.699807749756551	0.5926031583044836	0.6809476827418356	0.6829329529539108	0.720653086983342	0.6194043061675005	0.6898813986961745	0.6084853200010862	0.45363424345921116	0.38216451582449956	0.5608388349112785	0.5439640381086384
18	0.45363424345921116	0.5578609295931656	0.48341329664034094	0.24815877650941529	0.6779697774237227	0.58565471256222	0.6601023455150447	0.659109710409007	0.6988151146505134	0.5955810636225967	0.668043426363346	0.5846620774561824	0.40698039347544107	0.34444438179506837	0.5112070796093955	0.5181555253516591
19	0.38712769135468783	0.5092218093973202	0.40300985305129045	0.23922506055507634	0.6174190359554252	0.5499198487448643	0.588632617880333	0.5965736987286343	0.6372717380761784	0.536022957260337	0.5995516040467473	0.5221260657758098	0.3414664764769554	0.2551072222516789	0.42782573070223195	0.4447005275048722
20	0.2580851275697919	0.41194356900562934	0.2938199913871477	0.19058594035923093	0.477457486004115	0.4695164051558137	0.4824206615343033	0.4724943104739267	0.5330450519422241	0.41194356900562934	0.4933396477007176	0.41591410942978	0.25212931693356594	0.17569641376866602	0.32062113925016456	0.34444438179506837
21	0.17966695419281667	0.24915141161545296	0.19257121057130627	0.12407938825470764	0.32856222009846586	0.28786418075092174	0.26701884352413086	0.24915141161545296	0.3791866105063866	0.22334289885847375	0.33948120626488015	0.2729746541603568	0.14988790101168684	0.10323405102791676	0.2223502637524361	0.23029134460073739
22	0.08338134890716355	0.12110148293659466	0.09032979464942716	0.050624390407920716	0.14889526590564917	0.12606465846678297	0.10025614570980378	0.10124878081584143	0.1687479680264024	0.08834452443735184	0.13202046910300894	0.10224141592187909	0.06352864678641032	0.04069803934754411	0.10224141592187909	0.10422668613395442
23	0.005955810636225967	0.010918986166414272	0.00893371595433895	0.0	0.0009926351060376612	0.0	0.0	0.0	0.0	0.0	0.0019852702120753225	0.005955810636225967	0.0029779053181129833	0.0	0.012904256378489595	0.00893371595433895
24	0.0	0.0	0.0	0.0	0.0	0.0	0.0	0.0	0.0	0.0	0.0	0.0	0.0	0.0	0.0	0.0
["PV_UTILITY","C1",*,*] :	1	2	3	4	5	6	7	8	9	10	11	12	13	14	15	16 := 
1	0.0	0.0	0.0	0.0	0.0	0.0	0.0	0.0	0.0	0.0	0.0	0.0	0.0	0.0	0.0	0.0
2	0.0	0.0	0.0	0.0	0.0	0.0	0.0	0.0	0.0	0.0	0.0	0.0	0.0	0.0	0.0	0.0
3	0.0	0.0	0.0	0.0	0.0	0.0	0.0	0.0	0.0	0.0	0.0	0.0	0.0	0.0	0.0	0.0
4	0.0	0.0	0.0	0.0	0.0	0.0	0.0	0.0	0.0	0.0	0.0	0.0	0.0	0.0	0.0	0.0
5	0.0	0.0	0.0	0.0	0.0	0.0	0.0	0.0	0.0	0.0	0.0	0.0	0.0	0.0	0.0	0.0
6	0.0	0.0	0.0	0.0	0.0	0.0	0.0	0.0	0.0	0.0	0.0	0.0	0.0	0.0	0.0	0.0
7	0.0	0.0	0.0	0.0	0.0	0.0	0.0	0.0	0.0	0.0	0.0	0.0	0.0	0.0	0.0	0.0
8	0.0	0.0	0.0	0.0	0.0	0.0	0.0	0.0	0.0	0.0	0.0	0.0	0.0	0.0	0.0	0.0
9	0.0	0.0	0.0	0.0	0.0	0.0	0.0	0.0	0.0	0.0	0.0	0.0	0.0	0.0	0.0	0.0
10	0.0	0.0	0.0	0.0	0.0	0.0	0.0	0.0	0.0	0.0	0.0	0.0	0.0	0.0	0.0	0.0
11	0.007539901847048109	0.006427457312237732	0.005933037518988676	0.0	0.0	0.0	0.0	0.0	0.0	0.0	0.0007416296898735845	0.002595703914557546	0.004696988035866035	0.006303852363925467	0.009764790916668863	0.011866075037977352
12	0.08948998257807919	0.09517581020044334	0.1022212922542424	0.022248890696207533	0.13361694912555747	0.08442217969727638	0.1355946282985537	0.14115685097260558	0.18182287896734048	0.10617665060023485	0.13781951736817444	0.12063842955276974	0.08059042629959619	0.08862474793989335	0.10333373678905276	0.09962558833968485
13	0.2085215478027895	0.25351374898845364	0.2501764153840225	0.08306252526584147	0.32780032292412437	0.26290772506018567	0.3631513381414319	0.3699496102986064	0.3957830444958696	0.2884939493608244	0.3328681258049272	0.29442698687981306	0.19072243524582347	0.1913404599873848	0.24560303229646874	0.24313093333022345
14	0.3256990388028158	0.39405257521949794	0.38045603090514885	0.1655070257901216	0.47254171739778555	0.4203804292100101	0.524703005585561	0.5302652282596129	0.5473227111267054	0.43595465269735545	0.49343095366255824	0.44782072773533277	0.3055514322279168	0.2790999732890923	0.3835461546129555	0.37316333895472525
15	0.41420018179439694	0.49466700314568085	0.47476660646740637	0.23175927808549515	0.5800780224294553	0.5264334748619328	0.6302616314442345	0.6308796561857959	0.6452178301900184	0.5407716488661554	0.6059114566267185	0.5538737733872553	0.3975135137722413	0.3373179039441687	0.49046443490306385	0.4674739145169828
16	0.452146900926262	0.5573347119399988	0.5067802880802826	0.27477380009816305	0.6329809403071044	0.5856402451035073	0.6868726977712516	0.685265833443192	0.7004692420856006	0.5823029114990761	0.6700624248007836	0.6066530863165922	0.45301213556444786	0.37143286967835354	0.550907254627761	0.5214892769294422
17	0.45696749391044034	0.5761226640834628	0.5124661157026469	0.29665187594943376	0.6593087942976166	0.607518320954778	0.693176550135177	0.6946598095149241	0.71517823093476	0.5773587135665855	0.6890975868408723	0.6144401980602647	0.467597519465295	0.38243371007814503	0.5596832059579318	0.5280403391899922
18	0.4216164786931328	0.5470755012300809	0.4673503095686705	0.28713429492938947	0.6509036578123827	0.5863818747933808	0.6672195109896015	0.6668486961446647	0.6905808462206194	0.5547390080254413	0.6642529922301071	0.5853930352068827	0.43694349228385354	0.35820714020894134	0.5192643878598213	0.4837897676942016
19	0.35944318969206396	0.48428418748745067	0.39170408120156486	0.26191888547368763	0.5945398013819901	0.5232197462058138	0.5830445411889497	0.6028213329189119	0.6244521988735581	0.4789691747100233	0.5952814310718638	0.5143201899273308	0.3832989447163309	0.29022441863719606	0.4273023063154969	0.40690748984397335
20	0.25536782321313756	0.37674788245578095	0.30369735800323283	0.21396016552852914	0.44670828320052236	0.40258131665304414	0.4394155912500988	0.48477860728069977	0.5148146097205799	0.3484423492922724	0.48341895284926484	0.386141858527513	0.29578664131124793	0.2012288558523659	0.3087651608840357	0.3049334074863555
21	0.1610572476508801	0.24424337786503383	0.21185888140722064	0.13683067778167635	0.31173167964353	0.2443669828133461	0.276627874322847	0.28330254153170925	0.35425178186294887	0.21396016552852914	0.32421577942306873	0.24819873621102628	0.1919584847289461	0.10790711987660655	0.1930709292637565	0.20320653502536215
22	0.06860074631330657	0.11062642873947635	0.0956702299936924	0.04820592984178299	0.12607704727850935	0.09060242711288957	0.09801872401162542	0.10444618132386314	0.12471739284707445	0.0684771413649943	0.12360494831226408	0.0960410448386292	0.08578183412871127	0.03794671913186507	0.08096124114453297	0.08405136485233958
23	0.0018540742246839611	0.00667466720886226	0.004573383087553771	0.0	0.0	0.0	0.0	0.0	0.0	0.0	0.0004944197932490563	0.0024720989662452815	0.005315012777427355	0.0	0.006303852363925467	0.004202568242616979
24	0.0	0.0	0.0	0.0	0.0	0.0	0.0	0.0	0.0	0.0	0.0	0.0	0.0	0.0	0.0	0.0
["PV_UTILITY","C2",*,*] :	1	2	3	4	5	6	7	8	9	10	11	12	13	14	15	16 := 
1	0.0	0.0	0.0	0.0	0.0	0.0	0.0	0.0	0.0	0.0	0.0	0.0	0.0	0.0	0.0	0.0
2	0.0	0.0	0.0	0.0	0.0	0.0	0.0	0.0	0.0	0.0	0.0	0.0	0.0	0.0	0.0	0.0
3	0.0	0.0	0.0	0.0	0.0	0.0	0.0	0.0	0.0	0.0	0.0	0.0	0.0	0.0	0.0	0.0
4	0.0	0.0	0.0	0.0	0.0	0.0	0.0	0.0	0.0	0.0	0.0	0.0	0.0	0.0	0.0	0.0
5	0.0	0.0	0.0	0.0	0.0	0.0	0.0	0.0	0.0	0.0	0.0	0.0	0.0	0.0	0.0	0.0
6	0.0	0.0	0.0	0.0	0.0	0.0	0.0	0.0	0.0	0.0	0.0	0.0	0.0	0.0	0.0	0.0
7	0.0	0.0	0.0	0.0	0.0	0.0	0.0	0.0	0.0	0.0	0.0	0.0	0.0	0.0	0.0	0.0
8	0.0	0.0	0.0	0.0	0.0	0.0	0.0	0.0	0.0	0.0	0.0	0.0	0.0	0.0	0.0	0.0
9	0.0	0.0	0.0	0.0	0.0	0.0	0.0	0.0	0.0	0.0	0.0	0.0	0.0	0.0	0.0	0.0
10	0.0	0.0	0.0	0.0	0.0	0.0	0.0	0.0	0.0	0.0	0.0	0.0	0.0	0.0	0.0	0.0
11	0.00694810323789266	0.007113865129425242	0.0052934620810973654	0.0	0.0004962930884209044	0.0	0.0	0.0	0.0	0.0	0.0021509342452161995	0.003970344707367235	0.00562498586416253	0.006121278952583433	0.008933275591576277	0.010091623659950668
12	0.08685129047365825	0.0923105144462882	0.09297256942624169	0.029281292216833354	0.1250658582820679	0.08618923549370476	0.14193982328837862	0.13548801313890688	0.18991449097367377	0.10455207976527822	0.14921845772315961	0.12589268256737712	0.10041696575255527	0.08999481089571626	0.09992067266413435	0.09429568679997181
13	0.19984035274209186	0.2529437132031286	0.21770690392524442	0.09892808648729254	0.30207672895679816	0.26253904377465836	0.3531949170641513	0.3540227339356374	0.3988538811988745	0.2818944742230736	0.33963023437143114	0.2995952635146936	0.23325775155782502	0.20364592814410334	0.23160311040102974	0.22465500716313708
14	0.3126646457051697	0.39091319178414	0.33681724514626143	0.17188317048516547	0.4448443691166628	0.4163899011851387	0.5030754297672644	0.5164753431546288	0.54757703841979	0.4364073866135074	0.4944736779587533	0.4476563657556557	0.36047454408510915	0.3055507805757445	0.354683796329414	0.3452542276494168
15	0.4043131051715044	0.48802186780928153	0.43392592117140294	0.22630964831993236	0.5391400559166346	0.5184605155083125	0.6003488750977616	0.6182154262809142	0.6446847218587547	0.555351965942992	0.6016729850576686	0.54757703841979	0.45824428250402727	0.3644448887924764	0.4456711934019721	0.43839255896719104
16	0.4395499144493886	0.5472455146367249	0.4802459476999028	0.2842101777736456	0.5874452547988182	0.5856258443366671	0.6425337876135385	0.670326200565109	0.698450137299745	0.6127562023082842	0.659077221422961	0.5963785303903943	0.5159790500662079	0.39256783294093534	0.5004291950198042	0.4921569818220045
17	0.44633324838192556	0.5695787036156656	0.5068810051692758	0.31183782141986044	0.6021692781460894	0.6112673230430214	0.6446847218587547	0.682568758470276	0.7115185269040443	0.6193737743492885	0.6733039590956346	0.6068006852472334	0.5292141941482165	0.39736500193361174	0.5111818810735315	0.5144901708009453
18	0.42598523175666847	0.55303626239242	0.5029106604619086	0.303897132005126	0.5919118925946063	0.5828138476976742	0.6175543638871376	0.6559337010009029	0.6800872930281715	0.5909193064177645	0.6420374945251176	0.568421348133468	0.49711991270621353	0.36692635423458086	0.4739598994419636	0.4916606887335836
19	0.36378283381252285	0.4840515231019143	0.4392193832525003	0.26468997801987454	0.5320261907872095	0.5037374847472178	0.518626277399845	0.5821517927177208	0.6129219641998168	0.4986087919714763	0.5662704138882518	0.4708163790199056	0.4254889386682476	0.2984379080324961	0.3996816980703605	0.42168336326623607
20	0.26832879894417666	0.37271610940409916	0.3454199895409494	0.20066816961357795	0.4015011085325116	0.3712272301388364	0.38446138163466825	0.4440165522451768	0.5014217811966459	0.3665948304515157	0.43425645236829125	0.3454199895409494	0.32275626936512036	0.20976621451050992	0.28735369819570356	0.31812386967779965
21	0.17320628785889558	0.23640127197988303	0.22316612789787435	0.11977239620097052	0.24698819614207776	0.19669782490621068	0.23755862746208056	0.26634362659049304	0.33582465896941965	0.21357178991252143	0.2744500778967601	0.22300135859251863	0.20050240772204536	0.12407327210522608	0.17783868754621632	0.20381069744945907
22	0.07460972515466822	0.09925861768418087	0.09082163518102548	0.04102656444740248	0.09512251108528104	0.061540342964192134	0.07378190828318215	0.08271518387475844	0.12523162017360046	0.06749586002524299	0.10041696575255527	0.08734758356207915	0.08073001152107483	0.04731360529151849	0.07063938044730099	0.08122630460949573
23	0.0008268242853092265	0.00347405161894633	0.0019851723536836174	0.0	0.0	0.0	0.0	0.0	0.0	0.0	0.0	0.0009925861768418087	0.0028119966389928436	0.0003305311968883223	0.0041361065988998165	0.0024814654421045214
24	0.0	0.0	0.0	0.0	0.0	0.0	0.0	0.0	0.0	0.0	0.0	0.0	0.0	0.0	0.0	0.0
["PV_UTILITY","C3",*,*] :	1	2	3	4	5	6	7	8	9	10	11	12	13	14	15	16 := 
1	0.0	0.0	0.0	0.0	0.0	0.0	0.0	0.0	0.0	0.0	0.0	0.0	0.0	0.0	0.0	0.0
2	0.0	0.0	0.0	0.0	0.0	0.0	0.0	0.0	0.0	0.0	0.0	0.0	0.0	0.0	0.0	0.0
3	0.0	0.0	0.0	0.0	0.0	0.0	0.0	0.0	0.0	0.0	0.0	0.0	0.0	0.0	0.0	0.0
4	0.0	0.0	0.0	0.0	0.0	0.0	0.0	0.0	0.0	0.0	0.0	0.0	0.0	0.0	0.0	0.0
5	0.0	0.0	0.0	0.0	0.0	0.0	0.0	0.0	0.0	0.0	0.0	0.0	0.0	0.0	0.0	0.0
6	0.0	0.0	0.0	0.0	0.0	0.0	0.0	0.0	0.0	0.0	0.0	0.0	0.0	0.0	0.0	0.0
7	0.0	0.0	0.0	0.0	0.0	0.0	0.0	0.0	0.0	0.0	0.0	0.0	0.0	0.0	0.0	0.0
8	0.0	0.0	0.0	0.0	0.0	0.0	0.0	0.0	0.0	0.0	0.0	0.0	0.0	0.0	0.0	0.0
9	0.0	0.0	0.0	0.0	0.0	0.0	0.0	0.0	0.0	0.0	0.0	0.0	0.0	0.0	0.0	0.0
10	0.0	0.0	0.0	0.0	0.0	0.0	0.0	0.0	0.0	0.0	0.0	0.0	0.0	0.0	0.0	0.0
11	0.0	0.0	0.0	0.0	0.0	0.0	0.0	0.0	0.0	0.0	0.0	0.0	0.0	0.0019837790951144894	0.002975668642671734	0.002975668642671734
12	0.06943226832900713	0.07439171606679335	0.08133494289969406	0.05058636692541947	0.0843106115423658	0.08827816973259477	0.09720517566060997	0.11704296661175485	0.15175910077625843	0.10315651294595343	0.11704296661175485	0.10514029204106792	0.034716134164503566	0.09026194882770926	0.08530250108992303	0.07935116380457957
13	0.19242657222610546	0.21226436317725034	0.2291264854857235	0.1596942171567164	0.26285073010266985	0.28368041060137195	0.3193884343134328	0.3451775625499211	0.3739423594290812	0.3025263120049596	0.31641276567076104	0.27772907331602853	0.14382398439580046	0.20135357815412067	0.2291264854857235	0.22119136910526555
14	0.30153442245740236	0.3521207893828218	0.34021811481213493	0.2291264854857235	0.41956927861671445	0.4384151800203021	0.4880096573981643	0.5128068960870955	0.5366122452284694	0.458252970971447	0.48404209920793534	0.4245287263545007	0.2549156137222119	0.29062363743427266	0.36799102214373774	0.361047795310837
15	0.3908044817375544	0.462220529161676	0.41262605178381373	0.26979395693557057	0.600093176272133	0.5445473616089274	0.6129877403903772	0.6139796299379344	0.6417525372695373	0.5693446002978584	0.5991012867245757	0.5415716929662556	0.3511288998352646	0.3412100043596921	0.47313131418480564	0.46916375599457666
16	0.462220529161676	0.5366122452284694	0.45031785459098905	0.29459119562450164	0.6734930027913691	0.6100120717477054	0.6744848923389264	0.6744848923389264	0.7022577996705291	0.6070364031050337	0.6655578864109112	0.6020769553672475	0.38088558626198193	0.368982911691295	0.5247095706577825	0.5276852393004542
17	0.5028880006115231	0.5643851525600722	0.4810664305652636	0.2767371837684713	0.6992821310278574	0.6298498626988503	0.6844037878144987	0.689363235552285	0.722095590621674	0.6258823045086214	0.6883713460047277	0.6179471881281634	0.38782881309488265	0.34616945209747835	0.5257014602053397	0.5445473616089274
18	0.4939609946835078	0.5584338152747287	0.46717997689946217	0.2598750614599981	0.6804362296242699	0.6110039612952627	0.6645659968633539	0.6675416655060257	0.7032496892180864	0.6070364031050337	0.6665497759584684	0.5941418389867895	0.3511288998352646	0.3025263120049596	0.49098532604083606	0.510823116991981
19	0.4453584068532028	0.5078474483493093	0.40270715630824133	0.21722381091503656	0.6169552985806062	0.5554581466320571	0.5822391644161026	0.6030688449148047	0.6437363163646518	0.5495068093467136	0.5971175076294613	0.5405798034186984	0.29657497471961614	0.2529318346270974	0.42651250544961516	0.45230163368610354
20	0.35311267893037906	0.4165936099740427	0.32335599250366176	0.16068610670427363	0.46122863961411875	0.44833407549587456	0.42849628454472966	0.4493259650434318	0.5415716929662556	0.44139084866297384	0.4919772155883933	0.4334557322825159	0.22416703774793728	0.18349956629809025	0.3372424461694632	0.3560883475730508
21	0.22416703774793728	0.27772907331602853	0.24003727050885318	0.09224572792282375	0.34021811481213493	0.2876479687916009	0.29062363743427266	0.30153442245740236	0.3908044817375544	0.24995616598442563	0.3352586670743487	0.29062363743427266	0.1448158739433577	0.11505918751664038	0.22416703774793728	0.23507782277106695
22	0.10216462339839619	0.13489697846778528	0.12001863525442659	0.03868369235473254	0.15175910077625843	0.11009973977885415	0.11208351887396864	0.13588886801534253	0.18151578720297576	0.09621328611305273	0.16266988579938813	0.11406729796908313	0.06744848923389264	0.04761069828274774	0.11009973977885415	0.10811596068373966
23	0.01091078502312969	0.014878343213358668	0.012894564118244179	0.0	0.002975668642671734	0.0	0.0	0.0	0.0	0.0	0.004959447737786223	0.007935116380457958	0.004959447737786223	0.0019837790951144894	0.013886453665801424	0.012894564118244179
24	0.0	0.0	0.0	0.0	0.0	0.0	0.0	0.0	0.0	0.0	0.0	0.0	0.0	0.0	0.0	0.0
["PV_UTILITY","C4",*,*] :	1	2	3	4	5	6	7	8	9	10	11	12	13	14	15	16 := 
1	0.0	0.0	0.0	0.0	0.0	0.0	0.0	0.0	0.0	0.0	0.0	0.0	0.0	0.0	0.0	0.0
2	0.0	0.0	0.0	0.0	0.0	0.0	0.0	0.0	0.0	0.0	0.0	0.0	0.0	0.0	0.0	0.0
3	0.0	0.0	0.0	0.0	0.0	0.0	0.0	0.0	0.0	0.0	0.0	0.0	0.0	0.0	0.0	0.0
4	0.0	0.0	0.0	0.0	0.0	0.0	0.0	0.0	0.0	0.0	0.0	0.0	0.0	0.0	0.0	0.0
5	0.0	0.0	0.0	0.0	0.0	0.0	0.0	0.0	0.0	0.0	0.0	0.0	0.0	0.0	0.0	0.0
6	0.0	0.0	0.0	0.0	0.0	0.0	0.0	0.0	0.0	0.0	0.0	0.0	0.0	0.0	0.0	0.0
7	0.0	0.0	0.0	0.0	0.0	0.0	0.0	0.0	0.0	0.0	0.0	0.0	0.0	0.0	0.0	0.0
8	0.0	0.0	0.0	0.0	0.0	0.0	0.0	0.0	0.0	0.0	0.0	0.0	0.0	0.0	0.0	0.0
9	0.0	0.0	0.0	0.0	0.0	0.0	0.0	0.0	0.0	0.0	0.0	0.0	0.0	0.0	0.0	0.0
10	0.0	0.0	0.0	0.0	0.0	0.0	0.0	0.0	0.0	0.0	0.0	0.0	0.0	0.0	0.0	0.0
11	0.010940993678424124	0.01293026525631942	0.00646513262815971	0.0	0.0	0.0	0.0	0.0	0.0	0.0	0.003481225261316767	0.003481225261316767	0.00646513262815971	0.00646513262815971	0.010443675783950302	0.01293026525631942
12	0.09598235363344801	0.11289116204555802	0.08802526732186682	0.0457532462915918	0.09747430731686949	0.09598235363344801	0.1312919241410895	0.12880533466872038	0.19295934305584367	0.09896626100029095	0.14322755360846126	0.11090189046766272	0.08951722100528829	0.08106281679923329	0.10294480415608154	0.10195016836713389
13	0.21782523777953486	0.27253020617165546	0.20340301883979395	0.12383215572398214	0.24318845039769985	0.26158921249323136	0.3277324924582499	0.33817616824220026	0.4018328587348497	0.2620865303877052	0.3277324924582499	0.2546267619705978	0.19395397884479132	0.1854995746387363	0.23821527145296162	0.2267769598800637
14	0.3371815324532526	0.4023301766293235	0.30734245878482314	0.22230109882979926	0.36403669875483907	0.38840527558405646	0.48040908606171384	0.5191998818306721	0.5525201807604183	0.40829799136300937	0.47692786080039706	0.3963623618956376	0.31331027351850904	0.2804872924832366	0.3630420629658914	0.33966812192562174
15	0.4232175281972241	0.4923447155290856	0.4023301766293235	0.3187807703577211	0.46051637028276093	0.46200832396618235	0.5753968039062142	0.6256259112480704	0.6499944880772878	0.516713292358303	0.5793753470620048	0.5187025639361983	0.409292627151957	0.3466305724482552	0.4495753766043368	0.4192389850414335
16	0.46200832396618235	0.5530174986548921	0.44758610502644147	0.38442673242826586	0.5107454776246171	0.502291073418562	0.6141875996751726	0.6574542564943952	0.7007209133136179	0.5714182607504236	0.6315937259817563	0.578878029167531	0.4555431913380227	0.39337845452879466	0.5007991197351406	0.4580297808103918
17	0.4595217344938133	0.5555040881272613	0.4615110060717086	0.40630871978511407	0.5455577302377848	0.5271569681422533	0.6136902817806986	0.6753577006954529	0.7101699533086204	0.5604772670719995	0.6375615407154422	0.5848458439012169	0.4868742186898735	0.40282749452379735	0.508258888152248	0.4525592839711797
18	0.43067729661433146	0.5187025639361983	0.4257041176695932	0.39536772610668997	0.5356113723483082	0.5012964376296144	0.5679370354891068	0.657951574388869	0.6828174691125601	0.5390925976096251	0.6012573344188531	0.5569960418106827	0.46300295975513	0.37845891769457995	0.4779224965893447	0.4152604418856429
19	0.3675179240161558	0.44559683344854617	0.3774642819056323	0.3386734861366741	0.47096004606671116	0.41874166714695965	0.4963232586848762	0.5997653807354315	0.612695645991751	0.47841981448381854	0.5261623323533057	0.47891713237829237	0.39884895136800674	0.3346949429808835	0.39536772610668997	0.35806888402115317
20	0.25910262302086223	0.316294180885352	0.2824765640611319	0.2566160335484931	0.3486198440261505	0.2864551072169225	0.36403669875483907	0.4868742186898735	0.4943339871069809	0.38392941453379203	0.403822130312745	0.34762520823720283	0.2973961008953466	0.251145536709281	0.27800070301086754	0.2700436166992864
21	0.16162831570399275	0.19693788621163424	0.1874888462166316	0.1626229514929404	0.20837619778453217	0.13725973887477538	0.2128520588347966	0.27650874932744607	0.31579686299087817	0.2337394104026972	0.24468040408112132	0.21782523777953486	0.18102371358847189	0.1332811957189848	0.166601494648731	0.17157467359346923
22	0.06315937259817563	0.079073545221338	0.07608963785449505	0.0561969220755421	0.059180829442385036	0.030336391562903256	0.06365669049264945	0.08504135995502389	0.09647967152792183	0.0646513262815971	0.08752794942739299	0.07658695574896887	0.0666405978594924	0.04674788208053944	0.06017546523133269	0.0711164589097568
23	0.0	0.0009946357889476477	0.0	0.0	0.0	0.0	0.0	0.0	0.0	0.0	0.0	0.0	0.0009946357889476477	0.0	0.0014919536834214716	0.0009946357889476477
24	0.0	0.0	0.0	0.0	0.0	0.0	0.0	0.0	0.0	0.0	0.0	0.0	0.0	0.0	0.0	0.0
["PV_UTILITY","C5",*,*] :	1	2	3	4	5	6	7	8	9	10	11	12	13	14	15	16 := 
1	0.0	0.0	0.0	0.0	0.0	0.0	0.0	0.0	0.0	0.0	0.0	0.0	0.0	0.0	0.0	0.0
2	0.0	0.0	0.0	0.0	0.0	0.0	0.0	0.0	0.0	0.0	0.0	0.0	0.0	0.0	0.0	0.0
3	0.0	0.0	0.0	0.0	0.0	0.0	0.0	0.0	0.0	0.0	0.0	0.0	0.0	0.0	0.0	0.0
4	0.0	0.0	0.0	0.0	0.0	0.0	0.0	0.0	0.0	0.0	0.0	0.0	0.0	0.0	0.0	0.0
5	0.0	0.0	0.0	0.0	0.0	0.0	0.0	0.0	0.0	0.0	0.0	0.0	0.0	0.0	0.0	0.0
6	0.0	0.0	0.0	0.0	0.0	0.0	0.0	0.0	0.0	0.0	0.0	0.0	0.0	0.0	0.0	0.0
7	0.0	0.0	0.0	0.0	0.0	0.0	0.0	0.0	0.0	0.0	0.0	0.0	0.0	0.0	0.0	0.0
8	0.0	0.0	0.0	0.0	0.0	0.0	0.0	0.0	0.0	0.0	0.0	0.0	0.0	0.0	0.0	0.0
9	0.0	0.0	0.0	0.0	0.0	0.0	0.0	0.0	0.0	0.0	0.0	0.0	0.0	0.0	0.0	0.0
10	0.0	0.0	0.0	0.0	0.0	0.0	0.0	0.0	0.0	0.0	0.0	0.0	0.0	0.0	0.0	0.0
11	0.0019852702120753225	0.0019852702120753225	0.0019852702120753225	0.0	0.0	0.0	0.0	0.0	0.0	0.0	0.0	0.0	0.0	0.004963175530188306	0.005955810636225967	0.005955810636225967
12	0.07841817337697524	0.08635925422527652	0.09231506486150248	0.04069803934754411	0.11514567230036869	0.06749918721056096	0.12010884783055699	0.12606465846678297	0.16577006270828942	0.10819722655810507	0.13400573931508425	0.11514567230036869	0.06154337657433499	0.09827087549772846	0.08735188933131417	0.08735188933131417
13	0.20051229141960755	0.23525452013092568	0.24418823608526463	0.13400573931508425	0.32062113925016456	0.22830607438866207	0.3494075573252567	0.35536336796148266	0.38514242114261255	0.30275370734148666	0.3325327605226165	0.289849450962997	0.19058594035923093	0.20746073716187116	0.23525452013092568	0.22830607438866207
14	0.3196285041441269	0.37422343497619825	0.3613191785977086	0.22036499354036077	0.4903617423826046	0.3781939754003489	0.5131923498214708	0.5181555253516591	0.5409861327905253	0.45959005409543713	0.49234701259467994	0.4317962711263826	0.31268005840186325	0.2938199913871477	0.37720134029431124	0.360326543491671
15	0.42484782538411897	0.4754722157920397	0.4466857977169475	0.2650335733120555	0.6104705902131616	0.4754722157920397	0.6233748465916512	0.6223822114856136	0.6432275487124044	0.5638167402293914	0.6045147795769357	0.5429714030026007	0.4020172179452528	0.35834127327959564	0.4933396477007176	0.4625679594135501
16	0.477457486004115	0.5459493083207136	0.49135437748864225	0.2829010052207334	0.6749918721056096	0.5459493083207136	0.6819403178478732	0.6710213316814589	0.7017930199686264	0.6015368742588226	0.6700286965754213	0.5965736987286343	0.4317962711263826	0.3762087051882736	0.5548830242750526	0.5231187008818474
17	0.48440593174637864	0.5687799157595798	0.5161702551395838	0.2660262084180932	0.699807749756551	0.5926031583044836	0.6809476827418356	0.6829329529539108	0.720653086983342	0.6194043061675005	0.6898813986961745	0.6084853200010862	0.45363424345921116	0.38216451582449956	0.5608388349112785	0.5439640381086384
18	0.45363424345921116	0.5578609295931656	0.48341329664034094	0.24815877650941529	0.6779697774237227	0.58565471256222	0.6601023455150447	0.659109710409007	0.6988151146505134	0.5955810636225967	0.668043426363346	0.5846620774561824	0.40698039347544107	0.34444438179506837	0.5112070796093955	0.5181555253516591
19	0.38712769135468783	0.5092218093973202	0.40300985305129045	0.23922506055507634	0.6174190359554252	0.5499198487448643	0.588632617880333	0.5965736987286343	0.6372717380761784	0.536022957260337	0.5995516040467473	0.5221260657758098	0.3414664764769554	0.2551072222516789	0.42782573070223195	0.4447005275048722
20	0.2580851275697919	0.41194356900562934	0.2938199913871477	0.19058594035923093	0.477457486004115	0.4695164051558137	0.4824206615343033	0.4724943104739267	0.5330450519422241	0.41194356900562934	0.4933396477007176	0.41591410942978	0.25212931693356594	0.17569641376866602	0.32062113925016456	0.34444438179506837
21	0.17966695419281667	0.24915141161545296	0.19257121057130627	0.12407938825470764	0.32856222009846586	0.28786418075092174	0.26701884352413086	0.24915141161545296	0.3791866105063866	0.22334289885847375	0.33948120626488015	0.2729746541603568	0.14988790101168684	0.10323405102791676	0.2223502637524361	0.23029134460073739
22	0.08338134890716355	0.12110148293659466	0.09032979464942716	0.050624390407920716	0.14889526590564917	0.12606465846678297	0.10025614570980378	0.10124878081584143	0.1687479680264024	0.08834452443735184	0.13202046910300894	0.10224141592187909	0.06352864678641032	0.04069803934754411	0.10224141592187909	0.10422668613395442
23	0.005955810636225967	0.010918986166414272	0.00893371595433895	0.0	0.0009926351060376612	0.0	0.0	0.0	0.0	0.0	0.0019852702120753225	0.005955810636225967	0.0029779053181129833	0.0	0.012904256378489595	0.00893371595433895
24	0.0	0.0	0.0	0.0	0.0	0.0	0.0	0.0	0.0	0.0	0.0	0.0	0.0	0.0	0.0	0.0
["PV_HS","C1",*,*] :	1	2	3	4	5	6	7	8	9	10	11	12	13	14	15	16 := 
1	0.0	0.0	0.0	0.0	0.0	0.0	0.0	0.0	0.0	0.0	0.0	0.0	0.0	0.0	0.0	0.0
2	0.0	0.0	0.0	0.0	0.0	0.0	0.0	0.0	0.0	0.0	0.0	0.0	0.0	0.0	0.0	0.0
3	0.0	0.0	0.0	0.0	0.0	0.0	0.0	0.0	0.0	0.0	0.0	0.0	0.0	0.0	0.0	0.0
4	0.0	0.0	0.0	0.0	0.0	0.0	0.0	0.0	0.0	0.0	0.0	0.0	0.0	0.0	0.0	0.0
5	0.0	0.0	0.0	0.0	0.0	0.0	0.0	0.0	0.0	0.0	0.0	0.0	0.0	0.0	0.0	0.0
6	0.0	0.0	0.0	0.0	0.0	0.0	0.0	0.0	0.0	0.0	0.0	0.0	0.0	0.0	0.0	0.0
7	0.0	0.0	0.0	0.0	0.0	0.0	0.0	0.0	0.0	0.0	0.0	0.0	0.0	0.0	0.0	0.0
8	0.0	0.0	0.0	0.0	0.0	0.0	0.0	0.0	0.0	0.0	0.0	0.0	0.0	0.0	0.0	0.0
9	0.0	0.0	0.0	0.0	0.0	0.0	0.0	0.0	0.0	0.0	0.0	0.0	0.0	0.0	0.0	0.0
10	0.0	0.0	0.0	0.0	0.0	0.0	0.0	0.0	0.0	0.0	0.0	0.0	0.0	0.0	0.0	0.0
11	0.007539901847048109	0.006427457312237732	0.005933037518988676	0.0	0.0	0.0	0.0	0.0	0.0	0.0	0.0007416296898735845	0.002595703914557546	0.004696988035866035	0.006303852363925467	0.009764790916668863	0.011866075037977352
12	0.08948998257807919	0.09517581020044334	0.1022212922542424	0.022248890696207533	0.13361694912555747	0.08442217969727638	0.1355946282985537	0.14115685097260558	0.18182287896734048	0.10617665060023485	0.13781951736817444	0.12063842955276974	0.08059042629959619	0.08862474793989335	0.10333373678905276	0.09962558833968485
13	0.2085215478027895	0.25351374898845364	0.2501764153840225	0.08306252526584147	0.32780032292412437	0.26290772506018567	0.3631513381414319	0.3699496102986064	0.3957830444958696	0.2884939493608244	0.3328681258049272	0.29442698687981306	0.19072243524582347	0.1913404599873848	0.24560303229646874	0.24313093333022345
14	0.3256990388028158	0.39405257521949794	0.38045603090514885	0.1655070257901216	0.47254171739778555	0.4203804292100101	0.524703005585561	0.5302652282596129	0.5473227111267054	0.43595465269735545	0.49343095366255824	0.44782072773533277	0.3055514322279168	0.2790999732890923	0.3835461546129555	0.37316333895472525
15	0.41420018179439694	0.49466700314568085	0.47476660646740637	0.23175927808549515	0.5800780224294553	0.5264334748619328	0.6302616314442345	0.6308796561857959	0.6452178301900184	0.5407716488661554	0.6059114566267185	0.5538737733872553	0.3975135137722413	0.3373179039441687	0.49046443490306385	0.4674739145169828
16	0.452146900926262	0.5573347119399988	0.5067802880802826	0.27477380009816305	0.6329809403071044	0.5856402451035073	0.6868726977712516	0.685265833443192	0.7004692420856006	0.5823029114990761	0.6700624248007836	0.6066530863165922	0.45301213556444786	0.37143286967835354	0.550907254627761	0.5214892769294422
17	0.45696749391044034	0.5761226640834628	0.5124661157026469	0.29665187594943376	0.6593087942976166	0.607518320954778	0.693176550135177	0.6946598095149241	0.71517823093476	0.5773587135665855	0.6890975868408723	0.6144401980602647	0.467597519465295	0.38243371007814503	0.5596832059579318	0.5280403391899922
18	0.4216164786931328	0.5470755012300809	0.4673503095686705	0.28713429492938947	0.6509036578123827	0.5863818747933808	0.6672195109896015	0.6668486961446647	0.6905808462206194	0.5547390080254413	0.6642529922301071	0.5853930352068827	0.43694349228385354	0.35820714020894134	0.5192643878598213	0.4837897676942016
19	0.35944318969206396	0.48428418748745067	0.39170408120156486	0.26191888547368763	0.5945398013819901	0.5232197462058138	0.5830445411889497	0.6028213329189119	0.6244521988735581	0.4789691747100233	0.5952814310718638	0.5143201899273308	0.3832989447163309	0.29022441863719606	0.4273023063154969	0.40690748984397335
20	0.25536782321313756	0.37674788245578095	0.30369735800323283	0.21396016552852914	0.44670828320052236	0.40258131665304414	0.4394155912500988	0.48477860728069977	0.5148146097205799	0.3484423492922724	0.48341895284926484	0.386141858527513	0.29578664131124793	0.2012288558523659	0.3087651608840357	0.3049334074863555
21	0.1610572476508801	0.24424337786503383	0.21185888140722064	0.13683067778167635	0.31173167964353	0.2443669828133461	0.276627874322847	0.28330254153170925	0.35425178186294887	0.21396016552852914	0.32421577942306873	0.24819873621102628	0.1919584847289461	0.10790711987660655	0.1930709292637565	0.20320653502536215
22	0.06860074631330657	0.11062642873947635	0.0956702299936924	0.04820592984178299	0.12607704727850935	0.09060242711288957	0.09801872401162542	0.10444618132386314	0.12471739284707445	0.0684771413649943	0.12360494831226408	0.0960410448386292	0.08578183412871127	0.03794671913186507	0.08096124114453297	0.08405136485233958
23	0.0018540742246839611	0.00667466720886226	0.004573383087553771	0.0	0.0	0.0	0.0	0.0	0.0	0.0	0.0004944197932490563	0.0024720989662452815	0.005315012777427355	0.0	0.006303852363925467	0.004202568242616979
24	0.0	0.0	0.0	0.0	0.0	0.0	0.0	0.0	0.0	0.0	0.0	0.0	0.0	0.0	0.0	0.0
["PV_HS","C2",*,*] :	1	2	3	4	5	6	7	8	9	10	11	12	13	14	15	16 := 
1	0.0	0.0	0.0	0.0	0.0	0.0	0.0	0.0	0.0	0.0	0.0	0.0	0.0	0.0	0.0	0.0
2	0.0	0.0	0.0	0.0	0.0	0.0	0.0	0.0	0.0	0.0	0.0	0.0	0.0	0.0	0.0	0.0
3	0.0	0.0	0.0	0.0	0.0	0.0	0.0	0.0	0.0	0.0	0.0	0.0	0.0	0.0	0.0	0.0
4	0.0	0.0	0.0	0.0	0.0	0.0	0.0	0.0	0.0	0.0	0.0	0.0	0.0	0.0	0.0	0.0
5	0.0	0.0	0.0	0.0	0.0	0.0	0.0	0.0	0.0	0.0	0.0	0.0	0.0	0.0	0.0	0.0
6	0.0	0.0	0.0	0.0	0.0	0.0	0.0	0.0	0.0	0.0	0.0	0.0	0.0	0.0	0.0	0.0
7	0.0	0.0	0.0	0.0	0.0	0.0	0.0	0.0	0.0	0.0	0.0	0.0	0.0	0.0	0.0	0.0
8	0.0	0.0	0.0	0.0	0.0	0.0	0.0	0.0	0.0	0.0	0.0	0.0	0.0	0.0	0.0	0.0
9	0.0	0.0	0.0	0.0	0.0	0.0	0.0	0.0	0.0	0.0	0.0	0.0	0.0	0.0	0.0	0.0
10	0.0	0.0	0.0	0.0	0.0	0.0	0.0	0.0	0.0	0.0	0.0	0.0	0.0	0.0	0.0	0.0
11	0.00694810323789266	0.007113865129425242	0.0052934620810973654	0.0	0.0004962930884209044	0.0	0.0	0.0	0.0	0.0	0.0021509342452161995	0.003970344707367235	0.00562498586416253	0.006121278952583433	0.008933275591576277	0.010091623659950668
12	0.08685129047365825	0.0923105144462882	0.09297256942624169	0.029281292216833354	0.1250658582820679	0.08618923549370476	0.14193982328837862	0.13548801313890688	0.18991449097367377	0.10455207976527822	0.14921845772315961	0.12589268256737712	0.10041696575255527	0.08999481089571626	0.09992067266413435	0.09429568679997181
13	0.19984035274209186	0.2529437132031286	0.21770690392524442	0.09892808648729254	0.30207672895679816	0.26253904377465836	0.3531949170641513	0.3540227339356374	0.3988538811988745	0.2818944742230736	0.33963023437143114	0.2995952635146936	0.23325775155782502	0.20364592814410334	0.23160311040102974	0.22465500716313708
14	0.3126646457051697	0.39091319178414	0.33681724514626143	0.17188317048516547	0.4448443691166628	0.4163899011851387	0.5030754297672644	0.5164753431546288	0.54757703841979	0.4364073866135074	0.4944736779587533	0.4476563657556557	0.36047454408510915	0.3055507805757445	0.354683796329414	0.3452542276494168
15	0.4043131051715044	0.48802186780928153	0.43392592117140294	0.22630964831993236	0.5391400559166346	0.5184605155083125	0.6003488750977616	0.6182154262809142	0.6446847218587547	0.555351965942992	0.6016729850576686	0.54757703841979	0.45824428250402727	0.3644448887924764	0.4456711934019721	0.43839255896719104
16	0.4395499144493886	0.5472455146367249	0.4802459476999028	0.2842101777736456	0.5874452547988182	0.5856258443366671	0.6425337876135385	0.670326200565109	0.698450137299745	0.6127562023082842	0.659077221422961	0.5963785303903943	0.5159790500662079	0.39256783294093534	0.5004291950198042	0.4921569818220045
17	0.44633324838192556	0.5695787036156656	0.5068810051692758	0.31183782141986044	0.6021692781460894	0.6112673230430214	0.6446847218587547	0.682568758470276	0.7115185269040443	0.6193737743492885	0.6733039590956346	0.6068006852472334	0.5292141941482165	0.39736500193361174	0.5111818810735315	0.5144901708009453
18	0.42598523175666847	0.55303626239242	0.5029106604619086	0.303897132005126	0.5919118925946063	0.5828138476976742	0.6175543638871376	0.6559337010009029	0.6800872930281715	0.5909193064177645	0.6420374945251176	0.568421348133468	0.49711991270621353	0.36692635423458086	0.4739598994419636	0.4916606887335836
19	0.36378283381252285	0.4840515231019143	0.4392193832525003	0.26468997801987454	0.5320261907872095	0.5037374847472178	0.518626277399845	0.5821517927177208	0.6129219641998168	0.4986087919714763	0.5662704138882518	0.4708163790199056	0.4254889386682476	0.2984379080324961	0.3996816980703605	0.42168336326623607
20	0.26832879894417666	0.37271610940409916	0.3454199895409494	0.20066816961357795	0.4015011085325116	0.3712272301388364	0.38446138163466825	0.4440165522451768	0.5014217811966459	0.3665948304515157	0.43425645236829125	0.3454199895409494	0.32275626936512036	0.20976621451050992	0.28735369819570356	0.31812386967779965
21	0.17320628785889558	0.23640127197988303	0.22316612789787435	0.11977239620097052	0.24698819614207776	0.19669782490621068	0.23755862746208056	0.26634362659049304	0.33582465896941965	0.21357178991252143	0.2744500778967601	0.22300135859251863	0.20050240772204536	0.12407327210522608	0.17783868754621632	0.20381069744945907
22	0.07460972515466822	0.09925861768418087	0.09082163518102548	0.04102656444740248	0.09512251108528104	0.061540342964192134	0.07378190828318215	0.08271518387475844	0.12523162017360046	0.06749586002524299	0.10041696575255527	0.08734758356207915	0.08073001152107483	0.04731360529151849	0.07063938044730099	0.08122630460949573
23	0.0008268242853092265	0.00347405161894633	0.0019851723536836174	0.0	0.0	0.0	0.0	0.0	0.0	0.0	0.0	0.0009925861768418087	0.0028119966389928436	0.0003305311968883223	0.0041361065988998165	0.0024814654421045214
24	0.0	0.0	0.0	0.0	0.0	0.0	0.0	0.0	0.0	0.0	0.0	0.0	0.0	0.0	0.0	0.0
["PV_HS","C3",*,*] :	1	2	3	4	5	6	7	8	9	10	11	12	13	14	15	16 := 
1	0.0	0.0	0.0	0.0	0.0	0.0	0.0	0.0	0.0	0.0	0.0	0.0	0.0	0.0	0.0	0.0
2	0.0	0.0	0.0	0.0	0.0	0.0	0.0	0.0	0.0	0.0	0.0	0.0	0.0	0.0	0.0	0.0
3	0.0	0.0	0.0	0.0	0.0	0.0	0.0	0.0	0.0	0.0	0.0	0.0	0.0	0.0	0.0	0.0
4	0.0	0.0	0.0	0.0	0.0	0.0	0.0	0.0	0.0	0.0	0.0	0.0	0.0	0.0	0.0	0.0
5	0.0	0.0	0.0	0.0	0.0	0.0	0.0	0.0	0.0	0.0	0.0	0.0	0.0	0.0	0.0	0.0
6	0.0	0.0	0.0	0.0	0.0	0.0	0.0	0.0	0.0	0.0	0.0	0.0	0.0	0.0	0.0	0.0
7	0.0	0.0	0.0	0.0	0.0	0.0	0.0	0.0	0.0	0.0	0.0	0.0	0.0	0.0	0.0	0.0
8	0.0	0.0	0.0	0.0	0.0	0.0	0.0	0.0	0.0	0.0	0.0	0.0	0.0	0.0	0.0	0.0
9	0.0	0.0	0.0	0.0	0.0	0.0	0.0	0.0	0.0	0.0	0.0	0.0	0.0	0.0	0.0	0.0
10	0.0	0.0	0.0	0.0	0.0	0.0	0.0	0.0	0.0	0.0	0.0	0.0	0.0	0.0	0.0	0.0
11	0.0	0.0	0.0	0.0	0.0	0.0	0.0	0.0	0.0	0.0	0.0	0.0	0.0	0.0019837790951144894	0.002975668642671734	0.002975668642671734
12	0.06943226832900713	0.07439171606679335	0.08133494289969406	0.05058636692541947	0.0843106115423658	0.08827816973259477	0.09720517566060997	0.11704296661175485	0.15175910077625843	0.10315651294595343	0.11704296661175485	0.10514029204106792	0.034716134164503566	0.09026194882770926	0.08530250108992303	0.07935116380457957
13	0.19242657222610546	0.21226436317725034	0.2291264854857235	0.1596942171567164	0.26285073010266985	0.28368041060137195	0.3193884343134328	0.3451775625499211	0.3739423594290812	0.3025263120049596	0.31641276567076104	0.27772907331602853	0.14382398439580046	0.20135357815412067	0.2291264854857235	0.22119136910526555
14	0.30153442245740236	0.3521207893828218	0.34021811481213493	0.2291264854857235	0.41956927861671445	0.4384151800203021	0.4880096573981643	0.5128068960870955	0.5366122452284694	0.458252970971447	0.48404209920793534	0.4245287263545007	0.2549156137222119	0.29062363743427266	0.36799102214373774	0.361047795310837
15	0.3908044817375544	0.462220529161676	0.41262605178381373	0.26979395693557057	0.600093176272133	0.5445473616089274	0.6129877403903772	0.6139796299379344	0.6417525372695373	0.5693446002978584	0.5991012867245757	0.5415716929662556	0.3511288998352646	0.3412100043596921	0.47313131418480564	0.46916375599457666
16	0.462220529161676	0.5366122452284694	0.45031785459098905	0.29459119562450164	0.6734930027913691	0.6100120717477054	0.6744848923389264	0.6744848923389264	0.7022577996705291	0.6070364031050337	0.6655578864109112	0.6020769553672475	0.38088558626198193	0.368982911691295	0.5247095706577825	0.5276852393004542
17	0.5028880006115231	0.5643851525600722	0.4810664305652636	0.2767371837684713	0.6992821310278574	0.6298498626988503	0.6844037878144987	0.689363235552285	0.722095590621674	0.6258823045086214	0.6883713460047277	0.6179471881281634	0.38782881309488265	0.34616945209747835	0.5257014602053397	0.5445473616089274
18	0.4939609946835078	0.5584338152747287	0.46717997689946217	0.2598750614599981	0.6804362296242699	0.6110039612952627	0.6645659968633539	0.6675416655060257	0.7032496892180864	0.6070364031050337	0.6665497759584684	0.5941418389867895	0.3511288998352646	0.3025263120049596	0.49098532604083606	0.510823116991981
19	0.4453584068532028	0.5078474483493093	0.40270715630824133	0.21722381091503656	0.6169552985806062	0.5554581466320571	0.5822391644161026	0.6030688449148047	0.6437363163646518	0.5495068093467136	0.5971175076294613	0.5405798034186984	0.29657497471961614	0.2529318346270974	0.42651250544961516	0.45230163368610354
20	0.35311267893037906	0.4165936099740427	0.32335599250366176	0.16068610670427363	0.46122863961411875	0.44833407549587456	0.42849628454472966	0.4493259650434318	0.5415716929662556	0.44139084866297384	0.4919772155883933	0.4334557322825159	0.22416703774793728	0.18349956629809025	0.3372424461694632	0.3560883475730508
21	0.22416703774793728	0.27772907331602853	0.24003727050885318	0.09224572792282375	0.34021811481213493	0.2876479687916009	0.29062363743427266	0.30153442245740236	0.3908044817375544	0.24995616598442563	0.3352586670743487	0.29062363743427266	0.1448158739433577	0.11505918751664038	0.22416703774793728	0.23507782277106695
22	0.10216462339839619	0.13489697846778528	0.12001863525442659	0.03868369235473254	0.15175910077625843	0.11009973977885415	0.11208351887396864	0.13588886801534253	0.18151578720297576	0.09621328611305273	0.16266988579938813	0.11406729796908313	0.06744848923389264	0.04761069828274774	0.11009973977885415	0.10811596068373966
23	0.01091078502312969	0.014878343213358668	0.012894564118244179	0.0	0.002975668642671734	0.0	0.0	0.0	0.0	0.0	0.004959447737786223	0.007935116380457958	0.004959447737786223	0.0019837790951144894	0.013886453665801424	0.012894564118244179
24	0.0	0.0	0.0	0.0	0.0	0.0	0.0	0.0	0.0	0.0	0.0	0.0	0.0	0.0	0.0	0.0
["PV_HS","C4",*,*] :	1	2	3	4	5	6	7	8	9	10	11	12	13	14	15	16 := 
1	0.0	0.0	0.0	0.0	0.0	0.0	0.0	0.0	0.0	0.0	0.0	0.0	0.0	0.0	0.0	0.0
2	0.0	0.0	0.0	0.0	0.0	0.0	0.0	0.0	0.0	0.0	0.0	0.0	0.0	0.0	0.0	0.0
3	0.0	0.0	0.0	0.0	0.0	0.0	0.0	0.0	0.0	0.0	0.0	0.0	0.0	0.0	0.0	0.0
4	0.0	0.0	0.0	0.0	0.0	0.0	0.0	0.0	0.0	0.0	0.0	0.0	0.0	0.0	0.0	0.0
5	0.0	0.0	0.0	0.0	0.0	0.0	0.0	0.0	0.0	0.0	0.0	0.0	0.0	0.0	0.0	0.0
6	0.0	0.0	0.0	0.0	0.0	0.0	0.0	0.0	0.0	0.0	0.0	0.0	0.0	0.0	0.0	0.0
7	0.0	0.0	0.0	0.0	0.0	0.0	0.0	0.0	0.0	0.0	0.0	0.0	0.0	0.0	0.0	0.0
8	0.0	0.0	0.0	0.0	0.0	0.0	0.0	0.0	0.0	0.0	0.0	0.0	0.0	0.0	0.0	0.0
9	0.0	0.0	0.0	0.0	0.0	0.0	0.0	0.0	0.0	0.0	0.0	0.0	0.0	0.0	0.0	0.0
10	0.0	0.0	0.0	0.0	0.0	0.0	0.0	0.0	0.0	0.0	0.0	0.0	0.0	0.0	0.0	0.0
11	0.010940993678424124	0.01293026525631942	0.00646513262815971	0.0	0.0	0.0	0.0	0.0	0.0	0.0	0.003481225261316767	0.003481225261316767	0.00646513262815971	0.00646513262815971	0.010443675783950302	0.01293026525631942
12	0.09598235363344801	0.11289116204555802	0.08802526732186682	0.0457532462915918	0.09747430731686949	0.09598235363344801	0.1312919241410895	0.12880533466872038	0.19295934305584367	0.09896626100029095	0.14322755360846126	0.11090189046766272	0.08951722100528829	0.08106281679923329	0.10294480415608154	0.10195016836713389
13	0.21782523777953486	0.27253020617165546	0.20340301883979395	0.12383215572398214	0.24318845039769985	0.26158921249323136	0.3277324924582499	0.33817616824220026	0.4018328587348497	0.2620865303877052	0.3277324924582499	0.2546267619705978	0.19395397884479132	0.1854995746387363	0.23821527145296162	0.2267769598800637
14	0.3371815324532526	0.4023301766293235	0.30734245878482314	0.22230109882979926	0.36403669875483907	0.38840527558405646	0.48040908606171384	0.5191998818306721	0.5525201807604183	0.40829799136300937	0.47692786080039706	0.3963623618956376	0.31331027351850904	0.2804872924832366	0.3630420629658914	0.33966812192562174
15	0.4232175281972241	0.4923447155290856	0.4023301766293235	0.3187807703577211	0.46051637028276093	0.46200832396618235	0.5753968039062142	0.6256259112480704	0.6499944880772878	0.516713292358303	0.5793753470620048	0.5187025639361983	0.409292627151957	0.3466305724482552	0.4495753766043368	0.4192389850414335
16	0.46200832396618235	0.5530174986548921	0.44758610502644147	0.38442673242826586	0.5107454776246171	0.502291073418562	0.6141875996751726	0.6574542564943952	0.7007209133136179	0.5714182607504236	0.6315937259817563	0.578878029167531	0.4555431913380227	0.39337845452879466	0.5007991197351406	0.4580297808103918
17	0.4595217344938133	0.5555040881272613	0.4615110060717086	0.40630871978511407	0.5455577302377848	0.5271569681422533	0.6136902817806986	0.6753577006954529	0.7101699533086204	0.5604772670719995	0.6375615407154422	0.5848458439012169	0.4868742186898735	0.40282749452379735	0.508258888152248	0.4525592839711797
18	0.43067729661433146	0.5187025639361983	0.4257041176695932	0.39536772610668997	0.5356113723483082	0.5012964376296144	0.5679370354891068	0.657951574388869	0.6828174691125601	0.5390925976096251	0.6012573344188531	0.5569960418106827	0.46300295975513	0.37845891769457995	0.4779224965893447	0.4152604418856429
19	0.3675179240161558	0.44559683344854617	0.3774642819056323	0.3386734861366741	0.47096004606671116	0.41874166714695965	0.4963232586848762	0.5997653807354315	0.612695645991751	0.47841981448381854	0.5261623323533057	0.47891713237829237	0.39884895136800674	0.3346949429808835	0.39536772610668997	0.35806888402115317
20	0.25910262302086223	0.316294180885352	0.2824765640611319	0.2566160335484931	0.3486198440261505	0.2864551072169225	0.36403669875483907	0.4868742186898735	0.4943339871069809	0.38392941453379203	0.403822130312745	0.34762520823720283	0.2973961008953466	0.251145536709281	0.27800070301086754	0.2700436166992864
21	0.16162831570399275	0.19693788621163424	0.1874888462166316	0.1626229514929404	0.20837619778453217	0.13725973887477538	0.2128520588347966	0.27650874932744607	0.31579686299087817	0.2337394104026972	0.24468040408112132	0.21782523777953486	0.18102371358847189	0.1332811957189848	0.166601494648731	0.17157467359346923
22	0.06315937259817563	0.079073545221338	0.07608963785449505	0.0561969220755421	0.059180829442385036	0.030336391562903256	0.06365669049264945	0.08504135995502389	0.09647967152792183	0.0646513262815971	0.08752794942739299	0.07658695574896887	0.0666405978594924	0.04674788208053944	0.06017546523133269	0.0711164589097568
23	0.0	0.0009946357889476477	0.0	0.0	0.0	0.0	0.0	0.0	0.0	0.0	0.0	0.0	0.0009946357889476477	0.0	0.0014919536834214716	0.0009946357889476477
24	0.0	0.0	0.0	0.0	0.0	0.0	0.0	0.0	0.0	0.0	0.0	0.0	0.0	0.0	0.0	0.0
["PV_HS","C5",*,*] :	1	2	3	4	5	6	7	8	9	10	11	12	13	14	15	16 := 
1	0.0	0.0	0.0	0.0	0.0	0.0	0.0	0.0	0.0	0.0	0.0	0.0	0.0	0.0	0.0	0.0
2	0.0	0.0	0.0	0.0	0.0	0.0	0.0	0.0	0.0	0.0	0.0	0.0	0.0	0.0	0.0	0.0
3	0.0	0.0	0.0	0.0	0.0	0.0	0.0	0.0	0.0	0.0	0.0	0.0	0.0	0.0	0.0	0.0
4	0.0	0.0	0.0	0.0	0.0	0.0	0.0	0.0	0.0	0.0	0.0	0.0	0.0	0.0	0.0	0.0
5	0.0	0.0	0.0	0.0	0.0	0.0	0.0	0.0	0.0	0.0	0.0	0.0	0.0	0.0	0.0	0.0
6	0.0	0.0	0.0	0.0	0.0	0.0	0.0	0.0	0.0	0.0	0.0	0.0	0.0	0.0	0.0	0.0
7	0.0	0.0	0.0	0.0	0.0	0.0	0.0	0.0	0.0	0.0	0.0	0.0	0.0	0.0	0.0	0.0
8	0.0	0.0	0.0	0.0	0.0	0.0	0.0	0.0	0.0	0.0	0.0	0.0	0.0	0.0	0.0	0.0
9	0.0	0.0	0.0	0.0	0.0	0.0	0.0	0.0	0.0	0.0	0.0	0.0	0.0	0.0	0.0	0.0
10	0.0	0.0	0.0	0.0	0.0	0.0	0.0	0.0	0.0	0.0	0.0	0.0	0.0	0.0	0.0	0.0
11	0.0019852702120753225	0.0019852702120753225	0.0019852702120753225	0.0	0.0	0.0	0.0	0.0	0.0	0.0	0.0	0.0	0.0	0.004963175530188306	0.005955810636225967	0.005955810636225967
12	0.07841817337697524	0.08635925422527652	0.09231506486150248	0.04069803934754411	0.11514567230036869	0.06749918721056096	0.12010884783055699	0.12606465846678297	0.16577006270828942	0.10819722655810507	0.13400573931508425	0.11514567230036869	0.06154337657433499	0.09827087549772846	0.08735188933131417	0.08735188933131417
13	0.20051229141960755	0.23525452013092568	0.24418823608526463	0.13400573931508425	0.32062113925016456	0.22830607438866207	0.3494075573252567	0.35536336796148266	0.38514242114261255	0.30275370734148666	0.3325327605226165	0.289849450962997	0.19058594035923093	0.20746073716187116	0.23525452013092568	0.22830607438866207
14	0.3196285041441269	0.37422343497619825	0.3613191785977086	0.22036499354036077	0.4903617423826046	0.3781939754003489	0.5131923498214708	0.5181555253516591	0.5409861327905253	0.45959005409543713	0.49234701259467994	0.4317962711263826	0.31268005840186325	0.2938199913871477	0.37720134029431124	0.360326543491671
15	0.42484782538411897	0.4754722157920397	0.4466857977169475	0.2650335733120555	0.6104705902131616	0.4754722157920397	0.6233748465916512	0.6223822114856136	0.6432275487124044	0.5638167402293914	0.6045147795769357	0.5429714030026007	0.4020172179452528	0.35834127327959564	0.4933396477007176	0.4625679594135501
16	0.477457486004115	0.5459493083207136	0.49135437748864225	0.2829010052207334	0.6749918721056096	0.5459493083207136	0.6819403178478732	0.6710213316814589	0.7017930199686264	0.6015368742588226	0.6700286965754213	0.5965736987286343	0.4317962711263826	0.3762087051882736	0.5548830242750526	0.5231187008818474
17	0.48440593174637864	0.5687799157595798	0.5161702551395838	0.2660262084180932	0.699807749756551	0.5926031583044836	0.6809476827418356	0.6829329529539108	0.720653086983342	0.6194043061675005	0.6898813986961745	0.6084853200010862	0.45363424345921116	0.38216451582449956	0.5608388349112785	0.5439640381086384
18	0.45363424345921116	0.5578609295931656	0.48341329664034094	0.24815877650941529	0.6779697774237227	0.58565471256222	0.6601023455150447	0.659109710409007	0.6988151146505134	0.5955810636225967	0.668043426363346	0.5846620774561824	0.40698039347544107	0.34444438179506837	0.5112070796093955	0.5181555253516591
19	0.38712769135468783	0.5092218093973202	0.40300985305129045	0.23922506055507634	0.6174190359554252	0.5499198487448643	0.588632617880333	0.5965736987286343	0.6372717380761784	0.536022957260337	0.5995516040467473	0.5221260657758098	0.3414664764769554	0.2551072222516789	0.42782573070223195	0.4447005275048722
20	0.2580851275697919	0.41194356900562934	0.2938199913871477	0.19058594035923093	0.477457486004115	0.4695164051558137	0.4824206615343033	0.4724943104739267	0.5330450519422241	0.41194356900562934	0.4933396477007176	0.41591410942978	0.25212931693356594	0.17569641376866602	0.32062113925016456	0.34444438179506837
21	0.17966695419281667	0.24915141161545296	0.19257121057130627	0.12407938825470764	0.32856222009846586	0.28786418075092174	0.26701884352413086	0.24915141161545296	0.3791866105063866	0.22334289885847375	0.33948120626488015	0.2729746541603568	0.14988790101168684	0.10323405102791676	0.2223502637524361	0.23029134460073739
22	0.08338134890716355	0.12110148293659466	0.09032979464942716	0.050624390407920716	0.14889526590564917	0.12606465846678297	0.10025614570980378	0.10124878081584143	0.1687479680264024	0.08834452443735184	0.13202046910300894	0.10224141592187909	0.06352864678641032	0.04069803934754411	0.10224141592187909	0.10422668613395442
23	0.005955810636225967	0.010918986166414272	0.00893371595433895	0.0	0.0009926351060376612	0.0	0.0	0.0	0.0	0.0	0.0019852702120753225	0.005955810636225967	0.0029779053181129833	0.0	0.012904256378489595	0.00893371595433895
24	0.0	0.0	0.0	0.0	0.0	0.0	0.0	0.0	0.0	0.0	0.0	0.0	0.0	0.0	0.0	0.0
["TIDAL_STREAM","C1",*,*] :	1	2	3	4	5	6	7	8	9	10	11	12	13	14	15	16 := 
1	0.00010000000000000003	0.00010000000000000003	0.00010000000000000003	0.00010000000000000003	0.00010000000000000003	0.00010000000000000003	0.00010000000000000003	0.00010000000000000003	0.00010000000000000003	0.00010000000000000003	0.00010000000000000003	0.00010000000000000003	0.00010000000000000003	0.00010000000000000003	0.00010000000000000003	0.00010000000000000003
2	0.00010000000000000003	0.00010000000000000003	0.00010000000000000003	0.00010000000000000003	0.00010000000000000003	0.00010000000000000003	0.00010000000000000003	0.00010000000000000003	0.00010000000000000003	0.00010000000000000003	0.00010000000000000003	0.00010000000000000003	0.00010000000000000003	0.00010000000000000003	0.00010000000000000003	0.00010000000000000003
3	0.00010000000000000003	0.00010000000000000003	0.00010000000000000003	0.00010000000000000003	0.00010000000000000003	0.00010000000000000003	0.00010000000000000003	0.00010000000000000003	0.00010000000000000003	0.00010000000000000003	0.00010000000000000003	0.00010000000000000003	0.00010000000000000003	0.00010000000000000003	0.00010000000000000003	0.00010000000000000003
4	0.00010000000000000003	0.00010000000000000003	0.00010000000000000003	0.00010000000000000003	0.00010000000000000003	0.00010000000000000003	0.00010000000000000003	0.00010000000000000003	0.00010000000000000003	0.00010000000000000003	0.00010000000000000003	0.00010000000000000003	0.00010000000000000003	0.00010000000000000003	0.00010000000000000003	0.00010000000000000003
5	0.00010000000000000003	0.00010000000000000003	0.00010000000000000003	0.00010000000000000003	0.00010000000000000003	0.00010000000000000003	0.00010000000000000003	0.00010000000000000003	0.00010000000000000003	0.00010000000000000003	0.00010000000000000003	0.00010000000000000003	0.00010000000000000003	0.00010000000000000003	0.00010000000000000003	0.00010000000000000003
6	0.00010000000000000003	0.00010000000000000003	0.00010000000000000003	0.00010000000000000003	0.00010000000000000003	0.00010000000000000003	0.00010000000000000003	0.00010000000000000003	0.00010000000000000003	0.00010000000000000003	0.00010000000000000003	0.00010000000000000003	0.00010000000000000003	0.00010000000000000003	0.00010000000000000003	0.00010000000000000003
7	0.00010000000000000003	0.00010000000000000003	0.00010000000000000003	0.00010000000000000003	0.00010000000000000003	0.00010000000000000003	0.00010000000000000003	0.00010000000000000003	0.00010000000000000003	0.00010000000000000003	0.00010000000000000003	0.00010000000000000003	0.00010000000000000003	0.00010000000000000003	0.00010000000000000003	0.00010000000000000003
8	0.00010000000000000003	0.00010000000000000003	0.00010000000000000003	0.00010000000000000003	0.00010000000000000003	0.00010000000000000003	0.00010000000000000003	0.00010000000000000003	0.00010000000000000003	0.00010000000000000003	0.00010000000000000003	0.00010000000000000003	0.00010000000000000003	0.00010000000000000003	0.00010000000000000003	0.00010000000000000003
9	0.00010000000000000003	0.00010000000000000003	0.00010000000000000003	0.00010000000000000003	0.00010000000000000003	0.00010000000000000003	0.00010000000000000003	0.00010000000000000003	0.00010000000000000003	0.00010000000000000003	0.00010000000000000003	0.00010000000000000003	0.00010000000000000003	0.00010000000000000003	0.00010000000000000003	0.00010000000000000003
10	0.00010000000000000003	0.00010000000000000003	0.00010000000000000003	0.00010000000000000003	0.00010000000000000003	0.00010000000000000003	0.00010000000000000003	0.00010000000000000003	0.00010000000000000003	0.00010000000000000003	0.00010000000000000003	0.00010000000000000003	0.00010000000000000003	0.00010000000000000003	0.00010000000000000003	0.00010000000000000003
11	0.00010000000000000003	0.00010000000000000003	0.00010000000000000003	0.00010000000000000003	0.00010000000000000003	0.00010000000000000003	0.00010000000000000003	0.00010000000000000003	0.00010000000000000003	0.00010000000000000003	0.00010000000000000003	0.00010000000000000003	0.00010000000000000003	0.00010000000000000003	0.00010000000000000003	0.00010000000000000003
12	0.00010000000000000003	0.00010000000000000003	0.00010000000000000003	0.00010000000000000003	0.00010000000000000003	0.00010000000000000003	0.00010000000000000003	0.00010000000000000003	0.00010000000000000003	0.00010000000000000003	0.00010000000000000003	0.00010000000000000003	0.00010000000000000003	0.00010000000000000003	0.00010000000000000003	0.00010000000000000003
13	0.00010000000000000003	0.00010000000000000003	0.00010000000000000003	0.00010000000000000003	0.00010000000000000003	0.00010000000000000003	0.00010000000000000003	0.00010000000000000003	0.00010000000000000003	0.00010000000000000003	0.00010000000000000003	0.00010000000000000003	0.00010000000000000003	0.00010000000000000003	0.00010000000000000003	0.00010000000000000003
14	0.00010000000000000003	0.00010000000000000003	0.00010000000000000003	0.00010000000000000003	0.00010000000000000003	0.00010000000000000003	0.00010000000000000003	0.00010000000000000003	0.00010000000000000003	0.00010000000000000003	0.00010000000000000003	0.00010000000000000003	0.00010000000000000003	0.00010000000000000003	0.00010000000000000003	0.00010000000000000003
15	0.00010000000000000003	0.00010000000000000003	0.00010000000000000003	0.00010000000000000003	0.00010000000000000003	0.00010000000000000003	0.00010000000000000003	0.00010000000000000003	0.00010000000000000003	0.00010000000000000003	0.00010000000000000003	0.00010000000000000003	0.00010000000000000003	0.00010000000000000003	0.00010000000000000003	0.00010000000000000003
16	0.00010000000000000003	0.00010000000000000003	0.00010000000000000003	0.00010000000000000003	0.00010000000000000003	0.00010000000000000003	0.00010000000000000003	0.00010000000000000003	0.00010000000000000003	0.00010000000000000003	0.00010000000000000003	0.00010000000000000003	0.00010000000000000003	0.00010000000000000003	0.00010000000000000003	0.00010000000000000003
17	0.00010000000000000003	0.00010000000000000003	0.00010000000000000003	0.00010000000000000003	0.00010000000000000003	0.00010000000000000003	0.00010000000000000003	0.00010000000000000003	0.00010000000000000003	0.00010000000000000003	0.00010000000000000003	0.00010000000000000003	0.00010000000000000003	0.00010000000000000003	0.00010000000000000003	0.00010000000000000003
18	0.00010000000000000003	0.00010000000000000003	0.00010000000000000003	0.00010000000000000003	0.00010000000000000003	0.00010000000000000003	0.00010000000000000003	0.00010000000000000003	0.00010000000000000003	0.00010000000000000003	0.00010000000000000003	0.00010000000000000003	0.00010000000000000003	0.00010000000000000003	0.00010000000000000003	0.00010000000000000003
19	0.00010000000000000003	0.00010000000000000003	0.00010000000000000003	0.00010000000000000003	0.00010000000000000003	0.00010000000000000003	0.00010000000000000003	0.00010000000000000003	0.00010000000000000003	0.00010000000000000003	0.00010000000000000003	0.00010000000000000003	0.00010000000000000003	0.00010000000000000003	0.00010000000000000003	0.00010000000000000003
20	0.00010000000000000003	0.00010000000000000003	0.00010000000000000003	0.00010000000000000003	0.00010000000000000003	0.00010000000000000003	0.00010000000000000003	0.00010000000000000003	0.00010000000000000003	0.00010000000000000003	0.00010000000000000003	0.00010000000000000003	0.00010000000000000003	0.00010000000000000003	0.00010000000000000003	0.00010000000000000003
21	0.00010000000000000003	0.00010000000000000003	0.00010000000000000003	0.00010000000000000003	0.00010000000000000003	0.00010000000000000003	0.00010000000000000003	0.00010000000000000003	0.00010000000000000003	0.00010000000000000003	0.00010000000000000003	0.00010000000000000003	0.00010000000000000003	0.00010000000000000003	0.00010000000000000003	0.00010000000000000003
22	0.00010000000000000003	0.00010000000000000003	0.00010000000000000003	0.00010000000000000003	0.00010000000000000003	0.00010000000000000003	0.00010000000000000003	0.00010000000000000003	0.00010000000000000003	0.00010000000000000003	0.00010000000000000003	0.00010000000000000003	0.00010000000000000003	0.00010000000000000003	0.00010000000000000003	0.00010000000000000003
23	0.00010000000000000003	0.00010000000000000003	0.00010000000000000003	0.00010000000000000003	0.00010000000000000003	0.00010000000000000003	0.00010000000000000003	0.00010000000000000003	0.00010000000000000003	0.00010000000000000003	0.00010000000000000003	0.00010000000000000003	0.00010000000000000003	0.00010000000000000003	0.00010000000000000003	0.00010000000000000003
24	0.00010000000000000003	0.00010000000000000003	0.00010000000000000003	0.00010000000000000003	0.00010000000000000003	0.00010000000000000003	0.00010000000000000003	0.00010000000000000003	0.00010000000000000003	0.00010000000000000003	0.00010000000000000003	0.00010000000000000003	0.00010000000000000003	0.00010000000000000003	0.00010000000000000003	0.00010000000000000003
["TIDAL_STREAM","C2",*,*] :	1	2	3	4	5	6	7	8	9	10	11	12	13	14	15	16 := 
1	0.00010000000000000003	0.00010000000000000003	0.00010000000000000003	0.00010000000000000003	0.00010000000000000003	0.00010000000000000003	0.00010000000000000003	0.00010000000000000003	0.00010000000000000003	0.00010000000000000003	0.00010000000000000003	0.00010000000000000003	0.00010000000000000003	0.00010000000000000003	0.00010000000000000003	0.00010000000000000003
2	0.00010000000000000003	0.00010000000000000003	0.00010000000000000003	0.00010000000000000003	0.00010000000000000003	0.00010000000000000003	0.00010000000000000003	0.00010000000000000003	0.00010000000000000003	0.00010000000000000003	0.00010000000000000003	0.00010000000000000003	0.00010000000000000003	0.00010000000000000003	0.00010000000000000003	0.00010000000000000003
3	0.00010000000000000003	0.00010000000000000003	0.00010000000000000003	0.00010000000000000003	0.00010000000000000003	0.00010000000000000003	0.00010000000000000003	0.00010000000000000003	0.00010000000000000003	0.00010000000000000003	0.00010000000000000003	0.00010000000000000003	0.00010000000000000003	0.00010000000000000003	0.00010000000000000003	0.00010000000000000003
4	0.00010000000000000003	0.00010000000000000003	0.00010000000000000003	0.00010000000000000003	0.00010000000000000003	0.00010000000000000003	0.00010000000000000003	0.00010000000000000003	0.00010000000000000003	0.00010000000000000003	0.00010000000000000003	0.00010000000000000003	0.00010000000000000003	0.00010000000000000003	0.00010000000000000003	0.00010000000000000003
5	0.00010000000000000003	0.00010000000000000003	0.00010000000000000003	0.00010000000000000003	0.00010000000000000003	0.00010000000000000003	0.00010000000000000003	0.00010000000000000003	0.00010000000000000003	0.00010000000000000003	0.00010000000000000003	0.00010000000000000003	0.00010000000000000003	0.00010000000000000003	0.00010000000000000003	0.00010000000000000003
6	0.00010000000000000003	0.00010000000000000003	0.00010000000000000003	0.00010000000000000003	0.00010000000000000003	0.00010000000000000003	0.00010000000000000003	0.00010000000000000003	0.00010000000000000003	0.00010000000000000003	0.00010000000000000003	0.00010000000000000003	0.00010000000000000003	0.00010000000000000003	0.00010000000000000003	0.00010000000000000003
7	0.00010000000000000003	0.00010000000000000003	0.00010000000000000003	0.00010000000000000003	0.00010000000000000003	0.00010000000000000003	0.00010000000000000003	0.00010000000000000003	0.00010000000000000003	0.00010000000000000003	0.00010000000000000003	0.00010000000000000003	0.00010000000000000003	0.00010000000000000003	0.00010000000000000003	0.00010000000000000003
8	0.00010000000000000003	0.00010000000000000003	0.00010000000000000003	0.00010000000000000003	0.00010000000000000003	0.00010000000000000003	0.00010000000000000003	0.00010000000000000003	0.00010000000000000003	0.00010000000000000003	0.00010000000000000003	0.00010000000000000003	0.00010000000000000003	0.00010000000000000003	0.00010000000000000003	0.00010000000000000003
9	0.00010000000000000003	0.00010000000000000003	0.00010000000000000003	0.00010000000000000003	0.00010000000000000003	0.00010000000000000003	0.00010000000000000003	0.00010000000000000003	0.00010000000000000003	0.00010000000000000003	0.00010000000000000003	0.00010000000000000003	0.00010000000000000003	0.00010000000000000003	0.00010000000000000003	0.00010000000000000003
10	0.00010000000000000003	0.00010000000000000003	0.00010000000000000003	0.00010000000000000003	0.00010000000000000003	0.00010000000000000003	0.00010000000000000003	0.00010000000000000003	0.00010000000000000003	0.00010000000000000003	0.00010000000000000003	0.00010000000000000003	0.00010000000000000003	0.00010000000000000003	0.00010000000000000003	0.00010000000000000003
11	0.00010000000000000003	0.00010000000000000003	0.00010000000000000003	0.00010000000000000003	0.00010000000000000003	0.00010000000000000003	0.00010000000000000003	0.00010000000000000003	0.00010000000000000003	0.00010000000000000003	0.00010000000000000003	0.00010000000000000003	0.00010000000000000003	0.00010000000000000003	0.00010000000000000003	0.00010000000000000003
12	0.00010000000000000003	0.00010000000000000003	0.00010000000000000003	0.00010000000000000003	0.00010000000000000003	0.00010000000000000003	0.00010000000000000003	0.00010000000000000003	0.00010000000000000003	0.00010000000000000003	0.00010000000000000003	0.00010000000000000003	0.00010000000000000003	0.00010000000000000003	0.00010000000000000003	0.00010000000000000003
13	0.00010000000000000003	0.00010000000000000003	0.00010000000000000003	0.00010000000000000003	0.00010000000000000003	0.00010000000000000003	0.00010000000000000003	0.00010000000000000003	0.00010000000000000003	0.00010000000000000003	0.00010000000000000003	0.00010000000000000003	0.00010000000000000003	0.00010000000000000003	0.00010000000000000003	0.00010000000000000003
14	0.00010000000000000003	0.00010000000000000003	0.00010000000000000003	0.00010000000000000003	0.00010000000000000003	0.00010000000000000003	0.00010000000000000003	0.00010000000000000003	0.00010000000000000003	0.00010000000000000003	0.00010000000000000003	0.00010000000000000003	0.00010000000000000003	0.00010000000000000003	0.00010000000000000003	0.00010000000000000003
15	0.00010000000000000003	0.00010000000000000003	0.00010000000000000003	0.00010000000000000003	0.00010000000000000003	0.00010000000000000003	0.00010000000000000003	0.00010000000000000003	0.00010000000000000003	0.00010000000000000003	0.00010000000000000003	0.00010000000000000003	0.00010000000000000003	0.00010000000000000003	0.00010000000000000003	0.00010000000000000003
16	0.00010000000000000003	0.00010000000000000003	0.00010000000000000003	0.00010000000000000003	0.00010000000000000003	0.00010000000000000003	0.00010000000000000003	0.00010000000000000003	0.00010000000000000003	0.00010000000000000003	0.00010000000000000003	0.00010000000000000003	0.00010000000000000003	0.00010000000000000003	0.00010000000000000003	0.00010000000000000003
17	0.00010000000000000003	0.00010000000000000003	0.00010000000000000003	0.00010000000000000003	0.00010000000000000003	0.00010000000000000003	0.00010000000000000003	0.00010000000000000003	0.00010000000000000003	0.00010000000000000003	0.00010000000000000003	0.00010000000000000003	0.00010000000000000003	0.00010000000000000003	0.00010000000000000003	0.00010000000000000003
18	0.00010000000000000003	0.00010000000000000003	0.00010000000000000003	0.00010000000000000003	0.00010000000000000003	0.00010000000000000003	0.00010000000000000003	0.00010000000000000003	0.00010000000000000003	0.00010000000000000003	0.00010000000000000003	0.00010000000000000003	0.00010000000000000003	0.00010000000000000003	0.00010000000000000003	0.00010000000000000003
19	0.00010000000000000003	0.00010000000000000003	0.00010000000000000003	0.00010000000000000003	0.00010000000000000003	0.00010000000000000003	0.00010000000000000003	0.00010000000000000003	0.00010000000000000003	0.00010000000000000003	0.00010000000000000003	0.00010000000000000003	0.00010000000000000003	0.00010000000000000003	0.00010000000000000003	0.00010000000000000003
20	0.00010000000000000003	0.00010000000000000003	0.00010000000000000003	0.00010000000000000003	0.00010000000000000003	0.00010000000000000003	0.00010000000000000003	0.00010000000000000003	0.00010000000000000003	0.00010000000000000003	0.00010000000000000003	0.00010000000000000003	0.00010000000000000003	0.00010000000000000003	0.00010000000000000003	0.00010000000000000003
21	0.00010000000000000003	0.00010000000000000003	0.00010000000000000003	0.00010000000000000003	0.00010000000000000003	0.00010000000000000003	0.00010000000000000003	0.00010000000000000003	0.00010000000000000003	0.00010000000000000003	0.00010000000000000003	0.00010000000000000003	0.00010000000000000003	0.00010000000000000003	0.00010000000000000003	0.00010000000000000003
22	0.00010000000000000003	0.00010000000000000003	0.00010000000000000003	0.00010000000000000003	0.00010000000000000003	0.00010000000000000003	0.00010000000000000003	0.00010000000000000003	0.00010000000000000003	0.00010000000000000003	0.00010000000000000003	0.00010000000000000003	0.00010000000000000003	0.00010000000000000003	0.00010000000000000003	0.00010000000000000003
23	0.00010000000000000003	0.00010000000000000003	0.00010000000000000003	0.00010000000000000003	0.00010000000000000003	0.00010000000000000003	0.00010000000000000003	0.00010000000000000003	0.00010000000000000003	0.00010000000000000003	0.00010000000000000003	0.00010000000000000003	0.00010000000000000003	0.00010000000000000003	0.00010000000000000003	0.00010000000000000003
24	0.00010000000000000003	0.00010000000000000003	0.00010000000000000003	0.00010000000000000003	0.00010000000000000003	0.00010000000000000003	0.00010000000000000003	0.00010000000000000003	0.00010000000000000003	0.00010000000000000003	0.00010000000000000003	0.00010000000000000003	0.00010000000000000003	0.00010000000000000003	0.00010000000000000003	0.00010000000000000003
["TIDAL_STREAM","C3",*,*] :	1	2	3	4	5	6	7	8	9	10	11	12	13	14	15	16 := 
1	0.00010000000000000003	0.00010000000000000003	0.00010000000000000003	0.00010000000000000003	0.00010000000000000003	0.00010000000000000003	0.00010000000000000003	0.00010000000000000003	0.00010000000000000003	0.00010000000000000003	0.00010000000000000003	0.00010000000000000003	0.00010000000000000003	0.00010000000000000003	0.00010000000000000003	0.00010000000000000003
2	0.00010000000000000003	0.00010000000000000003	0.00010000000000000003	0.00010000000000000003	0.00010000000000000003	0.00010000000000000003	0.00010000000000000003	0.00010000000000000003	0.00010000000000000003	0.00010000000000000003	0.00010000000000000003	0.00010000000000000003	0.00010000000000000003	0.00010000000000000003	0.00010000000000000003	0.00010000000000000003
3	0.00010000000000000003	0.00010000000000000003	0.00010000000000000003	0.00010000000000000003	0.00010000000000000003	0.00010000000000000003	0.00010000000000000003	0.00010000000000000003	0.00010000000000000003	0.00010000000000000003	0.00010000000000000003	0.00010000000000000003	0.00010000000000000003	0.00010000000000000003	0.00010000000000000003	0.00010000000000000003
4	0.00010000000000000003	0.00010000000000000003	0.00010000000000000003	0.00010000000000000003	0.00010000000000000003	0.00010000000000000003	0.00010000000000000003	0.00010000000000000003	0.00010000000000000003	0.00010000000000000003	0.00010000000000000003	0.00010000000000000003	0.00010000000000000003	0.00010000000000000003	0.00010000000000000003	0.00010000000000000003
5	0.00010000000000000003	0.00010000000000000003	0.00010000000000000003	0.00010000000000000003	0.00010000000000000003	0.00010000000000000003	0.00010000000000000003	0.00010000000000000003	0.00010000000000000003	0.00010000000000000003	0.00010000000000000003	0.00010000000000000003	0.00010000000000000003	0.00010000000000000003	0.00010000000000000003	0.00010000000000000003
6	0.00010000000000000003	0.00010000000000000003	0.00010000000000000003	0.00010000000000000003	0.00010000000000000003	0.00010000000000000003	0.00010000000000000003	0.00010000000000000003	0.00010000000000000003	0.00010000000000000003	0.00010000000000000003	0.00010000000000000003	0.00010000000000000003	0.00010000000000000003	0.00010000000000000003	0.00010000000000000003
7	0.00010000000000000003	0.00010000000000000003	0.00010000000000000003	0.00010000000000000003	0.00010000000000000003	0.00010000000000000003	0.00010000000000000003	0.00010000000000000003	0.00010000000000000003	0.00010000000000000003	0.00010000000000000003	0.00010000000000000003	0.00010000000000000003	0.00010000000000000003	0.00010000000000000003	0.00010000000000000003
8	0.00010000000000000003	0.00010000000000000003	0.00010000000000000003	0.00010000000000000003	0.00010000000000000003	0.00010000000000000003	0.00010000000000000003	0.00010000000000000003	0.00010000000000000003	0.00010000000000000003	0.00010000000000000003	0.00010000000000000003	0.00010000000000000003	0.00010000000000000003	0.00010000000000000003	0.00010000000000000003
9	0.00010000000000000003	0.00010000000000000003	0.00010000000000000003	0.00010000000000000003	0.00010000000000000003	0.00010000000000000003	0.00010000000000000003	0.00010000000000000003	0.00010000000000000003	0.00010000000000000003	0.00010000000000000003	0.00010000000000000003	0.00010000000000000003	0.00010000000000000003	0.00010000000000000003	0.00010000000000000003
10	0.00010000000000000003	0.00010000000000000003	0.00010000000000000003	0.00010000000000000003	0.00010000000000000003	0.00010000000000000003	0.00010000000000000003	0.00010000000000000003	0.00010000000000000003	0.00010000000000000003	0.00010000000000000003	0.00010000000000000003	0.00010000000000000003	0.00010000000000000003	0.00010000000000000003	0.00010000000000000003
11	0.00010000000000000003	0.00010000000000000003	0.00010000000000000003	0.00010000000000000003	0.00010000000000000003	0.00010000000000000003	0.00010000000000000003	0.00010000000000000003	0.00010000000000000003	0.00010000000000000003	0.00010000000000000003	0.00010000000000000003	0.00010000000000000003	0.00010000000000000003	0.00010000000000000003	0.00010000000000000003
12	0.00010000000000000003	0.00010000000000000003	0.00010000000000000003	0.00010000000000000003	0.00010000000000000003	0.00010000000000000003	0.00010000000000000003	0.00010000000000000003	0.00010000000000000003	0.00010000000000000003	0.00010000000000000003	0.00010000000000000003	0.00010000000000000003	0.00010000000000000003	0.00010000000000000003	0.00010000000000000003
13	0.00010000000000000003	0.00010000000000000003	0.00010000000000000003	0.00010000000000000003	0.00010000000000000003	0.00010000000000000003	0.00010000000000000003	0.00010000000000000003	0.00010000000000000003	0.00010000000000000003	0.00010000000000000003	0.00010000000000000003	0.00010000000000000003	0.00010000000000000003	0.00010000000000000003	0.00010000000000000003
14	0.00010000000000000003	0.00010000000000000003	0.00010000000000000003	0.00010000000000000003	0.00010000000000000003	0.00010000000000000003	0.00010000000000000003	0.00010000000000000003	0.00010000000000000003	0.00010000000000000003	0.00010000000000000003	0.00010000000000000003	0.00010000000000000003	0.00010000000000000003	0.00010000000000000003	0.00010000000000000003
15	0.00010000000000000003	0.00010000000000000003	0.00010000000000000003	0.00010000000000000003	0.00010000000000000003	0.00010000000000000003	0.00010000000000000003	0.00010000000000000003	0.00010000000000000003	0.00010000000000000003	0.00010000000000000003	0.00010000000000000003	0.00010000000000000003	0.00010000000000000003	0.00010000000000000003	0.00010000000000000003
16	0.00010000000000000003	0.00010000000000000003	0.00010000000000000003	0.00010000000000000003	0.00010000000000000003	0.00010000000000000003	0.00010000000000000003	0.00010000000000000003	0.00010000000000000003	0.00010000000000000003	0.00010000000000000003	0.00010000000000000003	0.00010000000000000003	0.00010000000000000003	0.00010000000000000003	0.00010000000000000003
17	0.00010000000000000003	0.00010000000000000003	0.00010000000000000003	0.00010000000000000003	0.00010000000000000003	0.00010000000000000003	0.00010000000000000003	0.00010000000000000003	0.00010000000000000003	0.00010000000000000003	0.00010000000000000003	0.00010000000000000003	0.00010000000000000003	0.00010000000000000003	0.00010000000000000003	0.00010000000000000003
18	0.00010000000000000003	0.00010000000000000003	0.00010000000000000003	0.00010000000000000003	0.00010000000000000003	0.00010000000000000003	0.00010000000000000003	0.00010000000000000003	0.00010000000000000003	0.00010000000000000003	0.00010000000000000003	0.00010000000000000003	0.00010000000000000003	0.00010000000000000003	0.00010000000000000003	0.00010000000000000003
19	0.00010000000000000003	0.00010000000000000003	0.00010000000000000003	0.00010000000000000003	0.00010000000000000003	0.00010000000000000003	0.00010000000000000003	0.00010000000000000003	0.00010000000000000003	0.00010000000000000003	0.00010000000000000003	0.00010000000000000003	0.00010000000000000003	0.00010000000000000003	0.00010000000000000003	0.00010000000000000003
20	0.00010000000000000003	0.00010000000000000003	0.00010000000000000003	0.00010000000000000003	0.00010000000000000003	0.00010000000000000003	0.00010000000000000003	0.00010000000000000003	0.00010000000000000003	0.00010000000000000003	0.00010000000000000003	0.00010000000000000003	0.00010000000000000003	0.00010000000000000003	0.00010000000000000003	0.00010000000000000003
21	0.00010000000000000003	0.00010000000000000003	0.00010000000000000003	0.00010000000000000003	0.00010000000000000003	0.00010000000000000003	0.00010000000000000003	0.00010000000000000003	0.00010000000000000003	0.00010000000000000003	0.00010000000000000003	0.00010000000000000003	0.00010000000000000003	0.00010000000000000003	0.00010000000000000003	0.00010000000000000003
22	0.00010000000000000003	0.00010000000000000003	0.00010000000000000003	0.00010000000000000003	0.00010000000000000003	0.00010000000000000003	0.00010000000000000003	0.00010000000000000003	0.00010000000000000003	0.00010000000000000003	0.00010000000000000003	0.00010000000000000003	0.00010000000000000003	0.00010000000000000003	0.00010000000000000003	0.00010000000000000003
23	0.00010000000000000003	0.00010000000000000003	0.00010000000000000003	0.00010000000000000003	0.00010000000000000003	0.00010000000000000003	0.00010000000000000003	0.00010000000000000003	0.00010000000000000003	0.00010000000000000003	0.00010000000000000003	0.00010000000000000003	0.00010000000000000003	0.00010000000000000003	0.00010000000000000003	0.00010000000000000003
24	0.00010000000000000003	0.00010000000000000003	0.00010000000000000003	0.00010000000000000003	0.00010000000000000003	0.00010000000000000003	0.00010000000000000003	0.00010000000000000003	0.00010000000000000003	0.00010000000000000003	0.00010000000000000003	0.00010000000000000003	0.00010000000000000003	0.00010000000000000003	0.00010000000000000003	0.00010000000000000003
["TIDAL_STREAM","C4",*,*] :	1	2	3	4	5	6	7	8	9	10	11	12	13	14	15	16 := 
1	0.00010000000000000003	0.00010000000000000003	0.00010000000000000003	0.00010000000000000003	0.00010000000000000003	0.00010000000000000003	0.00010000000000000003	0.00010000000000000003	0.00010000000000000003	0.00010000000000000003	0.00010000000000000003	0.00010000000000000003	0.00010000000000000003	0.00010000000000000003	0.00010000000000000003	0.00010000000000000003
2	0.00010000000000000003	0.00010000000000000003	0.00010000000000000003	0.00010000000000000003	0.00010000000000000003	0.00010000000000000003	0.00010000000000000003	0.00010000000000000003	0.00010000000000000003	0.00010000000000000003	0.00010000000000000003	0.00010000000000000003	0.00010000000000000003	0.00010000000000000003	0.00010000000000000003	0.00010000000000000003
3	0.00010000000000000003	0.00010000000000000003	0.00010000000000000003	0.00010000000000000003	0.00010000000000000003	0.00010000000000000003	0.00010000000000000003	0.00010000000000000003	0.00010000000000000003	0.00010000000000000003	0.00010000000000000003	0.00010000000000000003	0.00010000000000000003	0.00010000000000000003	0.00010000000000000003	0.00010000000000000003
4	0.00010000000000000003	0.00010000000000000003	0.00010000000000000003	0.00010000000000000003	0.00010000000000000003	0.00010000000000000003	0.00010000000000000003	0.00010000000000000003	0.00010000000000000003	0.00010000000000000003	0.00010000000000000003	0.00010000000000000003	0.00010000000000000003	0.00010000000000000003	0.00010000000000000003	0.00010000000000000003
5	0.00010000000000000003	0.00010000000000000003	0.00010000000000000003	0.00010000000000000003	0.00010000000000000003	0.00010000000000000003	0.00010000000000000003	0.00010000000000000003	0.00010000000000000003	0.00010000000000000003	0.00010000000000000003	0.00010000000000000003	0.00010000000000000003	0.00010000000000000003	0.00010000000000000003	0.00010000000000000003
6	0.00010000000000000003	0.00010000000000000003	0.00010000000000000003	0.00010000000000000003	0.00010000000000000003	0.00010000000000000003	0.00010000000000000003	0.00010000000000000003	0.00010000000000000003	0.00010000000000000003	0.00010000000000000003	0.00010000000000000003	0.00010000000000000003	0.00010000000000000003	0.00010000000000000003	0.00010000000000000003
7	0.00010000000000000003	0.00010000000000000003	0.00010000000000000003	0.00010000000000000003	0.00010000000000000003	0.00010000000000000003	0.00010000000000000003	0.00010000000000000003	0.00010000000000000003	0.00010000000000000003	0.00010000000000000003	0.00010000000000000003	0.00010000000000000003	0.00010000000000000003	0.00010000000000000003	0.00010000000000000003
8	0.00010000000000000003	0.00010000000000000003	0.00010000000000000003	0.00010000000000000003	0.00010000000000000003	0.00010000000000000003	0.00010000000000000003	0.00010000000000000003	0.00010000000000000003	0.00010000000000000003	0.00010000000000000003	0.00010000000000000003	0.00010000000000000003	0.00010000000000000003	0.00010000000000000003	0.00010000000000000003
9	0.00010000000000000003	0.00010000000000000003	0.00010000000000000003	0.00010000000000000003	0.00010000000000000003	0.00010000000000000003	0.00010000000000000003	0.00010000000000000003	0.00010000000000000003	0.00010000000000000003	0.00010000000000000003	0.00010000000000000003	0.00010000000000000003	0.00010000000000000003	0.00010000000000000003	0.00010000000000000003
10	0.00010000000000000003	0.00010000000000000003	0.00010000000000000003	0.00010000000000000003	0.00010000000000000003	0.00010000000000000003	0.00010000000000000003	0.00010000000000000003	0.00010000000000000003	0.00010000000000000003	0.00010000000000000003	0.00010000000000000003	0.00010000000000000003	0.00010000000000000003	0.00010000000000000003	0.00010000000000000003
11	0.00010000000000000003	0.00010000000000000003	0.00010000000000000003	0.00010000000000000003	0.00010000000000000003	0.00010000000000000003	0.00010000000000000003	0.00010000000000000003	0.00010000000000000003	0.00010000000000000003	0.00010000000000000003	0.00010000000000000003	0.00010000000000000003	0.00010000000000000003	0.00010000000000000003	0.00010000000000000003
12	0.00010000000000000003	0.00010000000000000003	0.00010000000000000003	0.00010000000000000003	0.00010000000000000003	0.00010000000000000003	0.00010000000000000003	0.00010000000000000003	0.00010000000000000003	0.00010000000000000003	0.00010000000000000003	0.00010000000000000003	0.00010000000000000003	0.00010000000000000003	0.00010000000000000003	0.00010000000000000003
13	0.00010000000000000003	0.00010000000000000003	0.00010000000000000003	0.00010000000000000003	0.00010000000000000003	0.00010000000000000003	0.00010000000000000003	0.00010000000000000003	0.00010000000000000003	0.00010000000000000003	0.00010000000000000003	0.00010000000000000003	0.00010000000000000003	0.00010000000000000003	0.00010000000000000003	0.00010000000000000003
14	0.00010000000000000003	0.00010000000000000003	0.00010000000000000003	0.00010000000000000003	0.00010000000000000003	0.00010000000000000003	0.00010000000000000003	0.00010000000000000003	0.00010000000000000003	0.00010000000000000003	0.00010000000000000003	0.00010000000000000003	0.00010000000000000003	0.00010000000000000003	0.00010000000000000003	0.00010000000000000003
15	0.00010000000000000003	0.00010000000000000003	0.00010000000000000003	0.00010000000000000003	0.00010000000000000003	0.00010000000000000003	0.00010000000000000003	0.00010000000000000003	0.00010000000000000003	0.00010000000000000003	0.00010000000000000003	0.00010000000000000003	0.00010000000000000003	0.00010000000000000003	0.00010000000000000003	0.00010000000000000003
16	0.00010000000000000003	0.00010000000000000003	0.00010000000000000003	0.00010000000000000003	0.00010000000000000003	0.00010000000000000003	0.00010000000000000003	0.00010000000000000003	0.00010000000000000003	0.00010000000000000003	0.00010000000000000003	0.00010000000000000003	0.00010000000000000003	0.00010000000000000003	0.00010000000000000003	0.00010000000000000003
17	0.00010000000000000003	0.00010000000000000003	0.00010000000000000003	0.00010000000000000003	0.00010000000000000003	0.00010000000000000003	0.00010000000000000003	0.00010000000000000003	0.00010000000000000003	0.00010000000000000003	0.00010000000000000003	0.00010000000000000003	0.00010000000000000003	0.00010000000000000003	0.00010000000000000003	0.00010000000000000003
18	0.00010000000000000003	0.00010000000000000003	0.00010000000000000003	0.00010000000000000003	0.00010000000000000003	0.00010000000000000003	0.00010000000000000003	0.00010000000000000003	0.00010000000000000003	0.00010000000000000003	0.00010000000000000003	0.00010000000000000003	0.00010000000000000003	0.00010000000000000003	0.00010000000000000003	0.00010000000000000003
19	0.00010000000000000003	0.00010000000000000003	0.00010000000000000003	0.00010000000000000003	0.00010000000000000003	0.00010000000000000003	0.00010000000000000003	0.00010000000000000003	0.00010000000000000003	0.00010000000000000003	0.00010000000000000003	0.00010000000000000003	0.00010000000000000003	0.00010000000000000003	0.00010000000000000003	0.00010000000000000003
20	0.00010000000000000003	0.00010000000000000003	0.00010000000000000003	0.00010000000000000003	0.00010000000000000003	0.00010000000000000003	0.00010000000000000003	0.00010000000000000003	0.00010000000000000003	0.00010000000000000003	0.00010000000000000003	0.00010000000000000003	0.00010000000000000003	0.00010000000000000003	0.00010000000000000003	0.00010000000000000003
21	0.00010000000000000003	0.00010000000000000003	0.00010000000000000003	0.00010000000000000003	0.00010000000000000003	0.00010000000000000003	0.00010000000000000003	0.00010000000000000003	0.00010000000000000003	0.00010000000000000003	0.00010000000000000003	0.00010000000000000003	0.00010000000000000003	0.00010000000000000003	0.00010000000000000003	0.00010000000000000003
22	0.00010000000000000003	0.00010000000000000003	0.00010000000000000003	0.00010000000000000003	0.00010000000000000003	0.00010000000000000003	0.00010000000000000003	0.00010000000000000003	0.00010000000000000003	0.00010000000000000003	0.00010000000000000003	0.00010000000000000003	0.00010000000000000003	0.00010000000000000003	0.00010000000000000003	0.00010000000000000003
23	0.00010000000000000003	0.00010000000000000003	0.00010000000000000003	0.00010000000000000003	0.00010000000000000003	0.00010000000000000003	0.00010000000000000003	0.00010000000000000003	0.00010000000000000003	0.00010000000000000003	0.00010000000000000003	0.00010000000000000003	0.00010000000000000003	0.00010000000000000003	0.00010000000000000003	0.00010000000000000003
24	0.00010000000000000003	0.00010000000000000003	0.00010000000000000003	0.00010000000000000003	0.00010000000000000003	0.00010000000000000003	0.00010000000000000003	0.00010000000000000003	0.00010000000000000003	0.00010000000000000003	0.00010000000000000003	0.00010000000000000003	0.00010000000000000003	0.00010000000000000003	0.00010000000000000003	0.00010000000000000003
["TIDAL_STREAM","C5",*,*] :	1	2	3	4	5	6	7	8	9	10	11	12	13	14	15	16 := 
1	0.00010000000000000003	0.00010000000000000003	0.00010000000000000003	0.00010000000000000003	0.00010000000000000003	0.00010000000000000003	0.00010000000000000003	0.00010000000000000003	0.00010000000000000003	0.00010000000000000003	0.00010000000000000003	0.00010000000000000003	0.00010000000000000003	0.00010000000000000003	0.00010000000000000003	0.00010000000000000003
2	0.00010000000000000003	0.00010000000000000003	0.00010000000000000003	0.00010000000000000003	0.00010000000000000003	0.00010000000000000003	0.00010000000000000003	0.00010000000000000003	0.00010000000000000003	0.00010000000000000003	0.00010000000000000003	0.00010000000000000003	0.00010000000000000003	0.00010000000000000003	0.00010000000000000003	0.00010000000000000003
3	0.00010000000000000003	0.00010000000000000003	0.00010000000000000003	0.00010000000000000003	0.00010000000000000003	0.00010000000000000003	0.00010000000000000003	0.00010000000000000003	0.00010000000000000003	0.00010000000000000003	0.00010000000000000003	0.00010000000000000003	0.00010000000000000003	0.00010000000000000003	0.00010000000000000003	0.00010000000000000003
4	0.00010000000000000003	0.00010000000000000003	0.00010000000000000003	0.00010000000000000003	0.00010000000000000003	0.00010000000000000003	0.00010000000000000003	0.00010000000000000003	0.00010000000000000003	0.00010000000000000003	0.00010000000000000003	0.00010000000000000003	0.00010000000000000003	0.00010000000000000003	0.00010000000000000003	0.00010000000000000003
5	0.00010000000000000003	0.00010000000000000003	0.00010000000000000003	0.00010000000000000003	0.00010000000000000003	0.00010000000000000003	0.00010000000000000003	0.00010000000000000003	0.00010000000000000003	0.00010000000000000003	0.00010000000000000003	0.00010000000000000003	0.00010000000000000003	0.00010000000000000003	0.00010000000000000003	0.00010000000000000003
6	0.00010000000000000003	0.00010000000000000003	0.00010000000000000003	0.00010000000000000003	0.00010000000000000003	0.00010000000000000003	0.00010000000000000003	0.00010000000000000003	0.00010000000000000003	0.00010000000000000003	0.00010000000000000003	0.00010000000000000003	0.00010000000000000003	0.00010000000000000003	0.00010000000000000003	0.00010000000000000003
7	0.00010000000000000003	0.00010000000000000003	0.00010000000000000003	0.00010000000000000003	0.00010000000000000003	0.00010000000000000003	0.00010000000000000003	0.00010000000000000003	0.00010000000000000003	0.00010000000000000003	0.00010000000000000003	0.00010000000000000003	0.00010000000000000003	0.00010000000000000003	0.00010000000000000003	0.00010000000000000003
8	0.00010000000000000003	0.00010000000000000003	0.00010000000000000003	0.00010000000000000003	0.00010000000000000003	0.00010000000000000003	0.00010000000000000003	0.00010000000000000003	0.00010000000000000003	0.00010000000000000003	0.00010000000000000003	0.00010000000000000003	0.00010000000000000003	0.00010000000000000003	0.00010000000000000003	0.00010000000000000003
9	0.00010000000000000003	0.00010000000000000003	0.00010000000000000003	0.00010000000000000003	0.00010000000000000003	0.00010000000000000003	0.00010000000000000003	0.00010000000000000003	0.00010000000000000003	0.00010000000000000003	0.00010000000000000003	0.00010000000000000003	0.00010000000000000003	0.00010000000000000003	0.00010000000000000003	0.00010000000000000003
10	0.00010000000000000003	0.00010000000000000003	0.00010000000000000003	0.00010000000000000003	0.00010000000000000003	0.00010000000000000003	0.00010000000000000003	0.00010000000000000003	0.00010000000000000003	0.00010000000000000003	0.00010000000000000003	0.00010000000000000003	0.00010000000000000003	0.00010000000000000003	0.00010000000000000003	0.00010000000000000003
11	0.00010000000000000003	0.00010000000000000003	0.00010000000000000003	0.00010000000000000003	0.00010000000000000003	0.00010000000000000003	0.00010000000000000003	0.00010000000000000003	0.00010000000000000003	0.00010000000000000003	0.00010000000000000003	0.00010000000000000003	0.00010000000000000003	0.00010000000000000003	0.00010000000000000003	0.00010000000000000003
12	0.00010000000000000003	0.00010000000000000003	0.00010000000000000003	0.00010000000000000003	0.00010000000000000003	0.00010000000000000003	0.00010000000000000003	0.00010000000000000003	0.00010000000000000003	0.00010000000000000003	0.00010000000000000003	0.00010000000000000003	0.00010000000000000003	0.00010000000000000003	0.00010000000000000003	0.00010000000000000003
13	0.00010000000000000003	0.00010000000000000003	0.00010000000000000003	0.00010000000000000003	0.00010000000000000003	0.00010000000000000003	0.00010000000000000003	0.00010000000000000003	0.00010000000000000003	0.00010000000000000003	0.00010000000000000003	0.00010000000000000003	0.00010000000000000003	0.00010000000000000003	0.00010000000000000003	0.00010000000000000003
14	0.00010000000000000003	0.00010000000000000003	0.00010000000000000003	0.00010000000000000003	0.00010000000000000003	0.00010000000000000003	0.00010000000000000003	0.00010000000000000003	0.00010000000000000003	0.00010000000000000003	0.00010000000000000003	0.00010000000000000003	0.00010000000000000003	0.00010000000000000003	0.00010000000000000003	0.00010000000000000003
15	0.00010000000000000003	0.00010000000000000003	0.00010000000000000003	0.00010000000000000003	0.00010000000000000003	0.00010000000000000003	0.00010000000000000003	0.00010000000000000003	0.00010000000000000003	0.00010000000000000003	0.00010000000000000003	0.00010000000000000003	0.00010000000000000003	0.00010000000000000003	0.00010000000000000003	0.00010000000000000003
16	0.00010000000000000003	0.00010000000000000003	0.00010000000000000003	0.00010000000000000003	0.00010000000000000003	0.00010000000000000003	0.00010000000000000003	0.00010000000000000003	0.00010000000000000003	0.00010000000000000003	0.00010000000000000003	0.00010000000000000003	0.00010000000000000003	0.00010000000000000003	0.00010000000000000003	0.00010000000000000003
17	0.00010000000000000003	0.00010000000000000003	0.00010000000000000003	0.00010000000000000003	0.00010000000000000003	0.00010000000000000003	0.00010000000000000003	0.00010000000000000003	0.00010000000000000003	0.00010000000000000003	0.00010000000000000003	0.00010000000000000003	0.00010000000000000003	0.00010000000000000003	0.00010000000000000003	0.00010000000000000003
18	0.00010000000000000003	0.00010000000000000003	0.00010000000000000003	0.00010000000000000003	0.00010000000000000003	0.00010000000000000003	0.00010000000000000003	0.00010000000000000003	0.00010000000000000003	0.00010000000000000003	0.00010000000000000003	0.00010000000000000003	0.00010000000000000003	0.00010000000000000003	0.00010000000000000003	0.00010000000000000003
19	0.00010000000000000003	0.00010000000000000003	0.00010000000000000003	0.00010000000000000003	0.00010000000000000003	0.00010000000000000003	0.00010000000000000003	0.00010000000000000003	0.00010000000000000003	0.00010000000000000003	0.00010000000000000003	0.00010000000000000003	0.00010000000000000003	0.00010000000000000003	0.00010000000000000003	0.00010000000000000003
20	0.00010000000000000003	0.00010000000000000003	0.00010000000000000003	0.00010000000000000003	0.00010000000000000003	0.00010000000000000003	0.00010000000000000003	0.00010000000000000003	0.00010000000000000003	0.00010000000000000003	0.00010000000000000003	0.00010000000000000003	0.00010000000000000003	0.00010000000000000003	0.00010000000000000003	0.00010000000000000003
21	0.00010000000000000003	0.00010000000000000003	0.00010000000000000003	0.00010000000000000003	0.00010000000000000003	0.00010000000000000003	0.00010000000000000003	0.00010000000000000003	0.00010000000000000003	0.00010000000000000003	0.00010000000000000003	0.00010000000000000003	0.00010000000000000003	0.00010000000000000003	0.00010000000000000003	0.00010000000000000003
22	0.00010000000000000003	0.00010000000000000003	0.00010000000000000003	0.00010000000000000003	0.00010000000000000003	0.00010000000000000003	0.00010000000000000003	0.00010000000000000003	0.00010000000000000003	0.00010000000000000003	0.00010000000000000003	0.00010000000000000003	0.00010000000000000003	0.00010000000000000003	0.00010000000000000003	0.00010000000000000003
23	0.00010000000000000003	0.00010000000000000003	0.00010000000000000003	0.00010000000000000003	0.00010000000000000003	0.00010000000000000003	0.00010000000000000003	0.00010000000000000003	0.00010000000000000003	0.00010000000000000003	0.00010000000000000003	0.00010000000000000003	0.00010000000000000003	0.00010000000000000003	0.00010000000000000003	0.00010000000000000003
24	0.00010000000000000003	0.00010000000000000003	0.00010000000000000003	0.00010000000000000003	0.00010000000000000003	0.00010000000000000003	0.00010000000000000003	0.00010000000000000003	0.00010000000000000003	0.00010000000000000003	0.00010000000000000003	0.00010000000000000003	0.00010000000000000003	0.00010000000000000003	0.00010000000000000003	0.00010000000000000003
["TIDAL_RANGE","C1",*,*] :	1	2	3	4	5	6	7	8	9	10	11	12	13	14	15	16 := 
1	0.00010000000000000003	0.00010000000000000003	0.00010000000000000003	0.00010000000000000003	0.00010000000000000003	0.00010000000000000003	0.00010000000000000003	0.00010000000000000003	0.00010000000000000003	0.00010000000000000003	0.00010000000000000003	0.00010000000000000003	0.00010000000000000003	0.00010000000000000003	0.00010000000000000003	0.00010000000000000003
2	0.00010000000000000003	0.00010000000000000003	0.00010000000000000003	0.00010000000000000003	0.00010000000000000003	0.00010000000000000003	0.00010000000000000003	0.00010000000000000003	0.00010000000000000003	0.00010000000000000003	0.00010000000000000003	0.00010000000000000003	0.00010000000000000003	0.00010000000000000003	0.00010000000000000003	0.00010000000000000003
3	0.00010000000000000003	0.00010000000000000003	0.00010000000000000003	0.00010000000000000003	0.00010000000000000003	0.00010000000000000003	0.00010000000000000003	0.00010000000000000003	0.00010000000000000003	0.00010000000000000003	0.00010000000000000003	0.00010000000000000003	0.00010000000000000003	0.00010000000000000003	0.00010000000000000003	0.00010000000000000003
4	0.00010000000000000003	0.00010000000000000003	0.00010000000000000003	0.00010000000000000003	0.00010000000000000003	0.00010000000000000003	0.00010000000000000003	0.00010000000000000003	0.00010000000000000003	0.00010000000000000003	0.00010000000000000003	0.00010000000000000003	0.00010000000000000003	0.00010000000000000003	0.00010000000000000003	0.00010000000000000003
5	0.00010000000000000003	0.00010000000000000003	0.00010000000000000003	0.00010000000000000003	0.00010000000000000003	0.00010000000000000003	0.00010000000000000003	0.00010000000000000003	0.00010000000000000003	0.00010000000000000003	0.00010000000000000003	0.00010000000000000003	0.00010000000000000003	0.00010000000000000003	0.00010000000000000003	0.00010000000000000003
6	0.00010000000000000003	0.00010000000000000003	0.00010000000000000003	0.00010000000000000003	0.00010000000000000003	0.00010000000000000003	0.00010000000000000003	0.00010000000000000003	0.00010000000000000003	0.00010000000000000003	0.00010000000000000003	0.00010000000000000003	0.00010000000000000003	0.00010000000000000003	0.00010000000000000003	0.00010000000000000003
7	0.00010000000000000003	0.00010000000000000003	0.00010000000000000003	0.00010000000000000003	0.00010000000000000003	0.00010000000000000003	0.00010000000000000003	0.00010000000000000003	0.00010000000000000003	0.00010000000000000003	0.00010000000000000003	0.00010000000000000003	0.00010000000000000003	0.00010000000000000003	0.00010000000000000003	0.00010000000000000003
8	0.00010000000000000003	0.00010000000000000003	0.00010000000000000003	0.00010000000000000003	0.00010000000000000003	0.00010000000000000003	0.00010000000000000003	0.00010000000000000003	0.00010000000000000003	0.00010000000000000003	0.00010000000000000003	0.00010000000000000003	0.00010000000000000003	0.00010000000000000003	0.00010000000000000003	0.00010000000000000003
9	0.00010000000000000003	0.00010000000000000003	0.00010000000000000003	0.00010000000000000003	0.00010000000000000003	0.00010000000000000003	0.00010000000000000003	0.00010000000000000003	0.00010000000000000003	0.00010000000000000003	0.00010000000000000003	0.00010000000000000003	0.00010000000000000003	0.00010000000000000003	0.00010000000000000003	0.00010000000000000003
10	0.00010000000000000003	0.00010000000000000003	0.00010000000000000003	0.00010000000000000003	0.00010000000000000003	0.00010000000000000003	0.00010000000000000003	0.00010000000000000003	0.00010000000000000003	0.00010000000000000003	0.00010000000000000003	0.00010000000000000003	0.00010000000000000003	0.00010000000000000003	0.00010000000000000003	0.00010000000000000003
11	0.00010000000000000003	0.00010000000000000003	0.00010000000000000003	0.00010000000000000003	0.00010000000000000003	0.00010000000000000003	0.00010000000000000003	0.00010000000000000003	0.00010000000000000003	0.00010000000000000003	0.00010000000000000003	0.00010000000000000003	0.00010000000000000003	0.00010000000000000003	0.00010000000000000003	0.00010000000000000003
12	0.00010000000000000003	0.00010000000000000003	0.00010000000000000003	0.00010000000000000003	0.00010000000000000003	0.00010000000000000003	0.00010000000000000003	0.00010000000000000003	0.00010000000000000003	0.00010000000000000003	0.00010000000000000003	0.00010000000000000003	0.00010000000000000003	0.00010000000000000003	0.00010000000000000003	0.00010000000000000003
13	0.00010000000000000003	0.00010000000000000003	0.00010000000000000003	0.00010000000000000003	0.00010000000000000003	0.00010000000000000003	0.00010000000000000003	0.00010000000000000003	0.00010000000000000003	0.00010000000000000003	0.00010000000000000003	0.00010000000000000003	0.00010000000000000003	0.00010000000000000003	0.00010000000000000003	0.00010000000000000003
14	0.00010000000000000003	0.00010000000000000003	0.00010000000000000003	0.00010000000000000003	0.00010000000000000003	0.00010000000000000003	0.00010000000000000003	0.00010000000000000003	0.00010000000000000003	0.00010000000000000003	0.00010000000000000003	0.00010000000000000003	0.00010000000000000003	0.00010000000000000003	0.00010000000000000003	0.00010000000000000003
15	0.00010000000000000003	0.00010000000000000003	0.00010000000000000003	0.00010000000000000003	0.00010000000000000003	0.00010000000000000003	0.00010000000000000003	0.00010000000000000003	0.00010000000000000003	0.00010000000000000003	0.00010000000000000003	0.00010000000000000003	0.00010000000000000003	0.00010000000000000003	0.00010000000000000003	0.00010000000000000003
16	0.00010000000000000003	0.00010000000000000003	0.00010000000000000003	0.00010000000000000003	0.00010000000000000003	0.00010000000000000003	0.00010000000000000003	0.00010000000000000003	0.00010000000000000003	0.00010000000000000003	0.00010000000000000003	0.00010000000000000003	0.00010000000000000003	0.00010000000000000003	0.00010000000000000003	0.00010000000000000003
17	0.00010000000000000003	0.00010000000000000003	0.00010000000000000003	0.00010000000000000003	0.00010000000000000003	0.00010000000000000003	0.00010000000000000003	0.00010000000000000003	0.00010000000000000003	0.00010000000000000003	0.00010000000000000003	0.00010000000000000003	0.00010000000000000003	0.00010000000000000003	0.00010000000000000003	0.00010000000000000003
18	0.00010000000000000003	0.00010000000000000003	0.00010000000000000003	0.00010000000000000003	0.00010000000000000003	0.00010000000000000003	0.00010000000000000003	0.00010000000000000003	0.00010000000000000003	0.00010000000000000003	0.00010000000000000003	0.00010000000000000003	0.00010000000000000003	0.00010000000000000003	0.00010000000000000003	0.00010000000000000003
19	0.00010000000000000003	0.00010000000000000003	0.00010000000000000003	0.00010000000000000003	0.00010000000000000003	0.00010000000000000003	0.00010000000000000003	0.00010000000000000003	0.00010000000000000003	0.00010000000000000003	0.00010000000000000003	0.00010000000000000003	0.00010000000000000003	0.00010000000000000003	0.00010000000000000003	0.00010000000000000003
20	0.00010000000000000003	0.00010000000000000003	0.00010000000000000003	0.00010000000000000003	0.00010000000000000003	0.00010000000000000003	0.00010000000000000003	0.00010000000000000003	0.00010000000000000003	0.00010000000000000003	0.00010000000000000003	0.00010000000000000003	0.00010000000000000003	0.00010000000000000003	0.00010000000000000003	0.00010000000000000003
21	0.00010000000000000003	0.00010000000000000003	0.00010000000000000003	0.00010000000000000003	0.00010000000000000003	0.00010000000000000003	0.00010000000000000003	0.00010000000000000003	0.00010000000000000003	0.00010000000000000003	0.00010000000000000003	0.00010000000000000003	0.00010000000000000003	0.00010000000000000003	0.00010000000000000003	0.00010000000000000003
22	0.00010000000000000003	0.00010000000000000003	0.00010000000000000003	0.00010000000000000003	0.00010000000000000003	0.00010000000000000003	0.00010000000000000003	0.00010000000000000003	0.00010000000000000003	0.00010000000000000003	0.00010000000000000003	0.00010000000000000003	0.00010000000000000003	0.00010000000000000003	0.00010000000000000003	0.00010000000000000003
23	0.00010000000000000003	0.00010000000000000003	0.00010000000000000003	0.00010000000000000003	0.00010000000000000003	0.00010000000000000003	0.00010000000000000003	0.00010000000000000003	0.00010000000000000003	0.00010000000000000003	0.00010000000000000003	0.00010000000000000003	0.00010000000000000003	0.00010000000000000003	0.00010000000000000003	0.00010000000000000003
24	0.00010000000000000003	0.00010000000000000003	0.00010000000000000003	0.00010000000000000003	0.00010000000000000003	0.00010000000000000003	0.00010000000000000003	0.00010000000000000003	0.00010000000000000003	0.00010000000000000003	0.00010000000000000003	0.00010000000000000003	0.00010000000000000003	0.00010000000000000003	0.00010000000000000003	0.00010000000000000003
["TIDAL_RANGE","C2",*,*] :	1	2	3	4	5	6	7	8	9	10	11	12	13	14	15	16 := 
1	0.00010000000000000003	0.00010000000000000003	0.00010000000000000003	0.00010000000000000003	0.00010000000000000003	0.00010000000000000003	0.00010000000000000003	0.00010000000000000003	0.00010000000000000003	0.00010000000000000003	0.00010000000000000003	0.00010000000000000003	0.00010000000000000003	0.00010000000000000003	0.00010000000000000003	0.00010000000000000003
2	0.00010000000000000003	0.00010000000000000003	0.00010000000000000003	0.00010000000000000003	0.00010000000000000003	0.00010000000000000003	0.00010000000000000003	0.00010000000000000003	0.00010000000000000003	0.00010000000000000003	0.00010000000000000003	0.00010000000000000003	0.00010000000000000003	0.00010000000000000003	0.00010000000000000003	0.00010000000000000003
3	0.00010000000000000003	0.00010000000000000003	0.00010000000000000003	0.00010000000000000003	0.00010000000000000003	0.00010000000000000003	0.00010000000000000003	0.00010000000000000003	0.00010000000000000003	0.00010000000000000003	0.00010000000000000003	0.00010000000000000003	0.00010000000000000003	0.00010000000000000003	0.00010000000000000003	0.00010000000000000003
4	0.00010000000000000003	0.00010000000000000003	0.00010000000000000003	0.00010000000000000003	0.00010000000000000003	0.00010000000000000003	0.00010000000000000003	0.00010000000000000003	0.00010000000000000003	0.00010000000000000003	0.00010000000000000003	0.00010000000000000003	0.00010000000000000003	0.00010000000000000003	0.00010000000000000003	0.00010000000000000003
5	0.00010000000000000003	0.00010000000000000003	0.00010000000000000003	0.00010000000000000003	0.00010000000000000003	0.00010000000000000003	0.00010000000000000003	0.00010000000000000003	0.00010000000000000003	0.00010000000000000003	0.00010000000000000003	0.00010000000000000003	0.00010000000000000003	0.00010000000000000003	0.00010000000000000003	0.00010000000000000003
6	0.00010000000000000003	0.00010000000000000003	0.00010000000000000003	0.00010000000000000003	0.00010000000000000003	0.00010000000000000003	0.00010000000000000003	0.00010000000000000003	0.00010000000000000003	0.00010000000000000003	0.00010000000000000003	0.00010000000000000003	0.00010000000000000003	0.00010000000000000003	0.00010000000000000003	0.00010000000000000003
7	0.00010000000000000003	0.00010000000000000003	0.00010000000000000003	0.00010000000000000003	0.00010000000000000003	0.00010000000000000003	0.00010000000000000003	0.00010000000000000003	0.00010000000000000003	0.00010000000000000003	0.00010000000000000003	0.00010000000000000003	0.00010000000000000003	0.00010000000000000003	0.00010000000000000003	0.00010000000000000003
8	0.00010000000000000003	0.00010000000000000003	0.00010000000000000003	0.00010000000000000003	0.00010000000000000003	0.00010000000000000003	0.00010000000000000003	0.00010000000000000003	0.00010000000000000003	0.00010000000000000003	0.00010000000000000003	0.00010000000000000003	0.00010000000000000003	0.00010000000000000003	0.00010000000000000003	0.00010000000000000003
9	0.00010000000000000003	0.00010000000000000003	0.00010000000000000003	0.00010000000000000003	0.00010000000000000003	0.00010000000000000003	0.00010000000000000003	0.00010000000000000003	0.00010000000000000003	0.00010000000000000003	0.00010000000000000003	0.00010000000000000003	0.00010000000000000003	0.00010000000000000003	0.00010000000000000003	0.00010000000000000003
10	0.00010000000000000003	0.00010000000000000003	0.00010000000000000003	0.00010000000000000003	0.00010000000000000003	0.00010000000000000003	0.00010000000000000003	0.00010000000000000003	0.00010000000000000003	0.00010000000000000003	0.00010000000000000003	0.00010000000000000003	0.00010000000000000003	0.00010000000000000003	0.00010000000000000003	0.00010000000000000003
11	0.00010000000000000003	0.00010000000000000003	0.00010000000000000003	0.00010000000000000003	0.00010000000000000003	0.00010000000000000003	0.00010000000000000003	0.00010000000000000003	0.00010000000000000003	0.00010000000000000003	0.00010000000000000003	0.00010000000000000003	0.00010000000000000003	0.00010000000000000003	0.00010000000000000003	0.00010000000000000003
12	0.00010000000000000003	0.00010000000000000003	0.00010000000000000003	0.00010000000000000003	0.00010000000000000003	0.00010000000000000003	0.00010000000000000003	0.00010000000000000003	0.00010000000000000003	0.00010000000000000003	0.00010000000000000003	0.00010000000000000003	0.00010000000000000003	0.00010000000000000003	0.00010000000000000003	0.00010000000000000003
13	0.00010000000000000003	0.00010000000000000003	0.00010000000000000003	0.00010000000000000003	0.00010000000000000003	0.00010000000000000003	0.00010000000000000003	0.00010000000000000003	0.00010000000000000003	0.00010000000000000003	0.00010000000000000003	0.00010000000000000003	0.00010000000000000003	0.00010000000000000003	0.00010000000000000003	0.00010000000000000003
14	0.00010000000000000003	0.00010000000000000003	0.00010000000000000003	0.00010000000000000003	0.00010000000000000003	0.00010000000000000003	0.00010000000000000003	0.00010000000000000003	0.00010000000000000003	0.00010000000000000003	0.00010000000000000003	0.00010000000000000003	0.00010000000000000003	0.00010000000000000003	0.00010000000000000003	0.00010000000000000003
15	0.00010000000000000003	0.00010000000000000003	0.00010000000000000003	0.00010000000000000003	0.00010000000000000003	0.00010000000000000003	0.00010000000000000003	0.00010000000000000003	0.00010000000000000003	0.00010000000000000003	0.00010000000000000003	0.00010000000000000003	0.00010000000000000003	0.00010000000000000003	0.00010000000000000003	0.00010000000000000003
16	0.00010000000000000003	0.00010000000000000003	0.00010000000000000003	0.00010000000000000003	0.00010000000000000003	0.00010000000000000003	0.00010000000000000003	0.00010000000000000003	0.00010000000000000003	0.00010000000000000003	0.00010000000000000003	0.00010000000000000003	0.00010000000000000003	0.00010000000000000003	0.00010000000000000003	0.00010000000000000003
17	0.00010000000000000003	0.00010000000000000003	0.00010000000000000003	0.00010000000000000003	0.00010000000000000003	0.00010000000000000003	0.00010000000000000003	0.00010000000000000003	0.00010000000000000003	0.00010000000000000003	0.00010000000000000003	0.00010000000000000003	0.00010000000000000003	0.00010000000000000003	0.00010000000000000003	0.00010000000000000003
18	0.00010000000000000003	0.00010000000000000003	0.00010000000000000003	0.00010000000000000003	0.00010000000000000003	0.00010000000000000003	0.00010000000000000003	0.00010000000000000003	0.00010000000000000003	0.00010000000000000003	0.00010000000000000003	0.00010000000000000003	0.00010000000000000003	0.00010000000000000003	0.00010000000000000003	0.00010000000000000003
19	0.00010000000000000003	0.00010000000000000003	0.00010000000000000003	0.00010000000000000003	0.00010000000000000003	0.00010000000000000003	0.00010000000000000003	0.00010000000000000003	0.00010000000000000003	0.00010000000000000003	0.00010000000000000003	0.00010000000000000003	0.00010000000000000003	0.00010000000000000003	0.00010000000000000003	0.00010000000000000003
20	0.00010000000000000003	0.00010000000000000003	0.00010000000000000003	0.00010000000000000003	0.00010000000000000003	0.00010000000000000003	0.00010000000000000003	0.00010000000000000003	0.00010000000000000003	0.00010000000000000003	0.00010000000000000003	0.00010000000000000003	0.00010000000000000003	0.00010000000000000003	0.00010000000000000003	0.00010000000000000003
21	0.00010000000000000003	0.00010000000000000003	0.00010000000000000003	0.00010000000000000003	0.00010000000000000003	0.00010000000000000003	0.00010000000000000003	0.00010000000000000003	0.00010000000000000003	0.00010000000000000003	0.00010000000000000003	0.00010000000000000003	0.00010000000000000003	0.00010000000000000003	0.00010000000000000003	0.00010000000000000003
22	0.00010000000000000003	0.00010000000000000003	0.00010000000000000003	0.00010000000000000003	0.00010000000000000003	0.00010000000000000003	0.00010000000000000003	0.00010000000000000003	0.00010000000000000003	0.00010000000000000003	0.00010000000000000003	0.00010000000000000003	0.00010000000000000003	0.00010000000000000003	0.00010000000000000003	0.00010000000000000003
23	0.00010000000000000003	0.00010000000000000003	0.00010000000000000003	0.00010000000000000003	0.00010000000000000003	0.00010000000000000003	0.00010000000000000003	0.00010000000000000003	0.00010000000000000003	0.00010000000000000003	0.00010000000000000003	0.00010000000000000003	0.00010000000000000003	0.00010000000000000003	0.00010000000000000003	0.00010000000000000003
24	0.00010000000000000003	0.00010000000000000003	0.00010000000000000003	0.00010000000000000003	0.00010000000000000003	0.00010000000000000003	0.00010000000000000003	0.00010000000000000003	0.00010000000000000003	0.00010000000000000003	0.00010000000000000003	0.00010000000000000003	0.00010000000000000003	0.00010000000000000003	0.00010000000000000003	0.00010000000000000003
["TIDAL_RANGE","C3",*,*] :	1	2	3	4	5	6	7	8	9	10	11	12	13	14	15	16 := 
1	0.00010000000000000003	0.00010000000000000003	0.00010000000000000003	0.00010000000000000003	0.00010000000000000003	0.00010000000000000003	0.00010000000000000003	0.00010000000000000003	0.00010000000000000003	0.00010000000000000003	0.00010000000000000003	0.00010000000000000003	0.00010000000000000003	0.00010000000000000003	0.00010000000000000003	0.00010000000000000003
2	0.00010000000000000003	0.00010000000000000003	0.00010000000000000003	0.00010000000000000003	0.00010000000000000003	0.00010000000000000003	0.00010000000000000003	0.00010000000000000003	0.00010000000000000003	0.00010000000000000003	0.00010000000000000003	0.00010000000000000003	0.00010000000000000003	0.00010000000000000003	0.00010000000000000003	0.00010000000000000003
3	0.00010000000000000003	0.00010000000000000003	0.00010000000000000003	0.00010000000000000003	0.00010000000000000003	0.00010000000000000003	0.00010000000000000003	0.00010000000000000003	0.00010000000000000003	0.00010000000000000003	0.00010000000000000003	0.00010000000000000003	0.00010000000000000003	0.00010000000000000003	0.00010000000000000003	0.00010000000000000003
4	0.00010000000000000003	0.00010000000000000003	0.00010000000000000003	0.00010000000000000003	0.00010000000000000003	0.00010000000000000003	0.00010000000000000003	0.00010000000000000003	0.00010000000000000003	0.00010000000000000003	0.00010000000000000003	0.00010000000000000003	0.00010000000000000003	0.00010000000000000003	0.00010000000000000003	0.00010000000000000003
5	0.00010000000000000003	0.00010000000000000003	0.00010000000000000003	0.00010000000000000003	0.00010000000000000003	0.00010000000000000003	0.00010000000000000003	0.00010000000000000003	0.00010000000000000003	0.00010000000000000003	0.00010000000000000003	0.00010000000000000003	0.00010000000000000003	0.00010000000000000003	0.00010000000000000003	0.00010000000000000003
6	0.00010000000000000003	0.00010000000000000003	0.00010000000000000003	0.00010000000000000003	0.00010000000000000003	0.00010000000000000003	0.00010000000000000003	0.00010000000000000003	0.00010000000000000003	0.00010000000000000003	0.00010000000000000003	0.00010000000000000003	0.00010000000000000003	0.00010000000000000003	0.00010000000000000003	0.00010000000000000003
7	0.00010000000000000003	0.00010000000000000003	0.00010000000000000003	0.00010000000000000003	0.00010000000000000003	0.00010000000000000003	0.00010000000000000003	0.00010000000000000003	0.00010000000000000003	0.00010000000000000003	0.00010000000000000003	0.00010000000000000003	0.00010000000000000003	0.00010000000000000003	0.00010000000000000003	0.00010000000000000003
8	0.00010000000000000003	0.00010000000000000003	0.00010000000000000003	0.00010000000000000003	0.00010000000000000003	0.00010000000000000003	0.00010000000000000003	0.00010000000000000003	0.00010000000000000003	0.00010000000000000003	0.00010000000000000003	0.00010000000000000003	0.00010000000000000003	0.00010000000000000003	0.00010000000000000003	0.00010000000000000003
9	0.00010000000000000003	0.00010000000000000003	0.00010000000000000003	0.00010000000000000003	0.00010000000000000003	0.00010000000000000003	0.00010000000000000003	0.00010000000000000003	0.00010000000000000003	0.00010000000000000003	0.00010000000000000003	0.00010000000000000003	0.00010000000000000003	0.00010000000000000003	0.00010000000000000003	0.00010000000000000003
10	0.00010000000000000003	0.00010000000000000003	0.00010000000000000003	0.00010000000000000003	0.00010000000000000003	0.00010000000000000003	0.00010000000000000003	0.00010000000000000003	0.00010000000000000003	0.00010000000000000003	0.00010000000000000003	0.00010000000000000003	0.00010000000000000003	0.00010000000000000003	0.00010000000000000003	0.00010000000000000003
11	0.00010000000000000003	0.00010000000000000003	0.00010000000000000003	0.00010000000000000003	0.00010000000000000003	0.00010000000000000003	0.00010000000000000003	0.00010000000000000003	0.00010000000000000003	0.00010000000000000003	0.00010000000000000003	0.00010000000000000003	0.00010000000000000003	0.00010000000000000003	0.00010000000000000003	0.00010000000000000003
12	0.00010000000000000003	0.00010000000000000003	0.00010000000000000003	0.00010000000000000003	0.00010000000000000003	0.00010000000000000003	0.00010000000000000003	0.00010000000000000003	0.00010000000000000003	0.00010000000000000003	0.00010000000000000003	0.00010000000000000003	0.00010000000000000003	0.00010000000000000003	0.00010000000000000003	0.00010000000000000003
13	0.00010000000000000003	0.00010000000000000003	0.00010000000000000003	0.00010000000000000003	0.00010000000000000003	0.00010000000000000003	0.00010000000000000003	0.00010000000000000003	0.00010000000000000003	0.00010000000000000003	0.00010000000000000003	0.00010000000000000003	0.00010000000000000003	0.00010000000000000003	0.00010000000000000003	0.00010000000000000003
14	0.00010000000000000003	0.00010000000000000003	0.00010000000000000003	0.00010000000000000003	0.00010000000000000003	0.00010000000000000003	0.00010000000000000003	0.00010000000000000003	0.00010000000000000003	0.00010000000000000003	0.00010000000000000003	0.00010000000000000003	0.00010000000000000003	0.00010000000000000003	0.00010000000000000003	0.00010000000000000003
15	0.00010000000000000003	0.00010000000000000003	0.00010000000000000003	0.00010000000000000003	0.00010000000000000003	0.00010000000000000003	0.00010000000000000003	0.00010000000000000003	0.00010000000000000003	0.00010000000000000003	0.00010000000000000003	0.00010000000000000003	0.00010000000000000003	0.00010000000000000003	0.00010000000000000003	0.00010000000000000003
16	0.00010000000000000003	0.00010000000000000003	0.00010000000000000003	0.00010000000000000003	0.00010000000000000003	0.00010000000000000003	0.00010000000000000003	0.00010000000000000003	0.00010000000000000003	0.00010000000000000003	0.00010000000000000003	0.00010000000000000003	0.00010000000000000003	0.00010000000000000003	0.00010000000000000003	0.00010000000000000003
17	0.00010000000000000003	0.00010000000000000003	0.00010000000000000003	0.00010000000000000003	0.00010000000000000003	0.00010000000000000003	0.00010000000000000003	0.00010000000000000003	0.00010000000000000003	0.00010000000000000003	0.00010000000000000003	0.00010000000000000003	0.00010000000000000003	0.00010000000000000003	0.00010000000000000003	0.00010000000000000003
18	0.00010000000000000003	0.00010000000000000003	0.00010000000000000003	0.00010000000000000003	0.00010000000000000003	0.00010000000000000003	0.00010000000000000003	0.00010000000000000003	0.00010000000000000003	0.00010000000000000003	0.00010000000000000003	0.00010000000000000003	0.00010000000000000003	0.00010000000000000003	0.00010000000000000003	0.00010000000000000003
19	0.00010000000000000003	0.00010000000000000003	0.00010000000000000003	0.00010000000000000003	0.00010000000000000003	0.00010000000000000003	0.00010000000000000003	0.00010000000000000003	0.00010000000000000003	0.00010000000000000003	0.00010000000000000003	0.00010000000000000003	0.00010000000000000003	0.00010000000000000003	0.00010000000000000003	0.00010000000000000003
20	0.00010000000000000003	0.00010000000000000003	0.00010000000000000003	0.00010000000000000003	0.00010000000000000003	0.00010000000000000003	0.00010000000000000003	0.00010000000000000003	0.00010000000000000003	0.00010000000000000003	0.00010000000000000003	0.00010000000000000003	0.00010000000000000003	0.00010000000000000003	0.00010000000000000003	0.00010000000000000003
21	0.00010000000000000003	0.00010000000000000003	0.00010000000000000003	0.00010000000000000003	0.00010000000000000003	0.00010000000000000003	0.00010000000000000003	0.00010000000000000003	0.00010000000000000003	0.00010000000000000003	0.00010000000000000003	0.00010000000000000003	0.00010000000000000003	0.00010000000000000003	0.00010000000000000003	0.00010000000000000003
22	0.00010000000000000003	0.00010000000000000003	0.00010000000000000003	0.00010000000000000003	0.00010000000000000003	0.00010000000000000003	0.00010000000000000003	0.00010000000000000003	0.00010000000000000003	0.00010000000000000003	0.00010000000000000003	0.00010000000000000003	0.00010000000000000003	0.00010000000000000003	0.00010000000000000003	0.00010000000000000003
23	0.00010000000000000003	0.00010000000000000003	0.00010000000000000003	0.00010000000000000003	0.00010000000000000003	0.00010000000000000003	0.00010000000000000003	0.00010000000000000003	0.00010000000000000003	0.00010000000000000003	0.00010000000000000003	0.00010000000000000003	0.00010000000000000003	0.00010000000000000003	0.00010000000000000003	0.00010000000000000003
24	0.00010000000000000003	0.00010000000000000003	0.00010000000000000003	0.00010000000000000003	0.00010000000000000003	0.00010000000000000003	0.00010000000000000003	0.00010000000000000003	0.00010000000000000003	0.00010000000000000003	0.00010000000000000003	0.00010000000000000003	0.00010000000000000003	0.00010000000000000003	0.00010000000000000003	0.00010000000000000003
["TIDAL_RANGE","C4",*,*] :	1	2	3	4	5	6	7	8	9	10	11	12	13	14	15	16 := 
1	0.00010000000000000003	0.00010000000000000003	0.00010000000000000003	0.00010000000000000003	0.00010000000000000003	0.00010000000000000003	0.00010000000000000003	0.00010000000000000003	0.00010000000000000003	0.00010000000000000003	0.00010000000000000003	0.00010000000000000003	0.00010000000000000003	0.00010000000000000003	0.00010000000000000003	0.00010000000000000003
2	0.00010000000000000003	0.00010000000000000003	0.00010000000000000003	0.00010000000000000003	0.00010000000000000003	0.00010000000000000003	0.00010000000000000003	0.00010000000000000003	0.00010000000000000003	0.00010000000000000003	0.00010000000000000003	0.00010000000000000003	0.00010000000000000003	0.00010000000000000003	0.00010000000000000003	0.00010000000000000003
3	0.00010000000000000003	0.00010000000000000003	0.00010000000000000003	0.00010000000000000003	0.00010000000000000003	0.00010000000000000003	0.00010000000000000003	0.00010000000000000003	0.00010000000000000003	0.00010000000000000003	0.00010000000000000003	0.00010000000000000003	0.00010000000000000003	0.00010000000000000003	0.00010000000000000003	0.00010000000000000003
4	0.00010000000000000003	0.00010000000000000003	0.00010000000000000003	0.00010000000000000003	0.00010000000000000003	0.00010000000000000003	0.00010000000000000003	0.00010000000000000003	0.00010000000000000003	0.00010000000000000003	0.00010000000000000003	0.00010000000000000003	0.00010000000000000003	0.00010000000000000003	0.00010000000000000003	0.00010000000000000003
5	0.00010000000000000003	0.00010000000000000003	0.00010000000000000003	0.00010000000000000003	0.00010000000000000003	0.00010000000000000003	0.00010000000000000003	0.00010000000000000003	0.00010000000000000003	0.00010000000000000003	0.00010000000000000003	0.00010000000000000003	0.00010000000000000003	0.00010000000000000003	0.00010000000000000003	0.00010000000000000003
6	0.00010000000000000003	0.00010000000000000003	0.00010000000000000003	0.00010000000000000003	0.00010000000000000003	0.00010000000000000003	0.00010000000000000003	0.00010000000000000003	0.00010000000000000003	0.00010000000000000003	0.00010000000000000003	0.00010000000000000003	0.00010000000000000003	0.00010000000000000003	0.00010000000000000003	0.00010000000000000003
7	0.00010000000000000003	0.00010000000000000003	0.00010000000000000003	0.00010000000000000003	0.00010000000000000003	0.00010000000000000003	0.00010000000000000003	0.00010000000000000003	0.00010000000000000003	0.00010000000000000003	0.00010000000000000003	0.00010000000000000003	0.00010000000000000003	0.00010000000000000003	0.00010000000000000003	0.00010000000000000003
8	0.00010000000000000003	0.00010000000000000003	0.00010000000000000003	0.00010000000000000003	0.00010000000000000003	0.00010000000000000003	0.00010000000000000003	0.00010000000000000003	0.00010000000000000003	0.00010000000000000003	0.00010000000000000003	0.00010000000000000003	0.00010000000000000003	0.00010000000000000003	0.00010000000000000003	0.00010000000000000003
9	0.00010000000000000003	0.00010000000000000003	0.00010000000000000003	0.00010000000000000003	0.00010000000000000003	0.00010000000000000003	0.00010000000000000003	0.00010000000000000003	0.00010000000000000003	0.00010000000000000003	0.00010000000000000003	0.00010000000000000003	0.00010000000000000003	0.00010000000000000003	0.00010000000000000003	0.00010000000000000003
10	0.00010000000000000003	0.00010000000000000003	0.00010000000000000003	0.00010000000000000003	0.00010000000000000003	0.00010000000000000003	0.00010000000000000003	0.00010000000000000003	0.00010000000000000003	0.00010000000000000003	0.00010000000000000003	0.00010000000000000003	0.00010000000000000003	0.00010000000000000003	0.00010000000000000003	0.00010000000000000003
11	0.00010000000000000003	0.00010000000000000003	0.00010000000000000003	0.00010000000000000003	0.00010000000000000003	0.00010000000000000003	0.00010000000000000003	0.00010000000000000003	0.00010000000000000003	0.00010000000000000003	0.00010000000000000003	0.00010000000000000003	0.00010000000000000003	0.00010000000000000003	0.00010000000000000003	0.00010000000000000003
12	0.00010000000000000003	0.00010000000000000003	0.00010000000000000003	0.00010000000000000003	0.00010000000000000003	0.00010000000000000003	0.00010000000000000003	0.00010000000000000003	0.00010000000000000003	0.00010000000000000003	0.00010000000000000003	0.00010000000000000003	0.00010000000000000003	0.00010000000000000003	0.00010000000000000003	0.00010000000000000003
13	0.00010000000000000003	0.00010000000000000003	0.00010000000000000003	0.00010000000000000003	0.00010000000000000003	0.00010000000000000003	0.00010000000000000003	0.00010000000000000003	0.00010000000000000003	0.00010000000000000003	0.00010000000000000003	0.00010000000000000003	0.00010000000000000003	0.00010000000000000003	0.00010000000000000003	0.00010000000000000003
14	0.00010000000000000003	0.00010000000000000003	0.00010000000000000003	0.00010000000000000003	0.00010000000000000003	0.00010000000000000003	0.00010000000000000003	0.00010000000000000003	0.00010000000000000003	0.00010000000000000003	0.00010000000000000003	0.00010000000000000003	0.00010000000000000003	0.00010000000000000003	0.00010000000000000003	0.00010000000000000003
15	0.00010000000000000003	0.00010000000000000003	0.00010000000000000003	0.00010000000000000003	0.00010000000000000003	0.00010000000000000003	0.00010000000000000003	0.00010000000000000003	0.00010000000000000003	0.00010000000000000003	0.00010000000000000003	0.00010000000000000003	0.00010000000000000003	0.00010000000000000003	0.00010000000000000003	0.00010000000000000003
16	0.00010000000000000003	0.00010000000000000003	0.00010000000000000003	0.00010000000000000003	0.00010000000000000003	0.00010000000000000003	0.00010000000000000003	0.00010000000000000003	0.00010000000000000003	0.00010000000000000003	0.00010000000000000003	0.00010000000000000003	0.00010000000000000003	0.00010000000000000003	0.00010000000000000003	0.00010000000000000003
17	0.00010000000000000003	0.00010000000000000003	0.00010000000000000003	0.00010000000000000003	0.00010000000000000003	0.00010000000000000003	0.00010000000000000003	0.00010000000000000003	0.00010000000000000003	0.00010000000000000003	0.00010000000000000003	0.00010000000000000003	0.00010000000000000003	0.00010000000000000003	0.00010000000000000003	0.00010000000000000003
18	0.00010000000000000003	0.00010000000000000003	0.00010000000000000003	0.00010000000000000003	0.00010000000000000003	0.00010000000000000003	0.00010000000000000003	0.00010000000000000003	0.00010000000000000003	0.00010000000000000003	0.00010000000000000003	0.00010000000000000003	0.00010000000000000003	0.00010000000000000003	0.00010000000000000003	0.00010000000000000003
19	0.00010000000000000003	0.00010000000000000003	0.00010000000000000003	0.00010000000000000003	0.00010000000000000003	0.00010000000000000003	0.00010000000000000003	0.00010000000000000003	0.00010000000000000003	0.00010000000000000003	0.00010000000000000003	0.00010000000000000003	0.00010000000000000003	0.00010000000000000003	0.00010000000000000003	0.00010000000000000003
20	0.00010000000000000003	0.00010000000000000003	0.00010000000000000003	0.00010000000000000003	0.00010000000000000003	0.00010000000000000003	0.00010000000000000003	0.00010000000000000003	0.00010000000000000003	0.00010000000000000003	0.00010000000000000003	0.00010000000000000003	0.00010000000000000003	0.00010000000000000003	0.00010000000000000003	0.00010000000000000003
21	0.00010000000000000003	0.00010000000000000003	0.00010000000000000003	0.00010000000000000003	0.00010000000000000003	0.00010000000000000003	0.00010000000000000003	0.00010000000000000003	0.00010000000000000003	0.00010000000000000003	0.00010000000000000003	0.00010000000000000003	0.00010000000000000003	0.00010000000000000003	0.00010000000000000003	0.00010000000000000003
22	0.00010000000000000003	0.00010000000000000003	0.00010000000000000003	0.00010000000000000003	0.00010000000000000003	0.00010000000000000003	0.00010000000000000003	0.00010000000000000003	0.00010000000000000003	0.00010000000000000003	0.00010000000000000003	0.00010000000000000003	0.00010000000000000003	0.00010000000000000003	0.00010000000000000003	0.00010000000000000003
23	0.00010000000000000003	0.00010000000000000003	0.00010000000000000003	0.00010000000000000003	0.00010000000000000003	0.00010000000000000003	0.00010000000000000003	0.00010000000000000003	0.00010000000000000003	0.00010000000000000003	0.00010000000000000003	0.00010000000000000003	0.00010000000000000003	0.00010000000000000003	0.00010000000000000003	0.00010000000000000003
24	0.00010000000000000003	0.00010000000000000003	0.00010000000000000003	0.00010000000000000003	0.00010000000000000003	0.00010000000000000003	0.00010000000000000003	0.00010000000000000003	0.00010000000000000003	0.00010000000000000003	0.00010000000000000003	0.00010000000000000003	0.00010000000000000003	0.00010000000000000003	0.00010000000000000003	0.00010000000000000003
["TIDAL_RANGE","C5",*,*] :	1	2	3	4	5	6	7	8	9	10	11	12	13	14	15	16 := 
1	0.00010000000000000003	0.00010000000000000003	0.00010000000000000003	0.00010000000000000003	0.00010000000000000003	0.00010000000000000003	0.00010000000000000003	0.00010000000000000003	0.00010000000000000003	0.00010000000000000003	0.00010000000000000003	0.00010000000000000003	0.00010000000000000003	0.00010000000000000003	0.00010000000000000003	0.00010000000000000003
2	0.00010000000000000003	0.00010000000000000003	0.00010000000000000003	0.00010000000000000003	0.00010000000000000003	0.00010000000000000003	0.00010000000000000003	0.00010000000000000003	0.00010000000000000003	0.00010000000000000003	0.00010000000000000003	0.00010000000000000003	0.00010000000000000003	0.00010000000000000003	0.00010000000000000003	0.00010000000000000003
3	0.00010000000000000003	0.00010000000000000003	0.00010000000000000003	0.00010000000000000003	0.00010000000000000003	0.00010000000000000003	0.00010000000000000003	0.00010000000000000003	0.00010000000000000003	0.00010000000000000003	0.00010000000000000003	0.00010000000000000003	0.00010000000000000003	0.00010000000000000003	0.00010000000000000003	0.00010000000000000003
4	0.00010000000000000003	0.00010000000000000003	0.00010000000000000003	0.00010000000000000003	0.00010000000000000003	0.00010000000000000003	0.00010000000000000003	0.00010000000000000003	0.00010000000000000003	0.00010000000000000003	0.00010000000000000003	0.00010000000000000003	0.00010000000000000003	0.00010000000000000003	0.00010000000000000003	0.00010000000000000003
5	0.00010000000000000003	0.00010000000000000003	0.00010000000000000003	0.00010000000000000003	0.00010000000000000003	0.00010000000000000003	0.00010000000000000003	0.00010000000000000003	0.00010000000000000003	0.00010000000000000003	0.00010000000000000003	0.00010000000000000003	0.00010000000000000003	0.00010000000000000003	0.00010000000000000003	0.00010000000000000003
6	0.00010000000000000003	0.00010000000000000003	0.00010000000000000003	0.00010000000000000003	0.00010000000000000003	0.00010000000000000003	0.00010000000000000003	0.00010000000000000003	0.00010000000000000003	0.00010000000000000003	0.00010000000000000003	0.00010000000000000003	0.00010000000000000003	0.00010000000000000003	0.00010000000000000003	0.00010000000000000003
7	0.00010000000000000003	0.00010000000000000003	0.00010000000000000003	0.00010000000000000003	0.00010000000000000003	0.00010000000000000003	0.00010000000000000003	0.00010000000000000003	0.00010000000000000003	0.00010000000000000003	0.00010000000000000003	0.00010000000000000003	0.00010000000000000003	0.00010000000000000003	0.00010000000000000003	0.00010000000000000003
8	0.00010000000000000003	0.00010000000000000003	0.00010000000000000003	0.00010000000000000003	0.00010000000000000003	0.00010000000000000003	0.00010000000000000003	0.00010000000000000003	0.00010000000000000003	0.00010000000000000003	0.00010000000000000003	0.00010000000000000003	0.00010000000000000003	0.00010000000000000003	0.00010000000000000003	0.00010000000000000003
9	0.00010000000000000003	0.00010000000000000003	0.00010000000000000003	0.00010000000000000003	0.00010000000000000003	0.00010000000000000003	0.00010000000000000003	0.00010000000000000003	0.00010000000000000003	0.00010000000000000003	0.00010000000000000003	0.00010000000000000003	0.00010000000000000003	0.00010000000000000003	0.00010000000000000003	0.00010000000000000003
10	0.00010000000000000003	0.00010000000000000003	0.00010000000000000003	0.00010000000000000003	0.00010000000000000003	0.00010000000000000003	0.00010000000000000003	0.00010000000000000003	0.00010000000000000003	0.00010000000000000003	0.00010000000000000003	0.00010000000000000003	0.00010000000000000003	0.00010000000000000003	0.00010000000000000003	0.00010000000000000003
11	0.00010000000000000003	0.00010000000000000003	0.00010000000000000003	0.00010000000000000003	0.00010000000000000003	0.00010000000000000003	0.00010000000000000003	0.00010000000000000003	0.00010000000000000003	0.00010000000000000003	0.00010000000000000003	0.00010000000000000003	0.00010000000000000003	0.00010000000000000003	0.00010000000000000003	0.00010000000000000003
12	0.00010000000000000003	0.00010000000000000003	0.00010000000000000003	0.00010000000000000003	0.00010000000000000003	0.00010000000000000003	0.00010000000000000003	0.00010000000000000003	0.00010000000000000003	0.00010000000000000003	0.00010000000000000003	0.00010000000000000003	0.00010000000000000003	0.00010000000000000003	0.00010000000000000003	0.00010000000000000003
13	0.00010000000000000003	0.00010000000000000003	0.00010000000000000003	0.00010000000000000003	0.00010000000000000003	0.00010000000000000003	0.00010000000000000003	0.00010000000000000003	0.00010000000000000003	0.00010000000000000003	0.00010000000000000003	0.00010000000000000003	0.00010000000000000003	0.00010000000000000003	0.00010000000000000003	0.00010000000000000003
14	0.00010000000000000003	0.00010000000000000003	0.00010000000000000003	0.00010000000000000003	0.00010000000000000003	0.00010000000000000003	0.00010000000000000003	0.00010000000000000003	0.00010000000000000003	0.00010000000000000003	0.00010000000000000003	0.00010000000000000003	0.00010000000000000003	0.00010000000000000003	0.00010000000000000003	0.00010000000000000003
15	0.00010000000000000003	0.00010000000000000003	0.00010000000000000003	0.00010000000000000003	0.00010000000000000003	0.00010000000000000003	0.00010000000000000003	0.00010000000000000003	0.00010000000000000003	0.00010000000000000003	0.00010000000000000003	0.00010000000000000003	0.00010000000000000003	0.00010000000000000003	0.00010000000000000003	0.00010000000000000003
16	0.00010000000000000003	0.00010000000000000003	0.00010000000000000003	0.00010000000000000003	0.00010000000000000003	0.00010000000000000003	0.00010000000000000003	0.00010000000000000003	0.00010000000000000003	0.00010000000000000003	0.00010000000000000003	0.00010000000000000003	0.00010000000000000003	0.00010000000000000003	0.00010000000000000003	0.00010000000000000003
17	0.00010000000000000003	0.00010000000000000003	0.00010000000000000003	0.00010000000000000003	0.00010000000000000003	0.00010000000000000003	0.00010000000000000003	0.00010000000000000003	0.00010000000000000003	0.00010000000000000003	0.00010000000000000003	0.00010000000000000003	0.00010000000000000003	0.00010000000000000003	0.00010000000000000003	0.00010000000000000003
18	0.00010000000000000003	0.00010000000000000003	0.00010000000000000003	0.00010000000000000003	0.00010000000000000003	0.00010000000000000003	0.00010000000000000003	0.00010000000000000003	0.00010000000000000003	0.00010000000000000003	0.00010000000000000003	0.00010000000000000003	0.00010000000000000003	0.00010000000000000003	0.00010000000000000003	0.00010000000000000003
19	0.00010000000000000003	0.00010000000000000003	0.00010000000000000003	0.00010000000000000003	0.00010000000000000003	0.00010000000000000003	0.00010000000000000003	0.00010000000000000003	0.00010000000000000003	0.00010000000000000003	0.00010000000000000003	0.00010000000000000003	0.00010000000000000003	0.00010000000000000003	0.00010000000000000003	0.00010000000000000003
20	0.00010000000000000003	0.00010000000000000003	0.00010000000000000003	0.00010000000000000003	0.00010000000000000003	0.00010000000000000003	0.00010000000000000003	0.00010000000000000003	0.00010000000000000003	0.00010000000000000003	0.00010000000000000003	0.00010000000000000003	0.00010000000000000003	0.00010000000000000003	0.00010000000000000003	0.00010000000000000003
21	0.00010000000000000003	0.00010000000000000003	0.00010000000000000003	0.00010000000000000003	0.00010000000000000003	0.00010000000000000003	0.00010000000000000003	0.00010000000000000003	0.00010000000000000003	0.00010000000000000003	0.00010000000000000003	0.00010000000000000003	0.00010000000000000003	0.00010000000000000003	0.00010000000000000003	0.00010000000000000003
22	0.00010000000000000003	0.00010000000000000003	0.00010000000000000003	0.00010000000000000003	0.00010000000000000003	0.00010000000000000003	0.00010000000000000003	0.00010000000000000003	0.00010000000000000003	0.00010000000000000003	0.00010000000000000003	0.00010000000000000003	0.00010000000000000003	0.00010000000000000003	0.00010000000000000003	0.00010000000000000003
23	0.00010000000000000003	0.00010000000000000003	0.00010000000000000003	0.00010000000000000003	0.00010000000000000003	0.00010000000000000003	0.00010000000000000003	0.00010000000000000003	0.00010000000000000003	0.00010000000000000003	0.00010000000000000003	0.00010000000000000003	0.00010000000000000003	0.00010000000000000003	0.00010000000000000003	0.00010000000000000003
24	0.00010000000000000003	0.00010000000000000003	0.00010000000000000003	0.00010000000000000003	0.00010000000000000003	0.00010000000000000003	0.00010000000000000003	0.00010000000000000003	0.00010000000000000003	0.00010000000000000003	0.00010000000000000003	0.00010000000000000003	0.00010000000000000003	0.00010000000000000003	0.00010000000000000003	0.00010000000000000003
["DHN_SOLAR","C1",*,*] :	1	2	3	4	5	6	7	8	9	10	11	12	13	14	15	16 := 
1	0.0	0.0	0.0	0.0	0.0	0.0	0.0	0.0	0.0	0.0	0.0	0.0	0.0	0.0	0.0	0.0
2	0.0	0.0	0.0	0.0	0.0	0.0	0.0	0.0	0.0	0.0	0.0	0.0	0.0	0.0	0.0	0.0
3	0.0	0.0	0.0	0.0	0.0	0.0	0.0	0.0	0.0	0.0	0.0	0.0	0.0	0.0	0.0	0.0
4	0.0	0.0	0.0	0.0	0.0	0.0	0.0	0.0	0.0	0.0	0.0	0.0	0.0	0.0	0.0	0.0
5	0.0	0.0	0.0	0.0	0.0	0.0	0.0	0.0	0.0	0.0	0.0	0.0	0.0	0.0	0.0	0.0
6	0.0	0.0	0.0	0.0	0.0	0.0	0.0	0.0	0.0	0.0	0.0	0.0	0.0	0.0	0.0	0.0
7	0.0	0.0	0.0	0.0	0.0	0.0	0.0	0.0	0.0	0.0	0.0	0.0	0.0	0.0	0.0	0.0
8	0.0	0.0	0.0	0.0	0.0	0.0	0.0	0.0	0.0	0.0	0.0	0.0	0.0	0.0	0.0	0.0
9	0.0	0.0	0.0	0.0	0.0	0.0	0.0	0.0	0.0	0.0	0.0	0.0	0.0	0.0	0.0	0.0
10	0.0	0.0	0.0	0.0	0.0	0.0	0.0	0.0	0.0	0.0	0.0	0.0	0.0	0.0	0.0	0.0
11	0.024995186258363746	0.023462439370083715	0.023109258283503145	0.0047162956241427875	0.00966771737556345	0.003183548735862758	0.001768856806885426	0.001768856806885426	0.003419658654468154	0.007074443436214182	0.014265958040403539	0.018511017618663056	0.01980765458833769	0.023698549288689114	0.027825553907645934	0.030301756679020023
12	0.11743221939237633	0.12321002585891587	0.13040154046310523	0.04256373178526026	0.162354098989708	0.11106512192065081	0.16471224680177937	0.1706071244362941	0.2117551805012495	0.13570712709243402	0.16765968561903674	0.15197805185832836	0.1049341343675307	0.11566434637681842	0.13134499634619928	0.12792632148305869
13	0.24724446885029558	0.2986505170873279	0.29299174937141864	0.10953237503237079	0.37823628410991433	0.30537177943696153	0.42150736185966325	0.4271661295755726	0.4556990294477072	0.34109619391328555	0.38884745736857185	0.3497033842377797	0.22201317267332646	0.22661141333816653	0.28745005282348446	0.28520995997071574
14	0.38259841485614904	0.4686683505184361	0.44779918508770167	0.19796045850672928	0.557921834916586	0.49425381157331333	0.6317297954726327	0.6331444874016101	0.6622666782789307	0.5299782260496373	0.5990708747728688	0.5448344588865544	0.3511180761667571	0.32612288990839333	0.45157202482875036	0.43813146771213823
15	0.4938996466954052	0.6030788406411954	0.5717165569111062	0.27047178209310146	0.7054197010693768	0.6353845802543788	0.7883060879958012	0.7821751004426811	0.8180185536696353	0.6793630039686164	0.7655509945902061	0.6965773846176048	0.46348081884841	0.394978444921692	0.5911710304128633	0.558275999794494
16	0.546131095856229	0.6944543629328113	0.6189965843205092	0.31893039151287644	0.7837078473309611	0.7201578789469912	0.8809792310484192	0.8730793866884137	0.9154070085550685	0.7447998841187744	0.8730793866884137	0.7805242985950983	0.5364633784806655	0.43766023166625495	0.6768868011972422	0.6313766143860522
17	0.5543851050941426	0.7245200096932259	0.6296077575791668	0.3440436327305429	0.8255642331517327	0.7538783104891519	0.8946558980836368	0.8932412061546595	0.9467692922851577	0.740908989418423	0.9112800039361116	0.7984460252085754	0.5586291808810746	0.45180813474735576	0.6926864899172535	0.641869732685407
18	0.5098173903747191	0.6854939915217365	0.5703018649821289	0.3340217504770714	0.8147169499744698	0.7245200096932259	0.8563372258766361	0.8525643861355873	0.910572657971623	0.7089574146831478	0.8757916993783932	0.756943804265712	0.5216071456437485	0.4229220537886406	0.6373895469798696	0.5830350761342523
19	0.4320004801590181	0.5987167098949608	0.47291341009669563	0.3058430154828448	0.7332452549770229	0.6365641460560783	0.7301797612004628	0.756354513260526	0.8076425065382556	0.6017822036715209	0.7693238343312548	0.6548390537561359	0.45510973844252123	0.34168548491847145	0.5152410319633505	0.48423192931984177
20	0.3070225812845443	0.4574678862545926	0.36432350715609135	0.25231492935234645	0.5329266486582223	0.4797517436143044	0.5326905387396168	0.590345629489072	0.6458786823450611	0.4285808215045499	0.606734609214269	0.4793975787363963	0.3488779833139884	0.2408783551698976	0.3684505117750482	0.35996137640985665
21	0.1987858594305206	0.29664653415316466	0.2570312249764893	0.16848508654282812	0.36703483605474335	0.2905155466000445	0.3308391855325361	0.3377945902181201	0.4315292441131348	0.2648120305858646	0.39721853777446064	0.3070225812845443	0.229913017033332	0.13841943978241347	0.2345112576981721	0.24394384894645765
22	0.09679916388024727	0.1444323723762309	0.1266287007220565	0.07274644971365007	0.1578739132841706	0.11990842216375043	0.1291049034934306	0.13559005592445883	0.16105647822870583	0.0983319107685273	0.16070329714212525	0.13051959542240796	0.113895489569933	0.061309875531201194	0.11012264982888427	0.11283397872753624
23	0.017685616694871693	0.024523950212480477	0.02145845643592042	0.006838333517608785	0.00966771737556345	0.003419658654468154	0.0010615108423967603	0.0010615108423967603	0.002829383857954664	0.005069476710723359	0.012733211152123508	0.018982253664546325	0.022047747441106387	0.011672684101054272	0.022755093405595055	0.02098722039003715
24	0.0	0.0	0.0	0.0	0.0	0.0	0.0	0.0	0.0	0.0	0.0	0.0	0.0	0.0	0.0	0.0
["DHN_SOLAR","C2",*,*] :	1	2	3	4	5	6	7	8	9	10	11	12	13	14	15	16 := 
1	0.0	0.0	0.0	0.0	0.0	0.0	0.0	0.0	0.0	0.0	0.0	0.0	0.0	0.0	0.0	0.0
2	0.0	0.0	0.0	0.0	0.0	0.0	0.0	0.0	0.0	0.0	0.0	0.0	0.0	0.0	0.0	0.0
3	0.0	0.0	0.0	0.0	0.0	0.0	0.0	0.0	0.0	0.0	0.0	0.0	0.0	0.0	0.0	0.0
4	0.0	0.0	0.0	0.0	0.0	0.0	0.0	0.0	0.0	0.0	0.0	0.0	0.0	0.0	0.0	0.0
5	0.0	0.0	0.0	0.0	0.0	0.0	0.0	0.0	0.0	0.0	0.0	0.0	0.0	0.0	0.0	0.0
6	0.0	0.0	0.0	0.0	0.0	0.0	0.0	0.0	0.0	0.0	0.0	0.0	0.0	0.0	0.0	0.0
7	0.0	0.0	0.0	0.0	0.0	0.0	0.0	0.0	0.0	0.0	0.0	0.0	0.0	0.0	0.0	0.0
8	0.0	0.0	0.0	0.0	0.0	0.0	0.0	0.0	0.0	0.0	0.0	0.0	0.0	0.0	0.0	0.0
9	0.0	0.0	0.0	0.0	0.0	0.0	0.0	0.0	0.0	0.0	0.0	0.0	0.0	0.0	0.0	0.0
10	0.0	0.0	0.0	0.0	0.0	0.0	0.0	0.0	0.0	0.0	0.0	0.0	0.0	0.0	0.0	0.0
11	0.022825362170394277	0.023731727340676967	0.021010652866574997	0.005442148948203941	0.010581516518562355	0.004383403607371538	0.0034770384370888456	0.003325647748166081	0.005592550155499759	0.007860442044460384	0.016475858570280694	0.019801506318446776	0.021766616829561873	0.022219799414703218	0.026150020436933413	0.027057375088843053
12	0.1095900375924232	0.11518258774792293	0.1153339784368457	0.04867260122948216	0.1473793304071244	0.10807810966644944	0.16536711690337885	0.15826263882190536	0.2120746076217459	0.12803100667381898	0.17277338688107094	0.1507049781552905	0.12198428445155092	0.11246151327382096	0.12258885772561504	0.11684491688119251
13	0.22734230912552533	0.284479925673532	0.24563188751799836	0.12153110186640959	0.33587360137711614	0.2930953421993523	0.3948249377473151	0.3933139993029683	0.44334713776950146	0.31849038815492575	0.38122055485843215	0.3401056142955649	0.25953905178472675	0.23066696739206446	0.2601436250587909	0.253340938873536
14	0.3511403133992686	0.4441031017324883	0.37789589659189304	0.1972610781847348	0.5041121939618928	0.47055590354726723	0.5824128435470242	0.5937493345469463	0.6386431054431212	0.5069846591249175	0.575761548050692	0.5201358594286591	0.4010230506585059	0.3413147608436931	0.39830197618440394	0.38726727708070025
15	0.45876524048057665	0.5674479234210902	0.4956481681249952	0.25500425748843253	0.6267020411691347	0.6007024219394971	0.7202684132947916	0.7371984439318406	0.7854178625761814	0.670538056206104	0.7285830274060203	0.6561777093542343	0.5214954071840832	0.40918528459918485	0.5094029522211739	0.4982178519101744
16	0.5044149753397383	0.6486200486876194	0.5562618336284637	0.31849038815492575	0.6942697835467809	0.6926064649318844	0.7864766079170139	0.8207888622946262	0.8753567950574536	0.7576045235243515	0.821544826257613	0.7303967472282126	0.599493275391369	0.4444048936287069	0.5821100621691786	0.566843350147026
17	0.5148451011693779	0.6809681820357436	0.5922374066209727	0.3500825575400631	0.7169437550282525	0.7310013205022767	0.7932783046206417	0.843916016361239	0.9021123782500782	0.7715116877910799	0.8498113478945843	0.7498954721688138	0.6220158561839176	0.4513579810212576	0.5984355195321635	0.5961676276432029
18	0.4911133738287009	0.6585960024504907	0.5890631495617293	0.3425248968734483	0.7033393721393696	0.6935138195837941	0.755942194391082	0.8070340781984475	0.8573690085611992	0.7319076856725595	0.8065799061316793	0.6980486138800884	0.5827146354432428	0.41674294526579975	0.5520298207100149	0.5674479234210902
19	0.41674294526579975	0.5683552780729999	0.5074378417100588	0.2995952470067617	0.62307460152475	0.5895173216284976	0.6185398072284558	0.7022806267985372	0.7573027316281329	0.6037262777914447	0.6972926499171016	0.5662387768729621	0.49322888554711186	0.33738552930308985	0.4601257777176277	0.48098503989527985
20	0.306851115777158	0.4304987188436054	0.3952791098140834	0.23066696739206446	0.4584624591027312	0.42717307109543934	0.44773054137687296	0.5189257233989039	0.6011565940062654	0.4336729759028487	0.5189257233989039	0.40722017408806976	0.37033724644365124	0.24019072805142136	0.32846634191779706	0.35975671940671583
21	0.20300501902915732	0.2732938358809055	0.2572711598957662	0.14435646403680386	0.2811542779253659	0.22885324756987213	0.27616630104393025	0.30654932388093936	0.3921048527548401	0.253340938873536	0.3240829383104255	0.2643756379772397	0.23323665117724368	0.1493444409182395	0.20769120401437438	0.23384221393293475
22	0.09885713038493807	0.125309932199717	0.11593855171090982	0.06167241084430096	0.11956599135529448	0.08449777301469523	0.09900852107386082	0.1076249270813081	0.15478560038481648	0.09326458022943832	0.1289383613257286	0.11518258774792293	0.10596160846641157	0.06923007151091581	0.09417193488134794	0.10505524329612889
23	0.015569493399998002	0.019196933044382667	0.01723182253326757	0.0057439408444225236	0.006348514118486634	0.0021165012000378598	0.0007559639629868748	0.0007559639629868748	0.001965110511115096	0.004081611711152957	0.009371380488807188	0.014813529437011128	0.017836395807331682	0.012092454962909156	0.017987786496254446	0.017383213222190334
24	0.0	0.0	0.0	0.0	0.0	0.0	0.0	0.0	0.0	0.0	0.0	0.0	0.0	0.0	0.0	0.0
["DHN_SOLAR","C3",*,*] :	1	2	3	4	5	6	7	8	9	10	11	12	13	14	15	16 := 
1	0.0	0.0	0.0	0.0	0.0	0.0	0.0	0.0	0.0	0.0	0.0	0.0	0.0	0.0	0.0	0.0
2	0.0	0.0	0.0	0.0	0.0	0.0	0.0	0.0	0.0	0.0	0.0	0.0	0.0	0.0	0.0	0.0
3	0.0	0.0	0.0	0.0	0.0	0.0	0.0	0.0	0.0	0.0	0.0	0.0	0.0	0.0	0.0	0.0
4	0.0	0.0	0.0	0.0	0.0	0.0	0.0	0.0	0.0	0.0	0.0	0.0	0.0	0.0	0.0	0.0
5	0.0	0.0	0.0	0.0	0.0	0.0	0.0	0.0	0.0	0.0	0.0	0.0	0.0	0.0	0.0	0.0
6	0.0	0.0	0.0	0.0	0.0	0.0	0.0	0.0	0.0	0.0	0.0	0.0	0.0	0.0	0.0	0.0
7	0.0	0.0	0.0	0.0	0.0	0.0	0.0	0.0	0.0	0.0	0.0	0.0	0.0	0.0	0.0	0.0
8	0.0	0.0	0.0	0.0	0.0	0.0	0.0	0.0	0.0	0.0	0.0	0.0	0.0	0.0	0.0	0.0
9	0.0	0.0	0.0	0.0	0.0	0.0	0.0	0.0	0.0	0.0	0.0	0.0	0.0	0.0	0.0	0.0
10	0.0	0.0	0.0	0.0	0.0	0.0	0.0	0.0	0.0	0.0	0.0	0.0	0.0	0.0	0.0	0.0
11	0.012535457789246444	0.012535457789246444	0.012535457789246444	0.00482163374437892	0.0028931777331620387	0.0009647217219451577	0.0	0.0	0.0009647217219451577	0.0028931777331620387	0.006750089755595801	0.011571723499974722	0.005785368033650643	0.018321813255570522	0.019285547544842248	0.019285547544842248
12	0.09739344687882982	0.10221508062320875	0.10992890466807627	0.07617845589009725	0.11282208240123831	0.11667899442367208	0.1263222619124299	0.14753626546848903	0.1832151702576849	0.13403608595729744	0.1485009871904342	0.1378929979797312	0.057857630067200176	0.11860745043488895	0.11378581669051004	0.10800044865685939
13	0.23142953283612727	0.25360825811413157	0.27289380565897375	0.19478689375765965	0.30953743217011487	0.333644613459336	0.3770373422933994	0.40596615732699953	0.4368234283718165	0.36160870677099094	0.37607262057145424	0.3346083477486077	0.1735719027689271	0.24203653461415683	0.2738585273809189	0.2651799816141063
14	0.3548586170153951	0.41657315910502907	0.4030729795938375	0.27289380565897375	0.4985379704614504	0.5245736077618884	0.59400197389639	0.6248592449412069	0.6557165159860239	0.5641094245735182	0.596895151629552	0.5216804300287264	0.29410879664770634	0.3442516152373656	0.44068034039425025	0.4300733386162207
15	0.4667159776946883	0.5573593348179223	0.4975732487395052	0.31917971222619923	0.7425029610868241	0.6701814172191606	0.77818186587602	0.7772171441540748	0.8235030507213003	0.7270743255644156	0.7695033201092073	0.687538508752786	0.40596615732699953	0.40500143560505436	0.5776096040847096	0.568931058317897
16	0.5621809685623012	0.6634313274635648	0.5506092450623266	0.34714479297052764	0.8572534994992793	0.7675748640979905	0.8784675030553384	0.8765390470441216	0.9315034993781597	0.7907173236652664	0.8842538585216625	0.7839672339096707	0.4426087964054671	0.44068034039425025	0.6508958696743183	0.6508958696743183
17	0.621002332918773	0.7068240562976282	0.5949666956183352	0.32689452370374017	0.9016109500552878	0.8003605911540244	0.8987177723221258	0.9054678620777217	0.9739324939229513	0.8225393164320286	0.9286113090776711	0.8148245049544877	0.45321579818349667	0.41367998137186707	0.6547527816967521	0.6740383292415945
18	0.6113600528626888	0.7010386882639775	0.5776096040847096	0.3085727104481697	0.873646856743633	0.7723964978423694	0.8697889572885257	0.873646856743633	0.9469321349005682	0.7955389574096454	0.896789316310909	0.783003499620399	0.4107877910713784	0.36160870677099094	0.6065384191183097	0.6287171443963141
19	0.5457876113179475	0.630645600407531	0.49468105843901666	0.2603583478697274	0.77818186587602	0.6933238767864366	0.7453961388199861	0.7733602321316411	0.8524318657549004	0.7097172340307902	0.7897535893759947	0.7039318659971396	0.34714479297052764	0.30278734241451905	0.5216804300287264	0.5506092450623266
20	0.4281448826050038	0.50914497223948	0.39439443382702477	0.19767908405814827	0.5592877908291392	0.5477170547618379	0.5284305197843222	0.5544661570847602	0.6962170545195987	0.5563956005286506	0.6316093346968027	0.5515739667842717	0.266143715903378	0.2237147213585863	0.40982306934943324	0.4281448826050038
21	0.2748222616701907	0.33750152548176976	0.29507253093697805	0.12246436245732271	0.40692989161627124	0.3471438055378542	0.3558233387373403	0.36546561879342465	0.48793096868342084	0.3105011664593865	0.4194663368381911	0.36546561879342465	0.17742980222403426	0.1485009871904342	0.2748222616701907	0.2844655291589485
22	0.1350008076792426	0.17260816847965535	0.15717953295724688	0.06460771982279598	0.18996526001328073	0.144643087735327	0.14753626546848903	0.1735719027689271	0.22853635510296524	0.1311429082241354	0.20925080755812298	0.15428635522408485	0.09450026914566778	0.07424999987888038	0.144643087735327	0.14078617571289326
23	0.030857271044816968	0.03567890478919589	0.03278572705603385	0.00964326748875784	0.019285547544842248	0.008678545766812682	0.005785368033650643	0.005785368033650643	0.010607001778029564	0.012535457789246444	0.023143446999949444	0.02796409331165493	0.022178725278004283	0.017357091533625364	0.03471418306725073	0.03375044877797901
24	0.0	0.0	0.0	0.0	0.0	0.0	0.0	0.0	0.0	0.0	0.0	0.0	0.0	0.0	0.0	0.0
["DHN_SOLAR","C4",*,*] :	1	2	3	4	5	6	7	8	9	10	11	12	13	14	15	16 := 
1	0.0	0.0	0.0	0.0	0.0	0.0	0.0	0.0	0.0	0.0	0.0	0.0	0.0	0.0	0.0	0.0
2	0.0	0.0	0.0	0.0	0.0	0.0	0.0	0.0	0.0	0.0	0.0	0.0	0.0	0.0	0.0	0.0
3	0.0	0.0	0.0	0.0	0.0	0.0	0.0	0.0	0.0	0.0	0.0	0.0	0.0	0.0	0.0	0.0
4	0.0	0.0	0.0	0.0	0.0	0.0	0.0	0.0	0.0	0.0	0.0	0.0	0.0	0.0	0.0	0.0
5	0.0	0.0	0.0	0.0	0.0	0.0	0.0	0.0	0.0	0.0	0.0	0.0	0.0	0.0	0.0	0.0
6	0.0	0.0	0.0	0.0	0.0	0.0	0.0	0.0	0.0	0.0	0.0	0.0	0.0	0.0	0.0	0.0
7	0.0	0.0	0.0	0.0	0.0	0.0	0.0	0.0	0.0	0.0	0.0	0.0	0.0	0.0	0.0	0.0
8	0.0	0.0	0.0	0.0	0.0	0.0	0.0	0.0	0.0	0.0	0.0	0.0	0.0	0.0	0.0	0.0
9	0.0	0.0	0.0	0.0	0.0	0.0	0.0	0.0	0.0	0.0	0.0	0.0	0.0	0.0	0.0	0.0
10	0.0	0.0	0.0	0.0	0.0	0.0	0.0	0.0	0.0	0.0	0.0	0.0	0.0	0.0	0.0	0.0
11	0.0295077316206193	0.03184912648421321	0.02341891342572622	0.007962529860542657	0.01077260088003832	0.007025177548739157	0.004683782685145244	0.004683782685145244	0.007962529860542657	0.01077260088003832	0.01920380689648273	0.02014016625032881	0.022950237269824474	0.02341891342572622	0.02857137226677322	0.03138144328626888
12	0.12271470916762245	0.14098116375230166	0.11334714379733196	0.067446669257683	0.12271470916762245	0.12130967365787461	0.15877993513903657	0.15596887116158348	0.22247918106542042	0.1264611395409642	0.1718939308826688	0.1391074520866521	0.11428350315117804	0.10678964944653713	0.1297398867163616	0.12833485120661378
13	0.2547969837055354	0.31568615861242355	0.23887192398445006	0.15222244078824174	0.2819623275046033	0.3011661344010861	0.37610665736341	0.384536870421897	0.4608824288939687	0.3058499170862313	0.37797937607110216	0.29882374657953475	0.22622561143876216	0.21732672222437344	0.2739997976440607	0.26416454907582587
14	0.39015800541884577	0.4702499942642592	0.357371526622829	0.2590120902347789	0.42388084356870853	0.4510461873677765	0.5648620073210102	0.6079524108411635	0.6636891269070047	0.48570637782944276	0.5686094306523093	0.4711863536181053	0.3629916686618203	0.32318001231706445	0.41779202537381543	0.3924994002824396
15	0.495542619355635	0.5892172801005825	0.47259138912785315	0.3690804868567134	0.5447218410706813	0.5451905172265832	0.6974119650568675	0.7592384922755592	0.8131014966757508	0.6360551069520349	0.7166157719533501	0.6327763597766376	0.48336399000789143	0.4013982894968284	0.5259867103301004	0.48992148435868627
16	0.5465955527363309	0.6744617277870429	0.5316068523690917	0.4515148635236782	0.609826122506813	0.6004585571365225	0.7573647806099095	0.8149752083414004	0.9006873392258051	0.7194258429728458	0.8018602196398107	0.7227045901482433	0.5480005882460788	0.45854004107241736	0.5943697389416295	0.5409744177393823
17	0.5447218410706813	0.6810192221378378	0.5494056237558266	0.4805539189883958	0.6590053442218594	0.6337137120884411	0.7592384922755592	0.8458879754717674	0.9222335339438392	0.7072482065830596	0.817785279360896	0.7358195788498328	0.5920273511200782	0.4721237059299088	0.6056110159775695	0.533949240190643
18	0.5095939674110708	0.6327763597766376	0.5035041562582203	0.465566211579114	0.6477640671859194	0.5981161693149711	0.6974119650568675	0.8210640265362934	0.8819532014431816	0.6777404749624404	0.7657949936683965	0.6983493173686709	0.5615832601456128	0.44402100981903736	0.5672034021846041	0.48758008949509235
19	0.43184337342925116	0.5358229518562926	0.44355233366313557	0.3953094713019353	0.5606469007917667	0.49179519602433586	0.5999898809806209	0.7362872620477772	0.7756312351945889	0.5939010627857277	0.6580689848680134	0.5892172801005825	0.48008623579045145	0.39156304092859356	0.46416117606936613	0.41825970857175976
20	0.3049125647744278	0.3765743405613543	0.3306738660217054	0.29835606338159043	0.4074871076917214	0.3344202963950471	0.4299696617636016	0.5826597857497876	0.6060786991755138	0.4693136349104131	0.49320023153408366	0.41872838472766155	0.3550291388012777	0.2955459923620948	0.32552140718065836	0.3152174824565218
21	0.19578152046429678	0.23793556463060397	0.22388421657516824	0.19531284430839504	0.24683445384499272	0.16861518370727138	0.25385963139373185	0.32411637167091056	0.37751169287315783	0.2866461101897486	0.29788738722568864	0.2646322322737702	0.22060546939977083	0.16533643653187396	0.20046530314944203	0.2056167690325316
22	0.08945955421570398	0.10725832560243888	0.10304321907319539	0.08009198884541349	0.0843080883326144	0.052457968890443775	0.08945955421570398	0.11287846764143021	0.1273984918527677	0.09367565370290488	0.11849960263837896	0.10632097329063538	0.09414333690084924	0.070724423475123	0.08524444768646049	0.09742208407624664
23	0.012646312545687903	0.014051348055435734	0.012646312545687903	0.005152458841046995	0.0028100710194956633	0.0004686761559017501	0.0	0.0	0.0004686761559017501	0.0023413948635939126	0.006088818194893077	0.011708960233884402	0.014520024211337485	0.010303924724136571	0.013582671899533985	0.015925059721085315
24	0.0	0.0	0.0	0.0	0.0	0.0	0.0	0.0	0.0	0.0	0.0	0.0	0.0	0.0	0.0	0.0
["DHN_SOLAR","C5",*,*] :	1	2	3	4	5	6	7	8	9	10	11	12	13	14	15	16 := 
1	0.0	0.0	0.0	0.0	0.0	0.0	0.0	0.0	0.0	0.0	0.0	0.0	0.0	0.0	0.0	0.0
2	0.0	0.0	0.0	0.0	0.0	0.0	0.0	0.0	0.0	0.0	0.0	0.0	0.0	0.0	0.0	0.0
3	0.0	0.0	0.0	0.0	0.0	0.0	0.0	0.0	0.0	0.0	0.0	0.0	0.0	0.0	0.0	0.0
4	0.0	0.0	0.0	0.0	0.0	0.0	0.0	0.0	0.0	0.0	0.0	0.0	0.0	0.0	0.0	0.0
5	0.0	0.0	0.0	0.0	0.0	0.0	0.0	0.0	0.0	0.0	0.0	0.0	0.0	0.0	0.0	0.0
6	0.0	0.0	0.0	0.0	0.0	0.0	0.0	0.0	0.0	0.0	0.0	0.0	0.0	0.0	0.0	0.0
7	0.0	0.0	0.0	0.0	0.0	0.0	0.0	0.0	0.0	0.0	0.0	0.0	0.0	0.0	0.0	0.0
8	0.0	0.0	0.0	0.0	0.0	0.0	0.0	0.0	0.0	0.0	0.0	0.0	0.0	0.0	0.0	0.0
9	0.0	0.0	0.0	0.0	0.0	0.0	0.0	0.0	0.0	0.0	0.0	0.0	0.0	0.0	0.0	0.0
10	0.0	0.0	0.0	0.0	0.0	0.0	0.0	0.0	0.0	0.0	0.0	0.0	0.0	0.0	0.0	0.0
11	0.018283297877309715	0.0173216952376004	0.0173216952376004	0.005773568983742885	0.005773568983742885	0.000962590926081063	0.0	0.0	0.000962590926081063	0.004811966344033568	0.00962294440169539	0.013472319819647895	0.00962294440169539	0.022132673295262223	0.023095264221343285	0.023095264221343285
12	0.1068159676311021	0.11451373018063536	0.1212498900904593	0.06447481460636803	0.14530774523788365	0.09430623873753526	0.15108131422162654	0.15781747413145047	0.1982344335903942	0.14049676718022183	0.16647881589343655	0.1481945297297551	0.0856448969755492	0.12702444736057394	0.11643891203279748	0.11547632110671642
13	0.24057558661512823	0.2800309434343626	0.289653887836058	0.1655162249673555	0.37529878481160717	0.2713696016723765	0.41186636885259836	0.4195641314021316	0.44939555553329885	0.36278905591804034	0.39454467361499795	0.3493167360983925	0.22325487966389956	0.2492369283771143	0.2809925460740719	0.27233219259845765
14	0.380109762869269	0.44650877104142744	0.4282254731641177	0.26174665727068114	0.5889297317874397	0.44843395289358956	0.628385088606674	0.6351202602301262	0.663027490795503	0.5667970584921774	0.6072140179511212	0.5302294744511863	0.35893968050008784	0.3483541451723114	0.45228332831154205	0.4291880640901988
15	0.5157945637054573	0.5812319692379063	0.5408150097789627	0.3117865611313202	0.7592579230988287	0.5764200028938727	0.7948629162137388	0.7919761317218674	0.8275811248367775	0.719803554565966	0.7785038119022194	0.6909347213608799	0.4667172507708992	0.4282254731641177	0.6081766088772022	0.5590983076562724
16	0.5870055382216492	0.6832359705249749	0.6043272334592497	0.3329576317868731	0.8583751398940258	0.6755372196890699	0.8930185303692266	0.8737726415658359	0.9324728989020892	0.7813905963940909	0.889169154951274	0.7765796183364291	0.506171619303762	0.451320737385461	0.6986324839104132	0.6418564201399501
17	0.6004778580412972	0.719803554565966	0.6428190110660311	0.31467334562319166	0.901678883844841	0.7438614097133904	0.8978295084268885	0.8997546902790505	0.9709646765088707	0.8131472023774202	0.9295861144102178	0.8006374734838535	0.5379282252870913	0.45901948822136596	0.7101806101642706	0.6716878442711173
18	0.5619860804345156	0.7063312347463182	0.6004778580412972	0.29446486589371984	0.8689606752218023	0.7361626588774854	0.8670364816560119	0.8631871062380594	0.9401716497379943	0.7775422092625102	0.8987920993529694	0.7679182765744431	0.4811521615166282	0.4128289597786794	0.6399322265741598	0.6370454420822883
19	0.47537859253288534	0.6389696356480786	0.4946244813362761	0.2848419214920244	0.7775422092625102	0.6851601640907653	0.7582953321727477	0.7688808675005241	0.8410534446564253	0.6890095395087178	0.7929387226479484	0.6764998106151509	0.4041676180166933	0.3060129921475774	0.5263800990332337	0.5388908162131724
20	0.31563593654927274	0.508096801155924	0.35893968050008784	0.22999103957372355	0.5802693783118252	0.5754574119677917	0.6052888360989589	0.5898923227135207	0.6822733795988938	0.5167571546315383	0.6331960666643358	0.5273426899593148	0.30023843487746266	0.21555612882799458	0.39069529819704546	0.41379056241838874
21	0.22421648230360888	0.3060129921475774	0.23961398397541891	0.15685587149174116	0.3935820826889169	0.34739155424623036	0.3291082563689206	0.3060129921475774	0.4715292171149328	0.27906835250828155	0.4253386886722462	0.34258057618856846	0.18476211377074628	0.1347222099101072	0.27233219259845765	0.27810576158220046
22	0.11643891203279748	0.15781747413145047	0.12317507194262142	0.07698454349993486	0.18668729562290842	0.161666849549403	0.1347222099101072	0.13568480083618825	0.2136319352622042	0.12317507194262142	0.17417657844296983	0.14049676718022183	0.09045686331958276	0.06543641724607734	0.13568480083618825	0.1376099826883504
23	0.024057855147424347	0.030794015057248294	0.02886883320508617	0.00962294440169539	0.016359104311519334	0.006736159909823947	0.0028867844918714423	0.0028867844918714423	0.006736159909823947	0.008660353475614327	0.018283297877309715	0.024057855147424347	0.01924588880339078	0.014434910745728956	0.03368079954911973	0.02790723056537685
24	0.0	0.0	0.0	0.0	0.0	0.0	0.0	0.0	0.0	0.0	0.0	0.0	0.0	0.0	0.0	0.0
["DEC_SOLAR","C1",*,*] :	1	2	3	4	5	6	7	8	9	10	11	12	13	14	15	16 := 
1	0.0	0.0	0.0	0.0	0.0	0.0	0.0	0.0	0.0	0.0	0.0	0.0	0.0	0.0	0.0	0.0
2	0.0	0.0	0.0	0.0	0.0	0.0	0.0	0.0	0.0	0.0	0.0	0.0	0.0	0.0	0.0	0.0
3	0.0	0.0	0.0	0.0	0.0	0.0	0.0	0.0	0.0	0.0	0.0	0.0	0.0	0.0	0.0	0.0
4	0.0	0.0	0.0	0.0	0.0	0.0	0.0	0.0	0.0	0.0	0.0	0.0	0.0	0.0	0.0	0.0
5	0.0	0.0	0.0	0.0	0.0	0.0	0.0	0.0	0.0	0.0	0.0	0.0	0.0	0.0	0.0	0.0
6	0.0	0.0	0.0	0.0	0.0	0.0	0.0	0.0	0.0	0.0	0.0	0.0	0.0	0.0	0.0	0.0
7	0.0	0.0	0.0	0.0	0.0	0.0	0.0	0.0	0.0	0.0	0.0	0.0	0.0	0.0	0.0	0.0
8	0.0	0.0	0.0	0.0	0.0	0.0	0.0	0.0	0.0	0.0	0.0	0.0	0.0	0.0	0.0	0.0
9	0.0	0.0	0.0	0.0	0.0	0.0	0.0	0.0	0.0	0.0	0.0	0.0	0.0	0.0	0.0	0.0
10	0.0	0.0	0.0	0.0	0.0	0.0	0.0	0.0	0.0	0.0	0.0	0.0	0.0	0.0	0.0	0.0
11	0.024995186258363746	0.023462439370083715	0.023109258283503145	0.0047162956241427875	0.00966771737556345	0.003183548735862758	0.001768856806885426	0.001768856806885426	0.003419658654468154	0.007074443436214182	0.014265958040403539	0.018511017618663056	0.01980765458833769	0.023698549288689114	0.027825553907645934	0.030301756679020023
12	0.11743221939237633	0.12321002585891587	0.13040154046310523	0.04256373178526026	0.162354098989708	0.11106512192065081	0.16471224680177937	0.1706071244362941	0.2117551805012495	0.13570712709243402	0.16765968561903674	0.15197805185832836	0.1049341343675307	0.11566434637681842	0.13134499634619928	0.12792632148305869
13	0.24724446885029558	0.2986505170873279	0.29299174937141864	0.10953237503237079	0.37823628410991433	0.30537177943696153	0.42150736185966325	0.4271661295755726	0.4556990294477072	0.34109619391328555	0.38884745736857185	0.3497033842377797	0.22201317267332646	0.22661141333816653	0.28745005282348446	0.28520995997071574
14	0.38259841485614904	0.4686683505184361	0.44779918508770167	0.19796045850672928	0.557921834916586	0.49425381157331333	0.6317297954726327	0.6331444874016101	0.6622666782789307	0.5299782260496373	0.5990708747728688	0.5448344588865544	0.3511180761667571	0.32612288990839333	0.45157202482875036	0.43813146771213823
15	0.4938996466954052	0.6030788406411954	0.5717165569111062	0.27047178209310146	0.7054197010693768	0.6353845802543788	0.7883060879958012	0.7821751004426811	0.8180185536696353	0.6793630039686164	0.7655509945902061	0.6965773846176048	0.46348081884841	0.394978444921692	0.5911710304128633	0.558275999794494
16	0.546131095856229	0.6944543629328113	0.6189965843205092	0.31893039151287644	0.7837078473309611	0.7201578789469912	0.8809792310484192	0.8730793866884137	0.9154070085550685	0.7447998841187744	0.8730793866884137	0.7805242985950983	0.5364633784806655	0.43766023166625495	0.6768868011972422	0.6313766143860522
17	0.5543851050941426	0.7245200096932259	0.6296077575791668	0.3440436327305429	0.8255642331517327	0.7538783104891519	0.8946558980836368	0.8932412061546595	0.9467692922851577	0.740908989418423	0.9112800039361116	0.7984460252085754	0.5586291808810746	0.45180813474735576	0.6926864899172535	0.641869732685407
18	0.5098173903747191	0.6854939915217365	0.5703018649821289	0.3340217504770714	0.8147169499744698	0.7245200096932259	0.8563372258766361	0.8525643861355873	0.910572657971623	0.7089574146831478	0.8757916993783932	0.756943804265712	0.5216071456437485	0.4229220537886406	0.6373895469798696	0.5830350761342523
19	0.4320004801590181	0.5987167098949608	0.47291341009669563	0.3058430154828448	0.7332452549770229	0.6365641460560783	0.7301797612004628	0.756354513260526	0.8076425065382556	0.6017822036715209	0.7693238343312548	0.6548390537561359	0.45510973844252123	0.34168548491847145	0.5152410319633505	0.48423192931984177
20	0.3070225812845443	0.4574678862545926	0.36432350715609135	0.25231492935234645	0.5329266486582223	0.4797517436143044	0.5326905387396168	0.590345629489072	0.6458786823450611	0.4285808215045499	0.606734609214269	0.4793975787363963	0.3488779833139884	0.2408783551698976	0.3684505117750482	0.35996137640985665
21	0.1987858594305206	0.29664653415316466	0.2570312249764893	0.16848508654282812	0.36703483605474335	0.2905155466000445	0.3308391855325361	0.3377945902181201	0.4315292441131348	0.2648120305858646	0.39721853777446064	0.3070225812845443	0.229913017033332	0.13841943978241347	0.2345112576981721	0.24394384894645765
22	0.09679916388024727	0.1444323723762309	0.1266287007220565	0.07274644971365007	0.1578739132841706	0.11990842216375043	0.1291049034934306	0.13559005592445883	0.16105647822870583	0.0983319107685273	0.16070329714212525	0.13051959542240796	0.113895489569933	0.061309875531201194	0.11012264982888427	0.11283397872753624
23	0.017685616694871693	0.024523950212480477	0.02145845643592042	0.006838333517608785	0.00966771737556345	0.003419658654468154	0.0010615108423967603	0.0010615108423967603	0.002829383857954664	0.005069476710723359	0.012733211152123508	0.018982253664546325	0.022047747441106387	0.011672684101054272	0.022755093405595055	0.02098722039003715
24	0.0	0.0	0.0	0.0	0.0	0.0	0.0	0.0	0.0	0.0	0.0	0.0	0.0	0.0	0.0	0.0
["DEC_SOLAR","C2",*,*] :	1	2	3	4	5	6	7	8	9	10	11	12	13	14	15	16 := 
1	0.0	0.0	0.0	0.0	0.0	0.0	0.0	0.0	0.0	0.0	0.0	0.0	0.0	0.0	0.0	0.0
2	0.0	0.0	0.0	0.0	0.0	0.0	0.0	0.0	0.0	0.0	0.0	0.0	0.0	0.0	0.0	0.0
3	0.0	0.0	0.0	0.0	0.0	0.0	0.0	0.0	0.0	0.0	0.0	0.0	0.0	0.0	0.0	0.0
4	0.0	0.0	0.0	0.0	0.0	0.0	0.0	0.0	0.0	0.0	0.0	0.0	0.0	0.0	0.0	0.0
5	0.0	0.0	0.0	0.0	0.0	0.0	0.0	0.0	0.0	0.0	0.0	0.0	0.0	0.0	0.0	0.0
6	0.0	0.0	0.0	0.0	0.0	0.0	0.0	0.0	0.0	0.0	0.0	0.0	0.0	0.0	0.0	0.0
7	0.0	0.0	0.0	0.0	0.0	0.0	0.0	0.0	0.0	0.0	0.0	0.0	0.0	0.0	0.0	0.0
8	0.0	0.0	0.0	0.0	0.0	0.0	0.0	0.0	0.0	0.0	0.0	0.0	0.0	0.0	0.0	0.0
9	0.0	0.0	0.0	0.0	0.0	0.0	0.0	0.0	0.0	0.0	0.0	0.0	0.0	0.0	0.0	0.0
10	0.0	0.0	0.0	0.0	0.0	0.0	0.0	0.0	0.0	0.0	0.0	0.0	0.0	0.0	0.0	0.0
11	0.022825362170394277	0.023731727340676967	0.021010652866574997	0.005442148948203941	0.010581516518562355	0.004383403607371538	0.0034770384370888456	0.003325647748166081	0.005592550155499759	0.007860442044460384	0.016475858570280694	0.019801506318446776	0.021766616829561873	0.022219799414703218	0.026150020436933413	0.027057375088843053
12	0.1095900375924232	0.11518258774792293	0.1153339784368457	0.04867260122948216	0.1473793304071244	0.10807810966644944	0.16536711690337885	0.15826263882190536	0.2120746076217459	0.12803100667381898	0.17277338688107094	0.1507049781552905	0.12198428445155092	0.11246151327382096	0.12258885772561504	0.11684491688119251
13	0.22734230912552533	0.284479925673532	0.24563188751799836	0.12153110186640959	0.33587360137711614	0.2930953421993523	0.3948249377473151	0.3933139993029683	0.44334713776950146	0.31849038815492575	0.38122055485843215	0.3401056142955649	0.25953905178472675	0.23066696739206446	0.2601436250587909	0.253340938873536
14	0.3511403133992686	0.4441031017324883	0.37789589659189304	0.1972610781847348	0.5041121939618928	0.47055590354726723	0.5824128435470242	0.5937493345469463	0.6386431054431212	0.5069846591249175	0.575761548050692	0.5201358594286591	0.4010230506585059	0.3413147608436931	0.39830197618440394	0.38726727708070025
15	0.45876524048057665	0.5674479234210902	0.4956481681249952	0.25500425748843253	0.6267020411691347	0.6007024219394971	0.7202684132947916	0.7371984439318406	0.7854178625761814	0.670538056206104	0.7285830274060203	0.6561777093542343	0.5214954071840832	0.40918528459918485	0.5094029522211739	0.4982178519101744
16	0.5044149753397383	0.6486200486876194	0.5562618336284637	0.31849038815492575	0.6942697835467809	0.6926064649318844	0.7864766079170139	0.8207888622946262	0.8753567950574536	0.7576045235243515	0.821544826257613	0.7303967472282126	0.599493275391369	0.4444048936287069	0.5821100621691786	0.566843350147026
17	0.5148451011693779	0.6809681820357436	0.5922374066209727	0.3500825575400631	0.7169437550282525	0.7310013205022767	0.7932783046206417	0.843916016361239	0.9021123782500782	0.7715116877910799	0.8498113478945843	0.7498954721688138	0.6220158561839176	0.4513579810212576	0.5984355195321635	0.5961676276432029
18	0.4911133738287009	0.6585960024504907	0.5890631495617293	0.3425248968734483	0.7033393721393696	0.6935138195837941	0.755942194391082	0.8070340781984475	0.8573690085611992	0.7319076856725595	0.8065799061316793	0.6980486138800884	0.5827146354432428	0.41674294526579975	0.5520298207100149	0.5674479234210902
19	0.41674294526579975	0.5683552780729999	0.5074378417100588	0.2995952470067617	0.62307460152475	0.5895173216284976	0.6185398072284558	0.7022806267985372	0.7573027316281329	0.6037262777914447	0.6972926499171016	0.5662387768729621	0.49322888554711186	0.33738552930308985	0.4601257777176277	0.48098503989527985
20	0.306851115777158	0.4304987188436054	0.3952791098140834	0.23066696739206446	0.4584624591027312	0.42717307109543934	0.44773054137687296	0.5189257233989039	0.6011565940062654	0.4336729759028487	0.5189257233989039	0.40722017408806976	0.37033724644365124	0.24019072805142136	0.32846634191779706	0.35975671940671583
21	0.20300501902915732	0.2732938358809055	0.2572711598957662	0.14435646403680386	0.2811542779253659	0.22885324756987213	0.27616630104393025	0.30654932388093936	0.3921048527548401	0.253340938873536	0.3240829383104255	0.2643756379772397	0.23323665117724368	0.1493444409182395	0.20769120401437438	0.23384221393293475
22	0.09885713038493807	0.125309932199717	0.11593855171090982	0.06167241084430096	0.11956599135529448	0.08449777301469523	0.09900852107386082	0.1076249270813081	0.15478560038481648	0.09326458022943832	0.1289383613257286	0.11518258774792293	0.10596160846641157	0.06923007151091581	0.09417193488134794	0.10505524329612889
23	0.015569493399998002	0.019196933044382667	0.01723182253326757	0.0057439408444225236	0.006348514118486634	0.0021165012000378598	0.0007559639629868748	0.0007559639629868748	0.001965110511115096	0.004081611711152957	0.009371380488807188	0.014813529437011128	0.017836395807331682	0.012092454962909156	0.017987786496254446	0.017383213222190334
24	0.0	0.0	0.0	0.0	0.0	0.0	0.0	0.0	0.0	0.0	0.0	0.0	0.0	0.0	0.0	0.0
["DEC_SOLAR","C3",*,*] :	1	2	3	4	5	6	7	8	9	10	11	12	13	14	15	16 := 
1	0.0	0.0	0.0	0.0	0.0	0.0	0.0	0.0	0.0	0.0	0.0	0.0	0.0	0.0	0.0	0.0
2	0.0	0.0	0.0	0.0	0.0	0.0	0.0	0.0	0.0	0.0	0.0	0.0	0.0	0.0	0.0	0.0
3	0.0	0.0	0.0	0.0	0.0	0.0	0.0	0.0	0.0	0.0	0.0	0.0	0.0	0.0	0.0	0.0
4	0.0	0.0	0.0	0.0	0.0	0.0	0.0	0.0	0.0	0.0	0.0	0.0	0.0	0.0	0.0	0.0
5	0.0	0.0	0.0	0.0	0.0	0.0	0.0	0.0	0.0	0.0	0.0	0.0	0.0	0.0	0.0	0.0
6	0.0	0.0	0.0	0.0	0.0	0.0	0.0	0.0	0.0	0.0	0.0	0.0	0.0	0.0	0.0	0.0
7	0.0	0.0	0.0	0.0	0.0	0.0	0.0	0.0	0.0	0.0	0.0	0.0	0.0	0.0	0.0	0.0
8	0.0	0.0	0.0	0.0	0.0	0.0	0.0	0.0	0.0	0.0	0.0	0.0	0.0	0.0	0.0	0.0
9	0.0	0.0	0.0	0.0	0.0	0.0	0.0	0.0	0.0	0.0	0.0	0.0	0.0	0.0	0.0	0.0
10	0.0	0.0	0.0	0.0	0.0	0.0	0.0	0.0	0.0	0.0	0.0	0.0	0.0	0.0	0.0	0.0
11	0.012535457789246444	0.012535457789246444	0.012535457789246444	0.00482163374437892	0.0028931777331620387	0.0009647217219451577	0.0	0.0	0.0009647217219451577	0.0028931777331620387	0.006750089755595801	0.011571723499974722	0.005785368033650643	0.018321813255570522	0.019285547544842248	0.019285547544842248
12	0.09739344687882982	0.10221508062320875	0.10992890466807627	0.07617845589009725	0.11282208240123831	0.11667899442367208	0.1263222619124299	0.14753626546848903	0.1832151702576849	0.13403608595729744	0.1485009871904342	0.1378929979797312	0.057857630067200176	0.11860745043488895	0.11378581669051004	0.10800044865685939
13	0.23142953283612727	0.25360825811413157	0.27289380565897375	0.19478689375765965	0.30953743217011487	0.333644613459336	0.3770373422933994	0.40596615732699953	0.4368234283718165	0.36160870677099094	0.37607262057145424	0.3346083477486077	0.1735719027689271	0.24203653461415683	0.2738585273809189	0.2651799816141063
14	0.3548586170153951	0.41657315910502907	0.4030729795938375	0.27289380565897375	0.4985379704614504	0.5245736077618884	0.59400197389639	0.6248592449412069	0.6557165159860239	0.5641094245735182	0.596895151629552	0.5216804300287264	0.29410879664770634	0.3442516152373656	0.44068034039425025	0.4300733386162207
15	0.4667159776946883	0.5573593348179223	0.4975732487395052	0.31917971222619923	0.7425029610868241	0.6701814172191606	0.77818186587602	0.7772171441540748	0.8235030507213003	0.7270743255644156	0.7695033201092073	0.687538508752786	0.40596615732699953	0.40500143560505436	0.5776096040847096	0.568931058317897
16	0.5621809685623012	0.6634313274635648	0.5506092450623266	0.34714479297052764	0.8572534994992793	0.7675748640979905	0.8784675030553384	0.8765390470441216	0.9315034993781597	0.7907173236652664	0.8842538585216625	0.7839672339096707	0.4426087964054671	0.44068034039425025	0.6508958696743183	0.6508958696743183
17	0.621002332918773	0.7068240562976282	0.5949666956183352	0.32689452370374017	0.9016109500552878	0.8003605911540244	0.8987177723221258	0.9054678620777217	0.9739324939229513	0.8225393164320286	0.9286113090776711	0.8148245049544877	0.45321579818349667	0.41367998137186707	0.6547527816967521	0.6740383292415945
18	0.6113600528626888	0.7010386882639775	0.5776096040847096	0.3085727104481697	0.873646856743633	0.7723964978423694	0.8697889572885257	0.873646856743633	0.9469321349005682	0.7955389574096454	0.896789316310909	0.783003499620399	0.4107877910713784	0.36160870677099094	0.6065384191183097	0.6287171443963141
19	0.5457876113179475	0.630645600407531	0.49468105843901666	0.2603583478697274	0.77818186587602	0.6933238767864366	0.7453961388199861	0.7733602321316411	0.8524318657549004	0.7097172340307902	0.7897535893759947	0.7039318659971396	0.34714479297052764	0.30278734241451905	0.5216804300287264	0.5506092450623266
20	0.4281448826050038	0.50914497223948	0.39439443382702477	0.19767908405814827	0.5592877908291392	0.5477170547618379	0.5284305197843222	0.5544661570847602	0.6962170545195987	0.5563956005286506	0.6316093346968027	0.5515739667842717	0.266143715903378	0.2237147213585863	0.40982306934943324	0.4281448826050038
21	0.2748222616701907	0.33750152548176976	0.29507253093697805	0.12246436245732271	0.40692989161627124	0.3471438055378542	0.3558233387373403	0.36546561879342465	0.48793096868342084	0.3105011664593865	0.4194663368381911	0.36546561879342465	0.17742980222403426	0.1485009871904342	0.2748222616701907	0.2844655291589485
22	0.1350008076792426	0.17260816847965535	0.15717953295724688	0.06460771982279598	0.18996526001328073	0.144643087735327	0.14753626546848903	0.1735719027689271	0.22853635510296524	0.1311429082241354	0.20925080755812298	0.15428635522408485	0.09450026914566778	0.07424999987888038	0.144643087735327	0.14078617571289326
23	0.030857271044816968	0.03567890478919589	0.03278572705603385	0.00964326748875784	0.019285547544842248	0.008678545766812682	0.005785368033650643	0.005785368033650643	0.010607001778029564	0.012535457789246444	0.023143446999949444	0.02796409331165493	0.022178725278004283	0.017357091533625364	0.03471418306725073	0.03375044877797901
24	0.0	0.0	0.0	0.0	0.0	0.0	0.0	0.0	0.0	0.0	0.0	0.0	0.0	0.0	0.0	0.0
["DEC_SOLAR","C4",*,*] :	1	2	3	4	5	6	7	8	9	10	11	12	13	14	15	16 := 
1	0.0	0.0	0.0	0.0	0.0	0.0	0.0	0.0	0.0	0.0	0.0	0.0	0.0	0.0	0.0	0.0
2	0.0	0.0	0.0	0.0	0.0	0.0	0.0	0.0	0.0	0.0	0.0	0.0	0.0	0.0	0.0	0.0
3	0.0	0.0	0.0	0.0	0.0	0.0	0.0	0.0	0.0	0.0	0.0	0.0	0.0	0.0	0.0	0.0
4	0.0	0.0	0.0	0.0	0.0	0.0	0.0	0.0	0.0	0.0	0.0	0.0	0.0	0.0	0.0	0.0
5	0.0	0.0	0.0	0.0	0.0	0.0	0.0	0.0	0.0	0.0	0.0	0.0	0.0	0.0	0.0	0.0
6	0.0	0.0	0.0	0.0	0.0	0.0	0.0	0.0	0.0	0.0	0.0	0.0	0.0	0.0	0.0	0.0
7	0.0	0.0	0.0	0.0	0.0	0.0	0.0	0.0	0.0	0.0	0.0	0.0	0.0	0.0	0.0	0.0
8	0.0	0.0	0.0	0.0	0.0	0.0	0.0	0.0	0.0	0.0	0.0	0.0	0.0	0.0	0.0	0.0
9	0.0	0.0	0.0	0.0	0.0	0.0	0.0	0.0	0.0	0.0	0.0	0.0	0.0	0.0	0.0	0.0
10	0.0	0.0	0.0	0.0	0.0	0.0	0.0	0.0	0.0	0.0	0.0	0.0	0.0	0.0	0.0	0.0
11	0.0295077316206193	0.03184912648421321	0.02341891342572622	0.007962529860542657	0.01077260088003832	0.007025177548739157	0.004683782685145244	0.004683782685145244	0.007962529860542657	0.01077260088003832	0.01920380689648273	0.02014016625032881	0.022950237269824474	0.02341891342572622	0.02857137226677322	0.03138144328626888
12	0.12271470916762245	0.14098116375230166	0.11334714379733196	0.067446669257683	0.12271470916762245	0.12130967365787461	0.15877993513903657	0.15596887116158348	0.22247918106542042	0.1264611395409642	0.1718939308826688	0.1391074520866521	0.11428350315117804	0.10678964944653713	0.1297398867163616	0.12833485120661378
13	0.2547969837055354	0.31568615861242355	0.23887192398445006	0.15222244078824174	0.2819623275046033	0.3011661344010861	0.37610665736341	0.384536870421897	0.4608824288939687	0.3058499170862313	0.37797937607110216	0.29882374657953475	0.22622561143876216	0.21732672222437344	0.2739997976440607	0.26416454907582587
14	0.39015800541884577	0.4702499942642592	0.357371526622829	0.2590120902347789	0.42388084356870853	0.4510461873677765	0.5648620073210102	0.6079524108411635	0.6636891269070047	0.48570637782944276	0.5686094306523093	0.4711863536181053	0.3629916686618203	0.32318001231706445	0.41779202537381543	0.3924994002824396
15	0.495542619355635	0.5892172801005825	0.47259138912785315	0.3690804868567134	0.5447218410706813	0.5451905172265832	0.6974119650568675	0.7592384922755592	0.8131014966757508	0.6360551069520349	0.7166157719533501	0.6327763597766376	0.48336399000789143	0.4013982894968284	0.5259867103301004	0.48992148435868627
16	0.5465955527363309	0.6744617277870429	0.5316068523690917	0.4515148635236782	0.609826122506813	0.6004585571365225	0.7573647806099095	0.8149752083414004	0.9006873392258051	0.7194258429728458	0.8018602196398107	0.7227045901482433	0.5480005882460788	0.45854004107241736	0.5943697389416295	0.5409744177393823
17	0.5447218410706813	0.6810192221378378	0.5494056237558266	0.4805539189883958	0.6590053442218594	0.6337137120884411	0.7592384922755592	0.8458879754717674	0.9222335339438392	0.7072482065830596	0.817785279360896	0.7358195788498328	0.5920273511200782	0.4721237059299088	0.6056110159775695	0.533949240190643
18	0.5095939674110708	0.6327763597766376	0.5035041562582203	0.465566211579114	0.6477640671859194	0.5981161693149711	0.6974119650568675	0.8210640265362934	0.8819532014431816	0.6777404749624404	0.7657949936683965	0.6983493173686709	0.5615832601456128	0.44402100981903736	0.5672034021846041	0.48758008949509235
19	0.43184337342925116	0.5358229518562926	0.44355233366313557	0.3953094713019353	0.5606469007917667	0.49179519602433586	0.5999898809806209	0.7362872620477772	0.7756312351945889	0.5939010627857277	0.6580689848680134	0.5892172801005825	0.48008623579045145	0.39156304092859356	0.46416117606936613	0.41825970857175976
20	0.3049125647744278	0.3765743405613543	0.3306738660217054	0.29835606338159043	0.4074871076917214	0.3344202963950471	0.4299696617636016	0.5826597857497876	0.6060786991755138	0.4693136349104131	0.49320023153408366	0.41872838472766155	0.3550291388012777	0.2955459923620948	0.32552140718065836	0.3152174824565218
21	0.19578152046429678	0.23793556463060397	0.22388421657516824	0.19531284430839504	0.24683445384499272	0.16861518370727138	0.25385963139373185	0.32411637167091056	0.37751169287315783	0.2866461101897486	0.29788738722568864	0.2646322322737702	0.22060546939977083	0.16533643653187396	0.20046530314944203	0.2056167690325316
22	0.08945955421570398	0.10725832560243888	0.10304321907319539	0.08009198884541349	0.0843080883326144	0.052457968890443775	0.08945955421570398	0.11287846764143021	0.1273984918527677	0.09367565370290488	0.11849960263837896	0.10632097329063538	0.09414333690084924	0.070724423475123	0.08524444768646049	0.09742208407624664
23	0.012646312545687903	0.014051348055435734	0.012646312545687903	0.005152458841046995	0.0028100710194956633	0.0004686761559017501	0.0	0.0	0.0004686761559017501	0.0023413948635939126	0.006088818194893077	0.011708960233884402	0.014520024211337485	0.010303924724136571	0.013582671899533985	0.015925059721085315
24	0.0	0.0	0.0	0.0	0.0	0.0	0.0	0.0	0.0	0.0	0.0	0.0	0.0	0.0	0.0	0.0
["DEC_SOLAR","C5",*,*] :	1	2	3	4	5	6	7	8	9	10	11	12	13	14	15	16 := 
1	0.0	0.0	0.0	0.0	0.0	0.0	0.0	0.0	0.0	0.0	0.0	0.0	0.0	0.0	0.0	0.0
2	0.0	0.0	0.0	0.0	0.0	0.0	0.0	0.0	0.0	0.0	0.0	0.0	0.0	0.0	0.0	0.0
3	0.0	0.0	0.0	0.0	0.0	0.0	0.0	0.0	0.0	0.0	0.0	0.0	0.0	0.0	0.0	0.0
4	0.0	0.0	0.0	0.0	0.0	0.0	0.0	0.0	0.0	0.0	0.0	0.0	0.0	0.0	0.0	0.0
5	0.0	0.0	0.0	0.0	0.0	0.0	0.0	0.0	0.0	0.0	0.0	0.0	0.0	0.0	0.0	0.0
6	0.0	0.0	0.0	0.0	0.0	0.0	0.0	0.0	0.0	0.0	0.0	0.0	0.0	0.0	0.0	0.0
7	0.0	0.0	0.0	0.0	0.0	0.0	0.0	0.0	0.0	0.0	0.0	0.0	0.0	0.0	0.0	0.0
8	0.0	0.0	0.0	0.0	0.0	0.0	0.0	0.0	0.0	0.0	0.0	0.0	0.0	0.0	0.0	0.0
9	0.0	0.0	0.0	0.0	0.0	0.0	0.0	0.0	0.0	0.0	0.0	0.0	0.0	0.0	0.0	0.0
10	0.0	0.0	0.0	0.0	0.0	0.0	0.0	0.0	0.0	0.0	0.0	0.0	0.0	0.0	0.0	0.0
11	0.018283297877309715	0.0173216952376004	0.0173216952376004	0.005773568983742885	0.005773568983742885	0.000962590926081063	0.0	0.0	0.000962590926081063	0.004811966344033568	0.00962294440169539	0.013472319819647895	0.00962294440169539	0.022132673295262223	0.023095264221343285	0.023095264221343285
12	0.1068159676311021	0.11451373018063536	0.1212498900904593	0.06447481460636803	0.14530774523788365	0.09430623873753526	0.15108131422162654	0.15781747413145047	0.1982344335903942	0.14049676718022183	0.16647881589343655	0.1481945297297551	0.0856448969755492	0.12702444736057394	0.11643891203279748	0.11547632110671642
13	0.24057558661512823	0.2800309434343626	0.289653887836058	0.1655162249673555	0.37529878481160717	0.2713696016723765	0.41186636885259836	0.4195641314021316	0.44939555553329885	0.36278905591804034	0.39454467361499795	0.3493167360983925	0.22325487966389956	0.2492369283771143	0.2809925460740719	0.27233219259845765
14	0.380109762869269	0.44650877104142744	0.4282254731641177	0.26174665727068114	0.5889297317874397	0.44843395289358956	0.628385088606674	0.6351202602301262	0.663027490795503	0.5667970584921774	0.6072140179511212	0.5302294744511863	0.35893968050008784	0.3483541451723114	0.45228332831154205	0.4291880640901988
15	0.5157945637054573	0.5812319692379063	0.5408150097789627	0.3117865611313202	0.7592579230988287	0.5764200028938727	0.7948629162137388	0.7919761317218674	0.8275811248367775	0.719803554565966	0.7785038119022194	0.6909347213608799	0.4667172507708992	0.4282254731641177	0.6081766088772022	0.5590983076562724
16	0.5870055382216492	0.6832359705249749	0.6043272334592497	0.3329576317868731	0.8583751398940258	0.6755372196890699	0.8930185303692266	0.8737726415658359	0.9324728989020892	0.7813905963940909	0.889169154951274	0.7765796183364291	0.506171619303762	0.451320737385461	0.6986324839104132	0.6418564201399501
17	0.6004778580412972	0.719803554565966	0.6428190110660311	0.31467334562319166	0.901678883844841	0.7438614097133904	0.8978295084268885	0.8997546902790505	0.9709646765088707	0.8131472023774202	0.9295861144102178	0.8006374734838535	0.5379282252870913	0.45901948822136596	0.7101806101642706	0.6716878442711173
18	0.5619860804345156	0.7063312347463182	0.6004778580412972	0.29446486589371984	0.8689606752218023	0.7361626588774854	0.8670364816560119	0.8631871062380594	0.9401716497379943	0.7775422092625102	0.8987920993529694	0.7679182765744431	0.4811521615166282	0.4128289597786794	0.6399322265741598	0.6370454420822883
19	0.47537859253288534	0.6389696356480786	0.4946244813362761	0.2848419214920244	0.7775422092625102	0.6851601640907653	0.7582953321727477	0.7688808675005241	0.8410534446564253	0.6890095395087178	0.7929387226479484	0.6764998106151509	0.4041676180166933	0.3060129921475774	0.5263800990332337	0.5388908162131724
20	0.31563593654927274	0.508096801155924	0.35893968050008784	0.22999103957372355	0.5802693783118252	0.5754574119677917	0.6052888360989589	0.5898923227135207	0.6822733795988938	0.5167571546315383	0.6331960666643358	0.5273426899593148	0.30023843487746266	0.21555612882799458	0.39069529819704546	0.41379056241838874
21	0.22421648230360888	0.3060129921475774	0.23961398397541891	0.15685587149174116	0.3935820826889169	0.34739155424623036	0.3291082563689206	0.3060129921475774	0.4715292171149328	0.27906835250828155	0.4253386886722462	0.34258057618856846	0.18476211377074628	0.1347222099101072	0.27233219259845765	0.27810576158220046
22	0.11643891203279748	0.15781747413145047	0.12317507194262142	0.07698454349993486	0.18668729562290842	0.161666849549403	0.1347222099101072	0.13568480083618825	0.2136319352622042	0.12317507194262142	0.17417657844296983	0.14049676718022183	0.09045686331958276	0.06543641724607734	0.13568480083618825	0.1376099826883504
23	0.024057855147424347	0.030794015057248294	0.02886883320508617	0.00962294440169539	0.016359104311519334	0.006736159909823947	0.0028867844918714423	0.0028867844918714423	0.006736159909823947	0.008660353475614327	0.018283297877309715	0.024057855147424347	0.01924588880339078	0.014434910745728956	0.03368079954911973	0.02790723056537685
24	0.0	0.0	0.0	0.0	0.0	0.0	0.0	0.0	0.0	0.0	0.0	0.0	0.0	0.0	0.0	0.0
["PT_COLLECTOR","C1",*,*] :	1	2	3	4	5	6	7	8	9	10	11	12	13	14	15	16 := 
1	0.00010000000000000003	0.00010000000000000003	0.00010000000000000003	0.00010000000000000003	0.00010000000000000003	0.00010000000000000003	0.00010000000000000003	0.00010000000000000003	0.00010000000000000003	0.00010000000000000003	0.00010000000000000003	0.00010000000000000003	0.00010000000000000003	0.00010000000000000003	0.00010000000000000003	0.00010000000000000003
2	0.00010000000000000003	0.00010000000000000003	0.00010000000000000003	0.00010000000000000003	0.00010000000000000003	0.00010000000000000003	0.00010000000000000003	0.00010000000000000003	0.00010000000000000003	0.00010000000000000003	0.00010000000000000003	0.00010000000000000003	0.00010000000000000003	0.00010000000000000003	0.00010000000000000003	0.00010000000000000003
3	0.00010000000000000003	0.00010000000000000003	0.00010000000000000003	0.00010000000000000003	0.00010000000000000003	0.00010000000000000003	0.00010000000000000003	0.00010000000000000003	0.00010000000000000003	0.00010000000000000003	0.00010000000000000003	0.00010000000000000003	0.00010000000000000003	0.00010000000000000003	0.00010000000000000003	0.00010000000000000003
4	0.00010000000000000003	0.00010000000000000003	0.00010000000000000003	0.00010000000000000003	0.00010000000000000003	0.00010000000000000003	0.00010000000000000003	0.00010000000000000003	0.00010000000000000003	0.00010000000000000003	0.00010000000000000003	0.00010000000000000003	0.00010000000000000003	0.00010000000000000003	0.00010000000000000003	0.00010000000000000003
5	0.00010000000000000003	0.00010000000000000003	0.00010000000000000003	0.00010000000000000003	0.00010000000000000003	0.00010000000000000003	0.00010000000000000003	0.00010000000000000003	0.00010000000000000003	0.00010000000000000003	0.00010000000000000003	0.00010000000000000003	0.00010000000000000003	0.00010000000000000003	0.00010000000000000003	0.00010000000000000003
6	0.00010000000000000003	0.00010000000000000003	0.00010000000000000003	0.00010000000000000003	0.00010000000000000003	0.00010000000000000003	0.00010000000000000003	0.00010000000000000003	0.00010000000000000003	0.00010000000000000003	0.00010000000000000003	0.00010000000000000003	0.00010000000000000003	0.00010000000000000003	0.00010000000000000003	0.00010000000000000003
7	0.00010000000000000003	0.00010000000000000003	0.00010000000000000003	0.00010000000000000003	0.00010000000000000003	0.00010000000000000003	0.00010000000000000003	0.00010000000000000003	0.00010000000000000003	0.00010000000000000003	0.00010000000000000003	0.00010000000000000003	0.00010000000000000003	0.00010000000000000003	0.00010000000000000003	0.00010000000000000003
8	0.00010000000000000003	0.00010000000000000003	0.00010000000000000003	0.00010000000000000003	0.00010000000000000003	0.00010000000000000003	0.00010000000000000003	0.00010000000000000003	0.00010000000000000003	0.00010000000000000003	0.00010000000000000003	0.00010000000000000003	0.00010000000000000003	0.00010000000000000003	0.00010000000000000003	0.00010000000000000003
9	0.00010000000000000003	0.00010000000000000003	0.00010000000000000003	0.00010000000000000003	0.00010000000000000003	0.00010000000000000003	0.00010000000000000003	0.00010000000000000003	0.00010000000000000003	0.00010000000000000003	0.00010000000000000003	0.00010000000000000003	0.00010000000000000003	0.00010000000000000003	0.00010000000000000003	0.00010000000000000003
10	0.00010000000000000003	0.00010000000000000003	0.00010000000000000003	0.00010000000000000003	0.00010000000000000003	0.00010000000000000003	0.00010000000000000003	0.00010000000000000003	0.00010000000000000003	0.00010000000000000003	0.00010000000000000003	0.00010000000000000003	0.00010000000000000003	0.00010000000000000003	0.00010000000000000003	0.00010000000000000003
11	0.00010000000000000003	0.00010000000000000003	0.00010000000000000003	0.00010000000000000003	0.00010000000000000003	0.00010000000000000003	0.00010000000000000003	0.00010000000000000003	0.00010000000000000003	0.00010000000000000003	0.00010000000000000003	0.00010000000000000003	0.00010000000000000003	0.00010000000000000003	0.00010000000000000003	0.00010000000000000003
12	0.00010000000000000003	0.00010000000000000003	0.00010000000000000003	0.00010000000000000003	0.00010000000000000003	0.00010000000000000003	0.00010000000000000003	0.00010000000000000003	0.00010000000000000003	0.00010000000000000003	0.00010000000000000003	0.00010000000000000003	0.00010000000000000003	0.00010000000000000003	0.00010000000000000003	0.00010000000000000003
13	0.00010000000000000003	0.00010000000000000003	0.00010000000000000003	0.00010000000000000003	0.00010000000000000003	0.00010000000000000003	0.00010000000000000003	0.00010000000000000003	0.00010000000000000003	0.00010000000000000003	0.00010000000000000003	0.00010000000000000003	0.00010000000000000003	0.00010000000000000003	0.00010000000000000003	0.00010000000000000003
14	0.00010000000000000003	0.00010000000000000003	0.00010000000000000003	0.00010000000000000003	0.00010000000000000003	0.00010000000000000003	0.00010000000000000003	0.00010000000000000003	0.00010000000000000003	0.00010000000000000003	0.00010000000000000003	0.00010000000000000003	0.00010000000000000003	0.00010000000000000003	0.00010000000000000003	0.00010000000000000003
15	0.00010000000000000003	0.00010000000000000003	0.00010000000000000003	0.00010000000000000003	0.00010000000000000003	0.00010000000000000003	0.00010000000000000003	0.00010000000000000003	0.00010000000000000003	0.00010000000000000003	0.00010000000000000003	0.00010000000000000003	0.00010000000000000003	0.00010000000000000003	0.00010000000000000003	0.00010000000000000003
16	0.00010000000000000003	0.00010000000000000003	0.00010000000000000003	0.00010000000000000003	0.00010000000000000003	0.00010000000000000003	0.00010000000000000003	0.00010000000000000003	0.00010000000000000003	0.00010000000000000003	0.00010000000000000003	0.00010000000000000003	0.00010000000000000003	0.00010000000000000003	0.00010000000000000003	0.00010000000000000003
17	0.00010000000000000003	0.00010000000000000003	0.00010000000000000003	0.00010000000000000003	0.00010000000000000003	0.00010000000000000003	0.00010000000000000003	0.00010000000000000003	0.00010000000000000003	0.00010000000000000003	0.00010000000000000003	0.00010000000000000003	0.00010000000000000003	0.00010000000000000003	0.00010000000000000003	0.00010000000000000003
18	0.00010000000000000003	0.00010000000000000003	0.00010000000000000003	0.00010000000000000003	0.00010000000000000003	0.00010000000000000003	0.00010000000000000003	0.00010000000000000003	0.00010000000000000003	0.00010000000000000003	0.00010000000000000003	0.00010000000000000003	0.00010000000000000003	0.00010000000000000003	0.00010000000000000003	0.00010000000000000003
19	0.00010000000000000003	0.00010000000000000003	0.00010000000000000003	0.00010000000000000003	0.00010000000000000003	0.00010000000000000003	0.00010000000000000003	0.00010000000000000003	0.00010000000000000003	0.00010000000000000003	0.00010000000000000003	0.00010000000000000003	0.00010000000000000003	0.00010000000000000003	0.00010000000000000003	0.00010000000000000003
20	0.00010000000000000003	0.00010000000000000003	0.00010000000000000003	0.00010000000000000003	0.00010000000000000003	0.00010000000000000003	0.00010000000000000003	0.00010000000000000003	0.00010000000000000003	0.00010000000000000003	0.00010000000000000003	0.00010000000000000003	0.00010000000000000003	0.00010000000000000003	0.00010000000000000003	0.00010000000000000003
21	0.00010000000000000003	0.00010000000000000003	0.00010000000000000003	0.00010000000000000003	0.00010000000000000003	0.00010000000000000003	0.00010000000000000003	0.00010000000000000003	0.00010000000000000003	0.00010000000000000003	0.00010000000000000003	0.00010000000000000003	0.00010000000000000003	0.00010000000000000003	0.00010000000000000003	0.00010000000000000003
22	0.00010000000000000003	0.00010000000000000003	0.00010000000000000003	0.00010000000000000003	0.00010000000000000003	0.00010000000000000003	0.00010000000000000003	0.00010000000000000003	0.00010000000000000003	0.00010000000000000003	0.00010000000000000003	0.00010000000000000003	0.00010000000000000003	0.00010000000000000003	0.00010000000000000003	0.00010000000000000003
23	0.00010000000000000003	0.00010000000000000003	0.00010000000000000003	0.00010000000000000003	0.00010000000000000003	0.00010000000000000003	0.00010000000000000003	0.00010000000000000003	0.00010000000000000003	0.00010000000000000003	0.00010000000000000003	0.00010000000000000003	0.00010000000000000003	0.00010000000000000003	0.00010000000000000003	0.00010000000000000003
24	0.00010000000000000003	0.00010000000000000003	0.00010000000000000003	0.00010000000000000003	0.00010000000000000003	0.00010000000000000003	0.00010000000000000003	0.00010000000000000003	0.00010000000000000003	0.00010000000000000003	0.00010000000000000003	0.00010000000000000003	0.00010000000000000003	0.00010000000000000003	0.00010000000000000003	0.00010000000000000003
["PT_COLLECTOR","C2",*,*] :	1	2	3	4	5	6	7	8	9	10	11	12	13	14	15	16 := 
1	0.00010000000000000003	0.00010000000000000003	0.00010000000000000003	0.00010000000000000003	0.00010000000000000003	0.00010000000000000003	0.00010000000000000003	0.00010000000000000003	0.00010000000000000003	0.00010000000000000003	0.00010000000000000003	0.00010000000000000003	0.00010000000000000003	0.00010000000000000003	0.00010000000000000003	0.00010000000000000003
2	0.00010000000000000003	0.00010000000000000003	0.00010000000000000003	0.00010000000000000003	0.00010000000000000003	0.00010000000000000003	0.00010000000000000003	0.00010000000000000003	0.00010000000000000003	0.00010000000000000003	0.00010000000000000003	0.00010000000000000003	0.00010000000000000003	0.00010000000000000003	0.00010000000000000003	0.00010000000000000003
3	0.00010000000000000003	0.00010000000000000003	0.00010000000000000003	0.00010000000000000003	0.00010000000000000003	0.00010000000000000003	0.00010000000000000003	0.00010000000000000003	0.00010000000000000003	0.00010000000000000003	0.00010000000000000003	0.00010000000000000003	0.00010000000000000003	0.00010000000000000003	0.00010000000000000003	0.00010000000000000003
4	0.00010000000000000003	0.00010000000000000003	0.00010000000000000003	0.00010000000000000003	0.00010000000000000003	0.00010000000000000003	0.00010000000000000003	0.00010000000000000003	0.00010000000000000003	0.00010000000000000003	0.00010000000000000003	0.00010000000000000003	0.00010000000000000003	0.00010000000000000003	0.00010000000000000003	0.00010000000000000003
5	0.00010000000000000003	0.00010000000000000003	0.00010000000000000003	0.00010000000000000003	0.00010000000000000003	0.00010000000000000003	0.00010000000000000003	0.00010000000000000003	0.00010000000000000003	0.00010000000000000003	0.00010000000000000003	0.00010000000000000003	0.00010000000000000003	0.00010000000000000003	0.00010000000000000003	0.00010000000000000003
6	0.00010000000000000003	0.00010000000000000003	0.00010000000000000003	0.00010000000000000003	0.00010000000000000003	0.00010000000000000003	0.00010000000000000003	0.00010000000000000003	0.00010000000000000003	0.00010000000000000003	0.00010000000000000003	0.00010000000000000003	0.00010000000000000003	0.00010000000000000003	0.00010000000000000003	0.00010000000000000003
7	0.00010000000000000003	0.00010000000000000003	0.00010000000000000003	0.00010000000000000003	0.00010000000000000003	0.00010000000000000003	0.00010000000000000003	0.00010000000000000003	0.00010000000000000003	0.00010000000000000003	0.00010000000000000003	0.00010000000000000003	0.00010000000000000003	0.00010000000000000003	0.00010000000000000003	0.00010000000000000003
8	0.00010000000000000003	0.00010000000000000003	0.00010000000000000003	0.00010000000000000003	0.00010000000000000003	0.00010000000000000003	0.00010000000000000003	0.00010000000000000003	0.00010000000000000003	0.00010000000000000003	0.00010000000000000003	0.00010000000000000003	0.00010000000000000003	0.00010000000000000003	0.00010000000000000003	0.00010000000000000003
9	0.00010000000000000003	0.00010000000000000003	0.00010000000000000003	0.00010000000000000003	0.00010000000000000003	0.00010000000000000003	0.00010000000000000003	0.00010000000000000003	0.00010000000000000003	0.00010000000000000003	0.00010000000000000003	0.00010000000000000003	0.00010000000000000003	0.00010000000000000003	0.00010000000000000003	0.00010000000000000003
10	0.00010000000000000003	0.00010000000000000003	0.00010000000000000003	0.00010000000000000003	0.00010000000000000003	0.00010000000000000003	0.00010000000000000003	0.00010000000000000003	0.00010000000000000003	0.00010000000000000003	0.00010000000000000003	0.00010000000000000003	0.00010000000000000003	0.00010000000000000003	0.00010000000000000003	0.00010000000000000003
11	0.00010000000000000003	0.00010000000000000003	0.00010000000000000003	0.00010000000000000003	0.00010000000000000003	0.00010000000000000003	0.00010000000000000003	0.00010000000000000003	0.00010000000000000003	0.00010000000000000003	0.00010000000000000003	0.00010000000000000003	0.00010000000000000003	0.00010000000000000003	0.00010000000000000003	0.00010000000000000003
12	0.00010000000000000003	0.00010000000000000003	0.00010000000000000003	0.00010000000000000003	0.00010000000000000003	0.00010000000000000003	0.00010000000000000003	0.00010000000000000003	0.00010000000000000003	0.00010000000000000003	0.00010000000000000003	0.00010000000000000003	0.00010000000000000003	0.00010000000000000003	0.00010000000000000003	0.00010000000000000003
13	0.00010000000000000003	0.00010000000000000003	0.00010000000000000003	0.00010000000000000003	0.00010000000000000003	0.00010000000000000003	0.00010000000000000003	0.00010000000000000003	0.00010000000000000003	0.00010000000000000003	0.00010000000000000003	0.00010000000000000003	0.00010000000000000003	0.00010000000000000003	0.00010000000000000003	0.00010000000000000003
14	0.00010000000000000003	0.00010000000000000003	0.00010000000000000003	0.00010000000000000003	0.00010000000000000003	0.00010000000000000003	0.00010000000000000003	0.00010000000000000003	0.00010000000000000003	0.00010000000000000003	0.00010000000000000003	0.00010000000000000003	0.00010000000000000003	0.00010000000000000003	0.00010000000000000003	0.00010000000000000003
15	0.00010000000000000003	0.00010000000000000003	0.00010000000000000003	0.00010000000000000003	0.00010000000000000003	0.00010000000000000003	0.00010000000000000003	0.00010000000000000003	0.00010000000000000003	0.00010000000000000003	0.00010000000000000003	0.00010000000000000003	0.00010000000000000003	0.00010000000000000003	0.00010000000000000003	0.00010000000000000003
16	0.00010000000000000003	0.00010000000000000003	0.00010000000000000003	0.00010000000000000003	0.00010000000000000003	0.00010000000000000003	0.00010000000000000003	0.00010000000000000003	0.00010000000000000003	0.00010000000000000003	0.00010000000000000003	0.00010000000000000003	0.00010000000000000003	0.00010000000000000003	0.00010000000000000003	0.00010000000000000003
17	0.00010000000000000003	0.00010000000000000003	0.00010000000000000003	0.00010000000000000003	0.00010000000000000003	0.00010000000000000003	0.00010000000000000003	0.00010000000000000003	0.00010000000000000003	0.00010000000000000003	0.00010000000000000003	0.00010000000000000003	0.00010000000000000003	0.00010000000000000003	0.00010000000000000003	0.00010000000000000003
18	0.00010000000000000003	0.00010000000000000003	0.00010000000000000003	0.00010000000000000003	0.00010000000000000003	0.00010000000000000003	0.00010000000000000003	0.00010000000000000003	0.00010000000000000003	0.00010000000000000003	0.00010000000000000003	0.00010000000000000003	0.00010000000000000003	0.00010000000000000003	0.00010000000000000003	0.00010000000000000003
19	0.00010000000000000003	0.00010000000000000003	0.00010000000000000003	0.00010000000000000003	0.00010000000000000003	0.00010000000000000003	0.00010000000000000003	0.00010000000000000003	0.00010000000000000003	0.00010000000000000003	0.00010000000000000003	0.00010000000000000003	0.00010000000000000003	0.00010000000000000003	0.00010000000000000003	0.00010000000000000003
20	0.00010000000000000003	0.00010000000000000003	0.00010000000000000003	0.00010000000000000003	0.00010000000000000003	0.00010000000000000003	0.00010000000000000003	0.00010000000000000003	0.00010000000000000003	0.00010000000000000003	0.00010000000000000003	0.00010000000000000003	0.00010000000000000003	0.00010000000000000003	0.00010000000000000003	0.00010000000000000003
21	0.00010000000000000003	0.00010000000000000003	0.00010000000000000003	0.00010000000000000003	0.00010000000000000003	0.00010000000000000003	0.00010000000000000003	0.00010000000000000003	0.00010000000000000003	0.00010000000000000003	0.00010000000000000003	0.00010000000000000003	0.00010000000000000003	0.00010000000000000003	0.00010000000000000003	0.00010000000000000003
22	0.00010000000000000003	0.00010000000000000003	0.00010000000000000003	0.00010000000000000003	0.00010000000000000003	0.00010000000000000003	0.00010000000000000003	0.00010000000000000003	0.00010000000000000003	0.00010000000000000003	0.00010000000000000003	0.00010000000000000003	0.00010000000000000003	0.00010000000000000003	0.00010000000000000003	0.00010000000000000003
23	0.00010000000000000003	0.00010000000000000003	0.00010000000000000003	0.00010000000000000003	0.00010000000000000003	0.00010000000000000003	0.00010000000000000003	0.00010000000000000003	0.00010000000000000003	0.00010000000000000003	0.00010000000000000003	0.00010000000000000003	0.00010000000000000003	0.00010000000000000003	0.00010000000000000003	0.00010000000000000003
24	0.00010000000000000003	0.00010000000000000003	0.00010000000000000003	0.00010000000000000003	0.00010000000000000003	0.00010000000000000003	0.00010000000000000003	0.00010000000000000003	0.00010000000000000003	0.00010000000000000003	0.00010000000000000003	0.00010000000000000003	0.00010000000000000003	0.00010000000000000003	0.00010000000000000003	0.00010000000000000003
["PT_COLLECTOR","C3",*,*] :	1	2	3	4	5	6	7	8	9	10	11	12	13	14	15	16 := 
1	0.00010000000000000003	0.00010000000000000003	0.00010000000000000003	0.00010000000000000003	0.00010000000000000003	0.00010000000000000003	0.00010000000000000003	0.00010000000000000003	0.00010000000000000003	0.00010000000000000003	0.00010000000000000003	0.00010000000000000003	0.00010000000000000003	0.00010000000000000003	0.00010000000000000003	0.00010000000000000003
2	0.00010000000000000003	0.00010000000000000003	0.00010000000000000003	0.00010000000000000003	0.00010000000000000003	0.00010000000000000003	0.00010000000000000003	0.00010000000000000003	0.00010000000000000003	0.00010000000000000003	0.00010000000000000003	0.00010000000000000003	0.00010000000000000003	0.00010000000000000003	0.00010000000000000003	0.00010000000000000003
3	0.00010000000000000003	0.00010000000000000003	0.00010000000000000003	0.00010000000000000003	0.00010000000000000003	0.00010000000000000003	0.00010000000000000003	0.00010000000000000003	0.00010000000000000003	0.00010000000000000003	0.00010000000000000003	0.00010000000000000003	0.00010000000000000003	0.00010000000000000003	0.00010000000000000003	0.00010000000000000003
4	0.00010000000000000003	0.00010000000000000003	0.00010000000000000003	0.00010000000000000003	0.00010000000000000003	0.00010000000000000003	0.00010000000000000003	0.00010000000000000003	0.00010000000000000003	0.00010000000000000003	0.00010000000000000003	0.00010000000000000003	0.00010000000000000003	0.00010000000000000003	0.00010000000000000003	0.00010000000000000003
5	0.00010000000000000003	0.00010000000000000003	0.00010000000000000003	0.00010000000000000003	0.00010000000000000003	0.00010000000000000003	0.00010000000000000003	0.00010000000000000003	0.00010000000000000003	0.00010000000000000003	0.00010000000000000003	0.00010000000000000003	0.00010000000000000003	0.00010000000000000003	0.00010000000000000003	0.00010000000000000003
6	0.00010000000000000003	0.00010000000000000003	0.00010000000000000003	0.00010000000000000003	0.00010000000000000003	0.00010000000000000003	0.00010000000000000003	0.00010000000000000003	0.00010000000000000003	0.00010000000000000003	0.00010000000000000003	0.00010000000000000003	0.00010000000000000003	0.00010000000000000003	0.00010000000000000003	0.00010000000000000003
7	0.00010000000000000003	0.00010000000000000003	0.00010000000000000003	0.00010000000000000003	0.00010000000000000003	0.00010000000000000003	0.00010000000000000003	0.00010000000000000003	0.00010000000000000003	0.00010000000000000003	0.00010000000000000003	0.00010000000000000003	0.00010000000000000003	0.00010000000000000003	0.00010000000000000003	0.00010000000000000003
8	0.00010000000000000003	0.00010000000000000003	0.00010000000000000003	0.00010000000000000003	0.00010000000000000003	0.00010000000000000003	0.00010000000000000003	0.00010000000000000003	0.00010000000000000003	0.00010000000000000003	0.00010000000000000003	0.00010000000000000003	0.00010000000000000003	0.00010000000000000003	0.00010000000000000003	0.00010000000000000003
9	0.00010000000000000003	0.00010000000000000003	0.00010000000000000003	0.00010000000000000003	0.00010000000000000003	0.00010000000000000003	0.00010000000000000003	0.00010000000000000003	0.00010000000000000003	0.00010000000000000003	0.00010000000000000003	0.00010000000000000003	0.00010000000000000003	0.00010000000000000003	0.00010000000000000003	0.00010000000000000003
10	0.00010000000000000003	0.00010000000000000003	0.00010000000000000003	0.00010000000000000003	0.00010000000000000003	0.00010000000000000003	0.00010000000000000003	0.00010000000000000003	0.00010000000000000003	0.00010000000000000003	0.00010000000000000003	0.00010000000000000003	0.00010000000000000003	0.00010000000000000003	0.00010000000000000003	0.00010000000000000003
11	0.00010000000000000003	0.00010000000000000003	0.00010000000000000003	0.00010000000000000003	0.00010000000000000003	0.00010000000000000003	0.00010000000000000003	0.00010000000000000003	0.00010000000000000003	0.00010000000000000003	0.00010000000000000003	0.00010000000000000003	0.00010000000000000003	0.00010000000000000003	0.00010000000000000003	0.00010000000000000003
12	0.00010000000000000003	0.00010000000000000003	0.00010000000000000003	0.00010000000000000003	0.00010000000000000003	0.00010000000000000003	0.00010000000000000003	0.00010000000000000003	0.00010000000000000003	0.00010000000000000003	0.00010000000000000003	0.00010000000000000003	0.00010000000000000003	0.00010000000000000003	0.00010000000000000003	0.00010000000000000003
13	0.00010000000000000003	0.00010000000000000003	0.00010000000000000003	0.00010000000000000003	0.00010000000000000003	0.00010000000000000003	0.00010000000000000003	0.00010000000000000003	0.00010000000000000003	0.00010000000000000003	0.00010000000000000003	0.00010000000000000003	0.00010000000000000003	0.00010000000000000003	0.00010000000000000003	0.00010000000000000003
14	0.00010000000000000003	0.00010000000000000003	0.00010000000000000003	0.00010000000000000003	0.00010000000000000003	0.00010000000000000003	0.00010000000000000003	0.00010000000000000003	0.00010000000000000003	0.00010000000000000003	0.00010000000000000003	0.00010000000000000003	0.00010000000000000003	0.00010000000000000003	0.00010000000000000003	0.00010000000000000003
15	0.00010000000000000003	0.00010000000000000003	0.00010000000000000003	0.00010000000000000003	0.00010000000000000003	0.00010000000000000003	0.00010000000000000003	0.00010000000000000003	0.00010000000000000003	0.00010000000000000003	0.00010000000000000003	0.00010000000000000003	0.00010000000000000003	0.00010000000000000003	0.00010000000000000003	0.00010000000000000003
16	0.00010000000000000003	0.00010000000000000003	0.00010000000000000003	0.00010000000000000003	0.00010000000000000003	0.00010000000000000003	0.00010000000000000003	0.00010000000000000003	0.00010000000000000003	0.00010000000000000003	0.00010000000000000003	0.00010000000000000003	0.00010000000000000003	0.00010000000000000003	0.00010000000000000003	0.00010000000000000003
17	0.00010000000000000003	0.00010000000000000003	0.00010000000000000003	0.00010000000000000003	0.00010000000000000003	0.00010000000000000003	0.00010000000000000003	0.00010000000000000003	0.00010000000000000003	0.00010000000000000003	0.00010000000000000003	0.00010000000000000003	0.00010000000000000003	0.00010000000000000003	0.00010000000000000003	0.00010000000000000003
18	0.00010000000000000003	0.00010000000000000003	0.00010000000000000003	0.00010000000000000003	0.00010000000000000003	0.00010000000000000003	0.00010000000000000003	0.00010000000000000003	0.00010000000000000003	0.00010000000000000003	0.00010000000000000003	0.00010000000000000003	0.00010000000000000003	0.00010000000000000003	0.00010000000000000003	0.00010000000000000003
19	0.00010000000000000003	0.00010000000000000003	0.00010000000000000003	0.00010000000000000003	0.00010000000000000003	0.00010000000000000003	0.00010000000000000003	0.00010000000000000003	0.00010000000000000003	0.00010000000000000003	0.00010000000000000003	0.00010000000000000003	0.00010000000000000003	0.00010000000000000003	0.00010000000000000003	0.00010000000000000003
20	0.00010000000000000003	0.00010000000000000003	0.00010000000000000003	0.00010000000000000003	0.00010000000000000003	0.00010000000000000003	0.00010000000000000003	0.00010000000000000003	0.00010000000000000003	0.00010000000000000003	0.00010000000000000003	0.00010000000000000003	0.00010000000000000003	0.00010000000000000003	0.00010000000000000003	0.00010000000000000003
21	0.00010000000000000003	0.00010000000000000003	0.00010000000000000003	0.00010000000000000003	0.00010000000000000003	0.00010000000000000003	0.00010000000000000003	0.00010000000000000003	0.00010000000000000003	0.00010000000000000003	0.00010000000000000003	0.00010000000000000003	0.00010000000000000003	0.00010000000000000003	0.00010000000000000003	0.00010000000000000003
22	0.00010000000000000003	0.00010000000000000003	0.00010000000000000003	0.00010000000000000003	0.00010000000000000003	0.00010000000000000003	0.00010000000000000003	0.00010000000000000003	0.00010000000000000003	0.00010000000000000003	0.00010000000000000003	0.00010000000000000003	0.00010000000000000003	0.00010000000000000003	0.00010000000000000003	0.00010000000000000003
23	0.00010000000000000003	0.00010000000000000003	0.00010000000000000003	0.00010000000000000003	0.00010000000000000003	0.00010000000000000003	0.00010000000000000003	0.00010000000000000003	0.00010000000000000003	0.00010000000000000003	0.00010000000000000003	0.00010000000000000003	0.00010000000000000003	0.00010000000000000003	0.00010000000000000003	0.00010000000000000003
24	0.00010000000000000003	0.00010000000000000003	0.00010000000000000003	0.00010000000000000003	0.00010000000000000003	0.00010000000000000003	0.00010000000000000003	0.00010000000000000003	0.00010000000000000003	0.00010000000000000003	0.00010000000000000003	0.00010000000000000003	0.00010000000000000003	0.00010000000000000003	0.00010000000000000003	0.00010000000000000003
["PT_COLLECTOR","C4",*,*] :	1	2	3	4	5	6	7	8	9	10	11	12	13	14	15	16 := 
1	0.00010000000000000003	0.00010000000000000003	0.00010000000000000003	0.00010000000000000003	0.00010000000000000003	0.00010000000000000003	0.00010000000000000003	0.00010000000000000003	0.00010000000000000003	0.00010000000000000003	0.00010000000000000003	0.00010000000000000003	0.00010000000000000003	0.00010000000000000003	0.00010000000000000003	0.00010000000000000003
2	0.00010000000000000003	0.00010000000000000003	0.00010000000000000003	0.00010000000000000003	0.00010000000000000003	0.00010000000000000003	0.00010000000000000003	0.00010000000000000003	0.00010000000000000003	0.00010000000000000003	0.00010000000000000003	0.00010000000000000003	0.00010000000000000003	0.00010000000000000003	0.00010000000000000003	0.00010000000000000003
3	0.00010000000000000003	0.00010000000000000003	0.00010000000000000003	0.00010000000000000003	0.00010000000000000003	0.00010000000000000003	0.00010000000000000003	0.00010000000000000003	0.00010000000000000003	0.00010000000000000003	0.00010000000000000003	0.00010000000000000003	0.00010000000000000003	0.00010000000000000003	0.00010000000000000003	0.00010000000000000003
4	0.00010000000000000003	0.00010000000000000003	0.00010000000000000003	0.00010000000000000003	0.00010000000000000003	0.00010000000000000003	0.00010000000000000003	0.00010000000000000003	0.00010000000000000003	0.00010000000000000003	0.00010000000000000003	0.00010000000000000003	0.00010000000000000003	0.00010000000000000003	0.00010000000000000003	0.00010000000000000003
5	0.00010000000000000003	0.00010000000000000003	0.00010000000000000003	0.00010000000000000003	0.00010000000000000003	0.00010000000000000003	0.00010000000000000003	0.00010000000000000003	0.00010000000000000003	0.00010000000000000003	0.00010000000000000003	0.00010000000000000003	0.00010000000000000003	0.00010000000000000003	0.00010000000000000003	0.00010000000000000003
6	0.00010000000000000003	0.00010000000000000003	0.00010000000000000003	0.00010000000000000003	0.00010000000000000003	0.00010000000000000003	0.00010000000000000003	0.00010000000000000003	0.00010000000000000003	0.00010000000000000003	0.00010000000000000003	0.00010000000000000003	0.00010000000000000003	0.00010000000000000003	0.00010000000000000003	0.00010000000000000003
7	0.00010000000000000003	0.00010000000000000003	0.00010000000000000003	0.00010000000000000003	0.00010000000000000003	0.00010000000000000003	0.00010000000000000003	0.00010000000000000003	0.00010000000000000003	0.00010000000000000003	0.00010000000000000003	0.00010000000000000003	0.00010000000000000003	0.00010000000000000003	0.00010000000000000003	0.00010000000000000003
8	0.00010000000000000003	0.00010000000000000003	0.00010000000000000003	0.00010000000000000003	0.00010000000000000003	0.00010000000000000003	0.00010000000000000003	0.00010000000000000003	0.00010000000000000003	0.00010000000000000003	0.00010000000000000003	0.00010000000000000003	0.00010000000000000003	0.00010000000000000003	0.00010000000000000003	0.00010000000000000003
9	0.00010000000000000003	0.00010000000000000003	0.00010000000000000003	0.00010000000000000003	0.00010000000000000003	0.00010000000000000003	0.00010000000000000003	0.00010000000000000003	0.00010000000000000003	0.00010000000000000003	0.00010000000000000003	0.00010000000000000003	0.00010000000000000003	0.00010000000000000003	0.00010000000000000003	0.00010000000000000003
10	0.00010000000000000003	0.00010000000000000003	0.00010000000000000003	0.00010000000000000003	0.00010000000000000003	0.00010000000000000003	0.00010000000000000003	0.00010000000000000003	0.00010000000000000003	0.00010000000000000003	0.00010000000000000003	0.00010000000000000003	0.00010000000000000003	0.00010000000000000003	0.00010000000000000003	0.00010000000000000003
11	0.00010000000000000003	0.00010000000000000003	0.00010000000000000003	0.00010000000000000003	0.00010000000000000003	0.00010000000000000003	0.00010000000000000003	0.00010000000000000003	0.00010000000000000003	0.00010000000000000003	0.00010000000000000003	0.00010000000000000003	0.00010000000000000003	0.00010000000000000003	0.00010000000000000003	0.00010000000000000003
12	0.00010000000000000003	0.00010000000000000003	0.00010000000000000003	0.00010000000000000003	0.00010000000000000003	0.00010000000000000003	0.00010000000000000003	0.00010000000000000003	0.00010000000000000003	0.00010000000000000003	0.00010000000000000003	0.00010000000000000003	0.00010000000000000003	0.00010000000000000003	0.00010000000000000003	0.00010000000000000003
13	0.00010000000000000003	0.00010000000000000003	0.00010000000000000003	0.00010000000000000003	0.00010000000000000003	0.00010000000000000003	0.00010000000000000003	0.00010000000000000003	0.00010000000000000003	0.00010000000000000003	0.00010000000000000003	0.00010000000000000003	0.00010000000000000003	0.00010000000000000003	0.00010000000000000003	0.00010000000000000003
14	0.00010000000000000003	0.00010000000000000003	0.00010000000000000003	0.00010000000000000003	0.00010000000000000003	0.00010000000000000003	0.00010000000000000003	0.00010000000000000003	0.00010000000000000003	0.00010000000000000003	0.00010000000000000003	0.00010000000000000003	0.00010000000000000003	0.00010000000000000003	0.00010000000000000003	0.00010000000000000003
15	0.00010000000000000003	0.00010000000000000003	0.00010000000000000003	0.00010000000000000003	0.00010000000000000003	0.00010000000000000003	0.00010000000000000003	0.00010000000000000003	0.00010000000000000003	0.00010000000000000003	0.00010000000000000003	0.00010000000000000003	0.00010000000000000003	0.00010000000000000003	0.00010000000000000003	0.00010000000000000003
16	0.00010000000000000003	0.00010000000000000003	0.00010000000000000003	0.00010000000000000003	0.00010000000000000003	0.00010000000000000003	0.00010000000000000003	0.00010000000000000003	0.00010000000000000003	0.00010000000000000003	0.00010000000000000003	0.00010000000000000003	0.00010000000000000003	0.00010000000000000003	0.00010000000000000003	0.00010000000000000003
17	0.00010000000000000003	0.00010000000000000003	0.00010000000000000003	0.00010000000000000003	0.00010000000000000003	0.00010000000000000003	0.00010000000000000003	0.00010000000000000003	0.00010000000000000003	0.00010000000000000003	0.00010000000000000003	0.00010000000000000003	0.00010000000000000003	0.00010000000000000003	0.00010000000000000003	0.00010000000000000003
18	0.00010000000000000003	0.00010000000000000003	0.00010000000000000003	0.00010000000000000003	0.00010000000000000003	0.00010000000000000003	0.00010000000000000003	0.00010000000000000003	0.00010000000000000003	0.00010000000000000003	0.00010000000000000003	0.00010000000000000003	0.00010000000000000003	0.00010000000000000003	0.00010000000000000003	0.00010000000000000003
19	0.00010000000000000003	0.00010000000000000003	0.00010000000000000003	0.00010000000000000003	0.00010000000000000003	0.00010000000000000003	0.00010000000000000003	0.00010000000000000003	0.00010000000000000003	0.00010000000000000003	0.00010000000000000003	0.00010000000000000003	0.00010000000000000003	0.00010000000000000003	0.00010000000000000003	0.00010000000000000003
20	0.00010000000000000003	0.00010000000000000003	0.00010000000000000003	0.00010000000000000003	0.00010000000000000003	0.00010000000000000003	0.00010000000000000003	0.00010000000000000003	0.00010000000000000003	0.00010000000000000003	0.00010000000000000003	0.00010000000000000003	0.00010000000000000003	0.00010000000000000003	0.00010000000000000003	0.00010000000000000003
21	0.00010000000000000003	0.00010000000000000003	0.00010000000000000003	0.00010000000000000003	0.00010000000000000003	0.00010000000000000003	0.00010000000000000003	0.00010000000000000003	0.00010000000000000003	0.00010000000000000003	0.00010000000000000003	0.00010000000000000003	0.00010000000000000003	0.00010000000000000003	0.00010000000000000003	0.00010000000000000003
22	0.00010000000000000003	0.00010000000000000003	0.00010000000000000003	0.00010000000000000003	0.00010000000000000003	0.00010000000000000003	0.00010000000000000003	0.00010000000000000003	0.00010000000000000003	0.00010000000000000003	0.00010000000000000003	0.00010000000000000003	0.00010000000000000003	0.00010000000000000003	0.00010000000000000003	0.00010000000000000003
23	0.00010000000000000003	0.00010000000000000003	0.00010000000000000003	0.00010000000000000003	0.00010000000000000003	0.00010000000000000003	0.00010000000000000003	0.00010000000000000003	0.00010000000000000003	0.00010000000000000003	0.00010000000000000003	0.00010000000000000003	0.00010000000000000003	0.00010000000000000003	0.00010000000000000003	0.00010000000000000003
24	0.00010000000000000003	0.00010000000000000003	0.00010000000000000003	0.00010000000000000003	0.00010000000000000003	0.00010000000000000003	0.00010000000000000003	0.00010000000000000003	0.00010000000000000003	0.00010000000000000003	0.00010000000000000003	0.00010000000000000003	0.00010000000000000003	0.00010000000000000003	0.00010000000000000003	0.00010000000000000003
["PT_COLLECTOR","C5",*,*] :	1	2	3	4	5	6	7	8	9	10	11	12	13	14	15	16 := 
1	0.00010000000000000003	0.00010000000000000003	0.00010000000000000003	0.00010000000000000003	0.00010000000000000003	0.00010000000000000003	0.00010000000000000003	0.00010000000000000003	0.00010000000000000003	0.00010000000000000003	0.00010000000000000003	0.00010000000000000003	0.00010000000000000003	0.00010000000000000003	0.00010000000000000003	0.00010000000000000003
2	0.00010000000000000003	0.00010000000000000003	0.00010000000000000003	0.00010000000000000003	0.00010000000000000003	0.00010000000000000003	0.00010000000000000003	0.00010000000000000003	0.00010000000000000003	0.00010000000000000003	0.00010000000000000003	0.00010000000000000003	0.00010000000000000003	0.00010000000000000003	0.00010000000000000003	0.00010000000000000003
3	0.00010000000000000003	0.00010000000000000003	0.00010000000000000003	0.00010000000000000003	0.00010000000000000003	0.00010000000000000003	0.00010000000000000003	0.00010000000000000003	0.00010000000000000003	0.00010000000000000003	0.00010000000000000003	0.00010000000000000003	0.00010000000000000003	0.00010000000000000003	0.00010000000000000003	0.00010000000000000003
4	0.00010000000000000003	0.00010000000000000003	0.00010000000000000003	0.00010000000000000003	0.00010000000000000003	0.00010000000000000003	0.00010000000000000003	0.00010000000000000003	0.00010000000000000003	0.00010000000000000003	0.00010000000000000003	0.00010000000000000003	0.00010000000000000003	0.00010000000000000003	0.00010000000000000003	0.00010000000000000003
5	0.00010000000000000003	0.00010000000000000003	0.00010000000000000003	0.00010000000000000003	0.00010000000000000003	0.00010000000000000003	0.00010000000000000003	0.00010000000000000003	0.00010000000000000003	0.00010000000000000003	0.00010000000000000003	0.00010000000000000003	0.00010000000000000003	0.00010000000000000003	0.00010000000000000003	0.00010000000000000003
6	0.00010000000000000003	0.00010000000000000003	0.00010000000000000003	0.00010000000000000003	0.00010000000000000003	0.00010000000000000003	0.00010000000000000003	0.00010000000000000003	0.00010000000000000003	0.00010000000000000003	0.00010000000000000003	0.00010000000000000003	0.00010000000000000003	0.00010000000000000003	0.00010000000000000003	0.00010000000000000003
7	0.00010000000000000003	0.00010000000000000003	0.00010000000000000003	0.00010000000000000003	0.00010000000000000003	0.00010000000000000003	0.00010000000000000003	0.00010000000000000003	0.00010000000000000003	0.00010000000000000003	0.00010000000000000003	0.00010000000000000003	0.00010000000000000003	0.00010000000000000003	0.00010000000000000003	0.00010000000000000003
8	0.00010000000000000003	0.00010000000000000003	0.00010000000000000003	0.00010000000000000003	0.00010000000000000003	0.00010000000000000003	0.00010000000000000003	0.00010000000000000003	0.00010000000000000003	0.00010000000000000003	0.00010000000000000003	0.00010000000000000003	0.00010000000000000003	0.00010000000000000003	0.00010000000000000003	0.00010000000000000003
9	0.00010000000000000003	0.00010000000000000003	0.00010000000000000003	0.00010000000000000003	0.00010000000000000003	0.00010000000000000003	0.00010000000000000003	0.00010000000000000003	0.00010000000000000003	0.00010000000000000003	0.00010000000000000003	0.00010000000000000003	0.00010000000000000003	0.00010000000000000003	0.00010000000000000003	0.00010000000000000003
10	0.00010000000000000003	0.00010000000000000003	0.00010000000000000003	0.00010000000000000003	0.00010000000000000003	0.00010000000000000003	0.00010000000000000003	0.00010000000000000003	0.00010000000000000003	0.00010000000000000003	0.00010000000000000003	0.00010000000000000003	0.00010000000000000003	0.00010000000000000003	0.00010000000000000003	0.00010000000000000003
11	0.00010000000000000003	0.00010000000000000003	0.00010000000000000003	0.00010000000000000003	0.00010000000000000003	0.00010000000000000003	0.00010000000000000003	0.00010000000000000003	0.00010000000000000003	0.00010000000000000003	0.00010000000000000003	0.00010000000000000003	0.00010000000000000003	0.00010000000000000003	0.00010000000000000003	0.00010000000000000003
12	0.00010000000000000003	0.00010000000000000003	0.00010000000000000003	0.00010000000000000003	0.00010000000000000003	0.00010000000000000003	0.00010000000000000003	0.00010000000000000003	0.00010000000000000003	0.00010000000000000003	0.00010000000000000003	0.00010000000000000003	0.00010000000000000003	0.00010000000000000003	0.00010000000000000003	0.00010000000000000003
13	0.00010000000000000003	0.00010000000000000003	0.00010000000000000003	0.00010000000000000003	0.00010000000000000003	0.00010000000000000003	0.00010000000000000003	0.00010000000000000003	0.00010000000000000003	0.00010000000000000003	0.00010000000000000003	0.00010000000000000003	0.00010000000000000003	0.00010000000000000003	0.00010000000000000003	0.00010000000000000003
14	0.00010000000000000003	0.00010000000000000003	0.00010000000000000003	0.00010000000000000003	0.00010000000000000003	0.00010000000000000003	0.00010000000000000003	0.00010000000000000003	0.00010000000000000003	0.00010000000000000003	0.00010000000000000003	0.00010000000000000003	0.00010000000000000003	0.00010000000000000003	0.00010000000000000003	0.00010000000000000003
15	0.00010000000000000003	0.00010000000000000003	0.00010000000000000003	0.00010000000000000003	0.00010000000000000003	0.00010000000000000003	0.00010000000000000003	0.00010000000000000003	0.00010000000000000003	0.00010000000000000003	0.00010000000000000003	0.00010000000000000003	0.00010000000000000003	0.00010000000000000003	0.00010000000000000003	0.00010000000000000003
16	0.00010000000000000003	0.00010000000000000003	0.00010000000000000003	0.00010000000000000003	0.00010000000000000003	0.00010000000000000003	0.00010000000000000003	0.00010000000000000003	0.00010000000000000003	0.00010000000000000003	0.00010000000000000003	0.00010000000000000003	0.00010000000000000003	0.00010000000000000003	0.00010000000000000003	0.00010000000000000003
17	0.00010000000000000003	0.00010000000000000003	0.00010000000000000003	0.00010000000000000003	0.00010000000000000003	0.00010000000000000003	0.00010000000000000003	0.00010000000000000003	0.00010000000000000003	0.00010000000000000003	0.00010000000000000003	0.00010000000000000003	0.00010000000000000003	0.00010000000000000003	0.00010000000000000003	0.00010000000000000003
18	0.00010000000000000003	0.00010000000000000003	0.00010000000000000003	0.00010000000000000003	0.00010000000000000003	0.00010000000000000003	0.00010000000000000003	0.00010000000000000003	0.00010000000000000003	0.00010000000000000003	0.00010000000000000003	0.00010000000000000003	0.00010000000000000003	0.00010000000000000003	0.00010000000000000003	0.00010000000000000003
19	0.00010000000000000003	0.00010000000000000003	0.00010000000000000003	0.00010000000000000003	0.00010000000000000003	0.00010000000000000003	0.00010000000000000003	0.00010000000000000003	0.00010000000000000003	0.00010000000000000003	0.00010000000000000003	0.00010000000000000003	0.00010000000000000003	0.00010000000000000003	0.00010000000000000003	0.00010000000000000003
20	0.00010000000000000003	0.00010000000000000003	0.00010000000000000003	0.00010000000000000003	0.00010000000000000003	0.00010000000000000003	0.00010000000000000003	0.00010000000000000003	0.00010000000000000003	0.00010000000000000003	0.00010000000000000003	0.00010000000000000003	0.00010000000000000003	0.00010000000000000003	0.00010000000000000003	0.00010000000000000003
21	0.00010000000000000003	0.00010000000000000003	0.00010000000000000003	0.00010000000000000003	0.00010000000000000003	0.00010000000000000003	0.00010000000000000003	0.00010000000000000003	0.00010000000000000003	0.00010000000000000003	0.00010000000000000003	0.00010000000000000003	0.00010000000000000003	0.00010000000000000003	0.00010000000000000003	0.00010000000000000003
22	0.00010000000000000003	0.00010000000000000003	0.00010000000000000003	0.00010000000000000003	0.00010000000000000003	0.00010000000000000003	0.00010000000000000003	0.00010000000000000003	0.00010000000000000003	0.00010000000000000003	0.00010000000000000003	0.00010000000000000003	0.00010000000000000003	0.00010000000000000003	0.00010000000000000003	0.00010000000000000003
23	0.00010000000000000003	0.00010000000000000003	0.00010000000000000003	0.00010000000000000003	0.00010000000000000003	0.00010000000000000003	0.00010000000000000003	0.00010000000000000003	0.00010000000000000003	0.00010000000000000003	0.00010000000000000003	0.00010000000000000003	0.00010000000000000003	0.00010000000000000003	0.00010000000000000003	0.00010000000000000003
24	0.00010000000000000003	0.00010000000000000003	0.00010000000000000003	0.00010000000000000003	0.00010000000000000003	0.00010000000000000003	0.00010000000000000003	0.00010000000000000003	0.00010000000000000003	0.00010000000000000003	0.00010000000000000003	0.00010000000000000003	0.00010000000000000003	0.00010000000000000003	0.00010000000000000003	0.00010000000000000003
["ST_COLLECTOR","C1",*,*] :	1	2	3	4	5	6	7	8	9	10	11	12	13	14	15	16 := 
1	0.00010000000000000003	0.00010000000000000003	0.00010000000000000003	0.00010000000000000003	0.00010000000000000003	0.00010000000000000003	0.00010000000000000003	0.00010000000000000003	0.00010000000000000003	0.00010000000000000003	0.00010000000000000003	0.00010000000000000003	0.00010000000000000003	0.00010000000000000003	0.00010000000000000003	0.00010000000000000003
2	0.00010000000000000003	0.00010000000000000003	0.00010000000000000003	0.00010000000000000003	0.00010000000000000003	0.00010000000000000003	0.00010000000000000003	0.00010000000000000003	0.00010000000000000003	0.00010000000000000003	0.00010000000000000003	0.00010000000000000003	0.00010000000000000003	0.00010000000000000003	0.00010000000000000003	0.00010000000000000003
3	0.00010000000000000003	0.00010000000000000003	0.00010000000000000003	0.00010000000000000003	0.00010000000000000003	0.00010000000000000003	0.00010000000000000003	0.00010000000000000003	0.00010000000000000003	0.00010000000000000003	0.00010000000000000003	0.00010000000000000003	0.00010000000000000003	0.00010000000000000003	0.00010000000000000003	0.00010000000000000003
4	0.00010000000000000003	0.00010000000000000003	0.00010000000000000003	0.00010000000000000003	0.00010000000000000003	0.00010000000000000003	0.00010000000000000003	0.00010000000000000003	0.00010000000000000003	0.00010000000000000003	0.00010000000000000003	0.00010000000000000003	0.00010000000000000003	0.00010000000000000003	0.00010000000000000003	0.00010000000000000003
5	0.00010000000000000003	0.00010000000000000003	0.00010000000000000003	0.00010000000000000003	0.00010000000000000003	0.00010000000000000003	0.00010000000000000003	0.00010000000000000003	0.00010000000000000003	0.00010000000000000003	0.00010000000000000003	0.00010000000000000003	0.00010000000000000003	0.00010000000000000003	0.00010000000000000003	0.00010000000000000003
6	0.00010000000000000003	0.00010000000000000003	0.00010000000000000003	0.00010000000000000003	0.00010000000000000003	0.00010000000000000003	0.00010000000000000003	0.00010000000000000003	0.00010000000000000003	0.00010000000000000003	0.00010000000000000003	0.00010000000000000003	0.00010000000000000003	0.00010000000000000003	0.00010000000000000003	0.00010000000000000003
7	0.00010000000000000003	0.00010000000000000003	0.00010000000000000003	0.00010000000000000003	0.00010000000000000003	0.00010000000000000003	0.00010000000000000003	0.00010000000000000003	0.00010000000000000003	0.00010000000000000003	0.00010000000000000003	0.00010000000000000003	0.00010000000000000003	0.00010000000000000003	0.00010000000000000003	0.00010000000000000003
8	0.00010000000000000003	0.00010000000000000003	0.00010000000000000003	0.00010000000000000003	0.00010000000000000003	0.00010000000000000003	0.00010000000000000003	0.00010000000000000003	0.00010000000000000003	0.00010000000000000003	0.00010000000000000003	0.00010000000000000003	0.00010000000000000003	0.00010000000000000003	0.00010000000000000003	0.00010000000000000003
9	0.00010000000000000003	0.00010000000000000003	0.00010000000000000003	0.00010000000000000003	0.00010000000000000003	0.00010000000000000003	0.00010000000000000003	0.00010000000000000003	0.00010000000000000003	0.00010000000000000003	0.00010000000000000003	0.00010000000000000003	0.00010000000000000003	0.00010000000000000003	0.00010000000000000003	0.00010000000000000003
10	0.00010000000000000003	0.00010000000000000003	0.00010000000000000003	0.00010000000000000003	0.00010000000000000003	0.00010000000000000003	0.00010000000000000003	0.00010000000000000003	0.00010000000000000003	0.00010000000000000003	0.00010000000000000003	0.00010000000000000003	0.00010000000000000003	0.00010000000000000003	0.00010000000000000003	0.00010000000000000003
11	0.00010000000000000003	0.00010000000000000003	0.00010000000000000003	0.00010000000000000003	0.00010000000000000003	0.00010000000000000003	0.00010000000000000003	0.00010000000000000003	0.00010000000000000003	0.00010000000000000003	0.00010000000000000003	0.00010000000000000003	0.00010000000000000003	0.00010000000000000003	0.00010000000000000003	0.00010000000000000003
12	0.00010000000000000003	0.00010000000000000003	0.00010000000000000003	0.00010000000000000003	0.00010000000000000003	0.00010000000000000003	0.00010000000000000003	0.00010000000000000003	0.00010000000000000003	0.00010000000000000003	0.00010000000000000003	0.00010000000000000003	0.00010000000000000003	0.00010000000000000003	0.00010000000000000003	0.00010000000000000003
13	0.00010000000000000003	0.00010000000000000003	0.00010000000000000003	0.00010000000000000003	0.00010000000000000003	0.00010000000000000003	0.00010000000000000003	0.00010000000000000003	0.00010000000000000003	0.00010000000000000003	0.00010000000000000003	0.00010000000000000003	0.00010000000000000003	0.00010000000000000003	0.00010000000000000003	0.00010000000000000003
14	0.00010000000000000003	0.00010000000000000003	0.00010000000000000003	0.00010000000000000003	0.00010000000000000003	0.00010000000000000003	0.00010000000000000003	0.00010000000000000003	0.00010000000000000003	0.00010000000000000003	0.00010000000000000003	0.00010000000000000003	0.00010000000000000003	0.00010000000000000003	0.00010000000000000003	0.00010000000000000003
15	0.00010000000000000003	0.00010000000000000003	0.00010000000000000003	0.00010000000000000003	0.00010000000000000003	0.00010000000000000003	0.00010000000000000003	0.00010000000000000003	0.00010000000000000003	0.00010000000000000003	0.00010000000000000003	0.00010000000000000003	0.00010000000000000003	0.00010000000000000003	0.00010000000000000003	0.00010000000000000003
16	0.00010000000000000003	0.00010000000000000003	0.00010000000000000003	0.00010000000000000003	0.00010000000000000003	0.00010000000000000003	0.00010000000000000003	0.00010000000000000003	0.00010000000000000003	0.00010000000000000003	0.00010000000000000003	0.00010000000000000003	0.00010000000000000003	0.00010000000000000003	0.00010000000000000003	0.00010000000000000003
17	0.00010000000000000003	0.00010000000000000003	0.00010000000000000003	0.00010000000000000003	0.00010000000000000003	0.00010000000000000003	0.00010000000000000003	0.00010000000000000003	0.00010000000000000003	0.00010000000000000003	0.00010000000000000003	0.00010000000000000003	0.00010000000000000003	0.00010000000000000003	0.00010000000000000003	0.00010000000000000003
18	0.00010000000000000003	0.00010000000000000003	0.00010000000000000003	0.00010000000000000003	0.00010000000000000003	0.00010000000000000003	0.00010000000000000003	0.00010000000000000003	0.00010000000000000003	0.00010000000000000003	0.00010000000000000003	0.00010000000000000003	0.00010000000000000003	0.00010000000000000003	0.00010000000000000003	0.00010000000000000003
19	0.00010000000000000003	0.00010000000000000003	0.00010000000000000003	0.00010000000000000003	0.00010000000000000003	0.00010000000000000003	0.00010000000000000003	0.00010000000000000003	0.00010000000000000003	0.00010000000000000003	0.00010000000000000003	0.00010000000000000003	0.00010000000000000003	0.00010000000000000003	0.00010000000000000003	0.00010000000000000003
20	0.00010000000000000003	0.00010000000000000003	0.00010000000000000003	0.00010000000000000003	0.00010000000000000003	0.00010000000000000003	0.00010000000000000003	0.00010000000000000003	0.00010000000000000003	0.00010000000000000003	0.00010000000000000003	0.00010000000000000003	0.00010000000000000003	0.00010000000000000003	0.00010000000000000003	0.00010000000000000003
21	0.00010000000000000003	0.00010000000000000003	0.00010000000000000003	0.00010000000000000003	0.00010000000000000003	0.00010000000000000003	0.00010000000000000003	0.00010000000000000003	0.00010000000000000003	0.00010000000000000003	0.00010000000000000003	0.00010000000000000003	0.00010000000000000003	0.00010000000000000003	0.00010000000000000003	0.00010000000000000003
22	0.00010000000000000003	0.00010000000000000003	0.00010000000000000003	0.00010000000000000003	0.00010000000000000003	0.00010000000000000003	0.00010000000000000003	0.00010000000000000003	0.00010000000000000003	0.00010000000000000003	0.00010000000000000003	0.00010000000000000003	0.00010000000000000003	0.00010000000000000003	0.00010000000000000003	0.00010000000000000003
23	0.00010000000000000003	0.00010000000000000003	0.00010000000000000003	0.00010000000000000003	0.00010000000000000003	0.00010000000000000003	0.00010000000000000003	0.00010000000000000003	0.00010000000000000003	0.00010000000000000003	0.00010000000000000003	0.00010000000000000003	0.00010000000000000003	0.00010000000000000003	0.00010000000000000003	0.00010000000000000003
24	0.00010000000000000003	0.00010000000000000003	0.00010000000000000003	0.00010000000000000003	0.00010000000000000003	0.00010000000000000003	0.00010000000000000003	0.00010000000000000003	0.00010000000000000003	0.00010000000000000003	0.00010000000000000003	0.00010000000000000003	0.00010000000000000003	0.00010000000000000003	0.00010000000000000003	0.00010000000000000003
["ST_COLLECTOR","C2",*,*] :	1	2	3	4	5	6	7	8	9	10	11	12	13	14	15	16 := 
1	0.00010000000000000003	0.00010000000000000003	0.00010000000000000003	0.00010000000000000003	0.00010000000000000003	0.00010000000000000003	0.00010000000000000003	0.00010000000000000003	0.00010000000000000003	0.00010000000000000003	0.00010000000000000003	0.00010000000000000003	0.00010000000000000003	0.00010000000000000003	0.00010000000000000003	0.00010000000000000003
2	0.00010000000000000003	0.00010000000000000003	0.00010000000000000003	0.00010000000000000003	0.00010000000000000003	0.00010000000000000003	0.00010000000000000003	0.00010000000000000003	0.00010000000000000003	0.00010000000000000003	0.00010000000000000003	0.00010000000000000003	0.00010000000000000003	0.00010000000000000003	0.00010000000000000003	0.00010000000000000003
3	0.00010000000000000003	0.00010000000000000003	0.00010000000000000003	0.00010000000000000003	0.00010000000000000003	0.00010000000000000003	0.00010000000000000003	0.00010000000000000003	0.00010000000000000003	0.00010000000000000003	0.00010000000000000003	0.00010000000000000003	0.00010000000000000003	0.00010000000000000003	0.00010000000000000003	0.00010000000000000003
4	0.00010000000000000003	0.00010000000000000003	0.00010000000000000003	0.00010000000000000003	0.00010000000000000003	0.00010000000000000003	0.00010000000000000003	0.00010000000000000003	0.00010000000000000003	0.00010000000000000003	0.00010000000000000003	0.00010000000000000003	0.00010000000000000003	0.00010000000000000003	0.00010000000000000003	0.00010000000000000003
5	0.00010000000000000003	0.00010000000000000003	0.00010000000000000003	0.00010000000000000003	0.00010000000000000003	0.00010000000000000003	0.00010000000000000003	0.00010000000000000003	0.00010000000000000003	0.00010000000000000003	0.00010000000000000003	0.00010000000000000003	0.00010000000000000003	0.00010000000000000003	0.00010000000000000003	0.00010000000000000003
6	0.00010000000000000003	0.00010000000000000003	0.00010000000000000003	0.00010000000000000003	0.00010000000000000003	0.00010000000000000003	0.00010000000000000003	0.00010000000000000003	0.00010000000000000003	0.00010000000000000003	0.00010000000000000003	0.00010000000000000003	0.00010000000000000003	0.00010000000000000003	0.00010000000000000003	0.00010000000000000003
7	0.00010000000000000003	0.00010000000000000003	0.00010000000000000003	0.00010000000000000003	0.00010000000000000003	0.00010000000000000003	0.00010000000000000003	0.00010000000000000003	0.00010000000000000003	0.00010000000000000003	0.00010000000000000003	0.00010000000000000003	0.00010000000000000003	0.00010000000000000003	0.00010000000000000003	0.00010000000000000003
8	0.00010000000000000003	0.00010000000000000003	0.00010000000000000003	0.00010000000000000003	0.00010000000000000003	0.00010000000000000003	0.00010000000000000003	0.00010000000000000003	0.00010000000000000003	0.00010000000000000003	0.00010000000000000003	0.00010000000000000003	0.00010000000000000003	0.00010000000000000003	0.00010000000000000003	0.00010000000000000003
9	0.00010000000000000003	0.00010000000000000003	0.00010000000000000003	0.00010000000000000003	0.00010000000000000003	0.00010000000000000003	0.00010000000000000003	0.00010000000000000003	0.00010000000000000003	0.00010000000000000003	0.00010000000000000003	0.00010000000000000003	0.00010000000000000003	0.00010000000000000003	0.00010000000000000003	0.00010000000000000003
10	0.00010000000000000003	0.00010000000000000003	0.00010000000000000003	0.00010000000000000003	0.00010000000000000003	0.00010000000000000003	0.00010000000000000003	0.00010000000000000003	0.00010000000000000003	0.00010000000000000003	0.00010000000000000003	0.00010000000000000003	0.00010000000000000003	0.00010000000000000003	0.00010000000000000003	0.00010000000000000003
11	0.00010000000000000003	0.00010000000000000003	0.00010000000000000003	0.00010000000000000003	0.00010000000000000003	0.00010000000000000003	0.00010000000000000003	0.00010000000000000003	0.00010000000000000003	0.00010000000000000003	0.00010000000000000003	0.00010000000000000003	0.00010000000000000003	0.00010000000000000003	0.00010000000000000003	0.00010000000000000003
12	0.00010000000000000003	0.00010000000000000003	0.00010000000000000003	0.00010000000000000003	0.00010000000000000003	0.00010000000000000003	0.00010000000000000003	0.00010000000000000003	0.00010000000000000003	0.00010000000000000003	0.00010000000000000003	0.00010000000000000003	0.00010000000000000003	0.00010000000000000003	0.00010000000000000003	0.00010000000000000003
13	0.00010000000000000003	0.00010000000000000003	0.00010000000000000003	0.00010000000000000003	0.00010000000000000003	0.00010000000000000003	0.00010000000000000003	0.00010000000000000003	0.00010000000000000003	0.00010000000000000003	0.00010000000000000003	0.00010000000000000003	0.00010000000000000003	0.00010000000000000003	0.00010000000000000003	0.00010000000000000003
14	0.00010000000000000003	0.00010000000000000003	0.00010000000000000003	0.00010000000000000003	0.00010000000000000003	0.00010000000000000003	0.00010000000000000003	0.00010000000000000003	0.00010000000000000003	0.00010000000000000003	0.00010000000000000003	0.00010000000000000003	0.00010000000000000003	0.00010000000000000003	0.00010000000000000003	0.00010000000000000003
15	0.00010000000000000003	0.00010000000000000003	0.00010000000000000003	0.00010000000000000003	0.00010000000000000003	0.00010000000000000003	0.00010000000000000003	0.00010000000000000003	0.00010000000000000003	0.00010000000000000003	0.00010000000000000003	0.00010000000000000003	0.00010000000000000003	0.00010000000000000003	0.00010000000000000003	0.00010000000000000003
16	0.00010000000000000003	0.00010000000000000003	0.00010000000000000003	0.00010000000000000003	0.00010000000000000003	0.00010000000000000003	0.00010000000000000003	0.00010000000000000003	0.00010000000000000003	0.00010000000000000003	0.00010000000000000003	0.00010000000000000003	0.00010000000000000003	0.00010000000000000003	0.00010000000000000003	0.00010000000000000003
17	0.00010000000000000003	0.00010000000000000003	0.00010000000000000003	0.00010000000000000003	0.00010000000000000003	0.00010000000000000003	0.00010000000000000003	0.00010000000000000003	0.00010000000000000003	0.00010000000000000003	0.00010000000000000003	0.00010000000000000003	0.00010000000000000003	0.00010000000000000003	0.00010000000000000003	0.00010000000000000003
18	0.00010000000000000003	0.00010000000000000003	0.00010000000000000003	0.00010000000000000003	0.00010000000000000003	0.00010000000000000003	0.00010000000000000003	0.00010000000000000003	0.00010000000000000003	0.00010000000000000003	0.00010000000000000003	0.00010000000000000003	0.00010000000000000003	0.00010000000000000003	0.00010000000000000003	0.00010000000000000003
19	0.00010000000000000003	0.00010000000000000003	0.00010000000000000003	0.00010000000000000003	0.00010000000000000003	0.00010000000000000003	0.00010000000000000003	0.00010000000000000003	0.00010000000000000003	0.00010000000000000003	0.00010000000000000003	0.00010000000000000003	0.00010000000000000003	0.00010000000000000003	0.00010000000000000003	0.00010000000000000003
20	0.00010000000000000003	0.00010000000000000003	0.00010000000000000003	0.00010000000000000003	0.00010000000000000003	0.00010000000000000003	0.00010000000000000003	0.00010000000000000003	0.00010000000000000003	0.00010000000000000003	0.00010000000000000003	0.00010000000000000003	0.00010000000000000003	0.00010000000000000003	0.00010000000000000003	0.00010000000000000003
21	0.00010000000000000003	0.00010000000000000003	0.00010000000000000003	0.00010000000000000003	0.00010000000000000003	0.00010000000000000003	0.00010000000000000003	0.00010000000000000003	0.00010000000000000003	0.00010000000000000003	0.00010000000000000003	0.00010000000000000003	0.00010000000000000003	0.00010000000000000003	0.00010000000000000003	0.00010000000000000003
22	0.00010000000000000003	0.00010000000000000003	0.00010000000000000003	0.00010000000000000003	0.00010000000000000003	0.00010000000000000003	0.00010000000000000003	0.00010000000000000003	0.00010000000000000003	0.00010000000000000003	0.00010000000000000003	0.00010000000000000003	0.00010000000000000003	0.00010000000000000003	0.00010000000000000003	0.00010000000000000003
23	0.00010000000000000003	0.00010000000000000003	0.00010000000000000003	0.00010000000000000003	0.00010000000000000003	0.00010000000000000003	0.00010000000000000003	0.00010000000000000003	0.00010000000000000003	0.00010000000000000003	0.00010000000000000003	0.00010000000000000003	0.00010000000000000003	0.00010000000000000003	0.00010000000000000003	0.00010000000000000003
24	0.00010000000000000003	0.00010000000000000003	0.00010000000000000003	0.00010000000000000003	0.00010000000000000003	0.00010000000000000003	0.00010000000000000003	0.00010000000000000003	0.00010000000000000003	0.00010000000000000003	0.00010000000000000003	0.00010000000000000003	0.00010000000000000003	0.00010000000000000003	0.00010000000000000003	0.00010000000000000003
["ST_COLLECTOR","C3",*,*] :	1	2	3	4	5	6	7	8	9	10	11	12	13	14	15	16 := 
1	0.00010000000000000003	0.00010000000000000003	0.00010000000000000003	0.00010000000000000003	0.00010000000000000003	0.00010000000000000003	0.00010000000000000003	0.00010000000000000003	0.00010000000000000003	0.00010000000000000003	0.00010000000000000003	0.00010000000000000003	0.00010000000000000003	0.00010000000000000003	0.00010000000000000003	0.00010000000000000003
2	0.00010000000000000003	0.00010000000000000003	0.00010000000000000003	0.00010000000000000003	0.00010000000000000003	0.00010000000000000003	0.00010000000000000003	0.00010000000000000003	0.00010000000000000003	0.00010000000000000003	0.00010000000000000003	0.00010000000000000003	0.00010000000000000003	0.00010000000000000003	0.00010000000000000003	0.00010000000000000003
3	0.00010000000000000003	0.00010000000000000003	0.00010000000000000003	0.00010000000000000003	0.00010000000000000003	0.00010000000000000003	0.00010000000000000003	0.00010000000000000003	0.00010000000000000003	0.00010000000000000003	0.00010000000000000003	0.00010000000000000003	0.00010000000000000003	0.00010000000000000003	0.00010000000000000003	0.00010000000000000003
4	0.00010000000000000003	0.00010000000000000003	0.00010000000000000003	0.00010000000000000003	0.00010000000000000003	0.00010000000000000003	0.00010000000000000003	0.00010000000000000003	0.00010000000000000003	0.00010000000000000003	0.00010000000000000003	0.00010000000000000003	0.00010000000000000003	0.00010000000000000003	0.00010000000000000003	0.00010000000000000003
5	0.00010000000000000003	0.00010000000000000003	0.00010000000000000003	0.00010000000000000003	0.00010000000000000003	0.00010000000000000003	0.00010000000000000003	0.00010000000000000003	0.00010000000000000003	0.00010000000000000003	0.00010000000000000003	0.00010000000000000003	0.00010000000000000003	0.00010000000000000003	0.00010000000000000003	0.00010000000000000003
6	0.00010000000000000003	0.00010000000000000003	0.00010000000000000003	0.00010000000000000003	0.00010000000000000003	0.00010000000000000003	0.00010000000000000003	0.00010000000000000003	0.00010000000000000003	0.00010000000000000003	0.00010000000000000003	0.00010000000000000003	0.00010000000000000003	0.00010000000000000003	0.00010000000000000003	0.00010000000000000003
7	0.00010000000000000003	0.00010000000000000003	0.00010000000000000003	0.00010000000000000003	0.00010000000000000003	0.00010000000000000003	0.00010000000000000003	0.00010000000000000003	0.00010000000000000003	0.00010000000000000003	0.00010000000000000003	0.00010000000000000003	0.00010000000000000003	0.00010000000000000003	0.00010000000000000003	0.00010000000000000003
8	0.00010000000000000003	0.00010000000000000003	0.00010000000000000003	0.00010000000000000003	0.00010000000000000003	0.00010000000000000003	0.00010000000000000003	0.00010000000000000003	0.00010000000000000003	0.00010000000000000003	0.00010000000000000003	0.00010000000000000003	0.00010000000000000003	0.00010000000000000003	0.00010000000000000003	0.00010000000000000003
9	0.00010000000000000003	0.00010000000000000003	0.00010000000000000003	0.00010000000000000003	0.00010000000000000003	0.00010000000000000003	0.00010000000000000003	0.00010000000000000003	0.00010000000000000003	0.00010000000000000003	0.00010000000000000003	0.00010000000000000003	0.00010000000000000003	0.00010000000000000003	0.00010000000000000003	0.00010000000000000003
10	0.00010000000000000003	0.00010000000000000003	0.00010000000000000003	0.00010000000000000003	0.00010000000000000003	0.00010000000000000003	0.00010000000000000003	0.00010000000000000003	0.00010000000000000003	0.00010000000000000003	0.00010000000000000003	0.00010000000000000003	0.00010000000000000003	0.00010000000000000003	0.00010000000000000003	0.00010000000000000003
11	0.00010000000000000003	0.00010000000000000003	0.00010000000000000003	0.00010000000000000003	0.00010000000000000003	0.00010000000000000003	0.00010000000000000003	0.00010000000000000003	0.00010000000000000003	0.00010000000000000003	0.00010000000000000003	0.00010000000000000003	0.00010000000000000003	0.00010000000000000003	0.00010000000000000003	0.00010000000000000003
12	0.00010000000000000003	0.00010000000000000003	0.00010000000000000003	0.00010000000000000003	0.00010000000000000003	0.00010000000000000003	0.00010000000000000003	0.00010000000000000003	0.00010000000000000003	0.00010000000000000003	0.00010000000000000003	0.00010000000000000003	0.00010000000000000003	0.00010000000000000003	0.00010000000000000003	0.00010000000000000003
13	0.00010000000000000003	0.00010000000000000003	0.00010000000000000003	0.00010000000000000003	0.00010000000000000003	0.00010000000000000003	0.00010000000000000003	0.00010000000000000003	0.00010000000000000003	0.00010000000000000003	0.00010000000000000003	0.00010000000000000003	0.00010000000000000003	0.00010000000000000003	0.00010000000000000003	0.00010000000000000003
14	0.00010000000000000003	0.00010000000000000003	0.00010000000000000003	0.00010000000000000003	0.00010000000000000003	0.00010000000000000003	0.00010000000000000003	0.00010000000000000003	0.00010000000000000003	0.00010000000000000003	0.00010000000000000003	0.00010000000000000003	0.00010000000000000003	0.00010000000000000003	0.00010000000000000003	0.00010000000000000003
15	0.00010000000000000003	0.00010000000000000003	0.00010000000000000003	0.00010000000000000003	0.00010000000000000003	0.00010000000000000003	0.00010000000000000003	0.00010000000000000003	0.00010000000000000003	0.00010000000000000003	0.00010000000000000003	0.00010000000000000003	0.00010000000000000003	0.00010000000000000003	0.00010000000000000003	0.00010000000000000003
16	0.00010000000000000003	0.00010000000000000003	0.00010000000000000003	0.00010000000000000003	0.00010000000000000003	0.00010000000000000003	0.00010000000000000003	0.00010000000000000003	0.00010000000000000003	0.00010000000000000003	0.00010000000000000003	0.00010000000000000003	0.00010000000000000003	0.00010000000000000003	0.00010000000000000003	0.00010000000000000003
17	0.00010000000000000003	0.00010000000000000003	0.00010000000000000003	0.00010000000000000003	0.00010000000000000003	0.00010000000000000003	0.00010000000000000003	0.00010000000000000003	0.00010000000000000003	0.00010000000000000003	0.00010000000000000003	0.00010000000000000003	0.00010000000000000003	0.00010000000000000003	0.00010000000000000003	0.00010000000000000003
18	0.00010000000000000003	0.00010000000000000003	0.00010000000000000003	0.00010000000000000003	0.00010000000000000003	0.00010000000000000003	0.00010000000000000003	0.00010000000000000003	0.00010000000000000003	0.00010000000000000003	0.00010000000000000003	0.00010000000000000003	0.00010000000000000003	0.00010000000000000003	0.00010000000000000003	0.00010000000000000003
19	0.00010000000000000003	0.00010000000000000003	0.00010000000000000003	0.00010000000000000003	0.00010000000000000003	0.00010000000000000003	0.00010000000000000003	0.00010000000000000003	0.00010000000000000003	0.00010000000000000003	0.00010000000000000003	0.00010000000000000003	0.00010000000000000003	0.00010000000000000003	0.00010000000000000003	0.00010000000000000003
20	0.00010000000000000003	0.00010000000000000003	0.00010000000000000003	0.00010000000000000003	0.00010000000000000003	0.00010000000000000003	0.00010000000000000003	0.00010000000000000003	0.00010000000000000003	0.00010000000000000003	0.00010000000000000003	0.00010000000000000003	0.00010000000000000003	0.00010000000000000003	0.00010000000000000003	0.00010000000000000003
21	0.00010000000000000003	0.00010000000000000003	0.00010000000000000003	0.00010000000000000003	0.00010000000000000003	0.00010000000000000003	0.00010000000000000003	0.00010000000000000003	0.00010000000000000003	0.00010000000000000003	0.00010000000000000003	0.00010000000000000003	0.00010000000000000003	0.00010000000000000003	0.00010000000000000003	0.00010000000000000003
22	0.00010000000000000003	0.00010000000000000003	0.00010000000000000003	0.00010000000000000003	0.00010000000000000003	0.00010000000000000003	0.00010000000000000003	0.00010000000000000003	0.00010000000000000003	0.00010000000000000003	0.00010000000000000003	0.00010000000000000003	0.00010000000000000003	0.00010000000000000003	0.00010000000000000003	0.00010000000000000003
23	0.00010000000000000003	0.00010000000000000003	0.00010000000000000003	0.00010000000000000003	0.00010000000000000003	0.00010000000000000003	0.00010000000000000003	0.00010000000000000003	0.00010000000000000003	0.00010000000000000003	0.00010000000000000003	0.00010000000000000003	0.00010000000000000003	0.00010000000000000003	0.00010000000000000003	0.00010000000000000003
24	0.00010000000000000003	0.00010000000000000003	0.00010000000000000003	0.00010000000000000003	0.00010000000000000003	0.00010000000000000003	0.00010000000000000003	0.00010000000000000003	0.00010000000000000003	0.00010000000000000003	0.00010000000000000003	0.00010000000000000003	0.00010000000000000003	0.00010000000000000003	0.00010000000000000003	0.00010000000000000003
["ST_COLLECTOR","C4",*,*] :	1	2	3	4	5	6	7	8	9	10	11	12	13	14	15	16 := 
1	0.00010000000000000003	0.00010000000000000003	0.00010000000000000003	0.00010000000000000003	0.00010000000000000003	0.00010000000000000003	0.00010000000000000003	0.00010000000000000003	0.00010000000000000003	0.00010000000000000003	0.00010000000000000003	0.00010000000000000003	0.00010000000000000003	0.00010000000000000003	0.00010000000000000003	0.00010000000000000003
2	0.00010000000000000003	0.00010000000000000003	0.00010000000000000003	0.00010000000000000003	0.00010000000000000003	0.00010000000000000003	0.00010000000000000003	0.00010000000000000003	0.00010000000000000003	0.00010000000000000003	0.00010000000000000003	0.00010000000000000003	0.00010000000000000003	0.00010000000000000003	0.00010000000000000003	0.00010000000000000003
3	0.00010000000000000003	0.00010000000000000003	0.00010000000000000003	0.00010000000000000003	0.00010000000000000003	0.00010000000000000003	0.00010000000000000003	0.00010000000000000003	0.00010000000000000003	0.00010000000000000003	0.00010000000000000003	0.00010000000000000003	0.00010000000000000003	0.00010000000000000003	0.00010000000000000003	0.00010000000000000003
4	0.00010000000000000003	0.00010000000000000003	0.00010000000000000003	0.00010000000000000003	0.00010000000000000003	0.00010000000000000003	0.00010000000000000003	0.00010000000000000003	0.00010000000000000003	0.00010000000000000003	0.00010000000000000003	0.00010000000000000003	0.00010000000000000003	0.00010000000000000003	0.00010000000000000003	0.00010000000000000003
5	0.00010000000000000003	0.00010000000000000003	0.00010000000000000003	0.00010000000000000003	0.00010000000000000003	0.00010000000000000003	0.00010000000000000003	0.00010000000000000003	0.00010000000000000003	0.00010000000000000003	0.00010000000000000003	0.00010000000000000003	0.00010000000000000003	0.00010000000000000003	0.00010000000000000003	0.00010000000000000003
6	0.00010000000000000003	0.00010000000000000003	0.00010000000000000003	0.00010000000000000003	0.00010000000000000003	0.00010000000000000003	0.00010000000000000003	0.00010000000000000003	0.00010000000000000003	0.00010000000000000003	0.00010000000000000003	0.00010000000000000003	0.00010000000000000003	0.00010000000000000003	0.00010000000000000003	0.00010000000000000003
7	0.00010000000000000003	0.00010000000000000003	0.00010000000000000003	0.00010000000000000003	0.00010000000000000003	0.00010000000000000003	0.00010000000000000003	0.00010000000000000003	0.00010000000000000003	0.00010000000000000003	0.00010000000000000003	0.00010000000000000003	0.00010000000000000003	0.00010000000000000003	0.00010000000000000003	0.00010000000000000003
8	0.00010000000000000003	0.00010000000000000003	0.00010000000000000003	0.00010000000000000003	0.00010000000000000003	0.00010000000000000003	0.00010000000000000003	0.00010000000000000003	0.00010000000000000003	0.00010000000000000003	0.00010000000000000003	0.00010000000000000003	0.00010000000000000003	0.00010000000000000003	0.00010000000000000003	0.00010000000000000003
9	0.00010000000000000003	0.00010000000000000003	0.00010000000000000003	0.00010000000000000003	0.00010000000000000003	0.00010000000000000003	0.00010000000000000003	0.00010000000000000003	0.00010000000000000003	0.00010000000000000003	0.00010000000000000003	0.00010000000000000003	0.00010000000000000003	0.00010000000000000003	0.00010000000000000003	0.00010000000000000003
10	0.00010000000000000003	0.00010000000000000003	0.00010000000000000003	0.00010000000000000003	0.00010000000000000003	0.00010000000000000003	0.00010000000000000003	0.00010000000000000003	0.00010000000000000003	0.00010000000000000003	0.00010000000000000003	0.00010000000000000003	0.00010000000000000003	0.00010000000000000003	0.00010000000000000003	0.00010000000000000003
11	0.00010000000000000003	0.00010000000000000003	0.00010000000000000003	0.00010000000000000003	0.00010000000000000003	0.00010000000000000003	0.00010000000000000003	0.00010000000000000003	0.00010000000000000003	0.00010000000000000003	0.00010000000000000003	0.00010000000000000003	0.00010000000000000003	0.00010000000000000003	0.00010000000000000003	0.00010000000000000003
12	0.00010000000000000003	0.00010000000000000003	0.00010000000000000003	0.00010000000000000003	0.00010000000000000003	0.00010000000000000003	0.00010000000000000003	0.00010000000000000003	0.00010000000000000003	0.00010000000000000003	0.00010000000000000003	0.00010000000000000003	0.00010000000000000003	0.00010000000000000003	0.00010000000000000003	0.00010000000000000003
13	0.00010000000000000003	0.00010000000000000003	0.00010000000000000003	0.00010000000000000003	0.00010000000000000003	0.00010000000000000003	0.00010000000000000003	0.00010000000000000003	0.00010000000000000003	0.00010000000000000003	0.00010000000000000003	0.00010000000000000003	0.00010000000000000003	0.00010000000000000003	0.00010000000000000003	0.00010000000000000003
14	0.00010000000000000003	0.00010000000000000003	0.00010000000000000003	0.00010000000000000003	0.00010000000000000003	0.00010000000000000003	0.00010000000000000003	0.00010000000000000003	0.00010000000000000003	0.00010000000000000003	0.00010000000000000003	0.00010000000000000003	0.00010000000000000003	0.00010000000000000003	0.00010000000000000003	0.00010000000000000003
15	0.00010000000000000003	0.00010000000000000003	0.00010000000000000003	0.00010000000000000003	0.00010000000000000003	0.00010000000000000003	0.00010000000000000003	0.00010000000000000003	0.00010000000000000003	0.00010000000000000003	0.00010000000000000003	0.00010000000000000003	0.00010000000000000003	0.00010000000000000003	0.00010000000000000003	0.00010000000000000003
16	0.00010000000000000003	0.00010000000000000003	0.00010000000000000003	0.00010000000000000003	0.00010000000000000003	0.00010000000000000003	0.00010000000000000003	0.00010000000000000003	0.00010000000000000003	0.00010000000000000003	0.00010000000000000003	0.00010000000000000003	0.00010000000000000003	0.00010000000000000003	0.00010000000000000003	0.00010000000000000003
17	0.00010000000000000003	0.00010000000000000003	0.00010000000000000003	0.00010000000000000003	0.00010000000000000003	0.00010000000000000003	0.00010000000000000003	0.00010000000000000003	0.00010000000000000003	0.00010000000000000003	0.00010000000000000003	0.00010000000000000003	0.00010000000000000003	0.00010000000000000003	0.00010000000000000003	0.00010000000000000003
18	0.00010000000000000003	0.00010000000000000003	0.00010000000000000003	0.00010000000000000003	0.00010000000000000003	0.00010000000000000003	0.00010000000000000003	0.00010000000000000003	0.00010000000000000003	0.00010000000000000003	0.00010000000000000003	0.00010000000000000003	0.00010000000000000003	0.00010000000000000003	0.00010000000000000003	0.00010000000000000003
19	0.00010000000000000003	0.00010000000000000003	0.00010000000000000003	0.00010000000000000003	0.00010000000000000003	0.00010000000000000003	0.00010000000000000003	0.00010000000000000003	0.00010000000000000003	0.00010000000000000003	0.00010000000000000003	0.00010000000000000003	0.00010000000000000003	0.00010000000000000003	0.00010000000000000003	0.00010000000000000003
20	0.00010000000000000003	0.00010000000000000003	0.00010000000000000003	0.00010000000000000003	0.00010000000000000003	0.00010000000000000003	0.00010000000000000003	0.00010000000000000003	0.00010000000000000003	0.00010000000000000003	0.00010000000000000003	0.00010000000000000003	0.00010000000000000003	0.00010000000000000003	0.00010000000000000003	0.00010000000000000003
21	0.00010000000000000003	0.00010000000000000003	0.00010000000000000003	0.00010000000000000003	0.00010000000000000003	0.00010000000000000003	0.00010000000000000003	0.00010000000000000003	0.00010000000000000003	0.00010000000000000003	0.00010000000000000003	0.00010000000000000003	0.00010000000000000003	0.00010000000000000003	0.00010000000000000003	0.00010000000000000003
22	0.00010000000000000003	0.00010000000000000003	0.00010000000000000003	0.00010000000000000003	0.00010000000000000003	0.00010000000000000003	0.00010000000000000003	0.00010000000000000003	0.00010000000000000003	0.00010000000000000003	0.00010000000000000003	0.00010000000000000003	0.00010000000000000003	0.00010000000000000003	0.00010000000000000003	0.00010000000000000003
23	0.00010000000000000003	0.00010000000000000003	0.00010000000000000003	0.00010000000000000003	0.00010000000000000003	0.00010000000000000003	0.00010000000000000003	0.00010000000000000003	0.00010000000000000003	0.00010000000000000003	0.00010000000000000003	0.00010000000000000003	0.00010000000000000003	0.00010000000000000003	0.00010000000000000003	0.00010000000000000003
24	0.00010000000000000003	0.00010000000000000003	0.00010000000000000003	0.00010000000000000003	0.00010000000000000003	0.00010000000000000003	0.00010000000000000003	0.00010000000000000003	0.00010000000000000003	0.00010000000000000003	0.00010000000000000003	0.00010000000000000003	0.00010000000000000003	0.00010000000000000003	0.00010000000000000003	0.00010000000000000003
["ST_COLLECTOR","C5",*,*] :	1	2	3	4	5	6	7	8	9	10	11	12	13	14	15	16 := 
1	0.00010000000000000003	0.00010000000000000003	0.00010000000000000003	0.00010000000000000003	0.00010000000000000003	0.00010000000000000003	0.00010000000000000003	0.00010000000000000003	0.00010000000000000003	0.00010000000000000003	0.00010000000000000003	0.00010000000000000003	0.00010000000000000003	0.00010000000000000003	0.00010000000000000003	0.00010000000000000003
2	0.00010000000000000003	0.00010000000000000003	0.00010000000000000003	0.00010000000000000003	0.00010000000000000003	0.00010000000000000003	0.00010000000000000003	0.00010000000000000003	0.00010000000000000003	0.00010000000000000003	0.00010000000000000003	0.00010000000000000003	0.00010000000000000003	0.00010000000000000003	0.00010000000000000003	0.00010000000000000003
3	0.00010000000000000003	0.00010000000000000003	0.00010000000000000003	0.00010000000000000003	0.00010000000000000003	0.00010000000000000003	0.00010000000000000003	0.00010000000000000003	0.00010000000000000003	0.00010000000000000003	0.00010000000000000003	0.00010000000000000003	0.00010000000000000003	0.00010000000000000003	0.00010000000000000003	0.00010000000000000003
4	0.00010000000000000003	0.00010000000000000003	0.00010000000000000003	0.00010000000000000003	0.00010000000000000003	0.00010000000000000003	0.00010000000000000003	0.00010000000000000003	0.00010000000000000003	0.00010000000000000003	0.00010000000000000003	0.00010000000000000003	0.00010000000000000003	0.00010000000000000003	0.00010000000000000003	0.00010000000000000003
5	0.00010000000000000003	0.00010000000000000003	0.00010000000000000003	0.00010000000000000003	0.00010000000000000003	0.00010000000000000003	0.00010000000000000003	0.00010000000000000003	0.00010000000000000003	0.00010000000000000003	0.00010000000000000003	0.00010000000000000003	0.00010000000000000003	0.00010000000000000003	0.00010000000000000003	0.00010000000000000003
6	0.00010000000000000003	0.00010000000000000003	0.00010000000000000003	0.00010000000000000003	0.00010000000000000003	0.00010000000000000003	0.00010000000000000003	0.00010000000000000003	0.00010000000000000003	0.00010000000000000003	0.00010000000000000003	0.00010000000000000003	0.00010000000000000003	0.00010000000000000003	0.00010000000000000003	0.00010000000000000003
7	0.00010000000000000003	0.00010000000000000003	0.00010000000000000003	0.00010000000000000003	0.00010000000000000003	0.00010000000000000003	0.00010000000000000003	0.00010000000000000003	0.00010000000000000003	0.00010000000000000003	0.00010000000000000003	0.00010000000000000003	0.00010000000000000003	0.00010000000000000003	0.00010000000000000003	0.00010000000000000003
8	0.00010000000000000003	0.00010000000000000003	0.00010000000000000003	0.00010000000000000003	0.00010000000000000003	0.00010000000000000003	0.00010000000000000003	0.00010000000000000003	0.00010000000000000003	0.00010000000000000003	0.00010000000000000003	0.00010000000000000003	0.00010000000000000003	0.00010000000000000003	0.00010000000000000003	0.00010000000000000003
9	0.00010000000000000003	0.00010000000000000003	0.00010000000000000003	0.00010000000000000003	0.00010000000000000003	0.00010000000000000003	0.00010000000000000003	0.00010000000000000003	0.00010000000000000003	0.00010000000000000003	0.00010000000000000003	0.00010000000000000003	0.00010000000000000003	0.00010000000000000003	0.00010000000000000003	0.00010000000000000003
10	0.00010000000000000003	0.00010000000000000003	0.00010000000000000003	0.00010000000000000003	0.00010000000000000003	0.00010000000000000003	0.00010000000000000003	0.00010000000000000003	0.00010000000000000003	0.00010000000000000003	0.00010000000000000003	0.00010000000000000003	0.00010000000000000003	0.00010000000000000003	0.00010000000000000003	0.00010000000000000003
11	0.00010000000000000003	0.00010000000000000003	0.00010000000000000003	0.00010000000000000003	0.00010000000000000003	0.00010000000000000003	0.00010000000000000003	0.00010000000000000003	0.00010000000000000003	0.00010000000000000003	0.00010000000000000003	0.00010000000000000003	0.00010000000000000003	0.00010000000000000003	0.00010000000000000003	0.00010000000000000003
12	0.00010000000000000003	0.00010000000000000003	0.00010000000000000003	0.00010000000000000003	0.00010000000000000003	0.00010000000000000003	0.00010000000000000003	0.00010000000000000003	0.00010000000000000003	0.00010000000000000003	0.00010000000000000003	0.00010000000000000003	0.00010000000000000003	0.00010000000000000003	0.00010000000000000003	0.00010000000000000003
13	0.00010000000000000003	0.00010000000000000003	0.00010000000000000003	0.00010000000000000003	0.00010000000000000003	0.00010000000000000003	0.00010000000000000003	0.00010000000000000003	0.00010000000000000003	0.00010000000000000003	0.00010000000000000003	0.00010000000000000003	0.00010000000000000003	0.00010000000000000003	0.00010000000000000003	0.00010000000000000003
14	0.00010000000000000003	0.00010000000000000003	0.00010000000000000003	0.00010000000000000003	0.00010000000000000003	0.00010000000000000003	0.00010000000000000003	0.00010000000000000003	0.00010000000000000003	0.00010000000000000003	0.00010000000000000003	0.00010000000000000003	0.00010000000000000003	0.00010000000000000003	0.00010000000000000003	0.00010000000000000003
15	0.00010000000000000003	0.00010000000000000003	0.00010000000000000003	0.00010000000000000003	0.00010000000000000003	0.00010000000000000003	0.00010000000000000003	0.00010000000000000003	0.00010000000000000003	0.00010000000000000003	0.00010000000000000003	0.00010000000000000003	0.00010000000000000003	0.00010000000000000003	0.00010000000000000003	0.00010000000000000003
16	0.00010000000000000003	0.00010000000000000003	0.00010000000000000003	0.00010000000000000003	0.00010000000000000003	0.00010000000000000003	0.00010000000000000003	0.00010000000000000003	0.00010000000000000003	0.00010000000000000003	0.00010000000000000003	0.00010000000000000003	0.00010000000000000003	0.00010000000000000003	0.00010000000000000003	0.00010000000000000003
17	0.00010000000000000003	0.00010000000000000003	0.00010000000000000003	0.00010000000000000003	0.00010000000000000003	0.00010000000000000003	0.00010000000000000003	0.00010000000000000003	0.00010000000000000003	0.00010000000000000003	0.00010000000000000003	0.00010000000000000003	0.00010000000000000003	0.00010000000000000003	0.00010000000000000003	0.00010000000000000003
18	0.00010000000000000003	0.00010000000000000003	0.00010000000000000003	0.00010000000000000003	0.00010000000000000003	0.00010000000000000003	0.00010000000000000003	0.00010000000000000003	0.00010000000000000003	0.00010000000000000003	0.00010000000000000003	0.00010000000000000003	0.00010000000000000003	0.00010000000000000003	0.00010000000000000003	0.00010000000000000003
19	0.00010000000000000003	0.00010000000000000003	0.00010000000000000003	0.00010000000000000003	0.00010000000000000003	0.00010000000000000003	0.00010000000000000003	0.00010000000000000003	0.00010000000000000003	0.00010000000000000003	0.00010000000000000003	0.00010000000000000003	0.00010000000000000003	0.00010000000000000003	0.00010000000000000003	0.00010000000000000003
20	0.00010000000000000003	0.00010000000000000003	0.00010000000000000003	0.00010000000000000003	0.00010000000000000003	0.00010000000000000003	0.00010000000000000003	0.00010000000000000003	0.00010000000000000003	0.00010000000000000003	0.00010000000000000003	0.00010000000000000003	0.00010000000000000003	0.00010000000000000003	0.00010000000000000003	0.00010000000000000003
21	0.00010000000000000003	0.00010000000000000003	0.00010000000000000003	0.00010000000000000003	0.00010000000000000003	0.00010000000000000003	0.00010000000000000003	0.00010000000000000003	0.00010000000000000003	0.00010000000000000003	0.00010000000000000003	0.00010000000000000003	0.00010000000000000003	0.00010000000000000003	0.00010000000000000003	0.00010000000000000003
22	0.00010000000000000003	0.00010000000000000003	0.00010000000000000003	0.00010000000000000003	0.00010000000000000003	0.00010000000000000003	0.00010000000000000003	0.00010000000000000003	0.00010000000000000003	0.00010000000000000003	0.00010000000000000003	0.00010000000000000003	0.00010000000000000003	0.00010000000000000003	0.00010000000000000003	0.00010000000000000003
23	0.00010000000000000003	0.00010000000000000003	0.00010000000000000003	0.00010000000000000003	0.00010000000000000003	0.00010000000000000003	0.00010000000000000003	0.00010000000000000003	0.00010000000000000003	0.00010000000000000003	0.00010000000000000003	0.00010000000000000003	0.00010000000000000003	0.00010000000000000003	0.00010000000000000003	0.00010000000000000003
24	0.00010000000000000003	0.00010000000000000003	0.00010000000000000003	0.00010000000000000003	0.00010000000000000003	0.00010000000000000003	0.00010000000000000003	0.00010000000000000003	0.00010000000000000003	0.00010000000000000003	0.00010000000000000003	0.00010000000000000003	0.00010000000000000003	0.00010000000000000003	0.00010000000000000003	0.00010000000000000003
;
