Unnamed: 0;ELECTRICITY;HEAT_LOW_T_SH;SPACE_COOLING;MOBILITY_PASSENGER;MOBILITY_FREIGHT;PV;WIND_ONSHORE;WIND_OFFSHORE;HYDRO_DAM;HYDRO_RIVER;TIDAL;SOLAR;CSP
2017-01-01 00:00:00+00:00;1.94e-06;0.0;0;0;0;0.0;0.085;0.085;0.66131025;0.17471839;0.0001;0.0;0.0001
2017-01-01 01:00:00+00:00;4.07e-06;0.0;0;0;0;0.0;0.106;0.106;0.57778656;0.17708861;0.0001;0.0;0.0001
2017-01-01 02:00:00+00:00;5.41e-06;0.0;0;0;0;0.0;0.175;0.175;0.5372018;0.18047462;0.0001;0.0;0.0001
2017-01-01 03:00:00+00:00;6.85e-06;0.0;0;0;0;0.0;0.189;0.189;0.50397559;0.17810441;0.0001;0.0;0.0001
2017-01-01 04:00:00+00:00;8.9e-06;0.0;0;0;0;0.0;0.171;0.171;0.47923566;0.19266428;0.0001;0.0;0.0001
2017-01-01 05:00:00+00:00;5.031e-05;0.0;0;0;0;0.0;0.174;0.174;0.41835147;0.19537309;0.0001;0.0;0.0001
2017-01-01 06:00:00+00:00;0.00032195;0.0;0;0;0;0.031;0.136;0.136;0.37790768;0.19875911;0.0001;0.001;0.0001
2017-01-01 07:00:00+00:00;0.00042463;0.0;0;0;0;0.12;0.074;0.074;0.39995512;0.19334148;0.0001;0.011;0.0001
2017-01-01 08:00:00+00:00;0.00034564;0.0;0;0;0;0.202;0.041;0.041;0.4124731;0.25428976;0.0001;0.022;0.0001
2017-01-01 09:00:00+00:00;6.466e-05;0.0;0;0;0;0.293;0.028;0.028;0.44777155;0.23600527;0.0001;0.042;0.0001
2017-01-01 10:00:00+00:00;2.031e-05;0.0;0;0;0;0.389;0.014;0.014;0.50255181;0.17810441;0.0001;0.081;0.0001
2017-01-01 11:00:00+00:00;2.144e-05;0.0;0;0;0;0.462;0.002;0.002;0.55620432;0.20925575;0.0001;0.132;0.0001
2017-01-01 12:00:00+00:00;2.233e-05;0.0;0;0;0;0.483;0.0;0.0;0.57623591;0.22381562;0.0001;0.153;0.0001
2017-01-01 13:00:00+00:00;2.163e-05;0.0;0;0;0;0.436;0.0;0.0;0.61298633;0.22449282;0.0001;0.114;0.0001
2017-01-01 14:00:00+00:00;2.119e-05;0.0;0;0;0;0.353;0.0;0.0;0.59819877;0.440182;0.0001;0.066;0.0001
2017-01-01 15:00:00+00:00;2.175e-05;0.0;0;0;0;0.229;0.0;0.0;0.63212982;0.4388276;0.0001;0.024;0.0001
2017-01-01 16:00:00+00:00;2.32e-05;0.0;0;0;0;0.139;0.0;0.0;0.60788328;0.45948229;0.0001;0.01;0.0001
2017-01-01 17:00:00+00:00;4.866e-05;0.0;0;0;0;0.064;0.0;0.0;0.57705353;0.73645835;0.0001;0.004;0.0001
2017-01-01 18:00:00+00:00;0.00035847;0.0;0;0;0;0.003;0.0;0.0;0.68411891;0.89187646;0.0001;0.0;0.0001
2017-01-01 19:00:00+00:00;0.00038152;0.0;0;0;0;0.0;0.0;0.0;0.83120518;0.88273422;0.0001;0.0;0.0001
2017-01-01 20:00:00+00:00;5.449e-05;0.0;0;0;0;0.0;0.001;0.001;0.74800572;0.87156037;0.0001;0.0;0.0001
2017-01-01 21:00:00+00:00;1.8e-05;0.0;0;0;0;0.0;0.005;0.005;0.62664616;0.79842244;0.0001;0.0;0.0001
2017-01-01 22:00:00+00:00;1.14e-05;0.0;0;0;0;0.0;0.014;0.014;0.61278898;0.28713411;0.0001;0.0;0.0001
2017-01-01 23:00:00+00:00;5e-07;0.0;0;0;0;0.0;0.023;0.023;0.56399987;0.16625336;0.0001;0.0;0.0001
2017-01-02 00:00:00+00:00;1.7e-06;0.0;0;0;0;0.0;0.028;0.028;0.58241032;0.43028638;0.0001;0.0;0.0001
2017-01-02 01:00:00+00:00;4.01e-06;0.0;0;0;0;0.0;0.026;0.026;0.58420062;0.43081121;0.0001;0.0;0.0001
2017-01-02 02:00:00+00:00;5.15e-06;0.0;0;0;0;0.0;0.02;0.02;0.59292655;0.45615553;0.0001;0.0;0.0001
2017-01-02 03:00:00+00:00;6.74e-06;0.0;0;0;0;0.0;0.015;0.015;0.58366494;0.45294727;0.0001;0.0;0.0001
2017-01-02 04:00:00+00:00;8.92e-06;0.0;0;0;0;0.0;0.014;0.014;0.59958026;0.45461489;0.0001;0.0;0.0001
2017-01-02 05:00:00+00:00;4.909e-05;0.0;0;0;0;0.0;0.014;0.014;0.61997836;0.45816175;0.0001;0.0;0.0001
2017-01-02 06:00:00+00:00;0.00032755;0.0;0;0;0;0.032;0.013;0.013;0.60428859;0.44750426;0.0001;0.001;0.0001
2017-01-02 07:00:00+00:00;0.00042931;0.0;0;0;0;0.13;0.001;0.001;0.58059183;0.41072367;0.0001;0.013;0.0001
2017-01-02 08:00:00+00:00;0.00034228;0.0;0;0;0;0.209;0.0;0.0;0.62857742;0.27121984;0.0001;0.024;0.0001
2017-01-02 09:00:00+00:00;6.501e-05;0.0;0;0;0;0.294;0.0;0.0;0.60772822;0.32641189;0.0001;0.041;0.0001
2017-01-02 10:00:00+00:00;2.078e-05;0.0;0;0;0;0.387;0.002;0.002;0.58930367;0.36535106;0.0001;0.078;0.0001
2017-01-02 11:00:00+00:00;2.152e-05;0.0;0;0;0;0.467;0.002;0.002;0.62330521;0.36298085;0.0001;0.135;0.0001
2017-01-02 12:00:00+00:00;2.113e-05;0.0;0;0;0;0.479;0.001;0.001;0.58628695;0.36704407;0.0001;0.145;0.0001
2017-01-02 13:00:00+00:00;2.102e-05;0.0;0;0;0;0.428;0.0;0.0;0.61284537;0.57151708;0.0001;0.102;0.0001
2017-01-02 14:00:00+00:00;2.041e-05;0.0;0;0;0;0.311;0.003;0.003;0.61965413;0.56143522;0.0001;0.041;0.0001
2017-01-02 15:00:00+00:00;2.214e-05;0.0;0;0;0;0.217;0.01;0.01;0.61345153;0.56630262;0.0001;0.019;0.0001
2017-01-02 16:00:00+00:00;2.396e-05;0.0;0;0;0;0.135;0.015;0.015;0.61081542;0.55121792;0.0001;0.009;0.0001
2017-01-02 17:00:00+00:00;4.822e-05;0.0;0;0;0;0.047;0.02;0.02;0.55148189;0.78179709;0.0001;0.002;0.0001
2017-01-02 18:00:00+00:00;0.00035822;0.0;0;0;0;0.001;0.038;0.038;0.69223868;0.86619353;0.0001;0.0;0.0001
2017-01-02 19:00:00+00:00;0.00037765;0.0;0;0;0;0.0;0.055;0.055;0.80171463;0.87200055;0.0001;0.0;0.0001
2017-01-02 20:00:00+00:00;5.236e-05;0.0;0;0;0;0.0;0.056;0.056;0.76530253;0.86129228;0.0001;0.0;0.0001
2017-01-02 21:00:00+00:00;1.816e-05;0.0;0;0;0;0.0;0.057;0.057;0.69992145;0.8636117;0.0001;0.0;0.0001
2017-01-02 22:00:00+00:00;1.16e-05;0.0;0;0;0;0.0;0.056;0.056;0.62962059;0.58429082;0.0001;0.0;0.0001
2017-01-02 23:00:00+00:00;8.9e-07;0.0;0;0;0;0.0;0.074;0.074;0.66365032;0.23126485;0.0001;0.0;0.0001
2017-01-03 00:00:00+00:00;1.73e-06;0.0;0;0;0;0.0;0.109;0.109;0.6761965;0.23228066;0.0001;0.0;0.0001
2017-01-03 01:00:00+00:00;3.6e-06;0.0;0;0;0;0.0;0.139;0.139;0.66589172;0.25158095;0.0001;0.0;0.0001
2017-01-03 02:00:00+00:00;5.26e-06;0.0;0;0;0;0.0;0.133;0.133;0.63304612;0.25090374;0.0001;0.0;0.0001
2017-01-03 03:00:00+00:00;6.75e-06;0.0;0;0;0;0.0;0.113;0.113;0.61253524;0.25259675;0.0001;0.0;0.0001
2017-01-03 04:00:00+00:00;9.14e-06;0.0;0;0;0;0.0;0.112;0.112;0.61904797;0.25293535;0.0001;0.0;0.0001
2017-01-03 05:00:00+00:00;5e-05;0.0;0;0;0;0.0;0.167;0.167;0.67762028;0.25259675;0.0001;0.0;0.0001
2017-01-03 06:00:00+00:00;0.00032648;0.0;0;0;0;0.033;0.139;0.139;0.66748466;0.24921073;0.0001;0.001;0.0001
2017-01-03 07:00:00+00:00;0.00042718;0.0;0;0;0;0.15;0.048;0.048;0.70009062;0.25327395;0.0001;0.021;0.0001
2017-01-03 08:00:00+00:00;0.00033803;0.0;0;0;0;0.248;0.078;0.078;0.7077029;0.25733717;0.0001;0.041;0.0001
2017-01-03 09:00:00+00:00;6.393e-05;0.0;0;0;0;0.293;0.103;0.103;0.70622273;0.25293535;0.0001;0.04;0.0001
2017-01-03 10:00:00+00:00;1.995e-05;0.0;0;0;0;0.33;0.114;0.114;0.70735048;0.25903018;0.0001;0.042;0.0001
2017-01-03 11:00:00+00:00;2.059e-05;0.0;0;0;0;0.353;0.11;0.11;0.64563458;0.29932376;0.0001;0.044;0.0001
2017-01-03 12:00:00+00:00;2.062e-05;0.0;0;0;0;0.37;0.122;0.122;0.65331735;0.34131035;0.0001;0.05;0.0001
2017-01-03 13:00:00+00:00;2.056e-05;0.0;0;0;0;0.344;0.136;0.136;0.71138217;0.33656993;0.0001;0.043;0.0001
2017-01-03 14:00:00+00:00;2.052e-05;0.0;0;0;0;0.283;0.112;0.112;0.72426667;0.34063315;0.0001;0.028;0.0001
2017-01-03 15:00:00+00:00;2.107e-05;0.0;0;0;0;0.205;0.091;0.091;0.66634282;0.58205605;0.0001;0.016;0.0001
2017-01-03 16:00:00+00:00;2.454e-05;0.0;0;0;0;0.131;0.102;0.102;0.72418209;0.57392961;0.0001;0.008;0.0001
2017-01-03 17:00:00+00:00;4.895e-05;0.0;0;0;0;0.063;0.105;0.105;0.68707925;0.77167291;0.0001;0.003;0.0001
2017-01-03 18:00:00+00:00;0.00036436;0.0;0;0;0;0.004;0.119;0.119;0.77690421;0.89526248;0.0001;0.0;0.0001
2017-01-03 19:00:00+00:00;0.00037979;0.0;0;0;0;0.0;0.195;0.195;0.8835185;0.89424667;0.0001;0.0;0.0001
2017-01-03 20:00:00+00:00;5.357e-05;0.0;0;0;0;0.0;0.253;0.253;0.79434199;0.84379504;0.0001;0.0;0.0001
2017-01-03 21:00:00+00:00;1.815e-05;0.0;0;0;0;0.0;0.269;0.269;0.6921823;0.83939322;0.0001;0.0;0.0001
2017-01-03 22:00:00+00:00;1.154e-05;0.0;0;0;0;0.0;0.228;0.228;0.71033901;0.36941428;0.0001;0.0;0.0001
2017-01-03 23:00:00+00:00;7.1e-07;0.0;0;0;0;0.0;0.223;0.223;0.68879906;0.25733717;0.0001;0.0;0.0001
2017-01-04 00:00:00+00:00;1.32e-06;0.0;0;0;0;0.0;0.236;0.236;0.7032624;0.23803688;0.0001;0.0;0.0001
2017-01-04 01:00:00+00:00;2.91e-06;0.0;0;0;0;0.0;0.274;0.274;0.70089413;0.23498947;0.0001;0.0;0.0001
2017-01-04 02:00:00+00:00;4.12e-06;0.0;0;0;0;0.0;0.31;0.31;0.68947571;0.24616332;0.0001;0.0;0.0001
2017-01-04 03:00:00+00:00;5.5e-06;0.0;0;0;0;0.0;0.334;0.334;0.67911454;0.25225815;0.0001;0.0;0.0001
2017-01-04 04:00:00+00:00;7.37e-06;0.0;0;0;0;0.0;0.352;0.352;0.69295762;0.25090374;0.0001;0.0;0.0001
2017-01-04 05:00:00+00:00;4.817e-05;0.0;0;0;0;0.0;0.347;0.347;0.70839365;0.2204296;0.0001;0.0;0.0001
2017-01-04 06:00:00+00:00;0.00032587;0.0;0;0;0;0.03;0.269;0.269;0.70808352;0.22246121;0.0001;0.001;0.0001
2017-01-04 07:00:00+00:00;0.00043021;0.0;0;0;0;0.119;0.326;0.326;0.70898571;0.25056514;0.0001;0.01;0.0001
2017-01-04 08:00:00+00:00;0.00033352;0.0;0;0;0;0.211;0.634;0.634;0.70735048;0.46557712;0.0001;0.025;0.0001
2017-01-04 09:00:00+00:00;6.193e-05;0.0;0;0;0;0.313;0.699;0.699;0.69099816;0.49740566;0.0001;0.051;0.0001
2017-01-04 10:00:00+00:00;1.817e-05;0.0;0;0;0;0.383;0.677;0.677;0.69536818;0.50925672;0.0001;0.074;0.0001
2017-01-04 11:00:00+00:00;1.751e-05;0.0;0;0;0;0.397;0.57;0.57;0.70011881;0.51298133;0.0001;0.069;0.0001
2017-01-04 12:00:00+00:00;1.883e-05;0.0;0;0;0;0.366;0.431;0.431;0.67241855;0.52347798;0.0001;0.049;0.0001
2017-01-04 13:00:00+00:00;1.85e-05;0.0;0;0;0;0.316;0.278;0.278;0.70833726;0.49706706;0.0001;0.033;0.0001
2017-01-04 14:00:00+00:00;1.825e-05;0.0;0;0;0;0.286;0.169;0.169;0.71255221;0.49537406;0.0001;0.03;0.0001
2017-01-04 15:00:00+00:00;2.02e-05;0.0;0;0;0;0.233;0.117;0.117;0.72900321;0.49977587;0.0001;0.025;0.0001
2017-01-04 16:00:00+00:00;2.253e-05;0.0;0;0;0;0.162;0.117;0.117;0.69156204;0.49876007;0.0001;0.016;0.0001
2017-01-04 17:00:00+00:00;4.819e-05;0.0;0;0;0;0.088;0.156;0.156;0.71541386;0.74153738;0.0001;0.009;0.0001
2017-01-04 18:00:00+00:00;0.0003572;0.0;0;0;0;0.007;0.222;0.222;0.78532002;0.8773166;0.0001;0.0;0.0001
2017-01-04 19:00:00+00:00;0.0003752;0.0;0;0;0;0.0;0.291;0.291;0.89784088;0.88036401;0.0001;0.0;0.0001
2017-01-04 20:00:00+00:00;5.258e-05;0.0;0;0;0;0.0;0.318;0.318;0.82645455;0.878671;0.0001;0.0;0.0001
2017-01-04 21:00:00+00:00;1.674e-05;0.0;0;0;0;0.0;0.294;0.294;0.73755998;0.8783324;0.0001;0.0;0.0001
2017-01-04 22:00:00+00:00;1.03e-05;0.0;0;0;0;0.0;0.208;0.208;0.71642884;0.60271074;0.0001;0.0;0.0001
2017-01-04 23:00:00+00:00;3e-08;0.0;0;0;0;0.0;0.121;0.121;0.71252402;0.44864704;0.0001;0.0;0.0001
2017-01-05 00:00:00+00:00;1.38e-06;0.0;0;0;0;0.0;0.084;0.084;0.5452229;0.22618583;0.0001;0.0;0.0001
2017-01-05 01:00:00+00:00;2.93e-06;0.0;0;0;0;0.0;0.083;0.083;0.51408301;0.22483142;0.0001;0.0;0.0001
2017-01-05 02:00:00+00:00;4.15e-06;0.0;0;0;0;0.0;0.091;0.091;0.51731118;0.22584723;0.0001;0.0;0.0001
2017-01-05 03:00:00+00:00;5.44e-06;0.0;0;0;0;0.0;0.11;0.11;0.48244974;0.2194138;0.0001;0.0;0.0001
2017-01-05 04:00:00+00:00;7.4e-06;0.0;0;0;0;0.0;0.139;0.139;0.48294313;0.21738219;0.0001;0.0;0.0001
2017-01-05 05:00:00+00:00;4.626e-05;0.0;0;0;0;0.0;0.168;0.168;0.51085484;0.2204296;0.0001;0.0;0.0001
2017-01-05 06:00:00+00:00;0.00032718;0.0;0;0;0;0.04;0.132;0.132;0.41853473;0.22178401;0.0001;0.002;0.0001
2017-01-05 07:00:00+00:00;0.00042008;0.0;0;0;0;0.157;0.093;0.093;0.45582083;0.25158095;0.0001;0.027;0.0001
2017-01-05 08:00:00+00:00;0.00034029;0.0;0;0;0;0.257;0.139;0.139;0.52038429;0.24954934;0.0001;0.052;0.0001
2017-01-05 09:00:00+00:00;6.089e-05;0.0;0;0;0;0.325;0.207;0.207;0.53704674;0.25361255;0.0001;0.062;0.0001
2017-01-05 10:00:00+00:00;1.79e-05;0.0;0;0;0;0.363;0.297;0.297;0.54838059;0.24954934;0.0001;0.065;0.0001
2017-01-05 11:00:00+00:00;1.826e-05;0.0;0;0;0;0.451;0.35;0.35;0.56051795;0.25395116;0.0001;0.119;0.0001
2017-01-05 12:00:00+00:00;1.805e-05;0.0;0;0;0;0.441;0.341;0.341;0.54028901;0.24921073;0.0001;0.108;0.0001
2017-01-05 13:00:00+00:00;1.803e-05;0.0;0;0;0;0.408;0.253;0.253;0.53243708;0.20823995;0.0001;0.088;0.0001
2017-01-05 14:00:00+00:00;1.889e-05;0.0;0;0;0;0.33;0.177;0.177;0.55606336;0.20891715;0.0001;0.053;0.0001
2017-01-05 15:00:00+00:00;2.079e-05;0.0;0;0;0;0.236;0.149;0.149;0.55566864;0.42528354;0.0001;0.026;0.0001
2017-01-05 16:00:00+00:00;2.18e-05;0.0;0;0;0;0.139;0.14;0.14;0.61641186;0.42528354;0.0001;0.01;0.0001
2017-01-05 17:00:00+00:00;4.809e-05;0.0;0;0;0;0.051;0.134;0.134;0.58467991;0.73713556;0.0001;0.002;0.0001
2017-01-05 18:00:00+00:00;0.00035869;0.0;0;0;0;0.002;0.149;0.149;0.79300279;0.88510443;0.0001;0.0;0.0001
2017-01-05 19:00:00+00:00;0.00037715;0.0;0;0;0;0.0;0.185;0.185;0.78479844;0.89119926;0.0001;0.0;0.0001
2017-01-05 20:00:00+00:00;5.198e-05;0.0;0;0;0;0.0;0.179;0.179;0.75131848;0.88002541;0.0001;0.0;0.0001
2017-01-05 21:00:00+00:00;1.669e-05;0.0;0;0;0;0.0;0.156;0.156;0.66360803;0.8779938;0.0001;0.0;0.0001
2017-01-05 22:00:00+00:00;1.026e-05;0.0;0;0;0;0.0;0.127;0.127;0.59563314;0.34435777;0.0001;0.0;0.0001
2017-01-05 23:00:00+00:00;6e-08;0.0;0;0;0;0.0;0.101;0.101;0.57242977;0.22720164;0.0001;0.0;0.0001
2017-01-06 00:00:00+00:00;1.73e-06;0.0;0;0;0;0.0;0.08;0.08;0.27263259;0.21331897;0.0001;0.0;0.0001
2017-01-06 01:00:00+00:00;3.72e-06;0.0;0;0;0;0.0;0.074;0.074;0.32178822;0.21298037;0.0001;0.0;0.0001
2017-01-06 02:00:00+00:00;5.4e-06;0.0;0;0;0;0.0;0.078;0.078;0.29888088;0.22381562;0.0001;0.0;0.0001
2017-01-06 03:00:00+00:00;6.84e-06;0.0;0;0;0;0.0;0.085;0.085;0.30490023;0.20891715;0.0001;0.0;0.0001
2017-01-06 04:00:00+00:00;9.43e-06;0.0;0;0;0;0.0;0.11;0.11;0.33907093;0.21230317;0.0001;0.0;0.0001
2017-01-06 05:00:00+00:00;5.01e-05;0.0;0;0;0;0.0;0.123;0.123;0.41544753;0.21196457;0.0001;0.0;0.0001
2017-01-06 06:00:00+00:00;0.00032882;0.0;0;0;0;0.038;0.095;0.095;0.36665842;0.20993296;0.0001;0.002;0.0001
2017-01-06 07:00:00+00:00;0.00043125;0.0;0;0;0;0.155;0.039;0.039;0.42383514;0.25090374;0.0001;0.03;0.0001
2017-01-06 08:00:00+00:00;0.00033568;0.0;0;0;0;0.296;0.039;0.039;0.47972905;0.25293535;0.0001;0.1;0.0001
2017-01-06 09:00:00+00:00;6.347e-05;0.0;0;0;0;0.423;0.054;0.054;0.50661169;0.25564416;0.0001;0.198;0.0001
2017-01-06 10:00:00+00:00;2.075e-05;0.0;0;0;0;0.476;0.079;0.079;0.47287799;0.25530556;0.0001;0.212;0.0001
2017-01-06 11:00:00+00:00;2.199e-05;0.0;0;0;0;0.493;0.059;0.059;0.4795176;0.24616332;0.0001;0.199;0.0001
2017-01-06 12:00:00+00:00;1.993e-05;0.0;0;0;0;0.496;0.034;0.034;0.44107556;0.25869158;0.0001;0.192;0.0001
2017-01-06 13:00:00+00:00;2.124e-05;0.0;0;0;0;0.451;0.014;0.014;0.4901607;0.25564416;0.0001;0.149;0.0001
2017-01-06 14:00:00+00:00;2.109e-05;0.0;0;0;0;0.388;0.004;0.004;0.51598608;0.24684052;0.0001;0.111;0.0001
2017-01-06 15:00:00+00:00;2.17e-05;0.0;0;0;0;0.306;0.001;0.001;0.47972905;0.24582472;0.0001;0.074;0.0001
2017-01-06 16:00:00+00:00;2.386e-05;0.0;0;0;0;0.191;0.0;0.0;0.48146296;0.46727013;0.0001;0.032;0.0001
2017-01-06 17:00:00+00:00;5.011e-05;0.0;0;0;0;0.07;0.0;0.0;0.54408105;0.76185347;0.0001;0.006;0.0001
2017-01-06 18:00:00+00:00;0.0003626;0.0;0;0;0;0.003;0.0;0.0;0.70047123;0.65011496;0.0001;0.0;0.0001
2017-01-06 19:00:00+00:00;0.00037128;0.0;0;0;0;0.0;0.001;0.001;0.6983849;0.88815184;0.0001;0.0;0.0001
2017-01-06 20:00:00+00:00;5.383e-05;0.0;0;0;0;0.0;0.005;0.005;0.60645951;0.88849045;0.0001;0.0;0.0001
2017-01-06 21:00:00+00:00;1.78e-05;0.0;0;0;0;0.0;0.009;0.009;0.49333248;0.85429169;0.0001;0.0;0.0001
2017-01-06 22:00:00+00:00;1.115e-05;0.0;0;0;0;0.0;0.009;0.009;0.37814733;0.33589273;0.0001;0.0;0.0001
2017-01-06 23:00:00+00:00;6.5e-07;0.0;0;0;0;0.0;0.005;0.005;0.43041836;0.20790135;0.0001;0.0;0.0001
2017-01-07 00:00:00+00:00;1.93e-06;0.0;0;0;0;0.0;0.001;0.001;0.3129918;0.18149043;0.0001;0.0;0.0001
2017-01-07 01:00:00+00:00;3.92e-06;0.0;0;0;0;0.0;0.0;0.0;0.28729329;0.18115182;0.0001;0.0;0.0001
2017-01-07 02:00:00+00:00;5.41e-06;0.0;0;0;0;0.0;0.0;0.0;0.2548565;0.18182903;0.0001;0.0;0.0001
2017-01-07 03:00:00+00:00;7e-06;0.0;0;0;0;0.0;0.0;0.0;0.25013406;0.18961686;0.0001;0.0;0.0001
2017-01-07 04:00:00+00:00;8.87e-06;0.0;0;0;0;0.0;0.0;0.0;0.29821833;0.21501198;0.0001;0.0;0.0001
2017-01-07 05:00:00+00:00;4.935e-05;0.0;0;0;0;0.0;0.0;0.0;0.35982146;0.21670499;0.0001;0.0;0.0001
2017-01-07 06:00:00+00:00;0.00032533;0.0;0;0;0;0.021;0.001;0.001;0.39968728;0.2190752;0.0001;0.0;0.0001
2017-01-07 07:00:00+00:00;0.00042857;0.0;0;0;0;0.106;0.017;0.017;0.50403197;0.25293535;0.0001;0.007;0.0001
2017-01-07 08:00:00+00:00;0.00033805;0.0;0;0;0;0.21;0.033;0.033;0.49985932;0.25530556;0.0001;0.021;0.0001
2017-01-07 09:00:00+00:00;6.279e-05;0.0;0;0;0;0.3;0.047;0.047;0.50084609;0.25428976;0.0001;0.04;0.0001
2017-01-07 10:00:00+00:00;2.035e-05;0.0;0;0;0;0.379;0.074;0.074;0.48955454;0.22381562;0.0001;0.064;0.0001
2017-01-07 11:00:00+00:00;2.004e-05;0.0;0;0;0;0.41;0.109;0.109;0.47366741;0.2194138;0.0001;0.069;0.0001
2017-01-07 12:00:00+00:00;2.179e-05;0.0;0;0;0;0.347;0.162;0.162;0.38451909;0.19503449;0.0001;0.037;0.0001
2017-01-07 13:00:00+00:00;2.163e-05;0.0;0;0;0;0.28;0.24;0.24;0.42809238;0.21365757;0.0001;0.02;0.0001
2017-01-07 14:00:00+00:00;2.094e-05;0.0;0;0;0;0.227;0.31;0.31;0.43557779;0.23498947;0.0001;0.013;0.0001
2017-01-07 15:00:00+00:00;2.288e-05;0.0;0;0;0;0.167;0.324;0.324;0.46509654;0.23160346;0.0001;0.008;0.0001
2017-01-07 16:00:00+00:00;2.424e-05;0.0;0;0;0;0.097;0.267;0.267;0.48046208;0.47133335;0.0001;0.004;0.0001
2017-01-07 17:00:00+00:00;4.78e-05;0.0;0;0;0;0.04;0.21;0.21;0.5309851;0.73611975;0.0001;0.001;0.0001
2017-01-07 18:00:00+00:00;0.00036347;0.0;0;0;0;0.001;0.189;0.189;0.72109488;0.89255366;0.0001;0.0;0.0001
2017-01-07 19:00:00+00:00;0.0003765;0.0;0;0;0;0.0;0.207;0.207;0.72808691;0.88442723;0.0001;0.0;0.0001
2017-01-07 20:00:00+00:00;5.43e-05;0.0;0;0;0;0.0;0.209;0.209;0.62221976;0.88578163;0.0001;0.0;0.0001
2017-01-07 21:00:00+00:00;1.787e-05;0.0;0;0;0;0.0;0.221;0.221;0.48587526;0.87189897;0.0001;0.0;0.0001
2017-01-07 22:00:00+00:00;1.146e-05;0.0;0;0;0;0.0;0.225;0.225;0.3844768;0.32336447;0.0001;0.0;0.0001
2017-01-07 23:00:00+00:00;9e-07;0.0;0;0;0;0.0;0.204;0.204;0.40290135;0.20823995;0.0001;0.0;0.0001
2017-01-08 00:00:00+00:00;1.83e-06;0.0;0;0;0;0.0;0.177;0.177;0.38146008;0.1760728;0.0001;0.0;0.0001
2017-01-08 01:00:00+00:00;3.94e-06;0.0;0;0;0;0.0;0.16;0.16;0.39091905;0.1757342;0.0001;0.0;0.0001
2017-01-08 02:00:00+00:00;5.38e-06;0.0;0;0;0;0.0;0.137;0.137;0.38464596;0.19130987;0.0001;0.0;0.0001
2017-01-08 03:00:00+00:00;7.04e-06;0.0;0;0;0;0.0;0.102;0.102;0.37804865;0.18860106;0.0001;0.0;0.0001
2017-01-08 04:00:00+00:00;9.13e-06;0.0;0;0;0;0.0;0.078;0.078;0.36712361;0.19097127;0.0001;0.0;0.0001
2017-01-08 05:00:00+00:00;4.826e-05;0.0;0;0;0;0.0;0.07;0.07;0.37269186;0.19638889;0.0001;0.0;0.0001
2017-01-08 06:00:00+00:00;0.00032091;0.0;0;0;0;0.024;0.053;0.053;0.32600317;0.22754024;0.0001;0.0;0.0001
2017-01-08 07:00:00+00:00;0.00042686;0.0;0;0;0;0.105;0.018;0.018;0.3152332;0.18893966;0.0001;0.007;0.0001
2017-01-08 08:00:00+00:00;0.00033987;0.0;0;0;0;0.181;0.025;0.025;0.31247022;0.17979742;0.0001;0.013;0.0001
2017-01-08 09:00:00+00:00;6.487e-05;0.0;0;0;0;0.233;0.026;0.026;0.32837144;0.18284483;0.0001;0.017;0.0001
2017-01-08 10:00:00+00:00;2.105e-05;0.0;0;0;0;0.267;0.025;0.025;0.32288777;0.15846552;0.0001;0.019;0.0001
2017-01-08 11:00:00+00:00;2.142e-05;0.0;0;0;0;0.296;0.027;0.027;0.40411368;0.15575671;0.0001;0.022;0.0001
2017-01-08 12:00:00+00:00;2.095e-05;0.0;0;0;0;0.307;0.031;0.031;0.40123793;0.13374761;0.0001;0.024;0.0001
2017-01-08 13:00:00+00:00;2.159e-05;0.0;0;0;0;0.302;0.038;0.038;0.43209588;0.12358956;0.0001;0.025;0.0001
2017-01-08 14:00:00+00:00;2.101e-05;0.0;0;0;0;0.281;0.041;0.041;0.40015247;0.11139991;0.0001;0.025;0.0001
2017-01-08 15:00:00+00:00;2.251e-05;0.0;0;0;0;0.223;0.034;0.034;0.40456478;0.1103841;0.0001;0.019;0.0001
2017-01-08 16:00:00+00:00;2.257e-05;0.0;0;0;0;0.154;0.023;0.023;0.367617;0.3948094;0.0001;0.012;0.0001
2017-01-08 17:00:00+00:00;4.805e-05;0.0;0;0;0;0.077;0.016;0.016;0.39059482;0.74187598;0.0001;0.006;0.0001
2017-01-08 18:00:00+00:00;0.00036481;0.0;0;0;0;0.005;0.012;0.012;0.56985005;0.86343393;0.0001;0.0;0.0001
2017-01-08 19:00:00+00:00;0.00037927;0.0;0;0;0;0.0;0.013;0.013;0.53649696;0.88815184;0.0001;0.0;0.0001
2017-01-08 20:00:00+00:00;5.347e-05;0.0;0;0;0;0.0;0.024;0.024;0.57657424;0.85835491;0.0001;0.0;0.0001
2017-01-08 21:00:00+00:00;1.797e-05;0.0;0;0;0;0.0;0.034;0.034;0.50903635;0.85192148;0.0001;0.0;0.0001
2017-01-08 22:00:00+00:00;1.143e-05;0.0;0;0;0;0.0;0.046;0.046;0.42734525;0.32404168;0.0001;0.0;0.0001
2017-01-08 23:00:00+00:00;6.1e-07;0.0;0;0;0;0.0;0.061;0.061;0.42826154;0.20349953;0.0001;0.0;0.0001
2017-01-09 00:00:00+00:00;1.9e-06;0.0;0;0;0;0.0;0.076;0.076;0.30842443;0.16760776;0.0001;0.0;0.0001
2017-01-09 01:00:00+00:00;3.67e-06;0.0;0;0;0;0.0;0.084;0.084;0.25023274;0.16760776;0.0001;0.0;0.0001
2017-01-09 02:00:00+00:00;5.11e-06;0.0;0;0;0;0.0;0.095;0.095;0.21344003;0.16591475;0.0001;0.0;0.0001
2017-01-09 03:00:00+00:00;6.73e-06;0.0;0;0;0;0.0;0.105;0.105;0.2335139;0.18961686;0.0001;0.0;0.0001
2017-01-09 04:00:00+00:00;8.87e-06;0.0;0;0;0;0.0;0.108;0.108;0.2450733;0.19130987;0.0001;0.0;0.0001
2017-01-09 05:00:00+00:00;4.931e-05;0.0;0;0;0;0.0;0.119;0.119;0.30872047;0.19300288;0.0001;0.0;0.0001
2017-01-09 06:00:00+00:00;0.00032525;0.0;0;0;0;0.045;0.106;0.106;0.32555207;0.18995546;0.0001;0.004;0.0001
2017-01-09 07:00:00+00:00;0.00042896;0.0;0;0;0;0.181;0.037;0.037;0.35869371;0.25462836;0.0001;0.059;0.0001
2017-01-09 08:00:00+00:00;0.00033935;0.0;0;0;0;0.32;0.143;0.143;0.42461046;0.25124234;0.0001;0.148;0.0001
2017-01-09 09:00:00+00:00;6.465e-05;0.0;0;0;0;0.45;0.18;0.18;0.45118298;0.25395116;0.0001;0.275;0.0001
2017-01-09 10:00:00+00:00;2.104e-05;0.0;0;0;0;0.558;0.213;0.213;0.4715247;0.36501246;0.0001;0.422;0.0001
2017-01-09 11:00:00+00:00;2.075e-05;0.0;0;0;0;0.607;0.237;0.237;0.45575035;0.36230365;0.0001;0.488;0.0001
2017-01-09 12:00:00+00:00;2.096e-05;0.0;0;0;0;0.614;0.234;0.234;0.42435672;0.34977539;0.0001;0.494;0.0001
2017-01-09 13:00:00+00:00;2.029e-05;0.0;0;0;0;0.574;0.2;0.2;0.41522198;0.39108478;0.0001;0.424;0.0001
2017-01-09 14:00:00+00:00;2.147e-05;0.0;0;0;0;0.453;0.168;0.168;0.466182;0.39074618;0.0001;0.231;0.0001
2017-01-09 15:00:00+00:00;2.254e-05;0.0;0;0;0;0.339;0.131;0.131;0.49846373;0.42934676;0.0001;0.127;0.0001
2017-01-09 16:00:00+00:00;2.354e-05;0.0;0;0;0;0.224;0.104;0.104;0.45252218;0.438489;0.0001;0.065;0.0001
2017-01-09 17:00:00+00:00;4.932e-05;0.0;0;0;0;0.097;0.093;0.093;0.39910931;0.73848996;0.0001;0.017;0.0001
2017-01-09 18:00:00+00:00;0.00035685;0.0;0;0;0;0.005;0.119;0.119;0.67564672;0.88002541;0.0001;0.0;0.0001
2017-01-09 19:00:00+00:00;0.00037709;0.0;0;0;0;0.0;0.179;0.179;0.68669863;0.88273422;0.0001;0.0;0.0001
2017-01-09 20:00:00+00:00;5.258e-05;0.0;0;0;0;0.0;0.248;0.248;0.61228149;0.878671;0.0001;0.0;0.0001
2017-01-09 21:00:00+00:00;1.801e-05;0.0;0;0;0;0.0;0.303;0.303;0.4865801;0.83770022;0.0001;0.0;0.0001
2017-01-09 22:00:00+00:00;1.135e-05;0.0;0;0;0;0.0;0.304;0.304;0.41329071;0.29289033;0.0001;0.0;0.0001
2017-01-09 23:00:00+00:00;4.5e-07;0.0;0;0;0;0.0;0.274;0.274;0.3871693;0.17031657;0.0001;0.0;0.0001
2017-01-10 00:00:00+00:00;1.73e-06;0.0;0;0;0;0.0;0.216;0.216;0.29102895;0.14729167;0.0001;0.0;0.0001
2017-01-10 01:00:00+00:00;3.89e-06;0.0;0;0;0;0.0;0.162;0.162;0.24618695;0.14898468;0.0001;0.0;0.0001
2017-01-10 02:00:00+00:00;5.12e-06;0.0;0;0;0;0.0;0.132;0.132;0.22585933;0.14763027;0.0001;0.0;0.0001
2017-01-10 03:00:00+00:00;6.7e-06;0.0;0;0;0;0.0;0.124;0.124;0.2197695;0.15000048;0.0001;0.0;0.0001
2017-01-10 04:00:00+00:00;8.89e-06;0.0;0;0;0;0.0;0.126;0.126;0.24254997;0.18352204;0.0001;0.0;0.0001
2017-01-10 05:00:00+00:00;5.01e-05;0.0;0;0;0;0.0;0.128;0.128;0.24377639;0.17776581;0.0001;0.0;0.0001
2017-01-10 06:00:00+00:00;0.00032081;0.0;0;0;0;0.029;0.102;0.102;0.30498481;0.18453784;0.0001;0.001;0.0001
2017-01-10 07:00:00+00:00;0.00042552;0.0;0;0;0;0.144;0.022;0.022;0.331219;0.18216763;0.0001;0.019;0.0001
2017-01-10 08:00:00+00:00;0.00034465;0.0;0;0;0;0.287;0.088;0.088;0.41127487;0.18149043;0.0001;0.071;0.0001
2017-01-10 09:00:00+00:00;6.45e-05;0.0;0;0;0;0.399;0.119;0.119;0.41502462;0.18352204;0.0001;0.126;0.0001
2017-01-10 10:00:00+00:00;2.069e-05;0.0;0;0;0;0.424;0.118;0.118;0.45790716;0.18216763;0.0001;0.107;0.0001
2017-01-10 11:00:00+00:00;2.122e-05;0.0;0;0;0;0.416;0.104;0.104;0.43562008;0.16219014;0.0001;0.078;0.0001
2017-01-10 12:00:00+00:00;2.203e-05;0.0;0;0;0;0.365;0.091;0.091;0.43222275;0.16794637;0.0001;0.046;0.0001
2017-01-10 13:00:00+00:00;2.109e-05;0.0;0;0;0;0.317;0.09;0.09;0.43741038;0.16083573;0.0001;0.031;0.0001
2017-01-10 14:00:00+00:00;2.116e-05;0.0;0;0;0;0.236;0.089;0.089;0.46591416;0.15880412;0.0001;0.015;0.0001
2017-01-10 15:00:00+00:00;2.197e-05;0.0;0;0;0;0.148;0.072;0.072;0.46496967;0.37821792;0.0001;0.006;0.0001
2017-01-10 16:00:00+00:00;2.368e-05;0.0;0;0;0;0.096;0.063;0.063;0.4630948;0.37618631;0.0001;0.004;0.0001
2017-01-10 17:00:00+00:00;4.88e-05;0.0;0;0;0;0.043;0.064;0.064;0.42723247;0.71140184;0.0001;0.001;0.0001
2017-01-10 18:00:00+00:00;0.00035763;0.0;0;0;0;0.001;0.085;0.085;0.68971535;0.87325338;0.0001;0.0;0.0001
2017-01-10 19:00:00+00:00;0.00037489;0.0;0;0;0;0.0;0.14;0.14;0.68616295;0.87393058;0.0001;0.0;0.0001
2017-01-10 20:00:00+00:00;5.442e-05;0.0;0;0;0;0.0;0.188;0.188;0.63276418;0.83600721;0.0001;0.0;0.0001
2017-01-10 21:00:00+00:00;1.793e-05;0.0;0;0;0;0.0;0.204;0.204;0.55710652;0.8349914;0.0001;0.0;0.0001
2017-01-10 22:00:00+00:00;1.117e-05;0.0;0;0;0;0.0;0.208;0.208;0.50494827;0.27189704;0.0001;0.0;0.0001
2017-01-10 23:00:00+00:00;5.6e-07;0.0;0;0;0;0.0;0.204;0.204;0.44943497;0.15541811;0.0001;0.0;0.0001
2017-01-11 00:00:00+00:00;1.36e-06;0.0;0;0;0;0.0;0.163;0.163;0.21449729;0.13713363;0.0001;0.0;0.0001
2017-01-11 01:00:00+00:00;2.87e-06;0.0;0;0;0;0.0;0.142;0.142;0.17387024;0.14119684;0.0001;0.0;0.0001
2017-01-11 02:00:00+00:00;4.11e-06;0.0;0;0;0;0.0;0.134;0.134;0.16032319;0.17742721;0.0001;0.0;0.0001
2017-01-11 03:00:00+00:00;5.42e-06;0.0;0;0;0;0.0;0.134;0.134;0.16317075;0.16693056;0.0001;0.0;0.0001
2017-01-11 04:00:00+00:00;7.31e-06;0.0;0;0;0;0.0;0.145;0.145;0.16341039;0.17302539;0.0001;0.0;0.0001
2017-01-11 05:00:00+00:00;4.759e-05;0.0;0;0;0;0.0;0.166;0.166;0.15840602;0.17878161;0.0001;0.0;0.0001
2017-01-11 06:00:00+00:00;0.0003276;0.0;0;0;0;0.023;0.15;0.15;0.24983803;0.17404119;0.0001;0.0;0.0001
2017-01-11 07:00:00+00:00;0.00042572;0.0;0;0;0;0.12;0.068;0.068;0.23629098;0.23160346;0.0001;0.012;0.0001
2017-01-11 08:00:00+00:00;0.00033266;0.0;0;0;0;0.261;0.171;0.171;0.23058177;0.23363506;0.0001;0.055;0.0001
2017-01-11 09:00:00+00:00;6.009e-05;0.0;0;0;0;0.377;0.319;0.319;0.22838266;0.23972989;0.0001;0.113;0.0001
2017-01-11 10:00:00+00:00;1.833e-05;0.0;0;0;0;0.459;0.372;0.372;0.20391057;0.17404119;0.0001;0.165;0.0001
2017-01-11 11:00:00+00:00;1.872e-05;0.0;0;0;0;0.507;0.375;0.375;0.19713;0.17945882;0.0001;0.199;0.0001
2017-01-11 12:00:00+00:00;1.887e-05;0.0;0;0;0;0.51;0.334;0.334;0.20240221;0.14932328;0.0001;0.198;0.0001
2017-01-11 13:00:00+00:00;1.823e-05;0.0;0;0;0;0.484;0.28;0.28;0.24016761;0.15677251;0.0001;0.181;0.0001
2017-01-11 14:00:00+00:00;1.799e-05;0.0;0;0;0;0.427;0.233;0.233;0.2819224;0.15541811;0.0001;0.148;0.0001
2017-01-11 15:00:00+00:00;1.976e-05;0.0;0;0;0;0.333;0.182;0.182;0.28402283;0.34469637;0.0001;0.097;0.0001
2017-01-11 16:00:00+00:00;2.174e-05;0.0;0;0;0;0.213;0.149;0.149;0.25167061;0.35722463;0.0001;0.045;0.0001
2017-01-11 17:00:00+00:00;4.651e-05;0.0;0;0;0;0.098;0.146;0.146;0.27421144;0.69142435;0.0001;0.015;0.0001
2017-01-11 18:00:00+00:00;0.00035991;0.0;0;0;0;0.005;0.169;0.169;0.53727229;0.86106372;0.0001;0.0;0.0001
2017-01-11 19:00:00+00:00;0.00037139;0.0;0;0;0;0.0;0.212;0.212;0.56992053;0.86648134;0.0001;0.0;0.0001
2017-01-11 20:00:00+00:00;5.163e-05;0.0;0;0;0;0.0;0.253;0.253;0.46802868;0.82889658;0.0001;0.0;0.0001
2017-01-11 21:00:00+00:00;1.67e-05;0.0;0;0;0;0.0;0.291;0.291;0.40810308;0.79943824;0.0001;0.0;0.0001
2017-01-11 22:00:00+00:00;1.026e-05;0.0;0;0;0;0.0;0.283;0.283;0.32921725;0.26986543;0.0001;0.0;0.0001
2017-01-11 23:00:00+00:00;6e-08;0.0;0;0;0;0.0;0.254;0.254;0.28388186;0.14187405;0.0001;0.0;0.0001
2017-01-12 00:00:00+00:00;1.31e-06;0.0;0;0;0;0.0;0.21;0.21;0.49196509;0.1544023;0.0001;0.0;0.0001
2017-01-12 01:00:00+00:00;2.94e-06;0.0;0;0;0;0.0;0.194;0.194;0.49221884;0.15507951;0.0001;0.0;0.0001
2017-01-12 02:00:00+00:00;4.16e-06;0.0;0;0;0;0.0;0.179;0.179;0.47110179;0.18115182;0.0001;0.0;0.0001
2017-01-12 03:00:00+00:00;5.43e-06;0.0;0;0;0;0.0;0.179;0.179;0.47008682;0.18013602;0.0001;0.0;0.0001
2017-01-12 04:00:00+00:00;7.4e-06;0.0;0;0;0;0.0;0.17;0.17;0.49378358;0.18081322;0.0001;0.0;0.0001
2017-01-12 05:00:00+00:00;4.691e-05;0.0;0;0;0;0.0;0.169;0.169;0.43786148;0.21399617;0.0001;0.0;0.0001
2017-01-12 06:00:00+00:00;0.00032688;0.0;0;0;0;0.037;0.121;0.121;0.55659903;0.21331897;0.0001;0.002;0.0001
2017-01-12 07:00:00+00:00;0.00042214;0.0;0;0;0;0.163;0.122;0.122;0.59996087;0.24277731;0.0001;0.039;0.0001
2017-01-12 08:00:00+00:00;0.00032964;0.0;0;0;0;0.299;0.303;0.303;0.67542117;0.24345451;0.0001;0.109;0.0001
2017-01-12 09:00:00+00:00;6.273e-05;0.0;0;0;0;0.42;0.341;0.341;0.65881511;0.21738219;0.0001;0.201;0.0001
2017-01-12 10:00:00+00:00;1.813e-05;0.0;0;0;0;0.515;0.339;0.339;0.67987577;0.20586974;0.0001;0.296;0.0001
2017-01-12 11:00:00+00:00;1.865e-05;0.0;0;0;0;0.561;0.315;0.315;0.67233397;0.18656945;0.0001;0.342;0.0001
2017-01-12 12:00:00+00:00;1.926e-05;0.0;0;0;0;0.572;0.283;0.283;0.62509551;0.19469589;0.0001;0.359;0.0001
2017-01-12 13:00:00+00:00;1.83e-05;0.0;0;0;0;0.559;0.258;0.258;0.63637297;0.19198707;0.0001;0.366;0.0001
2017-01-12 14:00:00+00:00;1.907e-05;0.0;0;0;0;0.476;0.229;0.229;0.64784778;0.19469589;0.0001;0.269;0.0001
2017-01-12 15:00:00+00:00;1.933e-05;0.0;0;0;0;0.38;0.182;0.182;0.65272529;0.18149043;0.0001;0.19;0.0001
2017-01-12 16:00:00+00:00;2.176e-05;0.0;0;0;0;0.248;0.119;0.119;0.63961524;0.38600576;0.0001;0.095;0.0001
2017-01-12 17:00:00+00:00;4.673e-05;0.0;0;0;0;0.106;0.077;0.077;0.5975926;0.70632282;0.0001;0.023;0.0001
2017-01-12 18:00:00+00:00;0.00036038;0.0;0;0;0;0.005;0.071;0.071;0.79608999;0.86174092;0.0001;0.0;0.0001
2017-01-12 19:00:00+00:00;0.00037857;0.0;0;0;0;0.0;0.089;0.089;0.81216037;0.86444974;0.0001;0.0;0.0001
2017-01-12 20:00:00+00:00;5.21e-05;0.0;0;0;0;0.0;0.128;0.128;0.74655375;0.8346528;0.0001;0.0;0.0001
2017-01-12 21:00:00+00:00;1.678e-05;0.0;0;0;0;0.0;0.144;0.144;0.6251096;0.82855797;0.0001;0.0;0.0001
2017-01-12 22:00:00+00:00;1.036e-05;0.0;0;0;0;0.0;0.143;0.143;0.59745163;0.30406418;0.0001;0.0;0.0001
2017-01-12 23:00:00+00:00;2e-08;0.0;0;0;0;0.0;0.156;0.156;0.59038912;0.15203209;0.0001;0.0;0.0001
2017-01-13 00:00:00+00:00;1.77e-06;0.0;0;0;0;0.0;0.164;0.164;0.69385982;0.24954934;0.0001;0.0;0.0001
2017-01-13 01:00:00+00:00;3.91e-06;0.0;0;0;0;0.0;0.169;0.169;0.71855746;0.24887213;0.0001;0.0;0.0001
2017-01-13 02:00:00+00:00;5.31e-06;0.0;0;0;0;0.0;0.166;0.166;0.69448008;0.25395116;0.0001;0.0;0.0001
2017-01-13 03:00:00+00:00;6.62e-06;0.0;0;0;0;0.0;0.151;0.151;0.67329255;0.25395116;0.0001;0.0;0.0001
2017-01-13 04:00:00+00:00;8.88e-06;0.0;0;0;0;0.0;0.125;0.125;0.6788326;0.22584723;0.0001;0.0;0.0001
2017-01-13 05:00:00+00:00;4.891e-05;0.0;0;0;0;0.0;0.094;0.094;0.68589511;0.220091;0.0001;0.0;0.0001
2017-01-13 06:00:00+00:00;0.00032228;0.0;0;0;0;0.05;0.069;0.069;0.70065449;0.19368008;0.0001;0.007;0.0001
2017-01-13 07:00:00+00:00;0.0004306;0.0;0;0;0;0.219;0.055;0.055;0.7298913;0.22618583;0.0001;0.134;0.0001
2017-01-13 08:00:00+00:00;0.00033796;0.0;0;0;0;0.385;0.087;0.087;0.72092572;0.22889464;0.0001;0.296;0.0001
2017-01-13 09:00:00+00:00;6.274e-05;0.0;0;0;0;0.515;0.1;0.1;0.69091358;0.43442578;0.0001;0.434;0.0001
2017-01-13 10:00:00+00:00;2.055e-05;0.0;0;0;0;0.555;0.12;0.12;0.71738742;0.50180748;0.0001;0.402;0.0001
2017-01-13 11:00:00+00:00;2.153e-05;0.0;0;0;0;0.523;0.137;0.137;0.67117803;0.52923421;0.0001;0.263;0.0001
2017-01-13 12:00:00+00:00;2.142e-05;0.0;0;0;0;0.502;0.106;0.106;0.71245353;0.52855701;0.0001;0.205;0.0001
2017-01-13 13:00:00+00:00;2.164e-05;0.0;0;0;0;0.428;0.061;0.061;0.71142446;0.5258482;0.0001;0.123;0.0001
2017-01-13 14:00:00+00:00;2.142e-05;0.0;0;0;0;0.356;0.034;0.034;0.72821378;0.52246218;0.0001;0.081;0.0001
2017-01-13 15:00:00+00:00;2.218e-05;0.0;0;0;0;0.281;0.018;0.018;0.73512122;0.526864;0.0001;0.056;0.0001
2017-01-13 16:00:00+00:00;2.35e-05;0.0;0;0;0;0.176;0.007;0.007;0.7325838;0.52855701;0.0001;0.026;0.0001
2017-01-13 17:00:00+00:00;4.9e-05;0.0;0;0;0;0.076;0.003;0.003;0.72642348;0.78420117;0.0001;0.008;0.0001
2017-01-13 18:00:00+00:00;0.00036091;0.0;0;0;0;0.003;0.006;0.006;0.76129903;0.90542052;0.0001;0.0;0.0001
2017-01-13 19:00:00+00:00;0.00037558;0.0;0;0;0;0.0;0.023;0.023;0.89793955;0.88815184;0.0001;0.0;0.0001
2017-01-13 20:00:00+00:00;5.344e-05;0.0;0;0;0;0.0;0.046;0.046;0.84279278;0.87156037;0.0001;0.0;0.0001
2017-01-13 21:00:00+00:00;1.787e-05;0.0;0;0;0;0.0;0.051;0.051;0.75137486;0.87460778;0.0001;0.0;0.0001
2017-01-13 22:00:00+00:00;1.121e-05;0.0;0;0;0;0.0;0.029;0.029;0.72077066;0.59052109;0.0001;0.0;0.0001
2017-01-13 23:00:00+00:00;3.9e-07;0.0;0;0;0;0.0;0.008;0.008;0.73176618;0.40192003;0.0001;0.0;0.0001
2017-01-14 00:00:00+00:00;2.05e-06;0.0;0;0;0;0.0;0.007;0.007;0.70751964;0.41038507;0.0001;0.0;0.0001
2017-01-14 01:00:00+00:00;3.92e-06;0.0;0;0;0;0.0;0.017;0.017;0.66931725;0.40936926;0.0001;0.0;0.0001
2017-01-14 02:00:00+00:00;5.4e-06;0.0;0;0;0;0.0;0.029;0.029;0.64886275;0.40936926;0.0001;0.0;0.0001
2017-01-14 03:00:00+00:00;6.89e-06;0.0;0;0;0;0.0;0.051;0.051;0.64429538;0.40666045;0.0001;0.0;0.0001
2017-01-14 04:00:00+00:00;9.05e-06;0.0;0;0;0;0.0;0.081;0.081;0.65474113;0.40632185;0.0001;0.0;0.0001
2017-01-14 05:00:00+00:00;4.8e-05;0.0;0;0;0;0.0;0.101;0.101;0.65478342;0.41004647;0.0001;0.0;0.0001
2017-01-14 06:00:00+00:00;0.00032356;0.0;0;0;0;0.029;0.088;0.088;0.66803444;0.41377108;0.0001;0.001;0.0001
2017-01-14 07:00:00+00:00;0.00042429;0.0;0;0;0;0.115;0.028;0.028;0.7307935;0.40496744;0.0001;0.009;0.0001
2017-01-14 08:00:00+00:00;0.0003405;0.0;0;0;0;0.18;0.01;0.01;0.68767131;0.41275528;0.0001;0.014;0.0001
2017-01-14 09:00:00+00:00;6.287e-05;0.0;0;0;0;0.256;0.005;0.005;0.690392;0.48623181;0.0001;0.024;0.0001
2017-01-14 10:00:00+00:00;2.015e-05;0.0;0;0;0;0.329;0.002;0.002;0.71669668;0.53058861;0.0001;0.039;0.0001
2017-01-14 11:00:00+00:00;2.16e-05;0.0;0;0;0;0.412;0.001;0.001;0.67873393;0.52483239;0.0001;0.072;0.0001
2017-01-14 12:00:00+00:00;2.198e-05;0.0;0;0;0;0.422;0.0;0.0;0.63478003;0.53939226;0.0001;0.076;0.0001
2017-01-14 13:00:00+00:00;2.028e-05;0.0;0;0;0;0.371;0.0;0.0;0.69505805;0.52043057;0.0001;0.053;0.0001
2017-01-14 14:00:00+00:00;2.04e-05;0.0;0;0;0;0.301;0.0;0.0;0.70873197;0.52449379;0.0001;0.033;0.0001
2017-01-14 15:00:00+00:00;2.211e-05;0.0;0;0;0;0.211;0.0;0.0;0.70873197;0.51535155;0.0001;0.016;0.0001
2017-01-14 16:00:00+00:00;2.452e-05;0.0;0;0;0;0.136;0.0;0.0;0.71820504;0.50857951;0.0001;0.009;0.0001
2017-01-14 17:00:00+00:00;4.942e-05;0.0;0;0;0;0.049;0.0;0.0;0.72839704;0.746955;0.0001;0.002;0.0001
2017-01-14 18:00:00+00:00;0.00036201;0.0;0;0;0;0.001;0.0;0.0;0.7592268;0.89830989;0.0001;0.0;0.0001
2017-01-14 19:00:00+00:00;0.00037796;0.0;0;0;0;0.0;0.001;0.001;0.88467444;0.90542052;0.0001;0.0;0.0001
2017-01-14 20:00:00+00:00;5.377e-05;0.0;0;0;0;0.0;0.004;0.004;0.83057083;0.8993257;0.0001;0.0;0.0001
2017-01-14 21:00:00+00:00;1.786e-05;0.0;0;0;0;0.0;0.005;0.005;0.7321186;0.8573391;0.0001;0.0;0.0001
2017-01-14 22:00:00+00:00;1.128e-05;0.0;0;0;0;0.0;0.009;0.009;0.74064718;0.57663842;0.0001;0.0;0.0001
2017-01-14 23:00:00+00:00;6.4e-07;0.0;0;0;0;0.0;0.02;0.02;0.73691152;0.43611879;0.0001;0.0;0.0001
2017-01-15 00:00:00+00:00;1.76e-06;0.0;0;0;0;0.0;0.033;0.033;0.71812046;0.43408718;0.0001;0.0;0.0001
2017-01-15 01:00:00+00:00;3.62e-06;0.0;0;0;0;0.0;0.031;0.031;0.69462105;0.43781179;0.0001;0.0;0.0001
2017-01-15 02:00:00+00:00;5.25e-06;0.0;0;0;0;0.0;0.011;0.011;0.66377719;0.4391662;0.0001;0.0;0.0001
2017-01-15 03:00:00+00:00;6.61e-06;0.0;0;0;0;0.0;0.005;0.005;0.65517813;0.4388276;0.0001;0.0;0.0001
2017-01-15 04:00:00+00:00;9.07e-06;0.0;0;0;0;0.0;0.025;0.025;0.66928905;0.46930174;0.0001;0.0;0.0001
2017-01-15 05:00:00+00:00;4.978e-05;0.0;0;0;0;0.0;0.048;0.048;0.64839756;0.46659292;0.0001;0.0;0.0001
2017-01-15 06:00:00+00:00;0.0003264;0.0;0;0;0;0.033;0.072;0.072;0.68723431;0.47031754;0.0001;0.001;0.0001
2017-01-15 07:00:00+00:00;0.00042594;0.0;0;0;0;0.149;0.102;0.102;0.73537497;0.50282329;0.0001;0.024;0.0001
2017-01-15 08:00:00+00:00;0.00033016;0.0;0;0;0;0.266;0.184;0.184;0.73723575;0.5051935;0.0001;0.06;0.0001
2017-01-15 09:00:00+00:00;6.286e-05;0.0;0;0;0;0.355;0.439;0.439;0.71274956;0.51704455;0.0001;0.089;0.0001
2017-01-15 10:00:00+00:00;2.14e-05;0.0;0;0;0;0.426;0.577;0.577;0.72296976;0.51501295;0.0001;0.12;0.0001
2017-01-15 11:00:00+00:00;2.297e-05;0.0;0;0;0;0.463;0.467;0.467;0.71458215;0.51975337;0.0001;0.135;0.0001
2017-01-15 12:00:00+00:00;2.166e-05;0.0;0;0;0;0.46;0.325;0.325;0.72404112;0.49876007;0.0001;0.125;0.0001
2017-01-15 13:00:00+00:00;2.116e-05;0.0;0;0;0;0.418;0.228;0.228;0.71046588;0.48216859;0.0001;0.097;0.0001
2017-01-15 14:00:00+00:00;2.073e-05;0.0;0;0;0;0.37;0.162;0.162;0.67934009;0.48216859;0.0001;0.082;0.0001
2017-01-15 15:00:00+00:00;2.119e-05;0.0;0;0;0;0.305;0.132;0.132;0.6917171;0.47438076;0.0001;0.068;0.0001
2017-01-15 16:00:00+00:00;2.356e-05;0.0;0;0;0;0.215;0.125;0.125;0.70880245;0.45880509;0.0001;0.046;0.0001
2017-01-15 17:00:00+00:00;4.905e-05;0.0;0;0;0;0.1;0.124;0.124;0.72397064;0.74797081;0.0001;0.016;0.0001
2017-01-15 18:00:00+00:00;0.00036214;0.0;0;0;0;0.005;0.146;0.146;0.79470851;0.89289227;0.0001;0.0;0.0001
2017-01-15 19:00:00+00:00;0.00037853;0.0;0;0;0;0.0;0.216;0.216;0.90944256;0.88781324;0.0001;0.0;0.0001
2017-01-15 20:00:00+00:00;5.416e-05;0.0;0;0;0;0.0;0.233;0.233;0.82841401;0.88950625;0.0001;0.0;0.0001
2017-01-15 21:00:00+00:00;1.785e-05;0.0;0;0;0;0.0;0.207;0.207;0.74628591;0.88679744;0.0001;0.0;0.0001
2017-01-15 22:00:00+00:00;1.137e-05;0.0;0;0;0;0.0;0.17;0.17;0.73010276;0.59695452;0.0001;0.0;0.0001
2017-01-15 23:00:00+00:00;6.4e-07;0.0;0;0;0;0.0;0.166;0.166;0.71183327;0.42359053;0.0001;0.0;0.0001
2017-01-16 00:00:00+00:00;1.76e-06;0.0;0;0;0;0.0;0.162;0.162;0.6965946;0.4178343;0.0001;0.0;0.0001
2017-01-16 01:00:00+00:00;3.51e-06;0.0;0;0;0;0.0;0.159;0.159;0.67632337;0.41986591;0.0001;0.0;0.0001
2017-01-16 02:00:00+00:00;5.11e-06;0.0;0;0;0;0.0;0.163;0.163;0.66443975;0.438489;0.0001;0.0;0.0001
2017-01-16 03:00:00+00:00;6.89e-06;0.0;0;0;0;0.0;0.173;0.173;0.63275008;0.43578018;0.0001;0.0;0.0001
2017-01-16 04:00:00+00:00;9.04e-06;0.0;0;0;0;0.0;0.185;0.185;0.62479947;0.46794733;0.0001;0.0;0.0001
2017-01-16 05:00:00+00:00;5.08e-05;0.0;0;0;0;0.0;0.214;0.214;0.62299508;0.46456131;0.0001;0.0;0.0001
2017-01-16 06:00:00+00:00;0.00032317;0.0;0;0;0;0.044;0.189;0.189;0.62760474;0.45914369;0.0001;0.004;0.0001
2017-01-16 07:00:00+00:00;0.00042174;0.0;0;0;0;0.199;0.127;0.127;0.66790757;0.47234915;0.0001;0.095;0.0001
2017-01-16 08:00:00+00:00;0.00033633;0.0;0;0;0;0.354;0.431;0.431;0.66412962;0.47438076;0.0001;0.229;0.0001
2017-01-16 09:00:00+00:00;6.677e-05;0.0;0;0;0;0.488;0.621;0.621;0.63659852;0.47133335;0.0001;0.377;0.0001
2017-01-16 10:00:00+00:00;2.101e-05;0.0;0;0;0;0.596;0.686;0.686;0.63152366;0.53939226;0.0001;0.53;0.0001
2017-01-16 11:00:00+00:00;2.073e-05;0.0;0;0;0;0.625;0.711;0.711;0.63139679;0.5481959;0.0001;0.537;0.0001
2017-01-16 12:00:00+00:00;2.103e-05;0.0;0;0;0;0.602;0.708;0.708;0.65795521;0.54108526;0.0001;0.46;0.0001
2017-01-16 13:00:00+00:00;2.101e-05;0.0;0;0;0;0.566;0.657;0.657;0.71854336;0.54413268;0.0001;0.407;0.0001
2017-01-16 14:00:00+00:00;2.085e-05;0.0;0;0;0;0.508;0.567;0.567;0.72578913;0.54480988;0.0001;0.353;0.0001
2017-01-16 15:00:00+00:00;2.23e-05;0.0;0;0;0;0.396;0.481;0.481;0.73867363;0.5481959;0.0001;0.234;0.0001
2017-01-16 16:00:00+00:00;2.372e-05;0.0;0;0;0;0.246;0.436;0.436;0.73995644;0.54650289;0.0001;0.099;0.0001
2017-01-16 17:00:00+00:00;4.766e-05;0.0;0;0;0;0.103;0.409;0.409;0.73595294;0.76997991;0.0001;0.024;0.0001
2017-01-16 18:00:00+00:00;0.00035669;0.0;0;0;0;0.005;0.329;0.329;0.79066272;0.88544303;0.0001;0.0;0.0001
2017-01-16 19:00:00+00:00;0.00038351;0.0;0;0;0;0.0;0.269;0.269;0.77973768;0.87562359;0.0001;0.0;0.0001
2017-01-16 20:00:00+00:00;5.365e-05;0.0;0;0;0;0.0;0.241;0.241;0.77153333;0.8773166;0.0001;0.0;0.0001
2017-01-16 21:00:00+00:00;1.784e-05;0.0;0;0;0;0.0;0.262;0.262;0.74449562;0.88578163;0.0001;0.0;0.0001
2017-01-16 22:00:00+00:00;1.175e-05;0.0;0;0;0;0.0;0.273;0.273;0.74001282;0.61253019;0.0001;0.0;0.0001
2017-01-16 23:00:00+00:00;8.5e-07;0.0;0;0;0;0.0;0.285;0.285;0.70426328;0.43679599;0.0001;0.0;0.0001
2017-01-17 00:00:00+00:00;1.73e-06;0.0;0;0;0;0.0;0.295;0.295;0.66883796;0.43679599;0.0001;0.0;0.0001
2017-01-17 01:00:00+00:00;3.78e-06;0.0;0;0;0;0.0;0.305;0.305;0.66976835;0.43781179;0.0001;0.0;0.0001
2017-01-17 02:00:00+00:00;5.3e-06;0.0;0;0;0;0.0;0.32;0.32;0.66807673;0.43340997;0.0001;0.0;0.0001
2017-01-17 03:00:00+00:00;6.76e-06;0.0;0;0;0;0.0;0.338;0.338;0.64387248;0.4395048;0.0001;0.0;0.0001
2017-01-17 04:00:00+00:00;9.16e-06;0.0;0;0;0;0.0;0.328;0.328;0.62138804;0.44119781;0.0001;0.0;0.0001
2017-01-17 05:00:00+00:00;4.884e-05;0.0;0;0;0;0.0;0.296;0.296;0.61985149;0.41952731;0.0001;0.0;0.0001
2017-01-17 06:00:00+00:00;0.00032092;0.0;0;0;0;0.031;0.221;0.221;0.55511887;0.40496744;0.0001;0.001;0.0001
2017-01-17 07:00:00+00:00;0.000433;0.0;0;0;0;0.144;0.139;0.139;0.55196118;0.4608367;0.0001;0.021;0.0001
2017-01-17 08:00:00+00:00;0.0003351;0.0;0;0;0;0.268;0.223;0.223;0.5975785;0.45948229;0.0001;0.063;0.0001
2017-01-17 09:00:00+00:00;6.364e-05;0.0;0;0;0;0.387;0.291;0.291;0.53067497;0.46422271;0.0001;0.128;0.0001
2017-01-17 10:00:00+00:00;2.046e-05;0.0;0;0;0;0.46;0.356;0.356;0.60299168;0.46456131;0.0001;0.17;0.0001
2017-01-17 11:00:00+00:00;2.077e-05;0.0;0;0;0;0.504;0.333;0.333;0.65720808;0.45304886;0.0001;0.2;0.0001
2017-01-17 12:00:00+00:00;2.097e-05;0.0;0;0;0;0.528;0.268;0.268;0.58345349;0.22957185;0.0001;0.231;0.0001
2017-01-17 13:00:00+00:00;2.004e-05;0.0;0;0;0;0.506;0.195;0.195;0.55234179;0.220091;0.0001;0.221;0.0001
2017-01-17 14:00:00+00:00;2.062e-05;0.0;0;0;0;0.441;0.121;0.121;0.57179541;0.27088123;0.0001;0.17;0.0001
2017-01-17 15:00:00+00:00;2.264e-05;0.0;0;0;0;0.307;0.055;0.055;0.49657475;0.4168185;0.0001;0.07;0.0001
2017-01-17 16:00:00+00:00;2.398e-05;0.0;0;0;0;0.148;0.016;0.016;0.57114696;0.39684101;0.0001;0.014;0.0001
2017-01-17 17:00:00+00:00;4.885e-05;0.0;0;0;0;0.042;0.007;0.007;0.628225;0.67280126;0.0001;0.002;0.0001
2017-01-17 18:00:00+00:00;0.00036379;0.0;0;0;0;0.001;0.005;0.005;0.67394101;0.78081515;0.0001;0.0;0.0001
2017-01-17 19:00:00+00:00;0.0003767;0.0;0;0;0;0.0;0.011;0.011;0.77115271;0.82144734;0.0001;0.0;0.0001
2017-01-17 20:00:00+00:00;5.327e-05;0.0;0;0;0;0.0;0.052;0.052;0.77378882;0.88104121;0.0001;0.0;0.0001
2017-01-17 21:00:00+00:00;1.817e-05;0.0;0;0;0;0.0;0.139;0.139;0.78393853;0.89018345;0.0001;0.0;0.0001
2017-01-17 22:00:00+00:00;1.136e-05;0.0;0;0;0;0.0;0.28;0.28;0.70763242;0.57426822;0.0001;0.0;0.0001
2017-01-17 23:00:00+00:00;6.5e-07;0.0;0;0;0;0.0;0.482;0.482;0.68803783;0.39210059;0.0001;0.0;0.0001
2017-01-18 00:00:00+00:00;1.36e-06;0.0;0;0;0;0.0;0.577;0.577;0.62670255;0.39176198;0.0001;0.0;0.0001
2017-01-18 01:00:00+00:00;2.92e-06;0.0;0;0;0;0.0;0.584;0.584;0.57048441;0.39006897;0.0001;0.0;0.0001
2017-01-18 02:00:00+00:00;4.14e-06;0.0;0;0;0;0.0;0.498;0.498;0.54646342;0.39108478;0.0001;0.0;0.0001
2017-01-18 03:00:00+00:00;5.5e-06;0.0;0;0;0;0.0;0.442;0.442;0.54207931;0.38837597;0.0001;0.0;0.0001
2017-01-18 04:00:00+00:00;7.44e-06;0.0;0;0;0;0.0;0.455;0.455;0.56019373;0.38973037;0.0001;0.0;0.0001
2017-01-18 05:00:00+00:00;4.738e-05;0.0;0;0;0;0.0;0.505;0.505;0.60837667;0.38973037;0.0001;0.0;0.0001
2017-01-18 06:00:00+00:00;0.00031954;0.0;0;0;0;0.024;0.482;0.482;0.67244674;0.39176198;0.0001;0.0;0.0001
2017-01-18 07:00:00+00:00;0.00042561;0.0;0;0;0;0.104;0.314;0.314;0.70826678;0.41444829;0.0001;0.007;0.0001
2017-01-18 08:00:00+00:00;0.00033764;0.0;0;0;0;0.179;0.233;0.233;0.7055038;0.41885011;0.0001;0.013;0.0001
2017-01-18 09:00:00+00:00;6.151e-05;0.0;0;0;0;0.245;0.326;0.326;0.70259985;0.39413219;0.0001;0.02;0.0001
2017-01-18 10:00:00+00:00;1.844e-05;0.0;0;0;0;0.294;0.425;0.425;0.72600058;0.47234915;0.0001;0.026;0.0001
2017-01-18 11:00:00+00:00;1.81e-05;0.0;0;0;0;0.336;0.456;0.456;0.68190571;0.4611753;0.0001;0.033;0.0001
2017-01-18 12:00:00+00:00;1.818e-05;0.0;0;0;0;0.346;0.379;0.379;0.69177349;0.45880509;0.0001;0.035;0.0001
2017-01-18 13:00:00+00:00;1.867e-05;0.0;0;0;0;0.326;0.277;0.277;0.71717597;0.46659292;0.0001;0.032;0.0001
2017-01-18 14:00:00+00:00;1.799e-05;0.0;0;0;0;0.285;0.196;0.196;0.75395459;0.4611753;0.0001;0.027;0.0001
2017-01-18 15:00:00+00:00;1.917e-05;0.0;0;0;0;0.215;0.144;0.144;0.75293961;0.45000145;0.0001;0.017;0.0001
2017-01-18 16:00:00+00:00;2.117e-05;0.0;0;0;0;0.13;0.104;0.104;0.74503129;0.45169446;0.0001;0.008;0.0001
2017-01-18 17:00:00+00:00;4.708e-05;0.0;0;0;0;0.047;0.077;0.077;0.72499971;0.71614226;0.0001;0.002;0.0001
2017-01-18 18:00:00+00:00;0.00035633;0.0;0;0;0;0.001;0.077;0.077;0.78395263;0.82280175;0.0001;0.0;0.0001
2017-01-18 19:00:00+00:00;0.00037492;0.0;0;0;0;0.0;0.063;0.063;0.8644455;0.82686496;0.0001;0.0;0.0001
2017-01-18 20:00:00+00:00;5.286e-05;0.0;0;0;0;0.0;0.052;0.052;0.80685997;0.82043154;0.0001;0.0;0.0001
2017-01-18 21:00:00+00:00;1.666e-05;0.0;0;0;0;0.0;0.05;0.05;0.73282344;0.81670692;0.0001;0.0;0.0001
2017-01-18 22:00:00+00:00;1.026e-05;0.0;0;0;0;0.0;0.057;0.057;0.71521651;0.50620931;0.0001;0.0;0.0001
2017-01-18 23:00:00+00:00;1e-08;0.0;0;0;0;0.0;0.062;0.062;0.72199708;0.35587022;0.0001;0.0;0.0001
2017-01-19 00:00:00+00:00;1.35e-06;0.0;0;0;0;0.0;0.091;0.091;0.69051887;0.351807;0.0001;0.0;0.0001
2017-01-19 01:00:00+00:00;2.9e-06;0.0;0;0;0;0.0;0.141;0.141;0.68132774;0.3514684;0.0001;0.0;0.0001
2017-01-19 02:00:00+00:00;4.14e-06;0.0;0;0;0;0.0;0.146;0.146;0.64666365;0.35790183;0.0001;0.0;0.0001
2017-01-19 03:00:00+00:00;5.45e-06;0.0;0;0;0;0.0;0.139;0.139;0.63727516;0.35824043;0.0001;0.0;0.0001
2017-01-19 04:00:00+00:00;7.42e-06;0.0;0;0;0;0.0;0.113;0.113;0.63789542;0.36128784;0.0001;0.0;0.0001
2017-01-19 05:00:00+00:00;4.766e-05;0.0;0;0;0;0.0;0.088;0.088;0.62675893;0.35620882;0.0001;0.0;0.0001
2017-01-19 06:00:00+00:00;0.00032206;0.0;0;0;0;0.023;0.044;0.044;0.66699127;0.35891763;0.0001;0.0;0.0001
2017-01-19 07:00:00+00:00;0.00041732;0.0;0;0;0;0.107;0.016;0.016;0.68387927;0.35485442;0.0001;0.007;0.0001
2017-01-19 08:00:00+00:00;0.00033457;0.0;0;0;0;0.193;0.049;0.049;0.71012756;0.35587022;0.0001;0.017;0.0001
2017-01-19 09:00:00+00:00;6.125e-05;0.0;0;0;0;0.275;0.127;0.127;0.68678321;0.27020403;0.0001;0.03;0.0001
2017-01-19 10:00:00+00:00;1.894e-05;0.0;0;0;0;0.337;0.209;0.209;0.72172924;0.30338698;0.0001;0.042;0.0001
2017-01-19 11:00:00+00:00;1.794e-05;0.0;0;0;0;0.365;0.279;0.279;0.70698396;0.37178449;0.0001;0.046;0.0001
2017-01-19 12:00:00+00:00;1.935e-05;0.0;0;0;0;0.375;0.315;0.315;0.64834117;0.37686352;0.0001;0.049;0.0001
2017-01-19 13:00:00+00:00;1.87e-05;0.0;0;0;0;0.351;0.301;0.301;0.71327115;0.3721231;0.0001;0.043;0.0001
2017-01-19 14:00:00+00:00;1.787e-05;0.0;0;0;0;0.301;0.261;0.261;0.74649736;0.36975288;0.0001;0.033;0.0001
2017-01-19 15:00:00+00:00;1.938e-05;0.0;0;0;0;0.227;0.222;0.222;0.71762707;0.33894014;0.0001;0.02;0.0001
2017-01-19 16:00:00+00:00;2.119e-05;0.0;0;0;0;0.125;0.177;0.177;0.71359537;0.34368056;0.0001;0.007;0.0001
2017-01-19 17:00:00+00:00;4.705e-05;0.0;0;0;0;0.046;0.134;0.134;0.73403577;0.77946075;0.0001;0.002;0.0001
2017-01-19 18:00:00+00:00;0.00036356;0.0;0;0;0;0.001;0.144;0.144;0.79242482;0.85869351;0.0001;0.0;0.0001
2017-01-19 19:00:00+00:00;0.00037539;0.0;0;0;0;0.0;0.156;0.156;0.88605593;0.88002541;0.0001;0.0;0.0001
2017-01-19 20:00:00+00:00;5.328e-05;0.0;0;0;0;0.0;0.158;0.158;0.81330222;0.8773166;0.0001;0.0;0.0001
2017-01-19 21:00:00+00:00;1.666e-05;0.0;0;0;0;0.0;0.162;0.162;0.73437409;0.88239562;0.0001;0.0;0.0001
2017-01-19 22:00:00+00:00;1.034e-05;0.0;0;0;0;0.0;0.154;0.154;0.7001611;0.56580318;0.0001;0.0;0.0001
2017-01-19 23:00:00+00:00;1e-07;0.0;0;0;0;0.0;0.126;0.126;0.69565012;0.44085921;0.0001;0.0;0.0001
2017-01-20 00:00:00+00:00;1.72e-06;0.0;0;0;0;0.0;0.12;0.12;0.68135594;0.46354551;0.0001;0.0;0.0001
2017-01-20 01:00:00+00:00;3.77e-06;0.0;0;0;0;0.0;0.163;0.163;0.69460695;0.42562214;0.0001;0.0;0.0001
2017-01-20 02:00:00+00:00;5.13e-06;0.0;0;0;0;0.0;0.216;0.216;0.69314088;0.42562214;0.0001;0.0;0.0001
2017-01-20 03:00:00+00:00;6.62e-06;0.0;0;0;0;0.0;0.183;0.183;0.66169086;0.42629934;0.0001;0.0;0.0001
2017-01-20 04:00:00+00:00;8.58e-06;0.0;0;0;0;0.0;0.133;0.133;0.67502646;0.42426773;0.0001;0.0;0.0001
2017-01-20 05:00:00+00:00;5.146e-05;0.0;0;0;0;0.0;0.126;0.126;0.70543331;0.45000145;0.0001;0.0;0.0001
2017-01-20 06:00:00+00:00;0.00032369;0.0;0;0;0;0.033;0.099;0.099;0.72817149;0.4604981;0.0001;0.002;0.0001
2017-01-20 07:00:00+00:00;0.00042032;0.0;0;0;0;0.179;0.048;0.048;0.73318996;0.54379408;0.0001;0.062;0.0001
2017-01-20 08:00:00+00:00;0.00034175;0.0;0;0;0;0.359;0.067;0.067;0.727227;0.58544207;0.0001;0.238;0.0001
2017-01-20 09:00:00+00:00;6.326e-05;0.0;0;0;0;0.498;0.121;0.121;0.7392516;0.59797032;0.0001;0.403;0.0001
2017-01-20 10:00:00+00:00;2.122e-05;0.0;0;0;0;0.577;0.184;0.184;0.7019373;0.58104025;0.0001;0.48;0.0001
2017-01-20 11:00:00+00:00;2.162e-05;0.0;0;0;0;0.59;0.186;0.186;0.67477272;0.58476486;0.0001;0.443;0.0001
2017-01-20 12:00:00+00:00;2.15e-05;0.0;0;0;0;0.587;0.133;0.133;0.66802034;0.58036304;0.0001;0.424;0.0001
2017-01-20 13:00:00+00:00;2.03e-05;0.0;0;0;0;0.585;0.087;0.087;0.69980868;0.58171745;0.0001;0.459;0.0001
2017-01-20 14:00:00+00:00;2.052e-05;0.0;0;0;0;0.513;0.061;0.061;0.71286234;0.58747368;0.0001;0.378;0.0001
2017-01-20 15:00:00+00:00;2.135e-05;0.0;0;0;0;0.413;0.046;0.046;0.75730963;0.5698664;0.0001;0.281;0.0001
2017-01-20 16:00:00+00:00;2.401e-05;0.0;0;0;0;0.281;0.031;0.031;0.72419619;0.73510395;0.0001;0.168;0.0001
2017-01-20 17:00:00+00:00;4.928e-05;0.0;0;0;0;0.12;0.033;0.033;0.7299054;0.85022847;0.0001;0.046;0.0001
2017-01-20 18:00:00+00:00;0.00036021;0.0;0;0;0;0.006;0.045;0.045;0.77181526;0.90372752;0.0001;0.0;0.0001
2017-01-20 19:00:00+00:00;0.00037299;0.0;0;0;0;0.0;0.06;0.06;0.85604379;0.89052206;0.0001;0.0;0.0001
2017-01-20 20:00:00+00:00;5.34e-05;0.0;0;0;0;0.0;0.074;0.074;0.79486357;0.88679744;0.0001;0.0;0.0001
2017-01-20 21:00:00+00:00;1.822e-05;0.0;0;0;0;0.0;0.082;0.082;0.75246032;0.88950625;0.0001;0.0;0.0001
2017-01-20 22:00:00+00:00;1.131e-05;0.0;0;0;0;0.0;0.081;0.081;0.73046927;0.84244064;0.0001;0.0;0.0001
2017-01-20 23:00:00+00:00;8.7e-07;0.0;0;0;0;0.0;0.055;0.055;0.71507554;0.54210107;0.0001;0.0;0.0001
2017-01-21 00:00:00+00:00;1.67e-06;0.0;0;0;0;0.0;0.022;0.022;0.70983152;0.42325193;0.0001;0.0;0.0001
2017-01-21 01:00:00+00:00;3.71e-06;0.0;0;0;0;0.0;0.007;0.007;0.71087469;0.42765375;0.0001;0.0;0.0001
2017-01-21 02:00:00+00:00;5.34e-06;0.0;0;0;0;0.0;0.011;0.011;0.69734174;0.42596074;0.0001;0.0;0.0001
2017-01-21 03:00:00+00:00;6.91e-06;0.0;0;0;0;0.0;0.039;0.039;0.71136808;0.42663794;0.0001;0.0;0.0001
2017-01-21 04:00:00+00:00;9.06e-06;0.0;0;0;0;0.0;0.069;0.069;0.72002353;0.42629934;0.0001;0.0;0.0001
2017-01-21 05:00:00+00:00;5.131e-05;0.0;0;0;0;0.0;0.07;0.07;0.70563067;0.45271026;0.0001;0.0;0.0001
2017-01-21 06:00:00+00:00;0.00032745;0.0;0;0;0;0.037;0.039;0.039;0.72894682;0.45440327;0.0001;0.011;0.0001
2017-01-21 07:00:00+00:00;0.00042314;0.0;0;0;0;0.231;0.012;0.012;0.65262661;0.45169446;0.0001;0.198;0.0001
2017-01-21 08:00:00+00:00;0.00034009;0.0;0;0;0;0.419;0.033;0.033;0.73943485;0.50959532;0.0001;0.423;0.0001
2017-01-21 09:00:00+00:00;6.467e-05;0.0;0;0;0;0.568;0.06;0.06;0.71917772;0.52110777;0.0001;0.625;0.0001
2017-01-21 10:00:00+00:00;2.182e-05;0.0;0;0;0;0.665;0.108;0.108;0.71415925;0.53262022;0.0001;0.769;0.0001
2017-01-21 11:00:00+00:00;2.124e-05;0.0;0;0;0;0.721;0.151;0.151;0.69422634;0.19943631;0.0001;0.861;0.0001
2017-01-21 12:00:00+00:00;2.083e-05;0.0;0;0;0;0.729;0.165;0.165;0.70953549;0.5278798;0.0001;0.874;0.0001
2017-01-21 13:00:00+00:00;1.978e-05;0.0;0;0;0;0.696;0.17;0.17;0.68755854;0.56038555;0.0001;0.821;0.0001
2017-01-21 14:00:00+00:00;2.022e-05;0.0;0;0;0;0.617;0.173;0.173;0.72086934;0.58713507;0.0001;0.697;0.0001
2017-01-21 15:00:00+00:00;2.188e-05;0.0;0;0;0;0.492;0.17;0.17;0.72920056;0.58476486;0.0001;0.518;0.0001
2017-01-21 16:00:00+00:00;2.363e-05;0.0;0;0;0;0.324;0.156;0.156;0.70489763;0.56851199;0.0001;0.3;0.0001
2017-01-21 17:00:00+00:00;4.805e-05;0.0;0;0;0;0.134;0.128;0.128;0.71225618;0.77302732;0.0001;0.089;0.0001
2017-01-21 18:00:00+00:00;0.00036123;0.0;0;0;0;0.005;0.158;0.158;0.75776073;0.89526248;0.0001;0.0;0.0001
2017-01-21 19:00:00+00:00;0.00036881;0.0;0;0;0;0.0;0.199;0.199;0.76933422;0.89627828;0.0001;0.0;0.0001
2017-01-21 20:00:00+00:00;5.409e-05;0.0;0;0;0;0.0;0.196;0.196;0.72711423;0.89763269;0.0001;0.0;0.0001
2017-01-21 21:00:00+00:00;1.825e-05;0.0;0;0;0;0.0;0.18;0.18;0.7254508;0.9013573;0.0001;0.0;0.0001
2017-01-21 22:00:00+00:00;1.169e-05;0.0;0;0;0;0.0;0.227;0.227;0.69047658;0.88171842;0.0001;0.0;0.0001
2017-01-21 23:00:00+00:00;8.1e-07;0.0;0;0;0;0.0;0.19;0.19;0.70723771;0.58578067;0.0001;0.0;0.0001
2017-01-22 00:00:00+00:00;1.86e-06;0.0;0;0;0;0.0;0.113;0.113;0.69429682;0.46964034;0.0001;0.0;0.0001
2017-01-22 01:00:00+00:00;4.01e-06;0.0;0;0;0;0.0;0.095;0.095;0.66682211;0.44153641;0.0001;0.0;0.0001
2017-01-22 02:00:00+00:00;5.44e-06;0.0;0;0;0;0.0;0.134;0.134;0.67919912;0.44458382;0.0001;0.0;0.0001
2017-01-22 03:00:00+00:00;6.75e-06;0.0;0;0;0;0.0;0.293;0.293;0.65334554;0.44526103;0.0001;0.0;0.0001
2017-01-22 04:00:00+00:00;8.8e-06;0.0;0;0;0;0.0;0.256;0.256;0.662875;0.44695404;0.0001;0.0;0.0001
2017-01-22 05:00:00+00:00;4.948e-05;0.0;0;0;0;0.0;0.306;0.306;0.62809813;0.43611879;0.0001;0.0;0.0001
2017-01-22 06:00:00+00:00;0.00031874;0.0;0;0;0;0.038;0.266;0.266;0.59614063;0.44424522;0.0001;0.009;0.0001
2017-01-22 07:00:00+00:00;0.00042595;0.0;0;0;0;0.22;0.151;0.151;0.67237626;0.45135585;0.0001;0.17;0.0001
2017-01-22 08:00:00+00:00;0.00033649;0.0;0;0;0;0.421;0.157;0.157;0.70908439;0.53769925;0.0001;0.427;0.0001
2017-01-22 09:00:00+00:00;6.474e-05;0.0;0;0;0;0.57;0.22;0.22;0.71413105;0.59119829;0.0001;0.633;0.0001
2017-01-22 10:00:00+00:00;2.105e-05;0.0;0;0;0;0.67;0.187;0.187;0.68110219;0.59153689;0.0001;0.782;0.0001
2017-01-22 11:00:00+00:00;2.127e-05;0.0;0;0;0;0.722;0.148;0.148;0.67062825;0.58408766;0.0001;0.867;0.0001
2017-01-22 12:00:00+00:00;2.08e-05;0.0;0;0;0;0.731;0.12;0.12;0.68884135;0.58611927;0.0001;0.882;0.0001
2017-01-22 13:00:00+00:00;2.073e-05;0.0;0;0;0;0.696;0.094;0.094;0.67764847;0.5918755;0.0001;0.824;0.0001
2017-01-22 14:00:00+00:00;2.064e-05;0.0;0;0;0;0.615;0.076;0.076;0.67124851;0.66264322;0.0001;0.694;0.0001
2017-01-22 15:00:00+00:00;2.133e-05;0.0;0;0;0;0.478;0.055;0.055;0.66608908;0.72189849;0.0001;0.485;0.0001
2017-01-22 16:00:00+00:00;2.312e-05;0.0;0;0;0;0.317;0.037;0.037;0.67956564;0.7256231;0.0001;0.281;0.0001
2017-01-22 17:00:00+00:00;4.861e-05;0.0;0;0;0;0.126;0.033;0.033;0.68131365;0.78352397;0.0001;0.07;0.0001
2017-01-22 18:00:00+00:00;0.00036192;0.0;0;0;0;0.005;0.042;0.042;0.75797218;0.9006801;0.0001;0.0;0.0001
2017-01-22 19:00:00+00:00;0.00037698;0.0;0;0;0;0.0;0.046;0.046;0.83436287;0.88849045;0.0001;0.0;0.0001
2017-01-22 20:00:00+00:00;5.445e-05;0.0;0;0;0;0.0;0.051;0.051;0.77835619;0.88747464;0.0001;0.0;0.0001
2017-01-22 21:00:00+00:00;1.793e-05;0.0;0;0;0;0.0;0.063;0.063;0.71173459;0.86207953;0.0001;0.0;0.0001
2017-01-22 22:00:00+00:00;1.127e-05;0.0;0;0;0;0.0;0.077;0.077;0.70692758;0.85293728;0.0001;0.0;0.0001
2017-01-22 23:00:00+00:00;6e-07;0.0;0;0;0;0.0;0.084;0.084;0.73155473;0.55124331;0.0001;0.0;0.0001
2017-01-23 00:00:00+00:00;1.83e-06;0.0;0;0;0;0.0;0.083;0.083;0.70367121;0.44559963;0.0001;0.0;0.0001
2017-01-23 01:00:00+00:00;3.76e-06;0.0;0;0;0;0.0;0.073;0.073;0.68457001;0.44322942;0.0001;0.0;0.0001
2017-01-23 02:00:00+00:00;5.21e-06;0.0;0;0;0;0.0;0.06;0.06;0.68303346;0.44289082;0.0001;0.0;0.0001
2017-01-23 03:00:00+00:00;6.68e-06;0.0;0;0;0;0.0;0.061;0.061;0.68840435;0.44289082;0.0001;0.0;0.0001
2017-01-23 04:00:00+00:00;8.87e-06;0.0;0;0;0;0.0;0.094;0.094;0.6890528;0.44526103;0.0001;0.0;0.0001
2017-01-23 05:00:00+00:00;4.88e-05;0.0;0;0;0;0.0;0.145;0.145;0.70114788;0.41140087;0.0001;0.0;0.0001
2017-01-23 06:00:00+00:00;0.00031748;0.0;0;0;0;0.036;0.111;0.111;0.67016306;0.41106227;0.0001;0.012;0.0001
2017-01-23 07:00:00+00:00;0.00042079;0.0;0;0;0;0.234;0.028;0.028;0.71090288;0.41207808;0.0001;0.206;0.0001
2017-01-23 08:00:00+00:00;0.00033956;0.0;0;0;0;0.426;0.047;0.047;0.69047658;0.44661543;0.0001;0.438;0.0001
2017-01-23 09:00:00+00:00;6.362e-05;0.0;0;0;0;0.574;0.028;0.028;0.68675502;0.45000145;0.0001;0.645;0.0001
2017-01-23 10:00:00+00:00;2.021e-05;0.0;0;0;0;0.674;0.011;0.011;0.67371546;0.44593823;0.0001;0.8;0.0001
2017-01-23 11:00:00+00:00;2.022e-05;0.0;0;0;0;0.721;0.007;0.007;0.68613476;0.5278798;0.0001;0.874;0.0001
2017-01-23 12:00:00+00:00;2.114e-05;0.0;0;0;0;0.723;0.006;0.006;0.66747056;0.51636735;0.0001;0.871;0.0001
2017-01-23 13:00:00+00:00;2.14e-05;0.0;0;0;0;0.692;0.005;0.005;0.71668258;0.53702204;0.0001;0.822;0.0001
2017-01-23 14:00:00+00:00;2.117e-05;0.0;0;0;0;0.607;0.002;0.002;0.71033901;0.526864;0.0001;0.683;0.0001
2017-01-23 15:00:00+00:00;2.242e-05;0.0;0;0;0;0.489;0.0;0.0;0.70340337;0.56478737;0.0001;0.516;0.0001
2017-01-23 16:00:00+00:00;2.429e-05;0.0;0;0;0;0.312;0.0;0.0;0.71050817;0.57392961;0.0001;0.277;0.0001
2017-01-23 17:00:00+00:00;5.066e-05;0.0;0;0;0;0.127;0.0;0.0;0.7023602;0.78724858;0.0001;0.074;0.0001
2017-01-23 18:00:00+00:00;0.00036964;0.0;0;0;0;0.005;0.0;0.0;0.76652895;0.89323087;0.0001;0.0;0.0001
2017-01-23 19:00:00+00:00;0.0003731;0.0;0;0;0;0.0;0.001;0.001;0.78890061;0.8996643;0.0001;0.0;0.0001
2017-01-23 20:00:00+00:00;5.311e-05;0.0;0;0;0;0.0;0.0;0.0;0.77681963;0.89898709;0.0001;0.0;0.0001
2017-01-23 21:00:00+00:00;1.776e-05;0.0;0;0;0;0.0;0.0;0.0;0.72301205;0.89898709;0.0001;0.0;0.0001
2017-01-23 22:00:00+00:00;1.131e-05;0.0;0;0;0;0.0;0.0;0.0;0.71204472;0.89086066;0.0001;0.0;0.0001
2017-01-23 23:00:00+00:00;5.4e-07;0.0;0;0;0;0.0;0.0;0.0;0.70298046;0.37923373;0.0001;0.0;0.0001
2017-01-24 00:00:00+00:00;1.86e-06;0.0;0;0;0;0.0;0.0;0.0;0.71352489;0.27494445;0.0001;0.0;0.0001
2017-01-24 01:00:00+00:00;3.87e-06;0.0;0;0;0;0.0;0.001;0.001;0.68380878;0.27494445;0.0001;0.0;0.0001
2017-01-24 02:00:00+00:00;5.29e-06;0.0;0;0;0;0.0;0.002;0.002;0.70196549;0.27121984;0.0001;0.0;0.0001
2017-01-24 03:00:00+00:00;6.86e-06;0.0;0;0;0;0.0;0.004;0.004;0.67420885;0.27257424;0.0001;0.0;0.0001
2017-01-24 04:00:00+00:00;8.78e-06;0.0;0;0;0;0.0;0.005;0.005;0.68400614;0.27121984;0.0001;0.0;0.0001
2017-01-24 05:00:00+00:00;5.123e-05;0.0;0;0;0;0.0;0.007;0.007;0.63380735;0.29864656;0.0001;0.0;0.0001
2017-01-24 06:00:00+00:00;0.00032998;0.0;0;0;0;0.036;0.006;0.006;0.58228345;0.30033957;0.0001;0.01;0.0001
2017-01-24 07:00:00+00:00;0.0004229;0.0;0;0;0;0.227;0.007;0.007;0.645113;0.35688602;0.0001;0.194;0.0001
2017-01-24 08:00:00+00:00;0.00033519;0.0;0;0;0;0.416;0.02;0.02;0.6530777;0.39345499;0.0001;0.421;0.0001
2017-01-24 09:00:00+00:00;6.432e-05;0.0;0;0;0;0.563;0.032;0.032;0.70120426;0.38871457;0.0001;0.623;0.0001
2017-01-24 10:00:00+00:00;2.135e-05;0.0;0;0;0;0.658;0.048;0.048;0.73223138;0.35925624;0.0001;0.764;0.0001
2017-01-24 11:00:00+00:00;2.134e-05;0.0;0;0;0;0.706;0.066;0.066;0.71441299;0.36027204;0.0001;0.837;0.0001
2017-01-24 12:00:00+00:00;2.085e-05;0.0;0;0;0;0.711;0.081;0.081;0.6948325;0.35925624;0.0001;0.844;0.0001
2017-01-24 13:00:00+00:00;2.074e-05;0.0;0;0;0;0.681;0.088;0.088;0.69598844;0.34842099;0.0001;0.8;0.0001
2017-01-24 14:00:00+00:00;2.079e-05;0.0;0;0;0;0.605;0.086;0.086;0.69477611;0.35553162;0.0001;0.683;0.0001
2017-01-24 15:00:00+00:00;2.135e-05;0.0;0;0;0;0.484;0.065;0.065;0.69845538;0.56411017;0.0001;0.508;0.0001
2017-01-24 16:00:00+00:00;2.421e-05;0.0;0;0;0;0.31;0.032;0.032;0.72643758;0.58239465;0.0001;0.274;0.0001
2017-01-24 17:00:00+00:00;5.004e-05;0.0;0;0;0;0.129;0.017;0.017;0.70782977;0.79198901;0.0001;0.082;0.0001
2017-01-24 18:00:00+00:00;0.00035679;0.0;0;0;0;0.005;0.011;0.011;0.77480379;0.87596219;0.0001;0.0;0.0001
2017-01-24 19:00:00+00:00;0.00037928;0.0;0;0;0;0.0;0.005;0.005;0.79373582;0.88984485;0.0001;0.0;0.0001
2017-01-24 20:00:00+00:00;5.216e-05;0.0;0;0;0;0.0;0.002;0.002;0.75917041;0.89255366;0.0001;0.0;0.0001
2017-01-24 21:00:00+00:00;1.778e-05;0.0;0;0;0;0.0;0.003;0.003;0.72306844;0.88645884;0.0001;0.0;0.0001
2017-01-24 22:00:00+00:00;1.114e-05;0.0;0;0;0;0.0;0.01;0.01;0.66388997;0.88713604;0.0001;0.0;0.0001
2017-01-24 23:00:00+00:00;6.4e-07;0.0;0;0;0;0.0;0.028;0.028;0.69512853;0.59085969;0.0001;0.0;0.0001
2017-01-25 00:00:00+00:00;1.29e-06;0.0;0;0;0;0.0;0.043;0.043;0.69374704;0.48623181;0.0001;0.0;0.0001
2017-01-25 01:00:00+00:00;2.95e-06;0.0;0;0;0;0.0;0.044;0.044;0.62627964;0.4838616;0.0001;0.0;0.0001
2017-01-25 02:00:00+00:00;4.15e-06;0.0;0;0;0;0.0;0.04;0.04;0.59808599;0.48047559;0.0001;0.0;0.0001
2017-01-25 03:00:00+00:00;5.44e-06;0.0;0;0;0;0.0;0.038;0.038;0.58121209;0.4831844;0.0001;0.0;0.0001
2017-01-25 04:00:00+00:00;7.4e-06;0.0;0;0;0;0.0;0.033;0.033;0.59206665;0.48792482;0.0001;0.0;0.0001
2017-01-25 05:00:00+00:00;4.62e-05;0.0;0;0;0;0.0;0.029;0.029;0.63792362;0.51094973;0.0001;0.0;0.0001
2017-01-25 06:00:00+00:00;0.00031765;0.0;0;0;0;0.039;0.027;0.027;0.64196941;0.51535155;0.0001;0.008;0.0001
2017-01-25 07:00:00+00:00;0.00042249;0.0;0;0;0;0.216;0.019;0.019;0.65046979;0.65688699;0.0001;0.156;0.0001
2017-01-25 08:00:00+00:00;0.00033586;0.0;0;0;0;0.396;0.023;0.023;0.57588349;0.70124379;0.0001;0.36;0.0001
2017-01-25 09:00:00+00:00;6.401e-05;0.0;0;0;0;0.527;0.036;0.036;0.60142694;0.71343345;0.0001;0.516;0.0001
2017-01-25 10:00:00+00:00;1.83e-05;0.0;0;0;0;0.613;0.053;0.053;0.59873444;0.71309485;0.0001;0.624;0.0001
2017-01-25 11:00:00+00:00;1.879e-05;0.0;0;0;0;0.644;0.089;0.089;0.64232183;0.71275625;0.0001;0.644;0.0001
2017-01-25 12:00:00+00:00;1.937e-05;0.0;0;0;0;0.643;0.131;0.131;0.64807333;0.72054408;0.0001;0.631;0.0001
2017-01-25 13:00:00+00:00;1.832e-05;0.0;0;0;0;0.621;0.15;0.15;0.64543723;0.71580366;0.0001;0.615;0.0001
2017-01-25 14:00:00+00:00;1.788e-05;0.0;0;0;0;0.569;0.149;0.149;0.66438336;0.68702253;0.0001;0.571;0.0001
2017-01-25 15:00:00+00:00;1.918e-05;0.0;0;0;0;0.453;0.132;0.132;0.60437317;0.73307234;0.0001;0.418;0.0001
2017-01-25 16:00:00+00:00;2.174e-05;0.0;0;0;0;0.294;0.096;0.096;0.58716095;0.72054408;0.0001;0.223;0.0001
2017-01-25 17:00:00+00:00;4.716e-05;0.0;0;0;0;0.12;0.079;0.079;0.64388658;0.81636832;0.0001;0.056;0.0001
2017-01-25 18:00:00+00:00;0.00036313;0.0;0;0;0;0.005;0.085;0.085;0.72390015;0.89898709;0.0001;0.0;0.0001
2017-01-25 19:00:00+00:00;0.00037301;0.0;0;0;0;0.0;0.124;0.124;0.82842811;0.89119926;0.0001;0.0;0.0001
2017-01-25 20:00:00+00:00;5.222e-05;0.0;0;0;0;0.0;0.196;0.196;0.78206365;0.89323087;0.0001;0.0;0.0001
2017-01-25 21:00:00+00:00;1.667e-05;0.0;0;0;0;0.0;0.246;0.246;0.72642348;0.88442723;0.0001;0.0;0.0001
2017-01-25 22:00:00+00:00;1.029e-05;0.0;0;0;0;0.0;0.264;0.264;0.69319727;0.88070261;0.0001;0.0;0.0001
2017-01-25 23:00:00+00:00;8e-08;0.0;0;0;0;0.0;0.243;0.243;0.67863525;0.61760921;0.0001;0.0;0.0001
2017-01-26 00:00:00+00:00;1.36e-06;0.0;0;0;0;0.0;0.152;0.152;0.68881316;0.51535155;0.0001;0.0;0.0001
2017-01-26 01:00:00+00:00;2.98e-06;0.0;0;0;0;0.0;0.062;0.062;0.62034488;0.4838616;0.0001;0.0;0.0001
2017-01-26 02:00:00+00:00;4.17e-06;0.0;0;0;0;0.0;0.017;0.017;0.5847222;0.48182999;0.0001;0.0;0.0001
2017-01-26 03:00:00+00:00;5.44e-06;0.0;0;0;0;0.0;0.009;0.009;0.5718518;0.4838616;0.0001;0.0;0.0001
2017-01-26 04:00:00+00:00;7.39e-06;0.0;0;0;0;0.0;0.024;0.024;0.55242637;0.48927923;0.0001;0.0;0.0001
2017-01-26 05:00:00+00:00;4.657e-05;0.0;0;0;0;0.0;0.068;0.068;0.55888272;0.48521601;0.0001;0.0;0.0001
2017-01-26 06:00:00+00:00;0.00032221;0.0;0;0;0;0.027;0.103;0.103;0.59681728;0.50417769;0.0001;0.001;0.0001
2017-01-26 07:00:00+00:00;0.00042277;0.0;0;0;0;0.158;0.051;0.051;0.60799606;0.52246218;0.0001;0.03;0.0001
2017-01-26 08:00:00+00:00;0.00033733;0.0;0;0;0;0.283;0.143;0.143;0.60468331;0.65045356;0.0001;0.079;0.0001
2017-01-26 09:00:00+00:00;6.14e-05;0.0;0;0;0;0.403;0.231;0.231;0.62529286;0.64909916;0.0001;0.148;0.0001
2017-01-26 10:00:00+00:00;1.744e-05;0.0;0;0;0;0.448;0.28;0.28;0.65970321;0.70564561;0.0001;0.149;0.0001
2017-01-26 11:00:00+00:00;1.774e-05;0.0;0;0;0;0.441;0.281;0.281;0.64349186;0.69887358;0.0001;0.111;0.0001
2017-01-26 12:00:00+00:00;1.954e-05;0.0;0;0;0;0.392;0.272;0.272;0.60668505;0.71072464;0.0001;0.068;0.0001
2017-01-26 13:00:00+00:00;1.857e-05;0.0;0;0;0;0.362;0.277;0.277;0.6673014;0.71546506;0.0001;0.056;0.0001
2017-01-26 14:00:00+00:00;1.731e-05;0.0;0;0;0;0.306;0.261;0.261;0.64354825;0.67009245;0.0001;0.04;0.0001
2017-01-26 15:00:00+00:00;1.931e-05;0.0;0;0;0;0.218;0.216;0.216;0.62088056;0.6805891;0.0001;0.021;0.0001
2017-01-26 16:00:00+00:00;2.102e-05;0.0;0;0;0;0.132;0.205;0.205;0.58754156;0.67957329;0.0001;0.01;0.0001
2017-01-26 17:00:00+00:00;4.788e-05;0.0;0;0;0;0.051;0.211;0.211;0.61125242;0.80688748;0.0001;0.003;0.0001
2017-01-26 18:00:00+00:00;0.00035898;0.0;0;0;0;0.001;0.227;0.227;0.6925911;0.89356947;0.0001;0.0;0.0001
2017-01-26 19:00:00+00:00;0.00037238;0.0;0;0;0;0.0;0.258;0.258;0.81131456;0.88544303;0.0001;0.0;0.0001
2017-01-26 20:00:00+00:00;5.157e-05;0.0;0;0;0;0.0;0.232;0.232;0.76263823;0.89593968;0.0001;0.0;0.0001
2017-01-26 21:00:00+00:00;1.662e-05;0.0;0;0;0;0.0;0.207;0.207;0.70462979;0.89323087;0.0001;0.0;0.0001
2017-01-26 22:00:00+00:00;1.021e-05;0.0;0;0;0;0.0;0.204;0.204;0.67061415;0.64774475;0.0001;0.0;0.0001
2017-01-26 23:00:00+00:00;9e-08;0.0;0;0;0;0.0;0.199;0.199;0.68344227;0.45643488;0.0001;0.0;0.0001
2017-01-27 00:00:00+00:00;2.03e-06;0.0;0;0;0;0.0;0.203;0.203;0.6380223;0.45711208;0.0001;0.0;0.0001
2017-01-27 01:00:00+00:00;3.91e-06;0.0;0;0;0;0.0;0.191;0.191;0.61945678;0.45135585;0.0001;0.0;0.0001
2017-01-27 02:00:00+00:00;5.38e-06;0.0;0;0;0;0.0;0.164;0.164;0.58514511;0.45101725;0.0001;0.0;0.0001
2017-01-27 03:00:00+00:00;6.74e-06;0.0;0;0;0;0.0;0.162;0.162;0.59162965;0.45745068;0.0001;0.0;0.0001
2017-01-27 04:00:00+00:00;9.1e-06;0.0;0;0;0;0.0;0.197;0.197;0.60177936;0.45948229;0.0001;0.0;0.0001
2017-01-27 05:00:00+00:00;5.133e-05;0.0;0;0;0;0.0;0.228;0.228;0.60097584;0.45372607;0.0001;0.0;0.0001
2017-01-27 06:00:00+00:00;0.00032796;0.0;0;0;0;0.018;0.169;0.169;0.6042604;0.45677348;0.0001;0.0;0.0001
2017-01-27 07:00:00+00:00;0.00042506;0.0;0;0;0;0.105;0.065;0.065;0.61662332;0.48487741;0.0001;0.007;0.0001
2017-01-27 08:00:00+00:00;0.00033572;0.0;0;0;0;0.211;0.153;0.153;0.6153687;0.5278798;0.0001;0.023;0.0001
2017-01-27 09:00:00+00:00;6.467e-05;0.0;0;0;0;0.297;0.291;0.291;0.61294404;0.53262022;0.0001;0.041;0.0001
2017-01-27 10:00:00+00:00;2.062e-05;0.0;0;0;0;0.348;0.411;0.411;0.60476789;0.55158191;0.0001;0.048;0.0001
2017-01-27 11:00:00+00:00;2.062e-05;0.0;0;0;0;0.354;0.412;0.412;0.58965609;0.55225912;0.0001;0.043;0.0001
2017-01-27 12:00:00+00:00;2.046e-05;0.0;0;0;0;0.337;0.349;0.349;0.54674535;0.55225912;0.0001;0.035;0.0001
2017-01-27 13:00:00+00:00;2.006e-05;0.0;0;0;0;0.333;0.275;0.275;0.55823427;0.52280078;0.0001;0.037;0.0001
2017-01-27 14:00:00+00:00;2.046e-05;0.0;0;0;0;0.286;0.197;0.197;0.58377771;0.52178498;0.0001;0.029;0.0001
2017-01-27 15:00:00+00:00;2.259e-05;0.0;0;0;0;0.224;0.14;0.14;0.61118194;0.50654791;0.0001;0.02;0.0001
2017-01-27 16:00:00+00:00;2.371e-05;0.0;0;0;0;0.137;0.095;0.095;0.62940913;0.52043057;0.0001;0.01;0.0001
2017-01-27 17:00:00+00:00;4.863e-05;0.0;0;0;0;0.053;0.088;0.088;0.67749341;0.75338843;0.0001;0.003;0.0001
2017-01-27 18:00:00+00:00;0.00036383;0.0;0;0;0;0.001;0.12;0.12;0.71146675;0.90440472;0.0001;0.0;0.0001
2017-01-27 19:00:00+00:00;0.00037207;0.0;0;0;0;0.0;0.169;0.169;0.79293231;0.89356947;0.0001;0.0;0.0001
2017-01-27 20:00:00+00:00;5.34e-05;0.0;0;0;0;0.0;0.196;0.196;0.74995109;0.89323087;0.0001;0.0;0.0001
2017-01-27 21:00:00+00:00;1.84e-05;0.0;0;0;0;0.0;0.218;0.218;0.71680945;0.89018345;0.0001;0.0;0.0001
2017-01-27 22:00:00+00:00;1.156e-05;0.0;0;0;0;0.0;0.221;0.221;0.67680266;0.63521649;0.0001;0.0;0.0001
2017-01-27 23:00:00+00:00;8.9e-07;0.0;0;0;0;0.0;0.214;0.214;0.67657711;0.48690902;0.0001;0.0;0.0001
2017-01-28 00:00:00+00:00;1.87e-06;0.0;0;0;0;0.0;0.196;0.196;0.66008383;0.4842002;0.0001;0.0;0.0001
2017-01-28 01:00:00+00:00;3.96e-06;0.0;0;0;0;0.0;0.168;0.168;0.61425505;0.48657041;0.0001;0.0;0.0001
2017-01-28 02:00:00+00:00;5.44e-06;0.0;0;0;0;0.0;0.157;0.157;0.53424147;0.483523;0.0001;0.0;0.0001
2017-01-28 03:00:00+00:00;7e-06;0.0;0;0;0;0.0;0.157;0.157;0.53841413;0.48149139;0.0001;0.0;0.0001
2017-01-28 04:00:00+00:00;9.03e-06;0.0;0;0;0;0.0;0.174;0.174;0.538104;0.48555461;0.0001;0.0;0.0001
2017-01-28 05:00:00+00:00;5.007e-05;0.0;0;0;0;0.0;0.2;0.2;0.59281378;0.48453881;0.0001;0.0;0.0001
2017-01-28 06:00:00+00:00;0.00032531;0.0;0;0;0;0.041;0.169;0.169;0.65093499;0.45474187;0.0001;0.003;0.0001
2017-01-28 07:00:00+00:00;0.00042725;0.0;0;0;0;0.185;0.11;0.11;0.66451023;0.53295883;0.0001;0.061;0.0001
2017-01-28 08:00:00+00:00;0.00034265;0.0;0;0;0;0.322;0.18;0.18;0.67202384;0.55530653;0.0001;0.139;0.0001
2017-01-28 09:00:00+00:00;6.328e-05;0.0;0;0;0;0.433;0.286;0.286;0.62413692;0.53465183;0.0001;0.206;0.0001
2017-01-28 10:00:00+00:00;1.913e-05;0.0;0;0;0;0.46;0.295;0.295;0.61852639;0.54074666;0.0001;0.168;0.0001
2017-01-28 11:00:00+00:00;2.015e-05;0.0;0;0;0;0.393;0.283;0.283;0.61378985;0.53736065;0.0001;0.075;0.0001
2017-01-28 12:00:00+00:00;2.053e-05;0.0;0;0;0;0.385;0.293;0.293;0.62650519;0.5478573;0.0001;0.064;0.0001
2017-01-28 13:00:00+00:00;2.137e-05;0.0;0;0;0;0.379;0.271;0.271;0.65237286;0.54210107;0.0001;0.067;0.0001
2017-01-28 14:00:00+00:00;2.075e-05;0.0;0;0;0;0.353;0.171;0.171;0.63638706;0.53803785;0.0001;0.068;0.0001
2017-01-28 15:00:00+00:00;2.162e-05;0.0;0;0;0;0.265;0.095;0.095;0.62066911;0.54006946;0.0001;0.041;0.0001
2017-01-28 16:00:00+00:00;2.384e-05;0.0;0;0;0;0.157;0.067;0.067;0.59952387;0.54074666;0.0001;0.017;0.0001
2017-01-28 17:00:00+00:00;4.916e-05;0.0;0;0;0;0.059;0.084;0.084;0.61627089;0.74830941;0.0001;0.004;0.0001
2017-01-28 18:00:00+00:00;0.00035731;0.0;0;0;0;0.001;0.103;0.103;0.66919038;0.90305031;0.0001;0.0;0.0001
2017-01-28 19:00:00+00:00;0.00037459;0.0;0;0;0;0.0;0.14;0.14;0.68510569;0.89390807;0.0001;0.0;0.0001
2017-01-28 20:00:00+00:00;5.175e-05;0.0;0;0;0;0.0;0.194;0.194;0.68349865;0.89763269;0.0001;0.0;0.0001
2017-01-28 21:00:00+00:00;1.795e-05;0.0;0;0;0;0.0;0.238;0.238;0.66169086;0.88950625;0.0001;0.0;0.0001
2017-01-28 22:00:00+00:00;1.137e-05;0.0;0;0;0;0.0;0.258;0.258;0.63700733;0.64943776;0.0001;0.0;0.0001
2017-01-28 23:00:00+00:00;7.6e-07;0.0;0;0;0;0.0;0.259;0.259;0.67081151;0.47810538;0.0001;0.0;0.0001
2017-01-29 00:00:00+00:00;1.88e-06;0.0;0;0;0;0.0;0.269;0.269;0.59415298;0.47979838;0.0001;0.0;0.0001
2017-01-29 01:00:00+00:00;3.94e-06;0.0;0;0;0;0.0;0.308;0.308;0.57206325;0.48657041;0.0001;0.0;0.0001
2017-01-29 02:00:00+00:00;5.29e-06;0.0;0;0;0;0.0;0.344;0.344;0.5585303;0.4825072;0.0001;0.0;0.0001
2017-01-29 03:00:00+00:00;6.87e-06;0.0;0;0;0;0.0;0.344;0.344;0.53961236;0.4825072;0.0001;0.0;0.0001
2017-01-29 04:00:00+00:00;9.1e-06;0.0;0;0;0;0.0;0.303;0.303;0.54626606;0.48182999;0.0001;0.0;0.0001
2017-01-29 05:00:00+00:00;4.967e-05;0.0;0;0;0;0.0;0.26;0.26;0.57203506;0.47979838;0.0001;0.0;0.0001
2017-01-29 06:00:00+00:00;0.0003229;0.0;0;0;0;0.014;0.174;0.174;0.59309571;0.47471936;0.0001;0.0;0.0001
2017-01-29 07:00:00+00:00;0.00042269;0.0;0;0;0;0.083;0.119;0.119;0.6486372;0.48555461;0.0001;0.004;0.0001
2017-01-29 08:00:00+00:00;0.00033434;0.0;0;0;0;0.179;0.259;0.259;0.63830423;0.52821841;0.0001;0.014;0.0001
2017-01-29 09:00:00+00:00;6.479e-05;0.0;0;0;0;0.277;0.339;0.339;0.62650519;0.55225912;0.0001;0.031;0.0001
2017-01-29 10:00:00+00:00;2.045e-05;0.0;0;0;0;0.372;0.341;0.341;0.61611583;0.55632233;0.0001;0.061;0.0001
2017-01-29 11:00:00+00:00;2.049e-05;0.0;0;0;0;0.427;0.303;0.303;0.59435033;0.55192051;0.0001;0.085;0.0001
2017-01-29 12:00:00+00:00;2.153e-05;0.0;0;0;0;0.434;0.253;0.253;0.58066231;0.55835394;0.0001;0.088;0.0001
2017-01-29 13:00:00+00:00;2.135e-05;0.0;0;0;0;0.411;0.217;0.217;0.61422685;0.55395212;0.0001;0.081;0.0001
2017-01-29 14:00:00+00:00;2.129e-05;0.0;0;0;0;0.344;0.173;0.173;0.60258288;0.55970835;0.0001;0.056;0.0001
2017-01-29 15:00:00+00:00;2.154e-05;0.0;0;0;0;0.254;0.116;0.116;0.63583729;0.60034053;0.0001;0.032;0.0001
2017-01-29 16:00:00+00:00;2.342e-05;0.0;0;0;0;0.157;0.077;0.077;0.63377915;0.59932473;0.0001;0.015;0.0001
2017-01-29 17:00:00+00:00;4.887e-05;0.0;0;0;0;0.066;0.082;0.082;0.65483981;0.7906346;0.0001;0.005;0.0001
2017-01-29 18:00:00+00:00;0.00036537;0.0;0;0;0;0.002;0.108;0.108;0.71459625;0.8793482;0.0001;0.0;0.0001
2017-01-29 19:00:00+00:00;0.0003768;0.0;0;0;0;0.0;0.147;0.147;0.7933834;0.88984485;0.0001;0.0;0.0001
2017-01-29 20:00:00+00:00;5.333e-05;0.0;0;0;0;0.0;0.187;0.187;0.72686049;0.89153786;0.0001;0.0;0.0001
2017-01-29 21:00:00+00:00;1.775e-05;0.0;0;0;0;0.0;0.218;0.218;0.68420349;0.89052206;0.0001;0.0;0.0001
2017-01-29 22:00:00+00:00;1.119e-05;0.0;0;0;0;0.0;0.208;0.208;0.69538228;0.62573565;0.0001;0.0;0.0001
2017-01-29 23:00:00+00:00;5.7e-07;0.0;0;0;0;0.0;0.184;0.184;0.66935954;0.50383909;0.0001;0.0;0.0001
2017-01-30 00:00:00+00:00;1.73e-06;0.0;0;0;0;0.0;0.167;0.167;0.66424239;0.45366681;0.0001;0.0;0.0001
2017-01-30 01:00:00+00:00;3.93e-06;0.0;0;0;0;0.0;0.167;0.167;0.64609978;0.44055446;0.0001;0.0;0.0001
2017-01-30 02:00:00+00:00;5.29e-06;0.0;0;0;0;0.0;0.18;0.18;0.61156256;0.44063065;0.0001;0.0;0.0001
2017-01-30 03:00:00+00:00;6.98e-06;0.0;0;0;0;0.0;0.19;0.19;0.61927352;0.4500353;0.0001;0.0;0.0001
2017-01-30 04:00:00+00:00;8.9e-06;0.0;0;0;0;0.0;0.189;0.189;0.63776855;0.45363296;0.0001;0.0;0.0001
2017-01-30 05:00:00+00:00;4.888e-05;0.0;0;0;0;0.0;0.173;0.173;0.64405574;0.44597209;0.0001;0.0;0.0001
2017-01-30 06:00:00+00:00;0.00031894;0.0;0;0;0;0.031;0.121;0.121;0.6100119;0.43763403;0.0001;0.001;0.0001
2017-01-30 07:00:00+00:00;0.0004245;0.0;0;0;0;0.161;0.167;0.167;0.63992537;0.45665497;0.0001;0.039;0.0001
2017-01-30 08:00:00+00:00;0.00034137;0.0;0;0;0;0.325;0.268;0.268;0.62405234;0.4149054;0.0001;0.149;0.0001
2017-01-30 09:00:00+00:00;6.403e-05;0.0;0;0;0;0.457;0.248;0.248;0.61414227;0.49304617;0.0001;0.273;0.0001
2017-01-30 10:00:00+00:00;2.117e-05;0.0;0;0;0;0.522;0.199;0.199;0.61285946;0.4881957;0.0001;0.309;0.0001
2017-01-30 11:00:00+00:00;2.073e-05;0.0;0;0;0;0.553;0.172;0.172;0.6015961;0.48710372;0.0001;0.318;0.0001
2017-01-30 12:00:00+00:00;2.043e-05;0.0;0;0;0;0.566;0.184;0.184;0.54862023;0.57773042;0.0001;0.335;0.0001
2017-01-30 13:00:00+00:00;2.045e-05;0.0;0;0;0;0.539;0.212;0.212;0.565621;0.58429928;0.0001;0.308;0.0001
2017-01-30 14:00:00+00:00;2.156e-05;0.0;0;0;0;0.451;0.222;0.222;0.5971556;0.57976203;0.0001;0.209;0.0001
2017-01-30 15:00:00+00:00;2.235e-05;0.0;0;0;0;0.348;0.18;0.18;0.62908491;0.54353166;0.0001;0.132;0.0001
2017-01-30 16:00:00+00:00;2.385e-05;0.0;0;0;0;0.224;0.142;0.142;0.64161699;0.57845842;0.0001;0.063;0.0001
2017-01-30 17:00:00+00:00;4.988e-05;0.0;0;0;0;0.08;0.123;0.123;0.64505661;0.7703947;0.0001;0.01;0.0001
2017-01-30 18:00:00+00:00;0.00036395;0.0;0;0;0;0.001;0.123;0.123;0.7259301;0.86454285;0.0001;0.0;0.0001
2017-01-30 19:00:00+00:00;0.00037523;0.0;0;0;0;0.0;0.173;0.173;0.75057135;0.88189618;0.0001;0.0;0.0001
2017-01-30 20:00:00+00:00;5.27e-05;0.0;0;0;0;0.0;0.189;0.189;0.73156883;0.88491821;0.0001;0.0;0.0001
2017-01-30 21:00:00+00:00;1.811e-05;0.0;0;0;0;0.0;0.167;0.167;0.6908431;0.87704571;0.0001;0.0;0.0001
2017-01-30 22:00:00+00:00;1.17e-05;0.0;0;0;0;0.0;0.177;0.177;0.65678517;0.86545708;0.0001;0.0;0.0001
2017-01-30 23:00:00+00:00;7.9e-07;0.0;0;0;0;0.0;0.212;0.212;0.65830763;0.57776428;0.0001;0.0;0.0001
2017-01-31 00:00:00+00:00;1.8e-06;0.0;0;0;0;0.0;0.208;0.208;0.64273064;0.45924527;0.0001;0.0;0.0001
2017-01-31 01:00:00+00:00;3.77e-06;0.0;0;0;0;0.0;0.212;0.212;0.58183235;0.45557145;0.0001;0.0;0.0001
2017-01-31 02:00:00+00:00;5.5e-06;0.0;0;0;0;0.0;0.239;0.239;0.59189748;0.44231519;0.0001;0.0;0.0001
2017-01-31 03:00:00+00:00;6.95e-06;0.0;0;0;0;0.0;0.244;0.244;0.58780941;0.44272998;0.0001;0.0;0.0001
2017-01-31 04:00:00+00:00;9.12e-06;0.0;0;0;0;0.0;0.234;0.234;0.60447185;0.44033438;0.0001;0.0;0.0001
2017-01-31 05:00:00+00:00;5.157e-05;0.0;0;0;0;0.0;0.216;0.216;0.57952047;0.47208674;0.0001;0.0;0.0001
2017-01-31 06:00:00+00:00;0.00032099;0.0;0;0;0;0.014;0.176;0.176;0.50219939;0.47839319;0.0001;0.0;0.0001
2017-01-31 07:00:00+00:00;0.00042334;0.0;0;0;0;0.081;0.097;0.097;0.54900085;0.47229836;0.0001;0.004;0.0001
2017-01-31 08:00:00+00:00;0.00033872;0.0;0;0;0;0.147;0.289;0.289;0.5532017;0.47284013;0.0001;0.008;0.0001
2017-01-31 09:00:00+00:00;6.469e-05;0.0;0;0;0;0.197;0.4;0.4;0.53536922;0.48525833;0.0001;0.01;0.0001
2017-01-31 10:00:00+00:00;1.97e-05;0.0;0;0;0;0.244;0.412;0.412;0.575376;0.46335928;0.0001;0.014;0.0001
2017-01-31 11:00:00+00:00;2.018e-05;0.0;0;0;0;0.282;0.361;0.361;0.55597878;0.50313649;0.0001;0.018;0.0001
2017-01-31 12:00:00+00:00;2.168e-05;0.0;0;0;0;0.325;0.303;0.303;0.53178862;0.48403937;0.0001;0.028;0.0001
2017-01-31 13:00:00+00:00;2.076e-05;0.0;0;0;0;0.363;0.224;0.224;0.56725623;0.48823802;0.0001;0.045;0.0001
2017-01-31 14:00:00+00:00;2.085e-05;0.0;0;0;0;0.361;0.146;0.146;0.59435033;0.48625721;0.0001;0.059;0.0001
2017-01-31 15:00:00+00:00;2.232e-05;0.0;0;0;0;0.268;0.094;0.094;0.61830084;0.48690902;0.0001;0.034;0.0001
2017-01-31 16:00:00+00:00;2.347e-05;0.0;0;0;0;0.157;0.059;0.059;0.62974746;0.45056861;0.0001;0.013;0.0001
2017-01-31 17:00:00+00:00;4.751e-05;0.0;0;0;0;0.052;0.048;0.048;0.63465315;0.71618459;0.0001;0.002;0.0001
2017-01-31 18:00:00+00:00;0.00036211;0.0;0;0;0;0.0;0.07;0.07;0.70908439;0.84087461;0.0001;0.0;0.0001
2017-01-31 19:00:00+00:00;0.00037795;0.0;0;0;0;0.0;0.117;0.117;0.74494671;0.87928894;0.0001;0.0;0.0001
2017-01-31 20:00:00+00:00;5.321e-05;0.0;0;0;0;0.0;0.143;0.143;0.74107009;0.87590293;0.0001;0.0;0.0001
2017-01-31 21:00:00+00:00;1.8e-05;0.0;0;0;0;0.0;0.158;0.158;0.67874802;0.86342547;0.0001;0.0;0.0001
2017-01-31 22:00:00+00:00;1.154e-05;0.0;0;0;0;0.0;0.161;0.161;0.60410533;0.58622085;0.0001;0.0;0.0001
2017-01-31 23:00:00+00:00;7.8e-07;0.0;0;0;0;0.0;0.143;0.143;0.65365567;0.42929596;0.0001;0.0;0.0001
2017-02-01 00:00:00+00:00;1.4e-06;0.0;0;0;0;0.0;0.103;0.103;0.48518452;0.16388315;0.0001;0.0;0.0001
2017-02-01 01:00:00+00:00;2.96e-06;0.0;0;0;0;0.0;0.069;0.069;0.46964982;0.16760776;0.0001;0.0;0.0001
2017-02-01 02:00:00+00:00;4.15e-06;0.0;0;0;0;0.0;0.051;0.051;0.46403928;0.16625336;0.0001;0.0;0.0001
2017-02-01 03:00:00+00:00;5.44e-06;0.0;0;0;0;0.0;0.04;0.04;0.47046744;0.16828497;0.0001;0.0;0.0001
2017-02-01 04:00:00+00:00;7.4e-06;0.0;0;0;0;0.0;0.038;0.038;0.47145421;0.18927826;0.0001;0.0;0.0001
2017-02-01 05:00:00+00:00;4.734e-05;0.0;0;0;0;0.0;0.047;0.047;0.4324342;0.18995546;0.0001;0.0;0.0001
2017-02-01 06:00:00+00:00;0.00032212;0.0;0;0;0;0.016;0.052;0.052;0.42438491;0.19875911;0.0001;0.0;0.0001
2017-02-01 07:00:00+00:00;0.00042189;0.0;0;0;0;0.086;0.04;0.04;0.48907524;0.18927826;0.0001;0.005;0.0001
2017-02-01 08:00:00+00:00;0.00033808;0.0;0;0;0;0.17;0.102;0.102;0.54766165;0.21535058;0.0001;0.013;0.0001
2017-02-01 09:00:00+00:00;6.002e-05;0.0;0;0;0;0.266;0.171;0.171;0.59660582;0.21772079;0.0001;0.028;0.0001
2017-02-01 10:00:00+00:00;1.749e-05;0.0;0;0;0;0.345;0.207;0.207;0.6335677;0.20756274;0.0001;0.047;0.0001
2017-02-01 11:00:00+00:00;1.84e-05;0.0;0;0;0;0.406;0.227;0.227;0.5953794;0.22821744;0.0001;0.071;0.0001
2017-02-01 12:00:00+00:00;1.843e-05;0.0;0;0;0;0.455;0.256;0.256;0.64507071;0.25936878;0.0001;0.107;0.0001
2017-02-01 13:00:00+00:00;1.829e-05;0.0;0;0;0;0.455;0.269;0.269;0.59261642;0.22449282;0.0001;0.124;0.0001
2017-02-01 14:00:00+00:00;1.874e-05;0.0;0;0;0;0.395;0.254;0.254;0.59082613;0.43611879;0.0001;0.098;0.0001
2017-02-01 15:00:00+00:00;1.965e-05;0.0;0;0;0;0.309;0.196;0.196;0.57164035;0.42325193;0.0001;0.067;0.0001
2017-02-01 16:00:00+00:00;2.197e-05;0.0;0;0;0;0.206;0.131;0.131;0.5558519;0.42799235;0.0001;0.038;0.0001
2017-02-01 17:00:00+00:00;4.675e-05;0.0;0;0;0;0.091;0.095;0.095;0.5407542;0.66602923;0.0001;0.013;0.0001
2017-02-01 18:00:00+00:00;0.00035911;0.0;0;0;0;0.003;0.102;0.102;0.5687223;0.86444974;0.0001;0.0;0.0001
2017-02-01 19:00:00+00:00;0.00037604;0.0;0;0;0;0.0;0.105;0.105;0.72256095;0.86919016;0.0001;0.0;0.0001
2017-02-01 20:00:00+00:00;5.254e-05;0.0;0;0;0;0.0;0.097;0.097;0.71345441;0.87325338;0.0001;0.0;0.0001
2017-02-01 21:00:00+00:00;1.672e-05;0.0;0;0;0;0.0;0.094;0.094;0.61722948;0.88070261;0.0001;0.0;0.0001
2017-02-01 22:00:00+00:00;1.023e-05;0.0;0;0;0;0.0;0.087;0.087;0.62532106;0.35925624;0.0001;0.0;0.0001
2017-02-01 23:00:00+00:00;1.2e-07;0.0;0;0;0;0.0;0.086;0.086;0.51718431;0.18961686;0.0001;0.0;0.0001
2017-02-02 00:00:00+00:00;1.32e-06;0.0;0;0;0;0.0;0.073;0.073;0.60524718;0.23431227;0.0001;0.0;0.0001
2017-02-02 01:00:00+00:00;2.94e-06;0.0;0;0;0;0.0;0.051;0.051;0.56631175;0.23261926;0.0001;0.0;0.0001
2017-02-02 02:00:00+00:00;4.18e-06;0.0;0;0;0;0.0;0.04;0.04;0.5501004;0.24751773;0.0001;0.0;0.0001
2017-02-02 03:00:00+00:00;5.49e-06;0.0;0;0;0;0.0;0.038;0.038;0.50427162;0.24853353;0.0001;0.0;0.0001
2017-02-02 04:00:00+00:00;7.36e-06;0.0;0;0;0;0.0;0.042;0.042;0.53980972;0.24988794;0.0001;0.0;0.0001
2017-02-02 05:00:00+00:00;4.848e-05;0.0;0;0;0;0.0;0.057;0.057;0.56587475;0.24582472;0.0001;0.0;0.0001
2017-02-02 06:00:00+00:00;0.00032173;0.0;0;0;0;0.03;0.079;0.079;0.59454769;0.24819493;0.0001;0.001;0.0001
2017-02-02 07:00:00+00:00;0.00042445;0.0;0;0;0;0.161;0.028;0.028;0.60495114;0.25225815;0.0001;0.038;0.0001
2017-02-02 08:00:00+00:00;0.00033487;0.0;0;0;0;0.312;0.014;0.014;0.5367648;0.32438028;0.0001;0.124;0.0001
2017-02-02 09:00:00+00:00;6.171e-05;0.0;0;0;0;0.442;0.027;0.027;0.54354538;0.36941428;0.0001;0.23;0.0001
2017-02-02 10:00:00+00:00;1.824e-05;0.0;0;0;0;0.538;0.037;0.037;0.54932507;0.36399666;0.0001;0.328;0.0001
2017-02-02 11:00:00+00:00;1.903e-05;0.0;0;0;0;0.584;0.052;0.052;0.55170744;0.35011399;0.0001;0.369;0.0001
2017-02-02 12:00:00+00:00;1.907e-05;0.0;0;0;0;0.564;0.064;0.064;0.47087624;0.35519302;0.0001;0.31;0.0001
2017-02-02 13:00:00+00:00;1.74e-05;0.0;0;0;0;0.508;0.079;0.079;0.52903974;0.56512597;0.0001;0.233;0.0001
2017-02-02 14:00:00+00:00;1.778e-05;0.0;0;0;0;0.45;0.091;0.091;0.58553982;0.56942622;0.0001;0.193;0.0001
2017-02-02 15:00:00+00:00;1.999e-05;0.0;0;0;0;0.359;0.075;0.075;0.56717165;0.5704928;0.0001;0.139;0.0001
2017-02-02 16:00:00+00:00;2.292e-05;0.0;0;0;0;0.23;0.043;0.043;0.58534246;0.563907;0.0001;0.067;0.0001
2017-02-02 17:00:00+00:00;4.779e-05;0.0;0;0;0;0.084;0.034;0.034;0.58685082;0.75670673;0.0001;0.012;0.0001
2017-02-02 18:00:00+00:00;0.00035809;0.0;0;0;0;0.002;0.057;0.057;0.73058205;0.88016085;0.0001;0.0;0.0001
2017-02-02 19:00:00+00:00;0.00036924;0.0;0;0;0;0.0;0.117;0.117;0.80986259;0.86461057;0.0001;0.0;0.0001
2017-02-02 20:00:00+00:00;5.23e-05;0.0;0;0;0;0.0;0.209;0.209;0.75147354;0.87524265;0.0001;0.0;0.0001
2017-02-02 21:00:00+00:00;1.672e-05;0.0;0;0;0;0.0;0.242;0.242;0.69067394;0.88591708;0.0001;0.0;0.0001
2017-02-02 22:00:00+00:00;1.019e-05;0.0;0;0;0;0.0;0.206;0.206;0.67248903;0.58992853;0.0001;0.0;0.0001
2017-02-02 23:00:00+00:00;4e-08;0.0;0;0;0;0.0;0.183;0.183;0.66965557;0.23803688;0.0001;0.0;0.0001
2017-02-03 00:00:00+00:00;1.89e-06;0.0;0;0;0;0.0;0.167;0.167;0.66367852;0.25665997;0.0001;0.0;0.0001
2017-02-03 01:00:00+00:00;4.03e-06;0.0;0;0;0;0.0;0.139;0.139;0.66455252;0.22415422;0.0001;0.0;0.0001
2017-02-03 02:00:00+00:00;5.29e-06;0.0;0;0;0;0.0;0.107;0.107;0.61600305;0.22821744;0.0001;0.0;0.0001
2017-02-03 03:00:00+00:00;6.6e-06;0.0;0;0;0;0.0;0.065;0.065;0.60218817;0.22415422;0.0001;0.0;0.0001
2017-02-03 04:00:00+00:00;9.13e-06;0.0;0;0;0;0.0;0.041;0.041;0.57368439;0.22957185;0.0001;0.0;0.0001
2017-02-03 05:00:00+00:00;4.812e-05;0.0;0;0;0;0.0;0.018;0.018;0.62109201;0.22686303;0.0001;0.0;0.0001
2017-02-03 06:00:00+00:00;0.00032025;0.0;0;0;0;0.027;0.002;0.002;0.66025299;0.22618583;0.0001;0.001;0.0001
2017-02-03 07:00:00+00:00;0.00042307;0.0;0;0;0;0.138;0.0;0.0;0.66765382;0.25496696;0.0001;0.02;0.0001
2017-02-03 08:00:00+00:00;0.00033255;0.0;0;0;0;0.276;0.0;0.0;0.71307379;0.25733717;0.0001;0.067;0.0001
2017-02-03 09:00:00+00:00;6.419e-05;0.0;0;0;0;0.4;0.0;0.0;0.69954084;0.25327395;0.0001;0.135;0.0001
2017-02-03 10:00:00+00:00;2.09e-05;0.0;0;0;0;0.469;0.0;0.0;0.67387052;0.25665997;0.0001;0.166;0.0001
2017-02-03 11:00:00+00:00;2.045e-05;0.0;0;0;0;0.47;0.0;0.0;0.72123585;0.33182951;0.0001;0.136;0.0001
2017-02-03 12:00:00+00:00;2.164e-05;0.0;0;0;0;0.462;0.0;0.0;0.66493313;0.36873708;0.0001;0.119;0.0001
2017-02-03 13:00:00+00:00;2.087e-05;0.0;0;0;0;0.425;0.0;0.0;0.68610657;0.36975288;0.0001;0.096;0.0001
2017-02-03 14:00:00+00:00;2.073e-05;0.0;0;0;0;0.347;0.001;0.001;0.67365907;0.58476486;0.0001;0.06;0.0001
2017-02-03 15:00:00+00:00;2.202e-05;0.0;0;0;0;0.26;0.003;0.003;0.71898036;0.55361352;0.0001;0.036;0.0001
2017-02-03 16:00:00+00:00;2.328e-05;0.0;0;0;0;0.146;0.006;0.006;0.69546686;0.58544207;0.0001;0.013;0.0001
2017-02-03 17:00:00+00:00;4.877e-05;0.0;0;0;0;0.047;0.008;0.008;0.67289784;0.77336592;0.0001;0.002;0.0001
2017-02-03 18:00:00+00:00;0.00036496;0.0;0;0;0;0.0;0.008;0.008;0.78828035;0.89086066;0.0001;0.0;0.0001
2017-02-03 19:00:00+00:00;0.00038339;0.0;0;0;0;0.0;0.011;0.011;0.88460396;0.88916765;0.0001;0.0;0.0001
2017-02-03 20:00:00+00:00;5.52e-05;0.0;0;0;0;0.0;0.019;0.019;0.80611284;0.89526248;0.0001;0.0;0.0001
2017-02-03 21:00:00+00:00;1.799e-05;0.0;0;0;0;0.0;0.037;0.037;0.7343459;0.88341142;0.0001;0.0;0.0001
2017-02-03 22:00:00+00:00;1.156e-05;0.0;0;0;0;0.0;0.066;0.066;0.68541582;0.37110729;0.0001;0.0;0.0001
2017-02-03 23:00:00+00:00;6.9e-07;0.0;0;0;0;0.0;0.101;0.101;0.68073567;0.24616332;0.0001;0.0;0.0001
2017-02-04 00:00:00+00:00;1.78e-06;0.0;0;0;0;0.0;0.113;0.113;0.71665439;0.45778928;0.0001;0.0;0.0001
2017-02-04 01:00:00+00:00;3.86e-06;0.0;0;0;0;0.0;0.095;0.095;0.69588976;0.23803688;0.0001;0.0;0.0001
2017-02-04 02:00:00+00:00;5.22e-06;0.0;0;0;0;0.0;0.065;0.065;0.71015575;0.24006849;0.0001;0.0;0.0001
2017-02-04 03:00:00+00:00;7.01e-06;0.0;0;0;0;0.0;0.034;0.034;0.69645364;0.23769828;0.0001;0.0;0.0001
2017-02-04 04:00:00+00:00;9.01e-06;0.0;0;0;0;0.0;0.016;0.016;0.70451702;0.2410843;0.0001;0.0;0.0001
2017-02-04 05:00:00+00:00;5.116e-05;0.0;0;0;0;0.0;0.021;0.021;0.71520241;0.25090374;0.0001;0.0;0.0001
2017-02-04 06:00:00+00:00;0.00032591;0.0;0;0;0;0.029;0.046;0.046;0.68524666;0.25428976;0.0001;0.001;0.0001
2017-02-04 07:00:00+00:00;0.00042554;0.0;0;0;0;0.161;0.01;0.01;0.69889239;0.25259675;0.0001;0.04;0.0001
2017-02-04 08:00:00+00:00;0.00033904;0.0;0;0;0;0.3;0.013;0.013;0.70006242;0.45169446;0.0001;0.109;0.0001
2017-02-04 09:00:00+00:00;6.435e-05;0.0;0;0;0;0.405;0.041;0.041;0.71637245;0.46456131;0.0001;0.169;0.0001
2017-02-04 10:00:00+00:00;2.047e-05;0.0;0;0;0;0.497;0.053;0.053;0.72373099;0.46964034;0.0001;0.247;0.0001
2017-02-04 11:00:00+00:00;2.125e-05;0.0;0;0;0;0.567;0.052;0.052;0.71914952;0.4608367;0.0001;0.337;0.0001
2017-02-04 12:00:00+00:00;2.056e-05;0.0;0;0;0;0.591;0.049;0.049;0.69586157;0.50891812;0.0001;0.382;0.0001
2017-02-04 13:00:00+00:00;2.171e-05;0.0;0;0;0;0.566;0.041;0.041;0.71205882;0.50282329;0.0001;0.364;0.0001
2017-02-04 14:00:00+00:00;1.989e-05;0.0;0;0;0;0.498;0.033;0.033;0.727227;0.5045163;0.0001;0.3;0.0001
2017-02-04 15:00:00+00:00;2.239e-05;0.0;0;0;0;0.398;0.028;0.028;0.71510374;0.50383909;0.0001;0.217;0.0001
2017-02-04 16:00:00+00:00;2.446e-05;0.0;0;0;0;0.254;0.029;0.029;0.72666313;0.50248469;0.0001;0.102;0.0001
2017-02-04 17:00:00+00:00;4.894e-05;0.0;0;0;0;0.094;0.043;0.043;0.71910723;0.75474284;0.0001;0.018;0.0001
2017-02-04 18:00:00+00:00;0.00036079;0.0;0;0;0;0.002;0.088;0.088;0.80636658;0.8773166;0.0001;0.0;0.0001
2017-02-04 19:00:00+00:00;0.00037345;0.0;0;0;0;0.0;0.164;0.164;0.83931086;0.88002541;0.0001;0.0;0.0001
2017-02-04 20:00:00+00:00;5.452e-05;0.0;0;0;0;0.0;0.198;0.198;0.78668741;0.8773166;0.0001;0.0;0.0001
2017-02-04 21:00:00+00:00;1.816e-05;0.0;0;0;0;0.0;0.208;0.208;0.72442173;0.87393058;0.0001;0.0;0.0001
2017-02-04 22:00:00+00:00;1.136e-05;0.0;0;0;0;0.0;0.21;0.21;0.72288518;0.60304935;0.0001;0.0;0.0001
2017-02-04 23:00:00+00:00;7.1e-07;0.0;0;0;0;0.0;0.205;0.205;0.71531519;0.24447031;0.0001;0.0;0.0001
2017-02-05 00:00:00+00:00;1.96e-06;0.0;0;0;0;0.0;0.204;0.204;0.54450396;0.22550863;0.0001;0.0;0.0001
2017-02-05 01:00:00+00:00;4.2e-06;0.0;0;0;0;0.0;0.205;0.205;0.52682654;0.20248372;0.0001;0.0;0.0001
2017-02-05 02:00:00+00:00;5.27e-06;0.0;0;0;0;0.0;0.216;0.216;0.50249542;0.20417673;0.0001;0.0;0.0001
2017-02-05 03:00:00+00:00;6.79e-06;0.0;0;0;0;0.0;0.228;0.228;0.47307535;0.20282232;0.0001;0.0;0.0001
2017-02-05 04:00:00+00:00;8.84e-06;0.0;0;0;0;0.0;0.252;0.252;0.48501536;0.2187366;0.0001;0.0;0.0001
2017-02-05 05:00:00+00:00;4.889e-05;0.0;0;0;0;0.0;0.548;0.548;0.50716147;0.21839799;0.0001;0.0;0.0001
2017-02-05 06:00:00+00:00;0.00032219;0.0;0;0;0;0.016;0.566;0.566;0.44898387;0.2194138;0.0001;0.0;0.0001
2017-02-05 07:00:00+00:00;0.00042444;0.0;0;0;0;0.092;0.422;0.422;0.48191406;0.24921073;0.0001;0.005;0.0001
2017-02-05 08:00:00+00:00;0.00033751;0.0;0;0;0;0.182;0.306;0.306;0.50888128;0.25090374;0.0001;0.014;0.0001
2017-02-05 09:00:00+00:00;6.253e-05;0.0;0;0;0;0.264;0.421;0.421;0.52197723;0.25327395;0.0001;0.026;0.0001
2017-02-05 10:00:00+00:00;2.049e-05;0.0;0;0;0;0.329;0.385;0.385;0.55370919;0.25090374;0.0001;0.037;0.0001
2017-02-05 11:00:00+00:00;2.122e-05;0.0;0;0;0;0.348;0.26;0.26;0.52056755;0.25124234;0.0001;0.038;0.0001
2017-02-05 12:00:00+00:00;2.156e-05;0.0;0;0;0;0.367;0.144;0.144;0.50318617;0.220091;0.0001;0.043;0.0001
2017-02-05 13:00:00+00:00;2.115e-05;0.0;0;0;0;0.35;0.075;0.075;0.52048297;0.220091;0.0001;0.041;0.0001
2017-02-05 14:00:00+00:00;2.094e-05;0.0;0;0;0;0.296;0.032;0.032;0.55480874;0.2197524;0.0001;0.03;0.0001
2017-02-05 15:00:00+00:00;2.152e-05;0.0;0;0;0;0.222;0.008;0.008;0.58191693;0.4178343;0.0001;0.019;0.0001
2017-02-05 16:00:00+00:00;2.285e-05;0.0;0;0;0;0.137;0.002;0.002;0.60669915;0.41072367;0.0001;0.009;0.0001
2017-02-05 17:00:00+00:00;4.806e-05;0.0;0;0;0;0.051;0.005;0.005;0.61784974;0.72596171;0.0001;0.002;0.0001
2017-02-05 18:00:00+00:00;0.000368;0.0;0;0;0;0.001;0.009;0.009;0.74666652;0.84481085;0.0001;0.0;0.0001
2017-02-05 19:00:00+00:00;0.00037652;0.0;0;0;0;0.0;0.017;0.017;0.72452041;0.88781324;0.0001;0.0;0.0001
2017-02-05 20:00:00+00:00;5.332e-05;0.0;0;0;0;0.0;0.022;0.022;0.7179231;0.88612024;0.0001;0.0;0.0001
2017-02-05 21:00:00+00:00;1.82e-05;0.0;0;0;0;0.0;0.024;0.024;0.63283466;0.86106372;0.0001;0.0;0.0001
2017-02-05 22:00:00+00:00;1.13e-05;0.0;0;0;0;0.0;0.03;0.03;0.60932116;0.34909819;0.0001;0.0;0.0001
2017-02-05 23:00:00+00:00;7.9e-07;0.0;0;0;0;0.0;0.042;0.042;0.59282788;0.22415422;0.0001;0.0;0.0001
2017-02-06 00:00:00+00:00;1.99e-06;0.0;0;0;0;0.0;0.057;0.057;0.38949527;0.21128736;0.0001;0.0;0.0001
2017-02-06 01:00:00+00:00;3.74e-06;0.0;0;0;0;0.0;0.059;0.059;0.37566629;0.20959435;0.0001;0.0;0.0001
2017-02-06 02:00:00+00:00;5.65e-06;0.0;0;0;0;0.0;0.043;0.043;0.34469556;0.1974047;0.0001;0.0;0.0001
2017-02-06 03:00:00+00:00;6.72e-06;0.0;0;0;0;0.0;0.024;0.024;0.31113102;0.21094876;0.0001;0.0;0.0001
2017-02-06 04:00:00+00:00;8.88e-06;0.0;0;0;0;0.0;0.017;0.017;0.3205477;0.21331897;0.0001;0.0;0.0001
2017-02-06 05:00:00+00:00;5.13e-05;0.0;0;0;0;0.0;0.003;0.003;0.37845746;0.20790135;0.0001;0.0;0.0001
2017-02-06 06:00:00+00:00;0.00031992;0.0;0;0;0;0.036;0.001;0.001;0.39225825;0.21094876;0.0001;0.009;0.0001
2017-02-06 07:00:00+00:00;0.00043168;0.0;0;0;0;0.229;0.012;0.012;0.45940143;0.25090374;0.0001;0.179;0.0001
2017-02-06 08:00:00+00:00;0.00033379;0.0;0;0;0;0.424;0.035;0.035;0.50896586;0.25191955;0.0001;0.402;0.0001
2017-02-06 09:00:00+00:00;6.515e-05;0.0;0;0;0;0.564;0.076;0.076;0.48635456;0.25259675;0.0001;0.573;0.0001
2017-02-06 10:00:00+00:00;2.174e-05;0.0;0;0;0;0.646;0.116;0.116;0.48335193;0.25225815;0.0001;0.666;0.0001
2017-02-06 11:00:00+00:00;2.081e-05;0.0;0;0;0;0.681;0.127;0.127;0.47559868;0.2421001;0.0001;0.695;0.0001
2017-02-06 12:00:00+00:00;2.123e-05;0.0;0;0;0;0.676;0.12;0.12;0.48732724;0.26038459;0.0001;0.665;0.0001
2017-02-06 13:00:00+00:00;2.158e-05;0.0;0;0;0;0.641;0.117;0.117;0.48400039;0.25767577;0.0001;0.609;0.0001
2017-02-06 14:00:00+00:00;2.154e-05;0.0;0;0;0;0.544;0.107;0.107;0.51928474;0.24751773;0.0001;0.45;0.0001
2017-02-06 15:00:00+00:00;2.126e-05;0.0;0;0;0;0.409;0.078;0.078;0.51420988;0.24819493;0.0001;0.27;0.0001
2017-02-06 16:00:00+00:00;2.26e-05;0.0;0;0;0;0.254;0.059;0.059;0.484381;0.46456131;0.0001;0.118;0.0001
2017-02-06 17:00:00+00:00;4.905e-05;0.0;0;0;0;0.081;0.048;0.048;0.52684064;0.75304983;0.0001;0.015;0.0001
2017-02-06 18:00:00+00:00;0.00036113;0.0;0;0;0;0.001;0.052;0.052;0.70735048;0.88984485;0.0001;0.0;0.0001
2017-02-06 19:00:00+00:00;0.00037263;0.0;0;0;0;0.0;0.051;0.051;0.72287108;0.89356947;0.0001;0.0;0.0001
2017-02-06 20:00:00+00:00;5.476e-05;0.0;0;0;0;0.0;0.046;0.046;0.62608228;0.88137981;0.0001;0.0;0.0001
2017-02-06 21:00:00+00:00;1.784e-05;0.0;0;0;0;0.0;0.047;0.047;0.55308893;0.85226008;0.0001;0.0;0.0001
2017-02-06 22:00:00+00:00;1.122e-05;0.0;0;0;0;0.0;0.058;0.058;0.43977865;0.33453832;0.0001;0.0;0.0001
2017-02-06 23:00:00+00:00;9.1e-07;0.0;0;0;0;0.0;0.097;0.097;0.43529586;0.20925575;0.0001;0.0;0.0001
2017-02-07 00:00:00+00:00;1.64e-06;0.0;0;0;0;0.0;0.141;0.141;0.3592012;0.18758525;0.0001;0.0;0.0001
2017-02-07 01:00:00+00:00;3.97e-06;0.0;0;0;0;0.0;0.16;0.16;0.35112372;0.18758525;0.0001;0.0;0.0001
2017-02-07 02:00:00+00:00;5.13e-06;0.0;0;0;0;0.0;0.157;0.157;0.31676975;0.18318343;0.0001;0.0;0.0001
2017-02-07 03:00:00+00:00;6.96e-06;0.0;0;0;0;0.0;0.132;0.132;0.30998918;0.1764114;0.0001;0.0;0.0001
2017-02-07 04:00:00+00:00;9.04e-06;0.0;0;0;0;0.0;0.116;0.116;0.33585685;0.20282232;0.0001;0.0;0.0001
2017-02-07 05:00:00+00:00;4.922e-05;0.0;0;0;0;0.0;0.097;0.097;0.36259853;0.20146792;0.0001;0.0;0.0001
2017-02-07 06:00:00+00:00;0.00032374;0.0;0;0;0;0.024;0.048;0.048;0.36145669;0.21602778;0.0001;0.001;0.0001
2017-02-07 07:00:00+00:00;0.00041991;0.0;0;0;0;0.147;0.01;0.01;0.42270739;0.25293535;0.0001;0.033;0.0001
2017-02-07 08:00:00+00:00;0.0003408;0.0;0;0;0;0.299;0.006;0.006;0.45670893;0.25665997;0.0001;0.122;0.0001
2017-02-07 09:00:00+00:00;6.346e-05;0.0;0;0;0;0.454;0.004;0.004;0.45835826;0.25327395;0.0001;0.286;0.0001
2017-02-07 10:00:00+00:00;2.153e-05;0.0;0;0;0;0.59;0.004;0.004;0.41565898;0.2204296;0.0001;0.499;0.0001
2017-02-07 11:00:00+00:00;2.088e-05;0.0;0;0;0;0.669;0.005;0.005;0.38701423;0.22212261;0.0001;0.649;0.0001
2017-02-07 12:00:00+00:00;2.096e-05;0.0;0;0;0;0.683;0.005;0.005;0.35326643;0.18724665;0.0001;0.677;0.0001
2017-02-07 13:00:00+00:00;2.038e-05;0.0;0;0;0;0.652;0.007;0.007;0.40419826;0.21670499;0.0001;0.635;0.0001
2017-02-07 14:00:00+00:00;2.119e-05;0.0;0;0;0;0.58;0.008;0.008;0.43636722;0.23397366;0.0001;0.542;0.0001
2017-02-07 15:00:00+00:00;2.222e-05;0.0;0;0;0;0.459;0.009;0.009;0.45253627;0.44864704;0.0001;0.39;0.0001
2017-02-07 16:00:00+00:00;2.353e-05;0.0;0;0;0;0.312;0.007;0.007;0.44878652;0.47505796;0.0001;0.24;0.0001
2017-02-07 17:00:00+00:00;4.78e-05;0.0;0;0;0;0.121;0.009;0.009;0.50779583;0.75711305;0.0001;0.057;0.0001
2017-02-07 18:00:00+00:00;0.00036612;0.0;0;0;0;0.003;0.017;0.017;0.69911794;0.88679744;0.0001;0.001;0.0001
2017-02-07 19:00:00+00:00;0.00037917;0.0;0;0;0;0.0;0.026;0.026;0.67722557;0.88578163;0.0001;0.0;0.0001
2017-02-07 20:00:00+00:00;5.332e-05;0.0;0;0;0;0.0;0.022;0.022;0.59621111;0.89560108;0.0001;0.0;0.0001
2017-02-07 21:00:00+00:00;1.787e-05;0.0;0;0;0;0.0;0.015;0.015;0.49822408;0.85090568;0.0001;0.0;0.0001
2017-02-07 22:00:00+00:00;1.128e-05;0.0;0;0;0;0.0;0.014;0.014;0.45717413;0.31591524;0.0001;0.0;0.0001
2017-02-07 23:00:00+00:00;6.8e-07;0.0;0;0;0;0.0;0.02;0.02;0.44498037;0.21027156;0.0001;0.0;0.0001
2017-02-08 00:00:00+00:00;1.35e-06;0.0;0;0;0;0.0;0.029;0.029;0.37754117;0.16760776;0.0001;0.0;0.0001
2017-02-08 01:00:00+00:00;2.89e-06;0.0;0;0;0;0.0;0.035;0.035;0.35883468;0.16659196;0.0001;0.0;0.0001
2017-02-08 02:00:00+00:00;4.14e-06;0.0;0;0;0;0.0;0.033;0.033;0.33148684;0.17133238;0.0001;0.0;0.0001
2017-02-08 03:00:00+00:00;5.37e-06;0.0;0;0;0;0.0;0.026;0.026;0.35866552;0.18690805;0.0001;0.0;0.0001
2017-02-08 04:00:00+00:00;7.3e-06;0.0;0;0;0;0.0;0.017;0.017;0.3658408;0.19232568;0.0001;0.0;0.0001
2017-02-08 05:00:00+00:00;4.815e-05;0.0;0;0;0;0.0;0.011;0.011;0.42431443;0.19334148;0.0001;0.0;0.0001
2017-02-08 06:00:00+00:00;0.00032026;0.0;0;0;0;0.024;0.005;0.005;0.41274094;0.21467338;0.0001;0.001;0.0001
2017-02-08 07:00:00+00:00;0.00042241;0.0;0;0;0;0.142;0.002;0.002;0.36603816;0.25327395;0.0001;0.026;0.0001
2017-02-08 08:00:00+00:00;0.00034021;0.0;0;0;0;0.3;0.003;0.003;0.43210997;0.25496696;0.0001;0.11;0.0001
2017-02-08 09:00:00+00:00;6.197e-05;0.0;0;0;0;0.452;0.003;0.003;0.42465275;0.19300288;0.0001;0.256;0.0001
2017-02-08 10:00:00+00:00;1.788e-05;0.0;0;0;0;0.545;0.01;0.01;0.4453046;0.19435728;0.0001;0.353;0.0001
2017-02-08 11:00:00+00:00;1.748e-05;0.0;0;0;0;0.567;0.048;0.048;0.49090783;0.25158095;0.0001;0.341;0.0001
2017-02-08 12:00:00+00:00;1.886e-05;0.0;0;0;0;0.561;0.12;0.12;0.41454533;0.25598277;0.0001;0.311;0.0001
2017-02-08 13:00:00+00:00;1.902e-05;0.0;0;0;0;0.504;0.189;0.189;0.45591951;0.22652443;0.0001;0.23;0.0001
2017-02-08 14:00:00+00:00;1.83e-05;0.0;0;0;0;0.433;0.225;0.225;0.44839181;0.23194206;0.0001;0.169;0.0001
2017-02-08 15:00:00+00:00;1.877e-05;0.0;0;0;0;0.324;0.206;0.206;0.40701763;0.22618583;0.0001;0.098;0.0001
2017-02-08 16:00:00+00:00;2.128e-05;0.0;0;0;0;0.207;0.146;0.146;0.40769427;0.46523852;0.0001;0.048;0.0001
2017-02-08 17:00:00+00:00;4.749e-05;0.0;0;0;0;0.082;0.131;0.131;0.4870312;0.75135682;0.0001;0.012;0.0001
2017-02-08 18:00:00+00:00;0.0003642;0.0;0;0;0;0.002;0.116;0.116;0.75092377;0.78420117;0.0001;0.0;0.0001
2017-02-08 19:00:00+00:00;0.00037363;0.0;0;0;0;0.0;0.098;0.098;0.72230721;0.88849045;0.0001;0.0;0.0001
2017-02-08 20:00:00+00:00;5.224e-05;0.0;0;0;0;0.0;0.133;0.133;0.65458607;0.89255366;0.0001;0.0;0.0001
2017-02-08 21:00:00+00:00;1.682e-05;0.0;0;0;0;0.0;0.171;0.171;0.52930758;0.85361449;0.0001;0.0;0.0001
2017-02-08 22:00:00+00:00;1.034e-05;0.0;0;0;0;0.0;0.19;0.19;0.41102112;0.32810489;0.0001;0.0;0.0001
2017-02-08 23:00:00+00:00;5e-08;0.0;0;0;0;0.0;0.214;0.214;0.36647516;0.20214512;0.0001;0.0;0.0001
2017-02-09 00:00:00+00:00;1.35e-06;0.0;0;0;0;0.0;0.218;0.218;0.26468199;0.16591475;0.0001;0.0;0.0001
2017-02-09 01:00:00+00:00;2.95e-06;0.0;0;0;0;0.0;0.185;0.185;0.21790872;0.16659196;0.0001;0.0;0.0001
2017-02-09 02:00:00+00:00;4.17e-06;0.0;0;0;0;0.0;0.199;0.199;0.21838801;0.16422175;0.0001;0.0;0.0001
2017-02-09 03:00:00+00:00;5.46e-06;0.0;0;0;0;0.0;0.234;0.234;0.21477922;0.16693056;0.0001;0.0;0.0001
2017-02-09 04:00:00+00:00;7.33e-06;0.0;0;0;0;0.0;0.26;0.26;0.20165508;0.19130987;0.0001;0.0;0.0001
2017-02-09 05:00:00+00:00;4.898e-05;0.0;0;0;0;0.0;0.258;0.258;0.2664018;0.19266428;0.0001;0.0;0.0001
2017-02-09 06:00:00+00:00;0.00032172;0.0;0;0;0;0.02;0.225;0.225;0.29503245;0.19029407;0.0001;0.0;0.0001
2017-02-09 07:00:00+00:00;0.00042473;0.0;0;0;0;0.094;0.139;0.139;0.37312886;0.25327395;0.0001;0.006;0.0001
2017-02-09 08:00:00+00:00;0.00033276;0.0;0;0;0;0.186;0.113;0.113;0.43367472;0.25293535;0.0001;0.016;0.0001
2017-02-09 09:00:00+00:00;6.017e-05;0.0;0;0;0;0.273;0.145;0.145;0.44764468;0.25056514;0.0001;0.031;0.0001
2017-02-09 10:00:00+00:00;1.763e-05;0.0;0;0;0;0.347;0.191;0.191;0.41998671;0.17945882;0.0001;0.049;0.0001
2017-02-09 11:00:00+00:00;1.845e-05;0.0;0;0;0;0.419;0.244;0.244;0.41946512;0.34503497;0.0001;0.079;0.0001
2017-02-09 12:00:00+00:00;1.888e-05;0.0;0;0;0;0.448;0.235;0.235;0.33846477;0.3507912;0.0001;0.097;0.0001
2017-02-09 13:00:00+00:00;1.841e-05;0.0;0;0;0;0.38;0.103;0.103;0.38511116;0.34503497;0.0001;0.06;0.0001
2017-02-09 14:00:00+00:00;1.869e-05;0.0;0;0;0;0.318;0.038;0.038;0.41179645;0.34672798;0.0001;0.042;0.0001
2017-02-09 15:00:00+00:00;2.012e-05;0.0;0;0;0;0.231;0.028;0.028;0.42637257;0.42359053;0.0001;0.023;0.0001
2017-02-09 16:00:00+00:00;2.169e-05;0.0;0;0;0;0.125;0.028;0.028;0.44090639;0.4391662;0.0001;0.008;0.0001
2017-02-09 17:00:00+00:00;4.667e-05;0.0;0;0;0;0.034;0.017;0.017;0.44292224;0.745262;0.0001;0.001;0.0001
2017-02-09 18:00:00+00:00;0.00036356;0.0;0;0;0;0.0;0.033;0.033;0.68231452;0.88036401;0.0001;0.0;0.0001
2017-02-09 19:00:00+00:00;0.00037354;0.0;0;0;0;0.0;0.137;0.137;0.69180168;0.88341142;0.0001;0.0;0.0001
2017-02-09 20:00:00+00:00;5.323e-05;0.0;0;0;0;0.0;0.205;0.205;0.62226205;0.88578163;0.0001;0.0;0.0001
2017-02-09 21:00:00+00:00;1.67e-05;0.0;0;0;0;0.0;0.155;0.155;0.50317207;0.84210203;0.0001;0.0;0.0001
2017-02-09 22:00:00+00:00;1.036e-05;0.0;0;0;0;0.0;0.115;0.115;0.42661221;0.55733814;0.0001;0.0;0.0001
2017-02-09 23:00:00+00:00;6e-08;0.0;0;0;0;0.0;0.09;0.09;0.31448607;0.16388315;0.0001;0.0;0.0001
2017-02-10 00:00:00+00:00;2.02e-06;0.0;0;0;0;0.0;0.091;0.091;0.29710468;0.15643391;0.0001;0.0;0.0001
2017-02-10 01:00:00+00:00;3.69e-06;0.0;0;0;0;0.0;0.091;0.091;0.25695693;0.15880412;0.0001;0.0;0.0001
2017-02-10 02:00:00+00:00;5.42e-06;0.0;0;0;0;0.0;0.093;0.093;0.20437577;0.15711111;0.0001;0.0;0.0001
2017-02-10 03:00:00+00:00;6.61e-06;0.0;0;0;0;0.0;0.105;0.105;0.20544713;0.15880412;0.0001;0.0;0.0001
2017-02-10 04:00:00+00:00;8.82e-06;0.0;0;0;0;0.0;0.149;0.149;0.19674938;0.1757342;0.0001;0.0;0.0001
2017-02-10 05:00:00+00:00;5.047e-05;0.0;0;0;0;0.0;0.244;0.244;0.20093614;0.17912022;0.0001;0.0;0.0001
2017-02-10 06:00:00+00:00;0.00032254;0.0;0;0;0;0.008;0.291;0.291;0.22305406;0.18352204;0.0001;0.0;0.0001
2017-02-10 07:00:00+00:00;0.00042486;0.0;0;0;0;0.068;0.247;0.247;0.27019384;0.18284483;0.0001;0.003;0.0001
2017-02-10 08:00:00+00:00;0.00033835;0.0;0;0;0;0.168;0.238;0.238;0.28426248;0.18589225;0.0001;0.014;0.0001
2017-02-10 09:00:00+00:00;6.348e-05;0.0;0;0;0;0.287;0.251;0.251;0.33471501;0.18115182;0.0001;0.041;0.0001
2017-02-10 10:00:00+00:00;2.087e-05;0.0;0;0;0;0.383;0.27;0.27;0.36968923;0.17370259;0.0001;0.078;0.0001
2017-02-10 11:00:00+00:00;2.068e-05;0.0;0;0;0;0.434;0.275;0.275;0.3441035;0.15948133;0.0001;0.105;0.0001
2017-02-10 12:00:00+00:00;2.045e-05;0.0;0;0;0;0.487;0.19;0.19;0.3343344;0.15812692;0.0001;0.159;0.0001
2017-02-10 13:00:00+00:00;2.017e-05;0.0;0;0;0;0.502;0.107;0.107;0.34993958;0.15643391;0.0001;0.205;0.0001
2017-02-10 14:00:00+00:00;2.067e-05;0.0;0;0;0;0.446;0.05;0.05;0.37718874;0.15812692;0.0001;0.18;0.0001
2017-02-10 15:00:00+00:00;2.143e-05;0.0;0;0;0;0.371;0.023;0.023;0.35982146;0.15846552;0.0001;0.153;0.0001
2017-02-10 16:00:00+00:00;2.389e-05;0.0;0;0;0;0.258;0.014;0.014;0.3272014;0.37923373;0.0001;0.103;0.0001
2017-02-10 17:00:00+00:00;5.034e-05;0.0;0;0;0;0.114;0.017;0.017;0.34124184;0.67957329;0.0001;0.035;0.0001
2017-02-10 18:00:00+00:00;0.00036233;0.0;0;0;0;0.003;0.028;0.028;0.59632389;0.87122177;0.0001;0.0;0.0001
2017-02-10 19:00:00+00:00;0.00037703;0.0;0;0;0;0.0;0.048;0.048;0.60022871;0.87257617;0.0001;0.0;0.0001
2017-02-10 20:00:00+00:00;5.34e-05;0.0;0;0;0;0.0;0.063;0.063;0.55992588;0.8349914;0.0001;0.0;0.0001
2017-02-10 21:00:00+00:00;1.781e-05;0.0;0;0;0;0.0;0.071;0.071;0.50648482;0.83160539;0.0001;0.0;0.0001
2017-02-10 22:00:00+00:00;1.149e-05;0.0;0;0;0;0.0;0.077;0.077;0.43220865;0.28070068;0.0001;0.0;0.0001
2017-02-10 23:00:00+00:00;8.8e-07;0.0;0;0;0;0.0;0.069;0.069;0.36784255;0.15101629;0.0001;0.0;0.0001
2017-02-11 00:00:00+00:00;1.73e-06;0.0;0;0;0;0.0;0.051;0.051;0.2033326;0.13848803;0.0001;0.0;0.0001
2017-02-11 01:00:00+00:00;3.83e-06;0.0;0;0;0;0.0;0.033;0.033;0.16989493;0.14492146;0.0001;0.0;0.0001
2017-02-11 02:00:00+00:00;5.33e-06;0.0;0;0;0;0.0;0.02;0.02;0.18576796;0.15914273;0.0001;0.0;0.0001
2017-02-11 03:00:00+00:00;7.08e-06;0.0;0;0;0;0.0;0.013;0.013;0.18435828;0.17471839;0.0001;0.0;0.0001
2017-02-11 04:00:00+00:00;9.23e-06;0.0;0;0;0;0.0;0.014;0.014;0.19422605;0.17675;0.0001;0.0;0.0001
2017-02-11 05:00:00+00:00;5.284e-05;0.0;0;0;0;0.0;0.03;0.03;0.19322518;0.175057;0.0001;0.0;0.0001
2017-02-11 06:00:00+00:00;0.00032205;0.0;0;0;0;0.034;0.053;0.053;0.19361989;0.23600527;0.0001;0.005;0.0001
2017-02-11 07:00:00+00:00;0.00042768;0.0;0;0;0;0.198;0.034;0.034;0.19811678;0.23363506;0.0001;0.11;0.0001
2017-02-11 08:00:00+00:00;0.0003372;0.0;0;0;0;0.372;0.025;0.025;0.23963193;0.23803688;0.0001;0.282;0.0001
2017-02-11 09:00:00+00:00;6.428e-05;0.0;0;0;0;0.514;0.024;0.024;0.24472088;0.23600527;0.0001;0.452;0.0001
2017-02-11 10:00:00+00:00;1.934e-05;0.0;0;0;0;0.619;0.018;0.018;0.19643926;0.15507951;0.0001;0.603;0.0001
2017-02-11 11:00:00+00:00;2.121e-05;0.0;0;0;0;0.685;0.014;0.014;0.23988567;0.14796887;0.0001;0.714;0.0001
2017-02-11 12:00:00+00:00;2.205e-05;0.0;0;0;0;0.7;0.013;0.013;0.21018366;0.1533865;0.0001;0.744;0.0001
2017-02-11 13:00:00+00:00;2.143e-05;0.0;0;0;0;0.674;0.014;0.014;0.22196861;0.15914273;0.0001;0.715;0.0001
2017-02-11 14:00:00+00:00;2.092e-05;0.0;0;0;0;0.596;0.016;0.016;0.21768317;0.1544023;0.0001;0.603;0.0001
2017-02-11 15:00:00+00:00;2.261e-05;0.0;0;0;0;0.469;0.014;0.014;0.22026289;0.36467386;0.0001;0.429;0.0001
2017-02-11 16:00:00+00:00;2.372e-05;0.0;0;0;0;0.303;0.007;0.007;0.24567947;0.37178449;0.0001;0.23;0.0001
2017-02-11 17:00:00+00:00;4.836e-05;0.0;0;0;0;0.116;0.002;0.002;0.27316827;0.69718057;0.0001;0.054;0.0001
2017-02-11 18:00:00+00:00;0.0003615;0.0;0;0;0;0.002;0.003;0.003;0.43085536;0.86681995;0.0001;0.0;0.0001
2017-02-11 19:00:00+00:00;0.00037676;0.0;0;0;0;0.0;0.007;0.007;0.43385798;0.85903211;0.0001;0.0;0.0001
2017-02-11 20:00:00+00:00;5.375e-05;0.0;0;0;0;0.0;0.02;0.02;0.38349002;0.86309533;0.0001;0.0;0.0001
2017-02-11 21:00:00+00:00;1.797e-05;0.0;0;0;0;0.0;0.05;0.05;0.31314687;0.82720357;0.0001;0.0;0.0001
2017-02-11 22:00:00+00:00;1.147e-05;0.0;0;0;0;0.0;0.1;0.1;0.26463969;0.29898516;0.0001;0.0;0.0001
2017-02-11 23:00:00+00:00;8.7e-07;0.0;0;0;0;0.0;0.129;0.129;0.20516519;0.14627587;0.0001;0.0;0.0001
2017-02-12 00:00:00+00:00;1.86e-06;0.0;0;0;0;0.0;0.126;0.126;0.46966392;0.15067769;0.0001;0.0;0.0001
2017-02-12 01:00:00+00:00;3.61e-06;0.0;0;0;0;0.0;0.112;0.112;0.42903687;0.14830747;0.0001;0.0;0.0001
2017-02-12 02:00:00+00:00;5.46e-06;0.0;0;0;0;0.0;0.103;0.103;0.40070225;0.15270929;0.0001;0.0;0.0001
2017-02-12 03:00:00+00:00;7.04e-06;0.0;0;0;0;0.0;0.092;0.092;0.38412438;0.18521504;0.0001;0.0;0.0001
2017-02-12 04:00:00+00:00;9.03e-06;0.0;0;0;0;0.0;0.07;0.07;0.37403106;0.18352204;0.0001;0.0;0.0001
2017-02-12 05:00:00+00:00;4.966e-05;0.0;0;0;0;0.0;0.042;0.042;0.34060748;0.18758525;0.0001;0.0;0.0001
2017-02-12 06:00:00+00:00;0.00032289;0.0;0;0;0;0.013;0.033;0.033;0.42765538;0.18656945;0.0001;0.0;0.0001
2017-02-12 07:00:00+00:00;0.00043046;0.0;0;0;0;0.081;0.013;0.013;0.51866448;0.21636638;0.0001;0.005;0.0001
2017-02-12 08:00:00+00:00;0.00034079;0.0;0;0;0;0.191;0.008;0.008;0.58290371;0.21061016;0.0001;0.022;0.0001
2017-02-12 09:00:00+00:00;6.352e-05;0.0;0;0;0;0.302;0.001;0.001;0.52906794;0.19164847;0.0001;0.052;0.0001
2017-02-12 10:00:00+00:00;2.13e-05;0.0;0;0;0;0.377;0.0;0.0;0.52337282;0.20079071;0.0001;0.079;0.0001
2017-02-12 11:00:00+00:00;2.136e-05;0.0;0;0;0;0.447;0.001;0.001;0.5247825;0.19164847;0.0001;0.123;0.0001
2017-02-12 12:00:00+00:00;2.125e-05;0.0;0;0;0;0.5;0.009;0.009;0.48146296;0.18386064;0.0001;0.19;0.0001
2017-02-12 13:00:00+00:00;2.102e-05;0.0;0;0;0;0.572;0.022;0.022;0.5416705;0.17844301;0.0001;0.365;0.0001
2017-02-12 14:00:00+00:00;2.073e-05;0.0;0;0;0;0.572;0.039;0.039;0.59502698;0.18081322;0.0001;0.478;0.0001
2017-02-12 15:00:00+00:00;2.272e-05;0.0;0;0;0;0.478;0.048;0.048;0.61942858;0.39887262;0.0001;0.404;0.0001
2017-02-12 16:00:00+00:00;2.366e-05;0.0;0;0;0;0.307;0.043;0.043;0.65014556;0.39954982;0.0001;0.208;0.0001
2017-02-12 17:00:00+00:00;4.956e-05;0.0;0;0;0;0.115;0.029;0.029;0.62716774;0.7239301;0.0001;0.042;0.0001
2017-02-12 18:00:00+00:00;0.00036563;0.0;0;0;0;0.002;0.021;0.021;0.79632964;0.86411114;0.0001;0.0;0.0001
2017-02-12 19:00:00+00:00;0.00037483;0.0;0;0;0;0.0;0.011;0.011;0.80509787;0.86038652;0.0001;0.0;0.0001
2017-02-12 20:00:00+00:00;5.235e-05;0.0;0;0;0;0.0;0.005;0.005;0.7227865;0.86478834;0.0001;0.0;0.0001
2017-02-12 21:00:00+00:00;1.777e-05;0.0;0;0;0;0.0;0.003;0.003;0.66838686;0.83058958;0.0001;0.0;0.0001
2017-02-12 22:00:00+00:00;1.143e-05;0.0;0;0;0;0.0;0.005;0.005;0.62455983;0.31286782;0.0001;0.0;0.0001
2017-02-12 23:00:00+00:00;8.2e-07;0.0;0;0;0;0.0;0.015;0.015;0.51016409;0.14830747;0.0001;0.0;0.0001
2017-02-13 00:00:00+00:00;1.86e-06;0.0;0;0;0;0.0;0.047;0.047;0.70532054;0.4398434;0.0001;0.0;0.0001
2017-02-13 01:00:00+00:00;3.91e-06;0.0;0;0;0;0.0;0.101;0.101;0.69156204;0.2417615;0.0001;0.0;0.0001
2017-02-13 02:00:00+00:00;5.26e-06;0.0;0;0;0;0.0;0.135;0.135;0.69559373;0.2424387;0.0001;0.0;0.0001
2017-02-13 03:00:00+00:00;6.91e-06;0.0;0;0;0;0.0;0.135;0.135;0.67499827;0.25191955;0.0001;0.0;0.0001
2017-02-13 04:00:00+00:00;9e-06;0.0;0;0;0;0.0;0.115;0.115;0.69015236;0.24921073;0.0001;0.0;0.0001
2017-02-13 05:00:00+00:00;5.012e-05;0.0;0;0;0;0.0;0.078;0.078;0.71157953;0.24988794;0.0001;0.0;0.0001
2017-02-13 06:00:00+00:00;0.0003211;0.0;0;0;0;0.031;0.043;0.043;0.67735244;0.45575767;0.0001;0.005;0.0001
2017-02-13 07:00:00+00:00;0.00042433;0.0;0;0;0;0.216;0.015;0.015;0.69577699;0.45609628;0.0001;0.154;0.0001
2017-02-13 08:00:00+00:00;0.00034363;0.0;0;0;0;0.418;0.026;0.026;0.68939113;0.45067865;0.0001;0.397;0.0001
2017-02-13 09:00:00+00:00;6.534e-05;0.0;0;0;0;0.575;0.045;0.045;0.67494188;0.45101725;0.0001;0.61;0.0001
2017-02-13 10:00:00+00:00;2.051e-05;0.0;0;0;0;0.678;0.074;0.074;0.6659622;0.44864704;0.0001;0.764;0.0001
2017-02-13 11:00:00+00:00;2.047e-05;0.0;0;0;0;0.734;0.12;0.12;0.67811367;0.50620931;0.0001;0.857;0.0001
2017-02-13 12:00:00+00:00;2.118e-05;0.0;0;0;0;0.74;0.169;0.169;0.68424578;0.5715594;0.0001;0.867;0.0001
2017-02-13 13:00:00+00:00;2.018e-05;0.0;0;0;0;0.705;0.206;0.206;0.68115858;0.57392961;0.0001;0.81;0.0001
2017-02-13 14:00:00+00:00;2.102e-05;0.0;0;0;0;0.621;0.205;0.205;0.68566956;0.5712208;0.0001;0.674;0.0001
2017-02-13 15:00:00+00:00;2.218e-05;0.0;0;0;0;0.473;0.165;0.165;0.70426328;0.56444877;0.0001;0.447;0.0001
2017-02-13 16:00:00+00:00;2.424e-05;0.0;0;0;0;0.309;0.133;0.133;0.69008187;0.56817339;0.0001;0.246;0.0001
2017-02-13 17:00:00+00:00;5.197e-05;0.0;0;0;0;0.106;0.111;0.111;0.69139288;0.77505893;0.0001;0.042;0.0001
2017-02-13 18:00:00+00:00;0.00036416;0.0;0;0;0;0.002;0.14;0.14;0.71795129;0.86783575;0.0001;0.0;0.0001
2017-02-13 19:00:00+00:00;0.00037711;0.0;0;0;0;0.0;0.19;0.19;0.73065253;0.87494638;0.0001;0.0;0.0001
2017-02-13 20:00:00+00:00;5.452e-05;0.0;0;0;0;0.0;0.208;0.208;0.74030886;0.86241813;0.0001;0.0;0.0001
2017-02-13 21:00:00+00:00;1.791e-05;0.0;0;0;0;0.0;0.207;0.207;0.72037595;0.86444974;0.0001;0.0;0.0001
2017-02-13 22:00:00+00:00;1.147e-05;0.0;0;0;0;0.0;0.208;0.208;0.69388801;0.58307186;0.0001;0.0;0.0001
2017-02-13 23:00:00+00:00;8.1e-07;0.0;0;0;0;0.0;0.2;0.2;0.7086192;0.42765375;0.0001;0.0;0.0001
2017-02-14 00:00:00+00:00;1.86e-06;0.0;0;0;0;0.0;0.18;0.18;0.67247493;0.45135585;0.0001;0.0;0.0001
2017-02-14 01:00:00+00:00;3.89e-06;0.0;0;0;0;0.0;0.148;0.148;0.67559033;0.2414229;0.0001;0.0;0.0001
2017-02-14 02:00:00+00:00;5.24e-06;0.0;0;0;0;0.0;0.146;0.146;0.67501236;0.23295786;0.0001;0.0;0.0001
2017-02-14 03:00:00+00:00;7.03e-06;0.0;0;0;0;0.0;0.166;0.166;0.65142838;0.23939129;0.0001;0.0;0.0001
2017-02-14 04:00:00+00:00;8.94e-06;0.0;0;0;0;0.0;0.18;0.18;0.66002744;0.2410843;0.0001;0.0;0.0001
2017-02-14 05:00:00+00:00;4.97e-05;0.0;0;0;0;0.0;0.204;0.204;0.67093838;0.24887213;0.0001;0.0;0.0001
2017-02-14 06:00:00+00:00;0.00032767;0.0;0;0;0;0.034;0.174;0.174;0.57990109;0.24921073;0.0001;0.008;0.0001
2017-02-14 07:00:00+00:00;0.00042561;0.0;0;0;0;0.222;0.19;0.19;0.59533711;0.25022654;0.0001;0.164;0.0001
2017-02-14 08:00:00+00:00;0.00034277;0.0;0;0;0;0.408;0.351;0.351;0.60551502;0.2851025;0.0001;0.371;0.0001
2017-02-14 09:00:00+00:00;6.258e-05;0.0;0;0;0;0.554;0.412;0.412;0.61242246;0.5048549;0.0001;0.554;0.0001
2017-02-14 10:00:00+00:00;2.062e-05;0.0;0;0;0;0.644;0.466;0.466;0.63699323;0.47708957;0.0001;0.669;0.0001
2017-02-14 11:00:00+00:00;2.118e-05;0.0;0;0;0;0.687;0.494;0.494;0.64516939;0.47471936;0.0001;0.719;0.0001
2017-02-14 12:00:00+00:00;2.199e-05;0.0;0;0;0;0.683;0.48;0.48;0.65600984;0.47641237;0.0001;0.691;0.0001
2017-02-14 13:00:00+00:00;2.125e-05;0.0;0;0;0;0.618;0.439;0.439;0.70009062;0.47539656;0.0001;0.552;0.0001
2017-02-14 14:00:00+00:00;2.168e-05;0.0;0;0;0;0.512;0.366;0.366;0.66806263;0.48555461;0.0001;0.374;0.0001
2017-02-14 15:00:00+00:00;2.183e-05;0.0;0;0;0;0.384;0.271;0.271;0.69384572;0.48521601;0.0001;0.22;0.0001
2017-02-14 16:00:00+00:00;2.356e-05;0.0;0;0;0;0.224;0.219;0.219;0.69718667;0.48860202;0.0001;0.08;0.0001
2017-02-14 17:00:00+00:00;5.066e-05;0.0;0;0;0;0.078;0.208;0.208;0.67467404;0.72697751;0.0001;0.014;0.0001
2017-02-14 18:00:00+00:00;0.0003619;0.0;0;0;0;0.001;0.252;0.252;0.73135737;0.83770022;0.0001;0.0;0.0001
2017-02-14 19:00:00+00:00;0.00037552;0.0;0;0;0;0.0;0.293;0.293;0.75250261;0.86749715;0.0001;0.0;0.0001
2017-02-14 20:00:00+00:00;5.35e-05;0.0;0;0;0;0.0;0.281;0.281;0.72577503;0.87257617;0.0001;0.0;0.0001
2017-02-14 21:00:00+00:00;1.796e-05;0.0;0;0;0;0.0;0.237;0.237;0.72098211;0.86546554;0.0001;0.0;0.0001
2017-02-14 22:00:00+00:00;1.136e-05;0.0;0;0;0;0.0;0.213;0.213;0.69541047;0.45474187;0.0001;0.0;0.0001
2017-02-14 23:00:00+00:00;6.6e-07;0.0;0;0;0;0.0;0.217;0.217;0.69137878;0.2194138;0.0001;0.0;0.0001
2017-02-15 00:00:00+00:00;1.36e-06;0.0;0;0;0;0.0;0.222;0.222;0.67556214;0.21738219;0.0001;0.0;0.0001
2017-02-15 01:00:00+00:00;2.89e-06;0.0;0;0;0;0.0;0.223;0.223;0.68409072;0.22279981;0.0001;0.0;0.0001
2017-02-15 02:00:00+00:00;4.17e-06;0.0;0;0;0;0.0;0.224;0.224;0.67680266;0.23228066;0.0001;0.0;0.0001
2017-02-15 03:00:00+00:00;5.45e-06;0.0;0;0;0;0.0;0.221;0.221;0.68676912;0.24887213;0.0001;0.0;0.0001
2017-02-15 04:00:00+00:00;7.39e-06;0.0;0;0;0;0.0;0.215;0.215;0.6841612;0.24751773;0.0001;0.0;0.0001
2017-02-15 05:00:00+00:00;4.736e-05;0.0;0;0;0;0.0;0.218;0.218;0.68485195;0.24684052;0.0001;0.0;0.0001
2017-02-15 06:00:00+00:00;0.00032722;0.0;0;0;0;0.023;0.175;0.175;0.61498808;0.24887213;0.0001;0.001;0.0001
2017-02-15 07:00:00+00:00;0.00043194;0.0;0;0;0;0.152;0.1;0.1;0.64274473;0.24751773;0.0001;0.032;0.0001
2017-02-15 08:00:00+00:00;0.00033299;0.0;0;0;0;0.305;0.267;0.267;0.67893128;0.24616332;0.0001;0.113;0.0001
2017-02-15 09:00:00+00:00;6.146e-05;0.0;0;0;0;0.447;0.447;0.447;0.67341942;0.24819493;0.0001;0.234;0.0001
2017-02-15 10:00:00+00:00;1.765e-05;0.0;0;0;0;0.525;0.502;0.502;0.62909901;0.22584723;0.0001;0.29;0.0001
2017-02-15 11:00:00+00:00;1.839e-05;0.0;0;0;0;0.542;0.471;0.471;0.62451754;0.30609579;0.0001;0.267;0.0001
2017-02-15 12:00:00+00:00;1.802e-05;0.0;0;0;0;0.532;0.396;0.396;0.61245066;0.33589273;0.0001;0.227;0.0001
2017-02-15 13:00:00+00:00;1.796e-05;0.0;0;0;0;0.383;0.307;0.307;0.68497882;0.33961735;0.0001;0.072;0.0001
2017-02-15 14:00:00+00:00;1.9e-05;0.0;0;0;0;0.273;0.196;0.196;0.66217016;0.56512597;0.0001;0.029;0.0001
2017-02-15 15:00:00+00:00;2.048e-05;0.0;0;0;0;0.193;0.102;0.102;0.69670738;0.56681898;0.0001;0.015;0.0001
2017-02-15 16:00:00+00:00;2.172e-05;0.0;0;0;0;0.114;0.05;0.05;0.6744062;0.52923421;0.0001;0.007;0.0001
2017-02-15 17:00:00+00:00;4.829e-05;0.0;0;0;0;0.04;0.03;0.03;0.68975764;0.7476322;0.0001;0.002;0.0001
2017-02-15 18:00:00+00:00;0.00036031;0.0;0;0;0;0.0;0.03;0.03;0.74173264;0.84345644;0.0001;0.0;0.0001
2017-02-15 19:00:00+00:00;0.00037149;0.0;0;0;0;0.0;0.049;0.049;0.81888456;0.86749715;0.0001;0.0;0.0001
2017-02-15 20:00:00+00:00;5.298e-05;0.0;0;0;0;0.0;0.075;0.075;0.75381361;0.85903211;0.0001;0.0;0.0001
2017-02-15 21:00:00+00:00;1.672e-05;0.0;0;0;0;0.0;0.087;0.087;0.72136272;0.86546554;0.0001;0.0;0.0001
2017-02-15 22:00:00+00:00;1.03e-05;0.0;0;0;0;0.0;0.096;0.096;0.67645024;0.56241716;0.0001;0.0;0.0001
2017-02-15 23:00:00+00:00;6e-08;0.0;0;0;0;0.0;0.112;0.112;0.69958313;0.16422175;0.0001;0.0;0.0001
2017-02-16 00:00:00+00:00;1.35e-06;0.0;0;0;0;0.0;0.09;0.09;0.67850838;0.16963937;0.0001;0.0;0.0001
2017-02-16 01:00:00+00:00;2.91e-06;0.0;0;0;0;0.0;0.073;0.073;0.67640795;0.17031657;0.0001;0.0;0.0001
2017-02-16 02:00:00+00:00;4.15e-06;0.0;0;0;0;0.0;0.088;0.088;0.66277632;0.18386064;0.0001;0.0;0.0001
2017-02-16 03:00:00+00:00;5.44e-06;0.0;0;0;0;0.0;0.141;0.141;0.6402214;0.18893966;0.0001;0.0;0.0001
2017-02-16 04:00:00+00:00;7.29e-06;0.0;0;0;0;0.0;0.231;0.231;0.65809617;0.18521504;0.0001;0.0;0.0001
2017-02-16 05:00:00+00:00;4.878e-05;0.0;0;0;0;0.0;0.324;0.324;0.67286965;0.18419924;0.0001;0.0;0.0001
2017-02-16 06:00:00+00:00;0.00032463;0.0;0;0;0;0.01;0.306;0.306;0.57159806;0.18860106;0.0001;0.0;0.0001
2017-02-16 07:00:00+00:00;0.00042745;0.0;0;0;0;0.069;0.235;0.235;0.6126762;0.18555364;0.0001;0.003;0.0001
2017-02-16 08:00:00+00:00;0.00033974;0.0;0;0;0;0.146;0.21;0.21;0.63771217;0.25022654;0.0001;0.009;0.0001
2017-02-16 09:00:00+00:00;6.03e-05;0.0;0;0;0;0.235;0.355;0.355;0.64433767;0.28002348;0.0001;0.019;0.0001
2017-02-16 10:00:00+00:00;1.789e-05;0.0;0;0;0;0.303;0.465;0.465;0.61214053;0.29593775;0.0001;0.03;0.0001
2017-02-16 11:00:00+00:00;1.834e-05;0.0;0;0;0;0.355;0.517;0.517;0.60903922;0.29289033;0.0001;0.043;0.0001
2017-02-16 12:00:00+00:00;1.787e-05;0.0;0;0;0;0.377;0.476;0.476;0.59912915;0.29289033;0.0001;0.052;0.0001
2017-02-16 13:00:00+00:00;1.899e-05;0.0;0;0;0;0.373;0.389;0.389;0.65211912;0.27291284;0.0001;0.056;0.0001
2017-02-16 14:00:00+00:00;1.813e-05;0.0;0;0;0;0.35;0.254;0.254;0.61793432;0.27291284;0.0001;0.06;0.0001
2017-02-16 15:00:00+00:00;1.981e-05;0.0;0;0;0;0.28;0.146;0.146;0.65744772;0.48792482;0.0001;0.046;0.0001
2017-02-16 16:00:00+00:00;2.228e-05;0.0;0;0;0;0.189;0.073;0.073;0.63382144;0.47133335;0.0001;0.029;0.0001
2017-02-16 17:00:00+00:00;4.668e-05;0.0;0;0;0;0.074;0.062;0.062;0.6247008;0.73442674;0.0001;0.008;0.0001
2017-02-16 18:00:00+00:00;0.00035616;0.0;0;0;0;0.001;0.089;0.089;0.71372225;0.86817435;0.0001;0.0;0.0001
2017-02-16 19:00:00+00:00;0.00037984;0.0;0;0;0;0.0;0.131;0.131;0.83075409;0.86681995;0.0001;0.0;0.0001
2017-02-16 20:00:00+00:00;5.337e-05;0.0;0;0;0;0.0;0.16;0.16;0.75835279;0.86377253;0.0001;0.0;0.0001
2017-02-16 21:00:00+00:00;1.673e-05;0.0;0;0;0;0.0;0.189;0.189;0.6983849;0.86174092;0.0001;0.0;0.0001
2017-02-16 22:00:00+00:00;1.028e-05;0.0;0;0;0;0.0;0.213;0.213;0.67561853;0.57934724;0.0001;0.0;0.0001
2017-02-16 23:00:00+00:00;0.0;0.0;0;0;0;0.0;0.243;0.243;0.68944751;0.21061016;0.0001;0.0;0.0001
2017-02-17 00:00:00+00:00;1.77e-06;0.0;0;0;0;0.0;0.255;0.255;0.66741418;0.21162596;0.0001;0.0;0.0001
2017-02-17 01:00:00+00:00;3.77e-06;0.0;0;0;0;0.0;0.196;0.196;0.67347581;0.21128736;0.0001;0.0;0.0001
2017-02-17 02:00:00+00:00;5.39e-06;0.0;0;0;0;0.0;0.161;0.161;0.67743702;0.21602778;0.0001;0.0;0.0001
2017-02-17 03:00:00+00:00;6.83e-06;0.0;0;0;0;0.0;0.133;0.133;0.66603269;0.21094876;0.0001;0.0;0.0001
2017-02-17 04:00:00+00:00;9.04e-06;0.0;0;0;0;0.0;0.145;0.145;0.67212252;0.21805939;0.0001;0.0;0.0001
2017-02-17 05:00:00+00:00;5.021e-05;0.0;0;0;0;0.0;0.156;0.156;0.69473382;0.45338746;0.0001;0.0;0.0001
2017-02-17 06:00:00+00:00;0.00032475;0.0;0;0;0;0.008;0.132;0.132;0.68255417;0.44187501;0.0001;0.0;0.0001
2017-02-17 07:00:00+00:00;0.00042629;0.0;0;0;0;0.062;0.063;0.063;0.69146336;0.4608367;0.0001;0.002;0.0001
2017-02-17 08:00:00+00:00;0.00033488;0.0;0;0;0;0.136;0.112;0.112;0.68361143;0.46693153;0.0001;0.007;0.0001
2017-02-17 09:00:00+00:00;6.433e-05;0.0;0;0;0;0.218;0.14;0.14;0.7028254;0.46489992;0.0001;0.015;0.0001
2017-02-17 10:00:00+00:00;2.035e-05;0.0;0;0;0;0.289;0.132;0.132;0.70028797;0.53160442;0.0001;0.024;0.0001
2017-02-17 11:00:00+00:00;2.104e-05;0.0;0;0;0;0.347;0.104;0.104;0.6828361;0.57359101;0.0001;0.037;0.0001
2017-02-17 12:00:00+00:00;2.164e-05;0.0;0;0;0;0.373;0.073;0.073;0.68827748;0.55395212;0.0001;0.046;0.0001
2017-02-17 13:00:00+00:00;2.098e-05;0.0;0;0;0;0.344;0.048;0.048;0.69091358;0.54379408;0.0001;0.039;0.0001
2017-02-17 14:00:00+00:00;2.114e-05;0.0;0;0;0;0.296;0.035;0.035;0.72449222;0.54447128;0.0001;0.031;0.0001
2017-02-17 15:00:00+00:00;2.281e-05;0.0;0;0;0;0.243;0.02;0.02;0.71084649;0.52280078;0.0001;0.026;0.0001
2017-02-17 16:00:00+00:00;2.418e-05;0.0;0;0;0;0.154;0.01;0.01;0.68101761;0.49808287;0.0001;0.014;0.0001
2017-02-17 17:00:00+00:00;5.11e-05;0.0;0;0;0;0.054;0.006;0.006;0.66328381;0.75338843;0.0001;0.003;0.0001
2017-02-17 18:00:00+00:00;0.0003676;0.0;0;0;0;0.0;0.008;0.008;0.71953014;0.86512694;0.0001;0.0;0.0001
2017-02-17 19:00:00+00:00;0.00037893;0.0;0;0;0;0.0;0.015;0.015;0.80485822;0.86038652;0.0001;0.0;0.0001
2017-02-17 20:00:00+00:00;5.283e-05;0.0;0;0;0;0.0;0.041;0.041;0.76521795;0.86546554;0.0001;0.0;0.0001
2017-02-17 21:00:00+00:00;1.8e-05;0.0;0;0;0;0.0;0.082;0.082;0.72304025;0.83702301;0.0001;0.0;0.0001
2017-02-17 22:00:00+00:00;1.168e-05;0.0;0;0;0;0.0;0.103;0.103;0.68077797;0.52043057;0.0001;0.0;0.0001
2017-02-17 23:00:00+00:00;7.8e-07;0.0;0;0;0;0.0;0.096;0.096;0.68169426;0.32810489;0.0001;0.0;0.0001
2017-02-18 00:00:00+00:00;1.89e-06;0.0;0;0;0;0.0;0.074;0.074;0.67303881;0.3291207;0.0001;0.0;0.0001
2017-02-18 01:00:00+00:00;3.81e-06;0.0;0;0;0;0.0;0.051;0.051;0.67384233;0.3287821;0.0001;0.0;0.0001
2017-02-18 02:00:00+00:00;5.22e-06;0.0;0;0;0;0.0;0.039;0.039;0.63961524;0.34774378;0.0001;0.0;0.0001
2017-02-18 03:00:00+00:00;6.59e-06;0.0;0;0;0;0.0;0.036;0.036;0.62388318;0.3504526;0.0001;0.0;0.0001
2017-02-18 04:00:00+00:00;9.11e-06;0.0;0;0;0;0.0;0.035;0.035;0.62802765;0.3504526;0.0001;0.0;0.0001
2017-02-18 05:00:00+00:00;5.109e-05;0.0;0;0;0;0.0;0.037;0.037;0.67943877;0.35451581;0.0001;0.0;0.0001
2017-02-18 06:00:00+00:00;0.00032341;0.0;0;0;0;0.018;0.034;0.034;0.69690473;0.3521456;0.0001;0.001;0.0001
2017-02-18 07:00:00+00:00;0.00042501;0.0;0;0;0;0.126;0.017;0.017;0.68571185;0.34943679;0.0001;0.016;0.0001
2017-02-18 08:00:00+00:00;0.00034238;0.0;0;0;0;0.26;0.057;0.057;0.69180168;0.44627683;0.0001;0.057;0.0001
2017-02-18 09:00:00+00:00;6.611e-05;0.0;0;0;0;0.359;0.097;0.097;0.69869503;0.44695404;0.0001;0.092;0.0001
2017-02-18 10:00:00+00:00;1.982e-05;0.0;0;0;0;0.417;0.12;0.12;0.70626502;0.44966285;0.0001;0.107;0.0001
2017-02-18 11:00:00+00:00;2.148e-05;0.0;0;0;0;0.428;0.121;0.121;0.69182988;0.44661543;0.0001;0.095;0.0001
2017-02-18 12:00:00+00:00;2.109e-05;0.0;0;0;0;0.422;0.109;0.109;0.70230382;0.43070116;0.0001;0.085;0.0001
2017-02-18 13:00:00+00:00;2.034e-05;0.0;0;0;0;0.383;0.103;0.103;0.7006122;0.42223612;0.0001;0.067;0.0001
2017-02-18 14:00:00+00:00;2.112e-05;0.0;0;0;0;0.337;0.095;0.095;0.67209432;0.40395164;0.0001;0.056;0.0001
2017-02-18 15:00:00+00:00;2.193e-05;0.0;0;0;0;0.264;0.07;0.07;0.70364302;0.41173948;0.0001;0.041;0.0001
2017-02-18 16:00:00+00:00;2.309e-05;0.0;0;0;0;0.185;0.049;0.049;0.68889774;0.41275528;0.0001;0.029;0.0001
2017-02-18 17:00:00+00:00;4.927e-05;0.0;0;0;0;0.062;0.039;0.039;0.70200778;0.70632282;0.0001;0.005;0.0001
2017-02-18 18:00:00+00:00;0.00036667;0.0;0;0;0;0.0;0.031;0.031;0.75839508;0.85970932;0.0001;0.0;0.0001
2017-02-18 19:00:00+00:00;0.00037666;0.0;0;0;0;0.0;0.023;0.023;0.83002105;0.86478834;0.0001;0.0;0.0001
2017-02-18 20:00:00+00:00;5.33e-05;0.0;0;0;0;0.0;0.019;0.019;0.77177297;0.86749715;0.0001;0.0;0.0001
2017-02-18 21:00:00+00:00;1.799e-05;0.0;0;0;0;0.0;0.021;0.021;0.73733443;0.87189897;0.0001;0.0;0.0001
2017-02-18 22:00:00+00:00;1.137e-05;0.0;0;0;0;0.0;0.034;0.034;0.69338053;0.57799283;0.0001;0.0;0.0001
2017-02-18 23:00:00+00:00;5.4e-07;0.0;0;0;0;0.0;0.071;0.071;0.68870038;0.38769877;0.0001;0.0;0.0001
2017-02-19 00:00:00+00:00;2.02e-06;0.0;0;0;0;0.0;0.123;0.123;0.65235877;0.38532855;0.0001;0.0;0.0001
2017-02-19 01:00:00+00:00;4.26e-06;0.0;0;0;0;0.0;0.171;0.171;0.62258627;0.37855652;0.0001;0.0;0.0001
2017-02-19 02:00:00+00:00;5.25e-06;0.0;0;0;0;0.0;0.196;0.196;0.67141767;0.36535106;0.0001;0.0;0.0001
2017-02-19 03:00:00+00:00;6.77e-06;0.0;0;0;0;0.0;0.197;0.197;0.6557843;0.35654742;0.0001;0.0;0.0001
2017-02-19 04:00:00+00:00;8.86e-06;0.0;0;0;0;0.0;0.18;0.18;0.65162573;0.35824043;0.0001;0.0;0.0001
2017-02-19 05:00:00+00:00;4.908e-05;0.0;0;0;0;0.0;0.177;0.177;0.65054028;0.3958252;0.0001;0.0;0.0001
2017-02-19 06:00:00+00:00;0.0003312;0.0;0;0;0;0.027;0.147;0.147;0.68166607;0.39785681;0.0001;0.003;0.0001
2017-02-19 07:00:00+00:00;0.00043338;0.0;0;0;0;0.174;0.046;0.046;0.67731015;0.41038507;0.0001;0.07;0.0001
2017-02-19 08:00:00+00:00;0.00033924;0.0;0;0;0;0.353;0.109;0.109;0.69456466;0.41275528;0.0001;0.235;0.0001
2017-02-19 09:00:00+00:00;6.635e-05;0.0;0;0;0;0.523;0.195;0.195;0.68936293;0.40869206;0.0001;0.463;0.0001
2017-02-19 10:00:00+00:00;2.13e-05;0.0;0;0;0;0.62;0.2;0.2;0.69868093;0.41410969;0.0001;0.597;0.0001
2017-02-19 11:00:00+00:00;2.096e-05;0.0;0;0;0;0.665;0.185;0.185;0.67060006;0.4842002;0.0001;0.651;0.0001
2017-02-19 12:00:00+00:00;2.156e-05;0.0;0;0;0;0.675;0.171;0.171;0.67408197;0.52449379;0.0001;0.666;0.0001
2017-02-19 13:00:00+00:00;2.053e-05;0.0;0;0;0;0.632;0.136;0.136;0.71050817;0.51162693;0.0001;0.592;0.0001
2017-02-19 14:00:00+00:00;1.998e-05;0.0;0;0;0;0.553;0.099;0.099;0.6584345;0.51298133;0.0001;0.478;0.0001
2017-02-19 15:00:00+00:00;2.176e-05;0.0;0;0;0;0.405;0.078;0.078;0.64921518;0.51061113;0.0001;0.266;0.0001
2017-02-19 16:00:00+00:00;2.389e-05;0.0;0;0;0;0.226;0.065;0.065;0.70379808;0.50146888;0.0001;0.084;0.0001
2017-02-19 17:00:00+00:00;4.841e-05;0.0;0;0;0;0.076;0.055;0.055;0.69416995;0.70903163;0.0001;0.014;0.0001
2017-02-19 18:00:00+00:00;0.00036142;0.0;0;0;0;0.001;0.095;0.095;0.76836154;0.87393058;0.0001;0.0;0.0001
2017-02-19 19:00:00+00:00;0.00037583;0.0;0;0;0;0.0;0.19;0.19;0.84227119;0.87054456;0.0001;0.0;0.0001
2017-02-19 20:00:00+00:00;5.364e-05;0.0;0;0;0;0.0;0.246;0.246;0.79143804;0.87393058;0.0001;0.0;0.0001
2017-02-19 21:00:00+00:00;1.782e-05;0.0;0;0;0;0.0;0.215;0.215;0.68589511;0.86919016;0.0001;0.0;0.0001
2017-02-19 22:00:00+00:00;1.12e-05;0.0;0;0;0;0.0;0.2;0.2;0.65648914;0.58679647;0.0001;0.0;0.0001
2017-02-19 23:00:00+00:00;5.6e-07;0.0;0;0;0;0.0;0.193;0.193;0.70482715;0.38973037;0.0001;0.0;0.0001
2017-02-20 00:00:00+00:00;1.95e-06;0.0;0;0;0;0.0;0.18;0.18;0.67738063;0.33419972;0.0001;0.0;0.0001
2017-02-20 01:00:00+00:00;3.83e-06;0.0;0;0;0;0.0;0.159;0.159;0.66797805;0.33758574;0.0001;0.0;0.0001
2017-02-20 02:00:00+00:00;5.19e-06;0.0;0;0;0;0.0;0.133;0.133;0.66893663;0.33792434;0.0001;0.0;0.0001
2017-02-20 03:00:00+00:00;6.97e-06;0.0;0;0;0;0.0;0.112;0.112;0.67136129;0.35519302;0.0001;0.0;0.0001
2017-02-20 04:00:00+00:00;9.07e-06;0.0;0;0;0;0.0;0.112;0.112;0.68206078;0.35316141;0.0001;0.0;0.0001
2017-02-20 05:00:00+00:00;5.053e-05;0.0;0;0;0;0.0;0.139;0.139;0.67074103;0.3511298;0.0001;0.0;0.0001
2017-02-20 06:00:00+00:00;0.00033251;0.0;0;0;0;0.028;0.136;0.136;0.68076387;0.38634436;0.0001;0.003;0.0001
2017-02-20 07:00:00+00:00;0.00042829;0.0;0;0;0;0.173;0.062;0.062;0.70285359;0.38905317;0.0001;0.057;0.0001
2017-02-20 08:00:00+00:00;0.00034285;0.0;0;0;0;0.303;0.101;0.101;0.69476202;0.44627683;0.0001;0.118;0.0001
2017-02-20 09:00:00+00:00;6.408e-05;0.0;0;0;0;0.412;0.145;0.145;0.70702625;0.46727013;0.0001;0.178;0.0001
2017-02-20 10:00:00+00:00;1.942e-05;0.0;0;0;0;0.48;0.139;0.139;0.70004833;0.4621911;0.0001;0.207;0.0001
2017-02-20 11:00:00+00:00;1.886e-05;0.0;0;0;0;0.47;0.14;0.14;0.6935074;0.46489992;0.0001;0.156;0.0001
2017-02-20 12:00:00+00:00;2.051e-05;0.0;0;0;0;0.457;0.138;0.138;0.7005981;0.42325193;0.0001;0.132;0.0001
2017-02-20 13:00:00+00:00;2.052e-05;0.0;0;0;0;0.43;0.066;0.066;0.66797805;0.41106227;0.0001;0.116;0.0001
2017-02-20 14:00:00+00:00;2.11e-05;0.0;0;0;0;0.351;0.02;0.02;0.70763242;0.40632185;0.0001;0.075;0.0001
2017-02-20 15:00:00+00:00;2.272e-05;0.0;0;0;0;0.284;0.011;0.011;0.69187217;0.47776677;0.0001;0.058;0.0001
2017-02-20 16:00:00+00:00;2.514e-05;0.0;0;0;0;0.173;0.009;0.009;0.69042019;0.48047559;0.0001;0.026;0.0001
2017-02-20 17:00:00+00:00;5.046e-05;0.0;0;0;0;0.048;0.003;0.003;0.7223777;0.73578115;0.0001;0.003;0.0001
2017-02-20 18:00:00+00:00;0.00036379;0.0;0;0;0;0.0;0.001;0.001;0.75642153;0.88645884;0.0001;0.0;0.0001
2017-02-20 19:00:00+00:00;0.00037663;0.0;0;0;0;0.0;0.002;0.002;0.78626451;0.87528499;0.0001;0.0;0.0001
2017-02-20 20:00:00+00:00;5.282e-05;0.0;0;0;0;0.0;0.012;0.012;0.74745595;0.88375002;0.0001;0.0;0.0001
2017-02-20 21:00:00+00:00;1.799e-05;0.0;0;0;0;0.0;0.04;0.04;0.69462105;0.88442723;0.0001;0.0;0.0001
2017-02-20 22:00:00+00:00;1.137e-05;0.0;0;0;0;0.0;0.084;0.084;0.70216285;0.5932299;0.0001;0.0;0.0001
2017-02-20 23:00:00+00:00;8.6e-07;0.0;0;0;0;0.0;0.15;0.15;0.69175939;0.40361304;0.0001;0.0;0.0001
2017-02-21 00:00:00+00:00;1.87e-06;0.0;0;0;0;0.0;0.214;0.214;0.68480966;0.3948094;0.0001;0.0;0.0001
2017-02-21 01:00:00+00:00;4.04e-06;0.0;0;0;0;0.0;0.227;0.227;0.67177009;0.39717961;0.0001;0.0;0.0001
2017-02-21 02:00:00+00:00;5.41e-06;0.0;0;0;0;0.0;0.199;0.199;0.6668785;0.38871457;0.0001;0.0;0.0001
2017-02-21 03:00:00+00:00;6.88e-06;0.0;0;0;0;0.0;0.186;0.186;0.66620185;0.38702156;0.0001;0.0;0.0001
2017-02-21 04:00:00+00:00;8.97e-06;0.0;0;0;0;0.0;0.2;0.2;0.66262126;0.41275528;0.0001;0.0;0.0001
2017-02-21 05:00:00+00:00;4.862e-05;0.0;0;0;0;0.0;0.214;0.214;0.65436052;0.42122032;0.0001;0.0;0.0001
2017-02-21 06:00:00+00:00;0.00031817;0.0;0;0;0;0.007;0.17;0.17;0.64543723;0.43781179;0.0001;0.0;0.0001
2017-02-21 07:00:00+00:00;0.00042753;0.0;0;0;0;0.053;0.055;0.055;0.63789542;0.43544158;0.0001;0.002;0.0001
2017-02-21 08:00:00+00:00;0.0003427;0.0;0;0;0;0.114;0.048;0.048;0.64619845;0.45948229;0.0001;0.004;0.0001
2017-02-21 09:00:00+00:00;6.462e-05;0.0;0;0;0;0.175;0.035;0.035;0.6300294;0.46320691;0.0001;0.007;0.0001
2017-02-21 10:00:00+00:00;2.132e-05;0.0;0;0;0;0.196;0.015;0.015;0.67047319;0.45440327;0.0001;0.007;0.0001
2017-02-21 11:00:00+00:00;2.14e-05;0.0;0;0;0;0.186;0.005;0.005;0.65242925;0.43510298;0.0001;0.006;0.0001
2017-02-21 12:00:00+00:00;2.129e-05;0.0;0;0;0;0.187;0.007;0.007;0.67649253;0.48521601;0.0001;0.006;0.0001
2017-02-21 13:00:00+00:00;2.029e-05;0.0;0;0;0;0.188;0.014;0.014;0.66740008;0.47065614;0.0001;0.006;0.0001
2017-02-21 14:00:00+00:00;2.064e-05;0.0;0;0;0;0.159;0.018;0.018;0.67037451;0.45169446;0.0001;0.005;0.0001
2017-02-21 15:00:00+00:00;2.239e-05;0.0;0;0;0;0.15;0.028;0.028;0.66601859;0.44322942;0.0001;0.006;0.0001
2017-02-21 16:00:00+00:00;2.431e-05;0.0;0;0;0;0.092;0.067;0.067;0.67815596;0.45237166;0.0001;0.003;0.0001
2017-02-21 17:00:00+00:00;4.841e-05;0.0;0;0;0;0.029;0.089;0.089;0.64006634;0.73408814;0.0001;0.001;0.0001
2017-02-21 18:00:00+00:00;0.00037029;0.0;0;0;0;0.0;0.102;0.102;0.73066663;0.84514945;0.0001;0.0;0.0001
2017-02-21 19:00:00+00:00;0.00038374;0.0;0;0;0;0.0;0.11;0.11;0.7467652;0.88882905;0.0001;0.0;0.0001
2017-02-21 20:00:00+00:00;5.165e-05;0.0;0;0;0;0.0;0.111;0.111;0.78069626;0.8779938;0.0001;0.0;0.0001
2017-02-21 21:00:00+00:00;1.796e-05;0.0;0;0;0;0.0;0.123;0.123;0.71642884;0.87291477;0.0001;0.0;0.0001
2017-02-21 22:00:00+00:00;1.153e-05;0.0;0;0;0;0.0;0.144;0.144;0.7046157;0.56072415;0.0001;0.0;0.0001
2017-02-21 23:00:00+00:00;9.8e-07;0.0;0;0;0;0.0;0.16;0.16;0.69724306;0.4164799;0.0001;0.0;0.0001
2017-02-22 00:00:00+00:00;1.33e-06;0.0;0;0;0;0.0;0.179;0.179;0.68131365;0.40632185;0.0001;0.0;0.0001
2017-02-22 01:00:00+00:00;2.99e-06;0.0;0;0;0;0.0;0.193;0.193;0.69132239;0.41343248;0.0001;0.0;0.0001
2017-02-22 02:00:00+00:00;4.19e-06;0.0;0;0;0;0.0;0.181;0.181;0.70020339;0.40903066;0.0001;0.0;0.0001
2017-02-22 03:00:00+00:00;5.46e-06;0.0;0;0;0;0.0;0.159;0.159;0.6855286;0.40632185;0.0001;0.0;0.0001
2017-02-22 04:00:00+00:00;7.39e-06;0.0;0;0;0;0.0;0.133;0.133;0.67415246;0.40970787;0.0001;0.0;0.0001
2017-02-22 05:00:00+00:00;4.859e-05;0.0;0;0;0;0.0;0.102;0.102;0.70479896;0.40699905;0.0001;0.0;0.0001
2017-02-22 06:00:00+00:00;0.00032418;0.0;0;0;0;0.025;0.101;0.101;0.71972749;0.40733765;0.0001;0.002;0.0001
2017-02-22 07:00:00+00:00;0.00043196;0.0;0;0;0;0.156;0.107;0.107;0.68389336;0.42020451;0.0001;0.039;0.0001
2017-02-22 08:00:00+00:00;0.00033807;0.0;0;0;0;0.278;0.14;0.14;0.70185272;0.42392913;0.0001;0.084;0.0001
2017-02-22 09:00:00+00:00;6.031e-05;0.0;0;0;0;0.365;0.128;0.128;0.68836206;0.49909867;0.0001;0.113;0.0001
2017-02-22 10:00:00+00:00;1.854e-05;0.0;0;0;0;0.449;0.094;0.094;0.7024025;0.52076917;0.0001;0.16;0.0001
2017-02-22 11:00:00+00:00;1.875e-05;0.0;0;0;0;0.516;0.06;0.06;0.6828361;0.51704455;0.0001;0.22;0.0001
2017-02-22 12:00:00+00:00;1.845e-05;0.0;0;0;0;0.517;0.037;0.037;0.6464381;0.52957281;0.0001;0.215;0.0001
2017-02-22 13:00:00+00:00;1.843e-05;0.0;0;0;0;0.483;0.022;0.022;0.60822161;0.49977587;0.0001;0.186;0.0001
2017-02-22 14:00:00+00:00;1.827e-05;0.0;0;0;0;0.415;0.01;0.01;0.698399;0.51298133;0.0001;0.141;0.0001
2017-02-22 15:00:00+00:00;1.932e-05;0.0;0;0;0;0.317;0.003;0.003;0.73561462;0.48792482;0.0001;0.089;0.0001
2017-02-22 16:00:00+00:00;2.088e-05;0.0;0;0;0;0.18;0.001;0.001;0.70278311;0.47844398;0.0001;0.031;0.0001
2017-02-22 17:00:00+00:00;4.753e-05;0.0;0;0;0;0.059;0.0;0.0;0.66694898;0.76219207;0.0001;0.006;0.0001
2017-02-22 18:00:00+00:00;0.00036392;0.0;0;0;0;0.0;0.0;0.0;0.79494815;0.89153786;0.0001;0.0;0.0001
2017-02-22 19:00:00+00:00;0.00037614;0.0;0;0;0;0.0;0.0;0.0;0.86720847;0.88408863;0.0001;0.0;0.0001
2017-02-22 20:00:00+00:00;5.171e-05;0.0;0;0;0;0.0;0.006;0.006;0.82106957;0.88747464;0.0001;0.0;0.0001
2017-02-22 21:00:00+00:00;1.664e-05;0.0;0;0;0;0.0;0.041;0.041;0.73403577;0.88442723;0.0001;0.0;0.0001
2017-02-22 22:00:00+00:00;1.029e-05;0.0;0;0;0;0.0;0.097;0.097;0.71228437;0.37652491;0.0001;0.0;0.0001
2017-02-22 23:00:00+00:00;1e-08;0.0;0;0;0;0.0;0.134;0.134;0.70307914;0.25598277;0.0001;0.0;0.0001
2017-02-23 00:00:00+00:00;1.31e-06;0.0;0;0;0;0.0;0.12;0.12;0.70052762;0.25733717;0.0001;0.0;0.0001
2017-02-23 01:00:00+00:00;2.93e-06;0.0;0;0;0;0.0;0.088;0.088;0.70467209;0.25767577;0.0001;0.0;0.0001
2017-02-23 02:00:00+00:00;4.15e-06;0.0;0;0;0;0.0;0.077;0.077;0.65113234;0.26952683;0.0001;0.0;0.0001
2017-02-23 03:00:00+00:00;5.43e-06;0.0;0;0;0;0.0;0.069;0.069;0.61701803;0.27054263;0.0001;0.0;0.0001
2017-02-23 04:00:00+00:00;7.32e-06;0.0;0;0;0;0.0;0.072;0.072;0.61194317;0.27359005;0.0001;0.0;0.0001
2017-02-23 05:00:00+00:00;4.72e-05;0.0;0;0;0;0.0;0.084;0.084;0.65424774;0.27020403;0.0001;0.0;0.0001
2017-02-23 06:00:00+00:00;0.0003255;0.0;0;0;0;0.018;0.092;0.092;0.66790757;0.26884962;0.0001;0.001;0.0001
2017-02-23 07:00:00+00:00;0.00042771;0.0;0;0;0;0.118;0.057;0.057;0.70647648;0.27291284;0.0001;0.018;0.0001
2017-02-23 08:00:00+00:00;0.00034223;0.0;0;0;0;0.231;0.074;0.074;0.72807281;0.27121984;0.0001;0.048;0.0001
2017-02-23 09:00:00+00:00;6.246e-05;0.0;0;0;0;0.341;0.117;0.117;0.68222994;0.33656993;0.0001;0.092;0.0001
2017-02-23 10:00:00+00:00;1.816e-05;0.0;0;0;0;0.434;0.126;0.126;0.69731354;0.37178449;0.0001;0.151;0.0001
2017-02-23 11:00:00+00:00;1.868e-05;0.0;0;0;0;0.517;0.113;0.113;0.69354969;0.36602827;0.0001;0.242;0.0001
2017-02-23 12:00:00+00:00;1.821e-05;0.0;0;0;0;0.59;0.099;0.099;0.67368726;0.52889561;0.0001;0.386;0.0001
2017-02-23 13:00:00+00:00;1.727e-05;0.0;0;0;0;0.588;0.089;0.089;0.69322546;0.49401965;0.0001;0.431;0.0001
2017-02-23 14:00:00+00:00;1.754e-05;0.0;0;0;0;0.54;0.071;0.071;0.71135398;0.56377157;0.0001;0.412;0.0001
2017-02-23 15:00:00+00:00;1.922e-05;0.0;0;0;0;0.432;0.045;0.045;0.71229847;0.56038555;0.0001;0.309;0.0001
2017-02-23 16:00:00+00:00;2.145e-05;0.0;0;0;0;0.284;0.019;0.019;0.64726981;0.5492117;0.0001;0.172;0.0001
2017-02-23 17:00:00+00:00;4.688e-05;0.0;0;0;0;0.102;0.012;0.012;0.68668454;0.76727109;0.0001;0.035;0.0001
2017-02-23 18:00:00+00:00;0.00036989;0.0;0;0;0;0.001;0.021;0.021;0.74739956;0.87562359;0.0001;0.0;0.0001
2017-02-23 19:00:00+00:00;0.00037432;0.0;0;0;0;0.0;0.033;0.033;0.90711659;0.86783575;0.0001;0.0;0.0001
2017-02-23 20:00:00+00:00;5.141e-05;0.0;0;0;0;0.0;0.049;0.049;0.82762459;0.87562359;0.0001;0.0;0.0001
2017-02-23 21:00:00+00:00;1.673e-05;0.0;0;0;0;0.0;0.065;0.065;0.74719375;0.86885156;0.0001;0.0;0.0001
2017-02-23 22:00:00+00:00;1.03e-05;0.0;0;0;0;0.0;0.076;0.076;0.74055856;0.33707785;0.0001;0.0;0.0001
2017-02-23 23:00:00+00:00;1.3e-07;0.0;0;0;0;0.0;0.08;0.08;0.68772206;0.22957185;0.0001;0.0;0.0001
2017-02-24 00:00:00+00:00;1.95e-06;0.0;0;0;0;0.0;0.08;0.08;0.67547756;0.2204296;0.0001;0.0;0.0001
2017-02-24 01:00:00+00:00;3.92e-06;0.0;0;0;0;0.0;0.077;0.077;0.6255889;0.22110681;0.0001;0.0;0.0001
2017-02-24 02:00:00+00:00;5.32e-06;0.0;0;0;0;0.0;0.074;0.074;0.56060253;0.23871409;0.0001;0.0;0.0001
2017-02-24 03:00:00+00:00;6.93e-06;0.0;0;0;0;0.0;0.077;0.077;0.54705548;0.23972989;0.0001;0.0;0.0001
2017-02-24 04:00:00+00:00;9.16e-06;0.0;0;0;0;0.0;0.073;0.073;0.55504838;0.24040709;0.0001;0.0;0.0001
2017-02-24 05:00:00+00:00;5.021e-05;0.0;0;0;0;0.0;0.061;0.061;0.60132826;0.20790135;0.0001;0.0;0.0001
2017-02-24 06:00:00+00:00;0.00032415;0.0;0;0;0;0.023;0.051;0.051;0.66338248;0.23532807;0.0001;0.002;0.0001
2017-02-24 07:00:00+00:00;0.0004341;0.0;0;0;0;0.149;0.014;0.014;0.69696112;0.26647941;0.0001;0.036;0.0001
2017-02-24 08:00:00+00:00;0.0003399;0.0;0;0;0;0.292;0.008;0.008;0.67676037;0.29187453;0.0001;0.105;0.0001
2017-02-24 09:00:00+00:00;6.376e-05;0.0;0;0;0;0.398;0.018;0.018;0.66236751;0.29796936;0.0001;0.16;0.0001
2017-02-24 10:00:00+00:00;2.07e-05;0.0;0;0;0;0.458;0.022;0.022;0.6686265;0.25869158;0.0001;0.18;0.0001
2017-02-24 11:00:00+00:00;2.128e-05;0.0;0;0;0;0.494;0.025;0.025;0.6322426;0.25259675;0.0001;0.193;0.0001
2017-02-24 12:00:00+00:00;2.212e-05;0.0;0;0;0;0.487;0.022;0.022;0.59797322;0.24954934;0.0001;0.176;0.0001
2017-02-24 13:00:00+00:00;2.124e-05;0.0;0;0;0;0.454;0.017;0.017;0.59329307;0.25124234;0.0001;0.15;0.0001
2017-02-24 14:00:00+00:00;2.042e-05;0.0;0;0;0;0.393;0.012;0.012;0.61393082;0.44593823;0.0001;0.119;0.0001
2017-02-24 15:00:00+00:00;2.191e-05;0.0;0;0;0;0.303;0.008;0.008;0.60104632;0.44153641;0.0001;0.08;0.0001
2017-02-24 16:00:00+00:00;2.336e-05;0.0;0;0;0;0.21;0.004;0.004;0.60612118;0.46625432;0.0001;0.055;0.0001
2017-02-24 17:00:00+00:00;4.846e-05;0.0;0;0;0;0.086;0.002;0.002;0.57180951;0.74221458;0.0001;0.018;0.0001
2017-02-24 18:00:00+00:00;0.000365;0.0;0;0;0;0.001;0.007;0.007;0.67650663;0.86715855;0.0001;0.0;0.0001
2017-02-24 19:00:00+00:00;0.00038311;0.0;0;0;0;0.0;0.044;0.044;0.83172677;0.87291477;0.0001;0.0;0.0001
2017-02-24 20:00:00+00:00;5.415e-05;0.0;0;0;0;0.0;0.142;0.142;0.75090967;0.87223757;0.0001;0.0;0.0001
2017-02-24 21:00:00+00:00;1.802e-05;0.0;0;0;0;0.0;0.195;0.195;0.65015966;0.8773166;0.0001;0.0;0.0001
2017-02-24 22:00:00+00:00;1.135e-05;0.0;0;0;0;0.0;0.143;0.143;0.64858082;0.35959484;0.0001;0.0;0.0001
2017-02-24 23:00:00+00:00;8.3e-07;0.0;0;0;0;0.0;0.128;0.128;0.65114644;0.25259675;0.0001;0.0;0.0001
2017-02-25 00:00:00+00:00;1.66e-06;0.0;0;0;0;0.0;0.121;0.121;0.63566813;0.24616332;0.0001;0.0;0.0001
2017-02-25 01:00:00+00:00;3.75e-06;0.0;0;0;0;0.0;0.133;0.133;0.6158057;0.24785633;0.0001;0.0;0.0001
2017-02-25 02:00:00+00:00;5e-06;0.0;0;0;0;0.0;0.147;0.147;0.60466921;0.24684052;0.0001;0.0;0.0001
2017-02-25 03:00:00+00:00;7e-06;0.0;0;0;0;0.0;0.147;0.147;0.56170208;0.25259675;0.0001;0.0;0.0001
2017-02-25 04:00:00+00:00;8.89e-06;0.0;0;0;0;0.0;0.134;0.134;0.55564045;0.26478641;0.0001;0.0;0.0001
2017-02-25 05:00:00+00:00;5.031e-05;0.0;0;0;0;0.0;0.113;0.113;0.5927292;0.26512501;0.0001;0.0;0.0001
2017-02-25 06:00:00+00:00;0.00032511;0.0;0;0;0;0.019;0.094;0.094;0.61851229;0.20654694;0.0001;0.001;0.0001
2017-02-25 07:00:00+00:00;0.00043561;0.0;0;0;0;0.092;0.041;0.041;0.64952531;0.28374809;0.0001;0.006;0.0001
2017-02-25 08:00:00+00:00;0.00033706;0.0;0;0;0;0.175;0.051;0.051;0.61859687;0.29526054;0.0001;0.013;0.0001
2017-02-25 09:00:00+00:00;6.099e-05;0.0;0;0;0;0.232;0.039;0.039;0.65171031;0.29559915;0.0001;0.017;0.0001
2017-02-25 10:00:00+00:00;2e-05;0.0;0;0;0;0.257;0.023;0.023;0.69283075;0.29153593;0.0001;0.017;0.0001
2017-02-25 11:00:00+00:00;2.127e-05;0.0;0;0;0;0.281;0.015;0.015;0.68808012;0.29018152;0.0001;0.018;0.0001
2017-02-25 12:00:00+00:00;2.129e-05;0.0;0;0;0;0.252;0.013;0.013;0.67013486;0.29526054;0.0001;0.013;0.0001
2017-02-25 13:00:00+00:00;2.106e-05;0.0;0;0;0;0.211;0.011;0.011;0.68965897;0.29390614;0.0001;0.009;0.0001
2017-02-25 14:00:00+00:00;2.066e-05;0.0;0;0;0;0.173;0.008;0.008;0.6850916;0.27697606;0.0001;0.006;0.0001
2017-02-25 15:00:00+00:00;2.206e-05;0.0;0;0;0;0.121;0.004;0.004;0.71441299;0.44796984;0.0001;0.004;0.0001
2017-02-25 16:00:00+00:00;2.477e-05;0.0;0;0;0;0.073;0.002;0.002;0.6997382;0.47234915;0.0001;0.002;0.0001
2017-02-25 17:00:00+00:00;5.102e-05;0.0;0;0;0;0.028;0.002;0.002;0.67991806;0.73273374;0.0001;0.001;0.0001
2017-02-25 18:00:00+00:00;0.00037414;0.0;0;0;0;0.0;0.003;0.003;0.76888312;0.87054456;0.0001;0.0;0.0001
2017-02-25 19:00:00+00:00;0.00037911;0.0;0;0;0;0.0;0.011;0.011;0.90063205;0.86614274;0.0001;0.0;0.0001
2017-02-25 20:00:00+00:00;5.296e-05;0.0;0;0;0;0.0;0.024;0.024;0.80793133;0.87088316;0.0001;0.0;0.0001
2017-02-25 21:00:00+00:00;1.787e-05;0.0;0;0;0;0.0;0.038;0.038;0.73073711;0.86309533;0.0001;0.0;0.0001
2017-02-25 22:00:00+00:00;1.127e-05;0.0;0;0;0;0.0;0.077;0.077;0.681511;0.61219159;0.0001;0.0;0.0001
2017-02-25 23:00:00+00:00;6.2e-07;0.0;0;0;0;0.0;0.127;0.127;0.68511979;0.25936878;0.0001;0.0;0.0001
2017-02-26 00:00:00+00:00;1.83e-06;0.0;0;0;0;0.0;0.136;0.136;0.60347098;0.26072319;0.0001;0.0;0.0001
2017-02-26 01:00:00+00:00;3.79e-06;0.0;0;0;0;0.0;0.121;0.121;0.57221832;0.26173899;0.0001;0.0;0.0001
2017-02-26 02:00:00+00:00;5.05e-06;0.0;0;0;0;0.0;0.088;0.088;0.55032595;0.27020403;0.0001;0.0;0.0001
2017-02-26 03:00:00+00:00;6.73e-06;0.0;0;0;0;0.0;0.06;0.06;0.54647751;0.26817242;0.0001;0.0;0.0001
2017-02-26 04:00:00+00:00;8.99e-06;0.0;0;0;0;0.0;0.041;0.041;0.54360176;0.27088123;0.0001;0.0;0.0001
2017-02-26 05:00:00+00:00;5.033e-05;0.0;0;0;0;0.0;0.033;0.033;0.57788524;0.27054263;0.0001;0.0;0.0001
2017-02-26 06:00:00+00:00;0.00033131;0.0;0;0;0;0.025;0.033;0.033;0.59017767;0.25462836;0.0001;0.004;0.0001
2017-02-26 07:00:00+00:00;0.00043196;0.0;0;0;0;0.195;0.034;0.034;0.63798;0.29153593;0.0001;0.11;0.0001
2017-02-26 08:00:00+00:00;0.00034682;0.0;0;0;0;0.383;0.057;0.057;0.67141767;0.28679551;0.0001;0.303;0.0001
2017-02-26 09:00:00+00:00;6.46e-05;0.0;0;0;0;0.528;0.08;0.08;0.65350061;0.30000097;0.0001;0.473;0.0001
2017-02-26 10:00:00+00:00;2.049e-05;0.0;0;0;0;0.617;0.093;0.093;0.61140749;0.30000097;0.0001;0.581;0.0001
2017-02-26 11:00:00+00:00;1.925e-05;0.0;0;0;0;0.662;0.094;0.094;0.6228964;0.30169397;0.0001;0.636;0.0001
2017-02-26 12:00:00+00:00;2.133e-05;0.0;0;0;0;0.687;0.118;0.118;0.62100743;0.29458334;0.0001;0.689;0.0001
2017-02-26 13:00:00+00:00;2.123e-05;0.0;0;0;0;0.635;0.164;0.164;0.65061076;0.28747271;0.0001;0.591;0.0001
2017-02-26 14:00:00+00:00;2.19e-05;0.0;0;0;0;0.534;0.194;0.194;0.71033901;0.27866907;0.0001;0.428;0.0001
2017-02-26 15:00:00+00:00;2.231e-05;0.0;0;0;0;0.391;0.195;0.195;0.70477076;0.48961783;0.0001;0.239;0.0001
2017-02-26 16:00:00+00:00;2.441e-05;0.0;0;0;0;0.238;0.169;0.169;0.69875142;0.48216859;0.0001;0.107;0.0001
2017-02-26 17:00:00+00:00;5.007e-05;0.0;0;0;0;0.09;0.142;0.142;0.68392156;0.74356899;0.0001;0.027;0.0001
2017-02-26 18:00:00+00:00;0.00036459;0.0;0;0;0;0.0;0.103;0.103;0.77887777;0.88375002;0.0001;0.0;0.0001
2017-02-26 19:00:00+00:00;0.00037259;0.0;0;0;0;0.0;0.061;0.061;0.85595921;0.88442723;0.0001;0.0;0.0001
2017-02-26 20:00:00+00:00;5.329e-05;0.0;0;0;0;0.0;0.055;0.055;0.80618332;0.87528499;0.0001;0.0;0.0001
2017-02-26 21:00:00+00:00;1.809e-05;0.0;0;0;0;0.0;0.059;0.059;0.74728679;0.88476583;0.0001;0.0;0.0001
2017-02-26 22:00:00+00:00;1.165e-05;0.0;0;0;0;0.0;0.057;0.057;0.7130315;0.5942457;0.0001;0.0;0.0001
2017-02-26 23:00:00+00:00;7.6e-07;0.0;0;0;0;0.0;0.068;0.068;0.70809761;0.23194206;0.0001;0.0;0.0001
2017-02-27 00:00:00+00:00;1.81e-06;0.0;0;0;0;0.0;0.088;0.088;0.66721682;0.22957185;0.0001;0.0;0.0001
2017-02-27 01:00:00+00:00;3.74e-06;0.0;0;0;0;0.0;0.113;0.113;0.63462496;0.23126485;0.0001;0.0;0.0001
2017-02-27 02:00:00+00:00;5.35e-06;0.0;0;0;0;0.0;0.121;0.121;0.59401201;0.23126485;0.0001;0.0;0.0001
2017-02-27 03:00:00+00:00;6.57e-06;0.0;0;0;0;0.0;0.121;0.121;0.57792753;0.23092625;0.0001;0.0;0.0001
2017-02-27 04:00:00+00:00;8.92e-06;0.0;0;0;0;0.0;0.118;0.118;0.57431875;0.24954934;0.0001;0.0;0.0001
2017-02-27 05:00:00+00:00;5.022e-05;0.0;0;0;0;0.0;0.116;0.116;0.60816522;0.24582472;0.0001;0.0;0.0001
2017-02-27 06:00:00+00:00;0.00033128;0.0;0;0;0;0.015;0.108;0.108;0.58107112;0.23939129;0.0001;0.001;0.0001
2017-02-27 07:00:00+00:00;0.00043117;0.0;0;0;0;0.11;0.052;0.052;0.62570167;0.25259675;0.0001;0.012;0.0001
2017-02-27 08:00:00+00:00;0.00034391;0.0;0;0;0;0.218;0.016;0.016;0.66792166;0.24751773;0.0001;0.033;0.0001
2017-02-27 09:00:00+00:00;6.271e-05;0.0;0;0;0;0.304;0.013;0.013;0.64748127;0.25598277;0.0001;0.051;0.0001
2017-02-27 10:00:00+00:00;2.025e-05;0.0;0;0;0;0.372;0.016;0.016;0.56986415;0.25158095;0.0001;0.069;0.0001
2017-02-27 11:00:00+00:00;2.114e-05;0.0;0;0;0;0.388;0.014;0.014;0.56313996;0.30914321;0.0001;0.066;0.0001
2017-02-27 12:00:00+00:00;2.137e-05;0.0;0;0;0;0.388;0.013;0.013;0.57085093;0.35316141;0.0001;0.063;0.0001
2017-02-27 13:00:00+00:00;2.105e-05;0.0;0;0;0;0.348;0.007;0.007;0.58764024;0.36061064;0.0001;0.049;0.0001
2017-02-27 14:00:00+00:00;2.236e-05;0.0;0;0;0;0.324;0.003;0.003;0.61706032;0.56140136;0.0001;0.051;0.0001
2017-02-27 15:00:00+00:00;2.263e-05;0.0;0;0;0;0.29;0.001;0.001;0.61947087;0.56918919;0.0001;0.058;0.0001
2017-02-27 16:00:00+00:00;2.446e-05;0.0;0;0;0;0.178;0.001;0.001;0.64054563;0.57223661;0.0001;0.028;0.0001
2017-02-27 17:00:00+00:00;4.87e-05;0.0;0;0;0;0.06;0.004;0.004;0.64477467;0.76151487;0.0001;0.006;0.0001
2017-02-27 18:00:00+00:00;0.00036845;0.0;0;0;0;0.0;0.015;0.015;0.68478146;0.8773166;0.0001;0.0;0.0001
2017-02-27 19:00:00+00:00;0.00037598;0.0;0;0;0;0.0;0.034;0.034;0.76752983;0.87291477;0.0001;0.0;0.0001
2017-02-27 20:00:00+00:00;5.311e-05;0.0;0;0;0;0.0;0.045;0.045;0.75843737;0.86614274;0.0001;0.0;0.0001
2017-02-27 21:00:00+00:00;1.784e-05;0.0;0;0;0;0.0;0.047;0.047;0.71830371;0.86106372;0.0001;0.0;0.0001
2017-02-27 22:00:00+00:00;1.137e-05;0.0;0;0;0;0.0;0.043;0.043;0.68290659;0.56681898;0.0001;0.0;0.0001
2017-02-27 23:00:00+00:00;9.6e-07;0.0;0;0;0;0.0;0.04;0.04;0.65567152;0.22618583;0.0001;0.0;0.0001
2017-02-28 00:00:00+00:00;1.82e-06;0.0;0;0;0;0.0;0.047;0.047;0.5833971;0.2207682;0.0001;0.0;0.0001
2017-02-28 01:00:00+00:00;4.02e-06;0.0;0;0;0;0.0;0.063;0.063;0.60526128;0.2414229;0.0001;0.0;0.0001
2017-02-28 02:00:00+00:00;5.37e-06;0.0;0;0;0;0.0;0.088;0.088;0.64539494;0.23871409;0.0001;0.0;0.0001
2017-02-28 03:00:00+00:00;6.87e-06;0.0;0;0;0;0.0;0.09;0.09;0.6832731;0.2424387;0.0001;0.0;0.0001
2017-02-28 04:00:00+00:00;8.87e-06;0.0;0;0;0;0.0;0.101;0.101;0.62072549;0.25056514;0.0001;0.0;0.0001
2017-02-28 05:00:00+00:00;4.835e-05;0.0;0;0;0;0.0;0.084;0.084;0.65950586;0.25056514;0.0001;0.0;0.0001
2017-02-28 06:00:00+00:00;0.00033145;0.0;0;0;0;0.008;0.067;0.067;0.56851085;0.25056514;0.0001;0.0;0.0001
2017-02-28 07:00:00+00:00;0.00043249;0.0;0;0;0;0.068;0.037;0.037;0.59819877;0.25428976;0.0001;0.003;0.0001
2017-02-28 08:00:00+00:00;0.00035026;0.0;0;0;0;0.148;0.023;0.023;0.60652999;0.2414229;0.0001;0.009;0.0001
2017-02-28 09:00:00+00:00;6.43e-05;0.0;0;0;0;0.22;0.017;0.017;0.62135985;0.25564416;0.0001;0.016;0.0001
2017-02-28 10:00:00+00:00;2.051e-05;0.0;0;0;0;0.269;0.006;0.006;0.63741613;0.25496696;0.0001;0.02;0.0001
2017-02-28 11:00:00+00:00;2.082e-05;0.0;0;0;0;0.294;0.003;0.003;0.65764508;0.25191955;0.0001;0.022;0.0001
2017-02-28 12:00:00+00:00;2.07e-05;0.0;0;0;0;0.319;0.001;0.001;0.68010132;0.31219062;0.0001;0.028;0.0001
2017-02-28 13:00:00+00:00;2.047e-05;0.0;0;0;0;0.318;0.0;0.0;0.67058596;0.34300336;0.0001;0.03;0.0001
2017-02-28 14:00:00+00:00;2.011e-05;0.0;0;0;0;0.279;0.0;0.0;0.70945091;0.5705436;0.0001;0.026;0.0001
2017-02-28 15:00:00+00:00;2.222e-05;0.0;0;0;0;0.204;0.0;0.0;0.70780158;0.54582568;0.0001;0.016;0.0001
2017-02-28 16:00:00+00:00;2.494e-05;0.0;0;0;0;0.112;0.0;0.0;0.72891862;0.56275576;0.0001;0.006;0.0001
2017-02-28 17:00:00+00:00;4.931e-05;0.0;0;0;0;0.037;0.0;0.0;0.71338392;0.75948326;0.0001;0.002;0.0001
2017-02-28 18:00:00+00:00;0.00036871;0.0;0;0;0;0.0;0.003;0.003;0.77194213;0.84345644;0.0001;0.0;0.0001
2017-02-28 19:00:00+00:00;0.00037666;0.0;0;0;0;0.0;0.016;0.016;0.78546099;0.87325338;0.0001;0.0;0.0001
2017-02-28 20:00:00+00:00;5.324e-05;0.0;0;0;0;0.0;0.035;0.035;0.77714386;0.87223757;0.0001;0.0;0.0001
2017-02-28 21:00:00+00:00;1.784e-05;0.0;0;0;0;0.0;0.049;0.049;0.74690617;0.87393058;0.0001;0.0;0.0001
2017-02-28 22:00:00+00:00;1.144e-05;0.0;0;0;0;0.0;0.06;0.06;0.72335038;0.33690853;0.0001;0.0;0.0001
2017-02-28 23:00:00+00:00;6.7e-07;0.0;0;0;0;0.0;0.081;0.081;0.72187021;0.22550863;0.0001;0.0;0.0001
2017-03-01 00:00:00+00:00;1.34e-06;0.0;0;0;0;0.0;0.111;0.111;0.48462065;0.19435728;0.0001;0.0;0.0001
2017-03-01 01:00:00+00:00;2.9e-06;0.0;0;0;0;0.0;0.154;0.154;0.4679723;0.19300288;0.0001;0.0;0.0001
2017-03-01 02:00:00+00:00;4.17e-06;0.0;0;0;0;0.0;0.187;0.187;0.42855757;0.19537309;0.0001;0.0;0.0001
2017-03-01 03:00:00+00:00;5.44e-06;0.0;0;0;0;0.0;0.175;0.175;0.43450643;0.1970661;0.0001;0.0;0.0001
2017-03-01 04:00:00+00:00;7.43e-06;0.0;0;0;0;0.0;0.148;0.148;0.45046404;0.20214512;0.0001;0.0;0.0001
2017-03-01 05:00:00+00:00;4.847e-05;0.0;0;0;0;0.0;0.12;0.12;0.40925902;0.19503449;0.0001;0.0;0.0001
2017-03-01 06:00:00+00:00;0.00032796;0.0;0;0;0;0.009;0.096;0.096;0.40541059;0.25869158;0.0001;0.0;0.0001
2017-03-01 07:00:00+00:00;0.00043198;0.0;0;0;0;0.082;0.036;0.036;0.44908255;0.28950432;0.0001;0.005;0.0001
2017-03-01 08:00:00+00:00;0.00033748;0.0;0;0;0;0.188;0.038;0.038;0.45315653;0.29559915;0.0001;0.019;0.0001
2017-03-01 09:00:00+00:00;6.089e-05;0.0;0;0;0;0.292;0.028;0.028;0.49875976;0.27392865;0.0001;0.04;0.0001
2017-03-01 10:00:00+00:00;1.833e-05;0.0;0;0;0;0.36;0.015;0.015;0.44144207;0.27088123;0.0001;0.056;0.0001
2017-03-01 11:00:00+00:00;1.878e-05;0.0;0;0;0;0.392;0.007;0.007;0.45359354;0.27528305;0.0001;0.063;0.0001
2017-03-01 12:00:00+00:00;1.839e-05;0.0;0;0;0;0.384;0.002;0.002;0.42883951;0.24277731;0.0001;0.056;0.0001
2017-03-01 13:00:00+00:00;1.735e-05;0.0;0;0;0;0.353;0.0;0.0;0.41860522;0.24514752;0.0001;0.046;0.0001
2017-03-01 14:00:00+00:00;1.753e-05;0.0;0;0;0;0.284;0.0;0.0;0.4235673;0.46828593;0.0001;0.029;0.0001
2017-03-01 15:00:00+00:00;1.96e-05;0.0;0;0;0;0.185;0.0;0.0;0.44369756;0.46320691;0.0001;0.013;0.0001
2017-03-01 16:00:00+00:00;2.173e-05;0.0;0;0;0;0.107;0.0;0.0;0.44981559;0.46727013;0.0001;0.006;0.0001
2017-03-01 17:00:00+00:00;4.805e-05;0.0;0;0;0;0.035;0.0;0.0;0.46044459;0.76659389;0.0001;0.002;0.0001
2017-03-01 18:00:00+00:00;0.00036384;0.0;0;0;0;0.0;0.0;0.0;0.60995552;0.878671;0.0001;0.0;0.0001
2017-03-01 19:00:00+00:00;0.00037869;0.0;0;0;0;0.0;0.001;0.001;0.71352489;0.89458527;0.0001;0.0;0.0001
2017-03-01 20:00:00+00:00;5.438e-05;0.0;0;0;0;0.0;0.003;0.003;0.70471438;0.9006801;0.0001;0.0;0.0001
2017-03-01 21:00:00+00:00;1.677e-05;0.0;0;0;0;0.0;0.009;0.009;0.71152314;0.86241813;0.0001;0.0;0.0001
2017-03-01 22:00:00+00:00;1.028e-05;0.0;0;0;0;0.0;0.026;0.026;0.60954671;0.33961735;0.0001;0.0;0.0001
2017-03-01 23:00:00+00:00;8e-08;0.0;0;0;0;0.0;0.081;0.081;0.53266263;0.1974047;0.0001;0.0;0.0001
2017-03-02 00:00:00+00:00;1.33e-06;0.0;0;0;0;0.0;0.173;0.173;0.56528268;0.23905269;0.0001;0.0;0.0001
2017-03-02 01:00:00+00:00;2.93e-06;0.0;0;0;0;0.0;0.226;0.226;0.57647556;0.23668248;0.0001;0.0;0.0001
2017-03-02 02:00:00+00:00;4.12e-06;0.0;0;0;0;0.0;0.262;0.262;0.56886327;0.24785633;0.0001;0.0;0.0001
2017-03-02 03:00:00+00:00;5.42e-06;0.0;0;0;0;0.0;0.291;0.291;0.55145369;0.24751773;0.0001;0.0;0.0001
2017-03-02 04:00:00+00:00;7.37e-06;0.0;0;0;0;0.0;0.289;0.289;0.54090927;0.24650192;0.0001;0.0;0.0001
2017-03-02 05:00:00+00:00;4.824e-05;0.0;0;0;0;0.0;0.273;0.273;0.56780601;0.24751773;0.0001;0.0;0.0001
2017-03-02 06:00:00+00:00;0.00033017;0.0;0;0;0;0.011;0.208;0.208;0.55944659;0.25191955;0.0001;0.0;0.0001
2017-03-02 07:00:00+00:00;0.00042589;0.0;0;0;0;0.079;0.162;0.162;0.58508872;0.25530556;0.0001;0.006;0.0001
2017-03-02 08:00:00+00:00;0.00034093;0.0;0;0;0;0.162;0.222;0.222;0.54193834;0.55354581;0.0001;0.015;0.0001
2017-03-02 09:00:00+00:00;6.4e-05;0.0;0;0;0;0.237;0.095;0.095;0.5851733;0.54668912;0.0001;0.025;0.0001
2017-03-02 10:00:00+00:00;1.829e-05;0.0;0;0;0;0.298;0.019;0.019;0.56615668;0.60635918;0.0001;0.037;0.0001
2017-03-02 11:00:00+00:00;1.916e-05;0.0;0;0;0;0.388;0.003;0.003;0.56308357;0.60333715;0.0001;0.075;0.0001
2017-03-02 12:00:00+00:00;1.851e-05;0.0;0;0;0;0.502;0.002;0.002;0.58179006;0.60328637;0.0001;0.19;0.0001
2017-03-02 13:00:00+00:00;1.887e-05;0.0;0;0;0;0.537;0.003;0.003;0.62674484;0.58586532;0.0001;0.285;0.0001
2017-03-02 14:00:00+00:00;1.883e-05;0.0;0;0;0;0.491;0.005;0.005;0.618033;0.5856283;0.0001;0.279;0.0001
2017-03-02 15:00:00+00:00;2.013e-05;0.0;0;0;0;0.409;0.007;0.007;0.60147914;0.58920902;0.0001;0.244;0.0001
2017-03-02 16:00:00+00:00;2.179e-05;0.0;0;0;0;0.283;0.007;0.007;0.59245707;0.58408767;0.0001;0.166;0.0001
2017-03-02 17:00:00+00:00;4.688e-05;0.0;0;0;0;0.113;0.013;0.013;0.67605541;0.77550758;0.0001;0.051;0.0001
2017-03-02 18:00:00+00:00;0.00036412;0.0;0;0;0;0.001;0.031;0.031;0.73596459;0.87937364;0.0001;0.0;0.0001
2017-03-02 19:00:00+00:00;0.00037985;0.0;0;0;0;0.0;0.072;0.072;0.81836232;0.87707112;0.0001;0.0;0.0001
2017-03-02 20:00:00+00:00;5.259e-05;0.0;0;0;0;0.0;0.135;0.135;0.75745679;0.86767493;0.0001;0.0;0.0001
2017-03-02 21:00:00+00:00;1.667e-05;0.0;0;0;0;0.0;0.195;0.195;0.71057119;0.87056999;0.0001;0.0;0.0001
2017-03-02 22:00:00+00:00;1.028e-05;0.0;0;0;0;0.0;0.223;0.223;0.67352842;0.58690652;0.0001;0.0;0.0001
2017-03-02 23:00:00+00:00;1e-07;0.0;0;0;0;0.0;0.166;0.166;0.68568779;0.43948788;0.0001;0.0;0.0001
2017-03-03 00:00:00+00:00;1.74e-06;0.0;0;0;0;0.0;0.107;0.107;0.66263535;0.24954934;0.0001;0.0;0.0001
2017-03-03 01:00:00+00:00;3.55e-06;0.0;0;0;0;0.0;0.084;0.084;0.65833582;0.24954934;0.0001;0.0;0.0001
2017-03-03 02:00:00+00:00;5.13e-06;0.0;0;0;0;0.0;0.08;0.08;0.63882582;0.25496696;0.0001;0.0;0.0001
2017-03-03 03:00:00+00:00;6.74e-06;0.0;0;0;0;0.0;0.089;0.089;0.61794842;0.25835298;0.0001;0.0;0.0001
2017-03-03 04:00:00+00:00;8.97e-06;0.0;0;0;0;0.0;0.128;0.128;0.61243656;0.25598277;0.0001;0.0;0.0001
2017-03-03 05:00:00+00:00;4.922e-05;0.0;0;0;0;0.0;0.202;0.202;0.67136129;0.26072319;0.0001;0.0;0.0001
2017-03-03 06:00:00+00:00;0.00032726;0.0;0;0;0;0.02;0.261;0.261;0.68745986;0.25665997;0.0001;0.003;0.0001
2017-03-03 07:00:00+00:00;0.00043307;0.0;0;0;0;0.186;0.18;0.18;0.70484125;0.25530556;0.0001;0.084;0.0001
2017-03-03 08:00:00+00:00;0.0003442;0.0;0;0;0;0.319;0.242;0.242;0.69290124;0.25259675;0.0001;0.158;0.0001
2017-03-03 09:00:00+00:00;6.664e-05;0.0;0;0;0;0.408;0.315;0.315;0.67612601;0.25496696;0.0001;0.19;0.0001
2017-03-03 10:00:00+00:00;2.083e-05;0.0;0;0;0;0.486;0.344;0.344;0.67969251;0.25124234;0.0001;0.238;0.0001
2017-03-03 11:00:00+00:00;2.147e-05;0.0;0;0;0;0.517;0.355;0.355;0.67848018;0.32573468;0.0001;0.246;0.0001
2017-03-03 12:00:00+00:00;2.152e-05;0.0;0;0;0;0.511;0.351;0.351;0.68544401;0.36941428;0.0001;0.231;0.0001
2017-03-03 13:00:00+00:00;2.065e-05;0.0;0;0;0;0.52;0.313;0.313;0.70006242;0.36636687;0.0001;0.276;0.0001
2017-03-03 14:00:00+00:00;2.112e-05;0.0;0;0;0;0.498;0.252;0.252;0.72019269;0.36264225;0.0001;0.309;0.0001
2017-03-03 15:00:00+00:00;2.195e-05;0.0;0;0;0;0.36;0.18;0.18;0.69135059;0.5705436;0.0001;0.166;0.0001
2017-03-03 16:00:00+00:00;2.336e-05;0.0;0;0;0;0.217;0.123;0.123;0.71934688;0.57528402;0.0001;0.071;0.0001
2017-03-03 17:00:00+00:00;4.973e-05;0.0;0;0;0;0.073;0.103;0.103;0.69053297;0.76997991;0.0001;0.014;0.0001
2017-03-03 18:00:00+00:00;0.00036583;0.0;0;0;0;0.0;0.12;0.12;0.75051496;0.89356947;0.0001;0.0;0.0001
2017-03-03 19:00:00+00:00;0.00038459;0.0;0;0;0;0.0;0.136;0.136;0.89940562;0.88442723;0.0001;0.0;0.0001
2017-03-03 20:00:00+00:00;5.397e-05;0.0;0;0;0;0.0;0.149;0.149;0.81021501;0.88307282;0.0001;0.0;0.0001
2017-03-03 21:00:00+00:00;1.82e-05;0.0;0;0;0;0.0;0.156;0.156;0.7254649;0.8776552;0.0001;0.0;0.0001
2017-03-03 22:00:00+00:00;1.139e-05;0.0;0;0;0;0.0;0.169;0.169;0.66732959;0.60101774;0.0001;0.0;0.0001
2017-03-03 23:00:00+00:00;8.2e-07;0.0;0;0;0;0.0;0.161;0.161;0.66233932;0.25124234;0.0001;0.0;0.0001
2017-03-04 00:00:00+00:00;1.85e-06;0.0;0;0;0;0.0;0.129;0.129;0.69612941;0.23939129;0.0001;0.0;0.0001
2017-03-04 01:00:00+00:00;3.74e-06;0.0;0;0;0;0.0;0.156;0.156;0.69696112;0.23363506;0.0001;0.0;0.0001
2017-03-04 02:00:00+00:00;5.42e-06;0.0;0;0;0;0.0;0.171;0.171;0.69433911;0.24277731;0.0001;0.0;0.0001
2017-03-04 03:00:00+00:00;6.82e-06;0.0;0;0;0;0.0;0.205;0.205;0.69433911;0.25158095;0.0001;0.0;0.0001
2017-03-04 04:00:00+00:00;9.16e-06;0.0;0;0;0;0.0;0.198;0.198;0.70154259;0.25259675;0.0001;0.0;0.0001
2017-03-04 05:00:00+00:00;5.079e-05;0.0;0;0;0;0.0;0.18;0.18;0.70739277;0.25530556;0.0001;0.0;0.0001
2017-03-04 06:00:00+00:00;0.00033112;0.0;0;0;0;0.011;0.174;0.174;0.6784238;0.25191955;0.0001;0.0;0.0001
2017-03-04 07:00:00+00:00;0.00043659;0.0;0;0;0;0.085;0.114;0.114;0.69949855;0.25530556;0.0001;0.006;0.0001
2017-03-04 08:00:00+00:00;0.00034047;0.0;0;0;0;0.168;0.156;0.156;0.69032152;0.25598277;0.0001;0.013;0.0001
2017-03-04 09:00:00+00:00;6.511e-05;0.0;0;0;0;0.262;0.234;0.234;0.68382288;0.25733717;0.0001;0.027;0.0001
2017-03-04 10:00:00+00:00;2.121e-05;0.0;0;0;0;0.307;0.253;0.253;0.68482376;0.3297979;0.0001;0.03;0.0001
2017-03-04 11:00:00+00:00;2.118e-05;0.0;0;0;0;0.282;0.244;0.244;0.67766257;0.59560011;0.0001;0.019;0.0001
2017-03-04 12:00:00+00:00;2.059e-05;0.0;0;0;0;0.219;0.227;0.227;0.69959723;0.58341046;0.0001;0.01;0.0001
2017-03-04 13:00:00+00:00;2.042e-05;0.0;0;0;0;0.186;0.187;0.187;0.69235146;0.5712208;0.0001;0.007;0.0001
2017-03-04 14:00:00+00:00;1.953e-05;0.0;0;0;0;0.163;0.122;0.122;0.67336304;0.56512597;0.0001;0.006;0.0001
2017-03-04 15:00:00+00:00;2.129e-05;0.0;0;0;0;0.138;0.078;0.078;0.70244479;0.56614178;0.0001;0.006;0.0001
2017-03-04 16:00:00+00:00;2.484e-05;0.0;0;0;0;0.093;0.069;0.069;0.67784583;0.56580318;0.0001;0.004;0.0001
2017-03-04 17:00:00+00:00;4.963e-05;0.0;0;0;0;0.037;0.077;0.077;0.69495937;0.77742914;0.0001;0.002;0.0001
2017-03-04 18:00:00+00:00;0.00037565;0.0;0;0;0;0.0;0.101;0.101;0.78058349;0.88205702;0.0001;0.0;0.0001
2017-03-04 19:00:00+00:00;0.00037885;0.0;0;0;0;0.0;0.125;0.125;0.78162665;0.8790096;0.0001;0.0;0.0001
2017-03-04 20:00:00+00:00;5.458e-05;0.0;0;0;0;0.0;0.135;0.135;0.76678269;0.8773166;0.0001;0.0;0.0001
2017-03-04 21:00:00+00:00;1.812e-05;0.0;0;0;0;0.0;0.155;0.155;0.7276922;0.87426918;0.0001;0.0;0.0001
2017-03-04 22:00:00+00:00;1.151e-05;0.0;0;0;0;0.0;0.18;0.18;0.71955833;0.60474235;0.0001;0.0;0.0001
2017-03-04 23:00:00+00:00;8.5e-07;0.0;0;0;0;0.0;0.187;0.187;0.7050386;0.2421001;0.0001;0.0;0.0001
2017-03-05 00:00:00+00:00;1.7e-06;0.0;0;0;0;0.0;0.18;0.18;0.52513492;0.20959435;0.0001;0.0;0.0001
2017-03-05 01:00:00+00:00;3.89e-06;0.0;0;0;0;0.0;0.209;0.209;0.48384532;0.21128736;0.0001;0.0;0.0001
2017-03-05 02:00:00+00:00;5.54e-06;0.0;0;0;0;0.0;0.212;0.212;0.45049223;0.20823995;0.0001;0.0;0.0001
2017-03-05 03:00:00+00:00;6.75e-06;0.0;0;0;0;0.0;0.197;0.197;0.44068084;0.20688554;0.0001;0.0;0.0001
2017-03-05 04:00:00+00:00;9.02e-06;0.0;0;0;0;0.0;0.187;0.187;0.45383318;0.2194138;0.0001;0.0;0.0001
2017-03-05 05:00:00+00:00;5.198e-05;0.0;0;0;0;0.0;0.172;0.172;0.53356482;0.2197524;0.0001;0.0;0.0001
2017-03-05 06:00:00+00:00;0.00032606;0.0;0;0;0;0.008;0.135;0.135;0.53937271;0.20993296;0.0001;0.0;0.0001
2017-03-05 07:00:00+00:00;0.00043624;0.0;0;0;0;0.065;0.05;0.05;0.5780826;0.25361255;0.0001;0.003;0.0001
2017-03-05 08:00:00+00:00;0.00034187;0.0;0;0;0;0.121;0.018;0.018;0.60626215;0.25056514;0.0001;0.006;0.0001
2017-03-05 09:00:00+00:00;6.589e-05;0.0;0;0;0;0.18;0.01;0.01;0.59392743;0.25259675;0.0001;0.01;0.0001
2017-03-05 10:00:00+00:00;2.009e-05;0.0;0;0;0;0.283;0.005;0.005;0.52722125;0.29018152;0.0001;0.027;0.0001
2017-03-05 11:00:00+00:00;2.096e-05;0.0;0;0;0;0.385;0.002;0.002;0.53775158;0.29898516;0.0001;0.06;0.0001
2017-03-05 12:00:00+00:00;2.132e-05;0.0;0;0;0;0.371;0.0;0.0;0.51616934;0.27054263;0.0001;0.053;0.0001
2017-03-05 13:00:00+00:00;2.088e-05;0.0;0;0;0;0.353;0.0;0.0;0.56989234;0.27054263;0.0001;0.053;0.0001
2017-03-05 14:00:00+00:00;2.113e-05;0.0;0;0;0;0.431;0.0;0.0;0.58974067;0.26681802;0.0001;0.137;0.0001
2017-03-05 15:00:00+00:00;2.296e-05;0.0;0;0;0;0.259;0.0;0.0;0.60799606;0.47336495;0.0001;0.042;0.0001
2017-03-05 16:00:00+00:00;2.393e-05;0.0;0;0;0;0.177;0.001;0.001;0.61230969;0.46252971;0.0001;0.028;0.0001
2017-03-05 17:00:00+00:00;5.038e-05;0.0;0;0;0;0.071;0.004;0.004;0.60975816;0.73205653;0.0001;0.01;0.0001
2017-03-05 18:00:00+00:00;0.00037247;0.0;0;0;0;0.0;0.022;0.022;0.79655519;0.88408863;0.0001;0.0;0.0001
2017-03-05 19:00:00+00:00;0.00038463;0.0;0;0;0;0.0;0.061;0.061;0.83196641;0.88375002;0.0001;0.0;0.0001
2017-03-05 20:00:00+00:00;5.239e-05;0.0;0;0;0;0.0;0.082;0.082;0.77405666;0.87359198;0.0001;0.0;0.0001
2017-03-05 21:00:00+00:00;1.817e-05;0.0;0;0;0;0.0;0.086;0.086;0.66011202;0.86309533;0.0001;0.0;0.0001
2017-03-05 22:00:00+00:00;1.127e-05;0.0;0;0;0;0.0;0.078;0.078;0.62771752;0.3514684;0.0001;0.0;0.0001
2017-03-05 23:00:00+00:00;6.4e-07;0.0;0;0;0;0.0;0.061;0.061;0.56469061;0.22618583;0.0001;0.0;0.0001
2017-03-06 00:00:00+00:00;1.81e-06;0.0;0;0;0;0.0;0.042;0.042;0.32832915;0.21365757;0.0001;0.0;0.0001
2017-03-06 01:00:00+00:00;3.82e-06;0.0;0;0;0;0.0;0.028;0.028;0.32507278;0.1974047;0.0001;0.0;0.0001
2017-03-06 02:00:00+00:00;5.28e-06;0.0;0;0;0;0.0;0.022;0.022;0.3423273;0.19605029;0.0001;0.0;0.0001
2017-03-06 03:00:00+00:00;7.03e-06;0.0;0;0;0;0.0;0.019;0.019;0.29954343;0.20959435;0.0001;0.0;0.0001
2017-03-06 04:00:00+00:00;9.07e-06;0.0;0;0;0;0.0;0.021;0.021;0.31025702;0.21094876;0.0001;0.0;0.0001
2017-03-06 05:00:00+00:00;5.111e-05;0.0;0;0;0;0.0;0.019;0.019;0.32164726;0.21128736;0.0001;0.0;0.0001
2017-03-06 06:00:00+00:00;0.00032536;0.0;0;0;0;0.021;0.012;0.012;0.29325625;0.20857855;0.0001;0.002;0.0001
2017-03-06 07:00:00+00:00;0.00043325;0.0;0;0;0;0.156;0.004;0.004;0.32171774;0.25293535;0.0001;0.042;0.0001
2017-03-06 08:00:00+00:00;0.00034623;0.0;0;0;0;0.308;0.004;0.004;0.36359941;0.25395116;0.0001;0.121;0.0001
2017-03-06 09:00:00+00:00;6.387e-05;0.0;0;0;0;0.417;0.005;0.005;0.36204875;0.25361255;0.0001;0.175;0.0001
2017-03-06 10:00:00+00:00;2.06e-05;0.0;0;0;0;0.412;0.005;0.005;0.36197827;0.25462836;0.0001;0.107;0.0001
2017-03-06 11:00:00+00:00;2.071e-05;0.0;0;0;0;0.323;0.004;0.004;0.37439757;0.24277731;0.0001;0.038;0.0001
2017-03-06 12:00:00+00:00;2.137e-05;0.0;0;0;0;0.334;0.004;0.004;0.38012088;0.25869158;0.0001;0.039;0.0001
2017-03-06 13:00:00+00:00;2.156e-05;0.0;0;0;0;0.388;0.005;0.005;0.34869906;0.2637706;0.0001;0.07;0.0001
2017-03-06 14:00:00+00:00;2.133e-05;0.0;0;0;0;0.299;0.005;0.005;0.41611008;0.24650192;0.0001;0.039;0.0001
2017-03-06 15:00:00+00:00;2.214e-05;0.0;0;0;0;0.165;0.003;0.003;0.40963964;0.25056514;0.0001;0.011;0.0001
2017-03-06 16:00:00+00:00;2.291e-05;0.0;0;0;0;0.081;0.002;0.002;0.43677602;0.46388411;0.0001;0.004;0.0001
2017-03-06 17:00:00+00:00;4.96e-05;0.0;0;0;0;0.023;0.001;0.001;0.48612901;0.76049906;0.0001;0.001;0.0001
2017-03-06 18:00:00+00:00;0.00037312;0.0;0;0;0;0.0;0.001;0.001;0.65020195;0.89729408;0.0001;0.0;0.0001
2017-03-06 19:00:00+00:00;0.00038535;0.0;0;0;0;0.0;0.003;0.003;0.63583729;0.88612024;0.0001;0.0;0.0001
2017-03-06 20:00:00+00:00;5.285e-05;0.0;0;0;0;0.0;0.004;0.004;0.59901638;0.88307282;0.0001;0.0;0.0001
2017-03-06 21:00:00+00:00;1.802e-05;0.0;0;0;0;0.0;0.006;0.006;0.4874823;0.85463029;0.0001;0.0;0.0001
2017-03-06 22:00:00+00:00;1.106e-05;0.0;0;0;0;0.0;0.012;0.012;0.4377769;0.33792434;0.0001;0.0;0.0001
2017-03-06 23:00:00+00:00;5e-07;0.0;0;0;0;0.0;0.025;0.025;0.41340349;0.21128736;0.0001;0.0;0.0001
2017-03-07 00:00:00+00:00;1.83e-06;0.0;0;0;0;0.0;0.037;0.037;0.41141584;0.18081322;0.0001;0.0;0.0001
2017-03-07 01:00:00+00:00;3.9e-06;0.0;0;0;0;0.0;0.037;0.037;0.34575282;0.18216763;0.0001;0.0;0.0001
2017-03-07 02:00:00+00:00;5.4e-06;0.0;0;0;0;0.0;0.025;0.025;0.3565087;0.18216763;0.0001;0.0;0.0001
2017-03-07 03:00:00+00:00;6.69e-06;0.0;0;0;0;0.0;0.014;0.014;0.33744979;0.18284483;0.0001;0.0;0.0001
2017-03-07 04:00:00+00:00;8.86e-06;0.0;0;0;0;0.0;0.008;0.008;0.3516171;0.20688554;0.0001;0.0;0.0001
2017-03-07 05:00:00+00:00;5.09e-05;0.0;0;0;0;0.0;0.006;0.006;0.39523268;0.21704359;0.0001;0.0;0.0001
2017-03-07 06:00:00+00:00;0.00033339;0.0;0;0;0;0.015;0.007;0.007;0.36912536;0.21568918;0.0001;0.001;0.0001
2017-03-07 07:00:00+00:00;0.00044195;0.0;0;0;0;0.13;0.004;0.004;0.41258587;0.25327395;0.0001;0.025;0.0001
2017-03-07 08:00:00+00:00;0.00034342;0.0;0;0;0;0.299;0.006;0.006;0.35891926;0.25293535;0.0001;0.113;0.0001
2017-03-07 09:00:00+00:00;6.494e-05;0.0;0;0;0;0.422;0.01;0.01;0.33843657;0.25225815;0.0001;0.197;0.0001
2017-03-07 10:00:00+00:00;2.158e-05;0.0;0;0;0;0.507;0.013;0.013;0.35863732;0.22483142;0.0001;0.26;0.0001
2017-03-07 11:00:00+00:00;2.15e-05;0.0;0;0;0;0.541;0.016;0.016;0.32889302;0.22110681;0.0001;0.273;0.0001
2017-03-07 12:00:00+00:00;2.146e-05;0.0;0;0;0;0.537;0.019;0.019;0.31729134;0.18318343;0.0001;0.252;0.0001
2017-03-07 13:00:00+00:00;2.111e-05;0.0;0;0;0;0.468;0.029;0.029;0.31495126;0.21704359;0.0001;0.167;0.0001
2017-03-07 14:00:00+00:00;2.085e-05;0.0;0;0;0;0.369;0.04;0.04;0.32329658;0.23431227;0.0001;0.091;0.0001
2017-03-07 15:00:00+00:00;2.138e-05;0.0;0;0;0;0.24;0.047;0.047;0.32064638;0.23160346;0.0001;0.034;0.0001
2017-03-07 16:00:00+00:00;2.23e-05;0.0;0;0;0;0.112;0.048;0.048;0.28312063;0.47234915;0.0001;0.008;0.0001
2017-03-07 17:00:00+00:00;4.957e-05;0.0;0;0;0;0.03;0.063;0.063;0.37140904;0.74966381;0.0001;0.002;0.0001
2017-03-07 18:00:00+00:00;0.00036506;0.0;0;0;0;0.0;0.1;0.1;0.60509211;0.88781324;0.0001;0.0;0.0001
2017-03-07 19:00:00+00:00;0.00038188;0.0;0;0;0;0.0;0.142;0.142;0.57341655;0.8993257;0.0001;0.0;0.0001
2017-03-07 20:00:00+00:00;5.438e-05;0.0;0;0;0;0.0;0.195;0.195;0.50986806;0.89153786;0.0001;0.0;0.0001
2017-03-07 21:00:00+00:00;1.818e-05;0.0;0;0;0;0.0;0.226;0.226;0.45039356;0.83600721;0.0001;0.0;0.0001
2017-03-07 22:00:00+00:00;1.127e-05;0.0;0;0;0;0.0;0.223;0.223;0.38904417;0.56309436;0.0001;0.0;0.0001
2017-03-07 23:00:00+00:00;9.1e-07;0.0;0;0;0;0.0;0.233;0.233;0.36224611;0.19605029;0.0001;0.0;0.0001
2017-03-08 00:00:00+00:00;1.32e-06;0.0;0;0;0;0.0;0.247;0.247;0.29026772;0.17708861;0.0001;0.0;0.0001
2017-03-08 01:00:00+00:00;2.98e-06;0.0;0;0;0;0.0;0.268;0.268;0.25016226;0.17979742;0.0001;0.0;0.0001
2017-03-08 02:00:00+00:00;4.19e-06;0.0;0;0;0;0.0;0.269;0.269;0.24129535;0.18318343;0.0001;0.0;0.0001
2017-03-08 03:00:00+00:00;5.49e-06;0.0;0;0;0;0.0;0.271;0.271;0.24985212;0.19266428;0.0001;0.0;0.0001
2017-03-08 04:00:00+00:00;7.42e-06;0.0;0;0;0;0.0;0.26;0.26;0.24804773;0.19368008;0.0001;0.0;0.0001
2017-03-08 05:00:00+00:00;4.966e-05;0.0;0;0;0;0.0;0.23;0.23;0.2850378;0.220091;0.0001;0.0;0.0001
2017-03-08 06:00:00+00:00;0.00033113;0.0;0;0;0;0.013;0.183;0.183;0.31951863;0.21501198;0.0001;0.001;0.0001
2017-03-08 07:00:00+00:00;0.0004294;0.0;0;0;0;0.112;0.106;0.106;0.36116065;0.25733717;0.0001;0.018;0.0001
2017-03-08 08:00:00+00:00;0.00034686;0.0;0;0;0;0.252;0.173;0.173;0.38198167;0.25327395;0.0001;0.069;0.0001
2017-03-08 09:00:00+00:00;6.304e-05;0.0;0;0;0;0.395;0.147;0.147;0.40514275;0.25158095;0.0001;0.166;0.0001
2017-03-08 10:00:00+00:00;1.859e-05;0.0;0;0;0;0.507;0.087;0.087;0.44420505;0.25158095;0.0001;0.278;0.0001
2017-03-08 11:00:00+00:00;1.841e-05;0.0;0;0;0;0.551;0.054;0.054;0.41049954;0.18927826;0.0001;0.316;0.0001
2017-03-08 12:00:00+00:00;1.763e-05;0.0;0;0;0;0.564;0.038;0.038;0.38623891;0.18927826;0.0001;0.336;0.0001
2017-03-08 13:00:00+00:00;1.866e-05;0.0;0;0;0;0.554;0.029;0.029;0.3942318;0.22652443;0.0001;0.35;0.0001
2017-03-08 14:00:00+00:00;2.032e-05;0.0;0;0;0;0.491;0.022;0.022;0.38766269;0.22855604;0.0001;0.303;0.0001
2017-03-08 15:00:00+00:00;1.989e-05;0.0;0;0;0;0.392;0.015;0.015;0.41916909;0.25327395;0.0001;0.223;0.0001
2017-03-08 16:00:00+00:00;2.094e-05;0.0;0;0;0;0.225;0.007;0.007;0.41618056;0.46896313;0.0001;0.085;0.0001
2017-03-08 17:00:00+00:00;4.628e-05;0.0;0;0;0;0.085;0.006;0.006;0.46759168;0.74966381;0.0001;0.023;0.0001
2017-03-08 18:00:00+00:00;0.0003666;0.0;0;0;0;0.0;0.004;0.004;0.71050817;0.88645884;0.0001;0.0;0.0001
2017-03-08 19:00:00+00:00;0.00038026;0.0;0;0;0;0.0;0.005;0.005;0.71434251;0.88544303;0.0001;0.0;0.0001
2017-03-08 20:00:00+00:00;5.288e-05;0.0;0;0;0;0.0;0.014;0.014;0.63960114;0.84481085;0.0001;0.0;0.0001
2017-03-08 21:00:00+00:00;1.662e-05;0.0;0;0;0;0.0;0.026;0.026;0.54492686;0.84514945;0.0001;0.0;0.0001
2017-03-08 22:00:00+00:00;1.03e-05;0.0;0;0;0;0.0;0.029;0.029;0.42597786;0.57257521;0.0001;0.0;0.0001
2017-03-08 23:00:00+00:00;7e-08;0.0;0;0;0;0.0;0.026;0.026;0.34696515;0.20383813;0.0001;0.0;0.0001
2017-03-09 00:00:00+00:00;1.29e-06;0.0;0;0;0;0.0;0.022;0.022;0.22942583;0.16760776;0.0001;0.0;0.0001
2017-03-09 01:00:00+00:00;2.91e-06;0.0;0;0;0;0.0;0.02;0.02;0.22358974;0.16828497;0.0001;0.0;0.0001
2017-03-09 02:00:00+00:00;4.11e-06;0.0;0;0;0;0.0;0.02;0.02;0.23311919;0.16760776;0.0001;0.0;0.0001
2017-03-09 03:00:00+00:00;5.4e-06;0.0;0;0;0;0.0;0.016;0.016;0.23722137;0.17065518;0.0001;0.0;0.0001
2017-03-09 04:00:00+00:00;7.32e-06;0.0;0;0;0;0.0;0.01;0.01;0.24404423;0.18995546;0.0001;0.0;0.0001
2017-03-09 05:00:00+00:00;5.057e-05;0.0;0;0;0;0.0;0.007;0.007;0.29875401;0.19198707;0.0001;0.0;0.0001
2017-03-09 06:00:00+00:00;0.00032879;0.0;0;0;0;0.005;0.005;0.005;0.33613879;0.18995546;0.0001;0.0;0.0001
2017-03-09 07:00:00+00:00;0.0004325;0.0;0;0;0;0.056;0.007;0.007;0.39916569;0.44119781;0.0001;0.003;0.0001
2017-03-09 08:00:00+00:00;0.00034356;0.0;0;0;0;0.14;0.01;0.01;0.41534885;0.44255222;0.0001;0.01;0.0001
2017-03-09 09:00:00+00:00;6.287e-05;0.0;0;0;0;0.25;0.02;0.02;0.41918319;0.44356802;0.0001;0.027;0.0001
2017-03-09 10:00:00+00:00;1.841e-05;0.0;0;0;0;0.348;0.014;0.014;0.43526766;0.39277779;0.0001;0.056;0.0001
2017-03-09 11:00:00+00:00;1.798e-05;0.0;0;0;0;0.408;0.007;0.007;0.43749496;0.37686352;0.0001;0.081;0.0001
2017-03-09 12:00:00+00:00;1.78e-05;0.0;0;0;0;0.429;0.002;0.002;0.4177735;0.37991093;0.0001;0.095;0.0001
2017-03-09 13:00:00+00:00;1.785e-05;0.0;0;0;0;0.42;0.0;0.0;0.42943158;0.39413219;0.0001;0.1;0.0001
2017-03-09 14:00:00+00:00;1.821e-05;0.0;0;0;0;0.384;0.0;0.0;0.50621698;0.39243919;0.0001;0.098;0.0001
2017-03-09 15:00:00+00:00;1.941e-05;0.0;0;0;0;0.294;0.0;0.0;0.48411316;0.42866955;0.0001;0.068;0.0001
2017-03-09 16:00:00+00:00;2.186e-05;0.0;0;0;0;0.214;0.0;0.0;0.46544896;0.44390662;0.0001;0.057;0.0001
2017-03-09 17:00:00+00:00;4.706e-05;0.0;0;0;0;0.07;0.0;0.0;0.42453998;0.6809277;0.0001;0.011;0.0001
2017-03-09 18:00:00+00:00;0.00037262;0.0;0;0;0;0.0;0.0;0.0;0.67983348;0.81806132;0.0001;0.0;0.0001
2017-03-09 19:00:00+00:00;0.00038157;0.0;0;0;0;0.0;0.0;0.0;0.6983708;0.88002541;0.0001;0.0;0.0001
2017-03-09 20:00:00+00:00;5.29e-05;0.0;0;0;0;0.0;0.0;0.0;0.6251096;0.87562359;0.0001;0.0;0.0001
2017-03-09 21:00:00+00:00;1.666e-05;0.0;0;0;0;0.0;0.0;0.0;0.55307483;0.88476583;0.0001;0.0;0.0001
2017-03-09 22:00:00+00:00;1.024e-05;0.0;0;0;0;0.0;0.001;0.001;0.46463135;0.58002444;0.0001;0.0;0.0001
2017-03-09 23:00:00+00:00;5e-08;0.0;0;0;0;0.0;0.003;0.003;0.37191653;0.41580269;0.0001;0.0;0.0001
2017-03-10 00:00:00+00:00;2.02e-06;0.0;0;0;0;0.0;0.008;0.008;0.30795924;0.14356705;0.0001;0.0;0.0001
2017-03-10 01:00:00+00:00;4.02e-06;0.0;0;0;0;0.0;0.017;0.017;0.24391736;0.14729167;0.0001;0.0;0.0001
2017-03-10 02:00:00+00:00;5.37e-06;0.0;0;0;0;0.0;0.037;0.037;0.21793691;0.14763027;0.0001;0.0;0.0001
2017-03-10 03:00:00+00:00;6.9e-06;0.0;0;0;0;0.0;0.08;0.08;0.20620836;0.15000048;0.0001;0.0;0.0001
2017-03-10 04:00:00+00:00;8.75e-06;0.0;0;0;0;0.0;0.108;0.108;0.19770797;0.1537251;0.0001;0.0;0.0001
2017-03-10 05:00:00+00:00;4.979e-05;0.0;0;0;0;0.0;0.105;0.105;0.20832288;0.17776581;0.0001;0.0;0.0001
2017-03-10 06:00:00+00:00;0.00033476;0.0;0;0;0;0.016;0.083;0.083;0.19717229;0.18216763;0.0001;0.003;0.0001
2017-03-10 07:00:00+00:00;0.0004338;0.0;0;0;0;0.166;0.018;0.018;0.19944188;0.17979742;0.0001;0.077;0.0001
2017-03-10 08:00:00+00:00;0.00034691;0.0;0;0;0;0.392;0.003;0.003;0.21528671;0.18419924;0.0001;0.337;0.0001
2017-03-10 09:00:00+00:00;6.519e-05;0.0;0;0;0;0.568;0.001;0.001;0.25075432;0.18182903;0.0001;0.59;0.0001
2017-03-10 10:00:00+00:00;2.181e-05;0.0;0;0;0;0.685;0.0;0.0;0.26335688;0.17912022;0.0001;0.778;0.0001
2017-03-10 11:00:00+00:00;2.196e-05;0.0;0;0;0;0.745;0.0;0.0;0.26635951;0.16117433;0.0001;0.88;0.0001
2017-03-10 12:00:00+00:00;2.188e-05;0.0;0;0;0;0.752;0.001;0.001;0.25409527;0.15914273;0.0001;0.891;0.0001
2017-03-10 13:00:00+00:00;1.951e-05;0.0;0;0;0;0.712;0.001;0.001;0.25681596;0.16049713;0.0001;0.824;0.0001
2017-03-10 14:00:00+00:00;2.013e-05;0.0;0;0;0;0.626;0.002;0.002;0.25230497;0.15880412;0.0001;0.687;0.0001
2017-03-10 15:00:00+00:00;2.182e-05;0.0;0;0;0;0.478;0.004;0.004;0.25601244;0.21162596;0.0001;0.461;0.0001
2017-03-10 16:00:00+00:00;2.37e-05;0.0;0;0;0;0.281;0.005;0.005;0.29561042;0.37991093;0.0001;0.205;0.0001
2017-03-10 17:00:00+00:00;4.985e-05;0.0;0;0;0;0.091;0.014;0.014;0.34627441;0.68634533;0.0001;0.039;0.0001
2017-03-10 18:00:00+00:00;0.00037036;0.0;0;0;0;0.0;0.048;0.048;0.58356626;0.86648134;0.0001;0.0;0.0001
2017-03-10 19:00:00+00:00;0.0003872;0.0;0;0;0;0.0;0.105;0.105;0.56842627;0.86715855;0.0001;0.0;0.0001
2017-03-10 20:00:00+00:00;5.514e-05;0.0;0;0;0;0.0;0.163;0.163;0.55657084;0.83905462;0.0001;0.0;0.0001
2017-03-10 21:00:00+00:00;1.776e-05;0.0;0;0;0;0.0;0.204;0.204;0.50627337;0.78555558;0.0001;0.0;0.0001
2017-03-10 22:00:00+00:00;1.146e-05;0.0;0;0;0;0.0;0.199;0.199;0.42074793;0.28679551;0.0001;0.0;0.0001
2017-03-10 23:00:00+00:00;9.2e-07;0.0;0;0;0;0.0;0.164;0.164;0.38943889;0.15101629;0.0001;0.0;0.0001
2017-03-11 00:00:00+00:00;1.59e-06;0.0;0;0;0;0.0;0.134;0.134;0.16730112;0.14695307;0.0001;0.0;0.0001
2017-03-11 01:00:00+00:00;3.67e-06;0.0;0;0;0;0.0;0.113;0.113;0.18094684;0.14085824;0.0001;0.0;0.0001
2017-03-11 02:00:00+00:00;5.15e-06;0.0;0;0;0;0.0;0.105;0.105;0.18081997;0.17268679;0.0001;0.0;0.0001
2017-03-11 03:00:00+00:00;6.62e-06;0.0;0;0;0;0.0;0.107;0.107;0.1775777;0.17268679;0.0001;0.0;0.0001
2017-03-11 04:00:00+00:00;9.21e-06;0.0;0;0;0;0.0;0.114;0.114;0.1691619;0.1760728;0.0001;0.0;0.0001
2017-03-11 05:00:00+00:00;5.101e-05;0.0;0;0;0;0.0;0.118;0.118;0.14460523;0.23397366;0.0001;0.0;0.0001
2017-03-11 06:00:00+00:00;0.00033237;0.0;0;0;0;0.013;0.119;0.119;0.1855847;0.23295786;0.0001;0.001;0.0001
2017-03-11 07:00:00+00:00;0.00043742;0.0;0;0;0;0.106;0.069;0.069;0.21635807;0.23702108;0.0001;0.017;0.0001
2017-03-11 08:00:00+00:00;0.00034394;0.0;0;0;0;0.243;0.087;0.087;0.22803024;0.23600527;0.0001;0.065;0.0001
2017-03-11 09:00:00+00:00;6.529e-05;0.0;0;0;0;0.393;0.07;0.07;0.23803899;0.23702108;0.0001;0.17;0.0001
2017-03-11 10:00:00+00:00;2.093e-05;0.0;0;0;0;0.546;0.051;0.051;0.24140813;0.17844301;0.0001;0.369;0.0001
2017-03-11 11:00:00+00:00;2.093e-05;0.0;0;0;0;0.643;0.049;0.049;0.22566197;0.17878161;0.0001;0.546;0.0001
2017-03-11 12:00:00+00:00;2.176e-05;0.0;0;0;0;0.664;0.058;0.058;0.24567947;0.15575671;0.0001;0.593;0.0001
2017-03-11 13:00:00+00:00;2.173e-05;0.0;0;0;0;0.63;0.06;0.06;0.23915264;0.15067769;0.0001;0.549;0.0001
2017-03-11 14:00:00+00:00;2.093e-05;0.0;0;0;0;0.536;0.054;0.054;0.26121416;0.15474091;0.0001;0.412;0.0001
2017-03-11 15:00:00+00:00;2.217e-05;0.0;0;0;0;0.409;0.039;0.039;0.24652527;0.15101629;0.0001;0.263;0.0001
2017-03-11 16:00:00+00:00;2.372e-05;0.0;0;0;0;0.224;0.028;0.028;0.28292328;0.3721231;0.0001;0.088;0.0001
2017-03-11 17:00:00+00:00;5.085e-05;0.0;0;0;0;0.087;0.031;0.031;0.28877346;0.66636783;0.0001;0.027;0.0001
2017-03-11 18:00:00+00:00;0.00037337;0.0;0;0;0;0.0;0.059;0.059;0.48811666;0.833637;0.0001;0.0;0.0001
2017-03-11 19:00:00+00:00;0.00038626;0.0;0;0;0;0.0;0.14;0.14;0.51007951;0.8553075;0.0001;0.0;0.0001
2017-03-11 20:00:00+00:00;5.483e-05;0.0;0;0;0;0.0;0.221;0.221;0.43873548;0.86309533;0.0001;0.0;0.0001
2017-03-11 21:00:00+00:00;1.801e-05;0.0;0;0;0;0.0;0.211;0.211;0.35392898;0.8556461;0.0001;0.0;0.0001
2017-03-11 22:00:00+00:00;1.131e-05;0.0;0;0;0;0.0;0.156;0.156;0.25608292;0.29492194;0.0001;0.0;0.0001
2017-03-11 23:00:00+00:00;7.6e-07;0.0;0;0;0;0.0;0.112;0.112;0.2401817;0.14458286;0.0001;0.0;0.0001
2017-03-12 00:00:00+00:00;1.57e-06;0.0;0;0;0;0.0;0.088;0.088;0.39609259;0.15914273;0.0001;0.0;0.0001
2017-03-12 01:00:00+00:00;3.72e-06;0.0;0;0;0;0.0;0.065;0.065;0.40875154;0.15778832;0.0001;0.0;0.0001
2017-03-12 02:00:00+00:00;5.31e-06;0.0;0;0;0;0.0;0.043;0.043;0.37458083;0.15981993;0.0001;0.0;0.0001
2017-03-12 03:00:00+00:00;7.01e-06;0.0;0;0;0;0.0;0.027;0.027;0.35201181;0.18216763;0.0001;0.0;0.0001
2017-03-12 04:00:00+00:00;9.1e-06;0.0;0;0;0;0.0;0.022;0.022;0.38597107;0.18149043;0.0001;0.0;0.0001
2017-03-12 05:00:00+00:00;5.332e-05;0.0;0;0;0;0.0;0.028;0.028;0.37008395;0.21331897;0.0001;0.0;0.0001
2017-03-12 06:00:00+00:00;0.00033064;0.0;0;0;0;0.024;0.042;0.042;0.46540667;0.20993296;0.0001;0.01;0.0001
2017-03-12 07:00:00+00:00;0.0004402;0.0;0;0;0;0.211;0.031;0.031;0.55244047;0.23871409;0.0001;0.161;0.0001
2017-03-12 08:00:00+00:00;0.00034743;0.0;0;0;0;0.41;0.018;0.018;0.59371598;0.23465087;0.0001;0.383;0.0001
2017-03-12 09:00:00+00:00;6.621e-05;0.0;0;0;0;0.578;0.02;0.02;0.60279433;0.24006849;0.0001;0.614;0.0001
2017-03-12 10:00:00+00:00;2.126e-05;0.0;0;0;0;0.704;0.019;0.019;0.6704027;0.220091;0.0001;0.817;0.0001
2017-03-12 11:00:00+00:00;2.126e-05;0.0;0;0;0;0.767;0.01;0.01;0.64907421;0.18555364;0.0001;0.928;0.0001
2017-03-12 12:00:00+00:00;2.087e-05;0.0;0;0;0;0.776;0.004;0.004;0.64478877;0.18860106;0.0001;0.946;0.0001
2017-03-12 13:00:00+00:00;2.04e-05;0.0;0;0;0;0.74;0.001;0.001;0.61319779;0.18995546;0.0001;0.886;0.0001
2017-03-12 14:00:00+00:00;1.996e-05;0.0;0;0;0;0.655;0.0;0.0;0.65046979;0.18860106;0.0001;0.752;0.0001
2017-03-12 15:00:00+00:00;2.134e-05;0.0;0;0;0;0.516;0.0;0.0;0.61584799;0.18656945;0.0001;0.548;0.0001
2017-03-12 16:00:00+00:00;2.368e-05;0.0;0;0;0;0.309;0.0;0.0;0.57297955;0.43578018;0.0001;0.268;0.0001
2017-03-12 17:00:00+00:00;4.873e-05;0.0;0;0;0;0.105;0.0;0.0;0.53553838;0.72054408;0.0001;0.062;0.0001
2017-03-12 18:00:00+00:00;0.00037125;0.0;0;0;0;0.0;0.002;0.002;0.72529574;0.8793482;0.0001;0.0;0.0001
2017-03-12 19:00:00+00:00;0.00038485;0.0;0;0;0;0.0;0.007;0.007;0.78835084;0.86580414;0.0001;0.0;0.0001
2017-03-12 20:00:00+00:00;5.33e-05;0.0;0;0;0;0.0;0.02;0.02;0.70656106;0.86817435;0.0001;0.0;0.0001
2017-03-12 21:00:00+00:00;1.78e-05;0.0;0;0;0;0.0;0.04;0.04;0.68829157;0.85970932;0.0001;0.0;0.0001
2017-03-12 22:00:00+00:00;1.143e-05;0.0;0;0;0;0.0;0.062;0.062;0.64151831;0.34503497;0.0001;0.0;0.0001
2017-03-12 23:00:00+00:00;5.9e-07;0.0;0;0;0;0.0;0.084;0.084;0.66116928;0.18352204;0.0001;0.0;0.0001
2017-03-13 00:00:00+00:00;1.8e-06;0.0;0;0;0;0.0;0.085;0.085;0.56277345;0.21128736;0.0001;0.0;0.0001
2017-03-13 01:00:00+00:00;4.11e-06;0.0;0;0;0;0.0;0.074;0.074;0.4448817;0.21298037;0.0001;0.0;0.0001
2017-03-13 02:00:00+00:00;5.39e-06;0.0;0;0;0;0.0;0.065;0.065;0.37324163;0.23160346;0.0001;0.0;0.0001
2017-03-13 03:00:00+00:00;6.7e-06;0.0;0;0;0;0.0;0.072;0.072;0.3338692;0.22991045;0.0001;0.0;0.0001
2017-03-13 04:00:00+00:00;8.81e-06;0.0;0;0;0;0.0;0.09;0.09;0.33543395;0.23228066;0.0001;0.0;0.0001
2017-03-13 05:00:00+00:00;5.11e-05;0.0;0;0;0;0.0;0.102;0.102;0.35060213;0.23228066;0.0001;0.0;0.0001
2017-03-13 06:00:00+00:00;0.00033278;0.0;0;0;0;0.02;0.094;0.094;0.34953077;0.24785633;0.0001;0.005;0.0001
2017-03-13 07:00:00+00:00;0.00044071;0.0;0;0;0;0.159;0.057;0.057;0.43922887;0.25361255;0.0001;0.067;0.0001
2017-03-13 08:00:00+00:00;0.00034857;0.0;0;0;0;0.313;0.038;0.038;0.50187516;0.28307089;0.0001;0.177;0.0001
2017-03-13 09:00:00+00:00;6.471e-05;0.0;0;0;0;0.496;0.033;0.033;0.5891768;0.2861183;0.0001;0.41;0.0001
2017-03-13 10:00:00+00:00;2.093e-05;0.0;0;0;0;0.661;0.037;0.037;0.63072014;0.29559915;0.0001;0.702;0.0001
2017-03-13 11:00:00+00:00;2.034e-05;0.0;0;0;0;0.747;0.018;0.018;0.6388822;0.29052012;0.0001;0.87;0.0001
2017-03-13 12:00:00+00:00;2.098e-05;0.0;0;0;0;0.75;0.004;0.004;0.61298633;0.27528305;0.0001;0.87;0.0001
2017-03-13 13:00:00+00:00;2.068e-05;0.0;0;0;0;0.703;0.001;0.001;0.65099138;0.27765326;0.0001;0.785;0.0001
2017-03-13 14:00:00+00:00;2.033e-05;0.0;0;0;0;0.617;0.0;0.0;0.68254007;0.28171648;0.0001;0.652;0.0001
2017-03-13 15:00:00+00:00;2.267e-05;0.0;0;0;0;0.493;0.0;0.0;0.66917628;0.28273229;0.0001;0.488;0.0001
2017-03-13 16:00:00+00:00;2.461e-05;0.0;0;0;0;0.296;0.0;0.0;0.66738598;0.49605126;0.0001;0.235;0.0001
2017-03-13 17:00:00+00:00;4.918e-05;0.0;0;0;0;0.107;0.001;0.001;0.66965557;0.74255318;0.0001;0.063;0.0001
2017-03-13 18:00:00+00:00;0.00036872;0.0;0;0;0;0.0;0.014;0.014;0.72359002;0.87257617;0.0001;0.0;0.0001
2017-03-13 19:00:00+00:00;0.00038753;0.0;0;0;0;0.0;0.059;0.059;0.74747005;0.87359198;0.0001;0.0;0.0001
2017-03-13 20:00:00+00:00;5.277e-05;0.0;0;0;0;0.0;0.133;0.133;0.74166215;0.87122177;0.0001;0.0;0.0001
2017-03-13 21:00:00+00:00;1.783e-05;0.0;0;0;0;0.0;0.18;0.18;0.66930315;0.86648134;0.0001;0.0;0.0001
2017-03-13 22:00:00+00:00;1.135e-05;0.0;0;0;0;0.0;0.151;0.151;0.5771663;0.58679647;0.0001;0.0;0.0001
2017-03-13 23:00:00+00:00;5.7e-07;0.0;0;0;0;0.0;0.112;0.112;0.57413549;0.1764114;0.0001;0.0;0.0001
2017-03-14 00:00:00+00:00;1.82e-06;0.0;0;0;0;0.0;0.075;0.075;0.51378698;0.17404119;0.0001;0.0;0.0001
2017-03-14 01:00:00+00:00;3.62e-06;0.0;0;0;0;0.0;0.042;0.042;0.46457496;0.17675;0.0001;0.0;0.0001
2017-03-14 02:00:00+00:00;5.4e-06;0.0;0;0;0;0.0;0.017;0.017;0.41257177;0.14526006;0.0001;0.0;0.0001
2017-03-14 03:00:00+00:00;7.02e-06;0.0;0;0;0;0.0;0.004;0.004;0.38754991;0.14559866;0.0001;0.0;0.0001
2017-03-14 04:00:00+00:00;9.11e-06;0.0;0;0;0;0.0;0.001;0.001;0.38354641;0.15000048;0.0001;0.0;0.0001
2017-03-14 05:00:00+00:00;5.233e-05;0.0;0;0;0;0.0;0.0;0.0;0.39285032;0.14661447;0.0001;0.0;0.0001
2017-03-14 06:00:00+00:00;0.00033259;0.0;0;0;0;0.026;0.0;0.0;0.36615093;0.14830747;0.0001;0.016;0.0001
2017-03-14 07:00:00+00:00;0.00043644;0.0;0;0;0;0.228;0.0;0.0;0.37211389;0.14966188;0.0001;0.198;0.0001
2017-03-14 08:00:00+00:00;0.00034634;0.0;0;0;0;0.431;0.0;0.0;0.40531191;0.21027156;0.0001;0.434;0.0001
2017-03-14 09:00:00+00:00;6.505e-05;0.0;0;0;0;0.598;0.0;0.0;0.3898336;0.2854411;0.0001;0.662;0.0001
2017-03-14 10:00:00+00:00;1.957e-05;0.0;0;0;0;0.708;0.003;0.003;0.39314635;0.28307089;0.0001;0.831;0.0001
2017-03-14 11:00:00+00:00;1.989e-05;0.0;0;0;0;0.765;0.013;0.013;0.40877973;0.28205508;0.0001;0.926;0.0001
2017-03-14 12:00:00+00:00;2.142e-05;0.0;0;0;0;0.774;0.021;0.021;0.38833933;0.28307089;0.0001;0.943;0.0001
2017-03-14 13:00:00+00:00;2.052e-05;0.0;0;0;0;0.736;0.02;0.02;0.39863002;0.26783382;0.0001;0.882;0.0001
2017-03-14 14:00:00+00:00;1.984e-05;0.0;0;0;0;0.646;0.018;0.018;0.45262085;0.48758622;0.0001;0.737;0.0001
2017-03-14 15:00:00+00:00;2.148e-05;0.0;0;0;0;0.508;0.02;0.02;0.52342921;0.49063363;0.0001;0.532;0.0001
2017-03-14 16:00:00+00:00;2.39e-05;0.0;0;0;0;0.278;0.034;0.034;0.62298098;0.48894063;0.0001;0.21;0.0001
2017-03-14 17:00:00+00:00;5.042e-05;0.0;0;0;0;0.105;0.067;0.067;0.6300012;0.74086017;0.0001;0.064;0.0001
2017-03-14 18:00:00+00:00;0.00037849;0.0;0;0;0;0.0;0.122;0.122;0.74372029;0.84379504;0.0001;0.0;0.0001
2017-03-14 19:00:00+00:00;0.00038395;0.0;0;0;0;0.0;0.163;0.163;0.74270532;0.87528499;0.0001;0.0;0.0001
2017-03-14 20:00:00+00:00;5.508e-05;0.0;0;0;0;0.0;0.186;0.186;0.75371494;0.87393058;0.0001;0.0;0.0001
2017-03-14 21:00:00+00:00;1.797e-05;0.0;0;0;0;0.0;0.204;0.204;0.69596025;0.8570005;0.0001;0.0;0.0001
2017-03-14 22:00:00+00:00;1.121e-05;0.0;0;0;0;0.0;0.187;0.187;0.64034827;0.55869254;0.0001;0.0;0.0001
2017-03-14 23:00:00+00:00;6.8e-07;0.0;0;0;0;0.0;0.158;0.158;0.53184501;0.16557615;0.0001;0.0;0.0001
2017-03-15 00:00:00+00:00;1.29e-06;0.0;0;0;0;0.0;0.135;0.135;0.42165013;0.17776581;0.0001;0.0;0.0001
2017-03-15 01:00:00+00:00;2.91e-06;0.0;0;0;0;0.0;0.116;0.116;0.41850654;0.17742721;0.0001;0.0;0.0001
2017-03-15 02:00:00+00:00;4.2e-06;0.0;0;0;0;0.0;0.116;0.116;0.35485937;0.17844301;0.0001;0.0;0.0001
2017-03-15 03:00:00+00:00;5.46e-06;0.0;0;0;0;0.0;0.113;0.113;0.34509027;0.17844301;0.0001;0.0;0.0001
2017-03-15 04:00:00+00:00;7.36e-06;0.0;0;0;0;0.0;0.154;0.154;0.37848565;0.18521504;0.0001;0.0;0.0001
2017-03-15 05:00:00+00:00;4.859e-05;0.0;0;0;0;0.0;0.231;0.231;0.40431104;0.19401868;0.0001;0.0;0.0001
2017-03-15 06:00:00+00:00;0.00033365;0.0;0;0;0;0.024;0.322;0.322;0.40732776;0.19368008;0.0001;0.012;0.0001
2017-03-15 07:00:00+00:00;0.00043731;0.0;0;0;0;0.216;0.289;0.289;0.48149115;0.19300288;0.0001;0.171;0.0001
2017-03-15 08:00:00+00:00;0.00034917;0.0;0;0;0;0.407;0.239;0.239;0.60543044;0.22720164;0.0001;0.379;0.0001
2017-03-15 09:00:00+00:00;6.387e-05;0.0;0;0;0;0.553;0.168;0.168;0.58599092;0.4621911;0.0001;0.558;0.0001
2017-03-15 10:00:00+00:00;1.766e-05;0.0;0;0;0;0.669;0.102;0.102;0.65809617;0.51839896;0.0001;0.732;0.0001
2017-03-15 11:00:00+00:00;1.783e-05;0.0;0;0;0;0.736;0.076;0.076;0.68385107;0.51467434;0.0001;0.849;0.0001
2017-03-15 12:00:00+00:00;1.862e-05;0.0;0;0;0;0.745;0.067;0.067;0.66046444;0.51806036;0.0001;0.867;0.0001
2017-03-15 13:00:00+00:00;1.929e-05;0.0;0;0;0;0.706;0.063;0.063;0.64105311;0.49435825;0.0001;0.805;0.0001
2017-03-15 14:00:00+00:00;1.85e-05;0.0;0;0;0;0.624;0.055;0.055;0.68486605;0.49232664;0.0001;0.683;0.0001
2017-03-15 15:00:00+00:00;1.931e-05;0.0;0;0;0;0.5;0.04;0.04;0.69851177;0.50383909;0.0001;0.518;0.0001
2017-03-15 16:00:00+00:00;2.101e-05;0.0;0;0;0;0.318;0.02;0.02;0.6757313;0.48013699;0.0001;0.291;0.0001
2017-03-15 17:00:00+00:00;4.734e-05;0.0;0;0;0;0.11;0.013;0.013;0.67263;0.746955;0.0001;0.073;0.0001
2017-03-15 18:00:00+00:00;0.00037378;0.0;0;0;0;0.0;0.007;0.007;0.77391569;0.88408863;0.0001;0.0;0.0001
2017-03-15 19:00:00+00:00;0.00037917;0.0;0;0;0;0.0;0.003;0.003;0.84423065;0.88815184;0.0001;0.0;0.0001
2017-03-15 20:00:00+00:00;5.326e-05;0.0;0;0;0;0.0;0.002;0.002;0.77538176;0.89119926;0.0001;0.0;0.0001
2017-03-15 21:00:00+00:00;1.661e-05;0.0;0;0;0;0.0;0.002;0.002;0.70330469;0.88341142;0.0001;0.0;0.0001
2017-03-15 22:00:00+00:00;1.024e-05;0.0;0;0;0;0.0;0.005;0.005;0.66297368;0.5939071;0.0001;0.0;0.0001
2017-03-15 23:00:00+00:00;5e-08;0.0;0;0;0;0.0;0.013;0.013;0.56865182;0.47607377;0.0001;0.0;0.0001
2017-03-16 00:00:00+00:00;1.31e-06;0.0;0;0;0;0.0;0.022;0.022;0.47819249;0.46930174;0.0001;0.0;0.0001
2017-03-16 01:00:00+00:00;2.93e-06;0.0;0;0;0;0.0;0.028;0.028;0.44502267;0.23397366;0.0001;0.0;0.0001
2017-03-16 02:00:00+00:00;4.15e-06;0.0;0;0;0;0.0;0.031;0.031;0.429347;0.24447031;0.0001;0.0;0.0001
2017-03-16 03:00:00+00:00;5.46e-06;0.0;0;0;0;0.0;0.031;0.031;0.42146687;0.24447031;0.0001;0.0;0.0001
2017-03-16 04:00:00+00:00;7.31e-06;0.0;0;0;0;0.0;0.025;0.025;0.42372236;0.24447031;0.0001;0.0;0.0001
2017-03-16 05:00:00+00:00;5.007e-05;0.0;0;0;0;0.0;0.019;0.019;0.46478642;0.2424387;0.0001;0.0;0.0001
2017-03-16 06:00:00+00:00;0.0003352;0.0;0;0;0;0.025;0.02;0.02;0.46030362;0.24311591;0.0001;0.013;0.0001
2017-03-16 07:00:00+00:00;0.00044597;0.0;0;0;0;0.223;0.021;0.021;0.55476645;0.25632137;0.0001;0.179;0.0001
2017-03-16 08:00:00+00:00;0.00034481;0.0;0;0;0;0.424;0.027;0.027;0.63944607;0.25259675;0.0001;0.409;0.0001
2017-03-16 09:00:00+00:00;6.045e-05;0.0;0;0;0;0.581;0.062;0.062;0.65588297;0.5485345;0.0001;0.617;0.0001
2017-03-16 10:00:00+00:00;1.803e-05;0.0;0;0;0;0.684;0.105;0.105;0.71991075;0.55056611;0.0001;0.768;0.0001
2017-03-16 11:00:00+00:00;1.904e-05;0.0;0;0;0;0.728;0.149;0.149;0.68600789;0.58679647;0.0001;0.823;0.0001
2017-03-16 12:00:00+00:00;1.915e-05;0.0;0;0;0;0.697;0.186;0.186;0.65595346;0.58882808;0.0001;0.729;0.0001
2017-03-16 13:00:00+00:00;1.885e-05;0.0;0;0;0;0.614;0.208;0.208;0.68668454;0.57359101;0.0001;0.544;0.0001
2017-03-16 14:00:00+00:00;1.89e-05;0.0;0;0;0;0.486;0.202;0.202;0.69360608;0.56681898;0.0001;0.322;0.0001
2017-03-16 15:00:00+00:00;1.924e-05;0.0;0;0;0;0.302;0.152;0.152;0.68600789;0.56817339;0.0001;0.109;0.0001
2017-03-16 16:00:00+00:00;2.168e-05;0.0;0;0;0;0.186;0.125;0.125;0.67756389;0.55395212;0.0001;0.053;0.0001
2017-03-16 17:00:00+00:00;4.694e-05;0.0;0;0;0;0.054;0.101;0.101;0.6952836;0.77776774;0.0001;0.009;0.0001
2017-03-16 18:00:00+00:00;0.00037477;0.0;0;0;0;0.0;0.093;0.093;0.84335665;0.9003415;0.0001;0.0;0.0001
2017-03-16 19:00:00+00:00;0.00038382;0.0;0;0;0;0.0;0.119;0.119;0.82118234;0.87257617;0.0001;0.0;0.0001
2017-03-16 20:00:00+00:00;5.272e-05;0.0;0;0;0;0.0;0.161;0.161;0.76509108;0.88171842;0.0001;0.0;0.0001
2017-03-16 21:00:00+00:00;1.669e-05;0.0;0;0;0;0.0;0.195;0.195;0.69783512;0.87968681;0.0001;0.0;0.0001
2017-03-16 22:00:00+00:00;1.027e-05;0.0;0;0;0;0.0;0.197;0.197;0.64236412;0.59797032;0.0001;0.0;0.0001
2017-03-16 23:00:00+00:00;8e-08;0.0;0;0;0;0.0;0.178;0.178;0.58417242;0.24277731;0.0001;0.0;0.0001
2017-03-17 00:00:00+00:00;1.81e-06;0.0;0;0;0;0.0;0.172;0.172;0.48783472;0.22957185;0.0001;0.0;0.0001
2017-03-17 01:00:00+00:00;3.92e-06;0.0;0;0;0;0.0;0.167;0.167;0.43920068;0.23058765;0.0001;0.0;0.0001
2017-03-17 02:00:00+00:00;5.36e-06;0.0;0;0;0;0.0;0.154;0.154;0.39699478;0.22957185;0.0001;0.0;0.0001
2017-03-17 03:00:00+00:00;6.8e-06;0.0;0;0;0;0.0;0.149;0.149;0.39145473;0.24514752;0.0001;0.0;0.0001
2017-03-17 04:00:00+00:00;8.79e-06;0.0;0;0;0;0.0;0.143;0.143;0.40646785;0.24345451;0.0001;0.0;0.0001
2017-03-17 05:00:00+00:00;5.188e-05;0.0;0;0;0;0.0;0.141;0.141;0.47585242;0.24548612;0.0001;0.0;0.0001
2017-03-17 06:00:00+00:00;0.00033369;0.0;0;0;0;0.019;0.133;0.133;0.50944516;0.24717913;0.0001;0.005;0.0001
2017-03-17 07:00:00+00:00;0.00043554;0.0;0;0;0;0.168;0.042;0.042;0.58586404;0.25361255;0.0001;0.08;0.0001
2017-03-17 08:00:00+00:00;0.00034753;0.0;0;0;0;0.356;0.069;0.069;0.57334606;0.46828593;0.0001;0.256;0.0001
2017-03-17 09:00:00+00:00;6.519e-05;0.0;0;0;0;0.518;0.112;0.112;0.58486317;0.50011448;0.0001;0.462;0.0001
2017-03-17 10:00:00+00:00;2.157e-05;0.0;0;0;0;0.632;0.139;0.139;0.57561565;0.51907616;0.0001;0.629;0.0001
2017-03-17 11:00:00+00:00;2.099e-05;0.0;0;0;0;0.683;0.154;0.154;0.51036145;0.51602875;0.0001;0.699;0.0001
2017-03-17 12:00:00+00:00;2.067e-05;0.0;0;0;0;0.675;0.154;0.154;0.42795141;0.49368105;0.0001;0.665;0.0001
2017-03-17 13:00:00+00:00;2.075e-05;0.0;0;0;0;0.607;0.107;0.107;0.45710365;0.49537406;0.0001;0.524;0.0001
2017-03-17 14:00:00+00:00;2.036e-05;0.0;0;0;0;0.499;0.068;0.068;0.53863968;0.49401965;0.0001;0.355;0.0001
2017-03-17 15:00:00+00:00;2.113e-05;0.0;0;0;0;0.37;0.038;0.038;0.55096031;0.46252971;0.0001;0.21;0.0001
2017-03-17 16:00:00+00:00;2.425e-05;0.0;0;0;0;0.21;0.019;0.019;0.57617953;0.38939177;0.0001;0.08;0.0001
2017-03-17 17:00:00+00:00;5.062e-05;0.0;0;0;0;0.07;0.018;0.018;0.58632924;0.73578115;0.0001;0.018;0.0001
2017-03-17 18:00:00+00:00;0.0003745;0.0;0;0;0;0.0;0.051;0.051;0.74015379;0.88002541;0.0001;0.0;0.0001
2017-03-17 19:00:00+00:00;0.00039211;0.0;0;0;0;0.0;0.126;0.126;0.81482467;0.87156037;0.0001;0.0;0.0001
2017-03-17 20:00:00+00:00;5.477e-05;0.0;0;0;0;0.0;0.182;0.182;0.73179437;0.87426918;0.0001;0.0;0.0001
2017-03-17 21:00:00+00:00;1.826e-05;0.0;0;0;0;0.0;0.198;0.198;0.58210019;0.86444974;0.0001;0.0;0.0001
2017-03-17 22:00:00+00:00;1.143e-05;0.0;0;0;0;0.0;0.207;0.207;0.53231021;0.57528402;0.0001;0.0;0.0001
2017-03-17 23:00:00+00:00;7.4e-07;0.0;0;0;0;0.0;0.21;0.21;0.54750658;0.22279981;0.0001;0.0;0.0001
2017-03-18 00:00:00+00:00;1.7e-06;0.0;0;0;0;0.0;0.185;0.185;0.47423129;0.22449282;0.0001;0.0;0.0001
2017-03-18 01:00:00+00:00;4.06e-06;0.0;0;0;0;0.0;0.138;0.138;0.47094673;0.23702108;0.0001;0.0;0.0001
2017-03-18 02:00:00+00:00;5.38e-06;0.0;0;0;0;0.0;0.081;0.081;0.47050973;0.23735968;0.0001;0.0;0.0001
2017-03-18 03:00:00+00:00;6.66e-06;0.0;0;0;0;0.0;0.042;0.042;0.456864;0.23735968;0.0001;0.0;0.0001
2017-03-18 04:00:00+00:00;8.69e-06;0.0;0;0;0;0.0;0.021;0.021;0.47087624;0.24751773;0.0001;0.0;0.0001
2017-03-18 05:00:00+00:00;5.057e-05;0.0;0;0;0;0.0;0.009;0.009;0.48385942;0.24887213;0.0001;0.0;0.0001
2017-03-18 06:00:00+00:00;0.00033855;0.0;0;0;0;0.015;0.005;0.005;0.50277736;0.24548612;0.0001;0.003;0.0001
2017-03-18 07:00:00+00:00;0.00044356;0.0;0;0;0;0.14;0.013;0.013;0.5789707;0.25056514;0.0001;0.04;0.0001
2017-03-18 08:00:00+00:00;0.00034764;0.0;0;0;0;0.281;0.026;0.026;0.58996622;0.46252971;0.0001;0.111;0.0001
2017-03-18 09:00:00+00:00;6.669e-05;0.0;0;0;0;0.4;0.025;0.025;0.58491956;0.4608367;0.0001;0.188;0.0001
2017-03-18 10:00:00+00:00;1.986e-05;0.0;0;0;0;0.502;0.025;0.025;0.56134967;0.54210107;0.0001;0.283;0.0001
2017-03-18 11:00:00+00:00;1.91e-05;0.0;0;0;0;0.554;0.018;0.018;0.58191693;0.57663842;0.0001;0.335;0.0001
2017-03-18 12:00:00+00:00;2.053e-05;0.0;0;0;0;0.56;0.014;0.014;0.48887789;0.57460682;0.0001;0.336;0.0001
2017-03-18 13:00:00+00:00;2.106e-05;0.0;0;0;0;0.515;0.014;0.014;0.55924924;0.56411017;0.0001;0.279;0.0001
2017-03-18 14:00:00+00:00;2.124e-05;0.0;0;0;0;0.442;0.016;0.016;0.57123154;0.58815088;0.0001;0.213;0.0001
2017-03-18 15:00:00+00:00;2.175e-05;0.0;0;0;0;0.322;0.017;0.017;0.63131221;0.57663842;0.0001;0.119;0.0001
2017-03-18 16:00:00+00:00;2.334e-05;0.0;0;0;0;0.185;0.016;0.016;0.60316085;0.56952779;0.0001;0.047;0.0001
2017-03-18 17:00:00+00:00;4.85e-05;0.0;0;0;0;0.06;0.018;0.018;0.59347633;0.77607474;0.0001;0.011;0.0001
2017-03-18 18:00:00+00:00;0.00037497;0.0;0;0;0;0.0;0.025;0.025;0.76741705;0.8790096;0.0001;0.0;0.0001
2017-03-18 19:00:00+00:00;0.00039044;0.0;0;0;0;0.0;0.016;0.016;0.88023394;0.87020596;0.0001;0.0;0.0001
2017-03-18 20:00:00+00:00;5.414e-05;0.0;0;0;0;0.0;0.009;0.009;0.81954711;0.87968681;0.0001;0.0;0.0001
2017-03-18 21:00:00+00:00;1.822e-05;0.0;0;0;0;0.0;0.007;0.007;0.698836;0.87257617;0.0001;0.0;0.0001
2017-03-18 22:00:00+00:00;1.156e-05;0.0;0;0;0;0.0;0.005;0.005;0.62970517;0.58442626;0.0001;0.0;0.0001
2017-03-18 23:00:00+00:00;6.7e-07;0.0;0;0;0;0.0;0.001;0.001;0.5700897;0.47031754;0.0001;0.0;0.0001
2017-03-19 00:00:00+00:00;1.77e-06;0.0;0;0;0;0.0;0.0;0.0;0.4515354;0.47370356;0.0001;0.0;0.0001
2017-03-19 01:00:00+00:00;3.96e-06;0.0;0;0;0;0.0;0.0;0.0;0.43189852;0.23092625;0.0001;0.0;0.0001
2017-03-19 02:00:00+00:00;5.36e-06;0.0;0;0;0;0.0;0.001;0.001;0.41238852;0.24853353;0.0001;0.0;0.0001
2017-03-19 03:00:00+00:00;6.8e-06;0.0;0;0;0;0.0;0.003;0.003;0.41099293;0.24717913;0.0001;0.0;0.0001
2017-03-19 04:00:00+00:00;8.94e-06;0.0;0;0;0;0.0;0.005;0.005;0.420029;0.24751773;0.0001;0.0;0.0001
2017-03-19 05:00:00+00:00;5.208e-05;0.0;0;0;0;0.0;0.004;0.004;0.47172205;0.25158095;0.0001;0.0;0.0001
2017-03-19 06:00:00+00:00;0.0003337;0.0;0;0;0;0.015;0.002;0.002;0.48494487;0.24785633;0.0001;0.003;0.0001
2017-03-19 07:00:00+00:00;0.00044019;0.0;0;0;0;0.149;0.002;0.002;0.51891822;0.25530556;0.0001;0.057;0.0001
2017-03-19 08:00:00+00:00;0.00035554;0.0;0;0;0;0.323;0.01;0.01;0.565184;0.50045308;0.0001;0.196;0.0001
2017-03-19 09:00:00+00:00;6.574e-05;0.0;0;0;0;0.488;0.024;0.024;0.58769663;0.51738316;0.0001;0.395;0.0001
2017-03-19 10:00:00+00:00;2.06e-05;0.0;0;0;0;0.612;0.047;0.047;0.61442421;0.51975337;0.0001;0.585;0.0001
2017-03-19 11:00:00+00:00;2.017e-05;0.0;0;0;0;0.679;0.06;0.06;0.64315354;0.51602875;0.0001;0.694;0.0001
2017-03-19 12:00:00+00:00;2.022e-05;0.0;0;0;0;0.668;0.063;0.063;0.64889095;0.49029503;0.0001;0.656;0.0001
2017-03-19 13:00:00+00:00;2.103e-05;0.0;0;0;0;0.64;0.043;0.043;0.62523648;0.49401965;0.0001;0.618;0.0001
2017-03-19 14:00:00+00:00;2.175e-05;0.0;0;0;0;0.545;0.024;0.024;0.65369796;0.49198804;0.0001;0.475;0.0001
2017-03-19 15:00:00+00:00;2.225e-05;0.0;0;0;0;0.422;0.02;0.02;0.64037647;0.49232664;0.0001;0.325;0.0001
2017-03-19 16:00:00+00:00;2.411e-05;0.0;0;0;0;0.246;0.024;0.024;0.66139483;0.50079168;0.0001;0.139;0.0001
2017-03-19 17:00:00+00:00;4.743e-05;0.0;0;0;0;0.082;0.045;0.045;0.6672873;0.72630031;0.0001;0.031;0.0001
2017-03-19 18:00:00+00:00;0.00037318;0.0;0;0;0;0.0;0.085;0.085;0.75535017;0.88408863;0.0001;0.0;0.0001
2017-03-19 19:00:00+00:00;0.00038756;0.0;0;0;0;0.0;0.136;0.136;0.80302563;0.88510443;0.0001;0.0;0.0001
2017-03-19 20:00:00+00:00;5.472e-05;0.0;0;0;0;0.0;0.174;0.174;0.76014309;0.88002541;0.0001;0.0;0.0001
2017-03-19 21:00:00+00:00;1.796e-05;0.0;0;0;0;0.0;0.204;0.204;0.67962203;0.87528499;0.0001;0.0;0.0001
2017-03-19 22:00:00+00:00;1.115e-05;0.0;0;0;0;0.0;0.211;0.211;0.66016841;0.34943679;0.0001;0.0;0.0001
2017-03-19 23:00:00+00:00;7.2e-07;0.0;0;0;0;0.0;0.205;0.205;0.54912772;0.23397366;0.0001;0.0;0.0001
2017-03-20 00:00:00+00:00;1.68e-06;0.0;0;0;0;0.0;0.211;0.211;0.4741749;0.23261926;0.0001;0.0;0.0001
2017-03-20 01:00:00+00:00;3.87e-06;0.0;0;0;0;0.0;0.226;0.226;0.46381373;0.23295786;0.0001;0.0;0.0001
2017-03-20 02:00:00+00:00;5.24e-06;0.0;0;0;0;0.0;0.235;0.235;0.44048349;0.23261926;0.0001;0.0;0.0001
2017-03-20 03:00:00+00:00;6.97e-06;0.0;0;0;0;0.0;0.236;0.236;0.43990552;0.24785633;0.0001;0.0;0.0001
2017-03-20 04:00:00+00:00;9.08e-06;0.0;0;0;0;0.0;0.238;0.238;0.48762327;0.24616332;0.0001;0.0;0.0001
2017-03-20 05:00:00+00:00;5.124e-05;0.0;0;0;0;0.0;0.235;0.235;0.5025941;0.24751773;0.0001;0.0;0.0001
2017-03-20 06:00:00+00:00;0.00033359;0.0;0;0;0;0.002;0.199;0.199;0.51449182;0.25395116;0.0001;0.0;0.0001
2017-03-20 07:00:00+00:00;0.00044359;0.0;0;0;0;0.037;0.106;0.106;0.5771663;0.25259675;0.0001;0.001;0.0001
2017-03-20 08:00:00+00:00;0.00035512;0.0;0;0;0;0.089;0.1;0.1;0.59232039;0.24887213;0.0001;0.003;0.0001
2017-03-20 09:00:00+00:00;6.522e-05;0.0;0;0;0;0.146;0.141;0.141;0.58494775;0.24819493;0.0001;0.006;0.0001
2017-03-20 10:00:00+00:00;2.112e-05;0.0;0;0;0;0.212;0.162;0.162;0.55871356;0.3297979;0.0001;0.011;0.0001
2017-03-20 11:00:00+00:00;2.048e-05;0.0;0;0;0;0.271;0.143;0.143;0.5416423;0.3741547;0.0001;0.019;0.0001
2017-03-20 12:00:00+00:00;2.173e-05;0.0;0;0;0;0.327;0.105;0.105;0.55623252;0.50620931;0.0001;0.032;0.0001
2017-03-20 13:00:00+00:00;2.133e-05;0.0;0;0;0;0.343;0.073;0.073;0.50362317;0.51128833;0.0001;0.043;0.0001
2017-03-20 14:00:00+00:00;2.15e-05;0.0;0;0;0;0.295;0.054;0.054;0.57522094;0.52618679;0.0001;0.035;0.0001
2017-03-20 15:00:00+00:00;2.289e-05;0.0;0;0;0;0.229;0.037;0.037;0.69818755;0.56140136;0.0001;0.026;0.0001
2017-03-20 16:00:00+00:00;2.363e-05;0.0;0;0;0;0.145;0.015;0.015;0.67477272;0.56343297;0.0001;0.015;0.0001
2017-03-20 17:00:00+00:00;4.918e-05;0.0;0;0;0;0.04;0.02;0.02;0.68442904;0.76523948;0.0001;0.003;0.0001
2017-03-20 18:00:00+00:00;0.00037032;0.0;0;0;0;0.0;0.06;0.06;0.76175013;0.8779938;0.0001;0.0;0.0001
2017-03-20 19:00:00+00:00;0.00038588;0.0;0;0;0;0.0;0.131;0.131;0.7716602;0.87325338;0.0001;0.0;0.0001
2017-03-20 20:00:00+00:00;5.522e-05;0.0;0;0;0;0.0;0.186;0.186;0.71929049;0.8793482;0.0001;0.0;0.0001
2017-03-20 21:00:00+00:00;1.817e-05;0.0;0;0;0;0.0;0.208;0.208;0.71001478;0.83837742;0.0001;0.0;0.0001
2017-03-20 22:00:00+00:00;1.149e-05;0.0;0;0;0;0.0;0.189;0.189;0.68751625;0.29153593;0.0001;0.0;0.0001
2017-03-20 23:00:00+00:00;7.6e-07;0.0;0;0;0;0.0;0.174;0.174;0.60192033;0.17742721;0.0001;0.0;0.0001
2017-03-21 00:00:00+00:00;1.87e-06;0.0;0;0;0;0.0;0.171;0.171;0.52289353;0.1753956;0.0001;0.0;0.0001
2017-03-21 01:00:00+00:00;4.03e-06;0.0;0;0;0;0.0;0.155;0.155;0.45180324;0.17708861;0.0001;0.0;0.0001
2017-03-21 02:00:00+00:00;5.43e-06;0.0;0;0;0;0.0;0.115;0.115;0.45049223;0.1757342;0.0001;0.0;0.0001
2017-03-21 03:00:00+00:00;7.1e-06;0.0;0;0;0;0.0;0.077;0.077;0.41131716;0.19232568;0.0001;0.0;0.0001
2017-03-21 04:00:00+00:00;9.2e-06;0.0;0;0;0;0.0;0.052;0.052;0.40994977;0.19266428;0.0001;0.0;0.0001
2017-03-21 05:00:00+00:00;5.034e-05;0.0;0;0;0;0.0;0.041;0.041;0.42506156;0.19469589;0.0001;0.0;0.0001
2017-03-21 06:00:00+00:00;0.00033479;0.0;0;0;0;0.01;0.029;0.029;0.41883076;0.18419924;0.0001;0.001;0.0001
2017-03-21 07:00:00+00:00;0.00043933;0.0;0;0;0;0.119;0.037;0.037;0.39705117;0.19334148;0.0001;0.029;0.0001
2017-03-21 08:00:00+00:00;0.00035327;0.0;0;0;0;0.283;0.025;0.025;0.46420844;0.17167098;0.0001;0.126;0.0001
2017-03-21 09:00:00+00:00;6.785e-05;0.0;0;0;0;0.455;0.016;0.016;0.50947335;0.17167098;0.0001;0.313;0.0001
2017-03-21 10:00:00+00:00;1.983e-05;0.0;0;0;0;0.585;0.006;0.006;0.49853421;0.17099378;0.0001;0.504;0.0001
2017-03-21 11:00:00+00:00;2.08e-05;0.0;0;0;0;0.638;0.002;0.002;0.52646002;0.27596026;0.0001;0.579;0.0001
2017-03-21 12:00:00+00:00;2.083e-05;0.0;0;0;0;0.655;0.001;0.001;0.44789842;0.28239369;0.0001;0.614;0.0001
2017-03-21 13:00:00+00:00;1.984e-05;0.0;0;0;0;0.628;0.001;0.001;0.46602693;0.37821792;0.0001;0.587;0.0001
2017-03-21 14:00:00+00:00;2.061e-05;0.0;0;0;0;0.559;0.001;0.001;0.42197436;0.48487741;0.0001;0.509;0.0001
2017-03-21 15:00:00+00:00;2.185e-05;0.0;0;0;0;0.437;0.0;0.0;0.52927939;0.45372607;0.0001;0.364;0.0001
2017-03-21 16:00:00+00:00;2.402e-05;0.0;0;0;0;0.277;0.0;0.0;0.51404072;0.45711208;0.0001;0.198;0.0001
2017-03-21 17:00:00+00:00;4.931e-05;0.0;0;0;0;0.09;0.0;0.0;0.60344279;0.75169542;0.0001;0.043;0.0001
2017-03-21 18:00:00+00:00;0.00037342;0.0;0;0;0;0.0;0.001;0.001;0.73677055;0.85022847;0.0001;0.0;0.0001
2017-03-21 19:00:00+00:00;0.00039188;0.0;0;0;0;0.0;0.002;0.002;0.7494436;0.87393058;0.0001;0.0;0.0001
2017-03-21 20:00:00+00:00;5.422e-05;0.0;0;0;0;0.0;0.004;0.004;0.75357397;0.84074763;0.0001;0.0;0.0001
2017-03-21 21:00:00+00:00;1.792e-05;0.0;0;0;0;0.0;0.011;0.011;0.71844468;0.83295979;0.0001;0.0;0.0001
2017-03-21 22:00:00+00:00;1.134e-05;0.0;0;0;0;0.0;0.026;0.026;0.64578965;0.55496793;0.0001;0.0;0.0001
2017-03-21 23:00:00+00:00;7.4e-07;0.0;0;0;0;0.0;0.058;0.058;0.57204915;0.20722414;0.0001;0.0;0.0001
2017-03-22 00:00:00+00:00;1.32e-06;0.0;0;0;0;0.0;0.077;0.077;0.49319152;0.20214512;0.0001;0.0;0.0001
2017-03-22 01:00:00+00:00;2.98e-06;0.0;0;0;0;0.0;0.065;0.065;0.46536438;0.20316092;0.0001;0.0;0.0001
2017-03-22 02:00:00+00:00;4.17e-06;0.0;0;0;0;0.0;0.049;0.049;0.43879187;0.20316092;0.0001;0.0;0.0001
2017-03-22 03:00:00+00:00;5.52e-06;0.0;0;0;0;0.0;0.062;0.062;0.42492059;0.22110681;0.0001;0.0;0.0001
2017-03-22 04:00:00+00:00;7.47e-06;0.0;0;0;0;0.0;0.101;0.101;0.43848174;0.22686303;0.0001;0.0;0.0001
2017-03-22 05:00:00+00:00;4.858e-05;0.0;0;0;0;0.0;0.091;0.091;0.4905836;0.2207682;0.0001;0.0;0.0001
2017-03-22 06:00:00+00:00;0.00033505;0.0;0;0;0;0.016;0.046;0.046;0.52069442;0.22449282;0.0001;0.005;0.0001
2017-03-22 07:00:00+00:00;0.00043834;0.0;0;0;0;0.17;0.01;0.01;0.60641722;0.25632137;0.0001;0.095;0.0001
2017-03-22 08:00:00+00:00;0.00034799;0.0;0;0;0;0.367;0.001;0.001;0.63411748;0.24921073;0.0001;0.3;0.0001
2017-03-22 09:00:00+00:00;6.389e-05;0.0;0;0;0;0.542;0.001;0.001;0.66858421;0.2854411;0.0001;0.543;0.0001
2017-03-22 10:00:00+00:00;1.763e-05;0.0;0;0;0;0.665;0.004;0.004;0.66747056;0.27494445;0.0001;0.739;0.0001
2017-03-22 11:00:00+00:00;1.807e-05;0.0;0;0;0;0.715;0.001;0.001;0.62199421;0.25598277;0.0001;0.813;0.0001
2017-03-22 12:00:00+00:00;1.713e-05;0.0;0;0;0;0.72;0.0;0.0;0.67368726;0.25869158;0.0001;0.815;0.0001
2017-03-22 13:00:00+00:00;1.628e-05;0.0;0;0;0;0.684;0.0;0.0;0.6491165;0.26038459;0.0001;0.757;0.0001
2017-03-22 14:00:00+00:00;1.681e-05;0.0;0;0;0;0.601;0.0;0.0;0.68851712;0.47404216;0.0001;0.634;0.0001
2017-03-22 15:00:00+00:00;2.051e-05;0.0;0;0;0;0.46;0.0;0.0;0.65688385;0.47268775;0.0001;0.433;0.0001
2017-03-22 16:00:00+00:00;2.424e-05;0.0;0;0;0;0.294;0.0;0.0;0.66194461;0.47810538;0.0001;0.244;0.0001
2017-03-22 17:00:00+00:00;4.86e-05;0.0;0;0;0;0.093;0.001;0.001;0.66080277;0.74560059;0.0001;0.051;0.0001
2017-03-22 18:00:00+00:00;0.00037717;0.0;0;0;0;0.0;0.004;0.004;0.81994182;0.90338891;0.0001;0.0;0.0001
2017-03-22 19:00:00+00:00;0.00039392;0.0;0;0;0;0.0;0.011;0.011;0.87701986;0.89864849;0.0001;0.0;0.0001
2017-03-22 20:00:00+00:00;5.369e-05;0.0;0;0;0;0.0;0.03;0.03;0.80887581;0.89560108;0.0001;0.0;0.0001
2017-03-22 21:00:00+00:00;1.667e-05;0.0;0;0;0;0.0;0.054;0.054;0.70959188;0.86275673;0.0001;0.0;0.0001
2017-03-22 22:00:00+00:00;1.033e-05;0.0;0;0;0;0.0;0.071;0.071;0.71561122;0.33758574;0.0001;0.0;0.0001
2017-03-22 23:00:00+00:00;9e-08;0.0;0;0;0;0.0;0.068;0.068;0.65513584;0.21094876;0.0001;0.0;0.0001
2017-03-23 00:00:00+00:00;1.4e-06;0.0;0;0;0;0.0;0.036;0.036;0.68455591;0.20925575;0.0001;0.0;0.0001
2017-03-23 01:00:00+00:00;2.96e-06;0.0;0;0;0;0.0;0.005;0.005;0.64794646;0.21230317;0.0001;0.0;0.0001
2017-03-23 02:00:00+00:00;4.17e-06;0.0;0;0;0;0.0;0.007;0.007;0.59835383;0.21162596;0.0001;0.0;0.0001
2017-03-23 03:00:00+00:00;5.51e-06;0.0;0;0;0;0.0;0.061;0.061;0.59303933;0.21061016;0.0001;0.0;0.0001
2017-03-23 04:00:00+00:00;7.41e-06;0.0;0;0;0;0.0;0.091;0.091;0.60713615;0.21298037;0.0001;0.0;0.0001
2017-03-23 05:00:00+00:00;5.014e-05;0.0;0;0;0;0.0;0.077;0.077;0.67418065;0.22686303;0.0001;0.0;0.0001
2017-03-23 06:00:00+00:00;0.00034077;0.0;0;0;0;0.022;0.056;0.056;0.68012951;0.22584723;0.0001;0.012;0.0001
2017-03-23 07:00:00+00:00;0.0004424;0.0;0;0;0;0.212;0.022;0.022;0.69553734;0.22178401;0.0001;0.168;0.0001
2017-03-23 08:00:00+00:00;0.00035016;0.0;0;0;0;0.403;0.012;0.012;0.67943877;0.25462836;0.0001;0.376;0.0001
2017-03-23 09:00:00+00:00;6.426e-05;0.0;0;0;0;0.553;0.015;0.015;0.71053636;0.33758574;0.0001;0.566;0.0001
2017-03-23 10:00:00+00:00;1.839e-05;0.0;0;0;0;0.655;0.008;0.008;0.71583677;0.37923373;0.0001;0.707;0.0001
2017-03-23 11:00:00+00:00;1.893e-05;0.0;0;0;0;0.689;0.006;0.006;0.67714098;0.36772128;0.0001;0.737;0.0001
2017-03-23 12:00:00+00:00;1.858e-05;0.0;0;0;0;0.686;0.007;0.007;0.69390211;0.33927874;0.0001;0.715;0.0001
2017-03-23 13:00:00+00:00;1.756e-05;0.0;0;0;0;0.617;0.006;0.006;0.71043769;0.56783479;0.0001;0.574;0.0001
2017-03-23 14:00:00+00:00;1.744e-05;0.0;0;0;0;0.533;0.004;0.004;0.71453986;0.53634484;0.0001;0.449;0.0001
2017-03-23 15:00:00+00:00;1.927e-05;0.0;0;0;0;0.356;0.004;0.004;0.73717936;0.54311687;0.0001;0.202;0.0001
2017-03-23 16:00:00+00:00;2.171e-05;0.0;0;0;0;0.194;0.007;0.007;0.72986311;0.54243967;0.0001;0.07;0.0001
2017-03-23 17:00:00+00:00;4.619e-05;0.0;0;0;0;0.064;0.015;0.015;0.71875481;0.77133431;0.0001;0.018;0.0001
2017-03-23 18:00:00+00:00;0.0003674;0.0;0;0;0;0.0;0.036;0.036;0.81744668;0.9000029;0.0001;0.0;0.0001
2017-03-23 19:00:00+00:00;0.00039484;0.0;0;0;0;0.0;0.073;0.073;0.89582503;0.88781324;0.0001;0.0;0.0001
2017-03-23 20:00:00+00:00;5.339e-05;0.0;0;0;0;0.0;0.1;0.1;0.80260273;0.88645884;0.0001;0.0;0.0001
2017-03-23 21:00:00+00:00;1.666e-05;0.0;0;0;0;0.0;0.114;0.114;0.71587906;0.86241813;0.0001;0.0;0.0001
2017-03-23 22:00:00+00:00;1.026e-05;0.0;0;0;0;0.0;0.122;0.122;0.70708264;0.33555413;0.0001;0.0;0.0001
2017-03-23 23:00:00+00:00;4e-08;0.0;0;0;0;0.0;0.116;0.116;0.68203258;0.21162596;0.0001;0.0;0.0001
2017-03-24 00:00:00+00:00;1.74e-06;0.0;0;0;0;0.0;0.102;0.102;0.68740347;0.2187366;0.0001;0.0;0.0001
2017-03-24 01:00:00+00:00;3.81e-06;0.0;0;0;0;0.0;0.087;0.087;0.67685905;0.22347702;0.0001;0.0;0.0001
2017-03-24 02:00:00+00:00;5.6e-06;0.0;0;0;0;0.0;0.078;0.078;0.64249099;0.22279981;0.0001;0.0;0.0001
2017-03-24 03:00:00+00:00;6.88e-06;0.0;0;0;0;0.0;0.073;0.073;0.62448934;0.22178401;0.0001;0.0;0.0001
2017-03-24 04:00:00+00:00;9.38e-06;0.0;0;0;0;0.0;0.081;0.081;0.64099673;0.22584723;0.0001;0.0;0.0001
2017-03-24 05:00:00+00:00;5.094e-05;0.0;0;0;0;0.0;0.1;0.1;0.71434251;0.22212261;0.0001;0.0;0.0001
2017-03-24 06:00:00+00:00;0.00033791;0.0;0;0;0;0.02;0.122;0.122;0.70845003;0.22584723;0.0001;0.008;0.0001
2017-03-24 07:00:00+00:00;0.00044387;0.0;0;0;0;0.184;0.04;0.04;0.72170105;0.22347702;0.0001;0.105;0.0001
2017-03-24 08:00:00+00:00;0.00035256;0.0;0;0;0;0.35;0.043;0.043;0.72185611;0.25428976;0.0001;0.24;0.0001
2017-03-24 09:00:00+00:00;6.383e-05;0.0;0;0;0;0.489;0.094;0.094;0.72570455;0.25090374;0.0001;0.38;0.0001
2017-03-24 10:00:00+00:00;2.052e-05;0.0;0;0;0;0.58;0.111;0.111;0.73075121;0.32268727;0.0001;0.479;0.0001
2017-03-24 11:00:00+00:00;2.178e-05;0.0;0;0;0;0.621;0.098;0.098;0.7210103;0.35417721;0.0001;0.51;0.0001
2017-03-24 12:00:00+00:00;2.131e-05;0.0;0;0;0;0.602;0.074;0.074;0.71950194;0.35485442;0.0001;0.445;0.0001
2017-03-24 13:00:00+00:00;2.126e-05;0.0;0;0;0;0.508;0.056;0.056;0.72922875;0.35282281;0.0001;0.27;0.0001
2017-03-24 14:00:00+00:00;2.079e-05;0.0;0;0;0;0.362;0.044;0.044;0.71676716;0.58070164;0.0001;0.106;0.0001
2017-03-24 15:00:00+00:00;2.259e-05;0.0;0;0;0;0.212;0.033;0.033;0.72473187;0.57968584;0.0001;0.031;0.0001
2017-03-24 16:00:00+00:00;2.386e-05;0.0;0;0;0;0.11;0.029;0.029;0.7201645;0.56106276;0.0001;0.011;0.0001
2017-03-24 17:00:00+00:00;5.004e-05;0.0;0;0;0;0.027;0.039;0.039;0.69745451;0.77810634;0.0001;0.002;0.0001
2017-03-24 18:00:00+00:00;0.00037527;0.0;0;0;0;0.0;0.077;0.077;0.79683713;0.88882905;0.0001;0.0;0.0001
2017-03-24 19:00:00+00:00;0.00039698;0.0;0;0;0;0.0;0.123;0.123;0.89997525;0.88618799;0.0001;0.0;0.0001
2017-03-24 20:00:00+00:00;5.442e-05;0.0;0;0;0;0.0;0.158;0.158;0.82679885;0.88171844;0.0001;0.0;0.0001
2017-03-24 21:00:00+00:00;1.793e-05;0.0;0;0;0;0.0;0.169;0.169;0.72368378;0.88016935;0.0001;0.0;0.0001
2017-03-24 22:00:00+00:00;1.122e-05;0.0;0;0;0;0.0;0.162;0.162;0.70786509;0.35333072;0.0001;0.0;0.0001
2017-03-24 23:00:00+00:00;7.8e-07;0.0;0;0;0;0.0;0.156;0.156;0.63926564;0.23807075;0.0001;0.0;0.0001
2017-03-25 00:00:00+00:00;1.57e-06;0.0;0;0;0;0.0;0.131;0.131;0.64445045;0.23532807;0.0001;0.0;0.0001
2017-03-25 01:00:00+00:00;3.93e-06;0.0;0;0;0;0.0;0.102;0.102;0.63218621;0.24006849;0.0001;0.0;0.0001
2017-03-25 02:00:00+00:00;5.25e-06;0.0;0;0;0;0.0;0.079;0.079;0.64639017;0.23837548;0.0001;0.0;0.0001
2017-03-25 03:00:00+00:00;6.94e-06;0.0;0;0;0;0.0;0.069;0.069;0.64115179;0.25225815;0.0001;0.0;0.0001
2017-03-25 04:00:00+00:00;9.11e-06;0.0;0;0;0;0.0;0.074;0.074;0.65120706;0.25428976;0.0001;0.0;0.0001
2017-03-25 05:00:00+00:00;5.123e-05;0.0;0;0;0;0.0;0.095;0.095;0.70102524;0.23939129;0.0001;0.0;0.0001
2017-03-25 06:00:00+00:00;0.00034206;0.0;0;0;0;0.007;0.12;0.12;0.70925214;0.2410843;0.0001;0.001;0.0001
2017-03-25 07:00:00+00:00;0.00044366;0.0;0;0;0;0.122;0.055;0.055;0.67997022;0.23837548;0.0001;0.034;0.0001
2017-03-25 08:00:00+00:00;0.00035544;0.0;0;0;0;0.352;0.057;0.057;0.72017859;0.25225815;0.0001;0.251;0.0001
2017-03-25 09:00:00+00:00;6.749e-05;0.0;0;0;0;0.537;0.114;0.114;0.72061559;0.28781131;0.0001;0.513;0.0001
2017-03-25 10:00:00+00:00;2.037e-05;0.0;0;0;0;0.659;0.149;0.149;0.72305434;0.30270978;0.0001;0.708;0.0001
2017-03-25 11:00:00+00:00;1.998e-05;0.0;0;0;0;0.712;0.14;0.14;0.62237482;0.2861183;0.0001;0.788;0.0001
2017-03-25 12:00:00+00:00;2.114e-05;0.0;0;0;0;0.715;0.104;0.104;0.71025443;0.28950432;0.0001;0.788;0.0001
2017-03-25 13:00:00+00:00;2.095e-05;0.0;0;0;0;0.67;0.077;0.077;0.70874607;0.27528305;0.0001;0.707;0.0001
2017-03-25 14:00:00+00:00;2.118e-05;0.0;0;0;0;0.567;0.063;0.063;0.70127475;0.4838616;0.0001;0.534;0.0001
2017-03-25 15:00:00+00:00;2.214e-05;0.0;0;0;0;0.402;0.051;0.051;0.7103813;0.49435825;0.0001;0.287;0.0001
2017-03-25 16:00:00+00:00;2.405e-05;0.0;0;0;0;0.212;0.035;0.035;0.70572935;0.49334245;0.0001;0.091;0.0001
2017-03-25 17:00:00+00:00;5.095e-05;0.0;0;0;0;0.06;0.043;0.043;0.70921126;0.73882856;0.0001;0.015;0.0001
2017-03-25 18:00:00+00:00;0.00038165;0.0;0;0;0;0.0;0.091;0.091;0.82073124;0.89255366;0.0001;0.0;0.0001
2017-03-25 19:00:00+00:00;0.00038162;0.0;0;0;0;0.0;0.184;0.184;0.89012991;0.88036401;0.0001;0.0;0.0001
2017-03-25 20:00:00+00:00;5.366e-05;0.0;0;0;0;0.0;0.234;0.234;0.80399831;0.86411114;0.0001;0.0;0.0001
2017-03-25 21:00:00+00:00;1.772e-05;0.0;0;0;0;0.0;0.222;0.222;0.72306844;0.87257617;0.0001;0.0;0.0001
2017-03-25 22:00:00+00:00;1.122e-05;0.0;0;0;0;0.0;0.18;0.18;0.69533999;0.35722463;0.0001;0.0;0.0001
2017-03-25 23:00:00+00:00;7.3e-07;0.0;0;0;0;0.0;0.156;0.156;0.6646653;0.23194206;0.0001;0.0;0.0001
2017-03-26 00:00:00+00:00;2.03e-06;0.0;0;0;0;0.0;0.136;0.136;0.66260716;0.23363506;0.0001;0.0;0.0001
2017-03-26 01:00:00+00:00;4.14e-06;0.0;0;0;0;0.0;0.106;0.106;0.62933865;0.24988794;0.0001;0.0;0.0001
2017-03-26 02:00:00+00:00;5.23e-06;0.0;0;0;0;0.0;0.085;0.085;0.64767862;0.25022654;0.0001;0.0;0.0001
2017-03-26 03:00:00+00:00;7.04e-06;0.0;0;0;0;0.0;0.08;0.08;0.61900568;0.25056514;0.0001;0.0;0.0001
2017-03-26 04:00:00+00:00;9.35e-06;0.0;0;0;0;0.0;0.096;0.096;0.63234128;0.25801438;0.0001;0.0;0.0001
2017-03-26 05:00:00+00:00;5.121e-05;0.0;0;0;0;0.0;0.112;0.112;0.68066519;0.24311591;0.0001;0.0;0.0001
2017-03-26 06:00:00+00:00;0.00033833;0.0;0;0;0;0.002;0.116;0.116;0.69181578;0.23972989;0.0001;0.0;0.0001
2017-03-26 07:00:00+00:00;0.00044575;0.0;0;0;0;0.035;0.049;0.049;0.71645703;0.23939129;0.0001;0.001;0.0001
2017-03-26 08:00:00+00:00;0.00035515;0.0;0;0;0;0.086;0.047;0.047;0.70028797;0.23837548;0.0001;0.003;0.0001
2017-03-26 09:00:00+00:00;6.733e-05;0.0;0;0;0;0.119;0.087;0.087;0.70002013;0.2407457;0.0001;0.004;0.0001
2017-03-26 10:00:00+00:00;2.04e-05;0.0;0;0;0;0.153;0.091;0.091;0.70338927;0.23972989;0.0001;0.005;0.0001
2017-03-26 11:00:00+00:00;2.042e-05;0.0;0;0;0;0.162;0.088;0.088;0.70709674;0.31489943;0.0001;0.005;0.0001
2017-03-26 12:00:00+00:00;2.128e-05;0.0;0;0;0;0.181;0.088;0.088;0.70395315;0.34740518;0.0001;0.007;0.0001
2017-03-26 13:00:00+00:00;2.189e-05;0.0;0;0;0;0.22;0.089;0.089;0.71157953;0.35011399;0.0001;0.011;0.0001
2017-03-26 14:00:00+00:00;2.233e-05;0.0;0;0;0;0.27;0.09;0.09;0.72421028;0.35587022;0.0001;0.026;0.0001
2017-03-26 15:00:00+00:00;2.237e-05;0.0;0;0;0;0.275;0.076;0.076;0.72298386;0.55801534;0.0001;0.049;0.0001
2017-03-26 16:00:00+00:00;2.347e-05;0.0;0;0;0;0.229;0.052;0.052;0.68984222;0.54311687;0.0001;0.074;0.0001
2017-03-26 17:00:00+00:00;5.056e-05;0.0;0;0;0;0.093;0.053;0.053;0.69755319;0.77709054;0.0001;0.033;0.0001
2017-03-26 18:00:00+00:00;0.00037282;0.0;0;0;0;0.0;0.081;0.081;0.77304169;0.88002541;0.0001;0.0;0.0001
2017-03-26 19:00:00+00:00;0.00039041;0.0;0;0;0;0.0;0.113;0.113;0.86770186;0.87596219;0.0001;0.0;0.0001
2017-03-26 20:00:00+00:00;5.564e-05;0.0;0;0;0;0.0;0.147;0.147;0.78905568;0.88273422;0.0001;0.0;0.0001
2017-03-26 21:00:00+00:00;1.819e-05;0.0;0;0;0;0.0;0.171;0.171;0.69696112;0.86986736;0.0001;0.0;0.0001
2017-03-26 22:00:00+00:00;1.131e-05;0.0;0;0;0;0.0;0.165;0.165;0.69087129;0.35553162;0.0001;0.0;0.0001
2017-03-26 23:00:00+00:00;8.9e-07;0.0;0;0;0;0.0;0.146;0.146;0.66142303;0.23803688;0.0001;0.0;0.0001
2017-03-27 00:00:00+00:00;1.83e-06;0.0;0;0;0;0.0;0.128;0.128;0.66060541;0.2407457;0.0001;0.0;0.0001
2017-03-27 01:00:00+00:00;3.94e-06;0.0;0;0;0;0.0;0.102;0.102;0.68128545;0.23702108;0.0001;0.0;0.0001
2017-03-27 02:00:00+00:00;5.69e-06;0.0;0;0;0;0.0;0.071;0.071;0.64415442;0.24582472;0.0001;0.0;0.0001
2017-03-27 03:00:00+00:00;6.89e-06;0.0;0;0;0;0.0;0.057;0.057;0.64701607;0.25191955;0.0001;0.0;0.0001
2017-03-27 04:00:00+00:00;8.93e-06;0.0;0;0;0;0.0;0.065;0.065;0.65850498;0.25530556;0.0001;0.0;0.0001
2017-03-27 05:00:00+00:00;5.199e-05;0.0;0;0;0;0.0;0.103;0.103;0.64951121;0.23668248;0.0001;0.0;0.0001
2017-03-27 06:00:00+00:00;0.00033988;0.0;0;0;0;0.004;0.151;0.151;0.6091238;0.2417615;0.0001;0.0;0.0001
2017-03-27 07:00:00+00:00;0.00044229;0.0;0;0;0;0.081;0.06;0.06;0.64717114;0.25293535;0.0001;0.01;0.0001
2017-03-27 08:00:00+00:00;0.00035711;0.0;0;0;0;0.235;0.105;0.105;0.65203454;0.25056514;0.0001;0.06;0.0001
2017-03-27 09:00:00+00:00;6.667e-05;0.0;0;0;0;0.38;0.181;0.181;0.6282532;0.25395116;0.0001;0.149;0.0001
2017-03-27 10:00:00+00:00;2.102e-05;0.0;0;0;0;0.45;0.204;0.204;0.6486372;0.2857797;0.0001;0.191;0.0001
2017-03-27 11:00:00+00:00;2.066e-05;0.0;0;0;0;0.579;0.179;0.179;0.61355021;0.30406418;0.0001;0.383;0.0001
2017-03-27 12:00:00+00:00;2.194e-05;0.0;0;0;0;0.657;0.128;0.128;0.64636762;0.30067817;0.0001;0.569;0.0001
2017-03-27 13:00:00+00:00;2.113e-05;0.0;0;0;0;0.654;0.083;0.083;0.67767667;0.28713411;0.0001;0.614;0.0001
2017-03-27 14:00:00+00:00;1.973e-05;0.0;0;0;0;0.569;0.056;0.056;0.6770564;0.28205508;0.0001;0.503;0.0001
2017-03-27 15:00:00+00:00;2.188e-05;0.0;0;0;0;0.434;0.035;0.035;0.61025155;0.38973037;0.0001;0.336;0.0001
2017-03-27 16:00:00+00:00;2.363e-05;0.0;0;0;0;0.262;0.029;0.029;0.65880102;0.49469685;0.0001;0.161;0.0001
2017-03-27 17:00:00+00:00;5.101e-05;0.0;0;0;0;0.082;0.025;0.025;0.71317247;0.62099523;0.0001;0.033;0.0001
2017-03-27 18:00:00+00:00;0.00037529;0.0;0;0;0;0.0;0.024;0.024;0.75956512;0.88307282;0.0001;0.0;0.0001
2017-03-27 19:00:00+00:00;0.00039618;0.0;0;0;0;0.0;0.046;0.046;0.75330613;0.88002541;0.0001;0.0;0.0001
2017-03-27 20:00:00+00:00;5.554e-05;0.0;0;0;0;0.0;0.075;0.075;0.75272816;0.87325338;0.0001;0.0;0.0001
2017-03-27 21:00:00+00:00;1.785e-05;0.0;0;0;0;0.0;0.081;0.081;0.71242534;0.88849045;0.0001;0.0;0.0001
2017-03-27 22:00:00+00:00;1.123e-05;0.0;0;0;0;0.0;0.06;0.06;0.71618919;0.37584771;0.0001;0.0;0.0001
2017-03-27 23:00:00+00:00;6.7e-07;0.0;0;0;0;0.0;0.044;0.044;0.70477076;0.24616332;0.0001;0.0;0.0001
2017-03-28 00:00:00+00:00;1.85e-06;0.0;0;0;0;0.0;0.048;0.048;0.70474257;0.24514752;0.0001;0.0;0.0001
2017-03-28 01:00:00+00:00;3.79e-06;0.0;0;0;0;0.0;0.062;0.062;0.70395315;0.24413171;0.0001;0.0;0.0001
2017-03-28 02:00:00+00:00;5.15e-06;0.0;0;0;0;0.0;0.087;0.087;0.6983849;0.24954934;0.0001;0.0;0.0001
2017-03-28 03:00:00+00:00;6.85e-06;0.0;0;0;0;0.0;0.105;0.105;0.68822109;0.24988794;0.0001;0.0;0.0001
2017-03-28 04:00:00+00:00;8.81e-06;0.0;0;0;0;0.0;0.15;0.15;0.68992681;0.25090374;0.0001;0.0;0.0001
2017-03-28 05:00:00+00:00;5.25e-05;0.0;0;0;0;0.0;0.134;0.134;0.70110559;0.25158095;0.0001;0.0;0.0001
2017-03-28 06:00:00+00:00;0.00033956;0.0;0;0;0;0.015;0.095;0.095;0.60272385;0.25361255;0.0001;0.006;0.0001
2017-03-28 07:00:00+00:00;0.00044877;0.0;0;0;0;0.185;0.055;0.055;0.61391672;0.25293535;0.0001;0.121;0.0001
2017-03-28 08:00:00+00:00;0.00035089;0.0;0;0;0;0.404;0.036;0.036;0.62588493;0.25564416;0.0001;0.372;0.0001
2017-03-28 09:00:00+00:00;6.865e-05;0.0;0;0;0;0.575;0.05;0.05;0.65829353;0.28070068;0.0001;0.607;0.0001
2017-03-28 10:00:00+00:00;2.012e-05;0.0;0;0;0;0.681;0.069;0.069;0.64741078;0.28679551;0.0001;0.764;0.0001
2017-03-28 11:00:00+00:00;2.137e-05;0.0;0;0;0;0.724;0.057;0.057;0.64683281;0.29322894;0.0001;0.821;0.0001
2017-03-28 12:00:00+00:00;2.094e-05;0.0;0;0;0;0.737;0.033;0.033;0.64133505;0.28239369;0.0001;0.848;0.0001
2017-03-28 13:00:00+00:00;2.124e-05;0.0;0;0;0;0.7;0.02;0.02;0.69744041;0.28408669;0.0001;0.788;0.0001
2017-03-28 14:00:00+00:00;2.093e-05;0.0;0;0;0;0.567;0.012;0.012;0.69005368;0.28814991;0.0001;0.546;0.0001
2017-03-28 15:00:00+00:00;2.175e-05;0.0;0;0;0;0.427;0.007;0.007;0.73709478;0.29085872;0.0001;0.354;0.0001
2017-03-28 16:00:00+00:00;2.39e-05;0.0;0;0;0;0.251;0.005;0.005;0.70223333;0.46727013;0.0001;0.164;0.0001
2017-03-28 17:00:00+00:00;5.043e-05;0.0;0;0;0;0.089;0.006;0.006;0.6943673;0.7462778;0.0001;0.049;0.0001
2017-03-28 18:00:00+00:00;0.0003782;0.0;0;0;0;0.0;0.009;0.009;0.7574365;0.8573391;0.0001;0.0;0.0001
2017-03-28 19:00:00+00:00;0.00039535;0.0;0;0;0;0.0;0.02;0.02;0.75578717;0.88137981;0.0001;0.0;0.0001
2017-03-28 20:00:00+00:00;5.538e-05;0.0;0;0;0;0.0;0.068;0.068;0.75809905;0.88612024;0.0001;0.0;0.0001
2017-03-28 21:00:00+00:00;1.802e-05;0.0;0;0;0;0.0;0.12;0.12;0.69586157;0.86986736;0.0001;0.0;0.0001
2017-03-28 22:00:00+00:00;1.144e-05;0.0;0;0;0;0.0;0.103;0.103;0.70833726;0.36636687;0.0001;0.0;0.0001
2017-03-28 23:00:00+00:00;9.6e-07;0.0;0;0;0;0.0;0.102;0.102;0.69782103;0.23905269;0.0001;0.0;0.0001
2017-03-29 00:00:00+00:00;1.31e-06;0.0;0;0;0;0.0;0.095;0.095;0.70671612;0.23939129;0.0001;0.0;0.0001
2017-03-29 01:00:00+00:00;2.91e-06;0.0;0;0;0;0.0;0.128;0.128;0.70557428;0.24717913;0.0001;0.0;0.0001
2017-03-29 02:00:00+00:00;4.16e-06;0.0;0;0;0;0.0;0.154;0.154;0.69627038;0.23735968;0.0001;0.0;0.0001
2017-03-29 03:00:00+00:00;5.43e-06;0.0;0;0;0;0.0;0.156;0.156;0.68255417;0.23905269;0.0001;0.0;0.0001
2017-03-29 04:00:00+00:00;7.32e-06;0.0;0;0;0;0.0;0.169;0.169;0.6970739;0.2417615;0.0001;0.0;0.0001
2017-03-29 05:00:00+00:00;4.953e-05;0.0;0;0;0;0.0;0.195;0.195;0.69013826;0.25158095;0.0001;0.0;0.0001
2017-03-29 06:00:00+00:00;0.00034457;0.0;0;0;0;0.018;0.211;0.211;0.69856816;0.22178401;0.0001;0.008;0.0001
2017-03-29 07:00:00+00:00;0.00044589;0.0;0;0;0;0.193;0.093;0.093;0.700584;0.25056514;0.0001;0.126;0.0001
2017-03-29 08:00:00+00:00;0.00034887;0.0;0;0;0;0.382;0.097;0.097;0.71779623;0.25733717;0.0001;0.314;0.0001
2017-03-29 09:00:00+00:00;6.378e-05;0.0;0;0;0;0.535;0.163;0.163;0.70388266;0.25090374;0.0001;0.496;0.0001
2017-03-29 10:00:00+00:00;1.886e-05;0.0;0;0;0;0.619;0.18;0.18;0.72068608;0.22415422;0.0001;0.58;0.0001
2017-03-29 11:00:00+00:00;1.915e-05;0.0;0;0;0;0.597;0.153;0.153;0.72446403;0.32844349;0.0001;0.458;0.0001
2017-03-29 12:00:00+00:00;1.863e-05;0.0;0;0;0;0.557;0.117;0.117;0.68805193;0.36704407;0.0001;0.347;0.0001
2017-03-29 13:00:00+00:00;1.777e-05;0.0;0;0;0;0.471;0.08;0.08;0.69206952;0.56952779;0.0001;0.211;0.0001
2017-03-29 14:00:00+00:00;1.904e-05;0.0;0;0;0;0.366;0.051;0.051;0.70876016;0.58341046;0.0001;0.113;0.0001
2017-03-29 15:00:00+00:00;2.124e-05;0.0;0;0;0;0.23;0.029;0.029;0.70938042;0.58307186;0.0001;0.042;0.0001
2017-03-29 16:00:00+00:00;2.186e-05;0.0;0;0;0;0.117;0.022;0.022;0.71105794;0.57494542;0.0001;0.014;0.0001
2017-03-29 17:00:00+00:00;4.78e-05;0.0;0;0;0;0.028;0.031;0.031;0.71117072;0.78081515;0.0001;0.002;0.0001
2017-03-29 18:00:00+00:00;0.00037462;0.0;0;0;0;0.0;0.072;0.072;0.79146624;0.87562359;0.0001;0.0;0.0001
2017-03-29 19:00:00+00:00;0.00039332;0.0;0;0;0;0.0;0.108;0.108;0.8884242;0.88205702;0.0001;0.0;0.0001
2017-03-29 20:00:00+00:00;5.268e-05;0.0;0;0;0;0.0;0.121;0.121;0.81441586;0.87630079;0.0001;0.0;0.0001
2017-03-29 21:00:00+00:00;1.67e-05;0.0;0;0;0;0.0;0.113;0.113;0.73197763;0.88341142;0.0001;0.0;0.0001
2017-03-29 22:00:00+00:00;1.031e-05;0.0;0;0;0;0.0;0.12;0.12;0.7063778;0.35383861;0.0001;0.0;0.0001
2017-03-29 23:00:00+00:00;1.2e-07;0.0;0;0;0;0.0;0.109;0.109;0.71155134;0.24413171;0.0001;0.0;0.0001
2017-03-30 00:00:00+00:00;1.38e-06;0.0;0;0;0;0.0;0.071;0.071;0.69676377;0.23465087;0.0001;0.0;0.0001
2017-03-30 01:00:00+00:00;2.93e-06;0.0;0;0;0;0.0;0.037;0.037;0.69937168;0.23702108;0.0001;0.0;0.0001
2017-03-30 02:00:00+00:00;4.19e-06;0.0;0;0;0;0.0;0.017;0.017;0.68510569;0.24650192;0.0001;0.0;0.0001
2017-03-30 03:00:00+00:00;5.42e-06;0.0;0;0;0;0.0;0.01;0.01;0.68201849;0.24954934;0.0001;0.0;0.0001
2017-03-30 04:00:00+00:00;7.39e-06;0.0;0;0;0;0.0;0.009;0.009;0.69250652;0.25293535;0.0001;0.0;0.0001
2017-03-30 05:00:00+00:00;4.862e-05;0.0;0;0;0;0.0;0.012;0.012;0.70482715;0.24887213;0.0001;0.0;0.0001
2017-03-30 06:00:00+00:00;0.0003351;0.0;0;0;0;0.011;0.019;0.019;0.71032491;0.25293535;0.0001;0.003;0.0001
2017-03-30 07:00:00+00:00;0.00044426;0.0;0;0;0;0.144;0.011;0.011;0.69921661;0.25158095;0.0001;0.055;0.0001
2017-03-30 08:00:00+00:00;0.00035661;0.0;0;0;0;0.291;0.002;0.002;0.72050282;0.25327395;0.0001;0.14;0.0001
2017-03-30 09:00:00+00:00;6.474e-05;0.0;0;0;0;0.423;0.002;0.002;0.68094713;0.28205508;0.0001;0.248;0.0001
2017-03-30 10:00:00+00:00;1.898e-05;0.0;0;0;0;0.516;0.0;0.0;0.69696112;0.29932376;0.0001;0.335;0.0001
2017-03-30 11:00:00+00:00;1.745e-05;0.0;0;0;0;0.533;0.0;0.0;0.69497347;0.29593775;0.0001;0.316;0.0001
2017-03-30 12:00:00+00:00;1.803e-05;0.0;0;0;0;0.531;0.001;0.001;0.70392495;0.29932376;0.0001;0.302;0.0001
2017-03-30 13:00:00+00:00;1.831e-05;0.0;0;0;0;0.533;0.003;0.003;0.70732229;0.29458334;0.0001;0.341;0.0001
2017-03-30 14:00:00+00:00;1.909e-05;0.0;0;0;0;0.502;0.002;0.002;0.71461035;0.28273229;0.0001;0.359;0.0001
2017-03-30 15:00:00+00:00;1.986e-05;0.0;0;0;0;0.394;0.001;0.001;0.73809566;0.49808287;0.0001;0.263;0.0001
2017-03-30 16:00:00+00:00;2.173e-05;0.0;0;0;0;0.242;0.0;0.0;0.70760422;0.5055321;0.0001;0.131;0.0001
2017-03-30 17:00:00+00:00;4.78e-05;0.0;0;0;0;0.067;0.0;0.0;0.71138217;0.74560059;0.0001;0.021;0.0001
2017-03-30 18:00:00+00:00;0.00038023;0.0;0;0;0;0.0;0.0;0.0;0.85625524;0.86614274;0.0001;0.0;0.0001
2017-03-30 19:00:00+00:00;0.0003951;0.0;0;0;0;0.0;0.0;0.0;0.88867794;0.88070261;0.0001;0.0;0.0001
2017-03-30 20:00:00+00:00;5.306e-05;0.0;0;0;0;0.0;0.001;0.001;0.81641762;0.88239562;0.0001;0.0;0.0001
2017-03-30 21:00:00+00:00;1.665e-05;0.0;0;0;0;0.0;0.001;0.001;0.73108953;0.88950625;0.0001;0.0;0.0001
2017-03-30 22:00:00+00:00;1.024e-05;0.0;0;0;0;0.0;0.001;0.001;0.71043769;0.36264225;0.0001;0.0;0.0001
2017-03-30 23:00:00+00:00;6e-08;0.0;0;0;0;0.0;0.001;0.001;0.71484999;0.24311591;0.0001;0.0;0.0001
2017-03-31 00:00:00+00:00;1.97e-06;0.0;0;0;0;0.0;0.002;0.002;0.69930119;0.23532807;0.0001;0.0;0.0001
2017-03-31 01:00:00+00:00;3.84e-06;0.0;0;0;0;0.0;0.01;0.01;0.69560783;0.23532807;0.0001;0.0;0.0001
2017-03-31 02:00:00+00:00;5.52e-06;0.0;0;0;0;0.0;0.037;0.037;0.69989326;0.2424387;0.0001;0.0;0.0001
2017-03-31 03:00:00+00:00;6.89e-06;0.0;0;0;0;0.0;0.082;0.082;0.69043429;0.23905269;0.0001;0.0;0.0001
2017-03-31 04:00:00+00:00;8.66e-06;0.0;0;0;0;0.0;0.123;0.123;0.69830032;0.23769828;0.0001;0.0;0.0001
2017-03-31 05:00:00+00:00;5.336e-05;0.0;0;0;0;0.0;0.147;0.147;0.70767471;0.25530556;0.0001;0.0;0.0001
2017-03-31 06:00:00+00:00;0.00034325;0.0;0;0;0;0.012;0.154;0.154;0.70444653;0.25124234;0.0001;0.004;0.0001
2017-03-31 07:00:00+00:00;0.00044744;0.0;0;0;0;0.163;0.06;0.06;0.71152314;0.25191955;0.0001;0.086;0.0001
2017-03-31 08:00:00+00:00;0.00036095;0.0;0;0;0;0.346;0.026;0.026;0.70499631;0.25056514;0.0001;0.251;0.0001
2017-03-31 09:00:00+00:00;6.789e-05;0.0;0;0;0;0.488;0.01;0.01;0.71576629;0.25361255;0.0001;0.407;0.0001
2017-03-31 10:00:00+00:00;1.995e-05;0.0;0;0;0;0.601;0.002;0.002;0.71565351;0.25191955;0.0001;0.561;0.0001
2017-03-31 11:00:00+00:00;2.156e-05;0.0;0;0;0;0.646;0.001;0.001;0.69550915;0.32404168;0.0001;0.615;0.0001
2017-03-31 12:00:00+00:00;2.138e-05;0.0;0;0;0;0.651;0.001;0.001;0.72855211;0.34097175;0.0001;0.619;0.0001
2017-03-31 13:00:00+00:00;2.093e-05;0.0;0;0;0;0.621;0.002;0.002;0.71097336;0.34469637;0.0001;0.583;0.0001
2017-03-31 14:00:00+00:00;2.172e-05;0.0;0;0;0;0.546;0.002;0.002;0.70678661;0.56343297;0.0001;0.49;0.0001
2017-03-31 15:00:00+00:00;2.214e-05;0.0;0;0;0;0.432;0.003;0.003;0.71623148;0.56885059;0.0001;0.363;0.0001
2017-03-31 16:00:00+00:00;2.325e-05;0.0;0;0;0;0.264;0.003;0.003;0.73228776;0.56783479;0.0001;0.185;0.0001
2017-03-31 17:00:00+00:00;5.061e-05;0.0;0;0;0;0.081;0.006;0.006;0.70854871;0.76219207;0.0001;0.039;0.0001
2017-03-31 18:00:00+00:00;0.00037564;0.0;0;0;0;0.0;0.018;0.018;0.77956852;0.88375002;0.0001;0.0;0.0001
2017-03-31 19:00:00+00:00;0.00039031;0.0;0;0;0;0.0;0.052;0.052;0.90443819;0.87359198;0.0001;0.0;0.0001
2017-03-31 20:00:00+00:00;5.672e-05;0.0;0;0;0;0.0;0.112;0.112;0.81657268;0.87054456;0.0001;0.0;0.0001
2017-03-31 21:00:00+00:00;1.781e-05;0.0;0;0;0;0.0;0.165;0.165;0.7299054;0.88070261;0.0001;0.0;0.0001
2017-03-31 22:00:00+00:00;1.118e-05;0.0;0;0;0;0.0;0.17;0.17;0.72741026;0.36941428;0.0001;0.0;0.0001
2017-03-31 23:00:00+00:00;9e-07;0.0;0;0;0;0.0;0.149;0.149;0.72136272;0.2417615;0.0001;0.0;0.0001
2017-04-01 00:00:00+00:00;1.76e-06;0.0;0;0;0;0.0;0.107;0.107;0.44720767;0.19571169;0.0001;0.0;0.0001
2017-04-01 01:00:00+00:00;3.78e-06;0.0;0;0;0;0.0;0.055;0.055;0.44434602;0.19130987;0.0001;0.0;0.0001
2017-04-01 02:00:00+00:00;5.07e-06;0.0;0;0;0;0.0;0.03;0.03;0.45311424;0.19232568;0.0001;0.0;0.0001
2017-04-01 03:00:00+00:00;6.55e-06;0.0;0;0;0;0.0;0.025;0.025;0.44596715;0.18860106;0.0001;0.0;0.0001
2017-04-01 04:00:00+00:00;9.25e-06;0.0;0;0;0;0.0;0.028;0.028;0.44716538;0.19469589;0.0001;0.0;0.0001
2017-04-01 05:00:00+00:00;5.132e-05;0.0;0;0;0;0.0;0.038;0.038;0.43450643;0.1967275;0.0001;0.0;0.0001
2017-04-01 06:00:00+00:00;0.00032601;0.0;0;0;0;0.019;0.06;0.06;0.45989482;0.22517003;0.0001;0.013;0.0001
2017-04-01 07:00:00+00:00;0.00043055;0.0;0;0;0;0.212;0.059;0.059;0.48264709;0.22517003;0.0001;0.181;0.0001
2017-04-01 08:00:00+00:00;0.00034266;0.0;0;0;0;0.403;0.034;0.034;0.53947139;0.25632137;0.0001;0.391;0.0001
2017-04-01 09:00:00+00:00;6.301e-05;0.0;0;0;0;0.551;0.029;0.029;0.56710117;0.33521553;0.0001;0.58;0.0001
2017-04-01 10:00:00+00:00;1.999e-05;0.0;0;0;0;0.669;0.026;0.026;0.58139535;0.34435777;0.0001;0.762;0.0001
2017-04-01 11:00:00+00:00;2.131e-05;0.0;0;0;0;0.724;0.019;0.019;0.58135306;0.34368056;0.0001;0.851;0.0001
2017-04-01 12:00:00+00:00;2.186e-05;0.0;0;0;0;0.726;0.016;0.016;0.58813363;0.3074502;0.0001;0.852;0.0001
2017-04-01 13:00:00+00:00;2.072e-05;0.0;0;0;0;0.687;0.015;0.015;0.5807046;0.3074502;0.0001;0.786;0.0001
2017-04-01 14:00:00+00:00;2.045e-05;0.0;0;0;0;0.603;0.011;0.011;0.68369601;0.29559915;0.0001;0.656;0.0001
2017-04-01 15:00:00+00:00;2.257e-05;0.0;0;0;0;0.441;0.004;0.004;0.65971731;0.54582568;0.0001;0.409;0.0001
2017-04-01 16:00:00+00:00;2.432e-05;0.0;0;0;0;0.276;0.0;0.0;0.6668785;0.570205;0.0001;0.223;0.0001
2017-04-01 17:00:00+00:00;4.898e-05;0.0;0;0;0;0.084;0.0;0.0;0.69550915;0.77709054;0.0001;0.048;0.0001
2017-04-01 18:00:00+00:00;0.00036414;0.0;0;0;0;0.0;0.001;0.001;0.75495546;0.88849045;0.0001;0.0;0.0001
2017-04-01 19:00:00+00:00;0.00037621;0.0;0;0;0;0.0;0.033;0.033;0.85869399;0.88137981;0.0001;0.0;0.0001
2017-04-01 20:00:00+00:00;5.491e-05;0.0;0;0;0;0.0;0.091;0.091;0.79765474;0.8790096;0.0001;0.0;0.0001
2017-04-01 21:00:00+00:00;1.89e-05;0.0;0;0;0;0.0;0.115;0.115;0.69945626;0.88578163;0.0001;0.0;0.0001
2017-04-01 22:00:00+00:00;1.219e-05;0.0;0;0;0;0.0;0.098;0.098;0.64703017;0.33419972;0.0001;0.0;0.0001
2017-04-01 23:00:00+00:00;1.26e-06;0.0;0;0;0;0.0;0.083;0.083;0.62295279;0.18047462;0.0001;0.0;0.0001
2017-04-02 00:00:00+00:00;1.97e-06;0.0;0;0;0;0.0;0.051;0.051;0.65568562;0.44830844;0.0001;0.0;0.0001
2017-04-02 01:00:00+00:00;3.9e-06;0.0;0;0;0;0.0;0.016;0.016;0.64516938;0.44627683;0.0001;0.0;0.0001
2017-04-02 02:00:00+00:00;5.58e-06;0.0;0;0;0;0.0;0.007;0.007;0.60199081;0.45034005;0.0001;0.0;0.0001
2017-04-02 03:00:00+00:00;7.1e-06;0.0;0;0;0;0.0;0.024;0.024;0.58253719;0.44763124;0.0001;0.0;0.0001
2017-04-02 04:00:00+00:00;8.98e-06;0.0;0;0;0;0.0;0.079;0.079;0.5807328;0.45338746;0.0001;0.0;0.0001
2017-04-02 05:00:00+00:00;4.902e-05;0.0;0;0;0;0.0;0.128;0.128;0.60879958;0.45237166;0.0001;0.0;0.0001
2017-04-02 06:00:00+00:00;0.00032189;0.0;0;0;0;0.018;0.133;0.133;0.64411213;0.45541907;0.0001;0.012;0.0001
2017-04-02 07:00:00+00:00;0.00043048;0.0;0;0;0;0.206;0.052;0.052;0.63689455;0.45812789;0.0001;0.172;0.0001
2017-04-02 08:00:00+00:00;0.00034268;0.0;0;0;0;0.407;0.039;0.039;0.67862115;0.56207856;0.0001;0.402;0.0001
2017-04-02 09:00:00+00:00;6.323e-05;0.0;0;0;0;0.562;0.057;0.057;0.70406592;0.6145618;0.0001;0.607;0.0001
2017-04-02 10:00:00+00:00;2.092e-05;0.0;0;0;0;0.647;0.052;0.052;0.65833582;0.61185299;0.0001;0.712;0.0001
2017-04-02 11:00:00+00:00;2.039e-05;0.0;0;0;0;0.703;0.048;0.048;0.69735583;0.60575816;0.0001;0.793;0.0001
2017-04-02 12:00:00+00:00;2.112e-05;0.0;0;0;0;0.674;0.044;0.044;0.6642001;0.60812837;0.0001;0.714;0.0001
2017-04-02 13:00:00+00:00;2.104e-05;0.0;0;0;0;0.646;0.044;0.044;0.67113574;0.61185299;0.0001;0.678;0.0001
2017-04-02 14:00:00+00:00;2.166e-05;0.0;0;0;0;0.579;0.048;0.048;0.6801859;0.60609676;0.0001;0.597;0.0001
2017-04-02 15:00:00+00:00;2.238e-05;0.0;0;0;0;0.448;0.046;0.046;0.71100156;0.61896362;0.0001;0.423;0.0001
2017-04-02 16:00:00+00:00;2.381e-05;0.0;0;0;0;0.281;0.044;0.044;0.69185807;0.60304935;0.0001;0.232;0.0001
2017-04-02 17:00:00+00:00;5.092e-05;0.0;0;0;0;0.086;0.057;0.057;0.68028458;0.79368201;0.0001;0.052;0.0001
2017-04-02 18:00:00+00:00;0.00036595;0.0;0;0;0;0.0;0.094;0.094;0.74606036;0.89830989;0.0001;0.0;0.0001
2017-04-02 19:00:00+00:00;0.00037597;0.0;0;0;0;0.0;0.14;0.14;0.81851804;0.89492388;0.0001;0.0;0.0001
2017-04-02 20:00:00+00:00;5.515e-05;0.0;0;0;0;0.0;0.175;0.175;0.75460304;0.89390807;0.0001;0.0;0.0001
2017-04-02 21:00:00+00:00;1.905e-05;0.0;0;0;0;0.0;0.175;0.175;0.69910384;0.8559847;0.0001;0.0;0.0001
2017-04-02 22:00:00+00:00;1.204e-05;0.0;0;0;0;0.0;0.136;0.136;0.67193926;0.58171745;0.0001;0.0;0.0001
2017-04-02 23:00:00+00:00;1.18e-06;0.0;0;0;0;0.0;0.101;0.101;0.66978244;0.43442578;0.0001;0.0;0.0001
2017-04-03 00:00:00+00:00;1.82e-06;0.0;0;0;0;0.0;0.075;0.075;0.62716774;0.25293535;0.0001;0.0;0.0001
2017-04-03 01:00:00+00:00;3.78e-06;0.0;0;0;0;0.0;0.065;0.065;0.64301257;0.25496696;0.0001;0.0;0.0001
2017-04-03 02:00:00+00:00;5.41e-06;0.0;0;0;0;0.0;0.077;0.077;0.61701803;0.25665997;0.0001;0.0;0.0001
2017-04-03 03:00:00+00:00;6.89e-06;0.0;0;0;0;0.0;0.101;0.101;0.60395027;0.25699857;0.0001;0.0;0.0001
2017-04-03 04:00:00+00:00;8.77e-06;0.0;0;0;0;0.0;0.124;0.124;0.60313265;0.25767577;0.0001;0.0;0.0001
2017-04-03 05:00:00+00:00;5.12e-05;0.0;0;0;0;0.0;0.132;0.132;0.66617366;0.25428976;0.0001;0.0;0.0001
2017-04-03 06:00:00+00:00;0.0003215;0.0;0;0;0;0.012;0.132;0.132;0.65944947;0.25496696;0.0001;0.005;0.0001
2017-04-03 07:00:00+00:00;0.00042923;0.0;0;0;0;0.167;0.077;0.077;0.68645899;0.25869158;0.0001;0.097;0.0001
2017-04-03 08:00:00+00:00;0.00034009;0.0;0;0;0;0.363;0.035;0.035;0.69517082;0.25699857;0.0001;0.293;0.0001
2017-04-03 09:00:00+00:00;6.417e-05;0.0;0;0;0;0.515;0.051;0.051;0.66694898;0.25598277;0.0001;0.479;0.0001
2017-04-03 10:00:00+00:00;1.958e-05;0.0;0;0;0;0.621;0.069;0.069;0.68043964;0.33623133;0.0001;0.626;0.0001
2017-04-03 11:00:00+00:00;1.983e-05;0.0;0;0;0;0.673;0.054;0.054;0.64044695;0.37584771;0.0001;0.698;0.0001
2017-04-03 12:00:00+00:00;2.044e-05;0.0;0;0;0;0.683;0.032;0.032;0.65438871;0.3721231;0.0001;0.713;0.0001
2017-04-03 13:00:00+00:00;2.045e-05;0.0;0;0;0;0.648;0.02;0.02;0.68337178;0.3721231;0.0001;0.662;0.0001
2017-04-03 14:00:00+00:00;2.148e-05;0.0;0;0;0;0.56;0.016;0.016;0.70178224;0.37144589;0.0001;0.528;0.0001
2017-04-03 15:00:00+00:00;2.292e-05;0.0;0;0;0;0.382;0.016;0.016;0.70495402;0.58476486;0.0001;0.262;0.0001
2017-04-03 16:00:00+00:00;2.456e-05;0.0;0;0;0;0.22;0.02;0.02;0.67987577;0.5918755;0.0001;0.11;0.0001
2017-04-03 17:00:00+00:00;4.962e-05;0.0;0;0;0;0.055;0.048;0.048;0.71296102;0.77675194;0.0001;0.015;0.0001
2017-04-03 18:00:00+00:00;0.00036961;0.0;0;0;0;0.0;0.105;0.105;0.76581001;0.88612024;0.0001;0.0;0.0001
2017-04-03 19:00:00+00:00;0.00037683;0.0;0;0;0;0.0;0.127;0.127;0.89523296;0.88882905;0.0001;0.0;0.0001
2017-04-03 20:00:00+00:00;5.474e-05;0.0;0;0;0;0.0;0.128;0.128;0.79614638;0.89356947;0.0001;0.0;0.0001
2017-04-03 21:00:00+00:00;1.879e-05;0.0;0;0;0;0.0;0.118;0.118;0.71590725;0.89356947;0.0001;0.0;0.0001
2017-04-03 22:00:00+00:00;1.196e-05;0.0;0;0;0;0.0;0.125;0.125;0.69896287;0.36636687;0.0001;0.0;0.0001
2017-04-03 23:00:00+00:00;1.41e-06;0.0;0;0;0;0.0;0.151;0.151;0.68707925;0.24819493;0.0001;0.0;0.0001
2017-04-04 00:00:00+00:00;1.67e-06;0.0;0;0;0;0.0;0.161;0.161;0.70219104;0.24887213;0.0001;0.0;0.0001
2017-04-04 01:00:00+00:00;3.94e-06;0.0;0;0;0;0.0;0.156;0.156;0.68939113;0.24514752;0.0001;0.0;0.0001
2017-04-04 02:00:00+00:00;5.71e-06;0.0;0;0;0;0.0;0.14;0.14;0.6992871;0.25462836;0.0001;0.0;0.0001
2017-04-04 03:00:00+00:00;7.11e-06;0.0;0;0;0;0.0;0.127;0.127;0.71131169;0.25191955;0.0001;0.0;0.0001
2017-04-04 04:00:00+00:00;9.26e-06;0.0;0;0;0;0.0;0.126;0.126;0.70274082;0.25327395;0.0001;0.0;0.0001
2017-04-04 05:00:00+00:00;4.977e-05;0.0;0;0;0;0.0;0.136;0.136;0.70643419;0.25395116;0.0001;0.0;0.0001
2017-04-04 06:00:00+00:00;0.00032306;0.0;0;0;0;0.013;0.139;0.139;0.67828283;0.25530556;0.0001;0.005;0.0001
2017-04-04 07:00:00+00:00;0.00042818;0.0;0;0;0;0.151;0.052;0.052;0.70144391;0.25259675;0.0001;0.072;0.0001
2017-04-04 08:00:00+00:00;0.00034228;0.0;0;0;0;0.313;0.035;0.035;0.70595489;0.25564416;0.0001;0.194;0.0001
2017-04-04 09:00:00+00:00;6.35e-05;0.0;0;0;0;0.467;0.037;0.037;0.70278311;0.25936878;0.0001;0.362;0.0001
2017-04-04 10:00:00+00:00;1.993e-05;0.0;0;0;0;0.58;0.02;0.02;0.69694702;0.25395116;0.0001;0.516;0.0001
2017-04-04 11:00:00+00:00;2.049e-05;0.0;0;0;0;0.635;0.008;0.008;0.69462105;0.5048549;0.0001;0.592;0.0001
2017-04-04 12:00:00+00:00;2.103e-05;0.0;0;0;0;0.637;0.005;0.005;0.73052566;0.50654791;0.0001;0.582;0.0001
2017-04-04 13:00:00+00:00;2.066e-05;0.0;0;0;0;0.57;0.005;0.005;0.73114592;0.50824092;0.0001;0.458;0.0001
2017-04-04 14:00:00+00:00;2.115e-05;0.0;0;0;0;0.504;0.005;0.005;0.73225957;0.5045163;0.0001;0.39;0.0001
2017-04-04 15:00:00+00:00;2.303e-05;0.0;0;0;0;0.402;0.006;0.006;0.70668793;0.49571266;0.0001;0.297;0.0001
2017-04-04 16:00:00+00:00;2.381e-05;0.0;0;0;0;0.23;0.008;0.008;0.72302615;0.50790231;0.0001;0.127;0.0001
2017-04-04 17:00:00+00:00;4.99e-05;0.0;0;0;0;0.065;0.02;0.02;0.70354434;0.74119877;0.0001;0.023;0.0001
2017-04-04 18:00:00+00:00;0.00036282;0.0;0;0;0;0.0;0.032;0.032;0.77581876;0.83871602;0.0001;0.0;0.0001
2017-04-04 19:00:00+00:00;0.00038287;0.0;0;0;0;0.0;0.05;0.05;0.78082313;0.88950625;0.0001;0.0;0.0001
2017-04-04 20:00:00+00:00;5.316e-05;0.0;0;0;0;0.0;0.07;0.07;0.77904693;0.88442723;0.0001;0.0;0.0001
2017-04-04 21:00:00+00:00;1.898e-05;0.0;0;0;0;0.0;0.084;0.084;0.73543136;0.87460778;0.0001;0.0;0.0001
2017-04-04 22:00:00+00:00;1.228e-05;0.0;0;0;0;0.0;0.082;0.082;0.72174334;0.60000193;0.0001;0.0;0.0001
2017-04-04 23:00:00+00:00;1.48e-06;0.0;0;0;0;0.0;0.052;0.052;0.71757068;0.24650192;0.0001;0.0;0.0001
2017-04-05 00:00:00+00:00;2e-06;0.0;0;0;0;0.0;0.025;0.025;0.53968284;0.21027156;0.0001;0.0;0.0001
2017-04-05 01:00:00+00:00;4.1e-06;0.0;0;0;0;0.0;0.024;0.024;0.47277931;0.21501198;0.0001;0.0;0.0001
2017-04-05 02:00:00+00:00;5.28e-06;0.0;0;0;0;0.0;0.049;0.049;0.46933969;0.21501198;0.0001;0.0;0.0001
2017-04-05 03:00:00+00:00;6.64e-06;0.0;0;0;0;0.0;0.083;0.083;0.38974901;0.21094876;0.0001;0.0;0.0001
2017-04-05 04:00:00+00:00;9.29e-06;0.0;0;0;0;0.0;0.09;0.09;0.38735255;0.21772079;0.0001;0.0;0.0001
2017-04-05 05:00:00+00:00;5.107e-05;0.0;0;0;0;0.0;0.078;0.078;0.44211872;0.20891715;0.0001;0.0;0.0001
2017-04-05 06:00:00+00:00;0.00032639;0.0;0;0;0;0.015;0.073;0.073;0.42875493;0.21230317;0.0001;0.009;0.0001
2017-04-05 07:00:00+00:00;0.00043058;0.0;0;0;0;0.193;0.021;0.021;0.50332713;0.25158095;0.0001;0.147;0.0001
2017-04-05 08:00:00+00:00;0.00033635;0.0;0;0;0;0.388;0.014;0.014;0.54553303;0.24819493;0.0001;0.361;0.0001
2017-04-05 09:00:00+00:00;6.214e-05;0.0;0;0;0;0.542;0.021;0.021;0.54537796;0.25191955;0.0001;0.559;0.0001
2017-04-05 10:00:00+00:00;2.084e-05;0.0;0;0;0;0.632;0.007;0.007;0.56357696;0.25022654;0.0001;0.674;0.0001
2017-04-05 11:00:00+00:00;2.163e-05;0.0;0;0;0;0.68;0.001;0.001;0.54967749;0.25225815;0.0001;0.737;0.0001
2017-04-05 12:00:00+00:00;2.112e-05;0.0;0;0;0;0.689;0.0;0.0;0.48832811;0.25564416;0.0001;0.75;0.0001
2017-04-05 13:00:00+00:00;2.12e-05;0.0;0;0;0;0.651;0.002;0.002;0.51291297;0.26749522;0.0001;0.69;0.0001
2017-04-05 14:00:00+00:00;2.029e-05;0.0;0;0;0;0.571;0.005;0.005;0.52161072;0.26986543;0.0001;0.576;0.0001
2017-04-05 15:00:00+00:00;2.2e-05;0.0;0;0;0;0.428;0.004;0.004;0.55858669;0.48589321;0.0001;0.376;0.0001
2017-04-05 16:00:00+00:00;2.393e-05;0.0;0;0;0;0.259;0.002;0.002;0.52089178;0.46693153;0.0001;0.189;0.0001
2017-04-05 17:00:00+00:00;5.001e-05;0.0;0;0;0;0.073;0.003;0.003;0.61424095;0.74289178;0.0001;0.036;0.0001
2017-04-05 18:00:00+00:00;0.00036607;0.0;0;0;0;0.0;0.004;0.004;0.78288127;0.87596219;0.0001;0.0;0.0001
2017-04-05 19:00:00+00:00;0.00038032;0.0;0;0;0;0.0;0.007;0.007;0.77058884;0.87630079;0.0001;0.0;0.0001
2017-04-05 20:00:00+00:00;5.379e-05;0.0;0;0;0;0.0;0.012;0.012;0.71086059;0.87359198;0.0001;0.0;0.0001
2017-04-05 21:00:00+00:00;1.865e-05;0.0;0;0;0;0.0;0.019;0.019;0.60592383;0.86072512;0.0001;0.0;0.0001
2017-04-05 22:00:00+00:00;1.229e-05;0.0;0;0;0;0.0;0.034;0.034;0.54269957;0.34605077;0.0001;0.0;0.0001
2017-04-05 23:00:00+00:00;1.45e-06;0.0;0;0;0;0.0;0.048;0.048;0.51454821;0.20519253;0.0001;0.0;0.0001
2017-04-06 00:00:00+00:00;1.36e-06;0.0;0;0;0;0.0;0.04;0.04;0.38460367;0.21061016;0.0001;0.0;0.0001
2017-04-06 01:00:00+00:00;2.89e-06;0.0;0;0;0;0.0;0.02;0.02;0.34648586;0.20790135;0.0001;0.0;0.0001
2017-04-06 02:00:00+00:00;4.14e-06;0.0;0;0;0;0.0;0.007;0.007;0.3525334;0.19638889;0.0001;0.0;0.0001
2017-04-06 03:00:00+00:00;5.43e-06;0.0;0;0;0;0.0;0.002;0.002;0.33976167;0.20756274;0.0001;0.0;0.0001
2017-04-06 04:00:00+00:00;7.48e-06;0.0;0;0;0;0.0;0.0;0.0;0.35081358;0.20891715;0.0001;0.0;0.0001
2017-04-06 05:00:00+00:00;4.608e-05;0.0;0;0;0;0.0;0.0;0.0;0.34774048;0.20925575;0.0001;0.0;0.0001
2017-04-06 06:00:00+00:00;0.00032562;0.0;0;0;0;0.013;0.0;0.0;0.33451766;0.21128736;0.0001;0.006;0.0001
2017-04-06 07:00:00+00:00;0.00042327;0.0;0;0;0;0.173;0.0;0.0;0.44199185;0.25124234;0.0001;0.108;0.0001
2017-04-06 08:00:00+00:00;0.00033703;0.0;0;0;0;0.345;0.0;0.0;0.46826833;0.25767577;0.0001;0.259;0.0001
2017-04-06 09:00:00+00:00;6.098e-05;0.0;0;0;0;0.465;0.0;0.0;0.46379964;0.25225815;0.0001;0.366;0.0001
2017-04-06 10:00:00+00:00;1.78e-05;0.0;0;0;0;0.572;0.0;0.0;0.47541542;0.28747271;0.0001;0.502;0.0001
2017-04-06 11:00:00+00:00;1.857e-05;0.0;0;0;0;0.643;0.0;0.0;0.49080915;0.25327395;0.0001;0.616;0.0001
2017-04-06 12:00:00+00:00;1.872e-05;0.0;0;0;0;0.648;0.0;0.0;0.47822069;0.2641092;0.0001;0.618;0.0001
2017-04-06 13:00:00+00:00;1.836e-05;0.0;0;0;0;0.608;0.0;0.0;0.46401109;0.25496696;0.0001;0.554;0.0001
2017-04-06 14:00:00+00:00;1.899e-05;0.0;0;0;0;0.507;0.0;0.0;0.46938198;0.24954934;0.0001;0.397;0.0001
2017-04-06 15:00:00+00:00;2.028e-05;0.0;0;0;0;0.345;0.0;0.0;0.46550535;0.24717913;0.0001;0.189;0.0001
2017-04-06 16:00:00+00:00;2.296e-05;0.0;0;0;0;0.181;0.0;0.0;0.4719617;0.25293535;0.0001;0.061;0.0001
2017-04-06 17:00:00+00:00;4.862e-05;0.0;0;0;0;0.043;0.0;0.0;0.55034004;0.75474284;0.0001;0.009;0.0001
2017-04-06 18:00:00+00:00;0.00036823;0.0;0;0;0;0.0;0.0;0.0;0.73018734;0.85463029;0.0001;0.0;0.0001
2017-04-06 19:00:00+00:00;0.00037441;0.0;0;0;0;0.0;0.018;0.018;0.69769415;0.8559847;0.0001;0.0;0.0001
2017-04-06 20:00:00+00:00;5.377e-05;0.0;0;0;0;0.0;0.104;0.104;0.60583924;0.85361449;0.0001;0.0;0.0001
2017-04-06 21:00:00+00:00;1.747e-05;0.0;0;0;0;0.0;0.217;0.217;0.49868928;0.86174092;0.0001;0.0;0.0001
2017-04-06 22:00:00+00:00;1.102e-05;0.0;0;0;0;0.0;0.26;0.26;0.49805492;0.57291381;0.0001;0.0;0.0001
2017-04-06 23:00:00+00:00;6e-07;0.0;0;0;0;0.0;0.225;0.225;0.46608332;0.18656945;0.0001;0.0;0.0001
2017-04-07 00:00:00+00:00;1.31e-06;0.0;0;0;0;0.0;0.18;0.18;0.3085795;0.17675;0.0001;0.0;0.0001
2017-04-07 01:00:00+00:00;2.95e-06;0.0;0;0;0;0.0;0.147;0.147;0.24691999;0.17471839;0.0001;0.0;0.0001
2017-04-07 02:00:00+00:00;4.17e-06;0.0;0;0;0;0.0;0.114;0.114;0.28230302;0.18623085;0.0001;0.0;0.0001
2017-04-07 03:00:00+00:00;5.43e-06;0.0;0;0;0;0.0;0.099;0.099;0.25684415;0.18386064;0.0001;0.0;0.0001
2017-04-07 04:00:00+00:00;7.49e-06;0.0;0;0;0;0.0;0.109;0.109;0.25940977;0.2190752;0.0001;0.0;0.0001
2017-04-07 05:00:00+00:00;5.011e-05;0.0;0;0;0;0.0;0.144;0.144;0.26026968;0.21738219;0.0001;0.0;0.0001
2017-04-07 06:00:00+00:00;0.00032351;0.0;0;0;0;0.009;0.163;0.163;0.22787518;0.21298037;0.0001;0.003;0.0001
2017-04-07 07:00:00+00:00;0.00042079;0.0;0;0;0;0.133;0.1;0.1;0.23777114;0.2194138;0.0001;0.049;0.0001
2017-04-07 08:00:00+00:00;0.00033941;0.0;0;0;0;0.285;0.081;0.081;0.23674208;0.25259675;0.0001;0.142;0.0001
2017-04-07 09:00:00+00:00;6.198e-05;0.0;0;0;0;0.422;0.144;0.144;0.31826402;0.25327395;0.0001;0.259;0.0001
2017-04-07 10:00:00+00:00;1.806e-05;0.0;0;0;0;0.515;0.136;0.136;0.29668178;0.21670499;0.0001;0.35;0.0001
2017-04-07 11:00:00+00:00;1.793e-05;0.0;0;0;0;0.562;0.097;0.097;0.27543786;0.2207682;0.0001;0.393;0.0001
2017-04-07 12:00:00+00:00;1.807e-05;0.0;0;0;0;0.563;0.066;0.066;0.28795584;0.19232568;0.0001;0.383;0.0001
2017-04-07 13:00:00+00:00;1.96e-05;0.0;0;0;0;0.522;0.047;0.047;0.29594874;0.17979742;0.0001;0.329;0.0001
2017-04-07 14:00:00+00:00;1.821e-05;0.0;0;0;0;0.446;0.031;0.031;0.31662878;0.18216763;0.0001;0.254;0.0001
2017-04-07 15:00:00+00:00;1.959e-05;0.0;0;0;0;0.338;0.013;0.013;0.36667251;0.39954982;0.0001;0.167;0.0001
2017-04-07 16:00:00+00:00;2.159e-05;0.0;0;0;0;0.189;0.006;0.006;0.40605904;0.42155892;0.0001;0.067;0.0001
2017-04-07 17:00:00+00:00;4.692e-05;0.0;0;0;0;0.051;0.007;0.007;0.43229323;0.7249459;0.0001;0.012;0.0001
2017-04-07 18:00:00+00:00;0.00035937;0.0;0;0;0;0.0;0.009;0.009;0.63582319;0.8570005;0.0001;0.0;0.0001
2017-04-07 19:00:00+00:00;0.00037862;0.0;0;0;0;0.0;0.026;0.026;0.54126169;0.89086066;0.0001;0.0;0.0001
2017-04-07 20:00:00+00:00;5.292e-05;0.0;0;0;0;0.0;0.077;0.077;0.5052584;0.88713604;0.0001;0.0;0.0001
2017-04-07 21:00:00+00:00;1.747e-05;0.0;0;0;0;0.0;0.162;0.162;0.44739093;0.8332984;0.0001;0.0;0.0001
2017-04-07 22:00:00+00:00;1.099e-05;0.0;0;0;0;0.0;0.223;0.223;0.41757615;0.32167146;0.0001;0.0;0.0001
2017-04-07 23:00:00+00:00;6.3e-07;0.0;0;0;0;0.0;0.194;0.194;0.40665111;0.19909771;0.0001;0.0;0.0001
2017-04-08 00:00:00+00:00;1.86e-06;0.0;0;0;0;0.0;0.143;0.143;0.2908175;0.1764114;0.0001;0.0;0.0001
2017-04-08 01:00:00+00:00;3.71e-06;0.0;0;0;0;0.0;0.104;0.104;0.2570838;0.18115182;0.0001;0.0;0.0001
2017-04-08 02:00:00+00:00;5.24e-06;0.0;0;0;0;0.0;0.068;0.068;0.25733754;0.18081322;0.0001;0.0;0.0001
2017-04-08 03:00:00+00:00;7e-06;0.0;0;0;0;0.0;0.042;0.042;0.25674547;0.19198707;0.0001;0.0;0.0001
2017-04-08 04:00:00+00:00;9.16e-06;0.0;0;0;0;0.0;0.03;0.03;0.26642999;0.19266428;0.0001;0.0;0.0001
2017-04-08 05:00:00+00:00;5.109e-05;0.0;0;0;0;0.0;0.02;0.02;0.32745515;0.21467338;0.0001;0.0;0.0001
2017-04-08 06:00:00+00:00;0.00032532;0.0;0;0;0;0.011;0.012;0.012;0.33757667;0.21602778;0.0001;0.004;0.0001
2017-04-08 07:00:00+00:00;0.00042211;0.0;0;0;0;0.163;0.003;0.003;0.39676923;0.25056514;0.0001;0.091;0.0001
2017-04-08 08:00:00+00:00;0.00034151;0.0;0;0;0;0.348;0.003;0.003;0.48005328;0.25361255;0.0001;0.262;0.0001
2017-04-08 09:00:00+00:00;6.228e-05;0.0;0;0;0;0.504;0.004;0.004;0.47597929;0.25936878;0.0001;0.448;0.0001
2017-04-08 10:00:00+00:00;1.922e-05;0.0;0;0;0;0.592;0.004;0.004;0.4719617;0.22246121;0.0001;0.55;0.0001
2017-04-08 11:00:00+00:00;2.107e-05;0.0;0;0;0;0.647;0.005;0.005;0.42618931;0.18318343;0.0001;0.619;0.0001
2017-04-08 12:00:00+00:00;2.147e-05;0.0;0;0;0;0.615;0.006;0.006;0.36210514;0.19537309;0.0001;0.525;0.0001
2017-04-08 13:00:00+00:00;2.152e-05;0.0;0;0;0;0.548;0.009;0.009;0.38337725;0.18860106;0.0001;0.399;0.0001
2017-04-08 14:00:00+00:00;2.203e-05;0.0;0;0;0;0.444;0.012;0.012;0.42211533;0.22381562;0.0001;0.256;0.0001
2017-04-08 15:00:00+00:00;2.234e-05;0.0;0;0;0;0.296;0.012;0.012;0.39138425;0.23397366;0.0001;0.111;0.0001
2017-04-08 16:00:00+00:00;2.456e-05;0.0;0;0;0;0.152;0.011;0.011;0.44162533;0.44796984;0.0001;0.035;0.0001
2017-04-08 17:00:00+00:00;4.976e-05;0.0;0;0;0;0.033;0.024;0.024;0.48735543;0.75643585;0.0001;0.005;0.0001
2017-04-08 18:00:00+00:00;0.00036324;0.0;0;0;0;0.0;0.035;0.035;0.71135398;0.89086066;0.0001;0.0;0.0001
2017-04-08 19:00:00+00:00;0.00038081;0.0;0;0;0;0.0;0.044;0.044;0.70794255;0.89560108;0.0001;0.0;0.0001
2017-04-08 20:00:00+00:00;5.531e-05;0.0;0;0;0;0.0;0.062;0.062;0.65870234;0.8573391;0.0001;0.0;0.0001
2017-04-08 21:00:00+00:00;1.881e-05;0.0;0;0;0;0.0;0.087;0.087;0.50958612;0.84413364;0.0001;0.0;0.0001
2017-04-08 22:00:00+00:00;1.202e-05;0.0;0;0;0;0.0;0.125;0.125;0.40470575;0.32776629;0.0001;0.0;0.0001
2017-04-08 23:00:00+00:00;1.37e-06;0.0;0;0;0;0.0;0.154;0.154;0.34208765;0.20722414;0.0001;0.0;0.0001
2017-04-09 00:00:00+00:00;1.9e-06;0.0;0;0;0;0.0;0.151;0.151;0.27239295;0.37618631;0.0001;0.0;0.0001
2017-04-09 01:00:00+00:00;4.19e-06;0.0;0;0;0;0.0;0.107;0.107;0.22399855;0.16456035;0.0001;0.0;0.0001
2017-04-09 02:00:00+00:00;5.01e-06;0.0;0;0;0;0.0;0.056;0.056;0.22495713;0.16286734;0.0001;0.0;0.0001
2017-04-09 03:00:00+00:00;6.77e-06;0.0;0;0;0;0.0;0.035;0.035;0.23864515;0.16862357;0.0001;0.0;0.0001
2017-04-09 04:00:00+00:00;8.93e-06;0.0;0;0;0;0.0;0.034;0.034;0.2446363;0.19029407;0.0001;0.0;0.0001
2017-04-09 05:00:00+00:00;5.001e-05;0.0;0;0;0;0.0;0.048;0.048;0.2912686;0.19401868;0.0001;0.0;0.0001
2017-04-09 06:00:00+00:00;0.0003231;0.0;0;0;0;0.012;0.085;0.085;0.31913802;0.19130987;0.0001;0.006;0.0001
2017-04-09 07:00:00+00:00;0.00042539;0.0;0;0;0;0.169;0.079;0.079;0.37752707;0.2424387;0.0001;0.103;0.0001
2017-04-09 08:00:00+00:00;0.00034226;0.0;0;0;0;0.34;0.033;0.033;0.39738949;0.24379311;0.0001;0.249;0.0001
2017-04-09 09:00:00+00:00;6.537e-05;0.0;0;0;0;0.472;0.061;0.061;0.41124667;0.24650192;0.0001;0.38;0.0001
2017-04-09 10:00:00+00:00;2.017e-05;0.0;0;0;0;0.572;0.095;0.095;0.42408888;0.3524842;0.0001;0.504;0.0001
2017-04-09 11:00:00+00:00;2.05e-05;0.0;0;0;0;0.632;0.078;0.078;0.43051703;0.34368056;0.0001;0.59;0.0001
2017-04-09 12:00:00+00:00;2.185e-05;0.0;0;0;0;0.639;0.043;0.043;0.40102647;0.34334196;0.0001;0.596;0.0001
2017-04-09 13:00:00+00:00;2.029e-05;0.0;0;0;0;0.589;0.028;0.028;0.41536294;0.34401917;0.0001;0.512;0.0001
2017-04-09 14:00:00+00:00;2.202e-05;0.0;0;0;0;0.497;0.02;0.02;0.43136284;0.34909819;0.0001;0.38;0.0001
2017-04-09 15:00:00+00:00;2.331e-05;0.0;0;0;0;0.352;0.013;0.013;0.40917444;0.37754072;0.0001;0.202;0.0001
2017-04-09 16:00:00+00:00;2.42e-05;0.0;0;0;0;0.171;0.017;0.017;0.38815607;0.40192003;0.0001;0.053;0.0001
2017-04-09 17:00:00+00:00;4.861e-05;0.0;0;0;0;0.038;0.037;0.037;0.37149363;0.73510395;0.0001;0.007;0.0001
2017-04-09 18:00:00+00:00;0.000362;0.0;0;0;0;0.0;0.079;0.079;0.56820072;0.88612024;0.0001;0.0;0.0001
2017-04-09 19:00:00+00:00;0.00037824;0.0;0;0;0;0.0;0.116;0.116;0.59365959;0.88747464;0.0001;0.0;0.0001
2017-04-09 20:00:00+00:00;5.523e-05;0.0;0;0;0;0.0;0.139;0.139;0.59044551;0.88273422;0.0001;0.0;0.0001
2017-04-09 21:00:00+00:00;1.893e-05;0.0;0;0;0;0.0;0.164;0.164;0.51480195;0.84684246;0.0001;0.0;0.0001
2017-04-09 22:00:00+00:00;1.206e-05;0.0;0;0;0;0.0;0.178;0.178;0.47452732;0.31828545;0.0001;0.0;0.0001
2017-04-09 23:00:00+00:00;1.3e-06;0.0;0;0;0;0.0;0.177;0.177;0.40329606;0.17370259;0.0001;0.0;0.0001
2017-04-10 00:00:00+00:00;1.82e-06;0.0;0;0;0;0.0;0.177;0.177;0.2295527;0.15033909;0.0001;0.0;0.0001
2017-04-10 01:00:00+00:00;3.78e-06;0.0;0;0;0;0.0;0.16;0.16;0.24160548;0.15067769;0.0001;0.0;0.0001
2017-04-10 02:00:00+00:00;5.22e-06;0.0;0;0;0;0.0;0.141;0.141;0.22339239;0.15169349;0.0001;0.0;0.0001
2017-04-10 03:00:00+00:00;6.92e-06;0.0;0;0;0;0.0;0.121;0.121;0.21320038;0.15711111;0.0001;0.0;0.0001
2017-04-10 04:00:00+00:00;9.46e-06;0.0;0;0;0;0.0;0.121;0.121;0.20309296;0.18115182;0.0001;0.0;0.0001
2017-04-10 05:00:00+00:00;4.904e-05;0.0;0;0;0;0.0;0.113;0.113;0.25532169;0.18216763;0.0001;0.0;0.0001
2017-04-10 06:00:00+00:00;0.00032527;0.0;0;0;0;0.003;0.108;0.108;0.34651405;0.18182903;0.0001;0.0;0.0001
2017-04-10 07:00:00+00:00;0.00041794;0.0;0;0;0;0.067;0.086;0.086;0.33037319;0.18860106;0.0001;0.007;0.0001
2017-04-10 08:00:00+00:00;0.00034052;0.0;0;0;0;0.174;0.105;0.105;0.33371414;0.18182903;0.0001;0.026;0.0001
2017-04-10 09:00:00+00:00;6.329e-05;0.0;0;0;0;0.287;0.1;0.1;0.33887357;0.17979742;0.0001;0.063;0.0001
2017-04-10 10:00:00+00:00;2.103e-05;0.0;0;0;0;0.414;0.091;0.091;0.34731757;0.17742721;0.0001;0.147;0.0001
2017-04-10 11:00:00+00:00;2.114e-05;0.0;0;0;0;0.503;0.075;0.075;0.42225629;0.15914273;0.0001;0.244;0.0001
2017-04-10 12:00:00+00:00;2.112e-05;0.0;0;0;0;0.515;0.062;0.062;0.38615433;0.15846552;0.0001;0.256;0.0001
2017-04-10 13:00:00+00:00;2.122e-05;0.0;0;0;0;0.449;0.05;0.05;0.33646302;0.15744972;0.0001;0.178;0.0001
2017-04-10 14:00:00+00:00;2.168e-05;0.0;0;0;0;0.377;0.04;0.04;0.40663701;0.15541811;0.0001;0.128;0.0001
2017-04-10 15:00:00+00:00;2.309e-05;0.0;0;0;0;0.263;0.026;0.026;0.44724996;0.37076869;0.0001;0.065;0.0001
2017-04-10 16:00:00+00:00;2.456e-05;0.0;0;0;0;0.143;0.015;0.015;0.44225969;0.37686352;0.0001;0.025;0.0001
2017-04-10 17:00:00+00:00;5.023e-05;0.0;0;0;0;0.037;0.01;0.01;0.48411316;0.65553259;0.0001;0.005;0.0001
2017-04-10 18:00:00+00:00;0.0003668;0.0;0;0;0;0.0;0.003;0.003;0.71421563;0.87359198;0.0001;0.0;0.0001
2017-04-10 19:00:00+00:00;0.00037617;0.0;0;0;0;0.0;0.003;0.003;0.69342282;0.8773166;0.0001;0.0;0.0001
2017-04-10 20:00:00+00:00;5.408e-05;0.0;0;0;0;0.0;0.02;0.02;0.65226009;0.83837742;0.0001;0.0;0.0001
2017-04-10 21:00:00+00:00;1.884e-05;0.0;0;0;0;0.0;0.09;0.09;0.51822748;0.83126679;0.0001;0.0;0.0001
2017-04-10 22:00:00+00:00;1.228e-05;0.0;0;0;0;0.0;0.192;0.192;0.40125202;0.28171648;0.0001;0.0;0.0001
2017-04-10 23:00:00+00:00;1.45e-06;0.0;0;0;0;0.0;0.207;0.207;0.30828346;0.15677251;0.0001;0.0;0.0001
2017-04-11 00:00:00+00:00;1.77e-06;0.0;0;0;0;0.0;0.153;0.153;0.20708236;0.13611782;0.0001;0.0;0.0001
2017-04-11 01:00:00+00:00;4e-06;0.0;0;0;0;0.0;0.12;0.12;0.18517589;0.13984244;0.0001;0.0;0.0001
2017-04-11 02:00:00+00:00;5.4e-06;0.0;0;0;0;0.0;0.084;0.084;0.1687108;0.13848803;0.0001;0.0;0.0001
2017-04-11 03:00:00+00:00;6.76e-06;0.0;0;0;0;0.0;0.066;0.066;0.16209939;0.17302539;0.0001;0.0;0.0001
2017-04-11 04:00:00+00:00;9.07e-06;0.0;0;0;0;0.0;0.054;0.054;0.16679363;0.17370259;0.0001;0.0;0.0001
2017-04-11 05:00:00+00:00;5.09e-05;0.0;0;0;0;0.0;0.05;0.05;0.18280763;0.17810441;0.0001;0.0;0.0001
2017-04-11 06:00:00+00:00;0.00032724;0.0;0;0;0;0.003;0.055;0.055;0.23706631;0.17200958;0.0001;0.0;0.0001
2017-04-11 07:00:00+00:00;0.00042247;0.0;0;0;0;0.067;0.04;0.04;0.25523711;0.23803688;0.0001;0.006;0.0001
2017-04-11 08:00:00+00:00;0.00034662;0.0;0;0;0;0.16;0.038;0.038;0.27635416;0.23465087;0.0001;0.019;0.0001
2017-04-11 09:00:00+00:00;6.324e-05;0.0;0;0;0;0.254;0.051;0.051;0.26795245;0.23295786;0.0001;0.039;0.0001
2017-04-11 10:00:00+00:00;2.023e-05;0.0;0;0;0;0.359;0.047;0.047;0.26007232;0.1530479;0.0001;0.081;0.0001
2017-04-11 11:00:00+00:00;2.141e-05;0.0;0;0;0;0.425;0.033;0.033;0.26180623;0.14695307;0.0001;0.122;0.0001
2017-04-11 12:00:00+00:00;2.268e-05;0.0;0;0;0;0.445;0.014;0.014;0.23190687;0.15000048;0.0001;0.14;0.0001
2017-04-11 13:00:00+00:00;2.105e-05;0.0;0;0;0;0.434;0.004;0.004;0.24940103;0.14830747;0.0001;0.142;0.0001
2017-04-11 14:00:00+00:00;2.063e-05;0.0;0;0;0;0.331;0.002;0.002;0.27415505;0.14796887;0.0001;0.073;0.0001
2017-04-11 15:00:00+00:00;2.235e-05;0.0;0;0;0;0.187;0.0;0.0;0.2721815;0.36670547;0.0001;0.02;0.0001
2017-04-11 16:00:00+00:00;2.361e-05;0.0;0;0;0;0.087;0.0;0.0;0.303702;0.39006897;0.0001;0.006;0.0001
2017-04-11 17:00:00+00:00;4.906e-05;0.0;0;0;0;0.019;0.0;0.0;0.33736521;0.69955079;0.0001;0.001;0.0001
2017-04-11 18:00:00+00:00;0.00036485;0.0;0;0;0;0.0;0.001;0.001;0.54815504;0.85801631;0.0001;0.0;0.0001
2017-04-11 19:00:00+00:00;0.0003707;0.0;0;0;0;0.0;0.015;0.015;0.55816378;0.85327588;0.0001;0.0;0.0001
2017-04-11 20:00:00+00:00;5.463e-05;0.0;0;0;0;0.0;0.059;0.059;0.48597394;0.85192148;0.0001;0.0;0.0001
2017-04-11 21:00:00+00:00;1.89e-05;0.0;0;0;0;0.0;0.104;0.104;0.37682223;0.82618776;0.0001;0.0;0.0001
2017-04-11 22:00:00+00:00;1.207e-05;0.0;0;0;0;0.0;0.098;0.098;0.30929843;0.28205508;0.0001;0.0;0.0001
2017-04-11 23:00:00+00:00;1.35e-06;0.0;0;0;0;0.0;0.045;0.045;0.2388848;0.17437979;0.0001;0.0;0.0001
2017-04-12 00:00:00+00:00;1.95e-06;0.0;0;0;0;0.0;0.006;0.006;0.58513101;0.18758525;0.0001;0.0;0.0001
2017-04-12 01:00:00+00:00;3.85e-06;0.0;0;0;0;0.0;0.007;0.007;0.59381465;0.18758525;0.0001;0.0;0.0001
2017-04-12 02:00:00+00:00;5.41e-06;0.0;0;0;0;0.0;0.048;0.048;0.55416029;0.21704359;0.0001;0.0;0.0001
2017-04-12 03:00:00+00:00;7.22e-06;0.0;0;0;0;0.0;0.084;0.084;0.52410585;0.2410843;0.0001;0.0;0.0001
2017-04-12 04:00:00+00:00;9.27e-06;0.0;0;0;0;0.0;0.095;0.095;0.4874682;0.2407457;0.0001;0.0;0.0001
2017-04-12 05:00:00+00:00;4.927e-05;0.0;0;0;0;0.0;0.104;0.104;0.38879043;0.21839799;0.0001;0.0;0.0001
2017-04-12 06:00:00+00:00;0.00032583;0.0;0;0;0;0.003;0.121;0.121;0.48872282;0.21772079;0.0001;0.0;0.0001
2017-04-12 07:00:00+00:00;0.00042301;0.0;0;0;0;0.071;0.107;0.107;0.54041588;0.2194138;0.0001;0.007;0.0001
2017-04-12 08:00:00+00:00;0.0003363;0.0;0;0;0;0.161;0.14;0.14;0.6575323;0.24650192;0.0001;0.018;0.0001
2017-04-12 09:00:00+00:00;6.227e-05;0.0;0;0;0;0.239;0.158;0.158;0.61350792;0.24447031;0.0001;0.03;0.0001
2017-04-12 10:00:00+00:00;1.984e-05;0.0;0;0;0;0.305;0.158;0.158;0.59129132;0.21602778;0.0001;0.044;0.0001
2017-04-12 11:00:00+00:00;1.995e-05;0.0;0;0;0;0.34;0.171;0.171;0.66209967;0.220091;0.0001;0.051;0.0001
2017-04-12 12:00:00+00:00;2.119e-05;0.0;0;0;0;0.364;0.205;0.205;0.58926138;0.19164847;0.0001;0.062;0.0001
2017-04-12 13:00:00+00:00;2.081e-05;0.0;0;0;0;0.353;0.221;0.221;0.64182844;0.23228066;0.0001;0.063;0.0001
2017-04-12 14:00:00+00:00;2.118e-05;0.0;0;0;0;0.282;0.189;0.189;0.66816131;0.24819493;0.0001;0.04;0.0001
2017-04-12 15:00:00+00:00;2.25e-05;0.0;0;0;0;0.176;0.136;0.136;0.62568757;0.25496696;0.0001;0.016;0.0001
2017-04-12 16:00:00+00:00;2.449e-05;0.0;0;0;0;0.095;0.08;0.08;0.69095587;0.47404216;0.0001;0.007;0.0001
2017-04-12 17:00:00+00:00;5.111e-05;0.0;0;0;0;0.02;0.048;0.048;0.71277776;0.76185347;0.0001;0.001;0.0001
2017-04-12 18:00:00+00:00;0.00036661;0.0;0;0;0;0.0;0.076;0.076;0.75281274;0.89729408;0.0001;0.0;0.0001
2017-04-12 19:00:00+00:00;0.00037933;0.0;0;0;0;0.0;0.125;0.125;0.7596638;0.86715855;0.0001;0.0;0.0001
2017-04-12 20:00:00+00:00;5.438e-05;0.0;0;0;0;0.0;0.161;0.161;0.78151388;0.86749715;0.0001;0.0;0.0001
2017-04-12 21:00:00+00:00;1.898e-05;0.0;0;0;0;0.0;0.181;0.181;0.66473578;0.86715855;0.0001;0.0;0.0001
2017-04-12 22:00:00+00:00;1.228e-05;0.0;0;0;0;0.0;0.199;0.199;0.60565598;0.33724713;0.0001;0.0;0.0001
2017-04-12 23:00:00+00:00;1.19e-06;0.0;0;0;0;0.0;0.232;0.232;0.58821821;0.21772079;0.0001;0.0;0.0001
2017-04-13 00:00:00+00:00;1.33e-06;0.0;0;0;0;0.0;0.235;0.235;0.69452237;0.24988794;0.0001;0.0;0.0001
2017-04-13 01:00:00+00:00;2.91e-06;0.0;0;0;0;0.0;0.258;0.258;0.6917453;0.24887213;0.0001;0.0;0.0001
2017-04-13 02:00:00+00:00;4.1e-06;0.0;0;0;0;0.0;0.217;0.217;0.67763437;0.24921073;0.0001;0.0;0.0001
2017-04-13 03:00:00+00:00;5.43e-06;0.0;0;0;0;0.0;0.21;0.21;0.67450488;0.24921073;0.0001;0.0;0.0001
2017-04-13 04:00:00+00:00;7.51e-06;0.0;0;0;0;0.0;0.206;0.206;0.67678856;0.26038459;0.0001;0.0;0.0001
2017-04-13 05:00:00+00:00;4.791e-05;0.0;0;0;0;0.0;0.2;0.2;0.67994625;0.25632137;0.0001;0.0;0.0001
2017-04-13 06:00:00+00:00;0.00032235;0.0;0;0;0;0.003;0.16;0.16;0.68765722;0.26004598;0.0001;0.0;0.0001
2017-04-13 07:00:00+00:00;0.00042005;0.0;0;0;0;0.071;0.117;0.117;0.65319048;0.25530556;0.0001;0.007;0.0001
2017-04-13 08:00:00+00:00;0.00033731;0.0;0;0;0;0.176;0.266;0.266;0.64500022;0.25361255;0.0001;0.024;0.0001
2017-04-13 09:00:00+00:00;6.131e-05;0.0;0;0;0;0.263;0.313;0.313;0.64783369;0.25395116;0.0001;0.04;0.0001
2017-04-13 10:00:00+00:00;1.818e-05;0.0;0;0;0;0.338;0.26;0.26;0.64929976;0.33487692;0.0001;0.061;0.0001
2017-04-13 11:00:00+00:00;1.724e-05;0.0;0;0;0;0.396;0.206;0.206;0.65123102;0.3721231;0.0001;0.084;0.0001
2017-04-13 12:00:00+00:00;1.834e-05;0.0;0;0;0;0.359;0.171;0.171;0.66794986;0.3741547;0.0001;0.058;0.0001
2017-04-13 13:00:00+00:00;1.82e-05;0.0;0;0;0;0.297;0.151;0.151;0.66393226;0.36399666;0.0001;0.034;0.0001
2017-04-13 14:00:00+00:00;1.842e-05;0.0;0;0;0;0.226;0.143;0.143;0.67010667;0.35620882;0.0001;0.02;0.0001
2017-04-13 15:00:00+00:00;2.079e-05;0.0;0;0;0;0.155;0.134;0.134;0.67535069;0.57426822;0.0001;0.011;0.0001
2017-04-13 16:00:00+00:00;2.319e-05;0.0;0;0;0;0.083;0.104;0.104;0.67422294;0.58070164;0.0001;0.005;0.0001
2017-04-13 17:00:00+00:00;4.835e-05;0.0;0;0;0;0.019;0.103;0.103;0.65999924;0.7686255;0.0001;0.001;0.0001
2017-04-13 18:00:00+00:00;0.00036155;0.0;0;0;0;0.0;0.141;0.141;0.76915096;0.88882905;0.0001;0.0;0.0001
2017-04-13 19:00:00+00:00;0.00037806;0.0;0;0;0;0.0;0.169;0.169;0.8440192;0.88679744;0.0001;0.0;0.0001
2017-04-13 20:00:00+00:00;5.225e-05;0.0;0;0;0;0.0;0.182;0.182;0.74231061;0.88442723;0.0001;0.0;0.0001
2017-04-13 21:00:00+00:00;1.75e-05;0.0;0;0;0;0.0;0.18;0.18;0.71978388;0.89187646;0.0001;0.0;0.0001
2017-04-13 22:00:00+00:00;1.097e-05;0.0;0;0;0;0.0;0.184;0.184;0.70417869;0.3741547;0.0001;0.0;0.0001
2017-04-13 23:00:00+00:00;6.2e-07;0.0;0;0;0;0.0;0.195;0.195;0.69632676;0.24954934;0.0001;0.0;0.0001
2017-04-14 00:00:00+00:00;1.3e-06;0.0;0;0;0;0.0;0.195;0.195;0.68159558;0.25327395;0.0001;0.0;0.0001
2017-04-14 01:00:00+00:00;2.95e-06;0.0;0;0;0;0.0;0.193;0.193;0.68014361;0.25259675;0.0001;0.0;0.0001
2017-04-14 02:00:00+00:00;4.1e-06;0.0;0;0;0;0.0;0.19;0.19;0.60808064;0.25462836;0.0001;0.0;0.0001
2017-04-14 03:00:00+00:00;5.45e-06;0.0;0;0;0;0.0;0.195;0.195;0.60916609;0.25564416;0.0001;0.0;0.0001
2017-04-14 04:00:00+00:00;7.52e-06;0.0;0;0;0;0.0;0.204;0.204;0.61150617;0.25496696;0.0001;0.0;0.0001
2017-04-14 05:00:00+00:00;4.847e-05;0.0;0;0;0;0.0;0.216;0.216;0.65314819;0.26140039;0.0001;0.0;0.0001
2017-04-14 06:00:00+00:00;0.0003244;0.0;0;0;0;0.004;0.216;0.216;0.70004833;0.25835298;0.0001;0.001;0.0001
2017-04-14 07:00:00+00:00;0.00042141;0.0;0;0;0;0.088;0.087;0.087;0.68857351;0.25496696;0.0001;0.016;0.0001
2017-04-14 08:00:00+00:00;0.00033739;0.0;0;0;0;0.215;0.119;0.119;0.69629857;0.29221313;0.0001;0.057;0.0001
2017-04-14 09:00:00+00:00;6.424e-05;0.0;0;0;0;0.335;0.106;0.106;0.69904745;0.30169397;0.0001;0.118;0.0001
2017-04-14 10:00:00+00:00;1.732e-05;0.0;0;0;0;0.438;0.064;0.064;0.70011881;0.30237118;0.0001;0.196;0.0001
2017-04-14 11:00:00+00:00;1.807e-05;0.0;0;0;0;0.505;0.035;0.035;0.69316908;0.30237118;0.0001;0.266;0.0001
2017-04-14 12:00:00+00:00;1.881e-05;0.0;0;0;0;0.539;0.02;0.02;0.69363427;0.30372558;0.0001;0.322;0.0001
2017-04-14 13:00:00+00:00;1.922e-05;0.0;0;0;0;0.531;0.011;0.011;0.68957439;0.29932376;0.0001;0.343;0.0001
2017-04-14 14:00:00+00:00;1.81e-05;0.0;0;0;0;0.474;0.006;0.006;0.68932064;0.29187453;0.0001;0.306;0.0001
2017-04-14 15:00:00+00:00;1.979e-05;0.0;0;0;0;0.363;0.003;0.003;0.69576289;0.29255173;0.0001;0.211;0.0001
2017-04-14 16:00:00+00:00;2.246e-05;0.0;0;0;0;0.213;0.002;0.002;0.70479896;0.50925672;0.0001;0.099;0.0001
2017-04-14 17:00:00+00:00;4.815e-05;0.0;0;0;0;0.056;0.004;0.004;0.7059126;0.75067962;0.0001;0.018;0.0001
2017-04-14 18:00:00+00:00;0.00035689;0.0;0;0;0;0.0;0.009;0.009;0.79411644;0.89255366;0.0001;0.0;0.0001
2017-04-14 19:00:00+00:00;0.00037373;0.0;0;0;0;0.0;0.025;0.025;0.87483486;0.89018345;0.0001;0.0;0.0001
2017-04-14 20:00:00+00:00;5.181e-05;0.0;0;0;0;0.0;0.062;0.062;0.76662763;0.88578163;0.0001;0.0;0.0001
2017-04-14 21:00:00+00:00;1.746e-05;0.0;0;0;0;0.0;0.121;0.121;0.72122176;0.88476583;0.0001;0.0;0.0001
2017-04-14 22:00:00+00:00;1.1e-05;0.0;0;0;0;0.0;0.187;0.187;0.70845003;0.36941428;0.0001;0.0;0.0001
2017-04-14 23:00:00+00:00;6e-07;0.0;0;0;0;0.0;0.221;0.221;0.70601128;0.25191955;0.0001;0.0;0.0001
2017-04-15 00:00:00+00:00;1.69e-06;0.0;0;0;0;0.0;0.198;0.198;0.69817345;0.24345451;0.0001;0.0;0.0001
2017-04-15 01:00:00+00:00;3.99e-06;0.0;0;0;0;0.0;0.143;0.143;0.69245014;0.24988794;0.0001;0.0;0.0001
2017-04-15 02:00:00+00:00;5.45e-06;0.0;0;0;0;0.0;0.095;0.095;0.69956903;0.24582472;0.0001;0.0;0.0001
2017-04-15 03:00:00+00:00;6.97e-06;0.0;0;0;0;0.0;0.066;0.066;0.69772235;0.24480891;0.0001;0.0;0.0001
2017-04-15 04:00:00+00:00;9.11e-06;0.0;0;0;0;0.0;0.052;0.052;0.69150565;0.25970738;0.0001;0.0;0.0001
2017-04-15 05:00:00+00:00;4.815e-05;0.0;0;0;0;0.0;0.048;0.048;0.70092233;0.25598277;0.0001;0.0;0.0001
2017-04-15 06:00:00+00:00;0.00032671;0.0;0;0;0;0.008;0.045;0.045;0.70749145;0.25564416;0.0001;0.003;0.0001
2017-04-15 07:00:00+00:00;0.00042327;0.0;0;0;0;0.14;0.013;0.013;0.70069678;0.25259675;0.0001;0.063;0.0001
2017-04-15 08:00:00+00:00;0.00033743;0.0;0;0;0;0.282;0.002;0.002;0.708591;0.28747271;0.0001;0.143;0.0001
2017-04-15 09:00:00+00:00;6.442e-05;0.0;0;0;0;0.384;0.002;0.002;0.71234076;0.30270978;0.0001;0.199;0.0001
2017-04-15 10:00:00+00:00;2.039e-05;0.0;0;0;0;0.466;0.003;0.003;0.71212931;0.28747271;0.0001;0.257;0.0001
2017-04-15 11:00:00+00:00;2.098e-05;0.0;0;0;0;0.514;0.006;0.006;0.70929584;0.29695355;0.0001;0.296;0.0001
2017-04-15 12:00:00+00:00;2.219e-05;0.0;0;0;0;0.538;0.011;0.011;0.70914078;0.29458334;0.0001;0.334;0.0001
2017-04-15 13:00:00+00:00;2.093e-05;0.0;0;0;0;0.515;0.015;0.015;0.70261395;0.29322894;0.0001;0.321;0.0001
2017-04-15 14:00:00+00:00;2.091e-05;0.0;0;0;0;0.449;0.018;0.018;0.72764991;0.29052012;0.0001;0.267;0.0001
2017-04-15 15:00:00+00:00;2.297e-05;0.0;0;0;0;0.335;0.016;0.016;0.72542261;0.50959532;0.0001;0.171;0.0001
2017-04-15 16:00:00+00:00;2.469e-05;0.0;0;0;0;0.199;0.012;0.012;0.72277241;0.50959532;0.0001;0.084;0.0001
2017-04-15 17:00:00+00:00;5.142e-05;0.0;0;0;0;0.055;0.013;0.013;0.71294692;0.74864801;0.0001;0.018;0.0001
2017-04-15 18:00:00+00:00;0.00036546;0.0;0;0;0;0.0;0.026;0.026;0.81497974;0.88713604;0.0001;0.0;0.0001
2017-04-15 19:00:00+00:00;0.00037691;0.0;0;0;0;0.0;0.061;0.061;0.88544977;0.88375002;0.0001;0.0;0.0001
2017-04-15 20:00:00+00:00;5.35e-05;0.0;0;0;0;0.0;0.113;0.113;0.78660283;0.87494638;0.0001;0.0;0.0001
2017-04-15 21:00:00+00:00;1.875e-05;0.0;0;0;0;0.0;0.146;0.146;0.72292747;0.87460778;0.0001;0.0;0.0001
2017-04-15 22:00:00+00:00;1.227e-05;0.0;0;0;0;0.0;0.156;0.156;0.7223636;0.36331945;0.0001;0.0;0.0001
2017-04-15 23:00:00+00:00;1.26e-06;0.0;0;0;0;0.0;0.151;0.151;0.68110219;0.24040709;0.0001;0.0;0.0001
2017-04-16 00:00:00+00:00;1.8e-06;0.0;0;0;0;0.0;0.146;0.146;0.65647504;0.2407457;0.0001;0.0;0.0001
2017-04-16 01:00:00+00:00;3.85e-06;0.0;0;0;0;0.0;0.139;0.139;0.6766476;0.23972989;0.0001;0.0;0.0001
2017-04-16 02:00:00+00:00;5.34e-06;0.0;0;0;0;0.0;0.137;0.137;0.664186;0.23634388;0.0001;0.0;0.0001
2017-04-16 03:00:00+00:00;6.83e-06;0.0;0;0;0;0.0;0.15;0.15;0.67013486;0.23939129;0.0001;0.0;0.0001
2017-04-16 04:00:00+00:00;9.09e-06;0.0;0;0;0;0.0;0.157;0.157;0.67312339;0.25022654;0.0001;0.0;0.0001
2017-04-16 05:00:00+00:00;5.076e-05;0.0;0;0;0;0.0;0.157;0.157;0.68056651;0.25530556;0.0001;0.0;0.0001
2017-04-16 06:00:00+00:00;0.00032265;0.0;0;0;0;0.002;0.119;0.119;0.67480091;0.25903018;0.0001;0.0;0.0001
2017-04-16 07:00:00+00:00;0.00042397;0.0;0;0;0;0.061;0.035;0.035;0.68483785;0.28848851;0.0001;0.006;0.0001
2017-04-16 08:00:00+00:00;0.00034106;0.0;0;0;0;0.163;0.04;0.04;0.69146336;0.30067817;0.0001;0.022;0.0001
2017-04-16 09:00:00+00:00;6.611e-05;0.0;0;0;0;0.273;0.077;0.077;0.68386517;0.30101677;0.0001;0.053;0.0001
2017-04-16 10:00:00+00:00;2.049e-05;0.0;0;0;0;0.366;0.079;0.079;0.70018929;0.30372558;0.0001;0.093;0.0001
2017-04-16 11:00:00+00:00;2.164e-05;0.0;0;0;0;0.42;0.073;0.073;0.69638315;0.28950432;0.0001;0.124;0.0001
2017-04-16 12:00:00+00:00;2.228e-05;0.0;0;0;0;0.454;0.069;0.069;0.69853997;0.29255173;0.0001;0.158;0.0001
2017-04-16 13:00:00+00:00;2.072e-05;0.0;0;0;0;0.433;0.059;0.059;0.69853997;0.29322894;0.0001;0.153;0.0001
2017-04-16 14:00:00+00:00;2.084e-05;0.0;0;0;0;0.376;0.053;0.053;0.6939444;0.29458334;0.0001;0.127;0.0001
2017-04-16 15:00:00+00:00;2.105e-05;0.0;0;0;0;0.279;0.048;0.048;0.6970457;0.29119733;0.0001;0.081;0.0001
2017-04-16 16:00:00+00:00;2.464e-05;0.0;0;0;0;0.159;0.044;0.044;0.69214001;0.5055321;0.0001;0.036;0.0001
2017-04-16 17:00:00+00:00;4.95e-05;0.0;0;0;0;0.039;0.068;0.068;0.67313749;0.7472936;0.0001;0.007;0.0001
2017-04-16 18:00:00+00:00;0.00035473;0.0;0;0;0;0.0;0.146;0.146;0.88007888;0.88341142;0.0001;0.0;0.0001
2017-04-16 19:00:00+00:00;0.00037821;0.0;0;0;0;0.0;0.217;0.217;0.82393122;0.88307282;0.0001;0.0;0.0001
2017-04-16 20:00:00+00:00;5.531e-05;0.0;0;0;0;0.0;0.239;0.239;0.77315446;0.88408863;0.0001;0.0;0.0001
2017-04-16 21:00:00+00:00;1.893e-05;0.0;0;0;0;0.0;0.202;0.202;0.7276781;0.88137981;0.0001;0.0;0.0001
2017-04-16 22:00:00+00:00;1.207e-05;0.0;0;0;0;0.0;0.141;0.141;0.71510374;0.35485442;0.0001;0.0;0.0001
2017-04-16 23:00:00+00:00;1.21e-06;0.0;0;0;0;0.0;0.099;0.099;0.70694167;0.2414229;0.0001;0.0;0.0001
2017-04-17 00:00:00+00:00;1.81e-06;0.0;0;0;0;0.0;0.069;0.069;0.65870234;0.23735968;0.0001;0.0;0.0001
2017-04-17 01:00:00+00:00;3.75e-06;0.0;0;0;0;0.0;0.053;0.053;0.64815791;0.23702108;0.0001;0.0;0.0001
2017-04-17 02:00:00+00:00;5.37e-06;0.0;0;0;0;0.0;0.038;0.038;0.61394492;0.23871409;0.0001;0.0;0.0001
2017-04-17 03:00:00+00:00;6.81e-06;0.0;0;0;0;0.0;0.027;0.027;0.61608764;0.23871409;0.0001;0.0;0.0001
2017-04-17 04:00:00+00:00;9.29e-06;0.0;0;0;0;0.0;0.03;0.03;0.61469205;0.25293535;0.0001;0.0;0.0001
2017-04-17 05:00:00+00:00;5.146e-05;0.0;0;0;0;0.0;0.056;0.056;0.6246726;0.25259675;0.0001;0.0;0.0001
2017-04-17 06:00:00+00:00;0.00032845;0.0;0;0;0;0.01;0.106;0.106;0.61872374;0.25056514;0.0001;0.006;0.0001
2017-04-17 07:00:00+00:00;0.00042624;0.0;0;0;0;0.182;0.058;0.058;0.65725037;0.25022654;0.0001;0.136;0.0001
2017-04-17 08:00:00+00:00;0.00033777;0.0;0;0;0;0.392;0.023;0.023;0.67519562;0.25395116;0.0001;0.375;0.0001
2017-04-17 09:00:00+00:00;6.224e-05;0.0;0;0;0;0.546;0.034;0.034;0.67501236;0.2851025;0.0001;0.574;0.0001
2017-04-17 10:00:00+00:00;2.101e-05;0.0;0;0;0;0.64;0.028;0.028;0.67419475;0.2847639;0.0001;0.697;0.0001
2017-04-17 11:00:00+00:00;2.195e-05;0.0;0;0;0;0.671;0.019;0.019;0.67329255;0.30169397;0.0001;0.718;0.0001
2017-04-17 12:00:00+00:00;2.143e-05;0.0;0;0;0;0.661;0.015;0.015;0.63697913;0.29830796;0.0001;0.682;0.0001
2017-04-17 13:00:00+00:00;2.02e-05;0.0;0;0;0;0.617;0.016;0.016;0.60534586;0.29932376;0.0001;0.608;0.0001
2017-04-17 14:00:00+00:00;2.043e-05;0.0;0;0;0;0.536;0.022;0.022;0.70718132;0.2864569;0.0001;0.498;0.0001
2017-04-17 15:00:00+00:00;2.235e-05;0.0;0;0;0;0.407;0.029;0.029;0.69979458;0.28442529;0.0001;0.339;0.0001
2017-04-17 16:00:00+00:00;2.421e-05;0.0;0;0;0;0.241;0.037;0.037;0.68510569;0.5051935;0.0001;0.164;0.0001
2017-04-17 17:00:00+00:00;4.786e-05;0.0;0;0;0;0.055;0.065;0.065;0.65311999;0.74018297;0.0001;0.022;0.0001
2017-04-17 18:00:00+00:00;0.00036284;0.0;0;0;0;0.0;0.133;0.133;0.77168839;0.88578163;0.0001;0.0;0.0001
2017-04-17 19:00:00+00:00;0.0003777;0.0;0;0;0;0.0;0.188;0.188;0.81609339;0.88205702;0.0001;0.0;0.0001
2017-04-17 20:00:00+00:00;5.522e-05;0.0;0;0;0;0.0;0.162;0.162;0.78777287;0.87562359;0.0001;0.0;0.0001
2017-04-17 21:00:00+00:00;1.875e-05;0.0;0;0;0;0.0;0.117;0.117;0.71263679;0.8773166;0.0001;0.0;0.0001
2017-04-17 22:00:00+00:00;1.19e-05;0.0;0;0;0;0.0;0.102;0.102;0.67880441;0.37246169;0.0001;0.0;0.0001
2017-04-17 23:00:00+00:00;1.4e-06;0.0;0;0;0;0.0;0.112;0.112;0.67848018;0.2424387;0.0001;0.0;0.0001
2017-04-18 00:00:00+00:00;1.74e-06;0.0;0;0;0;0.0;0.138;0.138;0.64411212;0.24413171;0.0001;0.0;0.0001
2017-04-18 01:00:00+00:00;4e-06;0.0;0;0;0;0.0;0.151;0.151;0.65282396;0.2414229;0.0001;0.0;0.0001
2017-04-18 02:00:00+00:00;5.31e-06;0.0;0;0;0;0.0;0.116;0.116;0.64969447;0.24006849;0.0001;0.0;0.0001
2017-04-18 03:00:00+00:00;7.15e-06;0.0;0;0;0;0.0;0.059;0.059;0.64085576;0.25056514;0.0001;0.0;0.0001
2017-04-18 04:00:00+00:00;8.93e-06;0.0;0;0;0;0.0;0.034;0.034;0.6358091;0.25022654;0.0001;0.0;0.0001
2017-04-18 05:00:00+00:00;5.056e-05;0.0;0;0;0;0.0;0.022;0.022;0.64459142;0.25090374;0.0001;0.0;0.0001
2017-04-18 06:00:00+00:00;0.00032577;0.0;0;0;0;0.004;0.016;0.016;0.59261642;0.24853353;0.0001;0.001;0.0001
2017-04-18 07:00:00+00:00;0.00042416;0.0;0;0;0;0.087;0.014;0.014;0.55685278;0.25327395;0.0001;0.015;0.0001
2017-04-18 08:00:00+00:00;0.00033897;0.0;0;0;0;0.217;0.029;0.029;0.56842627;0.25428976;0.0001;0.057;0.0001
2017-04-18 09:00:00+00:00;6.322e-05;0.0;0;0;0;0.34;0.063;0.063;0.55998227;0.25090374;0.0001;0.12;0.0001
2017-04-18 10:00:00+00:00;2.154e-05;0.0;0;0;0;0.414;0.053;0.053;0.55590829;0.2851025;0.0001;0.158;0.0001
2017-04-18 11:00:00+00:00;2.138e-05;0.0;0;0;0;0.467;0.033;0.033;0.56521219;0.2847639;0.0001;0.194;0.0001
2017-04-18 12:00:00+00:00;2.178e-05;0.0;0;0;0;0.463;0.025;0.025;0.54286873;0.30000097;0.0001;0.179;0.0001
2017-04-18 13:00:00+00:00;2.087e-05;0.0;0;0;0;0.396;0.02;0.02;0.59604195;0.2857797;0.0001;0.113;0.0001
2017-04-18 14:00:00+00:00;1.985e-05;0.0;0;0;0;0.283;0.017;0.017;0.63083292;0.2857797;0.0001;0.049;0.0001
2017-04-18 15:00:00+00:00;2.193e-05;0.0;0;0;0;0.19;0.016;0.016;0.66470759;0.28781131;0.0001;0.024;0.0001
2017-04-18 16:00:00+00:00;2.417e-05;0.0;0;0;0;0.089;0.018;0.018;0.64411212;0.51399714;0.0001;0.007;0.0001
2017-04-18 17:00:00+00:00;5.036e-05;0.0;0;0;0;0.015;0.036;0.036;0.64367512;0.75304983;0.0001;0.001;0.0001
2017-04-18 18:00:00+00:00;0.00035989;0.0;0;0;0;0.0;0.089;0.089;0.74418548;0.86207953;0.0001;0.0;0.0001
2017-04-18 19:00:00+00:00;0.00037835;0.0;0;0;0;0.0;0.158;0.158;0.77388749;0.87968681;0.0001;0.0;0.0001
2017-04-18 20:00:00+00:00;5.435e-05;0.0;0;0;0;0.0;0.166;0.166;0.76290607;0.88002541;0.0001;0.0;0.0001
2017-04-18 21:00:00+00:00;1.878e-05;0.0;0;0;0;0.0;0.163;0.163;0.7099161;0.8776552;0.0001;0.0;0.0001
2017-04-18 22:00:00+00:00;1.194e-05;0.0;0;0;0;0.0;0.172;0.172;0.68074977;0.36365806;0.0001;0.0;0.0001
2017-04-18 23:00:00+00:00;1.11e-06;0.0;0;0;0;0.0;0.148;0.148;0.66274813;0.24887213;0.0001;0.0;0.0001
2017-04-19 00:00:00+00:00;1.7e-06;0.0;0;0;0;0.0;0.119;0.119;0.65455787;0.24379311;0.0001;0.0;0.0001
2017-04-19 01:00:00+00:00;3.9e-06;0.0;0;0;0;0.0;0.107;0.107;0.62027439;0.23972989;0.0001;0.0;0.0001
2017-04-19 02:00:00+00:00;5.33e-06;0.0;0;0;0;0.0;0.113;0.113;0.62870429;0.24006849;0.0001;0.0;0.0001
2017-04-19 03:00:00+00:00;6.74e-06;0.0;0;0;0;0.0;0.122;0.122;0.6158057;0.23905269;0.0001;0.0;0.0001
2017-04-19 04:00:00+00:00;9.11e-06;0.0;0;0;0;0.0;0.122;0.122;0.60355556;0.25632137;0.0001;0.0;0.0001
2017-04-19 05:00:00+00:00;5.224e-05;0.0;0;0;0;0.0;0.12;0.12;0.61349382;0.24277731;0.0001;0.0;0.0001
2017-04-19 06:00:00+00:00;0.00032342;0.0;0;0;0;0.005;0.102;0.102;0.58661118;0.24988794;0.0001;0.002;0.0001
2017-04-19 07:00:00+00:00;0.00042761;0.0;0;0;0;0.124;0.049;0.049;0.61510086;0.25598277;0.0001;0.051;0.0001
2017-04-19 08:00:00+00:00;0.00033668;0.0;0;0;0;0.303;0.026;0.026;0.61510086;0.25462836;0.0001;0.195;0.0001
2017-04-19 09:00:00+00:00;6.406e-05;0.0;0;0;0;0.471;0.058;0.058;0.66233932;0.25395116;0.0001;0.401;0.0001
2017-04-19 10:00:00+00:00;2.149e-05;0.0;0;0;0;0.594;0.083;0.083;0.6601966;0.25903018;0.0001;0.584;0.0001
2017-04-19 11:00:00+00:00;2.124e-05;0.0;0;0;0;0.661;0.089;0.089;0.66575075;0.24040709;0.0001;0.693;0.0001
2017-04-19 12:00:00+00:00;2.055e-05;0.0;0;0;0;0.655;0.064;0.064;0.66112699;0.27866907;0.0001;0.666;0.0001
2017-04-19 13:00:00+00:00;2.116e-05;0.0;0;0;0;0.591;0.035;0.035;0.67709869;0.27629886;0.0001;0.54;0.0001
2017-04-19 14:00:00+00:00;2.126e-05;0.0;0;0;0;0.475;0.023;0.023;0.67329255;0.29322894;0.0001;0.355;0.0001
2017-04-19 15:00:00+00:00;2.237e-05;0.0;0;0;0;0.365;0.011;0.011;0.68840435;0.27629886;0.0001;0.246;0.0001
2017-04-19 16:00:00+00:00;2.426e-05;0.0;0;0;0;0.208;0.001;0.001;0.65111825;0.49164944;0.0001;0.108;0.0001
2017-04-19 17:00:00+00:00;4.915e-05;0.0;0;0;0;0.047;0.009;0.009;0.65873053;0.75812885;0.0001;0.015;0.0001
2017-04-19 18:00:00+00:00;0.0003631;0.0;0;0;0;0.0;0.043;0.043;0.85697418;0.87630079;0.0001;0.0;0.0001
2017-04-19 19:00:00+00:00;0.00037476;0.0;0;0;0;0.0;0.062;0.062;0.87683661;0.88375002;0.0001;0.0;0.0001
2017-04-19 20:00:00+00:00;5.399e-05;0.0;0;0;0;0.0;0.095;0.095;0.81447225;0.8793482;0.0001;0.0;0.0001
2017-04-19 21:00:00+00:00;1.874e-05;0.0;0;0;0;0.0;0.119;0.119;0.69025103;0.87426918;0.0001;0.0;0.0001
2017-04-19 22:00:00+00:00;1.212e-05;0.0;0;0;0;0.0;0.141;0.141;0.66317103;0.35383861;0.0001;0.0;0.0001
2017-04-19 23:00:00+00:00;1.06e-06;0.0;0;0;0;0.0;0.125;0.125;0.63672539;0.2424387;0.0001;0.0;0.0001
2017-04-20 00:00:00+00:00;1.33e-06;0.0;0;0;0;0.0;0.115;0.115;0.60059523;0.23702108;0.0001;0.0;0.0001
2017-04-20 01:00:00+00:00;2.9e-06;0.0;0;0;0;0.0;0.125;0.125;0.56798927;0.24006849;0.0001;0.0;0.0001
2017-04-20 02:00:00+00:00;4.13e-06;0.0;0;0;0;0.0;0.139;0.139;0.60655818;0.2421001;0.0001;0.0;0.0001
2017-04-20 03:00:00+00:00;5.49e-06;0.0;0;0;0;0.0;0.132;0.132;0.60297759;0.23803688;0.0001;0.0;0.0001
2017-04-20 04:00:00+00:00;7.5e-06;0.0;0;0;0;0.0;0.129;0.129;0.60810883;0.23972989;0.0001;0.0;0.0001
2017-04-20 05:00:00+00:00;4.72e-05;0.0;0;0;0;0.0;0.132;0.132;0.55390654;0.2417615;0.0001;0.0;0.0001
2017-04-20 06:00:00+00:00;0.00032313;0.0;0;0;0;0.005;0.128;0.128;0.56106773;0.23939129;0.0001;0.002;0.0001
2017-04-20 07:00:00+00:00;0.00042838;0.0;0;0;0;0.108;0.062;0.062;0.60059523;0.25462836;0.0001;0.035;0.0001
2017-04-20 08:00:00+00:00;0.00033536;0.0;0;0;0;0.274;0.013;0.013;0.65670059;0.25361255;0.0001;0.145;0.0001
2017-04-20 09:00:00+00:00;6.152e-05;0.0;0;0;0;0.442;0.005;0.005;0.65162573;0.25361255;0.0001;0.332;0.0001
2017-04-20 10:00:00+00:00;1.904e-05;0.0;0;0;0;0.566;0.002;0.002;0.66095783;0.25361255;0.0001;0.508;0.0001
2017-04-20 11:00:00+00:00;1.914e-05;0.0;0;0;0;0.638;0.002;0.002;0.64762223;0.25225815;0.0001;0.626;0.0001
2017-04-20 12:00:00+00:00;1.761e-05;0.0;0;0;0;0.646;0.002;0.002;0.6326514;0.28679551;0.0001;0.636;0.0001
2017-04-20 13:00:00+00:00;1.819e-05;0.0;0;0;0;0.602;0.001;0.001;0.63775446;0.2861183;0.0001;0.56;0.0001
2017-04-20 14:00:00+00:00;1.893e-05;0.0;0;0;0;0.478;0.001;0.001;0.64195531;0.49876007;0.0001;0.359;0.0001
2017-04-20 15:00:00+00:00;1.975e-05;0.0;0;0;0;0.347;0.002;0.002;0.66087325;0.48860202;0.0001;0.212;0.0001
2017-04-20 16:00:00+00:00;2.153e-05;0.0;0;0;0;0.212;0.002;0.002;0.68368191;0.48690902;0.0001;0.113;0.0001
2017-04-20 17:00:00+00:00;4.645e-05;0.0;0;0;0;0.047;0.001;0.001;0.68407662;0.74966381;0.0001;0.015;0.0001
2017-04-20 18:00:00+00:00;0.00035672;0.0;0;0;0;0.0;0.0;0.0;0.87875377;0.88476583;0.0001;0.0;0.0001
2017-04-20 19:00:00+00:00;0.00037509;0.0;0;0;0;0.0;0.0;0.0;0.86419176;0.88375002;0.0001;0.0;0.0001
2017-04-20 20:00:00+00:00;5.472e-05;0.0;0;0;0;0.0;0.0;0.0;0.78802661;0.87460778;0.0001;0.0;0.0001
2017-04-20 21:00:00+00:00;1.751e-05;0.0;0;0;0;0.0;0.0;0.0;0.68878496;0.86207953;0.0001;0.0;0.0001
2017-04-20 22:00:00+00:00;1.094e-05;0.0;0;0;0;0.0;0.0;0.0;0.64793236;0.34740518;0.0001;0.0;0.0001
2017-04-20 23:00:00+00:00;6.2e-07;0.0;0;0;0;0.0;0.005;0.005;0.59659173;0.22889464;0.0001;0.0;0.0001
2017-04-21 00:00:00+00:00;1.32e-06;0.0;0;0;0;0.0;0.026;0.026;0.57323329;0.22347702;0.0001;0.0;0.0001
2017-04-21 01:00:00+00:00;2.93e-06;0.0;0;0;0;0.0;0.041;0.041;0.55502019;0.22550863;0.0001;0.0;0.0001
2017-04-21 02:00:00+00:00;4.15e-06;0.0;0;0;0;0.0;0.048;0.048;0.48852547;0.22754024;0.0001;0.0;0.0001
2017-04-21 03:00:00+00:00;5.47e-06;0.0;0;0;0;0.0;0.047;0.047;0.47003043;0.24006849;0.0001;0.0;0.0001
2017-04-21 04:00:00+00:00;7.48e-06;0.0;0;0;0;0.0;0.05;0.05;0.48621359;0.23905269;0.0001;0.0;0.0001
2017-04-21 05:00:00+00:00;4.924e-05;0.0;0;0;0;0.0;0.064;0.064;0.53682119;0.23600527;0.0001;0.0;0.0001
2017-04-21 06:00:00+00:00;0.00031684;0.0;0;0;0;0.002;0.081;0.081;0.53865378;0.23905269;0.0001;0.001;0.0001
2017-04-21 07:00:00+00:00;0.00042367;0.0;0;0;0;0.069;0.036;0.036;0.57259893;0.25361255;0.0001;0.008;0.0001
2017-04-21 08:00:00+00:00;0.00033922;0.0;0;0;0;0.156;0.03;0.03;0.61708851;0.25428976;0.0001;0.019;0.0001
2017-04-21 09:00:00+00:00;6.191e-05;0.0;0;0;0;0.23;0.033;0.033;0.6127185;0.23397366;0.0001;0.03;0.0001
2017-04-21 10:00:00+00:00;1.811e-05;0.0;0;0;0;0.288;0.027;0.027;0.62907081;0.24006849;0.0001;0.039;0.0001
2017-04-21 11:00:00+00:00;1.971e-05;0.0;0;0;0;0.316;0.027;0.027;0.62984614;0.23295786;0.0001;0.043;0.0001
2017-04-21 12:00:00+00:00;1.851e-05;0.0;0;0;0;0.316;0.034;0.034;0.56942715;0.45135585;0.0001;0.041;0.0001
2017-04-21 13:00:00+00:00;1.791e-05;0.0;0;0;0;0.293;0.042;0.042;0.58683672;0.45846649;0.0001;0.037;0.0001
2017-04-21 14:00:00+00:00;1.853e-05;0.0;0;0;0;0.261;0.039;0.039;0.62505322;0.47370356;0.0001;0.034;0.0001
2017-04-21 15:00:00+00:00;2.074e-05;0.0;0;0;0;0.2;0.028;0.028;0.64409803;0.47065614;0.0001;0.026;0.0001
2017-04-21 16:00:00+00:00;2.25e-05;0.0;0;0;0;0.116;0.028;0.028;0.64459142;0.47302635;0.0001;0.014;0.0001
2017-04-21 17:00:00+00:00;4.755e-05;0.0;0;0;0;0.027;0.034;0.034;0.64299848;0.75812885;0.0001;0.003;0.0001
2017-04-21 18:00:00+00:00;0.00036321;0.0;0;0;0;0.0;0.03;0.03;0.86306401;0.8790096;0.0001;0.0;0.0001
2017-04-21 19:00:00+00:00;0.0003727;0.0;0;0;0;0.0;0.038;0.038;0.84421655;0.87122177;0.0001;0.0;0.0001
2017-04-21 20:00:00+00:00;5.203e-05;0.0;0;0;0;0.0;0.084;0.084;0.7689677;0.87325338;0.0001;0.0;0.0001
2017-04-21 21:00:00+00:00;1.74e-05;0.0;0;0;0;0.0;0.145;0.145;0.63790952;0.86038652;0.0001;0.0;0.0001
2017-04-21 22:00:00+00:00;1.103e-05;0.0;0;0;0;0.0;0.15;0.15;0.62044356;0.32370307;0.0001;0.0;0.0001
2017-04-21 23:00:00+00:00;6.7e-07;0.0;0;0;0;0.0;0.132;0.132;0.56008095;0.20654694;0.0001;0.0;0.0001
2017-04-22 00:00:00+00:00;1.85e-06;0.0;0;0;0;0.0;0.127;0.127;0.5536528;0.20553114;0.0001;0.0;0.0001
2017-04-22 01:00:00+00:00;3.59e-06;0.0;0;0;0;0.0;0.124;0.124;0.51904509;0.20790135;0.0001;0.0;0.0001
2017-04-22 02:00:00+00:00;5.09e-06;0.0;0;0;0;0.0;0.125;0.125;0.50070512;0.21128736;0.0001;0.0;0.0001
2017-04-22 03:00:00+00:00;6.8e-06;0.0;0;0;0;0.0;0.137;0.137;0.53085823;0.22144541;0.0001;0.0;0.0001
2017-04-22 04:00:00+00:00;9.26e-06;0.0;0;0;0;0.0;0.169;0.169;0.51979222;0.22144541;0.0001;0.0;0.0001
2017-04-22 05:00:00+00:00;5.014e-05;0.0;0;0;0;0.0;0.204;0.204;0.53345205;0.22584723;0.0001;0.0;0.0001
2017-04-22 06:00:00+00:00;0.0003265;0.0;0;0;0;0.005;0.222;0.222;0.53914717;0.22618583;0.0001;0.002;0.0001
2017-04-22 07:00:00+00:00;0.00042384;0.0;0;0;0;0.134;0.125;0.125;0.54158592;0.25598277;0.0001;0.066;0.0001
2017-04-22 08:00:00+00:00;0.00033653;0.0;0;0;0;0.332;0.077;0.077;0.54987485;0.25395116;0.0001;0.251;0.0001
2017-04-22 09:00:00+00:00;6.077e-05;0.0;0;0;0;0.489;0.153;0.153;0.61858277;0.25428976;0.0001;0.437;0.0001
2017-04-22 10:00:00+00:00;1.915e-05;0.0;0;0;0;0.583;0.161;0.161;0.64119408;0.25428976;0.0001;0.549;0.0001
2017-04-22 11:00:00+00:00;2.075e-05;0.0;0;0;0;0.574;0.149;0.149;0.63655623;0.24650192;0.0001;0.466;0.0001
2017-04-22 12:00:00+00:00;2.119e-05;0.0;0;0;0;0.532;0.128;0.128;0.61261982;0.27528305;0.0001;0.359;0.0001
2017-04-22 13:00:00+00:00;2.081e-05;0.0;0;0;0;0.48;0.1;0.1;0.61732816;0.48047559;0.0001;0.285;0.0001
2017-04-22 14:00:00+00:00;2.129e-05;0.0;0;0;0;0.446;0.066;0.066;0.62757655;0.49334245;0.0001;0.292;0.0001
2017-04-22 15:00:00+00:00;2.253e-05;0.0;0;0;0;0.389;0.037;0.037;0.62708316;0.4831844;0.0001;0.297;0.0001
2017-04-22 16:00:00+00:00;2.463e-05;0.0;0;0;0;0.253;0.02;0.02;0.60510621;0.49131084;0.0001;0.188;0.0001
2017-04-22 17:00:00+00:00;4.987e-05;0.0;0;0;0;0.069;0.025;0.025;0.63840291;0.75237263;0.0001;0.04;0.0001
2017-04-22 18:00:00+00:00;0.00036281;0.0;0;0;0;0.0;0.068;0.068;0.77815883;0.8793482;0.0001;0.0;0.0001
2017-04-22 19:00:00+00:00;0.00037331;0.0;0;0;0;0.0;0.181;0.181;0.78073855;0.87460778;0.0001;0.0;0.0001
2017-04-22 20:00:00+00:00;5.655e-05;0.0;0;0;0;0.0;0.234;0.234;0.76485143;0.87426918;0.0001;0.0;0.0001
2017-04-22 21:00:00+00:00;1.898e-05;0.0;0;0;0;0.0;0.172;0.172;0.66548291;0.87426918;0.0001;0.0;0.0001
2017-04-22 22:00:00+00:00;1.222e-05;0.0;0;0;0;0.0;0.102;0.102;0.62768932;0.59153689;0.0001;0.0;0.0001
2017-04-22 23:00:00+00:00;1.32e-06;0.0;0;0;0;0.0;0.103;0.103;0.57175312;0.23363506;0.0001;0.0;0.0001
2017-04-23 00:00:00+00:00;1.62e-06;0.0;0;0;0;0.0;0.141;0.141;0.55864307;0.22110681;0.0001;0.0;0.0001
2017-04-23 01:00:00+00:00;3.72e-06;0.0;0;0;0;0.0;0.162;0.162;0.53951368;0.22246121;0.0001;0.0;0.0001
2017-04-23 02:00:00+00:00;5.4e-06;0.0;0;0;0;0.0;0.146;0.146;0.51475966;0.22279981;0.0001;0.0;0.0001
2017-04-23 03:00:00+00:00;6.85e-06;0.0;0;0;0;0.0;0.126;0.126;0.47781188;0.23972989;0.0001;0.0;0.0001
2017-04-23 04:00:00+00:00;8.97e-06;0.0;0;0;0;0.0;0.113;0.113;0.49977473;0.24040709;0.0001;0.0;0.0001
2017-04-23 05:00:00+00:00;4.941e-05;0.0;0;0;0;0.0;0.124;0.124;0.53386086;0.23871409;0.0001;0.0;0.0001
2017-04-23 06:00:00+00:00;0.00032071;0.0;0;0;0;0.002;0.17;0.17;0.54371454;0.25259675;0.0001;0.001;0.0001
2017-04-23 07:00:00+00:00;0.00042922;0.0;0;0;0;0.094;0.089;0.089;0.57774427;0.25903018;0.0001;0.02;0.0001
2017-04-23 08:00:00+00:00;0.0003365;0.0;0;0;0;0.235;0.102;0.102;0.59454769;0.25327395;0.0001;0.076;0.0001
2017-04-23 09:00:00+00:00;6.336e-05;0.0;0;0;0;0.335;0.251;0.251;0.62188143;0.25225815;0.0001;0.117;0.0001
2017-04-23 10:00:00+00:00;2.047e-05;0.0;0;0;0;0.4;0.29;0.29;0.60799606;0.47065614;0.0001;0.14;0.0001
2017-04-23 11:00:00+00:00;2.035e-05;0.0;0;0;0;0.421;0.257;0.257;0.57314871;0.46997894;0.0001;0.135;0.0001
2017-04-23 12:00:00+00:00;2.098e-05;0.0;0;0;0;0.41;0.195;0.195;0.50477911;0.43611879;0.0001;0.116;0.0001
2017-04-23 13:00:00+00:00;2.093e-05;0.0;0;0;0;0.37;0.129;0.129;0.52953313;0.47268775;0.0001;0.089;0.0001
2017-04-23 14:00:00+00:00;2.089e-05;0.0;0;0;0;0.27;0.08;0.08;0.62988843;0.47302635;0.0001;0.042;0.0001
2017-04-23 15:00:00+00:00;2.164e-05;0.0;0;0;0;0.183;0.051;0.051;0.60163839;0.48826342;0.0001;0.022;0.0001
2017-04-23 16:00:00+00:00;2.521e-05;0.0;0;0;0;0.092;0.047;0.047;0.62329111;0.48182999;0.0001;0.008;0.0001
2017-04-23 17:00:00+00:00;4.936e-05;0.0;0;0;0;0.015;0.075;0.075;0.6806229;0.75440424;0.0001;0.001;0.0001
2017-04-23 18:00:00+00:00;0.0003661;0.0;0;0;0;0.0;0.133;0.133;0.83386949;0.88476583;0.0001;0.0;0.0001
2017-04-23 19:00:00+00:00;0.00037665;0.0;0;0;0;0.0;0.196;0.196;0.81530397;0.8793482;0.0001;0.0;0.0001
2017-04-23 20:00:00+00:00;5.304e-05;0.0;0;0;0;0.0;0.203;0.203;0.74507358;0.88544303;0.0001;0.0;0.0001
2017-04-23 21:00:00+00:00;1.876e-05;0.0;0;0;0;0.0;0.205;0.205;0.64343548;0.8773166;0.0001;0.0;0.0001
2017-04-23 22:00:00+00:00;1.213e-05;0.0;0;0;0;0.0;0.232;0.232;0.55754352;0.35722463;0.0001;0.0;0.0001
2017-04-23 23:00:00+00:00;1.1e-06;0.0;0;0;0;0.0;0.234;0.234;0.51977813;0.23668248;0.0001;0.0;0.0001
2017-04-24 00:00:00+00:00;1.85e-06;0.0;0;0;0;0.0;0.221;0.221;0.51361782;0.23498947;0.0001;0.0;0.0001
2017-04-24 01:00:00+00:00;3.95e-06;0.0;0;0;0;0.0;0.179;0.179;0.4639829;0.22991045;0.0001;0.0;0.0001
2017-04-24 02:00:00+00:00;5.48e-06;0.0;0;0;0;0.0;0.098;0.098;0.43415401;0.23228066;0.0001;0.0;0.0001
2017-04-24 03:00:00+00:00;6.78e-06;0.0;0;0;0;0.0;0.089;0.089;0.3969243;0.25293535;0.0001;0.0;0.0001
2017-04-24 04:00:00+00:00;8.93e-06;0.0;0;0;0;0.0;0.138;0.138;0.47676872;0.25293535;0.0001;0.0;0.0001
2017-04-24 05:00:00+00:00;5.007e-05;0.0;0;0;0;0.0;0.186;0.186;0.49527785;0.25293535;0.0001;0.0;0.0001
2017-04-24 06:00:00+00:00;0.00032138;0.0;0;0;0;0.005;0.229;0.229;0.54536387;0.25327395;0.0001;0.002;0.0001
2017-04-24 07:00:00+00:00;0.0004257;0.0;0;0;0;0.148;0.122;0.122;0.50098706;0.25361255;0.0001;0.088;0.0001
2017-04-24 08:00:00+00:00;0.00033628;0.0;0;0;0;0.349;0.128;0.128;0.55817788;0.25259675;0.0001;0.29;0.0001
2017-04-24 09:00:00+00:00;6.381e-05;0.0;0;0;0;0.495;0.267;0.267;0.54602642;0.25124234;0.0001;0.46;0.0001
2017-04-24 10:00:00+00:00;2.064e-05;0.0;0;0;0;0.601;0.339;0.339;0.55083343;0.25056514;0.0001;0.604;0.0001
2017-04-24 11:00:00+00:00;2.082e-05;0.0;0;0;0;0.638;0.347;0.347;0.52999833;0.25462836;0.0001;0.639;0.0001
2017-04-24 12:00:00+00:00;2.083e-05;0.0;0;0;0;0.631;0.298;0.298;0.57640507;0.2851025;0.0001;0.61;0.0001
2017-04-24 13:00:00+00:00;2.156e-05;0.0;0;0;0;0.599;0.221;0.221;0.57135841;0.27325144;0.0001;0.566;0.0001
2017-04-24 14:00:00+00:00;2.125e-05;0.0;0;0;0;0.506;0.125;0.125;0.57367029;0.2864569;0.0001;0.437;0.0001
2017-04-24 15:00:00+00:00;2.277e-05;0.0;0;0;0;0.405;0.062;0.062;0.555866;0.49909867;0.0001;0.336;0.0001
2017-04-24 16:00:00+00:00;2.435e-05;0.0;0;0;0;0.23;0.037;0.037;0.52891287;0.4828458;0.0001;0.152;0.0001
2017-04-24 17:00:00+00:00;5.019e-05;0.0;0;0;0;0.056;0.043;0.043;0.63919233;0.75237263;0.0001;0.027;0.0001
2017-04-24 18:00:00+00:00;0.00036583;0.0;0;0;0;0.0;0.078;0.078;0.79704858;0.88781324;0.0001;0.0;0.0001
2017-04-24 19:00:00+00:00;0.00037208;0.0;0;0;0;0.0;0.138;0.138;0.7862927;0.82110874;0.0001;0.0;0.0001
2017-04-24 20:00:00+00:00;5.359e-05;0.0;0;0;0;0.0;0.165;0.165;0.73039879;0.88442723;0.0001;0.0;0.0001
2017-04-24 21:00:00+00:00;1.903e-05;0.0;0;0;0;0.0;0.199;0.199;0.65454378;0.88408863;0.0001;0.0;0.0001
2017-04-24 22:00:00+00:00;1.219e-05;0.0;0;0;0;0.0;0.205;0.205;0.61761009;0.36094924;0.0001;0.0;0.0001
2017-04-24 23:00:00+00:00;1.28e-06;0.0;0;0;0;0.0;0.187;0.187;0.57103418;0.23498947;0.0001;0.0;0.0001
2017-04-25 00:00:00+00:00;1.78e-06;0.0;0;0;0;0.0;0.164;0.164;0.590079;0.22212261;0.0001;0.0;0.0001
2017-04-25 01:00:00+00:00;3.83e-06;0.0;0;0;0;0.0;0.166;0.166;0.58304468;0.22449282;0.0001;0.0;0.0001
2017-04-25 02:00:00+00:00;5.19e-06;0.0;0;0;0;0.0;0.153;0.153;0.57639098;0.21839799;0.0001;0.0;0.0001
2017-04-25 03:00:00+00:00;6.91e-06;0.0;0;0;0;0.0;0.128;0.128;0.58060593;0.23431227;0.0001;0.0;0.0001
2017-04-25 04:00:00+00:00;9.05e-06;0.0;0;0;0;0.0;0.1;0.1;0.57486852;0.24887213;0.0001;0.0;0.0001
2017-04-25 05:00:00+00:00;5.098e-05;0.0;0;0;0;0.0;0.09;0.09;0.59021996;0.24582472;0.0001;0.0;0.0001
2017-04-25 06:00:00+00:00;0.00032065;0.0;0;0;0;0.001;0.094;0.094;0.52369705;0.24684052;0.0001;0.0;0.0001
2017-04-25 07:00:00+00:00;0.00042673;0.0;0;0;0;0.06;0.088;0.088;0.50555443;0.25022654;0.0001;0.007;0.0001
2017-04-25 08:00:00+00:00;0.00033646;0.0;0;0;0;0.165;0.119;0.119;0.53121065;0.24582472;0.0001;0.026;0.0001
2017-04-25 09:00:00+00:00;6.567e-05;0.0;0;0;0;0.274;0.465;0.465;0.53937271;0.24650192;0.0001;0.061;0.0001
2017-04-25 10:00:00+00:00;2.198e-05;0.0;0;0;0;0.377;0.708;0.708;0.52813754;0.24988794;0.0001;0.117;0.0001
2017-04-25 11:00:00+00:00;1.955e-05;0.0;0;0;0;0.448;0.776;0.776;0.54117711;0.24819493;0.0001;0.174;0.0001
2017-04-25 12:00:00+00:00;2.061e-05;0.0;0;0;0;0.455;0.748;0.748;0.52716487;0.24988794;0.0001;0.18;0.0001
2017-04-25 13:00:00+00:00;2.007e-05;0.0;0;0;0;0.445;0.672;0.672;0.53028026;0.23363506;0.0001;0.188;0.0001
2017-04-25 14:00:00+00:00;2.027e-05;0.0;0;0;0;0.393;0.55;0.55;0.55840343;0.23634388;0.0001;0.165;0.0001
2017-04-25 15:00:00+00:00;2.236e-05;0.0;0;0;0;0.275;0.439;0.439;0.59778996;0.45643488;0.0001;0.087;0.0001
2017-04-25 16:00:00+00:00;2.468e-05;0.0;0;0;0;0.136;0.361;0.361;0.55251096;0.43307137;0.0001;0.027;0.0001
2017-04-25 17:00:00+00:00;4.907e-05;0.0;0;0;0;0.027;0.286;0.286;0.57398042;0.71377205;0.0001;0.004;0.0001
2017-04-25 18:00:00+00:00;0.00036074;0.0;0;0;0;0.0;0.255;0.255;0.70431966;0.88137981;0.0001;0.0;0.0001
2017-04-25 19:00:00+00:00;0.00037934;0.0;0;0;0;0.0;0.256;0.256;0.72683229;0.90711353;0.0001;0.0;0.0001
2017-04-25 20:00:00+00:00;5.472e-05;0.0;0;0;0;0.0;0.262;0.262;0.71565351;0.90508192;0.0001;0.0;0.0001
2017-04-25 21:00:00+00:00;1.881e-05;0.0;0;0;0;0.0;0.239;0.239;0.66380539;0.8779938;0.0001;0.0;0.0001
2017-04-25 22:00:00+00:00;1.214e-05;0.0;0;0;0;0.0;0.283;0.283;0.61319779;0.59018249;0.0001;0.0;0.0001
2017-04-25 23:00:00+00:00;1.26e-06;0.0;0;0;0;0.0;0.254;0.254;0.59942519;0.22686303;0.0001;0.0;0.0001
2017-04-26 00:00:00+00:00;1.64e-06;0.0;0;0;0;0.0;0.269;0.269;0.56859543;0.21772079;0.0001;0.0;0.0001
2017-04-26 01:00:00+00:00;3.58e-06;0.0;0;0;0;0.0;0.289;0.289;0.53185911;0.21501198;0.0001;0.0;0.0001
2017-04-26 02:00:00+00:00;5.42e-06;0.0;0;0;0;0.0;0.372;0.372;0.50018354;0.21535058;0.0001;0.0;0.0001
2017-04-26 03:00:00+00:00;6.77e-06;0.0;0;0;0;0.0;0.584;0.584;0.49481265;0.21568918;0.0001;0.0;0.0001
2017-04-26 04:00:00+00:00;9.06e-06;0.0;0;0;0;0.0;0.555;0.555;0.51344865;0.21636638;0.0001;0.0;0.0001
2017-04-26 05:00:00+00:00;4.836e-05;0.0;0;0;0;0.0;0.442;0.442;0.56868001;0.23228066;0.0001;0.0;0.0001
2017-04-26 06:00:00+00:00;0.00032283;0.0;0;0;0;0.002;0.428;0.428;0.56047566;0.22246121;0.0001;0.001;0.0001
2017-04-26 07:00:00+00:00;0.00042629;0.0;0;0;0;0.071;0.397;0.397;0.59511156;0.24514752;0.0001;0.011;0.0001
2017-04-26 08:00:00+00:00;0.00034025;0.0;0;0;0;0.181;0.538;0.538;0.62639241;0.24514752;0.0001;0.036;0.0001
2017-04-26 09:00:00+00:00;6.446e-05;0.0;0;0;0;0.297;0.531;0.531;0.64395706;0.24616332;0.0001;0.083;0.0001
2017-04-26 10:00:00+00:00;2.046e-05;0.0;0;0;0;0.415;0.437;0.437;0.646861;0.23972989;0.0001;0.174;0.0001
2017-04-26 11:00:00+00:00;2.186e-05;0.0;0;0;0;0.562;0.366;0.366;0.63468135;0.23837548;0.0001;0.396;0.0001
2017-04-26 12:00:00+00:00;2.151e-05;0.0;0;0;0;0.564;0.332;0.332;0.58983935;0.2190752;0.0001;0.394;0.0001
2017-04-26 13:00:00+00:00;2.113e-05;0.0;0;0;0;0.484;0.331;0.331;0.5620686;0.21738219;0.0001;0.262;0.0001
2017-04-26 14:00:00+00:00;2.084e-05;0.0;0;0;0;0.358;0.322;0.322;0.58618827;0.22246121;0.0001;0.123;0.0001
2017-04-26 15:00:00+00:00;2.275e-05;0.0;0;0;0;0.206;0.244;0.244;0.62285411;0.20316092;0.0001;0.037;0.0001
2017-04-26 16:00:00+00:00;2.462e-05;0.0;0;0;0;0.133;0.154;0.154;0.62038717;0.41918871;0.0001;0.025;0.0001
2017-04-26 17:00:00+00:00;4.906e-05;0.0;0;0;0;0.023;0.147;0.147;0.60547273;0.73205653;0.0001;0.003;0.0001
2017-04-26 18:00:00+00:00;0.00036182;0.0;0;0;0;0.0;0.2;0.2;0.87459521;0.90575912;0.0001;0.0;0.0001
2017-04-26 19:00:00+00:00;0.00037387;0.0;0;0;0;0.0;0.247;0.247;0.82832943;0.89187646;0.0001;0.0;0.0001
2017-04-26 20:00:00+00:00;5.351e-05;0.0;0;0;0;0.0;0.263;0.263;0.80941149;0.88713604;0.0001;0.0;0.0001
2017-04-26 21:00:00+00:00;1.859e-05;0.0;0;0;0;0.0;0.239;0.239;0.69831442;0.87156037;0.0001;0.0;0.0001
2017-04-26 22:00:00+00:00;1.199e-05;0.0;0;0;0;0.0;0.242;0.242;0.64125047;0.33961735;0.0001;0.0;0.0001
2017-04-26 23:00:00+00:00;1.46e-06;0.0;0;0;0;0.0;0.323;0.323;0.54140266;0.21772079;0.0001;0.0;0.0001
2017-04-27 00:00:00+00:00;1.38e-06;0.0;0;0;0;0.0;0.259;0.259;0.52483889;0.19605029;0.0001;0.0;0.0001
2017-04-27 01:00:00+00:00;2.97e-06;0.0;0;0;0;0.0;0.158;0.158;0.50448307;0.19537309;0.0001;0.0;0.0001
2017-04-27 02:00:00+00:00;4.18e-06;0.0;0;0;0;0.0;0.101;0.101;0.4910629;0.18927826;0.0001;0.0;0.0001
2017-04-27 03:00:00+00:00;5.45e-06;0.0;0;0;0;0.0;0.074;0.074;0.48135018;0.19164847;0.0001;0.0;0.0001
2017-04-27 04:00:00+00:00;7.54e-06;0.0;0;0;0;0.0;0.061;0.061;0.51195439;0.20079071;0.0001;0.0;0.0001
2017-04-27 05:00:00+00:00;4.801e-05;0.0;0;0;0;0.0;0.06;0.06;0.55507658;0.20823995;0.0001;0.0;0.0001
2017-04-27 06:00:00+00:00;0.00032363;0.0;0;0;0;0.0;0.076;0.076;0.52111733;0.20586974;0.0001;0.0;0.0001
2017-04-27 07:00:00+00:00;0.00042173;0.0;0;0;0;0.038;0.084;0.084;0.57632049;0.25090374;0.0001;0.002;0.0001
2017-04-27 08:00:00+00:00;0.00033817;0.0;0;0;0;0.107;0.232;0.232;0.58376362;0.24616332;0.0001;0.006;0.0001
2017-04-27 09:00:00+00:00;6.309e-05;0.0;0;0;0;0.182;0.382;0.382;0.56677694;0.24650192;0.0001;0.012;0.0001
2017-04-27 10:00:00+00:00;1.878e-05;0.0;0;0;0;0.211;0.382;0.382;0.57963325;0.28713411;0.0001;0.013;0.0001
2017-04-27 11:00:00+00:00;1.918e-05;0.0;0;0;0;0.217;0.282;0.282;0.57722269;0.28679551;0.0001;0.012;0.0001
2017-04-27 12:00:00+00:00;1.872e-05;0.0;0;0;0;0.187;0.18;0.18;0.53371989;0.26986543;0.0001;0.007;0.0001
2017-04-27 13:00:00+00:00;1.828e-05;0.0;0;0;0;0.123;0.124;0.124;0.58360855;0.25936878;0.0001;0.003;0.0001
2017-04-27 14:00:00+00:00;1.818e-05;0.0;0;0;0;0.086;0.104;0.104;0.61474844;0.26140039;0.0001;0.002;0.0001
2017-04-27 15:00:00+00:00;1.96e-05;0.0;0;0;0;0.06;0.102;0.102;0.619781;0.47031754;0.0001;0.001;0.0001
2017-04-27 16:00:00+00:00;2.232e-05;0.0;0;0;0;0.029;0.096;0.096;0.62931046;0.48792482;0.0001;0.001;0.0001
2017-04-27 17:00:00+00:00;4.677e-05;0.0;0;0;0;0.003;0.109;0.109;0.61517134;0.75271123;0.0001;0.0;0.0001
2017-04-27 18:00:00+00:00;0.00035817;0.0;0;0;0;0.0;0.193;0.193;0.87823219;0.88578163;0.0001;0.0;0.0001
2017-04-27 19:00:00+00:00;0.00037234;0.0;0;0;0;0.0;0.274;0.274;0.8488826;0.878671;0.0001;0.0;0.0001
2017-04-27 20:00:00+00:00;5.245e-05;0.0;0;0;0;0.0;0.258;0.258;0.78296585;0.8773166;0.0001;0.0;0.0001
2017-04-27 21:00:00+00:00;1.748e-05;0.0;0;0;0;0.0;0.184;0.184;0.68423169;0.87697799;0.0001;0.0;0.0001
2017-04-27 22:00:00+00:00;1.106e-05;0.0;0;0;0;0.0;0.156;0.156;0.6109282;0.36399666;0.0001;0.0;0.0001
2017-04-27 23:00:00+00:00;6.4e-07;0.0;0;0;0;0.0;0.146;0.146;0.55524574;0.2197524;0.0001;0.0;0.0001
2017-04-28 00:00:00+00:00;1.32e-06;0.0;0;0;0;0.0;0.156;0.156;0.52677015;0.22855604;0.0001;0.0;0.0001
2017-04-28 01:00:00+00:00;2.92e-06;0.0;0;0;0;0.0;0.186;0.186;0.51392795;0.22144541;0.0001;0.0;0.0001
2017-04-28 02:00:00+00:00;4.13e-06;0.0;0;0;0;0.0;0.188;0.188;0.48815895;0.22313842;0.0001;0.0;0.0001
2017-04-28 03:00:00+00:00;5.45e-06;0.0;0;0;0;0.0;0.24;0.24;0.47590881;0.20891715;0.0001;0.0;0.0001
2017-04-28 04:00:00+00:00;7.47e-06;0.0;0;0;0;0.0;0.242;0.242;0.51395614;0.21027156;0.0001;0.0;0.0001
2017-04-28 05:00:00+00:00;4.964e-05;0.0;0;0;0;0.0;0.258;0.258;0.57207735;0.24006849;0.0001;0.0;0.0001
2017-04-28 06:00:00+00:00;0.00032376;0.0;0;0;0;0.001;0.222;0.222;0.56401396;0.23769828;0.0001;0.0;0.0001
2017-04-28 07:00:00+00:00;0.00042253;0.0;0;0;0;0.069;0.155;0.155;0.59872035;0.25395116;0.0001;0.011;0.0001
2017-04-28 08:00:00+00:00;0.00033462;0.0;0;0;0;0.239;0.148;0.148;0.609152;0.25327395;0.0001;0.082;0.0001
2017-04-28 09:00:00+00:00;6.325e-05;0.0;0;0;0;0.387;0.222;0.222;0.5407683;0.25327395;0.0001;0.189;0.0001
2017-04-28 10:00:00+00:00;1.794e-05;0.0;0;0;0;0.467;0.25;0.25;0.56335141;0.24717913;0.0001;0.243;0.0001
2017-04-28 11:00:00+00:00;1.838e-05;0.0;0;0;0;0.538;0.231;0.231;0.56821482;0.25191955;0.0001;0.317;0.0001
2017-04-28 12:00:00+00:00;1.792e-05;0.0;0;0;0;0.542;0.204;0.204;0.49512278;0.28307089;0.0001;0.318;0.0001
2017-04-28 13:00:00+00:00;1.673e-05;0.0;0;0;0;0.504;0.179;0.179;0.5789707;0.25564416;0.0001;0.282;0.0001
2017-04-28 14:00:00+00:00;1.766e-05;0.0;0;0;0;0.463;0.156;0.156;0.58362265;0.2624162;0.0001;0.282;0.0001
2017-04-28 15:00:00+00:00;2.072e-05;0.0;0;0;0;0.396;0.125;0.125;0.58834509;0.24413171;0.0001;0.276;0.0001
2017-04-28 16:00:00+00:00;2.244e-05;0.0;0;0;0;0.267;0.122;0.122;0.60896874;0.31083622;0.0001;0.192;0.0001
2017-04-28 17:00:00+00:00;4.765e-05;0.0;0;0;0;0.077;0.154;0.154;0.63485051;0.75508144;0.0001;0.048;0.0001
2017-04-28 18:00:00+00:00;0.00035915;0.0;0;0;0;0.0;0.244;0.244;0.86632038;0.8793482;0.0001;0.0;0.0001
2017-04-28 19:00:00+00:00;0.00037378;0.0;0;0;0;0.0;0.292;0.292;0.84386413;0.88849045;0.0001;0.0;0.0001
2017-04-28 20:00:00+00:00;5.309e-05;0.0;0;0;0;0.0;0.229;0.229;0.77294301;0.88510443;0.0001;0.0;0.0001
2017-04-28 21:00:00+00:00;1.754e-05;0.0;0;0;0;0.0;0.16;0.16;0.69856816;0.88070261;0.0001;0.0;0.0001
2017-04-28 22:00:00+00:00;1.1e-05;0.0;0;0;0;0.0;0.146;0.146;0.62905672;0.58544207;0.0001;0.0;0.0001
2017-04-28 23:00:00+00:00;6.4e-07;0.0;0;0;0;0.0;0.144;0.144;0.58171958;0.23261926;0.0001;0.0;0.0001
2017-04-29 00:00:00+00:00;1.9e-06;0.0;0;0;0;0.0;0.155;0.155;0.48563562;0.22178401;0.0001;0.0;0.0001
2017-04-29 01:00:00+00:00;3.96e-06;0.0;0;0;0;0.0;0.166;0.166;0.43497163;0.22246121;0.0001;0.0;0.0001
2017-04-29 02:00:00+00:00;5.35e-06;0.0;0;0;0;0.0;0.16;0.16;0.40301413;0.20519253;0.0001;0.0;0.0001
2017-04-29 03:00:00+00:00;6.98e-06;0.0;0;0;0;0.0;0.169;0.169;0.41041496;0.21061016;0.0001;0.0;0.0001
2017-04-29 04:00:00+00:00;9.04e-06;0.0;0;0;0;0.0;0.178;0.178;0.43671964;0.22178401;0.0001;0.0;0.0001
2017-04-29 05:00:00+00:00;5.121e-05;0.0;0;0;0;0.0;0.173;0.173;0.47792465;0.22110681;0.0001;0.0;0.0001
2017-04-29 06:00:00+00:00;0.0003291;0.0;0;0;0;0.008;0.164;0.164;0.48147705;0.24480891;0.0001;0.006;0.0001
2017-04-29 07:00:00+00:00;0.00042148;0.0;0;0;0;0.189;0.103;0.103;0.49605317;0.25191955;0.0001;0.15;0.0001
2017-04-29 08:00:00+00:00;0.00033845;0.0;0;0;0;0.398;0.141;0.141;0.54453215;0.25225815;0.0001;0.371;0.0001
2017-04-29 09:00:00+00:00;6.452e-05;0.0;0;0;0;0.569;0.292;0.292;0.52815164;0.2861183;0.0001;0.586;0.0001
2017-04-29 10:00:00+00:00;2.137e-05;0.0;0;0;0;0.68;0.385;0.385;0.56612849;0.2851025;0.0001;0.742;0.0001
2017-04-29 11:00:00+00:00;2.114e-05;0.0;0;0;0;0.73;0.405;0.405;0.5349886;0.30203258;0.0001;0.814;0.0001
2017-04-29 12:00:00+00:00;2.149e-05;0.0;0;0;0;0.747;0.34;0.34;0.51576053;0.29898516;0.0001;0.849;0.0001
2017-04-29 13:00:00+00:00;2.114e-05;0.0;0;0;0;0.717;0.262;0.262;0.5363137;0.2857797;0.0001;0.814;0.0001
2017-04-29 14:00:00+00:00;2.114e-05;0.0;0;0;0;0.635;0.203;0.203;0.58263587;0.25733717;0.0001;0.702;0.0001
2017-04-29 15:00:00+00:00;2.188e-05;0.0;0;0;0;0.499;0.156;0.156;0.58366494;0.47810538;0.0001;0.521;0.0001
2017-04-29 16:00:00+00:00;2.418e-05;0.0;0;0;0;0.311;0.116;0.116;0.57839273;0.45846649;0.0001;0.297;0.0001
2017-04-29 17:00:00+00:00;5.062e-05;0.0;0;0;0;0.089;0.126;0.126;0.60933526;0.75711305;0.0001;0.072;0.0001
2017-04-29 18:00:00+00:00;0.0003636;0.0;0;0;0;0.0;0.166;0.166;0.87310095;0.8779938;0.0001;0.0;0.0001
2017-04-29 19:00:00+00:00;0.00037657;0.0;0;0;0;0.0;0.196;0.196;0.85705876;0.88375002;0.0001;0.0;0.0001
2017-04-29 20:00:00+00:00;5.358e-05;0.0;0;0;0;0.0;0.218;0.218;0.79704858;0.8776552;0.0001;0.0;0.0001
2017-04-29 21:00:00+00:00;1.909e-05;0.0;0;0;0;0.0;0.2;0.2;0.69645364;0.88002541;0.0001;0.0;0.0001
2017-04-29 22:00:00+00:00;1.197e-05;0.0;0;0;0;0.0;0.156;0.156;0.59019177;0.34943679;0.0001;0.0;0.0001
2017-04-29 23:00:00+00:00;1.13e-06;0.0;0;0;0;0.0;0.127;0.127;0.58624466;0.22347702;0.0001;0.0;0.0001
2017-04-30 00:00:00+00:00;1.86e-06;0.0;0;0;0;0.0;0.131;0.131;0.52173759;0.22517003;0.0001;0.0;0.0001
2017-04-30 01:00:00+00:00;3.76e-06;0.0;0;0;0;0.0;0.146;0.146;0.50592095;0.22652443;0.0001;0.0;0.0001
2017-04-30 02:00:00+00:00;5.24e-06;0.0;0;0;0;0.0;0.169;0.169;0.47616255;0.22449282;0.0001;0.0;0.0001
2017-04-30 03:00:00+00:00;6.79e-06;0.0;0;0;0;0.0;0.188;0.188;0.46151595;0.2187366;0.0001;0.0;0.0001
2017-04-30 04:00:00+00:00;9.15e-06;0.0;0;0;0;0.0;0.193;0.193;0.47169386;0.22178401;0.0001;0.0;0.0001
2017-04-30 05:00:00+00:00;5.027e-05;0.0;0;0;0;0.0;0.182;0.182;0.51839664;0.21772079;0.0001;0.0;0.0001
2017-04-30 06:00:00+00:00;0.00032491;0.0;0;0;0;0.009;0.169;0.169;0.54054275;0.21365757;0.0001;0.01;0.0001
2017-04-30 07:00:00+00:00;0.00042668;0.0;0;0;0;0.208;0.059;0.059;0.51996139;0.25158095;0.0001;0.185;0.0001
2017-04-30 08:00:00+00:00;0.00033276;0.0;0;0;0;0.423;0.1;0.1;0.54423612;0.24988794;0.0001;0.425;0.0001
2017-04-30 09:00:00+00:00;6.46e-05;0.0;0;0;0;0.584;0.179;0.179;0.54809865;0.2851025;0.0001;0.635;0.0001
2017-04-30 10:00:00+00:00;2.2e-05;0.0;0;0;0;0.692;0.128;0.128;0.54185376;0.2854411;0.0001;0.792;0.0001
2017-04-30 11:00:00+00:00;2.129e-05;0.0;0;0;0;0.748;0.071;0.071;0.55812149;0.29695355;0.0001;0.881;0.0001
2017-04-30 12:00:00+00:00;1.931e-05;0.0;0;0;0;0.756;0.035;0.035;0.52027152;0.29898516;0.0001;0.897;0.0001
2017-04-30 13:00:00+00:00;1.968e-05;0.0;0;0;0;0.717;0.018;0.018;0.53582032;0.26918823;0.0001;0.838;0.0001
2017-04-30 14:00:00+00:00;2.138e-05;0.0;0;0;0;0.63;0.011;0.011;0.57864647;0.26004598;0.0001;0.71;0.0001
2017-04-30 15:00:00+00:00;2.371e-05;0.0;0;0;0;0.494;0.009;0.009;0.60775641;0.46422271;0.0001;0.525;0.0001
2017-04-30 16:00:00+00:00;2.412e-05;0.0;0;0;0;0.307;0.009;0.009;0.62455983;0.4621911;0.0001;0.297;0.0001
2017-04-30 17:00:00+00:00;4.866e-05;0.0;0;0;0;0.088;0.015;0.015;0.65741953;0.75643585;0.0001;0.073;0.0001
2017-04-30 18:00:00+00:00;0.00036341;0.0;0;0;0;0.0;0.022;0.022;0.83103602;0.88612024;0.0001;0.0;0.0001
2017-04-30 19:00:00+00:00;0.0003774;0.0;0;0;0;0.0;0.039;0.039;0.85089845;0.88273422;0.0001;0.0;0.0001
2017-04-30 20:00:00+00:00;5.417e-05;0.0;0;0;0;0.0;0.059;0.059;0.78550328;0.88476583;0.0001;0.0;0.0001
2017-04-30 21:00:00+00:00;1.884e-05;0.0;0;0;0;0.0;0.072;0.072;0.67715508;0.87663939;0.0001;0.0;0.0001
2017-04-30 22:00:00+00:00;1.215e-05;0.0;0;0;0;0.0;0.069;0.069;0.61566473;0.34164895;0.0001;0.0;0.0001
2017-04-30 23:00:00+00:00;1.29e-06;0.0;0;0;0;0.0;0.051;0.051;0.55779727;0.22483142;0.0001;0.0;0.0001
2017-05-01 00:00:00+00:00;1.82e-06;0.0;0;0;0;0.0;0.029;0.029;0.58173367;0.18115182;0.0001;0.0;0.0001
2017-05-01 01:00:00+00:00;3.9e-06;0.0;0;0;0;0.0;0.029;0.029;0.57878744;0.18487644;0.0001;0.0;0.0001
2017-05-01 02:00:00+00:00;5.26e-06;0.0;0;0;0;0.0;0.068;0.068;0.55837523;0.18961686;0.0001;0.0;0.0001
2017-05-01 03:00:00+00:00;6.77e-06;0.0;0;0;0;0.0;0.114;0.114;0.53992249;0.19232568;0.0001;0.0;0.0001
2017-05-01 04:00:00+00:00;8.96e-06;0.0;0;0;0;0.0;0.135;0.135;0.55086163;0.19097127;0.0001;0.0;0.0001
2017-05-01 05:00:00+00:00;4.839e-05;0.0;0;0;0;0.0;0.116;0.116;0.54670306;0.19605029;0.0001;0.0;0.0001
2017-05-01 06:00:00+00:00;0.00032337;0.0;0;0;0;0.006;0.102;0.102;0.53573574;0.25124234;0.0001;0.005;0.0001
2017-05-01 07:00:00+00:00;0.00042262;0.0;0;0;0;0.172;0.037;0.037;0.55599287;0.25733717;0.0001;0.13;0.0001
2017-05-01 08:00:00+00:00;0.00033382;0.0;0;0;0;0.391;0.002;0.002;0.5634219;0.25665997;0.0001;0.37;0.0001
2017-05-01 09:00:00+00:00;6.61e-05;0.0;0;0;0;0.57;0.002;0.002;0.58008435;0.27257424;0.0001;0.609;0.0001
2017-05-01 10:00:00+00:00;2.135e-05;0.0;0;0;0;0.688;0.002;0.002;0.590953;0.2641092;0.0001;0.786;0.0001
2017-05-01 11:00:00+00:00;2.123e-05;0.0;0;0;0;0.745;0.002;0.002;0.59619702;0.43070116;0.0001;0.878;0.0001
2017-05-01 12:00:00+00:00;2.058e-05;0.0;0;0;0;0.754;0.003;0.003;0.5869354;0.42596074;0.0001;0.895;0.0001
2017-05-01 13:00:00+00:00;2.089e-05;0.0;0;0;0;0.716;0.004;0.004;0.62447525;0.40462884;0.0001;0.838;0.0001
2017-05-01 14:00:00+00:00;2.017e-05;0.0;0;0;0;0.63;0.005;0.005;0.62718184;0.3961638;0.0001;0.711;0.0001
2017-05-01 15:00:00+00:00;2.166e-05;0.0;0;0;0;0.493;0.002;0.002;0.65145657;0.44289082;0.0001;0.526;0.0001
2017-05-01 16:00:00+00:00;2.402e-05;0.0;0;0;0;0.306;0.0;0.0;0.69903335;0.43815039;0.0001;0.298;0.0001
2017-05-01 17:00:00+00:00;4.825e-05;0.0;0;0;0;0.088;0.0;0.0;0.7218984;0.7472936;0.0001;0.074;0.0001
2017-05-01 18:00:00+00:00;0.00036407;0.0;0;0;0;0.0;0.0;0.0;0.7623422;0.8783324;0.0001;0.0;0.0001
2017-05-01 19:00:00+00:00;0.00038358;0.0;0;0;0;0.0;0.001;0.001;0.89127175;0.8793482;0.0001;0.0;0.0001
2017-05-01 20:00:00+00:00;5.48e-05;0.0;0;0;0;0.0;0.013;0.013;0.84077693;0.85361449;0.0001;0.0;0.0001
2017-05-01 21:00:00+00:00;1.894e-05;0.0;0;0;0;0.0;0.055;0.055;0.69992145;0.81433671;0.0001;0.0;0.0001
2017-05-01 22:00:00+00:00;1.22e-05;0.0;0;0;0;0.0;0.122;0.122;0.63527342;0.53160442;0.0001;0.0;0.0001
2017-05-01 23:00:00+00:00;1.27e-06;0.0;0;0;0;0.0;0.183;0.183;0.58998032;0.1764114;0.0001;0.0;0.0001
2017-05-02 00:00:00+00:00;1.74e-06;0.0;0;0;0;0.0;0.186;0.186;0.63363818;0.46489992;0.0001;0.0;0.0001
2017-05-02 01:00:00+00:00;3.6e-06;0.0;0;0;0;0.0;0.121;0.121;0.60631854;0.46794733;0.0001;0.0;0.0001
2017-05-02 02:00:00+00:00;5.29e-06;0.0;0;0;0;0.0;0.057;0.057;0.56383071;0.46523852;0.0001;0.0;0.0001
2017-05-02 03:00:00+00:00;6.93e-06;0.0;0;0;0;0.0;0.03;0.03;0.55182021;0.4618525;0.0001;0.0;0.0001
2017-05-02 04:00:00+00:00;9.18e-06;0.0;0;0;0;0.0;0.029;0.029;0.55640168;0.46625432;0.0001;0.0;0.0001
2017-05-02 05:00:00+00:00;4.972e-05;0.0;0;0;0;0.0;0.036;0.036;0.56433819;0.4618525;0.0001;0.0;0.0001
2017-05-02 06:00:00+00:00;0.00032708;0.0;0;0;0;0.009;0.049;0.049;0.57199277;0.46896313;0.0001;0.01;0.0001
2017-05-02 07:00:00+00:00;0.00042312;0.0;0;0;0;0.208;0.029;0.029;0.67003618;0.46523852;0.0001;0.189;0.0001
2017-05-02 08:00:00+00:00;0.00033861;0.0;0;0;0;0.424;0.007;0.007;0.61463566;0.46693153;0.0001;0.431;0.0001
2017-05-02 09:00:00+00:00;6.53e-05;0.0;0;0;0;0.587;0.014;0.014;0.67474452;0.55361352;0.0001;0.643;0.0001
2017-05-02 10:00:00+00:00;2.101e-05;0.0;0;0;0;0.695;0.009;0.009;0.61899158;0.61049858;0.0001;0.801;0.0001
2017-05-02 11:00:00+00:00;2.149e-05;0.0;0;0;0;0.75;0.006;0.006;0.67952335;0.60271074;0.0001;0.891;0.0001
2017-05-02 12:00:00+00:00;2.122e-05;0.0;0;0;0;0.757;0.005;0.005;0.66673753;0.60880557;0.0001;0.908;0.0001
2017-05-02 13:00:00+00:00;2.05e-05;0.0;0;0;0;0.718;0.008;0.008;0.69201314;0.60711256;0.0001;0.85;0.0001
2017-05-02 14:00:00+00:00;2.101e-05;0.0;0;0;0;0.633;0.012;0.012;0.70209237;0.59119829;0.0001;0.724;0.0001
2017-05-02 15:00:00+00:00;2.261e-05;0.0;0;0;0;0.497;0.015;0.015;0.70867558;0.59119829;0.0001;0.537;0.0001
2017-05-02 16:00:00+00:00;2.394e-05;0.0;0;0;0;0.31;0.016;0.016;0.68575415;0.5935685;0.0001;0.309;0.0001
2017-05-02 17:00:00+00:00;5.042e-05;0.0;0;0;0;0.091;0.028;0.028;0.70455931;0.78589418;0.0001;0.08;0.0001
2017-05-02 18:00:00+00:00;0.00036374;0.0;0;0;0;0.0;0.039;0.039;0.74288858;0.88307282;0.0001;0.0;0.0001
2017-05-02 19:00:00+00:00;0.00037271;0.0;0;0;0;0.0;0.087;0.087;0.7938345;0.88104121;0.0001;0.0;0.0001
2017-05-02 20:00:00+00:00;5.249e-05;0.0;0;0;0;0.0;0.164;0.164;0.74388945;0.88510443;0.0001;0.0;0.0001
2017-05-02 21:00:00+00:00;1.896e-05;0.0;0;0;0;0.0;0.25;0.25;0.70515138;0.88781324;0.0001;0.0;0.0001
2017-05-02 22:00:00+00:00;1.248e-05;0.0;0;0;0;0.0;0.254;0.254;0.68008722;0.60812837;0.0001;0.0;0.0001
2017-05-02 23:00:00+00:00;1.38e-06;0.0;0;0;0;0.0;0.217;0.217;0.6695146;0.46557712;0.0001;0.0;0.0001
2017-05-03 00:00:00+00:00;1.68e-06;0.0;0;0;0;0.0;0.199;0.199;0.63638706;0.25056514;0.0001;0.0;0.0001
2017-05-03 01:00:00+00:00;3.63e-06;0.0;0;0;0;0.0;0.179;0.179;0.64842575;0.24853353;0.0001;0.0;0.0001
2017-05-03 02:00:00+00:00;5.23e-06;0.0;0;0;0;0.0;0.164;0.164;0.61292995;0.25022654;0.0001;0.0;0.0001
2017-05-03 03:00:00+00:00;6.94e-06;0.0;0;0;0;0.0;0.161;0.161;0.60076439;0.24548612;0.0001;0.0;0.0001
2017-05-03 04:00:00+00:00;8.98e-06;0.0;0;0;0;0.0;0.166;0.166;0.6149317;0.25632137;0.0001;0.0;0.0001
2017-05-03 05:00:00+00:00;5.042e-05;0.0;0;0;0;0.0;0.175;0.175;0.66807673;0.22787884;0.0001;0.0;0.0001
2017-05-03 06:00:00+00:00;0.0003245;0.0;0;0;0;0.007;0.172;0.172;0.66091554;0.22483142;0.0001;0.007;0.0001
2017-05-03 07:00:00+00:00;0.00042796;0.0;0;0;0;0.19;0.065;0.065;0.6979338;0.22855604;0.0001;0.161;0.0001
2017-05-03 08:00:00+00:00;0.00033863;0.0;0;0;0;0.406;0.088;0.088;0.69759548;0.22313842;0.0001;0.403;0.0001
2017-05-03 09:00:00+00:00;6.389e-05;0.0;0;0;0;0.565;0.109;0.109;0.69456466;0.27020403;0.0001;0.615;0.0001
2017-05-03 10:00:00+00:00;2.12e-05;0.0;0;0;0;0.67;0.095;0.095;0.70626502;0.31252922;0.0001;0.771;0.0001
2017-05-03 11:00:00+00:00;2.062e-05;0.0;0;0;0;0.723;0.091;0.091;0.70719542;0.33250671;0.0001;0.855;0.0001
2017-05-03 12:00:00+00:00;2.113e-05;0.0;0;0;0;0.73;0.084;0.084;0.62196601;0.34131035;0.0001;0.869;0.0001
2017-05-03 13:00:00+00:00;2.067e-05;0.0;0;0;0;0.69;0.068;0.068;0.71538567;0.34164895;0.0001;0.809;0.0001
2017-05-03 14:00:00+00:00;2.155e-05;0.0;0;0;0;0.606;0.05;0.05;0.70002013;0.34029455;0.0001;0.684;0.0001
2017-05-03 15:00:00+00:00;2.291e-05;0.0;0;0;0;0.473;0.035;0.035;0.70804122;0.55496793;0.0001;0.503;0.0001
2017-05-03 16:00:00+00:00;2.392e-05;0.0;0;0;0;0.294;0.022;0.022;0.68661405;0.56851199;0.0001;0.286;0.0001
2017-05-03 17:00:00+00:00;4.898e-05;0.0;0;0;0;0.085;0.026;0.026;0.67874802;0.77776774;0.0001;0.078;0.0001
2017-05-03 18:00:00+00:00;0.00036323;0.0;0;0;0;0.0;0.06;0.06;0.76369549;0.89864849;0.0001;0.0;0.0001
2017-05-03 19:00:00+00:00;0.00037537;0.0;0;0;0;0.0;0.136;0.136;0.85266055;0.89797129;0.0001;0.0;0.0001
2017-05-03 20:00:00+00:00;5.486e-05;0.0;0;0;0;0.0;0.231;0.231;0.7814152;0.89593968;0.0001;0.0;0.0001
2017-05-03 21:00:00+00:00;1.868e-05;0.0;0;0;0;0.0;0.233;0.233;0.71874072;0.86749715;0.0001;0.0;0.0001
2017-05-03 22:00:00+00:00;1.201e-05;0.0;0;0;0;0.0;0.196;0.196;0.67099477;0.54176247;0.0001;0.0;0.0001
2017-05-03 23:00:00+00:00;1.1e-06;0.0;0;0;0;0.0;0.165;0.165;0.65152705;0.19368008;0.0001;0.0;0.0001
2017-05-04 00:00:00+00:00;1.3e-06;0.0;0;0;0;0.0;0.139;0.139;0.70613815;0.23905269;0.0001;0.0;0.0001
2017-05-04 01:00:00+00:00;2.86e-06;0.0;0;0;0;0.0;0.121;0.121;0.70819629;0.24006849;0.0001;0.0;0.0001
2017-05-04 02:00:00+00:00;4.16e-06;0.0;0;0;0;0.0;0.112;0.112;0.7196852;0.24413171;0.0001;0.0;0.0001
2017-05-04 03:00:00+00:00;5.45e-06;0.0;0;0;0;0.0;0.112;0.112;0.7041505;0.2417615;0.0001;0.0;0.0001
2017-05-04 04:00:00+00:00;7.5e-06;0.0;0;0;0;0.0;0.117;0.117;0.7055038;0.25090374;0.0001;0.0;0.0001
2017-05-04 05:00:00+00:00;5.018e-05;0.0;0;0;0;0.0;0.124;0.124;0.7041646;0.25496696;0.0001;0.0;0.0001
2017-05-04 06:00:00+00:00;0.00032793;0.0;0;0;0;0.007;0.131;0.131;0.68115858;0.263432;0.0001;0.008;0.0001
2017-05-04 07:00:00+00:00;0.00042071;0.0;0;0;0;0.193;0.062;0.062;0.69744041;0.28747271;0.0001;0.173;0.0001
2017-05-04 08:00:00+00:00;0.00033144;0.0;0;0;0;0.402;0.094;0.094;0.69405717;0.29119733;0.0001;0.408;0.0001
2017-05-04 09:00:00+00:00;5.991e-05;0.0;0;0;0;0.557;0.121;0.121;0.68249778;0.47099474;0.0001;0.615;0.0001
2017-05-04 10:00:00+00:00;1.717e-05;0.0;0;0;0;0.66;0.104;0.104;0.6766335;0.46388411;0.0001;0.766;0.0001
2017-05-04 11:00:00+00:00;1.782e-05;0.0;0;0;0;0.716;0.088;0.088;0.63807868;0.45880509;0.0001;0.858;0.0001
2017-05-04 12:00:00+00:00;1.827e-05;0.0;0;0;0;0.725;0.077;0.077;0.61032204;0.50316189;0.0001;0.878;0.0001
2017-05-04 13:00:00+00:00;1.891e-05;0.0;0;0;0;0.689;0.06;0.06;0.67215071;0.49401965;0.0001;0.824;0.0001
2017-05-04 14:00:00+00:00;1.911e-05;0.0;0;0;0;0.606;0.04;0.04;0.68265284;0.50113028;0.0001;0.699;0.0001
2017-05-04 15:00:00+00:00;2.004e-05;0.0;0;0;0;0.475;0.017;0.017;0.69298582;0.49943727;0.0001;0.516;0.0001
2017-05-04 16:00:00+00:00;2.352e-05;0.0;0;0;0;0.293;0.005;0.005;0.70209237;0.50316189;0.0001;0.289;0.0001
2017-05-04 17:00:00+00:00;4.803e-05;0.0;0;0;0;0.082;0.003;0.003;0.68475327;0.74187598;0.0001;0.076;0.0001
2017-05-04 18:00:00+00:00;0.00036077;0.0;0;0;0;0.0;0.007;0.007;0.80560535;0.87968681;0.0001;0.0;0.0001
2017-05-04 19:00:00+00:00;0.00037683;0.0;0;0;0;0.0;0.041;0.041;0.88339163;0.88476583;0.0001;0.0;0.0001
2017-05-04 20:00:00+00:00;5.257e-05;0.0;0;0;0;0.0;0.109;0.109;0.79821861;0.88882905;0.0001;0.0;0.0001
2017-05-04 21:00:00+00:00;1.744e-05;0.0;0;0;0;0.0;0.156;0.156;0.72791775;0.88442723;0.0001;0.0;0.0001
2017-05-04 22:00:00+00:00;1.096e-05;0.0;0;0;0;0.0;0.175;0.175;0.63272189;0.60000193;0.0001;0.0;0.0001
2017-05-04 23:00:00+00:00;6.6e-07;0.0;0;0;0;0.0;0.179;0.179;0.62509551;0.23939129;0.0001;0.0;0.0001
2017-05-05 00:00:00+00:00;1.34e-06;0.0;0;0;0;0.0;0.155;0.155;0.45247989;0.20790135;0.0001;0.0;0.0001
2017-05-05 01:00:00+00:00;2.87e-06;0.0;0;0;0;0.0;0.121;0.121;0.42806418;0.20519253;0.0001;0.0;0.0001
2017-05-05 02:00:00+00:00;4.07e-06;0.0;0;0;0;0.0;0.093;0.093;0.38845211;0.220091;0.0001;0.0;0.0001
2017-05-05 03:00:00+00:00;5.46e-06;0.0;0;0;0;0.0;0.072;0.072;0.34926293;0.2204296;0.0001;0.0;0.0001
2017-05-05 04:00:00+00:00;7.53e-06;0.0;0;0;0;0.0;0.063;0.063;0.30477336;0.2194138;0.0001;0.0;0.0001
2017-05-05 05:00:00+00:00;4.954e-05;0.0;0;0;0;0.0;0.065;0.065;0.33856345;0.21196457;0.0001;0.0;0.0001
2017-05-05 06:00:00+00:00;0.00031858;0.0;0;0;0;0.008;0.074;0.074;0.34592199;0.20891715;0.0001;0.009;0.0001
2017-05-05 07:00:00+00:00;0.00042566;0.0;0;0;0;0.197;0.036;0.036;0.402267;0.25259675;0.0001;0.18;0.0001
2017-05-05 08:00:00+00:00;0.000337;0.0;0;0;0;0.405;0.014;0.014;0.50280555;0.24954934;0.0001;0.416;0.0001
2017-05-05 09:00:00+00:00;6.091e-05;0.0;0;0;0;0.56;0.037;0.037;0.53201417;0.25259675;0.0001;0.622;0.0001
2017-05-05 10:00:00+00:00;1.747e-05;0.0;0;0;0;0.662;0.054;0.054;0.55458319;0.25191955;0.0001;0.774;0.0001
2017-05-05 11:00:00+00:00;1.923e-05;0.0;0;0;0;0.713;0.059;0.059;0.49699766;0.25158095;0.0001;0.858;0.0001
2017-05-05 12:00:00+00:00;1.956e-05;0.0;0;0;0;0.72;0.062;0.062;0.47136963;0.25496696;0.0001;0.872;0.0001
2017-05-05 13:00:00+00:00;1.849e-05;0.0;0;0;0;0.68;0.059;0.059;0.49116157;0.26918823;0.0001;0.807;0.0001
2017-05-05 14:00:00+00:00;1.82e-05;0.0;0;0;0;0.593;0.048;0.048;0.54704139;0.26580221;0.0001;0.674;0.0001
2017-05-05 15:00:00+00:00;2.026e-05;0.0;0;0;0;0.459;0.041;0.041;0.5607576;0.26580221;0.0001;0.487;0.0001
2017-05-05 16:00:00+00:00;2.109e-05;0.0;0;0;0;0.279;0.041;0.041;0.57878744;0.47234915;0.0001;0.265;0.0001
2017-05-05 17:00:00+00:00;4.714e-05;0.0;0;0;0;0.077;0.052;0.052;0.62519419;0.74221458;0.0001;0.069;0.0001
2017-05-05 18:00:00+00:00;0.00036464;0.0;0;0;0;0.0;0.057;0.057;0.78109097;0.87630079;0.0001;0.0;0.0001
2017-05-05 19:00:00+00:00;0.00037259;0.0;0;0;0;0.0;0.073;0.073;0.78169714;0.88002541;0.0001;0.0;0.0001
2017-05-05 20:00:00+00:00;5.285e-05;0.0;0;0;0;0.0;0.095;0.095;0.72282879;0.8773166;0.0001;0.0;0.0001
2017-05-05 21:00:00+00:00;1.751e-05;0.0;0;0;0;0.0;0.12;0.12;0.60207539;0.86174092;0.0001;0.0;0.0001
2017-05-05 22:00:00+00:00;1.1e-05;0.0;0;0;0;0.0;0.138;0.138;0.60411943;0.31760825;0.0001;0.0;0.0001
2017-05-05 23:00:00+00:00;5.9e-07;0.0;0;0;0;0.0;0.155;0.155;0.54940965;0.20654694;0.0001;0.0;0.0001
2017-05-06 00:00:00+00:00;1.92e-06;0.0;0;0;0;0.0;0.169;0.169;0.40428284;0.23972989;0.0001;0.0;0.0001
2017-05-06 01:00:00+00:00;3.87e-06;0.0;0;0;0;0.0;0.21;0.21;0.37272005;0.23803688;0.0001;0.0;0.0001
2017-05-06 02:00:00+00:00;5.72e-06;0.0;0;0;0;0.0;0.263;0.263;0.39223006;0.24988794;0.0001;0.0;0.0001
2017-05-06 03:00:00+00:00;6.87e-06;0.0;0;0;0;0.0;0.361;0.361;0.37873939;0.20891715;0.0001;0.0;0.0001
2017-05-06 04:00:00+00:00;8.93e-06;0.0;0;0;0;0.0;0.425;0.425;0.38932611;0.20620834;0.0001;0.0;0.0001
2017-05-06 05:00:00+00:00;5.151e-05;0.0;0;0;0;0.0;0.497;0.497;0.3982635;0.21162596;0.0001;0.0;0.0001
2017-05-06 06:00:00+00:00;0.00032164;0.0;0;0;0;0.005;0.499;0.499;0.40704582;0.22246121;0.0001;0.005;0.0001
2017-05-06 07:00:00+00:00;0.00042325;0.0;0;0;0;0.165;0.457;0.457;0.43171526;0.25090374;0.0001;0.121;0.0001
2017-05-06 08:00:00+00:00;0.00034384;0.0;0;0;0;0.338;0.616;0.616;0.45937323;0.25225815;0.0001;0.278;0.0001
2017-05-06 09:00:00+00:00;6.381e-05;0.0;0;0;0;0.421;0.708;0.708;0.46564632;0.25428976;0.0001;0.314;0.0001
2017-05-06 10:00:00+00:00;1.952e-05;0.0;0;0;0;0.421;0.696;0.696;0.48013786;0.2864569;0.0001;0.235;0.0001
2017-05-06 11:00:00+00:00;2.039e-05;0.0;0;0;0;0.536;0.657;0.657;0.46563222;0.24514752;0.0001;0.401;0.0001
2017-05-06 12:00:00+00:00;2.16e-05;0.0;0;0;0;0.569;0.63;0.63;0.43742448;0.26004598;0.0001;0.472;0.0001
2017-05-06 13:00:00+00:00;2.054e-05;0.0;0;0;0;0.537;0.618;0.618;0.43927116;0.25665997;0.0001;0.437;0.0001
2017-05-06 14:00:00+00:00;2.054e-05;0.0;0;0;0;0.471;0.602;0.602;0.45030898;0.24684052;0.0001;0.372;0.0001
2017-05-06 15:00:00+00:00;2.32e-05;0.0;0;0;0;0.383;0.555;0.555;0.45262085;0.46625432;0.0001;0.307;0.0001
2017-05-06 16:00:00+00:00;2.581e-05;0.0;0;0;0;0.226;0.469;0.469;0.4706366;0.46794733;0.0001;0.156;0.0001
2017-05-06 17:00:00+00:00;5.099e-05;0.0;0;0;0;0.057;0.394;0.394;0.49451662;0.7472936;0.0001;0.038;0.0001
2017-05-06 18:00:00+00:00;0.00036493;0.0;0;0;0;0.0;0.319;0.319;0.62812632;0.88408863;0.0001;0.0;0.0001
2017-05-06 19:00:00+00:00;0.00037316;0.0;0;0;0;0.0;0.273;0.273;0.61690525;0.88950625;0.0001;0.0;0.0001
2017-05-06 20:00:00+00:00;5.42e-05;0.0;0;0;0;0.0;0.238;0.238;0.57847731;0.88713604;0.0001;0.0;0.0001
2017-05-06 21:00:00+00:00;1.876e-05;0.0;0;0;0;0.0;0.243;0.243;0.51222223;0.8563233;0.0001;0.0;0.0001
2017-05-06 22:00:00+00:00;1.198e-05;0.0;0;0;0;0.0;0.344;0.344;0.46981898;0.33115231;0.0001;0.0;0.0001
2017-05-06 23:00:00+00:00;1.24e-06;0.0;0;0;0;0.0;0.33;0.33;0.42957255;0.21264177;0.0001;0.0;0.0001
2017-05-07 00:00:00+00:00;1.79e-06;0.0;0;0;0;0.0;0.326;0.326;0.29955753;0.18521504;0.0001;0.0;0.0001
2017-05-07 01:00:00+00:00;3.88e-06;0.0;0;0;0;0.0;0.341;0.341;0.25988906;0.16625336;0.0001;0.0;0.0001
2017-05-07 02:00:00+00:00;5.42e-06;0.0;0;0;0;0.0;0.377;0.377;0.24367772;0.16963937;0.0001;0.0;0.0001
2017-05-07 03:00:00+00:00;6.98e-06;0.0;0;0;0;0.0;0.505;0.505;0.23646014;0.19334148;0.0001;0.0;0.0001
2017-05-07 04:00:00+00:00;9.04e-06;0.0;0;0;0;0.0;0.561;0.561;0.25099397;0.2187366;0.0001;0.0;0.0001
2017-05-07 05:00:00+00:00;5.066e-05;0.0;0;0;0;0.0;0.521;0.521;0.26891103;0.2197524;0.0001;0.0;0.0001
2017-05-07 06:00:00+00:00;0.00032103;0.0;0;0;0;0.005;0.473;0.473;0.27954004;0.21501198;0.0001;0.006;0.0001
2017-05-07 07:00:00+00:00;0.00042529;0.0;0;0;0;0.17;0.445;0.445;0.33423572;0.25124234;0.0001;0.14;0.0001
2017-05-07 08:00:00+00:00;0.00033929;0.0;0;0;0;0.356;0.5;0.5;0.38664771;0.25090374;0.0001;0.334;0.0001
2017-05-07 09:00:00+00:00;6.427e-05;0.0;0;0;0;0.489;0.415;0.415;0.39650139;0.25462836;0.0001;0.487;0.0001
2017-05-07 10:00:00+00:00;1.967e-05;0.0;0;0;0;0.593;0.329;0.329;0.40610133;0.22144541;0.0001;0.633;0.0001
2017-05-07 11:00:00+00:00;2.126e-05;0.0;0;0;0;0.665;0.253;0.253;0.4084696;0.21772079;0.0001;0.755;0.0001
2017-05-07 12:00:00+00:00;2.132e-05;0.0;0;0;0;0.685;0.186;0.186;0.35631135;0.22144541;0.0001;0.797;0.0001
2017-05-07 13:00:00+00:00;2.056e-05;0.0;0;0;0;0.647;0.135;0.135;0.40611543;0.21501198;0.0001;0.737;0.0001
2017-05-07 14:00:00+00:00;2.14e-05;0.0;0;0;0;0.562;0.102;0.102;0.38150237;0.23092625;0.0001;0.609;0.0001
2017-05-07 15:00:00+00:00;2.363e-05;0.0;0;0;0;0.424;0.077;0.077;0.38723978;0.39684101;0.0001;0.418;0.0001
2017-05-07 16:00:00+00:00;2.409e-05;0.0;0;0;0;0.258;0.045;0.045;0.4035921;0.44966285;0.0001;0.227;0.0001
2017-05-07 17:00:00+00:00;5.018e-05;0.0;0;0;0;0.064;0.041;0.041;0.48941357;0.7459392;0.0001;0.051;0.0001
2017-05-07 18:00:00+00:00;0.00036497;0.0;0;0;0;0.0;0.028;0.028;0.7006122;0.88781324;0.0001;0.0;0.0001
2017-05-07 19:00:00+00:00;0.0003795;0.0;0;0;0;0.0;0.023;0.023;0.68421759;0.89119926;0.0001;0.0;0.0001
2017-05-07 20:00:00+00:00;5.385e-05;0.0;0;0;0;0.0;0.015;0.015;0.6233475;0.8563233;0.0001;0.0;0.0001
2017-05-07 21:00:00+00:00;1.873e-05;0.0;0;0;0;0.0;0.007;0.007;0.48722856;0.85429169;0.0001;0.0;0.0001
2017-05-07 22:00:00+00:00;1.192e-05;0.0;0;0;0;0.0;0.007;0.007;0.35655099;0.55192051;0.0001;0.0;0.0001
2017-05-07 23:00:00+00:00;1.2e-06;0.0;0;0;0;0.0;0.021;0.021;0.3387467;0.175057;0.0001;0.0;0.0001
2017-05-08 00:00:00+00:00;1.94e-06;0.0;0;0;0;0.0;0.078;0.078;0.30150289;0.18182903;0.0001;0.0;0.0001
2017-05-08 01:00:00+00:00;4.04e-06;0.0;0;0;0;0.0;0.2;0.2;0.23947686;0.18623085;0.0001;0.0;0.0001
2017-05-08 02:00:00+00:00;5.26e-06;0.0;0;0;0;0.0;0.263;0.263;0.22808663;0.18182903;0.0001;0.0;0.0001
2017-05-08 03:00:00+00:00;6.79e-06;0.0;0;0;0;0.0;0.201;0.201;0.23203374;0.19334148;0.0001;0.0;0.0001
2017-05-08 04:00:00+00:00;8.95e-06;0.0;0;0;0;0.0;0.166;0.166;0.25037371;0.19334148;0.0001;0.0;0.0001
2017-05-08 05:00:00+00:00;4.944e-05;0.0;0;0;0;0.0;0.149;0.149;0.29042279;0.25665997;0.0001;0.0;0.0001
2017-05-08 06:00:00+00:00;0.00032636;0.0;0;0;0;0.002;0.142;0.142;0.30093902;0.25462836;0.0001;0.001;0.0001
2017-05-08 07:00:00+00:00;0.00042784;0.0;0;0;0;0.094;0.066;0.066;0.33081019;0.25428976;0.0001;0.031;0.0001
2017-05-08 08:00:00+00:00;0.00033592;0.0;0;0;0;0.237;0.156;0.156;0.37921869;0.25462836;0.0001;0.109;0.0001
2017-05-08 09:00:00+00:00;6.205e-05;0.0;0;0;0;0.374;0.183;0.183;0.39667056;0.25259675;0.0001;0.226;0.0001
2017-05-08 10:00:00+00:00;2.198e-05;0.0;0;0;0;0.504;0.127;0.127;0.39599391;0.25462836;0.0001;0.396;0.0001
2017-05-08 11:00:00+00:00;2.135e-05;0.0;0;0;0;0.597;0.084;0.084;0.38914285;0.22178401;0.0001;0.554;0.0001
2017-05-08 12:00:00+00:00;2.222e-05;0.0;0;0;0;0.586;0.058;0.058;0.39617717;0.20079071;0.0001;0.522;0.0001
2017-05-08 13:00:00+00:00;2.03e-05;0.0;0;0;0;0.535;0.043;0.043;0.39672694;0.19435728;0.0001;0.437;0.0001
2017-05-08 14:00:00+00:00;1.936e-05;0.0;0;0;0;0.459;0.034;0.034;0.45766752;0.22686303;0.0001;0.348;0.0001
2017-05-08 15:00:00+00:00;2.238e-05;0.0;0;0;0;0.36;0.027;0.027;0.44761648;0.22957185;0.0001;0.262;0.0001
2017-05-08 16:00:00+00:00;2.342e-05;0.0;0;0;0;0.209;0.023;0.023;0.45256447;0.47234915;0.0001;0.126;0.0001
2017-05-08 17:00:00+00:00;4.898e-05;0.0;0;0;0;0.033;0.028;0.028;0.47176434;0.75948326;0.0001;0.013;0.0001
2017-05-08 18:00:00+00:00;0.00036159;0.0;0;0;0;0.0;0.02;0.02;0.68097532;0.89018345;0.0001;0.0;0.0001
2017-05-08 19:00:00+00:00;0.00037989;0.0;0;0;0;0.0;0.015;0.015;0.72783317;0.88747464;0.0001;0.0;0.0001
2017-05-08 20:00:00+00:00;5.384e-05;0.0;0;0;0;0.0;0.015;0.015;0.67408197;0.88815184;0.0001;0.0;0.0001
2017-05-08 21:00:00+00:00;1.866e-05;0.0;0;0;0;0.0;0.011;0.011;0.58819002;0.85361449;0.0001;0.0;0.0001
2017-05-08 22:00:00+00:00;1.212e-05;0.0;0;0;0;0.0;0.009;0.009;0.43270204;0.571898;0.0001;0.0;0.0001
2017-05-08 23:00:00+00:00;1.24e-06;0.0;0;0;0;0.0;0.014;0.014;0.37921869;0.20316092;0.0001;0.0;0.0001
2017-05-09 00:00:00+00:00;1.7e-06;0.0;0;0;0;0.0;0.037;0.037;0.3618514;0.16083573;0.0001;0.0;0.0001
2017-05-09 01:00:00+00:00;3.75e-06;0.0;0;0;0;0.0;0.096;0.096;0.27181498;0.16557615;0.0001;0.0;0.0001
2017-05-09 02:00:00+00:00;5.4e-06;0.0;0;0;0;0.0;0.164;0.164;0.2477517;0.16185154;0.0001;0.0;0.0001
2017-05-09 03:00:00+00:00;6.98e-06;0.0;0;0;0;0.0;0.209;0.209;0.24067509;0.16286734;0.0001;0.0;0.0001
2017-05-09 04:00:00+00:00;9.26e-06;0.0;0;0;0;0.0;0.253;0.253;0.23809537;0.19232568;0.0001;0.0;0.0001
2017-05-09 05:00:00+00:00;5.095e-05;0.0;0;0;0;0.0;0.237;0.237;0.24810412;0.18860106;0.0001;0.0;0.0001
2017-05-09 06:00:00+00:00;0.00032279;0.0;0;0;0;0.001;0.224;0.224;0.21565323;0.18927826;0.0001;0.0;0.0001
2017-05-09 07:00:00+00:00;0.00042806;0.0;0;0;0;0.067;0.091;0.091;0.22151751;0.24277731;0.0001;0.012;0.0001
2017-05-09 08:00:00+00:00;0.0003393;0.0;0;0;0;0.21;0.043;0.043;0.25430672;0.2421001;0.0001;0.071;0.0001
2017-05-09 09:00:00+00:00;6.484e-05;0.0;0;0;0;0.377;0.069;0.069;0.3156702;0.23837548;0.0001;0.214;0.0001
2017-05-09 10:00:00+00:00;1.931e-05;0.0;0;0;0;0.506;0.021;0.021;0.32641198;0.18690805;0.0001;0.375;0.0001
2017-05-09 11:00:00+00:00;1.939e-05;0.0;0;0;0;0.529;0.009;0.009;0.30828346;0.18352204;0.0001;0.374;0.0001
2017-05-09 12:00:00+00:00;2.114e-05;0.0;0;0;0;0.526;0.003;0.003;0.29546945;0.17133238;0.0001;0.347;0.0001
2017-05-09 13:00:00+00:00;2.189e-05;0.0;0;0;0;0.387;0.001;0.001;0.2845867;0.17675;0.0001;0.143;0.0001
2017-05-09 14:00:00+00:00;2.117e-05;0.0;0;0;0;0.293;0.0;0.0;0.36861787;0.1760728;0.0001;0.076;0.0001
2017-05-09 15:00:00+00:00;2.249e-05;0.0;0;0;0;0.231;0.0;0.0;0.40572072;0.38736016;0.0001;0.062;0.0001
2017-05-09 16:00:00+00:00;2.504e-05;0.0;0;0;0;0.144;0.0;0.0;0.4293329;0.38905317;0.0001;0.042;0.0001
2017-05-09 17:00:00+00:00;4.966e-05;0.0;0;0;0;0.032;0.0;0.0;0.41460172;0.73002492;0.0001;0.01;0.0001
2017-05-09 18:00:00+00:00;0.0003657;0.0;0;0;0;0.0;0.0;0.0;0.64784778;0.84040903;0.0001;0.0;0.0001
2017-05-09 19:00:00+00:00;0.0003759;0.0;0;0;0;0.0;0.001;0.001;0.62123298;0.88307282;0.0001;0.0;0.0001
2017-05-09 20:00:00+00:00;5.374e-05;0.0;0;0;0;0.0;0.002;0.002;0.59786044;0.87663939;0.0001;0.0;0.0001
2017-05-09 21:00:00+00:00;1.898e-05;0.0;0;0;0;0.0;0.005;0.005;0.51343456;0.82754217;0.0001;0.0;0.0001
2017-05-09 22:00:00+00:00;1.21e-05;0.0;0;0;0;0.0;0.009;0.009;0.39791108;0.53939226;0.0001;0.0;0.0001
2017-05-09 23:00:00+00:00;1.28e-06;0.0;0;0;0;0.0;0.012;0.012;0.32927364;0.15914273;0.0001;0.0;0.0001
2017-05-10 00:00:00+00:00;1.85e-06;0.0;0;0;0;0.0;0.011;0.011;0.25045829;0.1540637;0.0001;0.0;0.0001
2017-05-10 01:00:00+00:00;3.87e-06;0.0;0;0;0;0.0;0.012;0.012;0.23478262;0.15474091;0.0001;0.0;0.0001
2017-05-10 02:00:00+00:00;5.28e-06;0.0;0;0;0;0.0;0.027;0.027;0.21404619;0.15880412;0.0001;0.0;0.0001
2017-05-10 03:00:00+00:00;6.9e-06;0.0;0;0;0;0.0;0.075;0.075;0.20485506;0.15270929;0.0001;0.0;0.0001
2017-05-10 04:00:00+00:00;9.23e-06;0.0;0;0;0;0.0;0.135;0.135;0.20953521;0.16015853;0.0001;0.0;0.0001
2017-05-10 05:00:00+00:00;5.116e-05;0.0;0;0;0;0.0;0.174;0.174;0.21204444;0.18115182;0.0001;0.0;0.0001
2017-05-10 06:00:00+00:00;0.00032613;0.0;0;0;0;0.004;0.187;0.187;0.26222914;0.18487644;0.0001;0.004;0.0001
2017-05-10 07:00:00+00:00;0.00043036;0.0;0;0;0;0.162;0.068;0.068;0.25329175;0.18521504;0.0001;0.128;0.0001
2017-05-10 08:00:00+00:00;0.00034104;0.0;0;0;0;0.363;0.025;0.025;0.31600852;0.31354503;0.0001;0.349;0.0001
2017-05-10 09:00:00+00:00;6.341e-05;0.0;0;0;0;0.518;0.046;0.046;0.37897904;0.31523804;0.0001;0.549;0.0001
2017-05-10 10:00:00+00:00;2.084e-05;0.0;0;0;0;0.615;0.048;0.048;0.40682027;0.31489943;0.0001;0.683;0.0001
2017-05-10 11:00:00+00:00;2.132e-05;0.0;0;0;0;0.66;0.051;0.051;0.36292276;0.28713411;0.0001;0.744;0.0001
2017-05-10 12:00:00+00:00;2.103e-05;0.0;0;0;0;0.662;0.037;0.037;0.34272201;0.29593775;0.0001;0.74;0.0001
2017-05-10 13:00:00+00:00;2.001e-05;0.0;0;0;0;0.605;0.021;0.021;0.38630939;0.29052012;0.0001;0.637;0.0001
2017-05-10 14:00:00+00:00;1.957e-05;0.0;0;0;0;0.536;0.013;0.013;0.4719335;0.29119733;0.0001;0.547;0.0001
2017-05-10 15:00:00+00:00;2.151e-05;0.0;0;0;0;0.391;0.01;0.01;0.49716682;0.29221313;0.0001;0.347;0.0001
2017-05-10 16:00:00+00:00;2.487e-05;0.0;0;0;0;0.214;0.009;0.009;0.48975189;0.3954866;0.0001;0.151;0.0001
2017-05-10 17:00:00+00:00;5.001e-05;0.0;0;0;0;0.048;0.012;0.012;0.44034252;0.72325289;0.0001;0.031;0.0001
2017-05-10 18:00:00+00:00;0.00036002;0.0;0;0;0;0.0;0.014;0.014;0.67326436;0.86681995;0.0001;0.0;0.0001
2017-05-10 19:00:00+00:00;0.00037766;0.0;0;0;0;0.0;0.017;0.017;0.65981599;0.87426918;0.0001;0.0;0.0001
2017-05-10 20:00:00+00:00;5.363e-05;0.0;0;0;0;0.0;0.017;0.017;0.63283466;0.87325338;0.0001;0.0;0.0001
2017-05-10 21:00:00+00:00;1.875e-05;0.0;0;0;0;0.0;0.011;0.011;0.55236999;0.83770022;0.0001;0.0;0.0001
2017-05-10 22:00:00+00:00;1.197e-05;0.0;0;0;0;0.0;0.005;0.005;0.48621359;0.28070068;0.0001;0.0;0.0001
2017-05-10 23:00:00+00:00;1.32e-06;0.0;0;0;0;0.0;0.004;0.004;0.38010679;0.15033909;0.0001;0.0;0.0001
2017-05-11 00:00:00+00:00;1.36e-06;0.0;0;0;0;0.0;0.018;0.018;0.16092935;0.14051964;0.0001;0.0;0.0001
2017-05-11 01:00:00+00:00;2.91e-06;0.0;0;0;0;0.0;0.096;0.096;0.14966599;0.14390565;0.0001;0.0;0.0001
2017-05-11 02:00:00+00:00;4.16e-06;0.0;0;0;0;0.0;0.199;0.199;0.14198322;0.1760728;0.0001;0.0;0.0001
2017-05-11 03:00:00+00:00;5.39e-06;0.0;0;0;0;0.0;0.195;0.195;0.13101589;0.17404119;0.0001;0.0;0.0001
2017-05-11 04:00:00+00:00;7.5e-06;0.0;0;0;0;0.0;0.185;0.185;0.13421587;0.17302539;0.0001;0.0;0.0001
2017-05-11 05:00:00+00:00;4.828e-05;0.0;0;0;0;0.0;0.182;0.182;0.15076554;0.17404119;0.0001;0.0;0.0001
2017-05-11 06:00:00+00:00;0.00032248;0.0;0;0;0;0.0;0.174;0.174;0.19948417;0.17437979;0.0001;0.0;0.0001
2017-05-11 07:00:00+00:00;0.00042469;0.0;0;0;0;0.036;0.078;0.078;0.18803755;0.20485393;0.0001;0.003;0.0001
2017-05-11 08:00:00+00:00;0.00033261;0.0;0;0;0;0.114;0.043;0.043;0.24628563;0.20485393;0.0001;0.01;0.0001
2017-05-11 09:00:00+00:00;6.38e-05;0.0;0;0;0;0.188;0.077;0.077;0.23472623;0.20316092;0.0001;0.019;0.0001
2017-05-11 10:00:00+00:00;1.794e-05;0.0;0;0;0;0.25;0.052;0.052;0.27290043;0.15237069;0.0001;0.029;0.0001
2017-05-11 11:00:00+00:00;1.894e-05;0.0;0;0;0;0.254;0.04;0.04;0.27026433;0.14864608;0.0001;0.026;0.0001
2017-05-11 12:00:00+00:00;2.023e-05;0.0;0;0;0;0.284;0.035;0.035;0.23462755;0.14796887;0.0001;0.034;0.0001
2017-05-11 13:00:00+00:00;1.857e-05;0.0;0;0;0;0.271;0.033;0.033;0.24336758;0.15169349;0.0001;0.032;0.0001
2017-05-11 14:00:00+00:00;1.779e-05;0.0;0;0;0;0.195;0.032;0.032;0.28118937;0.15914273;0.0001;0.017;0.0001
2017-05-11 15:00:00+00:00;1.921e-05;0.0;0;0;0;0.144;0.031;0.031;0.30595749;0.35925624;0.0001;0.013;0.0001
2017-05-11 16:00:00+00:00;2.249e-05;0.0;0;0;0;0.132;0.031;0.031;0.27460615;0.35891763;0.0001;0.027;0.0001
2017-05-11 17:00:00+00:00;4.799e-05;0.0;0;0;0;0.04;0.034;0.034;0.31011605;0.70801582;0.0001;0.014;0.0001
2017-05-11 18:00:00+00:00;0.00036343;0.0;0;0;0;0.0;0.031;0.031;0.59105167;0.86275673;0.0001;0.0;0.0001
2017-05-11 19:00:00+00:00;0.00037867;0.0;0;0;0;0.0;0.065;0.065;0.61218282;0.85395309;0.0001;0.0;0.0001
2017-05-11 20:00:00+00:00;5.295e-05;0.0;0;0;0;0.0;0.117;0.117;0.57371258;0.85903211;0.0001;0.0;0.0001
2017-05-11 21:00:00+00:00;1.746e-05;0.0;0;0;0;0.0;0.102;0.102;0.44705261;0.83634581;0.0001;0.0;0.0001
2017-05-11 22:00:00+00:00;1.109e-05;0.0;0;0;0;0.0;0.086;0.086;0.40497359;0.26478641;0.0001;0.0;0.0001
2017-05-11 23:00:00+00:00;6.3e-07;0.0;0;0;0;0.0;0.109;0.109;0.28950649;0.14255125;0.0001;0.0;0.0001
2017-05-12 00:00:00+00:00;1.32e-06;0.0;0;0;0;0.0;0.119;0.119;0.61773696;0.22415422;0.0001;0.0;0.0001
2017-05-12 01:00:00+00:00;2.91e-06;0.0;0;0;0;0.0;0.147;0.147;0.50998084;0.22212261;0.0001;0.0;0.0001
2017-05-12 02:00:00+00:00;4.12e-06;0.0;0;0;0;0.0;0.164;0.164;0.47767091;0.220091;0.0001;0.0;0.0001
2017-05-12 03:00:00+00:00;5.47e-06;0.0;0;0;0;0.0;0.179;0.179;0.41571537;0.22212261;0.0001;0.0;0.0001
2017-05-12 04:00:00+00:00;7.46e-06;0.0;0;0;0;0.0;0.156;0.156;0.48879331;0.21128736;0.0001;0.0;0.0001
2017-05-12 05:00:00+00:00;4.977e-05;0.0;0;0;0;0.0;0.136;0.136;0.46659081;0.22178401;0.0001;0.0;0.0001
2017-05-12 06:00:00+00:00;0.00032807;0.0;0;0;0;0.0;0.169;0.169;0.40393042;0.2190752;0.0001;0.0;0.0001
2017-05-12 07:00:00+00:00;0.00042431;0.0;0;0;0;0.047;0.098;0.098;0.42482192;0.25632137;0.0001;0.005;0.0001
2017-05-12 08:00:00+00:00;0.00033863;0.0;0;0;0;0.147;0.124;0.124;0.46606923;0.25158095;0.0001;0.022;0.0001
2017-05-12 09:00:00+00:00;6.382e-05;0.0;0;0;0;0.242;0.213;0.213;0.51688828;0.25395116;0.0001;0.046;0.0001
2017-05-12 10:00:00+00:00;1.689e-05;0.0;0;0;0;0.333;0.246;0.246;0.54145904;0.29627635;0.0001;0.083;0.0001
2017-05-12 11:00:00+00:00;1.837e-05;0.0;0;0;0;0.364;0.232;0.232;0.53924584;0.30067817;0.0001;0.092;0.0001
2017-05-12 12:00:00+00:00;1.74e-05;0.0;0;0;0;0.378;0.195;0.195;0.48978008;0.30304838;0.0001;0.1;0.0001
2017-05-12 13:00:00+00:00;1.734e-05;0.0;0;0;0;0.354;0.162;0.162;0.47324451;0.27426725;0.0001;0.091;0.0001
2017-05-12 14:00:00+00:00;1.952e-05;0.0;0;0;0;0.293;0.136;0.136;0.49757563;0.27155844;0.0001;0.067;0.0001
2017-05-12 15:00:00+00:00;2.07e-05;0.0;0;0;0;0.214;0.112;0.112;0.51922835;0.26783382;0.0001;0.045;0.0001
2017-05-12 16:00:00+00:00;2.244e-05;0.0;0;0;0;0.128;0.095;0.095;0.55759991;0.49063363;0.0001;0.027;0.0001
2017-05-12 17:00:00+00:00;4.733e-05;0.0;0;0;0;0.029;0.09;0.09;0.62891575;0.75846745;0.0001;0.008;0.0001
2017-05-12 18:00:00+00:00;0.00036185;0.0;0;0;0;0.0;0.075;0.075;0.77146284;0.87054456;0.0001;0.0;0.0001
2017-05-12 19:00:00+00:00;0.00037123;0.0;0;0;0;0.0;0.059;0.059;0.74591939;0.89560108;0.0001;0.0;0.0001
2017-05-12 20:00:00+00:00;5.174e-05;0.0;0;0;0;0.0;0.049;0.049;0.73527629;0.89424667;0.0001;0.0;0.0001
2017-05-12 21:00:00+00:00;1.751e-05;0.0;0;0;0;0.0;0.06;0.06;0.64921518;0.88205702;0.0001;0.0;0.0001
2017-05-12 22:00:00+00:00;1.102e-05;0.0;0;0;0;0.0;0.07;0.07;0.56777782;0.37686352;0.0001;0.0;0.0001
2017-05-12 23:00:00+00:00;6.4e-07;0.0;0;0;0;0.0;0.081;0.081;0.54750658;0.22110681;0.0001;0.0;0.0001
2017-05-13 00:00:00+00:00;1.84e-06;0.0;0;0;0;0.0;0.159;0.159;0.35780561;0.15000048;0.0001;0.0;0.0001
2017-05-13 01:00:00+00:00;3.81e-06;0.0;0;0;0;0.0;0.271;0.271;0.28798404;0.14018104;0.0001;0.0;0.0001
2017-05-13 02:00:00+00:00;5.42e-06;0.0;0;0;0;0.0;0.337;0.337;0.26080536;0.14221265;0.0001;0.0;0.0001
2017-05-13 03:00:00+00:00;6.68e-06;0.0;0;0;0;0.0;0.319;0.319;0.25836661;0.14593726;0.0001;0.0;0.0001
2017-05-13 04:00:00+00:00;9.4e-06;0.0;0;0;0;0.0;0.174;0.174;0.26392076;0.14458286;0.0001;0.0;0.0001
2017-05-13 05:00:00+00:00;5.107e-05;0.0;0;0;0;0.0;0.123;0.123;0.27473302;0.13036159;0.0001;0.0;0.0001
2017-05-13 06:00:00+00:00;0.00033126;0.0;0;0;0;0.003;0.163;0.163;0.31984286;0.131716;0.0001;0.004;0.0001
2017-05-13 07:00:00+00:00;0.00042613;0.0;0;0;0;0.156;0.077;0.077;0.35611399;0.175057;0.0001;0.12;0.0001
2017-05-13 08:00:00+00:00;0.00033901;0.0;0;0;0;0.357;0.266;0.266;0.37549712;0.16794637;0.0001;0.334;0.0001
2017-05-13 09:00:00+00:00;6.502e-05;0.0;0;0;0;0.527;0.28;0.28;0.38957985;0.17471839;0.0001;0.562;0.0001
2017-05-13 10:00:00+00:00;2.082e-05;0.0;0;0;0;0.631;0.209;0.209;0.38996047;0.14627587;0.0001;0.717;0.0001
2017-05-13 11:00:00+00:00;2.085e-05;0.0;0;0;0;0.682;0.133;0.133;0.37245221;0.14322845;0.0001;0.798;0.0001
2017-05-13 12:00:00+00:00;2.057e-05;0.0;0;0;0;0.684;0.072;0.072;0.36826546;0.15000048;0.0001;0.797;0.0001
2017-05-13 13:00:00+00:00;2.037e-05;0.0;0;0;0;0.633;0.029;0.029;0.38532261;0.16591475;0.0001;0.707;0.0001
2017-05-13 14:00:00+00:00;2.046e-05;0.0;0;0;0;0.538;0.009;0.009;0.40942818;0.17945882;0.0001;0.56;0.0001
2017-05-13 15:00:00+00:00;2.151e-05;0.0;0;0;0;0.395;0.008;0.008;0.41230394;0.18216763;0.0001;0.36;0.0001
2017-05-13 16:00:00+00:00;2.492e-05;0.0;0;0;0;0.198;0.015;0.015;0.40467755;0.3948094;0.0001;0.129;0.0001
2017-05-13 17:00:00+00:00;4.971e-05;0.0;0;0;0;0.044;0.023;0.023;0.43125007;0.69142435;0.0001;0.027;0.0001
2017-05-13 18:00:00+00:00;0.00036453;0.0;0;0;0;0.0;0.027;0.027;0.66486265;0.82212454;0.0001;0.0;0.0001
2017-05-13 19:00:00+00:00;0.00037282;0.0;0;0;0;0.0;0.005;0.005;0.64773501;0.82009294;0.0001;0.0;0.0001
2017-05-13 20:00:00+00:00;5.524e-05;0.0;0;0;0;0.0;0.0;0.0;0.55871356;0.82551056;0.0001;0.0;0.0001
2017-05-13 21:00:00+00:00;1.86e-05;0.0;0;0;0;0.0;0.001;0.001;0.46726746;0.78284676;0.0001;0.0;0.0001
2017-05-13 22:00:00+00:00;1.223e-05;0.0;0;0;0;0.0;0.015;0.015;0.41174006;0.27189704;0.0001;0.0;0.0001
2017-05-13 23:00:00+00:00;1.55e-06;0.0;0;0;0;0.0;0.101;0.101;0.36063907;0.14424426;0.0001;0.0;0.0001
2017-05-14 00:00:00+00:00;1.85e-06;0.0;0;0;0;0.0;0.24;0.24;0.27922991;0.14526006;0.0001;0.0;0.0001
2017-05-14 01:00:00+00:00;3.71e-06;0.0;0;0;0;0.0;0.219;0.219;0.23602314;0.14153544;0.0001;0.0;0.0001
2017-05-14 02:00:00+00:00;5.34e-06;0.0;0;0;0;0.0;0.209;0.209;0.22859411;0.14424426;0.0001;0.0;0.0001
2017-05-14 03:00:00+00:00;6.77e-06;0.0;0;0;0;0.0;0.201;0.201;0.23037031;0.14356705;0.0001;0.0;0.0001
2017-05-14 04:00:00+00:00;9.06e-06;0.0;0;0;0;0.0;0.16;0.16;0.267304;0.14492146;0.0001;0.0;0.0001
2017-05-14 05:00:00+00:00;4.903e-05;0.0;0;0;0;0.0;0.127;0.127;0.25584327;0.13340901;0.0001;0.0;0.0001
2017-05-14 06:00:00+00:00;0.00032724;0.0;0;0;0;0.003;0.106;0.106;0.27600174;0.1327318;0.0001;0.004;0.0001
2017-05-14 07:00:00+00:00;0.00042497;0.0;0;0;0;0.16;0.048;0.048;0.35244882;0.175057;0.0001;0.13;0.0001
2017-05-14 08:00:00+00:00;0.00034021;0.0;0;0;0;0.362;0.061;0.061;0.3964591;0.21196457;0.0001;0.352;0.0001
2017-05-14 09:00:00+00:00;6.639e-05;0.0;0;0;0;0.519;0.128;0.128;0.39609259;0.21399617;0.0001;0.556;0.0001
2017-05-14 10:00:00+00:00;2.221e-05;0.0;0;0;0;0.628;0.141;0.141;0.42955845;0.21230317;0.0001;0.716;0.0001
2017-05-14 11:00:00+00:00;2.111e-05;0.0;0;0;0;0.684;0.144;0.144;0.42958664;0.18149043;0.0001;0.809;0.0001
2017-05-14 12:00:00+00:00;2.117e-05;0.0;0;0;0;0.693;0.123;0.123;0.34689467;0.18792386;0.0001;0.825;0.0001
2017-05-14 13:00:00+00:00;1.948e-05;0.0;0;0;0;0.653;0.092;0.092;0.36665842;0.20823995;0.0001;0.762;0.0001
2017-05-14 14:00:00+00:00;2.015e-05;0.0;0;0;0;0.56;0.063;0.063;0.35997652;0.23837548;0.0001;0.616;0.0001
2017-05-14 15:00:00+00:00;2.283e-05;0.0;0;0;0;0.429;0.047;0.047;0.3622884;0.23837548;0.0001;0.436;0.0001
2017-05-14 16:00:00+00:00;2.413e-05;0.0;0;0;0;0.239;0.044;0.044;0.37614558;0.44390662;0.0001;0.201;0.0001
2017-05-14 17:00:00+00:00;4.943e-05;0.0;0;0;0;0.052;0.058;0.058;0.48670698;0.73104073;0.0001;0.039;0.0001
2017-05-14 18:00:00+00:00;0.00036443;0.0;0;0;0;0.0;0.073;0.073;0.69952674;0.8776552;0.0001;0.0;0.0001
2017-05-14 19:00:00+00:00;0.00038082;0.0;0;0;0;0.0;0.083;0.083;0.70044304;0.88002541;0.0001;0.0;0.0001
2017-05-14 20:00:00+00:00;5.438e-05;0.0;0;0;0;0.0;0.086;0.086;0.57905528;0.88205702;0.0001;0.0;0.0001
2017-05-14 21:00:00+00:00;1.872e-05;0.0;0;0;0;0.0;0.083;0.083;0.47946121;0.84853546;0.0001;0.0;0.0001
2017-05-14 22:00:00+00:00;1.216e-05;0.0;0;0;0;0.0;0.062;0.062;0.40827224;0.32708909;0.0001;0.0;0.0001
2017-05-14 23:00:00+00:00;1.24e-06;0.0;0;0;0;0.0;0.041;0.041;0.34435724;0.20451533;0.0001;0.0;0.0001
2017-05-15 00:00:00+00:00;1.98e-06;0.0;0;0;0;0.0;0.033;0.033;0.25854987;0.20620834;0.0001;0.0;0.0001
2017-05-15 01:00:00+00:00;4e-06;0.0;0;0;0;0.0;0.036;0.036;0.25656221;0.21670499;0.0001;0.0;0.0001
2017-05-15 02:00:00+00:00;5.11e-06;0.0;0;0;0;0.0;0.067;0.067;0.24971116;0.20451533;0.0001;0.0;0.0001
2017-05-15 03:00:00+00:00;6.92e-06;0.0;0;0;0;0.0;0.126;0.126;0.19108246;0.2204296;0.0001;0.0;0.0001
2017-05-15 04:00:00+00:00;9.28e-06;0.0;0;0;0;0.0;0.151;0.151;0.22412542;0.20112932;0.0001;0.0;0.0001
2017-05-15 05:00:00+00:00;5.269e-05;0.0;0;0;0;0.0;0.126;0.126;0.23918083;0.20993296;0.0001;0.0;0.0001
2017-05-15 06:00:00+00:00;0.00032764;0.0;0;0;0;0.003;0.111;0.111;0.26705025;0.20451533;0.0001;0.004;0.0001
2017-05-15 07:00:00+00:00;0.00042176;0.0;0;0;0;0.146;0.043;0.043;0.37923278;0.24379311;0.0001;0.105;0.0001
2017-05-15 08:00:00+00:00;0.00034205;0.0;0;0;0;0.294;0.022;0.022;0.44412047;0.25158095;0.0001;0.221;0.0001
2017-05-15 09:00:00+00:00;6.417e-05;0.0;0;0;0;0.414;0.049;0.049;0.44650283;0.25124234;0.0001;0.334;0.0001
2017-05-15 10:00:00+00:00;2.086e-05;0.0;0;0;0;0.571;0.059;0.059;0.41460172;0.21772079;0.0001;0.583;0.0001
2017-05-15 11:00:00+00:00;2.196e-05;0.0;0;0;0;0.647;0.066;0.066;0.411585;0.21061016;0.0001;0.721;0.0001
2017-05-15 12:00:00+00:00;2.108e-05;0.0;0;0;0;0.672;0.077;0.077;0.39722033;0.20654694;0.0001;0.778;0.0001
2017-05-15 13:00:00+00:00;1.986e-05;0.0;0;0;0;0.631;0.078;0.078;0.37443986;0.2417615;0.0001;0.711;0.0001
2017-05-15 14:00:00+00:00;2.049e-05;0.0;0;0;0;0.52;0.075;0.075;0.37063372;0.25801438;0.0001;0.526;0.0001
2017-05-15 15:00:00+00:00;2.206e-05;0.0;0;0;0;0.384;0.075;0.075;0.3778372;0.25496696;0.0001;0.342;0.0001
2017-05-15 16:00:00+00:00;2.442e-05;0.0;0;0;0;0.214;0.09;0.09;0.37147953;0.45812789;0.0001;0.156;0.0001
2017-05-15 17:00:00+00:00;5.081e-05;0.0;0;0;0;0.05;0.136;0.136;0.50964251;0.75067962;0.0001;0.035;0.0001
2017-05-15 18:00:00+00:00;0.00036486;0.0;0;0;0;0.0;0.216;0.216;0.65045569;0.8779938;0.0001;0.0;0.0001
2017-05-15 19:00:00+00:00;0.00037528;0.0;0;0;0;0.0;0.265;0.265;0.63448399;0.88375002;0.0001;0.0;0.0001
2017-05-15 20:00:00+00:00;5.467e-05;0.0;0;0;0;0.0;0.264;0.264;0.55397703;0.88645884;0.0001;0.0;0.0001
2017-05-15 21:00:00+00:00;1.86e-05;0.0;0;0;0;0.0;0.215;0.215;0.51123545;0.8563233;0.0001;0.0;0.0001
2017-05-15 22:00:00+00:00;1.177e-05;0.0;0;0;0;0.0;0.156;0.156;0.43793196;0.30237118;0.0001;0.0;0.0001
2017-05-15 23:00:00+00:00;1.2e-06;0.0;0;0;0;0.0;0.088;0.088;0.38502658;0.17810441;0.0001;0.0;0.0001
2017-05-16 00:00:00+00:00;1.75e-06;0.0;0;0;0;0.0;0.031;0.031;0.30864998;0.18623085;0.0001;0.0;0.0001
2017-05-16 01:00:00+00:00;3.88e-06;0.0;0;0;0;0.0;0.007;0.007;0.24407243;0.17979742;0.0001;0.0;0.0001
2017-05-16 02:00:00+00:00;5.3e-06;0.0;0;0;0;0.0;0.005;0.005;0.23465575;0.18047462;0.0001;0.0;0.0001
2017-05-16 03:00:00+00:00;6.78e-06;0.0;0;0;0;0.0;0.01;0.01;0.2451015;0.18758525;0.0001;0.0;0.0001
2017-05-16 04:00:00+00:00;9.38e-06;0.0;0;0;0;0.0;0.02;0.02;0.28221843;0.19300288;0.0001;0.0;0.0001
2017-05-16 05:00:00+00:00;4.787e-05;0.0;0;0;0;0.0;0.036;0.036;0.30243328;0.19063267;0.0001;0.0;0.0001
2017-05-16 06:00:00+00:00;0.00032801;0.0;0;0;0;0.0;0.055;0.055;0.26289169;0.19469589;0.0001;0.001;0.0001
2017-05-16 07:00:00+00:00;0.00041989;0.0;0;0;0;0.074;0.045;0.045;0.23445839;0.19266428;0.0001;0.021;0.0001
2017-05-16 08:00:00+00:00;0.00033978;0.0;0;0;0;0.262;0.008;0.008;0.24008303;0.19605029;0.0001;0.16;0.0001
2017-05-16 09:00:00+00:00;6.425e-05;0.0;0;0;0;0.482;0.022;0.022;0.25024684;0.19164847;0.0001;0.464;0.0001
2017-05-16 10:00:00+00:00;2.052e-05;0.0;0;0;0;0.592;0.06;0.06;0.28365631;0.24785633;0.0001;0.628;0.0001
2017-05-16 11:00:00+00:00;2.011e-05;0.0;0;0;0;0.637;0.103;0.103;0.27154714;0.28713411;0.0001;0.689;0.0001
2017-05-16 12:00:00+00:00;2.107e-05;0.0;0;0;0;0.624;0.12;0.12;0.29544126;0.25835298;0.0001;0.653;0.0001
2017-05-16 13:00:00+00:00;2.07e-05;0.0;0;0;0;0.607;0.107;0.107;0.30807201;0.24379311;0.0001;0.644;0.0001
2017-05-16 14:00:00+00:00;2.132e-05;0.0;0;0;0;0.53;0.102;0.102;0.3134711;0.24988794;0.0001;0.54;0.0001
2017-05-16 15:00:00+00:00;2.176e-05;0.0;0;0;0;0.382;0.11;0.11;0.28891443;0.24413171;0.0001;0.332;0.0001
2017-05-16 16:00:00+00:00;2.341e-05;0.0;0;0;0;0.192;0.118;0.118;0.28588361;0.46693153;0.0001;0.116;0.0001
2017-05-16 17:00:00+00:00;4.958e-05;0.0;0;0;0;0.029;0.163;0.163;0.38327857;0.73679695;0.0001;0.013;0.0001
2017-05-16 18:00:00+00:00;0.00037088;0.0;0;0;0;0.0;0.269;0.269;0.59433624;0.84514945;0.0001;0.0;0.0001
2017-05-16 19:00:00+00:00;0.00038381;0.0;0;0;0;0.0;0.283;0.283;0.55716291;0.87359198;0.0001;0.0;0.0001
2017-05-16 20:00:00+00:00;5.458e-05;0.0;0;0;0;0.0;0.183;0.183;0.46621019;0.88408863;0.0001;0.0;0.0001
2017-05-16 21:00:00+00:00;1.878e-05;0.0;0;0;0;0.0;0.079;0.079;0.42131181;0.83533;0.0001;0.0;0.0001
2017-05-16 22:00:00+00:00;1.205e-05;0.0;0;0;0;0.0;0.02;0.02;0.32332478;0.80180845;0.0001;0.0;0.0001
2017-05-16 23:00:00+00:00;1.22e-06;0.0;0;0;0;0.0;0.002;0.002;0.30938302;0.44322942;0.0001;0.0;0.0001
2017-05-17 00:00:00+00:00;2.05e-06;0.0;0;0;0;0.0;0.0;0.0;0.2446222;0.43679599;0.0001;0.0;0.0001
2017-05-17 01:00:00+00:00;3.82e-06;0.0;0;0;0;0.0;0.003;0.003;0.20152821;0.44052061;0.0001;0.0;0.0001
2017-05-17 02:00:00+00:00;5.34e-06;0.0;0;0;0;0.0;0.055;0.055;0.22945402;0.45135585;0.0001;0.0;0.0001
2017-05-17 03:00:00+00:00;6.65e-06;0.0;0;0;0;0.0;0.117;0.117;0.2308778;0.21738219;0.0001;0.0;0.0001
2017-05-17 04:00:00+00:00;8.92e-06;0.0;0;0;0;0.0;0.14;0.14;0.20037227;0.20586974;0.0001;0.0;0.0001
2017-05-17 05:00:00+00:00;5.015e-05;0.0;0;0;0;0.0;0.133;0.133;0.23561433;0.20688554;0.0001;0.0;0.0001
2017-05-17 06:00:00+00:00;0.0003238;0.0;0;0;0;0.0;0.121;0.121;0.30387116;0.21094876;0.0001;0.0;0.0001
2017-05-17 07:00:00+00:00;0.00042391;0.0;0;0;0;0.042;0.049;0.049;0.33320665;0.25293535;0.0001;0.004;0.0001
2017-05-17 08:00:00+00:00;0.00033936;0.0;0;0;0;0.128;0.029;0.029;0.36156946;0.25293535;0.0001;0.016;0.0001
2017-05-17 09:00:00+00:00;6.553e-05;0.0;0;0;0;0.234;0.069;0.069;0.38241867;0.25158095;0.0001;0.044;0.0001
2017-05-17 10:00:00+00:00;1.95e-05;0.0;0;0;0;0.379;0.076;0.076;0.38061427;0.22483142;0.0001;0.14;0.0001
2017-05-17 11:00:00+00:00;2.107e-05;0.0;0;0;0;0.451;0.083;0.083;0.39086266;0.2204296;0.0001;0.209;0.0001
2017-05-17 12:00:00+00:00;2.054e-05;0.0;0;0;0;0.429;0.101;0.101;0.37448215;0.19571169;0.0001;0.167;0.0001
2017-05-17 13:00:00+00:00;2.047e-05;0.0;0;0;0;0.317;0.112;0.112;0.37566629;0.22991045;0.0001;0.067;0.0001
2017-05-17 14:00:00+00:00;2.225e-05;0.0;0;0;0;0.219;0.132;0.132;0.45369221;0.25022654;0.0001;0.029;0.0001
2017-05-17 15:00:00+00:00;2.307e-05;0.0;0;0;0;0.167;0.128;0.128;0.44891339;0.24785633;0.0001;0.022;0.0001
2017-05-17 16:00:00+00:00;2.437e-05;0.0;0;0;0;0.102;0.119;0.119;0.49524965;0.46252971;0.0001;0.016;0.0001
2017-05-17 17:00:00+00:00;4.943e-05;0.0;0;0;0;0.021;0.147;0.147;0.53033665;0.74356899;0.0001;0.005;0.0001
2017-05-17 18:00:00+00:00;0.0003709;0.0;0;0;0;0.0;0.223;0.223;0.62368583;0.88612024;0.0001;0.0;0.0001
2017-05-17 19:00:00+00:00;0.00037916;0.0;0;0;0;0.0;0.237;0.237;0.61362069;0.88104121;0.0001;0.0;0.0001
2017-05-17 20:00:00+00:00;5.351e-05;0.0;0;0;0;0.0;0.188;0.188;0.53225382;0.88544303;0.0001;0.0;0.0001
2017-05-17 21:00:00+00:00;1.874e-05;0.0;0;0;0;0.0;0.111;0.111;0.41236032;0.85022847;0.0001;0.0;0.0001
2017-05-17 22:00:00+00:00;1.201e-05;0.0;0;0;0;0.0;0.044;0.044;0.33766125;0.32336447;0.0001;0.0;0.0001
2017-05-17 23:00:00+00:00;1.27e-06;0.0;0;0;0;0.0;0.01;0.01;0.28265544;0.20756274;0.0001;0.0;0.0001
2017-05-18 00:00:00+00:00;1.3e-06;0.0;0;0;0;0.0;0.002;0.002;0.2552935;0.20654694;0.0001;0.0;0.0001
2017-05-18 01:00:00+00:00;2.92e-06;0.0;0;0;0;0.0;0.001;0.001;0.25343272;0.20857855;0.0001;0.0;0.0001
2017-05-18 02:00:00+00:00;4.19e-06;0.0;0;0;0;0.0;0.001;0.001;0.21136779;0.2204296;0.0001;0.0;0.0001
2017-05-18 03:00:00+00:00;5.48e-06;0.0;0;0;0;0.0;0.001;0.001;0.21635807;0.20586974;0.0001;0.0;0.0001
2017-05-18 04:00:00+00:00;7.58e-06;0.0;0;0;0;0.0;0.002;0.002;0.21582239;0.20891715;0.0001;0.0;0.0001
2017-05-18 05:00:00+00:00;4.903e-05;0.0;0;0;0;0.0;0.004;0.004;0.21225589;0.20586974;0.0001;0.0;0.0001
2017-05-18 06:00:00+00:00;0.00032474;0.0;0;0;0;0.002;0.006;0.006;0.26557009;0.21704359;0.0001;0.002;0.0001
2017-05-18 07:00:00+00:00;0.00042857;0.0;0;0;0;0.1;0.007;0.007;0.28765981;0.25395116;0.0001;0.037;0.0001
2017-05-18 08:00:00+00:00;0.00033573;0.0;0;0;0;0.201;0.002;0.002;0.33282604;0.25462836;0.0001;0.064;0.0001
2017-05-18 09:00:00+00:00;6.19e-05;0.0;0;0;0;0.31;0.008;0.008;0.34869906;0.25733717;0.0001;0.116;0.0001
2017-05-18 10:00:00+00:00;1.867e-05;0.0;0;0;0;0.39;0.016;0.016;0.34651405;0.2187366;0.0001;0.163;0.0001
2017-05-18 11:00:00+00:00;1.876e-05;0.0;0;0;0;0.416;0.026;0.026;0.37966979;0.22449282;0.0001;0.166;0.0001
2017-05-18 12:00:00+00:00;1.832e-05;0.0;0;0;0;0.408;0.033;0.033;0.35332282;0.20079071;0.0001;0.15;0.0001
2017-05-18 13:00:00+00:00;1.706e-05;0.0;0;0;0;0.387;0.04;0.04;0.38243276;0.23702108;0.0001;0.142;0.0001
2017-05-18 14:00:00+00:00;1.865e-05;0.0;0;0;0;0.311;0.048;0.048;0.46333444;0.24277731;0.0001;0.093;0.0001
2017-05-18 15:00:00+00:00;1.99e-05;0.0;0;0;0;0.194;0.061;0.061;0.44361298;0.25090374;0.0001;0.038;0.0001
2017-05-18 16:00:00+00:00;2.275e-05;0.0;0;0;0;0.091;0.079;0.079;0.39414722;0.46727013;0.0001;0.013;0.0001
2017-05-18 17:00:00+00:00;4.847e-05;0.0;0;0;0;0.014;0.097;0.097;0.43529586;0.76320788;0.0001;0.002;0.0001
2017-05-18 18:00:00+00:00;0.00036304;0.0;0;0;0;0.0;0.156;0.156;0.66666704;0.89729408;0.0001;0.0;0.0001
2017-05-18 19:00:00+00:00;0.00037805;0.0;0;0;0;0.0;0.203;0.203;0.64631123;0.88375002;0.0001;0.0;0.0001
2017-05-18 20:00:00+00:00;5.246e-05;0.0;0;0;0;0.0;0.195;0.195;0.48242154;0.88137981;0.0001;0.0;0.0001
2017-05-18 21:00:00+00:00;1.746e-05;0.0;0;0;0;0.0;0.157;0.157;0.39795337;0.85463029;0.0001;0.0;0.0001
2017-05-18 22:00:00+00:00;1.098e-05;0.0;0;0;0;0.0;0.116;0.116;0.28374089;0.3301365;0.0001;0.0;0.0001
2017-05-18 23:00:00+00:00;5.5e-07;0.0;0;0;0;0.0;0.089;0.089;0.2517552;0.20620834;0.0001;0.0;0.0001
2017-05-19 00:00:00+00:00;1.34e-06;0.0;0;0;0;0.0;0.069;0.069;0.23141348;0.20586974;0.0001;0.0;0.0001
2017-05-19 01:00:00+00:00;2.93e-06;0.0;0;0;0;0.0;0.054;0.054;0.20264186;0.20586974;0.0001;0.0;0.0001
2017-05-19 02:00:00+00:00;4.16e-06;0.0;0;0;0;0.0;0.043;0.043;0.20065421;0.20586974;0.0001;0.0;0.0001
2017-05-19 03:00:00+00:00;5.48e-06;0.0;0;0;0;0.0;0.033;0.033;0.19707361;0.22246121;0.0001;0.0;0.0001
2017-05-19 04:00:00+00:00;7.55e-06;0.0;0;0;0;0.0;0.024;0.024;0.23314739;0.21196457;0.0001;0.0;0.0001
2017-05-19 05:00:00+00:00;4.729e-05;0.0;0;0;0;0.0;0.016;0.016;0.24025219;0.20857855;0.0001;0.0;0.0001
2017-05-19 06:00:00+00:00;0.00032705;0.0;0;0;0;0.0;0.011;0.011;0.27727045;0.20857855;0.0001;0.0;0.0001
2017-05-19 07:00:00+00:00;0.00042744;0.0;0;0;0;0.057;0.009;0.009;0.25632257;0.22212261;0.0001;0.01;0.0001
2017-05-19 08:00:00+00:00;0.00033312;0.0;0;0;0;0.181;0.015;0.015;0.29728794;0.2194138;0.0001;0.049;0.0001
2017-05-19 09:00:00+00:00;6.273e-05;0.0;0;0;0;0.286;0.027;0.027;0.30552049;0.20756274;0.0001;0.094;0.0001
2017-05-19 10:00:00+00:00;1.832e-05;0.0;0;0;0;0.313;0.049;0.049;0.33508153;0.20451533;0.0001;0.085;0.0001
2017-05-19 11:00:00+00:00;1.886e-05;0.0;0;0;0;0.377;0.076;0.076;0.30395574;0.20451533;0.0001;0.129;0.0001
2017-05-19 12:00:00+00:00;1.838e-05;0.0;0;0;0;0.482;0.098;0.098;0.29582187;0.18013602;0.0001;0.281;0.0001
2017-05-19 13:00:00+00:00;1.812e-05;0.0;0;0;0;0.524;0.118;0.118;0.31653011;0.21433478;0.0001;0.411;0.0001
2017-05-19 14:00:00+00:00;1.777e-05;0.0;0;0;0;0.498;0.127;0.127;0.36698264;0.26106179;0.0001;0.438;0.0001
2017-05-19 15:00:00+00:00;2.054e-05;0.0;0;0;0;0.388;0.124;0.124;0.36767339;0.26004598;0.0001;0.324;0.0001
2017-05-19 16:00:00+00:00;2.302e-05;0.0;0;0;0;0.199;0.115;0.115;0.38260192;0.46456131;0.0001;0.12;0.0001
2017-05-19 17:00:00+00:00;4.593e-05;0.0;0;0;0;0.034;0.109;0.109;0.45250808;0.75779025;0.0001;0.016;0.0001
2017-05-19 18:00:00+00:00;0.00036722;0.0;0;0;0;0.0;0.186;0.186;0.65407858;0.88578163;0.0001;0.0;0.0001
2017-05-19 19:00:00+00:00;0.00037512;0.0;0;0;0;0.0;0.293;0.293;0.61229559;0.90203451;0.0001;0.0;0.0001
2017-05-19 20:00:00+00:00;5.324e-05;0.0;0;0;0;0.0;0.321;0.321;0.57293726;0.88036401;0.0001;0.0;0.0001
2017-05-19 21:00:00+00:00;1.747e-05;0.0;0;0;0;0.0;0.282;0.282;0.42370827;0.84853546;0.0001;0.0;0.0001
2017-05-19 22:00:00+00:00;1.108e-05;0.0;0;0;0;0.0;0.248;0.248;0.31399268;0.3287821;0.0001;0.0;0.0001
2017-05-19 23:00:00+00:00;6.1e-07;0.0;0;0;0;0.0;0.212;0.212;0.22079857;0.20823995;0.0001;0.0;0.0001
2017-05-20 00:00:00+00:00;1.69e-06;0.0;0;0;0;0.0;0.145;0.145;0.19008159;0.20790135;0.0001;0.0;0.0001
2017-05-20 01:00:00+00:00;3.88e-06;0.0;0;0;0;0.0;0.104;0.104;0.18774151;0.20485393;0.0001;0.0;0.0001
2017-05-20 02:00:00+00:00;5.25e-06;0.0;0;0;0;0.0;0.078;0.078;0.19213972;0.19334148;0.0001;0.0;0.0001
2017-05-20 03:00:00+00:00;6.98e-06;0.0;0;0;0;0.0;0.062;0.062;0.19051859;0.20790135;0.0001;0.0;0.0001
2017-05-20 04:00:00+00:00;9.11e-06;0.0;0;0;0;0.0;0.055;0.055;0.19013797;0.20823995;0.0001;0.0;0.0001
2017-05-20 05:00:00+00:00;5.064e-05;0.0;0;0;0;0.0;0.055;0.055;0.23902576;0.20823995;0.0001;0.0;0.0001
2017-05-20 06:00:00+00:00;0.00032775;0.0;0;0;0;0.002;0.065;0.065;0.21985408;0.21027156;0.0001;0.002;0.0001
2017-05-20 07:00:00+00:00;0.00043008;0.0;0;0;0;0.141;0.046;0.046;0.27478941;0.25428976;0.0001;0.101;0.0001
2017-05-20 08:00:00+00:00;0.00034627;0.0;0;0;0;0.34;0.083;0.083;0.31462703;0.25395116;0.0001;0.307;0.0001
2017-05-20 09:00:00+00:00;6.321e-05;0.0;0;0;0;0.501;0.162;0.162;0.32570714;0.25530556;0.0001;0.513;0.0001
2017-05-20 10:00:00+00:00;2.098e-05;0.0;0;0;0;0.605;0.175;0.175;0.3152332;0.2197524;0.0001;0.662;0.0001
2017-05-20 11:00:00+00:00;2.139e-05;0.0;0;0;0;0.66;0.188;0.188;0.32256355;0.22212261;0.0001;0.747;0.0001
2017-05-20 12:00:00+00:00;2.148e-05;0.0;0;0;0;0.639;0.211;0.211;0.30516807;0.20993296;0.0001;0.694;0.0001
2017-05-20 13:00:00+00:00;2.091e-05;0.0;0;0;0;0.592;0.218;0.218;0.3352084;0.23566667;0.0001;0.618;0.0001
2017-05-20 14:00:00+00:00;2.036e-05;0.0;0;0;0;0.519;0.208;0.208;0.40054718;0.24379311;0.0001;0.522;0.0001
2017-05-20 15:00:00+00:00;2.208e-05;0.0;0;0;0;0.379;0.18;0.18;0.40338064;0.24717913;0.0001;0.333;0.0001
2017-05-20 16:00:00+00:00;2.426e-05;0.0;0;0;0;0.199;0.146;0.146;0.40951276;0.46456131;0.0001;0.133;0.0001
2017-05-20 17:00:00+00:00;4.986e-05;0.0;0;0;0;0.029;0.141;0.141;0.44560064;0.76151487;0.0001;0.014;0.0001
2017-05-20 18:00:00+00:00;0.0003597;0.0;0;0;0;0.0;0.213;0.213;0.62832368;0.88375002;0.0001;0.0;0.0001
2017-05-20 19:00:00+00:00;0.00038212;0.0;0;0;0;0.0;0.289;0.289;0.58789399;0.88273422;0.0001;0.0;0.0001
2017-05-20 20:00:00+00:00;5.343e-05;0.0;0;0;0;0.0;0.306;0.306;0.52541686;0.8570005;0.0001;0.0;0.0001
2017-05-20 21:00:00+00:00;1.917e-05;0.0;0;0;0;0.0;0.278;0.278;0.39495074;0.86004792;0.0001;0.0;0.0001
2017-05-20 22:00:00+00:00;1.22e-05;0.0;0;0;0;0.0;0.227;0.227;0.27868013;0.56309436;0.0001;0.0;0.0001
2017-05-20 23:00:00+00:00;1.47e-06;0.0;0;0;0;0.0;0.197;0.197;0.2117907;0.20349953;0.0001;0.0;0.0001
2017-05-21 00:00:00+00:00;1.86e-06;0.0;0;0;0;0.0;0.136;0.136;0.17451869;0.20417673;0.0001;0.0;0.0001
2017-05-21 01:00:00+00:00;3.95e-06;0.0;0;0;0;0.0;0.126;0.126;0.15412059;0.20857855;0.0001;0.0;0.0001
2017-05-21 02:00:00+00:00;5.41e-06;0.0;0;0;0;0.0;0.102;0.102;0.15514965;0.20688554;0.0001;0.0;0.0001
2017-05-21 03:00:00+00:00;6.86e-06;0.0;0;0;0;0.0;0.09;0.09;0.15799721;0.22246121;0.0001;0.0;0.0001
2017-05-21 04:00:00+00:00;9.11e-06;0.0;0;0;0;0.0;0.1;0.1;0.1940428;0.2207682;0.0001;0.0;0.0001
2017-05-21 05:00:00+00:00;4.971e-05;0.0;0;0;0;0.0;0.102;0.102;0.22106641;0.22279981;0.0001;0.0;0.0001
2017-05-21 06:00:00+00:00;0.00032711;0.0;0;0;0;0.001;0.12;0.12;0.22808663;0.22483142;0.0001;0.002;0.0001
2017-05-21 07:00:00+00:00;0.00042818;0.0;0;0;0;0.113;0.105;0.105;0.26731809;0.25225815;0.0001;0.059;0.0001
2017-05-21 08:00:00+00:00;0.00034001;0.0;0;0;0;0.291;0.31;0.31;0.33815464;0.25124234;0.0001;0.208;0.0001
2017-05-21 09:00:00+00:00;6.451e-05;0.0;0;0;0;0.424;0.454;0.454;0.34479424;0.25361255;0.0001;0.341;0.0001
2017-05-21 10:00:00+00:00;2e-05;0.0;0;0;0;0.517;0.455;0.455;0.37529977;0.22415422;0.0001;0.443;0.0001
2017-05-21 11:00:00+00:00;2.035e-05;0.0;0;0;0;0.53;0.392;0.392;0.38212263;0.20519253;0.0001;0.42;0.0001
2017-05-21 12:00:00+00:00;2.142e-05;0.0;0;0;0;0.508;0.332;0.332;0.3183345;0.1977433;0.0001;0.362;0.0001
2017-05-21 13:00:00+00:00;2.154e-05;0.0;0;0;0;0.482;0.268;0.268;0.33983216;0.20349953;0.0001;0.34;0.0001
2017-05-21 14:00:00+00:00;2.069e-05;0.0;0;0;0;0.42;0.201;0.201;0.36414918;0.23566667;0.0001;0.285;0.0001
2017-05-21 15:00:00+00:00;2.194e-05;0.0;0;0;0;0.281;0.138;0.138;0.33905683;0.4611753;0.0001;0.14;0.0001
2017-05-21 16:00:00+00:00;2.49e-05;0.0;0;0;0;0.121;0.078;0.078;0.3241283;0.46794733;0.0001;0.033;0.0001
2017-05-21 17:00:00+00:00;4.955e-05;0.0;0;0;0;0.017;0.05;0.05;0.46357409;0.75203402;0.0001;0.004;0.0001
2017-05-21 18:00:00+00:00;0.00036582;0.0;0;0;0;0.0;0.095;0.095;0.62706906;0.89052206;0.0001;0.0;0.0001
2017-05-21 19:00:00+00:00;0.00038347;0.0;0;0;0;0.0;0.156;0.156;0.60231504;0.88984485;0.0001;0.0;0.0001
2017-05-21 20:00:00+00:00;5.51e-05;0.0;0;0;0;0.0;0.197;0.197;0.52971639;0.88578163;0.0001;0.0;0.0001
2017-05-21 21:00:00+00:00;1.888e-05;0.0;0;0;0;0.0;0.223;0.223;0.42014177;0.85327588;0.0001;0.0;0.0001
2017-05-21 22:00:00+00:00;1.218e-05;0.0;0;0;0;0.0;0.211;0.211;0.30504119;0.56614178;0.0001;0.0;0.0001
2017-05-21 23:00:00+00:00;1.17e-06;0.0;0;0;0;0.0;0.165;0.165;0.23331655;0.20214512;0.0001;0.0;0.0001
2017-05-22 00:00:00+00:00;1.75e-06;0.0;0;0;0;0.0;0.119;0.119;0.1815953;0.20519253;0.0001;0.0;0.0001
2017-05-22 01:00:00+00:00;3.89e-06;0.0;0;0;0;0.0;0.091;0.091;0.16328352;0.19164847;0.0001;0.0;0.0001
2017-05-22 02:00:00+00:00;5.12e-06;0.0;0;0;0;0.0;0.066;0.066;0.15975932;0.19266428;0.0001;0.0;0.0001
2017-05-22 03:00:00+00:00;6.77e-06;0.0;0;0;0;0.0;0.055;0.055;0.15779986;0.20959435;0.0001;0.0;0.0001
2017-05-22 04:00:00+00:00;9.27e-06;0.0;0;0;0;0.0;0.063;0.063;0.15417697;0.21128736;0.0001;0.0;0.0001
2017-05-22 05:00:00+00:00;4.989e-05;0.0;0;0;0;0.0;0.065;0.065;0.18906662;0.21162596;0.0001;0.0;0.0001
2017-05-22 06:00:00+00:00;0.00033173;0.0;0;0;0;0.002;0.07;0.07;0.17099449;0.20823995;0.0001;0.003;0.0001
2017-05-22 07:00:00+00:00;0.00042723;0.0;0;0;0;0.147;0.048;0.048;0.20805504;0.25090374;0.0001;0.109;0.0001
2017-05-22 08:00:00+00:00;0.00034014;0.0;0;0;0;0.337;0.047;0.047;0.24679311;0.25699857;0.0001;0.304;0.0001
2017-05-22 09:00:00+00:00;6.4e-05;0.0;0;0;0;0.482;0.096;0.096;0.29380603;0.25056514;0.0001;0.479;0.0001
2017-05-22 10:00:00+00:00;2.128e-05;0.0;0;0;0;0.566;0.103;0.103;0.29122631;0.22381562;0.0001;0.58;0.0001
2017-05-22 11:00:00+00:00;2.109e-05;0.0;0;0;0;0.595;0.091;0.091;0.27687574;0.20688554;0.0001;0.597;0.0001
2017-05-22 12:00:00+00:00;2.116e-05;0.0;0;0;0;0.574;0.077;0.077;0.24231032;0.19266428;0.0001;0.538;0.0001
2017-05-22 13:00:00+00:00;2.055e-05;0.0;0;0;0;0.515;0.071;0.071;0.25520892;0.1967275;0.0001;0.433;0.0001
2017-05-22 14:00:00+00:00;2.09e-05;0.0;0;0;0;0.418;0.055;0.055;0.27140617;0.22754024;0.0001;0.299;0.0001
2017-05-22 15:00:00+00:00;2.235e-05;0.0;0;0;0;0.271;0.054;0.054;0.25165652;0.24684052;0.0001;0.137;0.0001
2017-05-22 16:00:00+00:00;2.41e-05;0.0;0;0;0;0.156;0.064;0.064;0.277059;0.46422271;0.0001;0.07;0.0001
2017-05-22 17:00:00+00:00;4.912e-05;0.0;0;0;0;0.029;0.043;0.043;0.40273219;0.75745165;0.0001;0.013;0.0001
2017-05-22 18:00:00+00:00;0.00036353;0.0;0;0;0;0.0;0.058;0.058;0.63930511;0.88747464;0.0001;0.0;0.0001
2017-05-22 19:00:00+00:00;0.00038249;0.0;0;0;0;0.0;0.159;0.159;0.62649109;0.88612024;0.0001;0.0;0.0001
2017-05-22 20:00:00+00:00;5.513e-05;0.0;0;0;0;0.0;0.212;0.212;0.6118163;0.88747464;0.0001;0.0;0.0001
2017-05-22 21:00:00+00:00;1.895e-05;0.0;0;0;0;0.0;0.177;0.177;0.4874682;0.84887406;0.0001;0.0;0.0001
2017-05-22 22:00:00+00:00;1.201e-05;0.0;0;0;0;0.0;0.129;0.129;0.35801706;0.33386112;0.0001;0.0;0.0001
2017-05-22 23:00:00+00:00;1.02e-06;0.0;0;0;0;0.0;0.094;0.094;0.27494447;0.21162596;0.0001;0.0;0.0001
2017-05-23 00:00:00+00:00;1.77e-06;0.0;0;0;0;0.0;0.066;0.066;0.20103482;0.20688554;0.0001;0.0;0.0001
2017-05-23 01:00:00+00:00;3.78e-06;0.0;0;0;0;0.0;0.049;0.049;0.2011053;0.19909771;0.0001;0.0;0.0001
2017-05-23 02:00:00+00:00;5.56e-06;0.0;0;0;0;0.0;0.055;0.055;0.16577866;0.19605029;0.0001;0.0;0.0001
2017-05-23 03:00:00+00:00;7.12e-06;0.0;0;0;0;0.0;0.048;0.048;0.15846241;0.20857855;0.0001;0.0;0.0001
2017-05-23 04:00:00+00:00;8.97e-06;0.0;0;0;0;0.0;0.053;0.053;0.16049235;0.21061016;0.0001;0.0;0.0001
2017-05-23 05:00:00+00:00;5.084e-05;0.0;0;0;0;0.0;0.074;0.074;0.15913906;0.21027156;0.0001;0.0;0.0001
2017-05-23 06:00:00+00:00;0.00033121;0.0;0;0;0;0.002;0.084;0.084;0.17350372;0.21061016;0.0001;0.003;0.0001
2017-05-23 07:00:00+00:00;0.00042603;0.0;0;0;0;0.154;0.033;0.033;0.19407099;0.25090374;0.0001;0.125;0.0001
2017-05-23 08:00:00+00:00;0.00034379;0.0;0;0;0;0.355;0.008;0.008;0.23512094;0.21772079;0.0001;0.346;0.0001
2017-05-23 09:00:00+00:00;6.536e-05;0.0;0;0;0;0.506;0.016;0.016;0.25059926;0.21636638;0.0001;0.541;0.0001
2017-05-23 10:00:00+00:00;2e-05;0.0;0;0;0;0.605;0.059;0.059;0.27758058;0.18995546;0.0001;0.681;0.0001
2017-05-23 11:00:00+00:00;2.04e-05;0.0;0;0;0;0.65;0.108;0.108;0.25984677;0.17742721;0.0001;0.746;0.0001
2017-05-23 12:00:00+00:00;2.106e-05;0.0;0;0;0;0.645;0.106;0.106;0.23737643;0.1764114;0.0001;0.728;0.0001
2017-05-23 13:00:00+00:00;2.016e-05;0.0;0;0;0;0.601;0.146;0.146;0.24208478;0.21027156;0.0001;0.655;0.0001
2017-05-23 14:00:00+00:00;1.981e-05;0.0;0;0;0;0.502;0.309;0.309;0.24628563;0.19605029;0.0001;0.496;0.0001
2017-05-23 15:00:00+00:00;2.205e-05;0.0;0;0;0;0.33;0.468;0.468;0.23915264;0.4161413;0.0001;0.25;0.0001
2017-05-23 16:00:00+00:00;2.47e-05;0.0;0;0;0;0.197;0.567;0.567;0.25003538;0.41173948;0.0001;0.134;0.0001
2017-05-23 17:00:00+00:00;5.13e-05;0.0;0;0;0;0.038;0.521;0.521;0.40584759;0.72968632;0.0001;0.025;0.0001
2017-05-23 18:00:00+00:00;0.00036222;0.0;0;0;0;0.0;0.394;0.394;0.62374221;0.84921267;0.0001;0.0;0.0001
2017-05-23 19:00:00+00:00;0.00038191;0.0;0;0;0;0.0;0.34;0.34;0.63143908;0.89289227;0.0001;0.0;0.0001
2017-05-23 20:00:00+00:00;5.465e-05;0.0;0;0;0;0.0;0.42;0.42;0.63004349;0.88070261;0.0001;0.0;0.0001
2017-05-23 21:00:00+00:00;1.905e-05;0.0;0;0;0;0.0;0.491;0.491;0.49750514;0.83634581;0.0001;0.0;0.0001
2017-05-23 22:00:00+00:00;1.171e-05;0.0;0;0;0;0.0;0.505;0.505;0.34676779;0.32065566;0.0001;0.0;0.0001
2017-05-23 23:00:00+00:00;1.12e-06;0.0;0;0;0;0.0;0.511;0.511;0.23810947;0.21467338;0.0001;0.0;0.0001
2017-05-24 00:00:00+00:00;1.87e-06;0.0;0;0;0;0.0;0.514;0.514;0.17267201;0.20959435;0.0001;0.0;0.0001
2017-05-24 01:00:00+00:00;4.01e-06;0.0;0;0;0;0.0;0.472;0.472;0.17766229;0.19875911;0.0001;0.0;0.0001
2017-05-24 02:00:00+00:00;5.16e-06;0.0;0;0;0;0.0;0.398;0.398;0.17811338;0.1984205;0.0001;0.0;0.0001
2017-05-24 03:00:00+00:00;6.81e-06;0.0;0;0;0;0.0;0.47;0.47;0.18058033;0.19638889;0.0001;0.0;0.0001
2017-05-24 04:00:00+00:00;9.04e-06;0.0;0;0;0;0.0;0.481;0.481;0.18506312;0.21027156;0.0001;0.0;0.0001
2017-05-24 05:00:00+00:00;5.017e-05;0.0;0;0;0;0.0;0.415;0.415;0.1762667;0.21162596;0.0001;0.0;0.0001
2017-05-24 06:00:00+00:00;0.00032285;0.0;0;0;0;0.0;0.315;0.315;0.23569891;0.21399617;0.0001;0.0;0.0001
2017-05-24 07:00:00+00:00;0.00043329;0.0;0;0;0;0.05;0.208;0.208;0.33267097;0.25327395;0.0001;0.008;0.0001
2017-05-24 08:00:00+00:00;0.00033885;0.0;0;0;0;0.145;0.165;0.165;0.35187085;0.25428976;0.0001;0.027;0.0001
2017-05-24 09:00:00+00:00;6.39e-05;0.0;0;0;0;0.273;0.202;0.202;0.32830096;0.25428976;0.0001;0.084;0.0001
2017-05-24 10:00:00+00:00;2.059e-05;0.0;0;0;0;0.455;0.183;0.183;0.32421288;0.22212261;0.0001;0.277;0.0001
2017-05-24 11:00:00+00:00;2.104e-05;0.0;0;0;0;0.618;0.11;0.11;0.3285406;0.20891715;0.0001;0.578;0.0001
2017-05-24 12:00:00+00:00;2.067e-05;0.0;0;0;0;0.671;0.069;0.069;0.30392755;0.20959435;0.0001;0.705;0.0001
2017-05-24 13:00:00+00:00;2.062e-05;0.0;0;0;0;0.6;0.04;0.04;0.30085444;0.24548612;0.0001;0.579;0.0001
2017-05-24 14:00:00+00:00;2.191e-05;0.0;0;0;0;0.47;0.02;0.02;0.34838893;0.25462836;0.0001;0.371;0.0001
2017-05-24 15:00:00+00:00;2.202e-05;0.0;0;0;0;0.307;0.01;0.01;0.35680473;0.24988794;0.0001;0.171;0.0001
2017-05-24 16:00:00+00:00;2.463e-05;0.0;0;0;0;0.148;0.008;0.008;0.36991478;0.46489992;0.0001;0.055;0.0001
2017-05-24 17:00:00+00:00;4.982e-05;0.0;0;0;0;0.029;0.02;0.02;0.45706135;0.74424619;0.0001;0.012;0.0001
2017-05-24 18:00:00+00:00;0.00037065;0.0;0;0;0;0.0;0.073;0.073;0.61876603;0.88239562;0.0001;0.0;0.0001
2017-05-24 19:00:00+00:00;0.00037906;0.0;0;0;0;0.0;0.161;0.161;0.55772678;0.88747464;0.0001;0.0;0.0001
2017-05-24 20:00:00+00:00;5.497e-05;0.0;0;0;0;0.0;0.217;0.217;0.48844089;0.88612024;0.0001;0.0;0.0001
2017-05-24 21:00:00+00:00;1.901e-05;0.0;0;0;0;0.0;0.207;0.207;0.4532834;0.84785826;0.0001;0.0;0.0001
2017-05-24 22:00:00+00:00;1.217e-05;0.0;0;0;0;0.0;0.139;0.139;0.40205554;0.56952779;0.0001;0.0;0.0001
2017-05-24 23:00:00+00:00;1.2e-06;0.0;0;0;0;0.0;0.103;0.103;0.40099828;0.20451533;0.0001;0.0;0.0001
2017-05-25 00:00:00+00:00;1.35e-06;0.0;0;0;0;0.0;0.081;0.081;0.27780613;0.20180652;0.0001;0.0;0.0001
2017-05-25 01:00:00+00:00;2.86e-06;0.0;0;0;0;0.0;0.063;0.063;0.16988084;0.20045211;0.0001;0.0;0.0001
2017-05-25 02:00:00+00:00;4.05e-06;0.0;0;0;0;0.0;0.056;0.056;0.15311971;0.20045211;0.0001;0.0;0.0001
2017-05-25 03:00:00+00:00;5.39e-06;0.0;0;0;0;0.0;0.056;0.056;0.13785285;0.19909771;0.0001;0.0;0.0001
2017-05-25 04:00:00+00:00;7.47e-06;0.0;0;0;0;0.0;0.061;0.061;0.16078839;0.20823995;0.0001;0.0;0.0001
2017-05-25 05:00:00+00:00;4.929e-05;0.0;0;0;0;0.0;0.08;0.08;0.16105622;0.20756274;0.0001;0.0;0.0001
2017-05-25 06:00:00+00:00;0.00032596;0.0;0;0;0;0.0;0.09;0.09;0.1775918;0.23972989;0.0001;0.001;0.0001
2017-05-25 07:00:00+00:00;0.00042913;0.0;0;0;0;0.086;0.032;0.032;0.25991726;0.25259675;0.0001;0.036;0.0001
2017-05-25 08:00:00+00:00;0.00033939;0.0;0;0;0;0.31;0.01;0.01;0.30657775;0.25259675;0.0001;0.248;0.0001
2017-05-25 09:00:00+00:00;6.13e-05;0.0;0;0;0;0.523;0.045;0.045;0.30528084;0.25428976;0.0001;0.55;0.0001
2017-05-25 10:00:00+00:00;1.742e-05;0.0;0;0;0;0.636;0.035;0.035;0.34466737;0.22279981;0.0001;0.724;0.0001
2017-05-25 11:00:00+00:00;1.846e-05;0.0;0;0;0;0.687;0.015;0.015;0.33990264;0.21061016;0.0001;0.805;0.0001
2017-05-25 12:00:00+00:00;1.999e-05;0.0;0;0;0;0.698;0.006;0.006;0.29589235;0.21196457;0.0001;0.832;0.0001
2017-05-25 13:00:00+00:00;1.889e-05;0.0;0;0;0;0.661;0.001;0.001;0.31856005;0.2414229;0.0001;0.78;0.0001
2017-05-25 14:00:00+00:00;1.868e-05;0.0;0;0;0;0.578;0.0;0.0;0.35450695;0.24345451;0.0001;0.66;0.0001
2017-05-25 15:00:00+00:00;1.974e-05;0.0;0;0;0;0.448;0.0;0.0;0.35168759;0.24650192;0.0001;0.482;0.0001
2017-05-25 16:00:00+00:00;2.198e-05;0.0;0;0;0;0.27;0.0;0.0;0.39726262;0.46964034;0.0001;0.264;0.0001
2017-05-25 17:00:00+00:00;4.756e-05;0.0;0;0;0;0.062;0.001;0.001;0.49696947;0.75000241;0.0001;0.058;0.0001
2017-05-25 18:00:00+00:00;0.00036772;0.0;0;0;0;0.0;0.018;0.018;0.64639581;0.88476583;0.0001;0.0;0.0001
2017-05-25 19:00:00+00:00;0.00037542;0.0;0;0;0;0.0;0.049;0.049;0.62816861;0.88408863;0.0001;0.0;0.0001
2017-05-25 20:00:00+00:00;5.256e-05;0.0;0;0;0;0.0;0.058;0.058;0.5603065;0.88171842;0.0001;0.0;0.0001
2017-05-25 21:00:00+00:00;1.752e-05;0.0;0;0;0;0.0;0.043;0.043;0.46984718;0.85903211;0.0001;0.0;0.0001
2017-05-25 22:00:00+00:00;1.099e-05;0.0;0;0;0;0.0;0.025;0.025;0.37978256;0.3287821;0.0001;0.0;0.0001
2017-05-25 23:00:00+00:00;6e-07;0.0;0;0;0;0.0;0.014;0.014;0.28123166;0.20959435;0.0001;0.0;0.0001
2017-05-26 00:00:00+00:00;1.4e-06;0.0;0;0;0;0.0;0.006;0.006;0.19174501;0.20925575;0.0001;0.0;0.0001
2017-05-26 01:00:00+00:00;2.97e-06;0.0;0;0;0;0.0;0.001;0.001;0.14715676;0.20756274;0.0001;0.0;0.0001
2017-05-26 02:00:00+00:00;4.22e-06;0.0;0;0;0;0.0;0.0;0.0;0.14461933;0.19571169;0.0001;0.0;0.0001
2017-05-26 03:00:00+00:00;5.48e-06;0.0;0;0;0;0.0;0.001;0.001;0.14997612;0.20993296;0.0001;0.0;0.0001
2017-05-26 04:00:00+00:00;7.55e-06;0.0;0;0;0;0.0;0.027;0.027;0.15925183;0.20993296;0.0001;0.0;0.0001
2017-05-26 05:00:00+00:00;4.752e-05;0.0;0;0;0;0.0;0.073;0.073;0.1740394;0.20857855;0.0001;0.0;0.0001
2017-05-26 06:00:00+00:00;0.00032186;0.0;0;0;0;0.002;0.094;0.094;0.22530955;0.23905269;0.0001;0.003;0.0001
2017-05-26 07:00:00+00:00;0.0004313;0.0;0;0;0;0.169;0.043;0.043;0.25206533;0.25801438;0.0001;0.148;0.0001
2017-05-26 08:00:00+00:00;0.00034174;0.0;0;0;0;0.372;0.007;0.007;0.30786056;0.25191955;0.0001;0.376;0.0001
2017-05-26 09:00:00+00:00;6.083e-05;0.0;0;0;0;0.525;0.018;0.018;0.2952298;0.25564416;0.0001;0.58;0.0001
2017-05-26 10:00:00+00:00;1.674e-05;0.0;0;0;0;0.627;0.011;0.011;0.31051076;0.25564416;0.0001;0.73;0.0001
2017-05-26 11:00:00+00:00;1.791e-05;0.0;0;0;0;0.68;0.012;0.012;0.26557009;0.21738219;0.0001;0.817;0.0001
2017-05-26 12:00:00+00:00;1.893e-05;0.0;0;0;0;0.687;0.013;0.013;0.26387847;0.21670499;0.0001;0.832;0.0001
2017-05-26 13:00:00+00:00;1.844e-05;0.0;0;0;0;0.65;0.013;0.013;0.27408457;0.24819493;0.0001;0.776;0.0001
2017-05-26 14:00:00+00:00;1.79e-05;0.0;0;0;0;0.556;0.014;0.014;0.28071008;0.25903018;0.0001;0.628;0.0001
2017-05-26 15:00:00+00:00;1.962e-05;0.0;0;0;0;0.412;0.016;0.016;0.31108873;0.24480891;0.0001;0.42;0.0001
2017-05-26 16:00:00+00:00;2.238e-05;0.0;0;0;0;0.229;0.022;0.022;0.36661613;0.45948229;0.0001;0.196;0.0001
2017-05-26 17:00:00+00:00;4.707e-05;0.0;0;0;0;0.047;0.044;0.044;0.46808507;0.74797081;0.0001;0.037;0.0001
2017-05-26 18:00:00+00:00;0.00036291;0.0;0;0;0;0.0;0.149;0.149;0.62984614;0.88984485;0.0001;0.0;0.0001
2017-05-26 19:00:00+00:00;0.00038542;0.0;0;0;0;0.0;0.251;0.251;0.60568418;0.88849045;0.0001;0.0;0.0001
2017-05-26 20:00:00+00:00;5.447e-05;0.0;0;0;0;0.0;0.277;0.277;0.55566864;0.89153786;0.0001;0.0;0.0001
2017-05-26 21:00:00+00:00;1.75e-05;0.0;0;0;0;0.0;0.253;0.253;0.4191127;0.8563233;0.0001;0.0;0.0001
2017-05-26 22:00:00+00:00;1.097e-05;0.0;0;0;0;0.0;0.158;0.158;0.32845602;0.33284531;0.0001;0.0;0.0001
2017-05-26 23:00:00+00:00;6e-07;0.0;0;0;0;0.0;0.085;0.085;0.25026093;0.21568918;0.0001;0.0;0.0001
2017-05-27 00:00:00+00:00;1.94e-06;0.0;0;0;0;0.0;0.069;0.069;0.16216987;0.21298037;0.0001;0.0;0.0001
2017-05-27 01:00:00+00:00;4.12e-06;0.0;0;0;0;0.0;0.074;0.074;0.15421926;0.21298037;0.0001;0.0;0.0001
2017-05-27 02:00:00+00:00;5.46e-06;0.0;0;0;0;0.0;0.086;0.086;0.15001841;0.21535058;0.0001;0.0;0.0001
2017-05-27 03:00:00+00:00;6.78e-06;0.0;0;0;0;0.0;0.087;0.087;0.1473823;0.20011351;0.0001;0.0;0.0001
2017-05-27 04:00:00+00:00;9.01e-06;0.0;0;0;0;0.0;0.069;0.069;0.15368359;0.21128736;0.0001;0.0;0.0001
2017-05-27 05:00:00+00:00;4.943e-05;0.0;0;0;0;0.0;0.055;0.055;0.17986139;0.21061016;0.0001;0.0;0.0001
2017-05-27 06:00:00+00:00;0.00032744;0.0;0;0;0;0.002;0.055;0.055;0.21795101;0.21061016;0.0001;0.003;0.0001
2017-05-27 07:00:00+00:00;0.00042974;0.0;0;0;0;0.143;0.039;0.039;0.20970437;0.25801438;0.0001;0.109;0.0001
2017-05-27 08:00:00+00:00;0.00034478;0.0;0;0;0;0.344;0.021;0.021;0.25078252;0.25090374;0.0001;0.324;0.0001
2017-05-27 09:00:00+00:00;6.462e-05;0.0;0;0;0;0.51;0.016;0.016;0.27621319;0.24887213;0.0001;0.548;0.0001
2017-05-27 10:00:00+00:00;2.184e-05;0.0;0;0;0;0.615;0.015;0.015;0.26879826;0.25056514;0.0001;0.704;0.0001
2017-05-27 11:00:00+00:00;2.052e-05;0.0;0;0;0;0.656;0.022;0.022;0.24887945;0.2190752;0.0001;0.763;0.0001
2017-05-27 12:00:00+00:00;2.124e-05;0.0;0;0;0;0.654;0.035;0.035;0.2624124;0.20756274;0.0001;0.755;0.0001
2017-05-27 13:00:00+00:00;2.072e-05;0.0;0;0;0;0.614;0.045;0.045;0.28732148;0.24311591;0.0001;0.69;0.0001
2017-05-27 14:00:00+00:00;2.08e-05;0.0;0;0;0;0.533;0.05;0.05;0.28890033;0.25665997;0.0001;0.574;0.0001
2017-05-27 15:00:00+00:00;2.332e-05;0.0;0;0;0;0.403;0.054;0.054;0.30625352;0.25699857;0.0001;0.398;0.0001
2017-05-27 16:00:00+00:00;2.471e-05;0.0;0;0;0;0.21;0.058;0.058;0.32013889;0.46591572;0.0001;0.161;0.0001
2017-05-27 17:00:00+00:00;4.902e-05;0.0;0;0;0;0.036;0.066;0.066;0.38251734;0.75101822;0.0001;0.024;0.0001
2017-05-27 18:00:00+00:00;0.00036575;0.0;0;0;0;0.0;0.197;0.197;0.55121405;0.89323087;0.0001;0.0;0.0001
2017-05-27 19:00:00+00:00;0.00038238;0.0;0;0;0;0.0;0.358;0.358;0.53324059;0.88713604;0.0001;0.0;0.0001
2017-05-27 20:00:00+00:00;5.412e-05;0.0;0;0;0;0.0;0.331;0.331;0.48353519;0.88781324;0.0001;0.0;0.0001
2017-05-27 21:00:00+00:00;1.86e-05;0.0;0;0;0;0.0;0.285;0.285;0.43873548;0.85158288;0.0001;0.0;0.0001
2017-05-27 22:00:00+00:00;1.194e-05;0.0;0;0;0;0.0;0.254;0.254;0.32230981;0.32404168;0.0001;0.0;0.0001
2017-05-27 23:00:00+00:00;9.1e-07;0.0;0;0;0;0.0;0.236;0.236;0.30698656;0.20790135;0.0001;0.0;0.0001
2017-05-28 00:00:00+00:00;1.8e-06;0.0;0;0;0;0.0;0.222;0.222;0.21194576;0.20282232;0.0001;0.0;0.0001
2017-05-28 01:00:00+00:00;3.79e-06;0.0;0;0;0;0.0;0.18;0.18;0.1616201;0.20891715;0.0001;0.0;0.0001
2017-05-28 02:00:00+00:00;5.09e-06;0.0;0;0;0;0.0;0.139;0.139;0.13844492;0.20383813;0.0001;0.0;0.0001
2017-05-28 03:00:00+00:00;6.7e-06;0.0;0;0;0;0.0;0.12;0.12;0.12713926;0.20823995;0.0001;0.0;0.0001
2017-05-28 04:00:00+00:00;8.93e-06;0.0;0;0;0;0.0;0.123;0.123;0.15053999;0.20553114;0.0001;0.0;0.0001
2017-05-28 05:00:00+00:00;5.052e-05;0.0;0;0;0;0.0;0.12;0.12;0.1345401;0.20891715;0.0001;0.0;0.0001
2017-05-28 06:00:00+00:00;0.00032763;0.0;0;0;0;0.002;0.111;0.111;0.19614322;0.20586974;0.0001;0.004;0.0001
2017-05-28 07:00:00+00:00;0.00043067;0.0;0;0;0;0.16;0.074;0.074;0.2566186;0.25191955;0.0001;0.139;0.0001
2017-05-28 08:00:00+00:00;0.00034415;0.0;0;0;0;0.361;0.134;0.134;0.30298306;0.25056514;0.0001;0.361;0.0001
2017-05-28 09:00:00+00:00;6.323e-05;0.0;0;0;0;0.514;0.225;0.225;0.27931449;0.25428976;0.0001;0.562;0.0001
2017-05-28 10:00:00+00:00;1.98e-05;0.0;0;0;0;0.617;0.243;0.243;0.27722816;0.25767577;0.0001;0.713;0.0001
2017-05-28 11:00:00+00:00;2.258e-05;0.0;0;0;0;0.67;0.263;0.263;0.27202643;0.2187366;0.0001;0.801;0.0001
2017-05-28 12:00:00+00:00;2.187e-05;0.0;0;0;0;0.677;0.291;0.291;0.27185727;0.21264177;0.0001;0.817;0.0001
2017-05-28 13:00:00+00:00;2.032e-05;0.0;0;0;0;0.634;0.325;0.325;0.27769335;0.24480891;0.0001;0.748;0.0001
2017-05-28 14:00:00+00:00;1.986e-05;0.0;0;0;0;0.558;0.345;0.345;0.28526335;0.25327395;0.0001;0.638;0.0001
2017-05-28 15:00:00+00:00;2.278e-05;0.0;0;0;0;0.421;0.339;0.339;0.32686308;0.25598277;0.0001;0.444;0.0001
2017-05-28 16:00:00+00:00;2.571e-05;0.0;0;0;0;0.247;0.311;0.311;0.33547624;0.46625432;0.0001;0.229;0.0001
2017-05-28 17:00:00+00:00;5.017e-05;0.0;0;0;0;0.044;0.332;0.332;0.37552532;0.75034102;0.0001;0.034;0.0001
2017-05-28 18:00:00+00:00;0.00037364;0.0;0;0;0;0.0;0.38;0.38;0.56574788;0.68295931;0.0001;0.0;0.0001
2017-05-28 19:00:00+00:00;0.00038031;0.0;0;0;0;0.0;0.369;0.369;0.51271562;0.88171842;0.0001;0.0;0.0001
2017-05-28 20:00:00+00:00;5.388e-05;0.0;0;0;0;0.0;0.337;0.337;0.43325182;0.89289227;0.0001;0.0;0.0001
2017-05-28 21:00:00+00:00;1.897e-05;0.0;0;0;0;0.0;0.257;0.257;0.35773513;0.88984485;0.0001;0.0;0.0001
2017-05-28 22:00:00+00:00;1.223e-05;0.0;0;0;0;0.0;0.177;0.177;0.32815999;0.39921122;0.0001;0.0;0.0001
2017-05-28 23:00:00+00:00;1.23e-06;0.0;0;0;0;0.0;0.137;0.137;0.24142222;0.24582472;0.0001;0.0;0.0001
2017-05-29 00:00:00+00:00;1.9e-06;0.0;0;0;0;0.0;0.124;0.124;0.23654472;0.20519253;0.0001;0.0;0.0001
2017-05-29 01:00:00+00:00;3.78e-06;0.0;0;0;0;0.0;0.107;0.107;0.1993432;0.20519253;0.0001;0.0;0.0001
2017-05-29 02:00:00+00:00;5.31e-06;0.0;0;0;0;0.0;0.094;0.094;0.13943169;0.20586974;0.0001;0.0;0.0001
2017-05-29 03:00:00+00:00;6.66e-06;0.0;0;0;0;0.0;0.08;0.08;0.14129248;0.20959435;0.0001;0.0;0.0001
2017-05-29 04:00:00+00:00;9.07e-06;0.0;0;0;0;0.0;0.064;0.064;0.14870741;0.20722414;0.0001;0.0;0.0001
2017-05-29 05:00:00+00:00;5.203e-05;0.0;0;0;0;0.0;0.049;0.049;0.15035673;0.20756274;0.0001;0.0;0.0001
2017-05-29 06:00:00+00:00;0.00032181;0.0;0;0;0;0.002;0.038;0.038;0.20054143;0.20519253;0.0001;0.003;0.0001
2017-05-29 07:00:00+00:00;0.00043327;0.0;0;0;0;0.158;0.024;0.024;0.25463095;0.25056514;0.0001;0.134;0.0001
2017-05-29 08:00:00+00:00;0.00034505;0.0;0;0;0;0.36;0.045;0.045;0.28227482;0.25395116;0.0001;0.355;0.0001
2017-05-29 09:00:00+00:00;6.391e-05;0.0;0;0;0;0.514;0.14;0.14;0.25355959;0.25530556;0.0001;0.554;0.0001
2017-05-29 10:00:00+00:00;1.999e-05;0.0;0;0;0;0.616;0.13;0.13;0.27267488;0.25632137;0.0001;0.703;0.0001
2017-05-29 11:00:00+00:00;2.068e-05;0.0;0;0;0;0.669;0.105;0.105;0.25253052;0.2417615;0.0001;0.79;0.0001
2017-05-29 12:00:00+00:00;2.111e-05;0.0;0;0;0;0.676;0.087;0.087;0.22879147;0.25835298;0.0001;0.806;0.0001
2017-05-29 13:00:00+00:00;2.053e-05;0.0;0;0;0;0.639;0.07;0.07;0.25505385;0.26072319;0.0001;0.75;0.0001
2017-05-29 14:00:00+00:00;2.056e-05;0.0;0;0;0;0.541;0.054;0.054;0.3032227;0.25665997;0.0001;0.595;0.0001
2017-05-29 15:00:00+00:00;2.316e-05;0.0;0;0;0;0.415;0.039;0.039;0.35910252;0.24887213;0.0001;0.424;0.0001
2017-05-29 16:00:00+00:00;2.6e-05;0.0;0;0;0;0.22;0.029;0.029;0.27985017;0.46727013;0.0001;0.18;0.0001
2017-05-29 17:00:00+00:00;5.049e-05;0.0;0;0;0;0.034;0.037;0.037;0.39502123;0.75000241;0.0001;0.022;0.0001
2017-05-29 18:00:00+00:00;0.00036885;0.0;0;0;0;0.0;0.134;0.134;0.51299755;0.89797129;0.0001;0.0;0.0001
2017-05-29 19:00:00+00:00;0.00038506;0.0;0;0;0;0.0;0.26;0.26;0.5518766;0.88713604;0.0001;0.0;0.0001
2017-05-29 20:00:00+00:00;5.462e-05;0.0;0;0;0;0.0;0.254;0.254;0.48380303;0.88679744;0.0001;0.0;0.0001
2017-05-29 21:00:00+00:00;1.87e-05;0.0;0;0;0;0.0;0.202;0.202;0.35146204;0.84650385;0.0001;0.0;0.0001
2017-05-29 22:00:00+00:00;1.212e-05;0.0;0;0;0;0.0;0.184;0.184;0.24803364;0.56343297;0.0001;0.0;0.0001
2017-05-29 23:00:00+00:00;1.2e-06;0.0;0;0;0;0.0;0.156;0.156;0.19797581;0.20451533;0.0001;0.0;0.0001
2017-05-30 00:00:00+00:00;1.92e-06;0.0;0;0;0;0.0;0.094;0.094;0.22301177;0.20248372;0.0001;0.0;0.0001
2017-05-30 01:00:00+00:00;3.65e-06;0.0;0;0;0;0.0;0.051;0.051;0.24326891;0.21670499;0.0001;0.0;0.0001
2017-05-30 02:00:00+00:00;5.23e-06;0.0;0;0;0;0.0;0.041;0.041;0.22436507;0.21298037;0.0001;0.0;0.0001
2017-05-30 03:00:00+00:00;6.95e-06;0.0;0;0;0;0.0;0.033;0.033;0.13458239;0.21128736;0.0001;0.0;0.0001
2017-05-30 04:00:00+00:00;8.9e-06;0.0;0;0;0;0.0;0.024;0.024;0.13494891;0.20790135;0.0001;0.0;0.0001
2017-05-30 05:00:00+00:00;5.052e-05;0.0;0;0;0;0.0;0.039;0.039;0.13996738;0.20823995;0.0001;0.0;0.0001
2017-05-30 06:00:00+00:00;0.000326;0.0;0;0;0;0.002;0.1;0.1;0.18851684;0.20756274;0.0001;0.003;0.0001
2017-05-30 07:00:00+00:00;0.00043289;0.0;0;0;0;0.162;0.084;0.084;0.21539949;0.25259675;0.0001;0.14;0.0001
2017-05-30 08:00:00+00:00;0.0003441;0.0;0;0;0;0.366;0.057;0.057;0.22343467;0.25158095;0.0001;0.366;0.0001
2017-05-30 09:00:00+00:00;6.496e-05;0.0;0;0;0;0.521;0.079;0.079;0.19901897;0.24853353;0.0001;0.568;0.0001
2017-05-30 10:00:00+00:00;2.106e-05;0.0;0;0;0;0.622;0.072;0.072;0.20189473;0.25462836;0.0001;0.717;0.0001
2017-05-30 11:00:00+00:00;2.046e-05;0.0;0;0;0;0.668;0.052;0.052;0.22313864;0.25699857;0.0001;0.791;0.0001
2017-05-30 12:00:00+00:00;2.025e-05;0.0;0;0;0;0.675;0.038;0.038;0.21012727;0.25699857;0.0001;0.807;0.0001
2017-05-30 13:00:00+00:00;2.071e-05;0.0;0;0;0;0.638;0.034;0.034;0.22536594;0.26647941;0.0001;0.752;0.0001
2017-05-30 14:00:00+00:00;2.163e-05;0.0;0;0;0;0.556;0.041;0.041;0.22053073;0.2417615;0.0001;0.63;0.0001
2017-05-30 15:00:00+00:00;2.288e-05;0.0;0;0;0;0.423;0.066;0.066;0.22587343;0.24345451;0.0001;0.443;0.0001
2017-05-30 16:00:00+00:00;2.429e-05;0.0;0;0;0;0.222;0.083;0.083;0.29986766;0.46557712;0.0001;0.187;0.0001
2017-05-30 17:00:00+00:00;4.978e-05;0.0;0;0;0;0.046;0.096;0.096;0.38943889;0.75067962;0.0001;0.037;0.0001
2017-05-30 18:00:00+00:00;0.00037008;0.0;0;0;0;0.0;0.096;0.096;0.46825423;0.86241813;0.0001;0.0;0.0001
2017-05-30 19:00:00+00:00;0.00038247;0.0;0;0;0;0.0;0.112;0.112;0.43609938;0.88679744;0.0001;0.0;0.0001
2017-05-30 20:00:00+00:00;5.311e-05;0.0;0;0;0;0.0;0.155;0.155;0.42476553;0.88747464;0.0001;0.0;0.0001
2017-05-30 21:00:00+00:00;1.889e-05;0.0;0;0;0;0.0;0.193;0.193;0.33526479;0.86241813;0.0001;0.0;0.0001
2017-05-30 22:00:00+00:00;1.234e-05;0.0;0;0;0;0.0;0.255;0.255;0.24147861;0.33352252;0.0001;0.0;0.0001
2017-05-30 23:00:00+00:00;1.35e-06;0.0;0;0;0;0.0;0.263;0.263;0.20789997;0.21196457;0.0001;0.0;0.0001
2017-05-31 00:00:00+00:00;1.88e-06;0.0;0;0;0;0.0;0.212;0.212;0.23784163;0.20790135;0.0001;0.0;0.0001
2017-05-31 01:00:00+00:00;3.87e-06;0.0;0;0;0;0.0;0.158;0.158;0.21662591;0.20857855;0.0001;0.0;0.0001
2017-05-31 02:00:00+00:00;5.51e-06;0.0;0;0;0;0.0;0.139;0.139;0.19674938;0.1970661;0.0001;0.0;0.0001
2017-05-31 03:00:00+00:00;7.07e-06;0.0;0;0;0;0.0;0.141;0.141;0.17831074;0.20891715;0.0001;0.0;0.0001
2017-05-31 04:00:00+00:00;9.2e-06;0.0;0;0;0;0.0;0.166;0.166;0.1593928;0.20654694;0.0001;0.0;0.0001
2017-05-31 05:00:00+00:00;4.982e-05;0.0;0;0;0;0.0;0.189;0.189;0.17818387;0.21264177;0.0001;0.0;0.0001
2017-05-31 06:00:00+00:00;0.00032972;0.0;0;0;0;0.002;0.304;0.304;0.19132211;0.22449282;0.0001;0.004;0.0001
2017-05-31 07:00:00+00:00;0.00043375;0.0;0;0;0;0.164;0.273;0.273;0.2526151;0.28882712;0.0001;0.144;0.0001
2017-05-31 08:00:00+00:00;0.00034386;0.0;0;0;0;0.365;0.141;0.141;0.32728598;0.30000097;0.0001;0.368;0.0001
2017-05-31 09:00:00+00:00;6.433e-05;0.0;0;0;0;0.515;0.271;0.271;0.29513113;0.30101677;0.0001;0.565;0.0001
2017-05-31 10:00:00+00:00;2.064e-05;0.0;0;0;0;0.614;0.342;0.342;0.29824652;0.30304838;0.0001;0.711;0.0001
2017-05-31 11:00:00+00:00;2.104e-05;0.0;0;0;0;0.665;0.272;0.272;0.29644213;0.27121984;0.0001;0.791;0.0001
2017-05-31 12:00:00+00:00;2.056e-05;0.0;0;0;0;0.65;0.165;0.165;0.2721815;0.25665997;0.0001;0.753;0.0001
2017-05-31 13:00:00+00:00;2.084e-05;0.0;0;0;0;0.616;0.1;0.1;0.26845993;0.26004598;0.0001;0.702;0.0001
2017-05-31 14:00:00+00:00;2.18e-05;0.0;0;0;0;0.537;0.084;0.084;0.29197344;0.2414229;0.0001;0.589;0.0001
2017-05-31 15:00:00+00:00;2.249e-05;0.0;0;0;0;0.407;0.088;0.088;0.32569304;0.24650192;0.0001;0.411;0.0001
2017-05-31 16:00:00+00:00;2.464e-05;0.0;0;0;0;0.231;0.096;0.096;0.34603476;0.46354551;0.0001;0.2;0.0001
2017-05-31 17:00:00+00:00;4.95e-05;0.0;0;0;0;0.034;0.102;0.102;0.44926581;0.7472936;0.0001;0.023;0.0001
2017-05-31 18:00:00+00:00;0.00036774;0.0;0;0;0;0.0;0.112;0.112;0.6242497;0.88578163;0.0001;0.0;0.0001
2017-05-31 19:00:00+00:00;0.00038246;0.0;0;0;0;0.0;0.119;0.119;0.59898819;0.88375002;0.0001;0.0;0.0001
2017-05-31 20:00:00+00:00;5.543e-05;0.0;0;0;0;0.0;0.102;0.102;0.51585921;0.88341142;0.0001;0.0;0.0001
2017-05-31 21:00:00+00:00;1.876e-05;0.0;0;0;0;0.0;0.064;0.064;0.39004505;0.85192148;0.0001;0.0;0.0001
2017-05-31 22:00:00+00:00;1.202e-05;0.0;0;0;0;0.0;0.048;0.048;0.3573968;0.33690853;0.0001;0.0;0.0001
2017-05-31 23:00:00+00:00;1.45e-06;0.0;0;0;0;0.0;0.08;0.08;0.25516663;0.21094876;0.0001;0.0;0.0001
2017-06-01 00:00:00+00:00;1.31e-06;0.0;0;0;0;0.0;0.147;0.147;0.55303254;0.17302539;0.0001;0.0;0.0001
2017-06-01 01:00:00+00:00;2.96e-06;0.0;0;0;0;0.0;0.156;0.156;0.54974798;0.17370259;0.0001;0.0;0.0001
2017-06-01 02:00:00+00:00;4.18e-06;0.0;0;0;0;0.0;0.105;0.105;0.52207591;0.18995546;0.0001;0.0;0.0001
2017-06-01 03:00:00+00:00;5.46e-06;0.0;0;0;0;0.0;0.084;0.084;0.51272972;0.19063267;0.0001;0.0;0.0001
2017-06-01 04:00:00+00:00;7.45e-06;0.0;0;0;0;0.0;0.073;0.073;0.51064339;0.19435728;0.0001;0.0;0.0001
2017-06-01 05:00:00+00:00;4.808e-05;0.0;0;0;0;0.0;0.068;0.068;0.51217994;0.19130987;0.0001;0.0;0.0001
2017-06-01 06:00:00+00:00;0.00032461;0.0;0;0;0;0.0;0.056;0.056;0.53610225;0.19368008;0.0001;0.001;0.0001
2017-06-01 07:00:00+00:00;0.00043212;0.0;0;0;0;0.114;0.015;0.015;0.62134575;0.17776581;0.0001;0.067;0.0001
2017-06-01 08:00:00+00:00;0.00034157;0.0;0;0;0;0.317;0.011;0.011;0.65784243;0.18013602;0.0001;0.267;0.0001
2017-06-01 09:00:00+00:00;6.106e-05;0.0;0;0;0;0.444;0.041;0.041;0.63728926;0.24514752;0.0001;0.399;0.0001
2017-06-01 10:00:00+00:00;1.882e-05;0.0;0;0;0;0.505;0.037;0.037;0.63208753;0.25598277;0.0001;0.439;0.0001
2017-06-01 11:00:00+00:00;1.888e-05;0.0;0;0;0;0.538;0.037;0.037;0.64264605;0.25767577;0.0001;0.46;0.0001
2017-06-01 12:00:00+00:00;1.939e-05;0.0;0;0;0;0.528;0.038;0.038;0.66607498;0.25665997;0.0001;0.429;0.0001
2017-06-01 13:00:00+00:00;1.843e-05;0.0;0;0;0;0.508;0.039;0.039;0.66009792;0.25835298;0.0001;0.416;0.0001
2017-06-01 14:00:00+00:00;1.796e-05;0.0;0;0;0;0.41;0.042;0.042;0.68183523;0.47031754;0.0001;0.28;0.0001
2017-06-01 15:00:00+00:00;1.905e-05;0.0;0;0;0;0.219;0.053;0.053;0.69500166;0.46997894;0.0001;0.074;0.0001
2017-06-01 16:00:00+00:00;2.287e-05;0.0;0;0;0;0.103;0.072;0.072;0.69243604;0.44627683;0.0001;0.023;0.0001
2017-06-01 17:00:00+00:00;4.837e-05;0.0;0;0;0;0.014;0.102;0.102;0.67712689;0.75237263;0.0001;0.004;0.0001
2017-06-01 18:00:00+00:00;0.00036862;0.0;0;0;0;0.0;0.215;0.215;0.76354042;0.89255366;0.0001;0.0;0.0001
2017-06-01 19:00:00+00:00;0.00038352;0.0;0;0;0;0.0;0.289;0.289;0.8808401;0.88171842;0.0001;0.0;0.0001
2017-06-01 20:00:00+00:00;5.348e-05;0.0;0;0;0;0.0;0.274;0.274;0.82886511;0.88375002;0.0001;0.0;0.0001
2017-06-01 21:00:00+00:00;1.758e-05;0.0;0;0;0;0.0;0.19;0.19;0.71916362;0.88070261;0.0001;0.0;0.0001
2017-06-01 22:00:00+00:00;1.108e-05;0.0;0;0;0;0.0;0.12;0.12;0.70007652;0.570205;0.0001;0.0;0.0001
2017-06-01 23:00:00+00:00;6.2e-07;0.0;0;0;0;0.0;0.079;0.079;0.68115858;0.17437979;0.0001;0.0;0.0001
2017-06-02 00:00:00+00:00;1.37e-06;0.0;0;0;0;0.0;0.076;0.076;0.65555875;0.46489992;0.0001;0.0;0.0001
2017-06-02 01:00:00+00:00;2.93e-06;0.0;0;0;0;0.0;0.112;0.112;0.6610847;0.46557712;0.0001;0.0;0.0001
2017-06-02 02:00:00+00:00;4.13e-06;0.0;0;0;0;0.0;0.154;0.154;0.61792022;0.46625432;0.0001;0.0;0.0001
2017-06-02 03:00:00+00:00;5.44e-06;0.0;0;0;0;0.0;0.182;0.182;0.62605409;0.46320691;0.0001;0.0;0.0001
2017-06-02 04:00:00+00:00;7.51e-06;0.0;0;0;0;0.0;0.172;0.172;0.63396241;0.46523852;0.0001;0.0;0.0001
2017-06-02 05:00:00+00:00;4.772e-05;0.0;0;0;0;0.0;0.134;0.134;0.62150082;0.46320691;0.0001;0.0;0.0001
2017-06-02 06:00:00+00:00;0.00032709;0.0;0;0;0;0.0;0.099;0.099;0.59866396;0.46794733;0.0001;0.001;0.0001
2017-06-02 07:00:00+00:00;0.00043312;0.0;0;0;0;0.081;0.044;0.044;0.65120283;0.47065614;0.0001;0.03;0.0001
2017-06-02 08:00:00+00:00;0.00034125;0.0;0;0;0;0.261;0.034;0.034;0.57713811;0.56106276;0.0001;0.162;0.0001
2017-06-02 09:00:00+00:00;6.077e-05;0.0;0;0;0;0.407;0.064;0.064;0.57596807;0.61185299;0.0001;0.318;0.0001
2017-06-02 10:00:00+00:00;1.837e-05;0.0;0;0;0;0.512;0.064;0.064;0.55635939;0.60135634;0.0001;0.449;0.0001
2017-06-02 11:00:00+00:00;1.862e-05;0.0;0;0;0;0.539;0.066;0.066;0.54083879;0.61286879;0.0001;0.461;0.0001
2017-06-02 12:00:00+00:00;1.906e-05;0.0;0;0;0;0.54;0.074;0.074;0.51227862;0.58578067;0.0001;0.453;0.0001
2017-06-02 13:00:00+00:00;1.904e-05;0.0;0;0;0;0.492;0.078;0.078;0.54664668;0.59153689;0.0001;0.377;0.0001
2017-06-02 14:00:00+00:00;1.828e-05;0.0;0;0;0;0.373;0.085;0.085;0.58132487;0.5918755;0.0001;0.212;0.0001
2017-06-02 15:00:00+00:00;1.974e-05;0.0;0;0;0;0.217;0.091;0.091;0.58173367;0.5918755;0.0001;0.07;0.0001
2017-06-02 16:00:00+00:00;2.302e-05;0.0;0;0;0;0.106;0.098;0.098;0.67732424;0.54210107;0.0001;0.025;0.0001
2017-06-02 17:00:00+00:00;4.745e-05;0.0;0;0;0;0.017;0.119;0.119;0.70181043;0.73510395;0.0001;0.005;0.0001
2017-06-02 18:00:00+00:00;0.00037083;0.0;0;0;0;0.0;0.222;0.222;0.75306648;0.9006801;0.0001;0.0;0.0001
2017-06-02 19:00:00+00:00;0.00038144;0.0;0;0;0;0.0;0.301;0.301;0.73233006;0.88307282;0.0001;0.0;0.0001
2017-06-02 20:00:00+00:00;5.286e-05;0.0;0;0;0;0.0;0.297;0.297;0.74211325;0.87697799;0.0001;0.0;0.0001
2017-06-02 21:00:00+00:00;1.743e-05;0.0;0;0;0;0.0;0.226;0.226;0.71544206;0.88104121;0.0001;0.0;0.0001
2017-06-02 22:00:00+00:00;1.1e-05;0.0;0;0;0;0.0;0.196;0.196;0.67292603;0.60440375;0.0001;0.0;0.0001
2017-06-02 23:00:00+00:00;6.3e-07;0.0;0;0;0;0.0;0.165;0.165;0.67566082;0.29322894;0.0001;0.0;0.0001
2017-06-03 00:00:00+00:00;1.82e-06;0.0;0;0;0;0.0;0.14;0.14;0.67542117;0.19368008;0.0001;0.0;0.0001
2017-06-03 01:00:00+00:00;3.97e-06;0.0;0;0;0;0.0;0.135;0.135;0.64398525;0.19300288;0.0001;0.0;0.0001
2017-06-03 02:00:00+00:00;5.28e-06;0.0;0;0;0;0.0;0.146;0.146;0.654431;0.19503449;0.0001;0.0;0.0001
2017-06-03 03:00:00+00:00;6.85e-06;0.0;0;0;0;0.0;0.153;0.153;0.67511104;0.19164847;0.0001;0.0;0.0001
2017-06-03 04:00:00+00:00;9.11e-06;0.0;0;0;0;0.0;0.121;0.121;0.68385107;0.19435728;0.0001;0.0;0.0001
2017-06-03 05:00:00+00:00;5.174e-05;0.0;0;0;0;0.0;0.122;0.122;0.68449953;0.19300288;0.0001;0.0;0.0001
2017-06-03 06:00:00+00:00;0.00033326;0.0;0;0;0;0.0;0.133;0.133;0.63556945;0.19503449;0.0001;0.001;0.0001
2017-06-03 07:00:00+00:00;0.00043373;0.0;0;0;0;0.08;0.047;0.047;0.709028;0.1977433;0.0001;0.028;0.0001
2017-06-03 08:00:00+00:00;0.00034844;0.0;0;0;0;0.22;0.029;0.029;0.72392835;0.27494445;0.0001;0.102;0.0001
2017-06-03 09:00:00+00:00;6.478e-05;0.0;0;0;0;0.324;0.19;0.19;0.70561657;0.30948181;0.0001;0.168;0.0001
2017-06-03 10:00:00+00:00;2.113e-05;0.0;0;0;0;0.454;0.237;0.237;0.70916897;0.30270978;0.0001;0.322;0.0001
2017-06-03 11:00:00+00:00;2.15e-05;0.0;0;0;0;0.532;0.263;0.263;0.7125945;0.33487692;0.0001;0.443;0.0001
2017-06-03 12:00:00+00:00;2.191e-05;0.0;0;0;0;0.557;0.26;0.26;0.72216624;0.34774378;0.0001;0.493;0.0001
2017-06-03 13:00:00+00:00;2.044e-05;0.0;0;0;0;0.504;0.247;0.247;0.71410286;0.33826294;0.0001;0.407;0.0001
2017-06-03 14:00:00+00:00;2.081e-05;0.0;0;0;0;0.394;0.234;0.234;0.7130315;0.34198756;0.0001;0.252;0.0001
2017-06-03 15:00:00+00:00;2.258e-05;0.0;0;0;0;0.26;0.224;0.224;0.67712689;0.33995595;0.0001;0.12;0.0001
2017-06-03 16:00:00+00:00;2.454e-05;0.0;0;0;0;0.13;0.222;0.222;0.70368531;0.54514848;0.0001;0.044;0.0001
2017-06-03 17:00:00+00:00;4.962e-05;0.0;0;0;0;0.019;0.238;0.238;0.67446259;0.7693027;0.0001;0.007;0.0001
2017-06-03 18:00:00+00:00;0.0003707;0.0;0;0;0;0.0;0.266;0.266;0.769884;0.89898709;0.0001;0.0;0.0001
2017-06-03 19:00:00+00:00;0.00037677;0.0;0;0;0;0.0;0.224;0.224;0.75543475;0.89018345;0.0001;0.0;0.0001
2017-06-03 20:00:00+00:00;5.42e-05;0.0;0;0;0;0.0;0.156;0.156;0.75315106;0.89492388;0.0001;0.0;0.0001
2017-06-03 21:00:00+00:00;1.847e-05;0.0;0;0;0;0.0;0.102;0.102;0.70320601;0.88984485;0.0001;0.0;0.0001
2017-06-03 22:00:00+00:00;1.191e-05;0.0;0;0;0;0.0;0.059;0.059;0.71508964;0.60948278;0.0001;0.0;0.0001
2017-06-03 23:00:00+00:00;1.45e-06;0.0;0;0;0;0.0;0.023;0.023;0.67867754;0.220091;0.0001;0.0;0.0001
2017-06-04 00:00:00+00:00;1.73e-06;0.0;0;0;0;0.0;0.007;0.007;0.62324882;0.24006849;0.0001;0.0;0.0001
2017-06-04 01:00:00+00:00;3.98e-06;0.0;0;0;0;0.0;0.003;0.003;0.67690134;0.23939129;0.0001;0.0;0.0001
2017-06-04 02:00:00+00:00;5.28e-06;0.0;0;0;0;0.0;0.005;0.005;0.68600789;0.24040709;0.0001;0.0;0.0001
2017-06-04 03:00:00+00:00;6.83e-06;0.0;0;0;0;0.0;0.014;0.014;0.67760618;0.24040709;0.0001;0.0;0.0001
2017-06-04 04:00:00+00:00;9.26e-06;0.0;0;0;0;0.0;0.033;0.033;0.69142107;0.25665997;0.0001;0.0;0.0001
2017-06-04 05:00:00+00:00;5.091e-05;0.0;0;0;0;0.0;0.057;0.057;0.70119017;0.25056514;0.0001;0.0;0.0001
2017-06-04 06:00:00+00:00;0.00033041;0.0;0;0;0;0.0;0.093;0.093;0.69708799;0.25632137;0.0001;0.0;0.0001
2017-06-04 07:00:00+00:00;0.00043408;0.0;0;0;0;0.069;0.08;0.08;0.68699466;0.29458334;0.0001;0.016;0.0001
2017-06-04 08:00:00+00:00;0.00034628;0.0;0;0;0;0.182;0.048;0.048;0.68898232;0.49909867;0.0001;0.051;0.0001
2017-06-04 09:00:00+00:00;6.478e-05;0.0;0;0;0;0.267;0.088;0.088;0.68706515;0.51365854;0.0001;0.076;0.0001
2017-06-04 10:00:00+00:00;2.051e-05;0.0;0;0;0;0.309;0.136;0.136;0.69428272;0.50756371;0.0001;0.077;0.0001
2017-06-04 11:00:00+00:00;2.09e-05;0.0;0;0;0;0.314;0.169;0.169;0.68435856;0.51399714;0.0001;0.065;0.0001
2017-06-04 12:00:00+00:00;2.125e-05;0.0;0;0;0;0.296;0.19;0.19;0.68351275;0.50350049;0.0001;0.05;0.0001
2017-06-04 13:00:00+00:00;2.014e-05;0.0;0;0;0;0.261;0.21;0.21;0.68854532;0.50959532;0.0001;0.037;0.0001
2017-06-04 14:00:00+00:00;2.087e-05;0.0;0;0;0;0.183;0.203;0.203;0.67513924;0.51298133;0.0001;0.018;0.0001
2017-06-04 15:00:00+00:00;2.279e-05;0.0;0;0;0;0.119;0.17;0.17;0.65481161;0.50417769;0.0001;0.01;0.0001
2017-06-04 16:00:00+00:00;2.501e-05;0.0;0;0;0;0.072;0.128;0.128;0.66479217;0.51094973;0.0001;0.007;0.0001
2017-06-04 17:00:00+00:00;5.027e-05;0.0;0;0;0;0.017;0.114;0.114;0.67453307;0.75406563;0.0001;0.004;0.0001
2017-06-04 18:00:00+00:00;0.00037564;0.0;0;0;0;0.0;0.146;0.146;0.76924964;0.88408863;0.0001;0.0;0.0001
2017-06-04 19:00:00+00:00;0.00038237;0.0;0;0;0;0.0;0.177;0.177;0.88143217;0.89018345;0.0001;0.0;0.0001
2017-06-04 20:00:00+00:00;5.439e-05;0.0;0;0;0;0.0;0.181;0.181;0.77648131;0.8773166;0.0001;0.0;0.0001
2017-06-04 21:00:00+00:00;1.889e-05;0.0;0;0;0;0.0;0.17;0.17;0.72006582;0.88679744;0.0001;0.0;0.0001
2017-06-04 22:00:00+00:00;1.24e-05;0.0;0;0;0;0.0;0.172;0.172;0.69677786;0.59864753;0.0001;0.0;0.0001
2017-06-04 23:00:00+00:00;1.23e-06;0.0;0;0;0;0.0;0.15;0.15;0.70595489;0.23600527;0.0001;0.0;0.0001
2017-06-05 00:00:00+00:00;1.82e-06;0.0;0;0;0;0.0;0.084;0.084;0.48497307;0.20722414;0.0001;0.0;0.0001
2017-06-05 01:00:00+00:00;4.08e-06;0.0;0;0;0;0.0;0.053;0.053;0.46021904;0.20756274;0.0001;0.0;0.0001
2017-06-05 02:00:00+00:00;5.45e-06;0.0;0;0;0;0.0;0.079;0.079;0.42655582;0.20823995;0.0001;0.0;0.0001
2017-06-05 03:00:00+00:00;6.96e-06;0.0;0;0;0;0.0;0.119;0.119;0.41936644;0.2204296;0.0001;0.0;0.0001
2017-06-05 04:00:00+00:00;9.07e-06;0.0;0;0;0;0.0;0.115;0.115;0.43852403;0.22144541;0.0001;0.0;0.0001
2017-06-05 05:00:00+00:00;5.068e-05;0.0;0;0;0;0.0;0.096;0.096;0.41427749;0.21196457;0.0001;0.0;0.0001
2017-06-05 06:00:00+00:00;0.00033333;0.0;0;0;0;0.001;0.09;0.09;0.44884291;0.21128736;0.0001;0.002;0.0001
2017-06-05 07:00:00+00:00;0.00043884;0.0;0;0;0;0.134;0.053;0.053;0.51925655;0.25191955;0.0001;0.098;0.0001
2017-06-05 08:00:00+00:00;0.00033419;0.0;0;0;0;0.29;0.031;0.031;0.53993659;0.25564416;0.0001;0.225;0.0001
2017-06-05 09:00:00+00:00;6.708e-05;0.0;0;0;0;0.373;0.106;0.106;0.53156307;0.25056514;0.0001;0.268;0.0001
2017-06-05 10:00:00+00:00;2.05e-05;0.0;0;0;0;0.44;0.172;0.172;0.54673126;0.19198707;0.0001;0.316;0.0001
2017-06-05 11:00:00+00:00;1.968e-05;0.0;0;0;0;0.522;0.252;0.252;0.47041105;0.18826246;0.0001;0.446;0.0001
2017-06-05 12:00:00+00:00;2.174e-05;0.0;0;0;0;0.637;0.295;0.295;0.48412726;0.19063267;0.0001;0.708;0.0001
2017-06-05 13:00:00+00:00;2.197e-05;0.0;0;0;0;0.598;0.309;0.309;0.48720037;0.22415422;0.0001;0.656;0.0001
2017-06-05 14:00:00+00:00;2.079e-05;0.0;0;0;0;0.486;0.298;0.298;0.52197723;0.24379311;0.0001;0.469;0.0001
2017-06-05 15:00:00+00:00;2.215e-05;0.0;0;0;0;0.333;0.286;0.286;0.49733598;0.49672846;0.0001;0.258;0.0001
2017-06-05 16:00:00+00:00;2.488e-05;0.0;0;0;0;0.163;0.231;0.231;0.46825423;0.49131084;0.0001;0.09;0.0001
2017-06-05 17:00:00+00:00;5.101e-05;0.0;0;0;0;0.033;0.226;0.226;0.59267281;0.73815136;0.0001;0.02;0.0001
2017-06-05 18:00:00+00:00;0.00037062;0.0;0;0;0;0.0;0.323;0.323;0.77910332;0.88408863;0.0001;0.0;0.0001
2017-06-05 19:00:00+00:00;0.00038583;0.0;0;0;0;0.0;0.337;0.337;0.76771309;0.8793482;0.0001;0.0;0.0001
2017-06-05 20:00:00+00:00;5.461e-05;0.0;0;0;0;0.0;0.289;0.289;0.70720951;0.8779938;0.0001;0.0;0.0001
2017-06-05 21:00:00+00:00;1.861e-05;0.0;0;0;0;0.0;0.214;0.214;0.59330717;0.86343393;0.0001;0.0;0.0001
2017-06-05 22:00:00+00:00;1.219e-05;0.0;0;0;0;0.0;0.162;0.162;0.57835044;0.3297979;0.0001;0.0;0.0001
2017-06-05 23:00:00+00:00;1.44e-06;0.0;0;0;0;0.0;0.118;0.118;0.52139926;0.20519253;0.0001;0.0;0.0001
2017-06-06 00:00:00+00:00;1.86e-06;0.0;0;0;0;0.0;0.066;0.066;0.38564684;0.20993296;0.0001;0.0;0.0001
2017-06-06 01:00:00+00:00;3.97e-06;0.0;0;0;0;0.0;0.022;0.022;0.38506887;0.21162596;0.0001;0.0;0.0001
2017-06-06 02:00:00+00:00;5.37e-06;0.0;0;0;0;0.0;0.002;0.002;0.36946368;0.21535058;0.0001;0.0;0.0001
2017-06-06 03:00:00+00:00;6.77e-06;0.0;0;0;0;0.0;0.0;0.0;0.33661808;0.20857855;0.0001;0.0;0.0001
2017-06-06 04:00:00+00:00;8.86e-06;0.0;0;0;0;0.0;0.001;0.001;0.32356442;0.20959435;0.0001;0.0;0.0001
2017-06-06 05:00:00+00:00;5.257e-05;0.0;0;0;0;0.0;0.003;0.003;0.32656705;0.20891715;0.0001;0.0;0.0001
2017-06-06 06:00:00+00:00;0.0003347;0.0;0;0;0;0.0;0.007;0.007;0.28678581;0.20925575;0.0001;0.001;0.0001
2017-06-06 07:00:00+00:00;0.00043129;0.0;0;0;0;0.09;0.013;0.013;0.32876615;0.23668248;0.0001;0.039;0.0001
2017-06-06 08:00:00+00:00;0.00034933;0.0;0;0;0;0.24;0.006;0.006;0.35137746;0.25462836;0.0001;0.136;0.0001
2017-06-06 09:00:00+00:00;6.553e-05;0.0;0;0;0;0.363;0.067;0.067;0.37403106;0.25970738;0.0001;0.237;0.0001
2017-06-06 10:00:00+00:00;1.924e-05;0.0;0;0;0;0.455;0.143;0.143;0.36820907;0.22584723;0.0001;0.334;0.0001
2017-06-06 11:00:00+00:00;2.181e-05;0.0;0;0;0;0.528;0.181;0.181;0.38977721;0.20383813;0.0001;0.442;0.0001
2017-06-06 12:00:00+00:00;2.172e-05;0.0;0;0;0;0.558;0.13;0.13;0.37818962;0.21602778;0.0001;0.499;0.0001
2017-06-06 13:00:00+00:00;2.12e-05;0.0;0;0;0;0.472;0.058;0.058;0.342285;0.22754024;0.0001;0.348;0.0001
2017-06-06 14:00:00+00:00;2.182e-05;0.0;0;0;0;0.391;0.03;0.03;0.37159231;0.25225815;0.0001;0.25;0.0001
2017-06-06 15:00:00+00:00;2.273e-05;0.0;0;0;0;0.249;0.014;0.014;0.41381229;0.24887213;0.0001;0.108;0.0001
2017-06-06 16:00:00+00:00;2.482e-05;0.0;0;0;0;0.118;0.007;0.007;0.42248184;0.46523852;0.0001;0.036;0.0001
2017-06-06 17:00:00+00:00;4.975e-05;0.0;0;0;0;0.021;0.016;0.016;0.5172407;0.74932521;0.0001;0.008;0.0001
2017-06-06 18:00:00+00:00;0.00036896;0.0;0;0;0;0.0;0.084;0.084;0.62589903;0.86072512;0.0001;0.0;0.0001
2017-06-06 19:00:00+00:00;0.00038273;0.0;0;0;0;0.0;0.185;0.185;0.59874854;0.88815184;0.0001;0.0;0.0001
2017-06-06 20:00:00+00:00;5.48e-05;0.0;0;0;0;0.0;0.231;0.231;0.52664328;0.88984485;0.0001;0.0;0.0001
2017-06-06 21:00:00+00:00;1.878e-05;0.0;0;0;0;0.0;0.214;0.214;0.47730439;0.83939322;0.0001;0.0;0.0001
2017-06-06 22:00:00+00:00;1.208e-05;0.0;0;0;0;0.0;0.134;0.134;0.42212942;0.33250671;0.0001;0.0;0.0001
2017-06-06 23:00:00+00:00;1.18e-06;0.0;0;0;0;0.0;0.07;0.07;0.40078683;0.17945882;0.0001;0.0;0.0001
2017-06-07 00:00:00+00:00;2.11e-06;0.0;0;0;0;0.0;0.028;0.028;0.3183204;0.175057;0.0001;0.0;0.0001
2017-06-07 01:00:00+00:00;3.92e-06;0.0;0;0;0;0.0;0.004;0.004;0.26232781;0.18589225;0.0001;0.0;0.0001
2017-06-07 02:00:00+00:00;5.37e-06;0.0;0;0;0;0.0;0.0;0.0;0.26710664;0.18623085;0.0001;0.0;0.0001
2017-06-07 03:00:00+00:00;7e-06;0.0;0;0;0;0.0;0.001;0.001;0.25960713;0.18521504;0.0001;0.0;0.0001
2017-06-07 04:00:00+00:00;9.45e-06;0.0;0;0;0;0.0;0.005;0.005;0.27860965;0.21433478;0.0001;0.0;0.0001
2017-06-07 05:00:00+00:00;5.276e-05;0.0;0;0;0;0.0;0.005;0.005;0.30395574;0.22415422;0.0001;0.0;0.0001
2017-06-07 06:00:00+00:00;0.00033167;0.0;0;0;0;0.0;0.004;0.004;0.31148344;0.21501198;0.0001;0.001;0.0001
2017-06-07 07:00:00+00:00;0.00043854;0.0;0;0;0;0.053;0.003;0.003;0.42251004;0.25191955;0.0001;0.011;0.0001
2017-06-07 08:00:00+00:00;0.00034548;0.0;0;0;0;0.145;0.0;0.0;0.4066652;0.25327395;0.0001;0.032;0.0001
2017-06-07 09:00:00+00:00;6.221e-05;0.0;0;0;0;0.282;0.005;0.005;0.36899849;0.25462836;0.0001;0.106;0.0001
2017-06-07 10:00:00+00:00;2.016e-05;0.0;0;0;0;0.389;0.017;0.017;0.36622142;0.2204296;0.0001;0.199;0.0001
2017-06-07 11:00:00+00:00;2.137e-05;0.0;0;0;0;0.458;0.028;0.028;0.34552728;0.2190752;0.0001;0.28;0.0001
2017-06-07 12:00:00+00:00;2.184e-05;0.0;0;0;0;0.492;0.031;0.031;0.29088798;0.19300288;0.0001;0.345;0.0001
2017-06-07 13:00:00+00:00;2.099e-05;0.0;0;0;0;0.497;0.028;0.028;0.31575478;0.21704359;0.0001;0.387;0.0001
2017-06-07 14:00:00+00:00;2.118e-05;0.0;0;0;0;0.416;0.021;0.021;0.41970477;0.23126485;0.0001;0.296;0.0001
2017-06-07 15:00:00+00:00;2.321e-05;0.0;0;0;0;0.295;0.014;0.014;0.42969942;0.22923324;0.0001;0.176;0.0001
2017-06-07 16:00:00+00:00;2.511e-05;0.0;0;0;0;0.169;0.007;0.007;0.39626175;0.44627683;0.0001;0.089;0.0001
2017-06-07 17:00:00+00:00;5.086e-05;0.0;0;0;0;0.029;0.01;0.01;0.40005379;0.72020548;0.0001;0.015;0.0001
2017-06-07 18:00:00+00:00;0.00036922;0.0;0;0;0;0.0;0.056;0.056;0.68103171;0.88781324;0.0001;0.0;0.0001
2017-06-07 19:00:00+00:00;0.00038859;0.0;0;0;0;0.0;0.159;0.159;0.64453503;0.89153786;0.0001;0.0;0.0001
2017-06-07 20:00:00+00:00;5.331e-05;0.0;0;0;0;0.0;0.196;0.196;0.56309767;0.85192148;0.0001;0.0;0.0001
2017-06-07 21:00:00+00:00;1.897e-05;0.0;0;0;0;0.0;0.181;0.181;0.4550737;0.83634581;0.0001;0.0;0.0001
2017-06-07 22:00:00+00:00;1.202e-05;0.0;0;0;0;0.0;0.148;0.148;0.39566968;0.51738316;0.0001;0.0;0.0001
2017-06-07 23:00:00+00:00;1.39e-06;0.0;0;0;0;0.0;0.091;0.091;0.34028326;0.37821792;0.0001;0.0;0.0001
2017-06-08 00:00:00+00:00;1.41e-06;0.0;0;0;0;0.0;0.037;0.037;0.28540432;0.17810441;0.0001;0.0;0.0001
2017-06-08 01:00:00+00:00;2.96e-06;0.0;0;0;0;0.0;0.001;0.001;0.28640519;0.17979742;0.0001;0.0;0.0001
2017-06-08 02:00:00+00:00;4.11e-06;0.0;0;0;0;0.0;0.0;0.0;0.2752828;0.18013602;0.0001;0.0;0.0001
2017-06-08 03:00:00+00:00;5.44e-06;0.0;0;0;0;0.0;0.018;0.018;0.26607757;0.18013602;0.0001;0.0;0.0001
2017-06-08 04:00:00+00:00;7.52e-06;0.0;0;0;0;0.0;0.047;0.047;0.26740267;0.19232568;0.0001;0.0;0.0001
2017-06-08 05:00:00+00:00;4.96e-05;0.0;0;0;0;0.0;0.052;0.052;0.28454441;0.21704359;0.0001;0.0;0.0001
2017-06-08 06:00:00+00:00;0.00033045;0.0;0;0;0;0.0;0.047;0.047;0.28874526;0.21568918;0.0001;0.001;0.0001
2017-06-08 07:00:00+00:00;0.00042735;0.0;0;0;0;0.075;0.03;0.03;0.30808611;0.25462836;0.0001;0.023;0.0001
2017-06-08 08:00:00+00:00;0.00034868;0.0;0;0;0;0.185;0.007;0.007;0.36355711;0.25361255;0.0001;0.06;0.0001
2017-06-08 09:00:00+00:00;6.292e-05;0.0;0;0;0;0.287;0.001;0.001;0.34112907;0.25158095;0.0001;0.11;0.0001
2017-06-08 10:00:00+00:00;1.779e-05;0.0;0;0;0;0.419;0.001;0.001;0.37865481;0.25530556;0.0001;0.244;0.0001
2017-06-08 11:00:00+00:00;1.825e-05;0.0;0;0;0;0.513;0.002;0.002;0.37765394;0.2207682;0.0001;0.382;0.0001
2017-06-08 12:00:00+00:00;1.847e-05;0.0;0;0;0;0.485;0.003;0.003;0.2957091;0.1977433;0.0001;0.317;0.0001
2017-06-08 13:00:00+00:00;1.756e-05;0.0;0;0;0;0.405;0.001;0.001;0.31795389;0.19164847;0.0001;0.199;0.0001
2017-06-08 14:00:00+00:00;1.712e-05;0.0;0;0;0;0.304;0.0;0.0;0.36483993;0.21365757;0.0001;0.105;0.0001
2017-06-08 15:00:00+00:00;2.019e-05;0.0;0;0;0;0.197;0.001;0.001;0.39982825;0.23295786;0.0001;0.047;0.0001
2017-06-08 16:00:00+00:00;2.278e-05;0.0;0;0;0;0.077;0.004;0.004;0.39297719;0.44763124;0.0001;0.011;0.0001
2017-06-08 17:00:00+00:00;4.87e-05;0.0;0;0;0;0.008;0.011;0.011;0.44550196;0.76049906;0.0001;0.002;0.0001
2017-06-08 18:00:00+00:00;0.00037173;0.0;0;0;0;0.0;0.013;0.013;0.68836206;0.88612024;0.0001;0.0;0.0001
2017-06-08 19:00:00+00:00;0.00038587;0.0;0;0;0;0.0;0.016;0.016;0.72179973;0.88408863;0.0001;0.0;0.0001
2017-06-08 20:00:00+00:00;5.355e-05;0.0;0;0;0;0.0;0.034;0.034;0.63043821;0.84277924;0.0001;0.0;0.0001
2017-06-08 21:00:00+00:00;1.748e-05;0.0;0;0;0;0.0;0.05;0.05;0.50114213;0.85293728;0.0001;0.0;0.0001
2017-06-08 22:00:00+00:00;1.104e-05;0.0;0;0;0;0.0;0.042;0.042;0.4421892;0.44458382;0.0001;0.0;0.0001
2017-06-08 23:00:00+00:00;6.1e-07;0.0;0;0;0;0.0;0.044;0.044;0.40300003;0.20214512;0.0001;0.0;0.0001
2017-06-09 00:00:00+00:00;1.29e-06;0.0;0;0;0;0.0;0.029;0.029;0.28627832;0.15744972;0.0001;0.0;0.0001
2017-06-09 01:00:00+00:00;2.95e-06;0.0;0;0;0;0.0;0.01;0.01;0.24071738;0.15914273;0.0001;0.0;0.0001
2017-06-09 02:00:00+00:00;4.15e-06;0.0;0;0;0;0.0;0.008;0.008;0.21327086;0.15846552;0.0001;0.0;0.0001
2017-06-09 03:00:00+00:00;5.42e-06;0.0;0;0;0;0.0;0.007;0.007;0.20829469;0.15812692;0.0001;0.0;0.0001
2017-06-09 04:00:00+00:00;7.51e-06;0.0;0;0;0;0.0;0.002;0.002;0.21293254;0.18724665;0.0001;0.0;0.0001
2017-06-09 05:00:00+00:00;5.07e-05;0.0;0;0;0;0.0;0.002;0.002;0.27367576;0.18623085;0.0001;0.0;0.0001
2017-06-09 06:00:00+00:00;0.00033272;0.0;0;0;0;0.0;0.014;0.014;0.29146595;0.19164847;0.0001;0.0;0.0001
2017-06-09 07:00:00+00:00;0.00043682;0.0;0;0;0;0.026;0.012;0.012;0.31013015;0.2204296;0.0001;0.002;0.0001
2017-06-09 08:00:00+00:00;0.00034232;0.0;0;0;0;0.091;0.001;0.001;0.43765003;0.21535058;0.0001;0.007;0.0001
2017-06-09 09:00:00+00:00;6.132e-05;0.0;0;0;0;0.181;0.001;0.001;0.41251539;0.21772079;0.0001;0.02;0.0001
2017-06-09 10:00:00+00:00;1.761e-05;0.0;0;0;0;0.259;0.006;0.006;0.3977983;0.19266428;0.0001;0.039;0.0001
2017-06-09 11:00:00+00:00;1.798e-05;0.0;0;0;0;0.313;0.017;0.017;0.42896638;0.18792386;0.0001;0.058;0.0001
2017-06-09 12:00:00+00:00;1.859e-05;0.0;0;0;0;0.338;0.032;0.032;0.37122579;0.18724665;0.0001;0.073;0.0001
2017-06-09 13:00:00+00:00;1.926e-05;0.0;0;0;0;0.346;0.043;0.043;0.3991234;0.16862357;0.0001;0.091;0.0001
2017-06-09 14:00:00+00:00;1.854e-05;0.0;0;0;0;0.301;0.041;0.041;0.45703316;0.18081322;0.0001;0.081;0.0001
2017-06-09 15:00:00+00:00;2.01e-05;0.0;0;0;0;0.214;0.028;0.028;0.4111057;0.17776581;0.0001;0.049;0.0001
2017-06-09 16:00:00+00:00;2.199e-05;0.0;0;0;0;0.095;0.013;0.013;0.41251539;0.39108478;0.0001;0.014;0.0001
2017-06-09 17:00:00+00:00;4.808e-05;0.0;0;0;0;0.011;0.005;0.005;0.43812932;0.7252845;0.0001;0.002;0.0001
2017-06-09 18:00:00+00:00;0.00037105;0.0;0;0;0;0.0;0.001;0.001;0.65258432;0.87968681;0.0001;0.0;0.0001
2017-06-09 19:00:00+00:00;0.00038379;0.0;0;0;0;0.0;0.001;0.001;0.69887829;0.88002541;0.0001;0.0;0.0001
2017-06-09 20:00:00+00:00;5.471e-05;0.0;0;0;0;0.0;0.002;0.002;0.65045569;0.8783324;0.0001;0.0;0.0001
2017-06-09 21:00:00+00:00;1.753e-05;0.0;0;0;0;0.0;0.001;0.001;0.547422;0.82686496;0.0001;0.0;0.0001
2017-06-09 22:00:00+00:00;1.098e-05;0.0;0;0;0;0.0;0.0;0.0;0.48876511;0.54277827;0.0001;0.0;0.0001
2017-06-09 23:00:00+00:00;5.5e-07;0.0;0;0;0;0.0;0.0;0.0;0.39035518;0.16083573;0.0001;0.0;0.0001
2017-06-10 00:00:00+00:00;1.82e-06;0.0;0;0;0;0.0;0.0;0.0;0.32061819;0.15270929;0.0001;0.0;0.0001
2017-06-10 01:00:00+00:00;3.92e-06;0.0;0;0;0;0.0;0.002;0.002;0.30298306;0.1533865;0.0001;0.0;0.0001
2017-06-10 02:00:00+00:00;5.2e-06;0.0;0;0;0;0.0;0.012;0.012;0.30201038;0.14932328;0.0001;0.0;0.0001
2017-06-10 03:00:00+00:00;6.84e-06;0.0;0;0;0;0.0;0.023;0.023;0.28481225;0.16828497;0.0001;0.0;0.0001
2017-06-10 04:00:00+00:00;9.28e-06;0.0;0;0;0;0.0;0.02;0.02;0.30061479;0.18250623;0.0001;0.0;0.0001
2017-06-10 05:00:00+00:00;5.056e-05;0.0;0;0;0;0.0;0.006;0.006;0.34640128;0.18115182;0.0001;0.0;0.0001
2017-06-10 06:00:00+00:00;0.0003325;0.0;0;0;0;0.001;0.001;0.001;0.41033038;0.17945882;0.0001;0.002;0.0001
2017-06-10 07:00:00+00:00;0.00044311;0.0;0;0;0;0.143;0.0;0.0;0.40374716;0.17844301;0.0001;0.107;0.0001
2017-06-10 08:00:00+00:00;0.00034815;0.0;0;0;0;0.341;0.0;0.0;0.44816626;0.18284483;0.0001;0.306;0.0001
2017-06-10 09:00:00+00:00;6.56e-05;0.0;0;0;0;0.448;0.003;0.003;0.38966443;0.18318343;0.0001;0.398;0.0001
2017-06-10 10:00:00+00:00;2.134e-05;0.0;0;0;0;0.529;0.008;0.008;0.45042175;0.18521504;0.0001;0.481;0.0001
2017-06-10 11:00:00+00:00;2.003e-05;0.0;0;0;0;0.591;0.01;0.01;0.45476357;0.16760776;0.0001;0.575;0.0001
2017-06-10 12:00:00+00:00;2.074e-05;0.0;0;0;0;0.618;0.008;0.008;0.421777;0.15948133;0.0001;0.636;0.0001
2017-06-10 13:00:00+00:00;2.065e-05;0.0;0;0;0;0.585;0.006;0.006;0.47829117;0.16252874;0.0001;0.596;0.0001
2017-06-10 14:00:00+00:00;2.275e-05;0.0;0;0;0;0.474;0.007;0.007;0.46429303;0.15981993;0.0001;0.424;0.0001
2017-06-10 15:00:00+00:00;2.293e-05;0.0;0;0;0;0.305;0.012;0.012;0.46403928;0.37686352;0.0001;0.197;0.0001
2017-06-10 16:00:00+00:00;2.364e-05;0.0;0;0;0;0.133;0.026;0.026;0.50074741;0.37720212;0.0001;0.052;0.0001
2017-06-10 17:00:00+00:00;4.885e-05;0.0;0;0;0;0.018;0.052;0.052;0.46578729;0.7252845;0.0001;0.007;0.0001
2017-06-10 18:00:00+00:00;0.00036963;0.0;0;0;0;0.0;0.062;0.062;0.66266355;0.87697799;0.0001;0.0;0.0001
2017-06-10 19:00:00+00:00;0.0003867;0.0;0;0;0;0.0;0.156;0.156;0.75337661;0.87223757;0.0001;0.0;0.0001
2017-06-10 20:00:00+00:00;5.429e-05;0.0;0;0;0;0.0;0.254;0.254;0.6961717;0.87189897;0.0001;0.0;0.0001
2017-06-10 21:00:00+00:00;1.881e-05;0.0;0;0;0;0.0;0.218;0.218;0.59482963;0.84311784;0.0001;0.0;0.0001
2017-06-10 22:00:00+00:00;1.19e-05;0.0;0;0;0;0.0;0.184;0.184;0.51212355;0.28374809;0.0001;0.0;0.0001
2017-06-10 23:00:00+00:00;1.15e-06;0.0;0;0;0;0.0;0.166;0.166;0.41477088;0.15135489;0.0001;0.0;0.0001
2017-06-11 00:00:00+00:00;1.84e-06;0.0;0;0;0;0.0;0.142;0.142;0.24763892;0.14153544;0.0001;0.0;0.0001
2017-06-11 01:00:00+00:00;4.05e-06;0.0;0;0;0;0.0;0.133;0.133;0.21493429;0.14322845;0.0001;0.0;0.0001
2017-06-11 02:00:00+00:00;5.42e-06;0.0;0;0;0;0.0;0.154;0.154;0.23014476;0.14661447;0.0001;0.0;0.0001
2017-06-11 03:00:00+00:00;6.73e-06;0.0;0;0;0;0.0;0.211;0.211;0.2180215;0.1760728;0.0001;0.0;0.0001
2017-06-11 04:00:00+00:00;9.36e-06;0.0;0;0;0;0.0;0.332;0.332;0.19769387;0.17302539;0.0001;0.0;0.0001
2017-06-11 05:00:00+00:00;5.296e-05;0.0;0;0;0;0.0;0.653;0.653;0.20742068;0.1764114;0.0001;0.0;0.0001
2017-06-11 06:00:00+00:00;0.00033487;0.0;0;0;0;0.0;0.694;0.694;0.22272983;0.17471839;0.0001;0.001;0.0001
2017-06-11 07:00:00+00:00;0.00043643;0.0;0;0;0;0.074;0.716;0.716;0.27144846;0.20485393;0.0001;0.025;0.0001
2017-06-11 08:00:00+00:00;0.00034976;0.0;0;0;0;0.248;0.782;0.782;0.29744301;0.20349953;0.0001;0.145;0.0001
2017-06-11 09:00:00+00:00;6.689e-05;0.0;0;0;0;0.436;0.84;0.84;0.28169685;0.20316092;0.0001;0.376;0.0001
2017-06-11 10:00:00+00:00;2.121e-05;0.0;0;0;0;0.554;0.885;0.885;0.31359797;0.175057;0.0001;0.548;0.0001
2017-06-11 11:00:00+00:00;2.192e-05;0.0;0;0;0;0.599;0.917;0.917;0.29854256;0.14559866;0.0001;0.608;0.0001
2017-06-11 12:00:00+00:00;2.051e-05;0.0;0;0;0;0.59;0.903;0.903;0.28034356;0.14526006;0.0001;0.581;0.0001
2017-06-11 13:00:00+00:00;2.094e-05;0.0;0;0;0;0.537;0.857;0.857;0.2685868;0.15203209;0.0001;0.491;0.0001
2017-06-11 14:00:00+00:00;2.116e-05;0.0;0;0;0;0.434;0.81;0.81;0.30826937;0.1533865;0.0001;0.339;0.0001
2017-06-11 15:00:00+00:00;2.214e-05;0.0;0;0;0;0.26;0.762;0.762;0.32015299;0.36467386;0.0001;0.125;0.0001
2017-06-11 16:00:00+00:00;2.492e-05;0.0;0;0;0;0.102;0.725;0.725;0.31736182;0.38363555;0.0001;0.025;0.0001
2017-06-11 17:00:00+00:00;5.083e-05;0.0;0;0;0;0.012;0.709;0.709;0.33670266;0.70124379;0.0001;0.003;0.0001
2017-06-11 18:00:00+00:00;0.00037041;0.0;0;0;0;0.0;0.647;0.647;0.45673713;0.86648134;0.0001;0.0;0.0001
2017-06-11 19:00:00+00:00;0.00038675;0.0;0;0;0;0.0;0.544;0.544;0.50335533;0.86343393;0.0001;0.0;0.0001
2017-06-11 20:00:00+00:00;5.466e-05;0.0;0;0;0;0.0;0.356;0.356;0.46747891;0.85801631;0.0001;0.0;0.0001
2017-06-11 21:00:00+00:00;1.855e-05;0.0;0;0;0;0.0;0.25;0.25;0.37658258;0.81941573;0.0001;0.0;0.0001
2017-06-11 22:00:00+00:00;1.187e-05;0.0;0;0;0;0.0;0.208;0.208;0.28285279;0.26580221;0.0001;0.0;0.0001
2017-06-11 23:00:00+00:00;1.16e-06;0.0;0;0;0;0.0;0.171;0.171;0.25268559;0.14729167;0.0001;0.0;0.0001
2017-06-12 00:00:00+00:00;1.96e-06;0.0;0;0;0;0.0;0.141;0.141;0.50336943;0.2204296;0.0001;0.0;0.0001
2017-06-12 01:00:00+00:00;4.01e-06;0.0;0;0;0;0.0;0.144;0.144;0.48525501;0.22144541;0.0001;0.0;0.0001
2017-06-12 02:00:00+00:00;5.46e-06;0.0;0;0;0;0.0;0.155;0.155;0.43305446;0.21636638;0.0001;0.0;0.0001
2017-06-12 03:00:00+00:00;7.22e-06;0.0;0;0;0;0.0;0.174;0.174;0.41976115;0.25124234;0.0001;0.0;0.0001
2017-06-12 04:00:00+00:00;9.14e-06;0.0;0;0;0;0.0;0.199;0.199;0.44334514;0.25395116;0.0001;0.0;0.0001
2017-06-12 05:00:00+00:00;4.994e-05;0.0;0;0;0;0.0;0.206;0.206;0.41985983;0.22483142;0.0001;0.0;0.0001
2017-06-12 06:00:00+00:00;0.00033231;0.0;0;0;0;0.001;0.214;0.214;0.53493221;0.22449282;0.0001;0.002;0.0001
2017-06-12 07:00:00+00:00;0.00044424;0.0;0;0;0;0.146;0.166;0.166;0.54100795;0.22347702;0.0001;0.119;0.0001
2017-06-12 08:00:00+00:00;0.00035011;0.0;0;0;0;0.357;0.223;0.223;0.62797126;0.22550863;0.0001;0.35;0.0001
2017-06-12 09:00:00+00:00;6.475e-05;0.0;0;0;0;0.515;0.505;0.505;0.54956472;0.23160346;0.0001;0.552;0.0001
2017-06-12 10:00:00+00:00;2.106e-05;0.0;0;0;0;0.623;0.535;0.535;0.60940574;0.23024905;0.0001;0.707;0.0001
2017-06-12 11:00:00+00:00;2.163e-05;0.0;0;0;0;0.676;0.395;0.395;0.64700197;0.26173899;0.0001;0.792;0.0001
2017-06-12 12:00:00+00:00;2.146e-05;0.0;0;0;0;0.684;0.263;0.263;0.52357017;0.27731466;0.0001;0.81;0.0001
2017-06-12 13:00:00+00:00;2.026e-05;0.0;0;0;0;0.646;0.179;0.179;0.63259502;0.27257424;0.0001;0.757;0.0001
2017-06-12 14:00:00+00:00;2.047e-05;0.0;0;0;0;0.564;0.132;0.132;0.60941984;0.23498947;0.0001;0.639;0.0001
2017-06-12 15:00:00+00:00;2.166e-05;0.0;0;0;0;0.433;0.109;0.109;0.55659903;0.23905269;0.0001;0.462;0.0001
2017-06-12 16:00:00+00:00;2.36e-05;0.0;0;0;0;0.255;0.104;0.104;0.53655335;0.45304886;0.0001;0.245;0.0001
2017-06-12 17:00:00+00:00;5.003e-05;0.0;0;0;0;0.053;0.127;0.127;0.57398042;0.76625529;0.0001;0.049;0.0001
2017-06-12 18:00:00+00:00;0.00036989;0.0;0;0;0;0.0;0.196;0.196;0.79159311;0.89695548;0.0001;0.0;0.0001
2017-06-12 19:00:00+00:00;0.00039088;0.0;0;0;0;0.0;0.239;0.239;0.8608931;0.89627828;0.0001;0.0;0.0001
2017-06-12 20:00:00+00:00;5.457e-05;0.0;0;0;0;0.0;0.242;0.242;0.824044;0.86783575;0.0001;0.0;0.0001
2017-06-12 21:00:00+00:00;1.861e-05;0.0;0;0;0;0.0;0.211;0.211;0.73503664;0.83600721;0.0001;0.0;0.0001
2017-06-12 22:00:00+00:00;1.225e-05;0.0;0;0;0;0.0;0.192;0.192;0.66880976;0.32234867;0.0001;0.0;0.0001
2017-06-12 23:00:00+00:00;1.35e-06;0.0;0;0;0;0.0;0.207;0.207;0.58865521;0.19164847;0.0001;0.0;0.0001
2017-06-13 00:00:00+00:00;1.78e-06;0.0;0;0;0;0.0;0.224;0.224;0.3738337;0.1984205;0.0001;0.0;0.0001
2017-06-13 01:00:00+00:00;3.71e-06;0.0;0;0;0;0.0;0.228;0.228;0.36695445;0.20079071;0.0001;0.0;0.0001
2017-06-13 02:00:00+00:00;5.3e-06;0.0;0;0;0;0.0;0.207;0.207;0.35284353;0.19605029;0.0001;0.0;0.0001
2017-06-13 03:00:00+00:00;6.94e-06;0.0;0;0;0;0.0;0.169;0.169;0.34936161;0.19875911;0.0001;0.0;0.0001
2017-06-13 04:00:00+00:00;9.33e-06;0.0;0;0;0;0.0;0.121;0.121;0.36065317;0.20959435;0.0001;0.0;0.0001
2017-06-13 05:00:00+00:00;5.162e-05;0.0;0;0;0;0.0;0.086;0.086;0.35237833;0.20485393;0.0001;0.0;0.0001
2017-06-13 06:00:00+00:00;0.00034064;0.0;0;0;0;0.001;0.073;0.073;0.26812161;0.20519253;0.0001;0.003;0.0001
2017-06-13 07:00:00+00:00;0.00043593;0.0;0;0;0;0.164;0.022;0.022;0.28954878;0.20993296;0.0001;0.142;0.0001
2017-06-13 08:00:00+00:00;0.00034959;0.0;0;0;0;0.374;0.03;0.03;0.30522445;0.25361255;0.0001;0.37;0.0001
2017-06-13 09:00:00+00:00;6.638e-05;0.0;0;0;0;0.533;0.102;0.102;0.32295826;0.25665997;0.0001;0.573;0.0001
2017-06-13 10:00:00+00:00;2.091e-05;0.0;0;0;0;0.636;0.069;0.069;0.34992548;0.21027156;0.0001;0.723;0.0001
2017-06-13 11:00:00+00:00;2.002e-05;0.0;0;0;0;0.69;0.025;0.025;0.35993423;0.20925575;0.0001;0.811;0.0001
2017-06-13 12:00:00+00:00;2.105e-05;0.0;0;0;0;0.696;0.008;0.008;0.3329952;0.20722414;0.0001;0.828;0.0001
2017-06-13 13:00:00+00:00;1.988e-05;0.0;0;0;0;0.656;0.003;0.003;0.32218293;0.20112932;0.0001;0.772;0.0001
2017-06-13 14:00:00+00:00;2.077e-05;0.0;0;0;0;0.569;0.002;0.002;0.30752223;0.19537309;0.0001;0.646;0.0001
2017-06-13 15:00:00+00:00;2.212e-05;0.0;0;0;0;0.439;0.002;0.002;0.31592394;0.1977433;0.0001;0.471;0.0001
2017-06-13 16:00:00+00:00;2.412e-05;0.0;0;0;0;0.262;0.002;0.002;0.35772103;0.42866955;0.0001;0.258;0.0001
2017-06-13 17:00:00+00:00;5.018e-05;0.0;0;0;0;0.057;0.003;0.003;0.42379285;0.73104073;0.0001;0.055;0.0001
2017-06-13 18:00:00+00:00;0.00037225;0.0;0;0;0;0.0;0.04;0.04;0.5789707;0.85226008;0.0001;0.0;0.0001
2017-06-13 19:00:00+00:00;0.0003894;0.0;0;0;0;0.0;0.128;0.128;0.53660974;0.87968681;0.0001;0.0;0.0001
2017-06-13 20:00:00+00:00;5.312e-05;0.0;0;0;0;0.0;0.175;0.175;0.47029827;0.88036401;0.0001;0.0;0.0001
2017-06-13 21:00:00+00:00;1.859e-05;0.0;0;0;0;0.0;0.149;0.149;0.42768357;0.84108623;0.0001;0.0;0.0001
2017-06-13 22:00:00+00:00;1.194e-05;0.0;0;0;0;0.0;0.102;0.102;0.37238173;0.32539608;0.0001;0.0;0.0001
2017-06-13 23:00:00+00:00;1.26e-06;0.0;0;0;0;0.0;0.085;0.085;0.35615628;0.1970661;0.0001;0.0;0.0001
2017-06-14 00:00:00+00:00;1.89e-06;0.0;0;0;0;0.0;0.069;0.069;0.31676975;0.20180652;0.0001;0.0;0.0001
2017-06-14 01:00:00+00:00;3.79e-06;0.0;0;0;0;0.0;0.055;0.055;0.28020259;0.19943631;0.0001;0.0;0.0001
2017-06-14 02:00:00+00:00;5.26e-06;0.0;0;0;0;0.0;0.037;0.037;0.3112438;0.19943631;0.0001;0.0;0.0001
2017-06-14 03:00:00+00:00;6.9e-06;0.0;0;0;0;0.0;0.027;0.027;0.30188351;0.20079071;0.0001;0.0;0.0001
2017-06-14 04:00:00+00:00;9.03e-06;0.0;0;0;0;0.0;0.024;0.024;0.32814589;0.21230317;0.0001;0.0;0.0001
2017-06-14 05:00:00+00:00;5.244e-05;0.0;0;0;0;0.0;0.022;0.022;0.37431299;0.20891715;0.0001;0.0;0.0001
2017-06-14 06:00:00+00:00;0.00033398;0.0;0;0;0;0.001;0.016;0.016;0.38812788;0.20790135;0.0001;0.003;0.0001
2017-06-14 07:00:00+00:00;0.00043938;0.0;0;0;0;0.17;0.004;0.004;0.44280946;0.25801438;0.0001;0.152;0.0001
2017-06-14 08:00:00+00:00;0.00035167;0.0;0;0;0;0.377;0.002;0.002;0.4515495;0.25530556;0.0001;0.38;0.0001
2017-06-14 09:00:00+00:00;6.544e-05;0.0;0;0;0;0.53;0.001;0.001;0.48359158;0.25022654;0.0001;0.579;0.0001
2017-06-14 10:00:00+00:00;2.038e-05;0.0;0;0;0;0.63;0.001;0.001;0.48931489;0.20823995;0.0001;0.727;0.0001
2017-06-14 11:00:00+00:00;2.04e-05;0.0;0;0;0;0.68;0.012;0.012;0.49491133;0.20654694;0.0001;0.809;0.0001
2017-06-14 12:00:00+00:00;2.053e-05;0.0;0;0;0;0.683;0.028;0.028;0.46047279;0.20756274;0.0001;0.82;0.0001
2017-06-14 13:00:00+00:00;2.052e-05;0.0;0;0;0;0.642;0.038;0.038;0.4714824;0.19875911;0.0001;0.76;0.0001
2017-06-14 14:00:00+00:00;2.184e-05;0.0;0;0;0;0.563;0.041;0.041;0.46420844;0.20011351;0.0001;0.648;0.0001
2017-06-14 15:00:00+00:00;2.393e-05;0.0;0;0;0;0.429;0.036;0.036;0.44272488;0.19909771;0.0001;0.463;0.0001
2017-06-14 16:00:00+00:00;2.452e-05;0.0;0;0;0;0.25;0.027;0.027;0.44686935;0.41004647;0.0001;0.241;0.0001
2017-06-14 17:00:00+00:00;4.989e-05;0.0;0;0;0;0.049;0.016;0.016;0.54847926;0.73408814;0.0001;0.046;0.0001
2017-06-14 18:00:00+00:00;0.0003727;0.0;0;0;0;0.0;0.035;0.035;0.72611335;0.88578163;0.0001;0.0;0.0001
2017-06-14 19:00:00+00:00;0.00039054;0.0;0;0;0;0.0;0.084;0.084;0.69525541;0.88578163;0.0001;0.0;0.0001
2017-06-14 20:00:00+00:00;5.486e-05;0.0;0;0;0;0.0;0.105;0.105;0.55693736;0.88950625;0.0001;0.0;0.0001
2017-06-14 21:00:00+00:00;1.884e-05;0.0;0;0;0;0.0;0.081;0.081;0.47043924;0.8566619;0.0001;0.0;0.0001
2017-06-14 22:00:00+00:00;1.219e-05;0.0;0;0;0;0.0;0.034;0.034;0.43507031;0.55293632;0.0001;0.0;0.0001
2017-06-14 23:00:00+00:00;1.23e-06;0.0;0;0;0;0.0;0.003;0.003;0.40316919;0.19401868;0.0001;0.0;0.0001
2017-06-15 00:00:00+00:00;1.34e-06;0.0;0;0;0;0.0;0.0;0.0;0.39919389;0.19198707;0.0001;0.0;0.0001
2017-06-15 01:00:00+00:00;2.9e-06;0.0;0;0;0;0.0;0.012;0.012;0.38432174;0.19435728;0.0001;0.0;0.0001
2017-06-15 02:00:00+00:00;4.16e-06;0.0;0;0;0;0.0;0.069;0.069;0.35796068;0.19977491;0.0001;0.0;0.0001
2017-06-15 03:00:00+00:00;5.49e-06;0.0;0;0;0;0.0;0.144;0.144;0.34501979;0.20011351;0.0001;0.0;0.0001
2017-06-15 04:00:00+00:00;7.52e-06;0.0;0;0;0;0.0;0.189;0.189;0.34929113;0.20959435;0.0001;0.0;0.0001
2017-06-15 05:00:00+00:00;5.013e-05;0.0;0;0;0;0.0;0.172;0.172;0.37937375;0.21298037;0.0001;0.0;0.0001
2017-06-15 06:00:00+00:00;0.00033556;0.0;0;0;0;0.001;0.15;0.15;0.3724945;0.20756274;0.0001;0.003;0.0001
2017-06-15 07:00:00+00:00;0.00043536;0.0;0;0;0;0.163;0.079;0.079;0.42664041;0.25259675;0.0001;0.144;0.0001
2017-06-15 08:00:00+00:00;0.00034597;0.0;0;0;0;0.366;0.107;0.107;0.47180663;0.25530556;0.0001;0.369;0.0001
2017-06-15 09:00:00+00:00;6.287e-05;0.0;0;0;0;0.516;0.169;0.169;0.50858525;0.25124234;0.0001;0.568;0.0001
2017-06-15 10:00:00+00:00;1.786e-05;0.0;0;0;0;0.614;0.129;0.129;0.51030506;0.2187366;0.0001;0.715;0.0001
2017-06-15 11:00:00+00:00;1.858e-05;0.0;0;0;0;0.665;0.085;0.085;0.52044068;0.20891715;0.0001;0.799;0.0001
2017-06-15 12:00:00+00:00;1.953e-05;0.0;0;0;0;0.671;0.059;0.059;0.46089569;0.20620834;0.0001;0.814;0.0001
2017-06-15 13:00:00+00:00;1.778e-05;0.0;0;0;0;0.634;0.044;0.044;0.45661026;0.23126485;0.0001;0.759;0.0001
2017-06-15 14:00:00+00:00;1.845e-05;0.0;0;0;0;0.545;0.037;0.037;0.42752851;0.24988794;0.0001;0.622;0.0001
2017-06-15 15:00:00+00:00;1.934e-05;0.0;0;0;0;0.416;0.038;0.038;0.48228057;0.24954934;0.0001;0.444;0.0001
2017-06-15 16:00:00+00:00;2.258e-05;0.0;0;0;0;0.235;0.051;0.051;0.49898531;0.46727013;0.0001;0.218;0.0001
2017-06-15 17:00:00+00:00;5.003e-05;0.0;0;0;0;0.045;0.064;0.064;0.57220422;0.75948326;0.0001;0.04;0.0001
2017-06-15 18:00:00+00:00;0.00037761;0.0;0;0;0;0.0;0.103;0.103;0.71682355;0.89153786;0.0001;0.0;0.0001
2017-06-15 19:00:00+00:00;0.00038717;0.0;0;0;0;0.0;0.151;0.151;0.6864026;0.88747464;0.0001;0.0;0.0001
2017-06-15 20:00:00+00:00;5.242e-05;0.0;0;0;0;0.0;0.169;0.169;0.57258483;0.87426918;0.0001;0.0;0.0001
2017-06-15 21:00:00+00:00;1.752e-05;0.0;0;0;0;0.0;0.154;0.154;0.49250077;0.84616525;0.0001;0.0;0.0001
2017-06-15 22:00:00+00:00;1.104e-05;0.0;0;0;0;0.0;0.145;0.145;0.42936109;0.32404168;0.0001;0.0;0.0001
2017-06-15 23:00:00+00:00;6.6e-07;0.0;0;0;0;0.0;0.151;0.151;0.44682706;0.20553114;0.0001;0.0;0.0001
2017-06-16 00:00:00+00:00;1.31e-06;0.0;0;0;0;0.0;0.153;0.153;0.40037802;0.20756274;0.0001;0.0;0.0001
2017-06-16 01:00:00+00:00;2.95e-06;0.0;0;0;0;0.0;0.157;0.157;0.39186354;0.21670499;0.0001;0.0;0.0001
2017-06-16 02:00:00+00:00;4.28e-06;0.0;0;0;0;0.0;0.202;0.202;0.35336511;0.21399617;0.0001;0.0;0.0001
2017-06-16 03:00:00+00:00;5.47e-06;0.0;0;0;0;0.0;0.233;0.233;0.34284888;0.21264177;0.0001;0.0;0.0001
2017-06-16 04:00:00+00:00;7.56e-06;0.0;0;0;0;0.0;0.238;0.238;0.35968049;0.2204296;0.0001;0.0;0.0001
2017-06-16 05:00:00+00:00;4.94e-05;0.0;0;0;0;0.0;0.228;0.228;0.3725086;0.22584723;0.0001;0.0;0.0001
2017-06-16 06:00:00+00:00;0.00033453;0.0;0;0;0;0.001;0.173;0.173;0.44314779;0.22212261;0.0001;0.003;0.0001
2017-06-16 07:00:00+00:00;0.00043944;0.0;0;0;0;0.166;0.107;0.107;0.44454337;0.25835298;0.0001;0.151;0.0001
2017-06-16 08:00:00+00:00;0.00034958;0.0;0;0;0;0.368;0.114;0.114;0.47331499;0.25158095;0.0001;0.376;0.0001
2017-06-16 09:00:00+00:00;6.331e-05;0.0;0;0;0;0.514;0.278;0.278;0.48777834;0.24853353;0.0001;0.574;0.0001
2017-06-16 10:00:00+00:00;1.768e-05;0.0;0;0;0;0.611;0.301;0.301;0.48949815;0.2190752;0.0001;0.721;0.0001
2017-06-16 11:00:00+00:00;1.781e-05;0.0;0;0;0;0.662;0.215;0.215;0.49056951;0.20451533;0.0001;0.805;0.0001
2017-06-16 12:00:00+00:00;1.928e-05;0.0;0;0;0;0.669;0.15;0.15;0.42521663;0.20722414;0.0001;0.821;0.0001
2017-06-16 13:00:00+00:00;1.801e-05;0.0;0;0;0;0.633;0.109;0.109;0.47031237;0.23194206;0.0001;0.767;0.0001
2017-06-16 14:00:00+00:00;1.883e-05;0.0;0;0;0;0.552;0.088;0.088;0.48429642;0.24954934;0.0001;0.646;0.0001
2017-06-16 15:00:00+00:00;1.998e-05;0.0;0;0;0;0.426;0.086;0.086;0.48961092;0.24853353;0.0001;0.468;0.0001
2017-06-16 16:00:00+00:00;2.208e-05;0.0;0;0;0;0.243;0.102;0.102;0.49620824;0.47234915;0.0001;0.235;0.0001
2017-06-16 17:00:00+00:00;4.879e-05;0.0;0;0;0;0.04;0.131;0.131;0.57396632;0.75948326;0.0001;0.034;0.0001
2017-06-16 18:00:00+00:00;0.00036992;0.0;0;0;0;0.0;0.207;0.207;0.6970739;0.88341142;0.0001;0.0;0.0001
2017-06-16 19:00:00+00:00;0.00039152;0.0;0;0;0;0.0;0.263;0.263;0.63174921;0.88476583;0.0001;0.0;0.0001
2017-06-16 20:00:00+00:00;5.304e-05;0.0;0;0;0;0.0;0.269;0.269;0.54004936;0.88442723;0.0001;0.0;0.0001
2017-06-16 21:00:00+00:00;1.749e-05;0.0;0;0;0;0.0;0.253;0.253;0.49095012;0.85361449;0.0001;0.0;0.0001
2017-06-16 22:00:00+00:00;1.096e-05;0.0;0;0;0;0.0;0.234;0.234;0.41353036;0.33826294;0.0001;0.0;0.0001
2017-06-16 23:00:00+00:00;5.5e-07;0.0;0;0;0;0.0;0.246;0.246;0.41230394;0.19334148;0.0001;0.0;0.0001
2017-06-17 00:00:00+00:00;1.59e-06;0.0;0;0;0;0.0;0.289;0.289;0.36347253;0.19605029;0.0001;0.0;0.0001
2017-06-17 01:00:00+00:00;3.61e-06;0.0;0;0;0;0.0;0.389;0.389;0.37933146;0.19300288;0.0001;0.0;0.0001
2017-06-17 02:00:00+00:00;5.26e-06;0.0;0;0;0;0.0;0.399;0.399;0.36916765;0.1974047;0.0001;0.0;0.0001
2017-06-17 03:00:00+00:00;6.7e-06;0.0;0;0;0;0.0;0.412;0.412;0.36203466;0.19401868;0.0001;0.0;0.0001
2017-06-17 04:00:00+00:00;9.07e-06;0.0;0;0;0;0.0;0.448;0.448;0.36889981;0.20891715;0.0001;0.0;0.0001
2017-06-17 05:00:00+00:00;5.244e-05;0.0;0;0;0;0.0;0.382;0.382;0.39827759;0.21196457;0.0001;0.0;0.0001
2017-06-17 06:00:00+00:00;0.0003374;0.0;0;0;0;0.001;0.286;0.286;0.41674444;0.20282232;0.0001;0.003;0.0001
2017-06-17 07:00:00+00:00;0.00043852;0.0;0;0;0;0.16;0.166;0.166;0.45811862;0.25259675;0.0001;0.139;0.0001
2017-06-17 08:00:00+00:00;0.00035457;0.0;0;0;0;0.359;0.348;0.348;0.50142406;0.25395116;0.0001;0.358;0.0001
2017-06-17 09:00:00+00:00;6.654e-05;0.0;0;0;0;0.504;0.489;0.489;0.51525305;0.24717913;0.0001;0.552;0.0001
2017-06-17 10:00:00+00:00;2.143e-05;0.0;0;0;0;0.6;0.455;0.455;0.51474556;0.2194138;0.0001;0.694;0.0001
2017-06-17 11:00:00+00:00;2.217e-05;0.0;0;0;0;0.612;0.347;0.347;0.49004792;0.20688554;0.0001;0.686;0.0001
2017-06-17 12:00:00+00:00;2.217e-05;0.0;0;0;0;0.614;0.239;0.239;0.43081307;0.20857855;0.0001;0.681;0.0001
2017-06-17 13:00:00+00:00;2.135e-05;0.0;0;0;0;0.559;0.165;0.165;0.49499591;0.19605029;0.0001;0.584;0.0001
2017-06-17 14:00:00+00:00;1.951e-05;0.0;0;0;0;0.468;0.119;0.119;0.49486904;0.23261926;0.0001;0.443;0.0001
2017-06-17 15:00:00+00:00;2.084e-05;0.0;0;0;0;0.28;0.104;0.104;0.47659955;0.24616332;0.0001;0.176;0.0001
2017-06-17 16:00:00+00:00;2.405e-05;0.0;0;0;0;0.134;0.114;0.114;0.47655726;0.46625432;0.0001;0.059;0.0001
2017-06-17 17:00:00+00:00;5.092e-05;0.0;0;0;0;0.022;0.144;0.144;0.54487048;0.75338843;0.0001;0.011;0.0001
2017-06-17 18:00:00+00:00;0.00037747;0.0;0;0;0;0.0;0.216;0.216;0.69182988;0.88815184;0.0001;0.0;0.0001
2017-06-17 19:00:00+00:00;0.0003862;0.0;0;0;0;0.0;0.241;0.241;0.67869163;0.88205702;0.0001;0.0;0.0001
2017-06-17 20:00:00+00:00;5.459e-05;0.0;0;0;0;0.0;0.234;0.234;0.55504838;0.88713604;0.0001;0.0;0.0001
2017-06-17 21:00:00+00:00;1.856e-05;0.0;0;0;0;0.0;0.219;0.219;0.50978348;0.85090568;0.0001;0.0;0.0001
2017-06-17 22:00:00+00:00;1.256e-05;0.0;0;0;0;0.0;0.252;0.252;0.44114604;0.3287821;0.0001;0.0;0.0001
2017-06-17 23:00:00+00:00;1.44e-06;0.0;0;0;0;0.0;0.303;0.303;0.39428819;0.1967275;0.0001;0.0;0.0001
2017-06-18 00:00:00+00:00;1.88e-06;0.0;0;0;0;0.0;0.37;0.37;0.36795532;0.19368008;0.0001;0.0;0.0001
2017-06-18 01:00:00+00:00;3.91e-06;0.0;0;0;0;0.0;0.372;0.372;0.35980736;0.19909771;0.0001;0.0;0.0001
2017-06-18 02:00:00+00:00;5.25e-06;0.0;0;0;0;0.0;0.402;0.402;0.34124184;0.19571169;0.0001;0.0;0.0001
2017-06-18 03:00:00+00:00;6.98e-06;0.0;0;0;0;0.0;0.26;0.26;0.30862179;0.19605029;0.0001;0.0;0.0001
2017-06-18 04:00:00+00:00;9.21e-06;0.0;0;0;0;0.0;0.242;0.242;0.31737592;0.20959435;0.0001;0.0;0.0001
2017-06-18 05:00:00+00:00;5.188e-05;0.0;0;0;0;0.0;0.231;0.231;0.3640505;0.20586974;0.0001;0.0;0.0001
2017-06-18 06:00:00+00:00;0.00033593;0.0;0;0;0;0.0;0.216;0.216;0.40112515;0.20383813;0.0001;0.001;0.0001
2017-06-18 07:00:00+00:00;0.0004396;0.0;0;0;0;0.118;0.197;0.197;0.43608528;0.25259675;0.0001;0.078;0.0001
2017-06-18 08:00:00+00:00;0.00035363;0.0;0;0;0;0.305;0.405;0.405;0.46800049;0.25225815;0.0001;0.257;0.0001
2017-06-18 09:00:00+00:00;6.778e-05;0.0;0;0;0;0.455;0.389;0.389;0.48710169;0.24751773;0.0001;0.445;0.0001
2017-06-18 10:00:00+00:00;2.034e-05;0.0;0;0;0;0.573;0.271;0.271;0.45455212;0.22483142;0.0001;0.623;0.0001
2017-06-18 11:00:00+00:00;2.054e-05;0.0;0;0;0;0.622;0.174;0.174;0.42084661;0.20586974;0.0001;0.695;0.0001
2017-06-18 12:00:00+00:00;2.139e-05;0.0;0;0;0;0.619;0.112;0.112;0.35281533;0.20756274;0.0001;0.682;0.0001
2017-06-18 13:00:00+00:00;1.957e-05;0.0;0;0;0;0.57;0.074;0.074;0.36420557;0.19164847;0.0001;0.596;0.0001
2017-06-18 14:00:00+00:00;1.992e-05;0.0;0;0;0;0.424;0.052;0.052;0.37954291;0.22483142;0.0001;0.343;0.0001
2017-06-18 15:00:00+00:00;2.2e-05;0.0;0;0;0;0.272;0.039;0.039;0.42069155;0.2424387;0.0001;0.159;0.0001
2017-06-18 16:00:00+00:00;2.443e-05;0.0;0;0;0;0.161;0.031;0.031;0.42723247;0.4601595;0.0001;0.089;0.0001
2017-06-18 17:00:00+00:00;5.106e-05;0.0;0;0;0;0.026;0.037;0.037;0.52070852;0.7466164;0.0001;0.015;0.0001
2017-06-18 18:00:00+00:00;0.00037924;0.0;0;0;0;0.0;0.05;0.05;0.64667775;0.89187646;0.0001;0.0;0.0001
2017-06-18 19:00:00+00:00;0.00038966;0.0;0;0;0;0.0;0.052;0.052;0.63074833;0.88984485;0.0001;0.0;0.0001
2017-06-18 20:00:00+00:00;5.347e-05;0.0;0;0;0;0.0;0.04;0.04;0.52155433;0.89153786;0.0001;0.0;0.0001
2017-06-18 21:00:00+00:00;1.904e-05;0.0;0;0;0;0.0;0.02;0.02;0.44858916;0.8553075;0.0001;0.0;0.0001
2017-06-18 22:00:00+00:00;1.209e-05;0.0;0;0;0;0.0;0.008;0.008;0.42242546;0.33453832;0.0001;0.0;0.0001
2017-06-18 23:00:00+00:00;1.27e-06;0.0;0;0;0;0.0;0.016;0.016;0.3658267;0.17742721;0.0001;0.0;0.0001
2017-06-19 00:00:00+00:00;1.9e-06;0.0;0;0;0;0.0;0.069;0.069;0.31493717;0.18182903;0.0001;0.0;0.0001
2017-06-19 01:00:00+00:00;3.92e-06;0.0;0;0;0;0.0;0.173;0.173;0.36722229;0.19401868;0.0001;0.0;0.0001
2017-06-19 02:00:00+00:00;5.4e-06;0.0;0;0;0;0.0;0.186;0.186;0.34858629;0.18961686;0.0001;0.0;0.0001
2017-06-19 03:00:00+00:00;6.74e-06;0.0;0;0;0;0.0;0.159;0.159;0.38007859;0.19029407;0.0001;0.0;0.0001
2017-06-19 04:00:00+00:00;9.03e-06;0.0;0;0;0;0.0;0.161;0.161;0.34215813;0.20180652;0.0001;0.0;0.0001
2017-06-19 05:00:00+00:00;5.163e-05;0.0;0;0;0;0.0;0.164;0.164;0.37312886;0.20553114;0.0001;0.0;0.0001
2017-06-19 06:00:00+00:00;0.00033847;0.0;0;0;0;0.001;0.18;0.18;0.35481708;0.2187366;0.0001;0.002;0.0001
2017-06-19 07:00:00+00:00;0.00044144;0.0;0;0;0;0.145;0.101;0.101;0.37052095;0.25327395;0.0001;0.118;0.0001
2017-06-19 08:00:00+00:00;0.00035298;0.0;0;0;0;0.348;0.236;0.236;0.4137982;0.25767577;0.0001;0.341;0.0001
2017-06-19 09:00:00+00:00;6.654e-05;0.0;0;0;0;0.5;0.169;0.169;0.39614897;0.24887213;0.0001;0.541;0.0001
2017-06-19 10:00:00+00:00;1.992e-05;0.0;0;0;0;0.602;0.054;0.054;0.39200451;0.22347702;0.0001;0.691;0.0001
2017-06-19 11:00:00+00:00;2.094e-05;0.0;0;0;0;0.653;0.011;0.011;0.4017877;0.20790135;0.0001;0.774;0.0001
2017-06-19 12:00:00+00:00;2.145e-05;0.0;0;0;0;0.66;0.001;0.001;0.33329123;0.21061016;0.0001;0.787;0.0001
2017-06-19 13:00:00+00:00;2.076e-05;0.0;0;0;0;0.614;0.0;0.0;0.3400859;0.22787884;0.0001;0.709;0.0001
2017-06-19 14:00:00+00:00;2.113e-05;0.0;0;0;0;0.476;0.0;0.0;0.38553406;0.24311591;0.0001;0.461;0.0001
2017-06-19 15:00:00+00:00;2.263e-05;0.0;0;0;0;0.279;0.0;0.0;0.38798691;0.2421001;0.0001;0.175;0.0001
2017-06-19 16:00:00+00:00;2.482e-05;0.0;0;0;0;0.146;0.0;0.0;0.41674444;0.46591572;0.0001;0.073;0.0001
2017-06-19 17:00:00+00:00;5.084e-05;0.0;0;0;0;0.024;0.002;0.002;0.50253771;0.7472936;0.0001;0.013;0.0001
2017-06-19 18:00:00+00:00;0.00037218;0.0;0;0;0;0.0;0.014;0.014;0.54601232;0.88645884;0.0001;0.0;0.0001
2017-06-19 19:00:00+00:00;0.00039467;0.0;0;0;0;0.0;0.029;0.029;0.53600357;0.88612024;0.0001;0.0;0.0001
2017-06-19 20:00:00+00:00;5.506e-05;0.0;0;0;0;0.0;0.033;0.033;0.52149794;0.8556461;0.0001;0.0;0.0001
2017-06-19 21:00:00+00:00;1.896e-05;0.0;0;0;0;0.0;0.036;0.036;0.44368347;0.8556461;0.0001;0.0;0.0001
2017-06-19 22:00:00+00:00;1.235e-05;0.0;0;0;0;0.0;0.042;0.042;0.36302144;0.32742769;0.0001;0.0;0.0001
2017-06-19 23:00:00+00:00;1.16e-06;0.0;0;0;0;0.0;0.05;0.05;0.36436063;0.18487644;0.0001;0.0;0.0001
2017-06-20 00:00:00+00:00;1.79e-06;0.0;0;0;0;0.0;0.06;0.06;0.30126325;0.18352204;0.0001;0.0;0.0001
2017-06-20 01:00:00+00:00;3.7e-06;0.0;0;0;0;0.0;0.087;0.087;0.30292667;0.18013602;0.0001;0.0;0.0001
2017-06-20 02:00:00+00:00;5.43e-06;0.0;0;0;0;0.0;0.136;0.136;0.31605081;0.18047462;0.0001;0.0;0.0001
2017-06-20 03:00:00+00:00;6.97e-06;0.0;0;0;0;0.0;0.153;0.153;0.32280319;0.21399617;0.0001;0.0;0.0001
2017-06-20 04:00:00+00:00;9.25e-06;0.0;0;0;0;0.0;0.14;0.14;0.36458618;0.21264177;0.0001;0.0;0.0001
2017-06-20 05:00:00+00:00;5.14e-05;0.0;0;0;0;0.0;0.142;0.142;0.40737005;0.2187366;0.0001;0.0;0.0001
2017-06-20 06:00:00+00:00;0.00033348;0.0;0;0;0;0.001;0.131;0.131;0.32890712;0.22483142;0.0001;0.002;0.0001
2017-06-20 07:00:00+00:00;0.00044581;0.0;0;0;0;0.148;0.055;0.055;0.3485158;0.25056514;0.0001;0.123;0.0001
2017-06-20 08:00:00+00:00;0.00035491;0.0;0;0;0;0.351;0.074;0.074;0.367617;0.24954934;0.0001;0.346;0.0001
2017-06-20 09:00:00+00:00;6.452e-05;0.0;0;0;0;0.501;0.14;0.14;0.38809969;0.25158095;0.0001;0.542;0.0001
2017-06-20 10:00:00+00:00;1.979e-05;0.0;0;0;0;0.6;0.048;0.048;0.36617912;0.22313842;0.0001;0.688;0.0001
2017-06-20 11:00:00+00:00;2.014e-05;0.0;0;0;0;0.652;0.01;0.01;0.33718196;0.20823995;0.0001;0.771;0.0001
2017-06-20 12:00:00+00:00;2.166e-05;0.0;0;0;0;0.659;0.002;0.002;0.33293881;0.20857855;0.0001;0.786;0.0001
2017-06-20 13:00:00+00:00;2.126e-05;0.0;0;0;0;0.611;0.001;0.001;0.33151503;0.19638889;0.0001;0.706;0.0001
2017-06-20 14:00:00+00:00;2.202e-05;0.0;0;0;0;0.521;0.002;0.002;0.36114656;0.19368008;0.0001;0.564;0.0001
2017-06-20 15:00:00+00:00;2.211e-05;0.0;0;0;0;0.336;0.003;0.003;0.3707324;0.40462884;0.0001;0.281;0.0001
2017-06-20 16:00:00+00:00;2.455e-05;0.0;0;0;0;0.162;0.003;0.003;0.43008003;0.40835346;0.0001;0.095;0.0001
2017-06-20 17:00:00+00:00;5.055e-05;0.0;0;0;0;0.027;0.002;0.002;0.4937272;0.7239301;0.0001;0.016;0.0001
2017-06-20 18:00:00+00:00;0.00037369;0.0;0;0;0;0.0;0.008;0.008;0.56267477;0.85869351;0.0001;0.0;0.0001
2017-06-20 19:00:00+00:00;0.0003948;0.0;0;0;0;0.0;0.026;0.026;0.55534442;0.88205702;0.0001;0.0;0.0001
2017-06-20 20:00:00+00:00;5.479e-05;0.0;0;0;0;0.0;0.041;0.041;0.52192085;0.85361449;0.0001;0.0;0.0001
2017-06-20 21:00:00+00:00;1.871e-05;0.0;0;0;0;0.0;0.035;0.035;0.44118833;0.83939322;0.0001;0.0;0.0001
2017-06-20 22:00:00+00:00;1.208e-05;0.0;0;0;0;0.0;0.018;0.018;0.35677654;0.33149091;0.0001;0.0;0.0001
2017-06-20 23:00:00+00:00;1.19e-06;0.0;0;0;0;0.0;0.004;0.004;0.33691412;0.18521504;0.0001;0.0;0.0001
2017-06-21 00:00:00+00:00;1.73e-06;0.0;0;0;0;0.0;0.0;0.0;0.27677706;0.18521504;0.0001;0.0;0.0001
2017-06-21 01:00:00+00:00;3.56e-06;0.0;0;0;0;0.0;0.0;0.0;0.27384492;0.18623085;0.0001;0.0;0.0001
2017-06-21 02:00:00+00:00;5.29e-06;0.0;0;0;0;0.0;0.002;0.002;0.35836948;0.18081322;0.0001;0.0;0.0001
2017-06-21 03:00:00+00:00;6.77e-06;0.0;0;0;0;0.0;0.016;0.016;0.33850706;0.17979742;0.0001;0.0;0.0001
2017-06-21 04:00:00+00:00;9.17e-06;0.0;0;0;0;0.0;0.04;0.04;0.34768409;0.20654694;0.0001;0.0;0.0001
2017-06-21 05:00:00+00:00;5.398e-05;0.0;0;0;0;0.0;0.049;0.049;0.36292276;0.22144541;0.0001;0.0;0.0001
2017-06-21 06:00:00+00:00;0.00034049;0.0;0;0;0;0.0;0.037;0.037;0.30074166;0.2190752;0.0001;0.002;0.0001
2017-06-21 07:00:00+00:00;0.00044085;0.0;0;0;0;0.142;0.009;0.009;0.34864267;0.25564416;0.0001;0.114;0.0001
2017-06-21 08:00:00+00:00;0.00035184;0.0;0;0;0;0.354;0.0;0.0;0.36963285;0.24887213;0.0001;0.352;0.0001
2017-06-21 09:00:00+00:00;6.627e-05;0.0;0;0;0;0.507;0.001;0.001;0.38606975;0.25598277;0.0001;0.553;0.0001
2017-06-21 10:00:00+00:00;2.16e-05;0.0;0;0;0;0.607;0.016;0.016;0.42833203;0.22449282;0.0001;0.702;0.0001
2017-06-21 11:00:00+00:00;2.188e-05;0.0;0;0;0;0.66;0.038;0.038;0.43550731;0.20925575;0.0001;0.788;0.0001
2017-06-21 12:00:00+00:00;2.152e-05;0.0;0;0;0;0.667;0.046;0.046;0.37060553;0.21298037;0.0001;0.804;0.0001
2017-06-21 13:00:00+00:00;1.963e-05;0.0;0;0;0;0.63;0.041;0.041;0.38012088;0.24548612;0.0001;0.75;0.0001
2017-06-21 14:00:00+00:00;1.988e-05;0.0;0;0;0;0.547;0.031;0.031;0.3907217;0.22923324;0.0001;0.625;0.0001
2017-06-21 15:00:00+00:00;2.209e-05;0.0;0;0;0;0.419;0.024;0.024;0.37593413;0.43713459;0.0001;0.449;0.0001
2017-06-21 16:00:00+00:00;2.515e-05;0.0;0;0;0;0.218;0.021;0.021;0.3822777;0.440182;0.0001;0.188;0.0001
2017-06-21 17:00:00+00:00;5.014e-05;0.0;0;0;0;0.035;0.022;0.022;0.37600461;0.75372703;0.0001;0.027;0.0001
2017-06-21 18:00:00+00:00;0.00037989;0.0;0;0;0;0.0;0.049;0.049;0.58032399;0.88273422;0.0001;0.0;0.0001
2017-06-21 19:00:00+00:00;0.00039016;0.0;0;0;0;0.0;0.084;0.084;0.59329307;0.88036401;0.0001;0.0;0.0001
2017-06-21 20:00:00+00:00;5.547e-05;0.0;0;0;0;0.0;0.09;0.09;0.54379912;0.85226008;0.0001;0.0;0.0001
2017-06-21 21:00:00+00:00;1.902e-05;0.0;0;0;0;0.0;0.062;0.062;0.51597199;0.8566619;0.0001;0.0;0.0001
2017-06-21 22:00:00+00:00;1.219e-05;0.0;0;0;0;0.0;0.037;0.037;0.4506473;0.3301365;0.0001;0.0;0.0001
2017-06-21 23:00:00+00:00;1.17e-06;0.0;0;0;0;0.0;0.022;0.022;0.40398681;0.18115182;0.0001;0.0;0.0001
2017-06-22 00:00:00+00:00;1.39e-06;0.0;0;0;0;0.0;0.01;0.01;0.34176342;0.18352204;0.0001;0.0;0.0001
2017-06-22 01:00:00+00:00;2.94e-06;0.0;0;0;0;0.0;0.004;0.004;0.32090012;0.18216763;0.0001;0.0;0.0001
2017-06-22 02:00:00+00:00;4.15e-06;0.0;0;0;0;0.0;0.004;0.004;0.30275751;0.18047462;0.0001;0.0;0.0001
2017-06-22 03:00:00+00:00;5.44e-06;0.0;0;0;0;0.0;0.012;0.012;0.2996844;0.22178401;0.0001;0.0;0.0001
2017-06-22 04:00:00+00:00;7.46e-06;0.0;0;0;0;0.0;0.028;0.028;0.31025702;0.22347702;0.0001;0.0;0.0001
2017-06-22 05:00:00+00:00;5.161e-05;0.0;0;0;0;0.0;0.042;0.042;0.3401141;0.22313842;0.0001;0.0;0.0001
2017-06-22 06:00:00+00:00;0.00034068;0.0;0;0;0;0.001;0.049;0.049;0.29600513;0.21670499;0.0001;0.003;0.0001
2017-06-22 07:00:00+00:00;0.00043904;0.0;0;0;0;0.163;0.028;0.028;0.35509902;0.25564416;0.0001;0.147;0.0001
2017-06-22 08:00:00+00:00;0.00035469;0.0;0;0;0;0.364;0.003;0.003;0.40097009;0.25327395;0.0001;0.371;0.0001
2017-06-22 09:00:00+00:00;6.538e-05;0.0;0;0;0;0.515;0.001;0.001;0.41962019;0.25428976;0.0001;0.568;0.0001
2017-06-22 10:00:00+00:00;1.85e-05;0.0;0;0;0;0.614;0.001;0.001;0.41728011;0.22313842;0.0001;0.716;0.0001
2017-06-22 11:00:00+00:00;1.903e-05;0.0;0;0;0;0.666;0.01;0.01;0.39490845;0.22178401;0.0001;0.802;0.0001
2017-06-22 12:00:00+00:00;1.944e-05;0.0;0;0;0;0.672;0.018;0.018;0.36385315;0.21535058;0.0001;0.818;0.0001
2017-06-22 13:00:00+00:00;1.794e-05;0.0;0;0;0;0.636;0.021;0.021;0.37546893;0.23058765;0.0001;0.765;0.0001
2017-06-22 14:00:00+00:00;1.744e-05;0.0;0;0;0;0.555;0.02;0.02;0.37291741;0.24988794;0.0001;0.644;0.0001
2017-06-22 15:00:00+00:00;1.909e-05;0.0;0;0;0;0.427;0.017;0.017;0.39917979;0.23228066;0.0001;0.467;0.0001
2017-06-22 16:00:00+00:00;2.213e-05;0.0;0;0;0;0.252;0.012;0.012;0.39607849;0.45169446;0.0001;0.251;0.0001
2017-06-22 17:00:00+00:00;4.792e-05;0.0;0;0;0;0.053;0.01;0.01;0.4750771;0.75745165;0.0001;0.052;0.0001
2017-06-22 18:00:00+00:00;0.00037861;0.0;0;0;0;0.0;0.029;0.029;0.6713049;0.89052206;0.0001;0.0;0.0001
2017-06-22 19:00:00+00:00;0.00038654;0.0;0;0;0;0.0;0.075;0.075;0.63765578;0.89289227;0.0001;0.0;0.0001
2017-06-22 20:00:00+00:00;5.341e-05;0.0;0;0;0;0.0;0.124;0.124;0.53930223;0.86140232;0.0001;0.0;0.0001
2017-06-22 21:00:00+00:00;1.741e-05;0.0;0;0;0;0.0;0.123;0.123;0.49915447;0.86038652;0.0001;0.0;0.0001
2017-06-22 22:00:00+00:00;1.098e-05;0.0;0;0;0;0.0;0.128;0.128;0.43381569;0.33589273;0.0001;0.0;0.0001
2017-06-22 23:00:00+00:00;6.4e-07;0.0;0;0;0;0.0;0.133;0.133;0.40174541;0.18182903;0.0001;0.0;0.0001
2017-06-23 00:00:00+00:00;1.32e-06;0.0;0;0;0;0.0;0.114;0.114;0.33138816;0.17810441;0.0001;0.0;0.0001
2017-06-23 01:00:00+00:00;2.85e-06;0.0;0;0;0;0.0;0.076;0.076;0.33981806;0.17370259;0.0001;0.0;0.0001
2017-06-23 02:00:00+00:00;4.16e-06;0.0;0;0;0;0.0;0.038;0.038;0.29503245;0.18013602;0.0001;0.0;0.0001
2017-06-23 03:00:00+00:00;5.37e-06;0.0;0;0;0;0.0;0.022;0.022;0.31851776;0.18995546;0.0001;0.0;0.0001
2017-06-23 04:00:00+00:00;7.52e-06;0.0;0;0;0;0.0;0.025;0.025;0.31978647;0.2197524;0.0001;0.0;0.0001
2017-06-23 05:00:00+00:00;5.13e-05;0.0;0;0;0;0.0;0.049;0.049;0.36892801;0.21568918;0.0001;0.0;0.0001
2017-06-23 06:00:00+00:00;0.00033853;0.0;0;0;0;0.001;0.078;0.078;0.35894745;0.2190752;0.0001;0.002;0.0001
2017-06-23 07:00:00+00:00;0.000443;0.0;0;0;0;0.154;0.045;0.045;0.40388813;0.25124234;0.0001;0.132;0.0001
2017-06-23 08:00:00+00:00;0.00035166;0.0;0;0;0;0.368;0.016;0.016;0.42559724;0.25259675;0.0001;0.372;0.0001
2017-06-23 09:00:00+00:00;6.372e-05;0.0;0;0;0;0.521;0.037;0.037;0.45359354;0.25293535;0.0001;0.574;0.0001
2017-06-23 10:00:00+00:00;1.805e-05;0.0;0;0;0;0.621;0.066;0.066;0.43495753;0.22449282;0.0001;0.723;0.0001
2017-06-23 11:00:00+00:00;1.919e-05;0.0;0;0;0;0.672;0.094;0.094;0.40013837;0.2207682;0.0001;0.81;0.0001
2017-06-23 12:00:00+00:00;1.876e-05;0.0;0;0;0;0.678;0.103;0.103;0.35106733;0.22144541;0.0001;0.825;0.0001
2017-06-23 13:00:00+00:00;1.789e-05;0.0;0;0;0;0.64;0.104;0.104;0.37830239;0.2417615;0.0001;0.77;0.0001
2017-06-23 14:00:00+00:00;1.79e-05;0.0;0;0;0;0.559;0.106;0.106;0.43246239;0.24514752;0.0001;0.65;0.0001
2017-06-23 15:00:00+00:00;1.967e-05;0.0;0;0;0;0.431;0.11;0.11;0.43525357;0.24514752;0.0001;0.472;0.0001
2017-06-23 16:00:00+00:00;2.229e-05;0.0;0;0;0;0.255;0.11;0.11;0.42752851;0.45135585;0.0001;0.254;0.0001
2017-06-23 17:00:00+00:00;4.895e-05;0.0;0;0;0;0.054;0.127;0.127;0.46808507;0.76490088;0.0001;0.054;0.0001
2017-06-23 18:00:00+00:00;0.00037906;0.0;0;0;0;0.0;0.222;0.222;0.68858761;0.88544303;0.0001;0.0;0.0001
2017-06-23 19:00:00+00:00;0.00038792;0.0;0;0;0;0.0;0.294;0.294;0.66348116;0.88781324;0.0001;0.0;0.0001
2017-06-23 20:00:00+00:00;5.291e-05;0.0;0;0;0;0.0;0.286;0.286;0.52693932;0.89492388;0.0001;0.0;0.0001
2017-06-23 21:00:00+00:00;1.76e-05;0.0;0;0;0;0.0;0.233;0.233;0.45068959;0.86207953;0.0001;0.0;0.0001
2017-06-23 22:00:00+00:00;1.102e-05;0.0;0;0;0;0.0;0.178;0.178;0.43320953;0.33284531;0.0001;0.0;0.0001
2017-06-23 23:00:00+00:00;6.5e-07;0.0;0;0;0;0.0;0.144;0.144;0.4000115;0.17912022;0.0001;0.0;0.0001
2017-06-24 00:00:00+00:00;1.86e-06;0.0;0;0;0;0.0;0.148;0.148;0.36441702;0.1764114;0.0001;0.0;0.0001
2017-06-24 01:00:00+00:00;3.85e-06;0.0;0;0;0;0.0;0.175;0.175;0.34642947;0.18047462;0.0001;0.0;0.0001
2017-06-24 02:00:00+00:00;5.47e-06;0.0;0;0;0;0.0;0.194;0.194;0.33646302;0.18927826;0.0001;0.0;0.0001
2017-06-24 03:00:00+00:00;7.05e-06;0.0;0;0;0;0.0;0.236;0.236;0.32670801;0.21298037;0.0001;0.0;0.0001
2017-06-24 04:00:00+00:00;9.08e-06;0.0;0;0;0;0.0;0.212;0.212;0.31293542;0.21602778;0.0001;0.0;0.0001
2017-06-24 05:00:00+00:00;5.157e-05;0.0;0;0;0;0.0;0.174;0.174;0.33658989;0.21704359;0.0001;0.0;0.0001
2017-06-24 06:00:00+00:00;0.00034453;0.0;0;0;0;0.001;0.125;0.125;0.33816873;0.21738219;0.0001;0.003;0.0001
2017-06-24 07:00:00+00:00;0.0004518;0.0;0;0;0;0.172;0.029;0.029;0.37052095;0.25259675;0.0001;0.158;0.0001
2017-06-24 08:00:00+00:00;0.00035431;0.0;0;0;0;0.375;0.049;0.049;0.41117619;0.25395116;0.0001;0.385;0.0001
2017-06-24 09:00:00+00:00;6.456e-05;0.0;0;0;0;0.521;0.108;0.108;0.40541059;0.25056514;0.0001;0.584;0.0001
2017-06-24 10:00:00+00:00;2.016e-05;0.0;0;0;0;0.617;0.15;0.15;0.44739093;0.25835298;0.0001;0.731;0.0001
2017-06-24 11:00:00+00:00;2.084e-05;0.0;0;0;0;0.668;0.158;0.158;0.45177504;0.27088123;0.0001;0.815;0.0001
2017-06-24 12:00:00+00:00;2.136e-05;0.0;0;0;0;0.676;0.155;0.155;0.36578441;0.25903018;0.0001;0.833;0.0001
2017-06-24 13:00:00+00:00;2.093e-05;0.0;0;0;0;0.64;0.147;0.147;0.36523464;0.23092625;0.0001;0.779;0.0001
2017-06-24 14:00:00+00:00;2.003e-05;0.0;0;0;0;0.559;0.128;0.128;0.41164138;0.24650192;0.0001;0.66;0.0001
2017-06-24 15:00:00+00:00;2.272e-05;0.0;0;0;0;0.431;0.101;0.101;0.42277788;0.22754024;0.0001;0.481;0.0001
2017-06-24 16:00:00+00:00;2.459e-05;0.0;0;0;0;0.256;0.069;0.069;0.46265779;0.44221361;0.0001;0.26;0.0001
2017-06-24 17:00:00+00:00;5.156e-05;0.0;0;0;0;0.056;0.061;0.061;0.50986806;0.75508144;0.0001;0.056;0.0001
2017-06-24 18:00:00+00:00;0.0003745;0.0;0;0;0;0.0;0.147;0.147;0.68097532;0.8793482;0.0001;0.0;0.0001
2017-06-24 19:00:00+00:00;0.00039349;0.0;0;0;0;0.0;0.297;0.297;0.6437879;0.88002541;0.0001;0.0;0.0001
2017-06-24 20:00:00+00:00;5.644e-05;0.0;0;0;0;0.0;0.347;0.347;0.51931293;0.86106372;0.0001;0.0;0.0001
2017-06-24 21:00:00+00:00;1.894e-05;0.0;0;0;0;0.0;0.335;0.335;0.457301;0.8559847;0.0001;0.0;0.0001
2017-06-24 22:00:00+00:00;1.207e-05;0.0;0;0;0;0.0;0.29;0.29;0.42186158;0.3301365;0.0001;0.0;0.0001
2017-06-24 23:00:00+00:00;1.18e-06;0.0;0;0;0;0.0;0.219;0.219;0.38705652;0.18893966;0.0001;0.0;0.0001
2017-06-25 00:00:00+00:00;1.89e-06;0.0;0;0;0;0.0;0.148;0.148;0.32418468;0.18521504;0.0001;0.0;0.0001
2017-06-25 01:00:00+00:00;3.77e-06;0.0;0;0;0;0.0;0.096;0.096;0.32018118;0.18250623;0.0001;0.0;0.0001
2017-06-25 02:00:00+00:00;5.19e-06;0.0;0;0;0;0.0;0.064;0.064;0.28041404;0.18961686;0.0001;0.0;0.0001
2017-06-25 03:00:00+00:00;7e-06;0.0;0;0;0;0.0;0.05;0.05;0.29938837;0.20925575;0.0001;0.0;0.0001
2017-06-25 04:00:00+00:00;9.43e-06;0.0;0;0;0;0.0;0.043;0.043;0.30481565;0.21162596;0.0001;0.0;0.0001
2017-06-25 05:00:00+00:00;5.114e-05;0.0;0;0;0;0.0;0.045;0.045;0.33596963;0.21331897;0.0001;0.0;0.0001
2017-06-25 06:00:00+00:00;0.00033888;0.0;0;0;0;0.001;0.047;0.047;0.37221257;0.21196457;0.0001;0.003;0.0001
2017-06-25 07:00:00+00:00;0.00044744;0.0;0;0;0;0.171;0.025;0.025;0.35027791;0.25124234;0.0001;0.158;0.0001
2017-06-25 08:00:00+00:00;0.00034868;0.0;0;0;0;0.372;0.007;0.007;0.37398877;0.25191955;0.0001;0.385;0.0001
2017-06-25 09:00:00+00:00;6.648e-05;0.0;0;0;0;0.517;0.068;0.068;0.38384245;0.25293535;0.0001;0.582;0.0001
2017-06-25 10:00:00+00:00;2.037e-05;0.0;0;0;0;0.614;0.12;0.12;0.41217706;0.25462836;0.0001;0.73;0.0001
2017-06-25 11:00:00+00:00;2.068e-05;0.0;0;0;0;0.665;0.144;0.144;0.41323433;0.25462836;0.0001;0.813;0.0001
2017-06-25 12:00:00+00:00;2.077e-05;0.0;0;0;0;0.671;0.164;0.164;0.38356051;0.26072319;0.0001;0.828;0.0001
2017-06-25 13:00:00+00:00;2.08e-05;0.0;0;0;0;0.635;0.178;0.178;0.44209053;0.25903018;0.0001;0.774;0.0001
2017-06-25 14:00:00+00:00;2.076e-05;0.0;0;0;0;0.555;0.18;0.18;0.46260141;0.24413171;0.0001;0.653;0.0001
2017-06-25 15:00:00+00:00;2.218e-05;0.0;0;0;0;0.428;0.169;0.169;0.47547181;0.22550863;0.0001;0.476;0.0001
2017-06-25 16:00:00+00:00;2.523e-05;0.0;0;0;0;0.254;0.143;0.143;0.42772586;0.44864704;0.0001;0.257;0.0001
2017-06-25 17:00:00+00:00;5.08e-05;0.0;0;0;0;0.055;0.158;0.158;0.51132003;0.75982186;0.0001;0.056;0.0001
2017-06-25 18:00:00+00:00;0.00038424;0.0;0;0;0;0.0;0.277;0.277;0.71851517;0.88442723;0.0001;0.0;0.0001
2017-06-25 19:00:00+00:00;0.00039718;0.0;0;0;0;0.0;0.354;0.354;0.68827748;0.88205702;0.0001;0.0;0.0001
2017-06-25 20:00:00+00:00;5.582e-05;0.0;0;0;0;0.0;0.35;0.35;0.57166854;0.85970932;0.0001;0.0;0.0001
2017-06-25 21:00:00+00:00;1.878e-05;0.0;0;0;0;0.0;0.344;0.344;0.50109983;0.85259868;0.0001;0.0;0.0001
2017-06-25 22:00:00+00:00;1.206e-05;0.0;0;0;0;0.0;0.329;0.329;0.42735934;0.56783479;0.0001;0.0;0.0001
2017-06-25 23:00:00+00:00;1.37e-06;0.0;0;0;0;0.0;0.302;0.302;0.38113586;0.18724665;0.0001;0.0;0.0001
2017-06-26 00:00:00+00:00;1.96e-06;0.0;0;0;0;0.0;0.287;0.287;0.35914481;0.18758525;0.0001;0.0;0.0001
2017-06-26 01:00:00+00:00;3.71e-06;0.0;0;0;0;0.0;0.258;0.258;0.35321004;0.18149043;0.0001;0.0;0.0001
2017-06-26 02:00:00+00:00;5.07e-06;0.0;0;0;0;0.0;0.213;0.213;0.32236619;0.1967275;0.0001;0.0;0.0001
2017-06-26 03:00:00+00:00;6.81e-06;0.0;0;0;0;0.0;0.205;0.205;0.3316419;0.21670499;0.0001;0.0;0.0001
2017-06-26 04:00:00+00:00;8.84e-06;0.0;0;0;0;0.0;0.213;0.213;0.32198558;0.21839799;0.0001;0.0;0.0001
2017-06-26 05:00:00+00:00;5.076e-05;0.0;0;0;0;0.0;0.198;0.198;0.36867426;0.21535058;0.0001;0.0;0.0001
2017-06-26 06:00:00+00:00;0.00034464;0.0;0;0;0;0.001;0.158;0.158;0.34251055;0.21501198;0.0001;0.003;0.0001
2017-06-26 07:00:00+00:00;0.00044652;0.0;0;0;0;0.153;0.065;0.065;0.33382691;0.25835298;0.0001;0.13;0.0001
2017-06-26 08:00:00+00:00;0.00035526;0.0;0;0;0;0.349;0.002;0.002;0.36692626;0.25462836;0.0001;0.346;0.0001
2017-06-26 09:00:00+00:00;6.519e-05;0.0;0;0;0;0.496;0.034;0.034;0.40679208;0.25598277;0.0001;0.542;0.0001
2017-06-26 10:00:00+00:00;2.212e-05;0.0;0;0;0;0.593;0.245;0.245;0.42119903;0.25903018;0.0001;0.685;0.0001
2017-06-26 11:00:00+00:00;2.124e-05;0.0;0;0;0;0.641;0.256;0.256;0.34874135;0.27054263;0.0001;0.761;0.0001
2017-06-26 12:00:00+00:00;1.992e-05;0.0;0;0;0;0.64;0.21;0.21;0.33761896;0.26140039;0.0001;0.755;0.0001
2017-06-26 13:00:00+00:00;2.011e-05;0.0;0;0;0;0.608;0.191;0.191;0.36765929;0.25903018;0.0001;0.71;0.0001
2017-06-26 14:00:00+00:00;2.024e-05;0.0;0;0;0;0.536;0.194;0.194;0.38969263;0.24650192;0.0001;0.609;0.0001
2017-06-26 15:00:00+00:00;2.245e-05;0.0;0;0;0;0.41;0.208;0.208;0.39521858;0.30372558;0.0001;0.436;0.0001
2017-06-26 16:00:00+00:00;2.429e-05;0.0;0;0;0;0.234;0.21;0.21;0.40665111;0.44593823;0.0001;0.219;0.0001
2017-06-26 17:00:00+00:00;5.006e-05;0.0;0;0;0;0.044;0.232;0.232;0.4173365;0.75338843;0.0001;0.039;0.0001
2017-06-26 18:00:00+00:00;0.0003821;0.0;0;0;0;0.0;0.321;0.321;0.60454234;0.88036401;0.0001;0.0;0.0001
2017-06-26 19:00:00+00:00;0.00039571;0.0;0;0;0;0.0;0.303;0.303;0.59528072;0.88341142;0.0001;0.0;0.0001
2017-06-26 20:00:00+00:00;5.696e-05;0.0;0;0;0;0.0;0.234;0.234;0.57520684;0.88036401;0.0001;0.0;0.0001
2017-06-26 21:00:00+00:00;1.887e-05;0.0;0;0;0;0.0;0.183;0.183;0.49286729;0.85090568;0.0001;0.0;0.0001
2017-06-26 22:00:00+00:00;1.202e-05;0.0;0;0;0;0.0;0.153;0.153;0.42308801;0.33656993;0.0001;0.0;0.0001
2017-06-26 23:00:00+00:00;1.54e-06;0.0;0;0;0;0.0;0.137;0.137;0.37551122;0.18521504;0.0001;0.0;0.0001
2017-06-27 00:00:00+00:00;1.69e-06;0.0;0;0;0;0.0;0.139;0.139;0.32528423;0.18555364;0.0001;0.0;0.0001
2017-06-27 01:00:00+00:00;3.96e-06;0.0;0;0;0;0.0;0.133;0.133;0.31249841;0.18792386;0.0001;0.0;0.0001
2017-06-27 02:00:00+00:00;5.37e-06;0.0;0;0;0;0.0;0.103;0.103;0.34700744;0.18792386;0.0001;0.0;0.0001
2017-06-27 03:00:00+00:00;7.2e-06;0.0;0;0;0;0.0;0.051;0.051;0.33977577;0.21365757;0.0001;0.0;0.0001
2017-06-27 04:00:00+00:00;9.11e-06;0.0;0;0;0;0.0;0.007;0.007;0.35487347;0.21670499;0.0001;0.0;0.0001
2017-06-27 05:00:00+00:00;5.163e-05;0.0;0;0;0;0.0;0.0;0.0;0.36025846;0.21805939;0.0001;0.0;0.0001
2017-06-27 06:00:00+00:00;0.00033961;0.0;0;0;0;0.001;0.0;0.0;0.37408744;0.21501198;0.0001;0.002;0.0001
2017-06-27 07:00:00+00:00;0.00044723;0.0;0;0;0;0.153;0.005;0.005;0.3356454;0.25598277;0.0001;0.132;0.0001
2017-06-27 08:00:00+00:00;0.00035684;0.0;0;0;0;0.349;0.0;0.0;0.34693696;0.25361255;0.0001;0.349;0.0001
2017-06-27 09:00:00+00:00;6.643e-05;0.0;0;0;0;0.496;0.001;0.001;0.37255089;0.24853353;0.0001;0.546;0.0001
2017-06-27 10:00:00+00:00;2.089e-05;0.0;0;0;0;0.594;0.004;0.004;0.35961;0.22652443;0.0001;0.692;0.0001
2017-06-27 11:00:00+00:00;2.181e-05;0.0;0;0;0;0.646;0.007;0.007;0.34413169;0.20688554;0.0001;0.777;0.0001
2017-06-27 12:00:00+00:00;2.139e-05;0.0;0;0;0;0.655;0.005;0.005;0.33805596;0.20214512;0.0001;0.795;0.0001
2017-06-27 13:00:00+00:00;2.092e-05;0.0;0;0;0;0.616;0.003;0.003;0.33860574;0.19943631;0.0001;0.732;0.0001
2017-06-27 14:00:00+00:00;2.111e-05;0.0;0;0;0;0.538;0.001;0.001;0.39172257;0.19909771;0.0001;0.617;0.0001
2017-06-27 15:00:00+00:00;2.211e-05;0.0;0;0;0;0.404;0.001;0.001;0.40555156;0.18995546;0.0001;0.424;0.0001
2017-06-27 16:00:00+00:00;2.401e-05;0.0;0;0;0;0.218;0.002;0.002;0.39785469;0.3958252;0.0001;0.189;0.0001
2017-06-27 17:00:00+00:00;5.06e-05;0.0;0;0;0;0.027;0.029;0.029;0.43903151;0.7252845;0.0001;0.018;0.0001
2017-06-27 18:00:00+00:00;0.00038183;0.0;0;0;0;0.0;0.128;0.128;0.619781;0.85395309;0.0001;0.0;0.0001
2017-06-27 19:00:00+00:00;0.00039238;0.0;0;0;0;0.0;0.266;0.266;0.61455108;0.88916765;0.0001;0.0;0.0001
2017-06-27 20:00:00+00:00;5.737e-05;0.0;0;0;0;0.0;0.362;0.362;0.57857598;0.88137981;0.0001;0.0;0.0001
2017-06-27 21:00:00+00:00;1.877e-05;0.0;0;0;0;0.0;0.439;0.439;0.50717557;0.84514945;0.0001;0.0;0.0001
2017-06-27 22:00:00+00:00;1.216e-05;0.0;0;0;0;0.0;0.535;0.535;0.4062564;0.57562262;0.0001;0.0;0.0001
2017-06-27 23:00:00+00:00;1.23e-06;0.0;0;0;0;0.0;0.593;0.593;0.40398681;0.18284483;0.0001;0.0;0.0001
2017-06-28 00:00:00+00:00;1.75e-06;0.0;0;0;0;0.0;0.669;0.669;0.32604546;0.18318343;0.0001;0.0;0.0001
2017-06-28 01:00:00+00:00;3.73e-06;0.0;0;0;0;0.0;0.681;0.681;0.28585542;0.18284483;0.0001;0.0;0.0001
2017-06-28 02:00:00+00:00;5.21e-06;0.0;0;0;0;0.0;0.748;0.748;0.25857806;0.18386064;0.0001;0.0;0.0001
2017-06-28 03:00:00+00:00;6.65e-06;0.0;0;0;0;0.0;0.77;0.77;0.25378514;0.20282232;0.0001;0.0;0.0001
2017-06-28 04:00:00+00:00;8.86e-06;0.0;0;0;0;0.0;0.731;0.731;0.26675422;0.20553114;0.0001;0.0;0.0001
2017-06-28 05:00:00+00:00;5.318e-05;0.0;0;0;0;0.0;0.705;0.705;0.32157677;0.20756274;0.0001;0.0;0.0001
2017-06-28 06:00:00+00:00;0.00034412;0.0;0;0;0;0.001;0.681;0.681;0.34775457;0.21738219;0.0001;0.002;0.0001
2017-06-28 07:00:00+00:00;0.00044796;0.0;0;0;0;0.146;0.731;0.731;0.30653546;0.25496696;0.0001;0.12;0.0001
2017-06-28 08:00:00+00:00;0.00035347;0.0;0;0;0;0.348;0.791;0.791;0.36061088;0.24616332;0.0001;0.336;0.0001
2017-06-28 09:00:00+00:00;6.735e-05;0.0;0;0;0;0.499;0.807;0.807;0.34738806;0.25225815;0.0001;0.533;0.0001
2017-06-28 10:00:00+00:00;2.212e-05;0.0;0;0;0;0.597;0.799;0.799;0.40064586;0.25158095;0.0001;0.684;0.0001
2017-06-28 11:00:00+00:00;2.079e-05;0.0;0;0;0;0.648;0.784;0.784;0.38195347;0.18927826;0.0001;0.77;0.0001
2017-06-28 12:00:00+00:00;2.021e-05;0.0;0;0;0;0.657;0.763;0.763;0.36639058;0.18081322;0.0001;0.789;0.0001
2017-06-28 13:00:00+00:00;1.973e-05;0.0;0;0;0;0.621;0.734;0.734;0.43832667;0.18047462;0.0001;0.736;0.0001
2017-06-28 14:00:00+00:00;2.096e-05;0.0;0;0;0;0.54;0.719;0.719;0.47368151;0.20790135;0.0001;0.614;0.0001
2017-06-28 15:00:00+00:00;2.243e-05;0.0;0;0;0;0.409;0.724;0.724;0.49274042;0.25564416;0.0001;0.43;0.0001
2017-06-28 16:00:00+00:00;2.448e-05;0.0;0;0;0;0.219;0.733;0.733;0.49006202;0.47471936;0.0001;0.189;0.0001
2017-06-28 17:00:00+00:00;5.137e-05;0.0;0;0;0;0.028;0.69;0.69;0.51760722;0.7459392;0.0001;0.019;0.0001
2017-06-28 18:00:00+00:00;0.00038222;0.0;0;0;0;0.0;0.611;0.611;0.7187971;0.88645884;0.0001;0.0;0.0001
2017-06-28 19:00:00+00:00;0.00039394;0.0;0;0;0;0.0;0.587;0.587;0.6970598;0.88612024;0.0001;0.0;0.0001
2017-06-28 20:00:00+00:00;5.575e-05;0.0;0;0;0;0.0;0.558;0.558;0.5945054;0.88882905;0.0001;0.0;0.0001
2017-06-28 21:00:00+00:00;1.879e-05;0.0;0;0;0;0.0;0.554;0.554;0.50762666;0.8556461;0.0001;0.0;0.0001
2017-06-28 22:00:00+00:00;1.205e-05;0.0;0;0;0;0.0;0.578;0.578;0.43270204;0.57596122;0.0001;0.0;0.0001
2017-06-28 23:00:00+00:00;1.28e-06;0.0;0;0;0;0.0;0.655;0.655;0.41826689;0.21602778;0.0001;0.0;0.0001
2017-06-29 00:00:00+00:00;1.35e-06;0.0;0;0;0;0.0;0.733;0.733;0.37030949;0.18182903;0.0001;0.0;0.0001
2017-06-29 01:00:00+00:00;2.88e-06;0.0;0;0;0;0.0;0.775;0.775;0.37974027;0.18149043;0.0001;0.0;0.0001
2017-06-29 02:00:00+00:00;4.2e-06;0.0;0;0;0;0.0;0.787;0.787;0.34800832;0.18250623;0.0001;0.0;0.0001
2017-06-29 03:00:00+00:00;5.41e-06;0.0;0;0;0;0.0;0.781;0.781;0.33248771;0.18047462;0.0001;0.0;0.0001
2017-06-29 04:00:00+00:00;7.5e-06;0.0;0;0;0;0.0;0.761;0.761;0.36309192;0.20451533;0.0001;0.0;0.0001
2017-06-29 05:00:00+00:00;5.202e-05;0.0;0;0;0;0.0;0.769;0.769;0.42119903;0.21128736;0.0001;0.0;0.0001
2017-06-29 06:00:00+00:00;0.00033991;0.0;0;0;0;0.001;0.759;0.759;0.44124472;0.21704359;0.0001;0.002;0.0001
2017-06-29 07:00:00+00:00;0.00044902;0.0;0;0;0;0.136;0.75;0.75;0.45177504;0.25462836;0.0001;0.096;0.0001
2017-06-29 08:00:00+00:00;0.00035206;0.0;0;0;0;0.337;0.799;0.799;0.49226113;0.25259675;0.0001;0.301;0.0001
2017-06-29 09:00:00+00:00;6.511e-05;0.0;0;0;0;0.505;0.799;0.799;0.48376074;0.25530556;0.0001;0.524;0.0001
2017-06-29 10:00:00+00:00;1.872e-05;0.0;0;0;0;0.588;0.772;0.772;0.47135553;0.25496696;0.0001;0.629;0.0001
2017-06-29 11:00:00+00:00;1.801e-05;0.0;0;0;0;0.536;0.722;0.722;0.4675071;0.2207682;0.0001;0.465;0.0001
2017-06-29 12:00:00+00:00;1.905e-05;0.0;0;0;0;0.446;0.665;0.665;0.4404553;0.18589225;0.0001;0.265;0.0001
2017-06-29 13:00:00+00:00;1.839e-05;0.0;0;0;0;0.37;0.607;0.607;0.51165836;0.20891715;0.0001;0.16;0.0001
2017-06-29 14:00:00+00:00;1.804e-05;0.0;0;0;0;0.266;0.555;0.555;0.5101359;0.22787884;0.0001;0.076;0.0001
2017-06-29 15:00:00+00:00;1.912e-05;0.0;0;0;0;0.169;0.534;0.534;0.5172548;0.23058765;0.0001;0.034;0.0001
2017-06-29 16:00:00+00:00;2.129e-05;0.0;0;0;0;0.076;0.52;0.52;0.45927456;0.4618525;0.0001;0.012;0.0001
2017-06-29 17:00:00+00:00;4.953e-05;0.0;0;0;0;0.011;0.442;0.442;0.48455016;0.74560059;0.0001;0.003;0.0001
2017-06-29 18:00:00+00:00;0.00037848;0.0;0;0;0;0.0;0.428;0.428;0.67157274;0.88916765;0.0001;0.0;0.0001
2017-06-29 19:00:00+00:00;0.00039534;0.0;0;0;0;0.0;0.412;0.412;0.70013291;0.88104121;0.0001;0.0;0.0001
2017-06-29 20:00:00+00:00;5.307e-05;0.0;0;0;0;0.0;0.417;0.417;0.61391672;0.88747464;0.0001;0.0;0.0001
2017-06-29 21:00:00+00:00;1.753e-05;0.0;0;0;0;0.0;0.345;0.345;0.50087429;0.8559847;0.0001;0.0;0.0001
2017-06-29 22:00:00+00:00;1.101e-05;0.0;0;0;0;0.0;0.298;0.298;0.41453123;0.5715594;0.0001;0.0;0.0001
2017-06-29 23:00:00+00:00;6.1e-07;0.0;0;0;0;0.0;0.275;0.275;0.41295239;0.20722414;0.0001;0.0;0.0001
2017-06-30 00:00:00+00:00;1.29e-06;0.0;0;0;0;0.0;0.316;0.316;0.34971403;0.18521504;0.0001;0.0;0.0001
2017-06-30 01:00:00+00:00;2.87e-06;0.0;0;0;0;0.0;0.299;0.299;0.30158747;0.18047462;0.0001;0.0;0.0001
2017-06-30 02:00:00+00:00;4.08e-06;0.0;0;0;0;0.0;0.286;0.286;0.31462703;0.18115182;0.0001;0.0;0.0001
2017-06-30 03:00:00+00:00;5.38e-06;0.0;0;0;0;0.0;0.269;0.269;0.29369325;0.18893966;0.0001;0.0;0.0001
2017-06-30 04:00:00+00:00;7.43e-06;0.0;0;0;0;0.0;0.26;0.26;0.31795389;0.21602778;0.0001;0.0;0.0001
2017-06-30 05:00:00+00:00;4.823e-05;0.0;0;0;0;0.0;0.26;0.26;0.37532796;0.21772079;0.0001;0.0;0.0001
2017-06-30 06:00:00+00:00;0.00034202;0.0;0;0;0;0.0;0.263;0.263;0.40466346;0.220091;0.0001;0.001;0.0001
2017-06-30 07:00:00+00:00;0.00044255;0.0;0;0;0;0.06;0.201;0.201;0.45659616;0.22483142;0.0001;0.017;0.0001
2017-06-30 08:00:00+00:00;0.0003544;0.0;0;0;0;0.2;0.561;0.561;0.48333784;0.25395116;0.0001;0.087;0.0001
2017-06-30 09:00:00+00:00;6.488e-05;0.0;0;0;0;0.366;0.602;0.602;0.51979222;0.25191955;0.0001;0.257;0.0001
2017-06-30 10:00:00+00:00;1.887e-05;0.0;0;0;0;0.558;0.522;0.522;0.45964107;0.2207682;0.0001;0.58;0.0001
2017-06-30 11:00:00+00:00;1.94e-05;0.0;0;0;0;0.66;0.428;0.428;0.38901598;0.2197524;0.0001;0.782;0.0001
2017-06-30 12:00:00+00:00;1.857e-05;0.0;0;0;0;0.668;0.347;0.347;0.37576497;0.18081322;0.0001;0.805;0.0001
2017-06-30 13:00:00+00:00;1.761e-05;0.0;0;0;0;0.626;0.289;0.289;0.4186616;0.21331897;0.0001;0.738;0.0001
2017-06-30 14:00:00+00:00;1.896e-05;0.0;0;0;0;0.509;0.247;0.247;0.44073723;0.23634388;0.0001;0.536;0.0001
2017-06-30 15:00:00+00:00;1.946e-05;0.0;0;0;0;0.345;0.217;0.217;0.47081986;0.23194206;0.0001;0.297;0.0001
2017-06-30 16:00:00+00:00;2.227e-05;0.0;0;0;0;0.208;0.19;0.19;0.48817305;0.47607377;0.0001;0.166;0.0001
2017-06-30 17:00:00+00:00;4.817e-05;0.0;0;0;0;0.047;0.191;0.191;0.52605122;0.74898661;0.0001;0.041;0.0001
2017-06-30 18:00:00+00:00;0.00038015;0.0;0;0;0;0.0;0.251;0.251;0.69783512;0.88916765;0.0001;0.0;0.0001
2017-06-30 19:00:00+00:00;0.00039869;0.0;0;0;0;0.0;0.296;0.296;0.70974694;0.88984485;0.0001;0.0;0.0001
2017-06-30 20:00:00+00:00;5.363e-05;0.0;0;0;0;0.0;0.32;0.32;0.58686492;0.89492388;0.0001;0.0;0.0001
2017-06-30 21:00:00+00:00;1.753e-05;0.0;0;0;0;0.0;0.334;0.334;0.49887254;0.84447224;0.0001;0.0;0.0001
2017-06-30 22:00:00+00:00;1.099e-05;0.0;0;0;0;0.0;0.371;0.371;0.40042031;0.5715594;0.0001;0.0;0.0001
2017-06-30 23:00:00+00:00;6.1e-07;0.0;0;0;0;0.0;0.365;0.365;0.42435672;0.20688554;0.0001;0.0;0.0001
2017-07-01 00:00:00+00:00;1.73e-06;0.0;0;0;0;0.0;0.341;0.341;0.63114304;0.18047462;0.0001;0.0;0.0001
2017-07-01 01:00:00+00:00;3.76e-06;0.0;0;0;0;0.0;0.307;0.307;0.61717309;0.1760728;0.0001;0.0;0.0001
2017-07-01 02:00:00+00:00;5.29e-06;0.0;0;0;0;0.0;0.265;0.265;0.5829742;0.175057;0.0001;0.0;0.0001
2017-07-01 03:00:00+00:00;6.7e-06;0.0;0;0;0;0.0;0.234;0.234;0.56336551;0.19368008;0.0001;0.0;0.0001
2017-07-01 04:00:00+00:00;9.36e-06;0.0;0;0;0;0.0;0.214;0.214;0.5900508;0.18927826;0.0001;0.0;0.0001
2017-07-01 05:00:00+00:00;5.364e-05;0.0;0;0;0;0.0;0.205;0.205;0.60492295;0.18826246;0.0001;0.0;0.0001
2017-07-01 06:00:00+00:00;0.00034356;0.0;0;0;0;0.001;0.205;0.205;0.65018786;0.19401868;0.0001;0.003;0.0001
2017-07-01 07:00:00+00:00;0.00044765;0.0;0;0;0;0.163;0.099;0.099;0.72632481;0.22144541;0.0001;0.146;0.0001
2017-07-01 08:00:00+00:00;0.00035864;0.0;0;0;0;0.361;0.033;0.033;0.71311608;0.24853353;0.0001;0.368;0.0001
2017-07-01 09:00:00+00:00;7.012e-05;0.0;0;0;0;0.509;0.174;0.174;0.71544206;0.28916572;0.0001;0.565;0.0001
2017-07-01 10:00:00+00:00;2.091e-05;0.0;0;0;0;0.606;0.094;0.094;0.736108;0.26749522;0.0001;0.712;0.0001
2017-07-01 11:00:00+00:00;2.043e-05;0.0;0;0;0;0.658;0.025;0.025;0.70375579;0.25733717;0.0001;0.799;0.0001
2017-07-01 12:00:00+00:00;2.027e-05;0.0;0;0;0;0.665;0.006;0.006;0.70093642;0.47945978;0.0001;0.817;0.0001
2017-07-01 13:00:00+00:00;2.069e-05;0.0;0;0;0;0.63;0.001;0.001;0.72449222;0.438489;0.0001;0.764;0.0001
2017-07-01 14:00:00+00:00;2.176e-05;0.0;0;0;0;0.549;0.001;0.001;0.71676716;0.44187501;0.0001;0.643;0.0001
2017-07-01 15:00:00+00:00;2.266e-05;0.0;0;0;0;0.423;0.001;0.001;0.70457341;0.44289082;0.0001;0.467;0.0001
2017-07-01 16:00:00+00:00;2.461e-05;0.0;0;0;0;0.249;0.002;0.002;0.72721291;0.49909867;0.0001;0.248;0.0001
2017-07-01 17:00:00+00:00;5.168e-05;0.0;0;0;0;0.049;0.014;0.014;0.73234415;0.74289178;0.0001;0.047;0.0001
2017-07-01 18:00:00+00:00;0.00037872;0.0;0;0;0;0.0;0.047;0.047;0.74339606;0.88679744;0.0001;0.0;0.0001
2017-07-01 19:00:00+00:00;0.00039501;0.0;0;0;0;0.0;0.095;0.095;0.84428704;0.88137981;0.0001;0.0;0.0001
2017-07-01 20:00:00+00:00;5.589e-05;0.0;0;0;0;0.0;0.126;0.126;0.77746809;0.88104121;0.0001;0.0;0.0001
2017-07-01 21:00:00+00:00;1.889e-05;0.0;0;0;0;0.0;0.103;0.103;0.7050668;0.84616525;0.0001;0.0;0.0001
2017-07-01 22:00:00+00:00;1.207e-05;0.0;0;0;0;0.0;0.05;0.05;0.68705105;0.3301365;0.0001;0.0;0.0001
2017-07-01 23:00:00+00:00;1.22e-06;0.0;0;0;0;0.0;0.011;0.011;0.68263875;0.17708861;0.0001;0.0;0.0001
2017-07-02 00:00:00+00:00;1.82e-06;0.0;0;0;0;0.0;0.0;0.0;0.65128741;0.17437979;0.0001;0.0;0.0001
2017-07-02 01:00:00+00:00;3.81e-06;0.0;0;0;0;0.0;0.0;0.0;0.63104437;0.1764114;0.0001;0.0;0.0001
2017-07-02 02:00:00+00:00;5.21e-06;0.0;0;0;0;0.0;0.006;0.006;0.66700537;0.17437979;0.0001;0.0;0.0001
2017-07-02 03:00:00+00:00;6.77e-06;0.0;0;0;0;0.0;0.037;0.037;0.62997301;0.17404119;0.0001;0.0;0.0001
2017-07-02 04:00:00+00:00;9.15e-06;0.0;0;0;0;0.0;0.073;0.073;0.63485051;0.17200958;0.0001;0.0;0.0001
2017-07-02 05:00:00+00:00;8.701e-05;0.0;0;0;0;0.0;0.095;0.095;0.60629034;0.17133238;0.0001;0.0;0.0001
2017-07-02 06:00:00+00:00;0.00063944;9e-08;0;0;0;0.001;0.105;0.105;0.51932703;0.17370259;0.0001;0.003;0.0001
2017-07-02 07:00:00+00:00;0.00082991;0.00043923;0;0;0;0.161;0.081;0.081;0.57725088;0.1753956;0.0001;0.143;0.0001
2017-07-02 08:00:00+00:00;0.00066559;0.00165604;0;0;0;0.358;0.005;0.005;0.58260768;0.23803688;0.0001;0.362;0.0001
2017-07-02 09:00:00+00:00;0.00010777;0.00242803;0;0;0;0.505;0.001;0.001;0.59547808;0.32641189;0.0001;0.559;0.0001
2017-07-02 10:00:00+00:00;2.042e-05;0.00168174;0;0;0;0.602;0.001;0.001;0.54189605;0.37686352;0.0001;0.705;0.0001
2017-07-02 11:00:00+00:00;2.062e-05;0.00048044;0;0;0;0.654;0.004;0.004;0.50270687;0.5942457;0.0001;0.791;0.0001
2017-07-02 12:00:00+00:00;2.053e-05;7.2e-07;0;0;0;0.661;0.007;0.007;0.60901103;0.60304935;0.0001;0.806;0.0001
2017-07-02 13:00:00+00:00;2.166e-05;0.0;0;0;0;0.619;0.008;0.008;0.6686406;0.59560011;0.0001;0.739;0.0001
2017-07-02 14:00:00+00:00;2.204e-05;0.0;0;0;0;0.54;0.009;0.009;0.66474988;0.42528354;0.0001;0.623;0.0001
2017-07-02 15:00:00+00:00;2.16e-05;0.0;0;0;0;0.411;0.012;0.012;0.68781228;0.59763172;0.0001;0.441;0.0001
2017-07-02 16:00:00+00:00;2.305e-05;0.0;0;0;0;0.219;0.014;0.014;0.68568366;0.59526151;0.0001;0.194;0.0001
2017-07-02 17:00:00+00:00;6.925e-05;0.00028399;0;0;0;0.039;0.032;0.032;0.67959383;0.78013795;0.0001;0.032;0.0001
2017-07-02 18:00:00+00:00;0.0006969;0.00180823;0;0;0;0.0;0.082;0.082;0.73238644;0.85903211;0.0001;0.0;0.0001
2017-07-02 19:00:00+00:00;0.00072917;0.00182931;0;0;0;0.0;0.142;0.142;0.73423313;0.89526248;0.0001;0.0;0.0001
2017-07-02 20:00:00+00:00;8.265e-05;0.00030525;0;0;0;0.0;0.159;0.159;0.72426667;0.88815184;0.0001;0.0;0.0001
2017-07-02 21:00:00+00:00;1.81e-05;0.0;0;0;0;0.0;0.131;0.131;0.70269853;0.88239562;0.0001;0.0;0.0001
2017-07-02 22:00:00+00:00;1.157e-05;0.0;0;0;0;0.0;0.077;0.077;0.68493653;0.615239;0.0001;0.0;0.0001
2017-07-02 23:00:00+00:00;1.3e-06;0.0;0;0;0;0.0;0.031;0.031;0.68294888;0.25293535;0.0001;0.0;0.0001
2017-07-03 00:00:00+00:00;1.7e-06;0.0;0;0;0;0.0;0.008;0.008;0.66095783;0.22144541;0.0001;0.0;0.0001
2017-07-03 01:00:00+00:00;3.73e-06;0.0;0;0;0;0.0;0.005;0.005;0.65059666;0.21839799;0.0001;0.0;0.0001
2017-07-03 02:00:00+00:00;5.36e-06;0.0;0;0;0;0.0;0.013;0.013;0.64504251;0.22652443;0.0001;0.0;0.0001
2017-07-03 03:00:00+00:00;6.91e-06;0.0;0;0;0;0.0;0.038;0.038;0.64890504;0.22483142;0.0001;0.0;0.0001
2017-07-03 04:00:00+00:00;9.31e-06;0.0;0;0;0;0.0;0.084;0.084;0.63057917;0.22618583;0.0001;0.0;0.0001
2017-07-03 05:00:00+00:00;8.572e-05;0.0;0;0;0;0.0;0.158;0.158;0.6295783;0.22584723;0.0001;0.0;0.0001
2017-07-03 06:00:00+00:00;0.00063763;1.2e-07;0;0;0;0.001;0.243;0.243;0.51257465;0.22821744;0.0001;0.003;0.0001
2017-07-03 07:00:00+00:00;0.00084152;0.0004329;0;0;0;0.166;0.16;0.16;0.54461673;0.25462836;0.0001;0.151;0.0001
2017-07-03 08:00:00+00:00;0.00065812;0.00166967;0;0;0;0.363;0.034;0.034;0.5975926;0.25936878;0.0001;0.376;0.0001
2017-07-03 09:00:00+00:00;0.00011015;0.00245128;0;0;0;0.509;0.08;0.08;0.61683477;0.25869158;0.0001;0.575;0.0001
2017-07-03 10:00:00+00:00;2.02e-05;0.00168227;0;0;0;0.607;0.112;0.112;0.66232522;0.33352252;0.0001;0.724;0.0001
2017-07-03 11:00:00+00:00;1.952e-05;0.000472;0;0;0;0.66;0.045;0.045;0.67274278;0.37246169;0.0001;0.812;0.0001
2017-07-03 12:00:00+00:00;2.093e-05;1.08e-06;0;0;0;0.667;0.012;0.012;0.65210502;0.34198756;0.0001;0.828;0.0001
2017-07-03 13:00:00+00:00;2.137e-05;7.1e-07;0;0;0;0.631;0.002;0.002;0.62829549;0.32505748;0.0001;0.773;0.0001
2017-07-03 14:00:00+00:00;2.182e-05;1.2e-07;0;0;0;0.551;0.001;0.001;0.6291413;0.36501246;0.0001;0.65;0.0001
2017-07-03 15:00:00+00:00;2.184e-05;0.0;0;0;0;0.424;0.001;0.001;0.62547612;0.54548708;0.0001;0.472;0.0001
2017-07-03 16:00:00+00:00;2.408e-05;0.0;0;0;0;0.251;0.002;0.002;0.62396776;0.53905366;0.0001;0.253;0.0001
2017-07-03 17:00:00+00:00;7.099e-05;0.00028199;0;0;0;0.056;0.007;0.007;0.66825998;0.77336592;0.0001;0.056;0.0001
2017-07-03 18:00:00+00:00;0.0007023;0.00181026;0;0;0;0.0;0.02;0.02;0.73871592;0.85226008;0.0001;0.0;0.0001
2017-07-03 19:00:00+00:00;0.00072142;0.00184023;0;0;0;0.0;0.041;0.041;0.72461909;0.87325338;0.0001;0.0;0.0001
2017-07-03 20:00:00+00:00;8.231e-05;0.00031464;0;0;0;0.0;0.069;0.069;0.72247637;0.88510443;0.0001;0.0;0.0001
2017-07-03 21:00:00+00:00;1.818e-05;0.0;0;0;0;0.0;0.093;0.093;0.71193195;0.878671;0.0001;0.0;0.0001
2017-07-03 22:00:00+00:00;1.17e-05;0.0;0;0;0;0.0;0.104;0.104;0.6744062;0.61083718;0.0001;0.0;0.0001
2017-07-03 23:00:00+00:00;1.11e-06;0.0;0;0;0;0.0;0.105;0.105;0.68939113;0.24921073;0.0001;0.0;0.0001
2017-07-04 00:00:00+00:00;1.75e-06;0.0;0;0;0;0.0;0.102;0.102;0.68294888;0.23871409;0.0001;0.0;0.0001
2017-07-04 01:00:00+00:00;3.8e-06;0.0;0;0;0;0.0;0.104;0.104;0.68758673;0.23939129;0.0001;0.0;0.0001
2017-07-04 02:00:00+00:00;5.45e-06;0.0;0;0;0;0.0;0.148;0.148;0.68808012;0.23803688;0.0001;0.0;0.0001
2017-07-04 03:00:00+00:00;6.95e-06;0.0;0;0;0;0.0;0.197;0.197;0.68846074;0.2414229;0.0001;0.0;0.0001
2017-07-04 04:00:00+00:00;9.07e-06;0.0;0;0;0;0.0;0.237;0.237;0.69531179;0.25191955;0.0001;0.0;0.0001
2017-07-04 05:00:00+00:00;8.914e-05;0.0;0;0;0;0.0;0.257;0.257;0.69818755;0.24988794;0.0001;0.0;0.0001
2017-07-04 06:00:00+00:00;0.00063963;9e-08;0;0;0;0.001;0.254;0.254;0.71201653;0.25395116;0.0001;0.003;0.0001
2017-07-04 07:00:00+00:00;0.00082975;0.00044047;0;0;0;0.169;0.121;0.121;0.69932939;0.46760873;0.0001;0.156;0.0001
2017-07-04 08:00:00+00:00;0.00066127;0.00165821;0;0;0;0.369;0.016;0.016;0.70116197;0.49571266;0.0001;0.385;0.0001
2017-07-04 09:00:00+00:00;0.00011093;0.00244165;0;0;0;0.515;0.014;0.014;0.69921661;0.5051935;0.0001;0.586;0.0001
2017-07-04 10:00:00+00:00;2.028e-05;0.00167906;0;0;0;0.612;0.028;0.028;0.70430557;0.51941476;0.0001;0.737;0.0001
2017-07-04 11:00:00+00:00;2.098e-05;0.000472;0;0;0;0.664;0.014;0.014;0.70120426;0.51433574;0.0001;0.825;0.0001
2017-07-04 12:00:00+00:00;2.081e-05;1.23e-06;0;0;0;0.671;0.007;0.007;0.70114788;0.50857951;0.0001;0.84;0.0001
2017-07-04 13:00:00+00:00;2.062e-05;6.3e-07;0;0;0;0.635;0.003;0.003;0.6251096;0.51061113;0.0001;0.783;0.0001
2017-07-04 14:00:00+00:00;2.167e-05;2.7e-07;0;0;0;0.555;0.002;0.002;0.62454573;0.5051935;0.0001;0.661;0.0001
2017-07-04 15:00:00+00:00;2.255e-05;0.0;0;0;0;0.428;0.001;0.001;0.63351131;0.50722511;0.0001;0.482;0.0001
2017-07-04 16:00:00+00:00;2.406e-05;0.0;0;0;0;0.254;0.002;0.002;0.63307431;0.50214609;0.0001;0.26;0.0001
2017-07-04 17:00:00+00:00;7.115e-05;0.00028303;0;0;0;0.057;0.007;0.007;0.63158005;0.74119877;0.0001;0.058;0.0001
2017-07-04 18:00:00+00:00;0.00070253;0.00179892;0;0;0;0.0;0.023;0.023;0.72443583;0.89052206;0.0001;0.0;0.0001
2017-07-04 19:00:00+00:00;0.00072424;0.00183558;0;0;0;0.0;0.044;0.044;0.81399296;0.88307282;0.0001;0.0;0.0001
2017-07-04 20:00:00+00:00;8.026e-05;0.0003077;0;0;0;0.0;0.06;0.06;0.77804606;0.88476583;0.0001;0.0;0.0001
2017-07-04 21:00:00+00:00;1.841e-05;0.0;0;0;0;0.0;0.061;0.061;0.72987721;0.88341142;0.0001;0.0;0.0001
2017-07-04 22:00:00+00:00;1.191e-05;0.0;0;0;0;0.0;0.039;0.039;0.70182453;0.35316141;0.0001;0.0;0.0001
2017-07-04 23:00:00+00:00;1.4e-06;0.0;0;0;0;0.0;0.015;0.015;0.6943673;0.23905269;0.0001;0.0;0.0001
2017-07-05 00:00:00+00:00;1.83e-06;0.0;0;0;0;0.0;0.002;0.002;0.4262175;0.20654694;0.0001;0.0;0.0001
2017-07-05 01:00:00+00:00;3.79e-06;0.0;0;0;0;0.0;0.0;0.0;0.35842587;0.20451533;0.0001;0.0;0.0001
2017-07-05 02:00:00+00:00;5.58e-06;0.0;0;0;0;0.0;0.001;0.001;0.34878364;0.20620834;0.0001;0.0;0.0001
2017-07-05 03:00:00+00:00;6.86e-06;0.0;0;0;0;0.0;0.011;0.011;0.35012284;0.20688554;0.0001;0.0;0.0001
2017-07-05 04:00:00+00:00;9.12e-06;0.0;0;0;0;0.0;0.034;0.034;0.36104788;0.22347702;0.0001;0.0;0.0001
2017-07-05 05:00:00+00:00;8.786e-05;0.0;0;0;0;0.0;0.072;0.072;0.37632884;0.21365757;0.0001;0.0;0.0001
2017-07-05 06:00:00+00:00;0.00062661;1e-07;0;0;0;0.001;0.122;0.122;0.37566629;0.21128736;0.0001;0.002;0.0001
2017-07-05 07:00:00+00:00;0.00083247;0.00044082;0;0;0;0.137;0.136;0.136;0.43140513;0.25327395;0.0001;0.102;0.0001
2017-07-05 08:00:00+00:00;0.00066885;0.00165934;0;0;0;0.305;0.015;0.015;0.46206573;0.19232568;0.0001;0.257;0.0001
2017-07-05 09:00:00+00:00;0.00011277;0.002435;0;0;0;0.448;0.003;0.003;0.49051312;0.18690805;0.0001;0.429;0.0001
2017-07-05 10:00:00+00:00;2.11e-05;0.00167545;0;0;0;0.546;0.001;0.001;0.48590346;0.25598277;0.0001;0.563;0.0001
2017-07-05 11:00:00+00:00;2.17e-05;0.00046558;0;0;0;0.596;0.001;0.001;0.49453072;0.18690805;0.0001;0.636;0.0001
2017-07-05 12:00:00+00:00;2.158e-05;9.1e-07;0;0;0;0.569;0.001;0.001;0.43329411;0.22347702;0.0001;0.567;0.0001
2017-07-05 13:00:00+00:00;2.009e-05;3.3e-07;0;0;0;0.515;0.001;0.001;0.49791395;0.25327395;0.0001;0.471;0.0001
2017-07-05 14:00:00+00:00;2.127e-05;4e-08;0;0;0;0.417;0.0;0.0;0.52595254;0.26512501;0.0001;0.328;0.0001
2017-07-05 15:00:00+00:00;2.287e-05;0.0;0;0;0;0.288;0.001;0.001;0.53605996;0.48792482;0.0001;0.182;0.0001
2017-07-05 16:00:00+00:00;2.332e-05;0.0;0;0;0;0.149;0.002;0.002;0.57445971;0.49401965;0.0001;0.074;0.0001
2017-07-05 17:00:00+00:00;7.075e-05;0.00028531;0;0;0;0.027;0.012;0.012;0.62014752;0.75034102;0.0001;0.015;0.0001
2017-07-05 18:00:00+00:00;0.00069927;0.00180294;0;0;0;0.0;0.061;0.061;0.82370567;0.88442723;0.0001;0.0;0.0001
2017-07-05 19:00:00+00:00;0.00072448;0.00182791;0;0;0;0.0;0.139;0.139;0.80505557;0.88408863;0.0001;0.0;0.0001
2017-07-05 20:00:00+00:00;8.183e-05;0.00030336;0;0;0;0.0;0.187;0.187;0.75106474;0.88104121;0.0001;0.0;0.0001
2017-07-05 21:00:00+00:00;1.824e-05;0.0;0;0;0;0.0;0.22;0.22;0.62681532;0.85463029;0.0001;0.0;0.0001
2017-07-05 22:00:00+00:00;1.17e-05;0.0;0;0;0;0.0;0.211;0.211;0.54798587;0.32099426;0.0001;0.0;0.0001
2017-07-05 23:00:00+00:00;1.01e-06;0.0;0;0;0;0.0;0.18;0.18;0.49345936;0.14729167;0.0001;0.0;0.0001
2017-07-06 00:00:00+00:00;1.29e-06;0.0;0;0;0;0.0;0.132;0.132;0.36048401;0.20857855;0.0001;0.0;0.0001
2017-07-06 01:00:00+00:00;2.84e-06;0.0;0;0;0;0.0;0.075;0.075;0.31968779;0.20925575;0.0001;0.0;0.0001
2017-07-06 02:00:00+00:00;4.11e-06;0.0;0;0;0;0.0;0.031;0.031;0.29497606;0.21027156;0.0001;0.0;0.0001
2017-07-06 03:00:00+00:00;5.39e-06;0.0;0;0;0;0.0;0.009;0.009;0.28506599;0.19469589;0.0001;0.0;0.0001
2017-07-06 04:00:00+00:00;7.62e-06;0.0;0;0;0;0.0;0.002;0.002;0.30512577;0.20959435;0.0001;0.0;0.0001
2017-07-06 05:00:00+00:00;8.461e-05;0.0;0;0;0;0.0;0.001;0.001;0.37631474;0.20959435;0.0001;0.0;0.0001
2017-07-06 06:00:00+00:00;0.00063788;1.3e-07;0;0;0;0.001;0.001;0.001;0.34975632;0.20756274;0.0001;0.002;0.0001
2017-07-06 07:00:00+00:00;0.00082766;0.00043391;0;0;0;0.136;0.002;0.002;0.38436403;0.25361255;0.0001;0.105;0.0001
2017-07-06 08:00:00+00:00;0.00065769;0.00165393;0;0;0;0.313;0.0;0.0;0.43251878;0.25462836;0.0001;0.283;0.0001
2017-07-06 09:00:00+00:00;0.00010633;0.00241938;0;0;0;0.463;0.0;0.0;0.44943497;0.25056514;0.0001;0.476;0.0001
2017-07-06 10:00:00+00:00;1.88e-05;0.00165128;0;0;0;0.571;0.0;0.0;0.48088499;0.24548612;0.0001;0.64;0.0001
2017-07-06 11:00:00+00:00;1.855e-05;0.00046441;0;0;0;0.636;0.002;0.002;0.46361638;0.24616332;0.0001;0.752;0.0001
2017-07-06 12:00:00+00:00;1.96e-05;1.34e-06;0;0;0;0.646;0.007;0.007;0.41440436;0.25259675;0.0001;0.774;0.0001
2017-07-06 13:00:00+00:00;1.847e-05;5.2e-07;0;0;0;0.611;0.017;0.017;0.42497698;0.24751773;0.0001;0.722;0.0001
2017-07-06 14:00:00+00:00;1.926e-05;2.5e-07;0;0;0;0.532;0.03;0.03;0.44407818;0.24277731;0.0001;0.605;0.0001
2017-07-06 15:00:00+00:00;1.969e-05;0.0;0;0;0;0.375;0.043;0.043;0.46257321;0.24921073;0.0001;0.369;0.0001
2017-07-06 16:00:00+00:00;2.219e-05;0.0;0;0;0;0.21;0.051;0.051;0.47471058;0.46422271;0.0001;0.177;0.0001
2017-07-06 17:00:00+00:00;6.905e-05;0.00028503;0;0;0;0.043;0.07;0.07;0.50759847;0.70700002;0.0001;0.036;0.0001
2017-07-06 18:00:00+00:00;0.00069702;0.00179935;0;0;0;0.0;0.127;0.127;0.73089218;0.89018345;0.0001;0.0;0.0001
2017-07-06 19:00:00+00:00;0.00072069;0.00181697;0;0;0;0.0;0.233;0.233;0.70921126;0.89492388;0.0001;0.0;0.0001
2017-07-06 20:00:00+00:00;8.078e-05;0.00030811;0;0;0;0.0;0.329;0.329;0.62622325;0.89424667;0.0001;0.0;0.0001
2017-07-06 21:00:00+00:00;1.704e-05;0.0;0;0;0;0.0;0.351;0.351;0.50150864;0.8553075;0.0001;0.0;0.0001
2017-07-06 22:00:00+00:00;1.07e-05;0.0;0;0;0;0.0;0.319;0.319;0.42554085;0.33182951;0.0001;0.0;0.0001
2017-07-06 23:00:00+00:00;5.5e-07;0.0;0;0;0;0.0;0.25;0.25;0.40880792;0.20790135;0.0001;0.0;0.0001
2017-07-07 00:00:00+00:00;1.36e-06;0.0;0;0;0;0.0;0.196;0.196;0.30093902;0.17302539;0.0001;0.0;0.0001
2017-07-07 01:00:00+00:00;2.96e-06;0.0;0;0;0;0.0;0.161;0.161;0.27485989;0.1760728;0.0001;0.0;0.0001
2017-07-07 02:00:00+00:00;4.22e-06;0.0;0;0;0;0.0;0.156;0.156;0.27435241;0.17437979;0.0001;0.0;0.0001
2017-07-07 03:00:00+00:00;5.42e-06;0.0;0;0;0;0.0;0.16;0.16;0.25357369;0.19232568;0.0001;0.0;0.0001
2017-07-07 04:00:00+00:00;7.56e-06;0.0;0;0;0;0.0;0.152;0.152;0.26214456;0.21670499;0.0001;0.0;0.0001
2017-07-07 05:00:00+00:00;8.704e-05;0.0;0;0;0;0.0;0.129;0.129;0.33374233;0.2190752;0.0001;0.0;0.0001
2017-07-07 06:00:00+00:00;0.00063702;1.3e-07;0;0;0;0.001;0.095;0.095;0.28400873;0.21467338;0.0001;0.002;0.0001
2017-07-07 07:00:00+00:00;0.00082905;0.00043189;0;0;0;0.147;0.037;0.037;0.33764715;0.25428976;0.0001;0.117;0.0001
2017-07-07 08:00:00+00:00;0.00065599;0.0016465;0;0;0;0.327;0.004;0.004;0.39089086;0.25632137;0.0001;0.301;0.0001
2017-07-07 09:00:00+00:00;0.00010412;0.0024278;0;0;0;0.471;0.04;0.04;0.37183195;0.25056514;0.0001;0.482;0.0001
2017-07-07 10:00:00+00:00;1.838e-05;0.00167551;0;0;0;0.569;0.079;0.079;0.40088551;0.21704359;0.0001;0.623;0.0001
2017-07-07 11:00:00+00:00;1.887e-05;0.00047596;0;0;0;0.584;0.088;0.088;0.36980201;0.22212261;0.0001;0.613;0.0001
2017-07-07 12:00:00+00:00;2.007e-05;9.2e-07;0;0;0;0.551;0.095;0.095;0.34640128;0.21839799;0.0001;0.522;0.0001
2017-07-07 13:00:00+00:00;1.817e-05;5.6e-07;0;0;0;0.461;0.105;0.105;0.3924838;0.21670499;0.0001;0.352;0.0001
2017-07-07 14:00:00+00:00;1.826e-05;1.3e-07;0;0;0;0.392;0.097;0.097;0.38818427;0.23024905;0.0001;0.275;0.0001
2017-07-07 15:00:00+00:00;1.98e-05;0.0;0;0;0;0.279;0.083;0.083;0.38639397;0.22957185;0.0001;0.167;0.0001
2017-07-07 16:00:00+00:00;2.282e-05;0.0;0;0;0;0.143;0.065;0.065;0.38845211;0.45304886;0.0001;0.066;0.0001
2017-07-07 17:00:00+00:00;6.966e-05;0.00028459;0;0;0;0.023;0.076;0.076;0.46012037;0.68769973;0.0001;0.011;0.0001
2017-07-07 18:00:00+00:00;0.00069501;0.00179943;0;0;0;0.0;0.135;0.135;0.68344227;0.88679744;0.0001;0.0;0.0001
2017-07-07 19:00:00+00:00;0.00072046;0.00181549;0;0;0;0.0;0.205;0.205;0.6415747;0.88984485;0.0001;0.0;0.0001
2017-07-07 20:00:00+00:00;7.975e-05;0.00030517;0;0;0;0.0;0.233;0.233;0.56879279;0.84853546;0.0001;0.0;0.0001
2017-07-07 21:00:00+00:00;1.684e-05;0.0;0;0;0;0.0;0.226;0.226;0.43395666;0.84277924;0.0001;0.0;0.0001
2017-07-07 22:00:00+00:00;1.053e-05;0.0;0;0;0;0.0;0.176;0.176;0.34975632;0.31219062;0.0001;0.0;0.0001
2017-07-07 23:00:00+00:00;5e-07;0.0;0;0;0;0.0;0.106;0.106;0.30261654;0.17675;0.0001;0.0;0.0001
2017-07-08 00:00:00+00:00;1.7e-06;0.0;0;0;0;0.0;0.048;0.048;0.33195203;0.17810441;0.0001;0.0;0.0001
2017-07-08 01:00:00+00:00;3.7e-06;0.0;0;0;0;0.0;0.014;0.014;0.32580582;0.18216763;0.0001;0.0;0.0001
2017-07-08 02:00:00+00:00;5.29e-06;0.0;0;0;0;0.0;0.002;0.002;0.31874331;0.17878161;0.0001;0.0;0.0001
2017-07-08 03:00:00+00:00;6.63e-06;0.0;0;0;0;0.0;0.001;0.001;0.32756792;0.19435728;0.0001;0.0;0.0001
2017-07-08 04:00:00+00:00;9.17e-06;0.0;0;0;0;0.0;0.001;0.001;0.29503245;0.19130987;0.0001;0.0;0.0001
2017-07-08 05:00:00+00:00;8.432e-05;0.0;0;0;0;0.0;0.002;0.002;0.28997169;0.19164847;0.0001;0.0;0.0001
2017-07-08 06:00:00+00:00;0.00063098;9e-08;0;0;0;0.001;0.004;0.004;0.28589771;0.21805939;0.0001;0.002;0.0001
2017-07-08 07:00:00+00:00;0.00083776;0.00043173;0;0;0;0.128;0.006;0.006;0.33409475;0.25598277;0.0001;0.088;0.0001
2017-07-08 08:00:00+00:00;0.00065566;0.00164321;0;0;0;0.328;0.002;0.002;0.36506547;0.25191955;0.0001;0.29;0.0001
2017-07-08 09:00:00+00:00;0.00010818;0.00241384;0;0;0;0.476;0.007;0.007;0.40390223;0.25158095;0.0001;0.471;0.0001
2017-07-08 10:00:00+00:00;1.957e-05;0.0016684;0;0;0;0.561;0.009;0.009;0.45335389;0.25225815;0.0001;0.578;0.0001
2017-07-08 11:00:00+00:00;2.085e-05;0.00047029;0;0;0;0.582;0.009;0.009;0.43260336;0.18250623;0.0001;0.583;0.0001
2017-07-08 12:00:00+00:00;2.123e-05;8.5e-07;0;0;0;0.56;0.01;0.01;0.33994493;0.15270929;0.0001;0.525;0.0001
2017-07-08 13:00:00+00:00;2.147e-05;3e-07;0;0;0;0.489;0.013;0.013;0.33756257;0.15033909;0.0001;0.394;0.0001
2017-07-08 14:00:00+00:00;2.114e-05;8e-08;0;0;0;0.352;0.018;0.018;0.37576497;0.16794637;0.0001;0.195;0.0001
2017-07-08 15:00:00+00:00;2.278e-05;0.0;0;0;0;0.23;0.024;0.024;0.40885021;0.16726916;0.0001;0.092;0.0001
2017-07-08 16:00:00+00:00;2.405e-05;0.0;0;0;0;0.121;0.038;0.038;0.42305981;0.38295834;0.0001;0.04;0.0001
2017-07-08 17:00:00+00:00;7.187e-05;0.00027947;0;0;0;0.022;0.126;0.126;0.39472519;0.6812663;0.0001;0.009;0.0001
2017-07-08 18:00:00+00:00;0.00069919;0.00178889;0;0;0;0.0;0.366;0.366;0.61305682;0.82144734;0.0001;0.0;0.0001
2017-07-08 19:00:00+00:00;0.0007219;0.0018145;0;0;0;0.0;0.513;0.513;0.60722073;0.82178594;0.0001;0.0;0.0001
2017-07-08 20:00:00+00:00;8.342e-05;0.00030463;0;0;0;0.0;0.525;0.525;0.58228345;0.77776774;0.0001;0.0;0.0001
2017-07-08 21:00:00+00:00;1.844e-05;0.0;0;0;0;0.0;0.432;0.432;0.49292368;0.78386257;0.0001;0.0;0.0001
2017-07-08 22:00:00+00:00;1.172e-05;0.0;0;0;0;0.0;0.384;0.384;0.43315314;0.52347798;0.0001;0.0;0.0001
2017-07-08 23:00:00+00:00;1.16e-06;0.0;0;0;0;0.0;0.337;0.337;0.40247845;0.16151293;0.0001;0.0;0.0001
2017-07-09 00:00:00+00:00;1.81e-06;0.0;0;0;0;0.0;0.286;0.286;0.31977238;0.16185154;0.0001;0.0;0.0001
2017-07-09 01:00:00+00:00;3.95e-06;0.0;0;0;0;0.0;0.255;0.255;0.31237154;0.15981993;0.0001;0.0;0.0001
2017-07-09 02:00:00+00:00;5.4e-06;0.0;0;0;0;0.0;0.226;0.226;0.31672746;0.16354455;0.0001;0.0;0.0001
2017-07-09 03:00:00+00:00;6.72e-06;0.0;0;0;0;0.0;0.205;0.205;0.33606831;0.16015853;0.0001;0.0;0.0001
2017-07-09 04:00:00+00:00;9.13e-06;0.0;0;0;0;0.0;0.185;0.185;0.36772977;0.18521504;0.0001;0.0;0.0001
2017-07-09 05:00:00+00:00;8.531e-05;0.0;0;0;0;0.0;0.16;0.16;0.4067075;0.19063267;0.0001;0.0;0.0001
2017-07-09 06:00:00+00:00;0.00063655;1.3e-07;0;0;0;0.001;0.136;0.136;0.38960805;0.18555364;0.0001;0.003;0.0001
2017-07-09 07:00:00+00:00;0.00084133;0.00043092;0;0;0;0.166;0.051;0.051;0.43037606;0.21196457;0.0001;0.151;0.0001
2017-07-09 08:00:00+00:00;0.00066413;0.00166081;0;0;0;0.365;0.011;0.011;0.46092388;0.21772079;0.0001;0.375;0.0001
2017-07-09 09:00:00+00:00;0.00011103;0.00244331;0;0;0;0.511;0.068;0.068;0.44103326;0.21501198;0.0001;0.575;0.0001
2017-07-09 10:00:00+00:00;2.095e-05;0.00167551;0;0;0;0.609;0.099;0.099;0.42592147;0.18860106;0.0001;0.724;0.0001
2017-07-09 11:00:00+00:00;2.097e-05;0.00047315;0;0;0;0.661;0.068;0.068;0.4248924;0.16693056;0.0001;0.81;0.0001
2017-07-09 12:00:00+00:00;2.053e-05;5e-07;0;0;0;0.667;0.043;0.043;0.36066727;0.17675;0.0001;0.824;0.0001
2017-07-09 13:00:00+00:00;1.986e-05;5.1e-07;0;0;0;0.63;0.031;0.031;0.44020155;0.175057;0.0001;0.767;0.0001
2017-07-09 14:00:00+00:00;2.039e-05;0.0;0;0;0;0.551;0.028;0.028;0.43570466;0.17675;0.0001;0.647;0.0001
2017-07-09 15:00:00+00:00;2.197e-05;0.0;0;0;0;0.419;0.032;0.032;0.49563027;0.17234818;0.0001;0.459;0.0001
2017-07-09 16:00:00+00:00;2.41e-05;0.0;0;0;0;0.245;0.049;0.049;0.45904901;0.38769877;0.0001;0.24;0.0001
2017-07-09 17:00:00+00:00;7.148e-05;0.00028324;0;0;0;0.053;0.147;0.147;0.4750489;0.7252845;0.0001;0.051;0.0001
2017-07-09 18:00:00+00:00;0.00069343;0.00181485;0;0;0;0.0;0.412;0.412;0.69474792;0.88341142;0.0001;0.0;0.0001
2017-07-09 19:00:00+00:00;0.00071403;0.0018374;0;0;0;0.0;0.572;0.572;0.71094517;0.89018345;0.0001;0.0;0.0001
2017-07-09 20:00:00+00:00;8.027e-05;0.00031387;0;0;0;0.0;0.583;0.583;0.65547417;0.86919016;0.0001;0.0;0.0001
2017-07-09 21:00:00+00:00;1.851e-05;0.0;0;0;0;0.0;0.501;0.501;0.55744485;0.84684246;0.0001;0.0;0.0001
2017-07-09 22:00:00+00:00;1.167e-05;0.0;0;0;0;0.0;0.424;0.424;0.47566916;0.39243919;0.0001;0.0;0.0001
2017-07-09 23:00:00+00:00;1.22e-06;0.0;0;0;0;0.0;0.357;0.357;0.36911126;0.15778832;0.0001;0.0;0.0001
2017-07-10 00:00:00+00:00;1.74e-06;0.0;0;0;0;0.0;0.294;0.294;0.31302;0.15135489;0.0001;0.0;0.0001
2017-07-10 01:00:00+00:00;3.76e-06;0.0;0;0;0;0.0;0.199;0.199;0.27115243;0.14966188;0.0001;0.0;0.0001
2017-07-10 02:00:00+00:00;5.42e-06;0.0;0;0;0;0.0;0.133;0.133;0.28519286;0.15067769;0.0001;0.0;0.0001
2017-07-10 03:00:00+00:00;6.63e-06;0.0;0;0;0;0.0;0.112;0.112;0.30380067;0.17675;0.0001;0.0;0.0001
2017-07-10 04:00:00+00:00;9.04e-06;0.0;0;0;0;0.0;0.13;0.13;0.32449481;0.18284483;0.0001;0.0;0.0001
2017-07-10 05:00:00+00:00;8.892e-05;0.0;0;0;0;0.0;0.155;0.155;0.33587095;0.18284483;0.0001;0.0;0.0001
2017-07-10 06:00:00+00:00;0.00063123;1.1e-07;0;0;0;0.002;0.153;0.153;0.3991234;0.18284483;0.0001;0.004;0.0001
2017-07-10 07:00:00+00:00;0.00083856;0.00043251;0;0;0;0.17;0.069;0.069;0.4688322;0.18589225;0.0001;0.157;0.0001
2017-07-10 08:00:00+00:00;0.00065927;0.00164012;0;0;0;0.368;0.008;0.008;0.52309088;0.17844301;0.0001;0.383;0.0001
2017-07-10 09:00:00+00:00;0.0001075;0.00240338;0;0;0;0.514;0.048;0.048;0.48806027;0.18081322;0.0001;0.582;0.0001
2017-07-10 10:00:00+00:00;2.024e-05;0.00165059;0;0;0;0.611;0.063;0.063;0.55224312;0.18555364;0.0001;0.73;0.0001
2017-07-10 11:00:00+00:00;2.168e-05;0.00046949;0;0;0;0.661;0.042;0.042;0.50610421;0.16083573;0.0001;0.812;0.0001
2017-07-10 12:00:00+00:00;2.232e-05;7.1e-07;0;0;0;0.668;0.027;0.027;0.50015535;0.15643391;0.0001;0.828;0.0001
2017-07-10 13:00:00+00:00;2.135e-05;1.3e-07;0;0;0;0.632;0.018;0.018;0.51067158;0.17099378;0.0001;0.773;0.0001
2017-07-10 14:00:00+00:00;2.003e-05;1.7e-07;0;0;0;0.548;0.014;0.014;0.54757707;0.17471839;0.0001;0.645;0.0001
2017-07-10 15:00:00+00:00;2.213e-05;0.0;0;0;0;0.421;0.013;0.013;0.55774088;0.175057;0.0001;0.465;0.0001
2017-07-10 16:00:00+00:00;2.477e-05;0.0;0;0;0;0.247;0.016;0.016;0.64425309;0.37686352;0.0001;0.245;0.0001
2017-07-10 17:00:00+00:00;7.131e-05;0.00027758;0;0;0;0.054;0.061;0.061;0.62274134;0.73104073;0.0001;0.052;0.0001
2017-07-10 18:00:00+00:00;0.00069181;0.00176598;0;0;0;0.0;0.263;0.263;0.7490207;0.86207953;0.0001;0.0;0.0001
2017-07-10 19:00:00+00:00;0.00072063;0.00180218;0;0;0;0.0;0.415;0.415;0.77591744;0.86546554;0.0001;0.0;0.0001
2017-07-10 20:00:00+00:00;8.247e-05;0.00030161;0;0;0;0.0;0.457;0.457;0.72481645;0.86512694;0.0001;0.0;0.0001
2017-07-10 21:00:00+00:00;1.8e-05;0.0;0;0;0;0.0;0.468;0.468;0.6402355;0.83837742;0.0001;0.0;0.0001
2017-07-10 22:00:00+00:00;1.185e-05;0.0;0;0;0;0.0;0.392;0.392;0.5922781;0.31354503;0.0001;0.0;0.0001
2017-07-10 23:00:00+00:00;1.28e-06;0.0;0;0;0;0.0;0.323;0.323;0.56515581;0.1530479;0.0001;0.0;0.0001
2017-07-11 00:00:00+00:00;1.95e-06;0.0;0;0;0;0.0;0.306;0.306;0.15768708;0.14288985;0.0001;0.0;0.0001
2017-07-11 01:00:00+00:00;3.99e-06;0.0;0;0;0;0.0;0.306;0.306;0.13485023;0.14119684;0.0001;0.0;0.0001
2017-07-11 02:00:00+00:00;5.35e-06;0.0;0;0;0;0.0;0.268;0.268;0.11737016;0.14424426;0.0001;0.0;0.0001
2017-07-11 03:00:00+00:00;6.81e-06;0.0;0;0;0;0.0;0.222;0.222;0.11084334;0.16489895;0.0001;0.0;0.0001
2017-07-11 04:00:00+00:00;8.96e-06;0.0;0;0;0;0.0;0.18;0.18;0.11212615;0.17370259;0.0001;0.0;0.0001
2017-07-11 05:00:00+00:00;8.677e-05;0.0;0;0;0;0.0;0.154;0.154;0.11660894;0.17776581;0.0001;0.0;0.0001
2017-07-11 06:00:00+00:00;0.00063381;5e-08;0;0;0;0.002;0.123;0.123;0.10579667;0.17200958;0.0001;0.004;0.0001
2017-07-11 07:00:00+00:00;0.0008304;0.00043402;0;0;0;0.172;0.048;0.048;0.11347944;0.20553114;0.0001;0.161;0.0001
2017-07-11 08:00:00+00:00;0.00066805;0.0016507;0;0;0;0.368;0.007;0.007;0.13566784;0.19334148;0.0001;0.384;0.0001
2017-07-11 09:00:00+00:00;0.00010921;0.0024283;0;0;0;0.512;0.08;0.08;0.17247465;0.17810441;0.0001;0.581;0.0001
2017-07-11 10:00:00+00:00;2.055e-05;0.0016715;0;0;0;0.609;0.168;0.168;0.18675474;0.18250623;0.0001;0.728;0.0001
2017-07-11 11:00:00+00:00;2.106e-05;0.00047305;0;0;0;0.659;0.207;0.207;0.15206245;0.14526006;0.0001;0.812;0.0001
2017-07-11 12:00:00+00:00;2.211e-05;9.3e-07;0;0;0;0.666;0.216;0.216;0.16599011;0.14763027;0.0001;0.829;0.0001
2017-07-11 13:00:00+00:00;2.08e-05;1.2e-07;0;0;0;0.63;0.191;0.191;0.19367628;0.14593726;0.0001;0.774;0.0001
2017-07-11 14:00:00+00:00;2.04e-05;2e-08;0;0;0;0.55;0.156;0.156;0.22514039;0.15474091;0.0001;0.652;0.0001
2017-07-11 15:00:00+00:00;2.147e-05;0.0;0;0;0;0.423;0.123;0.123;0.23376765;0.36061064;0.0001;0.473;0.0001
2017-07-11 16:00:00+00:00;2.433e-05;0.0;0;0;0;0.25;0.098;0.098;0.23730595;0.35925624;0.0001;0.253;0.0001
2017-07-11 17:00:00+00:00;7.197e-05;0.00028505;0;0;0;0.056;0.128;0.128;0.27423963;0.69514897;0.0001;0.056;0.0001
2017-07-11 18:00:00+00:00;0.00069607;0.00180654;0;0;0;0.0;0.268;0.268;0.51334998;0.82991238;0.0001;0.0;0.0001
2017-07-11 19:00:00+00:00;0.00071837;0.00182453;0;0;0;0.0;0.399;0.399;0.48872282;0.86478834;0.0001;0.0;0.0001
2017-07-11 20:00:00+00:00;8.041e-05;0.00030779;0;0;0;0.0;0.499;0.499;0.45401644;0.8566619;0.0001;0.0;0.0001
2017-07-11 21:00:00+00:00;1.853e-05;0.0;0;0;0;0.0;0.499;0.499;0.38550587;0.82618776;0.0001;0.0;0.0001
2017-07-11 22:00:00+00:00;1.178e-05;0.0;0;0;0;0.0;0.429;0.429;0.25310849;0.26986543;0.0001;0.0;0.0001
2017-07-11 23:00:00+00:00;1.42e-06;0.0;0;0;0;0.0;0.327;0.327;0.18772742;0.14221265;0.0001;0.0;0.0001
2017-07-12 00:00:00+00:00;1.79e-06;0.0;0;0;0;0.0;0.266;0.266;0.52533228;0.19300288;0.0001;0.0;0.0001
2017-07-12 01:00:00+00:00;3.86e-06;0.0;0;0;0;0.0;0.231;0.231;0.5158874;0.19130987;0.0001;0.0;0.0001
2017-07-12 02:00:00+00:00;5.22e-06;0.0;0;0;0;0.0;0.208;0.208;0.44830723;0.19503449;0.0001;0.0;0.0001
2017-07-12 03:00:00+00:00;6.96e-06;0.0;0;0;0;0.0;0.199;0.199;0.44455747;0.19266428;0.0001;0.0;0.0001
2017-07-12 04:00:00+00:00;9.22e-06;0.0;0;0;0;0.0;0.236;0.236;0.46807097;0.19164847;0.0001;0.0;0.0001
2017-07-12 05:00:00+00:00;8.689e-05;0.0;0;0;0;0.0;0.315;0.315;0.4626437;0.19334148;0.0001;0.0;0.0001
2017-07-12 06:00:00+00:00;0.00062851;1.5e-07;0;0;0;0.002;0.379;0.379;0.51099581;0.19130987;0.0001;0.004;0.0001
2017-07-12 07:00:00+00:00;0.0008323;0.00043863;0;0;0;0.168;0.213;0.213;0.60252649;0.19638889;0.0001;0.154;0.0001
2017-07-12 08:00:00+00:00;0.00066584;0.00164122;0;0;0;0.363;0.044;0.044;0.6060225;0.19232568;0.0001;0.375;0.0001
2017-07-12 09:00:00+00:00;0.00010701;0.00242345;0;0;0;0.507;0.151;0.151;0.62856333;0.19368008;0.0001;0.572;0.0001
2017-07-12 10:00:00+00:00;1.999e-05;0.00167221;0;0;0;0.604;0.195;0.195;0.64676233;0.22415422;0.0001;0.719;0.0001
2017-07-12 11:00:00+00:00;2.086e-05;0.00046828;0;0;0;0.653;0.145;0.145;0.63069195;0.22178401;0.0001;0.799;0.0001
2017-07-12 12:00:00+00:00;2.096e-05;9.3e-07;0;0;0;0.66;0.099;0.099;0.73065253;0.21602778;0.0001;0.814;0.0001
2017-07-12 13:00:00+00:00;2.028e-05;5.4e-07;0;0;0;0.623;0.077;0.077;0.72907369;0.22686303;0.0001;0.756;0.0001
2017-07-12 14:00:00+00:00;2.068e-05;0.0;0;0;0;0.536;0.07;0.07;0.67282736;0.23566667;0.0001;0.621;0.0001
2017-07-12 15:00:00+00:00;2.27e-05;0.0;0;0;0;0.414;0.069;0.069;0.73733443;0.24345451;0.0001;0.449;0.0001
2017-07-12 16:00:00+00:00;2.529e-05;0.0;0;0;0;0.218;0.075;0.075;0.7245909;0.49164944;0.0001;0.193;0.0001
2017-07-12 17:00:00+00:00;6.998e-05;0.0002828;0;0;0;0.042;0.125;0.125;0.68886954;0.7693027;0.0001;0.034;0.0001
2017-07-12 18:00:00+00:00;0.00068617;0.00178923;0;0;0;0.0;0.258;0.258;0.86021645;0.89052206;0.0001;0.0;0.0001
2017-07-12 19:00:00+00:00;0.00073134;0.00182327;0;0;0;0.0;0.328;0.328;0.85674863;0.90237311;0.0001;0.0;0.0001
2017-07-12 20:00:00+00:00;8.164e-05;0.00031027;0;0;0;0.0;0.294;0.294;0.8053939;0.9006801;0.0001;0.0;0.0001
2017-07-12 21:00:00+00:00;1.816e-05;0.0;0;0;0;0.0;0.233;0.233;0.71107204;0.86207953;0.0001;0.0;0.0001
2017-07-12 22:00:00+00:00;1.183e-05;0.0;0;0;0;0.0;0.192;0.192;0.6340329;0.34029455;0.0001;0.0;0.0001
2017-07-12 23:00:00+00:00;1.2e-06;0.0;0;0;0;0.0;0.17;0.17;0.56669236;0.22347702;0.0001;0.0;0.0001
2017-07-13 00:00:00+00:00;1.32e-06;0.0;0;0;0;0.0;0.164;0.164;0.2633005;0.18182903;0.0001;0.0;0.0001
2017-07-13 01:00:00+00:00;2.9e-06;0.0;0;0;0;0.0;0.177;0.177;0.22948221;0.17471839;0.0001;0.0;0.0001
2017-07-13 02:00:00+00:00;4.13e-06;0.0;0;0;0;0.0;0.204;0.204;0.23001789;0.17776581;0.0001;0.0;0.0001
2017-07-13 03:00:00+00:00;5.45e-06;0.0;0;0;0;0.0;0.217;0.217;0.22371661;0.17878161;0.0001;0.0;0.0001
2017-07-13 04:00:00+00:00;7.59e-06;0.0;0;0;0;0.0;0.204;0.204;0.2281853;0.21704359;0.0001;0.0;0.0001
2017-07-13 05:00:00+00:00;8.518e-05;0.0;0;0;0;0.0;0.164;0.164;0.28372679;0.21535058;0.0001;0.0;0.0001
2017-07-13 06:00:00+00:00;0.00063009;1e-07;0;0;0;0.002;0.107;0.107;0.2810202;0.21636638;0.0001;0.003;0.0001
2017-07-13 07:00:00+00:00;0.00082215;0.00043556;0;0;0;0.16;0.032;0.032;0.34211584;0.25361255;0.0001;0.14;0.0001
2017-07-13 08:00:00+00:00;0.00065528;0.00166781;0;0;0;0.337;0.004;0.004;0.35452105;0.25124234;0.0001;0.327;0.0001
2017-07-13 09:00:00+00:00;0.00010773;0.00243986;0;0;0;0.475;0.033;0.033;0.37349538;0.25428976;0.0001;0.505;0.0001
2017-07-13 10:00:00+00:00;1.929e-05;0.00168702;0;0;0;0.589;0.075;0.075;0.38863537;0.22178401;0.0001;0.681;0.0001
2017-07-13 11:00:00+00:00;1.847e-05;0.00046765;0;0;0;0.622;0.106;0.106;0.38577371;0.220091;0.0001;0.723;0.0001
2017-07-13 12:00:00+00:00;1.84e-05;7.8e-07;0;0;0;0.63;0.122;0.122;0.29733023;0.22178401;0.0001;0.737;0.0001
2017-07-13 13:00:00+00:00;1.885e-05;4.9e-07;0;0;0;0.59;0.126;0.126;0.40415597;0.22550863;0.0001;0.673;0.0001
2017-07-13 14:00:00+00:00;1.852e-05;7e-08;0;0;0;0.519;0.121;0.121;0.46606923;0.23295786;0.0001;0.574;0.0001
2017-07-13 15:00:00+00:00;2.043e-05;0.0;0;0;0;0.384;0.113;0.113;0.47614846;0.23295786;0.0001;0.384;0.0001
2017-07-13 16:00:00+00:00;2.233e-05;0.0;0;0;0;0.22;0.11;0.11;0.46900137;0.44864704;0.0001;0.191;0.0001
2017-07-13 17:00:00+00:00;6.672e-05;0.00028332;0;0;0;0.034;0.144;0.144;0.5034681;0.76388508;0.0001;0.024;0.0001
2017-07-13 18:00:00+00:00;0.00069443;0.00179903;0;0;0;0.0;0.303;0.303;0.72164466;0.89018345;0.0001;0.0;0.0001
2017-07-13 19:00:00+00:00;0.00072354;0.00183481;0;0;0;0.0;0.411;0.411;0.7050386;0.88713604;0.0001;0.0;0.0001
2017-07-13 20:00:00+00:00;7.954e-05;0.00030722;0;0;0;0.0;0.362;0.362;0.59387104;0.86072512;0.0001;0.0;0.0001
2017-07-13 21:00:00+00:00;1.685e-05;0.0;0;0;0;0.0;0.297;0.297;0.48873692;0.84650385;0.0001;0.0;0.0001
2017-07-13 22:00:00+00:00;1.058e-05;0.0;0;0;0;0.0;0.235;0.235;0.39800975;0.32404168;0.0001;0.0;0.0001
2017-07-13 23:00:00+00:00;5.2e-07;0.0;0;0;0;0.0;0.182;0.182;0.38243276;0.20553114;0.0001;0.0;0.0001
2017-07-14 00:00:00+00:00;1.3e-06;0.0;0;0;0;0.0;0.14;0.14;0.32917496;0.1757342;0.0001;0.0;0.0001
2017-07-14 01:00:00+00:00;2.88e-06;0.0;0;0;0;0.0;0.122;0.122;0.32194329;0.17471839;0.0001;0.0;0.0001
2017-07-14 02:00:00+00:00;4.08e-06;0.0;0;0;0;0.0;0.134;0.134;0.33182516;0.17912022;0.0001;0.0;0.0001
2017-07-14 03:00:00+00:00;5.43e-06;0.0;0;0;0;0.0;0.177;0.177;0.30470287;0.17404119;0.0001;0.0;0.0001
2017-07-14 04:00:00+00:00;7.63e-06;0.0;0;0;0;0.0;0.204;0.204;0.27774974;0.21298037;0.0001;0.0;0.0001
2017-07-14 05:00:00+00:00;8.815e-05;0.0;0;0;0;0.0;0.177;0.177;0.34224272;0.21535058;0.0001;0.0;0.0001
2017-07-14 06:00:00+00:00;0.00062347;1.7e-07;0;0;0;0.001;0.111;0.111;0.32594679;0.21298037;0.0001;0.002;0.0001
2017-07-14 07:00:00+00:00;0.00083189;0.00044259;0;0;0;0.144;0.04;0.04;0.37456673;0.25259675;0.0001;0.117;0.0001
2017-07-14 08:00:00+00:00;0.0006586;0.00166162;0;0;0;0.35;0.014;0.014;0.43179984;0.25259675;0.0001;0.355;0.0001
2017-07-14 09:00:00+00:00;0.0001059;0.00242993;0;0;0;0.497;0.07;0.07;0.439539;0.25361255;0.0001;0.551;0.0001
2017-07-14 10:00:00+00:00;1.753e-05;0.00166989;0;0;0;0.593;0.102;0.102;0.44939268;0.2207682;0.0001;0.692;0.0001
2017-07-14 11:00:00+00:00;1.946e-05;0.00046949;0;0;0;0.635;0.096;0.096;0.44767287;0.25293535;0.0001;0.752;0.0001
2017-07-14 12:00:00+00:00;1.944e-05;7.8e-07;0;0;0;0.633;0.094;0.094;0.41302287;0.26004598;0.0001;0.745;0.0001
2017-07-14 13:00:00+00:00;1.792e-05;3.5e-07;0;0;0;0.599;0.101;0.101;0.4337593;0.22923324;0.0001;0.694;0.0001
2017-07-14 14:00:00+00:00;1.861e-05;1e-07;0;0;0;0.527;0.102;0.102;0.48006737;0.23261926;0.0001;0.593;0.0001
2017-07-14 15:00:00+00:00;1.935e-05;0.0;0;0;0;0.408;0.102;0.102;0.48650962;0.22889464;0.0001;0.434;0.0001
2017-07-14 16:00:00+00:00;2.12e-05;0.0;0;0;0;0.238;0.1;0.1;0.47810791;0.44763124;0.0001;0.226;0.0001
2017-07-14 17:00:00+00:00;6.929e-05;0.00028033;0;0;0;0.052;0.105;0.105;0.46090979;0.75846745;0.0001;0.048;0.0001
2017-07-14 18:00:00+00:00;0.00069399;0.00179907;0;0;0;0.0;0.174;0.174;0.69813116;0.88679744;0.0001;0.0;0.0001
2017-07-14 19:00:00+00:00;0.00072046;0.00182936;0;0;0;0.0;0.263;0.263;0.67237626;0.88612024;0.0001;0.0;0.0001
2017-07-14 20:00:00+00:00;7.903e-05;0.00030889;0;0;0;0.0;0.336;0.336;0.66914808;0.86444974;0.0001;0.0;0.0001
2017-07-14 21:00:00+00:00;1.703e-05;0.0;0;0;0;0.0;0.375;0.375;0.55194708;0.84447224;0.0001;0.0;0.0001
2017-07-14 22:00:00+00:00;1.068e-05;0.0;0;0;0;0.0;0.338;0.338;0.43577515;0.55530653;0.0001;0.0;0.0001
2017-07-14 23:00:00+00:00;4.9e-07;0.0;0;0;0;0.0;0.294;0.294;0.43841126;0.18013602;0.0001;0.0;0.0001
2017-07-15 00:00:00+00:00;1.75e-06;0.0;0;0;0;0.0;0.263;0.263;0.39490845;0.17878161;0.0001;0.0;0.0001
2017-07-15 01:00:00+00:00;3.79e-06;0.0;0;0;0;0.0;0.218;0.218;0.36871655;0.17708861;0.0001;0.0;0.0001
2017-07-15 02:00:00+00:00;5.26e-06;0.0;0;0;0;0.0;0.172;0.172;0.33783041;0.20146792;0.0001;0.0;0.0001
2017-07-15 03:00:00+00:00;6.73e-06;0.0;0;0;0;0.0;0.133;0.133;0.29902185;0.21331897;0.0001;0.0;0.0001
2017-07-15 04:00:00+00:00;9.16e-06;0.0;0;0;0;0.0;0.105;0.105;0.31049667;0.21467338;0.0001;0.0;0.0001
2017-07-15 05:00:00+00:00;8.69e-05;0.0;0;0;0;0.0;0.089;0.089;0.35423911;0.21467338;0.0001;0.0;0.0001
2017-07-15 06:00:00+00:00;0.00063227;1.2e-07;0;0;0;0.002;0.069;0.069;0.3875922;0.21162596;0.0001;0.003;0.0001
2017-07-15 07:00:00+00:00;0.00083116;0.0004311;0;0;0;0.161;0.029;0.029;0.44599535;0.25530556;0.0001;0.142;0.0001
2017-07-15 08:00:00+00:00;0.00066179;0.00164503;0;0;0;0.353;0.004;0.004;0.40464936;0.19435728;0.0001;0.358;0.0001
2017-07-15 09:00:00+00:00;0.00010839;0.00242571;0;0;0;0.5;0.029;0.029;0.39865821;0.19164847;0.0001;0.558;0.0001
2017-07-15 10:00:00+00:00;2.091e-05;0.00168016;0;0;0;0.598;0.04;0.04;0.37806275;0.19300288;0.0001;0.702;0.0001
2017-07-15 11:00:00+00:00;2.168e-05;0.00047796;0;0;0;0.629;0.03;0.03;0.40020886;0.22720164;0.0001;0.738;0.0001
2017-07-15 12:00:00+00:00;2.118e-05;6.7e-07;0;0;0;0.637;0.029;0.029;0.33702689;0.22855604;0.0001;0.752;0.0001
2017-07-15 13:00:00+00:00;2.085e-05;1.6e-07;0;0;0;0.582;0.038;0.038;0.39590933;0.23363506;0.0001;0.656;0.0001
2017-07-15 14:00:00+00:00;2.023e-05;3e-08;0;0;0;0.513;0.055;0.055;0.42881132;0.23566667;0.0001;0.559;0.0001
2017-07-15 15:00:00+00:00;2.139e-05;0.0;0;0;0;0.372;0.077;0.077;0.42150916;0.22957185;0.0001;0.358;0.0001
2017-07-15 16:00:00+00:00;2.441e-05;0.0;0;0;0;0.201;0.105;0.105;0.43227914;0.44729264;0.0001;0.157;0.0001
2017-07-15 17:00:00+00:00;7.129e-05;0.0002813;0;0;0;0.033;0.172;0.172;0.51750854;0.75643585;0.0001;0.023;0.0001
2017-07-15 18:00:00+00:00;0.00068985;0.00179868;0;0;0;0.0;0.363;0.363;0.70121836;0.86851296;0.0001;0.0;0.0001
2017-07-15 19:00:00+00:00;0.00072452;0.00182394;0;0;0;0.0;0.435;0.435;0.69955494;0.59018249;0.0001;0.0;0.0001
2017-07-15 20:00:00+00:00;8.186e-05;0.00031084;0;0;0;0.0;0.418;0.418;0.62747787;0.79909964;0.0001;0.0;0.0001
2017-07-15 21:00:00+00:00;1.85e-05;0.0;0;0;0;0.0;0.385;0.385;0.50919141;0.79909964;0.0001;0.0;0.0001
2017-07-15 22:00:00+00:00;1.18e-05;0.0;0;0;0;0.0;0.306;0.306;0.46938198;0.56918919;0.0001;0.0;0.0001
2017-07-15 23:00:00+00:00;1.47e-06;0.0;0;0;0;0.0;0.216;0.216;0.44093459;0.23735968;0.0001;0.0;0.0001
2017-07-16 00:00:00+00:00;1.7e-06;0.0;0;0;0;0.0;0.144;0.144;0.37988124;0.2407457;0.0001;0.0;0.0001
2017-07-16 01:00:00+00:00;3.73e-06;0.0;0;0;0;0.0;0.071;0.071;0.37030949;0.23600527;0.0001;0.0;0.0001
2017-07-16 02:00:00+00:00;5.34e-06;0.0;0;0;0;0.0;0.028;0.028;0.36460028;0.17336399;0.0001;0.0;0.0001
2017-07-16 03:00:00+00:00;6.75e-06;0.0;0;0;0;0.0;0.01;0.01;0.36771568;0.18521504;0.0001;0.0;0.0001
2017-07-16 04:00:00+00:00;9.22e-06;0.0;0;0;0;0.0;0.011;0.011;0.37847156;0.19401868;0.0001;0.0;0.0001
2017-07-16 05:00:00+00:00;8.894e-05;0.0;0;0;0;0.0;0.007;0.007;0.38505477;0.1977433;0.0001;0.0;0.0001
2017-07-16 06:00:00+00:00;0.00063865;1.9e-07;0;0;0;0.002;0.039;0.039;0.39131376;0.19300288;0.0001;0.004;0.0001
2017-07-16 07:00:00+00:00;0.00084165;0.00043864;0;0;0;0.168;0.041;0.041;0.44101917;0.25361255;0.0001;0.153;0.0001
2017-07-16 08:00:00+00:00;0.00065843;0.00165102;0;0;0;0.361;0.026;0.026;0.4488852;0.25293535;0.0001;0.373;0.0001
2017-07-16 09:00:00+00:00;0.00010551;0.0024287;0;0;0;0.504;0.01;0.01;0.46862075;0.25124234;0.0001;0.568;0.0001
2017-07-16 10:00:00+00:00;1.968e-05;0.00167571;0;0;0;0.601;0.01;0.01;0.4448817;0.22246121;0.0001;0.712;0.0001
2017-07-16 11:00:00+00:00;2.067e-05;0.0004727;0;0;0;0.647;0.005;0.005;0.43767822;0.25361255;0.0001;0.783;0.0001
2017-07-16 12:00:00+00:00;2.153e-05;7e-07;0;0;0;0.651;0.001;0.001;0.37718874;0.25801438;0.0001;0.789;0.0001
2017-07-16 13:00:00+00:00;2.119e-05;3.3e-07;0;0;0;0.598;0.002;0.002;0.40831453;0.2421001;0.0001;0.689;0.0001
2017-07-16 14:00:00+00:00;2.068e-05;1e-07;0;0;0;0.469;0.006;0.006;0.45981024;0.23769828;0.0001;0.466;0.0001
2017-07-16 15:00:00+00:00;2.205e-05;0.0;0;0;0;0.383;0.011;0.011;0.48538188;0.22889464;0.0001;0.376;0.0001
2017-07-16 16:00:00+00:00;2.339e-05;0.0;0;0;0;0.185;0.014;0.014;0.50427162;0.44526103;0.0001;0.133;0.0001
2017-07-16 17:00:00+00:00;7.007e-05;0.00028314;0;0;0;0.039;0.015;0.015;0.56735491;0.75338843;0.0001;0.029;0.0001
2017-07-16 18:00:00+00:00;0.00069173;0.0017943;0;0;0;0.0;0.018;0.018;0.71379273;0.89356947;0.0001;0.0;0.0001
2017-07-16 19:00:00+00:00;0.00071541;0.001827;0;0;0;0.0;0.022;0.022;0.70392495;0.88984485;0.0001;0.0;0.0001
2017-07-16 20:00:00+00:00;7.991e-05;0.00031028;0;0;0;0.0;0.018;0.018;0.65555875;0.86140232;0.0001;0.0;0.0001
2017-07-16 21:00:00+00:00;1.831e-05;0.0;0;0;0;0.0;0.016;0.016;0.55112947;0.85361449;0.0001;0.0;0.0001
2017-07-16 22:00:00+00:00;1.173e-05;0.0;0;0;0;0.0;0.018;0.018;0.46690094;0.33284531;0.0001;0.0;0.0001
2017-07-16 23:00:00+00:00;1.18e-06;0.0;0;0;0;0.0;0.03;0.03;0.39613488;0.17979742;0.0001;0.0;0.0001
2017-07-17 00:00:00+00:00;1.93e-06;0.0;0;0;0;0.0;0.05;0.05;0.36578441;0.18081322;0.0001;0.0;0.0001
2017-07-17 01:00:00+00:00;3.88e-06;0.0;0;0;0;0.0;0.073;0.073;0.35143385;0.18081322;0.0001;0.0;0.0001
2017-07-17 02:00:00+00:00;5.25e-06;0.0;0;0;0;0.0;0.095;0.095;0.34520305;0.17878161;0.0001;0.0;0.0001
2017-07-17 03:00:00+00:00;6.39e-06;0.0;0;0;0;0.0;0.079;0.079;0.33350268;0.19029407;0.0001;0.0;0.0001
2017-07-17 04:00:00+00:00;8.95e-06;0.0;0;0;0;0.0;0.08;0.08;0.33891586;0.21399617;0.0001;0.0;0.0001
2017-07-17 05:00:00+00:00;8.735e-05;0.0;0;0;0;0.0;0.088;0.088;0.37174737;0.21331897;0.0001;0.0;0.0001
2017-07-17 06:00:00+00:00;0.00063217;1e-07;0;0;0;0.001;0.099;0.099;0.42290475;0.20959435;0.0001;0.002;0.0001
2017-07-17 07:00:00+00:00;0.00083034;0.00042645;0;0;0;0.122;0.054;0.054;0.37181785;0.25428976;0.0001;0.079;0.0001
2017-07-17 08:00:00+00:00;0.00065698;0.00164723;0;0;0;0.313;0.069;0.069;0.36314831;0.25462836;0.0001;0.268;0.0001
2017-07-17 09:00:00+00:00;0.00010932;0.00244046;0;0;0;0.449;0.047;0.047;0.33420753;0.25259675;0.0001;0.437;0.0001
2017-07-17 10:00:00+00:00;2.034e-05;0.00168175;0;0;0;0.546;0.028;0.028;0.31894066;0.22517003;0.0001;0.568;0.0001
2017-07-17 11:00:00+00:00;2.187e-05;0.00047403;0;0;0;0.558;0.025;0.025;0.31330193;0.25361255;0.0001;0.548;0.0001
2017-07-17 12:00:00+00:00;2.297e-05;8.6e-07;0;0;0;0.57;0.023;0.023;0.27790481;0.22923324;0.0001;0.56;0.0001
2017-07-17 13:00:00+00:00;2.07e-05;4.9e-07;0;0;0;0.48;0.016;0.016;0.29404567;0.23058765;0.0001;0.385;0.0001
2017-07-17 14:00:00+00:00;2.01e-05;5e-08;0;0;0;0.39;0.009;0.009;0.27738322;0.23058765;0.0001;0.267;0.0001
2017-07-17 15:00:00+00:00;2.185e-05;0.0;0;0;0;0.304;0.004;0.004;0.30034695;0.23160346;0.0001;0.2;0.0001
2017-07-17 16:00:00+00:00;2.41e-05;0.0;0;0;0;0.167;0.003;0.003;0.35996242;0.46760873;0.0001;0.092;0.0001
2017-07-17 17:00:00+00:00;7.192e-05;0.00028936;0;0;0;0.031;0.011;0.011;0.48851137;0.75000241;0.0001;0.017;0.0001
2017-07-17 18:00:00+00:00;0.00069238;0.00181104;0;0;0;0.0;0.048;0.048;0.64277293;0.88544303;0.0001;0.0;0.0001
2017-07-17 19:00:00+00:00;0.00071948;0.00184485;0;0;0;0.0;0.112;0.112;0.63692274;0.88849045;0.0001;0.0;0.0001
2017-07-17 20:00:00+00:00;8.119e-05;0.00031422;0;0;0;0.0;0.179;0.179;0.60923658;0.85496889;0.0001;0.0;0.0001
2017-07-17 21:00:00+00:00;1.829e-05;0.0;0;0;0;0.0;0.244;0.244;0.54924049;0.84345644;0.0001;0.0;0.0001
2017-07-17 22:00:00+00:00;1.173e-05;0.0;0;0;0;0.0;0.28;0.28;0.48899066;0.32234867;0.0001;0.0;0.0001
2017-07-17 23:00:00+00:00;1.24e-06;0.0;0;0;0;0.0;0.317;0.317;0.38081163;0.18081322;0.0001;0.0;0.0001
2017-07-18 00:00:00+00:00;1.91e-06;0.0;0;0;0;0.0;0.344;0.344;0.3822636;0.18216763;0.0001;0.0;0.0001
2017-07-18 01:00:00+00:00;4.04e-06;0.0;0;0;0;0.0;0.425;0.425;0.36237298;0.18182903;0.0001;0.0;0.0001
2017-07-18 02:00:00+00:00;5.39e-06;0.0;0;0;0;0.0;0.48;0.48;0.31059534;0.18115182;0.0001;0.0;0.0001
2017-07-18 03:00:00+00:00;6.82e-06;0.0;0;0;0;0.0;0.444;0.444;0.28897081;0.18927826;0.0001;0.0;0.0001
2017-07-18 04:00:00+00:00;9.33e-06;0.0;0;0;0;0.0;0.412;0.412;0.29250912;0.19063267;0.0001;0.0;0.0001
2017-07-18 05:00:00+00:00;8.851e-05;0.0;0;0;0;0.0;0.439;0.439;0.30657775;0.21128736;0.0001;0.0;0.0001
2017-07-18 06:00:00+00:00;0.00063504;5e-08;0;0;0;0.001;0.458;0.458;0.26891103;0.21061016;0.0001;0.003;0.0001
2017-07-18 07:00:00+00:00;0.00083266;0.00043048;0;0;0;0.149;0.739;0.739;0.252164;0.25293535;0.0001;0.117;0.0001
2017-07-18 08:00:00+00:00;0.00065895;0.00164838;0;0;0;0.367;0.947;0.947;0.26562647;0.25395116;0.0001;0.359;0.0001
2017-07-18 09:00:00+00:00;0.00011067;0.00242386;0;0;0;0.529;0.962;0.962;0.28114708;0.25191955;0.0001;0.571;0.0001
2017-07-18 10:00:00+00:00;2.147e-05;0.00166426;0;0;0;0.635;0.962;0.962;0.27824313;0.22550863;0.0001;0.73;0.0001
2017-07-18 11:00:00+00:00;2.208e-05;0.00047225;0;0;0;0.686;0.956;0.956;0.29308709;0.22347702;0.0001;0.816;0.0001
2017-07-18 12:00:00+00:00;2.059e-05;6.4e-07;0;0;0;0.692;0.944;0.944;0.26458331;0.19300288;0.0001;0.834;0.0001
2017-07-18 13:00:00+00:00;2.085e-05;1.7e-07;0;0;0;0.653;0.929;0.929;0.25869083;0.18081322;0.0001;0.78;0.0001
2017-07-18 14:00:00+00:00;2.106e-05;1e-08;0;0;0;0.569;0.907;0.907;0.28519286;0.18792386;0.0001;0.656;0.0001
2017-07-18 15:00:00+00:00;2.127e-05;0.0;0;0;0;0.438;0.886;0.886;0.30203857;0.18318343;0.0001;0.477;0.0001
2017-07-18 16:00:00+00:00;2.473e-05;0.0;0;0;0;0.26;0.858;0.858;0.37180376;0.39717961;0.0001;0.255;0.0001
2017-07-18 17:00:00+00:00;7.095e-05;0.00028075;0;0;0;0.059;0.796;0.796;0.49188051;0.55936975;0.0001;0.056;0.0001
2017-07-18 18:00:00+00:00;0.00068853;0.00178903;0;0;0;0.0;0.737;0.737;0.63272189;0.86106372;0.0001;0.0;0.0001
2017-07-18 19:00:00+00:00;0.00071529;0.00183048;0;0;0;0.0;0.662;0.662;0.61889291;0.88781324;0.0001;0.0;0.0001
2017-07-18 20:00:00+00:00;8.198e-05;0.00031526;0;0;0;0.0;0.574;0.574;0.59619702;0.86140232;0.0001;0.0;0.0001
2017-07-18 21:00:00+00:00;1.841e-05;0.0;0;0;0;0.0;0.492;0.492;0.545237;0.83566861;0.0001;0.0;0.0001
2017-07-18 22:00:00+00:00;1.182e-05;0.0;0;0;0;0.0;0.415;0.415;0.43408353;0.32201007;0.0001;0.0;0.0001
2017-07-18 23:00:00+00:00;9.8e-07;0.0;0;0;0;0.0;0.372;0.372;0.39550052;0.20519253;0.0001;0.0;0.0001
2017-07-19 00:00:00+00:00;2.01e-06;0.0;0;0;0;0.0;0.347;0.347;0.34728938;0.18386064;0.0001;0.0;0.0001
2017-07-19 01:00:00+00:00;3.95e-06;0.0;0;0;0;0.0;0.341;0.341;0.29501835;0.18013602;0.0001;0.0;0.0001
2017-07-19 02:00:00+00:00;5.24e-06;0.0;0;0;0;0.0;0.366;0.366;0.27731274;0.17336399;0.0001;0.0;0.0001
2017-07-19 03:00:00+00:00;6.77e-06;0.0;0;0;0;0.0;0.412;0.412;0.26886874;0.17437979;0.0001;0.0;0.0001
2017-07-19 04:00:00+00:00;9.03e-06;0.0;0;0;0;0.0;0.449;0.449;0.27199824;0.17404119;0.0001;0.0;0.0001
2017-07-19 05:00:00+00:00;8.596e-05;0.0;0;0;0;0.0;0.486;0.486;0.35017923;0.2187366;0.0001;0.0;0.0001
2017-07-19 06:00:00+00:00;0.00062917;1e-07;0;0;0;0.003;0.465;0.465;0.4373117;0.21636638;0.0001;0.005;0.0001
2017-07-19 07:00:00+00:00;0.00083186;0.00043324;0;0;0;0.18;0.487;0.487;0.44200595;0.25428976;0.0001;0.164;0.0001
2017-07-19 08:00:00+00:00;0.00066789;0.00165155;0;0;0;0.378;0.783;0.783;0.48025063;0.25361255;0.0001;0.385;0.0001
2017-07-19 09:00:00+00:00;0.00011239;0.00243028;0;0;0;0.53;0.774;0.774;0.40464936;0.25327395;0.0001;0.592;0.0001
2017-07-19 10:00:00+00:00;2.175e-05;0.00166586;0;0;0;0.629;0.664;0.664;0.44565702;0.22279981;0.0001;0.745;0.0001
2017-07-19 11:00:00+00:00;2.06e-05;0.0004737;0;0;0;0.683;0.498;0.498;0.45714594;0.18893966;0.0001;0.839;0.0001
2017-07-19 12:00:00+00:00;2.071e-05;1.24e-06;0;0;0;0.69;0.362;0.362;0.38518165;0.19401868;0.0001;0.857;0.0001
2017-07-19 13:00:00+00:00;2.041e-05;4.7e-07;0;0;0;0.651;0.289;0.289;0.42680957;0.22720164;0.0001;0.799;0.0001
2017-07-19 14:00:00+00:00;2.027e-05;1.6e-07;0;0;0;0.569;0.242;0.242;0.45806223;0.23837548;0.0001;0.676;0.0001
2017-07-19 15:00:00+00:00;2.152e-05;0.0;0;0;0;0.44;0.195;0.195;0.47359693;0.25293535;0.0001;0.492;0.0001
2017-07-19 16:00:00+00:00;2.471e-05;0.0;0;0;0;0.262;0.167;0.167;0.44338743;0.46489992;0.0001;0.267;0.0001
2017-07-19 17:00:00+00:00;7.27e-05;0.0002784;0;0;0;0.061;0.164;0.164;0.47626123;0.75711305;0.0001;0.06;0.0001
2017-07-19 18:00:00+00:00;0.00068663;0.00180206;0;0;0;0.0;0.26;0.26;0.64212447;0.89221506;0.0001;0.0;0.0001
2017-07-19 19:00:00+00:00;0.0007183;0.0018211;0;0;0;0.0;0.353;0.353;0.67509694;0.88375002;0.0001;0.0;0.0001
2017-07-19 20:00:00+00:00;8.193e-05;0.00030836;0;0;0;0.0;0.415;0.415;0.57533371;0.88679744;0.0001;0.0;0.0001
2017-07-19 21:00:00+00:00;1.808e-05;0.0;0;0;0;0.0;0.439;0.439;0.59129132;0.83668441;0.0001;0.0;0.0001
2017-07-19 22:00:00+00:00;1.166e-05;0.0;0;0;0;0.0;0.392;0.392;0.50716147;0.30237118;0.0001;0.0;0.0001
2017-07-19 23:00:00+00:00;1.09e-06;0.0;0;0;0;0.0;0.362;0.362;0.46274237;0.19198707;0.0001;0.0;0.0001
2017-07-20 00:00:00+00:00;1.35e-06;0.0;0;0;0;0.0;0.354;0.354;0.39795337;0.1764114;0.0001;0.0;0.0001
2017-07-20 01:00:00+00:00;2.9e-06;0.0;0;0;0;0.0;0.328;0.328;0.3689703;0.17708861;0.0001;0.0;0.0001
2017-07-20 02:00:00+00:00;4.16e-06;0.0;0;0;0;0.0;0.315;0.315;0.38704243;0.17742721;0.0001;0.0;0.0001
2017-07-20 03:00:00+00:00;5.42e-06;0.0;0;0;0;0.0;0.306;0.306;0.36032894;0.18623085;0.0001;0.0;0.0001
2017-07-20 04:00:00+00:00;7.6e-06;0.0;0;0;0;0.0;0.299;0.299;0.3742848;0.18792386;0.0001;0.0;0.0001
2017-07-20 05:00:00+00:00;8.531e-05;0.0;0;0;0;0.0;0.274;0.274;0.36920994;0.21738219;0.0001;0.0;0.0001
2017-07-20 06:00:00+00:00;0.00062794;1.2e-07;0;0;0;0.003;0.247;0.247;0.39719214;0.21399617;0.0001;0.004;0.0001
2017-07-20 07:00:00+00:00;0.0008291;0.00043239;0;0;0;0.181;0.156;0.156;0.38669;0.25496696;0.0001;0.168;0.0001
2017-07-20 08:00:00+00:00;0.0006589;0.00164816;0;0;0;0.384;0.465;0.465;0.4155744;0.25564416;0.0001;0.402;0.0001
2017-07-20 09:00:00+00:00;0.00010436;0.00243478;0;0;0;0.534;0.462;0.462;0.42298933;0.25158095;0.0001;0.607;0.0001
2017-07-20 10:00:00+00:00;1.859e-05;0.00166734;0;0;0;0.633;0.245;0.245;0.422214;0.23837548;0.0001;0.758;0.0001
2017-07-20 11:00:00+00:00;1.694e-05;0.00047228;0;0;0;0.684;0.108;0.108;0.4444447;0.23566667;0.0001;0.844;0.0001
2017-07-20 12:00:00+00:00;1.82e-05;8.5e-07;0;0;0;0.691;0.05;0.05;0.37125398;0.24887213;0.0001;0.858;0.0001
2017-07-20 13:00:00+00:00;1.863e-05;5e-07;0;0;0;0.653;0.024;0.024;0.39638862;0.20553114;0.0001;0.8;0.0001
2017-07-20 14:00:00+00:00;1.761e-05;0.0;0;0;0;0.571;0.012;0.012;0.41761844;0.2204296;0.0001;0.674;0.0001
2017-07-20 15:00:00+00:00;1.913e-05;0.0;0;0;0;0.442;0.008;0.008;0.45083056;0.22821744;0.0001;0.492;0.0001
2017-07-20 16:00:00+00:00;2.28e-05;0.0;0;0;0;0.264;0.012;0.012;0.47703656;0.45440327;0.0001;0.268;0.0001
2017-07-20 17:00:00+00:00;7.006e-05;0.00027926;0;0;0;0.063;0.048;0.048;0.50449717;0.74153738;0.0001;0.062;0.0001
2017-07-20 18:00:00+00:00;0.00069737;0.00180049;0;0;0;0.0;0.178;0.178;0.7068148;0.88815184;0.0001;0.0;0.0001
2017-07-20 19:00:00+00:00;0.00071537;0.00183106;0;0;0;0.0;0.363;0.363;0.69951265;0.88578163;0.0001;0.0;0.0001
2017-07-20 20:00:00+00:00;7.94e-05;0.00030747;0;0;0;0.0;0.497;0.497;0.61105507;0.88849045;0.0001;0.0;0.0001
2017-07-20 21:00:00+00:00;1.699e-05;0.0;0;0;0;0.0;0.554;0.554;0.52378163;0.86106372;0.0001;0.0;0.0001
2017-07-20 22:00:00+00:00;1.066e-05;0.0;0;0;0;0.0;0.491;0.491;0.46587187;0.32234867;0.0001;0.0;0.0001
2017-07-20 23:00:00+00:00;5.3e-07;0.0;0;0;0;0.0;0.395;0.395;0.421777;0.20180652;0.0001;0.0;0.0001
2017-07-21 00:00:00+00:00;1.33e-06;0.0;0;0;0;0.0;0.352;0.352;0.33515201;0.17708861;0.0001;0.0;0.0001
2017-07-21 01:00:00+00:00;2.93e-06;0.0;0;0;0;0.0;0.332;0.332;0.31364026;0.17708861;0.0001;0.0;0.0001
2017-07-21 02:00:00+00:00;4.18e-06;0.0;0;0;0;0.0;0.341;0.341;0.29405977;0.17878161;0.0001;0.0;0.0001
2017-07-21 03:00:00+00:00;5.44e-06;0.0;0;0;0;0.0;0.344;0.344;0.28337438;0.18352204;0.0001;0.0;0.0001
2017-07-21 04:00:00+00:00;7.59e-06;0.0;0;0;0;0.0;0.354;0.354;0.28152769;0.19300288;0.0001;0.0;0.0001
2017-07-21 05:00:00+00:00;8.339e-05;0.0;0;0;0;0.0;0.343;0.343;0.31910983;0.21501198;0.0001;0.0;0.0001
2017-07-21 06:00:00+00:00;0.00062937;1.1e-07;0;0;0;0.003;0.283;0.283;0.31802437;0.21568918;0.0001;0.005;0.0001
2017-07-21 07:00:00+00:00;0.00083685;0.00044126;0;0;0;0.187;0.112;0.112;0.39621946;0.26580221;0.0001;0.176;0.0001
2017-07-21 08:00:00+00:00;0.00065156;0.00165544;0;0;0;0.39;0.074;0.074;0.43698748;0.2641092;0.0001;0.408;0.0001
2017-07-21 09:00:00+00:00;0.00010533;0.00242176;0;0;0;0.541;0.31;0.31;0.42824745;0.26851102;0.0001;0.612;0.0001
2017-07-21 10:00:00+00:00;1.859e-05;0.00166856;0;0;0;0.638;0.28;0.28;0.41674444;0.24006849;0.0001;0.764;0.0001
2017-07-21 11:00:00+00:00;1.928e-05;0.00047035;0;0;0;0.686;0.171;0.171;0.39524678;0.23905269;0.0001;0.847;0.0001
2017-07-21 12:00:00+00:00;1.92e-05;1.61e-06;0;0;0;0.692;0.106;0.106;0.38370148;0.21365757;0.0001;0.863;0.0001
2017-07-21 13:00:00+00:00;1.844e-05;7.4e-07;0;0;0;0.654;0.066;0.066;0.42971351;0.21636638;0.0001;0.806;0.0001
2017-07-21 14:00:00+00:00;1.74e-05;1.2e-07;0;0;0;0.574;0.044;0.044;0.44365527;0.20045211;0.0001;0.684;0.0001
2017-07-21 15:00:00+00:00;1.952e-05;0.0;0;0;0;0.444;0.038;0.038;0.44252753;0.40903066;0.0001;0.5;0.0001
2017-07-21 16:00:00+00:00;2.177e-05;0.0;0;0;0;0.265;0.044;0.044;0.4444165;0.41512549;0.0001;0.271;0.0001
2017-07-21 17:00:00+00:00;6.772e-05;0.0002792;0;0;0;0.063;0.084;0.084;0.44283766;0.74187598;0.0001;0.062;0.0001
2017-07-21 18:00:00+00:00;0.00068992;0.00178853;0;0;0;0.0;0.169;0.169;0.69426863;0.88679744;0.0001;0.0;0.0001
2017-07-21 19:00:00+00:00;0.00071462;0.00179758;0;0;0;0.0;0.26;0.26;0.67939648;0.89356947;0.0001;0.0;0.0001
2017-07-21 20:00:00+00:00;7.924e-05;0.00029945;0;0;0;0.0;0.332;0.332;0.59910096;0.88747464;0.0001;0.0;0.0001
2017-07-21 21:00:00+00:00;1.696e-05;0.0;0;0;0;0.0;0.375;0.375;0.53463618;0.84413364;0.0001;0.0;0.0001
2017-07-21 22:00:00+00:00;1.066e-05;0.0;0;0;0;0.0;0.427;0.427;0.4564129;0.32234867;0.0001;0.0;0.0001
2017-07-21 23:00:00+00:00;6e-07;0.0;0;0;0;0.0;0.474;0.474;0.44241475;0.19943631;0.0001;0.0;0.0001
2017-07-22 00:00:00+00:00;1.77e-06;0.0;0;0;0;0.0;0.478;0.478;0.35454924;0.18182903;0.0001;0.0;0.0001
2017-07-22 01:00:00+00:00;4.06e-06;0.0;0;0;0;0.0;0.429;0.429;0.30979182;0.18149043;0.0001;0.0;0.0001
2017-07-22 02:00:00+00:00;5.28e-06;0.0;0;0;0;0.0;0.398;0.398;0.3125689;0.17776581;0.0001;0.0;0.0001
2017-07-22 03:00:00+00:00;6.8e-06;0.0;0;0;0;0.0;0.315;0.315;0.3090306;0.18453784;0.0001;0.0;0.0001
2017-07-22 04:00:00+00:00;9.23e-06;0.0;0;0;0;0.0;0.258;0.258;0.3334181;0.19232568;0.0001;0.0;0.0001
2017-07-22 05:00:00+00:00;8.698e-05;0.0;0;0;0;0.0;0.233;0.233;0.39975776;0.21501198;0.0001;0.0;0.0001
2017-07-22 06:00:00+00:00;0.00064076;1.3e-07;0;0;0;0.003;0.199;0.199;0.41993032;0.21433478;0.0001;0.005;0.0001
2017-07-22 07:00:00+00:00;0.00083524;0.00043757;0;0;0;0.189;0.076;0.076;0.44141388;0.26681802;0.0001;0.178;0.0001
2017-07-22 08:00:00+00:00;0.00064976;0.0016491;0;0;0;0.391;0.019;0.019;0.45869659;0.26681802;0.0001;0.41;0.0001
2017-07-22 09:00:00+00:00;0.0001052;0.00241402;0;0;0;0.537;0.159;0.159;0.44509315;0.27359005;0.0001;0.614;0.0001
2017-07-22 10:00:00+00:00;2.111e-05;0.00164899;0;0;0;0.635;0.217;0.217;0.42741573;0.2410843;0.0001;0.767;0.0001
2017-07-22 11:00:00+00:00;2.097e-05;0.00046437;0;0;0;0.686;0.164;0.164;0.41502462;0.24040709;0.0001;0.854;0.0001
2017-07-22 12:00:00+00:00;2.192e-05;7.7e-07;0;0;0;0.692;0.117;0.117;0.37765394;0.21433478;0.0001;0.87;0.0001
2017-07-22 13:00:00+00:00;2.076e-05;1.1e-07;0;0;0;0.655;0.075;0.075;0.4612763;0.21061016;0.0001;0.813;0.0001
2017-07-22 14:00:00+00:00;2.101e-05;0.0;0;0;0;0.574;0.051;0.051;0.46829652;0.1970661;0.0001;0.688;0.0001
2017-07-22 15:00:00+00:00;2.26e-05;0.0;0;0;0;0.444;0.04;0.04;0.43319543;0.20553114;0.0001;0.503;0.0001
2017-07-22 16:00:00+00:00;2.446e-05;0.0;0;0;0;0.266;0.04;0.04;0.42397611;0.39785681;0.0001;0.274;0.0001
2017-07-22 17:00:00+00:00;7.312e-05;0.00028555;0;0;0;0.064;0.055;0.055;0.44568522;0.74255318;0.0001;0.064;0.0001
2017-07-22 18:00:00+00:00;0.00069004;0.00179764;0;0;0;0.0;0.087;0.087;0.70252937;0.89086066;0.0001;0.0;0.0001
2017-07-22 19:00:00+00:00;0.00071947;0.00180998;0;0;0;0.0;0.12;0.12;0.671756;0.88781324;0.0001;0.0;0.0001
2017-07-22 20:00:00+00:00;7.897e-05;0.00030173;0;0;0;0.0;0.141;0.141;0.59134771;0.88679744;0.0001;0.0;0.0001
2017-07-22 21:00:00+00:00;1.822e-05;0.0;0;0;0;0.0;0.144;0.144;0.5123632;0.84277924;0.0001;0.0;0.0001
2017-07-22 22:00:00+00:00;1.161e-05;0.0;0;0;0;0.0;0.136;0.136;0.50129719;0.5478573;0.0001;0.0;0.0001
2017-07-22 23:00:00+00:00;1.16e-06;0.0;0;0;0;0.0;0.142;0.142;0.47923566;0.20180652;0.0001;0.0;0.0001
2017-07-23 00:00:00+00:00;1.61e-06;0.0;0;0;0;0.0;0.182;0.182;0.41099293;0.18047462;0.0001;0.0;0.0001
2017-07-23 01:00:00+00:00;3.5e-06;0.0;0;0;0;0.0;0.241;0.241;0.35470431;0.17945882;0.0001;0.0;0.0001
2017-07-23 02:00:00+00:00;5.32e-06;0.0;0;0;0;0.0;0.302;0.302;0.34950258;0.17810441;0.0001;0.0;0.0001
2017-07-23 03:00:00+00:00;6.95e-06;0.0;0;0;0;0.0;0.321;0.321;0.34361011;0.1764114;0.0001;0.0;0.0001
2017-07-23 04:00:00+00:00;9.16e-06;0.0;0;0;0;0.0;0.26;0.26;0.32074506;0.19097127;0.0001;0.0;0.0001
2017-07-23 05:00:00+00:00;8.604e-05;0.0;0;0;0;0.0;0.178;0.178;0.36365579;0.2194138;0.0001;0.0;0.0001
2017-07-23 06:00:00+00:00;0.00062819;6e-08;0;0;0;0.004;0.132;0.132;0.35576157;0.21501198;0.0001;0.006;0.0001
2017-07-23 07:00:00+00:00;0.00083387;0.00044117;0;0;0;0.194;0.036;0.036;0.32555207;0.25665997;0.0001;0.186;0.0001
2017-07-23 08:00:00+00:00;0.00065839;0.00165976;0;0;0;0.397;0.004;0.004;0.38594287;0.25293535;0.0001;0.42;0.0001
2017-07-23 09:00:00+00:00;0.00010904;0.00242264;0;0;0;0.543;0.01;0.01;0.42169242;0.25259675;0.0001;0.626;0.0001
2017-07-23 10:00:00+00:00;2.006e-05;0.00166923;0;0;0;0.638;0.024;0.024;0.42781044;0.22415422;0.0001;0.78;0.0001
2017-07-23 11:00:00+00:00;2.131e-05;0.0004721;0;0;0;0.686;0.023;0.023;0.42575231;0.2194138;0.0001;0.861;0.0001
2017-07-23 12:00:00+00:00;2.154e-05;9e-07;0;0;0;0.692;0.017;0.017;0.40026525;0.19198707;0.0001;0.875;0.0001
2017-07-23 13:00:00+00:00;1.992e-05;2.3e-07;0;0;0;0.654;0.013;0.013;0.449294;0.1970661;0.0001;0.815;0.0001
2017-07-23 14:00:00+00:00;2.031e-05;3e-08;0;0;0;0.571;0.011;0.011;0.4466297;0.21027156;0.0001;0.687;0.0001
2017-07-23 15:00:00+00:00;2.334e-05;0.0;0;0;0;0.441;0.01;0.01;0.44726406;0.2414229;0.0001;0.498;0.0001
2017-07-23 16:00:00+00:00;2.494e-05;0.0;0;0;0;0.262;0.01;0.01;0.42459637;0.44593823;0.0001;0.268;0.0001
2017-07-23 17:00:00+00:00;7.04e-05;0.00028569;0;0;0;0.061;0.012;0.012;0.44854687;0.74119877;0.0001;0.06;0.0001
2017-07-23 18:00:00+00:00;0.00069238;0.00179963;0;0;0;0.0;0.016;0.016;0.67895947;0.88341142;0.0001;0.0;0.0001
2017-07-23 19:00:00+00:00;0.00071648;0.00182358;0;0;0;0.0;0.024;0.024;0.7001611;0.88950625;0.0001;0.0;0.0001
2017-07-23 20:00:00+00:00;8.251e-05;0.00030758;0;0;0;0.0;0.022;0.022;0.62534925;0.85361449;0.0001;0.0;0.0001
2017-07-23 21:00:00+00:00;1.862e-05;0.0;0;0;0;0.0;0.014;0.014;0.51803012;0.84887406;0.0001;0.0;0.0001
2017-07-23 22:00:00+00:00;1.181e-05;0.0;0;0;0;0.0;0.008;0.008;0.45481996;0.31862405;0.0001;0.0;0.0001
2017-07-23 23:00:00+00:00;1.29e-06;0.0;0;0;0;0.0;0.008;0.008;0.39902473;0.20146792;0.0001;0.0;0.0001
2017-07-24 00:00:00+00:00;1.85e-06;0.0;0;0;0;0.0;0.018;0.018;0.37728742;0.1753956;0.0001;0.0;0.0001
2017-07-24 01:00:00+00:00;3.82e-06;0.0;0;0;0;0.0;0.061;0.061;0.34124184;0.1764114;0.0001;0.0;0.0001
2017-07-24 02:00:00+00:00;5.16e-06;0.0;0;0;0;0.0;0.159;0.159;0.31411955;0.1764114;0.0001;0.0;0.0001
2017-07-24 03:00:00+00:00;6.61e-06;0.0;0;0;0;0.0;0.269;0.269;0.32505869;0.18115182;0.0001;0.0;0.0001
2017-07-24 04:00:00+00:00;8.96e-06;0.0;0;0;0;0.0;0.303;0.303;0.33464453;0.21399617;0.0001;0.0;0.0001
2017-07-24 05:00:00+00:00;8.595e-05;0.0;0;0;0;0.0;0.272;0.272;0.36292276;0.21501198;0.0001;0.0;0.0001
2017-07-24 06:00:00+00:00;0.0006288;1.3e-07;0;0;0;0.003;0.222;0.222;0.32625692;0.21162596;0.0001;0.006;0.0001
2017-07-24 07:00:00+00:00;0.00083242;0.00043133;0;0;0;0.19;0.078;0.078;0.40772247;0.25530556;0.0001;0.181;0.0001
2017-07-24 08:00:00+00:00;0.0006564;0.00166166;0;0;0;0.392;0.015;0.015;0.43594431;0.25259675;0.0001;0.416;0.0001
2017-07-24 09:00:00+00:00;0.00010681;0.00244595;0;0;0;0.537;0.048;0.048;0.44936449;0.25361255;0.0001;0.623;0.0001
2017-07-24 10:00:00+00:00;2.064e-05;0.00167257;0;0;0;0.634;0.071;0.071;0.41594092;0.22347702;0.0001;0.777;0.0001
2017-07-24 11:00:00+00:00;2.124e-05;0.00046306;0;0;0;0.686;0.085;0.085;0.40163264;0.22178401;0.0001;0.865;0.0001
2017-07-24 12:00:00+00:00;2.193e-05;1.19e-06;0;0;0;0.693;0.095;0.095;0.38444861;0.18995546;0.0001;0.882;0.0001
2017-07-24 13:00:00+00:00;2.041e-05;1.7e-07;0;0;0;0.656;0.091;0.091;0.38822656;0.19198707;0.0001;0.824;0.0001
2017-07-24 14:00:00+00:00;2.057e-05;0.0;0;0;0;0.574;0.087;0.087;0.41706866;0.21772079;0.0001;0.695;0.0001
2017-07-24 15:00:00+00:00;2.278e-05;0.0;0;0;0;0.445;0.084;0.084;0.45379089;0.23126485;0.0001;0.508;0.0001
2017-07-24 16:00:00+00:00;2.359e-05;0.0;0;0;0;0.267;0.08;0.08;0.44472663;0.44627683;0.0001;0.278;0.0001
2017-07-24 17:00:00+00:00;6.997e-05;0.00028133;0;0;0;0.065;0.081;0.081;0.43418221;0.74255318;0.0001;0.064;0.0001
2017-07-24 18:00:00+00:00;0.00070147;0.00180369;0;0;0;0.0;0.091;0.091;0.59873444;0.89086066;0.0001;0.0;0.0001
2017-07-24 19:00:00+00:00;0.0007161;0.00183718;0;0;0;0.0;0.103;0.103;0.59852299;0.88510443;0.0001;0.0;0.0001
2017-07-24 20:00:00+00:00;8.091e-05;0.00031045;0;0;0;0.0;0.112;0.112;0.55937611;0.8563233;0.0001;0.0;0.0001
2017-07-24 21:00:00+00:00;1.838e-05;0.0;0;0;0;0.0;0.106;0.106;0.49334658;0.83939322;0.0001;0.0;0.0001
2017-07-24 22:00:00+00:00;1.151e-05;0.0;0;0;0;0.0;0.095;0.095;0.43609938;0.31896265;0.0001;0.0;0.0001
2017-07-24 23:00:00+00:00;1.13e-06;0.0;0;0;0;0.0;0.111;0.111;0.38456138;0.19503449;0.0001;0.0;0.0001
2017-07-25 00:00:00+00:00;1.66e-06;0.0;0;0;0;0.0;0.18;0.18;0.34766999;0.175057;0.0001;0.0;0.0001
2017-07-25 01:00:00+00:00;4e-06;0.0;0;0;0;0.0;0.269;0.269;0.3454145;0.17776581;0.0001;0.0;0.0001
2017-07-25 02:00:00+00:00;5.27e-06;0.0;0;0;0;0.0;0.298;0.298;0.31729134;0.17776581;0.0001;0.0;0.0001
2017-07-25 03:00:00+00:00;6.87e-06;0.0;0;0;0;0.0;0.301;0.301;0.30334957;0.17471839;0.0001;0.0;0.0001
2017-07-25 04:00:00+00:00;9.23e-06;0.0;0;0;0;0.0;0.269;0.269;0.3032509;0.18081322;0.0001;0.0;0.0001
2017-07-25 05:00:00+00:00;8.664e-05;0.0;0;0;0;0.0;0.207;0.207;0.30086853;0.2190752;0.0001;0.0;0.0001
2017-07-25 06:00:00+00:00;0.00063767;1.2e-07;0;0;0;0.004;0.149;0.149;0.24183103;0.21331897;0.0001;0.006;0.0001
2017-07-25 07:00:00+00:00;0.00082604;0.00043482;0;0;0;0.19;0.04;0.04;0.29277696;0.25327395;0.0001;0.182;0.0001
2017-07-25 08:00:00+00:00;0.00065717;0.00165818;0;0;0;0.391;0.01;0.01;0.36757471;0.17099378;0.0001;0.417;0.0001
2017-07-25 09:00:00+00:00;0.00010949;0.00245098;0;0;0;0.537;0.049;0.049;0.37920459;0.17810441;0.0001;0.622;0.0001
2017-07-25 10:00:00+00:00;2.021e-05;0.0016919;0;0;0;0.632;0.096;0.096;0.39153931;0.14390565;0.0001;0.775;0.0001
2017-07-25 11:00:00+00:00;2.09e-05;0.00047698;0;0;0;0.683;0.121;0.121;0.40308461;0.14492146;0.0001;0.862;0.0001
2017-07-25 12:00:00+00:00;2.216e-05;1.44e-06;0;0;0;0.69;0.137;0.137;0.44337334;0.18386064;0.0001;0.876;0.0001
2017-07-25 13:00:00+00:00;2.115e-05;8.2e-07;0;0;0;0.654;0.148;0.148;0.48330964;0.18182903;0.0001;0.818;0.0001
2017-07-25 14:00:00+00:00;2.163e-05;5e-08;0;0;0;0.572;0.154;0.154;0.43595841;0.18081322;0.0001;0.69;0.0001
2017-07-25 15:00:00+00:00;2.335e-05;0.0;0;0;0;0.443;0.153;0.153;0.41567308;0.39751821;0.0001;0.503;0.0001
2017-07-25 16:00:00+00:00;2.462e-05;0.0;0;0;0;0.266;0.145;0.145;0.4444165;0.40666045;0.0001;0.275;0.0001
2017-07-25 17:00:00+00:00;7.152e-05;0.00027872;0;0;0;0.064;0.141;0.141;0.44850458;0.55327492;0.0001;0.063;0.0001
2017-07-25 18:00:00+00:00;0.00068969;0.00182201;0;0;0;0.0;0.211;0.211;0.59030454;0.85327588;0.0001;0.0;0.0001
2017-07-25 19:00:00+00:00;0.00072039;0.00183113;0;0;0;0.0;0.292;0.292;0.59013538;0.89153786;0.0001;0.0;0.0001
2017-07-25 20:00:00+00:00;8.063e-05;0.00030946;0;0;0;0.0;0.347;0.347;0.57634869;0.88713604;0.0001;0.0;0.0001
2017-07-25 21:00:00+00:00;1.835e-05;0.0;0;0;0;0.0;0.392;0.392;0.52634725;0.83295979;0.0001;0.0;0.0001
2017-07-25 22:00:00+00:00;1.164e-05;0.0;0;0;0;0.0;0.416;0.416;0.45026668;0.32641189;0.0001;0.0;0.0001
2017-07-25 23:00:00+00:00;1.21e-06;0.0;0;0;0;0.0;0.379;0.379;0.3693932;0.1970661;0.0001;0.0;0.0001
2017-07-26 00:00:00+00:00;1.81e-06;0.0;0;0;0;0.0;0.372;0.372;0.32820228;0.17268679;0.0001;0.0;0.0001
2017-07-26 01:00:00+00:00;3.62e-06;0.0;0;0;0;0.0;0.408;0.408;0.26609167;0.17471839;0.0001;0.0;0.0001
2017-07-26 02:00:00+00:00;5.33e-06;0.0;0;0;0;0.0;0.428;0.428;0.25743622;0.17370259;0.0001;0.0;0.0001
2017-07-26 03:00:00+00:00;7.02e-06;0.0;0;0;0;0.0;0.408;0.408;0.24497462;0.17776581;0.0001;0.0;0.0001
2017-07-26 04:00:00+00:00;9.19e-06;0.0;0;0;0;0.0;0.323;0.323;0.25057106;0.19571169;0.0001;0.0;0.0001
2017-07-26 05:00:00+00:00;8.588e-05;0.0;0;0;0;0.0;0.261;0.261;0.32769479;0.21467338;0.0001;0.0;0.0001
2017-07-26 06:00:00+00:00;0.00063336;7e-08;0;0;0;0.003;0.211;0.211;0.32704634;0.21704359;0.0001;0.005;0.0001
2017-07-26 07:00:00+00:00;0.0008264;0.00042951;0;0;0;0.182;0.067;0.067;0.42217171;0.25090374;0.0001;0.169;0.0001
2017-07-26 08:00:00+00:00;0.00066317;0.00165825;0;0;0;0.382;0.03;0.03;0.43973636;0.25428976;0.0001;0.403;0.0001
2017-07-26 09:00:00+00:00;0.00010891;0.00243183;0;0;0;0.528;0.156;0.156;0.47028418;0.25428976;0.0001;0.609;0.0001
2017-07-26 10:00:00+00:00;2.154e-05;0.00166213;0;0;0;0.625;0.246;0.246;0.48233696;0.22347702;0.0001;0.761;0.0001
2017-07-26 11:00:00+00:00;2.11e-05;0.00046874;0;0;0;0.676;0.286;0.286;0.48870873;0.22178401;0.0001;0.847;0.0001
2017-07-26 12:00:00+00:00;2.172e-05;1.27e-06;0;0;0;0.683;0.32;0.32;0.41515149;0.18792386;0.0001;0.86;0.0001
2017-07-26 13:00:00+00:00;2.043e-05;3.3e-07;0;0;0;0.645;0.337;0.337;0.39916569;0.22787884;0.0001;0.8;0.0001
2017-07-26 14:00:00+00:00;2.032e-05;9e-08;0;0;0;0.564;0.338;0.338;0.43767822;0.24040709;0.0001;0.673;0.0001
2017-07-26 15:00:00+00:00;2.297e-05;0.0;0;0;0;0.434;0.329;0.329;0.4706225;0.23126485;0.0001;0.484;0.0001
2017-07-26 16:00:00+00:00;2.445e-05;0.0;0;0;0;0.257;0.314;0.314;0.44096278;0.45237166;0.0001;0.257;0.0001
2017-07-26 17:00:00+00:00;6.941e-05;0.00028303;0;0;0;0.059;0.292;0.292;0.47847443;0.74289178;0.0001;0.055;0.0001
2017-07-26 18:00:00+00:00;0.00068608;0.00179775;0;0;0;0.0;0.417;0.417;0.63821965;0.88849045;0.0001;0.0;0.0001
2017-07-26 19:00:00+00:00;0.00072138;0.00182201;0;0;0;0.0;0.532;0.532;0.6859656;0.89018345;0.0001;0.0;0.0001
2017-07-26 20:00:00+00:00;8.223e-05;0.00031005;0;0;0;0.0;0.562;0.562;0.61818806;0.84819686;0.0001;0.0;0.0001
2017-07-26 21:00:00+00:00;1.816e-05;0.0;0;0;0;0.0;0.481;0.481;0.53123885;0.83533;0.0001;0.0;0.0001
2017-07-26 22:00:00+00:00;1.171e-05;0.0;0;0;0;0.0;0.407;0.407;0.45341028;0.31625384;0.0001;0.0;0.0001
2017-07-26 23:00:00+00:00;1.08e-06;0.0;0;0;0;0.0;0.347;0.347;0.39547233;0.19605029;0.0001;0.0;0.0001
2017-07-27 00:00:00+00:00;1.38e-06;0.0;0;0;0;0.0;0.295;0.295;0.34107268;0.17370259;0.0001;0.0;0.0001
2017-07-27 01:00:00+00:00;2.91e-06;0.0;0;0;0;0.0;0.255;0.255;0.27342202;0.17437979;0.0001;0.0;0.0001
2017-07-27 02:00:00+00:00;4.22e-06;0.0;0;0;0;0.0;0.208;0.208;0.25925471;0.1757342;0.0001;0.0;0.0001
2017-07-27 03:00:00+00:00;5.44e-06;0.0;0;0;0;0.0;0.169;0.169;0.25625208;0.19198707;0.0001;0.0;0.0001
2017-07-27 04:00:00+00:00;7.61e-06;0.0;0;0;0;0.0;0.14;0.14;0.26128465;0.19605029;0.0001;0.0;0.0001
2017-07-27 05:00:00+00:00;8.43e-05;0.0;0;0;0;0.0;0.117;0.117;0.31230106;0.1970661;0.0001;0.0;0.0001
2017-07-27 06:00:00+00:00;0.00063142;1.2e-07;0;0;0;0.003;0.096;0.096;0.35291401;0.21704359;0.0001;0.005;0.0001
2017-07-27 07:00:00+00:00;0.00082894;0.00044363;0;0;0;0.183;0.033;0.033;0.37537025;0.25259675;0.0001;0.17;0.0001
2017-07-27 08:00:00+00:00;0.00065637;0.00166227;0;0;0;0.382;0.005;0.005;0.43805883;0.24921073;0.0001;0.4;0.0001
2017-07-27 09:00:00+00:00;0.00010734;0.00242898;0;0;0;0.525;0.005;0.005;0.44748961;0.25090374;0.0001;0.603;0.0001
2017-07-27 10:00:00+00:00;1.799e-05;0.0016731;0;0;0;0.62;0.001;0.001;0.43442185;0.22144541;0.0001;0.752;0.0001
2017-07-27 11:00:00+00:00;1.889e-05;0.00046622;0;0;0;0.669;0.0;0.0;0.4013789;0.2190752;0.0001;0.832;0.0001
2017-07-27 12:00:00+00:00;1.941e-05;6.1e-07;0;0;0;0.673;0.001;0.001;0.39764324;0.19063267;0.0001;0.842;0.0001
2017-07-27 13:00:00+00:00;1.744e-05;3.1e-07;0;0;0;0.634;0.001;0.001;0.40061767;0.22652443;0.0001;0.778;0.0001
2017-07-27 14:00:00+00:00;1.857e-05;4e-08;0;0;0;0.553;0.005;0.005;0.41052774;0.22720164;0.0001;0.651;0.0001
2017-07-27 15:00:00+00:00;2.032e-05;0.0;0;0;0;0.421;0.025;0.025;0.40817357;0.23566667;0.0001;0.46;0.0001
2017-07-27 16:00:00+00:00;2.194e-05;0.0;0;0;0;0.245;0.08;0.08;0.44120243;0.44593823;0.0001;0.234;0.0001
2017-07-27 17:00:00+00:00;6.863e-05;0.00028219;0;0;0;0.053;0.238;0.238;0.50477911;0.75440424;0.0001;0.046;0.0001
2017-07-27 18:00:00+00:00;0.00068281;0.0018021;0;0;0;0.0;0.392;0.392;0.64163108;0.89018345;0.0001;0.0;0.0001
2017-07-27 19:00:00+00:00;0.00072495;0.00182263;0;0;0;0.0;0.452;0.452;0.65983008;0.88476583;0.0001;0.0;0.0001
2017-07-27 20:00:00+00:00;7.895e-05;0.00030562;0;0;0;0.0;0.483;0.483;0.62145853;0.85022847;0.0001;0.0;0.0001
2017-07-27 21:00:00+00:00;1.699e-05;0.0;0;0;0;0.0;0.713;0.713;0.51629621;0.84413364;0.0001;0.0;0.0001
2017-07-27 22:00:00+00:00;1.066e-05;0.0;0;0;0;0.0;0.83;0.83;0.45326931;0.31422223;0.0001;0.0;0.0001
2017-07-27 23:00:00+00:00;5.1e-07;0.0;0;0;0;0.0;0.852;0.852;0.39386529;0.19571169;0.0001;0.0;0.0001
2017-07-28 00:00:00+00:00;1.32e-06;0.0;0;0;0;0.0;0.872;0.872;0.36251395;0.17302539;0.0001;0.0;0.0001
2017-07-28 01:00:00+00:00;2.9e-06;0.0;0;0;0;0.0;0.878;0.878;0.32160496;0.17404119;0.0001;0.0;0.0001
2017-07-28 02:00:00+00:00;4.18e-06;0.0;0;0;0;0.0;0.867;0.867;0.32646837;0.17336399;0.0001;0.0;0.0001
2017-07-28 03:00:00+00:00;5.47e-06;0.0;0;0;0;0.0;0.847;0.847;0.31894066;0.17471839;0.0001;0.0;0.0001
2017-07-28 04:00:00+00:00;7.59e-06;0.0;0;0;0;0.0;0.804;0.804;0.33244542;0.19368008;0.0001;0.0;0.0001
2017-07-28 05:00:00+00:00;8.463e-05;0.0;0;0;0;0.0;0.718;0.718;0.38148828;0.19571169;0.0001;0.0;0.0001
2017-07-28 06:00:00+00:00;0.00062764;2.3e-07;0;0;0;0.002;0.66;0.66;0.43292759;0.21162596;0.0001;0.003;0.0001
2017-07-28 07:00:00+00:00;0.0008282;0.00043635;0;0;0;0.163;0.69;0.69;0.44117423;0.25158095;0.0001;0.137;0.0001
2017-07-28 08:00:00+00:00;0.0006618;0.00165021;0;0;0;0.365;0.802;0.802;0.42628798;0.25327395;0.0001;0.362;0.0001
2017-07-28 09:00:00+00:00;0.00010444;0.00240689;0;0;0;0.52;0.739;0.739;0.43058752;0.25428976;0.0001;0.568;0.0001
2017-07-28 10:00:00+00:00;1.845e-05;0.00164925;0;0;0;0.621;0.606;0.606;0.42984039;0.22110681;0.0001;0.723;0.0001
2017-07-28 11:00:00+00:00;1.799e-05;0.00047046;0;0;0;0.668;0.478;0.478;0.4084555;0.2204296;0.0001;0.8;0.0001
2017-07-28 12:00:00+00:00;1.773e-05;8.9e-07;0;0;0;0.673;0.414;0.414;0.34664093;0.19164847;0.0001;0.815;0.0001
2017-07-28 13:00:00+00:00;1.83e-05;2.4e-07;0;0;0;0.634;0.382;0.382;0.37305837;0.18995546;0.0001;0.756;0.0001
2017-07-28 14:00:00+00:00;1.897e-05;7e-08;0;0;0;0.56;0.35;0.35;0.43384388;0.21535058;0.0001;0.65;0.0001
2017-07-28 15:00:00+00:00;2.014e-05;0.0;0;0;0;0.43;0.357;0.357;0.465745;0.23024905;0.0001;0.466;0.0001
2017-07-28 16:00:00+00:00;2.263e-05;0.0;0;0;0;0.253;0.432;0.432;0.44820855;0.44932425;0.0001;0.243;0.0001
2017-07-28 17:00:00+00:00;6.631e-05;0.00028054;0;0;0;0.058;0.53;0.53;0.48889198;0.74458479;0.0001;0.05;0.0001
2017-07-28 18:00:00+00:00;0.00068428;0.00178926;0;0;0;0.0;0.616;0.616;0.67654892;0.88544303;0.0001;0.0;0.0001
2017-07-28 19:00:00+00:00;0.00072337;0.00180964;0;0;0;0.0;0.649;0.649;0.66139483;0.88645884;0.0001;0.0;0.0001
2017-07-28 20:00:00+00:00;7.953e-05;0.000304;0;0;0;0.0;0.657;0.657;0.57637688;0.85226008;0.0001;0.0;0.0001
2017-07-28 21:00:00+00:00;1.693e-05;0.0;0;0;0;0.0;0.757;0.757;0.47882685;0.84074763;0.0001;0.0;0.0001
2017-07-28 22:00:00+00:00;1.058e-05;0.0;0;0;0;0.0;0.819;0.819;0.44437421;0.31557664;0.0001;0.0;0.0001
2017-07-28 23:00:00+00:00;5.1e-07;0.0;0;0;0;0.0;0.848;0.848;0.45514419;0.19401868;0.0001;0.0;0.0001
2017-07-29 00:00:00+00:00;1.65e-06;0.0;0;0;0;0.0;0.852;0.852;0.38098079;0.17810441;0.0001;0.0;0.0001
2017-07-29 01:00:00+00:00;3.69e-06;0.0;0;0;0;0.0;0.872;0.872;0.3165583;0.17471839;0.0001;0.0;0.0001
2017-07-29 02:00:00+00:00;5.27e-06;0.0;0;0;0;0.0;0.881;0.881;0.31536007;0.17336399;0.0001;0.0;0.0001
2017-07-29 03:00:00+00:00;6.59e-06;0.0;0;0;0;0.0;0.869;0.869;0.40253484;0.17878161;0.0001;0.0;0.0001
2017-07-29 04:00:00+00:00;9.19e-06;0.0;0;0;0;0.0;0.839;0.839;0.30671872;0.19164847;0.0001;0.0;0.0001
2017-07-29 05:00:00+00:00;8.722e-05;0.0;0;0;0;0.0;0.823;0.823;0.34954487;0.19503449;0.0001;0.0;0.0001
2017-07-29 06:00:00+00:00;0.00062578;3.2e-07;0;0;0;0.004;0.815;0.815;0.4004767;0.21128736;0.0001;0.005;0.0001
2017-07-29 07:00:00+00:00;0.00083306;0.00043221;0;0;0;0.184;0.842;0.842;0.42854348;0.25564416;0.0001;0.168;0.0001
2017-07-29 08:00:00+00:00;0.00065437;0.00164712;0;0;0;0.386;0.902;0.902;0.44554425;0.25191955;0.0001;0.4;0.0001
2017-07-29 09:00:00+00:00;0.00011212;0.00242947;0;0;0;0.534;0.882;0.882;0.39788288;0.24988794;0.0001;0.606;0.0001
2017-07-29 10:00:00+00:00;2.078e-05;0.00167243;0;0;0;0.632;0.793;0.793;0.37785129;0.2197524;0.0001;0.759;0.0001
2017-07-29 11:00:00+00:00;2.158e-05;0.00046604;0;0;0;0.683;0.64;0.64;0.33265687;0.220091;0.0001;0.846;0.0001
2017-07-29 12:00:00+00:00;2.205e-05;9.5e-07;0;0;0;0.69;0.492;0.492;0.33558901;0.19164847;0.0001;0.862;0.0001
2017-07-29 13:00:00+00:00;2.087e-05;6e-07;0;0;0;0.652;0.375;0.375;0.38453319;0.18724665;0.0001;0.802;0.0001
2017-07-29 14:00:00+00:00;2.06e-05;9e-08;0;0;0;0.547;0.285;0.285;0.4488711;0.21772079;0.0001;0.626;0.0001
2017-07-29 15:00:00+00:00;2.2e-05;0.0;0;0;0;0.423;0.233;0.233;0.4355637;0.23261926;0.0001;0.454;0.0001
2017-07-29 16:00:00+00:00;2.363e-05;0.0;0;0;0;0.251;0.208;0.208;0.4408782;0.44763124;0.0001;0.241;0.0001
2017-07-29 17:00:00+00:00;7.2e-05;0.00028661;0;0;0;0.058;0.194;0.194;0.5047932;0.74458479;0.0001;0.051;0.0001
2017-07-29 18:00:00+00:00;0.00070149;0.00180736;0;0;0;0.0;0.332;0.332;0.68191981;0.88950625;0.0001;0.0;0.0001
2017-07-29 19:00:00+00:00;0.00071379;0.00183794;0;0;0;0.0;0.527;0.527;0.67818415;0.88984485;0.0001;0.0;0.0001
2017-07-29 20:00:00+00:00;8.163e-05;0.00031302;0;0;0;0.0;0.551;0.551;0.59915735;0.85496889;0.0001;0.0;0.0001
2017-07-29 21:00:00+00:00;1.828e-05;0.0;0;0;0;0.0;0.515;0.515;0.48700301;0.84379504;0.0001;0.0;0.0001
2017-07-29 22:00:00+00:00;1.207e-05;0.0;0;0;0;0.0;0.481;0.481;0.40483262;0.31219062;0.0001;0.0;0.0001
2017-07-29 23:00:00+00:00;1.35e-06;0.0;0;0;0;0.0;0.418;0.418;0.38120634;0.17370259;0.0001;0.0;0.0001
2017-07-30 00:00:00+00:00;1.83e-06;0.0;0;0;0;0.0;0.425;0.425;0.31901115;0.17878161;0.0001;0.0;0.0001
2017-07-30 01:00:00+00:00;3.9e-06;0.0;0;0;0;0.0;0.42;0.42;0.29236815;0.17471839;0.0001;0.0;0.0001
2017-07-30 02:00:00+00:00;5.18e-06;0.0;0;0;0;0.0;0.449;0.449;0.32159087;0.17708861;0.0001;0.0;0.0001
2017-07-30 03:00:00+00:00;6.84e-06;0.0;0;0;0;0.0;0.39;0.39;0.32562256;0.17437979;0.0001;0.0;0.0001
2017-07-30 04:00:00+00:00;9.33e-06;0.0;0;0;0;0.0;0.304;0.304;0.3423132;0.19435728;0.0001;0.0;0.0001
2017-07-30 05:00:00+00:00;8.733e-05;0.0;0;0;0;0.0;0.274;0.274;0.35535276;0.19503449;0.0001;0.0;0.0001
2017-07-30 06:00:00+00:00;0.00063291;1.4e-07;0;0;0;0.004;0.269;0.269;0.3809385;0.20857855;0.0001;0.005;0.0001
2017-07-30 07:00:00+00:00;0.00083006;0.00043694;0;0;0;0.181;0.273;0.273;0.39356926;0.25395116;0.0001;0.163;0.0001
2017-07-30 08:00:00+00:00;0.00066065;0.00165273;0;0;0;0.381;0.594;0.594;0.37855614;0.25259675;0.0001;0.391;0.0001
2017-07-30 09:00:00+00:00;0.00011035;0.00243869;0;0;0;0.527;0.518;0.518;0.37186014;0.25428976;0.0001;0.597;0.0001
2017-07-30 10:00:00+00:00;1.987e-05;0.00166677;0;0;0;0.626;0.335;0.335;0.38831114;0.22381562;0.0001;0.752;0.0001
2017-07-30 11:00:00+00:00;2.017e-05;0.00047052;0;0;0;0.674;0.191;0.191;0.37183195;0.22415422;0.0001;0.832;0.0001
2017-07-30 12:00:00+00:00;2.087e-05;8.1e-07;0;0;0;0.684;0.095;0.095;0.36063907;0.19029407;0.0001;0.855;0.0001
2017-07-30 13:00:00+00:00;2.048e-05;2.1e-07;0;0;0;0.65;0.04;0.04;0.41895764;0.23160346;0.0001;0.804;0.0001
2017-07-30 14:00:00+00:00;2.181e-05;4e-08;0;0;0;0.572;0.015;0.015;0.41135945;0.22787884;0.0001;0.686;0.0001
2017-07-30 15:00:00+00:00;2.376e-05;0.0;0;0;0;0.444;0.007;0.007;0.41568717;0.23024905;0.0001;0.5;0.0001
2017-07-30 16:00:00+00:00;2.515e-05;0.0;0;0;0;0.268;0.004;0.004;0.4346756;0.44593823;0.0001;0.273;0.0001
2017-07-30 17:00:00+00:00;7.127e-05;0.00028453;0;0;0;0.066;0.008;0.008;0.47299077;0.74560059;0.0001;0.064;0.0001
2017-07-30 18:00:00+00:00;0.00068487;0.00180022;0;0;0;0.0;0.022;0.022;0.67623879;0.88612024;0.0001;0.0;0.0001
2017-07-30 19:00:00+00:00;0.00071649;0.00183052;0;0;0;0.0;0.063;0.063;0.65861776;0.88916765;0.0001;0.0;0.0001
2017-07-30 20:00:00+00:00;8.351e-05;0.00030987;0;0;0;0.0;0.146;0.146;0.58319974;0.85259868;0.0001;0.0;0.0001
2017-07-30 21:00:00+00:00;1.83e-05;0.0;0;0;0;0.0;0.273;0.273;0.47280751;0.84955127;0.0001;0.0;0.0001
2017-07-30 22:00:00+00:00;1.183e-05;0.0;0;0;0;0.0;0.402;0.402;0.49196509;0.31015901;0.0001;0.0;0.0001
2017-07-30 23:00:00+00:00;1.44e-06;0.0;0;0;0;0.0;0.459;0.459;0.41696998;0.19909771;0.0001;0.0;0.0001
2017-07-31 00:00:00+00:00;1.98e-06;0.0;0;0;0;0.0;0.379;0.379;0.35914481;0.17844301;0.0001;0.0;0.0001
2017-07-31 01:00:00+00:00;3.73e-06;0.0;0;0;0;0.0;0.351;0.351;0.36593948;0.18013602;0.0001;0.0;0.0001
2017-07-31 02:00:00+00:00;5.17e-06;0.0;0;0;0;0.0;0.335;0.335;0.36080823;0.18081322;0.0001;0.0;0.0001
2017-07-31 03:00:00+00:00;6.57e-06;0.0;0;0;0;0.0;0.298;0.298;0.33722425;0.18115182;0.0001;0.0;0.0001
2017-07-31 04:00:00+00:00;9.34e-06;0.0;0;0;0;0.0;0.258;0.258;0.3578479;0.19266428;0.0001;0.0;0.0001
2017-07-31 05:00:00+00:00;8.595e-05;0.0;0;0;0;0.0;0.2;0.2;0.40641146;0.19368008;0.0001;0.0;0.0001
2017-07-31 06:00:00+00:00;0.00062977;4e-08;0;0;0;0.004;0.166;0.166;0.4466438;0.2207682;0.0001;0.006;0.0001
2017-07-31 07:00:00+00:00;0.00082849;0.00044244;0;0;0;0.187;0.058;0.058;0.42417346;0.25124234;0.0001;0.176;0.0001
2017-07-31 08:00:00+00:00;0.00066198;0.00166496;0;0;0;0.389;0.034;0.034;0.38371557;0.25361255;0.0001;0.411;0.0001
2017-07-31 09:00:00+00:00;0.00010884;0.00243346;0;0;0;0.533;0.096;0.096;0.39314635;0.26038459;0.0001;0.618;0.0001
2017-07-31 10:00:00+00:00;1.947e-05;0.00166476;0;0;0;0.629;0.022;0.022;0.39589523;0.22449282;0.0001;0.771;0.0001
2017-07-31 11:00:00+00:00;1.997e-05;0.00047601;0;0;0;0.68;0.003;0.003;0.39688201;0.22246121;0.0001;0.857;0.0001
2017-07-31 12:00:00+00:00;2.043e-05;7.5e-07;0;0;0;0.686;0.001;0.001;0.35115191;0.18995546;0.0001;0.871;0.0001
2017-07-31 13:00:00+00:00;2.136e-05;1.9e-07;0;0;0;0.649;0.002;0.002;0.34413169;0.21568918;0.0001;0.812;0.0001
2017-07-31 14:00:00+00:00;2.158e-05;1.1e-07;0;0;0;0.565;0.006;0.006;0.36568574;0.23058765;0.0001;0.678;0.0001
2017-07-31 15:00:00+00:00;2.281e-05;0.0;0;0;0;0.436;0.014;0.014;0.38808559;0.23295786;0.0001;0.489;0.0001
2017-07-31 16:00:00+00:00;2.464e-05;0.0;0;0;0;0.259;0.023;0.023;0.44794071;0.44559963;0.0001;0.26;0.0001
2017-07-31 17:00:00+00:00;7.226e-05;0.00027292;0;0;0;0.062;0.043;0.043;0.36558706;0.746955;0.0001;0.057;0.0001
2017-07-31 18:00:00+00:00;0.00068811;0.001792;0;0;0;0.0;0.085;0.085;0.54578677;0.89018345;0.0001;0.0;0.0001
2017-07-31 19:00:00+00:00;0.00072573;0.00182936;0;0;0;0.0;0.107;0.107;0.54124759;0.88882905;0.0001;0.0;0.0001
2017-07-31 20:00:00+00:00;8.175e-05;0.00030562;0;0;0;0.0;0.075;0.075;0.54938146;0.86072512;0.0001;0.0;0.0001
2017-07-31 21:00:00+00:00;1.835e-05;0.0;0;0;0;0.0;0.029;0.029;0.49609546;0.85158288;0.0001;0.0;0.0001
2017-07-31 22:00:00+00:00;1.185e-05;0.0;0;0;0;0.0;0.008;0.008;0.46473003;0.31693104;0.0001;0.0;0.0001
2017-07-31 23:00:00+00:00;1.29e-06;0.0;0;0;0;0.0;0.016;0.016;0.45232482;0.1980819;0.0001;0.0;0.0001
2017-08-01 00:00:00+00:00;1.98e-06;0.0;0;0;0;0.0;0.091;0.091;0.67473043;0.18115182;0.0001;0.0;0.0001
2017-08-01 01:00:00+00:00;4e-06;0.0;0;0;0;0.0;0.323;0.323;0.62840826;0.18216763;0.0001;0.0;0.0001
2017-08-01 02:00:00+00:00;5.43e-06;0.0;0;0;0;0.0;0.439;0.439;0.61008239;0.18013602;0.0001;0.0;0.0001
2017-08-01 03:00:00+00:00;6.79e-06;0.0;0;0;0;0.0;0.334;0.334;0.59191158;0.18284483;0.0001;0.0;0.0001
2017-08-01 04:00:00+00:00;9.15e-06;0.0;0;0;0;0.0;0.326;0.326;0.60509211;0.19097127;0.0001;0.0;0.0001
2017-08-01 05:00:00+00:00;8.554e-05;0.0;0;0;0;0.0;0.326;0.326;0.59898819;0.18995546;0.0001;0.0;0.0001
2017-08-01 06:00:00+00:00;0.00063571;1.7e-07;0;0;0;0.003;0.337;0.337;0.66004154;0.25462836;0.0001;0.004;0.0001
2017-08-01 07:00:00+00:00;0.00082666;0.00043895;0;0;0;0.167;0.263;0.263;0.6988501;0.25124234;0.0001;0.14;0.0001
2017-08-01 08:00:00+00:00;0.0006568;0.00166827;0;0;0;0.369;0.806;0.806;0.71662619;0.24277731;0.0001;0.369;0.0001
2017-08-01 09:00:00+00:00;0.0001064;0.00244262;0;0;0;0.516;0.876;0.876;0.70065449;0.27528305;0.0001;0.576;0.0001
2017-08-01 10:00:00+00:00;1.957e-05;0.0016709;0;0;0;0.612;0.852;0.852;0.71775394;0.26173899;0.0001;0.727;0.0001
2017-08-01 11:00:00+00:00;2.132e-05;0.00046669;0;0;0;0.666;0.793;0.793;0.66379129;0.41918871;0.0001;0.82;0.0001
2017-08-01 12:00:00+00:00;2.202e-05;2e-07;0;0;0;0.655;0.711;0.711;0.69429682;0.39650241;0.0001;0.792;0.0001
2017-08-01 13:00:00+00:00;2.072e-05;1.5e-07;0;0;0;0.6;0.63;0.63;0.71945965;0.34368056;0.0001;0.691;0.0001
2017-08-01 14:00:00+00:00;2.073e-05;3e-08;0;0;0;0.543;0.563;0.563;0.7294543;0.39717961;0.0001;0.62;0.0001
2017-08-01 15:00:00+00:00;2.342e-05;0.0;0;0;0;0.393;0.527;0.527;0.71799358;0.47471936;0.0001;0.393;0.0001
2017-08-01 16:00:00+00:00;2.466e-05;0.0;0;0;0;0.211;0.522;0.522;0.71662619;0.47641237;0.0001;0.165;0.0001
2017-08-01 17:00:00+00:00;7.048e-05;0.00028665;0;0;0;0.04;0.515;0.515;0.71336983;0.75338843;0.0001;0.025;0.0001
2017-08-01 18:00:00+00:00;0.00068917;0.00180796;0;0;0;0.0;0.584;0.584;0.7210103;0.88578163;0.0001;0.0;0.0001
2017-08-01 19:00:00+00:00;0.00072337;0.00182874;0;0;0;0.0;0.633;0.633;0.8720014;0.88205702;0.0001;0.0;0.0001
2017-08-01 20:00:00+00:00;8.201e-05;0.00030664;0;0;0;0.0;0.668;0.668;0.7889711;0.88544303;0.0001;0.0;0.0001
2017-08-01 21:00:00+00:00;1.833e-05;0.0;0;0;0;0.0;0.699;0.699;0.73179437;0.84514945;0.0001;0.0;0.0001
2017-08-01 22:00:00+00:00;1.191e-05;0.0;0;0;0;0.0;0.619;0.619;0.7187971;0.56512597;0.0001;0.0;0.0001
2017-08-01 23:00:00+00:00;1.29e-06;0.0;0;0;0;0.0;0.577;0.577;0.72301205;0.17437979;0.0001;0.0;0.0001
2017-08-02 00:00:00+00:00;1.82e-06;0.0;0;0;0;0.0;0.574;0.574;0.66706176;0.25903018;0.0001;0.0;0.0001
2017-08-02 01:00:00+00:00;3.79e-06;0.0;0;0;0;0.0;0.564;0.564;0.64177205;0.25293535;0.0001;0.0;0.0001
2017-08-02 02:00:00+00:00;5.03e-06;0.0;0;0;0;0.0;0.548;0.548;0.57622182;0.25259675;0.0001;0.0;0.0001
2017-08-02 03:00:00+00:00;6.67e-06;0.0;0;0;0;0.0;0.535;0.535;0.55115766;0.25361255;0.0001;0.0;0.0001
2017-08-02 04:00:00+00:00;9.32e-06;0.0;0;0;0;0.0;0.525;0.525;0.56058844;0.25699857;0.0001;0.0;0.0001
2017-08-02 05:00:00+00:00;8.848e-05;0.0;0;0;0;0.0;0.505;0.505;0.57757511;0.25090374;0.0001;0.0;0.0001
2017-08-02 06:00:00+00:00;0.00063303;1.1e-07;0;0;0;0.004;0.474;0.474;0.61263391;0.25564416;0.0001;0.005;0.0001
2017-08-02 07:00:00+00:00;0.00083049;0.0004251;0;0;0;0.179;0.408;0.408;0.59533711;0.25598277;0.0001;0.162;0.0001
2017-08-02 08:00:00+00:00;0.00065951;0.00165392;0;0;0;0.378;0.84;0.84;0.68118677;0.34469637;0.0001;0.392;0.0001
2017-08-02 09:00:00+00:00;0.00010971;0.0024388;0;0;0;0.522;0.825;0.825;0.67065645;0.39243919;0.0001;0.598;0.0001
2017-08-02 10:00:00+00:00;2.149e-05;0.0016815;0;0;0;0.619;0.713;0.713;0.64787598;0.38973037;0.0001;0.75;0.0001
2017-08-02 11:00:00+00:00;2.113e-05;0.00047821;0;0;0;0.666;0.525;0.525;0.67623879;0.54684149;0.0001;0.829;0.0001
2017-08-02 12:00:00+00:00;2.123e-05;9.4e-07;0;0;0;0.672;0.341;0.341;0.61955545;0.55801534;0.0001;0.841;0.0001
2017-08-02 13:00:00+00:00;1.978e-05;5.8e-07;0;0;0;0.635;0.223;0.223;0.63658442;0.56241716;0.0001;0.781;0.0001
2017-08-02 14:00:00+00:00;2.064e-05;5e-08;0;0;0;0.553;0.158;0.158;0.67931189;0.59526151;0.0001;0.651;0.0001
2017-08-02 15:00:00+00:00;2.147e-05;0.0;0;0;0;0.424;0.133;0.133;0.68545811;0.60034053;0.0001;0.463;0.0001
2017-08-02 16:00:00+00:00;2.48e-05;0.0;0;0;0;0.249;0.141;0.141;0.65109005;0.59797032;0.0001;0.24;0.0001
2017-08-02 17:00:00+00:00;7.106e-05;0.00028356;0;0;0;0.058;0.183;0.183;0.68741757;0.80180845;0.0001;0.05;0.0001
2017-08-02 18:00:00+00:00;0.00068747;0.00180178;0;0;0;0.0;0.325;0.325;0.70563067;0.88815184;0.0001;0.0;0.0001
2017-08-02 19:00:00+00:00;0.00072176;0.00183461;0;0;0;0.0;0.475;0.475;0.81238592;0.88239562;0.0001;0.0;0.0001
2017-08-02 20:00:00+00:00;8.059e-05;0.00031528;0;0;0;0.0;0.566;0.566;0.74126744;0.87968681;0.0001;0.0;0.0001
2017-08-02 21:00:00+00:00;1.836e-05;0.0;0;0;0;0.0;0.599;0.599;0.6379941;0.88747464;0.0001;0.0;0.0001
2017-08-02 22:00:00+00:00;1.179e-05;0.0;0;0;0;0.0;0.493;0.493;0.67182648;0.5942457;0.0001;0.0;0.0001
2017-08-02 23:00:00+00:00;1.35e-06;0.0;0;0;0;0.0;0.412;0.412;0.6810881;0.24514752;0.0001;0.0;0.0001
2017-08-03 00:00:00+00:00;1.29e-06;0.0;0;0;0;0.0;0.386;0.386;0.66369261;0.21094876;0.0001;0.0;0.0001
2017-08-03 01:00:00+00:00;2.96e-06;0.0;0;0;0;0.0;0.351;0.351;0.64476058;0.21704359;0.0001;0.0;0.0001
2017-08-03 02:00:00+00:00;4.14e-06;0.0;0;0;0;0.0;0.303;0.303;0.61745503;0.22246121;0.0001;0.0;0.0001
2017-08-03 03:00:00+00:00;5.5e-06;0.0;0;0;0;0.0;0.251;0.251;0.59890361;0.22415422;0.0001;0.0;0.0001
2017-08-03 04:00:00+00:00;7.67e-06;0.0;0;0;0;0.0;0.245;0.245;0.59587279;0.24514752;0.0001;0.0;0.0001
2017-08-03 05:00:00+00:00;8.264e-05;0.0;0;0;0;0.0;0.269;0.269;0.64406983;0.24447031;0.0001;0.0;0.0001
2017-08-03 06:00:00+00:00;0.00062449;1.3e-07;0;0;0;0.005;0.296;0.296;0.69921661;0.24447031;0.0001;0.006;0.0001
2017-08-03 07:00:00+00:00;0.00083299;0.00043435;0;0;0;0.186;0.146;0.146;0.69632676;0.25530556;0.0001;0.171;0.0001
2017-08-03 08:00:00+00:00;0.00066298;0.00165481;0;0;0;0.385;0.15;0.15;0.70657516;0.25530556;0.0001;0.402;0.0001
2017-08-03 09:00:00+00:00;0.00010608;0.00242741;0;0;0;0.531;0.53;0.53;0.70230382;0.25530556;0.0001;0.606;0.0001
2017-08-03 10:00:00+00:00;1.848e-05;0.00166811;0;0;0;0.626;0.455;0.455;0.70189501;0.25530556;0.0001;0.756;0.0001
2017-08-03 11:00:00+00:00;1.829e-05;0.00046281;0;0;0;0.673;0.306;0.306;0.69877961;0.36704407;0.0001;0.833;0.0001
2017-08-03 12:00:00+00:00;1.791e-05;8.9e-07;0;0;0;0.669;0.22;0.22;0.66128206;0.37178449;0.0001;0.823;0.0001
2017-08-03 13:00:00+00:00;1.833e-05;7e-07;0;0;0;0.623;0.169;0.169;0.71828962;0.49842147;0.0001;0.742;0.0001
2017-08-03 14:00:00+00:00;1.915e-05;2e-07;0;0;0;0.556;0.139;0.139;0.70286769;0.46354551;0.0001;0.649;0.0001
2017-08-03 15:00:00+00:00;1.952e-05;0.0;0;0;0;0.416;0.134;0.134;0.68421759;0.49672846;0.0001;0.439;0.0001
2017-08-03 16:00:00+00:00;2.179e-05;0.0;0;0;0;0.238;0.149;0.149;0.6868537;0.50620931;0.0001;0.214;0.0001
2017-08-03 17:00:00+00:00;6.895e-05;0.0002818;0;0;0;0.052;0.189;0.189;0.65206273;0.77709054;0.0001;0.04;0.0001
2017-08-03 18:00:00+00:00;0.00069183;0.00179523;0;0;0;0.0;0.313;0.313;0.74567975;0.83025098;0.0001;0.0;0.0001
2017-08-03 19:00:00+00:00;0.00071257;0.00183184;0;0;0;0.0;0.415;0.415;0.84448439;0.82923518;0.0001;0.0;0.0001
2017-08-03 20:00:00+00:00;8.209e-05;0.00030766;0;0;0;0.0;0.451;0.451;0.77094126;0.82855797;0.0001;0.0;0.0001
2017-08-03 21:00:00+00:00;1.7e-05;0.0;0;0;0;0.0;0.425;0.425;0.70667383;0.83025098;0.0001;0.0;0.0001
2017-08-03 22:00:00+00:00;1.064e-05;0.0;0;0;0;0.0;0.394;0.394;0.66670933;0.54582568;0.0001;0.0;0.0001
2017-08-03 23:00:00+00:00;5.6e-07;0.0;0;0;0;0.0;0.347;0.347;0.68279381;0.23702108;0.0001;0.0;0.0001
2017-08-04 00:00:00+00:00;1.29e-06;0.0;0;0;0;0.0;0.332;0.332;0.6828643;0.23532807;0.0001;0.0;0.0001
2017-08-04 01:00:00+00:00;2.94e-06;0.0;0;0;0;0.0;0.289;0.289;0.68457001;0.23905269;0.0001;0.0;0.0001
2017-08-04 02:00:00+00:00;4.17e-06;0.0;0;0;0;0.0;0.258;0.258;0.68086255;0.23532807;0.0001;0.0;0.0001
2017-08-04 03:00:00+00:00;5.47e-06;0.0;0;0;0;0.0;0.219;0.219;0.68103171;0.23837548;0.0001;0.0;0.0001
2017-08-04 04:00:00+00:00;7.62e-06;0.0;0;0;0;0.0;0.208;0.208;0.68808012;0.25699857;0.0001;0.0;0.0001
2017-08-04 05:00:00+00:00;8.635e-05;0.0;0;0;0;0.0;0.211;0.211;0.69270388;0.24988794;0.0001;0.0;0.0001
2017-08-04 06:00:00+00:00;0.00063575;1.2e-07;0;0;0;0.005;0.21;0.21;0.70024568;0.25530556;0.0001;0.006;0.0001
2017-08-04 07:00:00+00:00;0.00082758;0.00044112;0;0;0;0.186;0.11;0.11;0.69842719;0.25462836;0.0001;0.17;0.0001
2017-08-04 08:00:00+00:00;0.00065765;0.00165626;0;0;0;0.386;0.166;0.166;0.70320601;0.25632137;0.0001;0.402;0.0001
2017-08-04 09:00:00+00:00;0.00010974;0.00243984;0;0;0;0.535;0.5;0.5;0.6925911;0.28747271;0.0001;0.61;0.0001
2017-08-04 10:00:00+00:00;1.903e-05;0.00166963;0;0;0;0.632;0.501;0.501;0.7032483;0.28239369;0.0001;0.766;0.0001
2017-08-04 11:00:00+00:00;1.921e-05;0.00046909;0;0;0;0.682;0.397;0.397;0.70244479;0.29255173;0.0001;0.855;0.0001
2017-08-04 12:00:00+00:00;1.922e-05;1.28e-06;0;0;0;0.687;0.28;0.28;0.68894003;0.45778928;0.0001;0.866;0.0001
2017-08-04 13:00:00+00:00;1.774e-05;3.9e-07;0;0;0;0.648;0.202;0.202;0.69497347;0.46659292;0.0001;0.803;0.0001
2017-08-04 14:00:00+00:00;1.767e-05;6e-08;0;0;0;0.567;0.165;0.165;0.68979993;0.50180748;0.0001;0.676;0.0001
2017-08-04 15:00:00+00:00;2.023e-05;0.0;0;0;0;0.436;0.15;0.15;0.68977174;0.50350049;0.0001;0.486;0.0001
2017-08-04 16:00:00+00:00;2.215e-05;0.0;0;0;0;0.259;0.149;0.149;0.69113913;0.47201055;0.0001;0.256;0.0001
2017-08-04 17:00:00+00:00;6.749e-05;0.00028324;0;0;0;0.062;0.182;0.182;0.68542992;0.74052157;0.0001;0.055;0.0001
2017-08-04 18:00:00+00:00;0.00069079;0.00180347;0;0;0;0.0;0.331;0.331;0.79187504;0.88137981;0.0001;0.0;0.0001
2017-08-04 19:00:00+00:00;0.00070924;0.00183421;0;0;0;0.0;0.525;0.525;0.8839696;0.88239562;0.0001;0.0;0.0001
2017-08-04 20:00:00+00:00;8.064e-05;0.000308;0;0;0;0.0;0.6;0.6;0.77127958;0.87697799;0.0001;0.0;0.0001
2017-08-04 21:00:00+00:00;1.685e-05;0.0;0;0;0;0.0;0.532;0.532;0.73097676;0.8793482;0.0001;0.0;0.0001
2017-08-04 22:00:00+00:00;1.067e-05;0.0;0;0;0;0.0;0.491;0.491;0.6965946;0.35282281;0.0001;0.0;0.0001
2017-08-04 23:00:00+00:00;5.7e-07;0.0;0;0;0;0.0;0.449;0.449;0.68643079;0.23329646;0.0001;0.0;0.0001
2017-08-05 00:00:00+00:00;1.87e-06;0.0;0;0;0;0.0;0.392;0.392;0.41582814;0.14492146;0.0001;0.0;0.0001
2017-08-05 01:00:00+00:00;4.09e-06;0.0;0;0;0;0.0;0.379;0.379;0.38908646;0.14390565;0.0001;0.0;0.0001
2017-08-05 02:00:00+00:00;5.29e-06;0.0;0;0;0;0.0;0.358;0.358;0.37906362;0.14458286;0.0001;0.0;0.0001
2017-08-05 03:00:00+00:00;6.47e-06;0.0;0;0;0;0.0;0.356;0.356;0.36840642;0.14492146;0.0001;0.0;0.0001
2017-08-05 04:00:00+00:00;9.36e-06;0.0;0;0;0;0.0;0.34;0.34;0.37800636;0.14526006;0.0001;0.0;0.0001
2017-08-05 05:00:00+00:00;8.717e-05;0.0;0;0;0;0.0;0.278;0.278;0.3880292;0.14356705;0.0001;0.0;0.0001
2017-08-05 06:00:00+00:00;0.00062911;7e-08;0;0;0;0.005;0.254;0.254;0.32340936;0.13002299;0.0001;0.006;0.0001
2017-08-05 07:00:00+00:00;0.00083146;0.00043961;0;0;0;0.19;0.145;0.145;0.39110231;0.17742721;0.0001;0.178;0.0001
2017-08-05 08:00:00+00:00;0.00066157;0.00166153;0;0;0;0.391;0.462;0.462;0.40519914;0.17810441;0.0001;0.415;0.0001
2017-08-05 09:00:00+00:00;0.00010752;0.00245179;0;0;0;0.536;0.489;0.489;0.43454872;0.17471839;0.0001;0.623;0.0001
2017-08-05 10:00:00+00:00;2.014e-05;0.00167559;0;0;0;0.633;0.179;0.179;0.4413293;0.1760728;0.0001;0.778;0.0001
2017-08-05 11:00:00+00:00;2.108e-05;0.00046547;0;0;0;0.682;0.03;0.03;0.43115139;0.14695307;0.0001;0.861;0.0001
2017-08-05 12:00:00+00:00;2.092e-05;1.34e-06;0;0;0;0.686;0.004;0.004;0.38282747;0.15575671;0.0001;0.868;0.0001
2017-08-05 13:00:00+00:00;2.143e-05;1e-07;0;0;0;0.645;0.001;0.001;0.38788823;0.17675;0.0001;0.799;0.0001
2017-08-05 14:00:00+00:00;2.204e-05;1.1e-07;0;0;0;0.565;0.001;0.001;0.3640646;0.19909771;0.0001;0.673;0.0001
2017-08-05 15:00:00+00:00;2.338e-05;0.0;0;0;0;0.43;0.001;0.001;0.41774531;0.40225863;0.0001;0.473;0.0001
2017-08-05 16:00:00+00:00;2.441e-05;0.0;0;0;0;0.25;0.001;0.001;0.4306721;0.39921122;0.0001;0.237;0.0001
2017-08-05 17:00:00+00:00;7.196e-05;0.00028459;0;0;0;0.056;0.003;0.003;0.55434354;0.6812663;0.0001;0.045;0.0001
2017-08-05 18:00:00+00:00;0.00069431;0.00181126;0;0;0;0.0;0.011;0.011;0.68988451;0.82043154;0.0001;0.0;0.0001
2017-08-05 19:00:00+00:00;0.00071639;0.00183136;0;0;0;0.0;0.032;0.032;0.67901586;0.82212454;0.0001;0.0;0.0001
2017-08-05 20:00:00+00:00;8.147e-05;0.00031299;0;0;0;0.0;0.068;0.068;0.6437597;0.82415615;0.0001;0.0;0.0001
2017-08-05 21:00:00+00:00;1.82e-05;0.0;0;0;0;0.0;0.106;0.106;0.6055996;0.79639083;0.0001;0.0;0.0001
2017-08-05 22:00:00+00:00;1.171e-05;0.0;0;0;0;0.0;0.122;0.122;0.56323864;0.50248469;0.0001;0.0;0.0001
2017-08-05 23:00:00+00:00;1.13e-06;0.0;0;0;0;0.0;0.109;0.109;0.53724409;0.14526006;0.0001;0.0;0.0001
2017-08-06 00:00:00+00:00;1.98e-06;0.0;0;0;0;0.0;0.078;0.078;0.32123845;0.20586974;0.0001;0.0;0.0001
2017-08-06 01:00:00+00:00;3.88e-06;0.0;0;0;0;0.0;0.059;0.059;0.25656221;0.1984205;0.0001;0.0;0.0001
2017-08-06 02:00:00+00:00;5.18e-06;0.0;0;0;0;0.0;0.065;0.065;0.28151359;0.1980819;0.0001;0.0;0.0001
2017-08-06 03:00:00+00:00;6.63e-06;0.0;0;0;0;0.0;0.104;0.104;0.27891978;0.20891715;0.0001;0.0;0.0001
2017-08-06 04:00:00+00:00;9.24e-06;0.0;0;0;0;0.0;0.157;0.157;0.31617768;0.20722414;0.0001;0.0;0.0001
2017-08-06 05:00:00+00:00;8.67e-05;0.0;0;0;0;0.0;0.16;0.16;0.29319986;0.20756274;0.0001;0.0;0.0001
2017-08-06 06:00:00+00:00;0.00062709;2.2e-07;0;0;0;0.005;0.112;0.112;0.32706043;0.20925575;0.0001;0.006;0.0001
2017-08-06 07:00:00+00:00;0.00083314;0.00043925;0;0;0;0.184;0.046;0.046;0.40271809;0.24751773;0.0001;0.165;0.0001
2017-08-06 08:00:00+00:00;0.00065622;0.00165817;0;0;0;0.383;0.012;0.012;0.43817161;0.24684052;0.0001;0.397;0.0001
2017-08-06 09:00:00+00:00;0.00010833;0.00243315;0;0;0;0.528;0.046;0.046;0.43061571;0.24819493;0.0001;0.603;0.0001
2017-08-06 10:00:00+00:00;2.04e-05;0.00167086;0;0;0;0.625;0.024;0.024;0.48050437;0.20722414;0.0001;0.756;0.0001
2017-08-06 11:00:00+00:00;2.166e-05;0.00047017;0;0;0;0.661;0.011;0.011;0.4692974;0.20925575;0.0001;0.81;0.0001
2017-08-06 12:00:00+00:00;2.148e-05;9.6e-07;0;0;0;0.664;0.006;0.006;0.39910931;0.21061016;0.0001;0.812;0.0001
2017-08-06 13:00:00+00:00;2.081e-05;3.2e-07;0;0;0;0.621;0.004;0.004;0.42300343;0.23634388;0.0001;0.739;0.0001
2017-08-06 14:00:00+00:00;2.089e-05;2e-08;0;0;0;0.544;0.003;0.003;0.46453267;0.24887213;0.0001;0.622;0.0001
2017-08-06 15:00:00+00:00;2.258e-05;0.0;0;0;0;0.407;0.005;0.005;0.46718287;0.26106179;0.0001;0.421;0.0001
2017-08-06 16:00:00+00:00;2.444e-05;0.0;0;0;0;0.229;0.011;0.011;0.47311764;0.49198804;0.0001;0.196;0.0001
2017-08-06 17:00:00+00:00;7.081e-05;0.00028422;0;0;0;0.049;0.036;0.036;0.5367789;0.74932521;0.0001;0.034;0.0001
2017-08-06 18:00:00+00:00;0.00070187;0.00180077;0;0;0;0.0;0.121;0.121;0.71724645;0.88510443;0.0001;0.0;0.0001
2017-08-06 19:00:00+00:00;0.00072319;0.00181479;0;0;0;0.0;0.245;0.245;0.70664564;0.88239562;0.0001;0.0;0.0001
2017-08-06 20:00:00+00:00;8.148e-05;0.00030263;0;0;0;0.0;0.371;0.371;0.64460551;0.88307282;0.0001;0.0;0.0001
2017-08-06 21:00:00+00:00;1.842e-05;0.0;0;0;0;0.0;0.448;0.448;0.47767091;0.85496889;0.0001;0.0;0.0001
2017-08-06 22:00:00+00:00;1.188e-05;0.0;0;0;0;0.0;0.452;0.452;0.44407818;0.33724713;0.0001;0.0;0.0001
2017-08-06 23:00:00+00:00;1.19e-06;0.0;0;0;0;0.0;0.375;0.375;0.38812788;0.1980819;0.0001;0.0;0.0001
2017-08-07 00:00:00+00:00;1.71e-06;0.0;0;0;0;0.0;0.286;0.286;0.28316292;0.18318343;0.0001;0.0;0.0001
2017-08-07 01:00:00+00:00;3.72e-06;0.0;0;0;0;0.0;0.216;0.216;0.2726044;0.1764114;0.0001;0.0;0.0001
2017-08-07 02:00:00+00:00;5.19e-06;0.0;0;0;0;0.0;0.163;0.163;0.259297;0.19300288;0.0001;0.0;0.0001
2017-08-07 03:00:00+00:00;6.85e-06;0.0;0;0;0;0.0;0.112;0.112;0.25196665;0.18893966;0.0001;0.0;0.0001
2017-08-07 04:00:00+00:00;9.24e-06;0.0;0;0;0;0.0;0.067;0.067;0.25807057;0.21772079;0.0001;0.0;0.0001
2017-08-07 05:00:00+00:00;8.702e-05;0.0;0;0;0;0.0;0.027;0.027;0.31540236;0.21772079;0.0001;0.0;0.0001
2017-08-07 06:00:00+00:00;0.00063321;2.1e-07;0;0;0;0.005;0.003;0.003;0.30759272;0.22212261;0.0001;0.005;0.0001
2017-08-07 07:00:00+00:00;0.00083231;0.00043162;0;0;0;0.179;0.0;0.0;0.37944424;0.25428976;0.0001;0.156;0.0001
2017-08-07 08:00:00+00:00;0.00066187;0.00165379;0;0;0;0.375;0.0;0.0;0.40643966;0.25259675;0.0001;0.383;0.0001
2017-08-07 09:00:00+00:00;0.00010956;0.00242759;0;0;0;0.517;0.001;0.001;0.41038677;0.25395116;0.0001;0.584;0.0001
2017-08-07 10:00:00+00:00;1.971e-05;0.00167154;0;0;0;0.612;0.011;0.011;0.43071439;0.2204296;0.0001;0.728;0.0001
2017-08-07 11:00:00+00:00;2.03e-05;0.00047575;0;0;0;0.635;0.03;0.03;0.41830918;0.21839799;0.0001;0.746;0.0001
2017-08-07 12:00:00+00:00;2.058e-05;1.03e-06;0;0;0;0.637;0.052;0.052;0.38554816;0.22550863;0.0001;0.744;0.0001
2017-08-07 13:00:00+00:00;2.051e-05;4e-07;0;0;0;0.594;0.069;0.069;0.39885557;0.21636638;0.0001;0.67;0.0001
2017-08-07 14:00:00+00:00;2.039e-05;1.3e-07;0;0;0;0.496;0.077;0.077;0.44269669;0.22957185;0.0001;0.508;0.0001
2017-08-07 15:00:00+00:00;2.267e-05;0.0;0;0;0;0.362;0.076;0.076;0.42965713;0.23092625;0.0001;0.319;0.0001
2017-08-07 16:00:00+00:00;2.542e-05;0.0;0;0;0;0.194;0.07;0.07;0.43237781;0.44526103;0.0001;0.129;0.0001
2017-08-07 17:00:00+00:00;7.111e-05;0.00028316;0;0;0;0.038;0.066;0.066;0.47341367;0.71207904;0.0001;0.019;0.0001
2017-08-07 18:00:00+00:00;0.00069575;0.00180579;0;0;0;0.0;0.075;0.075;0.68337178;0.89255366;0.0001;0.0;0.0001
2017-08-07 19:00:00+00:00;0.00071837;0.00183034;0;0;0;0.0;0.083;0.083;0.69116732;0.88273422;0.0001;0.0;0.0001
2017-08-07 20:00:00+00:00;8.28e-05;0.00031121;0;0;0;0.0;0.088;0.088;0.58862702;0.85869351;0.0001;0.0;0.0001
2017-08-07 21:00:00+00:00;1.828e-05;0.0;0;0;0;0.0;0.09;0.09;0.47355464;0.85090568;0.0001;0.0;0.0001
2017-08-07 22:00:00+00:00;1.187e-05;0.0;0;0;0;0.0;0.087;0.087;0.3929349;0.56614178;0.0001;0.0;0.0001
2017-08-07 23:00:00+00:00;1.22e-06;0.0;0;0;0;0.0;0.084;0.084;0.34965765;0.19029407;0.0001;0.0;0.0001
2017-08-08 00:00:00+00:00;1.64e-06;0.0;0;0;0;0.0;0.088;0.088;0.35931397;0.16083573;0.0001;0.0;0.0001
2017-08-08 01:00:00+00:00;3.7e-06;0.0;0;0;0;0.0;0.113;0.113;0.33797138;0.16015853;0.0001;0.0;0.0001
2017-08-08 02:00:00+00:00;5.34e-06;0.0;0;0;0;0.0;0.163;0.163;0.3289776;0.18081322;0.0001;0.0;0.0001
2017-08-08 03:00:00+00:00;7.22e-06;0.0;0;0;0;0.0;0.234;0.234;0.30918566;0.18386064;0.0001;0.0;0.0001
2017-08-08 04:00:00+00:00;8.82e-06;0.0;0;0;0;0.0;0.259;0.259;0.30064298;0.19164847;0.0001;0.0;0.0001
2017-08-08 05:00:00+00:00;8.607e-05;0.0;0;0;0;0.0;0.235;0.235;0.31452836;0.21467338;0.0001;0.0;0.0001
2017-08-08 06:00:00+00:00;0.00063144;1.3e-07;0;0;0;0.002;0.179;0.179;0.26672602;0.21298037;0.0001;0.001;0.0001
2017-08-08 07:00:00+00:00;0.00083267;0.00043926;0;0;0;0.118;0.061;0.061;0.28182372;0.25124234;0.0001;0.062;0.0001
2017-08-08 08:00:00+00:00;0.0006608;0.00165934;0;0;0;0.309;0.012;0.012;0.30533723;0.25327395;0.0001;0.25;0.0001
2017-08-08 09:00:00+00:00;0.00011139;0.00242819;0;0;0;0.485;0.046;0.046;0.3174464;0.25395116;0.0001;0.505;0.0001
2017-08-08 10:00:00+00:00;2.091e-05;0.00166563;0;0;0;0.603;0.062;0.062;0.33471501;0.25090374;0.0001;0.7;0.0001
2017-08-08 11:00:00+00:00;2.072e-05;0.00047095;0;0;0;0.633;0.069;0.069;0.34740215;0.22110681;0.0001;0.733;0.0001
2017-08-08 12:00:00+00:00;2.161e-05;1.07e-06;0;0;0;0.642;0.078;0.078;0.33814054;0.17878161;0.0001;0.749;0.0001
2017-08-08 13:00:00+00:00;2.137e-05;2.4e-07;0;0;0;0.607;0.084;0.084;0.33330533;0.17708861;0.0001;0.694;0.0001
2017-08-08 14:00:00+00:00;2.064e-05;3e-08;0;0;0;0.511;0.09;0.09;0.38928382;0.18250623;0.0001;0.535;0.0001
2017-08-08 15:00:00+00:00;2.212e-05;0.0;0;0;0;0.387;0.096;0.096;0.41434798;0.18081322;0.0001;0.364;0.0001
2017-08-08 16:00:00+00:00;2.319e-05;0.0;0;0;0;0.221;0.099;0.099;0.41815412;0.39717961;0.0001;0.171;0.0001
2017-08-08 17:00:00+00:00;6.814e-05;0.0002831;0;0;0;0.047;0.097;0.097;0.47121457;0.72663891;0.0001;0.026;0.0001
2017-08-08 18:00:00+00:00;0.00069745;0.00179339;0;0;0;0.0;0.124;0.124;0.60633263;0.85463029;0.0001;0.0;0.0001
2017-08-08 19:00:00+00:00;0.00072093;0.00182103;0;0;0;0.0;0.164;0.164;0.59622521;0.88137981;0.0001;0.0;0.0001
2017-08-08 20:00:00+00:00;8.173e-05;0.00031107;0;0;0;0.0;0.213;0.213;0.54439118;0.8332984;0.0001;0.0;0.0001
2017-08-08 21:00:00+00:00;1.847e-05;0.0;0;0;0;0.0;0.255;0.255;0.47187712;0.81704552;0.0001;0.0;0.0001
2017-08-08 22:00:00+00:00;1.173e-05;0.0;0;0;0;0.0;0.278;0.278;0.39834808;0.31185202;0.0001;0.0;0.0001
2017-08-08 23:00:00+00:00;1.24e-06;0.0;0;0;0;0.0;0.288;0.288;0.3787253;0.16930077;0.0001;0.0;0.0001
2017-08-09 00:00:00+00:00;1.88e-06;0.0;0;0;0;0.0;0.286;0.286;0.33869032;0.15744972;0.0001;0.0;0.0001
2017-08-09 01:00:00+00:00;3.64e-06;0.0;0;0;0;0.0;0.289;0.289;0.33319255;0.16083573;0.0001;0.0;0.0001
2017-08-09 02:00:00+00:00;5.22e-06;0.0;0;0;0;0.0;0.302;0.302;0.32732828;0.15880412;0.0001;0.0;0.0001
2017-08-09 03:00:00+00:00;6.87e-06;0.0;0;0;0;0.0;0.298;0.298;0.33977577;0.18724665;0.0001;0.0;0.0001
2017-08-09 04:00:00+00:00;9.19e-06;0.0;0;0;0;0.0;0.286;0.286;0.33754847;0.18995546;0.0001;0.0;0.0001
2017-08-09 05:00:00+00:00;8.865e-05;0.0;0;0;0;0.0;0.263;0.263;0.3623166;0.18724665;0.0001;0.0;0.0001
2017-08-09 06:00:00+00:00;0.0006346;1.1e-07;0;0;0;0.005;0.224;0.224;0.37773852;0.1974047;0.0001;0.004;0.0001
2017-08-09 07:00:00+00:00;0.00083145;0.00043962;0;0;0;0.17;0.089;0.089;0.37565219;0.21738219;0.0001;0.137;0.0001
2017-08-09 08:00:00+00:00;0.00065909;0.00165306;0;0;0;0.365;0.017;0.017;0.37709007;0.21162596;0.0001;0.357;0.0001
2017-08-09 09:00:00+00:00;0.00010764;0.00242704;0;0;0;0.511;0.102;0.102;0.3534074;0.21535058;0.0001;0.559;0.0001
2017-08-09 10:00:00+00:00;2.007e-05;0.00168088;0;0;0;0.609;0.098;0.098;0.42369417;0.2194138;0.0001;0.709;0.0001
2017-08-09 11:00:00+00:00;2.104e-05;0.0004731;0;0;0;0.642;0.071;0.071;0.39800975;0.17031657;0.0001;0.75;0.0001
2017-08-09 12:00:00+00:00;2.171e-05;1.23e-06;0;0;0;0.65;0.051;0.051;0.39753046;0.16997797;0.0001;0.763;0.0001
2017-08-09 13:00:00+00:00;2.19e-05;3.3e-07;0;0;0;0.601;0.037;0.037;0.41391097;0.17234818;0.0001;0.674;0.0001
2017-08-09 14:00:00+00:00;2.173e-05;1.3e-07;0;0;0;0.488;0.028;0.028;0.43852403;0.1753956;0.0001;0.467;0.0001
2017-08-09 15:00:00+00:00;2.234e-05;0.0;0;0;0;0.287;0.019;0.019;0.49400913;0.17302539;0.0001;0.166;0.0001
2017-08-09 16:00:00+00:00;2.42e-05;0.0;0;0;0;0.165;0.011;0.011;0.42930471;0.23600527;0.0001;0.078;0.0001
2017-08-09 17:00:00+00:00;7.019e-05;0.00028254;0;0;0;0.036;0.009;0.009;0.43728351;0.6805891;0.0001;0.014;0.0001
2017-08-09 18:00:00+00:00;0.00069301;0.00180407;0;0;0;0.0;0.031;0.031;0.64538084;0.88104121;0.0001;0.0;0.0001
2017-08-09 19:00:00+00:00;0.00072108;0.00181016;0;0;0;0.0;0.098;0.098;0.68963077;0.87426918;0.0001;0.0;0.0001
2017-08-09 20:00:00+00:00;8.233e-05;0.00030725;0;0;0;0.0;0.173;0.173;0.57595398;0.87460778;0.0001;0.0;0.0001
2017-08-09 21:00:00+00:00;1.845e-05;0.0;0;0;0;0.0;0.234;0.234;0.49883025;0.83668441;0.0001;0.0;0.0001
2017-08-09 22:00:00+00:00;1.181e-05;0.0;0;0;0;0.0;0.281;0.281;0.39417542;0.44830844;0.0001;0.0;0.0001
2017-08-09 23:00:00+00:00;1.32e-06;0.0;0;0;0;0.0;0.279;0.279;0.30288438;0.16049713;0.0001;0.0;0.0001
2017-08-10 00:00:00+00:00;1.35e-06;0.0;0;0;0;0.0;0.24;0.24;0.48409906;0.15270929;0.0001;0.0;0.0001
2017-08-10 01:00:00+00:00;2.93e-06;0.0;0;0;0;0.0;0.214;0.214;0.42256642;0.15169349;0.0001;0.0;0.0001
2017-08-10 02:00:00+00:00;4.17e-06;0.0;0;0;0;0.0;0.189;0.189;0.39506352;0.15237069;0.0001;0.0;0.0001
2017-08-10 03:00:00+00:00;5.52e-06;0.0;0;0;0;0.0;0.155;0.155;0.3742848;0.15067769;0.0001;0.0;0.0001
2017-08-10 04:00:00+00:00;7.66e-06;0.0;0;0;0;0.0;0.118;0.118;0.3831517;0.18453784;0.0001;0.0;0.0001
2017-08-10 05:00:00+00:00;8.683e-05;0.0;0;0;0;0.0;0.079;0.079;0.40393042;0.18216763;0.0001;0.0;0.0001
2017-08-10 06:00:00+00:00;0.00062726;8e-08;0;0;0;0.0;0.049;0.049;0.46238995;0.18419924;0.0001;0.0;0.0001
2017-08-10 07:00:00+00:00;0.00083536;0.0004384;0;0;0;0.057;0.016;0.016;0.50875441;0.24447031;0.0001;0.009;0.0001
2017-08-10 08:00:00+00:00;0.00065701;0.00166022;0;0;0;0.263;0.002;0.002;0.52024333;0.24684052;0.0001;0.135;0.0001
2017-08-10 09:00:00+00:00;0.00010703;0.00243626;0;0;0;0.438;0.011;0.011;0.50561082;0.24040709;0.0001;0.333;0.0001
2017-08-10 10:00:00+00:00;1.754e-05;0.00168208;0;0;0;0.51;0.007;0.007;0.58831689;0.20993296;0.0001;0.392;0.0001
2017-08-10 11:00:00+00:00;1.76e-05;0.00047637;0;0;0;0.498;0.002;0.002;0.54399647;0.18792386;0.0001;0.313;0.0001
2017-08-10 12:00:00+00:00;1.765e-05;5.1e-07;0;0;0;0.472;0.0;0.0;0.42571001;0.15778832;0.0001;0.254;0.0001
2017-08-10 13:00:00+00:00;1.798e-05;7e-08;0;0;0;0.459;0.0;0.0;0.46860665;0.1540637;0.0001;0.255;0.0001
2017-08-10 14:00:00+00:00;1.81e-05;0.0;0;0;0;0.37;0.0;0.0;0.49009021;0.16388315;0.0001;0.167;0.0001
2017-08-10 15:00:00+00:00;2.076e-05;0.0;0;0;0;0.265;0.0;0.0;0.53563706;0.17708861;0.0001;0.096;0.0001
2017-08-10 16:00:00+00:00;2.341e-05;0.0;0;0;0;0.147;0.0;0.0;0.53817448;0.38634436;0.0001;0.043;0.0001
2017-08-10 17:00:00+00:00;6.866e-05;0.00027982;0;0;0;0.031;0.002;0.002;0.49410781;0.7239301;0.0001;0.007;0.0001
2017-08-10 18:00:00+00:00;0.00068755;0.00180723;0;0;0;0.0;0.018;0.018;0.69859635;0.87596219;0.0001;0.0;0.0001
2017-08-10 19:00:00+00:00;0.00072186;0.00182568;0;0;0;0.0;0.074;0.074;0.73758817;0.8783324;0.0001;0.0;0.0001
2017-08-10 20:00:00+00:00;8.194e-05;0.00030619;0;0;0;0.0;0.16;0.16;0.69990736;0.87054456;0.0001;0.0;0.0001
2017-08-10 21:00:00+00:00;1.694e-05;0.0;0;0;0;0.0;0.241;0.241;0.67774715;0.84718106;0.0001;0.0;0.0001
2017-08-10 22:00:00+00:00;1.064e-05;0.0;0;0;0;0.0;0.244;0.244;0.6171308;0.55666094;0.0001;0.0;0.0001
2017-08-10 23:00:00+00:00;4.9e-07;0.0;0;0;0;0.0;0.195;0.195;0.52421863;0.30982041;0.0001;0.0;0.0001
2017-08-11 00:00:00+00:00;1.34e-06;0.0;0;0;0;0.0;0.237;0.237;0.1220785;0.14153544;0.0001;0.0;0.0001
2017-08-11 01:00:00+00:00;2.97e-06;0.0;0;0;0;0.0;0.301;0.301;0.1243199;0.14119684;0.0001;0.0;0.0001
2017-08-11 02:00:00+00:00;4.16e-06;0.0;0;0;0;0.0;0.383;0.383;0.12706878;0.15000048;0.0001;0.0;0.0001
2017-08-11 03:00:00+00:00;5.48e-06;0.0;0;0;0;0.0;0.422;0.422;0.08938797;0.17471839;0.0001;0.0;0.0001
2017-08-11 04:00:00+00:00;7.69e-06;0.0;0;0;0;0.0;0.469;0.469;0.09536502;0.17708861;0.0001;0.0;0.0001
2017-08-11 05:00:00+00:00;8.793e-05;0.0;0;0;0;0.0;0.488;0.488;0.12853485;0.175057;0.0001;0.0;0.0001
2017-08-11 06:00:00+00:00;0.00063189;1.1e-07;0;0;0;0.003;0.495;0.495;0.18156711;0.1753956;0.0001;0.002;0.0001
2017-08-11 07:00:00+00:00;0.00082848;0.00044312;0;0;0;0.135;0.703;0.703;0.20392467;0.20316092;0.0001;0.07;0.0001
2017-08-11 08:00:00+00:00;0.00065964;0.00166024;0;0;0;0.311;0.853;0.853;0.21785233;0.18115182;0.0001;0.21;0.0001
2017-08-11 09:00:00+00:00;0.00010506;0.00242643;0;0;0;0.438;0.809;0.809;0.21697833;0.18758525;0.0001;0.325;0.0001
2017-08-11 10:00:00+00:00;1.788e-05;0.00166613;0;0;0;0.528;0.708;0.708;0.25719657;0.14356705;0.0001;0.416;0.0001
2017-08-11 11:00:00+00:00;1.851e-05;0.00047071;0;0;0;0.549;0.558;0.558;0.25585737;0.14187405;0.0001;0.413;0.0001
2017-08-11 12:00:00+00:00;1.86e-05;8.1e-07;0;0;0;0.544;0.405;0.405;0.23259761;0.14796887;0.0001;0.398;0.0001
2017-08-11 13:00:00+00:00;1.915e-05;2.2e-07;0;0;0;0.526;0.297;0.297;0.297006;0.14458286;0.0001;0.395;0.0001
2017-08-11 14:00:00+00:00;1.883e-05;5e-08;0;0;0;0.443;0.235;0.235;0.33231855;0.14153544;0.0001;0.301;0.0001
2017-08-11 15:00:00+00:00;2.122e-05;0.0;0;0;0;0.305;0.212;0.212;0.33436259;0.36061064;0.0001;0.156;0.0001
2017-08-11 16:00:00+00:00;2.231e-05;0.0;0;0;0;0.16;0.215;0.215;0.30250377;0.36568966;0.0001;0.058;0.0001
2017-08-11 17:00:00+00:00;7.11e-05;0.00027901;0;0;0;0.032;0.263;0.263;0.30203857;0.69718057;0.0001;0.009;0.0001
2017-08-11 18:00:00+00:00;0.00069613;0.0018028;0;0;0;0.0;0.468;0.468;0.58376362;0.84785826;0.0001;0.0;0.0001
2017-08-11 19:00:00+00:00;0.00071279;0.00181374;0;0;0;0.0;0.624;0.624;0.63338444;0.86174092;0.0001;0.0;0.0001
2017-08-11 20:00:00+00:00;8.174e-05;0.00030605;0;0;0;0.0;0.623;0.623;0.52989965;0.82517196;0.0001;0.0;0.0001
2017-08-11 21:00:00+00:00;1.699e-05;0.0;0;0;0;0.0;0.606;0.606;0.40704582;0.82923518;0.0001;0.0;0.0001
2017-08-11 22:00:00+00:00;1.062e-05;0.0;0;0;0;0.0;0.621;0.621;0.35911661;0.263432;0.0001;0.0;0.0001
2017-08-11 23:00:00+00:00;5e-07;0.0;0;0;0;0.0;0.583;0.583;0.24092884;0.14085824;0.0001;0.0;0.0001
2017-08-12 00:00:00+00:00;1.95e-06;0.0;0;0;0;0.0;0.541;0.541;0.53713132;0.22754024;0.0001;0.0;0.0001
2017-08-12 01:00:00+00:00;3.78e-06;0.0;0;0;0;0.0;0.496;0.496;0.54399647;0.220091;0.0001;0.0;0.0001
2017-08-12 02:00:00+00:00;5.46e-06;0.0;0;0;0;0.0;0.465;0.465;0.51721251;0.22449282;0.0001;0.0;0.0001
2017-08-12 03:00:00+00:00;6.82e-06;0.0;0;0;0;0.0;0.463;0.463;0.51614115;0.19266428;0.0001;0.0;0.0001
2017-08-12 04:00:00+00:00;9.2e-06;0.0;0;0;0;0.0;0.505;0.505;0.51721251;0.19435728;0.0001;0.0;0.0001
2017-08-12 05:00:00+00:00;8.756e-05;0.0;0;0;0;0.0;0.478;0.478;0.50511743;0.19503449;0.0001;0.0;0.0001
2017-08-12 06:00:00+00:00;0.00063655;8e-08;0;0;0;0.004;0.456;0.456;0.56999102;0.19537309;0.0001;0.003;0.0001
2017-08-12 07:00:00+00:00;0.00083341;0.00043043;0;0;0;0.127;0.708;0.708;0.59129132;0.1970661;0.0001;0.064;0.0001
2017-08-12 08:00:00+00:00;0.00067071;0.00165711;0;0;0;0.307;0.741;0.741;0.65279577;0.19503449;0.0001;0.217;0.0001
2017-08-12 09:00:00+00:00;0.00010745;0.00243046;0;0;0;0.479;0.6;0.6;0.61532641;0.19469589;0.0001;0.434;0.0001
2017-08-12 10:00:00+00:00;2.131e-05;0.00166993;0;0;0;0.58;0.424;0.424;0.60765773;0.20045211;0.0001;0.576;0.0001
2017-08-12 11:00:00+00:00;2.112e-05;0.0004736;0;0;0;0.611;0.283;0.283;0.66411552;0.22821744;0.0001;0.606;0.0001
2017-08-12 12:00:00+00:00;2.085e-05;8.6e-07;0;0;0;0.601;0.18;0.18;0.63686636;0.2410843;0.0001;0.58;0.0001
2017-08-12 13:00:00+00:00;2.079e-05;2e-08;0;0;0;0.576;0.106;0.106;0.67478682;0.24480891;0.0001;0.562;0.0001
2017-08-12 14:00:00+00:00;2.094e-05;0.0;0;0;0;0.5;0.06;0.06;0.69722896;0.24447031;0.0001;0.465;0.0001
2017-08-12 15:00:00+00:00;2.189e-05;0.0;0;0;0;0.382;0.039;0.039;0.66394636;0.2421001;0.0001;0.326;0.0001
2017-08-12 16:00:00+00:00;2.422e-05;0.0;0;0;0;0.231;0.037;0.037;0.70450292;0.44052061;0.0001;0.174;0.0001
2017-08-12 17:00:00+00:00;6.971e-05;0.00027973;0;0;0;0.055;0.063;0.063;0.70749145;0.75237263;0.0001;0.032;0.0001
2017-08-12 18:00:00+00:00;0.00069227;0.00179804;0;0;0;0.0;0.2;0.2;0.85321033;0.90237311;0.0001;0.0;0.0001
2017-08-12 19:00:00+00:00;0.00071548;0.001834;0;0;0;0.0;0.408;0.408;0.86027284;0.86072512;0.0001;0.0;0.0001
2017-08-12 20:00:00+00:00;8.158e-05;0.00030985;0;0;0;0.0;0.491;0.491;0.78547508;0.87223757;0.0001;0.0;0.0001
2017-08-12 21:00:00+00:00;1.824e-05;0.0;0;0;0;0.0;0.459;0.459;0.68358323;0.83295979;0.0001;0.0;0.0001
2017-08-12 22:00:00+00:00;1.163e-05;0.0;0;0;0;0.0;0.433;0.433;0.64896143;0.54650289;0.0001;0.0;0.0001
2017-08-12 23:00:00+00:00;1.14e-06;0.0;0;0;0;0.0;0.39;0.39;0.61679248;0.18352204;0.0001;0.0;0.0001
2017-08-13 00:00:00+00:00;1.93e-06;0.0;0;0;0;0.0;0.357;0.357;0.303702;0.17404119;0.0001;0.0;0.0001
2017-08-13 01:00:00+00:00;3.88e-06;0.0;0;0;0;0.0;0.363;0.363;0.25630847;0.17437979;0.0001;0.0;0.0001
2017-08-13 02:00:00+00:00;5.4e-06;0.0;0;0;0;0.0;0.369;0.369;0.24015351;0.1764114;0.0001;0.0;0.0001
2017-08-13 03:00:00+00:00;6.82e-06;0.0;0;0;0;0.0;0.332;0.332;0.21172021;0.17979742;0.0001;0.0;0.0001
2017-08-13 04:00:00+00:00;9.3e-06;0.0;0;0;0;0.0;0.332;0.332;0.22514039;0.19097127;0.0001;0.0;0.0001
2017-08-13 05:00:00+00:00;8.686e-05;0.0;0;0;0;0.0;0.268;0.268;0.29008446;0.19029407;0.0001;0.0;0.0001
2017-08-13 06:00:00+00:00;0.00063283;5e-08;0;0;0;0.005;0.255;0.255;0.28928094;0.21298037;0.0001;0.004;0.0001
2017-08-13 07:00:00+00:00;0.00082766;0.00043556;0;0;0;0.165;0.205;0.205;0.34816338;0.25530556;0.0001;0.119;0.0001
2017-08-13 08:00:00+00:00;0.00066319;0.00165114;0;0;0;0.351;0.487;0.487;0.36472715;0.25259675;0.0001;0.306;0.0001
2017-08-13 09:00:00+00:00;0.00010981;0.00243328;0;0;0;0.473;0.489;0.489;0.38167154;0.25530556;0.0001;0.439;0.0001
2017-08-13 10:00:00+00:00;2.171e-05;0.00166711;0;0;0;0.552;0.283;0.283;0.40329606;0.25259675;0.0001;0.527;0.0001
2017-08-13 11:00:00+00:00;2.083e-05;0.00046715;0;0;0;0.581;0.131;0.131;0.37225486;0.19063267;0.0001;0.549;0.0001
2017-08-13 12:00:00+00:00;2.152e-05;7.4e-07;0;0;0;0.588;0.054;0.054;0.27119472;0.19435728;0.0001;0.559;0.0001
2017-08-13 13:00:00+00:00;2.135e-05;9e-08;0;0;0;0.554;0.016;0.016;0.31953273;0.18115182;0.0001;0.517;0.0001
2017-08-13 14:00:00+00:00;2.152e-05;0.0;0;0;0;0.492;0.003;0.003;0.35154662;0.21264177;0.0001;0.449;0.0001
2017-08-13 15:00:00+00:00;2.137e-05;0.0;0;0;0;0.359;0.001;0.001;0.40115335;0.28781131;0.0001;0.279;0.0001
2017-08-13 16:00:00+00:00;2.337e-05;0.0;0;0;0;0.187;0.0;0.0;0.47108769;0.45034005;0.0001;0.101;0.0001
2017-08-13 17:00:00+00:00;7.091e-05;0.00028711;0;0;0;0.038;0.001;0.001;0.49440384;0.74323039;0.0001;0.014;0.0001
2017-08-13 18:00:00+00:00;0.00070013;0.00180009;0;0;0;0.0;0.013;0.013;0.73454326;0.89526248;0.0001;0.0;0.0001
2017-08-13 19:00:00+00:00;0.00072566;0.00180828;0;0;0;0.0;0.056;0.056;0.73768685;0.88104121;0.0001;0.0;0.0001
2017-08-13 20:00:00+00:00;8.113e-05;0.0003033;0;0;0;0.0;0.144;0.144;0.64150421;0.85463029;0.0001;0.0;0.0001
2017-08-13 21:00:00+00:00;1.806e-05;0.0;0;0;0;0.0;0.275;0.275;0.53118246;0.83600721;0.0001;0.0;0.0001
2017-08-13 22:00:00+00:00;1.159e-05;0.0;0;0;0;0.0;0.418;0.418;0.48686204;0.31083622;0.0001;0.0;0.0001
2017-08-13 23:00:00+00:00;1.35e-06;0.0;0;0;0;0.0;0.491;0.491;0.40369078;0.17437979;0.0001;0.0;0.0001
2017-08-14 00:00:00+00:00;1.99e-06;0.0;0;0;0;0.0;0.398;0.398;0.3085654;0.1757342;0.0001;0.0;0.0001
2017-08-14 01:00:00+00:00;3.85e-06;0.0;0;0;0;0.0;0.357;0.357;0.29359457;0.17675;0.0001;0.0;0.0001
2017-08-14 02:00:00+00:00;5.55e-06;0.0;0;0;0;0.0;0.366;0.366;0.29725975;0.17404119;0.0001;0.0;0.0001
2017-08-14 03:00:00+00:00;6.93e-06;0.0;0;0;0;0.0;0.379;0.379;0.28625013;0.17471839;0.0001;0.0;0.0001
2017-08-14 04:00:00+00:00;9.28e-06;0.0;0;0;0;0.0;0.391;0.391;0.31647372;0.19232568;0.0001;0.0;0.0001
2017-08-14 05:00:00+00:00;8.85e-05;0.0;0;0;0;0.0;0.373;0.373;0.41386868;0.19435728;0.0001;0.0;0.0001
2017-08-14 06:00:00+00:00;0.00063733;8e-08;0;0;0;0.005;0.338;0.338;0.36654564;0.21670499;0.0001;0.004;0.0001
2017-08-14 07:00:00+00:00;0.00083941;0.00043803;0;0;0;0.164;0.159;0.159;0.40166083;0.25496696;0.0001;0.125;0.0001
2017-08-14 08:00:00+00:00;0.00065525;0.00164432;0;0;0;0.365;0.124;0.124;0.44674248;0.25767577;0.0001;0.348;0.0001
2017-08-14 09:00:00+00:00;0.00010796;0.00243165;0;0;0;0.496;0.187;0.187;0.43825619;0.25395116;0.0001;0.519;0.0001
2017-08-14 10:00:00+00:00;1.994e-05;0.00165261;0;0;0;0.611;0.149;0.149;0.42742983;0.25293535;0.0001;0.705;0.0001
2017-08-14 11:00:00+00:00;2.079e-05;0.00046936;0;0;0;0.665;0.084;0.084;0.40894889;0.19097127;0.0001;0.798;0.0001
2017-08-14 12:00:00+00:00;2.143e-05;1.42e-06;0;0;0;0.673;0.043;0.043;0.39093315;0.19435728;0.0001;0.816;0.0001
2017-08-14 13:00:00+00:00;2.096e-05;4.5e-07;0;0;0;0.636;0.022;0.022;0.38817017;0.21162596;0.0001;0.756;0.0001
2017-08-14 14:00:00+00:00;2.049e-05;2.4e-07;0;0;0;0.553;0.011;0.011;0.41075328;0.23228066;0.0001;0.625;0.0001
2017-08-14 15:00:00+00:00;2.246e-05;0.0;0;0;0;0.42;0.006;0.006;0.42070564;0.22720164;0.0001;0.432;0.0001
2017-08-14 16:00:00+00:00;2.58e-05;0.0;0;0;0;0.242;0.004;0.004;0.42834612;0.44153641;0.0001;0.206;0.0001
2017-08-14 17:00:00+00:00;7.048e-05;0.00028159;0;0;0;0.053;0.009;0.009;0.396008;0.74898661;0.0001;0.031;0.0001
2017-08-14 18:00:00+00:00;0.00068924;0.00180267;0;0;0;0.0;0.038;0.038;0.65304951;0.87968681;0.0001;0.0;0.0001
2017-08-14 19:00:00+00:00;0.00072763;0.00181556;0;0;0;0.0;0.105;0.105;0.64922927;0.88747464;0.0001;0.0;0.0001
2017-08-14 20:00:00+00:00;8.206e-05;0.0003021;0;0;0;0.0;0.191;0.191;0.62086646;0.85496889;0.0001;0.0;0.0001
2017-08-14 21:00:00+00:00;1.81e-05;0.0;0;0;0;0.0;0.252;0.252;0.54895856;0.84176343;0.0001;0.0;0.0001
2017-08-14 22:00:00+00:00;1.169e-05;0.0;0;0;0;0.0;0.273;0.273;0.4555248;0.31151342;0.0001;0.0;0.0001
2017-08-14 23:00:00+00:00;1.06e-06;0.0;0;0;0;0.0;0.286;0.286;0.39223006;0.18081322;0.0001;0.0;0.0001
2017-08-15 00:00:00+00:00;1.77e-06;0.0;0;0;0;0.0;0.286;0.286;0.31268167;0.17031657;0.0001;0.0;0.0001
2017-08-15 01:00:00+00:00;3.5e-06;0.0;0;0;0;0.0;0.281;0.281;0.29803507;0.17336399;0.0001;0.0;0.0001
2017-08-15 02:00:00+00:00;5.23e-06;0.0;0;0;0;0.0;0.269;0.269;0.27345021;0.1753956;0.0001;0.0;0.0001
2017-08-15 03:00:00+00:00;6.72e-06;0.0;0;0;0;0.0;0.243;0.243;0.29475051;0.17234818;0.0001;0.0;0.0001
2017-08-15 04:00:00+00:00;9.48e-06;0.0;0;0;0;0.0;0.196;0.196;0.29305889;0.19638889;0.0001;0.0;0.0001
2017-08-15 05:00:00+00:00;8.702e-05;0.0;0;0;0;0.0;0.113;0.113;0.33750618;0.20891715;0.0001;0.0;0.0001
2017-08-15 06:00:00+00:00;0.00064081;8e-08;0;0;0;0.005;0.065;0.065;0.25563182;0.20823995;0.0001;0.003;0.0001
2017-08-15 07:00:00+00:00;0.00083357;0.00042998;0;0;0;0.153;0.018;0.018;0.2743947;0.25462836;0.0001;0.105;0.0001
2017-08-15 08:00:00+00:00;0.00066459;0.00164967;0;0;0;0.349;0.002;0.002;0.30185531;0.25462836;0.0001;0.317;0.0001
2017-08-15 09:00:00+00:00;0.00010773;0.00240704;0;0;0;0.502;0.002;0.002;0.33230445;0.25090374;0.0001;0.527;0.0001
2017-08-15 10:00:00+00:00;2.073e-05;0.00165893;0;0;0;0.603;0.0;0.0;0.3556206;0.25124234;0.0001;0.684;0.0001
2017-08-15 11:00:00+00:00;2.066e-05;0.00046519;0;0;0;0.627;0.0;0.0;0.34564005;0.19029407;0.0001;0.698;0.0001
2017-08-15 12:00:00+00:00;2.044e-05;6e-07;0;0;0;0.632;0.0;0.0;0.36644696;0.19097127;0.0001;0.704;0.0001
2017-08-15 13:00:00+00:00;2.063e-05;3e-07;0;0;0;0.591;0.002;0.002;0.37572267;0.1760728;0.0001;0.637;0.0001
2017-08-15 14:00:00+00:00;2.185e-05;7e-08;0;0;0;0.517;0.006;0.006;0.3986864;0.17404119;0.0001;0.53;0.0001
2017-08-15 15:00:00+00:00;2.286e-05;0.0;0;0;0;0.359;0.008;0.008;0.40990748;0.17776581;0.0001;0.292;0.0001
2017-08-15 16:00:00+00:00;2.494e-05;0.0;0;0;0;0.185;0.008;0.008;0.41491185;0.39311639;0.0001;0.102;0.0001
2017-08-15 17:00:00+00:00;7.161e-05;0.00027817;0;0;0;0.035;0.006;0.006;0.44522002;0.73239514;0.0001;0.012;0.0001
2017-08-15 18:00:00+00:00;0.00068894;0.00178393;0;0;0;0.0;0.004;0.004;0.63786723;0.85361449;0.0001;0.0;0.0001
2017-08-15 19:00:00+00:00;0.00072901;0.00180749;0;0;0;0.0;0.004;0.004;0.62946552;0.87494638;0.0001;0.0;0.0001
2017-08-15 20:00:00+00:00;8.16e-05;0.00030686;0;0;0;0.0;0.006;0.006;0.59016358;0.84548805;0.0001;0.0;0.0001
2017-08-15 21:00:00+00:00;1.821e-05;0.0;0;0;0;0.0;0.013;0.013;0.51695876;0.83194399;0.0001;0.0;0.0001
2017-08-15 22:00:00+00:00;1.173e-05;0.0;0;0;0;0.0;0.033;0.033;0.41960609;0.31456083;0.0001;0.0;0.0001
2017-08-15 23:00:00+00:00;1.24e-06;0.0;0;0;0;0.0;0.066;0.066;0.36376857;0.17471839;0.0001;0.0;0.0001
2017-08-16 00:00:00+00:00;1.93e-06;0.0;0;0;0;0.0;0.099;0.099;0.31647372;0.17370259;0.0001;0.0;0.0001
2017-08-16 01:00:00+00:00;3.87e-06;0.0;0;0;0;0.0;0.132;0.132;0.28881575;0.1753956;0.0001;0.0;0.0001
2017-08-16 02:00:00+00:00;5.65e-06;0.0;0;0;0;0.0;0.179;0.179;0.2930166;0.17031657;0.0001;0.0;0.0001
2017-08-16 03:00:00+00:00;6.93e-06;0.0;0;0;0;0.0;0.26;0.26;0.27325285;0.17031657;0.0001;0.0;0.0001
2017-08-16 04:00:00+00:00;9.03e-06;0.0;0;0;0;0.0;0.353;0.353;0.28252857;0.17708861;0.0001;0.0;0.0001
2017-08-16 05:00:00+00:00;8.674e-05;0.0;0;0;0;0.0;0.363;0.363;0.37773852;0.19334148;0.0001;0.0;0.0001
2017-08-16 06:00:00+00:00;0.00063325;1.8e-07;0;0;0;0.004;0.301;0.301;0.42869854;0.21568918;0.0001;0.002;0.0001
2017-08-16 07:00:00+00:00;0.00083696;0.00043253;0;0;0;0.142;0.108;0.108;0.42336994;0.25158095;0.0001;0.088;0.0001
2017-08-16 08:00:00+00:00;0.0006701;0.00165532;0;0;0;0.346;0.028;0.028;0.47878456;0.25293535;0.0001;0.31;0.0001
2017-08-16 09:00:00+00:00;0.00010797;0.00243196;0;0;0;0.496;0.055;0.055;0.50322846;0.25428976;0.0001;0.517;0.0001
2017-08-16 10:00:00+00:00;1.991e-05;0.00167917;0;0;0;0.597;0.044;0.044;0.44956184;0.22347702;0.0001;0.667;0.0001
2017-08-16 11:00:00+00:00;1.957e-05;0.00047038;0;0;0;0.619;0.038;0.038;0.39771372;0.35350001;0.0001;0.677;0.0001
2017-08-16 12:00:00+00:00;2.043e-05;1.19e-06;0;0;0;0.623;0.043;0.043;0.35929987;0.3294593;0.0001;0.676;0.0001
2017-08-16 13:00:00+00:00;2.091e-05;3.6e-07;0;0;0;0.579;0.055;0.055;0.39091905;0.3504526;0.0001;0.603;0.0001
2017-08-16 14:00:00+00:00;2.038e-05;3e-08;0;0;0;0.502;0.065;0.065;0.45787897;0.39277779;0.0001;0.489;0.0001
2017-08-16 15:00:00+00:00;2.266e-05;0.0;0;0;0;0.353;0.069;0.069;0.47323041;0.395148;0.0001;0.275;0.0001
2017-08-16 16:00:00+00:00;2.381e-05;0.0;0;0;0;0.178;0.066;0.066;0.48464884;0.39311639;0.0001;0.089;0.0001
2017-08-16 17:00:00+00:00;7.04e-05;0.0002847;0;0;0;0.032;0.06;0.06;0.47557048;0.73036353;0.0001;0.009;0.0001
2017-08-16 18:00:00+00:00;0.0006948;0.00179641;0;0;0;0.0;0.078;0.078;0.68387927;0.89018345;0.0001;0.0;0.0001
2017-08-16 19:00:00+00:00;0.00072472;0.00182686;0;0;0;0.0;0.134;0.134;0.6957347;0.88544303;0.0001;0.0;0.0001
2017-08-16 20:00:00+00:00;8.186e-05;0.0003103;0;0;0;0.0;0.232;0.232;0.60106042;0.84853546;0.0001;0.0;0.0001
2017-08-16 21:00:00+00:00;1.823e-05;0.0;0;0;0;0.0;0.337;0.337;0.50382052;0.83634581;0.0001;0.0;0.0001
2017-08-16 22:00:00+00:00;1.194e-05;0.0;0;0;0;0.0;0.381;0.381;0.43033377;0.30406418;0.0001;0.0;0.0001
2017-08-16 23:00:00+00:00;1.29e-06;0.0;0;0;0;0.0;0.385;0.385;0.37328392;0.17031657;0.0001;0.0;0.0001
2017-08-17 00:00:00+00:00;1.34e-06;0.0;0;0;0;0.0;0.35;0.35;0.30257425;0.17336399;0.0001;0.0;0.0001
2017-08-17 01:00:00+00:00;2.94e-06;0.0;0;0;0;0.0;0.322;0.322;0.29102895;0.17234818;0.0001;0.0;0.0001
2017-08-17 02:00:00+00:00;4.16e-06;0.0;0;0;0;0.0;0.319;0.319;0.27576209;0.17065518;0.0001;0.0;0.0001
2017-08-17 03:00:00+00:00;5.48e-06;0.0;0;0;0;0.0;0.318;0.318;0.28892852;0.17336399;0.0001;0.0;0.0001
2017-08-17 04:00:00+00:00;7.64e-06;0.0;0;0;0;0.0;0.278;0.278;0.29696371;0.19097127;0.0001;0.0;0.0001
2017-08-17 05:00:00+00:00;8.719e-05;0.0;0;0;0;0.0;0.242;0.242;0.36369808;0.19300288;0.0001;0.0;0.0001
2017-08-17 06:00:00+00:00;0.00062469;9e-08;0;0;0;0.004;0.213;0.213;0.37456673;0.20891715;0.0001;0.002;0.0001
2017-08-17 07:00:00+00:00;0.00083411;0.00044513;0;0;0;0.129;0.073;0.073;0.41285371;0.24988794;0.0001;0.069;0.0001
2017-08-17 08:00:00+00:00;0.00065846;0.00165318;0;0;0;0.327;0.023;0.023;0.4728216;0.24954934;0.0001;0.274;0.0001
2017-08-17 09:00:00+00:00;0.0001052;0.00241993;0;0;0;0.481;0.098;0.098;0.46420844;0.24988794;0.0001;0.483;0.0001
2017-08-17 10:00:00+00:00;1.827e-05;0.00166351;0;0;0;0.586;0.124;0.124;0.45765342;0.21839799;0.0001;0.642;0.0001
2017-08-17 11:00:00+00:00;1.852e-05;0.00046701;0;0;0;0.606;0.107;0.107;0.41470039;0.18860106;0.0001;0.644;0.0001
2017-08-17 12:00:00+00:00;1.897e-05;4.9e-07;0;0;0;0.609;0.09;0.09;0.35374573;0.17471839;0.0001;0.64;0.0001
2017-08-17 13:00:00+00:00;1.859e-05;3.3e-07;0;0;0;0.568;0.073;0.073;0.39698069;0.34909819;0.0001;0.575;0.0001
2017-08-17 14:00:00+00:00;1.837e-05;8e-08;0;0;0;0.509;0.056;0.056;0.45999349;0.39311639;0.0001;0.508;0.0001
2017-08-17 15:00:00+00:00;2.006e-05;0.0;0;0;0;0.372;0.039;0.039;0.44571341;0.39277779;0.0001;0.317;0.0001
2017-08-17 16:00:00+00:00;2.216e-05;0.0;0;0;0;0.2;0.025;0.025;0.43839716;0.3954866;0.0001;0.123;0.0001
2017-08-17 17:00:00+00:00;6.977e-05;0.00028484;0;0;0;0.04;0.016;0.016;0.4218052;0.72833192;0.0001;0.015;0.0001
2017-08-17 18:00:00+00:00;0.00070195;0.00180132;0;0;0;0.0;0.018;0.018;0.72244818;0.88679744;0.0001;0.0;0.0001
2017-08-17 19:00:00+00:00;0.00072797;0.00181033;0;0;0;0.0;0.041;0.041;0.76349813;0.89526248;0.0001;0.0;0.0001
2017-08-17 20:00:00+00:00;8.054e-05;0.00030731;0;0;0;0.0;0.09;0.09;0.67869163;0.8570005;0.0001;0.0;0.0001
2017-08-17 21:00:00+00:00;1.694e-05;0.0;0;0;0;0.0;0.143;0.143;0.58979706;0.84277924;0.0001;0.0;0.0001
2017-08-17 22:00:00+00:00;1.062e-05;0.0;0;0;0;0.0;0.167;0.167;0.50021174;0.29593775;0.0001;0.0;0.0001
2017-08-17 23:00:00+00:00;4.8e-07;0.0;0;0;0;0.0;0.146;0.146;0.41560259;0.16963937;0.0001;0.0;0.0001
2017-08-18 00:00:00+00:00;1.35e-06;0.0;0;0;0;0.0;0.096;0.096;0.3574109;0.17336399;0.0001;0.0;0.0001
2017-08-18 01:00:00+00:00;2.97e-06;0.0;0;0;0;0.0;0.043;0.043;0.2979082;0.17099378;0.0001;0.0;0.0001
2017-08-18 02:00:00+00:00;4.15e-06;0.0;0;0;0;0.0;0.013;0.013;0.32985161;0.16354455;0.0001;0.0;0.0001
2017-08-18 03:00:00+00:00;5.48e-06;0.0;0;0;0;0.0;0.003;0.003;0.31707988;0.16760776;0.0001;0.0;0.0001
2017-08-18 04:00:00+00:00;7.65e-06;0.0;0;0;0;0.0;0.001;0.001;0.32817408;0.19435728;0.0001;0.0;0.0001
2017-08-18 05:00:00+00:00;8.255e-05;0.0;0;0;0;0.0;0.002;0.002;0.37280463;0.19368008;0.0001;0.0;0.0001
2017-08-18 06:00:00+00:00;0.0006335;7e-08;0;0;0;0.005;0.004;0.004;0.39410493;0.21298037;0.0001;0.003;0.0001
2017-08-18 07:00:00+00:00;0.00083809;0.0004334;0;0;0;0.151;0.003;0.003;0.42686596;0.25056514;0.0001;0.101;0.0001
2017-08-18 08:00:00+00:00;0.00065995;0.00164597;0;0;0;0.338;0.0;0.0;0.41983164;0.24921073;0.0001;0.299;0.0001
2017-08-18 09:00:00+00:00;0.0001073;0.00240505;0;0;0;0.484;0.016;0.016;0.44295043;0.25462836;0.0001;0.49;0.0001
2017-08-18 10:00:00+00:00;1.785e-05;0.00164791;0;0;0;0.583;0.023;0.023;0.46426483;0.18792386;0.0001;0.637;0.0001
2017-08-18 11:00:00+00:00;1.897e-05;0.00046252;0;0;0;0.629;0.019;0.019;0.45982433;0.19029407;0.0001;0.705;0.0001
2017-08-18 12:00:00+00:00;1.956e-05;1.12e-06;0;0;0;0.634;0.014;0.014;0.39349877;0.17200958;0.0001;0.712;0.0001
2017-08-18 13:00:00+00:00;1.877e-05;4.8e-07;0;0;0;0.588;0.009;0.009;0.36564345;0.17742721;0.0001;0.633;0.0001
2017-08-18 14:00:00+00:00;1.915e-05;3e-08;0;0;0;0.514;0.005;0.005;0.42009948;0.17708861;0.0001;0.528;0.0001
2017-08-18 15:00:00+00:00;2.069e-05;0.0;0;0;0;0.395;0.004;0.004;0.48020834;0.17471839;0.0001;0.37;0.0001
2017-08-18 16:00:00+00:00;2.138e-05;0.0;0;0;0;0.216;0.005;0.005;0.49826637;0.39243919;0.0001;0.153;0.0001
2017-08-18 17:00:00+00:00;6.966e-05;0.00027606;0;0;0;0.045;0.011;0.011;0.48476162;0.73104073;0.0001;0.019;0.0001
2017-08-18 18:00:00+00:00;0.00070117;0.00178792;0;0;0;0.0;0.037;0.037;0.67604143;0.88950625;0.0001;0.0;0.0001
2017-08-18 19:00:00+00:00;0.00072387;0.00181572;0;0;0;0.0;0.102;0.102;0.6997241;0.88544303;0.0001;0.0;0.0001
2017-08-18 20:00:00+00:00;7.799e-05;0.00031171;0;0;0;0.0;0.207;0.207;0.63411748;0.85463029;0.0001;0.0;0.0001
2017-08-18 21:00:00+00:00;1.701e-05;0.0;0;0;0;0.0;0.307;0.307;0.52578338;0.83803882;0.0001;0.0;0.0001
2017-08-18 22:00:00+00:00;1.066e-05;0.0;0;0;0;0.0;0.379;0.379;0.4475319;0.52449379;0.0001;0.0;0.0001
2017-08-18 23:00:00+00:00;5.2e-07;0.0;0;0;0;0.0;0.383;0.383;0.43583154;0.16828497;0.0001;0.0;0.0001
2017-08-19 00:00:00+00:00;1.94e-06;0.0;0;0;0;0.0;0.306;0.306;0.35378802;0.16794637;0.0001;0.0;0.0001
2017-08-19 01:00:00+00:00;3.75e-06;0.0;0;0;0;0.0;0.206;0.206;0.27402818;0.16760776;0.0001;0.0;0.0001
2017-08-19 02:00:00+00:00;5.43e-06;0.0;0;0;0;0.0;0.12;0.12;0.27112423;0.16930077;0.0001;0.0;0.0001
2017-08-19 03:00:00+00:00;6.99e-06;0.0;0;0;0;0.0;0.068;0.068;0.25728115;0.16726916;0.0001;0.0;0.0001
2017-08-19 04:00:00+00:00;9.29e-06;0.0;0;0;0;0.0;0.045;0.045;0.27088459;0.19435728;0.0001;0.0;0.0001
2017-08-19 05:00:00+00:00;8.993e-05;0.0;0;0;0;0.0;0.042;0.042;0.34565415;0.19334148;0.0001;0.0;0.0001
2017-08-19 06:00:00+00:00;0.00064105;9e-08;0;0;0;0.003;0.048;0.048;0.38533671;0.20959435;0.0001;0.001;0.0001
2017-08-19 07:00:00+00:00;0.00083538;0.00042146;0;0;0;0.092;0.034;0.034;0.42191797;0.24582472;0.0001;0.025;0.0001
2017-08-19 08:00:00+00:00;0.00066706;0.00164148;0;0;0;0.232;0.005;0.005;0.44388082;0.25293535;0.0001;0.098;0.0001
2017-08-19 09:00:00+00:00;0.00011152;0.0024208;0;0;0;0.382;0.023;0.023;0.39441506;0.25462836;0.0001;0.243;0.0001
2017-08-19 10:00:00+00:00;2.023e-05;0.00165293;0;0;0;0.519;0.033;0.033;0.38434993;0.22550863;0.0001;0.447;0.0001
2017-08-19 11:00:00+00:00;1.977e-05;0.00046674;0;0;0;0.562;0.039;0.039;0.45443934;0.18860106;0.0001;0.498;0.0001
2017-08-19 12:00:00+00:00;2.135e-05;9.1e-07;0;0;0;0.542;0.048;0.048;0.39521858;0.17268679;0.0001;0.431;0.0001
2017-08-19 13:00:00+00:00;2.179e-05;6.7e-07;0;0;0;0.415;0.056;0.056;0.40751101;0.17878161;0.0001;0.205;0.0001
2017-08-19 14:00:00+00:00;2.205e-05;1e-08;0;0;0;0.36;0.063;0.063;0.45847104;0.17776581;0.0001;0.168;0.0001
2017-08-19 15:00:00+00:00;2.251e-05;0.0;0;0;0;0.32;0.066;0.066;0.47500661;0.17912022;0.0001;0.187;0.0001
2017-08-19 16:00:00+00:00;2.376e-05;0.0;0;0;0;0.195;0.066;0.066;0.475937;0.38803737;0.0001;0.102;0.0001
2017-08-19 17:00:00+00:00;7.195e-05;0.0002823;0;0;0;0.046;0.068;0.068;0.46674587;0.74323039;0.0001;0.017;0.0001
2017-08-19 18:00:00+00:00;0.00069596;0.00179502;0;0;0;0.0;0.096;0.096;0.74582072;0.89119926;0.0001;0.0;0.0001
2017-08-19 19:00:00+00:00;0.00072118;0.00181516;0;0;0;0.0;0.157;0.157;0.72244818;0.8779938;0.0001;0.0;0.0001
2017-08-19 20:00:00+00:00;8.246e-05;0.00030122;0;0;0;0.0;0.26;0.26;0.64064431;0.84751966;0.0001;0.0;0.0001
2017-08-19 21:00:00+00:00;1.823e-05;0.0;0;0;0;0.0;0.382;0.382;0.56811614;0.83803882;0.0001;0.0;0.0001
2017-08-19 22:00:00+00:00;1.192e-05;0.0;0;0;0;0.0;0.487;0.487;0.44271079;0.31252922;0.0001;0.0;0.0001
2017-08-19 23:00:00+00:00;1.28e-06;0.0;0;0;0;0.0;0.533;0.533;0.34441363;0.17065518;0.0001;0.0;0.0001
2017-08-20 00:00:00+00:00;1.94e-06;0.0;0;0;0;0.0;0.518;0.518;0.30866408;0.17200958;0.0001;0.0;0.0001
2017-08-20 01:00:00+00:00;3.87e-06;0.0;0;0;0;0.0;0.448;0.448;0.23737643;0.17404119;0.0001;0.0;0.0001
2017-08-20 02:00:00+00:00;5.22e-06;0.0;0;0;0;0.0;0.384;0.384;0.25291114;0.17133238;0.0001;0.0;0.0001
2017-08-20 03:00:00+00:00;6.72e-06;0.0;0;0;0;0.0;0.357;0.357;0.27056036;0.16963937;0.0001;0.0;0.0001
2017-08-20 04:00:00+00:00;9.25e-06;0.0;0;0;0;0.0;0.29;0.29;0.26713483;0.19368008;0.0001;0.0;0.0001
2017-08-20 05:00:00+00:00;8.621e-05;0.0;0;0;0;0.0;0.24;0.24;0.28651797;0.19537309;0.0001;0.0;0.0001
2017-08-20 06:00:00+00:00;0.00063362;1e-07;0;0;0;0.001;0.203;0.203;0.27818674;0.21230317;0.0001;0.0;0.0001
2017-08-20 07:00:00+00:00;0.0008377;0.00042142;0;0;0;0.058;0.077;0.077;0.39840447;0.25225815;0.0001;0.006;0.0001
2017-08-20 08:00:00+00:00;0.00066856;0.00164932;0;0;0;0.141;0.026;0.026;0.41680082;0.25327395;0.0001;0.015;0.0001
2017-08-20 09:00:00+00:00;0.0001096;0.00242055;0;0;0;0.189;0.101;0.101;0.42912145;0.24785633;0.0001;0.017;0.0001
2017-08-20 10:00:00+00:00;2.086e-05;0.00166865;0;0;0;0.215;0.102;0.102;0.41369952;0.22279981;0.0001;0.017;0.0001
2017-08-20 11:00:00+00:00;2.096e-05;0.00047324;0;0;0;0.243;0.079;0.079;0.45146492;0.19029407;0.0001;0.019;0.0001
2017-08-20 12:00:00+00:00;2e-05;5.9e-07;0;0;0;0.23;0.074;0.074;0.37646981;0.17708861;0.0001;0.016;0.0001
2017-08-20 13:00:00+00:00;1.938e-05;2.1e-07;0;0;0;0.222;0.074;0.074;0.4191127;0.17776581;0.0001;0.016;0.0001
2017-08-20 14:00:00+00:00;2.049e-05;0.0;0;0;0;0.197;0.076;0.076;0.42788093;0.18182903;0.0001;0.015;0.0001
2017-08-20 15:00:00+00:00;2.277e-05;0.0;0;0;0;0.175;0.075;0.075;0.449294;0.17878161;0.0001;0.017;0.0001
2017-08-20 16:00:00+00:00;2.554e-05;0.0;0;0;0;0.088;0.07;0.07;0.43952491;0.33961735;0.0001;0.007;0.0001
2017-08-20 17:00:00+00:00;7.29e-05;0.0002846;0;0;0;0.014;0.073;0.073;0.45493273;0.67110826;0.0001;0.001;0.0001
2017-08-20 18:00:00+00:00;0.00069413;0.00180029;0;0;0;0.0;0.12;0.12;0.67520972;0.88171842;0.0001;0.0;0.0001
2017-08-20 19:00:00+00:00;0.00072789;0.00181226;0;0;0;0.0;0.231;0.231;0.67020535;0.88612024;0.0001;0.0;0.0001
2017-08-20 20:00:00+00:00;8.222e-05;0.00030277;0;0;0;0.0;0.319;0.319;0.61418456;0.84650385;0.0001;0.0;0.0001
2017-08-20 21:00:00+00:00;1.835e-05;0.0;0;0;0;0.0;0.357;0.357;0.5221182;0.83702301;0.0001;0.0;0.0001
2017-08-20 22:00:00+00:00;1.171e-05;0.0;0;0;0;0.0;0.357;0.357;0.44276717;0.29085872;0.0001;0.0;0.0001
2017-08-20 23:00:00+00:00;1.13e-06;0.0;0;0;0;0.0;0.334;0.334;0.40541059;0.16997797;0.0001;0.0;0.0001
2017-08-21 00:00:00+00:00;1.79e-06;0.0;0;0;0;0.0;0.28;0.28;0.32659524;0.17133238;0.0001;0.0;0.0001
2017-08-21 01:00:00+00:00;3.92e-06;0.0;0;0;0;0.0;0.209;0.209;0.30826937;0.16930077;0.0001;0.0;0.0001
2017-08-21 02:00:00+00:00;5.32e-06;0.0;0;0;0;0.0;0.138;0.138;0.30976363;0.16997797;0.0001;0.0;0.0001
2017-08-21 03:00:00+00:00;6.68e-06;0.0;0;0;0;0.0;0.086;0.086;0.29589235;0.1764114;0.0001;0.0;0.0001
2017-08-21 04:00:00+00:00;9.09e-06;0.0;0;0;0;0.0;0.05;0.05;0.29864124;0.17810441;0.0001;0.0;0.0001
2017-08-21 05:00:00+00:00;8.718e-05;0.0;0;0;0;0.0;0.028;0.028;0.36090691;0.19232568;0.0001;0.0;0.0001
2017-08-21 06:00:00+00:00;0.00063942;8e-08;0;0;0;0.002;0.016;0.016;0.32591859;0.21264177;0.0001;0.0;0.0001
2017-08-21 07:00:00+00:00;0.00083531;0.00042851;0;0;0;0.059;0.006;0.006;0.36624961;0.22212261;0.0001;0.006;0.0001
2017-08-21 08:00:00+00:00;0.00065804;0.00165745;0;0;0;0.138;0.004;0.004;0.39638862;0.21467338;0.0001;0.014;0.0001
2017-08-21 09:00:00+00:00;0.0001095;0.0024432;0;0;0;0.189;0.021;0.021;0.43194081;0.21805939;0.0001;0.018;0.0001
2017-08-21 10:00:00+00:00;2.022e-05;0.00168008;0;0;0;0.233;0.031;0.031;0.3414392;0.15711111;0.0001;0.023;0.0001
2017-08-21 11:00:00+00:00;2.181e-05;0.00047659;0;0;0;0.325;0.025;0.025;0.29796459;0.15541811;0.0001;0.053;0.0001
2017-08-21 12:00:00+00:00;2.138e-05;1.24e-06;0;0;0;0.406;0.02;0.02;0.32421288;0.14255125;0.0001;0.114;0.0001
2017-08-21 13:00:00+00:00;1.932e-05;9e-07;0;0;0;0.4;0.019;0.019;0.32617233;0.14627587;0.0001;0.127;0.0001
2017-08-21 14:00:00+00:00;1.98e-05;1.4e-07;0;0;0;0.329;0.023;0.023;0.32886483;0.14492146;0.0001;0.084;0.0001
2017-08-21 15:00:00+00:00;2.273e-05;0.0;0;0;0;0.15;0.033;0.033;0.36906897;0.14526006;0.0001;0.013;0.0001
2017-08-21 16:00:00+00:00;2.446e-05;0.0;0;0;0;0.068;0.051;0.051;0.40102647;0.16997797;0.0001;0.004;0.0001
2017-08-21 17:00:00+00:00;7.246e-05;0.00028068;0;0;0;0.013;0.088;0.088;0.40309871;0.64063412;0.0001;0.001;0.0001
2017-08-21 18:00:00+00:00;0.00070492;0.00180865;0;0;0;0.0;0.18;0.18;0.62176866;0.7235915;0.0001;0.0;0.0001
2017-08-21 19:00:00+00:00;0.00073137;0.00183574;0;0;0;0.0;0.289;0.289;0.60939164;0.7246073;0.0001;0.0;0.0001
2017-08-21 20:00:00+00:00;8.045e-05;0.00031062;0;0;0;0.0;0.332;0.332;0.56505713;0.69616477;0.0001;0.0;0.0001
2017-08-21 21:00:00+00:00;1.814e-05;0.0;0;0;0;0.0;0.302;0.302;0.46719697;0.6809277;0.0001;0.0;0.0001
2017-08-21 22:00:00+00:00;1.184e-05;0.0;0;0;0;0.0;0.238;0.238;0.39314635;0.14322845;0.0001;0.0;0.0001
2017-08-21 23:00:00+00:00;1.31e-06;0.0;0;0;0;0.0;0.18;0.18;0.34434314;0.14526006;0.0001;0.0;0.0001
2017-08-22 00:00:00+00:00;1.81e-06;0.0;0;0;0;0.0;0.138;0.138;0.32483314;0.14255125;0.0001;0.0;0.0001
2017-08-22 01:00:00+00:00;3.86e-06;0.0;0;0;0;0.0;0.114;0.114;0.30408261;0.14187405;0.0001;0.0;0.0001
2017-08-22 02:00:00+00:00;5.26e-06;0.0;0;0;0;0.0;0.112;0.112;0.28403692;0.14288985;0.0001;0.0;0.0001
2017-08-22 03:00:00+00:00;6.76e-06;0.0;0;0;0;0.0;0.128;0.128;0.25867674;0.14593726;0.0001;0.0;0.0001
2017-08-22 04:00:00+00:00;9.13e-06;0.0;0;0;0;0.0;0.155;0.155;0.27591715;0.15609531;0.0001;0.0;0.0001
2017-08-22 05:00:00+00:00;8.772e-05;0.0;0;0;0;0.0;0.172;0.172;0.29142366;0.15711111;0.0001;0.0;0.0001
2017-08-22 06:00:00+00:00;0.00063258;8e-08;0;0;0;0.001;0.168;0.168;0.25450408;0.17844301;0.0001;0.0;0.0001
2017-08-22 07:00:00+00:00;0.00084198;0.00042928;0;0;0;0.078;0.075;0.075;0.30528084;0.21602778;0.0001;0.015;0.0001
2017-08-22 08:00:00+00:00;0.00066792;0.00163418;0;0;0;0.236;0.039;0.039;0.33175468;0.21501198;0.0001;0.089;0.0001
2017-08-22 09:00:00+00:00;0.00010963;0.00240972;0;0;0;0.428;0.145;0.145;0.3600611;0.21501198;0.0001;0.284;0.0001
2017-08-22 10:00:00+00:00;2.116e-05;0.00165854;0;0;0;0.589;0.195;0.195;0.37700548;0.15880412;0.0001;0.534;0.0001
2017-08-22 11:00:00+00:00;2.049e-05;0.00047014;0;0;0;0.683;0.252;0.252;0.40322558;0.15169349;0.0001;0.709;0.0001
2017-08-22 12:00:00+00:00;2.108e-05;1.09e-06;0;0;0;0.709;0.317;0.317;0.41231803;0.14119684;0.0001;0.775;0.0001
2017-08-22 13:00:00+00:00;1.951e-05;5e-07;0;0;0;0.677;0.357;0.357;0.39031289;0.14424426;0.0001;0.738;0.0001
2017-08-22 14:00:00+00:00;1.995e-05;3e-08;0;0;0;0.588;0.369;0.369;0.39685381;0.14796887;0.0001;0.61;0.0001
2017-08-22 15:00:00+00:00;2.247e-05;0.0;0;0;0;0.438;0.364;0.364;0.38561865;0.14898468;0.0001;0.401;0.0001
2017-08-22 16:00:00+00:00;2.459e-05;0.0;0;0;0;0.266;0.333;0.333;0.35557831;0.36061064;0.0001;0.209;0.0001
2017-08-22 17:00:00+00:00;7.246e-05;0.00027724;0;0;0;0.056;0.263;0.263;0.42927651;0.69955079;0.0001;0.025;0.0001
2017-08-22 18:00:00+00:00;0.00069746;0.00178847;0;0;0;0.0;0.271;0.271;0.61618631;0.70022799;0.0001;0.0;0.0001
2017-08-22 19:00:00+00:00;0.00073186;0.00180745;0;0;0;0.0;0.323;0.323;0.60889826;0.72867052;0.0001;0.0;0.0001
2017-08-22 20:00:00+00:00;8.378e-05;0.00030856;0;0;0;0.0;0.357;0.357;0.56660778;0.68871554;0.0001;0.0;0.0001
2017-08-22 21:00:00+00:00;1.845e-05;0.0;0;0;0;0.0;0.375;0.375;0.49766021;0.66569063;0.0001;0.0;0.0001
2017-08-22 22:00:00+00:00;1.177e-05;0.0;0;0;0;0.0;0.406;0.406;0.40634098;0.13950383;0.0001;0.0;0.0001
2017-08-22 23:00:00+00:00;1.11e-06;0.0;0;0;0;0.0;0.431;0.431;0.3258904;0.13882663;0.0001;0.0;0.0001
2017-08-23 00:00:00+00:00;1.72e-06;0.0;0;0;0;0.0;0.444;0.444;0.2646115;0.1323932;0.0001;0.0;0.0001
2017-08-23 01:00:00+00:00;3.82e-06;0.0;0;0;0;0.0;0.409;0.409;0.21936069;0.13916523;0.0001;0.0;0.0001
2017-08-23 02:00:00+00:00;5.31e-06;0.0;0;0;0;0.0;0.382;0.382;0.2397447;0.13577922;0.0001;0.0;0.0001
2017-08-23 03:00:00+00:00;6.74e-06;0.0;0;0;0;0.0;0.322;0.322;0.21913514;0.13679502;0.0001;0.0;0.0001
2017-08-23 04:00:00+00:00;9.26e-06;0.0;0;0;0;0.0;0.246;0.246;0.2188673;0.15609531;0.0001;0.0;0.0001
2017-08-23 05:00:00+00:00;8.672e-05;0.0;0;0;0;0.0;0.2;0.2;0.2907893;0.16049713;0.0001;0.0;0.0001
2017-08-23 06:00:00+00:00;0.00064221;1.5e-07;0;0;0;0.008;0.199;0.199;0.32257765;0.17810441;0.0001;0.005;0.0001
2017-08-23 07:00:00+00:00;0.00084243;0.00044122;0;0;0;0.169;0.123;0.123;0.37996582;0.2194138;0.0001;0.112;0.0001
2017-08-23 08:00:00+00:00;0.00066957;0.00164914;0;0;0;0.348;0.24;0.24;0.4448817;0.2190752;0.0001;0.271;0.0001
2017-08-23 09:00:00+00:00;0.00010895;0.00240801;0;0;0;0.459;0.566;0.566;0.42525892;0.2204296;0.0001;0.358;0.0001
2017-08-23 10:00:00+00:00;2e-05;0.00164858;0;0;0;0.524;0.574;0.574;0.42242546;0.15981993;0.0001;0.4;0.0001
2017-08-23 11:00:00+00:00;2.156e-05;0.00045851;0;0;0;0.583;0.497;0.497;0.43446414;0.14424426;0.0001;0.479;0.0001
2017-08-23 12:00:00+00:00;2.148e-05;6e-07;0;0;0;0.616;0.449;0.449;0.39503532;0.14526006;0.0001;0.558;0.0001
2017-08-23 13:00:00+00:00;2.172e-05;2.9e-07;0;0;0;0.625;0.408;0.408;0.43000955;0.14526006;0.0001;0.627;0.0001
2017-08-23 14:00:00+00:00;2.023e-05;0.0;0;0;0;0.557;0.372;0.372;0.45701906;0.17945882;0.0001;0.554;0.0001
2017-08-23 15:00:00+00:00;2.145e-05;0.0;0;0;0;0.421;0.334;0.334;0.43580334;0.175057;0.0001;0.377;0.0001
2017-08-23 16:00:00+00:00;2.506e-05;0.0;0;0;0;0.255;0.279;0.279;0.43588792;0.3961638;0.0001;0.198;0.0001
2017-08-23 17:00:00+00:00;6.974e-05;0.00028123;0;0;0;0.075;0.232;0.232;0.49258535;0.70496841;0.0001;0.048;0.0001
2017-08-23 18:00:00+00:00;0.00068716;0.00179083;0;0;0;0.0;0.289;0.289;0.7254649;0.72020548;0.0001;0.0;0.0001
2017-08-23 19:00:00+00:00;0.0007337;0.00182284;0;0;0;0.0;0.397;0.397;0.7218984;0.71478785;0.0001;0.0;0.0001
2017-08-23 20:00:00+00:00;8.209e-05;0.00031016;0;0;0;0.0;0.457;0.457;0.64017911;0.67618728;0.0001;0.0;0.0001
2017-08-23 21:00:00+00:00;1.82e-05;0.0;0;0;0;0.0;0.485;0.485;0.50830331;0.68329791;0.0001;0.0;0.0001
2017-08-23 22:00:00+00:00;1.19e-05;0.0;0;0;0;0.0;0.522;0.522;0.4240043;0.14187405;0.0001;0.0;0.0001
2017-08-23 23:00:00+00:00;1.33e-06;0.0;0;0;0;0.0;0.611;0.611;0.37467951;0.13713363;0.0001;0.0;0.0001
2017-08-24 00:00:00+00:00;1.36e-06;0.0;0;0;0;0.0;0.596;0.596;0.30773369;0.13747223;0.0001;0.0;0.0001
2017-08-24 01:00:00+00:00;2.93e-06;0.0;0;0;0;0.0;0.51;0.51;0.28500961;0.13848803;0.0001;0.0;0.0001
2017-08-24 02:00:00+00:00;4.2e-06;0.0;0;0;0;0.0;0.435;0.435;0.29001398;0.13544062;0.0001;0.0;0.0001
2017-08-24 03:00:00+00:00;5.43e-06;0.0;0;0;0;0.0;0.412;0.412;0.2788352;0.15033909;0.0001;0.0;0.0001
2017-08-24 04:00:00+00:00;7.58e-06;0.0;0;0;0;0.0;0.332;0.332;0.3387608;0.15981993;0.0001;0.0;0.0001
2017-08-24 05:00:00+00:00;8.633e-05;0.0;0;0;0;0.0;0.304;0.304;0.40257713;0.15880412;0.0001;0.0;0.0001
2017-08-24 06:00:00+00:00;0.00063941;1.2e-07;0;0;0;0.01;0.28;0.28;0.39156751;0.15575671;0.0001;0.008;0.0001
2017-08-24 07:00:00+00:00;0.00083722;0.00042434;0;0;0;0.206;0.145;0.145;0.39306177;0.2190752;0.0001;0.176;0.0001
2017-08-24 08:00:00+00:00;0.00066229;0.00165298;0;0;0;0.421;0.156;0.156;0.4000256;0.2207682;0.0001;0.425;0.0001
2017-08-24 09:00:00+00:00;0.00010675;0.00243345;0;0;0;0.576;0.447;0.447;0.42962893;0.21772079;0.0001;0.637;0.0001
2017-08-24 10:00:00+00:00;1.893e-05;0.00168049;0;0;0;0.675;0.633;0.633;0.42152326;0.15812692;0.0001;0.79;0.0001
2017-08-24 11:00:00+00:00;1.837e-05;0.00047408;0;0;0;0.718;0.681;0.681;0.41431978;0.15474091;0.0001;0.861;0.0001
2017-08-24 12:00:00+00:00;1.788e-05;1.16e-06;0;0;0;0.724;0.695;0.695;0.33220578;0.14559866;0.0001;0.876;0.0001
2017-08-24 13:00:00+00:00;1.811e-05;4.5e-07;0;0;0;0.675;0.663;0.663;0.36870246;0.14627587;0.0001;0.793;0.0001
2017-08-24 14:00:00+00:00;1.836e-05;2e-08;0;0;0;0.572;0.601;0.601;0.42902277;0.14458286;0.0001;0.623;0.0001
2017-08-24 15:00:00+00:00;1.92e-05;0.0;0;0;0;0.408;0.508;0.508;0.41305107;0.17099378;0.0001;0.369;0.0001
2017-08-24 16:00:00+00:00;2.211e-05;0.0;0;0;0;0.214;0.39;0.39;0.39251199;0.36264225;0.0001;0.134;0.0001
2017-08-24 17:00:00+00:00;6.991e-05;0.00027924;0;0;0;0.047;0.399;0.399;0.43010822;0.69853498;0.0001;0.018;0.0001
2017-08-24 18:00:00+00:00;0.00070337;0.0018044;0;0;0;0.0;0.544;0.544;0.71389141;0.72799332;0.0001;0.0;0.0001
2017-08-24 19:00:00+00:00;0.00072161;0.00182931;0;0;0;0.0;0.657;0.657;0.72168695;0.7242687;0.0001;0.0;0.0001
2017-08-24 20:00:00+00:00;8.046e-05;0.000307;0;0;0;0.0;0.651;0.651;0.61386034;0.67584868;0.0001;0.0;0.0001
2017-08-24 21:00:00+00:00;1.705e-05;0.0;0;0;0;0.0;0.587;0.587;0.50417294;0.67788029;0.0001;0.0;0.0001
2017-08-24 22:00:00+00:00;1.069e-05;0.0;0;0;0;0.0;0.505;0.505;0.35535276;0.15880412;0.0001;0.0;0.0001
2017-08-24 23:00:00+00:00;5.6e-07;0.0;0;0;0;0.0;0.481;0.481;0.35502853;0.13476341;0.0001;0.0;0.0001
2017-08-25 00:00:00+00:00;1.33e-06;0.0;0;0;0;0.0;0.455;0.455;0.29755578;0.13442481;0.0001;0.0;0.0001
2017-08-25 01:00:00+00:00;2.94e-06;0.0;0;0;0;0.0;0.459;0.459;0.28188011;0.13036159;0.0001;0.0;0.0001
2017-08-25 02:00:00+00:00;4.18e-06;0.0;0;0;0;0.0;0.454;0.454;0.29618839;0.13476341;0.0001;0.0;0.0001
2017-08-25 03:00:00+00:00;5.43e-06;0.0;0;0;0;0.0;0.427;0.427;0.31324555;0.13307041;0.0001;0.0;0.0001
2017-08-25 04:00:00+00:00;7.58e-06;0.0;0;0;0;0.0;0.379;0.379;0.30495661;0.15778832;0.0001;0.0;0.0001
2017-08-25 05:00:00+00:00;8.425e-05;0.0;0;0;0;0.0;0.376;0.376;0.36144259;0.16015853;0.0001;0.0;0.0001
2017-08-25 06:00:00+00:00;0.00063621;5e-08;0;0;0;0.008;0.409;0.409;0.39041157;0.18115182;0.0001;0.005;0.0001
2017-08-25 07:00:00+00:00;0.0008428;0.00043167;0;0;0;0.173;0.278;0.278;0.3578479;0.2197524;0.0001;0.122;0.0001
2017-08-25 08:00:00+00:00;0.00067;0.00164882;0;0;0;0.378;0.169;0.169;0.34531582;0.21839799;0.0001;0.347;0.0001
2017-08-25 09:00:00+00:00;0.00010593;0.0024362;0;0;0;0.533;0.505;0.505;0.3685051;0.21704359;0.0001;0.562;0.0001
2017-08-25 10:00:00+00:00;1.857e-05;0.00168367;0;0;0;0.634;0.738;0.738;0.36751832;0.15812692;0.0001;0.724;0.0001
2017-08-25 11:00:00+00:00;1.835e-05;0.00047464;0;0;0;0.691;0.794;0.794;0.40923083;0.15474091;0.0001;0.828;0.0001
2017-08-25 12:00:00+00:00;1.925e-05;7.7e-07;0;0;0;0.695;0.78;0.78;0.37418612;0.14729167;0.0001;0.84;0.0001
2017-08-25 13:00:00+00:00;1.864e-05;1.2e-07;0;0;0;0.654;0.714;0.714;0.38869175;0.14729167;0.0001;0.773;0.0001
2017-08-25 14:00:00+00:00;1.727e-05;0.0;0;0;0;0.568;0.645;0.645;0.43419631;0.14390565;0.0001;0.638;0.0001
2017-08-25 15:00:00+00:00;1.907e-05;0.0;0;0;0;0.433;0.591;0.591;0.42556905;0.14729167;0.0001;0.442;0.0001
2017-08-25 16:00:00+00:00;2.145e-05;0.0;0;0;0;0.255;0.514;0.514;0.39194812;0.35891763;0.0001;0.216;0.0001
2017-08-25 17:00:00+00:00;6.904e-05;0.00027873;0;0;0;0.063;0.462;0.462;0.46227718;0.63386209;0.0001;0.036;0.0001
2017-08-25 18:00:00+00:00;0.00069728;0.00179686;0;0;0;0.0;0.531;0.531;0.60413353;0.66535203;0.0001;0.0;0.0001
2017-08-25 19:00:00+00:00;0.00072585;0.00182819;0;0;0;0.0;0.552;0.552;0.67622469;0.67212406;0.0001;0.0;0.0001
2017-08-25 20:00:00+00:00;8.178e-05;0.00030887;0;0;0;0.0;0.577;0.577;0.67092429;0.66569063;0.0001;0.0;0.0001
2017-08-25 21:00:00+00:00;1.699e-05;0.0;0;0;0;0.0;0.594;0.594;0.519468;0.6592572;0.0001;0.0;0.0001
2017-08-25 22:00:00+00:00;1.06e-05;0.0;0;0;0;0.0;0.561;0.561;0.38464596;0.14255125;0.0001;0.0;0.0001
2017-08-25 23:00:00+00:00;5.6e-07;0.0;0;0;0;0.0;0.484;0.484;0.33730883;0.14018104;0.0001;0.0;0.0001
2017-08-26 00:00:00+00:00;1.84e-06;0.0;0;0;0;0.0;0.357;0.357;0.27729864;0.13882663;0.0001;0.0;0.0001
2017-08-26 01:00:00+00:00;3.88e-06;0.0;0;0;0;0.0;0.255;0.255;0.29699191;0.14221265;0.0001;0.0;0.0001
2017-08-26 02:00:00+00:00;5.42e-06;0.0;0;0;0;0.0;0.207;0.207;0.27401408;0.14322845;0.0001;0.0;0.0001
2017-08-26 03:00:00+00:00;6.67e-06;0.0;0;0;0;0.0;0.18;0.18;0.34535811;0.15033909;0.0001;0.0;0.0001
2017-08-26 04:00:00+00:00;9.11e-06;0.0;0;0;0;0.0;0.114;0.114;0.34131233;0.16388315;0.0001;0.0;0.0001
2017-08-26 05:00:00+00:00;8.849e-05;0.0;0;0;0;0.0;0.04;0.04;0.39148292;0.16117433;0.0001;0.0;0.0001
2017-08-26 06:00:00+00:00;0.00065082;1e-07;0;0;0;0.008;0.005;0.005;0.38554816;0.16760776;0.0001;0.004;0.0001
2017-08-26 07:00:00+00:00;0.00084749;0.00043367;0;0;0;0.163;0.002;0.002;0.376061;0.16489895;0.0001;0.107;0.0001
2017-08-26 08:00:00+00:00;0.00066483;0.00164524;0;0;0;0.358;0.015;0.015;0.40734185;0.16659196;0.0001;0.309;0.0001
2017-08-26 09:00:00+00:00;0.00010862;0.00241399;0;0;0;0.507;0.1;0.1;0.45584903;0.15711111;0.0001;0.512;0.0001
2017-08-26 10:00:00+00:00;2.068e-05;0.00166439;0;0;0;0.605;0.151;0.151;0.42744393;0.16151293;0.0001;0.664;0.0001
2017-08-26 11:00:00+00:00;2.096e-05;0.00046432;0;0;0;0.619;0.169;0.169;0.40601675;0.14085824;0.0001;0.652;0.0001
2017-08-26 12:00:00+00:00;1.992e-05;8.5e-07;0;0;0;0.629;0.156;0.156;0.33962071;0.14661447;0.0001;0.667;0.0001
2017-08-26 13:00:00+00:00;2.111e-05;8.9e-07;0;0;0;0.59;0.124;0.124;0.40323968;0.14221265;0.0001;0.607;0.0001
2017-08-26 14:00:00+00:00;2.086e-05;2.2e-07;0;0;0;0.505;0.136;0.136;0.4013507;0.14695307;0.0001;0.477;0.0001
2017-08-26 15:00:00+00:00;2.183e-05;0.0;0;0;0;0.372;0.154;0.154;0.42837432;0.16320594;0.0001;0.298;0.0001
2017-08-26 16:00:00+00:00;2.412e-05;0.0;0;0;0;0.204;0.12;0.12;0.42229858;0.37483191;0.0001;0.117;0.0001
2017-08-26 17:00:00+00:00;7.066e-05;0.00027654;0;0;0;0.044;0.344;0.344;0.49826637;0.69176295;0.0001;0.015;0.0001
2017-08-26 18:00:00+00:00;0.00069828;0.0017816;0;0;0;0.0;0.737;0.737;0.708591;0.72731611;0.0001;0.0;0.0001
2017-08-26 19:00:00+00:00;0.00072558;0.00180998;0;0;0;0.0;0.842;0.842;0.72308254;0.71986688;0.0001;0.0;0.0001
2017-08-26 20:00:00+00:00;8.15e-05;0.00030489;0;0;0;0.0;0.816;0.816;0.63651394;0.67821889;0.0001;0.0;0.0001
2017-08-26 21:00:00+00:00;1.852e-05;0.0;0;0;0;0.0;0.708;0.708;0.5367789;0.68295931;0.0001;0.0;0.0001
2017-08-26 22:00:00+00:00;1.205e-05;0.0;0;0;0;0.0;0.589;0.589;0.48416955;0.39819541;0.0001;0.0;0.0001
2017-08-26 23:00:00+00:00;1.37e-06;0.0;0;0;0;0.0;0.486;0.486;0.42566772;0.131716;0.0001;0.0;0.0001
2017-08-27 00:00:00+00:00;1.78e-06;0.0;0;0;0;0.0;0.372;0.372;0.36827955;0.1323932;0.0001;0.0;0.0001
2017-08-27 01:00:00+00:00;3.66e-06;0.0;0;0;0;0.0;0.347;0.347;0.31881379;0.13408621;0.0001;0.0;0.0001
2017-08-27 02:00:00+00:00;5.63e-06;0.0;0;0;0;0.0;0.373;0.373;0.32026576;0.131716;0.0001;0.0;0.0001
2017-08-27 03:00:00+00:00;6.51e-06;0.0;0;0;0;0.0;0.365;0.365;0.30729669;0.15135489;0.0001;0.0;0.0001
2017-08-27 04:00:00+00:00;9.28e-06;0.0;0;0;0;0.0;0.324;0.324;0.30931253;0.15609531;0.0001;0.0;0.0001
2017-08-27 05:00:00+00:00;9.137e-05;0.0;0;0;0;0.0;0.253;0.253;0.38185479;0.15609531;0.0001;0.0;0.0001
2017-08-27 06:00:00+00:00;0.00063795;1.9e-07;0;0;0;0.006;0.2;0.2;0.41798495;0.18115182;0.0001;0.003;0.0001
2017-08-27 07:00:00+00:00;0.00084254;0.00043171;0;0;0;0.145;0.219;0.219;0.44850458;0.2190752;0.0001;0.078;0.0001
2017-08-27 08:00:00+00:00;0.00067524;0.00165862;0;0;0;0.336;0.24;0.24;0.46776084;0.2187366;0.0001;0.266;0.0001
2017-08-27 09:00:00+00:00;0.0001109;0.00242748;0;0;0;0.487;0.223;0.223;0.40129432;0.18555364;0.0001;0.468;0.0001
2017-08-27 10:00:00+00:00;2.099e-05;0.0016629;0;0;0;0.589;0.151;0.151;0.37926098;0.16489895;0.0001;0.62;0.0001
2017-08-27 11:00:00+00:00;2.054e-05;0.000465;0;0;0;0.581;0.059;0.059;0.3107927;0.15778832;0.0001;0.549;0.0001
2017-08-27 12:00:00+00:00;2.136e-05;1.39e-06;0;0;0;0.588;0.016;0.016;0.339226;0.13950383;0.0001;0.552;0.0001
2017-08-27 13:00:00+00:00;2.097e-05;5.5e-07;0;0;0;0.548;0.001;0.001;0.38488561;0.13679502;0.0001;0.494;0.0001
2017-08-27 14:00:00+00:00;2.111e-05;5e-08;0;0;0;0.496;0.0;0.0;0.39682562;0.14018104;0.0001;0.449;0.0001
2017-08-27 15:00:00+00:00;2.177e-05;0.0;0;0;0;0.362;0.0;0.0;0.38597107;0.13747223;0.0001;0.272;0.0001
2017-08-27 16:00:00+00:00;2.381e-05;0.0;0;0;0;0.194;0.0;0.0;0.40996386;0.35587022;0.0001;0.1;0.0001
2017-08-27 17:00:00+00:00;7.165e-05;0.00029123;0;0;0;0.042;0.005;0.005;0.47114408;0.69819638;0.0001;0.012;0.0001
2017-08-27 18:00:00+00:00;0.00069633;0.00181149;0;0;0;0.0;0.123;0.123;0.69133649;0.71648086;0.0001;0.0;0.0001
2017-08-27 19:00:00+00:00;0.00073405;0.00181643;0;0;0;0.0;0.305;0.305;0.66043625;0.71885107;0.0001;0.0;0.0001
2017-08-27 20:00:00+00:00;8.237e-05;0.0003019;0;0;0;0.0;0.291;0.291;0.56201221;0.69413316;0.0001;0.0;0.0001
2017-08-27 21:00:00+00:00;1.822e-05;0.0;0;0;0;0.0;0.207;0.207;0.49835095;0.67381707;0.0001;0.0;0.0001
2017-08-27 22:00:00+00:00;1.19e-05;0.0;0;0;0;0.0;0.165;0.165;0.45405873;0.15914273;0.0001;0.0;0.0001
2017-08-27 23:00:00+00:00;1.13e-06;0.0;0;0;0;0.0;0.174;0.174;0.3223239;0.14356705;0.0001;0.0;0.0001
2017-08-28 00:00:00+00:00;1.95e-06;0.0;0;0;0;0.0;0.206;0.206;0.22326551;0.13510201;0.0001;0.0;0.0001
2017-08-28 01:00:00+00:00;3.58e-06;0.0;0;0;0;0.0;0.216;0.216;0.24070328;0.13916523;0.0001;0.0;0.0001
2017-08-28 02:00:00+00:00;5.53e-06;0.0;0;0;0;0.0;0.277;0.277;0.23686895;0.13679502;0.0001;0.0;0.0001
2017-08-28 03:00:00+00:00;6.84e-06;0.0;0;0;0;0.0;0.283;0.283;0.22824169;0.14085824;0.0001;0.0;0.0001
2017-08-28 04:00:00+00:00;9.03e-06;0.0;0;0;0;0.0;0.254;0.254;0.2246611;0.14932328;0.0001;0.0;0.0001
2017-08-28 05:00:00+00:00;8.885e-05;0.0;0;0;0;0.0;0.19;0.19;0.22645139;0.14966188;0.0001;0.0;0.0001
2017-08-28 06:00:00+00:00;0.00064059;1.4e-07;0;0;0;0.005;0.139;0.139;0.20760394;0.1540637;0.0001;0.002;0.0001
2017-08-28 07:00:00+00:00;0.00084816;0.00041964;0;0;0;0.128;0.139;0.139;0.27415505;0.14796887;0.0001;0.055;0.0001
2017-08-28 08:00:00+00:00;0.00066592;0.00162455;0;0;0;0.315;0.165;0.165;0.37476409;0.14864608;0.0001;0.222;0.0001
2017-08-28 09:00:00+00:00;0.00011122;0.00242217;0;0;0;0.471;0.23;0.23;0.39695249;0.16862357;0.0001;0.423;0.0001
2017-08-28 10:00:00+00:00;2.047e-05;0.0016599;0;0;0;0.574;0.154;0.154;0.38186889;0.1764114;0.0001;0.572;0.0001
2017-08-28 11:00:00+00:00;2.022e-05;0.00047185;0;0;0;0.567;0.054;0.054;0.40424055;0.14729167;0.0001;0.503;0.0001
2017-08-28 12:00:00+00:00;2.021e-05;3.9e-07;0;0;0;0.567;0.015;0.015;0.3623025;0.14966188;0.0001;0.488;0.0001
2017-08-28 13:00:00+00:00;2.036e-05;1.8e-07;0;0;0;0.522;0.002;0.002;0.37139495;0.17302539;0.0001;0.422;0.0001
2017-08-28 14:00:00+00:00;2.07e-05;0.0;0;0;0;0.495;0.0;0.0;0.40931541;0.15812692;0.0001;0.438;0.0001
2017-08-28 15:00:00+00:00;2.331e-05;0.0;0;0;0;0.359;0.0;0.0;0.42118493;0.1540637;0.0001;0.261;0.0001
2017-08-28 16:00:00+00:00;2.553e-05;0.0;0;0;0;0.194;0.001;0.001;0.36187959;0.38228114;0.0001;0.096;0.0001
2017-08-28 17:00:00+00:00;7.049e-05;0.00028175;0;0;0;0.042;0.009;0.009;0.36551657;0.69345596;0.0001;0.012;0.0001
2017-08-28 18:00:00+00:00;0.00070794;0.00179414;0;0;0;0.0;0.094;0.094;0.50011306;0.71986688;0.0001;0.0;0.0001
2017-08-28 19:00:00+00:00;0.00072432;0.00180734;0;0;0;0.0;0.305;0.305;0.47679691;0.78115376;0.0001;0.0;0.0001
2017-08-28 20:00:00+00:00;8.372e-05;0.00029885;0;0;0;0.0;0.441;0.441;0.53208466;0.77539753;0.0001;0.0;0.0001
2017-08-28 21:00:00+00:00;1.816e-05;0.0;0;0;0;0.0;0.389;0.389;0.52490937;0.74390759;0.0001;0.0;0.0001
2017-08-28 22:00:00+00:00;1.167e-05;0.0;0;0;0;0.0;0.323;0.323;0.46195295;0.22246121;0.0001;0.0;0.0001
2017-08-28 23:00:00+00:00;1.11e-06;0.0;0;0;0;0.0;0.32;0.32;0.44571341;0.18995546;0.0001;0.0;0.0001
2017-08-29 00:00:00+00:00;1.84e-06;0.0;0;0;0;0.0;0.336;0.336;0.37637113;0.16320594;0.0001;0.0;0.0001
2017-08-29 01:00:00+00:00;3.77e-06;0.0;0;0;0;0.0;0.342;0.342;0.30491432;0.16117433;0.0001;0.0;0.0001
2017-08-29 02:00:00+00:00;5e-06;0.0;0;0;0;0.0;0.379;0.379;0.30425177;0.16151293;0.0001;0.0;0.0001
2017-08-29 03:00:00+00:00;6.78e-06;0.0;0;0;0;0.0;0.393;0.393;0.28406512;0.16523755;0.0001;0.0;0.0001
2017-08-29 04:00:00+00:00;9.05e-06;0.0;0;0;0;0.0;0.385;0.385;0.2734925;0.16388315;0.0001;0.0;0.0001
2017-08-29 05:00:00+00:00;9.008e-05;0.0;0;0;0;0.0;0.34;0.34;0.29608971;0.18487644;0.0001;0.0;0.0001
2017-08-29 06:00:00+00:00;0.00064311;4e-07;0;0;0;0.005;0.266;0.266;0.25282656;0.18149043;0.0001;0.001;0.0001
2017-08-29 07:00:00+00:00;0.00083977;0.00043239;0;0;0;0.11;0.138;0.138;0.233965;0.24582472;0.0001;0.036;0.0001
2017-08-29 08:00:00+00:00;0.00066627;0.0016453;0;0;0;0.276;0.279;0.279;0.27041939;0.24447031;0.0001;0.15;0.0001
2017-08-29 09:00:00+00:00;0.00011016;0.00241771;0;0;0;0.43;0.428;0.428;0.19572032;0.24480891;0.0001;0.323;0.0001
2017-08-29 10:00:00+00:00;2.032e-05;0.00166801;0;0;0;0.546;0.535;0.535;0.21919153;0.18453784;0.0001;0.493;0.0001
2017-08-29 11:00:00+00:00;2.015e-05;0.00047193;0;0;0;0.585;0.481;0.481;0.22680382;0.18453784;0.0001;0.536;0.0001
2017-08-29 12:00:00+00:00;2.079e-05;3.3e-07;0;0;0;0.595;0.358;0.358;0.20207798;0.16963937;0.0001;0.547;0.0001
2017-08-29 13:00:00+00:00;2.078e-05;1.5e-07;0;0;0;0.523;0.269;0.269;0.2299615;0.17099378;0.0001;0.418;0.0001
2017-08-29 14:00:00+00:00;2.169e-05;0.0;0;0;0;0.517;0.219;0.219;0.24101342;0.17065518;0.0001;0.484;0.0001
2017-08-29 15:00:00+00:00;2.251e-05;0.0;0;0;0;0.381;0.206;0.206;0.28261315;0.16963937;0.0001;0.303;0.0001
2017-08-29 16:00:00+00:00;2.456e-05;0.0;0;0;0;0.204;0.214;0.214;0.2983734;0.37889512;0.0001;0.104;0.0001
2017-08-29 17:00:00+00:00;7.061e-05;0.00028584;0;0;0;0.023;0.283;0.283;0.3436383;0.71580366;0.0001;0.003;0.0001
2017-08-29 18:00:00+00:00;0.00070473;0.00178408;0;0;0;0.0;0.482;0.482;0.57613724;0.73747416;0.0001;0.0;0.0001
2017-08-29 19:00:00+00:00;0.00073532;0.0018129;0;0;0;0.0;0.563;0.563;0.57468526;0.77438173;0.0001;0.0;0.0001
2017-08-29 20:00:00+00:00;8.239e-05;0.00031541;0;0;0;0.0;0.567;0.567;0.54226256;0.77167291;0.0001;0.0;0.0001
2017-08-29 21:00:00+00:00;1.826e-05;0.0;0;0;0;0.0;0.551;0.551;0.45648338;0.73273374;0.0001;0.0;0.0001
2017-08-29 22:00:00+00:00;1.159e-05;0.0;0;0;0;0.0;0.528;0.528;0.35404176;0.22449282;0.0001;0.0;0.0001
2017-08-29 23:00:00+00:00;1e-06;0.0;0;0;0;0.0;0.494;0.494;0.26355424;0.16659196;0.0001;0.0;0.0001
2017-08-30 00:00:00+00:00;1.79e-06;0.0;0;0;0;0.0;0.477;0.477;0.18916529;0.17065518;0.0001;0.0;0.0001
2017-08-30 01:00:00+00:00;3.99e-06;0.0;0;0;0;0.0;0.414;0.414;0.15121664;0.17031657;0.0001;0.0;0.0001
2017-08-30 02:00:00+00:00;5.57e-06;0.0;0;0;0;0.0;0.357;0.357;0.2006965;0.17167098;0.0001;0.0;0.0001
2017-08-30 03:00:00+00:00;7.01e-06;0.0;0;0;0;0.0;0.291;0.291;0.19879342;0.16591475;0.0001;0.0;0.0001
2017-08-30 04:00:00+00:00;9.1e-06;0.0;0;0;0;0.0;0.232;0.232;0.20763213;0.16185154;0.0001;0.0;0.0001
2017-08-30 05:00:00+00:00;8.826e-05;0.0;0;0;0;0.0;0.218;0.218;0.23421875;0.18318343;0.0001;0.0;0.0001
2017-08-30 06:00:00+00:00;0.0006381;6e-08;0;0;0;0.003;0.2;0.2;0.25860625;0.18589225;0.0001;0.001;0.0001
2017-08-30 07:00:00+00:00;0.00084976;0.00043634;0;0;0;0.094;0.121;0.121;0.35392898;0.24785633;0.0001;0.019;0.0001
2017-08-30 08:00:00+00:00;0.00067571;0.00164768;0;0;0;0.223;0.405;0.405;0.40122383;0.24616332;0.0001;0.065;0.0001
2017-08-30 09:00:00+00:00;0.00011176;0.00242734;0;0;0;0.338;0.415;0.415;0.46324986;0.18419924;0.0001;0.129;0.0001
2017-08-30 10:00:00+00:00;1.943e-05;0.00166404;0;0;0;0.444;0.302;0.302;0.48556513;0.18250623;0.0001;0.223;0.0001
2017-08-30 11:00:00+00:00;2.057e-05;0.00046017;0;0;0;0.482;0.157;0.157;0.45655387;0.18250623;0.0001;0.251;0.0001
2017-08-30 12:00:00+00:00;2.107e-05;4.5e-07;0;0;0;0.505;0.079;0.079;0.38501248;0.17912022;0.0001;0.285;0.0001
2017-08-30 13:00:00+00:00;1.961e-05;5e-08;0;0;0;0.446;0.043;0.043;0.37538435;0.16693056;0.0001;0.209;0.0001
2017-08-30 14:00:00+00:00;2.138e-05;0.0;0;0;0;0.365;0.03;0.03;0.42377875;0.15778832;0.0001;0.138;0.0001
2017-08-30 15:00:00+00:00;2.308e-05;0.0;0;0;0;0.251;0.028;0.028;0.43463331;0.16456035;0.0001;0.067;0.0001
2017-08-30 16:00:00+00:00;2.557e-05;0.0;0;0;0;0.125;0.031;0.031;0.44317598;0.38058813;0.0001;0.02;0.0001
2017-08-30 17:00:00+00:00;7.11e-05;0.0002876;0;0;0;0.024;0.043;0.043;0.42425804;0.71207904;0.0001;0.003;0.0001
2017-08-30 18:00:00+00:00;0.00070303;0.00179752;0;0;0;0.0;0.066;0.066;0.71976978;0.87426918;0.0001;0.0;0.0001
2017-08-30 19:00:00+00:00;0.00073067;0.0018226;0;0;0;0.0;0.092;0.092;0.7134826;0.8773166;0.0001;0.0;0.0001
2017-08-30 20:00:00+00:00;8.27e-05;0.00030842;0;0;0;0.0;0.115;0.115;0.63703552;0.87663939;0.0001;0.0;0.0001
2017-08-30 21:00:00+00:00;1.824e-05;0.0;0;0;0;0.0;0.134;0.134;0.51053061;0.84311784;0.0001;0.0;0.0001
2017-08-30 22:00:00+00:00;1.176e-05;0.0;0;0;0;0.0;0.15;0.15;0.42005719;0.55869254;0.0001;0.0;0.0001
2017-08-30 23:00:00+00:00;1.03e-06;0.0;0;0;0;0.0;0.181;0.181;0.34855809;0.16625336;0.0001;0.0;0.0001
2017-08-31 00:00:00+00:00;1.36e-06;0.0;0;0;0;0.0;0.23;0.23;0.26022739;0.16456035;0.0001;0.0;0.0001
2017-08-31 01:00:00+00:00;2.9e-06;0.0;0;0;0;0.0;0.259;0.259;0.2210946;0.15880412;0.0001;0.0;0.0001
2017-08-31 02:00:00+00:00;4.15e-06;0.0;0;0;0;0.0;0.209;0.209;0.22725492;0.15846552;0.0001;0.0;0.0001
2017-08-31 03:00:00+00:00;5.49e-06;0.0;0;0;0;0.0;0.175;0.175;0.22189812;0.16083573;0.0001;0.0;0.0001
2017-08-31 04:00:00+00:00;7.63e-06;0.0;0;0;0;0.0;0.133;0.133;0.21225589;0.19334148;0.0001;0.0;0.0001
2017-08-31 05:00:00+00:00;8.889e-05;0.0;0;0;0;0.0;0.085;0.085;0.28047043;0.19401868;0.0001;0.0;0.0001
2017-08-31 06:00:00+00:00;0.0006383;2.1e-07;0;0;0;0.001;0.051;0.051;0.32550978;0.19401868;0.0001;0.0;0.0001
2017-08-31 07:00:00+00:00;0.00083609;0.00043911;0;0;0;0.071;0.013;0.013;0.37968388;0.25361255;0.0001;0.007;0.0001
2017-08-31 08:00:00+00:00;0.0006769;0.00166455;0;0;0;0.202;0.004;0.004;0.41360084;0.25124234;0.0001;0.035;0.0001
2017-08-31 09:00:00+00:00;0.00010808;0.00243773;0;0;0;0.312;0.016;0.016;0.43295578;0.25767577;0.0001;0.069;0.0001
2017-08-31 10:00:00+00:00;1.804e-05;0.00167354;0;0;0;0.397;0.016;0.016;0.42203074;0.19198707;0.0001;0.101;0.0001
2017-08-31 11:00:00+00:00;1.934e-05;0.00047884;0;0;0;0.342;0.01;0.01;0.41713915;0.19198707;0.0001;0.05;0.0001
2017-08-31 12:00:00+00:00;1.871e-05;8.7e-07;0;0;0;0.295;0.01;0.01;0.38454729;0.17708861;0.0001;0.03;0.0001
2017-08-31 13:00:00+00:00;1.842e-05;3.7e-07;0;0;0;0.291;0.01;0.01;0.40349342;0.17912022;0.0001;0.032;0.0001
2017-08-31 14:00:00+00:00;1.785e-05;4e-08;0;0;0;0.28;0.012;0.012;0.40636917;0.18081322;0.0001;0.037;0.0001
2017-08-31 15:00:00+00:00;1.919e-05;0.0;0;0;0;0.191;0.018;0.018;0.42344043;0.1753956;0.0001;0.02;0.0001
2017-08-31 16:00:00+00:00;2.217e-05;0.0;0;0;0;0.107;0.031;0.031;0.40621411;0.1753956;0.0001;0.01;0.0001
2017-08-31 17:00:00+00:00;6.835e-05;0.00028554;0;0;0;0.041;0.091;0.091;0.39237102;0.72088268;0.0001;0.006;0.0001
2017-08-31 18:00:00+00:00;0.00070209;0.00180869;0;0;0;0.0;0.293;0.293;0.7050245;0.88205702;0.0001;0.0;0.0001
2017-08-31 19:00:00+00:00;0.00073092;0.00183563;0;0;0;0.0;0.468;0.468;0.67506875;0.8783324;0.0001;0.0;0.0001
2017-08-31 20:00:00+00:00;8.151e-05;0.00030438;0;0;0;0.0;0.531;0.531;0.62916949;0.87426918;0.0001;0.0;0.0001
2017-08-31 21:00:00+00:00;1.705e-05;0.0;0;0;0;0.0;0.515;0.515;0.51201078;0.84379504;0.0001;0.0;0.0001
2017-08-31 22:00:00+00:00;1.074e-05;0.0;0;0;0;0.0;0.448;0.448;0.4253294;0.526864;0.0001;0.0;0.0001
2017-08-31 23:00:00+00:00;5.6e-07;0.0;0;0;0;0.0;0.372;0.372;0.37459493;0.16659196;0.0001;0.0;0.0001
2017-09-01 00:00:00+00:00;1.33e-06;0.0;0;0;0;0.0;0.301;0.301;0.66847144;0.17404119;0.0001;0.0;0.0001
2017-09-01 01:00:00+00:00;2.91e-06;0.0;0;0;0;0.0;0.243;0.243;0.69264749;0.1753956;0.0001;0.0;0.0001
2017-09-01 02:00:00+00:00;4.15e-06;0.0;0;0;0;0.0;0.199;0.199;0.66899302;0.17675;0.0001;0.0;0.0001
2017-09-01 03:00:00+00:00;5.42e-06;0.0;0;0;0;0.0;0.159;0.159;0.66366442;0.19029407;0.0001;0.0;0.0001
2017-09-01 04:00:00+00:00;7.61e-06;0.0;0;0;0;0.0;0.112;0.112;0.66621595;0.19130987;0.0001;0.0;0.0001
2017-09-01 05:00:00+00:00;8.49e-05;0.0;0;0;0;0.0;0.06;0.06;0.62085236;0.19029407;0.0001;0.0;0.0001
2017-09-01 06:00:00+00:00;0.00063925;1.1e-07;0;0;0;0.008;0.037;0.037;0.66178954;0.25158095;0.0001;0.003;0.0001
2017-09-01 07:00:00+00:00;0.00085195;0.00043686;0;0;0;0.136;0.04;0.04;0.67598505;0.25293535;0.0001;0.061;0.0001
2017-09-01 08:00:00+00:00;0.00067218;0.00165534;0;0;0;0.369;0.063;0.063;0.69576289;0.28374809;0.0001;0.308;0.0001
2017-09-01 09:00:00+00:00;0.00010714;0.0024252;0;0;0;0.562;0.16;0.16;0.71093107;0.30338698;0.0001;0.585;0.0001
2017-09-01 10:00:00+00:00;1.875e-05;0.00167396;0;0;0;0.664;0.133;0.133;0.69552324;0.27155844;0.0001;0.743;0.0001
2017-09-01 11:00:00+00:00;1.837e-05;0.000473;0;0;0;0.714;0.054;0.054;0.67678856;0.25665997;0.0001;0.831;0.0001
2017-09-01 12:00:00+00:00;1.786e-05;6.2e-07;0;0;0;0.715;0.017;0.017;0.66312874;0.25428976;0.0001;0.842;0.0001
2017-09-01 13:00:00+00:00;1.748e-05;2.4e-07;0;0;0;0.671;0.007;0.007;0.68720612;0.24853353;0.0001;0.781;0.0001
2017-09-01 14:00:00+00:00;1.893e-05;0.0;0;0;0;0.579;0.005;0.005;0.73340141;0.42663794;0.0001;0.636;0.0001
2017-09-01 15:00:00+00:00;1.96e-05;0.0;0;0;0;0.44;0.005;0.005;0.72072837;0.43747319;0.0001;0.434;0.0001
2017-09-01 16:00:00+00:00;2.249e-05;0.0;0;0;0;0.252;0.006;0.006;0.71262269;0.43171697;0.0001;0.196;0.0001
2017-09-01 17:00:00+00:00;6.764e-05;0.00027791;0;0;0;0.066;0.01;0.01;0.70038665;0.67652588;0.0001;0.034;0.0001
2017-09-01 18:00:00+00:00;0.000704;0.0017882;0;0;0;0.0;0.031;0.031;0.73729214;0.87562359;0.0001;0.0;0.0001
2017-09-01 19:00:00+00:00;0.00072678;0.00182446;0;0;0;0.0;0.085;0.085;0.78854819;0.87156037;0.0001;0.0;0.0001
2017-09-01 20:00:00+00:00;8.16e-05;0.0003163;0;0;0;0.0;0.16;0.16;0.76915096;0.87156037;0.0001;0.0;0.0001
2017-09-01 21:00:00+00:00;1.704e-05;0.0;0;0;0;0.0;0.231;0.231;0.73238644;0.86952876;0.0001;0.0;0.0001
2017-09-01 22:00:00+00:00;1.068e-05;0.0;0;0;0;0.0;0.267;0.267;0.72743846;0.58781228;0.0001;0.0;0.0001
2017-09-01 23:00:00+00:00;5.5e-07;0.0;0;0;0;0.0;0.303;0.303;0.69204133;0.16726916;0.0001;0.0;0.0001
2017-09-02 00:00:00+00:00;1.89e-06;0.0;0;0;0;0.0;0.338;0.338;0.62269905;0.25124234;0.0001;0.0;0.0001
2017-09-02 01:00:00+00:00;3.85e-06;0.0;0;0;0;0.0;0.358;0.358;0.59511156;0.25191955;0.0001;0.0;0.0001
2017-09-02 02:00:00+00:00;5.53e-06;0.0;0;0;0;0.0;0.412;0.412;0.55604926;0.25259675;0.0001;0.0;0.0001
2017-09-02 03:00:00+00:00;6.81e-06;0.0;0;0;0;0.0;0.445;0.445;0.55523164;0.25225815;0.0001;0.0;0.0001
2017-09-02 04:00:00+00:00;9.28e-06;0.0;0;0;0;0.0;0.484;0.484;0.56663597;0.25496696;0.0001;0.0;0.0001
2017-09-02 05:00:00+00:00;8.794e-05;0.0;0;0;0;0.0;0.478;0.478;0.59667631;0.25225815;0.0001;0.0;0.0001
2017-09-02 06:00:00+00:00;0.00064597;8e-08;0;0;0;0.013;0.431;0.431;0.60135645;0.25598277;0.0001;0.009;0.0001
2017-09-02 07:00:00+00:00;0.00084352;0.00044611;0;0;0;0.198;0.326;0.326;0.66143712;0.25598277;0.0001;0.165;0.0001
2017-09-02 08:00:00+00:00;0.00066796;0.00165567;0;0;0;0.401;0.526;0.526;0.63986898;0.25598277;0.0001;0.402;0.0001
2017-09-02 09:00:00+00:00;0.00010976;0.00241775;0;0;0;0.553;0.518;0.518;0.63790952;0.51027252;0.0001;0.612;0.0001
2017-09-02 10:00:00+00:00;2.177e-05;0.0016606;0;0;0;0.653;0.414;0.414;0.65682746;0.55632233;0.0001;0.771;0.0001
2017-09-02 11:00:00+00:00;2.079e-05;0.00047167;0;0;0;0.703;0.324;0.324;0.64232183;0.55835394;0.0001;0.859;0.0001
2017-09-02 12:00:00+00:00;1.95e-05;9.2e-07;0;0;0;0.706;0.266;0.266;0.61607354;0.55564513;0.0001;0.867;0.0001
2017-09-02 13:00:00+00:00;2.029e-05;2.6e-07;0;0;0;0.659;0.227;0.227;0.6331025;0.55801534;0.0001;0.781;0.0001
2017-09-02 14:00:00+00:00;2.007e-05;2e-08;0;0;0;0.57;0.194;0.194;0.64357644;0.55733814;0.0001;0.635;0.0001
2017-09-02 15:00:00+00:00;2.187e-05;0.0;0;0;0;0.432;0.169;0.169;0.66091554;0.58476486;0.0001;0.43;0.0001
2017-09-02 16:00:00+00:00;2.511e-05;0.0;0;0;0;0.25;0.148;0.148;0.67817005;0.58137885;0.0001;0.199;0.0001
2017-09-02 17:00:00+00:00;7.3e-05;0.00027803;0;0;0;0.066;0.146;0.146;0.66933134;0.78860299;0.0001;0.035;0.0001
2017-09-02 18:00:00+00:00;0.00071319;0.00179537;0;0;0;0.0;0.263;0.263;0.71651342;0.87528499;0.0001;0.0;0.0001
2017-09-02 19:00:00+00:00;0.00073568;0.00181565;0;0;0;0.0;0.431;0.431;0.79748558;0.87257617;0.0001;0.0;0.0001
2017-09-02 20:00:00+00:00;8.277e-05;0.00030878;0;0;0;0.0;0.535;0.535;0.72735388;0.86851296;0.0001;0.0;0.0001
2017-09-02 21:00:00+00:00;1.816e-05;0.0;0;0;0;0.0;0.503;0.503;0.66187412;0.86885156;0.0001;0.0;0.0001
2017-09-02 22:00:00+00:00;1.169e-05;0.0;0;0;0;0.0;0.459;0.459;0.6317915;0.60034053;0.0001;0.0;0.0001
2017-09-02 23:00:00+00:00;1.36e-06;0.0;0;0;0;0.0;0.363;0.363;0.62991662;0.42900815;0.0001;0.0;0.0001
2017-09-03 00:00:00+00:00;1.79e-06;0.0;0;0;0;0.0;0.281;0.281;0.67413836;0.23126485;0.0001;0.0;0.0001
2017-09-03 01:00:00+00:00;3.58e-06;0.0;0;0;0;0.0;0.231;0.231;0.64873588;0.23160346;0.0001;0.0;0.0001
2017-09-03 02:00:00+00:00;5.2e-06;0.0;0;0;0;0.0;0.192;0.192;0.64302667;0.23363506;0.0001;0.0;0.0001
2017-09-03 03:00:00+00:00;6.78e-06;0.0;0;0;0;0.0;0.142;0.142;0.62661796;0.23972989;0.0001;0.0;0.0001
2017-09-03 04:00:00+00:00;9.05e-06;0.0;0;0;0;0.0;0.117;0.117;0.6228964;0.2417615;0.0001;0.0;0.0001
2017-09-03 05:00:00+00:00;9.155e-05;0.0;0;0;0;0.0;0.1;0.1;0.66068999;0.2421001;0.0001;0.0;0.0001
2017-09-03 06:00:00+00:00;0.00064346;8e-08;0;0;0;0.004;0.083;0.083;0.67281326;0.22449282;0.0001;0.001;0.0001
2017-09-03 07:00:00+00:00;0.00084286;0.00044209;0;0;0;0.058;0.026;0.026;0.67697182;0.22584723;0.0001;0.005;0.0001
2017-09-03 08:00:00+00:00;0.00067298;0.00165578;0;0;0;0.126;0.094;0.094;0.69421224;0.29085872;0.0001;0.011;0.0001
2017-09-03 09:00:00+00:00;0.00010923;0.00242953;0;0;0;0.251;0.16;0.16;0.70127475;0.29018152;0.0001;0.043;0.0001
2017-09-03 10:00:00+00:00;1.944e-05;0.001665;0;0;0;0.492;0.093;0.093;0.69187217;0.29322894;0.0001;0.29;0.0001
2017-09-03 11:00:00+00:00;2.063e-05;0.00046919;0;0;0;0.644;0.041;0.041;0.70722361;0.25936878;0.0001;0.609;0.0001
2017-09-03 12:00:00+00:00;2.084e-05;6.3e-07;0;0;0;0.646;0.015;0.015;0.67602734;0.26072319;0.0001;0.615;0.0001
2017-09-03 13:00:00+00:00;2.099e-05;1.1e-07;0;0;0;0.566;0.005;0.005;0.7032483;0.26207759;0.0001;0.441;0.0001
2017-09-03 14:00:00+00:00;2.244e-05;2e-08;0;0;0;0.387;0.002;0.002;0.65302132;0.25903018;0.0001;0.156;0.0001
2017-09-03 15:00:00+00:00;2.243e-05;0.0;0;0;0;0.203;0.001;0.001;0.65011737;0.47336495;0.0001;0.031;0.0001
2017-09-03 16:00:00+00:00;2.505e-05;0.0;0;0;0;0.098;0.001;0.001;0.64876408;0.46591572;0.0001;0.009;0.0001
2017-09-03 17:00:00+00:00;7.167e-05;0.00027976;0;0;0;0.024;0.003;0.003;0.67764847;0.74356899;0.0001;0.002;0.0001
2017-09-03 18:00:00+00:00;0.00070331;0.00179573;0;0;0;0.0;0.026;0.026;0.76590869;0.8793482;0.0001;0.0;0.0001
2017-09-03 19:00:00+00:00;0.00074269;0.00181826;0;0;0;0.0;0.102;0.102;0.87494763;0.87020596;0.0001;0.0;0.0001
2017-09-03 20:00:00+00:00;8.348e-05;0.00030642;0;0;0;0.0;0.22;0.22;0.79795077;0.87426918;0.0001;0.0;0.0001
2017-09-03 21:00:00+00:00;1.831e-05;0.0;0;0;0;0.0;0.305;0.305;0.70045713;0.88002541;0.0001;0.0;0.0001
2017-09-03 22:00:00+00:00;1.175e-05;0.0;0;0;0;0.0;0.357;0.357;0.6966228;0.35350001;0.0001;0.0;0.0001
2017-09-03 23:00:00+00:00;1.25e-06;0.0;0;0;0;0.0;0.381;0.381;0.69457876;0.23668248;0.0001;0.0;0.0001
2017-09-04 00:00:00+00:00;1.75e-06;0.0;0;0;0;0.0;0.361;0.361;0.66673753;0.23465087;0.0001;0.0;0.0001
2017-09-04 01:00:00+00:00;3.98e-06;0.0;0;0;0;0.0;0.313;0.313;0.66317103;0.22991045;0.0001;0.0;0.0001
2017-09-04 02:00:00+00:00;5.58e-06;0.0;0;0;0;0.0;0.274;0.274;0.66663885;0.23092625;0.0001;0.0;0.0001
2017-09-04 03:00:00+00:00;7.04e-06;0.0;0;0;0;0.0;0.241;0.241;0.65763098;0.25124234;0.0001;0.0;0.0001
2017-09-04 04:00:00+00:00;9.17e-06;0.0;0;0;0;0.0;0.208;0.208;0.65527681;0.25903018;0.0001;0.0;0.0001
2017-09-04 05:00:00+00:00;8.916e-05;0.0;0;0;0;0.0;0.187;0.187;0.67299652;0.25327395;0.0001;0.0;0.0001
2017-09-04 06:00:00+00:00;0.0006384;9e-08;0;0;0;0.0;0.148;0.148;0.69232326;0.25835298;0.0001;0.0;0.0001
2017-09-04 07:00:00+00:00;0.00085144;0.00043737;0;0;0;0.028;0.05;0.05;0.62288231;0.25801438;0.0001;0.001;0.0001
2017-09-04 08:00:00+00:00;0.00067298;0.0016502;0;0;0;0.072;0.127;0.127;0.66744237;0.25598277;0.0001;0.002;0.0001
2017-09-04 09:00:00+00:00;0.00011192;0.00242603;0;0;0;0.126;0.133;0.133;0.67033222;0.24040709;0.0001;0.004;0.0001
2017-09-04 10:00:00+00:00;1.974e-05;0.00165226;0;0;0;0.182;0.074;0.074;0.66888025;0.26681802;0.0001;0.008;0.0001
2017-09-04 11:00:00+00:00;2.078e-05;0.00046545;0;0;0;0.216;0.03;0.03;0.66897892;0.45372607;0.0001;0.01;0.0001
2017-09-04 12:00:00+00:00;2.126e-05;1.13e-06;0;0;0;0.227;0.01;0.01;0.6530777;0.45271026;0.0001;0.011;0.0001
2017-09-04 13:00:00+00:00;2.128e-05;3.1e-07;0;0;0;0.188;0.003;0.003;0.68734709;0.46456131;0.0001;0.007;0.0001
2017-09-04 14:00:00+00:00;2.206e-05;1.8e-07;0;0;0;0.158;0.002;0.002;0.69828622;0.45677348;0.0001;0.006;0.0001
2017-09-04 15:00:00+00:00;2.361e-05;0.0;0;0;0;0.112;0.003;0.003;0.68934883;0.50079168;0.0001;0.004;0.0001
2017-09-04 16:00:00+00:00;2.475e-05;0.0;0;0;0;0.062;0.011;0.011;0.68652947;0.49435825;0.0001;0.002;0.0001
2017-09-04 17:00:00+00:00;7.249e-05;0.00028308;0;0;0;0.015;0.041;0.041;0.6881929;0.74424619;0.0001;0.001;0.0001
2017-09-04 18:00:00+00:00;0.00070705;0.00179401;0;0;0;0.0;0.165;0.165;0.7863209;0.88781324;0.0001;0.0;0.0001
2017-09-04 19:00:00+00:00;0.00073626;0.00182428;0;0;0;0.0;0.328;0.328;0.87094413;0.88713604;0.0001;0.0;0.0001
2017-09-04 20:00:00+00:00;8.174e-05;0.00030868;0;0;0;0.0;0.448;0.448;0.77060293;0.88849045;0.0001;0.0;0.0001
2017-09-04 21:00:00+00:00;1.856e-05;0.0;0;0;0;0.0;0.446;0.446;0.726353;0.87663939;0.0001;0.0;0.0001
2017-09-04 22:00:00+00:00;1.186e-05;0.0;0;0;0;0.0;0.408;0.408;0.7112412;0.35891763;0.0001;0.0;0.0001
2017-09-04 23:00:00+00:00;1.14e-06;0.0;0;0;0;0.0;0.408;0.408;0.69921661;0.23465087;0.0001;0.0;0.0001
2017-09-05 00:00:00+00:00;1.73e-06;0.0;0;0;0;0.0;0.382;0.382;0.43667734;0.14627587;0.0001;0.0;0.0001
2017-09-05 01:00:00+00:00;4.25e-06;0.0;0;0;0;0.0;0.332;0.332;0.40508636;0.14424426;0.0001;0.0;0.0001
2017-09-05 02:00:00+00:00;5.55e-06;0.0;0;0;0;0.0;0.273;0.273;0.38857898;0.14593726;0.0001;0.0;0.0001
2017-09-05 03:00:00+00:00;6.98e-06;0.0;0;0;0;0.0;0.217;0.217;0.36013158;0.14661447;0.0001;0.0;0.0001
2017-09-05 04:00:00+00:00;9.4e-06;0.0;0;0;0;0.0;0.175;0.175;0.36313421;0.14559866;0.0001;0.0;0.0001
2017-09-05 05:00:00+00:00;8.929e-05;0.0;0;0;0;0.0;0.134;0.134;0.38427945;0.13510201;0.0001;0.0;0.0001
2017-09-05 06:00:00+00:00;0.00064816;9e-08;0;0;0;0.003;0.121;0.121;0.33284013;0.13476341;0.0001;0.0;0.0001
2017-09-05 07:00:00+00:00;0.00084492;0.00043048;0;0;0;0.056;0.04;0.04;0.35139156;0.17404119;0.0001;0.004;0.0001
2017-09-05 08:00:00+00:00;0.00067764;0.00165052;0;0;0;0.157;0.059;0.059;0.39145473;0.17742721;0.0001;0.018;0.0001
2017-09-05 09:00:00+00:00;0.00011012;0.00241813;0;0;0;0.286;0.047;0.047;0.42280607;0.18013602;0.0001;0.055;0.0001
2017-09-05 10:00:00+00:00;2.037e-05;0.00166075;0;0;0;0.41;0.013;0.013;0.43261746;0.17844301;0.0001;0.127;0.0001
2017-09-05 11:00:00+00:00;2.184e-05;0.00046685;0;0;0;0.533;0.003;0.003;0.42568182;0.14492146;0.0001;0.268;0.0001
2017-09-05 12:00:00+00:00;2.215e-05;4.2e-07;0;0;0;0.56;0.002;0.002;0.37912001;0.14018104;0.0001;0.324;0.0001
2017-09-05 13:00:00+00:00;2.093e-05;4e-07;0;0;0;0.58;0.002;0.002;0.38341954;0.14288985;0.0001;0.412;0.0001
2017-09-05 14:00:00+00:00;2.024e-05;7e-08;0;0;0;0.523;0.003;0.003;0.38498429;0.14356705;0.0001;0.377;0.0001
2017-09-05 15:00:00+00:00;2.137e-05;0.0;0;0;0;0.35;0.004;0.004;0.3831658;0.3507912;0.0001;0.17;0.0001
2017-09-05 16:00:00+00:00;2.317e-05;0.0;0;0;0;0.184;0.009;0.009;0.39211728;0.35350001;0.0001;0.055;0.0001
2017-09-05 17:00:00+00:00;7.142e-05;0.00027825;0;0;0;0.053;0.019;0.019;0.45694858;0.66027301;0.0001;0.012;0.0001
2017-09-05 18:00:00+00:00;0.00071377;0.00179309;0;0;0;0.0;0.039;0.039;0.67704231;0.79605222;0.0001;0.0;0.0001
2017-09-05 19:00:00+00:00;0.00073455;0.00182023;0;0;0;0.0;0.077;0.077;0.64476058;0.81806132;0.0001;0.0;0.0001
2017-09-05 20:00:00+00:00;8.379e-05;0.00030623;0;0;0;0.0;0.162;0.162;0.67246084;0.80011544;0.0001;0.0;0.0001
2017-09-05 21:00:00+00:00;1.838e-05;0.0;0;0;0;0.0;0.315;0.315;0.6415606;0.77641334;0.0001;0.0;0.0001
2017-09-05 22:00:00+00:00;1.169e-05;0.0;0;0;0;0.0;0.455;0.455;0.59481553;0.26884962;0.0001;0.0;0.0001
2017-09-05 23:00:00+00:00;1.14e-06;0.0;0;0;0;0.0;0.475;0.475;0.51046013;0.14424426;0.0001;0.0;0.0001
2017-09-06 00:00:00+00:00;1.84e-06;0.0;0;0;0;0.0;0.406;0.406;0.35110962;0.1977433;0.0001;0.0;0.0001
2017-09-06 01:00:00+00:00;3.88e-06;0.0;0;0;0;0.0;0.279;0.279;0.27595945;0.1974047;0.0001;0.0;0.0001
2017-09-06 02:00:00+00:00;5.35e-06;0.0;0;0;0;0.0;0.219;0.219;0.26888284;0.19943631;0.0001;0.0;0.0001
2017-09-06 03:00:00+00:00;7.32e-06;0.0;0;0;0;0.0;0.196;0.196;0.26542912;0.19875911;0.0001;0.0;0.0001
2017-09-06 04:00:00+00:00;9.28e-06;0.0;0;0;0;0.0;0.191;0.191;0.25299572;0.20180652;0.0001;0.0;0.0001
2017-09-06 05:00:00+00:00;9.113e-05;0.0;0;0;0;0.0;0.184;0.184;0.25003538;0.20959435;0.0001;0.0;0.0001
2017-09-06 06:00:00+00:00;0.00064362;1.1e-07;0;0;0;0.011;0.191;0.191;0.28093562;0.20993296;0.0001;0.005;0.0001
2017-09-06 07:00:00+00:00;0.00084983;0.00043656;0;0;0;0.168;0.133;0.133;0.38286976;0.25462836;0.0001;0.101;0.0001
2017-09-06 08:00:00+00:00;0.00068042;0.00166834;0;0;0;0.381;0.122;0.122;0.46520932;0.25158095;0.0001;0.326;0.0001
2017-09-06 09:00:00+00:00;0.00011283;0.00243246;0;0;0;0.546;0.108;0.108;0.47368151;0.25530556;0.0001;0.537;0.0001
2017-09-06 10:00:00+00:00;2.038e-05;0.00166793;0;0;0;0.653;0.096;0.096;0.49227522;0.20925575;0.0001;0.694;0.0001
2017-09-06 11:00:00+00:00;2.033e-05;0.00047108;0;0;0;0.707;0.103;0.103;0.48612901;0.20722414;0.0001;0.783;0.0001
2017-09-06 12:00:00+00:00;2.049e-05;5.2e-07;0;0;0;0.716;0.097;0.097;0.44980149;0.20180652;0.0001;0.809;0.0001
2017-09-06 13:00:00+00:00;2.014e-05;4e-07;0;0;0;0.684;0.088;0.088;0.45789307;0.1980819;0.0001;0.773;0.0001
2017-09-06 14:00:00+00:00;2.131e-05;1.4e-07;0;0;0;0.61;0.092;0.092;0.45806223;0.23024905;0.0001;0.675;0.0001
2017-09-06 15:00:00+00:00;2.131e-05;0.0;0;0;0;0.479;0.113;0.113;0.4226651;0.46523852;0.0001;0.497;0.0001
2017-09-06 16:00:00+00:00;2.353e-05;0.0;0;0;0;0.3;0.149;0.149;0.46726746;0.47370356;0.0001;0.278;0.0001
2017-09-06 17:00:00+00:00;7.069e-05;0.00027864;0;0;0;0.092;0.183;0.183;0.54778852;0.75982186;0.0001;0.064;0.0001
2017-09-06 18:00:00+00:00;0.00071125;0.00178706;0;0;0;0.0;0.301;0.301;0.74704714;0.88882905;0.0001;0.0;0.0001
2017-09-06 19:00:00+00:00;0.0007395;0.00182637;0;0;0;0.0;0.431;0.431;0.70509499;0.88341142;0.0001;0.0;0.0001
2017-09-06 20:00:00+00:00;8.318e-05;0.00030752;0;0;0;0.0;0.488;0.488;0.592264;0.89289227;0.0001;0.0;0.0001
2017-09-06 21:00:00+00:00;1.833e-05;0.0;0;0;0;0.0;0.471;0.471;0.50245313;0.84819686;0.0001;0.0;0.0001
2017-09-06 22:00:00+00:00;1.179e-05;0.0;0;0;0;0.0;0.422;0.422;0.48993515;0.33081371;0.0001;0.0;0.0001
2017-09-06 23:00:00+00:00;1.17e-06;0.0;0;0;0;0.0;0.347;0.347;0.42456817;0.19537309;0.0001;0.0;0.0001
2017-09-07 00:00:00+00:00;1.35e-06;0.0;0;0;0;0.0;0.269;0.269;0.30602797;0.18487644;0.0001;0.0;0.0001
2017-09-07 01:00:00+00:00;2.91e-06;0.0;0;0;0;0.0;0.193;0.193;0.29114173;0.17844301;0.0001;0.0;0.0001
2017-09-07 02:00:00+00:00;4.18e-06;0.0;0;0;0;0.0;0.147;0.147;0.26321591;0.17878161;0.0001;0.0;0.0001
2017-09-07 03:00:00+00:00;5.46e-06;0.0;0;0;0;0.0;0.131;0.131;0.25942387;0.17810441;0.0001;0.0;0.0001
2017-09-07 04:00:00+00:00;7.6e-06;0.0;0;0;0;0.0;0.09;0.09;0.27056036;0.21772079;0.0001;0.0;0.0001
2017-09-07 05:00:00+00:00;8.66e-05;0.0;0;0;0;0.0;0.096;0.096;0.31352748;0.22178401;0.0001;0.0;0.0001
2017-09-07 06:00:00+00:00;0.00064741;1.5e-07;0;0;0;0.015;0.08;0.08;0.29499016;0.21230317;0.0001;0.01;0.0001
2017-09-07 07:00:00+00:00;0.0008459;0.00042741;0;0;0;0.202;0.123;0.123;0.34514666;0.25665997;0.0001;0.162;0.0001
2017-09-07 08:00:00+00:00;0.00067016;0.00165329;0;0;0;0.416;0.343;0.343;0.38033234;0.2630934;0.0001;0.404;0.0001
2017-09-07 09:00:00+00:00;0.00010818;0.00242961;0;0;0;0.581;0.385;0.385;0.38542129;0.25361255;0.0001;0.624;0.0001
2017-09-07 10:00:00+00:00;1.896e-05;0.00166756;0;0;0;0.689;0.374;0.374;0.3756099;0.2204296;0.0001;0.786;0.0001
2017-09-07 11:00:00+00:00;1.841e-05;0.00046865;0;0;0;0.742;0.397;0.397;0.32044902;0.220091;0.0001;0.878;0.0001
2017-09-07 12:00:00+00:00;1.801e-05;5.5e-07;0;0;0;0.748;0.42;0.42;0.28919636;0.2204296;0.0001;0.896;0.0001
2017-09-07 13:00:00+00:00;1.72e-05;1e-08;0;0;0;0.708;0.431;0.431;0.36159766;0.21399617;0.0001;0.837;0.0001
2017-09-07 14:00:00+00:00;1.856e-05;0.0;0;0;0;0.625;0.471;0.471;0.39098954;0.22313842;0.0001;0.713;0.0001
2017-09-07 15:00:00+00:00;2.141e-05;0.0;0;0;0;0.49;0.551;0.551;0.41983164;0.22720164;0.0001;0.524;0.0001
2017-09-07 16:00:00+00:00;2.273e-05;0.0;0;0;0;0.307;0.603;0.603;0.41034448;0.44932425;0.0001;0.293;0.0001
2017-09-07 17:00:00+00:00;6.961e-05;0.00027875;0;0;0;0.096;0.583;0.583;0.4404553;0.72155989;0.0001;0.072;0.0001
2017-09-07 18:00:00+00:00;0.00070794;0.00180668;0;0;0;0.0;0.499;0.499;0.66975425;0.89086066;0.0001;0.0;0.0001
2017-09-07 19:00:00+00:00;0.00074213;0.00182236;0;0;0;0.0;0.371;0.371;0.64171566;0.89153786;0.0001;0.0;0.0001
2017-09-07 20:00:00+00:00;8.202e-05;0.00030793;0;0;0;0.0;0.315;0.315;0.57588349;0.8559847;0.0001;0.0;0.0001
2017-09-07 21:00:00+00:00;1.694e-05;0.0;0;0;0;0.0;0.277;0.277;0.4808568;0.84988987;0.0001;0.0;0.0001
2017-09-07 22:00:00+00:00;1.065e-05;0.0;0;0;0;0.0;0.283;0.283;0.41306516;0.31151342;0.0001;0.0;0.0001
2017-09-07 23:00:00+00:00;4.7e-07;0.0;0;0;0;0.0;0.278;0.278;0.40190048;0.17979742;0.0001;0.0;0.0001
2017-09-08 00:00:00+00:00;1.37e-06;0.0;0;0;0;0.0;0.247;0.247;0.27384492;0.16726916;0.0001;0.0;0.0001
2017-09-08 01:00:00+00:00;2.99e-06;0.0;0;0;0;0.0;0.212;0.212;0.20550351;0.16862357;0.0001;0.0;0.0001
2017-09-08 02:00:00+00:00;4.15e-06;0.0;0;0;0;0.0;0.18;0.18;0.19228069;0.16930077;0.0001;0.0;0.0001
2017-09-08 03:00:00+00:00;5.44e-06;0.0;0;0;0;0.0;0.147;0.147;0.18270895;0.16963937;0.0001;0.0;0.0001
2017-09-08 04:00:00+00:00;7.66e-06;0.0;0;0;0;0.0;0.113;0.113;0.19146308;0.18656945;0.0001;0.0;0.0001
2017-09-08 05:00:00+00:00;8.668e-05;0.0;0;0;0;0.0;0.083;0.083;0.21899418;0.21535058;0.0001;0.0;0.0001
2017-09-08 06:00:00+00:00;0.00065585;1.4e-07;0;0;0;0.017;0.081;0.081;0.29069063;0.21399617;0.0001;0.013;0.0001
2017-09-08 07:00:00+00:00;0.00085455;0.00042987;0;0;0;0.213;0.05;0.05;0.3809526;0.25395116;0.0001;0.182;0.0001
2017-09-08 08:00:00+00:00;0.00066771;0.00162992;0;0;0;0.423;0.233;0.233;0.40206964;0.25225815;0.0001;0.423;0.0001
2017-09-08 09:00:00+00:00;0.00010834;0.00240496;0;0;0;0.582;0.411;0.411;0.37935966;0.25395116;0.0001;0.639;0.0001
2017-09-08 10:00:00+00:00;1.753e-05;0.00166504;0;0;0;0.685;0.414;0.414;0.37545483;0.25225815;0.0001;0.8;0.0001
2017-09-08 11:00:00+00:00;1.827e-05;0.00047028;0;0;0;0.737;0.361;0.361;0.37952882;0.18352204;0.0001;0.891;0.0001
2017-09-08 12:00:00+00:00;1.857e-05;1.12e-06;0;0;0;0.742;0.306;0.306;0.32555207;0.18656945;0.0001;0.906;0.0001
2017-09-08 13:00:00+00:00;1.767e-05;3.2e-07;0;0;0;0.701;0.235;0.235;0.37747068;0.2187366;0.0001;0.846;0.0001
2017-09-08 14:00:00+00:00;1.83e-05;4e-08;0;0;0;0.617;0.159;0.159;0.43698748;0.23871409;0.0001;0.718;0.0001
2017-09-08 15:00:00+00:00;1.891e-05;0.0;0;0;0;0.484;0.099;0.099;0.47421719;0.22584723;0.0001;0.527;0.0001
2017-09-08 16:00:00+00:00;2.259e-05;0.0;0;0;0;0.302;0.045;0.045;0.49376949;0.45541907;0.0001;0.293;0.0001
2017-09-08 17:00:00+00:00;7.113e-05;0.00027714;0;0;0;0.094;0.012;0.012;0.51842483;0.73679695;0.0001;0.071;0.0001
2017-09-08 18:00:00+00:00;0.00071006;0.00178425;0;0;0;0.0;0.003;0.003;0.76131313;0.88307282;0.0001;0.0;0.0001
2017-09-08 19:00:00+00:00;0.0007337;0.00181544;0;0;0;0.0;0.012;0.012;0.73615029;0.88578163;0.0001;0.0;0.0001
2017-09-08 20:00:00+00:00;8.051e-05;0.00030942;0;0;0;0.0;0.039;0.039;0.63172101;0.85361449;0.0001;0.0;0.0001
2017-09-08 21:00:00+00:00;1.7e-05;0.0;0;0;0;0.0;0.071;0.071;0.52634725;0.84345644;0.0001;0.0;0.0001
2017-09-08 22:00:00+00:00;1.06e-05;0.0;0;0;0;0.0;0.085;0.085;0.42586508;0.31117482;0.0001;0.0;0.0001
2017-09-08 23:00:00+00:00;5.3e-07;0.0;0;0;0;0.0;0.071;0.071;0.3827288;0.17031657;0.0001;0.0;0.0001
2017-09-09 00:00:00+00:00;1.94e-06;0.0;0;0;0;0.0;0.037;0.037;0.26892513;0.16591475;0.0001;0.0;0.0001
2017-09-09 01:00:00+00:00;3.83e-06;0.0;0;0;0;0.0;0.014;0.014;0.3068033;0.16219014;0.0001;0.0;0.0001
2017-09-09 02:00:00+00:00;5.32e-06;0.0;0;0;0;0.0;0.026;0.026;0.31905344;0.16591475;0.0001;0.0;0.0001
2017-09-09 03:00:00+00:00;6.96e-06;0.0;0;0;0;0.0;0.083;0.083;0.34597837;0.18182903;0.0001;0.0;0.0001
2017-09-09 04:00:00+00:00;9.18e-06;0.0;0;0;0;0.0;0.146;0.146;0.3520682;0.18115182;0.0001;0.0;0.0001
2017-09-09 05:00:00+00:00;9.112e-05;0.0;0;0;0;0.0;0.299;0.299;0.37794997;0.18656945;0.0001;0.0;0.0001
2017-09-09 06:00:00+00:00;0.00065071;1e-07;0;0;0;0.017;0.456;0.456;0.36443112;0.18589225;0.0001;0.011;0.0001
2017-09-09 07:00:00+00:00;0.00084694;0.00043692;0;0;0;0.199;0.609;0.609;0.38309531;0.24006849;0.0001;0.158;0.0001
2017-09-09 08:00:00+00:00;0.00068597;0.0016597;0;0;0;0.392;0.653;0.653;0.39406264;0.23939129;0.0001;0.373;0.0001
2017-09-09 09:00:00+00:00;0.00011093;0.00243754;0;0;0;0.547;0.645;0.645;0.37270595;0.23735968;0.0001;0.584;0.0001
2017-09-09 10:00:00+00:00;2.019e-05;0.00168384;0;0;0;0.656;0.6;0.6;0.36516415;0.18453784;0.0001;0.756;0.0001
2017-09-09 11:00:00+00:00;2.155e-05;0.00047934;0;0;0;0.715;0.52;0.52;0.35818623;0.18047462;0.0001;0.863;0.0001
2017-09-09 12:00:00+00:00;2.19e-05;1.29e-06;0;0;0;0.721;0.42;0.42;0.431095;0.17099378;0.0001;0.88;0.0001
2017-09-09 13:00:00+00:00;2.095e-05;3.8e-07;0;0;0;0.681;0.342;0.342;0.41183874;0.17065518;0.0001;0.815;0.0001
2017-09-09 14:00:00+00:00;2.11e-05;0.0;0;0;0;0.603;0.319;0.319;0.35542325;0.17675;0.0001;0.699;0.0001
2017-09-09 15:00:00+00:00;2.201e-05;0.0;0;0;0;0.468;0.35;0.35;0.45449573;0.17167098;0.0001;0.501;0.0001
2017-09-09 16:00:00+00:00;2.393e-05;0.0;0;0;0;0.289;0.415;0.415;0.53028026;0.35993344;0.0001;0.268;0.0001
2017-09-09 17:00:00+00:00;7.153e-05;0.000278;0;0;0;0.087;0.46;0.46;0.51302575;0.66670644;0.0001;0.058;0.0001
2017-09-09 18:00:00+00:00;0.00070428;0.0018032;0;0;0;0.0;0.495;0.495;0.73266838;0.86952876;0.0001;0.0;0.0001
2017-09-09 19:00:00+00:00;0.00074322;0.00183273;0;0;0;0.0;0.442;0.442;0.72182792;0.8783324;0.0001;0.0;0.0001
2017-09-09 20:00:00+00:00;8.362e-05;0.00031108;0;0;0;0.0;0.367;0.367;0.65688385;0.86715855;0.0001;0.0;0.0001
2017-09-09 21:00:00+00:00;1.828e-05;0.0;0;0;0;0.0;0.322;0.322;0.4799405;0.83871602;0.0001;0.0;0.0001
2017-09-09 22:00:00+00:00;1.178e-05;0.0;0;0;0;0.0;0.291;0.291;0.36644696;0.3064344;0.0001;0.0;0.0001
2017-09-09 23:00:00+00:00;1.34e-06;0.0;0;0;0;0.0;0.275;0.275;0.31734772;0.16388315;0.0001;0.0;0.0001
2017-09-10 00:00:00+00:00;1.9e-06;0.0;0;0;0;0.0;0.276;0.276;0.4617274;0.20722414;0.0001;0.0;0.0001
2017-09-10 01:00:00+00:00;3.91e-06;0.0;0;0;0;0.0;0.274;0.274;0.40160444;0.20383813;0.0001;0.0;0.0001
2017-09-10 02:00:00+00:00;5.08e-06;0.0;0;0;0;0.0;0.286;0.286;0.3733826;0.20925575;0.0001;0.0;0.0001
2017-09-10 03:00:00+00:00;7.02e-06;0.0;0;0;0;0.0;0.281;0.281;0.3356454;0.20722414;0.0001;0.0;0.0001
2017-09-10 04:00:00+00:00;9.26e-06;0.0;0;0;0;0.0;0.301;0.301;0.35181446;0.23600527;0.0001;0.0;0.0001
2017-09-10 05:00:00+00:00;8.895e-05;0.0;0;0;0;0.0;0.286;0.286;0.31723495;0.23261926;0.0001;0.0;0.0001
2017-09-10 06:00:00+00:00;0.00064894;8e-08;0;0;0;0.016;0.364;0.364;0.32314152;0.25869158;0.0001;0.011;0.0001
2017-09-10 07:00:00+00:00;0.00085395;0.00043185;0;0;0;0.202;0.283;0.283;0.34750083;0.18555364;0.0001;0.165;0.0001
2017-09-10 08:00:00+00:00;0.0006801;0.00164993;0;0;0;0.406;0.365;0.365;0.38742304;0.18589225;0.0001;0.405;0.0001
2017-09-10 09:00:00+00:00;0.00011307;0.00241353;0;0;0;0.56;0.366;0.366;0.38826885;0.16828497;0.0001;0.623;0.0001
2017-09-10 10:00:00+00:00;1.998e-05;0.00165892;0;0;0;0.663;0.2;0.2;0.43516899;0.13747223;0.0001;0.788;0.0001
2017-09-10 11:00:00+00:00;2.069e-05;0.00046583;0;0;0;0.708;0.078;0.078;0.3822495;0.13611782;0.0001;0.863;0.0001
2017-09-10 12:00:00+00:00;2.249e-05;5.3e-07;0;0;0;0.715;0.039;0.039;0.37816142;0.08668199;0.0001;0.882;0.0001
2017-09-10 13:00:00+00:00;2.122e-05;1.9e-07;0;0;0;0.678;0.03;0.03;0.40321148;0.08600479;0.0001;0.823;0.0001
2017-09-10 14:00:00+00:00;2.115e-05;0.0;0;0;0;0.589;0.025;0.025;0.36706722;0.08566619;0.0001;0.679;0.0001
2017-09-10 15:00:00+00:00;2.269e-05;0.0;0;0;0;0.459;0.014;0.014;0.37656848;0.0873592;0.0001;0.487;0.0001
2017-09-10 16:00:00+00:00;2.458e-05;0.0;0;0;0;0.283;0.004;0.004;0.36577032;0.30338698;0.0001;0.259;0.0001
2017-09-10 17:00:00+00:00;7.258e-05;0.00027489;0;0;0;0.085;0.001;0.001;0.58524378;0.36467386;0.0001;0.055;0.0001
2017-09-10 18:00:00+00:00;0.00071435;0.00178328;0;0;0;0.0;0.0;0.0;0.71141037;0.51873756;0.0001;0.0;0.0001
2017-09-10 19:00:00+00:00;0.00073462;0.00180746;0;0;0;0.0;0.0;0.0;0.69536818;0.51569015;0.0001;0.0;0.0001
2017-09-10 20:00:00+00:00;8.193e-05;0.00030759;0;0;0;0.0;0.002;0.002;0.67092429;0.48623181;0.0001;0.0;0.0001
2017-09-10 21:00:00+00:00;1.836e-05;0.0;0;0;0;0.0;0.016;0.016;0.60458463;0.48758622;0.0001;0.0;0.0001
2017-09-10 22:00:00+00:00;1.154e-05;0.0;0;0;0;0.0;0.05;0.05;0.5802676;0.18149043;0.0001;0.0;0.0001
2017-09-10 23:00:00+00:00;1.2e-06;0.0;0;0;0;0.0;0.102;0.102;0.54347489;0.08058717;0.0001;0.0;0.0001
2017-09-11 00:00:00+00:00;1.74e-06;0.0;0;0;0;0.0;0.133;0.133;0.17012048;0.14255125;0.0001;0.0;0.0001
2017-09-11 01:00:00+00:00;3.82e-06;0.0;0;0;0;0.0;0.14;0.14;0.14800256;0.14221265;0.0001;0.0;0.0001
2017-09-11 02:00:00+00:00;5.45e-06;0.0;0;0;0;0.0;0.178;0.178;0.10385131;0.14458286;0.0001;0.0;0.0001
2017-09-11 03:00:00+00:00;6.87e-06;0.0;0;0;0;0.0;0.156;0.156;0.09862139;0.175057;0.0001;0.0;0.0001
2017-09-11 04:00:00+00:00;9.27e-06;0.0;0;0;0;0.0;0.107;0.107;0.10113062;0.1764114;0.0001;0.0;0.0001
2017-09-11 05:00:00+00:00;8.833e-05;0.0;0;0;0;0.0;0.084;0.084;0.09716941;0.17133238;0.0001;0.0;0.0001
2017-09-11 06:00:00+00:00;0.00064238;1.2e-07;0;0;0;0.017;0.05;0.05;0.18659967;0.1760728;0.0001;0.012;0.0001
2017-09-11 07:00:00+00:00;0.00085336;0.0004371;0;0;0;0.203;0.033;0.033;0.22490074;0.17979742;0.0001;0.167;0.0001
2017-09-11 08:00:00+00:00;0.00067984;0.0016515;0;0;0;0.406;0.017;0.017;0.24869618;0.17437979;0.0001;0.405;0.0001
2017-09-11 09:00:00+00:00;0.00011072;0.00241097;0;0;0;0.555;0.0;0.0;0.23335884;0.17437979;0.0001;0.621;0.0001
2017-09-11 10:00:00+00:00;2.115e-05;0.00165609;0;0;0;0.656;0.0;0.0;0.27429602;0.14627587;0.0001;0.784;0.0001
2017-09-11 11:00:00+00:00;2.163e-05;0.00047431;0;0;0;0.697;0.003;0.003;0.29263599;0.14796887;0.0001;0.852;0.0001
2017-09-11 12:00:00+00:00;2.109e-05;8.5e-07;0;0;0;0.705;0.013;0.013;0.2601569;0.15135489;0.0001;0.872;0.0001
2017-09-11 13:00:00+00:00;2.012e-05;2.1e-07;0;0;0;0.668;0.028;0.028;0.26869958;0.14864608;0.0001;0.812;0.0001
2017-09-11 14:00:00+00:00;1.97e-05;1e-08;0;0;0;0.582;0.043;0.043;0.30509758;0.14390565;0.0001;0.671;0.0001
2017-09-11 15:00:00+00:00;2.175e-05;0.0;0;0;0;0.453;0.055;0.055;0.30580242;0.35756323;0.0001;0.481;0.0001
2017-09-11 16:00:00+00:00;2.443e-05;0.0;0;0;0;0.28;0.062;0.062;0.27828542;0.36365806;0.0001;0.256;0.0001
2017-09-11 17:00:00+00:00;7.41e-05;0.00027493;0;0;0;0.083;0.056;0.056;0.30333548;0.67551008;0.0001;0.052;0.0001
2017-09-11 18:00:00+00:00;0.00072407;0.00178626;0;0;0;0.0;0.08;0.08;0.55533032;0.86817435;0.0001;0.0;0.0001
2017-09-11 19:00:00+00:00;0.00074454;0.00181856;0;0;0;0.0;0.097;0.097;0.57070996;0.86241813;0.0001;0.0;0.0001
2017-09-11 20:00:00+00:00;8.46e-05;0.00030974;0;0;0;0.0;0.103;0.103;0.53053401;0.82720357;0.0001;0.0;0.0001
2017-09-11 21:00:00+00:00;1.83e-05;0.0;0;0;0;0.0;0.122;0.122;0.40449429;0.82720357;0.0001;0.0;0.0001
2017-09-11 22:00:00+00:00;1.162e-05;0.0;0;0;0;0.0;0.141;0.141;0.32718731;0.26817242;0.0001;0.0;0.0001
2017-09-11 23:00:00+00:00;1.13e-06;0.0;0;0;0;0.0;0.149;0.149;0.1913503;0.13916523;0.0001;0.0;0.0001
2017-09-12 00:00:00+00:00;1.79e-06;0.0;0;0;0;0.0;0.161;0.161;0.54329163;0.18826246;0.0001;0.0;0.0001
2017-09-12 01:00:00+00:00;4.09e-06;0.0;0;0;0;0.0;0.181;0.181;0.54971978;0.19300288;0.0001;0.0;0.0001
2017-09-12 02:00:00+00:00;5.33e-06;0.0;0;0;0;0.0;0.199;0.199;0.57952047;0.19334148;0.0001;0.0;0.0001
2017-09-12 03:00:00+00:00;6.89e-06;0.0;0;0;0;0.0;0.218;0.218;0.57519275;0.19164847;0.0001;0.0;0.0001
2017-09-12 04:00:00+00:00;9.24e-06;0.0;0;0;0;0.0;0.245;0.245;0.59234858;0.19198707;0.0001;0.0;0.0001
2017-09-12 05:00:00+00:00;8.797e-05;0.0;0;0;0;0.0;0.222;0.222;0.53229611;0.19334148;0.0001;0.0;0.0001
2017-09-12 06:00:00+00:00;0.00064205;1e-07;0;0;0;0.017;0.178;0.178;0.61835723;0.19605029;0.0001;0.01;0.0001
2017-09-12 07:00:00+00:00;0.00086464;0.00042984;0;0;0;0.198;0.081;0.081;0.65629178;0.1980819;0.0001;0.155;0.0001
2017-09-12 08:00:00+00:00;0.00068081;0.00164405;0;0;0;0.393;0.324;0.324;0.64609978;0.19943631;0.0001;0.374;0.0001
2017-09-12 09:00:00+00:00;0.00011218;0.00243061;0;0;0;0.528;0.376;0.376;0.64182844;0.17708861;0.0001;0.556;0.0001
2017-09-12 10:00:00+00:00;2.111e-05;0.00166174;0;0;0;0.612;0.358;0.358;0.65736314;0.23803688;0.0001;0.675;0.0001
2017-09-12 11:00:00+00:00;2.087e-05;0.00045982;0;0;0;0.638;0.36;0.36;0.67645024;0.24345451;0.0001;0.696;0.0001
2017-09-12 12:00:00+00:00;1.982e-05;1.09e-06;0;0;0;0.658;0.378;0.378;0.68358323;0.24514752;0.0001;0.744;0.0001
2017-09-12 13:00:00+00:00;2.049e-05;2.7e-07;0;0;0;0.632;0.384;0.384;0.69146336;0.24480891;0.0001;0.714;0.0001
2017-09-12 14:00:00+00:00;2.114e-05;9e-08;0;0;0;0.554;0.382;0.382;0.76159506;0.27359005;0.0001;0.595;0.0001
2017-09-12 15:00:00+00:00;2.131e-05;0.0;0;0;0;0.433;0.366;0.366;0.71673897;0.483523;0.0001;0.426;0.0001
2017-09-12 16:00:00+00:00;2.511e-05;0.0;0;0;0;0.248;0.329;0.329;0.68255417;0.48149139;0.0001;0.183;0.0001
2017-09-12 17:00:00+00:00;7.08e-05;0.00028434;0;0;0;0.06;0.235;0.235;0.65293674;0.74458479;0.0001;0.022;0.0001
2017-09-12 18:00:00+00:00;0.00070827;0.00180284;0;0;0;0.0;0.209;0.209;0.83296729;0.90305031;0.0001;0.0;0.0001
2017-09-12 19:00:00+00:00;0.00074875;0.00182753;0;0;0;0.0;0.23;0.23;0.83410913;0.89593968;0.0001;0.0;0.0001
2017-09-12 20:00:00+00:00;8.611e-05;0.000306;0;0;0;0.0;0.321;0.321;0.76196158;0.89864849;0.0001;0.0;0.0001
2017-09-12 21:00:00+00:00;1.812e-05;0.0;0;0;0;0.0;0.462;0.462;0.67450488;0.89356947;0.0001;0.0;0.0001
2017-09-12 22:00:00+00:00;1.166e-05;0.0;0;0;0;0.0;0.569;0.569;0.67962203;0.61896362;0.0001;0.0;0.0001
2017-09-12 23:00:00+00:00;1.22e-06;0.0;0;0;0;0.0;0.607;0.607;0.6792837;0.22686303;0.0001;0.0;0.0001
2017-09-13 00:00:00+00:00;1.77e-06;0.0;0;0;0;0.0;0.502;0.502;0.27566341;0.16693056;0.0001;0.0;0.0001
2017-09-13 01:00:00+00:00;3.79e-06;0.0;0;0;0;0.0;0.361;0.361;0.27607222;0.16151293;0.0001;0.0;0.0001
2017-09-13 02:00:00+00:00;5.3e-06;0.0;0;0;0;0.0;0.27;0.27;0.26720532;0.16252874;0.0001;0.0;0.0001
2017-09-13 03:00:00+00:00;6.94e-06;0.0;0;0;0;0.0;0.209;0.209;0.22549281;0.16726916;0.0001;0.0;0.0001
2017-09-13 04:00:00+00:00;9.03e-06;0.0;0;0;0;0.0;0.194;0.194;0.23770066;0.19029407;0.0001;0.0;0.0001
2017-09-13 05:00:00+00:00;8.843e-05;0.0;0;0;0;0.0;0.204;0.204;0.28454441;0.18893966;0.0001;0.0;0.0001
2017-09-13 06:00:00+00:00;0.00065231;1.2e-07;0;0;0;0.013;0.2;0.2;0.29786591;0.19097127;0.0001;0.005;0.0001
2017-09-13 07:00:00+00:00;0.00086037;0.00042384;0;0;0;0.154;0.137;0.137;0.29420073;0.25327395;0.0001;0.075;0.0001
2017-09-13 08:00:00+00:00;0.00067751;0.00164828;0;0;0;0.325;0.69;0.69;0.39710756;0.24379311;0.0001;0.224;0.0001
2017-09-13 09:00:00+00:00;0.00011143;0.00243624;0;0;0;0.473;0.785;0.785;0.3525334;0.25056514;0.0001;0.41;0.0001
2017-09-13 10:00:00+00:00;1.992e-05;0.00168155;0;0;0;0.589;0.747;0.747;0.40153396;0.16862357;0.0001;0.594;0.0001
2017-09-13 11:00:00+00:00;2.066e-05;0.00047981;0;0;0;0.619;0.704;0.704;0.38942479;0.17268679;0.0001;0.62;0.0001
2017-09-13 12:00:00+00:00;2.196e-05;1.15e-06;0;0;0;0.626;0.685;0.685;0.33450356;0.16794637;0.0001;0.625;0.0001
2017-09-13 13:00:00+00:00;2.249e-05;4.6e-07;0;0;0;0.565;0.667;0.667;0.3361106;0.17336399;0.0001;0.506;0.0001
2017-09-13 14:00:00+00:00;2.206e-05;0.0;0;0;0;0.472;0.645;0.645;0.36438883;0.16828497;0.0001;0.363;0.0001
2017-09-13 15:00:00+00:00;2.266e-05;0.0;0;0;0;0.36;0.606;0.606;0.35188494;0.17133238;0.0001;0.241;0.0001
2017-09-13 16:00:00+00:00;2.459e-05;0.0;0;0;0;0.204;0.541;0.541;0.31251251;0.38363555;0.0001;0.096;0.0001
2017-09-13 17:00:00+00:00;7.317e-05;0.00028303;0;0;0;0.052;0.428;0.428;0.341411;0.72663891;0.0001;0.013;0.0001
2017-09-13 18:00:00+00:00;0.00071649;0.00180444;0;0;0;0.0;0.402;0.402;0.58899354;0.8793482;0.0001;0.0;0.0001
2017-09-13 19:00:00+00:00;0.00074467;0.00182415;0;0;0;0.0;0.397;0.397;0.54883168;0.87663939;0.0001;0.0;0.0001
2017-09-13 20:00:00+00:00;8.242e-05;0.00030521;0;0;0;0.0;0.429;0.429;0.49960557;0.88341142;0.0001;0.0;0.0001
2017-09-13 21:00:00+00:00;1.82e-05;0.0;0;0;0;0.0;0.475;0.475;0.42702102;0.85463029;0.0001;0.0;0.0001
2017-09-13 22:00:00+00:00;1.175e-05;0.0;0;0;0;0.0;0.513;0.513;0.37332622;0.31286782;0.0001;0.0;0.0001
2017-09-13 23:00:00+00:00;1.43e-06;0.0;0;0;0;0.0;0.556;0.556;0.29085979;0.16422175;0.0001;0.0;0.0001
2017-09-14 00:00:00+00:00;1.35e-06;0.0;0;0;0;0.0;0.523;0.523;0.25237546;0.16219014;0.0001;0.0;0.0001
2017-09-14 01:00:00+00:00;2.94e-06;0.0;0;0;0;0.0;0.468;0.468;0.24858341;0.16523755;0.0001;0.0;0.0001
2017-09-14 02:00:00+00:00;4.17e-06;0.0;0;0;0;0.0;0.375;0.375;0.21786643;0.16354455;0.0001;0.0;0.0001
2017-09-14 03:00:00+00:00;5.52e-06;0.0;0;0;0;0.0;0.344;0.344;0.21143828;0.16862357;0.0001;0.0;0.0001
2017-09-14 04:00:00+00:00;7.66e-06;0.0;0;0;0;0.0;0.302;0.302;0.20305067;0.18690805;0.0001;0.0;0.0001
2017-09-14 05:00:00+00:00;8.739e-05;0.0;0;0;0;0.0;0.278;0.278;0.22991922;0.19130987;0.0001;0.0;0.0001
2017-09-14 06:00:00+00:00;0.0006507;2e-07;0;0;0;0.005;0.238;0.238;0.27356298;0.18724665;0.0001;0.001;0.0001
2017-09-14 07:00:00+00:00;0.00085994;0.00043114;0;0;0;0.103;0.132;0.132;0.28660255;0.24717913;0.0001;0.022;0.0001
2017-09-14 08:00:00+00:00;0.00068597;0.00163752;0;0;0;0.269;0.582;0.582;0.31161032;0.24921073;0.0001;0.117;0.0001
2017-09-14 09:00:00+00:00;0.00010939;0.0024218;0;0;0;0.419;0.548;0.548;0.2943699;0.24650192;0.0001;0.268;0.0001
2017-09-14 10:00:00+00:00;1.816e-05;0.00166212;0;0;0;0.525;0.388;0.388;0.33492646;0.19029407;0.0001;0.405;0.0001
2017-09-14 11:00:00+00:00;1.749e-05;0.00047265;0;0;0;0.584;0.283;0.283;0.32563665;0.18690805;0.0001;0.495;0.0001
2017-09-14 12:00:00+00:00;1.803e-05;1.07e-06;0;0;0;0.595;0.231;0.231;0.28703955;0.17133238;0.0001;0.517;0.0001
2017-09-14 13:00:00+00:00;1.917e-05;5.4e-07;0;0;0;0.559;0.196;0.196;0.28775849;0.17167098;0.0001;0.466;0.0001
2017-09-14 14:00:00+00:00;1.978e-05;0.0;0;0;0;0.482;0.161;0.161;0.29906414;0.17234818;0.0001;0.366;0.0001
2017-09-14 15:00:00+00:00;2.013e-05;0.0;0;0;0;0.337;0.121;0.121;0.31603672;0.17099378;0.0001;0.183;0.0001
2017-09-14 16:00:00+00:00;2.089e-05;0.0;0;0;0;0.18;0.079;0.079;0.31651601;0.38702156;0.0001;0.059;0.0001
2017-09-14 17:00:00+00:00;6.896e-05;0.00027673;0;0;0;0.046;0.048;0.048;0.43842535;0.56140136;0.0001;0.008;0.0001
2017-09-14 18:00:00+00:00;0.00070743;0.00179463;0;0;0;0.0;0.03;0.03;0.65919573;0.88510443;0.0001;0.0;0.0001
2017-09-14 19:00:00+00:00;0.00074293;0.00182016;0;0;0;0.0;0.019;0.019;0.66370671;0.87968681;0.0001;0.0;0.0001
2017-09-14 20:00:00+00:00;8.144e-05;0.00030716;0;0;0;0.0;0.021;0.021;0.58628695;0.8779938;0.0001;0.0;0.0001
2017-09-14 21:00:00+00:00;1.697e-05;0.0;0;0;0;0.0;0.034;0.034;0.45101382;0.84514945;0.0001;0.0;0.0001
2017-09-14 22:00:00+00:00;1.069e-05;0.0;0;0;0;0.0;0.057;0.057;0.31819353;0.54582568;0.0001;0.0;0.0001
2017-09-14 23:00:00+00:00;5.3e-07;0.0;0;0;0;0.0;0.073;0.073;0.23445839;0.15643391;0.0001;0.0;0.0001
2017-09-15 00:00:00+00:00;1.31e-06;0.0;0;0;0;0.0;0.056;0.056;0.21758449;0.15981993;0.0001;0.0;0.0001
2017-09-15 01:00:00+00:00;2.9e-06;0.0;0;0;0;0.0;0.019;0.019;0.21052198;0.15778832;0.0001;0.0;0.0001
2017-09-15 02:00:00+00:00;4.14e-06;0.0;0;0;0;0.0;0.024;0.024;0.2126506;0.15914273;0.0001;0.0;0.0001
2017-09-15 03:00:00+00:00;5.39e-06;0.0;0;0;0;0.0;0.08;0.08;0.22026289;0.16151293;0.0001;0.0;0.0001
2017-09-15 04:00:00+00:00;7.58e-06;0.0;0;0;0;0.0;0.212;0.212;0.23211832;0.18216763;0.0001;0.0;0.0001
2017-09-15 05:00:00+00:00;8.814e-05;0.0;0;0;0;0.0;0.313;0.313;0.29563861;0.18013602;0.0001;0.0;0.0001
2017-09-15 06:00:00+00:00;0.00065769;9e-08;0;0;0;0.001;0.442;0.442;0.33205071;0.18047462;0.0001;0.0;0.0001
2017-09-15 07:00:00+00:00;0.00086143;0.00043174;0;0;0;0.037;0.518;0.518;0.39252609;0.24480891;0.0001;0.002;0.0001
2017-09-15 08:00:00+00:00;0.00068033;0.00165693;0;0;0;0.109;0.495;0.495;0.42848709;0.24345451;0.0001;0.006;0.0001
2017-09-15 09:00:00+00:00;0.00011005;0.00244174;0;0;0;0.203;0.408;0.408;0.44792661;0.24379311;0.0001;0.018;0.0001
2017-09-15 10:00:00+00:00;1.877e-05;0.00167223;0;0;0;0.274;0.27;0.27;0.42851528;0.18521504;0.0001;0.031;0.0001
2017-09-15 11:00:00+00:00;1.809e-05;0.00046135;0;0;0;0.349;0.143;0.143;0.47709294;0.18115182;0.0001;0.057;0.0001
2017-09-15 12:00:00+00:00;1.804e-05;9.9e-07;0;0;0;0.361;0.075;0.075;0.43261746;0.16659196;0.0001;0.064;0.0001
2017-09-15 13:00:00+00:00;1.788e-05;5.5e-07;0;0;0;0.354;0.046;0.046;0.42328536;0.08972941;0.0001;0.069;0.0001
2017-09-15 14:00:00+00:00;1.862e-05;1.4e-07;0;0;0;0.368;0.031;0.031;0.49166906;0.17302539;0.0001;0.112;0.0001
2017-09-15 15:00:00+00:00;2.05e-05;0.0;0;0;0;0.341;0.024;0.024;0.53374808;0.16591475;0.0001;0.155;0.0001
2017-09-15 16:00:00+00:00;2.17e-05;0.0;0;0;0;0.229;0.022;0.022;0.60186394;0.38160394;0.0001;0.105;0.0001
2017-09-15 17:00:00+00:00;6.828e-05;0.00028404;0;0;0;0.065;0.033;0.033;0.58890896;0.72765471;0.0001;0.017;0.0001
2017-09-15 18:00:00+00:00;0.00070732;0.00180165;0;0;0;0.0;0.074;0.074;0.72639529;0.87460778;0.0001;0.0;0.0001
2017-09-15 19:00:00+00:00;0.00074491;0.0018435;0;0;0;0.0;0.098;0.098;0.73132918;0.88036401;0.0001;0.0;0.0001
2017-09-15 20:00:00+00:00;8.286e-05;0.00031372;0;0;0;0.0;0.102;0.102;0.63569632;0.87426918;0.0001;0.0;0.0001
2017-09-15 21:00:00+00:00;1.698e-05;0.0;0;0;0;0.0;0.085;0.085;0.5163667;0.84548805;0.0001;0.0;0.0001
2017-09-15 22:00:00+00:00;1.069e-05;0.0;0;0;0;0.0;0.101;0.101;0.41004844;0.30948181;0.0001;0.0;0.0001
2017-09-15 23:00:00+00:00;5.7e-07;0.0;0;0;0;0.0;0.108;0.108;0.33636434;0.15541811;0.0001;0.0;0.0001
2017-09-16 00:00:00+00:00;1.76e-06;0.0;0;0;0;0.0;0.116;0.116;0.30247557;0.15541811;0.0001;0.0;0.0001
2017-09-16 01:00:00+00:00;3.84e-06;0.0;0;0;0;0.0;0.156;0.156;0.26472428;0.15711111;0.0001;0.0;0.0001
2017-09-16 02:00:00+00:00;5.19e-06;0.0;0;0;0;0.0;0.177;0.177;0.2561816;0.15575671;0.0001;0.0;0.0001
2017-09-16 03:00:00+00:00;7.09e-06;0.0;0;0;0;0.0;0.146;0.146;0.24723012;0.16083573;0.0001;0.0;0.0001
2017-09-16 04:00:00+00:00;9.27e-06;0.0;0;0;0;0.0;0.102;0.102;0.24291649;0.16185154;0.0001;0.0;0.0001
2017-09-16 05:00:00+00:00;9.092e-05;0.0;0;0;0;0.0;0.088;0.088;0.25525121;0.18047462;0.0001;0.0;0.0001
2017-09-16 06:00:00+00:00;0.00065678;1.4e-07;0;0;0;0.009;0.06;0.06;0.34207355;0.18386064;0.0001;0.002;0.0001
2017-09-16 07:00:00+00:00;0.0008603;0.0004328;0;0;0;0.116;0.029;0.029;0.36344434;0.24311591;0.0001;0.031;0.0001
2017-09-16 08:00:00+00:00;0.00068537;0.00164332;0;0;0;0.279;0.058;0.058;0.46302431;0.24447031;0.0001;0.133;0.0001
2017-09-16 09:00:00+00:00;0.00011497;0.00241094;0;0;0;0.483;0.083;0.083;0.46010627;0.2417615;0.0001;0.401;0.0001
2017-09-16 10:00:00+00:00;2.023e-05;0.0016622;0;0;0;0.597;0.098;0.098;0.45615916;0.18352204;0.0001;0.583;0.0001
2017-09-16 11:00:00+00:00;2.062e-05;0.00046645;0;0;0;0.641;0.12;0.12;0.45125346;0.16456035;0.0001;0.65;0.0001
2017-09-16 12:00:00+00:00;1.979e-05;5.1e-07;0;0;0;0.649;0.149;0.149;0.40159035;0.16794637;0.0001;0.671;0.0001
2017-09-16 13:00:00+00:00;2.127e-05;3.2e-07;0;0;0;0.611;0.165;0.165;0.43653638;0.16625336;0.0001;0.612;0.0001
2017-09-16 14:00:00+00:00;2.084e-05;2e-08;0;0;0;0.512;0.155;0.155;0.46229128;0.16388315;0.0001;0.452;0.0001
2017-09-16 15:00:00+00:00;2.242e-05;0.0;0;0;0;0.38;0.122;0.122;0.48531139;0.16320594;0.0001;0.276;0.0001
2017-09-16 16:00:00+00:00;2.412e-05;0.0;0;0;0;0.214;0.087;0.087;0.49757563;0.40903066;0.0001;0.107;0.0001
2017-09-16 17:00:00+00:00;7.3e-05;0.00027806;0;0;0;0.056;0.054;0.054;0.519905;0.71614226;0.0001;0.015;0.0001
2017-09-16 18:00:00+00:00;0.00071706;0.00178528;0;0;0;0.0;0.035;0.035;0.79671026;0.87596219;0.0001;0.0;0.0001
2017-09-16 19:00:00+00:00;0.00074314;0.0018272;0;0;0;0.0;0.011;0.011;0.76929193;0.86546554;0.0001;0.0;0.0001
2017-09-16 20:00:00+00:00;8.378e-05;0.00031115;0;0;0;0.0;0.004;0.004;0.69384572;0.8776552;0.0001;0.0;0.0001
2017-09-16 21:00:00+00:00;1.835e-05;0.0;0;0;0;0.0;0.003;0.003;0.56807385;0.83126679;0.0001;0.0;0.0001
2017-09-16 22:00:00+00:00;1.202e-05;0.0;0;0;0;0.0;0.005;0.005;0.40899118;0.31422223;0.0001;0.0;0.0001
2017-09-16 23:00:00+00:00;1.29e-06;0.0;0;0;0;0.0;0.012;0.012;0.33971938;0.15609531;0.0001;0.0;0.0001
2017-09-17 00:00:00+00:00;1.84e-06;0.0;0;0;0;0.0;0.029;0.029;0.26003003;0.15778832;0.0001;0.0;0.0001
2017-09-17 01:00:00+00:00;3.76e-06;0.0;0;0;0;0.0;0.055;0.055;0.23451478;0.15609531;0.0001;0.0;0.0001
2017-09-17 02:00:00+00:00;5.36e-06;0.0;0;0;0;0.0;0.073;0.073;0.21819066;0.15541811;0.0001;0.0;0.0001
2017-09-17 03:00:00+00:00;6.81e-06;0.0;0;0;0;0.0;0.09;0.09;0.23732005;0.15609531;0.0001;0.0;0.0001
2017-09-17 04:00:00+00:00;9.14e-06;0.0;0;0;0;0.0;0.126;0.126;0.24343807;0.18216763;0.0001;0.0;0.0001
2017-09-17 05:00:00+00:00;9.057e-05;0.0;0;0;0;0.0;0.146;0.146;0.22674743;0.18149043;0.0001;0.0;0.0001
2017-09-17 06:00:00+00:00;0.00064889;1.1e-07;0;0;0;0.008;0.119;0.119;0.2637234;0.18216763;0.0001;0.002;0.0001
2017-09-17 07:00:00+00:00;0.00086751;0.00043126;0;0;0;0.126;0.077;0.077;0.3383238;0.24345451;0.0001;0.039;0.0001
2017-09-17 08:00:00+00:00;0.00068109;0.00163881;0;0;0;0.329;0.052;0.052;0.48065944;0.2417615;0.0001;0.221;0.0001
2017-09-17 09:00:00+00:00;0.0001137;0.00240968;0;0;0;0.489;0.031;0.031;0.49307874;0.24311591;0.0001;0.437;0.0001
2017-09-17 10:00:00+00:00;2.098e-05;0.00167126;0;0;0;0.599;0.014;0.014;0.48966731;0.17708861;0.0001;0.608;0.0001
2017-09-17 11:00:00+00:00;2.023e-05;0.00047906;0;0;0;0.636;0.006;0.006;0.46831062;0.18081322;0.0001;0.655;0.0001
2017-09-17 12:00:00+00:00;2.06e-05;8.3e-07;0;0;0;0.643;0.0;0.0;0.43446414;0.16456035;0.0001;0.67;0.0001
2017-09-17 13:00:00+00:00;1.995e-05;7.5e-07;0;0;0;0.604;0.0;0.0;0.45614506;0.16354455;0.0001;0.605;0.0001
2017-09-17 14:00:00+00:00;2.073e-05;8e-08;0;0;0;0.492;0.0;0.0;0.39194812;0.16625336;0.0001;0.41;0.0001
2017-09-17 15:00:00+00:00;2.37e-05;0.0;0;0;0;0.362;0.0;0.0;0.43301217;0.16659196;0.0001;0.241;0.0001
2017-09-17 16:00:00+00:00;2.53e-05;0.0;0;0;0;0.201;0.002;0.002;0.45886575;0.22313842;0.0001;0.088;0.0001
2017-09-17 17:00:00+00:00;7.172e-05;0.0002815;0;0;0;0.051;0.017;0.017;0.47689559;0.72630031;0.0001;0.011;0.0001
2017-09-17 18:00:00+00:00;0.00071939;0.00179716;0;0;0;0.0;0.078;0.078;0.69198494;0.88645884;0.0001;0.0;0.0001
2017-09-17 19:00:00+00:00;0.0007489;0.00180888;0;0;0;0.0;0.087;0.087;0.72980672;0.87325338;0.0001;0.0;0.0001
2017-09-17 20:00:00+00:00;8.441e-05;0.00030559;0;0;0;0.0;0.047;0.047;0.68894003;0.86817435;0.0001;0.0;0.0001
2017-09-17 21:00:00+00:00;1.798e-05;0.0;0;0;0;0.0;0.015;0.015;0.54116301;0.83126679;0.0001;0.0;0.0001
2017-09-17 22:00:00+00:00;1.165e-05;0.0;0;0;0;0.0;0.004;0.004;0.40084322;0.30982041;0.0001;0.0;0.0001
2017-09-17 23:00:00+00:00;1.19e-06;0.0;0;0;0;0.0;0.005;0.005;0.2734784;0.15711111;0.0001;0.0;0.0001
2017-09-18 00:00:00+00:00;1.58e-06;0.0;0;0;0;0.0;0.012;0.012;0.26693748;0.16151293;0.0001;0.0;0.0001
2017-09-18 01:00:00+00:00;3.76e-06;0.0;0;0;0;0.0;0.023;0.023;0.25626618;0.15541811;0.0001;0.0;0.0001
2017-09-18 02:00:00+00:00;5.25e-06;0.0;0;0;0;0.0;0.041;0.041;0.25673137;0.1540637;0.0001;0.0;0.0001
2017-09-18 03:00:00+00:00;6.8e-06;0.0;0;0;0;0.0;0.056;0.056;0.27229427;0.1530479;0.0001;0.0;0.0001
2017-09-18 04:00:00+00:00;9.29e-06;0.0;0;0;0;0.0;0.056;0.056;0.26848813;0.16252874;0.0001;0.0;0.0001
2017-09-18 05:00:00+00:00;9.113e-05;0.0;0;0;0;0.0;0.039;0.039;0.26086175;0.18487644;0.0001;0.0;0.0001
2017-09-18 06:00:00+00:00;0.00065725;2.8e-07;0;0;0;0.01;0.022;0.022;0.25821154;0.18250623;0.0001;0.003;0.0001
2017-09-18 07:00:00+00:00;0.00087185;0.00043861;0;0;0;0.139;0.011;0.011;0.26571105;0.24277731;0.0001;0.055;0.0001
2017-09-18 08:00:00+00:00;0.00068156;0.00166324;0;0;0;0.323;0.043;0.043;0.32532652;0.2424387;0.0001;0.219;0.0001
2017-09-18 09:00:00+00:00;0.00011422;0.00243833;0;0;0;0.48;0.088;0.088;0.33567359;0.24413171;0.0001;0.421;0.0001
2017-09-18 10:00:00+00:00;1.979e-05;0.00166794;0;0;0;0.587;0.061;0.061;0.34127004;0.18250623;0.0001;0.584;0.0001
2017-09-18 11:00:00+00:00;2.017e-05;0.00047147;0;0;0;0.637;0.037;0.037;0.35449286;0.17099378;0.0001;0.663;0.0001
2017-09-18 12:00:00+00:00;2.172e-05;7.5e-07;0;0;0;0.643;0.024;0.024;0.31547284;0.16354455;0.0001;0.674;0.0001
2017-09-18 13:00:00+00:00;2.177e-05;1.8e-07;0;0;0;0.6;0.02;0.02;0.3467396;0.16083573;0.0001;0.602;0.0001
2017-09-18 14:00:00+00:00;2.154e-05;4e-08;0;0;0;0.524;0.015;0.015;0.37748478;0.16219014;0.0001;0.495;0.0001
2017-09-18 15:00:00+00:00;2.297e-05;0.0;0;0;0;0.395;0.014;0.014;0.3711553;0.16083573;0.0001;0.318;0.0001
2017-09-18 16:00:00+00:00;2.5e-05;0.0;0;0;0;0.227;0.012;0.012;0.34248236;0.37720212;0.0001;0.129;0.0001
2017-09-18 17:00:00+00:00;7.195e-05;0.00027839;0;0;0;0.054;0.02;0.02;0.38606975;0.7235915;0.0001;0.013;0.0001
2017-09-18 18:00:00+00:00;0.00071297;0.00179426;0;0;0;0.0;0.051;0.051;0.62255808;0.87223757;0.0001;0.0;0.0001
2017-09-18 19:00:00+00:00;0.00075214;0.00182851;0;0;0;0.0;0.108;0.108;0.59303933;0.87426918;0.0001;0.0;0.0001
2017-09-18 20:00:00+00:00;8.34e-05;0.00030929;0;0;0;0.0;0.189;0.189;0.55335677;0.83736161;0.0001;0.0;0.0001
2017-09-18 21:00:00+00:00;1.841e-05;0.0;0;0;0;0.0;0.283;0.283;0.49462939;0.84718106;0.0001;0.0;0.0001
2017-09-18 22:00:00+00:00;1.186e-05;0.0;0;0;0;0.0;0.365;0.365;0.35701619;0.2854411;0.0001;0.0;0.0001
2017-09-18 23:00:00+00:00;1.22e-06;0.0;0;0;0;0.0;0.409;0.409;0.28854791;0.15643391;0.0001;0.0;0.0001
2017-09-19 00:00:00+00:00;1.86e-06;0.0;0;0;0;0.0;0.412;0.412;0.25967761;0.15609531;0.0001;0.0;0.0001
2017-09-19 01:00:00+00:00;4.05e-06;0.0;0;0;0;0.0;0.452;0.452;0.24844244;0.15507951;0.0001;0.0;0.0001
2017-09-19 02:00:00+00:00;5.68e-06;0.0;0;0;0;0.0;0.47;0.47;0.21018366;0.15474091;0.0001;0.0;0.0001
2017-09-19 03:00:00+00:00;6.76e-06;0.0;0;0;0;0.0;0.446;0.446;0.20044275;0.15677251;0.0001;0.0;0.0001
2017-09-19 04:00:00+00:00;9.11e-06;0.0;0;0;0;0.0;0.411;0.411;0.20419251;0.18386064;0.0001;0.0;0.0001
2017-09-19 05:00:00+00:00;9.081e-05;0.0;0;0;0;0.0;0.328;0.328;0.20739249;0.17979742;0.0001;0.0;0.0001
2017-09-19 06:00:00+00:00;0.00065552;1.5e-07;0;0;0;0.019;0.157;0.157;0.21775365;0.18182903;0.0001;0.012;0.0001
2017-09-19 07:00:00+00:00;0.00087407;0.00043677;0;0;0;0.197;0.135;0.135;0.25873313;0.24040709;0.0001;0.158;0.0001
2017-09-19 08:00:00+00:00;0.00068352;0.00167274;0;0;0;0.393;0.222;0.222;0.26689519;0.24514752;0.0001;0.393;0.0001
2017-09-19 09:00:00+00:00;0.00011104;0.00244904;0;0;0;0.545;0.132;0.132;0.27047578;0.2424387;0.0001;0.609;0.0001
2017-09-19 10:00:00+00:00;2.133e-05;0.0016785;0;0;0;0.645;0.054;0.054;0.28241579;0.18115182;0.0001;0.771;0.0001
2017-09-19 11:00:00+00:00;2.081e-05;0.00047333;0;0;0;0.692;0.032;0.032;0.3427361;0.16354455;0.0001;0.851;0.0001
2017-09-19 12:00:00+00:00;2.019e-05;7.7e-07;0;0;0;0.697;0.029;0.029;0.36210514;0.16117433;0.0001;0.861;0.0001
2017-09-19 13:00:00+00:00;1.914e-05;1.8e-07;0;0;0;0.654;0.029;0.029;0.41399555;0.16422175;0.0001;0.784;0.0001
2017-09-19 14:00:00+00:00;2.115e-05;0.0;0;0;0;0.577;0.025;0.025;0.38339135;0.15812692;0.0001;0.665;0.0001
2017-09-19 15:00:00+00:00;2.251e-05;0.0;0;0;0;0.446;0.017;0.017;0.35299859;0.15778832;0.0001;0.465;0.0001
2017-09-19 16:00:00+00:00;2.432e-05;0.0;0;0;0;0.266;0.011;0.011;0.34838893;0.37991093;0.0001;0.225;0.0001
2017-09-19 17:00:00+00:00;7.212e-05;0.00027973;0;0;0;0.081;0.007;0.007;0.40097009;0.71478785;0.0001;0.043;0.0001
2017-09-19 18:00:00+00:00;0.00071967;0.00180853;0;0;0;0.0;0.006;0.006;0.59279968;0.84988987;0.0001;0.0;0.0001
2017-09-19 19:00:00+00:00;0.00075052;0.00183762;0;0;0;0.0;0.016;0.016;0.54733742;0.87494638;0.0001;0.0;0.0001
2017-09-19 20:00:00+00:00;8.447e-05;0.0003076;0;0;0;0.0;0.043;0.043;0.51912967;0.84413364;0.0001;0.0;0.0001
2017-09-19 21:00:00+00:00;1.834e-05;0.0;0;0;0;0.0;0.109;0.109;0.45009752;0.81636832;0.0001;0.0;0.0001
2017-09-19 22:00:00+00:00;1.161e-05;0.0;0;0;0;0.0;0.208;0.208;0.36858968;0.30101677;0.0001;0.0;0.0001
2017-09-19 23:00:00+00:00;1.08e-06;0.0;0;0;0;0.0;0.302;0.302;0.27985017;0.16049713;0.0001;0.0;0.0001
2017-09-20 00:00:00+00:00;1.62e-06;0.0;0;0;0;0.0;0.355;0.355;0.23293594;0.15507951;0.0001;0.0;0.0001
2017-09-20 01:00:00+00:00;3.92e-06;0.0;0;0;0;0.0;0.322;0.322;0.22858001;0.15474091;0.0001;0.0;0.0001
2017-09-20 02:00:00+00:00;5.21e-06;0.0;0;0;0;0.0;0.232;0.232;0.22770601;0.15237069;0.0001;0.0;0.0001
2017-09-20 03:00:00+00:00;6.76e-06;0.0;0;0;0;0.0;0.161;0.161;0.20719513;0.15744972;0.0001;0.0;0.0001
2017-09-20 04:00:00+00:00;8.93e-06;0.0;0;0;0;0.0;0.121;0.121;0.20272644;0.15609531;0.0001;0.0;0.0001
2017-09-20 05:00:00+00:00;9.007e-05;0.0;0;0;0;0.0;0.083;0.083;0.20011853;0.18013602;0.0001;0.0;0.0001
2017-09-20 06:00:00+00:00;0.00065571;9e-08;0;0;0;0.004;0.055;0.055;0.23321787;0.18623085;0.0001;0.0;0.0001
2017-09-20 07:00:00+00:00;0.00086214;0.00043161;0;0;0;0.076;0.017;0.017;0.30718391;0.20925575;0.0001;0.007;0.0001
2017-09-20 08:00:00+00:00;0.00069085;0.00166116;0;0;0;0.198;0.094;0.094;0.33705508;0.20620834;0.0001;0.033;0.0001
2017-09-20 09:00:00+00:00;0.00011236;0.00244188;0;0;0;0.292;0.174;0.174;0.34294756;0.21061016;0.0001;0.061;0.0001
2017-09-20 10:00:00+00:00;2.049e-05;0.00168232;0;0;0;0.352;0.16;0.16;0.37317115;0.21636638;0.0001;0.079;0.0001
2017-09-20 11:00:00+00:00;2.05e-05;0.00047205;0;0;0;0.42;0.154;0.154;0.42586508;0.16083573;0.0001;0.118;0.0001
2017-09-20 12:00:00+00:00;2.105e-05;7.5e-07;0;0;0;0.414;0.135;0.135;0.36218972;0.15981993;0.0001;0.11;0.0001
2017-09-20 13:00:00+00:00;1.981e-05;5.1e-07;0;0;0;0.399;0.102;0.102;0.41236032;0.16794637;0.0001;0.109;0.0001
2017-09-20 14:00:00+00:00;2.164e-05;6e-08;0;0;0;0.364;0.072;0.072;0.45353715;0.16659196;0.0001;0.108;0.0001
2017-09-20 15:00:00+00:00;2.171e-05;0.0;0;0;0;0.319;0.049;0.049;0.40316919;0.1974047;0.0001;0.115;0.0001
2017-09-20 16:00:00+00:00;2.467e-05;0.0;0;0;0;0.172;0.038;0.038;0.36550248;0.43510298;0.0001;0.038;0.0001
2017-09-20 17:00:00+00:00;7.436e-05;0.00028357;0;0;0;0.046;0.044;0.044;0.39565558;0.74052157;0.0001;0.006;0.0001
2017-09-20 18:00:00+00:00;0.00072676;0.00180769;0;0;0;0.0;0.104;0.104;0.63523112;0.87189897;0.0001;0.0;0.0001
2017-09-20 19:00:00+00:00;0.00075332;0.00183324;0;0;0;0.0;0.232;0.232;0.6424628;0.87697799;0.0001;0.0;0.0001
2017-09-20 20:00:00+00:00;8.404e-05;0.00031032;0;0;0;0.0;0.386;0.386;0.62606819;0.84176343;0.0001;0.0;0.0001
2017-09-20 21:00:00+00:00;1.83e-05;0.0;0;0;0;0.0;0.477;0.477;0.51881955;0.84379504;0.0001;0.0;0.0001
2017-09-20 22:00:00+00:00;1.182e-05;0.0;0;0;0;0.0;0.469;0.469;0.40920263;0.30067817;0.0001;0.0;0.0001
2017-09-20 23:00:00+00:00;1.17e-06;0.0;0;0;0;0.0;0.415;0.415;0.31839089;0.16117433;0.0001;0.0;0.0001
2017-09-21 00:00:00+00:00;1.28e-06;0.0;0;0;0;0.0;0.328;0.328;0.26600709;0.15067769;0.0001;0.0;0.0001
2017-09-21 01:00:00+00:00;2.82e-06;0.0;0;0;0;0.0;0.23;0.23;0.24754025;0.15744972;0.0001;0.0;0.0001
2017-09-21 02:00:00+00:00;4.13e-06;0.0;0;0;0;0.0;0.184;0.184;0.2295527;0.15609531;0.0001;0.0;0.0001
2017-09-21 03:00:00+00:00;5.45e-06;0.0;0;0;0;0.0;0.188;0.188;0.24615876;0.1760728;0.0001;0.0;0.0001
2017-09-21 04:00:00+00:00;7.61e-06;0.0;0;0;0;0.0;0.202;0.202;0.24211297;0.18860106;0.0001;0.0;0.0001
2017-09-21 05:00:00+00:00;9.143e-05;0.0;0;0;0;0.0;0.197;0.197;0.25238955;0.18724665;0.0001;0.0;0.0001
2017-09-21 06:00:00+00:00;0.0006581;1e-07;0;0;0;0.015;0.162;0.162;0.27756648;0.18927826;0.0001;0.005;0.0001
2017-09-21 07:00:00+00:00;0.00086551;0.00043237;0;0;0;0.154;0.043;0.043;0.35168759;0.22449282;0.0001;0.072;0.0001
2017-09-21 08:00:00+00:00;0.000689;0.00165672;0;0;0;0.341;0.01;0.01;0.37645571;0.26918823;0.0001;0.249;0.0001
2017-09-21 09:00:00+00:00;0.00010794;0.00242772;0;0;0;0.52;0.0;0.0;0.34263743;0.27325144;0.0001;0.498;0.0001
2017-09-21 10:00:00+00:00;1.796e-05;0.00167618;0;0;0;0.643;0.01;0.01;0.36482583;0.23397366;0.0001;0.708;0.0001
2017-09-21 11:00:00+00:00;1.757e-05;0.00047689;0;0;0;0.708;0.037;0.037;0.35556422;0.24040709;0.0001;0.836;0.0001
2017-09-21 12:00:00+00:00;1.844e-05;5.7e-07;0;0;0;0.714;0.068;0.068;0.28802633;0.21738219;0.0001;0.857;0.0001
2017-09-21 13:00:00+00:00;1.889e-05;3.3e-07;0;0;0;0.666;0.07;0.07;0.31758737;0.22347702;0.0001;0.772;0.0001
2017-09-21 14:00:00+00:00;1.888e-05;1e-07;0;0;0;0.558;0.053;0.053;0.39589523;0.22212261;0.0001;0.579;0.0001
2017-09-21 15:00:00+00:00;2.039e-05;0.0;0;0;0;0.421;0.038;0.038;0.38091031;0.22246121;0.0001;0.381;0.0001
2017-09-21 16:00:00+00:00;2.309e-05;0.0;0;0;0;0.267;0.029;0.029;0.41354446;0.22754024;0.0001;0.208;0.0001
2017-09-21 17:00:00+00:00;7.097e-05;0.00028122;0;0;0;0.08;0.025;0.025;0.4284307;0.50383909;0.0001;0.038;0.0001
2017-09-21 18:00:00+00:00;0.00071352;0.00179791;0;0;0;0.0;0.027;0.027;0.66792166;0.89255366;0.0001;0.0;0.0001
2017-09-21 19:00:00+00:00;0.00075408;0.00182256;0;0;0;0.0;0.028;0.028;0.66937364;0.88645884;0.0001;0.0;0.0001
2017-09-21 20:00:00+00:00;8.283e-05;0.00030336;0;0;0;0.0;0.029;0.029;0.6220224;0.88341142;0.0001;0.0;0.0001
2017-09-21 21:00:00+00:00;1.703e-05;0.0;0;0;0;0.0;0.033;0.033;0.4941501;0.84785826;0.0001;0.0;0.0001
2017-09-21 22:00:00+00:00;1.075e-05;0.0;0;0;0;0.0;0.049;0.049;0.45138033;0.56952779;0.0001;0.0;0.0001
2017-09-21 23:00:00+00:00;5.6e-07;0.0;0;0;0;0.0;0.049;0.049;0.39520449;0.21264177;0.0001;0.0;0.0001
2017-09-22 00:00:00+00:00;1.33e-06;0.0;0;0;0;0.0;0.042;0.042;0.28692677;0.20146792;0.0001;0.0;0.0001
2017-09-22 01:00:00+00:00;2.91e-06;0.0;0;0;0;0.0;0.18;0.18;0.29721746;0.20316092;0.0001;0.0;0.0001
2017-09-22 02:00:00+00:00;4.2e-06;0.0;0;0;0;0.0;0.323;0.323;0.23834912;0.20485393;0.0001;0.0;0.0001
2017-09-22 03:00:00+00:00;5.5e-06;0.0;0;0;0;0.0;0.447;0.447;0.24400194;0.20316092;0.0001;0.0;0.0001
2017-09-22 04:00:00+00:00;7.67e-06;0.0;0;0;0;0.0;0.537;0.537;0.26578154;0.21805939;0.0001;0.0;0.0001
2017-09-22 05:00:00+00:00;8.619e-05;0.0;0;0;0;0.0;0.518;0.518;0.33162781;0.21298037;0.0001;0.0;0.0001
2017-09-22 06:00:00+00:00;0.00065374;1.2e-07;0;0;0;0.02;0.449;0.449;0.34534402;0.21805939;0.0001;0.01;0.0001
2017-09-22 07:00:00+00:00;0.00087321;0.00043248;0;0;0;0.193;0.472;0.472;0.43659276;0.22110681;0.0001;0.137;0.0001
2017-09-22 08:00:00+00:00;0.00068371;0.00165614;0;0;0;0.387;0.42;0.42;0.47802333;0.21535058;0.0001;0.356;0.0001
2017-09-22 09:00:00+00:00;0.0001085;0.00242895;0;0;0;0.539;0.307;0.307;0.40952686;0.21568918;0.0001;0.564;0.0001
2017-09-22 10:00:00+00:00;1.86e-05;0.00166501;0;0;0;0.638;0.191;0.191;0.37132447;0.2204296;0.0001;0.715;0.0001
2017-09-22 11:00:00+00:00;1.764e-05;0.00047165;0;0;0;0.675;0.112;0.112;0.38274289;0.18284483;0.0001;0.765;0.0001
2017-09-22 12:00:00+00:00;1.903e-05;5.7e-07;0;0;0;0.675;0.066;0.066;0.41588453;0.17167098;0.0001;0.763;0.0001
2017-09-22 13:00:00+00:00;1.965e-05;1.8e-07;0;0;0;0.636;0.04;0.04;0.46231947;0.19875911;0.0001;0.701;0.0001
2017-09-22 14:00:00+00:00;1.884e-05;7e-08;0;0;0;0.548;0.023;0.023;0.44031433;0.23668248;0.0001;0.556;0.0001
2017-09-22 15:00:00+00:00;1.967e-05;0.0;0;0;0;0.389;0.01;0.01;0.46533619;0.23498947;0.0001;0.301;0.0001
2017-09-22 16:00:00+00:00;2.228e-05;0.0;0;0;0;0.193;0.002;0.002;0.45448164;0.42020451;0.0001;0.077;0.0001
2017-09-22 17:00:00+00:00;7.068e-05;0.00028605;0;0;0;0.045;0.003;0.003;0.42174881;0.72900912;0.0001;0.008;0.0001
2017-09-22 18:00:00+00:00;0.00072485;0.00179775;0;0;0;0.0;0.069;0.069;0.69841309;0.88679744;0.0001;0.0;0.0001
2017-09-22 19:00:00+00:00;0.00075336;0.00182506;0;0;0;0.0;0.169;0.169;0.71607641;0.87156037;0.0001;0.0;0.0001
2017-09-22 20:00:00+00:00;8.356e-05;0.00030748;0;0;0;0.0;0.294;0.294;0.62905672;0.84955127;0.0001;0.0;0.0001
2017-09-22 21:00:00+00:00;1.693e-05;0.0;0;0;0;0.0;0.39;0.39;0.52901155;0.84142483;0.0001;0.0;0.0001
2017-09-22 22:00:00+00:00;1.059e-05;0.0;0;0;0;0.0;0.31;0.31;0.49709634;0.31185202;0.0001;0.0;0.0001
2017-09-22 23:00:00+00:00;5.4e-07;0.0;0;0;0;0.0;0.195;0.195;0.40876563;0.19435728;0.0001;0.0;0.0001
2017-09-23 00:00:00+00:00;1.88e-06;0.0;0;0;0;0.0;0.182;0.182;0.34017048;0.19029407;0.0001;0.0;0.0001
2017-09-23 01:00:00+00:00;3.77e-06;0.0;0;0;0;0.0;0.177;0.177;0.30497071;0.18995546;0.0001;0.0;0.0001
2017-09-23 02:00:00+00:00;5.26e-06;0.0;0;0;0;0.0;0.156;0.156;0.27287224;0.18927826;0.0001;0.0;0.0001
2017-09-23 03:00:00+00:00;6.88e-06;0.0;0;0;0;0.0;0.139;0.139;0.29070472;0.19063267;0.0001;0.0;0.0001
2017-09-23 04:00:00+00:00;9.09e-06;0.0;0;0;0;0.0;0.116;0.116;0.27143436;0.21704359;0.0001;0.0;0.0001
2017-09-23 05:00:00+00:00;9.165e-05;0.0;0;0;0;0.0;0.09;0.09;0.28801223;0.18623085;0.0001;0.0;0.0001
2017-09-23 06:00:00+00:00;0.00066215;7e-08;0;0;0;0.014;0.061;0.061;0.32772299;0.18893966;0.0001;0.004;0.0001
2017-09-23 07:00:00+00:00;0.00086914;0.00043978;0;0;0;0.162;0.014;0.014;0.36209105;0.24819493;0.0001;0.08;0.0001
2017-09-23 08:00:00+00:00;0.00069007;0.00166313;0;0;0;0.367;0.023;0.023;0.34086123;0.28713411;0.0001;0.304;0.0001
2017-09-23 09:00:00+00:00;0.00011117;0.00242847;0;0;0;0.477;0.033;0.033;0.313894;0.27189704;0.0001;0.412;0.0001
2017-09-23 10:00:00+00:00;1.998e-05;0.00166037;0;0;0;0.582;0.037;0.037;0.3374075;0.26038459;0.0001;0.558;0.0001
2017-09-23 11:00:00+00:00;2.15e-05;0.00046917;0;0;0;0.6;0.031;0.031;0.28331799;0.21568918;0.0001;0.544;0.0001
2017-09-23 12:00:00+00:00;2.16e-05;1.12e-06;0;0;0;0.59;0.015;0.015;0.32314152;0.2194138;0.0001;0.502;0.0001
2017-09-23 13:00:00+00:00;2.044e-05;5.5e-07;0;0;0;0.54;0.004;0.004;0.376498;0.21535058;0.0001;0.419;0.0001
2017-09-23 14:00:00+00:00;2.127e-05;8e-08;0;0;0;0.481;0.001;0.001;0.41381229;0.21027156;0.0001;0.36;0.0001
2017-09-23 15:00:00+00:00;2.249e-05;0.0;0;0;0;0.335;0.001;0.001;0.44276717;0.220091;0.0001;0.178;0.0001
2017-09-23 16:00:00+00:00;2.453e-05;0.0;0;0;0;0.181;0.001;0.001;0.47122866;0.46625432;0.0001;0.059;0.0001
2017-09-23 17:00:00+00:00;7.384e-05;0.00028112;0;0;0;0.063;0.0;0.0;0.48213961;0.73916717;0.0001;0.016;0.0001
2017-09-23 18:00:00+00:00;0.00072499;0.00178862;0;0;0;0.0;0.003;0.003;0.71906494;0.86648134;0.0001;0.0;0.0001
2017-09-23 19:00:00+00:00;0.00075238;0.00184356;0;0;0;0.0;0.015;0.015;0.73578378;0.87393058;0.0001;0.0;0.0001
2017-09-23 20:00:00+00:00;8.481e-05;0.00031233;0;0;0;0.0;0.036;0.036;0.65077992;0.84311784;0.0001;0.0;0.0001
2017-09-23 21:00:00+00:00;1.856e-05;0.0;0;0;0;0.0;0.049;0.049;0.57905528;0.83295979;0.0001;0.0;0.0001
2017-09-23 22:00:00+00:00;1.184e-05;0.0;0;0;0;0.0;0.07;0.07;0.5336776;0.30304838;0.0001;0.0;0.0001
2017-09-23 23:00:00+00:00;1.28e-06;0.0;0;0;0;0.0;0.077;0.077;0.45521467;0.18149043;0.0001;0.0;0.0001
2017-09-24 00:00:00+00:00;1.73e-06;0.0;0;0;0;0.0;0.132;0.132;0.38950937;0.16049713;0.0001;0.0;0.0001
2017-09-24 01:00:00+00:00;3.79e-06;0.0;0;0;0;0.0;0.254;0.254;0.34524534;0.16185154;0.0001;0.0;0.0001
2017-09-24 02:00:00+00:00;5.07e-06;0.0;0;0;0;0.0;0.275;0.275;0.33168419;0.16151293;0.0001;0.0;0.0001
2017-09-24 03:00:00+00:00;6.74e-06;0.0;0;0;0;0.0;0.248;0.248;0.33969119;0.18352204;0.0001;0.0;0.0001
2017-09-24 04:00:00+00:00;8.97e-06;0.0;0;0;0;0.0;0.254;0.254;0.35525408;0.18047462;0.0001;0.0;0.0001
2017-09-24 05:00:00+00:00;9.057e-05;0.0;0;0;0;0.0;0.35;0.35;0.34418808;0.18284483;0.0001;0.0;0.0001
2017-09-24 06:00:00+00:00;0.00066558;1e-07;0;0;0;0.013;0.385;0.385;0.38888911;0.20790135;0.0001;0.003;0.0001
2017-09-24 07:00:00+00:00;0.00087555;0.00043718;0;0;0;0.127;0.672;0.672;0.39197631;0.24785633;0.0001;0.032;0.0001
2017-09-24 08:00:00+00:00;0.00068343;0.00165933;0;0;0;0.25;0.861;0.861;0.39438687;0.24751773;0.0001;0.081;0.0001
2017-09-24 09:00:00+00:00;0.00011066;0.0024208;0;0;0;0.366;0.846;0.846;0.39851724;0.24413171;0.0001;0.15;0.0001
2017-09-24 10:00:00+00:00;1.915e-05;0.00166029;0;0;0;0.468;0.75;0.75;0.4004908;0.18623085;0.0001;0.243;0.0001
2017-09-24 11:00:00+00:00;2.145e-05;0.00046621;0;0;0;0.508;0.608;0.608;0.39256838;0.16693056;0.0001;0.274;0.0001
2017-09-24 12:00:00+00:00;2.169e-05;1.72e-06;0;0;0;0.533;0.455;0.455;0.37280463;0.16252874;0.0001;0.314;0.0001
2017-09-24 13:00:00+00:00;2.003e-05;4.9e-07;0;0;0;0.503;0.334;0.334;0.38002221;0.16625336;0.0001;0.285;0.0001
2017-09-24 14:00:00+00:00;2.145e-05;3e-08;0;0;0;0.411;0.242;0.242;0.42837432;0.16489895;0.0001;0.184;0.0001
2017-09-24 15:00:00+00:00;2.34e-05;0.0;0;0;0;0.29;0.183;0.183;0.43893284;0.17099378;0.0001;0.091;0.0001
2017-09-24 16:00:00+00:00;2.396e-05;0.0;0;0;0;0.161;0.149;0.149;0.49259945;0.3954866;0.0001;0.033;0.0001
2017-09-24 17:00:00+00:00;7.27e-05;0.00027622;0;0;0;0.044;0.125;0.125;0.51388566;0.70530701;0.0001;0.005;0.0001
2017-09-24 18:00:00+00:00;0.00073104;0.00178844;0;0;0;0.0;0.14;0.14;0.7401397;0.86343393;0.0001;0.0;0.0001
2017-09-24 19:00:00+00:00;0.00075789;0.00181801;0;0;0;0.0;0.16;0.16;0.72715652;0.87088316;0.0001;0.0;0.0001
2017-09-24 20:00:00+00:00;8.293e-05;0.00031353;0;0;0;0.0;0.17;0.17;0.70719542;0.84007042;0.0001;0.0;0.0001
2017-09-24 21:00:00+00:00;1.828e-05;0.0;0;0;0;0.0;0.148;0.148;0.62000655;0.8349914;0.0001;0.0;0.0001
2017-09-24 22:00:00+00:00;1.16e-05;0.0;0;0;0;0.0;0.1;0.1;0.52940626;0.28442529;0.0001;0.0;0.0001
2017-09-24 23:00:00+00:00;9.3e-07;0.0;0;0;0;0.0;0.068;0.068;0.50630156;0.17268679;0.0001;0.0;0.0001
2017-09-25 00:00:00+00:00;1.66e-06;0.0;0;0;0;0.0;0.041;0.041;0.41471449;0.14864608;0.0001;0.0;0.0001
2017-09-25 01:00:00+00:00;3.69e-06;0.0;0;0;0;0.0;0.043;0.043;0.35081358;0.14830747;0.0001;0.0;0.0001
2017-09-25 02:00:00+00:00;5.22e-06;0.0;0;0;0;0.0;0.058;0.058;0.31159622;0.14763027;0.0001;0.0;0.0001
2017-09-25 03:00:00+00:00;6.87e-06;0.0;0;0;0;0.0;0.066;0.066;0.24768121;0.14966188;0.0001;0.0;0.0001
2017-09-25 04:00:00+00:00;9.45e-06;0.0;0;0;0;0.0;0.071;0.071;0.25248823;0.14966188;0.0001;0.0;0.0001
2017-09-25 05:00:00+00:00;9.212e-05;0.0;0;0;0;0.0;0.061;0.061;0.22495713;0.18182903;0.0001;0.0;0.0001
2017-09-25 06:00:00+00:00;0.00067002;2.5e-07;0;0;0;0.004;0.046;0.046;0.25715428;0.18521504;0.0001;0.0;0.0001
2017-09-25 07:00:00+00:00;0.0008696;0.00043981;0;0;0;0.04;0.014;0.014;0.29762627;0.24717913;0.0001;0.001;0.0001
2017-09-25 08:00:00+00:00;0.00068825;0.00166645;0;0;0;0.093;0.006;0.006;0.29221308;0.24582472;0.0001;0.004;0.0001
2017-09-25 09:00:00+00:00;0.0001116;0.00244037;0;0;0;0.171;0.001;0.001;0.32849831;0.24954934;0.0001;0.009;0.0001
2017-09-25 10:00:00+00:00;2.188e-05;0.00168307;0;0;0;0.283;0.001;0.001;0.39596571;0.16760776;0.0001;0.027;0.0001
2017-09-25 11:00:00+00:00;2.196e-05;0.00047517;0;0;0;0.413;0.001;0.001;0.45145082;0.20282232;0.0001;0.08;0.0001
2017-09-25 12:00:00+00:00;2.186e-05;1.85e-06;0;0;0;0.402;0.0;0.0;0.37594822;0.22517003;0.0001;0.072;0.0001
2017-09-25 13:00:00+00:00;2.033e-05;7.4e-07;0;0;0;0.325;0.0;0.0;0.45380499;0.22212261;0.0001;0.039;0.0001
2017-09-25 14:00:00+00:00;1.985e-05;2.2e-07;0;0;0;0.239;0.0;0.0;0.44572751;0.2187366;0.0001;0.019;0.0001
2017-09-25 15:00:00+00:00;2.159e-05;0.0;0;0;0;0.162;0.001;0.001;0.44011697;0.2194138;0.0001;0.01;0.0001
2017-09-25 16:00:00+00:00;2.326e-05;0.0;0;0;0;0.091;0.009;0.009;0.45692039;0.44661543;0.0001;0.005;0.0001
2017-09-25 17:00:00+00:00;7.197e-05;0.00028456;0;0;0;0.026;0.023;0.023;0.4355637;0.73544255;0.0001;0.001;0.0001
2017-09-25 18:00:00+00:00;0.00071886;0.0018081;0;0;0;0.0;0.075;0.075;0.65147067;0.86444974;0.0001;0.0;0.0001
2017-09-25 19:00:00+00:00;0.00076191;0.0018285;0;0;0;0.0;0.156;0.156;0.66845734;0.87630079;0.0001;0.0;0.0001
2017-09-25 20:00:00+00:00;8.51e-05;0.00030672;0;0;0;0.0;0.26;0.26;0.62384089;0.85022847;0.0001;0.0;0.0001
2017-09-25 21:00:00+00:00;1.789e-05;0.0;0;0;0;0.0;0.398;0.398;0.5150416;0.82821937;0.0001;0.0;0.0001
2017-09-25 22:00:00+00:00;1.178e-05;0.0;0;0;0;0.0;0.435;0.435;0.42713379;0.28713411;0.0001;0.0;0.0001
2017-09-25 23:00:00+00:00;1.21e-06;0.0;0;0;0;0.0;0.412;0.412;0.34575282;0.15778832;0.0001;0.0;0.0001
2017-09-26 00:00:00+00:00;1.79e-06;0.0;0;0;0;0.0;0.375;0.375;0.25943797;0.15812692;0.0001;0.0;0.0001
2017-09-26 01:00:00+00:00;4.23e-06;0.0;0;0;0;0.0;0.315;0.315;0.24885125;0.16049713;0.0001;0.0;0.0001
2017-09-26 02:00:00+00:00;5.64e-06;0.0;0;0;0;0.0;0.302;0.302;0.25434901;0.16185154;0.0001;0.0;0.0001
2017-09-26 03:00:00+00:00;6.73e-06;0.0;0;0;0;0.0;0.294;0.294;0.28498141;0.16185154;0.0001;0.0;0.0001
2017-09-26 04:00:00+00:00;9.08e-06;0.0;0;0;0;0.0;0.269;0.269;0.31318916;0.18419924;0.0001;0.0;0.0001
2017-09-26 05:00:00+00:00;9.16e-05;0.0;0;0;0;0.0;0.247;0.247;0.34401891;0.18182903;0.0001;0.0;0.0001
2017-09-26 06:00:00+00:00;0.00066664;1.3e-07;0;0;0;0.012;0.253;0.253;0.25134639;0.18826246;0.0001;0.002;0.0001
2017-09-26 07:00:00+00:00;0.00087049;0.00043899;0;0;0;0.106;0.392;0.392;0.27181498;0.18555364;0.0001;0.019;0.0001
2017-09-26 08:00:00+00:00;0.0006943;0.0016599;0;0;0;0.226;0.522;0.522;0.33112032;0.10835249;0.0001;0.056;0.0001
2017-09-26 09:00:00+00:00;0.0001128;0.00243656;0;0;0;0.352;0.374;0.374;0.36310602;0.10767529;0.0001;0.127;0.0001
2017-09-26 10:00:00+00:00;2.079e-05;0.0016673;0;0;0;0.481;0.201;0.201;0.41330481;0.10733669;0.0001;0.26;0.0001
2017-09-26 11:00:00+00:00;2.025e-05;0.00047016;0;0;0;0.584;0.118;0.118;0.38388473;0.05586925;0.0001;0.433;0.0001
2017-09-26 12:00:00+00:00;2.07e-05;9.3e-07;0;0;0;0.615;0.091;0.091;0.38167154;0.05722366;0.0001;0.515;0.0001
2017-09-26 13:00:00+00:00;2.012e-05;9e-08;0;0;0;0.622;0.087;0.087;0.38303893;0.05485345;0.0001;0.585;0.0001
2017-09-26 14:00:00+00:00;1.996e-05;1e-08;0;0;0;0.572;0.093;0.093;0.38966443;0.05586925;0.0001;0.557;0.0001
2017-09-26 15:00:00+00:00;2.208e-05;0.0;0;0;0;0.45;0.09;0.09;0.3649527;0.18284483;0.0001;0.404;0.0001
2017-09-26 16:00:00+00:00;2.451e-05;0.0;0;0;0;0.27;0.077;0.077;0.36478354;0.44356802;0.0001;0.19;0.0001
2017-09-26 17:00:00+00:00;7.372e-05;0.0002824;0;0;0;0.089;0.058;0.058;0.4257805;0.71072464;0.0001;0.04;0.0001
2017-09-26 18:00:00+00:00;0.00073025;0.0017954;0;0;0;0.0;0.095;0.095;0.63540029;0.84007042;0.0001;0.0;0.0001
2017-09-26 19:00:00+00:00;0.00075404;0.00183904;0;0;0;0.0;0.195;0.195;0.6557843;0.87663939;0.0001;0.0;0.0001
2017-09-26 20:00:00+00:00;8.532e-05;0.00031555;0;0;0;0.0;0.303;0.303;0.63989717;0.82821937;0.0001;0.0;0.0001
2017-09-26 21:00:00+00:00;1.813e-05;0.0;0;0;0;0.0;0.337;0.337;0.48961092;0.81839993;0.0001;0.0;0.0001
2017-09-26 22:00:00+00:00;1.167e-05;0.0;0;0;0;0.0;0.362;0.362;0.38044511;0.28171648;0.0001;0.0;0.0001
2017-09-26 23:00:00+00:00;1.13e-06;0.0;0;0;0;0.0;0.34;0.34;0.34196078;0.15541811;0.0001;0.0;0.0001
2017-09-27 00:00:00+00:00;1.87e-06;0.0;0;0;0;0.0;0.283;0.283;0.2490627;0.15541811;0.0001;0.0;0.0001
2017-09-27 01:00:00+00:00;3.88e-06;0.0;0;0;0;0.0;0.238;0.238;0.2188673;0.1540637;0.0001;0.0;0.0001
2017-09-27 02:00:00+00:00;5.34e-06;0.0;0;0;0;0.0;0.2;0.2;0.22967957;0.15778832;0.0001;0.0;0.0001
2017-09-27 03:00:00+00:00;6.85e-06;0.0;0;0;0;0.0;0.171;0.171;0.22326551;0.15744972;0.0001;0.0;0.0001
2017-09-27 04:00:00+00:00;9.18e-06;0.0;0;0;0;0.0;0.156;0.156;0.21630168;0.18149043;0.0001;0.0;0.0001
2017-09-27 05:00:00+00:00;9.107e-05;0.0;0;0;0;0.0;0.16;0.16;0.24348036;0.18250623;0.0001;0.0;0.0001
2017-09-27 06:00:00+00:00;0.00066434;2.7e-07;0;0;0;0.024;0.137;0.137;0.32827276;0.18250623;0.0001;0.013;0.0001
2017-09-27 07:00:00+00:00;0.00087611;0.0004317;0;0;0;0.194;0.085;0.085;0.3538726;0.18115182;0.0001;0.132;0.0001
2017-09-27 08:00:00+00:00;0.00068654;0.00163944;0;0;0;0.369;0.158;0.158;0.4691085;0.18318343;0.0001;0.309;0.0001
2017-09-27 09:00:00+00:00;0.00011153;0.00240639;0;0;0;0.531;0.139;0.139;0.45834558;0.18284483;0.0001;0.533;0.0001
2017-09-27 10:00:00+00:00;1.953e-05;0.00164759;0;0;0;0.655;0.095;0.095;0.48718627;0.18555364;0.0001;0.741;0.0001
2017-09-27 11:00:00+00:00;1.953e-05;0.00046897;0;0;0;0.692;0.063;0.063;0.45782258;0.16151293;0.0001;0.791;0.0001
2017-09-27 12:00:00+00:00;2.184e-05;7e-07;0;0;0;0.686;0.037;0.037;0.39597981;0.16151293;0.0001;0.766;0.0001
2017-09-27 13:00:00+00:00;2.288e-05;1.6e-07;0;0;0;0.592;0.02;0.02;0.3645157;0.16354455;0.0001;0.561;0.0001
2017-09-27 14:00:00+00:00;2.192e-05;7e-08;0;0;0;0.536;0.011;0.011;0.39595162;0.16320594;0.0001;0.502;0.0001
2017-09-27 15:00:00+00:00;2.305e-05;0.0;0;0;0;0.417;0.007;0.007;0.43529586;0.37821792;0.0001;0.358;0.0001
2017-09-27 16:00:00+00:00;2.44e-05;0.0;0;0;0;0.276;0.008;0.008;0.42122723;0.37686352;0.0001;0.219;0.0001
2017-09-27 17:00:00+00:00;7.114e-05;0.00028316;0;0;0;0.096;0.016;0.016;0.41296649;0.71478785;0.0001;0.056;0.0001
2017-09-27 18:00:00+00:00;0.00072755;0.0017859;0;0;0;0.0;0.068;0.068;0.65747591;0.87528499;0.0001;0.0;0.0001
2017-09-27 19:00:00+00:00;0.00076387;0.00180418;0;0;0;0.0;0.217;0.217;0.70954959;0.87156037;0.0001;0.0;0.0001
2017-09-27 20:00:00+00:00;8.57e-05;0.00030234;0;0;0;0.0;0.431;0.431;0.62977565;0.84379504;0.0001;0.0;0.0001
2017-09-27 21:00:00+00:00;1.828e-05;0.0;0;0;0;0.0;0.512;0.512;0.54035949;0.84413364;0.0001;0.0;0.0001
2017-09-27 22:00:00+00:00;1.206e-05;0.0;0;0;0;0.0;0.475;0.475;0.47590881;0.27426725;0.0001;0.0;0.0001
2017-09-27 23:00:00+00:00;1.43e-06;0.0;0;0;0;0.0;0.339;0.339;0.33909912;0.15237069;0.0001;0.0;0.0001
2017-09-28 00:00:00+00:00;1.34e-06;0.0;0;0;0;0.0;0.236;0.236;0.23809537;0.14830747;0.0001;0.0;0.0001
2017-09-28 01:00:00+00:00;2.88e-06;0.0;0;0;0;0.0;0.191;0.191;0.2175563;0.14763027;0.0001;0.0;0.0001
2017-09-28 02:00:00+00:00;4.12e-06;0.0;0;0;0;0.0;0.162;0.162;0.21714749;0.14695307;0.0001;0.0;0.0001
2017-09-28 03:00:00+00:00;5.36e-06;0.0;0;0;0;0.0;0.145;0.145;0.2130876;0.14966188;0.0001;0.0;0.0001
2017-09-28 04:00:00+00:00;7.55e-06;0.0;0;0;0;0.0;0.144;0.144;0.21876863;0.18352204;0.0001;0.0;0.0001
2017-09-28 05:00:00+00:00;8.896e-05;0.0;0;0;0;0.0;0.142;0.142;0.25113494;0.17945882;0.0001;0.0;0.0001
2017-09-28 06:00:00+00:00;0.00066436;1.1e-07;0;0;0;0.023;0.111;0.111;0.28691268;0.18182903;0.0001;0.01;0.0001
2017-09-28 07:00:00+00:00;0.00087917;0.00044184;0;0;0;0.183;0.095;0.095;0.35212459;0.20993296;0.0001;0.11;0.0001
2017-09-28 08:00:00+00:00;0.00068287;0.00167352;0;0;0;0.352;0.236;0.236;0.41361494;0.21331897;0.0001;0.265;0.0001
2017-09-28 09:00:00+00:00;0.00011;0.00243953;0;0;0;0.458;0.197;0.197;0.46031772;0.21670499;0.0001;0.361;0.0001
2017-09-28 10:00:00+00:00;1.903e-05;0.00168319;0;0;0;0.565;0.084;0.084;0.46323576;0.18453784;0.0001;0.508;0.0001
2017-09-28 11:00:00+00:00;1.89e-05;0.00047334;0;0;0;0.635;0.025;0.025;0.475063;0.16151293;0.0001;0.628;0.0001
2017-09-28 12:00:00+00:00;1.881e-05;3.7e-07;0;0;0;0.604;0.006;0.006;0.4093577;0.16591475;0.0001;0.544;0.0001
2017-09-28 13:00:00+00:00;1.842e-05;4.1e-07;0;0;0;0.596;0.002;0.002;0.44607993;0.15948133;0.0001;0.562;0.0001
2017-09-28 14:00:00+00:00;1.838e-05;0.0;0;0;0;0.534;0.001;0.001;0.46153005;0.16083573;0.0001;0.496;0.0001
2017-09-28 15:00:00+00:00;1.965e-05;0.0;0;0;0;0.416;0.004;0.004;0.46477232;0.37889512;0.0001;0.353;0.0001
2017-09-28 16:00:00+00:00;2.112e-05;0.0;0;0;0;0.27;0.017;0.017;0.4537345;0.3738161;0.0001;0.203;0.0001
2017-09-28 17:00:00+00:00;7.062e-05;0.00028594;0;0;0;0.095;0.048;0.048;0.46495558;0.68532952;0.0001;0.052;0.0001
2017-09-28 18:00:00+00:00;0.00072768;0.00180235;0;0;0;0.0;0.156;0.156;0.73684104;0.86411114;0.0001;0.0;0.0001
2017-09-28 19:00:00+00:00;0.0007591;0.0018252;0;0;0;0.0;0.334;0.334;0.73022963;0.87460778;0.0001;0.0;0.0001
2017-09-28 20:00:00+00:00;8.511e-05;0.00030492;0;0;0;0.0;0.395;0.395;0.66517278;0.82889658;0.0001;0.0;0.0001
2017-09-28 21:00:00+00:00;1.697e-05;0.0;0;0;0;0.0;0.398;0.398;0.58553982;0.80959629;0.0001;0.0;0.0001
2017-09-28 22:00:00+00:00;1.055e-05;0.0;0;0;0;0.0;0.375;0.375;0.46714058;0.27121984;0.0001;0.0;0.0001
2017-09-28 23:00:00+00:00;5.2e-07;0.0;0;0;0;0.0;0.352;0.352;0.35254749;0.14898468;0.0001;0.0;0.0001
2017-09-29 00:00:00+00:00;1.32e-06;0.0;0;0;0;0.0;0.283;0.283;0.26514718;0.14763027;0.0001;0.0;0.0001
2017-09-29 01:00:00+00:00;2.95e-06;0.0;0;0;0;0.0;0.224;0.224;0.24546801;0.14796887;0.0001;0.0;0.0001
2017-09-29 02:00:00+00:00;4.15e-06;0.0;0;0;0;0.0;0.192;0.192;0.24123896;0.15270929;0.0001;0.0;0.0001
2017-09-29 03:00:00+00:00;5.48e-06;0.0;0;0;0;0.0;0.206;0.206;0.24665215;0.14695307;0.0001;0.0;0.0001
2017-09-29 04:00:00+00:00;7.6e-06;0.0;0;0;0;0.0;0.225;0.225;0.25740802;0.18419924;0.0001;0.0;0.0001
2017-09-29 05:00:00+00:00;8.844e-05;0.0;0;0;0;0.0;0.22;0.22;0.32226751;0.17878161;0.0001;0.0;0.0001
2017-09-29 06:00:00+00:00;0.00066741;1.2e-07;0;0;0;0.023;0.166;0.166;0.36911126;0.18047462;0.0001;0.012;0.0001
2017-09-29 07:00:00+00:00;0.00087188;0.00043763;0;0;0;0.2;0.233;0.233;0.39286441;0.18284483;0.0001;0.149;0.0001
2017-09-29 08:00:00+00:00;0.00069612;0.00166332;0;0;0;0.402;0.222;0.222;0.39550052;0.18182903;0.0001;0.393;0.0001
2017-09-29 09:00:00+00:00;0.00010947;0.00243859;0;0;0;0.554;0.066;0.066;0.42139639;0.18453784;0.0001;0.615;0.0001
2017-09-29 10:00:00+00:00;1.883e-05;0.00167401;0;0;0;0.656;0.008;0.008;0.46659081;0.16185154;0.0001;0.78;0.0001
2017-09-29 11:00:00+00:00;1.878e-05;0.0004764;0;0;0;0.706;0.001;0.001;0.44499447;0.1544023;0.0001;0.866;0.0001
2017-09-29 12:00:00+00:00;1.932e-05;7.1e-07;0;0;0;0.71;0.003;0.003;0.43539454;0.15507951;0.0001;0.874;0.0001
2017-09-29 13:00:00+00:00;1.759e-05;2.3e-07;0;0;0;0.672;0.008;0.008;0.48642504;0.15541811;0.0001;0.809;0.0001
2017-09-29 14:00:00+00:00;1.731e-05;4e-08;0;0;0;0.585;0.02;0.02;0.51938342;0.15981993;0.0001;0.662;0.0001
2017-09-29 15:00:00+00:00;1.954e-05;0.0;0;0;0;0.444;0.037;0.037;0.5163526;0.18961686;0.0001;0.443;0.0001
2017-09-29 16:00:00+00:00;2.214e-05;0.0;0;0;0;0.267;0.06;0.06;0.49836505;0.37754072;0.0001;0.21;0.0001
2017-09-29 17:00:00+00:00;7.059e-05;0.0002803;0;0;0;0.084;0.089;0.089;0.47932024;0.71343345;0.0001;0.04;0.0001
2017-09-29 18:00:00+00:00;0.00072925;0.0018014;0;0;0;0.0;0.214;0.214;0.71685174;0.88137981;0.0001;0.0;0.0001
2017-09-29 19:00:00+00:00;0.00076029;0.00183013;0;0;0;0.0;0.411;0.411;0.72212395;0.87460778;0.0001;0.0;0.0001
2017-09-29 20:00:00+00:00;8.371e-05;0.00030592;0;0;0;0.0;0.495;0.495;0.65500897;0.8339756;0.0001;0.0;0.0001
2017-09-29 21:00:00+00:00;1.692e-05;0.0;0;0;0;0.0;0.484;0.484;0.55115766;0.79232761;0.0001;0.0;0.0001
2017-09-29 22:00:00+00:00;1.062e-05;0.0;0;0;0;0.0;0.385;0.385;0.43092584;0.27020403;0.0001;0.0;0.0001
2017-09-29 23:00:00+00:00;5.7e-07;0.0;0;0;0;0.0;0.307;0.307;0.41997261;0.14830747;0.0001;0.0;0.0001
2017-09-30 00:00:00+00:00;1.71e-06;0.0;0;0;0;0.0;0.266;0.266;0.3529704;0.14627587;0.0001;0.0;0.0001
2017-09-30 01:00:00+00:00;3.86e-06;0.0;0;0;0;0.0;0.231;0.231;0.30762091;0.14830747;0.0001;0.0;0.0001
2017-09-30 02:00:00+00:00;5.24e-06;0.0;0;0;0;0.0;0.217;0.217;0.286377;0.14830747;0.0001;0.0;0.0001
2017-09-30 03:00:00+00:00;6.78e-06;0.0;0;0;0;0.0;0.223;0.223;0.2908034;0.14763027;0.0001;0.0;0.0001
2017-09-30 04:00:00+00:00;9.38e-06;0.0;0;0;0;0.0;0.241;0.241;0.27370395;0.18115182;0.0001;0.0;0.0001
2017-09-30 05:00:00+00:00;9.255e-05;0.0;0;0;0;0.0;0.235;0.235;0.25678776;0.17979742;0.0001;0.0;0.0001
2017-09-30 06:00:00+00:00;0.00067126;9e-08;0;0;0;0.017;0.202;0.202;0.32374768;0.18318343;0.0001;0.005;0.0001
2017-09-30 07:00:00+00:00;0.00087579;0.0004377;0;0;0;0.163;0.203;0.203;0.32658114;0.18521504;0.0001;0.077;0.0001
2017-09-30 08:00:00+00:00;0.00069765;0.00165625;0;0;0;0.322;0.404;0.404;0.40285906;0.18250623;0.0001;0.205;0.0001
2017-09-30 09:00:00+00:00;0.00011496;0.00242437;0;0;0;0.428;0.308;0.308;0.43461921;0.18149043;0.0001;0.299;0.0001
2017-09-30 10:00:00+00:00;2.005e-05;0.00167365;0;0;0;0.576;0.194;0.194;0.47588062;0.16049713;0.0001;0.549;0.0001
2017-09-30 11:00:00+00:00;2.096e-05;0.00047835;0;0;0;0.665;0.156;0.156;0.4346615;0.15981993;0.0001;0.735;0.0001
2017-09-30 12:00:00+00:00;2.074e-05;1.12e-06;0;0;0;0.669;0.18;0.18;0.44400769;0.16015853;0.0001;0.743;0.0001
2017-09-30 13:00:00+00:00;1.986e-05;0.0;0;0;0;0.633;0.237;0.237;0.4661679;0.16151293;0.0001;0.685;0.0001
2017-09-30 14:00:00+00:00;2.045e-05;0.0;0;0;0;0.555;0.339;0.339;0.53832955;0.15541811;0.0001;0.568;0.0001
2017-09-30 15:00:00+00:00;2.281e-05;0.0;0;0;0;0.428;0.456;0.456;0.48683385;0.37991093;0.0001;0.39;0.0001
2017-09-30 16:00:00+00:00;2.465e-05;0.0;0;0;0;0.269;0.535;0.535;0.48603033;0.37720212;0.0001;0.204;0.0001
2017-09-30 17:00:00+00:00;7.219e-05;0.0002747;0;0;0;0.088;0.538;0.538;0.47369561;0.703614;0.0001;0.04;0.0001
2017-09-30 18:00:00+00:00;0.00072981;0.00178675;0;0;0;0.0;0.507;0.507;0.70984562;0.86580414;0.0001;0.0;0.0001
2017-09-30 19:00:00+00:00;0.00076404;0.00181826;0;0;0;0.0;0.439;0.439;0.71021214;0.87189897;0.0001;0.0;0.0001
2017-09-30 20:00:00+00:00;8.632e-05;0.00031106;0;0;0;0.0;0.367;0.367;0.62279772;0.87291477;0.0001;0.0;0.0001
2017-09-30 21:00:00+00:00;1.833e-05;0.0;0;0;0;0.0;0.339;0.339;0.56154702;0.82957378;0.0001;0.0;0.0001
2017-09-30 22:00:00+00:00;1.18e-05;0.0;0;0;0;0.0;0.282;0.282;0.47180663;0.27866907;0.0001;0.0;0.0001
2017-09-30 23:00:00+00:00;1.48e-06;0.0;0;0;0;0.0;0.215;0.215;0.375187;0.14966188;0.0001;0.0;0.0001
2017-10-01 00:00:00+00:00;1.6e-06;0.0;0;0;0;0.0;0.171;0.171;0.69278846;0.16862357;0.0001;0.0;0.0001
2017-10-01 01:00:00+00:00;3.63e-06;0.0;0;0;0;0.0;0.145;0.145;0.65654552;0.16930077;0.0001;0.0;0.0001
2017-10-01 02:00:00+00:00;5.17e-06;0.0;0;0;0;0.0;0.151;0.151;0.59237678;0.16828497;0.0001;0.0;0.0001
2017-10-01 03:00:00+00:00;6.48e-06;0.0;0;0;0;0.0;0.195;0.195;0.55697965;0.18826246;0.0001;0.0;0.0001
2017-10-01 04:00:00+00:00;9.34e-06;0.0;0;0;0;0.0;0.254;0.254;0.54905723;0.18961686;0.0001;0.0;0.0001
2017-10-01 05:00:00+00:00;9.23e-05;0.0;0;0;0;0.0;0.26;0.26;0.54971978;0.18792386;0.0001;0.0;0.0001
2017-10-01 06:00:00+00:00;0.00065953;1e-07;0;0;0;0.026;0.162;0.162;0.51041784;0.24548612;0.0001;0.013;0.0001
2017-10-01 07:00:00+00:00;0.00088796;0.00044729;0;0;0;0.199;0.276;0.276;0.53137982;0.24751773;0.0001;0.143;0.0001
2017-10-01 08:00:00+00:00;0.00071609;0.00167218;0;0;0;0.383;0.596;0.596;0.56789059;0.25327395;0.0001;0.348;0.0001
2017-10-01 09:00:00+00:00;0.00011331;0.00243887;0;0;0;0.535;0.571;0.571;0.62991662;0.25225815;0.0001;0.558;0.0001
2017-10-01 10:00:00+00:00;2.113e-05;0.00167707;0;0;0;0.63;0.468;0.468;0.70589851;0.2417615;0.0001;0.696;0.0001
2017-10-01 11:00:00+00:00;2.149e-05;0.00047237;0;0;0;0.651;0.388;0.388;0.68275152;0.40699905;0.0001;0.698;0.0001
2017-10-01 12:00:00+00:00;2.16e-05;2.7e-07;0;0;0;0.663;0.34;0.34;0.67879031;0.33284531;0.0001;0.721;0.0001
2017-10-01 13:00:00+00:00;2.152e-05;3.4e-07;0;0;0;0.632;0.301;0.301;0.68421759;0.37483191;0.0001;0.679;0.0001
2017-10-01 14:00:00+00:00;2.118e-05;4e-08;0;0;0;0.555;0.252;0.252;0.71062094;0.42765375;0.0001;0.564;0.0001
2017-10-01 15:00:00+00:00;2.141e-05;0.0;0;0;0;0.426;0.189;0.189;0.7192623;0.44898564;0.0001;0.379;0.0001
2017-10-01 16:00:00+00:00;2.435e-05;0.0;0;0;0;0.243;0.133;0.133;0.706843;0.44559963;0.0001;0.15;0.0001
2017-10-01 17:00:00+00:00;7.283e-05;0.00028468;0;0;0;0.072;0.083;0.083;0.68287839;0.71986688;0.0001;0.022;0.0001
2017-10-01 18:00:00+00:00;0.00072711;0.00181034;0;0;0;0.0;0.105;0.105;0.68936293;0.85463029;0.0001;0.0;0.0001
2017-10-01 19:00:00+00:00;0.00075059;0.00184342;0;0;0;0.0;0.221;0.221;0.77734122;0.87393058;0.0001;0.0;0.0001
2017-10-01 20:00:00+00:00;8.553e-05;0.0003109;0;0;0;0.0;0.366;0.366;0.75265768;0.86919016;0.0001;0.0;0.0001
2017-10-01 21:00:00+00:00;1.83e-05;0.0;0;0;0;0.0;0.418;0.418;0.75413784;0.833637;0.0001;0.0;0.0001
2017-10-01 22:00:00+00:00;1.168e-05;0.0;0;0;0;0.0;0.424;0.424;0.73341551;0.56309436;0.0001;0.0;0.0001
2017-10-01 23:00:00+00:00;1.07e-06;0.0;0;0;0;0.0;0.441;0.441;0.64841165;0.37550911;0.0001;0.0;0.0001
2017-10-02 00:00:00+00:00;1.65e-06;0.0;0;0;0;0.0;0.399;0.399;0.62377041;0.43578018;0.0001;0.0;0.0001
2017-10-02 01:00:00+00:00;3.88e-06;0.0;0;0;0;0.0;0.405;0.405;0.56312586;0.43611879;0.0001;0.0;0.0001
2017-10-02 02:00:00+00:00;5.22e-06;0.0;0;0;0;0.0;0.304;0.304;0.53582032;0.42629934;0.0001;0.0;0.0001
2017-10-02 03:00:00+00:00;7.01e-06;0.0;0;0;0;0.0;0.244;0.244;0.52874371;0.39277779;0.0001;0.0;0.0001
2017-10-02 04:00:00+00:00;9.19e-06;0.0;0;0;0;0.0;0.204;0.204;0.54798587;0.39176198;0.0001;0.0;0.0001
2017-10-02 05:00:00+00:00;4.999e-05;0.0;0;0;0;0.0;0.19;0.19;0.63566813;0.39345499;0.0001;0.0;0.0001
2017-10-02 06:00:00+00:00;0.00032765;0.0;0;0;0;0.024;0.189;0.189;0.63094569;0.39074618;0.0001;0.01;0.0001
2017-10-02 07:00:00+00:00;0.00042427;0.0;0;0;0;0.189;0.322;0.322;0.6655252;0.45508047;0.0001;0.115;0.0001
2017-10-02 08:00:00+00:00;0.00034268;0.0;0;0;0;0.345;0.413;0.413;0.65915344;0.54345548;0.0001;0.246;0.0001
2017-10-02 09:00:00+00:00;6.537e-05;0.0;0;0;0;0.455;0.306;0.306;0.67467404;0.58476486;0.0001;0.339;0.0001
2017-10-02 10:00:00+00:00;2.08e-05;0.0;0;0;0;0.55;0.183;0.183;0.67117803;0.58408766;0.0001;0.452;0.0001
2017-10-02 11:00:00+00:00;2.07e-05;0.0;0;0;0;0.577;0.112;0.112;0.67138948;0.56885059;0.0001;0.463;0.0001
2017-10-02 12:00:00+00:00;2.062e-05;0.0;0;0;0;0.608;0.07;0.07;0.64387248;0.56749618;0.0001;0.536;0.0001
2017-10-02 13:00:00+00:00;1.998e-05;0.0;0;0;0;0.613;0.044;0.044;0.63734565;0.55530653;0.0001;0.593;0.0001
2017-10-02 14:00:00+00:00;2.123e-05;0.0;0;0;0;0.535;0.032;0.032;0.65699662;0.55429072;0.0001;0.491;0.0001
2017-10-02 15:00:00+00:00;2.297e-05;0.0;0;0;0;0.422;0.025;0.025;0.6673014;0.53566764;0.0001;0.355;0.0001
2017-10-02 16:00:00+00:00;2.418e-05;0.0;0;0;0;0.263;0.016;0.016;0.68486605;0.53871505;0.0001;0.181;0.0001
2017-10-02 17:00:00+00:00;5.127e-05;0.0;0;0;0;0.086;0.024;0.024;0.70901391;0.7679483;0.0001;0.035;0.0001
2017-10-02 18:00:00+00:00;0.00036852;0.0;0;0;0;0.0;0.077;0.077;0.74816079;0.8793482;0.0001;0.0;0.0001
2017-10-02 19:00:00+00:00;0.00037798;0.0;0;0;0;0.0;0.208;0.208;0.81813743;0.8793482;0.0001;0.0;0.0001
2017-10-02 20:00:00+00:00;5.369e-05;0.0;0;0;0;0.0;0.391;0.391;0.74937312;0.87156037;0.0001;0.0;0.0001
2017-10-02 21:00:00+00:00;1.895e-05;0.0;0;0;0;0.0;0.535;0.535;0.69319727;0.88476583;0.0001;0.0;0.0001
2017-10-02 22:00:00+00:00;1.219e-05;0.0;0;0;0;0.0;0.587;0.587;0.6917171;0.58611927;0.0001;0.0;0.0001
2017-10-02 23:00:00+00:00;1.23e-06;0.0;0;0;0;0.0;0.53;0.53;0.69817345;0.3958252;0.0001;0.0;0.0001
2017-10-03 00:00:00+00:00;1.74e-06;0.0;0;0;0;0.0;0.49;0.49;0.63899498;0.22957185;0.0001;0.0;0.0001
2017-10-03 01:00:00+00:00;3.81e-06;0.0;0;0;0;0.0;0.449;0.449;0.66405913;0.22178401;0.0001;0.0;0.0001
2017-10-03 02:00:00+00:00;5.32e-06;0.0;0;0;0;0.0;0.347;0.347;0.6393192;0.23228066;0.0001;0.0;0.0001
2017-10-03 03:00:00+00:00;6.73e-06;0.0;0;0;0;0.0;0.365;0.365;0.61202775;0.23769828;0.0001;0.0;0.0001
2017-10-03 04:00:00+00:00;8.91e-06;0.0;0;0;0;0.0;0.314;0.314;0.62135985;0.23871409;0.0001;0.0;0.0001
2017-10-03 05:00:00+00:00;5.303e-05;0.0;0;0;0;0.0;0.382;0.382;0.68451363;0.23532807;0.0001;0.0;0.0001
2017-10-03 06:00:00+00:00;0.00032873;0.0;0;0;0;0.018;0.336;0.336;0.69476202;0.2417615;0.0001;0.004;0.0001
2017-10-03 07:00:00+00:00;0.00043183;0.0;0;0;0;0.158;0.447;0.447;0.71118482;0.25462836;0.0001;0.064;0.0001
2017-10-03 08:00:00+00:00;0.00033715;0.0;0;0;0;0.322;0.651;0.651;0.68299117;0.25327395;0.0001;0.196;0.0001
2017-10-03 09:00:00+00:00;6.418e-05;0.0;0;0;0;0.478;0.691;0.691;0.6961717;0.25395116;0.0001;0.387;0.0001
2017-10-03 10:00:00+00:00;2.019e-05;0.0;0;0;0;0.598;0.577;0.577;0.71239714;0.24345451;0.0001;0.576;0.0001
2017-10-03 11:00:00+00:00;2.111e-05;0.0;0;0;0;0.628;0.412;0.412;0.70189501;0.31760825;0.0001;0.6;0.0001
2017-10-03 12:00:00+00:00;2.171e-05;0.0;0;0;0;0.638;0.289;0.289;0.6904061;0.36128784;0.0001;0.616;0.0001
2017-10-03 13:00:00+00:00;2.123e-05;0.0;0;0;0;0.602;0.191;0.191;0.67489959;0.35654742;0.0001;0.564;0.0001
2017-10-03 14:00:00+00:00;2.057e-05;0.0;0;0;0;0.525;0.122;0.122;0.70966236;0.3511298;0.0001;0.46;0.0001
2017-10-03 15:00:00+00:00;2.129e-05;0.0;0;0;0;0.406;0.074;0.074;0.70076726;0.57392961;0.0001;0.315;0.0001
2017-10-03 16:00:00+00:00;2.423e-05;0.0;0;0;0;0.25;0.044;0.044;0.67633747;0.57223661;0.0001;0.153;0.0001
2017-10-03 17:00:00+00:00;5.066e-05;0.0;0;0;0;0.083;0.037;0.037;0.68132774;0.75169542;0.0001;0.03;0.0001
2017-10-03 18:00:00+00:00;0.00035701;0.0;0;0;0;0.0;0.101;0.101;0.77369014;0.86004792;0.0001;0.0;0.0001
2017-10-03 19:00:00+00:00;0.00037521;0.0;0;0;0;0.0;0.294;0.294;0.85056013;0.86343393;0.0001;0.0;0.0001
2017-10-03 20:00:00+00:00;5.327e-05;0.0;0;0;0;0.0;0.469;0.469;0.79572348;0.87426918;0.0001;0.0;0.0001
2017-10-03 21:00:00+00:00;1.855e-05;0.0;0;0;0;0.0;0.522;0.522;0.70374169;0.87020596;0.0001;0.0;0.0001
2017-10-03 22:00:00+00:00;1.188e-05;0.0;0;0;0;0.0;0.518;0.518;0.69562192;0.34300336;0.0001;0.0;0.0001
2017-10-03 23:00:00+00:00;8.8e-07;0.0;0;0;0;0.0;0.462;0.462;0.66848553;0.22787884;0.0001;0.0;0.0001
2017-10-04 00:00:00+00:00;1.74e-06;0.0;0;0;0;0.0;0.378;0.378;0.68786867;0.23600527;0.0001;0.0;0.0001
2017-10-04 01:00:00+00:00;3.89e-06;0.0;0;0;0;0.0;0.289;0.289;0.70140162;0.23329646;0.0001;0.0;0.0001
2017-10-04 02:00:00+00:00;5.38e-06;0.0;0;0;0;0.0;0.238;0.238;0.68276562;0.23465087;0.0001;0.0;0.0001
2017-10-04 03:00:00+00:00;6.91e-06;0.0;0;0;0;0.0;0.199;0.199;0.67082561;0.24006849;0.0001;0.0;0.0001
2017-10-04 04:00:00+00:00;9.27e-06;0.0;0;0;0;0.0;0.187;0.187;0.67250313;0.25462836;0.0001;0.0;0.0001
2017-10-04 05:00:00+00:00;5.027e-05;0.0;0;0;0;0.0;0.175;0.175;0.67635156;0.25259675;0.0001;0.0;0.0001
2017-10-04 06:00:00+00:00;0.00032331;0.0;0;0;0;0.009;0.142;0.142;0.67344762;0.25564416;0.0001;0.001;0.0001
2017-10-04 07:00:00+00:00;0.0004284;0.0;0;0;0;0.086;0.081;0.081;0.67226348;0.25598277;0.0001;0.006;0.0001
2017-10-04 08:00:00+00:00;0.00033924;0.0;0;0;0;0.162;0.164;0.164;0.68000264;0.25395116;0.0001;0.012;0.0001
2017-10-04 09:00:00+00:00;6.514e-05;0.0;0;0;0;0.186;0.146;0.146;0.6770564;0.25293535;0.0001;0.011;0.0001
2017-10-04 10:00:00+00:00;2.05e-05;0.0;0;0;0;0.224;0.075;0.075;0.62064091;0.25361255;0.0001;0.012;0.0001
2017-10-04 11:00:00+00:00;2.064e-05;0.0;0;0;0;0.234;0.058;0.058;0.62219156;0.26072319;0.0001;0.012;0.0001
2017-10-04 12:00:00+00:00;2.09e-05;0.0;0;0;0;0.228;0.025;0.025;0.69763777;0.26004598;0.0001;0.011;0.0001
2017-10-04 13:00:00+00:00;2.132e-05;0.0;0;0;0;0.24;0.004;0.004;0.69192855;0.24684052;0.0001;0.013;0.0001
2017-10-04 14:00:00+00:00;2.035e-05;0.0;0;0;0;0.219;0.003;0.003;0.69188626;0.4621911;0.0001;0.013;0.0001
2017-10-04 15:00:00+00:00;2.153e-05;0.0;0;0;0;0.157;0.05;0.05;0.69190036;0.4621911;0.0001;0.008;0.0001
2017-10-04 16:00:00+00:00;2.444e-05;0.0;0;0;0;0.091;0.145;0.145;0.68716383;0.44898564;0.0001;0.004;0.0001
2017-10-04 17:00:00+00:00;4.911e-05;0.0;0;0;0;0.028;0.293;0.293;0.69182988;0.71851247;0.0001;0.001;0.0001
2017-10-04 18:00:00+00:00;0.00036658;0.0;0;0;0;0.0;0.431;0.431;0.75126209;0.88645884;0.0001;0.0;0.0001
2017-10-04 19:00:00+00:00;0.00037904;0.0;0;0;0;0.0;0.428;0.428;0.74937312;0.88510443;0.0001;0.0;0.0001
2017-10-04 20:00:00+00:00;5.413e-05;0.0;0;0;0;0.0;0.392;0.392;0.74969734;0.87596219;0.0001;0.0;0.0001
2017-10-04 21:00:00+00:00;1.9e-05;0.0;0;0;0;0.0;0.334;0.334;0.72320941;0.86478834;0.0001;0.0;0.0001
2017-10-04 22:00:00+00:00;1.219e-05;0.0;0;0;0;0.0;0.248;0.248;0.6983708;0.58307186;0.0001;0.0;0.0001
2017-10-04 23:00:00+00:00;1.13e-06;0.0;0;0;0;0.0;0.188;0.188;0.6913083;0.23058765;0.0001;0.0;0.0001
2017-10-05 00:00:00+00:00;1.3e-06;0.0;0;0;0;0.0;0.153;0.153;0.44139978;0.14085824;0.0001;0.0;0.0001
2017-10-05 01:00:00+00:00;2.95e-06;0.0;0;0;0;0.0;0.162;0.162;0.3427643;0.14424426;0.0001;0.0;0.0001
2017-10-05 02:00:00+00:00;4.21e-06;0.0;0;0;0;0.0;0.192;0.192;0.34583741;0.14356705;0.0001;0.0;0.0001
2017-10-05 03:00:00+00:00;5.52e-06;0.0;0;0;0;0.0;0.212;0.212;0.34637309;0.14593726;0.0001;0.0;0.0001
2017-10-05 04:00:00+00:00;7.59e-06;0.0;0;0;0;0.0;0.263;0.263;0.36657384;0.1320546;0.0001;0.0;0.0001
2017-10-05 05:00:00+00:00;4.962e-05;0.0;0;0;0;0.0;0.375;0.375;0.40274629;0.13950383;0.0001;0.0;0.0001
2017-10-05 06:00:00+00:00;0.00032365;0.0;0;0;0;0.016;0.338;0.338;0.48339422;0.13848803;0.0001;0.002;0.0001
2017-10-05 07:00:00+00:00;0.00042423;0.0;0;0;0;0.124;0.263;0.263;0.44237246;0.14119684;0.0001;0.022;0.0001
2017-10-05 08:00:00+00:00;0.00033514;0.0;0;0;0;0.239;0.449;0.449;0.51151739;0.17675;0.0001;0.054;0.0001
2017-10-05 09:00:00+00:00;6.152e-05;0.0;0;0;0;0.331;0.528;0.528;0.51787506;0.1764114;0.0001;0.084;0.0001
2017-10-05 10:00:00+00:00;1.707e-05;0.0;0;0;0;0.412;0.499;0.499;0.52698161;0.17675;0.0001;0.123;0.0001
2017-10-05 11:00:00+00:00;1.803e-05;0.0;0;0;0;0.451;0.428;0.428;0.49801263;0.14288985;0.0001;0.139;0.0001
2017-10-05 12:00:00+00:00;1.85e-05;0.0;0;0;0;0.409;0.255;0.255;0.41017531;0.18521504;0.0001;0.094;0.0001
2017-10-05 13:00:00+00:00;1.881e-05;0.0;0;0;0;0.367;0.115;0.115;0.42407478;0.19368008;0.0001;0.071;0.0001
2017-10-05 14:00:00+00:00;1.783e-05;0.0;0;0;0;0.319;0.062;0.062;0.48622769;0.19638889;0.0001;0.057;0.0001
2017-10-05 15:00:00+00:00;1.836e-05;0.0;0;0;0;0.243;0.04;0.04;0.46859256;0.40056562;0.0001;0.039;0.0001
2017-10-05 16:00:00+00:00;2.211e-05;0.0;0;0;0;0.152;0.028;0.028;0.5074716;0.18115182;0.0001;0.021;0.0001
2017-10-05 17:00:00+00:00;4.877e-05;0.0;0;0;0;0.051;0.018;0.018;0.56378841;0.47404216;0.0001;0.005;0.0001
2017-10-05 18:00:00+00:00;0.00036813;0.0;0;0;0;0.0;0.023;0.023;0.72556358;0.58036304;0.0001;0.0;0.0001
2017-10-05 19:00:00+00:00;0.00037339;0.0;0;0;0;0.0;0.025;0.025;0.69635496;0.81061209;0.0001;0.0;0.0001
2017-10-05 20:00:00+00:00;5.166e-05;0.0;0;0;0;0.0;0.028;0.028;0.64917289;0.78555558;0.0001;0.0;0.0001
2017-10-05 21:00:00+00:00;1.762e-05;0.0;0;0;0;0.0;0.04;0.04;0.57041392;0.78047656;0.0001;0.0;0.0001
2017-10-05 22:00:00+00:00;1.106e-05;0.0;0;0;0;0.0;0.074;0.074;0.48576249;0.51094973;0.0001;0.0;0.0001
2017-10-05 23:00:00+00:00;5e-07;0.0;0;0;0;0.0;0.126;0.126;0.4892867;0.14593726;0.0001;0.0;0.0001
2017-10-06 00:00:00+00:00;1.36e-06;0.0;0;0;0;0.0;0.145;0.145;0.35281533;0.19605029;0.0001;0.0;0.0001
2017-10-06 01:00:00+00:00;2.94e-06;0.0;0;0;0;0.0;0.115;0.115;0.32618643;0.1980819;0.0001;0.0;0.0001
2017-10-06 02:00:00+00:00;4.17e-06;0.0;0;0;0;0.0;0.086;0.086;0.2712652;0.20180652;0.0001;0.0;0.0001
2017-10-06 03:00:00+00:00;5.47e-06;0.0;0;0;0;0.0;0.072;0.072;0.27399999;0.20248372;0.0001;0.0;0.0001
2017-10-06 04:00:00+00:00;7.56e-06;0.0;0;0;0;0.0;0.068;0.068;0.31352748;0.20790135;0.0001;0.0;0.0001
2017-10-06 05:00:00+00:00;4.871e-05;0.0;0;0;0;0.0;0.064;0.064;0.36990069;0.20993296;0.0001;0.0;0.0001
2017-10-06 06:00:00+00:00;0.0003246;0.0;0;0;0;0.028;0.059;0.059;0.38217902;0.20891715;0.0001;0.011;0.0001
2017-10-06 07:00:00+00:00;0.00042944;0.0;0;0;0;0.192;0.021;0.021;0.43402714;0.25530556;0.0001;0.107;0.0001
2017-10-06 08:00:00+00:00;0.00033536;0.0;0;0;0;0.378;0.035;0.035;0.47341367;0.25056514;0.0001;0.299;0.0001
2017-10-06 09:00:00+00:00;6.014e-05;0.0;0;0;0;0.514;0.049;0.049;0.50253771;0.25564416;0.0001;0.455;0.0001
2017-10-06 10:00:00+00:00;1.805e-05;0.0;0;0;0;0.546;0.061;0.061;0.47430177;0.20925575;0.0001;0.406;0.0001
2017-10-06 11:00:00+00:00;1.877e-05;0.0;0;0;0;0.458;0.087;0.087;0.44447289;0.20790135;0.0001;0.177;0.0001
2017-10-06 12:00:00+00:00;1.863e-05;0.0;0;0;0;0.394;0.1;0.1;0.41231803;0.19909771;0.0001;0.093;0.0001
2017-10-06 13:00:00+00:00;1.785e-05;0.0;0;0;0;0.35;0.106;0.106;0.46389831;0.19977491;0.0001;0.067;0.0001
2017-10-06 14:00:00+00:00;1.792e-05;0.0;0;0;0;0.304;0.112;0.112;0.48635456;0.23668248;0.0001;0.054;0.0001
2017-10-06 15:00:00+00:00;1.98e-05;0.0;0;0;0;0.233;0.104;0.104;0.46412386;0.24548612;0.0001;0.037;0.0001
2017-10-06 16:00:00+00:00;2.344e-05;0.0;0;0;0;0.136;0.088;0.088;0.47214496;0.4618525;0.0001;0.017;0.0001
2017-10-06 17:00:00+00:00;4.918e-05;0.0;0;0;0;0.047;0.062;0.062;0.51640899;0.76049906;0.0001;0.005;0.0001
2017-10-06 18:00:00+00:00;0.00036208;0.0;0;0;0;0.0;0.067;0.067;0.68452772;0.89187646;0.0001;0.0;0.0001
2017-10-06 19:00:00+00:00;0.00037271;0.0;0;0;0;0.0;0.109;0.109;0.65598165;0.89018345;0.0001;0.0;0.0001
2017-10-06 20:00:00+00:00;5.209e-05;0.0;0;0;0;0.0;0.131;0.131;0.55903779;0.88713604;0.0001;0.0;0.0001
2017-10-06 21:00:00+00:00;1.741e-05;0.0;0;0;0;0.0;0.113;0.113;0.43229323;0.85022847;0.0001;0.0;0.0001
2017-10-06 22:00:00+00:00;1.101e-05;0.0;0;0;0;0.0;0.088;0.088;0.44475483;0.3287821;0.0001;0.0;0.0001
2017-10-06 23:00:00+00:00;4.4e-07;0.0;0;0;0;0.0;0.072;0.072;0.43172936;0.1967275;0.0001;0.0;0.0001
2017-10-07 00:00:00+00:00;1.7e-06;0.0;0;0;0;0.0;0.058;0.058;0.36021617;0.18081322;0.0001;0.0;0.0001
2017-10-07 01:00:00+00:00;3.84e-06;0.0;0;0;0;0.0;0.041;0.041;0.30567555;0.18115182;0.0001;0.0;0.0001
2017-10-07 02:00:00+00:00;5.3e-06;0.0;0;0;0;0.0;0.028;0.028;0.27012336;0.17945882;0.0001;0.0;0.0001
2017-10-07 03:00:00+00:00;6.69e-06;0.0;0;0;0;0.0;0.019;0.019;0.25192436;0.18013602;0.0001;0.0;0.0001
2017-10-07 04:00:00+00:00;8.82e-06;0.0;0;0;0;0.0;0.012;0.012;0.25355959;0.2207682;0.0001;0.0;0.0001
2017-10-07 05:00:00+00:00;5.05e-05;0.0;0;0;0;0.0;0.003;0.003;0.28667303;0.22178401;0.0001;0.0;0.0001
2017-10-07 06:00:00+00:00;0.00032946;0.0;0;0;0;0.013;0.0;0.0;0.27078591;0.21365757;0.0001;0.002;0.0001
2017-10-07 07:00:00+00:00;0.00042855;0.0;0;0;0;0.124;0.0;0.0;0.36268311;0.25665997;0.0001;0.027;0.0001
2017-10-07 08:00:00+00:00;0.00033724;0.0;0;0;0;0.285;0.01;0.01;0.38016317;0.25361255;0.0001;0.118;0.0001
2017-10-07 09:00:00+00:00;6.678e-05;0.0;0;0;0;0.436;0.016;0.016;0.38950937;0.25428976;0.0001;0.257;0.0001
2017-10-07 10:00:00+00:00;2.199e-05;0.0;0;0;0;0.502;0.013;0.013;0.37487687;0.2204296;0.0001;0.301;0.0001
2017-10-07 11:00:00+00:00;2.153e-05;0.0;0;0;0;0.573;0.012;0.012;0.376061;0.22110681;0.0001;0.409;0.0001
2017-10-07 12:00:00+00:00;2.038e-05;0.0;0;0;0;0.667;0.014;0.014;0.30836804;0.2207682;0.0001;0.647;0.0001
2017-10-07 13:00:00+00:00;2.076e-05;0.0;0;0;0;0.683;0.016;0.016;0.31355568;0.2204296;0.0001;0.746;0.0001
2017-10-07 14:00:00+00:00;2.099e-05;0.0;0;0;0;0.602;0.014;0.014;0.36464257;0.22889464;0.0001;0.637;0.0001
2017-10-07 15:00:00+00:00;2.231e-05;0.0;0;0;0;0.494;0.011;0.011;0.37057733;0.44830844;0.0001;0.51;0.0001
2017-10-07 16:00:00+00:00;2.381e-05;0.0;0;0;0;0.32;0.009;0.009;0.39799566;0.45000145;0.0001;0.296;0.0001
2017-10-07 17:00:00+00:00;4.925e-05;0.0;0;0;0;0.114;0.011;0.011;0.44602354;0.67618728;0.0001;0.077;0.0001
2017-10-07 18:00:00+00:00;0.00035862;0.0;0;0;0;0.0;0.039;0.039;0.60138465;0.88578163;0.0001;0.0;0.0001
2017-10-07 19:00:00+00:00;0.00037814;0.0;0;0;0;0.0;0.112;0.112;0.60258288;0.88849045;0.0001;0.0;0.0001
2017-10-07 20:00:00+00:00;5.465e-05;0.0;0;0;0;0.0;0.21;0.21;0.54873301;0.86309533;0.0001;0.0;0.0001
2017-10-07 21:00:00+00:00;1.882e-05;0.0;0;0;0;0.0;0.265;0.265;0.47067889;0.85463029;0.0001;0.0;0.0001
2017-10-07 22:00:00+00:00;1.22e-05;0.0;0;0;0;0.0;0.254;0.254;0.4133471;0.31557664;0.0001;0.0;0.0001
2017-10-07 23:00:00+00:00;1.29e-06;0.0;0;0;0;0.0;0.206;0.206;0.3885085;0.17708861;0.0001;0.0;0.0001
2017-10-08 00:00:00+00:00;1.76e-06;0.0;0;0;0;0.0;0.153;0.153;0.26253927;0.17031657;0.0001;0.0;0.0001
2017-10-08 01:00:00+00:00;3.71e-06;0.0;0;0;0;0.0;0.119;0.119;0.20795636;0.17133238;0.0001;0.0;0.0001
2017-10-08 02:00:00+00:00;5.18e-06;0.0;0;0;0;0.0;0.112;0.112;0.16376282;0.17268679;0.0001;0.0;0.0001
2017-10-08 03:00:00+00:00;6.57e-06;0.0;0;0;0;0.0;0.125;0.125;0.16467911;0.17133238;0.0001;0.0;0.0001
2017-10-08 04:00:00+00:00;9.02e-06;0.0;0;0;0;0.0;0.149;0.149;0.19266131;0.19164847;0.0001;0.0;0.0001
2017-10-08 05:00:00+00:00;4.936e-05;0.0;0;0;0;0.0;0.161;0.161;0.22632452;0.19266428;0.0001;0.0;0.0001
2017-10-08 06:00:00+00:00;0.00032606;0.0;0;0;0;0.034;0.111;0.111;0.21499068;0.21365757;0.0001;0.022;0.0001
2017-10-08 07:00:00+00:00;0.00043348;0.0;0;0;0;0.221;0.01;0.01;0.32565075;0.25225815;0.0001;0.18;0.0001
2017-10-08 08:00:00+00:00;0.00033678;0.0;0;0;0;0.417;0.031;0.031;0.32023757;0.24988794;0.0001;0.413;0.0001
2017-10-08 09:00:00+00:00;6.11e-05;0.0;0;0;0;0.577;0.013;0.013;0.3401;0.25462836;0.0001;0.645;0.0001
2017-10-08 10:00:00+00:00;1.996e-05;0.0;0;0;0;0.684;0.005;0.005;0.33708328;0.25259675;0.0001;0.819;0.0001
2017-10-08 11:00:00+00:00;2.041e-05;0.0;0;0;0;0.735;0.006;0.006;0.31465523;0.18961686;0.0001;0.911;0.0001
2017-10-08 12:00:00+00:00;2.25e-05;0.0;0;0;0;0.741;0.013;0.013;0.30597158;0.19198707;0.0001;0.925;0.0001
2017-10-08 13:00:00+00:00;2.156e-05;0.0;0;0;0;0.703;0.026;0.026;0.37345309;0.17878161;0.0001;0.863;0.0001
2017-10-08 14:00:00+00:00;2.08e-05;0.0;0;0;0;0.616;0.041;0.041;0.46332035;0.20620834;0.0001;0.719;0.0001
2017-10-08 15:00:00+00:00;2.202e-05;0.0;0;0;0;0.468;0.055;0.055;0.45692039;0.22449282;0.0001;0.484;0.0001
2017-10-08 16:00:00+00:00;2.449e-05;0.0;0;0;0;0.276;0.072;0.072;0.42731705;0.44593823;0.0001;0.222;0.0001
2017-10-08 17:00:00+00:00;4.893e-05;0.0;0;0;0;0.101;0.077;0.077;0.46231947;0.74255318;0.0001;0.059;0.0001
2017-10-08 18:00:00+00:00;0.00036377;0.0;0;0;0;0.0;0.121;0.121;0.70338927;0.89153786;0.0001;0.0;0.0001
2017-10-08 19:00:00+00:00;0.000376;0.0;0;0;0;0.0;0.208;0.208;0.73750359;0.89119926;0.0001;0.0;0.0001
2017-10-08 20:00:00+00:00;5.382e-05;0.0;0;0;0;0.0;0.294;0.294;0.66105651;0.85124428;0.0001;0.0;0.0001
2017-10-08 21:00:00+00:00;1.888e-05;0.0;0;0;0;0.0;0.385;0.385;0.55411799;0.83973182;0.0001;0.0;0.0001
2017-10-08 22:00:00+00:00;1.2e-05;0.0;0;0;0;0.0;0.439;0.439;0.44760238;0.55632233;0.0001;0.0;0.0001
2017-10-08 23:00:00+00:00;1.26e-06;0.0;0;0;0;0.0;0.43;0.43;0.33946564;0.27088123;0.0001;0.0;0.0001
2017-10-09 00:00:00+00:00;1.71e-06;0.0;0;0;0;0.0;0.452;0.452;0.27383082;0.16693056;0.0001;0.0;0.0001
2017-10-09 01:00:00+00:00;3.82e-06;0.0;0;0;0;0.0;0.419;0.419;0.23961783;0.16219014;0.0001;0.0;0.0001
2017-10-09 02:00:00+00:00;5.35e-06;0.0;0;0;0;0.0;0.347;0.347;0.23106106;0.16625336;0.0001;0.0;0.0001
2017-10-09 03:00:00+00:00;6.87e-06;0.0;0;0;0;0.0;0.215;0.215;0.20565858;0.16422175;0.0001;0.0;0.0001
2017-10-09 04:00:00+00:00;9.29e-06;0.0;0;0;0;0.0;0.142;0.142;0.21507526;0.18995546;0.0001;0.0;0.0001
2017-10-09 05:00:00+00:00;4.954e-05;0.0;0;0;0;0.0;0.096;0.096;0.242409;0.19232568;0.0001;0.0;0.0001
2017-10-09 06:00:00+00:00;0.00032609;0.0;0;0;0;0.012;0.069;0.069;0.2477235;0.18352204;0.0001;0.001;0.0001
2017-10-09 07:00:00+00:00;0.0004254;0.0;0;0;0;0.094;0.082;0.082;0.31619178;0.24785633;0.0001;0.011;0.0001
2017-10-09 08:00:00+00:00;0.00034294;0.0;0;0;0;0.213;0.249;0.249;0.35772103;0.24650192;0.0001;0.042;0.0001
2017-10-09 09:00:00+00:00;6.454e-05;0.0;0;0;0;0.373;0.28;0.28;0.37572267;0.24684052;0.0001;0.15;0.0001
2017-10-09 10:00:00+00:00;2.114e-05;0.0;0;0;0;0.56;0.261;0.261;0.45012572;0.18995546;0.0001;0.436;0.0001
2017-10-09 11:00:00+00:00;2.033e-05;0.0;0;0;0;0.643;0.25;0.25;0.46544896;0.17844301;0.0001;0.602;0.0001
2017-10-09 12:00:00+00:00;2.115e-05;0.0;0;0;0;0.644;0.248;0.248;0.43202539;0.16625336;0.0001;0.599;0.0001
2017-10-09 13:00:00+00:00;2.039e-05;0.0;0;0;0;0.603;0.241;0.241;0.44327466;0.17133238;0.0001;0.528;0.0001
2017-10-09 14:00:00+00:00;1.974e-05;0.0;0;0;0;0.496;0.227;0.227;0.48294313;0.17099378;0.0001;0.349;0.0001
2017-10-09 15:00:00+00:00;2.255e-05;0.0;0;0;0;0.321;0.206;0.206;0.46150186;0.17200958;0.0001;0.124;0.0001
2017-10-09 16:00:00+00:00;2.432e-05;0.0;0;0;0;0.179;0.171;0.171;0.41431978;0.38736016;0.0001;0.041;0.0001
2017-10-09 17:00:00+00:00;4.986e-05;0.0;0;0;0;0.064;0.119;0.119;0.52466973;0.71817387;0.0001;0.01;0.0001
2017-10-09 18:00:00+00:00;0.00036215;0.0;0;0;0;0.0;0.101;0.101;0.79991023;0.87223757;0.0001;0.0;0.0001
2017-10-09 19:00:00+00:00;0.00037294;0.0;0;0;0;0.0;0.095;0.095;0.74078815;0.8773166;0.0001;0.0;0.0001
2017-10-09 20:00:00+00:00;5.518e-05;0.0;0;0;0;0.0;0.073;0.073;0.673067;0.8783324;0.0001;0.0;0.0001
2017-10-09 21:00:00+00:00;1.896e-05;0.0;0;0;0;0.0;0.046;0.046;0.58656889;0.83194399;0.0001;0.0;0.0001
2017-10-09 22:00:00+00:00;1.221e-05;0.0;0;0;0;0.0;0.042;0.042;0.50276326;0.28747271;0.0001;0.0;0.0001
2017-10-09 23:00:00+00:00;1.21e-06;0.0;0;0;0;0.0;0.079;0.079;0.46337673;0.16422175;0.0001;0.0;0.0001
2017-10-10 00:00:00+00:00;1.89e-06;0.0;0;0;0;0.0;0.069;0.069;0.46339083;0.08058717;0.0001;0.0;0.0001
2017-10-10 01:00:00+00:00;4.05e-06;0.0;0;0;0;0.0;0.055;0.055;0.41345988;0.08058717;0.0001;0.0;0.0001
2017-10-10 02:00:00+00:00;5.28e-06;0.0;0;0;0;0.0;0.079;0.079;0.40896299;0.08058717;0.0001;0.0;0.0001
2017-10-10 03:00:00+00:00;6.49e-06;0.0;0;0;0;0.0;0.116;0.116;0.3192226;0.1090297;0.0001;0.0;0.0001
2017-10-10 04:00:00+00:00;9.16e-06;0.0;0;0;0;0.0;0.109;0.109;0.28760342;0.10801389;0.0001;0.0;0.0001
2017-10-10 05:00:00+00:00;4.97e-05;0.0;0;0;0;0.0;0.127;0.127;0.27311189;0.10665949;0.0001;0.0;0.0001
2017-10-10 06:00:00+00:00;0.00032442;0.0;0;0;0;0.03;0.159;0.159;0.28111888;0.10632089;0.0001;0.011;0.0001
2017-10-10 07:00:00+00:00;0.00042361;0.0;0;0;0;0.164;0.043;0.043;0.28730739;0.16760776;0.0001;0.066;0.0001
2017-10-10 08:00:00+00:00;0.00034264;0.0;0;0;0;0.348;0.281;0.281;0.29802098;0.16659196;0.0001;0.23;0.0001
2017-10-10 09:00:00+00:00;6.133e-05;0.0;0;0;0;0.482;0.505;0.505;0.33984625;0.16726916;0.0001;0.381;0.0001
2017-10-10 10:00:00+00:00;2.109e-05;0.0;0;0;0;0.572;0.502;0.502;0.38575961;0.08397318;0.0001;0.495;0.0001
2017-10-10 11:00:00+00:00;2.095e-05;0.0;0;0;0;0.642;0.436;0.436;0.40629869;0.08329598;0.0001;0.621;0.0001
2017-10-10 12:00:00+00:00;2.214e-05;0.0;0;0;0;0.647;0.342;0.342;0.37824601;0.08532759;0.0001;0.626;0.0001
2017-10-10 13:00:00+00:00;2.16e-05;0.0;0;0;0;0.576;0.251;0.251;0.41595501;0.09243822;0.0001;0.471;0.0001
2017-10-10 14:00:00+00:00;2.086e-05;0.0;0;0;0;0.434;0.181;0.181;0.47751585;0.08295738;0.0001;0.225;0.0001
2017-10-10 15:00:00+00:00;2.209e-05;0.0;0;0;0;0.258;0.151;0.151;0.49183822;0.08498899;0.0001;0.06;0.0001
2017-10-10 16:00:00+00:00;2.423e-05;0.0;0;0;0;0.134;0.154;0.154;0.51569005;0.30000097;0.0001;0.018;0.0001
2017-10-10 17:00:00+00:00;5.066e-05;0.0;0;0;0;0.042;0.156;0.156;0.57310642;0.35451581;0.0001;0.004;0.0001
2017-10-10 18:00:00+00:00;0.00036067;0.0;0;0;0;0.0;0.2;0.2;0.65141428;0.26140039;0.0001;0.0;0.0001
2017-10-10 19:00:00+00:00;0.00038074;0.0;0;0;0;0.0;0.251;0.251;0.65448739;0.51094973;0.0001;0.0;0.0001
2017-10-10 20:00:00+00:00;5.306e-05;0.0;0;0;0;0.0;0.221;0.221;0.60588153;0.50959532;0.0001;0.0;0.0001
2017-10-10 21:00:00+00:00;1.898e-05;0.0;0;0;0;0.0;0.155;0.155;0.59010719;0.47234915;0.0001;0.0;0.0001
2017-10-10 22:00:00+00:00;1.209e-05;0.0;0;0;0;0.0;0.113;0.113;0.49021709;0.1984205;0.0001;0.0;0.0001
2017-10-10 23:00:00+00:00;1.04e-06;0.0;0;0;0;0.0;0.145;0.145;0.43670554;0.07347653;0.0001;0.0;0.0001
2017-10-11 00:00:00+00:00;1.93e-06;0.0;0;0;0;0.0;0.247;0.247;0.13249606;0.14390565;0.0001;0.0;0.0001
2017-10-11 01:00:00+00:00;3.76e-06;0.0;0;0;0;0.0;0.334;0.334;0.10689622;0.14018104;0.0001;0.0;0.0001
2017-10-11 02:00:00+00:00;5.66e-06;0.0;0;0;0;0.0;0.356;0.356;0.10669887;0.14356705;0.0001;0.0;0.0001
2017-10-11 03:00:00+00:00;6.89e-06;0.0;0;0;0;0.0;0.298;0.298;0.10602222;0.17471839;0.0001;0.0;0.0001
2017-10-11 04:00:00+00:00;9.09e-06;0.0;0;0;0;0.0;0.234;0.234;0.12783001;0.175057;0.0001;0.0;0.0001
2017-10-11 05:00:00+00:00;4.989e-05;0.0;0;0;0;0.0;0.196;0.196;0.13341235;0.17404119;0.0001;0.0;0.0001
2017-10-11 06:00:00+00:00;0.00032492;0.0;0;0;0;0.033;0.172;0.172;0.18827719;0.17708861;0.0001;0.015;0.0001
2017-10-11 07:00:00+00:00;0.00041729;0.0;0;0;0;0.207;0.044;0.044;0.22611307;0.19232568;0.0001;0.138;0.0001
2017-10-11 08:00:00+00:00;0.00033719;0.0;0;0;0;0.398;0.094;0.094;0.28644748;0.18013602;0.0001;0.356;0.0001
2017-10-11 09:00:00+00:00;6.164e-05;0.0;0;0;0;0.541;0.233;0.233;0.25284065;0.18182903;0.0001;0.548;0.0001
2017-10-11 10:00:00+00:00;2.035e-05;0.0;0;0;0;0.63;0.232;0.232;0.31091957;0.1533865;0.0001;0.674;0.0001
2017-10-11 11:00:00+00:00;2.144e-05;0.0;0;0;0;0.676;0.208;0.208;0.29062014;0.15101629;0.0001;0.742;0.0001
2017-10-11 12:00:00+00:00;2.194e-05;0.0;0;0;0;0.667;0.16;0.16;0.2504019;0.15237069;0.0001;0.702;0.0001
2017-10-11 13:00:00+00:00;2.182e-05;0.0;0;0;0;0.574;0.115;0.115;0.25943797;0.14898468;0.0001;0.48;0.0001
2017-10-11 14:00:00+00:00;2.067e-05;0.0;0;0;0;0.412;0.079;0.079;0.26580973;0.15135489;0.0001;0.189;0.0001
2017-10-11 15:00:00+00:00;2.222e-05;0.0;0;0;0;0.208;0.049;0.049;0.25319307;0.36907568;0.0001;0.031;0.0001
2017-10-11 16:00:00+00:00;2.411e-05;0.0;0;0;0;0.101;0.027;0.027;0.25697102;0.36975288;0.0001;0.008;0.0001
2017-10-11 17:00:00+00:00;5.018e-05;0.0;0;0;0;0.031;0.012;0.012;0.27727045;0.67821889;0.0001;0.002;0.0001
2017-10-11 18:00:00+00:00;0.00037502;0.0;0;0;0;0.0;0.02;0.02;0.43578925;0.86106372;0.0001;0.0;0.0001
2017-10-11 19:00:00+00:00;0.00037501;0.0;0;0;0;0.0;0.069;0.069;0.49983112;0.86207953;0.0001;0.0;0.0001
2017-10-11 20:00:00+00:00;5.403e-05;0.0;0;0;0;0.0;0.141;0.141;0.46154414;0.82686496;0.0001;0.0;0.0001
2017-10-11 21:00:00+00:00;1.889e-05;0.0;0;0;0;0.0;0.19;0.19;0.37243812;0.8129823;0.0001;0.0;0.0001
2017-10-11 22:00:00+00:00;1.205e-05;0.0;0;0;0;0.0;0.211;0.211;0.25023274;0.25835298;0.0001;0.0;0.0001
2017-10-11 23:00:00+00:00;1.17e-06;0.0;0;0;0;0.0;0.195;0.195;0.16095755;0.13882663;0.0001;0.0;0.0001
2017-10-12 00:00:00+00:00;1.33e-06;0.0;0;0;0;0.0;0.14;0.14;0.62684351;0.22381562;0.0001;0.0;0.0001
2017-10-12 01:00:00+00:00;2.9e-06;0.0;0;0;0;0.0;0.086;0.086;0.58662527;0.22347702;0.0001;0.0;0.0001
2017-10-12 02:00:00+00:00;4.14e-06;0.0;0;0;0;0.0;0.077;0.077;0.583383;0.22347702;0.0001;0.0;0.0001
2017-10-12 03:00:00+00:00;5.46e-06;0.0;0;0;0;0.0;0.055;0.055;0.57608085;0.22347702;0.0001;0.0;0.0001
2017-10-12 04:00:00+00:00;7.52e-06;0.0;0;0;0;0.0;0.023;0.023;0.56319635;0.22550863;0.0001;0.0;0.0001
2017-10-12 05:00:00+00:00;4.807e-05;0.0;0;0;0;0.0;0.062;0.062;0.52617809;0.22415422;0.0001;0.0;0.0001
2017-10-12 06:00:00+00:00;0.00032198;0.0;0;0;0;0.015;0.134;0.134;0.5731628;0.22889464;0.0001;0.001;0.0001
2017-10-12 07:00:00+00:00;0.00042322;0.0;0;0;0;0.108;0.241;0.241;0.5975785;0.26207759;0.0001;0.013;0.0001
2017-10-12 08:00:00+00:00;0.00033476;0.0;0;0;0;0.208;0.302;0.302;0.70877426;0.26173899;0.0001;0.031;0.0001
2017-10-12 09:00:00+00:00;6.215e-05;0.0;0;0;0;0.34;0.131;0.131;0.73775733;0.33690853;0.0001;0.084;0.0001
2017-10-12 10:00:00+00:00;1.798e-05;0.0;0;0;0;0.43;0.043;0.043;0.68444314;0.35417721;0.0001;0.137;0.0001
2017-10-12 11:00:00+00:00;1.739e-05;0.0;0;0;0;0.487;0.027;0.027;0.66476397;0.34097175;0.0001;0.175;0.0001
2017-10-12 12:00:00+00:00;1.782e-05;0.0;0;0;0;0.394;0.044;0.044;0.70880245;0.34469637;0.0001;0.074;0.0001
2017-10-12 13:00:00+00:00;1.882e-05;0.0;0;0;0;0.257;0.066;0.066;0.73712298;0.56580318;0.0001;0.021;0.0001
2017-10-12 14:00:00+00:00;1.924e-05;0.0;0;0;0;0.211;0.081;0.081;0.71707729;0.56918919;0.0001;0.014;0.0001
2017-10-12 15:00:00+00:00;2.018e-05;0.0;0;0;0;0.187;0.093;0.093;0.717909;0.56207856;0.0001;0.015;0.0001
2017-10-12 16:00:00+00:00;2.242e-05;0.0;0;0;0;0.141;0.102;0.102;0.67071283;0.55936975;0.0001;0.015;0.0001
2017-10-12 17:00:00+00:00;4.688e-05;0.0;0;0;0;0.061;0.089;0.089;0.65647504;0.79368201;0.0001;0.006;0.0001
2017-10-12 18:00:00+00:00;0.00036038;0.0;0;0;0;0.0;0.124;0.124;0.75291142;0.90271171;0.0001;0.0;0.0001
2017-10-12 19:00:00+00:00;0.00037537;0.0;0;0;0;0.0;0.248;0.248;0.77910332;0.89763269;0.0001;0.0;0.0001
2017-10-12 20:00:00+00:00;5.199e-05;0.0;0;0;0;0.0;0.411;0.411;0.7268041;0.89797129;0.0001;0.0;0.0001
2017-10-12 21:00:00+00:00;1.744e-05;0.0;0;0;0;0.0;0.486;0.486;0.70181043;0.89187646;0.0001;0.0;0.0001
2017-10-12 22:00:00+00:00;1.089e-05;0.0;0;0;0;0.0;0.444;0.444;0.68310394;0.36941428;0.0001;0.0;0.0001
2017-10-12 23:00:00+00:00;4.3e-07;0.0;0;0;0;0.0;0.428;0.428;0.59845251;0.22212261;0.0001;0.0;0.0001
2017-10-13 00:00:00+00:00;1.33e-06;0.0;0;0;0;0.0;0.428;0.428;0.31430281;0.05925527;0.0001;0.0;0.0001
2017-10-13 01:00:00+00:00;2.99e-06;0.0;0;0;0;0.0;0.435;0.435;0.33185336;0.05790086;0.0001;0.0;0.0001
2017-10-13 02:00:00+00:00;4.22e-06;0.0;0;0;0;0.0;0.346;0.346;0.30540771;0.06331849;0.0001;0.0;0.0001
2017-10-13 03:00:00+00:00;5.51e-06;0.0;0;0;0;0.0;0.288;0.288;0.30320861;0.09921025;0.0001;0.0;0.0001
2017-10-13 04:00:00+00:00;7.55e-06;0.0;0;0;0;0.0;0.189;0.189;0.29666768;0.10022606;0.0001;0.0;0.0001
2017-10-13 05:00:00+00:00;4.849e-05;0.0;0;0;0;0.0;0.17;0.17;0.29903595;0.09921025;0.0001;0.0;0.0001
2017-10-13 06:00:00+00:00;0.00031989;0.0;0;0;0;0.027;0.188;0.188;0.3729597;0.10699809;0.0001;0.008;0.0001
2017-10-13 07:00:00+00:00;0.00041887;0.0;0;0;0;0.179;0.146;0.146;0.35952542;0.12121935;0.0001;0.089;0.0001
2017-10-13 08:00:00+00:00;0.00033532;0.0;0;0;0;0.339;0.319;0.319;0.3995886;0.12189656;0.0001;0.225;0.0001
2017-10-13 09:00:00+00:00;6.184e-05;0.0;0;0;0;0.483;0.506;0.506;0.41802725;0.1103841;0.0001;0.391;0.0001
2017-10-13 10:00:00+00:00;1.8e-05;0.0;0;0;0;0.533;0.597;0.597;0.47681101;0.08295738;0.0001;0.405;0.0001
2017-10-13 11:00:00+00:00;1.733e-05;0.0;0;0;0;0.58;0.6;0.6;0.46966392;0.08261878;0.0001;0.463;0.0001
2017-10-13 12:00:00+00:00;1.839e-05;0.0;0;0;0;0.641;0.579;0.579;0.43366062;0.08160297;0.0001;0.62;0.0001
2017-10-13 13:00:00+00:00;1.814e-05;0.0;0;0;0;0.64;0.558;0.558;0.439102;0.08431178;0.0001;0.673;0.0001
2017-10-13 14:00:00+00:00;1.942e-05;0.0;0;0;0;0.573;0.534;0.534;0.47170796;0.07889416;0.0001;0.592;0.0001
2017-10-13 15:00:00+00:00;2.06e-05;0.0;0;0;0;0.444;0.517;0.517;0.49217655;0.08058717;0.0001;0.407;0.0001
2017-10-13 16:00:00+00:00;2.175e-05;0.0;0;0;0;0.244;0.489;0.489;0.52757367;0.29763076;0.0001;0.136;0.0001
2017-10-13 17:00:00+00:00;4.763e-05;0.0;0;0;0;0.075;0.431;0.431;0.50523021;0.3514684;0.0001;0.018;0.0001
2017-10-13 18:00:00+00:00;0.0003637;0.0;0;0;0;0.0;0.478;0.478;0.77096945;0.26512501;0.0001;0.0;0.0001
2017-10-13 19:00:00+00:00;0.000378;0.0;0;0;0;0.0;0.505;0.505;0.79979746;0.50214609;0.0001;0.0;0.0001
2017-10-13 20:00:00+00:00;5.198e-05;0.0;0;0;0;0.0;0.526;0.526;0.75330613;0.26140039;0.0001;0.0;0.0001
2017-10-13 21:00:00+00:00;1.748e-05;0.0;0;0;0;0.0;0.516;0.516;0.59929832;0.46625432;0.0001;0.0;0.0001
2017-10-13 22:00:00+00:00;1.093e-05;0.0;0;0;0;0.0;0.478;0.478;0.51739576;0.16930077;0.0001;0.0;0.0001
2017-10-13 23:00:00+00:00;4.5e-07;0.0;0;0;0;0.0;0.462;0.462;0.48367616;0.07246073;0.0001;0.0;0.0001
2017-10-14 00:00:00+00:00;1.59e-06;0.0;0;0;0;0.0;0.435;0.435;0.42466685;0.07279933;0.0001;0.0;0.0001
2017-10-14 01:00:00+00:00;3.94e-06;0.0;0;0;0;0.0;0.393;0.393;0.35781971;0.07212213;0.0001;0.0;0.0001
2017-10-14 02:00:00+00:00;5.53e-06;0.0;0;0;0;0.0;0.369;0.369;0.34817748;0.07313793;0.0001;0.0;0.0001
2017-10-14 03:00:00+00:00;7.04e-06;0.0;0;0;0;0.0;0.347;0.347;0.3347432;0.10665949;0.0001;0.0;0.0001
2017-10-14 04:00:00+00:00;9e-06;0.0;0;0;0;0.0;0.319;0.319;0.33185336;0.10699809;0.0001;0.0;0.0001
2017-10-14 05:00:00+00:00;4.906e-05;0.0;0;0;0;0.0;0.296;0.296;0.30561917;0.10665949;0.0001;0.0;0.0001
2017-10-14 06:00:00+00:00;0.00032258;0.0;0;0;0;0.035;0.235;0.235;0.39578246;0.10699809;0.0001;0.02;0.0001
2017-10-14 07:00:00+00:00;0.0004337;0.0;0;0;0;0.217;0.431;0.431;0.4537486;0.12325096;0.0001;0.173;0.0001
2017-10-14 08:00:00+00:00;0.0003383;0.0;0;0;0;0.397;0.754;0.754;0.44082181;0.09514703;0.0001;0.378;0.0001
2017-10-14 09:00:00+00:00;6.553e-05;0.0;0;0;0;0.541;0.811;0.811;0.45044994;0.09548563;0.0001;0.569;0.0001
2017-10-14 10:00:00+00:00;2.028e-05;0.0;0;0;0;0.632;0.791;0.791;0.47568326;0.07957136;0.0001;0.7;0.0001
2017-10-14 11:00:00+00:00;2.059e-05;0.0;0;0;0;0.678;0.748;0.748;0.43694519;0.08295738;0.0001;0.774;0.0001
2017-10-14 12:00:00+00:00;2.023e-05;0.0;0;0;0;0.685;0.708;0.708;0.37723103;0.08329598;0.0001;0.788;0.0001
2017-10-14 13:00:00+00:00;1.971e-05;0.0;0;0;0;0.654;0.683;0.683;0.42802189;0.07821696;0.0001;0.745;0.0001
2017-10-14 14:00:00+00:00;2.054e-05;0.0;0;0;0;0.576;0.677;0.677;0.53216924;0.08261878;0.0001;0.627;0.0001
2017-10-14 15:00:00+00:00;2.259e-05;0.0;0;0;0;0.447;0.668;0.668;0.55204576;0.07855556;0.0001;0.438;0.0001
2017-10-14 16:00:00+00:00;2.464e-05;0.0;0;0;0;0.273;0.651;0.651;0.50469453;0.2630934;0.0001;0.212;0.0001
2017-10-14 17:00:00+00:00;5.006e-05;0.0;0;0;0;0.098;0.582;0.582;0.48945586;0.14085824;0.0001;0.049;0.0001
2017-10-14 18:00:00+00:00;0.00036348;0.0;0;0;0;0.0;0.574;0.574;0.70990201;0.26173899;0.0001;0.0;0.0001
2017-10-14 19:00:00+00:00;0.00037233;0.0;0;0;0;0.0;0.614;0.614;0.6997382;0.62336544;0.0001;0.0;0.0001
2017-10-14 20:00:00+00:00;5.37e-05;0.0;0;0;0;0.0;0.672;0.672;0.63465315;0.62675145;0.0001;0.0;0.0001
2017-10-14 21:00:00+00:00;1.871e-05;0.0;0;0;0;0.0;0.685;0.685;0.57309232;0.59018249;0.0001;0.0;0.0001
2017-10-14 22:00:00+00:00;1.195e-05;0.0;0;0;0;0.0;0.662;0.662;0.50002848;0.51094973;0.0001;0.0;0.0001
2017-10-14 23:00:00+00:00;1.17e-06;0.0;0;0;0;0.0;0.538;0.538;0.46133269;0.14492146;0.0001;0.0;0.0001
2017-10-15 00:00:00+00:00;1.63e-06;0.0;0;0;0;0.0;0.422;0.422;0.38750762;0.14593726;0.0001;0.0;0.0001
2017-10-15 01:00:00+00:00;3.79e-06;0.0;0;0;0;0.0;0.366;0.366;0.30026237;0.14898468;0.0001;0.0;0.0001
2017-10-15 02:00:00+00:00;5.01e-06;0.0;0;0;0;0.0;0.307;0.307;0.27033481;0.14559866;0.0001;0.0;0.0001
2017-10-15 03:00:00+00:00;6.68e-06;0.0;0;0;0;0.0;0.27;0.27;0.2686291;0.17844301;0.0001;0.0;0.0001
2017-10-15 04:00:00+00:00;8.87e-06;0.0;0;0;0;0.0;0.271;0.271;0.25340452;0.17878161;0.0001;0.0;0.0001
2017-10-15 05:00:00+00:00;4.946e-05;0.0;0;0;0;0.0;0.405;0.405;0.2211228;0.17979742;0.0001;0.0;0.0001
2017-10-15 06:00:00+00:00;0.0003254;0.0;0;0;0;0.032;0.516;0.516;0.26297627;0.18081322;0.0001;0.012;0.0001
2017-10-15 07:00:00+00:00;0.00042369;0.0;0;0;0;0.192;0.512;0.512;0.28206337;0.17844301;0.0001;0.109;0.0001
2017-10-15 08:00:00+00:00;0.00033855;0.0;0;0;0;0.354;0.624;0.624;0.36485402;0.17708861;0.0001;0.261;0.0001
2017-10-15 09:00:00+00:00;6.551e-05;0.0;0;0;0;0.491;0.656;0.656;0.38305302;0.15711111;0.0001;0.422;0.0001
2017-10-15 10:00:00+00:00;1.976e-05;0.0;0;0;0;0.576;0.582;0.582;0.42462456;0.15474091;0.0001;0.525;0.0001
2017-10-15 11:00:00+00:00;2.006e-05;0.0;0;0;0;0.618;0.485;0.485;0.44944907;0.1530479;0.0001;0.575;0.0001
2017-10-15 12:00:00+00:00;2.144e-05;0.0;0;0;0;0.626;0.455;0.455;0.44902616;0.15541811;0.0001;0.584;0.0001
2017-10-15 13:00:00+00:00;2.091e-05;0.0;0;0;0;0.579;0.481;0.481;0.44139978;0.15507951;0.0001;0.501;0.0001
2017-10-15 14:00:00+00:00;2.173e-05;0.0;0;0;0;0.498;0.478;0.478;0.47194619;0.15474091;0.0001;0.38;0.0001
2017-10-15 15:00:00+00:00;2.203e-05;0.0;0;0;0;0.355;0.413;0.413;0.4808864;0.16862357;0.0001;0.193;0.0001
2017-10-15 16:00:00+00:00;2.434e-05;0.0;0;0;0;0.2;0.337;0.337;0.43117254;0.17065518;0.0001;0.065;0.0001
2017-10-15 17:00:00+00:00;4.794e-05;0.0;0;0;0;0.067;0.27;0.27;0.42585098;0.306773;0.0001;0.011;0.0001
2017-10-15 18:00:00+00:00;0.00036498;0.0;0;0;0;0.0;0.203;0.203;0.67804318;0.68363651;0.0001;0.0;0.0001
2017-10-15 19:00:00+00:00;0.00037983;0.0;0;0;0;0.0;0.132;0.132;0.71640064;0.4398434;0.0001;0.0;0.0001
2017-10-15 20:00:00+00:00;5.428e-05;0.0;0;0;0;0.0;0.069;0.069;0.65985828;0.44085921;0.0001;0.0;0.0001
2017-10-15 21:00:00+00:00;1.891e-05;0.0;0;0;0;0.0;0.037;0.037;0.53666612;0.40767626;0.0001;0.0;0.0001
2017-10-15 22:00:00+00:00;1.223e-05;0.0;0;0;0;0.0;0.025;0.025;0.40870924;0.25022654;0.0001;0.0;0.0001
2017-10-15 23:00:00+00:00;1.28e-06;0.0;0;0;0;0.0;0.031;0.031;0.35010874;0.36636687;0.0001;0.0;0.0001
2017-10-16 00:00:00+00:00;1.63e-06;0.0;0;0;0;0.0;0.058;0.058;0.30879095;0.36941428;0.0001;0.0;0.0001
2017-10-16 01:00:00+00:00;3.87e-06;0.0;0;0;0;0.0;0.144;0.144;0.32095651;0.37009148;0.0001;0.0;0.0001
2017-10-16 02:00:00+00:00;5.22e-06;0.0;0;0;0;0.0;0.442;0.442;0.313457;0.3944708;0.0001;0.0;0.0001
2017-10-16 03:00:00+00:00;6.94e-06;0.0;0;0;0;0.0;0.613;0.613;0.30780417;0.1757342;0.0001;0.0;0.0001
2017-10-16 04:00:00+00:00;9.13e-06;0.0;0;0;0;0.0;0.75;0.75;0.3169953;0.17234818;0.0001;0.0;0.0001
2017-10-16 05:00:00+00:00;4.917e-05;0.0;0;0;0;0.0;0.745;0.745;0.34167884;0.17675;0.0001;0.0;0.0001
2017-10-16 06:00:00+00:00;0.00032617;0.0;0;0;0;0.027;0.723;0.723;0.3649386;0.18352204;0.0001;0.007;0.0001
2017-10-16 07:00:00+00:00;0.00042422;0.0;0;0;0;0.181;0.774;0.774;0.42912145;0.20011351;0.0001;0.085;0.0001
2017-10-16 08:00:00+00:00;0.00034145;0.0;0;0;0;0.355;0.813;0.813;0.447546;0.1980819;0.0001;0.248;0.0001
2017-10-16 09:00:00+00:00;6.504e-05;0.0;0;0;0;0.485;0.779;0.779;0.42773996;0.19334148;0.0001;0.394;0.0001
2017-10-16 10:00:00+00:00;2.051e-05;0.0;0;0;0;0.569;0.702;0.702;0.43134874;0.15744972;0.0001;0.489;0.0001
2017-10-16 11:00:00+00:00;2.178e-05;0.0;0;0;0;0.591;0.574;0.574;0.43750906;0.15609531;0.0001;0.484;0.0001
2017-10-16 12:00:00+00:00;2.258e-05;0.0;0;0;0;0.586;0.412;0.412;0.38234818;0.15203209;0.0001;0.454;0.0001
2017-10-16 13:00:00+00:00;2.108e-05;0.0;0;0;0;0.533;0.262;0.262;0.40715859;0.15914273;0.0001;0.363;0.0001
2017-10-16 14:00:00+00:00;2.132e-05;0.0;0;0;0;0.458;0.184;0.184;0.41849244;0.15474091;0.0001;0.268;0.0001
2017-10-16 15:00:00+00:00;2.204e-05;0.0;0;0;0;0.303;0.167;0.167;0.4701714;0.15846552;0.0001;0.102;0.0001
2017-10-16 16:00:00+00:00;2.344e-05;0.0;0;0;0;0.158;0.18;0.18;0.50594914;0.37246169;0.0001;0.028;0.0001
2017-10-16 17:00:00+00:00;4.87e-05;0.0;0;0;0;0.056;0.182;0.182;0.5216953;0.5275412;0.0001;0.006;0.0001
2017-10-16 18:00:00+00:00;0.0003609;0.0;0;0;0;0.0;0.252;0.252;0.69600254;0.68465232;0.0001;0.0;0.0001
2017-10-16 19:00:00+00:00;0.00037362;0.0;0;0;0;0.0;0.354;0.354;0.68183523;0.68465232;0.0001;0.0;0.0001
2017-10-16 20:00:00+00:00;5.365e-05;0.0;0;0;0;0.0;0.353;0.353;0.62216337;0.64334293;0.0001;0.0;0.0001
2017-10-16 21:00:00+00:00;1.881e-05;0.0;0;0;0;0.0;0.287;0.287;0.5056954;0.64300433;0.0001;0.0;0.0001
2017-10-16 22:00:00+00:00;1.189e-05;0.0;0;0;0;0.0;0.223;0.223;0.43550731;0.26952683;0.0001;0.0;0.0001
2017-10-16 23:00:00+00:00;1.09e-06;0.0;0;0;0;0.0;0.232;0.232;0.37305837;0.14796887;0.0001;0.0;0.0001
2017-10-17 00:00:00+00:00;1.96e-06;0.0;0;0;0;0.0;0.286;0.286;0.305887;0.14695307;0.0001;0.0;0.0001
2017-10-17 01:00:00+00:00;3.97e-06;0.0;0;0;0;0.0;0.317;0.317;0.3183204;0.14932328;0.0001;0.0;0.0001
2017-10-17 02:00:00+00:00;5.3e-06;0.0;0;0;0;0.0;0.321;0.321;0.2983734;0.1760728;0.0001;0.0;0.0001
2017-10-17 03:00:00+00:00;6.66e-06;0.0;0;0;0;0.0;0.289;0.289;0.2708141;0.18047462;0.0001;0.0;0.0001
2017-10-17 04:00:00+00:00;8.94e-06;0.0;0;0;0;0.0;0.309;0.309;0.29341131;0.17810441;0.0001;0.0;0.0001
2017-10-17 05:00:00+00:00;4.999e-05;0.0;0;0;0;0.0;0.223;0.223;0.24659576;0.17437979;0.0001;0.0;0.0001
2017-10-17 06:00:00+00:00;0.00032565;0.0;0;0;0;0.017;0.119;0.119;0.24187332;0.17776581;0.0001;0.002;0.0001
2017-10-17 07:00:00+00:00;0.00042631;0.0;0;0;0;0.135;0.079;0.079;0.23280906;0.18013602;0.0001;0.033;0.0001
2017-10-17 08:00:00+00:00;0.00033544;0.0;0;0;0;0.299;0.112;0.112;0.26527405;0.18555364;0.0001;0.143;0.0001
2017-10-17 09:00:00+00:00;6.194e-05;0.0;0;0;0;0.448;0.097;0.097;0.30776188;0.15169349;0.0001;0.311;0.0001
2017-10-17 10:00:00+00:00;2.037e-05;0.0;0;0;0;0.561;0.054;0.054;0.33375643;0.15677251;0.0001;0.479;0.0001
2017-10-17 11:00:00+00:00;2.092e-05;0.0;0;0;0;0.617;0.019;0.019;0.34741625;0.15711111;0.0001;0.571;0.0001
2017-10-17 12:00:00+00:00;2.057e-05;0.0;0;0;0;0.629;0.006;0.006;0.36612274;0.15507951;0.0001;0.596;0.0001
2017-10-17 13:00:00+00:00;1.957e-05;0.0;0;0;0;0.601;0.004;0.004;0.35371753;0.15846552;0.0001;0.567;0.0001
2017-10-17 14:00:00+00:00;2.094e-05;0.0;0;0;0;0.531;0.003;0.003;0.37503193;0.15169349;0.0001;0.477;0.0001
2017-10-17 15:00:00+00:00;2.308e-05;0.0;0;0;0;0.405;0.001;0.001;0.36090691;0.15067769;0.0001;0.305;0.0001
2017-10-17 16:00:00+00:00;2.53e-05;0.0;0;0;0;0.233;0.001;0.001;0.41677263;0.37246169;0.0001;0.11;0.0001
2017-10-17 17:00:00+00:00;4.976e-05;0.0;0;0;0;0.069;0.006;0.006;0.48539597;0.70700002;0.0001;0.012;0.0001
2017-10-17 18:00:00+00:00;0.0003622;0.0;0;0;0;0.0;0.022;0.022;0.6779727;0.8339756;0.0001;0.0;0.0001
2017-10-17 19:00:00+00:00;0.00037593;0.0;0;0;0;0.0;0.039;0.039;0.65737724;0.86986736;0.0001;0.0;0.0001
2017-10-17 20:00:00+00:00;5.466e-05;0.0;0;0;0;0.0;0.045;0.045;0.61868145;0.86783575;0.0001;0.0;0.0001
2017-10-17 21:00:00+00:00;1.889e-05;0.0;0;0;0;0.0;0.046;0.046;0.54563171;0.82178594;0.0001;0.0;0.0001
2017-10-17 22:00:00+00:00;1.21e-05;0.0;0;0;0;0.0;0.047;0.047;0.41295239;0.28137788;0.0001;0.0;0.0001
2017-10-17 23:00:00+00:00;1.11e-06;0.0;0;0;0;0.0;0.049;0.049;0.33774583;0.15067769;0.0001;0.0;0.0001
2017-10-18 00:00:00+00:00;1.68e-06;0.0;0;0;0;0.0;0.043;0.043;0.27598764;0.14695307;0.0001;0.0;0.0001
2017-10-18 01:00:00+00:00;3.78e-06;0.0;0;0;0;0.0;0.031;0.031;0.26785377;0.14830747;0.0001;0.0;0.0001
2017-10-18 02:00:00+00:00;5.33e-06;0.0;0;0;0;0.0;0.024;0.024;0.27505725;0.14695307;0.0001;0.0;0.0001
2017-10-18 03:00:00+00:00;6.78e-06;0.0;0;0;0;0.0;0.025;0.025;0.25143097;0.17844301;0.0001;0.0;0.0001
2017-10-18 04:00:00+00:00;9.07e-06;0.0;0;0;0;0.0;0.022;0.022;0.26864319;0.18284483;0.0001;0.0;0.0001
2017-10-18 05:00:00+00:00;5.082e-05;0.0;0;0;0;0.0;0.01;0.01;0.26854451;0.1757342;0.0001;0.0;0.0001
2017-10-18 06:00:00+00:00;0.00032365;0.0;0;0;0;0.029;0.003;0.003;0.34434314;0.17776581;0.0001;0.009;0.0001
2017-10-18 07:00:00+00:00;0.00042514;0.0;0;0;0;0.183;0.0;0.0;0.3747359;0.17708861;0.0001;0.091;0.0001
2017-10-18 08:00:00+00:00;0.0003438;0.0;0;0;0;0.331;0.0;0.0;0.48067354;0.17979742;0.0001;0.212;0.0001
2017-10-18 09:00:00+00:00;6.356e-05;0.0;0;0;0;0.486;0.003;0.003;0.483507;0.17945882;0.0001;0.411;0.0001
2017-10-18 10:00:00+00:00;2.104e-05;0.0;0;0;0;0.591;0.013;0.013;0.49448842;0.16354455;0.0001;0.572;0.0001
2017-10-18 11:00:00+00:00;2.208e-05;0.0;0;0;0;0.618;0.015;0.015;0.48223828;0.15507951;0.0001;0.589;0.0001
2017-10-18 12:00:00+00:00;2.233e-05;0.0;0;0;0;0.633;0.009;0.009;0.4990558;0.15575671;0.0001;0.621;0.0001
2017-10-18 13:00:00+00:00;2.033e-05;0.0;0;0;0;0.601;0.003;0.003;0.45758294;0.15948133;0.0001;0.576;0.0001
2017-10-18 14:00:00+00:00;2.021e-05;0.0;0;0;0;0.506;0.001;0.001;0.48308409;0.16151293;0.0001;0.42;0.0001
2017-10-18 15:00:00+00:00;2.166e-05;0.0;0;0;0;0.38;0.0;0.0;0.46577319;0.15609531;0.0001;0.251;0.0001
2017-10-18 16:00:00+00:00;2.363e-05;0.0;0;0;0;0.208;0.001;0.001;0.44650283;0.36602827;0.0001;0.076;0.0001
2017-10-18 17:00:00+00:00;4.79e-05;0.0;0;0;0;0.07;0.007;0.007;0.45675122;0.53058861;0.0001;0.013;0.0001
2017-10-18 18:00:00+00:00;0.00036176;0.0;0;0;0;0.0;0.051;0.051;0.67833922;0.69413316;0.0001;0.0;0.0001
2017-10-18 19:00:00+00:00;0.00037448;0.0;0;0;0;0.0;0.135;0.135;0.73495206;0.86478834;0.0001;0.0;0.0001
2017-10-18 20:00:00+00:00;5.375e-05;0.0;0;0;0;0.0;0.185;0.185;0.65534729;0.87223757;0.0001;0.0;0.0001
2017-10-18 21:00:00+00:00;1.889e-05;0.0;0;0;0;0.0;0.195;0.195;0.53607406;0.81772272;0.0001;0.0;0.0001
2017-10-18 22:00:00+00:00;1.199e-05;0.0;0;0;0;0.0;0.172;0.172;0.50366546;0.26749522;0.0001;0.0;0.0001
2017-10-18 23:00:00+00:00;9.7e-07;0.0;0;0;0;0.0;0.147;0.147;0.41892944;0.14729167;0.0001;0.0;0.0001
2017-10-19 00:00:00+00:00;1.38e-06;0.0;0;0;0;0.0;0.108;0.108;0.35836948;0.14898468;0.0001;0.0;0.0001
2017-10-19 01:00:00+00:00;2.9e-06;0.0;0;0;0;0.0;0.073;0.073;0.30866408;0.15000048;0.0001;0.0;0.0001
2017-10-19 02:00:00+00:00;4.13e-06;0.0;0;0;0;0.0;0.073;0.073;0.27745371;0.15135489;0.0001;0.0;0.0001
2017-10-19 03:00:00+00:00;5.44e-06;0.0;0;0;0;0.0;0.065;0.065;0.25581508;0.17945882;0.0001;0.0;0.0001
2017-10-19 04:00:00+00:00;7.53e-06;0.0;0;0;0;0.0;0.055;0.055;0.27154714;0.18149043;0.0001;0.0;0.0001
2017-10-19 05:00:00+00:00;4.846e-05;0.0;0;0;0;0.0;0.056;0.056;0.28351534;0.1753956;0.0001;0.0;0.0001
2017-10-19 06:00:00+00:00;0.00032238;0.0;0;0;0;0.031;0.055;0.055;0.29441219;0.17912022;0.0001;0.009;0.0001
2017-10-19 07:00:00+00:00;0.00042622;0.0;0;0;0;0.188;0.048;0.048;0.30210906;0.17912022;0.0001;0.099;0.0001
2017-10-19 08:00:00+00:00;0.0003345;0.0;0;0;0;0.348;0.079;0.079;0.36543199;0.17912022;0.0001;0.247;0.0001
2017-10-19 09:00:00+00:00;6.184e-05;0.0;0;0;0;0.494;0.083;0.083;0.38473055;0.18047462;0.0001;0.437;0.0001
2017-10-19 10:00:00+00:00;1.813e-05;0.0;0;0;0;0.615;0.104;0.104;0.4239902;0.16286734;0.0001;0.643;0.0001
2017-10-19 11:00:00+00:00;1.854e-05;0.0;0;0;0;0.649;0.179;0.179;0.43674783;0.15609531;0.0001;0.681;0.0001
2017-10-19 12:00:00+00:00;1.794e-05;0.0;0;0;0;0.642;0.316;0.316;0.41860522;0.16185154;0.0001;0.648;0.0001
2017-10-19 13:00:00+00:00;1.765e-05;0.0;0;0;0;0.583;0.475;0.475;0.45821729;0.15846552;0.0001;0.522;0.0001
2017-10-19 14:00:00+00:00;1.809e-05;0.0;0;0;0;0.462;0.571;0.571;0.47437226;0.16083573;0.0001;0.299;0.0001
2017-10-19 15:00:00+00:00;2.052e-05;0.0;0;0;0;0.288;0.588;0.588;0.50093067;0.15981993;0.0001;0.094;0.0001
2017-10-19 16:00:00+00:00;2.216e-05;0.0;0;0;0;0.177;0.556;0.556;0.47826298;0.37720212;0.0001;0.042;0.0001
2017-10-19 17:00:00+00:00;4.983e-05;0.0;0;0;0;0.061;0.506;0.506;0.48720037;0.61997942;0.0001;0.008;0.0001
2017-10-19 18:00:00+00:00;0.00035938;0.0;0;0;0;0.0;0.442;0.442;0.72314467;0.64605174;0.0001;0.0;0.0001
2017-10-19 19:00:00+00:00;0.00037526;0.0;0;0;0;0.0;0.331;0.331;0.80017198;0.86241813;0.0001;0.0;0.0001
2017-10-19 20:00:00+00:00;5.188e-05;0.0;0;0;0;0.0;0.244;0.244;0.72831246;0.82889658;0.0001;0.0;0.0001
2017-10-19 21:00:00+00:00;1.757e-05;0.0;0;0;0;0.0;0.207;0.207;0.63228489;0.82347895;0.0001;0.0;0.0001
2017-10-19 22:00:00+00:00;1.095e-05;0.0;0;0;0;0.0;0.169;0.169;0.5425304;0.27460585;0.0001;0.0;0.0001
2017-10-19 23:00:00+00:00;5.7e-07;0.0;0;0;0;0.0;0.155;0.155;0.45271953;0.14796887;0.0001;0.0;0.0001
2017-10-20 00:00:00+00:00;1.39e-06;0.0;0;0;0;0.0;0.171;0.171;0.33317846;0.14695307;0.0001;0.0;0.0001
2017-10-20 01:00:00+00:00;2.94e-06;0.0;0;0;0;0.0;0.12;0.12;0.26740267;0.14864608;0.0001;0.0;0.0001
2017-10-20 02:00:00+00:00;4.16e-06;0.0;0;0;0;0.0;0.074;0.074;0.27714358;0.15135489;0.0001;0.0;0.0001
2017-10-20 03:00:00+00:00;5.43e-06;0.0;0;0;0;0.0;0.091;0.091;0.26944671;0.17912022;0.0001;0.0;0.0001
2017-10-20 04:00:00+00:00;7.5e-06;0.0;0;0;0;0.0;0.116;0.116;0.27373215;0.18013602;0.0001;0.0;0.0001
2017-10-20 05:00:00+00:00;4.969e-05;0.0;0;0;0;0.0;0.109;0.109;0.27278766;0.17675;0.0001;0.0;0.0001
2017-10-20 06:00:00+00:00;0.00031692;0.0;0;0;0;0.024;0.089;0.089;0.36710951;0.17810441;0.0001;0.004;0.0001
2017-10-20 07:00:00+00:00;0.00042357;0.0;0;0;0;0.146;0.051;0.051;0.41929596;0.17844301;0.0001;0.041;0.0001
2017-10-20 08:00:00+00:00;0.00033574;0.0;0;0;0;0.307;0.299;0.299;0.49320561;0.18115182;0.0001;0.153;0.0001
2017-10-20 09:00:00+00:00;5.997e-05;0.0;0;0;0;0.445;0.352;0.352;0.48473342;0.1533865;0.0001;0.3;0.0001
2017-10-20 10:00:00+00:00;1.818e-05;0.0;0;0;0;0.517;0.234;0.234;0.46302431;0.15203209;0.0001;0.361;0.0001
2017-10-20 11:00:00+00:00;1.773e-05;0.0;0;0;0;0.535;0.112;0.112;0.48098367;0.15067769;0.0001;0.347;0.0001
2017-10-20 12:00:00+00:00;1.835e-05;0.0;0;0;0;0.542;0.043;0.043;0.44234427;0.15846552;0.0001;0.352;0.0001
2017-10-20 13:00:00+00:00;1.894e-05;0.0;0;0;0;0.521;0.017;0.017;0.46378554;0.16286734;0.0001;0.341;0.0001
2017-10-20 14:00:00+00:00;1.931e-05;0.0;0;0;0;0.463;0.01;0.01;0.49249784;0.15744972;0.0001;0.296;0.0001
2017-10-20 15:00:00+00:00;2.056e-05;0.0;0;0;0;0.372;0.01;0.01;0.5176874;0.15575671;0.0001;0.225;0.0001
2017-10-20 16:00:00+00:00;2.199e-05;0.0;0;0;0;0.242;0.017;0.017;0.49119168;0.36839848;0.0001;0.122;0.0001
2017-10-20 17:00:00+00:00;4.641e-05;0.0;0;0;0;0.084;0.036;0.036;0.4599609;0.70733862;0.0001;0.021;0.0001
2017-10-20 18:00:00+00:00;0.00035906;0.0;0;0;0;0.0;0.121;0.121;0.76019215;0.86444974;0.0001;0.0;0.0001
2017-10-20 19:00:00+00:00;0.00037841;0.0;0;0;0;0.0;0.277;0.277;0.78911883;0.86140232;0.0001;0.0;0.0001
2017-10-20 20:00:00+00:00;5.35e-05;0.0;0;0;0;0.0;0.324;0.324;0.70394243;0.85395309;0.0001;0.0;0.0001
2017-10-20 21:00:00+00:00;1.752e-05;0.0;0;0;0;0.0;0.33;0.33;0.59285167;0.82923518;0.0001;0.0;0.0001
2017-10-20 22:00:00+00:00;1.102e-05;0.0;0;0;0;0.0;0.359;0.359;0.48377191;0.26986543;0.0001;0.0;0.0001
2017-10-20 23:00:00+00:00;5.1e-07;0.0;0;0;0;0.0;0.418;0.418;0.39293682;0.14763027;0.0001;0.0;0.0001
2017-10-21 00:00:00+00:00;1.91e-06;0.0;0;0;0;0.0;0.464;0.464;0.25764767;0.14763027;0.0001;0.0;0.0001
2017-10-21 01:00:00+00:00;4.13e-06;0.0;0;0;0;0.0;0.433;0.433;0.2561957;0.14966188;0.0001;0.0;0.0001
2017-10-21 02:00:00+00:00;5.18e-06;0.0;0;0;0;0.0;0.301;0.301;0.26375159;0.15067769;0.0001;0.0;0.0001
2017-10-21 03:00:00+00:00;6.67e-06;0.0;0;0;0;0.0;0.196;0.196;0.27463434;0.17708861;0.0001;0.0;0.0001
2017-10-21 04:00:00+00:00;8.73e-06;0.0;0;0;0;0.0;0.176;0.176;0.2987963;0.1757342;0.0001;0.0;0.0001
2017-10-21 05:00:00+00:00;5.168e-05;0.0;0;0;0;0.0;0.179;0.179;0.30793104;0.17234818;0.0001;0.0;0.0001
2017-10-21 06:00:00+00:00;0.0003251;0.0;0;0;0;0.031;0.127;0.127;0.3418762;0.17708861;0.0001;0.008;0.0001
2017-10-21 07:00:00+00:00;0.00042508;0.0;0;0;0;0.187;0.224;0.224;0.41415062;0.1764114;0.0001;0.091;0.0001
2017-10-21 08:00:00+00:00;0.00033569;0.0;0;0;0;0.343;0.224;0.224;0.44623499;0.1760728;0.0001;0.222;0.0001
2017-10-21 09:00:00+00:00;6.549e-05;0.0;0;0;0;0.437;0.093;0.093;0.47091853;0.1753956;0.0001;0.279;0.0001
2017-10-21 10:00:00+00:00;2.013e-05;0.0;0;0;0;0.509;0.028;0.028;0.50706279;0.17912022;0.0001;0.327;0.0001
2017-10-21 11:00:00+00:00;1.996e-05;0.0;0;0;0;0.494;0.013;0.013;0.48938537;0.16049713;0.0001;0.25;0.0001
2017-10-21 12:00:00+00:00;2.201e-05;0.0;0;0;0;0.53;0.016;0.016;0.35398537;0.15981993;0.0001;0.306;0.0001
2017-10-21 13:00:00+00:00;2.122e-05;0.0;0;0;0;0.524;0.028;0.028;0.43013642;0.15474091;0.0001;0.329;0.0001
2017-10-21 14:00:00+00:00;2.063e-05;0.0;0;0;0;0.44;0.043;0.043;0.50111393;0.15711111;0.0001;0.228;0.0001
2017-10-21 15:00:00+00:00;2.18e-05;0.0;0;0;0;0.302;0.069;0.069;0.52937807;0.15744972;0.0001;0.096;0.0001
2017-10-21 16:00:00+00:00;2.369e-05;0.0;0;0;0;0.163;0.133;0.133;0.54191014;0.36941428;0.0001;0.028;0.0001
2017-10-21 17:00:00+00:00;4.879e-05;0.0;0;0;0;0.055;0.216;0.216;0.48628407;0.701921;0.0001;0.005;0.0001
2017-10-21 18:00:00+00:00;0.00036148;0.0;0;0;0;0.0;0.317;0.317;0.70629322;0.87359198;0.0001;0.0;0.0001
2017-10-21 19:00:00+00:00;0.00037623;0.0;0;0;0;0.0;0.413;0.413;0.74287448;0.8566619;0.0001;0.0;0.0001
2017-10-21 20:00:00+00:00;5.42e-05;0.0;0;0;0;0.0;0.47;0.47;0.71356718;0.85970932;0.0001;0.0;0.0001
2017-10-21 21:00:00+00:00;1.891e-05;0.0;0;0;0;0.0;0.519;0.519;0.60822161;0.83126679;0.0001;0.0;0.0001
2017-10-21 22:00:00+00:00;1.193e-05;0.0;0;0;0;0.0;0.518;0.518;0.51349095;0.26749522;0.0001;0.0;0.0001
2017-10-21 23:00:00+00:00;1.09e-06;0.0;0;0;0;0.0;0.367;0.367;0.38619662;0.1533865;0.0001;0.0;0.0001
2017-10-22 00:00:00+00:00;1.63e-06;0.0;0;0;0;0.0;0.304;0.304;0.27432421;0.15000048;0.0001;0.0;0.0001
2017-10-22 01:00:00+00:00;3.78e-06;0.0;0;0;0;0.0;0.27;0.27;0.22477387;0.15000048;0.0001;0.0;0.0001
2017-10-22 02:00:00+00:00;5.3e-06;0.0;0;0;0;0.0;0.337;0.337;0.18207459;0.15067769;0.0001;0.0;0.0001
2017-10-22 03:00:00+00:00;6.86e-06;0.0;0;0;0;0.0;0.392;0.392;0.18149662;0.18149043;0.0001;0.0;0.0001
2017-10-22 04:00:00+00:00;9.03e-06;0.0;0;0;0;0.0;0.239;0.239;0.19118114;0.17979742;0.0001;0.0;0.0001
2017-10-22 05:00:00+00:00;5.025e-05;0.0;0;0;0;0.0;0.168;0.168;0.2046577;0.17810441;0.0001;0.0;0.0001
2017-10-22 06:00:00+00:00;0.00032363;0.0;0;0;0;0.024;0.146;0.146;0.28336028;0.18318343;0.0001;0.003;0.0001
2017-10-22 07:00:00+00:00;0.00042078;0.0;0;0;0;0.123;0.323;0.323;0.31596623;0.18216763;0.0001;0.018;0.0001
2017-10-22 08:00:00+00:00;0.00034054;0.0;0;0;0;0.204;0.505;0.505;0.43143333;0.18182903;0.0001;0.029;0.0001
2017-10-22 09:00:00+00:00;6.559e-05;0.0;0;0;0;0.29;0.449;0.449;0.4630948;0.1757342;0.0001;0.048;0.0001
2017-10-22 10:00:00+00:00;2.122e-05;0.0;0;0;0;0.374;0.331;0.331;0.48459245;0.16117433;0.0001;0.079;0.0001
2017-10-22 11:00:00+00:00;2.151e-05;0.0;0;0;0;0.442;0.29;0.29;0.41732241;0.1530479;0.0001;0.123;0.0001
2017-10-22 12:00:00+00:00;2.251e-05;0.0;0;0;0;0.485;0.297;0.297;0.46761988;0.1530479;0.0001;0.172;0.0001
2017-10-22 13:00:00+00:00;2.152e-05;0.0;0;0;0;0.468;0.3;0.3;0.512335;0.15812692;0.0001;0.172;0.0001
2017-10-22 14:00:00+00:00;2.084e-05;0.0;0;0;0;0.401;0.314;0.314;0.54926869;0.15846552;0.0001;0.127;0.0001
2017-10-22 15:00:00+00:00;2.11e-05;0.0;0;0;0;0.276;0.352;0.352;0.55492151;0.15914273;0.0001;0.056;0.0001
2017-10-22 16:00:00+00:00;2.332e-05;0.0;0;0;0;0.158;0.396;0.396;0.5354397;0.3721231;0.0001;0.021;0.0001
2017-10-22 17:00:00+00:00;4.89e-05;0.0;0;0;0;0.063;0.384;0.384;0.50489188;0.71038603;0.0001;0.006;0.0001
2017-10-22 18:00:00+00:00;0.00036497;0.0;0;0;0;0.0;0.372;0.372;0.74004102;0.87189897;0.0001;0.0;0.0001
2017-10-22 19:00:00+00:00;0.0003725;0.0;0;0;0;0.0;0.412;0.412;0.73942076;0.87562359;0.0001;0.0;0.0001
2017-10-22 20:00:00+00:00;5.163e-05;0.0;0;0;0;0.0;0.442;0.442;0.68882725;0.82618776;0.0001;0.0;0.0001
2017-10-22 21:00:00+00:00;1.866e-05;0.0;0;0;0;0.0;0.478;0.478;0.59687366;0.82483336;0.0001;0.0;0.0001
2017-10-22 22:00:00+00:00;1.215e-05;0.0;0;0;0;0.0;0.453;0.453;0.51471737;0.27155844;0.0001;0.0;0.0001
2017-10-22 23:00:00+00:00;1.08e-06;0.0;0;0;0;0.0;0.461;0.461;0.41952151;0.15033909;0.0001;0.0;0.0001
2017-10-23 00:00:00+00:00;1.65e-06;0.0;0;0;0;0.0;0.435;0.435;0.31283674;0.14288985;0.0001;0.0;0.0001
2017-10-23 01:00:00+00:00;3.84e-06;0.0;0;0;0;0.0;0.399;0.399;0.2681639;0.14864608;0.0001;0.0;0.0001
2017-10-23 02:00:00+00:00;5.37e-06;0.0;0;0;0;0.0;0.361;0.361;0.21834572;0.14763027;0.0001;0.0;0.0001
2017-10-23 03:00:00+00:00;6.94e-06;0.0;0;0;0;0.0;0.294;0.294;0.20594051;0.15237069;0.0001;0.0;0.0001
2017-10-23 04:00:00+00:00;9.23e-06;0.0;0;0;0;0.0;0.256;0.256;0.22106641;0.17370259;0.0001;0.0;0.0001
2017-10-23 05:00:00+00:00;4.996e-05;0.0;0;0;0;0.0;0.257;0.257;0.18837587;0.17302539;0.0001;0.0;0.0001
2017-10-23 06:00:00+00:00;0.00032119;0.0;0;0;0;0.029;0.234;0.234;0.22498533;0.18318343;0.0001;0.007;0.0001
2017-10-23 07:00:00+00:00;0.00042722;0.0;0;0;0;0.185;0.419;0.419;0.27381673;0.17878161;0.0001;0.089;0.0001
2017-10-23 08:00:00+00:00;0.00033898;0.0;0;0;0;0.369;0.621;0.621;0.34682418;0.17878161;0.0001;0.277;0.0001
2017-10-23 09:00:00+00:00;6.425e-05;0.0;0;0;0;0.52;0.66;0.66;0.38264422;0.17776581;0.0001;0.479;0.0001
2017-10-23 10:00:00+00:00;1.986e-05;0.0;0;0;0;0.619;0.622;0.622;0.37704778;0.1540637;0.0001;0.627;0.0001
2017-10-23 11:00:00+00:00;2.003e-05;0.0;0;0;0;0.665;0.576;0.576;0.3871693;0.15914273;0.0001;0.696;0.0001
2017-10-23 12:00:00+00:00;2.076e-05;0.0;0;0;0;0.646;0.562;0.562;0.34737396;0.15575671;0.0001;0.635;0.0001
2017-10-23 13:00:00+00:00;1.958e-05;0.0;0;0;0;0.578;0.562;0.562;0.34700744;0.15169349;0.0001;0.493;0.0001
2017-10-23 14:00:00+00:00;2.035e-05;0.0;0;0;0;0.494;0.553;0.553;0.40473394;0.15812692;0.0001;0.368;0.0001
2017-10-23 15:00:00+00:00;2.224e-05;0.0;0;0;0;0.362;0.538;0.538;0.421777;0.1537251;0.0001;0.203;0.0001
2017-10-23 16:00:00+00:00;2.514e-05;0.0;0;0;0;0.214;0.527;0.527;0.34269381;0.37110729;0.0001;0.081;0.0001
2017-10-23 17:00:00+00:00;4.966e-05;0.0;0;0;0;0.085;0.489;0.489;0.38707062;0.701921;0.0001;0.022;0.0001
2017-10-23 18:00:00+00:00;0.00035582;0.0;0;0;0;0.001;0.523;0.523;0.62288231;0.87156037;0.0001;0.0;0.0001
2017-10-23 19:00:00+00:00;0.0003789;0.0;0;0;0;0.0;0.594;0.594;0.66225474;0.85496889;0.0001;0.0;0.0001
2017-10-23 20:00:00+00:00;5.389e-05;0.0;0;0;0;0.0;0.64;0.64;0.62687171;0.8570005;0.0001;0.0;0.0001
2017-10-23 21:00:00+00:00;1.856e-05;0.0;0;0;0;0.0;0.641;0.641;0.53135162;0.81636832;0.0001;0.0;0.0001
2017-10-23 22:00:00+00:00;1.198e-05;0.0;0;0;0;0.0;0.553;0.553;0.50530069;0.27088123;0.0001;0.0;0.0001
2017-10-23 23:00:00+00:00;1.25e-06;0.0;0;0;0;0.0;0.472;0.472;0.3493898;0.14661447;0.0001;0.0;0.0001
2017-10-24 00:00:00+00:00;1.82e-06;0.0;0;0;0;0.0;0.421;0.421;0.24405833;0.14661447;0.0001;0.0;0.0001
2017-10-24 01:00:00+00:00;4.15e-06;0.0;0;0;0;0.0;0.305;0.305;0.28227482;0.14661447;0.0001;0.0;0.0001
2017-10-24 02:00:00+00:00;5.54e-06;0.0;0;0;0;0.0;0.204;0.204;0.28767391;0.14898468;0.0001;0.0;0.0001
2017-10-24 03:00:00+00:00;6.71e-06;0.0;0;0;0;0.0;0.122;0.122;0.28469947;0.18589225;0.0001;0.0;0.0001
2017-10-24 04:00:00+00:00;9.15e-06;0.0;0;0;0;0.0;0.047;0.047;0.2797092;0.18149043;0.0001;0.0;0.0001
2017-10-24 05:00:00+00:00;5.097e-05;0.0;0;0;0;0.0;0.018;0.018;0.22750866;0.18182903;0.0001;0.0;0.0001
2017-10-24 06:00:00+00:00;0.0003221;0.0;0;0;0;0.036;0.051;0.051;0.18665606;0.17979742;0.0001;0.012;0.0001
2017-10-24 07:00:00+00:00;0.00042641;0.0;0;0;0;0.211;0.031;0.031;0.16755486;0.18216763;0.0001;0.133;0.0001
2017-10-24 08:00:00+00:00;0.00033182;0.0;0;0;0;0.39;0.034;0.034;0.16962709;0.15474091;0.0001;0.331;0.0001
2017-10-24 09:00:00+00:00;6.534e-05;0.0;0;0;0;0.514;0.054;0.054;0.16119719;0.15541811;0.0001;0.466;0.0001
2017-10-24 10:00:00+00:00;2.197e-05;0.0;0;0;0;0.565;0.073;0.073;0.20096434;0.15609531;0.0001;0.472;0.0001
2017-10-24 11:00:00+00:00;2.157e-05;0.0;0;0;0;0.559;0.458;0.458;0.21695013;0.1537251;0.0001;0.384;0.0001
2017-10-24 12:00:00+00:00;2.166e-05;0.0;0;0;0;0.509;0.853;0.853;0.22380119;0.15507951;0.0001;0.254;0.0001
2017-10-24 13:00:00+00:00;2.086e-05;0.0;0;0;0;0.418;0.96;0.96;0.23142757;0.15812692;0.0001;0.133;0.0001
2017-10-24 14:00:00+00:00;1.951e-05;0.0;0;0;0;0.325;0.976;0.976;0.23712269;0.15541811;0.0001;0.07;0.0001
2017-10-24 15:00:00+00:00;2.161e-05;0.0;0;0;0;0.245;0.97;0.97;0.2819224;0.16015853;0.0001;0.043;0.0001
2017-10-24 16:00:00+00:00;2.383e-05;0.0;0;0;0;0.158;0.973;0.973;0.3099046;0.37787932;0.0001;0.024;0.0001
2017-10-24 17:00:00+00:00;4.851e-05;0.0;0;0;0;0.063;0.973;0.973;0.38339135;0.70903163;0.0001;0.007;0.0001
2017-10-24 18:00:00+00:00;0.00036674;0.0;0;0;0;0.0;0.925;0.925;0.65877282;0.85259868;0.0001;0.0;0.0001
2017-10-24 19:00:00+00:00;0.00037281;0.0;0;0;0;0.0;0.771;0.771;0.58951512;0.8116279;0.0001;0.0;0.0001
2017-10-24 20:00:00+00:00;5.457e-05;0.0;0;0;0;0.0;0.614;0.614;0.53474896;0.83126679;0.0001;0.0;0.0001
2017-10-24 21:00:00+00:00;1.888e-05;0.0;0;0;0;0.0;0.479;0.479;0.43671964;0.82212454;0.0001;0.0;0.0001
2017-10-24 22:00:00+00:00;1.202e-05;0.0;0;0;0;0.0;0.483;0.483;0.31514862;0.2864569;0.0001;0.0;0.0001
2017-10-24 23:00:00+00:00;1.09e-06;0.0;0;0;0;0.0;0.555;0.555;0.29797869;0.14966188;0.0001;0.0;0.0001
2017-10-25 00:00:00+00:00;1.81e-06;0.0;0;0;0;0.0;0.597;0.597;0.27048988;0.15135489;0.0001;0.0;0.0001
2017-10-25 01:00:00+00:00;3.63e-06;0.0;0;0;0;0.0;0.544;0.544;0.24823099;0.14661447;0.0001;0.0;0.0001
2017-10-25 02:00:00+00:00;5.33e-06;0.0;0;0;0;0.0;0.348;0.348;0.24834376;0.14932328;0.0001;0.0;0.0001
2017-10-25 03:00:00+00:00;6.8e-06;0.0;0;0;0;0.0;0.175;0.175;0.25136049;0.18182903;0.0001;0.0;0.0001
2017-10-25 04:00:00+00:00;9.21e-06;0.0;0;0;0;0.0;0.069;0.069;0.28351534;0.18149043;0.0001;0.0;0.0001
2017-10-25 05:00:00+00:00;4.934e-05;0.0;0;0;0;0.0;0.163;0.163;0.30570375;0.18352204;0.0001;0.0;0.0001
2017-10-25 06:00:00+00:00;0.00032387;0.0;0;0;0;0.029;0.281;0.281;0.4151233;0.18386064;0.0001;0.004;0.0001
2017-10-25 07:00:00+00:00;0.00042418;0.0;0;0;0;0.136;0.182;0.182;0.41550392;0.18250623;0.0001;0.023;0.0001
2017-10-25 08:00:00+00:00;0.00033816;0.0;0;0;0;0.237;0.131;0.131;0.42679547;0.18352204;0.0001;0.044;0.0001
2017-10-25 09:00:00+00:00;6.569e-05;0.0;0;0;0;0.32;0.216;0.216;0.39394987;0.15677251;0.0001;0.065;0.0001
2017-10-25 10:00:00+00:00;2e-05;0.0;0;0;0;0.377;0.333;0.333;0.36024436;0.15711111;0.0001;0.078;0.0001
2017-10-25 11:00:00+00:00;1.993e-05;0.0;0;0;0;0.389;0.45;0.45;0.40084322;0.14864608;0.0001;0.071;0.0001
2017-10-25 12:00:00+00:00;2.081e-05;0.0;0;0;0;0.386;0.495;0.495;0.36571393;0.15237069;0.0001;0.066;0.0001
2017-10-25 13:00:00+00:00;2.015e-05;0.0;0;0;0;0.344;0.366;0.366;0.43528176;0.14864608;0.0001;0.049;0.0001
2017-10-25 14:00:00+00:00;2.09e-05;0.0;0;0;0;0.293;0.222;0.222;0.47117228;0.14932328;0.0001;0.037;0.0001
2017-10-25 15:00:00+00:00;2.365e-05;0.0;0;0;0;0.231;0.17;0.17;0.43664915;0.15169349;0.0001;0.028;0.0001
2017-10-25 16:00:00+00:00;2.583e-05;0.0;0;0;0;0.151;0.169;0.169;0.4342245;0.37144589;0.0001;0.016;0.0001
2017-10-25 17:00:00+00:00;4.88e-05;0.0;0;0;0;0.059;0.176;0.176;0.44819445;0.71140184;0.0001;0.004;0.0001
2017-10-25 18:00:00+00:00;0.00036208;0.0;0;0;0;0.0;0.244;0.244;0.73705249;0.82618776;0.0001;0.0;0.0001
2017-10-25 19:00:00+00:00;0.00037356;0.0;0;0;0;0.0;0.371;0.371;0.75502594;0.85869351;0.0001;0.0;0.0001
2017-10-25 20:00:00+00:00;5.424e-05;0.0;0;0;0;0.0;0.344;0.344;0.65544597;0.83058958;0.0001;0.0;0.0001
2017-10-25 21:00:00+00:00;1.895e-05;0.0;0;0;0;0.0;0.283;0.283;0.53390315;0.83533;0.0001;0.0;0.0001
2017-10-25 22:00:00+00:00;1.23e-05;0.0;0;0;0;0.0;0.215;0.215;0.44892749;0.26851102;0.0001;0.0;0.0001
2017-10-25 23:00:00+00:00;1.14e-06;0.0;0;0;0;0.0;0.166;0.166;0.3325582;0.14458286;0.0001;0.0;0.0001
2017-10-26 00:00:00+00:00;1.34e-06;0.0;0;0;0;0.0;0.133;0.133;0.25066974;0.13611782;0.0001;0.0;0.0001
2017-10-26 01:00:00+00:00;2.94e-06;0.0;0;0;0;0.0;0.114;0.114;0.22584523;0.13544062;0.0001;0.0;0.0001
2017-10-26 02:00:00+00:00;4.13e-06;0.0;0;0;0;0.0;0.113;0.113;0.20031588;0.13984244;0.0001;0.0;0.0001
2017-10-26 03:00:00+00:00;5.42e-06;0.0;0;0;0;0.0;0.132;0.132;0.19814497;0.17437979;0.0001;0.0;0.0001
2017-10-26 04:00:00+00:00;7.5e-06;0.0;0;0;0;0.0;0.172;0.172;0.20321983;0.17370259;0.0001;0.0;0.0001
2017-10-26 05:00:00+00:00;4.652e-05;0.0;0;0;0;0.0;0.206;0.206;0.19593177;0.1757342;0.0001;0.0;0.0001
2017-10-26 06:00:00+00:00;0.0003223;0.0;0;0;0;0.029;0.142;0.142;0.25382743;0.17336399;0.0001;0.003;0.0001
2017-10-26 07:00:00+00:00;0.00042573;0.0;0;0;0;0.145;0.041;0.041;0.22817121;0.17844301;0.0001;0.027;0.0001
2017-10-26 08:00:00+00:00;0.00033852;0.0;0;0;0;0.261;0.069;0.069;0.3396348;0.17336399;0.0001;0.06;0.0001
2017-10-26 09:00:00+00:00;6.081e-05;0.0;0;0;0;0.364;0.048;0.048;0.3707324;0.15169349;0.0001;0.099;0.0001
2017-10-26 10:00:00+00:00;1.735e-05;0.0;0;0;0;0.415;0.026;0.026;0.39974366;0.15135489;0.0001;0.105;0.0001
2017-10-26 11:00:00+00:00;1.833e-05;0.0;0;0;0;0.374;0.013;0.013;0.39854544;0.15033909;0.0001;0.058;0.0001
2017-10-26 12:00:00+00:00;1.903e-05;0.0;0;0;0;0.343;0.006;0.006;0.38091031;0.15169349;0.0001;0.04;0.0001
2017-10-26 13:00:00+00:00;1.799e-05;0.0;0;0;0;0.299;0.003;0.003;0.45011162;0.14492146;0.0001;0.028;0.0001
2017-10-26 14:00:00+00:00;1.771e-05;0.0;0;0;0;0.25;0.001;0.001;0.50070512;0.14695307;0.0001;0.02;0.0001
2017-10-26 15:00:00+00:00;1.88e-05;0.0;0;0;0;0.177;0.0;0.0;0.55582371;0.1757342;0.0001;0.011;0.0001
2017-10-26 16:00:00+00:00;2.175e-05;0.0;0;0;0;0.104;0.0;0.0;0.56154702;0.36128784;0.0001;0.005;0.0001
2017-10-26 17:00:00+00:00;4.864e-05;0.0;0;0;0;0.035;0.0;0.0;0.49912628;0.69040854;0.0001;0.001;0.0001
2017-10-26 18:00:00+00:00;0.00036436;0.0;0;0;0;0.0;0.001;0.001;0.75749289;0.85124428;0.0001;0.0;0.0001
2017-10-26 19:00:00+00:00;0.00036947;0.0;0;0;0;0.0;0.007;0.007;0.75038809;0.86174092;0.0001;0.0;0.0001
2017-10-26 20:00:00+00:00;5.318e-05;0.0;0;0;0;0.0;0.027;0.027;0.65481161;0.86614274;0.0001;0.0;0.0001
2017-10-26 21:00:00+00:00;1.755e-05;0.0;0;0;0;0.0;0.054;0.054;0.5452088;0.82686496;0.0001;0.0;0.0001
2017-10-26 22:00:00+00:00;1.102e-05;0.0;0;0;0;0.0;0.06;0.06;0.46253092;0.27291284;0.0001;0.0;0.0001
2017-10-26 23:00:00+00:00;4.6e-07;0.0;0;0;0;0.0;0.047;0.047;0.35101094;0.14187405;0.0001;0.0;0.0001
2017-10-27 00:00:00+00:00;1.32e-06;0.0;0;0;0;0.0;0.032;0.032;0.28564396;0.14492146;0.0001;0.0;0.0001
2017-10-27 01:00:00+00:00;2.99e-06;0.0;0;0;0;0.0;0.023;0.023;0.23943457;0.14390565;0.0001;0.0;0.0001
2017-10-27 02:00:00+00:00;4.15e-06;0.0;0;0;0;0.0;0.016;0.016;0.22903112;0.15981993;0.0001;0.0;0.0001
2017-10-27 03:00:00+00:00;5.52e-06;0.0;0;0;0;0.0;0.01;0.01;0.20598281;0.17200958;0.0001;0.0;0.0001
2017-10-27 04:00:00+00:00;7.55e-06;0.0;0;0;0;0.0;0.006;0.006;0.20116169;0.17336399;0.0001;0.0;0.0001
2017-10-27 05:00:00+00:00;4.83e-05;0.0;0;0;0;0.0;0.006;0.006;0.18495034;0.17234818;0.0001;0.0;0.0001
2017-10-27 06:00:00+00:00;0.00031924;0.0;0;0;0;0.008;0.006;0.006;0.27524051;0.17437979;0.0001;0.0;0.0001
2017-10-27 07:00:00+00:00;0.00042433;0.0;0;0;0;0.055;0.005;0.005;0.26902381;0.17065518;0.0001;0.002;0.0001
2017-10-27 08:00:00+00:00;0.0003379;0.0;0;0;0;0.126;0.001;0.001;0.34576692;0.17336399;0.0001;0.005;0.0001
2017-10-27 09:00:00+00:00;6.118e-05;0.0;0;0;0;0.206;0.0;0.0;0.35748138;0.10395067;0.0001;0.011;0.0001
2017-10-27 10:00:00+00:00;1.82e-05;0.0;0;0;0;0.24;0.0;0.0;0.39324503;0.15000048;0.0001;0.012;0.0001
2017-10-27 11:00:00+00:00;1.761e-05;0.0;0;0;0;0.245;0.0;0.0;0.41575766;0.14593726;0.0001;0.011;0.0001
2017-10-27 12:00:00+00:00;1.823e-05;0.0;0;0;0;0.195;0.0;0.0;0.37088747;0.15507951;0.0001;0.006;0.0001
2017-10-27 13:00:00+00:00;1.925e-05;0.0;0;0;0;0.171;0.001;0.001;0.42432853;0.1544023;0.0001;0.005;0.0001
2017-10-27 14:00:00+00:00;1.906e-05;0.0;0;0;0;0.156;0.001;0.001;0.49536243;0.15101629;0.0001;0.005;0.0001
2017-10-27 15:00:00+00:00;1.947e-05;0.0;0;0;0;0.128;0.003;0.003;0.47788236;0.15203209;0.0001;0.004;0.0001
2017-10-27 16:00:00+00:00;2.104e-05;0.0;0;0;0;0.069;0.006;0.006;0.43312494;0.38532855;0.0001;0.002;0.0001
2017-10-27 17:00:00+00:00;4.707e-05;0.0;0;0;0;0.021;0.016;0.016;0.41611008;0.7022596;0.0001;0.0;0.0001
2017-10-27 18:00:00+00:00;0.00036457;0.0;0;0;0;0.0;0.056;0.056;0.61830084;0.87189897;0.0001;0.0;0.0001
2017-10-27 19:00:00+00:00;0.00036999;0.0;0;0;0;0.0;0.128;0.128;0.67122032;0.86952876;0.0001;0.0;0.0001
2017-10-27 20:00:00+00:00;5.291e-05;0.0;0;0;0;0.0;0.228;0.228;0.59831154;0.86614274;0.0001;0.0;0.0001
2017-10-27 21:00:00+00:00;1.757e-05;0.0;0;0;0;0.0;0.313;0.313;0.50912093;0.8332984;0.0001;0.0;0.0001
2017-10-27 22:00:00+00:00;1.097e-05;0.0;0;0;0;0.0;0.32;0.32;0.44692574;0.27426725;0.0001;0.0;0.0001
2017-10-27 23:00:00+00:00;5.1e-07;0.0;0;0;0;0.0;0.262;0.262;0.40605904;0.14051964;0.0001;0.0;0.0001
2017-10-28 00:00:00+00:00;1.69e-06;0.0;0;0;0;0.0;0.192;0.192;0.224647;0.14051964;0.0001;0.0;0.0001
2017-10-28 01:00:00+00:00;3.66e-06;0.0;0;0;0;0.0;0.145;0.145;0.16538395;0.14424426;0.0001;0.0;0.0001
2017-10-28 02:00:00+00:00;5.02e-06;0.0;0;0;0;0.0;0.113;0.113;0.14890476;0.14593726;0.0001;0.0;0.0001
2017-10-28 03:00:00+00:00;6.82e-06;0.0;0;0;0;0.0;0.074;0.074;0.15244306;0.17099378;0.0001;0.0;0.0001
2017-10-28 04:00:00+00:00;9.2e-06;0.0;0;0;0;0.0;0.039;0.039;0.15950557;0.17200958;0.0001;0.0;0.0001
2017-10-28 05:00:00+00:00;4.943e-05;0.0;0;0;0;0.0;0.021;0.021;0.15605185;0.17133238;0.0001;0.0;0.0001
2017-10-28 06:00:00+00:00;0.00032073;0.0;0;0;0;0.006;0.016;0.016;0.21680917;0.17302539;0.0001;0.0;0.0001
2017-10-28 07:00:00+00:00;0.00042807;0.0;0;0;0;0.056;0.019;0.019;0.28151359;0.17404119;0.0001;0.003;0.0001
2017-10-28 08:00:00+00:00;0.00034009;0.0;0;0;0;0.146;0.078;0.078;0.35619857;0.17675;0.0001;0.01;0.0001
2017-10-28 09:00:00+00:00;6.354e-05;0.0;0;0;0;0.254;0.129;0.129;0.40154806;0.16930077;0.0001;0.028;0.0001
2017-10-28 10:00:00+00:00;2.137e-05;0.0;0;0;0;0.35;0.139;0.139;0.40918854;0.14390565;0.0001;0.059;0.0001
2017-10-28 11:00:00+00:00;2.115e-05;0.0;0;0;0;0.463;0.121;0.121;0.39100363;0.14492146;0.0001;0.138;0.0001
2017-10-28 12:00:00+00:00;1.965e-05;0.0;0;0;0;0.546;0.091;0.091;0.38415258;0.14898468;0.0001;0.264;0.0001
2017-10-28 13:00:00+00:00;2.018e-05;0.0;0;0;0;0.565;0.063;0.063;0.458175;0.14661447;0.0001;0.36;0.0001
2017-10-28 14:00:00+00:00;2.041e-05;0.0;0;0;0;0.557;0.049;0.049;0.47583833;0.15643391;0.0001;0.455;0.0001
2017-10-28 15:00:00+00:00;2.211e-05;0.0;0;0;0;0.483;0.043;0.043;0.48400039;0.15135489;0.0001;0.44;0.0001
2017-10-28 16:00:00+00:00;2.373e-05;0.0;0;0;0;0.318;0.044;0.044;0.4692974;0.38194254;0.0001;0.257;0.0001
2017-10-28 17:00:00+00:00;4.89e-05;0.0;0;0;0;0.121;0.038;0.038;0.41189513;0.7032754;0.0001;0.063;0.0001
2017-10-28 18:00:00+00:00;0.00036578;0.0;0;0;0;0.002;0.058;0.058;0.58263587;0.86512694;0.0001;0.0;0.0001
2017-10-28 19:00:00+00:00;0.00037889;0.0;0;0;0;0.0;0.094;0.094;0.60476789;0.86004792;0.0001;0.0;0.0001
2017-10-28 20:00:00+00:00;5.378e-05;0.0;0;0;0;0.0;0.124;0.124;0.61879423;0.86444974;0.0001;0.0;0.0001
2017-10-28 21:00:00+00:00;1.898e-05;0.0;0;0;0;0.0;0.125;0.125;0.59217942;0.83600721;0.0001;0.0;0.0001
2017-10-28 22:00:00+00:00;1.22e-05;0.0;0;0;0;0.0;0.11;0.11;0.48655191;0.27460585;0.0001;0.0;0.0001
2017-10-28 23:00:00+00:00;1.04e-06;0.0;0;0;0;0.0;0.09;0.09;0.3161354;0.14559866;0.0001;0.0;0.0001
2017-10-29 00:00:00+00:00;1.91e-06;0.0;0;0;0;0.0;0.07;0.07;0.25281246;0.14458286;0.0001;0.0;0.0001
2017-10-29 01:00:00+00:00;3.77e-06;0.0;0;0;0;0.0;0.064;0.064;0.1491726;0.14559866;0.0001;0.0;0.0001
2017-10-29 02:00:00+00:00;5.4e-06;0.0;0;0;0;0.0;0.075;0.075;0.1491585;0.17404119;0.0001;0.0;0.0001
2017-10-29 03:00:00+00:00;6.92e-06;0.0;0;0;0;0.0;0.09;0.09;0.14982106;0.17336399;0.0001;0.0;0.0001
2017-10-29 04:00:00+00:00;9.13e-06;0.0;0;0;0;0.0;0.122;0.122;0.14484488;0.17742721;0.0001;0.0;0.0001
2017-10-29 05:00:00+00:00;5.053e-05;0.0;0;0;0;0.0;0.146;0.146;0.14601491;0.17336399;0.0001;0.0;0.0001
2017-10-29 06:00:00+00:00;0.00032038;0.0;0;0;0;0.041;0.094;0.094;0.21786643;0.17336399;0.0001;0.014;0.0001
2017-10-29 07:00:00+00:00;0.00042932;0.0;0;0;0;0.22;0.073;0.073;0.25386972;0.23634388;0.0001;0.156;0.0001
2017-10-29 08:00:00+00:00;0.000337;0.0;0;0;0;0.422;0.07;0.07;0.28138672;0.23295786;0.0001;0.403;0.0001
2017-10-29 09:00:00+00:00;6.456e-05;0.0;0;0;0;0.59;0.031;0.031;0.38020546;0.23634388;0.0001;0.648;0.0001
2017-10-29 10:00:00+00:00;2.028e-05;0.0;0;0;0;0.696;0.003;0.003;0.44998475;0.14932328;0.0001;0.816;0.0001
2017-10-29 11:00:00+00:00;2.139e-05;0.0;0;0;0;0.747;0.0;0.0;0.3760469;0.14966188;0.0001;0.903;0.0001
2017-10-29 12:00:00+00:00;2.172e-05;0.0;0;0;0;0.755;0.0;0.0;0.35897565;0.15203209;0.0001;0.922;0.0001
2017-10-29 13:00:00+00:00;2.121e-05;0.0;0;0;0;0.716;0.0;0.0;0.46062785;0.15000048;0.0001;0.859;0.0001
2017-10-29 14:00:00+00:00;1.948e-05;0.0;0;0;0;0.623;0.0;0.0;0.44155485;0.15237069;0.0001;0.706;0.0001
2017-10-29 15:00:00+00:00;2.278e-05;0.0;0;0;0;0.489;0.0;0.0;0.43363243;0.1533865;0.0001;0.509;0.0001
2017-10-29 16:00:00+00:00;2.467e-05;0.0;0;0;0;0.314;0.0;0.0;0.42850119;0.35519302;0.0001;0.286;0.0001
2017-10-29 17:00:00+00:00;4.896e-05;0.0;0;0;0;0.116;0.005;0.005;0.41025989;0.70801582;0.0001;0.074;0.0001
2017-10-29 18:00:00+00:00;0.00036695;0.0;0;0;0;0.002;0.053;0.053;0.68115858;0.86444974;0.0001;0.0;0.0001
2017-10-29 19:00:00+00:00;0.00037273;0.0;0;0;0;0.0;0.142;0.142;0.64518348;0.86614274;0.0001;0.0;0.0001
2017-10-29 20:00:00+00:00;5.453e-05;0.0;0;0;0;0.0;0.18;0.18;0.58002796;0.86614274;0.0001;0.0;0.0001
2017-10-29 21:00:00+00:00;1.884e-05;0.0;0;0;0;0.0;0.186;0.186;0.50796499;0.82381755;0.0001;0.0;0.0001
2017-10-29 22:00:00+00:00;1.183e-05;0.0;0;0;0;0.0;0.186;0.186;0.45252218;0.38397415;0.0001;0.0;0.0001
2017-10-29 23:00:00+00:00;1.16e-06;0.0;0;0;0;0.0;0.164;0.164;0.33419343;0.15033909;0.0001;0.0;0.0001
2017-10-30 00:00:00+00:00;1.87e-06;0.0;0;0;0;0.0;0.121;0.121;0.22017831;0.15000048;0.0001;0.0;0.0001
2017-10-30 01:00:00+00:00;4.06e-06;0.0;0;0;0;0.0;0.07;0.07;0.17502618;0.14763027;0.0001;0.0;0.0001
2017-10-30 02:00:00+00:00;5.36e-06;0.0;0;0;0;0.0;0.033;0.033;0.14322374;0.1544023;0.0001;0.0;0.0001
2017-10-30 03:00:00+00:00;6.78e-06;0.0;0;0;0;0.0;0.014;0.014;0.14285722;0.17370259;0.0001;0.0;0.0001
2017-10-30 04:00:00+00:00;9.28e-06;0.0;0;0;0;0.0;0.008;0.008;0.15428975;0.1764114;0.0001;0.0;0.0001
2017-10-30 05:00:00+00:00;5.019e-05;0.0;0;0;0;0.0;0.015;0.015;0.16140864;0.2410843;0.0001;0.0;0.0001
2017-10-30 06:00:00+00:00;0.00032497;0.0;0;0;0;0.051;0.042;0.042;0.15865977;0.23194206;0.0001;0.031;0.0001
2017-10-30 07:00:00+00:00;0.00042661;0.0;0;0;0;0.253;0.035;0.035;0.21499068;0.23769828;0.0001;0.23;0.0001
2017-10-30 08:00:00+00:00;0.00034034;0.0;0;0;0;0.449;0.054;0.054;0.24926006;0.23600527;0.0001;0.47;0.0001
2017-10-30 09:00:00+00:00;6.269e-05;0.0;0;0;0;0.598;0.043;0.043;0.2610732;0.23431227;0.0001;0.682;0.0001
2017-10-30 10:00:00+00:00;1.997e-05;0.0;0;0;0;0.697;0.034;0.034;0.30566146;0.20451533;0.0001;0.842;0.0001
2017-10-30 11:00:00+00:00;2.039e-05;0.0;0;0;0;0.747;0.037;0.037;0.27294272;0.15101629;0.0001;0.932;0.0001
2017-10-30 12:00:00+00:00;2.079e-05;0.0;0;0;0;0.753;0.043;0.043;0.23207603;0.14898468;0.0001;0.947;0.0001
2017-10-30 13:00:00+00:00;2.142e-05;0.0;0;0;0;0.716;0.046;0.046;0.24528475;0.1537251;0.0001;0.886;0.0001
2017-10-30 14:00:00+00:00;2.154e-05;0.0;0;0;0;0.634;0.049;0.049;0.29239634;0.14796887;0.0001;0.755;0.0001
2017-10-30 15:00:00+00:00;2.288e-05;0.0;0;0;0;0.503;0.06;0.06;0.27536738;0.15237069;0.0001;0.562;0.0001
2017-10-30 16:00:00+00:00;2.471e-05;0.0;0;0;0;0.326;0.082;0.082;0.31863053;0.39108478;0.0001;0.328;0.0001
2017-10-30 17:00:00+00:00;4.812e-05;0.0;0;0;0;0.12;0.118;0.118;0.33677315;0.7022596;0.0001;0.092;0.0001
2017-10-30 18:00:00+00:00;0.00035674;0.0;0;0;0;0.002;0.213;0.213;0.49271222;0.85259868;0.0001;0.0;0.0001
2017-10-30 19:00:00+00:00;0.0003781;0.0;0;0;0;0.0;0.31;0.31;0.52672786;0.86546554;0.0001;0.0;0.0001
2017-10-30 20:00:00+00:00;5.435e-05;0.0;0;0;0;0.0;0.36;0.36;0.49436155;0.82246314;0.0001;0.0;0.0001
2017-10-30 21:00:00+00:00;1.887e-05;0.0;0;0;0;0.0;0.456;0.456;0.43759364;0.8339756;0.0001;0.0;0.0001
2017-10-30 22:00:00+00:00;1.204e-05;0.0;0;0;0;0.0;0.48;0.48;0.3485017;0.30507999;0.0001;0.0;0.0001
2017-10-30 23:00:00+00:00;1.27e-06;0.0;0;0;0;0.0;0.415;0.415;0.30162976;0.14322845;0.0001;0.0;0.0001
2017-10-31 00:00:00+00:00;1.86e-06;0.0;0;0;0;0.0;0.319;0.319;0.24057641;0.14356705;0.0001;0.0;0.0001
2017-10-31 01:00:00+00:00;3.98e-06;0.0;0;0;0;0.0;0.185;0.185;0.21967082;0.14085824;0.0001;0.0;0.0001
2017-10-31 02:00:00+00:00;5.36e-06;0.0;0;0;0;0.0;0.162;0.162;0.19462077;0.15000048;0.0001;0.0;0.0001
2017-10-31 03:00:00+00:00;6.76e-06;0.0;0;0;0;0.0;0.239;0.239;0.17791603;0.17404119;0.0001;0.0;0.0001
2017-10-31 04:00:00+00:00;9.14e-06;0.0;0;0;0;0.0;0.297;0.297;0.1736024;0.175057;0.0001;0.0;0.0001
2017-10-31 05:00:00+00:00;4.938e-05;0.0;0;0;0;0.0;0.239;0.239;0.15949148;0.18182903;0.0001;0.0;0.0001
2017-10-31 06:00:00+00:00;0.00032627;0.0;0;0;0;0.05;0.138;0.138;0.18129927;0.17437979;0.0001;0.029;0.0001
2017-10-31 07:00:00+00:00;0.00042836;0.0;0;0;0;0.245;0.196;0.196;0.24009712;0.23363506;0.0001;0.218;0.0001
2017-10-31 08:00:00+00:00;0.00033961;0.0;0;0;0;0.434;0.31;0.31;0.24067509;0.23532807;0.0001;0.452;0.0001
2017-10-31 09:00:00+00:00;6.268e-05;0.0;0;0;0;0.579;0.202;0.202;0.21869814;0.2407457;0.0001;0.66;0.0001
2017-10-31 10:00:00+00:00;2.095e-05;0.0;0;0;0;0.678;0.096;0.096;0.21892369;0.15812692;0.0001;0.815;0.0001
2017-10-31 11:00:00+00:00;2.06e-05;0.0;0;0;0;0.728;0.037;0.037;0.2193325;0.15067769;0.0001;0.904;0.0001
2017-10-31 12:00:00+00:00;2.152e-05;0.0;0;0;0;0.734;0.019;0.019;0.1993714;0.14898468;0.0001;0.918;0.0001
2017-10-31 13:00:00+00:00;2.09e-05;0.0;0;0;0;0.696;0.016;0.016;0.19814497;0.15203209;0.0001;0.855;0.0001
2017-10-31 14:00:00+00:00;2.042e-05;0.0;0;0;0;0.609;0.013;0.013;0.25742212;0.16760776;0.0001;0.709;0.0001
2017-10-31 15:00:00+00:00;2.169e-05;0.0;0;0;0;0.481;0.012;0.012;0.26131284;0.34977539;0.0001;0.519;0.0001
2017-10-31 16:00:00+00:00;2.39e-05;0.0;0;0;0;0.308;0.015;0.015;0.2757057;0.38295834;0.0001;0.291;0.0001
2017-10-31 17:00:00+00:00;4.93e-05;0.0;0;0;0;0.114;0.019;0.019;0.26810751;0.69853498;0.0001;0.075;0.0001
2017-10-31 18:00:00+00:00;0.00035871;0.0;0;0;0;0.002;0.105;0.105;0.43944032;0.8332984;0.0001;0.0;0.0001
2017-10-31 19:00:00+00:00;0.00037659;0.0;0;0;0;0.0;0.36;0.36;0.43491524;0.86207953;0.0001;0.0;0.0001
2017-10-31 20:00:00+00:00;5.305e-05;0.0;0;0;0;0.0;0.538;0.538;0.41811183;0.86174092;0.0001;0.0;0.0001
2017-10-31 21:00:00+00:00;1.901e-05;0.0;0;0;0;0.0;0.611;0.611;0.34992548;0.81806132;0.0001;0.0;0.0001
2017-10-31 22:00:00+00:00;1.2e-05;0.0;0;0;0;0.0;0.551;0.551;0.28750474;0.29763076;0.0001;0.0;0.0001
2017-10-31 23:00:00+00:00;1.11e-06;0.0;0;0;0;0.0;0.362;0.362;0.24545391;0.14424426;0.0001;0.0;0.0001
2017-11-01 00:00:00+00:00;1.9e-06;0.0;0;0;0;0.0;0.238;0.238;0.67963612;0.36501246;0.0001;0.0;0.0001
2017-11-01 01:00:00+00:00;3.79e-06;0.0;0;0;0;0.0;0.176;0.176;0.67212252;0.36331945;0.0001;0.0;0.0001
2017-11-01 02:00:00+00:00;5.42e-06;0.0;0;0;0;0.0;0.195;0.195;0.65908295;0.38600576;0.0001;0.0;0.0001
2017-11-01 03:00:00+00:00;6.77e-06;0.0;0;0;0;0.0;0.173;0.173;0.64215267;0.38702156;0.0001;0.0;0.0001
2017-11-01 04:00:00+00:00;8.97e-06;0.0;0;0;0;0.0;0.17;0.17;0.64849624;0.38126534;0.0001;0.0;0.0001
2017-11-01 05:00:00+00:00;5.085e-05;0.0;0;0;0;0.0;0.165;0.165;0.6131414;0.38769877;0.0001;0.0;0.0001
2017-11-01 06:00:00+00:00;0.00032527;0.0;0;0;0;0.031;0.136;0.136;0.66257897;0.38498995;0.0001;0.005;0.0001
2017-11-01 07:00:00+00:00;0.0004253;0.0;0;0;0;0.177;0.16;0.16;0.6695428;0.45643488;0.0001;0.067;0.0001
2017-11-01 08:00:00+00:00;0.00033211;0.0;0;0;0;0.369;0.285;0.285;0.67513924;0.4828458;0.0001;0.268;0.0001
2017-11-01 09:00:00+00:00;6.198e-05;0.0;0;0;0;0.562;0.313;0.313;0.680637;0.45203306;0.0001;0.58;0.0001
2017-11-01 10:00:00+00:00;2.136e-05;0.0;0;0;0;0.656;0.313;0.313;0.66266355;0.45372607;0.0001;0.725;0.0001
2017-11-01 11:00:00+00:00;2.151e-05;0.0;0;0;0;0.683;0.283;0.283;0.66802034;0.45203306;0.0001;0.739;0.0001
2017-11-01 12:00:00+00:00;2.241e-05;0.0;0;0;0;0.644;0.235;0.235;0.68076387;0.4161413;0.0001;0.607;0.0001
2017-11-01 13:00:00+00:00;2.148e-05;0.0;0;0;0;0.529;0.19;0.19;0.69555144;0.40767626;0.0001;0.332;0.0001
2017-11-01 14:00:00+00:00;2.019e-05;0.0;0;0;0;0.361;0.143;0.143;0.7170209;0.41580269;0.0001;0.104;0.0001
2017-11-01 15:00:00+00:00;2.098e-05;0.0;0;0;0;0.24;0.1;0.1;0.67776125;0.40530605;0.0001;0.041;0.0001
2017-11-01 16:00:00+00:00;2.312e-05;0.0;0;0;0;0.175;0.057;0.057;0.69581928;0.40699905;0.0001;0.032;0.0001
2017-11-01 17:00:00+00:00;5.051e-05;0.0;0;0;0;0.072;0.034;0.034;0.65350061;0.67347847;0.0001;0.009;0.0001
2017-11-01 18:00:00+00:00;0.00036821;0.0;0;0;0;0.002;0.046;0.046;0.70653287;0.87697799;0.0001;0.0;0.0001
2017-11-01 19:00:00+00:00;0.00037632;0.0;0;0;0;0.0;0.064;0.064;0.89135634;0.86919016;0.0001;0.0;0.0001
2017-11-01 20:00:00+00:00;5.377e-05;0.0;0;0;0;0.0;0.074;0.074;0.83011973;0.8576777;0.0001;0.0;0.0001
2017-11-01 21:00:00+00:00;1.905e-05;0.0;0;0;0;0.0;0.081;0.081;0.72071427;0.85259868;0.0001;0.0;0.0001
2017-11-01 22:00:00+00:00;1.242e-05;0.0;0;0;0;0.0;0.126;0.126;0.70477076;0.3077888;0.0001;0.0;0.0001
2017-11-01 23:00:00+00:00;1.17e-06;0.0;0;0;0;0.0;0.251;0.251;0.67347581;0.18792386;0.0001;0.0;0.0001
2017-11-02 00:00:00+00:00;1.33e-06;0.0;0;0;0;0.0;0.377;0.377;0.67592866;0.39684101;0.0001;0.0;0.0001
2017-11-02 01:00:00+00:00;2.92e-06;0.0;0;0;0;0.0;0.443;0.443;0.62719593;0.41241668;0.0001;0.0;0.0001
2017-11-02 02:00:00+00:00;4.13e-06;0.0;0;0;0;0.0;0.478;0.478;0.59116445;0.41309388;0.0001;0.0;0.0001
2017-11-02 03:00:00+00:00;5.47e-06;0.0;0;0;0;0.0;0.562;0.562;0.5856244;0.41918871;0.0001;0.0;0.0001
2017-11-02 04:00:00+00:00;7.47e-06;0.0;0;0;0;0.0;0.515;0.515;0.59607014;0.42088171;0.0001;0.0;0.0001
2017-11-02 05:00:00+00:00;4.878e-05;0.0;0;0;0;0.0;0.425;0.425;0.66388997;0.41918871;0.0001;0.0;0.0001
2017-11-02 06:00:00+00:00;0.00032068;0.0;0;0;0;0.032;0.319;0.319;0.66522917;0.38702156;0.0001;0.004;0.0001
2017-11-02 07:00:00+00:00;0.00041906;0.0;0;0;0;0.155;0.12;0.12;0.69545276;0.41952731;0.0001;0.038;0.0001
2017-11-02 08:00:00+00:00;0.00033178;0.0;0;0;0;0.312;0.145;0.145;0.69046248;0.41478689;0.0001;0.135;0.0001
2017-11-02 09:00:00+00:00;6.337e-05;0.0;0;0;0;0.471;0.246;0.246;0.69164662;0.42122032;0.0001;0.312;0.0001
2017-11-02 10:00:00+00:00;1.865e-05;0.0;0;0;0;0.541;0.249;0.249;0.68886954;0.49097224;0.0001;0.362;0.0001
2017-11-02 11:00:00+00:00;1.917e-05;0.0;0;0;0;0.506;0.169;0.169;0.69477611;0.52212358;0.0001;0.232;0.0001
2017-11-02 12:00:00+00:00;1.927e-05;0.0;0;0;0;0.472;0.103;0.103;0.6682036;0.52280078;0.0001;0.164;0.0001
2017-11-02 13:00:00+00:00;1.855e-05;0.0;0;0;0;0.417;0.073;0.073;0.68162378;0.55090471;0.0001;0.114;0.0001
2017-11-02 14:00:00+00:00;1.822e-05;0.0;0;0;0;0.346;0.036;0.036;0.69968181;0.55124331;0.0001;0.075;0.0001
2017-11-02 15:00:00+00:00;1.979e-05;0.0;0;0;0;0.247;0.007;0.007;0.68658586;0.55530653;0.0001;0.038;0.0001
2017-11-02 16:00:00+00:00;2.166e-05;0.0;0;0;0;0.15;0.0;0.0;0.69844129;0.55496793;0.0001;0.016;0.0001
2017-11-02 17:00:00+00:00;4.602e-05;0.0;0;0;0;0.053;0.002;0.002;0.69597434;0.77675194;0.0001;0.003;0.0001
2017-11-02 18:00:00+00:00;0.00036085;0.0;0;0;0;0.001;0.008;0.008;0.74793524;0.88476583;0.0001;0.0;0.0001
2017-11-02 19:00:00+00:00;0.00037814;0.0;0;0;0;0.0;0.038;0.038;0.8209427;0.8773166;0.0001;0.0;0.0001
2017-11-02 20:00:00+00:00;5.303e-05;0.0;0;0;0;0.0;0.114;0.114;0.76712102;0.87257617;0.0001;0.0;0.0001
2017-11-02 21:00:00+00:00;1.742e-05;0.0;0;0;0;0.0;0.235;0.235;0.70603948;0.86952876;0.0001;0.0;0.0001
2017-11-02 22:00:00+00:00;1.103e-05;0.0;0;0;0;0.0;0.34;0.34;0.68213126;0.5918755;0.0001;0.0;0.0001
2017-11-02 23:00:00+00:00;4.7e-07;0.0;0;0;0;0.0;0.361;0.361;0.70830906;0.42731515;0.0001;0.0;0.0001
2017-11-03 00:00:00+00:00;1.35e-06;0.0;0;0;0;0.0;0.28;0.28;0.65430413;0.22754024;0.0001;0.0;0.0001
2017-11-03 01:00:00+00:00;2.9e-06;0.0;0;0;0;0.0;0.188;0.188;0.65953405;0.24480891;0.0001;0.0;0.0001
2017-11-03 02:00:00+00:00;4.18e-06;0.0;0;0;0;0.0;0.145;0.145;0.62464441;0.24616332;0.0001;0.0;0.0001
2017-11-03 03:00:00+00:00;5.44e-06;0.0;0;0;0;0.0;0.14;0.14;0.59965074;0.24548612;0.0001;0.0;0.0001
2017-11-03 04:00:00+00:00;7.54e-06;0.0;0;0;0;0.0;0.106;0.106;0.5976208;0.24548612;0.0001;0.0;0.0001
2017-11-03 05:00:00+00:00;4.866e-05;0.0;0;0;0;0.0;0.095;0.095;0.6548539;0.24751773;0.0001;0.0;0.0001
2017-11-03 06:00:00+00:00;0.00032155;0.0;0;0;0;0.009;0.076;0.076;0.68736118;0.23871409;0.0001;0.0;0.0001
2017-11-03 07:00:00+00:00;0.00042344;0.0;0;0;0;0.06;0.058;0.058;0.63212982;0.24751773;0.0001;0.002;0.0001
2017-11-03 08:00:00+00:00;0.00034593;0.0;0;0;0;0.112;0.17;0.17;0.6428857;0.25022654;0.0001;0.004;0.0001
2017-11-03 09:00:00+00:00;6.284e-05;0.0;0;0;0;0.16;0.211;0.211;0.61476253;0.24751773;0.0001;0.006;0.0001
2017-11-03 10:00:00+00:00;1.907e-05;0.0;0;0;0;0.206;0.151;0.151;0.5594325;0.25022654;0.0001;0.008;0.0001
2017-11-03 11:00:00+00:00;1.806e-05;0.0;0;0;0;0.237;0.101;0.101;0.54044407;0.24582472;0.0001;0.01;0.0001
2017-11-03 12:00:00+00:00;1.807e-05;0.0;0;0;0;0.225;0.077;0.077;0.48065944;0.22246121;0.0001;0.009;0.0001
2017-11-03 13:00:00+00:00;1.785e-05;0.0;0;0;0;0.205;0.069;0.069;0.5696386;0.22584723;0.0001;0.007;0.0001
2017-11-03 14:00:00+00:00;1.781e-05;0.0;0;0;0;0.171;0.065;0.065;0.67499827;0.2851025;0.0001;0.006;0.0001
2017-11-03 15:00:00+00:00;1.933e-05;0.0;0;0;0;0.12;0.076;0.076;0.66133844;0.49842147;0.0001;0.003;0.0001
2017-11-03 16:00:00+00:00;2.198e-05;0.0;0;0;0;0.064;0.096;0.096;0.6704168;0.49503546;0.0001;0.001;0.0001
2017-11-03 17:00:00+00:00;4.561e-05;0.0;0;0;0;0.021;0.103;0.103;0.62852104;0.74560059;0.0001;0.0;0.0001
2017-11-03 18:00:00+00:00;0.00036195;0.0;0;0;0;0.0;0.125;0.125;0.74535552;0.87460778;0.0001;0.0;0.0001
2017-11-03 19:00:00+00:00;0.00036751;0.0;0;0;0;0.0;0.136;0.136;0.86255652;0.87528499;0.0001;0.0;0.0001
2017-11-03 20:00:00+00:00;5.131e-05;0.0;0;0;0;0.0;0.101;0.101;0.80330757;0.87054456;0.0001;0.0;0.0001
2017-11-03 21:00:00+00:00;1.754e-05;0.0;0;0;0;0.0;0.066;0.066;0.69865274;0.86648134;0.0001;0.0;0.0001
2017-11-03 22:00:00+00:00;1.104e-05;0.0;0;0;0;0.0;0.044;0.044;0.70175404;0.34977539;0.0001;0.0;0.0001
2017-11-03 23:00:00+00:00;5.2e-07;0.0;0;0;0;0.0;0.032;0.032;0.69322546;0.22923324;0.0001;0.0;0.0001
2017-11-04 00:00:00+00:00;1.76e-06;0.0;0;0;0;0.0;0.038;0.038;0.66370671;0.22821744;0.0001;0.0;0.0001
2017-11-04 01:00:00+00:00;3.73e-06;0.0;0;0;0;0.0;0.042;0.042;0.63055098;0.22415422;0.0001;0.0;0.0001
2017-11-04 02:00:00+00:00;5.43e-06;0.0;0;0;0;0.0;0.054;0.054;0.60151152;0.22483142;0.0001;0.0;0.0001
2017-11-04 03:00:00+00:00;6.8e-06;0.0;0;0;0;0.0;0.061;0.061;0.59998906;0.22584723;0.0001;0.0;0.0001
2017-11-04 04:00:00+00:00;8.91e-06;0.0;0;0;0;0.0;0.071;0.071;0.60189213;0.25158095;0.0001;0.0;0.0001
2017-11-04 05:00:00+00:00;4.988e-05;0.0;0;0;0;0.0;0.095;0.095;0.60265336;0.25665997;0.0001;0.0;0.0001
2017-11-04 06:00:00+00:00;0.00032102;0.0;0;0;0;0.047;0.086;0.086;0.54468722;0.25801438;0.0001;0.016;0.0001
2017-11-04 07:00:00+00:00;0.00042093;0.0;0;0;0;0.23;0.218;0.218;0.56292851;0.25462836;0.0001;0.161;0.0001
2017-11-04 08:00:00+00:00;0.00033851;0.0;0;0;0;0.424;0.446;0.446;0.61504447;0.25462836;0.0001;0.379;0.0001
2017-11-04 09:00:00+00:00;6.436e-05;0.0;0;0;0;0.568;0.465;0.465;0.65300722;0.25124234;0.0001;0.562;0.0001
2017-11-04 10:00:00+00:00;1.994e-05;0.0;0;0;0;0.661;0.479;0.479;0.65548826;0.2424387;0.0001;0.694;0.0001
2017-11-04 11:00:00+00:00;2.157e-05;0.0;0;0;0;0.709;0.509;0.509;0.66276222;0.24548612;0.0001;0.77;0.0001
2017-11-04 12:00:00+00:00;2.2e-05;0.0;0;0;0;0.704;0.515;0.515;0.6952977;0.45643488;0.0001;0.756;0.0001
2017-11-04 13:00:00+00:00;2.121e-05;0.0;0;0;0;0.669;0.489;0.489;0.68300526;0.45846649;0.0001;0.706;0.0001
2017-11-04 14:00:00+00:00;2.093e-05;0.0;0;0;0;0.56;0.45;0.45;0.68317443;0.45948229;0.0001;0.508;0.0001
2017-11-04 15:00:00+00:00;2.265e-05;0.0;0;0;0;0.359;0.394;0.394;0.69418405;0.46286831;0.0001;0.185;0.0001
2017-11-04 16:00:00+00:00;2.409e-05;0.0;0;0;0;0.221;0.263;0.263;0.68652947;0.45474187;0.0001;0.078;0.0001
2017-11-04 17:00:00+00:00;4.851e-05;0.0;0;0;0;0.09;0.144;0.144;0.70155669;0.73916717;0.0001;0.02;0.0001
2017-11-04 18:00:00+00:00;0.00036558;0.0;0;0;0;0.003;0.128;0.128;0.74552468;0.84481085;0.0001;0.0;0.0001
2017-11-04 19:00:00+00:00;0.00037516;0.0;0;0;0;0.0;0.176;0.176;0.75267177;0.8793482;0.0001;0.0;0.0001
2017-11-04 20:00:00+00:00;5.424e-05;0.0;0;0;0;0.0;0.203;0.203;0.75144535;0.87291477;0.0001;0.0;0.0001
2017-11-04 21:00:00+00:00;1.894e-05;0.0;0;0;0;0.0;0.169;0.169;0.70660335;0.8566619;0.0001;0.0;0.0001
2017-11-04 22:00:00+00:00;1.235e-05;0.0;0;0;0;0.0;0.14;0.14;0.68655766;0.36298085;0.0001;0.0;0.0001
2017-11-04 23:00:00+00:00;1.06e-06;0.0;0;0;0;0.0;0.115;0.115;0.6717419;0.23905269;0.0001;0.0;0.0001
2017-11-05 00:00:00+00:00;1.92e-06;0.0;0;0;0;0.0;0.101;0.101;0.39717804;0.14458286;0.0001;0.0;0.0001
2017-11-05 01:00:00+00:00;4.1e-06;0.0;0;0;0;0.0;0.14;0.14;0.38412438;0.14390565;0.0001;0.0;0.0001
2017-11-05 02:00:00+00:00;5.59e-06;0.0;0;0;0;0.0;0.243;0.243;0.37238173;0.14255125;0.0001;0.0;0.0001
2017-11-05 03:00:00+00:00;7.15e-06;0.0;0;0;0;0.0;0.339;0.339;0.36472715;0.14492146;0.0001;0.0;0.0001
2017-11-05 04:00:00+00:00;9.11e-06;0.0;0;0;0;0.0;0.322;0.322;0.36780026;0.14763027;0.0001;0.0;0.0001
2017-11-05 05:00:00+00:00;5.05e-05;0.0;0;0;0;0.0;0.315;0.315;0.43958129;0.13374761;0.0001;0.0;0.0001
2017-11-05 06:00:00+00:00;0.00032335;0.0;0;0;0;0.039;0.183;0.183;0.49640559;0.1320546;0.0001;0.007;0.0001
2017-11-05 07:00:00+00:00;0.00043157;0.0;0;0;0;0.185;0.258;0.258;0.50707689;0.17878161;0.0001;0.069;0.0001
2017-11-05 08:00:00+00:00;0.00033421;0.0;0;0;0;0.301;0.734;0.734;0.53755423;0.17437979;0.0001;0.117;0.0001
2017-11-05 09:00:00+00:00;6.278e-05;0.0;0;0;0;0.383;0.847;0.847;0.48500126;0.17268679;0.0001;0.142;0.0001
2017-11-05 10:00:00+00:00;2.103e-05;0.0;0;0;0;0.453;0.86;0.86;0.46343312;0.14796887;0.0001;0.178;0.0001
2017-11-05 11:00:00+00:00;2.145e-05;0.0;0;0;0;0.505;0.841;0.841;0.4595142;0.14322845;0.0001;0.224;0.0001
2017-11-05 12:00:00+00:00;2.139e-05;0.0;0;0;0;0.542;0.798;0.798;0.40973831;0.1544023;0.0001;0.285;0.0001
2017-11-05 13:00:00+00:00;2.11e-05;0.0;0;0;0;0.524;0.736;0.736;0.41481317;0.16726916;0.0001;0.291;0.0001
2017-11-05 14:00:00+00:00;2.112e-05;0.0;0;0;0;0.48;0.674;0.674;0.46270008;0.17776581;0.0001;0.284;0.0001
2017-11-05 15:00:00+00:00;2.257e-05;0.0;0;0;0;0.387;0.64;0.64;0.5078945;0.39345499;0.0001;0.227;0.0001
2017-11-05 16:00:00+00:00;2.472e-05;0.0;0;0;0;0.296;0.611;0.611;0.48212551;0.39954982;0.0001;0.211;0.0001
2017-11-05 17:00:00+00:00;4.984e-05;0.0;0;0;0;0.119;0.503;0.503;0.62078188;0.68566812;0.0001;0.062;0.0001
2017-11-05 18:00:00+00:00;0.0003603;0.0;0;0;0;0.004;0.47;0.47;0.8306836;0.81772272;0.0001;0.0;0.0001
2017-11-05 19:00:00+00:00;0.00037491;0.0;0;0;0;0.0;0.45;0.45;0.77033509;0.81738412;0.0001;0.0;0.0001
2017-11-05 20:00:00+00:00;5.326e-05;0.0;0;0;0;0.0;0.367;0.367;0.66989522;0.81636832;0.0001;0.0;0.0001
2017-11-05 21:00:00+00:00;1.853e-05;0.0;0;0;0;0.0;0.313;0.313;0.58555391;0.78623278;0.0001;0.0;0.0001
2017-11-05 22:00:00+00:00;1.203e-05;0.0;0;0;0;0.0;0.245;0.245;0.54406696;0.50756371;0.0001;0.0;0.0001
2017-11-05 23:00:00+00:00;1.16e-06;0.0;0;0;0;0.0;0.183;0.183;0.47497842;0.14119684;0.0001;0.0;0.0001
2017-11-06 00:00:00+00:00;1.71e-06;0.0;0;0;0;0.0;0.112;0.112;0.35879239;0.19977491;0.0001;0.0;0.0001
2017-11-06 01:00:00+00:00;3.67e-06;0.0;0;0;0;0.0;0.039;0.039;0.31715037;0.19537309;0.0001;0.0;0.0001
2017-11-06 02:00:00+00:00;5.63e-06;0.0;0;0;0;0.0;0.011;0.011;0.31410545;0.19571169;0.0001;0.0;0.0001
2017-11-06 03:00:00+00:00;6.83e-06;0.0;0;0;0;0.0;0.01;0.01;0.32858289;0.19503449;0.0001;0.0;0.0001
2017-11-06 04:00:00+00:00;8.87e-06;0.0;0;0;0;0.0;0.02;0.02;0.34351143;0.20654694;0.0001;0.0;0.0001
2017-11-06 05:00:00+00:00;4.868e-05;0.0;0;0;0;0.0;0.04;0.04;0.37184605;0.20790135;0.0001;0.0;0.0001
2017-11-06 06:00:00+00:00;0.00032552;0.0;0;0;0;0.043;0.067;0.067;0.39698069;0.21061016;0.0001;0.011;0.0001
2017-11-06 07:00:00+00:00;0.00042308;0.0;0;0;0;0.2;0.121;0.121;0.45947191;0.25327395;0.0001;0.101;0.0001
2017-11-06 08:00:00+00:00;0.00034106;0.0;0;0;0;0.328;0.128;0.128;0.46244634;0.25395116;0.0001;0.178;0.0001
2017-11-06 09:00:00+00:00;6.423e-05;0.0;0;0;0;0.402;0.086;0.086;0.47867179;0.25259675;0.0001;0.195;0.0001
2017-11-06 10:00:00+00:00;2.085e-05;0.0;0;0;0;0.479;0.061;0.061;0.47844624;0.21094876;0.0001;0.258;0.0001
2017-11-06 11:00:00+00:00;2.036e-05;0.0;0;0;0;0.595;0.053;0.053;0.46391241;0.21162596;0.0001;0.468;0.0001
2017-11-06 12:00:00+00:00;2.177e-05;0.0;0;0;0;0.636;0.065;0.065;0.40848369;0.19435728;0.0001;0.582;0.0001
2017-11-06 13:00:00+00:00;2.08e-05;0.0;0;0;0;0.619;0.086;0.086;0.48442329;0.20180652;0.0001;0.584;0.0001
2017-11-06 14:00:00+00:00;2.035e-05;0.0;0;0;0;0.532;0.084;0.084;0.46880401;0.22821744;0.0001;0.454;0.0001
2017-11-06 15:00:00+00:00;2.242e-05;0.0;0;0;0;0.422;0.067;0.067;0.45968336;0.45778928;0.0001;0.326;0.0001
2017-11-06 16:00:00+00:00;2.424e-05;0.0;0;0;0;0.267;0.063;0.063;0.46567452;0.47607377;0.0001;0.159;0.0001
2017-11-06 17:00:00+00:00;4.912e-05;0.0;0;0;0;0.103;0.074;0.074;0.52971639;0.75203402;0.0001;0.034;0.0001
2017-11-06 18:00:00+00:00;0.00036279;0.0;0;0;0;0.003;0.121;0.121;0.69536818;0.88612024;0.0001;0.0;0.0001
2017-11-06 19:00:00+00:00;0.00037843;0.0;0;0;0;0.0;0.207;0.207;0.62598361;0.88882905;0.0001;0.0;0.0001
2017-11-06 20:00:00+00:00;5.368e-05;0.0;0;0;0;0.0;0.235;0.235;0.54705548;0.88679744;0.0001;0.0;0.0001
2017-11-06 21:00:00+00:00;1.886e-05;0.0;0;0;0;0.0;0.222;0.222;0.42049419;0.8556461;0.0001;0.0;0.0001
2017-11-06 22:00:00+00:00;1.226e-05;0.0;0;0;0;0.0;0.209;0.209;0.44428963;0.3287821;0.0001;0.0;0.0001
2017-11-06 23:00:00+00:00;1.19e-06;0.0;0;0;0;0.0;0.197;0.197;0.41427749;0.19977491;0.0001;0.0;0.0001
2017-11-07 00:00:00+00:00;1.79e-06;0.0;0;0;0;0.0;0.238;0.238;0.3143169;0.17844301;0.0001;0.0;0.0001
2017-11-07 01:00:00+00:00;4.26e-06;0.0;0;0;0;0.0;0.301;0.301;0.26145381;0.17844301;0.0001;0.0;0.0001
2017-11-07 02:00:00+00:00;5.38e-06;0.0;0;0;0;0.0;0.407;0.407;0.24074558;0.17945882;0.0001;0.0;0.0001
2017-11-07 03:00:00+00:00;6.86e-06;0.0;0;0;0;0.0;0.408;0.408;0.23550156;0.17878161;0.0001;0.0;0.0001
2017-11-07 04:00:00+00:00;8.98e-06;0.0;0;0;0;0.0;0.36;0.36;0.22226464;0.21602778;0.0001;0.0;0.0001
2017-11-07 05:00:00+00:00;5.015e-05;0.0;0;0;0;0.0;0.288;0.288;0.24721602;0.21501198;0.0001;0.0;0.0001
2017-11-07 06:00:00+00:00;0.00032211;0.0;0;0;0;0.042;0.184;0.184;0.20144363;0.21568918;0.0001;0.012;0.0001
2017-11-07 07:00:00+00:00;0.00042527;0.0;0;0;0;0.211;0.107;0.107;0.25487059;0.25428976;0.0001;0.137;0.0001
2017-11-07 08:00:00+00:00;0.00034234;0.0;0;0;0;0.394;0.194;0.194;0.28175324;0.25462836;0.0001;0.355;0.0001
2017-11-07 09:00:00+00:00;6.315e-05;0.0;0;0;0;0.541;0.12;0.12;0.31438739;0.25462836;0.0001;0.565;0.0001
2017-11-07 10:00:00+00:00;2.036e-05;0.0;0;0;0;0.639;0.021;0.021;0.3285688;0.14356705;0.0001;0.72;0.0001
2017-11-07 11:00:00+00:00;2.058e-05;0.0;0;0;0;0.696;0.004;0.004;0.33426391;0.220091;0.0001;0.821;0.0001
2017-11-07 12:00:00+00:00;2.232e-05;0.0;0;0;0;0.702;0.004;0.004;0.29476461;0.22144541;0.0001;0.835;0.0001
2017-11-07 13:00:00+00:00;2.125e-05;0.0;0;0;0;0.661;0.006;0.006;0.30358922;0.18419924;0.0001;0.762;0.0001
2017-11-07 14:00:00+00:00;1.935e-05;0.0;0;0;0;0.573;0.008;0.008;0.31898295;0.18419924;0.0001;0.612;0.0001
2017-11-07 15:00:00+00:00;2.127e-05;0.0;0;0;0;0.438;0.015;0.015;0.35136336;0.18386064;0.0001;0.403;0.0001
2017-11-07 16:00:00+00:00;2.392e-05;0.0;0;0;0;0.262;0.035;0.035;0.34073435;0.39819541;0.0001;0.168;0.0001
2017-11-07 17:00:00+00:00;5.03e-05;0.0;0;0;0;0.093;0.078;0.078;0.40841321;0.69277875;0.0001;0.026;0.0001
2017-11-07 18:00:00+00:00;0.00036405;0.0;0;0;0;0.003;0.169;0.169;0.62124707;0.84345644;0.0001;0.0;0.0001
2017-11-07 19:00:00+00:00;0.00037287;0.0;0;0;0;0.0;0.252;0.252;0.59213713;0.87156037;0.0001;0.0;0.0001
2017-11-07 20:00:00+00:00;5.462e-05;0.0;0;0;0;0.0;0.249;0.249;0.56115231;0.85124428;0.0001;0.0;0.0001
2017-11-07 21:00:00+00:00;1.902e-05;0.0;0;0;0;0.0;0.211;0.211;0.46625248;0.85056707;0.0001;0.0;0.0001
2017-11-07 22:00:00+00:00;1.197e-05;0.0;0;0;0;0.0;0.195;0.195;0.34501979;0.32167146;0.0001;0.0;0.0001
2017-11-07 23:00:00+00:00;1.15e-06;0.0;0;0;0;0.0;0.209;0.209;0.34420217;0.17810441;0.0001;0.0;0.0001
2017-11-08 00:00:00+00:00;1.82e-06;0.0;0;0;0;0.0;0.236;0.236;0.27149075;0.17099378;0.0001;0.0;0.0001
2017-11-08 01:00:00+00:00;3.84e-06;0.0;0;0;0;0.0;0.222;0.222;0.20764623;0.17099378;0.0001;0.0;0.0001
2017-11-08 02:00:00+00:00;5.02e-06;0.0;0;0;0;0.0;0.174;0.174;0.18774151;0.17268679;0.0001;0.0;0.0001
2017-11-08 03:00:00+00:00;6.39e-06;0.0;0;0;0;0.0;0.125;0.125;0.18172217;0.175057;0.0001;0.0;0.0001
2017-11-08 04:00:00+00:00;8.88e-06;0.0;0;0;0;0.0;0.094;0.094;0.19426834;0.19232568;0.0001;0.0;0.0001
2017-11-08 05:00:00+00:00;4.995e-05;0.0;0;0;0;0.0;0.076;0.076;0.24322662;0.19266428;0.0001;0.0;0.0001
2017-11-08 06:00:00+00:00;0.00032152;0.0;0;0;0;0.047;0.04;0.04;0.21876863;0.21738219;0.0001;0.013;0.0001
2017-11-08 07:00:00+00:00;0.00042285;0.0;0;0;0;0.229;0.044;0.044;0.32125254;0.25665997;0.0001;0.157;0.0001
2017-11-08 08:00:00+00:00;0.00034185;0.0;0;0;0;0.4;0.043;0.043;0.36547428;0.25530556;0.0001;0.34;0.0001
2017-11-08 09:00:00+00:00;6.505e-05;0.0;0;0;0;0.505;0.013;0.013;0.36426196;0.25564416;0.0001;0.422;0.0001
2017-11-08 10:00:00+00:00;1.986e-05;0.0;0;0;0;0.537;0.007;0.007;0.37641342;0.25124234;0.0001;0.372;0.0001
2017-11-08 11:00:00+00:00;2.151e-05;0.0;0;0;0;0.512;0.006;0.006;0.33292471;0.19401868;0.0001;0.247;0.0001
2017-11-08 12:00:00+00:00;2.075e-05;0.0;0;0;0;0.434;0.005;0.005;0.29021134;0.1764114;0.0001;0.12;0.0001
2017-11-08 13:00:00+00:00;2.042e-05;0.0;0;0;0;0.351;0.005;0.005;0.29219899;0.17844301;0.0001;0.059;0.0001
2017-11-08 14:00:00+00:00;2.088e-05;0.0;0;0;0;0.259;0.005;0.005;0.35201181;0.21094876;0.0001;0.028;0.0001
2017-11-08 15:00:00+00:00;2.278e-05;0.0;0;0;0;0.173;0.003;0.003;0.38549177;0.22550863;0.0001;0.013;0.0001
2017-11-08 16:00:00+00:00;2.463e-05;0.0;0;0;0;0.112;0.001;0.001;0.43171526;0.22855604;0.0001;0.007;0.0001
2017-11-08 17:00:00+00:00;4.742e-05;0.0;0;0;0;0.046;0.002;0.002;0.49285319;0.52483239;0.0001;0.002;0.0001
2017-11-08 18:00:00+00:00;0.00036894;0.0;0;0;0;0.001;0.038;0.038;0.69042019;0.64639034;0.0001;0.0;0.0001
2017-11-08 19:00:00+00:00;0.00037584;0.0;0;0;0;0.0;0.162;0.162;0.6979197;0.64266573;0.0001;0.0;0.0001
2017-11-08 20:00:00+00:00;5.314e-05;0.0;0;0;0;0.0;0.331;0.331;0.56928618;0.8566619;0.0001;0.0;0.0001
2017-11-08 21:00:00+00:00;1.874e-05;0.0;0;0;0;0.0;0.432;0.432;0.46185427;0.85090568;0.0001;0.0;0.0001
2017-11-08 22:00:00+00:00;1.222e-05;0.0;0;0;0;0.0;0.375;0.375;0.40849779;0.5495503;0.0001;0.0;0.0001
2017-11-08 23:00:00+00:00;1.19e-06;0.0;0;0;0;0.0;0.323;0.323;0.3480929;0.19571169;0.0001;0.0;0.0001
2017-11-09 00:00:00+00:00;1.34e-06;0.0;0;0;0;0.0;0.299;0.299;0.3929067;0.16388315;0.0001;0.0;0.0001
2017-11-09 01:00:00+00:00;2.89e-06;0.0;0;0;0;0.0;0.272;0.272;0.34824796;0.16523755;0.0001;0.0;0.0001
2017-11-09 02:00:00+00:00;4.17e-06;0.0;0;0;0;0.0;0.214;0.214;0.31261119;0.16151293;0.0001;0.0;0.0001
2017-11-09 03:00:00+00:00;5.46e-06;0.0;0;0;0;0.0;0.171;0.171;0.29472232;0.16591475;0.0001;0.0;0.0001
2017-11-09 04:00:00+00:00;7.51e-06;0.0;0;0;0;0.0;0.126;0.126;0.29255141;0.18893966;0.0001;0.0;0.0001
2017-11-09 05:00:00+00:00;4.99e-05;0.0;0;0;0;0.0;0.095;0.095;0.38966443;0.19130987;0.0001;0.0;0.0001
2017-11-09 06:00:00+00:00;0.0003277;0.0;0;0;0;0.044;0.062;0.062;0.37321344;0.18724665;0.0001;0.01;0.0001
2017-11-09 07:00:00+00:00;0.0004233;0.0;0;0;0;0.207;0.192;0.192;0.41391097;0.2197524;0.0001;0.103;0.0001
2017-11-09 08:00:00+00:00;0.00033207;0.0;0;0;0;0.328;0.209;0.209;0.39173667;0.24954934;0.0001;0.163;0.0001
2017-11-09 09:00:00+00:00;6.217e-05;0.0;0;0;0;0.378;0.14;0.14;0.34671141;0.24717913;0.0001;0.137;0.0001
2017-11-09 10:00:00+00:00;1.885e-05;0.0;0;0;0;0.423;0.084;0.084;0.35976507;0.18656945;0.0001;0.137;0.0001
2017-11-09 11:00:00+00:00;1.832e-05;0.0;0;0;0;0.459;0.048;0.048;0.32004022;0.18589225;0.0001;0.149;0.0001
2017-11-09 12:00:00+00:00;1.821e-05;0.0;0;0;0;0.455;0.024;0.024;0.35388669;0.17234818;0.0001;0.14;0.0001
2017-11-09 13:00:00+00:00;1.742e-05;0.0;0;0;0;0.438;0.005;0.005;0.32782166;0.17065518;0.0001;0.134;0.0001
2017-11-09 14:00:00+00:00;1.763e-05;0.0;0;0;0;0.362;0.0;0.0;0.26430137;0.0;0.0001;0.088;0.0001
2017-11-09 15:00:00+00:00;1.932e-05;0.0;0;0;0;0.282;0.0;0.0;0.3480788;0.05620786;0.0001;0.057;0.0001
2017-11-09 16:00:00+00:00;2.201e-05;0.0;0;0;0;0.154;0.001;0.001;0.39519039;0.39074618;0.0001;0.017;0.0001
2017-11-09 17:00:00+00:00;4.688e-05;0.0;0;0;0;0.05;0.01;0.01;0.33898635;0.71512646;0.0001;0.003;0.0001
2017-11-09 18:00:00+00:00;0.00036094;0.0;0;0;0;0.0;0.066;0.066;0.56852495;0.88070261;0.0001;0.0;0.0001
2017-11-09 19:00:00+00:00;0.00037363;0.0;0;0;0;0.0;0.182;0.182;0.60729122;0.87189897;0.0001;0.0;0.0001
2017-11-09 20:00:00+00:00;5.374e-05;0.0;0;0;0;0.0;0.272;0.272;0.58675214;0.86919016;0.0001;0.0;0.0001
2017-11-09 21:00:00+00:00;1.749e-05;0.0;0;0;0;0.0;0.301;0.301;0.50678086;0.84074763;0.0001;0.0;0.0001
2017-11-09 22:00:00+00:00;1.1e-05;0.0;0;0;0;0.0;0.31;0.31;0.44849048;0.29119733;0.0001;0.0;0.0001
2017-11-09 23:00:00+00:00;4.9e-07;0.0;0;0;0;0.0;0.294;0.294;0.32645427;0.16456035;0.0001;0.0;0.0001
2017-11-10 00:00:00+00:00;1.3e-06;0.0;0;0;0;0.0;0.269;0.269;0.34063568;0.07720115;0.0001;0.0;0.0001
2017-11-10 01:00:00+00:00;2.9e-06;0.0;0;0;0;0.0;0.239;0.239;0.25680186;0.07720115;0.0001;0.0;0.0001
2017-11-10 02:00:00+00:00;4.09e-06;0.0;0;0;0;0.0;0.187;0.187;0.26380798;0.07720115;0.0001;0.0;0.0001
2017-11-10 03:00:00+00:00;5.43e-06;0.0;0;0;0;0.0;0.142;0.142;0.24291649;0.07652395;0.0001;0.0;0.0001
2017-11-10 04:00:00+00:00;7.52e-06;0.0;0;0;0;0.0;0.125;0.125;0.24297288;0.07686255;0.0001;0.0;0.0001
2017-11-10 05:00:00+00:00;4.947e-05;0.0;0;0;0;0.0;0.116;0.116;0.25557544;0.10632089;0.0001;0.0;0.0001
2017-11-10 06:00:00+00:00;0.000327;0.0;0;0;0;0.038;0.087;0.087;0.26865729;0.10496648;0.0001;0.006;0.0001
2017-11-10 07:00:00+00:00;0.00042311;0.0;0;0;0;0.179;0.132;0.132;0.33010535;0.13645642;0.0001;0.061;0.0001
2017-11-10 08:00:00+00:00;0.00033725;0.0;0;0;0;0.33;0.171;0.171;0.36847691;0.13544062;0.0001;0.166;0.0001
2017-11-10 09:00:00+00:00;6.022e-05;0.0;0;0;0;0.447;0.114;0.114;0.37597642;0.13544062;0.0001;0.263;0.0001
2017-11-10 10:00:00+00:00;1.789e-05;0.0;0;0;0;0.54;0.068;0.068;0.37831649;0.11580173;0.0001;0.362;0.0001
2017-11-10 11:00:00+00:00;1.862e-05;0.0;0;0;0;0.549;0.042;0.042;0.39454194;0.08600479;0.0001;0.326;0.0001
2017-11-10 12:00:00+00:00;1.98e-05;0.0;0;0;0;0.563;0.035;0.035;0.36416328;0.08634339;0.0001;0.341;0.0001
2017-11-10 13:00:00+00:00;1.85e-05;0.0;0;0;0;0.514;0.036;0.036;0.37965569;0.0870206;0.0001;0.266;0.0001
2017-11-10 14:00:00+00:00;1.878e-05;0.0;0;0;0;0.399;0.03;0.03;0.42362369;0.08600479;0.0001;0.132;0.0001
2017-11-10 15:00:00+00:00;2.014e-05;0.0;0;0;0;0.267;0.023;0.023;0.46894498;0.08465039;0.0001;0.05;0.0001
2017-11-10 16:00:00+00:00;2.224e-05;0.0;0;0;0;0.153;0.023;0.023;0.55311712;0.29932376;0.0001;0.018;0.0001
2017-11-10 17:00:00+00:00;4.666e-05;0.0;0;0;0;0.062;0.04;0.04;0.57999976;0.36670547;0.0001;0.004;0.0001
2017-11-10 18:00:00+00:00;0.0003556;0.0;0;0;0;0.001;0.075;0.075;0.74115467;0.50790231;0.0001;0.0;0.0001
2017-11-10 19:00:00+00:00;0.00038189;0.0;0;0;0;0.0;0.136;0.136;0.75690082;0.50654791;0.0001;0.0;0.0001
2017-11-10 20:00:00+00:00;5.239e-05;0.0;0;0;0;0.0;0.26;0.26;0.67375775;0.50790231;0.0001;0.0;0.0001
2017-11-10 21:00:00+00:00;1.751e-05;0.0;0;0;0;0.0;0.328;0.328;0.56134967;0.47912118;0.0001;0.0;0.0001
2017-11-10 22:00:00+00:00;1.095e-05;0.0;0;0;0;0.0;0.311;0.311;0.4537345;0.16930077;0.0001;0.0;0.0001
2017-11-10 23:00:00+00:00;5.1e-07;0.0;0;0;0;0.0;0.226;0.226;0.43629673;0.07516954;0.0001;0.0;0.0001
2017-11-11 00:00:00+00:00;1.7e-06;0.0;0;0;0;0.0;0.183;0.183;0.12377012;0.14559866;0.0001;0.0;0.0001
2017-11-11 01:00:00+00:00;3.66e-06;0.0;0;0;0;0.0;0.175;0.175;0.12732252;0.14492146;0.0001;0.0;0.0001
2017-11-11 02:00:00+00:00;5.34e-06;0.0;0;0;0;0.0;0.215;0.215;0.12598332;0.14526006;0.0001;0.0;0.0001
2017-11-11 03:00:00+00:00;7.09e-06;0.0;0;0;0;0.0;0.244;0.244;0.13048021;0.14559866;0.0001;0.0;0.0001
2017-11-11 04:00:00+00:00;9.15e-06;0.0;0;0;0;0.0;0.258;0.258;0.13655594;0.17234818;0.0001;0.0;0.0001
2017-11-11 05:00:00+00:00;5.252e-05;0.0;0;0;0;0.0;0.195;0.195;0.16411524;0.17437979;0.0001;0.0;0.0001
2017-11-11 06:00:00+00:00;0.00032607;0.0;0;0;0;0.013;0.133;0.133;0.20905591;0.18013602;0.0001;0.0;0.0001
2017-11-11 07:00:00+00:00;0.00042371;0.0;0;0;0;0.081;0.194;0.194;0.18857323;0.20282232;0.0001;0.004;0.0001
2017-11-11 08:00:00+00:00;0.00033702;0.0;0;0;0;0.148;0.217;0.217;0.24161958;0.13374761;0.0001;0.008;0.0001
2017-11-11 09:00:00+00:00;6.519e-05;0.0;0;0;0;0.195;0.153;0.153;0.22303996;0.18081322;0.0001;0.01;0.0001
2017-11-11 10:00:00+00:00;2.064e-05;0.0;0;0;0;0.235;0.084;0.084;0.22133425;0.1540637;0.0001;0.012;0.0001
2017-11-11 11:00:00+00:00;2.003e-05;0.0;0;0;0;0.268;0.042;0.042;0.21387703;0.14830747;0.0001;0.015;0.0001
2017-11-11 12:00:00+00:00;2.061e-05;0.0;0;0;0;0.281;0.021;0.021;0.19618551;0.1533865;0.0001;0.017;0.0001
2017-11-11 13:00:00+00:00;2.043e-05;0.0;0;0;0;0.251;0.01;0.01;0.25970581;0.14898468;0.0001;0.013;0.0001
2017-11-11 14:00:00+00:00;1.923e-05;0.0;0;0;0;0.194;0.006;0.006;0.27756648;0.16557615;0.0001;0.008;0.0001
2017-11-11 15:00:00+00:00;2.134e-05;0.0;0;0;0;0.145;0.007;0.007;0.32215474;0.33792434;0.0001;0.005;0.0001
2017-11-11 16:00:00+00:00;2.458e-05;0.0;0;0;0;0.091;0.015;0.015;0.27322466;0.36941428;0.0001;0.003;0.0001
2017-11-11 17:00:00+00:00;4.887e-05;0.0;0;0;0;0.035;0.037;0.037;0.28828007;0.68228211;0.0001;0.001;0.0001
2017-11-11 18:00:00+00:00;0.00036239;0.0;0;0;0;0.0;0.085;0.085;0.51315262;0.62641285;0.0001;0.0;0.0001
2017-11-11 19:00:00+00:00;0.00038311;0.0;0;0;0;0.0;0.121;0.121;0.50239674;0.84819686;0.0001;0.0;0.0001
2017-11-11 20:00:00+00:00;5.474e-05;0.0;0;0;0;0.0;0.12;0.12;0.49757563;0.82381755;0.0001;0.0;0.0001
2017-11-11 21:00:00+00:00;1.851e-05;0.0;0;0;0;0.0;0.107;0.107;0.42259462;0.7899574;0.0001;0.0;0.0001
2017-11-11 22:00:00+00:00;1.215e-05;0.0;0;0;0;0.0;0.088;0.088;0.39479568;0.27020403;0.0001;0.0;0.0001
2017-11-11 23:00:00+00:00;1.39e-06;0.0;0;0;0;0.0;0.073;0.073;0.24796315;0.14458286;0.0001;0.0;0.0001
2017-11-12 00:00:00+00:00;1.78e-06;0.0;0;0;0;0.0;0.072;0.072;0.5914041;0.2204296;0.0001;0.0;0.0001
2017-11-12 01:00:00+00:00;3.78e-06;0.0;0;0;0;0.0;0.112;0.112;0.64297028;0.2421001;0.0001;0.0;0.0001
2017-11-12 02:00:00+00:00;5.14e-06;0.0;0;0;0;0.0;0.119;0.119;0.61029384;0.2424387;0.0001;0.0;0.0001
2017-11-12 03:00:00+00:00;6.95e-06;0.0;0;0;0;0.0;0.154;0.154;0.61500218;0.24548612;0.0001;0.0;0.0001
2017-11-12 04:00:00+00:00;9.09e-06;0.0;0;0;0;0.0;0.174;0.174;0.60978636;0.24548612;0.0001;0.0;0.0001
2017-11-12 05:00:00+00:00;5.007e-05;0.0;0;0;0;0.0;0.217;0.217;0.58637153;0.24311591;0.0001;0.0;0.0001
2017-11-12 06:00:00+00:00;0.00032698;0.0;0;0;0;0.027;0.208;0.208;0.62605409;0.22754024;0.0001;0.002;0.0001
2017-11-12 07:00:00+00:00;0.00042542;0.0;0;0;0;0.134;0.156;0.156;0.63790952;0.25530556;0.0001;0.019;0.0001
2017-11-12 08:00:00+00:00;0.00033693;0.0;0;0;0;0.292;0.27;0.27;0.65460016;0.33352252;0.0001;0.088;0.0001
2017-11-12 09:00:00+00:00;6.593e-05;0.0;0;0;0;0.429;0.427;0.427;0.63499148;0.37178449;0.0001;0.191;0.0001
2017-11-12 10:00:00+00:00;2.101e-05;0.0;0;0;0;0.432;0.41;0.41;0.64101082;0.37957233;0.0001;0.131;0.0001
2017-11-12 11:00:00+00:00;2.159e-05;0.0;0;0;0;0.399;0.338;0.338;0.64969447;0.37652491;0.0001;0.078;0.0001
2017-11-12 12:00:00+00:00;2.139e-05;0.0;0;0;0;0.402;0.313;0.313;0.58803495;0.36162645;0.0001;0.075;0.0001
2017-11-12 13:00:00+00:00;2.078e-05;0.0;0;0;0;0.411;0.328;0.328;0.5834112;0.351807;0.0001;0.091;0.0001
2017-11-12 14:00:00+00:00;2.087e-05;0.0;0;0;0;0.351;0.344;0.344;0.72366051;0.35688602;0.0001;0.068;0.0001
2017-11-12 15:00:00+00:00;2.196e-05;0.0;0;0;0;0.266;0.334;0.334;0.6255889;0.34774378;0.0001;0.042;0.0001
2017-11-12 16:00:00+00:00;2.495e-05;0.0;0;0;0;0.154;0.312;0.312;0.61904797;0.5492117;0.0001;0.015;0.0001
2017-11-12 17:00:00+00:00;4.909e-05;0.0;0;0;0;0.053;0.272;0.272;0.61793432;0.7896188;0.0001;0.003;0.0001
2017-11-12 18:00:00+00:00;0.00036471;0.0;0;0;0;0.001;0.295;0.295;0.69364837;0.89187646;0.0001;0.0;0.0001
2017-11-12 19:00:00+00:00;0.00037631;0.0;0;0;0;0.0;0.273;0.273;0.68134184;0.89864849;0.0001;0.0;0.0001
2017-11-12 20:00:00+00:00;5.38e-05;0.0;0;0;0;0.0;0.135;0.135;0.65068124;0.9013573;0.0001;0.0;0.0001
2017-11-12 21:00:00+00:00;1.877e-05;0.0;0;0;0;0.0;0.097;0.097;0.70391086;0.88578163;0.0001;0.0;0.0001
2017-11-12 22:00:00+00:00;1.234e-05;0.0;0;0;0;0.0;0.139;0.139;0.6570953;0.36839848;0.0001;0.0;0.0001
2017-11-12 23:00:00+00:00;1.21e-06;0.0;0;0;0;0.0;0.303;0.303;0.62766113;0.22517003;0.0001;0.0;0.0001
2017-11-13 00:00:00+00:00;1.85e-06;0.0;0;0;0;0.0;0.392;0.392;0.18427369;0.14492146;0.0001;0.0;0.0001
2017-11-13 01:00:00+00:00;4.09e-06;0.0;0;0;0;0.0;0.369;0.369;0.14594443;0.14085824;0.0001;0.0;0.0001
2017-11-13 02:00:00+00:00;5.2e-06;0.0;0;0;0;0.0;0.301;0.301;0.14625456;0.14221265;0.0001;0.0;0.0001
2017-11-13 03:00:00+00:00;6.67e-06;0.0;0;0;0;0.0;0.255;0.255;0.14390039;0.1764114;0.0001;0.0;0.0001
2017-11-13 04:00:00+00:00;8.98e-06;0.0;0;0;0;0.0;0.316;0.316;0.14636733;0.17471839;0.0001;0.0;0.0001
2017-11-13 05:00:00+00:00;5.053e-05;0.0;0;0;0;0.0;0.349;0.349;0.14368894;0.17675;0.0001;0.0;0.0001
2017-11-13 06:00:00+00:00;0.00033033;0.0;0;0;0;0.033;0.317;0.317;0.15200606;0.17370259;0.0001;0.003;0.0001
2017-11-13 07:00:00+00:00;0.00042446;0.0;0;0;0;0.15;0.337;0.337;0.16813283;0.20519253;0.0001;0.025;0.0001
2017-11-13 08:00:00+00:00;0.00033924;0.0;0;0;0;0.211;0.493;0.493;0.21555455;0.17945882;0.0001;0.028;0.0001
2017-11-13 09:00:00+00:00;6.383e-05;0.0;0;0;0;0.377;0.587;0.587;0.23328836;0.18589225;0.0001;0.102;0.0001
2017-11-13 10:00:00+00:00;2.04e-05;0.0;0;0;0;0.401;0.544;0.544;0.25646354;0.14695307;0.0001;0.091;0.0001
2017-11-13 11:00:00+00:00;2.062e-05;0.0;0;0;0;0.433;0.462;0.462;0.22932715;0.14932328;0.0001;0.096;0.0001
2017-11-13 12:00:00+00:00;1.951e-05;0.0;0;0;0;0.405;0.369;0.369;0.22299767;0.14966188;0.0001;0.072;0.0001
2017-11-13 13:00:00+00:00;1.992e-05;0.0;0;0;0;0.351;0.325;0.325;0.28819549;0.18352204;0.0001;0.047;0.0001
2017-11-13 14:00:00+00:00;2.208e-05;0.0;0;0;0;0.268;0.294;0.294;0.27911713;0.18453784;0.0001;0.025;0.0001
2017-11-13 15:00:00+00:00;2.297e-05;0.0;0;0;0;0.203;0.181;0.181;0.2730414;0.18453784;0.0001;0.016;0.0001
2017-11-13 16:00:00+00:00;2.466e-05;0.0;0;0;0;0.128;0.08;0.08;0.25933929;0.36636687;0.0001;0.008;0.0001
2017-11-13 17:00:00+00:00;4.858e-05;0.0;0;0;0;0.041;0.034;0.034;0.26299037;0.68329791;0.0001;0.001;0.0001
2017-11-13 18:00:00+00:00;0.00036143;0.0;0;0;0;0.0;0.039;0.039;0.48813076;0.87122177;0.0001;0.0;0.0001
2017-11-13 19:00:00+00:00;0.00037794;0.0;0;0;0;0.0;0.073;0.073;0.50710508;0.86614274;0.0001;0.0;0.0001
2017-11-13 20:00:00+00:00;5.338e-05;0.0;0;0;0;0.0;0.127;0.127;0.47988411;0.8349914;0.0001;0.0;0.0001
2017-11-13 21:00:00+00:00;1.9e-05;0.0;0;0;0;0.0;0.286;0.286;0.40460707;0.8332984;0.0001;0.0;0.0001
2017-11-13 22:00:00+00:00;1.231e-05;0.0;0;0;0;0.0;0.385;0.385;0.31309048;0.27020403;0.0001;0.0;0.0001
2017-11-13 23:00:00+00:00;1.2e-06;0.0;0;0;0;0.0;0.372;0.372;0.25112084;0.14458286;0.0001;0.0;0.0001
2017-11-14 00:00:00+00:00;1.98e-06;0.0;0;0;0;0.0;0.365;0.365;0.18331511;0.14627587;0.0001;0.0;0.0001
2017-11-14 01:00:00+00:00;4.16e-06;0.0;0;0;0;0.0;0.407;0.407;0.17098039;0.14695307;0.0001;0.0;0.0001
2017-11-14 02:00:00+00:00;5.19e-06;0.0;0;0;0;0.0;0.446;0.446;0.16635663;0.17437979;0.0001;0.0;0.0001
2017-11-14 03:00:00+00:00;6.62e-06;0.0;0;0;0;0.0;0.392;0.392;0.16419982;0.17437979;0.0001;0.0;0.0001
2017-11-14 04:00:00+00:00;9.13e-06;0.0;0;0;0;0.0;0.308;0.308;0.16140864;0.17370259;0.0001;0.0;0.0001
2017-11-14 05:00:00+00:00;5.1e-05;0.0;0;0;0;0.0;0.245;0.245;0.20161279;0.17471839;0.0001;0.0;0.0001
2017-11-14 06:00:00+00:00;0.0003288;0.0;0;0;0;0.028;0.182;0.182;0.2371086;0.16930077;0.0001;0.002;0.0001
2017-11-14 07:00:00+00:00;0.00042851;0.0;0;0;0;0.134;0.107;0.107;0.23490949;0.20823995;0.0001;0.018;0.0001
2017-11-14 08:00:00+00:00;0.00033975;0.0;0;0;0;0.258;0.198;0.198;0.28929504;0.13340901;0.0001;0.053;0.0001
2017-11-14 09:00:00+00:00;6.203e-05;0.0;0;0;0;0.349;0.455;0.455;0.30099541;0.13340901;0.0001;0.081;0.0001
2017-11-14 10:00:00+00:00;2.11e-05;0.0;0;0;0;0.382;0.637;0.637;0.29297431;0.18318343;0.0001;0.076;0.0001
2017-11-14 11:00:00+00:00;2.057e-05;0.0;0;0;0;0.387;0.674;0.674;0.33637844;0.18386064;0.0001;0.066;0.0001
2017-11-14 12:00:00+00:00;2.098e-05;0.0;0;0;0;0.423;0.634;0.634;0.34490701;0.1537251;0.0001;0.087;0.0001
2017-11-14 13:00:00+00:00;2.042e-05;0.0;0;0;0;0.427;0.544;0.544;0.35063033;0.15237069;0.0001;0.103;0.0001
2017-11-14 14:00:00+00:00;2.029e-05;0.0;0;0;0;0.39;0.442;0.442;0.37047866;0.15541811;0.0001;0.098;0.0001
2017-11-14 15:00:00+00:00;2.311e-05;0.0;0;0;0;0.289;0.326;0.326;0.36255624;0.16828497;0.0001;0.055;0.0001
2017-11-14 16:00:00+00:00;2.514e-05;0.0;0;0;0;0.181;0.18;0.18;0.4026899;0.37144589;0.0001;0.025;0.0001
2017-11-14 17:00:00+00:00;4.905e-05;0.0;0;0;0;0.071;0.09;0.09;0.41261406;0.70903163;0.0001;0.005;0.0001
2017-11-14 18:00:00+00:00;0.0003592;0.0;0;0;0;0.002;0.057;0.057;0.53060449;0.84718106;0.0001;0.0;0.0001
2017-11-14 19:00:00+00:00;0.0003806;0.0;0;0;0;0.0;0.049;0.049;0.50310159;0.86681995;0.0001;0.0;0.0001
2017-11-14 20:00:00+00:00;5.374e-05;0.0;0;0;0;0.0;0.059;0.059;0.51598608;0.83736161;0.0001;0.0;0.0001
2017-11-14 21:00:00+00:00;1.885e-05;0.0;0;0;0;0.0;0.067;0.067;0.4639688;0.80587167;0.0001;0.0;0.0001
2017-11-14 22:00:00+00:00;1.196e-05;0.0;0;0;0;0.0;0.071;0.071;0.3254252;0.27968487;0.0001;0.0;0.0001
2017-11-14 23:00:00+00:00;1.3e-06;0.0;0;0;0;0.0;0.077;0.077;0.21287615;0.14559866;0.0001;0.0;0.0001
2017-11-15 00:00:00+00:00;1.93e-06;0.0;0;0;0;0.0;0.089;0.089;0.18516179;0.14221265;0.0001;0.0;0.0001
2017-11-15 01:00:00+00:00;3.97e-06;0.0;0;0;0;0.0;0.123;0.123;0.17609754;0.14424426;0.0001;0.0;0.0001
2017-11-15 02:00:00+00:00;5.69e-06;0.0;0;0;0;0.0;0.121;0.121;0.17585789;0.15880412;0.0001;0.0;0.0001
2017-11-15 03:00:00+00:00;7e-06;0.0;0;0;0;0.0;0.122;0.122;0.16790728;0.1764114;0.0001;0.0;0.0001
2017-11-15 04:00:00+00:00;8.96e-06;0.0;0;0;0;0.0;0.142;0.142;0.16090116;0.1753956;0.0001;0.0;0.0001
2017-11-15 05:00:00+00:00;5.069e-05;0.0;0;0;0;0.0;0.135;0.135;0.20059782;0.17404119;0.0001;0.0;0.0001
2017-11-15 06:00:00+00:00;0.0003269;0.0;0;0;0;0.046;0.112;0.112;0.2459473;0.17370259;0.0001;0.012;0.0001
2017-11-15 07:00:00+00:00;0.00042515;0.0;0;0;0;0.22;0.06;0.06;0.24828738;0.17302539;0.0001;0.147;0.0001
2017-11-15 08:00:00+00:00;0.00034408;0.0;0;0;0;0.411;0.087;0.087;0.27151895;0.20417673;0.0001;0.375;0.0001
2017-11-15 09:00:00+00:00;6.275e-05;0.0;0;0;0;0.568;0.096;0.096;0.28443164;0.20485393;0.0001;0.597;0.0001
2017-11-15 10:00:00+00:00;2.025e-05;0.0;0;0;0;0.665;0.156;0.156;0.26937623;0.14763027;0.0001;0.741;0.0001
2017-11-15 11:00:00+00:00;2.129e-05;0.0;0;0;0;0.696;0.176;0.176;0.28041404;0.15067769;0.0001;0.766;0.0001
2017-11-15 12:00:00+00:00;2.173e-05;0.0;0;0;0;0.68;0.143;0.143;0.26197539;0.15000048;0.0001;0.71;0.0001
2017-11-15 13:00:00+00:00;1.999e-05;0.0;0;0;0;0.622;0.096;0.096;0.25671728;0.18927826;0.0001;0.586;0.0001
2017-11-15 14:00:00+00:00;2.087e-05;0.0;0;0;0;0.502;0.067;0.067;0.32063228;0.42359053;0.0001;0.369;0.0001
2017-11-15 15:00:00+00:00;2.3e-05;0.0;0;0;0;0.385;0.053;0.053;0.29809146;0.42088171;0.0001;0.227;0.0001
2017-11-15 16:00:00+00:00;2.494e-05;0.0;0;0;0;0.219;0.045;0.045;0.29177608;0.4178343;0.0001;0.073;0.0001
2017-11-15 17:00:00+00:00;5.018e-05;0.0;0;0;0;0.086;0.06;0.06;0.31684024;0.72596171;0.0001;0.015;0.0001
2017-11-15 18:00:00+00:00;0.0003626;0.0;0;0;0;0.004;0.118;0.118;0.60658638;0.87426918;0.0001;0.0;0.0001
2017-11-15 19:00:00+00:00;0.00037737;0.0;0;0;0;0.0;0.182;0.182;0.61459337;0.86377253;0.0001;0.0;0.0001
2017-11-15 20:00:00+00:00;5.297e-05;0.0;0;0;0;0.0;0.189;0.189;0.52778512;0.84074763;0.0001;0.0;0.0001
2017-11-15 21:00:00+00:00;1.888e-05;0.0;0;0;0;0.0;0.208;0.208;0.44416276;0.8343142;0.0001;0.0;0.0001
2017-11-15 22:00:00+00:00;1.192e-05;0.0;0;0;0;0.0;0.259;0.259;0.37256499;0.3071116;0.0001;0.0;0.0001
2017-11-15 23:00:00+00:00;1.1e-06;0.0;0;0;0;0.0;0.341;0.341;0.2881532;0.14898468;0.0001;0.0;0.0001
2017-11-16 00:00:00+00:00;1.33e-06;0.0;0;0;0;0.0;0.528;0.528;0.23225929;0.14390565;0.0001;0.0;0.0001
2017-11-16 01:00:00+00:00;2.93e-06;0.0;0;0;0;0.0;0.508;0.508;0.18933446;0.15169349;0.0001;0.0;0.0001
2017-11-16 02:00:00+00:00;4.19e-06;0.0;0;0;0;0.0;0.483;0.483;0.17219272;0.1764114;0.0001;0.0;0.0001
2017-11-16 03:00:00+00:00;5.44e-06;0.0;0;0;0;0.0;0.379;0.379;0.16697689;0.17675;0.0001;0.0;0.0001
2017-11-16 04:00:00+00:00;7.52e-06;0.0;0;0;0;0.0;0.338;0.338;0.16937335;0.17370259;0.0001;0.0;0.0001
2017-11-16 05:00:00+00:00;4.885e-05;0.0;0;0;0;0.0;0.398;0.398;0.16979626;0.17437979;0.0001;0.0;0.0001
2017-11-16 06:00:00+00:00;0.00032542;0.0;0;0;0;0.034;0.36;0.36;0.21289025;0.17471839;0.0001;0.004;0.0001
2017-11-16 07:00:00+00:00;0.00043017;0.0;0;0;0;0.161;0.19;0.19;0.23283726;0.23634388;0.0001;0.043;0.0001
2017-11-16 08:00:00+00:00;0.00033867;0.0;0;0;0;0.366;0.258;0.258;0.27955413;0.23329646;0.0001;0.237;0.0001
2017-11-16 09:00:00+00:00;6.105e-05;0.0;0;0;0;0.498;0.439;0.439;0.29797869;0.23397366;0.0001;0.388;0.0001
2017-11-16 10:00:00+00:00;1.798e-05;0.0;0;0;0;0.562;0.523;0.523;0.32618643;0.14661447;0.0001;0.43;0.0001
2017-11-16 11:00:00+00:00;1.766e-05;0.0;0;0;0;0.608;0.485;0.485;0.31356977;0.14559866;0.0001;0.476;0.0001
2017-11-16 12:00:00+00:00;1.887e-05;0.0;0;0;0;0.594;0.411;0.411;0.34796603;0.1540637;0.0001;0.426;0.0001
2017-11-16 13:00:00+00:00;1.867e-05;0.0;0;0;0;0.551;0.366;0.366;0.32312742;0.35824043;0.0001;0.358;0.0001
2017-11-16 14:00:00+00:00;1.92e-05;0.0;0;0;0;0.456;0.321;0.321;0.38422306;0.39819541;0.0001;0.229;0.0001
2017-11-16 15:00:00+00:00;1.999e-05;0.0;0;0;0;0.316;0.241;0.241;0.36023026;0.45711208;0.0001;0.096;0.0001
2017-11-16 16:00:00+00:00;2.188e-05;0.0;0;0;0;0.189;0.17;0.17;0.31073631;0.42697654;0.0001;0.036;0.0001
2017-11-16 17:00:00+00:00;4.93e-05;0.0;0;0;0;0.074;0.113;0.113;0.38381425;0.73171793;0.0001;0.007;0.0001
2017-11-16 18:00:00+00:00;0.00035687;0.0;0;0;0;0.002;0.125;0.125;0.61904797;0.86377253;0.0001;0.0;0.0001
2017-11-16 19:00:00+00:00;0.00037641;0.0;0;0;0;0.0;0.173;0.173;0.66930315;0.86004792;0.0001;0.0;0.0001
2017-11-16 20:00:00+00:00;5.2e-05;0.0;0;0;0;0.0;0.206;0.206;0.64000995;0.85869351;0.0001;0.0;0.0001
2017-11-16 21:00:00+00:00;1.746e-05;0.0;0;0;0;0.0;0.221;0.221;0.51488653;0.8556461;0.0001;0.0;0.0001
2017-11-16 22:00:00+00:00;1.092e-05;0.0;0;0;0;0.0;0.235;0.235;0.37142314;0.30982041;0.0001;0.0;0.0001
2017-11-16 23:00:00+00:00;4.8e-07;0.0;0;0;0;0.0;0.237;0.237;0.28316292;0.17471839;0.0001;0.0;0.0001
2017-11-17 00:00:00+00:00;1.37e-06;0.0;0;0;0;0.0;0.274;0.274;0.20770262;0.17167098;0.0001;0.0;0.0001
2017-11-17 01:00:00+00:00;2.9e-06;0.0;0;0;0;0.0;0.322;0.322;0.1913503;0.17844301;0.0001;0.0;0.0001
2017-11-17 02:00:00+00:00;4.14e-06;0.0;0;0;0;0.0;0.37;0.37;0.1940146;0.14729167;0.0001;0.0;0.0001
2017-11-17 03:00:00+00:00;5.43e-06;0.0;0;0;0;0.0;0.319;0.319;0.18182085;0.17471839;0.0001;0.0;0.0001
2017-11-17 04:00:00+00:00;7.51e-06;0.0;0;0;0;0.0;0.31;0.31;0.20678632;0.18149043;0.0001;0.0;0.0001
2017-11-17 05:00:00+00:00;4.86e-05;0.0;0;0;0;0.0;0.328;0.328;0.20758984;0.18013602;0.0001;0.0;0.0001
2017-11-17 06:00:00+00:00;0.00032678;0.0;0;0;0;0.032;0.335;0.335;0.25647763;0.17979742;0.0001;0.002;0.0001
2017-11-17 07:00:00+00:00;0.00042578;0.0;0;0;0;0.142;0.271;0.271;0.31823582;0.1764114;0.0001;0.02;0.0001
2017-11-17 08:00:00+00:00;0.00033511;0.0;0;0;0;0.252;0.458;0.458;0.32910448;0.20790135;0.0001;0.046;0.0001
2017-11-17 09:00:00+00:00;6.28e-05;0.0;0;0;0;0.333;0.547;0.547;0.33413704;0.20553114;0.0001;0.064;0.0001
2017-11-17 10:00:00+00:00;1.833e-05;0.0;0;0;0;0.359;0.465;0.465;0.35264617;0.18216763;0.0001;0.057;0.0001
2017-11-17 11:00:00+00:00;1.757e-05;0.0;0;0;0;0.39;0.271;0.271;0.34070616;0.14932328;0.0001;0.061;0.0001
2017-11-17 12:00:00+00:00;1.848e-05;0.0;0;0;0;0.374;0.133;0.133;0.33066922;0.14932328;0.0001;0.05;0.0001
2017-11-17 13:00:00+00:00;1.794e-05;0.0;0;0;0;0.31;0.062;0.062;0.31933537;0.1537251;0.0001;0.029;0.0001
2017-11-17 14:00:00+00:00;1.839e-05;0.0;0;0;0;0.227;0.025;0.025;0.36423376;0.1540637;0.0001;0.014;0.0001
2017-11-17 15:00:00+00:00;1.956e-05;0.0;0;0;0;0.171;0.015;0.015;0.38664771;0.15033909;0.0001;0.009;0.0001
2017-11-17 16:00:00+00:00;2.16e-05;0.0;0;0;0;0.099;0.013;0.013;0.37287512;0.38397415;0.0001;0.004;0.0001
2017-11-17 17:00:00+00:00;4.777e-05;0.0;0;0;0;0.036;0.009;0.009;0.42380694;0.72934772;0.0001;0.001;0.0001
2017-11-17 18:00:00+00:00;0.00036431;0.0;0;0;0;0.0;0.006;0.006;0.63470954;0.87359198;0.0001;0.0;0.0001
2017-11-17 19:00:00+00:00;0.00037345;0.0;0;0;0;0.0;0.005;0.005;0.63431483;0.86648134;0.0001;0.0;0.0001
2017-11-17 20:00:00+00:00;5.386e-05;0.0;0;0;0;0.0;0.018;0.018;0.58042267;0.86648134;0.0001;0.0;0.0001
2017-11-17 21:00:00+00:00;1.749e-05;0.0;0;0;0;0.0;0.03;0.03;0.50210071;0.82618776;0.0001;0.0;0.0001
2017-11-17 22:00:00+00:00;1.101e-05;0.0;0;0;0;0.0;0.037;0.037;0.4191409;0.30101677;0.0001;0.0;0.0001
2017-11-17 23:00:00+00:00;5e-07;0.0;0;0;0;0.0;0.045;0.045;0.34083303;0.14119684;0.0001;0.0;0.0001
2017-11-18 00:00:00+00:00;1.98e-06;0.0;0;0;0;0.0;0.064;0.064;0.30284209;0.14966188;0.0001;0.0;0.0001
2017-11-18 01:00:00+00:00;3.93e-06;0.0;0;0;0;0.0;0.115;0.115;0.28657435;0.14153544;0.0001;0.0;0.0001
2017-11-18 02:00:00+00:00;5.27e-06;0.0;0;0;0;0.0;0.209;0.209;0.29965621;0.14559866;0.0001;0.0;0.0001
2017-11-18 03:00:00+00:00;6.77e-06;0.0;0;0;0;0.0;0.319;0.319;0.28966156;0.1757342;0.0001;0.0;0.0001
2017-11-18 04:00:00+00:00;8.92e-06;0.0;0;0;0;0.0;0.337;0.337;0.30010731;0.175057;0.0001;0.0;0.0001
2017-11-18 05:00:00+00:00;5.204e-05;0.0;0;0;0;0.0;0.325;0.325;0.27773564;0.17404119;0.0001;0.0;0.0001
2017-11-18 06:00:00+00:00;0.00032669;0.0;0;0;0;0.022;0.286;0.286;0.33807006;0.17742721;0.0001;0.001;0.0001
2017-11-18 07:00:00+00:00;0.00042417;0.0;0;0;0;0.118;0.243;0.243;0.33124719;0.20620834;0.0001;0.01;0.0001
2017-11-18 08:00:00+00:00;0.00033974;0.0;0;0;0;0.209;0.196;0.196;0.33055645;0.21805939;0.0001;0.023;0.0001
2017-11-18 09:00:00+00:00;6.735e-05;0.0;0;0;0;0.295;0.106;0.106;0.36956236;0.21772079;0.0001;0.039;0.0001
2017-11-18 10:00:00+00:00;2.275e-05;0.0;0;0;0;0.383;0.03;0.03;0.3747218;0.1984205;0.0001;0.067;0.0001
2017-11-18 11:00:00+00:00;2.205e-05;0.0;0;0;0;0.409;0.009;0.009;0.39129967;0.15203209;0.0001;0.071;0.0001
2017-11-18 12:00:00+00:00;2.168e-05;0.0;0;0;0;0.379;0.008;0.008;0.33969119;0.15067769;0.0001;0.051;0.0001
2017-11-18 13:00:00+00:00;2.053e-05;0.0;0;0;0;0.311;0.009;0.009;0.39829169;0.14864608;0.0001;0.029;0.0001
2017-11-18 14:00:00+00:00;2.12e-05;0.0;0;0;0;0.251;0.007;0.007;0.41719553;0.15203209;0.0001;0.018;0.0001
2017-11-18 15:00:00+00:00;2.142e-05;0.0;0;0;0;0.181;0.006;0.006;0.42465275;0.38261974;0.0001;0.011;0.0001
2017-11-18 16:00:00+00:00;2.409e-05;0.0;0;0;0;0.111;0.004;0.004;0.39925028;0.37584771;0.0001;0.005;0.0001
2017-11-18 17:00:00+00:00;4.934e-05;0.0;0;0;0;0.042;0.003;0.003;0.43302627;0.70937023;0.0001;0.001;0.0001
2017-11-18 18:00:00+00:00;0.0003642;0.0;0;0;0;0.001;0.005;0.005;0.6975109;0.86986736;0.0001;0.0;0.0001
2017-11-18 19:00:00+00:00;0.00038125;0.0;0;0;0;0.0;0.017;0.017;0.68497882;0.86546554;0.0001;0.0;0.0001
2017-11-18 20:00:00+00:00;5.402e-05;0.0;0;0;0;0.0;0.044;0.044;0.61126652;0.86715855;0.0001;0.0;0.0001
2017-11-18 21:00:00+00:00;1.858e-05;0.0;0;0;0;0.0;0.074;0.074;0.54171279;0.84142483;0.0001;0.0;0.0001
2017-11-18 22:00:00+00:00;1.215e-05;0.0;0;0;0;0.0;0.102;0.102;0.44813806;0.29898516;0.0001;0.0;0.0001
2017-11-18 23:00:00+00:00;1.21e-06;0.0;0;0;0;0.0;0.13;0.13;0.39617717;0.14458286;0.0001;0.0;0.0001
2017-11-19 00:00:00+00:00;2.03e-06;0.0;0;0;0;0.0;0.147;0.147;0.35091226;0.14390565;0.0001;0.0;0.0001
2017-11-19 01:00:00+00:00;4.01e-06;0.0;0;0;0;0.0;0.156;0.156;0.29428532;0.14492146;0.0001;0.0;0.0001
2017-11-19 02:00:00+00:00;5.52e-06;0.0;0;0;0;0.0;0.144;0.144;0.26290579;0.14695307;0.0001;0.0;0.0001
2017-11-19 03:00:00+00:00;6.78e-06;0.0;0;0;0;0.0;0.099;0.099;0.24403014;0.17404119;0.0001;0.0;0.0001
2017-11-19 04:00:00+00:00;9.09e-06;0.0;0;0;0;0.0;0.077;0.077;0.25715428;0.17031657;0.0001;0.0;0.0001
2017-11-19 05:00:00+00:00;4.981e-05;0.0;0;0;0;0.0;0.112;0.112;0.29679455;0.17437979;0.0001;0.0;0.0001
2017-11-19 06:00:00+00:00;0.00032331;0.0;0;0;0;0.019;0.129;0.129;0.34017048;0.1760728;0.0001;0.001;0.0001
2017-11-19 07:00:00+00:00;0.00042919;0.0;0;0;0;0.093;0.069;0.069;0.35089817;0.22110681;0.0001;0.005;0.0001
2017-11-19 08:00:00+00:00;0.00034113;0.0;0;0;0;0.174;0.073;0.073;0.36297915;0.22279981;0.0001;0.012;0.0001
2017-11-19 09:00:00+00:00;6.414e-05;0.0;0;0;0;0.219;0.104;0.104;0.37637113;0.22381562;0.0001;0.015;0.0001
2017-11-19 10:00:00+00:00;2.165e-05;0.0;0;0;0;0.261;0.125;0.125;0.34383566;0.1980819;0.0001;0.018;0.0001
2017-11-19 11:00:00+00:00;2.031e-05;0.0;0;0;0;0.298;0.124;0.124;0.36244347;0.14729167;0.0001;0.022;0.0001
2017-11-19 12:00:00+00:00;2.04e-05;0.0;0;0;0;0.335;0.112;0.112;0.36524873;0.15575671;0.0001;0.031;0.0001
2017-11-19 13:00:00+00:00;2.019e-05;0.0;0;0;0;0.362;0.1;0.1;0.3920327;0.14864608;0.0001;0.046;0.0001
2017-11-19 14:00:00+00:00;1.972e-05;0.0;0;0;0;0.356;0.095;0.095;0.49358623;0.15033909;0.0001;0.059;0.0001
2017-11-19 15:00:00+00:00;2.208e-05;0.0;0;0;0;0.32;0.103;0.103;0.53651106;0.15033909;0.0001;0.069;0.0001
2017-11-19 16:00:00+00:00;2.493e-05;0.0;0;0;0;0.228;0.103;0.103;0.53962646;0.38600576;0.0001;0.05;0.0001
2017-11-19 17:00:00+00:00;4.996e-05;0.0;0;0;0;0.099;0.106;0.106;0.52987145;0.71038603;0.0001;0.013;0.0001
2017-11-19 18:00:00+00:00;0.0003665;0.0;0;0;0;0.005;0.123;0.123;0.70206417;0.86614274;0.0001;0.0;0.0001
2017-11-19 19:00:00+00:00;0.00038276;0.0;0;0;0;0.0;0.142;0.142;0.73771504;0.86038652;0.0001;0.0;0.0001
2017-11-19 20:00:00+00:00;5.429e-05;0.0;0;0;0;0.0;0.117;0.117;0.64938434;0.87020596;0.0001;0.0;0.0001
2017-11-19 21:00:00+00:00;1.889e-05;0.0;0;0;0;0.0;0.081;0.081;0.59811418;0.833637;0.0001;0.0;0.0001
2017-11-19 22:00:00+00:00;1.227e-05;0.0;0;0;0;0.0;0.045;0.045;0.54100795;0.26614081;0.0001;0.0;0.0001
2017-11-19 23:00:00+00:00;1.49e-06;0.0;0;0;0;0.0;0.019;0.019;0.45046404;0.14932328;0.0001;0.0;0.0001
2017-11-20 00:00:00+00:00;1.79e-06;0.0;0;0;0;0.0;0.005;0.005;0.40576301;0.14424426;0.0001;0.0;0.0001
2017-11-20 01:00:00+00:00;3.86e-06;0.0;0;0;0;0.0;0.001;0.001;0.35639593;0.14288985;0.0001;0.0;0.0001
2017-11-20 02:00:00+00:00;5.67e-06;0.0;0;0;0;0.0;0.001;0.001;0.33417933;0.14458286;0.0001;0.0;0.0001
2017-11-20 03:00:00+00:00;7.01e-06;0.0;0;0;0;0.0;0.001;0.001;0.30704294;0.17234818;0.0001;0.0;0.0001
2017-11-20 04:00:00+00:00;9.31e-06;0.0;0;0;0;0.0;0.002;0.002;0.3103557;0.20519253;0.0001;0.0;0.0001
2017-11-20 05:00:00+00:00;5.149e-05;0.0;0;0;0;0.0;0.003;0.003;0.30026237;0.20688554;0.0001;0.0;0.0001
2017-11-20 06:00:00+00:00;0.00033034;0.0;0;0;0;0.054;0.004;0.004;0.31559972;0.20451533;0.0001;0.021;0.0001
2017-11-20 07:00:00+00:00;0.00043133;0.0;0;0;0;0.227;0.004;0.004;0.32624282;0.23024905;0.0001;0.162;0.0001
2017-11-20 08:00:00+00:00;0.00034093;0.0;0;0;0;0.404;0.01;0.01;0.3671941;0.23194206;0.0001;0.357;0.0001
2017-11-20 09:00:00+00:00;6.269e-05;0.0;0;0;0;0.549;0.019;0.019;0.3378727;0.20349953;0.0001;0.545;0.0001
2017-11-20 10:00:00+00:00;1.993e-05;0.0;0;0;0;0.647;0.027;0.027;0.34871316;0.20823995;0.0001;0.686;0.0001
2017-11-20 11:00:00+00:00;2.072e-05;0.0;0;0;0;0.704;0.039;0.039;0.34301804;0.20722414;0.0001;0.783;0.0001
2017-11-20 12:00:00+00:00;2.143e-05;0.0;0;0;0;0.724;0.051;0.051;0.32150629;0.1530479;0.0001;0.832;0.0001
2017-11-20 13:00:00+00:00;2.072e-05;0.0;0;0;0;0.698;0.057;0.057;0.3533933;0.15575671;0.0001;0.804;0.0001
2017-11-20 14:00:00+00:00;2.094e-05;0.0;0;0;0;0.62;0.052;0.052;0.4257805;0.15135489;0.0001;0.691;0.0001
2017-11-20 15:00:00+00:00;2.25e-05;0.0;0;0;0;0.495;0.04;0.04;0.40462117;0.15033909;0.0001;0.518;0.0001
2017-11-20 16:00:00+00:00;2.43e-05;0.0;0;0;0;0.322;0.029;0.029;0.35594483;0.36467386;0.0001;0.299;0.0001
2017-11-20 17:00:00+00:00;5.003e-05;0.0;0;0;0;0.123;0.024;0.024;0.36708132;0.71207904;0.0001;0.08;0.0001
2017-11-20 18:00:00+00:00;0.00036237;0.0;0;0;0;0.005;0.039;0.039;0.54042998;0.85496889;0.0001;0.0;0.0001
2017-11-20 19:00:00+00:00;0.00037774;0.0;0;0;0;0.0;0.063;0.063;0.62760474;0.86174092;0.0001;0.0;0.0001
2017-11-20 20:00:00+00:00;5.323e-05;0.0;0;0;0;0.0;0.084;0.084;0.57529143;0.86004792;0.0001;0.0;0.0001
2017-11-20 21:00:00+00:00;1.866e-05;0.0;0;0;0;0.0;0.097;0.097;0.48274577;0.82889658;0.0001;0.0;0.0001
2017-11-20 22:00:00+00:00;1.177e-05;0.0;0;0;0;0.0;0.1;0.1;0.49524965;0.30372558;0.0001;0.0;0.0001
2017-11-20 23:00:00+00:00;1.13e-06;0.0;0;0;0;0.0;0.088;0.088;0.47404803;0.14390565;0.0001;0.0;0.0001
2017-11-21 00:00:00+00:00;1.76e-06;0.0;0;0;0;0.0;0.074;0.074;0.37304428;0.14526006;0.0001;0.0;0.0001
2017-11-21 01:00:00+00:00;3.62e-06;0.0;0;0;0;0.0;0.071;0.071;0.28891443;0.14390565;0.0001;0.0;0.0001
2017-11-21 02:00:00+00:00;5.21e-06;0.0;0;0;0;0.0;0.077;0.077;0.24620105;0.14932328;0.0001;0.0;0.0001
2017-11-21 03:00:00+00:00;6.84e-06;0.0;0;0;0;0.0;0.091;0.091;0.22701527;0.17810441;0.0001;0.0;0.0001
2017-11-21 04:00:00+00:00;9.05e-06;0.0;0;0;0;0.0;0.122;0.122;0.21793691;0.17471839;0.0001;0.0;0.0001
2017-11-21 05:00:00+00:00;5.191e-05;0.0;0;0;0;0.0;0.16;0.16;0.2028815;0.17675;0.0001;0.0;0.0001
2017-11-21 06:00:00+00:00;0.00032754;0.0;0;0;0;0.054;0.134;0.134;0.19519874;0.1753956;0.0001;0.022;0.0001
2017-11-21 07:00:00+00:00;0.00042518;0.0;0;0;0;0.23;0.05;0.05;0.24173235;0.18013602;0.0001;0.176;0.0001
2017-11-21 08:00:00+00:00;0.0003449;0.0;0;0;0;0.413;0.086;0.086;0.25282656;0.20790135;0.0001;0.393;0.0001
2017-11-21 09:00:00+00:00;6.449e-05;0.0;0;0;0;0.556;0.101;0.101;0.26108729;0.20620834;0.0001;0.586;0.0001
2017-11-21 10:00:00+00:00;2.087e-05;0.0;0;0;0;0.649;0.114;0.114;0.29549764;0.18386064;0.0001;0.72;0.0001
2017-11-21 11:00:00+00:00;1.956e-05;0.0;0;0;0;0.705;0.118;0.118;0.32777937;0.18521504;0.0001;0.816;0.0001
2017-11-21 12:00:00+00:00;2.083e-05;0.0;0;0;0;0.726;0.096;0.096;0.26055161;0.18047462;0.0001;0.865;0.0001
2017-11-21 13:00:00+00:00;2.055e-05;0.0;0;0;0;0.694;0.073;0.073;0.27067314;0.15000048;0.0001;0.821;0.0001
2017-11-21 14:00:00+00:00;2.04e-05;0.0;0;0;0;0.602;0.053;0.053;0.29632936;0.14593726;0.0001;0.668;0.0001
2017-11-21 15:00:00+00:00;2.14e-05;0.0;0;0;0;0.468;0.037;0.037;0.31200502;0.36331945;0.0001;0.467;0.0001
2017-11-21 16:00:00+00:00;2.344e-05;0.0;0;0;0;0.296;0.023;0.023;0.37125398;0.36298085;0.0001;0.244;0.0001
2017-11-21 17:00:00+00:00;4.955e-05;0.0;0;0;0;0.114;0.025;0.025;0.37601871;0.69955079;0.0001;0.055;0.0001
2017-11-21 18:00:00+00:00;0.00036615;0.0;0;0;0;0.005;0.046;0.046;0.53990839;0.83702301;0.0001;0.0;0.0001
2017-11-21 19:00:00+00:00;0.00037916;0.0;0;0;0;0.0;0.073;0.073;0.60179346;0.8556461;0.0001;0.0;0.0001
2017-11-21 20:00:00+00:00;5.38e-05;0.0;0;0;0;0.0;0.108;0.108;0.59013538;0.85429169;0.0001;0.0;0.0001
2017-11-21 21:00:00+00:00;1.906e-05;0.0;0;0;0;0.0;0.131;0.131;0.58947283;0.8126437;0.0001;0.0;0.0001
2017-11-21 22:00:00+00:00;1.199e-05;0.0;0;0;0;0.0;0.12;0.12;0.48308409;0.27833047;0.0001;0.0;0.0001
2017-11-21 23:00:00+00:00;1.15e-06;0.0;0;0;0;0.0;0.102;0.102;0.33997313;0.14593726;0.0001;0.0;0.0001
2017-11-22 00:00:00+00:00;1.87e-06;0.0;0;0;0;0.0;0.095;0.095;0.29967031;0.14729167;0.0001;0.0;0.0001
2017-11-22 01:00:00+00:00;3.94e-06;0.0;0;0;0;0.0;0.092;0.092;0.26275072;0.14559866;0.0001;0.0;0.0001
2017-11-22 02:00:00+00:00;5.31e-06;0.0;0;0;0;0.0;0.091;0.091;0.23283726;0.14559866;0.0001;0.0;0.0001
2017-11-22 03:00:00+00:00;7.07e-06;0.0;0;0;0;0.0;0.092;0.092;0.2259862;0.17979742;0.0001;0.0;0.0001
2017-11-22 04:00:00+00:00;8.98e-06;0.0;0;0;0;0.0;0.083;0.083;0.23920902;0.17878161;0.0001;0.0;0.0001
2017-11-22 05:00:00+00:00;4.891e-05;0.0;0;0;0;0.0;0.074;0.074;0.21527261;0.18182903;0.0001;0.0;0.0001
2017-11-22 06:00:00+00:00;0.00032956;0.0;0;0;0;0.049;0.063;0.063;0.34676779;0.17945882;0.0001;0.01;0.0001
2017-11-22 07:00:00+00:00;0.00042926;0.0;0;0;0;0.206;0.027;0.027;0.34836074;0.21162596;0.0001;0.103;0.0001
2017-11-22 08:00:00+00:00;0.00034589;0.0;0;0;0;0.368;0.037;0.037;0.39793927;0.21128736;0.0001;0.254;0.0001
2017-11-22 09:00:00+00:00;6.477e-05;0.0;0;0;0;0.493;0.045;0.045;0.403578;0.20722414;0.0001;0.382;0.0001
2017-11-22 10:00:00+00:00;2.116e-05;0.0;0;0;0;0.559;0.046;0.046;0.39287851;0.18216763;0.0001;0.421;0.0001
2017-11-22 11:00:00+00:00;2.144e-05;0.0;0;0;0;0.559;0.05;0.05;0.36902668;0.15237069;0.0001;0.354;0.0001
2017-11-22 12:00:00+00:00;2.101e-05;0.0;0;0;0;0.535;0.062;0.062;0.3387608;0.15237069;0.0001;0.28;0.0001
2017-11-22 13:00:00+00:00;1.964e-05;0.0;0;0;0;0.441;0.104;0.104;0.4191268;0.15474091;0.0001;0.15;0.0001
2017-11-22 14:00:00+00:00;2.068e-05;0.0;0;0;0;0.393;0.171;0.171;0.42596376;0.14932328;0.0001;0.124;0.0001
2017-11-22 15:00:00+00:00;2.181e-05;0.0;0;0;0;0.296;0.191;0.191;0.43315314;0.20079071;0.0001;0.073;0.0001
2017-11-22 16:00:00+00:00;2.368e-05;0.0;0;0;0;0.193;0.138;0.138;0.43074258;0.37043009;0.0001;0.037;0.0001
2017-11-22 17:00:00+00:00;4.95e-05;0.0;0;0;0;0.081;0.09;0.09;0.41877438;0.69718057;0.0001;0.009;0.0001
2017-11-22 18:00:00+00:00;0.00036231;0.0;0;0;0;0.004;0.088;0.088;0.62485586;0.87562359;0.0001;0.0;0.0001
2017-11-22 19:00:00+00:00;0.00037902;0.0;0;0;0;0.0;0.094;0.094;0.66916218;0.86038652;0.0001;0.0;0.0001
2017-11-22 20:00:00+00:00;5.34e-05;0.0;0;0;0;0.0;0.094;0.094;0.61197136;0.84108623;0.0001;0.0;0.0001
2017-11-22 21:00:00+00:00;1.864e-05;0.0;0;0;0;0.0;0.1;0.1;0.53051991;0.83058958;0.0001;0.0;0.0001
2017-11-22 22:00:00+00:00;1.2e-05;0.0;0;0;0;0.0;0.127;0.127;0.42334175;0.27189704;0.0001;0.0;0.0001
2017-11-22 23:00:00+00:00;1.35e-06;0.0;0;0;0;0.0;0.166;0.166;0.35867961;0.1544023;0.0001;0.0;0.0001
2017-11-23 00:00:00+00:00;1.38e-06;0.0;0;0;0;0.0;0.195;0.195;0.24401604;0.15541811;0.0001;0.0;0.0001
2017-11-23 01:00:00+00:00;2.89e-06;0.0;0;0;0;0.0;0.208;0.208;0.20874578;0.15203209;0.0001;0.0;0.0001
2017-11-23 02:00:00+00:00;4.18e-06;0.0;0;0;0;0.0;0.202;0.202;0.18901023;0.1530479;0.0001;0.0;0.0001
2017-11-23 03:00:00+00:00;5.42e-06;0.0;0;0;0;0.0;0.182;0.182;0.18992652;0.18656945;0.0001;0.0;0.0001
2017-11-23 04:00:00+00:00;7.51e-06;0.0;0;0;0;0.0;0.155;0.155;0.19332386;0.18453784;0.0001;0.0;0.0001
2017-11-23 05:00:00+00:00;4.822e-05;0.0;0;0;0;0.0;0.123;0.123;0.21063476;0.18352204;0.0001;0.0;0.0001
2017-11-23 06:00:00+00:00;0.00032484;0.0;0;0;0;0.046;0.074;0.074;0.31058125;0.18047462;0.0001;0.009;0.0001
2017-11-23 07:00:00+00:00;0.00043086;0.0;0;0;0;0.208;0.024;0.024;0.35673425;0.21670499;0.0001;0.111;0.0001
2017-11-23 08:00:00+00:00;0.00034244;0.0;0;0;0;0.365;0.089;0.089;0.41027399;0.21399617;0.0001;0.255;0.0001
2017-11-23 09:00:00+00:00;6.266e-05;0.0;0;0;0;0.505;0.128;0.128;0.38230589;0.21230317;0.0001;0.421;0.0001
2017-11-23 10:00:00+00:00;1.845e-05;0.0;0;0;0;0.569;0.097;0.097;0.37436938;0.1537251;0.0001;0.468;0.0001
2017-11-23 11:00:00+00:00;1.887e-05;0.0;0;0;0;0.621;0.056;0.056;0.38561865;0.15643391;0.0001;0.536;0.0001
2017-11-23 12:00:00+00:00;1.88e-05;0.0;0;0;0;0.628;0.034;0.034;0.39884147;0.16117433;0.0001;0.55;0.0001
2017-11-23 13:00:00+00:00;1.731e-05;0.0;0;0;0;0.608;0.017;0.017;0.38694375;0.15778832;0.0001;0.536;0.0001
2017-11-23 14:00:00+00:00;1.833e-05;0.0;0;0;0;0.516;0.006;0.006;0.48088499;0.15711111;0.0001;0.392;0.0001
2017-11-23 15:00:00+00:00;1.984e-05;0.0;0;0;0;0.376;0.001;0.001;0.52598073;0.3948094;0.0001;0.206;0.0001
2017-11-23 16:00:00+00:00;2.142e-05;0.0;0;0;0;0.239;0.0;0.0;0.48347881;0.39277779;0.0001;0.091;0.0001
2017-11-23 17:00:00+00:00;4.739e-05;0.0;0;0;0;0.091;0.001;0.001;0.45765342;0.71681946;0.0001;0.015;0.0001
2017-11-23 18:00:00+00:00;0.0003637;0.0;0;0;0;0.003;0.009;0.009;0.64939843;0.88273422;0.0001;0.0;0.0001
2017-11-23 19:00:00+00:00;0.00037568;0.0;0;0;0;0.0;0.072;0.072;0.7192623;0.87393058;0.0001;0.0;0.0001
2017-11-23 20:00:00+00:00;5.322e-05;0.0;0;0;0;0.0;0.207;0.207;0.63249634;0.88815184;0.0001;0.0;0.0001
2017-11-23 21:00:00+00:00;1.748e-05;0.0;0;0;0;0.0;0.303;0.303;0.53718771;0.86004792;0.0001;0.0;0.0001
2017-11-23 22:00:00+00:00;1.093e-05;0.0;0;0;0;0.0;0.296;0.296;0.40782114;0.34300336;0.0001;0.0;0.0001
2017-11-23 23:00:00+00:00;4.6e-07;0.0;0;0;0;0.0;0.273;0.273;0.32504459;0.18758525;0.0001;0.0;0.0001
2017-11-24 00:00:00+00:00;1.33e-06;0.0;0;0;0;0.0;0.258;0.258;0.21771136;0.18589225;0.0001;0.0;0.0001
2017-11-24 01:00:00+00:00;2.89e-06;0.0;0;0;0;0.0;0.189;0.189;0.18795297;0.19266428;0.0001;0.0;0.0001
2017-11-24 02:00:00+00:00;4.19e-06;0.0;0;0;0;0.0;0.079;0.079;0.1793821;0.19097127;0.0001;0.0;0.0001
2017-11-24 03:00:00+00:00;5.38e-06;0.0;0;0;0;0.0;0.02;0.02;0.1842314;0.19164847;0.0001;0.0;0.0001
2017-11-24 04:00:00+00:00;7.46e-06;0.0;0;0;0;0.0;0.003;0.003;0.1904763;0.19063267;0.0001;0.0;0.0001
2017-11-24 05:00:00+00:00;4.914e-05;0.0;0;0;0;0.0;0.0;0.0;0.21955805;0.18927826;0.0001;0.0;0.0001
2017-11-24 06:00:00+00:00;0.00032052;0.0;0;0;0;0.044;0.001;0.001;0.28610916;0.18690805;0.0001;0.006;0.0001
2017-11-24 07:00:00+00:00;0.00042828;0.0;0;0;0;0.17;0.008;0.008;0.27777794;0.22212261;0.0001;0.041;0.0001
2017-11-24 08:00:00+00:00;0.00033961;0.0;0;0;0;0.32;0.009;0.009;0.29033821;0.22347702;0.0001;0.125;0.0001
2017-11-24 09:00:00+00:00;6.305e-05;0.0;0;0;0;0.419;0.007;0.007;0.31409136;0.22279981;0.0001;0.176;0.0001
2017-11-24 10:00:00+00:00;1.745e-05;0.0;0;0;0;0.433;0.007;0.007;0.33532117;0.22246121;0.0001;0.132;0.0001
2017-11-24 11:00:00+00:00;1.825e-05;0.0;0;0;0;0.425;0.007;0.007;0.33319255;0.22347702;0.0001;0.097;0.0001
2017-11-24 12:00:00+00:00;1.916e-05;0.0;0;0;0;0.395;0.005;0.005;0.31540236;0.23126485;0.0001;0.069;0.0001
2017-11-24 13:00:00+00:00;1.905e-05;0.0;0;0;0;0.338;0.003;0.003;0.3281036;0.22550863;0.0001;0.044;0.0001
2017-11-24 14:00:00+00:00;1.889e-05;0.0;0;0;0;0.267;0.001;0.001;0.36558706;0.22449282;0.0001;0.026;0.0001
2017-11-24 15:00:00+00:00;1.921e-05;0.0;0;0;0;0.199;0.0;0.0;0.39620536;0.22517003;0.0001;0.016;0.0001
2017-11-24 16:00:00+00:00;2.167e-05;0.0;0;0;0;0.134;0.0;0.0;0.38353232;0.4398434;0.0001;0.01;0.0001
2017-11-24 17:00:00+00:00;4.655e-05;0.0;0;0;0;0.065;0.0;0.0;0.36953417;0.67381707;0.0001;0.004;0.0001
2017-11-24 18:00:00+00:00;0.0003662;0.0;0;0;0;0.005;0.0;0.0;0.58372133;0.88815184;0.0001;0.0;0.0001
2017-11-24 19:00:00+00:00;0.00037983;0.0;0;0;0;0.0;0.007;0.007;0.6162427;0.8790096;0.0001;0.0;0.0001
2017-11-24 20:00:00+00:00;5.314e-05;0.0;0;0;0;0.0;0.04;0.04;0.55589419;0.88408863;0.0001;0.0;0.0001
2017-11-24 21:00:00+00:00;1.749e-05;0.0;0;0;0;0.0;0.079;0.079;0.46014856;0.84921267;0.0001;0.0;0.0001
2017-11-24 22:00:00+00:00;1.088e-05;0.0;0;0;0;0.0;0.083;0.083;0.37226895;0.32471888;0.0001;0.0;0.0001
2017-11-24 23:00:00+00:00;4.2e-07;0.0;0;0;0;0.0;0.076;0.076;0.26103091;0.17370259;0.0001;0.0;0.0001
2017-11-25 00:00:00+00:00;1.62e-06;0.0;0;0;0;0.0;0.073;0.073;0.17203765;0.17336399;0.0001;0.0;0.0001
2017-11-25 01:00:00+00:00;4.04e-06;0.0;0;0;0;0.0;0.06;0.06;0.1536413;0.17471839;0.0001;0.0;0.0001
2017-11-25 02:00:00+00:00;5.7e-06;0.0;0;0;0;0.0;0.056;0.056;0.15705273;0.19300288;0.0001;0.0;0.0001
2017-11-25 03:00:00+00:00;6.68e-06;0.0;0;0;0;0.0;0.068;0.068;0.16345269;0.19503449;0.0001;0.0;0.0001
2017-11-25 04:00:00+00:00;9.05e-06;0.0;0;0;0;0.0;0.078;0.078;0.16921829;0.19164847;0.0001;0.0;0.0001
2017-11-25 05:00:00+00:00;5.042e-05;0.0;0;0;0;0.0;0.083;0.083;0.21950166;0.19368008;0.0001;0.0;0.0001
2017-11-25 06:00:00+00:00;0.00032809;0.0;0;0;0;0.043;0.074;0.074;0.26669783;0.18961686;0.0001;0.005;0.0001
2017-11-25 07:00:00+00:00;0.00042779;0.0;0;0;0;0.179;0.034;0.034;0.27602993;0.24988794;0.0001;0.048;0.0001
2017-11-25 08:00:00+00:00;0.00034383;0.0;0;0;0;0.295;0.027;0.027;0.33319255;0.24954934;0.0001;0.093;0.0001
2017-11-25 09:00:00+00:00;6.478e-05;0.0;0;0;0;0.377;0.039;0.039;0.35082768;0.24988794;0.0001;0.116;0.0001
2017-11-25 10:00:00+00:00;2.039e-05;0.0;0;0;0;0.412;0.056;0.056;0.33219168;0.22110681;0.0001;0.106;0.0001
2017-11-25 11:00:00+00:00;2.084e-05;0.0;0;0;0;0.385;0.083;0.083;0.31279445;0.1753956;0.0001;0.068;0.0001
2017-11-25 12:00:00+00:00;2.097e-05;0.0;0;0;0;0.387;0.121;0.121;0.30007911;0.17844301;0.0001;0.064;0.0001
2017-11-25 13:00:00+00:00;2.04e-05;0.0;0;0;0;0.355;0.147;0.147;0.35483118;0.18453784;0.0001;0.052;0.0001
2017-11-25 14:00:00+00:00;2.083e-05;0.0;0;0;0;0.297;0.131;0.131;0.40316919;0.17675;0.0001;0.037;0.0001
2017-11-25 15:00:00+00:00;2.22e-05;0.0;0;0;0;0.236;0.088;0.088;0.40908986;0.40124283;0.0001;0.027;0.0001
2017-11-25 16:00:00+00:00;2.395e-05;0.0;0;0;0;0.158;0.043;0.043;0.37052095;0.39379359;0.0001;0.016;0.0001
2017-11-25 17:00:00+00:00;4.993e-05;0.0;0;0;0;0.066;0.024;0.024;0.38205215;0.66332042;0.0001;0.004;0.0001
2017-11-25 18:00:00+00:00;0.00037071;0.0;0;0;0;0.003;0.031;0.031;0.5878376;0.80079265;0.0001;0.0;0.0001
2017-11-25 19:00:00+00:00;0.0003829;0.0;0;0;0;0.0;0.083;0.083;0.63470954;0.87088316;0.0001;0.0;0.0001
2017-11-25 20:00:00+00:00;5.468e-05;0.0;0;0;0;0.0;0.139;0.139;0.57529143;0.8779938;0.0001;0.0;0.0001
2017-11-25 21:00:00+00:00;1.881e-05;0.0;0;0;0;0.0;0.161;0.161;0.49685669;0.86309533;0.0001;0.0;0.0001
2017-11-25 22:00:00+00:00;1.221e-05;0.0;0;0;0;0.0;0.169;0.169;0.37723103;0.31693104;0.0001;0.0;0.0001
2017-11-25 23:00:00+00:00;1.04e-06;0.0;0;0;0;0.0;0.176;0.176;0.29811965;0.18216763;0.0001;0.0;0.0001
2017-11-26 00:00:00+00:00;1.76e-06;0.0;0;0;0;0.0;0.181;0.181;0.18316005;0.18487644;0.0001;0.0;0.0001
2017-11-26 01:00:00+00:00;3.91e-06;0.0;0;0;0;0.0;0.178;0.178;0.17199536;0.18927826;0.0001;0.0;0.0001
2017-11-26 02:00:00+00:00;5.01e-06;0.0;0;0;0;0.0;0.171;0.171;0.15022986;0.18961686;0.0001;0.0;0.0001
2017-11-26 03:00:00+00:00;6.62e-06;0.0;0;0;0;0.0;0.16;0.16;0.16556721;0.19334148;0.0001;0.0;0.0001
2017-11-26 04:00:00+00:00;9.01e-06;0.0;0;0;0;0.0;0.154;0.154;0.19096969;0.19130987;0.0001;0.0;0.0001
2017-11-26 05:00:00+00:00;4.99e-05;0.0;0;0;0;0.0;0.158;0.158;0.26163707;0.19164847;0.0001;0.0;0.0001
2017-11-26 06:00:00+00:00;0.00032736;0.0;0;0;0;0.035;0.149;0.149;0.3600752;0.19334148;0.0001;0.003;0.0001
2017-11-26 07:00:00+00:00;0.00043133;0.0;0;0;0;0.16;0.1;0.1;0.44819445;0.25564416;0.0001;0.032;0.0001
2017-11-26 08:00:00+00:00;0.00034371;0.0;0;0;0;0.305;0.101;0.101;0.46809917;0.2421001;0.0001;0.106;0.0001
2017-11-26 09:00:00+00:00;6.471e-05;0.0;0;0;0;0.437;0.137;0.137;0.47879866;0.23498947;0.0001;0.214;0.0001
2017-11-26 10:00:00+00:00;2.163e-05;0.0;0;0;0;0.508;0.157;0.157;0.46024724;0.18216763;0.0001;0.252;0.0001
2017-11-26 11:00:00+00:00;2.156e-05;0.0;0;0;0;0.416;0.158;0.158;0.46778904;0.38939177;0.0001;0.093;0.0001
2017-11-26 12:00:00+00:00;2.123e-05;0.0;0;0;0;0.35;0.154;0.154;0.39347058;0.39311639;0.0001;0.046;0.0001
2017-11-26 13:00:00+00:00;1.991e-05;0.0;0;0;0;0.312;0.156;0.156;0.42559724;0.38837597;0.0001;0.034;0.0001
2017-11-26 14:00:00+00:00;2.143e-05;0.0;0;0;0;0.291;0.145;0.145;0.48770785;0.3948094;0.0001;0.034;0.0001
2017-11-26 15:00:00+00:00;2.194e-05;0.0;0;0;0;0.233;0.098;0.098;0.46977669;0.38465135;0.0001;0.025;0.0001
2017-11-26 16:00:00+00:00;2.327e-05;0.0;0;0;0;0.138;0.051;0.051;0.45887985;0.38702156;0.0001;0.01;0.0001
2017-11-26 17:00:00+00:00;4.966e-05;0.0;0;0;0;0.051;0.032;0.032;0.45737149;0.69040854;0.0001;0.002;0.0001
2017-11-26 18:00:00+00:00;0.00036802;0.0;0;0;0;0.002;0.039;0.039;0.66236751;0.8790096;0.0001;0.0;0.0001
2017-11-26 19:00:00+00:00;0.00038364;0.0;0;0;0;0.0;0.091;0.091;0.69267569;0.86648134;0.0001;0.0;0.0001
2017-11-26 20:00:00+00:00;5.536e-05;0.0;0;0;0;0.0;0.149;0.149;0.62544793;0.84210203;0.0001;0.0;0.0001
2017-11-26 21:00:00+00:00;1.878e-05;0.0;0;0;0;0.0;0.166;0.166;0.54064143;0.83939322;0.0001;0.0;0.0001
2017-11-26 22:00:00+00:00;1.24e-05;0.0;0;0;0;0.0;0.19;0.19;0.46756349;0.5265254;0.0001;0.0;0.0001
2017-11-26 23:00:00+00:00;1.07e-06;0.0;0;0;0;0.0;0.205;0.205;0.41230394;0.40530605;0.0001;0.0;0.0001
2017-11-27 00:00:00+00:00;1.92e-06;0.0;0;0;0;0.0;0.159;0.159;0.40198506;0.40598325;0.0001;0.0;0.0001
2017-11-27 01:00:00+00:00;4.1e-06;0.0;0;0;0;0.0;0.079;0.079;0.38719749;0.16693056;0.0001;0.0;0.0001
2017-11-27 02:00:00+00:00;5.63e-06;0.0;0;0;0;0.0;0.039;0.039;0.34136871;0.19435728;0.0001;0.0;0.0001
2017-11-27 03:00:00+00:00;7.03e-06;0.0;0;0;0;0.0;0.028;0.028;0.31380942;0.18758525;0.0001;0.0;0.0001
2017-11-27 04:00:00+00:00;9.03e-06;0.0;0;0;0;0.0;0.038;0.038;0.32026576;0.19097127;0.0001;0.0;0.0001
2017-11-27 05:00:00+00:00;4.99e-05;0.0;0;0;0;0.0;0.051;0.051;0.37355176;0.18690805;0.0001;0.0;0.0001
2017-11-27 06:00:00+00:00;0.00033333;0.0;0;0;0;0.013;0.06;0.06;0.41443256;0.18623085;0.0001;0.0;0.0001
2017-11-27 07:00:00+00:00;0.00042862;0.0;0;0;0;0.065;0.047;0.047;0.47988411;0.24819493;0.0001;0.002;0.0001
2017-11-27 08:00:00+00:00;0.0003437;0.0;0;0;0;0.14;0.112;0.112;0.48422593;0.24785633;0.0001;0.006;0.0001
2017-11-27 09:00:00+00:00;6.319e-05;0.0;0;0;0;0.211;0.164;0.164;0.4999298;0.24311591;0.0001;0.012;0.0001
2017-11-27 10:00:00+00:00;2.048e-05;0.0;0;0;0;0.266;0.147;0.147;0.51419579;0.25564416;0.0001;0.017;0.0001
2017-11-27 11:00:00+00:00;2.049e-05;0.0;0;0;0;0.302;0.121;0.121;0.48206912;0.23431227;0.0001;0.022;0.0001
2017-11-27 12:00:00+00:00;2.112e-05;0.0;0;0;0;0.293;0.107;0.107;0.46403928;0.21128736;0.0001;0.019;0.0001
2017-11-27 13:00:00+00:00;2.086e-05;0.0;0;0;0;0.245;0.104;0.104;0.45924636;0.21670499;0.0001;0.013;0.0001
2017-11-27 14:00:00+00:00;2.119e-05;0.0;0;0;0;0.205;0.101;0.101;0.4821819;0.2207682;0.0001;0.009;0.0001
2017-11-27 15:00:00+00:00;2.145e-05;0.0;0;0;0;0.153;0.086;0.086;0.51553498;0.2187366;0.0001;0.006;0.0001
2017-11-27 16:00:00+00:00;2.407e-05;0.0;0;0;0;0.095;0.053;0.053;0.51082664;0.4174957;0.0001;0.003;0.0001
2017-11-27 17:00:00+00:00;5.077e-05;0.0;0;0;0;0.033;0.054;0.054;0.51086893;0.71648086;0.0001;0.001;0.0001
2017-11-27 18:00:00+00:00;0.00036894;0.0;0;0;0;0.0;0.087;0.087;0.67447669;0.88171842;0.0001;0.0;0.0001
2017-11-27 19:00:00+00:00;0.00038112;0.0;0;0;0;0.0;0.159;0.159;0.65919573;0.87630079;0.0001;0.0;0.0001
2017-11-27 20:00:00+00:00;5.25e-05;0.0;0;0;0;0.0;0.249;0.249;0.63331396;0.87426918;0.0001;0.0;0.0001
2017-11-27 21:00:00+00:00;1.873e-05;0.0;0;0;0;0.0;0.262;0.262;0.55466777;0.87291477;0.0001;0.0;0.0001
2017-11-27 22:00:00+00:00;1.22e-05;0.0;0;0;0;0.0;0.274;0.274;0.48581888;0.31930125;0.0001;0.0;0.0001
2017-11-27 23:00:00+00:00;1.05e-06;0.0;0;0;0;0.0;0.267;0.267;0.45717413;0.15643391;0.0001;0.0;0.0001
2017-11-28 00:00:00+00:00;1.88e-06;0.0;0;0;0;0.0;0.208;0.208;0.47865769;0.15609531;0.0001;0.0;0.0001
2017-11-28 01:00:00+00:00;3.83e-06;0.0;0;0;0;0.0;0.179;0.179;0.4355496;0.15914273;0.0001;0.0;0.0001
2017-11-28 02:00:00+00:00;5.28e-06;0.0;0;0;0;0.0;0.232;0.232;0.42241136;0.19097127;0.0001;0.0;0.0001
2017-11-28 03:00:00+00:00;6.85e-06;0.0;0;0;0;0.0;0.283;0.283;0.4217911;0.19063267;0.0001;0.0;0.0001
2017-11-28 04:00:00+00:00;9.13e-06;0.0;0;0;0;0.0;0.38;0.38;0.41856292;0.18995546;0.0001;0.0;0.0001
2017-11-28 05:00:00+00:00;5.069e-05;0.0;0;0;0;0.0;0.442;0.442;0.33334762;0.18758525;0.0001;0.0;0.0001
2017-11-28 06:00:00+00:00;0.0003307;0.0;0;0;0;0.026;0.385;0.385;0.34704973;0.18961686;0.0001;0.001;0.0001
2017-11-28 07:00:00+00:00;0.00043258;0.0;0;0;0;0.117;0.321;0.321;0.37809094;0.23295786;0.0001;0.012;0.0001
2017-11-28 08:00:00+00:00;0.00033644;0.0;0;0;0;0.222;0.501;0.501;0.39777011;0.23735968;0.0001;0.033;0.0001
2017-11-28 09:00:00+00:00;6.537e-05;0.0;0;0;0;0.349;0.651;0.651;0.4160255;0.23532807;0.0001;0.085;0.0001
2017-11-28 10:00:00+00:00;2.181e-05;0.0;0;0;0;0.435;0.706;0.706;0.42788093;0.23634388;0.0001;0.134;0.0001
2017-11-28 11:00:00+00:00;2.015e-05;0.0;0;0;0;0.442;0.694;0.694;0.41953561;0.23634388;0.0001;0.118;0.0001
2017-11-28 12:00:00+00:00;1.937e-05;0.0;0;0;0;0.412;0.626;0.626;0.39953221;0.20586974;0.0001;0.087;0.0001
2017-11-28 13:00:00+00:00;2.081e-05;0.0;0;0;0;0.391;0.525;0.525;0.40742643;0.21094876;0.0001;0.08;0.0001
2017-11-28 14:00:00+00:00;2.124e-05;0.0;0;0;0;0.368;0.418;0.418;0.4386791;0.20654694;0.0001;0.086;0.0001
2017-11-28 15:00:00+00:00;2.279e-05;0.0;0;0;0;0.326;0.332;0.332;0.46320757;0.19909771;0.0001;0.093;0.0001
2017-11-28 16:00:00+00:00;2.413e-05;0.0;0;0;0;0.221;0.28;0.28;0.43208178;0.39243919;0.0001;0.056;0.0001
2017-11-28 17:00:00+00:00;5.027e-05;0.0;0;0;0;0.104;0.291;0.291;0.43115139;0.70632282;0.0001;0.018;0.0001
2017-11-28 18:00:00+00:00;0.00036731;0.0;0;0;0;0.006;0.335;0.335;0.49407962;0.85361449;0.0001;0.0;0.0001
2017-11-28 19:00:00+00:00;0.0003801;0.0;0;0;0;0.0;0.251;0.251;0.54007756;0.8779938;0.0001;0.0;0.0001
2017-11-28 20:00:00+00:00;5.53e-05;0.0;0;0;0;0.0;0.186;0.186;0.52853226;0.87291477;0.0001;0.0;0.0001
2017-11-28 21:00:00+00:00;1.876e-05;0.0;0;0;0;0.0;0.186;0.186;0.49830866;0.84074763;0.0001;0.0;0.0001
2017-11-28 22:00:00+00:00;1.2e-05;0.0;0;0;0;0.0;0.203;0.203;0.4444306;0.31489943;0.0001;0.0;0.0001
2017-11-28 23:00:00+00:00;1.1e-06;0.0;0;0;0;0.0;0.185;0.185;0.43585973;0.16456035;0.0001;0.0;0.0001
2017-11-29 00:00:00+00:00;1.83e-06;0.0;0;0;0;0.0;0.128;0.128;0.42272149;0.15711111;0.0001;0.0;0.0001
2017-11-29 01:00:00+00:00;3.66e-06;0.0;0;0;0;0.0;0.09;0.09;0.43894693;0.16049713;0.0001;0.0;0.0001
2017-11-29 02:00:00+00:00;5.46e-06;0.0;0;0;0;0.0;0.08;0.08;0.43671964;0.18284483;0.0001;0.0;0.0001
2017-11-29 03:00:00+00:00;6.88e-06;0.0;0;0;0;0.0;0.103;0.103;0.42094529;0.18893966;0.0001;0.0;0.0001
2017-11-29 04:00:00+00:00;9.11e-06;0.0;0;0;0;0.0;0.136;0.136;0.42748622;0.18419924;0.0001;0.0;0.0001
2017-11-29 05:00:00+00:00;4.947e-05;0.0;0;0;0;0.0;0.142;0.142;0.48033521;0.18352204;0.0001;0.0;0.0001
2017-11-29 06:00:00+00:00;0.00033145;0.0;0;0;0;0.025;0.102;0.102;0.53153488;0.21568918;0.0001;0.001;0.0001
2017-11-29 07:00:00+00:00;0.0004325;0.0;0;0;0;0.111;0.086;0.086;0.43302627;0.18386064;0.0001;0.011;0.0001
2017-11-29 08:00:00+00:00;0.0003427;0.0;0;0;0;0.222;0.156;0.156;0.44490989;0.21568918;0.0001;0.035;0.0001
2017-11-29 09:00:00+00:00;6.444e-05;0.0;0;0;0;0.333;0.123;0.123;0.48422593;0.21670499;0.0001;0.079;0.0001
2017-11-29 10:00:00+00:00;2.08e-05;0.0;0;0;0;0.449;0.086;0.086;0.42366598;0.18995546;0.0001;0.168;0.0001
2017-11-29 11:00:00+00:00;2.138e-05;0.0;0;0;0;0.514;0.07;0.07;0.43559189;0.20688554;0.0001;0.241;0.0001
2017-11-29 12:00:00+00:00;2.168e-05;0.0;0;0;0;0.538;0.073;0.073;0.36947778;0.3504526;0.0001;0.286;0.0001
2017-11-29 13:00:00+00:00;2.055e-05;0.0;0;0;0;0.52;0.078;0.078;0.48182948;0.3744933;0.0001;0.283;0.0001
2017-11-29 14:00:00+00:00;2.069e-05;0.0;0;0;0;0.459;0.073;0.073;0.46274237;0.40158143;0.0001;0.237;0.0001
2017-11-29 15:00:00+00:00;2.277e-05;0.0;0;0;0;0.371;0.055;0.055;0.48797569;0.42528354;0.0001;0.178;0.0001
2017-11-29 16:00:00+00:00;2.422e-05;0.0;0;0;0;0.251;0.031;0.031;0.50376414;0.39108478;0.0001;0.103;0.0001
2017-11-29 17:00:00+00:00;4.892e-05;0.0;0;0;0;0.11;0.022;0.022;0.51884774;0.71749667;0.0001;0.027;0.0001
2017-11-29 18:00:00+00:00;0.00036508;0.0;0;0;0;0.006;0.009;0.009;0.68493653;0.88341142;0.0001;0.0;0.0001
2017-11-29 19:00:00+00:00;0.00038393;0.0;0;0;0;0.0;0.013;0.013;0.66455252;0.86749715;0.0001;0.0;0.0001
2017-11-29 20:00:00+00:00;5.43e-05;0.0;0;0;0;0.0;0.073;0.073;0.54220618;0.86546554;0.0001;0.0;0.0001
2017-11-29 21:00:00+00:00;1.876e-05;0.0;0;0;0;0.0;0.171;0.171;0.4817308;0.82449476;0.0001;0.0;0.0001
2017-11-29 22:00:00+00:00;1.195e-05;0.0;0;0;0;0.0;0.215;0.215;0.40729956;0.308466;0.0001;0.0;0.0001
2017-11-29 23:00:00+00:00;1.42e-06;0.0;0;0;0;0.0;0.199;0.199;0.38846621;0.1544023;0.0001;0.0;0.0001
2017-11-30 00:00:00+00:00;1.31e-06;0.0;0;0;0;0.0;0.172;0.172;0.38502658;0.15033909;0.0001;0.0;0.0001
2017-11-30 01:00:00+00:00;2.92e-06;0.0;0;0;0;0.0;0.169;0.169;0.38577371;0.15609531;0.0001;0.0;0.0001
2017-11-30 02:00:00+00:00;4.1e-06;0.0;0;0;0;0.0;0.183;0.183;0.38076934;0.18555364;0.0001;0.0;0.0001
2017-11-30 03:00:00+00:00;5.41e-06;0.0;0;0;0;0.0;0.206;0.206;0.37046456;0.18487644;0.0001;0.0;0.0001
2017-11-30 04:00:00+00:00;7.48e-06;0.0;0;0;0;0.0;0.194;0.194;0.38573142;0.18724665;0.0001;0.0;0.0001
2017-11-30 05:00:00+00:00;4.956e-05;0.0;0;0;0;0.0;0.185;0.185;0.36974562;0.18216763;0.0001;0.0;0.0001
2017-11-30 06:00:00+00:00;0.00032964;0.0;0;0;0;0.049;0.134;0.134;0.41595501;0.21535058;0.0001;0.009;0.0001
2017-11-30 07:00:00+00:00;0.00042819;0.0;0;0;0;0.177;0.046;0.046;0.41548982;0.21128736;0.0001;0.061;0.0001
2017-11-30 08:00:00+00:00;0.00034006;0.0;0;0;0;0.299;0.082;0.082;0.53637009;0.21602778;0.0001;0.128;0.0001
2017-11-30 09:00:00+00:00;6.195e-05;0.0;0;0;0;0.426;0.156;0.156;0.57571433;0.19909771;0.0001;0.25;0.0001
2017-11-30 10:00:00+00:00;1.804e-05;0.0;0;0;0;0.564;0.199;0.199;0.63198886;0.19503449;0.0001;0.48;0.0001
2017-11-30 11:00:00+00:00;1.806e-05;0.0;0;0;0;0.662;0.21;0.21;0.66104241;0.16625336;0.0001;0.696;0.0001
2017-11-30 12:00:00+00:00;1.821e-05;0.0;0;0;0;0.676;0.207;0.207;0.64211038;0.20214512;0.0001;0.736;0.0001
2017-11-30 13:00:00+00:00;1.924e-05;0.0;0;0;0;0.639;0.166;0.166;0.64531035;0.19875911;0.0001;0.677;0.0001
2017-11-30 14:00:00+00:00;1.895e-05;0.0;0;0;0;0.543;0.105;0.105;0.67714098;0.19605029;0.0001;0.506;0.0001
2017-11-30 15:00:00+00:00;1.96e-05;0.0;0;0;0;0.398;0.056;0.056;0.66692079;0.43374857;0.0001;0.28;0.0001
2017-11-30 16:00:00+00:00;2.272e-05;0.0;0;0;0;0.255;0.041;0.041;0.56851085;0.42325193;0.0001;0.133;0.0001
2017-11-30 17:00:00+00:00;4.866e-05;0.0;0;0;0;0.105;0.054;0.054;0.56931437;0.71749667;0.0001;0.028;0.0001
2017-11-30 18:00:00+00:00;0.00037013;0.0;0;0;0;0.005;0.073;0.073;0.76246907;0.85801631;0.0001;0.0;0.0001
2017-11-30 19:00:00+00:00;0.00037808;0.0;0;0;0;0.0;0.097;0.097;0.78812529;0.87088316;0.0001;0.0;0.0001
2017-11-30 20:00:00+00:00;5.297e-05;0.0;0;0;0;0.0;0.116;0.116;0.73943485;0.86207953;0.0001;0.0;0.0001
2017-11-30 21:00:00+00:00;1.743e-05;0.0;0;0;0;0.0;0.127;0.127;0.67735244;0.83533;0.0001;0.0;0.0001
2017-11-30 22:00:00+00:00;1.101e-05;0.0;0;0;0;0.0;0.156;0.156;0.56993463;0.30575719;0.0001;0.0;0.0001
2017-11-30 23:00:00+00:00;4.7e-07;0.0;0;0;0;0.0;0.184;0.184;0.52602302;0.18318343;0.0001;0.0;0.0001
2017-12-01 00:00:00+00:00;1.31e-06;0.0;0;0;0;0.0;0.212;0.212;0.70661745;0.18589225;0.0001;0.0;0.0001
2017-12-01 01:00:00+00:00;2.87e-06;0.0;0;0;0;0.0;0.223;0.223;0.67278507;0.21399617;0.0001;0.0;0.0001
2017-12-01 02:00:00+00:00;4.08e-06;0.0;0;0;0;0.0;0.23;0.23;0.66056312;0.21196457;0.0001;0.0;0.0001
2017-12-01 03:00:00+00:00;5.41e-06;0.0;0;0;0;0.0;0.209;0.209;0.64903192;0.21501198;0.0001;0.0;0.0001
2017-12-01 04:00:00+00:00;7.43e-06;0.0;0;0;0;0.0;0.226;0.226;0.65937899;0.21805939;0.0001;0.0;0.0001
2017-12-01 05:00:00+00:00;4.873e-05;0.0;0;0;0;0.0;0.25;0.25;0.65368387;0.21704359;0.0001;0.0;0.0001
2017-12-01 06:00:00+00:00;0.00033116;0.0;0;0;0;0.054;0.226;0.226;0.69703161;0.21636638;0.0001;0.015;0.0001
2017-12-01 07:00:00+00:00;0.00042522;0.0;0;0;0;0.217;0.17;0.17;0.70110559;0.21636638;0.0001;0.132;0.0001
2017-12-01 08:00:00+00:00;0.00034187;0.0;0;0;0;0.38;0.266;0.266;0.71104385;0.25124234;0.0001;0.294;0.0001
2017-12-01 09:00:00+00:00;6.066e-05;0.0;0;0;0;0.501;0.371;0.371;0.64580374;0.27189704;0.0001;0.418;0.0001
2017-12-01 10:00:00+00:00;1.911e-05;0.0;0;0;0;0.536;0.387;0.387;0.68658586;0.29289033;0.0001;0.39;0.0001
2017-12-01 11:00:00+00:00;1.947e-05;0.0;0;0;0;0.576;0.372;0.372;0.69893468;0.27155844;0.0001;0.419;0.0001
2017-12-01 12:00:00+00:00;1.875e-05;0.0;0;0;0;0.566;0.34;0.34;0.69779283;0.48487741;0.0001;0.381;0.0001
2017-12-01 13:00:00+00:00;1.737e-05;0.0;0;0;0;0.508;0.293;0.293;0.71186147;0.49368105;0.0001;0.287;0.0001
2017-12-01 14:00:00+00:00;1.815e-05;0.0;0;0;0;0.446;0.244;0.244;0.72987721;0.51027252;0.0001;0.231;0.0001
2017-12-01 15:00:00+00:00;2.034e-05;0.0;0;0;0;0.355;0.195;0.195;0.7179231;0.47742817;0.0001;0.164;0.0001
2017-12-01 16:00:00+00:00;2.272e-05;0.0;0;0;0;0.233;0.148;0.148;0.71606232;0.47810538;0.0001;0.084;0.0001
2017-12-01 17:00:00+00:00;4.797e-05;0.0;0;0;0;0.1;0.143;0.143;0.70864739;0.73002492;0.0001;0.021;0.0001
2017-12-01 18:00:00+00:00;0.00036274;0.0;0;0;0;0.006;0.199;0.199;0.7321327;0.87156037;0.0001;0.0;0.0001
2017-12-01 19:00:00+00:00;0.00038368;0.0;0;0;0;0.0;0.254;0.254;0.88604183;0.8776552;0.0001;0.0;0.0001
2017-12-01 20:00:00+00:00;5.397e-05;0.0;0;0;0;0.0;0.29;0.29;0.8009393;0.87528499;0.0001;0.0;0.0001
2017-12-01 21:00:00+00:00;1.748e-05;0.0;0;0;0;0.0;0.309;0.309;0.78395263;0.87494638;0.0001;0.0;0.0001
2017-12-01 22:00:00+00:00;1.107e-05;0.0;0;0;0;0.0;0.306;0.306;0.7241257;0.37957233;0.0001;0.0;0.0001
2017-12-01 23:00:00+00:00;4.8e-07;0.0;0;0;0;0.0;0.285;0.285;0.70557428;0.24887213;0.0001;0.0;0.0001
2017-12-02 00:00:00+00:00;1.77e-06;0.0;0;0;0;0.0;0.254;0.254;0.67965022;0.39345499;0.0001;0.0;0.0001
2017-12-02 01:00:00+00:00;3.67e-06;0.0;0;0;0;0.0;0.233;0.233;0.62064091;0.39379359;0.0001;0.0;0.0001
2017-12-02 02:00:00+00:00;5.09e-06;0.0;0;0;0;0.0;0.214;0.214;0.574502;0.4181729;0.0001;0.0;0.0001
2017-12-02 03:00:00+00:00;6.85e-06;0.0;0;0;0;0.0;0.222;0.222;0.57533371;0.38363555;0.0001;0.0;0.0001
2017-12-02 04:00:00+00:00;9.12e-06;0.0;0;0;0;0.0;0.225;0.225;0.59162965;0.37991093;0.0001;0.0;0.0001
2017-12-02 05:00:00+00:00;5.253e-05;0.0;0;0;0;0.0;0.223;0.223;0.64602929;0.38092673;0.0001;0.0;0.0001
2017-12-02 06:00:00+00:00;0.00032599;0.0;0;0;0;0.046;0.171;0.171;0.67120622;0.41952731;0.0001;0.007;0.0001
2017-12-02 07:00:00+00:00;0.00043622;0.0;0;0;0;0.177;0.145;0.145;0.71431431;0.41343248;0.0001;0.054;0.0001
2017-12-02 08:00:00+00:00;0.00034862;0.0;0;0;0;0.304;0.284;0.284;0.71370815;0.4178343;0.0001;0.124;0.0001
2017-12-02 09:00:00+00:00;6.474e-05;0.0;0;0;0;0.424;0.428;0.428;0.66979654;0.50350049;0.0001;0.219;0.0001
2017-12-02 10:00:00+00:00;2.045e-05;0.0;0;0;0;0.496;0.462;0.462;0.70836545;0.55429072;0.0001;0.269;0.0001
2017-12-02 11:00:00+00:00;2.183e-05;0.0;0;0;0;0.49;0.458;0.458;0.71297511;0.52855701;0.0001;0.213;0.0001
2017-12-02 12:00:00+00:00;2.227e-05;0.0;0;0;0;0.482;0.435;0.435;0.67998854;0.53126582;0.0001;0.191;0.0001
2017-12-02 13:00:00+00:00;2.037e-05;0.0;0;0;0;0.477;0.382;0.382;0.71902265;0.52957281;0.0001;0.205;0.0001
2017-12-02 14:00:00+00:00;1.991e-05;0.0;0;0;0;0.432;0.28;0.28;0.6881647;0.53803785;0.0001;0.192;0.0001
2017-12-02 15:00:00+00:00;2.26e-05;0.0;0;0;0;0.355;0.172;0.172;0.71759887;0.58510346;0.0001;0.155;0.0001
2017-12-02 16:00:00+00:00;2.476e-05;0.0;0;0;0;0.236;0.092;0.092;0.67075512;0.56783479;0.0001;0.083;0.0001
2017-12-02 17:00:00+00:00;5.003e-05;0.0;0;0;0;0.102;0.072;0.072;0.71019804;0.7686255;0.0001;0.02;0.0001
2017-12-02 18:00:00+00:00;0.00036632;0.0;0;0;0;0.006;0.094;0.094;0.76861528;0.87528499;0.0001;0.0;0.0001
2017-12-02 19:00:00+00:00;0.00038191;0.0;0;0;0;0.0;0.132;0.132;0.843117;0.87122177;0.0001;0.0;0.0001
2017-12-02 20:00:00+00:00;5.551e-05;0.0;0;0;0;0.0;0.161;0.161;0.78042842;0.86715855;0.0001;0.0;0.0001
2017-12-02 21:00:00+00:00;1.876e-05;0.0;0;0;0;0.0;0.165;0.165;0.71451167;0.86952876;0.0001;0.0;0.0001
2017-12-02 22:00:00+00:00;1.217e-05;0.0;0;0;0;0.0;0.157;0.157;0.69175939;0.58544207;0.0001;0.0;0.0001
2017-12-02 23:00:00+00:00;1.13e-06;0.0;0;0;0;0.0;0.169;0.169;0.70309324;0.44593823;0.0001;0.0;0.0001
2017-12-03 00:00:00+00:00;1.71e-06;0.0;0;0;0;0.0;0.171;0.171;0.62729461;0.22517003;0.0001;0.0;0.0001
2017-12-03 01:00:00+00:00;3.79e-06;0.0;0;0;0;0.0;0.172;0.172;0.58346758;0.22313842;0.0001;0.0;0.0001
2017-12-03 02:00:00+00:00;5.56e-06;0.0;0;0;0;0.0;0.186;0.186;0.55503429;0.23092625;0.0001;0.0;0.0001
2017-12-03 03:00:00+00:00;6.95e-06;0.0;0;0;0;0.0;0.195;0.195;0.565184;0.24582472;0.0001;0.0;0.0001
2017-12-03 04:00:00+00:00;8.95e-06;0.0;0;0;0;0.0;0.195;0.195;0.57180951;0.24684052;0.0001;0.0;0.0001
2017-12-03 05:00:00+00:00;5e-05;0.0;0;0;0;0.0;0.193;0.193;0.63239766;0.24819493;0.0001;0.0;0.0001
2017-12-03 06:00:00+00:00;0.00032734;0.0;0;0;0;0.012;0.143;0.143;0.65341603;0.23702108;0.0001;0.0;0.0001
2017-12-03 07:00:00+00:00;0.000435;0.0;0;0;0;0.072;0.075;0.075;0.58445436;0.24819493;0.0001;0.002;0.0001
2017-12-03 08:00:00+00:00;0.00034468;0.0;0;0;0;0.145;0.173;0.173;0.61367708;0.24887213;0.0001;0.007;0.0001
2017-12-03 09:00:00+00:00;6.552e-05;0.0;0;0;0;0.208;0.264;0.264;0.61989378;0.24582472;0.0001;0.011;0.0001
2017-12-03 10:00:00+00:00;2.012e-05;0.0;0;0;0;0.261;0.28;0.28;0.64578965;0.24311591;0.0001;0.016;0.0001
2017-12-03 11:00:00+00:00;2.032e-05;0.0;0;0;0;0.282;0.258;0.258;0.60590973;0.27968487;0.0001;0.017;0.0001
2017-12-03 12:00:00+00:00;2.078e-05;0.0;0;0;0;0.266;0.226;0.226;0.6238127;0.26614081;0.0001;0.014;0.0001
2017-12-03 13:00:00+00:00;2.118e-05;0.0;0;0;0;0.247;0.223;0.223;0.62609638;0.28070068;0.0001;0.012;0.0001
2017-12-03 14:00:00+00:00;2.155e-05;0.0;0;0;0;0.212;0.199;0.199;0.59615473;0.28036208;0.0001;0.01;0.0001
2017-12-03 15:00:00+00:00;2.176e-05;0.0;0;0;0;0.158;0.132;0.132;0.55950298;0.49638986;0.0001;0.006;0.0001
2017-12-03 16:00:00+00:00;2.404e-05;0.0;0;0;0;0.096;0.068;0.068;0.58334071;0.483523;0.0001;0.003;0.0001
2017-12-03 17:00:00+00:00;4.947e-05;0.0;0;0;0;0.037;0.049;0.049;0.61924532;0.72934772;0.0001;0.001;0.0001
2017-12-03 18:00:00+00:00;0.00037448;0.0;0;0;0;0.001;0.041;0.041;0.73713707;0.87697799;0.0001;0.0;0.0001
2017-12-03 19:00:00+00:00;0.00038094;0.0;0;0;0;0.0;0.043;0.043;0.85765083;0.87291477;0.0001;0.0;0.0001
2017-12-03 20:00:00+00:00;5.514e-05;0.0;0;0;0;0.0;0.073;0.073;0.79166359;0.86478834;0.0001;0.0;0.0001
2017-12-03 21:00:00+00:00;1.868e-05;0.0;0;0;0;0.0;0.121;0.121;0.71648522;0.8773166;0.0001;0.0;0.0001
2017-12-03 22:00:00+00:00;1.217e-05;0.0;0;0;0;0.0;0.163;0.163;0.7041364;0.58645787;0.0001;0.0;0.0001
2017-12-03 23:00:00+00:00;1.25e-06;0.0;0;0;0;0.0;0.194;0.194;0.64650858;0.21331897;0.0001;0.0;0.0001
2017-12-04 00:00:00+00:00;1.78e-06;0.0;0;0;0;0.0;0.199;0.199;0.66317103;0.24345451;0.0001;0.0;0.0001
2017-12-04 01:00:00+00:00;3.87e-06;0.0;0;0;0;0.0;0.189;0.189;0.65778605;0.23634388;0.0001;0.0;0.0001
2017-12-04 02:00:00+00:00;5.78e-06;0.0;0;0;0;0.0;0.149;0.149;0.61773696;0.23735968;0.0001;0.0;0.0001
2017-12-04 03:00:00+00:00;6.94e-06;0.0;0;0;0;0.0;0.108;0.108;0.63628839;0.23769828;0.0001;0.0;0.0001
2017-12-04 04:00:00+00:00;8.9e-06;0.0;0;0;0;0.0;0.08;0.08;0.6650882;0.25428976;0.0001;0.0;0.0001
2017-12-04 05:00:00+00:00;5.188e-05;0.0;0;0;0;0.0;0.066;0.066;0.6979197;0.25767577;0.0001;0.0;0.0001
2017-12-04 06:00:00+00:00;0.00032688;0.0;0;0;0;0.026;0.052;0.052;0.69759548;0.25361255;0.0001;0.001;0.0001
2017-12-04 07:00:00+00:00;0.00043158;0.0;0;0;0;0.121;0.017;0.017;0.68974355;0.25191955;0.0001;0.01;0.0001
2017-12-04 08:00:00+00:00;0.00034927;0.0;0;0;0;0.222;0.047;0.047;0.6979338;0.25699857;0.0001;0.025;0.0001
2017-12-04 09:00:00+00:00;6.439e-05;0.0;0;0;0;0.286;0.085;0.085;0.6952977;0.25970738;0.0001;0.032;0.0001
2017-12-04 10:00:00+00:00;2.091e-05;0.0;0;0;0;0.3;0.094;0.094;0.68751625;0.25665997;0.0001;0.026;0.0001
2017-12-04 11:00:00+00:00;2.034e-05;0.0;0;0;0;0.282;0.086;0.086;0.69063165;0.25835298;0.0001;0.018;0.0001
2017-12-04 12:00:00+00:00;2.097e-05;0.0;0;0;0;0.239;0.08;0.08;0.69911794;0.25598277;0.0001;0.011;0.0001
2017-12-04 13:00:00+00:00;2.04e-05;0.0;0;0;0;0.202;0.063;0.063;0.70264214;0.3297979;0.0001;0.008;0.0001
2017-12-04 14:00:00+00:00;2.156e-05;0.0;0;0;0;0.184;0.036;0.036;0.71239714;0.58950528;0.0001;0.007;0.0001
2017-12-04 15:00:00+00:00;2.29e-05;0.0;0;0;0;0.141;0.014;0.014;0.69679196;0.58036304;0.0001;0.005;0.0001
2017-12-04 16:00:00+00:00;2.447e-05;0.0;0;0;0;0.087;0.004;0.004;0.70147211;0.5715594;0.0001;0.003;0.0001
2017-12-04 17:00:00+00:00;5.038e-05;0.0;0;0;0;0.035;0.003;0.003;0.70760422;0.77268872;0.0001;0.001;0.0001
2017-12-04 18:00:00+00:00;0.0003692;0.0;0;0;0;0.001;0.007;0.007;0.80086882;0.88070261;0.0001;0.0;0.0001
2017-12-04 19:00:00+00:00;0.00038327;0.0;0;0;0;0.0;0.023;0.023;0.88381453;0.88612024;0.0001;0.0;0.0001
2017-12-04 20:00:00+00:00;5.422e-05;0.0;0;0;0;0.0;0.048;0.048;0.77240733;0.88984485;0.0001;0.0;0.0001
2017-12-04 21:00:00+00:00;1.886e-05;0.0;0;0;0;0.0;0.075;0.075;0.72143321;0.8790096;0.0001;0.0;0.0001
2017-12-04 22:00:00+00:00;1.236e-05;0.0;0;0;0;0.0;0.081;0.081;0.71131169;0.36805987;0.0001;0.0;0.0001
2017-12-04 23:00:00+00:00;1.18e-06;0.0;0;0;0;0.0;0.074;0.074;0.70613815;0.24988794;0.0001;0.0;0.0001
2017-12-05 00:00:00+00:00;1.87e-06;0.0;0;0;0;0.0;0.059;0.059;0.43994781;0.14898468;0.0001;0.0;0.0001
2017-12-05 01:00:00+00:00;3.57e-06;0.0;0;0;0;0.0;0.05;0.05;0.39352696;0.14492146;0.0001;0.0;0.0001
2017-12-05 02:00:00+00:00;5.03e-06;0.0;0;0;0;0.0;0.05;0.05;0.37638522;0.14187405;0.0001;0.0;0.0001
2017-12-05 03:00:00+00:00;6.72e-06;0.0;0;0;0;0.0;0.041;0.041;0.36544609;0.14424426;0.0001;0.0;0.0001
2017-12-05 04:00:00+00:00;9.17e-06;0.0;0;0;0;0.0;0.021;0.021;0.37816142;0.14458286;0.0001;0.0;0.0001
2017-12-05 05:00:00+00:00;5.173e-05;0.0;0;0;0;0.0;0.009;0.009;0.40570662;0.12866859;0.0001;0.0;0.0001
2017-12-05 06:00:00+00:00;0.00032711;0.0;0;0;0;0.043;0.016;0.016;0.42890999;0.1313774;0.0001;0.004;0.0001
2017-12-05 07:00:00+00:00;0.00043125;0.0;0;0;0;0.176;0.016;0.016;0.47045334;0.17370259;0.0001;0.044;0.0001
2017-12-05 08:00:00+00:00;0.00034971;0.0;0;0;0;0.318;0.003;0.003;0.51526715;0.1760728;0.0001;0.12;0.0001
2017-12-05 09:00:00+00:00;6.38e-05;0.0;0;0;0;0.387;0.002;0.002;0.48879331;0.17979742;0.0001;0.133;0.0001
2017-12-05 10:00:00+00:00;2.018e-05;0.0;0;0;0;0.445;0.002;0.002;0.43621215;0.14322845;0.0001;0.151;0.0001
2017-12-05 11:00:00+00:00;2.1e-05;0.0;0;0;0;0.455;0.004;0.004;0.48632636;0.14085824;0.0001;0.131;0.0001
2017-12-05 12:00:00+00:00;2.18e-05;0.0;0;0;0;0.41;0.006;0.006;0.42830383;0.15237069;0.0001;0.084;0.0001
2017-12-05 13:00:00+00:00;2.189e-05;0.0;0;0;0;0.345;0.012;0.012;0.4643917;0.16760776;0.0001;0.049;0.0001
2017-12-05 14:00:00+00:00;2.179e-05;0.0;0;0;0;0.293;0.017;0.017;0.42968532;0.18318343;0.0001;0.036;0.0001
2017-12-05 15:00:00+00:00;2.197e-05;0.0;0;0;0;0.229;0.018;0.018;0.44896978;0.39819541;0.0001;0.025;0.0001
2017-12-05 16:00:00+00:00;2.402e-05;0.0;0;0;0;0.148;0.017;0.017;0.48400039;0.40733765;0.0001;0.013;0.0001
2017-12-05 17:00:00+00:00;4.918e-05;0.0;0;0;0;0.064;0.023;0.023;0.58566669;0.68566812;0.0001;0.004;0.0001
2017-12-05 18:00:00+00:00;0.0003739;0.0;0;0;0;0.003;0.043;0.043;0.7720831;0.81839993;0.0001;0.0;0.0001
2017-12-05 19:00:00+00:00;0.00038468;0.0;0;0;0;0.0;0.073;0.073;0.71508964;0.82347895;0.0001;0.0;0.0001
2017-12-05 20:00:00+00:00;5.429e-05;0.0;0;0;0;0.0;0.099;0.099;0.65672878;0.81873853;0.0001;0.0;0.0001
2017-12-05 21:00:00+00:00;1.894e-05;0.0;0;0;0;0.0;0.126;0.126;0.53514367;0.78758719;0.0001;0.0;0.0001
2017-12-05 22:00:00+00:00;1.206e-05;0.0;0;0;0;0.0;0.176;0.176;0.47987002;0.26681802;0.0001;0.0;0.0001
2017-12-05 23:00:00+00:00;1.12e-06;0.0;0;0;0;0.0;0.223;0.223;0.42566772;0.14627587;0.0001;0.0;0.0001
2017-12-06 00:00:00+00:00;2e-06;0.0;0;0;0;0.0;0.277;0.277;0.35136336;0.20112932;0.0001;0.0;0.0001
2017-12-06 01:00:00+00:00;4.02e-06;0.0;0;0;0;0.0;0.318;0.318;0.33905683;0.20079071;0.0001;0.0;0.0001
2017-12-06 02:00:00+00:00;5.12e-06;0.0;0;0;0;0.0;0.324;0.324;0.3440753;0.20180652;0.0001;0.0;0.0001
2017-12-06 03:00:00+00:00;6.77e-06;0.0;0;0;0;0.0;0.405;0.405;0.33983216;0.20891715;0.0001;0.0;0.0001
2017-12-06 04:00:00+00:00;9.29e-06;0.0;0;0;0;0.0;0.592;0.592;0.36932272;0.20959435;0.0001;0.0;0.0001
2017-12-06 05:00:00+00:00;5.1e-05;0.0;0;0;0;0.0;0.687;0.687;0.41392507;0.20891715;0.0001;0.0;0.0001
2017-12-06 06:00:00+00:00;0.00032969;0.0;0;0;0;0.042;0.694;0.694;0.37315705;0.20857855;0.0001;0.004;0.0001
2017-12-06 07:00:00+00:00;0.00044512;0.0;0;0;0;0.163;0.677;0.677;0.40858237;0.25327395;0.0001;0.033;0.0001
2017-12-06 08:00:00+00:00;0.00034313;0.0;0;0;0;0.296;0.651;0.651;0.40329606;0.25496696;0.0001;0.091;0.0001
2017-12-06 09:00:00+00:00;6.437e-05;0.0;0;0;0;0.384;0.655;0.655;0.43944032;0.25090374;0.0001;0.122;0.0001
2017-12-06 10:00:00+00:00;1.998e-05;0.0;0;0;0;0.373;0.604;0.604;0.43219455;0.21433478;0.0001;0.073;0.0001
2017-12-06 11:00:00+00:00;2.079e-05;0.0;0;0;0;0.365;0.448;0.448;0.44185088;0.20688554;0.0001;0.054;0.0001
2017-12-06 12:00:00+00:00;2.1e-05;0.0;0;0;0;0.36;0.307;0.307;0.38890321;0.1980819;0.0001;0.049;0.0001
2017-12-06 13:00:00+00:00;2.143e-05;0.0;0;0;0;0.324;0.245;0.245;0.38956576;0.20112932;0.0001;0.038;0.0001
2017-12-06 14:00:00+00:00;2.105e-05;0.0;0;0;0;0.298;0.183;0.183;0.36874475;0.23194206;0.0001;0.036;0.0001
2017-12-06 15:00:00+00:00;2.131e-05;0.0;0;0;0;0.235;0.113;0.113;0.3498409;0.24684052;0.0001;0.026;0.0001
2017-12-06 16:00:00+00:00;2.396e-05;0.0;0;0;0;0.159;0.07;0.07;0.36089281;0.47573517;0.0001;0.016;0.0001
2017-12-06 17:00:00+00:00;4.904e-05;0.0;0;0;0;0.07;0.061;0.061;0.47237051;0.74898661;0.0001;0.004;0.0001
2017-12-06 18:00:00+00:00;0.00037109;0.0;0;0;0;0.004;0.084;0.084;0.56556462;0.88205702;0.0001;0.0;0.0001
2017-12-06 19:00:00+00:00;0.00037869;0.0;0;0;0;0.0;0.122;0.122;0.52858864;0.88950625;0.0001;0.0;0.0001
2017-12-06 20:00:00+00:00;5.409e-05;0.0;0;0;0;0.0;0.161;0.161;0.49048493;0.87968681;0.0001;0.0;0.0001
2017-12-06 21:00:00+00:00;1.87e-05;0.0;0;0;0;0.0;0.18;0.18;0.4608675;0.85056707;0.0001;0.0;0.0001
2017-12-06 22:00:00+00:00;1.215e-05;0.0;0;0;0;0.0;0.185;0.185;0.38739484;0.32234867;0.0001;0.0;0.0001
2017-12-06 23:00:00+00:00;1.01e-06;0.0;0;0;0;0.0;0.18;0.18;0.40618591;0.1967275;0.0001;0.0;0.0001
2017-12-07 00:00:00+00:00;1.29e-06;0.0;0;0;0;0.0;0.176;0.176;0.31851776;0.17742721;0.0001;0.0;0.0001
2017-12-07 01:00:00+00:00;2.91e-06;0.0;0;0;0;0.0;0.173;0.173;0.30206676;0.17742721;0.0001;0.0;0.0001
2017-12-07 02:00:00+00:00;4.21e-06;0.0;0;0;0;0.0;0.15;0.15;0.28650387;0.17844301;0.0001;0.0;0.0001
2017-12-07 03:00:00+00:00;5.52e-06;0.0;0;0;0;0.0;0.075;0.075;0.2708282;0.17776581;0.0001;0.0;0.0001
2017-12-07 04:00:00+00:00;7.56e-06;0.0;0;0;0;0.0;0.042;0.042;0.26789606;0.20248372;0.0001;0.0;0.0001
2017-12-07 05:00:00+00:00;5.021e-05;0.0;0;0;0;0.0;0.039;0.039;0.2832616;0.21501198;0.0001;0.0;0.0001
2017-12-07 06:00:00+00:00;0.00032616;0.0;0;0;0;0.028;0.05;0.05;0.25970581;0.21568918;0.0001;0.001;0.0001
2017-12-07 07:00:00+00:00;0.00043491;0.0;0;0;0;0.121;0.02;0.02;0.32422697;0.25259675;0.0001;0.011;0.0001
2017-12-07 08:00:00+00:00;0.00034059;0.0;0;0;0;0.218;0.017;0.017;0.35609989;0.25293535;0.0001;0.027;0.0001
2017-12-07 09:00:00+00:00;6.198e-05;0.0;0;0;0;0.318;0.021;0.021;0.37366454;0.25293535;0.0001;0.054;0.0001
2017-12-07 10:00:00+00:00;1.809e-05;0.0;0;0;0;0.408;0.013;0.013;0.3774002;0.22652443;0.0001;0.092;0.0001
2017-12-07 11:00:00+00:00;1.793e-05;0.0;0;0;0;0.416;0.003;0.003;0.41462991;0.22246121;0.0001;0.082;0.0001
2017-12-07 12:00:00+00:00;1.842e-05;0.0;0;0;0;0.4;0.001;0.001;0.36648926;0.22110681;0.0001;0.068;0.0001
2017-12-07 13:00:00+00:00;1.868e-05;0.0;0;0;0;0.368;0.001;0.001;0.42945977;0.21636638;0.0001;0.055;0.0001
2017-12-07 14:00:00+00:00;1.894e-05;0.0;0;0;0;0.308;0.001;0.001;0.42989677;0.40192003;0.0001;0.037;0.0001
2017-12-07 15:00:00+00:00;1.94e-05;0.0;0;0;0;0.2;0.0;0.0;0.45436869;0.39695106;0.0001;0.014;0.0001
2017-12-07 16:00:00+00:00;2.172e-05;0.0;0;0;0;0.11;0.0;0.0;0.41470275;0.45181298;0.0001;0.005;0.0001
2017-12-07 17:00:00+00:00;4.805e-05;0.0;0;0;0;0.042;0.0;0.0;0.41538763;0.75859445;0.0001;0.001;0.0001
2017-12-07 18:00:00+00:00;0.00037233;0.0;0;0;0;0.001;0.0;0.0;0.67313742;0.8881688;0.0001;0.0;0.0001
2017-12-07 19:00:00+00:00;0.00038433;0.0;0;0;0;0.0;0.0;0.0;0.66982918;0.89180031;0.0001;0.0;0.0001
2017-12-07 20:00:00+00:00;5.293e-05;0.0;0;0;0;0.0;0.001;0.001;0.57178782;0.86087751;0.0001;0.0;0.0001
2017-12-07 21:00:00+00:00;1.748e-05;0.0;0;0;0;0.0;0.001;0.001;0.44640244;0.8514136;0.0001;0.0;0.0001
2017-12-07 22:00:00+00:00;1.1e-05;0.0;0;0;0;0.0;0.002;0.002;0.38440685;0.32370309;0.0001;0.0;0.0001
2017-12-07 23:00:00+00:00;4.7e-07;0.0;0;0;0;0.0;0.001;0.001;0.33147274;0.17776581;0.0001;0.0;0.0001
2017-12-08 00:00:00+00:00;1.34e-06;0.0;0;0;0;0.0;0.002;0.002;0.24201429;0.17708861;0.0001;0.0;0.0001
2017-12-08 01:00:00+00:00;2.92e-06;0.0;0;0;0;0.0;0.005;0.005;0.26385027;0.17404119;0.0001;0.0;0.0001
2017-12-08 02:00:00+00:00;4.19e-06;0.0;0;0;0;0.0;0.027;0.027;0.2482028;0.17471839;0.0001;0.0;0.0001
2017-12-08 03:00:00+00:00;5.48e-06;0.0;0;0;0;0.0;0.07;0.07;0.24298697;0.17945882;0.0001;0.0;0.0001
2017-12-08 04:00:00+00:00;7.52e-06;0.0;0;0;0;0.0;0.099;0.099;0.25802828;0.19300288;0.0001;0.0;0.0001
2017-12-08 05:00:00+00:00;4.887e-05;0.0;0;0;0;0.0;0.101;0.101;0.2774819;0.19435728;0.0001;0.0;0.0001
2017-12-08 06:00:00+00:00;0.00032952;0.0;0;0;0;0.024;0.063;0.063;0.28974614;0.21602778;0.0001;0.001;0.0001
2017-12-08 07:00:00+00:00;0.00043177;0.0;0;0;0;0.129;0.017;0.017;0.35767874;0.22279981;0.0001;0.013;0.0001
2017-12-08 08:00:00+00:00;0.00034536;0.0;0;0;0;0.269;0.015;0.015;0.34975632;0.25530556;0.0001;0.057;0.0001
2017-12-08 09:00:00+00:00;6.15e-05;0.0;0;0;0;0.375;0.008;0.008;0.32838554;0.25598277;0.0001;0.104;0.0001
2017-12-08 10:00:00+00:00;1.888e-05;0.0;0;0;0;0.42;0.001;0.001;0.34991139;0.25395116;0.0001;0.111;0.0001
2017-12-08 11:00:00+00:00;1.943e-05;0.0;0;0;0;0.435;0.0;0.0;0.3312331;0.19300288;0.0001;0.101;0.0001
2017-12-08 12:00:00+00:00;1.851e-05;0.0;0;0;0;0.399;0.0;0.0;0.30309583;0.17878161;0.0001;0.07;0.0001
2017-12-08 13:00:00+00:00;1.76e-05;0.0;0;0;0;0.352;0.0;0.0;0.35411224;0.21839799;0.0001;0.048;0.0001
2017-12-08 14:00:00+00:00;1.776e-05;0.0;0;0;0;0.291;0.0;0.0;0.36863197;0.23228066;0.0001;0.032;0.0001
2017-12-08 15:00:00+00:00;1.981e-05;0.0;0;0;0;0.217;0.001;0.001;0.38637987;0.22957185;0.0001;0.019;0.0001
2017-12-08 16:00:00+00:00;2.152e-05;0.0;0;0;0;0.142;0.003;0.003;0.41570127;0.44830844;0.0001;0.01;0.0001
2017-12-08 17:00:00+00:00;4.739e-05;0.0;0;0;0;0.058;0.006;0.006;0.4479689;0.73578115;0.0001;0.003;0.0001
2017-12-08 18:00:00+00:00;0.00037195;0.0;0;0;0;0.003;0.014;0.014;0.68182113;0.88882905;0.0001;0.0;0.0001
2017-12-08 19:00:00+00:00;0.00038276;0.0;0;0;0;0.0;0.034;0.034;0.69338053;0.89187646;0.0001;0.0;0.0001
2017-12-08 20:00:00+00:00;5.387e-05;0.0;0;0;0;0.0;0.067;0.067;0.59253184;0.85869351;0.0001;0.0;0.0001
2017-12-08 21:00:00+00:00;1.751e-05;0.0;0;0;0;0.0;0.115;0.115;0.49954918;0.84447224;0.0001;0.0;0.0001
2017-12-08 22:00:00+00:00;1.102e-05;0.0;0;0;0;0.0;0.155;0.155;0.46773265;0.32099426;0.0001;0.0;0.0001
2017-12-08 23:00:00+00:00;4.7e-07;0.0;0;0;0;0.0;0.161;0.161;0.36513596;0.17404119;0.0001;0.0;0.0001
2017-12-09 00:00:00+00:00;1.72e-06;0.0;0;0;0;0.0;0.125;0.125;0.32642608;0.16456035;0.0001;0.0;0.0001
2017-12-09 01:00:00+00:00;3.76e-06;0.0;0;0;0;0.0;0.102;0.102;0.30137602;0.16625336;0.0001;0.0;0.0001
2017-12-09 02:00:00+00:00;5.21e-06;0.0;0;0;0;0.0;0.111;0.111;0.32304284;0.17065518;0.0001;0.0;0.0001
2017-12-09 03:00:00+00:00;6.45e-06;0.0;0;0;0;0.0;0.139;0.139;0.33052825;0.16523755;0.0001;0.0;0.0001
2017-12-09 04:00:00+00:00;8.85e-06;0.0;0;0;0;0.0;0.194;0.194;0.32782166;0.16693056;0.0001;0.0;0.0001
2017-12-09 05:00:00+00:00;5.128e-05;0.0;0;0;0;0.0;0.228;0.228;0.31578297;0.18860106;0.0001;0.0;0.0001
2017-12-09 06:00:00+00:00;0.00033226;0.0;0;0;0;0.016;0.167;0.167;0.24236671;0.19097127;0.0001;0.0;0.0001
2017-12-09 07:00:00+00:00;0.00044292;0.0;0;0;0;0.086;0.027;0.027;0.268615;0.22212261;0.0001;0.004;0.0001
2017-12-09 08:00:00+00:00;0.00034565;0.0;0;0;0;0.179;0.007;0.007;0.27594535;0.220091;0.0001;0.013;0.0001
2017-12-09 09:00:00+00:00;6.462e-05;0.0;0;0;0;0.267;0.009;0.009;0.27827132;0.2207682;0.0001;0.027;0.0001
2017-12-09 10:00:00+00:00;2.094e-05;0.0;0;0;0;0.324;0.009;0.009;0.29162102;0.21602778;0.0001;0.037;0.0001
2017-12-09 11:00:00+00:00;2.063e-05;0.0;0;0;0;0.354;0.007;0.007;0.31980057;0.17471839;0.0001;0.043;0.0001
2017-12-09 12:00:00+00:00;2.143e-05;0.0;0;0;0;0.374;0.006;0.006;0.32611595;0.17708861;0.0001;0.05;0.0001
2017-12-09 13:00:00+00:00;2.093e-05;0.0;0;0;0;0.361;0.004;0.004;0.32996438;0.16963937;0.0001;0.049;0.0001
2017-12-09 14:00:00+00:00;2.133e-05;0.0;0;0;0;0.301;0.001;0.001;0.36777207;0.1753956;0.0001;0.034;0.0001
2017-12-09 15:00:00+00:00;2.232e-05;0.0;0;0;0;0.219;0.0;0.0;0.43146152;0.39243919;0.0001;0.019;0.0001
2017-12-09 16:00:00+00:00;2.417e-05;0.0;0;0;0;0.141;0.0;0.0;0.31558562;0.38600576;0.0001;0.01;0.0001
2017-12-09 17:00:00+00:00;4.834e-05;0.0;0;0;0;0.063;0.0;0.0;0.32208426;0.71715807;0.0001;0.003;0.0001
2017-12-09 18:00:00+00:00;0.0003714;0.0;0;0;0;0.004;0.006;0.006;0.47156699;0.85327588;0.0001;0.0;0.0001
2017-12-09 19:00:00+00:00;0.00038588;0.0;0;0;0;0.0;0.033;0.033;0.45520057;0.87122177;0.0001;0.0;0.0001
2017-12-09 20:00:00+00:00;5.472e-05;0.0;0;0;0;0.0;0.052;0.052;0.44865965;0.87596219;0.0001;0.0;0.0001
2017-12-09 21:00:00+00:00;1.867e-05;0.0;0;0;0;0.0;0.055;0.055;0.45914769;0.82923518;0.0001;0.0;0.0001
2017-12-09 22:00:00+00:00;1.254e-05;0.0;0;0;0;0.0;0.062;0.062;0.3725227;0.31659244;0.0001;0.0;0.0001
2017-12-09 23:00:00+00:00;1.39e-06;0.0;0;0;0;0.0;0.063;0.063;0.31055305;0.16625336;0.0001;0.0;0.0001
2017-12-10 00:00:00+00:00;1.87e-06;0.0;0;0;0;0.0;0.043;0.043;0.33864803;0.07279933;0.0001;0.0;0.0001
2017-12-10 01:00:00+00:00;3.84e-06;0.0;0;0;0;0.0;0.018;0.018;0.33894406;0.07313793;0.0001;0.0;0.0001
2017-12-10 02:00:00+00:00;5.35e-06;0.0;0;0;0;0.0;0.009;0.009;0.32018118;0.07347653;0.0001;0.0;0.0001
2017-12-10 03:00:00+00:00;6.91e-06;0.0;0;0;0;0.0;0.016;0.016;0.36306373;0.08397318;0.0001;0.0;0.0001
2017-12-10 04:00:00+00:00;8.89e-06;0.0;0;0;0;0.0;0.057;0.057;0.37687861;0.10733669;0.0001;0.0;0.0001
2017-12-10 05:00:00+00:00;5.308e-05;0.0;0;0;0;0.0;0.113;0.113;0.38239047;0.10733669;0.0001;0.0;0.0001
2017-12-10 06:00:00+00:00;0.0003325;0.0;0;0;0;0.053;0.124;0.124;0.38234818;0.10733669;0.0001;0.01;0.0001
2017-12-10 07:00:00+00:00;0.00043477;0.0;0;0;0;0.21;0.048;0.048;0.44651693;0.12358956;0.0001;0.101;0.0001
2017-12-10 08:00:00+00:00;0.00034757;0.0;0;0;0;0.364;0.023;0.023;0.53896391;0.12325096;0.0001;0.238;0.0001
2017-12-10 09:00:00+00:00;6.572e-05;0.0;0;0;0;0.481;0.02;0.02;0.52822213;0.12257376;0.0001;0.349;0.0001
2017-12-10 10:00:00+00:00;2.13e-05;0.0;0;0;0;0.549;0.01;0.01;0.54721055;0.10462788;0.0001;0.391;0.0001
2017-12-10 11:00:00+00:00;2.206e-05;0.0;0;0;0;0.538;0.002;0.002;0.54113482;0.08261878;0.0001;0.3;0.0001
2017-12-10 12:00:00+00:00;2.095e-05;0.0;0;0;0;0.508;0.001;0.001;0.48739772;0.08397318;0.0001;0.223;0.0001
2017-12-10 13:00:00+00:00;1.944e-05;0.0;0;0;0;0.445;0.002;0.002;0.4977166;0.08261878;0.0001;0.143;0.0001
2017-12-10 14:00:00+00:00;1.983e-05;0.0;0;0;0;0.33;0.005;0.005;0.51172884;0.08431178;0.0001;0.06;0.0001
2017-12-10 15:00:00+00:00;2.147e-05;0.0;0;0;0;0.221;0.005;0.005;0.55034004;0.08295738;0.0001;0.024;0.0001
2017-12-10 16:00:00+00:00;2.445e-05;0.0;0;0;0;0.112;0.006;0.006;0.51600018;0.29966236;0.0001;0.007;0.0001
2017-12-10 17:00:00+00:00;5.16e-05;0.0;0;0;0;0.038;0.012;0.012;0.52947674;0.35891763;0.0001;0.001;0.0001
2017-12-10 18:00:00+00:00;0.00036808;0.0;0;0;0;0.001;0.029;0.029;0.75764795;0.5058707;0.0001;0.0;0.0001
2017-12-10 19:00:00+00:00;0.00038966;0.0;0;0;0;0.0;0.053;0.053;0.79301689;0.5048549;0.0001;0.0;0.0001
2017-12-10 20:00:00+00:00;5.432e-05;0.0;0;0;0;0.0;0.089;0.089;0.72112308;0.50654791;0.0001;0.0;0.0001
2017-12-10 21:00:00+00:00;1.908e-05;0.0;0;0;0;0.0;0.13;0.13;0.6144806;0.47099474;0.0001;0.0;0.0001
2017-12-10 22:00:00+00:00;1.212e-05;0.0;0;0;0;0.0;0.153;0.153;0.51202487;0.18927826;0.0001;0.0;0.0001
2017-12-10 23:00:00+00:00;1.01e-06;0.0;0;0;0;0.0;0.145;0.145;0.41936644;0.06230268;0.0001;0.0;0.0001
2017-12-11 00:00:00+00:00;1.81e-06;0.0;0;0;0;0.0;0.115;0.115;0.23069454;0.14085824;0.0001;0.0;0.0001
2017-12-11 01:00:00+00:00;3.93e-06;0.0;0;0;0;0.0;0.072;0.072;0.24277552;0.13747223;0.0001;0.0;0.0001
2017-12-11 02:00:00+00:00;5.24e-06;0.0;0;0;0;0.0;0.044;0.044;0.28833646;0.14661447;0.0001;0.0;0.0001
2017-12-11 03:00:00+00:00;6.72e-06;0.0;0;0;0;0.0;0.058;0.058;0.25633666;0.14356705;0.0001;0.0;0.0001
2017-12-11 04:00:00+00:00;8.95e-06;0.0;0;0;0;0.0;0.082;0.082;0.2024586;0.17200958;0.0001;0.0;0.0001
2017-12-11 05:00:00+00:00;5.243e-05;0.0;0;0;0;0.0;0.144;0.144;0.24776579;0.17912022;0.0001;0.0;0.0001
2017-12-11 06:00:00+00:00;0.00033148;0.0;0;0;0;0.03;0.197;0.197;0.22872098;0.1764114;0.0001;0.002;0.0001
2017-12-11 07:00:00+00:00;0.00043252;0.0;0;0;0;0.142;0.17;0.17;0.2832475;0.20722414;0.0001;0.022;0.0001
2017-12-11 08:00:00+00:00;0.00034608;0.0;0;0;0;0.298;0.148;0.148;0.30571784;0.20586974;0.0001;0.102;0.0001
2017-12-11 09:00:00+00:00;6.649e-05;0.0;0;0;0;0.419;0.201;0.201;0.26394895;0.18386064;0.0001;0.198;0.0001
2017-12-11 10:00:00+00:00;2.067e-05;0.0;0;0;0;0.514;0.254;0.254;0.26440005;0.1537251;0.0001;0.298;0.0001
2017-12-11 11:00:00+00:00;2.005e-05;0.0;0;0;0;0.561;0.298;0.298;0.27275946;0.36602827;0.0001;0.351;0.0001
2017-12-11 12:00:00+00:00;1.992e-05;0.0;0;0;0;0.571;0.293;0.293;0.29200163;0.36941428;0.0001;0.363;0.0001
2017-12-11 13:00:00+00:00;2.056e-05;0.0;0;0;0;0.531;0.243;0.243;0.35122239;0.35824043;0.0001;0.304;0.0001
2017-12-11 14:00:00+00:00;2.166e-05;0.0;0;0;0;0.448;0.173;0.173;0.38374377;0.3521456;0.0001;0.207;0.0001
2017-12-11 15:00:00+00:00;2.231e-05;0.0;0;0;0;0.331;0.099;0.099;0.3565087;0.37043009;0.0001;0.108;0.0001
2017-12-11 16:00:00+00:00;2.517e-05;0.0;0;0;0;0.216;0.061;0.061;0.34975632;0.36704407;0.0001;0.052;0.0001
2017-12-11 17:00:00+00:00;5.03e-05;0.0;0;0;0;0.086;0.076;0.076;0.33532117;0.64334293;0.0001;0.009;0.0001
2017-12-11 18:00:00+00:00;0.00037337;0.0;0;0;0;0.003;0.122;0.122;0.6393474;0.8570005;0.0001;0.0;0.0001
2017-12-11 19:00:00+00:00;0.00039081;0.0;0;0;0;0.0;0.182;0.182;0.66752695;0.82652636;0.0001;0.0;0.0001
2017-12-11 20:00:00+00:00;5.51e-05;0.0;0;0;0;0.0;0.207;0.207;0.58452485;0.82855797;0.0001;0.0;0.0001
2017-12-11 21:00:00+00:00;1.878e-05;0.0;0;0;0;0.0;0.283;0.283;0.50730244;0.82280175;0.0001;0.0;0.0001
2017-12-11 22:00:00+00:00;1.19e-05;0.0;0;0;0;0.0;0.372;0.372;0.39239922;0.29966236;0.0001;0.0;0.0001
2017-12-11 23:00:00+00:00;1.21e-06;0.0;0;0;0;0.0;0.467;0.467;0.29610381;0.14424426;0.0001;0.0;0.0001
2017-12-12 00:00:00+00:00;1.71e-06;0.0;0;0;0;0.0;0.402;0.402;0.58094425;0.22517003;0.0001;0.0;0.0001
2017-12-12 01:00:00+00:00;3.72e-06;0.0;0;0;0;0.0;0.369;0.369;0.58989574;0.2424387;0.0001;0.0;0.0001
2017-12-12 02:00:00+00:00;5.21e-06;0.0;0;0;0;0.0;0.371;0.371;0.56390119;0.24480891;0.0001;0.0;0.0001
2017-12-12 03:00:00+00:00;7.08e-06;0.0;0;0;0;0.0;0.365;0.365;0.5518484;0.24345451;0.0001;0.0;0.0001
2017-12-12 04:00:00+00:00;9.27e-06;0.0;0;0;0;0.0;0.36;0.36;0.55015679;0.2414229;0.0001;0.0;0.0001
2017-12-12 05:00:00+00:00;4.969e-05;0.0;0;0;0;0.0;0.385;0.385;0.48113873;0.23972989;0.0001;0.0;0.0001
2017-12-12 06:00:00+00:00;0.00033287;0.0;0;0;0;0.038;0.369;0.369;0.45252218;0.22144541;0.0001;0.003;0.0001
2017-12-12 07:00:00+00:00;0.00043617;0.0;0;0;0;0.168;0.283;0.283;0.47823478;0.24988794;0.0001;0.047;0.0001
2017-12-12 08:00:00+00:00;0.00034853;0.0;0;0;0;0.353;0.469;0.469;0.48549465;0.25293535;0.0001;0.219;0.0001
2017-12-12 09:00:00+00:00;6.641e-05;0.0;0;0;0;0.506;0.674;0.674;0.52792609;0.25158095;0.0001;0.426;0.0001
2017-12-12 10:00:00+00:00;2.107e-05;0.0;0;0;0;0.579;0.75;0.75;0.53349434;0.25428976;0.0001;0.505;0.0001
2017-12-12 11:00:00+00:00;2.169e-05;0.0;0;0;0;0.609;0.789;0.789;0.47145421;0.29289033;0.0001;0.524;0.0001
2017-12-12 12:00:00+00:00;2.137e-05;0.0;0;0;0;0.643;0.764;0.764;0.42205894;0.24413171;0.0001;0.609;0.0001
2017-12-12 13:00:00+00:00;2.073e-05;0.0;0;0;0;0.618;0.685;0.685;0.45628603;0.23837548;0.0001;0.585;0.0001
2017-12-12 14:00:00+00:00;2.036e-05;0.0;0;0;0;0.509;0.606;0.606;0.50780992;0.24717913;0.0001;0.394;0.0001
2017-12-12 15:00:00+00:00;2.143e-05;0.0;0;0;0;0.403;0.524;0.524;0.56767914;0.4831844;0.0001;0.272;0.0001
2017-12-12 16:00:00+00:00;2.403e-05;0.0;0;0;0;0.258;0.488;0.488;0.58256539;0.49503546;0.0001;0.128;0.0001
2017-12-12 17:00:00+00:00;5.112e-05;0.0;0;0;0;0.107;0.493;0.493;0.60255468;0.75304983;0.0001;0.028;0.0001
2017-12-12 18:00:00+00:00;0.00037189;0.0;0;0;0;0.007;0.528;0.528;0.71043769;0.85937071;0.0001;0.0;0.0001
2017-12-12 19:00:00+00:00;0.00038752;0.0;0;0;0;0.0;0.53;0.53;0.74755463;0.89492388;0.0001;0.0;0.0001
2017-12-12 20:00:00+00:00;5.588e-05;0.0;0;0;0;0.0;0.505;0.505;0.71108614;0.88171842;0.0001;0.0;0.0001
2017-12-12 21:00:00+00:00;1.861e-05;0.0;0;0;0;0.0;0.428;0.428;0.64150421;0.87630079;0.0001;0.0;0.0001
2017-12-12 22:00:00+00:00;1.201e-05;0.0;0;0;0;0.0;0.289;0.289;0.60268156;0.34368056;0.0001;0.0;0.0001
2017-12-12 23:00:00+00:00;1.2e-06;0.0;0;0;0;0.0;0.247;0.247;0.59501288;0.22584723;0.0001;0.0;0.0001
2017-12-13 00:00:00+00:00;1.7e-06;0.0;0;0;0;0.0;0.234;0.234;0.55210215;0.22178401;0.0001;0.0;0.0001
2017-12-13 01:00:00+00:00;4.2e-06;0.0;0;0;0;0.0;0.232;0.232;0.51375878;0.22618583;0.0001;0.0;0.0001
2017-12-13 02:00:00+00:00;5.13e-06;0.0;0;0;0;0.0;0.223;0.223;0.52868732;0.220091;0.0001;0.0;0.0001
2017-12-13 03:00:00+00:00;6.92e-06;0.0;0;0;0;0.0;0.222;0.222;0.49691308;0.22313842;0.0001;0.0;0.0001
2017-12-13 04:00:00+00:00;8.99e-06;0.0;0;0;0;0.0;0.213;0.213;0.49764611;0.22957185;0.0001;0.0;0.0001
2017-12-13 05:00:00+00:00;5.166e-05;0.0;0;0;0;0.0;0.212;0.212;0.46329215;0.22483142;0.0001;0.0;0.0001
2017-12-13 06:00:00+00:00;0.00033303;0.0;0;0;0;0.04;0.183;0.183;0.5354256;0.22787884;0.0001;0.003;0.0001
2017-12-13 07:00:00+00:00;0.00044316;0.0;0;0;0;0.179;0.147;0.147;0.56508532;0.22584723;0.0001;0.051;0.0001
2017-12-13 08:00:00+00:00;0.00034852;0.0;0;0;0;0.317;0.246;0.246;0.57970373;0.23160346;0.0001;0.134;0.0001
2017-12-13 09:00:00+00:00;6.549e-05;0.0;0;0;0;0.426;0.395;0.395;0.54303789;0.26072319;0.0001;0.209;0.0001
2017-12-13 10:00:00+00:00;2.079e-05;0.0;0;0;0;0.479;0.574;0.574;0.54690042;0.27020403;0.0001;0.22;0.0001
2017-12-13 11:00:00+00:00;2.116e-05;0.0;0;0;0;0.474;0.58;0.58;0.57864647;0.29255173;0.0001;0.172;0.0001
2017-12-13 12:00:00+00:00;2.146e-05;0.0;0;0;0;0.451;0.589;0.589;0.55730388;0.28984292;0.0001;0.134;0.0001
2017-12-13 13:00:00+00:00;2.154e-05;0.0;0;0;0;0.427;0.646;0.646;0.59554856;0.29390614;0.0001;0.123;0.0001
2017-12-13 14:00:00+00:00;2.137e-05;0.0;0;0;0;0.391;0.615;0.615;0.60356966;0.29390614;0.0001;0.118;0.0001
2017-12-13 15:00:00+00:00;2.294e-05;0.0;0;0;0;0.322;0.506;0.506;0.59601376;0.51162693;0.0001;0.097;0.0001
2017-12-13 16:00:00+00:00;2.435e-05;0.0;0;0;0;0.228;0.341;0.341;0.56836988;0.48047559;0.0001;0.065;0.0001
2017-12-13 17:00:00+00:00;5.01e-05;0.0;0;0;0;0.105;0.273;0.273;0.56574788;0.73713556;0.0001;0.02;0.0001
2017-12-13 18:00:00+00:00;0.00037242;0.0;0;0;0;0.007;0.258;0.258;0.61252114;0.89661688;0.0001;0.0;0.0001
2017-12-13 19:00:00+00:00;0.00038107;0.0;0;0;0;0.0;0.22;0.22;0.70020339;0.89797129;0.0001;0.0;0.0001
2017-12-13 20:00:00+00:00;5.439e-05;0.0;0;0;0;0.0;0.217;0.217;0.65920982;0.89086066;0.0001;0.0;0.0001
2017-12-13 21:00:00+00:00;1.859e-05;0.0;0;0;0;0.0;0.235;0.235;0.63610513;0.89018345;0.0001;0.0;0.0001
2017-12-13 22:00:00+00:00;1.213e-05;0.0;0;0;0;0.0;0.235;0.235;0.62657567;0.33250671;0.0001;0.0;0.0001
2017-12-13 23:00:00+00:00;9.8e-07;0.0;0;0;0;0.0;0.202;0.202;0.63545667;0.21772079;0.0001;0.0;0.0001
2017-12-14 00:00:00+00:00;1.36e-06;0.0;0;0;0;0.0;0.171;0.171;0.55915056;0.21399617;0.0001;0.0;0.0001
2017-12-14 01:00:00+00:00;2.95e-06;0.0;0;0;0;0.0;0.15;0.15;0.51296936;0.17979742;0.0001;0.0;0.0001
2017-12-14 02:00:00+00:00;4.16e-06;0.0;0;0;0;0.0;0.15;0.15;0.44717948;0.22618583;0.0001;0.0;0.0001
2017-12-14 03:00:00+00:00;5.5e-06;0.0;0;0;0;0.0;0.156;0.156;0.42425804;0.22652443;0.0001;0.0;0.0001
2017-12-14 04:00:00+00:00;7.55e-06;0.0;0;0;0;0.0;0.165;0.165;0.45727281;0.2207682;0.0001;0.0;0.0001
2017-12-14 05:00:00+00:00;4.99e-05;0.0;0;0;0;0.0;0.17;0.17;0.42334175;0.2187366;0.0001;0.0;0.0001
2017-12-14 06:00:00+00:00;0.00033483;0.0;0;0;0;0.056;0.13;0.13;0.49837915;0.1970661;0.0001;0.016;0.0001
2017-12-14 07:00:00+00:00;0.00043376;0.0;0;0;0;0.224;0.1;0.1;0.4883845;0.20891715;0.0001;0.155;0.0001
2017-12-14 08:00:00+00:00;0.00034764;0.0;0;0;0;0.392;0.251;0.251;0.55252505;0.20485393;0.0001;0.34;0.0001
2017-12-14 09:00:00+00:00;6.286e-05;0.0;0;0;0;0.513;0.39;0.39;0.55661313;0.21230317;0.0001;0.474;0.0001
2017-12-14 10:00:00+00:00;1.754e-05;0.0;0;0;0;0.586;0.426;0.426;0.56194173;0.19401868;0.0001;0.545;0.0001
2017-12-14 11:00:00+00:00;1.812e-05;0.0;0;0;0;0.616;0.396;0.396;0.59264462;0.22483142;0.0001;0.557;0.0001
2017-12-14 12:00:00+00:00;1.914e-05;0.0;0;0;0;0.6;0.347;0.347;0.57114696;0.24311591;0.0001;0.5;0.0001
2017-12-14 13:00:00+00:00;1.867e-05;0.0;0;0;0;0.557;0.289;0.289;0.62348847;0.22991045;0.0001;0.425;0.0001
2017-12-14 14:00:00+00:00;1.912e-05;0.0;0;0;0;0.474;0.208;0.208;0.65760279;0.23160346;0.0001;0.311;0.0001
2017-12-14 15:00:00+00:00;2.017e-05;0.0;0;0;0;0.372;0.148;0.148;0.65272529;0.22787884;0.0001;0.205;0.0001
2017-12-14 16:00:00+00:00;2.232e-05;0.0;0;0;0;0.221;0.125;0.125;0.63318708;0.44390662;0.0001;0.073;0.0001
2017-12-14 17:00:00+00:00;4.788e-05;0.0;0;0;0;0.097;0.113;0.113;0.67684495;0.69582617;0.0001;0.018;0.0001
2017-12-14 18:00:00+00:00;0.0003719;0.0;0;0;0;0.006;0.116;0.116;0.79982565;0.81501391;0.0001;0.0;0.0001
2017-12-14 19:00:00+00:00;0.00038453;0.0;0;0;0;0.0;0.139;0.139;0.82063257;0.81636832;0.0001;0.0;0.0001
2017-12-14 20:00:00+00:00;5.286e-05;0.0;0;0;0;0.0;0.161;0.161;0.77425401;0.82821937;0.0001;0.0;0.0001
2017-12-14 21:00:00+00:00;1.74e-05;0.0;0;0;0;0.0;0.186;0.186;0.67096658;0.83837742;0.0001;0.0;0.0001
2017-12-14 22:00:00+00:00;1.102e-05;0.0;0;0;0;0.0;0.181;0.181;0.6939444;0.29661495;0.0001;0.0;0.0001
2017-12-14 23:00:00+00:00;5.3e-07;0.0;0;0;0;0.0;0.185;0.185;0.63022675;0.19063267;0.0001;0.0;0.0001
2017-12-15 00:00:00+00:00;1.32e-06;0.0;0;0;0;0.0;0.199;0.199;0.55208805;0.18284483;0.0001;0.0;0.0001
2017-12-15 01:00:00+00:00;2.96e-06;0.0;0;0;0;0.0;0.197;0.197;0.511024;0.18182903;0.0001;0.0;0.0001
2017-12-15 02:00:00+00:00;4.22e-06;0.0;0;0;0;0.0;0.193;0.193;0.43401305;0.18893966;0.0001;0.0;0.0001
2017-12-15 03:00:00+00:00;5.51e-06;0.0;0;0;0;0.0;0.19;0.19;0.41307926;0.20146792;0.0001;0.0;0.0001
2017-12-15 04:00:00+00:00;7.62e-06;0.0;0;0;0;0.0;0.184;0.184;0.40787753;0.20417673;0.0001;0.0;0.0001
2017-12-15 05:00:00+00:00;5.055e-05;0.0;0;0;0;0.0;0.174;0.174;0.38794462;0.20282232;0.0001;0.0;0.0001
2017-12-15 06:00:00+00:00;0.00033601;0.0;0;0;0;0.031;0.126;0.126;0.42040961;0.20079071;0.0001;0.001;0.0001
2017-12-15 07:00:00+00:00;0.00044067;0.0;0;0;0;0.128;0.058;0.058;0.44951955;0.1974047;0.0001;0.013;0.0001
2017-12-15 08:00:00+00:00;0.00034477;0.0;0;0;0;0.237;0.083;0.083;0.56921569;0.37009148;0.0001;0.036;0.0001
2017-12-15 09:00:00+00:00;6.291e-05;0.0;0;0;0;0.338;0.147;0.147;0.59526663;0.36399666;0.0001;0.07;0.0001
2017-12-15 10:00:00+00:00;1.854e-05;0.0;0;0;0;0.409;0.154;0.154;0.64605749;0.37110729;0.0001;0.098;0.0001
2017-12-15 11:00:00+00:00;1.769e-05;0.0;0;0;0;0.436;0.132;0.132;0.67948106;0.41207808;0.0001;0.102;0.0001
2017-12-15 12:00:00+00:00;1.809e-05;0.0;0;0;0;0.411;0.111;0.111;0.62097923;0.40530605;0.0001;0.076;0.0001
2017-12-15 13:00:00+00:00;1.847e-05;0.0;0;0;0;0.329;0.089;0.089;0.68744576;0.44119781;0.0001;0.038;0.0001
2017-12-15 14:00:00+00:00;1.818e-05;0.0;0;0;0;0.263;0.068;0.068;0.70646238;0.22821744;0.0001;0.023;0.0001
2017-12-15 15:00:00+00:00;1.859e-05;0.0;0;0;0;0.206;0.044;0.044;0.68497882;0.46964034;0.0001;0.016;0.0001
2017-12-15 16:00:00+00:00;2.206e-05;0.0;0;0;0;0.132;0.013;0.013;0.61844181;0.48894063;0.0001;0.008;0.0001
2017-12-15 17:00:00+00:00;4.795e-05;0.0;0;0;0;0.051;0.003;0.003;0.63855797;0.75237263;0.0001;0.002;0.0001
2017-12-15 18:00:00+00:00;0.00037355;0.0;0;0;0;0.001;0.001;0.001;0.78148568;0.88950625;0.0001;0.0;0.0001
2017-12-15 19:00:00+00:00;0.00038513;0.0;0;0;0;0.0;0.001;0.001;0.80764939;0.88307282;0.0001;0.0;0.0001
2017-12-15 20:00:00+00:00;5.369e-05;0.0;0;0;0;0.0;0.002;0.002;0.74562336;0.88950625;0.0001;0.0;0.0001
2017-12-15 21:00:00+00:00;1.746e-05;0.0;0;0;0;0.0;0.005;0.005;0.67336304;0.88849045;0.0001;0.0;0.0001
2017-12-15 22:00:00+00:00;1.094e-05;0.0;0;0;0;0.0;0.011;0.011;0.63807868;0.57968584;0.0001;0.0;0.0001
2017-12-15 23:00:00+00:00;5.1e-07;0.0;0;0;0;0.0;0.017;0.017;0.62293869;0.44187501;0.0001;0.0;0.0001
2017-12-16 00:00:00+00:00;1.81e-06;0.0;0;0;0;0.0;0.018;0.018;0.60106042;0.19943631;0.0001;0.0;0.0001
2017-12-16 01:00:00+00:00;3.77e-06;0.0;0;0;0;0.0;0.009;0.009;0.52647412;0.22246121;0.0001;0.0;0.0001
2017-12-16 02:00:00+00:00;5.19e-06;0.0;0;0;0;0.0;0.002;0.002;0.48894837;0.24650192;0.0001;0.0;0.0001
2017-12-16 03:00:00+00:00;6.59e-06;0.0;0;0;0;0.0;0.001;0.001;0.45672303;0.24548612;0.0001;0.0;0.0001
2017-12-16 04:00:00+00:00;8.98e-06;0.0;0;0;0;0.0;0.001;0.001;0.46098027;0.24650192;0.0001;0.0;0.0001
2017-12-16 05:00:00+00:00;5.305e-05;0.0;0;0;0;0.0;0.017;0.017;0.45298737;0.24582472;0.0001;0.0;0.0001
2017-12-16 06:00:00+00:00;0.00033657;0.0;0;0;0;0.025;0.03;0.03;0.4990417;0.22483142;0.0001;0.001;0.0001
2017-12-16 07:00:00+00:00;0.00044229;0.0;0;0;0;0.133;0.007;0.007;0.63872714;0.2197524;0.0001;0.019;0.0001
2017-12-16 08:00:00+00:00;0.00034609;0.0;0;0;0;0.285;0.002;0.002;0.68369601;0.22110681;0.0001;0.091;0.0001
2017-12-16 09:00:00+00:00;6.599e-05;0.0;0;0;0;0.441;0.005;0.005;0.63782494;0.21805939;0.0001;0.249;0.0001
2017-12-16 10:00:00+00:00;2.088e-05;0.0;0;0;0;0.547;0.008;0.008;0.66834457;0.18284483;0.0001;0.395;0.0001
2017-12-16 11:00:00+00:00;2.186e-05;0.0;0;0;0;0.603;0.011;0.011;0.73802517;0.18250623;0.0001;0.482;0.0001
2017-12-16 12:00:00+00:00;2.027e-05;0.0;0;0;0;0.611;0.018;0.018;0.65689794;0.18115182;0.0001;0.495;0.0001
2017-12-16 13:00:00+00:00;1.948e-05;0.0;0;0;0;0.575;0.023;0.023;0.69741222;0.42833095;0.0001;0.443;0.0001
2017-12-16 14:00:00+00:00;2.135e-05;0.0;0;0;0;0.488;0.022;0.022;0.70447473;0.44492243;0.0001;0.321;0.0001
2017-12-16 15:00:00+00:00;2.354e-05;0.0;0;0;0;0.396;0.018;0.018;0.67709869;0.44153641;0.0001;0.246;0.0001
2017-12-16 16:00:00+00:00;2.49e-05;0.0;0;0;0;0.277;0.011;0.011;0.72797414;0.44322942;0.0001;0.159;0.0001
2017-12-16 17:00:00+00:00;4.955e-05;0.0;0;0;0;0.119;0.011;0.011;0.6850775;0.75372703;0.0001;0.04;0.0001
2017-12-16 18:00:00+00:00;0.00037256;0.0;0;0;0;0.008;0.016;0.016;0.75891667;0.89695548;0.0001;0.0;0.0001
2017-12-16 19:00:00+00:00;0.00038874;0.0;0;0;0;0.0;0.022;0.022;0.81699559;0.88882905;0.0001;0.0;0.0001
2017-12-16 20:00:00+00:00;5.424e-05;0.0;0;0;0;0.0;0.031;0.031;0.75938186;0.89356947;0.0001;0.0;0.0001
2017-12-16 21:00:00+00:00;1.872e-05;0.0;0;0;0;0.0;0.034;0.034;0.69469153;0.9013573;0.0001;0.0;0.0001
2017-12-16 22:00:00+00:00;1.195e-05;0.0;0;0;0;0.0;0.047;0.047;0.70379808;0.56648038;0.0001;0.0;0.0001
2017-12-16 23:00:00+00:00;1.22e-06;0.0;0;0;0;0.0;0.04;0.04;0.65780014;0.44627683;0.0001;0.0;0.0001
2017-12-17 00:00:00+00:00;1.73e-06;0.0;0;0;0;0.0;0.005;0.005;0.5771663;0.20553114;0.0001;0.0;0.0001
2017-12-17 01:00:00+00:00;3.88e-06;0.0;0;0;0;0.0;0.002;0.002;0.52118781;0.22754024;0.0001;0.0;0.0001
2017-12-17 02:00:00+00:00;5.36e-06;0.0;0;0;0;0.0;0.008;0.008;0.48376074;0.23939129;0.0001;0.0;0.0001
2017-12-17 03:00:00+00:00;6.73e-06;0.0;0;0;0;0.0;0.03;0.03;0.46213621;0.23837548;0.0001;0.0;0.0001
2017-12-17 04:00:00+00:00;9.12e-06;0.0;0;0;0;0.0;0.049;0.049;0.46179789;0.2407457;0.0001;0.0;0.0001
2017-12-17 05:00:00+00:00;4.893e-05;0.0;0;0;0;0.0;0.069;0.069;0.48550875;0.24379311;0.0001;0.0;0.0001
2017-12-17 06:00:00+00:00;0.00033938;0.0;0;0;0;0.056;0.079;0.079;0.58866931;0.22517003;0.0001;0.02;0.0001
2017-12-17 07:00:00+00:00;0.00044337;0.0;0;0;0;0.23;0.042;0.042;0.65923802;0.22550863;0.0001;0.18;0.0001
2017-12-17 08:00:00+00:00;0.00034579;0.0;0;0;0;0.398;0.055;0.055;0.70031617;0.2194138;0.0001;0.37;0.0001
2017-12-17 09:00:00+00:00;6.505e-05;0.0;0;0;0;0.528;0.095;0.095;0.7401256;0.24853353;0.0001;0.535;0.0001
2017-12-17 10:00:00+00:00;1.998e-05;0.0;0;0;0;0.634;0.106;0.106;0.71566761;0.25632137;0.0001;0.708;0.0001
2017-12-17 11:00:00+00:00;2.123e-05;0.0;0;0;0;0.688;0.087;0.087;0.74421368;0.28307089;0.0001;0.801;0.0001
2017-12-17 12:00:00+00:00;2.197e-05;0.0;0;0;0;0.676;0.062;0.062;0.75453255;0.29932376;0.0001;0.763;0.0001
2017-12-17 13:00:00+00:00;2.095e-05;0.0;0;0;0;0.635;0.052;0.052;0.72849572;0.29796936;0.0001;0.685;0.0001
2017-12-17 14:00:00+00:00;2.024e-05;0.0;0;0;0;0.504;0.058;0.058;0.73186486;0.51602875;0.0001;0.425;0.0001
2017-12-17 15:00:00+00:00;2.175e-05;0.0;0;0;0;0.396;0.067;0.067;0.74372029;0.48115279;0.0001;0.289;0.0001
2017-12-17 16:00:00+00:00;2.48e-05;0.0;0;0;0;0.261;0.074;0.074;0.73147015;0.47505796;0.0001;0.154;0.0001
2017-12-17 17:00:00+00:00;5.134e-05;0.0;0;0;0;0.112;0.09;0.09;0.73805336;0.75643585;0.0001;0.04;0.0001
2017-12-17 18:00:00+00:00;0.00037661;0.0;0;0;0;0.007;0.121;0.121;0.86197855;0.90711353;0.0001;0.0;0.0001
2017-12-17 19:00:00+00:00;0.0003879;0.0;0;0;0;0.0;0.156;0.156;0.86027284;0.90406612;0.0001;0.0;0.0001
2017-12-17 20:00:00+00:00;5.503e-05;0.0;0;0;0;0.0;0.156;0.156;0.76573953;0.91016094;0.0001;0.0;0.0001
2017-12-17 21:00:00+00:00;1.888e-05;0.0;0;0;0;0.0;0.136;0.136;0.73334503;0.87223757;0.0001;0.0;0.0001
2017-12-17 22:00:00+00:00;1.196e-05;0.0;0;0;0;0.0;0.104;0.104;0.66138073;0.58374906;0.0001;0.0;0.0001
2017-12-17 23:00:00+00:00;1.15e-06;0.0;0;0;0;0.0;0.076;0.076;0.70743506;0.22110681;0.0001;0.0;0.0001
2017-12-18 00:00:00+00:00;1.68e-06;0.0;0;0;0;0.0;0.055;0.055;0.62505322;0.18893966;0.0001;0.0;0.0001
2017-12-18 01:00:00+00:00;3.82e-06;0.0;0;0;0;0.0;0.048;0.048;0.63097388;0.19164847;0.0001;0.0;0.0001
2017-12-18 02:00:00+00:00;5.34e-06;0.0;0;0;0;0.0;0.06;0.06;0.60572647;0.19130987;0.0001;0.0;0.0001
2017-12-18 03:00:00+00:00;6.77e-06;0.0;0;0;0;0.0;0.061;0.061;0.5798306;0.19266428;0.0001;0.0;0.0001
2017-12-18 04:00:00+00:00;8.94e-06;0.0;0;0;0;0.0;0.024;0.024;0.62463031;0.19334148;0.0001;0.0;0.0001
2017-12-18 05:00:00+00:00;5.063e-05;0.0;0;0;0;0.0;0.027;0.027;0.54284053;0.19198707;0.0001;0.0;0.0001
2017-12-18 06:00:00+00:00;0.00033439;0.0;0;0;0;0.049;0.032;0.032;0.53551019;0.19266428;0.0001;0.008;0.0001
2017-12-18 07:00:00+00:00;0.00044182;0.0;0;0;0;0.2;0.009;0.009;0.62768932;0.22483142;0.0001;0.094;0.0001
2017-12-18 08:00:00+00:00;0.00034842;0.0;0;0;0;0.363;0.004;0.004;0.64168747;0.29864656;0.0001;0.256;0.0001
2017-12-18 09:00:00+00:00;6.58e-05;0.0;0;0;0;0.485;0.005;0.005;0.6695428;0.34232616;0.0001;0.391;0.0001
2017-12-18 10:00:00+00:00;2.102e-05;0.0;0;0;0;0.581;0.004;0.004;0.62619506;0.34029455;0.0001;0.527;0.0001
2017-12-18 11:00:00+00:00;2.174e-05;0.0;0;0;0;0.633;0.005;0.005;0.65546007;0.50417769;0.0001;0.608;0.0001
2017-12-18 12:00:00+00:00;2.125e-05;0.0;0;0;0;0.633;0.01;0.01;0.6588856;0.5051935;0.0001;0.597;0.0001
2017-12-18 13:00:00+00:00;2.206e-05;0.0;0;0;0;0.58;0.016;0.016;0.68909509;0.50857951;0.0001;0.488;0.0001
2017-12-18 14:00:00+00:00;2.137e-05;0.0;0;0;0;0.471;0.02;0.02;0.72133453;0.55496793;0.0001;0.296;0.0001
2017-12-18 15:00:00+00:00;2.245e-05;0.0;0;0;0;0.339;0.026;0.026;0.68000264;0.5495503;0.0001;0.14;0.0001
2017-12-18 16:00:00+00:00;2.45e-05;0.0;0;0;0;0.202;0.045;0.045;0.71028262;0.55022751;0.0001;0.049;0.0001
2017-12-18 17:00:00+00:00;5.125e-05;0.0;0;0;0;0.088;0.082;0.082;0.69051887;0.75406563;0.0001;0.013;0.0001
2017-12-18 18:00:00+00:00;0.00037741;0.0;0;0;0;0.006;0.141;0.141;0.70510909;0.85429169;0.0001;0.0;0.0001
2017-12-18 19:00:00+00:00;0.00038817;0.0;0;0;0;0.0;0.21;0.21;0.72845343;0.86681995;0.0001;0.0;0.0001
2017-12-18 20:00:00+00:00;5.449e-05;0.0;0;0;0;0.0;0.234;0.234;0.6917171;0.86580414;0.0001;0.0;0.0001
2017-12-18 21:00:00+00:00;1.865e-05;0.0;0;0;0;0.0;0.224;0.224;0.64366103;0.85970932;0.0001;0.0;0.0001
2017-12-18 22:00:00+00:00;1.189e-05;0.0;0;0;0;0.0;0.191;0.191;0.72484464;0.58374906;0.0001;0.0;0.0001
2017-12-18 23:00:00+00:00;1.21e-06;0.0;0;0;0;0.0;0.169;0.169;0.67967841;0.2194138;0.0001;0.0;0.0001
2017-12-19 00:00:00+00:00;1.77e-06;0.0;0;0;0;0.0;0.147;0.147;0.69672147;0.21704359;0.0001;0.0;0.0001
2017-12-19 01:00:00+00:00;3.91e-06;0.0;0;0;0;0.0;0.126;0.126;0.56040518;0.21568918;0.0001;0.0;0.0001
2017-12-19 02:00:00+00:00;5.57e-06;0.0;0;0;0;0.0;0.112;0.112;0.53660974;0.22381562;0.0001;0.0;0.0001
2017-12-19 03:00:00+00:00;6.95e-06;0.0;0;0;0;0.0;0.111;0.111;0.52514902;0.2204296;0.0001;0.0;0.0001
2017-12-19 04:00:00+00:00;8.9e-06;0.0;0;0;0;0.0;0.14;0.14;0.48690433;0.22652443;0.0001;0.0;0.0001
2017-12-19 05:00:00+00:00;5.19e-05;0.0;0;0;0;0.0;0.194;0.194;0.43171526;0.2204296;0.0001;0.0;0.0001
2017-12-19 06:00:00+00:00;0.00034248;0.0;0;0;0;0.041;0.2;0.2;0.40526962;0.22212261;0.0001;0.004;0.0001
2017-12-19 07:00:00+00:00;0.00044387;0.0;0;0;0;0.154;0.249;0.249;0.41134535;0.22178401;0.0001;0.033;0.0001
2017-12-19 08:00:00+00:00;0.00034919;0.0;0;0;0;0.281;0.268;0.268;0.46811327;0.2194138;0.0001;0.095;0.0001
2017-12-19 09:00:00+00:00;6.488e-05;0.0;0;0;0;0.478;0.339;0.339;0.49474217;0.22212261;0.0001;0.345;0.0001
2017-12-19 10:00:00+00:00;2.081e-05;0.0;0;0;0;0.57;0.486;0.486;0.48978008;0.22313842;0.0001;0.48;0.0001
2017-12-19 11:00:00+00:00;2.197e-05;0.0;0;0;0;0.635;0.577;0.577;0.59067106;0.25191955;0.0001;0.595;0.0001
2017-12-19 12:00:00+00:00;2.168e-05;0.0;0;0;0;0.632;0.59;0.59;0.53480534;0.27020403;0.0001;0.577;0.0001
2017-12-19 13:00:00+00:00;2.037e-05;0.0;0;0;0;0.571;0.513;0.513;0.55845982;0.26106179;0.0001;0.445;0.0001
2017-12-19 14:00:00+00:00;2.075e-05;0.0;0;0;0;0.44;0.419;0.419;0.64218086;0.47912118;0.0001;0.229;0.0001
2017-12-19 15:00:00+00:00;2.276e-05;0.0;0;0;0;0.38;0.304;0.304;0.63235537;0.48047559;0.0001;0.21;0.0001
2017-12-19 16:00:00+00:00;2.487e-05;0.0;0;0;0;0.247;0.213;0.213;0.6295501;0.48047559;0.0001;0.106;0.0001
2017-12-19 17:00:00+00:00;4.982e-05;0.0;0;0;0;0.114;0.142;0.142;0.6584345;0.72223709;0.0001;0.033;0.0001
2017-12-19 18:00:00+00:00;0.00036982;0.0;0;0;0;0.008;0.156;0.156;0.69008187;0.82449476;0.0001;0.0;0.0001
2017-12-19 19:00:00+00:00;0.00039172;0.0;0;0;0;0.0;0.167;0.167;0.72853801;0.85327588;0.0001;0.0;0.0001
2017-12-19 20:00:00+00:00;5.637e-05;0.0;0;0;0;0.0;0.18;0.18;0.69068803;0.84481085;0.0001;0.0;0.0001
2017-12-19 21:00:00+00:00;1.87e-05;0.0;0;0;0;0.0;0.205;0.205;0.71565351;0.83668441;0.0001;0.0;0.0001
2017-12-19 22:00:00+00:00;1.224e-05;0.0;0;0;0;0.0;0.22;0.22;0.64167337;0.57223661;0.0001;0.0;0.0001
2017-12-19 23:00:00+00:00;9.2e-07;0.0;0;0;0;0.0;0.232;0.232;0.67522382;0.18419924;0.0001;0.0;0.0001
2017-12-20 00:00:00+00:00;1.67e-06;0.0;0;0;0;0.0;0.284;0.284;0.5807328;0.18555364;0.0001;0.0;0.0001
2017-12-20 01:00:00+00:00;3.77e-06;0.0;0;0;0;0.0;0.315;0.315;0.50400378;0.18352204;0.0001;0.0;0.0001
2017-12-20 02:00:00+00:00;5.16e-06;0.0;0;0;0;0.0;0.327;0.327;0.47652907;0.19469589;0.0001;0.0;0.0001
2017-12-20 03:00:00+00:00;6.8e-06;0.0;0;0;0;0.0;0.313;0.313;0.45565167;0.19537309;0.0001;0.0;0.0001
2017-12-20 04:00:00+00:00;9.26e-06;0.0;0;0;0;0.0;0.327;0.327;0.47265244;0.19638889;0.0001;0.0;0.0001
2017-12-20 05:00:00+00:00;5.036e-05;0.0;0;0;0;0.0;0.262;0.262;0.45831597;0.19503449;0.0001;0.0;0.0001
2017-12-20 06:00:00+00:00;0.00033564;0.0;0;0;0;0.057;0.187;0.187;0.49929544;0.19943631;0.0001;0.019;0.0001
2017-12-20 07:00:00+00:00;0.00044041;0.0;0;0;0;0.231;0.096;0.096;0.65609443;0.1974047;0.0001;0.173;0.0001
2017-12-20 08:00:00+00:00;0.0003495;0.0;0;0;0;0.404;0.158;0.158;0.69768006;0.19401868;0.0001;0.369;0.0001
2017-12-20 09:00:00+00:00;6.776e-05;0.0;0;0;0;0.533;0.231;0.231;0.66372081;0.19605029;0.0001;0.526;0.0001
2017-12-20 10:00:00+00:00;2.021e-05;0.0;0;0;0;0.606;0.243;0.243;0.69209772;0.33521553;0.0001;0.598;0.0001
2017-12-20 11:00:00+00:00;2.098e-05;0.0;0;0;0;0.591;0.227;0.227;0.62097923;0.37618631;0.0001;0.489;0.0001
2017-12-20 12:00:00+00:00;2.18e-05;0.0;0;0;0;0.561;0.197;0.197;0.62213517;0.36602827;0.0001;0.392;0.0001
2017-12-20 13:00:00+00:00;1.958e-05;0.0;0;0;0;0.519;0.169;0.169;0.69494528;0.57799283;0.0001;0.331;0.0001
2017-12-20 14:00:00+00:00;2.09e-05;0.0;0;0;0;0.499;0.14;0.14;0.67544937;0.58916668;0.0001;0.367;0.0001
2017-12-20 15:00:00+00:00;2.224e-05;0.0;0;0;0;0.388;0.102;0.102;0.71163592;0.55124331;0.0001;0.243;0.0001
2017-12-20 16:00:00+00:00;2.405e-05;0.0;0;0;0;0.237;0.055;0.055;0.66783708;0.54718009;0.0001;0.097;0.0001
2017-12-20 17:00:00+00:00;5.064e-05;0.0;0;0;0;0.106;0.026;0.026;0.63774036;0.77336592;0.0001;0.027;0.0001
2017-12-20 18:00:00+00:00;0.00037976;0.0;0;0;0;0.007;0.018;0.018;0.69412766;0.89695548;0.0001;0.0;0.0001
2017-12-20 19:00:00+00:00;0.00039166;0.0;0;0;0;0.0;0.015;0.015;0.72291338;0.89187646;0.0001;0.0;0.0001
2017-12-20 20:00:00+00:00;5.471e-05;0.0;0;0;0;0.0;0.045;0.045;0.70964826;0.88713604;0.0001;0.0;0.0001
2017-12-20 21:00:00+00:00;1.877e-05;0.0;0;0;0;0.0;0.11;0.11;0.7108324;0.89187646;0.0001;0.0;0.0001
2017-12-20 22:00:00+00:00;1.241e-05;0.0;0;0;0;0.0;0.165;0.165;0.65468474;0.60541956;0.0001;0.0;0.0001
2017-12-20 23:00:00+00:00;1.32e-06;0.0;0;0;0;0.0;0.18;0.18;0.64845395;0.25124234;0.0001;0.0;0.0001
2017-12-21 00:00:00+00:00;1.28e-06;0.0;0;0;0;0.0;0.181;0.181;0.62004884;0.24954934;0.0001;0.0;0.0001
2017-12-21 01:00:00+00:00;2.88e-06;0.0;0;0;0;0.0;0.191;0.191;0.56688972;0.25158095;0.0001;0.0;0.0001
2017-12-21 02:00:00+00:00;4.14e-06;0.0;0;0;0;0.0;0.206;0.206;0.57465707;0.25395116;0.0001;0.0;0.0001
2017-12-21 03:00:00+00:00;5.42e-06;0.0;0;0;0;0.0;0.229;0.229;0.55700784;0.22144541;0.0001;0.0;0.0001
2017-12-21 04:00:00+00:00;7.53e-06;0.0;0;0;0;0.0;0.241;0.241;0.5536387;0.22584723;0.0001;0.0;0.0001
2017-12-21 05:00:00+00:00;5.027e-05;0.0;0;0;0;0.0;0.253;0.253;0.53348024;0.22381562;0.0001;0.0;0.0001
2017-12-21 06:00:00+00:00;0.00033408;0.0;0;0;0;0.04;0.19;0.19;0.61229559;0.22415422;0.0001;0.002;0.0001
2017-12-21 07:00:00+00:00;0.00043928;0.0;0;0;0;0.142;0.162;0.162;0.71852926;0.25598277;0.0001;0.016;0.0001
2017-12-21 08:00:00+00:00;0.00034881;0.0;0;0;0;0.244;0.325;0.325;0.70419279;0.25191955;0.0001;0.035;0.0001
2017-12-21 09:00:00+00:00;6.497e-05;0.0;0;0;0;0.227;0.429;0.429;0.66270584;0.25462836;0.0001;0.016;0.0001
2017-12-21 10:00:00+00:00;1.834e-05;0.0;0;0;0;0.227;0.439;0.439;0.71458215;0.25496696;0.0001;0.012;0.0001
2017-12-21 11:00:00+00:00;1.847e-05;0.0;0;0;0;0.248;0.412;0.412;0.64746717;0.32810489;0.0001;0.013;0.0001
2017-12-21 12:00:00+00:00;1.914e-05;0.0;0;0;0;0.283;0.382;0.382;0.64752356;0.36873708;0.0001;0.018;0.0001
2017-12-21 13:00:00+00:00;1.869e-05;0.0;0;0;0;0.278;0.338;0.338;0.68015771;0.59153689;0.0001;0.019;0.0001
2017-12-21 14:00:00+00:00;1.769e-05;0.0;0;0;0;0.232;0.266;0.266;0.72347725;0.5918755;0.0001;0.014;0.0001
2017-12-21 15:00:00+00:00;1.87e-05;0.0;0;0;0;0.16;0.17;0.17;0.71511783;0.56038555;0.0001;0.007;0.0001
2017-12-21 16:00:00+00:00;2.236e-05;0.0;0;0;0;0.105;0.105;0.105;0.71305969;0.56038555;0.0001;0.004;0.0001
2017-12-21 17:00:00+00:00;4.858e-05;0.0;0;0;0;0.043;0.101;0.101;0.71868433;0.78860299;0.0001;0.001;0.0001
2017-12-21 18:00:00+00:00;0.00037736;0.0;0;0;0;0.002;0.111;0.111;0.80798771;0.91083815;0.0001;0.0;0.0001
2017-12-21 19:00:00+00:00;0.00039078;0.0;0;0;0;0.0;0.139;0.139;0.83353116;0.90338891;0.0001;0.0;0.0001
2017-12-21 20:00:00+00:00;5.394e-05;0.0;0;0;0;0.0;0.161;0.161;0.78237378;0.89729408;0.0001;0.0;0.0001
2017-12-21 21:00:00+00:00;1.753e-05;0.0;0;0;0;0.0;0.161;0.161;0.72938382;0.8993257;0.0001;0.0;0.0001
2017-12-21 22:00:00+00:00;1.104e-05;0.0;0;0;0;0.0;0.177;0.177;0.68636031;0.61727061;0.0001;0.0;0.0001
2017-12-21 23:00:00+00:00;4.7e-07;0.0;0;0;0;0.0;0.2;0.2;0.71558303;0.22923324;0.0001;0.0;0.0001
2017-12-22 00:00:00+00:00;1.33e-06;0.0;0;0;0;0.0;0.234;0.234;0.65902657;0.22517003;0.0001;0.0;0.0001
2017-12-22 01:00:00+00:00;2.91e-06;0.0;0;0;0;0.0;0.204;0.204;0.66796395;0.22821744;0.0001;0.0;0.0001
2017-12-22 02:00:00+00:00;4.13e-06;0.0;0;0;0;0.0;0.213;0.213;0.63951656;0.22720164;0.0001;0.0;0.0001
2017-12-22 03:00:00+00:00;5.42e-06;0.0;0;0;0;0.0;0.208;0.208;0.63603464;0.22754024;0.0001;0.0;0.0001
2017-12-22 04:00:00+00:00;7.52e-06;0.0;0;0;0;0.0;0.208;0.208;0.63747252;0.22754024;0.0001;0.0;0.0001
2017-12-22 05:00:00+00:00;4.861e-05;0.0;0;0;0;0.0;0.207;0.207;0.60815112;0.22923324;0.0001;0.0;0.0001
2017-12-22 06:00:00+00:00;0.00033177;0.0;0;0;0;0.054;0.158;0.158;0.65691204;0.23295786;0.0001;0.017;0.0001
2017-12-22 07:00:00+00:00;0.00044348;0.0;0;0;0;0.227;0.092;0.092;0.65343013;0.25936878;0.0001;0.176;0.0001
2017-12-22 08:00:00+00:00;0.00034899;0.0;0;0;0;0.41;0.144;0.144;0.68705105;0.34435777;0.0001;0.398;0.0001
2017-12-22 09:00:00+00:00;6.298e-05;0.0;0;0;0;0.55;0.223;0.223;0.69980868;0.43137836;0.0001;0.586;0.0001
2017-12-22 10:00:00+00:00;1.774e-05;0.0;0;0;0;0.655;0.254;0.254;0.7037135;0.61219159;0.0001;0.757;0.0001
2017-12-22 11:00:00+00:00;1.797e-05;0.0;0;0;0;0.702;0.24;0.24;0.67856476;0.61117578;0.0001;0.834;0.0001
2017-12-22 12:00:00+00:00;1.781e-05;0.0;0;0;0;0.704;0.201;0.201;0.66666704;0.62438124;0.0001;0.84;0.0001
2017-12-22 13:00:00+00:00;1.787e-05;0.0;0;0;0;0.672;0.155;0.155;0.73875821;0.61693201;0.0001;0.796;0.0001
2017-12-22 14:00:00+00:00;1.966e-05;0.0;0;0;0;0.593;0.102;0.102;0.72450632;0.57900864;0.0001;0.672;0.0001
2017-12-22 15:00:00+00:00;2.102e-05;0.0;0;0;0;0.474;0.06;0.06;0.74121105;0.57867004;0.0001;0.503;0.0001
2017-12-22 16:00:00+00:00;2.299e-05;0.0;0;0;0;0.312;0.033;0.033;0.7103954;0.74255318;0.0001;0.294;0.0001
2017-12-22 17:00:00+00:00;4.793e-05;0.0;0;0;0;0.13;0.036;0.036;0.69049068;0.85801631;0.0001;0.087;0.0001
2017-12-22 18:00:00+00:00;0.00038045;0.0;0;0;0;0.007;0.039;0.039;0.79931817;0.89356947;0.0001;0.0;0.0001
2017-12-22 19:00:00+00:00;0.00039059;0.0;0;0;0;0.0;0.055;0.055;0.79637193;0.89729408;0.0001;0.0;0.0001
2017-12-22 20:00:00+00:00;5.399e-05;0.0;0;0;0;0.0;0.099;0.099;0.75606911;0.89458527;0.0001;0.0;0.0001
2017-12-22 21:00:00+00:00;1.75e-05;0.0;0;0;0;0.0;0.154;0.154;0.68320262;0.89153786;0.0001;0.0;0.0001
2017-12-22 22:00:00+00:00;1.102e-05;0.0;0;0;0;0.0;0.19;0.19;0.67150226;0.61828642;0.0001;0.0;0.0001
2017-12-22 23:00:00+00:00;4.8e-07;0.0;0;0;0;0.0;0.251;0.251;0.66542652;0.37110729;0.0001;0.0;0.0001
2017-12-23 00:00:00+00:00;1.76e-06;0.0;0;0;0;0.0;0.276;0.276;0.64834117;0.26140039;0.0001;0.0;0.0001
2017-12-23 01:00:00+00:00;3.76e-06;0.0;0;0;0;0.0;0.295;0.295;0.62337569;0.26173899;0.0001;0.0;0.0001
2017-12-23 02:00:00+00:00;5.21e-06;0.0;0;0;0;0.0;0.314;0.314;0.57832224;0.26207759;0.0001;0.0;0.0001
2017-12-23 03:00:00+00:00;6.7e-06;0.0;0;0;0;0.0;0.296;0.296;0.53376218;0.2644478;0.0001;0.0;0.0001
2017-12-23 04:00:00+00:00;9.01e-06;0.0;0;0;0;0.0;0.246;0.246;0.54871891;0.2627548;0.0001;0.0;0.0001
2017-12-23 05:00:00+00:00;5.282e-05;0.0;0;0;0;0.0;0.18;0.18;0.56153292;0.26614081;0.0001;0.0;0.0001
2017-12-23 06:00:00+00:00;0.00034249;0.0;0;0;0;0.055;0.093;0.093;0.58930367;0.26004598;0.0001;0.023;0.0001
2017-12-23 07:00:00+00:00;0.00044162;0.0;0;0;0;0.234;0.055;0.055;0.68572595;0.25936878;0.0001;0.195;0.0001
2017-12-23 08:00:00+00:00;0.00035174;0.0;0;0;0;0.412;0.132;0.132;0.70790026;0.40496744;0.0001;0.402;0.0001
2017-12-23 09:00:00+00:00;6.597e-05;0.0;0;0;0;0.552;0.188;0.188;0.68987042;0.46286831;0.0001;0.59;0.0001
2017-12-23 10:00:00+00:00;2.113e-05;0.0;0;0;0;0.647;0.204;0.204;0.69775054;0.43645739;0.0001;0.733;0.0001
2017-12-23 11:00:00+00:00;2.224e-05;0.0;0;0;0;0.694;0.205;0.205;0.67265819;0.64605174;0.0001;0.806;0.0001
2017-12-23 12:00:00+00:00;2.196e-05;0.0;0;0;0;0.694;0.186;0.186;0.65846269;0.64266573;0.0001;0.802;0.0001
2017-12-23 13:00:00+00:00;2.035e-05;0.0;0;0;0;0.652;0.156;0.156;0.69546686;0.65011496;0.0001;0.726;0.0001
2017-12-23 14:00:00+00:00;2.091e-05;0.0;0;0;0;0.566;0.115;0.115;0.70802713;0.64842195;0.0001;0.585;0.0001
2017-12-23 15:00:00+00:00;2.195e-05;0.0;0;0;0;0.442;0.077;0.077;0.70751964;0.74255318;0.0001;0.403;0.0001
2017-12-23 16:00:00+00:00;2.467e-05;0.0;0;0;0;0.277;0.047;0.047;0.70912668;0.79740663;0.0001;0.189;0.0001
2017-12-23 17:00:00+00:00;4.932e-05;0.0;0;0;0;0.111;0.034;0.034;0.71318657;0.7909732;0.0001;0.039;0.0001
2017-12-23 18:00:00+00:00;0.00037453;0.0;0;0;0;0.007;0.034;0.034;0.85315394;0.89898709;0.0001;0.0;0.0001
2017-12-23 19:00:00+00:00;0.00039312;0.0;0;0;0;0.0;0.02;0.02;0.87941633;0.89864849;0.0001;0.0;0.0001
2017-12-23 20:00:00+00:00;5.536e-05;0.0;0;0;0;0.0;0.008;0.008;0.78877374;0.88205702;0.0001;0.0;0.0001
2017-12-23 21:00:00+00:00;1.884e-05;0.0;0;0;0;0.0;0.003;0.003;0.70751964;0.86614274;0.0001;0.0;0.0001
2017-12-23 22:00:00+00:00;1.212e-05;0.0;0;0;0;0.0;0.001;0.001;0.70491173;0.6159162;0.0001;0.0;0.0001
2017-12-23 23:00:00+00:00;1.11e-06;0.0;0;0;0;0.0;0.001;0.001;0.67932599;0.58815088;0.0001;0.0;0.0001
2017-12-24 00:00:00+00:00;1.86e-06;0.0;0;0;0;0.0;0.003;0.003;0.66255077;0.5698664;0.0001;0.0;0.0001
2017-12-24 01:00:00+00:00;3.88e-06;0.0;0;0;0;0.0;0.011;0.011;0.6038093;0.57257521;0.0001;0.0;0.0001
2017-12-24 02:00:00+00:00;5.47e-06;0.0;0;0;0;0.0;0.032;0.032;0.59512566;0.56817339;0.0001;0.0;0.0001
2017-12-24 03:00:00+00:00;6.58e-06;0.0;0;0;0;0.0;0.073;0.073;0.57592578;0.57325241;0.0001;0.0;0.0001
2017-12-24 04:00:00+00:00;8.99e-06;0.0;0;0;0;0.0;0.128;0.128;0.5936032;0.56817339;0.0001;0.0;0.0001
2017-12-24 05:00:00+00:00;5.142e-05;0.0;0;0;0;0.0;0.167;0.167;0.56862363;0.56106276;0.0001;0.0;0.0001
2017-12-24 06:00:00+00:00;0.00033966;0.0;0;0;0;0.054;0.154;0.154;0.66717453;0.3741547;0.0001;0.013;0.0001
2017-12-24 07:00:00+00:00;0.00044626;0.0;0;0;0;0.224;0.062;0.062;0.70959188;0.31591524;0.0001;0.149;0.0001
2017-12-24 08:00:00+00:00;0.00035135;0.0;0;0;0;0.396;0.092;0.092;0.70640599;0.31591524;0.0001;0.332;0.0001
2017-12-24 09:00:00+00:00;6.774e-05;0.0;0;0;0;0.513;0.182;0.182;0.69197084;0.51331994;0.0001;0.448;0.0001
2017-12-24 10:00:00+00:00;2.178e-05;0.0;0;0;0;0.569;0.194;0.194;0.67177009;0.52246218;0.0001;0.471;0.0001
2017-12-24 11:00:00+00:00;2.198e-05;0.0;0;0;0;0.581;0.17;0.17;0.70361482;0.51569015;0.0001;0.434;0.0001
2017-12-24 12:00:00+00:00;2.11e-05;0.0;0;0;0;0.586;0.136;0.136;0.69268978;0.51873756;0.0001;0.424;0.0001
2017-12-24 13:00:00+00:00;2.115e-05;0.0;0;0;0;0.491;0.109;0.109;0.71307379;0.51027252;0.0001;0.254;0.0001
2017-12-24 14:00:00+00:00;2.089e-05;0.0;0;0;0;0.471;0.077;0.077;0.70952139;0.50654791;0.0001;0.284;0.0001
2017-12-24 15:00:00+00:00;2.331e-05;0.0;0;0;0;0.412;0.043;0.043;0.66163448;0.50620931;0.0001;0.287;0.0001
2017-12-24 16:00:00+00:00;2.437e-05;0.0;0;0;0;0.284;0.012;0.012;0.69239375;0.7246073;0.0001;0.181;0.0001
2017-12-24 17:00:00+00:00;5.03e-05;0.0;0;0;0;0.12;0.003;0.003;0.69065984;0.84311784;0.0001;0.045;0.0001
2017-12-24 18:00:00+00:00;0.00038022;0.0;0;0;0;0.007;0.001;0.001;0.86692654;0.90305031;0.0001;0.0;0.0001
2017-12-24 19:00:00+00:00;0.00039017;0.0;0;0;0;0.0;0.0;0.0;0.89234311;0.89627828;0.0001;0.0;0.0001
2017-12-24 20:00:00+00:00;5.482e-05;0.0;0;0;0;0.0;0.023;0.023;0.78485483;0.90406612;0.0001;0.0;0.0001
2017-12-24 21:00:00+00:00;1.87e-05;0.0;0;0;0;0.0;0.085;0.085;0.68554269;0.89323087;0.0001;0.0;0.0001
2017-12-24 22:00:00+00:00;1.209e-05;0.0;0;0;0;0.0;0.115;0.115;0.67000799;0.6155776;0.0001;0.0;0.0001
2017-12-24 23:00:00+00:00;1.14e-06;0.0;0;0;0;0.0;0.112;0.112;0.69907564;0.33860154;0.0001;0.0;0.0001
2017-12-25 00:00:00+00:00;1.93e-06;0.0;0;0;0;0.0;0.106;0.106;0.69625628;0.23126485;0.0001;0.0;0.0001
2017-12-25 01:00:00+00:00;3.94e-06;0.0;0;0;0;0.0;0.112;0.112;0.65803979;0.23600527;0.0001;0.0;0.0001
2017-12-25 02:00:00+00:00;5.09e-06;0.0;0;0;0;0.0;0.123;0.123;0.66279042;0.23160346;0.0001;0.0;0.0001
2017-12-25 03:00:00+00:00;6.76e-06;0.0;0;0;0;0.0;0.142;0.142;0.64695968;0.23566667;0.0001;0.0;0.0001
2017-12-25 04:00:00+00:00;8.83e-06;0.0;0;0;0;0.0;0.156;0.156;0.6682036;0.23397366;0.0001;0.0;0.0001
2017-12-25 05:00:00+00:00;5.149e-05;0.0;0;0;0;0.0;0.169;0.169;0.60992732;0.23431227;0.0001;0.0;0.0001
2017-12-25 06:00:00+00:00;0.00033831;0.0;0;0;0;0.047;0.149;0.149;0.5989459;0.23295786;0.0001;0.005;0.0001
2017-12-25 07:00:00+00:00;0.00044867;0.0;0;0;0;0.186;0.071;0.071;0.66868289;0.26580221;0.0001;0.062;0.0001
2017-12-25 08:00:00+00:00;0.00035747;0.0;0;0;0;0.325;0.044;0.044;0.69377524;0.41851151;0.0001;0.151;0.0001
2017-12-25 09:00:00+00:00;6.7e-05;0.0;0;0;0;0.448;0.055;0.055;0.69087129;0.47810538;0.0001;0.257;0.0001
2017-12-25 10:00:00+00:00;1.974e-05;0.0;0;0;0;0.488;0.066;0.066;0.70085184;0.70022799;0.0001;0.246;0.0001
2017-12-25 11:00:00+00:00;2.035e-05;0.0;0;0;0;0.508;0.081;0.081;0.68228633;0.68397511;0.0001;0.234;0.0001
2017-12-25 12:00:00+00:00;2.107e-05;0.0;0;0;0;0.51;0.094;0.094;0.67200974;0.703614;0.0001;0.227;0.0001
2017-12-25 13:00:00+00:00;2.026e-05;0.0;0;0;0;0.476;0.091;0.091;0.68385107;0.70835443;0.0001;0.196;0.0001
2017-12-25 14:00:00+00:00;2.113e-05;0.0;0;0;0;0.435;0.068;0.068;0.68168016;0.69921218;0.0001;0.186;0.0001
2017-12-25 15:00:00+00:00;2.195e-05;0.0;0;0;0;0.345;0.04;0.04;0.69897697;0.71478785;0.0001;0.129;0.0001
2017-12-25 16:00:00+00:00;2.373e-05;0.0;0;0;0;0.227;0.014;0.014;0.69429682;0.77302732;0.0001;0.065;0.0001
2017-12-25 17:00:00+00:00;4.742e-05;0.0;0;0;0;0.099;0.002;0.002;0.65785653;0.86512694;0.0001;0.017;0.0001
2017-12-25 18:00:00+00:00;0.00037614;0.0;0;0;0;0.007;0.001;0.001;0.74400223;0.89797129;0.0001;0.0;0.0001
2017-12-25 19:00:00+00:00;0.00039556;0.0;0;0;0;0.0;0.001;0.001;0.76822057;0.89830989;0.0001;0.0;0.0001
2017-12-25 20:00:00+00:00;5.594e-05;0.0;0;0;0;0.0;0.003;0.003;0.76803731;0.90237311;0.0001;0.0;0.0001
2017-12-25 21:00:00+00:00;1.882e-05;0.0;0;0;0;0.0;0.002;0.002;0.73436;0.86817435;0.0001;0.0;0.0001
2017-12-25 22:00:00+00:00;1.214e-05;0.0;0;0;0;0.0;0.002;0.002;0.69380343;0.58036304;0.0001;0.0;0.0001
2017-12-25 23:00:00+00:00;1.26e-06;0.0;0;0;0;0.0;0.011;0.011;0.69106865;0.50756371;0.0001;0.0;0.0001
2017-12-26 00:00:00+00:00;1.81e-06;0.0;0;0;0;0.0;0.043;0.043;0.66100012;0.48182999;0.0001;0.0;0.0001
2017-12-26 01:00:00+00:00;3.83e-06;0.0;0;0;0;0.0;0.003;0.003;0.65551646;0.47708957;0.0001;0.0;0.0001
2017-12-26 02:00:00+00:00;5.17e-06;0.0;0;0;0;0.0;0.0;0.0;0.63125582;0.47708957;0.0001;0.0;0.0001
2017-12-26 03:00:00+00:00;6.72e-06;0.0;0;0;0;0.0;0.0;0.0;0.60100403;0.48453881;0.0001;0.0;0.0001
2017-12-26 04:00:00+00:00;9.2e-06;0.0;0;0;0;0.0;0.001;0.001;0.58583585;0.47539656;0.0001;0.0;0.0001
2017-12-26 05:00:00+00:00;5.179e-05;0.0;0;0;0;0.0;0.001;0.001;0.4919228;0.48047559;0.0001;0.0;0.0001
2017-12-26 06:00:00+00:00;0.00033812;0.0;0;0;0;0.031;0.001;0.001;0.48715808;0.48961783;0.0001;0.001;0.0001
2017-12-26 07:00:00+00:00;0.00044935;0.0;0;0;0;0.144;0.0;0.0;0.55772678;0.49198804;0.0001;0.022;0.0001
2017-12-26 08:00:00+00:00;0.00035649;0.0;0;0;0;0.276;0.001;0.001;0.62320653;0.48216859;0.0001;0.074;0.0001
2017-12-26 09:00:00+00:00;6.566e-05;0.0;0;0;0;0.394;0.011;0.011;0.6540081;0.4838616;0.0001;0.147;0.0001
2017-12-26 10:00:00+00:00;2.047e-05;0.0;0;0;0;0.465;0.023;0.023;0.68674092;0.68363651;0.0001;0.189;0.0001
2017-12-26 11:00:00+00:00;2.029e-05;0.0;0;0;0;0.499;0.037;0.037;0.70556018;0.71004743;0.0001;0.206;0.0001
2017-12-26 12:00:00+00:00;2.018e-05;0.0;0;0;0;0.511;0.048;0.048;0.63569632;0.72189849;0.0001;0.216;0.0001
2017-12-26 13:00:00+00:00;2.037e-05;0.0;0;0;0;0.477;0.053;0.053;0.6553191;0.69582617;0.0001;0.186;0.0001
2017-12-26 14:00:00+00:00;2.047e-05;0.0;0;0;0;0.42;0.05;0.05;0.69197084;0.66941525;0.0001;0.152;0.0001
2017-12-26 15:00:00+00:00;2.155e-05;0.0;0;0;0;0.333;0.043;0.043;0.70915487;0.68397511;0.0001;0.104;0.0001
2017-12-26 16:00:00+00:00;2.413e-05;0.0;0;0;0;0.211;0.047;0.047;0.72670542;0.69548757;0.0001;0.045;0.0001
2017-12-26 17:00:00+00:00;5.131e-05;0.0;0;0;0;0.083;0.054;0.054;0.70137343;0.77133431;0.0001;0.009;0.0001
2017-12-26 18:00:00+00:00;0.00037499;0.0;0;0;0;0.005;0.072;0.072;0.74973963;0.81535251;0.0001;0.0;0.0001
2017-12-26 19:00:00+00:00;0.00039627;0.0;0;0;0;0.0;0.095;0.095;0.76375188;0.83939322;0.0001;0.0;0.0001
2017-12-26 20:00:00+00:00;5.598e-05;0.0;0;0;0;0.0;0.102;0.102;0.74673701;0.84447224;0.0001;0.0;0.0001
2017-12-26 21:00:00+00:00;1.878e-05;0.0;0;0;0;0.0;0.096;0.096;0.71441299;0.83668441;0.0001;0.0;0.0001
2017-12-26 22:00:00+00:00;1.214e-05;0.0;0;0;0;0.0;0.086;0.086;0.6939444;0.60000193;0.0001;0.0;0.0001
2017-12-26 23:00:00+00:00;1.18e-06;0.0;0;0;0;0.0;0.055;0.055;0.67162913;0.51264274;0.0001;0.0;0.0001
2017-12-27 00:00:00+00:00;1.86e-06;0.0;0;0;0;0.0;0.039;0.039;0.65595346;0.49131084;0.0001;0.0;0.0001
2017-12-27 01:00:00+00:00;3.92e-06;0.0;0;0;0;0.0;0.061;0.061;0.6411095;0.4825072;0.0001;0.0;0.0001
2017-12-27 02:00:00+00:00;5.24e-06;0.0;0;0;0;0.0;0.088;0.088;0.57729317;0.48081419;0.0001;0.0;0.0001
2017-12-27 03:00:00+00:00;6.91e-06;0.0;0;0;0;0.0;0.105;0.105;0.53965465;0.4831844;0.0001;0.0;0.0001
2017-12-27 04:00:00+00:00;9.21e-06;0.0;0;0;0;0.0;0.102;0.102;0.54068372;0.49029503;0.0001;0.0;0.0001
2017-12-27 05:00:00+00:00;5.261e-05;0.0;0;0;0;0.0;0.074;0.074;0.52475431;0.48047559;0.0001;0.0;0.0001
2017-12-27 06:00:00+00:00;0.00033498;0.0;0;0;0;0.046;0.043;0.043;0.58449665;0.4838616;0.0001;0.004;0.0001
2017-12-27 07:00:00+00:00;0.00044811;0.0;0;0;0;0.185;0.004;0.004;0.69727125;0.48961783;0.0001;0.057;0.0001
2017-12-27 08:00:00+00:00;0.00035242;0.0;0;0;0;0.318;0.0;0.0;0.71231256;0.66264322;0.0001;0.131;0.0001
2017-12-27 09:00:00+00:00;6.754e-05;0.0;0;0;0;0.405;0.003;0.003;0.70708264;0.63894111;0.0001;0.169;0.0001
2017-12-27 10:00:00+00:00;2.117e-05;0.0;0;0;0;0.484;0.002;0.002;0.74256435;0.71986688;0.0001;0.221;0.0001
2017-12-27 11:00:00+00:00;2.192e-05;0.0;0;0;0;0.484;0.0;0.0;0.67330665;0.71783527;0.0001;0.18;0.0001
2017-12-27 12:00:00+00:00;2.164e-05;0.0;0;0;0;0.435;0.0;0.0;0.62699858;0.703614;0.0001;0.113;0.0001
2017-12-27 13:00:00+00:00;2.069e-05;0.0;0;0;0;0.407;0.0;0.0;0.66050673;0.70733862;0.0001;0.097;0.0001
2017-12-27 14:00:00+00:00;2.002e-05;0.0;0;0;0;0.373;0.0;0.0;0.70465799;0.70462981;0.0001;0.091;0.0001
2017-12-27 15:00:00+00:00;2.177e-05;0.0;0;0;0;0.276;0.0;0.0;0.66521507;0.71038603;0.0001;0.051;0.0001
2017-12-27 16:00:00+00:00;2.328e-05;0.0;0;0;0;0.185;0.001;0.001;0.66312874;0.77065711;0.0001;0.028;0.0001
2017-12-27 17:00:00+00:00;5.2e-05;0.0;0;0;0;0.079;0.003;0.003;0.64242051;0.80248565;0.0001;0.007;0.0001
2017-12-27 18:00:00+00:00;0.00038447;0.0;0;0;0;0.005;0.007;0.007;0.8178273;0.84311784;0.0001;0.0;0.0001
2017-12-27 19:00:00+00:00;0.00039391;0.0;0;0;0;0.0;0.013;0.013;0.82972502;0.89627828;0.0001;0.0;0.0001
2017-12-27 20:00:00+00:00;5.584e-05;0.0;0;0;0;0.0;0.016;0.016;0.76551398;0.9013573;0.0001;0.0;0.0001
2017-12-27 21:00:00+00:00;1.861e-05;0.0;0;0;0;0.0;0.014;0.014;0.71198834;0.87393058;0.0001;0.0;0.0001
2017-12-27 22:00:00+00:00;1.186e-05;0.0;0;0;0;0.0;0.011;0.011;0.70429147;0.56072415;0.0001;0.0;0.0001
2017-12-27 23:00:00+00:00;9.3e-07;0.0;0;0;0;0.0;0.012;0.012;0.70612406;0.47708957;0.0001;0.0;0.0001
2017-12-28 00:00:00+00:00;1.35e-06;0.0;0;0;0;0.0;0.031;0.031;0.66115519;0.48792482;0.0001;0.0;0.0001
2017-12-28 01:00:00+00:00;2.96e-06;0.0;0;0;0;0.0;0.078;0.078;0.56466242;0.48758622;0.0001;0.0;0.0001
2017-12-28 02:00:00+00:00;4.18e-06;0.0;0;0;0;0.0;0.144;0.144;0.54425022;0.48927923;0.0001;0.0;0.0001
2017-12-28 03:00:00+00:00;5.45e-06;0.0;0;0;0;0.0;0.171;0.171;0.53696216;0.48487741;0.0001;0.0;0.0001
2017-12-28 04:00:00+00:00;7.51e-06;0.0;0;0;0;0.0;0.149;0.149;0.54128988;0.51128833;0.0001;0.0;0.0001
2017-12-28 05:00:00+00:00;5.125e-05;0.0;0;0;0;0.0;0.129;0.129;0.52543096;0.51365854;0.0001;0.0;0.0001
2017-12-28 06:00:00+00:00;0.00033735;0.0;0;0;0;0.034;0.093;0.093;0.58263587;0.50790231;0.0001;0.002;0.0001
2017-12-28 07:00:00+00:00;0.00044344;0.0;0;0;0;0.168;0.018;0.018;0.71432841;0.50316189;0.0001;0.041;0.0001
2017-12-28 08:00:00+00:00;0.0003492;0.0;0;0;0;0.318;0.009;0.009;0.69322546;0.67618728;0.0001;0.139;0.0001
2017-12-28 09:00:00+00:00;6.197e-05;0.0;0;0;0;0.464;0.002;0.002;0.72495742;0.69514897;0.0001;0.296;0.0001
2017-12-28 10:00:00+00:00;1.885e-05;0.0;0;0;0;0.505;0.001;0.001;0.73376793;0.6802505;0.0001;0.284;0.0001
2017-12-28 11:00:00+00:00;1.899e-05;0.0;0;0;0;0.498;0.005;0.005;0.72872127;0.73171793;0.0001;0.222;0.0001
2017-12-28 12:00:00+00:00;1.831e-05;0.0;0;0;0;0.521;0.02;0.02;0.69050477;0.72630031;0.0001;0.25;0.0001
2017-12-28 13:00:00+00:00;1.779e-05;0.0;0;0;0;0.507;0.048;0.048;0.70564477;0.73476535;0.0001;0.254;0.0001
2017-12-28 14:00:00+00:00;1.912e-05;0.0;0;0;0;0.442;0.127;0.127;0.65114644;0.79943824;0.0001;0.201;0.0001
2017-12-28 15:00:00+00:00;2.113e-05;0.0;0;0;0;0.358;0.226;0.226;0.69487479;0.7909732;0.0001;0.152;0.0001
2017-12-28 16:00:00+00:00;2.208e-05;0.0;0;0;0;0.253;0.296;0.296;0.70854871;0.79605222;0.0001;0.101;0.0001
2017-12-28 17:00:00+00:00;4.83e-05;0.0;0;0;0;0.111;0.216;0.216;0.6753084;0.82449476;0.0001;0.027;0.0001
2017-12-28 18:00:00+00:00;0.00037853;0.0;0;0;0;0.007;0.14;0.14;0.81733391;0.90508192;0.0001;0.0;0.0001
2017-12-28 19:00:00+00:00;0.0003962;0.0;0;0;0;0.0;0.09;0.09;0.86890009;0.90305031;0.0001;0.0;0.0001
2017-12-28 20:00:00+00:00;5.438e-05;0.0;0;0;0;0.0;0.041;0.041;0.77273155;0.90440472;0.0001;0.0;0.0001
2017-12-28 21:00:00+00:00;1.745e-05;0.0;0;0;0;0.0;0.012;0.012;0.69278846;0.89560108;0.0001;0.0;0.0001
2017-12-28 22:00:00+00:00;1.101e-05;0.0;0;0;0;0.0;0.001;0.001;0.68086255;0.85192148;0.0001;0.0;0.0001
2017-12-28 23:00:00+00:00;4.7e-07;0.0;0;0;0;0.0;0.0;0.0;0.70530644;0.55361352;0.0001;0.0;0.0001
2017-12-29 00:00:00+00:00;1.4e-06;0.0;0;0;0;0.0;0.009;0.009;0.69759548;0.5048549;0.0001;0.0;0.0001
2017-12-29 01:00:00+00:00;2.94e-06;0.0;0;0;0;0.0;0.008;0.008;0.64626894;0.51061113;0.0001;0.0;0.0001
2017-12-29 02:00:00+00:00;4.13e-06;0.0;0;0;0;0.0;0.003;0.003;0.58287552;0.51467434;0.0001;0.0;0.0001
2017-12-29 03:00:00+00:00;5.47e-06;0.0;0;0;0;0.0;0.003;0.003;0.55416029;0.51331994;0.0001;0.0;0.0001
2017-12-29 04:00:00+00:00;7.53e-06;0.0;0;0;0;0.0;0.0;0.0;0.54943785;0.51433574;0.0001;0.0;0.0001
2017-12-29 05:00:00+00:00;5.128e-05;0.0;0;0;0;0.0;0.0;0.0;0.51756493;0.52246218;0.0001;0.0;0.0001
2017-12-29 06:00:00+00:00;0.0003408;0.0;0;0;0;0.019;0.001;0.001;0.60153971;0.52076917;0.0001;0.0;0.0001
2017-12-29 07:00:00+00:00;0.00044344;0.0;0;0;0;0.091;0.0;0.0;0.68199029;0.54108526;0.0001;0.005;0.0001
2017-12-29 08:00:00+00:00;0.00034961;0.0;0;0;0;0.168;0.0;0.0;0.71803587;0.72155989;0.0001;0.011;0.0001
2017-12-29 09:00:00+00:00;6.556e-05;0.0;0;0;0;0.245;0.001;0.001;0.71541386;0.71681946;0.0001;0.021;0.0001
2017-12-29 10:00:00+00:00;1.793e-05;0.0;0;0;0;0.332;0.0;0.0;0.71205882;0.75812885;0.0001;0.04;0.0001
2017-12-29 11:00:00+00:00;1.875e-05;0.0;0;0;0;0.381;0.0;0.0;0.70791435;0.78420117;0.0001;0.056;0.0001
2017-12-29 12:00:00+00:00;1.867e-05;0.0;0;0;0;0.427;0.0;0.0;0.72088343;0.75745165;0.0001;0.083;0.0001
2017-12-29 13:00:00+00:00;1.859e-05;0.0;0;0;0;0.427;0.0;0.0;0.71208701;0.77810634;0.0001;0.096;0.0001
2017-12-29 14:00:00+00:00;1.829e-05;0.0;0;0;0;0.389;0.0;0.0;0.6970739;0.77912215;0.0001;0.089;0.0001
2017-12-29 15:00:00+00:00;1.955e-05;0.0;0;0;0;0.289;0.001;0.001;0.69494528;0.78250816;0.0001;0.049;0.0001
2017-12-29 16:00:00+00:00;2.193e-05;0.0;0;0;0;0.183;0.009;0.009;0.6637631;0.80688748;0.0001;0.022;0.0001
2017-12-29 17:00:00+00:00;4.849e-05;0.0;0;0;0;0.069;0.028;0.028;0.67453307;0.86106372;0.0001;0.004;0.0001
2017-12-29 18:00:00+00:00;0.0003809;0.0;0;0;0;0.003;0.073;0.073;0.78259933;0.9010187;0.0001;0.0;0.0001
2017-12-29 19:00:00+00:00;0.00039399;0.0;0;0;0;0.0;0.155;0.155;0.87291769;0.89763269;0.0001;0.0;0.0001
2017-12-29 20:00:00+00:00;5.348e-05;0.0;0;0;0;0.0;0.234;0.234;0.78271211;0.9000029;0.0001;0.0;0.0001
2017-12-29 21:00:00+00:00;1.75e-05;0.0;0;0;0;0.0;0.266;0.266;0.71644293;0.89526248;0.0001;0.0;0.0001
2017-12-29 22:00:00+00:00;1.103e-05;0.0;0;0;0;0.0;0.265;0.265;0.69053297;0.64537454;0.0001;0.0;0.0001
2017-12-29 23:00:00+00:00;4.7e-07;0.0;0;0;0;0.0;0.247;0.247;0.67357449;0.42765375;0.0001;0.0;0.0001
2017-12-30 00:00:00+00:00;1.73e-06;0.0;0;0;0;0.0;0.27;0.27;0.69253472;0.34503497;0.0001;0.0;0.0001
2017-12-30 01:00:00+00:00;3.97e-06;0.0;0;0;0;0.0;0.27;0.27;0.66193051;0.34131035;0.0001;0.0;0.0001
2017-12-30 02:00:00+00:00;5.44e-06;0.0;0;0;0;0.0;0.289;0.289;0.60365424;0.34875959;0.0001;0.0;0.0001
2017-12-30 03:00:00+00:00;6.97e-06;0.0;0;0;0;0.0;0.275;0.275;0.5953935;0.3304751;0.0001;0.0;0.0001
2017-12-30 04:00:00+00:00;9.28e-06;0.0;0;0;0;0.0;0.205;0.205;0.57622182;0.33352252;0.0001;0.0;0.0001
2017-12-30 05:00:00+00:00;5.274e-05;0.0;0;0;0;0.0;0.178;0.178;0.52444418;0.34097175;0.0001;0.0;0.0001
2017-12-30 06:00:00+00:00;0.00034169;0.0;0;0;0;0.027;0.136;0.136;0.6047115;0.34401917;0.0001;0.001;0.0001
2017-12-30 07:00:00+00:00;0.00044538;0.0;0;0;0;0.127;0.167;0.167;0.65729266;0.3721231;0.0001;0.012;0.0001
2017-12-30 08:00:00+00:00;0.0003513;0.0;0;0;0;0.237;0.299;0.299;0.68599379;0.67618728;0.0001;0.036;0.0001
2017-12-30 09:00:00+00:00;6.686e-05;0.0;0;0;0;0.329;0.298;0.298;0.68382288;0.73679695;0.0001;0.062;0.0001
2017-12-30 10:00:00+00:00;2.088e-05;0.0;0;0;0;0.387;0.249;0.249;0.66209967;0.71614226;0.0001;0.076;0.0001
2017-12-30 11:00:00+00:00;2.017e-05;0.0;0;0;0;0.416;0.222;0.222;0.65686975;0.75982186;0.0001;0.081;0.0001
2017-12-30 12:00:00+00:00;2.048e-05;0.0;0;0;0;0.407;0.216;0.216;0.64827069;0.72697751;0.0001;0.073;0.0001
2017-12-30 13:00:00+00:00;2.034e-05;0.0;0;0;0;0.387;0.227;0.227;0.68806602;0.72697751;0.0001;0.067;0.0001
2017-12-30 14:00:00+00:00;2.039e-05;0.0;0;0;0;0.338;0.244;0.244;0.69715848;0.51128833;0.0001;0.053;0.0001
2017-12-30 15:00:00+00:00;2.143e-05;0.0;0;0;0;0.255;0.218;0.218;0.68782638;0.73307234;0.0001;0.032;0.0001
2017-12-30 16:00:00+00:00;2.449e-05;0.0;0;0;0;0.165;0.174;0.174;0.6957206;0.20756274;0.0001;0.017;0.0001
2017-12-30 17:00:00+00:00;5.057e-05;0.0;0;0;0;0.078;0.156;0.156;0.65744772;0.85327588;0.0001;0.006;0.0001
2017-12-30 18:00:00+00:00;0.00038554;0.0;0;0;0;0.005;0.119;0.119;0.81444406;0.89898709;0.0001;0.0;0.0001
2017-12-30 19:00:00+00:00;0.00039952;0.0;0;0;0;0.0;0.105;0.105;0.88411057;0.89526248;0.0001;0.0;0.0001
2017-12-30 20:00:00+00:00;5.675e-05;0.0;0;0;0;0.0;0.132;0.132;0.78998607;0.9000029;0.0001;0.0;0.0001
2017-12-30 21:00:00+00:00;1.908e-05;0.0;0;0;0;0.0;0.188;0.188;0.75849376;0.85463029;0.0001;0.0;0.0001
2017-12-30 22:00:00+00:00;1.205e-05;0.0;0;0;0;0.0;0.166;0.166;0.74346655;0.77709054;0.0001;0.0;0.0001
2017-12-30 23:00:00+00:00;1.18e-06;0.0;0;0;0;0.0;0.17;0.17;0.6983708;0.33826294;0.0001;0.0;0.0001
2017-12-31 00:00:00+00:00;1.76e-06;0.0;0;0;0;0.0;0.157;0.157;0.73544545;0.25869158;0.0001;0.0;0.0001
2017-12-31 01:00:00+00:00;3.61e-06;0.0;0;0;0;0.0;0.159;0.159;0.64657907;0.25395116;0.0001;0.0;0.0001
2017-12-31 02:00:00+00:00;5.42e-06;0.0;0;0;0;0.0;0.157;0.157;0.59009309;0.25395116;0.0001;0.0;0.0001
2017-12-31 03:00:00+00:00;6.79e-06;0.0;0;0;0;0.0;0.153;0.153;0.57426236;0.25293535;0.0001;0.0;0.0001
2017-12-31 04:00:00+00:00;8.98e-06;0.0;0;0;0;0.0;0.165;0.165;0.53084414;0.23634388;0.0001;0.0;0.0001
2017-12-31 05:00:00+00:00;5.273e-05;0.0;0;0;0;0.0;0.165;0.165;0.50548395;0.23498947;0.0001;0.0;0.0001
2017-12-31 06:00:00+00:00;0.0003402;0.0;0;0;0;0.027;0.121;0.121;0.57754692;0.23498947;0.0001;0.001;0.0001
2017-12-31 07:00:00+00:00;0.00044807;0.0;0;0;0;0.125;0.084;0.084;0.59337765;0.43239417;0.0001;0.014;0.0001
2017-12-31 08:00:00+00:00;0.00035902;0.0;0;0;0;0.259;0.209;0.209;0.68521847;0.64537454;0.0001;0.058;0.0001
2017-12-31 09:00:00+00:00;6.772e-05;0.0;0;0;0;0.416;0.241;0.241;0.66911989;0.6369095;0.0001;0.176;0.0001
2017-12-31 10:00:00+00:00;2.087e-05;0.0;0;0;0;0.512;0.259;0.259;0.70288179;0.6149004;0.0001;0.275;0.0001
2017-12-31 11:00:00+00:00;2.062e-05;0.0;0;0;0;0.553;0.272;0.272;0.70049942;0.60948278;0.0001;0.309;0.0001
2017-12-31 12:00:00+00:00;1.994e-05;0.0;0;0;0;0.562;0.28;0.28;0.70709674;0.66230462;0.0001;0.319;0.0001
2017-12-31 13:00:00+00:00;2.044e-05;0.0;0;0;0;0.539;0.271;0.271;0.71706319;0.72088268;0.0001;0.306;0.0001
2017-12-31 14:00:00+00:00;2.048e-05;0.0;0;0;0;0.482;0.236;0.236;0.74169035;0.75914466;0.0001;0.269;0.0001
2017-12-31 15:00:00+00:00;2.216e-05;0.0;0;0;0;0.4;0.163;0.163;0.71399009;0.75169542;0.0001;0.223;0.0001
2017-12-31 16:00:00+00:00;2.438e-05;0.0;0;0;0;0.273;0.111;0.111;0.64767862;0.62471984;0.0001;0.127;0.0001
2017-12-31 17:00:00+00:00;5.131e-05;0.0;0;0;0;0.102;0.103;0.103;0.69419814;0.7693027;0.0001;0.018;0.0001
2017-12-31 18:00:00+00:00;0.00038888;0.0;0;0;0;0.005;0.121;0.121;0.87453882;0.90542052;0.0001;0.0;0.0001
2017-12-31 19:00:00+00:00;0.00039181;0.0;0;0;0;0.0;0.148;0.148;0.91083815;0.88544303;0.0001;0.0;0.0001
2017-12-31 20:00:00+00:00;5.559e-05;0.0;0;0;0;0.0;0.02;0.02;0.81485287;0.90440472;0.0001;0.0;0.0001
2017-12-31 21:00:00+00:00;1.878e-05;0.0;0;0;0;0.0;0.063;0.063;0.7565343;0.86648134;0.0001;0.0;0.0001
2017-12-31 22:00:00+00:00;1.21e-05;0.0;0;0;0;0.0;0.079;0.079;0.74465068;0.86241813;0.0001;0.0;0.0001
2017-12-31 23:00:00+00:00;1.16e-06;0.0;0;0;0;0.0;0.087;0.087;0.72046053;0.42122032;0.0001;0.0;0.0001
