  
 set  T_H_TD  :=  		 
(	1	,	1	,	2	)
(	2	,	2	,	2	)
(	3	,	3	,	2	)
(	4	,	4	,	2	)
(	5	,	5	,	2	)
(	6	,	6	,	2	)
(	7	,	7	,	2	)
(	8	,	8	,	2	)
(	9	,	9	,	2	)
(	10	,	10	,	2	)
(	11	,	11	,	2	)
(	12	,	12	,	2	)
(	13	,	13	,	2	)
(	14	,	14	,	2	)
(	15	,	15	,	2	)
(	16	,	16	,	2	)
(	17	,	17	,	2	)
(	18	,	18	,	2	)
(	19	,	19	,	2	)
(	20	,	20	,	2	)
(	21	,	21	,	2	)
(	22	,	22	,	2	)
(	23	,	23	,	2	)
(	24	,	24	,	2	)
(	25	,	1	,	1	)
(	26	,	2	,	1	)
(	27	,	3	,	1	)
(	28	,	4	,	1	)
(	29	,	5	,	1	)
(	30	,	6	,	1	)
(	31	,	7	,	1	)
(	32	,	8	,	1	)
(	33	,	9	,	1	)
(	34	,	10	,	1	)
(	35	,	11	,	1	)
(	36	,	12	,	1	)
(	37	,	13	,	1	)
(	38	,	14	,	1	)
(	39	,	15	,	1	)
(	40	,	16	,	1	)
(	41	,	17	,	1	)
(	42	,	18	,	1	)
(	43	,	19	,	1	)
(	44	,	20	,	1	)
(	45	,	21	,	1	)
(	46	,	22	,	1	)
(	47	,	23	,	1	)
(	48	,	24	,	1	)
(	49	,	1	,	2	)
(	50	,	2	,	2	)
(	51	,	3	,	2	)
(	52	,	4	,	2	)
(	53	,	5	,	2	)
(	54	,	6	,	2	)
(	55	,	7	,	2	)
(	56	,	8	,	2	)
(	57	,	9	,	2	)
(	58	,	10	,	2	)
(	59	,	11	,	2	)
(	60	,	12	,	2	)
(	61	,	13	,	2	)
(	62	,	14	,	2	)
(	63	,	15	,	2	)
(	64	,	16	,	2	)
(	65	,	17	,	2	)
(	66	,	18	,	2	)
(	67	,	19	,	2	)
(	68	,	20	,	2	)
(	69	,	21	,	2	)
(	70	,	22	,	2	)
(	71	,	23	,	2	)
(	72	,	24	,	2	)
(	73	,	1	,	3	)
(	74	,	2	,	3	)
(	75	,	3	,	3	)
(	76	,	4	,	3	)
(	77	,	5	,	3	)
(	78	,	6	,	3	)
(	79	,	7	,	3	)
(	80	,	8	,	3	)
(	81	,	9	,	3	)
(	82	,	10	,	3	)
(	83	,	11	,	3	)
(	84	,	12	,	3	)
(	85	,	13	,	3	)
(	86	,	14	,	3	)
(	87	,	15	,	3	)
(	88	,	16	,	3	)
(	89	,	17	,	3	)
(	90	,	18	,	3	)
(	91	,	19	,	3	)
(	92	,	20	,	3	)
(	93	,	21	,	3	)
(	94	,	22	,	3	)
(	95	,	23	,	3	)
(	96	,	24	,	3	)
(	97	,	1	,	3	)
(	98	,	2	,	3	)
(	99	,	3	,	3	)
(	100	,	4	,	3	)
(	101	,	5	,	3	)
(	102	,	6	,	3	)
(	103	,	7	,	3	)
(	104	,	8	,	3	)
(	105	,	9	,	3	)
(	106	,	10	,	3	)
(	107	,	11	,	3	)
(	108	,	12	,	3	)
(	109	,	13	,	3	)
(	110	,	14	,	3	)
(	111	,	15	,	3	)
(	112	,	16	,	3	)
(	113	,	17	,	3	)
(	114	,	18	,	3	)
(	115	,	19	,	3	)
(	116	,	20	,	3	)
(	117	,	21	,	3	)
(	118	,	22	,	3	)
(	119	,	23	,	3	)
(	120	,	24	,	3	)
(	121	,	1	,	2	)
(	122	,	2	,	2	)
(	123	,	3	,	2	)
(	124	,	4	,	2	)
(	125	,	5	,	2	)
(	126	,	6	,	2	)
(	127	,	7	,	2	)
(	128	,	8	,	2	)
(	129	,	9	,	2	)
(	130	,	10	,	2	)
(	131	,	11	,	2	)
(	132	,	12	,	2	)
(	133	,	13	,	2	)
(	134	,	14	,	2	)
(	135	,	15	,	2	)
(	136	,	16	,	2	)
(	137	,	17	,	2	)
(	138	,	18	,	2	)
(	139	,	19	,	2	)
(	140	,	20	,	2	)
(	141	,	21	,	2	)
(	142	,	22	,	2	)
(	143	,	23	,	2	)
(	144	,	24	,	2	)
(	145	,	1	,	4	)
(	146	,	2	,	4	)
(	147	,	3	,	4	)
(	148	,	4	,	4	)
(	149	,	5	,	4	)
(	150	,	6	,	4	)
(	151	,	7	,	4	)
(	152	,	8	,	4	)
(	153	,	9	,	4	)
(	154	,	10	,	4	)
(	155	,	11	,	4	)
(	156	,	12	,	4	)
(	157	,	13	,	4	)
(	158	,	14	,	4	)
(	159	,	15	,	4	)
(	160	,	16	,	4	)
(	161	,	17	,	4	)
(	162	,	18	,	4	)
(	163	,	19	,	4	)
(	164	,	20	,	4	)
(	165	,	21	,	4	)
(	166	,	22	,	4	)
(	167	,	23	,	4	)
(	168	,	24	,	4	)
(	169	,	1	,	2	)
(	170	,	2	,	2	)
(	171	,	3	,	2	)
(	172	,	4	,	2	)
(	173	,	5	,	2	)
(	174	,	6	,	2	)
(	175	,	7	,	2	)
(	176	,	8	,	2	)
(	177	,	9	,	2	)
(	178	,	10	,	2	)
(	179	,	11	,	2	)
(	180	,	12	,	2	)
(	181	,	13	,	2	)
(	182	,	14	,	2	)
(	183	,	15	,	2	)
(	184	,	16	,	2	)
(	185	,	17	,	2	)
(	186	,	18	,	2	)
(	187	,	19	,	2	)
(	188	,	20	,	2	)
(	189	,	21	,	2	)
(	190	,	22	,	2	)
(	191	,	23	,	2	)
(	192	,	24	,	2	)
(	193	,	1	,	1	)
(	194	,	2	,	1	)
(	195	,	3	,	1	)
(	196	,	4	,	1	)
(	197	,	5	,	1	)
(	198	,	6	,	1	)
(	199	,	7	,	1	)
(	200	,	8	,	1	)
(	201	,	9	,	1	)
(	202	,	10	,	1	)
(	203	,	11	,	1	)
(	204	,	12	,	1	)
(	205	,	13	,	1	)
(	206	,	14	,	1	)
(	207	,	15	,	1	)
(	208	,	16	,	1	)
(	209	,	17	,	1	)
(	210	,	18	,	1	)
(	211	,	19	,	1	)
(	212	,	20	,	1	)
(	213	,	21	,	1	)
(	214	,	22	,	1	)
(	215	,	23	,	1	)
(	216	,	24	,	1	)
(	217	,	1	,	2	)
(	218	,	2	,	2	)
(	219	,	3	,	2	)
(	220	,	4	,	2	)
(	221	,	5	,	2	)
(	222	,	6	,	2	)
(	223	,	7	,	2	)
(	224	,	8	,	2	)
(	225	,	9	,	2	)
(	226	,	10	,	2	)
(	227	,	11	,	2	)
(	228	,	12	,	2	)
(	229	,	13	,	2	)
(	230	,	14	,	2	)
(	231	,	15	,	2	)
(	232	,	16	,	2	)
(	233	,	17	,	2	)
(	234	,	18	,	2	)
(	235	,	19	,	2	)
(	236	,	20	,	2	)
(	237	,	21	,	2	)
(	238	,	22	,	2	)
(	239	,	23	,	2	)
(	240	,	24	,	2	)
(	241	,	1	,	3	)
(	242	,	2	,	3	)
(	243	,	3	,	3	)
(	244	,	4	,	3	)
(	245	,	5	,	3	)
(	246	,	6	,	3	)
(	247	,	7	,	3	)
(	248	,	8	,	3	)
(	249	,	9	,	3	)
(	250	,	10	,	3	)
(	251	,	11	,	3	)
(	252	,	12	,	3	)
(	253	,	13	,	3	)
(	254	,	14	,	3	)
(	255	,	15	,	3	)
(	256	,	16	,	3	)
(	257	,	17	,	3	)
(	258	,	18	,	3	)
(	259	,	19	,	3	)
(	260	,	20	,	3	)
(	261	,	21	,	3	)
(	262	,	22	,	3	)
(	263	,	23	,	3	)
(	264	,	24	,	3	)
(	265	,	1	,	3	)
(	266	,	2	,	3	)
(	267	,	3	,	3	)
(	268	,	4	,	3	)
(	269	,	5	,	3	)
(	270	,	6	,	3	)
(	271	,	7	,	3	)
(	272	,	8	,	3	)
(	273	,	9	,	3	)
(	274	,	10	,	3	)
(	275	,	11	,	3	)
(	276	,	12	,	3	)
(	277	,	13	,	3	)
(	278	,	14	,	3	)
(	279	,	15	,	3	)
(	280	,	16	,	3	)
(	281	,	17	,	3	)
(	282	,	18	,	3	)
(	283	,	19	,	3	)
(	284	,	20	,	3	)
(	285	,	21	,	3	)
(	286	,	22	,	3	)
(	287	,	23	,	3	)
(	288	,	24	,	3	)
(	289	,	1	,	2	)
(	290	,	2	,	2	)
(	291	,	3	,	2	)
(	292	,	4	,	2	)
(	293	,	5	,	2	)
(	294	,	6	,	2	)
(	295	,	7	,	2	)
(	296	,	8	,	2	)
(	297	,	9	,	2	)
(	298	,	10	,	2	)
(	299	,	11	,	2	)
(	300	,	12	,	2	)
(	301	,	13	,	2	)
(	302	,	14	,	2	)
(	303	,	15	,	2	)
(	304	,	16	,	2	)
(	305	,	17	,	2	)
(	306	,	18	,	2	)
(	307	,	19	,	2	)
(	308	,	20	,	2	)
(	309	,	21	,	2	)
(	310	,	22	,	2	)
(	311	,	23	,	2	)
(	312	,	24	,	2	)
(	313	,	1	,	1	)
(	314	,	2	,	1	)
(	315	,	3	,	1	)
(	316	,	4	,	1	)
(	317	,	5	,	1	)
(	318	,	6	,	1	)
(	319	,	7	,	1	)
(	320	,	8	,	1	)
(	321	,	9	,	1	)
(	322	,	10	,	1	)
(	323	,	11	,	1	)
(	324	,	12	,	1	)
(	325	,	13	,	1	)
(	326	,	14	,	1	)
(	327	,	15	,	1	)
(	328	,	16	,	1	)
(	329	,	17	,	1	)
(	330	,	18	,	1	)
(	331	,	19	,	1	)
(	332	,	20	,	1	)
(	333	,	21	,	1	)
(	334	,	22	,	1	)
(	335	,	23	,	1	)
(	336	,	24	,	1	)
(	337	,	1	,	1	)
(	338	,	2	,	1	)
(	339	,	3	,	1	)
(	340	,	4	,	1	)
(	341	,	5	,	1	)
(	342	,	6	,	1	)
(	343	,	7	,	1	)
(	344	,	8	,	1	)
(	345	,	9	,	1	)
(	346	,	10	,	1	)
(	347	,	11	,	1	)
(	348	,	12	,	1	)
(	349	,	13	,	1	)
(	350	,	14	,	1	)
(	351	,	15	,	1	)
(	352	,	16	,	1	)
(	353	,	17	,	1	)
(	354	,	18	,	1	)
(	355	,	19	,	1	)
(	356	,	20	,	1	)
(	357	,	21	,	1	)
(	358	,	22	,	1	)
(	359	,	23	,	1	)
(	360	,	24	,	1	)
(	361	,	1	,	1	)
(	362	,	2	,	1	)
(	363	,	3	,	1	)
(	364	,	4	,	1	)
(	365	,	5	,	1	)
(	366	,	6	,	1	)
(	367	,	7	,	1	)
(	368	,	8	,	1	)
(	369	,	9	,	1	)
(	370	,	10	,	1	)
(	371	,	11	,	1	)
(	372	,	12	,	1	)
(	373	,	13	,	1	)
(	374	,	14	,	1	)
(	375	,	15	,	1	)
(	376	,	16	,	1	)
(	377	,	17	,	1	)
(	378	,	18	,	1	)
(	379	,	19	,	1	)
(	380	,	20	,	1	)
(	381	,	21	,	1	)
(	382	,	22	,	1	)
(	383	,	23	,	1	)
(	384	,	24	,	1	)
(	385	,	1	,	2	)
(	386	,	2	,	2	)
(	387	,	3	,	2	)
(	388	,	4	,	2	)
(	389	,	5	,	2	)
(	390	,	6	,	2	)
(	391	,	7	,	2	)
(	392	,	8	,	2	)
(	393	,	9	,	2	)
(	394	,	10	,	2	)
(	395	,	11	,	2	)
(	396	,	12	,	2	)
(	397	,	13	,	2	)
(	398	,	14	,	2	)
(	399	,	15	,	2	)
(	400	,	16	,	2	)
(	401	,	17	,	2	)
(	402	,	18	,	2	)
(	403	,	19	,	2	)
(	404	,	20	,	2	)
(	405	,	21	,	2	)
(	406	,	22	,	2	)
(	407	,	23	,	2	)
(	408	,	24	,	2	)
(	409	,	1	,	4	)
(	410	,	2	,	4	)
(	411	,	3	,	4	)
(	412	,	4	,	4	)
(	413	,	5	,	4	)
(	414	,	6	,	4	)
(	415	,	7	,	4	)
(	416	,	8	,	4	)
(	417	,	9	,	4	)
(	418	,	10	,	4	)
(	419	,	11	,	4	)
(	420	,	12	,	4	)
(	421	,	13	,	4	)
(	422	,	14	,	4	)
(	423	,	15	,	4	)
(	424	,	16	,	4	)
(	425	,	17	,	4	)
(	426	,	18	,	4	)
(	427	,	19	,	4	)
(	428	,	20	,	4	)
(	429	,	21	,	4	)
(	430	,	22	,	4	)
(	431	,	23	,	4	)
(	432	,	24	,	4	)
(	433	,	1	,	3	)
(	434	,	2	,	3	)
(	435	,	3	,	3	)
(	436	,	4	,	3	)
(	437	,	5	,	3	)
(	438	,	6	,	3	)
(	439	,	7	,	3	)
(	440	,	8	,	3	)
(	441	,	9	,	3	)
(	442	,	10	,	3	)
(	443	,	11	,	3	)
(	444	,	12	,	3	)
(	445	,	13	,	3	)
(	446	,	14	,	3	)
(	447	,	15	,	3	)
(	448	,	16	,	3	)
(	449	,	17	,	3	)
(	450	,	18	,	3	)
(	451	,	19	,	3	)
(	452	,	20	,	3	)
(	453	,	21	,	3	)
(	454	,	22	,	3	)
(	455	,	23	,	3	)
(	456	,	24	,	3	)
(	457	,	1	,	4	)
(	458	,	2	,	4	)
(	459	,	3	,	4	)
(	460	,	4	,	4	)
(	461	,	5	,	4	)
(	462	,	6	,	4	)
(	463	,	7	,	4	)
(	464	,	8	,	4	)
(	465	,	9	,	4	)
(	466	,	10	,	4	)
(	467	,	11	,	4	)
(	468	,	12	,	4	)
(	469	,	13	,	4	)
(	470	,	14	,	4	)
(	471	,	15	,	4	)
(	472	,	16	,	4	)
(	473	,	17	,	4	)
(	474	,	18	,	4	)
(	475	,	19	,	4	)
(	476	,	20	,	4	)
(	477	,	21	,	4	)
(	478	,	22	,	4	)
(	479	,	23	,	4	)
(	480	,	24	,	4	)
(	481	,	1	,	1	)
(	482	,	2	,	1	)
(	483	,	3	,	1	)
(	484	,	4	,	1	)
(	485	,	5	,	1	)
(	486	,	6	,	1	)
(	487	,	7	,	1	)
(	488	,	8	,	1	)
(	489	,	9	,	1	)
(	490	,	10	,	1	)
(	491	,	11	,	1	)
(	492	,	12	,	1	)
(	493	,	13	,	1	)
(	494	,	14	,	1	)
(	495	,	15	,	1	)
(	496	,	16	,	1	)
(	497	,	17	,	1	)
(	498	,	18	,	1	)
(	499	,	19	,	1	)
(	500	,	20	,	1	)
(	501	,	21	,	1	)
(	502	,	22	,	1	)
(	503	,	23	,	1	)
(	504	,	24	,	1	)
(	505	,	1	,	2	)
(	506	,	2	,	2	)
(	507	,	3	,	2	)
(	508	,	4	,	2	)
(	509	,	5	,	2	)
(	510	,	6	,	2	)
(	511	,	7	,	2	)
(	512	,	8	,	2	)
(	513	,	9	,	2	)
(	514	,	10	,	2	)
(	515	,	11	,	2	)
(	516	,	12	,	2	)
(	517	,	13	,	2	)
(	518	,	14	,	2	)
(	519	,	15	,	2	)
(	520	,	16	,	2	)
(	521	,	17	,	2	)
(	522	,	18	,	2	)
(	523	,	19	,	2	)
(	524	,	20	,	2	)
(	525	,	21	,	2	)
(	526	,	22	,	2	)
(	527	,	23	,	2	)
(	528	,	24	,	2	)
(	529	,	1	,	1	)
(	530	,	2	,	1	)
(	531	,	3	,	1	)
(	532	,	4	,	1	)
(	533	,	5	,	1	)
(	534	,	6	,	1	)
(	535	,	7	,	1	)
(	536	,	8	,	1	)
(	537	,	9	,	1	)
(	538	,	10	,	1	)
(	539	,	11	,	1	)
(	540	,	12	,	1	)
(	541	,	13	,	1	)
(	542	,	14	,	1	)
(	543	,	15	,	1	)
(	544	,	16	,	1	)
(	545	,	17	,	1	)
(	546	,	18	,	1	)
(	547	,	19	,	1	)
(	548	,	20	,	1	)
(	549	,	21	,	1	)
(	550	,	22	,	1	)
(	551	,	23	,	1	)
(	552	,	24	,	1	)
(	553	,	1	,	1	)
(	554	,	2	,	1	)
(	555	,	3	,	1	)
(	556	,	4	,	1	)
(	557	,	5	,	1	)
(	558	,	6	,	1	)
(	559	,	7	,	1	)
(	560	,	8	,	1	)
(	561	,	9	,	1	)
(	562	,	10	,	1	)
(	563	,	11	,	1	)
(	564	,	12	,	1	)
(	565	,	13	,	1	)
(	566	,	14	,	1	)
(	567	,	15	,	1	)
(	568	,	16	,	1	)
(	569	,	17	,	1	)
(	570	,	18	,	1	)
(	571	,	19	,	1	)
(	572	,	20	,	1	)
(	573	,	21	,	1	)
(	574	,	22	,	1	)
(	575	,	23	,	1	)
(	576	,	24	,	1	)
(	577	,	1	,	3	)
(	578	,	2	,	3	)
(	579	,	3	,	3	)
(	580	,	4	,	3	)
(	581	,	5	,	3	)
(	582	,	6	,	3	)
(	583	,	7	,	3	)
(	584	,	8	,	3	)
(	585	,	9	,	3	)
(	586	,	10	,	3	)
(	587	,	11	,	3	)
(	588	,	12	,	3	)
(	589	,	13	,	3	)
(	590	,	14	,	3	)
(	591	,	15	,	3	)
(	592	,	16	,	3	)
(	593	,	17	,	3	)
(	594	,	18	,	3	)
(	595	,	19	,	3	)
(	596	,	20	,	3	)
(	597	,	21	,	3	)
(	598	,	22	,	3	)
(	599	,	23	,	3	)
(	600	,	24	,	3	)
(	601	,	1	,	3	)
(	602	,	2	,	3	)
(	603	,	3	,	3	)
(	604	,	4	,	3	)
(	605	,	5	,	3	)
(	606	,	6	,	3	)
(	607	,	7	,	3	)
(	608	,	8	,	3	)
(	609	,	9	,	3	)
(	610	,	10	,	3	)
(	611	,	11	,	3	)
(	612	,	12	,	3	)
(	613	,	13	,	3	)
(	614	,	14	,	3	)
(	615	,	15	,	3	)
(	616	,	16	,	3	)
(	617	,	17	,	3	)
(	618	,	18	,	3	)
(	619	,	19	,	3	)
(	620	,	20	,	3	)
(	621	,	21	,	3	)
(	622	,	22	,	3	)
(	623	,	23	,	3	)
(	624	,	24	,	3	)
(	625	,	1	,	1	)
(	626	,	2	,	1	)
(	627	,	3	,	1	)
(	628	,	4	,	1	)
(	629	,	5	,	1	)
(	630	,	6	,	1	)
(	631	,	7	,	1	)
(	632	,	8	,	1	)
(	633	,	9	,	1	)
(	634	,	10	,	1	)
(	635	,	11	,	1	)
(	636	,	12	,	1	)
(	637	,	13	,	1	)
(	638	,	14	,	1	)
(	639	,	15	,	1	)
(	640	,	16	,	1	)
(	641	,	17	,	1	)
(	642	,	18	,	1	)
(	643	,	19	,	1	)
(	644	,	20	,	1	)
(	645	,	21	,	1	)
(	646	,	22	,	1	)
(	647	,	23	,	1	)
(	648	,	24	,	1	)
(	649	,	1	,	1	)
(	650	,	2	,	1	)
(	651	,	3	,	1	)
(	652	,	4	,	1	)
(	653	,	5	,	1	)
(	654	,	6	,	1	)
(	655	,	7	,	1	)
(	656	,	8	,	1	)
(	657	,	9	,	1	)
(	658	,	10	,	1	)
(	659	,	11	,	1	)
(	660	,	12	,	1	)
(	661	,	13	,	1	)
(	662	,	14	,	1	)
(	663	,	15	,	1	)
(	664	,	16	,	1	)
(	665	,	17	,	1	)
(	666	,	18	,	1	)
(	667	,	19	,	1	)
(	668	,	20	,	1	)
(	669	,	21	,	1	)
(	670	,	22	,	1	)
(	671	,	23	,	1	)
(	672	,	24	,	1	)
(	673	,	1	,	1	)
(	674	,	2	,	1	)
(	675	,	3	,	1	)
(	676	,	4	,	1	)
(	677	,	5	,	1	)
(	678	,	6	,	1	)
(	679	,	7	,	1	)
(	680	,	8	,	1	)
(	681	,	9	,	1	)
(	682	,	10	,	1	)
(	683	,	11	,	1	)
(	684	,	12	,	1	)
(	685	,	13	,	1	)
(	686	,	14	,	1	)
(	687	,	15	,	1	)
(	688	,	16	,	1	)
(	689	,	17	,	1	)
(	690	,	18	,	1	)
(	691	,	19	,	1	)
(	692	,	20	,	1	)
(	693	,	21	,	1	)
(	694	,	22	,	1	)
(	695	,	23	,	1	)
(	696	,	24	,	1	)
(	697	,	1	,	4	)
(	698	,	2	,	4	)
(	699	,	3	,	4	)
(	700	,	4	,	4	)
(	701	,	5	,	4	)
(	702	,	6	,	4	)
(	703	,	7	,	4	)
(	704	,	8	,	4	)
(	705	,	9	,	4	)
(	706	,	10	,	4	)
(	707	,	11	,	4	)
(	708	,	12	,	4	)
(	709	,	13	,	4	)
(	710	,	14	,	4	)
(	711	,	15	,	4	)
(	712	,	16	,	4	)
(	713	,	17	,	4	)
(	714	,	18	,	4	)
(	715	,	19	,	4	)
(	716	,	20	,	4	)
(	717	,	21	,	4	)
(	718	,	22	,	4	)
(	719	,	23	,	4	)
(	720	,	24	,	4	)
(	721	,	1	,	1	)
(	722	,	2	,	1	)
(	723	,	3	,	1	)
(	724	,	4	,	1	)
(	725	,	5	,	1	)
(	726	,	6	,	1	)
(	727	,	7	,	1	)
(	728	,	8	,	1	)
(	729	,	9	,	1	)
(	730	,	10	,	1	)
(	731	,	11	,	1	)
(	732	,	12	,	1	)
(	733	,	13	,	1	)
(	734	,	14	,	1	)
(	735	,	15	,	1	)
(	736	,	16	,	1	)
(	737	,	17	,	1	)
(	738	,	18	,	1	)
(	739	,	19	,	1	)
(	740	,	20	,	1	)
(	741	,	21	,	1	)
(	742	,	22	,	1	)
(	743	,	23	,	1	)
(	744	,	24	,	1	)
(	745	,	1	,	3	)
(	746	,	2	,	3	)
(	747	,	3	,	3	)
(	748	,	4	,	3	)
(	749	,	5	,	3	)
(	750	,	6	,	3	)
(	751	,	7	,	3	)
(	752	,	8	,	3	)
(	753	,	9	,	3	)
(	754	,	10	,	3	)
(	755	,	11	,	3	)
(	756	,	12	,	3	)
(	757	,	13	,	3	)
(	758	,	14	,	3	)
(	759	,	15	,	3	)
(	760	,	16	,	3	)
(	761	,	17	,	3	)
(	762	,	18	,	3	)
(	763	,	19	,	3	)
(	764	,	20	,	3	)
(	765	,	21	,	3	)
(	766	,	22	,	3	)
(	767	,	23	,	3	)
(	768	,	24	,	3	)
(	769	,	1	,	3	)
(	770	,	2	,	3	)
(	771	,	3	,	3	)
(	772	,	4	,	3	)
(	773	,	5	,	3	)
(	774	,	6	,	3	)
(	775	,	7	,	3	)
(	776	,	8	,	3	)
(	777	,	9	,	3	)
(	778	,	10	,	3	)
(	779	,	11	,	3	)
(	780	,	12	,	3	)
(	781	,	13	,	3	)
(	782	,	14	,	3	)
(	783	,	15	,	3	)
(	784	,	16	,	3	)
(	785	,	17	,	3	)
(	786	,	18	,	3	)
(	787	,	19	,	3	)
(	788	,	20	,	3	)
(	789	,	21	,	3	)
(	790	,	22	,	3	)
(	791	,	23	,	3	)
(	792	,	24	,	3	)
(	793	,	1	,	1	)
(	794	,	2	,	1	)
(	795	,	3	,	1	)
(	796	,	4	,	1	)
(	797	,	5	,	1	)
(	798	,	6	,	1	)
(	799	,	7	,	1	)
(	800	,	8	,	1	)
(	801	,	9	,	1	)
(	802	,	10	,	1	)
(	803	,	11	,	1	)
(	804	,	12	,	1	)
(	805	,	13	,	1	)
(	806	,	14	,	1	)
(	807	,	15	,	1	)
(	808	,	16	,	1	)
(	809	,	17	,	1	)
(	810	,	18	,	1	)
(	811	,	19	,	1	)
(	812	,	20	,	1	)
(	813	,	21	,	1	)
(	814	,	22	,	1	)
(	815	,	23	,	1	)
(	816	,	24	,	1	)
(	817	,	1	,	13	)
(	818	,	2	,	13	)
(	819	,	3	,	13	)
(	820	,	4	,	13	)
(	821	,	5	,	13	)
(	822	,	6	,	13	)
(	823	,	7	,	13	)
(	824	,	8	,	13	)
(	825	,	9	,	13	)
(	826	,	10	,	13	)
(	827	,	11	,	13	)
(	828	,	12	,	13	)
(	829	,	13	,	13	)
(	830	,	14	,	13	)
(	831	,	15	,	13	)
(	832	,	16	,	13	)
(	833	,	17	,	13	)
(	834	,	18	,	13	)
(	835	,	19	,	13	)
(	836	,	20	,	13	)
(	837	,	21	,	13	)
(	838	,	22	,	13	)
(	839	,	23	,	13	)
(	840	,	24	,	13	)
(	841	,	1	,	1	)
(	842	,	2	,	1	)
(	843	,	3	,	1	)
(	844	,	4	,	1	)
(	845	,	5	,	1	)
(	846	,	6	,	1	)
(	847	,	7	,	1	)
(	848	,	8	,	1	)
(	849	,	9	,	1	)
(	850	,	10	,	1	)
(	851	,	11	,	1	)
(	852	,	12	,	1	)
(	853	,	13	,	1	)
(	854	,	14	,	1	)
(	855	,	15	,	1	)
(	856	,	16	,	1	)
(	857	,	17	,	1	)
(	858	,	18	,	1	)
(	859	,	19	,	1	)
(	860	,	20	,	1	)
(	861	,	21	,	1	)
(	862	,	22	,	1	)
(	863	,	23	,	1	)
(	864	,	24	,	1	)
(	865	,	1	,	1	)
(	866	,	2	,	1	)
(	867	,	3	,	1	)
(	868	,	4	,	1	)
(	869	,	5	,	1	)
(	870	,	6	,	1	)
(	871	,	7	,	1	)
(	872	,	8	,	1	)
(	873	,	9	,	1	)
(	874	,	10	,	1	)
(	875	,	11	,	1	)
(	876	,	12	,	1	)
(	877	,	13	,	1	)
(	878	,	14	,	1	)
(	879	,	15	,	1	)
(	880	,	16	,	1	)
(	881	,	17	,	1	)
(	882	,	18	,	1	)
(	883	,	19	,	1	)
(	884	,	20	,	1	)
(	885	,	21	,	1	)
(	886	,	22	,	1	)
(	887	,	23	,	1	)
(	888	,	24	,	1	)
(	889	,	1	,	1	)
(	890	,	2	,	1	)
(	891	,	3	,	1	)
(	892	,	4	,	1	)
(	893	,	5	,	1	)
(	894	,	6	,	1	)
(	895	,	7	,	1	)
(	896	,	8	,	1	)
(	897	,	9	,	1	)
(	898	,	10	,	1	)
(	899	,	11	,	1	)
(	900	,	12	,	1	)
(	901	,	13	,	1	)
(	902	,	14	,	1	)
(	903	,	15	,	1	)
(	904	,	16	,	1	)
(	905	,	17	,	1	)
(	906	,	18	,	1	)
(	907	,	19	,	1	)
(	908	,	20	,	1	)
(	909	,	21	,	1	)
(	910	,	22	,	1	)
(	911	,	23	,	1	)
(	912	,	24	,	1	)
(	913	,	1	,	4	)
(	914	,	2	,	4	)
(	915	,	3	,	4	)
(	916	,	4	,	4	)
(	917	,	5	,	4	)
(	918	,	6	,	4	)
(	919	,	7	,	4	)
(	920	,	8	,	4	)
(	921	,	9	,	4	)
(	922	,	10	,	4	)
(	923	,	11	,	4	)
(	924	,	12	,	4	)
(	925	,	13	,	4	)
(	926	,	14	,	4	)
(	927	,	15	,	4	)
(	928	,	16	,	4	)
(	929	,	17	,	4	)
(	930	,	18	,	4	)
(	931	,	19	,	4	)
(	932	,	20	,	4	)
(	933	,	21	,	4	)
(	934	,	22	,	4	)
(	935	,	23	,	4	)
(	936	,	24	,	4	)
(	937	,	1	,	14	)
(	938	,	2	,	14	)
(	939	,	3	,	14	)
(	940	,	4	,	14	)
(	941	,	5	,	14	)
(	942	,	6	,	14	)
(	943	,	7	,	14	)
(	944	,	8	,	14	)
(	945	,	9	,	14	)
(	946	,	10	,	14	)
(	947	,	11	,	14	)
(	948	,	12	,	14	)
(	949	,	13	,	14	)
(	950	,	14	,	14	)
(	951	,	15	,	14	)
(	952	,	16	,	14	)
(	953	,	17	,	14	)
(	954	,	18	,	14	)
(	955	,	19	,	14	)
(	956	,	20	,	14	)
(	957	,	21	,	14	)
(	958	,	22	,	14	)
(	959	,	23	,	14	)
(	960	,	24	,	14	)
(	961	,	1	,	2	)
(	962	,	2	,	2	)
(	963	,	3	,	2	)
(	964	,	4	,	2	)
(	965	,	5	,	2	)
(	966	,	6	,	2	)
(	967	,	7	,	2	)
(	968	,	8	,	2	)
(	969	,	9	,	2	)
(	970	,	10	,	2	)
(	971	,	11	,	2	)
(	972	,	12	,	2	)
(	973	,	13	,	2	)
(	974	,	14	,	2	)
(	975	,	15	,	2	)
(	976	,	16	,	2	)
(	977	,	17	,	2	)
(	978	,	18	,	2	)
(	979	,	19	,	2	)
(	980	,	20	,	2	)
(	981	,	21	,	2	)
(	982	,	22	,	2	)
(	983	,	23	,	2	)
(	984	,	24	,	2	)
(	985	,	1	,	2	)
(	986	,	2	,	2	)
(	987	,	3	,	2	)
(	988	,	4	,	2	)
(	989	,	5	,	2	)
(	990	,	6	,	2	)
(	991	,	7	,	2	)
(	992	,	8	,	2	)
(	993	,	9	,	2	)
(	994	,	10	,	2	)
(	995	,	11	,	2	)
(	996	,	12	,	2	)
(	997	,	13	,	2	)
(	998	,	14	,	2	)
(	999	,	15	,	2	)
(	1000	,	16	,	2	)
(	1001	,	17	,	2	)
(	1002	,	18	,	2	)
(	1003	,	19	,	2	)
(	1004	,	20	,	2	)
(	1005	,	21	,	2	)
(	1006	,	22	,	2	)
(	1007	,	23	,	2	)
(	1008	,	24	,	2	)
(	1009	,	1	,	4	)
(	1010	,	2	,	4	)
(	1011	,	3	,	4	)
(	1012	,	4	,	4	)
(	1013	,	5	,	4	)
(	1014	,	6	,	4	)
(	1015	,	7	,	4	)
(	1016	,	8	,	4	)
(	1017	,	9	,	4	)
(	1018	,	10	,	4	)
(	1019	,	11	,	4	)
(	1020	,	12	,	4	)
(	1021	,	13	,	4	)
(	1022	,	14	,	4	)
(	1023	,	15	,	4	)
(	1024	,	16	,	4	)
(	1025	,	17	,	4	)
(	1026	,	18	,	4	)
(	1027	,	19	,	4	)
(	1028	,	20	,	4	)
(	1029	,	21	,	4	)
(	1030	,	22	,	4	)
(	1031	,	23	,	4	)
(	1032	,	24	,	4	)
(	1033	,	1	,	1	)
(	1034	,	2	,	1	)
(	1035	,	3	,	1	)
(	1036	,	4	,	1	)
(	1037	,	5	,	1	)
(	1038	,	6	,	1	)
(	1039	,	7	,	1	)
(	1040	,	8	,	1	)
(	1041	,	9	,	1	)
(	1042	,	10	,	1	)
(	1043	,	11	,	1	)
(	1044	,	12	,	1	)
(	1045	,	13	,	1	)
(	1046	,	14	,	1	)
(	1047	,	15	,	1	)
(	1048	,	16	,	1	)
(	1049	,	17	,	1	)
(	1050	,	18	,	1	)
(	1051	,	19	,	1	)
(	1052	,	20	,	1	)
(	1053	,	21	,	1	)
(	1054	,	22	,	1	)
(	1055	,	23	,	1	)
(	1056	,	24	,	1	)
(	1057	,	1	,	1	)
(	1058	,	2	,	1	)
(	1059	,	3	,	1	)
(	1060	,	4	,	1	)
(	1061	,	5	,	1	)
(	1062	,	6	,	1	)
(	1063	,	7	,	1	)
(	1064	,	8	,	1	)
(	1065	,	9	,	1	)
(	1066	,	10	,	1	)
(	1067	,	11	,	1	)
(	1068	,	12	,	1	)
(	1069	,	13	,	1	)
(	1070	,	14	,	1	)
(	1071	,	15	,	1	)
(	1072	,	16	,	1	)
(	1073	,	17	,	1	)
(	1074	,	18	,	1	)
(	1075	,	19	,	1	)
(	1076	,	20	,	1	)
(	1077	,	21	,	1	)
(	1078	,	22	,	1	)
(	1079	,	23	,	1	)
(	1080	,	24	,	1	)
(	1081	,	1	,	6	)
(	1082	,	2	,	6	)
(	1083	,	3	,	6	)
(	1084	,	4	,	6	)
(	1085	,	5	,	6	)
(	1086	,	6	,	6	)
(	1087	,	7	,	6	)
(	1088	,	8	,	6	)
(	1089	,	9	,	6	)
(	1090	,	10	,	6	)
(	1091	,	11	,	6	)
(	1092	,	12	,	6	)
(	1093	,	13	,	6	)
(	1094	,	14	,	6	)
(	1095	,	15	,	6	)
(	1096	,	16	,	6	)
(	1097	,	17	,	6	)
(	1098	,	18	,	6	)
(	1099	,	19	,	6	)
(	1100	,	20	,	6	)
(	1101	,	21	,	6	)
(	1102	,	22	,	6	)
(	1103	,	23	,	6	)
(	1104	,	24	,	6	)
(	1105	,	1	,	3	)
(	1106	,	2	,	3	)
(	1107	,	3	,	3	)
(	1108	,	4	,	3	)
(	1109	,	5	,	3	)
(	1110	,	6	,	3	)
(	1111	,	7	,	3	)
(	1112	,	8	,	3	)
(	1113	,	9	,	3	)
(	1114	,	10	,	3	)
(	1115	,	11	,	3	)
(	1116	,	12	,	3	)
(	1117	,	13	,	3	)
(	1118	,	14	,	3	)
(	1119	,	15	,	3	)
(	1120	,	16	,	3	)
(	1121	,	17	,	3	)
(	1122	,	18	,	3	)
(	1123	,	19	,	3	)
(	1124	,	20	,	3	)
(	1125	,	21	,	3	)
(	1126	,	22	,	3	)
(	1127	,	23	,	3	)
(	1128	,	24	,	3	)
(	1129	,	1	,	4	)
(	1130	,	2	,	4	)
(	1131	,	3	,	4	)
(	1132	,	4	,	4	)
(	1133	,	5	,	4	)
(	1134	,	6	,	4	)
(	1135	,	7	,	4	)
(	1136	,	8	,	4	)
(	1137	,	9	,	4	)
(	1138	,	10	,	4	)
(	1139	,	11	,	4	)
(	1140	,	12	,	4	)
(	1141	,	13	,	4	)
(	1142	,	14	,	4	)
(	1143	,	15	,	4	)
(	1144	,	16	,	4	)
(	1145	,	17	,	4	)
(	1146	,	18	,	4	)
(	1147	,	19	,	4	)
(	1148	,	20	,	4	)
(	1149	,	21	,	4	)
(	1150	,	22	,	4	)
(	1151	,	23	,	4	)
(	1152	,	24	,	4	)
(	1153	,	1	,	1	)
(	1154	,	2	,	1	)
(	1155	,	3	,	1	)
(	1156	,	4	,	1	)
(	1157	,	5	,	1	)
(	1158	,	6	,	1	)
(	1159	,	7	,	1	)
(	1160	,	8	,	1	)
(	1161	,	9	,	1	)
(	1162	,	10	,	1	)
(	1163	,	11	,	1	)
(	1164	,	12	,	1	)
(	1165	,	13	,	1	)
(	1166	,	14	,	1	)
(	1167	,	15	,	1	)
(	1168	,	16	,	1	)
(	1169	,	17	,	1	)
(	1170	,	18	,	1	)
(	1171	,	19	,	1	)
(	1172	,	20	,	1	)
(	1173	,	21	,	1	)
(	1174	,	22	,	1	)
(	1175	,	23	,	1	)
(	1176	,	24	,	1	)
(	1177	,	1	,	4	)
(	1178	,	2	,	4	)
(	1179	,	3	,	4	)
(	1180	,	4	,	4	)
(	1181	,	5	,	4	)
(	1182	,	6	,	4	)
(	1183	,	7	,	4	)
(	1184	,	8	,	4	)
(	1185	,	9	,	4	)
(	1186	,	10	,	4	)
(	1187	,	11	,	4	)
(	1188	,	12	,	4	)
(	1189	,	13	,	4	)
(	1190	,	14	,	4	)
(	1191	,	15	,	4	)
(	1192	,	16	,	4	)
(	1193	,	17	,	4	)
(	1194	,	18	,	4	)
(	1195	,	19	,	4	)
(	1196	,	20	,	4	)
(	1197	,	21	,	4	)
(	1198	,	22	,	4	)
(	1199	,	23	,	4	)
(	1200	,	24	,	4	)
(	1201	,	1	,	1	)
(	1202	,	2	,	1	)
(	1203	,	3	,	1	)
(	1204	,	4	,	1	)
(	1205	,	5	,	1	)
(	1206	,	6	,	1	)
(	1207	,	7	,	1	)
(	1208	,	8	,	1	)
(	1209	,	9	,	1	)
(	1210	,	10	,	1	)
(	1211	,	11	,	1	)
(	1212	,	12	,	1	)
(	1213	,	13	,	1	)
(	1214	,	14	,	1	)
(	1215	,	15	,	1	)
(	1216	,	16	,	1	)
(	1217	,	17	,	1	)
(	1218	,	18	,	1	)
(	1219	,	19	,	1	)
(	1220	,	20	,	1	)
(	1221	,	21	,	1	)
(	1222	,	22	,	1	)
(	1223	,	23	,	1	)
(	1224	,	24	,	1	)
(	1225	,	1	,	1	)
(	1226	,	2	,	1	)
(	1227	,	3	,	1	)
(	1228	,	4	,	1	)
(	1229	,	5	,	1	)
(	1230	,	6	,	1	)
(	1231	,	7	,	1	)
(	1232	,	8	,	1	)
(	1233	,	9	,	1	)
(	1234	,	10	,	1	)
(	1235	,	11	,	1	)
(	1236	,	12	,	1	)
(	1237	,	13	,	1	)
(	1238	,	14	,	1	)
(	1239	,	15	,	1	)
(	1240	,	16	,	1	)
(	1241	,	17	,	1	)
(	1242	,	18	,	1	)
(	1243	,	19	,	1	)
(	1244	,	20	,	1	)
(	1245	,	21	,	1	)
(	1246	,	22	,	1	)
(	1247	,	23	,	1	)
(	1248	,	24	,	1	)
(	1249	,	1	,	4	)
(	1250	,	2	,	4	)
(	1251	,	3	,	4	)
(	1252	,	4	,	4	)
(	1253	,	5	,	4	)
(	1254	,	6	,	4	)
(	1255	,	7	,	4	)
(	1256	,	8	,	4	)
(	1257	,	9	,	4	)
(	1258	,	10	,	4	)
(	1259	,	11	,	4	)
(	1260	,	12	,	4	)
(	1261	,	13	,	4	)
(	1262	,	14	,	4	)
(	1263	,	15	,	4	)
(	1264	,	16	,	4	)
(	1265	,	17	,	4	)
(	1266	,	18	,	4	)
(	1267	,	19	,	4	)
(	1268	,	20	,	4	)
(	1269	,	21	,	4	)
(	1270	,	22	,	4	)
(	1271	,	23	,	4	)
(	1272	,	24	,	4	)
(	1273	,	1	,	3	)
(	1274	,	2	,	3	)
(	1275	,	3	,	3	)
(	1276	,	4	,	3	)
(	1277	,	5	,	3	)
(	1278	,	6	,	3	)
(	1279	,	7	,	3	)
(	1280	,	8	,	3	)
(	1281	,	9	,	3	)
(	1282	,	10	,	3	)
(	1283	,	11	,	3	)
(	1284	,	12	,	3	)
(	1285	,	13	,	3	)
(	1286	,	14	,	3	)
(	1287	,	15	,	3	)
(	1288	,	16	,	3	)
(	1289	,	17	,	3	)
(	1290	,	18	,	3	)
(	1291	,	19	,	3	)
(	1292	,	20	,	3	)
(	1293	,	21	,	3	)
(	1294	,	22	,	3	)
(	1295	,	23	,	3	)
(	1296	,	24	,	3	)
(	1297	,	1	,	1	)
(	1298	,	2	,	1	)
(	1299	,	3	,	1	)
(	1300	,	4	,	1	)
(	1301	,	5	,	1	)
(	1302	,	6	,	1	)
(	1303	,	7	,	1	)
(	1304	,	8	,	1	)
(	1305	,	9	,	1	)
(	1306	,	10	,	1	)
(	1307	,	11	,	1	)
(	1308	,	12	,	1	)
(	1309	,	13	,	1	)
(	1310	,	14	,	1	)
(	1311	,	15	,	1	)
(	1312	,	16	,	1	)
(	1313	,	17	,	1	)
(	1314	,	18	,	1	)
(	1315	,	19	,	1	)
(	1316	,	20	,	1	)
(	1317	,	21	,	1	)
(	1318	,	22	,	1	)
(	1319	,	23	,	1	)
(	1320	,	24	,	1	)
(	1321	,	1	,	1	)
(	1322	,	2	,	1	)
(	1323	,	3	,	1	)
(	1324	,	4	,	1	)
(	1325	,	5	,	1	)
(	1326	,	6	,	1	)
(	1327	,	7	,	1	)
(	1328	,	8	,	1	)
(	1329	,	9	,	1	)
(	1330	,	10	,	1	)
(	1331	,	11	,	1	)
(	1332	,	12	,	1	)
(	1333	,	13	,	1	)
(	1334	,	14	,	1	)
(	1335	,	15	,	1	)
(	1336	,	16	,	1	)
(	1337	,	17	,	1	)
(	1338	,	18	,	1	)
(	1339	,	19	,	1	)
(	1340	,	20	,	1	)
(	1341	,	21	,	1	)
(	1342	,	22	,	1	)
(	1343	,	23	,	1	)
(	1344	,	24	,	1	)
(	1345	,	1	,	2	)
(	1346	,	2	,	2	)
(	1347	,	3	,	2	)
(	1348	,	4	,	2	)
(	1349	,	5	,	2	)
(	1350	,	6	,	2	)
(	1351	,	7	,	2	)
(	1352	,	8	,	2	)
(	1353	,	9	,	2	)
(	1354	,	10	,	2	)
(	1355	,	11	,	2	)
(	1356	,	12	,	2	)
(	1357	,	13	,	2	)
(	1358	,	14	,	2	)
(	1359	,	15	,	2	)
(	1360	,	16	,	2	)
(	1361	,	17	,	2	)
(	1362	,	18	,	2	)
(	1363	,	19	,	2	)
(	1364	,	20	,	2	)
(	1365	,	21	,	2	)
(	1366	,	22	,	2	)
(	1367	,	23	,	2	)
(	1368	,	24	,	2	)
(	1369	,	1	,	2	)
(	1370	,	2	,	2	)
(	1371	,	3	,	2	)
(	1372	,	4	,	2	)
(	1373	,	5	,	2	)
(	1374	,	6	,	2	)
(	1375	,	7	,	2	)
(	1376	,	8	,	2	)
(	1377	,	9	,	2	)
(	1378	,	10	,	2	)
(	1379	,	11	,	2	)
(	1380	,	12	,	2	)
(	1381	,	13	,	2	)
(	1382	,	14	,	2	)
(	1383	,	15	,	2	)
(	1384	,	16	,	2	)
(	1385	,	17	,	2	)
(	1386	,	18	,	2	)
(	1387	,	19	,	2	)
(	1388	,	20	,	2	)
(	1389	,	21	,	2	)
(	1390	,	22	,	2	)
(	1391	,	23	,	2	)
(	1392	,	24	,	2	)
(	1393	,	1	,	2	)
(	1394	,	2	,	2	)
(	1395	,	3	,	2	)
(	1396	,	4	,	2	)
(	1397	,	5	,	2	)
(	1398	,	6	,	2	)
(	1399	,	7	,	2	)
(	1400	,	8	,	2	)
(	1401	,	9	,	2	)
(	1402	,	10	,	2	)
(	1403	,	11	,	2	)
(	1404	,	12	,	2	)
(	1405	,	13	,	2	)
(	1406	,	14	,	2	)
(	1407	,	15	,	2	)
(	1408	,	16	,	2	)
(	1409	,	17	,	2	)
(	1410	,	18	,	2	)
(	1411	,	19	,	2	)
(	1412	,	20	,	2	)
(	1413	,	21	,	2	)
(	1414	,	22	,	2	)
(	1415	,	23	,	2	)
(	1416	,	24	,	2	)
(	1417	,	1	,	3	)
(	1418	,	2	,	3	)
(	1419	,	3	,	3	)
(	1420	,	4	,	3	)
(	1421	,	5	,	3	)
(	1422	,	6	,	3	)
(	1423	,	7	,	3	)
(	1424	,	8	,	3	)
(	1425	,	9	,	3	)
(	1426	,	10	,	3	)
(	1427	,	11	,	3	)
(	1428	,	12	,	3	)
(	1429	,	13	,	3	)
(	1430	,	14	,	3	)
(	1431	,	15	,	3	)
(	1432	,	16	,	3	)
(	1433	,	17	,	3	)
(	1434	,	18	,	3	)
(	1435	,	19	,	3	)
(	1436	,	20	,	3	)
(	1437	,	21	,	3	)
(	1438	,	22	,	3	)
(	1439	,	23	,	3	)
(	1440	,	24	,	3	)
(	1441	,	1	,	6	)
(	1442	,	2	,	6	)
(	1443	,	3	,	6	)
(	1444	,	4	,	6	)
(	1445	,	5	,	6	)
(	1446	,	6	,	6	)
(	1447	,	7	,	6	)
(	1448	,	8	,	6	)
(	1449	,	9	,	6	)
(	1450	,	10	,	6	)
(	1451	,	11	,	6	)
(	1452	,	12	,	6	)
(	1453	,	13	,	6	)
(	1454	,	14	,	6	)
(	1455	,	15	,	6	)
(	1456	,	16	,	6	)
(	1457	,	17	,	6	)
(	1458	,	18	,	6	)
(	1459	,	19	,	6	)
(	1460	,	20	,	6	)
(	1461	,	21	,	6	)
(	1462	,	22	,	6	)
(	1463	,	23	,	6	)
(	1464	,	24	,	6	)
(	1465	,	1	,	13	)
(	1466	,	2	,	13	)
(	1467	,	3	,	13	)
(	1468	,	4	,	13	)
(	1469	,	5	,	13	)
(	1470	,	6	,	13	)
(	1471	,	7	,	13	)
(	1472	,	8	,	13	)
(	1473	,	9	,	13	)
(	1474	,	10	,	13	)
(	1475	,	11	,	13	)
(	1476	,	12	,	13	)
(	1477	,	13	,	13	)
(	1478	,	14	,	13	)
(	1479	,	15	,	13	)
(	1480	,	16	,	13	)
(	1481	,	17	,	13	)
(	1482	,	18	,	13	)
(	1483	,	19	,	13	)
(	1484	,	20	,	13	)
(	1485	,	21	,	13	)
(	1486	,	22	,	13	)
(	1487	,	23	,	13	)
(	1488	,	24	,	13	)
(	1489	,	1	,	4	)
(	1490	,	2	,	4	)
(	1491	,	3	,	4	)
(	1492	,	4	,	4	)
(	1493	,	5	,	4	)
(	1494	,	6	,	4	)
(	1495	,	7	,	4	)
(	1496	,	8	,	4	)
(	1497	,	9	,	4	)
(	1498	,	10	,	4	)
(	1499	,	11	,	4	)
(	1500	,	12	,	4	)
(	1501	,	13	,	4	)
(	1502	,	14	,	4	)
(	1503	,	15	,	4	)
(	1504	,	16	,	4	)
(	1505	,	17	,	4	)
(	1506	,	18	,	4	)
(	1507	,	19	,	4	)
(	1508	,	20	,	4	)
(	1509	,	21	,	4	)
(	1510	,	22	,	4	)
(	1511	,	23	,	4	)
(	1512	,	24	,	4	)
(	1513	,	1	,	2	)
(	1514	,	2	,	2	)
(	1515	,	3	,	2	)
(	1516	,	4	,	2	)
(	1517	,	5	,	2	)
(	1518	,	6	,	2	)
(	1519	,	7	,	2	)
(	1520	,	8	,	2	)
(	1521	,	9	,	2	)
(	1522	,	10	,	2	)
(	1523	,	11	,	2	)
(	1524	,	12	,	2	)
(	1525	,	13	,	2	)
(	1526	,	14	,	2	)
(	1527	,	15	,	2	)
(	1528	,	16	,	2	)
(	1529	,	17	,	2	)
(	1530	,	18	,	2	)
(	1531	,	19	,	2	)
(	1532	,	20	,	2	)
(	1533	,	21	,	2	)
(	1534	,	22	,	2	)
(	1535	,	23	,	2	)
(	1536	,	24	,	2	)
(	1537	,	1	,	1	)
(	1538	,	2	,	1	)
(	1539	,	3	,	1	)
(	1540	,	4	,	1	)
(	1541	,	5	,	1	)
(	1542	,	6	,	1	)
(	1543	,	7	,	1	)
(	1544	,	8	,	1	)
(	1545	,	9	,	1	)
(	1546	,	10	,	1	)
(	1547	,	11	,	1	)
(	1548	,	12	,	1	)
(	1549	,	13	,	1	)
(	1550	,	14	,	1	)
(	1551	,	15	,	1	)
(	1552	,	16	,	1	)
(	1553	,	17	,	1	)
(	1554	,	18	,	1	)
(	1555	,	19	,	1	)
(	1556	,	20	,	1	)
(	1557	,	21	,	1	)
(	1558	,	22	,	1	)
(	1559	,	23	,	1	)
(	1560	,	24	,	1	)
(	1561	,	1	,	14	)
(	1562	,	2	,	14	)
(	1563	,	3	,	14	)
(	1564	,	4	,	14	)
(	1565	,	5	,	14	)
(	1566	,	6	,	14	)
(	1567	,	7	,	14	)
(	1568	,	8	,	14	)
(	1569	,	9	,	14	)
(	1570	,	10	,	14	)
(	1571	,	11	,	14	)
(	1572	,	12	,	14	)
(	1573	,	13	,	14	)
(	1574	,	14	,	14	)
(	1575	,	15	,	14	)
(	1576	,	16	,	14	)
(	1577	,	17	,	14	)
(	1578	,	18	,	14	)
(	1579	,	19	,	14	)
(	1580	,	20	,	14	)
(	1581	,	21	,	14	)
(	1582	,	22	,	14	)
(	1583	,	23	,	14	)
(	1584	,	24	,	14	)
(	1585	,	1	,	3	)
(	1586	,	2	,	3	)
(	1587	,	3	,	3	)
(	1588	,	4	,	3	)
(	1589	,	5	,	3	)
(	1590	,	6	,	3	)
(	1591	,	7	,	3	)
(	1592	,	8	,	3	)
(	1593	,	9	,	3	)
(	1594	,	10	,	3	)
(	1595	,	11	,	3	)
(	1596	,	12	,	3	)
(	1597	,	13	,	3	)
(	1598	,	14	,	3	)
(	1599	,	15	,	3	)
(	1600	,	16	,	3	)
(	1601	,	17	,	3	)
(	1602	,	18	,	3	)
(	1603	,	19	,	3	)
(	1604	,	20	,	3	)
(	1605	,	21	,	3	)
(	1606	,	22	,	3	)
(	1607	,	23	,	3	)
(	1608	,	24	,	3	)
(	1609	,	1	,	3	)
(	1610	,	2	,	3	)
(	1611	,	3	,	3	)
(	1612	,	4	,	3	)
(	1613	,	5	,	3	)
(	1614	,	6	,	3	)
(	1615	,	7	,	3	)
(	1616	,	8	,	3	)
(	1617	,	9	,	3	)
(	1618	,	10	,	3	)
(	1619	,	11	,	3	)
(	1620	,	12	,	3	)
(	1621	,	13	,	3	)
(	1622	,	14	,	3	)
(	1623	,	15	,	3	)
(	1624	,	16	,	3	)
(	1625	,	17	,	3	)
(	1626	,	18	,	3	)
(	1627	,	19	,	3	)
(	1628	,	20	,	3	)
(	1629	,	21	,	3	)
(	1630	,	22	,	3	)
(	1631	,	23	,	3	)
(	1632	,	24	,	3	)
(	1633	,	1	,	4	)
(	1634	,	2	,	4	)
(	1635	,	3	,	4	)
(	1636	,	4	,	4	)
(	1637	,	5	,	4	)
(	1638	,	6	,	4	)
(	1639	,	7	,	4	)
(	1640	,	8	,	4	)
(	1641	,	9	,	4	)
(	1642	,	10	,	4	)
(	1643	,	11	,	4	)
(	1644	,	12	,	4	)
(	1645	,	13	,	4	)
(	1646	,	14	,	4	)
(	1647	,	15	,	4	)
(	1648	,	16	,	4	)
(	1649	,	17	,	4	)
(	1650	,	18	,	4	)
(	1651	,	19	,	4	)
(	1652	,	20	,	4	)
(	1653	,	21	,	4	)
(	1654	,	22	,	4	)
(	1655	,	23	,	4	)
(	1656	,	24	,	4	)
(	1657	,	1	,	2	)
(	1658	,	2	,	2	)
(	1659	,	3	,	2	)
(	1660	,	4	,	2	)
(	1661	,	5	,	2	)
(	1662	,	6	,	2	)
(	1663	,	7	,	2	)
(	1664	,	8	,	2	)
(	1665	,	9	,	2	)
(	1666	,	10	,	2	)
(	1667	,	11	,	2	)
(	1668	,	12	,	2	)
(	1669	,	13	,	2	)
(	1670	,	14	,	2	)
(	1671	,	15	,	2	)
(	1672	,	16	,	2	)
(	1673	,	17	,	2	)
(	1674	,	18	,	2	)
(	1675	,	19	,	2	)
(	1676	,	20	,	2	)
(	1677	,	21	,	2	)
(	1678	,	22	,	2	)
(	1679	,	23	,	2	)
(	1680	,	24	,	2	)
(	1681	,	1	,	1	)
(	1682	,	2	,	1	)
(	1683	,	3	,	1	)
(	1684	,	4	,	1	)
(	1685	,	5	,	1	)
(	1686	,	6	,	1	)
(	1687	,	7	,	1	)
(	1688	,	8	,	1	)
(	1689	,	9	,	1	)
(	1690	,	10	,	1	)
(	1691	,	11	,	1	)
(	1692	,	12	,	1	)
(	1693	,	13	,	1	)
(	1694	,	14	,	1	)
(	1695	,	15	,	1	)
(	1696	,	16	,	1	)
(	1697	,	17	,	1	)
(	1698	,	18	,	1	)
(	1699	,	19	,	1	)
(	1700	,	20	,	1	)
(	1701	,	21	,	1	)
(	1702	,	22	,	1	)
(	1703	,	23	,	1	)
(	1704	,	24	,	1	)
(	1705	,	1	,	4	)
(	1706	,	2	,	4	)
(	1707	,	3	,	4	)
(	1708	,	4	,	4	)
(	1709	,	5	,	4	)
(	1710	,	6	,	4	)
(	1711	,	7	,	4	)
(	1712	,	8	,	4	)
(	1713	,	9	,	4	)
(	1714	,	10	,	4	)
(	1715	,	11	,	4	)
(	1716	,	12	,	4	)
(	1717	,	13	,	4	)
(	1718	,	14	,	4	)
(	1719	,	15	,	4	)
(	1720	,	16	,	4	)
(	1721	,	17	,	4	)
(	1722	,	18	,	4	)
(	1723	,	19	,	4	)
(	1724	,	20	,	4	)
(	1725	,	21	,	4	)
(	1726	,	22	,	4	)
(	1727	,	23	,	4	)
(	1728	,	24	,	4	)
(	1729	,	1	,	1	)
(	1730	,	2	,	1	)
(	1731	,	3	,	1	)
(	1732	,	4	,	1	)
(	1733	,	5	,	1	)
(	1734	,	6	,	1	)
(	1735	,	7	,	1	)
(	1736	,	8	,	1	)
(	1737	,	9	,	1	)
(	1738	,	10	,	1	)
(	1739	,	11	,	1	)
(	1740	,	12	,	1	)
(	1741	,	13	,	1	)
(	1742	,	14	,	1	)
(	1743	,	15	,	1	)
(	1744	,	16	,	1	)
(	1745	,	17	,	1	)
(	1746	,	18	,	1	)
(	1747	,	19	,	1	)
(	1748	,	20	,	1	)
(	1749	,	21	,	1	)
(	1750	,	22	,	1	)
(	1751	,	23	,	1	)
(	1752	,	24	,	1	)
(	1753	,	1	,	6	)
(	1754	,	2	,	6	)
(	1755	,	3	,	6	)
(	1756	,	4	,	6	)
(	1757	,	5	,	6	)
(	1758	,	6	,	6	)
(	1759	,	7	,	6	)
(	1760	,	8	,	6	)
(	1761	,	9	,	6	)
(	1762	,	10	,	6	)
(	1763	,	11	,	6	)
(	1764	,	12	,	6	)
(	1765	,	13	,	6	)
(	1766	,	14	,	6	)
(	1767	,	15	,	6	)
(	1768	,	16	,	6	)
(	1769	,	17	,	6	)
(	1770	,	18	,	6	)
(	1771	,	19	,	6	)
(	1772	,	20	,	6	)
(	1773	,	21	,	6	)
(	1774	,	22	,	6	)
(	1775	,	23	,	6	)
(	1776	,	24	,	6	)
(	1777	,	1	,	3	)
(	1778	,	2	,	3	)
(	1779	,	3	,	3	)
(	1780	,	4	,	3	)
(	1781	,	5	,	3	)
(	1782	,	6	,	3	)
(	1783	,	7	,	3	)
(	1784	,	8	,	3	)
(	1785	,	9	,	3	)
(	1786	,	10	,	3	)
(	1787	,	11	,	3	)
(	1788	,	12	,	3	)
(	1789	,	13	,	3	)
(	1790	,	14	,	3	)
(	1791	,	15	,	3	)
(	1792	,	16	,	3	)
(	1793	,	17	,	3	)
(	1794	,	18	,	3	)
(	1795	,	19	,	3	)
(	1796	,	20	,	3	)
(	1797	,	21	,	3	)
(	1798	,	22	,	3	)
(	1799	,	23	,	3	)
(	1800	,	24	,	3	)
(	1801	,	1	,	4	)
(	1802	,	2	,	4	)
(	1803	,	3	,	4	)
(	1804	,	4	,	4	)
(	1805	,	5	,	4	)
(	1806	,	6	,	4	)
(	1807	,	7	,	4	)
(	1808	,	8	,	4	)
(	1809	,	9	,	4	)
(	1810	,	10	,	4	)
(	1811	,	11	,	4	)
(	1812	,	12	,	4	)
(	1813	,	13	,	4	)
(	1814	,	14	,	4	)
(	1815	,	15	,	4	)
(	1816	,	16	,	4	)
(	1817	,	17	,	4	)
(	1818	,	18	,	4	)
(	1819	,	19	,	4	)
(	1820	,	20	,	4	)
(	1821	,	21	,	4	)
(	1822	,	22	,	4	)
(	1823	,	23	,	4	)
(	1824	,	24	,	4	)
(	1825	,	1	,	13	)
(	1826	,	2	,	13	)
(	1827	,	3	,	13	)
(	1828	,	4	,	13	)
(	1829	,	5	,	13	)
(	1830	,	6	,	13	)
(	1831	,	7	,	13	)
(	1832	,	8	,	13	)
(	1833	,	9	,	13	)
(	1834	,	10	,	13	)
(	1835	,	11	,	13	)
(	1836	,	12	,	13	)
(	1837	,	13	,	13	)
(	1838	,	14	,	13	)
(	1839	,	15	,	13	)
(	1840	,	16	,	13	)
(	1841	,	17	,	13	)
(	1842	,	18	,	13	)
(	1843	,	19	,	13	)
(	1844	,	20	,	13	)
(	1845	,	21	,	13	)
(	1846	,	22	,	13	)
(	1847	,	23	,	13	)
(	1848	,	24	,	13	)
(	1849	,	1	,	2	)
(	1850	,	2	,	2	)
(	1851	,	3	,	2	)
(	1852	,	4	,	2	)
(	1853	,	5	,	2	)
(	1854	,	6	,	2	)
(	1855	,	7	,	2	)
(	1856	,	8	,	2	)
(	1857	,	9	,	2	)
(	1858	,	10	,	2	)
(	1859	,	11	,	2	)
(	1860	,	12	,	2	)
(	1861	,	13	,	2	)
(	1862	,	14	,	2	)
(	1863	,	15	,	2	)
(	1864	,	16	,	2	)
(	1865	,	17	,	2	)
(	1866	,	18	,	2	)
(	1867	,	19	,	2	)
(	1868	,	20	,	2	)
(	1869	,	21	,	2	)
(	1870	,	22	,	2	)
(	1871	,	23	,	2	)
(	1872	,	24	,	2	)
(	1873	,	1	,	2	)
(	1874	,	2	,	2	)
(	1875	,	3	,	2	)
(	1876	,	4	,	2	)
(	1877	,	5	,	2	)
(	1878	,	6	,	2	)
(	1879	,	7	,	2	)
(	1880	,	8	,	2	)
(	1881	,	9	,	2	)
(	1882	,	10	,	2	)
(	1883	,	11	,	2	)
(	1884	,	12	,	2	)
(	1885	,	13	,	2	)
(	1886	,	14	,	2	)
(	1887	,	15	,	2	)
(	1888	,	16	,	2	)
(	1889	,	17	,	2	)
(	1890	,	18	,	2	)
(	1891	,	19	,	2	)
(	1892	,	20	,	2	)
(	1893	,	21	,	2	)
(	1894	,	22	,	2	)
(	1895	,	23	,	2	)
(	1896	,	24	,	2	)
(	1897	,	1	,	1	)
(	1898	,	2	,	1	)
(	1899	,	3	,	1	)
(	1900	,	4	,	1	)
(	1901	,	5	,	1	)
(	1902	,	6	,	1	)
(	1903	,	7	,	1	)
(	1904	,	8	,	1	)
(	1905	,	9	,	1	)
(	1906	,	10	,	1	)
(	1907	,	11	,	1	)
(	1908	,	12	,	1	)
(	1909	,	13	,	1	)
(	1910	,	14	,	1	)
(	1911	,	15	,	1	)
(	1912	,	16	,	1	)
(	1913	,	17	,	1	)
(	1914	,	18	,	1	)
(	1915	,	19	,	1	)
(	1916	,	20	,	1	)
(	1917	,	21	,	1	)
(	1918	,	22	,	1	)
(	1919	,	23	,	1	)
(	1920	,	24	,	1	)
(	1921	,	1	,	3	)
(	1922	,	2	,	3	)
(	1923	,	3	,	3	)
(	1924	,	4	,	3	)
(	1925	,	5	,	3	)
(	1926	,	6	,	3	)
(	1927	,	7	,	3	)
(	1928	,	8	,	3	)
(	1929	,	9	,	3	)
(	1930	,	10	,	3	)
(	1931	,	11	,	3	)
(	1932	,	12	,	3	)
(	1933	,	13	,	3	)
(	1934	,	14	,	3	)
(	1935	,	15	,	3	)
(	1936	,	16	,	3	)
(	1937	,	17	,	3	)
(	1938	,	18	,	3	)
(	1939	,	19	,	3	)
(	1940	,	20	,	3	)
(	1941	,	21	,	3	)
(	1942	,	22	,	3	)
(	1943	,	23	,	3	)
(	1944	,	24	,	3	)
(	1945	,	1	,	7	)
(	1946	,	2	,	7	)
(	1947	,	3	,	7	)
(	1948	,	4	,	7	)
(	1949	,	5	,	7	)
(	1950	,	6	,	7	)
(	1951	,	7	,	7	)
(	1952	,	8	,	7	)
(	1953	,	9	,	7	)
(	1954	,	10	,	7	)
(	1955	,	11	,	7	)
(	1956	,	12	,	7	)
(	1957	,	13	,	7	)
(	1958	,	14	,	7	)
(	1959	,	15	,	7	)
(	1960	,	16	,	7	)
(	1961	,	17	,	7	)
(	1962	,	18	,	7	)
(	1963	,	19	,	7	)
(	1964	,	20	,	7	)
(	1965	,	21	,	7	)
(	1966	,	22	,	7	)
(	1967	,	23	,	7	)
(	1968	,	24	,	7	)
(	1969	,	1	,	1	)
(	1970	,	2	,	1	)
(	1971	,	3	,	1	)
(	1972	,	4	,	1	)
(	1973	,	5	,	1	)
(	1974	,	6	,	1	)
(	1975	,	7	,	1	)
(	1976	,	8	,	1	)
(	1977	,	9	,	1	)
(	1978	,	10	,	1	)
(	1979	,	11	,	1	)
(	1980	,	12	,	1	)
(	1981	,	13	,	1	)
(	1982	,	14	,	1	)
(	1983	,	15	,	1	)
(	1984	,	16	,	1	)
(	1985	,	17	,	1	)
(	1986	,	18	,	1	)
(	1987	,	19	,	1	)
(	1988	,	20	,	1	)
(	1989	,	21	,	1	)
(	1990	,	22	,	1	)
(	1991	,	23	,	1	)
(	1992	,	24	,	1	)
(	1993	,	1	,	13	)
(	1994	,	2	,	13	)
(	1995	,	3	,	13	)
(	1996	,	4	,	13	)
(	1997	,	5	,	13	)
(	1998	,	6	,	13	)
(	1999	,	7	,	13	)
(	2000	,	8	,	13	)
(	2001	,	9	,	13	)
(	2002	,	10	,	13	)
(	2003	,	11	,	13	)
(	2004	,	12	,	13	)
(	2005	,	13	,	13	)
(	2006	,	14	,	13	)
(	2007	,	15	,	13	)
(	2008	,	16	,	13	)
(	2009	,	17	,	13	)
(	2010	,	18	,	13	)
(	2011	,	19	,	13	)
(	2012	,	20	,	13	)
(	2013	,	21	,	13	)
(	2014	,	22	,	13	)
(	2015	,	23	,	13	)
(	2016	,	24	,	13	)
(	2017	,	1	,	2	)
(	2018	,	2	,	2	)
(	2019	,	3	,	2	)
(	2020	,	4	,	2	)
(	2021	,	5	,	2	)
(	2022	,	6	,	2	)
(	2023	,	7	,	2	)
(	2024	,	8	,	2	)
(	2025	,	9	,	2	)
(	2026	,	10	,	2	)
(	2027	,	11	,	2	)
(	2028	,	12	,	2	)
(	2029	,	13	,	2	)
(	2030	,	14	,	2	)
(	2031	,	15	,	2	)
(	2032	,	16	,	2	)
(	2033	,	17	,	2	)
(	2034	,	18	,	2	)
(	2035	,	19	,	2	)
(	2036	,	20	,	2	)
(	2037	,	21	,	2	)
(	2038	,	22	,	2	)
(	2039	,	23	,	2	)
(	2040	,	24	,	2	)
(	2041	,	1	,	2	)
(	2042	,	2	,	2	)
(	2043	,	3	,	2	)
(	2044	,	4	,	2	)
(	2045	,	5	,	2	)
(	2046	,	6	,	2	)
(	2047	,	7	,	2	)
(	2048	,	8	,	2	)
(	2049	,	9	,	2	)
(	2050	,	10	,	2	)
(	2051	,	11	,	2	)
(	2052	,	12	,	2	)
(	2053	,	13	,	2	)
(	2054	,	14	,	2	)
(	2055	,	15	,	2	)
(	2056	,	16	,	2	)
(	2057	,	17	,	2	)
(	2058	,	18	,	2	)
(	2059	,	19	,	2	)
(	2060	,	20	,	2	)
(	2061	,	21	,	2	)
(	2062	,	22	,	2	)
(	2063	,	23	,	2	)
(	2064	,	24	,	2	)
(	2065	,	1	,	5	)
(	2066	,	2	,	5	)
(	2067	,	3	,	5	)
(	2068	,	4	,	5	)
(	2069	,	5	,	5	)
(	2070	,	6	,	5	)
(	2071	,	7	,	5	)
(	2072	,	8	,	5	)
(	2073	,	9	,	5	)
(	2074	,	10	,	5	)
(	2075	,	11	,	5	)
(	2076	,	12	,	5	)
(	2077	,	13	,	5	)
(	2078	,	14	,	5	)
(	2079	,	15	,	5	)
(	2080	,	16	,	5	)
(	2081	,	17	,	5	)
(	2082	,	18	,	5	)
(	2083	,	19	,	5	)
(	2084	,	20	,	5	)
(	2085	,	21	,	5	)
(	2086	,	22	,	5	)
(	2087	,	23	,	5	)
(	2088	,	24	,	5	)
(	2089	,	1	,	6	)
(	2090	,	2	,	6	)
(	2091	,	3	,	6	)
(	2092	,	4	,	6	)
(	2093	,	5	,	6	)
(	2094	,	6	,	6	)
(	2095	,	7	,	6	)
(	2096	,	8	,	6	)
(	2097	,	9	,	6	)
(	2098	,	10	,	6	)
(	2099	,	11	,	6	)
(	2100	,	12	,	6	)
(	2101	,	13	,	6	)
(	2102	,	14	,	6	)
(	2103	,	15	,	6	)
(	2104	,	16	,	6	)
(	2105	,	17	,	6	)
(	2106	,	18	,	6	)
(	2107	,	19	,	6	)
(	2108	,	20	,	6	)
(	2109	,	21	,	6	)
(	2110	,	22	,	6	)
(	2111	,	23	,	6	)
(	2112	,	24	,	6	)
(	2113	,	1	,	3	)
(	2114	,	2	,	3	)
(	2115	,	3	,	3	)
(	2116	,	4	,	3	)
(	2117	,	5	,	3	)
(	2118	,	6	,	3	)
(	2119	,	7	,	3	)
(	2120	,	8	,	3	)
(	2121	,	9	,	3	)
(	2122	,	10	,	3	)
(	2123	,	11	,	3	)
(	2124	,	12	,	3	)
(	2125	,	13	,	3	)
(	2126	,	14	,	3	)
(	2127	,	15	,	3	)
(	2128	,	16	,	3	)
(	2129	,	17	,	3	)
(	2130	,	18	,	3	)
(	2131	,	19	,	3	)
(	2132	,	20	,	3	)
(	2133	,	21	,	3	)
(	2134	,	22	,	3	)
(	2135	,	23	,	3	)
(	2136	,	24	,	3	)
(	2137	,	1	,	1	)
(	2138	,	2	,	1	)
(	2139	,	3	,	1	)
(	2140	,	4	,	1	)
(	2141	,	5	,	1	)
(	2142	,	6	,	1	)
(	2143	,	7	,	1	)
(	2144	,	8	,	1	)
(	2145	,	9	,	1	)
(	2146	,	10	,	1	)
(	2147	,	11	,	1	)
(	2148	,	12	,	1	)
(	2149	,	13	,	1	)
(	2150	,	14	,	1	)
(	2151	,	15	,	1	)
(	2152	,	16	,	1	)
(	2153	,	17	,	1	)
(	2154	,	18	,	1	)
(	2155	,	19	,	1	)
(	2156	,	20	,	1	)
(	2157	,	21	,	1	)
(	2158	,	22	,	1	)
(	2159	,	23	,	1	)
(	2160	,	24	,	1	)
(	2161	,	1	,	14	)
(	2162	,	2	,	14	)
(	2163	,	3	,	14	)
(	2164	,	4	,	14	)
(	2165	,	5	,	14	)
(	2166	,	6	,	14	)
(	2167	,	7	,	14	)
(	2168	,	8	,	14	)
(	2169	,	9	,	14	)
(	2170	,	10	,	14	)
(	2171	,	11	,	14	)
(	2172	,	12	,	14	)
(	2173	,	13	,	14	)
(	2174	,	14	,	14	)
(	2175	,	15	,	14	)
(	2176	,	16	,	14	)
(	2177	,	17	,	14	)
(	2178	,	18	,	14	)
(	2179	,	19	,	14	)
(	2180	,	20	,	14	)
(	2181	,	21	,	14	)
(	2182	,	22	,	14	)
(	2183	,	23	,	14	)
(	2184	,	24	,	14	)
(	2185	,	1	,	2	)
(	2186	,	2	,	2	)
(	2187	,	3	,	2	)
(	2188	,	4	,	2	)
(	2189	,	5	,	2	)
(	2190	,	6	,	2	)
(	2191	,	7	,	2	)
(	2192	,	8	,	2	)
(	2193	,	9	,	2	)
(	2194	,	10	,	2	)
(	2195	,	11	,	2	)
(	2196	,	12	,	2	)
(	2197	,	13	,	2	)
(	2198	,	14	,	2	)
(	2199	,	15	,	2	)
(	2200	,	16	,	2	)
(	2201	,	17	,	2	)
(	2202	,	18	,	2	)
(	2203	,	19	,	2	)
(	2204	,	20	,	2	)
(	2205	,	21	,	2	)
(	2206	,	22	,	2	)
(	2207	,	23	,	2	)
(	2208	,	24	,	2	)
(	2209	,	1	,	5	)
(	2210	,	2	,	5	)
(	2211	,	3	,	5	)
(	2212	,	4	,	5	)
(	2213	,	5	,	5	)
(	2214	,	6	,	5	)
(	2215	,	7	,	5	)
(	2216	,	8	,	5	)
(	2217	,	9	,	5	)
(	2218	,	10	,	5	)
(	2219	,	11	,	5	)
(	2220	,	12	,	5	)
(	2221	,	13	,	5	)
(	2222	,	14	,	5	)
(	2223	,	15	,	5	)
(	2224	,	16	,	5	)
(	2225	,	17	,	5	)
(	2226	,	18	,	5	)
(	2227	,	19	,	5	)
(	2228	,	20	,	5	)
(	2229	,	21	,	5	)
(	2230	,	22	,	5	)
(	2231	,	23	,	5	)
(	2232	,	24	,	5	)
(	2233	,	1	,	14	)
(	2234	,	2	,	14	)
(	2235	,	3	,	14	)
(	2236	,	4	,	14	)
(	2237	,	5	,	14	)
(	2238	,	6	,	14	)
(	2239	,	7	,	14	)
(	2240	,	8	,	14	)
(	2241	,	9	,	14	)
(	2242	,	10	,	14	)
(	2243	,	11	,	14	)
(	2244	,	12	,	14	)
(	2245	,	13	,	14	)
(	2246	,	14	,	14	)
(	2247	,	15	,	14	)
(	2248	,	16	,	14	)
(	2249	,	17	,	14	)
(	2250	,	18	,	14	)
(	2251	,	19	,	14	)
(	2252	,	20	,	14	)
(	2253	,	21	,	14	)
(	2254	,	22	,	14	)
(	2255	,	23	,	14	)
(	2256	,	24	,	14	)
(	2257	,	1	,	1	)
(	2258	,	2	,	1	)
(	2259	,	3	,	1	)
(	2260	,	4	,	1	)
(	2261	,	5	,	1	)
(	2262	,	6	,	1	)
(	2263	,	7	,	1	)
(	2264	,	8	,	1	)
(	2265	,	9	,	1	)
(	2266	,	10	,	1	)
(	2267	,	11	,	1	)
(	2268	,	12	,	1	)
(	2269	,	13	,	1	)
(	2270	,	14	,	1	)
(	2271	,	15	,	1	)
(	2272	,	16	,	1	)
(	2273	,	17	,	1	)
(	2274	,	18	,	1	)
(	2275	,	19	,	1	)
(	2276	,	20	,	1	)
(	2277	,	21	,	1	)
(	2278	,	22	,	1	)
(	2279	,	23	,	1	)
(	2280	,	24	,	1	)
(	2281	,	1	,	6	)
(	2282	,	2	,	6	)
(	2283	,	3	,	6	)
(	2284	,	4	,	6	)
(	2285	,	5	,	6	)
(	2286	,	6	,	6	)
(	2287	,	7	,	6	)
(	2288	,	8	,	6	)
(	2289	,	9	,	6	)
(	2290	,	10	,	6	)
(	2291	,	11	,	6	)
(	2292	,	12	,	6	)
(	2293	,	13	,	6	)
(	2294	,	14	,	6	)
(	2295	,	15	,	6	)
(	2296	,	16	,	6	)
(	2297	,	17	,	6	)
(	2298	,	18	,	6	)
(	2299	,	19	,	6	)
(	2300	,	20	,	6	)
(	2301	,	21	,	6	)
(	2302	,	22	,	6	)
(	2303	,	23	,	6	)
(	2304	,	24	,	6	)
(	2305	,	1	,	7	)
(	2306	,	2	,	7	)
(	2307	,	3	,	7	)
(	2308	,	4	,	7	)
(	2309	,	5	,	7	)
(	2310	,	6	,	7	)
(	2311	,	7	,	7	)
(	2312	,	8	,	7	)
(	2313	,	9	,	7	)
(	2314	,	10	,	7	)
(	2315	,	11	,	7	)
(	2316	,	12	,	7	)
(	2317	,	13	,	7	)
(	2318	,	14	,	7	)
(	2319	,	15	,	7	)
(	2320	,	16	,	7	)
(	2321	,	17	,	7	)
(	2322	,	18	,	7	)
(	2323	,	19	,	7	)
(	2324	,	20	,	7	)
(	2325	,	21	,	7	)
(	2326	,	22	,	7	)
(	2327	,	23	,	7	)
(	2328	,	24	,	7	)
(	2329	,	1	,	1	)
(	2330	,	2	,	1	)
(	2331	,	3	,	1	)
(	2332	,	4	,	1	)
(	2333	,	5	,	1	)
(	2334	,	6	,	1	)
(	2335	,	7	,	1	)
(	2336	,	8	,	1	)
(	2337	,	9	,	1	)
(	2338	,	10	,	1	)
(	2339	,	11	,	1	)
(	2340	,	12	,	1	)
(	2341	,	13	,	1	)
(	2342	,	14	,	1	)
(	2343	,	15	,	1	)
(	2344	,	16	,	1	)
(	2345	,	17	,	1	)
(	2346	,	18	,	1	)
(	2347	,	19	,	1	)
(	2348	,	20	,	1	)
(	2349	,	21	,	1	)
(	2350	,	22	,	1	)
(	2351	,	23	,	1	)
(	2352	,	24	,	1	)
(	2353	,	1	,	8	)
(	2354	,	2	,	8	)
(	2355	,	3	,	8	)
(	2356	,	4	,	8	)
(	2357	,	5	,	8	)
(	2358	,	6	,	8	)
(	2359	,	7	,	8	)
(	2360	,	8	,	8	)
(	2361	,	9	,	8	)
(	2362	,	10	,	8	)
(	2363	,	11	,	8	)
(	2364	,	12	,	8	)
(	2365	,	13	,	8	)
(	2366	,	14	,	8	)
(	2367	,	15	,	8	)
(	2368	,	16	,	8	)
(	2369	,	17	,	8	)
(	2370	,	18	,	8	)
(	2371	,	19	,	8	)
(	2372	,	20	,	8	)
(	2373	,	21	,	8	)
(	2374	,	22	,	8	)
(	2375	,	23	,	8	)
(	2376	,	24	,	8	)
(	2377	,	1	,	8	)
(	2378	,	2	,	8	)
(	2379	,	3	,	8	)
(	2380	,	4	,	8	)
(	2381	,	5	,	8	)
(	2382	,	6	,	8	)
(	2383	,	7	,	8	)
(	2384	,	8	,	8	)
(	2385	,	9	,	8	)
(	2386	,	10	,	8	)
(	2387	,	11	,	8	)
(	2388	,	12	,	8	)
(	2389	,	13	,	8	)
(	2390	,	14	,	8	)
(	2391	,	15	,	8	)
(	2392	,	16	,	8	)
(	2393	,	17	,	8	)
(	2394	,	18	,	8	)
(	2395	,	19	,	8	)
(	2396	,	20	,	8	)
(	2397	,	21	,	8	)
(	2398	,	22	,	8	)
(	2399	,	23	,	8	)
(	2400	,	24	,	8	)
(	2401	,	1	,	2	)
(	2402	,	2	,	2	)
(	2403	,	3	,	2	)
(	2404	,	4	,	2	)
(	2405	,	5	,	2	)
(	2406	,	6	,	2	)
(	2407	,	7	,	2	)
(	2408	,	8	,	2	)
(	2409	,	9	,	2	)
(	2410	,	10	,	2	)
(	2411	,	11	,	2	)
(	2412	,	12	,	2	)
(	2413	,	13	,	2	)
(	2414	,	14	,	2	)
(	2415	,	15	,	2	)
(	2416	,	16	,	2	)
(	2417	,	17	,	2	)
(	2418	,	18	,	2	)
(	2419	,	19	,	2	)
(	2420	,	20	,	2	)
(	2421	,	21	,	2	)
(	2422	,	22	,	2	)
(	2423	,	23	,	2	)
(	2424	,	24	,	2	)
(	2425	,	1	,	2	)
(	2426	,	2	,	2	)
(	2427	,	3	,	2	)
(	2428	,	4	,	2	)
(	2429	,	5	,	2	)
(	2430	,	6	,	2	)
(	2431	,	7	,	2	)
(	2432	,	8	,	2	)
(	2433	,	9	,	2	)
(	2434	,	10	,	2	)
(	2435	,	11	,	2	)
(	2436	,	12	,	2	)
(	2437	,	13	,	2	)
(	2438	,	14	,	2	)
(	2439	,	15	,	2	)
(	2440	,	16	,	2	)
(	2441	,	17	,	2	)
(	2442	,	18	,	2	)
(	2443	,	19	,	2	)
(	2444	,	20	,	2	)
(	2445	,	21	,	2	)
(	2446	,	22	,	2	)
(	2447	,	23	,	2	)
(	2448	,	24	,	2	)
(	2449	,	1	,	7	)
(	2450	,	2	,	7	)
(	2451	,	3	,	7	)
(	2452	,	4	,	7	)
(	2453	,	5	,	7	)
(	2454	,	6	,	7	)
(	2455	,	7	,	7	)
(	2456	,	8	,	7	)
(	2457	,	9	,	7	)
(	2458	,	10	,	7	)
(	2459	,	11	,	7	)
(	2460	,	12	,	7	)
(	2461	,	13	,	7	)
(	2462	,	14	,	7	)
(	2463	,	15	,	7	)
(	2464	,	16	,	7	)
(	2465	,	17	,	7	)
(	2466	,	18	,	7	)
(	2467	,	19	,	7	)
(	2468	,	20	,	7	)
(	2469	,	21	,	7	)
(	2470	,	22	,	7	)
(	2471	,	23	,	7	)
(	2472	,	24	,	7	)
(	2473	,	1	,	6	)
(	2474	,	2	,	6	)
(	2475	,	3	,	6	)
(	2476	,	4	,	6	)
(	2477	,	5	,	6	)
(	2478	,	6	,	6	)
(	2479	,	7	,	6	)
(	2480	,	8	,	6	)
(	2481	,	9	,	6	)
(	2482	,	10	,	6	)
(	2483	,	11	,	6	)
(	2484	,	12	,	6	)
(	2485	,	13	,	6	)
(	2486	,	14	,	6	)
(	2487	,	15	,	6	)
(	2488	,	16	,	6	)
(	2489	,	17	,	6	)
(	2490	,	18	,	6	)
(	2491	,	19	,	6	)
(	2492	,	20	,	6	)
(	2493	,	21	,	6	)
(	2494	,	22	,	6	)
(	2495	,	23	,	6	)
(	2496	,	24	,	6	)
(	2497	,	1	,	2	)
(	2498	,	2	,	2	)
(	2499	,	3	,	2	)
(	2500	,	4	,	2	)
(	2501	,	5	,	2	)
(	2502	,	6	,	2	)
(	2503	,	7	,	2	)
(	2504	,	8	,	2	)
(	2505	,	9	,	2	)
(	2506	,	10	,	2	)
(	2507	,	11	,	2	)
(	2508	,	12	,	2	)
(	2509	,	13	,	2	)
(	2510	,	14	,	2	)
(	2511	,	15	,	2	)
(	2512	,	16	,	2	)
(	2513	,	17	,	2	)
(	2514	,	18	,	2	)
(	2515	,	19	,	2	)
(	2516	,	20	,	2	)
(	2517	,	21	,	2	)
(	2518	,	22	,	2	)
(	2519	,	23	,	2	)
(	2520	,	24	,	2	)
(	2521	,	1	,	5	)
(	2522	,	2	,	5	)
(	2523	,	3	,	5	)
(	2524	,	4	,	5	)
(	2525	,	5	,	5	)
(	2526	,	6	,	5	)
(	2527	,	7	,	5	)
(	2528	,	8	,	5	)
(	2529	,	9	,	5	)
(	2530	,	10	,	5	)
(	2531	,	11	,	5	)
(	2532	,	12	,	5	)
(	2533	,	13	,	5	)
(	2534	,	14	,	5	)
(	2535	,	15	,	5	)
(	2536	,	16	,	5	)
(	2537	,	17	,	5	)
(	2538	,	18	,	5	)
(	2539	,	19	,	5	)
(	2540	,	20	,	5	)
(	2541	,	21	,	5	)
(	2542	,	22	,	5	)
(	2543	,	23	,	5	)
(	2544	,	24	,	5	)
(	2545	,	1	,	5	)
(	2546	,	2	,	5	)
(	2547	,	3	,	5	)
(	2548	,	4	,	5	)
(	2549	,	5	,	5	)
(	2550	,	6	,	5	)
(	2551	,	7	,	5	)
(	2552	,	8	,	5	)
(	2553	,	9	,	5	)
(	2554	,	10	,	5	)
(	2555	,	11	,	5	)
(	2556	,	12	,	5	)
(	2557	,	13	,	5	)
(	2558	,	14	,	5	)
(	2559	,	15	,	5	)
(	2560	,	16	,	5	)
(	2561	,	17	,	5	)
(	2562	,	18	,	5	)
(	2563	,	19	,	5	)
(	2564	,	20	,	5	)
(	2565	,	21	,	5	)
(	2566	,	22	,	5	)
(	2567	,	23	,	5	)
(	2568	,	24	,	5	)
(	2569	,	1	,	5	)
(	2570	,	2	,	5	)
(	2571	,	3	,	5	)
(	2572	,	4	,	5	)
(	2573	,	5	,	5	)
(	2574	,	6	,	5	)
(	2575	,	7	,	5	)
(	2576	,	8	,	5	)
(	2577	,	9	,	5	)
(	2578	,	10	,	5	)
(	2579	,	11	,	5	)
(	2580	,	12	,	5	)
(	2581	,	13	,	5	)
(	2582	,	14	,	5	)
(	2583	,	15	,	5	)
(	2584	,	16	,	5	)
(	2585	,	17	,	5	)
(	2586	,	18	,	5	)
(	2587	,	19	,	5	)
(	2588	,	20	,	5	)
(	2589	,	21	,	5	)
(	2590	,	22	,	5	)
(	2591	,	23	,	5	)
(	2592	,	24	,	5	)
(	2593	,	1	,	2	)
(	2594	,	2	,	2	)
(	2595	,	3	,	2	)
(	2596	,	4	,	2	)
(	2597	,	5	,	2	)
(	2598	,	6	,	2	)
(	2599	,	7	,	2	)
(	2600	,	8	,	2	)
(	2601	,	9	,	2	)
(	2602	,	10	,	2	)
(	2603	,	11	,	2	)
(	2604	,	12	,	2	)
(	2605	,	13	,	2	)
(	2606	,	14	,	2	)
(	2607	,	15	,	2	)
(	2608	,	16	,	2	)
(	2609	,	17	,	2	)
(	2610	,	18	,	2	)
(	2611	,	19	,	2	)
(	2612	,	20	,	2	)
(	2613	,	21	,	2	)
(	2614	,	22	,	2	)
(	2615	,	23	,	2	)
(	2616	,	24	,	2	)
(	2617	,	1	,	3	)
(	2618	,	2	,	3	)
(	2619	,	3	,	3	)
(	2620	,	4	,	3	)
(	2621	,	5	,	3	)
(	2622	,	6	,	3	)
(	2623	,	7	,	3	)
(	2624	,	8	,	3	)
(	2625	,	9	,	3	)
(	2626	,	10	,	3	)
(	2627	,	11	,	3	)
(	2628	,	12	,	3	)
(	2629	,	13	,	3	)
(	2630	,	14	,	3	)
(	2631	,	15	,	3	)
(	2632	,	16	,	3	)
(	2633	,	17	,	3	)
(	2634	,	18	,	3	)
(	2635	,	19	,	3	)
(	2636	,	20	,	3	)
(	2637	,	21	,	3	)
(	2638	,	22	,	3	)
(	2639	,	23	,	3	)
(	2640	,	24	,	3	)
(	2641	,	1	,	3	)
(	2642	,	2	,	3	)
(	2643	,	3	,	3	)
(	2644	,	4	,	3	)
(	2645	,	5	,	3	)
(	2646	,	6	,	3	)
(	2647	,	7	,	3	)
(	2648	,	8	,	3	)
(	2649	,	9	,	3	)
(	2650	,	10	,	3	)
(	2651	,	11	,	3	)
(	2652	,	12	,	3	)
(	2653	,	13	,	3	)
(	2654	,	14	,	3	)
(	2655	,	15	,	3	)
(	2656	,	16	,	3	)
(	2657	,	17	,	3	)
(	2658	,	18	,	3	)
(	2659	,	19	,	3	)
(	2660	,	20	,	3	)
(	2661	,	21	,	3	)
(	2662	,	22	,	3	)
(	2663	,	23	,	3	)
(	2664	,	24	,	3	)
(	2665	,	1	,	16	)
(	2666	,	2	,	16	)
(	2667	,	3	,	16	)
(	2668	,	4	,	16	)
(	2669	,	5	,	16	)
(	2670	,	6	,	16	)
(	2671	,	7	,	16	)
(	2672	,	8	,	16	)
(	2673	,	9	,	16	)
(	2674	,	10	,	16	)
(	2675	,	11	,	16	)
(	2676	,	12	,	16	)
(	2677	,	13	,	16	)
(	2678	,	14	,	16	)
(	2679	,	15	,	16	)
(	2680	,	16	,	16	)
(	2681	,	17	,	16	)
(	2682	,	18	,	16	)
(	2683	,	19	,	16	)
(	2684	,	20	,	16	)
(	2685	,	21	,	16	)
(	2686	,	22	,	16	)
(	2687	,	23	,	16	)
(	2688	,	24	,	16	)
(	2689	,	1	,	1	)
(	2690	,	2	,	1	)
(	2691	,	3	,	1	)
(	2692	,	4	,	1	)
(	2693	,	5	,	1	)
(	2694	,	6	,	1	)
(	2695	,	7	,	1	)
(	2696	,	8	,	1	)
(	2697	,	9	,	1	)
(	2698	,	10	,	1	)
(	2699	,	11	,	1	)
(	2700	,	12	,	1	)
(	2701	,	13	,	1	)
(	2702	,	14	,	1	)
(	2703	,	15	,	1	)
(	2704	,	16	,	1	)
(	2705	,	17	,	1	)
(	2706	,	18	,	1	)
(	2707	,	19	,	1	)
(	2708	,	20	,	1	)
(	2709	,	21	,	1	)
(	2710	,	22	,	1	)
(	2711	,	23	,	1	)
(	2712	,	24	,	1	)
(	2713	,	1	,	2	)
(	2714	,	2	,	2	)
(	2715	,	3	,	2	)
(	2716	,	4	,	2	)
(	2717	,	5	,	2	)
(	2718	,	6	,	2	)
(	2719	,	7	,	2	)
(	2720	,	8	,	2	)
(	2721	,	9	,	2	)
(	2722	,	10	,	2	)
(	2723	,	11	,	2	)
(	2724	,	12	,	2	)
(	2725	,	13	,	2	)
(	2726	,	14	,	2	)
(	2727	,	15	,	2	)
(	2728	,	16	,	2	)
(	2729	,	17	,	2	)
(	2730	,	18	,	2	)
(	2731	,	19	,	2	)
(	2732	,	20	,	2	)
(	2733	,	21	,	2	)
(	2734	,	22	,	2	)
(	2735	,	23	,	2	)
(	2736	,	24	,	2	)
(	2737	,	1	,	1	)
(	2738	,	2	,	1	)
(	2739	,	3	,	1	)
(	2740	,	4	,	1	)
(	2741	,	5	,	1	)
(	2742	,	6	,	1	)
(	2743	,	7	,	1	)
(	2744	,	8	,	1	)
(	2745	,	9	,	1	)
(	2746	,	10	,	1	)
(	2747	,	11	,	1	)
(	2748	,	12	,	1	)
(	2749	,	13	,	1	)
(	2750	,	14	,	1	)
(	2751	,	15	,	1	)
(	2752	,	16	,	1	)
(	2753	,	17	,	1	)
(	2754	,	18	,	1	)
(	2755	,	19	,	1	)
(	2756	,	20	,	1	)
(	2757	,	21	,	1	)
(	2758	,	22	,	1	)
(	2759	,	23	,	1	)
(	2760	,	24	,	1	)
(	2761	,	1	,	5	)
(	2762	,	2	,	5	)
(	2763	,	3	,	5	)
(	2764	,	4	,	5	)
(	2765	,	5	,	5	)
(	2766	,	6	,	5	)
(	2767	,	7	,	5	)
(	2768	,	8	,	5	)
(	2769	,	9	,	5	)
(	2770	,	10	,	5	)
(	2771	,	11	,	5	)
(	2772	,	12	,	5	)
(	2773	,	13	,	5	)
(	2774	,	14	,	5	)
(	2775	,	15	,	5	)
(	2776	,	16	,	5	)
(	2777	,	17	,	5	)
(	2778	,	18	,	5	)
(	2779	,	19	,	5	)
(	2780	,	20	,	5	)
(	2781	,	21	,	5	)
(	2782	,	22	,	5	)
(	2783	,	23	,	5	)
(	2784	,	24	,	5	)
(	2785	,	1	,	6	)
(	2786	,	2	,	6	)
(	2787	,	3	,	6	)
(	2788	,	4	,	6	)
(	2789	,	5	,	6	)
(	2790	,	6	,	6	)
(	2791	,	7	,	6	)
(	2792	,	8	,	6	)
(	2793	,	9	,	6	)
(	2794	,	10	,	6	)
(	2795	,	11	,	6	)
(	2796	,	12	,	6	)
(	2797	,	13	,	6	)
(	2798	,	14	,	6	)
(	2799	,	15	,	6	)
(	2800	,	16	,	6	)
(	2801	,	17	,	6	)
(	2802	,	18	,	6	)
(	2803	,	19	,	6	)
(	2804	,	20	,	6	)
(	2805	,	21	,	6	)
(	2806	,	22	,	6	)
(	2807	,	23	,	6	)
(	2808	,	24	,	6	)
(	2809	,	1	,	6	)
(	2810	,	2	,	6	)
(	2811	,	3	,	6	)
(	2812	,	4	,	6	)
(	2813	,	5	,	6	)
(	2814	,	6	,	6	)
(	2815	,	7	,	6	)
(	2816	,	8	,	6	)
(	2817	,	9	,	6	)
(	2818	,	10	,	6	)
(	2819	,	11	,	6	)
(	2820	,	12	,	6	)
(	2821	,	13	,	6	)
(	2822	,	14	,	6	)
(	2823	,	15	,	6	)
(	2824	,	16	,	6	)
(	2825	,	17	,	6	)
(	2826	,	18	,	6	)
(	2827	,	19	,	6	)
(	2828	,	20	,	6	)
(	2829	,	21	,	6	)
(	2830	,	22	,	6	)
(	2831	,	23	,	6	)
(	2832	,	24	,	6	)
(	2833	,	1	,	4	)
(	2834	,	2	,	4	)
(	2835	,	3	,	4	)
(	2836	,	4	,	4	)
(	2837	,	5	,	4	)
(	2838	,	6	,	4	)
(	2839	,	7	,	4	)
(	2840	,	8	,	4	)
(	2841	,	9	,	4	)
(	2842	,	10	,	4	)
(	2843	,	11	,	4	)
(	2844	,	12	,	4	)
(	2845	,	13	,	4	)
(	2846	,	14	,	4	)
(	2847	,	15	,	4	)
(	2848	,	16	,	4	)
(	2849	,	17	,	4	)
(	2850	,	18	,	4	)
(	2851	,	19	,	4	)
(	2852	,	20	,	4	)
(	2853	,	21	,	4	)
(	2854	,	22	,	4	)
(	2855	,	23	,	4	)
(	2856	,	24	,	4	)
(	2857	,	1	,	5	)
(	2858	,	2	,	5	)
(	2859	,	3	,	5	)
(	2860	,	4	,	5	)
(	2861	,	5	,	5	)
(	2862	,	6	,	5	)
(	2863	,	7	,	5	)
(	2864	,	8	,	5	)
(	2865	,	9	,	5	)
(	2866	,	10	,	5	)
(	2867	,	11	,	5	)
(	2868	,	12	,	5	)
(	2869	,	13	,	5	)
(	2870	,	14	,	5	)
(	2871	,	15	,	5	)
(	2872	,	16	,	5	)
(	2873	,	17	,	5	)
(	2874	,	18	,	5	)
(	2875	,	19	,	5	)
(	2876	,	20	,	5	)
(	2877	,	21	,	5	)
(	2878	,	22	,	5	)
(	2879	,	23	,	5	)
(	2880	,	24	,	5	)
(	2881	,	1	,	1	)
(	2882	,	2	,	1	)
(	2883	,	3	,	1	)
(	2884	,	4	,	1	)
(	2885	,	5	,	1	)
(	2886	,	6	,	1	)
(	2887	,	7	,	1	)
(	2888	,	8	,	1	)
(	2889	,	9	,	1	)
(	2890	,	10	,	1	)
(	2891	,	11	,	1	)
(	2892	,	12	,	1	)
(	2893	,	13	,	1	)
(	2894	,	14	,	1	)
(	2895	,	15	,	1	)
(	2896	,	16	,	1	)
(	2897	,	17	,	1	)
(	2898	,	18	,	1	)
(	2899	,	19	,	1	)
(	2900	,	20	,	1	)
(	2901	,	21	,	1	)
(	2902	,	22	,	1	)
(	2903	,	23	,	1	)
(	2904	,	24	,	1	)
(	2905	,	1	,	1	)
(	2906	,	2	,	1	)
(	2907	,	3	,	1	)
(	2908	,	4	,	1	)
(	2909	,	5	,	1	)
(	2910	,	6	,	1	)
(	2911	,	7	,	1	)
(	2912	,	8	,	1	)
(	2913	,	9	,	1	)
(	2914	,	10	,	1	)
(	2915	,	11	,	1	)
(	2916	,	12	,	1	)
(	2917	,	13	,	1	)
(	2918	,	14	,	1	)
(	2919	,	15	,	1	)
(	2920	,	16	,	1	)
(	2921	,	17	,	1	)
(	2922	,	18	,	1	)
(	2923	,	19	,	1	)
(	2924	,	20	,	1	)
(	2925	,	21	,	1	)
(	2926	,	22	,	1	)
(	2927	,	23	,	1	)
(	2928	,	24	,	1	)
(	2929	,	1	,	14	)
(	2930	,	2	,	14	)
(	2931	,	3	,	14	)
(	2932	,	4	,	14	)
(	2933	,	5	,	14	)
(	2934	,	6	,	14	)
(	2935	,	7	,	14	)
(	2936	,	8	,	14	)
(	2937	,	9	,	14	)
(	2938	,	10	,	14	)
(	2939	,	11	,	14	)
(	2940	,	12	,	14	)
(	2941	,	13	,	14	)
(	2942	,	14	,	14	)
(	2943	,	15	,	14	)
(	2944	,	16	,	14	)
(	2945	,	17	,	14	)
(	2946	,	18	,	14	)
(	2947	,	19	,	14	)
(	2948	,	20	,	14	)
(	2949	,	21	,	14	)
(	2950	,	22	,	14	)
(	2951	,	23	,	14	)
(	2952	,	24	,	14	)
(	2953	,	1	,	3	)
(	2954	,	2	,	3	)
(	2955	,	3	,	3	)
(	2956	,	4	,	3	)
(	2957	,	5	,	3	)
(	2958	,	6	,	3	)
(	2959	,	7	,	3	)
(	2960	,	8	,	3	)
(	2961	,	9	,	3	)
(	2962	,	10	,	3	)
(	2963	,	11	,	3	)
(	2964	,	12	,	3	)
(	2965	,	13	,	3	)
(	2966	,	14	,	3	)
(	2967	,	15	,	3	)
(	2968	,	16	,	3	)
(	2969	,	17	,	3	)
(	2970	,	18	,	3	)
(	2971	,	19	,	3	)
(	2972	,	20	,	3	)
(	2973	,	21	,	3	)
(	2974	,	22	,	3	)
(	2975	,	23	,	3	)
(	2976	,	24	,	3	)
(	2977	,	1	,	6	)
(	2978	,	2	,	6	)
(	2979	,	3	,	6	)
(	2980	,	4	,	6	)
(	2981	,	5	,	6	)
(	2982	,	6	,	6	)
(	2983	,	7	,	6	)
(	2984	,	8	,	6	)
(	2985	,	9	,	6	)
(	2986	,	10	,	6	)
(	2987	,	11	,	6	)
(	2988	,	12	,	6	)
(	2989	,	13	,	6	)
(	2990	,	14	,	6	)
(	2991	,	15	,	6	)
(	2992	,	16	,	6	)
(	2993	,	17	,	6	)
(	2994	,	18	,	6	)
(	2995	,	19	,	6	)
(	2996	,	20	,	6	)
(	2997	,	21	,	6	)
(	2998	,	22	,	6	)
(	2999	,	23	,	6	)
(	3000	,	24	,	6	)
(	3001	,	1	,	2	)
(	3002	,	2	,	2	)
(	3003	,	3	,	2	)
(	3004	,	4	,	2	)
(	3005	,	5	,	2	)
(	3006	,	6	,	2	)
(	3007	,	7	,	2	)
(	3008	,	8	,	2	)
(	3009	,	9	,	2	)
(	3010	,	10	,	2	)
(	3011	,	11	,	2	)
(	3012	,	12	,	2	)
(	3013	,	13	,	2	)
(	3014	,	14	,	2	)
(	3015	,	15	,	2	)
(	3016	,	16	,	2	)
(	3017	,	17	,	2	)
(	3018	,	18	,	2	)
(	3019	,	19	,	2	)
(	3020	,	20	,	2	)
(	3021	,	21	,	2	)
(	3022	,	22	,	2	)
(	3023	,	23	,	2	)
(	3024	,	24	,	2	)
(	3025	,	1	,	8	)
(	3026	,	2	,	8	)
(	3027	,	3	,	8	)
(	3028	,	4	,	8	)
(	3029	,	5	,	8	)
(	3030	,	6	,	8	)
(	3031	,	7	,	8	)
(	3032	,	8	,	8	)
(	3033	,	9	,	8	)
(	3034	,	10	,	8	)
(	3035	,	11	,	8	)
(	3036	,	12	,	8	)
(	3037	,	13	,	8	)
(	3038	,	14	,	8	)
(	3039	,	15	,	8	)
(	3040	,	16	,	8	)
(	3041	,	17	,	8	)
(	3042	,	18	,	8	)
(	3043	,	19	,	8	)
(	3044	,	20	,	8	)
(	3045	,	21	,	8	)
(	3046	,	22	,	8	)
(	3047	,	23	,	8	)
(	3048	,	24	,	8	)
(	3049	,	1	,	1	)
(	3050	,	2	,	1	)
(	3051	,	3	,	1	)
(	3052	,	4	,	1	)
(	3053	,	5	,	1	)
(	3054	,	6	,	1	)
(	3055	,	7	,	1	)
(	3056	,	8	,	1	)
(	3057	,	9	,	1	)
(	3058	,	10	,	1	)
(	3059	,	11	,	1	)
(	3060	,	12	,	1	)
(	3061	,	13	,	1	)
(	3062	,	14	,	1	)
(	3063	,	15	,	1	)
(	3064	,	16	,	1	)
(	3065	,	17	,	1	)
(	3066	,	18	,	1	)
(	3067	,	19	,	1	)
(	3068	,	20	,	1	)
(	3069	,	21	,	1	)
(	3070	,	22	,	1	)
(	3071	,	23	,	1	)
(	3072	,	24	,	1	)
(	3073	,	1	,	8	)
(	3074	,	2	,	8	)
(	3075	,	3	,	8	)
(	3076	,	4	,	8	)
(	3077	,	5	,	8	)
(	3078	,	6	,	8	)
(	3079	,	7	,	8	)
(	3080	,	8	,	8	)
(	3081	,	9	,	8	)
(	3082	,	10	,	8	)
(	3083	,	11	,	8	)
(	3084	,	12	,	8	)
(	3085	,	13	,	8	)
(	3086	,	14	,	8	)
(	3087	,	15	,	8	)
(	3088	,	16	,	8	)
(	3089	,	17	,	8	)
(	3090	,	18	,	8	)
(	3091	,	19	,	8	)
(	3092	,	20	,	8	)
(	3093	,	21	,	8	)
(	3094	,	22	,	8	)
(	3095	,	23	,	8	)
(	3096	,	24	,	8	)
(	3097	,	1	,	13	)
(	3098	,	2	,	13	)
(	3099	,	3	,	13	)
(	3100	,	4	,	13	)
(	3101	,	5	,	13	)
(	3102	,	6	,	13	)
(	3103	,	7	,	13	)
(	3104	,	8	,	13	)
(	3105	,	9	,	13	)
(	3106	,	10	,	13	)
(	3107	,	11	,	13	)
(	3108	,	12	,	13	)
(	3109	,	13	,	13	)
(	3110	,	14	,	13	)
(	3111	,	15	,	13	)
(	3112	,	16	,	13	)
(	3113	,	17	,	13	)
(	3114	,	18	,	13	)
(	3115	,	19	,	13	)
(	3116	,	20	,	13	)
(	3117	,	21	,	13	)
(	3118	,	22	,	13	)
(	3119	,	23	,	13	)
(	3120	,	24	,	13	)
(	3121	,	1	,	6	)
(	3122	,	2	,	6	)
(	3123	,	3	,	6	)
(	3124	,	4	,	6	)
(	3125	,	5	,	6	)
(	3126	,	6	,	6	)
(	3127	,	7	,	6	)
(	3128	,	8	,	6	)
(	3129	,	9	,	6	)
(	3130	,	10	,	6	)
(	3131	,	11	,	6	)
(	3132	,	12	,	6	)
(	3133	,	13	,	6	)
(	3134	,	14	,	6	)
(	3135	,	15	,	6	)
(	3136	,	16	,	6	)
(	3137	,	17	,	6	)
(	3138	,	18	,	6	)
(	3139	,	19	,	6	)
(	3140	,	20	,	6	)
(	3141	,	21	,	6	)
(	3142	,	22	,	6	)
(	3143	,	23	,	6	)
(	3144	,	24	,	6	)
(	3145	,	1	,	6	)
(	3146	,	2	,	6	)
(	3147	,	3	,	6	)
(	3148	,	4	,	6	)
(	3149	,	5	,	6	)
(	3150	,	6	,	6	)
(	3151	,	7	,	6	)
(	3152	,	8	,	6	)
(	3153	,	9	,	6	)
(	3154	,	10	,	6	)
(	3155	,	11	,	6	)
(	3156	,	12	,	6	)
(	3157	,	13	,	6	)
(	3158	,	14	,	6	)
(	3159	,	15	,	6	)
(	3160	,	16	,	6	)
(	3161	,	17	,	6	)
(	3162	,	18	,	6	)
(	3163	,	19	,	6	)
(	3164	,	20	,	6	)
(	3165	,	21	,	6	)
(	3166	,	22	,	6	)
(	3167	,	23	,	6	)
(	3168	,	24	,	6	)
(	3169	,	1	,	2	)
(	3170	,	2	,	2	)
(	3171	,	3	,	2	)
(	3172	,	4	,	2	)
(	3173	,	5	,	2	)
(	3174	,	6	,	2	)
(	3175	,	7	,	2	)
(	3176	,	8	,	2	)
(	3177	,	9	,	2	)
(	3178	,	10	,	2	)
(	3179	,	11	,	2	)
(	3180	,	12	,	2	)
(	3181	,	13	,	2	)
(	3182	,	14	,	2	)
(	3183	,	15	,	2	)
(	3184	,	16	,	2	)
(	3185	,	17	,	2	)
(	3186	,	18	,	2	)
(	3187	,	19	,	2	)
(	3188	,	20	,	2	)
(	3189	,	21	,	2	)
(	3190	,	22	,	2	)
(	3191	,	23	,	2	)
(	3192	,	24	,	2	)
(	3193	,	1	,	8	)
(	3194	,	2	,	8	)
(	3195	,	3	,	8	)
(	3196	,	4	,	8	)
(	3197	,	5	,	8	)
(	3198	,	6	,	8	)
(	3199	,	7	,	8	)
(	3200	,	8	,	8	)
(	3201	,	9	,	8	)
(	3202	,	10	,	8	)
(	3203	,	11	,	8	)
(	3204	,	12	,	8	)
(	3205	,	13	,	8	)
(	3206	,	14	,	8	)
(	3207	,	15	,	8	)
(	3208	,	16	,	8	)
(	3209	,	17	,	8	)
(	3210	,	18	,	8	)
(	3211	,	19	,	8	)
(	3212	,	20	,	8	)
(	3213	,	21	,	8	)
(	3214	,	22	,	8	)
(	3215	,	23	,	8	)
(	3216	,	24	,	8	)
(	3217	,	1	,	5	)
(	3218	,	2	,	5	)
(	3219	,	3	,	5	)
(	3220	,	4	,	5	)
(	3221	,	5	,	5	)
(	3222	,	6	,	5	)
(	3223	,	7	,	5	)
(	3224	,	8	,	5	)
(	3225	,	9	,	5	)
(	3226	,	10	,	5	)
(	3227	,	11	,	5	)
(	3228	,	12	,	5	)
(	3229	,	13	,	5	)
(	3230	,	14	,	5	)
(	3231	,	15	,	5	)
(	3232	,	16	,	5	)
(	3233	,	17	,	5	)
(	3234	,	18	,	5	)
(	3235	,	19	,	5	)
(	3236	,	20	,	5	)
(	3237	,	21	,	5	)
(	3238	,	22	,	5	)
(	3239	,	23	,	5	)
(	3240	,	24	,	5	)
(	3241	,	1	,	8	)
(	3242	,	2	,	8	)
(	3243	,	3	,	8	)
(	3244	,	4	,	8	)
(	3245	,	5	,	8	)
(	3246	,	6	,	8	)
(	3247	,	7	,	8	)
(	3248	,	8	,	8	)
(	3249	,	9	,	8	)
(	3250	,	10	,	8	)
(	3251	,	11	,	8	)
(	3252	,	12	,	8	)
(	3253	,	13	,	8	)
(	3254	,	14	,	8	)
(	3255	,	15	,	8	)
(	3256	,	16	,	8	)
(	3257	,	17	,	8	)
(	3258	,	18	,	8	)
(	3259	,	19	,	8	)
(	3260	,	20	,	8	)
(	3261	,	21	,	8	)
(	3262	,	22	,	8	)
(	3263	,	23	,	8	)
(	3264	,	24	,	8	)
(	3265	,	1	,	8	)
(	3266	,	2	,	8	)
(	3267	,	3	,	8	)
(	3268	,	4	,	8	)
(	3269	,	5	,	8	)
(	3270	,	6	,	8	)
(	3271	,	7	,	8	)
(	3272	,	8	,	8	)
(	3273	,	9	,	8	)
(	3274	,	10	,	8	)
(	3275	,	11	,	8	)
(	3276	,	12	,	8	)
(	3277	,	13	,	8	)
(	3278	,	14	,	8	)
(	3279	,	15	,	8	)
(	3280	,	16	,	8	)
(	3281	,	17	,	8	)
(	3282	,	18	,	8	)
(	3283	,	19	,	8	)
(	3284	,	20	,	8	)
(	3285	,	21	,	8	)
(	3286	,	22	,	8	)
(	3287	,	23	,	8	)
(	3288	,	24	,	8	)
(	3289	,	1	,	7	)
(	3290	,	2	,	7	)
(	3291	,	3	,	7	)
(	3292	,	4	,	7	)
(	3293	,	5	,	7	)
(	3294	,	6	,	7	)
(	3295	,	7	,	7	)
(	3296	,	8	,	7	)
(	3297	,	9	,	7	)
(	3298	,	10	,	7	)
(	3299	,	11	,	7	)
(	3300	,	12	,	7	)
(	3301	,	13	,	7	)
(	3302	,	14	,	7	)
(	3303	,	15	,	7	)
(	3304	,	16	,	7	)
(	3305	,	17	,	7	)
(	3306	,	18	,	7	)
(	3307	,	19	,	7	)
(	3308	,	20	,	7	)
(	3309	,	21	,	7	)
(	3310	,	22	,	7	)
(	3311	,	23	,	7	)
(	3312	,	24	,	7	)
(	3313	,	1	,	7	)
(	3314	,	2	,	7	)
(	3315	,	3	,	7	)
(	3316	,	4	,	7	)
(	3317	,	5	,	7	)
(	3318	,	6	,	7	)
(	3319	,	7	,	7	)
(	3320	,	8	,	7	)
(	3321	,	9	,	7	)
(	3322	,	10	,	7	)
(	3323	,	11	,	7	)
(	3324	,	12	,	7	)
(	3325	,	13	,	7	)
(	3326	,	14	,	7	)
(	3327	,	15	,	7	)
(	3328	,	16	,	7	)
(	3329	,	17	,	7	)
(	3330	,	18	,	7	)
(	3331	,	19	,	7	)
(	3332	,	20	,	7	)
(	3333	,	21	,	7	)
(	3334	,	22	,	7	)
(	3335	,	23	,	7	)
(	3336	,	24	,	7	)
(	3337	,	1	,	1	)
(	3338	,	2	,	1	)
(	3339	,	3	,	1	)
(	3340	,	4	,	1	)
(	3341	,	5	,	1	)
(	3342	,	6	,	1	)
(	3343	,	7	,	1	)
(	3344	,	8	,	1	)
(	3345	,	9	,	1	)
(	3346	,	10	,	1	)
(	3347	,	11	,	1	)
(	3348	,	12	,	1	)
(	3349	,	13	,	1	)
(	3350	,	14	,	1	)
(	3351	,	15	,	1	)
(	3352	,	16	,	1	)
(	3353	,	17	,	1	)
(	3354	,	18	,	1	)
(	3355	,	19	,	1	)
(	3356	,	20	,	1	)
(	3357	,	21	,	1	)
(	3358	,	22	,	1	)
(	3359	,	23	,	1	)
(	3360	,	24	,	1	)
(	3361	,	1	,	6	)
(	3362	,	2	,	6	)
(	3363	,	3	,	6	)
(	3364	,	4	,	6	)
(	3365	,	5	,	6	)
(	3366	,	6	,	6	)
(	3367	,	7	,	6	)
(	3368	,	8	,	6	)
(	3369	,	9	,	6	)
(	3370	,	10	,	6	)
(	3371	,	11	,	6	)
(	3372	,	12	,	6	)
(	3373	,	13	,	6	)
(	3374	,	14	,	6	)
(	3375	,	15	,	6	)
(	3376	,	16	,	6	)
(	3377	,	17	,	6	)
(	3378	,	18	,	6	)
(	3379	,	19	,	6	)
(	3380	,	20	,	6	)
(	3381	,	21	,	6	)
(	3382	,	22	,	6	)
(	3383	,	23	,	6	)
(	3384	,	24	,	6	)
(	3385	,	1	,	5	)
(	3386	,	2	,	5	)
(	3387	,	3	,	5	)
(	3388	,	4	,	5	)
(	3389	,	5	,	5	)
(	3390	,	6	,	5	)
(	3391	,	7	,	5	)
(	3392	,	8	,	5	)
(	3393	,	9	,	5	)
(	3394	,	10	,	5	)
(	3395	,	11	,	5	)
(	3396	,	12	,	5	)
(	3397	,	13	,	5	)
(	3398	,	14	,	5	)
(	3399	,	15	,	5	)
(	3400	,	16	,	5	)
(	3401	,	17	,	5	)
(	3402	,	18	,	5	)
(	3403	,	19	,	5	)
(	3404	,	20	,	5	)
(	3405	,	21	,	5	)
(	3406	,	22	,	5	)
(	3407	,	23	,	5	)
(	3408	,	24	,	5	)
(	3409	,	1	,	5	)
(	3410	,	2	,	5	)
(	3411	,	3	,	5	)
(	3412	,	4	,	5	)
(	3413	,	5	,	5	)
(	3414	,	6	,	5	)
(	3415	,	7	,	5	)
(	3416	,	8	,	5	)
(	3417	,	9	,	5	)
(	3418	,	10	,	5	)
(	3419	,	11	,	5	)
(	3420	,	12	,	5	)
(	3421	,	13	,	5	)
(	3422	,	14	,	5	)
(	3423	,	15	,	5	)
(	3424	,	16	,	5	)
(	3425	,	17	,	5	)
(	3426	,	18	,	5	)
(	3427	,	19	,	5	)
(	3428	,	20	,	5	)
(	3429	,	21	,	5	)
(	3430	,	22	,	5	)
(	3431	,	23	,	5	)
(	3432	,	24	,	5	)
(	3433	,	1	,	8	)
(	3434	,	2	,	8	)
(	3435	,	3	,	8	)
(	3436	,	4	,	8	)
(	3437	,	5	,	8	)
(	3438	,	6	,	8	)
(	3439	,	7	,	8	)
(	3440	,	8	,	8	)
(	3441	,	9	,	8	)
(	3442	,	10	,	8	)
(	3443	,	11	,	8	)
(	3444	,	12	,	8	)
(	3445	,	13	,	8	)
(	3446	,	14	,	8	)
(	3447	,	15	,	8	)
(	3448	,	16	,	8	)
(	3449	,	17	,	8	)
(	3450	,	18	,	8	)
(	3451	,	19	,	8	)
(	3452	,	20	,	8	)
(	3453	,	21	,	8	)
(	3454	,	22	,	8	)
(	3455	,	23	,	8	)
(	3456	,	24	,	8	)
(	3457	,	1	,	7	)
(	3458	,	2	,	7	)
(	3459	,	3	,	7	)
(	3460	,	4	,	7	)
(	3461	,	5	,	7	)
(	3462	,	6	,	7	)
(	3463	,	7	,	7	)
(	3464	,	8	,	7	)
(	3465	,	9	,	7	)
(	3466	,	10	,	7	)
(	3467	,	11	,	7	)
(	3468	,	12	,	7	)
(	3469	,	13	,	7	)
(	3470	,	14	,	7	)
(	3471	,	15	,	7	)
(	3472	,	16	,	7	)
(	3473	,	17	,	7	)
(	3474	,	18	,	7	)
(	3475	,	19	,	7	)
(	3476	,	20	,	7	)
(	3477	,	21	,	7	)
(	3478	,	22	,	7	)
(	3479	,	23	,	7	)
(	3480	,	24	,	7	)
(	3481	,	1	,	6	)
(	3482	,	2	,	6	)
(	3483	,	3	,	6	)
(	3484	,	4	,	6	)
(	3485	,	5	,	6	)
(	3486	,	6	,	6	)
(	3487	,	7	,	6	)
(	3488	,	8	,	6	)
(	3489	,	9	,	6	)
(	3490	,	10	,	6	)
(	3491	,	11	,	6	)
(	3492	,	12	,	6	)
(	3493	,	13	,	6	)
(	3494	,	14	,	6	)
(	3495	,	15	,	6	)
(	3496	,	16	,	6	)
(	3497	,	17	,	6	)
(	3498	,	18	,	6	)
(	3499	,	19	,	6	)
(	3500	,	20	,	6	)
(	3501	,	21	,	6	)
(	3502	,	22	,	6	)
(	3503	,	23	,	6	)
(	3504	,	24	,	6	)
(	3505	,	1	,	5	)
(	3506	,	2	,	5	)
(	3507	,	3	,	5	)
(	3508	,	4	,	5	)
(	3509	,	5	,	5	)
(	3510	,	6	,	5	)
(	3511	,	7	,	5	)
(	3512	,	8	,	5	)
(	3513	,	9	,	5	)
(	3514	,	10	,	5	)
(	3515	,	11	,	5	)
(	3516	,	12	,	5	)
(	3517	,	13	,	5	)
(	3518	,	14	,	5	)
(	3519	,	15	,	5	)
(	3520	,	16	,	5	)
(	3521	,	17	,	5	)
(	3522	,	18	,	5	)
(	3523	,	19	,	5	)
(	3524	,	20	,	5	)
(	3525	,	21	,	5	)
(	3526	,	22	,	5	)
(	3527	,	23	,	5	)
(	3528	,	24	,	5	)
(	3529	,	1	,	8	)
(	3530	,	2	,	8	)
(	3531	,	3	,	8	)
(	3532	,	4	,	8	)
(	3533	,	5	,	8	)
(	3534	,	6	,	8	)
(	3535	,	7	,	8	)
(	3536	,	8	,	8	)
(	3537	,	9	,	8	)
(	3538	,	10	,	8	)
(	3539	,	11	,	8	)
(	3540	,	12	,	8	)
(	3541	,	13	,	8	)
(	3542	,	14	,	8	)
(	3543	,	15	,	8	)
(	3544	,	16	,	8	)
(	3545	,	17	,	8	)
(	3546	,	18	,	8	)
(	3547	,	19	,	8	)
(	3548	,	20	,	8	)
(	3549	,	21	,	8	)
(	3550	,	22	,	8	)
(	3551	,	23	,	8	)
(	3552	,	24	,	8	)
(	3553	,	1	,	5	)
(	3554	,	2	,	5	)
(	3555	,	3	,	5	)
(	3556	,	4	,	5	)
(	3557	,	5	,	5	)
(	3558	,	6	,	5	)
(	3559	,	7	,	5	)
(	3560	,	8	,	5	)
(	3561	,	9	,	5	)
(	3562	,	10	,	5	)
(	3563	,	11	,	5	)
(	3564	,	12	,	5	)
(	3565	,	13	,	5	)
(	3566	,	14	,	5	)
(	3567	,	15	,	5	)
(	3568	,	16	,	5	)
(	3569	,	17	,	5	)
(	3570	,	18	,	5	)
(	3571	,	19	,	5	)
(	3572	,	20	,	5	)
(	3573	,	21	,	5	)
(	3574	,	22	,	5	)
(	3575	,	23	,	5	)
(	3576	,	24	,	5	)
(	3577	,	1	,	8	)
(	3578	,	2	,	8	)
(	3579	,	3	,	8	)
(	3580	,	4	,	8	)
(	3581	,	5	,	8	)
(	3582	,	6	,	8	)
(	3583	,	7	,	8	)
(	3584	,	8	,	8	)
(	3585	,	9	,	8	)
(	3586	,	10	,	8	)
(	3587	,	11	,	8	)
(	3588	,	12	,	8	)
(	3589	,	13	,	8	)
(	3590	,	14	,	8	)
(	3591	,	15	,	8	)
(	3592	,	16	,	8	)
(	3593	,	17	,	8	)
(	3594	,	18	,	8	)
(	3595	,	19	,	8	)
(	3596	,	20	,	8	)
(	3597	,	21	,	8	)
(	3598	,	22	,	8	)
(	3599	,	23	,	8	)
(	3600	,	24	,	8	)
(	3601	,	1	,	8	)
(	3602	,	2	,	8	)
(	3603	,	3	,	8	)
(	3604	,	4	,	8	)
(	3605	,	5	,	8	)
(	3606	,	6	,	8	)
(	3607	,	7	,	8	)
(	3608	,	8	,	8	)
(	3609	,	9	,	8	)
(	3610	,	10	,	8	)
(	3611	,	11	,	8	)
(	3612	,	12	,	8	)
(	3613	,	13	,	8	)
(	3614	,	14	,	8	)
(	3615	,	15	,	8	)
(	3616	,	16	,	8	)
(	3617	,	17	,	8	)
(	3618	,	18	,	8	)
(	3619	,	19	,	8	)
(	3620	,	20	,	8	)
(	3621	,	21	,	8	)
(	3622	,	22	,	8	)
(	3623	,	23	,	8	)
(	3624	,	24	,	8	)
(	3625	,	1	,	7	)
(	3626	,	2	,	7	)
(	3627	,	3	,	7	)
(	3628	,	4	,	7	)
(	3629	,	5	,	7	)
(	3630	,	6	,	7	)
(	3631	,	7	,	7	)
(	3632	,	8	,	7	)
(	3633	,	9	,	7	)
(	3634	,	10	,	7	)
(	3635	,	11	,	7	)
(	3636	,	12	,	7	)
(	3637	,	13	,	7	)
(	3638	,	14	,	7	)
(	3639	,	15	,	7	)
(	3640	,	16	,	7	)
(	3641	,	17	,	7	)
(	3642	,	18	,	7	)
(	3643	,	19	,	7	)
(	3644	,	20	,	7	)
(	3645	,	21	,	7	)
(	3646	,	22	,	7	)
(	3647	,	23	,	7	)
(	3648	,	24	,	7	)
(	3649	,	1	,	7	)
(	3650	,	2	,	7	)
(	3651	,	3	,	7	)
(	3652	,	4	,	7	)
(	3653	,	5	,	7	)
(	3654	,	6	,	7	)
(	3655	,	7	,	7	)
(	3656	,	8	,	7	)
(	3657	,	9	,	7	)
(	3658	,	10	,	7	)
(	3659	,	11	,	7	)
(	3660	,	12	,	7	)
(	3661	,	13	,	7	)
(	3662	,	14	,	7	)
(	3663	,	15	,	7	)
(	3664	,	16	,	7	)
(	3665	,	17	,	7	)
(	3666	,	18	,	7	)
(	3667	,	19	,	7	)
(	3668	,	20	,	7	)
(	3669	,	21	,	7	)
(	3670	,	22	,	7	)
(	3671	,	23	,	7	)
(	3672	,	24	,	7	)
(	3673	,	1	,	8	)
(	3674	,	2	,	8	)
(	3675	,	3	,	8	)
(	3676	,	4	,	8	)
(	3677	,	5	,	8	)
(	3678	,	6	,	8	)
(	3679	,	7	,	8	)
(	3680	,	8	,	8	)
(	3681	,	9	,	8	)
(	3682	,	10	,	8	)
(	3683	,	11	,	8	)
(	3684	,	12	,	8	)
(	3685	,	13	,	8	)
(	3686	,	14	,	8	)
(	3687	,	15	,	8	)
(	3688	,	16	,	8	)
(	3689	,	17	,	8	)
(	3690	,	18	,	8	)
(	3691	,	19	,	8	)
(	3692	,	20	,	8	)
(	3693	,	21	,	8	)
(	3694	,	22	,	8	)
(	3695	,	23	,	8	)
(	3696	,	24	,	8	)
(	3697	,	1	,	8	)
(	3698	,	2	,	8	)
(	3699	,	3	,	8	)
(	3700	,	4	,	8	)
(	3701	,	5	,	8	)
(	3702	,	6	,	8	)
(	3703	,	7	,	8	)
(	3704	,	8	,	8	)
(	3705	,	9	,	8	)
(	3706	,	10	,	8	)
(	3707	,	11	,	8	)
(	3708	,	12	,	8	)
(	3709	,	13	,	8	)
(	3710	,	14	,	8	)
(	3711	,	15	,	8	)
(	3712	,	16	,	8	)
(	3713	,	17	,	8	)
(	3714	,	18	,	8	)
(	3715	,	19	,	8	)
(	3716	,	20	,	8	)
(	3717	,	21	,	8	)
(	3718	,	22	,	8	)
(	3719	,	23	,	8	)
(	3720	,	24	,	8	)
(	3721	,	1	,	8	)
(	3722	,	2	,	8	)
(	3723	,	3	,	8	)
(	3724	,	4	,	8	)
(	3725	,	5	,	8	)
(	3726	,	6	,	8	)
(	3727	,	7	,	8	)
(	3728	,	8	,	8	)
(	3729	,	9	,	8	)
(	3730	,	10	,	8	)
(	3731	,	11	,	8	)
(	3732	,	12	,	8	)
(	3733	,	13	,	8	)
(	3734	,	14	,	8	)
(	3735	,	15	,	8	)
(	3736	,	16	,	8	)
(	3737	,	17	,	8	)
(	3738	,	18	,	8	)
(	3739	,	19	,	8	)
(	3740	,	20	,	8	)
(	3741	,	21	,	8	)
(	3742	,	22	,	8	)
(	3743	,	23	,	8	)
(	3744	,	24	,	8	)
(	3745	,	1	,	8	)
(	3746	,	2	,	8	)
(	3747	,	3	,	8	)
(	3748	,	4	,	8	)
(	3749	,	5	,	8	)
(	3750	,	6	,	8	)
(	3751	,	7	,	8	)
(	3752	,	8	,	8	)
(	3753	,	9	,	8	)
(	3754	,	10	,	8	)
(	3755	,	11	,	8	)
(	3756	,	12	,	8	)
(	3757	,	13	,	8	)
(	3758	,	14	,	8	)
(	3759	,	15	,	8	)
(	3760	,	16	,	8	)
(	3761	,	17	,	8	)
(	3762	,	18	,	8	)
(	3763	,	19	,	8	)
(	3764	,	20	,	8	)
(	3765	,	21	,	8	)
(	3766	,	22	,	8	)
(	3767	,	23	,	8	)
(	3768	,	24	,	8	)
(	3769	,	1	,	8	)
(	3770	,	2	,	8	)
(	3771	,	3	,	8	)
(	3772	,	4	,	8	)
(	3773	,	5	,	8	)
(	3774	,	6	,	8	)
(	3775	,	7	,	8	)
(	3776	,	8	,	8	)
(	3777	,	9	,	8	)
(	3778	,	10	,	8	)
(	3779	,	11	,	8	)
(	3780	,	12	,	8	)
(	3781	,	13	,	8	)
(	3782	,	14	,	8	)
(	3783	,	15	,	8	)
(	3784	,	16	,	8	)
(	3785	,	17	,	8	)
(	3786	,	18	,	8	)
(	3787	,	19	,	8	)
(	3788	,	20	,	8	)
(	3789	,	21	,	8	)
(	3790	,	22	,	8	)
(	3791	,	23	,	8	)
(	3792	,	24	,	8	)
(	3793	,	1	,	7	)
(	3794	,	2	,	7	)
(	3795	,	3	,	7	)
(	3796	,	4	,	7	)
(	3797	,	5	,	7	)
(	3798	,	6	,	7	)
(	3799	,	7	,	7	)
(	3800	,	8	,	7	)
(	3801	,	9	,	7	)
(	3802	,	10	,	7	)
(	3803	,	11	,	7	)
(	3804	,	12	,	7	)
(	3805	,	13	,	7	)
(	3806	,	14	,	7	)
(	3807	,	15	,	7	)
(	3808	,	16	,	7	)
(	3809	,	17	,	7	)
(	3810	,	18	,	7	)
(	3811	,	19	,	7	)
(	3812	,	20	,	7	)
(	3813	,	21	,	7	)
(	3814	,	22	,	7	)
(	3815	,	23	,	7	)
(	3816	,	24	,	7	)
(	3817	,	1	,	7	)
(	3818	,	2	,	7	)
(	3819	,	3	,	7	)
(	3820	,	4	,	7	)
(	3821	,	5	,	7	)
(	3822	,	6	,	7	)
(	3823	,	7	,	7	)
(	3824	,	8	,	7	)
(	3825	,	9	,	7	)
(	3826	,	10	,	7	)
(	3827	,	11	,	7	)
(	3828	,	12	,	7	)
(	3829	,	13	,	7	)
(	3830	,	14	,	7	)
(	3831	,	15	,	7	)
(	3832	,	16	,	7	)
(	3833	,	17	,	7	)
(	3834	,	18	,	7	)
(	3835	,	19	,	7	)
(	3836	,	20	,	7	)
(	3837	,	21	,	7	)
(	3838	,	22	,	7	)
(	3839	,	23	,	7	)
(	3840	,	24	,	7	)
(	3841	,	1	,	13	)
(	3842	,	2	,	13	)
(	3843	,	3	,	13	)
(	3844	,	4	,	13	)
(	3845	,	5	,	13	)
(	3846	,	6	,	13	)
(	3847	,	7	,	13	)
(	3848	,	8	,	13	)
(	3849	,	9	,	13	)
(	3850	,	10	,	13	)
(	3851	,	11	,	13	)
(	3852	,	12	,	13	)
(	3853	,	13	,	13	)
(	3854	,	14	,	13	)
(	3855	,	15	,	13	)
(	3856	,	16	,	13	)
(	3857	,	17	,	13	)
(	3858	,	18	,	13	)
(	3859	,	19	,	13	)
(	3860	,	20	,	13	)
(	3861	,	21	,	13	)
(	3862	,	22	,	13	)
(	3863	,	23	,	13	)
(	3864	,	24	,	13	)
(	3865	,	1	,	1	)
(	3866	,	2	,	1	)
(	3867	,	3	,	1	)
(	3868	,	4	,	1	)
(	3869	,	5	,	1	)
(	3870	,	6	,	1	)
(	3871	,	7	,	1	)
(	3872	,	8	,	1	)
(	3873	,	9	,	1	)
(	3874	,	10	,	1	)
(	3875	,	11	,	1	)
(	3876	,	12	,	1	)
(	3877	,	13	,	1	)
(	3878	,	14	,	1	)
(	3879	,	15	,	1	)
(	3880	,	16	,	1	)
(	3881	,	17	,	1	)
(	3882	,	18	,	1	)
(	3883	,	19	,	1	)
(	3884	,	20	,	1	)
(	3885	,	21	,	1	)
(	3886	,	22	,	1	)
(	3887	,	23	,	1	)
(	3888	,	24	,	1	)
(	3889	,	1	,	8	)
(	3890	,	2	,	8	)
(	3891	,	3	,	8	)
(	3892	,	4	,	8	)
(	3893	,	5	,	8	)
(	3894	,	6	,	8	)
(	3895	,	7	,	8	)
(	3896	,	8	,	8	)
(	3897	,	9	,	8	)
(	3898	,	10	,	8	)
(	3899	,	11	,	8	)
(	3900	,	12	,	8	)
(	3901	,	13	,	8	)
(	3902	,	14	,	8	)
(	3903	,	15	,	8	)
(	3904	,	16	,	8	)
(	3905	,	17	,	8	)
(	3906	,	18	,	8	)
(	3907	,	19	,	8	)
(	3908	,	20	,	8	)
(	3909	,	21	,	8	)
(	3910	,	22	,	8	)
(	3911	,	23	,	8	)
(	3912	,	24	,	8	)
(	3913	,	1	,	8	)
(	3914	,	2	,	8	)
(	3915	,	3	,	8	)
(	3916	,	4	,	8	)
(	3917	,	5	,	8	)
(	3918	,	6	,	8	)
(	3919	,	7	,	8	)
(	3920	,	8	,	8	)
(	3921	,	9	,	8	)
(	3922	,	10	,	8	)
(	3923	,	11	,	8	)
(	3924	,	12	,	8	)
(	3925	,	13	,	8	)
(	3926	,	14	,	8	)
(	3927	,	15	,	8	)
(	3928	,	16	,	8	)
(	3929	,	17	,	8	)
(	3930	,	18	,	8	)
(	3931	,	19	,	8	)
(	3932	,	20	,	8	)
(	3933	,	21	,	8	)
(	3934	,	22	,	8	)
(	3935	,	23	,	8	)
(	3936	,	24	,	8	)
(	3937	,	1	,	8	)
(	3938	,	2	,	8	)
(	3939	,	3	,	8	)
(	3940	,	4	,	8	)
(	3941	,	5	,	8	)
(	3942	,	6	,	8	)
(	3943	,	7	,	8	)
(	3944	,	8	,	8	)
(	3945	,	9	,	8	)
(	3946	,	10	,	8	)
(	3947	,	11	,	8	)
(	3948	,	12	,	8	)
(	3949	,	13	,	8	)
(	3950	,	14	,	8	)
(	3951	,	15	,	8	)
(	3952	,	16	,	8	)
(	3953	,	17	,	8	)
(	3954	,	18	,	8	)
(	3955	,	19	,	8	)
(	3956	,	20	,	8	)
(	3957	,	21	,	8	)
(	3958	,	22	,	8	)
(	3959	,	23	,	8	)
(	3960	,	24	,	8	)
(	3961	,	1	,	7	)
(	3962	,	2	,	7	)
(	3963	,	3	,	7	)
(	3964	,	4	,	7	)
(	3965	,	5	,	7	)
(	3966	,	6	,	7	)
(	3967	,	7	,	7	)
(	3968	,	8	,	7	)
(	3969	,	9	,	7	)
(	3970	,	10	,	7	)
(	3971	,	11	,	7	)
(	3972	,	12	,	7	)
(	3973	,	13	,	7	)
(	3974	,	14	,	7	)
(	3975	,	15	,	7	)
(	3976	,	16	,	7	)
(	3977	,	17	,	7	)
(	3978	,	18	,	7	)
(	3979	,	19	,	7	)
(	3980	,	20	,	7	)
(	3981	,	21	,	7	)
(	3982	,	22	,	7	)
(	3983	,	23	,	7	)
(	3984	,	24	,	7	)
(	3985	,	1	,	6	)
(	3986	,	2	,	6	)
(	3987	,	3	,	6	)
(	3988	,	4	,	6	)
(	3989	,	5	,	6	)
(	3990	,	6	,	6	)
(	3991	,	7	,	6	)
(	3992	,	8	,	6	)
(	3993	,	9	,	6	)
(	3994	,	10	,	6	)
(	3995	,	11	,	6	)
(	3996	,	12	,	6	)
(	3997	,	13	,	6	)
(	3998	,	14	,	6	)
(	3999	,	15	,	6	)
(	4000	,	16	,	6	)
(	4001	,	17	,	6	)
(	4002	,	18	,	6	)
(	4003	,	19	,	6	)
(	4004	,	20	,	6	)
(	4005	,	21	,	6	)
(	4006	,	22	,	6	)
(	4007	,	23	,	6	)
(	4008	,	24	,	6	)
(	4009	,	1	,	1	)
(	4010	,	2	,	1	)
(	4011	,	3	,	1	)
(	4012	,	4	,	1	)
(	4013	,	5	,	1	)
(	4014	,	6	,	1	)
(	4015	,	7	,	1	)
(	4016	,	8	,	1	)
(	4017	,	9	,	1	)
(	4018	,	10	,	1	)
(	4019	,	11	,	1	)
(	4020	,	12	,	1	)
(	4021	,	13	,	1	)
(	4022	,	14	,	1	)
(	4023	,	15	,	1	)
(	4024	,	16	,	1	)
(	4025	,	17	,	1	)
(	4026	,	18	,	1	)
(	4027	,	19	,	1	)
(	4028	,	20	,	1	)
(	4029	,	21	,	1	)
(	4030	,	22	,	1	)
(	4031	,	23	,	1	)
(	4032	,	24	,	1	)
(	4033	,	1	,	8	)
(	4034	,	2	,	8	)
(	4035	,	3	,	8	)
(	4036	,	4	,	8	)
(	4037	,	5	,	8	)
(	4038	,	6	,	8	)
(	4039	,	7	,	8	)
(	4040	,	8	,	8	)
(	4041	,	9	,	8	)
(	4042	,	10	,	8	)
(	4043	,	11	,	8	)
(	4044	,	12	,	8	)
(	4045	,	13	,	8	)
(	4046	,	14	,	8	)
(	4047	,	15	,	8	)
(	4048	,	16	,	8	)
(	4049	,	17	,	8	)
(	4050	,	18	,	8	)
(	4051	,	19	,	8	)
(	4052	,	20	,	8	)
(	4053	,	21	,	8	)
(	4054	,	22	,	8	)
(	4055	,	23	,	8	)
(	4056	,	24	,	8	)
(	4057	,	1	,	8	)
(	4058	,	2	,	8	)
(	4059	,	3	,	8	)
(	4060	,	4	,	8	)
(	4061	,	5	,	8	)
(	4062	,	6	,	8	)
(	4063	,	7	,	8	)
(	4064	,	8	,	8	)
(	4065	,	9	,	8	)
(	4066	,	10	,	8	)
(	4067	,	11	,	8	)
(	4068	,	12	,	8	)
(	4069	,	13	,	8	)
(	4070	,	14	,	8	)
(	4071	,	15	,	8	)
(	4072	,	16	,	8	)
(	4073	,	17	,	8	)
(	4074	,	18	,	8	)
(	4075	,	19	,	8	)
(	4076	,	20	,	8	)
(	4077	,	21	,	8	)
(	4078	,	22	,	8	)
(	4079	,	23	,	8	)
(	4080	,	24	,	8	)
(	4081	,	1	,	8	)
(	4082	,	2	,	8	)
(	4083	,	3	,	8	)
(	4084	,	4	,	8	)
(	4085	,	5	,	8	)
(	4086	,	6	,	8	)
(	4087	,	7	,	8	)
(	4088	,	8	,	8	)
(	4089	,	9	,	8	)
(	4090	,	10	,	8	)
(	4091	,	11	,	8	)
(	4092	,	12	,	8	)
(	4093	,	13	,	8	)
(	4094	,	14	,	8	)
(	4095	,	15	,	8	)
(	4096	,	16	,	8	)
(	4097	,	17	,	8	)
(	4098	,	18	,	8	)
(	4099	,	19	,	8	)
(	4100	,	20	,	8	)
(	4101	,	21	,	8	)
(	4102	,	22	,	8	)
(	4103	,	23	,	8	)
(	4104	,	24	,	8	)
(	4105	,	1	,	8	)
(	4106	,	2	,	8	)
(	4107	,	3	,	8	)
(	4108	,	4	,	8	)
(	4109	,	5	,	8	)
(	4110	,	6	,	8	)
(	4111	,	7	,	8	)
(	4112	,	8	,	8	)
(	4113	,	9	,	8	)
(	4114	,	10	,	8	)
(	4115	,	11	,	8	)
(	4116	,	12	,	8	)
(	4117	,	13	,	8	)
(	4118	,	14	,	8	)
(	4119	,	15	,	8	)
(	4120	,	16	,	8	)
(	4121	,	17	,	8	)
(	4122	,	18	,	8	)
(	4123	,	19	,	8	)
(	4124	,	20	,	8	)
(	4125	,	21	,	8	)
(	4126	,	22	,	8	)
(	4127	,	23	,	8	)
(	4128	,	24	,	8	)
(	4129	,	1	,	9	)
(	4130	,	2	,	9	)
(	4131	,	3	,	9	)
(	4132	,	4	,	9	)
(	4133	,	5	,	9	)
(	4134	,	6	,	9	)
(	4135	,	7	,	9	)
(	4136	,	8	,	9	)
(	4137	,	9	,	9	)
(	4138	,	10	,	9	)
(	4139	,	11	,	9	)
(	4140	,	12	,	9	)
(	4141	,	13	,	9	)
(	4142	,	14	,	9	)
(	4143	,	15	,	9	)
(	4144	,	16	,	9	)
(	4145	,	17	,	9	)
(	4146	,	18	,	9	)
(	4147	,	19	,	9	)
(	4148	,	20	,	9	)
(	4149	,	21	,	9	)
(	4150	,	22	,	9	)
(	4151	,	23	,	9	)
(	4152	,	24	,	9	)
(	4153	,	1	,	9	)
(	4154	,	2	,	9	)
(	4155	,	3	,	9	)
(	4156	,	4	,	9	)
(	4157	,	5	,	9	)
(	4158	,	6	,	9	)
(	4159	,	7	,	9	)
(	4160	,	8	,	9	)
(	4161	,	9	,	9	)
(	4162	,	10	,	9	)
(	4163	,	11	,	9	)
(	4164	,	12	,	9	)
(	4165	,	13	,	9	)
(	4166	,	14	,	9	)
(	4167	,	15	,	9	)
(	4168	,	16	,	9	)
(	4169	,	17	,	9	)
(	4170	,	18	,	9	)
(	4171	,	19	,	9	)
(	4172	,	20	,	9	)
(	4173	,	21	,	9	)
(	4174	,	22	,	9	)
(	4175	,	23	,	9	)
(	4176	,	24	,	9	)
(	4177	,	1	,	1	)
(	4178	,	2	,	1	)
(	4179	,	3	,	1	)
(	4180	,	4	,	1	)
(	4181	,	5	,	1	)
(	4182	,	6	,	1	)
(	4183	,	7	,	1	)
(	4184	,	8	,	1	)
(	4185	,	9	,	1	)
(	4186	,	10	,	1	)
(	4187	,	11	,	1	)
(	4188	,	12	,	1	)
(	4189	,	13	,	1	)
(	4190	,	14	,	1	)
(	4191	,	15	,	1	)
(	4192	,	16	,	1	)
(	4193	,	17	,	1	)
(	4194	,	18	,	1	)
(	4195	,	19	,	1	)
(	4196	,	20	,	1	)
(	4197	,	21	,	1	)
(	4198	,	22	,	1	)
(	4199	,	23	,	1	)
(	4200	,	24	,	1	)
(	4201	,	1	,	8	)
(	4202	,	2	,	8	)
(	4203	,	3	,	8	)
(	4204	,	4	,	8	)
(	4205	,	5	,	8	)
(	4206	,	6	,	8	)
(	4207	,	7	,	8	)
(	4208	,	8	,	8	)
(	4209	,	9	,	8	)
(	4210	,	10	,	8	)
(	4211	,	11	,	8	)
(	4212	,	12	,	8	)
(	4213	,	13	,	8	)
(	4214	,	14	,	8	)
(	4215	,	15	,	8	)
(	4216	,	16	,	8	)
(	4217	,	17	,	8	)
(	4218	,	18	,	8	)
(	4219	,	19	,	8	)
(	4220	,	20	,	8	)
(	4221	,	21	,	8	)
(	4222	,	22	,	8	)
(	4223	,	23	,	8	)
(	4224	,	24	,	8	)
(	4225	,	1	,	8	)
(	4226	,	2	,	8	)
(	4227	,	3	,	8	)
(	4228	,	4	,	8	)
(	4229	,	5	,	8	)
(	4230	,	6	,	8	)
(	4231	,	7	,	8	)
(	4232	,	8	,	8	)
(	4233	,	9	,	8	)
(	4234	,	10	,	8	)
(	4235	,	11	,	8	)
(	4236	,	12	,	8	)
(	4237	,	13	,	8	)
(	4238	,	14	,	8	)
(	4239	,	15	,	8	)
(	4240	,	16	,	8	)
(	4241	,	17	,	8	)
(	4242	,	18	,	8	)
(	4243	,	19	,	8	)
(	4244	,	20	,	8	)
(	4245	,	21	,	8	)
(	4246	,	22	,	8	)
(	4247	,	23	,	8	)
(	4248	,	24	,	8	)
(	4249	,	1	,	8	)
(	4250	,	2	,	8	)
(	4251	,	3	,	8	)
(	4252	,	4	,	8	)
(	4253	,	5	,	8	)
(	4254	,	6	,	8	)
(	4255	,	7	,	8	)
(	4256	,	8	,	8	)
(	4257	,	9	,	8	)
(	4258	,	10	,	8	)
(	4259	,	11	,	8	)
(	4260	,	12	,	8	)
(	4261	,	13	,	8	)
(	4262	,	14	,	8	)
(	4263	,	15	,	8	)
(	4264	,	16	,	8	)
(	4265	,	17	,	8	)
(	4266	,	18	,	8	)
(	4267	,	19	,	8	)
(	4268	,	20	,	8	)
(	4269	,	21	,	8	)
(	4270	,	22	,	8	)
(	4271	,	23	,	8	)
(	4272	,	24	,	8	)
(	4273	,	1	,	8	)
(	4274	,	2	,	8	)
(	4275	,	3	,	8	)
(	4276	,	4	,	8	)
(	4277	,	5	,	8	)
(	4278	,	6	,	8	)
(	4279	,	7	,	8	)
(	4280	,	8	,	8	)
(	4281	,	9	,	8	)
(	4282	,	10	,	8	)
(	4283	,	11	,	8	)
(	4284	,	12	,	8	)
(	4285	,	13	,	8	)
(	4286	,	14	,	8	)
(	4287	,	15	,	8	)
(	4288	,	16	,	8	)
(	4289	,	17	,	8	)
(	4290	,	18	,	8	)
(	4291	,	19	,	8	)
(	4292	,	20	,	8	)
(	4293	,	21	,	8	)
(	4294	,	22	,	8	)
(	4295	,	23	,	8	)
(	4296	,	24	,	8	)
(	4297	,	1	,	7	)
(	4298	,	2	,	7	)
(	4299	,	3	,	7	)
(	4300	,	4	,	7	)
(	4301	,	5	,	7	)
(	4302	,	6	,	7	)
(	4303	,	7	,	7	)
(	4304	,	8	,	7	)
(	4305	,	9	,	7	)
(	4306	,	10	,	7	)
(	4307	,	11	,	7	)
(	4308	,	12	,	7	)
(	4309	,	13	,	7	)
(	4310	,	14	,	7	)
(	4311	,	15	,	7	)
(	4312	,	16	,	7	)
(	4313	,	17	,	7	)
(	4314	,	18	,	7	)
(	4315	,	19	,	7	)
(	4316	,	20	,	7	)
(	4317	,	21	,	7	)
(	4318	,	22	,	7	)
(	4319	,	23	,	7	)
(	4320	,	24	,	7	)
(	4321	,	1	,	7	)
(	4322	,	2	,	7	)
(	4323	,	3	,	7	)
(	4324	,	4	,	7	)
(	4325	,	5	,	7	)
(	4326	,	6	,	7	)
(	4327	,	7	,	7	)
(	4328	,	8	,	7	)
(	4329	,	9	,	7	)
(	4330	,	10	,	7	)
(	4331	,	11	,	7	)
(	4332	,	12	,	7	)
(	4333	,	13	,	7	)
(	4334	,	14	,	7	)
(	4335	,	15	,	7	)
(	4336	,	16	,	7	)
(	4337	,	17	,	7	)
(	4338	,	18	,	7	)
(	4339	,	19	,	7	)
(	4340	,	20	,	7	)
(	4341	,	21	,	7	)
(	4342	,	22	,	7	)
(	4343	,	23	,	7	)
(	4344	,	24	,	7	)
(	4345	,	1	,	8	)
(	4346	,	2	,	8	)
(	4347	,	3	,	8	)
(	4348	,	4	,	8	)
(	4349	,	5	,	8	)
(	4350	,	6	,	8	)
(	4351	,	7	,	8	)
(	4352	,	8	,	8	)
(	4353	,	9	,	8	)
(	4354	,	10	,	8	)
(	4355	,	11	,	8	)
(	4356	,	12	,	8	)
(	4357	,	13	,	8	)
(	4358	,	14	,	8	)
(	4359	,	15	,	8	)
(	4360	,	16	,	8	)
(	4361	,	17	,	8	)
(	4362	,	18	,	8	)
(	4363	,	19	,	8	)
(	4364	,	20	,	8	)
(	4365	,	21	,	8	)
(	4366	,	22	,	8	)
(	4367	,	23	,	8	)
(	4368	,	24	,	8	)
(	4369	,	1	,	11	)
(	4370	,	2	,	11	)
(	4371	,	3	,	11	)
(	4372	,	4	,	11	)
(	4373	,	5	,	11	)
(	4374	,	6	,	11	)
(	4375	,	7	,	11	)
(	4376	,	8	,	11	)
(	4377	,	9	,	11	)
(	4378	,	10	,	11	)
(	4379	,	11	,	11	)
(	4380	,	12	,	11	)
(	4381	,	13	,	11	)
(	4382	,	14	,	11	)
(	4383	,	15	,	11	)
(	4384	,	16	,	11	)
(	4385	,	17	,	11	)
(	4386	,	18	,	11	)
(	4387	,	19	,	11	)
(	4388	,	20	,	11	)
(	4389	,	21	,	11	)
(	4390	,	22	,	11	)
(	4391	,	23	,	11	)
(	4392	,	24	,	11	)
(	4393	,	1	,	9	)
(	4394	,	2	,	9	)
(	4395	,	3	,	9	)
(	4396	,	4	,	9	)
(	4397	,	5	,	9	)
(	4398	,	6	,	9	)
(	4399	,	7	,	9	)
(	4400	,	8	,	9	)
(	4401	,	9	,	9	)
(	4402	,	10	,	9	)
(	4403	,	11	,	9	)
(	4404	,	12	,	9	)
(	4405	,	13	,	9	)
(	4406	,	14	,	9	)
(	4407	,	15	,	9	)
(	4408	,	16	,	9	)
(	4409	,	17	,	9	)
(	4410	,	18	,	9	)
(	4411	,	19	,	9	)
(	4412	,	20	,	9	)
(	4413	,	21	,	9	)
(	4414	,	22	,	9	)
(	4415	,	23	,	9	)
(	4416	,	24	,	9	)
(	4417	,	1	,	9	)
(	4418	,	2	,	9	)
(	4419	,	3	,	9	)
(	4420	,	4	,	9	)
(	4421	,	5	,	9	)
(	4422	,	6	,	9	)
(	4423	,	7	,	9	)
(	4424	,	8	,	9	)
(	4425	,	9	,	9	)
(	4426	,	10	,	9	)
(	4427	,	11	,	9	)
(	4428	,	12	,	9	)
(	4429	,	13	,	9	)
(	4430	,	14	,	9	)
(	4431	,	15	,	9	)
(	4432	,	16	,	9	)
(	4433	,	17	,	9	)
(	4434	,	18	,	9	)
(	4435	,	19	,	9	)
(	4436	,	20	,	9	)
(	4437	,	21	,	9	)
(	4438	,	22	,	9	)
(	4439	,	23	,	9	)
(	4440	,	24	,	9	)
(	4441	,	1	,	11	)
(	4442	,	2	,	11	)
(	4443	,	3	,	11	)
(	4444	,	4	,	11	)
(	4445	,	5	,	11	)
(	4446	,	6	,	11	)
(	4447	,	7	,	11	)
(	4448	,	8	,	11	)
(	4449	,	9	,	11	)
(	4450	,	10	,	11	)
(	4451	,	11	,	11	)
(	4452	,	12	,	11	)
(	4453	,	13	,	11	)
(	4454	,	14	,	11	)
(	4455	,	15	,	11	)
(	4456	,	16	,	11	)
(	4457	,	17	,	11	)
(	4458	,	18	,	11	)
(	4459	,	19	,	11	)
(	4460	,	20	,	11	)
(	4461	,	21	,	11	)
(	4462	,	22	,	11	)
(	4463	,	23	,	11	)
(	4464	,	24	,	11	)
(	4465	,	1	,	9	)
(	4466	,	2	,	9	)
(	4467	,	3	,	9	)
(	4468	,	4	,	9	)
(	4469	,	5	,	9	)
(	4470	,	6	,	9	)
(	4471	,	7	,	9	)
(	4472	,	8	,	9	)
(	4473	,	9	,	9	)
(	4474	,	10	,	9	)
(	4475	,	11	,	9	)
(	4476	,	12	,	9	)
(	4477	,	13	,	9	)
(	4478	,	14	,	9	)
(	4479	,	15	,	9	)
(	4480	,	16	,	9	)
(	4481	,	17	,	9	)
(	4482	,	18	,	9	)
(	4483	,	19	,	9	)
(	4484	,	20	,	9	)
(	4485	,	21	,	9	)
(	4486	,	22	,	9	)
(	4487	,	23	,	9	)
(	4488	,	24	,	9	)
(	4489	,	1	,	9	)
(	4490	,	2	,	9	)
(	4491	,	3	,	9	)
(	4492	,	4	,	9	)
(	4493	,	5	,	9	)
(	4494	,	6	,	9	)
(	4495	,	7	,	9	)
(	4496	,	8	,	9	)
(	4497	,	9	,	9	)
(	4498	,	10	,	9	)
(	4499	,	11	,	9	)
(	4500	,	12	,	9	)
(	4501	,	13	,	9	)
(	4502	,	14	,	9	)
(	4503	,	15	,	9	)
(	4504	,	16	,	9	)
(	4505	,	17	,	9	)
(	4506	,	18	,	9	)
(	4507	,	19	,	9	)
(	4508	,	20	,	9	)
(	4509	,	21	,	9	)
(	4510	,	22	,	9	)
(	4511	,	23	,	9	)
(	4512	,	24	,	9	)
(	4513	,	1	,	11	)
(	4514	,	2	,	11	)
(	4515	,	3	,	11	)
(	4516	,	4	,	11	)
(	4517	,	5	,	11	)
(	4518	,	6	,	11	)
(	4519	,	7	,	11	)
(	4520	,	8	,	11	)
(	4521	,	9	,	11	)
(	4522	,	10	,	11	)
(	4523	,	11	,	11	)
(	4524	,	12	,	11	)
(	4525	,	13	,	11	)
(	4526	,	14	,	11	)
(	4527	,	15	,	11	)
(	4528	,	16	,	11	)
(	4529	,	17	,	11	)
(	4530	,	18	,	11	)
(	4531	,	19	,	11	)
(	4532	,	20	,	11	)
(	4533	,	21	,	11	)
(	4534	,	22	,	11	)
(	4535	,	23	,	11	)
(	4536	,	24	,	11	)
(	4537	,	1	,	9	)
(	4538	,	2	,	9	)
(	4539	,	3	,	9	)
(	4540	,	4	,	9	)
(	4541	,	5	,	9	)
(	4542	,	6	,	9	)
(	4543	,	7	,	9	)
(	4544	,	8	,	9	)
(	4545	,	9	,	9	)
(	4546	,	10	,	9	)
(	4547	,	11	,	9	)
(	4548	,	12	,	9	)
(	4549	,	13	,	9	)
(	4550	,	14	,	9	)
(	4551	,	15	,	9	)
(	4552	,	16	,	9	)
(	4553	,	17	,	9	)
(	4554	,	18	,	9	)
(	4555	,	19	,	9	)
(	4556	,	20	,	9	)
(	4557	,	21	,	9	)
(	4558	,	22	,	9	)
(	4559	,	23	,	9	)
(	4560	,	24	,	9	)
(	4561	,	1	,	9	)
(	4562	,	2	,	9	)
(	4563	,	3	,	9	)
(	4564	,	4	,	9	)
(	4565	,	5	,	9	)
(	4566	,	6	,	9	)
(	4567	,	7	,	9	)
(	4568	,	8	,	9	)
(	4569	,	9	,	9	)
(	4570	,	10	,	9	)
(	4571	,	11	,	9	)
(	4572	,	12	,	9	)
(	4573	,	13	,	9	)
(	4574	,	14	,	9	)
(	4575	,	15	,	9	)
(	4576	,	16	,	9	)
(	4577	,	17	,	9	)
(	4578	,	18	,	9	)
(	4579	,	19	,	9	)
(	4580	,	20	,	9	)
(	4581	,	21	,	9	)
(	4582	,	22	,	9	)
(	4583	,	23	,	9	)
(	4584	,	24	,	9	)
(	4585	,	1	,	11	)
(	4586	,	2	,	11	)
(	4587	,	3	,	11	)
(	4588	,	4	,	11	)
(	4589	,	5	,	11	)
(	4590	,	6	,	11	)
(	4591	,	7	,	11	)
(	4592	,	8	,	11	)
(	4593	,	9	,	11	)
(	4594	,	10	,	11	)
(	4595	,	11	,	11	)
(	4596	,	12	,	11	)
(	4597	,	13	,	11	)
(	4598	,	14	,	11	)
(	4599	,	15	,	11	)
(	4600	,	16	,	11	)
(	4601	,	17	,	11	)
(	4602	,	18	,	11	)
(	4603	,	19	,	11	)
(	4604	,	20	,	11	)
(	4605	,	21	,	11	)
(	4606	,	22	,	11	)
(	4607	,	23	,	11	)
(	4608	,	24	,	11	)
(	4609	,	1	,	9	)
(	4610	,	2	,	9	)
(	4611	,	3	,	9	)
(	4612	,	4	,	9	)
(	4613	,	5	,	9	)
(	4614	,	6	,	9	)
(	4615	,	7	,	9	)
(	4616	,	8	,	9	)
(	4617	,	9	,	9	)
(	4618	,	10	,	9	)
(	4619	,	11	,	9	)
(	4620	,	12	,	9	)
(	4621	,	13	,	9	)
(	4622	,	14	,	9	)
(	4623	,	15	,	9	)
(	4624	,	16	,	9	)
(	4625	,	17	,	9	)
(	4626	,	18	,	9	)
(	4627	,	19	,	9	)
(	4628	,	20	,	9	)
(	4629	,	21	,	9	)
(	4630	,	22	,	9	)
(	4631	,	23	,	9	)
(	4632	,	24	,	9	)
(	4633	,	1	,	9	)
(	4634	,	2	,	9	)
(	4635	,	3	,	9	)
(	4636	,	4	,	9	)
(	4637	,	5	,	9	)
(	4638	,	6	,	9	)
(	4639	,	7	,	9	)
(	4640	,	8	,	9	)
(	4641	,	9	,	9	)
(	4642	,	10	,	9	)
(	4643	,	11	,	9	)
(	4644	,	12	,	9	)
(	4645	,	13	,	9	)
(	4646	,	14	,	9	)
(	4647	,	15	,	9	)
(	4648	,	16	,	9	)
(	4649	,	17	,	9	)
(	4650	,	18	,	9	)
(	4651	,	19	,	9	)
(	4652	,	20	,	9	)
(	4653	,	21	,	9	)
(	4654	,	22	,	9	)
(	4655	,	23	,	9	)
(	4656	,	24	,	9	)
(	4657	,	1	,	9	)
(	4658	,	2	,	9	)
(	4659	,	3	,	9	)
(	4660	,	4	,	9	)
(	4661	,	5	,	9	)
(	4662	,	6	,	9	)
(	4663	,	7	,	9	)
(	4664	,	8	,	9	)
(	4665	,	9	,	9	)
(	4666	,	10	,	9	)
(	4667	,	11	,	9	)
(	4668	,	12	,	9	)
(	4669	,	13	,	9	)
(	4670	,	14	,	9	)
(	4671	,	15	,	9	)
(	4672	,	16	,	9	)
(	4673	,	17	,	9	)
(	4674	,	18	,	9	)
(	4675	,	19	,	9	)
(	4676	,	20	,	9	)
(	4677	,	21	,	9	)
(	4678	,	22	,	9	)
(	4679	,	23	,	9	)
(	4680	,	24	,	9	)
(	4681	,	1	,	9	)
(	4682	,	2	,	9	)
(	4683	,	3	,	9	)
(	4684	,	4	,	9	)
(	4685	,	5	,	9	)
(	4686	,	6	,	9	)
(	4687	,	7	,	9	)
(	4688	,	8	,	9	)
(	4689	,	9	,	9	)
(	4690	,	10	,	9	)
(	4691	,	11	,	9	)
(	4692	,	12	,	9	)
(	4693	,	13	,	9	)
(	4694	,	14	,	9	)
(	4695	,	15	,	9	)
(	4696	,	16	,	9	)
(	4697	,	17	,	9	)
(	4698	,	18	,	9	)
(	4699	,	19	,	9	)
(	4700	,	20	,	9	)
(	4701	,	21	,	9	)
(	4702	,	22	,	9	)
(	4703	,	23	,	9	)
(	4704	,	24	,	9	)
(	4705	,	1	,	9	)
(	4706	,	2	,	9	)
(	4707	,	3	,	9	)
(	4708	,	4	,	9	)
(	4709	,	5	,	9	)
(	4710	,	6	,	9	)
(	4711	,	7	,	9	)
(	4712	,	8	,	9	)
(	4713	,	9	,	9	)
(	4714	,	10	,	9	)
(	4715	,	11	,	9	)
(	4716	,	12	,	9	)
(	4717	,	13	,	9	)
(	4718	,	14	,	9	)
(	4719	,	15	,	9	)
(	4720	,	16	,	9	)
(	4721	,	17	,	9	)
(	4722	,	18	,	9	)
(	4723	,	19	,	9	)
(	4724	,	20	,	9	)
(	4725	,	21	,	9	)
(	4726	,	22	,	9	)
(	4727	,	23	,	9	)
(	4728	,	24	,	9	)
(	4729	,	1	,	11	)
(	4730	,	2	,	11	)
(	4731	,	3	,	11	)
(	4732	,	4	,	11	)
(	4733	,	5	,	11	)
(	4734	,	6	,	11	)
(	4735	,	7	,	11	)
(	4736	,	8	,	11	)
(	4737	,	9	,	11	)
(	4738	,	10	,	11	)
(	4739	,	11	,	11	)
(	4740	,	12	,	11	)
(	4741	,	13	,	11	)
(	4742	,	14	,	11	)
(	4743	,	15	,	11	)
(	4744	,	16	,	11	)
(	4745	,	17	,	11	)
(	4746	,	18	,	11	)
(	4747	,	19	,	11	)
(	4748	,	20	,	11	)
(	4749	,	21	,	11	)
(	4750	,	22	,	11	)
(	4751	,	23	,	11	)
(	4752	,	24	,	11	)
(	4753	,	1	,	11	)
(	4754	,	2	,	11	)
(	4755	,	3	,	11	)
(	4756	,	4	,	11	)
(	4757	,	5	,	11	)
(	4758	,	6	,	11	)
(	4759	,	7	,	11	)
(	4760	,	8	,	11	)
(	4761	,	9	,	11	)
(	4762	,	10	,	11	)
(	4763	,	11	,	11	)
(	4764	,	12	,	11	)
(	4765	,	13	,	11	)
(	4766	,	14	,	11	)
(	4767	,	15	,	11	)
(	4768	,	16	,	11	)
(	4769	,	17	,	11	)
(	4770	,	18	,	11	)
(	4771	,	19	,	11	)
(	4772	,	20	,	11	)
(	4773	,	21	,	11	)
(	4774	,	22	,	11	)
(	4775	,	23	,	11	)
(	4776	,	24	,	11	)
(	4777	,	1	,	9	)
(	4778	,	2	,	9	)
(	4779	,	3	,	9	)
(	4780	,	4	,	9	)
(	4781	,	5	,	9	)
(	4782	,	6	,	9	)
(	4783	,	7	,	9	)
(	4784	,	8	,	9	)
(	4785	,	9	,	9	)
(	4786	,	10	,	9	)
(	4787	,	11	,	9	)
(	4788	,	12	,	9	)
(	4789	,	13	,	9	)
(	4790	,	14	,	9	)
(	4791	,	15	,	9	)
(	4792	,	16	,	9	)
(	4793	,	17	,	9	)
(	4794	,	18	,	9	)
(	4795	,	19	,	9	)
(	4796	,	20	,	9	)
(	4797	,	21	,	9	)
(	4798	,	22	,	9	)
(	4799	,	23	,	9	)
(	4800	,	24	,	9	)
(	4801	,	1	,	9	)
(	4802	,	2	,	9	)
(	4803	,	3	,	9	)
(	4804	,	4	,	9	)
(	4805	,	5	,	9	)
(	4806	,	6	,	9	)
(	4807	,	7	,	9	)
(	4808	,	8	,	9	)
(	4809	,	9	,	9	)
(	4810	,	10	,	9	)
(	4811	,	11	,	9	)
(	4812	,	12	,	9	)
(	4813	,	13	,	9	)
(	4814	,	14	,	9	)
(	4815	,	15	,	9	)
(	4816	,	16	,	9	)
(	4817	,	17	,	9	)
(	4818	,	18	,	9	)
(	4819	,	19	,	9	)
(	4820	,	20	,	9	)
(	4821	,	21	,	9	)
(	4822	,	22	,	9	)
(	4823	,	23	,	9	)
(	4824	,	24	,	9	)
(	4825	,	1	,	9	)
(	4826	,	2	,	9	)
(	4827	,	3	,	9	)
(	4828	,	4	,	9	)
(	4829	,	5	,	9	)
(	4830	,	6	,	9	)
(	4831	,	7	,	9	)
(	4832	,	8	,	9	)
(	4833	,	9	,	9	)
(	4834	,	10	,	9	)
(	4835	,	11	,	9	)
(	4836	,	12	,	9	)
(	4837	,	13	,	9	)
(	4838	,	14	,	9	)
(	4839	,	15	,	9	)
(	4840	,	16	,	9	)
(	4841	,	17	,	9	)
(	4842	,	18	,	9	)
(	4843	,	19	,	9	)
(	4844	,	20	,	9	)
(	4845	,	21	,	9	)
(	4846	,	22	,	9	)
(	4847	,	23	,	9	)
(	4848	,	24	,	9	)
(	4849	,	1	,	9	)
(	4850	,	2	,	9	)
(	4851	,	3	,	9	)
(	4852	,	4	,	9	)
(	4853	,	5	,	9	)
(	4854	,	6	,	9	)
(	4855	,	7	,	9	)
(	4856	,	8	,	9	)
(	4857	,	9	,	9	)
(	4858	,	10	,	9	)
(	4859	,	11	,	9	)
(	4860	,	12	,	9	)
(	4861	,	13	,	9	)
(	4862	,	14	,	9	)
(	4863	,	15	,	9	)
(	4864	,	16	,	9	)
(	4865	,	17	,	9	)
(	4866	,	18	,	9	)
(	4867	,	19	,	9	)
(	4868	,	20	,	9	)
(	4869	,	21	,	9	)
(	4870	,	22	,	9	)
(	4871	,	23	,	9	)
(	4872	,	24	,	9	)
(	4873	,	1	,	9	)
(	4874	,	2	,	9	)
(	4875	,	3	,	9	)
(	4876	,	4	,	9	)
(	4877	,	5	,	9	)
(	4878	,	6	,	9	)
(	4879	,	7	,	9	)
(	4880	,	8	,	9	)
(	4881	,	9	,	9	)
(	4882	,	10	,	9	)
(	4883	,	11	,	9	)
(	4884	,	12	,	9	)
(	4885	,	13	,	9	)
(	4886	,	14	,	9	)
(	4887	,	15	,	9	)
(	4888	,	16	,	9	)
(	4889	,	17	,	9	)
(	4890	,	18	,	9	)
(	4891	,	19	,	9	)
(	4892	,	20	,	9	)
(	4893	,	21	,	9	)
(	4894	,	22	,	9	)
(	4895	,	23	,	9	)
(	4896	,	24	,	9	)
(	4897	,	1	,	9	)
(	4898	,	2	,	9	)
(	4899	,	3	,	9	)
(	4900	,	4	,	9	)
(	4901	,	5	,	9	)
(	4902	,	6	,	9	)
(	4903	,	7	,	9	)
(	4904	,	8	,	9	)
(	4905	,	9	,	9	)
(	4906	,	10	,	9	)
(	4907	,	11	,	9	)
(	4908	,	12	,	9	)
(	4909	,	13	,	9	)
(	4910	,	14	,	9	)
(	4911	,	15	,	9	)
(	4912	,	16	,	9	)
(	4913	,	17	,	9	)
(	4914	,	18	,	9	)
(	4915	,	19	,	9	)
(	4916	,	20	,	9	)
(	4917	,	21	,	9	)
(	4918	,	22	,	9	)
(	4919	,	23	,	9	)
(	4920	,	24	,	9	)
(	4921	,	1	,	9	)
(	4922	,	2	,	9	)
(	4923	,	3	,	9	)
(	4924	,	4	,	9	)
(	4925	,	5	,	9	)
(	4926	,	6	,	9	)
(	4927	,	7	,	9	)
(	4928	,	8	,	9	)
(	4929	,	9	,	9	)
(	4930	,	10	,	9	)
(	4931	,	11	,	9	)
(	4932	,	12	,	9	)
(	4933	,	13	,	9	)
(	4934	,	14	,	9	)
(	4935	,	15	,	9	)
(	4936	,	16	,	9	)
(	4937	,	17	,	9	)
(	4938	,	18	,	9	)
(	4939	,	19	,	9	)
(	4940	,	20	,	9	)
(	4941	,	21	,	9	)
(	4942	,	22	,	9	)
(	4943	,	23	,	9	)
(	4944	,	24	,	9	)
(	4945	,	1	,	9	)
(	4946	,	2	,	9	)
(	4947	,	3	,	9	)
(	4948	,	4	,	9	)
(	4949	,	5	,	9	)
(	4950	,	6	,	9	)
(	4951	,	7	,	9	)
(	4952	,	8	,	9	)
(	4953	,	9	,	9	)
(	4954	,	10	,	9	)
(	4955	,	11	,	9	)
(	4956	,	12	,	9	)
(	4957	,	13	,	9	)
(	4958	,	14	,	9	)
(	4959	,	15	,	9	)
(	4960	,	16	,	9	)
(	4961	,	17	,	9	)
(	4962	,	18	,	9	)
(	4963	,	19	,	9	)
(	4964	,	20	,	9	)
(	4965	,	21	,	9	)
(	4966	,	22	,	9	)
(	4967	,	23	,	9	)
(	4968	,	24	,	9	)
(	4969	,	1	,	10	)
(	4970	,	2	,	10	)
(	4971	,	3	,	10	)
(	4972	,	4	,	10	)
(	4973	,	5	,	10	)
(	4974	,	6	,	10	)
(	4975	,	7	,	10	)
(	4976	,	8	,	10	)
(	4977	,	9	,	10	)
(	4978	,	10	,	10	)
(	4979	,	11	,	10	)
(	4980	,	12	,	10	)
(	4981	,	13	,	10	)
(	4982	,	14	,	10	)
(	4983	,	15	,	10	)
(	4984	,	16	,	10	)
(	4985	,	17	,	10	)
(	4986	,	18	,	10	)
(	4987	,	19	,	10	)
(	4988	,	20	,	10	)
(	4989	,	21	,	10	)
(	4990	,	22	,	10	)
(	4991	,	23	,	10	)
(	4992	,	24	,	10	)
(	4993	,	1	,	10	)
(	4994	,	2	,	10	)
(	4995	,	3	,	10	)
(	4996	,	4	,	10	)
(	4997	,	5	,	10	)
(	4998	,	6	,	10	)
(	4999	,	7	,	10	)
(	5000	,	8	,	10	)
(	5001	,	9	,	10	)
(	5002	,	10	,	10	)
(	5003	,	11	,	10	)
(	5004	,	12	,	10	)
(	5005	,	13	,	10	)
(	5006	,	14	,	10	)
(	5007	,	15	,	10	)
(	5008	,	16	,	10	)
(	5009	,	17	,	10	)
(	5010	,	18	,	10	)
(	5011	,	19	,	10	)
(	5012	,	20	,	10	)
(	5013	,	21	,	10	)
(	5014	,	22	,	10	)
(	5015	,	23	,	10	)
(	5016	,	24	,	10	)
(	5017	,	1	,	13	)
(	5018	,	2	,	13	)
(	5019	,	3	,	13	)
(	5020	,	4	,	13	)
(	5021	,	5	,	13	)
(	5022	,	6	,	13	)
(	5023	,	7	,	13	)
(	5024	,	8	,	13	)
(	5025	,	9	,	13	)
(	5026	,	10	,	13	)
(	5027	,	11	,	13	)
(	5028	,	12	,	13	)
(	5029	,	13	,	13	)
(	5030	,	14	,	13	)
(	5031	,	15	,	13	)
(	5032	,	16	,	13	)
(	5033	,	17	,	13	)
(	5034	,	18	,	13	)
(	5035	,	19	,	13	)
(	5036	,	20	,	13	)
(	5037	,	21	,	13	)
(	5038	,	22	,	13	)
(	5039	,	23	,	13	)
(	5040	,	24	,	13	)
(	5041	,	1	,	11	)
(	5042	,	2	,	11	)
(	5043	,	3	,	11	)
(	5044	,	4	,	11	)
(	5045	,	5	,	11	)
(	5046	,	6	,	11	)
(	5047	,	7	,	11	)
(	5048	,	8	,	11	)
(	5049	,	9	,	11	)
(	5050	,	10	,	11	)
(	5051	,	11	,	11	)
(	5052	,	12	,	11	)
(	5053	,	13	,	11	)
(	5054	,	14	,	11	)
(	5055	,	15	,	11	)
(	5056	,	16	,	11	)
(	5057	,	17	,	11	)
(	5058	,	18	,	11	)
(	5059	,	19	,	11	)
(	5060	,	20	,	11	)
(	5061	,	21	,	11	)
(	5062	,	22	,	11	)
(	5063	,	23	,	11	)
(	5064	,	24	,	11	)
(	5065	,	1	,	9	)
(	5066	,	2	,	9	)
(	5067	,	3	,	9	)
(	5068	,	4	,	9	)
(	5069	,	5	,	9	)
(	5070	,	6	,	9	)
(	5071	,	7	,	9	)
(	5072	,	8	,	9	)
(	5073	,	9	,	9	)
(	5074	,	10	,	9	)
(	5075	,	11	,	9	)
(	5076	,	12	,	9	)
(	5077	,	13	,	9	)
(	5078	,	14	,	9	)
(	5079	,	15	,	9	)
(	5080	,	16	,	9	)
(	5081	,	17	,	9	)
(	5082	,	18	,	9	)
(	5083	,	19	,	9	)
(	5084	,	20	,	9	)
(	5085	,	21	,	9	)
(	5086	,	22	,	9	)
(	5087	,	23	,	9	)
(	5088	,	24	,	9	)
(	5089	,	1	,	9	)
(	5090	,	2	,	9	)
(	5091	,	3	,	9	)
(	5092	,	4	,	9	)
(	5093	,	5	,	9	)
(	5094	,	6	,	9	)
(	5095	,	7	,	9	)
(	5096	,	8	,	9	)
(	5097	,	9	,	9	)
(	5098	,	10	,	9	)
(	5099	,	11	,	9	)
(	5100	,	12	,	9	)
(	5101	,	13	,	9	)
(	5102	,	14	,	9	)
(	5103	,	15	,	9	)
(	5104	,	16	,	9	)
(	5105	,	17	,	9	)
(	5106	,	18	,	9	)
(	5107	,	19	,	9	)
(	5108	,	20	,	9	)
(	5109	,	21	,	9	)
(	5110	,	22	,	9	)
(	5111	,	23	,	9	)
(	5112	,	24	,	9	)
(	5113	,	1	,	15	)
(	5114	,	2	,	15	)
(	5115	,	3	,	15	)
(	5116	,	4	,	15	)
(	5117	,	5	,	15	)
(	5118	,	6	,	15	)
(	5119	,	7	,	15	)
(	5120	,	8	,	15	)
(	5121	,	9	,	15	)
(	5122	,	10	,	15	)
(	5123	,	11	,	15	)
(	5124	,	12	,	15	)
(	5125	,	13	,	15	)
(	5126	,	14	,	15	)
(	5127	,	15	,	15	)
(	5128	,	16	,	15	)
(	5129	,	17	,	15	)
(	5130	,	18	,	15	)
(	5131	,	19	,	15	)
(	5132	,	20	,	15	)
(	5133	,	21	,	15	)
(	5134	,	22	,	15	)
(	5135	,	23	,	15	)
(	5136	,	24	,	15	)
(	5137	,	1	,	11	)
(	5138	,	2	,	11	)
(	5139	,	3	,	11	)
(	5140	,	4	,	11	)
(	5141	,	5	,	11	)
(	5142	,	6	,	11	)
(	5143	,	7	,	11	)
(	5144	,	8	,	11	)
(	5145	,	9	,	11	)
(	5146	,	10	,	11	)
(	5147	,	11	,	11	)
(	5148	,	12	,	11	)
(	5149	,	13	,	11	)
(	5150	,	14	,	11	)
(	5151	,	15	,	11	)
(	5152	,	16	,	11	)
(	5153	,	17	,	11	)
(	5154	,	18	,	11	)
(	5155	,	19	,	11	)
(	5156	,	20	,	11	)
(	5157	,	21	,	11	)
(	5158	,	22	,	11	)
(	5159	,	23	,	11	)
(	5160	,	24	,	11	)
(	5161	,	1	,	9	)
(	5162	,	2	,	9	)
(	5163	,	3	,	9	)
(	5164	,	4	,	9	)
(	5165	,	5	,	9	)
(	5166	,	6	,	9	)
(	5167	,	7	,	9	)
(	5168	,	8	,	9	)
(	5169	,	9	,	9	)
(	5170	,	10	,	9	)
(	5171	,	11	,	9	)
(	5172	,	12	,	9	)
(	5173	,	13	,	9	)
(	5174	,	14	,	9	)
(	5175	,	15	,	9	)
(	5176	,	16	,	9	)
(	5177	,	17	,	9	)
(	5178	,	18	,	9	)
(	5179	,	19	,	9	)
(	5180	,	20	,	9	)
(	5181	,	21	,	9	)
(	5182	,	22	,	9	)
(	5183	,	23	,	9	)
(	5184	,	24	,	9	)
(	5185	,	1	,	10	)
(	5186	,	2	,	10	)
(	5187	,	3	,	10	)
(	5188	,	4	,	10	)
(	5189	,	5	,	10	)
(	5190	,	6	,	10	)
(	5191	,	7	,	10	)
(	5192	,	8	,	10	)
(	5193	,	9	,	10	)
(	5194	,	10	,	10	)
(	5195	,	11	,	10	)
(	5196	,	12	,	10	)
(	5197	,	13	,	10	)
(	5198	,	14	,	10	)
(	5199	,	15	,	10	)
(	5200	,	16	,	10	)
(	5201	,	17	,	10	)
(	5202	,	18	,	10	)
(	5203	,	19	,	10	)
(	5204	,	20	,	10	)
(	5205	,	21	,	10	)
(	5206	,	22	,	10	)
(	5207	,	23	,	10	)
(	5208	,	24	,	10	)
(	5209	,	1	,	9	)
(	5210	,	2	,	9	)
(	5211	,	3	,	9	)
(	5212	,	4	,	9	)
(	5213	,	5	,	9	)
(	5214	,	6	,	9	)
(	5215	,	7	,	9	)
(	5216	,	8	,	9	)
(	5217	,	9	,	9	)
(	5218	,	10	,	9	)
(	5219	,	11	,	9	)
(	5220	,	12	,	9	)
(	5221	,	13	,	9	)
(	5222	,	14	,	9	)
(	5223	,	15	,	9	)
(	5224	,	16	,	9	)
(	5225	,	17	,	9	)
(	5226	,	18	,	9	)
(	5227	,	19	,	9	)
(	5228	,	20	,	9	)
(	5229	,	21	,	9	)
(	5230	,	22	,	9	)
(	5231	,	23	,	9	)
(	5232	,	24	,	9	)
(	5233	,	1	,	9	)
(	5234	,	2	,	9	)
(	5235	,	3	,	9	)
(	5236	,	4	,	9	)
(	5237	,	5	,	9	)
(	5238	,	6	,	9	)
(	5239	,	7	,	9	)
(	5240	,	8	,	9	)
(	5241	,	9	,	9	)
(	5242	,	10	,	9	)
(	5243	,	11	,	9	)
(	5244	,	12	,	9	)
(	5245	,	13	,	9	)
(	5246	,	14	,	9	)
(	5247	,	15	,	9	)
(	5248	,	16	,	9	)
(	5249	,	17	,	9	)
(	5250	,	18	,	9	)
(	5251	,	19	,	9	)
(	5252	,	20	,	9	)
(	5253	,	21	,	9	)
(	5254	,	22	,	9	)
(	5255	,	23	,	9	)
(	5256	,	24	,	9	)
(	5257	,	1	,	10	)
(	5258	,	2	,	10	)
(	5259	,	3	,	10	)
(	5260	,	4	,	10	)
(	5261	,	5	,	10	)
(	5262	,	6	,	10	)
(	5263	,	7	,	10	)
(	5264	,	8	,	10	)
(	5265	,	9	,	10	)
(	5266	,	10	,	10	)
(	5267	,	11	,	10	)
(	5268	,	12	,	10	)
(	5269	,	13	,	10	)
(	5270	,	14	,	10	)
(	5271	,	15	,	10	)
(	5272	,	16	,	10	)
(	5273	,	17	,	10	)
(	5274	,	18	,	10	)
(	5275	,	19	,	10	)
(	5276	,	20	,	10	)
(	5277	,	21	,	10	)
(	5278	,	22	,	10	)
(	5279	,	23	,	10	)
(	5280	,	24	,	10	)
(	5281	,	1	,	11	)
(	5282	,	2	,	11	)
(	5283	,	3	,	11	)
(	5284	,	4	,	11	)
(	5285	,	5	,	11	)
(	5286	,	6	,	11	)
(	5287	,	7	,	11	)
(	5288	,	8	,	11	)
(	5289	,	9	,	11	)
(	5290	,	10	,	11	)
(	5291	,	11	,	11	)
(	5292	,	12	,	11	)
(	5293	,	13	,	11	)
(	5294	,	14	,	11	)
(	5295	,	15	,	11	)
(	5296	,	16	,	11	)
(	5297	,	17	,	11	)
(	5298	,	18	,	11	)
(	5299	,	19	,	11	)
(	5300	,	20	,	11	)
(	5301	,	21	,	11	)
(	5302	,	22	,	11	)
(	5303	,	23	,	11	)
(	5304	,	24	,	11	)
(	5305	,	1	,	9	)
(	5306	,	2	,	9	)
(	5307	,	3	,	9	)
(	5308	,	4	,	9	)
(	5309	,	5	,	9	)
(	5310	,	6	,	9	)
(	5311	,	7	,	9	)
(	5312	,	8	,	9	)
(	5313	,	9	,	9	)
(	5314	,	10	,	9	)
(	5315	,	11	,	9	)
(	5316	,	12	,	9	)
(	5317	,	13	,	9	)
(	5318	,	14	,	9	)
(	5319	,	15	,	9	)
(	5320	,	16	,	9	)
(	5321	,	17	,	9	)
(	5322	,	18	,	9	)
(	5323	,	19	,	9	)
(	5324	,	20	,	9	)
(	5325	,	21	,	9	)
(	5326	,	22	,	9	)
(	5327	,	23	,	9	)
(	5328	,	24	,	9	)
(	5329	,	1	,	11	)
(	5330	,	2	,	11	)
(	5331	,	3	,	11	)
(	5332	,	4	,	11	)
(	5333	,	5	,	11	)
(	5334	,	6	,	11	)
(	5335	,	7	,	11	)
(	5336	,	8	,	11	)
(	5337	,	9	,	11	)
(	5338	,	10	,	11	)
(	5339	,	11	,	11	)
(	5340	,	12	,	11	)
(	5341	,	13	,	11	)
(	5342	,	14	,	11	)
(	5343	,	15	,	11	)
(	5344	,	16	,	11	)
(	5345	,	17	,	11	)
(	5346	,	18	,	11	)
(	5347	,	19	,	11	)
(	5348	,	20	,	11	)
(	5349	,	21	,	11	)
(	5350	,	22	,	11	)
(	5351	,	23	,	11	)
(	5352	,	24	,	11	)
(	5353	,	1	,	9	)
(	5354	,	2	,	9	)
(	5355	,	3	,	9	)
(	5356	,	4	,	9	)
(	5357	,	5	,	9	)
(	5358	,	6	,	9	)
(	5359	,	7	,	9	)
(	5360	,	8	,	9	)
(	5361	,	9	,	9	)
(	5362	,	10	,	9	)
(	5363	,	11	,	9	)
(	5364	,	12	,	9	)
(	5365	,	13	,	9	)
(	5366	,	14	,	9	)
(	5367	,	15	,	9	)
(	5368	,	16	,	9	)
(	5369	,	17	,	9	)
(	5370	,	18	,	9	)
(	5371	,	19	,	9	)
(	5372	,	20	,	9	)
(	5373	,	21	,	9	)
(	5374	,	22	,	9	)
(	5375	,	23	,	9	)
(	5376	,	24	,	9	)
(	5377	,	1	,	11	)
(	5378	,	2	,	11	)
(	5379	,	3	,	11	)
(	5380	,	4	,	11	)
(	5381	,	5	,	11	)
(	5382	,	6	,	11	)
(	5383	,	7	,	11	)
(	5384	,	8	,	11	)
(	5385	,	9	,	11	)
(	5386	,	10	,	11	)
(	5387	,	11	,	11	)
(	5388	,	12	,	11	)
(	5389	,	13	,	11	)
(	5390	,	14	,	11	)
(	5391	,	15	,	11	)
(	5392	,	16	,	11	)
(	5393	,	17	,	11	)
(	5394	,	18	,	11	)
(	5395	,	19	,	11	)
(	5396	,	20	,	11	)
(	5397	,	21	,	11	)
(	5398	,	22	,	11	)
(	5399	,	23	,	11	)
(	5400	,	24	,	11	)
(	5401	,	1	,	11	)
(	5402	,	2	,	11	)
(	5403	,	3	,	11	)
(	5404	,	4	,	11	)
(	5405	,	5	,	11	)
(	5406	,	6	,	11	)
(	5407	,	7	,	11	)
(	5408	,	8	,	11	)
(	5409	,	9	,	11	)
(	5410	,	10	,	11	)
(	5411	,	11	,	11	)
(	5412	,	12	,	11	)
(	5413	,	13	,	11	)
(	5414	,	14	,	11	)
(	5415	,	15	,	11	)
(	5416	,	16	,	11	)
(	5417	,	17	,	11	)
(	5418	,	18	,	11	)
(	5419	,	19	,	11	)
(	5420	,	20	,	11	)
(	5421	,	21	,	11	)
(	5422	,	22	,	11	)
(	5423	,	23	,	11	)
(	5424	,	24	,	11	)
(	5425	,	1	,	9	)
(	5426	,	2	,	9	)
(	5427	,	3	,	9	)
(	5428	,	4	,	9	)
(	5429	,	5	,	9	)
(	5430	,	6	,	9	)
(	5431	,	7	,	9	)
(	5432	,	8	,	9	)
(	5433	,	9	,	9	)
(	5434	,	10	,	9	)
(	5435	,	11	,	9	)
(	5436	,	12	,	9	)
(	5437	,	13	,	9	)
(	5438	,	14	,	9	)
(	5439	,	15	,	9	)
(	5440	,	16	,	9	)
(	5441	,	17	,	9	)
(	5442	,	18	,	9	)
(	5443	,	19	,	9	)
(	5444	,	20	,	9	)
(	5445	,	21	,	9	)
(	5446	,	22	,	9	)
(	5447	,	23	,	9	)
(	5448	,	24	,	9	)
(	5449	,	1	,	11	)
(	5450	,	2	,	11	)
(	5451	,	3	,	11	)
(	5452	,	4	,	11	)
(	5453	,	5	,	11	)
(	5454	,	6	,	11	)
(	5455	,	7	,	11	)
(	5456	,	8	,	11	)
(	5457	,	9	,	11	)
(	5458	,	10	,	11	)
(	5459	,	11	,	11	)
(	5460	,	12	,	11	)
(	5461	,	13	,	11	)
(	5462	,	14	,	11	)
(	5463	,	15	,	11	)
(	5464	,	16	,	11	)
(	5465	,	17	,	11	)
(	5466	,	18	,	11	)
(	5467	,	19	,	11	)
(	5468	,	20	,	11	)
(	5469	,	21	,	11	)
(	5470	,	22	,	11	)
(	5471	,	23	,	11	)
(	5472	,	24	,	11	)
(	5473	,	1	,	11	)
(	5474	,	2	,	11	)
(	5475	,	3	,	11	)
(	5476	,	4	,	11	)
(	5477	,	5	,	11	)
(	5478	,	6	,	11	)
(	5479	,	7	,	11	)
(	5480	,	8	,	11	)
(	5481	,	9	,	11	)
(	5482	,	10	,	11	)
(	5483	,	11	,	11	)
(	5484	,	12	,	11	)
(	5485	,	13	,	11	)
(	5486	,	14	,	11	)
(	5487	,	15	,	11	)
(	5488	,	16	,	11	)
(	5489	,	17	,	11	)
(	5490	,	18	,	11	)
(	5491	,	19	,	11	)
(	5492	,	20	,	11	)
(	5493	,	21	,	11	)
(	5494	,	22	,	11	)
(	5495	,	23	,	11	)
(	5496	,	24	,	11	)
(	5497	,	1	,	10	)
(	5498	,	2	,	10	)
(	5499	,	3	,	10	)
(	5500	,	4	,	10	)
(	5501	,	5	,	10	)
(	5502	,	6	,	10	)
(	5503	,	7	,	10	)
(	5504	,	8	,	10	)
(	5505	,	9	,	10	)
(	5506	,	10	,	10	)
(	5507	,	11	,	10	)
(	5508	,	12	,	10	)
(	5509	,	13	,	10	)
(	5510	,	14	,	10	)
(	5511	,	15	,	10	)
(	5512	,	16	,	10	)
(	5513	,	17	,	10	)
(	5514	,	18	,	10	)
(	5515	,	19	,	10	)
(	5516	,	20	,	10	)
(	5517	,	21	,	10	)
(	5518	,	22	,	10	)
(	5519	,	23	,	10	)
(	5520	,	24	,	10	)
(	5521	,	1	,	11	)
(	5522	,	2	,	11	)
(	5523	,	3	,	11	)
(	5524	,	4	,	11	)
(	5525	,	5	,	11	)
(	5526	,	6	,	11	)
(	5527	,	7	,	11	)
(	5528	,	8	,	11	)
(	5529	,	9	,	11	)
(	5530	,	10	,	11	)
(	5531	,	11	,	11	)
(	5532	,	12	,	11	)
(	5533	,	13	,	11	)
(	5534	,	14	,	11	)
(	5535	,	15	,	11	)
(	5536	,	16	,	11	)
(	5537	,	17	,	11	)
(	5538	,	18	,	11	)
(	5539	,	19	,	11	)
(	5540	,	20	,	11	)
(	5541	,	21	,	11	)
(	5542	,	22	,	11	)
(	5543	,	23	,	11	)
(	5544	,	24	,	11	)
(	5545	,	1	,	11	)
(	5546	,	2	,	11	)
(	5547	,	3	,	11	)
(	5548	,	4	,	11	)
(	5549	,	5	,	11	)
(	5550	,	6	,	11	)
(	5551	,	7	,	11	)
(	5552	,	8	,	11	)
(	5553	,	9	,	11	)
(	5554	,	10	,	11	)
(	5555	,	11	,	11	)
(	5556	,	12	,	11	)
(	5557	,	13	,	11	)
(	5558	,	14	,	11	)
(	5559	,	15	,	11	)
(	5560	,	16	,	11	)
(	5561	,	17	,	11	)
(	5562	,	18	,	11	)
(	5563	,	19	,	11	)
(	5564	,	20	,	11	)
(	5565	,	21	,	11	)
(	5566	,	22	,	11	)
(	5567	,	23	,	11	)
(	5568	,	24	,	11	)
(	5569	,	1	,	11	)
(	5570	,	2	,	11	)
(	5571	,	3	,	11	)
(	5572	,	4	,	11	)
(	5573	,	5	,	11	)
(	5574	,	6	,	11	)
(	5575	,	7	,	11	)
(	5576	,	8	,	11	)
(	5577	,	9	,	11	)
(	5578	,	10	,	11	)
(	5579	,	11	,	11	)
(	5580	,	12	,	11	)
(	5581	,	13	,	11	)
(	5582	,	14	,	11	)
(	5583	,	15	,	11	)
(	5584	,	16	,	11	)
(	5585	,	17	,	11	)
(	5586	,	18	,	11	)
(	5587	,	19	,	11	)
(	5588	,	20	,	11	)
(	5589	,	21	,	11	)
(	5590	,	22	,	11	)
(	5591	,	23	,	11	)
(	5592	,	24	,	11	)
(	5593	,	1	,	11	)
(	5594	,	2	,	11	)
(	5595	,	3	,	11	)
(	5596	,	4	,	11	)
(	5597	,	5	,	11	)
(	5598	,	6	,	11	)
(	5599	,	7	,	11	)
(	5600	,	8	,	11	)
(	5601	,	9	,	11	)
(	5602	,	10	,	11	)
(	5603	,	11	,	11	)
(	5604	,	12	,	11	)
(	5605	,	13	,	11	)
(	5606	,	14	,	11	)
(	5607	,	15	,	11	)
(	5608	,	16	,	11	)
(	5609	,	17	,	11	)
(	5610	,	18	,	11	)
(	5611	,	19	,	11	)
(	5612	,	20	,	11	)
(	5613	,	21	,	11	)
(	5614	,	22	,	11	)
(	5615	,	23	,	11	)
(	5616	,	24	,	11	)
(	5617	,	1	,	11	)
(	5618	,	2	,	11	)
(	5619	,	3	,	11	)
(	5620	,	4	,	11	)
(	5621	,	5	,	11	)
(	5622	,	6	,	11	)
(	5623	,	7	,	11	)
(	5624	,	8	,	11	)
(	5625	,	9	,	11	)
(	5626	,	10	,	11	)
(	5627	,	11	,	11	)
(	5628	,	12	,	11	)
(	5629	,	13	,	11	)
(	5630	,	14	,	11	)
(	5631	,	15	,	11	)
(	5632	,	16	,	11	)
(	5633	,	17	,	11	)
(	5634	,	18	,	11	)
(	5635	,	19	,	11	)
(	5636	,	20	,	11	)
(	5637	,	21	,	11	)
(	5638	,	22	,	11	)
(	5639	,	23	,	11	)
(	5640	,	24	,	11	)
(	5641	,	1	,	10	)
(	5642	,	2	,	10	)
(	5643	,	3	,	10	)
(	5644	,	4	,	10	)
(	5645	,	5	,	10	)
(	5646	,	6	,	10	)
(	5647	,	7	,	10	)
(	5648	,	8	,	10	)
(	5649	,	9	,	10	)
(	5650	,	10	,	10	)
(	5651	,	11	,	10	)
(	5652	,	12	,	10	)
(	5653	,	13	,	10	)
(	5654	,	14	,	10	)
(	5655	,	15	,	10	)
(	5656	,	16	,	10	)
(	5657	,	17	,	10	)
(	5658	,	18	,	10	)
(	5659	,	19	,	10	)
(	5660	,	20	,	10	)
(	5661	,	21	,	10	)
(	5662	,	22	,	10	)
(	5663	,	23	,	10	)
(	5664	,	24	,	10	)
(	5665	,	1	,	9	)
(	5666	,	2	,	9	)
(	5667	,	3	,	9	)
(	5668	,	4	,	9	)
(	5669	,	5	,	9	)
(	5670	,	6	,	9	)
(	5671	,	7	,	9	)
(	5672	,	8	,	9	)
(	5673	,	9	,	9	)
(	5674	,	10	,	9	)
(	5675	,	11	,	9	)
(	5676	,	12	,	9	)
(	5677	,	13	,	9	)
(	5678	,	14	,	9	)
(	5679	,	15	,	9	)
(	5680	,	16	,	9	)
(	5681	,	17	,	9	)
(	5682	,	18	,	9	)
(	5683	,	19	,	9	)
(	5684	,	20	,	9	)
(	5685	,	21	,	9	)
(	5686	,	22	,	9	)
(	5687	,	23	,	9	)
(	5688	,	24	,	9	)
(	5689	,	1	,	11	)
(	5690	,	2	,	11	)
(	5691	,	3	,	11	)
(	5692	,	4	,	11	)
(	5693	,	5	,	11	)
(	5694	,	6	,	11	)
(	5695	,	7	,	11	)
(	5696	,	8	,	11	)
(	5697	,	9	,	11	)
(	5698	,	10	,	11	)
(	5699	,	11	,	11	)
(	5700	,	12	,	11	)
(	5701	,	13	,	11	)
(	5702	,	14	,	11	)
(	5703	,	15	,	11	)
(	5704	,	16	,	11	)
(	5705	,	17	,	11	)
(	5706	,	18	,	11	)
(	5707	,	19	,	11	)
(	5708	,	20	,	11	)
(	5709	,	21	,	11	)
(	5710	,	22	,	11	)
(	5711	,	23	,	11	)
(	5712	,	24	,	11	)
(	5713	,	1	,	11	)
(	5714	,	2	,	11	)
(	5715	,	3	,	11	)
(	5716	,	4	,	11	)
(	5717	,	5	,	11	)
(	5718	,	6	,	11	)
(	5719	,	7	,	11	)
(	5720	,	8	,	11	)
(	5721	,	9	,	11	)
(	5722	,	10	,	11	)
(	5723	,	11	,	11	)
(	5724	,	12	,	11	)
(	5725	,	13	,	11	)
(	5726	,	14	,	11	)
(	5727	,	15	,	11	)
(	5728	,	16	,	11	)
(	5729	,	17	,	11	)
(	5730	,	18	,	11	)
(	5731	,	19	,	11	)
(	5732	,	20	,	11	)
(	5733	,	21	,	11	)
(	5734	,	22	,	11	)
(	5735	,	23	,	11	)
(	5736	,	24	,	11	)
(	5737	,	1	,	11	)
(	5738	,	2	,	11	)
(	5739	,	3	,	11	)
(	5740	,	4	,	11	)
(	5741	,	5	,	11	)
(	5742	,	6	,	11	)
(	5743	,	7	,	11	)
(	5744	,	8	,	11	)
(	5745	,	9	,	11	)
(	5746	,	10	,	11	)
(	5747	,	11	,	11	)
(	5748	,	12	,	11	)
(	5749	,	13	,	11	)
(	5750	,	14	,	11	)
(	5751	,	15	,	11	)
(	5752	,	16	,	11	)
(	5753	,	17	,	11	)
(	5754	,	18	,	11	)
(	5755	,	19	,	11	)
(	5756	,	20	,	11	)
(	5757	,	21	,	11	)
(	5758	,	22	,	11	)
(	5759	,	23	,	11	)
(	5760	,	24	,	11	)
(	5761	,	1	,	11	)
(	5762	,	2	,	11	)
(	5763	,	3	,	11	)
(	5764	,	4	,	11	)
(	5765	,	5	,	11	)
(	5766	,	6	,	11	)
(	5767	,	7	,	11	)
(	5768	,	8	,	11	)
(	5769	,	9	,	11	)
(	5770	,	10	,	11	)
(	5771	,	11	,	11	)
(	5772	,	12	,	11	)
(	5773	,	13	,	11	)
(	5774	,	14	,	11	)
(	5775	,	15	,	11	)
(	5776	,	16	,	11	)
(	5777	,	17	,	11	)
(	5778	,	18	,	11	)
(	5779	,	19	,	11	)
(	5780	,	20	,	11	)
(	5781	,	21	,	11	)
(	5782	,	22	,	11	)
(	5783	,	23	,	11	)
(	5784	,	24	,	11	)
(	5785	,	1	,	11	)
(	5786	,	2	,	11	)
(	5787	,	3	,	11	)
(	5788	,	4	,	11	)
(	5789	,	5	,	11	)
(	5790	,	6	,	11	)
(	5791	,	7	,	11	)
(	5792	,	8	,	11	)
(	5793	,	9	,	11	)
(	5794	,	10	,	11	)
(	5795	,	11	,	11	)
(	5796	,	12	,	11	)
(	5797	,	13	,	11	)
(	5798	,	14	,	11	)
(	5799	,	15	,	11	)
(	5800	,	16	,	11	)
(	5801	,	17	,	11	)
(	5802	,	18	,	11	)
(	5803	,	19	,	11	)
(	5804	,	20	,	11	)
(	5805	,	21	,	11	)
(	5806	,	22	,	11	)
(	5807	,	23	,	11	)
(	5808	,	24	,	11	)
(	5809	,	1	,	11	)
(	5810	,	2	,	11	)
(	5811	,	3	,	11	)
(	5812	,	4	,	11	)
(	5813	,	5	,	11	)
(	5814	,	6	,	11	)
(	5815	,	7	,	11	)
(	5816	,	8	,	11	)
(	5817	,	9	,	11	)
(	5818	,	10	,	11	)
(	5819	,	11	,	11	)
(	5820	,	12	,	11	)
(	5821	,	13	,	11	)
(	5822	,	14	,	11	)
(	5823	,	15	,	11	)
(	5824	,	16	,	11	)
(	5825	,	17	,	11	)
(	5826	,	18	,	11	)
(	5827	,	19	,	11	)
(	5828	,	20	,	11	)
(	5829	,	21	,	11	)
(	5830	,	22	,	11	)
(	5831	,	23	,	11	)
(	5832	,	24	,	11	)
(	5833	,	1	,	11	)
(	5834	,	2	,	11	)
(	5835	,	3	,	11	)
(	5836	,	4	,	11	)
(	5837	,	5	,	11	)
(	5838	,	6	,	11	)
(	5839	,	7	,	11	)
(	5840	,	8	,	11	)
(	5841	,	9	,	11	)
(	5842	,	10	,	11	)
(	5843	,	11	,	11	)
(	5844	,	12	,	11	)
(	5845	,	13	,	11	)
(	5846	,	14	,	11	)
(	5847	,	15	,	11	)
(	5848	,	16	,	11	)
(	5849	,	17	,	11	)
(	5850	,	18	,	11	)
(	5851	,	19	,	11	)
(	5852	,	20	,	11	)
(	5853	,	21	,	11	)
(	5854	,	22	,	11	)
(	5855	,	23	,	11	)
(	5856	,	24	,	11	)
(	5857	,	1	,	10	)
(	5858	,	2	,	10	)
(	5859	,	3	,	10	)
(	5860	,	4	,	10	)
(	5861	,	5	,	10	)
(	5862	,	6	,	10	)
(	5863	,	7	,	10	)
(	5864	,	8	,	10	)
(	5865	,	9	,	10	)
(	5866	,	10	,	10	)
(	5867	,	11	,	10	)
(	5868	,	12	,	10	)
(	5869	,	13	,	10	)
(	5870	,	14	,	10	)
(	5871	,	15	,	10	)
(	5872	,	16	,	10	)
(	5873	,	17	,	10	)
(	5874	,	18	,	10	)
(	5875	,	19	,	10	)
(	5876	,	20	,	10	)
(	5877	,	21	,	10	)
(	5878	,	22	,	10	)
(	5879	,	23	,	10	)
(	5880	,	24	,	10	)
(	5881	,	1	,	10	)
(	5882	,	2	,	10	)
(	5883	,	3	,	10	)
(	5884	,	4	,	10	)
(	5885	,	5	,	10	)
(	5886	,	6	,	10	)
(	5887	,	7	,	10	)
(	5888	,	8	,	10	)
(	5889	,	9	,	10	)
(	5890	,	10	,	10	)
(	5891	,	11	,	10	)
(	5892	,	12	,	10	)
(	5893	,	13	,	10	)
(	5894	,	14	,	10	)
(	5895	,	15	,	10	)
(	5896	,	16	,	10	)
(	5897	,	17	,	10	)
(	5898	,	18	,	10	)
(	5899	,	19	,	10	)
(	5900	,	20	,	10	)
(	5901	,	21	,	10	)
(	5902	,	22	,	10	)
(	5903	,	23	,	10	)
(	5904	,	24	,	10	)
(	5905	,	1	,	10	)
(	5906	,	2	,	10	)
(	5907	,	3	,	10	)
(	5908	,	4	,	10	)
(	5909	,	5	,	10	)
(	5910	,	6	,	10	)
(	5911	,	7	,	10	)
(	5912	,	8	,	10	)
(	5913	,	9	,	10	)
(	5914	,	10	,	10	)
(	5915	,	11	,	10	)
(	5916	,	12	,	10	)
(	5917	,	13	,	10	)
(	5918	,	14	,	10	)
(	5919	,	15	,	10	)
(	5920	,	16	,	10	)
(	5921	,	17	,	10	)
(	5922	,	18	,	10	)
(	5923	,	19	,	10	)
(	5924	,	20	,	10	)
(	5925	,	21	,	10	)
(	5926	,	22	,	10	)
(	5927	,	23	,	10	)
(	5928	,	24	,	10	)
(	5929	,	1	,	10	)
(	5930	,	2	,	10	)
(	5931	,	3	,	10	)
(	5932	,	4	,	10	)
(	5933	,	5	,	10	)
(	5934	,	6	,	10	)
(	5935	,	7	,	10	)
(	5936	,	8	,	10	)
(	5937	,	9	,	10	)
(	5938	,	10	,	10	)
(	5939	,	11	,	10	)
(	5940	,	12	,	10	)
(	5941	,	13	,	10	)
(	5942	,	14	,	10	)
(	5943	,	15	,	10	)
(	5944	,	16	,	10	)
(	5945	,	17	,	10	)
(	5946	,	18	,	10	)
(	5947	,	19	,	10	)
(	5948	,	20	,	10	)
(	5949	,	21	,	10	)
(	5950	,	22	,	10	)
(	5951	,	23	,	10	)
(	5952	,	24	,	10	)
(	5953	,	1	,	10	)
(	5954	,	2	,	10	)
(	5955	,	3	,	10	)
(	5956	,	4	,	10	)
(	5957	,	5	,	10	)
(	5958	,	6	,	10	)
(	5959	,	7	,	10	)
(	5960	,	8	,	10	)
(	5961	,	9	,	10	)
(	5962	,	10	,	10	)
(	5963	,	11	,	10	)
(	5964	,	12	,	10	)
(	5965	,	13	,	10	)
(	5966	,	14	,	10	)
(	5967	,	15	,	10	)
(	5968	,	16	,	10	)
(	5969	,	17	,	10	)
(	5970	,	18	,	10	)
(	5971	,	19	,	10	)
(	5972	,	20	,	10	)
(	5973	,	21	,	10	)
(	5974	,	22	,	10	)
(	5975	,	23	,	10	)
(	5976	,	24	,	10	)
(	5977	,	1	,	11	)
(	5978	,	2	,	11	)
(	5979	,	3	,	11	)
(	5980	,	4	,	11	)
(	5981	,	5	,	11	)
(	5982	,	6	,	11	)
(	5983	,	7	,	11	)
(	5984	,	8	,	11	)
(	5985	,	9	,	11	)
(	5986	,	10	,	11	)
(	5987	,	11	,	11	)
(	5988	,	12	,	11	)
(	5989	,	13	,	11	)
(	5990	,	14	,	11	)
(	5991	,	15	,	11	)
(	5992	,	16	,	11	)
(	5993	,	17	,	11	)
(	5994	,	18	,	11	)
(	5995	,	19	,	11	)
(	5996	,	20	,	11	)
(	5997	,	21	,	11	)
(	5998	,	22	,	11	)
(	5999	,	23	,	11	)
(	6000	,	24	,	11	)
(	6001	,	1	,	11	)
(	6002	,	2	,	11	)
(	6003	,	3	,	11	)
(	6004	,	4	,	11	)
(	6005	,	5	,	11	)
(	6006	,	6	,	11	)
(	6007	,	7	,	11	)
(	6008	,	8	,	11	)
(	6009	,	9	,	11	)
(	6010	,	10	,	11	)
(	6011	,	11	,	11	)
(	6012	,	12	,	11	)
(	6013	,	13	,	11	)
(	6014	,	14	,	11	)
(	6015	,	15	,	11	)
(	6016	,	16	,	11	)
(	6017	,	17	,	11	)
(	6018	,	18	,	11	)
(	6019	,	19	,	11	)
(	6020	,	20	,	11	)
(	6021	,	21	,	11	)
(	6022	,	22	,	11	)
(	6023	,	23	,	11	)
(	6024	,	24	,	11	)
(	6025	,	1	,	11	)
(	6026	,	2	,	11	)
(	6027	,	3	,	11	)
(	6028	,	4	,	11	)
(	6029	,	5	,	11	)
(	6030	,	6	,	11	)
(	6031	,	7	,	11	)
(	6032	,	8	,	11	)
(	6033	,	9	,	11	)
(	6034	,	10	,	11	)
(	6035	,	11	,	11	)
(	6036	,	12	,	11	)
(	6037	,	13	,	11	)
(	6038	,	14	,	11	)
(	6039	,	15	,	11	)
(	6040	,	16	,	11	)
(	6041	,	17	,	11	)
(	6042	,	18	,	11	)
(	6043	,	19	,	11	)
(	6044	,	20	,	11	)
(	6045	,	21	,	11	)
(	6046	,	22	,	11	)
(	6047	,	23	,	11	)
(	6048	,	24	,	11	)
(	6049	,	1	,	11	)
(	6050	,	2	,	11	)
(	6051	,	3	,	11	)
(	6052	,	4	,	11	)
(	6053	,	5	,	11	)
(	6054	,	6	,	11	)
(	6055	,	7	,	11	)
(	6056	,	8	,	11	)
(	6057	,	9	,	11	)
(	6058	,	10	,	11	)
(	6059	,	11	,	11	)
(	6060	,	12	,	11	)
(	6061	,	13	,	11	)
(	6062	,	14	,	11	)
(	6063	,	15	,	11	)
(	6064	,	16	,	11	)
(	6065	,	17	,	11	)
(	6066	,	18	,	11	)
(	6067	,	19	,	11	)
(	6068	,	20	,	11	)
(	6069	,	21	,	11	)
(	6070	,	22	,	11	)
(	6071	,	23	,	11	)
(	6072	,	24	,	11	)
(	6073	,	1	,	11	)
(	6074	,	2	,	11	)
(	6075	,	3	,	11	)
(	6076	,	4	,	11	)
(	6077	,	5	,	11	)
(	6078	,	6	,	11	)
(	6079	,	7	,	11	)
(	6080	,	8	,	11	)
(	6081	,	9	,	11	)
(	6082	,	10	,	11	)
(	6083	,	11	,	11	)
(	6084	,	12	,	11	)
(	6085	,	13	,	11	)
(	6086	,	14	,	11	)
(	6087	,	15	,	11	)
(	6088	,	16	,	11	)
(	6089	,	17	,	11	)
(	6090	,	18	,	11	)
(	6091	,	19	,	11	)
(	6092	,	20	,	11	)
(	6093	,	21	,	11	)
(	6094	,	22	,	11	)
(	6095	,	23	,	11	)
(	6096	,	24	,	11	)
(	6097	,	1	,	10	)
(	6098	,	2	,	10	)
(	6099	,	3	,	10	)
(	6100	,	4	,	10	)
(	6101	,	5	,	10	)
(	6102	,	6	,	10	)
(	6103	,	7	,	10	)
(	6104	,	8	,	10	)
(	6105	,	9	,	10	)
(	6106	,	10	,	10	)
(	6107	,	11	,	10	)
(	6108	,	12	,	10	)
(	6109	,	13	,	10	)
(	6110	,	14	,	10	)
(	6111	,	15	,	10	)
(	6112	,	16	,	10	)
(	6113	,	17	,	10	)
(	6114	,	18	,	10	)
(	6115	,	19	,	10	)
(	6116	,	20	,	10	)
(	6117	,	21	,	10	)
(	6118	,	22	,	10	)
(	6119	,	23	,	10	)
(	6120	,	24	,	10	)
(	6121	,	1	,	10	)
(	6122	,	2	,	10	)
(	6123	,	3	,	10	)
(	6124	,	4	,	10	)
(	6125	,	5	,	10	)
(	6126	,	6	,	10	)
(	6127	,	7	,	10	)
(	6128	,	8	,	10	)
(	6129	,	9	,	10	)
(	6130	,	10	,	10	)
(	6131	,	11	,	10	)
(	6132	,	12	,	10	)
(	6133	,	13	,	10	)
(	6134	,	14	,	10	)
(	6135	,	15	,	10	)
(	6136	,	16	,	10	)
(	6137	,	17	,	10	)
(	6138	,	18	,	10	)
(	6139	,	19	,	10	)
(	6140	,	20	,	10	)
(	6141	,	21	,	10	)
(	6142	,	22	,	10	)
(	6143	,	23	,	10	)
(	6144	,	24	,	10	)
(	6145	,	1	,	11	)
(	6146	,	2	,	11	)
(	6147	,	3	,	11	)
(	6148	,	4	,	11	)
(	6149	,	5	,	11	)
(	6150	,	6	,	11	)
(	6151	,	7	,	11	)
(	6152	,	8	,	11	)
(	6153	,	9	,	11	)
(	6154	,	10	,	11	)
(	6155	,	11	,	11	)
(	6156	,	12	,	11	)
(	6157	,	13	,	11	)
(	6158	,	14	,	11	)
(	6159	,	15	,	11	)
(	6160	,	16	,	11	)
(	6161	,	17	,	11	)
(	6162	,	18	,	11	)
(	6163	,	19	,	11	)
(	6164	,	20	,	11	)
(	6165	,	21	,	11	)
(	6166	,	22	,	11	)
(	6167	,	23	,	11	)
(	6168	,	24	,	11	)
(	6169	,	1	,	10	)
(	6170	,	2	,	10	)
(	6171	,	3	,	10	)
(	6172	,	4	,	10	)
(	6173	,	5	,	10	)
(	6174	,	6	,	10	)
(	6175	,	7	,	10	)
(	6176	,	8	,	10	)
(	6177	,	9	,	10	)
(	6178	,	10	,	10	)
(	6179	,	11	,	10	)
(	6180	,	12	,	10	)
(	6181	,	13	,	10	)
(	6182	,	14	,	10	)
(	6183	,	15	,	10	)
(	6184	,	16	,	10	)
(	6185	,	17	,	10	)
(	6186	,	18	,	10	)
(	6187	,	19	,	10	)
(	6188	,	20	,	10	)
(	6189	,	21	,	10	)
(	6190	,	22	,	10	)
(	6191	,	23	,	10	)
(	6192	,	24	,	10	)
(	6193	,	1	,	10	)
(	6194	,	2	,	10	)
(	6195	,	3	,	10	)
(	6196	,	4	,	10	)
(	6197	,	5	,	10	)
(	6198	,	6	,	10	)
(	6199	,	7	,	10	)
(	6200	,	8	,	10	)
(	6201	,	9	,	10	)
(	6202	,	10	,	10	)
(	6203	,	11	,	10	)
(	6204	,	12	,	10	)
(	6205	,	13	,	10	)
(	6206	,	14	,	10	)
(	6207	,	15	,	10	)
(	6208	,	16	,	10	)
(	6209	,	17	,	10	)
(	6210	,	18	,	10	)
(	6211	,	19	,	10	)
(	6212	,	20	,	10	)
(	6213	,	21	,	10	)
(	6214	,	22	,	10	)
(	6215	,	23	,	10	)
(	6216	,	24	,	10	)
(	6217	,	1	,	10	)
(	6218	,	2	,	10	)
(	6219	,	3	,	10	)
(	6220	,	4	,	10	)
(	6221	,	5	,	10	)
(	6222	,	6	,	10	)
(	6223	,	7	,	10	)
(	6224	,	8	,	10	)
(	6225	,	9	,	10	)
(	6226	,	10	,	10	)
(	6227	,	11	,	10	)
(	6228	,	12	,	10	)
(	6229	,	13	,	10	)
(	6230	,	14	,	10	)
(	6231	,	15	,	10	)
(	6232	,	16	,	10	)
(	6233	,	17	,	10	)
(	6234	,	18	,	10	)
(	6235	,	19	,	10	)
(	6236	,	20	,	10	)
(	6237	,	21	,	10	)
(	6238	,	22	,	10	)
(	6239	,	23	,	10	)
(	6240	,	24	,	10	)
(	6241	,	1	,	11	)
(	6242	,	2	,	11	)
(	6243	,	3	,	11	)
(	6244	,	4	,	11	)
(	6245	,	5	,	11	)
(	6246	,	6	,	11	)
(	6247	,	7	,	11	)
(	6248	,	8	,	11	)
(	6249	,	9	,	11	)
(	6250	,	10	,	11	)
(	6251	,	11	,	11	)
(	6252	,	12	,	11	)
(	6253	,	13	,	11	)
(	6254	,	14	,	11	)
(	6255	,	15	,	11	)
(	6256	,	16	,	11	)
(	6257	,	17	,	11	)
(	6258	,	18	,	11	)
(	6259	,	19	,	11	)
(	6260	,	20	,	11	)
(	6261	,	21	,	11	)
(	6262	,	22	,	11	)
(	6263	,	23	,	11	)
(	6264	,	24	,	11	)
(	6265	,	1	,	11	)
(	6266	,	2	,	11	)
(	6267	,	3	,	11	)
(	6268	,	4	,	11	)
(	6269	,	5	,	11	)
(	6270	,	6	,	11	)
(	6271	,	7	,	11	)
(	6272	,	8	,	11	)
(	6273	,	9	,	11	)
(	6274	,	10	,	11	)
(	6275	,	11	,	11	)
(	6276	,	12	,	11	)
(	6277	,	13	,	11	)
(	6278	,	14	,	11	)
(	6279	,	15	,	11	)
(	6280	,	16	,	11	)
(	6281	,	17	,	11	)
(	6282	,	18	,	11	)
(	6283	,	19	,	11	)
(	6284	,	20	,	11	)
(	6285	,	21	,	11	)
(	6286	,	22	,	11	)
(	6287	,	23	,	11	)
(	6288	,	24	,	11	)
(	6289	,	1	,	11	)
(	6290	,	2	,	11	)
(	6291	,	3	,	11	)
(	6292	,	4	,	11	)
(	6293	,	5	,	11	)
(	6294	,	6	,	11	)
(	6295	,	7	,	11	)
(	6296	,	8	,	11	)
(	6297	,	9	,	11	)
(	6298	,	10	,	11	)
(	6299	,	11	,	11	)
(	6300	,	12	,	11	)
(	6301	,	13	,	11	)
(	6302	,	14	,	11	)
(	6303	,	15	,	11	)
(	6304	,	16	,	11	)
(	6305	,	17	,	11	)
(	6306	,	18	,	11	)
(	6307	,	19	,	11	)
(	6308	,	20	,	11	)
(	6309	,	21	,	11	)
(	6310	,	22	,	11	)
(	6311	,	23	,	11	)
(	6312	,	24	,	11	)
(	6313	,	1	,	10	)
(	6314	,	2	,	10	)
(	6315	,	3	,	10	)
(	6316	,	4	,	10	)
(	6317	,	5	,	10	)
(	6318	,	6	,	10	)
(	6319	,	7	,	10	)
(	6320	,	8	,	10	)
(	6321	,	9	,	10	)
(	6322	,	10	,	10	)
(	6323	,	11	,	10	)
(	6324	,	12	,	10	)
(	6325	,	13	,	10	)
(	6326	,	14	,	10	)
(	6327	,	15	,	10	)
(	6328	,	16	,	10	)
(	6329	,	17	,	10	)
(	6330	,	18	,	10	)
(	6331	,	19	,	10	)
(	6332	,	20	,	10	)
(	6333	,	21	,	10	)
(	6334	,	22	,	10	)
(	6335	,	23	,	10	)
(	6336	,	24	,	10	)
(	6337	,	1	,	10	)
(	6338	,	2	,	10	)
(	6339	,	3	,	10	)
(	6340	,	4	,	10	)
(	6341	,	5	,	10	)
(	6342	,	6	,	10	)
(	6343	,	7	,	10	)
(	6344	,	8	,	10	)
(	6345	,	9	,	10	)
(	6346	,	10	,	10	)
(	6347	,	11	,	10	)
(	6348	,	12	,	10	)
(	6349	,	13	,	10	)
(	6350	,	14	,	10	)
(	6351	,	15	,	10	)
(	6352	,	16	,	10	)
(	6353	,	17	,	10	)
(	6354	,	18	,	10	)
(	6355	,	19	,	10	)
(	6356	,	20	,	10	)
(	6357	,	21	,	10	)
(	6358	,	22	,	10	)
(	6359	,	23	,	10	)
(	6360	,	24	,	10	)
(	6361	,	1	,	3	)
(	6362	,	2	,	3	)
(	6363	,	3	,	3	)
(	6364	,	4	,	3	)
(	6365	,	5	,	3	)
(	6366	,	6	,	3	)
(	6367	,	7	,	3	)
(	6368	,	8	,	3	)
(	6369	,	9	,	3	)
(	6370	,	10	,	3	)
(	6371	,	11	,	3	)
(	6372	,	12	,	3	)
(	6373	,	13	,	3	)
(	6374	,	14	,	3	)
(	6375	,	15	,	3	)
(	6376	,	16	,	3	)
(	6377	,	17	,	3	)
(	6378	,	18	,	3	)
(	6379	,	19	,	3	)
(	6380	,	20	,	3	)
(	6381	,	21	,	3	)
(	6382	,	22	,	3	)
(	6383	,	23	,	3	)
(	6384	,	24	,	3	)
(	6385	,	1	,	11	)
(	6386	,	2	,	11	)
(	6387	,	3	,	11	)
(	6388	,	4	,	11	)
(	6389	,	5	,	11	)
(	6390	,	6	,	11	)
(	6391	,	7	,	11	)
(	6392	,	8	,	11	)
(	6393	,	9	,	11	)
(	6394	,	10	,	11	)
(	6395	,	11	,	11	)
(	6396	,	12	,	11	)
(	6397	,	13	,	11	)
(	6398	,	14	,	11	)
(	6399	,	15	,	11	)
(	6400	,	16	,	11	)
(	6401	,	17	,	11	)
(	6402	,	18	,	11	)
(	6403	,	19	,	11	)
(	6404	,	20	,	11	)
(	6405	,	21	,	11	)
(	6406	,	22	,	11	)
(	6407	,	23	,	11	)
(	6408	,	24	,	11	)
(	6409	,	1	,	3	)
(	6410	,	2	,	3	)
(	6411	,	3	,	3	)
(	6412	,	4	,	3	)
(	6413	,	5	,	3	)
(	6414	,	6	,	3	)
(	6415	,	7	,	3	)
(	6416	,	8	,	3	)
(	6417	,	9	,	3	)
(	6418	,	10	,	3	)
(	6419	,	11	,	3	)
(	6420	,	12	,	3	)
(	6421	,	13	,	3	)
(	6422	,	14	,	3	)
(	6423	,	15	,	3	)
(	6424	,	16	,	3	)
(	6425	,	17	,	3	)
(	6426	,	18	,	3	)
(	6427	,	19	,	3	)
(	6428	,	20	,	3	)
(	6429	,	21	,	3	)
(	6430	,	22	,	3	)
(	6431	,	23	,	3	)
(	6432	,	24	,	3	)
(	6433	,	1	,	10	)
(	6434	,	2	,	10	)
(	6435	,	3	,	10	)
(	6436	,	4	,	10	)
(	6437	,	5	,	10	)
(	6438	,	6	,	10	)
(	6439	,	7	,	10	)
(	6440	,	8	,	10	)
(	6441	,	9	,	10	)
(	6442	,	10	,	10	)
(	6443	,	11	,	10	)
(	6444	,	12	,	10	)
(	6445	,	13	,	10	)
(	6446	,	14	,	10	)
(	6447	,	15	,	10	)
(	6448	,	16	,	10	)
(	6449	,	17	,	10	)
(	6450	,	18	,	10	)
(	6451	,	19	,	10	)
(	6452	,	20	,	10	)
(	6453	,	21	,	10	)
(	6454	,	22	,	10	)
(	6455	,	23	,	10	)
(	6456	,	24	,	10	)
(	6457	,	1	,	11	)
(	6458	,	2	,	11	)
(	6459	,	3	,	11	)
(	6460	,	4	,	11	)
(	6461	,	5	,	11	)
(	6462	,	6	,	11	)
(	6463	,	7	,	11	)
(	6464	,	8	,	11	)
(	6465	,	9	,	11	)
(	6466	,	10	,	11	)
(	6467	,	11	,	11	)
(	6468	,	12	,	11	)
(	6469	,	13	,	11	)
(	6470	,	14	,	11	)
(	6471	,	15	,	11	)
(	6472	,	16	,	11	)
(	6473	,	17	,	11	)
(	6474	,	18	,	11	)
(	6475	,	19	,	11	)
(	6476	,	20	,	11	)
(	6477	,	21	,	11	)
(	6478	,	22	,	11	)
(	6479	,	23	,	11	)
(	6480	,	24	,	11	)
(	6481	,	1	,	11	)
(	6482	,	2	,	11	)
(	6483	,	3	,	11	)
(	6484	,	4	,	11	)
(	6485	,	5	,	11	)
(	6486	,	6	,	11	)
(	6487	,	7	,	11	)
(	6488	,	8	,	11	)
(	6489	,	9	,	11	)
(	6490	,	10	,	11	)
(	6491	,	11	,	11	)
(	6492	,	12	,	11	)
(	6493	,	13	,	11	)
(	6494	,	14	,	11	)
(	6495	,	15	,	11	)
(	6496	,	16	,	11	)
(	6497	,	17	,	11	)
(	6498	,	18	,	11	)
(	6499	,	19	,	11	)
(	6500	,	20	,	11	)
(	6501	,	21	,	11	)
(	6502	,	22	,	11	)
(	6503	,	23	,	11	)
(	6504	,	24	,	11	)
(	6505	,	1	,	10	)
(	6506	,	2	,	10	)
(	6507	,	3	,	10	)
(	6508	,	4	,	10	)
(	6509	,	5	,	10	)
(	6510	,	6	,	10	)
(	6511	,	7	,	10	)
(	6512	,	8	,	10	)
(	6513	,	9	,	10	)
(	6514	,	10	,	10	)
(	6515	,	11	,	10	)
(	6516	,	12	,	10	)
(	6517	,	13	,	10	)
(	6518	,	14	,	10	)
(	6519	,	15	,	10	)
(	6520	,	16	,	10	)
(	6521	,	17	,	10	)
(	6522	,	18	,	10	)
(	6523	,	19	,	10	)
(	6524	,	20	,	10	)
(	6525	,	21	,	10	)
(	6526	,	22	,	10	)
(	6527	,	23	,	10	)
(	6528	,	24	,	10	)
(	6529	,	1	,	10	)
(	6530	,	2	,	10	)
(	6531	,	3	,	10	)
(	6532	,	4	,	10	)
(	6533	,	5	,	10	)
(	6534	,	6	,	10	)
(	6535	,	7	,	10	)
(	6536	,	8	,	10	)
(	6537	,	9	,	10	)
(	6538	,	10	,	10	)
(	6539	,	11	,	10	)
(	6540	,	12	,	10	)
(	6541	,	13	,	10	)
(	6542	,	14	,	10	)
(	6543	,	15	,	10	)
(	6544	,	16	,	10	)
(	6545	,	17	,	10	)
(	6546	,	18	,	10	)
(	6547	,	19	,	10	)
(	6548	,	20	,	10	)
(	6549	,	21	,	10	)
(	6550	,	22	,	10	)
(	6551	,	23	,	10	)
(	6552	,	24	,	10	)
(	6553	,	1	,	10	)
(	6554	,	2	,	10	)
(	6555	,	3	,	10	)
(	6556	,	4	,	10	)
(	6557	,	5	,	10	)
(	6558	,	6	,	10	)
(	6559	,	7	,	10	)
(	6560	,	8	,	10	)
(	6561	,	9	,	10	)
(	6562	,	10	,	10	)
(	6563	,	11	,	10	)
(	6564	,	12	,	10	)
(	6565	,	13	,	10	)
(	6566	,	14	,	10	)
(	6567	,	15	,	10	)
(	6568	,	16	,	10	)
(	6569	,	17	,	10	)
(	6570	,	18	,	10	)
(	6571	,	19	,	10	)
(	6572	,	20	,	10	)
(	6573	,	21	,	10	)
(	6574	,	22	,	10	)
(	6575	,	23	,	10	)
(	6576	,	24	,	10	)
(	6577	,	1	,	12	)
(	6578	,	2	,	12	)
(	6579	,	3	,	12	)
(	6580	,	4	,	12	)
(	6581	,	5	,	12	)
(	6582	,	6	,	12	)
(	6583	,	7	,	12	)
(	6584	,	8	,	12	)
(	6585	,	9	,	12	)
(	6586	,	10	,	12	)
(	6587	,	11	,	12	)
(	6588	,	12	,	12	)
(	6589	,	13	,	12	)
(	6590	,	14	,	12	)
(	6591	,	15	,	12	)
(	6592	,	16	,	12	)
(	6593	,	17	,	12	)
(	6594	,	18	,	12	)
(	6595	,	19	,	12	)
(	6596	,	20	,	12	)
(	6597	,	21	,	12	)
(	6598	,	22	,	12	)
(	6599	,	23	,	12	)
(	6600	,	24	,	12	)
(	6601	,	1	,	12	)
(	6602	,	2	,	12	)
(	6603	,	3	,	12	)
(	6604	,	4	,	12	)
(	6605	,	5	,	12	)
(	6606	,	6	,	12	)
(	6607	,	7	,	12	)
(	6608	,	8	,	12	)
(	6609	,	9	,	12	)
(	6610	,	10	,	12	)
(	6611	,	11	,	12	)
(	6612	,	12	,	12	)
(	6613	,	13	,	12	)
(	6614	,	14	,	12	)
(	6615	,	15	,	12	)
(	6616	,	16	,	12	)
(	6617	,	17	,	12	)
(	6618	,	18	,	12	)
(	6619	,	19	,	12	)
(	6620	,	20	,	12	)
(	6621	,	21	,	12	)
(	6622	,	22	,	12	)
(	6623	,	23	,	12	)
(	6624	,	24	,	12	)
(	6625	,	1	,	12	)
(	6626	,	2	,	12	)
(	6627	,	3	,	12	)
(	6628	,	4	,	12	)
(	6629	,	5	,	12	)
(	6630	,	6	,	12	)
(	6631	,	7	,	12	)
(	6632	,	8	,	12	)
(	6633	,	9	,	12	)
(	6634	,	10	,	12	)
(	6635	,	11	,	12	)
(	6636	,	12	,	12	)
(	6637	,	13	,	12	)
(	6638	,	14	,	12	)
(	6639	,	15	,	12	)
(	6640	,	16	,	12	)
(	6641	,	17	,	12	)
(	6642	,	18	,	12	)
(	6643	,	19	,	12	)
(	6644	,	20	,	12	)
(	6645	,	21	,	12	)
(	6646	,	22	,	12	)
(	6647	,	23	,	12	)
(	6648	,	24	,	12	)
(	6649	,	1	,	5	)
(	6650	,	2	,	5	)
(	6651	,	3	,	5	)
(	6652	,	4	,	5	)
(	6653	,	5	,	5	)
(	6654	,	6	,	5	)
(	6655	,	7	,	5	)
(	6656	,	8	,	5	)
(	6657	,	9	,	5	)
(	6658	,	10	,	5	)
(	6659	,	11	,	5	)
(	6660	,	12	,	5	)
(	6661	,	13	,	5	)
(	6662	,	14	,	5	)
(	6663	,	15	,	5	)
(	6664	,	16	,	5	)
(	6665	,	17	,	5	)
(	6666	,	18	,	5	)
(	6667	,	19	,	5	)
(	6668	,	20	,	5	)
(	6669	,	21	,	5	)
(	6670	,	22	,	5	)
(	6671	,	23	,	5	)
(	6672	,	24	,	5	)
(	6673	,	1	,	7	)
(	6674	,	2	,	7	)
(	6675	,	3	,	7	)
(	6676	,	4	,	7	)
(	6677	,	5	,	7	)
(	6678	,	6	,	7	)
(	6679	,	7	,	7	)
(	6680	,	8	,	7	)
(	6681	,	9	,	7	)
(	6682	,	10	,	7	)
(	6683	,	11	,	7	)
(	6684	,	12	,	7	)
(	6685	,	13	,	7	)
(	6686	,	14	,	7	)
(	6687	,	15	,	7	)
(	6688	,	16	,	7	)
(	6689	,	17	,	7	)
(	6690	,	18	,	7	)
(	6691	,	19	,	7	)
(	6692	,	20	,	7	)
(	6693	,	21	,	7	)
(	6694	,	22	,	7	)
(	6695	,	23	,	7	)
(	6696	,	24	,	7	)
(	6697	,	1	,	15	)
(	6698	,	2	,	15	)
(	6699	,	3	,	15	)
(	6700	,	4	,	15	)
(	6701	,	5	,	15	)
(	6702	,	6	,	15	)
(	6703	,	7	,	15	)
(	6704	,	8	,	15	)
(	6705	,	9	,	15	)
(	6706	,	10	,	15	)
(	6707	,	11	,	15	)
(	6708	,	12	,	15	)
(	6709	,	13	,	15	)
(	6710	,	14	,	15	)
(	6711	,	15	,	15	)
(	6712	,	16	,	15	)
(	6713	,	17	,	15	)
(	6714	,	18	,	15	)
(	6715	,	19	,	15	)
(	6716	,	20	,	15	)
(	6717	,	21	,	15	)
(	6718	,	22	,	15	)
(	6719	,	23	,	15	)
(	6720	,	24	,	15	)
(	6721	,	1	,	12	)
(	6722	,	2	,	12	)
(	6723	,	3	,	12	)
(	6724	,	4	,	12	)
(	6725	,	5	,	12	)
(	6726	,	6	,	12	)
(	6727	,	7	,	12	)
(	6728	,	8	,	12	)
(	6729	,	9	,	12	)
(	6730	,	10	,	12	)
(	6731	,	11	,	12	)
(	6732	,	12	,	12	)
(	6733	,	13	,	12	)
(	6734	,	14	,	12	)
(	6735	,	15	,	12	)
(	6736	,	16	,	12	)
(	6737	,	17	,	12	)
(	6738	,	18	,	12	)
(	6739	,	19	,	12	)
(	6740	,	20	,	12	)
(	6741	,	21	,	12	)
(	6742	,	22	,	12	)
(	6743	,	23	,	12	)
(	6744	,	24	,	12	)
(	6745	,	1	,	12	)
(	6746	,	2	,	12	)
(	6747	,	3	,	12	)
(	6748	,	4	,	12	)
(	6749	,	5	,	12	)
(	6750	,	6	,	12	)
(	6751	,	7	,	12	)
(	6752	,	8	,	12	)
(	6753	,	9	,	12	)
(	6754	,	10	,	12	)
(	6755	,	11	,	12	)
(	6756	,	12	,	12	)
(	6757	,	13	,	12	)
(	6758	,	14	,	12	)
(	6759	,	15	,	12	)
(	6760	,	16	,	12	)
(	6761	,	17	,	12	)
(	6762	,	18	,	12	)
(	6763	,	19	,	12	)
(	6764	,	20	,	12	)
(	6765	,	21	,	12	)
(	6766	,	22	,	12	)
(	6767	,	23	,	12	)
(	6768	,	24	,	12	)
(	6769	,	1	,	12	)
(	6770	,	2	,	12	)
(	6771	,	3	,	12	)
(	6772	,	4	,	12	)
(	6773	,	5	,	12	)
(	6774	,	6	,	12	)
(	6775	,	7	,	12	)
(	6776	,	8	,	12	)
(	6777	,	9	,	12	)
(	6778	,	10	,	12	)
(	6779	,	11	,	12	)
(	6780	,	12	,	12	)
(	6781	,	13	,	12	)
(	6782	,	14	,	12	)
(	6783	,	15	,	12	)
(	6784	,	16	,	12	)
(	6785	,	17	,	12	)
(	6786	,	18	,	12	)
(	6787	,	19	,	12	)
(	6788	,	20	,	12	)
(	6789	,	21	,	12	)
(	6790	,	22	,	12	)
(	6791	,	23	,	12	)
(	6792	,	24	,	12	)
(	6793	,	1	,	12	)
(	6794	,	2	,	12	)
(	6795	,	3	,	12	)
(	6796	,	4	,	12	)
(	6797	,	5	,	12	)
(	6798	,	6	,	12	)
(	6799	,	7	,	12	)
(	6800	,	8	,	12	)
(	6801	,	9	,	12	)
(	6802	,	10	,	12	)
(	6803	,	11	,	12	)
(	6804	,	12	,	12	)
(	6805	,	13	,	12	)
(	6806	,	14	,	12	)
(	6807	,	15	,	12	)
(	6808	,	16	,	12	)
(	6809	,	17	,	12	)
(	6810	,	18	,	12	)
(	6811	,	19	,	12	)
(	6812	,	20	,	12	)
(	6813	,	21	,	12	)
(	6814	,	22	,	12	)
(	6815	,	23	,	12	)
(	6816	,	24	,	12	)
(	6817	,	1	,	12	)
(	6818	,	2	,	12	)
(	6819	,	3	,	12	)
(	6820	,	4	,	12	)
(	6821	,	5	,	12	)
(	6822	,	6	,	12	)
(	6823	,	7	,	12	)
(	6824	,	8	,	12	)
(	6825	,	9	,	12	)
(	6826	,	10	,	12	)
(	6827	,	11	,	12	)
(	6828	,	12	,	12	)
(	6829	,	13	,	12	)
(	6830	,	14	,	12	)
(	6831	,	15	,	12	)
(	6832	,	16	,	12	)
(	6833	,	17	,	12	)
(	6834	,	18	,	12	)
(	6835	,	19	,	12	)
(	6836	,	20	,	12	)
(	6837	,	21	,	12	)
(	6838	,	22	,	12	)
(	6839	,	23	,	12	)
(	6840	,	24	,	12	)
(	6841	,	1	,	12	)
(	6842	,	2	,	12	)
(	6843	,	3	,	12	)
(	6844	,	4	,	12	)
(	6845	,	5	,	12	)
(	6846	,	6	,	12	)
(	6847	,	7	,	12	)
(	6848	,	8	,	12	)
(	6849	,	9	,	12	)
(	6850	,	10	,	12	)
(	6851	,	11	,	12	)
(	6852	,	12	,	12	)
(	6853	,	13	,	12	)
(	6854	,	14	,	12	)
(	6855	,	15	,	12	)
(	6856	,	16	,	12	)
(	6857	,	17	,	12	)
(	6858	,	18	,	12	)
(	6859	,	19	,	12	)
(	6860	,	20	,	12	)
(	6861	,	21	,	12	)
(	6862	,	22	,	12	)
(	6863	,	23	,	12	)
(	6864	,	24	,	12	)
(	6865	,	1	,	16	)
(	6866	,	2	,	16	)
(	6867	,	3	,	16	)
(	6868	,	4	,	16	)
(	6869	,	5	,	16	)
(	6870	,	6	,	16	)
(	6871	,	7	,	16	)
(	6872	,	8	,	16	)
(	6873	,	9	,	16	)
(	6874	,	10	,	16	)
(	6875	,	11	,	16	)
(	6876	,	12	,	16	)
(	6877	,	13	,	16	)
(	6878	,	14	,	16	)
(	6879	,	15	,	16	)
(	6880	,	16	,	16	)
(	6881	,	17	,	16	)
(	6882	,	18	,	16	)
(	6883	,	19	,	16	)
(	6884	,	20	,	16	)
(	6885	,	21	,	16	)
(	6886	,	22	,	16	)
(	6887	,	23	,	16	)
(	6888	,	24	,	16	)
(	6889	,	1	,	12	)
(	6890	,	2	,	12	)
(	6891	,	3	,	12	)
(	6892	,	4	,	12	)
(	6893	,	5	,	12	)
(	6894	,	6	,	12	)
(	6895	,	7	,	12	)
(	6896	,	8	,	12	)
(	6897	,	9	,	12	)
(	6898	,	10	,	12	)
(	6899	,	11	,	12	)
(	6900	,	12	,	12	)
(	6901	,	13	,	12	)
(	6902	,	14	,	12	)
(	6903	,	15	,	12	)
(	6904	,	16	,	12	)
(	6905	,	17	,	12	)
(	6906	,	18	,	12	)
(	6907	,	19	,	12	)
(	6908	,	20	,	12	)
(	6909	,	21	,	12	)
(	6910	,	22	,	12	)
(	6911	,	23	,	12	)
(	6912	,	24	,	12	)
(	6913	,	1	,	16	)
(	6914	,	2	,	16	)
(	6915	,	3	,	16	)
(	6916	,	4	,	16	)
(	6917	,	5	,	16	)
(	6918	,	6	,	16	)
(	6919	,	7	,	16	)
(	6920	,	8	,	16	)
(	6921	,	9	,	16	)
(	6922	,	10	,	16	)
(	6923	,	11	,	16	)
(	6924	,	12	,	16	)
(	6925	,	13	,	16	)
(	6926	,	14	,	16	)
(	6927	,	15	,	16	)
(	6928	,	16	,	16	)
(	6929	,	17	,	16	)
(	6930	,	18	,	16	)
(	6931	,	19	,	16	)
(	6932	,	20	,	16	)
(	6933	,	21	,	16	)
(	6934	,	22	,	16	)
(	6935	,	23	,	16	)
(	6936	,	24	,	16	)
(	6937	,	1	,	12	)
(	6938	,	2	,	12	)
(	6939	,	3	,	12	)
(	6940	,	4	,	12	)
(	6941	,	5	,	12	)
(	6942	,	6	,	12	)
(	6943	,	7	,	12	)
(	6944	,	8	,	12	)
(	6945	,	9	,	12	)
(	6946	,	10	,	12	)
(	6947	,	11	,	12	)
(	6948	,	12	,	12	)
(	6949	,	13	,	12	)
(	6950	,	14	,	12	)
(	6951	,	15	,	12	)
(	6952	,	16	,	12	)
(	6953	,	17	,	12	)
(	6954	,	18	,	12	)
(	6955	,	19	,	12	)
(	6956	,	20	,	12	)
(	6957	,	21	,	12	)
(	6958	,	22	,	12	)
(	6959	,	23	,	12	)
(	6960	,	24	,	12	)
(	6961	,	1	,	12	)
(	6962	,	2	,	12	)
(	6963	,	3	,	12	)
(	6964	,	4	,	12	)
(	6965	,	5	,	12	)
(	6966	,	6	,	12	)
(	6967	,	7	,	12	)
(	6968	,	8	,	12	)
(	6969	,	9	,	12	)
(	6970	,	10	,	12	)
(	6971	,	11	,	12	)
(	6972	,	12	,	12	)
(	6973	,	13	,	12	)
(	6974	,	14	,	12	)
(	6975	,	15	,	12	)
(	6976	,	16	,	12	)
(	6977	,	17	,	12	)
(	6978	,	18	,	12	)
(	6979	,	19	,	12	)
(	6980	,	20	,	12	)
(	6981	,	21	,	12	)
(	6982	,	22	,	12	)
(	6983	,	23	,	12	)
(	6984	,	24	,	12	)
(	6985	,	1	,	15	)
(	6986	,	2	,	15	)
(	6987	,	3	,	15	)
(	6988	,	4	,	15	)
(	6989	,	5	,	15	)
(	6990	,	6	,	15	)
(	6991	,	7	,	15	)
(	6992	,	8	,	15	)
(	6993	,	9	,	15	)
(	6994	,	10	,	15	)
(	6995	,	11	,	15	)
(	6996	,	12	,	15	)
(	6997	,	13	,	15	)
(	6998	,	14	,	15	)
(	6999	,	15	,	15	)
(	7000	,	16	,	15	)
(	7001	,	17	,	15	)
(	7002	,	18	,	15	)
(	7003	,	19	,	15	)
(	7004	,	20	,	15	)
(	7005	,	21	,	15	)
(	7006	,	22	,	15	)
(	7007	,	23	,	15	)
(	7008	,	24	,	15	)
(	7009	,	1	,	12	)
(	7010	,	2	,	12	)
(	7011	,	3	,	12	)
(	7012	,	4	,	12	)
(	7013	,	5	,	12	)
(	7014	,	6	,	12	)
(	7015	,	7	,	12	)
(	7016	,	8	,	12	)
(	7017	,	9	,	12	)
(	7018	,	10	,	12	)
(	7019	,	11	,	12	)
(	7020	,	12	,	12	)
(	7021	,	13	,	12	)
(	7022	,	14	,	12	)
(	7023	,	15	,	12	)
(	7024	,	16	,	12	)
(	7025	,	17	,	12	)
(	7026	,	18	,	12	)
(	7027	,	19	,	12	)
(	7028	,	20	,	12	)
(	7029	,	21	,	12	)
(	7030	,	22	,	12	)
(	7031	,	23	,	12	)
(	7032	,	24	,	12	)
(	7033	,	1	,	12	)
(	7034	,	2	,	12	)
(	7035	,	3	,	12	)
(	7036	,	4	,	12	)
(	7037	,	5	,	12	)
(	7038	,	6	,	12	)
(	7039	,	7	,	12	)
(	7040	,	8	,	12	)
(	7041	,	9	,	12	)
(	7042	,	10	,	12	)
(	7043	,	11	,	12	)
(	7044	,	12	,	12	)
(	7045	,	13	,	12	)
(	7046	,	14	,	12	)
(	7047	,	15	,	12	)
(	7048	,	16	,	12	)
(	7049	,	17	,	12	)
(	7050	,	18	,	12	)
(	7051	,	19	,	12	)
(	7052	,	20	,	12	)
(	7053	,	21	,	12	)
(	7054	,	22	,	12	)
(	7055	,	23	,	12	)
(	7056	,	24	,	12	)
(	7057	,	1	,	12	)
(	7058	,	2	,	12	)
(	7059	,	3	,	12	)
(	7060	,	4	,	12	)
(	7061	,	5	,	12	)
(	7062	,	6	,	12	)
(	7063	,	7	,	12	)
(	7064	,	8	,	12	)
(	7065	,	9	,	12	)
(	7066	,	10	,	12	)
(	7067	,	11	,	12	)
(	7068	,	12	,	12	)
(	7069	,	13	,	12	)
(	7070	,	14	,	12	)
(	7071	,	15	,	12	)
(	7072	,	16	,	12	)
(	7073	,	17	,	12	)
(	7074	,	18	,	12	)
(	7075	,	19	,	12	)
(	7076	,	20	,	12	)
(	7077	,	21	,	12	)
(	7078	,	22	,	12	)
(	7079	,	23	,	12	)
(	7080	,	24	,	12	)
(	7081	,	1	,	12	)
(	7082	,	2	,	12	)
(	7083	,	3	,	12	)
(	7084	,	4	,	12	)
(	7085	,	5	,	12	)
(	7086	,	6	,	12	)
(	7087	,	7	,	12	)
(	7088	,	8	,	12	)
(	7089	,	9	,	12	)
(	7090	,	10	,	12	)
(	7091	,	11	,	12	)
(	7092	,	12	,	12	)
(	7093	,	13	,	12	)
(	7094	,	14	,	12	)
(	7095	,	15	,	12	)
(	7096	,	16	,	12	)
(	7097	,	17	,	12	)
(	7098	,	18	,	12	)
(	7099	,	19	,	12	)
(	7100	,	20	,	12	)
(	7101	,	21	,	12	)
(	7102	,	22	,	12	)
(	7103	,	23	,	12	)
(	7104	,	24	,	12	)
(	7105	,	1	,	16	)
(	7106	,	2	,	16	)
(	7107	,	3	,	16	)
(	7108	,	4	,	16	)
(	7109	,	5	,	16	)
(	7110	,	6	,	16	)
(	7111	,	7	,	16	)
(	7112	,	8	,	16	)
(	7113	,	9	,	16	)
(	7114	,	10	,	16	)
(	7115	,	11	,	16	)
(	7116	,	12	,	16	)
(	7117	,	13	,	16	)
(	7118	,	14	,	16	)
(	7119	,	15	,	16	)
(	7120	,	16	,	16	)
(	7121	,	17	,	16	)
(	7122	,	18	,	16	)
(	7123	,	19	,	16	)
(	7124	,	20	,	16	)
(	7125	,	21	,	16	)
(	7126	,	22	,	16	)
(	7127	,	23	,	16	)
(	7128	,	24	,	16	)
(	7129	,	1	,	12	)
(	7130	,	2	,	12	)
(	7131	,	3	,	12	)
(	7132	,	4	,	12	)
(	7133	,	5	,	12	)
(	7134	,	6	,	12	)
(	7135	,	7	,	12	)
(	7136	,	8	,	12	)
(	7137	,	9	,	12	)
(	7138	,	10	,	12	)
(	7139	,	11	,	12	)
(	7140	,	12	,	12	)
(	7141	,	13	,	12	)
(	7142	,	14	,	12	)
(	7143	,	15	,	12	)
(	7144	,	16	,	12	)
(	7145	,	17	,	12	)
(	7146	,	18	,	12	)
(	7147	,	19	,	12	)
(	7148	,	20	,	12	)
(	7149	,	21	,	12	)
(	7150	,	22	,	12	)
(	7151	,	23	,	12	)
(	7152	,	24	,	12	)
(	7153	,	1	,	15	)
(	7154	,	2	,	15	)
(	7155	,	3	,	15	)
(	7156	,	4	,	15	)
(	7157	,	5	,	15	)
(	7158	,	6	,	15	)
(	7159	,	7	,	15	)
(	7160	,	8	,	15	)
(	7161	,	9	,	15	)
(	7162	,	10	,	15	)
(	7163	,	11	,	15	)
(	7164	,	12	,	15	)
(	7165	,	13	,	15	)
(	7166	,	14	,	15	)
(	7167	,	15	,	15	)
(	7168	,	16	,	15	)
(	7169	,	17	,	15	)
(	7170	,	18	,	15	)
(	7171	,	19	,	15	)
(	7172	,	20	,	15	)
(	7173	,	21	,	15	)
(	7174	,	22	,	15	)
(	7175	,	23	,	15	)
(	7176	,	24	,	15	)
(	7177	,	1	,	15	)
(	7178	,	2	,	15	)
(	7179	,	3	,	15	)
(	7180	,	4	,	15	)
(	7181	,	5	,	15	)
(	7182	,	6	,	15	)
(	7183	,	7	,	15	)
(	7184	,	8	,	15	)
(	7185	,	9	,	15	)
(	7186	,	10	,	15	)
(	7187	,	11	,	15	)
(	7188	,	12	,	15	)
(	7189	,	13	,	15	)
(	7190	,	14	,	15	)
(	7191	,	15	,	15	)
(	7192	,	16	,	15	)
(	7193	,	17	,	15	)
(	7194	,	18	,	15	)
(	7195	,	19	,	15	)
(	7196	,	20	,	15	)
(	7197	,	21	,	15	)
(	7198	,	22	,	15	)
(	7199	,	23	,	15	)
(	7200	,	24	,	15	)
(	7201	,	1	,	13	)
(	7202	,	2	,	13	)
(	7203	,	3	,	13	)
(	7204	,	4	,	13	)
(	7205	,	5	,	13	)
(	7206	,	6	,	13	)
(	7207	,	7	,	13	)
(	7208	,	8	,	13	)
(	7209	,	9	,	13	)
(	7210	,	10	,	13	)
(	7211	,	11	,	13	)
(	7212	,	12	,	13	)
(	7213	,	13	,	13	)
(	7214	,	14	,	13	)
(	7215	,	15	,	13	)
(	7216	,	16	,	13	)
(	7217	,	17	,	13	)
(	7218	,	18	,	13	)
(	7219	,	19	,	13	)
(	7220	,	20	,	13	)
(	7221	,	21	,	13	)
(	7222	,	22	,	13	)
(	7223	,	23	,	13	)
(	7224	,	24	,	13	)
(	7225	,	1	,	13	)
(	7226	,	2	,	13	)
(	7227	,	3	,	13	)
(	7228	,	4	,	13	)
(	7229	,	5	,	13	)
(	7230	,	6	,	13	)
(	7231	,	7	,	13	)
(	7232	,	8	,	13	)
(	7233	,	9	,	13	)
(	7234	,	10	,	13	)
(	7235	,	11	,	13	)
(	7236	,	12	,	13	)
(	7237	,	13	,	13	)
(	7238	,	14	,	13	)
(	7239	,	15	,	13	)
(	7240	,	16	,	13	)
(	7241	,	17	,	13	)
(	7242	,	18	,	13	)
(	7243	,	19	,	13	)
(	7244	,	20	,	13	)
(	7245	,	21	,	13	)
(	7246	,	22	,	13	)
(	7247	,	23	,	13	)
(	7248	,	24	,	13	)
(	7249	,	1	,	16	)
(	7250	,	2	,	16	)
(	7251	,	3	,	16	)
(	7252	,	4	,	16	)
(	7253	,	5	,	16	)
(	7254	,	6	,	16	)
(	7255	,	7	,	16	)
(	7256	,	8	,	16	)
(	7257	,	9	,	16	)
(	7258	,	10	,	16	)
(	7259	,	11	,	16	)
(	7260	,	12	,	16	)
(	7261	,	13	,	16	)
(	7262	,	14	,	16	)
(	7263	,	15	,	16	)
(	7264	,	16	,	16	)
(	7265	,	17	,	16	)
(	7266	,	18	,	16	)
(	7267	,	19	,	16	)
(	7268	,	20	,	16	)
(	7269	,	21	,	16	)
(	7270	,	22	,	16	)
(	7271	,	23	,	16	)
(	7272	,	24	,	16	)
(	7273	,	1	,	13	)
(	7274	,	2	,	13	)
(	7275	,	3	,	13	)
(	7276	,	4	,	13	)
(	7277	,	5	,	13	)
(	7278	,	6	,	13	)
(	7279	,	7	,	13	)
(	7280	,	8	,	13	)
(	7281	,	9	,	13	)
(	7282	,	10	,	13	)
(	7283	,	11	,	13	)
(	7284	,	12	,	13	)
(	7285	,	13	,	13	)
(	7286	,	14	,	13	)
(	7287	,	15	,	13	)
(	7288	,	16	,	13	)
(	7289	,	17	,	13	)
(	7290	,	18	,	13	)
(	7291	,	19	,	13	)
(	7292	,	20	,	13	)
(	7293	,	21	,	13	)
(	7294	,	22	,	13	)
(	7295	,	23	,	13	)
(	7296	,	24	,	13	)
(	7297	,	1	,	12	)
(	7298	,	2	,	12	)
(	7299	,	3	,	12	)
(	7300	,	4	,	12	)
(	7301	,	5	,	12	)
(	7302	,	6	,	12	)
(	7303	,	7	,	12	)
(	7304	,	8	,	12	)
(	7305	,	9	,	12	)
(	7306	,	10	,	12	)
(	7307	,	11	,	12	)
(	7308	,	12	,	12	)
(	7309	,	13	,	12	)
(	7310	,	14	,	12	)
(	7311	,	15	,	12	)
(	7312	,	16	,	12	)
(	7313	,	17	,	12	)
(	7314	,	18	,	12	)
(	7315	,	19	,	12	)
(	7316	,	20	,	12	)
(	7317	,	21	,	12	)
(	7318	,	22	,	12	)
(	7319	,	23	,	12	)
(	7320	,	24	,	12	)
(	7321	,	1	,	12	)
(	7322	,	2	,	12	)
(	7323	,	3	,	12	)
(	7324	,	4	,	12	)
(	7325	,	5	,	12	)
(	7326	,	6	,	12	)
(	7327	,	7	,	12	)
(	7328	,	8	,	12	)
(	7329	,	9	,	12	)
(	7330	,	10	,	12	)
(	7331	,	11	,	12	)
(	7332	,	12	,	12	)
(	7333	,	13	,	12	)
(	7334	,	14	,	12	)
(	7335	,	15	,	12	)
(	7336	,	16	,	12	)
(	7337	,	17	,	12	)
(	7338	,	18	,	12	)
(	7339	,	19	,	12	)
(	7340	,	20	,	12	)
(	7341	,	21	,	12	)
(	7342	,	22	,	12	)
(	7343	,	23	,	12	)
(	7344	,	24	,	12	)
(	7345	,	1	,	15	)
(	7346	,	2	,	15	)
(	7347	,	3	,	15	)
(	7348	,	4	,	15	)
(	7349	,	5	,	15	)
(	7350	,	6	,	15	)
(	7351	,	7	,	15	)
(	7352	,	8	,	15	)
(	7353	,	9	,	15	)
(	7354	,	10	,	15	)
(	7355	,	11	,	15	)
(	7356	,	12	,	15	)
(	7357	,	13	,	15	)
(	7358	,	14	,	15	)
(	7359	,	15	,	15	)
(	7360	,	16	,	15	)
(	7361	,	17	,	15	)
(	7362	,	18	,	15	)
(	7363	,	19	,	15	)
(	7364	,	20	,	15	)
(	7365	,	21	,	15	)
(	7366	,	22	,	15	)
(	7367	,	23	,	15	)
(	7368	,	24	,	15	)
(	7369	,	1	,	12	)
(	7370	,	2	,	12	)
(	7371	,	3	,	12	)
(	7372	,	4	,	12	)
(	7373	,	5	,	12	)
(	7374	,	6	,	12	)
(	7375	,	7	,	12	)
(	7376	,	8	,	12	)
(	7377	,	9	,	12	)
(	7378	,	10	,	12	)
(	7379	,	11	,	12	)
(	7380	,	12	,	12	)
(	7381	,	13	,	12	)
(	7382	,	14	,	12	)
(	7383	,	15	,	12	)
(	7384	,	16	,	12	)
(	7385	,	17	,	12	)
(	7386	,	18	,	12	)
(	7387	,	19	,	12	)
(	7388	,	20	,	12	)
(	7389	,	21	,	12	)
(	7390	,	22	,	12	)
(	7391	,	23	,	12	)
(	7392	,	24	,	12	)
(	7393	,	1	,	16	)
(	7394	,	2	,	16	)
(	7395	,	3	,	16	)
(	7396	,	4	,	16	)
(	7397	,	5	,	16	)
(	7398	,	6	,	16	)
(	7399	,	7	,	16	)
(	7400	,	8	,	16	)
(	7401	,	9	,	16	)
(	7402	,	10	,	16	)
(	7403	,	11	,	16	)
(	7404	,	12	,	16	)
(	7405	,	13	,	16	)
(	7406	,	14	,	16	)
(	7407	,	15	,	16	)
(	7408	,	16	,	16	)
(	7409	,	17	,	16	)
(	7410	,	18	,	16	)
(	7411	,	19	,	16	)
(	7412	,	20	,	16	)
(	7413	,	21	,	16	)
(	7414	,	22	,	16	)
(	7415	,	23	,	16	)
(	7416	,	24	,	16	)
(	7417	,	1	,	16	)
(	7418	,	2	,	16	)
(	7419	,	3	,	16	)
(	7420	,	4	,	16	)
(	7421	,	5	,	16	)
(	7422	,	6	,	16	)
(	7423	,	7	,	16	)
(	7424	,	8	,	16	)
(	7425	,	9	,	16	)
(	7426	,	10	,	16	)
(	7427	,	11	,	16	)
(	7428	,	12	,	16	)
(	7429	,	13	,	16	)
(	7430	,	14	,	16	)
(	7431	,	15	,	16	)
(	7432	,	16	,	16	)
(	7433	,	17	,	16	)
(	7434	,	18	,	16	)
(	7435	,	19	,	16	)
(	7436	,	20	,	16	)
(	7437	,	21	,	16	)
(	7438	,	22	,	16	)
(	7439	,	23	,	16	)
(	7440	,	24	,	16	)
(	7441	,	1	,	12	)
(	7442	,	2	,	12	)
(	7443	,	3	,	12	)
(	7444	,	4	,	12	)
(	7445	,	5	,	12	)
(	7446	,	6	,	12	)
(	7447	,	7	,	12	)
(	7448	,	8	,	12	)
(	7449	,	9	,	12	)
(	7450	,	10	,	12	)
(	7451	,	11	,	12	)
(	7452	,	12	,	12	)
(	7453	,	13	,	12	)
(	7454	,	14	,	12	)
(	7455	,	15	,	12	)
(	7456	,	16	,	12	)
(	7457	,	17	,	12	)
(	7458	,	18	,	12	)
(	7459	,	19	,	12	)
(	7460	,	20	,	12	)
(	7461	,	21	,	12	)
(	7462	,	22	,	12	)
(	7463	,	23	,	12	)
(	7464	,	24	,	12	)
(	7465	,	1	,	12	)
(	7466	,	2	,	12	)
(	7467	,	3	,	12	)
(	7468	,	4	,	12	)
(	7469	,	5	,	12	)
(	7470	,	6	,	12	)
(	7471	,	7	,	12	)
(	7472	,	8	,	12	)
(	7473	,	9	,	12	)
(	7474	,	10	,	12	)
(	7475	,	11	,	12	)
(	7476	,	12	,	12	)
(	7477	,	13	,	12	)
(	7478	,	14	,	12	)
(	7479	,	15	,	12	)
(	7480	,	16	,	12	)
(	7481	,	17	,	12	)
(	7482	,	18	,	12	)
(	7483	,	19	,	12	)
(	7484	,	20	,	12	)
(	7485	,	21	,	12	)
(	7486	,	22	,	12	)
(	7487	,	23	,	12	)
(	7488	,	24	,	12	)
(	7489	,	1	,	15	)
(	7490	,	2	,	15	)
(	7491	,	3	,	15	)
(	7492	,	4	,	15	)
(	7493	,	5	,	15	)
(	7494	,	6	,	15	)
(	7495	,	7	,	15	)
(	7496	,	8	,	15	)
(	7497	,	9	,	15	)
(	7498	,	10	,	15	)
(	7499	,	11	,	15	)
(	7500	,	12	,	15	)
(	7501	,	13	,	15	)
(	7502	,	14	,	15	)
(	7503	,	15	,	15	)
(	7504	,	16	,	15	)
(	7505	,	17	,	15	)
(	7506	,	18	,	15	)
(	7507	,	19	,	15	)
(	7508	,	20	,	15	)
(	7509	,	21	,	15	)
(	7510	,	22	,	15	)
(	7511	,	23	,	15	)
(	7512	,	24	,	15	)
(	7513	,	1	,	15	)
(	7514	,	2	,	15	)
(	7515	,	3	,	15	)
(	7516	,	4	,	15	)
(	7517	,	5	,	15	)
(	7518	,	6	,	15	)
(	7519	,	7	,	15	)
(	7520	,	8	,	15	)
(	7521	,	9	,	15	)
(	7522	,	10	,	15	)
(	7523	,	11	,	15	)
(	7524	,	12	,	15	)
(	7525	,	13	,	15	)
(	7526	,	14	,	15	)
(	7527	,	15	,	15	)
(	7528	,	16	,	15	)
(	7529	,	17	,	15	)
(	7530	,	18	,	15	)
(	7531	,	19	,	15	)
(	7532	,	20	,	15	)
(	7533	,	21	,	15	)
(	7534	,	22	,	15	)
(	7535	,	23	,	15	)
(	7536	,	24	,	15	)
(	7537	,	1	,	13	)
(	7538	,	2	,	13	)
(	7539	,	3	,	13	)
(	7540	,	4	,	13	)
(	7541	,	5	,	13	)
(	7542	,	6	,	13	)
(	7543	,	7	,	13	)
(	7544	,	8	,	13	)
(	7545	,	9	,	13	)
(	7546	,	10	,	13	)
(	7547	,	11	,	13	)
(	7548	,	12	,	13	)
(	7549	,	13	,	13	)
(	7550	,	14	,	13	)
(	7551	,	15	,	13	)
(	7552	,	16	,	13	)
(	7553	,	17	,	13	)
(	7554	,	18	,	13	)
(	7555	,	19	,	13	)
(	7556	,	20	,	13	)
(	7557	,	21	,	13	)
(	7558	,	22	,	13	)
(	7559	,	23	,	13	)
(	7560	,	24	,	13	)
(	7561	,	1	,	13	)
(	7562	,	2	,	13	)
(	7563	,	3	,	13	)
(	7564	,	4	,	13	)
(	7565	,	5	,	13	)
(	7566	,	6	,	13	)
(	7567	,	7	,	13	)
(	7568	,	8	,	13	)
(	7569	,	9	,	13	)
(	7570	,	10	,	13	)
(	7571	,	11	,	13	)
(	7572	,	12	,	13	)
(	7573	,	13	,	13	)
(	7574	,	14	,	13	)
(	7575	,	15	,	13	)
(	7576	,	16	,	13	)
(	7577	,	17	,	13	)
(	7578	,	18	,	13	)
(	7579	,	19	,	13	)
(	7580	,	20	,	13	)
(	7581	,	21	,	13	)
(	7582	,	22	,	13	)
(	7583	,	23	,	13	)
(	7584	,	24	,	13	)
(	7585	,	1	,	16	)
(	7586	,	2	,	16	)
(	7587	,	3	,	16	)
(	7588	,	4	,	16	)
(	7589	,	5	,	16	)
(	7590	,	6	,	16	)
(	7591	,	7	,	16	)
(	7592	,	8	,	16	)
(	7593	,	9	,	16	)
(	7594	,	10	,	16	)
(	7595	,	11	,	16	)
(	7596	,	12	,	16	)
(	7597	,	13	,	16	)
(	7598	,	14	,	16	)
(	7599	,	15	,	16	)
(	7600	,	16	,	16	)
(	7601	,	17	,	16	)
(	7602	,	18	,	16	)
(	7603	,	19	,	16	)
(	7604	,	20	,	16	)
(	7605	,	21	,	16	)
(	7606	,	22	,	16	)
(	7607	,	23	,	16	)
(	7608	,	24	,	16	)
(	7609	,	1	,	13	)
(	7610	,	2	,	13	)
(	7611	,	3	,	13	)
(	7612	,	4	,	13	)
(	7613	,	5	,	13	)
(	7614	,	6	,	13	)
(	7615	,	7	,	13	)
(	7616	,	8	,	13	)
(	7617	,	9	,	13	)
(	7618	,	10	,	13	)
(	7619	,	11	,	13	)
(	7620	,	12	,	13	)
(	7621	,	13	,	13	)
(	7622	,	14	,	13	)
(	7623	,	15	,	13	)
(	7624	,	16	,	13	)
(	7625	,	17	,	13	)
(	7626	,	18	,	13	)
(	7627	,	19	,	13	)
(	7628	,	20	,	13	)
(	7629	,	21	,	13	)
(	7630	,	22	,	13	)
(	7631	,	23	,	13	)
(	7632	,	24	,	13	)
(	7633	,	1	,	14	)
(	7634	,	2	,	14	)
(	7635	,	3	,	14	)
(	7636	,	4	,	14	)
(	7637	,	5	,	14	)
(	7638	,	6	,	14	)
(	7639	,	7	,	14	)
(	7640	,	8	,	14	)
(	7641	,	9	,	14	)
(	7642	,	10	,	14	)
(	7643	,	11	,	14	)
(	7644	,	12	,	14	)
(	7645	,	13	,	14	)
(	7646	,	14	,	14	)
(	7647	,	15	,	14	)
(	7648	,	16	,	14	)
(	7649	,	17	,	14	)
(	7650	,	18	,	14	)
(	7651	,	19	,	14	)
(	7652	,	20	,	14	)
(	7653	,	21	,	14	)
(	7654	,	22	,	14	)
(	7655	,	23	,	14	)
(	7656	,	24	,	14	)
(	7657	,	1	,	15	)
(	7658	,	2	,	15	)
(	7659	,	3	,	15	)
(	7660	,	4	,	15	)
(	7661	,	5	,	15	)
(	7662	,	6	,	15	)
(	7663	,	7	,	15	)
(	7664	,	8	,	15	)
(	7665	,	9	,	15	)
(	7666	,	10	,	15	)
(	7667	,	11	,	15	)
(	7668	,	12	,	15	)
(	7669	,	13	,	15	)
(	7670	,	14	,	15	)
(	7671	,	15	,	15	)
(	7672	,	16	,	15	)
(	7673	,	17	,	15	)
(	7674	,	18	,	15	)
(	7675	,	19	,	15	)
(	7676	,	20	,	15	)
(	7677	,	21	,	15	)
(	7678	,	22	,	15	)
(	7679	,	23	,	15	)
(	7680	,	24	,	15	)
(	7681	,	1	,	15	)
(	7682	,	2	,	15	)
(	7683	,	3	,	15	)
(	7684	,	4	,	15	)
(	7685	,	5	,	15	)
(	7686	,	6	,	15	)
(	7687	,	7	,	15	)
(	7688	,	8	,	15	)
(	7689	,	9	,	15	)
(	7690	,	10	,	15	)
(	7691	,	11	,	15	)
(	7692	,	12	,	15	)
(	7693	,	13	,	15	)
(	7694	,	14	,	15	)
(	7695	,	15	,	15	)
(	7696	,	16	,	15	)
(	7697	,	17	,	15	)
(	7698	,	18	,	15	)
(	7699	,	19	,	15	)
(	7700	,	20	,	15	)
(	7701	,	21	,	15	)
(	7702	,	22	,	15	)
(	7703	,	23	,	15	)
(	7704	,	24	,	15	)
(	7705	,	1	,	13	)
(	7706	,	2	,	13	)
(	7707	,	3	,	13	)
(	7708	,	4	,	13	)
(	7709	,	5	,	13	)
(	7710	,	6	,	13	)
(	7711	,	7	,	13	)
(	7712	,	8	,	13	)
(	7713	,	9	,	13	)
(	7714	,	10	,	13	)
(	7715	,	11	,	13	)
(	7716	,	12	,	13	)
(	7717	,	13	,	13	)
(	7718	,	14	,	13	)
(	7719	,	15	,	13	)
(	7720	,	16	,	13	)
(	7721	,	17	,	13	)
(	7722	,	18	,	13	)
(	7723	,	19	,	13	)
(	7724	,	20	,	13	)
(	7725	,	21	,	13	)
(	7726	,	22	,	13	)
(	7727	,	23	,	13	)
(	7728	,	24	,	13	)
(	7729	,	1	,	16	)
(	7730	,	2	,	16	)
(	7731	,	3	,	16	)
(	7732	,	4	,	16	)
(	7733	,	5	,	16	)
(	7734	,	6	,	16	)
(	7735	,	7	,	16	)
(	7736	,	8	,	16	)
(	7737	,	9	,	16	)
(	7738	,	10	,	16	)
(	7739	,	11	,	16	)
(	7740	,	12	,	16	)
(	7741	,	13	,	16	)
(	7742	,	14	,	16	)
(	7743	,	15	,	16	)
(	7744	,	16	,	16	)
(	7745	,	17	,	16	)
(	7746	,	18	,	16	)
(	7747	,	19	,	16	)
(	7748	,	20	,	16	)
(	7749	,	21	,	16	)
(	7750	,	22	,	16	)
(	7751	,	23	,	16	)
(	7752	,	24	,	16	)
(	7753	,	1	,	16	)
(	7754	,	2	,	16	)
(	7755	,	3	,	16	)
(	7756	,	4	,	16	)
(	7757	,	5	,	16	)
(	7758	,	6	,	16	)
(	7759	,	7	,	16	)
(	7760	,	8	,	16	)
(	7761	,	9	,	16	)
(	7762	,	10	,	16	)
(	7763	,	11	,	16	)
(	7764	,	12	,	16	)
(	7765	,	13	,	16	)
(	7766	,	14	,	16	)
(	7767	,	15	,	16	)
(	7768	,	16	,	16	)
(	7769	,	17	,	16	)
(	7770	,	18	,	16	)
(	7771	,	19	,	16	)
(	7772	,	20	,	16	)
(	7773	,	21	,	16	)
(	7774	,	22	,	16	)
(	7775	,	23	,	16	)
(	7776	,	24	,	16	)
(	7777	,	1	,	16	)
(	7778	,	2	,	16	)
(	7779	,	3	,	16	)
(	7780	,	4	,	16	)
(	7781	,	5	,	16	)
(	7782	,	6	,	16	)
(	7783	,	7	,	16	)
(	7784	,	8	,	16	)
(	7785	,	9	,	16	)
(	7786	,	10	,	16	)
(	7787	,	11	,	16	)
(	7788	,	12	,	16	)
(	7789	,	13	,	16	)
(	7790	,	14	,	16	)
(	7791	,	15	,	16	)
(	7792	,	16	,	16	)
(	7793	,	17	,	16	)
(	7794	,	18	,	16	)
(	7795	,	19	,	16	)
(	7796	,	20	,	16	)
(	7797	,	21	,	16	)
(	7798	,	22	,	16	)
(	7799	,	23	,	16	)
(	7800	,	24	,	16	)
(	7801	,	1	,	16	)
(	7802	,	2	,	16	)
(	7803	,	3	,	16	)
(	7804	,	4	,	16	)
(	7805	,	5	,	16	)
(	7806	,	6	,	16	)
(	7807	,	7	,	16	)
(	7808	,	8	,	16	)
(	7809	,	9	,	16	)
(	7810	,	10	,	16	)
(	7811	,	11	,	16	)
(	7812	,	12	,	16	)
(	7813	,	13	,	16	)
(	7814	,	14	,	16	)
(	7815	,	15	,	16	)
(	7816	,	16	,	16	)
(	7817	,	17	,	16	)
(	7818	,	18	,	16	)
(	7819	,	19	,	16	)
(	7820	,	20	,	16	)
(	7821	,	21	,	16	)
(	7822	,	22	,	16	)
(	7823	,	23	,	16	)
(	7824	,	24	,	16	)
(	7825	,	1	,	14	)
(	7826	,	2	,	14	)
(	7827	,	3	,	14	)
(	7828	,	4	,	14	)
(	7829	,	5	,	14	)
(	7830	,	6	,	14	)
(	7831	,	7	,	14	)
(	7832	,	8	,	14	)
(	7833	,	9	,	14	)
(	7834	,	10	,	14	)
(	7835	,	11	,	14	)
(	7836	,	12	,	14	)
(	7837	,	13	,	14	)
(	7838	,	14	,	14	)
(	7839	,	15	,	14	)
(	7840	,	16	,	14	)
(	7841	,	17	,	14	)
(	7842	,	18	,	14	)
(	7843	,	19	,	14	)
(	7844	,	20	,	14	)
(	7845	,	21	,	14	)
(	7846	,	22	,	14	)
(	7847	,	23	,	14	)
(	7848	,	24	,	14	)
(	7849	,	1	,	13	)
(	7850	,	2	,	13	)
(	7851	,	3	,	13	)
(	7852	,	4	,	13	)
(	7853	,	5	,	13	)
(	7854	,	6	,	13	)
(	7855	,	7	,	13	)
(	7856	,	8	,	13	)
(	7857	,	9	,	13	)
(	7858	,	10	,	13	)
(	7859	,	11	,	13	)
(	7860	,	12	,	13	)
(	7861	,	13	,	13	)
(	7862	,	14	,	13	)
(	7863	,	15	,	13	)
(	7864	,	16	,	13	)
(	7865	,	17	,	13	)
(	7866	,	18	,	13	)
(	7867	,	19	,	13	)
(	7868	,	20	,	13	)
(	7869	,	21	,	13	)
(	7870	,	22	,	13	)
(	7871	,	23	,	13	)
(	7872	,	24	,	13	)
(	7873	,	1	,	13	)
(	7874	,	2	,	13	)
(	7875	,	3	,	13	)
(	7876	,	4	,	13	)
(	7877	,	5	,	13	)
(	7878	,	6	,	13	)
(	7879	,	7	,	13	)
(	7880	,	8	,	13	)
(	7881	,	9	,	13	)
(	7882	,	10	,	13	)
(	7883	,	11	,	13	)
(	7884	,	12	,	13	)
(	7885	,	13	,	13	)
(	7886	,	14	,	13	)
(	7887	,	15	,	13	)
(	7888	,	16	,	13	)
(	7889	,	17	,	13	)
(	7890	,	18	,	13	)
(	7891	,	19	,	13	)
(	7892	,	20	,	13	)
(	7893	,	21	,	13	)
(	7894	,	22	,	13	)
(	7895	,	23	,	13	)
(	7896	,	24	,	13	)
(	7897	,	1	,	14	)
(	7898	,	2	,	14	)
(	7899	,	3	,	14	)
(	7900	,	4	,	14	)
(	7901	,	5	,	14	)
(	7902	,	6	,	14	)
(	7903	,	7	,	14	)
(	7904	,	8	,	14	)
(	7905	,	9	,	14	)
(	7906	,	10	,	14	)
(	7907	,	11	,	14	)
(	7908	,	12	,	14	)
(	7909	,	13	,	14	)
(	7910	,	14	,	14	)
(	7911	,	15	,	14	)
(	7912	,	16	,	14	)
(	7913	,	17	,	14	)
(	7914	,	18	,	14	)
(	7915	,	19	,	14	)
(	7916	,	20	,	14	)
(	7917	,	21	,	14	)
(	7918	,	22	,	14	)
(	7919	,	23	,	14	)
(	7920	,	24	,	14	)
(	7921	,	1	,	13	)
(	7922	,	2	,	13	)
(	7923	,	3	,	13	)
(	7924	,	4	,	13	)
(	7925	,	5	,	13	)
(	7926	,	6	,	13	)
(	7927	,	7	,	13	)
(	7928	,	8	,	13	)
(	7929	,	9	,	13	)
(	7930	,	10	,	13	)
(	7931	,	11	,	13	)
(	7932	,	12	,	13	)
(	7933	,	13	,	13	)
(	7934	,	14	,	13	)
(	7935	,	15	,	13	)
(	7936	,	16	,	13	)
(	7937	,	17	,	13	)
(	7938	,	18	,	13	)
(	7939	,	19	,	13	)
(	7940	,	20	,	13	)
(	7941	,	21	,	13	)
(	7942	,	22	,	13	)
(	7943	,	23	,	13	)
(	7944	,	24	,	13	)
(	7945	,	1	,	16	)
(	7946	,	2	,	16	)
(	7947	,	3	,	16	)
(	7948	,	4	,	16	)
(	7949	,	5	,	16	)
(	7950	,	6	,	16	)
(	7951	,	7	,	16	)
(	7952	,	8	,	16	)
(	7953	,	9	,	16	)
(	7954	,	10	,	16	)
(	7955	,	11	,	16	)
(	7956	,	12	,	16	)
(	7957	,	13	,	16	)
(	7958	,	14	,	16	)
(	7959	,	15	,	16	)
(	7960	,	16	,	16	)
(	7961	,	17	,	16	)
(	7962	,	18	,	16	)
(	7963	,	19	,	16	)
(	7964	,	20	,	16	)
(	7965	,	21	,	16	)
(	7966	,	22	,	16	)
(	7967	,	23	,	16	)
(	7968	,	24	,	16	)
(	7969	,	1	,	16	)
(	7970	,	2	,	16	)
(	7971	,	3	,	16	)
(	7972	,	4	,	16	)
(	7973	,	5	,	16	)
(	7974	,	6	,	16	)
(	7975	,	7	,	16	)
(	7976	,	8	,	16	)
(	7977	,	9	,	16	)
(	7978	,	10	,	16	)
(	7979	,	11	,	16	)
(	7980	,	12	,	16	)
(	7981	,	13	,	16	)
(	7982	,	14	,	16	)
(	7983	,	15	,	16	)
(	7984	,	16	,	16	)
(	7985	,	17	,	16	)
(	7986	,	18	,	16	)
(	7987	,	19	,	16	)
(	7988	,	20	,	16	)
(	7989	,	21	,	16	)
(	7990	,	22	,	16	)
(	7991	,	23	,	16	)
(	7992	,	24	,	16	)
(	7993	,	1	,	15	)
(	7994	,	2	,	15	)
(	7995	,	3	,	15	)
(	7996	,	4	,	15	)
(	7997	,	5	,	15	)
(	7998	,	6	,	15	)
(	7999	,	7	,	15	)
(	8000	,	8	,	15	)
(	8001	,	9	,	15	)
(	8002	,	10	,	15	)
(	8003	,	11	,	15	)
(	8004	,	12	,	15	)
(	8005	,	13	,	15	)
(	8006	,	14	,	15	)
(	8007	,	15	,	15	)
(	8008	,	16	,	15	)
(	8009	,	17	,	15	)
(	8010	,	18	,	15	)
(	8011	,	19	,	15	)
(	8012	,	20	,	15	)
(	8013	,	21	,	15	)
(	8014	,	22	,	15	)
(	8015	,	23	,	15	)
(	8016	,	24	,	15	)
(	8017	,	1	,	15	)
(	8018	,	2	,	15	)
(	8019	,	3	,	15	)
(	8020	,	4	,	15	)
(	8021	,	5	,	15	)
(	8022	,	6	,	15	)
(	8023	,	7	,	15	)
(	8024	,	8	,	15	)
(	8025	,	9	,	15	)
(	8026	,	10	,	15	)
(	8027	,	11	,	15	)
(	8028	,	12	,	15	)
(	8029	,	13	,	15	)
(	8030	,	14	,	15	)
(	8031	,	15	,	15	)
(	8032	,	16	,	15	)
(	8033	,	17	,	15	)
(	8034	,	18	,	15	)
(	8035	,	19	,	15	)
(	8036	,	20	,	15	)
(	8037	,	21	,	15	)
(	8038	,	22	,	15	)
(	8039	,	23	,	15	)
(	8040	,	24	,	15	)
(	8041	,	1	,	14	)
(	8042	,	2	,	14	)
(	8043	,	3	,	14	)
(	8044	,	4	,	14	)
(	8045	,	5	,	14	)
(	8046	,	6	,	14	)
(	8047	,	7	,	14	)
(	8048	,	8	,	14	)
(	8049	,	9	,	14	)
(	8050	,	10	,	14	)
(	8051	,	11	,	14	)
(	8052	,	12	,	14	)
(	8053	,	13	,	14	)
(	8054	,	14	,	14	)
(	8055	,	15	,	14	)
(	8056	,	16	,	14	)
(	8057	,	17	,	14	)
(	8058	,	18	,	14	)
(	8059	,	19	,	14	)
(	8060	,	20	,	14	)
(	8061	,	21	,	14	)
(	8062	,	22	,	14	)
(	8063	,	23	,	14	)
(	8064	,	24	,	14	)
(	8065	,	1	,	14	)
(	8066	,	2	,	14	)
(	8067	,	3	,	14	)
(	8068	,	4	,	14	)
(	8069	,	5	,	14	)
(	8070	,	6	,	14	)
(	8071	,	7	,	14	)
(	8072	,	8	,	14	)
(	8073	,	9	,	14	)
(	8074	,	10	,	14	)
(	8075	,	11	,	14	)
(	8076	,	12	,	14	)
(	8077	,	13	,	14	)
(	8078	,	14	,	14	)
(	8079	,	15	,	14	)
(	8080	,	16	,	14	)
(	8081	,	17	,	14	)
(	8082	,	18	,	14	)
(	8083	,	19	,	14	)
(	8084	,	20	,	14	)
(	8085	,	21	,	14	)
(	8086	,	22	,	14	)
(	8087	,	23	,	14	)
(	8088	,	24	,	14	)
(	8089	,	1	,	14	)
(	8090	,	2	,	14	)
(	8091	,	3	,	14	)
(	8092	,	4	,	14	)
(	8093	,	5	,	14	)
(	8094	,	6	,	14	)
(	8095	,	7	,	14	)
(	8096	,	8	,	14	)
(	8097	,	9	,	14	)
(	8098	,	10	,	14	)
(	8099	,	11	,	14	)
(	8100	,	12	,	14	)
(	8101	,	13	,	14	)
(	8102	,	14	,	14	)
(	8103	,	15	,	14	)
(	8104	,	16	,	14	)
(	8105	,	17	,	14	)
(	8106	,	18	,	14	)
(	8107	,	19	,	14	)
(	8108	,	20	,	14	)
(	8109	,	21	,	14	)
(	8110	,	22	,	14	)
(	8111	,	23	,	14	)
(	8112	,	24	,	14	)
(	8113	,	1	,	13	)
(	8114	,	2	,	13	)
(	8115	,	3	,	13	)
(	8116	,	4	,	13	)
(	8117	,	5	,	13	)
(	8118	,	6	,	13	)
(	8119	,	7	,	13	)
(	8120	,	8	,	13	)
(	8121	,	9	,	13	)
(	8122	,	10	,	13	)
(	8123	,	11	,	13	)
(	8124	,	12	,	13	)
(	8125	,	13	,	13	)
(	8126	,	14	,	13	)
(	8127	,	15	,	13	)
(	8128	,	16	,	13	)
(	8129	,	17	,	13	)
(	8130	,	18	,	13	)
(	8131	,	19	,	13	)
(	8132	,	20	,	13	)
(	8133	,	21	,	13	)
(	8134	,	22	,	13	)
(	8135	,	23	,	13	)
(	8136	,	24	,	13	)
(	8137	,	1	,	16	)
(	8138	,	2	,	16	)
(	8139	,	3	,	16	)
(	8140	,	4	,	16	)
(	8141	,	5	,	16	)
(	8142	,	6	,	16	)
(	8143	,	7	,	16	)
(	8144	,	8	,	16	)
(	8145	,	9	,	16	)
(	8146	,	10	,	16	)
(	8147	,	11	,	16	)
(	8148	,	12	,	16	)
(	8149	,	13	,	16	)
(	8150	,	14	,	16	)
(	8151	,	15	,	16	)
(	8152	,	16	,	16	)
(	8153	,	17	,	16	)
(	8154	,	18	,	16	)
(	8155	,	19	,	16	)
(	8156	,	20	,	16	)
(	8157	,	21	,	16	)
(	8158	,	22	,	16	)
(	8159	,	23	,	16	)
(	8160	,	24	,	16	)
(	8161	,	1	,	3	)
(	8162	,	2	,	3	)
(	8163	,	3	,	3	)
(	8164	,	4	,	3	)
(	8165	,	5	,	3	)
(	8166	,	6	,	3	)
(	8167	,	7	,	3	)
(	8168	,	8	,	3	)
(	8169	,	9	,	3	)
(	8170	,	10	,	3	)
(	8171	,	11	,	3	)
(	8172	,	12	,	3	)
(	8173	,	13	,	3	)
(	8174	,	14	,	3	)
(	8175	,	15	,	3	)
(	8176	,	16	,	3	)
(	8177	,	17	,	3	)
(	8178	,	18	,	3	)
(	8179	,	19	,	3	)
(	8180	,	20	,	3	)
(	8181	,	21	,	3	)
(	8182	,	22	,	3	)
(	8183	,	23	,	3	)
(	8184	,	24	,	3	)
(	8185	,	1	,	15	)
(	8186	,	2	,	15	)
(	8187	,	3	,	15	)
(	8188	,	4	,	15	)
(	8189	,	5	,	15	)
(	8190	,	6	,	15	)
(	8191	,	7	,	15	)
(	8192	,	8	,	15	)
(	8193	,	9	,	15	)
(	8194	,	10	,	15	)
(	8195	,	11	,	15	)
(	8196	,	12	,	15	)
(	8197	,	13	,	15	)
(	8198	,	14	,	15	)
(	8199	,	15	,	15	)
(	8200	,	16	,	15	)
(	8201	,	17	,	15	)
(	8202	,	18	,	15	)
(	8203	,	19	,	15	)
(	8204	,	20	,	15	)
(	8205	,	21	,	15	)
(	8206	,	22	,	15	)
(	8207	,	23	,	15	)
(	8208	,	24	,	15	)
(	8209	,	1	,	13	)
(	8210	,	2	,	13	)
(	8211	,	3	,	13	)
(	8212	,	4	,	13	)
(	8213	,	5	,	13	)
(	8214	,	6	,	13	)
(	8215	,	7	,	13	)
(	8216	,	8	,	13	)
(	8217	,	9	,	13	)
(	8218	,	10	,	13	)
(	8219	,	11	,	13	)
(	8220	,	12	,	13	)
(	8221	,	13	,	13	)
(	8222	,	14	,	13	)
(	8223	,	15	,	13	)
(	8224	,	16	,	13	)
(	8225	,	17	,	13	)
(	8226	,	18	,	13	)
(	8227	,	19	,	13	)
(	8228	,	20	,	13	)
(	8229	,	21	,	13	)
(	8230	,	22	,	13	)
(	8231	,	23	,	13	)
(	8232	,	24	,	13	)
(	8233	,	1	,	16	)
(	8234	,	2	,	16	)
(	8235	,	3	,	16	)
(	8236	,	4	,	16	)
(	8237	,	5	,	16	)
(	8238	,	6	,	16	)
(	8239	,	7	,	16	)
(	8240	,	8	,	16	)
(	8241	,	9	,	16	)
(	8242	,	10	,	16	)
(	8243	,	11	,	16	)
(	8244	,	12	,	16	)
(	8245	,	13	,	16	)
(	8246	,	14	,	16	)
(	8247	,	15	,	16	)
(	8248	,	16	,	16	)
(	8249	,	17	,	16	)
(	8250	,	18	,	16	)
(	8251	,	19	,	16	)
(	8252	,	20	,	16	)
(	8253	,	21	,	16	)
(	8254	,	22	,	16	)
(	8255	,	23	,	16	)
(	8256	,	24	,	16	)
(	8257	,	1	,	14	)
(	8258	,	2	,	14	)
(	8259	,	3	,	14	)
(	8260	,	4	,	14	)
(	8261	,	5	,	14	)
(	8262	,	6	,	14	)
(	8263	,	7	,	14	)
(	8264	,	8	,	14	)
(	8265	,	9	,	14	)
(	8266	,	10	,	14	)
(	8267	,	11	,	14	)
(	8268	,	12	,	14	)
(	8269	,	13	,	14	)
(	8270	,	14	,	14	)
(	8271	,	15	,	14	)
(	8272	,	16	,	14	)
(	8273	,	17	,	14	)
(	8274	,	18	,	14	)
(	8275	,	19	,	14	)
(	8276	,	20	,	14	)
(	8277	,	21	,	14	)
(	8278	,	22	,	14	)
(	8279	,	23	,	14	)
(	8280	,	24	,	14	)
(	8281	,	1	,	14	)
(	8282	,	2	,	14	)
(	8283	,	3	,	14	)
(	8284	,	4	,	14	)
(	8285	,	5	,	14	)
(	8286	,	6	,	14	)
(	8287	,	7	,	14	)
(	8288	,	8	,	14	)
(	8289	,	9	,	14	)
(	8290	,	10	,	14	)
(	8291	,	11	,	14	)
(	8292	,	12	,	14	)
(	8293	,	13	,	14	)
(	8294	,	14	,	14	)
(	8295	,	15	,	14	)
(	8296	,	16	,	14	)
(	8297	,	17	,	14	)
(	8298	,	18	,	14	)
(	8299	,	19	,	14	)
(	8300	,	20	,	14	)
(	8301	,	21	,	14	)
(	8302	,	22	,	14	)
(	8303	,	23	,	14	)
(	8304	,	24	,	14	)
(	8305	,	1	,	16	)
(	8306	,	2	,	16	)
(	8307	,	3	,	16	)
(	8308	,	4	,	16	)
(	8309	,	5	,	16	)
(	8310	,	6	,	16	)
(	8311	,	7	,	16	)
(	8312	,	8	,	16	)
(	8313	,	9	,	16	)
(	8314	,	10	,	16	)
(	8315	,	11	,	16	)
(	8316	,	12	,	16	)
(	8317	,	13	,	16	)
(	8318	,	14	,	16	)
(	8319	,	15	,	16	)
(	8320	,	16	,	16	)
(	8321	,	17	,	16	)
(	8322	,	18	,	16	)
(	8323	,	19	,	16	)
(	8324	,	20	,	16	)
(	8325	,	21	,	16	)
(	8326	,	22	,	16	)
(	8327	,	23	,	16	)
(	8328	,	24	,	16	)
(	8329	,	1	,	15	)
(	8330	,	2	,	15	)
(	8331	,	3	,	15	)
(	8332	,	4	,	15	)
(	8333	,	5	,	15	)
(	8334	,	6	,	15	)
(	8335	,	7	,	15	)
(	8336	,	8	,	15	)
(	8337	,	9	,	15	)
(	8338	,	10	,	15	)
(	8339	,	11	,	15	)
(	8340	,	12	,	15	)
(	8341	,	13	,	15	)
(	8342	,	14	,	15	)
(	8343	,	15	,	15	)
(	8344	,	16	,	15	)
(	8345	,	17	,	15	)
(	8346	,	18	,	15	)
(	8347	,	19	,	15	)
(	8348	,	20	,	15	)
(	8349	,	21	,	15	)
(	8350	,	22	,	15	)
(	8351	,	23	,	15	)
(	8352	,	24	,	15	)
(	8353	,	1	,	15	)
(	8354	,	2	,	15	)
(	8355	,	3	,	15	)
(	8356	,	4	,	15	)
(	8357	,	5	,	15	)
(	8358	,	6	,	15	)
(	8359	,	7	,	15	)
(	8360	,	8	,	15	)
(	8361	,	9	,	15	)
(	8362	,	10	,	15	)
(	8363	,	11	,	15	)
(	8364	,	12	,	15	)
(	8365	,	13	,	15	)
(	8366	,	14	,	15	)
(	8367	,	15	,	15	)
(	8368	,	16	,	15	)
(	8369	,	17	,	15	)
(	8370	,	18	,	15	)
(	8371	,	19	,	15	)
(	8372	,	20	,	15	)
(	8373	,	21	,	15	)
(	8374	,	22	,	15	)
(	8375	,	23	,	15	)
(	8376	,	24	,	15	)
(	8377	,	1	,	16	)
(	8378	,	2	,	16	)
(	8379	,	3	,	16	)
(	8380	,	4	,	16	)
(	8381	,	5	,	16	)
(	8382	,	6	,	16	)
(	8383	,	7	,	16	)
(	8384	,	8	,	16	)
(	8385	,	9	,	16	)
(	8386	,	10	,	16	)
(	8387	,	11	,	16	)
(	8388	,	12	,	16	)
(	8389	,	13	,	16	)
(	8390	,	14	,	16	)
(	8391	,	15	,	16	)
(	8392	,	16	,	16	)
(	8393	,	17	,	16	)
(	8394	,	18	,	16	)
(	8395	,	19	,	16	)
(	8396	,	20	,	16	)
(	8397	,	21	,	16	)
(	8398	,	22	,	16	)
(	8399	,	23	,	16	)
(	8400	,	24	,	16	)
(	8401	,	1	,	13	)
(	8402	,	2	,	13	)
(	8403	,	3	,	13	)
(	8404	,	4	,	13	)
(	8405	,	5	,	13	)
(	8406	,	6	,	13	)
(	8407	,	7	,	13	)
(	8408	,	8	,	13	)
(	8409	,	9	,	13	)
(	8410	,	10	,	13	)
(	8411	,	11	,	13	)
(	8412	,	12	,	13	)
(	8413	,	13	,	13	)
(	8414	,	14	,	13	)
(	8415	,	15	,	13	)
(	8416	,	16	,	13	)
(	8417	,	17	,	13	)
(	8418	,	18	,	13	)
(	8419	,	19	,	13	)
(	8420	,	20	,	13	)
(	8421	,	21	,	13	)
(	8422	,	22	,	13	)
(	8423	,	23	,	13	)
(	8424	,	24	,	13	)
(	8425	,	1	,	16	)
(	8426	,	2	,	16	)
(	8427	,	3	,	16	)
(	8428	,	4	,	16	)
(	8429	,	5	,	16	)
(	8430	,	6	,	16	)
(	8431	,	7	,	16	)
(	8432	,	8	,	16	)
(	8433	,	9	,	16	)
(	8434	,	10	,	16	)
(	8435	,	11	,	16	)
(	8436	,	12	,	16	)
(	8437	,	13	,	16	)
(	8438	,	14	,	16	)
(	8439	,	15	,	16	)
(	8440	,	16	,	16	)
(	8441	,	17	,	16	)
(	8442	,	18	,	16	)
(	8443	,	19	,	16	)
(	8444	,	20	,	16	)
(	8445	,	21	,	16	)
(	8446	,	22	,	16	)
(	8447	,	23	,	16	)
(	8448	,	24	,	16	)
(	8449	,	1	,	16	)
(	8450	,	2	,	16	)
(	8451	,	3	,	16	)
(	8452	,	4	,	16	)
(	8453	,	5	,	16	)
(	8454	,	6	,	16	)
(	8455	,	7	,	16	)
(	8456	,	8	,	16	)
(	8457	,	9	,	16	)
(	8458	,	10	,	16	)
(	8459	,	11	,	16	)
(	8460	,	12	,	16	)
(	8461	,	13	,	16	)
(	8462	,	14	,	16	)
(	8463	,	15	,	16	)
(	8464	,	16	,	16	)
(	8465	,	17	,	16	)
(	8466	,	18	,	16	)
(	8467	,	19	,	16	)
(	8468	,	20	,	16	)
(	8469	,	21	,	16	)
(	8470	,	22	,	16	)
(	8471	,	23	,	16	)
(	8472	,	24	,	16	)
(	8473	,	1	,	16	)
(	8474	,	2	,	16	)
(	8475	,	3	,	16	)
(	8476	,	4	,	16	)
(	8477	,	5	,	16	)
(	8478	,	6	,	16	)
(	8479	,	7	,	16	)
(	8480	,	8	,	16	)
(	8481	,	9	,	16	)
(	8482	,	10	,	16	)
(	8483	,	11	,	16	)
(	8484	,	12	,	16	)
(	8485	,	13	,	16	)
(	8486	,	14	,	16	)
(	8487	,	15	,	16	)
(	8488	,	16	,	16	)
(	8489	,	17	,	16	)
(	8490	,	18	,	16	)
(	8491	,	19	,	16	)
(	8492	,	20	,	16	)
(	8493	,	21	,	16	)
(	8494	,	22	,	16	)
(	8495	,	23	,	16	)
(	8496	,	24	,	16	)
(	8497	,	1	,	15	)
(	8498	,	2	,	15	)
(	8499	,	3	,	15	)
(	8500	,	4	,	15	)
(	8501	,	5	,	15	)
(	8502	,	6	,	15	)
(	8503	,	7	,	15	)
(	8504	,	8	,	15	)
(	8505	,	9	,	15	)
(	8506	,	10	,	15	)
(	8507	,	11	,	15	)
(	8508	,	12	,	15	)
(	8509	,	13	,	15	)
(	8510	,	14	,	15	)
(	8511	,	15	,	15	)
(	8512	,	16	,	15	)
(	8513	,	17	,	15	)
(	8514	,	18	,	15	)
(	8515	,	19	,	15	)
(	8516	,	20	,	15	)
(	8517	,	21	,	15	)
(	8518	,	22	,	15	)
(	8519	,	23	,	15	)
(	8520	,	24	,	15	)
(	8521	,	1	,	15	)
(	8522	,	2	,	15	)
(	8523	,	3	,	15	)
(	8524	,	4	,	15	)
(	8525	,	5	,	15	)
(	8526	,	6	,	15	)
(	8527	,	7	,	15	)
(	8528	,	8	,	15	)
(	8529	,	9	,	15	)
(	8530	,	10	,	15	)
(	8531	,	11	,	15	)
(	8532	,	12	,	15	)
(	8533	,	13	,	15	)
(	8534	,	14	,	15	)
(	8535	,	15	,	15	)
(	8536	,	16	,	15	)
(	8537	,	17	,	15	)
(	8538	,	18	,	15	)
(	8539	,	19	,	15	)
(	8540	,	20	,	15	)
(	8541	,	21	,	15	)
(	8542	,	22	,	15	)
(	8543	,	23	,	15	)
(	8544	,	24	,	15	)
(	8545	,	1	,	14	)
(	8546	,	2	,	14	)
(	8547	,	3	,	14	)
(	8548	,	4	,	14	)
(	8549	,	5	,	14	)
(	8550	,	6	,	14	)
(	8551	,	7	,	14	)
(	8552	,	8	,	14	)
(	8553	,	9	,	14	)
(	8554	,	10	,	14	)
(	8555	,	11	,	14	)
(	8556	,	12	,	14	)
(	8557	,	13	,	14	)
(	8558	,	14	,	14	)
(	8559	,	15	,	14	)
(	8560	,	16	,	14	)
(	8561	,	17	,	14	)
(	8562	,	18	,	14	)
(	8563	,	19	,	14	)
(	8564	,	20	,	14	)
(	8565	,	21	,	14	)
(	8566	,	22	,	14	)
(	8567	,	23	,	14	)
(	8568	,	24	,	14	)
(	8569	,	1	,	14	)
(	8570	,	2	,	14	)
(	8571	,	3	,	14	)
(	8572	,	4	,	14	)
(	8573	,	5	,	14	)
(	8574	,	6	,	14	)
(	8575	,	7	,	14	)
(	8576	,	8	,	14	)
(	8577	,	9	,	14	)
(	8578	,	10	,	14	)
(	8579	,	11	,	14	)
(	8580	,	12	,	14	)
(	8581	,	13	,	14	)
(	8582	,	14	,	14	)
(	8583	,	15	,	14	)
(	8584	,	16	,	14	)
(	8585	,	17	,	14	)
(	8586	,	18	,	14	)
(	8587	,	19	,	14	)
(	8588	,	20	,	14	)
(	8589	,	21	,	14	)
(	8590	,	22	,	14	)
(	8591	,	23	,	14	)
(	8592	,	24	,	14	)
(	8593	,	1	,	14	)
(	8594	,	2	,	14	)
(	8595	,	3	,	14	)
(	8596	,	4	,	14	)
(	8597	,	5	,	14	)
(	8598	,	6	,	14	)
(	8599	,	7	,	14	)
(	8600	,	8	,	14	)
(	8601	,	9	,	14	)
(	8602	,	10	,	14	)
(	8603	,	11	,	14	)
(	8604	,	12	,	14	)
(	8605	,	13	,	14	)
(	8606	,	14	,	14	)
(	8607	,	15	,	14	)
(	8608	,	16	,	14	)
(	8609	,	17	,	14	)
(	8610	,	18	,	14	)
(	8611	,	19	,	14	)
(	8612	,	20	,	14	)
(	8613	,	21	,	14	)
(	8614	,	22	,	14	)
(	8615	,	23	,	14	)
(	8616	,	24	,	14	)
(	8617	,	1	,	4	)
(	8618	,	2	,	4	)
(	8619	,	3	,	4	)
(	8620	,	4	,	4	)
(	8621	,	5	,	4	)
(	8622	,	6	,	4	)
(	8623	,	7	,	4	)
(	8624	,	8	,	4	)
(	8625	,	9	,	4	)
(	8626	,	10	,	4	)
(	8627	,	11	,	4	)
(	8628	,	12	,	4	)
(	8629	,	13	,	4	)
(	8630	,	14	,	4	)
(	8631	,	15	,	4	)
(	8632	,	16	,	4	)
(	8633	,	17	,	4	)
(	8634	,	18	,	4	)
(	8635	,	19	,	4	)
(	8636	,	20	,	4	)
(	8637	,	21	,	4	)
(	8638	,	22	,	4	)
(	8639	,	23	,	4	)
(	8640	,	24	,	4	)
(	8641	,	1	,	16	)
(	8642	,	2	,	16	)
(	8643	,	3	,	16	)
(	8644	,	4	,	16	)
(	8645	,	5	,	16	)
(	8646	,	6	,	16	)
(	8647	,	7	,	16	)
(	8648	,	8	,	16	)
(	8649	,	9	,	16	)
(	8650	,	10	,	16	)
(	8651	,	11	,	16	)
(	8652	,	12	,	16	)
(	8653	,	13	,	16	)
(	8654	,	14	,	16	)
(	8655	,	15	,	16	)
(	8656	,	16	,	16	)
(	8657	,	17	,	16	)
(	8658	,	18	,	16	)
(	8659	,	19	,	16	)
(	8660	,	20	,	16	)
(	8661	,	21	,	16	)
(	8662	,	22	,	16	)
(	8663	,	23	,	16	)
(	8664	,	24	,	16	)
(	8665	,	1	,	13	)
(	8666	,	2	,	13	)
(	8667	,	3	,	13	)
(	8668	,	4	,	13	)
(	8669	,	5	,	13	)
(	8670	,	6	,	13	)
(	8671	,	7	,	13	)
(	8672	,	8	,	13	)
(	8673	,	9	,	13	)
(	8674	,	10	,	13	)
(	8675	,	11	,	13	)
(	8676	,	12	,	13	)
(	8677	,	13	,	13	)
(	8678	,	14	,	13	)
(	8679	,	15	,	13	)
(	8680	,	16	,	13	)
(	8681	,	17	,	13	)
(	8682	,	18	,	13	)
(	8683	,	19	,	13	)
(	8684	,	20	,	13	)
(	8685	,	21	,	13	)
(	8686	,	22	,	13	)
(	8687	,	23	,	13	)
(	8688	,	24	,	13	)
(	8689	,	1	,	15	)
(	8690	,	2	,	15	)
(	8691	,	3	,	15	)
(	8692	,	4	,	15	)
(	8693	,	5	,	15	)
(	8694	,	6	,	15	)
(	8695	,	7	,	15	)
(	8696	,	8	,	15	)
(	8697	,	9	,	15	)
(	8698	,	10	,	15	)
(	8699	,	11	,	15	)
(	8700	,	12	,	15	)
(	8701	,	13	,	15	)
(	8702	,	14	,	15	)
(	8703	,	15	,	15	)
(	8704	,	16	,	15	)
(	8705	,	17	,	15	)
(	8706	,	18	,	15	)
(	8707	,	19	,	15	)
(	8708	,	20	,	15	)
(	8709	,	21	,	15	)
(	8710	,	22	,	15	)
(	8711	,	23	,	15	)
(	8712	,	24	,	15	)
(	8713	,	1	,	16	)
(	8714	,	2	,	16	)
(	8715	,	3	,	16	)
(	8716	,	4	,	16	)
(	8717	,	5	,	16	)
(	8718	,	6	,	16	)
(	8719	,	7	,	16	)
(	8720	,	8	,	16	)
(	8721	,	9	,	16	)
(	8722	,	10	,	16	)
(	8723	,	11	,	16	)
(	8724	,	12	,	16	)
(	8725	,	13	,	16	)
(	8726	,	14	,	16	)
(	8727	,	15	,	16	)
(	8728	,	16	,	16	)
(	8729	,	17	,	16	)
(	8730	,	18	,	16	)
(	8731	,	19	,	16	)
(	8732	,	20	,	16	)
(	8733	,	21	,	16	)
(	8734	,	22	,	16	)
(	8735	,	23	,	16	)
(	8736	,	24	,	16	)
(	8737	,	1	,	16	)
(	8738	,	2	,	16	)
(	8739	,	3	,	16	)
(	8740	,	4	,	16	)
(	8741	,	5	,	16	)
(	8742	,	6	,	16	)
(	8743	,	7	,	16	)
(	8744	,	8	,	16	)
(	8745	,	9	,	16	)
(	8746	,	10	,	16	)
(	8747	,	11	,	16	)
(	8748	,	12	,	16	)
(	8749	,	13	,	16	)
(	8750	,	14	,	16	)
(	8751	,	15	,	16	)
(	8752	,	16	,	16	)
(	8753	,	17	,	16	)
(	8754	,	18	,	16	)
(	8755	,	19	,	16	)
(	8756	,	20	,	16	)
(	8757	,	21	,	16	)
(	8758	,	22	,	16	)
(	8759	,	23	,	16	)
(	8760	,	24	,	16	)
;
  
 #  ----------------------------- 
 #  PARAMETERS  DEPENDING  ON  NUMBER  OF  TYPICAL  DAYS  :   
 #  ----------------------------- 
  
 param  nbr_tds  :=  16; 
param 	peak_sh_factor := 
C1	1.0
C2	1.0
C3	1.0
C4	1.0
C5	1.0
;
param 	peak_sc_factor := 
C1	1.0316833075752605
C2	1.0184731563256215
C3	1.0212191070388401
C4	1.0129329854973022
C5	1.0245729295439177
;
  
 param  electricity_time_series  := 
["C1",*,*] : 	1	2	3	4	5	6	7	8	9	10	11	12	13	14	15	16 := 
1	5.499083934123569e-05	5.565447250637735e-05	5.369732423033987e-05	5.774369121308498e-05	5.5124030224062175e-05	5.391775022769382e-05	5.420063447757848e-05	5.521637994607915e-05	6.363562122929656e-05	6.358849185261258e-05	6.51822325350545e-05	5.9113027760840936e-05	5.499730573102777e-05	5.5130122280894925e-05	5.406167381237482e-05	5.9191336668581044e-05
2	6.792645676371496e-05	6.729906489703503e-05	6.18535688854847e-05	6.739607122060235e-05	6.539776336450955e-05	6.223176213919336e-05	6.208768479399564e-05	6.495357894935998e-05	7.054177063934375e-05	6.790904169250652e-05	7.037163625663479e-05	6.90686316041166e-05	6.826350401402933e-05	6.592282596073587e-05	6.325137876515195e-05	6.596915536823208e-05
3	7.185172535679133e-05	7.816471340378386e-05	6.84585160562227e-05	7.795405931801367e-05	7.694178374023445e-05	6.869680791208552e-05	6.887054890934277e-05	7.360337797572452e-05	7.71122612541713e-05	7.471452099492731e-05	7.671422533267904e-05	7.317677771653914e-05	8.258726349525428e-05	7.917687645159214e-05	6.854164226365097e-05	7.247728363655451e-05
4	8.212628289739103e-05	7.838400675106284e-05	7.357950037871551e-05	8.043153350750306e-05	8.07073493489366e-05	7.538560112552472e-05	7.496274543416633e-05	8.015890060273055e-05	8.396074465690373e-05	8.277749008934404e-05	8.176662641406258e-05	8.331897437725234e-05	8.422423728975918e-05	8.665214987798141e-05	7.43248816148044e-05	7.986592974549902e-05
5	9.218142240673114e-05	8.981873855295234e-05	8.31126746937692e-05	9.240317609791335e-05	9.602182103448334e-05	8.596790000852052e-05	8.532581587615871e-05	8.852696864016738e-05	9.513313340732096e-05	8.669350410660907e-05	9.188001368976653e-05	9.386428455166494e-05	9.248031397911733e-05	8.983184434275634e-05	8.385772282744453e-05	9.593198303867489e-05
6	0.0001015927639980455	0.00010251991740604303	9.444984802526816e-05	0.00010566191805404656	0.00010283346785566104	9.608530889146094e-05	9.605691046829413e-05	0.00010545391810887536	9.957504663639484e-05	9.953330317213961e-05	0.00010104441953572718	0.00010687486701867954	0.0001032794862266031	0.00011012598317767788	9.711615626143433e-05	0.00010326317495725316
7	0.0001111070538361269	0.00011212264316424596	0.00010064386998236324	0.00011261455262556882	0.00011681417121096658	0.00010345058773129166	0.00010280781657240467	0.00011968476148595083	0.00011275699410606953	0.00010769797245283157	0.00010524677543417206	0.00011251581716574729	0.00010983135316631061	0.0001169519098713207	0.00010416597905390455	0.00010940561938965957
8	0.00012901905311947978	0.00012342632707060725	0.00010870649021105571	0.00012790256055333487	0.00013304390645137794	0.00010922415545892458	0.00010966644215372423	0.00012544689767379728	0.00010601529089682919	0.00010671960983755237	0.00010377794337952243	0.00012016627906695749	0.00012277100730080382	0.00011878583495751129	0.0001113740474033973	0.00012323597099763155
9	0.00013154838611471956	0.00013479944936328102	0.00011143696304714635	0.00013837411870419976	0.00012982582362609506	0.00011200439098194606	0.0001113337882212274	0.00013034182637408723	0.00010244331971081158	0.00010291853260126483	0.00010492523487360603	0.0001290887820077004	0.00012408231355463687	0.00012122697604357289	0.00011262428899721456	0.00012818612733341217
10	0.00014065976095171997	0.0001391617847059074	0.00011305899458454358	0.00013532637907534453	0.00012809315939909117	0.00011293366994534376	0.00011179627945527057	0.00012499475708944023	0.00010826541255040373	0.00010612149422268874	0.00010681896231535557	0.00012437624739760722	0.00012917207917923426	0.00012741549050439117	0.00011513461236598549	0.00012892096919893932
11	0.00014270211558860428	0.00014160530505357314	0.00011510896223315192	0.00014318731745045345	0.0001312159145591956	0.00011516413998800557	0.00011543235970514402	0.0001323651690926688	0.00010394874367724092	0.00010694108430266735	0.00010407370319559674	0.000125262206168582	0.0001314394536867241	0.00013009884096289257	0.00011756090824260827	0.00013231358824851753
12	0.0001529336080129939	0.00014019009423262696	0.00011728815546631372	0.0001465605958524507	0.0001383722359831764	0.0001173596197082495	0.00011684990489506167	0.00013704716084346914	0.00011212918347925266	0.00011378392548748087	0.00010815321780708073	0.00013426740711626635	0.00013089487016141384	0.00012811574129441806	0.0001192656222958014	0.00013554670475818316
13	0.00014994282442683875	0.00015100530986952683	0.00012051778641851886	0.00014698764521287947	0.00013800552193689406	0.00012103185047910718	0.00012054367455577566	0.00013786659437028535	0.00011136575832492666	0.0001175758952430182	0.00011288765662989391	0.00014037999753357353	0.0001368434374675378	0.00013657132304893894	0.00012292170880954476	0.00013141830308411933
14	0.00014407904257006515	0.00014753256675829313	0.00012101218704786515	0.00014550722517064812	0.00013967244843638042	0.00012065886246985927	0.00012022878674347121	0.0001403774750232877	0.00011216485105399535	0.00010920958584868019	0.00012156037764427884	0.00014180910456774708	0.00013377693990733174	0.00013946704199358368	0.00012340521501137488	0.00013632116442729726
15	0.00015202165543342266	0.00014192102306194668	0.00012045141165059278	0.0001433667047930785	0.00013726652129246824	0.00012095198800083834	0.00012035659856367784	0.00014134088797832393	0.00011491854147347801	0.00011088178311353841	0.00011947013058014138	0.0001326231012134309	0.00013629262178941123	0.0001326244789371716	0.00012277064025671276	0.00014142246799197505
16	0.00014872698339624902	0.00014554439467884573	0.00012502295221388285	0.00015411102004098316	0.00013827364501911192	0.0001242204736622859	0.00012537608831694478	0.0001463179824646368	0.00012073523342772037	0.00012086966719858703	0.00011431381232098428	0.00013755490045439588	0.0001397417945874438	0.0001390607783431781	0.00012640877706335659	0.00014282398963063965
17	0.00015553067460145553	0.00016075972976962403	0.00013448265807857197	0.00015712298672232924	0.00014477808725027813	0.0001335678275542189	0.0001354544802997201	0.00015545618752375512	0.0001233588626833505	0.0001300469895953901	0.0001230695257521111	0.00014733620098428163	0.00014933078474290917	0.00014385461904518443	0.00013658891436205332	0.00015251812894490727
18	0.00015627932356250068	0.00016849885250163257	0.00014654449253610784	0.00016339768754007532	0.00016017474498141314	0.00014672376987793348	0.00014784972815194946	0.00015804398298275942	0.0001386793667534373	0.00013650737719479353	0.0001362283142744048	0.00015760002004460574	0.0001584341816405476	0.00016406710503020025	0.00014900746312811463	0.00015984069651342806
19	0.0001705183840423997	0.00016850698930371703	0.00015066321640432525	0.00016596942465419676	0.00016094763402582925	0.0001538834813485352	0.00015365942889853312	0.0001658530071477903	0.00014438854055323945	0.0001445803369729835	0.00014953499419143542	0.00016152547245824607	0.0001620626211632819	0.00016853692248675975	0.0001560517042531133	0.0001630056673703518
20	0.00016341730482299373	0.00015491789600820382	0.0001487115244531336	0.00015879672803827748	0.0001601951771186902	0.0001501398872824949	0.00015078781927626512	0.0001579047109676626	0.0001403491114024581	0.00014681959374986516	0.00014178020586306326	0.00016217238691369981	0.00016063339044632878	0.000160264413488502	0.00015278573478794564	0.00015872956909951258
21	0.0001406443876575173	0.00013935597047744493	0.00013170743691874606	0.00014151445784469873	0.00014344064835636664	0.00013565914455760422	0.0001330681751544992	0.00014003090172546827	0.00012850707382285626	0.00013257985471788248	0.00013176200878214846	0.00014628609820295727	0.00014321882267203469	0.0001457401297353672	0.00013634709360178004	0.00014226276040766694
22	0.00011736785409375674	0.00011516129551946746	0.00010864403464571383	0.00011782985887770546	0.00011611873249540322	0.00011204578897909832	0.00011014691683462745	0.00011972026103855762	0.00011171376357411173	0.00011353830379773215	0.00011532548321043079	0.0001199550667837483	0.00011677453752992097	0.00012693143447414286	0.00011171102776274416	0.00011503849685053644
23	9.413552624385797e-05	9.711453143544085e-05	8.77322575983931e-05	9.302153701729068e-05	9.713780676790037e-05	8.976849856650306e-05	8.902341455917931e-05	9.311308059651529e-05	9.743939111206094e-05	9.569688543043013e-05	9.57564582560825e-05	9.413531404046971e-05	9.364433986714449e-05	9.36060296295559e-05	8.894957416442104e-05	9.145606276757834e-05
24	6.276408427094183e-05	6.893201659252276e-05	5.9776690950953006e-05	6.397736214035269e-05	6.571232207885387e-05	6.115891049427524e-05	6.142733920064882e-05	6.246953280407415e-05	6.785564471083014e-05	6.361996857730673e-05	6.756504000392699e-05	6.387526275104855e-05	6.785446371695229e-05	6.227810418369821e-05	6.184495275523428e-05	6.413496162922144e-05
["C2",*,*] : 	1	2	3	4	5	6	7	8	9	10	11	12	13	14	15	16 := 
1	5.526010251738617e-05	5.559786378524584e-05	5.4283770797047115e-05	5.4913376443234794e-05	5.673532271136249e-05	5.663826869020956e-05	5.364744300187623e-05	5.5557001158180394e-05	6.597177895341075e-05	6.457894726216292e-05	6.498762336277567e-05	5.6027079619486816e-05	5.5351043685758115e-05	5.615988156000512e-05	5.546024915707492e-05	5.733150080343257e-05
2	6.387367897242328e-05	6.574296133058206e-05	6.344425469745682e-05	6.420359833432465e-05	6.564832924122066e-05	6.279984465824518e-05	6.203505110801124e-05	6.445222751379974e-05	6.84175858393947e-05	6.773200723675493e-05	7.544295805483056e-05	6.986808774597587e-05	7.505801905005466e-05	7.51170739920072e-05	6.258579540864635e-05	6.534962976531324e-05
3	7.308682118374123e-05	7.427932845520071e-05	7.000095198682472e-05	8.093593939727137e-05	7.582582295844458e-05	6.891616183230041e-05	6.669209218037864e-05	7.23325622123132e-05	7.136821384976556e-05	7.190552992993894e-05	7.067372387792488e-05	7.82714237741044e-05	6.96400044322542e-05	7.638270283679513e-05	7.000685485296632e-05	7.067155954692106e-05
4	8.280042128049743e-05	7.97783870944026e-05	7.808481356885103e-05	7.58913369348329e-05	8.067044548224423e-05	7.633564990666182e-05	7.568472172757259e-05	7.75584234928854e-05	7.492834964642165e-05	7.50443328680919e-05	7.545211697637884e-05	8.030279644240641e-05	7.79719462912568e-05	8.083631462434785e-05	7.648378988968563e-05	7.92856541407702e-05
5	9.437204128880741e-05	8.938462563442282e-05	8.60709222220459e-05	8.62748859292991e-05	9.818101779749196e-05	8.647514773957408e-05	8.352734988532785e-05	8.937298619094578e-05	8.552173888221572e-05	8.435063638627774e-05	8.770571175282282e-05	9.318115784531847e-05	8.910853906575722e-05	8.949520073393296e-05	8.596009781815261e-05	8.912337087298783e-05
6	0.00010678953396096538	0.00010128724724741186	9.712411134368388e-05	9.645333873151248e-05	0.00010260453301160932	9.783607977889873e-05	9.827087832051065e-05	0.00011178395389360508	9.383704882030095e-05	9.562486316440346e-05	9.925035159552613e-05	0.00010286411086861905	0.00010159173957184305	0.00011884213622512601	9.880043499499805e-05	0.00010121473198152978
7	0.00011096770119790583	0.00010781898178881275	0.00010376960268158141	0.00010450471648826229	0.00010351386198886853	0.00010567922983712289	0.00010510300722634057	0.00011037406525819696	9.739057403142768e-05	0.00010170793916994892	0.00010300361656181846	0.00010765599325122946	0.0001200393054576728	0.00011156751244533473	0.00010728155110493968	0.00011105946891493223
8	0.00012009207723861243	0.00012680476533179758	0.00011148313898909388	0.0001125045384800178	0.00012365182140381566	0.0001113883998709777	0.0001120969831669791	0.000113820669910297	9.973586276079535e-05	0.00011566287713218505	0.00010020986892556425	0.00011617800337025889	0.00012596581068416974	0.00011567719337714051	0.00011185083332421544	0.00011700334588518091
9	0.0001372181011500697	0.00012734595104060934	0.00011427273352761157	0.00011849591767450553	0.00012017965640492525	0.0001122284543332453	0.00011287292363249781	0.00011841748325885255	0.00010114331225329915	9.850356165566149e-05	9.531256706647904e-05	0.00012828206385236143	0.00012765640054437469	0.00013254481679947873	0.00011395943928456399	0.00012476844357464323
10	0.00013033966145574832	0.00016025856638798635	0.00011538674939071666	0.0001396401155448977	0.00012462209293542578	0.00011327179678388129	0.0001117011435624845	0.0001223252492832286	0.00010585781412116381	0.00010880244280036706	0.00010703831943232997	0.00011891119256016236	0.0001249872378008425	0.0001266236127693991	0.00011616456309171642	0.0001327607084177833
11	0.00015739694962710408	0.00014703305213562869	0.00011854558706399015	0.00015865962624011566	0.00013483233106745726	0.00011507511736588824	0.00011385126715363841	0.00012656387932589362	0.0001173367197978184	0.00011026839080879378	0.0001224131736005224	0.00011973729092394704	0.00012622772039779586	0.00013057611898515528	0.00011866093558486492	0.00012828742312366887
12	0.0001488379703166084	0.0001333377435094658	0.00012094457646252427	0.0001447593902353575	0.00015742868852790877	0.00011815481939686505	0.00011804558759352281	0.00013224845912547612	0.00012340493065601235	0.00010957088661403838	0.00011946363010036922	0.000125598002724384	0.00012399925581571723	0.0001300301418708077	0.0001213060226258217	0.00014740805472724877
13	0.0001539567464498883	0.00014828805627485937	0.00012589769452243593	0.00014461347781126018	0.00014366108941164568	0.00012072261326737436	0.00011978811212233312	0.00013839974755173315	0.00011275123068083571	0.00010979551120305606	0.0001151439885519692	0.0001292164952767516	0.000143596780990489	0.0001283935706742032	0.00012764967308775138	0.0001364052795071903
14	0.00014524884837652585	0.00016181248720402555	0.000124688320814915	0.00014849433560650558	0.00014531058192349838	0.0001192179216675497	0.00012153749911757069	0.00014575924468485728	0.00011447366404870583	0.00011093227946636006	0.00011118625663195617	0.00012811026839779676	0.0001380031818830815	0.00013088305957353254	0.00012654254396191847	0.00013161620156702998
15	0.00014751649435276553	0.00014053029843004292	0.00012337715048000658	0.00015419246606300044	0.00014483245811397003	0.000122229536393844	0.00012030030308210153	0.00014187284303611675	0.00011053877882960579	0.0001112767767964153	0.00011480685276091772	0.00013179458318180546	0.00013392721223203148	0.00013119293373961476	0.0001263947233646604	0.00013014053846872447
16	0.00014392250242320219	0.00014573345621275274	0.00012947122452942032	0.0001535812324184549	0.0001399911563678247	0.0001254552777685727	0.00012623473462139103	0.0001495963549200148	0.0001197203898594485	0.00012993074455331952	0.00011535018007578746	0.00014110575060892705	0.0001348510819725777	0.00013745098473258435	0.00012987483188753448	0.00013325338061702006
17	0.00015102698188755546	0.00015292594939988772	0.00013927682325119895	0.00015450158870887687	0.0001442602764190134	0.00013608508626267334	0.0001375392134403981	0.00014414648870432137	0.00012460825144073166	0.00012411236915119665	0.00012621862635305502	0.00014581840134792628	0.00014665272454057358	0.00013951574841987322	0.0001383113525551862	0.00014253425075952454
18	0.0001590582227758662	0.00015790869773407576	0.00015236942157764987	0.00017460707073985765	0.00015899067824159488	0.00014596827904127805	0.00014882246011090817	0.0001525337407864815	0.0001549591298083695	0.0001490232943730392	0.00013741614148197635	0.00017468731892471926	0.00015609267350137935	0.00016625913073310488	0.00015373746417863564	0.00016190101865332822
19	0.00016820386997365848	0.0001654899687393466	0.0001556321135411722	0.00017057774296046232	0.00016234318440221638	0.00015540035017941165	0.00015689521455911526	0.00015821147533082785	0.00015963058580651795	0.00014991766673635401	0.00014193222272309525	0.00017589018433469678	0.00016954374133392502	0.00016902909494761632	0.00016251155746107657	0.00016675645154694388
20	0.00016625720838916641	0.00015785007090721512	0.00015276257391997017	0.00015629013602225472	0.00015806201487971412	0.0001581860194363881	0.00015333681837939117	0.00015897904338426462	0.00013827517914872638	0.0001579521992876527	0.0001386764293487845	0.00016556892253055162	0.00016039761134729145	0.0001624274531485571	0.00015727088333656054	0.00016589261696089644
21	0.00013788838726308146	0.00013815580846901008	0.00013683267492472384	0.0001394168054980023	0.0001549869397689817	0.00014024361668272143	0.00013866637771356994	0.0001395365444145389	0.00012863015192824233	0.00013294544853098504	0.0001303121775799148	0.00013910627643126664	0.00014487514625928993	0.00014130598284065214	0.00014315101362286114	0.00014810008071844942
22	0.00011356871175976115	0.0001121851058250798	0.00011234184933429198	0.00012023747420355683	0.00012006949911445482	0.00011534481791877492	0.00011169414144847743	0.00012027621001382514	0.00010636965333392632	0.00011408416681370975	0.00011481306687104792	0.0001300565712271986	0.00011914083765925381	0.00011630580762873161	0.00011567662808795512	0.0001259164769126641
23	9.092689309373349e-05	8.953043216346116e-05	9.429416541184175e-05	9.33716637020934e-05	9.605352958084097e-05	9.619055140255809e-05	9.339924002359405e-05	9.029826941206107e-05	9.091034532206327e-05	9.804173595270006e-05	0.00010335392580672768	9.723387406543462e-05	9.261012698022311e-05	9.370007306681841e-05	9.120532625665275e-05	0.00010341173448441669
24	6.384830552671323e-05	6.507521824589905e-05	6.243091431342873e-05	6.285246973200435e-05	6.385953731269232e-05	6.451945183780705e-05	6.495708063860451e-05	6.338057505098305e-05	6.406361464461782e-05	6.600999193556575e-05	6.903182561662651e-05	6.569321871636808e-05	6.241004092004838e-05	6.20594094551178e-05	6.373132704566804e-05	6.543814369425588e-05
["C3",*,*] : 	1	2	3	4	5	6	7	8	9	10	11	12	13	14	15	16 := 
1	5.614209791312308e-05	5.5857234008857706e-05	5.5413830450082615e-05	5.749757912984151e-05	5.7022589280820535e-05	5.55855201104088e-05	5.511238372859803e-05	5.6375888803711695e-05	6.402696615133419e-05	6.450678406930519e-05	6.411361548586654e-05	5.7814782043752875e-05	5.6363027136025044e-05	5.612875363201268e-05	5.516290974940562e-05	5.820768125615463e-05
2	6.706498061159889e-05	6.724078011966156e-05	6.280894768585545e-05	6.552884368601629e-05	6.899644270641045e-05	6.347402962530278e-05	6.272901815144973e-05	6.624211406120973e-05	6.930331869307396e-05	6.96019450935835e-05	6.968741677234016e-05	6.949650919742264e-05	6.671094031170261e-05	6.613000209068283e-05	6.292972918509208e-05	6.64698157925929e-05
3	7.272393335677181e-05	7.43910433103663e-05	6.925259329636659e-05	7.249829570930432e-05	7.270715154054485e-05	6.981475833228522e-05	6.879689698532877e-05	7.34146650685438e-05	7.473681810670059e-05	7.212818124571315e-05	7.491887993388498e-05	7.572830682120563e-05	7.215132751881011e-05	7.335883861996726e-05	6.946378491929048e-05	7.434517686263174e-05
4	8.401904224819248e-05	7.931450013256625e-05	7.524464236485444e-05	7.928412356532881e-05	8.139987067936439e-05	7.632804643769724e-05	7.480308651940406e-05	8.042921140080285e-05	7.789154766155683e-05	7.776603518704643e-05	7.951534024545769e-05	8.215914225376702e-05	7.873708254193999e-05	8.13665596776584e-05	7.540239756251181e-05	8.030256276005114e-05
5	9.044098212359417e-05	9.03770434974272e-05	8.577619028589938e-05	9.00273650949733e-05	9.220651522130615e-05	8.599937307834104e-05	8.55958772535778e-05	8.978425289110929e-05	8.787193458250236e-05	8.636446533274125e-05	8.597057513920126e-05	9.146851940156538e-05	8.855881012316132e-05	9.195163978910158e-05	8.557425048677733e-05	9.11815691453451e-05
6	0.00010265222130533347	0.00010245887421167308	9.717985005180939e-05	0.00010250994381451499	0.00010589822281665064	9.871691842214784e-05	9.7665477531611e-05	0.00010284292245638968	9.847343669760424e-05	9.802845291522185e-05	9.660670121917512e-05	0.00010288263169712006	0.00010488158375577366	0.00010273942790931481	9.817201703068808e-05	0.00010430200973633387
7	0.00011447099268726654	0.00011103608789411162	0.00010329642414387541	0.00011246350639791576	0.0001108737120312462	0.00010530524404066299	0.00010467112261241733	0.00011001581300271145	0.00010228068263573164	0.00010351489556251867	0.00010218825890969179	0.00011170936375912217	0.00011610499106843309	0.00011099115371406818	0.00010533791775556933	0.00011179326738780284
8	0.00012272685601625994	0.00012288001966985997	0.00011059717497915054	0.00012301339559202444	0.0001186357367278384	0.00011187614013515969	0.00011195130543674489	0.000117335643238451	0.00010464950356881327	0.00010452230780013541	0.00010426647228564154	0.0001214891823628692	0.00012171962443559467	0.00012007910879291398	0.0001116866042306236	0.00012038694082278327
9	0.00013591276214252926	0.00012936729539821573	0.00011366096986769319	0.00013289434361330927	0.00012358081164831443	0.00011443204686034627	0.00011468193734539864	0.0001247525974745212	0.00010335228091649731	0.0001025274478533333	0.00010122009338452725	0.0001235086204930411	0.00012407580997122387	0.00012470422550808928	0.00011487429583229564	0.00012545245812135906
10	0.00013827554295636977	0.00013632579513922982	0.00011600174135667832	0.00013800750488928486	0.0001276573905666252	0.0001153865042087334	0.00011553917578264778	0.00012845240785288824	0.00010274459353851164	0.00010217884593306606	0.00010550511406170814	0.00012253892894452964	0.00012676231837893074	0.00012730520970141013	0.00011672874616533316	0.00012814714995803124
11	0.0001428815908743372	0.0001441699191283188	0.0001186405540867231	0.00014289216451510178	0.00013038887336565752	0.00011778685180463774	0.0001178201726840245	0.0001289872286694753	0.00010759730278366163	0.00010644681968494193	0.00010821973291342613	0.000127663843081207	0.00012920580915759297	0.00012725768828614556	0.00011938880867909304	0.0001290141487062336
12	0.00014649524244312893	0.0001506748284113095	0.00012097359721873098	0.00014919736099763126	0.00013444535827448575	0.00012042087913307216	0.00012064975832861495	0.00013198551530204923	0.00010887162021987848	0.00011254324182663502	0.00011046537647585148	0.00012904709958125465	0.0001301076876577849	0.0001281367628223589	0.00012183928927896256	0.0001295086041350182
13	0.00014816097654911202	0.00014899312138745989	0.0001244705526506707	0.00014697693646379415	0.00013820551848768965	0.00012362313930567526	0.0001238696939160095	0.00013776604487344065	0.00011117858106457264	0.00011571862826367133	0.00011232180463796249	0.0001322050033462047	0.00013279465722748868	0.00013357132287614544	0.0001247776132829986	0.00013260591957410436
14	0.00015142030729097441	0.00014942691050825023	0.00012451536610280284	0.0001491154896430665	0.00014032886995175186	0.00012393217554655913	0.00012373437228852262	0.00013633966155720477	0.0001121657661051645	0.00011519709822835868	0.00011345073468997656	0.00013351269471563766	0.0001323014523579925	0.00013284231445587994	0.0001252323623417831	0.00013264814473573568
15	0.00015153965855078786	0.00015003186128245084	0.00012436312207837936	0.00014840843350811975	0.00013789692982177853	0.0001245572590215798	0.00012432871918269234	0.00013432571027496718	0.00011314309837694503	0.00011366082284837813	0.0001129513248109055	0.00013254081872592882	0.00013192174200894768	0.00013206562057799449	0.00012521815963564871	0.00013213793347881283
16	0.00015260269403559503	0.00014987284914349638	0.00012942963954163373	0.000152747958433723	0.00014251645271133118	0.00012957267406094603	0.00012904504575823587	0.00013993975608932985	0.00011863585122757313	0.00011594967766963102	0.00011861832689319527	0.0001389211703683725	0.00013823309801952997	0.00013737657766843073	0.00013031535631044254	0.00013850366387971043
17	0.0001574452162465261	0.00016051033982091305	0.0001393730665867565	0.00015537120739981283	0.00014931276496326347	0.00013874621238180016	0.00013939879419668858	0.00015050453567315834	0.00013024077924007877	0.0001278899659992097	0.00012784579402989394	0.00014625212009148023	0.00014692065854567167	0.0001475519361693492	0.00014009790940115743	0.00014620575690002025
18	0.00016500870920297658	0.00016354994546290843	0.00015063091554276046	0.00016221636246323927	0.000162581757716875	0.00015210915717444952	0.0001516028333769317	0.00016340434651975955	0.00013899008059657886	0.0001410235191236285	0.0001417200726147721	0.00015874968208263337	0.00015893732890995957	0.000159819699643606	0.00015214474844222134	0.00015904374529081524
19	0.00016532143645456586	0.00016845250350416225	0.00015693125193621903	0.0001697572023380611	0.00016631303848167902	0.00015852808528966057	0.00015884470977480566	0.00016691289026435772	0.0001457379669864299	0.00014564349236769944	0.00015027005118178592	0.00016443823493141407	0.00016686427476909048	0.00016701893698005892	0.00015982014971553104	0.00016536163056999617
20	0.00015753214927401293	0.0001606833490431034	0.00015394737798898466	0.0001649256754473922	0.00016104821759327088	0.00015608305287181625	0.0001560372136796703	0.00016378241743854904	0.00014467414134743822	0.00014432885725823523	0.00014345434517950545	0.000161542618925462	0.00016200134440907425	0.00016081343615807062	0.00015762255216763622	0.0001623942040101353
21	0.00013892248665448167	0.00014091861145422844	0.00013660942093735625	0.0001434253016449458	0.0001426575822234184	0.00014032091202038425	0.00013922393841063759	0.00014435496570196354	0.000132371337841449	0.0001303420668297799	0.00013093019159726916	0.00014579626985766536	0.0001443322906978527	0.0001431242351635217	0.00014084596391720442	0.0001444974602480428
22	0.00011579695713745324	0.00011600127395398931	0.00011312965550715902	0.00011963945914501862	0.00011807555416919512	0.00011432228454484993	0.00011419976491362161	0.00011769315995621312	0.00011468354386034376	0.00011361933237497732	0.0001148835285538582	0.00011812761567972804	0.00011931272951790217	0.0001175393080630788	0.00011524882218805186	0.00011738463865348173
23	9.336883908447327e-05	9.371595682573692e-05	9.128844379239691e-05	9.602625227000535e-05	9.515607400389871e-05	9.21995017594493e-05	9.135280746800697e-05	9.475672492460458e-05	9.662145173167318e-05	9.429131030103986e-05	9.606058120377266e-05	9.658811441033836e-05	9.566557568926297e-05	9.530635545084851e-05	9.237989463949454e-05	9.442272580033026e-05
24	6.392699633328458e-05	6.32802172584774e-05	6.281424459282463e-05	6.461481585664188e-05	6.452041075249578e-05	6.28103090011322e-05	6.27311289605587e-05	6.316060545003085e-05	6.660298989850289e-05	6.581794660520874e-05	6.726887159976095e-05	6.675628518479688e-05	6.586567786146372e-05	6.488664765949018e-05	6.323500483781622e-05	6.532749608796606e-05
["C4",*,*] : 	1	2	3	4	5	6	7	8	9	10	11	12	13	14	15	16 := 
1	5.662792035664553e-05	5.625599836250957e-05	5.5282711910646526e-05	5.7729193367374964e-05	5.7755654497333255e-05	5.5572128040949204e-05	5.572267152317607e-05	5.6334103654806865e-05	6.512095436699606e-05	6.466987915504146e-05	6.466646949486668e-05	5.696720756612141e-05	5.6902547638530544e-05	5.850081394933853e-05	5.5734562150239206e-05	5.763581497278515e-05
2	6.83513832722601e-05	6.574322582911169e-05	6.279792615527265e-05	6.61075797540405e-05	6.63399627782242e-05	6.349759280736696e-05	6.363889638954473e-05	6.54051820138832e-05	6.995029137045404e-05	6.971627234759868e-05	6.872096925383487e-05	6.706945815955771e-05	6.670935074267757e-05	6.888867543019605e-05	6.425162478534796e-05	6.776930912805576e-05
3	7.470832065091533e-05	7.422127835215074e-05	6.928129149235269e-05	7.252119877365588e-05	7.263943346170634e-05	7.013041892050455e-05	7.006430439421761e-05	7.348840772944301e-05	7.353336203238956e-05	7.700791576446861e-05	7.296955155095786e-05	7.147093041720882e-05	7.557697546448836e-05	7.35552454062038e-05	7.051831552460283e-05	7.490569581171504e-05
4	8.308486456012567e-05	8.236418985543801e-05	7.550819195181112e-05	7.996310764715158e-05	8.116411534114065e-05	7.658460637119434e-05	7.548543812161315e-05	7.895487628716596e-05	7.63424795327115e-05	8.018833843591812e-05	7.652364352504079e-05	7.903651832848444e-05	8.110367329544893e-05	8.125355316501576e-05	7.67266809945034e-05	8.109795894570805e-05
5	9.14022361183212e-05	9.049336415945522e-05	8.592204701558646e-05	9.055789640439881e-05	9.173453606386525e-05	8.677513919328157e-05	8.655591007036622e-05	9.35136969236794e-05	8.73207673131743e-05	8.825357481542187e-05	8.54134552693923e-05	9.001418209847438e-05	9.13831512877285e-05	9.336055109065189e-05	8.713054710937896e-05	9.009338326571203e-05
6	0.0001011616317363756	0.00010181030372674118	9.723347958722248e-05	0.00010231537800393081	0.00010576176875425241	9.902765639953942e-05	9.877524856728865e-05	0.00010439832272937572	9.907388845986512e-05	9.900435141390362e-05	9.787373344534668e-05	0.00010413342218691522	0.00010395428790183078	0.00010376437419816875	9.94704810454318e-05	0.00010319585076577517
7	0.00011144060415359524	0.00011471109824996801	0.00010387408086372772	0.00011118645496631957	0.000114555483915577	0.0001061300031337241	0.00010554145102733904	0.00011086071813770614	0.00010250656170525258	0.00010174378855499377	0.00010370311791543875	0.00011105254975622076	0.00011307756405897049	0.00011173342419164563	0.00010675605287955401	0.0001119923260588919
8	0.00012094717760878511	0.0001230688389231297	0.000111162416482067	0.00012298269060447941	0.00012358483848966088	0.00011223184446328024	0.0001121652489118549	0.00012031058458858792	0.00010497737659527122	0.00010230018712757619	0.0001030808586263223	0.0001189647775943997	0.00011927960961670035	0.0001175417674430158	0.00011297473689181914	0.00011938712340044591
9	0.00013068460253036092	0.00012945116199034946	0.00011482013802144254	0.00013065226630069507	0.00012632569451793556	0.00011481585046076303	0.00011490931530897963	0.00012513623187128425	0.0001034488085535171	0.00010255892534082961	0.00010257933114326989	0.00012211913389905156	0.00012215079323594455	0.00012108499218721086	0.00011586366311349848	0.00012276750463753548
10	0.00013586821110063554	0.00013481376451394077	0.00011593097826188755	0.0001332113685254358	0.00012802369906857742	0.00011589526420533667	0.00011585243352602114	0.00012750072811307437	0.00010598971173458037	0.00010331910379166166	0.00010518137430871051	0.00012518348311653756	0.00012328530943593174	0.00012362511816342542	0.00011760079043456639	0.0001262688642226014
11	0.00013919134240458831	0.00013877732682660246	0.00011874809041543037	0.0001391623848213949	0.0001343777063029701	0.00011900090381370658	0.00011866837281160834	0.00012947132290873123	0.00010871156831282136	0.00010909896027580362	0.00010608220732662727	0.0001260912712372931	0.00012790630095010978	0.0001265143804701971	0.00011994983786156199	0.00012870491053238023
12	0.0001432526049150789	0.00014013856981628012	0.0001214601230409524	0.00014463363215848316	0.00013631702776624796	0.00012144016311493573	0.00012129955181489352	0.00013279242117466116	0.00011075945083588871	0.00011152065184895989	0.00011046645849361639	0.00013211514868259562	0.00013161652397034753	0.00012984579970935303	0.00012344728532584246	0.00013059055089242243
13	0.0001442347665743528	0.00014694165125571154	0.0001240652644922663	0.00014502590581715456	0.0001392764967037848	0.00012437541528863044	0.00012423673297845246	0.00013681673372802346	0.00011249728211399851	0.00011306323278059132	0.0001156083054394488	0.00013357034686089738	0.0001361425138734247	0.00013545419130727384	0.0001262878459174246	0.0001339681343965511
14	0.00014332553388143163	0.00014525606861996617	0.0001244328508773455	0.00014270431592408993	0.0001356182263871899	0.00012397807120779716	0.0001242449303312121	0.00013441035616148993	0.00011304413680692497	0.00011468379069705824	0.00011513471659907462	0.00013380467969203465	0.00013315873479700392	0.00013267725954832434	0.00012573392884174906	0.00013516883029562353
15	0.0001428371145399461	0.0001448111404128187	0.0001248082464517644	0.00014370742051264142	0.00013890702481546055	0.00012445886661640836	0.00012461468494917938	0.00013438239012984732	0.0001146420321901084	0.00011480325104880465	0.00011583647578678107	0.00013646963274263418	0.0001324526356580145	0.0001340006080260893	0.00012624094106832717	0.0001326345364737138
16	0.00014611966538522576	0.0001480554456647001	0.0001291824741304268	0.00015161563743949636	0.00014198247038952822	0.00012923502157823077	0.0001291133116398324	0.00014159900985815838	0.00011824190222662935	0.00012080140953799366	0.00011834682257584908	0.00013794289742324813	0.00013990772176416286	0.00014057345604068193	0.00013103206680748871	0.00013893267633499878
17	0.00015397788243072004	0.0001525648447687385	0.00013858032856850847	0.00015856094067829375	0.0001509513462258263	0.00013946978942183446	0.00013912582605844122	0.0001452167826626197	0.00012949881715936407	0.00012649750133147969	0.0001281872934678905	0.0001493289150006691	0.0001481027452397789	0.00014951045498637282	0.00014103445513087004	0.0001474127877882748
18	0.0001641501551126223	0.00016263070013567123	0.00015181398729342967	0.00016410146976712423	0.0001621974002039013	0.0001528938454485289	0.00015239555240808018	0.00015798623495011667	0.00014298607677691352	0.00013993330111539688	0.00014071477513280726	0.00016084820725829134	0.00016119771395671945	0.00016023110454806776	0.00015468614002348585	0.00016010406891796782
19	0.0001693496928608715	0.00016730990451147194	0.00015843098379231	0.00016760853801755184	0.0001664640157257734	0.0001585627118996156	0.00015973693208349608	0.00016430767699506364	0.00014684716570092732	0.00014573206198577722	0.00014805949049694826	0.00016769651649856736	0.0001683457041925359	0.00016706767557319723	0.00016093277218838552	0.0001658484433083731
20	0.00016210235051037126	0.0001628674202009279	0.0001554691187725076	0.00015845555574789491	0.00016002060144623518	0.00015648352010065554	0.00015689808888147392	0.00016230216966885461	0.00014413326392943222	0.00014313547059258258	0.00014752442005724897	0.00016416295309832328	0.00016212938064073733	0.00016131774577064106	0.00015733241209601255	0.0001631241558083964
21	0.00014277270191496497	0.00014366297034973822	0.00013753931114074208	0.00014211721981431712	0.00014402934276766728	0.0001391438578729005	0.00013974102340088196	0.00014517739411079193	0.0001314017749481226	0.00013271358062387072	0.00013453372958048678	0.00014824483887709288	0.00014677290464747936	0.00014366893566379986	0.00014036888153004908	0.000146168790993833
22	0.00011726145423653103	0.00011602873586044421	0.00011303611751397942	0.00011535810868962549	0.0001183676298650473	0.00011410962605445787	0.00011439150233964746	0.00011776548888282079	0.00011480776320545036	0.00011356897371976983	0.0001149083220193948	0.00012044812156513245	0.00012267239508461476	0.000119949068598733	0.00011575885357619457	0.0001196075685966021
23	9.296514694792116e-05	9.516094793908429e-05	9.07459526679869e-05	9.481082545367003e-05	9.416498347178444e-05	9.14320907675863e-05	9.203018025587309e-05	9.422630711999674e-05	9.484076538758276e-05	9.635839728763877e-05	9.677315138995107e-05	9.725601490489154e-05	9.723304964756955e-05	9.516346225890827e-05	9.307639373184822e-05	9.576287969311723e-05
24	6.480318920351453e-05	6.429235877552315e-05	6.231383905800293e-05	6.362352972650509e-05	6.469498903857947e-05	6.324010267380872e-05	6.323706164644143e-05	6.5542904642896e-05	6.683545329823423e-05	6.765531010809575e-05	6.713253265433094e-05	6.582976601615503e-05	6.504020884125924e-05	6.58393736273832e-05	6.36147165527804e-05	6.561813567617743e-05
["C5",*,*] : 	1	2	3	4	5	6	7	8	9	10	11	12	13	14	15	16 := 
1	5.916339085085834e-05	5.630455124024989e-05	5.539018146476427e-05	5.506694184585298e-05	6.110454824171623e-05	5.761188934906936e-05	5.732406142222365e-05	5.5282603152509095e-05	6.445033900942696e-05	6.454510584485305e-05	6.477372190152998e-05	5.537140160191329e-05	5.632833395818002e-05	5.6210031241784976e-05	5.532791393127604e-05	5.522871330938341e-05
2	7.714865013782919e-05	6.688861998725533e-05	6.335091161980327e-05	6.470893880607633e-05	6.41415412816785e-05	6.544113445680796e-05	6.661298937149329e-05	6.441840771186262e-05	6.862066011107118e-05	7.709974765180043e-05	7.295002506463555e-05	6.936507605380006e-05	7.055631684900097e-05	6.481992580972195e-05	6.484601450102552e-05	6.517979294737992e-05
3	7.683347745145702e-05	8.532531770306137e-05	7.156625775862858e-05	7.16942579881839e-05	6.903750997028608e-05	7.06311506187158e-05	7.316312428212218e-05	7.18112306717371e-05	7.272889712744567e-05	7.552326011020992e-05	8.068564895710461e-05	7.560526023336499e-05	7.133186853729357e-05	7.42837338881257e-05	7.00977509114535e-05	7.008370937374509e-05
4	8.191830332066791e-05	8.110098437079247e-05	7.926884444279894e-05	7.955619006977789e-05	7.599581823137657e-05	7.851451321697962e-05	7.876772230990507e-05	8.018176223029097e-05	7.83083017218283e-05	7.768056872355191e-05	7.561773833728932e-05	8.143060569959441e-05	7.999412749460582e-05	8.795582763708892e-05	7.524040051718686e-05	7.758924081055881e-05
5	8.720172834888308e-05	0.00010362515167371541	8.841891409659127e-05	8.738413893426682e-05	8.892707673664931e-05	8.770979248030745e-05	9.012618581750588e-05	9.745000780297196e-05	9.747358984531279e-05	8.643068896794968e-05	9.531618362128889e-05	9.316824756234297e-05	9.232550267607674e-05	9.088644731628357e-05	8.615984985602883e-05	9.369488329832524e-05
6	9.962882053167443e-05	0.00010068952521508756	9.852269086347838e-05	0.00010035630882001599	0.00010384351850905685	9.957407075010794e-05	9.956638315230818e-05	0.00010803460793780808	0.00010062862625981671	9.642210456568336e-05	9.895746354047701e-05	0.00010518192029444622	0.00010511832199644297	0.00010278868490036494	9.939511165851943e-05	0.0001044420735626126
7	0.00011018136867764493	0.00011039722929639184	0.00010406858363207502	0.00011030267002080853	0.00011140668637625004	0.0001071771847995445	0.00010609516244209014	0.00011506591073057778	0.00010459247689040187	0.00010395598088072056	0.0001174713084822828	0.00011429073172559371	0.00011146435849201861	0.00010988362104449498	0.00010736760458245436	0.00011764848617063497
8	0.00012462975126678578	0.0001239634870588417	0.00010961446678942048	0.00012964211735124874	0.00011479803994787008	0.00011158277072525122	0.00011005153453130387	0.00013717885946268573	0.00011622945446988642	0.00011279036754548551	0.00011006914629200009	0.0001196286822802138	0.00011828711172286414	0.00011910569478924065	0.00011496347821406073	0.00012257047976269486
9	0.00013072931274220044	0.00012386891142056623	0.0001142836358447118	0.00012884213841519928	0.00012073254964221681	0.00011360400752046048	0.00011450652842342536	0.00013201390307239947	0.00010130115710684774	0.0001025587316936813	0.00010081296132211652	0.00012090675564235001	0.00011916574202061126	0.0001393097257247915	0.00011707992337087166	0.0001234818869625358
10	0.0001336344821072684	0.0001293214309416981	0.00011615733647213659	0.0001278460627121379	0.00012029179550896568	0.00011724599532496926	0.00011374621098552903	0.00011964980210558709	0.00010293557005306899	0.0001023232287793543	0.00010444132427180072	0.00012559004944559044	0.00012266927301376502	0.00012830741875212215	0.00011717061410396216	0.00012360335455982628
11	0.0001424428468950585	0.00012888188581738677	0.00011862954466147851	0.00013345348459868262	0.00013102271066378962	0.00011760657670007002	0.00011553880275682154	0.00012239951230871114	0.00011033304274018735	0.00010848951532055052	0.0001074227793946089	0.00013105079649957353	0.00013252545298601356	0.000124026680380612	0.00012091675150829898	0.00012914353695395815
12	0.00013760113208582478	0.0001317117845425898	0.00011953417821212003	0.00013667994642417117	0.0001247558933016542	0.00011996457174467094	0.00011783724071868472	0.00012345833954125255	0.00011091548661031727	0.00011638296570842727	0.00011226071036805583	0.0001282723807742851	0.00012862567796467352	0.00012334489760395742	0.0001237221810148966	0.00012842260823652552
13	0.00014330921951937964	0.00014033460216624085	0.00012305416796263923	0.00014556383776803615	0.000136870185552517	0.00012237427128389638	0.0001224828220113344	0.00013037815387417138	0.00011784745462062698	0.00011257982300072254	0.00011399391676490194	0.00013039133530717446	0.00013507867671103398	0.00012934212946143854	0.00012647641519869255	0.0001317430429749672
14	0.0001337574362803028	0.0001358067298442824	0.00012269113158743848	0.0001373253441289393	0.0001295066571047752	0.00012291242976964043	0.0001232250671390942	0.00013524410855857881	0.0001131069487855631	0.00010919189591326523	0.00011717551795155621	0.0001361539404183903	0.0001324063376566014	0.00013058366114237507	0.00012689436119094088	0.00014231779713538175
15	0.0001384366453675347	0.00013476981845473755	0.00012342442646411466	0.00014671041753566062	0.00013065555807771726	0.00012359901113384174	0.00012446683268653707	0.0001307049697356956	0.00011122159922957099	0.00010974507713187665	0.00011336072598265984	0.00013296652881876814	0.00013710956944761838	0.00013559705504893532	0.0001267416118810482	0.0001358396522809987
16	0.00014236699092362926	0.00014512327233772492	0.0001289144895145288	0.00013980410387410655	0.00013214307689166953	0.00012915159217985388	0.0001286743805401288	0.00013552922650020171	0.00011498122090938756	0.00011650902453305131	0.00011767616160921435	0.00015127766793559492	0.00014056710874853334	0.0001409524295926002	0.00013217048450783707	0.00013554476395903246
17	0.00014917021762806212	0.00015608491004420074	0.00013887004717151493	0.00014979984011637482	0.0001535678690858092	0.00013789908245653458	0.00013726779064268874	0.00014649470168680832	0.0001271254103975726	0.00012796383234448309	0.00012584618649314806	0.00016594422696102155	0.0001530408972497842	0.00014478222769892426	0.00014360793930174158	0.0001584828845949941
18	0.00015500675699416585	0.00016353207418439632	0.00015149649791448863	0.00016465136849057302	0.0001565051426207119	0.00015174625724302971	0.00015192923140960654	0.0001544271276706632	0.00014223534900082831	0.00014895623512533622	0.00013747465099108656	0.00016124294212892628	0.00016221003141707403	0.00016279910702685934	0.00015398413481070445	0.00016231359092961484
19	0.0001575329390682912	0.00017062180300649922	0.00015484364502173938	0.00017347782341446054	0.0001650666439410627	0.000158387441834707	0.0001596708495290904	0.0001661614004184809	0.00014622738573847607	0.00014952070459534327	0.00014489628366888067	0.0001642318443647279	0.00017013628960324347	0.00016659763715586907	0.00016253423473779708	0.00016833838608148704
20	0.00015679099472117448	0.0001617390879129969	0.0001525563713273667	0.00015681798858109883	0.00015918861690891365	0.00015672667609959554	0.00015763824060719125	0.00016842273757444184	0.0001445467219910299	0.00014709875253772297	0.0001393812903847269	0.00016270193504421235	0.00017323213899095123	0.00016583266713064308	0.00016129897378662055	0.00016437889879807253
21	0.00014931527338700438	0.0001440704658716854	0.00013710821832948046	0.00014221606462214482	0.00014695342825792734	0.0001401677954215459	0.00014015294745667642	0.00014351394836317337	0.0001418358447759978	0.00014244397598620808	0.0001284155667648149	0.00014389929830744668	0.00014873969688563706	0.000146373848055694	0.0001449407561265758	0.00015085545647299667
22	0.00011722393674091755	0.0001142240383874228	0.00011337252397125016	0.00011604983505112757	0.00011596556231182752	0.00011514029828484839	0.00011318666252402708	0.00011758029591366378	0.00011803523126596821	0.00011559831723671315	0.00011248985229187565	0.00011866181402128078	0.00011829553424423149	0.00011965249050669831	0.00011668232459966772	0.00011819638344208194
23	0.00010078828670535417	9.015727297390236e-05	9.128049828012114e-05	9.081864760178341e-05	9.322344179679924e-05	9.177543465615259e-05	9.195170814035616e-05	9.60981141593296e-05	9.61310196347796e-05	9.865323755119126e-05	9.536725931686084e-05	9.959089909772493e-05	9.434962608686477e-05	9.682293925573961e-05	9.448973832208673e-05	9.366227181893266e-05
24	6.71182843194667e-05	6.206938593246301e-05	6.250144629628863e-05	6.38258114661264e-05	6.962662269531872e-05	6.294110243403992e-05	6.429504443867363e-05	6.590247563066648e-05	6.705070846101406e-05	6.515906918525906e-05	6.539346269680805e-05	6.52018208015141e-05	6.48524845095058e-05	6.701415666953233e-05	6.396472686468406e-05	6.677262896451907e-05
;
  
 param  cooling_time_series  := 
["C1",*,*] : 	1	2	3	4	5	6	7	8	9	10	11	12	13	14	15	16 := 
1	0.0	0.0	0.0	0.0	0.0	0.0	0.0	0.0	0.0	0.0	0.0	0.0	0.0	0.0	0.0	0.0
2	0.0	0.0	0.0	0.0	0.0	0.0	0.0	0.0	0.0	0.0	0.0	0.0	0.0	0.0	0.0	0.0
3	0.0	0.0	0.0	0.0	0.0	0.0	0.0	0.0	0.0	0.0	0.0	0.0	0.0	0.0	0.0	0.0
4	6.909721147297111e-07	1.915167399308701e-07	3.854343257127014e-07	3.987249690889041e-07	4.8642615882773e-07	3.986984012631836e-07	4.784515602594024e-07	4.784507632246308e-07	5.713765158914336e-07	5.847343758667098e-07	3.614963605006679e-07	8.795965040337868e-07	7.016037615483666e-07	9.460191679152217e-07	5.581362628246812e-07	7.653847865183917e-07
5	9.087440656319735e-06	7.520067615633923e-06	6.861101671990533e-06	8.043383997509631e-06	8.067324973741906e-06	6.247358595694734e-06	7.336641752788622e-06	7.150676360042093e-06	6.688294083491606e-06	6.773408895396521e-06	6.77860742185529e-06	1.1449225692871606e-05	1.145456006947923e-05	1.2121436228993286e-05	1.3455010720707914e-05	1.3813761562098602e-05
6	2.451628877155363e-05	2.2720423396608988e-05	2.0608248219149465e-05	2.457485426665642e-05	2.2832012161250398e-05	1.950567149621854e-05	2.1115686605661446e-05	2.2430689213043686e-05	2.099867765033534e-05	1.8533226109093712e-05	1.8788158123593853e-05	3.6285481416710074e-05	3.620055328806054e-05	3.6838163304914285e-05	3.398461808716473e-05	3.6492635624622464e-05
7	4.3733482830922965e-05	4.009659067392291e-05	3.7498241643420537e-05	4.558803839263246e-05	4.119394495935189e-05	3.901255271410165e-05	3.955173752692379e-05	3.863277839798047e-05	3.8146490746084154e-05	3.678882437288714e-05	3.566220704437749e-05	6.694781760557844e-05	6.84541651476185e-05	6.825507312353995e-05	6.201414252471887e-05	6.672458233555435e-05
8	6.725462064301569e-05	6.14019174454253e-05	6.390459511559147e-05	6.709268009227132e-05	6.497812576601849e-05	5.846897321779647e-05	5.879550924210947e-05	6.540841322350421e-05	5.966974595298242e-05	5.875055408988576e-05	5.691451426583691e-05	0.0001041510054781671	0.00010566529715434738	0.00010217433559918354	9.967423810776322e-05	0.00010360627463178087
9	8.697922696386848e-05	8.706707383385171e-05	9.007175482186273e-05	8.891353816423797e-05	8.518091655192287e-05	8.3307764397803e-05	8.32464259301703e-05	9.354427998859539e-05	8.20777158669801e-05	8.553949762490712e-05	8.276294933135408e-05	0.0001407670152664268	0.0001480755981185447	0.0001387451771612338	0.00013782592516630243	0.0001397333623024896
10	0.00011165606085532256	0.00011230444784498197	0.00011400206672881537	0.00011434476041916001	0.00011296879368484638	0.0001115286904479697	0.00010931537200080416	0.00011869130816005483	0.0001123335209281232	0.00011553511334166794	0.00011123631134881944	0.000187369633935099	0.000187276503698706	0.00017981105173959545	0.0001805284071222114	0.0001789050284849635
11	0.0001412424408399011	0.00014176335451618696	0.00013913054285343444	0.00014539494426650112	0.00014200262674563736	0.0001418060257209196	0.00014276212073676425	0.00014364961541263614	0.00013552532733786572	0.00014643651780771145	0.00013653750304860567	0.00022777932032451943	0.00022630996476030464	0.00022093533470864796	0.00022247367274671654	0.00022454586122101975
12	0.0001747979313322101	0.00017414191282317225	0.0001687247757557987	0.00017349090146370134	0.0001766286560856492	0.00017612924118251755	0.00017848818160194735	0.00017970069341952425	0.0001667553959996345	0.00016749746539369346	0.0001654889331640994	0.00026685346974555176	0.00026416660539854833	0.00026155499769462483	0.00026282229909934594	0.0002593312969840206
13	0.00020203395620163183	0.00020581546075350724	0.0002023013819132948	0.00020040456712523255	0.000207014425990935	0.00021104107877843755	0.00021188692325095862	0.00021313112419692271	0.0002051733782203	0.00019699423316473758	0.00019259382438215566	0.0003130903442127134	0.0003114476001101486	0.00030826816650319144	0.0003044203372341162	0.000302451777095316
14	0.00022703488727968748	0.0002253460728847203	0.00021822067651927003	0.00021785668110054342	0.00022361910390389698	0.0002309967252880136	0.00023122609852281657	0.0002254442882029054	0.0002211750272411664	0.00021246259197620077	0.00021732369854663477	0.00032667518330739526	0.0003290707644780169	0.00032839484126540513	0.00032731992660839165	0.00032259347667148893
15	0.00022083207973955924	0.0002334384941808567	0.0002221791495354109	0.00021512107391504333	0.00022581787345551393	0.00023660071591056329	0.0002279254483253587	0.00021880947417840735	0.00021505639339197767	0.00021463133669663323	0.0002240789371746814	0.000313618942278326	0.0003173870257387951	0.00031880123632689063	0.0003246852080841954	0.000321293501357717
16	0.00022171416316922376	0.00022277778162952248	0.00021990412430199265	0.00021788583123040394	0.00022703814245817489	0.00022197977261567695	0.00022494198918520753	0.0002204362836961185	0.00021425147275839257	0.00021435238568504777	0.00021396893916407754	0.0003151208063226501	0.00031980728664831367	0.00031406345184712347	0.00031643508291994104	0.00032151754960320215
17	0.0002042514529707312	0.0002126626243241841	0.00020446397671341715	0.00020793897268785933	0.00021000850597374242	0.00020743148302553458	0.00021042824503024845	0.00021055842773049624	0.0001938877160181176	0.00019619897826030942	0.0001995517173369238	0.00030017404867415754	0.0003043796075173977	0.00030783790242531106	0.0003098942198119652	0.00030132442118130604
18	0.00018374679500667842	0.00017851744092554285	0.0001807809594565396	0.00018656927331452648	0.0001794685564223313	0.0001831399902065615	0.00017995730390067165	0.00017731381383174818	0.0001669900208080351	0.00016939884869649431	0.00017027902924993625	0.00026149920118689716	0.0002629586944199851	0.000275465121734789	0.0002689072341412634	0.0002600751926502863
19	0.00015464313691762648	0.00014276209532016634	0.00015409055979519315	0.0001604102503591043	0.00015477074315870367	0.000157446847181991	0.00015213602038364443	0.00014898065102753353	0.00014500893253338186	0.00015119495894912695	0.00015231859448197667	0.00022471077072627694	0.0002237639000595643	0.00022994279859343253	0.000226518267849587	0.0002205742226959445
20	0.00012589699400029293	0.00011667547332079307	0.00012361770498507573	0.00012641710780796232	0.00013271724790592913	0.0001251046571287549	0.00012334580126642676	0.00011770543211719238	0.00011805889241886855	0.000126296637950488	0.00012231601117574587	0.00018798680107274653	0.00018186379982729399	0.00018675497382602407	0.00019892556416352226	0.00018444801725419973
21	9.666567954559724e-05	9.610601722686321e-05	9.59830557501844e-05	9.165521609797314e-05	9.275151466656748e-05	9.021449958716751e-05	8.677823781991467e-05	9.430841776993387e-05	9.053929665872762e-05	8.95457306471896e-05	9.56334072230045e-05	0.0001486698051640998	0.00014355097190961978	0.00014414614195023965	0.0001545723039061157	0.00015309149566067418
22	6.795064976625252e-05	6.978122866228388e-05	6.923937856518539e-05	6.934019407649704e-05	6.639390323593911e-05	6.616024974729636e-05	6.515028518812931e-05	6.705544324765714e-05	6.791887872042383e-05	6.736081374793148e-05	7.269405139286555e-05	0.00010299501732975716	9.960230385985577e-05	0.00010671629483475745	0.0001096051788916469	0.00010767098981475784
23	4.594391255841354e-05	4.55481282048348e-05	4.565176513067858e-05	4.700403168185728e-05	4.447482391228299e-05	4.5269156204671895e-05	4.2954905613424145e-05	4.400728792033976e-05	4.56835762053647e-05	4.502721833661288e-05	4.6873787609910705e-05	7.008779807997351e-05	6.62541742730913e-05	7.277123686006516e-05	7.437326816076015e-05	7.107622064901144e-05
24	2.036383405261448e-05	2.230317994451741e-05	2.0881952705066186e-05	2.272319867168378e-05	2.4821898736497185e-05	1.8429754523685325e-05	2.0214946097527835e-05	1.930919658009226e-05	2.1612555336948115e-05	2.2869136623961806e-05	2.0966874988794045e-05	3.316898256084052e-05	3.086557146536799e-05	3.482958608715415e-05	3.4988916083343214e-05	3.295390511882286e-05
["C2",*,*] : 	1	2	3	4	5	6	7	8	9	10	11	12	13	14	15	16 := 
1	0.0	0.0	0.0	0.0	0.0	0.0	0.0	0.0	0.0	0.0	0.0	0.0	0.0	0.0	0.0	0.0
2	0.0	0.0	0.0	0.0	0.0	0.0	0.0	0.0	0.0	0.0	0.0	0.0	0.0	0.0	0.0	0.0
3	0.0	0.0	0.0	0.0	0.0	0.0	0.0	0.0	0.0	0.0	0.0	0.0	0.0	0.0	0.0	0.0
4	5.01369231252975e-07	2.189990784943861e-08	6.10227411386671e-07	1.091407267873204e-07	1.5834234059160953e-10	2.0773352940000152e-10	2.2589205469720442e-10	2.6177475336650134e-07	7.409978471670075e-07	1.5255659862731356e-06	5.884691400345503e-07	6.538289359893026e-07	2.398545079687297e-07	1.111550883155897e-06	6.103436259485728e-07	9.154504314022954e-07
5	7.409677040150143e-06	3.944890229628529e-06	9.34864437138547e-06	9.43609292385275e-06	3.836332028332743e-06	5.710297649732179e-06	4.097838035524845e-06	5.797443317997506e-06	7.627431896491166e-06	2.0527368113891073e-05	9.087613391215141e-06	7.300385234432348e-06	7.0392285972669625e-06	1.5341328153378495e-05	1.1201028948639684e-05	1.7128413947322952e-05
6	2.2118634550053528e-05	1.9111433134588282e-05	2.3142700563691554e-05	2.7893096438434887e-05	2.2620026297877867e-05	2.061564905315798e-05	2.5191362093565252e-05	1.586527860035005e-05	2.00486120573612e-05	3.595552525085369e-05	2.9178514474970493e-05	2.739151947365252e-05	3.100896863805277e-05	3.7066506682656275e-05	3.299168929916222e-05	3.94422090638607e-05
7	3.440882492015764e-05	3.443043719696637e-05	4.4388791824938045e-05	5.489126303173534e-05	3.345065982652824e-05	3.778709580007123e-05	3.632692156875737e-05	2.7262235131582483e-05	4.628409080819765e-05	6.221322931031292e-05	5.663477344935362e-05	4.593557060046339e-05	5.938026620848443e-05	5.794191416653174e-05	5.5021797406686824e-05	7.027543150433602e-05
8	5.075184487864395e-05	6.378265176688382e-05	6.986186455362311e-05	8.195500005988405e-05	4.9510653746322205e-05	6.166974537450862e-05	5.931589205728279e-05	4.4324874542232866e-05	7.160462756634014e-05	9.81017604979352e-05	8.232567294213987e-05	7.180087909702418e-05	7.48735245640016e-05	8.711918006130284e-05	8.620360615192852e-05	9.927823900405185e-05
9	7.709669388002747e-05	9.163094749170554e-05	0.00010500965574508568	0.0001067961728139879	5.7116067341378953e-05	7.3654948785426e-05	7.232523411593936e-05	6.341381289568296e-05	0.00010551033495241168	0.00013603835688936894	0.00011043508680796171	9.999759479447165e-05	0.00010307035792869627	0.00012584064820239058	0.00010725340956537361	0.0001222887941684408
10	0.00011359557886236935	0.0001291321184260607	0.00013525464437999206	0.00012701791987300675	8.106394669673e-05	0.00010370402944887183	8.757917545583658e-05	8.834230200827181e-05	0.00014460185858595996	0.00016011676263000016	0.00014148639313730905	0.0001355159056102691	0.0001449290890122804	0.00017258057392388292	0.00013950317057453502	0.0001406582997393904
11	0.00015606461362306672	0.00017232005646672453	0.00016674181705545203	0.00015070449587036746	0.00012516724219715312	0.0001335785936101969	0.00011568883119323442	0.00012366424144710677	0.0001714696142822886	0.00019467632945831986	0.00019066673604503832	0.00018384614844018025	0.00018715845012404013	0.00019918666599697397	0.0001873977417177172	0.00016332045890032033
12	0.00019424135215367658	0.0001878571051955081	0.00020548466504424884	0.0001917790953457171	0.0001589423164259392	0.00016935804726276685	0.0001607727408089685	0.0001655012621978818	0.00022688188607990328	0.0002308699652723814	0.00022219731921736572	0.00022784042233380412	0.0002181661868877147	0.00022363540178678824	0.00022095508070135418	0.00020613825864574238
13	0.00024143863447268117	0.00022856094317508357	0.00024024015073923668	0.0002235928905000418	0.000182541508515078	0.0001893616603153798	0.00018748773972711454	0.00019729307536777395	0.0002559502487614084	0.0002535316813653474	0.00025873939461533197	0.0002605478638886757	0.0002635766565170873	0.00025100410180492006	0.00025756272144968203	0.000250067218502928
14	0.0002530743254940966	0.00024740905444997077	0.00024808452907445165	0.00023677577649033072	0.00019999509371202223	0.00020858015829408906	0.00020237014964967145	0.00020239193915370295	0.0002707891922587204	0.00026270528626898157	0.00027207477299568674	0.0002738397228209496	0.0002726195105960777	0.00026451381510230745	0.000270723823746725	0.0002612889685079253
15	0.0002509389541004965	0.0002538587476386359	0.0002442059973597194	0.00024819347659451	0.0002051156271556579	0.00019960288263965345	0.0002111295302639903	0.00019918888206335234	0.00028116099617018077	0.00025272569342979083	0.0002732514062124956	0.0002694600325137902	0.00026876276838527785	0.0002702226651543971	0.0002742319338932192	0.000260090545787085
16	0.000246276000241225	0.0002468643168495798	0.0002403056761408564	0.00024435852388784074	0.00020330709832233203	0.00019326213697114597	0.00020348141435448493	0.00018221485843520477	0.0002713557193631429	0.0002647317101424242	0.00026675813401586673	0.00025793338488955253	0.00027100708729893634	0.00026261812825285555	0.00026854487334516106	0.00025475211730323344
17	0.00023908527361466529	0.00022422475415748597	0.00022108713167625905	0.00022368003544197463	0.00018748778766562466	0.00018212755805636875	0.00019219422974036396	0.00017530745492083845	0.00026218207814247065	0.00024856375144197373	0.0002543596955920437	0.0002426804204783386	0.000261267017756205	0.00025634257895354315	0.0002556671072345047	0.0002303694175328523
18	0.0002057679729032664	0.00019082008697022192	0.00019280299357466541	0.00019724800590803125	0.00014153276420013328	0.0001524274326787655	0.00015953060543338478	0.00015641512908962245	0.0002292351249126117	0.00021555152702966248	0.00021424395486597248	0.00020777202837895145	0.00022509540387531795	0.00021701129886803186	0.00020807747438566536	0.0002174687702276423
19	0.00018210346314588647	0.0001682887679738097	0.00016055315775234606	0.0001612723217887254	0.00011913193236650953	0.00012675818686426783	0.00012616965743791108	0.0001362151591868025	0.0001843910066131575	0.000192410121532005	0.00018271345740181533	0.00018099142270898067	0.00018650507587749635	0.00018487052678039194	0.00016909458957725247	0.00018020769857813175
20	0.00014800195238158967	0.0001435348730818824	0.00012952362494759296	0.00013538537414067433	0.00011050221233893431	9.596843157532868e-05	9.880089785990512e-05	0.0001067761563083709	0.00013693185656914146	0.00015495292618789014	0.00014508188937090865	0.00015253346030796955	0.00016194707806191513	0.00014248851711530253	0.00014185660915105207	0.000152686338385099
21	0.00010875781215358617	0.00010141449726003952	9.685977402220541e-05	9.784101569612352e-05	9.296057717929374e-05	7.0822199227855e-05	7.443879203620224e-05	8.269747383198714e-05	0.00010838620011246257	0.00012091654860100334	0.0001239883812923947	0.00012889085844822483	0.00013268231131815261	0.00010890957457098809	0.00011642701955343277	0.00012677756055801308
22	7.108216248673789e-05	7.82729544839325e-05	6.85539677154516e-05	7.92318887726935e-05	8.073548584872107e-05	5.188590870146329e-05	5.49793834496386e-05	6.633247769984515e-05	7.073289487410239e-05	9.24145648504271e-05	8.921106541845299e-05	9.204361160054064e-05	9.112830789002278e-05	7.330443331893207e-05	8.81868098298109e-05	9.746957071337204e-05
23	4.8332751611730344e-05	5.1535842840055744e-05	3.9834423041506114e-05	5.3976769917786704e-05	5.027252445514786e-05	3.905060303364221e-05	3.5803466486355934e-05	4.234104330571626e-05	5.162242849940094e-05	6.613523035563381e-05	6.391231961700815e-05	6.384683852210441e-05	5.547952879628656e-05	5.288647031995664e-05	5.369273281240586e-05	7.302053785004852e-05
24	2.4123188295639327e-05	1.987432217351258e-05	2.660732104212143e-05	2.556198776365533e-05	2.0288980088425337e-05	1.5015534429565173e-05	1.4535843572153022e-05	2.0659220797779128e-05	1.9873806471394143e-05	2.9854368975804286e-05	3.0377118781083203e-05	3.1727933656965166e-05	2.7326300587854075e-05	2.0898436125657387e-05	2.8132661136339876e-05	2.8612069447098408e-05
["C3",*,*] : 	1	2	3	4	5	6	7	8	9	10	11	12	13	14	15	16 := 
1	0.0	0.0	0.0	0.0	0.0	0.0	0.0	0.0	0.0	0.0	0.0	0.0	0.0	0.0	0.0	0.0
2	0.0	0.0	0.0	0.0	0.0	0.0	0.0	0.0	0.0	0.0	0.0	0.0	0.0	0.0	0.0	0.0
3	0.0	0.0	0.0	0.0	0.0	0.0	0.0	0.0	0.0	0.0	0.0	0.0	0.0	0.0	0.0	0.0
4	3.542348777142695e-07	3.8840185870151806e-07	6.05755026428788e-07	3.9940327275192084e-07	3.994062030002998e-07	3.456881164520023e-07	4.20155942940036e-07	3.554444598264845e-07	5.959627875116596e-07	4.482304491721067e-07	4.94630891559548e-07	7.424598633677843e-07	5.227198048461492e-07	4.3970171707695054e-07	7.461580810097563e-07	6.252719457587456e-07
5	8.215360670631234e-06	7.5548172437357295e-06	8.778158581403442e-06	8.211658668085096e-06	6.65867846922375e-06	7.586622525925085e-06	7.311891676309104e-06	7.93085064612214e-06	9.039450009619606e-06	9.908745389197721e-06	9.465558833537867e-06	9.403310834655484e-06	9.914831922060365e-06	9.529046653067826e-06	1.0353132532735211e-05	9.477724370152717e-06
6	2.5978052377935794e-05	2.310772989782689e-05	2.4989048171788818e-05	2.3873211908752495e-05	2.3017331328348235e-05	2.3342214681307614e-05	2.2590068556339088e-05	2.215172907917533e-05	2.905596187420503e-05	2.9518633197858463e-05	2.852609967033026e-05	2.7866948559091744e-05	2.837590523148793e-05	2.668612870682153e-05	2.847719585977536e-05	2.7175744518977885e-05
7	4.623379598767841e-05	4.7153178835365076e-05	4.638878443496286e-05	4.5293740888842527e-05	4.5573326101877664e-05	4.4834666852053555e-05	4.316332728739779e-05	4.315715423081217e-05	5.207096096903071e-05	5.21233982928499e-05	5.384867107312249e-05	5.346904518622313e-05	5.351283241682677e-05	4.9185891769765865e-05	5.189881001629113e-05	5.31088054970177e-05
8	7.396758185104894e-05	7.538140292646421e-05	7.161727874841523e-05	7.325584425820916e-05	7.154532841226394e-05	6.803641625169998e-05	6.850659690659576e-05	6.78887704777813e-05	7.952265222791033e-05	7.761438568054129e-05	8.103788639157652e-05	8.335158312214518e-05	8.109398697354661e-05	7.783900960845533e-05	7.69477429416444e-05	7.884393597033729e-05
9	0.00010487452831211661	0.00010542388374913627	0.00010051215363655591	0.00010328852046982414	9.908738901953418e-05	9.664802789535744e-05	9.930727542768319e-05	9.671524767108363e-05	0.00010918421313349117	0.00010615392847568534	0.00010809522295141964	0.00011411554282287518	0.00010897793606041841	0.00010793279623139748	0.00010766051014502026	0.00010948099361373427
10	0.00013412094855773003	0.00013577521722782883	0.00012898944240956486	0.00013203563013581486	0.0001286623156259409	0.00012439033199067277	0.00012781269259095392	0.0001281568715480868	0.000140943316114221	0.00013786053813236146	0.00013784092846249108	0.0001406100633206928	0.00014176988847242227	0.00013809128542470903	0.0001390349945432817	0.00014239378788169556
11	0.0001654062580907139	0.00016516695646736444	0.00016105494624234887	0.0001630133064031801	0.00015990127481575815	0.00015666827231923696	0.0001584826510225052	0.0001619621128438838	0.00017314561411571887	0.00017246180992952406	0.00017136173543185328	0.00017602080434892504	0.00017316020142122543	0.00017388789218158364	0.00017256678538586466	0.00017158037143788894
12	0.00019633505146634942	0.00019337684566875013	0.00019412770456002915	0.00019444274276676638	0.00019148897816756398	0.00018743227353187466	0.00019358294391520645	0.00019190735715907516	0.00020436505239778904	0.00020400388398267243	0.00020462620016249014	0.00020783968793722162	0.00020884653259444023	0.00020440203347538982	0.00020386027792243275	0.00020189385632273218
13	0.00022996611517638158	0.000226226469845589	0.000227919464067867	0.00022799721702832383	0.0002224356981108731	0.00021836999834524555	0.00022617619288803196	0.00022484660448835535	0.00023672709610487745	0.00024046673354030242	0.00023424981801437438	0.00023590335465146822	0.00024161846953782835	0.0002376407730264589	0.00023594607197520724	0.00023425512265931367
14	0.00023939648119780267	0.00024648447817100696	0.000240064369129458	0.00024320989821759935	0.00023665206404283024	0.0002354189188266329	0.00023507986088548388	0.00023655638516578503	0.00025036276112240394	0.00025109692301078935	0.0002511734658600665	0.0002473255066247474	0.0002501274643345875	0.00024853904770604624	0.00025024592996254383	0.0002478252999627618
15	0.00024120630324266798	0.00024586497800067517	0.0002391043385681113	0.00024112653866670722	0.00023658772478263171	0.00023202394204870658	0.00023233928699542894	0.00023442744267108915	0.00024434030864066593	0.00025146270432875904	0.0002512621689960226	0.00025358888762825563	0.0002474817005843077	0.0002474226761435632	0.0002481300359046235	0.00025114502511349097
16	0.00023692984703100294	0.00023710241936974612	0.00023813854917332334	0.00023963658876164845	0.00023244436875471237	0.00023619182816254187	0.0002309101015289465	0.00022835181957080278	0.00024446525947807425	0.00024530440728213365	0.00024467527917021567	0.0002453175095621898	0.0002453052266935439	0.00024344861468662398	0.0002438621082215068	0.0002452332487642042
17	0.00023002273583668672	0.00022662407288771185	0.00022951279626944062	0.00022947370638978223	0.00021937609184135163	0.0002191115064883562	0.00021780070118420565	0.00022071546084031127	0.00023535598897518262	0.0002349176354165849	0.00023705676040229945	0.0002321197350426142	0.00023616787574252387	0.00023618294092273484	0.00023283842981837896	0.0002363372119067925
18	0.00020272546248130822	0.00019707615385148856	0.0002008074418289268	0.00019961613620493137	0.0001930351301144536	0.00019520916070716628	0.0001921996858187918	0.00019156396529914965	0.00020790070747020174	0.0002030837983230961	0.00020538892017013844	0.0002026995887950981	0.00020553011874639945	0.00020591995386286876	0.0002025213617281573	0.00020580731678381735
19	0.00016839229815495657	0.0001691093346136264	0.00017283812931606846	0.00017289632006040802	0.0001591842267175073	0.00016399432617088594	0.00016476722960565612	0.00015891481805357208	0.00017294777632088177	0.00017283662788927245	0.0001774505556382541	0.00017158444106452428	0.00017263969765745816	0.00017838455578578826	0.00017258027755170919	0.00017567495132453652
20	0.00014127722385888597	0.00013892782909253527	0.00014399134045492017	0.00014206431201556805	0.00013355383019912972	0.00013492889943159524	0.0001368548072545238	0.00013104561157530566	0.00014478722973469964	0.0001383744049649835	0.00014456170105183033	0.0001466027395544986	0.00014143939153682058	0.0001457679675066486	0.00014405261695441077	0.00014949676595330414
21	0.00010725812750149734	0.00010473564137622481	0.00010932031466478939	0.0001070098672541411	9.875047683418642e-05	0.00010974491709690296	0.00010644485562212102	9.69630916604148e-05	0.00012027389220694098	0.00010787483347663826	0.00011267154686354512	0.00011214422445245799	0.0001103790732301791	0.0001119967188828507	0.00011456247028819723	0.00011801193694757884
22	7.552742229043871e-05	7.464503940415153e-05	7.891070859830037e-05	7.630441268908228e-05	7.162830384864007e-05	7.890666892532643e-05	7.811926100531999e-05	7.180295971606705e-05	8.766984807701513e-05	8.129526048468853e-05	8.122822482623555e-05	8.200029456459033e-05	7.793656331540346e-05	7.955307015958578e-05	8.31305041436037e-05	8.30563513595143e-05
23	5.0440939371646446e-05	4.871449970135263e-05	5.1450772841418375e-05	5.061200674295414e-05	4.768175539276344e-05	4.965238279427534e-05	5.1806215714027016e-05	4.850347232940776e-05	5.8235379792885394e-05	5.1525403947857754e-05	5.202206126896313e-05	5.3172137240123534e-05	5.440151834877351e-05	5.34418900861179e-05	5.454081417644607e-05	5.560053972373663e-05
24	2.3919540600752517e-05	2.2577725292020423e-05	2.419918311642266e-05	2.413209556815457e-05	2.1629225217355554e-05	2.428348420530511e-05	2.4807322673167955e-05	2.3254286880983183e-05	2.663612043681502e-05	2.6628673943121267e-05	2.6299170076842567e-05	2.593776903252948e-05	2.32687827790174e-05	2.664455609282622e-05	2.7561576387059232e-05	2.731491992158163e-05
["C4",*,*] : 	1	2	3	4	5	6	7	8	9	10	11	12	13	14	15	16 := 
1	0.0	0.0	0.0	0.0	0.0	0.0	0.0	0.0	0.0	0.0	0.0	0.0	0.0	0.0	0.0	0.0
2	0.0	0.0	0.0	0.0	0.0	0.0	0.0	0.0	0.0	0.0	0.0	0.0	0.0	0.0	0.0	0.0
3	0.0	0.0	0.0	0.0	0.0	0.0	0.0	0.0	0.0	0.0	0.0	0.0	0.0	0.0	0.0	0.0
4	5.50999044119893e-07	2.706557721322894e-07	4.5507577089035024e-07	4.78439230037801e-07	3.8006373335583586e-07	3.1861540054187357e-07	4.600064883977454e-07	4.5753381403943755e-07	7.66134049410255e-07	4.858120480041236e-07	4.2555622021732177e-07	5.460592691972661e-07	5.091843596479093e-07	6.259804667712478e-07	6.001616284203669e-07	4.1203300747074784e-07
5	8.343228409673695e-06	7.204674306671519e-06	7.631261391890326e-06	7.1382694775529635e-06	6.570228148474339e-06	7.675594570585906e-06	7.25877359211117e-06	7.117353979544885e-06	9.309518999591295e-06	9.112846080326992e-06	8.084907074784742e-06	9.180411365157267e-06	9.295977098241345e-06	1.0001720975036154e-05	9.91815627849597e-06	9.218529886506613e-06
6	2.554843614539152e-05	2.3288433134447167e-05	2.217212601047594e-05	2.3185351552352312e-05	2.2494355606581798e-05	2.3030384792512335e-05	2.2576668166695907e-05	2.1704934778675216e-05	2.6972016408975085e-05	2.7698701193721167e-05	2.4445396618335173e-05	2.7221582788923615e-05	2.7169931874461128e-05	2.9628878756866226e-05	3.048102009508095e-05	2.7363020598287916e-05
7	4.5637922761475104e-05	4.274096452437921e-05	4.418208346845675e-05	4.499974855477496e-05	4.513129718310586e-05	4.423258388626589e-05	4.257272619219773e-05	4.1311311612244774e-05	5.1004423212527335e-05	5.170897298592759e-05	4.913559652276899e-05	5.061350131864343e-05	5.2575657951026646e-05	5.3878839797218895e-05	5.4338838047877005e-05	5.358272883580973e-05
8	7.101291604454812e-05	6.868647640107243e-05	6.951531055086871e-05	6.784076660636415e-05	6.787390297556303e-05	7.06698248031202e-05	6.78530508384778e-05	6.814207869625674e-05	7.964743035430672e-05	8.045516937419012e-05	7.769124255856132e-05	7.877199703265569e-05	7.87609047317963e-05	7.983904374404519e-05	8.126790648891416e-05	8.052774291783829e-05
9	0.00010064187422796044	9.598196696058037e-05	9.717713048255478e-05	9.383415630784344e-05	9.421522004541495e-05	9.852712900151867e-05	9.282350266205513e-05	9.566739985579312e-05	0.00011035098761699926	0.00011227632368431266	0.00011038902306421342	0.00011113780859783659	0.00010601569175900803	0.00011084623888506501	0.00011202552471714946	0.00011195172596342437
10	0.00012736801984630054	0.00012747977511253343	0.00012796053185226954	0.0001258385111033884	0.0001240863862989894	0.00012619384649480305	0.00012236517240371992	0.00012789299312502165	0.00014143803920132434	0.00014461253832152005	0.00014253349201605415	0.00014266385916395237	0.00013954333916473566	0.00014314074215794723	0.00014521133990320166	0.00014387487967904518
11	0.00015939075758823854	0.0001595136345406287	0.00015602312757192916	0.00015742108625207073	0.00015411989331907418	0.00015945593011706767	0.00015528054435947947	0.00015746413626956793	0.0001747431391114525	0.0001772573923746064	0.00017616068344801733	0.00017719594387788416	0.00017677785482022692	0.00017698807373922642	0.00017654922750398426	0.00017689966557969132
12	0.0001921822920137643	0.00019322199967547138	0.00018767579358983162	0.00018992574241901523	0.0001835263483104067	0.00019141637550628673	0.0001910594162965035	0.00018843038435283825	0.000211104745841207	0.00020960100339538905	0.0002095563329612111	0.00021016661008312488	0.00021254235325405792	0.0002124886786835108	0.00021401819320520589	0.00021029166175777868
13	0.00022455576963587286	0.00022424262901254698	0.00022240251588646193	0.0002263012150268462	0.00022019781089552805	0.0002211124629071016	0.00021830675435795523	0.00021910479432059768	0.0002406634695072433	0.00024110973052786637	0.0002451265250431512	0.00024204297503586993	0.0002495588886873973	0.00024356959827478956	0.00024750480691335954	0.0002439965979437292
14	0.0002314147301081138	0.00023321511245194144	0.0002375662854670953	0.00023824744608448798	0.00023325131776856853	0.0002324045639940101	0.00023147873304187616	0.00023198495029886292	0.0002534957102425891	0.0002520928977304369	0.00025449565679409284	0.0002568288641710028	0.00025962185533042885	0.0002522252532474076	0.0002561063216577531	0.0002516871121264249
15	0.00023161027843248382	0.0002341179272005746	0.0002357658420163758	0.00023770685671543876	0.00023066193369697467	0.00023236278533427267	0.0002309757986676177	0.00023242096422710845	0.00025357521807773314	0.00025444529686864973	0.0002549846046749754	0.0002557936415281769	0.0002550366245254162	0.00025485472560280435	0.00025664482999348046	0.00025233502149707036
16	0.00023181804771005036	0.00023213970521359278	0.00023463430396758993	0.00023375030479016212	0.00022588128813362442	0.00022490794632550133	0.0002288238062349574	0.00022689846619216428	0.00024887651011396	0.0002505547913692987	0.00024925847819960603	0.00025162359075205944	0.00025311818324122665	0.0002514227353971691	0.00025285506241891164	0.0002495932950209577
17	0.00021927431532210235	0.0002228738575046407	0.0002247217718111681	0.00022111975728210154	0.00021582319610130484	0.0002154141966312527	0.000219298906901166	0.00021378842727756174	0.00024032501291647318	0.00023735619597479345	0.00023892251499586168	0.00024054828840695998	0.0002408085265941422	0.0002444043754414925	0.00024145236676741163	0.00024166552426430892
18	0.0001908413494345681	0.00019276639841059006	0.00019945115851723093	0.00018963686218480955	0.00019329470371142875	0.00018897136171533357	0.00018947139140528273	0.00018767961053207024	0.00021172773150027982	0.00020614742477899565	0.00020640072027307632	0.00021439986329781376	0.00020918798649032758	0.00021474280277625237	0.00021486120446392423	0.00021288754470925403
19	0.00016465833590099602	0.00016600469624885802	0.0001660558426120395	0.00016281572923974454	0.0001634083519429949	0.0001571297945732105	0.00016113425497919407	0.00015930637936364486	0.000181816861390733	0.00017413495294107799	0.00018009274047492326	0.00018575829374403317	0.00018180165058883732	0.00018018400319574942	0.0001789082430635001	0.00018202832072479073
20	0.0001304387853734675	0.0001381786430018617	0.00013189989001658733	0.0001318323043218277	0.00012940816016808026	0.0001285634753777125	0.00013114426970001254	0.0001341998880321621	0.0001484974511742537	0.00014818719601385696	0.00014888393985278137	0.0001500375377896498	0.00014824368096511556	0.0001473973354710396	0.0001445605444957355	0.00014877645202259116
21	0.00010387864984021896	0.00010537988985734549	9.973440167284305e-05	0.00010306552989594422	0.00010128861515102323	9.913975416608725e-05	9.907137395978882e-05	9.983077293974018e-05	0.00011557506439386264	0.00011800210208438996	0.00011637965401522391	0.00011640739716498785	0.00012011016748761491	0.00011031676673502828	0.0001113611268343734	0.00011622870157554267
22	7.305871655413319e-05	7.484015115416729e-05	7.280046890807945e-05	7.601801739010799e-05	7.491975862091048e-05	7.234671806080727e-05	6.927057935523796e-05	7.610666509987958e-05	8.24419288971753e-05	8.845751081402339e-05	8.414236307377431e-05	8.648212142093772e-05	8.83717452885332e-05	8.147423432592917e-05	8.537428343102987e-05	8.659521849607383e-05
23	4.761850709449353e-05	4.9516792310077476e-05	4.6744390417737254e-05	4.9511894256642194e-05	4.781032228836143e-05	4.702212679348923e-05	4.6208182173674816e-05	4.929805433877868e-05	5.6560468560991514e-05	5.851697742366418e-05	5.505553508560038e-05	5.9512495882697327e-05	5.648908985844592e-05	5.494728040792718e-05	5.729687514901619e-05	5.7728525329349635e-05
24	2.3213554949935956e-05	2.4070543890553592e-05	2.2785697531493038e-05	2.3947546199909615e-05	2.2481988915104137e-05	2.114672754843057e-05	2.191517328791392e-05	2.1889453835227923e-05	2.6953673872633344e-05	2.7976544373202092e-05	2.6579827337618063e-05	2.9016713471285505e-05	2.8055134540574782e-05	2.786829059717204e-05	2.600443138737113e-05	2.7475003775285654e-05
["C5",*,*] : 	1	2	3	4	5	6	7	8	9	10	11	12	13	14	15	16 := 
1	0.0	0.0	0.0	0.0	0.0	0.0	0.0	0.0	0.0	0.0	0.0	0.0	0.0	0.0	0.0	0.0
2	0.0	0.0	0.0	0.0	0.0	0.0	0.0	0.0	0.0	0.0	0.0	0.0	0.0	0.0	0.0	0.0
3	0.0	0.0	0.0	0.0	0.0	0.0	0.0	0.0	0.0	0.0	0.0	0.0	0.0	0.0	0.0	0.0
4	9.898580712180921e-08	2.1188973613547407e-07	2.5431558602023985e-07	1.821053881989368e-10	4.096143081857993e-07	7.060230606038369e-07	3.2478566568764176e-07	1.413740124818826e-07	1.2282989611755943e-06	1.4822531597587882e-10	1.1860349827470054e-06	2.2600078621637764e-07	5.789200874328001e-07	1.2848419783765265e-06	1.8360316972513118e-07	4.6598839558217454e-07
5	4.391327916666972e-06	6.664121741642479e-06	8.541594413901291e-06	2.923438966417645e-06	7.158606571860157e-06	8.951034145603835e-06	6.438140718801569e-06	7.666779421812508e-06	7.313268631001862e-06	8.711096885789812e-06	1.2085027408643487e-05	1.3058770799953928e-05	9.868444858495064e-06	1.5233124192859111e-05	8.428364859749043e-06	8.569615115855995e-06
6	2.1472930027753767e-05	1.9440461201196605e-05	2.514364480715929e-05	1.8621824544975788e-05	1.8975004063969146e-05	1.990633619264814e-05	1.553020113559042e-05	1.901743038441046e-05	2.373146787122831e-05	3.074773531910479e-05	3.392423536775729e-05	3.225822328405245e-05	3.2427373309078555e-05	3.5730860573988656e-05	2.8785199667181605e-05	2.5241921014990647e-05
7	3.965594081840965e-05	3.645162005433985e-05	4.420182209565325e-05	4.284659144389398e-05	3.4870944814216504e-05	3.923264601939409e-05	2.8080777439990283e-05	4.0814087325594895e-05	4.479394600012189e-05	4.953764784295379e-05	5.923589851141914e-05	5.900987043292236e-05	6.531958779684932e-05	5.5847537901137785e-05	5.603082109240304e-05	4.6163215236252044e-05
8	6.22715967443651e-05	5.8657719550566216e-05	6.865222886390745e-05	6.783352821199464e-05	5.277143438816989e-05	5.9504783469608415e-05	5.2503151742375706e-05	5.728874864729423e-05	6.843968128970296e-05	8.334736809604074e-05	8.937530348761887e-05	8.78927585827937e-05	9.955291153401072e-05	8.792093927397838e-05	8.412313469698547e-05	7.659911695894625e-05
9	8.377181575862503e-05	8.267073505697738e-05	9.414736200978847e-05	9.178989106152666e-05	7.932551130754085e-05	8.003100310979e-05	7.589490271775393e-05	8.312270510212067e-05	0.00010044258858441807	0.00012160381818329654	0.00012445520929393338	0.00012075647757697424	0.0001260503353259647	0.00011831440620619863	0.00011769275675985934	0.00011078988356097917
10	0.00012010835979482026	0.00011192075237497863	0.00012297395983132568	0.00011107369927873366	0.00010833559371854831	0.00011264062956176588	0.00010117819177142087	0.00011080570931908808	0.00014732389995097075	0.00016060818968715478	0.00015554008238837338	0.00015076870005596647	0.00016458882760338683	0.00015191214684677444	0.00014531942923960483	0.00015271642541076988
11	0.00014769274476827954	0.0001396887574581846	0.00015364974705254318	0.0001465209205936003	0.00014382505030793464	0.00013366086488725631	0.0001333785577738165	0.0001380511749901426	0.00018318054405746034	0.00018620197642724054	0.0001971560997301202	0.00018145840539910687	0.0001971561477268706	0.00018391469510693116	0.0001757695008319895	0.0001941347638244643
12	0.00017786025985219313	0.00016989867486414602	0.00018099407195098295	0.00017500874827910644	0.0001705198354022264	0.00016346169924343862	0.00016690582880540253	0.00017416175541413604	0.0002266599131397191	0.0002230322627554769	0.00023055622873227838	0.00021560684449765778	0.0002322500794125246	0.00021512695209684649	0.00022010995124253812	0.00022802923366653004
13	0.0002142811840906053	0.00021246020079201207	0.00020681366560796114	0.00021233317357844517	0.00020520443134920167	0.00018794030505459513	0.0001971722544073201	0.00020799944225511745	0.00026092115452705153	0.000252762052011792	0.00025449833842369096	0.0002599894765392875	0.00025633338901052293	0.00026457724770250423	0.00025757554633282535	0.0002636738040493096
14	0.00022691537217815877	0.00021946200474302771	0.00022081716245852414	0.00022104302207770737	0.00022253934205526777	0.00020932655432917766	0.0002153824153703023	0.00021799391721784043	0.00026725954666655035	0.00027049216246699125	0.0002724260854567812	0.00026693487346381314	0.0002647045097237584	0.00027920187403426323	0.0002781290408428948	0.0002744305895776527
15	0.00022738120764286064	0.00022817171631029975	0.00021689285157399957	0.00022469912466434018	0.0002140837225596513	0.00022235583111459453	0.00022313222355579743	0.000209848854698725	0.0002672030817617049	0.0002669631059162855	0.0002783266680097049	0.00027030865152641726	0.00026576322668899	0.0002769009291632262	0.00027173439037289605	0.0002802888234519672
16	0.00022313222355579743	0.00023452401810168923	0.00022045014057717768	0.00022403566203272885	0.00020574103287362646	0.00022481205447393178	0.00021769747646757559	0.00021325086521360294	0.0002651562289622241	0.00027256724771884515	0.0002773244159493188	0.000273978870339187	0.000266596084034939	0.00027361184845784055	0.0002719884824445517	0.00027904659554606236
17	0.00021429526737776084	0.0002119801234625595	0.00021316595469430218	0.0002139988219219556	0.0002015906374439358	0.00021315183046865724	0.00020215538766165783	0.00020252230319717563	0.0002602295177920461	0.0002568557143195436	0.0002630386256314129	0.00025655927592199934	0.0002458732639823629	0.0002563192699609427	0.0002561357929003986	0.000262064565555534
18	0.00018326654909143548	0.0001776340529621823	0.00017976583698552039	0.00018323828652332583	0.0001707315322101944	0.00016505672175298538	0.00016924940374791374	0.0001608498731823499	0.0002332524749927369	0.00023521471090010742	0.00022020887634788613	0.00022667425099806983	0.0002194184062661166	0.0002137295374612254	0.00022394972617068414	0.000222001451205823
19	0.0001399568071784812	0.00015552684139731826	0.0001445304447049722	0.00015590801244378302	0.00014437533985203624	0.00013467721058722513	0.00015387544856485406	0.00013275714031191964	0.00019975334465503937	0.00019458685009706702	0.0001868932936542358	0.00019231412967889497	0.000180597566877913	0.0001701513524427914	0.00019534878515851787	0.00018949047975965171
20	0.0001169459355044719	0.00013179636216548594	0.00011646619132902716	0.00012598055837603672	0.00011266926245778161	0.00011135594051431	0.0001243007702785881	0.0001008532305881814	0.00016662134160336912	0.00015225078946205328	0.00015126282632211971	0.00016426401182207054	0.00015288637585247712	0.00014081663306197956	0.00016719987724604006	0.0001465335790356163
21	9.372358253751754e-05	0.00010126195460333155	9.64764235763781e-05	9.819864740546651e-05	8.593179553088965e-05	8.888177247554562e-05	9.431674354864142e-05	8.81898251732808e-05	0.0001337997411855216	0.00011523658892625625	0.00011588623272331375	0.0001230576412568811	0.0001225072467786229	0.00010786797719722344	0.0001263885478524879	0.00010764203852450478
22	7.230812111171538e-05	6.65912678377238e-05	6.287866270179722e-05	7.188500418307902e-05	6.028133213555357e-05	6.358434649112226e-05	6.224347110829783e-05	6.128327927532004e-05	9.711047736411858e-05	8.831586186528988e-05	8.76385385197549e-05	9.712506649966312e-05	8.885274901756438e-05	8.505515383824008e-05	8.218905783517305e-05	8.223174390283479e-05
23	4.630504662970892e-05	4.2154814483103375e-05	3.924683988742933e-05	4.1858449021888734e-05	3.921859002443056e-05	4.3905225120611755e-05	4.271938259549725e-05	4.061593407651967e-05	6.634998337448235e-05	5.9814058179453165e-05	5.884008186264619e-05	6.702773257370293e-05	6.338566433647506e-05	6.609596847410309e-05	5.449197033088251e-05	5.814853829790871e-05
24	2.2729672721230293e-05	2.1191019122907855e-05	1.5502098086237962e-05	1.9948714045763926e-05	1.7407774977509352e-05	1.7859608561250668e-05	1.8325266155572105e-05	2.0230963751332074e-05	3.203224649622058e-05	2.8672313148760614e-05	2.9476942747899986e-05	3.189121269613061e-05	3.382501992903487e-05	3.4474406331682604e-05	2.9392260919048122e-05	3.114299435835575e-05
;
  
 param  mob_pass_time_series  := 
["C1",*,*] : 	1	2	3	4	5	6	7	8	9	10	11	12	13	14	15	16 := 
1	6.7738224680187025e-06	6.7738224680187025e-06	6.7738224680187025e-06	6.7738224680187025e-06	6.7738224680187025e-06	6.7738224680187025e-06	6.7738224680187025e-06	6.7738224680187025e-06	6.7738224680187025e-06	6.7738224680187025e-06	6.7738224680187025e-06	6.7738224680187025e-06	6.7738224680187025e-06	6.7738224680187025e-06	6.7738224680187025e-06	6.7738224680187025e-06
2	3.752117319803565e-06	3.752117319803565e-06	3.752117319803565e-06	3.752117319803565e-06	3.752117319803565e-06	3.752117319803565e-06	3.752117319803565e-06	3.752117319803565e-06	3.752117319803565e-06	3.752117319803565e-06	3.752117319803565e-06	3.752117319803565e-06	3.752117319803565e-06	3.752117319803565e-06	3.752117319803565e-06	3.752117319803565e-06
3	2.381343792301996e-06	2.381343792301996e-06	2.381343792301996e-06	2.381343792301996e-06	2.381343792301996e-06	2.381343792301996e-06	2.381343792301996e-06	2.381343792301996e-06	2.381343792301996e-06	2.381343792301996e-06	2.381343792301996e-06	2.381343792301996e-06	2.381343792301996e-06	2.381343792301996e-06	2.381343792301996e-06	2.381343792301996e-06
4	8.304686334498558e-06	8.304686334498558e-06	8.304686334498558e-06	8.304686334498558e-06	8.304686334498558e-06	8.304686334498558e-06	8.304686334498558e-06	8.304686334498558e-06	8.304686334498558e-06	8.304686334498558e-06	8.304686334498558e-06	8.304686334498558e-06	8.304686334498558e-06	8.304686334498558e-06	8.304686334498558e-06	8.304686334498558e-06
5	2.4914059003495668e-05	2.4914059003495668e-05	2.4914059003495668e-05	2.4914059003495668e-05	2.4914059003495668e-05	2.4914059003495668e-05	2.4914059003495668e-05	2.4914059003495668e-05	2.4914059003495668e-05	2.4914059003495668e-05	2.4914059003495668e-05	2.4914059003495668e-05	2.4914059003495668e-05	2.4914059003495668e-05	2.4914059003495668e-05	2.4914059003495668e-05
6	6.93391280699699e-05	6.93391280699699e-05	6.93391280699699e-05	6.93391280699699e-05	6.93391280699699e-05	6.93391280699699e-05	6.93391280699699e-05	6.93391280699699e-05	6.93391280699699e-05	6.93391280699699e-05	6.93391280699699e-05	6.93391280699699e-05	6.93391280699699e-05	6.93391280699699e-05	6.93391280699699e-05	6.93391280699699e-05
7	0.00014308074046179997	0.00014308074046179997	0.00014308074046179997	0.00014308074046179997	0.00014308074046179997	0.00014308074046179997	0.00014308074046179997	0.00014308074046179997	0.00014308074046179997	0.00014308074046179997	0.00014308074046179997	0.00014308074046179997	0.00014308074046179997	0.00014308074046179997	0.00014308074046179997	0.00014308074046179997
8	0.00019010727753669994	0.00019010727753669994	0.00019010727753669994	0.00019010727753669994	0.00019010727753669994	0.00019010727753669994	0.00019010727753669994	0.00019010727753669994	0.00019010727753669994	0.00019010727753669994	0.00019010727753669994	0.00019010727753669994	0.00019010727753669994	0.00019010727753669994	0.00019010727753669994	0.00019010727753669994
9	0.00016809485592709998	0.00016809485592709998	0.00016809485592709998	0.00016809485592709998	0.00016809485592709998	0.00016809485592709998	0.00016809485592709998	0.00016809485592709998	0.00016809485592709998	0.00016809485592709998	0.00016809485592709998	0.00016809485592709998	0.00016809485592709998	0.00016809485592709998	0.00016809485592709998	0.00016809485592709998
10	0.00016509316207129998	0.00016509316207129998	0.00016509316207129998	0.00016509316207129998	0.00016509316207129998	0.00016509316207129998	0.00016509316207129998	0.00016509316207129998	0.00016509316207129998	0.00016509316207129998	0.00016509316207129998	0.00016509316207129998	0.00016509316207129998	0.00016509316207129998	0.00016509316207129998	0.00016509316207129998
11	0.00017910106673189999	0.00017910106673189999	0.00017910106673189999	0.00017910106673189999	0.00017910106673189999	0.00017910106673189999	0.00017910106673189999	0.00017910106673189999	0.00017910106673189999	0.00017910106673189999	0.00017910106673189999	0.00017910106673189999	0.00017910106673189999	0.00017910106673189999	0.00017910106673189999	0.00017910106673189999
12	0.00019611066524829993	0.00019611066524829993	0.00019611066524829993	0.00019611066524829993	0.00019611066524829993	0.00019611066524829993	0.00019611066524829993	0.00019611066524829993	0.00019611066524829993	0.00019611066524829993	0.00019611066524829993	0.00019611066524829993	0.00019611066524829993	0.00019611066524829993	0.00019611066524829993	0.00019611066524829993
13	0.00019511010062969993	0.00019511010062969993	0.00019511010062969993	0.00019511010062969993	0.00019511010062969993	0.00019511010062969993	0.00019511010062969993	0.00019511010062969993	0.00019511010062969993	0.00019511010062969993	0.00019511010062969993	0.00019511010062969993	0.00019511010062969993	0.00019511010062969993	0.00019511010062969993	0.00019511010062969993
14	0.00018510445444359995	0.00018510445444359995	0.00018510445444359995	0.00018510445444359995	0.00018510445444359995	0.00018510445444359995	0.00018510445444359995	0.00018510445444359995	0.00018510445444359995	0.00018510445444359995	0.00018510445444359995	0.00018510445444359995	0.00018510445444359995	0.00018510445444359995	0.00018510445444359995	0.00018510445444359995
15	0.00019911235910419995	0.00019911235910419995	0.00019911235910419995	0.00019911235910419995	0.00019911235910419995	0.00019911235910419995	0.00019911235910419995	0.00019911235910419995	0.00019911235910419995	0.00019911235910419995	0.00019911235910419995	0.00019911235910419995	0.00019911235910419995	0.00019911235910419995	0.00019911235910419995	0.00019911235910419995
16	0.00021612195762059995	0.00021612195762059995	0.00021612195762059995	0.00021612195762059995	0.00021612195762059995	0.00021612195762059995	0.00021612195762059995	0.00021612195762059995	0.00021612195762059995	0.00021612195762059995	0.00021612195762059995	0.00021612195762059995	0.00021612195762059995	0.00021612195762059995	0.00021612195762059995	0.00021612195762059995
17	0.00022412647456949994	0.00022412647456949994	0.00022412647456949994	0.00022412647456949994	0.00022412647456949994	0.00022412647456949994	0.00022412647456949994	0.00022412647456949994	0.00022412647456949994	0.00022412647456949994	0.00022412647456949994	0.00022412647456949994	0.00022412647456949994	0.00022412647456949994	0.00022412647456949994	0.00022412647456949994
18	0.00019811179448559995	0.00019811179448559995	0.00019811179448559995	0.00019811179448559995	0.00019811179448559995	0.00019811179448559995	0.00019811179448559995	0.00019811179448559995	0.00019811179448559995	0.00019811179448559995	0.00019811179448559995	0.00019811179448559995	0.00019811179448559995	0.00019811179448559995	0.00019811179448559995	0.00019811179448559995
19	0.00013707735275009998	0.00013707735275009998	0.00013707735275009998	0.00013707735275009998	0.00013707735275009998	0.00013707735275009998	0.00013707735275009998	0.00013707735275009998	0.00013707735275009998	0.00013707735275009998	0.00013707735275009998	0.00013707735275009998	0.00013707735275009998	0.00013707735275009998	0.00013707735275009998	0.00013707735275009998
20	9.075121090831556e-05	9.075121090831556e-05	9.075121090831556e-05	9.075121090831556e-05	9.075121090831556e-05	9.075121090831556e-05	9.075121090831556e-05	9.075121090831556e-05	9.075121090831556e-05	9.075121090831556e-05	9.075121090831556e-05	9.075121090831556e-05	9.075121090831556e-05	9.075121090831556e-05	9.075121090831556e-05	9.075121090831556e-05
21	6.333574035828418e-05	6.333574035828418e-05	6.333574035828418e-05	6.333574035828418e-05	6.333574035828418e-05	6.333574035828418e-05	6.333574035828418e-05	6.333574035828418e-05	6.333574035828418e-05	6.333574035828418e-05	6.333574035828418e-05	6.333574035828418e-05	6.333574035828418e-05	6.333574035828418e-05	6.333574035828418e-05	6.333574035828418e-05
22	4.1123205825047075e-05	4.1123205825047075e-05	4.1123205825047075e-05	4.1123205825047075e-05	4.1123205825047075e-05	4.1123205825047075e-05	4.1123205825047075e-05	4.1123205825047075e-05	4.1123205825047075e-05	4.1123205825047075e-05	4.1123205825047075e-05	4.1123205825047075e-05	4.1123205825047075e-05	4.1123205825047075e-05	4.1123205825047075e-05	4.1123205825047075e-05
23	2.461388961791139e-05	2.461388961791139e-05	2.461388961791139e-05	2.461388961791139e-05	2.461388961791139e-05	2.461388961791139e-05	2.461388961791139e-05	2.461388961791139e-05	2.461388961791139e-05	2.461388961791139e-05	2.461388961791139e-05	2.461388961791139e-05	2.461388961791139e-05	2.461388961791139e-05	2.461388961791139e-05	2.461388961791139e-05
24	8.084562118403415e-06	8.084562118403415e-06	8.084562118403415e-06	8.084562118403415e-06	8.084562118403415e-06	8.084562118403415e-06	8.084562118403415e-06	8.084562118403415e-06	8.084562118403415e-06	8.084562118403415e-06	8.084562118403415e-06	8.084562118403415e-06	8.084562118403415e-06	8.084562118403415e-06	8.084562118403415e-06	8.084562118403415e-06
["C2",*,*] : 	1	2	3	4	5	6	7	8	9	10	11	12	13	14	15	16 := 
1	6.7738224680187025e-06	6.7738224680187025e-06	6.7738224680187025e-06	6.7738224680187025e-06	6.7738224680187025e-06	6.7738224680187025e-06	6.7738224680187025e-06	6.7738224680187025e-06	6.7738224680187025e-06	6.7738224680187025e-06	6.7738224680187025e-06	6.7738224680187025e-06	6.7738224680187025e-06	6.7738224680187025e-06	6.7738224680187025e-06	6.7738224680187025e-06
2	3.752117319803565e-06	3.752117319803565e-06	3.752117319803565e-06	3.752117319803565e-06	3.752117319803565e-06	3.752117319803565e-06	3.752117319803565e-06	3.752117319803565e-06	3.752117319803565e-06	3.752117319803565e-06	3.752117319803565e-06	3.752117319803565e-06	3.752117319803565e-06	3.752117319803565e-06	3.752117319803565e-06	3.752117319803565e-06
3	2.381343792301996e-06	2.381343792301996e-06	2.381343792301996e-06	2.381343792301996e-06	2.381343792301996e-06	2.381343792301996e-06	2.381343792301996e-06	2.381343792301996e-06	2.381343792301996e-06	2.381343792301996e-06	2.381343792301996e-06	2.381343792301996e-06	2.381343792301996e-06	2.381343792301996e-06	2.381343792301996e-06	2.381343792301996e-06
4	8.304686334498558e-06	8.304686334498558e-06	8.304686334498558e-06	8.304686334498558e-06	8.304686334498558e-06	8.304686334498558e-06	8.304686334498558e-06	8.304686334498558e-06	8.304686334498558e-06	8.304686334498558e-06	8.304686334498558e-06	8.304686334498558e-06	8.304686334498558e-06	8.304686334498558e-06	8.304686334498558e-06	8.304686334498558e-06
5	2.4914059003495668e-05	2.4914059003495668e-05	2.4914059003495668e-05	2.4914059003495668e-05	2.4914059003495668e-05	2.4914059003495668e-05	2.4914059003495668e-05	2.4914059003495668e-05	2.4914059003495668e-05	2.4914059003495668e-05	2.4914059003495668e-05	2.4914059003495668e-05	2.4914059003495668e-05	2.4914059003495668e-05	2.4914059003495668e-05	2.4914059003495668e-05
6	6.93391280699699e-05	6.93391280699699e-05	6.93391280699699e-05	6.93391280699699e-05	6.93391280699699e-05	6.93391280699699e-05	6.93391280699699e-05	6.93391280699699e-05	6.93391280699699e-05	6.93391280699699e-05	6.93391280699699e-05	6.93391280699699e-05	6.93391280699699e-05	6.93391280699699e-05	6.93391280699699e-05	6.93391280699699e-05
7	0.00014308074046179997	0.00014308074046179997	0.00014308074046179997	0.00014308074046179997	0.00014308074046179997	0.00014308074046179997	0.00014308074046179997	0.00014308074046179997	0.00014308074046179997	0.00014308074046179997	0.00014308074046179997	0.00014308074046179997	0.00014308074046179997	0.00014308074046179997	0.00014308074046179997	0.00014308074046179997
8	0.00019010727753669994	0.00019010727753669994	0.00019010727753669994	0.00019010727753669994	0.00019010727753669994	0.00019010727753669994	0.00019010727753669994	0.00019010727753669994	0.00019010727753669994	0.00019010727753669994	0.00019010727753669994	0.00019010727753669994	0.00019010727753669994	0.00019010727753669994	0.00019010727753669994	0.00019010727753669994
9	0.00016809485592709998	0.00016809485592709998	0.00016809485592709998	0.00016809485592709998	0.00016809485592709998	0.00016809485592709998	0.00016809485592709998	0.00016809485592709998	0.00016809485592709998	0.00016809485592709998	0.00016809485592709998	0.00016809485592709998	0.00016809485592709998	0.00016809485592709998	0.00016809485592709998	0.00016809485592709998
10	0.00016509316207129998	0.00016509316207129998	0.00016509316207129998	0.00016509316207129998	0.00016509316207129998	0.00016509316207129998	0.00016509316207129998	0.00016509316207129998	0.00016509316207129998	0.00016509316207129998	0.00016509316207129998	0.00016509316207129998	0.00016509316207129998	0.00016509316207129998	0.00016509316207129998	0.00016509316207129998
11	0.00017910106673189999	0.00017910106673189999	0.00017910106673189999	0.00017910106673189999	0.00017910106673189999	0.00017910106673189999	0.00017910106673189999	0.00017910106673189999	0.00017910106673189999	0.00017910106673189999	0.00017910106673189999	0.00017910106673189999	0.00017910106673189999	0.00017910106673189999	0.00017910106673189999	0.00017910106673189999
12	0.00019611066524829993	0.00019611066524829993	0.00019611066524829993	0.00019611066524829993	0.00019611066524829993	0.00019611066524829993	0.00019611066524829993	0.00019611066524829993	0.00019611066524829993	0.00019611066524829993	0.00019611066524829993	0.00019611066524829993	0.00019611066524829993	0.00019611066524829993	0.00019611066524829993	0.00019611066524829993
13	0.00019511010062969993	0.00019511010062969993	0.00019511010062969993	0.00019511010062969993	0.00019511010062969993	0.00019511010062969993	0.00019511010062969993	0.00019511010062969993	0.00019511010062969993	0.00019511010062969993	0.00019511010062969993	0.00019511010062969993	0.00019511010062969993	0.00019511010062969993	0.00019511010062969993	0.00019511010062969993
14	0.00018510445444359995	0.00018510445444359995	0.00018510445444359995	0.00018510445444359995	0.00018510445444359995	0.00018510445444359995	0.00018510445444359995	0.00018510445444359995	0.00018510445444359995	0.00018510445444359995	0.00018510445444359995	0.00018510445444359995	0.00018510445444359995	0.00018510445444359995	0.00018510445444359995	0.00018510445444359995
15	0.00019911235910419995	0.00019911235910419995	0.00019911235910419995	0.00019911235910419995	0.00019911235910419995	0.00019911235910419995	0.00019911235910419995	0.00019911235910419995	0.00019911235910419995	0.00019911235910419995	0.00019911235910419995	0.00019911235910419995	0.00019911235910419995	0.00019911235910419995	0.00019911235910419995	0.00019911235910419995
16	0.00021612195762059995	0.00021612195762059995	0.00021612195762059995	0.00021612195762059995	0.00021612195762059995	0.00021612195762059995	0.00021612195762059995	0.00021612195762059995	0.00021612195762059995	0.00021612195762059995	0.00021612195762059995	0.00021612195762059995	0.00021612195762059995	0.00021612195762059995	0.00021612195762059995	0.00021612195762059995
17	0.00022412647456949994	0.00022412647456949994	0.00022412647456949994	0.00022412647456949994	0.00022412647456949994	0.00022412647456949994	0.00022412647456949994	0.00022412647456949994	0.00022412647456949994	0.00022412647456949994	0.00022412647456949994	0.00022412647456949994	0.00022412647456949994	0.00022412647456949994	0.00022412647456949994	0.00022412647456949994
18	0.00019811179448559995	0.00019811179448559995	0.00019811179448559995	0.00019811179448559995	0.00019811179448559995	0.00019811179448559995	0.00019811179448559995	0.00019811179448559995	0.00019811179448559995	0.00019811179448559995	0.00019811179448559995	0.00019811179448559995	0.00019811179448559995	0.00019811179448559995	0.00019811179448559995	0.00019811179448559995
19	0.00013707735275009998	0.00013707735275009998	0.00013707735275009998	0.00013707735275009998	0.00013707735275009998	0.00013707735275009998	0.00013707735275009998	0.00013707735275009998	0.00013707735275009998	0.00013707735275009998	0.00013707735275009998	0.00013707735275009998	0.00013707735275009998	0.00013707735275009998	0.00013707735275009998	0.00013707735275009998
20	9.075121090831556e-05	9.075121090831556e-05	9.075121090831556e-05	9.075121090831556e-05	9.075121090831556e-05	9.075121090831556e-05	9.075121090831556e-05	9.075121090831556e-05	9.075121090831556e-05	9.075121090831556e-05	9.075121090831556e-05	9.075121090831556e-05	9.075121090831556e-05	9.075121090831556e-05	9.075121090831556e-05	9.075121090831556e-05
21	6.333574035828418e-05	6.333574035828418e-05	6.333574035828418e-05	6.333574035828418e-05	6.333574035828418e-05	6.333574035828418e-05	6.333574035828418e-05	6.333574035828418e-05	6.333574035828418e-05	6.333574035828418e-05	6.333574035828418e-05	6.333574035828418e-05	6.333574035828418e-05	6.333574035828418e-05	6.333574035828418e-05	6.333574035828418e-05
22	4.1123205825047075e-05	4.1123205825047075e-05	4.1123205825047075e-05	4.1123205825047075e-05	4.1123205825047075e-05	4.1123205825047075e-05	4.1123205825047075e-05	4.1123205825047075e-05	4.1123205825047075e-05	4.1123205825047075e-05	4.1123205825047075e-05	4.1123205825047075e-05	4.1123205825047075e-05	4.1123205825047075e-05	4.1123205825047075e-05	4.1123205825047075e-05
23	2.461388961791139e-05	2.461388961791139e-05	2.461388961791139e-05	2.461388961791139e-05	2.461388961791139e-05	2.461388961791139e-05	2.461388961791139e-05	2.461388961791139e-05	2.461388961791139e-05	2.461388961791139e-05	2.461388961791139e-05	2.461388961791139e-05	2.461388961791139e-05	2.461388961791139e-05	2.461388961791139e-05	2.461388961791139e-05
24	8.084562118403415e-06	8.084562118403415e-06	8.084562118403415e-06	8.084562118403415e-06	8.084562118403415e-06	8.084562118403415e-06	8.084562118403415e-06	8.084562118403415e-06	8.084562118403415e-06	8.084562118403415e-06	8.084562118403415e-06	8.084562118403415e-06	8.084562118403415e-06	8.084562118403415e-06	8.084562118403415e-06	8.084562118403415e-06
["C3",*,*] : 	1	2	3	4	5	6	7	8	9	10	11	12	13	14	15	16 := 
1	6.7738224680187025e-06	6.7738224680187025e-06	6.7738224680187025e-06	6.7738224680187025e-06	6.7738224680187025e-06	6.7738224680187025e-06	6.7738224680187025e-06	6.7738224680187025e-06	6.7738224680187025e-06	6.7738224680187025e-06	6.7738224680187025e-06	6.7738224680187025e-06	6.7738224680187025e-06	6.7738224680187025e-06	6.7738224680187025e-06	6.7738224680187025e-06
2	3.752117319803565e-06	3.752117319803565e-06	3.752117319803565e-06	3.752117319803565e-06	3.752117319803565e-06	3.752117319803565e-06	3.752117319803565e-06	3.752117319803565e-06	3.752117319803565e-06	3.752117319803565e-06	3.752117319803565e-06	3.752117319803565e-06	3.752117319803565e-06	3.752117319803565e-06	3.752117319803565e-06	3.752117319803565e-06
3	2.381343792301996e-06	2.381343792301996e-06	2.381343792301996e-06	2.381343792301996e-06	2.381343792301996e-06	2.381343792301996e-06	2.381343792301996e-06	2.381343792301996e-06	2.381343792301996e-06	2.381343792301996e-06	2.381343792301996e-06	2.381343792301996e-06	2.381343792301996e-06	2.381343792301996e-06	2.381343792301996e-06	2.381343792301996e-06
4	8.304686334498558e-06	8.304686334498558e-06	8.304686334498558e-06	8.304686334498558e-06	8.304686334498558e-06	8.304686334498558e-06	8.304686334498558e-06	8.304686334498558e-06	8.304686334498558e-06	8.304686334498558e-06	8.304686334498558e-06	8.304686334498558e-06	8.304686334498558e-06	8.304686334498558e-06	8.304686334498558e-06	8.304686334498558e-06
5	2.4914059003495668e-05	2.4914059003495668e-05	2.4914059003495668e-05	2.4914059003495668e-05	2.4914059003495668e-05	2.4914059003495668e-05	2.4914059003495668e-05	2.4914059003495668e-05	2.4914059003495668e-05	2.4914059003495668e-05	2.4914059003495668e-05	2.4914059003495668e-05	2.4914059003495668e-05	2.4914059003495668e-05	2.4914059003495668e-05	2.4914059003495668e-05
6	6.93391280699699e-05	6.93391280699699e-05	6.93391280699699e-05	6.93391280699699e-05	6.93391280699699e-05	6.93391280699699e-05	6.93391280699699e-05	6.93391280699699e-05	6.93391280699699e-05	6.93391280699699e-05	6.93391280699699e-05	6.93391280699699e-05	6.93391280699699e-05	6.93391280699699e-05	6.93391280699699e-05	6.93391280699699e-05
7	0.00014308074046179997	0.00014308074046179997	0.00014308074046179997	0.00014308074046179997	0.00014308074046179997	0.00014308074046179997	0.00014308074046179997	0.00014308074046179997	0.00014308074046179997	0.00014308074046179997	0.00014308074046179997	0.00014308074046179997	0.00014308074046179997	0.00014308074046179997	0.00014308074046179997	0.00014308074046179997
8	0.00019010727753669994	0.00019010727753669994	0.00019010727753669994	0.00019010727753669994	0.00019010727753669994	0.00019010727753669994	0.00019010727753669994	0.00019010727753669994	0.00019010727753669994	0.00019010727753669994	0.00019010727753669994	0.00019010727753669994	0.00019010727753669994	0.00019010727753669994	0.00019010727753669994	0.00019010727753669994
9	0.00016809485592709998	0.00016809485592709998	0.00016809485592709998	0.00016809485592709998	0.00016809485592709998	0.00016809485592709998	0.00016809485592709998	0.00016809485592709998	0.00016809485592709998	0.00016809485592709998	0.00016809485592709998	0.00016809485592709998	0.00016809485592709998	0.00016809485592709998	0.00016809485592709998	0.00016809485592709998
10	0.00016509316207129998	0.00016509316207129998	0.00016509316207129998	0.00016509316207129998	0.00016509316207129998	0.00016509316207129998	0.00016509316207129998	0.00016509316207129998	0.00016509316207129998	0.00016509316207129998	0.00016509316207129998	0.00016509316207129998	0.00016509316207129998	0.00016509316207129998	0.00016509316207129998	0.00016509316207129998
11	0.00017910106673189999	0.00017910106673189999	0.00017910106673189999	0.00017910106673189999	0.00017910106673189999	0.00017910106673189999	0.00017910106673189999	0.00017910106673189999	0.00017910106673189999	0.00017910106673189999	0.00017910106673189999	0.00017910106673189999	0.00017910106673189999	0.00017910106673189999	0.00017910106673189999	0.00017910106673189999
12	0.00019611066524829993	0.00019611066524829993	0.00019611066524829993	0.00019611066524829993	0.00019611066524829993	0.00019611066524829993	0.00019611066524829993	0.00019611066524829993	0.00019611066524829993	0.00019611066524829993	0.00019611066524829993	0.00019611066524829993	0.00019611066524829993	0.00019611066524829993	0.00019611066524829993	0.00019611066524829993
13	0.00019511010062969993	0.00019511010062969993	0.00019511010062969993	0.00019511010062969993	0.00019511010062969993	0.00019511010062969993	0.00019511010062969993	0.00019511010062969993	0.00019511010062969993	0.00019511010062969993	0.00019511010062969993	0.00019511010062969993	0.00019511010062969993	0.00019511010062969993	0.00019511010062969993	0.00019511010062969993
14	0.00018510445444359995	0.00018510445444359995	0.00018510445444359995	0.00018510445444359995	0.00018510445444359995	0.00018510445444359995	0.00018510445444359995	0.00018510445444359995	0.00018510445444359995	0.00018510445444359995	0.00018510445444359995	0.00018510445444359995	0.00018510445444359995	0.00018510445444359995	0.00018510445444359995	0.00018510445444359995
15	0.00019911235910419995	0.00019911235910419995	0.00019911235910419995	0.00019911235910419995	0.00019911235910419995	0.00019911235910419995	0.00019911235910419995	0.00019911235910419995	0.00019911235910419995	0.00019911235910419995	0.00019911235910419995	0.00019911235910419995	0.00019911235910419995	0.00019911235910419995	0.00019911235910419995	0.00019911235910419995
16	0.00021612195762059995	0.00021612195762059995	0.00021612195762059995	0.00021612195762059995	0.00021612195762059995	0.00021612195762059995	0.00021612195762059995	0.00021612195762059995	0.00021612195762059995	0.00021612195762059995	0.00021612195762059995	0.00021612195762059995	0.00021612195762059995	0.00021612195762059995	0.00021612195762059995	0.00021612195762059995
17	0.00022412647456949994	0.00022412647456949994	0.00022412647456949994	0.00022412647456949994	0.00022412647456949994	0.00022412647456949994	0.00022412647456949994	0.00022412647456949994	0.00022412647456949994	0.00022412647456949994	0.00022412647456949994	0.00022412647456949994	0.00022412647456949994	0.00022412647456949994	0.00022412647456949994	0.00022412647456949994
18	0.00019811179448559995	0.00019811179448559995	0.00019811179448559995	0.00019811179448559995	0.00019811179448559995	0.00019811179448559995	0.00019811179448559995	0.00019811179448559995	0.00019811179448559995	0.00019811179448559995	0.00019811179448559995	0.00019811179448559995	0.00019811179448559995	0.00019811179448559995	0.00019811179448559995	0.00019811179448559995
19	0.00013707735275009998	0.00013707735275009998	0.00013707735275009998	0.00013707735275009998	0.00013707735275009998	0.00013707735275009998	0.00013707735275009998	0.00013707735275009998	0.00013707735275009998	0.00013707735275009998	0.00013707735275009998	0.00013707735275009998	0.00013707735275009998	0.00013707735275009998	0.00013707735275009998	0.00013707735275009998
20	9.075121090831556e-05	9.075121090831556e-05	9.075121090831556e-05	9.075121090831556e-05	9.075121090831556e-05	9.075121090831556e-05	9.075121090831556e-05	9.075121090831556e-05	9.075121090831556e-05	9.075121090831556e-05	9.075121090831556e-05	9.075121090831556e-05	9.075121090831556e-05	9.075121090831556e-05	9.075121090831556e-05	9.075121090831556e-05
21	6.333574035828418e-05	6.333574035828418e-05	6.333574035828418e-05	6.333574035828418e-05	6.333574035828418e-05	6.333574035828418e-05	6.333574035828418e-05	6.333574035828418e-05	6.333574035828418e-05	6.333574035828418e-05	6.333574035828418e-05	6.333574035828418e-05	6.333574035828418e-05	6.333574035828418e-05	6.333574035828418e-05	6.333574035828418e-05
22	4.1123205825047075e-05	4.1123205825047075e-05	4.1123205825047075e-05	4.1123205825047075e-05	4.1123205825047075e-05	4.1123205825047075e-05	4.1123205825047075e-05	4.1123205825047075e-05	4.1123205825047075e-05	4.1123205825047075e-05	4.1123205825047075e-05	4.1123205825047075e-05	4.1123205825047075e-05	4.1123205825047075e-05	4.1123205825047075e-05	4.1123205825047075e-05
23	2.461388961791139e-05	2.461388961791139e-05	2.461388961791139e-05	2.461388961791139e-05	2.461388961791139e-05	2.461388961791139e-05	2.461388961791139e-05	2.461388961791139e-05	2.461388961791139e-05	2.461388961791139e-05	2.461388961791139e-05	2.461388961791139e-05	2.461388961791139e-05	2.461388961791139e-05	2.461388961791139e-05	2.461388961791139e-05
24	8.084562118403415e-06	8.084562118403415e-06	8.084562118403415e-06	8.084562118403415e-06	8.084562118403415e-06	8.084562118403415e-06	8.084562118403415e-06	8.084562118403415e-06	8.084562118403415e-06	8.084562118403415e-06	8.084562118403415e-06	8.084562118403415e-06	8.084562118403415e-06	8.084562118403415e-06	8.084562118403415e-06	8.084562118403415e-06
["C4",*,*] : 	1	2	3	4	5	6	7	8	9	10	11	12	13	14	15	16 := 
1	6.7738224680187025e-06	6.7738224680187025e-06	6.7738224680187025e-06	6.7738224680187025e-06	6.7738224680187025e-06	6.7738224680187025e-06	6.7738224680187025e-06	6.7738224680187025e-06	6.7738224680187025e-06	6.7738224680187025e-06	6.7738224680187025e-06	6.7738224680187025e-06	6.7738224680187025e-06	6.7738224680187025e-06	6.7738224680187025e-06	6.7738224680187025e-06
2	3.752117319803565e-06	3.752117319803565e-06	3.752117319803565e-06	3.752117319803565e-06	3.752117319803565e-06	3.752117319803565e-06	3.752117319803565e-06	3.752117319803565e-06	3.752117319803565e-06	3.752117319803565e-06	3.752117319803565e-06	3.752117319803565e-06	3.752117319803565e-06	3.752117319803565e-06	3.752117319803565e-06	3.752117319803565e-06
3	2.381343792301996e-06	2.381343792301996e-06	2.381343792301996e-06	2.381343792301996e-06	2.381343792301996e-06	2.381343792301996e-06	2.381343792301996e-06	2.381343792301996e-06	2.381343792301996e-06	2.381343792301996e-06	2.381343792301996e-06	2.381343792301996e-06	2.381343792301996e-06	2.381343792301996e-06	2.381343792301996e-06	2.381343792301996e-06
4	8.304686334498558e-06	8.304686334498558e-06	8.304686334498558e-06	8.304686334498558e-06	8.304686334498558e-06	8.304686334498558e-06	8.304686334498558e-06	8.304686334498558e-06	8.304686334498558e-06	8.304686334498558e-06	8.304686334498558e-06	8.304686334498558e-06	8.304686334498558e-06	8.304686334498558e-06	8.304686334498558e-06	8.304686334498558e-06
5	2.4914059003495668e-05	2.4914059003495668e-05	2.4914059003495668e-05	2.4914059003495668e-05	2.4914059003495668e-05	2.4914059003495668e-05	2.4914059003495668e-05	2.4914059003495668e-05	2.4914059003495668e-05	2.4914059003495668e-05	2.4914059003495668e-05	2.4914059003495668e-05	2.4914059003495668e-05	2.4914059003495668e-05	2.4914059003495668e-05	2.4914059003495668e-05
6	6.93391280699699e-05	6.93391280699699e-05	6.93391280699699e-05	6.93391280699699e-05	6.93391280699699e-05	6.93391280699699e-05	6.93391280699699e-05	6.93391280699699e-05	6.93391280699699e-05	6.93391280699699e-05	6.93391280699699e-05	6.93391280699699e-05	6.93391280699699e-05	6.93391280699699e-05	6.93391280699699e-05	6.93391280699699e-05
7	0.00014308074046179997	0.00014308074046179997	0.00014308074046179997	0.00014308074046179997	0.00014308074046179997	0.00014308074046179997	0.00014308074046179997	0.00014308074046179997	0.00014308074046179997	0.00014308074046179997	0.00014308074046179997	0.00014308074046179997	0.00014308074046179997	0.00014308074046179997	0.00014308074046179997	0.00014308074046179997
8	0.00019010727753669994	0.00019010727753669994	0.00019010727753669994	0.00019010727753669994	0.00019010727753669994	0.00019010727753669994	0.00019010727753669994	0.00019010727753669994	0.00019010727753669994	0.00019010727753669994	0.00019010727753669994	0.00019010727753669994	0.00019010727753669994	0.00019010727753669994	0.00019010727753669994	0.00019010727753669994
9	0.00016809485592709998	0.00016809485592709998	0.00016809485592709998	0.00016809485592709998	0.00016809485592709998	0.00016809485592709998	0.00016809485592709998	0.00016809485592709998	0.00016809485592709998	0.00016809485592709998	0.00016809485592709998	0.00016809485592709998	0.00016809485592709998	0.00016809485592709998	0.00016809485592709998	0.00016809485592709998
10	0.00016509316207129998	0.00016509316207129998	0.00016509316207129998	0.00016509316207129998	0.00016509316207129998	0.00016509316207129998	0.00016509316207129998	0.00016509316207129998	0.00016509316207129998	0.00016509316207129998	0.00016509316207129998	0.00016509316207129998	0.00016509316207129998	0.00016509316207129998	0.00016509316207129998	0.00016509316207129998
11	0.00017910106673189999	0.00017910106673189999	0.00017910106673189999	0.00017910106673189999	0.00017910106673189999	0.00017910106673189999	0.00017910106673189999	0.00017910106673189999	0.00017910106673189999	0.00017910106673189999	0.00017910106673189999	0.00017910106673189999	0.00017910106673189999	0.00017910106673189999	0.00017910106673189999	0.00017910106673189999
12	0.00019611066524829993	0.00019611066524829993	0.00019611066524829993	0.00019611066524829993	0.00019611066524829993	0.00019611066524829993	0.00019611066524829993	0.00019611066524829993	0.00019611066524829993	0.00019611066524829993	0.00019611066524829993	0.00019611066524829993	0.00019611066524829993	0.00019611066524829993	0.00019611066524829993	0.00019611066524829993
13	0.00019511010062969993	0.00019511010062969993	0.00019511010062969993	0.00019511010062969993	0.00019511010062969993	0.00019511010062969993	0.00019511010062969993	0.00019511010062969993	0.00019511010062969993	0.00019511010062969993	0.00019511010062969993	0.00019511010062969993	0.00019511010062969993	0.00019511010062969993	0.00019511010062969993	0.00019511010062969993
14	0.00018510445444359995	0.00018510445444359995	0.00018510445444359995	0.00018510445444359995	0.00018510445444359995	0.00018510445444359995	0.00018510445444359995	0.00018510445444359995	0.00018510445444359995	0.00018510445444359995	0.00018510445444359995	0.00018510445444359995	0.00018510445444359995	0.00018510445444359995	0.00018510445444359995	0.00018510445444359995
15	0.00019911235910419995	0.00019911235910419995	0.00019911235910419995	0.00019911235910419995	0.00019911235910419995	0.00019911235910419995	0.00019911235910419995	0.00019911235910419995	0.00019911235910419995	0.00019911235910419995	0.00019911235910419995	0.00019911235910419995	0.00019911235910419995	0.00019911235910419995	0.00019911235910419995	0.00019911235910419995
16	0.00021612195762059995	0.00021612195762059995	0.00021612195762059995	0.00021612195762059995	0.00021612195762059995	0.00021612195762059995	0.00021612195762059995	0.00021612195762059995	0.00021612195762059995	0.00021612195762059995	0.00021612195762059995	0.00021612195762059995	0.00021612195762059995	0.00021612195762059995	0.00021612195762059995	0.00021612195762059995
17	0.00022412647456949994	0.00022412647456949994	0.00022412647456949994	0.00022412647456949994	0.00022412647456949994	0.00022412647456949994	0.00022412647456949994	0.00022412647456949994	0.00022412647456949994	0.00022412647456949994	0.00022412647456949994	0.00022412647456949994	0.00022412647456949994	0.00022412647456949994	0.00022412647456949994	0.00022412647456949994
18	0.00019811179448559995	0.00019811179448559995	0.00019811179448559995	0.00019811179448559995	0.00019811179448559995	0.00019811179448559995	0.00019811179448559995	0.00019811179448559995	0.00019811179448559995	0.00019811179448559995	0.00019811179448559995	0.00019811179448559995	0.00019811179448559995	0.00019811179448559995	0.00019811179448559995	0.00019811179448559995
19	0.00013707735275009998	0.00013707735275009998	0.00013707735275009998	0.00013707735275009998	0.00013707735275009998	0.00013707735275009998	0.00013707735275009998	0.00013707735275009998	0.00013707735275009998	0.00013707735275009998	0.00013707735275009998	0.00013707735275009998	0.00013707735275009998	0.00013707735275009998	0.00013707735275009998	0.00013707735275009998
20	9.075121090831556e-05	9.075121090831556e-05	9.075121090831556e-05	9.075121090831556e-05	9.075121090831556e-05	9.075121090831556e-05	9.075121090831556e-05	9.075121090831556e-05	9.075121090831556e-05	9.075121090831556e-05	9.075121090831556e-05	9.075121090831556e-05	9.075121090831556e-05	9.075121090831556e-05	9.075121090831556e-05	9.075121090831556e-05
21	6.333574035828418e-05	6.333574035828418e-05	6.333574035828418e-05	6.333574035828418e-05	6.333574035828418e-05	6.333574035828418e-05	6.333574035828418e-05	6.333574035828418e-05	6.333574035828418e-05	6.333574035828418e-05	6.333574035828418e-05	6.333574035828418e-05	6.333574035828418e-05	6.333574035828418e-05	6.333574035828418e-05	6.333574035828418e-05
22	4.1123205825047075e-05	4.1123205825047075e-05	4.1123205825047075e-05	4.1123205825047075e-05	4.1123205825047075e-05	4.1123205825047075e-05	4.1123205825047075e-05	4.1123205825047075e-05	4.1123205825047075e-05	4.1123205825047075e-05	4.1123205825047075e-05	4.1123205825047075e-05	4.1123205825047075e-05	4.1123205825047075e-05	4.1123205825047075e-05	4.1123205825047075e-05
23	2.461388961791139e-05	2.461388961791139e-05	2.461388961791139e-05	2.461388961791139e-05	2.461388961791139e-05	2.461388961791139e-05	2.461388961791139e-05	2.461388961791139e-05	2.461388961791139e-05	2.461388961791139e-05	2.461388961791139e-05	2.461388961791139e-05	2.461388961791139e-05	2.461388961791139e-05	2.461388961791139e-05	2.461388961791139e-05
24	8.084562118403415e-06	8.084562118403415e-06	8.084562118403415e-06	8.084562118403415e-06	8.084562118403415e-06	8.084562118403415e-06	8.084562118403415e-06	8.084562118403415e-06	8.084562118403415e-06	8.084562118403415e-06	8.084562118403415e-06	8.084562118403415e-06	8.084562118403415e-06	8.084562118403415e-06	8.084562118403415e-06	8.084562118403415e-06
["C5",*,*] : 	1	2	3	4	5	6	7	8	9	10	11	12	13	14	15	16 := 
1	6.7738224680187025e-06	6.7738224680187025e-06	6.7738224680187025e-06	6.7738224680187025e-06	6.7738224680187025e-06	6.7738224680187025e-06	6.7738224680187025e-06	6.7738224680187025e-06	6.7738224680187025e-06	6.7738224680187025e-06	6.7738224680187025e-06	6.7738224680187025e-06	6.7738224680187025e-06	6.7738224680187025e-06	6.7738224680187025e-06	6.7738224680187025e-06
2	3.752117319803565e-06	3.752117319803565e-06	3.752117319803565e-06	3.752117319803565e-06	3.752117319803565e-06	3.752117319803565e-06	3.752117319803565e-06	3.752117319803565e-06	3.752117319803565e-06	3.752117319803565e-06	3.752117319803565e-06	3.752117319803565e-06	3.752117319803565e-06	3.752117319803565e-06	3.752117319803565e-06	3.752117319803565e-06
3	2.381343792301996e-06	2.381343792301996e-06	2.381343792301996e-06	2.381343792301996e-06	2.381343792301996e-06	2.381343792301996e-06	2.381343792301996e-06	2.381343792301996e-06	2.381343792301996e-06	2.381343792301996e-06	2.381343792301996e-06	2.381343792301996e-06	2.381343792301996e-06	2.381343792301996e-06	2.381343792301996e-06	2.381343792301996e-06
4	8.304686334498558e-06	8.304686334498558e-06	8.304686334498558e-06	8.304686334498558e-06	8.304686334498558e-06	8.304686334498558e-06	8.304686334498558e-06	8.304686334498558e-06	8.304686334498558e-06	8.304686334498558e-06	8.304686334498558e-06	8.304686334498558e-06	8.304686334498558e-06	8.304686334498558e-06	8.304686334498558e-06	8.304686334498558e-06
5	2.4914059003495668e-05	2.4914059003495668e-05	2.4914059003495668e-05	2.4914059003495668e-05	2.4914059003495668e-05	2.4914059003495668e-05	2.4914059003495668e-05	2.4914059003495668e-05	2.4914059003495668e-05	2.4914059003495668e-05	2.4914059003495668e-05	2.4914059003495668e-05	2.4914059003495668e-05	2.4914059003495668e-05	2.4914059003495668e-05	2.4914059003495668e-05
6	6.93391280699699e-05	6.93391280699699e-05	6.93391280699699e-05	6.93391280699699e-05	6.93391280699699e-05	6.93391280699699e-05	6.93391280699699e-05	6.93391280699699e-05	6.93391280699699e-05	6.93391280699699e-05	6.93391280699699e-05	6.93391280699699e-05	6.93391280699699e-05	6.93391280699699e-05	6.93391280699699e-05	6.93391280699699e-05
7	0.00014308074046179997	0.00014308074046179997	0.00014308074046179997	0.00014308074046179997	0.00014308074046179997	0.00014308074046179997	0.00014308074046179997	0.00014308074046179997	0.00014308074046179997	0.00014308074046179997	0.00014308074046179997	0.00014308074046179997	0.00014308074046179997	0.00014308074046179997	0.00014308074046179997	0.00014308074046179997
8	0.00019010727753669994	0.00019010727753669994	0.00019010727753669994	0.00019010727753669994	0.00019010727753669994	0.00019010727753669994	0.00019010727753669994	0.00019010727753669994	0.00019010727753669994	0.00019010727753669994	0.00019010727753669994	0.00019010727753669994	0.00019010727753669994	0.00019010727753669994	0.00019010727753669994	0.00019010727753669994
9	0.00016809485592709998	0.00016809485592709998	0.00016809485592709998	0.00016809485592709998	0.00016809485592709998	0.00016809485592709998	0.00016809485592709998	0.00016809485592709998	0.00016809485592709998	0.00016809485592709998	0.00016809485592709998	0.00016809485592709998	0.00016809485592709998	0.00016809485592709998	0.00016809485592709998	0.00016809485592709998
10	0.00016509316207129998	0.00016509316207129998	0.00016509316207129998	0.00016509316207129998	0.00016509316207129998	0.00016509316207129998	0.00016509316207129998	0.00016509316207129998	0.00016509316207129998	0.00016509316207129998	0.00016509316207129998	0.00016509316207129998	0.00016509316207129998	0.00016509316207129998	0.00016509316207129998	0.00016509316207129998
11	0.00017910106673189999	0.00017910106673189999	0.00017910106673189999	0.00017910106673189999	0.00017910106673189999	0.00017910106673189999	0.00017910106673189999	0.00017910106673189999	0.00017910106673189999	0.00017910106673189999	0.00017910106673189999	0.00017910106673189999	0.00017910106673189999	0.00017910106673189999	0.00017910106673189999	0.00017910106673189999
12	0.00019611066524829993	0.00019611066524829993	0.00019611066524829993	0.00019611066524829993	0.00019611066524829993	0.00019611066524829993	0.00019611066524829993	0.00019611066524829993	0.00019611066524829993	0.00019611066524829993	0.00019611066524829993	0.00019611066524829993	0.00019611066524829993	0.00019611066524829993	0.00019611066524829993	0.00019611066524829993
13	0.00019511010062969993	0.00019511010062969993	0.00019511010062969993	0.00019511010062969993	0.00019511010062969993	0.00019511010062969993	0.00019511010062969993	0.00019511010062969993	0.00019511010062969993	0.00019511010062969993	0.00019511010062969993	0.00019511010062969993	0.00019511010062969993	0.00019511010062969993	0.00019511010062969993	0.00019511010062969993
14	0.00018510445444359995	0.00018510445444359995	0.00018510445444359995	0.00018510445444359995	0.00018510445444359995	0.00018510445444359995	0.00018510445444359995	0.00018510445444359995	0.00018510445444359995	0.00018510445444359995	0.00018510445444359995	0.00018510445444359995	0.00018510445444359995	0.00018510445444359995	0.00018510445444359995	0.00018510445444359995
15	0.00019911235910419995	0.00019911235910419995	0.00019911235910419995	0.00019911235910419995	0.00019911235910419995	0.00019911235910419995	0.00019911235910419995	0.00019911235910419995	0.00019911235910419995	0.00019911235910419995	0.00019911235910419995	0.00019911235910419995	0.00019911235910419995	0.00019911235910419995	0.00019911235910419995	0.00019911235910419995
16	0.00021612195762059995	0.00021612195762059995	0.00021612195762059995	0.00021612195762059995	0.00021612195762059995	0.00021612195762059995	0.00021612195762059995	0.00021612195762059995	0.00021612195762059995	0.00021612195762059995	0.00021612195762059995	0.00021612195762059995	0.00021612195762059995	0.00021612195762059995	0.00021612195762059995	0.00021612195762059995
17	0.00022412647456949994	0.00022412647456949994	0.00022412647456949994	0.00022412647456949994	0.00022412647456949994	0.00022412647456949994	0.00022412647456949994	0.00022412647456949994	0.00022412647456949994	0.00022412647456949994	0.00022412647456949994	0.00022412647456949994	0.00022412647456949994	0.00022412647456949994	0.00022412647456949994	0.00022412647456949994
18	0.00019811179448559995	0.00019811179448559995	0.00019811179448559995	0.00019811179448559995	0.00019811179448559995	0.00019811179448559995	0.00019811179448559995	0.00019811179448559995	0.00019811179448559995	0.00019811179448559995	0.00019811179448559995	0.00019811179448559995	0.00019811179448559995	0.00019811179448559995	0.00019811179448559995	0.00019811179448559995
19	0.00013707735275009998	0.00013707735275009998	0.00013707735275009998	0.00013707735275009998	0.00013707735275009998	0.00013707735275009998	0.00013707735275009998	0.00013707735275009998	0.00013707735275009998	0.00013707735275009998	0.00013707735275009998	0.00013707735275009998	0.00013707735275009998	0.00013707735275009998	0.00013707735275009998	0.00013707735275009998
20	9.075121090831556e-05	9.075121090831556e-05	9.075121090831556e-05	9.075121090831556e-05	9.075121090831556e-05	9.075121090831556e-05	9.075121090831556e-05	9.075121090831556e-05	9.075121090831556e-05	9.075121090831556e-05	9.075121090831556e-05	9.075121090831556e-05	9.075121090831556e-05	9.075121090831556e-05	9.075121090831556e-05	9.075121090831556e-05
21	6.333574035828418e-05	6.333574035828418e-05	6.333574035828418e-05	6.333574035828418e-05	6.333574035828418e-05	6.333574035828418e-05	6.333574035828418e-05	6.333574035828418e-05	6.333574035828418e-05	6.333574035828418e-05	6.333574035828418e-05	6.333574035828418e-05	6.333574035828418e-05	6.333574035828418e-05	6.333574035828418e-05	6.333574035828418e-05
22	4.1123205825047075e-05	4.1123205825047075e-05	4.1123205825047075e-05	4.1123205825047075e-05	4.1123205825047075e-05	4.1123205825047075e-05	4.1123205825047075e-05	4.1123205825047075e-05	4.1123205825047075e-05	4.1123205825047075e-05	4.1123205825047075e-05	4.1123205825047075e-05	4.1123205825047075e-05	4.1123205825047075e-05	4.1123205825047075e-05	4.1123205825047075e-05
23	2.461388961791139e-05	2.461388961791139e-05	2.461388961791139e-05	2.461388961791139e-05	2.461388961791139e-05	2.461388961791139e-05	2.461388961791139e-05	2.461388961791139e-05	2.461388961791139e-05	2.461388961791139e-05	2.461388961791139e-05	2.461388961791139e-05	2.461388961791139e-05	2.461388961791139e-05	2.461388961791139e-05	2.461388961791139e-05
24	8.084562118403415e-06	8.084562118403415e-06	8.084562118403415e-06	8.084562118403415e-06	8.084562118403415e-06	8.084562118403415e-06	8.084562118403415e-06	8.084562118403415e-06	8.084562118403415e-06	8.084562118403415e-06	8.084562118403415e-06	8.084562118403415e-06	8.084562118403415e-06	8.084562118403415e-06	8.084562118403415e-06	8.084562118403415e-06
;
  
 param  mob_freight_time_series  := 
["C1",*,*] : 	1	2	3	4	5	6	7	8	9	10	11	12	13	14	15	16 := 
1	0.00011415525114150003	0.00011415525114150003	0.00011415525114150003	0.00011415525114150003	0.00011415525114150003	0.00011415525114150003	0.00011415525114150003	0.00011415525114150003	0.00011415525114150003	0.00011415525114150003	0.00011415525114150003	0.00011415525114150003	0.00011415525114150003	0.00011415525114150003	0.00011415525114150003	0.00011415525114150003
2	0.00011415525114150003	0.00011415525114150003	0.00011415525114150003	0.00011415525114150003	0.00011415525114150003	0.00011415525114150003	0.00011415525114150003	0.00011415525114150003	0.00011415525114150003	0.00011415525114150003	0.00011415525114150003	0.00011415525114150003	0.00011415525114150003	0.00011415525114150003	0.00011415525114150003	0.00011415525114150003
3	0.00011415525114150003	0.00011415525114150003	0.00011415525114150003	0.00011415525114150003	0.00011415525114150003	0.00011415525114150003	0.00011415525114150003	0.00011415525114150003	0.00011415525114150003	0.00011415525114150003	0.00011415525114150003	0.00011415525114150003	0.00011415525114150003	0.00011415525114150003	0.00011415525114150003	0.00011415525114150003
4	0.00011415525114150003	0.00011415525114150003	0.00011415525114150003	0.00011415525114150003	0.00011415525114150003	0.00011415525114150003	0.00011415525114150003	0.00011415525114150003	0.00011415525114150003	0.00011415525114150003	0.00011415525114150003	0.00011415525114150003	0.00011415525114150003	0.00011415525114150003	0.00011415525114150003	0.00011415525114150003
5	0.00011415525114150003	0.00011415525114150003	0.00011415525114150003	0.00011415525114150003	0.00011415525114150003	0.00011415525114150003	0.00011415525114150003	0.00011415525114150003	0.00011415525114150003	0.00011415525114150003	0.00011415525114150003	0.00011415525114150003	0.00011415525114150003	0.00011415525114150003	0.00011415525114150003	0.00011415525114150003
6	0.00011415525114150003	0.00011415525114150003	0.00011415525114150003	0.00011415525114150003	0.00011415525114150003	0.00011415525114150003	0.00011415525114150003	0.00011415525114150003	0.00011415525114150003	0.00011415525114150003	0.00011415525114150003	0.00011415525114150003	0.00011415525114150003	0.00011415525114150003	0.00011415525114150003	0.00011415525114150003
7	0.00011415525114150003	0.00011415525114150003	0.00011415525114150003	0.00011415525114150003	0.00011415525114150003	0.00011415525114150003	0.00011415525114150003	0.00011415525114150003	0.00011415525114150003	0.00011415525114150003	0.00011415525114150003	0.00011415525114150003	0.00011415525114150003	0.00011415525114150003	0.00011415525114150003	0.00011415525114150003
8	0.00011415525114150003	0.00011415525114150003	0.00011415525114150003	0.00011415525114150003	0.00011415525114150003	0.00011415525114150003	0.00011415525114150003	0.00011415525114150003	0.00011415525114150003	0.00011415525114150003	0.00011415525114150003	0.00011415525114150003	0.00011415525114150003	0.00011415525114150003	0.00011415525114150003	0.00011415525114150003
9	0.00011415525114150003	0.00011415525114150003	0.00011415525114150003	0.00011415525114150003	0.00011415525114150003	0.00011415525114150003	0.00011415525114150003	0.00011415525114150003	0.00011415525114150003	0.00011415525114150003	0.00011415525114150003	0.00011415525114150003	0.00011415525114150003	0.00011415525114150003	0.00011415525114150003	0.00011415525114150003
10	0.00011415525114150003	0.00011415525114150003	0.00011415525114150003	0.00011415525114150003	0.00011415525114150003	0.00011415525114150003	0.00011415525114150003	0.00011415525114150003	0.00011415525114150003	0.00011415525114150003	0.00011415525114150003	0.00011415525114150003	0.00011415525114150003	0.00011415525114150003	0.00011415525114150003	0.00011415525114150003
11	0.00011415525114150003	0.00011415525114150003	0.00011415525114150003	0.00011415525114150003	0.00011415525114150003	0.00011415525114150003	0.00011415525114150003	0.00011415525114150003	0.00011415525114150003	0.00011415525114150003	0.00011415525114150003	0.00011415525114150003	0.00011415525114150003	0.00011415525114150003	0.00011415525114150003	0.00011415525114150003
12	0.00011415525114150003	0.00011415525114150003	0.00011415525114150003	0.00011415525114150003	0.00011415525114150003	0.00011415525114150003	0.00011415525114150003	0.00011415525114150003	0.00011415525114150003	0.00011415525114150003	0.00011415525114150003	0.00011415525114150003	0.00011415525114150003	0.00011415525114150003	0.00011415525114150003	0.00011415525114150003
13	0.00011415525114150003	0.00011415525114150003	0.00011415525114150003	0.00011415525114150003	0.00011415525114150003	0.00011415525114150003	0.00011415525114150003	0.00011415525114150003	0.00011415525114150003	0.00011415525114150003	0.00011415525114150003	0.00011415525114150003	0.00011415525114150003	0.00011415525114150003	0.00011415525114150003	0.00011415525114150003
14	0.00011415525114150003	0.00011415525114150003	0.00011415525114150003	0.00011415525114150003	0.00011415525114150003	0.00011415525114150003	0.00011415525114150003	0.00011415525114150003	0.00011415525114150003	0.00011415525114150003	0.00011415525114150003	0.00011415525114150003	0.00011415525114150003	0.00011415525114150003	0.00011415525114150003	0.00011415525114150003
15	0.00011415525114150003	0.00011415525114150003	0.00011415525114150003	0.00011415525114150003	0.00011415525114150003	0.00011415525114150003	0.00011415525114150003	0.00011415525114150003	0.00011415525114150003	0.00011415525114150003	0.00011415525114150003	0.00011415525114150003	0.00011415525114150003	0.00011415525114150003	0.00011415525114150003	0.00011415525114150003
16	0.00011415525114150003	0.00011415525114150003	0.00011415525114150003	0.00011415525114150003	0.00011415525114150003	0.00011415525114150003	0.00011415525114150003	0.00011415525114150003	0.00011415525114150003	0.00011415525114150003	0.00011415525114150003	0.00011415525114150003	0.00011415525114150003	0.00011415525114150003	0.00011415525114150003	0.00011415525114150003
17	0.00011415525114150003	0.00011415525114150003	0.00011415525114150003	0.00011415525114150003	0.00011415525114150003	0.00011415525114150003	0.00011415525114150003	0.00011415525114150003	0.00011415525114150003	0.00011415525114150003	0.00011415525114150003	0.00011415525114150003	0.00011415525114150003	0.00011415525114150003	0.00011415525114150003	0.00011415525114150003
18	0.00011415525114150003	0.00011415525114150003	0.00011415525114150003	0.00011415525114150003	0.00011415525114150003	0.00011415525114150003	0.00011415525114150003	0.00011415525114150003	0.00011415525114150003	0.00011415525114150003	0.00011415525114150003	0.00011415525114150003	0.00011415525114150003	0.00011415525114150003	0.00011415525114150003	0.00011415525114150003
19	0.00011415525114150003	0.00011415525114150003	0.00011415525114150003	0.00011415525114150003	0.00011415525114150003	0.00011415525114150003	0.00011415525114150003	0.00011415525114150003	0.00011415525114150003	0.00011415525114150003	0.00011415525114150003	0.00011415525114150003	0.00011415525114150003	0.00011415525114150003	0.00011415525114150003	0.00011415525114150003
20	0.00011415525114150003	0.00011415525114150003	0.00011415525114150003	0.00011415525114150003	0.00011415525114150003	0.00011415525114150003	0.00011415525114150003	0.00011415525114150003	0.00011415525114150003	0.00011415525114150003	0.00011415525114150003	0.00011415525114150003	0.00011415525114150003	0.00011415525114150003	0.00011415525114150003	0.00011415525114150003
21	0.00011415525114150003	0.00011415525114150003	0.00011415525114150003	0.00011415525114150003	0.00011415525114150003	0.00011415525114150003	0.00011415525114150003	0.00011415525114150003	0.00011415525114150003	0.00011415525114150003	0.00011415525114150003	0.00011415525114150003	0.00011415525114150003	0.00011415525114150003	0.00011415525114150003	0.00011415525114150003
22	0.00011415525114150003	0.00011415525114150003	0.00011415525114150003	0.00011415525114150003	0.00011415525114150003	0.00011415525114150003	0.00011415525114150003	0.00011415525114150003	0.00011415525114150003	0.00011415525114150003	0.00011415525114150003	0.00011415525114150003	0.00011415525114150003	0.00011415525114150003	0.00011415525114150003	0.00011415525114150003
23	0.00011415525114150003	0.00011415525114150003	0.00011415525114150003	0.00011415525114150003	0.00011415525114150003	0.00011415525114150003	0.00011415525114150003	0.00011415525114150003	0.00011415525114150003	0.00011415525114150003	0.00011415525114150003	0.00011415525114150003	0.00011415525114150003	0.00011415525114150003	0.00011415525114150003	0.00011415525114150003
24	0.00011415525114150003	0.00011415525114150003	0.00011415525114150003	0.00011415525114150003	0.00011415525114150003	0.00011415525114150003	0.00011415525114150003	0.00011415525114150003	0.00011415525114150003	0.00011415525114150003	0.00011415525114150003	0.00011415525114150003	0.00011415525114150003	0.00011415525114150003	0.00011415525114150003	0.00011415525114150003
["C2",*,*] : 	1	2	3	4	5	6	7	8	9	10	11	12	13	14	15	16 := 
1	0.00011415525114150003	0.00011415525114150003	0.00011415525114150003	0.00011415525114150003	0.00011415525114150003	0.00011415525114150003	0.00011415525114150003	0.00011415525114150003	0.00011415525114150003	0.00011415525114150003	0.00011415525114150003	0.00011415525114150003	0.00011415525114150003	0.00011415525114150003	0.00011415525114150003	0.00011415525114150003
2	0.00011415525114150003	0.00011415525114150003	0.00011415525114150003	0.00011415525114150003	0.00011415525114150003	0.00011415525114150003	0.00011415525114150003	0.00011415525114150003	0.00011415525114150003	0.00011415525114150003	0.00011415525114150003	0.00011415525114150003	0.00011415525114150003	0.00011415525114150003	0.00011415525114150003	0.00011415525114150003
3	0.00011415525114150003	0.00011415525114150003	0.00011415525114150003	0.00011415525114150003	0.00011415525114150003	0.00011415525114150003	0.00011415525114150003	0.00011415525114150003	0.00011415525114150003	0.00011415525114150003	0.00011415525114150003	0.00011415525114150003	0.00011415525114150003	0.00011415525114150003	0.00011415525114150003	0.00011415525114150003
4	0.00011415525114150003	0.00011415525114150003	0.00011415525114150003	0.00011415525114150003	0.00011415525114150003	0.00011415525114150003	0.00011415525114150003	0.00011415525114150003	0.00011415525114150003	0.00011415525114150003	0.00011415525114150003	0.00011415525114150003	0.00011415525114150003	0.00011415525114150003	0.00011415525114150003	0.00011415525114150003
5	0.00011415525114150003	0.00011415525114150003	0.00011415525114150003	0.00011415525114150003	0.00011415525114150003	0.00011415525114150003	0.00011415525114150003	0.00011415525114150003	0.00011415525114150003	0.00011415525114150003	0.00011415525114150003	0.00011415525114150003	0.00011415525114150003	0.00011415525114150003	0.00011415525114150003	0.00011415525114150003
6	0.00011415525114150003	0.00011415525114150003	0.00011415525114150003	0.00011415525114150003	0.00011415525114150003	0.00011415525114150003	0.00011415525114150003	0.00011415525114150003	0.00011415525114150003	0.00011415525114150003	0.00011415525114150003	0.00011415525114150003	0.00011415525114150003	0.00011415525114150003	0.00011415525114150003	0.00011415525114150003
7	0.00011415525114150003	0.00011415525114150003	0.00011415525114150003	0.00011415525114150003	0.00011415525114150003	0.00011415525114150003	0.00011415525114150003	0.00011415525114150003	0.00011415525114150003	0.00011415525114150003	0.00011415525114150003	0.00011415525114150003	0.00011415525114150003	0.00011415525114150003	0.00011415525114150003	0.00011415525114150003
8	0.00011415525114150003	0.00011415525114150003	0.00011415525114150003	0.00011415525114150003	0.00011415525114150003	0.00011415525114150003	0.00011415525114150003	0.00011415525114150003	0.00011415525114150003	0.00011415525114150003	0.00011415525114150003	0.00011415525114150003	0.00011415525114150003	0.00011415525114150003	0.00011415525114150003	0.00011415525114150003
9	0.00011415525114150003	0.00011415525114150003	0.00011415525114150003	0.00011415525114150003	0.00011415525114150003	0.00011415525114150003	0.00011415525114150003	0.00011415525114150003	0.00011415525114150003	0.00011415525114150003	0.00011415525114150003	0.00011415525114150003	0.00011415525114150003	0.00011415525114150003	0.00011415525114150003	0.00011415525114150003
10	0.00011415525114150003	0.00011415525114150003	0.00011415525114150003	0.00011415525114150003	0.00011415525114150003	0.00011415525114150003	0.00011415525114150003	0.00011415525114150003	0.00011415525114150003	0.00011415525114150003	0.00011415525114150003	0.00011415525114150003	0.00011415525114150003	0.00011415525114150003	0.00011415525114150003	0.00011415525114150003
11	0.00011415525114150003	0.00011415525114150003	0.00011415525114150003	0.00011415525114150003	0.00011415525114150003	0.00011415525114150003	0.00011415525114150003	0.00011415525114150003	0.00011415525114150003	0.00011415525114150003	0.00011415525114150003	0.00011415525114150003	0.00011415525114150003	0.00011415525114150003	0.00011415525114150003	0.00011415525114150003
12	0.00011415525114150003	0.00011415525114150003	0.00011415525114150003	0.00011415525114150003	0.00011415525114150003	0.00011415525114150003	0.00011415525114150003	0.00011415525114150003	0.00011415525114150003	0.00011415525114150003	0.00011415525114150003	0.00011415525114150003	0.00011415525114150003	0.00011415525114150003	0.00011415525114150003	0.00011415525114150003
13	0.00011415525114150003	0.00011415525114150003	0.00011415525114150003	0.00011415525114150003	0.00011415525114150003	0.00011415525114150003	0.00011415525114150003	0.00011415525114150003	0.00011415525114150003	0.00011415525114150003	0.00011415525114150003	0.00011415525114150003	0.00011415525114150003	0.00011415525114150003	0.00011415525114150003	0.00011415525114150003
14	0.00011415525114150003	0.00011415525114150003	0.00011415525114150003	0.00011415525114150003	0.00011415525114150003	0.00011415525114150003	0.00011415525114150003	0.00011415525114150003	0.00011415525114150003	0.00011415525114150003	0.00011415525114150003	0.00011415525114150003	0.00011415525114150003	0.00011415525114150003	0.00011415525114150003	0.00011415525114150003
15	0.00011415525114150003	0.00011415525114150003	0.00011415525114150003	0.00011415525114150003	0.00011415525114150003	0.00011415525114150003	0.00011415525114150003	0.00011415525114150003	0.00011415525114150003	0.00011415525114150003	0.00011415525114150003	0.00011415525114150003	0.00011415525114150003	0.00011415525114150003	0.00011415525114150003	0.00011415525114150003
16	0.00011415525114150003	0.00011415525114150003	0.00011415525114150003	0.00011415525114150003	0.00011415525114150003	0.00011415525114150003	0.00011415525114150003	0.00011415525114150003	0.00011415525114150003	0.00011415525114150003	0.00011415525114150003	0.00011415525114150003	0.00011415525114150003	0.00011415525114150003	0.00011415525114150003	0.00011415525114150003
17	0.00011415525114150003	0.00011415525114150003	0.00011415525114150003	0.00011415525114150003	0.00011415525114150003	0.00011415525114150003	0.00011415525114150003	0.00011415525114150003	0.00011415525114150003	0.00011415525114150003	0.00011415525114150003	0.00011415525114150003	0.00011415525114150003	0.00011415525114150003	0.00011415525114150003	0.00011415525114150003
18	0.00011415525114150003	0.00011415525114150003	0.00011415525114150003	0.00011415525114150003	0.00011415525114150003	0.00011415525114150003	0.00011415525114150003	0.00011415525114150003	0.00011415525114150003	0.00011415525114150003	0.00011415525114150003	0.00011415525114150003	0.00011415525114150003	0.00011415525114150003	0.00011415525114150003	0.00011415525114150003
19	0.00011415525114150003	0.00011415525114150003	0.00011415525114150003	0.00011415525114150003	0.00011415525114150003	0.00011415525114150003	0.00011415525114150003	0.00011415525114150003	0.00011415525114150003	0.00011415525114150003	0.00011415525114150003	0.00011415525114150003	0.00011415525114150003	0.00011415525114150003	0.00011415525114150003	0.00011415525114150003
20	0.00011415525114150003	0.00011415525114150003	0.00011415525114150003	0.00011415525114150003	0.00011415525114150003	0.00011415525114150003	0.00011415525114150003	0.00011415525114150003	0.00011415525114150003	0.00011415525114150003	0.00011415525114150003	0.00011415525114150003	0.00011415525114150003	0.00011415525114150003	0.00011415525114150003	0.00011415525114150003
21	0.00011415525114150003	0.00011415525114150003	0.00011415525114150003	0.00011415525114150003	0.00011415525114150003	0.00011415525114150003	0.00011415525114150003	0.00011415525114150003	0.00011415525114150003	0.00011415525114150003	0.00011415525114150003	0.00011415525114150003	0.00011415525114150003	0.00011415525114150003	0.00011415525114150003	0.00011415525114150003
22	0.00011415525114150003	0.00011415525114150003	0.00011415525114150003	0.00011415525114150003	0.00011415525114150003	0.00011415525114150003	0.00011415525114150003	0.00011415525114150003	0.00011415525114150003	0.00011415525114150003	0.00011415525114150003	0.00011415525114150003	0.00011415525114150003	0.00011415525114150003	0.00011415525114150003	0.00011415525114150003
23	0.00011415525114150003	0.00011415525114150003	0.00011415525114150003	0.00011415525114150003	0.00011415525114150003	0.00011415525114150003	0.00011415525114150003	0.00011415525114150003	0.00011415525114150003	0.00011415525114150003	0.00011415525114150003	0.00011415525114150003	0.00011415525114150003	0.00011415525114150003	0.00011415525114150003	0.00011415525114150003
24	0.00011415525114150003	0.00011415525114150003	0.00011415525114150003	0.00011415525114150003	0.00011415525114150003	0.00011415525114150003	0.00011415525114150003	0.00011415525114150003	0.00011415525114150003	0.00011415525114150003	0.00011415525114150003	0.00011415525114150003	0.00011415525114150003	0.00011415525114150003	0.00011415525114150003	0.00011415525114150003
["C3",*,*] : 	1	2	3	4	5	6	7	8	9	10	11	12	13	14	15	16 := 
1	0.00011415525114150003	0.00011415525114150003	0.00011415525114150003	0.00011415525114150003	0.00011415525114150003	0.00011415525114150003	0.00011415525114150003	0.00011415525114150003	0.00011415525114150003	0.00011415525114150003	0.00011415525114150003	0.00011415525114150003	0.00011415525114150003	0.00011415525114150003	0.00011415525114150003	0.00011415525114150003
2	0.00011415525114150003	0.00011415525114150003	0.00011415525114150003	0.00011415525114150003	0.00011415525114150003	0.00011415525114150003	0.00011415525114150003	0.00011415525114150003	0.00011415525114150003	0.00011415525114150003	0.00011415525114150003	0.00011415525114150003	0.00011415525114150003	0.00011415525114150003	0.00011415525114150003	0.00011415525114150003
3	0.00011415525114150003	0.00011415525114150003	0.00011415525114150003	0.00011415525114150003	0.00011415525114150003	0.00011415525114150003	0.00011415525114150003	0.00011415525114150003	0.00011415525114150003	0.00011415525114150003	0.00011415525114150003	0.00011415525114150003	0.00011415525114150003	0.00011415525114150003	0.00011415525114150003	0.00011415525114150003
4	0.00011415525114150003	0.00011415525114150003	0.00011415525114150003	0.00011415525114150003	0.00011415525114150003	0.00011415525114150003	0.00011415525114150003	0.00011415525114150003	0.00011415525114150003	0.00011415525114150003	0.00011415525114150003	0.00011415525114150003	0.00011415525114150003	0.00011415525114150003	0.00011415525114150003	0.00011415525114150003
5	0.00011415525114150003	0.00011415525114150003	0.00011415525114150003	0.00011415525114150003	0.00011415525114150003	0.00011415525114150003	0.00011415525114150003	0.00011415525114150003	0.00011415525114150003	0.00011415525114150003	0.00011415525114150003	0.00011415525114150003	0.00011415525114150003	0.00011415525114150003	0.00011415525114150003	0.00011415525114150003
6	0.00011415525114150003	0.00011415525114150003	0.00011415525114150003	0.00011415525114150003	0.00011415525114150003	0.00011415525114150003	0.00011415525114150003	0.00011415525114150003	0.00011415525114150003	0.00011415525114150003	0.00011415525114150003	0.00011415525114150003	0.00011415525114150003	0.00011415525114150003	0.00011415525114150003	0.00011415525114150003
7	0.00011415525114150003	0.00011415525114150003	0.00011415525114150003	0.00011415525114150003	0.00011415525114150003	0.00011415525114150003	0.00011415525114150003	0.00011415525114150003	0.00011415525114150003	0.00011415525114150003	0.00011415525114150003	0.00011415525114150003	0.00011415525114150003	0.00011415525114150003	0.00011415525114150003	0.00011415525114150003
8	0.00011415525114150003	0.00011415525114150003	0.00011415525114150003	0.00011415525114150003	0.00011415525114150003	0.00011415525114150003	0.00011415525114150003	0.00011415525114150003	0.00011415525114150003	0.00011415525114150003	0.00011415525114150003	0.00011415525114150003	0.00011415525114150003	0.00011415525114150003	0.00011415525114150003	0.00011415525114150003
9	0.00011415525114150003	0.00011415525114150003	0.00011415525114150003	0.00011415525114150003	0.00011415525114150003	0.00011415525114150003	0.00011415525114150003	0.00011415525114150003	0.00011415525114150003	0.00011415525114150003	0.00011415525114150003	0.00011415525114150003	0.00011415525114150003	0.00011415525114150003	0.00011415525114150003	0.00011415525114150003
10	0.00011415525114150003	0.00011415525114150003	0.00011415525114150003	0.00011415525114150003	0.00011415525114150003	0.00011415525114150003	0.00011415525114150003	0.00011415525114150003	0.00011415525114150003	0.00011415525114150003	0.00011415525114150003	0.00011415525114150003	0.00011415525114150003	0.00011415525114150003	0.00011415525114150003	0.00011415525114150003
11	0.00011415525114150003	0.00011415525114150003	0.00011415525114150003	0.00011415525114150003	0.00011415525114150003	0.00011415525114150003	0.00011415525114150003	0.00011415525114150003	0.00011415525114150003	0.00011415525114150003	0.00011415525114150003	0.00011415525114150003	0.00011415525114150003	0.00011415525114150003	0.00011415525114150003	0.00011415525114150003
12	0.00011415525114150003	0.00011415525114150003	0.00011415525114150003	0.00011415525114150003	0.00011415525114150003	0.00011415525114150003	0.00011415525114150003	0.00011415525114150003	0.00011415525114150003	0.00011415525114150003	0.00011415525114150003	0.00011415525114150003	0.00011415525114150003	0.00011415525114150003	0.00011415525114150003	0.00011415525114150003
13	0.00011415525114150003	0.00011415525114150003	0.00011415525114150003	0.00011415525114150003	0.00011415525114150003	0.00011415525114150003	0.00011415525114150003	0.00011415525114150003	0.00011415525114150003	0.00011415525114150003	0.00011415525114150003	0.00011415525114150003	0.00011415525114150003	0.00011415525114150003	0.00011415525114150003	0.00011415525114150003
14	0.00011415525114150003	0.00011415525114150003	0.00011415525114150003	0.00011415525114150003	0.00011415525114150003	0.00011415525114150003	0.00011415525114150003	0.00011415525114150003	0.00011415525114150003	0.00011415525114150003	0.00011415525114150003	0.00011415525114150003	0.00011415525114150003	0.00011415525114150003	0.00011415525114150003	0.00011415525114150003
15	0.00011415525114150003	0.00011415525114150003	0.00011415525114150003	0.00011415525114150003	0.00011415525114150003	0.00011415525114150003	0.00011415525114150003	0.00011415525114150003	0.00011415525114150003	0.00011415525114150003	0.00011415525114150003	0.00011415525114150003	0.00011415525114150003	0.00011415525114150003	0.00011415525114150003	0.00011415525114150003
16	0.00011415525114150003	0.00011415525114150003	0.00011415525114150003	0.00011415525114150003	0.00011415525114150003	0.00011415525114150003	0.00011415525114150003	0.00011415525114150003	0.00011415525114150003	0.00011415525114150003	0.00011415525114150003	0.00011415525114150003	0.00011415525114150003	0.00011415525114150003	0.00011415525114150003	0.00011415525114150003
17	0.00011415525114150003	0.00011415525114150003	0.00011415525114150003	0.00011415525114150003	0.00011415525114150003	0.00011415525114150003	0.00011415525114150003	0.00011415525114150003	0.00011415525114150003	0.00011415525114150003	0.00011415525114150003	0.00011415525114150003	0.00011415525114150003	0.00011415525114150003	0.00011415525114150003	0.00011415525114150003
18	0.00011415525114150003	0.00011415525114150003	0.00011415525114150003	0.00011415525114150003	0.00011415525114150003	0.00011415525114150003	0.00011415525114150003	0.00011415525114150003	0.00011415525114150003	0.00011415525114150003	0.00011415525114150003	0.00011415525114150003	0.00011415525114150003	0.00011415525114150003	0.00011415525114150003	0.00011415525114150003
19	0.00011415525114150003	0.00011415525114150003	0.00011415525114150003	0.00011415525114150003	0.00011415525114150003	0.00011415525114150003	0.00011415525114150003	0.00011415525114150003	0.00011415525114150003	0.00011415525114150003	0.00011415525114150003	0.00011415525114150003	0.00011415525114150003	0.00011415525114150003	0.00011415525114150003	0.00011415525114150003
20	0.00011415525114150003	0.00011415525114150003	0.00011415525114150003	0.00011415525114150003	0.00011415525114150003	0.00011415525114150003	0.00011415525114150003	0.00011415525114150003	0.00011415525114150003	0.00011415525114150003	0.00011415525114150003	0.00011415525114150003	0.00011415525114150003	0.00011415525114150003	0.00011415525114150003	0.00011415525114150003
21	0.00011415525114150003	0.00011415525114150003	0.00011415525114150003	0.00011415525114150003	0.00011415525114150003	0.00011415525114150003	0.00011415525114150003	0.00011415525114150003	0.00011415525114150003	0.00011415525114150003	0.00011415525114150003	0.00011415525114150003	0.00011415525114150003	0.00011415525114150003	0.00011415525114150003	0.00011415525114150003
22	0.00011415525114150003	0.00011415525114150003	0.00011415525114150003	0.00011415525114150003	0.00011415525114150003	0.00011415525114150003	0.00011415525114150003	0.00011415525114150003	0.00011415525114150003	0.00011415525114150003	0.00011415525114150003	0.00011415525114150003	0.00011415525114150003	0.00011415525114150003	0.00011415525114150003	0.00011415525114150003
23	0.00011415525114150003	0.00011415525114150003	0.00011415525114150003	0.00011415525114150003	0.00011415525114150003	0.00011415525114150003	0.00011415525114150003	0.00011415525114150003	0.00011415525114150003	0.00011415525114150003	0.00011415525114150003	0.00011415525114150003	0.00011415525114150003	0.00011415525114150003	0.00011415525114150003	0.00011415525114150003
24	0.00011415525114150003	0.00011415525114150003	0.00011415525114150003	0.00011415525114150003	0.00011415525114150003	0.00011415525114150003	0.00011415525114150003	0.00011415525114150003	0.00011415525114150003	0.00011415525114150003	0.00011415525114150003	0.00011415525114150003	0.00011415525114150003	0.00011415525114150003	0.00011415525114150003	0.00011415525114150003
["C4",*,*] : 	1	2	3	4	5	6	7	8	9	10	11	12	13	14	15	16 := 
1	0.00011415525114150003	0.00011415525114150003	0.00011415525114150003	0.00011415525114150003	0.00011415525114150003	0.00011415525114150003	0.00011415525114150003	0.00011415525114150003	0.00011415525114150003	0.00011415525114150003	0.00011415525114150003	0.00011415525114150003	0.00011415525114150003	0.00011415525114150003	0.00011415525114150003	0.00011415525114150003
2	0.00011415525114150003	0.00011415525114150003	0.00011415525114150003	0.00011415525114150003	0.00011415525114150003	0.00011415525114150003	0.00011415525114150003	0.00011415525114150003	0.00011415525114150003	0.00011415525114150003	0.00011415525114150003	0.00011415525114150003	0.00011415525114150003	0.00011415525114150003	0.00011415525114150003	0.00011415525114150003
3	0.00011415525114150003	0.00011415525114150003	0.00011415525114150003	0.00011415525114150003	0.00011415525114150003	0.00011415525114150003	0.00011415525114150003	0.00011415525114150003	0.00011415525114150003	0.00011415525114150003	0.00011415525114150003	0.00011415525114150003	0.00011415525114150003	0.00011415525114150003	0.00011415525114150003	0.00011415525114150003
4	0.00011415525114150003	0.00011415525114150003	0.00011415525114150003	0.00011415525114150003	0.00011415525114150003	0.00011415525114150003	0.00011415525114150003	0.00011415525114150003	0.00011415525114150003	0.00011415525114150003	0.00011415525114150003	0.00011415525114150003	0.00011415525114150003	0.00011415525114150003	0.00011415525114150003	0.00011415525114150003
5	0.00011415525114150003	0.00011415525114150003	0.00011415525114150003	0.00011415525114150003	0.00011415525114150003	0.00011415525114150003	0.00011415525114150003	0.00011415525114150003	0.00011415525114150003	0.00011415525114150003	0.00011415525114150003	0.00011415525114150003	0.00011415525114150003	0.00011415525114150003	0.00011415525114150003	0.00011415525114150003
6	0.00011415525114150003	0.00011415525114150003	0.00011415525114150003	0.00011415525114150003	0.00011415525114150003	0.00011415525114150003	0.00011415525114150003	0.00011415525114150003	0.00011415525114150003	0.00011415525114150003	0.00011415525114150003	0.00011415525114150003	0.00011415525114150003	0.00011415525114150003	0.00011415525114150003	0.00011415525114150003
7	0.00011415525114150003	0.00011415525114150003	0.00011415525114150003	0.00011415525114150003	0.00011415525114150003	0.00011415525114150003	0.00011415525114150003	0.00011415525114150003	0.00011415525114150003	0.00011415525114150003	0.00011415525114150003	0.00011415525114150003	0.00011415525114150003	0.00011415525114150003	0.00011415525114150003	0.00011415525114150003
8	0.00011415525114150003	0.00011415525114150003	0.00011415525114150003	0.00011415525114150003	0.00011415525114150003	0.00011415525114150003	0.00011415525114150003	0.00011415525114150003	0.00011415525114150003	0.00011415525114150003	0.00011415525114150003	0.00011415525114150003	0.00011415525114150003	0.00011415525114150003	0.00011415525114150003	0.00011415525114150003
9	0.00011415525114150003	0.00011415525114150003	0.00011415525114150003	0.00011415525114150003	0.00011415525114150003	0.00011415525114150003	0.00011415525114150003	0.00011415525114150003	0.00011415525114150003	0.00011415525114150003	0.00011415525114150003	0.00011415525114150003	0.00011415525114150003	0.00011415525114150003	0.00011415525114150003	0.00011415525114150003
10	0.00011415525114150003	0.00011415525114150003	0.00011415525114150003	0.00011415525114150003	0.00011415525114150003	0.00011415525114150003	0.00011415525114150003	0.00011415525114150003	0.00011415525114150003	0.00011415525114150003	0.00011415525114150003	0.00011415525114150003	0.00011415525114150003	0.00011415525114150003	0.00011415525114150003	0.00011415525114150003
11	0.00011415525114150003	0.00011415525114150003	0.00011415525114150003	0.00011415525114150003	0.00011415525114150003	0.00011415525114150003	0.00011415525114150003	0.00011415525114150003	0.00011415525114150003	0.00011415525114150003	0.00011415525114150003	0.00011415525114150003	0.00011415525114150003	0.00011415525114150003	0.00011415525114150003	0.00011415525114150003
12	0.00011415525114150003	0.00011415525114150003	0.00011415525114150003	0.00011415525114150003	0.00011415525114150003	0.00011415525114150003	0.00011415525114150003	0.00011415525114150003	0.00011415525114150003	0.00011415525114150003	0.00011415525114150003	0.00011415525114150003	0.00011415525114150003	0.00011415525114150003	0.00011415525114150003	0.00011415525114150003
13	0.00011415525114150003	0.00011415525114150003	0.00011415525114150003	0.00011415525114150003	0.00011415525114150003	0.00011415525114150003	0.00011415525114150003	0.00011415525114150003	0.00011415525114150003	0.00011415525114150003	0.00011415525114150003	0.00011415525114150003	0.00011415525114150003	0.00011415525114150003	0.00011415525114150003	0.00011415525114150003
14	0.00011415525114150003	0.00011415525114150003	0.00011415525114150003	0.00011415525114150003	0.00011415525114150003	0.00011415525114150003	0.00011415525114150003	0.00011415525114150003	0.00011415525114150003	0.00011415525114150003	0.00011415525114150003	0.00011415525114150003	0.00011415525114150003	0.00011415525114150003	0.00011415525114150003	0.00011415525114150003
15	0.00011415525114150003	0.00011415525114150003	0.00011415525114150003	0.00011415525114150003	0.00011415525114150003	0.00011415525114150003	0.00011415525114150003	0.00011415525114150003	0.00011415525114150003	0.00011415525114150003	0.00011415525114150003	0.00011415525114150003	0.00011415525114150003	0.00011415525114150003	0.00011415525114150003	0.00011415525114150003
16	0.00011415525114150003	0.00011415525114150003	0.00011415525114150003	0.00011415525114150003	0.00011415525114150003	0.00011415525114150003	0.00011415525114150003	0.00011415525114150003	0.00011415525114150003	0.00011415525114150003	0.00011415525114150003	0.00011415525114150003	0.00011415525114150003	0.00011415525114150003	0.00011415525114150003	0.00011415525114150003
17	0.00011415525114150003	0.00011415525114150003	0.00011415525114150003	0.00011415525114150003	0.00011415525114150003	0.00011415525114150003	0.00011415525114150003	0.00011415525114150003	0.00011415525114150003	0.00011415525114150003	0.00011415525114150003	0.00011415525114150003	0.00011415525114150003	0.00011415525114150003	0.00011415525114150003	0.00011415525114150003
18	0.00011415525114150003	0.00011415525114150003	0.00011415525114150003	0.00011415525114150003	0.00011415525114150003	0.00011415525114150003	0.00011415525114150003	0.00011415525114150003	0.00011415525114150003	0.00011415525114150003	0.00011415525114150003	0.00011415525114150003	0.00011415525114150003	0.00011415525114150003	0.00011415525114150003	0.00011415525114150003
19	0.00011415525114150003	0.00011415525114150003	0.00011415525114150003	0.00011415525114150003	0.00011415525114150003	0.00011415525114150003	0.00011415525114150003	0.00011415525114150003	0.00011415525114150003	0.00011415525114150003	0.00011415525114150003	0.00011415525114150003	0.00011415525114150003	0.00011415525114150003	0.00011415525114150003	0.00011415525114150003
20	0.00011415525114150003	0.00011415525114150003	0.00011415525114150003	0.00011415525114150003	0.00011415525114150003	0.00011415525114150003	0.00011415525114150003	0.00011415525114150003	0.00011415525114150003	0.00011415525114150003	0.00011415525114150003	0.00011415525114150003	0.00011415525114150003	0.00011415525114150003	0.00011415525114150003	0.00011415525114150003
21	0.00011415525114150003	0.00011415525114150003	0.00011415525114150003	0.00011415525114150003	0.00011415525114150003	0.00011415525114150003	0.00011415525114150003	0.00011415525114150003	0.00011415525114150003	0.00011415525114150003	0.00011415525114150003	0.00011415525114150003	0.00011415525114150003	0.00011415525114150003	0.00011415525114150003	0.00011415525114150003
22	0.00011415525114150003	0.00011415525114150003	0.00011415525114150003	0.00011415525114150003	0.00011415525114150003	0.00011415525114150003	0.00011415525114150003	0.00011415525114150003	0.00011415525114150003	0.00011415525114150003	0.00011415525114150003	0.00011415525114150003	0.00011415525114150003	0.00011415525114150003	0.00011415525114150003	0.00011415525114150003
23	0.00011415525114150003	0.00011415525114150003	0.00011415525114150003	0.00011415525114150003	0.00011415525114150003	0.00011415525114150003	0.00011415525114150003	0.00011415525114150003	0.00011415525114150003	0.00011415525114150003	0.00011415525114150003	0.00011415525114150003	0.00011415525114150003	0.00011415525114150003	0.00011415525114150003	0.00011415525114150003
24	0.00011415525114150003	0.00011415525114150003	0.00011415525114150003	0.00011415525114150003	0.00011415525114150003	0.00011415525114150003	0.00011415525114150003	0.00011415525114150003	0.00011415525114150003	0.00011415525114150003	0.00011415525114150003	0.00011415525114150003	0.00011415525114150003	0.00011415525114150003	0.00011415525114150003	0.00011415525114150003
["C5",*,*] : 	1	2	3	4	5	6	7	8	9	10	11	12	13	14	15	16 := 
1	0.00011415525114150003	0.00011415525114150003	0.00011415525114150003	0.00011415525114150003	0.00011415525114150003	0.00011415525114150003	0.00011415525114150003	0.00011415525114150003	0.00011415525114150003	0.00011415525114150003	0.00011415525114150003	0.00011415525114150003	0.00011415525114150003	0.00011415525114150003	0.00011415525114150003	0.00011415525114150003
2	0.00011415525114150003	0.00011415525114150003	0.00011415525114150003	0.00011415525114150003	0.00011415525114150003	0.00011415525114150003	0.00011415525114150003	0.00011415525114150003	0.00011415525114150003	0.00011415525114150003	0.00011415525114150003	0.00011415525114150003	0.00011415525114150003	0.00011415525114150003	0.00011415525114150003	0.00011415525114150003
3	0.00011415525114150003	0.00011415525114150003	0.00011415525114150003	0.00011415525114150003	0.00011415525114150003	0.00011415525114150003	0.00011415525114150003	0.00011415525114150003	0.00011415525114150003	0.00011415525114150003	0.00011415525114150003	0.00011415525114150003	0.00011415525114150003	0.00011415525114150003	0.00011415525114150003	0.00011415525114150003
4	0.00011415525114150003	0.00011415525114150003	0.00011415525114150003	0.00011415525114150003	0.00011415525114150003	0.00011415525114150003	0.00011415525114150003	0.00011415525114150003	0.00011415525114150003	0.00011415525114150003	0.00011415525114150003	0.00011415525114150003	0.00011415525114150003	0.00011415525114150003	0.00011415525114150003	0.00011415525114150003
5	0.00011415525114150003	0.00011415525114150003	0.00011415525114150003	0.00011415525114150003	0.00011415525114150003	0.00011415525114150003	0.00011415525114150003	0.00011415525114150003	0.00011415525114150003	0.00011415525114150003	0.00011415525114150003	0.00011415525114150003	0.00011415525114150003	0.00011415525114150003	0.00011415525114150003	0.00011415525114150003
6	0.00011415525114150003	0.00011415525114150003	0.00011415525114150003	0.00011415525114150003	0.00011415525114150003	0.00011415525114150003	0.00011415525114150003	0.00011415525114150003	0.00011415525114150003	0.00011415525114150003	0.00011415525114150003	0.00011415525114150003	0.00011415525114150003	0.00011415525114150003	0.00011415525114150003	0.00011415525114150003
7	0.00011415525114150003	0.00011415525114150003	0.00011415525114150003	0.00011415525114150003	0.00011415525114150003	0.00011415525114150003	0.00011415525114150003	0.00011415525114150003	0.00011415525114150003	0.00011415525114150003	0.00011415525114150003	0.00011415525114150003	0.00011415525114150003	0.00011415525114150003	0.00011415525114150003	0.00011415525114150003
8	0.00011415525114150003	0.00011415525114150003	0.00011415525114150003	0.00011415525114150003	0.00011415525114150003	0.00011415525114150003	0.00011415525114150003	0.00011415525114150003	0.00011415525114150003	0.00011415525114150003	0.00011415525114150003	0.00011415525114150003	0.00011415525114150003	0.00011415525114150003	0.00011415525114150003	0.00011415525114150003
9	0.00011415525114150003	0.00011415525114150003	0.00011415525114150003	0.00011415525114150003	0.00011415525114150003	0.00011415525114150003	0.00011415525114150003	0.00011415525114150003	0.00011415525114150003	0.00011415525114150003	0.00011415525114150003	0.00011415525114150003	0.00011415525114150003	0.00011415525114150003	0.00011415525114150003	0.00011415525114150003
10	0.00011415525114150003	0.00011415525114150003	0.00011415525114150003	0.00011415525114150003	0.00011415525114150003	0.00011415525114150003	0.00011415525114150003	0.00011415525114150003	0.00011415525114150003	0.00011415525114150003	0.00011415525114150003	0.00011415525114150003	0.00011415525114150003	0.00011415525114150003	0.00011415525114150003	0.00011415525114150003
11	0.00011415525114150003	0.00011415525114150003	0.00011415525114150003	0.00011415525114150003	0.00011415525114150003	0.00011415525114150003	0.00011415525114150003	0.00011415525114150003	0.00011415525114150003	0.00011415525114150003	0.00011415525114150003	0.00011415525114150003	0.00011415525114150003	0.00011415525114150003	0.00011415525114150003	0.00011415525114150003
12	0.00011415525114150003	0.00011415525114150003	0.00011415525114150003	0.00011415525114150003	0.00011415525114150003	0.00011415525114150003	0.00011415525114150003	0.00011415525114150003	0.00011415525114150003	0.00011415525114150003	0.00011415525114150003	0.00011415525114150003	0.00011415525114150003	0.00011415525114150003	0.00011415525114150003	0.00011415525114150003
13	0.00011415525114150003	0.00011415525114150003	0.00011415525114150003	0.00011415525114150003	0.00011415525114150003	0.00011415525114150003	0.00011415525114150003	0.00011415525114150003	0.00011415525114150003	0.00011415525114150003	0.00011415525114150003	0.00011415525114150003	0.00011415525114150003	0.00011415525114150003	0.00011415525114150003	0.00011415525114150003
14	0.00011415525114150003	0.00011415525114150003	0.00011415525114150003	0.00011415525114150003	0.00011415525114150003	0.00011415525114150003	0.00011415525114150003	0.00011415525114150003	0.00011415525114150003	0.00011415525114150003	0.00011415525114150003	0.00011415525114150003	0.00011415525114150003	0.00011415525114150003	0.00011415525114150003	0.00011415525114150003
15	0.00011415525114150003	0.00011415525114150003	0.00011415525114150003	0.00011415525114150003	0.00011415525114150003	0.00011415525114150003	0.00011415525114150003	0.00011415525114150003	0.00011415525114150003	0.00011415525114150003	0.00011415525114150003	0.00011415525114150003	0.00011415525114150003	0.00011415525114150003	0.00011415525114150003	0.00011415525114150003
16	0.00011415525114150003	0.00011415525114150003	0.00011415525114150003	0.00011415525114150003	0.00011415525114150003	0.00011415525114150003	0.00011415525114150003	0.00011415525114150003	0.00011415525114150003	0.00011415525114150003	0.00011415525114150003	0.00011415525114150003	0.00011415525114150003	0.00011415525114150003	0.00011415525114150003	0.00011415525114150003
17	0.00011415525114150003	0.00011415525114150003	0.00011415525114150003	0.00011415525114150003	0.00011415525114150003	0.00011415525114150003	0.00011415525114150003	0.00011415525114150003	0.00011415525114150003	0.00011415525114150003	0.00011415525114150003	0.00011415525114150003	0.00011415525114150003	0.00011415525114150003	0.00011415525114150003	0.00011415525114150003
18	0.00011415525114150003	0.00011415525114150003	0.00011415525114150003	0.00011415525114150003	0.00011415525114150003	0.00011415525114150003	0.00011415525114150003	0.00011415525114150003	0.00011415525114150003	0.00011415525114150003	0.00011415525114150003	0.00011415525114150003	0.00011415525114150003	0.00011415525114150003	0.00011415525114150003	0.00011415525114150003
19	0.00011415525114150003	0.00011415525114150003	0.00011415525114150003	0.00011415525114150003	0.00011415525114150003	0.00011415525114150003	0.00011415525114150003	0.00011415525114150003	0.00011415525114150003	0.00011415525114150003	0.00011415525114150003	0.00011415525114150003	0.00011415525114150003	0.00011415525114150003	0.00011415525114150003	0.00011415525114150003
20	0.00011415525114150003	0.00011415525114150003	0.00011415525114150003	0.00011415525114150003	0.00011415525114150003	0.00011415525114150003	0.00011415525114150003	0.00011415525114150003	0.00011415525114150003	0.00011415525114150003	0.00011415525114150003	0.00011415525114150003	0.00011415525114150003	0.00011415525114150003	0.00011415525114150003	0.00011415525114150003
21	0.00011415525114150003	0.00011415525114150003	0.00011415525114150003	0.00011415525114150003	0.00011415525114150003	0.00011415525114150003	0.00011415525114150003	0.00011415525114150003	0.00011415525114150003	0.00011415525114150003	0.00011415525114150003	0.00011415525114150003	0.00011415525114150003	0.00011415525114150003	0.00011415525114150003	0.00011415525114150003
22	0.00011415525114150003	0.00011415525114150003	0.00011415525114150003	0.00011415525114150003	0.00011415525114150003	0.00011415525114150003	0.00011415525114150003	0.00011415525114150003	0.00011415525114150003	0.00011415525114150003	0.00011415525114150003	0.00011415525114150003	0.00011415525114150003	0.00011415525114150003	0.00011415525114150003	0.00011415525114150003
23	0.00011415525114150003	0.00011415525114150003	0.00011415525114150003	0.00011415525114150003	0.00011415525114150003	0.00011415525114150003	0.00011415525114150003	0.00011415525114150003	0.00011415525114150003	0.00011415525114150003	0.00011415525114150003	0.00011415525114150003	0.00011415525114150003	0.00011415525114150003	0.00011415525114150003	0.00011415525114150003
24	0.00011415525114150003	0.00011415525114150003	0.00011415525114150003	0.00011415525114150003	0.00011415525114150003	0.00011415525114150003	0.00011415525114150003	0.00011415525114150003	0.00011415525114150003	0.00011415525114150003	0.00011415525114150003	0.00011415525114150003	0.00011415525114150003	0.00011415525114150003	0.00011415525114150003	0.00011415525114150003
;
  
 param  c_p_t:= 
["WIND_OFFSHORE","C1",*,*] :	1	2	3	4	5	6	7	8	9	10	11	12	13	14	15	16 := 
1	0.1950166268113182	0.2004022604005843	0.055982243888423475	0.02990443914039836	0.05739951588559876	0.025227441549719943	0.03713252632599228	0.03614043592796959	0.12883002454323275	0.13336529493419363	0.1713481844584911	0.2307318811401352	0.08404422943249397	0.07724132384605265	0.12613720774859974	0.07639096064774747
2	0.1371919293265669	0.16227764367656933	0.07157223585735153	0.04280161431469339	0.06136787747768953	0.02366844235282714	0.030613075138986	0.022676351954804445	0.15873446368363114	0.11947602936187592	0.14867183250368662	0.21769297876612267	0.17630863644860456	0.08078450383899083	0.10090976619887977	0.11465730457147999
3	0.10742921738588607	0.11947602936187592	0.07979241344096813	0.04847070230339451	0.047903793504524395	0.022251170355651863	0.017148991165820863	0.011054721577967167	0.1571754644867383	0.08829604542401981	0.12358611815368423	0.17120645725877356	0.24589669150991073	0.06916287346215355	0.09566585980933126	0.11238966937599953
4	0.0775247782454877	0.09212267981639306	0.08914640862232498	0.04917933830198214	0.043510250313281026	0.01870799036271367	0.007228087185593916	0.00453527039096089	0.12996384214097298	0.06647005666752052	0.09807522220452922	0.11338175977402223	0.19544180841047082	0.06023405987994931	0.0963744958079189	0.10246876539577258
5	0.05782469748475133	0.07639096064774747	0.0938234062130034	0.04875415670282955	0.041242615117800585	0.011763357576554806	0.0028345439943505556	0.0014172719971752778	0.10771267178532112	0.04393543191243361	0.08602841022853937	0.08092623103870836	0.23427506113307342	0.0673204198658257	0.0861701374282569	0.09212267981639306
6	0.039683615920907786	0.061509604677407057	0.08291041183475376	0.045636158309043946	0.045919612708479	0.005669087988701111	0.0008503631983051667	0.00042518159915258335	0.08999677182063015	0.027920258344352977	0.08787086382486722	0.06009233268023178	0.23016497234126515	0.09169749821724048	0.07171396305706906	0.08404422943249397
7	0.027069895146047806	0.050171428700004836	0.06703696546639064	0.047053430306219224	0.05782469748475133	0.004251815991525834	0.0007086359985876389	0.0002834543994350556	0.07880032304294546	0.015731719168645585	0.10176012939718494	0.04265988711497586	0.2249210659517166	0.10884648938306134	0.05995060548051425	0.07695786944661759
8	0.018849717562431197	0.04110088791808306	0.05810815188418639	0.0545649718912482	0.07213914465622165	0.005669087988701111	0.001984180796045389	0.0002834543994350556	0.06647005666752052	0.007794995984464028	0.11182276057712942	0.03132171113757364	0.21712606996725256	0.10487812779097055	0.052580791095202806	0.07908377744238052
9	0.015164810369775473	0.039825343120625314	0.04903761110226461	0.07355641665339692	0.08120968543814341	0.00963744958079189	0.01403099277203525	0.00042518159915258335	0.05116351909802753	0.004393543191243361	0.11720839416639547	0.02536916874943747	0.1658208236695075	0.10034285740000967	0.052722518294920334	0.09013849902034768
10	0.016723809566668277	0.040392251919495414	0.04280161431469339	0.07880032304294546	0.06632832946780301	0.012471993575142445	0.04506924951017384	0.0001417271997175278	0.04110088791808306	0.006802905586441334	0.13237320453617096	0.019700080760736365	0.1259954805488822	0.09821694940424675	0.05640742548757606	0.10020113020029214
11	0.013605811172882667	0.032172074335878806	0.036707344726839695	0.09410686061243845	0.05428151749181314	0.014456174371187833	0.07624923344802996	0.0005669087988701112	0.03259725593503139	0.015448264769210528	0.11649975816780783	0.01403099277203525	0.117350121366113	0.08787086382486722	0.055557062289270896	0.0963744958079189
12	0.01147990317711975	0.016440355167233224	0.00581081518841864	0.07114705425819895	0.013038902374012557	0.01601517356808064	0.04861242950311204	0.001984180796045389	0.021825988756499277	0.0052439063895485276	0.004251815991525834	0.007936723184181557	0.11961775656159344	0.022251170355651863	0.025085714350002418	0.009920903980226947
13	0.05173042789689764	0.05499015349040078	0.045919612708479	0.032172074335878806	0.0017007263966103334	0.0	0.00382663439237325	0.00042518159915258335	0.0002834543994350556	0.00042518159915258335	0.009920903980226947	0.12627893494831727	0.08376077503305891	0.05626569828785853	0.09268958861526318	0.01601517356808064
14	0.050454883099439886	0.12131848295820379	0.07979241344096813	0.04620306710791406	0.0002834543994350556	0.0	0.010487812779097055	0.0009920903980226946	0.0017007263966103334	0.02324326075367456	0.04889588390254708	0.13790056532515454	0.04265988711497586	0.11295657817486965	0.14512865251074847	0.009212267981639306
15	0.03628216312768712	0.1564668284881507	0.09042195341978272	0.06632832946780301	0.0	0.0	0.00708635998587639	0.0008503631983051667	0.009212267981639306	0.03699079912627475	0.030613075138986	0.1234443909539667	0.01147990317711975	0.1366250205276968	0.18637126762854903	0.003543179992938195
16	0.03500661833022936	0.14172719971752779	0.0887212270231724	0.07483196145085468	0.0	0.0	0.00382663439237325	0.0002834543994350556	0.012046811975989863	0.036849071926557224	0.0178576271644085	0.1254285717500121	0.0011338175977402224	0.15377401169351765	0.24136142111894981	0.0018424535963278612
17	0.038833252722602615	0.11678321256724289	0.09113058941837036	0.07171396305706906	0.00042518159915258335	0.0	0.002125907995762917	0.0001417271997175278	0.009495722381074363	0.02990443914039836	0.011196448777684696	0.12755447974577502	0.00042518159915258335	0.15391573889323518	0.28161194583872773	0.0017007263966103334
18	0.040250524719777886	0.09198095261667553	0.09198095261667553	0.04733688470565428	0.0005669087988701112	0.0	0.0007086359985876389	0.0	0.00581081518841864	0.020833898358476582	0.007794995984464028	0.1281213885446451	0.004393543191243361	0.12202711895679143	0.30216238979776927	0.002125907995762917
19	0.039825343120625314	0.06080096867881942	0.07582405184887737	0.018849717562431197	0.0008503631983051667	0.0	0.0	0.0001417271997175278	0.003117998393785611	0.01417271997175278	0.00708635998587639	0.12301920935481411	0.01346408397316514	0.0632103310740174	0.2711241330596307	0.002267635195480445
20	0.04067570631893047	0.0382663439237325	0.05243906389548528	0.003259725593503139	0.0002834543994350556	0.0	0.0	0.0005669087988701112	0.0024093623951979724	0.009495722381074363	0.008078450383899084	0.11451557737176246	0.025227441549719943	0.025794350348590057	0.19544180841047082	0.0017007263966103334
21	0.04492752231045631	0.021259079957629167	0.03727425352570981	0.0002834543994350556	0.0002834543994350556	0.0	0.0007086359985876389	0.00127554479745775	0.002692816794633028	0.00708635998587639	0.010629539978814584	0.11564939496950266	0.03614043592796959	0.010629539978814584	0.14555383410990103	0.0005669087988701112
22	0.04903761110226461	0.01403099277203525	0.02763680394491792	0.0	0.0	0.0001417271997175278	0.0028345439943505556	0.00453527039096089	0.002125907995762917	0.0052439063895485276	0.008503631983051667	0.11338175977402223	0.03514834552994689	0.012471993575142445	0.12032639256018109	0.00042518159915258335
23	0.05243906389548528	0.02820371274378803	0.032313801535596334	0.00042518159915258335	0.0	0.0017007263966103334	0.016723809566668277	0.034581436731076776	0.024518805551132304	0.00907054078192178	0.00637772398728875	0.1116810333774119	0.02947925754124578	0.05853333348333897	0.14527037971046597	0.003968361592090778
24	0.15122292209860214	0.09467376941130856	0.09268958861526318	0.003401452793220667	0.0	0.012046811975989863	0.033447619133336555	0.0673204198658257	0.07213914465622165	0.03273898313474892	0.031888619936443756	0.23441678833279095	0.043368523113563505	0.12457820855170693	0.18608781322911397	0.023384987953392087
["WIND_OFFSHORE","C2",*,*] :	1	2	3	4	5	6	7	8	9	10	11	12	13	14	15	16 := 
1	0.15323882759919125	0.22163399143958623	0.11427980363329517	0.0419887373963106	0.04891565185744692	0.06081893231316037	0.04263805446240887	0.05670745665062613	0.05908785301494238	0.2034531135888347	0.09090438925375753	0.2205509305733343	0.0649317066098268	0.10518936470791942	0.14544702280601204	0.05259468235395971
2	0.087874675823343	0.1757480530125538	0.1413342485093456	0.052377810453882886	0.03657862760157983	0.047617017725250385	0.048266334791348654	0.03701107276760128	0.10194277937742807	0.2302906865648083	0.11103321830280384	0.1976092599939503	0.10908526710450903	0.10648799884011596	0.1097345841706073	0.10064414524523153
3	0.06882760900641641	0.1460963398721103	0.11579530966556852	0.052377810453882886	0.023592286279614468	0.02597268264393072	0.03830970689979781	0.018613323016772952	0.13008028511973044	0.1883019491684977	0.10756976107223568	0.15886580929399882	0.13310999855014494	0.09869619404693673	0.1002117000792101	0.11406293173321834
4	0.04891565185744692	0.11449667553337198	0.09155370631985578	0.04848190805729328	0.018397749750828328	0.014068103554085075	0.034413804503208204	0.005194536528786144	0.13787208991290964	0.13765521801283281	0.10129346231132981	0.12250405359249583	0.09891306594701356	0.08246326739448004	0.10107659041125298	0.12055610239420103
5	0.030517902106618595	0.08332945636065513	0.07294038330308283	0.044802877560780496	0.016665371818478148	0.0056269816948075905	0.03657862760157983	0.000649317066098268	0.11839257792996159	0.10042727334515472	0.10886839520443221	0.0973975599147402	0.12661682788916226	0.06601346884194652	0.09047194408773608	0.11384735846727372
6	0.018180877850751506	0.05692302991657076	0.056058139584527863	0.03527999346938329	0.020778146115144575	0.0017310792982179824	0.03506312156930647	0.0017310792982179824	0.09047194408773608	0.06882760900641641	0.11990678532810276	0.07510390776732227	0.12445200479079063	0.07402214553520256	0.07726873086569389	0.0956664806165222
7	0.011470835289692003	0.04133942033021233	0.04653395685899847	0.02683887161010581	0.03008545694059715	0.000649317066098268	0.028786822808400614	0.004977664628709322	0.08029844429610841	0.04415356049468223	0.12856477908745706	0.050214285989643455	0.15258951053309297	0.10562180987394086	0.07185732243683093	0.07597009673349736
8	0.006060725494961234	0.033115170371011665	0.0391758958659729	0.019696383883024863	0.044802877560780496	0.001298634132196536	0.03203340813889195	0.006060725494961234	0.06882760900641641	0.024241603345712737	0.12856477908745706	0.03636175570150301	0.16297858359066528	0.13029585838567506	0.06666278590804478	0.06471483470974998
9	0.005194536528786144	0.028786822808400614	0.03895902396589608	0.017964005950674683	0.06125267611331402	0.004328347562611055	0.04848190805729328	0.005194536528786144	0.053676444586079425	0.018397749750828328	0.1251013218568889	0.03203340813889195	0.13895385214502934	0.1251013218568889	0.06579789557600188	0.06211756644535691
10	0.008008676693256037	0.028137505742302345	0.04155629223028915	0.02662199971002899	0.05151292012183999	0.012337024255867092	0.06255131024551056	0.00324658533049134	0.04263805446240887	0.02597268264393072	0.13224380958396986	0.027920633842225522	0.11730951706370968	0.1041076024757997	0.06125267611331402	0.06038648714713892
11	0.009307310825452574	0.024674048511734183	0.04263805446240887	0.04263805446240887	0.0391758958659729	0.024241603345712737	0.06882760900641641	0.0028141401644698936	0.03203340813889195	0.03333204227108849	0.10756976107223568	0.015583609586358432	0.13029585838567506	0.09263546855197549	0.05324399942005798	0.05843853594884412
12	0.004977664628709322	0.010389073057572288	0.0036790304965127864	0.03571243863540474	0.00887356702529893	0.03008545694059715	0.029002396074345238	0.0036790304965127864	0.016882243718554967	0.019262640082871218	0.0028141401644698936	0.0095228840913972	0.16081376049229365	0.018397749750828328	0.011038390123670557	0.0056269816948075905
13	0.027488188676204076	0.04112384706426771	0.03224898140483658	0.018613323016772952	0.0002168719000768215	0.0	0.004762091362764698	0.0010817622321197145	0.0	0.000649317066098268	0.01774843268473006	0.11406293173321834	0.10280896834360317	0.033764487437109934	0.049564968923545186	0.006276298760905858
14	0.02921926797442206	0.0859267246250482	0.06081893231316037	0.01709911561863179	0.0	0.0	0.0095228840913972	0.0017310792982179824	0.0023803963643162507	0.021644335081319667	0.043071798262562515	0.11492912069939343	0.031816536238815134	0.07618696863357417	0.08008287103016379	0.0030297134304145185
15	0.025323365577832452	0.10129346231132981	0.07597009673349736	0.027271316776127257	0.000649317066098268	0.0	0.004762091362764698	0.0002168719000768215	0.008657993759354306	0.02662199971002899	0.02662199971002899	0.11536156586541488	0.002597268264393072	0.10995145607068413	0.1069204440061374	0.001298634132196536
16	0.027271316776127257	0.09090438925375753	0.07986599913008696	0.04047452999816944	0.001298634132196536	0.0	0.0036790304965127864	0.00043244516602144653	0.011904579089845645	0.02662199971002899	0.013852530288140449	0.12834790718738026	0.0	0.13722277284681136	0.14847673623642654	0.0008661889661750894
17	0.030950347272640042	0.07553765156747591	0.08462809049285167	0.04090697516419088	0.001947951198294804	0.0	0.0030297134304145185	0.00043244516602144653	0.010821518223593734	0.02597268264393072	0.0075749328931023945	0.1365734557807131	0.0	0.14046935817730272	0.18332428453978838	0.0010817622321197145
18	0.03506312156930647	0.05908785301494238	0.08960575512156099	0.03008545694059715	0.0021648230983716257	0.0	0.0021648230983716257	0.0002168719000768215	0.0073593596271577695	0.02445717661165736	0.004545219462687876	0.13527482164851656	0.0021648230983716257	0.11644462673166679	0.20496732098697587	0.0015155060322733576
19	0.04112384706426771	0.0391758958659729	0.08203082222845859	0.010172201157495467	0.0028141401644698936	0.0002168719000768215	0.0010817622321197145	0.0	0.0054114084288629655	0.024241603345712737	0.003895902396589608	0.12293779739264947	0.009307310825452574	0.06709652970819842	0.18657086987027974	0.0023803963643162507
20	0.04913122512339155	0.028786822808400614	0.06406551764365172	0.0008661889661750894	0.001947951198294804	0.0002168719000768215	0.000649317066098268	0.0	0.0054114084288629655	0.022293652147417936	0.003895902396589608	0.11298116950109863	0.022726097313439383	0.02034570094912313	0.1348410778483629	0.0015155060322733576
21	0.05995404198111748	0.017531560784653236	0.05194536528786144	0.0	0.001298634132196536	0.0002168719000768215	0.0017310792982179824	0.00043244516602144653	0.007142487727080948	0.020561274215067753	0.0056269816948075905	0.11579530966556852	0.04220560929638742	0.004545219462687876	0.10389073057572289	0.000649317066098268
22	0.06514857850990363	0.009090438925375753	0.04090697516419088	0.0	0.0002168719000768215	0.00043244516602144653	0.00324658533049134	0.002597268264393072	0.005194536528786144	0.013635658388063628	0.0054114084288629655	0.12380268772469237	0.052377810453882886	0.008224249959200663	0.09956238301311182	0.000649317066098268
23	0.06926005417243786	0.020778146115144575	0.05973717008104065	0.0	0.0	0.004977664628709322	0.018613323016772952	0.02012882904904631	0.00973975599147402	0.025540237477909275	0.01644979855253352	0.1298634132196536	0.04653395685899847	0.05973717008104065	0.13008028511973044	0.004545219462687876
24	0.1863539979702029	0.07272351140300602	0.18700331503630116	0.0015155060322733576	0.000649317066098268	0.01601605475237988	0.049564968923545186	0.050214285989643455	0.029002396074345238	0.058221664048767295	0.087874675823343	0.257346430074991	0.05670745665062613	0.13246068148404666	0.1660082970210798	0.024674048511734183
["WIND_OFFSHORE","C3",*,*] :	1	2	3	4	5	6	7	8	9	10	11	12	13	14	15	16 := 
1	0.1299400255655584	0.030078709621657037	0.04211019347031985	0.07820464501630829	0.00842203869406397	0.009625187078930252	0.0	0.002406296769732563	0.1167053933320293	0.17205021903587822	0.2634894962857156	0.17205021903587822	0.05775112247358151	0.10708020625309904	0.14678410295368632	0.09986131594390137
2	0.17565966419047707	0.08782983209523854	0.09384557401956994	0.1287368771806921	0.04692278700978497	0.03609445154598844	0.0	0.0012031483848662814	0.1347526191050235	0.2334107866640586	0.17806596096020963	0.14076836102935494	0.22017615443052949	0.09504872240443624	0.10467390948336647	0.14919039972341888
3	0.18287855449967477	0.17565966419047707	0.17084707065101196	0.12151798687149443	0.08903298048010481	0.061360567628180346	0.0	0.0	0.13956521264448865	0.24423912212785515	0.11911169010176187	0.08542353532550598	0.16001873518721543	0.06617316116764548	0.09865816755903507	0.14076836102935494
4	0.09504872240443624	0.22498874796999463	0.19972263188780273	0.10587705786823276	0.09143927724983739	0.06978260632224433	0.0	0.0	0.10347076109850019	0.21175411573646552	0.0974550191741688	0.04932908377951754	0.07218890309197688	0.03489130316112216	0.08782983209523854	0.12031483848662815
5	0.04932908377951754	0.16483132872668058	0.16122188357208173	0.0974550191741688	0.07700149663144201	0.06256371601304662	0.0	0.0	0.10347076109850019	0.12392428364122697	0.10106446432876764	0.030078709621657037	0.01684407738812794	0.04331334185518613	0.06978260632224433	0.10708020625309904
6	0.02406296769732563	0.12272113525636069	0.12151798687149443	0.10347076109850019	0.07820464501630829	0.05293852893411638	0.0	0.0	0.11189279979256417	0.0709857547071106	0.1167053933320293	0.021656670927593064	0.0012031483848662814	0.0709857547071106	0.05293852893411638	0.10226761271363392
7	0.01804722577299422	0.06978260632224433	0.09023612886497111	0.11550224494716302	0.09865816755903507	0.05414167731898266	0.0	0.0	0.10106446432876764	0.05414167731898266	0.12031483848662815	0.015640929003261656	0.0	0.08542353532550598	0.04571963862491869	0.10828335463796532
8	0.022859819312459347	0.03729759993085472	0.07700149663144201	0.12392428364122697	0.10467390948336647	0.05895427085844779	0.0012031483848662814	0.0	0.08662668371037226	0.04932908377951754	0.10708020625309904	0.014437780618395377	0.006015741924331407	0.09504872240443624	0.04932908377951754	0.12633058041095954
9	0.027672412851924472	0.03609445154598844	0.07579834824657573	0.13114317395042469	0.09865816755903507	0.05414167731898266	0.009625187078930252	0.0012031483848662814	0.05775112247358151	0.04451649024005241	0.09143927724983739	0.013234632233529095	0.06978260632224433	0.09504872240443624	0.05895427085844779	0.14678410295368632
10	0.04090704508545357	0.06376686439791292	0.07218890309197688	0.12031483848662815	0.08903298048010481	0.03609445154598844	0.04692278700978497	0.0036094451545988443	0.027672412851924472	0.04211019347031985	0.08903298048010481	0.006015741924331407	0.1371589158747561	0.07700149663144201	0.06376686439791292	0.15400299326288402
11	0.04812593539465126	0.08181409017090714	0.07459519986170944	0.1287368771806921	0.08542353532550598	0.01684407738812794	0.07700149663144201	0.00842203869406397	0.014437780618395377	0.04932908377951754	0.07940779340117457	0.0036094451545988443	0.17565966419047707	0.08181409017090714	0.055344825703848945	0.14798725133855262
12	0.010828335463796532	0.027672412851924472	0.013234632233529095	0.060157419243314074	0.02646926446705819	0.00842203869406397	0.05053223216438382	0.013234632233529095	0.014437780618395377	0.014437780618395377	0.00842203869406397	0.0036094451545988443	0.16603447711154684	0.021656670927593064	0.05053223216438382	0.02406296769732563
13	0.03609445154598844	0.04932908377951754	0.03128185800652331	0.00842203869406397	0.015640929003261656	0.0	0.007218890309197689	0.0012031483848662814	0.0	0.0012031483848662814	0.01684407738812794	0.07579834824657573	0.1299400255655584	0.06978260632224433	0.14317465779908747	0.03128185800652331
14	0.04932908377951754	0.09143927724983739	0.10226761271363392	0.022859819312459347	0.009625187078930252	0.0	0.020453522542726785	0.006015741924331407	0.0036094451545988443	0.04211019347031985	0.02406296769732563	0.08903298048010481	0.10226761271363392	0.1419715094142212	0.2418328253581226	0.02406296769732563
15	0.039703896700587285	0.11429909656229674	0.12031483848662815	0.055344825703848945	0.0036094451545988443	0.0	0.013234632233529095	0.0012031483848662814	0.014437780618395377	0.08181409017090714	0.006015741924331407	0.07940779340117457	0.0649700127827792	0.16603447711154684	0.32845950906849486	0.009625187078930252
16	0.030078709621657037	0.10708020625309904	0.07579834824657573	0.04331334185518613	0.0036094451545988443	0.0	0.006015741924331407	0.0	0.014437780618395377	0.07820464501630829	0.002406296769732563	0.08061094178604086	0.03128185800652331	0.1937068899634713	0.41989878631833216	0.0036094451545988443
17	0.02526611608219191	0.08662668371037226	0.04090704508545357	0.022859819312459347	0.004812593539465126	0.0	0.0036094451545988443	0.0	0.012031483848662814	0.06376686439791292	0.002406296769732563	0.07940779340117457	0.013234632233529095	0.20333207704240158	0.4860719474859777	0.0012031483848662814
18	0.022859819312459347	0.06617316116764548	0.020453522542726785	0.006015741924331407	0.007218890309197689	0.0	0.002406296769732563	0.0	0.009625187078930252	0.04090704508545357	0.007218890309197689	0.06978260632224433	0.009625187078930252	0.16964392226614566	0.4860719474859777	0.0012031483848662814
19	0.020453522542726785	0.051735380549250094	0.006015741924331407	0.0	0.007218890309197689	0.0	0.0	0.0	0.007218890309197689	0.021656670927593064	0.01684407738812794	0.061360567628180346	0.007218890309197689	0.11189279979256417	0.42952397339726245	0.002406296769732563
20	0.01804722577299422	0.03729759993085472	0.0012031483848662814	0.0	0.004812593539465126	0.0	0.0	0.0012031483848662814	0.00842203869406397	0.009625187078930252	0.0324850063913896	0.05414167731898266	0.006015741924331407	0.060157419243314074	0.33447525099282627	0.0036094451545988443
21	0.014437780618395377	0.022859819312459347	0.0	0.0	0.002406296769732563	0.0	0.0	0.0012031483848662814	0.009625187078930252	0.004812593539465126	0.04571963862491869	0.05293852893411638	0.004812593539465126	0.03368815477625588	0.24423912212785515	0.0012031483848662814
22	0.010828335463796532	0.015640929003261656	0.0012031483848662814	0.0	0.0	0.0	0.0	0.0012031483848662814	0.004812593539465126	0.006015741924331407	0.04211019347031985	0.04932908377951754	0.0012031483848662814	0.021656670927593064	0.15881558680234914	0.0
23	0.007218890309197689	0.009625187078930252	0.0036094451545988443	0.0	0.0	0.004812593539465126	0.0	0.002406296769732563	0.0036094451545988443	0.013234632233529095	0.028875561236790755	0.04211019347031985	0.006015741924331407	0.021656670927593064	0.17686281257534336	0.002406296769732563
24	0.009625187078930252	0.03368815477625588	0.015640929003261656	0.0	0.0	0.038500748315721006	0.0	0.006015741924331407	0.030078709621657037	0.08782983209523854	0.08301723855577342	0.10828335463796532	0.03128185800652331	0.08301723855577342	0.200925780272669	0.03489130316112216
["WIND_OFFSHORE","C4",*,*] :	1	2	3	4	5	6	7	8	9	10	11	12	13	14	15	16 := 
1	0.11929642013047405	0.18675570532330163	0.045446255287799636	0.07953094675364937	0.08450163092575244	0.0007100977388718693	0.06177850328185263	0.06390879649846824	0.0717198716260588	0.23007166739448567	0.08876221735898367	0.17752443471796733	0.0	0.05609772137087768	0.11574593143611471	0.019172638949540473
2	0.10580456309190853	0.18249511889007042	0.06887948067057133	0.08237133770913685	0.08663192414236806	0.002130293216615608	0.059648210065237024	0.08450163092575244	0.11716612691385844	0.2265211787001263	0.09586319474770237	0.1874658030621735	0.0056807819109749545	0.07598045805929002	0.1065146608307804	0.03408469146584973
3	0.09231270605334302	0.1526710138574519	0.1015439766586773	0.08450163092575244	0.07242996936493067	0.006390879649846823	0.06887948067057133	0.07314006710380254	0.13846905908001453	0.1832052166289423	0.08521172866462431	0.13491857038565516	0.04047557111569655	0.10296417213642105	0.10509446535303665	0.049706841721030855
4	0.07811075127590562	0.1292377884746802	0.12355700656370526	0.07100977388718693	0.0646188942373401	0.013491857038565517	0.07242996936493067	0.048286646243287115	0.14201954777437387	0.12568729978032087	0.0646188942373401	0.09941368344206171	0.08521172866462431	0.13349837490791144	0.09018241283672741	0.07740065353703375
5	0.06674918745395572	0.09799348796431798	0.12284690882483339	0.05112703719877459	0.058228014587493285	0.02130293216615608	0.07456026258154627	0.026273616338259163	0.14485993872986133	0.07527036032041814	0.05467752589313394	0.07740065353703375	0.1455700364687332	0.11716612691385844	0.07740065353703375	0.09586319474770237
6	0.0532573304153902	0.08876221735898367	0.10438436761416478	0.05893811232636516	0.05893811232636516	0.025563518599387294	0.07456026258154627	0.014912052516309256	0.14272964551324574	0.03266449598810599	0.05112703719877459	0.05609772137087768	0.11006514952513975	0.10083387891980544	0.0695895784094432	0.07811075127590562
7	0.0440260598100559	0.08237133770913685	0.07456026258154627	0.07029967614831507	0.062488601020724496	0.026273616338259163	0.07456026258154627	0.008521172866462432	0.12142671334708967	0.009231270605334302	0.05112703719877459	0.041185668854568425	0.10509446535303665	0.12781759299693649	0.053967428154262066	0.04757654850441525
8	0.039765473376824685	0.08308143544800872	0.0532573304153902	0.06887948067057133	0.06319869875959637	0.029114007293746642	0.07527036032041814	0.0035504886943593466	0.10509446535303665	0.0014201954777437386	0.05183713493764646	0.03621498468246533	0.08876221735898367	0.15125081837970816	0.036925082421337206	0.0347947892047216
9	0.046866450765543376	0.07598045805929002	0.04615635302667151	0.08947231509785554	0.05751791684862142	0.03621498468246533	0.0646188942373401	0.0007100977388718693	0.09302280379221489	0.0	0.05751791684862142	0.036925082421337206	0.06390879649846824	0.14272964551324574	0.03195439824923412	0.029114007293746642
10	0.07100977388718693	0.0788208490147775	0.03053420277149038	0.0972833902254461	0.04189576659344029	0.04047557111569655	0.062488601020724496	0.0	0.08024104449252124	0.0007100977388718693	0.062488601020724496	0.04615635302667151	0.04331596207118403	0.1391791568188864	0.04189576659344029	0.025563518599387294
11	0.0646188942373401	0.06603908971508385	0.012071661560821779	0.09586319474770237	0.03337459372697786	0.04899674398215899	0.07029967614831507	0.0	0.06106840554298076	0.002130293216615608	0.05893811232636516	0.0347947892047216	0.046866450765543376	0.11787622465273032	0.055387623632005806	0.03053420277149038
12	0.004970684172103086	0.017042345732924864	0.0007100977388718693	0.04189576659344029	0.006390879649846823	0.03763518016020907	0.02201302990502795	0.0	0.027693811816002903	0.009231270605334302	0.0014201954777437386	0.009941368344206171	0.09941368344206171	0.018462541210668603	0.0035504886943593466	0.0056807819109749545
13	0.01065146608307804	0.05893811232636516	0.03550488694359347	0.007100977388718693	0.0	0.0	0.0	0.0	0.024143323121643558	0.0014201954777437386	0.014201954777437386	0.0951530970088305	0.0603583078041089	0.009941368344206171	0.009941368344206171	0.013491857038565517
14	0.014912052516309256	0.07029967614831507	0.041185668854568425	0.011361563821949909	0.0	0.0	0.0028403909554874773	0.0014201954777437386	0.056807819109749545	0.020592834427284212	0.03266449598810599	0.12568729978032087	0.012071661560821779	0.05112703719877459	0.028403909554874773	0.03053420277149038
15	0.012071661560821779	0.07527036032041814	0.0347947892047216	0.017752443471796733	0.0	0.0	0.004970684172103086	0.004260586433231216	0.056807819109749545	0.026273616338259163	0.025563518599387294	0.11432573595837096	0.0007100977388718693	0.07740065353703375	0.041185668854568425	0.045446255287799636
16	0.012071661560821779	0.07740065353703375	0.041185668854568425	0.014912052516309256	0.0	0.0	0.0028403909554874773	0.004970684172103086	0.055387623632005806	0.027693811816002903	0.007100977388718693	0.10296417213642105	0.0	0.08663192414236806	0.058228014587493285	0.04757654850441525
17	0.011361563821949909	0.07385016484267441	0.059648210065237024	0.007811075127590562	0.0	0.0	0.0007100977388718693	0.0035504886943593466	0.046866450765543376	0.029824105032618512	0.0014201954777437386	0.09657329248657423	0.0	0.08024104449252124	0.06816938293169945	0.0440260598100559
18	0.009941368344206171	0.06745928519282758	0.07953094675364937	0.0056807819109749545	0.0	0.0	0.0	0.002130293216615608	0.03905537563795281	0.024853420860515427	0.0	0.0951530970088305	0.0007100977388718693	0.0603583078041089	0.07314006710380254	0.038345277899080946
19	0.007100977388718693	0.045446255287799636	0.07811075127590562	0.0028403909554874773	0.0	0.0	0.0	0.0014201954777437386	0.029824105032618512	0.019882736688412343	0.0	0.08592182640349619	0.0014201954777437386	0.027693811816002903	0.049706841721030855	0.029114007293746642
20	0.007100977388718693	0.023433225382771688	0.05609772137087768	0.0014201954777437386	0.0	0.0	0.0	0.0007100977388718693	0.022723127643899818	0.014201954777437386	0.0007100977388718693	0.07242996936493067	0.0014201954777437386	0.007100977388718693	0.02201302990502795	0.016332247994052994
21	0.009941368344206171	0.007811075127590562	0.045446255287799636	0.0007100977388718693	0.0	0.0	0.0	0.0	0.020592834427284212	0.012071661560821779	0.0014201954777437386	0.06887948067057133	0.0028403909554874773	0.0014201954777437386	0.01065146608307804	0.0035504886943593466
22	0.025563518599387294	0.0035504886943593466	0.036925082421337206	0.0	0.0	0.0	0.0007100977388718693	0.0007100977388718693	0.014201954777437386	0.008521172866462432	0.0028403909554874773	0.0717198716260588	0.009231270605334302	0.0014201954777437386	0.007100977388718693	0.0
23	0.03905537563795281	0.006390879649846823	0.05183713493764646	0.0007100977388718693	0.0	0.0	0.0028403909554874773	0.019172638949540473	0.03905537563795281	0.018462541210668603	0.016332247994052994	0.08237133770913685	0.019882736688412343	0.03053420277149038	0.024853420860515427	0.0007100977388718693
24	0.13420847264678332	0.05112703719877459	0.13349837490791144	0.008521172866462432	0.012071661560821779	0.004260586433231216	0.006390879649846823	0.08450163092575244	0.08521172866462431	0.05751791684862142	0.039765473376824685	0.18462541210668604	0.03266449598810599	0.09089251057559927	0.07598045805929002	0.0028403909554874773
["WIND_OFFSHORE","C5",*,*] :	1	2	3	4	5	6	7	8	9	10	11	12	13	14	15	16 := 
1	0.19103555342617262	0.1865140018657898	0.0802575401967944	0.04295473982363644	0.036172412483062265	0.0022607757801913916	0.0011303878900956958	0.036172412483062265	0.11982111635014375	0.055389006614689096	0.15486314094311035	0.17181895929454577	0.0011303878900956958	0.09043103120765567	0.20233943232712956	0.09608297065813415
2	0.13225538314119642	0.1367769347015792	0.10512607377889971	0.10060452221851693	0.09608297065813415	0.022607757801913916	0.006782327340574175	0.022607757801913916	0.23285990535971332	0.1096476253392825	0.10625646166899541	0.2159040870082779	0.08251831597698579	0.07912715230669871	0.1333857710312921	0.1333857710312921
3	0.10060452221851693	0.08817025542746428	0.14808081360253617	0.11869072846004806	0.1085172374491868	0.04747629138401923	0.007912715230669871	0.006782327340574175	0.2769450330734455	0.14695042571244046	0.09721335854822984	0.17181895929454577	0.11529956478976097	0.03504202459296657	0.11756034056995236	0.11416917689966528
4	0.06895366129583745	0.06782327340574175	0.15147197727282324	0.10173491010861262	0.09269180698784707	0.05199784294440201	0.0022607757801913916	0.0011303878900956958	0.18877477764598122	0.15147197727282324	0.08590947964727288	0.08138792808689009	0.053128230834497706	0.020346982021722523	0.1085172374491868	0.09608297065813415
5	0.046345903493923535	0.062171333955263273	0.14355926204215338	0.07912715230669871	0.07912715230669871	0.03956357615334936	0.0	0.0	0.14582003782234476	0.10399568588880402	0.07686637652650732	0.046345903493923535	0.016955818351435437	0.04408512771373214	0.08703986753736857	0.07799676441660303
6	0.0282596972523924	0.055389006614689096	0.12773383158081364	0.06556249762555036	0.07234482496612453	0.023738145692009615	0.0	0.0	0.11416917689966528	0.06104094606516758	0.08590947964727288	0.03504202459296657	0.010173491010861261	0.08138792808689009	0.06443210973545467	0.07347521285622023
7	0.018086206241531132	0.03052047303258379	0.0836487038670815	0.06895366129583745	0.07686637652650732	0.018086206241531132	0.0	0.0	0.09608297065813415	0.04295473982363644	0.11642995267985666	0.020346982021722523	0.03956357615334936	0.06895366129583745	0.046345903493923535	0.07912715230669871
8	0.011303878900956958	0.022607757801913916	0.05086745505430631	0.07686637652650732	0.09043103120765567	0.02147736991181822	0.0	0.0	0.08703986753736857	0.03843318826325366	0.14921120149263187	0.012434266791052653	0.1356465468114835	0.06330172184535897	0.03730280037315797	0.09495258276803846
9	0.010173491010861261	0.01921659413162683	0.04747629138401923	0.07912715230669871	0.09608297065813415	0.0282596972523924	0.0022607757801913916	0.0	0.07573598863641162	0.036172412483062265	0.14242887415205768	0.007912715230669871	0.18877477764598122	0.0802575401967944	0.036172412483062265	0.12547305580062224
10	0.012434266791052653	0.0271293093622967	0.06782327340574175	0.06782327340574175	0.07234482496612453	0.022607757801913916	0.033911636702870875	0.0	0.05199784294440201	0.03504202459296657	0.15486314094311035	0.0011303878900956958	0.19781788076674675	0.07686637652650732	0.03843318826325366	0.1333857710312921
11	0.011303878900956958	0.033911636702870875	0.08251831597698579	0.12095150424023945	0.06669288551564605	0.011303878900956958	0.08590947964727288	0.0	0.0271293093622967	0.062171333955263273	0.14016809837186628	0.0	0.20233943232712956	0.07460560074631593	0.036172412483062265	0.12321228002043084
12	0.0022607757801913916	0.0022607757801913916	0.011303878900956958	0.08477909175717718	0.024868533582105307	0.009043103120765566	0.06556249762555036	0.0	0.01921659413162683	0.02939008514248809	0.007912715230669871	0.006782327340574175	0.12547305580062224	0.0282596972523924	0.03956357615334936	0.012434266791052653
13	0.033911636702870875	0.03956357615334936	0.020346982021722523	0.006782327340574175	0.005651939450478479	0.0	0.0033911636702870875	0.0	0.0	0.0022607757801913916	0.011303878900956958	0.07573598863641162	0.09269180698784707	0.10738684955909111	0.1379073225916749	0.018086206241531132
14	0.06104094606516758	0.16503663195397159	0.09156141909775137	0.010173491010861261	0.0011303878900956958	0.0	0.012434266791052653	0.0011303878900956958	0.004521551560382783	0.04182435193354075	0.025998921472201005	0.07347521285622023	0.05199784294440201	0.15147197727282324	0.2204256385686607	0.011303878900956958
15	0.053128230834497706	0.18764438975588552	0.12095150424023945	0.023738145692009615	0.0	0.0	0.006782327340574175	0.0	0.015825430461339742	0.0542586187245934	0.012434266791052653	0.07460560074631593	0.02147736991181822	0.17973167452521563	0.2950312393149766	0.0033911636702870875
16	0.05199784294440201	0.13903771048177058	0.10399568588880402	0.03843318826325366	0.0	0.0	0.004521551560382783	0.0	0.016955818351435437	0.040693964043445045	0.005651939450478479	0.08251831597698579	0.0033911636702870875	0.20573059599741664	0.37754955529196244	0.0011303878900956958
17	0.059910558175071876	0.10399568588880402	0.0802575401967944	0.036172412483062265	0.0011303878900956958	0.0	0.0033911636702870875	0.0	0.01356465468114835	0.0271293093622967	0.005651939450478479	0.08590947964727288	0.0011303878900956958	0.2170344748983736	0.4397208892472257	0.0011303878900956958
18	0.07121443707602884	0.08477909175717718	0.062171333955263273	0.024868533582105307	0.0011303878900956958	0.0	0.0022607757801913916	0.0	0.012434266791052653	0.014695042571244045	0.006782327340574175	0.08138792808689009	0.0022607757801913916	0.16277585617378018	0.4691109743897138	0.0011303878900956958
19	0.0836487038670815	0.06443210973545467	0.04182435193354075	0.015825430461339742	0.0022607757801913916	0.0	0.0011303878900956958	0.0	0.011303878900956958	0.007912715230669871	0.011303878900956958	0.07799676441660303	0.0022607757801913916	0.07912715230669871	0.46232864704913956	0.0011303878900956958
20	0.09495258276803846	0.040693964043445045	0.024868533582105307	0.0022607757801913916	0.0011303878900956958	0.0	0.0	0.0	0.011303878900956958	0.004521551560382783	0.01921659413162683	0.07008404918593314	0.0033911636702870875	0.0282596972523924	0.4001573130938763	0.0011303878900956958
21	0.09721335854822984	0.02939008514248809	0.020346982021722523	0.0	0.0	0.0	0.0	0.0011303878900956958	0.01356465468114835	0.004521551560382783	0.024868533582105307	0.07008404918593314	0.0033911636702870875	0.007912715230669871	0.334594815468326	0.0
22	0.0836487038670815	0.0271293093622967	0.02939008514248809	0.0	0.0	0.0	0.0	0.004521551560382783	0.007912715230669871	0.009043103120765566	0.02147736991181822	0.07008404918593314	0.0011303878900956958	0.012434266791052653	0.2204256385686607	0.0
23	0.06104094606516758	0.02147736991181822	0.018086206241531132	0.0	0.0	0.0022607757801913916	0.0	0.031650860922679484	0.006782327340574175	0.009043103120765566	0.01356465468114835	0.05878017028497618	0.007912715230669871	0.03956357615334936	0.20460020810732094	0.0
24	0.15373275305301465	0.09495258276803846	0.05199784294440201	0.0	0.0	0.022607757801913916	0.0	0.04973706716421061	0.009043103120765566	0.04973706716421061	0.040693964043445045	0.15825430461339743	0.046345903493923535	0.1130387890095696	0.25433727527153155	0.010173491010861261
["WIND_ONSHORE","C1",*,*] :	1	2	3	4	5	6	7	8	9	10	11	12	13	14	15	16 := 
1	0.1950166268113182	0.2004022604005843	0.055982243888423475	0.02990443914039836	0.05739951588559876	0.025227441549719943	0.03713252632599228	0.03614043592796959	0.12883002454323275	0.13336529493419363	0.1713481844584911	0.2307318811401352	0.08404422943249397	0.07724132384605265	0.12613720774859974	0.07639096064774747
2	0.1371919293265669	0.16227764367656933	0.07157223585735153	0.04280161431469339	0.06136787747768953	0.02366844235282714	0.030613075138986	0.022676351954804445	0.15873446368363114	0.11947602936187592	0.14867183250368662	0.21769297876612267	0.17630863644860456	0.08078450383899083	0.10090976619887977	0.11465730457147999
3	0.10742921738588607	0.11947602936187592	0.07979241344096813	0.04847070230339451	0.047903793504524395	0.022251170355651863	0.017148991165820863	0.011054721577967167	0.1571754644867383	0.08829604542401981	0.12358611815368423	0.17120645725877356	0.24589669150991073	0.06916287346215355	0.09566585980933126	0.11238966937599953
4	0.0775247782454877	0.09212267981639306	0.08914640862232498	0.04917933830198214	0.043510250313281026	0.01870799036271367	0.007228087185593916	0.00453527039096089	0.12996384214097298	0.06647005666752052	0.09807522220452922	0.11338175977402223	0.19544180841047082	0.06023405987994931	0.0963744958079189	0.10246876539577258
5	0.05782469748475133	0.07639096064774747	0.0938234062130034	0.04875415670282955	0.041242615117800585	0.011763357576554806	0.0028345439943505556	0.0014172719971752778	0.10771267178532112	0.04393543191243361	0.08602841022853937	0.08092623103870836	0.23427506113307342	0.0673204198658257	0.0861701374282569	0.09212267981639306
6	0.039683615920907786	0.061509604677407057	0.08291041183475376	0.045636158309043946	0.045919612708479	0.005669087988701111	0.0008503631983051667	0.00042518159915258335	0.08999677182063015	0.027920258344352977	0.08787086382486722	0.06009233268023178	0.23016497234126515	0.09169749821724048	0.07171396305706906	0.08404422943249397
7	0.027069895146047806	0.050171428700004836	0.06703696546639064	0.047053430306219224	0.05782469748475133	0.004251815991525834	0.0007086359985876389	0.0002834543994350556	0.07880032304294546	0.015731719168645585	0.10176012939718494	0.04265988711497586	0.2249210659517166	0.10884648938306134	0.05995060548051425	0.07695786944661759
8	0.018849717562431197	0.04110088791808306	0.05810815188418639	0.0545649718912482	0.07213914465622165	0.005669087988701111	0.001984180796045389	0.0002834543994350556	0.06647005666752052	0.007794995984464028	0.11182276057712942	0.03132171113757364	0.21712606996725256	0.10487812779097055	0.052580791095202806	0.07908377744238052
9	0.015164810369775473	0.039825343120625314	0.04903761110226461	0.07355641665339692	0.08120968543814341	0.00963744958079189	0.01403099277203525	0.00042518159915258335	0.05116351909802753	0.004393543191243361	0.11720839416639547	0.02536916874943747	0.1658208236695075	0.10034285740000967	0.052722518294920334	0.09013849902034768
10	0.016723809566668277	0.040392251919495414	0.04280161431469339	0.07880032304294546	0.06632832946780301	0.012471993575142445	0.04506924951017384	0.0001417271997175278	0.04110088791808306	0.006802905586441334	0.13237320453617096	0.019700080760736365	0.1259954805488822	0.09821694940424675	0.05640742548757606	0.10020113020029214
11	0.013605811172882667	0.032172074335878806	0.036707344726839695	0.09410686061243845	0.05428151749181314	0.014456174371187833	0.07624923344802996	0.0005669087988701112	0.03259725593503139	0.015448264769210528	0.11649975816780783	0.01403099277203525	0.117350121366113	0.08787086382486722	0.055557062289270896	0.0963744958079189
12	0.01147990317711975	0.016440355167233224	0.00581081518841864	0.07114705425819895	0.013038902374012557	0.01601517356808064	0.04861242950311204	0.001984180796045389	0.021825988756499277	0.0052439063895485276	0.004251815991525834	0.007936723184181557	0.11961775656159344	0.022251170355651863	0.025085714350002418	0.009920903980226947
13	0.05173042789689764	0.05499015349040078	0.045919612708479	0.032172074335878806	0.0017007263966103334	0.0	0.00382663439237325	0.00042518159915258335	0.0002834543994350556	0.00042518159915258335	0.009920903980226947	0.12627893494831727	0.08376077503305891	0.05626569828785853	0.09268958861526318	0.01601517356808064
14	0.050454883099439886	0.12131848295820379	0.07979241344096813	0.04620306710791406	0.0002834543994350556	0.0	0.010487812779097055	0.0009920903980226946	0.0017007263966103334	0.02324326075367456	0.04889588390254708	0.13790056532515454	0.04265988711497586	0.11295657817486965	0.14512865251074847	0.009212267981639306
15	0.03628216312768712	0.1564668284881507	0.09042195341978272	0.06632832946780301	0.0	0.0	0.00708635998587639	0.0008503631983051667	0.009212267981639306	0.03699079912627475	0.030613075138986	0.1234443909539667	0.01147990317711975	0.1366250205276968	0.18637126762854903	0.003543179992938195
16	0.03500661833022936	0.14172719971752779	0.0887212270231724	0.07483196145085468	0.0	0.0	0.00382663439237325	0.0002834543994350556	0.012046811975989863	0.036849071926557224	0.0178576271644085	0.1254285717500121	0.0011338175977402224	0.15377401169351765	0.24136142111894981	0.0018424535963278612
17	0.038833252722602615	0.11678321256724289	0.09113058941837036	0.07171396305706906	0.00042518159915258335	0.0	0.002125907995762917	0.0001417271997175278	0.009495722381074363	0.02990443914039836	0.011196448777684696	0.12755447974577502	0.00042518159915258335	0.15391573889323518	0.28161194583872773	0.0017007263966103334
18	0.040250524719777886	0.09198095261667553	0.09198095261667553	0.04733688470565428	0.0005669087988701112	0.0	0.0007086359985876389	0.0	0.00581081518841864	0.020833898358476582	0.007794995984464028	0.1281213885446451	0.004393543191243361	0.12202711895679143	0.30216238979776927	0.002125907995762917
19	0.039825343120625314	0.06080096867881942	0.07582405184887737	0.018849717562431197	0.0008503631983051667	0.0	0.0	0.0001417271997175278	0.003117998393785611	0.01417271997175278	0.00708635998587639	0.12301920935481411	0.01346408397316514	0.0632103310740174	0.2711241330596307	0.002267635195480445
20	0.04067570631893047	0.0382663439237325	0.05243906389548528	0.003259725593503139	0.0002834543994350556	0.0	0.0	0.0005669087988701112	0.0024093623951979724	0.009495722381074363	0.008078450383899084	0.11451557737176246	0.025227441549719943	0.025794350348590057	0.19544180841047082	0.0017007263966103334
21	0.04492752231045631	0.021259079957629167	0.03727425352570981	0.0002834543994350556	0.0002834543994350556	0.0	0.0007086359985876389	0.00127554479745775	0.002692816794633028	0.00708635998587639	0.010629539978814584	0.11564939496950266	0.03614043592796959	0.010629539978814584	0.14555383410990103	0.0005669087988701112
22	0.04903761110226461	0.01403099277203525	0.02763680394491792	0.0	0.0	0.0001417271997175278	0.0028345439943505556	0.00453527039096089	0.002125907995762917	0.0052439063895485276	0.008503631983051667	0.11338175977402223	0.03514834552994689	0.012471993575142445	0.12032639256018109	0.00042518159915258335
23	0.05243906389548528	0.02820371274378803	0.032313801535596334	0.00042518159915258335	0.0	0.0017007263966103334	0.016723809566668277	0.034581436731076776	0.024518805551132304	0.00907054078192178	0.00637772398728875	0.1116810333774119	0.02947925754124578	0.05853333348333897	0.14527037971046597	0.003968361592090778
24	0.15122292209860214	0.09467376941130856	0.09268958861526318	0.003401452793220667	0.0	0.012046811975989863	0.033447619133336555	0.0673204198658257	0.07213914465622165	0.03273898313474892	0.031888619936443756	0.23441678833279095	0.043368523113563505	0.12457820855170693	0.18608781322911397	0.023384987953392087
["WIND_ONSHORE","C2",*,*] :	1	2	3	4	5	6	7	8	9	10	11	12	13	14	15	16 := 
1	0.15323882759919125	0.22163399143958623	0.11427980363329517	0.0419887373963106	0.04891565185744692	0.06081893231316037	0.04263805446240887	0.05670745665062613	0.05908785301494238	0.2034531135888347	0.09090438925375753	0.2205509305733343	0.0649317066098268	0.10518936470791942	0.14544702280601204	0.05259468235395971
2	0.087874675823343	0.1757480530125538	0.1413342485093456	0.052377810453882886	0.03657862760157983	0.047617017725250385	0.048266334791348654	0.03701107276760128	0.10194277937742807	0.2302906865648083	0.11103321830280384	0.1976092599939503	0.10908526710450903	0.10648799884011596	0.1097345841706073	0.10064414524523153
3	0.06882760900641641	0.1460963398721103	0.11579530966556852	0.052377810453882886	0.023592286279614468	0.02597268264393072	0.03830970689979781	0.018613323016772952	0.13008028511973044	0.1883019491684977	0.10756976107223568	0.15886580929399882	0.13310999855014494	0.09869619404693673	0.1002117000792101	0.11406293173321834
4	0.04891565185744692	0.11449667553337198	0.09155370631985578	0.04848190805729328	0.018397749750828328	0.014068103554085075	0.034413804503208204	0.005194536528786144	0.13787208991290964	0.13765521801283281	0.10129346231132981	0.12250405359249583	0.09891306594701356	0.08246326739448004	0.10107659041125298	0.12055610239420103
5	0.030517902106618595	0.08332945636065513	0.07294038330308283	0.044802877560780496	0.016665371818478148	0.0056269816948075905	0.03657862760157983	0.000649317066098268	0.11839257792996159	0.10042727334515472	0.10886839520443221	0.0973975599147402	0.12661682788916226	0.06601346884194652	0.09047194408773608	0.11384735846727372
6	0.018180877850751506	0.05692302991657076	0.056058139584527863	0.03527999346938329	0.020778146115144575	0.0017310792982179824	0.03506312156930647	0.0017310792982179824	0.09047194408773608	0.06882760900641641	0.11990678532810276	0.07510390776732227	0.12445200479079063	0.07402214553520256	0.07726873086569389	0.0956664806165222
7	0.011470835289692003	0.04133942033021233	0.04653395685899847	0.02683887161010581	0.03008545694059715	0.000649317066098268	0.028786822808400614	0.004977664628709322	0.08029844429610841	0.04415356049468223	0.12856477908745706	0.050214285989643455	0.15258951053309297	0.10562180987394086	0.07185732243683093	0.07597009673349736
8	0.006060725494961234	0.033115170371011665	0.0391758958659729	0.019696383883024863	0.044802877560780496	0.001298634132196536	0.03203340813889195	0.006060725494961234	0.06882760900641641	0.024241603345712737	0.12856477908745706	0.03636175570150301	0.16297858359066528	0.13029585838567506	0.06666278590804478	0.06471483470974998
9	0.005194536528786144	0.028786822808400614	0.03895902396589608	0.017964005950674683	0.06125267611331402	0.004328347562611055	0.04848190805729328	0.005194536528786144	0.053676444586079425	0.018397749750828328	0.1251013218568889	0.03203340813889195	0.13895385214502934	0.1251013218568889	0.06579789557600188	0.06211756644535691
10	0.008008676693256037	0.028137505742302345	0.04155629223028915	0.02662199971002899	0.05151292012183999	0.012337024255867092	0.06255131024551056	0.00324658533049134	0.04263805446240887	0.02597268264393072	0.13224380958396986	0.027920633842225522	0.11730951706370968	0.1041076024757997	0.06125267611331402	0.06038648714713892
11	0.009307310825452574	0.024674048511734183	0.04263805446240887	0.04263805446240887	0.0391758958659729	0.024241603345712737	0.06882760900641641	0.0028141401644698936	0.03203340813889195	0.03333204227108849	0.10756976107223568	0.015583609586358432	0.13029585838567506	0.09263546855197549	0.05324399942005798	0.05843853594884412
12	0.004977664628709322	0.010389073057572288	0.0036790304965127864	0.03571243863540474	0.00887356702529893	0.03008545694059715	0.029002396074345238	0.0036790304965127864	0.016882243718554967	0.019262640082871218	0.0028141401644698936	0.0095228840913972	0.16081376049229365	0.018397749750828328	0.011038390123670557	0.0056269816948075905
13	0.027488188676204076	0.04112384706426771	0.03224898140483658	0.018613323016772952	0.0002168719000768215	0.0	0.004762091362764698	0.0010817622321197145	0.0	0.000649317066098268	0.01774843268473006	0.11406293173321834	0.10280896834360317	0.033764487437109934	0.049564968923545186	0.006276298760905858
14	0.02921926797442206	0.0859267246250482	0.06081893231316037	0.01709911561863179	0.0	0.0	0.0095228840913972	0.0017310792982179824	0.0023803963643162507	0.021644335081319667	0.043071798262562515	0.11492912069939343	0.031816536238815134	0.07618696863357417	0.08008287103016379	0.0030297134304145185
15	0.025323365577832452	0.10129346231132981	0.07597009673349736	0.027271316776127257	0.000649317066098268	0.0	0.004762091362764698	0.0002168719000768215	0.008657993759354306	0.02662199971002899	0.02662199971002899	0.11536156586541488	0.002597268264393072	0.10995145607068413	0.1069204440061374	0.001298634132196536
16	0.027271316776127257	0.09090438925375753	0.07986599913008696	0.04047452999816944	0.001298634132196536	0.0	0.0036790304965127864	0.00043244516602144653	0.011904579089845645	0.02662199971002899	0.013852530288140449	0.12834790718738026	0.0	0.13722277284681136	0.14847673623642654	0.0008661889661750894
17	0.030950347272640042	0.07553765156747591	0.08462809049285167	0.04090697516419088	0.001947951198294804	0.0	0.0030297134304145185	0.00043244516602144653	0.010821518223593734	0.02597268264393072	0.0075749328931023945	0.1365734557807131	0.0	0.14046935817730272	0.18332428453978838	0.0010817622321197145
18	0.03506312156930647	0.05908785301494238	0.08960575512156099	0.03008545694059715	0.0021648230983716257	0.0	0.0021648230983716257	0.0002168719000768215	0.0073593596271577695	0.02445717661165736	0.004545219462687876	0.13527482164851656	0.0021648230983716257	0.11644462673166679	0.20496732098697587	0.0015155060322733576
19	0.04112384706426771	0.0391758958659729	0.08203082222845859	0.010172201157495467	0.0028141401644698936	0.0002168719000768215	0.0010817622321197145	0.0	0.0054114084288629655	0.024241603345712737	0.003895902396589608	0.12293779739264947	0.009307310825452574	0.06709652970819842	0.18657086987027974	0.0023803963643162507
20	0.04913122512339155	0.028786822808400614	0.06406551764365172	0.0008661889661750894	0.001947951198294804	0.0002168719000768215	0.000649317066098268	0.0	0.0054114084288629655	0.022293652147417936	0.003895902396589608	0.11298116950109863	0.022726097313439383	0.02034570094912313	0.1348410778483629	0.0015155060322733576
21	0.05995404198111748	0.017531560784653236	0.05194536528786144	0.0	0.001298634132196536	0.0002168719000768215	0.0017310792982179824	0.00043244516602144653	0.007142487727080948	0.020561274215067753	0.0056269816948075905	0.11579530966556852	0.04220560929638742	0.004545219462687876	0.10389073057572289	0.000649317066098268
22	0.06514857850990363	0.009090438925375753	0.04090697516419088	0.0	0.0002168719000768215	0.00043244516602144653	0.00324658533049134	0.002597268264393072	0.005194536528786144	0.013635658388063628	0.0054114084288629655	0.12380268772469237	0.052377810453882886	0.008224249959200663	0.09956238301311182	0.000649317066098268
23	0.06926005417243786	0.020778146115144575	0.05973717008104065	0.0	0.0	0.004977664628709322	0.018613323016772952	0.02012882904904631	0.00973975599147402	0.025540237477909275	0.01644979855253352	0.1298634132196536	0.04653395685899847	0.05973717008104065	0.13008028511973044	0.004545219462687876
24	0.1863539979702029	0.07272351140300602	0.18700331503630116	0.0015155060322733576	0.000649317066098268	0.01601605475237988	0.049564968923545186	0.050214285989643455	0.029002396074345238	0.058221664048767295	0.087874675823343	0.257346430074991	0.05670745665062613	0.13246068148404666	0.1660082970210798	0.024674048511734183
["WIND_ONSHORE","C3",*,*] :	1	2	3	4	5	6	7	8	9	10	11	12	13	14	15	16 := 
1	0.1299400255655584	0.030078709621657037	0.04211019347031985	0.07820464501630829	0.00842203869406397	0.009625187078930252	0.0	0.002406296769732563	0.1167053933320293	0.17205021903587822	0.2634894962857156	0.17205021903587822	0.05775112247358151	0.10708020625309904	0.14678410295368632	0.09986131594390137
2	0.17565966419047707	0.08782983209523854	0.09384557401956994	0.1287368771806921	0.04692278700978497	0.03609445154598844	0.0	0.0012031483848662814	0.1347526191050235	0.2334107866640586	0.17806596096020963	0.14076836102935494	0.22017615443052949	0.09504872240443624	0.10467390948336647	0.14919039972341888
3	0.18287855449967477	0.17565966419047707	0.17084707065101196	0.12151798687149443	0.08903298048010481	0.061360567628180346	0.0	0.0	0.13956521264448865	0.24423912212785515	0.11911169010176187	0.08542353532550598	0.16001873518721543	0.06617316116764548	0.09865816755903507	0.14076836102935494
4	0.09504872240443624	0.22498874796999463	0.19972263188780273	0.10587705786823276	0.09143927724983739	0.06978260632224433	0.0	0.0	0.10347076109850019	0.21175411573646552	0.0974550191741688	0.04932908377951754	0.07218890309197688	0.03489130316112216	0.08782983209523854	0.12031483848662815
5	0.04932908377951754	0.16483132872668058	0.16122188357208173	0.0974550191741688	0.07700149663144201	0.06256371601304662	0.0	0.0	0.10347076109850019	0.12392428364122697	0.10106446432876764	0.030078709621657037	0.01684407738812794	0.04331334185518613	0.06978260632224433	0.10708020625309904
6	0.02406296769732563	0.12272113525636069	0.12151798687149443	0.10347076109850019	0.07820464501630829	0.05293852893411638	0.0	0.0	0.11189279979256417	0.0709857547071106	0.1167053933320293	0.021656670927593064	0.0012031483848662814	0.0709857547071106	0.05293852893411638	0.10226761271363392
7	0.01804722577299422	0.06978260632224433	0.09023612886497111	0.11550224494716302	0.09865816755903507	0.05414167731898266	0.0	0.0	0.10106446432876764	0.05414167731898266	0.12031483848662815	0.015640929003261656	0.0	0.08542353532550598	0.04571963862491869	0.10828335463796532
8	0.022859819312459347	0.03729759993085472	0.07700149663144201	0.12392428364122697	0.10467390948336647	0.05895427085844779	0.0012031483848662814	0.0	0.08662668371037226	0.04932908377951754	0.10708020625309904	0.014437780618395377	0.006015741924331407	0.09504872240443624	0.04932908377951754	0.12633058041095954
9	0.027672412851924472	0.03609445154598844	0.07579834824657573	0.13114317395042469	0.09865816755903507	0.05414167731898266	0.009625187078930252	0.0012031483848662814	0.05775112247358151	0.04451649024005241	0.09143927724983739	0.013234632233529095	0.06978260632224433	0.09504872240443624	0.05895427085844779	0.14678410295368632
10	0.04090704508545357	0.06376686439791292	0.07218890309197688	0.12031483848662815	0.08903298048010481	0.03609445154598844	0.04692278700978497	0.0036094451545988443	0.027672412851924472	0.04211019347031985	0.08903298048010481	0.006015741924331407	0.1371589158747561	0.07700149663144201	0.06376686439791292	0.15400299326288402
11	0.04812593539465126	0.08181409017090714	0.07459519986170944	0.1287368771806921	0.08542353532550598	0.01684407738812794	0.07700149663144201	0.00842203869406397	0.014437780618395377	0.04932908377951754	0.07940779340117457	0.0036094451545988443	0.17565966419047707	0.08181409017090714	0.055344825703848945	0.14798725133855262
12	0.010828335463796532	0.027672412851924472	0.013234632233529095	0.060157419243314074	0.02646926446705819	0.00842203869406397	0.05053223216438382	0.013234632233529095	0.014437780618395377	0.014437780618395377	0.00842203869406397	0.0036094451545988443	0.16603447711154684	0.021656670927593064	0.05053223216438382	0.02406296769732563
13	0.03609445154598844	0.04932908377951754	0.03128185800652331	0.00842203869406397	0.015640929003261656	0.0	0.007218890309197689	0.0012031483848662814	0.0	0.0012031483848662814	0.01684407738812794	0.07579834824657573	0.1299400255655584	0.06978260632224433	0.14317465779908747	0.03128185800652331
14	0.04932908377951754	0.09143927724983739	0.10226761271363392	0.022859819312459347	0.009625187078930252	0.0	0.020453522542726785	0.006015741924331407	0.0036094451545988443	0.04211019347031985	0.02406296769732563	0.08903298048010481	0.10226761271363392	0.1419715094142212	0.2418328253581226	0.02406296769732563
15	0.039703896700587285	0.11429909656229674	0.12031483848662815	0.055344825703848945	0.0036094451545988443	0.0	0.013234632233529095	0.0012031483848662814	0.014437780618395377	0.08181409017090714	0.006015741924331407	0.07940779340117457	0.0649700127827792	0.16603447711154684	0.32845950906849486	0.009625187078930252
16	0.030078709621657037	0.10708020625309904	0.07579834824657573	0.04331334185518613	0.0036094451545988443	0.0	0.006015741924331407	0.0	0.014437780618395377	0.07820464501630829	0.002406296769732563	0.08061094178604086	0.03128185800652331	0.1937068899634713	0.41989878631833216	0.0036094451545988443
17	0.02526611608219191	0.08662668371037226	0.04090704508545357	0.022859819312459347	0.004812593539465126	0.0	0.0036094451545988443	0.0	0.012031483848662814	0.06376686439791292	0.002406296769732563	0.07940779340117457	0.013234632233529095	0.20333207704240158	0.4860719474859777	0.0012031483848662814
18	0.022859819312459347	0.06617316116764548	0.020453522542726785	0.006015741924331407	0.007218890309197689	0.0	0.002406296769732563	0.0	0.009625187078930252	0.04090704508545357	0.007218890309197689	0.06978260632224433	0.009625187078930252	0.16964392226614566	0.4860719474859777	0.0012031483848662814
19	0.020453522542726785	0.051735380549250094	0.006015741924331407	0.0	0.007218890309197689	0.0	0.0	0.0	0.007218890309197689	0.021656670927593064	0.01684407738812794	0.061360567628180346	0.007218890309197689	0.11189279979256417	0.42952397339726245	0.002406296769732563
20	0.01804722577299422	0.03729759993085472	0.0012031483848662814	0.0	0.004812593539465126	0.0	0.0	0.0012031483848662814	0.00842203869406397	0.009625187078930252	0.0324850063913896	0.05414167731898266	0.006015741924331407	0.060157419243314074	0.33447525099282627	0.0036094451545988443
21	0.014437780618395377	0.022859819312459347	0.0	0.0	0.002406296769732563	0.0	0.0	0.0012031483848662814	0.009625187078930252	0.004812593539465126	0.04571963862491869	0.05293852893411638	0.004812593539465126	0.03368815477625588	0.24423912212785515	0.0012031483848662814
22	0.010828335463796532	0.015640929003261656	0.0012031483848662814	0.0	0.0	0.0	0.0	0.0012031483848662814	0.004812593539465126	0.006015741924331407	0.04211019347031985	0.04932908377951754	0.0012031483848662814	0.021656670927593064	0.15881558680234914	0.0
23	0.007218890309197689	0.009625187078930252	0.0036094451545988443	0.0	0.0	0.004812593539465126	0.0	0.002406296769732563	0.0036094451545988443	0.013234632233529095	0.028875561236790755	0.04211019347031985	0.006015741924331407	0.021656670927593064	0.17686281257534336	0.002406296769732563
24	0.009625187078930252	0.03368815477625588	0.015640929003261656	0.0	0.0	0.038500748315721006	0.0	0.006015741924331407	0.030078709621657037	0.08782983209523854	0.08301723855577342	0.10828335463796532	0.03128185800652331	0.08301723855577342	0.200925780272669	0.03489130316112216
["WIND_ONSHORE","C4",*,*] :	1	2	3	4	5	6	7	8	9	10	11	12	13	14	15	16 := 
1	0.11929642013047405	0.18675570532330163	0.045446255287799636	0.07953094675364937	0.08450163092575244	0.0007100977388718693	0.06177850328185263	0.06390879649846824	0.0717198716260588	0.23007166739448567	0.08876221735898367	0.17752443471796733	0.0	0.05609772137087768	0.11574593143611471	0.019172638949540473
2	0.10580456309190853	0.18249511889007042	0.06887948067057133	0.08237133770913685	0.08663192414236806	0.002130293216615608	0.059648210065237024	0.08450163092575244	0.11716612691385844	0.2265211787001263	0.09586319474770237	0.1874658030621735	0.0056807819109749545	0.07598045805929002	0.1065146608307804	0.03408469146584973
3	0.09231270605334302	0.1526710138574519	0.1015439766586773	0.08450163092575244	0.07242996936493067	0.006390879649846823	0.06887948067057133	0.07314006710380254	0.13846905908001453	0.1832052166289423	0.08521172866462431	0.13491857038565516	0.04047557111569655	0.10296417213642105	0.10509446535303665	0.049706841721030855
4	0.07811075127590562	0.1292377884746802	0.12355700656370526	0.07100977388718693	0.0646188942373401	0.013491857038565517	0.07242996936493067	0.048286646243287115	0.14201954777437387	0.12568729978032087	0.0646188942373401	0.09941368344206171	0.08521172866462431	0.13349837490791144	0.09018241283672741	0.07740065353703375
5	0.06674918745395572	0.09799348796431798	0.12284690882483339	0.05112703719877459	0.058228014587493285	0.02130293216615608	0.07456026258154627	0.026273616338259163	0.14485993872986133	0.07527036032041814	0.05467752589313394	0.07740065353703375	0.1455700364687332	0.11716612691385844	0.07740065353703375	0.09586319474770237
6	0.0532573304153902	0.08876221735898367	0.10438436761416478	0.05893811232636516	0.05893811232636516	0.025563518599387294	0.07456026258154627	0.014912052516309256	0.14272964551324574	0.03266449598810599	0.05112703719877459	0.05609772137087768	0.11006514952513975	0.10083387891980544	0.0695895784094432	0.07811075127590562
7	0.0440260598100559	0.08237133770913685	0.07456026258154627	0.07029967614831507	0.062488601020724496	0.026273616338259163	0.07456026258154627	0.008521172866462432	0.12142671334708967	0.009231270605334302	0.05112703719877459	0.041185668854568425	0.10509446535303665	0.12781759299693649	0.053967428154262066	0.04757654850441525
8	0.039765473376824685	0.08308143544800872	0.0532573304153902	0.06887948067057133	0.06319869875959637	0.029114007293746642	0.07527036032041814	0.0035504886943593466	0.10509446535303665	0.0014201954777437386	0.05183713493764646	0.03621498468246533	0.08876221735898367	0.15125081837970816	0.036925082421337206	0.0347947892047216
9	0.046866450765543376	0.07598045805929002	0.04615635302667151	0.08947231509785554	0.05751791684862142	0.03621498468246533	0.0646188942373401	0.0007100977388718693	0.09302280379221489	0.0	0.05751791684862142	0.036925082421337206	0.06390879649846824	0.14272964551324574	0.03195439824923412	0.029114007293746642
10	0.07100977388718693	0.0788208490147775	0.03053420277149038	0.0972833902254461	0.04189576659344029	0.04047557111569655	0.062488601020724496	0.0	0.08024104449252124	0.0007100977388718693	0.062488601020724496	0.04615635302667151	0.04331596207118403	0.1391791568188864	0.04189576659344029	0.025563518599387294
11	0.0646188942373401	0.06603908971508385	0.012071661560821779	0.09586319474770237	0.03337459372697786	0.04899674398215899	0.07029967614831507	0.0	0.06106840554298076	0.002130293216615608	0.05893811232636516	0.0347947892047216	0.046866450765543376	0.11787622465273032	0.055387623632005806	0.03053420277149038
12	0.004970684172103086	0.017042345732924864	0.0007100977388718693	0.04189576659344029	0.006390879649846823	0.03763518016020907	0.02201302990502795	0.0	0.027693811816002903	0.009231270605334302	0.0014201954777437386	0.009941368344206171	0.09941368344206171	0.018462541210668603	0.0035504886943593466	0.0056807819109749545
13	0.01065146608307804	0.05893811232636516	0.03550488694359347	0.007100977388718693	0.0	0.0	0.0	0.0	0.024143323121643558	0.0014201954777437386	0.014201954777437386	0.0951530970088305	0.0603583078041089	0.009941368344206171	0.009941368344206171	0.013491857038565517
14	0.014912052516309256	0.07029967614831507	0.041185668854568425	0.011361563821949909	0.0	0.0	0.0028403909554874773	0.0014201954777437386	0.056807819109749545	0.020592834427284212	0.03266449598810599	0.12568729978032087	0.012071661560821779	0.05112703719877459	0.028403909554874773	0.03053420277149038
15	0.012071661560821779	0.07527036032041814	0.0347947892047216	0.017752443471796733	0.0	0.0	0.004970684172103086	0.004260586433231216	0.056807819109749545	0.026273616338259163	0.025563518599387294	0.11432573595837096	0.0007100977388718693	0.07740065353703375	0.041185668854568425	0.045446255287799636
16	0.012071661560821779	0.07740065353703375	0.041185668854568425	0.014912052516309256	0.0	0.0	0.0028403909554874773	0.004970684172103086	0.055387623632005806	0.027693811816002903	0.007100977388718693	0.10296417213642105	0.0	0.08663192414236806	0.058228014587493285	0.04757654850441525
17	0.011361563821949909	0.07385016484267441	0.059648210065237024	0.007811075127590562	0.0	0.0	0.0007100977388718693	0.0035504886943593466	0.046866450765543376	0.029824105032618512	0.0014201954777437386	0.09657329248657423	0.0	0.08024104449252124	0.06816938293169945	0.0440260598100559
18	0.009941368344206171	0.06745928519282758	0.07953094675364937	0.0056807819109749545	0.0	0.0	0.0	0.002130293216615608	0.03905537563795281	0.024853420860515427	0.0	0.0951530970088305	0.0007100977388718693	0.0603583078041089	0.07314006710380254	0.038345277899080946
19	0.007100977388718693	0.045446255287799636	0.07811075127590562	0.0028403909554874773	0.0	0.0	0.0	0.0014201954777437386	0.029824105032618512	0.019882736688412343	0.0	0.08592182640349619	0.0014201954777437386	0.027693811816002903	0.049706841721030855	0.029114007293746642
20	0.007100977388718693	0.023433225382771688	0.05609772137087768	0.0014201954777437386	0.0	0.0	0.0	0.0007100977388718693	0.022723127643899818	0.014201954777437386	0.0007100977388718693	0.07242996936493067	0.0014201954777437386	0.007100977388718693	0.02201302990502795	0.016332247994052994
21	0.009941368344206171	0.007811075127590562	0.045446255287799636	0.0007100977388718693	0.0	0.0	0.0	0.0	0.020592834427284212	0.012071661560821779	0.0014201954777437386	0.06887948067057133	0.0028403909554874773	0.0014201954777437386	0.01065146608307804	0.0035504886943593466
22	0.025563518599387294	0.0035504886943593466	0.036925082421337206	0.0	0.0	0.0	0.0007100977388718693	0.0007100977388718693	0.014201954777437386	0.008521172866462432	0.0028403909554874773	0.0717198716260588	0.009231270605334302	0.0014201954777437386	0.007100977388718693	0.0
23	0.03905537563795281	0.006390879649846823	0.05183713493764646	0.0007100977388718693	0.0	0.0	0.0028403909554874773	0.019172638949540473	0.03905537563795281	0.018462541210668603	0.016332247994052994	0.08237133770913685	0.019882736688412343	0.03053420277149038	0.024853420860515427	0.0007100977388718693
24	0.13420847264678332	0.05112703719877459	0.13349837490791144	0.008521172866462432	0.012071661560821779	0.004260586433231216	0.006390879649846823	0.08450163092575244	0.08521172866462431	0.05751791684862142	0.039765473376824685	0.18462541210668604	0.03266449598810599	0.09089251057559927	0.07598045805929002	0.0028403909554874773
["WIND_ONSHORE","C5",*,*] :	1	2	3	4	5	6	7	8	9	10	11	12	13	14	15	16 := 
1	0.19103555342617262	0.1865140018657898	0.0802575401967944	0.04295473982363644	0.036172412483062265	0.0022607757801913916	0.0011303878900956958	0.036172412483062265	0.11982111635014375	0.055389006614689096	0.15486314094311035	0.17181895929454577	0.0011303878900956958	0.09043103120765567	0.20233943232712956	0.09608297065813415
2	0.13225538314119642	0.1367769347015792	0.10512607377889971	0.10060452221851693	0.09608297065813415	0.022607757801913916	0.006782327340574175	0.022607757801913916	0.23285990535971332	0.1096476253392825	0.10625646166899541	0.2159040870082779	0.08251831597698579	0.07912715230669871	0.1333857710312921	0.1333857710312921
3	0.10060452221851693	0.08817025542746428	0.14808081360253617	0.11869072846004806	0.1085172374491868	0.04747629138401923	0.007912715230669871	0.006782327340574175	0.2769450330734455	0.14695042571244046	0.09721335854822984	0.17181895929454577	0.11529956478976097	0.03504202459296657	0.11756034056995236	0.11416917689966528
4	0.06895366129583745	0.06782327340574175	0.15147197727282324	0.10173491010861262	0.09269180698784707	0.05199784294440201	0.0022607757801913916	0.0011303878900956958	0.18877477764598122	0.15147197727282324	0.08590947964727288	0.08138792808689009	0.053128230834497706	0.020346982021722523	0.1085172374491868	0.09608297065813415
5	0.046345903493923535	0.062171333955263273	0.14355926204215338	0.07912715230669871	0.07912715230669871	0.03956357615334936	0.0	0.0	0.14582003782234476	0.10399568588880402	0.07686637652650732	0.046345903493923535	0.016955818351435437	0.04408512771373214	0.08703986753736857	0.07799676441660303
6	0.0282596972523924	0.055389006614689096	0.12773383158081364	0.06556249762555036	0.07234482496612453	0.023738145692009615	0.0	0.0	0.11416917689966528	0.06104094606516758	0.08590947964727288	0.03504202459296657	0.010173491010861261	0.08138792808689009	0.06443210973545467	0.07347521285622023
7	0.018086206241531132	0.03052047303258379	0.0836487038670815	0.06895366129583745	0.07686637652650732	0.018086206241531132	0.0	0.0	0.09608297065813415	0.04295473982363644	0.11642995267985666	0.020346982021722523	0.03956357615334936	0.06895366129583745	0.046345903493923535	0.07912715230669871
8	0.011303878900956958	0.022607757801913916	0.05086745505430631	0.07686637652650732	0.09043103120765567	0.02147736991181822	0.0	0.0	0.08703986753736857	0.03843318826325366	0.14921120149263187	0.012434266791052653	0.1356465468114835	0.06330172184535897	0.03730280037315797	0.09495258276803846
9	0.010173491010861261	0.01921659413162683	0.04747629138401923	0.07912715230669871	0.09608297065813415	0.0282596972523924	0.0022607757801913916	0.0	0.07573598863641162	0.036172412483062265	0.14242887415205768	0.007912715230669871	0.18877477764598122	0.0802575401967944	0.036172412483062265	0.12547305580062224
10	0.012434266791052653	0.0271293093622967	0.06782327340574175	0.06782327340574175	0.07234482496612453	0.022607757801913916	0.033911636702870875	0.0	0.05199784294440201	0.03504202459296657	0.15486314094311035	0.0011303878900956958	0.19781788076674675	0.07686637652650732	0.03843318826325366	0.1333857710312921
11	0.011303878900956958	0.033911636702870875	0.08251831597698579	0.12095150424023945	0.06669288551564605	0.011303878900956958	0.08590947964727288	0.0	0.0271293093622967	0.062171333955263273	0.14016809837186628	0.0	0.20233943232712956	0.07460560074631593	0.036172412483062265	0.12321228002043084
12	0.0022607757801913916	0.0022607757801913916	0.011303878900956958	0.08477909175717718	0.024868533582105307	0.009043103120765566	0.06556249762555036	0.0	0.01921659413162683	0.02939008514248809	0.007912715230669871	0.006782327340574175	0.12547305580062224	0.0282596972523924	0.03956357615334936	0.012434266791052653
13	0.033911636702870875	0.03956357615334936	0.020346982021722523	0.006782327340574175	0.005651939450478479	0.0	0.0033911636702870875	0.0	0.0	0.0022607757801913916	0.011303878900956958	0.07573598863641162	0.09269180698784707	0.10738684955909111	0.1379073225916749	0.018086206241531132
14	0.06104094606516758	0.16503663195397159	0.09156141909775137	0.010173491010861261	0.0011303878900956958	0.0	0.012434266791052653	0.0011303878900956958	0.004521551560382783	0.04182435193354075	0.025998921472201005	0.07347521285622023	0.05199784294440201	0.15147197727282324	0.2204256385686607	0.011303878900956958
15	0.053128230834497706	0.18764438975588552	0.12095150424023945	0.023738145692009615	0.0	0.0	0.006782327340574175	0.0	0.015825430461339742	0.0542586187245934	0.012434266791052653	0.07460560074631593	0.02147736991181822	0.17973167452521563	0.2950312393149766	0.0033911636702870875
16	0.05199784294440201	0.13903771048177058	0.10399568588880402	0.03843318826325366	0.0	0.0	0.004521551560382783	0.0	0.016955818351435437	0.040693964043445045	0.005651939450478479	0.08251831597698579	0.0033911636702870875	0.20573059599741664	0.37754955529196244	0.0011303878900956958
17	0.059910558175071876	0.10399568588880402	0.0802575401967944	0.036172412483062265	0.0011303878900956958	0.0	0.0033911636702870875	0.0	0.01356465468114835	0.0271293093622967	0.005651939450478479	0.08590947964727288	0.0011303878900956958	0.2170344748983736	0.4397208892472257	0.0011303878900956958
18	0.07121443707602884	0.08477909175717718	0.062171333955263273	0.024868533582105307	0.0011303878900956958	0.0	0.0022607757801913916	0.0	0.012434266791052653	0.014695042571244045	0.006782327340574175	0.08138792808689009	0.0022607757801913916	0.16277585617378018	0.4691109743897138	0.0011303878900956958
19	0.0836487038670815	0.06443210973545467	0.04182435193354075	0.015825430461339742	0.0022607757801913916	0.0	0.0011303878900956958	0.0	0.011303878900956958	0.007912715230669871	0.011303878900956958	0.07799676441660303	0.0022607757801913916	0.07912715230669871	0.46232864704913956	0.0011303878900956958
20	0.09495258276803846	0.040693964043445045	0.024868533582105307	0.0022607757801913916	0.0011303878900956958	0.0	0.0	0.0	0.011303878900956958	0.004521551560382783	0.01921659413162683	0.07008404918593314	0.0033911636702870875	0.0282596972523924	0.4001573130938763	0.0011303878900956958
21	0.09721335854822984	0.02939008514248809	0.020346982021722523	0.0	0.0	0.0	0.0	0.0011303878900956958	0.01356465468114835	0.004521551560382783	0.024868533582105307	0.07008404918593314	0.0033911636702870875	0.007912715230669871	0.334594815468326	0.0
22	0.0836487038670815	0.0271293093622967	0.02939008514248809	0.0	0.0	0.0	0.0	0.004521551560382783	0.007912715230669871	0.009043103120765566	0.02147736991181822	0.07008404918593314	0.0011303878900956958	0.012434266791052653	0.2204256385686607	0.0
23	0.06104094606516758	0.02147736991181822	0.018086206241531132	0.0	0.0	0.0022607757801913916	0.0	0.031650860922679484	0.006782327340574175	0.009043103120765566	0.01356465468114835	0.05878017028497618	0.007912715230669871	0.03956357615334936	0.20460020810732094	0.0
24	0.15373275305301465	0.09495258276803846	0.05199784294440201	0.0	0.0	0.022607757801913916	0.0	0.04973706716421061	0.009043103120765566	0.04973706716421061	0.040693964043445045	0.15825430461339743	0.046345903493923535	0.1130387890095696	0.25433727527153155	0.010173491010861261
["HYDRO_DAM","C1",*,*] :	1	2	3	4	5	6	7	8	9	10	11	12	13	14	15	16 := 
1	0.00010000000000000003	0.00010000000000000003	0.00010000000000000003	0.00010000000000000003	0.00010000000000000003	0.00010000000000000003	0.00010000000000000003	0.00010000000000000003	0.00010000000000000003	0.00010000000000000003	0.00010000000000000003	0.00010000000000000003	0.00010000000000000003	0.00010000000000000003	0.00010000000000000003	0.00010000000000000003
2	0.00010000000000000003	0.00010000000000000003	0.00010000000000000003	0.00010000000000000003	0.00010000000000000003	0.00010000000000000003	0.00010000000000000003	0.00010000000000000003	0.00010000000000000003	0.00010000000000000003	0.00010000000000000003	0.00010000000000000003	0.00010000000000000003	0.00010000000000000003	0.00010000000000000003	0.00010000000000000003
3	0.00010000000000000003	0.00010000000000000003	0.00010000000000000003	0.00010000000000000003	0.00010000000000000003	0.00010000000000000003	0.00010000000000000003	0.00010000000000000003	0.00010000000000000003	0.00010000000000000003	0.00010000000000000003	0.00010000000000000003	0.00010000000000000003	0.00010000000000000003	0.00010000000000000003	0.00010000000000000003
4	0.00010000000000000003	0.00010000000000000003	0.00010000000000000003	0.00010000000000000003	0.00010000000000000003	0.00010000000000000003	0.00010000000000000003	0.00010000000000000003	0.00010000000000000003	0.00010000000000000003	0.00010000000000000003	0.00010000000000000003	0.00010000000000000003	0.00010000000000000003	0.00010000000000000003	0.00010000000000000003
5	0.00010000000000000003	0.00010000000000000003	0.00010000000000000003	0.00010000000000000003	0.00010000000000000003	0.00010000000000000003	0.00010000000000000003	0.00010000000000000003	0.00010000000000000003	0.00010000000000000003	0.00010000000000000003	0.00010000000000000003	0.00010000000000000003	0.00010000000000000003	0.00010000000000000003	0.00010000000000000003
6	0.00010000000000000003	0.00010000000000000003	0.00010000000000000003	0.00010000000000000003	0.00010000000000000003	0.00010000000000000003	0.00010000000000000003	0.00010000000000000003	0.00010000000000000003	0.00010000000000000003	0.00010000000000000003	0.00010000000000000003	0.00010000000000000003	0.00010000000000000003	0.00010000000000000003	0.00010000000000000003
7	0.00010000000000000003	0.00010000000000000003	0.00010000000000000003	0.00010000000000000003	0.00010000000000000003	0.00010000000000000003	0.00010000000000000003	0.00010000000000000003	0.00010000000000000003	0.00010000000000000003	0.00010000000000000003	0.00010000000000000003	0.00010000000000000003	0.00010000000000000003	0.00010000000000000003	0.00010000000000000003
8	0.00010000000000000003	0.00010000000000000003	0.00010000000000000003	0.00010000000000000003	0.00010000000000000003	0.00010000000000000003	0.00010000000000000003	0.00010000000000000003	0.00010000000000000003	0.00010000000000000003	0.00010000000000000003	0.00010000000000000003	0.00010000000000000003	0.00010000000000000003	0.00010000000000000003	0.00010000000000000003
9	0.00010000000000000003	0.00010000000000000003	0.00010000000000000003	0.00010000000000000003	0.00010000000000000003	0.00010000000000000003	0.00010000000000000003	0.00010000000000000003	0.00010000000000000003	0.00010000000000000003	0.00010000000000000003	0.00010000000000000003	0.00010000000000000003	0.00010000000000000003	0.00010000000000000003	0.00010000000000000003
10	0.00010000000000000003	0.00010000000000000003	0.00010000000000000003	0.00010000000000000003	0.00010000000000000003	0.00010000000000000003	0.00010000000000000003	0.00010000000000000003	0.00010000000000000003	0.00010000000000000003	0.00010000000000000003	0.00010000000000000003	0.00010000000000000003	0.00010000000000000003	0.00010000000000000003	0.00010000000000000003
11	0.00010000000000000003	0.00010000000000000003	0.00010000000000000003	0.00010000000000000003	0.00010000000000000003	0.00010000000000000003	0.00010000000000000003	0.00010000000000000003	0.00010000000000000003	0.00010000000000000003	0.00010000000000000003	0.00010000000000000003	0.00010000000000000003	0.00010000000000000003	0.00010000000000000003	0.00010000000000000003
12	0.00010000000000000003	0.00010000000000000003	0.00010000000000000003	0.00010000000000000003	0.00010000000000000003	0.00010000000000000003	0.00010000000000000003	0.00010000000000000003	0.00010000000000000003	0.00010000000000000003	0.00010000000000000003	0.00010000000000000003	0.00010000000000000003	0.00010000000000000003	0.00010000000000000003	0.00010000000000000003
13	0.00010000000000000003	0.00010000000000000003	0.00010000000000000003	0.00010000000000000003	0.00010000000000000003	0.00010000000000000003	0.00010000000000000003	0.00010000000000000003	0.00010000000000000003	0.00010000000000000003	0.00010000000000000003	0.00010000000000000003	0.00010000000000000003	0.00010000000000000003	0.00010000000000000003	0.00010000000000000003
14	0.00010000000000000003	0.00010000000000000003	0.00010000000000000003	0.00010000000000000003	0.00010000000000000003	0.00010000000000000003	0.00010000000000000003	0.00010000000000000003	0.00010000000000000003	0.00010000000000000003	0.00010000000000000003	0.00010000000000000003	0.00010000000000000003	0.00010000000000000003	0.00010000000000000003	0.00010000000000000003
15	0.00010000000000000003	0.00010000000000000003	0.00010000000000000003	0.00010000000000000003	0.00010000000000000003	0.00010000000000000003	0.00010000000000000003	0.00010000000000000003	0.00010000000000000003	0.00010000000000000003	0.00010000000000000003	0.00010000000000000003	0.00010000000000000003	0.00010000000000000003	0.00010000000000000003	0.00010000000000000003
16	0.00010000000000000003	0.00010000000000000003	0.00010000000000000003	0.00010000000000000003	0.00010000000000000003	0.00010000000000000003	0.00010000000000000003	0.00010000000000000003	0.00010000000000000003	0.00010000000000000003	0.00010000000000000003	0.00010000000000000003	0.00010000000000000003	0.00010000000000000003	0.00010000000000000003	0.00010000000000000003
17	0.00010000000000000003	0.00010000000000000003	0.00010000000000000003	0.00010000000000000003	0.00010000000000000003	0.00010000000000000003	0.00010000000000000003	0.00010000000000000003	0.00010000000000000003	0.00010000000000000003	0.00010000000000000003	0.00010000000000000003	0.00010000000000000003	0.00010000000000000003	0.00010000000000000003	0.00010000000000000003
18	0.00010000000000000003	0.00010000000000000003	0.00010000000000000003	0.00010000000000000003	0.00010000000000000003	0.00010000000000000003	0.00010000000000000003	0.00010000000000000003	0.00010000000000000003	0.00010000000000000003	0.00010000000000000003	0.00010000000000000003	0.00010000000000000003	0.00010000000000000003	0.00010000000000000003	0.00010000000000000003
19	0.00010000000000000003	0.00010000000000000003	0.00010000000000000003	0.00010000000000000003	0.00010000000000000003	0.00010000000000000003	0.00010000000000000003	0.00010000000000000003	0.00010000000000000003	0.00010000000000000003	0.00010000000000000003	0.00010000000000000003	0.00010000000000000003	0.00010000000000000003	0.00010000000000000003	0.00010000000000000003
20	0.00010000000000000003	0.00010000000000000003	0.00010000000000000003	0.00010000000000000003	0.00010000000000000003	0.00010000000000000003	0.00010000000000000003	0.00010000000000000003	0.00010000000000000003	0.00010000000000000003	0.00010000000000000003	0.00010000000000000003	0.00010000000000000003	0.00010000000000000003	0.00010000000000000003	0.00010000000000000003
21	0.00010000000000000003	0.00010000000000000003	0.00010000000000000003	0.00010000000000000003	0.00010000000000000003	0.00010000000000000003	0.00010000000000000003	0.00010000000000000003	0.00010000000000000003	0.00010000000000000003	0.00010000000000000003	0.00010000000000000003	0.00010000000000000003	0.00010000000000000003	0.00010000000000000003	0.00010000000000000003
22	0.00010000000000000003	0.00010000000000000003	0.00010000000000000003	0.00010000000000000003	0.00010000000000000003	0.00010000000000000003	0.00010000000000000003	0.00010000000000000003	0.00010000000000000003	0.00010000000000000003	0.00010000000000000003	0.00010000000000000003	0.00010000000000000003	0.00010000000000000003	0.00010000000000000003	0.00010000000000000003
23	0.00010000000000000003	0.00010000000000000003	0.00010000000000000003	0.00010000000000000003	0.00010000000000000003	0.00010000000000000003	0.00010000000000000003	0.00010000000000000003	0.00010000000000000003	0.00010000000000000003	0.00010000000000000003	0.00010000000000000003	0.00010000000000000003	0.00010000000000000003	0.00010000000000000003	0.00010000000000000003
24	0.00010000000000000003	0.00010000000000000003	0.00010000000000000003	0.00010000000000000003	0.00010000000000000003	0.00010000000000000003	0.00010000000000000003	0.00010000000000000003	0.00010000000000000003	0.00010000000000000003	0.00010000000000000003	0.00010000000000000003	0.00010000000000000003	0.00010000000000000003	0.00010000000000000003	0.00010000000000000003
["HYDRO_DAM","C2",*,*] :	1	2	3	4	5	6	7	8	9	10	11	12	13	14	15	16 := 
1	0.00010000000000000003	0.00010000000000000003	0.00010000000000000003	0.00010000000000000003	0.00010000000000000003	0.00010000000000000003	0.00010000000000000003	0.00010000000000000003	0.00010000000000000003	0.00010000000000000003	0.00010000000000000003	0.00010000000000000003	0.00010000000000000003	0.00010000000000000003	0.00010000000000000003	0.00010000000000000003
2	0.00010000000000000003	0.00010000000000000003	0.00010000000000000003	0.00010000000000000003	0.00010000000000000003	0.00010000000000000003	0.00010000000000000003	0.00010000000000000003	0.00010000000000000003	0.00010000000000000003	0.00010000000000000003	0.00010000000000000003	0.00010000000000000003	0.00010000000000000003	0.00010000000000000003	0.00010000000000000003
3	0.00010000000000000003	0.00010000000000000003	0.00010000000000000003	0.00010000000000000003	0.00010000000000000003	0.00010000000000000003	0.00010000000000000003	0.00010000000000000003	0.00010000000000000003	0.00010000000000000003	0.00010000000000000003	0.00010000000000000003	0.00010000000000000003	0.00010000000000000003	0.00010000000000000003	0.00010000000000000003
4	0.00010000000000000003	0.00010000000000000003	0.00010000000000000003	0.00010000000000000003	0.00010000000000000003	0.00010000000000000003	0.00010000000000000003	0.00010000000000000003	0.00010000000000000003	0.00010000000000000003	0.00010000000000000003	0.00010000000000000003	0.00010000000000000003	0.00010000000000000003	0.00010000000000000003	0.00010000000000000003
5	0.00010000000000000003	0.00010000000000000003	0.00010000000000000003	0.00010000000000000003	0.00010000000000000003	0.00010000000000000003	0.00010000000000000003	0.00010000000000000003	0.00010000000000000003	0.00010000000000000003	0.00010000000000000003	0.00010000000000000003	0.00010000000000000003	0.00010000000000000003	0.00010000000000000003	0.00010000000000000003
6	0.00010000000000000003	0.00010000000000000003	0.00010000000000000003	0.00010000000000000003	0.00010000000000000003	0.00010000000000000003	0.00010000000000000003	0.00010000000000000003	0.00010000000000000003	0.00010000000000000003	0.00010000000000000003	0.00010000000000000003	0.00010000000000000003	0.00010000000000000003	0.00010000000000000003	0.00010000000000000003
7	0.00010000000000000003	0.00010000000000000003	0.00010000000000000003	0.00010000000000000003	0.00010000000000000003	0.00010000000000000003	0.00010000000000000003	0.00010000000000000003	0.00010000000000000003	0.00010000000000000003	0.00010000000000000003	0.00010000000000000003	0.00010000000000000003	0.00010000000000000003	0.00010000000000000003	0.00010000000000000003
8	0.00010000000000000003	0.00010000000000000003	0.00010000000000000003	0.00010000000000000003	0.00010000000000000003	0.00010000000000000003	0.00010000000000000003	0.00010000000000000003	0.00010000000000000003	0.00010000000000000003	0.00010000000000000003	0.00010000000000000003	0.00010000000000000003	0.00010000000000000003	0.00010000000000000003	0.00010000000000000003
9	0.00010000000000000003	0.00010000000000000003	0.00010000000000000003	0.00010000000000000003	0.00010000000000000003	0.00010000000000000003	0.00010000000000000003	0.00010000000000000003	0.00010000000000000003	0.00010000000000000003	0.00010000000000000003	0.00010000000000000003	0.00010000000000000003	0.00010000000000000003	0.00010000000000000003	0.00010000000000000003
10	0.00010000000000000003	0.00010000000000000003	0.00010000000000000003	0.00010000000000000003	0.00010000000000000003	0.00010000000000000003	0.00010000000000000003	0.00010000000000000003	0.00010000000000000003	0.00010000000000000003	0.00010000000000000003	0.00010000000000000003	0.00010000000000000003	0.00010000000000000003	0.00010000000000000003	0.00010000000000000003
11	0.00010000000000000003	0.00010000000000000003	0.00010000000000000003	0.00010000000000000003	0.00010000000000000003	0.00010000000000000003	0.00010000000000000003	0.00010000000000000003	0.00010000000000000003	0.00010000000000000003	0.00010000000000000003	0.00010000000000000003	0.00010000000000000003	0.00010000000000000003	0.00010000000000000003	0.00010000000000000003
12	0.00010000000000000003	0.00010000000000000003	0.00010000000000000003	0.00010000000000000003	0.00010000000000000003	0.00010000000000000003	0.00010000000000000003	0.00010000000000000003	0.00010000000000000003	0.00010000000000000003	0.00010000000000000003	0.00010000000000000003	0.00010000000000000003	0.00010000000000000003	0.00010000000000000003	0.00010000000000000003
13	0.00010000000000000003	0.00010000000000000003	0.00010000000000000003	0.00010000000000000003	0.00010000000000000003	0.00010000000000000003	0.00010000000000000003	0.00010000000000000003	0.00010000000000000003	0.00010000000000000003	0.00010000000000000003	0.00010000000000000003	0.00010000000000000003	0.00010000000000000003	0.00010000000000000003	0.00010000000000000003
14	0.00010000000000000003	0.00010000000000000003	0.00010000000000000003	0.00010000000000000003	0.00010000000000000003	0.00010000000000000003	0.00010000000000000003	0.00010000000000000003	0.00010000000000000003	0.00010000000000000003	0.00010000000000000003	0.00010000000000000003	0.00010000000000000003	0.00010000000000000003	0.00010000000000000003	0.00010000000000000003
15	0.00010000000000000003	0.00010000000000000003	0.00010000000000000003	0.00010000000000000003	0.00010000000000000003	0.00010000000000000003	0.00010000000000000003	0.00010000000000000003	0.00010000000000000003	0.00010000000000000003	0.00010000000000000003	0.00010000000000000003	0.00010000000000000003	0.00010000000000000003	0.00010000000000000003	0.00010000000000000003
16	0.00010000000000000003	0.00010000000000000003	0.00010000000000000003	0.00010000000000000003	0.00010000000000000003	0.00010000000000000003	0.00010000000000000003	0.00010000000000000003	0.00010000000000000003	0.00010000000000000003	0.00010000000000000003	0.00010000000000000003	0.00010000000000000003	0.00010000000000000003	0.00010000000000000003	0.00010000000000000003
17	0.00010000000000000003	0.00010000000000000003	0.00010000000000000003	0.00010000000000000003	0.00010000000000000003	0.00010000000000000003	0.00010000000000000003	0.00010000000000000003	0.00010000000000000003	0.00010000000000000003	0.00010000000000000003	0.00010000000000000003	0.00010000000000000003	0.00010000000000000003	0.00010000000000000003	0.00010000000000000003
18	0.00010000000000000003	0.00010000000000000003	0.00010000000000000003	0.00010000000000000003	0.00010000000000000003	0.00010000000000000003	0.00010000000000000003	0.00010000000000000003	0.00010000000000000003	0.00010000000000000003	0.00010000000000000003	0.00010000000000000003	0.00010000000000000003	0.00010000000000000003	0.00010000000000000003	0.00010000000000000003
19	0.00010000000000000003	0.00010000000000000003	0.00010000000000000003	0.00010000000000000003	0.00010000000000000003	0.00010000000000000003	0.00010000000000000003	0.00010000000000000003	0.00010000000000000003	0.00010000000000000003	0.00010000000000000003	0.00010000000000000003	0.00010000000000000003	0.00010000000000000003	0.00010000000000000003	0.00010000000000000003
20	0.00010000000000000003	0.00010000000000000003	0.00010000000000000003	0.00010000000000000003	0.00010000000000000003	0.00010000000000000003	0.00010000000000000003	0.00010000000000000003	0.00010000000000000003	0.00010000000000000003	0.00010000000000000003	0.00010000000000000003	0.00010000000000000003	0.00010000000000000003	0.00010000000000000003	0.00010000000000000003
21	0.00010000000000000003	0.00010000000000000003	0.00010000000000000003	0.00010000000000000003	0.00010000000000000003	0.00010000000000000003	0.00010000000000000003	0.00010000000000000003	0.00010000000000000003	0.00010000000000000003	0.00010000000000000003	0.00010000000000000003	0.00010000000000000003	0.00010000000000000003	0.00010000000000000003	0.00010000000000000003
22	0.00010000000000000003	0.00010000000000000003	0.00010000000000000003	0.00010000000000000003	0.00010000000000000003	0.00010000000000000003	0.00010000000000000003	0.00010000000000000003	0.00010000000000000003	0.00010000000000000003	0.00010000000000000003	0.00010000000000000003	0.00010000000000000003	0.00010000000000000003	0.00010000000000000003	0.00010000000000000003
23	0.00010000000000000003	0.00010000000000000003	0.00010000000000000003	0.00010000000000000003	0.00010000000000000003	0.00010000000000000003	0.00010000000000000003	0.00010000000000000003	0.00010000000000000003	0.00010000000000000003	0.00010000000000000003	0.00010000000000000003	0.00010000000000000003	0.00010000000000000003	0.00010000000000000003	0.00010000000000000003
24	0.00010000000000000003	0.00010000000000000003	0.00010000000000000003	0.00010000000000000003	0.00010000000000000003	0.00010000000000000003	0.00010000000000000003	0.00010000000000000003	0.00010000000000000003	0.00010000000000000003	0.00010000000000000003	0.00010000000000000003	0.00010000000000000003	0.00010000000000000003	0.00010000000000000003	0.00010000000000000003
["HYDRO_DAM","C3",*,*] :	1	2	3	4	5	6	7	8	9	10	11	12	13	14	15	16 := 
1	0.00010000000000000003	0.00010000000000000003	0.00010000000000000003	0.00010000000000000003	0.00010000000000000003	0.00010000000000000003	0.00010000000000000003	0.00010000000000000003	0.00010000000000000003	0.00010000000000000003	0.00010000000000000003	0.00010000000000000003	0.00010000000000000003	0.00010000000000000003	0.00010000000000000003	0.00010000000000000003
2	0.00010000000000000003	0.00010000000000000003	0.00010000000000000003	0.00010000000000000003	0.00010000000000000003	0.00010000000000000003	0.00010000000000000003	0.00010000000000000003	0.00010000000000000003	0.00010000000000000003	0.00010000000000000003	0.00010000000000000003	0.00010000000000000003	0.00010000000000000003	0.00010000000000000003	0.00010000000000000003
3	0.00010000000000000003	0.00010000000000000003	0.00010000000000000003	0.00010000000000000003	0.00010000000000000003	0.00010000000000000003	0.00010000000000000003	0.00010000000000000003	0.00010000000000000003	0.00010000000000000003	0.00010000000000000003	0.00010000000000000003	0.00010000000000000003	0.00010000000000000003	0.00010000000000000003	0.00010000000000000003
4	0.00010000000000000003	0.00010000000000000003	0.00010000000000000003	0.00010000000000000003	0.00010000000000000003	0.00010000000000000003	0.00010000000000000003	0.00010000000000000003	0.00010000000000000003	0.00010000000000000003	0.00010000000000000003	0.00010000000000000003	0.00010000000000000003	0.00010000000000000003	0.00010000000000000003	0.00010000000000000003
5	0.00010000000000000003	0.00010000000000000003	0.00010000000000000003	0.00010000000000000003	0.00010000000000000003	0.00010000000000000003	0.00010000000000000003	0.00010000000000000003	0.00010000000000000003	0.00010000000000000003	0.00010000000000000003	0.00010000000000000003	0.00010000000000000003	0.00010000000000000003	0.00010000000000000003	0.00010000000000000003
6	0.00010000000000000003	0.00010000000000000003	0.00010000000000000003	0.00010000000000000003	0.00010000000000000003	0.00010000000000000003	0.00010000000000000003	0.00010000000000000003	0.00010000000000000003	0.00010000000000000003	0.00010000000000000003	0.00010000000000000003	0.00010000000000000003	0.00010000000000000003	0.00010000000000000003	0.00010000000000000003
7	0.00010000000000000003	0.00010000000000000003	0.00010000000000000003	0.00010000000000000003	0.00010000000000000003	0.00010000000000000003	0.00010000000000000003	0.00010000000000000003	0.00010000000000000003	0.00010000000000000003	0.00010000000000000003	0.00010000000000000003	0.00010000000000000003	0.00010000000000000003	0.00010000000000000003	0.00010000000000000003
8	0.00010000000000000003	0.00010000000000000003	0.00010000000000000003	0.00010000000000000003	0.00010000000000000003	0.00010000000000000003	0.00010000000000000003	0.00010000000000000003	0.00010000000000000003	0.00010000000000000003	0.00010000000000000003	0.00010000000000000003	0.00010000000000000003	0.00010000000000000003	0.00010000000000000003	0.00010000000000000003
9	0.00010000000000000003	0.00010000000000000003	0.00010000000000000003	0.00010000000000000003	0.00010000000000000003	0.00010000000000000003	0.00010000000000000003	0.00010000000000000003	0.00010000000000000003	0.00010000000000000003	0.00010000000000000003	0.00010000000000000003	0.00010000000000000003	0.00010000000000000003	0.00010000000000000003	0.00010000000000000003
10	0.00010000000000000003	0.00010000000000000003	0.00010000000000000003	0.00010000000000000003	0.00010000000000000003	0.00010000000000000003	0.00010000000000000003	0.00010000000000000003	0.00010000000000000003	0.00010000000000000003	0.00010000000000000003	0.00010000000000000003	0.00010000000000000003	0.00010000000000000003	0.00010000000000000003	0.00010000000000000003
11	0.00010000000000000003	0.00010000000000000003	0.00010000000000000003	0.00010000000000000003	0.00010000000000000003	0.00010000000000000003	0.00010000000000000003	0.00010000000000000003	0.00010000000000000003	0.00010000000000000003	0.00010000000000000003	0.00010000000000000003	0.00010000000000000003	0.00010000000000000003	0.00010000000000000003	0.00010000000000000003
12	0.00010000000000000003	0.00010000000000000003	0.00010000000000000003	0.00010000000000000003	0.00010000000000000003	0.00010000000000000003	0.00010000000000000003	0.00010000000000000003	0.00010000000000000003	0.00010000000000000003	0.00010000000000000003	0.00010000000000000003	0.00010000000000000003	0.00010000000000000003	0.00010000000000000003	0.00010000000000000003
13	0.00010000000000000003	0.00010000000000000003	0.00010000000000000003	0.00010000000000000003	0.00010000000000000003	0.00010000000000000003	0.00010000000000000003	0.00010000000000000003	0.00010000000000000003	0.00010000000000000003	0.00010000000000000003	0.00010000000000000003	0.00010000000000000003	0.00010000000000000003	0.00010000000000000003	0.00010000000000000003
14	0.00010000000000000003	0.00010000000000000003	0.00010000000000000003	0.00010000000000000003	0.00010000000000000003	0.00010000000000000003	0.00010000000000000003	0.00010000000000000003	0.00010000000000000003	0.00010000000000000003	0.00010000000000000003	0.00010000000000000003	0.00010000000000000003	0.00010000000000000003	0.00010000000000000003	0.00010000000000000003
15	0.00010000000000000003	0.00010000000000000003	0.00010000000000000003	0.00010000000000000003	0.00010000000000000003	0.00010000000000000003	0.00010000000000000003	0.00010000000000000003	0.00010000000000000003	0.00010000000000000003	0.00010000000000000003	0.00010000000000000003	0.00010000000000000003	0.00010000000000000003	0.00010000000000000003	0.00010000000000000003
16	0.00010000000000000003	0.00010000000000000003	0.00010000000000000003	0.00010000000000000003	0.00010000000000000003	0.00010000000000000003	0.00010000000000000003	0.00010000000000000003	0.00010000000000000003	0.00010000000000000003	0.00010000000000000003	0.00010000000000000003	0.00010000000000000003	0.00010000000000000003	0.00010000000000000003	0.00010000000000000003
17	0.00010000000000000003	0.00010000000000000003	0.00010000000000000003	0.00010000000000000003	0.00010000000000000003	0.00010000000000000003	0.00010000000000000003	0.00010000000000000003	0.00010000000000000003	0.00010000000000000003	0.00010000000000000003	0.00010000000000000003	0.00010000000000000003	0.00010000000000000003	0.00010000000000000003	0.00010000000000000003
18	0.00010000000000000003	0.00010000000000000003	0.00010000000000000003	0.00010000000000000003	0.00010000000000000003	0.00010000000000000003	0.00010000000000000003	0.00010000000000000003	0.00010000000000000003	0.00010000000000000003	0.00010000000000000003	0.00010000000000000003	0.00010000000000000003	0.00010000000000000003	0.00010000000000000003	0.00010000000000000003
19	0.00010000000000000003	0.00010000000000000003	0.00010000000000000003	0.00010000000000000003	0.00010000000000000003	0.00010000000000000003	0.00010000000000000003	0.00010000000000000003	0.00010000000000000003	0.00010000000000000003	0.00010000000000000003	0.00010000000000000003	0.00010000000000000003	0.00010000000000000003	0.00010000000000000003	0.00010000000000000003
20	0.00010000000000000003	0.00010000000000000003	0.00010000000000000003	0.00010000000000000003	0.00010000000000000003	0.00010000000000000003	0.00010000000000000003	0.00010000000000000003	0.00010000000000000003	0.00010000000000000003	0.00010000000000000003	0.00010000000000000003	0.00010000000000000003	0.00010000000000000003	0.00010000000000000003	0.00010000000000000003
21	0.00010000000000000003	0.00010000000000000003	0.00010000000000000003	0.00010000000000000003	0.00010000000000000003	0.00010000000000000003	0.00010000000000000003	0.00010000000000000003	0.00010000000000000003	0.00010000000000000003	0.00010000000000000003	0.00010000000000000003	0.00010000000000000003	0.00010000000000000003	0.00010000000000000003	0.00010000000000000003
22	0.00010000000000000003	0.00010000000000000003	0.00010000000000000003	0.00010000000000000003	0.00010000000000000003	0.00010000000000000003	0.00010000000000000003	0.00010000000000000003	0.00010000000000000003	0.00010000000000000003	0.00010000000000000003	0.00010000000000000003	0.00010000000000000003	0.00010000000000000003	0.00010000000000000003	0.00010000000000000003
23	0.00010000000000000003	0.00010000000000000003	0.00010000000000000003	0.00010000000000000003	0.00010000000000000003	0.00010000000000000003	0.00010000000000000003	0.00010000000000000003	0.00010000000000000003	0.00010000000000000003	0.00010000000000000003	0.00010000000000000003	0.00010000000000000003	0.00010000000000000003	0.00010000000000000003	0.00010000000000000003
24	0.00010000000000000003	0.00010000000000000003	0.00010000000000000003	0.00010000000000000003	0.00010000000000000003	0.00010000000000000003	0.00010000000000000003	0.00010000000000000003	0.00010000000000000003	0.00010000000000000003	0.00010000000000000003	0.00010000000000000003	0.00010000000000000003	0.00010000000000000003	0.00010000000000000003	0.00010000000000000003
["HYDRO_DAM","C4",*,*] :	1	2	3	4	5	6	7	8	9	10	11	12	13	14	15	16 := 
1	0.00010000000000000003	0.00010000000000000003	0.00010000000000000003	0.00010000000000000003	0.00010000000000000003	0.00010000000000000003	0.00010000000000000003	0.00010000000000000003	0.00010000000000000003	0.00010000000000000003	0.00010000000000000003	0.00010000000000000003	0.00010000000000000003	0.00010000000000000003	0.00010000000000000003	0.00010000000000000003
2	0.00010000000000000003	0.00010000000000000003	0.00010000000000000003	0.00010000000000000003	0.00010000000000000003	0.00010000000000000003	0.00010000000000000003	0.00010000000000000003	0.00010000000000000003	0.00010000000000000003	0.00010000000000000003	0.00010000000000000003	0.00010000000000000003	0.00010000000000000003	0.00010000000000000003	0.00010000000000000003
3	0.00010000000000000003	0.00010000000000000003	0.00010000000000000003	0.00010000000000000003	0.00010000000000000003	0.00010000000000000003	0.00010000000000000003	0.00010000000000000003	0.00010000000000000003	0.00010000000000000003	0.00010000000000000003	0.00010000000000000003	0.00010000000000000003	0.00010000000000000003	0.00010000000000000003	0.00010000000000000003
4	0.00010000000000000003	0.00010000000000000003	0.00010000000000000003	0.00010000000000000003	0.00010000000000000003	0.00010000000000000003	0.00010000000000000003	0.00010000000000000003	0.00010000000000000003	0.00010000000000000003	0.00010000000000000003	0.00010000000000000003	0.00010000000000000003	0.00010000000000000003	0.00010000000000000003	0.00010000000000000003
5	0.00010000000000000003	0.00010000000000000003	0.00010000000000000003	0.00010000000000000003	0.00010000000000000003	0.00010000000000000003	0.00010000000000000003	0.00010000000000000003	0.00010000000000000003	0.00010000000000000003	0.00010000000000000003	0.00010000000000000003	0.00010000000000000003	0.00010000000000000003	0.00010000000000000003	0.00010000000000000003
6	0.00010000000000000003	0.00010000000000000003	0.00010000000000000003	0.00010000000000000003	0.00010000000000000003	0.00010000000000000003	0.00010000000000000003	0.00010000000000000003	0.00010000000000000003	0.00010000000000000003	0.00010000000000000003	0.00010000000000000003	0.00010000000000000003	0.00010000000000000003	0.00010000000000000003	0.00010000000000000003
7	0.00010000000000000003	0.00010000000000000003	0.00010000000000000003	0.00010000000000000003	0.00010000000000000003	0.00010000000000000003	0.00010000000000000003	0.00010000000000000003	0.00010000000000000003	0.00010000000000000003	0.00010000000000000003	0.00010000000000000003	0.00010000000000000003	0.00010000000000000003	0.00010000000000000003	0.00010000000000000003
8	0.00010000000000000003	0.00010000000000000003	0.00010000000000000003	0.00010000000000000003	0.00010000000000000003	0.00010000000000000003	0.00010000000000000003	0.00010000000000000003	0.00010000000000000003	0.00010000000000000003	0.00010000000000000003	0.00010000000000000003	0.00010000000000000003	0.00010000000000000003	0.00010000000000000003	0.00010000000000000003
9	0.00010000000000000003	0.00010000000000000003	0.00010000000000000003	0.00010000000000000003	0.00010000000000000003	0.00010000000000000003	0.00010000000000000003	0.00010000000000000003	0.00010000000000000003	0.00010000000000000003	0.00010000000000000003	0.00010000000000000003	0.00010000000000000003	0.00010000000000000003	0.00010000000000000003	0.00010000000000000003
10	0.00010000000000000003	0.00010000000000000003	0.00010000000000000003	0.00010000000000000003	0.00010000000000000003	0.00010000000000000003	0.00010000000000000003	0.00010000000000000003	0.00010000000000000003	0.00010000000000000003	0.00010000000000000003	0.00010000000000000003	0.00010000000000000003	0.00010000000000000003	0.00010000000000000003	0.00010000000000000003
11	0.00010000000000000003	0.00010000000000000003	0.00010000000000000003	0.00010000000000000003	0.00010000000000000003	0.00010000000000000003	0.00010000000000000003	0.00010000000000000003	0.00010000000000000003	0.00010000000000000003	0.00010000000000000003	0.00010000000000000003	0.00010000000000000003	0.00010000000000000003	0.00010000000000000003	0.00010000000000000003
12	0.00010000000000000003	0.00010000000000000003	0.00010000000000000003	0.00010000000000000003	0.00010000000000000003	0.00010000000000000003	0.00010000000000000003	0.00010000000000000003	0.00010000000000000003	0.00010000000000000003	0.00010000000000000003	0.00010000000000000003	0.00010000000000000003	0.00010000000000000003	0.00010000000000000003	0.00010000000000000003
13	0.00010000000000000003	0.00010000000000000003	0.00010000000000000003	0.00010000000000000003	0.00010000000000000003	0.00010000000000000003	0.00010000000000000003	0.00010000000000000003	0.00010000000000000003	0.00010000000000000003	0.00010000000000000003	0.00010000000000000003	0.00010000000000000003	0.00010000000000000003	0.00010000000000000003	0.00010000000000000003
14	0.00010000000000000003	0.00010000000000000003	0.00010000000000000003	0.00010000000000000003	0.00010000000000000003	0.00010000000000000003	0.00010000000000000003	0.00010000000000000003	0.00010000000000000003	0.00010000000000000003	0.00010000000000000003	0.00010000000000000003	0.00010000000000000003	0.00010000000000000003	0.00010000000000000003	0.00010000000000000003
15	0.00010000000000000003	0.00010000000000000003	0.00010000000000000003	0.00010000000000000003	0.00010000000000000003	0.00010000000000000003	0.00010000000000000003	0.00010000000000000003	0.00010000000000000003	0.00010000000000000003	0.00010000000000000003	0.00010000000000000003	0.00010000000000000003	0.00010000000000000003	0.00010000000000000003	0.00010000000000000003
16	0.00010000000000000003	0.00010000000000000003	0.00010000000000000003	0.00010000000000000003	0.00010000000000000003	0.00010000000000000003	0.00010000000000000003	0.00010000000000000003	0.00010000000000000003	0.00010000000000000003	0.00010000000000000003	0.00010000000000000003	0.00010000000000000003	0.00010000000000000003	0.00010000000000000003	0.00010000000000000003
17	0.00010000000000000003	0.00010000000000000003	0.00010000000000000003	0.00010000000000000003	0.00010000000000000003	0.00010000000000000003	0.00010000000000000003	0.00010000000000000003	0.00010000000000000003	0.00010000000000000003	0.00010000000000000003	0.00010000000000000003	0.00010000000000000003	0.00010000000000000003	0.00010000000000000003	0.00010000000000000003
18	0.00010000000000000003	0.00010000000000000003	0.00010000000000000003	0.00010000000000000003	0.00010000000000000003	0.00010000000000000003	0.00010000000000000003	0.00010000000000000003	0.00010000000000000003	0.00010000000000000003	0.00010000000000000003	0.00010000000000000003	0.00010000000000000003	0.00010000000000000003	0.00010000000000000003	0.00010000000000000003
19	0.00010000000000000003	0.00010000000000000003	0.00010000000000000003	0.00010000000000000003	0.00010000000000000003	0.00010000000000000003	0.00010000000000000003	0.00010000000000000003	0.00010000000000000003	0.00010000000000000003	0.00010000000000000003	0.00010000000000000003	0.00010000000000000003	0.00010000000000000003	0.00010000000000000003	0.00010000000000000003
20	0.00010000000000000003	0.00010000000000000003	0.00010000000000000003	0.00010000000000000003	0.00010000000000000003	0.00010000000000000003	0.00010000000000000003	0.00010000000000000003	0.00010000000000000003	0.00010000000000000003	0.00010000000000000003	0.00010000000000000003	0.00010000000000000003	0.00010000000000000003	0.00010000000000000003	0.00010000000000000003
21	0.00010000000000000003	0.00010000000000000003	0.00010000000000000003	0.00010000000000000003	0.00010000000000000003	0.00010000000000000003	0.00010000000000000003	0.00010000000000000003	0.00010000000000000003	0.00010000000000000003	0.00010000000000000003	0.00010000000000000003	0.00010000000000000003	0.00010000000000000003	0.00010000000000000003	0.00010000000000000003
22	0.00010000000000000003	0.00010000000000000003	0.00010000000000000003	0.00010000000000000003	0.00010000000000000003	0.00010000000000000003	0.00010000000000000003	0.00010000000000000003	0.00010000000000000003	0.00010000000000000003	0.00010000000000000003	0.00010000000000000003	0.00010000000000000003	0.00010000000000000003	0.00010000000000000003	0.00010000000000000003
23	0.00010000000000000003	0.00010000000000000003	0.00010000000000000003	0.00010000000000000003	0.00010000000000000003	0.00010000000000000003	0.00010000000000000003	0.00010000000000000003	0.00010000000000000003	0.00010000000000000003	0.00010000000000000003	0.00010000000000000003	0.00010000000000000003	0.00010000000000000003	0.00010000000000000003	0.00010000000000000003
24	0.00010000000000000003	0.00010000000000000003	0.00010000000000000003	0.00010000000000000003	0.00010000000000000003	0.00010000000000000003	0.00010000000000000003	0.00010000000000000003	0.00010000000000000003	0.00010000000000000003	0.00010000000000000003	0.00010000000000000003	0.00010000000000000003	0.00010000000000000003	0.00010000000000000003	0.00010000000000000003
["HYDRO_DAM","C5",*,*] :	1	2	3	4	5	6	7	8	9	10	11	12	13	14	15	16 := 
1	0.00010000000000000003	0.00010000000000000003	0.00010000000000000003	0.00010000000000000003	0.00010000000000000003	0.00010000000000000003	0.00010000000000000003	0.00010000000000000003	0.00010000000000000003	0.00010000000000000003	0.00010000000000000003	0.00010000000000000003	0.00010000000000000003	0.00010000000000000003	0.00010000000000000003	0.00010000000000000003
2	0.00010000000000000003	0.00010000000000000003	0.00010000000000000003	0.00010000000000000003	0.00010000000000000003	0.00010000000000000003	0.00010000000000000003	0.00010000000000000003	0.00010000000000000003	0.00010000000000000003	0.00010000000000000003	0.00010000000000000003	0.00010000000000000003	0.00010000000000000003	0.00010000000000000003	0.00010000000000000003
3	0.00010000000000000003	0.00010000000000000003	0.00010000000000000003	0.00010000000000000003	0.00010000000000000003	0.00010000000000000003	0.00010000000000000003	0.00010000000000000003	0.00010000000000000003	0.00010000000000000003	0.00010000000000000003	0.00010000000000000003	0.00010000000000000003	0.00010000000000000003	0.00010000000000000003	0.00010000000000000003
4	0.00010000000000000003	0.00010000000000000003	0.00010000000000000003	0.00010000000000000003	0.00010000000000000003	0.00010000000000000003	0.00010000000000000003	0.00010000000000000003	0.00010000000000000003	0.00010000000000000003	0.00010000000000000003	0.00010000000000000003	0.00010000000000000003	0.00010000000000000003	0.00010000000000000003	0.00010000000000000003
5	0.00010000000000000003	0.00010000000000000003	0.00010000000000000003	0.00010000000000000003	0.00010000000000000003	0.00010000000000000003	0.00010000000000000003	0.00010000000000000003	0.00010000000000000003	0.00010000000000000003	0.00010000000000000003	0.00010000000000000003	0.00010000000000000003	0.00010000000000000003	0.00010000000000000003	0.00010000000000000003
6	0.00010000000000000003	0.00010000000000000003	0.00010000000000000003	0.00010000000000000003	0.00010000000000000003	0.00010000000000000003	0.00010000000000000003	0.00010000000000000003	0.00010000000000000003	0.00010000000000000003	0.00010000000000000003	0.00010000000000000003	0.00010000000000000003	0.00010000000000000003	0.00010000000000000003	0.00010000000000000003
7	0.00010000000000000003	0.00010000000000000003	0.00010000000000000003	0.00010000000000000003	0.00010000000000000003	0.00010000000000000003	0.00010000000000000003	0.00010000000000000003	0.00010000000000000003	0.00010000000000000003	0.00010000000000000003	0.00010000000000000003	0.00010000000000000003	0.00010000000000000003	0.00010000000000000003	0.00010000000000000003
8	0.00010000000000000003	0.00010000000000000003	0.00010000000000000003	0.00010000000000000003	0.00010000000000000003	0.00010000000000000003	0.00010000000000000003	0.00010000000000000003	0.00010000000000000003	0.00010000000000000003	0.00010000000000000003	0.00010000000000000003	0.00010000000000000003	0.00010000000000000003	0.00010000000000000003	0.00010000000000000003
9	0.00010000000000000003	0.00010000000000000003	0.00010000000000000003	0.00010000000000000003	0.00010000000000000003	0.00010000000000000003	0.00010000000000000003	0.00010000000000000003	0.00010000000000000003	0.00010000000000000003	0.00010000000000000003	0.00010000000000000003	0.00010000000000000003	0.00010000000000000003	0.00010000000000000003	0.00010000000000000003
10	0.00010000000000000003	0.00010000000000000003	0.00010000000000000003	0.00010000000000000003	0.00010000000000000003	0.00010000000000000003	0.00010000000000000003	0.00010000000000000003	0.00010000000000000003	0.00010000000000000003	0.00010000000000000003	0.00010000000000000003	0.00010000000000000003	0.00010000000000000003	0.00010000000000000003	0.00010000000000000003
11	0.00010000000000000003	0.00010000000000000003	0.00010000000000000003	0.00010000000000000003	0.00010000000000000003	0.00010000000000000003	0.00010000000000000003	0.00010000000000000003	0.00010000000000000003	0.00010000000000000003	0.00010000000000000003	0.00010000000000000003	0.00010000000000000003	0.00010000000000000003	0.00010000000000000003	0.00010000000000000003
12	0.00010000000000000003	0.00010000000000000003	0.00010000000000000003	0.00010000000000000003	0.00010000000000000003	0.00010000000000000003	0.00010000000000000003	0.00010000000000000003	0.00010000000000000003	0.00010000000000000003	0.00010000000000000003	0.00010000000000000003	0.00010000000000000003	0.00010000000000000003	0.00010000000000000003	0.00010000000000000003
13	0.00010000000000000003	0.00010000000000000003	0.00010000000000000003	0.00010000000000000003	0.00010000000000000003	0.00010000000000000003	0.00010000000000000003	0.00010000000000000003	0.00010000000000000003	0.00010000000000000003	0.00010000000000000003	0.00010000000000000003	0.00010000000000000003	0.00010000000000000003	0.00010000000000000003	0.00010000000000000003
14	0.00010000000000000003	0.00010000000000000003	0.00010000000000000003	0.00010000000000000003	0.00010000000000000003	0.00010000000000000003	0.00010000000000000003	0.00010000000000000003	0.00010000000000000003	0.00010000000000000003	0.00010000000000000003	0.00010000000000000003	0.00010000000000000003	0.00010000000000000003	0.00010000000000000003	0.00010000000000000003
15	0.00010000000000000003	0.00010000000000000003	0.00010000000000000003	0.00010000000000000003	0.00010000000000000003	0.00010000000000000003	0.00010000000000000003	0.00010000000000000003	0.00010000000000000003	0.00010000000000000003	0.00010000000000000003	0.00010000000000000003	0.00010000000000000003	0.00010000000000000003	0.00010000000000000003	0.00010000000000000003
16	0.00010000000000000003	0.00010000000000000003	0.00010000000000000003	0.00010000000000000003	0.00010000000000000003	0.00010000000000000003	0.00010000000000000003	0.00010000000000000003	0.00010000000000000003	0.00010000000000000003	0.00010000000000000003	0.00010000000000000003	0.00010000000000000003	0.00010000000000000003	0.00010000000000000003	0.00010000000000000003
17	0.00010000000000000003	0.00010000000000000003	0.00010000000000000003	0.00010000000000000003	0.00010000000000000003	0.00010000000000000003	0.00010000000000000003	0.00010000000000000003	0.00010000000000000003	0.00010000000000000003	0.00010000000000000003	0.00010000000000000003	0.00010000000000000003	0.00010000000000000003	0.00010000000000000003	0.00010000000000000003
18	0.00010000000000000003	0.00010000000000000003	0.00010000000000000003	0.00010000000000000003	0.00010000000000000003	0.00010000000000000003	0.00010000000000000003	0.00010000000000000003	0.00010000000000000003	0.00010000000000000003	0.00010000000000000003	0.00010000000000000003	0.00010000000000000003	0.00010000000000000003	0.00010000000000000003	0.00010000000000000003
19	0.00010000000000000003	0.00010000000000000003	0.00010000000000000003	0.00010000000000000003	0.00010000000000000003	0.00010000000000000003	0.00010000000000000003	0.00010000000000000003	0.00010000000000000003	0.00010000000000000003	0.00010000000000000003	0.00010000000000000003	0.00010000000000000003	0.00010000000000000003	0.00010000000000000003	0.00010000000000000003
20	0.00010000000000000003	0.00010000000000000003	0.00010000000000000003	0.00010000000000000003	0.00010000000000000003	0.00010000000000000003	0.00010000000000000003	0.00010000000000000003	0.00010000000000000003	0.00010000000000000003	0.00010000000000000003	0.00010000000000000003	0.00010000000000000003	0.00010000000000000003	0.00010000000000000003	0.00010000000000000003
21	0.00010000000000000003	0.00010000000000000003	0.00010000000000000003	0.00010000000000000003	0.00010000000000000003	0.00010000000000000003	0.00010000000000000003	0.00010000000000000003	0.00010000000000000003	0.00010000000000000003	0.00010000000000000003	0.00010000000000000003	0.00010000000000000003	0.00010000000000000003	0.00010000000000000003	0.00010000000000000003
22	0.00010000000000000003	0.00010000000000000003	0.00010000000000000003	0.00010000000000000003	0.00010000000000000003	0.00010000000000000003	0.00010000000000000003	0.00010000000000000003	0.00010000000000000003	0.00010000000000000003	0.00010000000000000003	0.00010000000000000003	0.00010000000000000003	0.00010000000000000003	0.00010000000000000003	0.00010000000000000003
23	0.00010000000000000003	0.00010000000000000003	0.00010000000000000003	0.00010000000000000003	0.00010000000000000003	0.00010000000000000003	0.00010000000000000003	0.00010000000000000003	0.00010000000000000003	0.00010000000000000003	0.00010000000000000003	0.00010000000000000003	0.00010000000000000003	0.00010000000000000003	0.00010000000000000003	0.00010000000000000003
24	0.00010000000000000003	0.00010000000000000003	0.00010000000000000003	0.00010000000000000003	0.00010000000000000003	0.00010000000000000003	0.00010000000000000003	0.00010000000000000003	0.00010000000000000003	0.00010000000000000003	0.00010000000000000003	0.00010000000000000003	0.00010000000000000003	0.00010000000000000003	0.00010000000000000003	0.00010000000000000003
["HYDRO_RIVER","C1",*,*] :	1	2	3	4	5	6	7	8	9	10	11	12	13	14	15	16 := 
1	0.00010000000000000003	0.00010000000000000003	0.00010000000000000003	0.00010000000000000003	0.00010000000000000003	0.00010000000000000003	0.00010000000000000003	0.00010000000000000003	0.00010000000000000003	0.00010000000000000003	0.00010000000000000003	0.00010000000000000003	0.00010000000000000003	0.00010000000000000003	0.00010000000000000003	0.00010000000000000003
2	0.00010000000000000003	0.00010000000000000003	0.00010000000000000003	0.00010000000000000003	0.00010000000000000003	0.00010000000000000003	0.00010000000000000003	0.00010000000000000003	0.00010000000000000003	0.00010000000000000003	0.00010000000000000003	0.00010000000000000003	0.00010000000000000003	0.00010000000000000003	0.00010000000000000003	0.00010000000000000003
3	0.00010000000000000003	0.00010000000000000003	0.00010000000000000003	0.00010000000000000003	0.00010000000000000003	0.00010000000000000003	0.00010000000000000003	0.00010000000000000003	0.00010000000000000003	0.00010000000000000003	0.00010000000000000003	0.00010000000000000003	0.00010000000000000003	0.00010000000000000003	0.00010000000000000003	0.00010000000000000003
4	0.00010000000000000003	0.00010000000000000003	0.00010000000000000003	0.00010000000000000003	0.00010000000000000003	0.00010000000000000003	0.00010000000000000003	0.00010000000000000003	0.00010000000000000003	0.00010000000000000003	0.00010000000000000003	0.00010000000000000003	0.00010000000000000003	0.00010000000000000003	0.00010000000000000003	0.00010000000000000003
5	0.00010000000000000003	0.00010000000000000003	0.00010000000000000003	0.00010000000000000003	0.00010000000000000003	0.00010000000000000003	0.00010000000000000003	0.00010000000000000003	0.00010000000000000003	0.00010000000000000003	0.00010000000000000003	0.00010000000000000003	0.00010000000000000003	0.00010000000000000003	0.00010000000000000003	0.00010000000000000003
6	0.00010000000000000003	0.00010000000000000003	0.00010000000000000003	0.00010000000000000003	0.00010000000000000003	0.00010000000000000003	0.00010000000000000003	0.00010000000000000003	0.00010000000000000003	0.00010000000000000003	0.00010000000000000003	0.00010000000000000003	0.00010000000000000003	0.00010000000000000003	0.00010000000000000003	0.00010000000000000003
7	0.00010000000000000003	0.00010000000000000003	0.00010000000000000003	0.00010000000000000003	0.00010000000000000003	0.00010000000000000003	0.00010000000000000003	0.00010000000000000003	0.00010000000000000003	0.00010000000000000003	0.00010000000000000003	0.00010000000000000003	0.00010000000000000003	0.00010000000000000003	0.00010000000000000003	0.00010000000000000003
8	0.00010000000000000003	0.00010000000000000003	0.00010000000000000003	0.00010000000000000003	0.00010000000000000003	0.00010000000000000003	0.00010000000000000003	0.00010000000000000003	0.00010000000000000003	0.00010000000000000003	0.00010000000000000003	0.00010000000000000003	0.00010000000000000003	0.00010000000000000003	0.00010000000000000003	0.00010000000000000003
9	0.00010000000000000003	0.00010000000000000003	0.00010000000000000003	0.00010000000000000003	0.00010000000000000003	0.00010000000000000003	0.00010000000000000003	0.00010000000000000003	0.00010000000000000003	0.00010000000000000003	0.00010000000000000003	0.00010000000000000003	0.00010000000000000003	0.00010000000000000003	0.00010000000000000003	0.00010000000000000003
10	0.00010000000000000003	0.00010000000000000003	0.00010000000000000003	0.00010000000000000003	0.00010000000000000003	0.00010000000000000003	0.00010000000000000003	0.00010000000000000003	0.00010000000000000003	0.00010000000000000003	0.00010000000000000003	0.00010000000000000003	0.00010000000000000003	0.00010000000000000003	0.00010000000000000003	0.00010000000000000003
11	0.00010000000000000003	0.00010000000000000003	0.00010000000000000003	0.00010000000000000003	0.00010000000000000003	0.00010000000000000003	0.00010000000000000003	0.00010000000000000003	0.00010000000000000003	0.00010000000000000003	0.00010000000000000003	0.00010000000000000003	0.00010000000000000003	0.00010000000000000003	0.00010000000000000003	0.00010000000000000003
12	0.00010000000000000003	0.00010000000000000003	0.00010000000000000003	0.00010000000000000003	0.00010000000000000003	0.00010000000000000003	0.00010000000000000003	0.00010000000000000003	0.00010000000000000003	0.00010000000000000003	0.00010000000000000003	0.00010000000000000003	0.00010000000000000003	0.00010000000000000003	0.00010000000000000003	0.00010000000000000003
13	0.00010000000000000003	0.00010000000000000003	0.00010000000000000003	0.00010000000000000003	0.00010000000000000003	0.00010000000000000003	0.00010000000000000003	0.00010000000000000003	0.00010000000000000003	0.00010000000000000003	0.00010000000000000003	0.00010000000000000003	0.00010000000000000003	0.00010000000000000003	0.00010000000000000003	0.00010000000000000003
14	0.00010000000000000003	0.00010000000000000003	0.00010000000000000003	0.00010000000000000003	0.00010000000000000003	0.00010000000000000003	0.00010000000000000003	0.00010000000000000003	0.00010000000000000003	0.00010000000000000003	0.00010000000000000003	0.00010000000000000003	0.00010000000000000003	0.00010000000000000003	0.00010000000000000003	0.00010000000000000003
15	0.00010000000000000003	0.00010000000000000003	0.00010000000000000003	0.00010000000000000003	0.00010000000000000003	0.00010000000000000003	0.00010000000000000003	0.00010000000000000003	0.00010000000000000003	0.00010000000000000003	0.00010000000000000003	0.00010000000000000003	0.00010000000000000003	0.00010000000000000003	0.00010000000000000003	0.00010000000000000003
16	0.00010000000000000003	0.00010000000000000003	0.00010000000000000003	0.00010000000000000003	0.00010000000000000003	0.00010000000000000003	0.00010000000000000003	0.00010000000000000003	0.00010000000000000003	0.00010000000000000003	0.00010000000000000003	0.00010000000000000003	0.00010000000000000003	0.00010000000000000003	0.00010000000000000003	0.00010000000000000003
17	0.00010000000000000003	0.00010000000000000003	0.00010000000000000003	0.00010000000000000003	0.00010000000000000003	0.00010000000000000003	0.00010000000000000003	0.00010000000000000003	0.00010000000000000003	0.00010000000000000003	0.00010000000000000003	0.00010000000000000003	0.00010000000000000003	0.00010000000000000003	0.00010000000000000003	0.00010000000000000003
18	0.00010000000000000003	0.00010000000000000003	0.00010000000000000003	0.00010000000000000003	0.00010000000000000003	0.00010000000000000003	0.00010000000000000003	0.00010000000000000003	0.00010000000000000003	0.00010000000000000003	0.00010000000000000003	0.00010000000000000003	0.00010000000000000003	0.00010000000000000003	0.00010000000000000003	0.00010000000000000003
19	0.00010000000000000003	0.00010000000000000003	0.00010000000000000003	0.00010000000000000003	0.00010000000000000003	0.00010000000000000003	0.00010000000000000003	0.00010000000000000003	0.00010000000000000003	0.00010000000000000003	0.00010000000000000003	0.00010000000000000003	0.00010000000000000003	0.00010000000000000003	0.00010000000000000003	0.00010000000000000003
20	0.00010000000000000003	0.00010000000000000003	0.00010000000000000003	0.00010000000000000003	0.00010000000000000003	0.00010000000000000003	0.00010000000000000003	0.00010000000000000003	0.00010000000000000003	0.00010000000000000003	0.00010000000000000003	0.00010000000000000003	0.00010000000000000003	0.00010000000000000003	0.00010000000000000003	0.00010000000000000003
21	0.00010000000000000003	0.00010000000000000003	0.00010000000000000003	0.00010000000000000003	0.00010000000000000003	0.00010000000000000003	0.00010000000000000003	0.00010000000000000003	0.00010000000000000003	0.00010000000000000003	0.00010000000000000003	0.00010000000000000003	0.00010000000000000003	0.00010000000000000003	0.00010000000000000003	0.00010000000000000003
22	0.00010000000000000003	0.00010000000000000003	0.00010000000000000003	0.00010000000000000003	0.00010000000000000003	0.00010000000000000003	0.00010000000000000003	0.00010000000000000003	0.00010000000000000003	0.00010000000000000003	0.00010000000000000003	0.00010000000000000003	0.00010000000000000003	0.00010000000000000003	0.00010000000000000003	0.00010000000000000003
23	0.00010000000000000003	0.00010000000000000003	0.00010000000000000003	0.00010000000000000003	0.00010000000000000003	0.00010000000000000003	0.00010000000000000003	0.00010000000000000003	0.00010000000000000003	0.00010000000000000003	0.00010000000000000003	0.00010000000000000003	0.00010000000000000003	0.00010000000000000003	0.00010000000000000003	0.00010000000000000003
24	0.00010000000000000003	0.00010000000000000003	0.00010000000000000003	0.00010000000000000003	0.00010000000000000003	0.00010000000000000003	0.00010000000000000003	0.00010000000000000003	0.00010000000000000003	0.00010000000000000003	0.00010000000000000003	0.00010000000000000003	0.00010000000000000003	0.00010000000000000003	0.00010000000000000003	0.00010000000000000003
["HYDRO_RIVER","C2",*,*] :	1	2	3	4	5	6	7	8	9	10	11	12	13	14	15	16 := 
1	0.00010000000000000003	0.00010000000000000003	0.00010000000000000003	0.00010000000000000003	0.00010000000000000003	0.00010000000000000003	0.00010000000000000003	0.00010000000000000003	0.00010000000000000003	0.00010000000000000003	0.00010000000000000003	0.00010000000000000003	0.00010000000000000003	0.00010000000000000003	0.00010000000000000003	0.00010000000000000003
2	0.00010000000000000003	0.00010000000000000003	0.00010000000000000003	0.00010000000000000003	0.00010000000000000003	0.00010000000000000003	0.00010000000000000003	0.00010000000000000003	0.00010000000000000003	0.00010000000000000003	0.00010000000000000003	0.00010000000000000003	0.00010000000000000003	0.00010000000000000003	0.00010000000000000003	0.00010000000000000003
3	0.00010000000000000003	0.00010000000000000003	0.00010000000000000003	0.00010000000000000003	0.00010000000000000003	0.00010000000000000003	0.00010000000000000003	0.00010000000000000003	0.00010000000000000003	0.00010000000000000003	0.00010000000000000003	0.00010000000000000003	0.00010000000000000003	0.00010000000000000003	0.00010000000000000003	0.00010000000000000003
4	0.00010000000000000003	0.00010000000000000003	0.00010000000000000003	0.00010000000000000003	0.00010000000000000003	0.00010000000000000003	0.00010000000000000003	0.00010000000000000003	0.00010000000000000003	0.00010000000000000003	0.00010000000000000003	0.00010000000000000003	0.00010000000000000003	0.00010000000000000003	0.00010000000000000003	0.00010000000000000003
5	0.00010000000000000003	0.00010000000000000003	0.00010000000000000003	0.00010000000000000003	0.00010000000000000003	0.00010000000000000003	0.00010000000000000003	0.00010000000000000003	0.00010000000000000003	0.00010000000000000003	0.00010000000000000003	0.00010000000000000003	0.00010000000000000003	0.00010000000000000003	0.00010000000000000003	0.00010000000000000003
6	0.00010000000000000003	0.00010000000000000003	0.00010000000000000003	0.00010000000000000003	0.00010000000000000003	0.00010000000000000003	0.00010000000000000003	0.00010000000000000003	0.00010000000000000003	0.00010000000000000003	0.00010000000000000003	0.00010000000000000003	0.00010000000000000003	0.00010000000000000003	0.00010000000000000003	0.00010000000000000003
7	0.00010000000000000003	0.00010000000000000003	0.00010000000000000003	0.00010000000000000003	0.00010000000000000003	0.00010000000000000003	0.00010000000000000003	0.00010000000000000003	0.00010000000000000003	0.00010000000000000003	0.00010000000000000003	0.00010000000000000003	0.00010000000000000003	0.00010000000000000003	0.00010000000000000003	0.00010000000000000003
8	0.00010000000000000003	0.00010000000000000003	0.00010000000000000003	0.00010000000000000003	0.00010000000000000003	0.00010000000000000003	0.00010000000000000003	0.00010000000000000003	0.00010000000000000003	0.00010000000000000003	0.00010000000000000003	0.00010000000000000003	0.00010000000000000003	0.00010000000000000003	0.00010000000000000003	0.00010000000000000003
9	0.00010000000000000003	0.00010000000000000003	0.00010000000000000003	0.00010000000000000003	0.00010000000000000003	0.00010000000000000003	0.00010000000000000003	0.00010000000000000003	0.00010000000000000003	0.00010000000000000003	0.00010000000000000003	0.00010000000000000003	0.00010000000000000003	0.00010000000000000003	0.00010000000000000003	0.00010000000000000003
10	0.00010000000000000003	0.00010000000000000003	0.00010000000000000003	0.00010000000000000003	0.00010000000000000003	0.00010000000000000003	0.00010000000000000003	0.00010000000000000003	0.00010000000000000003	0.00010000000000000003	0.00010000000000000003	0.00010000000000000003	0.00010000000000000003	0.00010000000000000003	0.00010000000000000003	0.00010000000000000003
11	0.00010000000000000003	0.00010000000000000003	0.00010000000000000003	0.00010000000000000003	0.00010000000000000003	0.00010000000000000003	0.00010000000000000003	0.00010000000000000003	0.00010000000000000003	0.00010000000000000003	0.00010000000000000003	0.00010000000000000003	0.00010000000000000003	0.00010000000000000003	0.00010000000000000003	0.00010000000000000003
12	0.00010000000000000003	0.00010000000000000003	0.00010000000000000003	0.00010000000000000003	0.00010000000000000003	0.00010000000000000003	0.00010000000000000003	0.00010000000000000003	0.00010000000000000003	0.00010000000000000003	0.00010000000000000003	0.00010000000000000003	0.00010000000000000003	0.00010000000000000003	0.00010000000000000003	0.00010000000000000003
13	0.00010000000000000003	0.00010000000000000003	0.00010000000000000003	0.00010000000000000003	0.00010000000000000003	0.00010000000000000003	0.00010000000000000003	0.00010000000000000003	0.00010000000000000003	0.00010000000000000003	0.00010000000000000003	0.00010000000000000003	0.00010000000000000003	0.00010000000000000003	0.00010000000000000003	0.00010000000000000003
14	0.00010000000000000003	0.00010000000000000003	0.00010000000000000003	0.00010000000000000003	0.00010000000000000003	0.00010000000000000003	0.00010000000000000003	0.00010000000000000003	0.00010000000000000003	0.00010000000000000003	0.00010000000000000003	0.00010000000000000003	0.00010000000000000003	0.00010000000000000003	0.00010000000000000003	0.00010000000000000003
15	0.00010000000000000003	0.00010000000000000003	0.00010000000000000003	0.00010000000000000003	0.00010000000000000003	0.00010000000000000003	0.00010000000000000003	0.00010000000000000003	0.00010000000000000003	0.00010000000000000003	0.00010000000000000003	0.00010000000000000003	0.00010000000000000003	0.00010000000000000003	0.00010000000000000003	0.00010000000000000003
16	0.00010000000000000003	0.00010000000000000003	0.00010000000000000003	0.00010000000000000003	0.00010000000000000003	0.00010000000000000003	0.00010000000000000003	0.00010000000000000003	0.00010000000000000003	0.00010000000000000003	0.00010000000000000003	0.00010000000000000003	0.00010000000000000003	0.00010000000000000003	0.00010000000000000003	0.00010000000000000003
17	0.00010000000000000003	0.00010000000000000003	0.00010000000000000003	0.00010000000000000003	0.00010000000000000003	0.00010000000000000003	0.00010000000000000003	0.00010000000000000003	0.00010000000000000003	0.00010000000000000003	0.00010000000000000003	0.00010000000000000003	0.00010000000000000003	0.00010000000000000003	0.00010000000000000003	0.00010000000000000003
18	0.00010000000000000003	0.00010000000000000003	0.00010000000000000003	0.00010000000000000003	0.00010000000000000003	0.00010000000000000003	0.00010000000000000003	0.00010000000000000003	0.00010000000000000003	0.00010000000000000003	0.00010000000000000003	0.00010000000000000003	0.00010000000000000003	0.00010000000000000003	0.00010000000000000003	0.00010000000000000003
19	0.00010000000000000003	0.00010000000000000003	0.00010000000000000003	0.00010000000000000003	0.00010000000000000003	0.00010000000000000003	0.00010000000000000003	0.00010000000000000003	0.00010000000000000003	0.00010000000000000003	0.00010000000000000003	0.00010000000000000003	0.00010000000000000003	0.00010000000000000003	0.00010000000000000003	0.00010000000000000003
20	0.00010000000000000003	0.00010000000000000003	0.00010000000000000003	0.00010000000000000003	0.00010000000000000003	0.00010000000000000003	0.00010000000000000003	0.00010000000000000003	0.00010000000000000003	0.00010000000000000003	0.00010000000000000003	0.00010000000000000003	0.00010000000000000003	0.00010000000000000003	0.00010000000000000003	0.00010000000000000003
21	0.00010000000000000003	0.00010000000000000003	0.00010000000000000003	0.00010000000000000003	0.00010000000000000003	0.00010000000000000003	0.00010000000000000003	0.00010000000000000003	0.00010000000000000003	0.00010000000000000003	0.00010000000000000003	0.00010000000000000003	0.00010000000000000003	0.00010000000000000003	0.00010000000000000003	0.00010000000000000003
22	0.00010000000000000003	0.00010000000000000003	0.00010000000000000003	0.00010000000000000003	0.00010000000000000003	0.00010000000000000003	0.00010000000000000003	0.00010000000000000003	0.00010000000000000003	0.00010000000000000003	0.00010000000000000003	0.00010000000000000003	0.00010000000000000003	0.00010000000000000003	0.00010000000000000003	0.00010000000000000003
23	0.00010000000000000003	0.00010000000000000003	0.00010000000000000003	0.00010000000000000003	0.00010000000000000003	0.00010000000000000003	0.00010000000000000003	0.00010000000000000003	0.00010000000000000003	0.00010000000000000003	0.00010000000000000003	0.00010000000000000003	0.00010000000000000003	0.00010000000000000003	0.00010000000000000003	0.00010000000000000003
24	0.00010000000000000003	0.00010000000000000003	0.00010000000000000003	0.00010000000000000003	0.00010000000000000003	0.00010000000000000003	0.00010000000000000003	0.00010000000000000003	0.00010000000000000003	0.00010000000000000003	0.00010000000000000003	0.00010000000000000003	0.00010000000000000003	0.00010000000000000003	0.00010000000000000003	0.00010000000000000003
["HYDRO_RIVER","C3",*,*] :	1	2	3	4	5	6	7	8	9	10	11	12	13	14	15	16 := 
1	0.00010000000000000003	0.00010000000000000003	0.00010000000000000003	0.00010000000000000003	0.00010000000000000003	0.00010000000000000003	0.00010000000000000003	0.00010000000000000003	0.00010000000000000003	0.00010000000000000003	0.00010000000000000003	0.00010000000000000003	0.00010000000000000003	0.00010000000000000003	0.00010000000000000003	0.00010000000000000003
2	0.00010000000000000003	0.00010000000000000003	0.00010000000000000003	0.00010000000000000003	0.00010000000000000003	0.00010000000000000003	0.00010000000000000003	0.00010000000000000003	0.00010000000000000003	0.00010000000000000003	0.00010000000000000003	0.00010000000000000003	0.00010000000000000003	0.00010000000000000003	0.00010000000000000003	0.00010000000000000003
3	0.00010000000000000003	0.00010000000000000003	0.00010000000000000003	0.00010000000000000003	0.00010000000000000003	0.00010000000000000003	0.00010000000000000003	0.00010000000000000003	0.00010000000000000003	0.00010000000000000003	0.00010000000000000003	0.00010000000000000003	0.00010000000000000003	0.00010000000000000003	0.00010000000000000003	0.00010000000000000003
4	0.00010000000000000003	0.00010000000000000003	0.00010000000000000003	0.00010000000000000003	0.00010000000000000003	0.00010000000000000003	0.00010000000000000003	0.00010000000000000003	0.00010000000000000003	0.00010000000000000003	0.00010000000000000003	0.00010000000000000003	0.00010000000000000003	0.00010000000000000003	0.00010000000000000003	0.00010000000000000003
5	0.00010000000000000003	0.00010000000000000003	0.00010000000000000003	0.00010000000000000003	0.00010000000000000003	0.00010000000000000003	0.00010000000000000003	0.00010000000000000003	0.00010000000000000003	0.00010000000000000003	0.00010000000000000003	0.00010000000000000003	0.00010000000000000003	0.00010000000000000003	0.00010000000000000003	0.00010000000000000003
6	0.00010000000000000003	0.00010000000000000003	0.00010000000000000003	0.00010000000000000003	0.00010000000000000003	0.00010000000000000003	0.00010000000000000003	0.00010000000000000003	0.00010000000000000003	0.00010000000000000003	0.00010000000000000003	0.00010000000000000003	0.00010000000000000003	0.00010000000000000003	0.00010000000000000003	0.00010000000000000003
7	0.00010000000000000003	0.00010000000000000003	0.00010000000000000003	0.00010000000000000003	0.00010000000000000003	0.00010000000000000003	0.00010000000000000003	0.00010000000000000003	0.00010000000000000003	0.00010000000000000003	0.00010000000000000003	0.00010000000000000003	0.00010000000000000003	0.00010000000000000003	0.00010000000000000003	0.00010000000000000003
8	0.00010000000000000003	0.00010000000000000003	0.00010000000000000003	0.00010000000000000003	0.00010000000000000003	0.00010000000000000003	0.00010000000000000003	0.00010000000000000003	0.00010000000000000003	0.00010000000000000003	0.00010000000000000003	0.00010000000000000003	0.00010000000000000003	0.00010000000000000003	0.00010000000000000003	0.00010000000000000003
9	0.00010000000000000003	0.00010000000000000003	0.00010000000000000003	0.00010000000000000003	0.00010000000000000003	0.00010000000000000003	0.00010000000000000003	0.00010000000000000003	0.00010000000000000003	0.00010000000000000003	0.00010000000000000003	0.00010000000000000003	0.00010000000000000003	0.00010000000000000003	0.00010000000000000003	0.00010000000000000003
10	0.00010000000000000003	0.00010000000000000003	0.00010000000000000003	0.00010000000000000003	0.00010000000000000003	0.00010000000000000003	0.00010000000000000003	0.00010000000000000003	0.00010000000000000003	0.00010000000000000003	0.00010000000000000003	0.00010000000000000003	0.00010000000000000003	0.00010000000000000003	0.00010000000000000003	0.00010000000000000003
11	0.00010000000000000003	0.00010000000000000003	0.00010000000000000003	0.00010000000000000003	0.00010000000000000003	0.00010000000000000003	0.00010000000000000003	0.00010000000000000003	0.00010000000000000003	0.00010000000000000003	0.00010000000000000003	0.00010000000000000003	0.00010000000000000003	0.00010000000000000003	0.00010000000000000003	0.00010000000000000003
12	0.00010000000000000003	0.00010000000000000003	0.00010000000000000003	0.00010000000000000003	0.00010000000000000003	0.00010000000000000003	0.00010000000000000003	0.00010000000000000003	0.00010000000000000003	0.00010000000000000003	0.00010000000000000003	0.00010000000000000003	0.00010000000000000003	0.00010000000000000003	0.00010000000000000003	0.00010000000000000003
13	0.00010000000000000003	0.00010000000000000003	0.00010000000000000003	0.00010000000000000003	0.00010000000000000003	0.00010000000000000003	0.00010000000000000003	0.00010000000000000003	0.00010000000000000003	0.00010000000000000003	0.00010000000000000003	0.00010000000000000003	0.00010000000000000003	0.00010000000000000003	0.00010000000000000003	0.00010000000000000003
14	0.00010000000000000003	0.00010000000000000003	0.00010000000000000003	0.00010000000000000003	0.00010000000000000003	0.00010000000000000003	0.00010000000000000003	0.00010000000000000003	0.00010000000000000003	0.00010000000000000003	0.00010000000000000003	0.00010000000000000003	0.00010000000000000003	0.00010000000000000003	0.00010000000000000003	0.00010000000000000003
15	0.00010000000000000003	0.00010000000000000003	0.00010000000000000003	0.00010000000000000003	0.00010000000000000003	0.00010000000000000003	0.00010000000000000003	0.00010000000000000003	0.00010000000000000003	0.00010000000000000003	0.00010000000000000003	0.00010000000000000003	0.00010000000000000003	0.00010000000000000003	0.00010000000000000003	0.00010000000000000003
16	0.00010000000000000003	0.00010000000000000003	0.00010000000000000003	0.00010000000000000003	0.00010000000000000003	0.00010000000000000003	0.00010000000000000003	0.00010000000000000003	0.00010000000000000003	0.00010000000000000003	0.00010000000000000003	0.00010000000000000003	0.00010000000000000003	0.00010000000000000003	0.00010000000000000003	0.00010000000000000003
17	0.00010000000000000003	0.00010000000000000003	0.00010000000000000003	0.00010000000000000003	0.00010000000000000003	0.00010000000000000003	0.00010000000000000003	0.00010000000000000003	0.00010000000000000003	0.00010000000000000003	0.00010000000000000003	0.00010000000000000003	0.00010000000000000003	0.00010000000000000003	0.00010000000000000003	0.00010000000000000003
18	0.00010000000000000003	0.00010000000000000003	0.00010000000000000003	0.00010000000000000003	0.00010000000000000003	0.00010000000000000003	0.00010000000000000003	0.00010000000000000003	0.00010000000000000003	0.00010000000000000003	0.00010000000000000003	0.00010000000000000003	0.00010000000000000003	0.00010000000000000003	0.00010000000000000003	0.00010000000000000003
19	0.00010000000000000003	0.00010000000000000003	0.00010000000000000003	0.00010000000000000003	0.00010000000000000003	0.00010000000000000003	0.00010000000000000003	0.00010000000000000003	0.00010000000000000003	0.00010000000000000003	0.00010000000000000003	0.00010000000000000003	0.00010000000000000003	0.00010000000000000003	0.00010000000000000003	0.00010000000000000003
20	0.00010000000000000003	0.00010000000000000003	0.00010000000000000003	0.00010000000000000003	0.00010000000000000003	0.00010000000000000003	0.00010000000000000003	0.00010000000000000003	0.00010000000000000003	0.00010000000000000003	0.00010000000000000003	0.00010000000000000003	0.00010000000000000003	0.00010000000000000003	0.00010000000000000003	0.00010000000000000003
21	0.00010000000000000003	0.00010000000000000003	0.00010000000000000003	0.00010000000000000003	0.00010000000000000003	0.00010000000000000003	0.00010000000000000003	0.00010000000000000003	0.00010000000000000003	0.00010000000000000003	0.00010000000000000003	0.00010000000000000003	0.00010000000000000003	0.00010000000000000003	0.00010000000000000003	0.00010000000000000003
22	0.00010000000000000003	0.00010000000000000003	0.00010000000000000003	0.00010000000000000003	0.00010000000000000003	0.00010000000000000003	0.00010000000000000003	0.00010000000000000003	0.00010000000000000003	0.00010000000000000003	0.00010000000000000003	0.00010000000000000003	0.00010000000000000003	0.00010000000000000003	0.00010000000000000003	0.00010000000000000003
23	0.00010000000000000003	0.00010000000000000003	0.00010000000000000003	0.00010000000000000003	0.00010000000000000003	0.00010000000000000003	0.00010000000000000003	0.00010000000000000003	0.00010000000000000003	0.00010000000000000003	0.00010000000000000003	0.00010000000000000003	0.00010000000000000003	0.00010000000000000003	0.00010000000000000003	0.00010000000000000003
24	0.00010000000000000003	0.00010000000000000003	0.00010000000000000003	0.00010000000000000003	0.00010000000000000003	0.00010000000000000003	0.00010000000000000003	0.00010000000000000003	0.00010000000000000003	0.00010000000000000003	0.00010000000000000003	0.00010000000000000003	0.00010000000000000003	0.00010000000000000003	0.00010000000000000003	0.00010000000000000003
["HYDRO_RIVER","C4",*,*] :	1	2	3	4	5	6	7	8	9	10	11	12	13	14	15	16 := 
1	0.00010000000000000003	0.00010000000000000003	0.00010000000000000003	0.00010000000000000003	0.00010000000000000003	0.00010000000000000003	0.00010000000000000003	0.00010000000000000003	0.00010000000000000003	0.00010000000000000003	0.00010000000000000003	0.00010000000000000003	0.00010000000000000003	0.00010000000000000003	0.00010000000000000003	0.00010000000000000003
2	0.00010000000000000003	0.00010000000000000003	0.00010000000000000003	0.00010000000000000003	0.00010000000000000003	0.00010000000000000003	0.00010000000000000003	0.00010000000000000003	0.00010000000000000003	0.00010000000000000003	0.00010000000000000003	0.00010000000000000003	0.00010000000000000003	0.00010000000000000003	0.00010000000000000003	0.00010000000000000003
3	0.00010000000000000003	0.00010000000000000003	0.00010000000000000003	0.00010000000000000003	0.00010000000000000003	0.00010000000000000003	0.00010000000000000003	0.00010000000000000003	0.00010000000000000003	0.00010000000000000003	0.00010000000000000003	0.00010000000000000003	0.00010000000000000003	0.00010000000000000003	0.00010000000000000003	0.00010000000000000003
4	0.00010000000000000003	0.00010000000000000003	0.00010000000000000003	0.00010000000000000003	0.00010000000000000003	0.00010000000000000003	0.00010000000000000003	0.00010000000000000003	0.00010000000000000003	0.00010000000000000003	0.00010000000000000003	0.00010000000000000003	0.00010000000000000003	0.00010000000000000003	0.00010000000000000003	0.00010000000000000003
5	0.00010000000000000003	0.00010000000000000003	0.00010000000000000003	0.00010000000000000003	0.00010000000000000003	0.00010000000000000003	0.00010000000000000003	0.00010000000000000003	0.00010000000000000003	0.00010000000000000003	0.00010000000000000003	0.00010000000000000003	0.00010000000000000003	0.00010000000000000003	0.00010000000000000003	0.00010000000000000003
6	0.00010000000000000003	0.00010000000000000003	0.00010000000000000003	0.00010000000000000003	0.00010000000000000003	0.00010000000000000003	0.00010000000000000003	0.00010000000000000003	0.00010000000000000003	0.00010000000000000003	0.00010000000000000003	0.00010000000000000003	0.00010000000000000003	0.00010000000000000003	0.00010000000000000003	0.00010000000000000003
7	0.00010000000000000003	0.00010000000000000003	0.00010000000000000003	0.00010000000000000003	0.00010000000000000003	0.00010000000000000003	0.00010000000000000003	0.00010000000000000003	0.00010000000000000003	0.00010000000000000003	0.00010000000000000003	0.00010000000000000003	0.00010000000000000003	0.00010000000000000003	0.00010000000000000003	0.00010000000000000003
8	0.00010000000000000003	0.00010000000000000003	0.00010000000000000003	0.00010000000000000003	0.00010000000000000003	0.00010000000000000003	0.00010000000000000003	0.00010000000000000003	0.00010000000000000003	0.00010000000000000003	0.00010000000000000003	0.00010000000000000003	0.00010000000000000003	0.00010000000000000003	0.00010000000000000003	0.00010000000000000003
9	0.00010000000000000003	0.00010000000000000003	0.00010000000000000003	0.00010000000000000003	0.00010000000000000003	0.00010000000000000003	0.00010000000000000003	0.00010000000000000003	0.00010000000000000003	0.00010000000000000003	0.00010000000000000003	0.00010000000000000003	0.00010000000000000003	0.00010000000000000003	0.00010000000000000003	0.00010000000000000003
10	0.00010000000000000003	0.00010000000000000003	0.00010000000000000003	0.00010000000000000003	0.00010000000000000003	0.00010000000000000003	0.00010000000000000003	0.00010000000000000003	0.00010000000000000003	0.00010000000000000003	0.00010000000000000003	0.00010000000000000003	0.00010000000000000003	0.00010000000000000003	0.00010000000000000003	0.00010000000000000003
11	0.00010000000000000003	0.00010000000000000003	0.00010000000000000003	0.00010000000000000003	0.00010000000000000003	0.00010000000000000003	0.00010000000000000003	0.00010000000000000003	0.00010000000000000003	0.00010000000000000003	0.00010000000000000003	0.00010000000000000003	0.00010000000000000003	0.00010000000000000003	0.00010000000000000003	0.00010000000000000003
12	0.00010000000000000003	0.00010000000000000003	0.00010000000000000003	0.00010000000000000003	0.00010000000000000003	0.00010000000000000003	0.00010000000000000003	0.00010000000000000003	0.00010000000000000003	0.00010000000000000003	0.00010000000000000003	0.00010000000000000003	0.00010000000000000003	0.00010000000000000003	0.00010000000000000003	0.00010000000000000003
13	0.00010000000000000003	0.00010000000000000003	0.00010000000000000003	0.00010000000000000003	0.00010000000000000003	0.00010000000000000003	0.00010000000000000003	0.00010000000000000003	0.00010000000000000003	0.00010000000000000003	0.00010000000000000003	0.00010000000000000003	0.00010000000000000003	0.00010000000000000003	0.00010000000000000003	0.00010000000000000003
14	0.00010000000000000003	0.00010000000000000003	0.00010000000000000003	0.00010000000000000003	0.00010000000000000003	0.00010000000000000003	0.00010000000000000003	0.00010000000000000003	0.00010000000000000003	0.00010000000000000003	0.00010000000000000003	0.00010000000000000003	0.00010000000000000003	0.00010000000000000003	0.00010000000000000003	0.00010000000000000003
15	0.00010000000000000003	0.00010000000000000003	0.00010000000000000003	0.00010000000000000003	0.00010000000000000003	0.00010000000000000003	0.00010000000000000003	0.00010000000000000003	0.00010000000000000003	0.00010000000000000003	0.00010000000000000003	0.00010000000000000003	0.00010000000000000003	0.00010000000000000003	0.00010000000000000003	0.00010000000000000003
16	0.00010000000000000003	0.00010000000000000003	0.00010000000000000003	0.00010000000000000003	0.00010000000000000003	0.00010000000000000003	0.00010000000000000003	0.00010000000000000003	0.00010000000000000003	0.00010000000000000003	0.00010000000000000003	0.00010000000000000003	0.00010000000000000003	0.00010000000000000003	0.00010000000000000003	0.00010000000000000003
17	0.00010000000000000003	0.00010000000000000003	0.00010000000000000003	0.00010000000000000003	0.00010000000000000003	0.00010000000000000003	0.00010000000000000003	0.00010000000000000003	0.00010000000000000003	0.00010000000000000003	0.00010000000000000003	0.00010000000000000003	0.00010000000000000003	0.00010000000000000003	0.00010000000000000003	0.00010000000000000003
18	0.00010000000000000003	0.00010000000000000003	0.00010000000000000003	0.00010000000000000003	0.00010000000000000003	0.00010000000000000003	0.00010000000000000003	0.00010000000000000003	0.00010000000000000003	0.00010000000000000003	0.00010000000000000003	0.00010000000000000003	0.00010000000000000003	0.00010000000000000003	0.00010000000000000003	0.00010000000000000003
19	0.00010000000000000003	0.00010000000000000003	0.00010000000000000003	0.00010000000000000003	0.00010000000000000003	0.00010000000000000003	0.00010000000000000003	0.00010000000000000003	0.00010000000000000003	0.00010000000000000003	0.00010000000000000003	0.00010000000000000003	0.00010000000000000003	0.00010000000000000003	0.00010000000000000003	0.00010000000000000003
20	0.00010000000000000003	0.00010000000000000003	0.00010000000000000003	0.00010000000000000003	0.00010000000000000003	0.00010000000000000003	0.00010000000000000003	0.00010000000000000003	0.00010000000000000003	0.00010000000000000003	0.00010000000000000003	0.00010000000000000003	0.00010000000000000003	0.00010000000000000003	0.00010000000000000003	0.00010000000000000003
21	0.00010000000000000003	0.00010000000000000003	0.00010000000000000003	0.00010000000000000003	0.00010000000000000003	0.00010000000000000003	0.00010000000000000003	0.00010000000000000003	0.00010000000000000003	0.00010000000000000003	0.00010000000000000003	0.00010000000000000003	0.00010000000000000003	0.00010000000000000003	0.00010000000000000003	0.00010000000000000003
22	0.00010000000000000003	0.00010000000000000003	0.00010000000000000003	0.00010000000000000003	0.00010000000000000003	0.00010000000000000003	0.00010000000000000003	0.00010000000000000003	0.00010000000000000003	0.00010000000000000003	0.00010000000000000003	0.00010000000000000003	0.00010000000000000003	0.00010000000000000003	0.00010000000000000003	0.00010000000000000003
23	0.00010000000000000003	0.00010000000000000003	0.00010000000000000003	0.00010000000000000003	0.00010000000000000003	0.00010000000000000003	0.00010000000000000003	0.00010000000000000003	0.00010000000000000003	0.00010000000000000003	0.00010000000000000003	0.00010000000000000003	0.00010000000000000003	0.00010000000000000003	0.00010000000000000003	0.00010000000000000003
24	0.00010000000000000003	0.00010000000000000003	0.00010000000000000003	0.00010000000000000003	0.00010000000000000003	0.00010000000000000003	0.00010000000000000003	0.00010000000000000003	0.00010000000000000003	0.00010000000000000003	0.00010000000000000003	0.00010000000000000003	0.00010000000000000003	0.00010000000000000003	0.00010000000000000003	0.00010000000000000003
["HYDRO_RIVER","C5",*,*] :	1	2	3	4	5	6	7	8	9	10	11	12	13	14	15	16 := 
1	0.00010000000000000003	0.00010000000000000003	0.00010000000000000003	0.00010000000000000003	0.00010000000000000003	0.00010000000000000003	0.00010000000000000003	0.00010000000000000003	0.00010000000000000003	0.00010000000000000003	0.00010000000000000003	0.00010000000000000003	0.00010000000000000003	0.00010000000000000003	0.00010000000000000003	0.00010000000000000003
2	0.00010000000000000003	0.00010000000000000003	0.00010000000000000003	0.00010000000000000003	0.00010000000000000003	0.00010000000000000003	0.00010000000000000003	0.00010000000000000003	0.00010000000000000003	0.00010000000000000003	0.00010000000000000003	0.00010000000000000003	0.00010000000000000003	0.00010000000000000003	0.00010000000000000003	0.00010000000000000003
3	0.00010000000000000003	0.00010000000000000003	0.00010000000000000003	0.00010000000000000003	0.00010000000000000003	0.00010000000000000003	0.00010000000000000003	0.00010000000000000003	0.00010000000000000003	0.00010000000000000003	0.00010000000000000003	0.00010000000000000003	0.00010000000000000003	0.00010000000000000003	0.00010000000000000003	0.00010000000000000003
4	0.00010000000000000003	0.00010000000000000003	0.00010000000000000003	0.00010000000000000003	0.00010000000000000003	0.00010000000000000003	0.00010000000000000003	0.00010000000000000003	0.00010000000000000003	0.00010000000000000003	0.00010000000000000003	0.00010000000000000003	0.00010000000000000003	0.00010000000000000003	0.00010000000000000003	0.00010000000000000003
5	0.00010000000000000003	0.00010000000000000003	0.00010000000000000003	0.00010000000000000003	0.00010000000000000003	0.00010000000000000003	0.00010000000000000003	0.00010000000000000003	0.00010000000000000003	0.00010000000000000003	0.00010000000000000003	0.00010000000000000003	0.00010000000000000003	0.00010000000000000003	0.00010000000000000003	0.00010000000000000003
6	0.00010000000000000003	0.00010000000000000003	0.00010000000000000003	0.00010000000000000003	0.00010000000000000003	0.00010000000000000003	0.00010000000000000003	0.00010000000000000003	0.00010000000000000003	0.00010000000000000003	0.00010000000000000003	0.00010000000000000003	0.00010000000000000003	0.00010000000000000003	0.00010000000000000003	0.00010000000000000003
7	0.00010000000000000003	0.00010000000000000003	0.00010000000000000003	0.00010000000000000003	0.00010000000000000003	0.00010000000000000003	0.00010000000000000003	0.00010000000000000003	0.00010000000000000003	0.00010000000000000003	0.00010000000000000003	0.00010000000000000003	0.00010000000000000003	0.00010000000000000003	0.00010000000000000003	0.00010000000000000003
8	0.00010000000000000003	0.00010000000000000003	0.00010000000000000003	0.00010000000000000003	0.00010000000000000003	0.00010000000000000003	0.00010000000000000003	0.00010000000000000003	0.00010000000000000003	0.00010000000000000003	0.00010000000000000003	0.00010000000000000003	0.00010000000000000003	0.00010000000000000003	0.00010000000000000003	0.00010000000000000003
9	0.00010000000000000003	0.00010000000000000003	0.00010000000000000003	0.00010000000000000003	0.00010000000000000003	0.00010000000000000003	0.00010000000000000003	0.00010000000000000003	0.00010000000000000003	0.00010000000000000003	0.00010000000000000003	0.00010000000000000003	0.00010000000000000003	0.00010000000000000003	0.00010000000000000003	0.00010000000000000003
10	0.00010000000000000003	0.00010000000000000003	0.00010000000000000003	0.00010000000000000003	0.00010000000000000003	0.00010000000000000003	0.00010000000000000003	0.00010000000000000003	0.00010000000000000003	0.00010000000000000003	0.00010000000000000003	0.00010000000000000003	0.00010000000000000003	0.00010000000000000003	0.00010000000000000003	0.00010000000000000003
11	0.00010000000000000003	0.00010000000000000003	0.00010000000000000003	0.00010000000000000003	0.00010000000000000003	0.00010000000000000003	0.00010000000000000003	0.00010000000000000003	0.00010000000000000003	0.00010000000000000003	0.00010000000000000003	0.00010000000000000003	0.00010000000000000003	0.00010000000000000003	0.00010000000000000003	0.00010000000000000003
12	0.00010000000000000003	0.00010000000000000003	0.00010000000000000003	0.00010000000000000003	0.00010000000000000003	0.00010000000000000003	0.00010000000000000003	0.00010000000000000003	0.00010000000000000003	0.00010000000000000003	0.00010000000000000003	0.00010000000000000003	0.00010000000000000003	0.00010000000000000003	0.00010000000000000003	0.00010000000000000003
13	0.00010000000000000003	0.00010000000000000003	0.00010000000000000003	0.00010000000000000003	0.00010000000000000003	0.00010000000000000003	0.00010000000000000003	0.00010000000000000003	0.00010000000000000003	0.00010000000000000003	0.00010000000000000003	0.00010000000000000003	0.00010000000000000003	0.00010000000000000003	0.00010000000000000003	0.00010000000000000003
14	0.00010000000000000003	0.00010000000000000003	0.00010000000000000003	0.00010000000000000003	0.00010000000000000003	0.00010000000000000003	0.00010000000000000003	0.00010000000000000003	0.00010000000000000003	0.00010000000000000003	0.00010000000000000003	0.00010000000000000003	0.00010000000000000003	0.00010000000000000003	0.00010000000000000003	0.00010000000000000003
15	0.00010000000000000003	0.00010000000000000003	0.00010000000000000003	0.00010000000000000003	0.00010000000000000003	0.00010000000000000003	0.00010000000000000003	0.00010000000000000003	0.00010000000000000003	0.00010000000000000003	0.00010000000000000003	0.00010000000000000003	0.00010000000000000003	0.00010000000000000003	0.00010000000000000003	0.00010000000000000003
16	0.00010000000000000003	0.00010000000000000003	0.00010000000000000003	0.00010000000000000003	0.00010000000000000003	0.00010000000000000003	0.00010000000000000003	0.00010000000000000003	0.00010000000000000003	0.00010000000000000003	0.00010000000000000003	0.00010000000000000003	0.00010000000000000003	0.00010000000000000003	0.00010000000000000003	0.00010000000000000003
17	0.00010000000000000003	0.00010000000000000003	0.00010000000000000003	0.00010000000000000003	0.00010000000000000003	0.00010000000000000003	0.00010000000000000003	0.00010000000000000003	0.00010000000000000003	0.00010000000000000003	0.00010000000000000003	0.00010000000000000003	0.00010000000000000003	0.00010000000000000003	0.00010000000000000003	0.00010000000000000003
18	0.00010000000000000003	0.00010000000000000003	0.00010000000000000003	0.00010000000000000003	0.00010000000000000003	0.00010000000000000003	0.00010000000000000003	0.00010000000000000003	0.00010000000000000003	0.00010000000000000003	0.00010000000000000003	0.00010000000000000003	0.00010000000000000003	0.00010000000000000003	0.00010000000000000003	0.00010000000000000003
19	0.00010000000000000003	0.00010000000000000003	0.00010000000000000003	0.00010000000000000003	0.00010000000000000003	0.00010000000000000003	0.00010000000000000003	0.00010000000000000003	0.00010000000000000003	0.00010000000000000003	0.00010000000000000003	0.00010000000000000003	0.00010000000000000003	0.00010000000000000003	0.00010000000000000003	0.00010000000000000003
20	0.00010000000000000003	0.00010000000000000003	0.00010000000000000003	0.00010000000000000003	0.00010000000000000003	0.00010000000000000003	0.00010000000000000003	0.00010000000000000003	0.00010000000000000003	0.00010000000000000003	0.00010000000000000003	0.00010000000000000003	0.00010000000000000003	0.00010000000000000003	0.00010000000000000003	0.00010000000000000003
21	0.00010000000000000003	0.00010000000000000003	0.00010000000000000003	0.00010000000000000003	0.00010000000000000003	0.00010000000000000003	0.00010000000000000003	0.00010000000000000003	0.00010000000000000003	0.00010000000000000003	0.00010000000000000003	0.00010000000000000003	0.00010000000000000003	0.00010000000000000003	0.00010000000000000003	0.00010000000000000003
22	0.00010000000000000003	0.00010000000000000003	0.00010000000000000003	0.00010000000000000003	0.00010000000000000003	0.00010000000000000003	0.00010000000000000003	0.00010000000000000003	0.00010000000000000003	0.00010000000000000003	0.00010000000000000003	0.00010000000000000003	0.00010000000000000003	0.00010000000000000003	0.00010000000000000003	0.00010000000000000003
23	0.00010000000000000003	0.00010000000000000003	0.00010000000000000003	0.00010000000000000003	0.00010000000000000003	0.00010000000000000003	0.00010000000000000003	0.00010000000000000003	0.00010000000000000003	0.00010000000000000003	0.00010000000000000003	0.00010000000000000003	0.00010000000000000003	0.00010000000000000003	0.00010000000000000003	0.00010000000000000003
24	0.00010000000000000003	0.00010000000000000003	0.00010000000000000003	0.00010000000000000003	0.00010000000000000003	0.00010000000000000003	0.00010000000000000003	0.00010000000000000003	0.00010000000000000003	0.00010000000000000003	0.00010000000000000003	0.00010000000000000003	0.00010000000000000003	0.00010000000000000003	0.00010000000000000003	0.00010000000000000003
["PV_ROOFTOP","C1",*,*] :	1	2	3	4	5	6	7	8	9	10	11	12	13	14	15	16 := 
1	0.0	0.0	0.0	0.0	0.0	0.0	0.0	0.0	0.0	0.0	0.0	0.0	0.0	0.0	0.0	0.0
2	0.0	0.0	0.0	0.0	0.0	0.0	0.0	0.0	0.0	0.0	0.0	0.0	0.0	0.0	0.0	0.0
3	0.0	0.0	0.0	0.0	0.0	0.0	0.0	0.0	0.0	0.0	0.0	0.0	0.0	0.0	0.0	0.0
4	0.0	0.0	0.0	0.0	0.0	0.0	0.0	0.0	0.0	0.0	0.0	0.0	0.0	0.0	0.0	0.0
5	0.0	0.0	0.0	0.0	0.0	0.0	0.0	0.0	0.0	0.0	0.0	0.0	0.0	0.0	0.0	0.0
6	0.0	0.0	0.0	0.0	0.0	0.0	0.0	0.0	0.0	0.0	0.0	0.0	0.0	0.0	0.0	0.0
7	0.0	0.0	0.0	0.0	0.0	0.0	0.0	0.0	0.0	0.0	0.0	0.0	0.0	0.0	0.0	0.0
8	0.0	0.0	0.0	0.0	0.0	0.0	0.0	0.0	0.0	0.0	0.0	0.0	0.0	0.0	0.0	0.0
9	0.0	0.0	0.0	0.0	0.0	0.0	0.0	0.0	0.0	0.0	0.0	0.0	0.0	0.0	0.0	0.0
10	0.0	0.0	0.0	0.0	0.0	0.0	0.0	0.0	0.0	0.0	0.0	0.0	0.0	0.0	0.0	0.0
11	0.009644588764912667	0.007542563008457342	0.0059351315476385644	0.0	0.0	0.0	0.0	0.0	0.0	0.0	0.0007418914434548206	0.002596620052091872	0.004698645808547197	0.006306077269365974	0.009768237338821803	0.011870263095277129
12	0.0932310247274891	0.089521567510215	0.10225737062285609	0.022256743303644615	0.13366410839577683	0.0844519759799404	0.135642485578323	0.14120667140423415	0.18188705222034016	0.10621412498794847	0.13786815990868748	0.12068100813531747	0.08061887018875716	0.08865602749285105	0.10337020778803832	0.09966075057076422
13	0.2375289104794517	0.2085951441847137	0.2502647135920928	0.0830918416669399	0.3279160180070307	0.26300051670473384	0.3632795101450438	0.37008018171004625	0.3959227336570559	0.2885957715039252	0.33298560953730527	0.29453090305156376	0.190789749541798	0.19140799241134368	0.24568971635745473	0.243216744879272
14	0.3756443675359574	0.32581399225057533	0.3805903104923229	0.1655654404643341	0.4727084980546298	0.42052879986497405	0.5248881962442855	0.5304523820701966	0.5475158852696576	0.4361085201775253	0.4936051070452739	0.4479787832728025	0.30565927470338605	0.2791984798868308	0.38368152484005136	0.37329504463168384
15	0.4795091696196323	0.4143463711695172	0.4749341723849943	0.2318410760796314	0.5802827573555788	0.5266192762790135	0.6304840783626883	0.631102321232234	0.6454455558056938	0.5409625108524733	0.6061253093025883	0.5540692596868417	0.3976538136917838	0.3374369581980342	0.49063754127145465	0.4676389065243552
16	0.5378712965047449	0.4523064833596222	0.5069591530274606	0.27487077980001096	0.6332043469886893	0.58584694318149	0.6871151252130729	0.6855076937522541	0.700716468343078	0.5825084316859432	0.6702989191614304	0.6068672007460432	0.4531720233769862	0.3715639645969559	0.5511016939130224	0.521673333322648
17	0.5564185825911154	0.45712877774207855	0.512646987427281	0.2967565773819282	0.6595414932313354	0.6077327407634071	0.6934212024824389	0.6949049853693485	0.7154306486382652	0.5775624887295778	0.6893407995434374	0.6146570609023188	0.4677625550982643	0.38256868767486907	0.5598807426605712	0.5282267077398323
18	0.5347800821570164	0.42176528560406545	0.4675152579504461	0.28723563719092465	0.6511333902055141	0.5865888346249447	0.6674550019615202	0.6670840562397927	0.690824582430347	0.5549347997042058	0.6644874361877009	0.5855996460336717	0.43709770876879844	0.3583335671886783	0.5194476589922834	0.48396051828036124
19	0.4650422864722633	0.35957005292776967	0.39184233071805435	0.2620113281134608	0.5947496405029478	0.5234044133573759	0.583250323129398	0.6030340949548599	0.6246725953889588	0.4791382238979049	0.5954915319464026	0.514501716035918	0.38343422769223307	0.29032685153865306	0.42745312000388574	0.40705110530887817
20	0.32964709804175857	0.2554579536962765	0.303804546094749	0.21403568143671572	0.4468659461076202	0.4027234052220584	0.43957068024698115	0.48494970687163436	0.5149963103315546	0.3485653298498565	0.48358957255863383	0.38627814489214324	0.29589103736456424	0.20129987832407462	0.30887413762502364	0.30504103183384035
21	0.2152721671758071	0.16111409180360517	0.21193365568026037	0.1368789713174144	0.3118417033988429	0.24445323061836335	0.27672550840864807	0.2834025313997414	0.35437681282358596	0.21403568143671572	0.32433020936366574	0.2482863364095466	0.19202623528088936	0.10794520502267638	0.19313907244607162	0.2032782555066208
22	0.09632223907521753	0.0686249585195709	0.09570399620567184	0.04822294382456333	0.12612154538731948	0.09063440467539724	0.09805331910994544	0.10448304495322056	0.12476141107431897	0.06850130994566177	0.12364857390913675	0.09607494192739925	0.0858121102929409	0.037960112190104985	0.08098981591048457	0.084081030258213
23	0.008902697321457846	0.0018547286086370513	0.00457499723463806	0.0	0.0	0.0	0.0	0.0	0.0	0.0	0.000494594295636547	0.002472971478182735	0.00531688867809288	0.0	0.006306077269365974	0.00420405151291065
24	0.0	0.0	0.0	0.0	0.0	0.0	0.0	0.0	0.0	0.0	0.0	0.0	0.0	0.0	0.0	0.0
["PV_ROOFTOP","C2",*,*] :	1	2	3	4	5	6	7	8	9	10	11	12	13	14	15	16 := 
1	0.0	0.0	0.0	0.0	0.0	0.0	0.0	0.0	0.0	0.0	0.0	0.0	0.0	0.0	0.0	0.0
2	0.0	0.0	0.0	0.0	0.0	0.0	0.0	0.0	0.0	0.0	0.0	0.0	0.0	0.0	0.0	0.0
3	0.0	0.0	0.0	0.0	0.0	0.0	0.0	0.0	0.0	0.0	0.0	0.0	0.0	0.0	0.0	0.0
4	0.0	0.0	0.0	0.0	0.0	0.0	0.0	0.0	0.0	0.0	0.0	0.0	0.0	0.0	0.0	0.0
5	0.0	0.0	0.0	0.0	0.0	0.0	0.0	0.0	0.0	0.0	0.0	0.0	0.0	0.0	0.0	0.0
6	0.0	0.0	0.0	0.0	0.0	0.0	0.0	0.0	0.0	0.0	0.0	0.0	0.0	0.0	0.0	0.0
7	0.0	0.0	0.0	0.0	0.0	0.0	0.0	0.0	0.0	0.0	0.0	0.0	0.0	0.0	0.0	0.0
8	0.0	0.0	0.0	0.0	0.0	0.0	0.0	0.0	0.0	0.0	0.0	0.0	0.0	0.0	0.0	0.0
9	0.0	0.0	0.0	0.0	0.0	0.0	0.0	0.0	0.0	0.0	0.0	0.0	0.0	0.0	0.0	0.0
10	0.0	0.0	0.0	0.0	0.0	0.0	0.0	0.0	0.0	0.0	0.0	0.0	0.0	0.0	0.0	0.0
11	0.00879231229786194	0.006967755698520726	0.005308434448601576	0.0	0.0004976968356086233	0.0	0.0	0.0	0.0	0.0	0.0021570180855277734	0.003981574684868986	0.005640895934788137	0.006138592770396759	0.008958543040955218	0.010120167455265746
12	0.09439616802254513	0.08709694623150907	0.09323553900190583	0.02936411330090877	0.12541960257337306	0.08643301865280716	0.14234129498406625	0.13587123612115415	0.19045165729500943	0.10484780157032622	0.14964051677510232	0.12624876550149702	0.10070099153603519	0.09024935798825409	0.10020329470042656	0.09456239876563842
13	0.22993593805118395	0.20040559400718191	0.21832268008909234	0.09920790102920932	0.3029311421425583	0.2632816260369617	0.3541939162102465	0.35502407453204166	0.3999820250862398	0.282691802625698	0.3405908662993916	0.3004426579645152	0.23391751273605293	0.2042219333426288	0.2322581914861338	0.22529043578761307
14	0.36232329632307775	0.31354900643343264	0.3377699206351619	0.17236933586367692	0.44610259544841974	0.41756764507563493	0.5044983605640507	0.5179361751254836	0.5491258404194047	0.4376417492430731	0.4958722790092821	0.4489225457189782	0.3614941333949538	0.3064150199918187	0.3556870067170724	0.3462307668405085
15	0.4611987358661005	0.4054566902779347	0.43515326506503	0.22694975703753223	0.5406649942140581	0.519926962467918	0.6020469403433408	0.6199640264252513	0.6465081894556016	0.5569227590460495	0.6033747955007447	0.5491258404194047	0.4595404100098526	0.36547570807982277	0.4469317583765437	0.4396325365855076
16	0.5217525144609305	0.4407931656061469	0.48160430612605404	0.28501405606064784	0.5891068226175167	0.5872822660181755	0.6443511713700739	0.6722221941641567	0.7004256784444263	0.6144893612335565	0.6609413976882518	0.5980653656584718	0.5174384782898749	0.39367819696642103	0.5018446410365855	0.49354903018066104
17	0.542158084720884	0.44759568595524557	0.5083146998994976	0.3127198435053087	0.6038724923363532	0.6129962707267306	0.6465081894556016	0.6844993797049503	0.7135310315196726	0.6211256508395618	0.6752083751778084	0.608516999206253	0.5307110575018856	0.398488934579414	0.512627740676882	0.5159453877830491
18	0.5146185280193165	0.4271901156952921	0.5043331252146286	0.3047566941355707	0.5935860941379942	0.584462315747617	0.6193010942402206	0.6577889859315067	0.6820108955269071	0.5925907004667771	0.6438534745344652	0.5700291075149669	0.49852599853674723	0.3679641922578659	0.4753004780062352	0.4930513333450524
19	0.4514110298970213	0.36481178050112084	0.4404616995136316	0.26543864412248946	0.5335310077724442	0.5051622881427525	0.5200931932110113	0.5837983881689152	0.6146555919766498	0.5000190890435732	0.5678720894294391	0.4721480662494902	0.42669241885968345	0.2992820289438759	0.400812183408035	0.4228760795242365
20	0.3314660925153431	0.2690877573211719	0.34639699758360176	0.20123575232897709	0.40263674000737626	0.3722772330352502	0.3855488168535897	0.4452724371266245	0.5028400347078028	0.3676317307716793	0.4354847311575454	0.34639699758360176	0.32366917388869837	0.21035953071935434	0.28816646781739286	0.3190236716251275
21	0.20787104654131125	0.1736961956274095	0.2237973452807872	0.12011116812477149	0.2476867933900011	0.1972541776441081	0.23823055351343725	0.2670969699787374	0.33677452696394466	0.2141758700548013	0.2752263500915687	0.22363210993136512	0.20106952158588381	0.12442420890215582	0.1783416978909804	0.20438716869205087
22	0.09008312724516081	0.07482075608438676	0.09107852091637805	0.04114260661242245	0.0953915616937624	0.061714407615469286	0.07399059776259158	0.0829491408035468	0.12558583331646633	0.06768676964277277	0.10070099153603519	0.08759464306711769	0.08095835346111231	0.047447430125912494	0.07083918139951778	0.08145605029672094
23	0.005143199099179513	0.0008291629281239663	0.001990787342434493	0.0	0.0	0.0	0.0	0.0	0.0	0.0	0.0	0.0009953936712172465	0.0028199502705584596	0.00033146609251534314	0.004147805427962266	0.0024884841780431163
24	0.0	0.0	0.0	0.0	0.0	0.0	0.0	0.0	0.0	0.0	0.0	0.0	0.0	0.0	0.0	0.0
["PV_ROOFTOP","C3",*,*] :	1	2	3	4	5	6	7	8	9	10	11	12	13	14	15	16 := 
1	0.0	0.0	0.0	0.0	0.0	0.0	0.0	0.0	0.0	0.0	0.0	0.0	0.0	0.0	0.0	0.0
2	0.0	0.0	0.0	0.0	0.0	0.0	0.0	0.0	0.0	0.0	0.0	0.0	0.0	0.0	0.0	0.0
3	0.0	0.0	0.0	0.0	0.0	0.0	0.0	0.0	0.0	0.0	0.0	0.0	0.0	0.0	0.0	0.0
4	0.0	0.0	0.0	0.0	0.0	0.0	0.0	0.0	0.0	0.0	0.0	0.0	0.0	0.0	0.0	0.0
5	0.0	0.0	0.0	0.0	0.0	0.0	0.0	0.0	0.0	0.0	0.0	0.0	0.0	0.0	0.0	0.0
6	0.0	0.0	0.0	0.0	0.0	0.0	0.0	0.0	0.0	0.0	0.0	0.0	0.0	0.0	0.0	0.0
7	0.0	0.0	0.0	0.0	0.0	0.0	0.0	0.0	0.0	0.0	0.0	0.0	0.0	0.0	0.0	0.0
8	0.0	0.0	0.0	0.0	0.0	0.0	0.0	0.0	0.0	0.0	0.0	0.0	0.0	0.0	0.0	0.0
9	0.0	0.0	0.0	0.0	0.0	0.0	0.0	0.0	0.0	0.0	0.0	0.0	0.0	0.0	0.0	0.0
10	0.0	0.0	0.0	0.0	0.0	0.0	0.0	0.0	0.0	0.0	0.0	0.0	0.0	0.0	0.0	0.0
11	0.002969503365457964	0.0	0.0	0.0	0.0	0.0	0.0	0.0	0.0	0.0	0.0	0.0	0.0	0.001979668910305309	0.002969503365457964	0.002969503365457964
12	0.06928841186068582	0.06928841186068582	0.08116642532251768	0.050481557212785376	0.08413592868797565	0.08809526650858625	0.09700377660496015	0.11680046570801324	0.15144467163835615	0.10294278333587607	0.11680046570801324	0.10492245224618138	0.03464420593034291	0.09007493541889157	0.08512576314312828	0.07918675641221237
13	0.2227127524093473	0.19202788429961498	0.2286517591402632	0.15936334727957738	0.2623061306154535	0.2830926541736592	0.31872669455915476	0.34446239039312376	0.37316758959255075	0.30189950882155964	0.31575719119369683	0.2771536474427433	0.1435259959971349	0.2009363943959889	0.2286517591402632	0.22073308349904197
14	0.3721777551373981	0.300909674366407	0.3395132181173605	0.2286517591402632	0.41869997452957286	0.4375068291774733	0.48699855193510605	0.5117444133139224	0.5355004402375861	0.4573035182805264	0.4830392141144954	0.42364914680533616	0.2543874549742322	0.29002149535972777	0.36722858286163484	0.3602997416755663
15	0.49095788975571664	0.3899947753301459	0.4117711333435043	0.26923497180152206	0.598849845367356	0.5434191158788074	0.6117176932843406	0.6127075277394932	0.6404228924837675	0.5681649772576237	0.5978600109122033	0.5404496125133494	0.35040139712403967	0.3405030525725131	0.4721510351078162	0.46819169728720555
16	0.5651954738921657	0.46126285610113704	0.44938484263930517	0.2939808331803384	0.6720975950486525	0.6087481899188826	0.6730874295038052	0.6730874295038052	0.7008027942480793	0.6057786865534246	0.6641789194074312	0.6008295142776613	0.3800964307786194	0.3682184173167875	0.5236224267757543	0.5265919301412123
17	0.5909311697261348	0.5018460687623959	0.4800697107490374	0.27616381298759063	0.6978332908826215	0.6285448790219357	0.6829857740553316	0.6879349463310949	0.7205994833511326	0.624585541201325	0.6869451118759422	0.6166668655601037	0.38702527196468794	0.3454522248482764	0.524612261230907	0.5434191158788074
18	0.5543072948854866	0.49293755866602196	0.4662120283769003	0.2593366272499955	0.679026436234721	0.6097380243740352	0.6631890849522786	0.6661585883177366	0.701792628703232	0.6057786865534246	0.6651687538625839	0.59291083863644	0.35040139712403967	0.30189950882155964	0.489968055300564	0.5097647444036171
19	0.4721510351078162	0.4444356703635419	0.4018727887919778	0.21677374567843136	0.6156770311049511	0.5543072948854866	0.5810328251746082	0.601819348732814	0.6424025613940728	0.5483682881545707	0.595880342001898	0.5394597780581968	0.2959605020906437	0.25240778606392694	0.42562881571564143	0.4513645115496105
20	0.35832007276526096	0.352381066034345	0.3226860323797654	0.16035318173473004	0.4602730216459844	0.44740517372899985	0.42760848462594675	0.4483950081841525	0.5404496125133494	0.4404763325429313	0.49095788975571664	0.43255765690171005	0.22370258686449992	0.1831193742032411	0.3365437147519026	0.355350569399803
21	0.21875341458873665	0.22370258686449992	0.23953993814694238	0.09205460432919688	0.3395132181173605	0.2870519919942698	0.29002149535972777	0.300909674366407	0.3899947753301459	0.24943828269846896	0.33456404584159727	0.29002149535972777	0.14451583045228755	0.11482079679770793	0.22370258686449992	0.2345907658711791
22	0.10591228670133404	0.10195294888072341	0.11976996907347119	0.038603543750953526	0.15144467163835615	0.10987162452194466	0.11185129343224996	0.1356073203559137	0.18113970529293577	0.09601394214980749	0.16233285064503536	0.11383096234255528	0.06730874295038052	0.04751205384732742	0.10987162452194466	0.10789195561163935
23	0.01682718573759513	0.0108881790066792	0.012867847916984509	0.0	0.002969503365457964	0.0	0.0	0.0	0.0	0.0	0.004949172275763273	0.007918675641221236	0.004949172275763273	0.001979668910305309	0.013857682372137164	0.012867847916984509
24	0.0	0.0	0.0	0.0	0.0	0.0	0.0	0.0	0.0	0.0	0.0	0.0	0.0	0.0	0.0	0.0
["PV_ROOFTOP","C4",*,*] :	1	2	3	4	5	6	7	8	9	10	11	12	13	14	15	16 := 
1	0.0	0.0	0.0	0.0	0.0	0.0	0.0	0.0	0.0	0.0	0.0	0.0	0.0	0.0	0.0	0.0
2	0.0	0.0	0.0	0.0	0.0	0.0	0.0	0.0	0.0	0.0	0.0	0.0	0.0	0.0	0.0	0.0
3	0.0	0.0	0.0	0.0	0.0	0.0	0.0	0.0	0.0	0.0	0.0	0.0	0.0	0.0	0.0	0.0
4	0.0	0.0	0.0	0.0	0.0	0.0	0.0	0.0	0.0	0.0	0.0	0.0	0.0	0.0	0.0	0.0
5	0.0	0.0	0.0	0.0	0.0	0.0	0.0	0.0	0.0	0.0	0.0	0.0	0.0	0.0	0.0	0.0
6	0.0	0.0	0.0	0.0	0.0	0.0	0.0	0.0	0.0	0.0	0.0	0.0	0.0	0.0	0.0	0.0
7	0.0	0.0	0.0	0.0	0.0	0.0	0.0	0.0	0.0	0.0	0.0	0.0	0.0	0.0	0.0	0.0
8	0.0	0.0	0.0	0.0	0.0	0.0	0.0	0.0	0.0	0.0	0.0	0.0	0.0	0.0	0.0	0.0
9	0.0	0.0	0.0	0.0	0.0	0.0	0.0	0.0	0.0	0.0	0.0	0.0	0.0	0.0	0.0	0.0
10	0.0	0.0	0.0	0.0	0.0	0.0	0.0	0.0	0.0	0.0	0.0	0.0	0.0	0.0	0.0	0.0
11	0.011441194045719996	0.010943750826340866	0.006466761851928693	0.0	0.0	0.0	0.0	0.0	0.0	0.0	0.003482102535653912	0.003482102535653912	0.006466761851928693	0.006466761851928693	0.010446307606961736	0.012933523703857386
12	0.10147841675334257	0.09600654134017214	0.08804744983010605	0.04576477618287998	0.09749887099830953	0.09600654134017214	0.1313250099160904	0.12883779381919475	0.19300796911910256	0.09899120065644693	0.1432636471811895	0.11092983792154605	0.08953977948824345	0.08108324475879823	0.10297074641147996	0.1019758599727217
13	0.22384944872060863	0.21788013008805907	0.20345427672606428	0.12386336162540344	0.2432497342763947	0.26165513339342256	0.3278150815708469	0.3382613891778086	0.4019341212583373	0.26215257661280167	0.3278150815708469	0.2546909283221147	0.19400285555786081	0.1855463208284156	0.2382753020826034	0.22683410803688342
14	0.34074860527470424	0.33726650273905034	0.3074199095763025	0.22235711906247124	0.36412843658552335	0.38850315433510074	0.48053014992023985	0.519330721031812	0.5526594167302137	0.40840088311026596	0.4770480473845859	0.39646224584516687	0.31338922820885207	0.28055797572982943	0.36313355014676507	0.339753718835946
15	0.43128327120170595	0.4233241796916399	0.40243156447771644	0.3188611036220225	0.46063242114507463	0.462124750803212	0.5755418048216537	0.6257835699789459	0.6501582877285232	0.5168435049349163	0.5795213505766867	0.5188332778124328	0.4093957695490242	0.34671792390725376	0.4496886703187338	0.4193446339366068
16	0.4894841278690642	0.462124750803212	0.44769889744121727	0.38452360858006773	0.5108741863023667	0.5024176515729216	0.6143423759332259	0.6576199360192102	0.7008974961051946	0.5715622590666207	0.6317528886114955	0.5790239073573076	0.45565798895128334	0.3934775865288921	0.5009253219147841	0.458145205048179
17	0.5208230506899494	0.4596375347063164	0.4616273075838329	0.4064111102327494	0.5456952116589059	0.5272898125418781	0.6138449327138468	0.6755278919168589	0.710348917273398	0.5606185082402798	0.637722207244045	0.5849932259898571	0.48699691177216853	0.40292900769709555	0.5083869702054712	0.45267332963500856
18	0.5262949261031199	0.43078582798232684	0.4258113957885355	0.3954673594064086	0.5357463472713233	0.5014227651341633	0.5680801565309668	0.6581173792385894	0.6829895402075459	0.5392284498069773	0.6014088522293686	0.557136405704626	0.4631196372419703	0.37855428994751816	0.4780429338233442	0.41536508818157375
19	0.4725710584101737	0.36761053912117725	0.3775594035087599	0.33875883239718774	0.4710787287520363	0.4188471907172277	0.496448332940372	0.5999165225712311	0.6128500462750885	0.4785403770427233	0.5262949261031199	0.47903782026210245	0.3989494619420625	0.33477928664215467	0.3954673594064086	0.3581591179529738
20	0.36263610692738596	0.2591679172965269	0.282547748607346	0.2566807011996312	0.3487076967847703	0.286527294362379	0.36412843658552335	0.48699691177216853	0.4944585600628555	0.38402616536068857	0.40392389413585383	0.34771281034601204	0.2974710451887199	0.2512088257864608	0.2780707596329339	0.27011166812286774
21	0.22235711906247124	0.16166904629821735	0.1875360937059321	0.1626639327369756	0.20842870891985557	0.13729432854863996	0.21290569789426775	0.2765784299747965	0.31587644430574774	0.2337983131081912	0.2447420639345321	0.21788013008805907	0.18106933185400342	0.13331478279360692	0.16664347849200864	0.17161791068579993
22	0.08953977948824345	0.06317528886114955	0.07610881256500693	0.05621108378984172	0.0591957431061165	0.030344036382126946	0.06367273208052868	0.08506279051383128	0.09650398455955128	0.06466761851928694	0.08755000661072693	0.07660625578438607	0.06665739139680346	0.04675966262163825	0.06019062954487476	0.07113438037121562
23	0.0029846593162747817	0.0	0.0	0.0	0.0	0.0	0.0	0.0	0.0	0.0	0.0	0.0	0.0009948864387582606	0.0	0.0014923296581373909	0.0009948864387582606
24	0.0	0.0	0.0	0.0	0.0	0.0	0.0	0.0	0.0	0.0	0.0	0.0	0.0	0.0	0.0	0.0
["PV_ROOFTOP","C5",*,*] :	1	2	3	4	5	6	7	8	9	10	11	12	13	14	15	16 := 
1	0.0	0.0	0.0	0.0	0.0	0.0	0.0	0.0	0.0	0.0	0.0	0.0	0.0	0.0	0.0	0.0
2	0.0	0.0	0.0	0.0	0.0	0.0	0.0	0.0	0.0	0.0	0.0	0.0	0.0	0.0	0.0	0.0
3	0.0	0.0	0.0	0.0	0.0	0.0	0.0	0.0	0.0	0.0	0.0	0.0	0.0	0.0	0.0	0.0
4	0.0	0.0	0.0	0.0	0.0	0.0	0.0	0.0	0.0	0.0	0.0	0.0	0.0	0.0	0.0	0.0
5	0.0	0.0	0.0	0.0	0.0	0.0	0.0	0.0	0.0	0.0	0.0	0.0	0.0	0.0	0.0	0.0
6	0.0	0.0	0.0	0.0	0.0	0.0	0.0	0.0	0.0	0.0	0.0	0.0	0.0	0.0	0.0	0.0
7	0.0	0.0	0.0	0.0	0.0	0.0	0.0	0.0	0.0	0.0	0.0	0.0	0.0	0.0	0.0	0.0
8	0.0	0.0	0.0	0.0	0.0	0.0	0.0	0.0	0.0	0.0	0.0	0.0	0.0	0.0	0.0	0.0
9	0.0	0.0	0.0	0.0	0.0	0.0	0.0	0.0	0.0	0.0	0.0	0.0	0.0	0.0	0.0	0.0
10	0.0	0.0	0.0	0.0	0.0	0.0	0.0	0.0	0.0	0.0	0.0	0.0	0.0	0.0	0.0	0.0
11	0.0029700180506928462	0.0019800120337952307	0.0019800120337952307	0.0	0.0	0.0	0.0	0.0	0.0	0.0	0.0	0.0	0.0	0.0049500300844880765	0.0059400361013856925	0.0059400361013856925
12	0.08514051745319491	0.07821047533491161	0.09207055957147822	0.04059024669280223	0.11484069796012339	0.06732040914903785	0.11979072804461145	0.12573076414599715	0.16533100482190177	0.10791065584184008	0.1336508122811781	0.11484069796012339	0.061380373047652155	0.09801059567286392	0.08712052948699014	0.08712052948699014
13	0.22671137786955392	0.19998121541331831	0.24354148015681337	0.1336508122811781	0.31977194345792975	0.22770138388645153	0.3484821179479606	0.3544221540493463	0.38412233455627476	0.30195183515377266	0.3316520156607012	0.28908175693410365	0.19008115524434216	0.2069112575316016	0.23463142600473483	0.22770138388645153
14	0.3692722443028105	0.31878193744103217	0.36036219015073195	0.21978133575127062	0.48906297234742196	0.37719229243799146	0.5118331107360672	0.5167831408205552	0.5395532792092004	0.4583727858235959	0.49104298438121724	0.4306526173504627	0.3118518953227488	0.29304178100169415	0.3762022864210938	0.35937218413383437
15	0.4920329903981148	0.4237225752321794	0.4455027076039269	0.2643316065116633	0.6088537003920335	0.47421288209395773	0.6217237786117025	0.6207337725948048	0.6415238989496548	0.5623234175978454	0.6029136642906477	0.5415332912429957	0.40095243684353427	0.35739217210003915	0.4920329903981148	0.4613428038742888
16	0.5633134236147431	0.47619289412775295	0.4900529783643196	0.28215171481582035	0.6732040914903785	0.5445033092936885	0.6801341336086618	0.6692440674227881	0.699934253946614	0.5999436462399549	0.6682540614058904	0.5949936161554669	0.4306526173504627	0.37521228040419624	0.5534133634457671	0.5217331709050433
17	0.5870735680202859	0.4831229362460363	0.51480312878676	0.26532161252856096	0.6979542419128187	0.5910335920878763	0.6791441275917642	0.6811241396255593	0.7187443682676687	0.617763754544112	0.6880541817438426	0.6068736883582382	0.45243274972221026	0.3811523165055819	0.5593533995471526	0.5425232972598932
18	0.5573733875133574	0.45243274972221026	0.48213293022913867	0.24750150422440384	0.6761741095410714	0.584103549969593	0.6583540012369142	0.6573639952200167	0.6969642358959212	0.5940036101385692	0.6662740493720952	0.5831135439526954	0.4059024669280223	0.3435320878634725	0.5098530987022719	0.5167831408205552
19	0.4880729663305244	0.38610234659007	0.40194244286043185	0.2385914500723253	0.6157837425103168	0.548463333361279	0.5870735680202859	0.5949936161554669	0.6355838628482691	0.5346032491247124	0.5979636342061596	0.5207431648881456	0.34056206981277964	0.25443154634268716	0.42669259328287223	0.4435226955701317
20	0.34650210591416536	0.25740156439338	0.29304178100169415	0.19008115524434216	0.47619289412775295	0.468272845992572	0.48114292421224103	0.4712428640432649	0.5316332310740195	0.41085249701251036	0.4920329903981148	0.4148125210801008	0.2514615282919943	0.1752310649908779	0.31977194345792975	0.3435320878634725
21	0.2326514139709396	0.17919108905846837	0.19206116727813738	0.12375075211220192	0.3276919915931107	0.28710174490030843	0.26631161854545854	0.24849151024130145	0.3781822984548891	0.22275135380196345	0.3385820577789845	0.27225165464684425	0.1494909085515399	0.10296062575735199	0.22176134778506584	0.22968139592024678
22	0.10791065584184008	0.08316050541939969	0.09009054753768299	0.05049030686177838	0.1485009025346423	0.12573076414599715	0.09999060770665916	0.10098061372355677	0.16830102287259463	0.08811053550388777	0.13167080024738284	0.10197061974045438	0.06336038508144738	0.04059024669280223	0.10197061974045438	0.10395063177424961
23	0.01485009025346423	0.0059400361013856925	0.008910054152078538	0.0	0.0009900060168976153	0.0	0.0	0.0	0.0	0.0	0.0019800120337952307	0.0059400361013856925	0.0029700180506928462	0.0	0.012870078219668998	0.008910054152078538
24	0.0	0.0	0.0	0.0	0.0	0.0	0.0	0.0	0.0	0.0	0.0	0.0	0.0	0.0	0.0	0.0
["PV_UTILITY","C1",*,*] :	1	2	3	4	5	6	7	8	9	10	11	12	13	14	15	16 := 
1	0.0	0.0	0.0	0.0	0.0	0.0	0.0	0.0	0.0	0.0	0.0	0.0	0.0	0.0	0.0	0.0
2	0.0	0.0	0.0	0.0	0.0	0.0	0.0	0.0	0.0	0.0	0.0	0.0	0.0	0.0	0.0	0.0
3	0.0	0.0	0.0	0.0	0.0	0.0	0.0	0.0	0.0	0.0	0.0	0.0	0.0	0.0	0.0	0.0
4	0.0	0.0	0.0	0.0	0.0	0.0	0.0	0.0	0.0	0.0	0.0	0.0	0.0	0.0	0.0	0.0
5	0.0	0.0	0.0	0.0	0.0	0.0	0.0	0.0	0.0	0.0	0.0	0.0	0.0	0.0	0.0	0.0
6	0.0	0.0	0.0	0.0	0.0	0.0	0.0	0.0	0.0	0.0	0.0	0.0	0.0	0.0	0.0	0.0
7	0.0	0.0	0.0	0.0	0.0	0.0	0.0	0.0	0.0	0.0	0.0	0.0	0.0	0.0	0.0	0.0
8	0.0	0.0	0.0	0.0	0.0	0.0	0.0	0.0	0.0	0.0	0.0	0.0	0.0	0.0	0.0	0.0
9	0.0	0.0	0.0	0.0	0.0	0.0	0.0	0.0	0.0	0.0	0.0	0.0	0.0	0.0	0.0	0.0
10	0.0	0.0	0.0	0.0	0.0	0.0	0.0	0.0	0.0	0.0	0.0	0.0	0.0	0.0	0.0	0.0
11	0.009644588764912667	0.007542563008457342	0.0059351315476385644	0.0	0.0	0.0	0.0	0.0	0.0	0.0	0.0007418914434548206	0.002596620052091872	0.004698645808547197	0.006306077269365974	0.009768237338821803	0.011870263095277129
12	0.0932310247274891	0.089521567510215	0.10225737062285609	0.022256743303644615	0.13366410839577683	0.0844519759799404	0.135642485578323	0.14120667140423415	0.18188705222034016	0.10621412498794847	0.13786815990868748	0.12068100813531747	0.08061887018875716	0.08865602749285105	0.10337020778803832	0.09966075057076422
13	0.2375289104794517	0.2085951441847137	0.2502647135920928	0.0830918416669399	0.3279160180070307	0.26300051670473384	0.3632795101450438	0.37008018171004625	0.3959227336570559	0.2885957715039252	0.33298560953730527	0.29453090305156376	0.190789749541798	0.19140799241134368	0.24568971635745473	0.243216744879272
14	0.3756443675359574	0.32581399225057533	0.3805903104923229	0.1655654404643341	0.4727084980546298	0.42052879986497405	0.5248881962442855	0.5304523820701966	0.5475158852696576	0.4361085201775253	0.4936051070452739	0.4479787832728025	0.30565927470338605	0.2791984798868308	0.38368152484005136	0.37329504463168384
15	0.4795091696196323	0.4143463711695172	0.4749341723849943	0.2318410760796314	0.5802827573555788	0.5266192762790135	0.6304840783626883	0.631102321232234	0.6454455558056938	0.5409625108524733	0.6061253093025883	0.5540692596868417	0.3976538136917838	0.3374369581980342	0.49063754127145465	0.4676389065243552
16	0.5378712965047449	0.4523064833596222	0.5069591530274606	0.27487077980001096	0.6332043469886893	0.58584694318149	0.6871151252130729	0.6855076937522541	0.700716468343078	0.5825084316859432	0.6702989191614304	0.6068672007460432	0.4531720233769862	0.3715639645969559	0.5511016939130224	0.521673333322648
17	0.5564185825911154	0.45712877774207855	0.512646987427281	0.2967565773819282	0.6595414932313354	0.6077327407634071	0.6934212024824389	0.6949049853693485	0.7154306486382652	0.5775624887295778	0.6893407995434374	0.6146570609023188	0.4677625550982643	0.38256868767486907	0.5598807426605712	0.5282267077398323
18	0.5347800821570164	0.42176528560406545	0.4675152579504461	0.28723563719092465	0.6511333902055141	0.5865888346249447	0.6674550019615202	0.6670840562397927	0.690824582430347	0.5549347997042058	0.6644874361877009	0.5855996460336717	0.43709770876879844	0.3583335671886783	0.5194476589922834	0.48396051828036124
19	0.4650422864722633	0.35957005292776967	0.39184233071805435	0.2620113281134608	0.5947496405029478	0.5234044133573759	0.583250323129398	0.6030340949548599	0.6246725953889588	0.4791382238979049	0.5954915319464026	0.514501716035918	0.38343422769223307	0.29032685153865306	0.42745312000388574	0.40705110530887817
20	0.32964709804175857	0.2554579536962765	0.303804546094749	0.21403568143671572	0.4468659461076202	0.4027234052220584	0.43957068024698115	0.48494970687163436	0.5149963103315546	0.3485653298498565	0.48358957255863383	0.38627814489214324	0.29589103736456424	0.20129987832407462	0.30887413762502364	0.30504103183384035
21	0.2152721671758071	0.16111409180360517	0.21193365568026037	0.1368789713174144	0.3118417033988429	0.24445323061836335	0.27672550840864807	0.2834025313997414	0.35437681282358596	0.21403568143671572	0.32433020936366574	0.2482863364095466	0.19202623528088936	0.10794520502267638	0.19313907244607162	0.2032782555066208
22	0.09632223907521753	0.0686249585195709	0.09570399620567184	0.04822294382456333	0.12612154538731948	0.09063440467539724	0.09805331910994544	0.10448304495322056	0.12476141107431897	0.06850130994566177	0.12364857390913675	0.09607494192739925	0.0858121102929409	0.037960112190104985	0.08098981591048457	0.084081030258213
23	0.008902697321457846	0.0018547286086370513	0.00457499723463806	0.0	0.0	0.0	0.0	0.0	0.0	0.0	0.000494594295636547	0.002472971478182735	0.00531688867809288	0.0	0.006306077269365974	0.00420405151291065
24	0.0	0.0	0.0	0.0	0.0	0.0	0.0	0.0	0.0	0.0	0.0	0.0	0.0	0.0	0.0	0.0
["PV_UTILITY","C2",*,*] :	1	2	3	4	5	6	7	8	9	10	11	12	13	14	15	16 := 
1	0.0	0.0	0.0	0.0	0.0	0.0	0.0	0.0	0.0	0.0	0.0	0.0	0.0	0.0	0.0	0.0
2	0.0	0.0	0.0	0.0	0.0	0.0	0.0	0.0	0.0	0.0	0.0	0.0	0.0	0.0	0.0	0.0
3	0.0	0.0	0.0	0.0	0.0	0.0	0.0	0.0	0.0	0.0	0.0	0.0	0.0	0.0	0.0	0.0
4	0.0	0.0	0.0	0.0	0.0	0.0	0.0	0.0	0.0	0.0	0.0	0.0	0.0	0.0	0.0	0.0
5	0.0	0.0	0.0	0.0	0.0	0.0	0.0	0.0	0.0	0.0	0.0	0.0	0.0	0.0	0.0	0.0
6	0.0	0.0	0.0	0.0	0.0	0.0	0.0	0.0	0.0	0.0	0.0	0.0	0.0	0.0	0.0	0.0
7	0.0	0.0	0.0	0.0	0.0	0.0	0.0	0.0	0.0	0.0	0.0	0.0	0.0	0.0	0.0	0.0
8	0.0	0.0	0.0	0.0	0.0	0.0	0.0	0.0	0.0	0.0	0.0	0.0	0.0	0.0	0.0	0.0
9	0.0	0.0	0.0	0.0	0.0	0.0	0.0	0.0	0.0	0.0	0.0	0.0	0.0	0.0	0.0	0.0
10	0.0	0.0	0.0	0.0	0.0	0.0	0.0	0.0	0.0	0.0	0.0	0.0	0.0	0.0	0.0	0.0
11	0.00879231229786194	0.006967755698520726	0.005308434448601576	0.0	0.0004976968356086233	0.0	0.0	0.0	0.0	0.0	0.0021570180855277734	0.003981574684868986	0.005640895934788137	0.006138592770396759	0.008958543040955218	0.010120167455265746
12	0.09439616802254513	0.08709694623150907	0.09323553900190583	0.02936411330090877	0.12541960257337306	0.08643301865280716	0.14234129498406625	0.13587123612115415	0.19045165729500943	0.10484780157032622	0.14964051677510232	0.12624876550149702	0.10070099153603519	0.09024935798825409	0.10020329470042656	0.09456239876563842
13	0.22993593805118395	0.20040559400718191	0.21832268008909234	0.09920790102920932	0.3029311421425583	0.2632816260369617	0.3541939162102465	0.35502407453204166	0.3999820250862398	0.282691802625698	0.3405908662993916	0.3004426579645152	0.23391751273605293	0.2042219333426288	0.2322581914861338	0.22529043578761307
14	0.36232329632307775	0.31354900643343264	0.3377699206351619	0.17236933586367692	0.44610259544841974	0.41756764507563493	0.5044983605640507	0.5179361751254836	0.5491258404194047	0.4376417492430731	0.4958722790092821	0.4489225457189782	0.3614941333949538	0.3064150199918187	0.3556870067170724	0.3462307668405085
15	0.4611987358661005	0.4054566902779347	0.43515326506503	0.22694975703753223	0.5406649942140581	0.519926962467918	0.6020469403433408	0.6199640264252513	0.6465081894556016	0.5569227590460495	0.6033747955007447	0.5491258404194047	0.4595404100098526	0.36547570807982277	0.4469317583765437	0.4396325365855076
16	0.5217525144609305	0.4407931656061469	0.48160430612605404	0.28501405606064784	0.5891068226175167	0.5872822660181755	0.6443511713700739	0.6722221941641567	0.7004256784444263	0.6144893612335565	0.6609413976882518	0.5980653656584718	0.5174384782898749	0.39367819696642103	0.5018446410365855	0.49354903018066104
17	0.542158084720884	0.44759568595524557	0.5083146998994976	0.3127198435053087	0.6038724923363532	0.6129962707267306	0.6465081894556016	0.6844993797049503	0.7135310315196726	0.6211256508395618	0.6752083751778084	0.608516999206253	0.5307110575018856	0.398488934579414	0.512627740676882	0.5159453877830491
18	0.5146185280193165	0.4271901156952921	0.5043331252146286	0.3047566941355707	0.5935860941379942	0.584462315747617	0.6193010942402206	0.6577889859315067	0.6820108955269071	0.5925907004667771	0.6438534745344652	0.5700291075149669	0.49852599853674723	0.3679641922578659	0.4753004780062352	0.4930513333450524
19	0.4514110298970213	0.36481178050112084	0.4404616995136316	0.26543864412248946	0.5335310077724442	0.5051622881427525	0.5200931932110113	0.5837983881689152	0.6146555919766498	0.5000190890435732	0.5678720894294391	0.4721480662494902	0.42669241885968345	0.2992820289438759	0.400812183408035	0.4228760795242365
20	0.3314660925153431	0.2690877573211719	0.34639699758360176	0.20123575232897709	0.40263674000737626	0.3722772330352502	0.3855488168535897	0.4452724371266245	0.5028400347078028	0.3676317307716793	0.4354847311575454	0.34639699758360176	0.32366917388869837	0.21035953071935434	0.28816646781739286	0.3190236716251275
21	0.20787104654131125	0.1736961956274095	0.2237973452807872	0.12011116812477149	0.2476867933900011	0.1972541776441081	0.23823055351343725	0.2670969699787374	0.33677452696394466	0.2141758700548013	0.2752263500915687	0.22363210993136512	0.20106952158588381	0.12442420890215582	0.1783416978909804	0.20438716869205087
22	0.09008312724516081	0.07482075608438676	0.09107852091637805	0.04114260661242245	0.0953915616937624	0.061714407615469286	0.07399059776259158	0.0829491408035468	0.12558583331646633	0.06768676964277277	0.10070099153603519	0.08759464306711769	0.08095835346111231	0.047447430125912494	0.07083918139951778	0.08145605029672094
23	0.005143199099179513	0.0008291629281239663	0.001990787342434493	0.0	0.0	0.0	0.0	0.0	0.0	0.0	0.0	0.0009953936712172465	0.0028199502705584596	0.00033146609251534314	0.004147805427962266	0.0024884841780431163
24	0.0	0.0	0.0	0.0	0.0	0.0	0.0	0.0	0.0	0.0	0.0	0.0	0.0	0.0	0.0	0.0
["PV_UTILITY","C3",*,*] :	1	2	3	4	5	6	7	8	9	10	11	12	13	14	15	16 := 
1	0.0	0.0	0.0	0.0	0.0	0.0	0.0	0.0	0.0	0.0	0.0	0.0	0.0	0.0	0.0	0.0
2	0.0	0.0	0.0	0.0	0.0	0.0	0.0	0.0	0.0	0.0	0.0	0.0	0.0	0.0	0.0	0.0
3	0.0	0.0	0.0	0.0	0.0	0.0	0.0	0.0	0.0	0.0	0.0	0.0	0.0	0.0	0.0	0.0
4	0.0	0.0	0.0	0.0	0.0	0.0	0.0	0.0	0.0	0.0	0.0	0.0	0.0	0.0	0.0	0.0
5	0.0	0.0	0.0	0.0	0.0	0.0	0.0	0.0	0.0	0.0	0.0	0.0	0.0	0.0	0.0	0.0
6	0.0	0.0	0.0	0.0	0.0	0.0	0.0	0.0	0.0	0.0	0.0	0.0	0.0	0.0	0.0	0.0
7	0.0	0.0	0.0	0.0	0.0	0.0	0.0	0.0	0.0	0.0	0.0	0.0	0.0	0.0	0.0	0.0
8	0.0	0.0	0.0	0.0	0.0	0.0	0.0	0.0	0.0	0.0	0.0	0.0	0.0	0.0	0.0	0.0
9	0.0	0.0	0.0	0.0	0.0	0.0	0.0	0.0	0.0	0.0	0.0	0.0	0.0	0.0	0.0	0.0
10	0.0	0.0	0.0	0.0	0.0	0.0	0.0	0.0	0.0	0.0	0.0	0.0	0.0	0.0	0.0	0.0
11	0.002969503365457964	0.0	0.0	0.0	0.0	0.0	0.0	0.0	0.0	0.0	0.0	0.0	0.0	0.001979668910305309	0.002969503365457964	0.002969503365457964
12	0.06928841186068582	0.06928841186068582	0.08116642532251768	0.050481557212785376	0.08413592868797565	0.08809526650858625	0.09700377660496015	0.11680046570801324	0.15144467163835615	0.10294278333587607	0.11680046570801324	0.10492245224618138	0.03464420593034291	0.09007493541889157	0.08512576314312828	0.07918675641221237
13	0.2227127524093473	0.19202788429961498	0.2286517591402632	0.15936334727957738	0.2623061306154535	0.2830926541736592	0.31872669455915476	0.34446239039312376	0.37316758959255075	0.30189950882155964	0.31575719119369683	0.2771536474427433	0.1435259959971349	0.2009363943959889	0.2286517591402632	0.22073308349904197
14	0.3721777551373981	0.300909674366407	0.3395132181173605	0.2286517591402632	0.41869997452957286	0.4375068291774733	0.48699855193510605	0.5117444133139224	0.5355004402375861	0.4573035182805264	0.4830392141144954	0.42364914680533616	0.2543874549742322	0.29002149535972777	0.36722858286163484	0.3602997416755663
15	0.49095788975571664	0.3899947753301459	0.4117711333435043	0.26923497180152206	0.598849845367356	0.5434191158788074	0.6117176932843406	0.6127075277394932	0.6404228924837675	0.5681649772576237	0.5978600109122033	0.5404496125133494	0.35040139712403967	0.3405030525725131	0.4721510351078162	0.46819169728720555
16	0.5651954738921657	0.46126285610113704	0.44938484263930517	0.2939808331803384	0.6720975950486525	0.6087481899188826	0.6730874295038052	0.6730874295038052	0.7008027942480793	0.6057786865534246	0.6641789194074312	0.6008295142776613	0.3800964307786194	0.3682184173167875	0.5236224267757543	0.5265919301412123
17	0.5909311697261348	0.5018460687623959	0.4800697107490374	0.27616381298759063	0.6978332908826215	0.6285448790219357	0.6829857740553316	0.6879349463310949	0.7205994833511326	0.624585541201325	0.6869451118759422	0.6166668655601037	0.38702527196468794	0.3454522248482764	0.524612261230907	0.5434191158788074
18	0.5543072948854866	0.49293755866602196	0.4662120283769003	0.2593366272499955	0.679026436234721	0.6097380243740352	0.6631890849522786	0.6661585883177366	0.701792628703232	0.6057786865534246	0.6651687538625839	0.59291083863644	0.35040139712403967	0.30189950882155964	0.489968055300564	0.5097647444036171
19	0.4721510351078162	0.4444356703635419	0.4018727887919778	0.21677374567843136	0.6156770311049511	0.5543072948854866	0.5810328251746082	0.601819348732814	0.6424025613940728	0.5483682881545707	0.595880342001898	0.5394597780581968	0.2959605020906437	0.25240778606392694	0.42562881571564143	0.4513645115496105
20	0.35832007276526096	0.352381066034345	0.3226860323797654	0.16035318173473004	0.4602730216459844	0.44740517372899985	0.42760848462594675	0.4483950081841525	0.5404496125133494	0.4404763325429313	0.49095788975571664	0.43255765690171005	0.22370258686449992	0.1831193742032411	0.3365437147519026	0.355350569399803
21	0.21875341458873665	0.22370258686449992	0.23953993814694238	0.09205460432919688	0.3395132181173605	0.2870519919942698	0.29002149535972777	0.300909674366407	0.3899947753301459	0.24943828269846896	0.33456404584159727	0.29002149535972777	0.14451583045228755	0.11482079679770793	0.22370258686449992	0.2345907658711791
22	0.10591228670133404	0.10195294888072341	0.11976996907347119	0.038603543750953526	0.15144467163835615	0.10987162452194466	0.11185129343224996	0.1356073203559137	0.18113970529293577	0.09601394214980749	0.16233285064503536	0.11383096234255528	0.06730874295038052	0.04751205384732742	0.10987162452194466	0.10789195561163935
23	0.01682718573759513	0.0108881790066792	0.012867847916984509	0.0	0.002969503365457964	0.0	0.0	0.0	0.0	0.0	0.004949172275763273	0.007918675641221236	0.004949172275763273	0.001979668910305309	0.013857682372137164	0.012867847916984509
24	0.0	0.0	0.0	0.0	0.0	0.0	0.0	0.0	0.0	0.0	0.0	0.0	0.0	0.0	0.0	0.0
["PV_UTILITY","C4",*,*] :	1	2	3	4	5	6	7	8	9	10	11	12	13	14	15	16 := 
1	0.0	0.0	0.0	0.0	0.0	0.0	0.0	0.0	0.0	0.0	0.0	0.0	0.0	0.0	0.0	0.0
2	0.0	0.0	0.0	0.0	0.0	0.0	0.0	0.0	0.0	0.0	0.0	0.0	0.0	0.0	0.0	0.0
3	0.0	0.0	0.0	0.0	0.0	0.0	0.0	0.0	0.0	0.0	0.0	0.0	0.0	0.0	0.0	0.0
4	0.0	0.0	0.0	0.0	0.0	0.0	0.0	0.0	0.0	0.0	0.0	0.0	0.0	0.0	0.0	0.0
5	0.0	0.0	0.0	0.0	0.0	0.0	0.0	0.0	0.0	0.0	0.0	0.0	0.0	0.0	0.0	0.0
6	0.0	0.0	0.0	0.0	0.0	0.0	0.0	0.0	0.0	0.0	0.0	0.0	0.0	0.0	0.0	0.0
7	0.0	0.0	0.0	0.0	0.0	0.0	0.0	0.0	0.0	0.0	0.0	0.0	0.0	0.0	0.0	0.0
8	0.0	0.0	0.0	0.0	0.0	0.0	0.0	0.0	0.0	0.0	0.0	0.0	0.0	0.0	0.0	0.0
9	0.0	0.0	0.0	0.0	0.0	0.0	0.0	0.0	0.0	0.0	0.0	0.0	0.0	0.0	0.0	0.0
10	0.0	0.0	0.0	0.0	0.0	0.0	0.0	0.0	0.0	0.0	0.0	0.0	0.0	0.0	0.0	0.0
11	0.011441194045719996	0.010943750826340866	0.006466761851928693	0.0	0.0	0.0	0.0	0.0	0.0	0.0	0.003482102535653912	0.003482102535653912	0.006466761851928693	0.006466761851928693	0.010446307606961736	0.012933523703857386
12	0.10147841675334257	0.09600654134017214	0.08804744983010605	0.04576477618287998	0.09749887099830953	0.09600654134017214	0.1313250099160904	0.12883779381919475	0.19300796911910256	0.09899120065644693	0.1432636471811895	0.11092983792154605	0.08953977948824345	0.08108324475879823	0.10297074641147996	0.1019758599727217
13	0.22384944872060863	0.21788013008805907	0.20345427672606428	0.12386336162540344	0.2432497342763947	0.26165513339342256	0.3278150815708469	0.3382613891778086	0.4019341212583373	0.26215257661280167	0.3278150815708469	0.2546909283221147	0.19400285555786081	0.1855463208284156	0.2382753020826034	0.22683410803688342
14	0.34074860527470424	0.33726650273905034	0.3074199095763025	0.22235711906247124	0.36412843658552335	0.38850315433510074	0.48053014992023985	0.519330721031812	0.5526594167302137	0.40840088311026596	0.4770480473845859	0.39646224584516687	0.31338922820885207	0.28055797572982943	0.36313355014676507	0.339753718835946
15	0.43128327120170595	0.4233241796916399	0.40243156447771644	0.3188611036220225	0.46063242114507463	0.462124750803212	0.5755418048216537	0.6257835699789459	0.6501582877285232	0.5168435049349163	0.5795213505766867	0.5188332778124328	0.4093957695490242	0.34671792390725376	0.4496886703187338	0.4193446339366068
16	0.4894841278690642	0.462124750803212	0.44769889744121727	0.38452360858006773	0.5108741863023667	0.5024176515729216	0.6143423759332259	0.6576199360192102	0.7008974961051946	0.5715622590666207	0.6317528886114955	0.5790239073573076	0.45565798895128334	0.3934775865288921	0.5009253219147841	0.458145205048179
17	0.5208230506899494	0.4596375347063164	0.4616273075838329	0.4064111102327494	0.5456952116589059	0.5272898125418781	0.6138449327138468	0.6755278919168589	0.710348917273398	0.5606185082402798	0.637722207244045	0.5849932259898571	0.48699691177216853	0.40292900769709555	0.5083869702054712	0.45267332963500856
18	0.5262949261031199	0.43078582798232684	0.4258113957885355	0.3954673594064086	0.5357463472713233	0.5014227651341633	0.5680801565309668	0.6581173792385894	0.6829895402075459	0.5392284498069773	0.6014088522293686	0.557136405704626	0.4631196372419703	0.37855428994751816	0.4780429338233442	0.41536508818157375
19	0.4725710584101737	0.36761053912117725	0.3775594035087599	0.33875883239718774	0.4710787287520363	0.4188471907172277	0.496448332940372	0.5999165225712311	0.6128500462750885	0.4785403770427233	0.5262949261031199	0.47903782026210245	0.3989494619420625	0.33477928664215467	0.3954673594064086	0.3581591179529738
20	0.36263610692738596	0.2591679172965269	0.282547748607346	0.2566807011996312	0.3487076967847703	0.286527294362379	0.36412843658552335	0.48699691177216853	0.4944585600628555	0.38402616536068857	0.40392389413585383	0.34771281034601204	0.2974710451887199	0.2512088257864608	0.2780707596329339	0.27011166812286774
21	0.22235711906247124	0.16166904629821735	0.1875360937059321	0.1626639327369756	0.20842870891985557	0.13729432854863996	0.21290569789426775	0.2765784299747965	0.31587644430574774	0.2337983131081912	0.2447420639345321	0.21788013008805907	0.18106933185400342	0.13331478279360692	0.16664347849200864	0.17161791068579993
22	0.08953977948824345	0.06317528886114955	0.07610881256500693	0.05621108378984172	0.0591957431061165	0.030344036382126946	0.06367273208052868	0.08506279051383128	0.09650398455955128	0.06466761851928694	0.08755000661072693	0.07660625578438607	0.06665739139680346	0.04675966262163825	0.06019062954487476	0.07113438037121562
23	0.0029846593162747817	0.0	0.0	0.0	0.0	0.0	0.0	0.0	0.0	0.0	0.0	0.0	0.0009948864387582606	0.0	0.0014923296581373909	0.0009948864387582606
24	0.0	0.0	0.0	0.0	0.0	0.0	0.0	0.0	0.0	0.0	0.0	0.0	0.0	0.0	0.0	0.0
["PV_UTILITY","C5",*,*] :	1	2	3	4	5	6	7	8	9	10	11	12	13	14	15	16 := 
1	0.0	0.0	0.0	0.0	0.0	0.0	0.0	0.0	0.0	0.0	0.0	0.0	0.0	0.0	0.0	0.0
2	0.0	0.0	0.0	0.0	0.0	0.0	0.0	0.0	0.0	0.0	0.0	0.0	0.0	0.0	0.0	0.0
3	0.0	0.0	0.0	0.0	0.0	0.0	0.0	0.0	0.0	0.0	0.0	0.0	0.0	0.0	0.0	0.0
4	0.0	0.0	0.0	0.0	0.0	0.0	0.0	0.0	0.0	0.0	0.0	0.0	0.0	0.0	0.0	0.0
5	0.0	0.0	0.0	0.0	0.0	0.0	0.0	0.0	0.0	0.0	0.0	0.0	0.0	0.0	0.0	0.0
6	0.0	0.0	0.0	0.0	0.0	0.0	0.0	0.0	0.0	0.0	0.0	0.0	0.0	0.0	0.0	0.0
7	0.0	0.0	0.0	0.0	0.0	0.0	0.0	0.0	0.0	0.0	0.0	0.0	0.0	0.0	0.0	0.0
8	0.0	0.0	0.0	0.0	0.0	0.0	0.0	0.0	0.0	0.0	0.0	0.0	0.0	0.0	0.0	0.0
9	0.0	0.0	0.0	0.0	0.0	0.0	0.0	0.0	0.0	0.0	0.0	0.0	0.0	0.0	0.0	0.0
10	0.0	0.0	0.0	0.0	0.0	0.0	0.0	0.0	0.0	0.0	0.0	0.0	0.0	0.0	0.0	0.0
11	0.0029700180506928462	0.0019800120337952307	0.0019800120337952307	0.0	0.0	0.0	0.0	0.0	0.0	0.0	0.0	0.0	0.0	0.0049500300844880765	0.0059400361013856925	0.0059400361013856925
12	0.08514051745319491	0.07821047533491161	0.09207055957147822	0.04059024669280223	0.11484069796012339	0.06732040914903785	0.11979072804461145	0.12573076414599715	0.16533100482190177	0.10791065584184008	0.1336508122811781	0.11484069796012339	0.061380373047652155	0.09801059567286392	0.08712052948699014	0.08712052948699014
13	0.22671137786955392	0.19998121541331831	0.24354148015681337	0.1336508122811781	0.31977194345792975	0.22770138388645153	0.3484821179479606	0.3544221540493463	0.38412233455627476	0.30195183515377266	0.3316520156607012	0.28908175693410365	0.19008115524434216	0.2069112575316016	0.23463142600473483	0.22770138388645153
14	0.3692722443028105	0.31878193744103217	0.36036219015073195	0.21978133575127062	0.48906297234742196	0.37719229243799146	0.5118331107360672	0.5167831408205552	0.5395532792092004	0.4583727858235959	0.49104298438121724	0.4306526173504627	0.3118518953227488	0.29304178100169415	0.3762022864210938	0.35937218413383437
15	0.4920329903981148	0.4237225752321794	0.4455027076039269	0.2643316065116633	0.6088537003920335	0.47421288209395773	0.6217237786117025	0.6207337725948048	0.6415238989496548	0.5623234175978454	0.6029136642906477	0.5415332912429957	0.40095243684353427	0.35739217210003915	0.4920329903981148	0.4613428038742888
16	0.5633134236147431	0.47619289412775295	0.4900529783643196	0.28215171481582035	0.6732040914903785	0.5445033092936885	0.6801341336086618	0.6692440674227881	0.699934253946614	0.5999436462399549	0.6682540614058904	0.5949936161554669	0.4306526173504627	0.37521228040419624	0.5534133634457671	0.5217331709050433
17	0.5870735680202859	0.4831229362460363	0.51480312878676	0.26532161252856096	0.6979542419128187	0.5910335920878763	0.6791441275917642	0.6811241396255593	0.7187443682676687	0.617763754544112	0.6880541817438426	0.6068736883582382	0.45243274972221026	0.3811523165055819	0.5593533995471526	0.5425232972598932
18	0.5573733875133574	0.45243274972221026	0.48213293022913867	0.24750150422440384	0.6761741095410714	0.584103549969593	0.6583540012369142	0.6573639952200167	0.6969642358959212	0.5940036101385692	0.6662740493720952	0.5831135439526954	0.4059024669280223	0.3435320878634725	0.5098530987022719	0.5167831408205552
19	0.4880729663305244	0.38610234659007	0.40194244286043185	0.2385914500723253	0.6157837425103168	0.548463333361279	0.5870735680202859	0.5949936161554669	0.6355838628482691	0.5346032491247124	0.5979636342061596	0.5207431648881456	0.34056206981277964	0.25443154634268716	0.42669259328287223	0.4435226955701317
20	0.34650210591416536	0.25740156439338	0.29304178100169415	0.19008115524434216	0.47619289412775295	0.468272845992572	0.48114292421224103	0.4712428640432649	0.5316332310740195	0.41085249701251036	0.4920329903981148	0.4148125210801008	0.2514615282919943	0.1752310649908779	0.31977194345792975	0.3435320878634725
21	0.2326514139709396	0.17919108905846837	0.19206116727813738	0.12375075211220192	0.3276919915931107	0.28710174490030843	0.26631161854545854	0.24849151024130145	0.3781822984548891	0.22275135380196345	0.3385820577789845	0.27225165464684425	0.1494909085515399	0.10296062575735199	0.22176134778506584	0.22968139592024678
22	0.10791065584184008	0.08316050541939969	0.09009054753768299	0.05049030686177838	0.1485009025346423	0.12573076414599715	0.09999060770665916	0.10098061372355677	0.16830102287259463	0.08811053550388777	0.13167080024738284	0.10197061974045438	0.06336038508144738	0.04059024669280223	0.10197061974045438	0.10395063177424961
23	0.01485009025346423	0.0059400361013856925	0.008910054152078538	0.0	0.0009900060168976153	0.0	0.0	0.0	0.0	0.0	0.0019800120337952307	0.0059400361013856925	0.0029700180506928462	0.0	0.012870078219668998	0.008910054152078538
24	0.0	0.0	0.0	0.0	0.0	0.0	0.0	0.0	0.0	0.0	0.0	0.0	0.0	0.0	0.0	0.0
["PV_HS","C1",*,*] :	1	2	3	4	5	6	7	8	9	10	11	12	13	14	15	16 := 
1	0.0	0.0	0.0	0.0	0.0	0.0	0.0	0.0	0.0	0.0	0.0	0.0	0.0	0.0	0.0	0.0
2	0.0	0.0	0.0	0.0	0.0	0.0	0.0	0.0	0.0	0.0	0.0	0.0	0.0	0.0	0.0	0.0
3	0.0	0.0	0.0	0.0	0.0	0.0	0.0	0.0	0.0	0.0	0.0	0.0	0.0	0.0	0.0	0.0
4	0.0	0.0	0.0	0.0	0.0	0.0	0.0	0.0	0.0	0.0	0.0	0.0	0.0	0.0	0.0	0.0
5	0.0	0.0	0.0	0.0	0.0	0.0	0.0	0.0	0.0	0.0	0.0	0.0	0.0	0.0	0.0	0.0
6	0.0	0.0	0.0	0.0	0.0	0.0	0.0	0.0	0.0	0.0	0.0	0.0	0.0	0.0	0.0	0.0
7	0.0	0.0	0.0	0.0	0.0	0.0	0.0	0.0	0.0	0.0	0.0	0.0	0.0	0.0	0.0	0.0
8	0.0	0.0	0.0	0.0	0.0	0.0	0.0	0.0	0.0	0.0	0.0	0.0	0.0	0.0	0.0	0.0
9	0.0	0.0	0.0	0.0	0.0	0.0	0.0	0.0	0.0	0.0	0.0	0.0	0.0	0.0	0.0	0.0
10	0.0	0.0	0.0	0.0	0.0	0.0	0.0	0.0	0.0	0.0	0.0	0.0	0.0	0.0	0.0	0.0
11	0.009644588764912667	0.007542563008457342	0.0059351315476385644	0.0	0.0	0.0	0.0	0.0	0.0	0.0	0.0007418914434548206	0.002596620052091872	0.004698645808547197	0.006306077269365974	0.009768237338821803	0.011870263095277129
12	0.0932310247274891	0.089521567510215	0.10225737062285609	0.022256743303644615	0.13366410839577683	0.0844519759799404	0.135642485578323	0.14120667140423415	0.18188705222034016	0.10621412498794847	0.13786815990868748	0.12068100813531747	0.08061887018875716	0.08865602749285105	0.10337020778803832	0.09966075057076422
13	0.2375289104794517	0.2085951441847137	0.2502647135920928	0.0830918416669399	0.3279160180070307	0.26300051670473384	0.3632795101450438	0.37008018171004625	0.3959227336570559	0.2885957715039252	0.33298560953730527	0.29453090305156376	0.190789749541798	0.19140799241134368	0.24568971635745473	0.243216744879272
14	0.3756443675359574	0.32581399225057533	0.3805903104923229	0.1655654404643341	0.4727084980546298	0.42052879986497405	0.5248881962442855	0.5304523820701966	0.5475158852696576	0.4361085201775253	0.4936051070452739	0.4479787832728025	0.30565927470338605	0.2791984798868308	0.38368152484005136	0.37329504463168384
15	0.4795091696196323	0.4143463711695172	0.4749341723849943	0.2318410760796314	0.5802827573555788	0.5266192762790135	0.6304840783626883	0.631102321232234	0.6454455558056938	0.5409625108524733	0.6061253093025883	0.5540692596868417	0.3976538136917838	0.3374369581980342	0.49063754127145465	0.4676389065243552
16	0.5378712965047449	0.4523064833596222	0.5069591530274606	0.27487077980001096	0.6332043469886893	0.58584694318149	0.6871151252130729	0.6855076937522541	0.700716468343078	0.5825084316859432	0.6702989191614304	0.6068672007460432	0.4531720233769862	0.3715639645969559	0.5511016939130224	0.521673333322648
17	0.5564185825911154	0.45712877774207855	0.512646987427281	0.2967565773819282	0.6595414932313354	0.6077327407634071	0.6934212024824389	0.6949049853693485	0.7154306486382652	0.5775624887295778	0.6893407995434374	0.6146570609023188	0.4677625550982643	0.38256868767486907	0.5598807426605712	0.5282267077398323
18	0.5347800821570164	0.42176528560406545	0.4675152579504461	0.28723563719092465	0.6511333902055141	0.5865888346249447	0.6674550019615202	0.6670840562397927	0.690824582430347	0.5549347997042058	0.6644874361877009	0.5855996460336717	0.43709770876879844	0.3583335671886783	0.5194476589922834	0.48396051828036124
19	0.4650422864722633	0.35957005292776967	0.39184233071805435	0.2620113281134608	0.5947496405029478	0.5234044133573759	0.583250323129398	0.6030340949548599	0.6246725953889588	0.4791382238979049	0.5954915319464026	0.514501716035918	0.38343422769223307	0.29032685153865306	0.42745312000388574	0.40705110530887817
20	0.32964709804175857	0.2554579536962765	0.303804546094749	0.21403568143671572	0.4468659461076202	0.4027234052220584	0.43957068024698115	0.48494970687163436	0.5149963103315546	0.3485653298498565	0.48358957255863383	0.38627814489214324	0.29589103736456424	0.20129987832407462	0.30887413762502364	0.30504103183384035
21	0.2152721671758071	0.16111409180360517	0.21193365568026037	0.1368789713174144	0.3118417033988429	0.24445323061836335	0.27672550840864807	0.2834025313997414	0.35437681282358596	0.21403568143671572	0.32433020936366574	0.2482863364095466	0.19202623528088936	0.10794520502267638	0.19313907244607162	0.2032782555066208
22	0.09632223907521753	0.0686249585195709	0.09570399620567184	0.04822294382456333	0.12612154538731948	0.09063440467539724	0.09805331910994544	0.10448304495322056	0.12476141107431897	0.06850130994566177	0.12364857390913675	0.09607494192739925	0.0858121102929409	0.037960112190104985	0.08098981591048457	0.084081030258213
23	0.008902697321457846	0.0018547286086370513	0.00457499723463806	0.0	0.0	0.0	0.0	0.0	0.0	0.0	0.000494594295636547	0.002472971478182735	0.00531688867809288	0.0	0.006306077269365974	0.00420405151291065
24	0.0	0.0	0.0	0.0	0.0	0.0	0.0	0.0	0.0	0.0	0.0	0.0	0.0	0.0	0.0	0.0
["PV_HS","C2",*,*] :	1	2	3	4	5	6	7	8	9	10	11	12	13	14	15	16 := 
1	0.0	0.0	0.0	0.0	0.0	0.0	0.0	0.0	0.0	0.0	0.0	0.0	0.0	0.0	0.0	0.0
2	0.0	0.0	0.0	0.0	0.0	0.0	0.0	0.0	0.0	0.0	0.0	0.0	0.0	0.0	0.0	0.0
3	0.0	0.0	0.0	0.0	0.0	0.0	0.0	0.0	0.0	0.0	0.0	0.0	0.0	0.0	0.0	0.0
4	0.0	0.0	0.0	0.0	0.0	0.0	0.0	0.0	0.0	0.0	0.0	0.0	0.0	0.0	0.0	0.0
5	0.0	0.0	0.0	0.0	0.0	0.0	0.0	0.0	0.0	0.0	0.0	0.0	0.0	0.0	0.0	0.0
6	0.0	0.0	0.0	0.0	0.0	0.0	0.0	0.0	0.0	0.0	0.0	0.0	0.0	0.0	0.0	0.0
7	0.0	0.0	0.0	0.0	0.0	0.0	0.0	0.0	0.0	0.0	0.0	0.0	0.0	0.0	0.0	0.0
8	0.0	0.0	0.0	0.0	0.0	0.0	0.0	0.0	0.0	0.0	0.0	0.0	0.0	0.0	0.0	0.0
9	0.0	0.0	0.0	0.0	0.0	0.0	0.0	0.0	0.0	0.0	0.0	0.0	0.0	0.0	0.0	0.0
10	0.0	0.0	0.0	0.0	0.0	0.0	0.0	0.0	0.0	0.0	0.0	0.0	0.0	0.0	0.0	0.0
11	0.00879231229786194	0.006967755698520726	0.005308434448601576	0.0	0.0004976968356086233	0.0	0.0	0.0	0.0	0.0	0.0021570180855277734	0.003981574684868986	0.005640895934788137	0.006138592770396759	0.008958543040955218	0.010120167455265746
12	0.09439616802254513	0.08709694623150907	0.09323553900190583	0.02936411330090877	0.12541960257337306	0.08643301865280716	0.14234129498406625	0.13587123612115415	0.19045165729500943	0.10484780157032622	0.14964051677510232	0.12624876550149702	0.10070099153603519	0.09024935798825409	0.10020329470042656	0.09456239876563842
13	0.22993593805118395	0.20040559400718191	0.21832268008909234	0.09920790102920932	0.3029311421425583	0.2632816260369617	0.3541939162102465	0.35502407453204166	0.3999820250862398	0.282691802625698	0.3405908662993916	0.3004426579645152	0.23391751273605293	0.2042219333426288	0.2322581914861338	0.22529043578761307
14	0.36232329632307775	0.31354900643343264	0.3377699206351619	0.17236933586367692	0.44610259544841974	0.41756764507563493	0.5044983605640507	0.5179361751254836	0.5491258404194047	0.4376417492430731	0.4958722790092821	0.4489225457189782	0.3614941333949538	0.3064150199918187	0.3556870067170724	0.3462307668405085
15	0.4611987358661005	0.4054566902779347	0.43515326506503	0.22694975703753223	0.5406649942140581	0.519926962467918	0.6020469403433408	0.6199640264252513	0.6465081894556016	0.5569227590460495	0.6033747955007447	0.5491258404194047	0.4595404100098526	0.36547570807982277	0.4469317583765437	0.4396325365855076
16	0.5217525144609305	0.4407931656061469	0.48160430612605404	0.28501405606064784	0.5891068226175167	0.5872822660181755	0.6443511713700739	0.6722221941641567	0.7004256784444263	0.6144893612335565	0.6609413976882518	0.5980653656584718	0.5174384782898749	0.39367819696642103	0.5018446410365855	0.49354903018066104
17	0.542158084720884	0.44759568595524557	0.5083146998994976	0.3127198435053087	0.6038724923363532	0.6129962707267306	0.6465081894556016	0.6844993797049503	0.7135310315196726	0.6211256508395618	0.6752083751778084	0.608516999206253	0.5307110575018856	0.398488934579414	0.512627740676882	0.5159453877830491
18	0.5146185280193165	0.4271901156952921	0.5043331252146286	0.3047566941355707	0.5935860941379942	0.584462315747617	0.6193010942402206	0.6577889859315067	0.6820108955269071	0.5925907004667771	0.6438534745344652	0.5700291075149669	0.49852599853674723	0.3679641922578659	0.4753004780062352	0.4930513333450524
19	0.4514110298970213	0.36481178050112084	0.4404616995136316	0.26543864412248946	0.5335310077724442	0.5051622881427525	0.5200931932110113	0.5837983881689152	0.6146555919766498	0.5000190890435732	0.5678720894294391	0.4721480662494902	0.42669241885968345	0.2992820289438759	0.400812183408035	0.4228760795242365
20	0.3314660925153431	0.2690877573211719	0.34639699758360176	0.20123575232897709	0.40263674000737626	0.3722772330352502	0.3855488168535897	0.4452724371266245	0.5028400347078028	0.3676317307716793	0.4354847311575454	0.34639699758360176	0.32366917388869837	0.21035953071935434	0.28816646781739286	0.3190236716251275
21	0.20787104654131125	0.1736961956274095	0.2237973452807872	0.12011116812477149	0.2476867933900011	0.1972541776441081	0.23823055351343725	0.2670969699787374	0.33677452696394466	0.2141758700548013	0.2752263500915687	0.22363210993136512	0.20106952158588381	0.12442420890215582	0.1783416978909804	0.20438716869205087
22	0.09008312724516081	0.07482075608438676	0.09107852091637805	0.04114260661242245	0.0953915616937624	0.061714407615469286	0.07399059776259158	0.0829491408035468	0.12558583331646633	0.06768676964277277	0.10070099153603519	0.08759464306711769	0.08095835346111231	0.047447430125912494	0.07083918139951778	0.08145605029672094
23	0.005143199099179513	0.0008291629281239663	0.001990787342434493	0.0	0.0	0.0	0.0	0.0	0.0	0.0	0.0	0.0009953936712172465	0.0028199502705584596	0.00033146609251534314	0.004147805427962266	0.0024884841780431163
24	0.0	0.0	0.0	0.0	0.0	0.0	0.0	0.0	0.0	0.0	0.0	0.0	0.0	0.0	0.0	0.0
["PV_HS","C3",*,*] :	1	2	3	4	5	6	7	8	9	10	11	12	13	14	15	16 := 
1	0.0	0.0	0.0	0.0	0.0	0.0	0.0	0.0	0.0	0.0	0.0	0.0	0.0	0.0	0.0	0.0
2	0.0	0.0	0.0	0.0	0.0	0.0	0.0	0.0	0.0	0.0	0.0	0.0	0.0	0.0	0.0	0.0
3	0.0	0.0	0.0	0.0	0.0	0.0	0.0	0.0	0.0	0.0	0.0	0.0	0.0	0.0	0.0	0.0
4	0.0	0.0	0.0	0.0	0.0	0.0	0.0	0.0	0.0	0.0	0.0	0.0	0.0	0.0	0.0	0.0
5	0.0	0.0	0.0	0.0	0.0	0.0	0.0	0.0	0.0	0.0	0.0	0.0	0.0	0.0	0.0	0.0
6	0.0	0.0	0.0	0.0	0.0	0.0	0.0	0.0	0.0	0.0	0.0	0.0	0.0	0.0	0.0	0.0
7	0.0	0.0	0.0	0.0	0.0	0.0	0.0	0.0	0.0	0.0	0.0	0.0	0.0	0.0	0.0	0.0
8	0.0	0.0	0.0	0.0	0.0	0.0	0.0	0.0	0.0	0.0	0.0	0.0	0.0	0.0	0.0	0.0
9	0.0	0.0	0.0	0.0	0.0	0.0	0.0	0.0	0.0	0.0	0.0	0.0	0.0	0.0	0.0	0.0
10	0.0	0.0	0.0	0.0	0.0	0.0	0.0	0.0	0.0	0.0	0.0	0.0	0.0	0.0	0.0	0.0
11	0.002969503365457964	0.0	0.0	0.0	0.0	0.0	0.0	0.0	0.0	0.0	0.0	0.0	0.0	0.001979668910305309	0.002969503365457964	0.002969503365457964
12	0.06928841186068582	0.06928841186068582	0.08116642532251768	0.050481557212785376	0.08413592868797565	0.08809526650858625	0.09700377660496015	0.11680046570801324	0.15144467163835615	0.10294278333587607	0.11680046570801324	0.10492245224618138	0.03464420593034291	0.09007493541889157	0.08512576314312828	0.07918675641221237
13	0.2227127524093473	0.19202788429961498	0.2286517591402632	0.15936334727957738	0.2623061306154535	0.2830926541736592	0.31872669455915476	0.34446239039312376	0.37316758959255075	0.30189950882155964	0.31575719119369683	0.2771536474427433	0.1435259959971349	0.2009363943959889	0.2286517591402632	0.22073308349904197
14	0.3721777551373981	0.300909674366407	0.3395132181173605	0.2286517591402632	0.41869997452957286	0.4375068291774733	0.48699855193510605	0.5117444133139224	0.5355004402375861	0.4573035182805264	0.4830392141144954	0.42364914680533616	0.2543874549742322	0.29002149535972777	0.36722858286163484	0.3602997416755663
15	0.49095788975571664	0.3899947753301459	0.4117711333435043	0.26923497180152206	0.598849845367356	0.5434191158788074	0.6117176932843406	0.6127075277394932	0.6404228924837675	0.5681649772576237	0.5978600109122033	0.5404496125133494	0.35040139712403967	0.3405030525725131	0.4721510351078162	0.46819169728720555
16	0.5651954738921657	0.46126285610113704	0.44938484263930517	0.2939808331803384	0.6720975950486525	0.6087481899188826	0.6730874295038052	0.6730874295038052	0.7008027942480793	0.6057786865534246	0.6641789194074312	0.6008295142776613	0.3800964307786194	0.3682184173167875	0.5236224267757543	0.5265919301412123
17	0.5909311697261348	0.5018460687623959	0.4800697107490374	0.27616381298759063	0.6978332908826215	0.6285448790219357	0.6829857740553316	0.6879349463310949	0.7205994833511326	0.624585541201325	0.6869451118759422	0.6166668655601037	0.38702527196468794	0.3454522248482764	0.524612261230907	0.5434191158788074
18	0.5543072948854866	0.49293755866602196	0.4662120283769003	0.2593366272499955	0.679026436234721	0.6097380243740352	0.6631890849522786	0.6661585883177366	0.701792628703232	0.6057786865534246	0.6651687538625839	0.59291083863644	0.35040139712403967	0.30189950882155964	0.489968055300564	0.5097647444036171
19	0.4721510351078162	0.4444356703635419	0.4018727887919778	0.21677374567843136	0.6156770311049511	0.5543072948854866	0.5810328251746082	0.601819348732814	0.6424025613940728	0.5483682881545707	0.595880342001898	0.5394597780581968	0.2959605020906437	0.25240778606392694	0.42562881571564143	0.4513645115496105
20	0.35832007276526096	0.352381066034345	0.3226860323797654	0.16035318173473004	0.4602730216459844	0.44740517372899985	0.42760848462594675	0.4483950081841525	0.5404496125133494	0.4404763325429313	0.49095788975571664	0.43255765690171005	0.22370258686449992	0.1831193742032411	0.3365437147519026	0.355350569399803
21	0.21875341458873665	0.22370258686449992	0.23953993814694238	0.09205460432919688	0.3395132181173605	0.2870519919942698	0.29002149535972777	0.300909674366407	0.3899947753301459	0.24943828269846896	0.33456404584159727	0.29002149535972777	0.14451583045228755	0.11482079679770793	0.22370258686449992	0.2345907658711791
22	0.10591228670133404	0.10195294888072341	0.11976996907347119	0.038603543750953526	0.15144467163835615	0.10987162452194466	0.11185129343224996	0.1356073203559137	0.18113970529293577	0.09601394214980749	0.16233285064503536	0.11383096234255528	0.06730874295038052	0.04751205384732742	0.10987162452194466	0.10789195561163935
23	0.01682718573759513	0.0108881790066792	0.012867847916984509	0.0	0.002969503365457964	0.0	0.0	0.0	0.0	0.0	0.004949172275763273	0.007918675641221236	0.004949172275763273	0.001979668910305309	0.013857682372137164	0.012867847916984509
24	0.0	0.0	0.0	0.0	0.0	0.0	0.0	0.0	0.0	0.0	0.0	0.0	0.0	0.0	0.0	0.0
["PV_HS","C4",*,*] :	1	2	3	4	5	6	7	8	9	10	11	12	13	14	15	16 := 
1	0.0	0.0	0.0	0.0	0.0	0.0	0.0	0.0	0.0	0.0	0.0	0.0	0.0	0.0	0.0	0.0
2	0.0	0.0	0.0	0.0	0.0	0.0	0.0	0.0	0.0	0.0	0.0	0.0	0.0	0.0	0.0	0.0
3	0.0	0.0	0.0	0.0	0.0	0.0	0.0	0.0	0.0	0.0	0.0	0.0	0.0	0.0	0.0	0.0
4	0.0	0.0	0.0	0.0	0.0	0.0	0.0	0.0	0.0	0.0	0.0	0.0	0.0	0.0	0.0	0.0
5	0.0	0.0	0.0	0.0	0.0	0.0	0.0	0.0	0.0	0.0	0.0	0.0	0.0	0.0	0.0	0.0
6	0.0	0.0	0.0	0.0	0.0	0.0	0.0	0.0	0.0	0.0	0.0	0.0	0.0	0.0	0.0	0.0
7	0.0	0.0	0.0	0.0	0.0	0.0	0.0	0.0	0.0	0.0	0.0	0.0	0.0	0.0	0.0	0.0
8	0.0	0.0	0.0	0.0	0.0	0.0	0.0	0.0	0.0	0.0	0.0	0.0	0.0	0.0	0.0	0.0
9	0.0	0.0	0.0	0.0	0.0	0.0	0.0	0.0	0.0	0.0	0.0	0.0	0.0	0.0	0.0	0.0
10	0.0	0.0	0.0	0.0	0.0	0.0	0.0	0.0	0.0	0.0	0.0	0.0	0.0	0.0	0.0	0.0
11	0.011441194045719996	0.010943750826340866	0.006466761851928693	0.0	0.0	0.0	0.0	0.0	0.0	0.0	0.003482102535653912	0.003482102535653912	0.006466761851928693	0.006466761851928693	0.010446307606961736	0.012933523703857386
12	0.10147841675334257	0.09600654134017214	0.08804744983010605	0.04576477618287998	0.09749887099830953	0.09600654134017214	0.1313250099160904	0.12883779381919475	0.19300796911910256	0.09899120065644693	0.1432636471811895	0.11092983792154605	0.08953977948824345	0.08108324475879823	0.10297074641147996	0.1019758599727217
13	0.22384944872060863	0.21788013008805907	0.20345427672606428	0.12386336162540344	0.2432497342763947	0.26165513339342256	0.3278150815708469	0.3382613891778086	0.4019341212583373	0.26215257661280167	0.3278150815708469	0.2546909283221147	0.19400285555786081	0.1855463208284156	0.2382753020826034	0.22683410803688342
14	0.34074860527470424	0.33726650273905034	0.3074199095763025	0.22235711906247124	0.36412843658552335	0.38850315433510074	0.48053014992023985	0.519330721031812	0.5526594167302137	0.40840088311026596	0.4770480473845859	0.39646224584516687	0.31338922820885207	0.28055797572982943	0.36313355014676507	0.339753718835946
15	0.43128327120170595	0.4233241796916399	0.40243156447771644	0.3188611036220225	0.46063242114507463	0.462124750803212	0.5755418048216537	0.6257835699789459	0.6501582877285232	0.5168435049349163	0.5795213505766867	0.5188332778124328	0.4093957695490242	0.34671792390725376	0.4496886703187338	0.4193446339366068
16	0.4894841278690642	0.462124750803212	0.44769889744121727	0.38452360858006773	0.5108741863023667	0.5024176515729216	0.6143423759332259	0.6576199360192102	0.7008974961051946	0.5715622590666207	0.6317528886114955	0.5790239073573076	0.45565798895128334	0.3934775865288921	0.5009253219147841	0.458145205048179
17	0.5208230506899494	0.4596375347063164	0.4616273075838329	0.4064111102327494	0.5456952116589059	0.5272898125418781	0.6138449327138468	0.6755278919168589	0.710348917273398	0.5606185082402798	0.637722207244045	0.5849932259898571	0.48699691177216853	0.40292900769709555	0.5083869702054712	0.45267332963500856
18	0.5262949261031199	0.43078582798232684	0.4258113957885355	0.3954673594064086	0.5357463472713233	0.5014227651341633	0.5680801565309668	0.6581173792385894	0.6829895402075459	0.5392284498069773	0.6014088522293686	0.557136405704626	0.4631196372419703	0.37855428994751816	0.4780429338233442	0.41536508818157375
19	0.4725710584101737	0.36761053912117725	0.3775594035087599	0.33875883239718774	0.4710787287520363	0.4188471907172277	0.496448332940372	0.5999165225712311	0.6128500462750885	0.4785403770427233	0.5262949261031199	0.47903782026210245	0.3989494619420625	0.33477928664215467	0.3954673594064086	0.3581591179529738
20	0.36263610692738596	0.2591679172965269	0.282547748607346	0.2566807011996312	0.3487076967847703	0.286527294362379	0.36412843658552335	0.48699691177216853	0.4944585600628555	0.38402616536068857	0.40392389413585383	0.34771281034601204	0.2974710451887199	0.2512088257864608	0.2780707596329339	0.27011166812286774
21	0.22235711906247124	0.16166904629821735	0.1875360937059321	0.1626639327369756	0.20842870891985557	0.13729432854863996	0.21290569789426775	0.2765784299747965	0.31587644430574774	0.2337983131081912	0.2447420639345321	0.21788013008805907	0.18106933185400342	0.13331478279360692	0.16664347849200864	0.17161791068579993
22	0.08953977948824345	0.06317528886114955	0.07610881256500693	0.05621108378984172	0.0591957431061165	0.030344036382126946	0.06367273208052868	0.08506279051383128	0.09650398455955128	0.06466761851928694	0.08755000661072693	0.07660625578438607	0.06665739139680346	0.04675966262163825	0.06019062954487476	0.07113438037121562
23	0.0029846593162747817	0.0	0.0	0.0	0.0	0.0	0.0	0.0	0.0	0.0	0.0	0.0	0.0009948864387582606	0.0	0.0014923296581373909	0.0009948864387582606
24	0.0	0.0	0.0	0.0	0.0	0.0	0.0	0.0	0.0	0.0	0.0	0.0	0.0	0.0	0.0	0.0
["PV_HS","C5",*,*] :	1	2	3	4	5	6	7	8	9	10	11	12	13	14	15	16 := 
1	0.0	0.0	0.0	0.0	0.0	0.0	0.0	0.0	0.0	0.0	0.0	0.0	0.0	0.0	0.0	0.0
2	0.0	0.0	0.0	0.0	0.0	0.0	0.0	0.0	0.0	0.0	0.0	0.0	0.0	0.0	0.0	0.0
3	0.0	0.0	0.0	0.0	0.0	0.0	0.0	0.0	0.0	0.0	0.0	0.0	0.0	0.0	0.0	0.0
4	0.0	0.0	0.0	0.0	0.0	0.0	0.0	0.0	0.0	0.0	0.0	0.0	0.0	0.0	0.0	0.0
5	0.0	0.0	0.0	0.0	0.0	0.0	0.0	0.0	0.0	0.0	0.0	0.0	0.0	0.0	0.0	0.0
6	0.0	0.0	0.0	0.0	0.0	0.0	0.0	0.0	0.0	0.0	0.0	0.0	0.0	0.0	0.0	0.0
7	0.0	0.0	0.0	0.0	0.0	0.0	0.0	0.0	0.0	0.0	0.0	0.0	0.0	0.0	0.0	0.0
8	0.0	0.0	0.0	0.0	0.0	0.0	0.0	0.0	0.0	0.0	0.0	0.0	0.0	0.0	0.0	0.0
9	0.0	0.0	0.0	0.0	0.0	0.0	0.0	0.0	0.0	0.0	0.0	0.0	0.0	0.0	0.0	0.0
10	0.0	0.0	0.0	0.0	0.0	0.0	0.0	0.0	0.0	0.0	0.0	0.0	0.0	0.0	0.0	0.0
11	0.0029700180506928462	0.0019800120337952307	0.0019800120337952307	0.0	0.0	0.0	0.0	0.0	0.0	0.0	0.0	0.0	0.0	0.0049500300844880765	0.0059400361013856925	0.0059400361013856925
12	0.08514051745319491	0.07821047533491161	0.09207055957147822	0.04059024669280223	0.11484069796012339	0.06732040914903785	0.11979072804461145	0.12573076414599715	0.16533100482190177	0.10791065584184008	0.1336508122811781	0.11484069796012339	0.061380373047652155	0.09801059567286392	0.08712052948699014	0.08712052948699014
13	0.22671137786955392	0.19998121541331831	0.24354148015681337	0.1336508122811781	0.31977194345792975	0.22770138388645153	0.3484821179479606	0.3544221540493463	0.38412233455627476	0.30195183515377266	0.3316520156607012	0.28908175693410365	0.19008115524434216	0.2069112575316016	0.23463142600473483	0.22770138388645153
14	0.3692722443028105	0.31878193744103217	0.36036219015073195	0.21978133575127062	0.48906297234742196	0.37719229243799146	0.5118331107360672	0.5167831408205552	0.5395532792092004	0.4583727858235959	0.49104298438121724	0.4306526173504627	0.3118518953227488	0.29304178100169415	0.3762022864210938	0.35937218413383437
15	0.4920329903981148	0.4237225752321794	0.4455027076039269	0.2643316065116633	0.6088537003920335	0.47421288209395773	0.6217237786117025	0.6207337725948048	0.6415238989496548	0.5623234175978454	0.6029136642906477	0.5415332912429957	0.40095243684353427	0.35739217210003915	0.4920329903981148	0.4613428038742888
16	0.5633134236147431	0.47619289412775295	0.4900529783643196	0.28215171481582035	0.6732040914903785	0.5445033092936885	0.6801341336086618	0.6692440674227881	0.699934253946614	0.5999436462399549	0.6682540614058904	0.5949936161554669	0.4306526173504627	0.37521228040419624	0.5534133634457671	0.5217331709050433
17	0.5870735680202859	0.4831229362460363	0.51480312878676	0.26532161252856096	0.6979542419128187	0.5910335920878763	0.6791441275917642	0.6811241396255593	0.7187443682676687	0.617763754544112	0.6880541817438426	0.6068736883582382	0.45243274972221026	0.3811523165055819	0.5593533995471526	0.5425232972598932
18	0.5573733875133574	0.45243274972221026	0.48213293022913867	0.24750150422440384	0.6761741095410714	0.584103549969593	0.6583540012369142	0.6573639952200167	0.6969642358959212	0.5940036101385692	0.6662740493720952	0.5831135439526954	0.4059024669280223	0.3435320878634725	0.5098530987022719	0.5167831408205552
19	0.4880729663305244	0.38610234659007	0.40194244286043185	0.2385914500723253	0.6157837425103168	0.548463333361279	0.5870735680202859	0.5949936161554669	0.6355838628482691	0.5346032491247124	0.5979636342061596	0.5207431648881456	0.34056206981277964	0.25443154634268716	0.42669259328287223	0.4435226955701317
20	0.34650210591416536	0.25740156439338	0.29304178100169415	0.19008115524434216	0.47619289412775295	0.468272845992572	0.48114292421224103	0.4712428640432649	0.5316332310740195	0.41085249701251036	0.4920329903981148	0.4148125210801008	0.2514615282919943	0.1752310649908779	0.31977194345792975	0.3435320878634725
21	0.2326514139709396	0.17919108905846837	0.19206116727813738	0.12375075211220192	0.3276919915931107	0.28710174490030843	0.26631161854545854	0.24849151024130145	0.3781822984548891	0.22275135380196345	0.3385820577789845	0.27225165464684425	0.1494909085515399	0.10296062575735199	0.22176134778506584	0.22968139592024678
22	0.10791065584184008	0.08316050541939969	0.09009054753768299	0.05049030686177838	0.1485009025346423	0.12573076414599715	0.09999060770665916	0.10098061372355677	0.16830102287259463	0.08811053550388777	0.13167080024738284	0.10197061974045438	0.06336038508144738	0.04059024669280223	0.10197061974045438	0.10395063177424961
23	0.01485009025346423	0.0059400361013856925	0.008910054152078538	0.0	0.0009900060168976153	0.0	0.0	0.0	0.0	0.0	0.0019800120337952307	0.0059400361013856925	0.0029700180506928462	0.0	0.012870078219668998	0.008910054152078538
24	0.0	0.0	0.0	0.0	0.0	0.0	0.0	0.0	0.0	0.0	0.0	0.0	0.0	0.0	0.0	0.0
["TIDAL_STREAM","C1",*,*] :	1	2	3	4	5	6	7	8	9	10	11	12	13	14	15	16 := 
1	0.00010000000000000003	0.00010000000000000003	0.00010000000000000003	0.00010000000000000003	0.00010000000000000003	0.00010000000000000003	0.00010000000000000003	0.00010000000000000003	0.00010000000000000003	0.00010000000000000003	0.00010000000000000003	0.00010000000000000003	0.00010000000000000003	0.00010000000000000003	0.00010000000000000003	0.00010000000000000003
2	0.00010000000000000003	0.00010000000000000003	0.00010000000000000003	0.00010000000000000003	0.00010000000000000003	0.00010000000000000003	0.00010000000000000003	0.00010000000000000003	0.00010000000000000003	0.00010000000000000003	0.00010000000000000003	0.00010000000000000003	0.00010000000000000003	0.00010000000000000003	0.00010000000000000003	0.00010000000000000003
3	0.00010000000000000003	0.00010000000000000003	0.00010000000000000003	0.00010000000000000003	0.00010000000000000003	0.00010000000000000003	0.00010000000000000003	0.00010000000000000003	0.00010000000000000003	0.00010000000000000003	0.00010000000000000003	0.00010000000000000003	0.00010000000000000003	0.00010000000000000003	0.00010000000000000003	0.00010000000000000003
4	0.00010000000000000003	0.00010000000000000003	0.00010000000000000003	0.00010000000000000003	0.00010000000000000003	0.00010000000000000003	0.00010000000000000003	0.00010000000000000003	0.00010000000000000003	0.00010000000000000003	0.00010000000000000003	0.00010000000000000003	0.00010000000000000003	0.00010000000000000003	0.00010000000000000003	0.00010000000000000003
5	0.00010000000000000003	0.00010000000000000003	0.00010000000000000003	0.00010000000000000003	0.00010000000000000003	0.00010000000000000003	0.00010000000000000003	0.00010000000000000003	0.00010000000000000003	0.00010000000000000003	0.00010000000000000003	0.00010000000000000003	0.00010000000000000003	0.00010000000000000003	0.00010000000000000003	0.00010000000000000003
6	0.00010000000000000003	0.00010000000000000003	0.00010000000000000003	0.00010000000000000003	0.00010000000000000003	0.00010000000000000003	0.00010000000000000003	0.00010000000000000003	0.00010000000000000003	0.00010000000000000003	0.00010000000000000003	0.00010000000000000003	0.00010000000000000003	0.00010000000000000003	0.00010000000000000003	0.00010000000000000003
7	0.00010000000000000003	0.00010000000000000003	0.00010000000000000003	0.00010000000000000003	0.00010000000000000003	0.00010000000000000003	0.00010000000000000003	0.00010000000000000003	0.00010000000000000003	0.00010000000000000003	0.00010000000000000003	0.00010000000000000003	0.00010000000000000003	0.00010000000000000003	0.00010000000000000003	0.00010000000000000003
8	0.00010000000000000003	0.00010000000000000003	0.00010000000000000003	0.00010000000000000003	0.00010000000000000003	0.00010000000000000003	0.00010000000000000003	0.00010000000000000003	0.00010000000000000003	0.00010000000000000003	0.00010000000000000003	0.00010000000000000003	0.00010000000000000003	0.00010000000000000003	0.00010000000000000003	0.00010000000000000003
9	0.00010000000000000003	0.00010000000000000003	0.00010000000000000003	0.00010000000000000003	0.00010000000000000003	0.00010000000000000003	0.00010000000000000003	0.00010000000000000003	0.00010000000000000003	0.00010000000000000003	0.00010000000000000003	0.00010000000000000003	0.00010000000000000003	0.00010000000000000003	0.00010000000000000003	0.00010000000000000003
10	0.00010000000000000003	0.00010000000000000003	0.00010000000000000003	0.00010000000000000003	0.00010000000000000003	0.00010000000000000003	0.00010000000000000003	0.00010000000000000003	0.00010000000000000003	0.00010000000000000003	0.00010000000000000003	0.00010000000000000003	0.00010000000000000003	0.00010000000000000003	0.00010000000000000003	0.00010000000000000003
11	0.00010000000000000003	0.00010000000000000003	0.00010000000000000003	0.00010000000000000003	0.00010000000000000003	0.00010000000000000003	0.00010000000000000003	0.00010000000000000003	0.00010000000000000003	0.00010000000000000003	0.00010000000000000003	0.00010000000000000003	0.00010000000000000003	0.00010000000000000003	0.00010000000000000003	0.00010000000000000003
12	0.00010000000000000003	0.00010000000000000003	0.00010000000000000003	0.00010000000000000003	0.00010000000000000003	0.00010000000000000003	0.00010000000000000003	0.00010000000000000003	0.00010000000000000003	0.00010000000000000003	0.00010000000000000003	0.00010000000000000003	0.00010000000000000003	0.00010000000000000003	0.00010000000000000003	0.00010000000000000003
13	0.00010000000000000003	0.00010000000000000003	0.00010000000000000003	0.00010000000000000003	0.00010000000000000003	0.00010000000000000003	0.00010000000000000003	0.00010000000000000003	0.00010000000000000003	0.00010000000000000003	0.00010000000000000003	0.00010000000000000003	0.00010000000000000003	0.00010000000000000003	0.00010000000000000003	0.00010000000000000003
14	0.00010000000000000003	0.00010000000000000003	0.00010000000000000003	0.00010000000000000003	0.00010000000000000003	0.00010000000000000003	0.00010000000000000003	0.00010000000000000003	0.00010000000000000003	0.00010000000000000003	0.00010000000000000003	0.00010000000000000003	0.00010000000000000003	0.00010000000000000003	0.00010000000000000003	0.00010000000000000003
15	0.00010000000000000003	0.00010000000000000003	0.00010000000000000003	0.00010000000000000003	0.00010000000000000003	0.00010000000000000003	0.00010000000000000003	0.00010000000000000003	0.00010000000000000003	0.00010000000000000003	0.00010000000000000003	0.00010000000000000003	0.00010000000000000003	0.00010000000000000003	0.00010000000000000003	0.00010000000000000003
16	0.00010000000000000003	0.00010000000000000003	0.00010000000000000003	0.00010000000000000003	0.00010000000000000003	0.00010000000000000003	0.00010000000000000003	0.00010000000000000003	0.00010000000000000003	0.00010000000000000003	0.00010000000000000003	0.00010000000000000003	0.00010000000000000003	0.00010000000000000003	0.00010000000000000003	0.00010000000000000003
17	0.00010000000000000003	0.00010000000000000003	0.00010000000000000003	0.00010000000000000003	0.00010000000000000003	0.00010000000000000003	0.00010000000000000003	0.00010000000000000003	0.00010000000000000003	0.00010000000000000003	0.00010000000000000003	0.00010000000000000003	0.00010000000000000003	0.00010000000000000003	0.00010000000000000003	0.00010000000000000003
18	0.00010000000000000003	0.00010000000000000003	0.00010000000000000003	0.00010000000000000003	0.00010000000000000003	0.00010000000000000003	0.00010000000000000003	0.00010000000000000003	0.00010000000000000003	0.00010000000000000003	0.00010000000000000003	0.00010000000000000003	0.00010000000000000003	0.00010000000000000003	0.00010000000000000003	0.00010000000000000003
19	0.00010000000000000003	0.00010000000000000003	0.00010000000000000003	0.00010000000000000003	0.00010000000000000003	0.00010000000000000003	0.00010000000000000003	0.00010000000000000003	0.00010000000000000003	0.00010000000000000003	0.00010000000000000003	0.00010000000000000003	0.00010000000000000003	0.00010000000000000003	0.00010000000000000003	0.00010000000000000003
20	0.00010000000000000003	0.00010000000000000003	0.00010000000000000003	0.00010000000000000003	0.00010000000000000003	0.00010000000000000003	0.00010000000000000003	0.00010000000000000003	0.00010000000000000003	0.00010000000000000003	0.00010000000000000003	0.00010000000000000003	0.00010000000000000003	0.00010000000000000003	0.00010000000000000003	0.00010000000000000003
21	0.00010000000000000003	0.00010000000000000003	0.00010000000000000003	0.00010000000000000003	0.00010000000000000003	0.00010000000000000003	0.00010000000000000003	0.00010000000000000003	0.00010000000000000003	0.00010000000000000003	0.00010000000000000003	0.00010000000000000003	0.00010000000000000003	0.00010000000000000003	0.00010000000000000003	0.00010000000000000003
22	0.00010000000000000003	0.00010000000000000003	0.00010000000000000003	0.00010000000000000003	0.00010000000000000003	0.00010000000000000003	0.00010000000000000003	0.00010000000000000003	0.00010000000000000003	0.00010000000000000003	0.00010000000000000003	0.00010000000000000003	0.00010000000000000003	0.00010000000000000003	0.00010000000000000003	0.00010000000000000003
23	0.00010000000000000003	0.00010000000000000003	0.00010000000000000003	0.00010000000000000003	0.00010000000000000003	0.00010000000000000003	0.00010000000000000003	0.00010000000000000003	0.00010000000000000003	0.00010000000000000003	0.00010000000000000003	0.00010000000000000003	0.00010000000000000003	0.00010000000000000003	0.00010000000000000003	0.00010000000000000003
24	0.00010000000000000003	0.00010000000000000003	0.00010000000000000003	0.00010000000000000003	0.00010000000000000003	0.00010000000000000003	0.00010000000000000003	0.00010000000000000003	0.00010000000000000003	0.00010000000000000003	0.00010000000000000003	0.00010000000000000003	0.00010000000000000003	0.00010000000000000003	0.00010000000000000003	0.00010000000000000003
["TIDAL_STREAM","C2",*,*] :	1	2	3	4	5	6	7	8	9	10	11	12	13	14	15	16 := 
1	0.00010000000000000003	0.00010000000000000003	0.00010000000000000003	0.00010000000000000003	0.00010000000000000003	0.00010000000000000003	0.00010000000000000003	0.00010000000000000003	0.00010000000000000003	0.00010000000000000003	0.00010000000000000003	0.00010000000000000003	0.00010000000000000003	0.00010000000000000003	0.00010000000000000003	0.00010000000000000003
2	0.00010000000000000003	0.00010000000000000003	0.00010000000000000003	0.00010000000000000003	0.00010000000000000003	0.00010000000000000003	0.00010000000000000003	0.00010000000000000003	0.00010000000000000003	0.00010000000000000003	0.00010000000000000003	0.00010000000000000003	0.00010000000000000003	0.00010000000000000003	0.00010000000000000003	0.00010000000000000003
3	0.00010000000000000003	0.00010000000000000003	0.00010000000000000003	0.00010000000000000003	0.00010000000000000003	0.00010000000000000003	0.00010000000000000003	0.00010000000000000003	0.00010000000000000003	0.00010000000000000003	0.00010000000000000003	0.00010000000000000003	0.00010000000000000003	0.00010000000000000003	0.00010000000000000003	0.00010000000000000003
4	0.00010000000000000003	0.00010000000000000003	0.00010000000000000003	0.00010000000000000003	0.00010000000000000003	0.00010000000000000003	0.00010000000000000003	0.00010000000000000003	0.00010000000000000003	0.00010000000000000003	0.00010000000000000003	0.00010000000000000003	0.00010000000000000003	0.00010000000000000003	0.00010000000000000003	0.00010000000000000003
5	0.00010000000000000003	0.00010000000000000003	0.00010000000000000003	0.00010000000000000003	0.00010000000000000003	0.00010000000000000003	0.00010000000000000003	0.00010000000000000003	0.00010000000000000003	0.00010000000000000003	0.00010000000000000003	0.00010000000000000003	0.00010000000000000003	0.00010000000000000003	0.00010000000000000003	0.00010000000000000003
6	0.00010000000000000003	0.00010000000000000003	0.00010000000000000003	0.00010000000000000003	0.00010000000000000003	0.00010000000000000003	0.00010000000000000003	0.00010000000000000003	0.00010000000000000003	0.00010000000000000003	0.00010000000000000003	0.00010000000000000003	0.00010000000000000003	0.00010000000000000003	0.00010000000000000003	0.00010000000000000003
7	0.00010000000000000003	0.00010000000000000003	0.00010000000000000003	0.00010000000000000003	0.00010000000000000003	0.00010000000000000003	0.00010000000000000003	0.00010000000000000003	0.00010000000000000003	0.00010000000000000003	0.00010000000000000003	0.00010000000000000003	0.00010000000000000003	0.00010000000000000003	0.00010000000000000003	0.00010000000000000003
8	0.00010000000000000003	0.00010000000000000003	0.00010000000000000003	0.00010000000000000003	0.00010000000000000003	0.00010000000000000003	0.00010000000000000003	0.00010000000000000003	0.00010000000000000003	0.00010000000000000003	0.00010000000000000003	0.00010000000000000003	0.00010000000000000003	0.00010000000000000003	0.00010000000000000003	0.00010000000000000003
9	0.00010000000000000003	0.00010000000000000003	0.00010000000000000003	0.00010000000000000003	0.00010000000000000003	0.00010000000000000003	0.00010000000000000003	0.00010000000000000003	0.00010000000000000003	0.00010000000000000003	0.00010000000000000003	0.00010000000000000003	0.00010000000000000003	0.00010000000000000003	0.00010000000000000003	0.00010000000000000003
10	0.00010000000000000003	0.00010000000000000003	0.00010000000000000003	0.00010000000000000003	0.00010000000000000003	0.00010000000000000003	0.00010000000000000003	0.00010000000000000003	0.00010000000000000003	0.00010000000000000003	0.00010000000000000003	0.00010000000000000003	0.00010000000000000003	0.00010000000000000003	0.00010000000000000003	0.00010000000000000003
11	0.00010000000000000003	0.00010000000000000003	0.00010000000000000003	0.00010000000000000003	0.00010000000000000003	0.00010000000000000003	0.00010000000000000003	0.00010000000000000003	0.00010000000000000003	0.00010000000000000003	0.00010000000000000003	0.00010000000000000003	0.00010000000000000003	0.00010000000000000003	0.00010000000000000003	0.00010000000000000003
12	0.00010000000000000003	0.00010000000000000003	0.00010000000000000003	0.00010000000000000003	0.00010000000000000003	0.00010000000000000003	0.00010000000000000003	0.00010000000000000003	0.00010000000000000003	0.00010000000000000003	0.00010000000000000003	0.00010000000000000003	0.00010000000000000003	0.00010000000000000003	0.00010000000000000003	0.00010000000000000003
13	0.00010000000000000003	0.00010000000000000003	0.00010000000000000003	0.00010000000000000003	0.00010000000000000003	0.00010000000000000003	0.00010000000000000003	0.00010000000000000003	0.00010000000000000003	0.00010000000000000003	0.00010000000000000003	0.00010000000000000003	0.00010000000000000003	0.00010000000000000003	0.00010000000000000003	0.00010000000000000003
14	0.00010000000000000003	0.00010000000000000003	0.00010000000000000003	0.00010000000000000003	0.00010000000000000003	0.00010000000000000003	0.00010000000000000003	0.00010000000000000003	0.00010000000000000003	0.00010000000000000003	0.00010000000000000003	0.00010000000000000003	0.00010000000000000003	0.00010000000000000003	0.00010000000000000003	0.00010000000000000003
15	0.00010000000000000003	0.00010000000000000003	0.00010000000000000003	0.00010000000000000003	0.00010000000000000003	0.00010000000000000003	0.00010000000000000003	0.00010000000000000003	0.00010000000000000003	0.00010000000000000003	0.00010000000000000003	0.00010000000000000003	0.00010000000000000003	0.00010000000000000003	0.00010000000000000003	0.00010000000000000003
16	0.00010000000000000003	0.00010000000000000003	0.00010000000000000003	0.00010000000000000003	0.00010000000000000003	0.00010000000000000003	0.00010000000000000003	0.00010000000000000003	0.00010000000000000003	0.00010000000000000003	0.00010000000000000003	0.00010000000000000003	0.00010000000000000003	0.00010000000000000003	0.00010000000000000003	0.00010000000000000003
17	0.00010000000000000003	0.00010000000000000003	0.00010000000000000003	0.00010000000000000003	0.00010000000000000003	0.00010000000000000003	0.00010000000000000003	0.00010000000000000003	0.00010000000000000003	0.00010000000000000003	0.00010000000000000003	0.00010000000000000003	0.00010000000000000003	0.00010000000000000003	0.00010000000000000003	0.00010000000000000003
18	0.00010000000000000003	0.00010000000000000003	0.00010000000000000003	0.00010000000000000003	0.00010000000000000003	0.00010000000000000003	0.00010000000000000003	0.00010000000000000003	0.00010000000000000003	0.00010000000000000003	0.00010000000000000003	0.00010000000000000003	0.00010000000000000003	0.00010000000000000003	0.00010000000000000003	0.00010000000000000003
19	0.00010000000000000003	0.00010000000000000003	0.00010000000000000003	0.00010000000000000003	0.00010000000000000003	0.00010000000000000003	0.00010000000000000003	0.00010000000000000003	0.00010000000000000003	0.00010000000000000003	0.00010000000000000003	0.00010000000000000003	0.00010000000000000003	0.00010000000000000003	0.00010000000000000003	0.00010000000000000003
20	0.00010000000000000003	0.00010000000000000003	0.00010000000000000003	0.00010000000000000003	0.00010000000000000003	0.00010000000000000003	0.00010000000000000003	0.00010000000000000003	0.00010000000000000003	0.00010000000000000003	0.00010000000000000003	0.00010000000000000003	0.00010000000000000003	0.00010000000000000003	0.00010000000000000003	0.00010000000000000003
21	0.00010000000000000003	0.00010000000000000003	0.00010000000000000003	0.00010000000000000003	0.00010000000000000003	0.00010000000000000003	0.00010000000000000003	0.00010000000000000003	0.00010000000000000003	0.00010000000000000003	0.00010000000000000003	0.00010000000000000003	0.00010000000000000003	0.00010000000000000003	0.00010000000000000003	0.00010000000000000003
22	0.00010000000000000003	0.00010000000000000003	0.00010000000000000003	0.00010000000000000003	0.00010000000000000003	0.00010000000000000003	0.00010000000000000003	0.00010000000000000003	0.00010000000000000003	0.00010000000000000003	0.00010000000000000003	0.00010000000000000003	0.00010000000000000003	0.00010000000000000003	0.00010000000000000003	0.00010000000000000003
23	0.00010000000000000003	0.00010000000000000003	0.00010000000000000003	0.00010000000000000003	0.00010000000000000003	0.00010000000000000003	0.00010000000000000003	0.00010000000000000003	0.00010000000000000003	0.00010000000000000003	0.00010000000000000003	0.00010000000000000003	0.00010000000000000003	0.00010000000000000003	0.00010000000000000003	0.00010000000000000003
24	0.00010000000000000003	0.00010000000000000003	0.00010000000000000003	0.00010000000000000003	0.00010000000000000003	0.00010000000000000003	0.00010000000000000003	0.00010000000000000003	0.00010000000000000003	0.00010000000000000003	0.00010000000000000003	0.00010000000000000003	0.00010000000000000003	0.00010000000000000003	0.00010000000000000003	0.00010000000000000003
["TIDAL_STREAM","C3",*,*] :	1	2	3	4	5	6	7	8	9	10	11	12	13	14	15	16 := 
1	0.00010000000000000003	0.00010000000000000003	0.00010000000000000003	0.00010000000000000003	0.00010000000000000003	0.00010000000000000003	0.00010000000000000003	0.00010000000000000003	0.00010000000000000003	0.00010000000000000003	0.00010000000000000003	0.00010000000000000003	0.00010000000000000003	0.00010000000000000003	0.00010000000000000003	0.00010000000000000003
2	0.00010000000000000003	0.00010000000000000003	0.00010000000000000003	0.00010000000000000003	0.00010000000000000003	0.00010000000000000003	0.00010000000000000003	0.00010000000000000003	0.00010000000000000003	0.00010000000000000003	0.00010000000000000003	0.00010000000000000003	0.00010000000000000003	0.00010000000000000003	0.00010000000000000003	0.00010000000000000003
3	0.00010000000000000003	0.00010000000000000003	0.00010000000000000003	0.00010000000000000003	0.00010000000000000003	0.00010000000000000003	0.00010000000000000003	0.00010000000000000003	0.00010000000000000003	0.00010000000000000003	0.00010000000000000003	0.00010000000000000003	0.00010000000000000003	0.00010000000000000003	0.00010000000000000003	0.00010000000000000003
4	0.00010000000000000003	0.00010000000000000003	0.00010000000000000003	0.00010000000000000003	0.00010000000000000003	0.00010000000000000003	0.00010000000000000003	0.00010000000000000003	0.00010000000000000003	0.00010000000000000003	0.00010000000000000003	0.00010000000000000003	0.00010000000000000003	0.00010000000000000003	0.00010000000000000003	0.00010000000000000003
5	0.00010000000000000003	0.00010000000000000003	0.00010000000000000003	0.00010000000000000003	0.00010000000000000003	0.00010000000000000003	0.00010000000000000003	0.00010000000000000003	0.00010000000000000003	0.00010000000000000003	0.00010000000000000003	0.00010000000000000003	0.00010000000000000003	0.00010000000000000003	0.00010000000000000003	0.00010000000000000003
6	0.00010000000000000003	0.00010000000000000003	0.00010000000000000003	0.00010000000000000003	0.00010000000000000003	0.00010000000000000003	0.00010000000000000003	0.00010000000000000003	0.00010000000000000003	0.00010000000000000003	0.00010000000000000003	0.00010000000000000003	0.00010000000000000003	0.00010000000000000003	0.00010000000000000003	0.00010000000000000003
7	0.00010000000000000003	0.00010000000000000003	0.00010000000000000003	0.00010000000000000003	0.00010000000000000003	0.00010000000000000003	0.00010000000000000003	0.00010000000000000003	0.00010000000000000003	0.00010000000000000003	0.00010000000000000003	0.00010000000000000003	0.00010000000000000003	0.00010000000000000003	0.00010000000000000003	0.00010000000000000003
8	0.00010000000000000003	0.00010000000000000003	0.00010000000000000003	0.00010000000000000003	0.00010000000000000003	0.00010000000000000003	0.00010000000000000003	0.00010000000000000003	0.00010000000000000003	0.00010000000000000003	0.00010000000000000003	0.00010000000000000003	0.00010000000000000003	0.00010000000000000003	0.00010000000000000003	0.00010000000000000003
9	0.00010000000000000003	0.00010000000000000003	0.00010000000000000003	0.00010000000000000003	0.00010000000000000003	0.00010000000000000003	0.00010000000000000003	0.00010000000000000003	0.00010000000000000003	0.00010000000000000003	0.00010000000000000003	0.00010000000000000003	0.00010000000000000003	0.00010000000000000003	0.00010000000000000003	0.00010000000000000003
10	0.00010000000000000003	0.00010000000000000003	0.00010000000000000003	0.00010000000000000003	0.00010000000000000003	0.00010000000000000003	0.00010000000000000003	0.00010000000000000003	0.00010000000000000003	0.00010000000000000003	0.00010000000000000003	0.00010000000000000003	0.00010000000000000003	0.00010000000000000003	0.00010000000000000003	0.00010000000000000003
11	0.00010000000000000003	0.00010000000000000003	0.00010000000000000003	0.00010000000000000003	0.00010000000000000003	0.00010000000000000003	0.00010000000000000003	0.00010000000000000003	0.00010000000000000003	0.00010000000000000003	0.00010000000000000003	0.00010000000000000003	0.00010000000000000003	0.00010000000000000003	0.00010000000000000003	0.00010000000000000003
12	0.00010000000000000003	0.00010000000000000003	0.00010000000000000003	0.00010000000000000003	0.00010000000000000003	0.00010000000000000003	0.00010000000000000003	0.00010000000000000003	0.00010000000000000003	0.00010000000000000003	0.00010000000000000003	0.00010000000000000003	0.00010000000000000003	0.00010000000000000003	0.00010000000000000003	0.00010000000000000003
13	0.00010000000000000003	0.00010000000000000003	0.00010000000000000003	0.00010000000000000003	0.00010000000000000003	0.00010000000000000003	0.00010000000000000003	0.00010000000000000003	0.00010000000000000003	0.00010000000000000003	0.00010000000000000003	0.00010000000000000003	0.00010000000000000003	0.00010000000000000003	0.00010000000000000003	0.00010000000000000003
14	0.00010000000000000003	0.00010000000000000003	0.00010000000000000003	0.00010000000000000003	0.00010000000000000003	0.00010000000000000003	0.00010000000000000003	0.00010000000000000003	0.00010000000000000003	0.00010000000000000003	0.00010000000000000003	0.00010000000000000003	0.00010000000000000003	0.00010000000000000003	0.00010000000000000003	0.00010000000000000003
15	0.00010000000000000003	0.00010000000000000003	0.00010000000000000003	0.00010000000000000003	0.00010000000000000003	0.00010000000000000003	0.00010000000000000003	0.00010000000000000003	0.00010000000000000003	0.00010000000000000003	0.00010000000000000003	0.00010000000000000003	0.00010000000000000003	0.00010000000000000003	0.00010000000000000003	0.00010000000000000003
16	0.00010000000000000003	0.00010000000000000003	0.00010000000000000003	0.00010000000000000003	0.00010000000000000003	0.00010000000000000003	0.00010000000000000003	0.00010000000000000003	0.00010000000000000003	0.00010000000000000003	0.00010000000000000003	0.00010000000000000003	0.00010000000000000003	0.00010000000000000003	0.00010000000000000003	0.00010000000000000003
17	0.00010000000000000003	0.00010000000000000003	0.00010000000000000003	0.00010000000000000003	0.00010000000000000003	0.00010000000000000003	0.00010000000000000003	0.00010000000000000003	0.00010000000000000003	0.00010000000000000003	0.00010000000000000003	0.00010000000000000003	0.00010000000000000003	0.00010000000000000003	0.00010000000000000003	0.00010000000000000003
18	0.00010000000000000003	0.00010000000000000003	0.00010000000000000003	0.00010000000000000003	0.00010000000000000003	0.00010000000000000003	0.00010000000000000003	0.00010000000000000003	0.00010000000000000003	0.00010000000000000003	0.00010000000000000003	0.00010000000000000003	0.00010000000000000003	0.00010000000000000003	0.00010000000000000003	0.00010000000000000003
19	0.00010000000000000003	0.00010000000000000003	0.00010000000000000003	0.00010000000000000003	0.00010000000000000003	0.00010000000000000003	0.00010000000000000003	0.00010000000000000003	0.00010000000000000003	0.00010000000000000003	0.00010000000000000003	0.00010000000000000003	0.00010000000000000003	0.00010000000000000003	0.00010000000000000003	0.00010000000000000003
20	0.00010000000000000003	0.00010000000000000003	0.00010000000000000003	0.00010000000000000003	0.00010000000000000003	0.00010000000000000003	0.00010000000000000003	0.00010000000000000003	0.00010000000000000003	0.00010000000000000003	0.00010000000000000003	0.00010000000000000003	0.00010000000000000003	0.00010000000000000003	0.00010000000000000003	0.00010000000000000003
21	0.00010000000000000003	0.00010000000000000003	0.00010000000000000003	0.00010000000000000003	0.00010000000000000003	0.00010000000000000003	0.00010000000000000003	0.00010000000000000003	0.00010000000000000003	0.00010000000000000003	0.00010000000000000003	0.00010000000000000003	0.00010000000000000003	0.00010000000000000003	0.00010000000000000003	0.00010000000000000003
22	0.00010000000000000003	0.00010000000000000003	0.00010000000000000003	0.00010000000000000003	0.00010000000000000003	0.00010000000000000003	0.00010000000000000003	0.00010000000000000003	0.00010000000000000003	0.00010000000000000003	0.00010000000000000003	0.00010000000000000003	0.00010000000000000003	0.00010000000000000003	0.00010000000000000003	0.00010000000000000003
23	0.00010000000000000003	0.00010000000000000003	0.00010000000000000003	0.00010000000000000003	0.00010000000000000003	0.00010000000000000003	0.00010000000000000003	0.00010000000000000003	0.00010000000000000003	0.00010000000000000003	0.00010000000000000003	0.00010000000000000003	0.00010000000000000003	0.00010000000000000003	0.00010000000000000003	0.00010000000000000003
24	0.00010000000000000003	0.00010000000000000003	0.00010000000000000003	0.00010000000000000003	0.00010000000000000003	0.00010000000000000003	0.00010000000000000003	0.00010000000000000003	0.00010000000000000003	0.00010000000000000003	0.00010000000000000003	0.00010000000000000003	0.00010000000000000003	0.00010000000000000003	0.00010000000000000003	0.00010000000000000003
["TIDAL_STREAM","C4",*,*] :	1	2	3	4	5	6	7	8	9	10	11	12	13	14	15	16 := 
1	0.00010000000000000003	0.00010000000000000003	0.00010000000000000003	0.00010000000000000003	0.00010000000000000003	0.00010000000000000003	0.00010000000000000003	0.00010000000000000003	0.00010000000000000003	0.00010000000000000003	0.00010000000000000003	0.00010000000000000003	0.00010000000000000003	0.00010000000000000003	0.00010000000000000003	0.00010000000000000003
2	0.00010000000000000003	0.00010000000000000003	0.00010000000000000003	0.00010000000000000003	0.00010000000000000003	0.00010000000000000003	0.00010000000000000003	0.00010000000000000003	0.00010000000000000003	0.00010000000000000003	0.00010000000000000003	0.00010000000000000003	0.00010000000000000003	0.00010000000000000003	0.00010000000000000003	0.00010000000000000003
3	0.00010000000000000003	0.00010000000000000003	0.00010000000000000003	0.00010000000000000003	0.00010000000000000003	0.00010000000000000003	0.00010000000000000003	0.00010000000000000003	0.00010000000000000003	0.00010000000000000003	0.00010000000000000003	0.00010000000000000003	0.00010000000000000003	0.00010000000000000003	0.00010000000000000003	0.00010000000000000003
4	0.00010000000000000003	0.00010000000000000003	0.00010000000000000003	0.00010000000000000003	0.00010000000000000003	0.00010000000000000003	0.00010000000000000003	0.00010000000000000003	0.00010000000000000003	0.00010000000000000003	0.00010000000000000003	0.00010000000000000003	0.00010000000000000003	0.00010000000000000003	0.00010000000000000003	0.00010000000000000003
5	0.00010000000000000003	0.00010000000000000003	0.00010000000000000003	0.00010000000000000003	0.00010000000000000003	0.00010000000000000003	0.00010000000000000003	0.00010000000000000003	0.00010000000000000003	0.00010000000000000003	0.00010000000000000003	0.00010000000000000003	0.00010000000000000003	0.00010000000000000003	0.00010000000000000003	0.00010000000000000003
6	0.00010000000000000003	0.00010000000000000003	0.00010000000000000003	0.00010000000000000003	0.00010000000000000003	0.00010000000000000003	0.00010000000000000003	0.00010000000000000003	0.00010000000000000003	0.00010000000000000003	0.00010000000000000003	0.00010000000000000003	0.00010000000000000003	0.00010000000000000003	0.00010000000000000003	0.00010000000000000003
7	0.00010000000000000003	0.00010000000000000003	0.00010000000000000003	0.00010000000000000003	0.00010000000000000003	0.00010000000000000003	0.00010000000000000003	0.00010000000000000003	0.00010000000000000003	0.00010000000000000003	0.00010000000000000003	0.00010000000000000003	0.00010000000000000003	0.00010000000000000003	0.00010000000000000003	0.00010000000000000003
8	0.00010000000000000003	0.00010000000000000003	0.00010000000000000003	0.00010000000000000003	0.00010000000000000003	0.00010000000000000003	0.00010000000000000003	0.00010000000000000003	0.00010000000000000003	0.00010000000000000003	0.00010000000000000003	0.00010000000000000003	0.00010000000000000003	0.00010000000000000003	0.00010000000000000003	0.00010000000000000003
9	0.00010000000000000003	0.00010000000000000003	0.00010000000000000003	0.00010000000000000003	0.00010000000000000003	0.00010000000000000003	0.00010000000000000003	0.00010000000000000003	0.00010000000000000003	0.00010000000000000003	0.00010000000000000003	0.00010000000000000003	0.00010000000000000003	0.00010000000000000003	0.00010000000000000003	0.00010000000000000003
10	0.00010000000000000003	0.00010000000000000003	0.00010000000000000003	0.00010000000000000003	0.00010000000000000003	0.00010000000000000003	0.00010000000000000003	0.00010000000000000003	0.00010000000000000003	0.00010000000000000003	0.00010000000000000003	0.00010000000000000003	0.00010000000000000003	0.00010000000000000003	0.00010000000000000003	0.00010000000000000003
11	0.00010000000000000003	0.00010000000000000003	0.00010000000000000003	0.00010000000000000003	0.00010000000000000003	0.00010000000000000003	0.00010000000000000003	0.00010000000000000003	0.00010000000000000003	0.00010000000000000003	0.00010000000000000003	0.00010000000000000003	0.00010000000000000003	0.00010000000000000003	0.00010000000000000003	0.00010000000000000003
12	0.00010000000000000003	0.00010000000000000003	0.00010000000000000003	0.00010000000000000003	0.00010000000000000003	0.00010000000000000003	0.00010000000000000003	0.00010000000000000003	0.00010000000000000003	0.00010000000000000003	0.00010000000000000003	0.00010000000000000003	0.00010000000000000003	0.00010000000000000003	0.00010000000000000003	0.00010000000000000003
13	0.00010000000000000003	0.00010000000000000003	0.00010000000000000003	0.00010000000000000003	0.00010000000000000003	0.00010000000000000003	0.00010000000000000003	0.00010000000000000003	0.00010000000000000003	0.00010000000000000003	0.00010000000000000003	0.00010000000000000003	0.00010000000000000003	0.00010000000000000003	0.00010000000000000003	0.00010000000000000003
14	0.00010000000000000003	0.00010000000000000003	0.00010000000000000003	0.00010000000000000003	0.00010000000000000003	0.00010000000000000003	0.00010000000000000003	0.00010000000000000003	0.00010000000000000003	0.00010000000000000003	0.00010000000000000003	0.00010000000000000003	0.00010000000000000003	0.00010000000000000003	0.00010000000000000003	0.00010000000000000003
15	0.00010000000000000003	0.00010000000000000003	0.00010000000000000003	0.00010000000000000003	0.00010000000000000003	0.00010000000000000003	0.00010000000000000003	0.00010000000000000003	0.00010000000000000003	0.00010000000000000003	0.00010000000000000003	0.00010000000000000003	0.00010000000000000003	0.00010000000000000003	0.00010000000000000003	0.00010000000000000003
16	0.00010000000000000003	0.00010000000000000003	0.00010000000000000003	0.00010000000000000003	0.00010000000000000003	0.00010000000000000003	0.00010000000000000003	0.00010000000000000003	0.00010000000000000003	0.00010000000000000003	0.00010000000000000003	0.00010000000000000003	0.00010000000000000003	0.00010000000000000003	0.00010000000000000003	0.00010000000000000003
17	0.00010000000000000003	0.00010000000000000003	0.00010000000000000003	0.00010000000000000003	0.00010000000000000003	0.00010000000000000003	0.00010000000000000003	0.00010000000000000003	0.00010000000000000003	0.00010000000000000003	0.00010000000000000003	0.00010000000000000003	0.00010000000000000003	0.00010000000000000003	0.00010000000000000003	0.00010000000000000003
18	0.00010000000000000003	0.00010000000000000003	0.00010000000000000003	0.00010000000000000003	0.00010000000000000003	0.00010000000000000003	0.00010000000000000003	0.00010000000000000003	0.00010000000000000003	0.00010000000000000003	0.00010000000000000003	0.00010000000000000003	0.00010000000000000003	0.00010000000000000003	0.00010000000000000003	0.00010000000000000003
19	0.00010000000000000003	0.00010000000000000003	0.00010000000000000003	0.00010000000000000003	0.00010000000000000003	0.00010000000000000003	0.00010000000000000003	0.00010000000000000003	0.00010000000000000003	0.00010000000000000003	0.00010000000000000003	0.00010000000000000003	0.00010000000000000003	0.00010000000000000003	0.00010000000000000003	0.00010000000000000003
20	0.00010000000000000003	0.00010000000000000003	0.00010000000000000003	0.00010000000000000003	0.00010000000000000003	0.00010000000000000003	0.00010000000000000003	0.00010000000000000003	0.00010000000000000003	0.00010000000000000003	0.00010000000000000003	0.00010000000000000003	0.00010000000000000003	0.00010000000000000003	0.00010000000000000003	0.00010000000000000003
21	0.00010000000000000003	0.00010000000000000003	0.00010000000000000003	0.00010000000000000003	0.00010000000000000003	0.00010000000000000003	0.00010000000000000003	0.00010000000000000003	0.00010000000000000003	0.00010000000000000003	0.00010000000000000003	0.00010000000000000003	0.00010000000000000003	0.00010000000000000003	0.00010000000000000003	0.00010000000000000003
22	0.00010000000000000003	0.00010000000000000003	0.00010000000000000003	0.00010000000000000003	0.00010000000000000003	0.00010000000000000003	0.00010000000000000003	0.00010000000000000003	0.00010000000000000003	0.00010000000000000003	0.00010000000000000003	0.00010000000000000003	0.00010000000000000003	0.00010000000000000003	0.00010000000000000003	0.00010000000000000003
23	0.00010000000000000003	0.00010000000000000003	0.00010000000000000003	0.00010000000000000003	0.00010000000000000003	0.00010000000000000003	0.00010000000000000003	0.00010000000000000003	0.00010000000000000003	0.00010000000000000003	0.00010000000000000003	0.00010000000000000003	0.00010000000000000003	0.00010000000000000003	0.00010000000000000003	0.00010000000000000003
24	0.00010000000000000003	0.00010000000000000003	0.00010000000000000003	0.00010000000000000003	0.00010000000000000003	0.00010000000000000003	0.00010000000000000003	0.00010000000000000003	0.00010000000000000003	0.00010000000000000003	0.00010000000000000003	0.00010000000000000003	0.00010000000000000003	0.00010000000000000003	0.00010000000000000003	0.00010000000000000003
["TIDAL_STREAM","C5",*,*] :	1	2	3	4	5	6	7	8	9	10	11	12	13	14	15	16 := 
1	0.00010000000000000003	0.00010000000000000003	0.00010000000000000003	0.00010000000000000003	0.00010000000000000003	0.00010000000000000003	0.00010000000000000003	0.00010000000000000003	0.00010000000000000003	0.00010000000000000003	0.00010000000000000003	0.00010000000000000003	0.00010000000000000003	0.00010000000000000003	0.00010000000000000003	0.00010000000000000003
2	0.00010000000000000003	0.00010000000000000003	0.00010000000000000003	0.00010000000000000003	0.00010000000000000003	0.00010000000000000003	0.00010000000000000003	0.00010000000000000003	0.00010000000000000003	0.00010000000000000003	0.00010000000000000003	0.00010000000000000003	0.00010000000000000003	0.00010000000000000003	0.00010000000000000003	0.00010000000000000003
3	0.00010000000000000003	0.00010000000000000003	0.00010000000000000003	0.00010000000000000003	0.00010000000000000003	0.00010000000000000003	0.00010000000000000003	0.00010000000000000003	0.00010000000000000003	0.00010000000000000003	0.00010000000000000003	0.00010000000000000003	0.00010000000000000003	0.00010000000000000003	0.00010000000000000003	0.00010000000000000003
4	0.00010000000000000003	0.00010000000000000003	0.00010000000000000003	0.00010000000000000003	0.00010000000000000003	0.00010000000000000003	0.00010000000000000003	0.00010000000000000003	0.00010000000000000003	0.00010000000000000003	0.00010000000000000003	0.00010000000000000003	0.00010000000000000003	0.00010000000000000003	0.00010000000000000003	0.00010000000000000003
5	0.00010000000000000003	0.00010000000000000003	0.00010000000000000003	0.00010000000000000003	0.00010000000000000003	0.00010000000000000003	0.00010000000000000003	0.00010000000000000003	0.00010000000000000003	0.00010000000000000003	0.00010000000000000003	0.00010000000000000003	0.00010000000000000003	0.00010000000000000003	0.00010000000000000003	0.00010000000000000003
6	0.00010000000000000003	0.00010000000000000003	0.00010000000000000003	0.00010000000000000003	0.00010000000000000003	0.00010000000000000003	0.00010000000000000003	0.00010000000000000003	0.00010000000000000003	0.00010000000000000003	0.00010000000000000003	0.00010000000000000003	0.00010000000000000003	0.00010000000000000003	0.00010000000000000003	0.00010000000000000003
7	0.00010000000000000003	0.00010000000000000003	0.00010000000000000003	0.00010000000000000003	0.00010000000000000003	0.00010000000000000003	0.00010000000000000003	0.00010000000000000003	0.00010000000000000003	0.00010000000000000003	0.00010000000000000003	0.00010000000000000003	0.00010000000000000003	0.00010000000000000003	0.00010000000000000003	0.00010000000000000003
8	0.00010000000000000003	0.00010000000000000003	0.00010000000000000003	0.00010000000000000003	0.00010000000000000003	0.00010000000000000003	0.00010000000000000003	0.00010000000000000003	0.00010000000000000003	0.00010000000000000003	0.00010000000000000003	0.00010000000000000003	0.00010000000000000003	0.00010000000000000003	0.00010000000000000003	0.00010000000000000003
9	0.00010000000000000003	0.00010000000000000003	0.00010000000000000003	0.00010000000000000003	0.00010000000000000003	0.00010000000000000003	0.00010000000000000003	0.00010000000000000003	0.00010000000000000003	0.00010000000000000003	0.00010000000000000003	0.00010000000000000003	0.00010000000000000003	0.00010000000000000003	0.00010000000000000003	0.00010000000000000003
10	0.00010000000000000003	0.00010000000000000003	0.00010000000000000003	0.00010000000000000003	0.00010000000000000003	0.00010000000000000003	0.00010000000000000003	0.00010000000000000003	0.00010000000000000003	0.00010000000000000003	0.00010000000000000003	0.00010000000000000003	0.00010000000000000003	0.00010000000000000003	0.00010000000000000003	0.00010000000000000003
11	0.00010000000000000003	0.00010000000000000003	0.00010000000000000003	0.00010000000000000003	0.00010000000000000003	0.00010000000000000003	0.00010000000000000003	0.00010000000000000003	0.00010000000000000003	0.00010000000000000003	0.00010000000000000003	0.00010000000000000003	0.00010000000000000003	0.00010000000000000003	0.00010000000000000003	0.00010000000000000003
12	0.00010000000000000003	0.00010000000000000003	0.00010000000000000003	0.00010000000000000003	0.00010000000000000003	0.00010000000000000003	0.00010000000000000003	0.00010000000000000003	0.00010000000000000003	0.00010000000000000003	0.00010000000000000003	0.00010000000000000003	0.00010000000000000003	0.00010000000000000003	0.00010000000000000003	0.00010000000000000003
13	0.00010000000000000003	0.00010000000000000003	0.00010000000000000003	0.00010000000000000003	0.00010000000000000003	0.00010000000000000003	0.00010000000000000003	0.00010000000000000003	0.00010000000000000003	0.00010000000000000003	0.00010000000000000003	0.00010000000000000003	0.00010000000000000003	0.00010000000000000003	0.00010000000000000003	0.00010000000000000003
14	0.00010000000000000003	0.00010000000000000003	0.00010000000000000003	0.00010000000000000003	0.00010000000000000003	0.00010000000000000003	0.00010000000000000003	0.00010000000000000003	0.00010000000000000003	0.00010000000000000003	0.00010000000000000003	0.00010000000000000003	0.00010000000000000003	0.00010000000000000003	0.00010000000000000003	0.00010000000000000003
15	0.00010000000000000003	0.00010000000000000003	0.00010000000000000003	0.00010000000000000003	0.00010000000000000003	0.00010000000000000003	0.00010000000000000003	0.00010000000000000003	0.00010000000000000003	0.00010000000000000003	0.00010000000000000003	0.00010000000000000003	0.00010000000000000003	0.00010000000000000003	0.00010000000000000003	0.00010000000000000003
16	0.00010000000000000003	0.00010000000000000003	0.00010000000000000003	0.00010000000000000003	0.00010000000000000003	0.00010000000000000003	0.00010000000000000003	0.00010000000000000003	0.00010000000000000003	0.00010000000000000003	0.00010000000000000003	0.00010000000000000003	0.00010000000000000003	0.00010000000000000003	0.00010000000000000003	0.00010000000000000003
17	0.00010000000000000003	0.00010000000000000003	0.00010000000000000003	0.00010000000000000003	0.00010000000000000003	0.00010000000000000003	0.00010000000000000003	0.00010000000000000003	0.00010000000000000003	0.00010000000000000003	0.00010000000000000003	0.00010000000000000003	0.00010000000000000003	0.00010000000000000003	0.00010000000000000003	0.00010000000000000003
18	0.00010000000000000003	0.00010000000000000003	0.00010000000000000003	0.00010000000000000003	0.00010000000000000003	0.00010000000000000003	0.00010000000000000003	0.00010000000000000003	0.00010000000000000003	0.00010000000000000003	0.00010000000000000003	0.00010000000000000003	0.00010000000000000003	0.00010000000000000003	0.00010000000000000003	0.00010000000000000003
19	0.00010000000000000003	0.00010000000000000003	0.00010000000000000003	0.00010000000000000003	0.00010000000000000003	0.00010000000000000003	0.00010000000000000003	0.00010000000000000003	0.00010000000000000003	0.00010000000000000003	0.00010000000000000003	0.00010000000000000003	0.00010000000000000003	0.00010000000000000003	0.00010000000000000003	0.00010000000000000003
20	0.00010000000000000003	0.00010000000000000003	0.00010000000000000003	0.00010000000000000003	0.00010000000000000003	0.00010000000000000003	0.00010000000000000003	0.00010000000000000003	0.00010000000000000003	0.00010000000000000003	0.00010000000000000003	0.00010000000000000003	0.00010000000000000003	0.00010000000000000003	0.00010000000000000003	0.00010000000000000003
21	0.00010000000000000003	0.00010000000000000003	0.00010000000000000003	0.00010000000000000003	0.00010000000000000003	0.00010000000000000003	0.00010000000000000003	0.00010000000000000003	0.00010000000000000003	0.00010000000000000003	0.00010000000000000003	0.00010000000000000003	0.00010000000000000003	0.00010000000000000003	0.00010000000000000003	0.00010000000000000003
22	0.00010000000000000003	0.00010000000000000003	0.00010000000000000003	0.00010000000000000003	0.00010000000000000003	0.00010000000000000003	0.00010000000000000003	0.00010000000000000003	0.00010000000000000003	0.00010000000000000003	0.00010000000000000003	0.00010000000000000003	0.00010000000000000003	0.00010000000000000003	0.00010000000000000003	0.00010000000000000003
23	0.00010000000000000003	0.00010000000000000003	0.00010000000000000003	0.00010000000000000003	0.00010000000000000003	0.00010000000000000003	0.00010000000000000003	0.00010000000000000003	0.00010000000000000003	0.00010000000000000003	0.00010000000000000003	0.00010000000000000003	0.00010000000000000003	0.00010000000000000003	0.00010000000000000003	0.00010000000000000003
24	0.00010000000000000003	0.00010000000000000003	0.00010000000000000003	0.00010000000000000003	0.00010000000000000003	0.00010000000000000003	0.00010000000000000003	0.00010000000000000003	0.00010000000000000003	0.00010000000000000003	0.00010000000000000003	0.00010000000000000003	0.00010000000000000003	0.00010000000000000003	0.00010000000000000003	0.00010000000000000003
["TIDAL_RANGE","C1",*,*] :	1	2	3	4	5	6	7	8	9	10	11	12	13	14	15	16 := 
1	0.00010000000000000003	0.00010000000000000003	0.00010000000000000003	0.00010000000000000003	0.00010000000000000003	0.00010000000000000003	0.00010000000000000003	0.00010000000000000003	0.00010000000000000003	0.00010000000000000003	0.00010000000000000003	0.00010000000000000003	0.00010000000000000003	0.00010000000000000003	0.00010000000000000003	0.00010000000000000003
2	0.00010000000000000003	0.00010000000000000003	0.00010000000000000003	0.00010000000000000003	0.00010000000000000003	0.00010000000000000003	0.00010000000000000003	0.00010000000000000003	0.00010000000000000003	0.00010000000000000003	0.00010000000000000003	0.00010000000000000003	0.00010000000000000003	0.00010000000000000003	0.00010000000000000003	0.00010000000000000003
3	0.00010000000000000003	0.00010000000000000003	0.00010000000000000003	0.00010000000000000003	0.00010000000000000003	0.00010000000000000003	0.00010000000000000003	0.00010000000000000003	0.00010000000000000003	0.00010000000000000003	0.00010000000000000003	0.00010000000000000003	0.00010000000000000003	0.00010000000000000003	0.00010000000000000003	0.00010000000000000003
4	0.00010000000000000003	0.00010000000000000003	0.00010000000000000003	0.00010000000000000003	0.00010000000000000003	0.00010000000000000003	0.00010000000000000003	0.00010000000000000003	0.00010000000000000003	0.00010000000000000003	0.00010000000000000003	0.00010000000000000003	0.00010000000000000003	0.00010000000000000003	0.00010000000000000003	0.00010000000000000003
5	0.00010000000000000003	0.00010000000000000003	0.00010000000000000003	0.00010000000000000003	0.00010000000000000003	0.00010000000000000003	0.00010000000000000003	0.00010000000000000003	0.00010000000000000003	0.00010000000000000003	0.00010000000000000003	0.00010000000000000003	0.00010000000000000003	0.00010000000000000003	0.00010000000000000003	0.00010000000000000003
6	0.00010000000000000003	0.00010000000000000003	0.00010000000000000003	0.00010000000000000003	0.00010000000000000003	0.00010000000000000003	0.00010000000000000003	0.00010000000000000003	0.00010000000000000003	0.00010000000000000003	0.00010000000000000003	0.00010000000000000003	0.00010000000000000003	0.00010000000000000003	0.00010000000000000003	0.00010000000000000003
7	0.00010000000000000003	0.00010000000000000003	0.00010000000000000003	0.00010000000000000003	0.00010000000000000003	0.00010000000000000003	0.00010000000000000003	0.00010000000000000003	0.00010000000000000003	0.00010000000000000003	0.00010000000000000003	0.00010000000000000003	0.00010000000000000003	0.00010000000000000003	0.00010000000000000003	0.00010000000000000003
8	0.00010000000000000003	0.00010000000000000003	0.00010000000000000003	0.00010000000000000003	0.00010000000000000003	0.00010000000000000003	0.00010000000000000003	0.00010000000000000003	0.00010000000000000003	0.00010000000000000003	0.00010000000000000003	0.00010000000000000003	0.00010000000000000003	0.00010000000000000003	0.00010000000000000003	0.00010000000000000003
9	0.00010000000000000003	0.00010000000000000003	0.00010000000000000003	0.00010000000000000003	0.00010000000000000003	0.00010000000000000003	0.00010000000000000003	0.00010000000000000003	0.00010000000000000003	0.00010000000000000003	0.00010000000000000003	0.00010000000000000003	0.00010000000000000003	0.00010000000000000003	0.00010000000000000003	0.00010000000000000003
10	0.00010000000000000003	0.00010000000000000003	0.00010000000000000003	0.00010000000000000003	0.00010000000000000003	0.00010000000000000003	0.00010000000000000003	0.00010000000000000003	0.00010000000000000003	0.00010000000000000003	0.00010000000000000003	0.00010000000000000003	0.00010000000000000003	0.00010000000000000003	0.00010000000000000003	0.00010000000000000003
11	0.00010000000000000003	0.00010000000000000003	0.00010000000000000003	0.00010000000000000003	0.00010000000000000003	0.00010000000000000003	0.00010000000000000003	0.00010000000000000003	0.00010000000000000003	0.00010000000000000003	0.00010000000000000003	0.00010000000000000003	0.00010000000000000003	0.00010000000000000003	0.00010000000000000003	0.00010000000000000003
12	0.00010000000000000003	0.00010000000000000003	0.00010000000000000003	0.00010000000000000003	0.00010000000000000003	0.00010000000000000003	0.00010000000000000003	0.00010000000000000003	0.00010000000000000003	0.00010000000000000003	0.00010000000000000003	0.00010000000000000003	0.00010000000000000003	0.00010000000000000003	0.00010000000000000003	0.00010000000000000003
13	0.00010000000000000003	0.00010000000000000003	0.00010000000000000003	0.00010000000000000003	0.00010000000000000003	0.00010000000000000003	0.00010000000000000003	0.00010000000000000003	0.00010000000000000003	0.00010000000000000003	0.00010000000000000003	0.00010000000000000003	0.00010000000000000003	0.00010000000000000003	0.00010000000000000003	0.00010000000000000003
14	0.00010000000000000003	0.00010000000000000003	0.00010000000000000003	0.00010000000000000003	0.00010000000000000003	0.00010000000000000003	0.00010000000000000003	0.00010000000000000003	0.00010000000000000003	0.00010000000000000003	0.00010000000000000003	0.00010000000000000003	0.00010000000000000003	0.00010000000000000003	0.00010000000000000003	0.00010000000000000003
15	0.00010000000000000003	0.00010000000000000003	0.00010000000000000003	0.00010000000000000003	0.00010000000000000003	0.00010000000000000003	0.00010000000000000003	0.00010000000000000003	0.00010000000000000003	0.00010000000000000003	0.00010000000000000003	0.00010000000000000003	0.00010000000000000003	0.00010000000000000003	0.00010000000000000003	0.00010000000000000003
16	0.00010000000000000003	0.00010000000000000003	0.00010000000000000003	0.00010000000000000003	0.00010000000000000003	0.00010000000000000003	0.00010000000000000003	0.00010000000000000003	0.00010000000000000003	0.00010000000000000003	0.00010000000000000003	0.00010000000000000003	0.00010000000000000003	0.00010000000000000003	0.00010000000000000003	0.00010000000000000003
17	0.00010000000000000003	0.00010000000000000003	0.00010000000000000003	0.00010000000000000003	0.00010000000000000003	0.00010000000000000003	0.00010000000000000003	0.00010000000000000003	0.00010000000000000003	0.00010000000000000003	0.00010000000000000003	0.00010000000000000003	0.00010000000000000003	0.00010000000000000003	0.00010000000000000003	0.00010000000000000003
18	0.00010000000000000003	0.00010000000000000003	0.00010000000000000003	0.00010000000000000003	0.00010000000000000003	0.00010000000000000003	0.00010000000000000003	0.00010000000000000003	0.00010000000000000003	0.00010000000000000003	0.00010000000000000003	0.00010000000000000003	0.00010000000000000003	0.00010000000000000003	0.00010000000000000003	0.00010000000000000003
19	0.00010000000000000003	0.00010000000000000003	0.00010000000000000003	0.00010000000000000003	0.00010000000000000003	0.00010000000000000003	0.00010000000000000003	0.00010000000000000003	0.00010000000000000003	0.00010000000000000003	0.00010000000000000003	0.00010000000000000003	0.00010000000000000003	0.00010000000000000003	0.00010000000000000003	0.00010000000000000003
20	0.00010000000000000003	0.00010000000000000003	0.00010000000000000003	0.00010000000000000003	0.00010000000000000003	0.00010000000000000003	0.00010000000000000003	0.00010000000000000003	0.00010000000000000003	0.00010000000000000003	0.00010000000000000003	0.00010000000000000003	0.00010000000000000003	0.00010000000000000003	0.00010000000000000003	0.00010000000000000003
21	0.00010000000000000003	0.00010000000000000003	0.00010000000000000003	0.00010000000000000003	0.00010000000000000003	0.00010000000000000003	0.00010000000000000003	0.00010000000000000003	0.00010000000000000003	0.00010000000000000003	0.00010000000000000003	0.00010000000000000003	0.00010000000000000003	0.00010000000000000003	0.00010000000000000003	0.00010000000000000003
22	0.00010000000000000003	0.00010000000000000003	0.00010000000000000003	0.00010000000000000003	0.00010000000000000003	0.00010000000000000003	0.00010000000000000003	0.00010000000000000003	0.00010000000000000003	0.00010000000000000003	0.00010000000000000003	0.00010000000000000003	0.00010000000000000003	0.00010000000000000003	0.00010000000000000003	0.00010000000000000003
23	0.00010000000000000003	0.00010000000000000003	0.00010000000000000003	0.00010000000000000003	0.00010000000000000003	0.00010000000000000003	0.00010000000000000003	0.00010000000000000003	0.00010000000000000003	0.00010000000000000003	0.00010000000000000003	0.00010000000000000003	0.00010000000000000003	0.00010000000000000003	0.00010000000000000003	0.00010000000000000003
24	0.00010000000000000003	0.00010000000000000003	0.00010000000000000003	0.00010000000000000003	0.00010000000000000003	0.00010000000000000003	0.00010000000000000003	0.00010000000000000003	0.00010000000000000003	0.00010000000000000003	0.00010000000000000003	0.00010000000000000003	0.00010000000000000003	0.00010000000000000003	0.00010000000000000003	0.00010000000000000003
["TIDAL_RANGE","C2",*,*] :	1	2	3	4	5	6	7	8	9	10	11	12	13	14	15	16 := 
1	0.00010000000000000003	0.00010000000000000003	0.00010000000000000003	0.00010000000000000003	0.00010000000000000003	0.00010000000000000003	0.00010000000000000003	0.00010000000000000003	0.00010000000000000003	0.00010000000000000003	0.00010000000000000003	0.00010000000000000003	0.00010000000000000003	0.00010000000000000003	0.00010000000000000003	0.00010000000000000003
2	0.00010000000000000003	0.00010000000000000003	0.00010000000000000003	0.00010000000000000003	0.00010000000000000003	0.00010000000000000003	0.00010000000000000003	0.00010000000000000003	0.00010000000000000003	0.00010000000000000003	0.00010000000000000003	0.00010000000000000003	0.00010000000000000003	0.00010000000000000003	0.00010000000000000003	0.00010000000000000003
3	0.00010000000000000003	0.00010000000000000003	0.00010000000000000003	0.00010000000000000003	0.00010000000000000003	0.00010000000000000003	0.00010000000000000003	0.00010000000000000003	0.00010000000000000003	0.00010000000000000003	0.00010000000000000003	0.00010000000000000003	0.00010000000000000003	0.00010000000000000003	0.00010000000000000003	0.00010000000000000003
4	0.00010000000000000003	0.00010000000000000003	0.00010000000000000003	0.00010000000000000003	0.00010000000000000003	0.00010000000000000003	0.00010000000000000003	0.00010000000000000003	0.00010000000000000003	0.00010000000000000003	0.00010000000000000003	0.00010000000000000003	0.00010000000000000003	0.00010000000000000003	0.00010000000000000003	0.00010000000000000003
5	0.00010000000000000003	0.00010000000000000003	0.00010000000000000003	0.00010000000000000003	0.00010000000000000003	0.00010000000000000003	0.00010000000000000003	0.00010000000000000003	0.00010000000000000003	0.00010000000000000003	0.00010000000000000003	0.00010000000000000003	0.00010000000000000003	0.00010000000000000003	0.00010000000000000003	0.00010000000000000003
6	0.00010000000000000003	0.00010000000000000003	0.00010000000000000003	0.00010000000000000003	0.00010000000000000003	0.00010000000000000003	0.00010000000000000003	0.00010000000000000003	0.00010000000000000003	0.00010000000000000003	0.00010000000000000003	0.00010000000000000003	0.00010000000000000003	0.00010000000000000003	0.00010000000000000003	0.00010000000000000003
7	0.00010000000000000003	0.00010000000000000003	0.00010000000000000003	0.00010000000000000003	0.00010000000000000003	0.00010000000000000003	0.00010000000000000003	0.00010000000000000003	0.00010000000000000003	0.00010000000000000003	0.00010000000000000003	0.00010000000000000003	0.00010000000000000003	0.00010000000000000003	0.00010000000000000003	0.00010000000000000003
8	0.00010000000000000003	0.00010000000000000003	0.00010000000000000003	0.00010000000000000003	0.00010000000000000003	0.00010000000000000003	0.00010000000000000003	0.00010000000000000003	0.00010000000000000003	0.00010000000000000003	0.00010000000000000003	0.00010000000000000003	0.00010000000000000003	0.00010000000000000003	0.00010000000000000003	0.00010000000000000003
9	0.00010000000000000003	0.00010000000000000003	0.00010000000000000003	0.00010000000000000003	0.00010000000000000003	0.00010000000000000003	0.00010000000000000003	0.00010000000000000003	0.00010000000000000003	0.00010000000000000003	0.00010000000000000003	0.00010000000000000003	0.00010000000000000003	0.00010000000000000003	0.00010000000000000003	0.00010000000000000003
10	0.00010000000000000003	0.00010000000000000003	0.00010000000000000003	0.00010000000000000003	0.00010000000000000003	0.00010000000000000003	0.00010000000000000003	0.00010000000000000003	0.00010000000000000003	0.00010000000000000003	0.00010000000000000003	0.00010000000000000003	0.00010000000000000003	0.00010000000000000003	0.00010000000000000003	0.00010000000000000003
11	0.00010000000000000003	0.00010000000000000003	0.00010000000000000003	0.00010000000000000003	0.00010000000000000003	0.00010000000000000003	0.00010000000000000003	0.00010000000000000003	0.00010000000000000003	0.00010000000000000003	0.00010000000000000003	0.00010000000000000003	0.00010000000000000003	0.00010000000000000003	0.00010000000000000003	0.00010000000000000003
12	0.00010000000000000003	0.00010000000000000003	0.00010000000000000003	0.00010000000000000003	0.00010000000000000003	0.00010000000000000003	0.00010000000000000003	0.00010000000000000003	0.00010000000000000003	0.00010000000000000003	0.00010000000000000003	0.00010000000000000003	0.00010000000000000003	0.00010000000000000003	0.00010000000000000003	0.00010000000000000003
13	0.00010000000000000003	0.00010000000000000003	0.00010000000000000003	0.00010000000000000003	0.00010000000000000003	0.00010000000000000003	0.00010000000000000003	0.00010000000000000003	0.00010000000000000003	0.00010000000000000003	0.00010000000000000003	0.00010000000000000003	0.00010000000000000003	0.00010000000000000003	0.00010000000000000003	0.00010000000000000003
14	0.00010000000000000003	0.00010000000000000003	0.00010000000000000003	0.00010000000000000003	0.00010000000000000003	0.00010000000000000003	0.00010000000000000003	0.00010000000000000003	0.00010000000000000003	0.00010000000000000003	0.00010000000000000003	0.00010000000000000003	0.00010000000000000003	0.00010000000000000003	0.00010000000000000003	0.00010000000000000003
15	0.00010000000000000003	0.00010000000000000003	0.00010000000000000003	0.00010000000000000003	0.00010000000000000003	0.00010000000000000003	0.00010000000000000003	0.00010000000000000003	0.00010000000000000003	0.00010000000000000003	0.00010000000000000003	0.00010000000000000003	0.00010000000000000003	0.00010000000000000003	0.00010000000000000003	0.00010000000000000003
16	0.00010000000000000003	0.00010000000000000003	0.00010000000000000003	0.00010000000000000003	0.00010000000000000003	0.00010000000000000003	0.00010000000000000003	0.00010000000000000003	0.00010000000000000003	0.00010000000000000003	0.00010000000000000003	0.00010000000000000003	0.00010000000000000003	0.00010000000000000003	0.00010000000000000003	0.00010000000000000003
17	0.00010000000000000003	0.00010000000000000003	0.00010000000000000003	0.00010000000000000003	0.00010000000000000003	0.00010000000000000003	0.00010000000000000003	0.00010000000000000003	0.00010000000000000003	0.00010000000000000003	0.00010000000000000003	0.00010000000000000003	0.00010000000000000003	0.00010000000000000003	0.00010000000000000003	0.00010000000000000003
18	0.00010000000000000003	0.00010000000000000003	0.00010000000000000003	0.00010000000000000003	0.00010000000000000003	0.00010000000000000003	0.00010000000000000003	0.00010000000000000003	0.00010000000000000003	0.00010000000000000003	0.00010000000000000003	0.00010000000000000003	0.00010000000000000003	0.00010000000000000003	0.00010000000000000003	0.00010000000000000003
19	0.00010000000000000003	0.00010000000000000003	0.00010000000000000003	0.00010000000000000003	0.00010000000000000003	0.00010000000000000003	0.00010000000000000003	0.00010000000000000003	0.00010000000000000003	0.00010000000000000003	0.00010000000000000003	0.00010000000000000003	0.00010000000000000003	0.00010000000000000003	0.00010000000000000003	0.00010000000000000003
20	0.00010000000000000003	0.00010000000000000003	0.00010000000000000003	0.00010000000000000003	0.00010000000000000003	0.00010000000000000003	0.00010000000000000003	0.00010000000000000003	0.00010000000000000003	0.00010000000000000003	0.00010000000000000003	0.00010000000000000003	0.00010000000000000003	0.00010000000000000003	0.00010000000000000003	0.00010000000000000003
21	0.00010000000000000003	0.00010000000000000003	0.00010000000000000003	0.00010000000000000003	0.00010000000000000003	0.00010000000000000003	0.00010000000000000003	0.00010000000000000003	0.00010000000000000003	0.00010000000000000003	0.00010000000000000003	0.00010000000000000003	0.00010000000000000003	0.00010000000000000003	0.00010000000000000003	0.00010000000000000003
22	0.00010000000000000003	0.00010000000000000003	0.00010000000000000003	0.00010000000000000003	0.00010000000000000003	0.00010000000000000003	0.00010000000000000003	0.00010000000000000003	0.00010000000000000003	0.00010000000000000003	0.00010000000000000003	0.00010000000000000003	0.00010000000000000003	0.00010000000000000003	0.00010000000000000003	0.00010000000000000003
23	0.00010000000000000003	0.00010000000000000003	0.00010000000000000003	0.00010000000000000003	0.00010000000000000003	0.00010000000000000003	0.00010000000000000003	0.00010000000000000003	0.00010000000000000003	0.00010000000000000003	0.00010000000000000003	0.00010000000000000003	0.00010000000000000003	0.00010000000000000003	0.00010000000000000003	0.00010000000000000003
24	0.00010000000000000003	0.00010000000000000003	0.00010000000000000003	0.00010000000000000003	0.00010000000000000003	0.00010000000000000003	0.00010000000000000003	0.00010000000000000003	0.00010000000000000003	0.00010000000000000003	0.00010000000000000003	0.00010000000000000003	0.00010000000000000003	0.00010000000000000003	0.00010000000000000003	0.00010000000000000003
["TIDAL_RANGE","C3",*,*] :	1	2	3	4	5	6	7	8	9	10	11	12	13	14	15	16 := 
1	0.00010000000000000003	0.00010000000000000003	0.00010000000000000003	0.00010000000000000003	0.00010000000000000003	0.00010000000000000003	0.00010000000000000003	0.00010000000000000003	0.00010000000000000003	0.00010000000000000003	0.00010000000000000003	0.00010000000000000003	0.00010000000000000003	0.00010000000000000003	0.00010000000000000003	0.00010000000000000003
2	0.00010000000000000003	0.00010000000000000003	0.00010000000000000003	0.00010000000000000003	0.00010000000000000003	0.00010000000000000003	0.00010000000000000003	0.00010000000000000003	0.00010000000000000003	0.00010000000000000003	0.00010000000000000003	0.00010000000000000003	0.00010000000000000003	0.00010000000000000003	0.00010000000000000003	0.00010000000000000003
3	0.00010000000000000003	0.00010000000000000003	0.00010000000000000003	0.00010000000000000003	0.00010000000000000003	0.00010000000000000003	0.00010000000000000003	0.00010000000000000003	0.00010000000000000003	0.00010000000000000003	0.00010000000000000003	0.00010000000000000003	0.00010000000000000003	0.00010000000000000003	0.00010000000000000003	0.00010000000000000003
4	0.00010000000000000003	0.00010000000000000003	0.00010000000000000003	0.00010000000000000003	0.00010000000000000003	0.00010000000000000003	0.00010000000000000003	0.00010000000000000003	0.00010000000000000003	0.00010000000000000003	0.00010000000000000003	0.00010000000000000003	0.00010000000000000003	0.00010000000000000003	0.00010000000000000003	0.00010000000000000003
5	0.00010000000000000003	0.00010000000000000003	0.00010000000000000003	0.00010000000000000003	0.00010000000000000003	0.00010000000000000003	0.00010000000000000003	0.00010000000000000003	0.00010000000000000003	0.00010000000000000003	0.00010000000000000003	0.00010000000000000003	0.00010000000000000003	0.00010000000000000003	0.00010000000000000003	0.00010000000000000003
6	0.00010000000000000003	0.00010000000000000003	0.00010000000000000003	0.00010000000000000003	0.00010000000000000003	0.00010000000000000003	0.00010000000000000003	0.00010000000000000003	0.00010000000000000003	0.00010000000000000003	0.00010000000000000003	0.00010000000000000003	0.00010000000000000003	0.00010000000000000003	0.00010000000000000003	0.00010000000000000003
7	0.00010000000000000003	0.00010000000000000003	0.00010000000000000003	0.00010000000000000003	0.00010000000000000003	0.00010000000000000003	0.00010000000000000003	0.00010000000000000003	0.00010000000000000003	0.00010000000000000003	0.00010000000000000003	0.00010000000000000003	0.00010000000000000003	0.00010000000000000003	0.00010000000000000003	0.00010000000000000003
8	0.00010000000000000003	0.00010000000000000003	0.00010000000000000003	0.00010000000000000003	0.00010000000000000003	0.00010000000000000003	0.00010000000000000003	0.00010000000000000003	0.00010000000000000003	0.00010000000000000003	0.00010000000000000003	0.00010000000000000003	0.00010000000000000003	0.00010000000000000003	0.00010000000000000003	0.00010000000000000003
9	0.00010000000000000003	0.00010000000000000003	0.00010000000000000003	0.00010000000000000003	0.00010000000000000003	0.00010000000000000003	0.00010000000000000003	0.00010000000000000003	0.00010000000000000003	0.00010000000000000003	0.00010000000000000003	0.00010000000000000003	0.00010000000000000003	0.00010000000000000003	0.00010000000000000003	0.00010000000000000003
10	0.00010000000000000003	0.00010000000000000003	0.00010000000000000003	0.00010000000000000003	0.00010000000000000003	0.00010000000000000003	0.00010000000000000003	0.00010000000000000003	0.00010000000000000003	0.00010000000000000003	0.00010000000000000003	0.00010000000000000003	0.00010000000000000003	0.00010000000000000003	0.00010000000000000003	0.00010000000000000003
11	0.00010000000000000003	0.00010000000000000003	0.00010000000000000003	0.00010000000000000003	0.00010000000000000003	0.00010000000000000003	0.00010000000000000003	0.00010000000000000003	0.00010000000000000003	0.00010000000000000003	0.00010000000000000003	0.00010000000000000003	0.00010000000000000003	0.00010000000000000003	0.00010000000000000003	0.00010000000000000003
12	0.00010000000000000003	0.00010000000000000003	0.00010000000000000003	0.00010000000000000003	0.00010000000000000003	0.00010000000000000003	0.00010000000000000003	0.00010000000000000003	0.00010000000000000003	0.00010000000000000003	0.00010000000000000003	0.00010000000000000003	0.00010000000000000003	0.00010000000000000003	0.00010000000000000003	0.00010000000000000003
13	0.00010000000000000003	0.00010000000000000003	0.00010000000000000003	0.00010000000000000003	0.00010000000000000003	0.00010000000000000003	0.00010000000000000003	0.00010000000000000003	0.00010000000000000003	0.00010000000000000003	0.00010000000000000003	0.00010000000000000003	0.00010000000000000003	0.00010000000000000003	0.00010000000000000003	0.00010000000000000003
14	0.00010000000000000003	0.00010000000000000003	0.00010000000000000003	0.00010000000000000003	0.00010000000000000003	0.00010000000000000003	0.00010000000000000003	0.00010000000000000003	0.00010000000000000003	0.00010000000000000003	0.00010000000000000003	0.00010000000000000003	0.00010000000000000003	0.00010000000000000003	0.00010000000000000003	0.00010000000000000003
15	0.00010000000000000003	0.00010000000000000003	0.00010000000000000003	0.00010000000000000003	0.00010000000000000003	0.00010000000000000003	0.00010000000000000003	0.00010000000000000003	0.00010000000000000003	0.00010000000000000003	0.00010000000000000003	0.00010000000000000003	0.00010000000000000003	0.00010000000000000003	0.00010000000000000003	0.00010000000000000003
16	0.00010000000000000003	0.00010000000000000003	0.00010000000000000003	0.00010000000000000003	0.00010000000000000003	0.00010000000000000003	0.00010000000000000003	0.00010000000000000003	0.00010000000000000003	0.00010000000000000003	0.00010000000000000003	0.00010000000000000003	0.00010000000000000003	0.00010000000000000003	0.00010000000000000003	0.00010000000000000003
17	0.00010000000000000003	0.00010000000000000003	0.00010000000000000003	0.00010000000000000003	0.00010000000000000003	0.00010000000000000003	0.00010000000000000003	0.00010000000000000003	0.00010000000000000003	0.00010000000000000003	0.00010000000000000003	0.00010000000000000003	0.00010000000000000003	0.00010000000000000003	0.00010000000000000003	0.00010000000000000003
18	0.00010000000000000003	0.00010000000000000003	0.00010000000000000003	0.00010000000000000003	0.00010000000000000003	0.00010000000000000003	0.00010000000000000003	0.00010000000000000003	0.00010000000000000003	0.00010000000000000003	0.00010000000000000003	0.00010000000000000003	0.00010000000000000003	0.00010000000000000003	0.00010000000000000003	0.00010000000000000003
19	0.00010000000000000003	0.00010000000000000003	0.00010000000000000003	0.00010000000000000003	0.00010000000000000003	0.00010000000000000003	0.00010000000000000003	0.00010000000000000003	0.00010000000000000003	0.00010000000000000003	0.00010000000000000003	0.00010000000000000003	0.00010000000000000003	0.00010000000000000003	0.00010000000000000003	0.00010000000000000003
20	0.00010000000000000003	0.00010000000000000003	0.00010000000000000003	0.00010000000000000003	0.00010000000000000003	0.00010000000000000003	0.00010000000000000003	0.00010000000000000003	0.00010000000000000003	0.00010000000000000003	0.00010000000000000003	0.00010000000000000003	0.00010000000000000003	0.00010000000000000003	0.00010000000000000003	0.00010000000000000003
21	0.00010000000000000003	0.00010000000000000003	0.00010000000000000003	0.00010000000000000003	0.00010000000000000003	0.00010000000000000003	0.00010000000000000003	0.00010000000000000003	0.00010000000000000003	0.00010000000000000003	0.00010000000000000003	0.00010000000000000003	0.00010000000000000003	0.00010000000000000003	0.00010000000000000003	0.00010000000000000003
22	0.00010000000000000003	0.00010000000000000003	0.00010000000000000003	0.00010000000000000003	0.00010000000000000003	0.00010000000000000003	0.00010000000000000003	0.00010000000000000003	0.00010000000000000003	0.00010000000000000003	0.00010000000000000003	0.00010000000000000003	0.00010000000000000003	0.00010000000000000003	0.00010000000000000003	0.00010000000000000003
23	0.00010000000000000003	0.00010000000000000003	0.00010000000000000003	0.00010000000000000003	0.00010000000000000003	0.00010000000000000003	0.00010000000000000003	0.00010000000000000003	0.00010000000000000003	0.00010000000000000003	0.00010000000000000003	0.00010000000000000003	0.00010000000000000003	0.00010000000000000003	0.00010000000000000003	0.00010000000000000003
24	0.00010000000000000003	0.00010000000000000003	0.00010000000000000003	0.00010000000000000003	0.00010000000000000003	0.00010000000000000003	0.00010000000000000003	0.00010000000000000003	0.00010000000000000003	0.00010000000000000003	0.00010000000000000003	0.00010000000000000003	0.00010000000000000003	0.00010000000000000003	0.00010000000000000003	0.00010000000000000003
["TIDAL_RANGE","C4",*,*] :	1	2	3	4	5	6	7	8	9	10	11	12	13	14	15	16 := 
1	0.00010000000000000003	0.00010000000000000003	0.00010000000000000003	0.00010000000000000003	0.00010000000000000003	0.00010000000000000003	0.00010000000000000003	0.00010000000000000003	0.00010000000000000003	0.00010000000000000003	0.00010000000000000003	0.00010000000000000003	0.00010000000000000003	0.00010000000000000003	0.00010000000000000003	0.00010000000000000003
2	0.00010000000000000003	0.00010000000000000003	0.00010000000000000003	0.00010000000000000003	0.00010000000000000003	0.00010000000000000003	0.00010000000000000003	0.00010000000000000003	0.00010000000000000003	0.00010000000000000003	0.00010000000000000003	0.00010000000000000003	0.00010000000000000003	0.00010000000000000003	0.00010000000000000003	0.00010000000000000003
3	0.00010000000000000003	0.00010000000000000003	0.00010000000000000003	0.00010000000000000003	0.00010000000000000003	0.00010000000000000003	0.00010000000000000003	0.00010000000000000003	0.00010000000000000003	0.00010000000000000003	0.00010000000000000003	0.00010000000000000003	0.00010000000000000003	0.00010000000000000003	0.00010000000000000003	0.00010000000000000003
4	0.00010000000000000003	0.00010000000000000003	0.00010000000000000003	0.00010000000000000003	0.00010000000000000003	0.00010000000000000003	0.00010000000000000003	0.00010000000000000003	0.00010000000000000003	0.00010000000000000003	0.00010000000000000003	0.00010000000000000003	0.00010000000000000003	0.00010000000000000003	0.00010000000000000003	0.00010000000000000003
5	0.00010000000000000003	0.00010000000000000003	0.00010000000000000003	0.00010000000000000003	0.00010000000000000003	0.00010000000000000003	0.00010000000000000003	0.00010000000000000003	0.00010000000000000003	0.00010000000000000003	0.00010000000000000003	0.00010000000000000003	0.00010000000000000003	0.00010000000000000003	0.00010000000000000003	0.00010000000000000003
6	0.00010000000000000003	0.00010000000000000003	0.00010000000000000003	0.00010000000000000003	0.00010000000000000003	0.00010000000000000003	0.00010000000000000003	0.00010000000000000003	0.00010000000000000003	0.00010000000000000003	0.00010000000000000003	0.00010000000000000003	0.00010000000000000003	0.00010000000000000003	0.00010000000000000003	0.00010000000000000003
7	0.00010000000000000003	0.00010000000000000003	0.00010000000000000003	0.00010000000000000003	0.00010000000000000003	0.00010000000000000003	0.00010000000000000003	0.00010000000000000003	0.00010000000000000003	0.00010000000000000003	0.00010000000000000003	0.00010000000000000003	0.00010000000000000003	0.00010000000000000003	0.00010000000000000003	0.00010000000000000003
8	0.00010000000000000003	0.00010000000000000003	0.00010000000000000003	0.00010000000000000003	0.00010000000000000003	0.00010000000000000003	0.00010000000000000003	0.00010000000000000003	0.00010000000000000003	0.00010000000000000003	0.00010000000000000003	0.00010000000000000003	0.00010000000000000003	0.00010000000000000003	0.00010000000000000003	0.00010000000000000003
9	0.00010000000000000003	0.00010000000000000003	0.00010000000000000003	0.00010000000000000003	0.00010000000000000003	0.00010000000000000003	0.00010000000000000003	0.00010000000000000003	0.00010000000000000003	0.00010000000000000003	0.00010000000000000003	0.00010000000000000003	0.00010000000000000003	0.00010000000000000003	0.00010000000000000003	0.00010000000000000003
10	0.00010000000000000003	0.00010000000000000003	0.00010000000000000003	0.00010000000000000003	0.00010000000000000003	0.00010000000000000003	0.00010000000000000003	0.00010000000000000003	0.00010000000000000003	0.00010000000000000003	0.00010000000000000003	0.00010000000000000003	0.00010000000000000003	0.00010000000000000003	0.00010000000000000003	0.00010000000000000003
11	0.00010000000000000003	0.00010000000000000003	0.00010000000000000003	0.00010000000000000003	0.00010000000000000003	0.00010000000000000003	0.00010000000000000003	0.00010000000000000003	0.00010000000000000003	0.00010000000000000003	0.00010000000000000003	0.00010000000000000003	0.00010000000000000003	0.00010000000000000003	0.00010000000000000003	0.00010000000000000003
12	0.00010000000000000003	0.00010000000000000003	0.00010000000000000003	0.00010000000000000003	0.00010000000000000003	0.00010000000000000003	0.00010000000000000003	0.00010000000000000003	0.00010000000000000003	0.00010000000000000003	0.00010000000000000003	0.00010000000000000003	0.00010000000000000003	0.00010000000000000003	0.00010000000000000003	0.00010000000000000003
13	0.00010000000000000003	0.00010000000000000003	0.00010000000000000003	0.00010000000000000003	0.00010000000000000003	0.00010000000000000003	0.00010000000000000003	0.00010000000000000003	0.00010000000000000003	0.00010000000000000003	0.00010000000000000003	0.00010000000000000003	0.00010000000000000003	0.00010000000000000003	0.00010000000000000003	0.00010000000000000003
14	0.00010000000000000003	0.00010000000000000003	0.00010000000000000003	0.00010000000000000003	0.00010000000000000003	0.00010000000000000003	0.00010000000000000003	0.00010000000000000003	0.00010000000000000003	0.00010000000000000003	0.00010000000000000003	0.00010000000000000003	0.00010000000000000003	0.00010000000000000003	0.00010000000000000003	0.00010000000000000003
15	0.00010000000000000003	0.00010000000000000003	0.00010000000000000003	0.00010000000000000003	0.00010000000000000003	0.00010000000000000003	0.00010000000000000003	0.00010000000000000003	0.00010000000000000003	0.00010000000000000003	0.00010000000000000003	0.00010000000000000003	0.00010000000000000003	0.00010000000000000003	0.00010000000000000003	0.00010000000000000003
16	0.00010000000000000003	0.00010000000000000003	0.00010000000000000003	0.00010000000000000003	0.00010000000000000003	0.00010000000000000003	0.00010000000000000003	0.00010000000000000003	0.00010000000000000003	0.00010000000000000003	0.00010000000000000003	0.00010000000000000003	0.00010000000000000003	0.00010000000000000003	0.00010000000000000003	0.00010000000000000003
17	0.00010000000000000003	0.00010000000000000003	0.00010000000000000003	0.00010000000000000003	0.00010000000000000003	0.00010000000000000003	0.00010000000000000003	0.00010000000000000003	0.00010000000000000003	0.00010000000000000003	0.00010000000000000003	0.00010000000000000003	0.00010000000000000003	0.00010000000000000003	0.00010000000000000003	0.00010000000000000003
18	0.00010000000000000003	0.00010000000000000003	0.00010000000000000003	0.00010000000000000003	0.00010000000000000003	0.00010000000000000003	0.00010000000000000003	0.00010000000000000003	0.00010000000000000003	0.00010000000000000003	0.00010000000000000003	0.00010000000000000003	0.00010000000000000003	0.00010000000000000003	0.00010000000000000003	0.00010000000000000003
19	0.00010000000000000003	0.00010000000000000003	0.00010000000000000003	0.00010000000000000003	0.00010000000000000003	0.00010000000000000003	0.00010000000000000003	0.00010000000000000003	0.00010000000000000003	0.00010000000000000003	0.00010000000000000003	0.00010000000000000003	0.00010000000000000003	0.00010000000000000003	0.00010000000000000003	0.00010000000000000003
20	0.00010000000000000003	0.00010000000000000003	0.00010000000000000003	0.00010000000000000003	0.00010000000000000003	0.00010000000000000003	0.00010000000000000003	0.00010000000000000003	0.00010000000000000003	0.00010000000000000003	0.00010000000000000003	0.00010000000000000003	0.00010000000000000003	0.00010000000000000003	0.00010000000000000003	0.00010000000000000003
21	0.00010000000000000003	0.00010000000000000003	0.00010000000000000003	0.00010000000000000003	0.00010000000000000003	0.00010000000000000003	0.00010000000000000003	0.00010000000000000003	0.00010000000000000003	0.00010000000000000003	0.00010000000000000003	0.00010000000000000003	0.00010000000000000003	0.00010000000000000003	0.00010000000000000003	0.00010000000000000003
22	0.00010000000000000003	0.00010000000000000003	0.00010000000000000003	0.00010000000000000003	0.00010000000000000003	0.00010000000000000003	0.00010000000000000003	0.00010000000000000003	0.00010000000000000003	0.00010000000000000003	0.00010000000000000003	0.00010000000000000003	0.00010000000000000003	0.00010000000000000003	0.00010000000000000003	0.00010000000000000003
23	0.00010000000000000003	0.00010000000000000003	0.00010000000000000003	0.00010000000000000003	0.00010000000000000003	0.00010000000000000003	0.00010000000000000003	0.00010000000000000003	0.00010000000000000003	0.00010000000000000003	0.00010000000000000003	0.00010000000000000003	0.00010000000000000003	0.00010000000000000003	0.00010000000000000003	0.00010000000000000003
24	0.00010000000000000003	0.00010000000000000003	0.00010000000000000003	0.00010000000000000003	0.00010000000000000003	0.00010000000000000003	0.00010000000000000003	0.00010000000000000003	0.00010000000000000003	0.00010000000000000003	0.00010000000000000003	0.00010000000000000003	0.00010000000000000003	0.00010000000000000003	0.00010000000000000003	0.00010000000000000003
["TIDAL_RANGE","C5",*,*] :	1	2	3	4	5	6	7	8	9	10	11	12	13	14	15	16 := 
1	0.00010000000000000003	0.00010000000000000003	0.00010000000000000003	0.00010000000000000003	0.00010000000000000003	0.00010000000000000003	0.00010000000000000003	0.00010000000000000003	0.00010000000000000003	0.00010000000000000003	0.00010000000000000003	0.00010000000000000003	0.00010000000000000003	0.00010000000000000003	0.00010000000000000003	0.00010000000000000003
2	0.00010000000000000003	0.00010000000000000003	0.00010000000000000003	0.00010000000000000003	0.00010000000000000003	0.00010000000000000003	0.00010000000000000003	0.00010000000000000003	0.00010000000000000003	0.00010000000000000003	0.00010000000000000003	0.00010000000000000003	0.00010000000000000003	0.00010000000000000003	0.00010000000000000003	0.00010000000000000003
3	0.00010000000000000003	0.00010000000000000003	0.00010000000000000003	0.00010000000000000003	0.00010000000000000003	0.00010000000000000003	0.00010000000000000003	0.00010000000000000003	0.00010000000000000003	0.00010000000000000003	0.00010000000000000003	0.00010000000000000003	0.00010000000000000003	0.00010000000000000003	0.00010000000000000003	0.00010000000000000003
4	0.00010000000000000003	0.00010000000000000003	0.00010000000000000003	0.00010000000000000003	0.00010000000000000003	0.00010000000000000003	0.00010000000000000003	0.00010000000000000003	0.00010000000000000003	0.00010000000000000003	0.00010000000000000003	0.00010000000000000003	0.00010000000000000003	0.00010000000000000003	0.00010000000000000003	0.00010000000000000003
5	0.00010000000000000003	0.00010000000000000003	0.00010000000000000003	0.00010000000000000003	0.00010000000000000003	0.00010000000000000003	0.00010000000000000003	0.00010000000000000003	0.00010000000000000003	0.00010000000000000003	0.00010000000000000003	0.00010000000000000003	0.00010000000000000003	0.00010000000000000003	0.00010000000000000003	0.00010000000000000003
6	0.00010000000000000003	0.00010000000000000003	0.00010000000000000003	0.00010000000000000003	0.00010000000000000003	0.00010000000000000003	0.00010000000000000003	0.00010000000000000003	0.00010000000000000003	0.00010000000000000003	0.00010000000000000003	0.00010000000000000003	0.00010000000000000003	0.00010000000000000003	0.00010000000000000003	0.00010000000000000003
7	0.00010000000000000003	0.00010000000000000003	0.00010000000000000003	0.00010000000000000003	0.00010000000000000003	0.00010000000000000003	0.00010000000000000003	0.00010000000000000003	0.00010000000000000003	0.00010000000000000003	0.00010000000000000003	0.00010000000000000003	0.00010000000000000003	0.00010000000000000003	0.00010000000000000003	0.00010000000000000003
8	0.00010000000000000003	0.00010000000000000003	0.00010000000000000003	0.00010000000000000003	0.00010000000000000003	0.00010000000000000003	0.00010000000000000003	0.00010000000000000003	0.00010000000000000003	0.00010000000000000003	0.00010000000000000003	0.00010000000000000003	0.00010000000000000003	0.00010000000000000003	0.00010000000000000003	0.00010000000000000003
9	0.00010000000000000003	0.00010000000000000003	0.00010000000000000003	0.00010000000000000003	0.00010000000000000003	0.00010000000000000003	0.00010000000000000003	0.00010000000000000003	0.00010000000000000003	0.00010000000000000003	0.00010000000000000003	0.00010000000000000003	0.00010000000000000003	0.00010000000000000003	0.00010000000000000003	0.00010000000000000003
10	0.00010000000000000003	0.00010000000000000003	0.00010000000000000003	0.00010000000000000003	0.00010000000000000003	0.00010000000000000003	0.00010000000000000003	0.00010000000000000003	0.00010000000000000003	0.00010000000000000003	0.00010000000000000003	0.00010000000000000003	0.00010000000000000003	0.00010000000000000003	0.00010000000000000003	0.00010000000000000003
11	0.00010000000000000003	0.00010000000000000003	0.00010000000000000003	0.00010000000000000003	0.00010000000000000003	0.00010000000000000003	0.00010000000000000003	0.00010000000000000003	0.00010000000000000003	0.00010000000000000003	0.00010000000000000003	0.00010000000000000003	0.00010000000000000003	0.00010000000000000003	0.00010000000000000003	0.00010000000000000003
12	0.00010000000000000003	0.00010000000000000003	0.00010000000000000003	0.00010000000000000003	0.00010000000000000003	0.00010000000000000003	0.00010000000000000003	0.00010000000000000003	0.00010000000000000003	0.00010000000000000003	0.00010000000000000003	0.00010000000000000003	0.00010000000000000003	0.00010000000000000003	0.00010000000000000003	0.00010000000000000003
13	0.00010000000000000003	0.00010000000000000003	0.00010000000000000003	0.00010000000000000003	0.00010000000000000003	0.00010000000000000003	0.00010000000000000003	0.00010000000000000003	0.00010000000000000003	0.00010000000000000003	0.00010000000000000003	0.00010000000000000003	0.00010000000000000003	0.00010000000000000003	0.00010000000000000003	0.00010000000000000003
14	0.00010000000000000003	0.00010000000000000003	0.00010000000000000003	0.00010000000000000003	0.00010000000000000003	0.00010000000000000003	0.00010000000000000003	0.00010000000000000003	0.00010000000000000003	0.00010000000000000003	0.00010000000000000003	0.00010000000000000003	0.00010000000000000003	0.00010000000000000003	0.00010000000000000003	0.00010000000000000003
15	0.00010000000000000003	0.00010000000000000003	0.00010000000000000003	0.00010000000000000003	0.00010000000000000003	0.00010000000000000003	0.00010000000000000003	0.00010000000000000003	0.00010000000000000003	0.00010000000000000003	0.00010000000000000003	0.00010000000000000003	0.00010000000000000003	0.00010000000000000003	0.00010000000000000003	0.00010000000000000003
16	0.00010000000000000003	0.00010000000000000003	0.00010000000000000003	0.00010000000000000003	0.00010000000000000003	0.00010000000000000003	0.00010000000000000003	0.00010000000000000003	0.00010000000000000003	0.00010000000000000003	0.00010000000000000003	0.00010000000000000003	0.00010000000000000003	0.00010000000000000003	0.00010000000000000003	0.00010000000000000003
17	0.00010000000000000003	0.00010000000000000003	0.00010000000000000003	0.00010000000000000003	0.00010000000000000003	0.00010000000000000003	0.00010000000000000003	0.00010000000000000003	0.00010000000000000003	0.00010000000000000003	0.00010000000000000003	0.00010000000000000003	0.00010000000000000003	0.00010000000000000003	0.00010000000000000003	0.00010000000000000003
18	0.00010000000000000003	0.00010000000000000003	0.00010000000000000003	0.00010000000000000003	0.00010000000000000003	0.00010000000000000003	0.00010000000000000003	0.00010000000000000003	0.00010000000000000003	0.00010000000000000003	0.00010000000000000003	0.00010000000000000003	0.00010000000000000003	0.00010000000000000003	0.00010000000000000003	0.00010000000000000003
19	0.00010000000000000003	0.00010000000000000003	0.00010000000000000003	0.00010000000000000003	0.00010000000000000003	0.00010000000000000003	0.00010000000000000003	0.00010000000000000003	0.00010000000000000003	0.00010000000000000003	0.00010000000000000003	0.00010000000000000003	0.00010000000000000003	0.00010000000000000003	0.00010000000000000003	0.00010000000000000003
20	0.00010000000000000003	0.00010000000000000003	0.00010000000000000003	0.00010000000000000003	0.00010000000000000003	0.00010000000000000003	0.00010000000000000003	0.00010000000000000003	0.00010000000000000003	0.00010000000000000003	0.00010000000000000003	0.00010000000000000003	0.00010000000000000003	0.00010000000000000003	0.00010000000000000003	0.00010000000000000003
21	0.00010000000000000003	0.00010000000000000003	0.00010000000000000003	0.00010000000000000003	0.00010000000000000003	0.00010000000000000003	0.00010000000000000003	0.00010000000000000003	0.00010000000000000003	0.00010000000000000003	0.00010000000000000003	0.00010000000000000003	0.00010000000000000003	0.00010000000000000003	0.00010000000000000003	0.00010000000000000003
22	0.00010000000000000003	0.00010000000000000003	0.00010000000000000003	0.00010000000000000003	0.00010000000000000003	0.00010000000000000003	0.00010000000000000003	0.00010000000000000003	0.00010000000000000003	0.00010000000000000003	0.00010000000000000003	0.00010000000000000003	0.00010000000000000003	0.00010000000000000003	0.00010000000000000003	0.00010000000000000003
23	0.00010000000000000003	0.00010000000000000003	0.00010000000000000003	0.00010000000000000003	0.00010000000000000003	0.00010000000000000003	0.00010000000000000003	0.00010000000000000003	0.00010000000000000003	0.00010000000000000003	0.00010000000000000003	0.00010000000000000003	0.00010000000000000003	0.00010000000000000003	0.00010000000000000003	0.00010000000000000003
24	0.00010000000000000003	0.00010000000000000003	0.00010000000000000003	0.00010000000000000003	0.00010000000000000003	0.00010000000000000003	0.00010000000000000003	0.00010000000000000003	0.00010000000000000003	0.00010000000000000003	0.00010000000000000003	0.00010000000000000003	0.00010000000000000003	0.00010000000000000003	0.00010000000000000003	0.00010000000000000003
["DHN_SOLAR","C1",*,*] :	1	2	3	4	5	6	7	8	9	10	11	12	13	14	15	16 := 
1	0.0	0.0	0.0	0.0	0.0	0.0	0.0	0.0	0.0	0.0	0.0	0.0	0.0	0.0	0.0	0.0
2	0.0	0.0	0.0	0.0	0.0	0.0	0.0	0.0	0.0	0.0	0.0	0.0	0.0	0.0	0.0	0.0
3	0.0	0.0	0.0	0.0	0.0	0.0	0.0	0.0	0.0	0.0	0.0	0.0	0.0	0.0	0.0	0.0
4	0.0	0.0	0.0	0.0	0.0	0.0	0.0	0.0	0.0	0.0	0.0	0.0	0.0	0.0	0.0	0.0
5	0.0	0.0	0.0	0.0	0.0	0.0	0.0	0.0	0.0	0.0	0.0	0.0	0.0	0.0	0.0	0.0
6	0.0	0.0	0.0	0.0	0.0	0.0	0.0	0.0	0.0	0.0	0.0	0.0	0.0	0.0	0.0	0.0
7	0.0	0.0	0.0	0.0	0.0	0.0	0.0	0.0	0.0	0.0	0.0	0.0	0.0	0.0	0.0	0.0
8	0.0	0.0	0.0	0.0	0.0	0.0	0.0	0.0	0.0	0.0	0.0	0.0	0.0	0.0	0.0	0.0
9	0.0	0.0	0.0	0.0	0.0	0.0	0.0	0.0	0.0	0.0	0.0	0.0	0.0	0.0	0.0	0.0
10	0.0	0.0	0.0	0.0	0.0	0.0	0.0	0.0	0.0	0.0	0.0	0.0	0.0	0.0	0.0	0.0
11	0.0274561308323346	0.02498130339697483	0.023096422906873647	0.004713676092616103	0.009662347718426877	0.003181780524761308	0.0017678743459582297	0.0017678743459582297	0.003417759302864742	0.007070514138924155	0.014258034421991262	0.018500736203309262	0.01979665299306062	0.02368538660722347	0.02781009899948975	0.030284926434849518
12	0.12101974986052884	0.11736699502446943	0.13032911265670932	0.04254009097768788	0.16226392404846537	0.1110034339749468	0.1646207620947734	0.17051236558808913	0.2116375671420652	0.13563175244967526	0.16756656384143126	0.1518936399957282	0.10487585170352762	0.11560010392341995	0.1312720445242143	0.12785526846625833
13	0.27904195537258497	0.24710714398082892	0.2928290154832781	0.10947153840709202	0.3780262035827968	0.3052021694151682	0.4212732476498863	0.4269288723650985	0.45544592445398985	0.3409067417871266	0.3886314831687287	0.34950915149390555	0.22188986180575068	0.22648554850931504	0.28729039691220876	0.2850515482549524
14	0.4451936297903044	0.3823859115082578	0.44755046783661245	0.19785050703137205	0.5576119531889631	0.49397929242846317	0.6313789192240966	0.6327928254028998	0.6618988411921409	0.5296838648004216	0.5987381379878478	0.5445318461676715	0.35092305767270865	0.3259417542757338	0.45132121206172354	0.4378881201181856
15	0.5845971097099995	0.493625324261308	0.5713990132996561	0.2703215562767543	0.7050278958701786	0.635031674060156	0.7878682459233892	0.78174066365197	0.8175642086578889	0.678985671216647	0.7651257911836707	0.6961904906302049	0.4632233916823156	0.3947590654401479	0.5908426813704705	0.5579659213561182
16	0.6710902145992695	0.5458277629574227	0.6186527803699602	0.3187532507477579	0.7832725592198249	0.7197578878483767	0.8804899163289872	0.8725944597116099	0.9148985719111943	0.7443862063231051	0.8725944597116099	0.7800907786950635	0.5361654152389959	0.4374171458068875	0.6765108437812872	0.6310259343018503
17	0.7023180729016241	0.5540771877419554	0.629258059955892	0.34385254353378447	0.8251056971081111	0.7534595903411822	0.8941589870506287	0.8927450808718257	0.9462434363576917	0.7404974727089423	0.910773859518928	0.798002551198023	0.5583189062783647	0.451557190839827	0.6923017570160421	0.6415132244987305
18	0.6734470526455776	0.5095342268851146	0.5699851071208532	0.3338362276482025	0.8142644387440758	0.7241175957738377	0.8558615978542589	0.8520908536291477	0.9100669064295265	0.708563644562095	0.8753052659250731	0.7565233814768917	0.5213174338717461	0.4226871538286893	0.6370355271842177	0.5827112459749896
19	0.5775265955710754	0.4317605378467664	0.47265074386754774	0.3056731437264663	0.7328379948696684	0.6362105847057644	0.7297742037339587	0.755934417776542	0.8071939246051518	0.6014479609564023	0.7688965354087819	0.6544753421309703	0.45485696075364007	0.3414957054874764	0.5149548560671322	0.4839629765428811
20	0.40147561141191684	0.3068520543720747	0.36412115408305196	0.25217478824060013	0.5326306497919883	0.4794852792283685	0.5323946710138848	0.5900177388920173	0.645519947501945	0.4283427785439016	0.6063976158271218	0.4791313110612133	0.3486842090154523	0.2407445661762151	0.3682458664753182	0.359761446157591
21	0.26442995278343856	0.1986754495098253	0.25688846433321627	0.16839150631988453	0.36683097705160644	0.29035418804791835	0.3306554303683499	0.33760697187331357	0.43128956353546827	0.26466494831663323	0.3969979140974042	0.3068520543720747	0.22978531842312808	0.13834255866313844	0.23438100512669247	0.24380835731192466
22	0.1291511852560097	0.09674539955295554	0.12655836843159818	0.07270604477857692	0.1577862267339527	0.1198418224598292	0.12903319586695794	0.13551474630553229	0.16096702401380522	0.09827729512081033	0.16061403909155883	0.13044710204576104	0.11383222957746172	0.06127582271419182	0.1100614853523506	0.11277130832090504
23	0.027574120221386316	0.017675793724856004	0.021446537949967138	0.006834535360820721	0.009662347718426877	0.003417759302864742	0.0010609212565566909	0.0010609212565566909	0.0028278123576061564	0.005066661014862491	0.012726138854136468	0.018971710514607366	0.02203550165031696	0.011666200842488542	0.022742454739718497	0.020975563638669033
24	0.0	0.0	0.0	0.0	0.0	0.0	0.0	0.0	0.0	0.0	0.0	0.0	0.0	0.0	0.0	0.0
["DHN_SOLAR","C2",*,*] :	1	2	3	4	5	6	7	8	9	10	11	12	13	14	15	16 := 
1	0.0	0.0	0.0	0.0	0.0	0.0	0.0	0.0	0.0	0.0	0.0	0.0	0.0	0.0	0.0	0.0
2	0.0	0.0	0.0	0.0	0.0	0.0	0.0	0.0	0.0	0.0	0.0	0.0	0.0	0.0	0.0	0.0
3	0.0	0.0	0.0	0.0	0.0	0.0	0.0	0.0	0.0	0.0	0.0	0.0	0.0	0.0	0.0	0.0
4	0.0	0.0	0.0	0.0	0.0	0.0	0.0	0.0	0.0	0.0	0.0	0.0	0.0	0.0	0.0	0.0
5	0.0	0.0	0.0	0.0	0.0	0.0	0.0	0.0	0.0	0.0	0.0	0.0	0.0	0.0	0.0	0.0
6	0.0	0.0	0.0	0.0	0.0	0.0	0.0	0.0	0.0	0.0	0.0	0.0	0.0	0.0	0.0	0.0
7	0.0	0.0	0.0	0.0	0.0	0.0	0.0	0.0	0.0	0.0	0.0	0.0	0.0	0.0	0.0	0.0
8	0.0	0.0	0.0	0.0	0.0	0.0	0.0	0.0	0.0	0.0	0.0	0.0	0.0	0.0	0.0	0.0
9	0.0	0.0	0.0	0.0	0.0	0.0	0.0	0.0	0.0	0.0	0.0	0.0	0.0	0.0	0.0	0.0
10	0.0	0.0	0.0	0.0	0.0	0.0	0.0	0.0	0.0	0.0	0.0	0.0	0.0	0.0	0.0	0.0
11	0.026061519846886923	0.02287970542807077	0.021060675613822383	0.0054551057679204625	0.010606709287662077	0.004393839736706845	0.003485316666995001	0.003333565542905577	0.005605865054597537	0.007879156403701846	0.016515084753026113	0.019848650295931688	0.021818439396857153	0.022272700931713074	0.026212279133563998	0.02712179404068819
12	0.11697234522539995	0.10985095260473288	0.11560856878341984	0.048788482313455915	0.1477302152197602	0.10833542503866334	0.16576082753885588	0.1586394349181888	0.2125795207513863	0.12833582645868447	0.17318473057028944	0.1510637807626658	0.12227470803181864	0.11272926477537018	0.12288072069076399	0.11712310451207703
13	0.2589439524290609	0.22788357202393408	0.24621669475379623	0.12182044649696272	0.3366732585974534	0.2937931517493615	0.3957649479503925	0.3942504122217353	0.44440267097717134	0.31924865893730303	0.3821281753680037	0.3409153472100708	0.2601569695843639	0.2312161457294273	0.26076298224330924	0.25394410003340867
14	0.4089474589979254	0.3519763180325888	0.3787956016625105	0.19773072285110685	0.5053123983069465	0.47167621614194893	0.5837994682583738	0.5951629494916583	0.6401636047273527	0.5081917023149962	0.5771323371725626	0.5213742133625291	0.4019778175013477	0.3421273725279615	0.3992502646173875	0.3881892937948695
15	0.53304020500658	0.4598574815363962	0.49682822108171165	0.25561137872356765	0.6281941108351229	0.6021325909882359	0.7219832483842733	0.7389535865095676	0.7872878072881676	0.672134491877016	0.7303176581602433	0.6577399555115925	0.5227369979670968	0.41015948431581606	0.5106157529507775	0.49940402284158253
16	0.6160728658188036	0.5056159005551254	0.5575861972873974	0.31924865893730303	0.6959227203747986	0.6942554416846396	0.7883490733193812	0.8227430192674136	0.8774408688836458	0.7594082494644446	0.8235007830504483	0.7321356961370793	0.6009205656703452	0.4454629451709726	0.5834959660101949	0.5681929065750595
17	0.6471342380613427	0.516070858718698	0.5936474219255887	0.3509160438387875	0.71865067467878	0.7327417087960247	0.7951669636918693	0.8459252351062507	0.9042601525135675	0.7733485242950122	0.8518346024090272	0.7516808441848322	0.6234967688502372	0.45243258666755026	0.5998602914765441	0.5975870001274396
18	0.6119815364928632	0.4922826302209154	0.5904656075067726	0.34334038968326447	0.7050139020963911	0.6951649565917639	0.757741962611698	0.8089554873983477	0.8594102565645502	0.7336502318657365	0.8085002340260794	0.6997105474525601	0.5841019786691403	0.4177351384713391	0.55334410867478	0.5687989192340048
19	0.5301618928359428	0.4177351384713391	0.5086459638498521	0.3003085317110832	0.6245580348814508	0.5909208608790408	0.6200124440206545	0.7039526360651776	0.7591057390536781	0.6051636461203751	0.6989527836695254	0.5675868939161143	0.49440317860851796	0.3381887861635229	0.4612212579783763	0.48213018246810924
20	0.38303769027512785	0.30758167545583975	0.3962202013226607	0.2312161457294273	0.4595539792882174	0.4281900966349117	0.4487965107138782	0.520161196207226	0.6025878443605042	0.43470547659663344	0.520161196207226	0.4081896952148906	0.37121895566957513	0.24076258082328814	0.3292483637286074	0.3606132382193254
21	0.24318663145906952	0.2034883390297938	0.2578836782352596	0.1447001519250335	0.2818236578571316	0.22939810775259128	0.27682380546147944	0.3072791650450732	0.3930383869038446	0.25394410003340867	0.32485452399190057	0.26500507085592667	0.23379194748929813	0.1497000043206857	0.2081856810146795	0.23439895198565583
22	0.11636633256645461	0.09909249219298137	0.11621458144236518	0.06181924223689938	0.11985065739603726	0.08469894766497015	0.0992442433170708	0.10788116350380741	0.15515411825119377	0.09348662713838385	0.12924534136580865	0.11545681765933041	0.10621388481364845	0.06939489639242238	0.09439614204550803	0.1053053617439366
23	0.021515928986090654	0.015606561683314268	0.017272848536060884	0.005757616178686961	0.006363628837632307	0.002121540225014885	0.0007577637830347697	0.0007577637830347697	0.0019697891009254616	0.004091329325940347	0.009393692132359037	0.014848797900279499	0.01787886119500623	0.012121245016319266	0.018030612319095654	0.017424599660150305
24	0.0	0.0	0.0	0.0	0.0	0.0	0.0	0.0	0.0	0.0	0.0	0.0	0.0	0.0	0.0	0.0
["DHN_SOLAR","C3",*,*] :	1	2	3	4	5	6	7	8	9	10	11	12	13	14	15	16 := 
1	0.0	0.0	0.0	0.0	0.0	0.0	0.0	0.0	0.0	0.0	0.0	0.0	0.0	0.0	0.0	0.0
2	0.0	0.0	0.0	0.0	0.0	0.0	0.0	0.0	0.0	0.0	0.0	0.0	0.0	0.0	0.0	0.0
3	0.0	0.0	0.0	0.0	0.0	0.0	0.0	0.0	0.0	0.0	0.0	0.0	0.0	0.0	0.0	0.0
4	0.0	0.0	0.0	0.0	0.0	0.0	0.0	0.0	0.0	0.0	0.0	0.0	0.0	0.0	0.0	0.0
5	0.0	0.0	0.0	0.0	0.0	0.0	0.0	0.0	0.0	0.0	0.0	0.0	0.0	0.0	0.0	0.0
6	0.0	0.0	0.0	0.0	0.0	0.0	0.0	0.0	0.0	0.0	0.0	0.0	0.0	0.0	0.0	0.0
7	0.0	0.0	0.0	0.0	0.0	0.0	0.0	0.0	0.0	0.0	0.0	0.0	0.0	0.0	0.0	0.0
8	0.0	0.0	0.0	0.0	0.0	0.0	0.0	0.0	0.0	0.0	0.0	0.0	0.0	0.0	0.0	0.0
9	0.0	0.0	0.0	0.0	0.0	0.0	0.0	0.0	0.0	0.0	0.0	0.0	0.0	0.0	0.0	0.0
10	0.0	0.0	0.0	0.0	0.0	0.0	0.0	0.0	0.0	0.0	0.0	0.0	0.0	0.0	0.0	0.0
11	0.019225086157586918	0.012496158351879878	0.012496158351879878	0.004806517623649425	0.002884107441591811	0.0009616972595341978	0.0	0.0	0.0009616972595341978	0.002884107441591811	0.006728927805707038	0.011535445429356464	0.00576723054617284	0.0182643732350635	0.019225086157586918	0.019225086157586918
12	0.09612641512494538	0.09708811238447956	0.10958427073635944	0.07593963170782425	0.11246837817795126	0.11631319854206648	0.12592623378936532	0.14707373012900984	0.18264077933960265	0.1336158745175958	0.14803542738854406	0.137460694881711	0.05767624280977153	0.1182356087241241	0.11342909110047468	0.10766186055430182
13	0.26530933885313396	0.23070398690207536	0.27203826665884095	0.19417622476895913	0.308567013128968	0.3325986169102043	0.3758553068490276	0.4046934282539134	0.4354539598408568	0.3604750410555559	0.3748936095894934	0.33355932983272774	0.17302774409230381	0.24127773507189762	0.27299996391837517	0.26434862593061054
14	0.4431436005690872	0.3537461132498489	0.4018093208123215	0.27203826665884095	0.4969750230147435	0.5229290369780375	0.5921397408801548	0.6229002724670981	0.6536608040540415	0.5623409065527455	0.5950238483217465	0.5200449295364457	0.2931867473354963	0.34317236508002663	0.439298780204972	0.4287250320351497
15	0.599830365945396	0.4652527941682659	0.4960133257552093	0.31817906403925605	0.7401751682686987	0.6680803569249897	0.7757422174792915	0.7747805202197573	0.8209213176001724	0.724794902475227	0.7670908794915269	0.685383032900519	0.4046934282539134	0.4037317309943792	0.5757987621641595	0.567147424176395
16	0.708453923759232	0.5604184963706879	0.5488830509413315	0.3460564725216184	0.8545659566287076	0.7651684693094694	0.8757134529683521	0.8737910427862945	0.9285831781544742	0.7882383758311714	0.8814816678515357	0.7815094480254644	0.44122119038702956	0.439298780204972	0.6488552707674028	0.6488552707674028
17	0.7488265062564634	0.6190554521029827	0.593101438139689	0.32586968910449726	0.898784343827065	0.7978514110784702	0.8959002363854732	0.9026291641911803	0.970879155170774	0.819960604677649	0.9257000550498932	0.8122699796124078	0.4517949385568519	0.41238306898214383	0.652700091131518	0.671925177289105
18	0.6978791912523988	0.6094434011926948	0.5757987621641595	0.3076053158694338	0.8709079196817135	0.7699749869331187	0.8670621149805874	0.8709079196817135	0.9439634439479458	0.7930448934548209	0.8939778262034156	0.780548735102941	0.4094999458775628	0.3604750410555559	0.6046368835690453	0.6267460771682241
19	0.5844501001519242	0.5440765333176819	0.4931302026506283	0.2595421083069611	0.7757422174792915	0.6911502634466918	0.7430592757102905	0.7709356998556421	0.8497594390050581	0.7074922264996978	0.787277662908648	0.701724995953525	0.3460564725216184	0.30183808532326095	0.5200449295364457	0.5488830509413315
20	0.43737637002291435	0.4268026218530921	0.3931579828245569	0.19705934787354018	0.557534388929096	0.5459999278367503	0.5267738573421527	0.5527278713054466	0.6940343708882837	0.5546512658245151	0.6296292002728051	0.5498447482008656	0.26530933885313396	0.22301336183683412	0.40853824861802857	0.4268026218530921
21	0.2681934462947258	0.27396067684089864	0.2941474602580197	0.12208042908823932	0.4056541411764368	0.34605548818460763	0.35470781050938305	0.3643198614196711	0.48640127484492124	0.30952772605149137	0.4181512838653274	0.3643198614196711	0.1768735487934298	0.14803542738854406	0.27396067684089864	0.2835737120881975
22	0.14034480232330285	0.13457757177712998	0.1566867653763087	0.06440517061547857	0.1893697071453097	0.14418962268741806	0.14707373012900984	0.17302774409230381	0.22781987946048354	0.13073176707600398	0.20859479330289663	0.1538026579347169	0.09420400494288775	0.07401722152576663	0.14418962268741806	0.14034480232330285
23	0.038450172315173836	0.03076053158694338	0.032682941769000995	0.00961303524729885	0.019225086157586918	0.008651337987764652	0.00576723054617284	0.00576723054617284	0.010573748169822265	0.012496158351879878	0.023070890858712927	0.02787642414535157	0.022109193599178727	0.017302675975529303	0.034605351951058606	0.03364463902853519
24	0.0	0.0	0.0	0.0	0.0	0.0	0.0	0.0	0.0	0.0	0.0	0.0	0.0	0.0	0.0	0.0
["DHN_SOLAR","C4",*,*] :	1	2	3	4	5	6	7	8	9	10	11	12	13	14	15	16 := 
1	0.0	0.0	0.0	0.0	0.0	0.0	0.0	0.0	0.0	0.0	0.0	0.0	0.0	0.0	0.0	0.0
2	0.0	0.0	0.0	0.0	0.0	0.0	0.0	0.0	0.0	0.0	0.0	0.0	0.0	0.0	0.0	0.0
3	0.0	0.0	0.0	0.0	0.0	0.0	0.0	0.0	0.0	0.0	0.0	0.0	0.0	0.0	0.0	0.0
4	0.0	0.0	0.0	0.0	0.0	0.0	0.0	0.0	0.0	0.0	0.0	0.0	0.0	0.0	0.0	0.0
5	0.0	0.0	0.0	0.0	0.0	0.0	0.0	0.0	0.0	0.0	0.0	0.0	0.0	0.0	0.0	0.0
6	0.0	0.0	0.0	0.0	0.0	0.0	0.0	0.0	0.0	0.0	0.0	0.0	0.0	0.0	0.0	0.0
7	0.0	0.0	0.0	0.0	0.0	0.0	0.0	0.0	0.0	0.0	0.0	0.0	0.0	0.0	0.0	0.0
8	0.0	0.0	0.0	0.0	0.0	0.0	0.0	0.0	0.0	0.0	0.0	0.0	0.0	0.0	0.0	0.0
9	0.0	0.0	0.0	0.0	0.0	0.0	0.0	0.0	0.0	0.0	0.0	0.0	0.0	0.0	0.0	0.0
10	0.0	0.0	0.0	0.0	0.0	0.0	0.0	0.0	0.0	0.0	0.0	0.0	0.0	0.0	0.0	0.0
11	0.029996895376231656	0.029527898900111833	0.023434919256961926	0.00796797191102725	0.01077996349454229	0.007029978958787603	0.004686983851392385	0.004686983851392385	0.00796797191102725	0.01077996349454229	0.019216931881689363	0.02015393119732706	0.022965922780842106	0.023434919256961926	0.028590899584474135	0.03140289116798917
12	0.1279545597793519	0.12279857945183972	0.11342461174905495	0.06749276618737074	0.12279857945183972	0.1213925836600822	0.15888845447122127	0.15607546925110427	0.22263123612283733	0.12654757035099246	0.1720114130731588	0.13920252611341208	0.11436161106469264	0.10686263562978522	0.12982855841062732	0.1284225626188698
13	0.25965811045785664	0.2549711266064642	0.23903518278440972	0.15232647835195154	0.28215503676257886	0.30137196864426824	0.3763637102665464	0.3847996850170915	0.4611974224311272	0.3060589524956606	0.37823770889782177	0.2990279799002711	0.22638022702199007	0.21747525579532512	0.2741870648515516	0.26434509430924896
14	0.3937046562437565	0.3904246618207236	0.35761577486097684	0.2591891139817368	0.424170548096108	0.45135445825222265	0.5652480664773974	0.6083679204555665	0.6641427301961553	0.48603833747984665	0.568998051013152	0.4715083894495497	0.36323975802800695	0.32340089210947265	0.418077568452958	0.39276765692811877
15	0.5066612651532935	0.4958813016587512	0.4729143852413072	0.3693327376711568	0.5450941352800703	0.5455631317561902	0.6978886164715398	0.7597573994918805	0.8136572169645919	0.6364898235639208	0.717105548353229	0.6332088355042861	0.4836943487358495	0.4016726281547837	0.5263461998745008	0.4902563248551192
16	0.5849330011986046	0.5469691275479476	0.5319701830415309	0.4518234547283424	0.6102429127234439	0.6008689450206591	0.757882407224003	0.8155322092324692	0.9013029207126877	0.7199175399367441	0.8024082569939298	0.723198527996379	0.5483751233397052	0.45885343368713	0.5947759653775092	0.5413441507443156
17	0.6299278474446511	0.5450941352800703	0.5497811191314627	0.48088235715233446	0.659455746344763	0.6341468284565256	0.7597573994918805	0.8464661039243385	0.9228638413383742	0.7077315806504444	0.8183442008159842	0.7363224802349184	0.5924319766335121	0.4724463824017893	0.6060249253481713	0.534314171785528
18	0.6397708116235558	0.5099422532129284	0.5038482799331766	0.4658844062825196	0.6482067863741009	0.5985249562766619	0.6978886164715398	0.8216251888756192	0.8825559789437201	0.6782036817503325	0.7663183819745482	0.6988266094237794	0.5619670784177625	0.44432447929343505	0.5675910615847927	0.487913329747724
19	0.5699350503287898	0.4321385200071352	0.4438554828173152	0.3955796485116338	0.5610300791021248	0.4921313171229965	0.6003999485445394	0.7367904830744363	0.7761613461534528	0.5943069689013895	0.6585187470291253	0.589619985049997	0.4804143543128166	0.3918306576124811	0.4644784104907621	0.4185455712924759
20	0.4307325242153777	0.30512095954342094	0.33089986754438006	0.2985599770607532	0.40776560779793364	0.33464885844353276	0.43026352773925786	0.5830580089307272	0.6064929281876892	0.4696343908182743	0.49353731291475406	0.41901456776859575	0.3552717861169797	0.2957479854772382	0.32574388721686787	0.3154329201984454
21	0.2657510901010065	0.19591532880624055	0.22403723191459485	0.19544633233012074	0.24700315469543696	0.16873042501352392	0.25403313365422453	0.3243378914251103	0.3777697060583039	0.2868420206139713	0.29809098058463335	0.26481309714876683	0.22075624385495998	0.16544943695388906	0.20060231265763293	0.2057572993485432
22	0.11904859491608503	0.08952069601597319	0.10311364473063249	0.08014672831318842	0.08436570932506293	0.052493821680953935	0.08952069601597319	0.11295561527293513	0.1274855633032321	0.0937396770278477	0.11858059207656715	0.1063936391536654	0.09420767986736558	0.07077276061040365	0.08530270864070062	0.09748866792700045
23	0.019216931881689363	0.012654955762419637	0.012654955762419637	0.0051559803275122084	0.0028119915835150416	0.00046899647611982315	0.0	0.0	0.00046899647611982315	0.002342995107395218	0.006092979643149907	0.01171696281017999	0.01452994803029698	0.01031096701842247	0.013591955078057332	0.0159359438220545
24	0.0	0.0	0.0	0.0	0.0	0.0	0.0	0.0	0.0	0.0	0.0	0.0	0.0	0.0	0.0	0.0
["DHN_SOLAR","C5",*,*] :	1	2	3	4	5	6	7	8	9	10	11	12	13	14	15	16 := 
1	0.0	0.0	0.0	0.0	0.0	0.0	0.0	0.0	0.0	0.0	0.0	0.0	0.0	0.0	0.0	0.0
2	0.0	0.0	0.0	0.0	0.0	0.0	0.0	0.0	0.0	0.0	0.0	0.0	0.0	0.0	0.0	0.0
3	0.0	0.0	0.0	0.0	0.0	0.0	0.0	0.0	0.0	0.0	0.0	0.0	0.0	0.0	0.0	0.0
4	0.0	0.0	0.0	0.0	0.0	0.0	0.0	0.0	0.0	0.0	0.0	0.0	0.0	0.0	0.0	0.0
5	0.0	0.0	0.0	0.0	0.0	0.0	0.0	0.0	0.0	0.0	0.0	0.0	0.0	0.0	0.0	0.0
6	0.0	0.0	0.0	0.0	0.0	0.0	0.0	0.0	0.0	0.0	0.0	0.0	0.0	0.0	0.0	0.0
7	0.0	0.0	0.0	0.0	0.0	0.0	0.0	0.0	0.0	0.0	0.0	0.0	0.0	0.0	0.0	0.0
8	0.0	0.0	0.0	0.0	0.0	0.0	0.0	0.0	0.0	0.0	0.0	0.0	0.0	0.0	0.0	0.0
9	0.0	0.0	0.0	0.0	0.0	0.0	0.0	0.0	0.0	0.0	0.0	0.0	0.0	0.0	0.0	0.0
10	0.0	0.0	0.0	0.0	0.0	0.0	0.0	0.0	0.0	0.0	0.0	0.0	0.0	0.0	0.0	0.0
11	0.019167246343958836	0.01820858875234869	0.01725091540877922	0.005749977053579517	0.005749977053579517	0.0009586575916101421	0.0	0.0	0.0009586575916101421	0.0047923037100100424	0.009583623171979418	0.013417269290379319	0.009583623171979418	0.022042234870748596	0.023000892462358737	0.023000892462358737
12	0.11308813137661407	0.1063794967314244	0.1207544393653732	0.06421135792510684	0.14471398941934208	0.09392088503265522	0.1504639664729216	0.15717260111811124	0.1974244089892492	0.1399226699573727	0.16579855094652118	0.14758897794613182	0.08529493520424529	0.1265054006669934	0.11596311990340381	0.11500446231179369
13	0.2702607324947253	0.23959254779556677	0.28847030549511465	0.16483989335491103	0.37376524069935996	0.2702607324947253	0.410183402452098	0.41784971044085717	0.44755923754840554	0.3613066290005908	0.3929324870433188	0.3478893597102115	0.2223426166348282	0.2482184976239767	0.27984435566670474	0.2712193900863355
14	0.4427679180864361	0.3785565601613293	0.4264756602692671	0.2606771093227459	0.5865232499141682	0.4466015642048361	0.6258173844417365	0.6325250348388856	0.6603182310112543	0.5644810150434195	0.6047328229145575	0.5280628532906815	0.3574729828821909	0.34693070211860133	0.45043521032323597	0.42743431786087727
15	0.6085664690329574	0.5136869264086921	0.538605134054271	0.31051254036586323	0.7561554469790892	0.5740646382153989	0.7916149511402171	0.7887399626134274	0.8241994667745552	0.7168622966995614	0.775322693323048	0.6881114271836231	0.46481015295718475	0.4264756602692671	0.6056914805061676	0.5568137228066198
16	0.7159036391079513	0.5846069189789885	0.6018578343877676	0.33159710189304237	0.8548676514737138	0.6727768427100236	0.8893694822912723	0.8702022359473135	0.9286626325708	0.7781976818498378	0.8855358361728722	0.7734063623878684	0.5041033032367126	0.44947655273162584	0.6957777351723823	0.6392336694840752
17	0.7551967893874791	0.5980241882693678	0.6401923270756853	0.31338752889265303	0.8979944478716415	0.7408218467535302	0.8941608017532416	0.8960781169364619	0.9669971252587177	0.8098245241406065	0.9257876440440103	0.7973659124418373	0.5357301455274812	0.45714384496842564	0.7072786735275819	0.6689431965916236
18	0.7139873081727717	0.5596896955814501	0.5980241882693678	0.2932616249570841	0.8654099322373034	0.7331545545167305	0.8634936013021237	0.8596599551837238	0.9363299248075999	0.7743650199794785	0.8951194593448517	0.7647804125594585	0.4791860798391742	0.4111420600437081	0.6373173385488956	0.6344423500221058
19	0.615275103678147	0.4734361027855947	0.49260334912955356	0.2836780017851046	0.7743650199794785	0.6823604658820029	0.7551967893874791	0.7657390701510686	0.8376167360649345	0.6861941120004028	0.7896986202050374	0.6737355003016336	0.4025161102152982	0.3047625633122838	0.5242292071722815	0.5366888031190914
20	0.4264756602692671	0.3143461864842632	0.3574729828821909	0.22905125128001788	0.5778982843337988	0.5731059806237887	0.6028155077313372	0.5874819075057782	0.6794854773552131	0.5146455840003021	0.6306087039037059	0.5251878647638917	0.29901160201066357	0.21467532439802842	0.3890988409249189	0.4120997333872776
21	0.28655299031189435	0.22330028997839768	0.2386348744519973	0.15621492777454177	0.39197382945170867	0.3459720445269912	0.3277634557746425	0.3047625633122838	0.4696024566671948	0.2779280247315251	0.42360067174247734	0.3411807250650218	0.1840071396988699	0.1341717086557525	0.2712193900863355	0.27696936713991493
22	0.14375533182773192	0.11596311990340381	0.12267175454859347	0.076669969623876	0.1859244548820902	0.16100624723651116	0.1341717086557525	0.13513036624736266	0.2127589934628488	0.12267175454859347	0.17346485893528032	0.1399226699573727	0.09008723891425532	0.0651690312686763	0.13513036624736266	0.13704768143058293
23	0.03545950416112791	0.023959550053968878	0.028750869515938252	0.009583623171979418	0.016292257817169076	0.006708634645189659	0.0028749885267897587	0.0028749885267897587	0.006708634645189659	0.008624965580369275	0.01820858875234869	0.023959550053968878	0.019167246343958836	0.01437592688198946	0.0335431732259483	0.027793196172368778
24	0.0	0.0	0.0	0.0	0.0	0.0	0.0	0.0	0.0	0.0	0.0	0.0	0.0	0.0	0.0	0.0
["DEC_SOLAR","C1",*,*] :	1	2	3	4	5	6	7	8	9	10	11	12	13	14	15	16 := 
1	0.0	0.0	0.0	0.0	0.0	0.0	0.0	0.0	0.0	0.0	0.0	0.0	0.0	0.0	0.0	0.0
2	0.0	0.0	0.0	0.0	0.0	0.0	0.0	0.0	0.0	0.0	0.0	0.0	0.0	0.0	0.0	0.0
3	0.0	0.0	0.0	0.0	0.0	0.0	0.0	0.0	0.0	0.0	0.0	0.0	0.0	0.0	0.0	0.0
4	0.0	0.0	0.0	0.0	0.0	0.0	0.0	0.0	0.0	0.0	0.0	0.0	0.0	0.0	0.0	0.0
5	0.0	0.0	0.0	0.0	0.0	0.0	0.0	0.0	0.0	0.0	0.0	0.0	0.0	0.0	0.0	0.0
6	0.0	0.0	0.0	0.0	0.0	0.0	0.0	0.0	0.0	0.0	0.0	0.0	0.0	0.0	0.0	0.0
7	0.0	0.0	0.0	0.0	0.0	0.0	0.0	0.0	0.0	0.0	0.0	0.0	0.0	0.0	0.0	0.0
8	0.0	0.0	0.0	0.0	0.0	0.0	0.0	0.0	0.0	0.0	0.0	0.0	0.0	0.0	0.0	0.0
9	0.0	0.0	0.0	0.0	0.0	0.0	0.0	0.0	0.0	0.0	0.0	0.0	0.0	0.0	0.0	0.0
10	0.0	0.0	0.0	0.0	0.0	0.0	0.0	0.0	0.0	0.0	0.0	0.0	0.0	0.0	0.0	0.0
11	0.0274561308323346	0.02498130339697483	0.023096422906873647	0.004713676092616103	0.009662347718426877	0.003181780524761308	0.0017678743459582297	0.0017678743459582297	0.003417759302864742	0.007070514138924155	0.014258034421991262	0.018500736203309262	0.01979665299306062	0.02368538660722347	0.02781009899948975	0.030284926434849518
12	0.12101974986052884	0.11736699502446943	0.13032911265670932	0.04254009097768788	0.16226392404846537	0.1110034339749468	0.1646207620947734	0.17051236558808913	0.2116375671420652	0.13563175244967526	0.16756656384143126	0.1518936399957282	0.10487585170352762	0.11560010392341995	0.1312720445242143	0.12785526846625833
13	0.27904195537258497	0.24710714398082892	0.2928290154832781	0.10947153840709202	0.3780262035827968	0.3052021694151682	0.4212732476498863	0.4269288723650985	0.45544592445398985	0.3409067417871266	0.3886314831687287	0.34950915149390555	0.22188986180575068	0.22648554850931504	0.28729039691220876	0.2850515482549524
14	0.4451936297903044	0.3823859115082578	0.44755046783661245	0.19785050703137205	0.5576119531889631	0.49397929242846317	0.6313789192240966	0.6327928254028998	0.6618988411921409	0.5296838648004216	0.5987381379878478	0.5445318461676715	0.35092305767270865	0.3259417542757338	0.45132121206172354	0.4378881201181856
15	0.5845971097099995	0.493625324261308	0.5713990132996561	0.2703215562767543	0.7050278958701786	0.635031674060156	0.7878682459233892	0.78174066365197	0.8175642086578889	0.678985671216647	0.7651257911836707	0.6961904906302049	0.4632233916823156	0.3947590654401479	0.5908426813704705	0.5579659213561182
16	0.6710902145992695	0.5458277629574227	0.6186527803699602	0.3187532507477579	0.7832725592198249	0.7197578878483767	0.8804899163289872	0.8725944597116099	0.9148985719111943	0.7443862063231051	0.8725944597116099	0.7800907786950635	0.5361654152389959	0.4374171458068875	0.6765108437812872	0.6310259343018503
17	0.7023180729016241	0.5540771877419554	0.629258059955892	0.34385254353378447	0.8251056971081111	0.7534595903411822	0.8941589870506287	0.8927450808718257	0.9462434363576917	0.7404974727089423	0.910773859518928	0.798002551198023	0.5583189062783647	0.451557190839827	0.6923017570160421	0.6415132244987305
18	0.6734470526455776	0.5095342268851146	0.5699851071208532	0.3338362276482025	0.8142644387440758	0.7241175957738377	0.8558615978542589	0.8520908536291477	0.9100669064295265	0.708563644562095	0.8753052659250731	0.7565233814768917	0.5213174338717461	0.4226871538286893	0.6370355271842177	0.5827112459749896
19	0.5775265955710754	0.4317605378467664	0.47265074386754774	0.3056731437264663	0.7328379948696684	0.6362105847057644	0.7297742037339587	0.755934417776542	0.8071939246051518	0.6014479609564023	0.7688965354087819	0.6544753421309703	0.45485696075364007	0.3414957054874764	0.5149548560671322	0.4839629765428811
20	0.40147561141191684	0.3068520543720747	0.36412115408305196	0.25217478824060013	0.5326306497919883	0.4794852792283685	0.5323946710138848	0.5900177388920173	0.645519947501945	0.4283427785439016	0.6063976158271218	0.4791313110612133	0.3486842090154523	0.2407445661762151	0.3682458664753182	0.359761446157591
21	0.26442995278343856	0.1986754495098253	0.25688846433321627	0.16839150631988453	0.36683097705160644	0.29035418804791835	0.3306554303683499	0.33760697187331357	0.43128956353546827	0.26466494831663323	0.3969979140974042	0.3068520543720747	0.22978531842312808	0.13834255866313844	0.23438100512669247	0.24380835731192466
22	0.1291511852560097	0.09674539955295554	0.12655836843159818	0.07270604477857692	0.1577862267339527	0.1198418224598292	0.12903319586695794	0.13551474630553229	0.16096702401380522	0.09827729512081033	0.16061403909155883	0.13044710204576104	0.11383222957746172	0.06127582271419182	0.1100614853523506	0.11277130832090504
23	0.027574120221386316	0.017675793724856004	0.021446537949967138	0.006834535360820721	0.009662347718426877	0.003417759302864742	0.0010609212565566909	0.0010609212565566909	0.0028278123576061564	0.005066661014862491	0.012726138854136468	0.018971710514607366	0.02203550165031696	0.011666200842488542	0.022742454739718497	0.020975563638669033
24	0.0	0.0	0.0	0.0	0.0	0.0	0.0	0.0	0.0	0.0	0.0	0.0	0.0	0.0	0.0	0.0
["DEC_SOLAR","C2",*,*] :	1	2	3	4	5	6	7	8	9	10	11	12	13	14	15	16 := 
1	0.0	0.0	0.0	0.0	0.0	0.0	0.0	0.0	0.0	0.0	0.0	0.0	0.0	0.0	0.0	0.0
2	0.0	0.0	0.0	0.0	0.0	0.0	0.0	0.0	0.0	0.0	0.0	0.0	0.0	0.0	0.0	0.0
3	0.0	0.0	0.0	0.0	0.0	0.0	0.0	0.0	0.0	0.0	0.0	0.0	0.0	0.0	0.0	0.0
4	0.0	0.0	0.0	0.0	0.0	0.0	0.0	0.0	0.0	0.0	0.0	0.0	0.0	0.0	0.0	0.0
5	0.0	0.0	0.0	0.0	0.0	0.0	0.0	0.0	0.0	0.0	0.0	0.0	0.0	0.0	0.0	0.0
6	0.0	0.0	0.0	0.0	0.0	0.0	0.0	0.0	0.0	0.0	0.0	0.0	0.0	0.0	0.0	0.0
7	0.0	0.0	0.0	0.0	0.0	0.0	0.0	0.0	0.0	0.0	0.0	0.0	0.0	0.0	0.0	0.0
8	0.0	0.0	0.0	0.0	0.0	0.0	0.0	0.0	0.0	0.0	0.0	0.0	0.0	0.0	0.0	0.0
9	0.0	0.0	0.0	0.0	0.0	0.0	0.0	0.0	0.0	0.0	0.0	0.0	0.0	0.0	0.0	0.0
10	0.0	0.0	0.0	0.0	0.0	0.0	0.0	0.0	0.0	0.0	0.0	0.0	0.0	0.0	0.0	0.0
11	0.026061519846886923	0.02287970542807077	0.021060675613822383	0.0054551057679204625	0.010606709287662077	0.004393839736706845	0.003485316666995001	0.003333565542905577	0.005605865054597537	0.007879156403701846	0.016515084753026113	0.019848650295931688	0.021818439396857153	0.022272700931713074	0.026212279133563998	0.02712179404068819
12	0.11697234522539995	0.10985095260473288	0.11560856878341984	0.048788482313455915	0.1477302152197602	0.10833542503866334	0.16576082753885588	0.1586394349181888	0.2125795207513863	0.12833582645868447	0.17318473057028944	0.1510637807626658	0.12227470803181864	0.11272926477537018	0.12288072069076399	0.11712310451207703
13	0.2589439524290609	0.22788357202393408	0.24621669475379623	0.12182044649696272	0.3366732585974534	0.2937931517493615	0.3957649479503925	0.3942504122217353	0.44440267097717134	0.31924865893730303	0.3821281753680037	0.3409153472100708	0.2601569695843639	0.2312161457294273	0.26076298224330924	0.25394410003340867
14	0.4089474589979254	0.3519763180325888	0.3787956016625105	0.19773072285110685	0.5053123983069465	0.47167621614194893	0.5837994682583738	0.5951629494916583	0.6401636047273527	0.5081917023149962	0.5771323371725626	0.5213742133625291	0.4019778175013477	0.3421273725279615	0.3992502646173875	0.3881892937948695
15	0.53304020500658	0.4598574815363962	0.49682822108171165	0.25561137872356765	0.6281941108351229	0.6021325909882359	0.7219832483842733	0.7389535865095676	0.7872878072881676	0.672134491877016	0.7303176581602433	0.6577399555115925	0.5227369979670968	0.41015948431581606	0.5106157529507775	0.49940402284158253
16	0.6160728658188036	0.5056159005551254	0.5575861972873974	0.31924865893730303	0.6959227203747986	0.6942554416846396	0.7883490733193812	0.8227430192674136	0.8774408688836458	0.7594082494644446	0.8235007830504483	0.7321356961370793	0.6009205656703452	0.4454629451709726	0.5834959660101949	0.5681929065750595
17	0.6471342380613427	0.516070858718698	0.5936474219255887	0.3509160438387875	0.71865067467878	0.7327417087960247	0.7951669636918693	0.8459252351062507	0.9042601525135675	0.7733485242950122	0.8518346024090272	0.7516808441848322	0.6234967688502372	0.45243258666755026	0.5998602914765441	0.5975870001274396
18	0.6119815364928632	0.4922826302209154	0.5904656075067726	0.34334038968326447	0.7050139020963911	0.6951649565917639	0.757741962611698	0.8089554873983477	0.8594102565645502	0.7336502318657365	0.8085002340260794	0.6997105474525601	0.5841019786691403	0.4177351384713391	0.55334410867478	0.5687989192340048
19	0.5301618928359428	0.4177351384713391	0.5086459638498521	0.3003085317110832	0.6245580348814508	0.5909208608790408	0.6200124440206545	0.7039526360651776	0.7591057390536781	0.6051636461203751	0.6989527836695254	0.5675868939161143	0.49440317860851796	0.3381887861635229	0.4612212579783763	0.48213018246810924
20	0.38303769027512785	0.30758167545583975	0.3962202013226607	0.2312161457294273	0.4595539792882174	0.4281900966349117	0.4487965107138782	0.520161196207226	0.6025878443605042	0.43470547659663344	0.520161196207226	0.4081896952148906	0.37121895566957513	0.24076258082328814	0.3292483637286074	0.3606132382193254
21	0.24318663145906952	0.2034883390297938	0.2578836782352596	0.1447001519250335	0.2818236578571316	0.22939810775259128	0.27682380546147944	0.3072791650450732	0.3930383869038446	0.25394410003340867	0.32485452399190057	0.26500507085592667	0.23379194748929813	0.1497000043206857	0.2081856810146795	0.23439895198565583
22	0.11636633256645461	0.09909249219298137	0.11621458144236518	0.06181924223689938	0.11985065739603726	0.08469894766497015	0.0992442433170708	0.10788116350380741	0.15515411825119377	0.09348662713838385	0.12924534136580865	0.11545681765933041	0.10621388481364845	0.06939489639242238	0.09439614204550803	0.1053053617439366
23	0.021515928986090654	0.015606561683314268	0.017272848536060884	0.005757616178686961	0.006363628837632307	0.002121540225014885	0.0007577637830347697	0.0007577637830347697	0.0019697891009254616	0.004091329325940347	0.009393692132359037	0.014848797900279499	0.01787886119500623	0.012121245016319266	0.018030612319095654	0.017424599660150305
24	0.0	0.0	0.0	0.0	0.0	0.0	0.0	0.0	0.0	0.0	0.0	0.0	0.0	0.0	0.0	0.0
["DEC_SOLAR","C3",*,*] :	1	2	3	4	5	6	7	8	9	10	11	12	13	14	15	16 := 
1	0.0	0.0	0.0	0.0	0.0	0.0	0.0	0.0	0.0	0.0	0.0	0.0	0.0	0.0	0.0	0.0
2	0.0	0.0	0.0	0.0	0.0	0.0	0.0	0.0	0.0	0.0	0.0	0.0	0.0	0.0	0.0	0.0
3	0.0	0.0	0.0	0.0	0.0	0.0	0.0	0.0	0.0	0.0	0.0	0.0	0.0	0.0	0.0	0.0
4	0.0	0.0	0.0	0.0	0.0	0.0	0.0	0.0	0.0	0.0	0.0	0.0	0.0	0.0	0.0	0.0
5	0.0	0.0	0.0	0.0	0.0	0.0	0.0	0.0	0.0	0.0	0.0	0.0	0.0	0.0	0.0	0.0
6	0.0	0.0	0.0	0.0	0.0	0.0	0.0	0.0	0.0	0.0	0.0	0.0	0.0	0.0	0.0	0.0
7	0.0	0.0	0.0	0.0	0.0	0.0	0.0	0.0	0.0	0.0	0.0	0.0	0.0	0.0	0.0	0.0
8	0.0	0.0	0.0	0.0	0.0	0.0	0.0	0.0	0.0	0.0	0.0	0.0	0.0	0.0	0.0	0.0
9	0.0	0.0	0.0	0.0	0.0	0.0	0.0	0.0	0.0	0.0	0.0	0.0	0.0	0.0	0.0	0.0
10	0.0	0.0	0.0	0.0	0.0	0.0	0.0	0.0	0.0	0.0	0.0	0.0	0.0	0.0	0.0	0.0
11	0.019225086157586918	0.012496158351879878	0.012496158351879878	0.004806517623649425	0.002884107441591811	0.0009616972595341978	0.0	0.0	0.0009616972595341978	0.002884107441591811	0.006728927805707038	0.011535445429356464	0.00576723054617284	0.0182643732350635	0.019225086157586918	0.019225086157586918
12	0.09612641512494538	0.09708811238447956	0.10958427073635944	0.07593963170782425	0.11246837817795126	0.11631319854206648	0.12592623378936532	0.14707373012900984	0.18264077933960265	0.1336158745175958	0.14803542738854406	0.137460694881711	0.05767624280977153	0.1182356087241241	0.11342909110047468	0.10766186055430182
13	0.26530933885313396	0.23070398690207536	0.27203826665884095	0.19417622476895913	0.308567013128968	0.3325986169102043	0.3758553068490276	0.4046934282539134	0.4354539598408568	0.3604750410555559	0.3748936095894934	0.33355932983272774	0.17302774409230381	0.24127773507189762	0.27299996391837517	0.26434862593061054
14	0.4431436005690872	0.3537461132498489	0.4018093208123215	0.27203826665884095	0.4969750230147435	0.5229290369780375	0.5921397408801548	0.6229002724670981	0.6536608040540415	0.5623409065527455	0.5950238483217465	0.5200449295364457	0.2931867473354963	0.34317236508002663	0.439298780204972	0.4287250320351497
15	0.599830365945396	0.4652527941682659	0.4960133257552093	0.31817906403925605	0.7401751682686987	0.6680803569249897	0.7757422174792915	0.7747805202197573	0.8209213176001724	0.724794902475227	0.7670908794915269	0.685383032900519	0.4046934282539134	0.4037317309943792	0.5757987621641595	0.567147424176395
16	0.708453923759232	0.5604184963706879	0.5488830509413315	0.3460564725216184	0.8545659566287076	0.7651684693094694	0.8757134529683521	0.8737910427862945	0.9285831781544742	0.7882383758311714	0.8814816678515357	0.7815094480254644	0.44122119038702956	0.439298780204972	0.6488552707674028	0.6488552707674028
17	0.7488265062564634	0.6190554521029827	0.593101438139689	0.32586968910449726	0.898784343827065	0.7978514110784702	0.8959002363854732	0.9026291641911803	0.970879155170774	0.819960604677649	0.9257000550498932	0.8122699796124078	0.4517949385568519	0.41238306898214383	0.652700091131518	0.671925177289105
18	0.6978791912523988	0.6094434011926948	0.5757987621641595	0.3076053158694338	0.8709079196817135	0.7699749869331187	0.8670621149805874	0.8709079196817135	0.9439634439479458	0.7930448934548209	0.8939778262034156	0.780548735102941	0.4094999458775628	0.3604750410555559	0.6046368835690453	0.6267460771682241
19	0.5844501001519242	0.5440765333176819	0.4931302026506283	0.2595421083069611	0.7757422174792915	0.6911502634466918	0.7430592757102905	0.7709356998556421	0.8497594390050581	0.7074922264996978	0.787277662908648	0.701724995953525	0.3460564725216184	0.30183808532326095	0.5200449295364457	0.5488830509413315
20	0.43737637002291435	0.4268026218530921	0.3931579828245569	0.19705934787354018	0.557534388929096	0.5459999278367503	0.5267738573421527	0.5527278713054466	0.6940343708882837	0.5546512658245151	0.6296292002728051	0.5498447482008656	0.26530933885313396	0.22301336183683412	0.40853824861802857	0.4268026218530921
21	0.2681934462947258	0.27396067684089864	0.2941474602580197	0.12208042908823932	0.4056541411764368	0.34605548818460763	0.35470781050938305	0.3643198614196711	0.48640127484492124	0.30952772605149137	0.4181512838653274	0.3643198614196711	0.1768735487934298	0.14803542738854406	0.27396067684089864	0.2835737120881975
22	0.14034480232330285	0.13457757177712998	0.1566867653763087	0.06440517061547857	0.1893697071453097	0.14418962268741806	0.14707373012900984	0.17302774409230381	0.22781987946048354	0.13073176707600398	0.20859479330289663	0.1538026579347169	0.09420400494288775	0.07401722152576663	0.14418962268741806	0.14034480232330285
23	0.038450172315173836	0.03076053158694338	0.032682941769000995	0.00961303524729885	0.019225086157586918	0.008651337987764652	0.00576723054617284	0.00576723054617284	0.010573748169822265	0.012496158351879878	0.023070890858712927	0.02787642414535157	0.022109193599178727	0.017302675975529303	0.034605351951058606	0.03364463902853519
24	0.0	0.0	0.0	0.0	0.0	0.0	0.0	0.0	0.0	0.0	0.0	0.0	0.0	0.0	0.0	0.0
["DEC_SOLAR","C4",*,*] :	1	2	3	4	5	6	7	8	9	10	11	12	13	14	15	16 := 
1	0.0	0.0	0.0	0.0	0.0	0.0	0.0	0.0	0.0	0.0	0.0	0.0	0.0	0.0	0.0	0.0
2	0.0	0.0	0.0	0.0	0.0	0.0	0.0	0.0	0.0	0.0	0.0	0.0	0.0	0.0	0.0	0.0
3	0.0	0.0	0.0	0.0	0.0	0.0	0.0	0.0	0.0	0.0	0.0	0.0	0.0	0.0	0.0	0.0
4	0.0	0.0	0.0	0.0	0.0	0.0	0.0	0.0	0.0	0.0	0.0	0.0	0.0	0.0	0.0	0.0
5	0.0	0.0	0.0	0.0	0.0	0.0	0.0	0.0	0.0	0.0	0.0	0.0	0.0	0.0	0.0	0.0
6	0.0	0.0	0.0	0.0	0.0	0.0	0.0	0.0	0.0	0.0	0.0	0.0	0.0	0.0	0.0	0.0
7	0.0	0.0	0.0	0.0	0.0	0.0	0.0	0.0	0.0	0.0	0.0	0.0	0.0	0.0	0.0	0.0
8	0.0	0.0	0.0	0.0	0.0	0.0	0.0	0.0	0.0	0.0	0.0	0.0	0.0	0.0	0.0	0.0
9	0.0	0.0	0.0	0.0	0.0	0.0	0.0	0.0	0.0	0.0	0.0	0.0	0.0	0.0	0.0	0.0
10	0.0	0.0	0.0	0.0	0.0	0.0	0.0	0.0	0.0	0.0	0.0	0.0	0.0	0.0	0.0	0.0
11	0.029996895376231656	0.029527898900111833	0.023434919256961926	0.00796797191102725	0.01077996349454229	0.007029978958787603	0.004686983851392385	0.004686983851392385	0.00796797191102725	0.01077996349454229	0.019216931881689363	0.02015393119732706	0.022965922780842106	0.023434919256961926	0.028590899584474135	0.03140289116798917
12	0.1279545597793519	0.12279857945183972	0.11342461174905495	0.06749276618737074	0.12279857945183972	0.1213925836600822	0.15888845447122127	0.15607546925110427	0.22263123612283733	0.12654757035099246	0.1720114130731588	0.13920252611341208	0.11436161106469264	0.10686263562978522	0.12982855841062732	0.1284225626188698
13	0.25965811045785664	0.2549711266064642	0.23903518278440972	0.15232647835195154	0.28215503676257886	0.30137196864426824	0.3763637102665464	0.3847996850170915	0.4611974224311272	0.3060589524956606	0.37823770889782177	0.2990279799002711	0.22638022702199007	0.21747525579532512	0.2741870648515516	0.26434509430924896
14	0.3937046562437565	0.3904246618207236	0.35761577486097684	0.2591891139817368	0.424170548096108	0.45135445825222265	0.5652480664773974	0.6083679204555665	0.6641427301961553	0.48603833747984665	0.568998051013152	0.4715083894495497	0.36323975802800695	0.32340089210947265	0.418077568452958	0.39276765692811877
15	0.5066612651532935	0.4958813016587512	0.4729143852413072	0.3693327376711568	0.5450941352800703	0.5455631317561902	0.6978886164715398	0.7597573994918805	0.8136572169645919	0.6364898235639208	0.717105548353229	0.6332088355042861	0.4836943487358495	0.4016726281547837	0.5263461998745008	0.4902563248551192
16	0.5849330011986046	0.5469691275479476	0.5319701830415309	0.4518234547283424	0.6102429127234439	0.6008689450206591	0.757882407224003	0.8155322092324692	0.9013029207126877	0.7199175399367441	0.8024082569939298	0.723198527996379	0.5483751233397052	0.45885343368713	0.5947759653775092	0.5413441507443156
17	0.6299278474446511	0.5450941352800703	0.5497811191314627	0.48088235715233446	0.659455746344763	0.6341468284565256	0.7597573994918805	0.8464661039243385	0.9228638413383742	0.7077315806504444	0.8183442008159842	0.7363224802349184	0.5924319766335121	0.4724463824017893	0.6060249253481713	0.534314171785528
18	0.6397708116235558	0.5099422532129284	0.5038482799331766	0.4658844062825196	0.6482067863741009	0.5985249562766619	0.6978886164715398	0.8216251888756192	0.8825559789437201	0.6782036817503325	0.7663183819745482	0.6988266094237794	0.5619670784177625	0.44432447929343505	0.5675910615847927	0.487913329747724
19	0.5699350503287898	0.4321385200071352	0.4438554828173152	0.3955796485116338	0.5610300791021248	0.4921313171229965	0.6003999485445394	0.7367904830744363	0.7761613461534528	0.5943069689013895	0.6585187470291253	0.589619985049997	0.4804143543128166	0.3918306576124811	0.4644784104907621	0.4185455712924759
20	0.4307325242153777	0.30512095954342094	0.33089986754438006	0.2985599770607532	0.40776560779793364	0.33464885844353276	0.43026352773925786	0.5830580089307272	0.6064929281876892	0.4696343908182743	0.49353731291475406	0.41901456776859575	0.3552717861169797	0.2957479854772382	0.32574388721686787	0.3154329201984454
21	0.2657510901010065	0.19591532880624055	0.22403723191459485	0.19544633233012074	0.24700315469543696	0.16873042501352392	0.25403313365422453	0.3243378914251103	0.3777697060583039	0.2868420206139713	0.29809098058463335	0.26481309714876683	0.22075624385495998	0.16544943695388906	0.20060231265763293	0.2057572993485432
22	0.11904859491608503	0.08952069601597319	0.10311364473063249	0.08014672831318842	0.08436570932506293	0.052493821680953935	0.08952069601597319	0.11295561527293513	0.1274855633032321	0.0937396770278477	0.11858059207656715	0.1063936391536654	0.09420767986736558	0.07077276061040365	0.08530270864070062	0.09748866792700045
23	0.019216931881689363	0.012654955762419637	0.012654955762419637	0.0051559803275122084	0.0028119915835150416	0.00046899647611982315	0.0	0.0	0.00046899647611982315	0.002342995107395218	0.006092979643149907	0.01171696281017999	0.01452994803029698	0.01031096701842247	0.013591955078057332	0.0159359438220545
24	0.0	0.0	0.0	0.0	0.0	0.0	0.0	0.0	0.0	0.0	0.0	0.0	0.0	0.0	0.0	0.0
["DEC_SOLAR","C5",*,*] :	1	2	3	4	5	6	7	8	9	10	11	12	13	14	15	16 := 
1	0.0	0.0	0.0	0.0	0.0	0.0	0.0	0.0	0.0	0.0	0.0	0.0	0.0	0.0	0.0	0.0
2	0.0	0.0	0.0	0.0	0.0	0.0	0.0	0.0	0.0	0.0	0.0	0.0	0.0	0.0	0.0	0.0
3	0.0	0.0	0.0	0.0	0.0	0.0	0.0	0.0	0.0	0.0	0.0	0.0	0.0	0.0	0.0	0.0
4	0.0	0.0	0.0	0.0	0.0	0.0	0.0	0.0	0.0	0.0	0.0	0.0	0.0	0.0	0.0	0.0
5	0.0	0.0	0.0	0.0	0.0	0.0	0.0	0.0	0.0	0.0	0.0	0.0	0.0	0.0	0.0	0.0
6	0.0	0.0	0.0	0.0	0.0	0.0	0.0	0.0	0.0	0.0	0.0	0.0	0.0	0.0	0.0	0.0
7	0.0	0.0	0.0	0.0	0.0	0.0	0.0	0.0	0.0	0.0	0.0	0.0	0.0	0.0	0.0	0.0
8	0.0	0.0	0.0	0.0	0.0	0.0	0.0	0.0	0.0	0.0	0.0	0.0	0.0	0.0	0.0	0.0
9	0.0	0.0	0.0	0.0	0.0	0.0	0.0	0.0	0.0	0.0	0.0	0.0	0.0	0.0	0.0	0.0
10	0.0	0.0	0.0	0.0	0.0	0.0	0.0	0.0	0.0	0.0	0.0	0.0	0.0	0.0	0.0	0.0
11	0.019167246343958836	0.01820858875234869	0.01725091540877922	0.005749977053579517	0.005749977053579517	0.0009586575916101421	0.0	0.0	0.0009586575916101421	0.0047923037100100424	0.009583623171979418	0.013417269290379319	0.009583623171979418	0.022042234870748596	0.023000892462358737	0.023000892462358737
12	0.11308813137661407	0.1063794967314244	0.1207544393653732	0.06421135792510684	0.14471398941934208	0.09392088503265522	0.1504639664729216	0.15717260111811124	0.1974244089892492	0.1399226699573727	0.16579855094652118	0.14758897794613182	0.08529493520424529	0.1265054006669934	0.11596311990340381	0.11500446231179369
13	0.2702607324947253	0.23959254779556677	0.28847030549511465	0.16483989335491103	0.37376524069935996	0.2702607324947253	0.410183402452098	0.41784971044085717	0.44755923754840554	0.3613066290005908	0.3929324870433188	0.3478893597102115	0.2223426166348282	0.2482184976239767	0.27984435566670474	0.2712193900863355
14	0.4427679180864361	0.3785565601613293	0.4264756602692671	0.2606771093227459	0.5865232499141682	0.4466015642048361	0.6258173844417365	0.6325250348388856	0.6603182310112543	0.5644810150434195	0.6047328229145575	0.5280628532906815	0.3574729828821909	0.34693070211860133	0.45043521032323597	0.42743431786087727
15	0.6085664690329574	0.5136869264086921	0.538605134054271	0.31051254036586323	0.7561554469790892	0.5740646382153989	0.7916149511402171	0.7887399626134274	0.8241994667745552	0.7168622966995614	0.775322693323048	0.6881114271836231	0.46481015295718475	0.4264756602692671	0.6056914805061676	0.5568137228066198
16	0.7159036391079513	0.5846069189789885	0.6018578343877676	0.33159710189304237	0.8548676514737138	0.6727768427100236	0.8893694822912723	0.8702022359473135	0.9286626325708	0.7781976818498378	0.8855358361728722	0.7734063623878684	0.5041033032367126	0.44947655273162584	0.6957777351723823	0.6392336694840752
17	0.7551967893874791	0.5980241882693678	0.6401923270756853	0.31338752889265303	0.8979944478716415	0.7408218467535302	0.8941608017532416	0.8960781169364619	0.9669971252587177	0.8098245241406065	0.9257876440440103	0.7973659124418373	0.5357301455274812	0.45714384496842564	0.7072786735275819	0.6689431965916236
18	0.7139873081727717	0.5596896955814501	0.5980241882693678	0.2932616249570841	0.8654099322373034	0.7331545545167305	0.8634936013021237	0.8596599551837238	0.9363299248075999	0.7743650199794785	0.8951194593448517	0.7647804125594585	0.4791860798391742	0.4111420600437081	0.6373173385488956	0.6344423500221058
19	0.615275103678147	0.4734361027855947	0.49260334912955356	0.2836780017851046	0.7743650199794785	0.6823604658820029	0.7551967893874791	0.7657390701510686	0.8376167360649345	0.6861941120004028	0.7896986202050374	0.6737355003016336	0.4025161102152982	0.3047625633122838	0.5242292071722815	0.5366888031190914
20	0.4264756602692671	0.3143461864842632	0.3574729828821909	0.22905125128001788	0.5778982843337988	0.5731059806237887	0.6028155077313372	0.5874819075057782	0.6794854773552131	0.5146455840003021	0.6306087039037059	0.5251878647638917	0.29901160201066357	0.21467532439802842	0.3890988409249189	0.4120997333872776
21	0.28655299031189435	0.22330028997839768	0.2386348744519973	0.15621492777454177	0.39197382945170867	0.3459720445269912	0.3277634557746425	0.3047625633122838	0.4696024566671948	0.2779280247315251	0.42360067174247734	0.3411807250650218	0.1840071396988699	0.1341717086557525	0.2712193900863355	0.27696936713991493
22	0.14375533182773192	0.11596311990340381	0.12267175454859347	0.076669969623876	0.1859244548820902	0.16100624723651116	0.1341717086557525	0.13513036624736266	0.2127589934628488	0.12267175454859347	0.17346485893528032	0.1399226699573727	0.09008723891425532	0.0651690312686763	0.13513036624736266	0.13704768143058293
23	0.03545950416112791	0.023959550053968878	0.028750869515938252	0.009583623171979418	0.016292257817169076	0.006708634645189659	0.0028749885267897587	0.0028749885267897587	0.006708634645189659	0.008624965580369275	0.01820858875234869	0.023959550053968878	0.019167246343958836	0.01437592688198946	0.0335431732259483	0.027793196172368778
24	0.0	0.0	0.0	0.0	0.0	0.0	0.0	0.0	0.0	0.0	0.0	0.0	0.0	0.0	0.0	0.0
["PT_COLLECTOR","C1",*,*] :	1	2	3	4	5	6	7	8	9	10	11	12	13	14	15	16 := 
1	0.00010000000000000003	0.00010000000000000003	0.00010000000000000003	0.00010000000000000003	0.00010000000000000003	0.00010000000000000003	0.00010000000000000003	0.00010000000000000003	0.00010000000000000003	0.00010000000000000003	0.00010000000000000003	0.00010000000000000003	0.00010000000000000003	0.00010000000000000003	0.00010000000000000003	0.00010000000000000003
2	0.00010000000000000003	0.00010000000000000003	0.00010000000000000003	0.00010000000000000003	0.00010000000000000003	0.00010000000000000003	0.00010000000000000003	0.00010000000000000003	0.00010000000000000003	0.00010000000000000003	0.00010000000000000003	0.00010000000000000003	0.00010000000000000003	0.00010000000000000003	0.00010000000000000003	0.00010000000000000003
3	0.00010000000000000003	0.00010000000000000003	0.00010000000000000003	0.00010000000000000003	0.00010000000000000003	0.00010000000000000003	0.00010000000000000003	0.00010000000000000003	0.00010000000000000003	0.00010000000000000003	0.00010000000000000003	0.00010000000000000003	0.00010000000000000003	0.00010000000000000003	0.00010000000000000003	0.00010000000000000003
4	0.00010000000000000003	0.00010000000000000003	0.00010000000000000003	0.00010000000000000003	0.00010000000000000003	0.00010000000000000003	0.00010000000000000003	0.00010000000000000003	0.00010000000000000003	0.00010000000000000003	0.00010000000000000003	0.00010000000000000003	0.00010000000000000003	0.00010000000000000003	0.00010000000000000003	0.00010000000000000003
5	0.00010000000000000003	0.00010000000000000003	0.00010000000000000003	0.00010000000000000003	0.00010000000000000003	0.00010000000000000003	0.00010000000000000003	0.00010000000000000003	0.00010000000000000003	0.00010000000000000003	0.00010000000000000003	0.00010000000000000003	0.00010000000000000003	0.00010000000000000003	0.00010000000000000003	0.00010000000000000003
6	0.00010000000000000003	0.00010000000000000003	0.00010000000000000003	0.00010000000000000003	0.00010000000000000003	0.00010000000000000003	0.00010000000000000003	0.00010000000000000003	0.00010000000000000003	0.00010000000000000003	0.00010000000000000003	0.00010000000000000003	0.00010000000000000003	0.00010000000000000003	0.00010000000000000003	0.00010000000000000003
7	0.00010000000000000003	0.00010000000000000003	0.00010000000000000003	0.00010000000000000003	0.00010000000000000003	0.00010000000000000003	0.00010000000000000003	0.00010000000000000003	0.00010000000000000003	0.00010000000000000003	0.00010000000000000003	0.00010000000000000003	0.00010000000000000003	0.00010000000000000003	0.00010000000000000003	0.00010000000000000003
8	0.00010000000000000003	0.00010000000000000003	0.00010000000000000003	0.00010000000000000003	0.00010000000000000003	0.00010000000000000003	0.00010000000000000003	0.00010000000000000003	0.00010000000000000003	0.00010000000000000003	0.00010000000000000003	0.00010000000000000003	0.00010000000000000003	0.00010000000000000003	0.00010000000000000003	0.00010000000000000003
9	0.00010000000000000003	0.00010000000000000003	0.00010000000000000003	0.00010000000000000003	0.00010000000000000003	0.00010000000000000003	0.00010000000000000003	0.00010000000000000003	0.00010000000000000003	0.00010000000000000003	0.00010000000000000003	0.00010000000000000003	0.00010000000000000003	0.00010000000000000003	0.00010000000000000003	0.00010000000000000003
10	0.00010000000000000003	0.00010000000000000003	0.00010000000000000003	0.00010000000000000003	0.00010000000000000003	0.00010000000000000003	0.00010000000000000003	0.00010000000000000003	0.00010000000000000003	0.00010000000000000003	0.00010000000000000003	0.00010000000000000003	0.00010000000000000003	0.00010000000000000003	0.00010000000000000003	0.00010000000000000003
11	0.00010000000000000003	0.00010000000000000003	0.00010000000000000003	0.00010000000000000003	0.00010000000000000003	0.00010000000000000003	0.00010000000000000003	0.00010000000000000003	0.00010000000000000003	0.00010000000000000003	0.00010000000000000003	0.00010000000000000003	0.00010000000000000003	0.00010000000000000003	0.00010000000000000003	0.00010000000000000003
12	0.00010000000000000003	0.00010000000000000003	0.00010000000000000003	0.00010000000000000003	0.00010000000000000003	0.00010000000000000003	0.00010000000000000003	0.00010000000000000003	0.00010000000000000003	0.00010000000000000003	0.00010000000000000003	0.00010000000000000003	0.00010000000000000003	0.00010000000000000003	0.00010000000000000003	0.00010000000000000003
13	0.00010000000000000003	0.00010000000000000003	0.00010000000000000003	0.00010000000000000003	0.00010000000000000003	0.00010000000000000003	0.00010000000000000003	0.00010000000000000003	0.00010000000000000003	0.00010000000000000003	0.00010000000000000003	0.00010000000000000003	0.00010000000000000003	0.00010000000000000003	0.00010000000000000003	0.00010000000000000003
14	0.00010000000000000003	0.00010000000000000003	0.00010000000000000003	0.00010000000000000003	0.00010000000000000003	0.00010000000000000003	0.00010000000000000003	0.00010000000000000003	0.00010000000000000003	0.00010000000000000003	0.00010000000000000003	0.00010000000000000003	0.00010000000000000003	0.00010000000000000003	0.00010000000000000003	0.00010000000000000003
15	0.00010000000000000003	0.00010000000000000003	0.00010000000000000003	0.00010000000000000003	0.00010000000000000003	0.00010000000000000003	0.00010000000000000003	0.00010000000000000003	0.00010000000000000003	0.00010000000000000003	0.00010000000000000003	0.00010000000000000003	0.00010000000000000003	0.00010000000000000003	0.00010000000000000003	0.00010000000000000003
16	0.00010000000000000003	0.00010000000000000003	0.00010000000000000003	0.00010000000000000003	0.00010000000000000003	0.00010000000000000003	0.00010000000000000003	0.00010000000000000003	0.00010000000000000003	0.00010000000000000003	0.00010000000000000003	0.00010000000000000003	0.00010000000000000003	0.00010000000000000003	0.00010000000000000003	0.00010000000000000003
17	0.00010000000000000003	0.00010000000000000003	0.00010000000000000003	0.00010000000000000003	0.00010000000000000003	0.00010000000000000003	0.00010000000000000003	0.00010000000000000003	0.00010000000000000003	0.00010000000000000003	0.00010000000000000003	0.00010000000000000003	0.00010000000000000003	0.00010000000000000003	0.00010000000000000003	0.00010000000000000003
18	0.00010000000000000003	0.00010000000000000003	0.00010000000000000003	0.00010000000000000003	0.00010000000000000003	0.00010000000000000003	0.00010000000000000003	0.00010000000000000003	0.00010000000000000003	0.00010000000000000003	0.00010000000000000003	0.00010000000000000003	0.00010000000000000003	0.00010000000000000003	0.00010000000000000003	0.00010000000000000003
19	0.00010000000000000003	0.00010000000000000003	0.00010000000000000003	0.00010000000000000003	0.00010000000000000003	0.00010000000000000003	0.00010000000000000003	0.00010000000000000003	0.00010000000000000003	0.00010000000000000003	0.00010000000000000003	0.00010000000000000003	0.00010000000000000003	0.00010000000000000003	0.00010000000000000003	0.00010000000000000003
20	0.00010000000000000003	0.00010000000000000003	0.00010000000000000003	0.00010000000000000003	0.00010000000000000003	0.00010000000000000003	0.00010000000000000003	0.00010000000000000003	0.00010000000000000003	0.00010000000000000003	0.00010000000000000003	0.00010000000000000003	0.00010000000000000003	0.00010000000000000003	0.00010000000000000003	0.00010000000000000003
21	0.00010000000000000003	0.00010000000000000003	0.00010000000000000003	0.00010000000000000003	0.00010000000000000003	0.00010000000000000003	0.00010000000000000003	0.00010000000000000003	0.00010000000000000003	0.00010000000000000003	0.00010000000000000003	0.00010000000000000003	0.00010000000000000003	0.00010000000000000003	0.00010000000000000003	0.00010000000000000003
22	0.00010000000000000003	0.00010000000000000003	0.00010000000000000003	0.00010000000000000003	0.00010000000000000003	0.00010000000000000003	0.00010000000000000003	0.00010000000000000003	0.00010000000000000003	0.00010000000000000003	0.00010000000000000003	0.00010000000000000003	0.00010000000000000003	0.00010000000000000003	0.00010000000000000003	0.00010000000000000003
23	0.00010000000000000003	0.00010000000000000003	0.00010000000000000003	0.00010000000000000003	0.00010000000000000003	0.00010000000000000003	0.00010000000000000003	0.00010000000000000003	0.00010000000000000003	0.00010000000000000003	0.00010000000000000003	0.00010000000000000003	0.00010000000000000003	0.00010000000000000003	0.00010000000000000003	0.00010000000000000003
24	0.00010000000000000003	0.00010000000000000003	0.00010000000000000003	0.00010000000000000003	0.00010000000000000003	0.00010000000000000003	0.00010000000000000003	0.00010000000000000003	0.00010000000000000003	0.00010000000000000003	0.00010000000000000003	0.00010000000000000003	0.00010000000000000003	0.00010000000000000003	0.00010000000000000003	0.00010000000000000003
["PT_COLLECTOR","C2",*,*] :	1	2	3	4	5	6	7	8	9	10	11	12	13	14	15	16 := 
1	0.00010000000000000003	0.00010000000000000003	0.00010000000000000003	0.00010000000000000003	0.00010000000000000003	0.00010000000000000003	0.00010000000000000003	0.00010000000000000003	0.00010000000000000003	0.00010000000000000003	0.00010000000000000003	0.00010000000000000003	0.00010000000000000003	0.00010000000000000003	0.00010000000000000003	0.00010000000000000003
2	0.00010000000000000003	0.00010000000000000003	0.00010000000000000003	0.00010000000000000003	0.00010000000000000003	0.00010000000000000003	0.00010000000000000003	0.00010000000000000003	0.00010000000000000003	0.00010000000000000003	0.00010000000000000003	0.00010000000000000003	0.00010000000000000003	0.00010000000000000003	0.00010000000000000003	0.00010000000000000003
3	0.00010000000000000003	0.00010000000000000003	0.00010000000000000003	0.00010000000000000003	0.00010000000000000003	0.00010000000000000003	0.00010000000000000003	0.00010000000000000003	0.00010000000000000003	0.00010000000000000003	0.00010000000000000003	0.00010000000000000003	0.00010000000000000003	0.00010000000000000003	0.00010000000000000003	0.00010000000000000003
4	0.00010000000000000003	0.00010000000000000003	0.00010000000000000003	0.00010000000000000003	0.00010000000000000003	0.00010000000000000003	0.00010000000000000003	0.00010000000000000003	0.00010000000000000003	0.00010000000000000003	0.00010000000000000003	0.00010000000000000003	0.00010000000000000003	0.00010000000000000003	0.00010000000000000003	0.00010000000000000003
5	0.00010000000000000003	0.00010000000000000003	0.00010000000000000003	0.00010000000000000003	0.00010000000000000003	0.00010000000000000003	0.00010000000000000003	0.00010000000000000003	0.00010000000000000003	0.00010000000000000003	0.00010000000000000003	0.00010000000000000003	0.00010000000000000003	0.00010000000000000003	0.00010000000000000003	0.00010000000000000003
6	0.00010000000000000003	0.00010000000000000003	0.00010000000000000003	0.00010000000000000003	0.00010000000000000003	0.00010000000000000003	0.00010000000000000003	0.00010000000000000003	0.00010000000000000003	0.00010000000000000003	0.00010000000000000003	0.00010000000000000003	0.00010000000000000003	0.00010000000000000003	0.00010000000000000003	0.00010000000000000003
7	0.00010000000000000003	0.00010000000000000003	0.00010000000000000003	0.00010000000000000003	0.00010000000000000003	0.00010000000000000003	0.00010000000000000003	0.00010000000000000003	0.00010000000000000003	0.00010000000000000003	0.00010000000000000003	0.00010000000000000003	0.00010000000000000003	0.00010000000000000003	0.00010000000000000003	0.00010000000000000003
8	0.00010000000000000003	0.00010000000000000003	0.00010000000000000003	0.00010000000000000003	0.00010000000000000003	0.00010000000000000003	0.00010000000000000003	0.00010000000000000003	0.00010000000000000003	0.00010000000000000003	0.00010000000000000003	0.00010000000000000003	0.00010000000000000003	0.00010000000000000003	0.00010000000000000003	0.00010000000000000003
9	0.00010000000000000003	0.00010000000000000003	0.00010000000000000003	0.00010000000000000003	0.00010000000000000003	0.00010000000000000003	0.00010000000000000003	0.00010000000000000003	0.00010000000000000003	0.00010000000000000003	0.00010000000000000003	0.00010000000000000003	0.00010000000000000003	0.00010000000000000003	0.00010000000000000003	0.00010000000000000003
10	0.00010000000000000003	0.00010000000000000003	0.00010000000000000003	0.00010000000000000003	0.00010000000000000003	0.00010000000000000003	0.00010000000000000003	0.00010000000000000003	0.00010000000000000003	0.00010000000000000003	0.00010000000000000003	0.00010000000000000003	0.00010000000000000003	0.00010000000000000003	0.00010000000000000003	0.00010000000000000003
11	0.00010000000000000003	0.00010000000000000003	0.00010000000000000003	0.00010000000000000003	0.00010000000000000003	0.00010000000000000003	0.00010000000000000003	0.00010000000000000003	0.00010000000000000003	0.00010000000000000003	0.00010000000000000003	0.00010000000000000003	0.00010000000000000003	0.00010000000000000003	0.00010000000000000003	0.00010000000000000003
12	0.00010000000000000003	0.00010000000000000003	0.00010000000000000003	0.00010000000000000003	0.00010000000000000003	0.00010000000000000003	0.00010000000000000003	0.00010000000000000003	0.00010000000000000003	0.00010000000000000003	0.00010000000000000003	0.00010000000000000003	0.00010000000000000003	0.00010000000000000003	0.00010000000000000003	0.00010000000000000003
13	0.00010000000000000003	0.00010000000000000003	0.00010000000000000003	0.00010000000000000003	0.00010000000000000003	0.00010000000000000003	0.00010000000000000003	0.00010000000000000003	0.00010000000000000003	0.00010000000000000003	0.00010000000000000003	0.00010000000000000003	0.00010000000000000003	0.00010000000000000003	0.00010000000000000003	0.00010000000000000003
14	0.00010000000000000003	0.00010000000000000003	0.00010000000000000003	0.00010000000000000003	0.00010000000000000003	0.00010000000000000003	0.00010000000000000003	0.00010000000000000003	0.00010000000000000003	0.00010000000000000003	0.00010000000000000003	0.00010000000000000003	0.00010000000000000003	0.00010000000000000003	0.00010000000000000003	0.00010000000000000003
15	0.00010000000000000003	0.00010000000000000003	0.00010000000000000003	0.00010000000000000003	0.00010000000000000003	0.00010000000000000003	0.00010000000000000003	0.00010000000000000003	0.00010000000000000003	0.00010000000000000003	0.00010000000000000003	0.00010000000000000003	0.00010000000000000003	0.00010000000000000003	0.00010000000000000003	0.00010000000000000003
16	0.00010000000000000003	0.00010000000000000003	0.00010000000000000003	0.00010000000000000003	0.00010000000000000003	0.00010000000000000003	0.00010000000000000003	0.00010000000000000003	0.00010000000000000003	0.00010000000000000003	0.00010000000000000003	0.00010000000000000003	0.00010000000000000003	0.00010000000000000003	0.00010000000000000003	0.00010000000000000003
17	0.00010000000000000003	0.00010000000000000003	0.00010000000000000003	0.00010000000000000003	0.00010000000000000003	0.00010000000000000003	0.00010000000000000003	0.00010000000000000003	0.00010000000000000003	0.00010000000000000003	0.00010000000000000003	0.00010000000000000003	0.00010000000000000003	0.00010000000000000003	0.00010000000000000003	0.00010000000000000003
18	0.00010000000000000003	0.00010000000000000003	0.00010000000000000003	0.00010000000000000003	0.00010000000000000003	0.00010000000000000003	0.00010000000000000003	0.00010000000000000003	0.00010000000000000003	0.00010000000000000003	0.00010000000000000003	0.00010000000000000003	0.00010000000000000003	0.00010000000000000003	0.00010000000000000003	0.00010000000000000003
19	0.00010000000000000003	0.00010000000000000003	0.00010000000000000003	0.00010000000000000003	0.00010000000000000003	0.00010000000000000003	0.00010000000000000003	0.00010000000000000003	0.00010000000000000003	0.00010000000000000003	0.00010000000000000003	0.00010000000000000003	0.00010000000000000003	0.00010000000000000003	0.00010000000000000003	0.00010000000000000003
20	0.00010000000000000003	0.00010000000000000003	0.00010000000000000003	0.00010000000000000003	0.00010000000000000003	0.00010000000000000003	0.00010000000000000003	0.00010000000000000003	0.00010000000000000003	0.00010000000000000003	0.00010000000000000003	0.00010000000000000003	0.00010000000000000003	0.00010000000000000003	0.00010000000000000003	0.00010000000000000003
21	0.00010000000000000003	0.00010000000000000003	0.00010000000000000003	0.00010000000000000003	0.00010000000000000003	0.00010000000000000003	0.00010000000000000003	0.00010000000000000003	0.00010000000000000003	0.00010000000000000003	0.00010000000000000003	0.00010000000000000003	0.00010000000000000003	0.00010000000000000003	0.00010000000000000003	0.00010000000000000003
22	0.00010000000000000003	0.00010000000000000003	0.00010000000000000003	0.00010000000000000003	0.00010000000000000003	0.00010000000000000003	0.00010000000000000003	0.00010000000000000003	0.00010000000000000003	0.00010000000000000003	0.00010000000000000003	0.00010000000000000003	0.00010000000000000003	0.00010000000000000003	0.00010000000000000003	0.00010000000000000003
23	0.00010000000000000003	0.00010000000000000003	0.00010000000000000003	0.00010000000000000003	0.00010000000000000003	0.00010000000000000003	0.00010000000000000003	0.00010000000000000003	0.00010000000000000003	0.00010000000000000003	0.00010000000000000003	0.00010000000000000003	0.00010000000000000003	0.00010000000000000003	0.00010000000000000003	0.00010000000000000003
24	0.00010000000000000003	0.00010000000000000003	0.00010000000000000003	0.00010000000000000003	0.00010000000000000003	0.00010000000000000003	0.00010000000000000003	0.00010000000000000003	0.00010000000000000003	0.00010000000000000003	0.00010000000000000003	0.00010000000000000003	0.00010000000000000003	0.00010000000000000003	0.00010000000000000003	0.00010000000000000003
["PT_COLLECTOR","C3",*,*] :	1	2	3	4	5	6	7	8	9	10	11	12	13	14	15	16 := 
1	0.00010000000000000003	0.00010000000000000003	0.00010000000000000003	0.00010000000000000003	0.00010000000000000003	0.00010000000000000003	0.00010000000000000003	0.00010000000000000003	0.00010000000000000003	0.00010000000000000003	0.00010000000000000003	0.00010000000000000003	0.00010000000000000003	0.00010000000000000003	0.00010000000000000003	0.00010000000000000003
2	0.00010000000000000003	0.00010000000000000003	0.00010000000000000003	0.00010000000000000003	0.00010000000000000003	0.00010000000000000003	0.00010000000000000003	0.00010000000000000003	0.00010000000000000003	0.00010000000000000003	0.00010000000000000003	0.00010000000000000003	0.00010000000000000003	0.00010000000000000003	0.00010000000000000003	0.00010000000000000003
3	0.00010000000000000003	0.00010000000000000003	0.00010000000000000003	0.00010000000000000003	0.00010000000000000003	0.00010000000000000003	0.00010000000000000003	0.00010000000000000003	0.00010000000000000003	0.00010000000000000003	0.00010000000000000003	0.00010000000000000003	0.00010000000000000003	0.00010000000000000003	0.00010000000000000003	0.00010000000000000003
4	0.00010000000000000003	0.00010000000000000003	0.00010000000000000003	0.00010000000000000003	0.00010000000000000003	0.00010000000000000003	0.00010000000000000003	0.00010000000000000003	0.00010000000000000003	0.00010000000000000003	0.00010000000000000003	0.00010000000000000003	0.00010000000000000003	0.00010000000000000003	0.00010000000000000003	0.00010000000000000003
5	0.00010000000000000003	0.00010000000000000003	0.00010000000000000003	0.00010000000000000003	0.00010000000000000003	0.00010000000000000003	0.00010000000000000003	0.00010000000000000003	0.00010000000000000003	0.00010000000000000003	0.00010000000000000003	0.00010000000000000003	0.00010000000000000003	0.00010000000000000003	0.00010000000000000003	0.00010000000000000003
6	0.00010000000000000003	0.00010000000000000003	0.00010000000000000003	0.00010000000000000003	0.00010000000000000003	0.00010000000000000003	0.00010000000000000003	0.00010000000000000003	0.00010000000000000003	0.00010000000000000003	0.00010000000000000003	0.00010000000000000003	0.00010000000000000003	0.00010000000000000003	0.00010000000000000003	0.00010000000000000003
7	0.00010000000000000003	0.00010000000000000003	0.00010000000000000003	0.00010000000000000003	0.00010000000000000003	0.00010000000000000003	0.00010000000000000003	0.00010000000000000003	0.00010000000000000003	0.00010000000000000003	0.00010000000000000003	0.00010000000000000003	0.00010000000000000003	0.00010000000000000003	0.00010000000000000003	0.00010000000000000003
8	0.00010000000000000003	0.00010000000000000003	0.00010000000000000003	0.00010000000000000003	0.00010000000000000003	0.00010000000000000003	0.00010000000000000003	0.00010000000000000003	0.00010000000000000003	0.00010000000000000003	0.00010000000000000003	0.00010000000000000003	0.00010000000000000003	0.00010000000000000003	0.00010000000000000003	0.00010000000000000003
9	0.00010000000000000003	0.00010000000000000003	0.00010000000000000003	0.00010000000000000003	0.00010000000000000003	0.00010000000000000003	0.00010000000000000003	0.00010000000000000003	0.00010000000000000003	0.00010000000000000003	0.00010000000000000003	0.00010000000000000003	0.00010000000000000003	0.00010000000000000003	0.00010000000000000003	0.00010000000000000003
10	0.00010000000000000003	0.00010000000000000003	0.00010000000000000003	0.00010000000000000003	0.00010000000000000003	0.00010000000000000003	0.00010000000000000003	0.00010000000000000003	0.00010000000000000003	0.00010000000000000003	0.00010000000000000003	0.00010000000000000003	0.00010000000000000003	0.00010000000000000003	0.00010000000000000003	0.00010000000000000003
11	0.00010000000000000003	0.00010000000000000003	0.00010000000000000003	0.00010000000000000003	0.00010000000000000003	0.00010000000000000003	0.00010000000000000003	0.00010000000000000003	0.00010000000000000003	0.00010000000000000003	0.00010000000000000003	0.00010000000000000003	0.00010000000000000003	0.00010000000000000003	0.00010000000000000003	0.00010000000000000003
12	0.00010000000000000003	0.00010000000000000003	0.00010000000000000003	0.00010000000000000003	0.00010000000000000003	0.00010000000000000003	0.00010000000000000003	0.00010000000000000003	0.00010000000000000003	0.00010000000000000003	0.00010000000000000003	0.00010000000000000003	0.00010000000000000003	0.00010000000000000003	0.00010000000000000003	0.00010000000000000003
13	0.00010000000000000003	0.00010000000000000003	0.00010000000000000003	0.00010000000000000003	0.00010000000000000003	0.00010000000000000003	0.00010000000000000003	0.00010000000000000003	0.00010000000000000003	0.00010000000000000003	0.00010000000000000003	0.00010000000000000003	0.00010000000000000003	0.00010000000000000003	0.00010000000000000003	0.00010000000000000003
14	0.00010000000000000003	0.00010000000000000003	0.00010000000000000003	0.00010000000000000003	0.00010000000000000003	0.00010000000000000003	0.00010000000000000003	0.00010000000000000003	0.00010000000000000003	0.00010000000000000003	0.00010000000000000003	0.00010000000000000003	0.00010000000000000003	0.00010000000000000003	0.00010000000000000003	0.00010000000000000003
15	0.00010000000000000003	0.00010000000000000003	0.00010000000000000003	0.00010000000000000003	0.00010000000000000003	0.00010000000000000003	0.00010000000000000003	0.00010000000000000003	0.00010000000000000003	0.00010000000000000003	0.00010000000000000003	0.00010000000000000003	0.00010000000000000003	0.00010000000000000003	0.00010000000000000003	0.00010000000000000003
16	0.00010000000000000003	0.00010000000000000003	0.00010000000000000003	0.00010000000000000003	0.00010000000000000003	0.00010000000000000003	0.00010000000000000003	0.00010000000000000003	0.00010000000000000003	0.00010000000000000003	0.00010000000000000003	0.00010000000000000003	0.00010000000000000003	0.00010000000000000003	0.00010000000000000003	0.00010000000000000003
17	0.00010000000000000003	0.00010000000000000003	0.00010000000000000003	0.00010000000000000003	0.00010000000000000003	0.00010000000000000003	0.00010000000000000003	0.00010000000000000003	0.00010000000000000003	0.00010000000000000003	0.00010000000000000003	0.00010000000000000003	0.00010000000000000003	0.00010000000000000003	0.00010000000000000003	0.00010000000000000003
18	0.00010000000000000003	0.00010000000000000003	0.00010000000000000003	0.00010000000000000003	0.00010000000000000003	0.00010000000000000003	0.00010000000000000003	0.00010000000000000003	0.00010000000000000003	0.00010000000000000003	0.00010000000000000003	0.00010000000000000003	0.00010000000000000003	0.00010000000000000003	0.00010000000000000003	0.00010000000000000003
19	0.00010000000000000003	0.00010000000000000003	0.00010000000000000003	0.00010000000000000003	0.00010000000000000003	0.00010000000000000003	0.00010000000000000003	0.00010000000000000003	0.00010000000000000003	0.00010000000000000003	0.00010000000000000003	0.00010000000000000003	0.00010000000000000003	0.00010000000000000003	0.00010000000000000003	0.00010000000000000003
20	0.00010000000000000003	0.00010000000000000003	0.00010000000000000003	0.00010000000000000003	0.00010000000000000003	0.00010000000000000003	0.00010000000000000003	0.00010000000000000003	0.00010000000000000003	0.00010000000000000003	0.00010000000000000003	0.00010000000000000003	0.00010000000000000003	0.00010000000000000003	0.00010000000000000003	0.00010000000000000003
21	0.00010000000000000003	0.00010000000000000003	0.00010000000000000003	0.00010000000000000003	0.00010000000000000003	0.00010000000000000003	0.00010000000000000003	0.00010000000000000003	0.00010000000000000003	0.00010000000000000003	0.00010000000000000003	0.00010000000000000003	0.00010000000000000003	0.00010000000000000003	0.00010000000000000003	0.00010000000000000003
22	0.00010000000000000003	0.00010000000000000003	0.00010000000000000003	0.00010000000000000003	0.00010000000000000003	0.00010000000000000003	0.00010000000000000003	0.00010000000000000003	0.00010000000000000003	0.00010000000000000003	0.00010000000000000003	0.00010000000000000003	0.00010000000000000003	0.00010000000000000003	0.00010000000000000003	0.00010000000000000003
23	0.00010000000000000003	0.00010000000000000003	0.00010000000000000003	0.00010000000000000003	0.00010000000000000003	0.00010000000000000003	0.00010000000000000003	0.00010000000000000003	0.00010000000000000003	0.00010000000000000003	0.00010000000000000003	0.00010000000000000003	0.00010000000000000003	0.00010000000000000003	0.00010000000000000003	0.00010000000000000003
24	0.00010000000000000003	0.00010000000000000003	0.00010000000000000003	0.00010000000000000003	0.00010000000000000003	0.00010000000000000003	0.00010000000000000003	0.00010000000000000003	0.00010000000000000003	0.00010000000000000003	0.00010000000000000003	0.00010000000000000003	0.00010000000000000003	0.00010000000000000003	0.00010000000000000003	0.00010000000000000003
["PT_COLLECTOR","C4",*,*] :	1	2	3	4	5	6	7	8	9	10	11	12	13	14	15	16 := 
1	0.00010000000000000003	0.00010000000000000003	0.00010000000000000003	0.00010000000000000003	0.00010000000000000003	0.00010000000000000003	0.00010000000000000003	0.00010000000000000003	0.00010000000000000003	0.00010000000000000003	0.00010000000000000003	0.00010000000000000003	0.00010000000000000003	0.00010000000000000003	0.00010000000000000003	0.00010000000000000003
2	0.00010000000000000003	0.00010000000000000003	0.00010000000000000003	0.00010000000000000003	0.00010000000000000003	0.00010000000000000003	0.00010000000000000003	0.00010000000000000003	0.00010000000000000003	0.00010000000000000003	0.00010000000000000003	0.00010000000000000003	0.00010000000000000003	0.00010000000000000003	0.00010000000000000003	0.00010000000000000003
3	0.00010000000000000003	0.00010000000000000003	0.00010000000000000003	0.00010000000000000003	0.00010000000000000003	0.00010000000000000003	0.00010000000000000003	0.00010000000000000003	0.00010000000000000003	0.00010000000000000003	0.00010000000000000003	0.00010000000000000003	0.00010000000000000003	0.00010000000000000003	0.00010000000000000003	0.00010000000000000003
4	0.00010000000000000003	0.00010000000000000003	0.00010000000000000003	0.00010000000000000003	0.00010000000000000003	0.00010000000000000003	0.00010000000000000003	0.00010000000000000003	0.00010000000000000003	0.00010000000000000003	0.00010000000000000003	0.00010000000000000003	0.00010000000000000003	0.00010000000000000003	0.00010000000000000003	0.00010000000000000003
5	0.00010000000000000003	0.00010000000000000003	0.00010000000000000003	0.00010000000000000003	0.00010000000000000003	0.00010000000000000003	0.00010000000000000003	0.00010000000000000003	0.00010000000000000003	0.00010000000000000003	0.00010000000000000003	0.00010000000000000003	0.00010000000000000003	0.00010000000000000003	0.00010000000000000003	0.00010000000000000003
6	0.00010000000000000003	0.00010000000000000003	0.00010000000000000003	0.00010000000000000003	0.00010000000000000003	0.00010000000000000003	0.00010000000000000003	0.00010000000000000003	0.00010000000000000003	0.00010000000000000003	0.00010000000000000003	0.00010000000000000003	0.00010000000000000003	0.00010000000000000003	0.00010000000000000003	0.00010000000000000003
7	0.00010000000000000003	0.00010000000000000003	0.00010000000000000003	0.00010000000000000003	0.00010000000000000003	0.00010000000000000003	0.00010000000000000003	0.00010000000000000003	0.00010000000000000003	0.00010000000000000003	0.00010000000000000003	0.00010000000000000003	0.00010000000000000003	0.00010000000000000003	0.00010000000000000003	0.00010000000000000003
8	0.00010000000000000003	0.00010000000000000003	0.00010000000000000003	0.00010000000000000003	0.00010000000000000003	0.00010000000000000003	0.00010000000000000003	0.00010000000000000003	0.00010000000000000003	0.00010000000000000003	0.00010000000000000003	0.00010000000000000003	0.00010000000000000003	0.00010000000000000003	0.00010000000000000003	0.00010000000000000003
9	0.00010000000000000003	0.00010000000000000003	0.00010000000000000003	0.00010000000000000003	0.00010000000000000003	0.00010000000000000003	0.00010000000000000003	0.00010000000000000003	0.00010000000000000003	0.00010000000000000003	0.00010000000000000003	0.00010000000000000003	0.00010000000000000003	0.00010000000000000003	0.00010000000000000003	0.00010000000000000003
10	0.00010000000000000003	0.00010000000000000003	0.00010000000000000003	0.00010000000000000003	0.00010000000000000003	0.00010000000000000003	0.00010000000000000003	0.00010000000000000003	0.00010000000000000003	0.00010000000000000003	0.00010000000000000003	0.00010000000000000003	0.00010000000000000003	0.00010000000000000003	0.00010000000000000003	0.00010000000000000003
11	0.00010000000000000003	0.00010000000000000003	0.00010000000000000003	0.00010000000000000003	0.00010000000000000003	0.00010000000000000003	0.00010000000000000003	0.00010000000000000003	0.00010000000000000003	0.00010000000000000003	0.00010000000000000003	0.00010000000000000003	0.00010000000000000003	0.00010000000000000003	0.00010000000000000003	0.00010000000000000003
12	0.00010000000000000003	0.00010000000000000003	0.00010000000000000003	0.00010000000000000003	0.00010000000000000003	0.00010000000000000003	0.00010000000000000003	0.00010000000000000003	0.00010000000000000003	0.00010000000000000003	0.00010000000000000003	0.00010000000000000003	0.00010000000000000003	0.00010000000000000003	0.00010000000000000003	0.00010000000000000003
13	0.00010000000000000003	0.00010000000000000003	0.00010000000000000003	0.00010000000000000003	0.00010000000000000003	0.00010000000000000003	0.00010000000000000003	0.00010000000000000003	0.00010000000000000003	0.00010000000000000003	0.00010000000000000003	0.00010000000000000003	0.00010000000000000003	0.00010000000000000003	0.00010000000000000003	0.00010000000000000003
14	0.00010000000000000003	0.00010000000000000003	0.00010000000000000003	0.00010000000000000003	0.00010000000000000003	0.00010000000000000003	0.00010000000000000003	0.00010000000000000003	0.00010000000000000003	0.00010000000000000003	0.00010000000000000003	0.00010000000000000003	0.00010000000000000003	0.00010000000000000003	0.00010000000000000003	0.00010000000000000003
15	0.00010000000000000003	0.00010000000000000003	0.00010000000000000003	0.00010000000000000003	0.00010000000000000003	0.00010000000000000003	0.00010000000000000003	0.00010000000000000003	0.00010000000000000003	0.00010000000000000003	0.00010000000000000003	0.00010000000000000003	0.00010000000000000003	0.00010000000000000003	0.00010000000000000003	0.00010000000000000003
16	0.00010000000000000003	0.00010000000000000003	0.00010000000000000003	0.00010000000000000003	0.00010000000000000003	0.00010000000000000003	0.00010000000000000003	0.00010000000000000003	0.00010000000000000003	0.00010000000000000003	0.00010000000000000003	0.00010000000000000003	0.00010000000000000003	0.00010000000000000003	0.00010000000000000003	0.00010000000000000003
17	0.00010000000000000003	0.00010000000000000003	0.00010000000000000003	0.00010000000000000003	0.00010000000000000003	0.00010000000000000003	0.00010000000000000003	0.00010000000000000003	0.00010000000000000003	0.00010000000000000003	0.00010000000000000003	0.00010000000000000003	0.00010000000000000003	0.00010000000000000003	0.00010000000000000003	0.00010000000000000003
18	0.00010000000000000003	0.00010000000000000003	0.00010000000000000003	0.00010000000000000003	0.00010000000000000003	0.00010000000000000003	0.00010000000000000003	0.00010000000000000003	0.00010000000000000003	0.00010000000000000003	0.00010000000000000003	0.00010000000000000003	0.00010000000000000003	0.00010000000000000003	0.00010000000000000003	0.00010000000000000003
19	0.00010000000000000003	0.00010000000000000003	0.00010000000000000003	0.00010000000000000003	0.00010000000000000003	0.00010000000000000003	0.00010000000000000003	0.00010000000000000003	0.00010000000000000003	0.00010000000000000003	0.00010000000000000003	0.00010000000000000003	0.00010000000000000003	0.00010000000000000003	0.00010000000000000003	0.00010000000000000003
20	0.00010000000000000003	0.00010000000000000003	0.00010000000000000003	0.00010000000000000003	0.00010000000000000003	0.00010000000000000003	0.00010000000000000003	0.00010000000000000003	0.00010000000000000003	0.00010000000000000003	0.00010000000000000003	0.00010000000000000003	0.00010000000000000003	0.00010000000000000003	0.00010000000000000003	0.00010000000000000003
21	0.00010000000000000003	0.00010000000000000003	0.00010000000000000003	0.00010000000000000003	0.00010000000000000003	0.00010000000000000003	0.00010000000000000003	0.00010000000000000003	0.00010000000000000003	0.00010000000000000003	0.00010000000000000003	0.00010000000000000003	0.00010000000000000003	0.00010000000000000003	0.00010000000000000003	0.00010000000000000003
22	0.00010000000000000003	0.00010000000000000003	0.00010000000000000003	0.00010000000000000003	0.00010000000000000003	0.00010000000000000003	0.00010000000000000003	0.00010000000000000003	0.00010000000000000003	0.00010000000000000003	0.00010000000000000003	0.00010000000000000003	0.00010000000000000003	0.00010000000000000003	0.00010000000000000003	0.00010000000000000003
23	0.00010000000000000003	0.00010000000000000003	0.00010000000000000003	0.00010000000000000003	0.00010000000000000003	0.00010000000000000003	0.00010000000000000003	0.00010000000000000003	0.00010000000000000003	0.00010000000000000003	0.00010000000000000003	0.00010000000000000003	0.00010000000000000003	0.00010000000000000003	0.00010000000000000003	0.00010000000000000003
24	0.00010000000000000003	0.00010000000000000003	0.00010000000000000003	0.00010000000000000003	0.00010000000000000003	0.00010000000000000003	0.00010000000000000003	0.00010000000000000003	0.00010000000000000003	0.00010000000000000003	0.00010000000000000003	0.00010000000000000003	0.00010000000000000003	0.00010000000000000003	0.00010000000000000003	0.00010000000000000003
["PT_COLLECTOR","C5",*,*] :	1	2	3	4	5	6	7	8	9	10	11	12	13	14	15	16 := 
1	0.00010000000000000003	0.00010000000000000003	0.00010000000000000003	0.00010000000000000003	0.00010000000000000003	0.00010000000000000003	0.00010000000000000003	0.00010000000000000003	0.00010000000000000003	0.00010000000000000003	0.00010000000000000003	0.00010000000000000003	0.00010000000000000003	0.00010000000000000003	0.00010000000000000003	0.00010000000000000003
2	0.00010000000000000003	0.00010000000000000003	0.00010000000000000003	0.00010000000000000003	0.00010000000000000003	0.00010000000000000003	0.00010000000000000003	0.00010000000000000003	0.00010000000000000003	0.00010000000000000003	0.00010000000000000003	0.00010000000000000003	0.00010000000000000003	0.00010000000000000003	0.00010000000000000003	0.00010000000000000003
3	0.00010000000000000003	0.00010000000000000003	0.00010000000000000003	0.00010000000000000003	0.00010000000000000003	0.00010000000000000003	0.00010000000000000003	0.00010000000000000003	0.00010000000000000003	0.00010000000000000003	0.00010000000000000003	0.00010000000000000003	0.00010000000000000003	0.00010000000000000003	0.00010000000000000003	0.00010000000000000003
4	0.00010000000000000003	0.00010000000000000003	0.00010000000000000003	0.00010000000000000003	0.00010000000000000003	0.00010000000000000003	0.00010000000000000003	0.00010000000000000003	0.00010000000000000003	0.00010000000000000003	0.00010000000000000003	0.00010000000000000003	0.00010000000000000003	0.00010000000000000003	0.00010000000000000003	0.00010000000000000003
5	0.00010000000000000003	0.00010000000000000003	0.00010000000000000003	0.00010000000000000003	0.00010000000000000003	0.00010000000000000003	0.00010000000000000003	0.00010000000000000003	0.00010000000000000003	0.00010000000000000003	0.00010000000000000003	0.00010000000000000003	0.00010000000000000003	0.00010000000000000003	0.00010000000000000003	0.00010000000000000003
6	0.00010000000000000003	0.00010000000000000003	0.00010000000000000003	0.00010000000000000003	0.00010000000000000003	0.00010000000000000003	0.00010000000000000003	0.00010000000000000003	0.00010000000000000003	0.00010000000000000003	0.00010000000000000003	0.00010000000000000003	0.00010000000000000003	0.00010000000000000003	0.00010000000000000003	0.00010000000000000003
7	0.00010000000000000003	0.00010000000000000003	0.00010000000000000003	0.00010000000000000003	0.00010000000000000003	0.00010000000000000003	0.00010000000000000003	0.00010000000000000003	0.00010000000000000003	0.00010000000000000003	0.00010000000000000003	0.00010000000000000003	0.00010000000000000003	0.00010000000000000003	0.00010000000000000003	0.00010000000000000003
8	0.00010000000000000003	0.00010000000000000003	0.00010000000000000003	0.00010000000000000003	0.00010000000000000003	0.00010000000000000003	0.00010000000000000003	0.00010000000000000003	0.00010000000000000003	0.00010000000000000003	0.00010000000000000003	0.00010000000000000003	0.00010000000000000003	0.00010000000000000003	0.00010000000000000003	0.00010000000000000003
9	0.00010000000000000003	0.00010000000000000003	0.00010000000000000003	0.00010000000000000003	0.00010000000000000003	0.00010000000000000003	0.00010000000000000003	0.00010000000000000003	0.00010000000000000003	0.00010000000000000003	0.00010000000000000003	0.00010000000000000003	0.00010000000000000003	0.00010000000000000003	0.00010000000000000003	0.00010000000000000003
10	0.00010000000000000003	0.00010000000000000003	0.00010000000000000003	0.00010000000000000003	0.00010000000000000003	0.00010000000000000003	0.00010000000000000003	0.00010000000000000003	0.00010000000000000003	0.00010000000000000003	0.00010000000000000003	0.00010000000000000003	0.00010000000000000003	0.00010000000000000003	0.00010000000000000003	0.00010000000000000003
11	0.00010000000000000003	0.00010000000000000003	0.00010000000000000003	0.00010000000000000003	0.00010000000000000003	0.00010000000000000003	0.00010000000000000003	0.00010000000000000003	0.00010000000000000003	0.00010000000000000003	0.00010000000000000003	0.00010000000000000003	0.00010000000000000003	0.00010000000000000003	0.00010000000000000003	0.00010000000000000003
12	0.00010000000000000003	0.00010000000000000003	0.00010000000000000003	0.00010000000000000003	0.00010000000000000003	0.00010000000000000003	0.00010000000000000003	0.00010000000000000003	0.00010000000000000003	0.00010000000000000003	0.00010000000000000003	0.00010000000000000003	0.00010000000000000003	0.00010000000000000003	0.00010000000000000003	0.00010000000000000003
13	0.00010000000000000003	0.00010000000000000003	0.00010000000000000003	0.00010000000000000003	0.00010000000000000003	0.00010000000000000003	0.00010000000000000003	0.00010000000000000003	0.00010000000000000003	0.00010000000000000003	0.00010000000000000003	0.00010000000000000003	0.00010000000000000003	0.00010000000000000003	0.00010000000000000003	0.00010000000000000003
14	0.00010000000000000003	0.00010000000000000003	0.00010000000000000003	0.00010000000000000003	0.00010000000000000003	0.00010000000000000003	0.00010000000000000003	0.00010000000000000003	0.00010000000000000003	0.00010000000000000003	0.00010000000000000003	0.00010000000000000003	0.00010000000000000003	0.00010000000000000003	0.00010000000000000003	0.00010000000000000003
15	0.00010000000000000003	0.00010000000000000003	0.00010000000000000003	0.00010000000000000003	0.00010000000000000003	0.00010000000000000003	0.00010000000000000003	0.00010000000000000003	0.00010000000000000003	0.00010000000000000003	0.00010000000000000003	0.00010000000000000003	0.00010000000000000003	0.00010000000000000003	0.00010000000000000003	0.00010000000000000003
16	0.00010000000000000003	0.00010000000000000003	0.00010000000000000003	0.00010000000000000003	0.00010000000000000003	0.00010000000000000003	0.00010000000000000003	0.00010000000000000003	0.00010000000000000003	0.00010000000000000003	0.00010000000000000003	0.00010000000000000003	0.00010000000000000003	0.00010000000000000003	0.00010000000000000003	0.00010000000000000003
17	0.00010000000000000003	0.00010000000000000003	0.00010000000000000003	0.00010000000000000003	0.00010000000000000003	0.00010000000000000003	0.00010000000000000003	0.00010000000000000003	0.00010000000000000003	0.00010000000000000003	0.00010000000000000003	0.00010000000000000003	0.00010000000000000003	0.00010000000000000003	0.00010000000000000003	0.00010000000000000003
18	0.00010000000000000003	0.00010000000000000003	0.00010000000000000003	0.00010000000000000003	0.00010000000000000003	0.00010000000000000003	0.00010000000000000003	0.00010000000000000003	0.00010000000000000003	0.00010000000000000003	0.00010000000000000003	0.00010000000000000003	0.00010000000000000003	0.00010000000000000003	0.00010000000000000003	0.00010000000000000003
19	0.00010000000000000003	0.00010000000000000003	0.00010000000000000003	0.00010000000000000003	0.00010000000000000003	0.00010000000000000003	0.00010000000000000003	0.00010000000000000003	0.00010000000000000003	0.00010000000000000003	0.00010000000000000003	0.00010000000000000003	0.00010000000000000003	0.00010000000000000003	0.00010000000000000003	0.00010000000000000003
20	0.00010000000000000003	0.00010000000000000003	0.00010000000000000003	0.00010000000000000003	0.00010000000000000003	0.00010000000000000003	0.00010000000000000003	0.00010000000000000003	0.00010000000000000003	0.00010000000000000003	0.00010000000000000003	0.00010000000000000003	0.00010000000000000003	0.00010000000000000003	0.00010000000000000003	0.00010000000000000003
21	0.00010000000000000003	0.00010000000000000003	0.00010000000000000003	0.00010000000000000003	0.00010000000000000003	0.00010000000000000003	0.00010000000000000003	0.00010000000000000003	0.00010000000000000003	0.00010000000000000003	0.00010000000000000003	0.00010000000000000003	0.00010000000000000003	0.00010000000000000003	0.00010000000000000003	0.00010000000000000003
22	0.00010000000000000003	0.00010000000000000003	0.00010000000000000003	0.00010000000000000003	0.00010000000000000003	0.00010000000000000003	0.00010000000000000003	0.00010000000000000003	0.00010000000000000003	0.00010000000000000003	0.00010000000000000003	0.00010000000000000003	0.00010000000000000003	0.00010000000000000003	0.00010000000000000003	0.00010000000000000003
23	0.00010000000000000003	0.00010000000000000003	0.00010000000000000003	0.00010000000000000003	0.00010000000000000003	0.00010000000000000003	0.00010000000000000003	0.00010000000000000003	0.00010000000000000003	0.00010000000000000003	0.00010000000000000003	0.00010000000000000003	0.00010000000000000003	0.00010000000000000003	0.00010000000000000003	0.00010000000000000003
24	0.00010000000000000003	0.00010000000000000003	0.00010000000000000003	0.00010000000000000003	0.00010000000000000003	0.00010000000000000003	0.00010000000000000003	0.00010000000000000003	0.00010000000000000003	0.00010000000000000003	0.00010000000000000003	0.00010000000000000003	0.00010000000000000003	0.00010000000000000003	0.00010000000000000003	0.00010000000000000003
["ST_COLLECTOR","C1",*,*] :	1	2	3	4	5	6	7	8	9	10	11	12	13	14	15	16 := 
1	0.00010000000000000003	0.00010000000000000003	0.00010000000000000003	0.00010000000000000003	0.00010000000000000003	0.00010000000000000003	0.00010000000000000003	0.00010000000000000003	0.00010000000000000003	0.00010000000000000003	0.00010000000000000003	0.00010000000000000003	0.00010000000000000003	0.00010000000000000003	0.00010000000000000003	0.00010000000000000003
2	0.00010000000000000003	0.00010000000000000003	0.00010000000000000003	0.00010000000000000003	0.00010000000000000003	0.00010000000000000003	0.00010000000000000003	0.00010000000000000003	0.00010000000000000003	0.00010000000000000003	0.00010000000000000003	0.00010000000000000003	0.00010000000000000003	0.00010000000000000003	0.00010000000000000003	0.00010000000000000003
3	0.00010000000000000003	0.00010000000000000003	0.00010000000000000003	0.00010000000000000003	0.00010000000000000003	0.00010000000000000003	0.00010000000000000003	0.00010000000000000003	0.00010000000000000003	0.00010000000000000003	0.00010000000000000003	0.00010000000000000003	0.00010000000000000003	0.00010000000000000003	0.00010000000000000003	0.00010000000000000003
4	0.00010000000000000003	0.00010000000000000003	0.00010000000000000003	0.00010000000000000003	0.00010000000000000003	0.00010000000000000003	0.00010000000000000003	0.00010000000000000003	0.00010000000000000003	0.00010000000000000003	0.00010000000000000003	0.00010000000000000003	0.00010000000000000003	0.00010000000000000003	0.00010000000000000003	0.00010000000000000003
5	0.00010000000000000003	0.00010000000000000003	0.00010000000000000003	0.00010000000000000003	0.00010000000000000003	0.00010000000000000003	0.00010000000000000003	0.00010000000000000003	0.00010000000000000003	0.00010000000000000003	0.00010000000000000003	0.00010000000000000003	0.00010000000000000003	0.00010000000000000003	0.00010000000000000003	0.00010000000000000003
6	0.00010000000000000003	0.00010000000000000003	0.00010000000000000003	0.00010000000000000003	0.00010000000000000003	0.00010000000000000003	0.00010000000000000003	0.00010000000000000003	0.00010000000000000003	0.00010000000000000003	0.00010000000000000003	0.00010000000000000003	0.00010000000000000003	0.00010000000000000003	0.00010000000000000003	0.00010000000000000003
7	0.00010000000000000003	0.00010000000000000003	0.00010000000000000003	0.00010000000000000003	0.00010000000000000003	0.00010000000000000003	0.00010000000000000003	0.00010000000000000003	0.00010000000000000003	0.00010000000000000003	0.00010000000000000003	0.00010000000000000003	0.00010000000000000003	0.00010000000000000003	0.00010000000000000003	0.00010000000000000003
8	0.00010000000000000003	0.00010000000000000003	0.00010000000000000003	0.00010000000000000003	0.00010000000000000003	0.00010000000000000003	0.00010000000000000003	0.00010000000000000003	0.00010000000000000003	0.00010000000000000003	0.00010000000000000003	0.00010000000000000003	0.00010000000000000003	0.00010000000000000003	0.00010000000000000003	0.00010000000000000003
9	0.00010000000000000003	0.00010000000000000003	0.00010000000000000003	0.00010000000000000003	0.00010000000000000003	0.00010000000000000003	0.00010000000000000003	0.00010000000000000003	0.00010000000000000003	0.00010000000000000003	0.00010000000000000003	0.00010000000000000003	0.00010000000000000003	0.00010000000000000003	0.00010000000000000003	0.00010000000000000003
10	0.00010000000000000003	0.00010000000000000003	0.00010000000000000003	0.00010000000000000003	0.00010000000000000003	0.00010000000000000003	0.00010000000000000003	0.00010000000000000003	0.00010000000000000003	0.00010000000000000003	0.00010000000000000003	0.00010000000000000003	0.00010000000000000003	0.00010000000000000003	0.00010000000000000003	0.00010000000000000003
11	0.00010000000000000003	0.00010000000000000003	0.00010000000000000003	0.00010000000000000003	0.00010000000000000003	0.00010000000000000003	0.00010000000000000003	0.00010000000000000003	0.00010000000000000003	0.00010000000000000003	0.00010000000000000003	0.00010000000000000003	0.00010000000000000003	0.00010000000000000003	0.00010000000000000003	0.00010000000000000003
12	0.00010000000000000003	0.00010000000000000003	0.00010000000000000003	0.00010000000000000003	0.00010000000000000003	0.00010000000000000003	0.00010000000000000003	0.00010000000000000003	0.00010000000000000003	0.00010000000000000003	0.00010000000000000003	0.00010000000000000003	0.00010000000000000003	0.00010000000000000003	0.00010000000000000003	0.00010000000000000003
13	0.00010000000000000003	0.00010000000000000003	0.00010000000000000003	0.00010000000000000003	0.00010000000000000003	0.00010000000000000003	0.00010000000000000003	0.00010000000000000003	0.00010000000000000003	0.00010000000000000003	0.00010000000000000003	0.00010000000000000003	0.00010000000000000003	0.00010000000000000003	0.00010000000000000003	0.00010000000000000003
14	0.00010000000000000003	0.00010000000000000003	0.00010000000000000003	0.00010000000000000003	0.00010000000000000003	0.00010000000000000003	0.00010000000000000003	0.00010000000000000003	0.00010000000000000003	0.00010000000000000003	0.00010000000000000003	0.00010000000000000003	0.00010000000000000003	0.00010000000000000003	0.00010000000000000003	0.00010000000000000003
15	0.00010000000000000003	0.00010000000000000003	0.00010000000000000003	0.00010000000000000003	0.00010000000000000003	0.00010000000000000003	0.00010000000000000003	0.00010000000000000003	0.00010000000000000003	0.00010000000000000003	0.00010000000000000003	0.00010000000000000003	0.00010000000000000003	0.00010000000000000003	0.00010000000000000003	0.00010000000000000003
16	0.00010000000000000003	0.00010000000000000003	0.00010000000000000003	0.00010000000000000003	0.00010000000000000003	0.00010000000000000003	0.00010000000000000003	0.00010000000000000003	0.00010000000000000003	0.00010000000000000003	0.00010000000000000003	0.00010000000000000003	0.00010000000000000003	0.00010000000000000003	0.00010000000000000003	0.00010000000000000003
17	0.00010000000000000003	0.00010000000000000003	0.00010000000000000003	0.00010000000000000003	0.00010000000000000003	0.00010000000000000003	0.00010000000000000003	0.00010000000000000003	0.00010000000000000003	0.00010000000000000003	0.00010000000000000003	0.00010000000000000003	0.00010000000000000003	0.00010000000000000003	0.00010000000000000003	0.00010000000000000003
18	0.00010000000000000003	0.00010000000000000003	0.00010000000000000003	0.00010000000000000003	0.00010000000000000003	0.00010000000000000003	0.00010000000000000003	0.00010000000000000003	0.00010000000000000003	0.00010000000000000003	0.00010000000000000003	0.00010000000000000003	0.00010000000000000003	0.00010000000000000003	0.00010000000000000003	0.00010000000000000003
19	0.00010000000000000003	0.00010000000000000003	0.00010000000000000003	0.00010000000000000003	0.00010000000000000003	0.00010000000000000003	0.00010000000000000003	0.00010000000000000003	0.00010000000000000003	0.00010000000000000003	0.00010000000000000003	0.00010000000000000003	0.00010000000000000003	0.00010000000000000003	0.00010000000000000003	0.00010000000000000003
20	0.00010000000000000003	0.00010000000000000003	0.00010000000000000003	0.00010000000000000003	0.00010000000000000003	0.00010000000000000003	0.00010000000000000003	0.00010000000000000003	0.00010000000000000003	0.00010000000000000003	0.00010000000000000003	0.00010000000000000003	0.00010000000000000003	0.00010000000000000003	0.00010000000000000003	0.00010000000000000003
21	0.00010000000000000003	0.00010000000000000003	0.00010000000000000003	0.00010000000000000003	0.00010000000000000003	0.00010000000000000003	0.00010000000000000003	0.00010000000000000003	0.00010000000000000003	0.00010000000000000003	0.00010000000000000003	0.00010000000000000003	0.00010000000000000003	0.00010000000000000003	0.00010000000000000003	0.00010000000000000003
22	0.00010000000000000003	0.00010000000000000003	0.00010000000000000003	0.00010000000000000003	0.00010000000000000003	0.00010000000000000003	0.00010000000000000003	0.00010000000000000003	0.00010000000000000003	0.00010000000000000003	0.00010000000000000003	0.00010000000000000003	0.00010000000000000003	0.00010000000000000003	0.00010000000000000003	0.00010000000000000003
23	0.00010000000000000003	0.00010000000000000003	0.00010000000000000003	0.00010000000000000003	0.00010000000000000003	0.00010000000000000003	0.00010000000000000003	0.00010000000000000003	0.00010000000000000003	0.00010000000000000003	0.00010000000000000003	0.00010000000000000003	0.00010000000000000003	0.00010000000000000003	0.00010000000000000003	0.00010000000000000003
24	0.00010000000000000003	0.00010000000000000003	0.00010000000000000003	0.00010000000000000003	0.00010000000000000003	0.00010000000000000003	0.00010000000000000003	0.00010000000000000003	0.00010000000000000003	0.00010000000000000003	0.00010000000000000003	0.00010000000000000003	0.00010000000000000003	0.00010000000000000003	0.00010000000000000003	0.00010000000000000003
["ST_COLLECTOR","C2",*,*] :	1	2	3	4	5	6	7	8	9	10	11	12	13	14	15	16 := 
1	0.00010000000000000003	0.00010000000000000003	0.00010000000000000003	0.00010000000000000003	0.00010000000000000003	0.00010000000000000003	0.00010000000000000003	0.00010000000000000003	0.00010000000000000003	0.00010000000000000003	0.00010000000000000003	0.00010000000000000003	0.00010000000000000003	0.00010000000000000003	0.00010000000000000003	0.00010000000000000003
2	0.00010000000000000003	0.00010000000000000003	0.00010000000000000003	0.00010000000000000003	0.00010000000000000003	0.00010000000000000003	0.00010000000000000003	0.00010000000000000003	0.00010000000000000003	0.00010000000000000003	0.00010000000000000003	0.00010000000000000003	0.00010000000000000003	0.00010000000000000003	0.00010000000000000003	0.00010000000000000003
3	0.00010000000000000003	0.00010000000000000003	0.00010000000000000003	0.00010000000000000003	0.00010000000000000003	0.00010000000000000003	0.00010000000000000003	0.00010000000000000003	0.00010000000000000003	0.00010000000000000003	0.00010000000000000003	0.00010000000000000003	0.00010000000000000003	0.00010000000000000003	0.00010000000000000003	0.00010000000000000003
4	0.00010000000000000003	0.00010000000000000003	0.00010000000000000003	0.00010000000000000003	0.00010000000000000003	0.00010000000000000003	0.00010000000000000003	0.00010000000000000003	0.00010000000000000003	0.00010000000000000003	0.00010000000000000003	0.00010000000000000003	0.00010000000000000003	0.00010000000000000003	0.00010000000000000003	0.00010000000000000003
5	0.00010000000000000003	0.00010000000000000003	0.00010000000000000003	0.00010000000000000003	0.00010000000000000003	0.00010000000000000003	0.00010000000000000003	0.00010000000000000003	0.00010000000000000003	0.00010000000000000003	0.00010000000000000003	0.00010000000000000003	0.00010000000000000003	0.00010000000000000003	0.00010000000000000003	0.00010000000000000003
6	0.00010000000000000003	0.00010000000000000003	0.00010000000000000003	0.00010000000000000003	0.00010000000000000003	0.00010000000000000003	0.00010000000000000003	0.00010000000000000003	0.00010000000000000003	0.00010000000000000003	0.00010000000000000003	0.00010000000000000003	0.00010000000000000003	0.00010000000000000003	0.00010000000000000003	0.00010000000000000003
7	0.00010000000000000003	0.00010000000000000003	0.00010000000000000003	0.00010000000000000003	0.00010000000000000003	0.00010000000000000003	0.00010000000000000003	0.00010000000000000003	0.00010000000000000003	0.00010000000000000003	0.00010000000000000003	0.00010000000000000003	0.00010000000000000003	0.00010000000000000003	0.00010000000000000003	0.00010000000000000003
8	0.00010000000000000003	0.00010000000000000003	0.00010000000000000003	0.00010000000000000003	0.00010000000000000003	0.00010000000000000003	0.00010000000000000003	0.00010000000000000003	0.00010000000000000003	0.00010000000000000003	0.00010000000000000003	0.00010000000000000003	0.00010000000000000003	0.00010000000000000003	0.00010000000000000003	0.00010000000000000003
9	0.00010000000000000003	0.00010000000000000003	0.00010000000000000003	0.00010000000000000003	0.00010000000000000003	0.00010000000000000003	0.00010000000000000003	0.00010000000000000003	0.00010000000000000003	0.00010000000000000003	0.00010000000000000003	0.00010000000000000003	0.00010000000000000003	0.00010000000000000003	0.00010000000000000003	0.00010000000000000003
10	0.00010000000000000003	0.00010000000000000003	0.00010000000000000003	0.00010000000000000003	0.00010000000000000003	0.00010000000000000003	0.00010000000000000003	0.00010000000000000003	0.00010000000000000003	0.00010000000000000003	0.00010000000000000003	0.00010000000000000003	0.00010000000000000003	0.00010000000000000003	0.00010000000000000003	0.00010000000000000003
11	0.00010000000000000003	0.00010000000000000003	0.00010000000000000003	0.00010000000000000003	0.00010000000000000003	0.00010000000000000003	0.00010000000000000003	0.00010000000000000003	0.00010000000000000003	0.00010000000000000003	0.00010000000000000003	0.00010000000000000003	0.00010000000000000003	0.00010000000000000003	0.00010000000000000003	0.00010000000000000003
12	0.00010000000000000003	0.00010000000000000003	0.00010000000000000003	0.00010000000000000003	0.00010000000000000003	0.00010000000000000003	0.00010000000000000003	0.00010000000000000003	0.00010000000000000003	0.00010000000000000003	0.00010000000000000003	0.00010000000000000003	0.00010000000000000003	0.00010000000000000003	0.00010000000000000003	0.00010000000000000003
13	0.00010000000000000003	0.00010000000000000003	0.00010000000000000003	0.00010000000000000003	0.00010000000000000003	0.00010000000000000003	0.00010000000000000003	0.00010000000000000003	0.00010000000000000003	0.00010000000000000003	0.00010000000000000003	0.00010000000000000003	0.00010000000000000003	0.00010000000000000003	0.00010000000000000003	0.00010000000000000003
14	0.00010000000000000003	0.00010000000000000003	0.00010000000000000003	0.00010000000000000003	0.00010000000000000003	0.00010000000000000003	0.00010000000000000003	0.00010000000000000003	0.00010000000000000003	0.00010000000000000003	0.00010000000000000003	0.00010000000000000003	0.00010000000000000003	0.00010000000000000003	0.00010000000000000003	0.00010000000000000003
15	0.00010000000000000003	0.00010000000000000003	0.00010000000000000003	0.00010000000000000003	0.00010000000000000003	0.00010000000000000003	0.00010000000000000003	0.00010000000000000003	0.00010000000000000003	0.00010000000000000003	0.00010000000000000003	0.00010000000000000003	0.00010000000000000003	0.00010000000000000003	0.00010000000000000003	0.00010000000000000003
16	0.00010000000000000003	0.00010000000000000003	0.00010000000000000003	0.00010000000000000003	0.00010000000000000003	0.00010000000000000003	0.00010000000000000003	0.00010000000000000003	0.00010000000000000003	0.00010000000000000003	0.00010000000000000003	0.00010000000000000003	0.00010000000000000003	0.00010000000000000003	0.00010000000000000003	0.00010000000000000003
17	0.00010000000000000003	0.00010000000000000003	0.00010000000000000003	0.00010000000000000003	0.00010000000000000003	0.00010000000000000003	0.00010000000000000003	0.00010000000000000003	0.00010000000000000003	0.00010000000000000003	0.00010000000000000003	0.00010000000000000003	0.00010000000000000003	0.00010000000000000003	0.00010000000000000003	0.00010000000000000003
18	0.00010000000000000003	0.00010000000000000003	0.00010000000000000003	0.00010000000000000003	0.00010000000000000003	0.00010000000000000003	0.00010000000000000003	0.00010000000000000003	0.00010000000000000003	0.00010000000000000003	0.00010000000000000003	0.00010000000000000003	0.00010000000000000003	0.00010000000000000003	0.00010000000000000003	0.00010000000000000003
19	0.00010000000000000003	0.00010000000000000003	0.00010000000000000003	0.00010000000000000003	0.00010000000000000003	0.00010000000000000003	0.00010000000000000003	0.00010000000000000003	0.00010000000000000003	0.00010000000000000003	0.00010000000000000003	0.00010000000000000003	0.00010000000000000003	0.00010000000000000003	0.00010000000000000003	0.00010000000000000003
20	0.00010000000000000003	0.00010000000000000003	0.00010000000000000003	0.00010000000000000003	0.00010000000000000003	0.00010000000000000003	0.00010000000000000003	0.00010000000000000003	0.00010000000000000003	0.00010000000000000003	0.00010000000000000003	0.00010000000000000003	0.00010000000000000003	0.00010000000000000003	0.00010000000000000003	0.00010000000000000003
21	0.00010000000000000003	0.00010000000000000003	0.00010000000000000003	0.00010000000000000003	0.00010000000000000003	0.00010000000000000003	0.00010000000000000003	0.00010000000000000003	0.00010000000000000003	0.00010000000000000003	0.00010000000000000003	0.00010000000000000003	0.00010000000000000003	0.00010000000000000003	0.00010000000000000003	0.00010000000000000003
22	0.00010000000000000003	0.00010000000000000003	0.00010000000000000003	0.00010000000000000003	0.00010000000000000003	0.00010000000000000003	0.00010000000000000003	0.00010000000000000003	0.00010000000000000003	0.00010000000000000003	0.00010000000000000003	0.00010000000000000003	0.00010000000000000003	0.00010000000000000003	0.00010000000000000003	0.00010000000000000003
23	0.00010000000000000003	0.00010000000000000003	0.00010000000000000003	0.00010000000000000003	0.00010000000000000003	0.00010000000000000003	0.00010000000000000003	0.00010000000000000003	0.00010000000000000003	0.00010000000000000003	0.00010000000000000003	0.00010000000000000003	0.00010000000000000003	0.00010000000000000003	0.00010000000000000003	0.00010000000000000003
24	0.00010000000000000003	0.00010000000000000003	0.00010000000000000003	0.00010000000000000003	0.00010000000000000003	0.00010000000000000003	0.00010000000000000003	0.00010000000000000003	0.00010000000000000003	0.00010000000000000003	0.00010000000000000003	0.00010000000000000003	0.00010000000000000003	0.00010000000000000003	0.00010000000000000003	0.00010000000000000003
["ST_COLLECTOR","C3",*,*] :	1	2	3	4	5	6	7	8	9	10	11	12	13	14	15	16 := 
1	0.00010000000000000003	0.00010000000000000003	0.00010000000000000003	0.00010000000000000003	0.00010000000000000003	0.00010000000000000003	0.00010000000000000003	0.00010000000000000003	0.00010000000000000003	0.00010000000000000003	0.00010000000000000003	0.00010000000000000003	0.00010000000000000003	0.00010000000000000003	0.00010000000000000003	0.00010000000000000003
2	0.00010000000000000003	0.00010000000000000003	0.00010000000000000003	0.00010000000000000003	0.00010000000000000003	0.00010000000000000003	0.00010000000000000003	0.00010000000000000003	0.00010000000000000003	0.00010000000000000003	0.00010000000000000003	0.00010000000000000003	0.00010000000000000003	0.00010000000000000003	0.00010000000000000003	0.00010000000000000003
3	0.00010000000000000003	0.00010000000000000003	0.00010000000000000003	0.00010000000000000003	0.00010000000000000003	0.00010000000000000003	0.00010000000000000003	0.00010000000000000003	0.00010000000000000003	0.00010000000000000003	0.00010000000000000003	0.00010000000000000003	0.00010000000000000003	0.00010000000000000003	0.00010000000000000003	0.00010000000000000003
4	0.00010000000000000003	0.00010000000000000003	0.00010000000000000003	0.00010000000000000003	0.00010000000000000003	0.00010000000000000003	0.00010000000000000003	0.00010000000000000003	0.00010000000000000003	0.00010000000000000003	0.00010000000000000003	0.00010000000000000003	0.00010000000000000003	0.00010000000000000003	0.00010000000000000003	0.00010000000000000003
5	0.00010000000000000003	0.00010000000000000003	0.00010000000000000003	0.00010000000000000003	0.00010000000000000003	0.00010000000000000003	0.00010000000000000003	0.00010000000000000003	0.00010000000000000003	0.00010000000000000003	0.00010000000000000003	0.00010000000000000003	0.00010000000000000003	0.00010000000000000003	0.00010000000000000003	0.00010000000000000003
6	0.00010000000000000003	0.00010000000000000003	0.00010000000000000003	0.00010000000000000003	0.00010000000000000003	0.00010000000000000003	0.00010000000000000003	0.00010000000000000003	0.00010000000000000003	0.00010000000000000003	0.00010000000000000003	0.00010000000000000003	0.00010000000000000003	0.00010000000000000003	0.00010000000000000003	0.00010000000000000003
7	0.00010000000000000003	0.00010000000000000003	0.00010000000000000003	0.00010000000000000003	0.00010000000000000003	0.00010000000000000003	0.00010000000000000003	0.00010000000000000003	0.00010000000000000003	0.00010000000000000003	0.00010000000000000003	0.00010000000000000003	0.00010000000000000003	0.00010000000000000003	0.00010000000000000003	0.00010000000000000003
8	0.00010000000000000003	0.00010000000000000003	0.00010000000000000003	0.00010000000000000003	0.00010000000000000003	0.00010000000000000003	0.00010000000000000003	0.00010000000000000003	0.00010000000000000003	0.00010000000000000003	0.00010000000000000003	0.00010000000000000003	0.00010000000000000003	0.00010000000000000003	0.00010000000000000003	0.00010000000000000003
9	0.00010000000000000003	0.00010000000000000003	0.00010000000000000003	0.00010000000000000003	0.00010000000000000003	0.00010000000000000003	0.00010000000000000003	0.00010000000000000003	0.00010000000000000003	0.00010000000000000003	0.00010000000000000003	0.00010000000000000003	0.00010000000000000003	0.00010000000000000003	0.00010000000000000003	0.00010000000000000003
10	0.00010000000000000003	0.00010000000000000003	0.00010000000000000003	0.00010000000000000003	0.00010000000000000003	0.00010000000000000003	0.00010000000000000003	0.00010000000000000003	0.00010000000000000003	0.00010000000000000003	0.00010000000000000003	0.00010000000000000003	0.00010000000000000003	0.00010000000000000003	0.00010000000000000003	0.00010000000000000003
11	0.00010000000000000003	0.00010000000000000003	0.00010000000000000003	0.00010000000000000003	0.00010000000000000003	0.00010000000000000003	0.00010000000000000003	0.00010000000000000003	0.00010000000000000003	0.00010000000000000003	0.00010000000000000003	0.00010000000000000003	0.00010000000000000003	0.00010000000000000003	0.00010000000000000003	0.00010000000000000003
12	0.00010000000000000003	0.00010000000000000003	0.00010000000000000003	0.00010000000000000003	0.00010000000000000003	0.00010000000000000003	0.00010000000000000003	0.00010000000000000003	0.00010000000000000003	0.00010000000000000003	0.00010000000000000003	0.00010000000000000003	0.00010000000000000003	0.00010000000000000003	0.00010000000000000003	0.00010000000000000003
13	0.00010000000000000003	0.00010000000000000003	0.00010000000000000003	0.00010000000000000003	0.00010000000000000003	0.00010000000000000003	0.00010000000000000003	0.00010000000000000003	0.00010000000000000003	0.00010000000000000003	0.00010000000000000003	0.00010000000000000003	0.00010000000000000003	0.00010000000000000003	0.00010000000000000003	0.00010000000000000003
14	0.00010000000000000003	0.00010000000000000003	0.00010000000000000003	0.00010000000000000003	0.00010000000000000003	0.00010000000000000003	0.00010000000000000003	0.00010000000000000003	0.00010000000000000003	0.00010000000000000003	0.00010000000000000003	0.00010000000000000003	0.00010000000000000003	0.00010000000000000003	0.00010000000000000003	0.00010000000000000003
15	0.00010000000000000003	0.00010000000000000003	0.00010000000000000003	0.00010000000000000003	0.00010000000000000003	0.00010000000000000003	0.00010000000000000003	0.00010000000000000003	0.00010000000000000003	0.00010000000000000003	0.00010000000000000003	0.00010000000000000003	0.00010000000000000003	0.00010000000000000003	0.00010000000000000003	0.00010000000000000003
16	0.00010000000000000003	0.00010000000000000003	0.00010000000000000003	0.00010000000000000003	0.00010000000000000003	0.00010000000000000003	0.00010000000000000003	0.00010000000000000003	0.00010000000000000003	0.00010000000000000003	0.00010000000000000003	0.00010000000000000003	0.00010000000000000003	0.00010000000000000003	0.00010000000000000003	0.00010000000000000003
17	0.00010000000000000003	0.00010000000000000003	0.00010000000000000003	0.00010000000000000003	0.00010000000000000003	0.00010000000000000003	0.00010000000000000003	0.00010000000000000003	0.00010000000000000003	0.00010000000000000003	0.00010000000000000003	0.00010000000000000003	0.00010000000000000003	0.00010000000000000003	0.00010000000000000003	0.00010000000000000003
18	0.00010000000000000003	0.00010000000000000003	0.00010000000000000003	0.00010000000000000003	0.00010000000000000003	0.00010000000000000003	0.00010000000000000003	0.00010000000000000003	0.00010000000000000003	0.00010000000000000003	0.00010000000000000003	0.00010000000000000003	0.00010000000000000003	0.00010000000000000003	0.00010000000000000003	0.00010000000000000003
19	0.00010000000000000003	0.00010000000000000003	0.00010000000000000003	0.00010000000000000003	0.00010000000000000003	0.00010000000000000003	0.00010000000000000003	0.00010000000000000003	0.00010000000000000003	0.00010000000000000003	0.00010000000000000003	0.00010000000000000003	0.00010000000000000003	0.00010000000000000003	0.00010000000000000003	0.00010000000000000003
20	0.00010000000000000003	0.00010000000000000003	0.00010000000000000003	0.00010000000000000003	0.00010000000000000003	0.00010000000000000003	0.00010000000000000003	0.00010000000000000003	0.00010000000000000003	0.00010000000000000003	0.00010000000000000003	0.00010000000000000003	0.00010000000000000003	0.00010000000000000003	0.00010000000000000003	0.00010000000000000003
21	0.00010000000000000003	0.00010000000000000003	0.00010000000000000003	0.00010000000000000003	0.00010000000000000003	0.00010000000000000003	0.00010000000000000003	0.00010000000000000003	0.00010000000000000003	0.00010000000000000003	0.00010000000000000003	0.00010000000000000003	0.00010000000000000003	0.00010000000000000003	0.00010000000000000003	0.00010000000000000003
22	0.00010000000000000003	0.00010000000000000003	0.00010000000000000003	0.00010000000000000003	0.00010000000000000003	0.00010000000000000003	0.00010000000000000003	0.00010000000000000003	0.00010000000000000003	0.00010000000000000003	0.00010000000000000003	0.00010000000000000003	0.00010000000000000003	0.00010000000000000003	0.00010000000000000003	0.00010000000000000003
23	0.00010000000000000003	0.00010000000000000003	0.00010000000000000003	0.00010000000000000003	0.00010000000000000003	0.00010000000000000003	0.00010000000000000003	0.00010000000000000003	0.00010000000000000003	0.00010000000000000003	0.00010000000000000003	0.00010000000000000003	0.00010000000000000003	0.00010000000000000003	0.00010000000000000003	0.00010000000000000003
24	0.00010000000000000003	0.00010000000000000003	0.00010000000000000003	0.00010000000000000003	0.00010000000000000003	0.00010000000000000003	0.00010000000000000003	0.00010000000000000003	0.00010000000000000003	0.00010000000000000003	0.00010000000000000003	0.00010000000000000003	0.00010000000000000003	0.00010000000000000003	0.00010000000000000003	0.00010000000000000003
["ST_COLLECTOR","C4",*,*] :	1	2	3	4	5	6	7	8	9	10	11	12	13	14	15	16 := 
1	0.00010000000000000003	0.00010000000000000003	0.00010000000000000003	0.00010000000000000003	0.00010000000000000003	0.00010000000000000003	0.00010000000000000003	0.00010000000000000003	0.00010000000000000003	0.00010000000000000003	0.00010000000000000003	0.00010000000000000003	0.00010000000000000003	0.00010000000000000003	0.00010000000000000003	0.00010000000000000003
2	0.00010000000000000003	0.00010000000000000003	0.00010000000000000003	0.00010000000000000003	0.00010000000000000003	0.00010000000000000003	0.00010000000000000003	0.00010000000000000003	0.00010000000000000003	0.00010000000000000003	0.00010000000000000003	0.00010000000000000003	0.00010000000000000003	0.00010000000000000003	0.00010000000000000003	0.00010000000000000003
3	0.00010000000000000003	0.00010000000000000003	0.00010000000000000003	0.00010000000000000003	0.00010000000000000003	0.00010000000000000003	0.00010000000000000003	0.00010000000000000003	0.00010000000000000003	0.00010000000000000003	0.00010000000000000003	0.00010000000000000003	0.00010000000000000003	0.00010000000000000003	0.00010000000000000003	0.00010000000000000003
4	0.00010000000000000003	0.00010000000000000003	0.00010000000000000003	0.00010000000000000003	0.00010000000000000003	0.00010000000000000003	0.00010000000000000003	0.00010000000000000003	0.00010000000000000003	0.00010000000000000003	0.00010000000000000003	0.00010000000000000003	0.00010000000000000003	0.00010000000000000003	0.00010000000000000003	0.00010000000000000003
5	0.00010000000000000003	0.00010000000000000003	0.00010000000000000003	0.00010000000000000003	0.00010000000000000003	0.00010000000000000003	0.00010000000000000003	0.00010000000000000003	0.00010000000000000003	0.00010000000000000003	0.00010000000000000003	0.00010000000000000003	0.00010000000000000003	0.00010000000000000003	0.00010000000000000003	0.00010000000000000003
6	0.00010000000000000003	0.00010000000000000003	0.00010000000000000003	0.00010000000000000003	0.00010000000000000003	0.00010000000000000003	0.00010000000000000003	0.00010000000000000003	0.00010000000000000003	0.00010000000000000003	0.00010000000000000003	0.00010000000000000003	0.00010000000000000003	0.00010000000000000003	0.00010000000000000003	0.00010000000000000003
7	0.00010000000000000003	0.00010000000000000003	0.00010000000000000003	0.00010000000000000003	0.00010000000000000003	0.00010000000000000003	0.00010000000000000003	0.00010000000000000003	0.00010000000000000003	0.00010000000000000003	0.00010000000000000003	0.00010000000000000003	0.00010000000000000003	0.00010000000000000003	0.00010000000000000003	0.00010000000000000003
8	0.00010000000000000003	0.00010000000000000003	0.00010000000000000003	0.00010000000000000003	0.00010000000000000003	0.00010000000000000003	0.00010000000000000003	0.00010000000000000003	0.00010000000000000003	0.00010000000000000003	0.00010000000000000003	0.00010000000000000003	0.00010000000000000003	0.00010000000000000003	0.00010000000000000003	0.00010000000000000003
9	0.00010000000000000003	0.00010000000000000003	0.00010000000000000003	0.00010000000000000003	0.00010000000000000003	0.00010000000000000003	0.00010000000000000003	0.00010000000000000003	0.00010000000000000003	0.00010000000000000003	0.00010000000000000003	0.00010000000000000003	0.00010000000000000003	0.00010000000000000003	0.00010000000000000003	0.00010000000000000003
10	0.00010000000000000003	0.00010000000000000003	0.00010000000000000003	0.00010000000000000003	0.00010000000000000003	0.00010000000000000003	0.00010000000000000003	0.00010000000000000003	0.00010000000000000003	0.00010000000000000003	0.00010000000000000003	0.00010000000000000003	0.00010000000000000003	0.00010000000000000003	0.00010000000000000003	0.00010000000000000003
11	0.00010000000000000003	0.00010000000000000003	0.00010000000000000003	0.00010000000000000003	0.00010000000000000003	0.00010000000000000003	0.00010000000000000003	0.00010000000000000003	0.00010000000000000003	0.00010000000000000003	0.00010000000000000003	0.00010000000000000003	0.00010000000000000003	0.00010000000000000003	0.00010000000000000003	0.00010000000000000003
12	0.00010000000000000003	0.00010000000000000003	0.00010000000000000003	0.00010000000000000003	0.00010000000000000003	0.00010000000000000003	0.00010000000000000003	0.00010000000000000003	0.00010000000000000003	0.00010000000000000003	0.00010000000000000003	0.00010000000000000003	0.00010000000000000003	0.00010000000000000003	0.00010000000000000003	0.00010000000000000003
13	0.00010000000000000003	0.00010000000000000003	0.00010000000000000003	0.00010000000000000003	0.00010000000000000003	0.00010000000000000003	0.00010000000000000003	0.00010000000000000003	0.00010000000000000003	0.00010000000000000003	0.00010000000000000003	0.00010000000000000003	0.00010000000000000003	0.00010000000000000003	0.00010000000000000003	0.00010000000000000003
14	0.00010000000000000003	0.00010000000000000003	0.00010000000000000003	0.00010000000000000003	0.00010000000000000003	0.00010000000000000003	0.00010000000000000003	0.00010000000000000003	0.00010000000000000003	0.00010000000000000003	0.00010000000000000003	0.00010000000000000003	0.00010000000000000003	0.00010000000000000003	0.00010000000000000003	0.00010000000000000003
15	0.00010000000000000003	0.00010000000000000003	0.00010000000000000003	0.00010000000000000003	0.00010000000000000003	0.00010000000000000003	0.00010000000000000003	0.00010000000000000003	0.00010000000000000003	0.00010000000000000003	0.00010000000000000003	0.00010000000000000003	0.00010000000000000003	0.00010000000000000003	0.00010000000000000003	0.00010000000000000003
16	0.00010000000000000003	0.00010000000000000003	0.00010000000000000003	0.00010000000000000003	0.00010000000000000003	0.00010000000000000003	0.00010000000000000003	0.00010000000000000003	0.00010000000000000003	0.00010000000000000003	0.00010000000000000003	0.00010000000000000003	0.00010000000000000003	0.00010000000000000003	0.00010000000000000003	0.00010000000000000003
17	0.00010000000000000003	0.00010000000000000003	0.00010000000000000003	0.00010000000000000003	0.00010000000000000003	0.00010000000000000003	0.00010000000000000003	0.00010000000000000003	0.00010000000000000003	0.00010000000000000003	0.00010000000000000003	0.00010000000000000003	0.00010000000000000003	0.00010000000000000003	0.00010000000000000003	0.00010000000000000003
18	0.00010000000000000003	0.00010000000000000003	0.00010000000000000003	0.00010000000000000003	0.00010000000000000003	0.00010000000000000003	0.00010000000000000003	0.00010000000000000003	0.00010000000000000003	0.00010000000000000003	0.00010000000000000003	0.00010000000000000003	0.00010000000000000003	0.00010000000000000003	0.00010000000000000003	0.00010000000000000003
19	0.00010000000000000003	0.00010000000000000003	0.00010000000000000003	0.00010000000000000003	0.00010000000000000003	0.00010000000000000003	0.00010000000000000003	0.00010000000000000003	0.00010000000000000003	0.00010000000000000003	0.00010000000000000003	0.00010000000000000003	0.00010000000000000003	0.00010000000000000003	0.00010000000000000003	0.00010000000000000003
20	0.00010000000000000003	0.00010000000000000003	0.00010000000000000003	0.00010000000000000003	0.00010000000000000003	0.00010000000000000003	0.00010000000000000003	0.00010000000000000003	0.00010000000000000003	0.00010000000000000003	0.00010000000000000003	0.00010000000000000003	0.00010000000000000003	0.00010000000000000003	0.00010000000000000003	0.00010000000000000003
21	0.00010000000000000003	0.00010000000000000003	0.00010000000000000003	0.00010000000000000003	0.00010000000000000003	0.00010000000000000003	0.00010000000000000003	0.00010000000000000003	0.00010000000000000003	0.00010000000000000003	0.00010000000000000003	0.00010000000000000003	0.00010000000000000003	0.00010000000000000003	0.00010000000000000003	0.00010000000000000003
22	0.00010000000000000003	0.00010000000000000003	0.00010000000000000003	0.00010000000000000003	0.00010000000000000003	0.00010000000000000003	0.00010000000000000003	0.00010000000000000003	0.00010000000000000003	0.00010000000000000003	0.00010000000000000003	0.00010000000000000003	0.00010000000000000003	0.00010000000000000003	0.00010000000000000003	0.00010000000000000003
23	0.00010000000000000003	0.00010000000000000003	0.00010000000000000003	0.00010000000000000003	0.00010000000000000003	0.00010000000000000003	0.00010000000000000003	0.00010000000000000003	0.00010000000000000003	0.00010000000000000003	0.00010000000000000003	0.00010000000000000003	0.00010000000000000003	0.00010000000000000003	0.00010000000000000003	0.00010000000000000003
24	0.00010000000000000003	0.00010000000000000003	0.00010000000000000003	0.00010000000000000003	0.00010000000000000003	0.00010000000000000003	0.00010000000000000003	0.00010000000000000003	0.00010000000000000003	0.00010000000000000003	0.00010000000000000003	0.00010000000000000003	0.00010000000000000003	0.00010000000000000003	0.00010000000000000003	0.00010000000000000003
["ST_COLLECTOR","C5",*,*] :	1	2	3	4	5	6	7	8	9	10	11	12	13	14	15	16 := 
1	0.00010000000000000003	0.00010000000000000003	0.00010000000000000003	0.00010000000000000003	0.00010000000000000003	0.00010000000000000003	0.00010000000000000003	0.00010000000000000003	0.00010000000000000003	0.00010000000000000003	0.00010000000000000003	0.00010000000000000003	0.00010000000000000003	0.00010000000000000003	0.00010000000000000003	0.00010000000000000003
2	0.00010000000000000003	0.00010000000000000003	0.00010000000000000003	0.00010000000000000003	0.00010000000000000003	0.00010000000000000003	0.00010000000000000003	0.00010000000000000003	0.00010000000000000003	0.00010000000000000003	0.00010000000000000003	0.00010000000000000003	0.00010000000000000003	0.00010000000000000003	0.00010000000000000003	0.00010000000000000003
3	0.00010000000000000003	0.00010000000000000003	0.00010000000000000003	0.00010000000000000003	0.00010000000000000003	0.00010000000000000003	0.00010000000000000003	0.00010000000000000003	0.00010000000000000003	0.00010000000000000003	0.00010000000000000003	0.00010000000000000003	0.00010000000000000003	0.00010000000000000003	0.00010000000000000003	0.00010000000000000003
4	0.00010000000000000003	0.00010000000000000003	0.00010000000000000003	0.00010000000000000003	0.00010000000000000003	0.00010000000000000003	0.00010000000000000003	0.00010000000000000003	0.00010000000000000003	0.00010000000000000003	0.00010000000000000003	0.00010000000000000003	0.00010000000000000003	0.00010000000000000003	0.00010000000000000003	0.00010000000000000003
5	0.00010000000000000003	0.00010000000000000003	0.00010000000000000003	0.00010000000000000003	0.00010000000000000003	0.00010000000000000003	0.00010000000000000003	0.00010000000000000003	0.00010000000000000003	0.00010000000000000003	0.00010000000000000003	0.00010000000000000003	0.00010000000000000003	0.00010000000000000003	0.00010000000000000003	0.00010000000000000003
6	0.00010000000000000003	0.00010000000000000003	0.00010000000000000003	0.00010000000000000003	0.00010000000000000003	0.00010000000000000003	0.00010000000000000003	0.00010000000000000003	0.00010000000000000003	0.00010000000000000003	0.00010000000000000003	0.00010000000000000003	0.00010000000000000003	0.00010000000000000003	0.00010000000000000003	0.00010000000000000003
7	0.00010000000000000003	0.00010000000000000003	0.00010000000000000003	0.00010000000000000003	0.00010000000000000003	0.00010000000000000003	0.00010000000000000003	0.00010000000000000003	0.00010000000000000003	0.00010000000000000003	0.00010000000000000003	0.00010000000000000003	0.00010000000000000003	0.00010000000000000003	0.00010000000000000003	0.00010000000000000003
8	0.00010000000000000003	0.00010000000000000003	0.00010000000000000003	0.00010000000000000003	0.00010000000000000003	0.00010000000000000003	0.00010000000000000003	0.00010000000000000003	0.00010000000000000003	0.00010000000000000003	0.00010000000000000003	0.00010000000000000003	0.00010000000000000003	0.00010000000000000003	0.00010000000000000003	0.00010000000000000003
9	0.00010000000000000003	0.00010000000000000003	0.00010000000000000003	0.00010000000000000003	0.00010000000000000003	0.00010000000000000003	0.00010000000000000003	0.00010000000000000003	0.00010000000000000003	0.00010000000000000003	0.00010000000000000003	0.00010000000000000003	0.00010000000000000003	0.00010000000000000003	0.00010000000000000003	0.00010000000000000003
10	0.00010000000000000003	0.00010000000000000003	0.00010000000000000003	0.00010000000000000003	0.00010000000000000003	0.00010000000000000003	0.00010000000000000003	0.00010000000000000003	0.00010000000000000003	0.00010000000000000003	0.00010000000000000003	0.00010000000000000003	0.00010000000000000003	0.00010000000000000003	0.00010000000000000003	0.00010000000000000003
11	0.00010000000000000003	0.00010000000000000003	0.00010000000000000003	0.00010000000000000003	0.00010000000000000003	0.00010000000000000003	0.00010000000000000003	0.00010000000000000003	0.00010000000000000003	0.00010000000000000003	0.00010000000000000003	0.00010000000000000003	0.00010000000000000003	0.00010000000000000003	0.00010000000000000003	0.00010000000000000003
12	0.00010000000000000003	0.00010000000000000003	0.00010000000000000003	0.00010000000000000003	0.00010000000000000003	0.00010000000000000003	0.00010000000000000003	0.00010000000000000003	0.00010000000000000003	0.00010000000000000003	0.00010000000000000003	0.00010000000000000003	0.00010000000000000003	0.00010000000000000003	0.00010000000000000003	0.00010000000000000003
13	0.00010000000000000003	0.00010000000000000003	0.00010000000000000003	0.00010000000000000003	0.00010000000000000003	0.00010000000000000003	0.00010000000000000003	0.00010000000000000003	0.00010000000000000003	0.00010000000000000003	0.00010000000000000003	0.00010000000000000003	0.00010000000000000003	0.00010000000000000003	0.00010000000000000003	0.00010000000000000003
14	0.00010000000000000003	0.00010000000000000003	0.00010000000000000003	0.00010000000000000003	0.00010000000000000003	0.00010000000000000003	0.00010000000000000003	0.00010000000000000003	0.00010000000000000003	0.00010000000000000003	0.00010000000000000003	0.00010000000000000003	0.00010000000000000003	0.00010000000000000003	0.00010000000000000003	0.00010000000000000003
15	0.00010000000000000003	0.00010000000000000003	0.00010000000000000003	0.00010000000000000003	0.00010000000000000003	0.00010000000000000003	0.00010000000000000003	0.00010000000000000003	0.00010000000000000003	0.00010000000000000003	0.00010000000000000003	0.00010000000000000003	0.00010000000000000003	0.00010000000000000003	0.00010000000000000003	0.00010000000000000003
16	0.00010000000000000003	0.00010000000000000003	0.00010000000000000003	0.00010000000000000003	0.00010000000000000003	0.00010000000000000003	0.00010000000000000003	0.00010000000000000003	0.00010000000000000003	0.00010000000000000003	0.00010000000000000003	0.00010000000000000003	0.00010000000000000003	0.00010000000000000003	0.00010000000000000003	0.00010000000000000003
17	0.00010000000000000003	0.00010000000000000003	0.00010000000000000003	0.00010000000000000003	0.00010000000000000003	0.00010000000000000003	0.00010000000000000003	0.00010000000000000003	0.00010000000000000003	0.00010000000000000003	0.00010000000000000003	0.00010000000000000003	0.00010000000000000003	0.00010000000000000003	0.00010000000000000003	0.00010000000000000003
18	0.00010000000000000003	0.00010000000000000003	0.00010000000000000003	0.00010000000000000003	0.00010000000000000003	0.00010000000000000003	0.00010000000000000003	0.00010000000000000003	0.00010000000000000003	0.00010000000000000003	0.00010000000000000003	0.00010000000000000003	0.00010000000000000003	0.00010000000000000003	0.00010000000000000003	0.00010000000000000003
19	0.00010000000000000003	0.00010000000000000003	0.00010000000000000003	0.00010000000000000003	0.00010000000000000003	0.00010000000000000003	0.00010000000000000003	0.00010000000000000003	0.00010000000000000003	0.00010000000000000003	0.00010000000000000003	0.00010000000000000003	0.00010000000000000003	0.00010000000000000003	0.00010000000000000003	0.00010000000000000003
20	0.00010000000000000003	0.00010000000000000003	0.00010000000000000003	0.00010000000000000003	0.00010000000000000003	0.00010000000000000003	0.00010000000000000003	0.00010000000000000003	0.00010000000000000003	0.00010000000000000003	0.00010000000000000003	0.00010000000000000003	0.00010000000000000003	0.00010000000000000003	0.00010000000000000003	0.00010000000000000003
21	0.00010000000000000003	0.00010000000000000003	0.00010000000000000003	0.00010000000000000003	0.00010000000000000003	0.00010000000000000003	0.00010000000000000003	0.00010000000000000003	0.00010000000000000003	0.00010000000000000003	0.00010000000000000003	0.00010000000000000003	0.00010000000000000003	0.00010000000000000003	0.00010000000000000003	0.00010000000000000003
22	0.00010000000000000003	0.00010000000000000003	0.00010000000000000003	0.00010000000000000003	0.00010000000000000003	0.00010000000000000003	0.00010000000000000003	0.00010000000000000003	0.00010000000000000003	0.00010000000000000003	0.00010000000000000003	0.00010000000000000003	0.00010000000000000003	0.00010000000000000003	0.00010000000000000003	0.00010000000000000003
23	0.00010000000000000003	0.00010000000000000003	0.00010000000000000003	0.00010000000000000003	0.00010000000000000003	0.00010000000000000003	0.00010000000000000003	0.00010000000000000003	0.00010000000000000003	0.00010000000000000003	0.00010000000000000003	0.00010000000000000003	0.00010000000000000003	0.00010000000000000003	0.00010000000000000003	0.00010000000000000003
24	0.00010000000000000003	0.00010000000000000003	0.00010000000000000003	0.00010000000000000003	0.00010000000000000003	0.00010000000000000003	0.00010000000000000003	0.00010000000000000003	0.00010000000000000003	0.00010000000000000003	0.00010000000000000003	0.00010000000000000003	0.00010000000000000003	0.00010000000000000003	0.00010000000000000003	0.00010000000000000003
;
